// anim_ripple.h を tools/pack_anim_frames.py で圧縮したもの（自動生成・手で編集しないこと）。
// 180コマ、元 92160 バイト → 33902 バイト。
static const uint8_t anim_ripple_data[33902] = {
    0x00, 0x95, 0x00, 0x0C, 0xE0, 0x10, 0x0C, 0x06, 0x63, 0x10, 0x08, 0x04, 0xC6, 0x41, 0x31, 0x11, 0x88, 0x80, 0x04, 0x08, 0x22, 0x00, 0x22, 0x00,
    0x02, 0x00, 0x22, 0x00, 0x20, 0x80, 0x04, 0x0C, 0x08, 0x10, 0x21, 0x43, 0x86, 0x04, 0x18, 0x31, 0xE3, 0x00, 0x08, 0x31, 0xE0, 0xC5, 0x00, 0x00,
    0x01, 0x89, 0x00, 0x18, 0xF8, 0x03, 0x00, 0xD8, 0x0F, 0x81, 0x00, 0xD8, 0x0E, 0x81, 0x80, 0x50, 0x8C, 0x01, 0x80, 0x10, 0x08, 0x04, 0x02, 0x00,
    0x00, 0x01, 0x00, 0x00, 0x02, 0x80, 0x00, 0x10, 0x08, 0x10, 0x00, 0x00, 0x08, 0x70, 0x00, 0x01, 0x0E, 0xF0, 0x00, 0x01, 0x0E, 0xF0, 0x00, 0x01,
    0xF8, 0xD0, 0x00, 0x14, 0x7E, 0x00, 0x00, 0x1D, 0xE0, 0x00, 0x00, 0x1D, 0xC0, 0x00, 0x03, 0x15, 0x60, 0x00, 0x02, 0x10, 0x20, 0x40, 0x80, 0x00,
    0x07, 0x80, 0x00, 0x00, 0x80, 0x85, 0x00, 0x0B, 0x01, 0x00, 0x80, 0x38, 0x07, 0x00, 0xC0, 0xFE, 0x17, 0x00, 0x80, 0x7F, 0x8F, 0x00, 0x00, 0x70,
    0xBE, 0x00, 0x2A, 0x03, 0x0C, 0x10, 0x60, 0x87, 0x0C, 0x10, 0x20, 0x43, 0x86, 0x08, 0x10, 0x31, 0x22, 0x40, 0x00, 0x00, 0x88, 0x00, 0x00, 0x10,
    0x18, 0x01, 0x81, 0x00, 0x08, 0x44, 0x06, 0x40, 0x20, 0x10, 0x18, 0x04, 0xC3, 0x41, 0x30, 0x1C, 0x8E, 0xC1, 0x60, 0x10, 0x0E, 0x01, 0xBB, 0x00,
    0x00, 0x93, 0x00, 0x2C, 0xC0, 0x30, 0x08, 0x84, 0xC3, 0x31, 0x18, 0x04, 0x82, 0x41, 0x31, 0x10, 0x08, 0x04, 0x42, 0x00, 0x22, 0x11, 0x01, 0x01,
    0x88, 0x01, 0x88, 0x01, 0x89, 0x11, 0x11, 0x00, 0x02, 0x02, 0x46, 0x04, 0x08, 0x10, 0x21, 0xC1, 0x86, 0x04, 0x18, 0x71, 0x82, 0x04, 0x08, 0x74,
    0x80, 0xC3, 0x00, 0x00, 0x01, 0x87, 0x00, 0x12, 0xE0, 0x0C, 0x01, 0x00, 0xFC, 0x05, 0x00, 0x40, 0xBC, 0x05, 0x80, 0x40, 0xA8, 0x84, 0x41, 0xC0,
    0x00, 0x04, 0x02, 0x8A, 0x00, 0x00, 0x38, 0x80, 0x00, 0x0C, 0xF8, 0x00, 0x01, 0x00, 0xFC, 0x00, 0x01, 0x00, 0xF8, 0x00, 0x01, 0x16, 0xE0, 0xCC,
    0x00, 0x12, 0x1F, 0xC0, 0x00, 0x03, 0x7E, 0xC0, 0x00, 0x07, 0x78, 0x80, 0x00, 0x05, 0x20, 0x40, 0x01, 0x05, 0x00, 0x40, 0x80, 0x80, 0x00, 0x00,
    0x07, 0x8C, 0x00, 0x0A, 0x80, 0x40, 0x2F, 0x00, 0x80, 0x70, 0x3F, 0x00, 0x00, 0xF0, 0x0F, 0x8D, 0x00, 0x00, 0x70, 0xBC, 0x00, 0x2D, 0x01, 0x06,
    0x10, 0x20, 0xC1, 0x0E, 0x10, 0x20, 0x41, 0x86, 0x04, 0x18, 0x00, 0x61, 0x40, 0x84, 0x00, 0x08, 0x10, 0x00, 0x00, 0x22, 0x00, 0x20, 0x00, 0x02,
    0x01, 0x00, 0x10, 0x18, 0x04, 0x86, 0x40, 0x60, 0x30, 0x18, 0x84, 0xC3, 0x60, 0x38, 0x0C, 0x87, 0x41, 0x30, 0x18, 0x07, 0xBA, 0x00, 0x01, 0x91,
    0x00, 0x2F, 0x80, 0x40, 0xD8, 0x34, 0xCB, 0xC5, 0xFB, 0x35, 0x9E, 0x45, 0xB3, 0x51, 0x3D, 0x14, 0x0A, 0x05, 0x43, 0x11, 0x2A, 0x11, 0x01, 0x45,
    0x88, 0x05, 0x88, 0x05, 0x89, 0x11, 0x11, 0x00, 0x0A, 0x02, 0x47, 0x05, 0x8E, 0x14, 0x29, 0xD1, 0xE7, 0x46, 0x1E, 0x7D, 0xBA, 0x65, 0x0A, 0x70,
    0xBB, 0x60, 0xCC, 0x00, 0x13, 0x70, 0xE3, 0x0C, 0xF1, 0x16, 0xFF, 0x05, 0xF0, 0x56, 0xBF, 0x05, 0x30, 0x44, 0x2B, 0x84, 0xE1, 0x40, 0x42, 0x85,
    0x02, 0x8A, 0x00, 0x11, 0x38, 0x14, 0x20, 0x00, 0xF8, 0x1C, 0xA1, 0x00, 0xFC, 0xDC, 0xF1, 0x00, 0xF9, 0xDC, 0xE1, 0x16, 0xE7, 0xF8, 0xCA, 0x00,
    0x13, 0x7F, 0x9F, 0xC0, 0x1F, 0x73, 0x7E, 0xC0, 0x1F, 0x47, 0x78, 0x80, 0x1A, 0x45, 0xA0, 0x40, 0x09, 0x05, 0x81, 0x40, 0x80, 0x90, 0x00, 0x0B,
    0x82, 0x40, 0xEF, 0x5D, 0x83, 0x70, 0xFF, 0x5D, 0x03, 0xF0, 0xCF, 0x5D, 0xCB, 0x00, 0x30, 0x03, 0x0D, 0x36, 0x50, 0xA7, 0xCD, 0x3E, 0x50, 0xA3,
    0x45, 0x9E, 0x34, 0x79, 0x40, 0xE1, 0x40, 0x94, 0x01, 0x28, 0x10, 0x40, 0x44, 0x22, 0x00, 0x60, 0x40, 0x02, 0x05, 0x02, 0x10, 0x38, 0x14, 0x9E,
    0x44, 0xE2, 0x71, 0x78, 0x94, 0xCF, 0x65, 0xF8, 0x7C, 0x9F, 0x47, 0xB3, 0x58, 0x37, 0x04, 0x03, 0xB8, 0x00, 0x01, 0x90, 0x00, 0x32, 0x40, 0xB0,
    0x4C, 0x9A, 0x45, 0xF3, 0x4D, 0x3E, 0x45, 0xA6, 0x51, 0x39, 0x14, 0xCE, 0x05, 0x02, 0x01, 0x09, 0x15, 0x08, 0x00, 0x22, 0x44, 0x02, 0x04, 0x00,
    0x04, 0x02, 0x00, 0x22, 0x00, 0x08, 0x00, 0x09, 0x01, 0x87, 0x45, 0x8A, 0x14, 0x69, 0x72, 0x67, 0x0C, 0x3E, 0x7D, 0x72, 0xC5, 0x39, 0x64, 0x70,
    0xC0, 0xC8, 0x00, 0x17, 0x40, 0x3E, 0x71, 0x03, 0xDC, 0xF3, 0x16, 0x03, 0x5C, 0xF3, 0x16, 0x03, 0x50, 0xB2, 0x05, 0x83, 0x90, 0xA0, 0x00, 0x42,
    0x01, 0x80, 0x40, 0x80, 0x89, 0x00, 0x11, 0x14, 0x28, 0x10, 0x00, 0x1C, 0xA6, 0x50, 0x00, 0xDC, 0xF6, 0x70, 0x01, 0xDC, 0xE6, 0xF0, 0x07, 0xF9,
    0x3E, 0xC7, 0x00, 0x16, 0x05, 0xF8, 0x7F, 0x80, 0x1D, 0x9F, 0x70, 0x00, 0x15, 0x9F, 0x40, 0x00, 0x14, 0x9A, 0x40, 0x80, 0x10, 0x08, 0x00, 0x81,
    0x00, 0x00, 0x01, 0x8F, 0x00, 0x0D, 0x02, 0x01, 0xC0, 0x5D, 0xB3, 0x17, 0xC0, 0xDD, 0xFB, 0x17, 0xC0, 0x5D, 0xF8, 0x05, 0xC8, 0x00, 0x32, 0x07,
    0x1B, 0x4C, 0xB3, 0x44, 0x9F, 0x4C, 0xB1, 0x44, 0x8B, 0x14, 0x78, 0x71, 0xE5, 0x40, 0x90, 0x00, 0x30, 0x41, 0x20, 0x00, 0xC8, 0x44, 0x00, 0x10,
    0x40, 0x40, 0x80, 0x04, 0x0A, 0x04, 0x20, 0x50, 0x38, 0x14, 0x9A, 0x45, 0xE2, 0x50, 0x3C, 0x15, 0xCE, 0xF1, 0x78, 0x36, 0x8F, 0x45, 0xB1, 0x64,
    0x1B, 0x05, 0xB7, 0x00, 0x00, 0x8F, 0x00, 0x15, 0x60, 0x10, 0x06, 0xC1, 0x30, 0x10, 0x0E, 0x01, 0xA1, 0x10, 0x08, 0x04, 0x82, 0x01, 0x00, 0x00,
    0x08, 0x00, 0x02, 0x00, 0x00, 0x01, 0x86, 0x00, 0x15, 0x01, 0x00, 0x00, 0x42, 0x04, 0x00, 0x00, 0x21, 0x41, 0x02, 0x04, 0x18, 0x10, 0x01, 0x02,
    0x0C, 0x18, 0xE0, 0x01, 0x06, 0x19, 0x60, 0xBF, 0x00, 0x00, 0x01, 0x83, 0x00, 0x0D, 0xF8, 0x05, 0x00, 0x60, 0xBE, 0x01, 0x00, 0x40, 0x2E, 0x01,
    0x00, 0x40, 0x2C, 0x01, 0x84, 0x00, 0x07, 0x80, 0x00, 0x80, 0x00, 0x80, 0x80, 0x40, 0x80, 0x88, 0x00, 0x04, 0x28, 0x40, 0x20, 0x40, 0xFC, 0x80,
    0x00, 0x08, 0xFE, 0x00, 0x00, 0x01, 0xFC, 0x00, 0x00, 0x07, 0xF8, 0xC4, 0x00, 0x0C, 0x3F, 0xC0, 0x00, 0x07, 0xFA, 0x00, 0x00, 0x07, 0x68, 0x00,
    0x00, 0x05, 0x60, 0x8A, 0x00, 0x01, 0x07, 0x01, 0x8A, 0x00, 0x02, 0x02, 0x00, 0x02, 0x80, 0x00, 0x09, 0x40, 0x3F, 0x00, 0x00, 0x60, 0x3F, 0x00,
    0x00, 0x40, 0x3F, 0x89, 0x00, 0x00, 0x70, 0xB8, 0x00, 0x0D, 0x01, 0x0C, 0x30, 0xC0, 0x05, 0x18, 0x30, 0xC0, 0x01, 0x0C, 0x10, 0x20, 0x41, 0x82,
    0x82, 0x00, 0x00, 0x80, 0x84, 0x00, 0x00, 0x20, 0x81, 0x00, 0x16, 0x10, 0x08, 0x00, 0x80, 0x40, 0x20, 0x10, 0x08, 0x04, 0x80, 0x40, 0x30, 0x1C,
    0x02, 0xC1, 0x60, 0x18, 0x0E, 0x01, 0xC0, 0x10, 0x0C, 0x01, 0xB5, 0x00, 0x00, 0x8D, 0x00, 0x13, 0xC0, 0x10, 0x0C, 0x03, 0xE0, 0x10, 0x0C, 0x03,
    0xC1, 0x50, 0x08, 0x04, 0x82, 0x41, 0x20, 0x00, 0x08, 0x04, 0x02, 0x01, 0x8F, 0x00, 0x12, 0x02, 0x00, 0x00, 0x10, 0x20, 0x01, 0x02, 0x0C, 0x18,
    0x40, 0x01, 0x04, 0x1C, 0x70, 0x80, 0x01, 0x0C, 0x70, 0xC0, 0xBD, 0x00, 0x00, 0x01, 0x82, 0x00, 0x0C, 0x54, 0x01, 0x00, 0xF8, 0x07, 0x00, 0x00,
    0xF8, 0x05, 0x00, 0x00, 0xA0, 0x04, 0x8C, 0x00, 0x07, 0x80, 0x00, 0x80, 0x00, 0x80, 0x80, 0x40, 0x80, 0x83, 0x00, 0x10, 0x44, 0x20, 0x40, 0x00,
    0x14, 0xA0, 0x00, 0x00, 0x1C, 0xF8, 0x00, 0x00, 0x0C, 0xF8, 0x00, 0x01, 0xDC, 0xC2, 0x00, 0x0C, 0x75, 0x00, 0x00, 0x1F, 0x40, 0x00, 0x00, 0x1F,
    0x40, 0x00, 0x00, 0x1A, 0x40, 0x8B, 0x00, 0x00, 0x07, 0x83, 0x00, 0x00, 0x01, 0x84, 0x00, 0x10, 0x01, 0x00, 0x01, 0x00, 0x00, 0x02, 0x00, 0x80,
    0x54, 0x0B, 0x00, 0x80, 0x5C, 0x03, 0x00, 0x00, 0x5D, 0x88, 0x00, 0x00, 0x70, 0xB7, 0x00, 0x12, 0x06, 0x10, 0x40, 0x01, 0x0E, 0x10, 0x60, 0x01,
    0x06, 0x10, 0x20, 0x40, 0x82, 0x04, 0x18, 0x00, 0x40, 0x00, 0x80, 0x87, 0x00, 0x00, 0x40, 0x81, 0x00, 0x16, 0x20, 0x10, 0x00, 0x00, 0x80, 0x40,
    0x20, 0x10, 0x08, 0x00, 0xC0, 0x40, 0x38, 0x04, 0x83, 0xC0, 0x30, 0x14, 0x07, 0x80, 0x60, 0x10, 0x07, 0xB4, 0x00, 0x00, 0x8C, 0x00, 0x12, 0x60,
    0x18, 0x04, 0xC1, 0x70, 0x0C, 0x04, 0x83, 0x40, 0x28, 0x04, 0x02, 0x41, 0x20, 0x10, 0x08, 0x00, 0x02, 0x01, 0x91, 0x00, 0x00, 0x01, 0x80, 0x00,
    0x0F, 0x08, 0x10, 0x20, 0x01, 0x06, 0x04, 0x20, 0x40, 0x01, 0x06, 0x38, 0x40, 0x00, 0x06, 0x18, 0xC0, 0xC0, 0x00, 0x0D, 0xD0, 0x0F, 0x00, 0x00,
    0x5C, 0x03, 0x00, 0x00, 0x54, 0x03, 0x00, 0x00, 0x50, 0x02, 0x95, 0x00, 0x0C, 0x80, 0x00, 0x80, 0x00, 0x80, 0x80, 0xC0, 0xC2, 0x90, 0x00, 0x00,
    0x02, 0x50, 0x80, 0x00, 0x00, 0x74, 0x80, 0x00, 0x04, 0x74, 0x00, 0x00, 0x0F, 0x50, 0xA6, 0x00, 0x00, 0x20, 0x94, 0x00, 0x0D, 0x1D, 0xE0, 0x00,
    0x00, 0x5D, 0x80, 0x00, 0x00, 0x55, 0x80, 0x00, 0x00, 0x14, 0x80, 0x9B, 0x00, 0x01, 0x01, 0x01, 0x81, 0x00, 0x0C, 0x01, 0x00, 0x00, 0xA0, 0x17,
    0x00, 0x00, 0xF0, 0x17, 0x00, 0x00, 0xE0, 0x17, 0xBF, 0x00, 0x12, 0x03, 0x04, 0x60, 0x80, 0x03, 0x14, 0x60, 0xC0, 0x03, 0x04, 0x30, 0x40, 0x80,
    0x04, 0x08, 0x00, 0x20, 0x00, 0x80, 0x90, 0x00, 0x00, 0x20, 0x80, 0x00, 0x12, 0x80, 0x40, 0x20, 0x10, 0x00, 0x80, 0xC0, 0x50, 0x08, 0x05, 0x80,
    0x60, 0x38, 0x05, 0x03, 0x40, 0x30, 0x0C, 0x03, 0xB2, 0x00, 0x00, 0x8A, 0x00, 0x12, 0xC0, 0x30, 0x04, 0x03, 0x40, 0x38, 0x04, 0x03, 0x40, 0x30,
    0x00, 0x02, 0x01, 0x00, 0x10, 0x08, 0x04, 0x02, 0x01, 0x98, 0x00, 0x0F, 0x04, 0x08, 0x00, 0x00, 0x01, 0x06, 0x10, 0x20, 0x00, 0x03, 0x1C, 0x70,
    0x00, 0x81, 0x0C, 0x30, 0xBE, 0x00, 0x0D, 0xFC, 0x01, 0x00, 0x60, 0x2F, 0x01, 0x00, 0x40, 0x2E, 0x01, 0x00, 0x00, 0x08, 0x01, 0x9B, 0x00, 0x04,
    0x80, 0xC0, 0xE0, 0xC0, 0x88, 0x80, 0x00, 0x00, 0xFE, 0x80, 0x00, 0x08, 0xFE, 0x40, 0x00, 0x00, 0xFE, 0x40, 0x00, 0x03, 0xFC, 0xA5, 0x00, 0x00,
    0x20, 0x93, 0x00, 0x0C, 0x7F, 0x00, 0x00, 0x07, 0xE8, 0x00, 0x00, 0x05, 0xE0, 0x00, 0x00, 0x01, 0x60, 0x9D, 0x00, 0x02, 0x01, 0x03, 0x01, 0x84,
    0x00, 0x09, 0x40, 0x3F, 0x00, 0x00, 0x40, 0xFF, 0x01, 0x00, 0x00, 0x7F, 0xBD, 0x00, 0x11, 0x05, 0x38, 0x40, 0x01, 0x0C, 0x38, 0x40, 0x80, 0x04,
    0x18, 0x00, 0x80, 0x01, 0x00, 0x10, 0x20, 0x40, 0x80, 0x92, 0x00, 0x02, 0x80, 0x40, 0x20, 0x80, 0x00, 0x02, 0x80, 0x40, 0x20, 0x80, 0x00, 0x0B,
    0x60, 0x10, 0x0A, 0x01, 0xC0, 0x50, 0x1C, 0x05, 0x80, 0x40, 0x38, 0x07, 0xB1, 0x00, 0x00, 0x89, 0x00, 0x10, 0xE0, 0x1C, 0x02, 0x00, 0xF0, 0x14,
    0x03, 0x01, 0xE0, 0x10, 0x08, 0x01, 0x80, 0x00, 0x08, 0x00, 0x02, 0x9C, 0x00, 0x02, 0x02, 0x04, 0x08, 0x80, 0x00, 0x0A, 0x08, 0x10, 0x00, 0x01,
    0x0E, 0x30, 0x60, 0x00, 0x07, 0x1C, 0xE0, 0xBA, 0x00, 0x0C, 0x80, 0x17, 0x00, 0x00, 0xFC, 0x05, 0x00, 0x00, 0xB8, 0x01, 0x00, 0x00, 0xA0, 0x9D,
    0x00, 0x06, 0x80, 0xC0, 0xE0, 0xE0, 0x60, 0xC0, 0x04, 0x80, 0x00, 0x05, 0x04, 0xA0, 0x00, 0x00, 0x04, 0xF8, 0x80, 0x00, 0x04, 0xF8, 0x00, 0x00,
    0x1D, 0x80, 0xA3, 0x00, 0x00, 0x20, 0x91, 0x00, 0x04, 0x02, 0x50, 0x00, 0x00, 0x3F, 0x80, 0x00, 0x00, 0x3B, 0x80, 0x00, 0x00, 0x0A, 0x9E, 0x00,
    0x04, 0x01, 0x03, 0x02, 0x03, 0x01, 0x82, 0x00, 0x0C, 0x02, 0x00, 0x00, 0x54, 0x0B, 0x00, 0x00, 0x58, 0x0F, 0x00, 0x00, 0xD0, 0x02, 0xB9, 0x00,
    0x11, 0x01, 0x0E, 0x40, 0x80, 0x03, 0x1C, 0x40, 0x80, 0x01, 0x0E, 0x10, 0x00, 0x00, 0x02, 0x00, 0x20, 0x00, 0x80, 0x96, 0x00, 0x00, 0x80, 0x82,
    0x00, 0x01, 0x80, 0x40, 0x80, 0x00, 0x0C, 0x40, 0x20, 0x14, 0x02, 0x80, 0xE0, 0x10, 0x0F, 0x01, 0x80, 0x70, 0x0E, 0x01, 0xAF, 0x00, 0x00, 0x87,
    0x00, 0x0B, 0x80, 0x10, 0x06, 0x01, 0xE0, 0x10, 0x0E, 0x01, 0x80, 0x10, 0x0C, 0x04, 0x81, 0x00, 0x01, 0x02, 0x01, 0x9F, 0x00, 0x00, 0x02, 0x80,
    0x00, 0x0C, 0x01, 0x04, 0x08, 0x00, 0x00, 0x03, 0x1C, 0x50, 0x80, 0x01, 0x0E, 0x10, 0x80, 0xB7, 0x00, 0x0C, 0xD0, 0x03, 0x00, 0x00, 0x5C, 0x02,
    0x00, 0x00, 0x54, 0x02, 0x00, 0x00, 0x10, 0x9D, 0x00, 0x08, 0x80, 0xE0, 0xD0, 0xD0, 0xE8, 0x90, 0x10, 0x60, 0x80, 0x81, 0x00, 0x00, 0x50, 0x80,
    0x00, 0x00, 0x74, 0x80, 0x00, 0x04, 0x74, 0x00, 0x00, 0x03, 0x70, 0xA2, 0x00, 0x00, 0x20, 0x90, 0x00, 0x04, 0x1D, 0x80, 0x00, 0x00, 0xD5, 0x80,
    0x00, 0x04, 0x54, 0x80, 0x00, 0x00, 0x14, 0x9D, 0x00, 0x07, 0x01, 0x03, 0x04, 0x0D, 0x09, 0x04, 0x04, 0x03, 0x82, 0x00, 0x0C, 0x01, 0x00, 0x00,
    0xA0, 0x15, 0x00, 0x00, 0xE0, 0x17, 0x00, 0x00, 0x80, 0x17, 0xB7, 0x00, 0x0A, 0x03, 0x10, 0xC0, 0x00, 0x06, 0x30, 0xC0, 0x00, 0x02, 0x10, 0x60,
    0xA0, 0x00, 0x00, 0x80, 0x86, 0x00, 0x0C, 0x80, 0x40, 0x20, 0x04, 0x02, 0x40, 0x70, 0x1C, 0x03, 0x00, 0xC0, 0x18, 0x03, 0xAE, 0x00, 0x00, 0x86,
    0x00, 0x0D, 0x40, 0x08, 0x03, 0x80, 0x50, 0x08, 0x01, 0x00, 0x40, 0x28, 0x04, 0x02, 0x00, 0x20, 0xA5, 0x00, 0x01, 0x01, 0x06, 0x80, 0x00, 0x0B,
    0x02, 0x04, 0x00, 0x00, 0x81, 0x0D, 0x38, 0x00, 0x00, 0x05, 0x18, 0x40, 0xB5, 0x00, 0x08, 0xBE, 0x00, 0x00, 0x50, 0x0F, 0x00, 0x00, 0x40, 0x2E,
    0x9B, 0x00, 0x01, 0x80, 0x80, 0x81, 0x00, 0x0B, 0xE0, 0xB0, 0x88, 0xC4, 0xE4, 0xB4, 0x64, 0xCC, 0x08, 0x30, 0xE0, 0x08, 0x80, 0x00, 0x00, 0xEA,
    0x80, 0x00, 0x08, 0xFE, 0x40, 0x00, 0x00, 0x0E, 0xD0, 0x00, 0x00, 0xFE, 0xA1, 0x00, 0x00, 0x20, 0x8F, 0x00, 0x08, 0xFA, 0x00, 0x00, 0x15, 0xE0,
    0x00, 0x00, 0x05, 0xA0, 0xA1, 0x00, 0x0A, 0x03, 0x04, 0x08, 0x11, 0x13, 0x12, 0x13, 0x19, 0x08, 0x06, 0x03, 0x85, 0x00, 0x00, 0xBF, 0x80, 0x00,
    0x04, 0xFF, 0x05, 0x00, 0x00, 0xFF, 0xB5, 0x00, 0x0B, 0x0C, 0x60, 0x00, 0x03, 0x1C, 0x60, 0x00, 0x00, 0x04, 0x00, 0x40, 0x80, 0xAC, 0x00, 0x0B,
    0x80, 0x40, 0x08, 0x01, 0x00, 0x40, 0x38, 0x07, 0x00, 0x80, 0x30, 0x06, 0xAD, 0x00, 0x00, 0x85, 0x00, 0x0B, 0x30, 0x04, 0x01, 0x40, 0x38, 0x04,
    0x03, 0x00, 0x20, 0x04, 0x02, 0x01, 0xAE, 0x00, 0x0B, 0x01, 0x02, 0x10, 0x80, 0x00, 0x03, 0x14, 0x60, 0x00, 0x01, 0x06, 0x30, 0xB2, 0x00, 0x09,
    0xA0, 0x05, 0x00, 0x00, 0xBC, 0x01, 0x00, 0x00, 0xA8, 0x01, 0x9D, 0x00, 0x10, 0x80, 0x80, 0x00, 0x00, 0xF0, 0x08, 0x84, 0xE2, 0xF2, 0xB2, 0x9A,
    0x12, 0x32, 0xE6, 0x04, 0x08, 0xF0, 0x81, 0x00, 0x01, 0x04, 0xA0, 0x80, 0x00, 0x00, 0xA8, 0x80, 0x00, 0x04, 0xF8, 0x00, 0x00, 0x05, 0xE0, 0x9F,
    0x00, 0x00, 0x20, 0x8D, 0x00, 0x00, 0x0F, 0x80, 0x00, 0x00, 0x7B, 0x80, 0x00, 0x00, 0x0A, 0xA2, 0x00, 0x0C, 0x07, 0x08, 0x10, 0x23, 0x27, 0x26,
    0x34, 0x24, 0x26, 0x23, 0x10, 0x0C, 0x07, 0x85, 0x00, 0x09, 0x50, 0x0B, 0x00, 0x00, 0xD0, 0x2F, 0x00, 0x00, 0xC0, 0x0F, 0xB1, 0x00, 0x0B, 0x03,
    0x38, 0x40, 0x00, 0x05, 0x38, 0x40, 0x00, 0x01, 0x08, 0x00, 0x80, 0xB0, 0x00, 0x0B, 0x80, 0x10, 0x0A, 0x00, 0x80, 0x70, 0x0E, 0x01, 0x00, 0x40,
    0x38, 0x01, 0xAB, 0x00, 0x00, 0x83, 0x00, 0x0B, 0xE0, 0x10, 0x03, 0x00, 0xA0, 0x14, 0x02, 0x00, 0x80, 0x10, 0x00, 0x01, 0xA3, 0x00, 0x81, 0x80,
    0x88, 0x00, 0x0B, 0x01, 0x08, 0x00, 0x00, 0x01, 0x0E, 0x10, 0x00, 0x00, 0x07, 0x18, 0xE0, 0x89, 0x00, 0x00, 0x38, 0xA2, 0x00, 0x00, 0x5C, 0x80,
    0x00, 0x00, 0x55, 0x80, 0x00, 0x00, 0x54, 0xA1, 0x00, 0x06, 0xE0, 0x98, 0x04, 0xC2, 0x71, 0x99, 0x88, 0x80, 0xCC, 0x06, 0x09, 0x19, 0xF3, 0xC2,
    0x04, 0x18, 0xC0, 0x81, 0x00, 0x00, 0x50, 0x80, 0x00, 0x00, 0x54, 0x80, 0x00, 0x04, 0x54, 0x80, 0x00, 0x01, 0x74, 0xAE, 0x00, 0x04, 0x55, 0x00,
    0x00, 0x01, 0x54, 0x80, 0x00, 0x00, 0x54, 0x99, 0x00, 0x00, 0x02, 0x84, 0x00, 0x10, 0x03, 0x0C, 0x10, 0x21, 0x47, 0x4C, 0x89, 0x99, 0xB5, 0x99,
    0x48, 0x4C, 0x47, 0x21, 0x18, 0x0C, 0x03, 0x81, 0x00, 0x08, 0x01, 0x00, 0x00, 0x80, 0x15, 0x00, 0x00, 0x80, 0x57, 0x80, 0x00, 0x02, 0x77, 0x00,
    0x70, 0x9F, 0x00, 0x00, 0x80, 0x8A, 0x00, 0x09, 0x0E, 0x70, 0x80, 0x01, 0x0A, 0x50, 0x80, 0x00, 0x02, 0x10, 0xB5, 0x00, 0x0A, 0x20, 0x04, 0x02,
    0x00, 0xE0, 0x18, 0x0B, 0x00, 0x80, 0x50, 0x0F, 0xAA, 0x00, 0x00, 0x81, 0x00, 0x0A, 0x80, 0x50, 0x06, 0x01, 0x80, 0x50, 0x0A, 0x01, 0x00, 0x40,
    0x08, 0xA3, 0x00, 0x01, 0x80, 0x80, 0x84, 0x40, 0x01, 0x80, 0x80, 0x81, 0x00, 0x00, 0x02, 0x80, 0x00, 0x01, 0x01, 0x04, 0x80, 0x00, 0x07, 0x01,
    0x18, 0x00, 0x00, 0x01, 0x0E, 0x50, 0x80, 0x87, 0x00, 0x00, 0x38, 0xA1, 0x00, 0x04, 0x0F, 0x00, 0x00, 0x50, 0x0A, 0x80, 0x00, 0x00, 0x0A, 0xA1,
    0x00, 0x12, 0xF0, 0x0C, 0x02, 0xF1, 0x98, 0x8C, 0x44, 0x66, 0xB2, 0xB2, 0x22, 0xE6, 0x84, 0x0C, 0x39, 0xE1, 0x02, 0x0C, 0xF0, 0x81, 0x00, 0x00,
    0x28, 0x80, 0x00, 0x01, 0x0A, 0x40, 0x80, 0x00, 0x03, 0x50, 0x00, 0x00, 0x1F, 0xAB, 0x00, 0x09, 0x01, 0xE0, 0x00, 0x00, 0x15, 0xA0, 0x00, 0x00,
    0x01, 0xA0, 0x9A, 0x00, 0x00, 0x02, 0x83, 0x00, 0x12, 0x07, 0x18, 0x20, 0x47, 0x8C, 0x98, 0x31, 0x23, 0x27, 0x24, 0x66, 0x33, 0x11, 0x98, 0x8E,
    0x43, 0x20, 0x18, 0x07, 0x85, 0x00, 0x00, 0xAE, 0x80, 0x00, 0x05, 0xF8, 0x05, 0x00, 0x00, 0xF0, 0x74, 0x9F, 0x00, 0x00, 0x80, 0x88, 0x00, 0x0A,
    0x03, 0x14, 0x80, 0x00, 0x02, 0x14, 0xA0, 0x00, 0x00, 0x04, 0x20, 0xA5, 0x00, 0x84, 0x01, 0x88, 0x00, 0x0B, 0x40, 0x28, 0x01, 0x00, 0x80, 0x30,
    0x14, 0x02, 0x00, 0xC0, 0x14, 0x03, 0xA8, 0x00, 0x00, 0x80, 0x00, 0x0A, 0x40, 0x08, 0x01, 0x00, 0x40, 0x2C, 0x05, 0x00, 0x00, 0x20, 0x04, 0xA2,
    0x00, 0x02, 0x80, 0x40, 0x40, 0x80, 0x20, 0x01, 0x10, 0x10, 0x81, 0x20, 0x02, 0x40, 0xC0, 0x80, 0x80, 0x00, 0x00, 0x01, 0x81, 0x00, 0x00, 0x02,
    0x80, 0x00, 0x07, 0x01, 0x05, 0x28, 0x00, 0x00, 0x07, 0x18, 0xC0, 0x86, 0x00, 0x00, 0x38, 0x9F, 0x00, 0x09, 0xF8, 0x01, 0x00, 0x00, 0xBA, 0x01,
    0x00, 0x00, 0xA0, 0x01, 0xA0, 0x00, 0x16, 0x40, 0x38, 0x06, 0xC1, 0xF0, 0x0C, 0x06, 0xE3, 0x31, 0x19, 0xA9, 0x89, 0x09, 0x11, 0x21, 0xC2, 0x06,
    0x1C, 0xF0, 0x01, 0x06, 0xF8, 0xC0, 0x85, 0x00, 0x00, 0xA8, 0x80, 0x00, 0x04, 0xF8, 0x00, 0x00, 0x01, 0xF8, 0xA8, 0x00, 0x00, 0x3F, 0x80, 0x00,
    0x00, 0xBA, 0x80, 0x00, 0x00, 0x0A, 0x9C, 0x00, 0x00, 0x02, 0x81, 0x00, 0x16, 0x01, 0x0E, 0x30, 0x41, 0x87, 0x18, 0x30, 0x63, 0x46, 0x4C, 0xC8,
    0xC9, 0x48, 0x4C, 0x46, 0x23, 0x30, 0x1C, 0x87, 0x40, 0x30, 0x0F, 0x01, 0x84, 0x00, 0x09, 0x40, 0x0A, 0x00, 0x00, 0xC0, 0x3F, 0x00, 0x00, 0x70,
    0x3F, 0x9E, 0x00, 0x00, 0x80, 0x87, 0x00, 0x0A, 0x05, 0x60, 0x00, 0x00, 0x05, 0x60, 0x00, 0x00, 0x01, 0x08, 0x40, 0xA3, 0x00, 0x04, 0x01, 0x01,
    0x02, 0x02, 0x00, 0x80, 0x04, 0x80, 0x02, 0x01, 0x01, 0x01, 0x86, 0x00, 0x0B, 0x80, 0x00, 0x08, 0x01, 0x00, 0x40, 0x3C, 0x05, 0x00, 0x00, 0x30,
    0x05, 0xA7, 0x00, 0x00, 0x0C, 0x00, 0x00, 0x20, 0x04, 0x00, 0x00, 0xA0, 0x04, 0x00, 0x00, 0x80, 0x00, 0x02, 0xA1, 0x00, 0x12, 0x80, 0x40, 0x20,
    0x20, 0x10, 0x90, 0x80, 0xC8, 0x48, 0xC8, 0x48, 0x88, 0x80, 0x90, 0x10, 0x20, 0x20, 0x40, 0x80, 0x84, 0x00, 0x01, 0x01, 0x02, 0x80, 0x00, 0x06,
    0x03, 0x14, 0x00, 0x00, 0x01, 0x0C, 0x60, 0x85, 0x00, 0x00, 0x38, 0x9E, 0x00, 0x04, 0x55, 0x00, 0x00, 0x80, 0x05, 0xA5, 0x00, 0x18, 0xF0, 0x0C,
    0x03, 0xC0, 0x3C, 0x06, 0x03, 0xF1, 0x18, 0x0C, 0xC4, 0x44, 0xA4, 0x44, 0x84, 0x08, 0x11, 0xE1, 0x02, 0x0C, 0xF8, 0xC0, 0x03, 0x0C, 0xF0, 0x81,
    0x00, 0x00, 0x10, 0x80, 0x00, 0x00, 0x50, 0x81, 0x00, 0x03, 0xA0, 0x00, 0x00, 0x55, 0xA6, 0x00, 0x04, 0x54, 0x00, 0x00, 0x02, 0x40, 0xA1, 0x00,
    0x00, 0x02, 0x80, 0x00, 0x18, 0x07, 0x18, 0x60, 0x81, 0x1C, 0x30, 0x60, 0xC7, 0x8C, 0x98, 0x11, 0x11, 0x12, 0x11, 0x90, 0x98, 0x8C, 0x43, 0x60,
    0x18, 0x0F, 0x81, 0x60, 0x1C, 0x07, 0x84, 0x00, 0x01, 0x80, 0x15, 0x80, 0x00, 0x04, 0x55, 0x02, 0x00, 0x00, 0x54, 0x9D, 0x00, 0x00, 0x80, 0x85,
    0x00, 0x06, 0x01, 0x18, 0x40, 0x00, 0x01, 0x18, 0x40, 0x81, 0x00, 0x00, 0x80, 0xA2, 0x00, 0x05, 0x01, 0x02, 0x06, 0x04, 0x04, 0x00, 0x82, 0x09,
    0x80, 0x04, 0x02, 0x02, 0x02, 0x01, 0x86, 0x00, 0x0B, 0x80, 0x10, 0x02, 0x00, 0x80, 0x50, 0x0B, 0x00, 0x00, 0x40, 0x18, 0x01, 0xA5, 0x00, 0x00,
    0x06, 0x80, 0x10, 0x03, 0x00, 0xC0, 0x10, 0x02, 0xA5, 0x00, 0x08, 0x80, 0x40, 0x20, 0x10, 0x10, 0xC8, 0x48, 0x64, 0x64, 0x82, 0x24, 0x08, 0x64,
    0x44, 0x40, 0x88, 0x10, 0x10, 0x20, 0xC0, 0x80, 0x88, 0x00, 0x07, 0x01, 0x02, 0x10, 0x00, 0x00, 0x07, 0x10, 0x80, 0x83, 0x00, 0x00, 0x38, 0x9D,
    0x00, 0x04, 0x02, 0x00, 0x00, 0x50, 0x02, 0xA5, 0x00, 0x1C, 0xF8, 0x06, 0x01, 0xF8, 0x0C, 0x03, 0x41, 0x38, 0x0C, 0x06, 0x62, 0x32, 0x11, 0xB3,
    0x12, 0x22, 0xC2, 0x04, 0x00, 0xF0, 0x01, 0x06, 0x1C, 0xF0, 0x01, 0x06, 0x78, 0x00, 0x80, 0x84, 0x00, 0x00, 0x40, 0x80, 0x00, 0x04, 0x50, 0x00,
    0x00, 0x03, 0x40, 0xA6, 0x00, 0x01, 0x15, 0x80, 0xA2, 0x00, 0x1D, 0x02, 0x00, 0x00, 0x1F, 0x60, 0xC0, 0x0F, 0x18, 0x60, 0x41, 0x8E, 0x18, 0x30,
    0x23, 0x26, 0x44, 0x44, 0x46, 0x22, 0x21, 0x30, 0x10, 0x8F, 0xC1, 0x70, 0x1C, 0x07, 0xC0, 0x30, 0x0F, 0x85, 0x00, 0x00, 0xA8, 0x80, 0x00, 0x05,
    0xE0, 0x15, 0x00, 0x00, 0x80, 0x05, 0x9B, 0x00, 0x00, 0x80, 0x84, 0x00, 0x06, 0x02, 0x10, 0x80, 0x00, 0x06, 0x10, 0x80, 0xA6, 0x00, 0x06, 0x01,
    0x02, 0x04, 0x04, 0x09, 0x11, 0x13, 0x83, 0x12, 0x07, 0x13, 0x13, 0x01, 0x08, 0x04, 0x04, 0x02, 0x01, 0x86, 0x00, 0x00, 0x20, 0x80, 0x00, 0x06,
    0xA0, 0x14, 0x03, 0x00, 0x80, 0x10, 0x03, 0xA4, 0x00, 0x00, 0x05, 0x08, 0x01, 0x00, 0x00, 0x08, 0x01, 0xA5, 0x00, 0x18, 0xC0, 0x20, 0x10, 0x88,
    0xC8, 0x44, 0x26, 0x32, 0x32, 0x11, 0x99, 0x91, 0x91, 0x11, 0x90, 0x10, 0x32, 0x22, 0x64, 0x44, 0x88, 0x18, 0x10, 0x60, 0xC0, 0x89, 0x00, 0x06,
    0x01, 0x08, 0x00, 0x00, 0x01, 0x0E, 0x40, 0x82, 0x00, 0x00, 0x38, 0x9F, 0x00, 0x00, 0xAA, 0xA5, 0x00, 0x1E, 0xE0, 0x1E, 0x01, 0xE0, 0x7C, 0x06,
    0x01, 0xF0, 0x10, 0x06, 0x00, 0xA1, 0x11, 0x08, 0x80, 0x08, 0x00, 0x09, 0x11, 0xE1, 0x02, 0x04, 0x18, 0xE0, 0x03, 0x0E, 0xF8, 0x00, 0x03, 0x1C,
    0xE0, 0x85, 0x00, 0x00, 0xA8, 0x80, 0x00, 0x00, 0xA8, 0x80, 0x00, 0x00, 0xBA, 0xA4, 0x00, 0x00, 0xAA, 0xA4, 0x00, 0x1F, 0x02, 0x07, 0x38, 0xC0,
    0x83, 0x1F, 0x30, 0xC0, 0x87, 0x04, 0x30, 0x00, 0x43, 0x44, 0x88, 0x80, 0x89, 0x00, 0x88, 0x44, 0x43, 0x20, 0x30, 0x0C, 0x83, 0x60, 0x38, 0x0F,
    0x80, 0x60, 0x3C, 0x07, 0x84, 0x00, 0x05, 0x40, 0x0A, 0x00, 0x00, 0x70, 0xBB, 0x80, 0x00, 0x00, 0xBB, 0x9A, 0x00, 0x00, 0x80, 0x88, 0x00, 0x00,
    0x60, 0xA6, 0x00, 0x18, 0x01, 0x02, 0x04, 0x08, 0x11, 0x11, 0x22, 0x26, 0x24, 0x44, 0x4C, 0x4C, 0x48, 0x44, 0x4C, 0x04, 0x26, 0x26, 0x13, 0x11,
    0x09, 0x08, 0x04, 0x03, 0x01, 0x86, 0x00, 0x09, 0x08, 0x01, 0x00, 0x00, 0x30, 0x05, 0x00, 0x00, 0xE0, 0x14, 0xA3, 0x00, 0x00, 0x02, 0x00, 0x00,
    0x28, 0xA6, 0x00, 0x0C, 0x80, 0x60, 0x30, 0x08, 0xC4, 0x44, 0x22, 0x11, 0x19, 0x89, 0x88, 0x44, 0x4C, 0x80, 0x44, 0x0C, 0x4C, 0x48, 0x88, 0x19,
    0x11, 0x10, 0x22, 0x44, 0x8C, 0x08, 0x30, 0x60, 0x80, 0x89, 0x00, 0x00, 0x04, 0x80, 0x00, 0x01, 0x05, 0x38, 0x81, 0x00, 0x00, 0x38, 0x9E, 0x00,
    0x00, 0x05, 0x84, 0x00, 0x00, 0x01, 0x9D, 0x00, 0x20, 0xF8, 0x07, 0x00, 0xF0, 0x1E, 0x03, 0x00, 0xD8, 0x0C, 0x03, 0xC1, 0x10, 0x08, 0x04, 0xC4,
    0x04, 0x22, 0x04, 0x84, 0x04, 0x08, 0x71, 0x81, 0x04, 0x0C, 0x70, 0x01, 0x07, 0x3C, 0xE0, 0x01, 0x07, 0xF8, 0x8A, 0x00, 0x03, 0xA0, 0x00, 0x00,
    0x05, 0x88, 0x00, 0x00, 0x10, 0x8A, 0x00, 0x00, 0x70, 0x88, 0x00, 0x00, 0x40, 0x94, 0x00, 0x00, 0x1C, 0x8D, 0x00, 0x20, 0x0F, 0x70, 0x80, 0x07,
    0x38, 0x60, 0x80, 0x0D, 0x18, 0x60, 0x41, 0x84, 0x88, 0x10, 0x01, 0x00, 0x22, 0x00, 0x00, 0x10, 0x88, 0x47, 0x40, 0x50, 0x18, 0x07, 0xC0, 0x70,
    0x3E, 0x07, 0xC0, 0x70, 0x0F, 0x85, 0x00, 0x00, 0x15, 0x80, 0x00, 0x04, 0x50, 0x0A, 0x00, 0x00, 0x40, 0x99, 0x00, 0x00, 0x80, 0x85, 0x00, 0x01,
    0x01, 0x28, 0xA6, 0x00, 0x0A, 0x01, 0x03, 0x04, 0x08, 0x11, 0x01, 0x22, 0x44, 0x4C, 0x08, 0x89, 0x84, 0x91, 0x09, 0x08, 0x48, 0x4C, 0x04, 0x22,
    0x11, 0x10, 0x08, 0x06, 0x03, 0x85, 0x00, 0x0B, 0x80, 0x10, 0x02, 0x00, 0x00, 0x40, 0x2A, 0x01, 0x00, 0x00, 0x38, 0x01, 0xA1, 0x00, 0x01, 0x02,
    0x80, 0x04, 0x28, 0xA4, 0x00, 0x20, 0x80, 0x40, 0xB0, 0x68, 0xB4, 0x6A, 0xF6, 0x55, 0x2A, 0x1D, 0xDD, 0xCD, 0xAA, 0x66, 0x6E, 0x56, 0x66, 0x56,
    0x6E, 0x4A, 0xAE, 0x5D, 0xD5, 0x98, 0x3A, 0x75, 0xEE, 0xCE, 0xB4, 0x78, 0xB0, 0x40, 0x80, 0x87, 0x00, 0x07, 0x04, 0x02, 0x00, 0x00, 0x05, 0x39,
    0x04, 0xE0, 0xA1, 0x00, 0x00, 0x05, 0xA3, 0x00, 0x24, 0xE0, 0x1C, 0xFB, 0x07, 0xFC, 0xF7, 0x1F, 0x63, 0x3C, 0xDC, 0x0F, 0x63, 0xC9, 0x14, 0x0A,
    0x44, 0xC4, 0x15, 0x23, 0x15, 0x84, 0x44, 0x0E, 0x75, 0x99, 0xC4, 0x0F, 0x74, 0xF9, 0x47, 0x3D, 0xE6, 0xF9, 0xC7, 0xFB, 0x7C, 0xC0, 0x85, 0x00,
    0x08, 0x40, 0x00, 0x00, 0xA0, 0x50, 0x00, 0x05, 0x00, 0x50, 0xA0, 0x00, 0x00, 0x40, 0xA3, 0x00, 0x24, 0x03, 0x1C, 0xCF, 0x70, 0x9F, 0x77, 0xF8,
    0x63, 0x9E, 0x1D, 0x58, 0x63, 0x49, 0x94, 0xA8, 0x11, 0x45, 0x44, 0x22, 0x40, 0x40, 0x11, 0xA8, 0x57, 0xCC, 0xD1, 0x78, 0x37, 0xCF, 0xF1, 0xFE,
    0x77, 0xCF, 0xF1, 0xEF, 0x1F, 0x03, 0x83, 0x00, 0x0A, 0x15, 0xA0, 0x00, 0x00, 0x50, 0xCA, 0x15, 0x00, 0x40, 0x00, 0x15, 0x9F, 0x00, 0x02, 0x02,
    0x41, 0x28, 0xA5, 0x00, 0x0C, 0x03, 0x07, 0x0B, 0x14, 0x2B, 0x57, 0x45, 0xAA, 0xDC, 0x5D, 0x19, 0xAB, 0xB1, 0x81, 0xB5, 0x0D, 0xB7, 0xB1, 0x2A,
    0x59, 0xDD, 0x9C, 0x2E, 0x55, 0x33, 0x39, 0x16, 0x0F, 0x06, 0x01, 0x83, 0x00, 0x0C, 0x80, 0x10, 0x02, 0x00, 0x00, 0x40, 0xAA, 0x11, 0x02, 0x00,
    0x38, 0x41, 0x0E, 0xA0, 0x00, 0x01, 0x01, 0x82, 0x04, 0xA4, 0x00, 0x22, 0xC0, 0xA0, 0x58, 0xBC, 0xCA, 0xB7, 0x73, 0x3A, 0x95, 0xCE, 0x6E, 0xE7,
    0x55, 0x33, 0x33, 0xAB, 0x1B, 0xAB, 0x13, 0xAB, 0x13, 0x37, 0x57, 0xE6, 0xCA, 0xDC, 0x35, 0x7A, 0xD7, 0xE7, 0x5A, 0x3C, 0x58, 0xA0, 0xC0, 0x87,
    0x00, 0x07, 0x02, 0x01, 0x02, 0x00, 0x01, 0x04, 0xE2, 0x10, 0xC6, 0x00, 0x26, 0xF0, 0xEF, 0x1C, 0xF3, 0x1E, 0xFF, 0x07, 0xF1, 0x76, 0x3F, 0x05,
    0xB3, 0x64, 0x0A, 0x45, 0x33, 0x40, 0x08, 0x15, 0x01, 0x11, 0x08, 0x50, 0x27, 0x06, 0x1E, 0xCC, 0xE3, 0x05, 0xFA, 0x5C, 0xE1, 0x06, 0xFF, 0x1C,
    0x83, 0x7C, 0xCF, 0xF0, 0x84, 0x00, 0x04, 0x40, 0x80, 0x00, 0x00, 0x50, 0x80, 0x00, 0x01, 0x50, 0x0A, 0xC5, 0x00, 0x26, 0x07, 0x73, 0x9C, 0xC7,
    0x3C, 0xFF, 0x70, 0xC7, 0x33, 0x7E, 0x90, 0x46, 0x13, 0x28, 0x51, 0x26, 0x01, 0xCC, 0x54, 0x80, 0x50, 0xC8, 0x05, 0x22, 0x50, 0xAC, 0x99, 0xE3,
    0x70, 0x6F, 0x9D, 0xC3, 0x70, 0xFF, 0x9C, 0xE0, 0x9F, 0x7B, 0x07, 0x83, 0x00, 0x0A, 0xA0, 0x00, 0x0A, 0x00, 0xC0, 0x15, 0xAA, 0x00, 0x00, 0x15,
    0xA0, 0x9E, 0x00, 0x01, 0x02, 0x40, 0xA4, 0x00, 0x22, 0x01, 0x06, 0x0F, 0x16, 0x29, 0x56, 0x27, 0xCE, 0x54, 0xB9, 0xBA, 0x77, 0x55, 0x62, 0x60,
    0xAC, 0x2C, 0xAC, 0x24, 0x6E, 0x64, 0x66, 0x55, 0xF3, 0xB9, 0x3D, 0x54, 0xAF, 0x75, 0x73, 0x2D, 0x1E, 0x0D, 0x02, 0x01, 0x87, 0x00, 0x07, 0x80,
    0x10, 0xE2, 0x04, 0x00, 0x40, 0x8E, 0x10, 0x9F, 0x00, 0x01, 0x00, 0x02, 0xA3, 0x00, 0x26, 0x80, 0x60, 0xD0, 0x2C, 0xDA, 0xED, 0xD2, 0x3B, 0x15,
    0xCE, 0xC5, 0xF7, 0x73, 0xAB, 0x11, 0x19, 0x55, 0x8D, 0x4D, 0xAD, 0x45, 0xCD, 0x55, 0x19, 0x13, 0x2A, 0x53, 0xE5, 0x46, 0xDE, 0x1D, 0x7B, 0x73,
    0x6D, 0x9E, 0x2C, 0xD0, 0x60, 0x80, 0x86, 0x00, 0x01, 0x01, 0x02, 0x80, 0x00, 0x03, 0x02, 0x11, 0x08, 0x40, 0xC3, 0x00, 0x28, 0xFE, 0xF1, 0x0F,
    0xF8, 0xFF, 0x1F, 0x03, 0x58, 0xF7, 0x17, 0xC3, 0x19, 0xB2, 0x05, 0xE2, 0x51, 0x39, 0x04, 0x0A, 0x04, 0x02, 0x00, 0x08, 0x14, 0x29, 0x12, 0xA7,
    0x0C, 0xE4, 0x51, 0x82, 0x1D, 0xEE, 0x70, 0x07, 0xDD, 0x9E, 0xF0, 0x0F, 0xF1, 0xFC, 0x84, 0x00, 0x00, 0x80, 0x82, 0x00, 0x04, 0x80, 0x00, 0x0A,
    0x01, 0xA0, 0xC2, 0x00, 0x28, 0x3F, 0xC7, 0x70, 0x8F, 0x77, 0xFC, 0xE0, 0x0D, 0x77, 0x70, 0x61, 0x8C, 0x36, 0x50, 0xA3, 0x45, 0x0E, 0x10, 0xA8,
    0x10, 0xA0, 0x10, 0xA8, 0x14, 0x0A, 0x44, 0xE2, 0x58, 0xB3, 0x45, 0xE0, 0x5C, 0x3B, 0x07, 0xF0, 0xDD, 0x3C, 0x87, 0x78, 0xC7, 0x3F, 0x84, 0x00,
    0x00, 0x0A, 0x80, 0x00, 0x06, 0xAA, 0x40, 0x0A, 0x00, 0xA0, 0x00, 0x0A, 0xC4, 0x00, 0x24, 0x03, 0x0D, 0x1E, 0x2D, 0x53, 0xA5, 0x4E, 0x14, 0xA9,
    0x50, 0x75, 0x26, 0xEE, 0xC4, 0x51, 0x51, 0x98, 0x18, 0x8A, 0x10, 0x58, 0x55, 0xDD, 0xC4, 0xEA, 0x65, 0x77, 0x73, 0xBD, 0x54, 0xEF, 0x67, 0x5B,
    0x3D, 0x1A, 0x05, 0x03, 0x88, 0x00, 0x07, 0xE0, 0x04, 0x28, 0x01, 0x80, 0x10, 0x20, 0x05, 0x9D, 0x00, 0x01, 0xA3, 0x00, 0x28, 0xC0, 0xB0, 0x68,
    0x94, 0xEF, 0xF2, 0x69, 0x14, 0xCA, 0x65, 0xF7, 0x59, 0xB9, 0x55, 0xCE, 0x00, 0x2A, 0x54, 0x06, 0x55, 0x26, 0x55, 0x46, 0x44, 0x2A, 0x00, 0x4C,
    0x15, 0x29, 0x52, 0xE7, 0x4D, 0x9E, 0x35, 0x79, 0x97, 0xCF, 0x16, 0x68, 0x90, 0xC0, 0x8B, 0x00, 0x03, 0x01, 0x08, 0x40, 0x20, 0xC0, 0x00, 0x2C,
    0xE0, 0x0F, 0xFE, 0x01, 0xFE, 0xF9, 0x0F, 0x61, 0x3E, 0x59, 0x07, 0x51, 0xCC, 0x19, 0x02, 0x41, 0xE8, 0x14, 0x0A, 0x04, 0x02, 0x00, 0x02, 0x01,
    0x00, 0x04, 0x0A, 0x14, 0xA9, 0x40, 0x05, 0x50, 0x98, 0x41, 0x0E, 0x73, 0xFC, 0x41, 0x1E, 0xF7, 0xFC, 0x01, 0xFC, 0x17, 0xE0, 0x88, 0x00, 0x05,
    0x80, 0x00, 0x00, 0x01, 0xA0, 0x54, 0xBF, 0x00, 0x2C, 0x07, 0x70, 0xBF, 0xC0, 0x3F, 0xCF, 0x70, 0xC3, 0x3C, 0x4D, 0xF0, 0x47, 0x19, 0x4C, 0xB0,
    0x41, 0x8B, 0x14, 0x28, 0x10, 0x20, 0x40, 0x20, 0x00, 0x20, 0x10, 0x28, 0x14, 0xCA, 0x41, 0xB0, 0x05, 0x8C, 0x45, 0xB8, 0x67, 0x3F, 0xC1, 0xBC,
    0x77, 0x1F, 0xC0, 0xFF, 0x74, 0x07, 0x81, 0x00, 0x00, 0x20, 0x82, 0x00, 0x06, 0x40, 0x0A, 0x55, 0x00, 0x00, 0x0A, 0x54, 0xC1, 0x00, 0x28, 0x01,
    0x04, 0x1B, 0x1C, 0x5B, 0xA5, 0x4B, 0x94, 0x29, 0x52, 0xE5, 0xC8, 0x4C, 0x15, 0xA8, 0x80, 0x33, 0x15, 0x54, 0x54, 0x42, 0x54, 0x74, 0x15, 0xBB,
    0x80, 0xB8, 0x54, 0xCE, 0xE7, 0x77, 0x51, 0xBD, 0x56, 0xCF, 0xB5, 0x7B, 0x34, 0x0B, 0x04, 0x01, 0x88, 0x00, 0x06, 0x28, 0x01, 0x0A, 0x00, 0x20,
    0x05, 0x08, 0x9C, 0x00, 0x01, 0xA1, 0x00, 0x2C, 0x80, 0x60, 0xD8, 0x34, 0xCB, 0xD5, 0xFB, 0x34, 0x8A, 0x45, 0xF3, 0x71, 0x3D, 0x5C, 0x8A, 0x45,
    0x47, 0x11, 0x2A, 0x11, 0x8A, 0x11, 0x0A, 0x11, 0x8A, 0x01, 0x33, 0x11, 0x44, 0x04, 0x0A, 0x14, 0x29, 0x51, 0xA7, 0x47, 0x9E, 0x1D, 0xDB, 0x67,
    0x8B, 0x14, 0xD8, 0x60, 0x80, 0x8B, 0x00, 0x03, 0x38, 0x20, 0x04, 0x80, 0xBD, 0x00, 0x13, 0xFC, 0xE3, 0x0F, 0xF0, 0x17, 0xFF, 0x01, 0xF8, 0x67,
    0x3F, 0x01, 0xB8, 0x54, 0x0D, 0x01, 0x20, 0x44, 0x0A, 0x05, 0x02, 0x81, 0x00, 0x16, 0x01, 0x00, 0x00, 0x02, 0x05, 0x0A, 0x44, 0x21, 0x00, 0x18,
    0x44, 0xA0, 0x03, 0xFD, 0x9C, 0xE0, 0x07, 0xFF, 0xDC, 0xA0, 0x17, 0xE3, 0xFC, 0x8C, 0x00, 0x00, 0x54, 0x9B, 0x00, 0x02, 0x80, 0x40, 0x80, 0x9D,
    0x00, 0x2E, 0x1F, 0xE7, 0x70, 0x87, 0x70, 0xFF, 0xC0, 0x0F, 0x73, 0xBC, 0x40, 0x8E, 0x37, 0x58, 0x40, 0x82, 0x11, 0x28, 0x50, 0x20, 0x00, 0x80,
    0x40, 0x00, 0x00, 0x80, 0x00, 0x20, 0x10, 0x28, 0x11, 0x82, 0x00, 0x4C, 0x15, 0x8B, 0x60, 0xFF, 0x1C, 0x8B, 0x70, 0xFF, 0x5D, 0xC3, 0x74, 0xE7,
    0x1F, 0x80, 0x00, 0x00, 0x20, 0x84, 0x00, 0x04, 0x55, 0xA0, 0x00, 0x00, 0x54, 0x9C, 0x00, 0x00, 0x01, 0xA0, 0x00, 0x2A, 0x03, 0x09, 0x14, 0x79,
    0x94, 0x4F, 0x94, 0x28, 0x51, 0xA7, 0x42, 0xDC, 0x99, 0x28, 0x51, 0x64, 0x44, 0xAA, 0x04, 0xCC, 0x44, 0xC8, 0x44, 0x6C, 0x04, 0x2A, 0x44, 0x70,
    0x50, 0xA9, 0x94, 0x4E, 0xC5, 0x73, 0x51, 0xBC, 0x9C, 0xEF, 0xF3, 0x68, 0x14, 0x0D, 0x03, 0x89, 0x00, 0x06, 0x8A, 0x10, 0x00, 0x00, 0x08, 0x40,
    0x02, 0x9A, 0x00, 0x00, 0xA0, 0x00, 0x2E, 0x40, 0x30, 0x0C, 0x82, 0x61, 0x38, 0x0C, 0x82, 0x41, 0x30, 0x10, 0x0C, 0x04, 0x42, 0x01, 0x01, 0x00,
    0x88, 0x04, 0x00, 0x04, 0x00, 0x04, 0x22, 0x04, 0x00, 0x44, 0x00, 0x00, 0x88, 0x10, 0x01, 0x01, 0x42, 0x04, 0x08, 0x10, 0x61, 0xC1, 0x06, 0x00,
    0x30, 0xC1, 0x02, 0x04, 0x30, 0xC0, 0x8D, 0x00, 0x00, 0x02, 0xBB, 0x00, 0x12, 0x40, 0x3E, 0x01, 0x00, 0xDC, 0x03, 0x00, 0x00, 0x5C, 0x03, 0x00,
    0x80, 0x14, 0x03, 0x00, 0x80, 0x00, 0x02, 0x01, 0x8B, 0x00, 0x10, 0x02, 0x10, 0x80, 0x01, 0x02, 0x50, 0x80, 0x00, 0x07, 0x70, 0x00, 0x00, 0x0F,
    0x70, 0x00, 0x01, 0xFE, 0x8E, 0x00, 0x00, 0xA0, 0x98, 0x00, 0x03, 0x80, 0x80, 0x40, 0x80, 0x9A, 0x00, 0x13, 0x01, 0x7A, 0x00, 0x00, 0x1D, 0xE0,
    0x00, 0x00, 0x1D, 0xE0, 0x00, 0x00, 0x14, 0x60, 0x00, 0x00, 0x04, 0x20, 0x40, 0x80, 0x88, 0x00, 0x15, 0x80, 0x40, 0x20, 0x00, 0x00, 0x40, 0x20,
    0x15, 0x00, 0x80, 0xF0, 0x17, 0x00, 0x80, 0xF8, 0x17, 0x00, 0xC0, 0x3F, 0x01, 0x00, 0x70, 0x87, 0x00, 0x00, 0x08, 0x80, 0x00, 0x00, 0x0A, 0x9A,
    0x00, 0x00, 0x01, 0x9D, 0x00, 0x2E, 0x01, 0x0C, 0x10, 0x60, 0x43, 0x0C, 0x10, 0x20, 0x41, 0x86, 0x0C, 0x18, 0x30, 0x20, 0x40, 0x80, 0x00, 0x08,
    0x10, 0x00, 0x10, 0x00, 0x00, 0x23, 0x00, 0x00, 0x10, 0x00, 0x10, 0x88, 0x04, 0x00, 0x40, 0x20, 0x10, 0x08, 0x04, 0xC2, 0x41, 0x30, 0x10, 0x8E,
    0x41, 0x20, 0x10, 0x06, 0x01, 0x89, 0x00, 0x04, 0x20, 0x01, 0x00, 0x00, 0x80, 0x9A, 0x00, 0x00, 0x9E, 0x00, 0x15, 0x80, 0x60, 0x18, 0x06, 0xC1,
    0x30, 0x14, 0x06, 0x81, 0x20, 0x10, 0x0C, 0x04, 0x82, 0x01, 0x00, 0x00, 0x08, 0x04, 0x02, 0x00, 0x02, 0x81, 0x00, 0x17, 0x01, 0x00, 0x00, 0x02,
    0x00, 0x00, 0x04, 0x08, 0x00, 0x01, 0x01, 0x82, 0x04, 0x08, 0x10, 0x61, 0x03, 0x04, 0x18, 0x60, 0x01, 0x06, 0x18, 0x60, 0x8E, 0x00, 0x00, 0x08,
    0xB8, 0x00, 0x0D, 0xF8, 0x05, 0x00, 0x60, 0xFF, 0x01, 0x00, 0x60, 0x2E, 0x01, 0x00, 0x40, 0x0E, 0x01, 0x94, 0x00, 0x0F, 0x40, 0x00, 0x01, 0x8C,
    0x40, 0x00, 0x01, 0xFE, 0x40, 0x00, 0x03, 0xFE, 0x00, 0x00, 0x07, 0xF8, 0xA9, 0x00, 0x05, 0x80, 0x00, 0x80, 0x80, 0x40, 0x80, 0x96, 0x00, 0x0F,
    0x0F, 0xC0, 0x00, 0x03, 0x7E, 0xC0, 0x00, 0x03, 0x38, 0xC0, 0x00, 0x01, 0x28, 0x40, 0x00, 0x01, 0x92, 0x00, 0x10, 0x01, 0x80, 0x40, 0x28, 0x01,
    0x00, 0x40, 0x3F, 0x01, 0x00, 0x60, 0x3F, 0x00, 0x00, 0x70, 0x0F, 0x70, 0x88, 0x00, 0x00, 0x40, 0xA0, 0x00, 0x00, 0x01, 0x99, 0x00, 0x30, 0x06,
    0x18, 0x20, 0x41, 0x86, 0x10, 0x30, 0x40, 0x82, 0x04, 0x18, 0x10, 0x61, 0x40, 0x84, 0x00, 0x10, 0x10, 0x20, 0x00, 0x20, 0x00, 0x40, 0x44, 0x01,
    0x40, 0x00, 0x00, 0x20, 0x00, 0x20, 0x10, 0x08, 0x00, 0x84, 0x40, 0x20, 0x10, 0x08, 0x84, 0xC3, 0x60, 0x30, 0x0C, 0x83, 0x41, 0x30, 0x0C, 0x03,
    0x8A, 0x00, 0x00, 0x08, 0x80, 0x00, 0x01, 0x20, 0x01, 0x97, 0x00, 0x00, 0x9D, 0x00, 0x0D, 0xC0, 0x10, 0x0E, 0x01, 0xE0, 0x18, 0x0E, 0x03, 0xC1,
    0x10, 0x08, 0x04, 0x82, 0x41, 0x80, 0x00, 0x04, 0x04, 0x02, 0x01, 0x00, 0x01, 0x86, 0x00, 0x04, 0x01, 0x00, 0x00, 0x02, 0x04, 0x80, 0x00, 0x0D,
    0x41, 0x82, 0x04, 0x18, 0x30, 0xC1, 0x00, 0x0C, 0x30, 0xE0, 0x01, 0x0C, 0x30, 0xC0, 0xC7, 0x00, 0x0C, 0x74, 0x00, 0x00, 0xF8, 0x07, 0x00, 0x00,
    0xF8, 0x05, 0x00, 0x00, 0xB8, 0x01, 0x9A, 0x00, 0x0C, 0x04, 0xA8, 0x00, 0x00, 0x05, 0xA0, 0x00, 0x01, 0x1D, 0xE0, 0x00, 0x01, 0xDC, 0xAA, 0x00,
    0x07, 0x80, 0x00, 0x80, 0x00, 0x80, 0x80, 0x40, 0x80, 0x8B, 0x00, 0x02, 0x40, 0x10, 0x40, 0x80, 0x00, 0x0D, 0x35, 0x80, 0x00, 0x0F, 0x70, 0x80,
    0x00, 0x0F, 0x50, 0x80, 0x00, 0x0A, 0x40, 0x80, 0x98, 0x00, 0x0D, 0x80, 0x50, 0x0A, 0x00, 0x80, 0x50, 0x0B, 0x00, 0xC0, 0x5C, 0x0B, 0x00, 0xC0,
    0x1D, 0xB0, 0x00, 0x00, 0x01, 0x8C, 0x00, 0x02, 0x02, 0x00, 0x02, 0x81, 0x00, 0x1C, 0x03, 0x0C, 0x30, 0x40, 0x83, 0x0C, 0x30, 0x40, 0x81, 0x04,
    0x08, 0x30, 0x60, 0x40, 0x80, 0x00, 0x10, 0x00, 0x20, 0x40, 0x00, 0x00, 0x80, 0x00, 0x80, 0x00, 0x01, 0x00, 0x80, 0x81, 0x00, 0x13, 0x40, 0x20,
    0x10, 0x00, 0x00, 0x80, 0x41, 0x20, 0x10, 0x08, 0x04, 0xC0, 0x40, 0x38, 0x04, 0x83, 0x40, 0x38, 0x06, 0x03, 0xA8, 0x00, 0x00, 0x9B, 0x00, 0x0E,
    0x80, 0x70, 0x0C, 0x01, 0xC0, 0x70, 0x0C, 0x05, 0x81, 0x40, 0x08, 0x04, 0x02, 0x41, 0x20, 0x80, 0x00, 0x01, 0x02, 0x01, 0x8E, 0x00, 0x13, 0x01,
    0x02, 0x04, 0x00, 0x10, 0x20, 0x41, 0x02, 0x04, 0x18, 0x40, 0x81, 0x04, 0x18, 0x50, 0x81, 0x02, 0x1C, 0x60, 0x80, 0xC3, 0x00, 0x0D, 0xD0, 0x0F,
    0x00, 0x00, 0xDC, 0x03, 0x00, 0x00, 0x54, 0x03, 0x00, 0x00, 0x14, 0x02, 0x9C, 0x00, 0x0D, 0x02, 0x50, 0x00, 0x00, 0x03, 0x50, 0x00, 0x00, 0x07,
    0x74, 0x00, 0x00, 0x1F, 0x50, 0xAD, 0x00, 0x07, 0x80, 0x00, 0x80, 0x00, 0x80, 0x80, 0x40, 0x80, 0x86, 0x00, 0x11, 0x40, 0x20, 0x40, 0x00, 0x05,
    0xF0, 0x00, 0x00, 0x1D, 0xE0, 0x00, 0x00, 0x1D, 0xA0, 0x00, 0x00, 0x14, 0x20, 0x9C, 0x00, 0x0D, 0x20, 0x15, 0x00, 0x00, 0xE0, 0x15, 0x00, 0x00,
    0xF0, 0x17, 0x00, 0x00, 0xFC, 0x05, 0xB3, 0x00, 0x00, 0x01, 0x87, 0x00, 0x02, 0x02, 0x00, 0x02, 0x80, 0x00, 0x12, 0x07, 0x18, 0x40, 0x81, 0x06,
    0x18, 0x40, 0xC0, 0x03, 0x08, 0x10, 0x20, 0x41, 0x86, 0x00, 0x10, 0x00, 0x20, 0x40, 0x85, 0x00, 0x00, 0x01, 0x82, 0x00, 0x00, 0x80, 0x80, 0x00,
    0x11, 0x20, 0x10, 0x00, 0x00, 0x82, 0x41, 0x20, 0x10, 0x0C, 0x81, 0x40, 0x30, 0x0C, 0x05, 0xC0, 0x60, 0x1C, 0x07, 0xA7, 0x00, 0x00, 0x9A, 0x00,
    0x12, 0xC0, 0x38, 0x04, 0x01, 0x40, 0x38, 0x06, 0x03, 0x40, 0x30, 0x04, 0x02, 0x01, 0x20, 0x10, 0x08, 0x04, 0x02, 0x01, 0x92, 0x00, 0x12, 0x01,
    0x02, 0x04, 0x08, 0x10, 0x20, 0x01, 0x06, 0x00, 0x20, 0x00, 0x03, 0x0C, 0x38, 0x40, 0x01, 0x04, 0x38, 0x40, 0xC1, 0x00, 0x0C, 0xFE, 0x01, 0x00,
    0x70, 0x2F, 0x00, 0x00, 0x40, 0x0F, 0x00, 0x00, 0x40, 0x0A, 0x9C, 0x00, 0x10, 0x80, 0x00, 0x00, 0x01, 0x0A, 0x40, 0x00, 0x01, 0x3E, 0x40, 0x00,
    0x01, 0xFE, 0x00, 0x00, 0x03, 0xFC, 0xB3, 0x00, 0x19, 0x80, 0x00, 0x80, 0x00, 0x80, 0x80, 0x40, 0x80, 0x00, 0x00, 0x80, 0x20, 0x80, 0x3F, 0xC0,
    0x00, 0x07, 0x7A, 0x00, 0x00, 0x01, 0x68, 0x00, 0x00, 0x01, 0x28, 0x9F, 0x00, 0x0D, 0x40, 0x28, 0x00, 0x00, 0x40, 0x3E, 0x00, 0x00, 0x40, 0x3F,
    0x00, 0x00, 0x60, 0x3F, 0xB9, 0x00, 0x00, 0x01, 0x81, 0x00, 0x16, 0x01, 0x00, 0x00, 0x01, 0x0C, 0x30, 0xC0, 0x01, 0x0C, 0x30, 0x40, 0x01, 0x06,
    0x10, 0x20, 0x40, 0x82, 0x00, 0x08, 0x00, 0x20, 0x00, 0x80, 0x86, 0x00, 0x00, 0x01, 0x86, 0x00, 0x13, 0x80, 0x40, 0x20, 0x10, 0x08, 0x04, 0x82,
    0x40, 0x20, 0x10, 0x02, 0x01, 0x60, 0x10, 0x0E, 0x01, 0xC0, 0x10, 0x0E, 0x01, 0xA5, 0x00, 0x00, 0x99, 0x00, 0x10, 0xE0, 0x0C, 0x03, 0x40, 0x70,
    0x04, 0x03, 0x01, 0xE0, 0x10, 0x02, 0x01, 0x00, 0x10, 0x08, 0x00, 0x02, 0x97, 0x00, 0x11, 0x01, 0x02, 0x04, 0x08, 0x00, 0x01, 0x00, 0x00, 0x10,
    0xE0, 0x01, 0x06, 0x14, 0xE0, 0x00, 0x03, 0x14, 0xE0, 0xBE, 0x00, 0x0D, 0x80, 0x17, 0x00, 0x00, 0xFC, 0x01, 0x00, 0x00, 0xB8, 0x01, 0x00, 0x00,
    0xA0, 0x01, 0x9D, 0x00, 0x00, 0x80, 0x82, 0x00, 0x0C, 0xA0, 0x00, 0x00, 0x05, 0xA8, 0x00, 0x00, 0x0D, 0xE8, 0x00, 0x00, 0xDD, 0x80, 0xBA, 0x00,
    0x0F, 0x80, 0x40, 0xA0, 0x70, 0x80, 0x00, 0x1F, 0x50, 0x00, 0x00, 0x0F, 0x40, 0x00, 0x00, 0x02, 0x40, 0xA2, 0x00, 0x0C, 0x40, 0x02, 0x00, 0x80,
    0x50, 0x0B, 0x00, 0x00, 0x50, 0x0B, 0x00, 0x80, 0x5D, 0xBC, 0x00, 0x15, 0x01, 0x02, 0x01, 0x07, 0x18, 0x60, 0x01, 0x06, 0x10, 0x60, 0x00, 0x02,
    0x04, 0x20, 0x40, 0x80, 0x04, 0x08, 0x00, 0x20, 0x40, 0x80, 0x88, 0x00, 0x00, 0x01, 0x88, 0x00, 0x12, 0x80, 0x00, 0x20, 0x10, 0x08, 0x00, 0x80,
    0x40, 0x30, 0x04, 0x82, 0x40, 0x30, 0x14, 0x07, 0x80, 0x60, 0x14, 0x07, 0xA4, 0x00, 0x00, 0x97, 0x00, 0x11, 0x80, 0x10, 0x06, 0x01, 0xE0, 0x10,
    0x0E, 0x01, 0x80, 0x10, 0x0C, 0x01, 0x80, 0x00, 0x00, 0x04, 0x02, 0x01, 0x9A, 0x00, 0x01, 0x01, 0x02, 0x80, 0x00, 0x0C, 0x81, 0x00, 0x08, 0x10,
    0x80, 0x03, 0x0E, 0x10, 0x80, 0x01, 0x06, 0x10, 0x80, 0x81, 0x00, 0x00, 0x10, 0xA6, 0x00, 0x00, 0x01, 0x8C, 0x00, 0x04, 0xD4, 0x03, 0x00, 0x00,
    0x5D, 0x80, 0x00, 0x00, 0x54, 0x80, 0x00, 0x00, 0x04, 0x85, 0x00, 0x00, 0x70, 0x9D, 0x00, 0x0C, 0x10, 0x00, 0x00, 0x01, 0x50, 0x00, 0x00, 0x03,
    0x74, 0x00, 0x00, 0x07, 0x70, 0xB9, 0x00, 0x0E, 0x80, 0xDD, 0xE0, 0x40, 0x80, 0x5D, 0x80, 0x00, 0x00, 0x15, 0x80, 0x00, 0x00, 0x14, 0x80, 0xA4,
    0x00, 0x00, 0x80, 0x80, 0x00, 0x09, 0x80, 0x15, 0x00, 0x00, 0xE0, 0x17, 0x00, 0x00, 0xF0, 0x17, 0x9B, 0x00, 0x00, 0x0E, 0x9B, 0x00, 0x13, 0x01,
    0x03, 0x05, 0x30, 0xC0, 0x03, 0x04, 0x20, 0xC0, 0x81, 0x04, 0x18, 0x40, 0x80, 0x00, 0x00, 0x10, 0x20, 0x00, 0x80, 0x98, 0x00, 0x12, 0x80, 0x40,
    0x20, 0x10, 0x00, 0x00, 0x80, 0x00, 0x08, 0x04, 0x80, 0x40, 0x38, 0x04, 0x03, 0x40, 0x30, 0x0C, 0x01, 0xA2, 0x00, 0x00, 0x96, 0x00, 0x0A, 0x40,
    0x0C, 0x01, 0x80, 0x50, 0x0C, 0x01, 0x00, 0x40, 0x08, 0x04, 0x81, 0x00, 0x00, 0x02, 0x9F, 0x00, 0x01, 0x01, 0x02, 0x81, 0x00, 0x0A, 0x04, 0x18,
    0x40, 0x01, 0x05, 0x18, 0x40, 0x00, 0x01, 0x1C, 0x60, 0x80, 0x00, 0x00, 0x10, 0xA6, 0x00, 0x00, 0x01, 0x8B, 0x00, 0x08, 0xFE, 0x00, 0x00, 0x70,
    0x0F, 0x00, 0x00, 0x40, 0x0A, 0x80, 0x00, 0x00, 0x02, 0x86, 0x00, 0x00, 0x70, 0x9E, 0x00, 0x00, 0x02, 0x80, 0x00, 0x08, 0x0E, 0x40, 0x00, 0x00,
    0xFE, 0x40, 0x00, 0x00, 0xFE, 0xB7, 0x00, 0x09, 0xC0, 0xAE, 0xD0, 0xF0, 0x57, 0xE8, 0xC0, 0x00, 0x01, 0x68, 0x80, 0x00, 0x00, 0x20, 0xA8, 0x00,
    0x00, 0x20, 0x80, 0x00, 0x08, 0x2C, 0x20, 0x00, 0x00, 0xFF, 0x01, 0x00, 0x00, 0x7F, 0x9A, 0x00, 0x00, 0x0E, 0x99, 0x00, 0x0D, 0x01, 0x02, 0x05,
    0x1E, 0x45, 0x82, 0x05, 0x18, 0x40, 0x80, 0x01, 0x08, 0x10, 0x40, 0x80, 0x00, 0x02, 0x20, 0x40, 0x80, 0x9C, 0x00, 0x02, 0x80, 0x00, 0x20, 0x80,
    0x00, 0x0B, 0x40, 0x10, 0x08, 0x01, 0xC0, 0x40, 0x18, 0x05, 0x80, 0x40, 0x1C, 0x03, 0xA1, 0x00, 0x00, 0x95, 0x00, 0x0A, 0x38, 0x04, 0x00, 0x40,
    0x38, 0x04, 0x01, 0x00, 0x20, 0x04, 0x02, 0xAC, 0x00, 0x0D, 0x02, 0x00, 0x60, 0x00, 0x01, 0x04, 0x38, 0x40, 0x01, 0x06, 0x38, 0x80, 0x00, 0x10,
    0xA6, 0x00, 0x00, 0x01, 0x89, 0x00, 0x09, 0xA0, 0x05, 0x00, 0x00, 0xFE, 0x01, 0x00, 0x00, 0xB8, 0x01, 0x8B, 0x00, 0x00, 0x70, 0xA3, 0x00, 0x09,
    0x01, 0xA8, 0x00, 0x00, 0x05, 0xB8, 0x00, 0x00, 0x0D, 0xA0, 0xAD, 0x00, 0x01, 0x80, 0x80, 0x82, 0x00, 0x08, 0xE3, 0x90, 0x88, 0xC8, 0xEB, 0xC8,
    0x08, 0x10, 0xEA, 0xB3, 0x00, 0x09, 0x40, 0x0A, 0x00, 0x00, 0x50, 0x2B, 0x00, 0x00, 0xD0, 0x03, 0x98, 0x00, 0x00, 0x0E, 0x98, 0x00, 0x0C, 0x03,
    0x04, 0x08, 0x19, 0x81, 0x09, 0x0C, 0x14, 0x83, 0x00, 0x06, 0x10, 0x20, 0xAC, 0x00, 0x0B, 0x20, 0x10, 0x02, 0x00, 0xC0, 0x10, 0x0E, 0x01, 0xC0,
    0x30, 0x0E, 0x01, 0x9F, 0x00, 0x01, 0x93, 0x00, 0x0C, 0xE0, 0x14, 0x3B, 0x04, 0xB0, 0x54, 0x3B, 0x04, 0xA1, 0x10, 0x22, 0x05, 0x02, 0xAC, 0x00,
    0x0C, 0x02, 0x01, 0x66, 0x10, 0x81, 0x04, 0x3A, 0x54, 0xE1, 0x06, 0x3B, 0x9C, 0xE0, 0xB3, 0x00, 0x0A, 0x5C, 0xA0, 0x05, 0x00, 0x55, 0xFE, 0x01,
    0x00, 0x54, 0xB8, 0x01, 0xB2, 0x00, 0x0A, 0x01, 0xA8, 0x50, 0x00, 0x05, 0xB9, 0x54, 0x00, 0x0D, 0xA1, 0x74, 0xB1, 0x00, 0x0C, 0xC0, 0x35, 0x6B,
    0x14, 0x6E, 0x3E, 0x59, 0xE8, 0xEC, 0xD4, 0xE2, 0x30, 0xC0, 0xB1, 0x00, 0x0A, 0x40, 0x8A, 0x15, 0x00, 0x50, 0xAB, 0x15, 0x00, 0xD0, 0xC3, 0x17,
    0xB1, 0x00, 0x0E, 0x01, 0x06, 0x0B, 0x15, 0xFF, 0x1E, 0xA7, 0x3F, 0x5F, 0x05, 0x8B, 0x07, 0x27, 0x50, 0x20, 0xAC, 0x00, 0x0C, 0x20, 0x50, 0x22,
    0x04, 0xC2, 0x10, 0x6E, 0x15, 0xC3, 0x30, 0xEE, 0x1D, 0x03, 0x9E, 0x00, 0x01, 0x91, 0x00, 0x0D, 0x80, 0x50, 0xE2, 0x15, 0xC3, 0x10, 0xBA, 0x15,
    0x03, 0x50, 0xA8, 0x11, 0x02, 0x01, 0xAE, 0x00, 0x0D, 0x01, 0x06, 0x10, 0x88, 0x40, 0x02, 0x15, 0xEE, 0x50, 0x83, 0x1D, 0xE6, 0x60, 0x80, 0xB0,
    0x00, 0x09, 0x0F, 0x5C, 0x00, 0x50, 0x0B, 0x55, 0x00, 0x40, 0x0A, 0x54, 0xB6, 0x00, 0x09, 0x50, 0x0A, 0x00, 0x01, 0x54, 0x0E, 0x40, 0x01, 0x74,
    0x1F, 0xAB, 0x00, 0x81, 0x80, 0x0E, 0xE0, 0xD8, 0x31, 0x6A, 0x37, 0x7F, 0x3F, 0x1B, 0x39, 0xFD, 0xB4, 0xCA, 0x34, 0xD8, 0xE0, 0xB0, 0x00, 0x0B,
    0x20, 0x80, 0x15, 0x28, 0x00, 0x80, 0x15, 0xFC, 0x05, 0xC0, 0x17, 0xFE, 0xAF, 0x00, 0x0E, 0x07, 0x0D, 0x16, 0x2B, 0x75, 0xBB, 0x4E, 0x6F, 0x7E,
    0x1F, 0x16, 0x2B, 0x57, 0xAD, 0x47, 0xAE, 0x00, 0x0C, 0x40, 0xA0, 0x44, 0x0A, 0x01, 0x60, 0x54, 0x3B, 0x05, 0xE0, 0xDC, 0x33, 0x07, 0x9D, 0x00,
    0x01, 0x90, 0x00, 0x0C, 0x40, 0x8C, 0x51, 0x02, 0x41, 0xCC, 0x11, 0x0A, 0x41, 0x08, 0x54, 0x08, 0x01, 0xB3, 0x00, 0x0B, 0x08, 0x44, 0x08, 0x01,
    0x0E, 0x51, 0x98, 0x41, 0x06, 0x73, 0x9C, 0xC0, 0xAD, 0x00, 0x0C, 0xF8, 0x01, 0x0F, 0x00, 0xBA, 0xD1, 0x8B, 0x80, 0xE8, 0x41, 0x8A, 0x80, 0x80,
    0xB6, 0x00, 0x0A, 0x0A, 0x01, 0xA8, 0x00, 0x0E, 0x41, 0xAA, 0x00, 0x1F, 0x01, 0xF8, 0xAB, 0x00, 0x11, 0xC0, 0xFB, 0x64, 0x9A, 0xF5, 0xFB, 0xBF,
    0x5D, 0x0D, 0x0F, 0x7D, 0x9D, 0x78, 0xDB, 0xF5, 0x1A, 0xEC, 0xF0, 0xAF, 0x00, 0x0D, 0x20, 0x00, 0x00, 0x28, 0x40, 0x0A, 0x00, 0xFC, 0x45, 0x2B,
    0x00, 0xFE, 0xC0, 0x0F, 0xAB, 0x00, 0x11, 0x01, 0x0F, 0x17, 0x2C, 0x57, 0xAF, 0xFC, 0xDD, 0xD0, 0xFB, 0x5B, 0xD5, 0x9F, 0xEF, 0x17, 0xAC, 0x1F,
    0x07, 0xAE, 0x00, 0x0D, 0x80, 0x40, 0x88, 0x11, 0x08, 0x40, 0xB8, 0x45, 0x0C, 0xC1, 0x30, 0x47, 0x1C, 0x01, 0x9B, 0x00, 0x00, 0x8F, 0x00, 0x0A,
    0x30, 0x04, 0x00, 0x00, 0x38, 0x04, 0x00, 0x00, 0x20, 0x00, 0x02, 0xA4, 0x00, 0x00, 0x70, 0x90, 0x00, 0x0A, 0x02, 0x00, 0x20, 0x00, 0x01, 0x04,
    0x20, 0x00, 0x00, 0x04, 0x70, 0xAB, 0x00, 0x08, 0x55, 0x00, 0x00, 0x80, 0xC5, 0x40, 0x40, 0x20, 0x24, 0x80, 0x20, 0x03, 0x40, 0x40, 0x00, 0x80,
    0xB7, 0x00, 0x00, 0x10, 0x80, 0x00, 0x00, 0x55, 0x80, 0x00, 0x00, 0x55, 0xA9, 0x00, 0x14, 0xE0, 0x1D, 0x02, 0x41, 0x38, 0x0C, 0x86, 0xE2, 0xB3,
    0x13, 0xD3, 0x12, 0x22, 0xE6, 0x04, 0x08, 0xF0, 0xC1, 0x06, 0x18, 0xE0, 0xB3, 0x00, 0x00, 0x10, 0x80, 0x00, 0x00, 0x55, 0x80, 0x00, 0x00, 0x55,
    0x93, 0x00, 0x00, 0x0E, 0x85, 0x00, 0x00, 0x0E, 0x89, 0x00, 0x14, 0x07, 0x1C, 0x20, 0x43, 0x8E, 0x18, 0x30, 0x23, 0x64, 0x44, 0x44, 0x64, 0x66,
    0x21, 0x30, 0x1C, 0x8F, 0x41, 0x30, 0x1C, 0x03, 0x92, 0x00, 0x00, 0x01, 0x9A, 0x00, 0x0A, 0x20, 0x00, 0x02, 0x00, 0xC0, 0x10, 0x0B, 0x00, 0xC0,
    0x10, 0x07, 0x9A, 0x00, 0x00, 0x8D, 0x00, 0x09, 0xC0, 0x14, 0x03, 0x00, 0xE0, 0x14, 0x02, 0x00, 0x00, 0x10, 0xA7, 0x00, 0x00, 0x70, 0x96, 0x00,
    0x06, 0x02, 0x10, 0x80, 0x00, 0x03, 0x10, 0x80, 0xA7, 0x00, 0x09, 0x50, 0x03, 0x00, 0x80, 0x54, 0x62, 0x20, 0x10, 0x90, 0x92, 0x81, 0x90, 0x05,
    0x10, 0x20, 0x20, 0x60, 0x40, 0x80, 0xB6, 0x00, 0x00, 0x02, 0x80, 0x00, 0x05, 0x06, 0x40, 0x00, 0x00, 0x03, 0x40, 0xA6, 0x00, 0x16, 0xF9, 0x0E,
    0x01, 0xF0, 0x1C, 0x06, 0xC3, 0x31, 0x19, 0x08, 0xC4, 0x80, 0x04, 0x09, 0x11, 0xE1, 0x02, 0x0E, 0x18, 0xE0, 0x03, 0x0C, 0xF0, 0xB3, 0x00, 0x00,
    0x20, 0x80, 0x00, 0x05, 0xE0, 0x05, 0x00, 0x00, 0xE0, 0x01, 0x91, 0x00, 0x00, 0x0E, 0x85, 0x00, 0x00, 0x0E, 0x88, 0x00, 0x16, 0x07, 0x30, 0x40,
    0x87, 0x00, 0x30, 0x61, 0x46, 0xC0, 0x88, 0xB9, 0x90, 0x91, 0x88, 0x4C, 0x47, 0x60, 0x30, 0x1C, 0x87, 0x60, 0x38, 0x0F, 0x91, 0x00, 0x00, 0x01,
    0xA0, 0x00, 0x05, 0x20, 0x14, 0x02, 0x00, 0xE0, 0x14, 0x99, 0x00, 0x00, 0x8C, 0x00, 0x05, 0x50, 0x06, 0x00, 0x00, 0x10, 0x0A, 0xAC, 0x00, 0x00,
    0x70, 0x97, 0x00, 0x06, 0x01, 0x0A, 0x40, 0x00, 0x00, 0x06, 0x50, 0xA5, 0x00, 0x16, 0xBA, 0x00, 0x80, 0x40, 0x2A, 0x10, 0x10, 0x88, 0xC8, 0x48,
    0x40, 0x44, 0x64, 0x44, 0x48, 0x48, 0xC8, 0x98, 0x10, 0x00, 0x20, 0x40, 0x80, 0xBA, 0x00, 0x00, 0xAA, 0x80, 0x00, 0x00, 0xFA, 0xA3, 0x00, 0x1A,
    0xC0, 0x3D, 0x02, 0x00, 0x78, 0x0E, 0x03, 0xE1, 0x18, 0x0C, 0x44, 0x62, 0x00, 0x32, 0x22, 0xC4, 0x04, 0x08, 0x31, 0xC1, 0x02, 0x0C, 0xF8, 0x01,
    0x02, 0x3C, 0xC0, 0xB7, 0x00, 0x00, 0x2A, 0x80, 0x00, 0x00, 0x3F, 0x90, 0x00, 0x00, 0x0E, 0x85, 0x00, 0x00, 0x0E, 0x86, 0x00, 0x1A, 0x01, 0x1C,
    0x60, 0x80, 0x0D, 0x10, 0x60, 0xC7, 0x8C, 0x88, 0x11, 0x23, 0x20, 0x20, 0x02, 0x33, 0x10, 0x98, 0x86, 0x43, 0x60, 0x38, 0x0F, 0xC0, 0x60, 0x1E,
    0x01, 0x8F, 0x00, 0x00, 0x01, 0xA1, 0x00, 0x06, 0x40, 0x28, 0x05, 0x00, 0x00, 0x30, 0x05, 0x97, 0x00, 0x01, 0x8A, 0x00, 0x07, 0x40, 0x18, 0x51,
    0x06, 0x40, 0x28, 0x11, 0x0A, 0xA9, 0x00, 0x07, 0x80, 0x00, 0x80, 0x00, 0x80, 0x80, 0x40, 0x80, 0x93, 0x00, 0x07, 0x01, 0x0A, 0x44, 0x28, 0x00,
    0x06, 0x51, 0x18, 0xA3, 0x00, 0x19, 0x05, 0x3A, 0x40, 0xA0, 0x55, 0xA2, 0x98, 0xD4, 0xEC, 0xEA, 0x6A, 0x72, 0x56, 0x76, 0x56, 0x6A, 0x6A, 0xEC,
    0xFC, 0x54, 0x88, 0x30, 0x50, 0xA0, 0xC0, 0x80, 0x9D, 0x00, 0x00, 0x01, 0x97, 0x00, 0x05, 0xAA, 0x15, 0x80, 0x00, 0xFA, 0x05, 0xA1, 0x00, 0x1C,
    0xF8, 0xCE, 0x3C, 0x62, 0x3C, 0x7F, 0x8F, 0x73, 0xFD, 0x1C, 0xCE, 0x45, 0x73, 0x19, 0xBB, 0x23, 0xD5, 0x45, 0x8A, 0x35, 0xD9, 0xF2, 0x0D, 0xFE,
    0x7D, 0xE2, 0x3D, 0xC6, 0xF0, 0xB6, 0x00, 0x05, 0x2A, 0x54, 0x00, 0x00, 0x3F, 0x50, 0xA1, 0x00, 0x1C, 0x0F, 0x31, 0xDC, 0x63, 0x98, 0x0D, 0xD1,
    0xE7, 0xDF, 0x9C, 0xAB, 0x55, 0x63, 0x60, 0x28, 0x46, 0x77, 0x50, 0xB9, 0x96, 0x5F, 0xE7, 0x78, 0x3F, 0xDF, 0xE3, 0xDE, 0x31, 0x0F, 0xB3, 0x00,
    0x07, 0x40, 0xA8, 0x55, 0x0A, 0x00, 0x30, 0x45, 0x08, 0x96, 0x00, 0x01, 0x89, 0x00, 0x07, 0xE0, 0x44, 0x18, 0x01, 0xA0, 0x44, 0x28, 0x01, 0xAA,
    0x00, 0x82, 0x80, 0x03, 0x00, 0xC0, 0xC0, 0x80, 0x94, 0x00, 0x07, 0x04, 0x28, 0x00, 0xA0, 0x01, 0x18, 0x04, 0xE0, 0x9F, 0x00, 0x1C, 0x50, 0x00,
    0xC5, 0xE0, 0x54, 0xA8, 0x91, 0xCC, 0xEA, 0xF6, 0x75, 0xBB, 0xBB, 0xFB, 0x5B, 0x1B, 0x5B, 0xAB, 0xBB, 0x35, 0x74, 0x76, 0xEA, 0x54, 0x90, 0x28,
    0xD0, 0xE0, 0xC0, 0x9C, 0x00, 0x01, 0x01, 0x01, 0x97, 0x00, 0x06, 0x15, 0x80, 0x40, 0x00, 0x05, 0x00, 0x50, 0x9D, 0x00, 0x1F, 0x80, 0x7D, 0xFB,
    0x0E, 0xF9, 0x7F, 0x3F, 0xC7, 0xB9, 0x76, 0x1F, 0xC5, 0xD2, 0x01, 0x9D, 0x5D, 0x89, 0x05, 0x99, 0x49, 0xB3, 0x45, 0x1A, 0xFC, 0xF9, 0x07, 0x7F,
    0xFE, 0xF1, 0x06, 0xF3, 0xDC, 0xB6, 0x00, 0x06, 0x54, 0x80, 0x05, 0x00, 0x50, 0x80, 0x05, 0x9E, 0x00, 0x1E, 0x1F, 0x6F, 0xB0, 0xCF, 0x33, 0x58,
    0x81, 0xCD, 0x97, 0x38, 0x55, 0xAF, 0xC4, 0x50, 0x51, 0x9A, 0x55, 0xC4, 0x48, 0x2F, 0x51, 0x7C, 0x9F, 0x4F, 0xF1, 0x7F, 0xBF, 0xCF, 0xB0, 0x6F,
    0x1D, 0xB3, 0x00, 0x08, 0x80, 0x50, 0x8A, 0x10, 0x02, 0x40, 0x88, 0x10, 0x02, 0x94, 0x00, 0x01, 0x87, 0x00, 0x09, 0x80, 0x10, 0xE2, 0x04, 0x00,
    0x10, 0xA2, 0x04, 0x00, 0x00, 0x80, 0x80, 0x83, 0x40, 0x00, 0x00, 0x80, 0x80, 0x9E, 0x00, 0x00, 0x80, 0x81, 0x00, 0x04, 0x80, 0xC0, 0x00, 0x40,
    0x80, 0x95, 0x00, 0x05, 0xA2, 0x00, 0x00, 0x04, 0xE2, 0x10, 0x9D, 0x00, 0x1F, 0xAA, 0xD0, 0x60, 0xD0, 0x6A, 0x90, 0xCA, 0xB4, 0x75, 0x7B, 0xBA,
    0x55, 0xDD, 0xDD, 0xED, 0x4D, 0x2F, 0x6D, 0xAD, 0xDD, 0x55, 0x10, 0xBA, 0x73, 0x75, 0xA2, 0xCC, 0x94, 0x68, 0xF0, 0x60, 0x80, 0x9B, 0x00, 0x02,
    0x01, 0x00, 0x01, 0x97, 0x00, 0x05, 0x40, 0xAA, 0x00, 0x00, 0x50, 0x3A, 0x9B, 0x00, 0x22, 0xF0, 0x8E, 0x7C, 0x83, 0x5C, 0xFF, 0x1F, 0xE3, 0xDC,
    0x3F, 0x47, 0x23, 0xC9, 0x1C, 0x44, 0xAE, 0x44, 0x12, 0x16, 0xEA, 0x0C, 0x31, 0x51, 0xE2, 0x0D, 0xFE, 0x11, 0xE3, 0x1F, 0xF6, 0x78, 0x83, 0xDD,
    0x0E, 0xF0, 0xB5, 0x00, 0x06, 0x80, 0x05, 0x2A, 0x00, 0x80, 0x05, 0x3A, 0x9B, 0x00, 0x22, 0x07, 0x38, 0xDF, 0x61, 0x9C, 0x6F, 0x70, 0x47, 0x91,
    0x2C, 0x51, 0xA6, 0x4D, 0x9C, 0x81, 0x32, 0x15, 0x92, 0x11, 0xA2, 0x18, 0x1E, 0x45, 0xE7, 0x58, 0x3F, 0xD5, 0xE3, 0xFC, 0x7F, 0x9F, 0x60, 0xDD,
    0x38, 0x07, 0xB3, 0x00, 0x07, 0x80, 0x10, 0x22, 0x04, 0x80, 0x10, 0x62, 0x04, 0x93, 0x00, 0x00, 0x86, 0x00, 0x09, 0x40, 0x0A, 0x00, 0x00, 0x40,
    0x08, 0x01, 0x00, 0x80, 0x80, 0x80, 0x40, 0x80, 0x20, 0x00, 0x00, 0x82, 0x20, 0x80, 0x40, 0x01, 0x80, 0x80, 0xA0, 0x00, 0x07, 0x80, 0x00, 0x80,
    0x00, 0x80, 0x80, 0x40, 0x80, 0x8D, 0x00, 0x00, 0x10, 0x82, 0x00, 0x01, 0x01, 0x08, 0x80, 0x00, 0x01, 0x0A, 0x40, 0x99, 0x00, 0x0E, 0xA0, 0x01,
    0xC0, 0x30, 0x18, 0x84, 0xC2, 0x21, 0x39, 0x18, 0x8C, 0x44, 0x66, 0x22, 0x33, 0x80, 0x11, 0x10, 0x91, 0x11, 0x13, 0x10, 0x22, 0x22, 0x44, 0xC4,
    0x88, 0x18, 0x31, 0x60, 0xC2, 0x04, 0x18, 0x30, 0xC0, 0x9A, 0x00, 0x00, 0xC0, 0x81, 0x00, 0x00, 0x01, 0x96, 0x00, 0x00, 0x01, 0x80, 0x00, 0x01,
    0x01, 0x80, 0x98, 0x00, 0x12, 0xFC, 0x03, 0x00, 0x70, 0x1F, 0x01, 0x00, 0x50, 0x0E, 0x01, 0xE0, 0x10, 0x0C, 0x04, 0xE2, 0x11, 0x00, 0x01, 0x08,
    0x80, 0x01, 0x0E, 0x82, 0x04, 0x0C, 0x50, 0x81, 0x03, 0x0C, 0xD0, 0x00, 0x03, 0x3E, 0xF0, 0x00, 0x07, 0xF8, 0x8A, 0x00, 0x00, 0x80, 0x8A, 0x00,
    0x00, 0x01, 0x9F, 0x00, 0x00, 0x40, 0x89, 0x00, 0x00, 0x80, 0x8C, 0x00, 0x24, 0x1F, 0x60, 0x80, 0x07, 0x38, 0xC0, 0x80, 0x05, 0x20, 0x40, 0x83,
    0x04, 0x10, 0x00, 0x03, 0x44, 0xC8, 0x00, 0x08, 0x00, 0x48, 0x44, 0x23, 0x10, 0x18, 0x05, 0x80, 0x60, 0x38, 0x05, 0x80, 0x60, 0x3E, 0x07, 0x80,
    0x70, 0x1F, 0x80, 0x00, 0x00, 0xC0, 0x86, 0x00, 0x00, 0x03, 0xA7, 0x00, 0x01, 0x40, 0x08, 0x80, 0x00, 0x01, 0x38, 0x01, 0x91, 0x00, 0x01, 0x85,
    0x00, 0x1E, 0x20, 0x41, 0x0A, 0x00, 0x20, 0x40, 0x88, 0x01, 0x40, 0xC0, 0xA0, 0x40, 0x50, 0xD0, 0xB0, 0x30, 0xA8, 0x88, 0xA8, 0xA0, 0xA0, 0xB0,
    0xB0, 0x50, 0x50, 0x40, 0xA0, 0xC0, 0x40, 0x80, 0x80, 0x9D, 0x00, 0x06, 0x80, 0x00, 0x80, 0x00, 0x00, 0x80, 0xC0, 0x80, 0x80, 0x01, 0x40, 0x80,
    0x89, 0x00, 0x02, 0x40, 0x20, 0x40, 0x80, 0x00, 0x07, 0x01, 0x08, 0x00, 0x20, 0x00, 0x0A, 0x41, 0x20, 0x97, 0x00, 0x25, 0x54, 0x20, 0x21, 0xD8,
    0x34, 0xDA, 0xC5, 0xF2, 0x3D, 0xB5, 0x5C, 0xAE, 0x75, 0x77, 0x23, 0xBB, 0x51, 0xDD, 0x55, 0x99, 0x51, 0x1B, 0x18, 0xAB, 0x33, 0x55, 0xC5, 0xEA,
    0x5C, 0xBD, 0x78, 0xF3, 0x65, 0x9A, 0x3C, 0xD8, 0x60, 0x80, 0x9D, 0x00, 0x00, 0x01, 0x80, 0x00, 0x00, 0x01, 0x8A, 0x00, 0x02, 0x02, 0x00, 0x02,
    0x82, 0x00, 0x06, 0x01, 0x00, 0x40, 0x00, 0x01, 0x80, 0x54, 0x95, 0x00, 0x14, 0xE0, 0x1F, 0xFC, 0x03, 0xFC, 0x77, 0x1F, 0xC1, 0x3C, 0x57, 0x0F,
    0x41, 0xE8, 0x16, 0x0F, 0x44, 0xE2, 0x11, 0x04, 0x05, 0x08, 0x80, 0x01, 0x10, 0x92, 0x45, 0x0E, 0x54, 0x99, 0x43, 0x0D, 0xD4, 0xF8, 0x03, 0x3F,
    0xFF, 0xFA, 0x07, 0xF9, 0x1E, 0xE0, 0xB7, 0x00, 0x04, 0x04, 0x00, 0x40, 0x00, 0x15, 0x95, 0x00, 0x28, 0x03, 0x38, 0xDF, 0x60, 0x9F, 0x67, 0xB8,
    0xC5, 0x98, 0x45, 0xA0, 0x45, 0x9B, 0x04, 0x50, 0x05, 0x8B, 0x44, 0xC8, 0x00, 0x08, 0x10, 0xC8, 0x44, 0xAB, 0x51, 0x78, 0x15, 0x8C, 0x61, 0xF8,
    0x55, 0x9F, 0x61, 0xFE, 0x7F, 0x8F, 0x70, 0xDF, 0x3C, 0x03, 0xB3, 0x00, 0x07, 0x40, 0x08, 0x00, 0x02, 0x00, 0x38, 0x41, 0x06, 0x90, 0x00, 0x00,
    0x83, 0x00, 0x0E, 0x80, 0x04, 0x00, 0x80, 0x00, 0x00, 0x80, 0x40, 0x40, 0x20, 0x30, 0x10, 0x80, 0xC8, 0xC8, 0x80, 0x44, 0x02, 0x64, 0x44, 0x64,
    0x80, 0x44, 0x0A, 0x40, 0x40, 0x88, 0x88, 0x90, 0x10, 0x20, 0x20, 0x40, 0x00, 0x80, 0xA5, 0x00, 0x07, 0x80, 0x00, 0x80, 0x00, 0x80, 0x80, 0x40,
    0x80, 0x83, 0x00, 0x02, 0x50, 0x20, 0x40, 0x88, 0x00, 0x01, 0x04, 0x80, 0x94, 0x00, 0x27, 0x82, 0x40, 0x10, 0x0F, 0xC6, 0x61, 0x30, 0x18, 0x8E,
    0x46, 0x23, 0x11, 0x19, 0x00, 0x8C, 0x44, 0x24, 0x04, 0x22, 0x00, 0x22, 0x00, 0x22, 0x04, 0x04, 0x44, 0x88, 0x08, 0x11, 0x31, 0x62, 0xC4, 0x0C,
    0x18, 0x31, 0xC1, 0x86, 0x04, 0x30, 0xC0, 0x97, 0x00, 0x00, 0xC0, 0x8B, 0x00, 0x00, 0x01, 0x84, 0x00, 0x02, 0x01, 0x00, 0x01, 0x82, 0x00, 0x00,
    0x38, 0x83, 0x00, 0x00, 0x02, 0x93, 0x00, 0x0F, 0xFC, 0x07, 0x00, 0xE0, 0x5D, 0x03, 0x00, 0xF0, 0x04, 0x03, 0x00, 0xA0, 0x04, 0x03, 0x41, 0x20,
    0x80, 0x00, 0x00, 0x02, 0x80, 0x00, 0x00, 0x02, 0x80, 0x00, 0x0F, 0x20, 0x01, 0x02, 0x04, 0xE0, 0x00, 0x03, 0x14, 0xE0, 0x00, 0x03, 0x7C, 0xC0,
    0x00, 0x07, 0xF0, 0x87, 0x00, 0x00, 0x80, 0x8A, 0x00, 0x00, 0x01, 0xA2, 0x00, 0x00, 0xA0, 0x86, 0x00, 0x00, 0x80, 0x89, 0x00, 0x10, 0x1F, 0xE0,
    0x00, 0x03, 0x14, 0xC0, 0x00, 0x0F, 0x10, 0x80, 0x01, 0x0E, 0x10, 0x00, 0x01, 0x8E, 0x10, 0x83, 0x00, 0x00, 0x20, 0x80, 0x00, 0x10, 0x82, 0x40,
    0x20, 0x10, 0x0F, 0x80, 0x60, 0x14, 0x07, 0x80, 0xE0, 0x1F, 0x03, 0x80, 0x70, 0x07, 0xC0, 0x86, 0x00, 0x00, 0x03, 0xAE, 0x00, 0x01, 0x80, 0x10,
    0x8F, 0x00, 0x00, 0x82, 0x00, 0x01, 0x50, 0x02, 0x80, 0x00, 0x0F, 0x80, 0x40, 0x20, 0x20, 0x10, 0x00, 0x88, 0x44, 0x64, 0x64, 0x22, 0x02, 0x32,
    0x12, 0x12, 0x10, 0x80, 0x12, 0x0D, 0x10, 0x22, 0x22, 0x20, 0x44, 0x44, 0x40, 0x88, 0x10, 0x10, 0x20, 0x40, 0xC0, 0x80, 0xAB, 0x00, 0x08, 0x80,
    0x00, 0x80, 0x00, 0x80, 0x80, 0xD0, 0xC0, 0x80, 0x89, 0x00, 0x01, 0x02, 0x10, 0x91, 0x00, 0x2B, 0xA8, 0x80, 0x20, 0x08, 0x86, 0xC1, 0x30, 0x10,
    0x0C, 0xC6, 0x23, 0x11, 0x08, 0x0C, 0x84, 0x00, 0x22, 0x11, 0x13, 0x11, 0x01, 0x11, 0x89, 0x11, 0x01, 0x11, 0x00, 0x02, 0x22, 0x44, 0x84, 0x00,
    0x10, 0x11, 0x63, 0x06, 0x0C, 0x18, 0x61, 0x43, 0x06, 0x18, 0x60, 0x80, 0x95, 0x00, 0x00, 0xC0, 0x93, 0x00, 0x01, 0x01, 0x01, 0x8C, 0x00, 0x00,
    0xA0, 0x90, 0x00, 0x0E, 0xFE, 0x01, 0x00, 0x70, 0x0F, 0x00, 0x00, 0x10, 0x0F, 0x01, 0x80, 0x10, 0x02, 0x01, 0xA0, 0x87, 0x00, 0x00, 0x01, 0x80,
    0x00, 0x0F, 0x10, 0x80, 0x01, 0x06, 0x50, 0x80, 0x01, 0x06, 0xD0, 0x00, 0x01, 0x0E, 0xD0, 0x00, 0x01, 0xFE, 0x86, 0x00, 0x00, 0x80, 0x8A, 0x00,
    0x00, 0x01, 0xA4, 0x00, 0x00, 0x02, 0x84, 0x00, 0x00, 0x80, 0x88, 0x00, 0x0E, 0x3E, 0xC0, 0x00, 0x07, 0x60, 0x00, 0x00, 0x14, 0x60, 0x00, 0x03,
    0x14, 0x60, 0x40, 0x03, 0x87, 0x00, 0x00, 0x40, 0x80, 0x00, 0x0F, 0x04, 0x80, 0x40, 0x20, 0x05, 0x00, 0x40, 0x70, 0x05, 0x00, 0x40, 0x78, 0x05,
    0x00, 0xC0, 0xFF, 0x86, 0x00, 0x00, 0x03, 0xB0, 0x00, 0x00, 0x20, 0x8E, 0x00, 0x01, 0x81, 0x00, 0x28, 0x08, 0x50, 0x02, 0x00, 0x80, 0x40, 0xA0,
    0x50, 0x38, 0xA8, 0x94, 0x44, 0xEA, 0x76, 0x57, 0x75, 0xBB, 0x9B, 0xBA, 0x12, 0x9A, 0x58, 0x9A, 0x12, 0x9A, 0x18, 0xAB, 0x33, 0x31, 0x55, 0x76,
    0x62, 0xEA, 0x54, 0x98, 0x28, 0x50, 0xC0, 0xE0, 0x40, 0x80, 0xA9, 0x00, 0x09, 0x80, 0x00, 0x80, 0x00, 0x80, 0x00, 0x00, 0x20, 0x40, 0x80, 0x88,
    0x00, 0x02, 0x02, 0x10, 0x08, 0x8F, 0x00, 0x2D, 0x01, 0xC8, 0x90, 0x2C, 0xCB, 0xE7, 0xD1, 0x3C, 0x16, 0xEF, 0xD7, 0x2B, 0x15, 0xCE, 0x4C, 0xA6,
    0x11, 0x2A, 0x11, 0x9B, 0x11, 0x01, 0x55, 0x89, 0x11, 0x01, 0x11, 0x88, 0x02, 0x33, 0x55, 0xA6, 0x40, 0x94, 0x19, 0x73, 0x27, 0xCF, 0x1C, 0x69,
    0x73, 0xE7, 0x19, 0x6C, 0x90, 0xE0, 0xAC, 0x00, 0x01, 0x02, 0x01, 0x82, 0x00, 0x00, 0x38, 0x85, 0x00, 0x01, 0xA0, 0x01, 0x8D, 0x00, 0x10, 0xF8,
    0x07, 0xFE, 0x01, 0xFE, 0x73, 0x0F, 0x40, 0x0E, 0x11, 0x0F, 0x41, 0x80, 0x11, 0x02, 0x51, 0xA0, 0x87, 0x00, 0x00, 0x01, 0x80, 0x00, 0x11, 0x10,
    0x88, 0x01, 0x06, 0x51, 0x98, 0x41, 0x06, 0xD1, 0xF8, 0x01, 0x0E, 0xD5, 0xFC, 0x01, 0xFE, 0x0F, 0xF0, 0xBA, 0x00, 0x01, 0x02, 0x40, 0x8D, 0x00,
    0x10, 0x0F, 0x70, 0xBE, 0xC0, 0x1F, 0x47, 0x60, 0x05, 0x38, 0x54, 0x60, 0x0D, 0x3B, 0x54, 0xE0, 0x45, 0x1B, 0x87, 0x00, 0x15, 0x40, 0x80, 0x00,
    0x00, 0x04, 0x88, 0x41, 0xA0, 0x45, 0x08, 0x41, 0xF0, 0x45, 0x3F, 0x41, 0xF8, 0x55, 0x3F, 0xC0, 0x7F, 0x78, 0x0F, 0xB8, 0x00, 0x02, 0x20, 0x00,
    0x08, 0x8C, 0x00, 0x00, 0x02, 0x00, 0x00, 0x20, 0x80, 0x00, 0x0C, 0x80, 0x40, 0x20, 0x90, 0x18, 0x80, 0xC4, 0x40, 0x22, 0x11, 0x19, 0x09, 0x88,
    0x80, 0x44, 0x18, 0x26, 0x04, 0x26, 0x04, 0x22, 0x04, 0x26, 0x04, 0x04, 0x44, 0x44, 0x88, 0x88, 0x10, 0x11, 0x11, 0x22, 0x40, 0xC4, 0x08, 0x10,
    0x30, 0x60, 0xC0, 0x80, 0xAB, 0x00, 0x05, 0x80, 0xC0, 0xF0, 0xE0, 0x60, 0xC0, 0x9C, 0x00, 0x30, 0x80, 0x30, 0x0C, 0x86, 0xE1, 0x10, 0x0C, 0x07,
    0xC3, 0x11, 0x00, 0x04, 0x86, 0x43, 0x21, 0x10, 0x08, 0x04, 0x04, 0x44, 0x02, 0x00, 0x22, 0x00, 0x02, 0x00, 0x22, 0x00, 0x00, 0x04, 0x00, 0x00,
    0x08, 0x11, 0x20, 0x40, 0x84, 0x00, 0x10, 0x41, 0x83, 0x04, 0x18, 0x50, 0xC1, 0x02, 0x0C, 0x10, 0x80, 0x92, 0x00, 0x00, 0xC0, 0x92, 0x00, 0x04,
    0x01, 0x03, 0x02, 0x03, 0x01, 0x81, 0x00, 0x00, 0x38, 0x96, 0x00, 0x0F, 0xFC, 0x01, 0x00, 0xF0, 0x1F, 0x00, 0x00, 0xF0, 0x05, 0x01, 0x00, 0xA0,
    0x04, 0x01, 0x00, 0xA0, 0x8F, 0x00, 0x10, 0x04, 0x20, 0x00, 0x01, 0x04, 0xE8, 0x00, 0x03, 0x04, 0xE0, 0x00, 0x01, 0x77, 0xE0, 0x00, 0x03, 0x7C,
    0x83, 0x00, 0x00, 0x80, 0x8A, 0x00, 0x00, 0x01, 0xAC, 0x00, 0x00, 0x80, 0x85, 0x00, 0x10, 0x1D, 0xC0, 0x00, 0x07, 0x50, 0x80, 0x00, 0x0E, 0x40,
    0x80, 0x00, 0x1E, 0x40, 0x80, 0x00, 0x0E, 0x10, 0x8E, 0x00, 0x10, 0x10, 0x02, 0x00, 0x80, 0x10, 0x0E, 0x00, 0x80, 0x10, 0x0F, 0x00, 0xC0, 0x77,
    0x03, 0x00, 0xE0, 0x1F, 0x83, 0x00, 0x00, 0x03, 0xC2, 0x00, 0x00, 0x81, 0x00, 0x10, 0x80, 0xC0, 0x20, 0x10, 0x08, 0x84, 0xC6, 0x42, 0x21, 0x11,
    0x88, 0x04, 0x84, 0x44, 0x22, 0x02, 0x22, 0x80, 0x11, 0x00, 0x01, 0x80, 0x11, 0x12, 0x01, 0x11, 0x01, 0x02, 0x22, 0x00, 0x46, 0x44, 0x84, 0x08,
    0x18, 0x11, 0x20, 0x42, 0x84, 0x00, 0x18, 0x10, 0x60, 0xAA, 0x00, 0x08, 0x80, 0xE0, 0x90, 0xD0, 0xE8, 0x90, 0x10, 0x60, 0x80, 0x98, 0x00, 0x20,
    0x08, 0x40, 0x18, 0x06, 0xC3, 0x50, 0x08, 0x04, 0x83, 0x41, 0x30, 0x00, 0x04, 0x41, 0x21, 0x10, 0x08, 0x04, 0x80, 0x00, 0x22, 0x00, 0x00, 0x01,
    0x00, 0x01, 0x00, 0x01, 0x00, 0x01, 0x00, 0x00, 0x22, 0x80, 0x00, 0x0F, 0x08, 0x10, 0x21, 0x00, 0x04, 0x08, 0x30, 0x41, 0x02, 0x0C, 0x18, 0x40,
    0x81, 0x04, 0x18, 0x40, 0xA5, 0x00, 0x07, 0x01, 0x03, 0x05, 0x04, 0x09, 0x04, 0x04, 0x03, 0x80, 0x00, 0x00, 0x10, 0x95, 0x00, 0x11, 0x2F, 0x00,
    0x00, 0x76, 0x07, 0x00, 0x00, 0x14, 0x03, 0x00, 0x80, 0x00, 0x03, 0x00, 0xA0, 0x00, 0x00, 0x01, 0x8F, 0x00, 0x00, 0x02, 0x80, 0x00, 0x0D, 0x02,
    0x54, 0x00, 0x00, 0x07, 0xD4, 0x00, 0x00, 0x07, 0xD0, 0x00, 0x00, 0x1F, 0x40, 0x81, 0x00, 0x00, 0x80, 0xBC, 0x00, 0x00, 0x0E, 0x82, 0x00, 0x10,
    0x60, 0x00, 0x00, 0x15, 0xE0, 0x00, 0x00, 0x14, 0xC0, 0x00, 0x03, 0x10, 0x40, 0x00, 0x03, 0x10, 0x60, 0x90, 0x00, 0x00, 0x20, 0x80, 0x00, 0x0D,
    0x20, 0x05, 0x00, 0x00, 0xE0, 0x15, 0x00, 0x00, 0xF0, 0x1D, 0x00, 0x00, 0x7C, 0x01, 0x81, 0x00, 0x00, 0x03, 0xC2, 0x00, 0x00, 0x80, 0x00, 0x0D,
    0x80, 0x60, 0x10, 0x08, 0x04, 0xC6, 0x40, 0x31, 0x10, 0x88, 0x04, 0x06, 0x02, 0x22, 0x80, 0x11, 0x1D, 0x88, 0x00, 0x88, 0x00, 0x08, 0x44, 0x00,
    0x00, 0x08, 0x00, 0x88, 0x00, 0x89, 0x11, 0x11, 0x01, 0x22, 0x40, 0x04, 0x04, 0x08, 0x10, 0x21, 0x42, 0x84, 0x0C, 0x18, 0x30, 0x40, 0x80, 0xA0,
    0x00, 0x01, 0x80, 0x80, 0x81, 0x00, 0x0A, 0xE0, 0xB0, 0x88, 0xC4, 0xE4, 0xA4, 0x64, 0xCC, 0x08, 0x30, 0xE0, 0x97, 0x00, 0x08, 0x20, 0x04, 0x03,
    0xE1, 0x38, 0x04, 0x03, 0x41, 0x30, 0x80, 0x00, 0x07, 0xE1, 0x10, 0x00, 0x00, 0x82, 0x40, 0x00, 0x01, 0x8A, 0x00, 0x14, 0x01, 0x00, 0x00, 0x04,
    0x04, 0x08, 0x00, 0x41, 0x00, 0x00, 0x10, 0x60, 0x01, 0x06, 0x04, 0x70, 0xC0, 0x03, 0x04, 0x30, 0x80, 0xA2, 0x00, 0x0C, 0x03, 0x04, 0x08, 0x11,
    0x13, 0x12, 0x13, 0x19, 0x08, 0x06, 0x03, 0x00, 0x10, 0x97, 0x00, 0x0B, 0xBF, 0x01, 0x00, 0x00, 0x0E, 0x01, 0x00, 0x40, 0x00, 0x01, 0x00, 0x40,
    0x98, 0x00, 0x0D, 0x01, 0x0A, 0x00, 0x00, 0x01, 0x3A, 0x00, 0x00, 0x01, 0xFE, 0x00, 0x00, 0x01, 0xF8, 0x80, 0x00, 0x00, 0x80, 0xBC, 0x00, 0x00,
    0x0E, 0x84, 0x00, 0x0D, 0x3A, 0x00, 0x00, 0x05, 0x28, 0x00, 0x00, 0x05, 0x20, 0x00, 0x00, 0x05, 0x28, 0x40, 0x96, 0x00, 0x0D, 0x40, 0x28, 0x01,
    0x00, 0x40, 0x3F, 0x01, 0x80, 0xC0, 0x3F, 0x00, 0x00, 0xC0, 0x1F, 0x80, 0x00, 0x00, 0x03, 0xC2, 0x00, 0x00, 0x32, 0x00, 0x80, 0xE0, 0x30, 0x08,
    0x04, 0xC2, 0x61, 0x31, 0x10, 0x08, 0x04, 0x46, 0x01, 0x21, 0x11, 0x08, 0x00, 0x88, 0x04, 0x04, 0x44, 0x22, 0x00, 0x22, 0x00, 0x22, 0x00, 0x22,
    0x00, 0x20, 0x44, 0x04, 0x04, 0x88, 0x00, 0x10, 0x11, 0x21, 0x42, 0x46, 0x04, 0x08, 0x10, 0x21, 0x40, 0x86, 0x04, 0x18, 0x00, 0x40, 0xA0, 0x00,
    0x10, 0x80, 0x80, 0x00, 0x00, 0xF0, 0x08, 0x84, 0xE2, 0xB2, 0xF2, 0x92, 0x12, 0x32, 0xE6, 0x04, 0x08, 0xF0, 0x96, 0x00, 0x10, 0x02, 0xC1, 0xF0,
    0x14, 0x02, 0x81, 0xE0, 0x10, 0x0C, 0x00, 0x81, 0x10, 0x08, 0x00, 0x00, 0x40, 0x20, 0x96, 0x00, 0x0C, 0x81, 0x04, 0x08, 0x10, 0x80, 0x03, 0x06,
    0x18, 0xE0, 0x01, 0x06, 0x18, 0xE0, 0xA0, 0x00, 0x0D, 0x07, 0x08, 0x10, 0x23, 0x27, 0x24, 0x2C, 0x24, 0x26, 0x33, 0x10, 0x0C, 0x07, 0x10, 0x95,
    0x00, 0x08, 0xA0, 0x05, 0x00, 0x00, 0xA0, 0x05, 0x00, 0x00, 0x80, 0x80, 0x00, 0x00, 0x80, 0x9A, 0x00, 0x10, 0x02, 0x04, 0xA8, 0x00, 0x00, 0x05,
    0xE8, 0x00, 0x00, 0x17, 0xE0, 0x00, 0x00, 0x77, 0x00, 0x00, 0x80, 0xBC, 0x00, 0x00, 0x0E, 0x82, 0x00, 0x0E, 0x02, 0x40, 0x00, 0x00, 0x0E, 0x40,
    0x00, 0x00, 0x1E, 0x40, 0x80, 0x00, 0x0E, 0x00, 0x80, 0x98, 0x00, 0x10, 0x80, 0x10, 0x0A, 0x00, 0x80, 0x50, 0x0A, 0x00, 0x80, 0x74, 0x0F, 0x00,
    0x80, 0x77, 0x00, 0x00, 0x03, 0xC2, 0x00, 0x00, 0x34, 0xC0, 0x20, 0x18, 0x04, 0xC2, 0x41, 0x31, 0x10, 0x0C, 0x04, 0xC2, 0x01, 0x01, 0x00, 0x08,
    0x04, 0x04, 0x44, 0x22, 0x00, 0x02, 0x01, 0x00, 0x11, 0x00, 0x01, 0x00, 0x01, 0x00, 0x11, 0x00, 0x01, 0x02, 0x00, 0x22, 0x04, 0x04, 0x00, 0x08,
    0x10, 0x21, 0x01, 0x02, 0x04, 0x08, 0x10, 0x21, 0x43, 0x86, 0x0C, 0x10, 0x20, 0xC0, 0xA0, 0x00, 0x06, 0xE0, 0x98, 0x04, 0xC2, 0x71, 0x99, 0x88,
    0x80, 0xCC, 0x06, 0x09, 0x19, 0xF3, 0xC2, 0x04, 0x38, 0xC0, 0x94, 0x00, 0x0A, 0x80, 0x18, 0x08, 0x01, 0xC0, 0x50, 0x08, 0x00, 0x00, 0x40, 0x20,
    0x80, 0x00, 0x00, 0x20, 0x96, 0x00, 0x10, 0x04, 0x00, 0x00, 0x40, 0x82, 0x04, 0x78, 0x40, 0x81, 0x01, 0x0C, 0x70, 0x80, 0x01, 0x0C, 0x70, 0x80,
    0x9C, 0x00, 0x10, 0x03, 0x0C, 0x10, 0x21, 0x47, 0x4C, 0x89, 0x9D, 0x91, 0x99, 0x48, 0x4C, 0x47, 0x21, 0x18, 0x1E, 0x03, 0x94, 0x00, 0x04, 0x02,
    0x00, 0x00, 0x14, 0x03, 0xA5, 0x00, 0x0D, 0x14, 0x00, 0x00, 0x03, 0x54, 0x00, 0x00, 0x03, 0xDC, 0x00, 0x00, 0x07, 0xD0, 0x80, 0xBC, 0x00, 0x00,
    0x0E, 0x85, 0x00, 0x09, 0x10, 0x80, 0x00, 0x00, 0x10, 0x80, 0x00, 0x00, 0x10, 0x20, 0x9C, 0x00, 0x0E, 0x80, 0x04, 0x00, 0x00, 0xE0, 0x15, 0x00,
    0x00, 0xE0, 0x1D, 0x00, 0x00, 0xF0, 0x05, 0x03, 0xC2, 0x00, 0x00, 0x16, 0x30, 0x0C, 0x82, 0x41, 0x30, 0x18, 0x08, 0x04, 0xC2, 0x41, 0x20, 0x00,
    0x08, 0x04, 0x02, 0x00, 0x22, 0x01, 0x00, 0x00, 0x08, 0x00, 0x08, 0x84, 0x00, 0x18, 0x08, 0x00, 0x08, 0x00, 0x00, 0x01, 0x22, 0x00, 0x00, 0x04,
    0x08, 0x10, 0x01, 0x01, 0x02, 0x04, 0x08, 0x10, 0x21, 0xC1, 0x86, 0x00, 0x10, 0x40, 0x80, 0x9D, 0x00, 0x12, 0xF0, 0x0C, 0x02, 0xF1, 0x98, 0x8C,
    0xC4, 0x62, 0xB2, 0xB2, 0x22, 0xE6, 0x04, 0x0C, 0x19, 0xE1, 0x02, 0x0C, 0xF0, 0x93, 0x00, 0x08, 0x08, 0x04, 0x01, 0x40, 0x28, 0x04, 0x02, 0x41,
    0x20, 0xA0, 0x00, 0x0D, 0x20, 0x01, 0x02, 0x04, 0x20, 0x40, 0x01, 0x04, 0x18, 0xC0, 0x01, 0x06, 0x18, 0xC0, 0x9A, 0x00, 0x12, 0x07, 0x18, 0x20,
    0x47, 0x8C, 0x98, 0x11, 0x23, 0x26, 0x2C, 0x26, 0x33, 0x11, 0x98, 0x8C, 0x43, 0x30, 0x18, 0x07, 0x95, 0x00, 0x01, 0x0B, 0x01, 0xA7, 0x00, 0x00,
    0x0A, 0x80, 0x00, 0x08, 0x1A, 0x00, 0x00, 0x01, 0xFE, 0x00, 0x00, 0x01, 0xFE, 0x9F, 0x00, 0x84, 0x01, 0x9B, 0x00, 0x08, 0x20, 0x00, 0x00, 0x05,
    0x20, 0x00, 0x00, 0x01, 0x20, 0xA0, 0x00, 0x0C, 0x28, 0x00, 0x80, 0x00, 0x38, 0x00, 0x00, 0xC0, 0x3F, 0x01, 0x00, 0xC0, 0x3F, 0xC2, 0x00, 0x00,
    0x0F, 0x04, 0x41, 0x20, 0x10, 0x0C, 0x04, 0x82, 0x01, 0x20, 0x00, 0x08, 0x00, 0x02, 0x01, 0x00, 0x10, 0x85, 0x00, 0x04, 0x02, 0x00, 0x02, 0x00,
    0x02, 0x81, 0x00, 0x00, 0x04, 0x80, 0x00, 0x13, 0x01, 0x00, 0x00, 0x02, 0x04, 0x08, 0x10, 0x20, 0x41, 0x82, 0x04, 0x08, 0x10, 0x61, 0x03, 0x04,
    0x08, 0x30, 0x40, 0x80, 0x99, 0x00, 0x16, 0xC0, 0x38, 0x06, 0xC1, 0xF8, 0x0C, 0x06, 0xE3, 0x31, 0x19, 0x09, 0xC9, 0x49, 0x11, 0x23, 0xC2, 0x06,
    0x1C, 0xF0, 0x01, 0x06, 0x78, 0x40, 0x91, 0x00, 0x07, 0x02, 0x00, 0xB0, 0x04, 0x02, 0x01, 0x20, 0x10, 0xA2, 0x00, 0x0D, 0x10, 0x00, 0x01, 0x06,
    0x10, 0x20, 0x00, 0x03, 0x0C, 0x70, 0x00, 0x01, 0x0C, 0x70, 0x97, 0x00, 0x16, 0x01, 0x0E, 0x30, 0x41, 0x8F, 0x18, 0x30, 0x63, 0x46, 0x4C, 0x48,
    0xC9, 0xC8, 0x4C, 0x46, 0x23, 0x30, 0x1C, 0x87, 0x60, 0x30, 0x0F, 0x01, 0x92, 0x00, 0x00, 0x05, 0xA5, 0x00, 0x00, 0x02, 0x81, 0x00, 0x0D, 0x01,
    0xA0, 0x00, 0x00, 0x05, 0xE8, 0x00, 0x00, 0x07, 0xE8, 0x00, 0x00, 0x07, 0xA0, 0x9A, 0x00, 0x04, 0x01, 0x01, 0x02, 0x02, 0x00, 0x80, 0x04, 0x80,
    0x02, 0x01, 0x01, 0x01, 0x90, 0x00, 0x00, 0x0E, 0x82, 0x00, 0x08, 0x08, 0x40, 0x00, 0x00, 0x0A, 0x40, 0x00, 0x00, 0x02, 0xA4, 0x00, 0x0C, 0x02,
    0x00, 0x00, 0x50, 0x0A, 0x00, 0x00, 0x50, 0x0F, 0x00, 0x00, 0x70, 0x02, 0xC0, 0x00, 0x00, 0x0E, 0x00, 0x10, 0x0C, 0x04, 0x82, 0x41, 0x30, 0x10,
    0x08, 0x04, 0x02, 0x01, 0x00, 0x00, 0x08, 0x94, 0x00, 0x00, 0x08, 0x80, 0x00, 0x0F, 0x02, 0x04, 0x08, 0x10, 0x20, 0x41, 0x82, 0x04, 0x08, 0x30,
    0x61, 0x00, 0x04, 0x10, 0x20, 0xC0, 0x8B, 0x00, 0x00, 0x80, 0x88, 0x00, 0x18, 0xF0, 0x0C, 0x03, 0xE0, 0x3C, 0x04, 0x03, 0xF1, 0x18, 0x0C, 0xC4,
    0x44, 0xA4, 0x44, 0x84, 0x08, 0x11, 0xE1, 0x02, 0x04, 0xF8, 0xC0, 0x03, 0x0C, 0xF0, 0x90, 0x00, 0x09, 0x80, 0x10, 0x02, 0x01, 0x00, 0x50, 0x08,
    0x00, 0x00, 0x01, 0xA1, 0x00, 0x0E, 0x08, 0x00, 0x00, 0x01, 0x08, 0x10, 0x80, 0x01, 0x06, 0x10, 0xE0, 0x00, 0x02, 0x10, 0xC0, 0x88, 0x00, 0x00,
    0xC0, 0x88, 0x00, 0x18, 0x07, 0x18, 0x60, 0x83, 0x1C, 0x10, 0x60, 0x47, 0x8C, 0x98, 0x11, 0x13, 0x12, 0x11, 0x90, 0x98, 0xCC, 0x47, 0x60, 0x30,
    0x0F, 0x81, 0x60, 0x18, 0x07, 0x90, 0x00, 0x00, 0x02, 0xA6, 0x00, 0x00, 0x07, 0x87, 0x00, 0x08, 0x54, 0x00, 0x00, 0x01, 0xD4, 0x00, 0x00, 0x01,
    0xDC, 0x87, 0x00, 0x00, 0x01, 0x89, 0x00, 0x08, 0x70, 0x00, 0x00, 0x01, 0x02, 0x02, 0x04, 0x04, 0x08, 0x82, 0x09, 0x05, 0x00, 0x04, 0x04, 0x02,
    0x02, 0x01, 0x97, 0x00, 0x01, 0x10, 0x80, 0xAC, 0x00, 0x09, 0xC0, 0x15, 0x00, 0x00, 0xC0, 0x55, 0x00, 0x00, 0xC0, 0x1D, 0xBF, 0x00, 0x00, 0x09,
    0x08, 0x04, 0x02, 0x01, 0x20, 0x10, 0x08, 0x00, 0x02, 0x01, 0x9E, 0x00, 0x0F, 0x01, 0x02, 0x04, 0x08, 0x10, 0x20, 0x41, 0x82, 0x04, 0x18, 0x00,
    0x81, 0x02, 0x0C, 0x10, 0x60, 0x8A, 0x00, 0x00, 0x80, 0x87, 0x00, 0x1A, 0x78, 0x06, 0x01, 0xF8, 0x0E, 0x03, 0xC1, 0x38, 0x04, 0x06, 0xC2, 0x32,
    0x11, 0x92, 0x10, 0x22, 0x42, 0x04, 0x08, 0xF0, 0x01, 0x06, 0x1C, 0xF0, 0x01, 0x06, 0xF8, 0x8F, 0x00, 0x00, 0x08, 0x81, 0x00, 0x00, 0x04, 0xA9,
    0x00, 0x0B, 0x01, 0x00, 0x08, 0x40, 0x00, 0x01, 0x0C, 0x50, 0x80, 0x01, 0x0E, 0x50, 0x87, 0x00, 0x00, 0xC0, 0x87, 0x00, 0x1A, 0x1F, 0x60, 0xC0,
    0x0F, 0x38, 0x60, 0xC1, 0x8E, 0x10, 0x30, 0x21, 0x26, 0x46, 0x44, 0x44, 0x22, 0x21, 0x30, 0x18, 0x8F, 0x41, 0x70, 0x1C, 0x07, 0xC0, 0x30, 0x0F,
    0xB9, 0x00, 0x00, 0x07, 0x88, 0x00, 0x00, 0x0A, 0x80, 0x00, 0x00, 0x3F, 0x80, 0x00, 0x00, 0xFF, 0x86, 0x00, 0x00, 0x01, 0x89, 0x00, 0x07, 0x70,
    0x01, 0x02, 0x04, 0x04, 0x09, 0x11, 0x13, 0x83, 0x12, 0x07, 0x13, 0x13, 0x09, 0x08, 0x04, 0x04, 0x02, 0x01, 0x94, 0x00, 0x00, 0x20, 0xB0, 0x00,
    0x00, 0x28, 0x80, 0x00, 0x04, 0xBA, 0x01, 0x00, 0x00, 0xFF, 0xBE, 0x00, 0x01, 0x09, 0x0A, 0x05, 0x22, 0x11, 0x28, 0x14, 0x0A, 0x01, 0x02, 0x01,
    0x9E, 0x00, 0x11, 0x01, 0x02, 0x05, 0x0A, 0x14, 0x28, 0x51, 0xA2, 0x05, 0x1A, 0x04, 0x99, 0x42, 0x8D, 0x14, 0x68, 0x30, 0xC0, 0x91, 0x00, 0x1E,
    0xC0, 0x1E, 0x79, 0xE6, 0x7D, 0xFE, 0x0F, 0xF3, 0xD9, 0x3E, 0x06, 0xE7, 0xD3, 0x3A, 0x11, 0xDA, 0x18, 0x2B, 0x53, 0xE5, 0x08, 0xF4, 0x31, 0xE6,
    0x1D, 0xFE, 0x79, 0x06, 0xF9, 0x1C, 0xE0, 0x8D, 0x00, 0x05, 0x08, 0x00, 0x20, 0x00, 0x00, 0x04, 0x80, 0x00, 0x00, 0x01, 0xA5, 0x00, 0x0D, 0x01,
    0x00, 0x08, 0x44, 0x20, 0x01, 0x0D, 0x54, 0xB8, 0x41, 0x0E, 0x51, 0x18, 0x40, 0x8E, 0x00, 0x1E, 0x05, 0x38, 0x5F, 0xE3, 0xDF, 0x3F, 0x78, 0xE7,
    0xCD, 0xBE, 0x30, 0x73, 0xE5, 0xAE, 0x46, 0xC9, 0xC4, 0xAA, 0x65, 0x73, 0x18, 0xBF, 0x47, 0xF3, 0x5C, 0x3F, 0xDF, 0xB0, 0x4F, 0x3C, 0x03, 0xC3,
    0x00, 0x0A, 0x0A, 0x01, 0xA8, 0x00, 0x3F, 0x01, 0xE8, 0x00, 0xFF, 0x03, 0xE8, 0x90, 0x00, 0x18, 0x01, 0x02, 0x05, 0x0A, 0x15, 0x15, 0x2B, 0x37,
    0x37, 0x56, 0x5E, 0x56, 0x5E, 0x5E, 0x1E, 0x17, 0x35, 0x2F, 0x1B, 0x15, 0x0D, 0x0E, 0x05, 0x03, 0x01, 0x92, 0x00, 0x01, 0x20, 0x0E, 0xAF, 0x00,
    0x0A, 0x28, 0x40, 0x0A, 0x00, 0xBA, 0x41, 0x2F, 0x00, 0xFF, 0x40, 0x0F, 0xBC, 0x00, 0x01, 0x07, 0x02, 0x11, 0x28, 0x14, 0x0A, 0x04, 0x02, 0x01,
    0xA2, 0x00, 0x11, 0x01, 0x02, 0x05, 0x0A, 0x14, 0x28, 0x11, 0x22, 0x05, 0x1E, 0x40, 0xA1, 0x44, 0x8B, 0x34, 0xD8, 0x40, 0x80, 0x8E, 0x00, 0x20,
    0xF8, 0xC7, 0x1E, 0xF1, 0xFE, 0x7F, 0x06, 0x71, 0xFC, 0x19, 0xC7, 0x12, 0xE9, 0x15, 0xC8, 0x00, 0x6A, 0x0C, 0x8D, 0x15, 0xE9, 0x51, 0x85, 0x36,
    0xEC, 0xD1, 0x0F, 0x7F, 0x3C, 0xE1, 0x1D, 0xE6, 0xF8, 0x8D, 0x00, 0x01, 0x10, 0x20, 0xAF, 0x00, 0x0B, 0x04, 0x22, 0x10, 0xA1, 0x04, 0x3B, 0x44,
    0xE0, 0x01, 0x19, 0x44, 0xE0, 0x8C, 0x00, 0x20, 0x0F, 0x75, 0xB8, 0x47, 0xBB, 0x7F, 0xB0, 0x47, 0x9F, 0x4C, 0x71, 0x24, 0xCB, 0xD4, 0x89, 0x20,
    0xAF, 0x80, 0x99, 0x54, 0xCB, 0xC5, 0x70, 0x36, 0x9B, 0x45, 0xF8, 0x6F, 0xBE, 0x47, 0xFC, 0x73, 0x0F, 0xC3, 0x00, 0x0A, 0x01, 0xA8, 0x54, 0x00,
    0x01, 0xE8, 0x55, 0x00, 0x03, 0xE8, 0xDC, 0x8D, 0x00, 0x1B, 0x01, 0x03, 0x05, 0x0A, 0x15, 0x2B, 0x33, 0x55, 0x6E, 0x2E, 0xAD, 0xD5, 0xDD, 0xD5,
    0xDD, 0xDD, 0x9D, 0x95, 0xAE, 0x6A, 0x5F, 0x15, 0x2B, 0x1D, 0x1C, 0x0B, 0x07, 0x03, 0x92, 0x00, 0x00, 0x0E, 0xB0, 0x00, 0x0A, 0x40, 0x8A, 0x15,
    0x00, 0x40, 0xAF, 0x55, 0x00, 0x40, 0x8F, 0x5D, 0xBB, 0x00, 0x01, 0x04, 0x08, 0x14, 0x0A, 0x05, 0x02, 0xA7, 0x00, 0x10, 0x01, 0x02, 0x05, 0x0A,
    0x10, 0x28, 0x01, 0x07, 0x01, 0x24, 0x50, 0xA3, 0x05, 0x1A, 0x4C, 0xB0, 0x40, 0x8B, 0x00, 0x24, 0xA0, 0x1C, 0xFB, 0x07, 0xFC, 0xF7, 0x1F, 0xC3,
    0x3C, 0x76, 0x0F, 0xC1, 0xD9, 0x14, 0x0A, 0x44, 0xD1, 0x11, 0x23, 0x15, 0x84, 0x44, 0x0E, 0x5D, 0x99, 0x46, 0x0F, 0xD4, 0xF9, 0x07, 0x3D, 0xEE,
    0xF9, 0x06, 0xFB, 0x5C, 0x80, 0x8B, 0x00, 0x00, 0x10, 0xB1, 0x00, 0x0C, 0x02, 0x11, 0xA0, 0x00, 0x03, 0x05, 0xE6, 0x10, 0x81, 0x04, 0xE2, 0x10,
    0x80, 0x88, 0x00, 0x23, 0x03, 0x3C, 0xCF, 0x70, 0x9F, 0x77, 0xF8, 0x61, 0x9E, 0x37, 0x58, 0xC1, 0x49, 0x14, 0xA8, 0x11, 0x45, 0x60, 0x62, 0x44,
    0x11, 0x11, 0xA8, 0xD5, 0xCC, 0x31, 0x78, 0x15, 0xCF, 0x71, 0xFE, 0x7F, 0xCF, 0x70, 0xEF, 0x1D, 0xC4, 0x00, 0x09, 0x54, 0x02, 0x00, 0x00, 0x55,
    0x0B, 0x10, 0x00, 0xDC, 0x0F, 0x8B, 0x00, 0x0C, 0x01, 0x07, 0x0B, 0x14, 0x59, 0x57, 0x67, 0xAA, 0xDC, 0x5D, 0x3B, 0xAB, 0xB1, 0x81, 0xB5, 0x0D,
    0xB3, 0xB3, 0xAA, 0x5D, 0xDD, 0x9C, 0xAE, 0x55, 0x3B, 0x39, 0x16, 0x0F, 0x06, 0x01, 0x90, 0x00, 0x00, 0x0E, 0xB1, 0x00, 0x0B, 0x80, 0x15, 0x20,
    0x00, 0x80, 0x55, 0xB8, 0x01, 0x80, 0x5D, 0xF8, 0x01, 0x93, 0x00, 0x81, 0x01, 0x03, 0x02, 0x00, 0x02, 0x00, 0x81, 0x01, 0x97, 0x00, 0x01, 0x03,
    0x0A, 0x05, 0x02, 0x01, 0xAA, 0x00, 0x10, 0x01, 0x02, 0x01, 0x0A, 0x00, 0x01, 0x01, 0x84, 0x10, 0x28, 0x11, 0x62, 0x0D, 0x36, 0x40, 0x60, 0x80,
    0x88, 0x00, 0x26, 0xF0, 0xAF, 0x1C, 0xF3, 0x1C, 0xFF, 0x07, 0xF1, 0xCC, 0x3F, 0x07, 0xF3, 0xC4, 0x1A, 0x45, 0x22, 0x40, 0x19, 0x01, 0x01, 0x11,
    0x08, 0x50, 0x27, 0x0C, 0x1E, 0x40, 0xE3, 0x05, 0xFA, 0x14, 0xE1, 0x0E, 0xFF, 0x7C, 0x83, 0x5C, 0x8F, 0xF0, 0xC0, 0x00, 0x0C, 0x01, 0x00, 0x00,
    0x08, 0x01, 0x06, 0x11, 0x98, 0x40, 0x02, 0x11, 0x8E, 0x40, 0x86, 0x00, 0x26, 0x0F, 0x73, 0xBC, 0xC7, 0x1C, 0xFF, 0x70, 0xC7, 0x11, 0x7E, 0x30,
    0x46, 0x91, 0x28, 0x51, 0x26, 0x81, 0xCC, 0x50, 0xC0, 0x54, 0x88, 0x01, 0x62, 0x50, 0xBC, 0x11, 0xE7, 0xD0, 0x6F, 0x15, 0xC7, 0xF8, 0xFF, 0x1F,
    0xE2, 0x9D, 0x78, 0x07, 0xC3, 0x00, 0x0A, 0x02, 0x00, 0xA0, 0x00, 0x0B, 0x11, 0xEA, 0x00, 0x0F, 0x00, 0xFA, 0x87, 0x00, 0x22, 0x01, 0x06, 0x0D,
    0x16, 0x29, 0x56, 0xAD, 0xCE, 0x54, 0xB9, 0xB8, 0x77, 0x77, 0x66, 0xE8, 0xAC, 0x24, 0xAC, 0xAC, 0xAA, 0x62, 0x66, 0x55, 0xB3, 0xB9, 0xBD, 0x5C,
    0xAB, 0x75, 0x73, 0x2D, 0x1E, 0x0D, 0x02, 0x01, 0xC5, 0x00, 0x0A, 0x20, 0x00, 0x02, 0x00, 0xB8, 0x41, 0x2E, 0x00, 0xF8, 0x01, 0x2F, 0x8F, 0x00,
    0x12, 0x01, 0x01, 0x00, 0x03, 0x01, 0x05, 0x05, 0x06, 0x04, 0x06, 0x04, 0x05, 0x05, 0x03, 0x01, 0x02, 0x00, 0x01, 0x01, 0x93, 0x00, 0x00, 0xB6,
    0x00, 0x0B, 0x40, 0x00, 0x04, 0x08, 0x00, 0x80, 0x01, 0x04, 0x10, 0xC0, 0x00, 0x20, 0x80, 0x00, 0x00, 0x80, 0x80, 0x00, 0x28, 0xFE, 0x01, 0x00,
    0xF0, 0x0F, 0x01, 0x00, 0x70, 0x07, 0x01, 0xC0, 0x10, 0x06, 0x01, 0xA0, 0x10, 0x08, 0x04, 0x02, 0x38, 0x02, 0x00, 0x00, 0x04, 0x08, 0x10, 0xA1,
    0x03, 0x04, 0x50, 0x80, 0x01, 0x0E, 0xD0, 0x00, 0x01, 0x1E, 0xF0, 0x00, 0x03, 0xFC, 0xC7, 0x00, 0x05, 0x04, 0x68, 0x00, 0x00, 0x03, 0x38, 0x80,
    0x00, 0x00, 0x80, 0x80, 0x00, 0x28, 0x3F, 0xC0, 0x00, 0x07, 0x70, 0xC0, 0x00, 0x07, 0x60, 0xC0, 0x01, 0x04, 0x20, 0x40, 0x83, 0x04, 0x08, 0x10,
    0x20, 0x00, 0x20, 0x00, 0x20, 0x10, 0x08, 0x04, 0x82, 0x40, 0x30, 0x05, 0x80, 0x40, 0x38, 0x05, 0x00, 0xC0, 0x7C, 0x07, 0x00, 0xE0, 0x1F, 0xA1,
    0x00, 0x00, 0x1C, 0x9D, 0x00, 0x03, 0x80, 0x00, 0x00, 0x04, 0x80, 0x00, 0x00, 0x55, 0x80, 0x00, 0x00, 0x15, 0x85, 0x00, 0x24, 0x03, 0x04, 0x18,
    0x21, 0x43, 0x84, 0x08, 0x10, 0x21, 0x42, 0x44, 0x8C, 0x88, 0x80, 0x11, 0x11, 0x10, 0x10, 0x02, 0x10, 0x10, 0x11, 0x98, 0x80, 0x88, 0x44, 0x46,
    0x41, 0x31, 0x10, 0x8C, 0xC4, 0x43, 0x31, 0x18, 0x04, 0x03, 0x8D, 0x00, 0x00, 0x04, 0xB3, 0x00, 0x00, 0x03, 0x83, 0x00, 0x00, 0x55, 0x80, 0x00,
    0x00, 0x54, 0x8B, 0x00, 0x07, 0x01, 0x01, 0x02, 0x02, 0x04, 0x04, 0x08, 0x08, 0x80, 0x09, 0x02, 0x01, 0x09, 0x01, 0x80, 0x09, 0x00, 0x08, 0x80,
    0x04, 0x02, 0x00, 0x02, 0x01, 0x91, 0x00, 0x00, 0xB9, 0x00, 0x08, 0x02, 0x04, 0x08, 0x40, 0x80, 0x00, 0x08, 0x00, 0xA0, 0x80, 0x00, 0x17, 0x80,
    0x00, 0xE0, 0x07, 0x00, 0x80, 0xFE, 0x03, 0x00, 0xC0, 0x3E, 0x01, 0x00, 0xD0, 0x0C, 0x01, 0x00, 0x40, 0x08, 0x04, 0x02, 0x00, 0x00, 0x39, 0x81,
    0x00, 0x12, 0x02, 0x04, 0x08, 0x40, 0x01, 0x00, 0x18, 0x40, 0x00, 0x01, 0xF8, 0x00, 0x00, 0x05, 0xF8, 0x00, 0x00, 0x0F, 0xE0, 0xC6, 0x00, 0x1C,
    0x02, 0x14, 0xA0, 0x00, 0x01, 0x0C, 0xE0, 0x00, 0x80, 0x00, 0x07, 0x70, 0x80, 0x00, 0x3F, 0x40, 0x00, 0x01, 0x38, 0x40, 0x80, 0x05, 0x18, 0x40,
    0x80, 0x01, 0x08, 0x10, 0x20, 0x81, 0x00, 0x15, 0x40, 0x00, 0x00, 0x20, 0x10, 0x08, 0x01, 0xC0, 0x40, 0x08, 0x01, 0x80, 0x40, 0x3F, 0x01, 0x80,
    0x50, 0x1F, 0x00, 0x80, 0x78, 0x03, 0x9F, 0x00, 0x00, 0x1C, 0xA5, 0x00, 0x05, 0x02, 0x10, 0x00, 0x00, 0x01, 0x50, 0x81, 0x00, 0x12, 0x01, 0x04,
    0x18, 0x30, 0x43, 0x84, 0x08, 0x10, 0x21, 0x40, 0x84, 0x80, 0x08, 0x11, 0x20, 0x20, 0x22, 0x04, 0x40, 0x80, 0x44, 0x12, 0x20, 0x00, 0x22, 0x00,
    0x31, 0x11, 0x88, 0x84, 0xC6, 0x61, 0x30, 0x18, 0x8C, 0xC6, 0x63, 0x10, 0x08, 0x06, 0x01, 0x8B, 0x00, 0x00, 0x04, 0xBB, 0x00, 0x05, 0xA0, 0x01,
    0x00, 0x00, 0x80, 0x05, 0x87, 0x00, 0x1C, 0x01, 0x02, 0x02, 0x04, 0x00, 0x08, 0x09, 0x11, 0x13, 0x12, 0x02, 0x02, 0x22, 0x20, 0x26, 0x00, 0x22,
    0x02, 0x12, 0x11, 0x13, 0x01, 0x09, 0x08, 0x04, 0x04, 0x02, 0x01, 0x01, 0x8E, 0x00, 0x00, 0xBA, 0x00, 0x1E, 0x01, 0x02, 0x00, 0x20, 0x40, 0x01,
    0x04, 0x18, 0x40, 0x00, 0x00, 0x80, 0xFC, 0x03, 0x00, 0xF0, 0x1D, 0x01, 0x00, 0xF8, 0x05, 0x01, 0x00, 0xF8, 0x04, 0x01, 0x00, 0x20, 0x04, 0x02,
    0x01, 0x80, 0x00, 0x00, 0x38, 0x83, 0x00, 0x11, 0x02, 0x00, 0x20, 0x00, 0x01, 0x04, 0xE0, 0x00, 0x01, 0x14, 0xE0, 0x00, 0x03, 0x74, 0xE0, 0x00,
    0x03, 0xFC, 0xC7, 0x00, 0x1C, 0x02, 0x50, 0x00, 0x00, 0x02, 0x50, 0x00, 0x1F, 0xE0, 0x00, 0x07, 0x5C, 0x80, 0x00, 0x0F, 0x50, 0x80, 0x00, 0x0E,
    0x10, 0x00, 0x00, 0x06, 0x10, 0x20, 0x40, 0x00, 0x00, 0x80, 0x80, 0x00, 0x15, 0x80, 0x00, 0x00, 0x40, 0x20, 0x10, 0x02, 0x00, 0x00, 0x10, 0x0F,
    0x00, 0xC0, 0x14, 0x0F, 0x00, 0xE0, 0x37, 0x03, 0x00, 0xE0, 0x1F, 0x9E, 0x00, 0x00, 0x1C, 0x9D, 0x00, 0x00, 0x80, 0x86, 0x00, 0x00, 0xAA, 0x80,
    0x00, 0x2D, 0xFE, 0x00, 0x00, 0x03, 0x0C, 0x10, 0x61, 0x86, 0x0C, 0x10, 0x20, 0x43, 0x86, 0x08, 0x18, 0x11, 0x20, 0x40, 0x44, 0x44, 0x88, 0x80,
    0x88, 0x00, 0x88, 0x00, 0x88, 0x00, 0x88, 0x44, 0x40, 0x00, 0x20, 0x10, 0x08, 0x04, 0xC6, 0x41, 0x30, 0x10, 0x8C, 0xC5, 0x61, 0x10, 0x0C, 0x03,
    0x8A, 0x00, 0x00, 0x04, 0xB3, 0x00, 0x00, 0x03, 0x86, 0x00, 0x00, 0x2A, 0x80, 0x00, 0x00, 0x3F, 0x84, 0x00, 0x0F, 0x01, 0x00, 0x04, 0x04, 0x08,
    0x01, 0x11, 0x02, 0x22, 0x24, 0x04, 0x44, 0x44, 0x48, 0x48, 0x40, 0x80, 0x48, 0x80, 0x44, 0x0A, 0x26, 0x24, 0x22, 0x11, 0x11, 0x01, 0x08, 0x04,
    0x02, 0x03, 0x01, 0x8C, 0x00, 0x01, 0xBA, 0x00, 0x1E, 0x01, 0x02, 0x01, 0x22, 0x50, 0x21, 0x04, 0x1A, 0x44, 0x20, 0x40, 0xBE, 0xFC, 0x03, 0x74,
    0xF7, 0x1D, 0x01, 0x54, 0xFB, 0x05, 0x81, 0x14, 0xFA, 0x04, 0x81, 0x10, 0x22, 0x05, 0x02, 0x01, 0x87, 0x00, 0x13, 0x02, 0x00, 0x22, 0x10, 0x81,
    0x05, 0xE2, 0x50, 0x81, 0x14, 0xE6, 0xD0, 0x03, 0x74, 0xEF, 0xD0, 0x03, 0xFD, 0x3E, 0x40, 0xC5, 0x00, 0x1C, 0x02, 0x51, 0x08, 0x00, 0x02, 0x53,
    0xFC, 0x9F, 0xE0, 0x17, 0xE7, 0x5C, 0x80, 0x15, 0xEF, 0x50, 0x80, 0x14, 0x6E, 0x10, 0x00, 0x00, 0x26, 0x50, 0xA0, 0x40, 0x00, 0x00, 0x80, 0x80,
    0x00, 0x17, 0x80, 0x00, 0x00, 0x40, 0xA0, 0x10, 0x22, 0x04, 0x00, 0x50, 0x2F, 0x05, 0xC0, 0x14, 0xFF, 0x15, 0xE0, 0x37, 0xFB, 0x15, 0xE0, 0x5F,
    0x3E, 0x01, 0xC7, 0x00, 0x33, 0xAA, 0x05, 0x80, 0x00, 0xFE, 0x01, 0x0C, 0x13, 0x6C, 0xD1, 0x6D, 0x96, 0x2C, 0x51, 0xA6, 0x47, 0x9E, 0x18, 0x38,
    0x51, 0xA4, 0xC0, 0xCC, 0x54, 0x88, 0x90, 0x88, 0x00, 0xAA, 0x00, 0x88, 0x10, 0x88, 0x54, 0xC8, 0x00, 0xE4, 0x50, 0x29, 0x14, 0xCE, 0xC5, 0xF2,
    0x51, 0xBC, 0xDD, 0xEF, 0x51, 0x2C, 0x1B, 0x06, 0x01, 0xC9, 0x00, 0x05, 0x2A, 0x50, 0x00, 0x00, 0x3F, 0x40, 0x81, 0x00, 0x24, 0x01, 0x02, 0x05,
    0x00, 0x0C, 0x15, 0x2B, 0x21, 0x15, 0x46, 0x6A, 0x2C, 0x8C, 0xD5, 0x55, 0x59, 0x58, 0x51, 0x58, 0x59, 0xD9, 0x55, 0xDD, 0xD5, 0xAE, 0x64, 0x6E,
    0x55, 0x37, 0x23, 0x1B, 0x15, 0x0A, 0x07, 0x07, 0x01, 0x01, 0x8A, 0x00, 0x00, 0xBF, 0x00, 0x13, 0x08, 0x00, 0x80, 0x01, 0xFE, 0x01, 0x00, 0xC0,
    0xBF, 0x01, 0x00, 0xC0, 0x2E, 0x01, 0x00, 0x40, 0x0A, 0x01, 0x00, 0x40, 0x86, 0x00, 0x00, 0x38, 0x8A, 0x00, 0x0D, 0x01, 0x08, 0x00, 0x00, 0x01,
    0xFE, 0x00, 0x00, 0x01, 0xFE, 0x00, 0x00, 0x05, 0xF8, 0xC7, 0x00, 0x10, 0x04, 0xBF, 0x40, 0x00, 0x05, 0x78, 0x00, 0x00, 0x01, 0x38, 0x40, 0x00,
    0x01, 0x38, 0x40, 0x00, 0x01, 0x92, 0x00, 0x0F, 0x01, 0x80, 0x40, 0x28, 0x01, 0x00, 0x40, 0x3F, 0x01, 0x00, 0xC0, 0x3F, 0x00, 0x00, 0xD0, 0x0F,
    0x9B, 0x00, 0x00, 0x1C, 0x9D, 0x00, 0x00, 0x80, 0x89, 0x00, 0x31, 0x11, 0x02, 0x08, 0x20, 0x43, 0x06, 0x18, 0x30, 0x40, 0x82, 0x0C, 0x18, 0x30,
    0x61, 0x40, 0x80, 0x00, 0x10, 0x10, 0x20, 0x00, 0x20, 0x00, 0x00, 0x40, 0x00, 0x44, 0x00, 0x00, 0x20, 0x00, 0x20, 0x10, 0x08, 0x00, 0x80, 0x40,
    0x20, 0x10, 0x08, 0x04, 0xC3, 0x40, 0x30, 0x14, 0x87, 0x41, 0x30, 0x1C, 0x03, 0x87, 0x00, 0x00, 0x04, 0xB3, 0x00, 0x00, 0x03, 0x88, 0x00, 0x01,
    0x80, 0x01, 0x80, 0x00, 0x29, 0x15, 0x01, 0x00, 0x04, 0x00, 0x18, 0x11, 0x22, 0x44, 0x44, 0x08, 0x88, 0x10, 0x11, 0x11, 0x22, 0x20, 0x22, 0x00,
    0x60, 0x44, 0x64, 0x44, 0x22, 0x00, 0x22, 0x00, 0x22, 0x11, 0x11, 0x10, 0x88, 0x44, 0x44, 0x04, 0x23, 0x11, 0x08, 0x0C, 0x06, 0x03, 0x01, 0x88,
    0x00, 0x01, 0xBF, 0x00, 0x13, 0x08, 0x00, 0x88, 0xFD, 0xFF, 0x01, 0xFC, 0x95, 0xBF, 0x01, 0xF8, 0xC5, 0x2E, 0x01, 0xA8, 0x45, 0x0A, 0x01, 0x00,
    0x40, 0x94, 0x00, 0x0E, 0x01, 0x08, 0x04, 0xE8, 0x01, 0xFE, 0x05, 0xE0, 0x01, 0xFF, 0x37, 0xE0, 0x05, 0xF9, 0x7C, 0xC6, 0x00, 0x10, 0x19, 0x3F,
    0x40, 0x1F, 0xC5, 0x78, 0x00, 0x0F, 0x51, 0xB8, 0x40, 0x0E, 0x41, 0xB8, 0x40, 0x00, 0x01, 0x92, 0x00, 0x10, 0x01, 0x80, 0x40, 0xA8, 0x11, 0x0A,
    0x40, 0xBF, 0x51, 0x0F, 0xC0, 0xBF, 0x74, 0x0F, 0xD0, 0xCF, 0x37, 0xC7, 0x00, 0x34, 0x01, 0x15, 0x32, 0x48, 0xA0, 0x47, 0x3E, 0x50, 0xB1, 0x4C,
    0x8A, 0x14, 0x70, 0x64, 0xED, 0x40, 0x90, 0x00, 0x30, 0x50, 0x20, 0x00, 0xA0, 0x00, 0x80, 0x40, 0x80, 0x44, 0x80, 0x00, 0xA0, 0x40, 0x20, 0x10,
    0x28, 0x10, 0x80, 0x40, 0xA0, 0x51, 0x28, 0x14, 0xCF, 0xC4, 0xF1, 0x74, 0xBF, 0x45, 0xB3, 0x7C, 0x3B, 0x04, 0x01, 0xC8, 0x00, 0x2F, 0x80, 0x01,
    0x28, 0x00, 0x00, 0x17, 0xEF, 0x08, 0x14, 0x11, 0x3A, 0x55, 0xAA, 0x44, 0x54, 0x19, 0xA8, 0x30, 0x53, 0x55, 0x62, 0x60, 0xAA, 0x00, 0xE8, 0x44,
    0xEC, 0x44, 0x2A, 0x00, 0x2A, 0x44, 0x62, 0x55, 0x73, 0x10, 0xA9, 0x55, 0xDC, 0x8C, 0x6F, 0x57, 0x2B, 0x1D, 0x1E, 0x07, 0x07, 0x01, 0x87, 0x00,
    0x00, 0xC0, 0x00, 0x0D, 0x40, 0x0F, 0x00, 0x20, 0xF0, 0x83, 0x00, 0x10, 0x54, 0x03, 0x00, 0x00, 0x14, 0x02, 0x8B, 0x00, 0x00, 0x10, 0x8D, 0x00,
    0x0D, 0x02, 0x54, 0x00, 0x00, 0x03, 0x54, 0x00, 0x00, 0x07, 0xD4, 0x00, 0x00, 0x0F, 0xD0, 0xAD, 0x00, 0x00, 0x70, 0x91, 0x00, 0x0D, 0x07, 0xF8,
    0x00, 0x00, 0x17, 0xE0, 0x00, 0x00, 0x07, 0x68, 0x00, 0x00, 0x10, 0x60, 0x9C, 0x00, 0x0D, 0x20, 0x05, 0x00, 0x00, 0xE0, 0x15, 0x00, 0x00, 0xF0,
    0x1D, 0x00, 0x00, 0xF8, 0x05, 0xA9, 0x00, 0x00, 0x02, 0x97, 0x00, 0x15, 0x07, 0x18, 0x20, 0x81, 0x0F, 0x18, 0x00, 0x00, 0x05, 0x18, 0x10, 0x28,
    0x41, 0x8A, 0x08, 0x14, 0x08, 0x20, 0x40, 0x00, 0x00, 0x80, 0x88, 0x00, 0x15, 0x80, 0x00, 0x00, 0x40, 0x20, 0x10, 0x00, 0x04, 0x82, 0x41, 0x20,
    0x10, 0x08, 0x01, 0xC0, 0x10, 0x1C, 0x07, 0xC0, 0x40, 0x1C, 0x07, 0x84, 0x00, 0x00, 0x04, 0xB3, 0x00, 0x00, 0x01, 0x8B, 0x00, 0x2E, 0x01, 0x06,
    0x00, 0x10, 0x11, 0x23, 0x44, 0x88, 0x10, 0x10, 0x21, 0x22, 0x40, 0x44, 0x00, 0x88, 0x00, 0x10, 0x11, 0x00, 0x10, 0x00, 0x10, 0x00, 0x10, 0x00,
    0x11, 0x00, 0x11, 0x88, 0x00, 0x88, 0x44, 0x40, 0x40, 0x22, 0x11, 0x10, 0x10, 0x8C, 0x44, 0x23, 0x11, 0x18, 0x0C, 0x06, 0x01, 0x85, 0x00, 0x01,
    0xBF, 0x00, 0x0E, 0xFC, 0x41, 0x0F, 0xC0, 0x1F, 0xF0, 0x03, 0xC0, 0x17, 0x54, 0x03, 0xC0, 0x0A, 0x14, 0x02, 0x9C, 0x00, 0x0E, 0x02, 0x55, 0x0A,
    0x00, 0x03, 0x55, 0x3A, 0x00, 0x07, 0xD5, 0xFE, 0x00, 0x0F, 0xD1, 0xFC, 0xC0, 0x00, 0x0E, 0x3F, 0x07, 0xF8, 0x0D, 0xF8, 0x17, 0xE0, 0x0D, 0xF8,
    0x07, 0x68, 0x05, 0x78, 0x10, 0x60, 0x9C, 0x00, 0x0E, 0x20, 0x45, 0x28, 0x00, 0xE0, 0x55, 0x3A, 0x01, 0xF0, 0xDD, 0x3F, 0x00, 0xF8, 0xC5, 0x3F,
    0xC1, 0x00, 0x17, 0x01, 0x0C, 0x17, 0xD8, 0x27, 0x89, 0x1F, 0xF8, 0x83, 0x04, 0x05, 0x38, 0x53, 0xAA, 0x4D, 0x82, 0x00, 0x34, 0x40, 0xA8, 0x54,
    0x08, 0x00, 0x80, 0x88, 0x00, 0x17, 0x80, 0x00, 0x00, 0x40, 0xA0, 0x10, 0x20, 0x14, 0x8A, 0x45, 0xA2, 0x50, 0x28, 0x11, 0xC6, 0x91, 0x7C, 0x17,
    0xCE, 0x41, 0xDC, 0x37, 0x0E, 0x01, 0xC6, 0x00, 0x32, 0x01, 0x02, 0x01, 0x1E, 0x21, 0x52, 0x11, 0xAB, 0x5C, 0x88, 0x11, 0x52, 0x65, 0xA2, 0x40,
    0x4C, 0x10, 0x88, 0x00, 0x32, 0x11, 0x22, 0x10, 0x00, 0x50, 0x40, 0x54, 0x20, 0x11, 0x22, 0x11, 0xAA, 0x11, 0x88, 0x54, 0xC8, 0x40, 0x26, 0x55,
    0x32, 0x11, 0x9C, 0x5C, 0xAF, 0x55, 0x7B, 0x1D, 0x1E, 0x05, 0x02, 0x01, 0x83, 0x00, 0x01, 0xBD, 0x00, 0x0E, 0xE0, 0x05, 0xFC, 0x01, 0xFC, 0xC1,
    0x3F, 0x00, 0xFE, 0xC0, 0x07, 0x00, 0x0E, 0xD0, 0x0A, 0x9F, 0x00, 0x0E, 0x01, 0x0A, 0x00, 0xA0, 0x01, 0x3A, 0x05, 0xE8, 0x01, 0xFE, 0x07, 0xE8,
    0x01, 0xFC, 0x37, 0xBE, 0x00, 0x0D, 0x5C, 0x3F, 0x00, 0x0F, 0xCD, 0xF8, 0x00, 0x00, 0x0D, 0xF8, 0x00, 0x08, 0x05, 0x78, 0x9F, 0x00, 0x0E, 0x40,
    0x28, 0x00, 0x02, 0x40, 0xBA, 0x51, 0x0A, 0xC0, 0xBF, 0x70, 0x0F, 0xC0, 0xBF, 0x76, 0xBF, 0x00, 0x15, 0x07, 0x11, 0x6C, 0x90, 0xC6, 0x17, 0x68,
    0x90, 0xE0, 0x87, 0x34, 0x40, 0x20, 0x43, 0x9A, 0x1C, 0x08, 0x08, 0xA0, 0x40, 0x88, 0x1C, 0x80, 0x08, 0x01, 0x14, 0x08, 0x8A, 0x00, 0x14, 0x80,
    0x24, 0xA1, 0x74, 0x28, 0x14, 0x8A, 0x44, 0xA0, 0x50, 0x26, 0x85, 0xE3, 0x50, 0x7E, 0x1D, 0xC3, 0x30, 0x6E, 0x19, 0x03, 0xC3, 0x00, 0x36, 0x01,
    0x02, 0x05, 0x1A, 0x00, 0x58, 0x25, 0xCE, 0x10, 0x88, 0x18, 0xC2, 0x05, 0xCA, 0x44, 0x90, 0x01, 0x28, 0x10, 0x40, 0x44, 0x22, 0x00, 0xA2, 0x00,
    0x88, 0x40, 0xC8, 0x44, 0x28, 0x00, 0x22, 0x40, 0x22, 0x51, 0x20, 0x10, 0xA8, 0x11, 0x04, 0x44, 0xAA, 0x45, 0x72, 0x19, 0xBC, 0x54, 0xEF, 0x55,
    0x7B, 0x14, 0x0A, 0x05, 0x03, 0x01, 0x81, 0x00, 0x01, 0xBC, 0x00, 0x10, 0x74, 0xE3, 0x05, 0x80, 0x17, 0xFE, 0x01, 0xE0, 0x00, 0x7D, 0x00, 0x00,
    0x50, 0x0E, 0x10, 0x00, 0x50, 0xA1, 0x00, 0x0B, 0xA0, 0x14, 0x00, 0x05, 0xE9, 0x54, 0x00, 0x07, 0xEB, 0xDC, 0x00, 0x37, 0xBC, 0x00, 0x0D, 0x17,
    0xE0, 0x5C, 0x01, 0x75, 0x8F, 0xC0, 0x00, 0x15, 0xE0, 0x00, 0x00, 0x05, 0x68, 0xA4, 0x00, 0x0B, 0x82, 0x04, 0x80, 0x50, 0xCA, 0x15, 0x80, 0x70,
    0xEF, 0x1D, 0x80, 0x76, 0xBD, 0x00, 0x21, 0x01, 0x0C, 0x27, 0x10, 0x63, 0x9C, 0x26, 0x50, 0xE1, 0x8C, 0x18, 0x04, 0x30, 0x45, 0x08, 0x00, 0x18,
    0x11, 0x86, 0x00, 0x80, 0x08, 0x00, 0x08, 0x00, 0x08, 0x00, 0x14, 0x00, 0x00, 0x08, 0x08, 0x14, 0x08, 0x87, 0x00, 0x13, 0x83, 0x40, 0xA0, 0x10,
    0x28, 0x14, 0x80, 0x40, 0xE0, 0x44, 0x8B, 0x44, 0xF0, 0x5C, 0x3B, 0x04, 0x63, 0xD8, 0x33, 0x06, 0xC1, 0x00, 0x38, 0x03, 0x05, 0x0A, 0x14, 0x79,
    0x84, 0x48, 0x04, 0xAC, 0x51, 0xC6, 0x00, 0xC2, 0x14, 0xB9, 0x00, 0x30, 0x41, 0x20, 0x00, 0xC8, 0x44, 0x00, 0x10, 0x80, 0x00, 0x88, 0x00, 0x88,
    0x00, 0x08, 0x00, 0x00, 0x40, 0x00, 0x40, 0xA8, 0x00, 0x20, 0x51, 0x20, 0x00, 0x88, 0x44, 0xEA, 0x45, 0x72, 0x11, 0xBC, 0x54, 0xEF, 0x51, 0x69,
    0x14, 0x0B, 0x05, 0x03, 0x80, 0x00, 0x01, 0xBB, 0x00, 0x13, 0xBE, 0x74, 0x03, 0xDC, 0xAB, 0x17, 0x02, 0x00, 0xEA, 0x00, 0x83, 0x00, 0x03, 0x50,
    0x00, 0x40, 0x00, 0x51, 0x00, 0x40, 0xA0, 0x00, 0x09, 0x14, 0x02, 0x00, 0x01, 0x54, 0x1A, 0x00, 0x03, 0xDC, 0xFE, 0xBC, 0x00, 0x10, 0x3F, 0x17,
    0xE0, 0x05, 0xE9, 0x75, 0x80, 0x04, 0xA0, 0x15, 0xE0, 0x05, 0x28, 0x05, 0x60, 0x05, 0x38, 0xA2, 0x00, 0x0B, 0x80, 0x24, 0x20, 0x00, 0xC0, 0x15,
    0x28, 0x00, 0xE0, 0x1D, 0xBF, 0x01, 0xBC, 0x00, 0x14, 0x07, 0x19, 0x4C, 0xA0, 0x05, 0x1B, 0x5C, 0xA0, 0x41, 0x81, 0x0C, 0xF8, 0x01, 0x00, 0x05,
    0x28, 0x41, 0x80, 0x01, 0x86, 0x11, 0x83, 0x00, 0x25, 0x08, 0x00, 0x08, 0x00, 0x08, 0x08, 0x14, 0x00, 0x00, 0x08, 0x00, 0x08, 0x08, 0x14, 0x08,
    0x00, 0x00, 0x2C, 0x10, 0x2C, 0x80, 0x00, 0xA0, 0x50, 0x20, 0x00, 0xC0, 0x40, 0x08, 0x14, 0x8C, 0x41, 0xB8, 0x54, 0x0F, 0xC5, 0xB0, 0x66, 0xBF,
    0x00, 0x19, 0x01, 0x04, 0x0B, 0x14, 0x69, 0x12, 0x65, 0x94, 0x38, 0x41, 0x22, 0x41, 0x4E, 0x10, 0x00, 0x10, 0x71, 0x44, 0x20, 0x40, 0x00, 0x00,
    0x88, 0x00, 0x20, 0x10, 0x87, 0x00, 0x19, 0x20, 0x00, 0x88, 0x00, 0x00, 0x40, 0xA0, 0x40, 0x02, 0x01, 0x88, 0x44, 0xCA, 0x01, 0x72, 0x50, 0xBC,
    0x51, 0xEF, 0x51, 0x28, 0x14, 0x0B, 0x04, 0x01, 0x00, 0x00, 0xB9, 0x00, 0x0C, 0xE0, 0x05, 0x00, 0x00, 0xFC, 0x01, 0x00, 0x00, 0xE8, 0x01, 0x00,
    0x00, 0x78, 0x80, 0x00, 0x00, 0x04, 0x8F, 0x00, 0x00, 0x10, 0x98, 0x00, 0x04, 0x01, 0xA8, 0x00, 0x00, 0x05, 0xAB, 0x00, 0x00, 0x70, 0x8A, 0x00,
    0x09, 0x07, 0xC0, 0x00, 0x00, 0x3F, 0x40, 0x00, 0x00, 0x07, 0x40, 0x80, 0x00, 0x00, 0xC0, 0xAE, 0x00, 0x04, 0x40, 0x0A, 0x00, 0x00, 0x50, 0xA7,
    0x00, 0x00, 0x02, 0x8F, 0x00, 0x0F, 0x01, 0x0E, 0x30, 0x80, 0x01, 0x0E, 0x70, 0x80, 0x00, 0x06, 0x10, 0x60, 0x01, 0x00, 0x00, 0x20, 0x80, 0x00,
    0x00, 0x08, 0x96, 0x00, 0x04, 0x08, 0x14, 0x2A, 0x14, 0x08, 0x86, 0x00, 0x07, 0x20, 0x10, 0x02, 0x00, 0xC0, 0x10, 0x0E, 0x01, 0x80, 0x00, 0x00,
    0x04, 0xB3, 0x00, 0x00, 0x01, 0x84, 0x00, 0x13, 0x08, 0x10, 0x20, 0x41, 0x86, 0x10, 0x20, 0x00, 0x80, 0x04, 0x08, 0x10, 0x00, 0x00, 0x42, 0x04,
    0x00, 0x00, 0x10, 0x01, 0x95, 0x00, 0x00, 0x80, 0x80, 0x00, 0x0D, 0x20, 0x10, 0x08, 0x04, 0x02, 0x00, 0x30, 0x04, 0x82, 0x41, 0x20, 0x10, 0x0C,
    0x03, 0x00, 0xB8, 0x00, 0x00, 0x54, 0x80, 0x00, 0x00, 0x15, 0x80, 0x00, 0x01, 0x15, 0x70, 0x80, 0x00, 0x00, 0x02, 0xB1, 0x00, 0x00, 0x54, 0x88,
    0x00, 0x00, 0x01, 0xA1, 0x00, 0x00, 0x70, 0x89, 0x00, 0x11, 0x15, 0x80, 0x00, 0x00, 0x55, 0x80, 0x00, 0x00, 0x50, 0x80, 0x00, 0x00, 0x14, 0x80,
    0x00, 0x00, 0x05, 0x20, 0xA5, 0x00, 0x00, 0x20, 0x83, 0x00, 0x01, 0x80, 0x15, 0x98, 0x00, 0x00, 0x08, 0x9F, 0x00, 0x0D, 0x03, 0x10, 0xE0, 0x00,
    0x06, 0x10, 0x60, 0x00, 0x02, 0x04, 0x00, 0x00, 0x80, 0x04, 0x85, 0x00, 0x00, 0x80, 0x94, 0x00, 0x04, 0x08, 0x1C, 0x2E, 0x1C, 0x08, 0x87, 0x00,
    0x06, 0x40, 0x20, 0x04, 0x02, 0x00, 0x20, 0x14, 0xBC, 0x00, 0x12, 0x01, 0x04, 0x10, 0x20, 0x41, 0x86, 0x08, 0x10, 0x00, 0xC1, 0x04, 0x00, 0x00,
    0x20, 0x41, 0x02, 0x00, 0x00, 0x10, 0x81, 0x00, 0x00, 0x82, 0x9A, 0x00, 0x0B, 0x20, 0x00, 0x08, 0x00, 0x40, 0x00, 0x18, 0x04, 0x82, 0x41, 0x20,
    0x10, 0x00, 0xB7, 0x00, 0x07, 0x0B, 0x00, 0x00, 0x50, 0x0B, 0x00, 0x00, 0x50, 0x81, 0x00, 0x00, 0x08, 0x80, 0x00, 0x00, 0x02, 0xB0, 0x00, 0x00,
    0x0A, 0x87, 0x00, 0x00, 0x01, 0xA1, 0x00, 0x00, 0x70, 0x88, 0x00, 0x08, 0xF8, 0x00, 0x00, 0x05, 0xA0, 0x00, 0x00, 0x01, 0x28, 0x82, 0x00, 0x00,
    0x80, 0xA9, 0x00, 0x00, 0x20, 0x85, 0x00, 0x00, 0x28, 0x97, 0x00, 0x00, 0x08, 0x9E, 0x00, 0x0B, 0x04, 0x20, 0x80, 0x01, 0x04, 0x20, 0x40, 0x00,
    0x04, 0x08, 0x40, 0x80, 0x9F, 0x00, 0x06, 0x1C, 0x2E, 0x5D, 0x6B, 0x55, 0x2A, 0x1C, 0x87, 0x00, 0x05, 0x80, 0x00, 0x08, 0x05, 0x00, 0x40, 0xBA,
    0x00, 0x0D, 0x01, 0x02, 0x00, 0x20, 0x40, 0x82, 0x04, 0x18, 0x00, 0x01, 0x00, 0x00, 0x10, 0x20, 0x80, 0x00, 0x01, 0x08, 0x10, 0x80, 0x00, 0x00,
    0x44, 0x80, 0x00, 0x00, 0x10, 0xA0, 0x00, 0x04, 0x10, 0x08, 0x04, 0x83, 0x40, 0x00, 0xB5, 0x00, 0x04, 0xF8, 0x01, 0x00, 0x00, 0xEE, 0x80, 0x00,
    0x00, 0xA8, 0x80, 0x00, 0x01, 0x80, 0x01, 0xB6, 0x00, 0x00, 0x01, 0x86, 0x00, 0x00, 0x01, 0xA1, 0x00, 0x00, 0x70, 0x86, 0x00, 0x09, 0x0F, 0x40,
    0x00, 0x00, 0x3E, 0x40, 0x00, 0x00, 0x0A, 0x40, 0xA5, 0x00, 0x82, 0x80, 0x83, 0x00, 0x00, 0x20, 0xA0, 0x00, 0x00, 0x08, 0x9C, 0x00, 0x0D, 0x01,
    0x18, 0x40, 0x00, 0x01, 0x18, 0x40, 0x80, 0x01, 0x08, 0x00, 0x80, 0x00, 0x02, 0x97, 0x00, 0x01, 0x08, 0x08, 0x82, 0x00, 0x08, 0x3E, 0x49, 0x9C,
    0x9C, 0x9E, 0x9C, 0x80, 0x41, 0x3E, 0x88, 0x00, 0x02, 0x80, 0x10, 0x08, 0xBA, 0x00, 0x0A, 0x03, 0x04, 0x10, 0x40, 0x81, 0x04, 0x18, 0x10, 0x40,
    0x01, 0x02, 0x8F, 0x00, 0x00, 0x40, 0x9E, 0x00, 0x04, 0x01, 0x60, 0x10, 0x08, 0x04, 0x01, 0xB4, 0x00, 0x09, 0x55, 0xF8, 0x01, 0x80, 0x15, 0xEE,
    0x00, 0x00, 0x10, 0xA8, 0x80, 0x00, 0x01, 0xF0, 0x01, 0xB6, 0x00, 0x00, 0x01, 0xB4, 0x00, 0x0A, 0x55, 0x0F, 0x40, 0x01, 0x50, 0x3E, 0x40, 0x00,
    0x10, 0x0A, 0x40, 0xA3, 0x00, 0x02, 0x80, 0x40, 0xC0, 0x80, 0xA0, 0x02, 0xC0, 0x40, 0x80, 0xC4, 0x00, 0x0E, 0x06, 0x11, 0x98, 0x40, 0x0E, 0x11,
    0x98, 0x40, 0x82, 0x01, 0x28, 0x00, 0x80, 0x00, 0x02, 0x9C, 0x00, 0x0C, 0x1C, 0x63, 0xB6, 0x55, 0xA2, 0xF7, 0xD5, 0xFE, 0xBE, 0x59, 0xBE, 0x63,
    0x1C, 0x86, 0x00, 0x02, 0x80, 0x10, 0x28, 0xB8, 0x00, 0x0C, 0x01, 0x04, 0x0B, 0x04, 0x91, 0x40, 0x89, 0x14, 0x78, 0x10, 0x42, 0x01, 0x02, 0x8F,
    0x00, 0x01, 0x40, 0x80, 0x8B, 0x00, 0x01, 0x01, 0x01, 0x80, 0x02, 0x01, 0x01, 0x01, 0x88, 0x00, 0x04, 0x01, 0x62, 0x50, 0x28, 0x14, 0x00, 0xB2,
    0x00, 0x05, 0x50, 0x03, 0x00, 0x00, 0x54, 0x02, 0x80, 0x00, 0x00, 0x02, 0xC7, 0x00, 0x00, 0x01, 0xA1, 0x00, 0x00, 0x70, 0x83, 0x00, 0x05, 0x05,
    0xA0, 0x00, 0x00, 0x15, 0xA0, 0x80, 0x00, 0x00, 0x20, 0x86, 0x00, 0x00, 0x80, 0x9A, 0x00, 0x03, 0x80, 0x40, 0x20, 0x20, 0x81, 0x90, 0x07, 0x10,
    0x20, 0x20, 0x40, 0x80, 0x00, 0x00, 0x20, 0xA0, 0x00, 0x00, 0x08, 0x99, 0x00, 0x06, 0x01, 0x10, 0xE0, 0x00, 0x03, 0x10, 0x60, 0xA3, 0x00, 0x10,
    0x08, 0x08, 0x7E, 0xC1, 0x00, 0x3E, 0x6F, 0xD9, 0x88, 0xBE, 0x88, 0xC1, 0x63, 0x3C, 0x00, 0xC1, 0x3E, 0xC2, 0x00, 0x08, 0x01, 0x08, 0x10, 0x40,
    0x01, 0x02, 0x10, 0x20, 0x40, 0xA2, 0x00, 0x02, 0x01, 0x02, 0x06, 0x82, 0x04, 0x02, 0x02, 0x02, 0x01, 0x88, 0x00, 0x02, 0x04, 0x80, 0x40, 0x00,
    0xB1, 0x00, 0x00, 0xFE, 0x80, 0x00, 0x00, 0xAE, 0x88, 0x00, 0x00, 0x70, 0xC1, 0x00, 0x00, 0x01, 0xA1, 0x00, 0x00, 0x70, 0x82, 0x00, 0x00, 0x3E,
    0x80, 0x00, 0x00, 0x6A, 0x8C, 0x00, 0x00, 0x80, 0x99, 0x00, 0x06, 0xC0, 0x20, 0x10, 0x98, 0xC8, 0x48, 0x40, 0x80, 0x48, 0x06, 0x88, 0x90, 0x10,
    0x20, 0x40, 0x00, 0x20, 0xA0, 0x00, 0x00, 0x08, 0x98, 0x00, 0x05, 0x05, 0x20, 0x00, 0x00, 0x05, 0x28, 0xA5, 0x00, 0x11, 0x10, 0xE7, 0x08, 0x08,
    0x7F, 0xC1, 0x80, 0x1C, 0x3E, 0x6A, 0x36, 0x1C, 0x80, 0xC1, 0x7E, 0x00, 0x00, 0xFF, 0xBF, 0x00, 0x09, 0x01, 0x06, 0x10, 0x20, 0x00, 0x02, 0x00,
    0x20, 0x40, 0x80, 0xA1, 0x00, 0x07, 0x01, 0x02, 0x04, 0x08, 0x09, 0x09, 0x11, 0x03, 0x80, 0x09, 0x03, 0x04, 0x04, 0x02, 0x01, 0x89, 0x00, 0x00,
    0xB0, 0x00, 0x04, 0x05, 0x00, 0x00, 0x80, 0x01, 0x8D, 0x00, 0x00, 0xC0, 0xB7, 0x00, 0x07, 0x02, 0x00, 0x02, 0x00, 0x02, 0x02, 0x05, 0x02, 0xA5,
    0x00, 0x00, 0x50, 0x80, 0x00, 0x00, 0x50, 0x8D, 0x00, 0x00, 0x01, 0x97, 0x00, 0x06, 0xC0, 0x60, 0x10, 0x88, 0xC4, 0x64, 0x24, 0x80, 0x32, 0x08,
    0x12, 0x22, 0x24, 0x44, 0xC8, 0x08, 0x10, 0x60, 0xF0, 0xBA, 0x00, 0x07, 0x01, 0x08, 0x40, 0x00, 0x01, 0x0A, 0x40, 0x80, 0x97, 0x00, 0x00, 0x20,
    0x89, 0x00, 0x16, 0x3E, 0xC1, 0x00, 0x1C, 0xE3, 0x80, 0x00, 0x1C, 0x4B, 0x41, 0x49, 0x41, 0x62, 0x3C, 0x00, 0x80, 0xFF, 0x1C, 0x00, 0xC1, 0x3E,
    0x00, 0xC0, 0xBA, 0x00, 0x08, 0x02, 0x00, 0x20, 0x40, 0x00, 0x04, 0x08, 0x40, 0x80, 0xA1, 0x00, 0x07, 0x01, 0x02, 0x04, 0x08, 0x11, 0x13, 0x02,
    0x26, 0x80, 0x24, 0x0A, 0x26, 0x12, 0x13, 0x09, 0x08, 0x04, 0x03, 0x01, 0x00, 0x00, 0x01, 0x84, 0x00, 0x01, 0xAE, 0x00, 0x06, 0x54, 0x00, 0x05,
    0x00, 0x54, 0x80, 0x01, 0xC8, 0x00, 0x82, 0x02, 0x03, 0x00, 0x07, 0x07, 0x02, 0xA2, 0x00, 0x06, 0x15, 0x80, 0x50, 0x00, 0x15, 0x80, 0x50, 0xA7,
    0x00, 0x14, 0xE0, 0xF0, 0x68, 0xD4, 0xEA, 0xF6, 0x77, 0xBD, 0xBB, 0x7B, 0xFB, 0x9B, 0xAB, 0x35, 0x56, 0xEA, 0x6C, 0x94, 0x68, 0xE0, 0xC0, 0xB8,
    0x00, 0x08, 0x02, 0x11, 0x88, 0x40, 0x02, 0x11, 0x8A, 0x40, 0x80, 0xA3, 0x00, 0x16, 0xFF, 0x3E, 0xC1, 0x7F, 0xDD, 0xE3, 0x94, 0x67, 0xDD, 0xCB,
    0x55, 0x55, 0x59, 0xE2, 0x7D, 0x7E, 0x90, 0xFF, 0xDD, 0x7E, 0xC1, 0xBE, 0x7F, 0xBA, 0x00, 0x09, 0x04, 0x12, 0x40, 0xA0, 0x40, 0x08, 0x04, 0x88,
    0x40, 0x80, 0xA0, 0x00, 0x08, 0x03, 0x05, 0x0A, 0x15, 0x2B, 0x37, 0x57, 0x4E, 0x6E, 0x80, 0x6D, 0x08, 0x6E, 0x56, 0x37, 0x2F, 0x1B, 0x15, 0x0B,
    0x05, 0x03, 0x86, 0x00, 0x01, 0xAD, 0x00, 0x05, 0xAE, 0x54, 0x00, 0x00, 0xAA, 0x54, 0xAE, 0x00, 0x81, 0x80, 0x80, 0x40, 0x81, 0x80, 0x8F, 0x00,
    0x00, 0x02, 0x81, 0x00, 0x04, 0x02, 0x07, 0x00, 0x05, 0x02, 0x9F, 0x00, 0x06, 0xEA, 0x15, 0x80, 0x00, 0x2A, 0x15, 0x80, 0xA6, 0x00, 0x18, 0xC0,
    0x30, 0xF8, 0xB4, 0xEA, 0xF5, 0x7B, 0x3A, 0xDF, 0xDD, 0xAD, 0x6D, 0xED, 0xAD, 0xCD, 0x55, 0x9E, 0x2A, 0x75, 0xA6, 0xCA, 0x94, 0xD8, 0x20, 0xC0,
    0xB5, 0x00, 0x07, 0x04, 0x22, 0x10, 0x80, 0x04, 0x22, 0x10, 0x80, 0xA3, 0x00, 0x1A, 0x14, 0xC3, 0xFF, 0x1C, 0xFF, 0x7F, 0xC1, 0x3E, 0x55, 0xE7,
    0xC9, 0xBE, 0x16, 0x5E, 0x18, 0xBC, 0x41, 0xFE, 0x51, 0x3E, 0xC1, 0xFE, 0xFF, 0x80, 0x7F, 0x23, 0x1C, 0xB6, 0x00, 0x09, 0x01, 0x08, 0x04, 0x90,
    0x41, 0x80, 0x10, 0x08, 0x00, 0x80, 0xA0, 0x00, 0x17, 0x01, 0x06, 0x0B, 0x14, 0x2B, 0x57, 0x6F, 0xAE, 0xD5, 0xDD, 0x5A, 0x7B, 0x7B, 0x5B, 0xDB,
    0xD5, 0xBD, 0xAE, 0x5F, 0x37, 0x2B, 0x14, 0x0F, 0x06, 0x85, 0x00, 0x00, 0xAB, 0x00, 0x01, 0xA0, 0x01, 0x80, 0x00, 0x00, 0x01, 0x91, 0x00, 0x00,
    0xC0, 0x98, 0x00, 0x04, 0x80, 0x80, 0x40, 0x40, 0x60, 0x84, 0x20, 0x80, 0x40, 0x00, 0x80, 0x92, 0x00, 0x07, 0x02, 0x00, 0x02, 0x00, 0x02, 0x02,
    0x05, 0x02, 0x9A, 0x00, 0x00, 0x02, 0x96, 0x00, 0x00, 0x01, 0x92, 0x00, 0x1B, 0x80, 0x60, 0x18, 0x0C, 0xC2, 0x71, 0x18, 0x0C, 0xC4, 0x66, 0x22,
    0x13, 0x13, 0x11, 0x91, 0x11, 0x13, 0x22, 0x22, 0x46, 0x84, 0x08, 0x11, 0x61, 0xC2, 0x04, 0x18, 0xE0, 0xB2, 0x00, 0x06, 0x01, 0x28, 0x00, 0x00,
    0x01, 0x08, 0x40, 0x9C, 0x00, 0x00, 0x20, 0x85, 0x00, 0x1C, 0xFF, 0x00, 0x00, 0x5D, 0xC3, 0x00, 0x00, 0x7F, 0x80, 0x00, 0x1C, 0x41, 0x41, 0x03,
    0x88, 0x41, 0x41, 0x76, 0x08, 0x00, 0xC1, 0x77, 0x00, 0x00, 0xF7, 0x3E, 0x00, 0x80, 0xFF, 0xB3, 0x00, 0x07, 0x01, 0x00, 0x10, 0x40, 0x00, 0x02,
    0x00, 0x20, 0xA3, 0x00, 0x0A, 0x03, 0x0C, 0x10, 0x21, 0x47, 0x8C, 0x98, 0x11, 0x23, 0x22, 0x64, 0x81, 0x44, 0x0B, 0x64, 0x64, 0x22, 0x31, 0x10,
    0x98, 0x4C, 0x47, 0x21, 0x10, 0x0C, 0x03, 0x83, 0x00, 0x00, 0x9F, 0x00, 0x00, 0x80, 0x87, 0x00, 0x00, 0x54, 0x80, 0x00, 0x00, 0x50, 0x93, 0x00,
    0x00, 0xC0, 0x96, 0x00, 0x05, 0x80, 0x40, 0x40, 0x20, 0x20, 0x10, 0x85, 0x90, 0x06, 0x10, 0x00, 0x20, 0x20, 0x40, 0x80, 0x80, 0x93, 0x00, 0x07,
    0x02, 0x00, 0x02, 0x00, 0x02, 0x02, 0x05, 0x02, 0x89, 0x00, 0x02, 0x09, 0x00, 0x09, 0x86, 0x00, 0x00, 0x15, 0x80, 0x00, 0x00, 0x04, 0x93, 0x00,
    0x00, 0x01, 0x91, 0x00, 0x1E, 0xC0, 0x30, 0x0C, 0x86, 0x41, 0x38, 0x0C, 0x86, 0x42, 0x33, 0x11, 0x09, 0x88, 0x88, 0x44, 0x4C, 0x48, 0x88, 0x01,
    0x11, 0x11, 0x23, 0x46, 0x84, 0x18, 0x30, 0x61, 0x06, 0x0C, 0x30, 0xC0, 0xAF, 0x00, 0x04, 0x02, 0x40, 0x00, 0x00, 0x02, 0x9F, 0x00, 0x00, 0x20,
    0x83, 0x00, 0x1F, 0x08, 0xD5, 0x00, 0x00, 0xFF, 0x00, 0x00, 0x36, 0xE3, 0x00, 0x00, 0x36, 0x43, 0x80, 0x00, 0x14, 0x01, 0x14, 0x80, 0x00, 0x63,
    0x1C, 0x00, 0x00, 0xFF, 0x14, 0x00, 0x41, 0xFF, 0x00, 0x00, 0xF7, 0xB1, 0x00, 0x05, 0x02, 0x00, 0x20, 0x00, 0x00, 0x04, 0xA4, 0x00, 0x0D, 0x01,
    0x06, 0x18, 0x20, 0x41, 0x8C, 0x18, 0x30, 0x21, 0x46, 0x44, 0x88, 0x88, 0x99, 0x80, 0x91, 0x0D, 0x99, 0x80, 0x4C, 0x44, 0x62, 0x31, 0x30, 0x9C,
    0x8E, 0x43, 0x30, 0x18, 0x06, 0x01, 0x81, 0x00, 0x00, 0x9F, 0x00, 0x00, 0x80, 0x86, 0x00, 0x00, 0x02, 0x98, 0x00, 0x00, 0xC0, 0x94, 0x00, 0x18,
    0x80, 0x40, 0x20, 0x20, 0x10, 0x90, 0x88, 0x48, 0x48, 0x44, 0x64, 0x44, 0x64, 0x44, 0x44, 0x40, 0x48, 0x88, 0x88, 0x10, 0x10, 0x20, 0x40, 0x40,
    0x80, 0x97, 0x00, 0x07, 0x02, 0x00, 0x02, 0x00, 0x02, 0x02, 0x05, 0x02, 0x83, 0x00, 0x02, 0x05, 0x00, 0x05, 0x85, 0x00, 0x00, 0xA0, 0x98, 0x00,
    0x00, 0x01, 0x90, 0x00, 0x20, 0xE0, 0x18, 0x06, 0xC1, 0x70, 0x1C, 0x06, 0x43, 0x63, 0x11, 0x08, 0x04, 0x44, 0x44, 0x22, 0x02, 0x22, 0x00, 0x22,
    0x44, 0x44, 0x08, 0x08, 0x11, 0x63, 0xF2, 0x0C, 0x18, 0x60, 0x81, 0x06, 0x18, 0xE0, 0xAD, 0x00, 0x01, 0x10, 0x80, 0xA3, 0x00, 0x00, 0x20, 0x82,
    0x00, 0x22, 0x7F, 0x80, 0x00, 0x3E, 0xC7, 0x00, 0x00, 0x7F, 0x01, 0x00, 0x08, 0x7B, 0x01, 0x00, 0x1C, 0x22, 0x41, 0x40, 0x40, 0x22, 0x10, 0x00,
    0xC1, 0x3E, 0x00, 0x00, 0xC1, 0x3E, 0x00, 0xC0, 0xDD, 0x08, 0x00, 0x80, 0x7F, 0xAE, 0x00, 0x02, 0x04, 0x00, 0x40, 0xA7, 0x00, 0x20, 0x03, 0x0C,
    0x30, 0x41, 0x86, 0x18, 0x30, 0x21, 0x42, 0x8C, 0x88, 0x10, 0x11, 0x00, 0x22, 0x20, 0x22, 0x00, 0x22, 0x11, 0x11, 0x90, 0x88, 0x44, 0x63, 0x61,
    0x38, 0x0C, 0x87, 0x41, 0x30, 0x0C, 0x03, 0x80, 0x00, 0x00, 0xA7, 0x00, 0x00, 0xA8, 0xB0, 0x00, 0x0C, 0x80, 0x78, 0x20, 0x10, 0x10, 0x88, 0xC8,
    0x44, 0x24, 0x22, 0x22, 0x12, 0x32, 0x80, 0x12, 0x0C, 0x32, 0x22, 0x22, 0x24, 0x44, 0x44, 0x88, 0x88, 0x10, 0x20, 0x20, 0x40, 0x80, 0x9D, 0x00,
    0x08, 0x02, 0x00, 0x02, 0x00, 0x02, 0x02, 0x07, 0x07, 0x02, 0x83, 0x00, 0x00, 0x0A, 0xAC, 0x00, 0x12, 0x80, 0x30, 0x0C, 0x83, 0xE0, 0x10, 0x0E,
    0x87, 0xE1, 0x10, 0x08, 0x04, 0xC6, 0x3A, 0x23, 0x11, 0x81, 0x11, 0x89, 0x80, 0x11, 0x0E, 0x22, 0x40, 0x84, 0x04, 0x18, 0x11, 0xC3, 0x06, 0x0C,
    0x10, 0xE1, 0x03, 0x0C, 0x70, 0x80, 0xA8, 0x00, 0x02, 0x07, 0x05, 0x20, 0xAA, 0x00, 0x24, 0xFF, 0x00, 0x00, 0xFF, 0x80, 0x00, 0x00, 0xDD, 0x00,
    0x00, 0x1C, 0xC1, 0x80, 0x00, 0x3E, 0x41, 0x80, 0x00, 0x80, 0x00, 0x80, 0x41, 0x2C, 0x00, 0x80, 0x57, 0x08, 0x00, 0x80, 0x77, 0x00, 0x00, 0xEF,
    0x7F, 0x00, 0x00, 0xFF, 0xAC, 0x00, 0x01, 0x08, 0x40, 0xA7, 0x00, 0x25, 0x01, 0x06, 0x18, 0x60, 0x83, 0x04, 0x10, 0x60, 0xC3, 0x84, 0x08, 0x10,
    0x21, 0x22, 0x44, 0x44, 0x40, 0x40, 0x48, 0x40, 0x40, 0x44, 0x62, 0x01, 0x31, 0x10, 0x8C, 0xC4, 0x63, 0x30, 0x18, 0x0C, 0xC3, 0x60, 0x18, 0x07,
    0x01, 0x00, 0x00, 0x9F, 0x00, 0x00, 0x80, 0x83, 0x00, 0x00, 0x05, 0xAF, 0x00, 0x20, 0x80, 0x40, 0x20, 0x10, 0x08, 0x88, 0xC4, 0x60, 0x22, 0x10,
    0x11, 0x11, 0x89, 0x89, 0x88, 0x48, 0x88, 0x48, 0x88, 0x09, 0x99, 0x11, 0x11, 0x32, 0x22, 0x44, 0xC4, 0x88, 0x18, 0x10, 0x20, 0x40, 0x80, 0xA0,
    0x00, 0x04, 0x02, 0x07, 0x0F, 0x07, 0x02, 0x81, 0x00, 0x00, 0x50, 0xAC, 0x00, 0x26, 0xE0, 0x18, 0x06, 0xC1, 0x70, 0x0C, 0x06, 0xC3, 0x50, 0x18,
    0x04, 0xC2, 0x41, 0x31, 0x11, 0x88, 0x04, 0x00, 0x04, 0x04, 0x44, 0x00, 0x00, 0x08, 0x11, 0x21, 0x42, 0x86, 0x0C, 0x18, 0x61, 0x83, 0x06, 0x18,
    0x70, 0x81, 0x06, 0x18, 0xE0, 0xA7, 0x00, 0x00, 0x08, 0xAA, 0x00, 0x10, 0x3E, 0xC1, 0x00, 0x00, 0xFF, 0x00, 0x00, 0x36, 0xC3, 0x00, 0x00, 0x77,
    0x80, 0x00, 0x00, 0x14, 0x80, 0x84, 0x00, 0x0F, 0x80, 0x14, 0x00, 0x00, 0xC1, 0x54, 0x00, 0x00, 0xFF, 0x14, 0x00, 0x00, 0xFF, 0x00, 0x00, 0xC1,
    0xAB, 0x00, 0x00, 0x80, 0xA7, 0x00, 0x26, 0x03, 0x18, 0x20, 0xC1, 0x06, 0x18, 0x20, 0x41, 0x84, 0x08, 0x10, 0x21, 0x40, 0x44, 0x00, 0x88, 0x10,
    0x10, 0x11, 0x00, 0x10, 0x90, 0x10, 0x88, 0x44, 0x42, 0x41, 0x30, 0x10, 0x8C, 0xC7, 0x60, 0x30, 0x1C, 0x07, 0xC0, 0x30, 0x0C, 0x03, 0x00, 0x9E,
    0x00, 0x80, 0x80, 0xB4, 0x00, 0x13, 0x40, 0x60, 0x10, 0x08, 0x84, 0xC4, 0x42, 0x33, 0x11, 0x88, 0x88, 0x8C, 0x44, 0x64, 0x44, 0x26, 0x04, 0x26,
    0x04, 0x24, 0x80, 0x44, 0x0B, 0x88, 0x08, 0x19, 0x11, 0x22, 0x62, 0xC4, 0x88, 0x18, 0x30, 0x60, 0xC0, 0x9E, 0x00, 0x05, 0x02, 0x07, 0x0F, 0x0B,
    0x0D, 0x07, 0xB0, 0x00, 0x27, 0x78, 0x04, 0x03, 0xE0, 0x38, 0x04, 0x83, 0x61, 0x38, 0x04, 0x02, 0x41, 0x31, 0x10, 0x08, 0x04, 0x06, 0x00, 0x22,
    0x00, 0x02, 0x00, 0x22, 0x00, 0x44, 0x04, 0x08, 0x10, 0x21, 0xC1, 0x06, 0x04, 0x30, 0xC1, 0x03, 0x04, 0x38, 0xC0, 0x03, 0x04, 0xA5, 0x00, 0x00,
    0x02, 0xAB, 0x00, 0x07, 0x7F, 0x00, 0x00, 0x7F, 0xC1, 0x00, 0x00, 0x7F, 0x80, 0x00, 0x04, 0x6B, 0x00, 0x00, 0x14, 0x22, 0x88, 0x00, 0x00, 0x22,
    0x80, 0x00, 0x08, 0xBE, 0x00, 0x00, 0xC1, 0x3E, 0x00, 0x00, 0xDD, 0x38, 0xD5, 0x00, 0x28, 0x01, 0x0E, 0x10, 0x40, 0x03, 0x0C, 0x10, 0x40, 0x83,
    0x0C, 0x10, 0x20, 0x41, 0x86, 0x0C, 0x18, 0x10, 0x00, 0x00, 0x22, 0x00, 0x20, 0x00, 0x22, 0x00, 0x20, 0x10, 0x88, 0x04, 0x42, 0x41, 0x30, 0x10,
    0x8E, 0xC1, 0x60, 0x10, 0x0E, 0x81, 0x60, 0x10, 0x00, 0x9C, 0x00, 0x07, 0x80, 0x40, 0x40, 0xA0, 0x40, 0x40, 0x80, 0x08, 0xAF, 0x00, 0x0F, 0x80,
    0x60, 0x10, 0x08, 0x84, 0xC2, 0x7A, 0x31, 0x18, 0x88, 0x44, 0x46, 0x44, 0x22, 0x13, 0x13, 0x80, 0x11, 0x00, 0x91, 0x80, 0x11, 0x0F, 0x02, 0x00,
    0x22, 0x44, 0x44, 0x8C, 0x08, 0x11, 0x31, 0x40, 0xC4, 0x04, 0x18, 0x10, 0x60, 0x80, 0x9B, 0x00, 0x08, 0x06, 0x0F, 0x12, 0x13, 0x27, 0x12, 0x10,
    0x0D, 0x02, 0xAC, 0x00, 0x29, 0xE0, 0x1C, 0x03, 0xC1, 0xF8, 0x14, 0x03, 0xC1, 0x30, 0x14, 0x06, 0xC1, 0x20, 0x10, 0x0C, 0x04, 0x02, 0x38, 0x00,
    0x01, 0x08, 0x01, 0x08, 0x01, 0x00, 0x11, 0x00, 0x00, 0x02, 0x04, 0x08, 0x10, 0x61, 0x03, 0x06, 0x18, 0x60, 0x01, 0x06, 0x1C, 0xF0, 0x01, 0xA5,
    0x00, 0x02, 0x80, 0x00, 0x07, 0xA8, 0x00, 0x03, 0xEB, 0x00, 0x00, 0xDD, 0x80, 0x00, 0x08, 0xD5, 0x00, 0x00, 0x1C, 0xC1, 0x00, 0x00, 0x08, 0x41,
    0x8A, 0x00, 0x0C, 0x01, 0x08, 0x00, 0x00, 0x55, 0x08, 0x00, 0x00, 0x77, 0x00, 0x00, 0x80, 0x77, 0xA6, 0x00, 0x00, 0x04, 0xA9, 0x00, 0x10, 0x03,
    0x1C, 0x60, 0x81, 0x07, 0x10, 0x60, 0x81, 0x06, 0x10, 0x20, 0x41, 0x82, 0x04, 0x08, 0x10, 0x20, 0x80, 0x40, 0x04, 0x00, 0x00, 0x08, 0x00, 0x00,
    0x80, 0x40, 0x0D, 0x20, 0x10, 0x08, 0x04, 0x43, 0x40, 0x30, 0x0C, 0x83, 0x40, 0x70, 0x1C, 0x07, 0xC0, 0x00, 0x9A, 0x00, 0x03, 0x80, 0xC0, 0x20,
    0x10, 0x80, 0x90, 0x02, 0x30, 0x20, 0xC0, 0xAE, 0x00, 0x27, 0xC0, 0x10, 0x18, 0x04, 0xC2, 0x41, 0x31, 0x10, 0x8C, 0x44, 0x22, 0x03, 0x33, 0x11,
    0x89, 0x00, 0x88, 0x00, 0x08, 0x40, 0x08, 0x44, 0x08, 0x00, 0x88, 0x01, 0x11, 0x11, 0x22, 0x00, 0x46, 0x04, 0x08, 0x10, 0x31, 0x62, 0xC6, 0x0C,
    0x18, 0x30, 0x94, 0x00, 0x01, 0x02, 0x02, 0x81, 0x00, 0x0A, 0x0F, 0x12, 0x22, 0x47, 0x4F, 0x4A, 0x4D, 0x67, 0x20, 0x18, 0x07, 0xA9, 0x00, 0x14,
    0x80, 0x70, 0x0E, 0x01, 0xE0, 0x1C, 0x06, 0x01, 0xE0, 0x18, 0x0E, 0x01, 0xC0, 0x10, 0x08, 0x04, 0x82, 0x01, 0x00, 0x00, 0x08, 0x81, 0x00, 0x12,
    0x04, 0x00, 0x00, 0x08, 0x00, 0x01, 0x01, 0x82, 0x04, 0x08, 0x10, 0x81, 0x00, 0x0C, 0x30, 0xC0, 0x01, 0x0E, 0x70, 0xD1, 0x00, 0x10, 0xFF, 0x00,
    0x00, 0x14, 0xFF, 0x00, 0x00, 0x36, 0x82, 0x00, 0x00, 0x55, 0x80, 0x00, 0x00, 0x55, 0x80, 0x8C, 0x00, 0x09, 0x80, 0x14, 0x00, 0x00, 0xC1, 0x54,
    0x00, 0x00, 0xFF, 0x14, 0xD4, 0x00, 0x16, 0x07, 0x30, 0x40, 0x03, 0x1C, 0x30, 0x40, 0x83, 0x0C, 0x30, 0x40, 0x81, 0x04, 0x08, 0x10, 0x20, 0x40,
    0x00, 0x00, 0x08, 0x00, 0x00, 0x10, 0x81, 0x00, 0x0F, 0x88, 0x00, 0x00, 0x40, 0x20, 0x10, 0x08, 0x04, 0x40, 0x40, 0x38, 0x04, 0x83, 0x40, 0x38,
    0x07, 0x00, 0x99, 0x00, 0x0C, 0xC0, 0x60, 0x10, 0x88, 0xC8, 0x48, 0xC8, 0x48, 0xC8, 0x88, 0x10, 0x60, 0xC0, 0xAA, 0x00, 0x29, 0xC0, 0x20, 0x18,
    0x04, 0xC2, 0x61, 0x30, 0x18, 0x8C, 0x46, 0x62, 0x01, 0x11, 0x10, 0x88, 0x04, 0x04, 0x44, 0x22, 0x00, 0x22, 0x00, 0x22, 0x00, 0x22, 0x00, 0x04,
    0x44, 0x00, 0x00, 0x88, 0x11, 0x11, 0x03, 0x42, 0x84, 0x08, 0x10, 0x31, 0x41, 0x86, 0x04, 0x95, 0x00, 0x10, 0x02, 0x02, 0x00, 0x00, 0x1F, 0x20,
    0x42, 0x8F, 0x9A, 0x97, 0x92, 0x90, 0x98, 0x8F, 0x40, 0x30, 0x1F, 0xA7, 0x00, 0x10, 0xC0, 0x3C, 0x01, 0x80, 0x70, 0x0E, 0x01, 0x80, 0x70, 0x0C,
    0x04, 0x81, 0x40, 0x08, 0x04, 0x02, 0x41, 0x80, 0x00, 0x01, 0x38, 0x02, 0x82, 0x00, 0x03, 0x02, 0x00, 0x00, 0x04, 0x80, 0x00, 0x0A, 0x41, 0x02,
    0x04, 0x18, 0x40, 0x81, 0x04, 0x18, 0xC0, 0x01, 0x07, 0xA7, 0x00, 0x00, 0x07, 0xA5, 0x00, 0x07, 0xF7, 0x00, 0x00, 0xFF, 0x01, 0x00, 0x00, 0xFF,
    0x80, 0x00, 0x00, 0xEB, 0x94, 0x00, 0x00, 0x22, 0x80, 0x00, 0x00, 0xBA, 0x80, 0x00, 0x00, 0xBE, 0xD1, 0x00, 0x11, 0x01, 0x1C, 0x40, 0x80, 0x07,
    0x38, 0x40, 0x80, 0x07, 0x18, 0x00, 0x80, 0x01, 0x08, 0x10, 0x20, 0x41, 0x84, 0x82, 0x00, 0x00, 0x20, 0x80, 0x00, 0x00, 0x20, 0x82, 0x00, 0x0B,
    0x80, 0x41, 0x20, 0x10, 0x0C, 0x01, 0x40, 0x10, 0x0C, 0x05, 0xC0, 0x70, 0x00, 0x97, 0x00, 0x0F, 0x80, 0x60, 0x10, 0x08, 0xC4, 0x64, 0x26, 0x32,
    0xB2, 0x22, 0x24, 0x64, 0xCC, 0x08, 0x10, 0xE0, 0x9B, 0x00, 0x00, 0xC0, 0x88, 0x00, 0x2B, 0x80, 0x40, 0x10, 0x04, 0x86, 0x41, 0x30, 0x10, 0x0C,
    0x44, 0x23, 0x11, 0x10, 0x00, 0x88, 0x44, 0x02, 0x00, 0x22, 0x11, 0x00, 0x11, 0x00, 0x01, 0x01, 0x11, 0x01, 0x11, 0x00, 0x00, 0x22, 0x00, 0x44,
    0x04, 0x88, 0x00, 0x11, 0x01, 0x42, 0x04, 0x0C, 0x10, 0x21, 0x43, 0x97, 0x00, 0x10, 0x0F, 0x32, 0x40, 0x87, 0x1D, 0x32, 0x22, 0x67, 0x6F, 0x67,
    0x20, 0x30, 0x9F, 0x87, 0x40, 0x38, 0x0F, 0x80, 0x00, 0x00, 0x20, 0x96, 0x00, 0x01, 0x01, 0x80, 0x85, 0x00, 0x0F, 0xF0, 0x06, 0x01, 0xC0, 0x3C,
    0x07, 0x01, 0xC0, 0x38, 0x04, 0x03, 0x40, 0x30, 0x04, 0x02, 0x01, 0x80, 0x00, 0x00, 0x04, 0x89, 0x00, 0x00, 0x02, 0x80, 0x00, 0x08, 0x20, 0x01,
    0x02, 0x00, 0x20, 0x00, 0x02, 0x0C, 0x70, 0x97, 0x00, 0x00, 0x08, 0x81, 0x00, 0x01, 0x01, 0x01, 0x81, 0x02, 0x02, 0x00, 0x01, 0x01, 0xA7, 0x00,
    0x04, 0x5C, 0x80, 0x00, 0x00, 0xDD, 0x80, 0x00, 0x00, 0xD5, 0x80, 0x00, 0x00, 0x41, 0x9A, 0x00, 0x00, 0x55, 0x80, 0x00, 0x00, 0x55, 0xAD, 0x00,
    0x00, 0x80, 0x9E, 0x00, 0x10, 0x07, 0x30, 0xC0, 0x01, 0x1E, 0x70, 0xC0, 0x01, 0x0E, 0x30, 0x40, 0x01, 0x02, 0x10, 0x20, 0x40, 0x80, 0x80, 0x00,
    0x00, 0x20, 0x88, 0x00, 0x00, 0x20, 0x80, 0x00, 0x09, 0x82, 0x40, 0x20, 0x10, 0x02, 0x01, 0x60, 0x10, 0x0F, 0x01, 0x00, 0x96, 0x00, 0x12, 0xC0,
    0x30, 0x08, 0xC4, 0x62, 0x32, 0x11, 0x99, 0xC9, 0x89, 0x09, 0x99, 0x11, 0x32, 0x62, 0x84, 0x18, 0x30, 0xC0, 0x99, 0x00, 0x00, 0xC0, 0x87, 0x00,
    0x16, 0x40, 0x30, 0x08, 0x86, 0x41, 0x30, 0x18, 0x0C, 0x06, 0x43, 0x01, 0x10, 0x00, 0x84, 0x44, 0x02, 0x01, 0x00, 0x11, 0x08, 0x00, 0x08, 0x04,
    0x80, 0x00, 0x12, 0x04, 0x00, 0x00, 0x08, 0x00, 0x08, 0x11, 0x00, 0x00, 0x02, 0x04, 0x80, 0x00, 0x10, 0x01, 0x42, 0x04, 0x08, 0x10, 0x96, 0x00,
    0x15, 0x1F, 0x60, 0x80, 0x1F, 0x32, 0x62, 0x47, 0x8D, 0xBE, 0x92, 0x90, 0xCF, 0x46, 0x60, 0x30, 0x0F, 0xC0, 0x60, 0x1F, 0x00, 0x00, 0x20, 0x96,
    0x00, 0x01, 0x01, 0x80, 0x83, 0x00, 0x11, 0xC0, 0x1C, 0x03, 0x00, 0xF0, 0x1C, 0x03, 0x00, 0xF0, 0x14, 0x03, 0x01, 0xE0, 0x10, 0x00, 0x01, 0x00,
    0x10, 0x96, 0x00, 0x04, 0x10, 0xE0, 0x01, 0x06, 0x10, 0x96, 0x00, 0x05, 0x08, 0x00, 0x00, 0x01, 0x02, 0x02, 0x84, 0x04, 0x02, 0x02, 0x02, 0x01,
    0xA4, 0x00, 0x0C, 0xFF, 0x00, 0x00, 0x36, 0xEB, 0x00, 0x00, 0x34, 0x82, 0x00, 0x00, 0x14, 0x80, 0x9C, 0x00, 0x01, 0x80, 0x04, 0xAF, 0x00, 0x00,
    0x80, 0x9C, 0x00, 0x12, 0x01, 0x1C, 0x60, 0x00, 0x07, 0x1C, 0xE0, 0x00, 0x07, 0x14, 0x60, 0x00, 0x02, 0x04, 0x00, 0x40, 0x80, 0x04, 0x08, 0x92,
    0x00, 0x07, 0x80, 0x40, 0x00, 0x04, 0x02, 0x40, 0x30, 0x14, 0x00, 0x95, 0x00, 0x14, 0xE0, 0x18, 0x04, 0xE2, 0x31, 0x19, 0x8C, 0xC4, 0x64, 0x04,
    0x24, 0x64, 0x44, 0x8C, 0x08, 0x19, 0x73, 0xC2, 0x04, 0x18, 0xE0, 0x98, 0x00, 0x00, 0xC0, 0x85, 0x00, 0x14, 0x80, 0x20, 0x10, 0x04, 0xC1, 0x61,
    0x10, 0x0C, 0x04, 0x83, 0x01, 0x00, 0x00, 0x80, 0x40, 0x22, 0x01, 0x00, 0x00, 0x08, 0x04, 0x81, 0x00, 0x15, 0x02, 0x00, 0x02, 0x00, 0x02, 0x00,
    0x00, 0x04, 0x00, 0x00, 0x08, 0x00, 0x01, 0x01, 0x42, 0x04, 0x00, 0x00, 0x10, 0x41, 0x82, 0x04, 0x94, 0x00, 0x17, 0x07, 0x38, 0xC0, 0x07, 0x3F,
    0x60, 0xC0, 0x8F, 0x18, 0x20, 0x00, 0x27, 0x20, 0x30, 0x18, 0x8F, 0x40, 0x70, 0x1F, 0x00, 0xC0, 0x3F, 0x05, 0x20, 0x96, 0x00, 0x01, 0x01, 0x80,
    0x82, 0x00, 0x0D, 0x70, 0x0E, 0x01, 0xC0, 0x70, 0x0F, 0x01, 0x80, 0x10, 0x0E, 0x01, 0x80, 0x10, 0x0C, 0x9C, 0x00, 0x03, 0x08, 0x40, 0x80, 0x01,
    0x96, 0x00, 0x11, 0x08, 0x01, 0x02, 0x04, 0x04, 0x09, 0x09, 0x19, 0x11, 0x13, 0x13, 0x09, 0x09, 0x08, 0x04, 0x06, 0x02, 0x01, 0xA1, 0x00, 0x03,
    0x51, 0x00, 0x00, 0xFF, 0x80, 0x00, 0x00, 0xFF, 0x80, 0x00, 0x00, 0xAA, 0xA0, 0x00, 0x00, 0xAA, 0xAE, 0x00, 0x00, 0x80, 0x9B, 0x00, 0x0F, 0x07,
    0x38, 0xC0, 0x01, 0x05, 0x70, 0xC0, 0x00, 0x05, 0x30, 0x40, 0x80, 0x04, 0x08, 0x00, 0x80, 0x9A, 0x00, 0x03, 0x08, 0x05, 0x80, 0x40, 0x00, 0x93,
    0x00, 0x18, 0xC0, 0x30, 0x0C, 0x82, 0xF1, 0x10, 0x0C, 0xC4, 0x62, 0x32, 0x13, 0x91, 0x93, 0x13, 0x12, 0x02, 0x46, 0x84, 0x08, 0x10, 0xE1, 0x06,
    0x0C, 0x30, 0x80, 0x96, 0x00, 0x00, 0xC0, 0x84, 0x00, 0x0F, 0xE0, 0x10, 0x0C, 0x02, 0xE1, 0x10, 0x08, 0x04, 0x83, 0x41, 0x30, 0x00, 0x04, 0x00,
    0x02, 0x01, 0x88, 0x00, 0x00, 0x01, 0x80, 0x00, 0x00, 0x01, 0x81, 0x00, 0x01, 0x02, 0x04, 0x80, 0x00, 0x06, 0x01, 0x02, 0x00, 0x04, 0x00, 0x20,
    0x41, 0x93, 0x00, 0x18, 0x1F, 0x60, 0x80, 0x0F, 0x70, 0x40, 0x80, 0x1F, 0x30, 0x40, 0x47, 0x4D, 0xCA, 0x45, 0x42, 0x40, 0x30, 0x1F, 0x80, 0xC0,
    0x3F, 0x07, 0x80, 0x60, 0x3F, 0x96, 0x00, 0x01, 0x01, 0x80, 0x81, 0x00, 0x0C, 0x38, 0x03, 0x00, 0xC0, 0x3E, 0x01, 0x00, 0x40, 0x28, 0x01, 0x00,
    0x40, 0x08, 0x9F, 0x00, 0x01, 0x04, 0x08, 0x96, 0x00, 0x07, 0x01, 0x0A, 0x04, 0x08, 0x09, 0x11, 0x12, 0x26, 0x81, 0x24, 0x08, 0x26, 0x02, 0x13,
    0x11, 0x09, 0x08, 0x04, 0x02, 0x01, 0x9D, 0x00, 0x00, 0x5D, 0x80, 0x00, 0x00, 0xD5, 0x80, 0x00, 0x00, 0x55, 0x80, 0x00, 0x00, 0x41, 0xA2, 0x00,
    0x00, 0x41, 0xAD, 0x00, 0x00, 0x80, 0x9A, 0x00, 0x0D, 0x0E, 0x60, 0x80, 0x01, 0x38, 0x40, 0x80, 0x01, 0x18, 0x40, 0x80, 0x01, 0x08, 0x10, 0x9E,
    0x00, 0x02, 0x10, 0x08, 0x01, 0x00, 0x92, 0x00, 0x1A, 0xE0, 0x18, 0x06, 0xE1, 0x38, 0x0C, 0x06, 0xE3, 0x31, 0x11, 0x01, 0xCC, 0x4C, 0x08, 0x40,
    0x88, 0x19, 0x11, 0x23, 0xC2, 0x04, 0x18, 0x70, 0xC1, 0x06, 0x18, 0xE0, 0x95, 0x00, 0x00, 0xC0, 0x82, 0x00, 0x0A, 0x80, 0x30, 0x08, 0x04, 0xC1,
    0x70, 0x18, 0x04, 0x83, 0x41, 0x20, 0x80, 0x00, 0x00, 0x02, 0x82, 0x00, 0x00, 0x02, 0x90, 0x00, 0x00, 0x02, 0x81, 0x00, 0x00, 0x01, 0x80, 0x00,
    0x00, 0x10, 0x92, 0x00, 0x1A, 0x7D, 0x80, 0x00, 0x3F, 0xE0, 0x80, 0x07, 0x3D, 0x60, 0x40, 0x07, 0x98, 0x10, 0x12, 0x10, 0x88, 0x85, 0xC0, 0x60,
    0x3F, 0x05, 0xC0, 0x70, 0x1F, 0x00, 0xC0, 0x3F, 0x95, 0x00, 0x12, 0x01, 0x80, 0x00, 0x00, 0xE0, 0x0C, 0x01, 0x00, 0xF8, 0x05, 0x00, 0x00, 0xF0,
    0x04, 0x03, 0x00, 0xA0, 0x00, 0x02, 0xA0, 0x00, 0x00, 0x02, 0x94, 0x00, 0x0A, 0x01, 0x03, 0x04, 0x08, 0x11, 0x13, 0x26, 0x44, 0x4C, 0x40, 0x48,
    0x80, 0x49, 0x09, 0x48, 0x4C, 0x4C, 0x24, 0x22, 0x11, 0x11, 0x08, 0x06, 0x03, 0x9B, 0x00, 0x08, 0xFF, 0x00, 0x00, 0x77, 0x82, 0x00, 0x00, 0x14,
    0x80, 0x80, 0x00, 0x00, 0x80, 0xD4, 0x00, 0x00, 0x80, 0x98, 0x00, 0x0E, 0x03, 0x10, 0x80, 0x00, 0x0F, 0x50, 0x80, 0x00, 0x06, 0x10, 0x80, 0x00,
    0x02, 0x00, 0x20, 0xA0, 0x00, 0x01, 0x20, 0x00, 0x00, 0x91, 0x00, 0x1D, 0x78, 0x0C, 0x83, 0xF0, 0x18, 0x04, 0xC3, 0x71, 0x18, 0x08, 0x84, 0x44,
    0x22, 0x00, 0x22, 0x22, 0x26, 0x44, 0x84, 0x00, 0x31, 0xE1, 0x82, 0x04, 0x38, 0xE1, 0x03, 0x04, 0x70, 0x80, 0x93, 0x00, 0x00, 0xC0, 0x81, 0x00,
    0x0D, 0x40, 0x18, 0x04, 0x83, 0x40, 0x38, 0x04, 0x02, 0x41, 0x20, 0x10, 0x0C, 0x04, 0x02, 0x99, 0x00, 0x00, 0x01, 0x82, 0x00, 0x02, 0x01, 0x02,
    0x04, 0x90, 0x00, 0x1E, 0x17, 0xE0, 0x00, 0x0F, 0x7D, 0xC0, 0x00, 0x1F, 0x70, 0xC0, 0x80, 0x0F, 0x30, 0x20, 0x00, 0x21, 0x02, 0x20, 0x10, 0x0F,
    0x00, 0xE0, 0x78, 0x0F, 0x00, 0xE0, 0x7D, 0x00, 0x00, 0xF0, 0x0F, 0x93, 0x00, 0x11, 0x01, 0x80, 0x00, 0x70, 0x07, 0x00, 0xC0, 0x14, 0x03, 0x00,
    0x80, 0x10, 0x02, 0x00, 0x00, 0x10, 0x00, 0x01, 0xA2, 0x00, 0x00, 0x01, 0x92, 0x00, 0x1A, 0x01, 0x06, 0x08, 0x10, 0x21, 0x46, 0x44, 0x88, 0x98,
    0x91, 0x13, 0x32, 0x10, 0x22, 0x32, 0x12, 0x91, 0x99, 0x98, 0x4C, 0x44, 0x26, 0x31, 0x10, 0x08, 0x06, 0x01, 0x97, 0x00, 0x00, 0x3A, 0x80, 0x00,
    0x00, 0xFF, 0x80, 0x00, 0x00, 0xBB, 0x80, 0x00, 0x00, 0x2A, 0xC6, 0x00, 0x81, 0x01, 0x89, 0x00, 0x00, 0x80, 0x97, 0x00, 0x0E, 0x07, 0x60, 0x00,
    0x01, 0x14, 0xE0, 0x00, 0x00, 0x04, 0x60, 0x00, 0x00, 0x04, 0x00, 0x40, 0xA3, 0x00, 0x00, 0x8F, 0x00, 0x10, 0xE0, 0x1C, 0x02, 0xC1, 0x38, 0x0C,
    0x03, 0xC1, 0x30, 0x00, 0x04, 0xC4, 0x23, 0x11, 0x01, 0x01, 0x89, 0x80, 0x11, 0x0C, 0x22, 0x46, 0x04, 0x18, 0x30, 0x41, 0x06, 0x1C, 0xF0, 0x81,
    0x06, 0x18, 0xE0, 0x96, 0x00, 0x0C, 0x20, 0x0C, 0x02, 0x41, 0x30, 0x14, 0x02, 0x01, 0xC0, 0x10, 0x08, 0x00, 0x82, 0x83, 0x00, 0x00, 0x10, 0x9C,
    0x00, 0x00, 0x01, 0x8F, 0x00, 0x20, 0x3F, 0xC0, 0x00, 0x1F, 0xE0, 0x80, 0x00, 0x1D, 0xE0, 0x00, 0x07, 0x10, 0x20, 0x40, 0x06, 0x80, 0x88, 0x00,
    0xC6, 0x40, 0x20, 0x15, 0x06, 0xC0, 0x60, 0x17, 0x00, 0xC0, 0xF8, 0x1F, 0x00, 0xC0, 0x3F, 0x92, 0x00, 0x0B, 0x80, 0xC0, 0x1E, 0x01, 0x00, 0x50,
    0x0E, 0x01, 0x00, 0x40, 0x08, 0x01, 0x90, 0x00, 0x00, 0x10, 0xA8, 0x00, 0x0B, 0x01, 0x06, 0x0C, 0x10, 0x21, 0x46, 0x8C, 0x88, 0x11, 0x21, 0x20,
    0x26, 0x80, 0x44, 0x0F, 0x40, 0x44, 0x64, 0x44, 0x22, 0x23, 0x31, 0x98, 0x88, 0x44, 0x43, 0x21, 0x18, 0x0C, 0x03, 0x01, 0x94, 0x00, 0x00, 0xDD,
    0x80, 0x00, 0x00, 0x55, 0x80, 0x00, 0x00, 0x45, 0xA3, 0x00, 0x02, 0x80, 0x00, 0x0E, 0x85, 0x00, 0x00, 0x0E, 0x94, 0x00, 0x02, 0x01, 0x01, 0x00,
    0x86, 0x02, 0x01, 0x01, 0x01, 0x9D, 0x00, 0x0A, 0x01, 0x38, 0x40, 0x00, 0x05, 0x38, 0x00, 0x00, 0x01, 0x18, 0x40, 0x81, 0x00, 0x00, 0x80, 0xA4,
    0x00, 0x01, 0x8D, 0x00, 0x23, 0x80, 0x70, 0xEE, 0x1D, 0xF2, 0xDD, 0x3E, 0x0D, 0xF3, 0xD9, 0x34, 0x02, 0xE7, 0xD5, 0x2B, 0x11, 0x45, 0x45, 0x89,
    0x15, 0x11, 0x19, 0x3A, 0x77, 0x66, 0x18, 0x3C, 0x51, 0xE7, 0x1D, 0xF6, 0xB9, 0xE6, 0x19, 0xEE, 0x70, 0x93, 0x00, 0x0E, 0xE0, 0x10, 0x26, 0x0D,
    0xE2, 0x51, 0x3E, 0x15, 0x82, 0x01, 0xC8, 0x14, 0x0A, 0x01, 0x82, 0xA3, 0x00, 0x00, 0x01, 0x8D, 0x00, 0x24, 0x0E, 0xF0, 0x3F, 0xC0, 0x7F, 0xDF,
    0xE0, 0x87, 0x78, 0xDD, 0xE0, 0x07, 0x37, 0x50, 0xA0, 0x41, 0x16, 0x90, 0x88, 0x10, 0xC6, 0x45, 0xA0, 0x55, 0x36, 0xC5, 0xE0, 0x57, 0x3F, 0xC5,
    0xF8, 0xFF, 0x3F, 0xC0, 0xBF, 0x75, 0x02, 0x90, 0x00, 0x0B, 0x78, 0xC5, 0x1E, 0x01, 0xBC, 0x55, 0x0E, 0x01, 0xA0, 0x44, 0x08, 0x01, 0xBB, 0x00,
    0x20, 0x03, 0x05, 0x1E, 0x2D, 0x53, 0xA5, 0x5E, 0x9C, 0xA9, 0x53, 0x65, 0xEC, 0xAE, 0xC4, 0xD5, 0xD5, 0xD1, 0xD5, 0xEC, 0xCC, 0xAA, 0x67, 0x57,
    0xF8, 0xB9, 0x54, 0xCF, 0xE5, 0x5B, 0x3D, 0x1B, 0x05, 0x03, 0x92, 0x00, 0x09, 0xEA, 0xDD, 0x00, 0x55, 0x80, 0x55, 0x00, 0x14, 0x80, 0x45, 0xC3,
    0x00, 0x13, 0x01, 0x01, 0x02, 0x03, 0x05, 0x04, 0x06, 0x06, 0x0A, 0x02, 0x0A, 0x02, 0x0E, 0x06, 0x06, 0x05, 0x03, 0x02, 0x02, 0x01, 0x99, 0x00,
    0x0B, 0x0F, 0x51, 0xB8, 0x40, 0x1E, 0x45, 0xB8, 0x00, 0x06, 0x11, 0x98, 0x40, 0x81, 0x00, 0x00, 0x80, 0xA4, 0x00, 0x01, 0x8C, 0x00, 0x26, 0xC0,
    0xBC, 0x73, 0xCE, 0x71, 0xFE, 0x1D, 0xC6, 0x31, 0xFC, 0x1C, 0xC7, 0x13, 0xEB, 0x15, 0x88, 0x00, 0x66, 0x44, 0x02, 0x04, 0x22, 0x48, 0x9C, 0x31,
    0x7A, 0x11, 0x8F, 0x16, 0xED, 0x51, 0x87, 0x3B, 0xFC, 0xF1, 0x0E, 0x73, 0x3C, 0xC0, 0x8F, 0x00, 0x0F, 0x80, 0x10, 0xEC, 0x11, 0xC6, 0x51, 0xE8,
    0x10, 0x0E, 0x41, 0x80, 0x04, 0x0A, 0x05, 0x02, 0x01, 0xB4, 0x00, 0x26, 0x3F, 0xCE, 0xF0, 0x1F, 0x70, 0xFF, 0xC0, 0x1F, 0x67, 0xF8, 0xC0, 0x1B,
    0x47, 0xB0, 0x40, 0x88, 0x01, 0x30, 0x50, 0x00, 0x10, 0x20, 0x15, 0x88, 0x40, 0xF0, 0x45, 0x9F, 0x40, 0xBF, 0x55, 0x0F, 0xE0, 0xFF, 0x7D, 0x82,
    0x75, 0xE2, 0x1F, 0x8D, 0x00, 0x0B, 0x80, 0x14, 0xF9, 0x05, 0xE0, 0x14, 0xBE, 0x05, 0x80, 0x14, 0xA2, 0x04, 0xBB, 0x00, 0x24, 0x01, 0x06, 0x1B,
    0x34, 0x5B, 0xA5, 0x5B, 0xB4, 0x39, 0x50, 0xA5, 0xC2, 0xDC, 0xDD, 0x88, 0xA2, 0xB3, 0x91, 0xB3, 0x91, 0xAA, 0x98, 0x99, 0x55, 0xEE, 0xEC, 0xF7,
    0x73, 0xAD, 0xD4, 0xCF, 0xB7, 0x7B, 0x34, 0x0B, 0x06, 0x01, 0x8E, 0x00, 0x0A, 0xBF, 0x00, 0xEA, 0x00, 0xFB, 0x55, 0x80, 0x00, 0xAA, 0x14, 0x80,
    0xC2, 0x00, 0x18, 0x01, 0x02, 0x03, 0x05, 0x06, 0x02, 0x0D, 0x05, 0x15, 0x15, 0x1A, 0x10, 0x1A, 0x12, 0x1E, 0x15, 0x0D, 0x05, 0x0B, 0x02, 0x06,
    0x05, 0x02, 0x01, 0x01, 0x95, 0x00, 0x0B, 0x14, 0xCF, 0x50, 0x83, 0x10, 0x9E, 0x40, 0x80, 0x10, 0x66, 0x10, 0x80, 0xAA, 0x00, 0x01, 0x8B, 0x00,
    0x28, 0xF8, 0xC6, 0x3D, 0xC3, 0xFC, 0x77, 0x0F, 0xD1, 0xDC, 0x36, 0x0F, 0x45, 0xDB, 0x15, 0x0A, 0x44, 0xA1, 0x11, 0x2A, 0x00, 0x0A, 0x01, 0x23,
    0x51, 0xA4, 0x40, 0x9C, 0x1D, 0x93, 0x47, 0x0F, 0x54, 0xB9, 0x43, 0x1D, 0xF6, 0x78, 0xC3, 0x3D, 0xCE, 0xF0, 0x8D, 0x00, 0x0E, 0x40, 0x98, 0x14,
    0x0D, 0x41, 0xE8, 0x54, 0x0B, 0x00, 0x20, 0x40, 0x02, 0x05, 0x02, 0x01, 0xB5, 0x00, 0x28, 0xFF, 0x3F, 0xC0, 0x1F, 0xDF, 0x70, 0x80, 0x5D, 0x9F,
    0x60, 0x87, 0x10, 0x9B, 0x40, 0x86, 0x10, 0x28, 0x40, 0xA0, 0x40, 0x80, 0x00, 0xA0, 0x50, 0x28, 0x10, 0xCE, 0x40, 0xDF, 0x15, 0x82, 0x50, 0xEF,
    0x17, 0xC0, 0x7D, 0xF2, 0x1F, 0xE0, 0x9F, 0xFF, 0x8B, 0x00, 0x0B, 0xC0, 0x8E, 0x14, 0x81, 0x50, 0xEB, 0x14, 0x02, 0x40, 0x8A, 0x14, 0x02, 0xBB,
    0x00, 0x26, 0x03, 0x0D, 0x16, 0x79, 0xB7, 0x4F, 0x94, 0x39, 0x73, 0xA5, 0x48, 0x94, 0xB1, 0xBA, 0x11, 0x44, 0x66, 0x6A, 0x40, 0x2A, 0x40, 0x62,
    0x54, 0x71, 0x11, 0xAA, 0x9D, 0xDE, 0x67, 0xE7, 0x51, 0xBC, 0x96, 0x6F, 0xF7, 0x68, 0x16, 0x0D, 0x03, 0x8C, 0x00, 0x09, 0xD5, 0xBF, 0x00, 0x00,
    0x45, 0xFB, 0x00, 0x00, 0x44, 0xAA, 0xC2, 0x00, 0x1C, 0x01, 0x02, 0x05, 0x06, 0x0A, 0x05, 0x15, 0x13, 0x2B, 0x23, 0x35, 0x35, 0x36, 0x14, 0x36,
    0x16, 0x36, 0x35, 0x2F, 0x23, 0x1B, 0x11, 0x15, 0x0D, 0x0A, 0x05, 0x03, 0x03, 0x01, 0x91, 0x00, 0x0B, 0x05, 0x38, 0x14, 0xC0, 0x05, 0x63, 0x10,
    0x80, 0x01, 0x28, 0x10, 0x60, 0xAC, 0x00, 0x01, 0x89, 0x00, 0x2C, 0xC0, 0x1C, 0xFB, 0x06, 0xF9, 0xCC, 0x3F, 0x07, 0xF9, 0xD4, 0x1F, 0x47, 0x33,
    0x45, 0x1A, 0x04, 0x22, 0x50, 0x29, 0x11, 0x08, 0x04, 0x08, 0x01, 0x01, 0x11, 0x28, 0x50, 0xA5, 0x0C, 0x14, 0x41, 0x63, 0x05, 0x3A, 0x44, 0xE1,
    0x06, 0x7B, 0xD4, 0xE1, 0x0E, 0xF3, 0x78, 0x80, 0x8A, 0x00, 0x0D, 0x30, 0x44, 0x1B, 0x44, 0x31, 0x44, 0x2A, 0x04, 0x03, 0x10, 0x20, 0x00, 0x02,
    0x01, 0xB5, 0x00, 0x2C, 0x1F, 0xC0, 0xFF, 0x02, 0xFF, 0x9F, 0xC0, 0x07, 0xF8, 0x5D, 0x80, 0x05, 0x67, 0x10, 0x80, 0x00, 0x26, 0x50, 0xA0, 0x40,
    0x80, 0x00, 0x80, 0x00, 0x80, 0x40, 0xA0, 0x50, 0x2E, 0x05, 0xC0, 0x15, 0x62, 0x05, 0xE0, 0x17, 0xFF, 0x04, 0xF0, 0x5F, 0x7F, 0x80, 0xFF, 0xF0,
    0x0F, 0x88, 0x00, 0x0A, 0xB8, 0xC1, 0x0E, 0x40, 0xAC, 0x51, 0x0B, 0x00, 0x20, 0x41, 0x0A, 0xBB, 0x00, 0x2A, 0x01, 0x06, 0x13, 0x6C, 0xD1, 0x6D,
    0x97, 0x2C, 0x51, 0xA7, 0x43, 0x94, 0x19, 0x72, 0x71, 0x26, 0x88, 0xCC, 0x54, 0x48, 0x50, 0x18, 0x51, 0xC0, 0x54, 0xE8, 0x00, 0xE6, 0x55, 0x3B,
    0x15, 0xDE, 0xC5, 0xF2, 0x51, 0x3C, 0xDF, 0xEE, 0x51, 0x2C, 0x1B, 0x06, 0x01, 0x88, 0x00, 0x06, 0x10, 0x80, 0xD5, 0x00, 0x55, 0x00, 0x45, 0x80,
    0x00, 0x00, 0x44, 0xC1, 0x00, 0x20, 0x01, 0x02, 0x05, 0x0A, 0x0C, 0x15, 0x0A, 0x21, 0x35, 0x57, 0x6E, 0x6A, 0x2C, 0x2C, 0xAD, 0x15, 0xBD, 0x05,
    0x2D, 0x2C, 0x6E, 0x62, 0x5E, 0x15, 0x37, 0x2B, 0x1B, 0x15, 0x0A, 0x07, 0x07, 0x03, 0x01, 0x8E, 0x00, 0x0A, 0x0E, 0x45, 0x38, 0x01, 0x1E, 0x45,
    0x60, 0x00, 0x02, 0x41, 0x28, 0xAE, 0x00, 0x01, 0x88, 0x00, 0x16, 0xF0, 0xCE, 0x1D, 0xC3, 0x74, 0xFF, 0x0D, 0xE3, 0x14, 0xFE, 0x05, 0xE3, 0x51,
    0x3C, 0x04, 0x02, 0x10, 0x28, 0x14, 0x08, 0x00, 0x02, 0x04, 0x81, 0x00, 0x13, 0x08, 0x10, 0x29, 0x00, 0x85, 0x00, 0x64, 0x11, 0x82, 0x05, 0xE6,
    0x50, 0x83, 0x15, 0xEE, 0xD8, 0x83, 0x79, 0x8E, 0xF0, 0x87, 0x00, 0x0B, 0xE0, 0x18, 0x32, 0x04, 0xE3, 0x50, 0x32, 0x05, 0x82, 0x00, 0x08, 0x10,
    0xB8, 0x00, 0x13, 0x7F, 0x9F, 0xC0, 0x1F, 0x52, 0xFF, 0x80, 0x3F, 0x47, 0xF8, 0x00, 0x3B, 0x45, 0x60, 0x00, 0x00, 0x40, 0xA0, 0x40, 0x80, 0x84,
    0x00, 0x13, 0x80, 0x40, 0xA0, 0x45, 0x08, 0x00, 0x60, 0x45, 0x2B, 0x00, 0xFF, 0x54, 0x2F, 0x40, 0xFF, 0xDD, 0x0B, 0xF0, 0x8F, 0x7F, 0x85, 0x00,
    0x0B, 0xA0, 0x04, 0xB8, 0x01, 0xB0, 0x45, 0x2C, 0x01, 0x00, 0x00, 0x20, 0x01, 0xBB, 0x00, 0x2C, 0x03, 0x0D, 0x26, 0x51, 0xE6, 0xD9, 0x3C, 0x51,
    0xA2, 0x4D, 0x9E, 0x30, 0x73, 0xD5, 0xE2, 0x40, 0x14, 0x99, 0xA8, 0x10, 0x22, 0x10, 0x30, 0x11, 0xA0, 0x10, 0xA8, 0x11, 0xCC, 0x44, 0xA1, 0x51,
    0x78, 0x94, 0xDA, 0x45, 0xF3, 0x58, 0xBE, 0x55, 0xA7, 0x58, 0x36, 0x0D, 0x03, 0x86, 0x00, 0x08, 0xFF, 0x10, 0x80, 0x00, 0xAA, 0x55, 0x00, 0x00,
    0x2A, 0xC2, 0x00, 0x24, 0x01, 0x02, 0x05, 0x02, 0x14, 0x19, 0x2A, 0x15, 0x46, 0x68, 0xAC, 0xD4, 0x5D, 0x59, 0x1A, 0x2A, 0xAB, 0x11, 0xBB, 0x21,
    0x2B, 0x18, 0x5A, 0x51, 0xD5, 0x9D, 0x2E, 0x66, 0x57, 0x15, 0x2B, 0x15, 0x0E, 0x0F, 0x07, 0x03, 0x01, 0x8A, 0x00, 0x0B, 0x03, 0x10, 0x8E, 0x40,
    0x03, 0x51, 0x9E, 0x40, 0x00, 0x10, 0x82, 0x40, 0xAF, 0x00, 0x00, 0x87, 0x00, 0x0C, 0xF8, 0x03, 0x00, 0xD0, 0x0E, 0x01, 0x00, 0xD0, 0x0E, 0x01,
    0x00, 0x50, 0x08, 0x80, 0x00, 0x05, 0x08, 0x04, 0x02, 0x00, 0x00, 0x01, 0x82, 0x00, 0x15, 0x01, 0x00, 0x00, 0x02, 0x04, 0x08, 0x00, 0x00, 0x04,
    0x08, 0x40, 0x01, 0x01, 0x18, 0x40, 0x00, 0x01, 0x3C, 0x40, 0x00, 0x05, 0xF8, 0x84, 0x00, 0x07, 0x80, 0x10, 0x0C, 0x01, 0x80, 0x10, 0x0C, 0x01,
    0x80, 0x00, 0x00, 0x04, 0x8E, 0x00, 0x00, 0x10, 0xA6, 0x00, 0x0D, 0x05, 0xF8, 0x00, 0x00, 0x5D, 0x80, 0x00, 0x00, 0x5D, 0x80, 0x00, 0x00, 0x54,
    0x80, 0x80, 0x00, 0x00, 0x80, 0x8C, 0x00, 0x10, 0x80, 0x10, 0x02, 0x00, 0xF0, 0x15, 0x02, 0x00, 0xC0, 0x17, 0x00, 0x00, 0xE0, 0x17, 0x00, 0x00,
    0xFD, 0x83, 0x00, 0x08, 0x50, 0x03, 0x00, 0x00, 0x50, 0x02, 0x00, 0x80, 0x40, 0x9A, 0x00, 0x00, 0x10, 0x9F, 0x00, 0x13, 0x01, 0x06, 0x30, 0x40,
    0x83, 0x04, 0x30, 0x40, 0x83, 0x04, 0x18, 0x10, 0x61, 0x40, 0x80, 0x00, 0x10, 0x01, 0x22, 0x40, 0x81, 0x00, 0x17, 0x88, 0x00, 0x00, 0x44, 0x00,
    0x00, 0x22, 0x11, 0x00, 0x00, 0x84, 0x41, 0x20, 0x10, 0x0C, 0x84, 0xC3, 0x60, 0x38, 0x04, 0x83, 0x60, 0x18, 0x05, 0x84, 0x00, 0x03, 0x41, 0x00,
    0x00, 0x0C, 0x8D, 0x00, 0x00, 0x20, 0xAA, 0x00, 0x00, 0x04, 0x87, 0x00, 0x0E, 0x01, 0x03, 0x04, 0x08, 0x10, 0x01, 0x22, 0x44, 0x88, 0x80, 0x10,
    0x11, 0x20, 0x22, 0x22, 0x82, 0x44, 0x00, 0x40, 0x80, 0x44, 0x0F, 0x60, 0x44, 0x22, 0x00, 0x33, 0x11, 0x98, 0x88, 0x4C, 0x46, 0x23, 0x11, 0x18,
    0x04, 0x06, 0x01, 0x88, 0x00, 0x08, 0x05, 0xE0, 0x00, 0x00, 0x05, 0xA0, 0x00, 0x00, 0x01, 0xB3, 0x00, 0x00, 0x85, 0x00, 0x0E, 0xE0, 0x1C, 0x01,
    0x00, 0xFC, 0x05, 0x00, 0x40, 0xB8, 0x04, 0x00, 0x00, 0x38, 0x04, 0x02, 0x80, 0x00, 0x00, 0x02, 0x90, 0x00, 0x0E, 0x02, 0x04, 0x20, 0x00, 0x01,
    0x04, 0xF8, 0x00, 0x01, 0x06, 0xF8, 0x00, 0x01, 0x14, 0xE0, 0x81, 0x00, 0x07, 0x40, 0x18, 0x01, 0x00, 0x40, 0x28, 0x00, 0xC0, 0x93, 0x00, 0x00,
    0x10, 0xA5, 0x00, 0x0C, 0x3F, 0x80, 0x00, 0x07, 0xFE, 0x00, 0x00, 0x17, 0xE0, 0x00, 0x00, 0x05, 0xE0, 0x95, 0x00, 0x0F, 0x05, 0x00, 0x00, 0xE0,
    0x05, 0x00, 0x00, 0xFF, 0x04, 0x00, 0x00, 0xFF, 0x00, 0x00, 0x40, 0x3F, 0x80, 0x00, 0x04, 0x0E, 0x00, 0x00, 0x40, 0x2E, 0x80, 0x00, 0x00, 0x01,
    0x9B, 0x00, 0x00, 0x10, 0x9E, 0x00, 0x0D, 0x01, 0x18, 0x60, 0x81, 0x05, 0x18, 0x60, 0xC1, 0x05, 0x08, 0x10, 0x60, 0xC1, 0x80, 0x80, 0x00, 0x04,
    0x62, 0x40, 0x80, 0x00, 0x80, 0x81, 0x00, 0x07, 0x10, 0x00, 0x00, 0x80, 0x00, 0x80, 0x40, 0x20, 0x80, 0x00, 0x0D, 0x82, 0x41, 0x20, 0x10, 0x0C,
    0x01, 0xC0, 0x50, 0x1C, 0x07, 0xC0, 0x70, 0x0C, 0x03, 0x80, 0x00, 0x00, 0x55, 0x80, 0x00, 0x00, 0x55, 0x8E, 0x00, 0x00, 0x20, 0xAA, 0x00, 0x00,
    0x04, 0x86, 0x00, 0x2A, 0x01, 0x06, 0x00, 0x10, 0x01, 0x62, 0x44, 0x88, 0x10, 0x11, 0x21, 0x22, 0x40, 0x44, 0x44, 0x88, 0x00, 0x88, 0x00, 0x10,
    0x11, 0x90, 0x11, 0x88, 0x01, 0x88, 0x00, 0x08, 0x44, 0x40, 0x40, 0x22, 0x11, 0x10, 0x10, 0x8C, 0x44, 0x23, 0x11, 0x18, 0x0C, 0x06, 0x01, 0x85,
    0x00, 0x04, 0x38, 0x00, 0x00, 0x01, 0x2A, 0xB8, 0x00, 0x00, 0x84, 0x00, 0x0D, 0x70, 0x07, 0x00, 0xE0, 0x16, 0x03, 0x00, 0xF0, 0x14, 0x03, 0x00,
    0xA0, 0x14, 0x02, 0x97, 0x00, 0x17, 0x01, 0x02, 0x10, 0xA0, 0x00, 0x02, 0x14, 0x80, 0x00, 0x07, 0xDC, 0x80, 0x00, 0x07, 0xD0, 0x00, 0x00, 0x20,
    0x04, 0x01, 0x00, 0x20, 0x04, 0x02, 0x95, 0x00, 0x00, 0x10, 0xA4, 0x00, 0x07, 0x75, 0x00, 0x00, 0x3F, 0x40, 0x00, 0x00, 0x3F, 0x80, 0x00, 0x00,
    0x3A, 0x9B, 0x00, 0x12, 0x40, 0x2A, 0x00, 0x00, 0x40, 0x2B, 0x00, 0x00, 0xD8, 0x2F, 0x00, 0x00, 0xDD, 0x00, 0x01, 0x00, 0x00, 0xA0, 0x01, 0xA0,
    0x00, 0x00, 0x10, 0x9D, 0x00, 0x0C, 0x0E, 0x10, 0xC0, 0x03, 0x0E, 0x10, 0xC0, 0x03, 0x06, 0x10, 0x20, 0x41, 0x86, 0x80, 0x00, 0x02, 0x40, 0x5C,
    0x80, 0x86, 0x00, 0x00, 0x20, 0x82, 0x00, 0x00, 0x80, 0x81, 0x00, 0x0F, 0x04, 0x82, 0x40, 0x20, 0x10, 0x06, 0x81, 0xE0, 0x10, 0x0F, 0x81, 0xE0,
    0x10, 0x0F, 0x00, 0xAA, 0x80, 0x00, 0x00, 0xAA, 0x8F, 0x00, 0x00, 0x20, 0xAA, 0x00, 0x00, 0x04, 0x84, 0x00, 0x2E, 0x01, 0x06, 0x0C, 0x10, 0x21,
    0x42, 0x44, 0x88, 0x10, 0x31, 0x01, 0x42, 0x44, 0x80, 0x08, 0x08, 0x11, 0x00, 0x00, 0x22, 0x00, 0x22, 0x00, 0x22, 0x00, 0x22, 0x00, 0x22, 0x11,
    0x00, 0x10, 0x88, 0x00, 0x44, 0x44, 0x22, 0x21, 0x30, 0x18, 0x8C, 0x44, 0x63, 0x11, 0x18, 0x04, 0x02, 0x01, 0x81, 0x00, 0x05, 0x03, 0x40, 0x00,
    0x00, 0x02, 0x40, 0xB9, 0x00, 0x00, 0x82, 0x00, 0x0E, 0x40, 0x3E, 0x01, 0x00, 0xD8, 0x0F, 0x01, 0x00, 0x50, 0x0A, 0x01, 0x00, 0x50, 0x0A, 0x01,
    0x9A, 0x00, 0x13, 0x01, 0x08, 0x40, 0x00, 0x01, 0x0E, 0x50, 0x00, 0x01, 0x1E, 0x50, 0x00, 0x01, 0xFE, 0x00, 0x02, 0x00, 0x80, 0x10, 0x02, 0x80,
    0x00, 0x00, 0xC0, 0x93, 0x00, 0x00, 0x10, 0xA2, 0x00, 0x08, 0x1D, 0x80, 0x00, 0x00, 0xDD, 0x80, 0x00, 0x00, 0xD5, 0x80, 0x00, 0x01, 0x54, 0x80,
    0x93, 0x00, 0x18, 0x80, 0x00, 0x80, 0x00, 0x80, 0xF0, 0x40, 0x80, 0x00, 0x80, 0x15, 0x00, 0x00, 0x80, 0x55, 0x00, 0x00, 0xC0, 0x57, 0x00, 0x00,
    0x81, 0x00, 0x00, 0x54, 0x83, 0x00, 0x00, 0x81, 0x9B, 0x00, 0x00, 0x10, 0x9B, 0x00, 0x0E, 0x03, 0x1C, 0x60, 0x80, 0x07, 0x10, 0x60, 0x80, 0x03,
    0x00, 0x20, 0x40, 0x83, 0x04, 0x08, 0x80, 0x00, 0x00, 0x80, 0x90, 0x00, 0x14, 0x80, 0x40, 0x00, 0x11, 0x08, 0x04, 0x80, 0x40, 0x30, 0x04, 0x03,
    0x40, 0x70, 0x1C, 0x03, 0x00, 0x70, 0x1C, 0x01, 0x00, 0x08, 0x91, 0x00, 0x00, 0x20, 0xAA, 0x00, 0x00, 0x04, 0x82, 0x00, 0x18, 0x01, 0x02, 0x04,
    0x18, 0x01, 0x43, 0x04, 0x88, 0x10, 0x20, 0x01, 0x42, 0x84, 0x88, 0x00, 0x10, 0x11, 0x20, 0x00, 0x42, 0x44, 0x00, 0x40, 0x00, 0x40, 0x80, 0x00,
    0x1D, 0x44, 0x00, 0x40, 0x22, 0x00, 0x20, 0x11, 0x00, 0x00, 0x88, 0x44, 0x42, 0x41, 0x30, 0x10, 0x8C, 0x44, 0x63, 0x30, 0x18, 0x04, 0x03, 0x01,
    0x00, 0x14, 0x80, 0x00, 0x00, 0x14, 0x80, 0xBA, 0x00, 0x01, 0x81, 0x00, 0x0F, 0xF8, 0x45, 0x3E, 0x41, 0xFC, 0xDD, 0x0F, 0x41, 0x3C, 0x51, 0x0A,
    0x01, 0x28, 0x54, 0x0A, 0x01, 0x9A, 0x00, 0x13, 0x01, 0x08, 0x44, 0x28, 0x01, 0x0E, 0x55, 0xF8, 0x01, 0x1E, 0x57, 0xF8, 0x41, 0xFE, 0x07, 0xE2,
    0x00, 0x88, 0x11, 0x02, 0xBC, 0x00, 0x0E, 0xFF, 0x1D, 0x80, 0x17, 0xE8, 0xDD, 0x80, 0x15, 0xE0, 0xD5, 0x00, 0x05, 0xE0, 0x54, 0x80, 0x93, 0x00,
    0x82, 0x80, 0x13, 0x00, 0xC0, 0xC0, 0x80, 0x80, 0x15, 0xA0, 0x04, 0x80, 0x55, 0xF8, 0x04, 0xC0, 0x17, 0xFF, 0x00, 0x81, 0x40, 0xFF, 0x54, 0x83,
    0x00, 0x00, 0x80, 0xB9, 0x00, 0x14, 0x05, 0x33, 0x5C, 0x61, 0x8C, 0x37, 0x50, 0x61, 0x84, 0x1B, 0x40, 0xA0, 0x40, 0x8B, 0x14, 0x08, 0x00, 0x80,
    0x00, 0x80, 0x1C, 0x8F, 0x00, 0x14, 0x80, 0x40, 0x80, 0x11, 0x29, 0x14, 0x88, 0x41, 0xF0, 0x44, 0x0B, 0x45, 0xF0, 0x5C, 0x3B, 0x1F, 0x70, 0x5C,
    0x39, 0x07, 0x08, 0xC4, 0x00, 0x3A, 0x03, 0x05, 0x1A, 0x34, 0x59, 0x85, 0x4B, 0x14, 0xA8, 0x51, 0x62, 0x05, 0x4A, 0x94, 0x88, 0x01, 0x32, 0x51,
    0x20, 0x00, 0xCA, 0x44, 0x08, 0x40, 0x00, 0x50, 0x00, 0x10, 0x80, 0x44, 0x88, 0x40, 0x2A, 0x44, 0x20, 0x51, 0x22, 0x01, 0x88, 0x54, 0xCA, 0x45,
    0x72, 0x51, 0xBC, 0x5C, 0xEF, 0x76, 0x79, 0x14, 0x0B, 0x07, 0x63, 0x14, 0x80, 0x01, 0x28, 0x14, 0x80, 0xBA, 0x00, 0x00, 0x80, 0x00, 0x0D, 0x54,
    0x03, 0x00, 0xF0, 0x17, 0x00, 0x00, 0xF0, 0x04, 0x00, 0x00, 0xA0, 0x04, 0x02, 0xA1, 0x00, 0x0C, 0x04, 0x80, 0x00, 0x03, 0x14, 0xA0, 0x00, 0x03,
    0x1F, 0x80, 0x00, 0x01, 0x5C, 0x9A, 0x00, 0x00, 0x10, 0x9F, 0x00, 0x04, 0x02, 0x50, 0x00, 0x00, 0x7F, 0x80, 0x00, 0x00, 0x7F, 0x80, 0x00, 0x00,
    0x2A, 0x9A, 0x00, 0x16, 0x80, 0x00, 0xF0, 0x00, 0x80, 0x80, 0x40, 0x80, 0x00, 0x00, 0x0A, 0x00, 0x00, 0x40, 0xBE, 0x00, 0x00, 0xC0, 0x3F, 0x00,
    0x00, 0xC0, 0x0A, 0x82, 0x00, 0x00, 0x80, 0x9B, 0x00, 0x00, 0x10, 0x98, 0x00, 0x11, 0x01, 0x1C, 0x40, 0x80, 0x07, 0x18, 0x40, 0x80, 0x01, 0x08,
    0x00, 0x80, 0x01, 0x06, 0x10, 0x20, 0x00, 0x80, 0x81, 0x00, 0x00, 0x1C, 0x93, 0x00, 0x11, 0x80, 0x40, 0x21, 0x10, 0x00, 0x00, 0x80, 0x10, 0x0E,
    0x01, 0xC0, 0x00, 0x08, 0x05, 0x80, 0x60, 0x0C, 0x01, 0x90, 0x00, 0x00, 0x20, 0xAA, 0x00, 0x18, 0x04, 0x00, 0x00, 0x01, 0x06, 0x08, 0x10, 0x61,
    0x02, 0x0C, 0x10, 0x20, 0x41, 0xC2, 0x04, 0x08, 0x10, 0x20, 0x00, 0x02, 0x04, 0x80, 0x00, 0x00, 0x10, 0x81, 0x00, 0x04, 0x20, 0x00, 0x20, 0x00,
    0x20, 0x82, 0x00, 0x14, 0x80, 0x00, 0x00, 0x44, 0x02, 0x01, 0x20, 0x10, 0x88, 0x04, 0x42, 0x41, 0x30, 0x10, 0x8E, 0x41, 0x23, 0x10, 0x08, 0x04,
    0x01, 0xBE, 0x00, 0x00, 0x0E, 0x00, 0xD0, 0x0F, 0x00, 0x00, 0x5C, 0x03, 0x00, 0x00, 0x50, 0x03, 0x00, 0x00, 0x50, 0x02, 0xA4, 0x00, 0x00, 0x02,
    0x80, 0x00, 0x09, 0x3A, 0x14, 0x00, 0x00, 0x3E, 0x74, 0x00, 0x00, 0x06, 0x70, 0x98, 0x00, 0x00, 0x10, 0x9E, 0x00, 0x04, 0x5D, 0x80, 0x00, 0x00,
    0xD5, 0x80, 0x00, 0x00, 0x55, 0x80, 0x00, 0x00, 0x54, 0x9E, 0x00, 0x08, 0x80, 0x00, 0x80, 0x00, 0x80, 0x80, 0x40, 0x80, 0x10, 0x84, 0x00, 0x04,
    0x15, 0x00, 0x00, 0x80, 0x17, 0xAE, 0x00, 0x00, 0x20, 0x89, 0x00, 0x10, 0x07, 0x30, 0xC0, 0x01, 0x0E, 0x30, 0xC0, 0x00, 0x06, 0x10, 0x60, 0x00,
    0x02, 0x00, 0x00, 0x40, 0x80, 0x9C, 0x00, 0x06, 0x80, 0x00, 0x00, 0x01, 0x02, 0x00, 0xF0, 0x80, 0x00, 0x06, 0xE0, 0x14, 0x02, 0x00, 0xC0, 0x1C,
    0x03, 0xBD, 0x00, 0x13, 0x04, 0x00, 0x01, 0x0C, 0x10, 0x60, 0x41, 0x04, 0x10, 0x20, 0x40, 0x82, 0x04, 0x08, 0x10, 0x20, 0x01, 0x02, 0x04, 0x88,
    0x80, 0x00, 0x03, 0x20, 0x00, 0x00, 0x40, 0x84, 0x00, 0x00, 0x40, 0x81, 0x00, 0x00, 0x20, 0x80, 0x00, 0x11, 0x80, 0x00, 0x42, 0x41, 0x20, 0x10,
    0x08, 0x04, 0x42, 0x40, 0x30, 0x1C, 0x80, 0x01, 0x20, 0x18, 0x0C, 0x02, 0xBD, 0x00, 0x00, 0x0D, 0xA0, 0x01, 0x00, 0x40, 0x2E, 0x01, 0x00, 0x40,
    0x2C, 0x01, 0x00, 0x00, 0x28, 0x01, 0xA7, 0x00, 0x0C, 0xE8, 0x00, 0x01, 0x01, 0xF0, 0x40, 0x00, 0x03, 0xF8, 0x40, 0x00, 0x07, 0xF8, 0x97, 0x00,
    0x00, 0x10, 0x9D, 0x00, 0x08, 0x80, 0x00, 0x00, 0x17, 0xE0, 0x00, 0x00, 0x15, 0xA0, 0x80, 0x00, 0x00, 0xA0, 0xA3, 0x00, 0x09, 0x80, 0x00, 0x80,
    0x00, 0xC0, 0x8F, 0x40, 0x80, 0x00, 0xFF, 0x80, 0x00, 0x09, 0xFF, 0x05, 0x00, 0x00, 0xFF, 0x00, 0x00, 0x40, 0x20, 0x40, 0xA8, 0x00, 0x00, 0x20,
    0x88, 0x00, 0x0C, 0x1C, 0x60, 0x00, 0x03, 0x1C, 0x60, 0x00, 0x01, 0x04, 0x20, 0x00, 0x00, 0x04, 0xA3, 0x00, 0x15, 0x80, 0x00, 0x00, 0x05, 0x00,
    0x01, 0x38, 0x17, 0x00, 0x00, 0x30, 0x17, 0x03, 0x00, 0x60, 0x16, 0x01, 0x00, 0x00, 0x02, 0x00, 0x02, 0xB6, 0x00, 0x11, 0x05, 0x06, 0x10, 0x20,
    0x41, 0x86, 0x0C, 0x30, 0x40, 0x80, 0x04, 0x08, 0x10, 0x20, 0x40, 0x02, 0x00, 0x08, 0x84, 0x00, 0x00, 0x80, 0x90, 0x00, 0x11, 0x08, 0x04, 0x02,
    0x01, 0x20, 0x10, 0x08, 0x07, 0xE0, 0x00, 0x10, 0x14, 0x86, 0x40, 0x20, 0x10, 0x06, 0x01, 0xBB, 0x00, 0x00, 0x0A, 0x00, 0x00, 0xF8, 0x05, 0x00,
    0x00, 0xB0, 0x04, 0x00, 0x00, 0x80, 0xAA, 0x00, 0x05, 0x06, 0x00, 0x80, 0x00, 0x00, 0x05, 0x80, 0x00, 0x05, 0x1D, 0xA0, 0x00, 0x00, 0x1C, 0x80,
    0x95, 0x00, 0x00, 0x10, 0x9F, 0x00, 0x00, 0xFF, 0x80, 0x00, 0x00, 0x3A, 0x80, 0x00, 0x00, 0x0A, 0xA8, 0x00, 0x13, 0x3E, 0x00, 0x00, 0xC0, 0x3F,
    0x80, 0x00, 0x80, 0xBA, 0x40, 0x80, 0x00, 0xBA, 0x00, 0x00, 0x80, 0x0A, 0x40, 0x20, 0x40, 0xA8, 0x00, 0x00, 0x20, 0x87, 0x00, 0x0B, 0x20, 0xC0,
    0x00, 0x05, 0x38, 0xC0, 0x00, 0x01, 0x08, 0x40, 0x80, 0x01, 0xA6, 0x00, 0x14, 0x01, 0x80, 0x00, 0x00, 0x05, 0x80, 0x00, 0x00, 0x05, 0x80, 0x41,
    0x28, 0x05, 0x00, 0x40, 0x38, 0x01, 0x00, 0x01, 0x00, 0x01, 0xB5, 0x00, 0x10, 0x02, 0x00, 0x30, 0x40, 0x82, 0x04, 0x18, 0x00, 0x81, 0x00, 0x08,
    0x10, 0x20, 0x40, 0x00, 0x00, 0x08, 0x9F, 0x00, 0x0D, 0x41, 0x38, 0x00, 0x00, 0x01, 0xE3, 0x50, 0x00, 0x04, 0x83, 0x40, 0x30, 0x08, 0x03, 0xBA,
    0x00, 0x00, 0x06, 0x00, 0x54, 0x03, 0x00, 0x00, 0x50, 0x02, 0xAC, 0x00, 0x00, 0x38, 0x80, 0x00, 0x01, 0x38, 0x10, 0x80, 0x00, 0x08, 0x50, 0x00,
    0x00, 0x03, 0x70, 0x00, 0x00, 0x03, 0x70, 0x94, 0x00, 0x00, 0x10, 0x9E, 0x00, 0x00, 0xD5, 0x80, 0x00, 0x00, 0x54, 0xAB, 0x00, 0x01, 0x80, 0x01,
    0x86, 0x00, 0x0A, 0x01, 0x00, 0x80, 0x00, 0xD5, 0x00, 0x80, 0x80, 0xF7, 0xC0, 0x80, 0xA8, 0x00, 0x00, 0x20, 0x88, 0x00, 0x07, 0x01, 0x1A, 0x40,
    0x80, 0x00, 0x0A, 0x10, 0x80, 0xA8, 0x00, 0x00, 0x3A, 0x80, 0x00, 0x00, 0xE0, 0x80, 0x00, 0x0C, 0xC0, 0x50, 0x02, 0x00, 0x80, 0x50, 0x0B, 0x00,
    0x80, 0x50, 0x0F, 0x01, 0x01, 0xB4, 0x00, 0x08, 0x02, 0x04, 0x10, 0x40, 0x81, 0x04, 0x18, 0x30, 0x40, 0x80, 0x00, 0x02, 0x20, 0x40, 0x80, 0xA2,
    0x00, 0x10, 0x0C, 0x44, 0x00, 0x00, 0x10, 0x14, 0x80, 0x00, 0x00, 0x10, 0x08, 0x00, 0x80, 0x40, 0x18, 0x04, 0x01, 0xB8, 0x00, 0x00, 0x00, 0x28,
    0x80, 0x00, 0x00, 0x28, 0xAD, 0x00, 0x06, 0x04, 0x01, 0x00, 0xE0, 0x00, 0x00, 0x01, 0x80, 0x00, 0x09, 0x01, 0x00, 0x40, 0x00, 0x01, 0x0E, 0x40,
    0x00, 0x00, 0x7E, 0x93, 0x00, 0x00, 0x10, 0xA0, 0x00, 0x01, 0x05, 0xA0, 0xAB, 0x00, 0x00, 0x10, 0x81, 0x00, 0x00, 0x0A, 0x80, 0x00, 0x00, 0xAE,
    0x80, 0x00, 0x0A, 0xE8, 0x05, 0x00, 0x00, 0xF0, 0x15, 0x80, 0xC0, 0xF0, 0xC0, 0x80, 0xA7, 0x00, 0x00, 0x20, 0x87, 0x00, 0x06, 0x02, 0x10, 0x80,
    0x00, 0x02, 0x14, 0x20, 0xAD, 0x00, 0x00, 0x01, 0x80, 0x00, 0x00, 0x05, 0x80, 0x00, 0x0A, 0x14, 0x02, 0x00, 0x80, 0x14, 0x03, 0x00, 0xC0, 0x15,
    0x03, 0x01, 0xB3, 0x00, 0x08, 0x08, 0x00, 0x80, 0x01, 0x08, 0x10, 0x60, 0x01, 0x02, 0xA7, 0x00, 0x12, 0x01, 0x20, 0x00, 0x00, 0x05, 0xC0, 0x00,
    0x00, 0x04, 0x82, 0x40, 0x20, 0x10, 0x0E, 0x81, 0xC0, 0x20, 0x08, 0x05, 0xB7, 0x00, 0x00, 0x03, 0x00, 0x00, 0xA0, 0x01, 0xB1, 0x00, 0x00, 0x02,
    0x81, 0x00, 0x00, 0x14, 0x80, 0x00, 0x09, 0x14, 0x20, 0x00, 0x00, 0x05, 0xA8, 0x00, 0x00, 0x05, 0xE0, 0x91, 0x00, 0x00, 0x10, 0x9F, 0x00, 0x00,
    0x2A, 0xBF, 0x00, 0x05, 0x80, 0xCA, 0xE0, 0xE0, 0x60, 0xDF, 0xA7, 0x00, 0x00, 0x20, 0x87, 0x00, 0x05, 0x20, 0x00, 0x00, 0x05, 0x00, 0x40, 0xAD,
    0x00, 0x00, 0x20, 0x80, 0x00, 0x00, 0x80, 0x81, 0x00, 0x00, 0x40, 0x80, 0x00, 0x07, 0x40, 0x20, 0x05, 0x03, 0x03, 0x72, 0x07, 0x01, 0xB2, 0x00,
    0x06, 0x40, 0x01, 0x02, 0x10, 0x60, 0x40, 0x02, 0xA8, 0x00, 0x00, 0x88, 0x80, 0x00, 0x00, 0x30, 0x81, 0x00, 0x0C, 0x10, 0x00, 0x00, 0x03, 0x40,
    0x20, 0x00, 0x02, 0x01, 0x60, 0x10, 0x0C, 0x01, 0xB5, 0x00, 0x00, 0x01, 0x00, 0x50, 0xBE, 0x00, 0x08, 0x40, 0x00, 0x00, 0x03, 0x50, 0x00, 0x00,
    0x01, 0x74, 0xB2, 0x00, 0x00, 0x40, 0xA9, 0x00, 0x00, 0x20, 0x8D, 0x00, 0x00, 0x01, 0x80, 0x00, 0x09, 0x15, 0x80, 0xE0, 0xD0, 0xD1, 0xE8, 0x10,
    0x10, 0x65, 0x80, 0xA5, 0x00, 0x00, 0x20, 0x89, 0x00, 0x02, 0x08, 0x00, 0x80, 0xB2, 0x00, 0x03, 0x80, 0x00, 0x00, 0x10, 0x80, 0x00, 0x0A, 0x40,
    0x0A, 0x00, 0x00, 0x42, 0x2C, 0x05, 0x09, 0xC4, 0x1C, 0x03, 0xB1, 0x00, 0x06, 0x02, 0x04, 0x20, 0x40, 0x80, 0x00, 0x08, 0xA6, 0x00, 0x00, 0xC0,
    0x80, 0x00, 0x00, 0x04, 0x81, 0x00, 0x01, 0x04, 0x03, 0x80, 0x00, 0x0A, 0x08, 0x00, 0x80, 0x40, 0x30, 0x04, 0x02, 0x00, 0x20, 0x10, 0x06, 0xB4,
    0x00, 0x00, 0x00, 0x08, 0xC0, 0x00, 0x00, 0x0A, 0x80, 0x00, 0x05, 0x0E, 0x40, 0x00, 0x00, 0x0E, 0x40, 0xDD, 0x00, 0x00, 0x20, 0x8B, 0x00, 0x01,
    0x80, 0x80, 0x81, 0x00, 0x0A, 0xE0, 0xB0, 0x88, 0xC4, 0xE4, 0xB4, 0xE5, 0xC8, 0x08, 0x30, 0xE5, 0xA4, 0x00, 0x00, 0x20, 0x88, 0x00, 0x00, 0x10,
    0xBE, 0x00, 0x0A, 0x13, 0x04, 0x08, 0x91, 0x13, 0x12, 0x13, 0x81, 0x68, 0x06, 0x03, 0xB0, 0x00, 0x04, 0x40, 0x80, 0x0E, 0x00, 0x10, 0xA7, 0x00,
    0x00, 0x80, 0x88, 0x00, 0x0E, 0x02, 0x40, 0x20, 0x00, 0x00, 0x01, 0x80, 0x00, 0x08, 0x04, 0x00, 0x40, 0x30, 0x04, 0x03, 0xB2, 0x00, 0x00, 0xC6,
    0x00, 0x05, 0x01, 0xA8, 0x00, 0x00, 0x01, 0xF8, 0xDC, 0x00, 0x00, 0x20, 0x8C, 0x00, 0x10, 0x80, 0x80, 0x00, 0x00, 0xF0, 0x08, 0x84, 0xE2, 0xF2,
    0xB2, 0x9A, 0x12, 0x32, 0xE6, 0x04, 0x08, 0xF7, 0xA3, 0x00, 0x00, 0x20, 0xC1, 0x00, 0x00, 0x80, 0x84, 0x00, 0x0C, 0x07, 0x08, 0x10, 0x23, 0x27,
    0x26, 0xFC, 0x24, 0x26, 0x03, 0xD0, 0x0C, 0x07, 0xE8, 0x00, 0x00, 0x03, 0x82, 0x00, 0x00, 0x20, 0x80, 0x00, 0x07, 0x80, 0x10, 0x08, 0x01, 0x80,
    0x40, 0x18, 0x04, 0xB1, 0x00, 0x00, 0xC3, 0x00, 0x81, 0x80, 0x01, 0x00, 0x54, 0x80, 0x00, 0x00, 0x14, 0xED, 0x00, 0x10, 0xE0, 0x98, 0x0C, 0xE2,
    0x31, 0x99, 0x89, 0xCC, 0xCC, 0x8C, 0x09, 0x19, 0xF3, 0x02, 0x04, 0x38, 0xC0, 0xA1, 0x00, 0x00, 0x20, 0xC7, 0x00, 0x10, 0x03, 0x0C, 0x10, 0x21,
    0x46, 0x4C, 0x99, 0x99, 0xB5, 0x99, 0x58, 0x4C, 0x47, 0x20, 0x18, 0x0E, 0x03, 0xDC, 0x00, 0x00, 0xC0, 0x8C, 0x00, 0x00, 0x80, 0x82, 0x00, 0x07,
    0x20, 0x10, 0x02, 0x01, 0x80, 0x10, 0x0C, 0x01, 0xAF, 0x00, 0x00, 0xC0, 0x00, 0x01, 0x80, 0x80, 0x83, 0x40, 0x06, 0x00, 0x82, 0x80, 0x00, 0x00,
    0x03, 0x40, 0xD9, 0x00, 0x00, 0x20, 0x8D, 0x00, 0x12, 0xF0, 0x0C, 0x02, 0xE1, 0x98, 0x8C, 0xC4, 0x62, 0xB2, 0xB2, 0x22, 0x46, 0x04, 0x0C, 0x39,
    0xE1, 0x02, 0x0C, 0xF1, 0xA0, 0x00, 0x00, 0x20, 0xC1, 0x00, 0x00, 0x80, 0x81, 0x00, 0x12, 0x07, 0x18, 0x20, 0x47, 0x8C, 0x98, 0x11, 0x23, 0x27,
    0x24, 0x64, 0x33, 0x31, 0x98, 0x8C, 0x43, 0x30, 0x1C, 0x07, 0xAE, 0x00, 0x00, 0x0E, 0xB3, 0x00, 0x00, 0x03, 0x87, 0x00, 0x80, 0x01, 0x06, 0x21,
    0x05, 0x03, 0x01, 0x40, 0x10, 0x02, 0xAE, 0x00, 0x01, 0xBE, 0x00, 0x05, 0x80, 0x40, 0xC0, 0xA0, 0x60, 0x60, 0x80, 0x50, 0x08, 0x60, 0x20, 0xA2,
    0xC0, 0xC8, 0x80, 0x03, 0x40, 0xBA, 0xE7, 0x00, 0x15, 0xC0, 0x38, 0xF6, 0xCD, 0xFA, 0xED, 0x9E, 0x6E, 0xF5, 0x7B, 0x93, 0x3B, 0xBB, 0x57, 0x27,
    0xCE, 0x3D, 0xFD, 0xF2, 0x0D, 0xF7, 0xF9, 0xE7, 0x00, 0x16, 0x01, 0x0E, 0x37, 0x59, 0xAF, 0x5F, 0xBC, 0xFB, 0x57, 0x6B, 0x67, 0xED, 0x28, 0x7F,
    0x77, 0xFB, 0xBC, 0x5F, 0xB7, 0x5C, 0x37, 0x0F, 0x01, 0xAC, 0x00, 0x00, 0x0E, 0xA9, 0x00, 0x00, 0xC0, 0x8E, 0x00, 0x0E, 0x01, 0x01, 0x02, 0x03,
    0x03, 0x05, 0x25, 0x41, 0x01, 0x03, 0x42, 0x11, 0x23, 0x04, 0x01, 0xAC, 0x00, 0x00, 0xBC, 0x00, 0x15, 0x80, 0x40, 0x20, 0x20, 0x10, 0x90, 0x88,
    0xC8, 0x48, 0xC8, 0xC8, 0x88, 0x98, 0x90, 0x10, 0x20, 0x60, 0x40, 0x80, 0x00, 0x05, 0x80, 0xB1, 0x00, 0x00, 0x01, 0xAF, 0x00, 0x18, 0xF0, 0x0C,
    0x03, 0xE0, 0x3C, 0x04, 0x83, 0xF1, 0x18, 0x0C, 0xC4, 0x64, 0xA4, 0x44, 0x84, 0x08, 0x11, 0xC1, 0x02, 0x06, 0xF8, 0xC0, 0x03, 0x1C, 0xF0, 0x8F,
    0x00, 0x00, 0x10, 0xBF, 0x00, 0x00, 0x07, 0x8E, 0x00, 0x19, 0x07, 0x18, 0x60, 0x83, 0x1C, 0x30, 0x60, 0x47, 0x8C, 0x98, 0x11, 0x13, 0x12, 0x11,
    0x99, 0x98, 0x8C, 0x41, 0x60, 0x30, 0x0F, 0x81, 0x60, 0x1C, 0x07, 0x20, 0xD7, 0x00, 0x00, 0xC0, 0x86, 0x00, 0x00, 0x01, 0x82, 0x00, 0x05, 0x01,
    0x02, 0x06, 0x04, 0x04, 0x08, 0x81, 0x09, 0x07, 0x89, 0x00, 0x04, 0x04, 0x02, 0x42, 0x11, 0x04, 0xAB, 0x00, 0x01, 0xBA, 0x00, 0x18, 0x80, 0x40,
    0xA0, 0x50, 0xB0, 0xE8, 0x58, 0xF4, 0xEC, 0xEC, 0x6C, 0xEC, 0xEC, 0xAC, 0xFC, 0xD4, 0xD8, 0xA8, 0x70, 0x70, 0xE0, 0xC0, 0x05, 0x80, 0x50, 0xE2,
    0x00, 0x1A, 0x78, 0xF6, 0x0D, 0xFB, 0xEE, 0x3F, 0xC5, 0xBB, 0xFD, 0x1E, 0xCE, 0xE6, 0x75, 0x17, 0x54, 0xA6, 0x4A, 0x15, 0xD9, 0x72, 0x07, 0xFE,
    0xDC, 0xF3, 0x1D, 0xF6, 0xF8, 0xE2, 0x00, 0x1A, 0x1F, 0x67, 0xD8, 0x6F, 0xBB, 0x7C, 0xF1, 0xEE, 0x5F, 0x9C, 0x99, 0x77, 0x57, 0x56, 0x57, 0xFB,
    0xA9, 0xBC, 0x49, 0xE7, 0xF1, 0x7F, 0x9D, 0x67, 0xDC, 0x37, 0x0F, 0xE5, 0x00, 0x14, 0x01, 0x02, 0x05, 0x02, 0x0E, 0x1D, 0x17, 0x1A, 0x1B, 0x1B,
    0x3B, 0x1B, 0x9B, 0x13, 0x15, 0x0D, 0x0B, 0x46, 0x95, 0x06, 0x09, 0xAA, 0x00, 0x01, 0xB9, 0x00, 0x1A, 0xC0, 0xA0, 0x50, 0x28, 0xD8, 0xD4, 0xEA,
    0x7A, 0x56, 0x74, 0xB5, 0x35, 0xBD, 0xB5, 0xB4, 0x76, 0x56, 0xEA, 0xEC, 0x54, 0xB8, 0x78, 0xF0, 0x60, 0xC0, 0x50, 0x0A, 0xDF, 0x00, 0x1E, 0xC0,
    0x1C, 0x79, 0xE6, 0x7D, 0xFE, 0x0F, 0xF3, 0xD9, 0x3E, 0x0E, 0xE7, 0xD3, 0x2A, 0x11, 0xFB, 0x98, 0x2B, 0x53, 0xE5, 0x1A, 0x7C, 0x31, 0xE6, 0x1D,
    0xFE, 0x79, 0x06, 0xF9, 0x3C, 0xE0, 0xDE, 0x00, 0x1E, 0x05, 0x38, 0x5F, 0xE3, 0xDF, 0x3F, 0x78, 0xE7, 0xCD, 0xBE, 0x78, 0x57, 0x45, 0xEE, 0xC4,
    0xDD, 0xC7, 0xEA, 0x75, 0x53, 0x28, 0xB7, 0xC5, 0xB3, 0x5C, 0x3F, 0xC7, 0xB0, 0x4F, 0x1E, 0x03, 0xE1, 0x00, 0x18, 0x01, 0x02, 0x05, 0x0A, 0x1D,
    0x11, 0x2A, 0x3F, 0x37, 0x56, 0x5E, 0x52, 0x7A, 0x5E, 0x1E, 0x17, 0x37, 0x29, 0x1B, 0x15, 0x8D, 0x0A, 0x0D, 0x12, 0x01, 0xA8, 0x00, 0x01, 0xB7,
    0x00, 0x1E, 0x80, 0x60, 0xF0, 0x28, 0xD4, 0x6C, 0xEA, 0x55, 0x3B, 0x3B, 0xFA, 0x5C, 0xDD, 0x55, 0xDD, 0xD5, 0xDC, 0x52, 0x9A, 0x2B, 0x75, 0x76,
    0xEA, 0x5C, 0xB4, 0x78, 0xF0, 0x60, 0x8A, 0x01, 0xA0, 0xDC, 0x00, 0x20, 0xF8, 0xC7, 0x1C, 0xF1, 0xFE, 0x7F, 0x06, 0x71, 0xFC, 0x19, 0xC7, 0x12,
    0xE9, 0x15, 0xCE, 0x00, 0x6A, 0x88, 0x8D, 0x15, 0xE9, 0x12, 0x8D, 0x36, 0xFC, 0xD1, 0x0F, 0x7F, 0xFC, 0xC1, 0x3C, 0xE7, 0xF8, 0xDC, 0x00, 0x20,
    0x0F, 0x75, 0xB8, 0xC7, 0xBB, 0x7F, 0xB0, 0x47, 0x9F, 0x4C, 0x71, 0x64, 0xCF, 0x54, 0x89, 0x80, 0xBB, 0x91, 0xB9, 0x54, 0xEB, 0xE4, 0x53, 0x34,
    0xDB, 0xC5, 0xF8, 0x77, 0x9F, 0x61, 0xDE, 0x73, 0x0F, 0xD9, 0x00, 0x21, 0x01, 0x00, 0x01, 0x00, 0x01, 0x00, 0x02, 0x04, 0x0A, 0x15, 0x0B, 0x3B,
    0x55, 0x6E, 0x2E, 0xAD, 0xD5, 0xDD, 0xD1, 0xDB, 0xDD, 0x9D, 0x9D, 0x2F, 0x6C, 0x5E, 0x75, 0x2B, 0x19, 0x15, 0x1A, 0x25, 0x03, 0x01, 0xA6, 0x00,
    0x01, 0xB5, 0x00, 0x21, 0x80, 0x40, 0xB0, 0x68, 0xB4, 0x4A, 0xF6, 0x75, 0x2A, 0x9D, 0xDD, 0x4D, 0xEE, 0x4E, 0x6E, 0x56, 0xE6, 0x46, 0x6E, 0x62,
    0xEE, 0x4D, 0x15, 0x32, 0x7B, 0x55, 0xA6, 0x5A, 0xBC, 0x78, 0xB0, 0x41, 0x20, 0x14, 0xD9, 0x00, 0x23, 0xA0, 0x1C, 0xFB, 0x07, 0xFC, 0xF7, 0x1F,
    0xC3, 0x3C, 0x76, 0x0F, 0xC1, 0xD9, 0x14, 0x0A, 0x44, 0xD7, 0x11, 0x23, 0x01, 0x84, 0x46, 0x0E, 0x1C, 0x99, 0x46, 0x1F, 0xDE, 0x79, 0x07, 0xFD,
    0xDE, 0xF8, 0x07, 0xF9, 0xDC, 0xD9, 0x00, 0x23, 0x03, 0x3C, 0xCF, 0x70, 0x9F, 0xF7, 0xF8, 0x61, 0x9E, 0x37, 0x58, 0xC1, 0x49, 0x14, 0xA8, 0x51,
    0x45, 0x44, 0x62, 0x54, 0x51, 0x11, 0xA8, 0xD4, 0xEF, 0xF1, 0x78, 0x95, 0xCE, 0x71, 0xFF, 0x39, 0xCF, 0x70, 0xEF, 0x1D, 0xD8, 0x00, 0x81, 0x01,
    0x1E, 0x00, 0x06, 0x0B, 0x17, 0x29, 0x57, 0x47, 0xAA, 0xDC, 0x5D, 0x3B, 0xAB, 0xB1, 0xB1, 0xB5, 0xB7, 0xB5, 0xB3, 0xB9, 0x3B, 0x5D, 0x55, 0xF4,
    0xEE, 0x55, 0x32, 0x29, 0x34, 0x0B, 0x07, 0x03, 0xA5, 0x00, 0x01, 0xB4, 0x00, 0x22, 0xC0, 0xA0, 0x58, 0xBC, 0x4A, 0xB7, 0x53, 0x3A, 0x15, 0xCE,
    0xCE, 0xE7, 0x55, 0x37, 0x13, 0xAB, 0x13, 0x2B, 0x8B, 0xAB, 0x33, 0x77, 0x55, 0x26, 0x42, 0x5D, 0x9D, 0x3A, 0x73, 0xED, 0xDA, 0x3C, 0x58, 0xA0,
    0xD4, 0xD8, 0x00, 0x26, 0xF0, 0xAF, 0x1C, 0xF3, 0x1C, 0xFF, 0x07, 0xF1, 0xCC, 0x3F, 0x07, 0xF3, 0xC4, 0x1A, 0x45, 0x22, 0x40, 0x19, 0x11, 0x01,
    0x05, 0x08, 0x42, 0x27, 0x4D, 0x1E, 0x40, 0xE3, 0x0F, 0x7F, 0x14, 0xE1, 0x1E, 0xFF, 0x7C, 0x01, 0xDC, 0x0F, 0xF0, 0xD6, 0x00, 0x26, 0x0F, 0x73,
    0xBC, 0xC7, 0x1C, 0xFF, 0x70, 0xC7, 0x11, 0xFE, 0x30, 0x46, 0x91, 0x28, 0x51, 0x26, 0xC1, 0xCC, 0x54, 0xC0, 0x44, 0xE0, 0x01, 0x66, 0x51, 0xAC,
    0xD1, 0xE7, 0xD0, 0x2E, 0x11, 0xE3, 0xF8, 0xFF, 0x17, 0xE0, 0xDD, 0x78, 0x07, 0xD7, 0x00, 0x23, 0x01, 0x01, 0x06, 0x0D, 0x16, 0x28, 0x55, 0x2C,
    0xCC, 0x55, 0xB9, 0xB8, 0x77, 0x77, 0x66, 0x68, 0xA8, 0x24, 0xAC, 0x2C, 0x2A, 0x60, 0x76, 0x55, 0x7B, 0xB3, 0xFD, 0xD4, 0xAB, 0x67, 0x53, 0x09,
    0x16, 0x0F, 0x06, 0x01, 0xA3, 0x00, 0x00, 0x86, 0x00, 0x00, 0x80, 0xA8, 0x00, 0x13, 0x80, 0x60, 0x10, 0x0C, 0xC6, 0x61, 0x10, 0x08, 0x84, 0xC2,
    0x23, 0x31, 0x11, 0x88, 0x00, 0x4C, 0x44, 0x04, 0x04, 0x24, 0x80, 0x44, 0x10, 0x00, 0x08, 0x99, 0x11, 0x21, 0x00, 0xC6, 0x04, 0x18, 0x10, 0x61,
    0x86, 0x0C, 0x10, 0x60, 0x00, 0x20, 0xA9, 0x00, 0x00, 0x03, 0xA1, 0x00, 0x00, 0x20, 0x82, 0x00, 0x28, 0xFE, 0x01, 0x00, 0xF0, 0x0F, 0x01, 0x00,
    0x70, 0x07, 0x01, 0xC0, 0x10, 0x06, 0x01, 0xA0, 0x10, 0x08, 0x04, 0x02, 0x00, 0x02, 0x80, 0x02, 0x04, 0x00, 0x10, 0xA1, 0x03, 0x04, 0x10, 0x80,
    0x03, 0x0E, 0xD0, 0x00, 0x03, 0x3E, 0xD0, 0x00, 0x03, 0xFC, 0x87, 0x00, 0x00, 0x10, 0x8A, 0x00, 0x00, 0x70, 0xBB, 0x00, 0x14, 0x3F, 0xC0, 0x00,
    0x07, 0x70, 0xC0, 0x00, 0x07, 0x60, 0xC0, 0x01, 0x04, 0x20, 0xC0, 0x83, 0x04, 0x08, 0x10, 0x20, 0x00, 0x20, 0x80, 0x00, 0x10, 0x80, 0x04, 0x83,
    0x00, 0x00, 0x04, 0x82, 0x40, 0x30, 0x05, 0x80, 0xC0, 0x3E, 0x05, 0x00, 0xE0, 0x1F, 0x9A, 0x00, 0x00, 0x04, 0x85, 0x00, 0x00, 0x04, 0xAF, 0x00,
    0x24, 0x03, 0x04, 0x18, 0x21, 0x43, 0x85, 0x08, 0x11, 0x21, 0x43, 0x45, 0x8E, 0x89, 0x80, 0x11, 0x11, 0x10, 0x10, 0x02, 0x10, 0x10, 0x11, 0x99,
    0x80, 0x88, 0x44, 0x46, 0x41, 0x31, 0x10, 0x8C, 0x44, 0x43, 0x21, 0x18, 0x0C, 0x03, 0xA2, 0x00, 0x01, 0xB1, 0x00, 0x28, 0xC0, 0x90, 0x68, 0x16,
    0xEF, 0xD6, 0x79, 0x14, 0xCA, 0xC5, 0xF3, 0x33, 0xB9, 0x55, 0x8A, 0x00, 0x6E, 0x44, 0x06, 0x15, 0xA6, 0x54, 0x46, 0x46, 0x22, 0x08, 0x9D, 0x15,
    0x29, 0x10, 0xE7, 0x47, 0x9E, 0x1C, 0x79, 0xB6, 0xCF, 0x16, 0x68, 0x30, 0xE0, 0xD2, 0x00, 0x2C, 0xE0, 0x07, 0xFE, 0x81, 0xFE, 0xF3, 0x0F, 0xC1,
    0x3E, 0x71, 0x07, 0xD1, 0xCC, 0x11, 0x06, 0x41, 0xA8, 0x14, 0x0A, 0x04, 0x02, 0x01, 0x02, 0x00, 0x02, 0x04, 0x02, 0x14, 0xA1, 0x43, 0x05, 0x14,
    0x88, 0x43, 0x0F, 0xD5, 0x38, 0x03, 0x3E, 0xDF, 0xF8, 0x03, 0xFC, 0x1F, 0xE0, 0xD0, 0x00, 0x2C, 0x07, 0x70, 0xBF, 0xC0, 0x3F, 0x47, 0x70, 0xC1,
    0x38, 0x47, 0xE0, 0xC5, 0x19, 0x44, 0xA0, 0xC1, 0x8B, 0x14, 0x28, 0x90, 0x20, 0x00, 0x20, 0x40, 0x00, 0x00, 0x80, 0x04, 0x8B, 0x01, 0x00, 0x04,
    0x8A, 0xC1, 0xF0, 0xC5, 0x8E, 0xC0, 0xFE, 0x55, 0x0F, 0xE0, 0xDF, 0x7C, 0x03, 0xD2, 0x00, 0x28, 0x01, 0x04, 0x1B, 0x34, 0x5B, 0xA5, 0x4B, 0x95,
    0x29, 0x51, 0xA5, 0xC2, 0x4D, 0x9F, 0xA9, 0xA1, 0x32, 0x17, 0x51, 0x54, 0x46, 0x54, 0x70, 0x51, 0xBB, 0x81, 0x89, 0x54, 0xCE, 0x4D, 0x77, 0x55,
    0xAC, 0x58, 0xCF, 0x26, 0x5B, 0x1C, 0x1B, 0x06, 0x01, 0xA0, 0x00, 0x01, 0xAF, 0x00, 0x2C, 0x80, 0x60, 0xD8, 0x14, 0xCB, 0x77, 0xFB, 0x14, 0x9A,
    0x45, 0xF3, 0x59, 0x39, 0x54, 0xCA, 0x45, 0x03, 0x11, 0x2A, 0x01, 0x8A, 0x11, 0x8A, 0x10, 0x8A, 0x03, 0x33, 0x11, 0x04, 0x06, 0x4E, 0x94, 0x29,
    0x53, 0xA7, 0xCD, 0x9E, 0x34, 0xD3, 0x47, 0x8B, 0x34, 0xD8, 0x40, 0x80, 0xCF, 0x00, 0x16, 0xFC, 0xE3, 0x07, 0xF0, 0x9D, 0xFF, 0x03, 0xF8, 0xC5,
    0x3F, 0x01, 0xF8, 0xD4, 0x0D, 0x01, 0x20, 0x44, 0x0A, 0x05, 0x02, 0x00, 0x00, 0x01, 0x81, 0x00, 0x13, 0x02, 0x05, 0x02, 0x40, 0x21, 0x04, 0x0B,
    0x44, 0xE1, 0x05, 0x3B, 0x14, 0xE0, 0x0F, 0xFB, 0x7E, 0x80, 0x1F, 0xE3, 0xFC, 0xCE, 0x00, 0x2E, 0x1F, 0xE7, 0x70, 0x87, 0x5C, 0xBF, 0x40, 0x0F,
    0x51, 0xB8, 0x40, 0x8E, 0x15, 0x18, 0x40, 0x86, 0x11, 0x28, 0x50, 0x20, 0x80, 0x80, 0x00, 0x00, 0x40, 0x80, 0x80, 0x00, 0x00, 0x08, 0x11, 0x0E,
    0x00, 0x08, 0x11, 0x8F, 0x40, 0x8E, 0x10, 0xC2, 0x50, 0xEF, 0x17, 0xC0, 0x7C, 0xF3, 0x1F, 0xD0, 0x00, 0x2A, 0x03, 0x0D, 0x14, 0x79, 0xB6, 0x4F,
    0x94, 0x28, 0x53, 0xA7, 0x48, 0x9C, 0x90, 0x28, 0x51, 0x64, 0x65, 0xAB, 0x07, 0xC9, 0x45, 0x4C, 0x45, 0x69, 0x42, 0x63, 0x45, 0x03, 0x10, 0xA8,
    0x1C, 0x5E, 0x43, 0x66, 0x5F, 0xBC, 0x17, 0x4D, 0x97, 0x78, 0x16, 0x0D, 0x03, 0x9F, 0x00, 0x01, 0xAE, 0x00, 0x2E, 0xC0, 0xB0, 0x64, 0x9A, 0x45,
    0xFB, 0x75, 0x9E, 0x45, 0xB2, 0x51, 0x3D, 0x1C, 0x0A, 0x45, 0x42, 0x01, 0x89, 0x11, 0x08, 0x45, 0x88, 0x00, 0xAA, 0x04, 0x88, 0x05, 0x11, 0x11,
    0x88, 0x12, 0x47, 0x85, 0x4A, 0x14, 0x29, 0xD1, 0xA7, 0x47, 0x16, 0x49, 0xB3, 0x45, 0x1A, 0x4C, 0xB0, 0x40, 0xCC, 0x00, 0x14, 0x40, 0x3E, 0xFC,
    0x03, 0x74, 0xF7, 0x1D, 0x01, 0x54, 0xFB, 0x05, 0x81, 0x14, 0xFA, 0x04, 0x81, 0x10, 0x22, 0x05, 0x02, 0x01, 0x86, 0x00, 0x13, 0x01, 0x02, 0x00,
    0x20, 0x00, 0xA3, 0x05, 0xE2, 0x10, 0x83, 0x15, 0xE7, 0x50, 0x03, 0x7E, 0x9F, 0xD0, 0x03, 0xFC, 0xFE, 0xCB, 0x00, 0x17, 0x01, 0x7C, 0x9F, 0xE0,
    0x17, 0xE7, 0x5C, 0x80, 0x15, 0xEF, 0x50, 0x80, 0x14, 0x6E, 0x10, 0x00, 0x00, 0x26, 0x50, 0xA0, 0x40, 0x00, 0x00, 0x80, 0x80, 0x00, 0x01, 0x80,
    0x80, 0x80, 0x00, 0x11, 0x10, 0x2E, 0x04, 0x02, 0x10, 0xEF, 0xB4, 0x80, 0x10, 0x22, 0x05, 0xE0, 0x57, 0xF8, 0x05, 0xF0, 0xDF, 0x3F, 0xCD, 0x00,
    0x2E, 0x01, 0x0C, 0x13, 0x6C, 0xD1, 0x6D, 0x96, 0x2C, 0x51, 0xA6, 0x47, 0x9E, 0x18, 0x38, 0x51, 0xA4, 0x40, 0x4C, 0x54, 0x88, 0x11, 0x88, 0x01,
    0x2A, 0x01, 0x09, 0x13, 0x41, 0x45, 0x8A, 0x05, 0x64, 0x51, 0x39, 0x15, 0x5D, 0x46, 0xB2, 0x71, 0x3E, 0x9B, 0x6E, 0x51, 0x6C, 0x1B, 0x0E, 0x01,
    0x9D, 0x00, 0x01, 0xAD, 0x00, 0x31, 0x60, 0xDC, 0x36, 0x45, 0xB2, 0x5D, 0x3E, 0x05, 0xE6, 0x51, 0x38, 0x14, 0xCE, 0x05, 0x02, 0x01, 0x08, 0x04,
    0x8A, 0x00, 0x02, 0x44, 0x00, 0x11, 0x22, 0x04, 0x00, 0x04, 0x02, 0x00, 0x88, 0x14, 0x89, 0x01, 0x43, 0x05, 0x8A, 0x14, 0x29, 0x53, 0xE7, 0x09,
    0x34, 0x51, 0x62, 0xCD, 0x36, 0x40, 0x60, 0x80, 0xC9, 0x00, 0x13, 0xD8, 0x47, 0x3E, 0xC0, 0xBF, 0x75, 0x07, 0xC0, 0x2E, 0x55, 0x03, 0x40, 0x8A,
    0x15, 0x02, 0x40, 0x80, 0x10, 0x02, 0x01, 0x8D, 0x00, 0x10, 0xA0, 0x41, 0x02, 0x11, 0x80, 0x01, 0x07, 0x51, 0x38, 0x00, 0x1F, 0xD5, 0xFE, 0x00,
    0xFE, 0x05, 0xF8, 0xC8, 0x00, 0x14, 0x0F, 0x61, 0x7C, 0x81, 0x7E, 0x57, 0xE0, 0x01, 0x38, 0x55, 0xE0, 0x01, 0x38, 0x54, 0x60, 0x01, 0x00, 0x00,
    0x20, 0x40, 0x80, 0x8A, 0x00, 0x12, 0x20, 0x04, 0x0A, 0x01, 0x60, 0xF4, 0x28, 0x01, 0x20, 0x45, 0x28, 0x40, 0xF8, 0xC5, 0x3F, 0xC0, 0xBF, 0xD8,
    0x0F, 0xCA, 0x00, 0x30, 0x06, 0x19, 0x2C, 0x51, 0xE6, 0xD9, 0x3C, 0x50, 0xA2, 0x4D, 0x9E, 0x34, 0x79, 0x50, 0xA0, 0x40, 0x94, 0x10, 0x28, 0x10,
    0x20, 0x10, 0x00, 0x40, 0x22, 0x44, 0x00, 0x11, 0x22, 0x01, 0x88, 0x15, 0x4C, 0x45, 0x20, 0x50, 0x3C, 0x16, 0x8B, 0x65, 0xF3, 0x5C, 0x36, 0x5D,
    0xE7, 0x58, 0x3E, 0x1D, 0x03, 0x9C, 0x00, 0x01, 0xAB, 0x00, 0x19, 0xC0, 0x10, 0x6E, 0x9D, 0xE6, 0x51, 0x3E, 0x1D, 0xC7, 0x11, 0x68, 0x14, 0x8A,
    0x05, 0xC2, 0x01, 0x00, 0x00, 0x0A, 0x04, 0x02, 0x01, 0x02, 0x00, 0x00, 0x11, 0x81, 0x00, 0x16, 0x02, 0x01, 0x00, 0x04, 0xCA, 0x04, 0x01, 0x01,
    0x82, 0x45, 0x8A, 0x14, 0xE9, 0x11, 0x85, 0x12, 0x6C, 0xD1, 0xE6, 0x03, 0x64, 0x90, 0xC0, 0xC7, 0x00, 0x10, 0x5C, 0xF8, 0x07, 0xF8, 0xC5, 0xBF,
    0x01, 0xF8, 0xC5, 0x2E, 0x01, 0xA8, 0x45, 0x0A, 0x01, 0x00, 0x40, 0x92, 0x00, 0x10, 0x40, 0x00, 0x01, 0x01, 0x00, 0xA0, 0x01, 0x39, 0x05, 0xA0,
    0x05, 0xFF, 0x77, 0xE0, 0x05, 0xF9, 0x7E, 0xC6, 0x00, 0x10, 0x1D, 0x8F, 0x60, 0x0F, 0xD1, 0xFE, 0x40, 0x0F, 0x51, 0xB8, 0x40, 0x0E, 0x41, 0xB8,
    0x40, 0x00, 0x01, 0x91, 0x00, 0x11, 0x88, 0x41, 0x0A, 0x00, 0xA8, 0x01, 0x0A, 0x40, 0xA8, 0x10, 0x02, 0xC0, 0xFF, 0x55, 0x82, 0xD8, 0xEF, 0x1F,
    0xC7, 0x00, 0x34, 0x03, 0x04, 0x36, 0x58, 0xA3, 0x45, 0xB6, 0x58, 0xB1, 0x44, 0x8A, 0x1C, 0x78, 0x70, 0xE5, 0x40, 0x90, 0x00, 0x30, 0x50, 0x20,
    0x00, 0xA0, 0x00, 0x80, 0x40, 0x00, 0x44, 0x80, 0x00, 0x22, 0x44, 0x00, 0x10, 0x28, 0x15, 0x0A, 0x44, 0xA2, 0x55, 0x2A, 0x14, 0xCF, 0xC4, 0xF8,
    0x6C, 0xBF, 0x44, 0xB3, 0x7C, 0x3B, 0x0C, 0x01, 0x9A, 0x00, 0x00, 0xA9, 0x00, 0x13, 0x80, 0x70, 0x0C, 0x03, 0xC0, 0x50, 0x0C, 0x07, 0x81, 0x40,
    0x18, 0x04, 0x02, 0x41, 0x20, 0x00, 0x00, 0x04, 0x02, 0x01, 0x81, 0x00, 0x00, 0x20, 0x80, 0x00, 0x00, 0x80, 0x85, 0x00, 0x01, 0x01, 0x02, 0x80,
    0x00, 0x0E, 0x20, 0x41, 0x02, 0x04, 0x18, 0x40, 0x81, 0x04, 0x18, 0x70, 0x81, 0x00, 0x08, 0x60, 0x80, 0xC3, 0x00, 0x0D, 0x50, 0x0F, 0x00, 0x70,
    0x76, 0x03, 0x00, 0x00, 0x54, 0x03, 0x00, 0x00, 0x14, 0x02, 0x9C, 0x00, 0x00, 0x02, 0x80, 0x00, 0x0B, 0x07, 0x50, 0x00, 0x00, 0x0F, 0xD4, 0x00,
    0x00, 0x1F, 0xD0, 0x00, 0x10, 0x8A, 0x00, 0x00, 0x20, 0xB2, 0x00, 0x0D, 0x07, 0xF0, 0x00, 0x00, 0x37, 0xE0, 0x00, 0x00, 0x15, 0xE0, 0x00, 0x00,
    0x10, 0x60, 0x94, 0x00, 0x15, 0x80, 0xC0, 0x20, 0xD0, 0xF0, 0x24, 0x20, 0xC0, 0x00, 0x14, 0x00, 0x00, 0xE0, 0x05, 0x00, 0x00, 0xF0, 0x05, 0x00,
    0x00, 0xFC, 0x05, 0x8F, 0x00, 0x00, 0xC0, 0xB1, 0x00, 0x0D, 0x07, 0x18, 0x60, 0x81, 0x04, 0x18, 0x60, 0xC0, 0x01, 0x08, 0x10, 0x20, 0x41, 0x82,
    0x80, 0x00, 0x01, 0x20, 0x40, 0x8B, 0x00, 0x15, 0x88, 0x00, 0x03, 0x47, 0x2B, 0x11, 0x13, 0x09, 0x88, 0x47, 0x21, 0x10, 0x08, 0x01, 0xE0, 0x50,
    0x1C, 0x07, 0xC0, 0x60, 0x1C, 0x07, 0x91, 0x00, 0x00, 0x01, 0x84, 0x00, 0x01, 0xA8, 0x00, 0x14, 0x40, 0xB8, 0x74, 0x0D, 0x63, 0xF8, 0x54, 0x0F,
    0x47, 0xB1, 0x44, 0x1A, 0x05, 0x22, 0x51, 0x28, 0x00, 0x02, 0x05, 0x02, 0x01, 0x8E, 0x00, 0x14, 0x01, 0x02, 0x01, 0x02, 0x00, 0x20, 0x51, 0x62,
    0x05, 0x1A, 0x40, 0xA1, 0xC5, 0x1A, 0x74, 0xB9, 0xC0, 0x09, 0x64, 0x98, 0xC0, 0xC1, 0x00, 0x0E, 0xFE, 0x51, 0x0F, 0xD0, 0x5F, 0x76, 0x03, 0x40,
    0x0B, 0x54, 0x03, 0x40, 0x0A, 0x14, 0x02, 0x9C, 0x00, 0x0E, 0x02, 0x01, 0x00, 0x00, 0x07, 0x51, 0x1A, 0x00, 0x0F, 0xD5, 0xFE, 0x00, 0x1F, 0xD1,
    0xFE, 0xC0, 0x00, 0x0E, 0x3F, 0x47, 0xF0, 0x05, 0x7A, 0x37, 0xE0, 0x01, 0x78, 0x15, 0xE0, 0x01, 0x28, 0x10, 0x60, 0x93, 0x00, 0x17, 0xC0, 0xE0,
    0xD0, 0xA8, 0x18, 0x98, 0xEC, 0xB8, 0xD1, 0x60, 0xD4, 0x20, 0x01, 0xE0, 0x05, 0x28, 0x00, 0xF0, 0xC5, 0x3F, 0x00, 0xFC, 0xC5, 0x3F, 0xC1, 0x00,
    0x14, 0x01, 0x0C, 0x17, 0xD8, 0x63, 0x8D, 0x14, 0x58, 0x61, 0xC6, 0x11, 0x28, 0x50, 0xA2, 0x45, 0x8A, 0x00, 0x20, 0x40, 0xA0, 0x40, 0x86, 0x00,
    0x01, 0x01, 0x01, 0x80, 0x00, 0x17, 0x88, 0x17, 0x0A, 0x56, 0x88, 0x76, 0x36, 0x2F, 0x9B, 0x57, 0xAD, 0x57, 0x38, 0x11, 0xE2, 0x90, 0x7C, 0x17,
    0xCE, 0xE1, 0xDC, 0x37, 0x0E, 0x01, 0x97, 0x00, 0x01, 0xA7, 0x00, 0x13, 0xE0, 0x44, 0x3B, 0xC4, 0x31, 0x64, 0x3B, 0x05, 0xA3, 0x50, 0x36, 0x05,
    0x02, 0x11, 0x28, 0x14, 0x0A, 0x01, 0x02, 0x01, 0x92, 0x00, 0x13, 0x01, 0x02, 0x01, 0x00, 0x10, 0x68, 0x01, 0x82, 0x00, 0x24, 0xD1, 0xE2, 0x05,
    0x3A, 0xDC, 0xE1, 0x04, 0x1A, 0xCC, 0x60, 0xBE, 0x00, 0x0E, 0x80, 0x1D, 0xFE, 0x01, 0xFC, 0xD5, 0x2F, 0x00, 0xF8, 0x45, 0x0B, 0x00, 0xA0, 0x41,
    0x0A, 0x9F, 0x00, 0x00, 0x01, 0x80, 0x00, 0x0A, 0x01, 0x1A, 0x05, 0xA0, 0x01, 0xFE, 0x17, 0xE0, 0x01, 0xFE, 0x67, 0xBE, 0x00, 0x0D, 0x54, 0x3F,
    0x40, 0x1F, 0xC5, 0x7A, 0x00, 0x0F, 0xC1, 0x78, 0x00, 0x06, 0x41, 0x28, 0x94, 0x00, 0x19, 0xE0, 0xD0, 0x68, 0xD4, 0x6C, 0xEC, 0x4C, 0xEC, 0xFC,
    0xD5, 0x6A, 0xD0, 0xC0, 0x01, 0x02, 0x00, 0x28, 0x00, 0x02, 0xC0, 0xBF, 0x54, 0x0A, 0xC0, 0xBF, 0x77, 0xBF, 0x00, 0x14, 0x07, 0x11, 0x6C, 0x91,
    0xC6, 0x13, 0x6C, 0x90, 0x42, 0x01, 0x26, 0x50, 0xA0, 0x44, 0x8A, 0x04, 0x28, 0x00, 0xA0, 0x40, 0x80, 0x87, 0x00, 0x1D, 0x01, 0x00, 0x01, 0x00,
    0x00, 0x0F, 0x07, 0x28, 0x56, 0xEC, 0x2E, 0xE8, 0x6E, 0x5F, 0x77, 0xAC, 0x5F, 0xBF, 0x50, 0x2A, 0xC4, 0xE2, 0x50, 0x7E, 0x9D, 0xC3, 0x30, 0x6E,
    0x1D, 0x03, 0x96, 0x00, 0x01, 0xA5, 0x00, 0x13, 0xC0, 0x10, 0xE6, 0x05, 0xE3, 0xD8, 0x3A, 0x05, 0xC3, 0x11, 0xA8, 0x11, 0x86, 0x01, 0x00, 0x10,
    0x0A, 0x04, 0x02, 0x01, 0x96, 0x00, 0x13, 0x01, 0x00, 0x00, 0x08, 0x04, 0x88, 0x40, 0x04, 0x10, 0xE8, 0x51, 0x82, 0x1D, 0xE6, 0x30, 0xC2, 0x0D,
    0x66, 0x30, 0xC0, 0xBB, 0x00, 0x0E, 0x70, 0x83, 0x1D, 0x00, 0x57, 0xFC, 0x05, 0x70, 0x14, 0xF8, 0x05, 0x00, 0x14, 0xA0, 0x01, 0xA6, 0x00, 0x0A,
    0x05, 0xA3, 0x54, 0x00, 0x17, 0xE7, 0xDC, 0x00, 0x77, 0x03, 0xD4, 0xBA, 0x00, 0x0E, 0x17, 0xE0, 0x54, 0x00, 0x75, 0x9F, 0xC0, 0x00, 0x15, 0x8F,
    0xC0, 0x00, 0x10, 0x86, 0x40, 0x93, 0x00, 0x06, 0xC0, 0x70, 0xE8, 0x94, 0xEA, 0xF6, 0xF7, 0x80, 0xBD, 0x06, 0x76, 0xF6, 0xE8, 0x14, 0xE8, 0x70,
    0xC2, 0x80, 0x00, 0x09, 0x82, 0x05, 0x80, 0x54, 0xEA, 0x15, 0x80, 0x77, 0xF0, 0x05, 0xBB, 0x00, 0x14, 0x01, 0x0C, 0x37, 0x50, 0x63, 0x8D, 0x36,
    0x50, 0xE1, 0x84, 0x1A, 0x40, 0xA0, 0x40, 0x80, 0x14, 0x28, 0x40, 0xA0, 0x00, 0x80, 0x8A, 0x00, 0x1E, 0x01, 0x01, 0x07, 0x19, 0x2F, 0x53, 0xAF,
    0xDE, 0x7C, 0x7A, 0xEA, 0x5B, 0xDC, 0xFF, 0xEF, 0x59, 0xAF, 0x5C, 0xEB, 0x14, 0x8A, 0x40, 0xF0, 0x5C, 0x3B, 0x04, 0x62, 0xDC, 0x33, 0x06, 0x01,
    0x94, 0x00, 0x01, 0xA4, 0x00, 0x11, 0x60, 0xCC, 0x11, 0x86, 0x51, 0xEC, 0x19, 0x0A, 0x41, 0xC8, 0x14, 0x08, 0x01, 0x80, 0x00, 0x02, 0x01, 0x02,
    0x9D, 0x00, 0x10, 0x04, 0x08, 0x40, 0x20, 0x00, 0x08, 0x54, 0x98, 0x41, 0x06, 0x31, 0xDC, 0xD1, 0x86, 0x33, 0xCC, 0xC0, 0xB9, 0x00, 0x0D, 0xBE,
    0x70, 0x03, 0xD0, 0x0B, 0x57, 0x00, 0x40, 0x7B, 0x14, 0x00, 0x00, 0x02, 0x14, 0x9A, 0x00, 0x84, 0x80, 0x85, 0x00, 0x0A, 0x03, 0x54, 0x0A, 0x00,
    0x07, 0xDC, 0xFF, 0x00, 0x03, 0xD4, 0xFE, 0xB8, 0x00, 0x0E, 0x3E, 0x17, 0xE0, 0x0D, 0xF8, 0x75, 0x80, 0x01, 0x28, 0x15, 0x80, 0x00, 0x20, 0x10,
    0x80, 0x93, 0x00, 0x1F, 0xE0, 0xD8, 0x74, 0xEA, 0xB5, 0xFB, 0xBE, 0xDF, 0xDD, 0xFD, 0xDD, 0xDE, 0x3A, 0xFB, 0x75, 0xCA, 0x74, 0xD8, 0xE0, 0x00,
    0x00, 0x80, 0x05, 0x20, 0x00, 0xE0, 0x15, 0xBF, 0x00, 0xF0, 0xC5, 0x3F, 0xB9, 0x00, 0x13, 0x07, 0x19, 0x4C, 0xB0, 0x45, 0x1B, 0x4C, 0xB0, 0x41,
    0x89, 0x04, 0x18, 0x40, 0x80, 0x00, 0x20, 0x10, 0xA0, 0x40, 0x80, 0x8D, 0x00, 0x1E, 0x0F, 0x37, 0x59, 0xAF, 0x5A, 0xBF, 0xF8, 0x75, 0x76, 0x6E,
    0x5F, 0xF7, 0xB9, 0xFF, 0xDD, 0xA7, 0x5C, 0xF3, 0x1F, 0x28, 0x10, 0x88, 0x41, 0xF8, 0x74, 0x0E, 0xC5, 0xB0, 0x66, 0x1D, 0x05, 0x93, 0x00, 0x00,
    0xA2, 0x00, 0x0B, 0xC0, 0x38, 0x06, 0x00, 0x40, 0x38, 0x04, 0x00, 0x00, 0x20, 0x04, 0x02, 0x90, 0x00, 0x00, 0x20, 0x80, 0x00, 0x00, 0x80, 0x91,
    0x00, 0x0D, 0x10, 0x00, 0x00, 0x02, 0x04, 0x20, 0x00, 0x01, 0x04, 0x78, 0x40, 0x01, 0x04, 0x38, 0xB6, 0x00, 0x09, 0xE0, 0x05, 0x00, 0x00, 0xFE,
    0x01, 0x00, 0x00, 0xE8, 0x01, 0x9D, 0x00, 0x01, 0x80, 0x80, 0x81, 0x40, 0x00, 0x20, 0x81, 0x40, 0x01, 0x80, 0x80, 0x85, 0x00, 0x09, 0x05, 0xA0,
    0x00, 0x00, 0x07, 0xE8, 0x00, 0x00, 0x07, 0xE0, 0x85, 0x00, 0x00, 0x20, 0xAB, 0x00, 0x09, 0x07, 0xC0, 0x00, 0x00, 0x3F, 0x40, 0x00, 0x00, 0x0E,
    0x40, 0x99, 0x00, 0x14, 0x70, 0x0C, 0x82, 0xF1, 0x18, 0x0C, 0xC6, 0x46, 0x32, 0x52, 0x92, 0x12, 0x22, 0x66, 0x84, 0x0C, 0x38, 0xE1, 0x06, 0x0C,
    0xF0, 0x82, 0x00, 0x08, 0x02, 0x00, 0x00, 0x50, 0x0A, 0x00, 0x00, 0x74, 0x02, 0x88, 0x00, 0x00, 0xC0, 0xA9, 0x00, 0x0B, 0x01, 0x0E, 0x30, 0x80,
    0x01, 0x0A, 0x30, 0x80, 0x00, 0x02, 0x10, 0x60, 0x95, 0x00, 0x22, 0x01, 0x1C, 0x60, 0x83, 0x1F, 0x30, 0x60, 0xC7, 0x8C, 0x98, 0x91, 0x93, 0x91,
    0x98, 0xCC, 0x47, 0x60, 0x38, 0x0F, 0x80, 0x60, 0x1F, 0x41, 0x20, 0x00, 0x02, 0x00, 0xE0, 0x10, 0x0B, 0x01, 0xC0, 0x10, 0x0F, 0x01, 0x89, 0x00,
    0x00, 0x01, 0x84, 0x00, 0x00, 0xA1, 0x00, 0x0B, 0xE0, 0x0C, 0x03, 0x00, 0xF0, 0x04, 0x03, 0x00, 0xE0, 0x10, 0x02, 0x01, 0xAB, 0x00, 0x0E, 0x08,
    0x00, 0x00, 0x01, 0x02, 0x10, 0x80, 0x00, 0x02, 0x14, 0xE0, 0x00, 0x01, 0x04, 0xE0, 0xB3, 0x00, 0x00, 0x54, 0x80, 0x00, 0x00, 0x15, 0x80, 0x00,
    0x00, 0x14, 0x9D, 0x00, 0x05, 0x80, 0x40, 0x40, 0x20, 0x20, 0x10, 0x81, 0x90, 0x06, 0x10, 0x00, 0x20, 0x20, 0x40, 0x40, 0x80, 0x85, 0x00, 0x08,
    0x14, 0x00, 0x00, 0x01, 0x54, 0x00, 0x00, 0x01, 0xDC, 0x84, 0x00, 0x00, 0x20, 0xA0, 0x00, 0x00, 0x1C, 0x86, 0x00, 0x09, 0x15, 0x80, 0x00, 0x00,
    0x55, 0x80, 0x00, 0x00, 0x10, 0x80, 0x98, 0x00, 0x18, 0xE0, 0x18, 0x06, 0xC1, 0x78, 0x0C, 0x06, 0xE3, 0x33, 0x19, 0x89, 0x49, 0x49, 0x89, 0x09,
    0x11, 0x23, 0xC2, 0x04, 0x18, 0xF0, 0x81, 0x06, 0x18, 0xE0, 0x84, 0x00, 0x05, 0xC0, 0x55, 0x00, 0x00, 0xC0, 0x1D, 0xB3, 0x00, 0x0A, 0x03, 0x10,
    0xE0, 0x00, 0x06, 0x10, 0x60, 0x00, 0x02, 0x04, 0x20, 0x88, 0x00, 0x00, 0x01, 0x8A, 0x00, 0x24, 0x0F, 0x70, 0xC0, 0x07, 0x38, 0x60, 0xC0, 0x87,
    0x18, 0x10, 0x23, 0x24, 0x25, 0x24, 0x23, 0x10, 0x98, 0x87, 0x40, 0x70, 0x3F, 0x05, 0xC0, 0x30, 0x8F, 0x40, 0x20, 0x00, 0x00, 0x40, 0x30, 0x14,
    0x02, 0x80, 0xE0, 0x14, 0x03, 0x90, 0x00, 0x00, 0x9F, 0x00, 0x0B, 0x80, 0x10, 0x06, 0x00, 0x80, 0x10, 0x0E, 0x01, 0x00, 0x10, 0x08, 0x01, 0xAE,
    0x00, 0x00, 0x38, 0x80, 0x00, 0x0B, 0x01, 0x08, 0x40, 0x00, 0x01, 0x0E, 0x50, 0x80, 0x00, 0x06, 0x10, 0x80, 0xB0, 0x00, 0x08, 0x0B, 0x00, 0x00,
    0x50, 0x0B, 0x00, 0x00, 0x40, 0x0A, 0x9C, 0x00, 0x06, 0x80, 0x40, 0x20, 0x20, 0x90, 0x90, 0xC8, 0x84, 0x48, 0x06, 0x88, 0x90, 0x10, 0x20, 0x20,
    0x40, 0x80, 0x84, 0x00, 0x00, 0x02, 0x80, 0x00, 0x00, 0x3F, 0x80, 0x00, 0x00, 0xFF, 0x83, 0x00, 0x00, 0x20, 0xA0, 0x00, 0x00, 0x1C, 0x85, 0x00,
    0x08, 0xF8, 0x00, 0x00, 0x05, 0xA0, 0x00, 0x00, 0x01, 0x28, 0x99, 0x00, 0x1A, 0xF0, 0x0C, 0x03, 0xF0, 0x1C, 0x06, 0x83, 0xF1, 0x11, 0x0C, 0xC4,
    0x64, 0x24, 0x26, 0x44, 0x44, 0x04, 0x08, 0x11, 0xE1, 0x02, 0x0C, 0x18, 0xE1, 0x03, 0x0C, 0xF0, 0x85, 0x00, 0x00, 0xBA, 0x80, 0x00, 0x00, 0xFF,
    0xB1, 0x00, 0x0B, 0x04, 0x20, 0x80, 0x01, 0x04, 0x20, 0x40, 0x00, 0x04, 0x08, 0x40, 0x80, 0x88, 0x00, 0x00, 0x01, 0x89, 0x00, 0x26, 0x1F, 0xE0,
    0x80, 0x1F, 0x70, 0xC0, 0x81, 0x1C, 0x30, 0x60, 0x45, 0x48, 0x04, 0x89, 0x48, 0x4C, 0x43, 0x60, 0x10, 0x0F, 0x81, 0x60, 0x78, 0x0F, 0x00, 0x60,
    0x1F, 0x80, 0x00, 0x08, 0x00, 0x80, 0x40, 0x38, 0x05, 0x00, 0x40, 0x30, 0x05, 0x8F, 0x00, 0x00, 0x9E, 0x00, 0x09, 0x40, 0x08, 0x01, 0x00, 0x40,
    0x08, 0x01, 0x00, 0x40, 0x08, 0xB7, 0x00, 0x0A, 0x04, 0x28, 0x00, 0x00, 0x01, 0x18, 0x40, 0x00, 0x01, 0x08, 0x40, 0xAD, 0x00, 0x04, 0xF8, 0x01,
    0x00, 0x00, 0xEE, 0x80, 0x00, 0x00, 0xA8, 0x9C, 0x00, 0x18, 0x80, 0x40, 0x20, 0x10, 0x98, 0x88, 0xCC, 0x44, 0x24, 0x24, 0x22, 0x32, 0x22, 0x02,
    0x22, 0x24, 0x64, 0x44, 0xC8, 0x88, 0x10, 0x10, 0x20, 0x40, 0x80, 0x83, 0x00, 0x00, 0x39, 0x80, 0x00, 0x05, 0x01, 0xEA, 0x00, 0x00, 0x03, 0xF8,
    0x81, 0x00, 0x00, 0x20, 0xA0, 0x00, 0x00, 0x1C, 0x83, 0x00, 0x09, 0x0F, 0x40, 0x00, 0x00, 0x3E, 0x40, 0x00, 0x00, 0x0A, 0x40, 0x98, 0x00, 0x1E,
    0xC0, 0x38, 0x06, 0xC1, 0xF8, 0x0C, 0x03, 0xE1, 0x10, 0x0C, 0x04, 0xC2, 0x01, 0x13, 0x11, 0x91, 0x11, 0x12, 0x22, 0xC2, 0x04, 0x08, 0x70, 0xC1,
    0x06, 0x1C, 0xF0, 0x01, 0x06, 0x38, 0xC0, 0x84, 0x00, 0x05, 0x40, 0x2A, 0x00, 0x00, 0x40, 0x0F, 0xAD, 0x00, 0x0B, 0x01, 0x18, 0x40, 0x00, 0x01,
    0x18, 0x40, 0x80, 0x01, 0x08, 0x00, 0x80, 0x8A, 0x00, 0x00, 0x01, 0x87, 0x00, 0x1E, 0x07, 0x70, 0x80, 0x07, 0x1D, 0x60, 0x80, 0x0F, 0x10, 0x60,
    0x40, 0x86, 0x08, 0x10, 0x11, 0x06, 0x11, 0x90, 0x00, 0x87, 0x40, 0x20, 0x14, 0x0F, 0xC0, 0x60, 0x1F, 0x00, 0xC0, 0x3C, 0x07, 0x81, 0x00, 0x07,
    0x80, 0x50, 0x0A, 0x01, 0x00, 0x40, 0x1C, 0x01, 0x8D, 0x00, 0x00, 0x9D, 0x00, 0x0A, 0x30, 0x04, 0x00, 0x00, 0x28, 0x04, 0x00, 0x00, 0x20, 0x00,
    0x02, 0xB1, 0x00, 0x00, 0x38, 0x83, 0x00, 0x0A, 0x02, 0x10, 0xA0, 0x00, 0x01, 0x04, 0xE0, 0x00, 0x00, 0x04, 0x78, 0xAB, 0x00, 0x04, 0x55, 0x00,
    0x00, 0x80, 0x15, 0x80, 0x00, 0x00, 0x10, 0x9C, 0x00, 0x1A, 0x40, 0x20, 0x10, 0x88, 0xC4, 0x44, 0x64, 0x32, 0x12, 0x91, 0x91, 0x99, 0x09, 0x89,
    0x89, 0x99, 0x11, 0x10, 0x10, 0x22, 0x64, 0x44, 0x88, 0x18, 0x10, 0x60, 0xC0, 0x88, 0x00, 0x00, 0x55, 0x80, 0x00, 0x00, 0xDD, 0x80, 0x00, 0x00,
    0x20, 0xA0, 0x00, 0x00, 0x1C, 0x82, 0x00, 0x04, 0x55, 0x00, 0x00, 0x01, 0x50, 0x80, 0x00, 0x00, 0x10, 0x99, 0x00, 0x20, 0xF0, 0x0C, 0x03, 0xE0,
    0x3C, 0x06, 0x03, 0x70, 0x18, 0x04, 0x82, 0x61, 0x11, 0x08, 0x88, 0x44, 0x00, 0x44, 0x88, 0x00, 0x11, 0xC1, 0x82, 0x04, 0x38, 0xC0, 0x03, 0x06,
    0xF8, 0xC0, 0x03, 0x04, 0xF0, 0x84, 0x00, 0x05, 0x80, 0x55, 0x00, 0x00, 0x80, 0x5D, 0xAB, 0x00, 0x0A, 0x06, 0x10, 0x80, 0x00, 0x0E, 0x10, 0x80,
    0x00, 0x02, 0x00, 0x20, 0x8C, 0x00, 0x00, 0x01, 0x86, 0x00, 0x20, 0x1F, 0xC0, 0x00, 0x07, 0x70, 0xC0, 0x00, 0x17, 0x20, 0xC0, 0x83, 0x04, 0x10,
    0x00, 0x23, 0x44, 0x40, 0x44, 0x23, 0x00, 0x10, 0x0C, 0x82, 0x40, 0x30, 0x1D, 0x80, 0xC0, 0x7C, 0x05, 0x00, 0x60, 0x1F, 0x82, 0x00, 0x06, 0x80,
    0x10, 0x02, 0x00, 0x80, 0x30, 0x07, 0x8C, 0x00, 0x00, 0x9B, 0x00, 0x09, 0x80, 0x14, 0x03, 0x00, 0xA0, 0x14, 0x02, 0x00, 0x00, 0x10, 0xA3, 0x00,
    0x82, 0x80, 0x06, 0x40, 0x40, 0xC0, 0x80, 0x00, 0x80, 0x80, 0x82, 0x00, 0x00, 0x38, 0x84, 0x00, 0x01, 0x01, 0x02, 0x80, 0x00, 0x06, 0x02, 0x14,
    0x80, 0x00, 0x01, 0x1C, 0xA0, 0xA7, 0x00, 0x05, 0x50, 0x03, 0x00, 0x00, 0x54, 0x02, 0x80, 0x00, 0x00, 0x02, 0x9B, 0x00, 0x0F, 0xC0, 0x60, 0x10,
    0x08, 0xC4, 0x66, 0x22, 0x31, 0x19, 0x88, 0x4C, 0x4C, 0x44, 0x64, 0x44, 0x64, 0x80, 0x44, 0x0B, 0x4C, 0x88, 0x89, 0x11, 0x30, 0x62, 0xC4, 0x84,
    0x08, 0x10, 0x60, 0x80, 0x80, 0x00, 0x03, 0x38, 0x00, 0x00, 0x02, 0x80, 0x00, 0x00, 0x0B, 0x80, 0x00, 0x03, 0x07, 0x40, 0x00, 0x20, 0xA0, 0x00,
    0x00, 0x1C, 0x80, 0x00, 0x05, 0x05, 0xA0, 0x00, 0x00, 0x15, 0xA0, 0x80, 0x00, 0x00, 0x20, 0x98, 0x00, 0x24, 0x80, 0x78, 0x07, 0x00, 0xF8, 0x0E,
    0x03, 0xC1, 0x38, 0x04, 0x02, 0xC1, 0x30, 0x00, 0x0C, 0x44, 0x22, 0x00, 0x22, 0x00, 0x22, 0x04, 0x08, 0x10, 0x21, 0x41, 0x06, 0x0C, 0xF0, 0x01,
    0x03, 0x1C, 0xF0, 0x01, 0x06, 0xD8, 0x80, 0x84, 0x00, 0x05, 0xA0, 0x01, 0x00, 0x00, 0xF0, 0x01, 0xA7, 0x00, 0x06, 0x01, 0x10, 0xE0, 0x00, 0x03,
    0x10, 0x60, 0x92, 0x00, 0x00, 0x01, 0x84, 0x00, 0x24, 0x03, 0x70, 0x80, 0x00, 0x3F, 0x60, 0x80, 0x05, 0x38, 0x40, 0x80, 0x05, 0x18, 0x20, 0x40,
    0x44, 0x88, 0x00, 0x88, 0x00, 0x08, 0x45, 0x60, 0x10, 0x18, 0x05, 0xC0, 0x40, 0x3F, 0x01, 0x80, 0x50, 0x1F, 0x00, 0xC0, 0x3D, 0x03, 0x82, 0x00,
    0x06, 0x20, 0x04, 0x00, 0x00, 0xE0, 0x1C, 0x01, 0x8A, 0x00, 0x00, 0x00, 0x40, 0x8B, 0x00, 0x02, 0x20, 0x08, 0x20, 0x88, 0x00, 0x06, 0x50, 0x02,
    0x00, 0x00, 0x50, 0x0A, 0x01, 0xA4, 0x00, 0x01, 0x80, 0x80, 0x80, 0x40, 0x00, 0x60, 0x84, 0x20, 0x80, 0x40, 0x04, 0x00, 0x80, 0x80, 0x00, 0x38,
    0x87, 0x00, 0x09, 0x08, 0x00, 0x00, 0x01, 0x0A, 0x50, 0x00, 0x00, 0x06, 0x70, 0x98, 0x00, 0x02, 0x01, 0x00, 0x01, 0x87, 0x00, 0x00, 0xFE, 0x80,
    0x00, 0x00, 0xAE, 0x9F, 0x00, 0x24, 0x80, 0x60, 0x10, 0x08, 0x84, 0xE2, 0x31, 0x11, 0x18, 0x8C, 0x44, 0x66, 0x22, 0x22, 0x12, 0x12, 0x13, 0x12,
    0x11, 0x12, 0x22, 0x22, 0x06, 0x44, 0x44, 0x88, 0x18, 0x31, 0x62, 0xC6, 0x84, 0x18, 0x30, 0xC0, 0x80, 0x00, 0x38, 0x84, 0x00, 0x01, 0x01, 0xEA,
    0x80, 0x00, 0x01, 0xFE, 0x20, 0xA0, 0x00, 0x03, 0x1C, 0x00, 0x00, 0x3E, 0x80, 0x00, 0x00, 0x6A, 0x9D, 0x00, 0x26, 0xF0, 0x0E, 0x01, 0xE0, 0x7C,
    0x07, 0x01, 0xE0, 0x1C, 0x06, 0x01, 0xE0, 0x18, 0x0C, 0x00, 0x22, 0x11, 0x01, 0x01, 0x08, 0x21, 0x01, 0x01, 0x42, 0x04, 0x08, 0x10, 0xE1, 0x01,
    0x06, 0x30, 0xC0, 0x01, 0x0E, 0x78, 0x00, 0x01, 0x0E, 0xF0, 0x85, 0x00, 0x00, 0x2A, 0x80, 0x00, 0x00, 0x3F, 0xA5, 0x00, 0x05, 0x05, 0x20, 0x00,
    0x00, 0x05, 0x28, 0x94, 0x00, 0x00, 0x01, 0x83, 0x00, 0x26, 0x1F, 0xE0, 0x00, 0x0F, 0x7C, 0xC0, 0x00, 0x0F, 0x50, 0x80, 0x00, 0x0E, 0x10, 0x40,
    0x01, 0x88, 0x10, 0x00, 0x00, 0x20, 0x00, 0x00, 0x10, 0x8C, 0x40, 0x20, 0x10, 0x0F, 0x80, 0xC0, 0x70, 0x0F, 0x00, 0xC0, 0x77, 0x00, 0x00, 0xF0,
    0x07, 0x82, 0x00, 0x06, 0x40, 0x28, 0x01, 0x00, 0xC0, 0x38, 0x05, 0x89, 0x00, 0x00, 0x05, 0x40, 0x00, 0x40, 0x40, 0xA0, 0x40, 0x86, 0x00, 0x02,
    0x20, 0x10, 0x20, 0x87, 0x00, 0x05, 0x08, 0x01, 0x00, 0x40, 0x28, 0x01, 0x9F, 0x00, 0x00, 0x20, 0x80, 0x00, 0x03, 0x80, 0x80, 0x40, 0x40, 0x80,
    0x20, 0x00, 0x10, 0x84, 0x90, 0x80, 0x10, 0x80, 0x20, 0x02, 0x40, 0x40, 0x80, 0x89, 0x00, 0x09, 0x20, 0x00, 0x00, 0x05, 0x68, 0x00, 0x00, 0x01,
    0x18, 0x40, 0x96, 0x00, 0x02, 0x01, 0x00, 0x01, 0x86, 0x00, 0x04, 0x05, 0x00, 0x00, 0x80, 0x01, 0x9F, 0x00, 0x0A, 0xC0, 0x30, 0x18, 0x84, 0xC2,
    0x61, 0x31, 0x08, 0x8C, 0x46, 0x62, 0x80, 0x11, 0x16, 0x89, 0x09, 0x88, 0x00, 0x08, 0x08, 0x88, 0x01, 0x99, 0x11, 0x11, 0x22, 0x42, 0xC4, 0x88,
    0x18, 0x31, 0x61, 0xC2, 0x04, 0x18, 0x20, 0xC0, 0x87, 0x00, 0x00, 0x15, 0x80, 0x00, 0x00, 0x15, 0xA2, 0x00, 0x00, 0x50, 0x80, 0x00, 0x00, 0x50,
    0x87, 0x00, 0x00, 0x02, 0x92, 0x00, 0x0F, 0xF8, 0x07, 0x00, 0xF0, 0x0E, 0x01, 0x00, 0x70, 0x0E, 0x01, 0x80, 0x10, 0x0C, 0x04, 0x83, 0x01, 0x82,
    0x00, 0x00, 0x04, 0x80, 0x00, 0x0F, 0x01, 0x82, 0x04, 0x08, 0x50, 0x81, 0x03, 0x1C, 0xD0, 0x00, 0x03, 0x7C, 0xC0, 0x00, 0x07, 0xF8, 0x85, 0x00,
    0x00, 0x54, 0x80, 0x00, 0x00, 0x54, 0x81, 0x00, 0x00, 0x04, 0x9D, 0x00, 0x07, 0x01, 0x08, 0x40, 0x00, 0x01, 0x0A, 0x40, 0x80, 0x94, 0x00, 0x00,
    0x01, 0x82, 0x00, 0x0E, 0x7F, 0x80, 0x00, 0x17, 0xE0, 0x00, 0x00, 0x15, 0xE0, 0x00, 0x03, 0x10, 0x60, 0x00, 0x03, 0x81, 0x00, 0x02, 0x40, 0x00,
    0x40, 0x81, 0x00, 0x0E, 0x82, 0x40, 0x20, 0x14, 0x02, 0x00, 0x70, 0x1D, 0x00, 0x00, 0xF8, 0x15, 0x00, 0x40, 0x3F, 0x82, 0x00, 0x06, 0x80, 0x10,
    0x0A, 0x00, 0x00, 0x40, 0x0E, 0x88, 0x00, 0x00, 0x82, 0x00, 0x0C, 0x40, 0x00, 0x40, 0x00, 0x40, 0x40, 0xA0, 0x40, 0x00, 0x00, 0x40, 0x90, 0x40,
    0x85, 0x00, 0x05, 0xA0, 0x04, 0x00, 0x00, 0xA0, 0x04, 0xA1, 0x00, 0x0C, 0x20, 0x00, 0x80, 0x40, 0x40, 0x20, 0x20, 0x10, 0x90, 0x88, 0x88, 0x48,
    0x48, 0x82, 0x44, 0x0C, 0x40, 0x40, 0x48, 0x88, 0x88, 0x80, 0x10, 0x10, 0x20, 0x20, 0x40, 0x80, 0x80, 0x8B, 0x00, 0x05, 0x14, 0xA0, 0x00, 0x00,
    0x04, 0xE0, 0x9F, 0x00, 0x00, 0x54, 0x80, 0x00, 0x00, 0x54, 0x9F, 0x00, 0x0E, 0x80, 0x60, 0x18, 0x04, 0xC2, 0x41, 0x30, 0x18, 0x8C, 0x44, 0x23,
    0x11, 0x11, 0x08, 0x88, 0x80, 0x44, 0x04, 0x22, 0x04, 0x26, 0x04, 0x24, 0x80, 0x44, 0x0E, 0x88, 0x00, 0x11, 0x01, 0x62, 0x44, 0x0C, 0x18, 0x31,
    0x43, 0x86, 0x0C, 0x10, 0x70, 0x80, 0x86, 0x00, 0x01, 0x02, 0x10, 0x80, 0x00, 0x00, 0x50, 0x9E, 0x00, 0x05, 0x15, 0x80, 0x00, 0x00, 0x15, 0x80,
    0x88, 0x00, 0x00, 0x02, 0x90, 0x00, 0x0F, 0xE0, 0x1C, 0x01, 0x00, 0xFC, 0x07, 0x01, 0xC0, 0x3C, 0x06, 0x01, 0xC0, 0x38, 0x04, 0x02, 0x41, 0x81,
    0x00, 0x04, 0x02, 0x00, 0x02, 0x00, 0x02, 0x81, 0x00, 0x0F, 0x41, 0x02, 0x04, 0x38, 0x00, 0x01, 0x04, 0xF8, 0x00, 0x01, 0x0C, 0xF8, 0x00, 0x01,
    0x1C, 0xE0, 0x84, 0x00, 0x08, 0x80, 0x01, 0x00, 0x00, 0x80, 0x15, 0x00, 0x00, 0x04, 0x9C, 0x00, 0x06, 0x02, 0x10, 0x80, 0x00, 0x02, 0x10, 0x80,
    0x96, 0x00, 0x00, 0x01, 0x80, 0x00, 0x0F, 0x0F, 0x70, 0x00, 0x01, 0x7F, 0xC0, 0x00, 0x05, 0x78, 0x40, 0x00, 0x0D, 0x30, 0x40, 0x80, 0x05, 0x81,
    0x00, 0x00, 0x80, 0x80, 0x00, 0x00, 0x80, 0x81, 0x00, 0x0F, 0x05, 0x80, 0x40, 0x38, 0x05, 0x00, 0xC0, 0x3F, 0x01, 0x00, 0xC0, 0x3F, 0x00, 0x00,
    0x58, 0x0F, 0x82, 0x00, 0x06, 0x80, 0x00, 0x02, 0x00, 0xC0, 0x10, 0x03, 0x86, 0x00, 0x00, 0x8B, 0x00, 0x04, 0x40, 0xA0, 0x50, 0xA0, 0x40, 0x82,
    0x00, 0x06, 0x80, 0x10, 0x03, 0x00, 0x00, 0x10, 0x02, 0xA2, 0x00, 0x11, 0xA0, 0x40, 0x60, 0x20, 0x10, 0x10, 0x88, 0x40, 0x44, 0x44, 0x24, 0x20,
    0x22, 0x12, 0x22, 0x12, 0x22, 0x12, 0x80, 0x22, 0x0B, 0x00, 0x64, 0x44, 0x44, 0x88, 0x88, 0x10, 0x10, 0x20, 0x40, 0x40, 0x80, 0x8A, 0x00, 0x06,
    0x02, 0x50, 0x80, 0x00, 0x03, 0x10, 0x80, 0x94, 0x00, 0x00, 0x01, 0x84, 0x00, 0x00, 0xAE, 0x80, 0x00, 0x00, 0xAA, 0x9F, 0x00, 0x2A, 0x40, 0x30,
    0x0C, 0x86, 0x61, 0x30, 0x18, 0x0C, 0x46, 0x63, 0x11, 0x18, 0x00, 0x84, 0x44, 0x22, 0x00, 0x22, 0x11, 0x01, 0x11, 0x01, 0x11, 0x00, 0x11, 0x22,
    0x00, 0x22, 0x44, 0x84, 0x08, 0x10, 0x31, 0x62, 0x84, 0x0C, 0x10, 0x21, 0xC1, 0x06, 0x08, 0x30, 0xC0, 0x87, 0x00, 0x00, 0xAA, 0x80, 0x00, 0x00,
    0xFE, 0x9C, 0x00, 0x00, 0xEA, 0x80, 0x00, 0x00, 0x2A, 0x8A, 0x00, 0x00, 0x02, 0x8F, 0x00, 0x0F, 0xF0, 0x07, 0x00, 0xE0, 0x1C, 0x03, 0x00, 0xF0,
    0x1C, 0x03, 0x00, 0xF0, 0x04, 0x02, 0x01, 0x20, 0x81, 0x00, 0x00, 0x01, 0x82, 0x00, 0x00, 0x01, 0x81, 0x00, 0x0F, 0x20, 0x01, 0x02, 0x10, 0xE0,
    0x00, 0x03, 0x14, 0xE0, 0x00, 0x07, 0x7C, 0x80, 0x00, 0x07, 0xF0, 0x85, 0x00, 0x00, 0x2A, 0x80, 0x00, 0x02, 0xEE, 0x00, 0x04, 0x9B, 0x00, 0x05,
    0x04, 0x20, 0x00, 0x00, 0x04, 0x20, 0x98, 0x00, 0x12, 0x01, 0x00, 0x00, 0x1F, 0x80, 0x00, 0x0F, 0xD0, 0x80, 0x00, 0x1F, 0xC0, 0x80, 0x00, 0x1E,
    0x40, 0x80, 0x00, 0x08, 0x8C, 0x00, 0x0F, 0x08, 0x00, 0x80, 0x50, 0x0F, 0x00, 0x80, 0x70, 0x0F, 0x00, 0x80, 0x77, 0x02, 0x00, 0xC0, 0x1F, 0x83,
    0x00, 0x05, 0x20, 0x01, 0x00, 0x00, 0x60, 0x04, 0x85, 0x00, 0x00, 0x8B, 0x00, 0x04, 0x40, 0xE0, 0x70, 0xE0, 0x40, 0x81, 0x00, 0x01, 0x40, 0x0E,
    0x80, 0x00, 0x00, 0x08, 0xA2, 0x00, 0x0A, 0x80, 0x40, 0x20, 0x10, 0x10, 0x08, 0xC8, 0x44, 0x22, 0x22, 0x32, 0x80, 0x11, 0x16, 0x89, 0x09, 0x89,
    0x01, 0x88, 0x09, 0x89, 0x01, 0x99, 0x11, 0x11, 0x12, 0x22, 0x02, 0x44, 0x44, 0x88, 0x08, 0x10, 0x20, 0x60, 0xC0, 0x80, 0x89, 0x00, 0x06, 0x01,
    0x08, 0x40, 0x00, 0x00, 0x0E, 0x40, 0x93, 0x00, 0x00, 0x01, 0x82, 0x00, 0x01, 0xA0, 0x01, 0x80, 0x00, 0x00, 0x01, 0x9E, 0x00, 0x15, 0x80, 0x60,
    0x18, 0x06, 0xC1, 0x30, 0x10, 0x0C, 0x84, 0x63, 0x11, 0x08, 0x04, 0x84, 0x40, 0x22, 0x11, 0x01, 0x01, 0x88, 0x00, 0x08, 0x80, 0x00, 0x02, 0x08,
    0x00, 0x88, 0x80, 0x01, 0x0E, 0x22, 0x44, 0x84, 0x00, 0x10, 0x01, 0xC3, 0x04, 0x0C, 0x10, 0x61, 0x03, 0x04, 0x18, 0x60, 0x87, 0x00, 0x00, 0x05,
    0x80, 0x00, 0x01, 0x01, 0xA0, 0x98, 0x00, 0x00, 0x02, 0x90, 0x00, 0x00, 0x02, 0x8E, 0x00, 0x0F, 0x3E, 0x01, 0x00, 0x70, 0x0F, 0x01, 0x00, 0x70,
    0x0F, 0x01, 0x00, 0x10, 0x06, 0x01, 0x00, 0x10, 0x8E, 0x00, 0x0F, 0x10, 0x00, 0x01, 0x04, 0x50, 0x00, 0x01, 0x0E, 0xD0, 0x00, 0x01, 0x3E, 0xD0,
    0x00, 0x01, 0xFC, 0x85, 0x00, 0x00, 0x40, 0x80, 0x00, 0x01, 0x40, 0x02, 0x99, 0x00, 0x06, 0x01, 0x28, 0x00, 0x00, 0x01, 0x08, 0x40, 0x99, 0x00,
    0x12, 0x01, 0x05, 0xF8, 0x00, 0x00, 0x37, 0xE0, 0x00, 0x00, 0x35, 0xC0, 0x00, 0x01, 0x10, 0xC0, 0x00, 0x00, 0x10, 0x40, 0x8D, 0x00, 0x0F, 0x10,
    0x00, 0x00, 0xC0, 0x14, 0x00, 0x00, 0xE0, 0x1D, 0x00, 0x00, 0xE0, 0x1D, 0x00, 0x00, 0x7F, 0x84, 0x00, 0x00, 0x08, 0x80, 0x00, 0x01, 0x28, 0x01,
    0x83, 0x00, 0x00, 0x8A, 0x00, 0x0D, 0xE0, 0x50, 0xE8, 0x58, 0xA8, 0x50, 0xE0, 0x00, 0x00, 0x20, 0x01, 0x00, 0x00, 0x20, 0xA2, 0x00, 0x08, 0x80,
    0x40, 0x20, 0x10, 0x18, 0x88, 0xC4, 0x44, 0x22, 0x80, 0x11, 0x02, 0x88, 0x0C, 0x88, 0x80, 0x44, 0x04, 0x24, 0x44, 0x24, 0x44, 0x04, 0x80, 0x44,
    0x0E, 0x88, 0x00, 0x88, 0x11, 0x11, 0x22, 0x22, 0x44, 0x84, 0x00, 0x10, 0x10, 0x60, 0x40, 0x80, 0x89, 0x00, 0x05, 0x04, 0x20, 0x00, 0x00, 0x01,
    0x38, 0x90, 0x00, 0x07, 0x01, 0x02, 0x03, 0x02, 0x01, 0x00, 0x00, 0x54, 0x80, 0x00, 0x00, 0x50, 0x9F, 0x00, 0x30, 0xE0, 0x10, 0x0C, 0x03, 0xE1,
    0x18, 0x0C, 0x06, 0xC3, 0x11, 0x18, 0x04, 0x86, 0x40, 0x23, 0x11, 0x08, 0x00, 0x80, 0x04, 0x00, 0x00, 0x22, 0x00, 0x22, 0x00, 0x22, 0x00, 0x04,
    0x44, 0x80, 0x00, 0x00, 0x01, 0x22, 0x40, 0x84, 0x08, 0x10, 0x41, 0x83, 0x04, 0x08, 0x30, 0xC1, 0x02, 0x0C, 0x30, 0xC0, 0x87, 0x00, 0x00, 0x10,
    0x80, 0x00, 0x00, 0x54, 0x96, 0x00, 0x00, 0x15, 0x80, 0x00, 0x00, 0x04, 0x8D, 0x00, 0x00, 0x02, 0x8C, 0x00, 0x10, 0xF0, 0x07, 0x00, 0xC0, 0xBE,
    0x01, 0x00, 0xC0, 0x3C, 0x01, 0x00, 0x40, 0x08, 0x01, 0x00, 0x40, 0x08, 0x8F, 0x00, 0x11, 0x04, 0x08, 0x00, 0x01, 0x00, 0x18, 0x00, 0x00, 0x05,
    0xF8, 0x00, 0x00, 0x05, 0xF8, 0x00, 0x00, 0x0F, 0xF0, 0x85, 0x00, 0x04, 0x01, 0x00, 0x00, 0x04, 0x15, 0x97, 0x00, 0x04, 0x02, 0x40, 0x00, 0x00,
    0x02, 0x9C, 0x00, 0x10, 0x1F, 0xC0, 0x00, 0x05, 0xFA, 0x00, 0x00, 0x05, 0x78, 0x00, 0x00, 0x05, 0x60, 0x00, 0x00, 0x05, 0x20, 0x8F, 0x00, 0x11,
    0x40, 0x20, 0x01, 0x00, 0x00, 0x30, 0x01, 0x00, 0xC0, 0x3F, 0x01, 0x00, 0xC0, 0x3F, 0x00, 0x00, 0xC0, 0x0F, 0x82, 0x00, 0x06, 0x80, 0x00, 0x02,
    0x00, 0x00, 0x40, 0x02, 0x82, 0x00, 0x00, 0x82, 0x00, 0x01, 0x40, 0x40, 0x82, 0x00, 0x09, 0xF0, 0x48, 0xC4, 0xE4, 0xF4, 0xE4, 0x04, 0x08, 0xF0,
    0x04, 0xA5, 0x00, 0x2B, 0x80, 0x40, 0x60, 0x10, 0x08, 0x00, 0xC4, 0x42, 0x32, 0x11, 0x88, 0x08, 0x8C, 0x44, 0x46, 0x04, 0x22, 0x00, 0x22, 0x11,
    0x03, 0x11, 0x01, 0x11, 0x02, 0x11, 0x22, 0x00, 0x22, 0x04, 0x44, 0x44, 0x88, 0x00, 0x11, 0x11, 0x22, 0x42, 0x84, 0x08, 0x18, 0x30, 0x60, 0xC0,
    0x8A, 0x00, 0x00, 0x10, 0x80, 0x00, 0x01, 0x04, 0x80, 0x8C, 0x00, 0x01, 0x01, 0x02, 0x82, 0x04, 0x01, 0x02, 0x01, 0xA2, 0x00, 0x10, 0x80, 0x70,
    0x08, 0x06, 0xC1, 0x30, 0x0C, 0x04, 0x83, 0x41, 0x30, 0x04, 0x02, 0x40, 0x21, 0x10, 0x08, 0x80, 0x00, 0x0C, 0x02, 0x00, 0x00, 0x01, 0x00, 0x01,
    0x00, 0x01, 0x00, 0x01, 0x00, 0x00, 0x02, 0x80, 0x00, 0x10, 0x08, 0x11, 0x20, 0x40, 0x04, 0x00, 0x30, 0x41, 0x82, 0x04, 0x18, 0x40, 0x81, 0x06,
    0x18, 0x40, 0x80, 0x86, 0x00, 0x00, 0x02, 0x80, 0x00, 0x00, 0x06, 0x94, 0x00, 0x00, 0xA0, 0x92, 0x00, 0x00, 0x02, 0x8B, 0x00, 0x0C, 0x5C, 0x03,
    0x00, 0xF0, 0x1D, 0x01, 0x00, 0xF0, 0x04, 0x00, 0x00, 0xE0, 0x04, 0x9A, 0x00, 0x0C, 0x04, 0xE0, 0x00, 0x01, 0x14, 0xE0, 0x00, 0x03, 0x74, 0x80,
    0x00, 0x03, 0x7C, 0x89, 0x00, 0x00, 0xE0, 0x95, 0x00, 0x01, 0x10, 0x80, 0x9F, 0x00, 0x0C, 0x7D, 0x80, 0x00, 0x1F, 0xC0, 0x00, 0x00, 0x1F, 0xC0,
    0x00, 0x00, 0x1E, 0x40, 0x9A, 0x00, 0x0C, 0x40, 0x0E, 0x00, 0x00, 0x50, 0x2F, 0x00, 0x00, 0x70, 0x0E, 0x00, 0x80, 0x77, 0x87, 0x00, 0x01, 0x80,
    0x10, 0x81, 0x00, 0x00, 0x82, 0x00, 0x01, 0x40, 0x40, 0x80, 0x00, 0x0C, 0xE0, 0x18, 0x44, 0xC2, 0xF2, 0x71, 0x59, 0x11, 0xF2, 0xE2, 0x04, 0x18,
    0xE0, 0xA3, 0x00, 0x2D, 0xC0, 0x60, 0x10, 0x08, 0x84, 0xC6, 0x62, 0x31, 0x10, 0x08, 0x04, 0xC4, 0x44, 0x22, 0x01, 0x01, 0x11, 0x09, 0x01, 0x88,
    0x00, 0x88, 0x00, 0x08, 0x00, 0x88, 0x00, 0x88, 0x01, 0x11, 0x11, 0x00, 0x00, 0x22, 0x44, 0x84, 0x08, 0x08, 0x11, 0x21, 0x40, 0x84, 0x04, 0x18,
    0x10, 0x60, 0x8E, 0x00, 0x01, 0x02, 0x40, 0x8A, 0x00, 0x0A, 0x03, 0x04, 0x08, 0x09, 0x13, 0x12, 0x11, 0xA9, 0x08, 0x04, 0x03, 0xA0, 0x00, 0x10,
    0xC0, 0x38, 0x04, 0x83, 0x40, 0x38, 0x04, 0x03, 0x41, 0x30, 0x10, 0x04, 0x00, 0x21, 0x10, 0x08, 0x84, 0x80, 0x00, 0x00, 0x01, 0x8A, 0x00, 0x00,
    0x01, 0x81, 0x00, 0x0F, 0x08, 0x00, 0x01, 0x00, 0x04, 0x10, 0x20, 0x41, 0x02, 0x0C, 0x30, 0x40, 0x03, 0x04, 0x18, 0x40, 0x8B, 0x00, 0x00, 0xA8,
    0x90, 0x00, 0x00, 0x0A, 0xA1, 0x00, 0x0D, 0x40, 0x0E, 0x00, 0x00, 0x74, 0x07, 0x00, 0x00, 0x54, 0x03, 0x00, 0x00, 0x10, 0x02, 0x8D, 0x00, 0x00,
    0x20, 0x8B, 0x00, 0x0D, 0x06, 0x50, 0x00, 0x00, 0x06, 0x50, 0x00, 0x00, 0x0F, 0xD0, 0x00, 0x00, 0x3E, 0xC0, 0x83, 0x00, 0x00, 0x80, 0x82, 0x00,
    0x00, 0x0A, 0x91, 0x00, 0x01, 0x05, 0x20, 0x98, 0x00, 0x00, 0xC0, 0x83, 0x00, 0x0D, 0x07, 0xE0, 0x00, 0x00, 0x77, 0x80, 0x00, 0x00, 0x75, 0x80,
    0x00, 0x00, 0x10, 0x80, 0x9C, 0x00, 0x0D, 0x80, 0x14, 0x00, 0x00, 0xC0, 0x55, 0x00, 0x00, 0xC0, 0x5D, 0x00, 0x00, 0xF0, 0x05, 0x87, 0x00, 0x03,
    0x20, 0x05, 0x00, 0x00, 0x00, 0x84, 0x00, 0x10, 0x40, 0x40, 0xF0, 0x0C, 0x02, 0xF1, 0x59, 0xCC, 0x64, 0xF4, 0x44, 0x0C, 0x19, 0xE1, 0x02, 0x0C,
    0xF0, 0xA1, 0x00, 0x31, 0x60, 0x10, 0x08, 0x04, 0xC6, 0x40, 0x31, 0x10, 0x08, 0x04, 0x02, 0x00, 0x23, 0x11, 0x00, 0x00, 0x88, 0x04, 0x00, 0x04,
    0x00, 0x04, 0x02, 0x00, 0x22, 0x00, 0x00, 0x04, 0x04, 0x44, 0x00, 0x00, 0x88, 0x00, 0x11, 0x11, 0x22, 0x40, 0x04, 0x04, 0x08, 0x10, 0x21, 0x42,
    0x86, 0x0C, 0x18, 0x30, 0x40, 0x80, 0x8D, 0x00, 0x00, 0x08, 0x87, 0x00, 0x0E, 0x01, 0x06, 0x08, 0x11, 0x13, 0x26, 0x26, 0x24, 0x24, 0x26, 0x13,
    0x11, 0x08, 0x06, 0x01, 0x9D, 0x00, 0x0A, 0x70, 0x0C, 0x02, 0x41, 0x30, 0x0C, 0x02, 0x01, 0x20, 0x10, 0x08, 0x83, 0x00, 0x00, 0x80, 0x93, 0x00,
    0x00, 0x04, 0x82, 0x00, 0x0B, 0x08, 0x10, 0x60, 0x01, 0x06, 0x10, 0x60, 0xC1, 0x02, 0x04, 0x60, 0x80, 0x80, 0x00, 0x00, 0x20, 0x86, 0x00, 0x00,
    0x05, 0x8E, 0x00, 0x00, 0x50, 0xA1, 0x00, 0x0D, 0xF8, 0x01, 0x00, 0xC0, 0xBE, 0x01, 0x00, 0x40, 0x2E, 0x01, 0x00, 0x00, 0x08, 0x01, 0x8E, 0x00,
    0x00, 0x20, 0x8C, 0x00, 0x0D, 0x01, 0x08, 0x00, 0x00, 0x01, 0x38, 0x00, 0x00, 0x01, 0xFE, 0x00, 0x00, 0x01, 0xF8, 0x89, 0x00, 0x00, 0x50, 0x8F,
    0x00, 0x00, 0x08, 0x9A, 0x00, 0x00, 0xC0, 0x82, 0x00, 0x0C, 0x3F, 0x00, 0x00, 0x0D, 0xF8, 0x00, 0x00, 0x05, 0xE8, 0x00, 0x00, 0x01, 0x20, 0xA0,
    0x00, 0x0C, 0x20, 0x01, 0x00, 0x00, 0xB8, 0x01, 0x00, 0x00, 0xFF, 0x00, 0x00, 0x80, 0x3F, 0x88, 0x00, 0x01, 0x08, 0x00, 0x00, 0x84, 0x00, 0x12,
    0x40, 0xB8, 0x46, 0x41, 0xF0, 0x0C, 0x04, 0xE2, 0xD2, 0x52, 0x12, 0xC2, 0x04, 0x0C, 0xF8, 0x01, 0x06, 0xF8, 0x40, 0x9D, 0x00, 0x34, 0xC0, 0x20,
    0x18, 0x04, 0xC2, 0x41, 0x31, 0x10, 0x08, 0x04, 0x42, 0x41, 0x21, 0x11, 0x88, 0x00, 0x80, 0x04, 0x02, 0x00, 0x22, 0x00, 0x00, 0x01, 0x00, 0x11,
    0x00, 0x01, 0x00, 0x01, 0x00, 0x00, 0x22, 0x00, 0x04, 0x44, 0x80, 0x38, 0x08, 0x11, 0x21, 0x42, 0x06, 0x04, 0x08, 0x10, 0x21, 0x40, 0x86, 0x04,
    0x18, 0x00, 0xC0, 0x96, 0x00, 0x10, 0x07, 0x08, 0x10, 0x23, 0x46, 0x4C, 0x48, 0x5B, 0x99, 0x49, 0x48, 0x4C, 0x27, 0x21, 0x10, 0x0C, 0x07, 0x9A,
    0x00, 0x0C, 0xE0, 0x10, 0x06, 0x81, 0xE0, 0x10, 0x0E, 0x01, 0x80, 0x10, 0x0C, 0x04, 0x83, 0x83, 0x00, 0x00, 0x80, 0x98, 0x00, 0x10, 0x40, 0x82,
    0x04, 0x08, 0x10, 0x81, 0x03, 0x0C, 0x10, 0xE0, 0x01, 0x06, 0x10, 0xC0, 0x00, 0x00, 0x20, 0xBB, 0x00, 0x0D, 0x80, 0x5C, 0x00, 0x00, 0xF8, 0x05,
    0x00, 0x00, 0xF0, 0x05, 0x00, 0x00, 0xA0, 0x04, 0x90, 0x00, 0x00, 0x20, 0x8E, 0x00, 0x0C, 0x04, 0xA0, 0x00, 0x01, 0x04, 0xE0, 0x00, 0x01, 0x17,
    0xE0, 0x00, 0x00, 0x76, 0x81, 0x00, 0x00, 0x80, 0x94, 0x00, 0x00, 0x02, 0x9C, 0x00, 0x00, 0xC0, 0x80, 0x00, 0x0D, 0x02, 0xD0, 0x00, 0x00, 0x3F,
    0xC0, 0x00, 0x00, 0x1F, 0x40, 0x00, 0x00, 0x0A, 0x40, 0xA2, 0x00, 0x0C, 0x40, 0x0A, 0x00, 0x00, 0x40, 0x2E, 0x00, 0x00, 0x40, 0x2E, 0x00, 0x00,
    0x77, 0x89, 0x00, 0x01, 0x83, 0x00, 0x14, 0xF0, 0x44, 0xBB, 0xB6, 0x5D, 0xF6, 0x0F, 0xF5, 0xBB, 0xDB, 0x3B, 0x1B, 0xD3, 0xF5, 0x0F, 0xFE, 0xF9,
    0xE6, 0xFB, 0x4E, 0xF0, 0x9A, 0x00, 0x38, 0xC0, 0x40, 0xD8, 0x24, 0x9E, 0x45, 0xF2, 0x51, 0x3D, 0x14, 0x0A, 0x05, 0x62, 0x51, 0x29, 0x15, 0x88,
    0x40, 0xA2, 0x05, 0x02, 0x01, 0x22, 0x00, 0x08, 0x01, 0x08, 0x11, 0x00, 0x01, 0x08, 0x01, 0x08, 0x00, 0x22, 0x11, 0x04, 0x44, 0xA2, 0x38, 0x0C,
    0x15, 0x29, 0x52, 0x27, 0x05, 0x0A, 0x14, 0x29, 0x50, 0xA7, 0x47, 0x9E, 0x08, 0xD0, 0x60, 0x80, 0x92, 0x00, 0x14, 0x03, 0x04, 0x17, 0x29, 0x57,
    0x2F, 0xDE, 0x5D, 0x7B, 0x79, 0xBB, 0x7B, 0x7B, 0xDD, 0xBF, 0x6D, 0x57, 0x2D, 0x1F, 0x04, 0x01, 0x96, 0x00, 0x0E, 0x80, 0x50, 0xEC, 0x11, 0xC6,
    0xD1, 0xEC, 0x11, 0x8E, 0x41, 0x88, 0x14, 0x0E, 0x44, 0xA3, 0x9F, 0x00, 0x0F, 0x40, 0xA2, 0x05, 0x0A, 0x14, 0x99, 0x43, 0x8D, 0x14, 0xF8, 0x71,
    0x86, 0x11, 0xCC, 0x70, 0x80, 0x95, 0x00, 0x01, 0x01, 0x09, 0x81, 0x01, 0x9D, 0x00, 0x0E, 0x70, 0x87, 0x5C, 0x00, 0x54, 0xFB, 0x05, 0x00, 0x54,
    0xF2, 0x05, 0x00, 0x10, 0xA2, 0x04, 0xA2, 0x00, 0x0E, 0x04, 0xA2, 0x50, 0x01, 0x04, 0xE2, 0x50, 0x01, 0x17, 0xE7, 0xD4, 0x00, 0x76, 0x0F, 0xD0,
    0x97, 0x00, 0x00, 0x82, 0x9F, 0x00, 0x0E, 0x17, 0x82, 0xD0, 0x00, 0x75, 0xBF, 0xC0, 0x00, 0x51, 0x9F, 0x40, 0x00, 0x10, 0x8A, 0x40, 0xA2, 0x00,
    0x0E, 0x40, 0x8A, 0x14, 0x00, 0x40, 0xAE, 0x55, 0x00, 0x40, 0xAE, 0x55, 0x00, 0x77, 0xC0, 0x1D, 0x87, 0x00, 0x00, 0x82, 0x00, 0x16, 0xFC, 0x03,
    0x01, 0xF8, 0x0C, 0x03, 0x61, 0x38, 0x0C, 0x06, 0x44, 0xE2, 0xC4, 0x04, 0x08, 0xF0, 0x41, 0x02, 0x1C, 0xF0, 0x01, 0x06, 0xF8, 0x97, 0x00, 0x13,
    0x80, 0x40, 0x10, 0x08, 0x86, 0x41, 0x20, 0x10, 0x08, 0x04, 0xC2, 0x41, 0x20, 0x10, 0x08, 0x04, 0x02, 0x00, 0x00, 0x01, 0x8C, 0x00, 0x00, 0x04,
    0x82, 0x00, 0x13, 0x01, 0x00, 0x00, 0x02, 0x04, 0x08, 0x10, 0x21, 0x41, 0x82, 0x04, 0x08, 0x10, 0x61, 0xC1, 0x04, 0x00, 0x30, 0x40, 0x80, 0x8F,
    0x00, 0x16, 0x07, 0x18, 0x20, 0x43, 0x8E, 0x18, 0x30, 0x23, 0x66, 0x44, 0x40, 0x48, 0x4C, 0x44, 0x66, 0x23, 0x10, 0x98, 0x86, 0x43, 0x30, 0x1C,
    0x07, 0x94, 0x00, 0x0C, 0x40, 0x18, 0x04, 0x01, 0x40, 0x38, 0x04, 0x03, 0x40, 0x20, 0x04, 0x02, 0x01, 0x86, 0x00, 0x00, 0x80, 0x9C, 0x00, 0x0C,
    0x01, 0x02, 0x00, 0x20, 0x40, 0x03, 0x04, 0x38, 0xC0, 0x01, 0x06, 0x18, 0xC0, 0x91, 0x00, 0x01, 0x01, 0x01, 0x85, 0x02, 0x80, 0x01, 0x98, 0x00,
    0x0C, 0xBE, 0x01, 0x00, 0xD0, 0x2F, 0x00, 0x00, 0x40, 0x2A, 0x01, 0x00, 0x00, 0x08, 0x93, 0x00, 0x00, 0x20, 0x91, 0x00, 0x0E, 0x08, 0x00, 0x00,
    0x01, 0x3A, 0x00, 0x00, 0x01, 0xFE, 0x00, 0x00, 0x01, 0xFE, 0x00, 0x80, 0xB4, 0x00, 0x0A, 0xC0, 0x00, 0xFA, 0x00, 0x00, 0x1D, 0xE8, 0x00, 0x00,
    0x05, 0xA0, 0x80, 0x00, 0x00, 0x20, 0xA8, 0x00, 0x00, 0x20, 0x80, 0x00, 0x00, 0xA8, 0x80, 0x00, 0x00, 0xF8, 0x80, 0x00, 0x00, 0xFF, 0x86, 0x00,
    0x00, 0x80, 0x00, 0x1A, 0x70, 0x0E, 0x01, 0xE0, 0xFC, 0x07, 0x01, 0xF0, 0x1C, 0x06, 0x03, 0xB3, 0x11, 0x19, 0x11, 0xE2, 0x02, 0x04, 0x18, 0xE0,
    0x01, 0x06, 0xF8, 0x00, 0x03, 0x1E, 0xC0, 0x94, 0x00, 0x13, 0x40, 0x30, 0x00, 0x04, 0x41, 0x20, 0x10, 0x0C, 0x04, 0x82, 0x01, 0x20, 0x00, 0x08,
    0x00, 0x02, 0x01, 0x00, 0x00, 0x80, 0x93, 0x00, 0x00, 0x38, 0x81, 0x00, 0x0F, 0x02, 0x04, 0x08, 0x10, 0x20, 0x41, 0x82, 0x04, 0x08, 0x10, 0x61,
    0x02, 0x04, 0x18, 0x20, 0x40, 0x8C, 0x00, 0x1A, 0x01, 0x0E, 0x10, 0x40, 0x87, 0x18, 0x10, 0x61, 0x46, 0x8C, 0x88, 0x91, 0x91, 0x92, 0x91, 0x98,
    0x88, 0xCC, 0x47, 0x21, 0x30, 0x1C, 0x87, 0x60, 0x30, 0x0F, 0x01, 0x91, 0x00, 0x0B, 0x20, 0x04, 0x03, 0xC0, 0x30, 0x04, 0x03, 0x00, 0xA0, 0x10,
    0x02, 0x01, 0x88, 0x00, 0x00, 0x80, 0x9E, 0x00, 0x0B, 0x01, 0x06, 0x10, 0xA0, 0x01, 0x02, 0x1C, 0xE0, 0x00, 0x03, 0x0C, 0x60, 0x8E, 0x00, 0x0A,
    0x01, 0x00, 0x02, 0x04, 0x04, 0x00, 0x08, 0x09, 0x09, 0x01, 0x00, 0x80, 0x04, 0x02, 0x02, 0x01, 0x01, 0x94, 0x00, 0x09, 0xE0, 0x05, 0x00, 0x00,
    0xFC, 0x05, 0x00, 0x00, 0xE0, 0x05, 0x98, 0x00, 0x00, 0x20, 0x96, 0x00, 0x09, 0x05, 0xA0, 0x00, 0x00, 0x07, 0xE0, 0x00, 0x00, 0x17, 0xA0, 0xB4,
    0x00, 0x09, 0xCF, 0xC0, 0x00, 0x00, 0x7F, 0x40, 0x00, 0x00, 0x0E, 0x40, 0xB2, 0x00, 0x09, 0x40, 0x2A, 0x00, 0x00, 0x40, 0x2E, 0x00, 0x00, 0x40,
    0x02, 0x84, 0x00, 0x00, 0x1E, 0x00, 0x00, 0xF8, 0x07, 0x00, 0xF8, 0x0E, 0x01, 0x00, 0xD8, 0x0E, 0x03, 0xE1, 0x10, 0x08, 0x04, 0x4C, 0x00, 0x08,
    0x71, 0xE1, 0x02, 0x0C, 0x70, 0x00, 0x01, 0x3E, 0xF0, 0x00, 0x07, 0xF8, 0x92, 0x00, 0x0F, 0x20, 0x10, 0x04, 0x02, 0xE1, 0x10, 0x08, 0x04, 0x82,
    0x41, 0x20, 0x10, 0x08, 0x04, 0x02, 0x01, 0x9F, 0x00, 0x0F, 0x02, 0x04, 0x08, 0x10, 0x20, 0x41, 0x82, 0x04, 0x18, 0x10, 0xC1, 0x00, 0x0C, 0x10,
    0x60, 0x80, 0x89, 0x00, 0x1C, 0x07, 0x18, 0x60, 0x81, 0x0E, 0x30, 0x60, 0xC1, 0x8C, 0x10, 0x10, 0x01, 0x26, 0x24, 0x24, 0x04, 0x22, 0x31, 0x10,
    0x98, 0x8E, 0x43, 0x70, 0x18, 0x0F, 0xC1, 0x60, 0x1C, 0x03, 0x8C, 0x00, 0x0D, 0x20, 0x00, 0xC0, 0x18, 0x02, 0x01, 0xE0, 0x10, 0x02, 0x01, 0x80,
    0x10, 0x08, 0x01, 0x89, 0x00, 0x00, 0xC0, 0xA2, 0x00, 0x0A, 0x08, 0x00, 0x80, 0x01, 0x06, 0x10, 0xC0, 0x00, 0x06, 0x10, 0xC0, 0x8A, 0x00, 0x07,
    0x01, 0x02, 0x04, 0x04, 0x08, 0x09, 0x01, 0x11, 0x81, 0x12, 0x08, 0x13, 0x13, 0x09, 0x09, 0x08, 0x04, 0x06, 0x0A, 0x01, 0x8C, 0x00, 0x00, 0x07,
    0x81, 0x00, 0x04, 0x74, 0x03, 0x00, 0x00, 0x55, 0x80, 0x00, 0x00, 0x14, 0x8D, 0x00, 0x00, 0x01, 0x89, 0x00, 0x00, 0x70, 0x98, 0x00, 0x08, 0x54,
    0x00, 0x00, 0x03, 0x54, 0x00, 0x00, 0x03, 0xDC, 0xB2, 0x00, 0x04, 0x75, 0x80, 0x00, 0x00, 0x51, 0x80, 0x00, 0x00, 0x50, 0xB6, 0x00, 0x00, 0x55,
    0x80, 0x00, 0x00, 0x55, 0x80, 0x00, 0x00, 0x5D, 0x83, 0x00, 0x01, 0x1F, 0x00, 0x5C, 0xF9, 0x07, 0xFC, 0xFF, 0x0F, 0x71, 0x1C, 0xDD, 0x0D, 0x53,
    0xE9, 0x14, 0x4A, 0x04, 0x4E, 0x40, 0x0E, 0x75, 0xF9, 0xC2, 0x0D, 0x76, 0xFC, 0x41, 0x3F, 0xF6, 0xF8, 0x07, 0xF9, 0x7C, 0x8F, 0x00, 0x11, 0x60,
    0x10, 0x2C, 0x10, 0x85, 0x12, 0xE9, 0x14, 0x0A, 0x45, 0xA2, 0x51, 0x28, 0x10, 0x0A, 0x05, 0x02, 0x01, 0x9F, 0x00, 0x10, 0x02, 0x05, 0x0A, 0x14,
    0x28, 0x51, 0xA2, 0x45, 0x1A, 0x14, 0xD9, 0x40, 0x8D, 0x16, 0x68, 0x90, 0x40, 0x87, 0x00, 0x1E, 0x0F, 0x37, 0x58, 0x67, 0x99, 0x6E, 0x71, 0xE7,
    0xD9, 0x9C, 0x31, 0x56, 0x45, 0xAE, 0x24, 0xAC, 0xCC, 0xEA, 0x75, 0x72, 0x99, 0xBE, 0x4F, 0xF7, 0x58, 0x3F, 0xDF, 0xE7, 0xDC, 0x33, 0x07, 0x8C,
    0x00, 0x0C, 0x70, 0xCC, 0x19, 0x82, 0x51, 0xEC, 0x11, 0x02, 0x41, 0x88, 0x14, 0x08, 0x01, 0xAF, 0x00, 0x0B, 0x08, 0x04, 0x88, 0x41, 0x06, 0x11,
    0xD8, 0xC0, 0x06, 0x11, 0xCC, 0xC0, 0x87, 0x00, 0x18, 0x01, 0x02, 0x05, 0x02, 0x0D, 0x15, 0x1A, 0x2B, 0x27, 0x35, 0x16, 0x16, 0x36, 0x56, 0x37,
    0x37, 0x2F, 0x0B, 0x1B, 0x15, 0x0E, 0x0E, 0x05, 0x02, 0x01, 0x8E, 0x00, 0x09, 0x2E, 0x74, 0x03, 0x50, 0x0B, 0x55, 0x00, 0x00, 0x0A, 0x14, 0xB6,
    0x00, 0x09, 0x54, 0x0A, 0x00, 0x03, 0x54, 0x3E, 0x00, 0x03, 0xDC, 0xFE, 0xB0, 0x00, 0x09, 0xE8, 0x75, 0x80, 0x15, 0xA0, 0x51, 0x00, 0x01, 0xA0,
    0x50, 0xB6, 0x00, 0x09, 0x55, 0xA0, 0x00, 0x00, 0x55, 0xA0, 0x01, 0x00, 0x5D, 0xF8, 0x82, 0x00, 0x01, 0x21, 0x07, 0x5C, 0xF1, 0x1E, 0xFF, 0x07,
    0xF9, 0x76, 0x1F, 0x05, 0xB3, 0x54, 0x0A, 0x45, 0x43, 0x01, 0x0A, 0x51, 0x27, 0x04, 0x1A, 0xCC, 0xF9, 0x07, 0xFF, 0x4C, 0xF1, 0x06, 0xFB, 0xDC,
    0x81, 0x7C, 0x07, 0xF0, 0x8B, 0x00, 0x14, 0x80, 0x00, 0x68, 0x14, 0x8D, 0x40, 0xB9, 0x14, 0x0A, 0x05, 0x22, 0x51, 0x28, 0x14, 0x0A, 0x01, 0x02,
    0x01, 0x00, 0x00, 0x20, 0x9F, 0x00, 0x11, 0x01, 0x02, 0x05, 0x0A, 0x14, 0x28, 0x51, 0x22, 0x05, 0x1E, 0x44, 0xB1, 0x46, 0x89, 0x14, 0x58, 0x20,
    0x80, 0x84, 0x00, 0x21, 0x18, 0x4F, 0xB1, 0x47, 0x37, 0xD8, 0xE3, 0x45, 0x97, 0x18, 0x53, 0x25, 0xCE, 0x54, 0x99, 0x10, 0xAA, 0xD9, 0xC8, 0xD4,
    0xEA, 0xC5, 0x73, 0x2C, 0x9F, 0x4D, 0xF3, 0x7E, 0xBF, 0xCF, 0xB0, 0x67, 0x1C, 0x01, 0x88, 0x00, 0x0C, 0xC0, 0x18, 0x77, 0x0C, 0x41, 0xB8, 0x54,
    0x0C, 0x01, 0x20, 0x44, 0x0A, 0x04, 0xB2, 0x00, 0x0C, 0x04, 0x0A, 0x44, 0x20, 0x01, 0x19, 0xC4, 0x38, 0x01, 0x0C, 0xC0, 0x38, 0x40, 0x83, 0x00,
    0x1C, 0x01, 0x02, 0x05, 0x0A, 0x15, 0x13, 0x2B, 0x15, 0x56, 0x6A, 0xAE, 0xAD, 0x9D, 0x95, 0xBD, 0xD5, 0xBD, 0x2E, 0x6F, 0x4E, 0x57, 0x37, 0x2A,
    0x15, 0x1C, 0x0A, 0x05, 0x03, 0x01, 0x8A, 0x00, 0x0A, 0xE8, 0x01, 0x2E, 0x00, 0xFC, 0x51, 0x0B, 0x00, 0xA0, 0x01, 0x0A, 0xB8, 0x00, 0x0A, 0x0A,
    0x01, 0xA0, 0x00, 0x3E, 0x05, 0xE8, 0x00, 0xFE, 0x07, 0xE8, 0xAC, 0x00, 0x0A, 0x3F, 0x00, 0xE8, 0x00, 0x7E, 0x15, 0xA0, 0x00, 0x0A, 0x01, 0xA0,
    0xB8, 0x00, 0x0A, 0xA0, 0x00, 0x2A, 0x00, 0xA0, 0x01, 0xAE, 0x00, 0xF8, 0x00, 0x0F, 0x80, 0x00, 0x00, 0x0E, 0x00, 0xFC, 0x07, 0x01, 0x00, 0xDC,
    0x03, 0x01, 0x00, 0x00, 0x02, 0x01, 0xA0, 0x00, 0x00, 0x80, 0x04, 0x10, 0x00, 0x00, 0xE1, 0x01, 0x06, 0x10, 0xA0, 0x01, 0x06, 0x70, 0x00, 0x01,
    0x1F, 0xF0, 0x00, 0x01, 0xFC, 0x88, 0x00, 0x0E, 0x80, 0x40, 0x18, 0x04, 0x82, 0x40, 0x20, 0x04, 0x02, 0x01, 0x00, 0x00, 0x08, 0x00, 0x02, 0xAB,
    0x00, 0x0F, 0x01, 0x02, 0x04, 0x08, 0x00, 0x00, 0x01, 0x02, 0x00, 0x20, 0x40, 0x02, 0x04, 0x10, 0x40, 0x80, 0x82, 0x00, 0x22, 0x80, 0x05, 0x1C,
    0x60, 0x80, 0x05, 0x18, 0x20, 0x40, 0x85, 0x08, 0x10, 0x20, 0x00, 0x66, 0x44, 0x40, 0x44, 0x20, 0x01, 0xA0, 0x10, 0x88, 0x47, 0x60, 0x10, 0x1C,
    0x07, 0xC0, 0x70, 0x1F, 0x01, 0xC0, 0x38, 0x0F, 0x86, 0x00, 0x0B, 0xE0, 0x04, 0x01, 0x00, 0xE0, 0x04, 0x03, 0x00, 0x80, 0x10, 0x02, 0x01, 0x8D,
    0x00, 0x00, 0xC0, 0xA5, 0x00, 0x0B, 0x01, 0x02, 0x10, 0x80, 0x00, 0x02, 0x10, 0xE0, 0x00, 0x01, 0x04, 0xE0, 0x81, 0x00, 0x1E, 0x01, 0x04, 0x08,
    0x10, 0x01, 0x26, 0x44, 0x08, 0x88, 0x91, 0x11, 0x22, 0x00, 0x23, 0x20, 0x23, 0x20, 0x23, 0x33, 0x32, 0x11, 0x99, 0x88, 0x4C, 0x4C, 0x22, 0x11,
    0x10, 0x08, 0x06, 0x03, 0x87, 0x00, 0x05, 0x07, 0x54, 0x00, 0x00, 0x80, 0x15, 0x80, 0x00, 0x00, 0x14, 0x91, 0x00, 0x00, 0x01, 0x89, 0x00, 0x00,
    0x70, 0x9C, 0x00, 0x04, 0x54, 0x00, 0x00, 0x01, 0x54, 0x80, 0x00, 0x00, 0x5C, 0x8A, 0x00, 0x87, 0x01, 0x93, 0x00, 0x04, 0x55, 0x00, 0x00, 0x03,
    0x50, 0x80, 0x00, 0x00, 0x50, 0xBE, 0x00, 0x00, 0x54, 0x80, 0x00, 0x00, 0x50, 0x80, 0x00, 0x02, 0x55, 0x00, 0x00, 0x00, 0x24, 0xBC, 0x01, 0x00,
    0x70, 0x0E, 0x01, 0x00, 0x50, 0x0C, 0x01, 0x01, 0x10, 0x00, 0x00, 0x02, 0x00, 0x02, 0x00, 0x02, 0x04, 0x08, 0x10, 0x01, 0x03, 0x0C, 0x50, 0x00,
    0x03, 0xFC, 0x40, 0x00, 0x07, 0xFC, 0x00, 0x00, 0x07, 0xE0, 0x85, 0x00, 0x0E, 0x40, 0x30, 0x04, 0x02, 0x01, 0x20, 0x10, 0x04, 0x01, 0x80, 0x00,
    0x00, 0x04, 0x02, 0x01, 0x85, 0x00, 0x00, 0x20, 0xA6, 0x00, 0x00, 0x02, 0x80, 0x00, 0x09, 0x81, 0x00, 0x00, 0x10, 0x20, 0x01, 0x02, 0x08, 0x20,
    0x40, 0x81, 0x00, 0x23, 0x0F, 0x10, 0xC0, 0x01, 0x0E, 0x10, 0x40, 0x01, 0x0E, 0x10, 0x20, 0x00, 0x40, 0xCC, 0x88, 0x00, 0x80, 0x00, 0x88, 0x04,
    0x42, 0x41, 0x30, 0x90, 0x8E, 0xC1, 0x60, 0x10, 0x0F, 0x80, 0xE0, 0x34, 0x0F, 0x80, 0xE0, 0x1E, 0x83, 0x00, 0x06, 0x80, 0x10, 0x02, 0x00, 0x80,
    0x10, 0x02, 0x80, 0x00, 0x00, 0x08, 0x90, 0x00, 0x00, 0xC0, 0xA8, 0x00, 0x16, 0x08, 0x40, 0x00, 0x01, 0x06, 0x50, 0x80, 0x00, 0x06, 0x10, 0x80,
    0x00, 0x06, 0x08, 0x10, 0x21, 0x46, 0x44, 0x88, 0x10, 0x31, 0x20, 0x22, 0x80, 0x44, 0x13, 0x48, 0x40, 0x48, 0x4D, 0x48, 0x45, 0x44, 0x45, 0x23,
    0x32, 0x11, 0x98, 0x8C, 0x44, 0x63, 0x21, 0x10, 0x0C, 0x06, 0x01, 0x84, 0x00, 0x05, 0x40, 0x03, 0x00, 0x00, 0x50, 0x0A, 0x80, 0x00, 0x00, 0x02,
    0x92, 0x00, 0x00, 0x01, 0x89, 0x00, 0x00, 0x70, 0x9D, 0x00, 0x00, 0x02, 0x80, 0x00, 0x00, 0x0A, 0x80, 0x00, 0x00, 0x0F, 0x85, 0x00, 0x02, 0x01,
    0x01, 0x00, 0x80, 0x02, 0x00, 0x00, 0x81, 0x04, 0x01, 0x02, 0x00, 0x80, 0x02, 0x01, 0x01, 0x01, 0x8D, 0x00, 0x05, 0x05, 0x80, 0x00, 0x00, 0x15,
    0x80, 0x80, 0x00, 0x00, 0x80, 0xC0, 0x00, 0x00, 0x80, 0x80, 0x00, 0x05, 0x80, 0x11, 0x00, 0x00, 0x80, 0x01, 0x00, 0x0D, 0x00, 0x00, 0xFC, 0x07,
    0x00, 0x00, 0xA8, 0x00, 0x01, 0x00, 0x08, 0x00, 0x02, 0x01, 0x82, 0x00, 0x12, 0x01, 0x02, 0x04, 0xA8, 0x00, 0x01, 0x04, 0xF8, 0x00, 0x01, 0x0C,
    0xF8, 0x00, 0x01, 0xDF, 0xA0, 0x00, 0x03, 0xFC, 0x83, 0x00, 0x06, 0x60, 0x10, 0x02, 0x01, 0xC0, 0x10, 0x08, 0x8E, 0x00, 0x00, 0x20, 0xAE, 0x00,
    0x06, 0x08, 0x10, 0x80, 0x01, 0x06, 0x10, 0x60, 0x80, 0x00, 0x25, 0x60, 0x80, 0x07, 0x14, 0x60, 0xC0, 0x03, 0x10, 0x20, 0x40, 0x00, 0x04, 0x88,
    0x10, 0x00, 0x00, 0x20, 0x00, 0x00, 0x10, 0x88, 0x04, 0x82, 0x00, 0x30, 0x04, 0x83, 0xC0, 0x30, 0x1C, 0x03, 0xC0, 0x70, 0x1D, 0x00, 0xC0, 0x38,
    0x07, 0x80, 0x00, 0x06, 0x40, 0x08, 0x81, 0x20, 0xC0, 0x08, 0x01, 0x95, 0x00, 0x00, 0xC0, 0xA9, 0x00, 0x00, 0x70, 0x80, 0x00, 0x2A, 0x01, 0x18,
    0x40, 0x00, 0x01, 0x0C, 0x40, 0x10, 0x21, 0x42, 0x04, 0x88, 0x10, 0x21, 0x62, 0x44, 0x44, 0x88, 0x00, 0x99, 0x11, 0x10, 0x11, 0x10, 0x11, 0x90,
    0x11, 0x88, 0x89, 0x88, 0x45, 0x66, 0x21, 0x31, 0x12, 0x8D, 0x44, 0x63, 0x31, 0x18, 0x0C, 0x03, 0x01, 0x81, 0x00, 0x05, 0xF8, 0x00, 0x00, 0x04,
    0xAE, 0x04, 0x97, 0x00, 0x00, 0x01, 0x89, 0x00, 0x00, 0x70, 0xA2, 0x00, 0x04, 0x01, 0xA8, 0x00, 0x00, 0x01, 0x82, 0x00, 0x02, 0x01, 0x02, 0x02,
    0x80, 0x04, 0x01, 0x00, 0x08, 0x84, 0x09, 0x00, 0x08, 0x80, 0x04, 0x03, 0x02, 0x02, 0x01, 0x01, 0x89, 0x00, 0x00, 0x7E, 0x80, 0x00, 0x00, 0xEA,
    0x80, 0x00, 0x00, 0x80, 0xC8, 0x00, 0x00, 0xAA, 0x80, 0x00, 0x00, 0x0B, 0x00, 0x5C, 0x03, 0x00, 0x00, 0x04, 0x03, 0x00, 0x20, 0x00, 0x00, 0x01,
    0x86, 0x00, 0x11, 0x01, 0x02, 0x00, 0xA0, 0x00, 0x02, 0x14, 0x80, 0x00, 0x03, 0x74, 0x00, 0x00, 0x07, 0x74, 0x00, 0x00, 0xFF, 0x80, 0x00, 0x07,
    0x80, 0x10, 0x0C, 0x01, 0x80, 0x00, 0x08, 0x04, 0x93, 0x00, 0x00, 0x80, 0x93, 0x00, 0x00, 0x10, 0x94, 0x00, 0x36, 0x04, 0x08, 0x40, 0x80, 0x01,
    0x04, 0x10, 0x80, 0x00, 0x00, 0x0D, 0x38, 0x40, 0x80, 0x0D, 0x38, 0x40, 0x00, 0x00, 0x08, 0x10, 0x20, 0x00, 0x00, 0x40, 0x00, 0x40, 0x00, 0x00,
    0x20, 0x10, 0x08, 0x00, 0xC0, 0x40, 0x18, 0x05, 0x80, 0x40, 0x38, 0x07, 0x80, 0xC0, 0x3C, 0x07, 0x80, 0xC0, 0x1F, 0x00, 0x38, 0x04, 0x00, 0x80,
    0x60, 0x84, 0x98, 0x00, 0x00, 0x80, 0x9A, 0x00, 0x00, 0x10, 0x90, 0x00, 0x32, 0x04, 0xE0, 0x00, 0x00, 0x04, 0x43, 0x84, 0x08, 0x10, 0x21, 0x41,
    0xC4, 0x00, 0x88, 0x10, 0x11, 0x20, 0x22, 0x00, 0x22, 0x04, 0x24, 0x04, 0x22, 0x00, 0x22, 0x11, 0x10, 0x10, 0x88, 0xC4, 0x43, 0x61, 0x31, 0x10,
    0x8D, 0xC7, 0x62, 0x31, 0x18, 0x06, 0x03, 0x00, 0x00, 0x15, 0x00, 0x00, 0x80, 0x05, 0x00, 0x04, 0xCC, 0x00, 0x00, 0x14, 0x81, 0x00, 0x0B, 0x01,
    0x0F, 0x02, 0x04, 0x04, 0x00, 0x08, 0x01, 0x11, 0x13, 0x12, 0x10, 0x80, 0x02, 0x81, 0x12, 0x09, 0x11, 0x01, 0x01, 0x08, 0x04, 0x04, 0x00, 0x02,
    0x01, 0x01, 0x85, 0x00, 0x03, 0x50, 0x00, 0x00, 0x02, 0xCB, 0x00, 0x00, 0x40, 0x80, 0x00, 0x02, 0x40, 0x00, 0x00, 0x00, 0x05, 0x08, 0x01, 0x00,
    0x40, 0x02, 0x01, 0x8E, 0x00, 0x19, 0x01, 0x00, 0x50, 0x00, 0x01, 0x0E, 0x40, 0x00, 0x01, 0xFE, 0x40, 0x00, 0x03, 0xFE, 0x00, 0x00, 0x07, 0xF8,
    0x00, 0x08, 0x00, 0x00, 0x40, 0x00, 0x04, 0x02, 0x94, 0x00, 0x00, 0x80, 0x93, 0x00, 0x00, 0x10, 0x95, 0x00, 0x0C, 0x02, 0x04, 0x00, 0x00, 0x01,
    0x00, 0x08, 0x00, 0x08, 0x40, 0x80, 0x01, 0x1E, 0x81, 0x00, 0x01, 0x10, 0x20, 0x80, 0x00, 0x04, 0x80, 0x00, 0x80, 0x00, 0x80, 0x80, 0x00, 0x16,
    0x20, 0x10, 0x00, 0x01, 0x00, 0x10, 0x0E, 0x01, 0xC0, 0x70, 0x0F, 0x00, 0xC0, 0x70, 0x0F, 0x00, 0xC0, 0xBC, 0x03, 0x00, 0x80, 0x14, 0x42, 0x99,
    0x00, 0x00, 0x80, 0x9A, 0x00, 0x00, 0x10, 0x91, 0x00, 0x31, 0x02, 0x10, 0x80, 0x00, 0x08, 0x10, 0x20, 0x43, 0xC6, 0x8C, 0x18, 0x10, 0x20, 0x00,
    0x44, 0x44, 0x40, 0x40, 0x88, 0x00, 0x88, 0x00, 0x88, 0x40, 0x40, 0x44, 0x22, 0x00, 0x20, 0x10, 0x88, 0x04, 0xC6, 0x41, 0x30, 0x10, 0x8C, 0xC5,
    0x61, 0x11, 0x0C, 0x47, 0x01, 0x02, 0x01, 0x50, 0x02, 0x01, 0x02, 0x01, 0xCD, 0x00, 0x0D, 0x02, 0x00, 0x01, 0x00, 0x02, 0x04, 0x08, 0x09, 0x11,
    0x11, 0x02, 0x00, 0x24, 0x04, 0x81, 0x44, 0x10, 0x4C, 0x44, 0x40, 0x44, 0x24, 0x04, 0x22, 0x22, 0x12, 0x11, 0x01, 0x08, 0x0C, 0x04, 0x02, 0x01,
    0x01, 0x81, 0x00, 0x00, 0x15, 0x80, 0x00, 0x01, 0x15, 0x80, 0xD1, 0x00, 0x00, 0x11, 0x00, 0x03, 0x00, 0x00, 0xA8, 0x01, 0x93, 0x00, 0x15, 0x08,
    0x00, 0x00, 0x01, 0xB8, 0x00, 0x00, 0x05, 0xF8, 0x00, 0x00, 0xDD, 0xE0, 0x00, 0x01, 0xDE, 0x00, 0x00, 0x20, 0x00, 0x02, 0x01, 0x95, 0x00, 0x00,
    0x80, 0x93, 0x00, 0x00, 0x10, 0x96, 0x00, 0x0B, 0x01, 0x02, 0x00, 0x20, 0x00, 0x01, 0x04, 0x80, 0x00, 0x07, 0x30, 0x60, 0x80, 0x00, 0x01, 0x20,
    0x40, 0x8B, 0x00, 0x15, 0x20, 0x00, 0x02, 0x00, 0x20, 0x10, 0x03, 0x00, 0xE0, 0x1C, 0x03, 0x00, 0xE0, 0x7D, 0x03, 0x00, 0xE0, 0x1D, 0x00, 0x80,
    0x40, 0x80, 0x98, 0x00, 0x00, 0x80, 0x9A, 0x00, 0x00, 0x10, 0x92, 0x00, 0x31, 0x01, 0x0A, 0x40, 0x20, 0x41, 0x86, 0x04, 0x18, 0x10, 0x20, 0x40,
    0x44, 0x84, 0x88, 0x00, 0x10, 0x11, 0x00, 0x10, 0x00, 0x10, 0x00, 0x11, 0x80, 0x00, 0x88, 0x44, 0x40, 0x40, 0x20, 0x10, 0x08, 0x84, 0xC2, 0x41,
    0x30, 0x18, 0x8E, 0x43, 0x60, 0x10, 0x0C, 0x03, 0xA8, 0x00, 0x01, 0x02, 0x05, 0x02, 0x01, 0xCE, 0x00, 0x0C, 0x04, 0x04, 0x08, 0x11, 0x13, 0x00,
    0x26, 0x44, 0x44, 0x48, 0x88, 0x00, 0x99, 0x80, 0x11, 0x14, 0x10, 0x11, 0x91, 0x91, 0x88, 0x08, 0x08, 0x44, 0x44, 0x04, 0x22, 0x03, 0x11, 0x11,
    0x08, 0x04, 0x06, 0x01, 0x01, 0x00, 0xEA, 0x80, 0x00, 0x00, 0xAA, 0xD4, 0x00, 0x00, 0x01, 0x00, 0x04, 0x99, 0x00, 0x0F, 0x01, 0x14, 0x00, 0x00,
    0x03, 0x54, 0x00, 0x00, 0x23, 0x5C, 0x00, 0x00, 0xF3, 0x70, 0x00, 0x01, 0x97, 0x00, 0x00, 0x80, 0x93, 0x00, 0x00, 0x10, 0x9A, 0x00, 0x00, 0x10,
    0x80, 0x00, 0x01, 0x0D, 0x20, 0x81, 0x00, 0x00, 0x40, 0x92, 0x00, 0x10, 0x40, 0x20, 0x05, 0x00, 0x40, 0x38, 0x05, 0x00, 0x00, 0x70, 0x15, 0x00,
    0xC0, 0x3F, 0x80, 0xC0, 0x80, 0x98, 0x00, 0x00, 0x80, 0x9A, 0x00, 0x00, 0x10, 0x94, 0x00, 0x2F, 0x01, 0x82, 0x0C, 0x18, 0x30, 0x20, 0x40, 0x84,
    0x00, 0x08, 0x10, 0x00, 0x00, 0x22, 0x00, 0x20, 0x00, 0x20, 0x00, 0x20, 0x00, 0x22, 0x00, 0x00, 0x10, 0x88, 0x00, 0x80, 0x40, 0x20, 0x10, 0x08,
    0x04, 0xC3, 0x41, 0x30, 0x1C, 0x02, 0x41, 0x30, 0x1C, 0x06, 0x01, 0x01, 0x03, 0x07, 0x03, 0x01, 0xCE, 0x00, 0x23, 0x08, 0x11, 0x23, 0x26, 0x44,
    0x4C, 0x88, 0x10, 0x11, 0x11, 0x00, 0x20, 0x22, 0x00, 0x22, 0x00, 0x22, 0x00, 0x22, 0x20, 0x22, 0x10, 0x30, 0x11, 0x98, 0x98, 0x08, 0x44, 0x46,
    0x00, 0x23, 0x11, 0x08, 0x04, 0x06, 0x03, 0xD9, 0x00, 0x01, 0x01, 0x02, 0x04, 0x99, 0x00, 0x0F, 0x01, 0x14, 0x06, 0x40, 0x03, 0x54, 0xFE, 0x10,
    0x23, 0x5D, 0xFE, 0x50, 0xF3, 0x73, 0xFE, 0x01, 0xCC, 0x00, 0x05, 0x10, 0x08, 0x00, 0x08, 0x4D, 0xA0, 0x81, 0x00, 0x00, 0x40, 0x92, 0x00, 0x12,
    0x40, 0xA0, 0x05, 0x0C, 0x40, 0xF8, 0x15, 0x03, 0x00, 0xF0, 0x65, 0x0F, 0x40, 0x7F, 0x70, 0xAF, 0x20, 0x40, 0x80, 0xCC, 0x00, 0x30, 0x01, 0x8A,
    0x1C, 0x38, 0x70, 0xA4, 0x40, 0x94, 0x10, 0x28, 0x10, 0x00, 0x40, 0x22, 0x00, 0xA0, 0x00, 0xA8, 0x00, 0xA0, 0x00, 0x22, 0x40, 0x00, 0x10, 0xA8,
    0x18, 0x88, 0x40, 0xA0, 0x51, 0x28, 0x14, 0xCB, 0xC5, 0xB3, 0x1C, 0x3A, 0x5D, 0xB3, 0x5C, 0x36, 0x0E, 0x06, 0x08, 0x0A, 0x09, 0x04, 0x03, 0xCD,
    0x00, 0x25, 0x2A, 0x55, 0x27, 0xA6, 0x5C, 0x5D, 0xA9, 0x30, 0x33, 0x51, 0x44, 0x64, 0x62, 0x40, 0xAA, 0x00, 0xAA, 0x40, 0x2A, 0x60, 0x62, 0x54,
    0x50, 0x51, 0xBA, 0x99, 0x39, 0x55, 0xCE, 0x0C, 0x67, 0x57, 0x2B, 0x55, 0x0E, 0x03, 0x06, 0x13, 0xD7, 0x00, 0x01, 0x00, 0x02, 0x9C, 0x00, 0x0D,
    0x06, 0x41, 0xA8, 0x00, 0xFE, 0x15, 0xE0, 0x01, 0xFE, 0x4D, 0xA0, 0x03, 0xFE, 0xDD, 0xCD, 0x00, 0x06, 0x08, 0x00, 0x88, 0x40, 0x80, 0x00, 0x20,
    0x96, 0x00, 0x12, 0x80, 0x00, 0xCC, 0x1C, 0xC3, 0x10, 0xC3, 0x5C, 0x83, 0x70, 0xCF, 0xAC, 0x53, 0x20, 0x9F, 0x35, 0x50, 0xA0, 0xC0, 0xCC, 0x00,
    0x30, 0x28, 0x50, 0xA0, 0x40, 0x9C, 0x00, 0x30, 0x10, 0x20, 0x00, 0x80, 0x40, 0x00, 0x00, 0x80, 0x00, 0x88, 0x00, 0x80, 0x00, 0x00, 0x40, 0x80,
    0x00, 0x20, 0x58, 0x28, 0x10, 0x88, 0x45, 0xA2, 0x51, 0x38, 0x85, 0x82, 0x06, 0xDB, 0x0C, 0x8B, 0x46, 0xF7, 0x46, 0x16, 0x18, 0x1E, 0x19, 0x15,
    0x0B, 0x07, 0xCC, 0x00, 0x27, 0x2E, 0x4C, 0x14, 0xB1, 0x3A, 0x51, 0x65, 0x64, 0xA2, 0x40, 0xCC, 0x54, 0x40, 0x51, 0x98, 0x11, 0x88, 0x50, 0x08,
    0x51, 0xC8, 0x44, 0xE8, 0x40, 0x2A, 0x45, 0x73, 0x51, 0xAA, 0x1D, 0x5C, 0x42, 0xEF, 0x11, 0x2B, 0x11, 0x1E, 0x17, 0x00, 0x01, 0xD5, 0x00, 0x00,
    0xA0, 0x00, 0x00, 0x04, 0x80, 0x00, 0x08, 0x54, 0x00, 0x00, 0x01, 0x74, 0x00, 0x00, 0x03, 0x70, 0x91, 0x00, 0x00, 0x70, 0x80, 0x00, 0x00, 0xC0,
    0xD4, 0x00, 0x12, 0x02, 0x00, 0x00, 0x14, 0x00, 0x00, 0x80, 0x60, 0x10, 0x88, 0xC8, 0xE5, 0x14, 0x40, 0xC8, 0x09, 0x10, 0xE0, 0x80, 0x92, 0x00,
    0x01, 0xC1, 0x80, 0x9A, 0x00, 0x00, 0x10, 0x95, 0x00, 0x05, 0x80, 0x04, 0x18, 0x00, 0x20, 0x40, 0x91, 0x00, 0x18, 0x80, 0x00, 0x20, 0x10, 0x18,
    0x04, 0x00, 0x41, 0x31, 0x14, 0x02, 0x00, 0xE3, 0x3C, 0x11, 0x23, 0xE7, 0x67, 0x5D, 0x44, 0x27, 0x21, 0x10, 0x0C, 0x03, 0x92, 0x00, 0x00, 0x01,
    0x89, 0x00, 0x00, 0x70, 0x9F, 0x00, 0x00, 0xC0, 0x85, 0x00, 0x05, 0x01, 0x62, 0x44, 0x84, 0x00, 0x08, 0x80, 0x10, 0x1F, 0x20, 0x00, 0x22, 0x00,
    0x22, 0x00, 0x20, 0x00, 0x22, 0x00, 0x22, 0x00, 0x20, 0x11, 0x00, 0x10, 0x88, 0x00, 0x44, 0x40, 0x63, 0x10, 0x00, 0x08, 0x8C, 0x44, 0x22, 0x01,
    0x18, 0x04, 0x02, 0x01, 0x8D, 0x00, 0x00, 0x01, 0xBA, 0x00, 0x00, 0x01, 0x84, 0x00, 0x01, 0x9D, 0x00, 0x10, 0x20, 0x04, 0x00, 0x04, 0xE0, 0x50,
    0x00, 0x55, 0xC2, 0x50, 0x01, 0x74, 0x8F, 0x40, 0x03, 0x70, 0xFE, 0xEA, 0x00, 0x15, 0x80, 0x01, 0x02, 0x00, 0x80, 0x14, 0x02, 0xC0, 0xB0, 0x68,
    0xD5, 0xEC, 0xEA, 0x57, 0xAE, 0x52, 0xEA, 0xED, 0xDD, 0xE8, 0xB0, 0xC0, 0xC9, 0x00, 0x05, 0x88, 0x04, 0x38, 0x00, 0x20, 0x40, 0x90, 0x00, 0x1A,
    0x08, 0x80, 0x00, 0xA0, 0x55, 0x18, 0x04, 0x08, 0x45, 0xB2, 0x15, 0x03, 0x1F, 0x7B, 0x1C, 0x52, 0x2E, 0x7E, 0xF4, 0xC8, 0xD4, 0xBF, 0x6C, 0x57,
    0x2C, 0x1B, 0x07, 0xC9, 0x00, 0x2B, 0x42, 0x45, 0xE2, 0x44, 0x94, 0x10, 0x28, 0x10, 0x32, 0x50, 0x20, 0x00, 0x22, 0x00, 0xA2, 0x00, 0xA0, 0x00,
    0x22, 0x00, 0x22, 0x44, 0x20, 0x51, 0x22, 0x10, 0xA8, 0x10, 0x4C, 0xCC, 0x63, 0x10, 0x63, 0x59, 0x9C, 0x44, 0xAE, 0x45, 0x7B, 0x14, 0x0A, 0x05,
    0x02, 0x01, 0xD1, 0x00, 0x01, 0x9C, 0x00, 0x13, 0x10, 0x22, 0x05, 0x80, 0x00, 0xE0, 0x55, 0x80, 0x01, 0xC2, 0x55, 0x0A, 0x00, 0x8F, 0x41, 0x3A,
    0x00, 0xFE, 0x05, 0xA0, 0xE6, 0x00, 0x18, 0x80, 0x04, 0x80, 0x01, 0xE0, 0x14, 0x83, 0x00, 0xE2, 0xD8, 0x34, 0xEA, 0xF7, 0x7D, 0xAB, 0xFB, 0xF2,
    0xDF, 0x3B, 0xF5, 0xED, 0xEE, 0x34, 0xD8, 0xE0, 0xC8, 0x00, 0x02, 0x28, 0x40, 0xA0, 0x95, 0x00, 0x19, 0x10, 0x88, 0x45, 0x00, 0x40, 0x28, 0x04,
    0x83, 0x02, 0xDE, 0x6E, 0xD9, 0xAF, 0xDB, 0x3D, 0xBA, 0xB4, 0x98, 0xF4, 0xAB, 0x5D, 0xDB, 0xAF, 0x58, 0x37, 0x0F, 0xC8, 0x00, 0x0A, 0x4A, 0x44,
    0x90, 0x00, 0x30, 0x50, 0x20, 0x00, 0xA2, 0x40, 0x08, 0x80, 0x00, 0x1E, 0x80, 0x10, 0x80, 0x00, 0x00, 0x10, 0x00, 0x44, 0x88, 0x40, 0x22, 0x44,
    0x20, 0x51, 0x28, 0x8C, 0x00, 0x10, 0xEF, 0x11, 0x10, 0x01, 0xBC, 0x54, 0xE3, 0x10, 0x6B, 0x15, 0x0A, 0x05, 0x03, 0x80, 0x01, 0xCD, 0x00, 0x01,
    0x9C, 0x00, 0x14, 0x11, 0x02, 0x01, 0x80, 0x04, 0x00, 0x05, 0x80, 0x94, 0x80, 0x05, 0x4A, 0x50, 0x40, 0x41, 0x7B, 0x95, 0x80, 0x05, 0xA0, 0x74,
    0xE5, 0x00, 0x1A, 0x80, 0x04, 0x00, 0x00, 0xE0, 0x14, 0xE3, 0x38, 0xEC, 0xDA, 0x75, 0xFB, 0x3E, 0xDD, 0xEF, 0x6F, 0xEE, 0xCD, 0xFD, 0xD5, 0x28,
    0xF6, 0xF5, 0x9E, 0xEC, 0x10, 0xC0, 0xC6, 0x00, 0x02, 0xA0, 0x40, 0x80, 0x94, 0x00, 0x1C, 0x88, 0x10, 0x08, 0x00, 0x08, 0x40, 0x20, 0x00, 0x2F,
    0x3B, 0x9F, 0xF6, 0x59, 0xBF, 0xF8, 0x77, 0xEA, 0xE7, 0x94, 0xE8, 0xFF, 0x51, 0xEC, 0xB7, 0x5F, 0xB3, 0x6F, 0x18, 0x07, 0xC6, 0x00, 0x0F, 0x08,
    0x00, 0x10, 0x00, 0xA0, 0x40, 0x08, 0x00, 0x80, 0x00, 0x08, 0x00, 0x20, 0x00, 0x00, 0x10, 0x80, 0x00, 0x1F, 0x10, 0x20, 0x00, 0x88, 0x00, 0x00,
    0x44, 0x88, 0x41, 0x20, 0x00, 0x23, 0x10, 0x8C, 0x40, 0x88, 0x45, 0x72, 0x10, 0xB1, 0x12, 0xED, 0x57, 0x2C, 0x10, 0x0F, 0x05, 0x05, 0x03, 0x02,
    0x01, 0x01, 0xCA, 0x00, 0x01, 0x9C, 0x00, 0x00, 0x01, 0x80, 0x00, 0x11, 0x04, 0x00, 0x80, 0x40, 0xD4, 0xE2, 0x20, 0x60, 0x70, 0x6E, 0x60, 0x61,
    0xB5, 0xEF, 0x40, 0x80, 0xF4, 0x7F, 0xE9, 0x00, 0x16, 0xF0, 0xFC, 0x3E, 0xED, 0xDA, 0x7D, 0xDF, 0x6E, 0xD7, 0x77, 0xB7, 0x3F, 0x11, 0xF5, 0xE6,
    0xEE, 0x16, 0xF9, 0xF6, 0xEF, 0x16, 0xD8, 0xE0, 0xC5, 0x00, 0x00, 0x80, 0x95, 0x00, 0x1E, 0x08, 0x88, 0x00, 0x80, 0x40, 0x08, 0x00, 0x00, 0x1F,
    0xCF, 0xB8, 0x4F, 0x9F, 0x78, 0xF3, 0xEC, 0x5F, 0xD9, 0xC3, 0xBA, 0xBD, 0xD4, 0x41, 0xF7, 0x78, 0x6F, 0x9C, 0x6F, 0xD8, 0x77, 0x1F, 0xC7, 0x00,
    0x04, 0x80, 0x04, 0x80, 0x00, 0x08, 0x82, 0x00, 0x00, 0x20, 0x84, 0x00, 0x00, 0x20, 0x80, 0x00, 0x1C, 0x02, 0x00, 0x88, 0x00, 0x08, 0x04, 0x23,
    0x00, 0x00, 0x01, 0xA8, 0x44, 0x43, 0x06, 0x77, 0x16, 0x86, 0x4F, 0xAD, 0x55, 0x25, 0x1D, 0x0D, 0x0B, 0x06, 0x05, 0x03, 0x02, 0x01, 0xC8, 0x00,
    0x01, 0xA0, 0x00, 0x13, 0x80, 0x40, 0xE0, 0x60, 0x50, 0xF2, 0xB0, 0xB8, 0xA0, 0xA6, 0xA8, 0xB8, 0xB0, 0x7F, 0x51, 0xAA, 0xC0, 0x3F, 0x81, 0x78,
    0xE6, 0x00, 0x19, 0x78, 0xF4, 0x9F, 0xF6, 0xFD, 0x1C, 0xCF, 0xF7, 0x7B, 0x1B, 0xDD, 0xD5, 0xFD, 0x5D, 0x9D, 0x22, 0xF7, 0xF7, 0x8F, 0x74, 0xFB,
    0xF6, 0x1B, 0xE4, 0x78, 0x80, 0xDF, 0x00, 0x1D, 0x80, 0x40, 0x00, 0x07, 0x38, 0xDF, 0xE3, 0x9F, 0x6F, 0xD8, 0xEF, 0xDB, 0xAC, 0x79, 0x76, 0x47,
    0x6F, 0x75, 0x78, 0x30, 0x9F, 0x4D, 0xB3, 0x7F, 0x77, 0xDF, 0xF0, 0x5F, 0x3C, 0x05, 0xC5, 0x00, 0x01, 0x80, 0x04, 0x90, 0x00, 0x1F, 0x04, 0x02,
    0x00, 0x00, 0x40, 0x28, 0x04, 0x00, 0x00, 0x88, 0x41, 0x21, 0x02, 0x25, 0x1E, 0x4F, 0x15, 0x5B, 0x5B, 0xBB, 0x47, 0x8F, 0x5F, 0x3B, 0x1B, 0x17,
    0x15, 0x0A, 0x06, 0x05, 0x02, 0x01, 0xC6, 0x00, 0x00, 0x86, 0x00, 0x00, 0x80, 0x94, 0x00, 0x08, 0x80, 0x40, 0x20, 0x30, 0x90, 0x88, 0xC8, 0x48,
    0x44, 0x80, 0x64, 0x0A, 0x04, 0x64, 0x45, 0x48, 0x88, 0x88, 0x95, 0x30, 0x20, 0x40, 0xB7, 0x8D, 0x00, 0x00, 0x80, 0x93, 0x00, 0x00, 0x10, 0xA6,
    0x00, 0x00, 0x03, 0x91, 0x00, 0x1C, 0xE0, 0x1C, 0x03, 0xC1, 0x38, 0x06, 0x03, 0xC1, 0x38, 0x0C, 0x84, 0x44, 0x32, 0x13, 0x02, 0x00, 0x62, 0x46,
    0x04, 0x08, 0x70, 0xE3, 0x07, 0x04, 0xF8, 0xC1, 0x02, 0x1C, 0xE0, 0x8B, 0x00, 0x00, 0x80, 0x9A, 0x00, 0x00, 0x10, 0x8A, 0x00, 0x00, 0x20, 0xA5,
    0x00, 0x1C, 0x1F, 0x60, 0x80, 0x0F, 0x38, 0x40, 0x83, 0x0F, 0x30, 0x60, 0x47, 0x8C, 0x88, 0x90, 0x10, 0x10, 0x88, 0xC0, 0x60, 0x30, 0x18, 0x07,
    0xC0, 0x50, 0x3F, 0x07, 0x80, 0x70, 0x0F, 0x97, 0x00, 0x00, 0x20, 0xA1, 0x00, 0x00, 0x04, 0x85, 0x00, 0x00, 0x0E, 0x8F, 0x00, 0x00, 0x20, 0x80,
    0x00, 0x00, 0x88, 0x82, 0x00, 0x09, 0x01, 0x02, 0x04, 0x08, 0x11, 0x11, 0x22, 0x24, 0x04, 0x4C, 0x80, 0x48, 0x0D, 0x4C, 0xCC, 0x44, 0xA4, 0x24,
    0x22, 0x11, 0x18, 0x08, 0x04, 0x03, 0x01, 0x00, 0x01, 0xC2, 0x00, 0x01, 0x9D, 0x00, 0x19, 0xC0, 0xA0, 0x50, 0x30, 0xF8, 0xD4, 0xEC, 0xEA, 0x7A,
    0x56, 0x76, 0x76, 0xF6, 0x14, 0x76, 0x57, 0x7A, 0xAE, 0xCC, 0xD1, 0xBB, 0xB8, 0x50, 0x97, 0xC7, 0x80, 0xE0, 0x00, 0x1E, 0x78, 0xE6, 0x1D, 0xF3,
    0xDD, 0x3B, 0x47, 0x73, 0xCD, 0x3E, 0x4E, 0xB7, 0x55, 0x3B, 0x52, 0x0B, 0x01, 0x63, 0x57, 0x67, 0x0E, 0x74, 0xF3, 0xF6, 0x05, 0xFE, 0xD1, 0xF2,
    0x1D, 0xE6, 0x70, 0xDE, 0x00, 0x1E, 0x3D, 0xDF, 0x60, 0x9F, 0x7F, 0xF8, 0x47, 0x9B, 0x0F, 0xF0, 0xE7, 0x5F, 0x9C, 0xAB, 0x91, 0x30, 0x30, 0xB8,
    0xD0, 0xE0, 0xF0, 0x78, 0x17, 0xCF, 0xD0, 0xDF, 0x73, 0x9F, 0x70, 0xCF, 0x3F, 0xD6, 0x00, 0x01, 0x40, 0x20, 0x80, 0x00, 0x00, 0x88, 0x80, 0x00,
    0x1B, 0x80, 0x03, 0x05, 0x0A, 0x15, 0x2B, 0x37, 0x55, 0x6A, 0x2C, 0x9D, 0xDD, 0xDB, 0xDB, 0x7A, 0x5C, 0x5C, 0xD5, 0x2D, 0x6C, 0x6E, 0x55, 0x3B,
    0x19, 0x14, 0x0B, 0x07, 0x01, 0xC3, 0x00, 0x01, 0x9B, 0x00, 0x1C, 0xC0, 0x60, 0xD0, 0x28, 0xDC, 0x54, 0xEA, 0x54, 0x75, 0x33, 0xBB, 0xDB, 0xDA,
    0x52, 0xDA, 0x5C, 0xDA, 0x1A, 0xBB, 0x3F, 0x55, 0x66, 0xA9, 0xDC, 0xDC, 0x38, 0xD7, 0xE0, 0xDA, 0xDD, 0x00, 0x22, 0xC0, 0x1C, 0x79, 0xC6, 0x71,
    0xFE, 0x1D, 0xE3, 0x51, 0x7C, 0x0C, 0xE7, 0x53, 0x3B, 0x15, 0x0D, 0x41, 0x2D, 0x45, 0x05, 0x11, 0x6B, 0x17, 0xC7, 0x10, 0xF5, 0xF9, 0xC7, 0x13,
    0xF4, 0xF9, 0x07, 0x73, 0x1C, 0xC0, 0xDA, 0x00, 0x22, 0x07, 0xF0, 0xBD, 0xC7, 0x3C, 0xDF, 0x70, 0xCF, 0x37, 0xD8, 0x80, 0xCE, 0x97, 0x38, 0x51,
    0x67, 0x01, 0x28, 0xE0, 0x70, 0x50, 0xA0, 0xC0, 0xE0, 0xD0, 0x6F, 0x9D, 0xE3, 0xB4, 0xEF, 0x1F, 0xC0, 0x3F, 0x70, 0x0F, 0xD4, 0x00, 0x00, 0x40,
    0x84, 0x00, 0x1E, 0x01, 0x86, 0x0B, 0x14, 0x29, 0x57, 0x67, 0xAE, 0x5C, 0x59, 0x2A, 0xBB, 0xF1, 0xB7, 0x97, 0x76, 0x54, 0xF0, 0xB5, 0xAF, 0x4B,
    0xDD, 0x54, 0xAF, 0x55, 0x73, 0x29, 0x16, 0x0D, 0x06, 0x01, 0xC1, 0x00, 0x01, 0x99, 0x00, 0x20, 0x80, 0x40, 0xF0, 0x68, 0x94, 0x4C, 0xEE, 0x55,
    0x3B, 0x98, 0xDD, 0x55, 0xEF, 0xCD, 0xEA, 0x62, 0x6A, 0x4C, 0xEE, 0x6E, 0xCD, 0x5D, 0x9D, 0xAA, 0x3B, 0x55, 0xEE, 0x5E, 0x9C, 0x68, 0xCA, 0x65,
    0x80, 0xDA, 0x00, 0x24, 0xF8, 0xC6, 0x1D, 0xD1, 0xDC, 0x73, 0x0F, 0xD1, 0xEC, 0x16, 0x8D, 0x50, 0xE9, 0x15, 0xCA, 0x44, 0x36, 0x11, 0x24, 0x44,
    0x26, 0x42, 0x0C, 0x11, 0xDB, 0x71, 0x07, 0xF8, 0xD9, 0xF3, 0x05, 0xF8, 0xF9, 0xF3, 0x1D, 0xCE, 0xF0, 0xD8, 0x00, 0x24, 0x3F, 0xC7, 0xF0, 0x9F,
    0x77, 0xBC, 0xC0, 0x1D, 0x6F, 0x30, 0xC7, 0x9C, 0x2E, 0x50, 0x26, 0xC1, 0xC4, 0x10, 0x18, 0xD0, 0xC0, 0x40, 0xE0, 0x40, 0x80, 0xC0, 0xE0, 0x5D,
    0x3B, 0xC7, 0x70, 0xDF, 0x7F, 0x07, 0x70, 0xCF, 0x3F, 0xD9, 0x00, 0x21, 0x01, 0x02, 0x0D, 0x16, 0x29, 0x56, 0xAD, 0xCE, 0x54, 0xA9, 0x78, 0x55,
    0x66, 0xEA, 0xE8, 0xAD, 0x15, 0x5C, 0xCD, 0xE9, 0xE4, 0x6E, 0x47, 0x97, 0x13, 0xBD, 0x54, 0xEF, 0x67, 0x53, 0x2D, 0x1F, 0x05, 0x03, 0xC0, 0x00,
    0x01, 0x97, 0x00, 0x23, 0x80, 0x40, 0xB0, 0x58, 0xB4, 0x4A, 0xA7, 0x55, 0x2A, 0x15, 0xDD, 0xCC, 0xEE, 0x57, 0x75, 0x15, 0xBB, 0x33, 0xBB, 0x11,
    0x37, 0x77, 0x57, 0x44, 0xAE, 0xCC, 0xDD, 0x9D, 0x3A, 0x57, 0xEF, 0xCE, 0x14, 0x65, 0xB0, 0xC4, 0xD7, 0x00, 0x28, 0xC0, 0x1C, 0xFB, 0x06, 0xF9,
    0xD4, 0x1F, 0x43, 0x39, 0xD4, 0x0F, 0x46, 0xB9, 0x54, 0x0A, 0x45, 0xE3, 0x41, 0x3A, 0x11, 0x08, 0x00, 0x22, 0x53, 0x25, 0x00, 0x18, 0x71, 0x7B,
    0x01, 0x1A, 0xF4, 0xF9, 0x01, 0xFB, 0xF4, 0xF9, 0x0E, 0xF3, 0x3C, 0x80, 0xD4, 0x00, 0x28, 0x07, 0x70, 0xBF, 0xC0, 0x3F, 0xDF, 0x70, 0x87, 0x38,
    0xDD, 0xE0, 0x07, 0x3F, 0x5C, 0xA0, 0x45, 0x1E, 0x90, 0x80, 0x10, 0x70, 0x10, 0xA0, 0x00, 0xC0, 0xC0, 0x80, 0x00, 0x80, 0x40, 0xB8, 0x57, 0x8F,
    0xC0, 0xBF, 0x77, 0x3F, 0xC0, 0xBF, 0x70, 0x07, 0xD6, 0x00, 0x24, 0x03, 0x05, 0x1A, 0x2C, 0x53, 0xA5, 0x4E, 0x9C, 0xA9, 0x52, 0xE5, 0xE8, 0xCC,
    0x55, 0xD8, 0x98, 0x8B, 0x31, 0x3A, 0x99, 0xBB, 0xD1, 0xC9, 0xD4, 0x1E, 0x0F, 0x77, 0x53, 0xBD, 0x56, 0xCF, 0xA6, 0x5B, 0x34, 0x1B, 0x04, 0x03,
    0xBE, 0x00, 0x01, 0x96, 0x00, 0x26, 0xC0, 0xA0, 0x50, 0x3C, 0xDA, 0xE5, 0x53, 0x2B, 0x95, 0xCE, 0x67, 0xF7, 0x55, 0x2B, 0x13, 0x9B, 0x55, 0x99,
    0x55, 0xDD, 0x55, 0x11, 0x11, 0x1B, 0x89, 0x33, 0x55, 0xE4, 0xCE, 0xDE, 0x15, 0x6B, 0xD7, 0xE7, 0x86, 0x34, 0xD4, 0x67, 0x80, 0xD4, 0x00, 0x2A,
    0xF0, 0xCE, 0x1D, 0xE3, 0x14, 0xFB, 0x04, 0xF3, 0x54, 0x3B, 0x05, 0xF3, 0x54, 0x3E, 0x05, 0x22, 0x51, 0x29, 0x05, 0x08, 0x00, 0x08, 0x04, 0x00,
    0x11, 0x29, 0x10, 0x21, 0x00, 0x78, 0x19, 0xA2, 0x05, 0xFA, 0xDD, 0xE3, 0x05, 0xFA, 0xDC, 0x03, 0x3D, 0x8E, 0xF0, 0xD2, 0x00, 0x1B, 0x1F, 0xC7,
    0x70, 0x8F, 0x70, 0xBF, 0xC0, 0x1F, 0x77, 0xB8, 0xC0, 0x9F, 0x07, 0xB8, 0x40, 0x88, 0x15, 0x38, 0x50, 0x00, 0x00, 0xE0, 0x40, 0x20, 0x00, 0x00,
    0x80, 0x80, 0x80, 0x00, 0x0B, 0x80, 0x50, 0xEF, 0x1D, 0xC3, 0x70, 0xDF, 0x7F, 0x80, 0x70, 0xE7, 0x1F, 0xD3, 0x00, 0x27, 0x01, 0x06, 0x0B, 0x34,
    0x5B, 0xA6, 0x4B, 0x94, 0x29, 0x51, 0xA5, 0x42, 0xDC, 0x99, 0xAA, 0x33, 0x70, 0x54, 0x02, 0x64, 0x62, 0x50, 0x52, 0x55, 0xA7, 0x91, 0x3B, 0x1C,
    0x5E, 0x4F, 0xB7, 0x51, 0xBC, 0x9F, 0xCD, 0xF7, 0x79, 0x14, 0x0F, 0x07, 0xBD, 0x00,
};
static const uint32_t anim_ripple_offsets[181] = {
    0, 192, 382, 570, 772, 972, 1171, 1354, 1526, 1702, 1870, 2030,
    2188, 2362, 2552, 2763, 2975, 3177, 3380, 3598, 3821, 4041, 4265, 4492,
    4731, 4959, 5171, 5372, 5565, 5751, 5918, 6091, 6256, 6389, 6516, 6648,
    6788, 6940, 7091, 7241, 7403, 7575, 7767, 7990, 8231, 8474, 8701, 8931,
    9154, 9380, 9593, 9799, 9994, 10175, 10382, 10582, 10764, 10958, 11146, 11350,
    11566, 11791, 12014, 12245, 12468, 12673, 12864, 13055, 13238, 13424, 13614, 13809,
    13969, 14113, 14245, 14366, 14494, 14615, 14735, 14873, 15004, 15155, 15321, 15512,
    15705, 15890, 16078, 16256, 16457, 16657, 16860, 17083, 17290, 17494, 17693, 17888,
    18086, 18289, 18499, 18717, 18943, 19183, 19426, 19673, 19905, 20117, 20337, 20539,
    20739, 20918, 21089, 21241, 21381, 21518, 21634, 21745, 21838, 21917, 21994, 22088,
    22189, 22314, 22429, 22558, 22704, 22858, 23022, 23224, 23411, 23607, 23810, 24007,
    24202, 24396, 24584, 24772, 24962, 25151, 25348, 25543, 25743, 25954, 26168, 26410,
    26653, 26911, 27182, 27442, 27698, 27966, 28203, 28444, 28676, 28899, 29130, 29352,
    29571, 29794, 30016, 30256, 30499, 30762, 30994, 31219, 31430, 31621, 31785, 31938,
    32087, 32246, 32380, 32519, 32668, 32808, 32936, 33107, 33247, 33396, 33552, 33722,
    33902,
};
const kb_anim_t anim_ripple = { anim_ripple_data, anim_ripple_offsets, 180 };
