// anim_kaleido.h を tools/pack_anim_frames.py で圧縮したもの（自動生成・手で編集しないこと）。
// 90コマ、元 46080 バイト → 21381 バイト。
static const uint8_t anim_kaleido_data[21381] = {
    0x00, 0x91, 0x00, 0x00, 0x04, 0x86, 0x00, 0x00, 0x80, 0x82, 0x00, 0x01, 0x10, 0x01, 0x81, 0x00, 0x28, 0x03, 0x0C, 0x18, 0x30, 0x60, 0x40, 0x80,
    0x80, 0x00, 0x00, 0x01, 0x01, 0x02, 0x04, 0x18, 0x60, 0x80, 0x07, 0x0C, 0x30, 0x60, 0x30, 0x0C, 0x07, 0x80, 0x60, 0x18, 0x04, 0x02, 0x01, 0x01,
    0x00, 0x00, 0x80, 0x80, 0x40, 0x60, 0x30, 0x18, 0x0C, 0x03, 0x81, 0x00, 0x01, 0x01, 0x10, 0x9A, 0x00, 0x00, 0x80, 0x8B, 0x00, 0x00, 0x20, 0x80,
    0x00, 0x0A, 0x04, 0x00, 0x00, 0xC0, 0x30, 0x1A, 0x30, 0xC0, 0x00, 0x00, 0x04, 0x80, 0x00, 0x00, 0x20, 0x82, 0x00, 0x02, 0x01, 0x03, 0x01, 0x80,
    0x00, 0x00, 0x11, 0x86, 0x00, 0x04, 0x80, 0xC0, 0x44, 0x20, 0x20, 0x84, 0x11, 0x0A, 0xD1, 0x31, 0x11, 0x00, 0x84, 0xCE, 0x84, 0x00, 0x11, 0x31,
    0xD1, 0x84, 0x11, 0x04, 0x20, 0x20, 0x40, 0xC4, 0x80, 0x86, 0x00, 0x00, 0x11, 0x8A, 0x00, 0x00, 0x20, 0x81, 0x00, 0x00, 0x08, 0x80, 0x00, 0x09,
    0x04, 0x80, 0x40, 0x20, 0x60, 0x89, 0x03, 0x01, 0x00, 0x20, 0x85, 0x00, 0x18, 0x40, 0x02, 0x00, 0x0C, 0x1E, 0x32, 0x22, 0xA6, 0x3C, 0x1A, 0x81,
    0x23, 0x74, 0x23, 0x81, 0x1A, 0x3C, 0xA6, 0x22, 0x32, 0x1E, 0x0C, 0x00, 0x02, 0x40, 0x86, 0x00, 0x0A, 0x01, 0x10, 0x00, 0x00, 0x40, 0xE0, 0x98,
    0x86, 0x83, 0x81, 0xC0, 0x81, 0x40, 0x16, 0x20, 0x30, 0x10, 0x88, 0x04, 0x03, 0x00, 0xE0, 0x1C, 0x06, 0x01, 0x00, 0x01, 0x06, 0x1C, 0xE0, 0x00,
    0x03, 0x04, 0x88, 0x10, 0x30, 0x20, 0x81, 0x40, 0x0A, 0xC0, 0x81, 0x83, 0x86, 0x98, 0xE0, 0x40, 0x80, 0x00, 0x10, 0x01, 0x86, 0x00, 0x14, 0x10,
    0x00, 0x01, 0x04, 0x1E, 0x76, 0x44, 0xC4, 0x84, 0x88, 0xB0, 0xC0, 0x04, 0x00, 0x1F, 0x71, 0x30, 0x10, 0x0C, 0x07, 0xA0, 0x82, 0x80, 0x02, 0x01,
    0x00, 0x20, 0x82, 0x00, 0x14, 0x08, 0x00, 0x00, 0x80, 0x3C, 0x26, 0x31, 0x19, 0x0F, 0x00, 0x04, 0x00, 0x0F, 0x19, 0x31, 0x26, 0x3C, 0x80, 0x00,
    0x00, 0x08, 0x84, 0x00, 0x00, 0x10, 0x83, 0x00, 0x05, 0x01, 0x00, 0x08, 0x00, 0x00, 0x40, 0x8A, 0x00, 0x02, 0x1F, 0x60, 0x80, 0x80, 0x00, 0x02,
    0x80, 0x60, 0x1F, 0x8A, 0x00, 0x03, 0x40, 0x00, 0x00, 0x08, 0x84, 0x00, 0x02, 0x20, 0x70, 0x20, 0x80, 0x00, 0x01, 0x02, 0x20, 0x80, 0x00, 0x10,
    0xC0, 0x60, 0x30, 0x12, 0x08, 0x88, 0xE8, 0x38, 0x00, 0x02, 0x87, 0xF2, 0x20, 0x60, 0xC7, 0x05, 0x2D, 0x81, 0x08, 0x04, 0x05, 0x07, 0x02, 0x40,
    0x02, 0x01, 0xA8, 0x00, 0x12, 0x02, 0x00, 0x00, 0x40, 0x00, 0x40, 0x00, 0x80, 0x00, 0x01, 0x00, 0x01, 0x00, 0x00, 0x40, 0x40, 0x00, 0x00, 0x08,
    0x81, 0x00, 0x00, 0x01, 0x81, 0x00, 0x00, 0x02, 0x87, 0x00, 0x01, 0x01, 0x01, 0xB5, 0x00, 0x03, 0x20, 0x00, 0x00, 0x40, 0x9E, 0x00, 0x01, 0x10,
    0x01, 0x8C, 0x00, 0x01, 0x40, 0x40, 0x83, 0x00, 0x04, 0x30, 0x01, 0x40, 0x04, 0x44, 0x95, 0x00, 0x01, 0x20, 0x20, 0x86, 0x00, 0x02, 0x20, 0x00,
    0x80, 0x8E, 0x00, 0x0A, 0x08, 0x00, 0x00, 0x02, 0x10, 0x00, 0x00, 0x04, 0x00, 0x00, 0x01, 0x82, 0x00, 0x00, 0x04, 0x8F, 0x00, 0x01, 0x90, 0xD0,
    0x80, 0xC0, 0x00, 0x80, 0x80, 0x00, 0x03, 0x20, 0x00, 0x00, 0x08, 0x81, 0x00, 0x00, 0x10, 0x81, 0x00, 0x00, 0x02, 0x83, 0x00, 0x02, 0x90, 0x00,
    0x10, 0x81, 0x00, 0x09, 0xC0, 0x40, 0x00, 0x00, 0x08, 0x20, 0x00, 0x40, 0x80, 0x80, 0x8C, 0x00, 0x01, 0x22, 0x12, 0x8A, 0x00, 0x00, 0x04, 0x83,
    0x00, 0x00, 0x03, 0x8A, 0x00, 0x01, 0x02, 0x08, 0x83, 0x00, 0x00, 0x20, 0xA5, 0x00, 0x01, 0x80, 0x80, 0x80, 0x00, 0x00, 0x40, 0x82, 0x00, 0x00,
    0x01, 0x86, 0x00, 0x01, 0x40, 0x40, 0x91, 0x00, 0x00, 0x40, 0x80, 0x00, 0x00, 0x10, 0x82, 0x00, 0x00, 0x80, 0x80, 0x00, 0x02, 0x04, 0x80, 0x01,
    0x80, 0x00, 0x05, 0x04, 0x00, 0x00, 0x01, 0x00, 0x00, 0x01, 0xA1, 0x00, 0x01, 0x30, 0x03, 0x81, 0x00, 0x03, 0x02, 0x08, 0x14, 0x20, 0x82, 0x00,
    0x00, 0x80, 0x80, 0x00, 0x04, 0x02, 0x10, 0x10, 0x00, 0x04, 0x81, 0x00, 0x00, 0x10, 0x80, 0x00, 0x02, 0x08, 0x08, 0x04, 0x83, 0x00, 0x05, 0x80,
    0x20, 0x50, 0x08, 0x04, 0x04, 0x82, 0x00, 0x01, 0x18, 0x80, 0xB2, 0x00, 0x00, 0x80, 0x90, 0x00, 0x00, 0x33, 0x86, 0x00, 0x02, 0x40, 0x80, 0x20,
    0x88, 0x00, 0x00, 0x10, 0x82, 0x00, 0x00, 0x01, 0x84, 0x00, 0x00, 0x20, 0x82, 0x00, 0x00, 0x80, 0x85, 0x00, 0x01, 0x80, 0x19, 0x93, 0x00, 0x01,
    0x04, 0x44, 0x80, 0x00, 0x00, 0x80, 0x8B, 0x00, 0x04, 0x04, 0x00, 0x02, 0x00, 0x04, 0x85, 0x00, 0x09, 0x03, 0x00, 0x00, 0x10, 0x20, 0x00, 0x02,
    0x00, 0x02, 0xC4, 0x86, 0x00, 0x00, 0x03, 0x82, 0x00, 0x03, 0x04, 0x04, 0x02, 0x01, 0x81, 0x00, 0x0A, 0x40, 0x00, 0x20, 0x00, 0x04, 0x02, 0x02,
    0x80, 0x00, 0x00, 0x01, 0x81, 0x00, 0x0B, 0x24, 0x20, 0x01, 0x01, 0x08, 0x00, 0x20, 0x00, 0x60, 0x00, 0x00, 0xC0, 0x80, 0x00, 0x02, 0x05, 0x02,
    0x08, 0x81, 0x00, 0x01, 0x18, 0x01, 0x89, 0x00, 0x00, 0x08, 0x80, 0x00, 0x03, 0x40, 0x08, 0x10, 0x40, 0x81, 0x00, 0x03, 0x51, 0x00, 0x08, 0x03,
    0x80, 0x00, 0x01, 0xC0, 0x40, 0x86, 0x00, 0x01, 0x08, 0x08, 0x80, 0x00, 0x00, 0x04, 0x87, 0x00, 0x01, 0x15, 0x02, 0xA1, 0x00, 0x02, 0x07, 0x27,
    0x20, 0x82, 0x00, 0x05, 0x18, 0x10, 0x00, 0x00, 0x01, 0x01, 0x87, 0x00, 0x02, 0x60, 0x00, 0x0C, 0x84, 0x00, 0x02, 0x20, 0x50, 0x20, 0x80, 0x00,
    0x00, 0x03, 0x82, 0x00, 0x00, 0x80, 0x81, 0x00, 0x00, 0x20, 0x85, 0x00, 0x01, 0x02, 0x08, 0x81, 0x00, 0x00, 0x01, 0x80, 0x00, 0x00, 0x06, 0x01,
    0xA0, 0x00, 0x01, 0x20, 0x20, 0x83, 0x00, 0x00, 0x05, 0x80, 0x00, 0x01, 0x20, 0x80, 0x8C, 0x00, 0x01, 0x04, 0x01, 0x86, 0x00, 0x05, 0x80, 0x00,
    0x40, 0x80, 0x00, 0x20, 0x83, 0x00, 0x00, 0x01, 0xA1, 0x00, 0x00, 0x04, 0x89, 0x00, 0x07, 0x04, 0x04, 0x00, 0x00, 0x08, 0x02, 0x02, 0xC0, 0x98,
    0x00, 0x07, 0x80, 0x00, 0x20, 0x46, 0x00, 0x20, 0x00, 0x01, 0x92, 0x00, 0x04, 0x10, 0x00, 0x00, 0x20, 0x8C, 0x87, 0x00, 0x01, 0x80, 0x80, 0x8B,
    0x00, 0x00, 0x30, 0x80, 0x00, 0x00, 0x0C, 0x80, 0x00, 0x00, 0x80, 0x91, 0x00, 0x0E, 0x10, 0x00, 0x16, 0x02, 0x00, 0x00, 0x20, 0x00, 0x00, 0x02,
    0x00, 0x00, 0x80, 0x20, 0xC0, 0x8E, 0x00, 0x04, 0x30, 0x00, 0x00, 0x20, 0x20, 0x84, 0x00, 0x00, 0x20, 0x85, 0x00, 0x02, 0x80, 0x10, 0x04, 0x81,
    0x00, 0x00, 0x40, 0x86, 0x00, 0x00, 0x80, 0x82, 0x00, 0x02, 0x14, 0x40, 0x20, 0x91, 0x00, 0x00, 0x80, 0x81, 0x00, 0x01, 0x04, 0x04, 0x83, 0x00,
    0x0A, 0x03, 0x30, 0x40, 0x00, 0x80, 0x00, 0x00, 0x82, 0x02, 0x20, 0x20, 0x84, 0x00, 0x05, 0xC0, 0x00, 0x08, 0x00, 0x00, 0x10, 0x99, 0x00, 0x00,
    0x18, 0x8D, 0x00, 0x00, 0x40, 0x83, 0x00, 0x01, 0x40, 0x08, 0x8D, 0x00, 0x01, 0x04, 0x04, 0x89, 0x00, 0x01, 0x20, 0x20, 0x84, 0x00, 0x03, 0x08,
    0x00, 0x00, 0x40, 0x86, 0x00, 0x05, 0x04, 0x00, 0x00, 0x08, 0x00, 0x04, 0x80, 0x00, 0x01, 0xA1, 0x00, 0x01, 0x02, 0x02, 0x81, 0x00, 0x04, 0x01,
    0x00, 0x08, 0x08, 0x10, 0x82, 0x00, 0x00, 0x80, 0x80, 0x00, 0x04, 0x04, 0x00, 0x00, 0x02, 0x02, 0x85, 0x00, 0x04, 0x04, 0x02, 0x00, 0x00, 0x01,
    0x82, 0x00, 0x04, 0x20, 0x00, 0x10, 0x02, 0x02, 0xAE, 0x00, 0x01, 0x20, 0x10, 0x83, 0x00, 0x02, 0x20, 0x00, 0x10, 0x9A, 0x00, 0x03, 0x80, 0x00,
    0x00, 0x10, 0x80, 0x00, 0x00, 0x01, 0x90, 0x00, 0x00, 0x30, 0x80, 0x00, 0x00, 0x01, 0x95, 0x00, 0x00, 0x80, 0x8A, 0x00, 0x07, 0x10, 0x00, 0x08,
    0x08, 0x00, 0x00, 0x20, 0x40, 0x86, 0x00, 0x02, 0x08, 0x00, 0x20, 0x83, 0x00, 0x00, 0x01, 0x81, 0x00, 0x02, 0x08, 0x34, 0x20, 0x91, 0x00, 0x02,
    0x08, 0x08, 0x01, 0x81, 0x00, 0x0A, 0x20, 0x40, 0x00, 0x10, 0x00, 0x00, 0x08, 0x04, 0x00, 0x40, 0x40, 0x82, 0x00, 0x04, 0x08, 0x08, 0x40, 0x00,
    0x04, 0x80, 0x00, 0x10, 0x40, 0x00, 0x80, 0x40, 0x00, 0x00, 0x01, 0x02, 0x02, 0x00, 0x10, 0x40, 0x00, 0x00, 0xC0, 0x08, 0x08, 0x86, 0x00, 0x04,
    0x18, 0x00, 0x01, 0x00, 0x08, 0x86, 0x00, 0x00, 0x20, 0x81, 0x00, 0x01, 0x90, 0x10, 0x80, 0x00, 0x00, 0x40, 0x85, 0x00, 0x0A, 0x0C, 0x00, 0x00,
    0x40, 0x40, 0x38, 0x10, 0x10, 0x20, 0x02, 0x07, 0x87, 0x00, 0x00, 0x18, 0x8B, 0x00, 0x06, 0x03, 0x00, 0x10, 0x10, 0x00, 0x40, 0x80, 0x88, 0x00,
    0x02, 0x18, 0x08, 0x40, 0x80, 0x00, 0x03, 0x80, 0xA0, 0x04, 0x04, 0xA0, 0x00, 0x05, 0x80, 0x20, 0x10, 0x06, 0x00, 0x90, 0x8A, 0x00, 0x06, 0x04,
    0x00, 0x02, 0x00, 0x02, 0xC0, 0x00, 0x01, 0xA0, 0x00, 0x01, 0x60, 0x06, 0x87, 0x00, 0x02, 0x40, 0x00, 0xC0, 0x80, 0x00, 0x02, 0x81, 0x02, 0x04,
    0x82, 0x00, 0x0B, 0x20, 0x00, 0x10, 0x00, 0x00, 0x02, 0x20, 0x20, 0x00, 0x00, 0x01, 0x02, 0x82, 0x00, 0x06, 0x40, 0x00, 0x10, 0x00, 0x08, 0x04,
    0x01, 0x80, 0x00, 0x01, 0x0C, 0xC0, 0xAF, 0x00, 0x02, 0x10, 0x00, 0x20, 0x81, 0x00, 0x04, 0x04, 0x04, 0x00, 0x00, 0x60, 0x88, 0x00, 0x00, 0x66,
    0x87, 0x00, 0x00, 0x40, 0x82, 0x00, 0x05, 0x18, 0x19, 0x18, 0x08, 0x80, 0x80, 0x82, 0x00, 0x00, 0x80, 0x82, 0x00, 0x08, 0x02, 0x03, 0x33, 0x03,
    0x00, 0x00, 0x60, 0x00, 0x40, 0x88, 0x00, 0x00, 0xCC, 0x8F, 0x00, 0x01, 0x04, 0x04, 0x83, 0x00, 0x00, 0x20, 0x8A, 0x00, 0x02, 0x60, 0x00, 0x04,
    0x82, 0x00, 0x03, 0x02, 0x0A, 0x00, 0x80, 0x86, 0x00, 0x00, 0x08, 0x89, 0x00, 0x00, 0x06, 0x80, 0x00, 0x15, 0x50, 0x64, 0x62, 0x00, 0x01, 0x00,
    0x00, 0x60, 0x40, 0x00, 0x00, 0x20, 0x08, 0x90, 0x80, 0x00, 0x00, 0x20, 0x08, 0x00, 0x00, 0x01, 0x80, 0x00, 0x07, 0x80, 0x80, 0x00, 0x00, 0x04,
    0x08, 0x10, 0x20, 0x83, 0x00, 0x80, 0x80, 0x01, 0x00, 0x80, 0x81, 0x00, 0x00, 0x0C, 0x89, 0x00, 0x05, 0x10, 0x00, 0x20, 0x40, 0x08, 0x04, 0x82,
    0x00, 0x00, 0x20, 0x8B, 0x00, 0x00, 0x60, 0x8E, 0x00, 0x04, 0x10, 0x00, 0x20, 0x80, 0x80, 0x87, 0x00, 0x00, 0x10, 0x96, 0x00, 0x00, 0x90, 0x82,
    0x00, 0x02, 0x80, 0x23, 0x03, 0x88, 0x00, 0x00, 0x81, 0x82, 0x01, 0x8A, 0x00, 0x00, 0x30, 0x86, 0x00, 0x01, 0x08, 0x10, 0x84, 0x00, 0x05, 0x80,
    0x00, 0x00, 0x08, 0x04, 0x08, 0x83, 0x00, 0x01, 0x90, 0x00, 0x02, 0x04, 0x0A, 0x04, 0x92, 0x00, 0x02, 0x02, 0x02, 0x10, 0x81, 0x00, 0x00, 0x40,
    0x80, 0x00, 0x01, 0x80, 0x01, 0x81, 0x00, 0x00, 0x08, 0x81, 0x00, 0x00, 0x02, 0x87, 0x00, 0x00, 0x80, 0x80, 0x00, 0x04, 0x40, 0x28, 0x10, 0x01,
    0x02, 0xB6, 0x00, 0x00, 0x08, 0x85, 0x00, 0x01, 0x40, 0x40, 0x8F, 0x00, 0x08, 0x80, 0x40, 0x00, 0x00, 0x10, 0x20, 0x00, 0x00, 0x08, 0x80, 0x00,
    0x00, 0x10, 0x8A, 0x00, 0x08, 0x01, 0x20, 0x00, 0x00, 0x02, 0x40, 0x00, 0x00, 0x01, 0xA0, 0x00, 0x02, 0x80, 0x40, 0x40, 0x8C, 0x00, 0x00, 0x03,
    0x82, 0x00, 0x03, 0x08, 0x04, 0x00, 0x02, 0x82, 0x00, 0x00, 0x02, 0x80, 0x00, 0x00, 0x14, 0x8B, 0x00, 0x06, 0x20, 0x40, 0x00, 0x08, 0x10, 0x01,
    0x62, 0x80, 0x60, 0x89, 0x00, 0x00, 0x08, 0x81, 0x00, 0x00, 0x02, 0x81, 0x00, 0x01, 0x10, 0x20, 0x80, 0x00, 0x08, 0x40, 0x00, 0x00, 0x80, 0x80,
    0x01, 0x08, 0x28, 0x20, 0x97, 0x00, 0x03, 0x40, 0x00, 0x00, 0x20, 0x80, 0x00, 0x09, 0x08, 0x00, 0x00, 0x80, 0x00, 0x00, 0x80, 0x00, 0x00, 0x80,
    0x88, 0x00, 0x03, 0x40, 0x00, 0x00, 0x04, 0x80, 0x00, 0x01, 0x08, 0x04, 0x80, 0x00, 0x00, 0x10, 0x8E, 0x00, 0x01, 0x02, 0x02, 0x8D, 0x00, 0x02,
    0x20, 0x00, 0x80, 0x81, 0x00, 0x01, 0x90, 0x10, 0x88, 0x00, 0x07, 0x01, 0x80, 0x80, 0x00, 0x20, 0x10, 0x00, 0x06, 0x90, 0x00, 0x04, 0x40, 0x20,
    0x00, 0x00, 0x08, 0x88, 0x00, 0x00, 0x08, 0x84, 0x00, 0x01, 0xAA, 0x00, 0x03, 0x04, 0x28, 0x10, 0x60, 0x84, 0x00, 0x04, 0x08, 0x28, 0x20, 0x01,
    0x01, 0x80, 0x00, 0x01, 0x08, 0x08, 0x80, 0x00, 0x0D, 0x10, 0x00, 0x04, 0x00, 0x00, 0x01, 0x00, 0x00, 0x80, 0x00, 0x80, 0x00, 0x00, 0x04, 0xBE,
    0x00, 0x00, 0x0C, 0x95, 0x00, 0x0B, 0x20, 0x00, 0x20, 0x00, 0x00, 0x18, 0x10, 0x00, 0x00, 0x01, 0x00, 0x18, 0x86, 0x00, 0x0C, 0x80, 0x80, 0x03,
    0x00, 0x10, 0x00, 0x00, 0x01, 0x03, 0x00, 0xC0, 0x00, 0x80, 0x96, 0x00, 0x01, 0x10, 0x10, 0x83, 0x00, 0x04, 0x40, 0x04, 0x04, 0x00, 0x40, 0x94,
    0x00, 0x00, 0x80, 0x85, 0x00, 0x00, 0x08, 0x91, 0x00, 0x00, 0x04, 0x84, 0x00, 0x0A, 0x30, 0x00, 0x00, 0x04, 0x00, 0x01, 0x00, 0x00, 0x20, 0x02,
    0x02, 0x80, 0x00, 0x04, 0x10, 0x10, 0x00, 0x02, 0x02, 0x81, 0x00, 0x06, 0x80, 0x00, 0x00, 0x80, 0x01, 0x02, 0x04, 0x8E, 0x00, 0x00, 0x80, 0x80,
    0x00, 0x0B, 0x04, 0x50, 0x80, 0x00, 0x04, 0x00, 0x28, 0x10, 0x00, 0x00, 0x06, 0x02, 0x82, 0x00, 0x00, 0x40, 0x81, 0x00, 0x02, 0x40, 0x00, 0x06,
    0x8C, 0x00, 0x08, 0x08, 0x04, 0x04, 0x00, 0x01, 0x08, 0x00, 0x20, 0x08, 0xA1, 0x00, 0x00, 0x20, 0x81, 0x00, 0x01, 0x40, 0x48, 0x88, 0x00, 0x00,
    0x01, 0x83, 0x00, 0x00, 0x01, 0x8A, 0x00, 0x00, 0x01, 0x87, 0x00, 0x00, 0x40, 0x81, 0x00, 0x04, 0x10, 0x10, 0x40, 0x00, 0x40, 0x86, 0x00, 0x00,
    0x0C, 0x01, 0xA1, 0x00, 0x00, 0x0C, 0x84, 0x00, 0x00, 0x05, 0x82, 0x00, 0x00, 0x80, 0x81, 0x00, 0x01, 0x80, 0x02, 0x88, 0x00, 0x07, 0x10, 0x00,
    0x08, 0x00, 0x01, 0x00, 0x00, 0x01, 0x84, 0x00, 0x02, 0x0A, 0x00, 0x01, 0x80, 0x00, 0x00, 0x60, 0xC6, 0x00, 0x00, 0xC0, 0x8A, 0x00, 0x00, 0x08,
    0x82, 0x00, 0x02, 0x01, 0x00, 0x18, 0x86, 0x00, 0x02, 0x03, 0x00, 0x30, 0x81, 0x00, 0x01, 0x20, 0x02, 0xA2, 0x00, 0x02, 0x20, 0x10, 0x90, 0x9A,
    0x00, 0x01, 0x04, 0x80, 0x84, 0x00, 0x00, 0x8C, 0x89, 0x00, 0x02, 0x10, 0x00, 0x0A, 0x84, 0x00, 0x07, 0x10, 0x00, 0x00, 0x10, 0x00, 0x02, 0x00,
    0x01, 0x84, 0x00, 0x00, 0x20, 0x80, 0x00, 0x07, 0x08, 0x00, 0x00, 0x40, 0x00, 0x40, 0x00, 0x80, 0x81, 0x00, 0x02, 0x14, 0x40, 0x40, 0x80, 0x00,
    0x02, 0x40, 0x20, 0x06, 0x8A, 0x00, 0x02, 0x0C, 0x08, 0x0C, 0x81, 0x00, 0x06, 0x0C, 0x00, 0x01, 0x04, 0x00, 0x20, 0x04, 0x84, 0x00, 0x00, 0x80,
    0x8A, 0x00, 0x01, 0x02, 0x01, 0x85, 0x00, 0x01, 0x02, 0x08, 0x82, 0x00, 0x00, 0x01, 0x8A, 0x00, 0x06, 0x06, 0x00, 0x10, 0x20, 0x00, 0x80, 0x80,
    0x86, 0x00, 0x02, 0x07, 0x47, 0x40, 0x80, 0x00, 0x07, 0x80, 0x20, 0x00, 0x08, 0x00, 0x00, 0x01, 0x01, 0x82, 0x00, 0x00, 0x01, 0x85, 0x00, 0x01,
    0x02, 0x02, 0x8E, 0x00, 0x00, 0x40, 0x82, 0x00, 0x00, 0x80, 0x83, 0x00, 0x02, 0x20, 0x00, 0x30, 0x81, 0x00, 0x00, 0x04, 0x81, 0x00, 0x01, 0x9B,
    0x00, 0x00, 0x80, 0x81, 0x00, 0x00, 0xC0, 0x84, 0x00, 0x06, 0x01, 0x00, 0x02, 0x00, 0x20, 0x00, 0x20, 0x83, 0x00, 0x05, 0x80, 0x80, 0x00, 0x00,
    0x04, 0x04, 0x82, 0x00, 0x10, 0x81, 0x00, 0x08, 0x00, 0x02, 0x00, 0x02, 0x00, 0x00, 0x01, 0x00, 0x00, 0x40, 0x20, 0x10, 0x08, 0x01, 0x81, 0x00,
    0x00, 0x06, 0xAE, 0x00, 0x01, 0x04, 0xC4, 0x80, 0x00, 0x01, 0x02, 0x02, 0x89, 0x00, 0x02, 0x01, 0x02, 0x01, 0x80, 0x00, 0x00, 0x0C, 0x85, 0x00,
    0x05, 0x80, 0x40, 0x10, 0x03, 0x00, 0x10, 0x83, 0x00, 0x01, 0x01, 0x20, 0x86, 0x00, 0x01, 0x20, 0x30, 0x83, 0x00, 0x03, 0x81, 0x00, 0x98, 0x01,
    0x87, 0x00, 0x00, 0x66, 0x99, 0x00, 0x01, 0x08, 0x10, 0x8A, 0x00, 0x05, 0x04, 0x00, 0x00, 0x40, 0x00, 0x10, 0x81, 0x00, 0x00, 0x02, 0x81, 0x00,
    0x02, 0x01, 0x03, 0x01, 0x8A, 0x00, 0x00, 0x0C, 0x80, 0x00, 0x03, 0x20, 0x30, 0x02, 0x01, 0x81, 0x00, 0x09, 0x10, 0x20, 0x00, 0x08, 0x00, 0x08,
    0x00, 0x02, 0x80, 0x90, 0x82, 0x00, 0x02, 0x04, 0x04, 0x20, 0x82, 0x00, 0x01, 0x20, 0x80, 0x83, 0x00, 0x02, 0x08, 0x00, 0x10, 0x8D, 0x00, 0x08,
    0x08, 0x04, 0x00, 0x20, 0x00, 0x04, 0x00, 0x00, 0x90, 0x81, 0x00, 0x00, 0x08, 0x80, 0x00, 0x00, 0x10, 0x85, 0x00, 0x00, 0x40, 0x8A, 0x00, 0x01,
    0x40, 0x02, 0x85, 0x00, 0x01, 0x81, 0x04, 0x95, 0x00, 0x00, 0x80, 0x86, 0x00, 0x01, 0x08, 0x88, 0x83, 0x00, 0x00, 0x04, 0x86, 0x00, 0x00, 0x01,
    0x82, 0x00, 0x02, 0x03, 0x03, 0x02, 0x86, 0x00, 0x00, 0x20, 0x89, 0x00, 0x04, 0x11, 0x01, 0x01, 0x00, 0x08, 0x84, 0x00, 0x01, 0x04, 0x80, 0x80,
    0x00, 0x05, 0x02, 0x00, 0x02, 0x00, 0x80, 0x00, 0x01, 0x82, 0x00, 0x00, 0x20, 0xA4, 0x00, 0x01, 0x08, 0x10, 0x81, 0x00, 0x03, 0xC0, 0x00, 0x00,
    0x01, 0x80, 0x00, 0x08, 0x80, 0x80, 0x00, 0x10, 0x10, 0x00, 0x00, 0x04, 0x85, 0x80, 0x00, 0x03, 0x04, 0x00, 0x04, 0x01, 0x80, 0x00, 0x00, 0x01,
    0x80, 0x00, 0x07, 0x01, 0x01, 0x04, 0x04, 0x00, 0x00, 0x02, 0x02, 0x9F, 0x00, 0x02, 0x04, 0x0A, 0x04, 0x8A, 0x00, 0x04, 0x06, 0x08, 0x00, 0x00,
    0x20, 0x9D, 0x00, 0x00, 0x18, 0x85, 0x00, 0x01, 0x01, 0x28, 0x83, 0x00, 0x02, 0x20, 0x22, 0x10, 0x82, 0x00, 0x03, 0x60, 0x00, 0x00, 0x03, 0x95,
    0x00, 0x00, 0xC0, 0x84, 0x00, 0x01, 0x04, 0x04, 0x82, 0x00, 0x00, 0x80, 0x82, 0x00, 0x01, 0x40, 0x40, 0x85, 0x00, 0x05, 0x10, 0x00, 0x18, 0x40,
    0x20, 0x40, 0x86, 0x00, 0x04, 0x01, 0x02, 0x00, 0x00, 0x04, 0x89, 0x00, 0x07, 0x08, 0x08, 0xC0, 0x00, 0x04, 0x04, 0x30, 0x30, 0x80, 0x00, 0x12,
    0x30, 0x20, 0x00, 0x00, 0x10, 0x04, 0xC0, 0x04, 0x00, 0x40, 0x00, 0x14, 0x04, 0x00, 0x00, 0x01, 0x01, 0x40, 0x40, 0x81, 0x00, 0x04, 0x10, 0x00,
    0x40, 0x00, 0x80, 0x80, 0x00, 0x04, 0x01, 0x02, 0x20, 0x80, 0x80, 0x8E, 0x00, 0x00, 0x08, 0x81, 0x00, 0x02, 0x80, 0x00, 0x80, 0x81, 0x00, 0x04,
    0x01, 0x00, 0x08, 0x03, 0x04, 0x81, 0x00, 0x00, 0x20, 0x82, 0x00, 0x00, 0xC0, 0x80, 0x00, 0x00, 0x06, 0x83, 0x00, 0x02, 0x04, 0x10, 0x28, 0x87,
    0x00, 0x01, 0x10, 0x10, 0x9C, 0x00, 0x02, 0x10, 0x10, 0x80, 0x81, 0x00, 0x02, 0x80, 0x20, 0x04, 0x89, 0x00, 0x07, 0x03, 0x83, 0x40, 0x00, 0x10,
    0x10, 0x00, 0x03, 0x88, 0x00, 0x00, 0x18, 0x83, 0x00, 0x04, 0x80, 0x00, 0x20, 0x00, 0x01, 0x85, 0x00, 0x01, 0x01, 0x02, 0x83, 0x00, 0x02, 0x01,
    0x00, 0x00, 0x01, 0xA2, 0x00, 0x00, 0x01, 0x83, 0x00, 0x0D, 0x02, 0x00, 0x04, 0x00, 0x10, 0x40, 0x00, 0x00, 0x40, 0x00, 0x00, 0x02, 0x01, 0x04,
    0x81, 0x00, 0x01, 0x40, 0x40, 0x8B, 0x00, 0x0B, 0x81, 0x01, 0x81, 0x40, 0x20, 0x10, 0x00, 0x02, 0x00, 0x00, 0x20, 0x20, 0xAE, 0x00, 0x03, 0x20,
    0xC0, 0x00, 0x40, 0x82, 0x00, 0x01, 0x08, 0x08, 0x8A, 0x00, 0x01, 0x80, 0x80, 0x82, 0x00, 0x04, 0x80, 0x40, 0x20, 0x00, 0x20, 0x8B, 0x00, 0x01,
    0x40, 0x40, 0x86, 0x00, 0x03, 0x40, 0x00, 0x00, 0x40, 0x96, 0x00, 0x01, 0x40, 0x40, 0x85, 0x00, 0x04, 0x80, 0x00, 0x40, 0x04, 0x04, 0x84, 0x00,
    0x00, 0xC0, 0x83, 0x00, 0x03, 0x30, 0x00, 0x00, 0x20, 0x85, 0x00, 0x02, 0x01, 0x00, 0x10, 0x82, 0x00, 0x01, 0x02, 0x01, 0x8C, 0x00, 0x04, 0x08,
    0x00, 0x01, 0x00, 0x00, 0x80, 0x30, 0x87, 0x00, 0x00, 0x40, 0x83, 0x00, 0x05, 0x80, 0x80, 0x00, 0x04, 0x10, 0x28, 0x83, 0x00, 0x05, 0x01, 0x00,
    0x04, 0x00, 0x08, 0x20, 0x82, 0x00, 0x00, 0x30, 0x86, 0x00, 0x00, 0xC0, 0x82, 0x00, 0x00, 0x40, 0x85, 0x00, 0x04, 0x08, 0x10, 0x00, 0x00, 0x03,
    0x80, 0x00, 0x01, 0x60, 0x40, 0x90, 0x00, 0x04, 0x10, 0x00, 0x00, 0x04, 0x02, 0x82, 0x00, 0x00, 0x30, 0x8D, 0x00, 0x01, 0x04, 0x04, 0x8B, 0x00,
    0x01, 0x20, 0x20, 0x81, 0x00, 0x03, 0x40, 0x50, 0x03, 0x03, 0x84, 0x00, 0x00, 0x01, 0x80, 0x00, 0x00, 0x03, 0x80, 0x00, 0x02, 0x01, 0x00, 0x18,
    0x90, 0x00, 0x01, 0x80, 0x21, 0x80, 0x00, 0x00, 0x80, 0x81, 0x00, 0x00, 0x20, 0x85, 0x00, 0x01, 0x04, 0x01, 0x80, 0x00, 0x00, 0x18, 0x01, 0xA0,
    0x00, 0x01, 0x80, 0x18, 0x85, 0x00, 0x02, 0x05, 0x00, 0x08, 0x86, 0x00, 0x11, 0x10, 0x90, 0x00, 0x00, 0x02, 0x00, 0x00, 0x20, 0x00, 0x00, 0x02,
    0x40, 0x00, 0x00, 0x08, 0x00, 0x00, 0x03, 0x86, 0x00, 0x04, 0x0A, 0x01, 0x00, 0x03, 0x30, 0xA7, 0x00, 0x04, 0x80, 0x00, 0x00, 0x10, 0x10, 0x8D,
    0x00, 0x00, 0xC0, 0x87, 0x00, 0x01, 0x19, 0x80, 0x85, 0x00, 0x02, 0x10, 0x00, 0x08, 0x85, 0x00, 0x04, 0x40, 0x00, 0x01, 0x00, 0x80, 0x82, 0x00,
    0x00, 0x30, 0x87, 0x00, 0x02, 0x02, 0x00, 0x01, 0x86, 0x00, 0x00, 0x33, 0x8C, 0x00, 0x01, 0x10, 0x08, 0x82, 0x00, 0x03, 0x20, 0x10, 0x00, 0x20,
    0x8C, 0x00, 0x13, 0x01, 0x00, 0x00, 0x04, 0x00, 0x08, 0x84, 0x00, 0x01, 0x00, 0x80, 0x00, 0x00, 0x01, 0x01, 0x00, 0x80, 0x00, 0x00, 0x02, 0x8A,
    0x00, 0x04, 0x01, 0x18, 0x00, 0x10, 0x0A, 0x86, 0x00, 0x03, 0x18, 0x00, 0x40, 0x42, 0x80, 0x00, 0x00, 0x08, 0x82, 0x00, 0x08, 0x08, 0x00, 0x00,
    0x01, 0x01, 0x00, 0x00, 0x40, 0x80, 0x82, 0x00, 0x03, 0x02, 0x00, 0x14, 0x40, 0x84, 0x00, 0x00, 0x03, 0x88, 0x00, 0x02, 0x10, 0x00, 0xA0, 0x8C,
    0x00, 0x08, 0x80, 0x20, 0x00, 0x00, 0x20, 0x00, 0x00, 0x04, 0x08, 0x83, 0x00, 0x05, 0x20, 0x40, 0x00, 0x00, 0x01, 0x20, 0x84, 0x00, 0x03, 0x11,
    0x08, 0x04, 0x02, 0x90, 0x00, 0x02, 0x0C, 0x00, 0x60, 0x89, 0x00, 0x00, 0x40, 0x81, 0x00, 0x03, 0x80, 0x00, 0x00, 0x10, 0x88, 0x00, 0x00, 0x03,
    0x82, 0x00, 0x00, 0x01, 0x8C, 0x00, 0x00, 0x80, 0x83, 0x00, 0x00, 0x40, 0x85, 0x00, 0x00, 0x40, 0x83, 0x00, 0x00, 0x02, 0x83, 0x00, 0x01, 0xA9,
    0x00, 0x02, 0x01, 0x00, 0x08, 0x82, 0x00, 0x00, 0x80, 0x80, 0x00, 0x00, 0x04, 0x85, 0x00, 0x07, 0x10, 0x02, 0x40, 0x00, 0x20, 0x10, 0x00, 0x02,
    0x84, 0x00, 0x05, 0x40, 0xA0, 0x10, 0x00, 0x03, 0x04, 0x8F, 0x00, 0x00, 0x10, 0x8A, 0x00, 0x00, 0x80, 0x8D, 0x00, 0x00, 0x18, 0x82, 0x00, 0x01,
    0x08, 0x10, 0x99, 0x00, 0x04, 0xA0, 0x40, 0x00, 0x00, 0x10, 0x84, 0x00, 0x02, 0x80, 0x00, 0x40, 0x8B, 0x00, 0x00, 0x20, 0x81, 0x00, 0x00, 0x01,
    0x9F, 0x00, 0x07, 0x80, 0x00, 0x40, 0x00, 0x00, 0x01, 0x02, 0x01, 0x89, 0x00, 0x05, 0x08, 0x00, 0x00, 0x28, 0x00, 0x20, 0x88, 0x00, 0x00, 0x10,
    0x8D, 0x00, 0x04, 0x80, 0x04, 0x18, 0x00, 0x01, 0x86, 0x00, 0x07, 0x08, 0x00, 0x01, 0x00, 0x20, 0x20, 0x08, 0x01, 0x85, 0x00, 0x05, 0x04, 0x00,
    0x20, 0x40, 0x00, 0x80, 0x81, 0x00, 0x03, 0x02, 0x00, 0x90, 0x40, 0x80, 0x00, 0x00, 0x80, 0x8B, 0x00, 0x0B, 0x08, 0x40, 0x00, 0x00, 0x80, 0x00,
    0x08, 0x00, 0x20, 0x00, 0x00, 0x10, 0x82, 0x00, 0x00, 0x40, 0x81, 0x00, 0x03, 0x40, 0x00, 0x00, 0x40, 0x88, 0x00, 0x01, 0x44, 0x28, 0x99, 0x00,
    0x00, 0x01, 0x80, 0x00, 0x01, 0x40, 0x40, 0x87, 0x00, 0x02, 0x02, 0x00, 0x40, 0x81, 0x00, 0x02, 0x20, 0x08, 0x08, 0x84, 0x00, 0x03, 0x01, 0x00,
    0x00, 0x03, 0x82, 0x00, 0x04, 0x04, 0x02, 0x00, 0x00, 0x01, 0x91, 0x00, 0x00, 0x10, 0x80, 0x00, 0x08, 0x10, 0x00, 0x00, 0xC0, 0x80, 0x00, 0x00,
    0x80, 0x04, 0x86, 0x00, 0x01, 0xAC, 0x00, 0x03, 0x80, 0x20, 0x00, 0x60, 0x83, 0x00, 0x05, 0x02, 0x00, 0x00, 0x02, 0x00, 0x08, 0x80, 0x00, 0x00,
    0x08, 0x83, 0x00, 0x02, 0x04, 0x00, 0x02, 0x80, 0x00, 0x05, 0x80, 0x00, 0x00, 0x42, 0x2B, 0x04, 0xAB, 0x00, 0x01, 0x80, 0x80, 0x83, 0x00, 0x04,
    0x10, 0x20, 0x20, 0x80, 0xC0, 0x96, 0x00, 0x08, 0x80, 0x40, 0x00, 0x00, 0x20, 0x08, 0x01, 0x00, 0x00, 0x80, 0x0C, 0x00, 0x04, 0x82, 0x00, 0x00,
    0x01, 0x82, 0x00, 0x00, 0x10, 0x82, 0x00, 0x07, 0x04, 0x06, 0x06, 0xC6, 0x00, 0x80, 0x30, 0x02, 0x9D, 0x00, 0x00, 0x40, 0x84, 0x00, 0x01, 0x10,
    0x10, 0x8A, 0x00, 0x09, 0x40, 0x04, 0x04, 0x00, 0x40, 0x00, 0x00, 0x02, 0x00, 0x01, 0x80, 0x00, 0x07, 0x02, 0x08, 0x04, 0x08, 0x02, 0x00, 0x00,
    0x18, 0x8A, 0x00, 0x02, 0x04, 0x1A, 0x08, 0x83, 0x00, 0x02, 0x08, 0x00, 0x04, 0x83, 0x00, 0x00, 0x02, 0x80, 0x00, 0x05, 0x02, 0x00, 0x08, 0x00,
    0x00, 0x08, 0x88, 0x00, 0x00, 0x20, 0x82, 0x00, 0x01, 0x80, 0x80, 0x89, 0x00, 0x00, 0x06, 0x82, 0x00, 0x04, 0x10, 0x00, 0x10, 0x08, 0x08, 0x83,
    0x00, 0x03, 0x80, 0x00, 0x00, 0x40, 0x80, 0x00, 0x02, 0x20, 0x00, 0x80, 0x88, 0x00, 0x02, 0x20, 0x10, 0x40, 0x82, 0x00, 0x00, 0x08, 0x84, 0x00,
    0x01, 0x02, 0x01, 0x99, 0x00, 0x02, 0x0D, 0x8F, 0x80, 0x81, 0x00, 0x01, 0x80, 0x20, 0x80, 0x00, 0x01, 0x02, 0x01, 0x87, 0x00, 0x02, 0x06, 0x46,
    0x40, 0x92, 0x00, 0x00, 0x01, 0x82, 0x00, 0x00, 0x01, 0x83, 0x00, 0x08, 0x40, 0x00, 0x50, 0x16, 0x02, 0x04, 0x00, 0x00, 0x01, 0x80, 0x00, 0x01,
    0xA1, 0x00, 0x01, 0x30, 0x03, 0x84, 0x00, 0x03, 0x02, 0x02, 0x14, 0x08, 0x81, 0x00, 0x0A, 0xC0, 0x00, 0x01, 0x00, 0x00, 0x08, 0x00, 0x01, 0x01,
    0x00, 0x20, 0x81, 0x00, 0x03, 0x21, 0x00, 0x08, 0x04, 0x80, 0x00, 0x01, 0x01, 0x03, 0x81, 0x00, 0x03, 0x43, 0x21, 0x10, 0x10, 0x80, 0x00, 0x01,
    0x18, 0x80, 0xAE, 0x00, 0x01, 0x02, 0x02, 0x93, 0x00, 0x00, 0x33, 0x83, 0x00, 0x02, 0x80, 0x40, 0x10, 0x81, 0x00, 0x00, 0x04, 0x80, 0x00, 0x03,
    0x08, 0x00, 0x00, 0x80, 0x81, 0x00, 0x00, 0x80, 0x86, 0x00, 0x00, 0x62, 0x80, 0x00, 0x00, 0x04, 0x81, 0x00, 0x00, 0x01, 0x84, 0x00, 0x01, 0x80,
    0x19, 0x91, 0x00, 0x05, 0x04, 0x04, 0x00, 0x00, 0x10, 0x40, 0x9B, 0x00, 0x00, 0x04, 0x8E, 0x00, 0x00, 0x03, 0x80, 0x00, 0x03, 0x01, 0x01, 0x10,
    0x18, 0x81, 0x00, 0x01, 0x18, 0x10, 0x80, 0x00, 0x03, 0x04, 0x02, 0x80, 0x10, 0x83, 0x00, 0x06, 0x10, 0x10, 0x00, 0x02, 0x00, 0x00, 0x10, 0x83,
    0x00, 0x05, 0x02, 0x05, 0x08, 0x08, 0x20, 0x80, 0x82, 0x00, 0x01, 0x18, 0x01, 0x88, 0x00, 0x02, 0x20, 0x08, 0x10, 0x81, 0x00, 0x02, 0x40, 0x00,
    0x80, 0x82, 0x00, 0x03, 0x08, 0x00, 0x00, 0x20, 0x81, 0x00, 0x00, 0x80, 0x80, 0x00, 0x00, 0x80, 0x86, 0x00, 0x02, 0x18, 0x00, 0x01, 0x81, 0x00,
    0x04, 0x02, 0x00, 0x04, 0x10, 0x08, 0x9F, 0x00, 0x01, 0x10, 0x10, 0x83, 0x00, 0x01, 0x04, 0x04, 0x86, 0x00, 0x00, 0x03, 0x80, 0x00, 0x06, 0x06,
    0x00, 0x01, 0x60, 0x00, 0x08, 0x04, 0x89, 0x00, 0x00, 0x0C, 0x84, 0x00, 0x05, 0x0C, 0x00, 0x20, 0x00, 0x00, 0x20, 0x81, 0x00, 0x08, 0x10, 0x02,
    0x20, 0x00, 0x00, 0x04, 0x00, 0x01, 0x02, 0x80, 0x00, 0x00, 0x01, 0x01, 0x81, 0x00, 0x02, 0x20, 0x50, 0x20, 0x99, 0x00, 0x01, 0x20, 0x20, 0x89,
    0x00, 0x05, 0x30, 0x00, 0x20, 0x00, 0x00, 0xC0, 0x80, 0x00, 0x01, 0x40, 0x40, 0x84, 0x00, 0x06, 0x05, 0x00, 0x10, 0x00, 0x00, 0x08, 0x02, 0x80,
    0x00, 0x80, 0x03, 0x00, 0x83, 0x80, 0x00, 0x03, 0x08, 0x08, 0x00, 0x01, 0xB5, 0x00, 0x01, 0x02, 0x02, 0x89, 0x00, 0x00, 0x01, 0x8A, 0x00, 0x05,
    0x20, 0x00, 0x10, 0x00, 0x0C, 0x08, 0x81, 0x00, 0x03, 0x0C, 0x00, 0x00, 0x10, 0x84, 0x00, 0x0D, 0x40, 0x40, 0x01, 0x00, 0x00, 0x66, 0x00, 0x00,
    0x80, 0x00, 0x82, 0x06, 0x00, 0x01, 0x86, 0x00, 0x01, 0x80, 0x80, 0x95, 0x00, 0x02, 0x80, 0x04, 0x04, 0x99, 0x00, 0x02, 0x02, 0x01, 0x60, 0x8E,
    0x00, 0x03, 0x30, 0x00, 0x02, 0x02, 0x80, 0x00, 0x81, 0x18, 0x80, 0x00, 0x06, 0x08, 0x02, 0x00, 0x00, 0x41, 0x80, 0x14, 0x82, 0x00, 0x00, 0x20,
    0x82, 0x00, 0x06, 0x40, 0x80, 0x00, 0x80, 0x00, 0x00, 0x01, 0x80, 0x00, 0x01, 0x40, 0x40, 0x8D, 0x00, 0x00, 0x60, 0x81, 0x00, 0x03, 0x08, 0x00,
    0x10, 0x08, 0x81, 0x00, 0x04, 0x07, 0x02, 0x00, 0x00, 0x04, 0x85, 0x00, 0x01, 0x40, 0x20, 0x8C, 0x00, 0x00, 0x10, 0x84, 0x00, 0x02, 0x12, 0x00,
    0x08, 0x8F, 0x00, 0x01, 0x08, 0x10, 0x89, 0x00, 0x01, 0x20, 0x20, 0x80, 0x00, 0x03, 0x80, 0x40, 0x50, 0x02, 0x84, 0x00, 0x00, 0x01, 0x81, 0x00,
    0x05, 0x04, 0x06, 0x00, 0x00, 0x02, 0x01, 0x93, 0x00, 0x00, 0x40, 0x93, 0x00, 0x00, 0x30, 0x01, 0xA1, 0x00, 0x01, 0x02, 0x02, 0x85, 0x00, 0x02,
    0x01, 0x00, 0x10, 0x84, 0x00, 0x01, 0x02, 0x08, 0x80, 0x00, 0x02, 0x08, 0x00, 0x20, 0x8F, 0x00, 0x04, 0x80, 0x40, 0x06, 0x02, 0x04, 0xBE, 0x00,
    0x01, 0x80, 0x80, 0x8C, 0x00, 0x06, 0x40, 0x20, 0x00, 0x00, 0x18, 0x00, 0x04, 0x84, 0x00, 0x00, 0x04, 0x82, 0x00, 0x00, 0x80, 0x84, 0x00, 0x00,
    0x04, 0x84, 0x00, 0x02, 0x04, 0x00, 0x03, 0x93, 0x00, 0x00, 0x60, 0x86, 0x00, 0x00, 0x40, 0x87, 0x00, 0x01, 0x80, 0x80, 0x82, 0x00, 0x00, 0x18,
    0x85, 0x00, 0x01, 0x02, 0x01, 0x80, 0x00, 0x07, 0x08, 0x00, 0x00, 0x08, 0x10, 0x00, 0x00, 0x01, 0x8B, 0x00, 0x02, 0x04, 0x08, 0x0C, 0x8C, 0x00,
    0x00, 0x40, 0x83, 0x00, 0x05, 0x42, 0x60, 0x00, 0x00, 0x02, 0x28, 0x84, 0x00, 0x02, 0x01, 0x00, 0x10, 0x84, 0x00, 0x02, 0xC0, 0x08, 0x08, 0x8A,
    0x00, 0x04, 0x40, 0x98, 0x08, 0x00, 0x20, 0x81, 0x00, 0x00, 0x01, 0x82, 0x00, 0x00, 0x18, 0x89, 0x00, 0x01, 0x01, 0x02, 0x83, 0x00, 0x00, 0x02,
    0x83, 0x00, 0x04, 0x01, 0x00, 0x01, 0x00, 0x10, 0x8E, 0x00, 0x00, 0x03, 0x81, 0x00, 0x01, 0x40, 0x80, 0x8C, 0x00, 0x03, 0x20, 0x00, 0x11, 0x03,
    0x85, 0x00, 0x00, 0x03, 0x84, 0x00, 0x00, 0x02, 0x94, 0x00, 0x00, 0xA0, 0x80, 0x00, 0x01, 0x20, 0x40, 0x85, 0x00, 0x00, 0x80, 0x85, 0x00, 0x01,
    0xA0, 0x00, 0x01, 0x60, 0x06, 0x85, 0x00, 0x06, 0x01, 0x04, 0x0A, 0x00, 0x00, 0x10, 0x40, 0x80, 0x00, 0x00, 0x40, 0x89, 0x00, 0x06, 0x02, 0x00,
    0x00, 0x10, 0x00, 0x00, 0x06, 0x85, 0x00, 0x06, 0x06, 0x20, 0x10, 0x00, 0x00, 0x0C, 0xC0, 0xAE, 0x00, 0x00, 0x08, 0x86, 0x00, 0x00, 0x18, 0x8A,
    0x00, 0x00, 0x66, 0x81, 0x00, 0x03, 0x80, 0x00, 0x00, 0x10, 0x96, 0x00, 0x00, 0x40, 0x80, 0x00, 0x00, 0x40, 0x84, 0x00, 0x00, 0x01, 0x84, 0x00,
    0x00, 0xCC, 0x89, 0x00, 0x0E, 0x20, 0x20, 0x00, 0x00, 0x08, 0x08, 0x00, 0x00, 0x80, 0x20, 0x10, 0x00, 0x20, 0x80, 0x0C, 0x84, 0x00, 0x00, 0x80,
    0x84, 0x00, 0x02, 0x20, 0x08, 0x20, 0x80, 0x00, 0x02, 0x08, 0x00, 0x04, 0x80, 0x00, 0x00, 0x10, 0x80, 0x00, 0x00, 0x80, 0x8C, 0x00, 0x05, 0x06,
    0x20, 0x20, 0x01, 0x00, 0x0C, 0x85, 0x00, 0x06, 0x0C, 0x00, 0x00, 0x01, 0x00, 0x00, 0x08, 0x83, 0x00, 0x01, 0x80, 0x80, 0x81, 0x00, 0x01, 0x20,
    0x40, 0x80, 0x00, 0x06, 0x01, 0x00, 0x00, 0x0A, 0x04, 0x90, 0x80, 0x84, 0x00, 0x00, 0x0C, 0x85, 0x00, 0x04, 0x20, 0x20, 0x00, 0x00, 0xA0, 0x89,
    0x00, 0x03, 0x11, 0x00, 0x08, 0x08, 0x83, 0x00, 0x02, 0x01, 0x40, 0x18, 0x89, 0x00, 0x02, 0x20, 0x40, 0x20, 0x84, 0x00, 0x00, 0x01, 0x9E, 0x00,
    0x01, 0xC0, 0x40, 0x80, 0x00, 0x01, 0x40, 0x80, 0x8A, 0x00, 0x07, 0x04, 0x02, 0x00, 0x00, 0x80, 0x08, 0x20, 0x20, 0x8C, 0x00, 0x00, 0xC0, 0x80,
    0x00, 0x00, 0x01, 0x80, 0x00, 0x03, 0x40, 0x10, 0x00, 0x40, 0x89, 0x00, 0x00, 0x02, 0x80, 0x00, 0x01, 0x20, 0x20, 0x01, 0x90, 0x00, 0x02, 0x04,
    0x0A, 0x04, 0xA0, 0x00, 0x01, 0x01, 0x04, 0x82, 0x00, 0x00, 0x10, 0x80, 0x00, 0x07, 0x80, 0x40, 0x20, 0x00, 0x04, 0x00, 0x00, 0x04, 0x83, 0x00,
    0x04, 0x46, 0x20, 0x00, 0x00, 0x08, 0xAA, 0x00, 0x00, 0xC0, 0x84, 0x00, 0x02, 0x08, 0x00, 0x20, 0x82, 0x00, 0x05, 0x80, 0x90, 0x90, 0x00, 0x00,
    0x80, 0x8C, 0x00, 0x06, 0x80, 0x40, 0x00, 0x08, 0x00, 0x00, 0x08, 0x83, 0x00, 0x02, 0x80, 0x48, 0x20, 0x89, 0x00, 0x00, 0x02, 0x84, 0x00, 0x03,
    0x02, 0x00, 0x00, 0x02, 0x9D, 0x00, 0x00, 0x40, 0x81, 0x00, 0x02, 0x01, 0x00, 0x30, 0x89, 0x00, 0x01, 0x40, 0x10, 0x80, 0x00, 0x00, 0x06, 0x84,
    0x00, 0x03, 0x08, 0x10, 0x00, 0x01, 0x80, 0x00, 0x00, 0x01, 0x89, 0x00, 0x00, 0x62, 0x80, 0x00, 0x00, 0x0C, 0x83, 0x00, 0x07, 0x04, 0x00, 0x20,
    0x44, 0x00, 0x00, 0x20, 0x20, 0x80, 0x00, 0x00, 0x01, 0x82, 0x00, 0x05, 0x04, 0x10, 0x00, 0x80, 0x00, 0x80, 0x83, 0x00, 0x00, 0x20, 0x91, 0x00,
    0x01, 0x02, 0x42, 0x87, 0x00, 0x04, 0x04, 0x00, 0x00, 0x02, 0x07, 0x81, 0x00, 0x01, 0x30, 0x30, 0x8E, 0x00, 0x03, 0x04, 0x02, 0x00, 0x0C, 0x84,
    0x00, 0x01, 0x44, 0x20, 0x8C, 0x00, 0x01, 0x02, 0x02, 0x8A, 0x00, 0x02, 0x0E, 0x06, 0x80, 0x82, 0x00, 0x01, 0x28, 0x08, 0x85, 0x00, 0x03, 0x03,
    0x00, 0x04, 0x02, 0x80, 0x00, 0x05, 0x0C, 0x00, 0x04, 0x30, 0x00, 0x06, 0x90, 0x00, 0x00, 0x80, 0x82, 0x00, 0x00, 0x80, 0x81, 0x00, 0x06, 0x21,
    0x00, 0x01, 0x00, 0x18, 0x00, 0x01, 0x83, 0x00, 0x01, 0xAB, 0x00, 0x13, 0x02, 0xC0, 0x04, 0x08, 0x00, 0x00, 0x60, 0x00, 0x00, 0x80, 0x01, 0x00,
    0x20, 0x20, 0x00, 0x04, 0x04, 0x00, 0x00, 0x28, 0x84, 0x00, 0x02, 0x08, 0x00, 0x02, 0x82, 0x00, 0x05, 0x86, 0x00, 0x00, 0x10, 0x04, 0x04, 0x8D,
    0x00, 0x02, 0x10, 0x28, 0x10, 0x9A, 0x00, 0x06, 0x08, 0x08, 0x00, 0xC0, 0x00, 0x00, 0x40, 0x9A, 0x00, 0x03, 0x20, 0x00, 0x00, 0x04, 0x89, 0x00,
    0x00, 0x80, 0x82, 0x00, 0x07, 0x80, 0x80, 0x00, 0x00, 0x20, 0x00, 0x00, 0xC0, 0x81, 0x00, 0x01, 0x60, 0x04, 0x9D, 0x00, 0x01, 0x04, 0x04, 0x84,
    0x00, 0x01, 0x20, 0x20, 0x8C, 0x00, 0x00, 0x10, 0x84, 0x00, 0x05, 0x10, 0x10, 0x00, 0x01, 0x02, 0x04, 0x80, 0x00, 0x00, 0x30, 0x88, 0x00, 0x05,
    0x04, 0x04, 0x01, 0x00, 0x00, 0x0C, 0x82, 0x00, 0x05, 0x08, 0x00, 0x02, 0x00, 0x00, 0x80, 0x81, 0x00, 0x04, 0x02, 0x00, 0x00, 0x04, 0x04, 0x81,
    0x00, 0x00, 0x10, 0x83, 0x00, 0x04, 0x02, 0x04, 0x00, 0x08, 0x20, 0x91, 0x00, 0x00, 0x03, 0x86, 0x00, 0x03, 0x08, 0x20, 0x10, 0x08, 0x81, 0x00,
    0x06, 0x40, 0x10, 0x00, 0x00, 0x10, 0x00, 0x80, 0x85, 0x00, 0x00, 0x30, 0x84, 0x00, 0x03, 0x04, 0x02, 0x04, 0x05, 0x96, 0x00, 0x00, 0x30, 0x88,
    0x00, 0x01, 0x11, 0x19, 0x80, 0x00, 0x03, 0x80, 0x80, 0x40, 0x04, 0x80, 0x00, 0x04, 0x02, 0x02, 0x00, 0x00, 0x01, 0x80, 0x00, 0x06, 0x02, 0x00,
    0x00, 0x0C, 0x0C, 0x01, 0x01, 0x8D, 0x00, 0x00, 0x06, 0x83, 0x00, 0x05, 0x02, 0x03, 0x02, 0x00, 0x20, 0x80, 0x84, 0x00, 0x01, 0x40, 0x80, 0x81,
    0x00, 0x00, 0x01, 0x80, 0x00, 0x00, 0x03, 0x01, 0xA0, 0x00, 0x01, 0xC0, 0x0C, 0x87, 0x00, 0x03, 0x05, 0x00, 0x00, 0x20, 0x82, 0x00, 0x01, 0x40,
    0x04, 0x81, 0x00, 0x07, 0x02, 0x00, 0x40, 0x00, 0x14, 0x00, 0x00, 0x01, 0x80, 0x00, 0x0B, 0x04, 0x00, 0x00, 0x06, 0x06, 0x00, 0x06, 0x06, 0x00,
    0x00, 0x80, 0x08, 0x81, 0x00, 0x00, 0x60, 0xAD, 0x00, 0x03, 0x20, 0x40, 0x00, 0x10, 0x80, 0x00, 0x02, 0x06, 0x00, 0x80, 0x8C, 0x00, 0x00, 0xCC,
    0x82, 0x00, 0x05, 0x20, 0x00, 0x00, 0x10, 0x00, 0x08, 0x80, 0x00, 0x00, 0x06, 0x82, 0x00, 0x00, 0x0C, 0x80, 0x00, 0x00, 0x40, 0x84, 0x00, 0x00,
    0x46, 0x82, 0x00, 0x00, 0x8C, 0x80, 0x00, 0x02, 0x02, 0x00, 0x01, 0x85, 0x00, 0x00, 0x66, 0x92, 0x00, 0x06, 0x80, 0x00, 0x10, 0x00, 0x00, 0x08,
    0x08, 0x8B, 0x00, 0x06, 0x10, 0x00, 0x00, 0x80, 0x80, 0x00, 0x20, 0x80, 0x00, 0x00, 0x04, 0x83, 0x00, 0x00, 0x08, 0x8F, 0x00, 0x00, 0x02, 0x80,
    0x00, 0x07, 0x0C, 0x0C, 0x00, 0x0C, 0x0C, 0x00, 0x00, 0x04, 0x80, 0x00, 0x03, 0x90, 0x00, 0x00, 0x05, 0x80, 0x00, 0x00, 0x08, 0x81, 0x00, 0x01,
    0x04, 0x40, 0x85, 0x00, 0x01, 0x14, 0x40, 0x84, 0x00, 0x02, 0x40, 0x20, 0x06, 0x86, 0x00, 0x03, 0x30, 0x00, 0x10, 0x20, 0x80, 0x00, 0x01, 0x20,
    0x10, 0x8C, 0x00, 0x01, 0xA0, 0x40, 0x85, 0x00, 0x01, 0x10, 0x10, 0x84, 0x00, 0x00, 0x08, 0x81, 0x00, 0x03, 0x08, 0x00, 0x00, 0x04, 0x80, 0x00,
    0x00, 0x06, 0x8B, 0x00, 0x06, 0x06, 0x00, 0x20, 0x20, 0x00, 0x80, 0x80, 0x84, 0x00, 0x01, 0x20, 0x20, 0x82, 0x00, 0x02, 0x10, 0x00, 0x04, 0x86,
    0x00, 0x07, 0x04, 0x00, 0x00, 0x0C, 0x00, 0x00, 0x02, 0x02, 0x80, 0x00, 0x01, 0x02, 0x02, 0x8F, 0x00, 0x02, 0x01, 0x00, 0x01, 0x89, 0x00, 0x00,
    0x40, 0x83, 0x00, 0x01, 0x60, 0x00, 0x01, 0xAD, 0x00, 0x05, 0x08, 0x00, 0x00, 0x10, 0x00, 0x60, 0x85, 0x00, 0x00, 0x20, 0x81, 0x00, 0x00, 0x0A,
    0x80, 0x00, 0x01, 0x08, 0x10, 0x82, 0x00, 0x00, 0x06, 0x82, 0x00, 0x04, 0x44, 0x20, 0x10, 0x00, 0x06, 0xAF, 0x00, 0x02, 0x88, 0x22, 0x02, 0x80,
    0x00, 0x01, 0x04, 0x04, 0x91, 0x00, 0x06, 0x80, 0x40, 0x00, 0x10, 0x08, 0x00, 0x0C, 0x80, 0x00, 0x03, 0x06, 0x00, 0x06, 0x06, 0x86, 0x00, 0x00,
    0x80, 0x85, 0x00, 0x04, 0xC0, 0x0C, 0x0C, 0x00, 0x0C, 0x80, 0x00, 0x03, 0x06, 0x00, 0x02, 0x01, 0x98, 0x00, 0x00, 0x40, 0x80, 0x00, 0x00, 0x40,
    0x91, 0x00, 0x06, 0x40, 0x40, 0x80, 0x01, 0x10, 0x00, 0x02, 0x81, 0x00, 0x02, 0x02, 0x00, 0x04, 0x8C, 0x00, 0x04, 0x0C, 0x00, 0x01, 0x00, 0x04,
    0x82, 0x00, 0x00, 0x0C, 0x82, 0x00, 0x01, 0x01, 0x02, 0x80, 0x00, 0x00, 0x0A, 0x89, 0x00, 0x09, 0x80, 0x00, 0x00, 0x01, 0x00, 0x00, 0x02, 0x00,
    0x00, 0x40, 0x92, 0x00, 0x00, 0x10, 0x82, 0x00, 0x01, 0xA0, 0x40, 0x84, 0x00, 0x01, 0x40, 0xA0, 0x82, 0x00, 0x00, 0x10, 0x89, 0x00, 0x02, 0x80,
    0x01, 0x41, 0x80, 0x00, 0x08, 0x10, 0x00, 0x00, 0x04, 0x00, 0x04, 0x00, 0x00, 0x02, 0x94, 0x00, 0x00, 0x80, 0x84, 0x00, 0x00, 0x40, 0x81, 0x00,
    0x03, 0x40, 0x20, 0x00, 0x12, 0x85, 0x00, 0x00, 0x03, 0x84, 0x00, 0x01, 0x04, 0x14, 0x81, 0x00, 0x00, 0x03, 0x8E, 0x00, 0x05, 0x02, 0x00, 0x00,
    0x20, 0x02, 0x10, 0x84, 0x00, 0x05, 0x10, 0x02, 0x20, 0x00, 0x00, 0x02, 0x83, 0x00, 0x01, 0xAB, 0x00, 0x05, 0x01, 0x00, 0x00, 0x10, 0x08, 0x20,
    0x81, 0x00, 0x05, 0x80, 0x00, 0x00, 0x10, 0x00, 0x02, 0x83, 0x00, 0x02, 0x04, 0x00, 0x10, 0x80, 0x00, 0x00, 0x0C, 0x84, 0x00, 0x07, 0x08, 0x4C,
    0x00, 0x10, 0x08, 0x02, 0x22, 0x20, 0x9E, 0x00, 0x02, 0x04, 0x0A, 0x04, 0x8A, 0x00, 0x00, 0x20, 0x94, 0x00, 0x01, 0x80, 0x80, 0x81, 0x00, 0x00,
    0x40, 0x82, 0x00, 0x01, 0x02, 0x06, 0x81, 0x00, 0x00, 0x02, 0x8B, 0x00, 0x09, 0x20, 0x00, 0x00, 0x08, 0x00, 0x80, 0x00, 0x00, 0x0C, 0x08, 0x9A,
    0x00, 0x06, 0x08, 0x08, 0x00, 0x00, 0x10, 0x00, 0x80, 0x8D, 0x00, 0x00, 0x8C, 0x80, 0x00, 0x00, 0x88, 0x9A, 0x00, 0x06, 0x08, 0x08, 0xC2, 0x01,
    0x00, 0x06, 0x02, 0x84, 0x00, 0x00, 0x06, 0x80, 0x00, 0x02, 0x41, 0x40, 0x04, 0x83, 0x00, 0x06, 0x08, 0x00, 0x01, 0x00, 0x20, 0x80, 0x40, 0x81,
    0x00, 0x05, 0x02, 0x01, 0x00, 0x20, 0x90, 0x80, 0x92, 0x00, 0x01, 0x40, 0xA0, 0x8C, 0x00, 0x01, 0x10, 0x20, 0x80, 0x00, 0x03, 0x20, 0x00, 0x00,
    0x30, 0x80, 0x00, 0x00, 0x01, 0x85, 0x00, 0x00, 0x20, 0xA7, 0x00, 0x04, 0x80, 0xC0, 0x00, 0x00, 0x80, 0x80, 0x00, 0x01, 0x01, 0x03, 0x85, 0x00,
    0x03, 0x04, 0x02, 0x00, 0x0C, 0x80, 0x00, 0x04, 0x90, 0x48, 0x00, 0x10, 0x08, 0x8B, 0x00, 0x00, 0x60, 0x83, 0x00, 0x00, 0x40, 0x89, 0x00, 0x02,
    0x01, 0x00, 0x01, 0x84, 0x00, 0x01, 0xA2, 0x00, 0x00, 0x01, 0x86, 0x00, 0x02, 0x02, 0x02, 0x04, 0x84, 0x00, 0x05, 0x02, 0x02, 0x00, 0x00, 0x01,
    0x01, 0x82, 0x00, 0x03, 0x01, 0x22, 0x00, 0x20, 0x87, 0x00, 0x04, 0x84, 0x00, 0x20, 0x50, 0x20, 0xAE, 0x00, 0x02, 0x0C, 0x00, 0x10, 0x80, 0x00,
    0x00, 0x40, 0x94, 0x00, 0x09, 0x80, 0x40, 0x80, 0x00, 0x20, 0x10, 0x04, 0x00, 0x00, 0x04, 0x82, 0x00, 0x04, 0x80, 0x00, 0x80, 0x00, 0x04, 0x86,
    0x00, 0x00, 0x04, 0x86, 0x00, 0x04, 0x04, 0x00, 0x00, 0x04, 0x01, 0x92, 0x00, 0x01, 0x20, 0x20, 0x84, 0x00, 0x01, 0x04, 0x04, 0x92, 0x00, 0x04,
    0x10, 0x10, 0x0C, 0x04, 0x40, 0x82, 0x00, 0x05, 0x01, 0x00, 0x01, 0x00, 0x00, 0x02, 0x8D, 0x00, 0x03, 0x01, 0x00, 0x00, 0x04, 0x89, 0x00, 0x01,
    0x08, 0x10, 0x82, 0x00, 0x06, 0xB0, 0xB0, 0x00, 0x00, 0x08, 0x08, 0x20, 0x83, 0x00, 0x02, 0x04, 0x08, 0x08, 0x86, 0x00, 0x00, 0x30, 0x89, 0x00,
    0x0E, 0x80, 0x00, 0x10, 0x00, 0x00, 0x10, 0x40, 0x00, 0x00, 0x02, 0x00, 0x08, 0x10, 0x20, 0x08, 0x86, 0x00, 0x00, 0x13, 0x8A, 0x00, 0x03, 0x04,
    0x88, 0x20, 0x02, 0x81, 0x00, 0x02, 0x02, 0x00, 0x01, 0x88, 0x00, 0x00, 0x10, 0x84, 0x00, 0x01, 0x04, 0x04, 0x88, 0x00, 0x01, 0x04, 0x04, 0x82,
    0x00, 0x02, 0x40, 0x28, 0x08, 0x83, 0x00, 0x00, 0x01, 0x81, 0x00, 0x00, 0x08, 0x80, 0x00, 0x02, 0x18, 0x00, 0x10, 0x8D, 0x00, 0x00, 0x03, 0x80,
    0x00, 0x00, 0x01, 0x81, 0x00, 0x01, 0x80, 0x40, 0x84, 0x00, 0x05, 0x80, 0x20, 0x00, 0x02, 0x03, 0x02, 0x83, 0x00, 0x00, 0x06, 0x01, 0xA0, 0x00,
    0x01, 0x80, 0x18, 0x8A, 0x00, 0x00, 0x10, 0x80, 0x00, 0x00, 0x20, 0x80, 0x00, 0x00, 0x10, 0x80, 0x00, 0x01, 0x10, 0x10, 0x81, 0x00, 0x07, 0x40,
    0x00, 0x40, 0x00, 0x08, 0x00, 0x00, 0x08, 0x82, 0x00, 0x07, 0x0C, 0x00, 0x00, 0xC0, 0x08, 0x00, 0x03, 0x30, 0xA8, 0x00, 0x01, 0x40, 0x40, 0x84,
    0x00, 0x00, 0x80, 0x81, 0x00, 0x00, 0x80, 0x8D, 0x00, 0x01, 0x19, 0x80, 0x80, 0x00, 0x00, 0x60, 0x80, 0x00, 0x02, 0x08, 0x00, 0x02, 0x83, 0x00,
    0x05, 0x04, 0x40, 0x00, 0x40, 0x00, 0x10, 0x84, 0x00, 0x00, 0x01, 0x80, 0x00, 0x01, 0x80, 0x04, 0x83, 0x00, 0x02, 0x08, 0x00, 0x02, 0x85, 0x00,
    0x00, 0x33, 0x8B, 0x00, 0x00, 0x30, 0x83, 0x00, 0x02, 0x40, 0x00, 0x20, 0x8F, 0x00, 0x06, 0x40, 0x00, 0x00, 0x08, 0x08, 0x00, 0x20, 0x87, 0x00,
    0x00, 0x81, 0x80, 0x00, 0x00, 0x03, 0x87, 0x00, 0x03, 0x01, 0x18, 0x80, 0x82, 0x80, 0x00, 0x00, 0x06, 0x82, 0x00, 0x05, 0x02, 0x00, 0x00, 0x02,
    0x00, 0x20, 0x83, 0x00, 0x06, 0x01, 0x41, 0x40, 0x00, 0x00, 0x01, 0x40, 0x83, 0x00, 0x00, 0x01, 0x80, 0x00, 0x00, 0x20, 0x86, 0x00, 0x00, 0x03,
    0x8B, 0x00, 0x01, 0x30, 0x30, 0x81, 0x00, 0x04, 0x05, 0x02, 0x00, 0x00, 0x04, 0x87, 0x00, 0x01, 0x42, 0x02, 0x89, 0x00, 0x04, 0x20, 0x10, 0x00,
    0x40, 0x01, 0x81, 0x00, 0x00, 0x08, 0x92, 0x00, 0x02, 0x0C, 0x00, 0x60, 0x86, 0x00, 0x01, 0x1B, 0x1B, 0x81, 0x00, 0x02, 0x80, 0x10, 0x04, 0x85,
    0x00, 0x09, 0x02, 0x00, 0x02, 0x00, 0x04, 0x00, 0x00, 0x18, 0x01, 0x01, 0x94, 0x00, 0x06, 0x01, 0x00, 0x18, 0x00, 0x01, 0x00, 0x21, 0x81, 0x00,
    0x00, 0x80, 0x82, 0x00, 0x00, 0x80, 0x84, 0x00, 0x01, 0x91, 0x00, 0x00, 0x04, 0x97, 0x00, 0x01, 0x60, 0x04, 0x80, 0x00, 0x00, 0x10, 0x81, 0x00,
    0x02, 0xC1, 0x01, 0x08, 0x84, 0x00, 0x02, 0x80, 0x00, 0x80, 0x82, 0x00, 0x0A, 0x04, 0x0C, 0x00, 0x00, 0x08, 0x0C, 0x00, 0x00, 0x80, 0x18, 0x20,
    0xAC, 0x00, 0x04, 0x60, 0x00, 0x00, 0x04, 0x04, 0x9A, 0x00, 0x03, 0x80, 0x00, 0x30, 0x08, 0x80, 0x00, 0x00, 0x04, 0x84, 0x00, 0x03, 0x06, 0x20,
    0x00, 0x20, 0x86, 0x00, 0x03, 0x60, 0x00, 0x00, 0x0C, 0x83, 0x00, 0x01, 0xC0, 0x04, 0x80, 0x00, 0x01, 0x02, 0x01, 0x8D, 0x00, 0x00, 0x80, 0x84,
    0x00, 0x0E, 0x0C, 0x80, 0x20, 0x00, 0x10, 0x00, 0x80, 0x00, 0x00, 0x08, 0x08, 0x00, 0x00, 0x20, 0x20, 0x8B, 0x00, 0x00, 0x40, 0x80, 0x00, 0x05,
    0x01, 0x02, 0x01, 0x05, 0x40, 0x40, 0x84, 0x00, 0x00, 0x60, 0x89, 0x00, 0x01, 0x80, 0x03, 0x80, 0x00, 0x05, 0x06, 0x02, 0x00, 0x00, 0x06, 0x04,
    0x80, 0x00, 0x02, 0x80, 0x00, 0x20, 0x86, 0x00, 0x07, 0x02, 0x10, 0x10, 0x00, 0x80, 0x00, 0x00, 0x01, 0x80, 0x00, 0x01, 0x04, 0x40, 0x84, 0x00,
    0x00, 0x80, 0x89, 0x00, 0x02, 0x18, 0x40, 0x01, 0x83, 0x00, 0x03, 0x08, 0x08, 0x00, 0x11, 0x89, 0x00, 0x04, 0xA0, 0x00, 0x00, 0x20, 0x20, 0x84,
    0x00, 0x06, 0x80, 0x80, 0x00, 0x18, 0x00, 0x00, 0x10, 0x83, 0x00, 0x02, 0x04, 0x02, 0x01, 0x8D, 0x00, 0x00, 0x01, 0x80, 0x00, 0x01, 0x40, 0x40,
    0x85, 0x00, 0x01, 0x20, 0x20, 0x81, 0x00, 0x07, 0x20, 0x00, 0x00, 0x04, 0x00, 0x00, 0x02, 0x02, 0x80, 0x00, 0x09, 0x01, 0x04, 0x00, 0x08, 0x00,
    0x00, 0x18, 0x00, 0x06, 0x06, 0x82, 0x00, 0x00, 0x01, 0x88, 0x00, 0x01, 0x20, 0x20, 0x80, 0x00, 0x00, 0x02, 0x89, 0x00, 0x03, 0x40, 0x00, 0x10,
    0x40, 0x80, 0x00, 0x00, 0x01, 0x80, 0x00, 0x01, 0xC0, 0x00, 0x01, 0xA2, 0x00, 0x00, 0x03, 0x86, 0x00, 0x07, 0x01, 0x01, 0x0A, 0x00, 0x00, 0x20,
    0x00, 0x40, 0x85, 0x00, 0x10, 0x08, 0x00, 0x10, 0x08, 0x04, 0x00, 0x00, 0x01, 0x00, 0x00, 0x18, 0x01, 0x00, 0x00, 0x0C, 0x0C, 0x04, 0x80, 0x00,
    0x02, 0x10, 0x00, 0x80, 0xB5, 0x00, 0x00, 0x80, 0x84, 0x00, 0x01, 0x10, 0x20, 0x8C, 0x00, 0x06, 0x20, 0x10, 0x00, 0x00, 0x04, 0x00, 0x06, 0x87,
    0x00, 0x00, 0x10, 0x88, 0x00, 0x04, 0x01, 0x00, 0x40, 0x00, 0x80, 0x83, 0x00, 0x05, 0x0C, 0x00, 0x04, 0x00, 0x00, 0x01, 0x8C, 0x00, 0x01, 0x80,
    0x80, 0x87, 0x00, 0x00, 0x40, 0x86, 0x00, 0x00, 0x60, 0x87, 0x00, 0x01, 0x10, 0x40, 0x81, 0x00, 0x03, 0x01, 0x02, 0x00, 0x01, 0x80, 0x00, 0x04,
    0x80, 0x40, 0x00, 0x00, 0x01, 0x8F, 0x00, 0x00, 0x01, 0x80, 0x00, 0x10, 0x04, 0x06, 0x06, 0x00, 0x00, 0x10, 0x23, 0x00, 0x00, 0x90, 0x00, 0x00,
    0x04, 0x02, 0x01, 0x00, 0x02, 0x8A, 0x00, 0x03, 0x0A, 0x10, 0x90, 0x40, 0x83, 0x00, 0x02, 0x80, 0x80, 0x18, 0x89, 0x00, 0x00, 0x20, 0x83, 0x00,
    0x00, 0x18, 0x82, 0x00, 0x00, 0x01, 0x81, 0x00, 0x04, 0x20, 0x00, 0x08, 0x98, 0x40, 0x86, 0x00, 0x00, 0x18, 0x82, 0x00, 0x04, 0x03, 0x00, 0x80,
    0x00, 0x20, 0x82, 0x00, 0x05, 0x08, 0x4C, 0x48, 0x00, 0x00, 0x0C, 0x98, 0x00, 0x08, 0x40, 0x40, 0x00, 0x00, 0x80, 0x40, 0x00, 0x00, 0x12, 0x88,
    0x00, 0x00, 0x04, 0x81, 0x00, 0x03, 0x28, 0x08, 0x40, 0x40, 0x87, 0x00, 0x00, 0x20, 0x89, 0x00, 0x00, 0x80, 0x85, 0x00, 0x01, 0x40, 0x20, 0x80,
    0x00, 0x00, 0xA0, 0x85, 0x00, 0x01, 0xA1, 0x00, 0x00, 0x30, 0x8A, 0x00, 0x01, 0x04, 0x08, 0x83, 0x00, 0x00, 0x08, 0x86, 0x00, 0x03, 0x02, 0x00,
    0x00, 0x10, 0x87, 0x00, 0x07, 0x18, 0x08, 0x00, 0x00, 0x50, 0x01, 0x18, 0x80, 0xAE, 0x00, 0x03, 0x20, 0x10, 0x22, 0x02, 0x80, 0x00, 0x01, 0x04,
    0x04, 0x8C, 0x00, 0x07, 0x33, 0x00, 0x00, 0x40, 0x00, 0x00, 0x08, 0x10, 0x83, 0x00, 0x00, 0x03, 0x96, 0x00, 0x00, 0x18, 0x83, 0x00, 0x01, 0x01,
    0x02, 0x81, 0x00, 0x01, 0x80, 0x19, 0x8F, 0x00, 0x02, 0x04, 0x04, 0x80, 0x92, 0x00, 0x02, 0x20, 0x80, 0x20, 0x80, 0x00, 0x00, 0x80, 0x82, 0x00,
    0x00, 0x40, 0x80, 0x00, 0x01, 0x08, 0x04, 0x8B, 0x00, 0x06, 0x03, 0x30, 0x01, 0x00, 0x00, 0x02, 0x03, 0x87, 0x00, 0x03, 0x41, 0x40, 0x00, 0x08,
    0x86, 0x00, 0x02, 0x22, 0x00, 0x40, 0x81, 0x00, 0x01, 0x02, 0x04, 0x80, 0x00, 0x00, 0x80, 0x86, 0x00, 0x00, 0x01, 0x89, 0x00, 0x00, 0x40, 0x85,
    0x00, 0x04, 0x04, 0x00, 0x00, 0x02, 0x07, 0x81, 0x00, 0x03, 0x08, 0x10, 0x00, 0x08, 0x81, 0x00, 0x00, 0x60, 0x88, 0x00, 0x01, 0x80, 0x01, 0x85,
    0x00, 0x00, 0xC0, 0x9C, 0x00, 0x01, 0x80, 0x80, 0x82, 0x00, 0x00, 0x20, 0x85, 0x00, 0x0F, 0x02, 0x04, 0x02, 0x08, 0x00, 0x00, 0x18, 0x00, 0x01,
    0x00, 0x10, 0x00, 0x60, 0x00, 0x08, 0x04, 0x89, 0x00, 0x00, 0x30, 0x93, 0x00, 0x00, 0x40, 0x84, 0x00, 0x01, 0xA0, 0x00, 0x01, 0x20, 0x20, 0x8B,
    0x00, 0x04, 0x10, 0x00, 0x10, 0x00, 0x20, 0x83, 0x00, 0x00, 0x08, 0x88, 0x00, 0x00, 0x10, 0x86, 0x00, 0x01, 0x80, 0x70, 0xBC, 0x00, 0x00, 0x40,
    0x8E, 0x00, 0x0C, 0xC0, 0x20, 0x00, 0x00, 0x08, 0x02, 0x00, 0x00, 0x01, 0x03, 0x00, 0x03, 0x01, 0x80, 0x00, 0x02, 0x02, 0x00, 0x08, 0x86, 0x00,
    0x02, 0x02, 0x00, 0x88, 0x80, 0x00, 0x08, 0x10, 0x18, 0x00, 0x18, 0x10, 0x00, 0x00, 0x08, 0x02, 0x83, 0x00, 0x01, 0x80, 0x80, 0x8B, 0x00, 0x01,
    0x10, 0x10, 0x80, 0x00, 0x05, 0x40, 0x10, 0x00, 0x00, 0x04, 0x04, 0x8C, 0x00, 0x01, 0xC4, 0x02, 0x83, 0x00, 0x00, 0x02, 0x82, 0x00, 0x04, 0x80,
    0x04, 0x00, 0x84, 0x40, 0x8F, 0x00, 0x00, 0x01, 0x87, 0x00, 0x00, 0x01, 0x88, 0x00, 0x00, 0x02, 0x85, 0x00, 0x06, 0x01, 0x00, 0x01, 0x00, 0x00,
    0x20, 0x20, 0x90, 0x00, 0x00, 0x80, 0x80, 0x00, 0x00, 0x80, 0x81, 0x00, 0x03, 0x20, 0x00, 0x00, 0x08, 0x82, 0x00, 0x02, 0x80, 0x00, 0x40, 0x81,
    0x00, 0x03, 0x10, 0x08, 0x20, 0x06, 0x8A, 0x00, 0x01, 0x02, 0x04, 0x87, 0x00, 0x02, 0x04, 0x08, 0x08, 0x8C, 0x00, 0x01, 0x08, 0x10, 0x8C, 0x00,
    0x04, 0x80, 0x40, 0x08, 0x08, 0x02, 0x82, 0x00, 0x00, 0x01, 0x80, 0x00, 0x00, 0x04, 0x81, 0x00, 0x00, 0x20, 0x90, 0x00, 0x00, 0x01, 0x80, 0x00,
    0x08, 0x02, 0x01, 0x00, 0x04, 0x04, 0x00, 0x20, 0x02, 0x10, 0x81, 0x00, 0x05, 0x20, 0x00, 0x00, 0x20, 0x00, 0x0C, 0x84, 0x00, 0x00, 0x0C, 0x00,
    0x82, 0x00, 0x00, 0x20, 0x9A, 0x00, 0x01, 0x20, 0x02, 0x87, 0x00, 0x1C, 0x20, 0x01, 0x03, 0x04, 0x08, 0x10, 0x30, 0x20, 0x60, 0x40, 0x40, 0x43,
    0xFC, 0x00, 0x00, 0x03, 0x7C, 0x40, 0x20, 0x10, 0x08, 0x8C, 0xC2, 0x41, 0x20, 0x30, 0x10, 0x11, 0x18, 0x82, 0x08, 0x80, 0x10, 0x05, 0x30, 0xA0,
    0x60, 0x00, 0x08, 0x80, 0x8A, 0x00, 0x02, 0x10, 0x38, 0x10, 0x98, 0x00, 0x00, 0x20, 0x80, 0x00, 0x05, 0x04, 0xF0, 0x30, 0x60, 0xC0, 0x02, 0x80,
    0x00, 0x05, 0x80, 0x84, 0xC0, 0xC0, 0x00, 0x20, 0x88, 0x00, 0x08, 0x22, 0x00, 0x00, 0xC0, 0xA0, 0x90, 0x08, 0x04, 0x04, 0x80, 0x02, 0x82, 0x01,
    0x14, 0x82, 0x82, 0x42, 0x66, 0x34, 0x14, 0x08, 0x80, 0x40, 0xC4, 0x0E, 0x04, 0x00, 0xE0, 0x42, 0x45, 0x45, 0xCC, 0x88, 0x88, 0x08, 0x81, 0x10,
    0x00, 0x90, 0x80, 0x08, 0x03, 0x04, 0x04, 0x02, 0x01, 0x81, 0x00, 0x00, 0x88, 0x88, 0x00, 0x00, 0x80, 0x80, 0x00, 0x00, 0x10, 0x80, 0x00, 0x05,
    0xC4, 0x70, 0x30, 0x60, 0x80, 0x04, 0x80, 0x00, 0x00, 0x08, 0x80, 0x00, 0x00, 0x40, 0x84, 0x00, 0x13, 0x40, 0x02, 0x40, 0xE0, 0xB0, 0x90, 0x90,
    0x94, 0xF3, 0x62, 0x04, 0x27, 0x70, 0x21, 0x4C, 0xCB, 0x49, 0x5C, 0xC6, 0x83, 0x80, 0x00, 0x01, 0x02, 0x40, 0x86, 0x00, 0x03, 0x02, 0x20, 0x00,
    0x00, 0x81, 0x01, 0x82, 0x02, 0x12, 0x03, 0x11, 0x01, 0x01, 0xE0, 0x30, 0x08, 0x06, 0x02, 0x01, 0x00, 0x00, 0x87, 0xF8, 0x00, 0x00, 0x07, 0x38,
    0xC0, 0x80, 0x00, 0x06, 0x01, 0x01, 0x02, 0x04, 0x18, 0x30, 0xC0, 0x85, 0x00, 0x02, 0x40, 0x00, 0x08, 0x85, 0x00, 0x04, 0x80, 0x08, 0xC0, 0xC0,
    0x40, 0x80, 0x20, 0x16, 0x60, 0x40, 0xD0, 0x00, 0x0F, 0x18, 0x30, 0x30, 0x1F, 0x00, 0x88, 0xC0, 0x30, 0x10, 0x08, 0x08, 0x88, 0xC8, 0x78, 0x10,
    0x04, 0x00, 0x40, 0x81, 0x00, 0x14, 0x08, 0x00, 0x00, 0x80, 0x00, 0x00, 0x02, 0x7C, 0xC6, 0x61, 0x3F, 0x00, 0x04, 0x01, 0x02, 0x04, 0x04, 0x85,
    0x07, 0x04, 0x08, 0x83, 0x00, 0x02, 0x10, 0x38, 0x10, 0x82, 0x00, 0x06, 0x02, 0x00, 0x00, 0x10, 0x00, 0x00, 0x80, 0x83, 0x00, 0x01, 0x1E, 0xE1,
    0x80, 0x00, 0x04, 0x80, 0x40, 0x30, 0x1C, 0x07, 0x80, 0x00, 0x13, 0x02, 0x00, 0x00, 0x01, 0x03, 0x06, 0x04, 0x08, 0x08, 0x10, 0x10, 0x30, 0x23,
    0x3C, 0x00, 0x00, 0x20, 0x00, 0x00, 0x04, 0x84, 0x00, 0x00, 0x20, 0x81, 0x00, 0x17, 0x10, 0x00, 0x00, 0x01, 0x03, 0x02, 0x06, 0x04, 0x04, 0x92,
    0x42, 0x63, 0x20, 0xF0, 0x02, 0x07, 0x02, 0x10, 0xF0, 0x11, 0x11, 0x21, 0x65, 0xC1, 0x82, 0x00, 0x01, 0x80, 0x08, 0x01, 0xA0, 0x00, 0x01, 0x60,
    0x06, 0x8C, 0x00, 0x07, 0x08, 0x00, 0x00, 0x40, 0x00, 0x00, 0x02, 0x02, 0x80, 0x00, 0x00, 0x02, 0x80, 0x00, 0x08, 0x10, 0x00, 0x04, 0x02, 0x00,
    0x10, 0x00, 0x00, 0x08, 0x81, 0x00, 0x00, 0x18, 0x80, 0x00, 0x05, 0x10, 0x00, 0xA0, 0x00, 0x0C, 0xC0, 0xAC, 0x00, 0x00, 0xC0, 0x86, 0x00, 0x01,
    0x40, 0x80, 0x8B, 0x00, 0x05, 0x66, 0x00, 0x00, 0xA0, 0x10, 0x08, 0x82, 0x00, 0x00, 0x03, 0x82, 0x00, 0x00, 0x03, 0x81, 0x00, 0x00, 0x08, 0x86,
    0x00, 0x05, 0x02, 0x00, 0x40, 0x00, 0x00, 0x18, 0x82, 0x00, 0x00, 0x18, 0x82, 0x00, 0x01, 0x02, 0x01, 0x80, 0x00, 0x00, 0xCC, 0x91, 0x00, 0x02,
    0x40, 0x00, 0x80, 0x97, 0x00, 0x00, 0x04, 0x81, 0x00, 0x02, 0x02, 0x00, 0x01, 0x8E, 0x00, 0x04, 0x06, 0x20, 0x20, 0x00, 0x01, 0x80, 0x00, 0x00,
    0x03, 0x81, 0x00, 0x08, 0x02, 0x00, 0x00, 0x81, 0x00, 0x08, 0x04, 0x00, 0x01, 0x80, 0x00, 0x05, 0x08, 0x80, 0x00, 0x00, 0x08, 0x08, 0x82, 0x00,
    0x00, 0x02, 0x80, 0x00, 0x01, 0x40, 0x40, 0x87, 0x00, 0x00, 0x0C, 0x87, 0x00, 0x03, 0x40, 0x00, 0x00, 0x40, 0x81, 0x00, 0x00, 0x40, 0x82, 0x00,
    0x0B, 0x10, 0x00, 0x00, 0x20, 0x00, 0x08, 0x00, 0x80, 0x00, 0x00, 0x40, 0x08, 0x92, 0x00, 0x00, 0x01, 0x9E, 0x00, 0x08, 0x61, 0x21, 0x00, 0x00,
    0x80, 0x40, 0x20, 0x00, 0x10, 0x84, 0x00, 0x0E, 0x02, 0x01, 0x02, 0x0C, 0x00, 0x10, 0x00, 0x20, 0x10, 0x04, 0x04, 0x80, 0x00, 0x20, 0x20, 0x94,
    0x00, 0x08, 0x04, 0x80, 0x00, 0x00, 0x80, 0xC0, 0x00, 0x00, 0x10, 0x80, 0x00, 0x00, 0x10, 0x86, 0x00, 0x01, 0xAC, 0x00, 0x01, 0x20, 0x10, 0x81,
    0x00, 0x00, 0x20, 0x83, 0x00, 0x03, 0x80, 0x00, 0x03, 0x01, 0x82, 0x00, 0x00, 0x40, 0x83, 0x00, 0x03, 0x18, 0x10, 0x18, 0x18, 0x80, 0x00, 0x04,
    0x30, 0x00, 0x60, 0x00, 0x40, 0xAE, 0x00, 0x02, 0x20, 0x40, 0x10, 0x82, 0x00, 0x00, 0x80, 0x90, 0x00, 0x06, 0x40, 0x00, 0xC0, 0x00, 0x84, 0x00,
    0x02, 0x86, 0x00, 0x02, 0x01, 0x00, 0x44, 0x85, 0x00, 0x00, 0x20, 0x81, 0x00, 0x02, 0x04, 0x00, 0x90, 0x82, 0x00, 0x00, 0x80, 0x80, 0x00, 0x02,
    0x08, 0x00, 0x04, 0x96, 0x00, 0x03, 0x24, 0x04, 0x10, 0x20, 0x82, 0x00, 0x01, 0x08, 0x10, 0x8B, 0x00, 0x00, 0x10, 0x80, 0x00, 0x00, 0x10, 0x86,
    0x00, 0x06, 0x80, 0x00, 0x80, 0x00, 0x00, 0x02, 0xC4, 0x88, 0x00, 0x03, 0x60, 0x00, 0x00, 0x01, 0x80, 0x00, 0x03, 0x03, 0x03, 0x01, 0x03, 0x81,
    0x00, 0x01, 0x80, 0x20, 0x83, 0x00, 0x01, 0x70, 0x78, 0x80, 0x00, 0x01, 0x40, 0x40, 0x85, 0x00, 0x00, 0x01, 0x92, 0x00, 0x08, 0x08, 0x04, 0x00,
    0x00, 0x20, 0x00, 0x00, 0x20, 0x80, 0x81, 0x00, 0x00, 0x10, 0x87, 0x00, 0x05, 0xA0, 0x00, 0x10, 0x00, 0x00, 0xC0, 0x80, 0x00, 0x0C, 0x08, 0x08,
    0x00, 0x00, 0x01, 0x01, 0x00, 0x00, 0x40, 0x20, 0x22, 0x08, 0x1C, 0x80, 0x00, 0x04, 0x02, 0x00, 0x01, 0x00, 0x02, 0x8C, 0x00, 0x01, 0x02, 0x02,
    0x88, 0x00, 0x0F, 0x80, 0xC0, 0x00, 0x80, 0x00, 0x80, 0x40, 0x08, 0x00, 0x04, 0x00, 0x00, 0x02, 0x02, 0x00, 0x01, 0x82, 0x00, 0x00, 0x08, 0x80,
    0x00, 0x01, 0x18, 0x18, 0x80, 0x00, 0x02, 0x30, 0x00, 0x06, 0x89, 0x00, 0x00, 0x18, 0x82, 0x00, 0x00, 0x02, 0x83, 0x00, 0x00, 0x40, 0x85, 0x00,
    0x00, 0x40, 0x83, 0x00, 0x01, 0x80, 0x00, 0x01, 0xAD, 0x00, 0x06, 0x01, 0x00, 0x02, 0x04, 0x00, 0x00, 0x10, 0x81, 0x00, 0x00, 0x01, 0x83, 0x00,
    0x07, 0x20, 0x08, 0x84, 0x00, 0x00, 0x41, 0x00, 0x30, 0x80, 0x00, 0x00, 0x08, 0x81, 0x00, 0x05, 0x20, 0x00, 0x40, 0x80, 0x00, 0x80, 0x8C, 0x00,
    0x02, 0x10, 0x28, 0x10, 0x9C, 0x00, 0x01, 0x14, 0xA4, 0x80, 0x00, 0x01, 0x02, 0x02, 0x92, 0x00, 0x08, 0x20, 0x00, 0x20, 0x50, 0x00, 0x80, 0x04,
    0x00, 0x03, 0x82, 0x00, 0x07, 0x80, 0x00, 0x40, 0x00, 0x00, 0x20, 0x00, 0x80, 0x91, 0x00, 0x05, 0x18, 0x00, 0x04, 0x00, 0x00, 0x01, 0x8D, 0x00,
    0x00, 0xC0, 0x86, 0x00, 0x02, 0x40, 0x00, 0x80, 0x85, 0x00, 0x01, 0x40, 0x40, 0x85, 0x00, 0x05, 0x80, 0x00, 0x00, 0xA0, 0x00, 0x21, 0x88, 0x00,
    0x00, 0x40, 0x96, 0x00, 0x00, 0x02, 0x80, 0x00, 0x06, 0x01, 0x00, 0x10, 0x00, 0x00, 0x04, 0x02, 0x84, 0x00, 0x00, 0x10, 0x81, 0x00, 0x07, 0x01,
    0x00, 0x00, 0x04, 0x08, 0x20, 0x90, 0x80, 0x85, 0x00, 0x00, 0x60, 0x8D, 0x00, 0x01, 0x40, 0x60, 0x80, 0x00, 0x00, 0x03, 0x80, 0x00, 0x00, 0x08,
    0x85, 0x00, 0x00, 0x40, 0x8A, 0x00, 0x00, 0xC0, 0x82, 0x00, 0x01, 0x80, 0x40, 0x98, 0x00, 0x00, 0x30, 0x8A, 0x00, 0x04, 0x40, 0x20, 0x10, 0x20,
    0x02, 0x85, 0x00, 0x09, 0x04, 0x00, 0x00, 0x10, 0x00, 0x20, 0x10, 0x00, 0x40, 0x20, 0x93, 0x00, 0x01, 0x01, 0x04, 0x85, 0x00, 0x00, 0x20, 0x81,
    0x00, 0x00, 0x81, 0x80, 0x00, 0x01, 0x21, 0x80, 0x83, 0x00, 0x01, 0xA0, 0x00, 0x01, 0xC0, 0x0C, 0x89, 0x00, 0x01, 0x02, 0x04, 0x82, 0x00, 0x04,
    0x60, 0x00, 0x00, 0x40, 0x40, 0x82, 0x00, 0x08, 0x10, 0x00, 0x00, 0x02, 0x00, 0x20, 0x00, 0x00, 0x03, 0x84, 0x00, 0x07, 0x10, 0x00, 0x40, 0x00,
    0x00, 0x40, 0x06, 0x60, 0xA8, 0x00, 0x01, 0x20, 0x10, 0x80, 0x00, 0x00, 0x20, 0x84, 0x00, 0x01, 0x40, 0x80, 0x87, 0x00, 0x00, 0x01, 0x81, 0x00,
    0x09, 0xCC, 0x00, 0x40, 0x00, 0x00, 0x40, 0x08, 0x00, 0x00, 0x01, 0x85, 0x00, 0x00, 0x82, 0x80, 0x00, 0x00, 0x10, 0x83, 0x00, 0x07, 0x40, 0x40,
    0x00, 0x01, 0xC0, 0x00, 0x00, 0x08, 0x85, 0x00, 0x03, 0x10, 0x00, 0x00, 0x02, 0x82, 0x00, 0x00, 0x66, 0x88, 0x00, 0x01, 0x40, 0x40, 0x82, 0x00,
    0x00, 0x80, 0x82, 0x00, 0x01, 0x04, 0x04, 0x84, 0x00, 0x00, 0xC0, 0x89, 0x00, 0x01, 0x80, 0x0C, 0x80, 0x00, 0x00, 0x08, 0x81, 0x00, 0x03, 0x04,
    0x08, 0x01, 0x02, 0x8B, 0x00, 0x00, 0x0C, 0x82, 0x00, 0x00, 0x01, 0x84, 0x00, 0x08, 0x18, 0x00, 0x40, 0x40, 0x00, 0x08, 0x00, 0x00, 0x01, 0x8C,
    0x00, 0x01, 0x04, 0x08, 0x87, 0x00, 0x02, 0x20, 0x20, 0x06, 0x85, 0x00, 0x00, 0xC0, 0x82, 0x00, 0x00, 0x20, 0x81, 0x00, 0x04, 0x04, 0x03, 0x08,
    0x00, 0x01, 0x81, 0x00, 0x02, 0x80, 0x00, 0x80, 0x81, 0x00, 0x00, 0x08, 0x83, 0x00, 0x08, 0x0C, 0x00, 0x00, 0x41, 0x40, 0x00, 0x01, 0x00, 0x04,
    0x81, 0x00, 0x01, 0x04, 0x04, 0x81, 0x00, 0x02, 0x02, 0x00, 0x18, 0x8C, 0x00, 0x06, 0x06, 0x00, 0x20, 0x20, 0x00, 0x80, 0x80, 0x8A, 0x00, 0x01,
    0x08, 0x02, 0x84, 0x00, 0x08, 0x02, 0x08, 0x00, 0x08, 0x00, 0x10, 0x00, 0x41, 0x01, 0x83, 0x00, 0x01, 0x02, 0x02, 0x82, 0x00, 0x02, 0x20, 0x50,
    0x20, 0x82, 0x00, 0x00, 0x01, 0x83, 0x00, 0x01, 0x02, 0x01, 0x87, 0x00, 0x02, 0x20, 0x00, 0x80, 0x83, 0x00, 0x00, 0x18, 0x01, 0xAC, 0x00, 0x80,
    0x80, 0x04, 0x00, 0x08, 0x10, 0x08, 0x20, 0x80, 0x00, 0x00, 0x01, 0x8C, 0x00, 0x00, 0x20, 0x83, 0x00, 0x05, 0x30, 0x00, 0x00, 0x60, 0x00, 0x40,
    0xB3, 0x00, 0x00, 0x40, 0x82, 0x00, 0x04, 0x04, 0x04, 0x00, 0x00, 0x60, 0x8B, 0x00, 0x08, 0x50, 0x08, 0xC4, 0x00, 0x06, 0x80, 0x02, 0x00, 0x00,
    0x80, 0x01, 0x00, 0x80, 0x84, 0x00, 0x00, 0x0C, 0x84, 0x00, 0x00, 0x06, 0x80, 0x00, 0x00, 0x80, 0x81, 0x00, 0x80, 0x30, 0x08, 0x00, 0x00, 0x08,
    0x00, 0x0C, 0x00, 0x04, 0x02, 0x01, 0x8F, 0x00, 0x01, 0x10, 0x08, 0x94, 0x00, 0x03, 0x60, 0x00, 0x00, 0x20, 0x87, 0x00, 0x01, 0x41, 0x02, 0x91,
    0x00, 0x00, 0xC0, 0x81, 0x00, 0x00, 0x01, 0x93, 0x00, 0x00, 0x90, 0x81, 0x00, 0x05, 0x02, 0x01, 0x02, 0x00, 0x00, 0x20, 0x94, 0x00, 0x01, 0x40,
    0x80, 0x84, 0x00, 0x00, 0x10, 0x80, 0x00, 0x00, 0x08, 0x81, 0x00, 0x08, 0x90, 0x00, 0x00, 0x04, 0x00, 0x20, 0x00, 0x04, 0x08, 0x89, 0x00, 0x03,
    0x20, 0x18, 0x00, 0x14, 0x82, 0x00, 0x03, 0x80, 0x80, 0x02, 0x04, 0x93, 0x00, 0x00, 0x80, 0x81, 0x00, 0x01, 0x1C, 0x1C, 0x80, 0x00, 0x03, 0x80,
    0x40, 0x20, 0x14, 0x85, 0x00, 0x0C, 0x01, 0x00, 0x04, 0x10, 0x00, 0x20, 0x00, 0x00, 0x22, 0x02, 0x00, 0x80, 0x80, 0x81, 0x00, 0x00, 0x03, 0x89,
    0x00, 0x04, 0x80, 0x00, 0x02, 0x00, 0x02, 0x80, 0x00, 0x01, 0x80, 0x04, 0x84, 0x00, 0x04, 0x08, 0x00, 0x01, 0x01, 0x11, 0x85, 0x00, 0x01, 0x82,
    0x00, 0x00, 0x20, 0xA5, 0x00, 0x00, 0x80, 0x80, 0x00, 0x02, 0x81, 0x00, 0x04, 0x83, 0x00, 0x06, 0xC0, 0x20, 0x00, 0x00, 0x40, 0x00, 0x40, 0x81,
    0x00, 0x05, 0xC5, 0x00, 0x40, 0x00, 0x12, 0x02, 0x81, 0x00, 0x09, 0x30, 0x00, 0x00, 0x40, 0x00, 0x80, 0x00, 0x02, 0x22, 0x20, 0xAE, 0x00, 0x01,
    0x40, 0xA0, 0x87, 0x00, 0x01, 0x40, 0x40, 0x87, 0x00, 0x09, 0x80, 0x80, 0x10, 0x00, 0x20, 0x00, 0x42, 0x00, 0x01, 0x80, 0x82, 0x00, 0x12, 0x01,
    0x00, 0x40, 0x00, 0x60, 0x00, 0x06, 0x00, 0x00, 0x40, 0x00, 0x40, 0x00, 0x00, 0x80, 0x60, 0x00, 0x00, 0x0C, 0x82, 0x00, 0x00, 0x30, 0x80, 0x00,
    0x05, 0x20, 0x00, 0x00, 0x10, 0x00, 0x08, 0x80, 0x00, 0x00, 0x01, 0x92, 0x00, 0x02, 0x90, 0x10, 0x20, 0x90, 0x00, 0x07, 0x03, 0x40, 0x00, 0xC0,
    0x10, 0x20, 0x10, 0x01, 0x96, 0x00, 0x01, 0x08, 0x08, 0x83, 0x00, 0x00, 0x01, 0x81, 0x00, 0x05, 0x08, 0x09, 0x00, 0x20, 0x00, 0x14, 0x87, 0x00,
    0x01, 0x20, 0x20, 0x82, 0x00, 0x03, 0x04, 0x00, 0x10, 0x40, 0x9E, 0x00, 0x06, 0x04, 0x20, 0x00, 0x04, 0x01, 0x00, 0x0C, 0x81, 0x00, 0x02, 0x0C,
    0x08, 0x0C, 0x8E, 0x00, 0x03, 0x80, 0x00, 0x00, 0x20, 0x80, 0x00, 0x04, 0x04, 0x02, 0x00, 0x00, 0x01, 0x98, 0x00, 0x03, 0x63, 0x62, 0x00, 0x80,
    0x82, 0x00, 0x01, 0x01, 0x01, 0x83, 0x00, 0x01, 0x04, 0x08, 0x80, 0x00, 0x0A, 0x10, 0x00, 0x60, 0x0C, 0x0C, 0x00, 0x00, 0xC0, 0x00, 0x10, 0x08,
    0x8E, 0x00, 0x00, 0x04, 0x81, 0x00, 0x02, 0x30, 0x00, 0x20, 0x83, 0x00, 0x00, 0x80, 0x82, 0x00, 0x00, 0x40, 0x83, 0x00, 0x01, 0xA1, 0x00, 0x01,
    0x18, 0x01, 0x88, 0x00, 0x02, 0x01, 0x00, 0x82, 0x84, 0x00, 0x01, 0x30, 0x10, 0x81, 0x00, 0x00, 0x20, 0x80, 0x00, 0x06, 0x08, 0x00, 0x02, 0x20,
    0x00, 0x00, 0x30, 0x80, 0x00, 0x00, 0x30, 0x80, 0x00, 0x05, 0x20, 0x00, 0x40, 0x00, 0x80, 0x30, 0xAE, 0x00, 0x00, 0x10, 0x86, 0x00, 0x00, 0x0C,
    0x8B, 0x00, 0x06, 0x18, 0x80, 0x20, 0x08, 0x50, 0x08, 0x80, 0x80, 0x00, 0x09, 0x80, 0x01, 0x00, 0x00, 0x80, 0x00, 0x00, 0x80, 0x00, 0x03, 0x81,
    0x00, 0x00, 0x80, 0x82, 0x00, 0x00, 0x80, 0x81, 0x00, 0x03, 0x18, 0x00, 0x00, 0x20, 0x81, 0x00, 0x00, 0x10, 0x82, 0x00, 0x05, 0x02, 0x01, 0x02,
    0x00, 0x00, 0x03, 0x8F, 0x00, 0x04, 0x40, 0x00, 0x04, 0x04, 0x40, 0x82, 0x00, 0x02, 0x01, 0x10, 0x10, 0x8C, 0x00, 0x03, 0x10, 0x00, 0x40, 0x02,
    0x85, 0x00, 0x01, 0x04, 0x01, 0x8B, 0x00, 0x00, 0x01, 0x85, 0x00, 0x00, 0x01, 0x80, 0x00, 0x06, 0x01, 0x00, 0x80, 0x00, 0x28, 0x00, 0x02, 0x81,
    0x00, 0x00, 0x80, 0x80, 0x00, 0x03, 0x01, 0x01, 0x00, 0x80, 0x82, 0x00, 0x03, 0x08, 0x00, 0x10, 0x40, 0x87, 0x00, 0x01, 0x30, 0x03, 0x87, 0x00,
    0x02, 0x06, 0x00, 0x40, 0x81, 0x00, 0x00, 0x40, 0x82, 0x00, 0x0B, 0x02, 0x06, 0x00, 0x00, 0x10, 0x28, 0x00, 0x04, 0x00, 0x80, 0x50, 0x04, 0x80,
    0x00, 0x00, 0x80, 0x82, 0x00, 0x00, 0x01, 0x82, 0x00, 0x00, 0x18, 0x80, 0x00, 0x00, 0x02, 0x81, 0x00, 0x02, 0x04, 0x06, 0x04, 0x8E, 0x00, 0x01,
    0x04, 0x04, 0x86, 0x00, 0x10, 0x80, 0x81, 0x00, 0x00, 0x40, 0x20, 0x10, 0x08, 0x00, 0x04, 0x00, 0x00, 0x02, 0x02, 0x00, 0x00, 0x02, 0x80, 0x00,
    0x01, 0x08, 0x20, 0x80, 0x00, 0x01, 0x30, 0x70, 0x90, 0x00, 0x00, 0x0C, 0x86, 0x00, 0x04, 0x40, 0x00, 0x40, 0x10, 0x10, 0x81, 0x00, 0x00, 0x40,
    0x87, 0x00, 0x00, 0x01, 0x01, 0xA0, 0x00, 0x00, 0x80, 0x86, 0x00, 0x08, 0x80, 0x00, 0x00, 0x18, 0x00, 0x02, 0x00, 0x00, 0x10, 0x82, 0x00, 0x05,
    0x08, 0x08, 0x00, 0x00, 0x20, 0x20, 0x80, 0x00, 0x04, 0x10, 0x04, 0x00, 0x00, 0x01, 0x80, 0x00, 0x80, 0x30, 0x80, 0x00, 0x05, 0x60, 0x00, 0xC0,
    0x00, 0x80, 0x03, 0xB9, 0x00, 0x00, 0x80, 0x8B, 0x00, 0x0A, 0x01, 0x00, 0x00, 0x20, 0x00, 0x60, 0x04, 0xC0, 0x02, 0x00, 0x00, 0x80, 0x80, 0x02,
    0x00, 0x00, 0x01, 0x85, 0x00, 0x01, 0x80, 0x80, 0x88, 0x00, 0x00, 0x10, 0x82, 0x00, 0x04, 0x20, 0x00, 0x08, 0x00, 0x04, 0x82, 0x00, 0x00, 0x30,
    0x90, 0x00, 0x02, 0x40, 0x40, 0x80, 0x96, 0x00, 0x01, 0x02, 0x04, 0x84, 0x00, 0x01, 0x08, 0x02, 0x83, 0x00, 0x00, 0x8C, 0x87, 0x00, 0x02, 0x18,
    0x80, 0x80, 0x83, 0x00, 0x80, 0x01, 0x80, 0x00, 0x04, 0x90, 0x00, 0x00, 0x04, 0x01, 0x81, 0x00, 0x04, 0x80, 0x00, 0x00, 0x02, 0x42, 0x82, 0x00,
    0x05, 0x01, 0x00, 0x00, 0x28, 0x80, 0x83, 0x93, 0x00, 0x09, 0x80, 0x00, 0x00, 0x80, 0x00, 0x00, 0x80, 0x00, 0x00, 0x08, 0x80, 0x00, 0x03, 0x20,
    0x00, 0x00, 0x40, 0x9A, 0x00, 0x00, 0x01, 0x85, 0x00, 0x00, 0x01, 0x8B, 0x00, 0x03, 0x0C, 0x00, 0x20, 0x40, 0x85, 0x00, 0x02, 0x80, 0x00, 0x80,
    0x8B, 0x00, 0x04, 0x10, 0x00, 0x10, 0x00, 0x60, 0x9A, 0x00, 0x00, 0x0C, 0x88, 0x00, 0x04, 0x08, 0x00, 0x00, 0x20, 0x40, 0x84, 0x00, 0x01, 0xB1,
    0x00, 0x0C, 0x80, 0x00, 0x00, 0x30, 0x00, 0x60, 0x00, 0x00, 0x04, 0x00, 0x00, 0x10, 0x10, 0x80, 0x00, 0x05, 0x08, 0x80, 0x02, 0x00, 0x00, 0x40,
    0x84, 0x00, 0x00, 0x40, 0xB5, 0x00, 0x0B, 0x04, 0x04, 0x00, 0x80, 0x00, 0x02, 0x02, 0x00, 0x80, 0x00, 0x20, 0x80, 0x8E, 0x00, 0x06, 0x0C, 0x02,
    0x00, 0x03, 0x40, 0x00, 0x01, 0x82, 0x00, 0x04, 0x40, 0x01, 0x00, 0x00, 0x30, 0x88, 0x00, 0x05, 0xC0, 0x00, 0x81, 0x00, 0x00, 0x30, 0x83, 0x00,
    0x06, 0x10, 0x00, 0x00, 0x18, 0x00, 0x08, 0x06, 0x93, 0x00, 0x00, 0x20, 0x83, 0x00, 0x01, 0x04, 0x04, 0x94, 0x00, 0x05, 0x08, 0x00, 0x01, 0x01,
    0x00, 0x04, 0x80, 0x00, 0x00, 0x80, 0x8E, 0x00, 0x00, 0x80, 0x88, 0x00, 0x05, 0x40, 0x40, 0x00, 0x08, 0x00, 0x02, 0x80, 0x00, 0x04, 0x61, 0x41,
    0x00, 0x00, 0x04, 0x81, 0x00, 0x00, 0x01, 0x82, 0x00, 0x00, 0x20, 0x86, 0x00, 0x00, 0x80, 0x88, 0x00, 0x00, 0x60, 0x8B, 0x00, 0x00, 0x20, 0x82,
    0x00, 0x05, 0x04, 0x08, 0x40, 0x20, 0x08, 0x10, 0x95, 0x00, 0x00, 0x80, 0x8F, 0x00, 0x00, 0x01, 0x8B, 0x00, 0x00, 0x40, 0x81, 0x00, 0x00, 0x0A,
    0x83, 0x00, 0x04, 0x01, 0x05, 0x02, 0x04, 0x08, 0x81, 0x00, 0x01, 0x01, 0x81, 0x85, 0x00, 0x00, 0x01, 0x8E, 0x00, 0x05, 0x08, 0x00, 0x08, 0x00,
    0x00, 0x80, 0x84, 0x00, 0x03, 0x10, 0x08, 0x00, 0x06, 0x84, 0x00, 0x00, 0x30, 0x01, 0xA2, 0x00, 0x00, 0x03, 0x83, 0x00, 0x00, 0x80, 0x83, 0x00,
    0x01, 0x04, 0x08, 0x83, 0x00, 0x00, 0x04, 0x81, 0x00, 0x00, 0x08, 0x83, 0x00, 0x00, 0x80, 0x86, 0x00, 0x02, 0x20, 0x00, 0x80, 0x91, 0x00, 0x00,
    0x10, 0x9D, 0x00, 0x02, 0x10, 0x00, 0x06, 0x81, 0x00, 0x00, 0x80, 0x81, 0x00, 0x00, 0x40, 0x8C, 0x00, 0x07, 0x08, 0x04, 0x10, 0x00, 0x21, 0x00,
    0x80, 0x01, 0x85, 0x00, 0x02, 0x20, 0x00, 0x01, 0x8A, 0x00, 0x00, 0x10, 0x87, 0x00, 0x07, 0x30, 0x00, 0x00, 0x10, 0x00, 0x01, 0x04, 0x02, 0x8B,
    0x00, 0x07, 0x40, 0x20, 0x00, 0x00, 0x08, 0x08, 0x00, 0x10, 0x8A, 0x00, 0x00, 0x80, 0x8A, 0x00, 0x03, 0x80, 0x00, 0x00, 0x01, 0x81, 0x00, 0x00,
    0x01, 0x81, 0x00, 0x00, 0x40, 0xA2, 0x00, 0x01, 0x02, 0x20, 0x80, 0x00, 0x01, 0x04, 0x40, 0x82, 0x00, 0x02, 0x02, 0x04, 0x40, 0x87, 0x00, 0x02,
    0x80, 0x80, 0x18, 0x8B, 0x00, 0x00, 0x40, 0x80, 0x00, 0x01, 0x10, 0x90, 0x81, 0x00, 0x00, 0x20, 0x88, 0x00, 0x02, 0x01, 0x00, 0x18, 0x81, 0x00,
    0x00, 0x06, 0x83, 0x00, 0x04, 0x01, 0x00, 0x02, 0x00, 0x80, 0x80, 0x00, 0x00, 0x02, 0x80, 0x00, 0x02, 0x01, 0x10, 0x10, 0x96, 0x00, 0x0A, 0x3C,
    0x3C, 0x80, 0x00, 0x00, 0x20, 0x40, 0x20, 0x10, 0x01, 0x02, 0x84, 0x00, 0x08, 0x08, 0x00, 0x00, 0x30, 0x00, 0x60, 0x00, 0x06, 0x02, 0x80, 0x00,
    0x03, 0x40, 0x20, 0x00, 0x0C, 0x8B, 0x00, 0x05, 0xC0, 0x02, 0x00, 0x02, 0x00, 0x04, 0x8A, 0x00, 0x05, 0x90, 0x00, 0x00, 0x10, 0x20, 0x80, 0x82,
    0x00, 0x01, 0x9B, 0x00, 0x00, 0x80, 0x82, 0x00, 0x00, 0x30, 0x83, 0x00, 0x00, 0x80, 0x80, 0x00, 0x80, 0xC0, 0x04, 0x00, 0x01, 0x02, 0x04, 0x08,
    0x81, 0x00, 0x08, 0x02, 0x02, 0x00, 0x00, 0x0F, 0x07, 0x00, 0x00, 0x30, 0x80, 0x00, 0x04, 0x41, 0x02, 0x20, 0x00, 0x06, 0x81, 0x00, 0x09, 0x40,
    0x00, 0x00, 0x40, 0x00, 0x80, 0x00, 0x01, 0x18, 0x80, 0xB4, 0x00, 0x04, 0x40, 0x00, 0x20, 0x08, 0x08, 0x84, 0x00, 0x02, 0x01, 0x02, 0x01, 0x80,
    0x00, 0x09, 0x33, 0x00, 0x10, 0x00, 0x20, 0x04, 0x41, 0x00, 0x00, 0x40, 0x83, 0x00, 0x06, 0x80, 0x00, 0x40, 0x00, 0x00, 0x08, 0x82, 0x86, 0x00,
    0x01, 0x08, 0x02, 0x83, 0x00, 0x80, 0x60, 0x80, 0x00, 0x08, 0x20, 0x00, 0x10, 0x04, 0x00, 0x00, 0x01, 0x80, 0x19, 0x93, 0x00, 0x00, 0x80, 0x80,
    0x00, 0x00, 0x0C, 0x80, 0x00, 0x00, 0x30, 0x86, 0x00, 0x00, 0x30, 0x85, 0x00, 0x02, 0x80, 0x00, 0x08, 0x86, 0x00, 0x00, 0x80, 0x89, 0x00, 0x01,
    0x03, 0x30, 0x88, 0x00, 0x04, 0x0C, 0x00, 0x20, 0x08, 0x10, 0x80, 0x00, 0x09, 0x01, 0x00, 0x00, 0x1C, 0x1E, 0x00, 0x00, 0x08, 0x88, 0x80, 0x80,
    0x00, 0x03, 0x02, 0x04, 0x08, 0x10, 0x8B, 0x00, 0x00, 0x01, 0x85, 0x00, 0x0A, 0x20, 0x20, 0x02, 0x82, 0x00, 0x00, 0x80, 0x00, 0x40, 0x30, 0x03,
    0x83, 0x00, 0x01, 0x04, 0x04, 0x81, 0x00, 0x00, 0x80, 0x88, 0x00, 0x00, 0x01, 0x82, 0x00, 0x04, 0x02, 0x02, 0x40, 0x00, 0x20, 0x85, 0x00, 0x00,
    0x30, 0x97, 0x00, 0x08, 0xC3, 0xC2, 0x00, 0x00, 0x80, 0x40, 0x10, 0x00, 0x04, 0x84, 0x00, 0x00, 0x02, 0x85, 0x00, 0x01, 0xB8, 0xFC, 0x83, 0x00,
    0x01, 0x04, 0x04, 0x8C, 0x00, 0x05, 0x04, 0x00, 0x08, 0x00, 0x00, 0x04, 0x86, 0x00, 0x03, 0x40, 0x00, 0x00, 0x08, 0x84, 0x00, 0x01, 0x20, 0x20,
    0x01, 0xA0, 0x00, 0x02, 0x20, 0x22, 0x02, 0x85, 0x00, 0x00, 0xC0, 0x80, 0x00, 0x04, 0x41, 0x00, 0x00, 0x80, 0x10, 0x81, 0x00, 0x01, 0x01, 0x01,
    0x86, 0x00, 0x04, 0x08, 0x04, 0x00, 0x00, 0x60, 0x81, 0x00, 0x03, 0x60, 0x20, 0x00, 0x80, 0xAD, 0x00, 0x08, 0x80, 0x00, 0x00, 0x10, 0x10, 0xE0,
    0x40, 0x40, 0x20, 0x89, 0x00, 0x00, 0xC0, 0x8A, 0x00, 0x07, 0x10, 0x06, 0x10, 0x03, 0x20, 0x01, 0x80, 0xC0, 0x81, 0x00, 0x03, 0xC0, 0x00, 0x00,
    0x01, 0x8E, 0x00, 0x03, 0x30, 0x00, 0x00, 0x40, 0x80, 0x00, 0x0B, 0x60, 0x00, 0x00, 0x10, 0x00, 0x18, 0x01, 0x0C, 0x01, 0x00, 0x80, 0x80, 0x8E,
    0x00, 0x00, 0x80, 0x80, 0x00, 0x01, 0x44, 0x04, 0x8F, 0x00, 0x03, 0x01, 0x80, 0x00, 0x20, 0x82, 0x00, 0x01, 0x02, 0x07, 0x81, 0x00, 0x02, 0x80,
    0x60, 0x20, 0x9A, 0x00, 0x04, 0x80, 0x00, 0x20, 0x04, 0x02, 0x86, 0x00, 0x01, 0x10, 0x10, 0x81, 0x00, 0x00, 0x01, 0x80, 0x00, 0x01, 0x90, 0x40,
    0x88, 0x00, 0x01, 0x08, 0x08, 0x8B, 0x00, 0x01, 0x40, 0xC0, 0x80, 0x00, 0x03, 0x03, 0x08, 0x00, 0x51, 0x81, 0x00, 0x03, 0x40, 0x10, 0x08, 0x40,
    0x80, 0x00, 0x00, 0x08, 0x86, 0x00, 0x01, 0x20, 0x40, 0x83, 0x00, 0x02, 0x24, 0x00, 0x40, 0x80, 0x00, 0x00, 0x01, 0x92, 0x00, 0x03, 0x08, 0x10,
    0x00, 0xC0, 0x83, 0x00, 0x09, 0x01, 0x00, 0xC0, 0x00, 0x00, 0x20, 0x08, 0x00, 0x00, 0x01, 0x84, 0x00, 0x06, 0x04, 0x18, 0x00, 0x00, 0x40, 0x00,
    0x80, 0x93, 0x00, 0x00, 0x06, 0x80, 0x00, 0x00, 0x01, 0x81, 0x00, 0x01, 0x08, 0x02, 0x85, 0x00, 0x00, 0x20, 0x81, 0x00, 0x00, 0x80, 0x82, 0x00,
    0x00, 0x03, 0x01, 0xA7, 0x00, 0x03, 0x80, 0x00, 0x00, 0x40, 0x81, 0x00, 0x00, 0x80, 0x92, 0x00, 0x03, 0x80, 0x00, 0x00, 0x40, 0x83, 0x00, 0x00,
    0x40, 0xB1, 0x00, 0x05, 0x18, 0x00, 0x80, 0x00, 0x00, 0x40, 0x95, 0x00, 0x05, 0x04, 0x00, 0x00, 0x01, 0x00, 0x40, 0x83, 0x00, 0x05, 0x40, 0x00,
    0x00, 0x20, 0x00, 0x10, 0x8C, 0x00, 0x00, 0x01, 0x80, 0x00, 0x00, 0x20, 0x81, 0x00, 0x08, 0x40, 0x00, 0x00, 0x20, 0x00, 0x10, 0x00, 0x00, 0x04,
    0x91, 0x00, 0x02, 0x80, 0x00, 0x20, 0x86, 0x00, 0x01, 0x20, 0x20, 0x88, 0x00, 0x02, 0x40, 0x00, 0x40, 0x80, 0x00, 0x00, 0x20, 0x82, 0x00, 0x02,
    0x08, 0x20, 0x18, 0x9C, 0x00, 0x00, 0x80, 0x84, 0x00, 0x00, 0x80, 0x81, 0x00, 0x00, 0x20, 0x87, 0x00, 0x00, 0x80, 0x87, 0x00, 0x00, 0xC0, 0x8A,
    0x00, 0x00, 0x03, 0x83, 0x00, 0x00, 0x04, 0x8A, 0x00, 0x01, 0x16, 0x22, 0x89, 0x00, 0x01, 0x03, 0x02, 0x81, 0x00, 0x03, 0x80, 0x02, 0x00, 0x18,
    0x93, 0x00, 0x00, 0x03, 0x81, 0x00, 0x01, 0x80, 0x80, 0x82, 0x00, 0x00, 0x80, 0x82, 0x00, 0x11, 0x10, 0x02, 0x04, 0x00, 0x00, 0x02, 0x02, 0x00,
    0x01, 0x00, 0x02, 0x00, 0x00, 0x20, 0x00, 0x20, 0x80, 0x40, 0x80, 0x00, 0x00, 0x80, 0x91, 0x00, 0x03, 0x01, 0x00, 0x00, 0x04, 0x80, 0x00, 0x02,
    0x01, 0x80, 0x04, 0x80, 0x00, 0x00, 0x80, 0x82, 0x00, 0x00, 0x10, 0x80, 0x00, 0x00, 0x40, 0x82, 0x00, 0x01, 0x91, 0x00, 0x00, 0x04, 0x8B, 0x00,
    0x01, 0x60, 0x06, 0x84, 0x00, 0x0C, 0xC0, 0x80, 0x00, 0x00, 0x0C, 0x00, 0x00, 0xC2, 0x00, 0x08, 0x80, 0x00, 0x30, 0x84, 0x00, 0x00, 0x80, 0x81,
    0x00, 0x06, 0x18, 0x04, 0x00, 0x00, 0x01, 0x00, 0x20, 0x80, 0x60, 0x05, 0x00, 0x00, 0xC0, 0x00, 0x00, 0x80, 0x80, 0x00, 0x01, 0x0C, 0xC0, 0x99,
    0x00, 0x00, 0x80, 0x89, 0x00, 0x01, 0x80, 0x80, 0x8B, 0x00, 0x00, 0x40, 0x8C, 0x00, 0x0A, 0x66, 0x00, 0x08, 0x02, 0x00, 0x20, 0x00, 0x00, 0x60,
    0x00, 0x00, 0x80, 0xC0, 0x00, 0x80, 0x83, 0x00, 0x00, 0x10, 0x80, 0x00, 0x00, 0x20, 0x84, 0x00, 0x05, 0x81, 0x00, 0x20, 0x00, 0x00, 0x60, 0x82,
    0x00, 0x01, 0x20, 0x60, 0x82, 0x00, 0x03, 0x08, 0x02, 0x00, 0xCC, 0x8E, 0x00, 0x03, 0x40, 0x00, 0x40, 0x80, 0x82, 0x00, 0x03, 0x08, 0x09, 0x02,
    0x01, 0x8D, 0x00, 0x00, 0x01, 0x87, 0x00, 0x02, 0x05, 0x42, 0x20, 0x81, 0x00, 0x00, 0x18, 0x86, 0x00, 0x02, 0x06, 0x20, 0x20, 0x88, 0x00, 0x05,
    0x40, 0x10, 0x00, 0x00, 0x04, 0x03, 0x86, 0x00, 0x0B, 0x20, 0x00, 0x00, 0x01, 0x00, 0x00, 0x02, 0x00, 0x28, 0x20, 0x00, 0x06, 0x88, 0x00, 0x00,
    0x0C, 0x86, 0x00, 0x00, 0x30, 0x87, 0x00, 0x0E, 0x20, 0x10, 0x00, 0x11, 0x00, 0x00, 0x20, 0x08, 0x04, 0x00, 0x00, 0x06, 0x40, 0x00, 0x04, 0x85,
    0x00, 0x04, 0x01, 0x00, 0x02, 0x00, 0x01, 0x83, 0x00, 0x02, 0x08, 0x00, 0x06, 0x82, 0x00, 0x03, 0x02, 0x00, 0x02, 0x01, 0x81, 0x00, 0x02, 0x10,
    0x28, 0x10, 0x82, 0x00, 0x01, 0x02, 0x02, 0x8A, 0x00, 0x05, 0x60, 0x10, 0x08, 0x04, 0x08, 0x02, 0x84, 0x00, 0x11, 0x08, 0x10, 0x20, 0x10, 0x40,
    0x00, 0x00, 0x01, 0x01, 0x00, 0x00, 0x80, 0x80, 0x00, 0x20, 0x20, 0x00, 0x06, 0x8D, 0x00, 0x00, 0x08, 0x83, 0x00, 0x03, 0x40, 0x00, 0x00, 0x80,
    0x84, 0x00, 0x01, 0x08, 0x20, 0x82, 0x00, 0x01, 0x60, 0x00, 0x01, 0xAD, 0x00, 0x04, 0x04, 0x04, 0x00, 0x00, 0x05, 0x82, 0x00, 0x00, 0x60, 0x89,
    0x00, 0x01, 0x02, 0x40, 0x87, 0x00, 0x00, 0x80, 0xB4, 0x00, 0x03, 0x82, 0x02, 0x00, 0x80, 0x80, 0x00, 0x00, 0x20, 0x90, 0x00, 0x04, 0x04, 0x18,
    0x02, 0x30, 0x01, 0x86, 0x00, 0x03, 0x40, 0x00, 0x00, 0x02, 0x87, 0x00, 0x03, 0xC0, 0x00, 0x00, 0x08, 0x89, 0x00, 0x04, 0x10, 0x01, 0x08, 0x03,
    0x04, 0x91, 0x00, 0x01, 0x08, 0x48, 0x96, 0x00, 0x00, 0x80, 0x80, 0x00, 0x00, 0x42, 0x80, 0x00, 0x00, 0x01, 0x94, 0x00, 0x00, 0x60, 0x89, 0x00,
    0x02, 0x40, 0x00, 0x08, 0x83, 0x00, 0x00, 0x80, 0x80, 0x00, 0x01, 0x40, 0x40, 0x83, 0x00, 0x04, 0x14, 0x00, 0x00, 0x04, 0x04, 0x95, 0x00, 0x00,
    0x80, 0x83, 0x00, 0x03, 0x14, 0x00, 0x00, 0x0A, 0x84, 0x00, 0x01, 0x82, 0x20, 0x82, 0x00, 0x00, 0x30, 0x87, 0x00, 0x07, 0x02, 0x00, 0x00, 0x20,
    0x01, 0x00, 0x10, 0x04, 0x82, 0x00, 0x00, 0x01, 0x97, 0x00, 0x03, 0xFC, 0x78, 0x00, 0xC0, 0x8A, 0x00, 0x00, 0x05, 0x81, 0x00, 0x04, 0x20, 0x00,
    0x40, 0x06, 0x02, 0x83, 0x00, 0x00, 0x30, 0x8C, 0x00, 0x00, 0x60, 0x87, 0x00, 0x07, 0x20, 0x40, 0x00, 0x40, 0x00, 0x00, 0x20, 0x80, 0x81, 0x00,
    0x00, 0x10, 0x83, 0x00, 0x01, 0xA6, 0x00, 0x00, 0x80, 0x87, 0x00, 0x01, 0x40, 0x02, 0x89, 0x00, 0x00, 0x60, 0x82, 0x00, 0x04, 0x05, 0x00, 0x00,
    0x04, 0x04, 0xBA, 0x00, 0x00, 0x20, 0x80, 0x00, 0x03, 0x80, 0x00, 0x02, 0x82, 0x91, 0x00, 0x04, 0x04, 0x03, 0x08, 0x01, 0x10, 0x89, 0x00, 0x03,
    0x08, 0x00, 0x00, 0xC0, 0x87, 0x00, 0x03, 0x02, 0x00, 0x00, 0x40, 0x86, 0x00, 0x04, 0x01, 0x30, 0x02, 0x18, 0x04, 0x8D, 0x00, 0x01, 0x20, 0x20,
    0xA2, 0x00, 0x00, 0x01, 0x80, 0x00, 0x00, 0x42, 0x80, 0x00, 0x00, 0x80, 0x96, 0x00, 0x04, 0x04, 0x04, 0x00, 0x00, 0x14, 0x83, 0x00, 0x01, 0x40,
    0x40, 0x80, 0x00, 0x00, 0x80, 0x83, 0x00, 0x02, 0x08, 0x00, 0x40, 0x89, 0x00, 0x00, 0x60, 0x91, 0x00, 0x00, 0x08, 0x81, 0x00, 0x00, 0x08, 0x82,
    0x00, 0x06, 0x40, 0x04, 0x00, 0x00, 0x10, 0x00, 0x03, 0x86, 0x00, 0x00, 0x01, 0x82, 0x00, 0x07, 0x04, 0x10, 0x00, 0x01, 0x20, 0x00, 0x00, 0x02,
    0x93, 0x00, 0x00, 0x30, 0x83, 0x00, 0x04, 0x02, 0x06, 0x40, 0x00, 0x20, 0x81, 0x00, 0x00, 0x05, 0x8A, 0x00, 0x03, 0xC0, 0x00, 0x78, 0xFC, 0x94,
    0x00, 0x03, 0x04, 0x00, 0x00, 0x01, 0x80, 0x00, 0x02, 0x04, 0x00, 0x01, 0x89, 0x00, 0x01, 0x40, 0x20, 0x82, 0x00, 0x01, 0xA0, 0x00, 0x01, 0xC0,
    0x0C, 0x80, 0x00, 0x05, 0x80, 0x00, 0x00, 0xC0, 0x00, 0x00, 0x80, 0x60, 0x06, 0x20, 0x00, 0x01, 0x00, 0x00, 0x04, 0x18, 0x81, 0x00, 0x00, 0x80,
    0x84, 0x00, 0x0C, 0x30, 0x00, 0x80, 0x08, 0x00, 0xC2, 0x00, 0x00, 0x0C, 0x00, 0x00, 0x80, 0xC0, 0x84, 0x00, 0x01, 0x06, 0x60, 0xAC, 0x00, 0x00,
    0x40, 0x8B, 0x00, 0x01, 0x80, 0x80, 0x86, 0x00, 0x03, 0xCC, 0x00, 0x02, 0x08, 0x82, 0x00, 0x01, 0x60, 0x20, 0x82, 0x00, 0x05, 0x60, 0x00, 0x00,
    0x20, 0x00, 0x81, 0x84, 0x00, 0x00, 0x20, 0x80, 0x00, 0x00, 0x10, 0x83, 0x00, 0x00, 0x80, 0x80, 0xC0, 0x0A, 0x00, 0x00, 0x60, 0x00, 0x00, 0x20,
    0x00, 0x02, 0x08, 0x00, 0x66, 0x8E, 0x00, 0x06, 0x20, 0x00, 0x20, 0x00, 0x00, 0x04, 0x04, 0x8D, 0x00, 0x00, 0x18, 0x81, 0x00, 0x02, 0x20, 0x42,
    0x05, 0x87, 0x00, 0x00, 0x01, 0x8C, 0x00, 0x00, 0x0C, 0x88, 0x00, 0x0B, 0x06, 0x00, 0x20, 0x28, 0x00, 0x02, 0x00, 0x00, 0x01, 0x00, 0x00, 0x20,
    0x86, 0x00, 0x05, 0x03, 0x04, 0x00, 0x00, 0x10, 0x40, 0x88, 0x00, 0x02, 0x20, 0x20, 0x06, 0x8E, 0x00, 0x00, 0x80, 0x81, 0x00, 0x01, 0x04, 0x06,
    0x80, 0x00, 0x05, 0x20, 0x00, 0x02, 0x00, 0x00, 0x08, 0x85, 0x00, 0x03, 0x01, 0x02, 0x00, 0x02, 0x82, 0x00, 0x02, 0x06, 0x00, 0x08, 0x83, 0x00,
    0x04, 0x01, 0x00, 0x02, 0x00, 0x01, 0x8C, 0x00, 0x11, 0x06, 0x00, 0x20, 0x20, 0x00, 0x80, 0x80, 0x00, 0x00, 0x01, 0x01, 0x00, 0x00, 0x40, 0x10,
    0x20, 0x10, 0x08, 0x84, 0x00, 0x05, 0x02, 0x08, 0x04, 0x08, 0x10, 0x60, 0x8A, 0x00, 0x01, 0x02, 0x02, 0x82, 0x00, 0x02, 0x20, 0x50, 0x20, 0x80,
    0x00, 0x00, 0x03, 0x80, 0x00, 0x0A, 0x04, 0x00, 0x10, 0x18, 0x00, 0x00, 0x02, 0x00, 0x80, 0x00, 0x50, 0x81, 0x00, 0x03, 0x10, 0x40, 0x80, 0x10,
    0x80, 0x00, 0x00, 0x80, 0x80, 0x00, 0x00, 0x06, 0x01, 0xA7, 0x00, 0x00, 0x40, 0x83, 0x00, 0x03, 0x40, 0x00, 0x00, 0x80, 0x92, 0x00, 0x00, 0x80,
    0x81, 0x00, 0x03, 0x40, 0x00, 0x00, 0x80, 0xA6, 0x00, 0x00, 0x04, 0x90, 0x00, 0x05, 0x40, 0x00, 0x00, 0x80, 0x00, 0x18, 0x8C, 0x00, 0x08, 0x04,
    0x00, 0x00, 0x10, 0x00, 0x20, 0x00, 0x00, 0x40, 0x81, 0x00, 0x00, 0x20, 0x80, 0x00, 0x00, 0x01, 0x8C, 0x00, 0x05, 0x10, 0x00, 0x20, 0x00, 0x00,
    0x40, 0x83, 0x00, 0x05, 0x40, 0x00, 0x01, 0x00, 0x00, 0x04, 0x8D, 0x00, 0x00, 0x30, 0x80, 0x00, 0x03, 0x4C, 0x00, 0x00, 0x80, 0x96, 0x00, 0x02,
    0x18, 0x20, 0x08, 0x82, 0x00, 0x00, 0x20, 0x80, 0x00, 0x02, 0x40, 0x00, 0x40, 0x8B, 0x00, 0x00, 0xC0, 0x87, 0x00, 0x00, 0x80, 0x87, 0x00, 0x00,
    0x20, 0x81, 0x00, 0x00, 0x80, 0x84, 0x00, 0x00, 0x80, 0x99, 0x00, 0x00, 0x80, 0x89, 0x00, 0x03, 0x10, 0x00, 0x00, 0x80, 0x82, 0x00, 0x03, 0x02,
    0x02, 0x20, 0x20, 0x89, 0x00, 0x03, 0x18, 0x00, 0x02, 0x80, 0x81, 0x00, 0x01, 0x02, 0x03, 0x95, 0x00, 0x00, 0x80, 0x80, 0x00, 0x11, 0x40, 0x80,
    0x20, 0x00, 0x20, 0x00, 0x00, 0x02, 0x00, 0x01, 0x00, 0x02, 0x02, 0x00, 0x00, 0x04, 0x02, 0x10, 0x82, 0x00, 0x00, 0x80, 0x82, 0x00, 0x01, 0x80,
    0x80, 0x81, 0x00, 0x00, 0x03, 0x88, 0x00, 0x09, 0x20, 0x20, 0x00, 0x09, 0x00, 0x00, 0x08, 0x00, 0x11, 0x60, 0x8A, 0x00, 0x00, 0x08, 0x84, 0x00,
    0x01, 0xA7, 0x00, 0x03, 0x80, 0x00, 0x20, 0x60, 0x81, 0x00, 0x04, 0x60, 0x00, 0x00, 0x04, 0x08, 0x86, 0x00, 0x01, 0x01, 0x01, 0x81, 0x00, 0x04,
    0x10, 0x80, 0x00, 0x00, 0x41, 0x80, 0x00, 0x00, 0xC0, 0x85, 0x00, 0x02, 0x02, 0x22, 0x20, 0xA7, 0x00, 0x00, 0xC0, 0x89, 0x00, 0x08, 0x20, 0x40,
    0x40, 0xE0, 0x10, 0x10, 0x00, 0x00, 0x80, 0x86, 0x00, 0x0B, 0x80, 0x80, 0x00, 0x01, 0x0C, 0x01, 0x18, 0x00, 0x10, 0x00, 0x00, 0x60, 0x80, 0x00,
    0x03, 0x40, 0x00, 0x00, 0x30, 0x8E, 0x00, 0x03, 0x01, 0x00, 0x00, 0xC0, 0x81, 0x00, 0x07, 0xC0, 0x80, 0x01, 0x20, 0x03, 0x10, 0x06, 0x10, 0x8B,
    0x00, 0x00, 0x80, 0x84, 0x00, 0x01, 0x80, 0x40, 0x83, 0x00, 0x05, 0x08, 0x08, 0x00, 0x00, 0x20, 0x40, 0x8A, 0x00, 0x02, 0x20, 0x60, 0x80, 0x81,
    0x00, 0x01, 0x07, 0x02, 0x82, 0x00, 0x03, 0x20, 0x00, 0x80, 0x01, 0x87, 0x00, 0x01, 0x08, 0x08, 0x88, 0x00, 0x01, 0x40, 0x90, 0x80, 0x00, 0x00,
    0x01, 0x81, 0x00, 0x01, 0x10, 0x10, 0x86, 0x00, 0x04, 0x02, 0x04, 0x20, 0x00, 0x80, 0x94, 0x00, 0x02, 0x18, 0x00, 0x01, 0x86, 0x00, 0x00, 0x01,
    0x82, 0x00, 0x06, 0x04, 0x48, 0x04, 0x00, 0x40, 0x24, 0x08, 0x8B, 0x00, 0x00, 0x01, 0x80, 0x00, 0x02, 0x40, 0x00, 0x24, 0x83, 0x00, 0x01, 0x40,
    0x20, 0x97, 0x00, 0x06, 0x80, 0x00, 0x40, 0x00, 0x00, 0x18, 0x04, 0x84, 0x00, 0x09, 0x01, 0x00, 0x00, 0x08, 0x20, 0x00, 0x00, 0xC0, 0x00, 0x01,
    0x83, 0x00, 0x03, 0xC0, 0x00, 0x10, 0x08, 0x8C, 0x00, 0x08, 0x02, 0x00, 0x02, 0x10, 0x01, 0x00, 0x00, 0x40, 0x48, 0x81, 0x00, 0x00, 0x20, 0x83,
    0x00, 0x03, 0x03, 0x00, 0x00, 0x80, 0x80, 0x00, 0x01, 0xC0, 0x00, 0x01, 0xA0, 0x00, 0x09, 0x80, 0x18, 0x01, 0x00, 0x80, 0x00, 0x40, 0x00, 0x00,
    0x40, 0x81, 0x00, 0x04, 0x06, 0x00, 0x20, 0x02, 0x41, 0x80, 0x00, 0x08, 0x30, 0x00, 0x00, 0x07, 0x0F, 0x00, 0x00, 0x02, 0x02, 0x81, 0x00, 0x04,
    0x08, 0x04, 0x02, 0x01, 0x00, 0x80, 0xC0, 0x80, 0x00, 0x00, 0x80, 0x83, 0x00, 0x00, 0x30, 0xAB, 0x00, 0x04, 0x08, 0x08, 0x20, 0x00, 0x40, 0x94,
    0x00, 0x08, 0x19, 0x80, 0x01, 0x00, 0x00, 0x04, 0x10, 0x00, 0x20, 0x80, 0x00, 0x80, 0x60, 0x83, 0x00, 0x01, 0x02, 0x08, 0x86, 0x00, 0x06, 0x82,
    0x08, 0x00, 0x00, 0x40, 0x00, 0x80, 0x83, 0x00, 0x09, 0x40, 0x00, 0x00, 0x41, 0x04, 0x20, 0x00, 0x10, 0x00, 0x33, 0x8D, 0x00, 0x03, 0x80, 0x00,
    0x04, 0x04, 0x94, 0x00, 0x00, 0x80, 0x86, 0x00, 0x02, 0x08, 0x00, 0x80, 0x85, 0x00, 0x00, 0x30, 0x86, 0x00, 0x00, 0x01, 0x8B, 0x00, 0x03, 0x10,
    0x08, 0x04, 0x02, 0x80, 0x00, 0x09, 0x80, 0x88, 0x08, 0x00, 0x00, 0x1E, 0x1C, 0x00, 0x00, 0x01, 0x80, 0x00, 0x04, 0x10, 0x08, 0x20, 0x00, 0x0C,
    0x88, 0x00, 0x01, 0x30, 0x03, 0x8B, 0x00, 0x05, 0x80, 0x00, 0x80, 0x03, 0x03, 0x08, 0x84, 0x00, 0x01, 0x40, 0x80, 0x86, 0x00, 0x00, 0x60, 0x82,
    0x00, 0x00, 0x30, 0x85, 0x00, 0x04, 0x20, 0x00, 0x40, 0x02, 0x02, 0x82, 0x00, 0x00, 0x01, 0x84, 0x00, 0x00, 0x10, 0x84, 0x00, 0x01, 0x04, 0x04,
    0x83, 0x00, 0x01, 0xFC, 0xB8, 0x85, 0x00, 0x00, 0x02, 0x84, 0x00, 0x08, 0x04, 0x00, 0x10, 0x40, 0x80, 0x00, 0x00, 0xC2, 0xC3, 0x93, 0x00, 0x00,
    0x30, 0x83, 0x00, 0x00, 0x01, 0x84, 0x00, 0x00, 0x20, 0x83, 0x00, 0x04, 0x80, 0x10, 0x20, 0x00, 0x40, 0x81, 0x00, 0x01, 0x90, 0x00, 0x02, 0x04,
    0x0A, 0x04, 0x90, 0x00, 0x02, 0x80, 0x00, 0x20, 0x86, 0x00, 0x00, 0x80, 0x83, 0x00, 0x00, 0x08, 0x81, 0x00, 0x00, 0x04, 0x83, 0x00, 0x01, 0x08,
    0x04, 0x83, 0x00, 0x00, 0x80, 0x83, 0x00, 0x00, 0x03, 0xAC, 0x00, 0x00, 0x40, 0x81, 0x00, 0x00, 0x80, 0x81, 0x00, 0x02, 0x06, 0x00, 0x10, 0x8E,
    0x00, 0x07, 0x02, 0x04, 0x01, 0x00, 0x10, 0x00, 0x00, 0x30, 0x87, 0x00, 0x00, 0x10, 0x8A, 0x00, 0x02, 0x01, 0x00, 0x20, 0x85, 0x00, 0x07, 0x01,
    0x80, 0x00, 0x21, 0x00, 0x10, 0x04, 0x08, 0x90, 0x00, 0x01, 0x80, 0x20, 0x96, 0x00, 0x00, 0x40, 0x81, 0x00, 0x00, 0x01, 0x81, 0x00, 0x03, 0x01,
    0x00, 0x00, 0x80, 0x8E, 0x00, 0x02, 0x18, 0x80, 0x80, 0x87, 0x00, 0x02, 0x40, 0x04, 0x02, 0x82, 0x00, 0x01, 0x40, 0x04, 0x80, 0x00, 0x01, 0x20,
    0x02, 0xA4, 0x00, 0x02, 0x80, 0x00, 0x04, 0x86, 0x00, 0x06, 0x80, 0x02, 0x00, 0x20, 0x10, 0x01, 0x05, 0x86, 0x00, 0x02, 0x10, 0x10, 0x01, 0x80,
    0x00, 0x00, 0x02, 0x80, 0x00, 0x04, 0x80, 0x00, 0x02, 0x00, 0x01, 0x83, 0x00, 0x00, 0x06, 0x8C, 0x00, 0x03, 0x0C, 0x00, 0x20, 0x40, 0x80, 0x00,
    0x08, 0x02, 0x06, 0x00, 0x60, 0x00, 0x30, 0x00, 0x00, 0x08, 0x84, 0x00, 0x0A, 0x02, 0x01, 0x10, 0x20, 0x40, 0x20, 0x00, 0x00, 0x80, 0x3C, 0x3C,
    0x95, 0x00, 0x09, 0x08, 0x00, 0x00, 0x08, 0x00, 0x00, 0x08, 0x00, 0x00, 0x80, 0x80, 0x00, 0x03, 0x20, 0x00, 0x00, 0x10, 0x89, 0x00, 0x01, 0xA8,
    0x00, 0x00, 0x40, 0x84, 0x00, 0x05, 0x40, 0x00, 0x00, 0x02, 0x80, 0x08, 0x80, 0x00, 0x0C, 0x10, 0x10, 0x00, 0x00, 0x04, 0x00, 0x00, 0x60, 0x00,
    0x30, 0x00, 0x00, 0x80, 0xBB, 0x00, 0x0B, 0x80, 0x20, 0x00, 0x80, 0x00, 0x02, 0x02, 0x00, 0x80, 0x00, 0x04, 0x04, 0x91, 0x00, 0x06, 0x06, 0x08,
    0x00, 0x18, 0x00, 0x00, 0x10, 0x83, 0x00, 0x05, 0x30, 0x00, 0x00, 0x81, 0x00, 0xC0, 0x88, 0x00, 0x04, 0x30, 0x00, 0x00, 0x01, 0x40, 0x82, 0x00,
    0x06, 0x01, 0x00, 0x40, 0x03, 0x00, 0x02, 0x0C, 0x8F, 0x00, 0x02, 0x10, 0x10, 0x40, 0x83, 0x00, 0x01, 0x04, 0x04, 0x91, 0x00, 0x00, 0x80, 0x80,
    0x00, 0x05, 0x04, 0x00, 0x01, 0x01, 0x00, 0x08, 0x93, 0x00, 0x00, 0x80, 0x86, 0x00, 0x00, 0x20, 0x82, 0x00, 0x00, 0x01, 0x81, 0x00, 0x04, 0x04,
    0x00, 0x00, 0x41, 0x61, 0x80, 0x00, 0x05, 0x02, 0x00, 0x08, 0x00, 0x40, 0x40, 0x88, 0x00, 0x00, 0x80, 0x88, 0x00, 0x00, 0x80, 0x86, 0x00, 0x09,
    0x10, 0x00, 0x10, 0x40, 0x40, 0x00, 0x04, 0x04, 0x00, 0x10, 0x80, 0x00, 0x00, 0x03, 0x81, 0x00, 0x00, 0x06, 0x87, 0x00, 0x00, 0x80, 0x9B, 0x00,
    0x00, 0x01, 0x85, 0x00, 0x01, 0x81, 0x01, 0x81, 0x00, 0x04, 0x08, 0x04, 0x02, 0x05, 0x01, 0x83, 0x00, 0x00, 0x0A, 0x81, 0x00, 0x00, 0x40, 0x8B,
    0x00, 0x00, 0x01, 0x88, 0x00, 0x00, 0x01, 0x80, 0x00, 0x00, 0x10, 0x81, 0x00, 0x00, 0x10, 0x86, 0x00, 0x01, 0x40, 0xA0, 0x80, 0x00, 0x01, 0x08,
    0x50, 0x81, 0x00, 0x00, 0x0C, 0x01, 0xA2, 0x00, 0x05, 0x03, 0x80, 0x00, 0xC0, 0x00, 0x60, 0x80, 0x00, 0x80, 0x30, 0x80, 0x00, 0x04, 0x01, 0x00,
    0x00, 0x04, 0x10, 0x80, 0x00, 0x05, 0x20, 0x20, 0x00, 0x00, 0x08, 0x08, 0x82, 0x00, 0x08, 0x10, 0x00, 0x00, 0x02, 0x00, 0x18, 0x00, 0x00, 0x80,
    0x86, 0x00, 0x00, 0x80, 0xAB, 0x00, 0x00, 0x80, 0x97, 0x00, 0x00, 0x30, 0x82, 0x00, 0x04, 0x04, 0x00, 0x08, 0x00, 0x20, 0x82, 0x00, 0x00, 0x10,
    0x88, 0x00, 0x01, 0x80, 0x80, 0x85, 0x00, 0x02, 0x01, 0x00, 0x00, 0x80, 0x80, 0x0A, 0x00, 0x00, 0x02, 0xC0, 0x04, 0x60, 0x00, 0x20, 0x00, 0x00,
    0x01, 0x8D, 0x00, 0x03, 0x20, 0x00, 0x00, 0x40, 0x91, 0x00, 0x00, 0x8C, 0x83, 0x00, 0x01, 0x02, 0x08, 0x84, 0x00, 0x01, 0x04, 0x02, 0x99, 0x00,
    0x05, 0x83, 0x80, 0x28, 0x00, 0x00, 0x01, 0x82, 0x00, 0x04, 0x42, 0x02, 0x00, 0x00, 0x80, 0x81, 0x00, 0x04, 0x01, 0x04, 0x00, 0x00, 0x90, 0x80,
    0x00, 0x80, 0x01, 0x83, 0x00, 0x02, 0x80, 0x80, 0x18, 0x8F, 0x00, 0x05, 0x60, 0x04, 0x20, 0x00, 0x00, 0x01, 0x80, 0x00, 0x00, 0x08, 0x80, 0x00,
    0x03, 0x01, 0x00, 0x10, 0x03, 0x84, 0x00, 0x00, 0x01, 0x85, 0x00, 0x00, 0x01, 0xA3, 0x00, 0x04, 0x60, 0x00, 0x10, 0x00, 0x10, 0x8B, 0x00, 0x02,
    0x80, 0x00, 0x80, 0x85, 0x00, 0x03, 0x40, 0x20, 0x00, 0x0C, 0x8E, 0x00, 0x00, 0x09, 0x85, 0x00, 0x00, 0x20, 0x81, 0x00, 0x00, 0x80, 0x81, 0x00,
    0x80, 0x80, 0x82, 0x00, 0x01, 0x9B, 0x00, 0x00, 0x80, 0x82, 0x00, 0x05, 0x30, 0x80, 0x00, 0x40, 0x00, 0x20, 0x80, 0x00, 0x00, 0x30, 0x80, 0x00,
    0x06, 0x30, 0x00, 0x00, 0x20, 0x02, 0x00, 0x08, 0x80, 0x00, 0x00, 0x20, 0x81, 0x00, 0x01, 0x10, 0x30, 0x84, 0x00, 0x02, 0x82, 0x00, 0x01, 0x88,
    0x00, 0x01, 0x01, 0x18, 0xAC, 0x00, 0x00, 0x0C, 0x86, 0x00, 0x00, 0x10, 0x87, 0x00, 0x02, 0x01, 0x02, 0x01, 0x80, 0x00, 0x05, 0x03, 0x00, 0x00,
    0x02, 0x01, 0x02, 0x82, 0x00, 0x00, 0x10, 0x81, 0x00, 0x03, 0x20, 0x00, 0x00, 0x18, 0x81, 0x00, 0x00, 0x80, 0x82, 0x00, 0x00, 0x80, 0x81, 0x00,
    0x09, 0x03, 0x00, 0x80, 0x00, 0x00, 0x80, 0x00, 0x00, 0x01, 0x80, 0x80, 0x00, 0x06, 0x80, 0x08, 0x50, 0x08, 0x20, 0x80, 0x18, 0x8E, 0x00, 0x03,
    0x20, 0x80, 0x00, 0x80, 0x84, 0x00, 0x01, 0x08, 0x10, 0x8C, 0x00, 0x01, 0x01, 0x04, 0x85, 0x00, 0x03, 0x02, 0x40, 0x00, 0x10, 0x8C, 0x00, 0x01,
    0x03, 0x30, 0x87, 0x00, 0x03, 0x40, 0x10, 0x00, 0x08, 0x82, 0x00, 0x03, 0x80, 0x00, 0x01, 0x01, 0x80, 0x00, 0x00, 0x80, 0x81, 0x00, 0x06, 0x02,
    0x00, 0x28, 0x00, 0x80, 0x00, 0x01, 0x80, 0x00, 0x00, 0x01, 0x85, 0x00, 0x00, 0x01, 0x86, 0x00, 0x01, 0x08, 0x04, 0x83, 0x00, 0x00, 0x08, 0x80,
    0x00, 0x00, 0x02, 0x81, 0x00, 0x00, 0x80, 0x80, 0x00, 0x00, 0x42, 0x8B, 0x00, 0x02, 0x04, 0x06, 0x04, 0x81, 0x00, 0x00, 0x02, 0x80, 0x00, 0x00,
    0x18, 0x82, 0x00, 0x00, 0x01, 0x94, 0x00, 0x01, 0x70, 0x30, 0x80, 0x00, 0x01, 0x20, 0x08, 0x80, 0x00, 0x10, 0x02, 0x00, 0x00, 0x02, 0x02, 0x00,
    0x00, 0x04, 0x00, 0x08, 0x10, 0x20, 0x40, 0x00, 0x00, 0x81, 0x80, 0x86, 0x00, 0x01, 0x04, 0x04, 0x84, 0x00, 0x00, 0x20, 0x84, 0x00, 0x02, 0x12,
    0x00, 0x02, 0x81, 0x00, 0x02, 0x01, 0x00, 0x40, 0x80, 0x00, 0x00, 0x80, 0x80, 0x00, 0x02, 0x04, 0x4C, 0x04, 0x80, 0x00, 0x04, 0x20, 0x00, 0x00,
    0x80, 0x00, 0x01, 0x82, 0x00, 0x00, 0x20, 0x9A, 0x00, 0x09, 0x20, 0x22, 0x02, 0x00, 0x80, 0x00, 0x40, 0x00, 0x00, 0x30, 0x81, 0x00, 0x05, 0x02,
    0x12, 0x00, 0x40, 0x00, 0xC5, 0x81, 0x00, 0x06, 0x40, 0x00, 0x40, 0x00, 0x00, 0x20, 0xC0, 0x83, 0x00, 0x02, 0x04, 0x00, 0x81, 0x80, 0x00, 0x00,
    0x80, 0xA9, 0x00, 0x02, 0x04, 0x0A, 0x04, 0x83, 0x00, 0x01, 0x40, 0x40, 0x87, 0x00, 0x01, 0xA0, 0x40, 0x90, 0x00, 0x00, 0x01, 0x80, 0x00, 0x05,
    0x08, 0x00, 0x10, 0x00, 0x00, 0x20, 0x80, 0x00, 0x00, 0x30, 0x82, 0x00, 0x12, 0x0C, 0x00, 0x00, 0x60, 0x80, 0x00, 0x00, 0x40, 0x00, 0x40, 0x00,
    0x00, 0x06, 0x00, 0x60, 0x00, 0x40, 0x00, 0x01, 0x82, 0x00, 0x09, 0x80, 0x01, 0x00, 0x42, 0x00, 0x20, 0x00, 0x10, 0x80, 0x80, 0x88, 0x00, 0x00,
    0xC0, 0x84, 0x00, 0x01, 0x04, 0x04, 0x88, 0x00, 0x01, 0x40, 0x40, 0x93, 0x00, 0x07, 0x01, 0x10, 0x20, 0x10, 0xC0, 0x00, 0x40, 0x03, 0x94, 0x00,
    0x03, 0x40, 0x10, 0x00, 0x04, 0x82, 0x00, 0x01, 0x20, 0x20, 0x87, 0x00, 0x05, 0x14, 0x00, 0x20, 0x00, 0x09, 0x08, 0x81, 0x00, 0x00, 0x01, 0x83,
    0x00, 0x01, 0x08, 0x08, 0x93, 0x00, 0x00, 0x02, 0x82, 0x00, 0x03, 0x04, 0x21, 0x00, 0x08, 0x83, 0x00, 0x00, 0xC0, 0x82, 0x00, 0x04, 0x01, 0x00,
    0x00, 0x02, 0x04, 0x80, 0x00, 0x03, 0x20, 0x00, 0x00, 0x80, 0x95, 0x00, 0x0A, 0x08, 0x10, 0x00, 0xC0, 0x00, 0x00, 0x0C, 0x0C, 0x60, 0x00, 0x10,
    0x80, 0x00, 0x01, 0x08, 0x04, 0x83, 0x00, 0x01, 0x01, 0x01, 0x82, 0x00, 0x03, 0x80, 0x00, 0x62, 0x63, 0x94, 0x00, 0x02, 0x18, 0x00, 0x04, 0x80,
    0x00, 0x07, 0x20, 0x00, 0x00, 0x02, 0x04, 0x00, 0x00, 0x80, 0x82, 0x00, 0x03, 0x04, 0x08, 0x00, 0x08, 0x81, 0x00, 0x00, 0x80, 0x80, 0x00, 0x01,
    0xA3, 0x00, 0x05, 0x40, 0x00, 0x60, 0x00, 0x00, 0x30, 0x83, 0x00, 0x00, 0x20, 0x8C, 0x00, 0x00, 0x01, 0x80, 0x00, 0x04, 0x20, 0x08, 0x10, 0x08,
    0x00, 0x80, 0x80, 0xB4, 0x00, 0x04, 0x60, 0x00, 0x00, 0x04, 0x04, 0x82, 0x00, 0x00, 0x40, 0x93, 0x00, 0x08, 0x01, 0x02, 0x04, 0x00, 0x0C, 0x00,
    0x08, 0x00, 0x00, 0x80, 0x30, 0x81, 0x00, 0x00, 0x80, 0x80, 0x00, 0x00, 0x06, 0x84, 0x00, 0x00, 0x0C, 0x84, 0x00, 0x00, 0x80, 0x80, 0x01, 0x08,
    0x00, 0x00, 0x02, 0x80, 0x06, 0x00, 0xC4, 0x08, 0x50, 0x8B, 0x00, 0x01, 0x40, 0x40, 0x80, 0x00, 0x00, 0x20, 0x84, 0x00, 0x01, 0x04, 0x04, 0x84,
    0x00, 0x00, 0xC0, 0x8C, 0x00, 0x01, 0x02, 0x41, 0x87, 0x00, 0x03, 0x20, 0x00, 0x00, 0x60, 0x92, 0x00, 0x05, 0x20, 0x00, 0x00, 0x02, 0x01, 0x02,
    0x81, 0x00, 0x00, 0x90, 0x93, 0x00, 0x00, 0x01, 0x81, 0x00, 0x00, 0xC0, 0x87, 0x00, 0x00, 0xC0, 0x88, 0x00, 0x02, 0x01, 0x04, 0x20, 0x81, 0x00,
    0x00, 0x0A, 0x80, 0x00, 0x01, 0x20, 0x08, 0x88, 0x00, 0x03, 0x04, 0x02, 0x80, 0x80, 0x82, 0x00, 0x03, 0x14, 0x00, 0x18, 0x20, 0x92, 0x00, 0x00,
    0x03, 0x81, 0x00, 0x0C, 0x80, 0x80, 0x00, 0x02, 0x22, 0x00, 0x00, 0x20, 0x00, 0x10, 0x04, 0x00, 0x01, 0x85, 0x00, 0x03, 0x14, 0x20, 0x40, 0x80,
    0x80, 0x00, 0x01, 0x1C, 0x1C, 0x81, 0x00, 0x00, 0x80, 0x93, 0x00, 0x03, 0x04, 0x01, 0x10, 0x30, 0x83, 0x00, 0x01, 0x40, 0x80, 0x84, 0x00, 0x01,
    0x04, 0x10, 0x82, 0x00, 0x00, 0x18, 0x01, 0xA0, 0x00, 0x07, 0x60, 0x06, 0x40, 0x00, 0x00, 0x40, 0x00, 0x10, 0x84, 0x00, 0x08, 0x03, 0x00, 0x00,
    0x20, 0x00, 0x02, 0x00, 0x00, 0x10, 0x82, 0x00, 0x04, 0x40, 0x40, 0x00, 0x00, 0x60, 0x82, 0x00, 0x01, 0x04, 0x02, 0x89, 0x00, 0x01, 0x0C, 0xC0,
    0xAC, 0x00, 0x01, 0x80, 0x40, 0x84, 0x00, 0x00, 0x20, 0x80, 0x00, 0x01, 0x10, 0x20, 0x88, 0x00, 0x00, 0x66, 0x82, 0x00, 0x03, 0x02, 0x00, 0x00,
    0x10, 0x85, 0x00, 0x07, 0x08, 0x00, 0x00, 0xC0, 0x01, 0x00, 0x40, 0x40, 0x83, 0x00, 0x00, 0x10, 0x80, 0x00, 0x00, 0x82, 0x85, 0x00, 0x09, 0x01,
    0x00, 0x00, 0x08, 0x40, 0x00, 0x00, 0x40, 0x00, 0xCC, 0x8C, 0x00, 0x03, 0x10, 0x08, 0x00, 0x40, 0x97, 0x00, 0x03, 0x02, 0x01, 0x08, 0x04, 0x81,
    0x00, 0x00, 0x08, 0x80, 0x00, 0x01, 0x0C, 0x80, 0x8C, 0x00, 0x02, 0x06, 0x20, 0x20, 0x87, 0x00, 0x01, 0x08, 0x04, 0x8C, 0x00, 0x08, 0x01, 0x00,
    0x00, 0x08, 0x00, 0x40, 0x40, 0x00, 0x18, 0x84, 0x00, 0x00, 0x01, 0x82, 0x00, 0x00, 0x0C, 0x92, 0x00, 0x00, 0x10, 0x84, 0x00, 0x02, 0x02, 0x10,
    0x04, 0x81, 0x00, 0x01, 0x04, 0x08, 0x82, 0x00, 0x02, 0x18, 0x00, 0x02, 0x81, 0x00, 0x01, 0x04, 0x04, 0x81, 0x00, 0x08, 0x04, 0x00, 0x01, 0x00,
    0x40, 0x41, 0x00, 0x00, 0x0C, 0x8A, 0x00, 0x01, 0x02, 0x02, 0x83, 0x00, 0x08, 0x01, 0x41, 0x00, 0x10, 0x00, 0x08, 0x00, 0x08, 0x02, 0x84, 0x00,
    0x01, 0x02, 0x08, 0x8A, 0x00, 0x06, 0x80, 0x80, 0x00, 0x20, 0x20, 0x00, 0x06, 0x8A, 0x00, 0x00, 0x80, 0x80, 0x00, 0x04, 0x20, 0x02, 0x00, 0x20,
    0x08, 0x8C, 0x00, 0x02, 0x28, 0x00, 0x40, 0x80, 0x00, 0x01, 0xA2, 0x00, 0x05, 0x80, 0x00, 0x80, 0x40, 0x00, 0x20, 0x81, 0x00, 0x00, 0x08, 0x80,
    0x00, 0x07, 0x30, 0x00, 0x41, 0x00, 0x00, 0x84, 0x08, 0x20, 0x83, 0x00, 0x00, 0x01, 0x81, 0x00, 0x06, 0x10, 0x00, 0x00, 0x04, 0x02, 0x00, 0x01,
    0x98, 0x00, 0x00, 0x10, 0x8A, 0x00, 0x00, 0x80, 0x93, 0x00, 0x01, 0x02, 0x02, 0x80, 0x00, 0x01, 0xA4, 0x14, 0x91, 0x00, 0x05, 0x01, 0x00, 0x00,
    0x04, 0x00, 0x18, 0x91, 0x00, 0x07, 0x80, 0x00, 0x20, 0x00, 0x00, 0x40, 0x00, 0x80, 0x82, 0x00, 0x08, 0x03, 0x00, 0x04, 0x80, 0x00, 0x50, 0x20,
    0x00, 0x20, 0x8E, 0x00, 0x00, 0x80, 0x88, 0x00, 0x04, 0x01, 0x02, 0x01, 0x00, 0x80, 0x8A, 0x00, 0x00, 0x40, 0x88, 0x00, 0x05, 0x21, 0x00, 0xA0,
    0x00, 0x00, 0x80, 0x8A, 0x00, 0x00, 0x60, 0x85, 0x00, 0x07, 0x80, 0x90, 0x20, 0x08, 0x04, 0x00, 0x00, 0x01, 0x81, 0x00, 0x00, 0x10, 0x84, 0x00,
    0x06, 0x02, 0x04, 0x00, 0x00, 0x10, 0x00, 0x01, 0x80, 0x00, 0x00, 0x02, 0x98, 0x00, 0x0D, 0x03, 0x01, 0x08, 0x00, 0x00, 0x08, 0x1C, 0x00, 0x00,
    0x40, 0x04, 0x00, 0x01, 0x40, 0x94, 0x00, 0x01, 0x40, 0x80, 0x82, 0x00, 0x00, 0xC0, 0x95, 0x00, 0x09, 0x20, 0x40, 0x00, 0x10, 0x20, 0x00, 0x10,
    0x00, 0x00, 0x04, 0x85, 0x00, 0x04, 0x02, 0x20, 0x10, 0x20, 0x40, 0x8A, 0x00, 0x00, 0x30, 0x8D, 0x00, 0x03, 0x10, 0x00, 0x00, 0x10, 0x80, 0x00,
    0x01, 0x01, 0x10, 0x82, 0x00, 0x0B, 0x40, 0x00, 0x00, 0x20, 0x00, 0x80, 0x00, 0x08, 0x00, 0x00, 0x10, 0x80, 0x80, 0x00, 0x01, 0xA2, 0x00, 0x04,
    0x40, 0x00, 0x60, 0x00, 0x30, 0x80, 0x00, 0x03, 0x18, 0x18, 0x10, 0x18, 0x83, 0x00, 0x00, 0x40, 0x82, 0x00, 0x03, 0x01, 0x03, 0x00, 0x80, 0x83,
    0x00, 0x00, 0x20, 0x81, 0x00, 0x01, 0x10, 0x20, 0xBA, 0x00, 0x00, 0x80, 0x82, 0x00, 0x02, 0x10, 0x40, 0x20, 0x92, 0x00, 0x02, 0x04, 0x00, 0x08,
    0x80, 0x00, 0x00, 0x80, 0x82, 0x00, 0x02, 0x90, 0x00, 0x04, 0x81, 0x00, 0x00, 0x20, 0x85, 0x00, 0x02, 0x44, 0x00, 0x01, 0x86, 0x00, 0x06, 0x02,
    0x00, 0x84, 0x00, 0xC0, 0x00, 0x40, 0x8E, 0x00, 0x02, 0x40, 0x80, 0x80, 0x88, 0x00, 0x01, 0x10, 0x90, 0x86, 0x00, 0x06, 0xC4, 0x02, 0x00, 0x00,
    0x80, 0x00, 0x80, 0x86, 0x00, 0x00, 0x10, 0x80, 0x00, 0x00, 0x10, 0x96, 0x00, 0x00, 0x01, 0x85, 0x00, 0x01, 0x40, 0x40, 0x80, 0x00, 0x01, 0x78,
    0x70, 0x83, 0x00, 0x01, 0x20, 0x80, 0x81, 0x00, 0x03, 0x03, 0x01, 0x03, 0x03, 0x80, 0x00, 0x03, 0x01, 0x00, 0x00, 0x60, 0x89, 0x00, 0x00, 0x06,
    0x82, 0x00, 0x03, 0x44, 0x52, 0x00, 0x10, 0x88, 0x00, 0x01, 0x02, 0x04, 0x88, 0x00, 0x04, 0x02, 0x00, 0x01, 0x00, 0x02, 0x80, 0x00, 0x0C, 0x1C,
    0x08, 0x22, 0x20, 0x40, 0x00, 0x00, 0x01, 0x01, 0x00, 0x00, 0x08, 0x08, 0x8B, 0x00, 0x02, 0x06, 0x00, 0x30, 0x80, 0x00, 0x01, 0x18, 0x18, 0x80,
    0x00, 0x00, 0x08, 0x82, 0x00, 0x0F, 0x01, 0x00, 0x02, 0x02, 0x00, 0x00, 0x04, 0x00, 0x08, 0x40, 0x80, 0x00, 0x80, 0x00, 0xC0, 0x80, 0x88, 0x00,
    0x01, 0x02, 0x02, 0x8A, 0x00, 0x09, 0x08, 0x04, 0x20, 0x00, 0x01, 0x02, 0x13, 0x00, 0x00, 0x08, 0x83, 0x00, 0x06, 0x84, 0x80, 0x40, 0x00, 0x40,
    0x00, 0x04, 0x83, 0x00, 0x00, 0x82, 0x00, 0x00, 0x20, 0x8A, 0x00, 0x02, 0x04, 0x0E, 0x04, 0x8A, 0x00, 0x05, 0x80, 0x08, 0x00, 0x60, 0xA0, 0x30,
    0x80, 0x10, 0x82, 0x08, 0x1C, 0x18, 0x11, 0x10, 0x30, 0x20, 0x41, 0xC2, 0x8C, 0x08, 0x10, 0x20, 0x40, 0x7C, 0x03, 0x00, 0x00, 0xFC, 0x43, 0x40,
    0x40, 0x60, 0x20, 0x30, 0x10, 0x08, 0x04, 0x03, 0x01, 0x20, 0x87, 0x00, 0x01, 0x02, 0x20, 0x8B, 0x00, 0x00, 0x10, 0x8F, 0x00, 0x02, 0x04, 0x0E,
    0x04, 0x84, 0x00, 0x05, 0x20, 0x00, 0xC0, 0xC0, 0x84, 0x80, 0x80, 0x00, 0x05, 0x02, 0xC0, 0x60, 0x30, 0xF0, 0x04, 0x80, 0x00, 0x00, 0x20, 0x83,
    0x00, 0x00, 0x01, 0x81, 0x00, 0x00, 0x88, 0x81, 0x00, 0x03, 0x01, 0x02, 0x04, 0x04, 0x80, 0x08, 0x00, 0x90, 0x81, 0x10, 0x14, 0x08, 0x88, 0x88,
    0xCC, 0x45, 0x45, 0x42, 0xE0, 0x00, 0x04, 0x0E, 0xC4, 0x40, 0x80, 0x08, 0x14, 0x34, 0x66, 0x42, 0x82, 0x82, 0x82, 0x01, 0x80, 0x02, 0x08, 0x04,
    0x04, 0x08, 0x90, 0xA0, 0xC0, 0x00, 0x00, 0x22, 0x89, 0x00, 0x09, 0x40, 0x00, 0x00, 0xC0, 0x48, 0xC0, 0x80, 0x00, 0x00, 0x04, 0x80, 0x00, 0x08,
    0x04, 0x00, 0x00, 0x01, 0x80, 0x90, 0x80, 0x00, 0x80, 0x83, 0x00, 0x01, 0x40, 0x02, 0x80, 0x00, 0x13, 0x83, 0xC6, 0x5C, 0x49, 0xCB, 0x4C, 0x21,
    0x70, 0x27, 0x04, 0x62, 0xF3, 0x94, 0x90, 0x90, 0xB0, 0xE0, 0x40, 0x02, 0x40, 0x86, 0x00, 0x02, 0x08, 0x00, 0x40, 0x85, 0x00, 0x06, 0xC0, 0x30,
    0x18, 0x04, 0x02, 0x01, 0x01, 0x80, 0x00, 0x12, 0xC0, 0x38, 0x07, 0x00, 0x00, 0xF8, 0x87, 0x00, 0x00, 0x01, 0x02, 0x06, 0x08, 0x30, 0xE0, 0x01,
    0x01, 0x11, 0x03, 0x82, 0x02, 0x81, 0x01, 0x03, 0x00, 0x00, 0x20, 0x02, 0x85, 0x00, 0x02, 0x40, 0x00, 0x02, 0x82, 0x00, 0x10, 0x47, 0x1C, 0x30,
    0x20, 0x61, 0x7E, 0x00, 0x00, 0x04, 0x60, 0x7C, 0x46, 0x63, 0x21, 0xB1, 0x1F, 0x01, 0x81, 0x00, 0x00, 0x08, 0x82, 0x00, 0x14, 0x08, 0x04, 0x07,
    0x85, 0x04, 0x04, 0x02, 0x01, 0x04, 0x00, 0x3F, 0x61, 0xC6, 0x7C, 0x02, 0x00, 0x00, 0x80, 0x00, 0x00, 0x08, 0x8C, 0x00, 0x13, 0x04, 0x00, 0x00,
    0x20, 0x00, 0x00, 0x3C, 0x23, 0x30, 0x10, 0x10, 0x08, 0x08, 0x04, 0x06, 0x03, 0x01, 0x00, 0x00, 0x02, 0x80, 0x00, 0x04, 0x07, 0x1C, 0x30, 0x40,
    0x80, 0x80, 0x00, 0x01, 0xE1, 0x1E, 0x83, 0x00, 0x06, 0x80, 0x00, 0x00, 0x10, 0x00, 0x00, 0x02, 0x88, 0x00, 0x05, 0x04, 0x80, 0x10, 0x18, 0x3C,
    0x26, 0x80, 0x22, 0x15, 0x32, 0x5A, 0x0C, 0x00, 0xC0, 0x62, 0x67, 0xC2, 0x00, 0x04, 0x9C, 0x34, 0x44, 0xC4, 0x84, 0x8C, 0xD8, 0x70, 0x60, 0x00,
    0x00, 0x11, 0x01, 0x81, 0x00, 0x02, 0x20, 0x50, 0x20, 0x9E, 0x00, 0x03, 0x20, 0x00, 0x00, 0x18, 0x82, 0x00, 0x07, 0x10, 0x08, 0x00, 0x20, 0x00,
    0x20, 0x01, 0x08, 0x80, 0x00, 0x06, 0x20, 0x04, 0x04, 0x00, 0x00, 0x04, 0xC4, 0x84, 0x00, 0x02, 0x08, 0x05, 0x02, 0x87, 0x00, 0x01, 0x02, 0x02,
    0xAA, 0x00, 0x02, 0x80, 0x00, 0x40, 0x84, 0x00, 0x00, 0x40, 0x8A, 0x00, 0x00, 0x01, 0x87, 0x00, 0x06, 0x01, 0x06, 0x00, 0x04, 0x00, 0x00, 0x08,
    0x80, 0x00, 0x00, 0x08, 0x83, 0x00, 0x00, 0x60, 0x82, 0x00, 0x00, 0x80, 0x82, 0x00, 0x03, 0x80, 0x00, 0x80, 0x02, 0x80, 0x00, 0x07, 0x02, 0x00,
    0x00, 0x04, 0x00, 0x0C, 0x10, 0x80, 0x93, 0x00, 0x00, 0x40, 0x84, 0x00, 0x01, 0x04, 0x04, 0x81, 0x00, 0x00, 0x80, 0x8B, 0x00, 0x01, 0x02, 0x30,
    0x97, 0x00, 0x02, 0x08, 0x08, 0xC0, 0x86, 0x00, 0x02, 0x08, 0x14, 0x02, 0x82, 0x00, 0x07, 0x80, 0xA0, 0x04, 0x04, 0x00, 0x00, 0x04, 0x84, 0x81,
    0x00, 0x07, 0x02, 0x10, 0x00, 0x20, 0x00, 0x00, 0x02, 0x01, 0x82, 0x00, 0x00, 0x03, 0x8C, 0x00, 0x00, 0x60, 0x85, 0x00, 0x03, 0x04, 0x00, 0x00,
    0x02, 0x83, 0x00, 0x05, 0x04, 0x02, 0x00, 0x00, 0x10, 0x01, 0x8D, 0x00, 0x01, 0x04, 0x02, 0x9F, 0x00, 0x04, 0x03, 0x12, 0x20, 0x00, 0x18, 0x88,
    0x00, 0x03, 0x01, 0x01, 0x04, 0x10, 0x82, 0x00, 0x01, 0x1E, 0x1E, 0x83, 0x00, 0x01, 0x80, 0x40, 0x81, 0x00, 0x00, 0x03, 0x8B, 0x00, 0x01, 0x20,
    0x10, 0x8E, 0x00, 0x03, 0x80, 0x40, 0x00, 0x80, 0x81, 0x00, 0x00, 0x30, 0x01, 0xA4, 0x00, 0x01, 0x70, 0x80, 0x86, 0x00, 0x00, 0x10, 0x88, 0x00,
    0x00, 0x08, 0x83, 0x00, 0x04, 0x20, 0x00, 0x10, 0x00, 0x10, 0x8B, 0x00, 0x01, 0x20, 0x20, 0xAA, 0x00, 0x00, 0x40, 0x98, 0x00, 0x01, 0x80, 0x80,
    0x83, 0x00, 0x08, 0x02, 0x08, 0x00, 0x00, 0x10, 0x18, 0x00, 0x18, 0x10, 0x80, 0x00, 0x02, 0x88, 0x00, 0x02, 0x86, 0x00, 0x02, 0x08, 0x00, 0x02,
    0x80, 0x00, 0x0C, 0x01, 0x03, 0x00, 0x03, 0x01, 0x00, 0x00, 0x02, 0x08, 0x00, 0x00, 0x20, 0xC0, 0x8D, 0x00, 0x00, 0x60, 0x80, 0x00, 0x00, 0x80,
    0x8D, 0x00, 0x01, 0x80, 0x80, 0x88, 0x00, 0x04, 0x40, 0x84, 0x00, 0x04, 0x80, 0x82, 0x00, 0x00, 0x02, 0x83, 0x00, 0x01, 0x02, 0xC4, 0x91, 0x00,
    0x06, 0x20, 0x20, 0x00, 0x00, 0x01, 0x00, 0x01, 0x85, 0x00, 0x00, 0x02, 0x88, 0x00, 0x00, 0x01, 0x87, 0x00, 0x00, 0x01, 0x90, 0x00, 0x03, 0x08,
    0x00, 0x00, 0x01, 0x80, 0x00, 0x03, 0x04, 0x04, 0x10, 0x22, 0x80, 0x00, 0x00, 0x29, 0x88, 0x00, 0x02, 0x08, 0x08, 0x04, 0x87, 0x00, 0x01, 0x04,
    0x02, 0x9A, 0x00, 0x00, 0x20, 0x81, 0x00, 0x00, 0x04, 0x80, 0x00, 0x00, 0x01, 0x82, 0x00, 0x04, 0x02, 0x08, 0x08, 0x40, 0x80, 0x8C, 0x00, 0x01,
    0x10, 0x08, 0x94, 0x00, 0x00, 0xC0, 0x87, 0x00, 0x04, 0x20, 0x00, 0x80, 0xC8, 0x10, 0x82, 0x00, 0x01, 0xA0, 0x00, 0x07, 0x80, 0x18, 0x01, 0x50,
    0x00, 0x00, 0x08, 0x18, 0x87, 0x00, 0x03, 0x10, 0x00, 0x00, 0x02, 0x86, 0x00, 0x00, 0x08, 0x83, 0x00, 0x01, 0x08, 0x04, 0x8A, 0x00, 0x00, 0x30,
    0xAD, 0x00, 0x01, 0x04, 0x04, 0x80, 0x00, 0x03, 0x02, 0x22, 0x10, 0x20, 0x8E, 0x00, 0x01, 0x19, 0x80, 0x81, 0x00, 0x01, 0x02, 0x01, 0x83, 0x00,
    0x00, 0x18, 0x96, 0x00, 0x00, 0x03, 0x83, 0x00, 0x07, 0x10, 0x08, 0x00, 0x00, 0x40, 0x00, 0x00, 0x33, 0x89, 0x00, 0x05, 0x20, 0x20, 0x00, 0x00,
    0x08, 0x08, 0x85, 0x00, 0x02, 0x0C, 0x00, 0x80, 0x82, 0x00, 0x00, 0x80, 0x87, 0x00, 0x01, 0x04, 0x08, 0x80, 0x00, 0x00, 0x40, 0x82, 0x00, 0x00,
    0x80, 0x80, 0x00, 0x02, 0x20, 0x80, 0x20, 0x88, 0x00, 0x00, 0x01, 0x86, 0x00, 0x00, 0x80, 0x80, 0x00, 0x01, 0x04, 0x02, 0x81, 0x00, 0x02, 0x40,
    0x00, 0x22, 0x86, 0x00, 0x03, 0x08, 0x00, 0x40, 0x41, 0x87, 0x00, 0x06, 0x03, 0x02, 0x00, 0x00, 0x01, 0x30, 0x03, 0x85, 0x00, 0x01, 0x20, 0x20,
    0x8D, 0x00, 0x03, 0x10, 0x01, 0x40, 0x10, 0x82, 0x00, 0x02, 0x01, 0x00, 0x18, 0x85, 0x00, 0x00, 0xC0, 0x85, 0x00, 0x01, 0x01, 0x80, 0x93, 0x00,
    0x0F, 0x04, 0x08, 0x00, 0x60, 0x00, 0x10, 0x00, 0x01, 0x00, 0x18, 0x00, 0x00, 0x08, 0x02, 0x04, 0x02, 0x85, 0x00, 0x00, 0x20, 0x82, 0x00, 0x01,
    0x80, 0x80, 0x97, 0x00, 0x04, 0xC0, 0x10, 0x00, 0x00, 0x02, 0x81, 0x00, 0x03, 0x80, 0x80, 0x00, 0x40, 0x88, 0x00, 0x05, 0x04, 0x28, 0x00, 0x00,
    0x20, 0x20, 0x01, 0x90, 0x00, 0x02, 0x04, 0x0A, 0x04, 0x8E, 0x00, 0x02, 0x80, 0x00, 0x10, 0x80, 0x00, 0x10, 0x04, 0x0C, 0x0C, 0x00, 0x00, 0x01,
    0x18, 0x00, 0x00, 0x01, 0x00, 0x00, 0x04, 0x08, 0x10, 0x00, 0x08, 0x85, 0x00, 0x07, 0x40, 0x00, 0x20, 0x00, 0x00, 0x0A, 0x01, 0x01, 0x86, 0x00,
    0x00, 0x03, 0xAA, 0x00, 0x01, 0x20, 0x10, 0x84, 0x00, 0x00, 0x80, 0x96, 0x00, 0x05, 0x01, 0x00, 0x00, 0x04, 0x00, 0x0C, 0x83, 0x00, 0x04, 0x80,
    0x00, 0x40, 0x00, 0x01, 0x88, 0x00, 0x00, 0x10, 0x87, 0x00, 0x06, 0x06, 0x00, 0x04, 0x00, 0x00, 0x10, 0x20, 0x91, 0x00, 0x00, 0x40, 0x88, 0x00,
    0x02, 0x01, 0x00, 0x30, 0x8A, 0x00, 0x04, 0x01, 0x00, 0x00, 0x40, 0x80, 0x80, 0x00, 0x03, 0x01, 0x00, 0x02, 0x01, 0x81, 0x00, 0x01, 0x40, 0x10,
    0x8A, 0x00, 0x02, 0x18, 0x80, 0x80, 0x83, 0x00, 0x03, 0x40, 0x90, 0x10, 0x0A, 0x8A, 0x00, 0x10, 0x02, 0x00, 0x01, 0x02, 0x04, 0x00, 0x00, 0x90,
    0x00, 0x00, 0x23, 0x10, 0x00, 0x00, 0x06, 0x06, 0x04, 0x80, 0x00, 0x00, 0x01, 0x8C, 0x00, 0x01, 0x02, 0x02, 0x81, 0x00, 0x00, 0xC0, 0x80, 0x00,
    0x01, 0x20, 0x02, 0x80, 0x00, 0x00, 0x08, 0x82, 0x00, 0x00, 0x08, 0x87, 0x00, 0x05, 0x0C, 0x00, 0x00, 0x48, 0x4C, 0x08, 0x82, 0x00, 0x04, 0x20,
    0x00, 0x80, 0x00, 0x03, 0x82, 0x00, 0x00, 0x18, 0x8F, 0x00, 0x03, 0x40, 0x40, 0x08, 0x28, 0x81, 0x00, 0x00, 0x04, 0x88, 0x00, 0x08, 0x12, 0x00,
    0x00, 0x40, 0x80, 0x00, 0x00, 0x40, 0x40, 0x9C, 0x00, 0x06, 0x64, 0x60, 0x00, 0x00, 0x04, 0x00, 0x04, 0x8B, 0x00, 0x00, 0x10, 0x80, 0x00, 0x01,
    0xA4, 0x00, 0x0A, 0x20, 0x18, 0x80, 0x00, 0x00, 0x0C, 0x08, 0x00, 0x00, 0x0C, 0x04, 0x82, 0x00, 0x02, 0x80, 0x00, 0x80, 0x84, 0x00, 0x02, 0x08,
    0x01, 0xC1, 0x81, 0x00, 0x00, 0x10, 0x80, 0x00, 0x01, 0x04, 0x60, 0x96, 0x00, 0x02, 0x10, 0x28, 0x10, 0xA6, 0x00, 0x04, 0x04, 0x04, 0x00, 0x00,
    0x60, 0x8E, 0x00, 0x01, 0x01, 0x02, 0x80, 0x00, 0x01, 0x04, 0xC0, 0x83, 0x00, 0x03, 0x0C, 0x00, 0x00, 0x60, 0x86, 0x00, 0x03, 0x20, 0x00, 0x20,
    0x06, 0x84, 0x00, 0x00, 0x04, 0x80, 0x00, 0x03, 0x08, 0x30, 0x00, 0x80, 0x93, 0x00, 0x04, 0x80, 0x00, 0x00, 0x04, 0x04, 0x81, 0x00, 0x04, 0x80,
    0x00, 0x00, 0x20, 0x20, 0x85, 0x00, 0x00, 0x60, 0x84, 0x00, 0x05, 0x40, 0x40, 0x05, 0x01, 0x02, 0x01, 0x80, 0x00, 0x00, 0x40, 0x90, 0x00, 0x00,
    0x80, 0x84, 0x00, 0x01, 0x40, 0x04, 0x80, 0x00, 0x07, 0x01, 0x00, 0x00, 0x80, 0x00, 0x10, 0x10, 0x02, 0x86, 0x00, 0x02, 0x20, 0x00, 0x80, 0x80,
    0x00, 0x05, 0x04, 0x06, 0x00, 0x00, 0x02, 0x06, 0x80, 0x00, 0x01, 0x03, 0x80, 0x8B, 0x00, 0x00, 0x03, 0x82, 0x00, 0x03, 0x08, 0x11, 0x00, 0x04,
    0x82, 0x00, 0x04, 0x08, 0x20, 0x00, 0x01, 0x04, 0x8B, 0x00, 0x02, 0x01, 0x02, 0x04, 0x83, 0x00, 0x06, 0x10, 0x00, 0x00, 0x18, 0x00, 0x80, 0x80,
    0x8E, 0x00, 0x00, 0x01, 0x82, 0x00, 0x09, 0x06, 0x06, 0x00, 0x18, 0x00, 0x00, 0x08, 0x00, 0x04, 0x01, 0x80, 0x00, 0x07, 0x02, 0x02, 0x00, 0x00,
    0x04, 0x00, 0x00, 0x20, 0x81, 0x00, 0x01, 0x20, 0x20, 0x85, 0x00, 0x01, 0x40, 0x40, 0x80, 0x00, 0x00, 0x01, 0x88, 0x00, 0x09, 0x06, 0x00, 0x00,
    0x08, 0x04, 0x40, 0x00, 0x00, 0x40, 0x10, 0x81, 0x00, 0x03, 0x80, 0x40, 0x20, 0x80, 0x80, 0x00, 0x02, 0x02, 0x06, 0x02, 0x83, 0x00, 0x00, 0x03,
    0x01, 0xA1, 0x00, 0x07, 0x30, 0x03, 0x00, 0x08, 0xC0, 0x00, 0x00, 0x0C, 0x82, 0x00, 0x07, 0x08, 0x00, 0x00, 0x08, 0x00, 0x40, 0x00, 0x40, 0x81,
    0x00, 0x01, 0x10, 0x10, 0x80, 0x00, 0x00, 0x10, 0x80, 0x00, 0x00, 0x20, 0x80, 0x00, 0x00, 0x10, 0x8A, 0x00, 0x01, 0x18, 0x80, 0xAD, 0x00, 0x00,
    0x80, 0x81, 0x00, 0x00, 0x80, 0x84, 0x00, 0x01, 0x40, 0x40, 0x87, 0x00, 0x00, 0x33, 0x85, 0x00, 0x02, 0x02, 0x00, 0x08, 0x83, 0x00, 0x01, 0x04,
    0x80, 0x80, 0x00, 0x00, 0x01, 0x84, 0x00, 0x05, 0x10, 0x00, 0x40, 0x00, 0x40, 0x04, 0x83, 0x00, 0x02, 0x02, 0x00, 0x08, 0x80, 0x00, 0x00, 0x60,
    0x80, 0x00, 0x01, 0x80, 0x19, 0x8B, 0x00, 0x00, 0x80, 0x88, 0x00, 0x01, 0x08, 0x08, 0x8A, 0x00, 0x00, 0x03, 0x80, 0x00, 0x00, 0x81, 0x87, 0x00,
    0x06, 0x20, 0x00, 0x08, 0x08, 0x00, 0x00, 0x40, 0x88, 0x00, 0x00, 0x03, 0x86, 0x00, 0x00, 0x20, 0x80, 0x00, 0x00, 0x01, 0x83, 0x00, 0x06, 0x40,
    0x01, 0x00, 0x00, 0x40, 0x41, 0x01, 0x83, 0x00, 0x05, 0x20, 0x00, 0x02, 0x00, 0x00, 0x02, 0x82, 0x00, 0x00, 0x06, 0x80, 0x00, 0x03, 0x82, 0x80,
    0x18, 0x01, 0x86, 0x00, 0x00, 0x30, 0x82, 0x00, 0x01, 0x03, 0x11, 0x85, 0x00, 0x02, 0x04, 0x00, 0x02, 0x91, 0x00, 0x00, 0x08, 0x81, 0x00, 0x04,
    0x01, 0x40, 0x00, 0x10, 0x20, 0x97, 0x00, 0x09, 0x01, 0x01, 0x18, 0x00, 0x00, 0x04, 0x00, 0x02, 0x00, 0x02, 0x85, 0x00, 0x02, 0x04, 0x10, 0x80,
    0x81, 0x00, 0x01, 0x1B, 0x1B, 0x86, 0x00, 0x02, 0x60, 0x00, 0x0C, 0x8E, 0x00, 0x01, 0x10, 0x28, 0x8C, 0x00, 0x09, 0x44, 0x20, 0x04, 0x00, 0x00,
    0x20, 0x40, 0x00, 0x60, 0x00, 0x01, 0xA3, 0x00, 0x04, 0x20, 0x50, 0x20, 0x00, 0x84, 0x87, 0x00, 0x03, 0x20, 0x00, 0x22, 0x01, 0x82, 0x00, 0x05,
    0x01, 0x01, 0x00, 0x00, 0x02, 0x02, 0x84, 0x00, 0x02, 0x04, 0x02, 0x02, 0x86, 0x00, 0x00, 0x01, 0xB3, 0x00, 0x00, 0x40, 0x80, 0x00, 0x02, 0x10,
    0x00, 0x0C, 0x93, 0x00, 0x04, 0x01, 0x04, 0x00, 0x00, 0x04, 0x86, 0x00, 0x00, 0x04, 0x86, 0x00, 0x04, 0x04, 0x00, 0x80, 0x00, 0x80, 0x82, 0x00,
    0x09, 0x04, 0x00, 0x00, 0x04, 0x10, 0x20, 0x00, 0x80, 0x40, 0x80, 0x8F, 0x00, 0x00, 0x40, 0x8A, 0x00, 0x00, 0x40, 0x8B, 0x00, 0x05, 0x02, 0x00,
    0x00, 0x01, 0x00, 0x01, 0x82, 0x00, 0x04, 0x40, 0x04, 0x0C, 0x10, 0x10, 0x8C, 0x00, 0x00, 0x30, 0x86, 0x00, 0x02, 0x08, 0x08, 0x04, 0x83, 0x00,
    0x06, 0x20, 0x08, 0x08, 0x00, 0x00, 0xB0, 0xB0, 0x82, 0x00, 0x01, 0x10, 0x08, 0x89, 0x00, 0x03, 0x04, 0x00, 0x00, 0x01, 0x8F, 0x00, 0x05, 0x04,
    0x02, 0x20, 0x00, 0x40, 0x01, 0x82, 0x00, 0x05, 0x01, 0x40, 0x00, 0x20, 0x02, 0x04, 0x8C, 0x00, 0x02, 0x01, 0x00, 0x02, 0x81, 0x00, 0x03, 0x02,
    0x20, 0x88, 0x04, 0x96, 0x00, 0x02, 0x10, 0x00, 0x18, 0x80, 0x00, 0x00, 0x08, 0x81, 0x00, 0x00, 0x01, 0x83, 0x00, 0x02, 0x08, 0x28, 0x40, 0x82,
    0x00, 0x01, 0x04, 0x04, 0x88, 0x00, 0x01, 0x04, 0x04, 0x8D, 0x00, 0x02, 0x40, 0x00, 0x02, 0x80, 0x00, 0x01, 0x2A, 0x10, 0x84, 0x00, 0x01, 0x10,
    0x2A, 0x80, 0x00, 0x02, 0x02, 0x00, 0x40, 0x81, 0x00, 0x01, 0xA0, 0x00, 0x07, 0x20, 0x22, 0x02, 0x08, 0x10, 0x00, 0x4C, 0x08, 0x84, 0x00, 0x00,
    0x0C, 0x80, 0x00, 0x02, 0x10, 0x00, 0x04, 0x83, 0x00, 0x05, 0x02, 0x00, 0x10, 0x00, 0x00, 0x80, 0x81, 0x00, 0x05, 0x20, 0x08, 0x10, 0x00, 0x00,
    0x01, 0xA9, 0x00, 0x02, 0x04, 0x0A, 0x04, 0x90, 0x00, 0x00, 0x20, 0x9A, 0x00, 0x09, 0x08, 0x0C, 0x00, 0x00, 0x80, 0x00, 0x08, 0x00, 0x00, 0x20,
    0x8B, 0x00, 0x00, 0x02, 0x81, 0x00, 0x01, 0x06, 0x02, 0x82, 0x00, 0x00, 0x40, 0x81, 0x00, 0x01, 0x80, 0x80, 0x8E, 0x00, 0x01, 0x08, 0x08, 0x88,
    0x00, 0x00, 0x80, 0x9A, 0x00, 0x00, 0x88, 0x80, 0x00, 0x00, 0x8C, 0x8F, 0x00, 0x05, 0x80, 0x90, 0x20, 0x00, 0x01, 0x02, 0x81, 0x00, 0x06, 0x40,
    0x80, 0x20, 0x00, 0x01, 0x00, 0x08, 0x83, 0x00, 0x02, 0x04, 0x40, 0x41, 0x80, 0x00, 0x00, 0x06, 0x84, 0x00, 0x06, 0x02, 0x06, 0x00, 0x01, 0xC2,
    0x08, 0x08, 0x90, 0x00, 0x02, 0x02, 0x00, 0x04, 0x85, 0x00, 0x01, 0x11, 0x03, 0x82, 0x00, 0x00, 0x30, 0x8F, 0x00, 0x00, 0x20, 0x85, 0x00, 0x00,
    0x01, 0x8B, 0x00, 0x04, 0x08, 0x10, 0x00, 0x48, 0x90, 0x80, 0x00, 0x03, 0x0C, 0x00, 0x02, 0x04, 0x85, 0x00, 0x01, 0x03, 0x01, 0x80, 0x00, 0x04,
    0x80, 0x00, 0x00, 0xC0, 0x80, 0x98, 0x00, 0x08, 0x60, 0x00, 0x00, 0x20, 0x00, 0x00, 0x04, 0x20, 0x44, 0x8C, 0x00, 0x01, 0x28, 0x10, 0x81, 0x00,
    0x01, 0xA1, 0x00, 0x04, 0x06, 0x00, 0x10, 0x20, 0x44, 0x82, 0x00, 0x00, 0x06, 0x82, 0x00, 0x01, 0x10, 0x08, 0x80, 0x00, 0x00, 0x0A, 0x81, 0x00,
    0x00, 0x20, 0x85, 0x00, 0x05, 0x60, 0x00, 0x10, 0x00, 0x00, 0x08, 0xBA, 0x00, 0x01, 0x04, 0x04, 0x80, 0x00, 0x02, 0x02, 0x22, 0x88, 0x95, 0x00,
    0x03, 0x01, 0x02, 0x00, 0x06, 0x80, 0x00, 0x04, 0x0C, 0x00, 0x0C, 0x0C, 0xC0, 0x85, 0x00, 0x00, 0x80, 0x86, 0x00, 0x03, 0x06, 0x06, 0x00, 0x06,
    0x80, 0x00, 0x06, 0x0C, 0x00, 0x08, 0x10, 0x00, 0x40, 0x80, 0x8E, 0x00, 0x04, 0x20, 0x20, 0x00, 0x00, 0x80, 0x81, 0x00, 0x04, 0x04, 0x04, 0x00,
    0x00, 0x80, 0x90, 0x00, 0x02, 0x04, 0x00, 0x02, 0x81, 0x00, 0x06, 0x02, 0x00, 0x10, 0x01, 0x80, 0x40, 0x40, 0x94, 0x00, 0x09, 0x40, 0x00, 0x00,
    0x02, 0x00, 0x00, 0x01, 0x00, 0x00, 0x80, 0x89, 0x00, 0x00, 0x0A, 0x80, 0x00, 0x01, 0x02, 0x01, 0x82, 0x00, 0x00, 0x0C, 0x82, 0x00, 0x04, 0x04,
    0x00, 0x01, 0x00, 0x0C, 0x8D, 0x00, 0x04, 0x04, 0x01, 0x00, 0x20, 0x08, 0x82, 0x00, 0x03, 0x04, 0x00, 0x11, 0x08, 0x82, 0x00, 0x00, 0x03, 0x86,
    0x00, 0x08, 0x02, 0x00, 0x00, 0x04, 0x00, 0x04, 0x00, 0x00, 0x10, 0x80, 0x00, 0x02, 0x41, 0x01, 0x80, 0x88, 0x00, 0x00, 0x10, 0x83, 0x00, 0x00,
    0x03, 0x81, 0x00, 0x01, 0x14, 0x04, 0x84, 0x00, 0x00, 0x03, 0x85, 0x00, 0x03, 0x12, 0x00, 0x20, 0x40, 0x81, 0x00, 0x00, 0x40, 0x84, 0x00, 0x00,
    0x80, 0x8F, 0x00, 0x03, 0x03, 0x00, 0x00, 0x40, 0x80, 0x00, 0x02, 0x02, 0x06, 0x02, 0x80, 0x00, 0x03, 0x80, 0x20, 0x40, 0x80, 0x81, 0x00, 0x09,
    0x10, 0x40, 0x00, 0x00, 0x40, 0x04, 0x08, 0x00, 0x00, 0x06, 0x01, 0xA0, 0x00, 0x00, 0x60, 0x81, 0x00, 0x0B, 0x08, 0x80, 0x00, 0x00, 0x06, 0x06,
    0x00, 0x06, 0x06, 0x00, 0x00, 0x04, 0x80, 0x00, 0x07, 0x01, 0x00, 0x00, 0x14, 0x00, 0x40, 0x00, 0x02, 0x81, 0x00, 0x01, 0x04, 0x40, 0x82, 0x00,
    0x03, 0x20, 0x00, 0x00, 0x05, 0x87, 0x00, 0x01, 0x0C, 0xC0, 0xAC, 0x00, 0x02, 0x80, 0x00, 0x06, 0x80, 0x00, 0x03, 0x10, 0x00, 0x40, 0x20, 0x8D,
    0x00, 0x00, 0x66, 0x85, 0x00, 0x02, 0x01, 0x00, 0x02, 0x80, 0x00, 0x00, 0x8C, 0x82, 0x00, 0x00, 0x46, 0x84, 0x00, 0x00, 0x40, 0x80, 0x00, 0x00,
    0x0C, 0x82, 0x00, 0x00, 0x06, 0x80, 0x00, 0x05, 0x08, 0x00, 0x10, 0x00, 0x00, 0x20, 0x82, 0x00, 0x00, 0xCC, 0x8B, 0x00, 0x00, 0x30, 0x8A, 0x00,
    0x00, 0x40, 0x8D, 0x00, 0x00, 0x08, 0x83, 0x00, 0x00, 0x04, 0x80, 0x00, 0x06, 0x20, 0x00, 0x80, 0x80, 0x00, 0x00, 0x10, 0x88, 0x00, 0x02, 0x06,
    0x20, 0x40, 0x84, 0x00, 0x01, 0x40, 0x14, 0x85, 0x00, 0x01, 0x40, 0x04, 0x81, 0x00, 0x00, 0x08, 0x80, 0x00, 0x03, 0x05, 0x00, 0x00, 0x90, 0x80,
    0x00, 0x07, 0x04, 0x00, 0x00, 0x0C, 0x0C, 0x00, 0x0C, 0x0C, 0x80, 0x00, 0x00, 0x02, 0x90, 0x00, 0x00, 0x08, 0x82, 0x00, 0x00, 0x08, 0x80, 0x00,
    0x01, 0x02, 0x20, 0x80, 0x00, 0x00, 0xC0, 0x81, 0x00, 0x01, 0x02, 0x02, 0x82, 0x00, 0x00, 0x06, 0x80, 0x00, 0x03, 0x04, 0x00, 0x00, 0x08, 0x81,
    0x00, 0x00, 0x08, 0x84, 0x00, 0x01, 0x10, 0x10, 0x8B, 0x00, 0x01, 0x02, 0x02, 0x80, 0x00, 0x07, 0x02, 0x02, 0x00, 0x00, 0x0C, 0x00, 0x00, 0x04,
    0x86, 0x00, 0x02, 0x04, 0x00, 0x10, 0x82, 0x00, 0x01, 0x20, 0x20, 0x84, 0x00, 0x06, 0x80, 0x80, 0x00, 0x20, 0x20, 0x00, 0x06, 0x8C, 0x00, 0x00,
    0x10, 0x8B, 0x00, 0x06, 0x04, 0x00, 0x04, 0x00, 0x00, 0x60, 0x64, 0x83, 0x00, 0x01, 0x91, 0x00, 0x00, 0x04, 0x8E, 0x00, 0x05, 0x04, 0x04, 0x10,
    0x00, 0x00, 0x86, 0x82, 0x00, 0x02, 0x02, 0x00, 0x08, 0x84, 0x00, 0x13, 0x28, 0x00, 0x00, 0x04, 0x04, 0x00, 0x20, 0x20, 0x00, 0x01, 0x80, 0x00,
    0x00, 0x60, 0x00, 0x00, 0x08, 0x04, 0xC0, 0x02, 0xBD, 0x00, 0x06, 0x40, 0x00, 0x00, 0xC0, 0x00, 0x08, 0x08, 0x95, 0x00, 0x01, 0x04, 0x60, 0x81,
    0x00, 0x07, 0xC0, 0x00, 0x00, 0x20, 0x00, 0x00, 0x80, 0x80, 0x82, 0x00, 0x00, 0x80, 0x89, 0x00, 0x03, 0x04, 0x00, 0x00, 0x20, 0x8F, 0x00, 0x00,
    0x80, 0x82, 0x00, 0x02, 0x80, 0x00, 0x0C, 0x85, 0x00, 0x05, 0x08, 0x08, 0x00, 0x00, 0x20, 0x20, 0x84, 0x00, 0x00, 0x30, 0x80, 0x00, 0x05, 0x04,
    0x02, 0x01, 0x00, 0x10, 0x10, 0x84, 0x00, 0x00, 0x10, 0x96, 0x00, 0x04, 0x20, 0x08, 0x00, 0x04, 0x02, 0x83, 0x00, 0x00, 0x10, 0x81, 0x00, 0x04,
    0x04, 0x04, 0x00, 0x00, 0x02, 0x81, 0x00, 0x05, 0x80, 0x00, 0x00, 0x02, 0x00, 0x08, 0x82, 0x00, 0x05, 0x0C, 0x00, 0x00, 0x01, 0x04, 0x04, 0x88,
    0x00, 0x02, 0x18, 0x00, 0x01, 0x82, 0x00, 0x03, 0x10, 0x40, 0x01, 0x10, 0x8D, 0x00, 0x01, 0x20, 0x20, 0x89, 0x00, 0x03, 0x05, 0x04, 0x02, 0x04,
    0x84, 0x00, 0x00, 0x30, 0x91, 0x00, 0x06, 0x01, 0x01, 0x0C, 0x0C, 0x00, 0x00, 0x02, 0x80, 0x00, 0x04, 0x01, 0x00, 0x00, 0x02, 0x02, 0x80, 0x00,
    0x03, 0x04, 0x40, 0x80, 0x80, 0x80, 0x00, 0x01, 0x19, 0x11, 0x88, 0x00, 0x00, 0x30, 0x8B, 0x00, 0x05, 0x20, 0x20, 0x00, 0x00, 0x28, 0x04, 0x88,
    0x00, 0x03, 0x40, 0x00, 0x80, 0x80, 0x81, 0x00, 0x05, 0x02, 0x00, 0x00, 0x10, 0xC0, 0x00, 0x01, 0xA3, 0x00, 0x04, 0x08, 0x00, 0x00, 0x20, 0x46,
    0x83, 0x00, 0x07, 0x04, 0x00, 0x00, 0x04, 0x00, 0x20, 0x40, 0x80, 0x80, 0x00, 0x00, 0x10, 0x82, 0x00, 0x01, 0x04, 0x01, 0xBC, 0x00, 0x05, 0x80,
    0x00, 0x00, 0x90, 0x90, 0x80, 0x82, 0x00, 0x02, 0x20, 0x00, 0x08, 0x84, 0x00, 0x00, 0xC0, 0x90, 0x00, 0x03, 0x02, 0x00, 0x00, 0x02, 0x84, 0x00,
    0x00, 0x02, 0x89, 0x00, 0x02, 0x20, 0x48, 0x80, 0x83, 0x00, 0x06, 0x08, 0x00, 0x00, 0x08, 0x00, 0x40, 0x80, 0x8D, 0x00, 0x01, 0x80, 0x80, 0x8D,
    0x00, 0x00, 0x80, 0x80, 0x00, 0x00, 0x60, 0x85, 0x00, 0x00, 0x01, 0x80, 0x00, 0x03, 0x01, 0x00, 0x10, 0x08, 0x84, 0x00, 0x00, 0x06, 0x80, 0x00,
    0x01, 0x10, 0x40, 0x93, 0x00, 0x00, 0x20, 0x83, 0x00, 0x05, 0x80, 0x00, 0x80, 0x00, 0x10, 0x04, 0x82, 0x00, 0x00, 0x01, 0x80, 0x00, 0x07, 0x20,
    0x20, 0x00, 0x00, 0x44, 0x20, 0x00, 0x04, 0x83, 0x00, 0x00, 0x0C, 0x80, 0x00, 0x00, 0x62, 0x8F, 0x00, 0x00, 0x29, 0x80, 0x00, 0x03, 0x22, 0x10,
    0x04, 0x04, 0x80, 0x00, 0x03, 0x01, 0x00, 0x00, 0x08, 0x8A, 0x00, 0x01, 0x20, 0x44, 0x84, 0x00, 0x03, 0x0C, 0x00, 0x02, 0x04, 0x93, 0x00, 0x05,
    0x06, 0x00, 0x30, 0x04, 0x00, 0x0C, 0x80, 0x00, 0x03, 0x02, 0x04, 0x00, 0x03, 0x85, 0x00, 0x01, 0x08, 0x28, 0x82, 0x00, 0x02, 0x80, 0x06, 0x0E,
    0x8A, 0x00, 0x01, 0x02, 0x02, 0x83, 0x00, 0x00, 0x20, 0x86, 0x00, 0x04, 0x10, 0xC8, 0x80, 0x00, 0x20, 0x87, 0x00, 0x00, 0xC0, 0x83, 0x00, 0x00,
    0x20, 0x80, 0x00, 0x01, 0xA0, 0x00, 0x06, 0xC0, 0x0C, 0x00, 0x00, 0x10, 0x20, 0x06, 0x85, 0x00, 0x06, 0x06, 0x00, 0x00, 0x10, 0x00, 0x00, 0x02,
    0x89, 0x00, 0x00, 0x40, 0x80, 0x00, 0x06, 0x40, 0x10, 0x00, 0x00, 0x0A, 0x04, 0x01, 0x85, 0x00, 0x01, 0x06, 0x60, 0xAA, 0x00, 0x00, 0x18, 0x86,
    0x00, 0x00, 0x08, 0x8E, 0x00, 0x00, 0xCC, 0x84, 0x00, 0x00, 0x01, 0x84, 0x00, 0x00, 0x40, 0x80, 0x00, 0x00, 0x40, 0x96, 0x00, 0x03, 0x10, 0x00,
    0x00, 0x80, 0x81, 0x00, 0x00, 0x66, 0x8A, 0x00, 0x00, 0x80, 0x81, 0x00, 0x01, 0x04, 0x04, 0x84, 0x00, 0x00, 0x40, 0x8F, 0x00, 0x00, 0x80, 0x80,
    0x00, 0x00, 0x10, 0x80, 0x00, 0x02, 0x04, 0x00, 0x08, 0x80, 0x00, 0x02, 0x20, 0x08, 0x20, 0x88, 0x00, 0x00, 0x0C, 0x84, 0x00, 0x06, 0x80, 0x90,
    0x04, 0x0A, 0x00, 0x00, 0x01, 0x80, 0x00, 0x01, 0x40, 0x20, 0x81, 0x00, 0x01, 0x80, 0x80, 0x83, 0x00, 0x06, 0x08, 0x00, 0x00, 0x01, 0x00, 0x00,
    0x0C, 0x85, 0x00, 0x05, 0x0C, 0x00, 0x01, 0x20, 0x20, 0x06, 0x8B, 0x00, 0x05, 0x01, 0x10, 0x00, 0x00, 0x02, 0x04, 0x83, 0x00, 0x03, 0x02, 0x00,
    0x00, 0x04, 0x85, 0x00, 0x00, 0x60, 0x84, 0x00, 0x00, 0x01, 0x84, 0x00, 0x02, 0x20, 0x40, 0x20, 0x95, 0x00, 0x07, 0x20, 0x20, 0x08, 0x80, 0x00,
    0x00, 0x02, 0x04, 0x8A, 0x00, 0x01, 0x80, 0x40, 0x80, 0x00, 0x01, 0x40, 0xC0, 0x98, 0x00, 0x00, 0x30, 0x81, 0x00, 0x03, 0x80, 0x00, 0x40, 0x80,
    0x8E, 0x00, 0x00, 0x10, 0x81, 0x00, 0x01, 0xA3, 0x00, 0x04, 0x04, 0x02, 0x06, 0x40, 0x80, 0x8F, 0x00, 0x02, 0x20, 0x00, 0x08, 0x80, 0x00, 0x01,
    0x08, 0x02, 0x84, 0x00, 0x02, 0x10, 0x00, 0x01, 0x85, 0x00, 0x01, 0x02, 0x02, 0xA7, 0x00, 0x01, 0x80, 0x80, 0xA5, 0x00, 0x02, 0x03, 0x00, 0x04,
    0x84, 0x00, 0x00, 0x04, 0x84, 0x00, 0x00, 0x80, 0x82, 0x00, 0x00, 0x04, 0x84, 0x00, 0x06, 0x04, 0x00, 0x18, 0x00, 0x00, 0x20, 0x40, 0x91, 0x00,
    0x01, 0x10, 0x90, 0x84, 0x00, 0x02, 0x04, 0x04, 0x80, 0x8E, 0x00, 0x07, 0x01, 0x00, 0x00, 0x10, 0x08, 0x00, 0x00, 0x08, 0x80, 0x00, 0x01, 0x01,
    0x02, 0x85, 0x00, 0x00, 0x18, 0x86, 0x00, 0x02, 0x08, 0x08, 0xC0, 0x84, 0x00, 0x02, 0x10, 0x00, 0x01, 0x84, 0x00, 0x05, 0x28, 0x02, 0x00, 0x00,
    0x60, 0x42, 0x83, 0x00, 0x00, 0x40, 0x8C, 0x00, 0x02, 0x0C, 0x08, 0x04, 0x87, 0x00, 0x00, 0x80, 0x82, 0x00, 0x07, 0x02, 0x00, 0x80, 0x00, 0x20,
    0x00, 0x00, 0x20, 0x80, 0x00, 0x03, 0x01, 0x40, 0x00, 0x20, 0x84, 0x00, 0x00, 0x06, 0x86, 0x00, 0x04, 0x10, 0x00, 0x01, 0x00, 0x01, 0x83, 0x00,
    0x00, 0x02, 0x83, 0x00, 0x01, 0x02, 0x01, 0x8D, 0x00, 0x00, 0x02, 0x84, 0x00, 0x00, 0x03, 0x85, 0x00, 0x03, 0x03, 0x11, 0x00, 0x20, 0x8C, 0x00,
    0x01, 0x80, 0x40, 0x81, 0x00, 0x00, 0x03, 0x88, 0x00, 0x0C, 0x01, 0x00, 0x00, 0x20, 0x80, 0x40, 0x00, 0x00, 0x01, 0x00, 0x10, 0x00, 0x08, 0x82,
    0x00, 0x08, 0x80, 0x02, 0x00, 0x20, 0x01, 0x01, 0x00, 0x04, 0x0A, 0x80, 0x00, 0x00, 0x0C, 0x01, 0x81, 0x00, 0x02, 0x20, 0x50, 0x20, 0x9B, 0x00,
    0x03, 0x01, 0x00, 0x08, 0x08, 0x80, 0x00, 0x00, 0x83, 0x80, 0x03, 0x80, 0x00, 0x06, 0x02, 0x08, 0x00, 0x00, 0x10, 0x00, 0x05, 0x84, 0x00, 0x01,
    0x40, 0x40, 0x80, 0x00, 0x05, 0xC0, 0x00, 0x00, 0x20, 0x00, 0x30, 0x89, 0x00, 0x01, 0x20, 0x20, 0x9F, 0x00, 0x00, 0x04, 0x8B, 0x00, 0x01, 0x02,
    0x02, 0x93, 0x00, 0x01, 0x80, 0x80, 0x86, 0x00, 0x0D, 0x01, 0x00, 0x06, 0x82, 0x00, 0x80, 0x00, 0x00, 0x66, 0x00, 0x00, 0x01, 0x40, 0x40, 0x84,
    0x00, 0x03, 0x10, 0x00, 0x00, 0x0C, 0x81, 0x00, 0x05, 0x08, 0x0C, 0x00, 0x10, 0x00, 0x20, 0x94, 0x00, 0x00, 0x80, 0x89, 0x00, 0x02, 0x80, 0x80,
    0x40, 0x8E, 0x00, 0x02, 0x60, 0x01, 0x02, 0x9D, 0x00, 0x01, 0x40, 0x40, 0x80, 0x00, 0x06, 0x01, 0x00, 0x00, 0x80, 0x00, 0x80, 0x40, 0x82, 0x00,
    0x00, 0x20, 0x82, 0x00, 0x06, 0x14, 0x80, 0x41, 0x00, 0x00, 0x02, 0x08, 0x80, 0x00, 0x81, 0x18, 0x80, 0x00, 0x03, 0x02, 0x02, 0x00, 0x30, 0x8C,
    0x00, 0x01, 0x04, 0x02, 0x88, 0x00, 0x03, 0x10, 0x00, 0x52, 0x44, 0x8B, 0x00, 0x02, 0x08, 0x00, 0x12, 0x84, 0x00, 0x00, 0x10, 0x8B, 0x00, 0x02,
    0x10, 0x28, 0x10, 0x86, 0x00, 0x05, 0x01, 0x02, 0x00, 0x00, 0x06, 0x04, 0x81, 0x00, 0x00, 0x01, 0x84, 0x00, 0x03, 0x02, 0x50, 0x40, 0x80, 0x80,
    0x00, 0x01, 0x20, 0x20, 0x89, 0x00, 0x01, 0x10, 0x08, 0x90, 0x00, 0x06, 0x04, 0x00, 0x40, 0x00, 0x40, 0x80, 0x84, 0x83, 0x00, 0x0B, 0x08, 0x00,
    0x00, 0x12, 0x02, 0x01, 0x00, 0x20, 0x04, 0x08, 0x00, 0x00, 0x01, 0xA0, 0x00, 0x01, 0x80, 0x18, 0x80, 0x00, 0x03, 0x10, 0x10, 0x21, 0x43, 0x81,
    0x00, 0x01, 0x03, 0x01, 0x80, 0x00, 0x03, 0x04, 0x08, 0x00, 0x21, 0x81, 0x00, 0x0A, 0x20, 0x00, 0x01, 0x01, 0x00, 0x08, 0x00, 0x00, 0x01, 0x00,
    0xC0, 0x81, 0x00, 0x03, 0x08, 0x14, 0x02, 0x02, 0x84, 0x00, 0x01, 0x03, 0x30, 0xB4, 0x00, 0x01, 0x02, 0x02, 0x8E, 0x00, 0x01, 0x19, 0x80, 0x84,
    0x00, 0x00, 0x01, 0x81, 0x00, 0x00, 0x04, 0x80, 0x00, 0x00, 0x62, 0x86, 0x00, 0x00, 0x80, 0x81, 0x00, 0x03, 0x80, 0x00, 0x00, 0x08, 0x80, 0x00,
    0x00, 0x04, 0x81, 0x00, 0x02, 0x10, 0x40, 0x80, 0x83, 0x00, 0x00, 0x33, 0x8A, 0x00, 0x00, 0x80, 0x8C, 0x00, 0x00, 0x80, 0x8F, 0x00, 0x00, 0x04,
    0x96, 0x00, 0x01, 0x01, 0x18, 0x82, 0x00, 0x05, 0x80, 0x20, 0x08, 0x08, 0x05, 0x02, 0x83, 0x00, 0x06, 0x10, 0x00, 0x00, 0x02, 0x00, 0x10, 0x10,
    0x83, 0x00, 0x03, 0x10, 0x80, 0x02, 0x04, 0x80, 0x00, 0x01, 0x10, 0x18, 0x81, 0x00, 0x03, 0x18, 0x10, 0x01, 0x01, 0x80, 0x00, 0x00, 0x03, 0x8E,
    0x00, 0x0D, 0x40, 0x01, 0x00, 0x04, 0x40, 0x00, 0x00, 0x1C, 0x08, 0x00, 0x00, 0x08, 0x01, 0x03, 0x8D, 0x00, 0x04, 0x08, 0x10, 0x04, 0x00, 0x02,
    0x81, 0x00, 0x02, 0x01, 0x00, 0x18, 0x91, 0x00, 0x06, 0x04, 0x08, 0x00, 0x60, 0x01, 0x00, 0x06, 0x80, 0x00, 0x00, 0x03, 0x86, 0x00, 0x01, 0x04,
    0x04, 0x83, 0x00, 0x01, 0x10, 0x10, 0x9B, 0x00, 0x0B, 0x80, 0x10, 0x00, 0x00, 0x08, 0x00, 0x80, 0x00, 0x20, 0x00, 0x00, 0x40, 0x82, 0x00, 0x01,
    0x10, 0x01, 0x80, 0x00, 0x05, 0x10, 0x00, 0x00, 0x10, 0x00, 0x00, 0x01, 0xA5, 0x00, 0x05, 0x04, 0x2B, 0x42, 0x00, 0x00, 0x80, 0x80, 0x00, 0x02,
    0x02, 0x00, 0x04, 0x83, 0x00, 0x00, 0x08, 0x80, 0x00, 0x05, 0x08, 0x00, 0x02, 0x00, 0x00, 0x02, 0x83, 0x00, 0x03, 0x60, 0x00, 0x20, 0x80, 0xBC,
    0x00, 0x04, 0xC0, 0x80, 0x20, 0x20, 0x10, 0x83, 0x00, 0x01, 0x80, 0x80, 0x91, 0x00, 0x07, 0x02, 0x30, 0x80, 0x00, 0xC6, 0x06, 0x06, 0x04, 0x82,
    0x00, 0x00, 0x10, 0x82, 0x00, 0x00, 0x01, 0x82, 0x00, 0x00, 0x04, 0x80, 0x0C, 0x08, 0x00, 0x00, 0x01, 0x08, 0x20, 0x00, 0x00, 0x40, 0x80, 0x96,
    0x00, 0x01, 0x04, 0x04, 0x82, 0x00, 0x03, 0x40, 0x00, 0x08, 0x10, 0x87, 0x00, 0x07, 0x18, 0x00, 0x00, 0x02, 0x08, 0x04, 0x08, 0x02, 0x80, 0x00,
    0x09, 0x01, 0x00, 0x02, 0x00, 0x00, 0x40, 0x00, 0x04, 0x04, 0x40, 0x8C, 0x00, 0x01, 0x80, 0x80, 0x82, 0x00, 0x00, 0x20, 0x88, 0x00, 0x05, 0x08,
    0x00, 0x00, 0x08, 0x00, 0x02, 0x80, 0x00, 0x00, 0x02, 0x83, 0x00, 0x02, 0x04, 0x00, 0x08, 0x83, 0x00, 0x02, 0x08, 0x1A, 0x04, 0x8A, 0x00, 0x01,
    0x08, 0x04, 0x81, 0x00, 0x02, 0x04, 0x10, 0x02, 0x84, 0x00, 0x00, 0x10, 0x89, 0x00, 0x04, 0xC0, 0x00, 0x00, 0x01, 0x02, 0x84, 0x00, 0x00, 0x08,
    0x82, 0x00, 0x02, 0x40, 0x10, 0x20, 0x94, 0x00, 0x02, 0x40, 0x46, 0x06, 0x87, 0x00, 0x01, 0x01, 0x02, 0x80, 0x00, 0x01, 0x20, 0x80, 0x81, 0x00,
    0x02, 0x80, 0x8F, 0x0D, 0x98, 0x00, 0x05, 0x18, 0x00, 0x00, 0x40, 0x00, 0x28, 0x87, 0x00, 0x00, 0x40, 0x81, 0x00, 0x04, 0x08, 0x20, 0x00, 0x02,
    0x20, 0x80, 0x00, 0x01, 0x80, 0x00, 0x01, 0xA4, 0x00, 0x05, 0x04, 0x03, 0x00, 0x10, 0xA0, 0x40, 0x84, 0x00, 0x07, 0x02, 0x00, 0x10, 0x20, 0x00,
    0x40, 0x02, 0x10, 0x85, 0x00, 0x00, 0x04, 0x80, 0x00, 0x00, 0x80, 0x82, 0x00, 0x02, 0x08, 0x00, 0x01, 0x93, 0x00, 0x02, 0x10, 0x28, 0x10, 0xA1,
    0x00, 0x01, 0x10, 0x08, 0x82, 0x00, 0x00, 0x18, 0x96, 0x00, 0x00, 0x01, 0x81, 0x00, 0x00, 0x20, 0x8B, 0x00, 0x02, 0x40, 0x00, 0x80, 0x84, 0x00,
    0x04, 0x10, 0x00, 0x00, 0x40, 0xA0, 0x90, 0x00, 0x00, 0xC0, 0x8D, 0x00, 0x00, 0x20, 0x80, 0x00, 0x01, 0x40, 0x40, 0x88, 0x00, 0x00, 0x10, 0x88,
    0x00, 0x05, 0x20, 0x00, 0x28, 0x00, 0x00, 0x08, 0x8B, 0x00, 0x00, 0x80, 0x80, 0x00, 0x03, 0x40, 0x90, 0x00, 0x02, 0x81, 0x00, 0x05, 0x80, 0x00,
    0x40, 0x20, 0x00, 0x04, 0x85, 0x00, 0x07, 0x01, 0x08, 0x20, 0x20, 0x00, 0x01, 0x00, 0x08, 0x86, 0x00, 0x04, 0x01, 0x00, 0x18, 0x04, 0x80, 0x8D,
    0x00, 0x01, 0x08, 0x20, 0x80, 0x00, 0x00, 0x0A, 0x81, 0x00, 0x02, 0x20, 0x04, 0x01, 0x9B, 0x00, 0x01, 0x28, 0x44, 0x90, 0x00, 0x04, 0x01, 0x00,
    0x00, 0x02, 0x04, 0x82, 0x00, 0x03, 0x03, 0x00, 0x00, 0x01, 0x84, 0x00, 0x02, 0x08, 0x08, 0x20, 0x81, 0x00, 0x02, 0x40, 0x00, 0x02, 0x87, 0x00,
    0x01, 0x40, 0x40, 0x80, 0x00, 0x00, 0x01, 0x8E, 0x00, 0x01, 0x10, 0x04, 0x80, 0x00, 0x00, 0x04, 0x80, 0x00, 0x00, 0x80, 0x84, 0x00, 0x03, 0x30,
    0x10, 0x01, 0x04, 0x81, 0x00, 0x01, 0xA1, 0x00, 0x04, 0x30, 0x03, 0x00, 0x01, 0x0A, 0x86, 0x00, 0x11, 0x03, 0x00, 0x00, 0x08, 0x00, 0x00, 0x40,
    0x02, 0x00, 0x00, 0x20, 0x00, 0x00, 0x02, 0x00, 0x00, 0x90, 0x10, 0x86, 0x00, 0x02, 0x08, 0x00, 0x05, 0x85, 0x00, 0x01, 0x18, 0x80, 0xA7, 0x00,
    0x00, 0xC0, 0x8D, 0x00, 0x04, 0x10, 0x10, 0x00, 0x00, 0x80, 0x81, 0x00, 0x00, 0x01, 0x81, 0x00, 0x00, 0x33, 0x86, 0x00, 0x02, 0x01, 0x00, 0x02,
    0x87, 0x00, 0x00, 0x30, 0x82, 0x00, 0x04, 0x80, 0x00, 0x01, 0x00, 0x40, 0x85, 0x00, 0x02, 0x08, 0x00, 0x10, 0x85, 0x00, 0x01, 0x80, 0x19, 0x88,
    0x00, 0x01, 0x40, 0x40, 0x88, 0x00, 0x01, 0x04, 0x04, 0x84, 0x00, 0x00, 0xC0, 0x87, 0x00, 0x13, 0x02, 0x00, 0x00, 0x80, 0x00, 0x01, 0x01, 0x00,
    0x00, 0x80, 0x00, 0x01, 0x00, 0x84, 0x08, 0x00, 0x04, 0x00, 0x00, 0x01, 0x87, 0x00, 0x00, 0x03, 0x84, 0x00, 0x03, 0x40, 0x14, 0x00, 0x02, 0x82,
    0x00, 0x08, 0x80, 0x40, 0x00, 0x00, 0x01, 0x01, 0x00, 0x00, 0x08, 0x82, 0x00, 0x00, 0x08, 0x80, 0x00, 0x03, 0x42, 0x40, 0x00, 0x18, 0x86, 0x00,
    0x04, 0x0A, 0x10, 0x00, 0x18, 0x01, 0x85, 0x00, 0x00, 0xC0, 0x83, 0x00, 0x03, 0x08, 0x00, 0x21, 0x04, 0x82, 0x00, 0x00, 0x02, 0x92, 0x00, 0x03,
    0x02, 0x04, 0x08, 0x11, 0x84, 0x00, 0x05, 0x20, 0x01, 0x00, 0x00, 0x40, 0x20, 0x8F, 0x00, 0x00, 0x01, 0x82, 0x00, 0x00, 0x03, 0x88, 0x00, 0x03,
    0x10, 0x00, 0x00, 0x80, 0x81, 0x00, 0x00, 0x40, 0x89, 0x00, 0x02, 0x60, 0x00, 0x0C, 0x84, 0x00, 0x02, 0x20, 0x50, 0x20, 0x83, 0x00, 0x00, 0x80,
    0x81, 0x00, 0x02, 0x08, 0x00, 0x08, 0x83, 0x00, 0x07, 0x80, 0x00, 0x00, 0x04, 0x02, 0x00, 0x00, 0x20, 0x80, 0x00, 0x02, 0x04, 0x00, 0x18, 0x01,
    0xA0, 0x00, 0x0B, 0x20, 0x20, 0x00, 0x00, 0x02, 0x00, 0x10, 0x20, 0x40, 0x81, 0x01, 0x81, 0x8B, 0x00, 0x01, 0x40, 0x40, 0x81, 0x00, 0x0D, 0x04,
    0x01, 0x02, 0x00, 0x00, 0x40, 0x00, 0x00, 0x40, 0x10, 0x00, 0x04, 0x00, 0x02, 0x83, 0x00, 0x00, 0x01, 0xAC, 0x00, 0x01, 0x08, 0x08, 0x82, 0x00,
    0x03, 0x40, 0x00, 0xC0, 0x20, 0x9C, 0x00, 0x03, 0x40, 0x00, 0x00, 0x40, 0x86, 0x00, 0x01, 0x40, 0x40, 0x8B, 0x00, 0x04, 0x20, 0x00, 0x20, 0x40,
    0x80, 0x82, 0x00, 0x01, 0x80, 0x80, 0x8C, 0x00, 0x01, 0x10, 0x08, 0x84, 0x00, 0x03, 0x80, 0x00, 0x80, 0x20, 0x8C, 0x00, 0x01, 0x01, 0x02, 0x82,
    0x00, 0x02, 0x10, 0x00, 0x01, 0x85, 0x00, 0x03, 0x20, 0x00, 0x00, 0x30, 0x87, 0x00, 0x00, 0x30, 0x82, 0x00, 0x05, 0x20, 0x08, 0x00, 0x04, 0x00,
    0x01, 0x83, 0x00, 0x05, 0x28, 0x10, 0x04, 0x00, 0x80, 0x80, 0x83, 0x00, 0x00, 0x40, 0x87, 0x00, 0x80, 0x30, 0x04, 0x00, 0x00, 0x01, 0x00, 0x08,
    0x90, 0x00, 0x00, 0x42, 0x80, 0x00, 0x00, 0x80, 0x81, 0x00, 0x00, 0x02, 0x80, 0x00, 0x00, 0x08, 0x83, 0x00, 0x01, 0x04, 0x08, 0x83, 0x00, 0x00,
    0x30, 0x82, 0x00, 0x04, 0x02, 0x04, 0x00, 0x00, 0x10, 0x96, 0x00, 0x02, 0x18, 0x00, 0x01, 0x80, 0x00, 0x00, 0x03, 0x80, 0x00, 0x00, 0x01, 0x84,
    0x00, 0x03, 0x03, 0x03, 0x50, 0x40, 0x81, 0x00, 0x01, 0x20, 0x20, 0x8B, 0x00, 0x01, 0x04, 0x04, 0x8A, 0x00, 0x03, 0x80, 0x00, 0x00, 0x20, 0x80,
    0x00, 0x02, 0x04, 0x4C, 0x04, 0x80, 0x00, 0x00, 0x80, 0x80, 0x00, 0x02, 0x40, 0x00, 0x01, 0x81, 0x00, 0x02, 0x02, 0x08, 0x12, 0x80, 0x00, 0x01,
    0x82, 0x00, 0x00, 0x20, 0x9B, 0x00, 0x07, 0x02, 0x02, 0x00, 0x00, 0x04, 0x04, 0x01, 0x01, 0x80, 0x00, 0x00, 0x01, 0x80, 0x00, 0x03, 0x01, 0x04,
    0x00, 0x04, 0x80, 0x00, 0x08, 0x85, 0x04, 0x00, 0x00, 0x10, 0x10, 0x00, 0x80, 0x80, 0x80, 0x00, 0x03, 0x01, 0x00, 0x00, 0xC0, 0x81, 0x00, 0x01,
    0x10, 0x08, 0xBA, 0x00, 0x04, 0x20, 0x00, 0x00, 0x08, 0x06, 0x9B, 0x00, 0x03, 0x03, 0x00, 0x00, 0x60, 0x82, 0x00, 0x02, 0x10, 0x22, 0x20, 0x83,
    0x00, 0x01, 0x28, 0x01, 0x85, 0x00, 0x00, 0x18, 0xA3, 0x00, 0x03, 0x40, 0x00, 0x00, 0x20, 0x8B, 0x00, 0x04, 0x04, 0x00, 0x00, 0x02, 0x01, 0x86,
    0x00, 0x05, 0x40, 0x20, 0x40, 0x18, 0x00, 0x10, 0x8E, 0x00, 0x04, 0x80, 0x80, 0x20, 0x02, 0x01, 0x80, 0x00, 0x04, 0x80, 0x00, 0x40, 0x00, 0x10,
    0x81, 0x00, 0x12, 0x40, 0x40, 0x01, 0x01, 0x00, 0x00, 0x04, 0x14, 0x00, 0x40, 0x00, 0x04, 0xC0, 0x04, 0x10, 0x00, 0x00, 0x20, 0x30, 0x80, 0x00,
    0x07, 0x30, 0x30, 0x04, 0x04, 0x00, 0xC0, 0x08, 0x08, 0x8A, 0x00, 0x03, 0x03, 0x10, 0x00, 0x01, 0x80, 0x00, 0x00, 0x08, 0x80, 0x00, 0x05, 0x01,
    0x00, 0x00, 0x20, 0x04, 0x60, 0x8A, 0x00, 0x01, 0x10, 0x10, 0x87, 0x00, 0x02, 0x28, 0x10, 0x04, 0x83, 0x00, 0x00, 0x06, 0x8A, 0x00, 0x07, 0x03,
    0x00, 0x10, 0x10, 0x00, 0x40, 0x83, 0x03, 0x89, 0x00, 0x02, 0x04, 0x20, 0x80, 0x81, 0x00, 0x02, 0x80, 0x10, 0x10, 0x9E, 0x00, 0x80, 0x80, 0x81,
    0x00, 0x00, 0x80, 0x81, 0x00, 0x00, 0x20, 0x85, 0x00, 0x00, 0x01, 0x81, 0x00, 0x01, 0xA1, 0x00, 0x00, 0x06, 0x81, 0x00, 0x10, 0x01, 0x08, 0x10,
    0x20, 0x40, 0x00, 0x00, 0x01, 0x00, 0x00, 0x02, 0x00, 0x02, 0x00, 0x08, 0x00, 0x81, 0x82, 0x00, 0x05, 0x04, 0x04, 0x00, 0x00, 0x80, 0x80, 0x83,
    0x00, 0x06, 0x20, 0x00, 0x20, 0x00, 0x02, 0x00, 0x01, 0x84, 0x00, 0x00, 0xC0, 0xAF, 0x00, 0x01, 0x02, 0x02, 0x80, 0x00, 0x01, 0xC4, 0x04, 0x8D,
    0x00, 0x00, 0x66, 0x87, 0x00, 0x03, 0x01, 0x98, 0x00, 0x81, 0x83, 0x00, 0x01, 0x30, 0x20, 0x86, 0x00, 0x01, 0x20, 0x01, 0x83, 0x00, 0x05, 0x10,
    0x00, 0x03, 0x10, 0x40, 0x80, 0x85, 0x00, 0x00, 0x0C, 0x91, 0x00, 0x01, 0x04, 0x04, 0x81, 0x00, 0x04, 0x20, 0x00, 0x41, 0x10, 0x10, 0x8A, 0x00,
    0x02, 0x01, 0x03, 0x01, 0x81, 0x00, 0x00, 0x02, 0x81, 0x00, 0x05, 0x10, 0x00, 0x40, 0x00, 0x00, 0x04, 0x90, 0x00, 0x02, 0x10, 0x00, 0x08, 0x83,
    0x00, 0x01, 0x80, 0x20, 0x82, 0x00, 0x02, 0x20, 0x04, 0x04, 0x82, 0x00, 0x09, 0x90, 0x80, 0x02, 0x00, 0x08, 0x00, 0x08, 0x00, 0x20, 0x10, 0x81,
    0x00, 0x03, 0x01, 0x02, 0x30, 0x20, 0x80, 0x00, 0x00, 0x0C, 0x87, 0x00, 0x00, 0x06, 0x80, 0x00, 0x01, 0x02, 0x03, 0x80, 0x00, 0x09, 0x10, 0x00,
    0x04, 0x04, 0x00, 0x40, 0x40, 0x10, 0x00, 0x10, 0x86, 0x00, 0x00, 0x80, 0x84, 0x00, 0x01, 0x04, 0x81, 0x85, 0x00, 0x01, 0x02, 0x40, 0x94, 0x00,
    0x02, 0x02, 0x03, 0x03, 0x82, 0x00, 0x00, 0x01, 0x86, 0x00, 0x00, 0x04, 0x83, 0x00, 0x01, 0x88, 0x08, 0x86, 0x00, 0x00, 0x80, 0x8F, 0x00, 0x00,
    0x0C, 0x81, 0x00, 0x01, 0x50, 0x08, 0x80, 0x00, 0x01, 0xA0, 0x40, 0x86, 0x00, 0x00, 0x10, 0x81, 0x00, 0x00, 0x10, 0x80, 0x00, 0x00, 0x01, 0x01,
    0xA0, 0x00, 0x00, 0x60, 0x80, 0x00, 0x02, 0x01, 0x00, 0x0A, 0x84, 0x00, 0x07, 0x01, 0x00, 0x00, 0x01, 0x00, 0x08, 0x00, 0x10, 0x88, 0x00, 0x01,
    0x02, 0x80, 0x81, 0x00, 0x00, 0x80, 0x82, 0x00, 0x00, 0x05, 0x84, 0x00, 0x00, 0x0C, 0xD5, 0x00, 0x01, 0x02, 0x20, 0x81, 0x00, 0x02, 0x30, 0x00,
    0x03, 0x86, 0x00, 0x02, 0x18, 0x00, 0x01, 0x82, 0x00, 0x00, 0x08, 0x8A, 0x00, 0x00, 0xC0, 0x98, 0x00, 0x00, 0x80, 0x89, 0x00, 0x00, 0x8C, 0x84,
    0x00, 0x01, 0x80, 0x04, 0x95, 0x00, 0x02, 0x06, 0x20, 0x40, 0x80, 0x00, 0x02, 0x40, 0x40, 0x14, 0x81, 0x00, 0x07, 0x80, 0x00, 0x40, 0x00, 0x40,
    0x00, 0x00, 0x08, 0x80, 0x00, 0x00, 0x20, 0x84, 0x00, 0x07, 0x01, 0x00, 0x02, 0x00, 0x10, 0x00, 0x00, 0x10, 0x84, 0x00, 0x02, 0x0A, 0x00, 0x10,
    0x8D, 0x00, 0x06, 0x05, 0x03, 0x10, 0x20, 0x00, 0x02, 0x80, 0x86, 0x00, 0x02, 0x04, 0x00, 0x80, 0x86, 0x00, 0x00, 0x01, 0x82, 0x00, 0x01, 0x08,
    0x02, 0x85, 0x00, 0x01, 0x01, 0x02, 0x90, 0x00, 0x01, 0x02, 0x02, 0x85, 0x00, 0x00, 0x01, 0x82, 0x00, 0x07, 0x01, 0x01, 0x00, 0x00, 0x08, 0x00,
    0x20, 0x80, 0x80, 0x00, 0x02, 0x40, 0x47, 0x07, 0x86, 0x00, 0x06, 0x80, 0x80, 0x00, 0x20, 0x10, 0x00, 0x06, 0x95, 0x00, 0x03, 0x10, 0x00, 0x00,
    0x20, 0x80, 0x00, 0x0B, 0x80, 0x00, 0x00, 0x08, 0x01, 0x00, 0x08, 0x00, 0x00, 0x08, 0x00, 0x00, 0x01, 0xA7, 0x00, 0x0D, 0x04, 0x00, 0x00, 0x80,
    0x00, 0x80, 0x00, 0x00, 0x01, 0x00, 0x00, 0x04, 0x00, 0x10, 0x80, 0x00, 0x01, 0x08, 0x08, 0x80, 0x00, 0x04, 0x01, 0x01, 0x20, 0x28, 0x08, 0x84,
    0x00, 0x03, 0x60, 0x10, 0x28, 0x04, 0xB5, 0x00, 0x00, 0x0C, 0xA2, 0x00, 0x0C, 0x80, 0x00, 0xC0, 0x00, 0x03, 0x01, 0x00, 0x00, 0x10, 0x00, 0x03,
    0x80, 0x80, 0x86, 0x00, 0x0B, 0x18, 0x00, 0x01, 0x00, 0x00, 0x10, 0x18, 0x00, 0x00, 0x20, 0x00, 0x20, 0xA0, 0x00, 0x03, 0x04, 0x04, 0x00, 0x80,
    0x8D, 0x00, 0x00, 0x08, 0x85, 0x00, 0x00, 0x80, 0x99, 0x00, 0x06, 0x04, 0x02, 0x01, 0x80, 0x00, 0x00, 0x80, 0x81, 0x00, 0x04, 0x02, 0x02, 0x00,
    0x10, 0x10, 0x80, 0x00, 0x0A, 0x02, 0x02, 0x20, 0x00, 0x00, 0x01, 0x00, 0x04, 0x00, 0x00, 0x30, 0x84, 0x00, 0x00, 0x04, 0x8B, 0x00, 0x00, 0x60,
    0x86, 0x00, 0x01, 0x80, 0x40, 0x84, 0x00, 0x05, 0x08, 0x03, 0x03, 0x80, 0x00, 0x80, 0x8A, 0x00, 0x08, 0x08, 0x20, 0x00, 0x08, 0x01, 0x00, 0x04,
    0x04, 0x08, 0x96, 0x00, 0x00, 0x01, 0x83, 0x00, 0x00, 0x01, 0x88, 0x00, 0x01, 0x48, 0x40, 0x81, 0x00, 0x00, 0x20, 0x9F, 0x00, 0x04, 0x40, 0x80,
    0x20, 0x10, 0x83, 0x83, 0x00, 0x00, 0x20, 0x8B, 0x00, 0x00, 0x30, 0x01, 0xA5, 0x00, 0x04, 0x02, 0x01, 0x10, 0x28, 0x40, 0x80, 0x00, 0x00, 0x80,
    0x87, 0x00, 0x00, 0x02, 0x81, 0x00, 0x00, 0x08, 0x81, 0x00, 0x01, 0x01, 0x80, 0x80, 0x00, 0x00, 0x40, 0x81, 0x00, 0x02, 0x10, 0x02, 0x02, 0x93,
    0x00, 0x00, 0x10, 0x98, 0x00, 0x01, 0x40, 0x40, 0x85, 0x00, 0x00, 0x08, 0x9D, 0x00, 0x08, 0x01, 0x00, 0x00, 0x40, 0x02, 0x00, 0x00, 0x20, 0x01,
    0x8A, 0x00, 0x00, 0x10, 0x80, 0x00, 0x08, 0x08, 0x00, 0x00, 0x20, 0x10, 0x00, 0x00, 0x40, 0x80, 0x91, 0x00, 0x05, 0x40, 0x20, 0x00, 0x00, 0x08,
    0x08, 0x83, 0x00, 0x01, 0x40, 0x80, 0x84, 0x00, 0x00, 0x80, 0x87, 0x00, 0x00, 0x14, 0x80, 0x00, 0x00, 0x02, 0x82, 0x00, 0x03, 0x02, 0x00, 0x04,
    0x08, 0x82, 0x00, 0x00, 0x03, 0x8D, 0x00, 0x08, 0x20, 0x28, 0x08, 0x01, 0x80, 0x80, 0x00, 0x00, 0x40, 0x80, 0x00, 0x01, 0x20, 0x10, 0x81, 0x00,
    0x00, 0x02, 0x81, 0x00, 0x00, 0x08, 0x89, 0x00, 0x80, 0x60, 0x06, 0x62, 0x01, 0x10, 0x08, 0x00, 0x40, 0x20, 0x8B, 0x00, 0x06, 0x08, 0x24, 0x40,
    0x00, 0x04, 0x48, 0x04, 0x82, 0x00, 0x00, 0x01, 0x86, 0x00, 0x02, 0x01, 0x00, 0x18, 0x85, 0x00, 0x00, 0x10, 0x80, 0x00, 0x01, 0x04, 0x08, 0x80,
    0x00, 0x03, 0x04, 0x00, 0x00, 0x40, 0x91, 0x00, 0x07, 0x06, 0x00, 0x10, 0x20, 0x00, 0x80, 0x80, 0x01, 0x88, 0x00, 0x01, 0x10, 0x90, 0x81, 0x00,
    0x02, 0x80, 0x00, 0x20, 0x8D, 0x00, 0x01, 0x02, 0x02, 0x89, 0x00, 0x00, 0xC0, 0x8A, 0x00, 0x00, 0x20, 0x81, 0x00, 0x0A, 0x48, 0x40, 0x00, 0x00,
    0x01, 0x10, 0x02, 0x00, 0x02, 0x00, 0x00, 0x01, 0x9B, 0x00, 0x00, 0x80, 0x81, 0x00, 0x01, 0xC0, 0x0C, 0x80, 0x00, 0x06, 0x01, 0x04, 0x08, 0x00,
    0x10, 0x00, 0x40, 0x82, 0x00, 0x0B, 0x02, 0x01, 0x00, 0x00, 0x20, 0x20, 0x02, 0x00, 0x00, 0x10, 0x00, 0x20, 0x82, 0x00, 0x02, 0x04, 0x02, 0x81,
    0x80, 0x00, 0x02, 0xC0, 0x00, 0x40, 0x87, 0x00, 0x01, 0x06, 0x60, 0xA8, 0x00, 0x04, 0x60, 0x00, 0x00, 0x04, 0x04, 0x81, 0x00, 0x02, 0x20, 0x00,
    0x10, 0x89, 0x00, 0x02, 0x01, 0x02, 0x01, 0x80, 0x00, 0x00, 0xCC, 0x88, 0x00, 0x08, 0x40, 0x00, 0x60, 0x00, 0x00, 0x03, 0x33, 0x03, 0x02, 0x82,
    0x00, 0x00, 0x80, 0x82, 0x00, 0x05, 0x80, 0x80, 0x08, 0x18, 0x19, 0x18, 0x82, 0x00, 0x00, 0x40, 0x87, 0x00, 0x00, 0x66, 0x94, 0x00, 0x03, 0x80,
    0x00, 0x00, 0x4C, 0x80, 0x00, 0x00, 0x30, 0x89, 0x00, 0x00, 0x08, 0x86, 0x00, 0x03, 0x80, 0x00, 0x0A, 0x02, 0x82, 0x00, 0x02, 0x04, 0x00, 0x60,
    0x86, 0x00, 0x00, 0x0C, 0x81, 0x00, 0x01, 0x80, 0x00, 0x80, 0x80, 0x83, 0x00, 0x07, 0x20, 0x10, 0x08, 0x04, 0x00, 0x00, 0x80, 0x80, 0x80, 0x00,
    0x15, 0x01, 0x00, 0x00, 0x08, 0x20, 0x00, 0x00, 0x80, 0x90, 0x08, 0x20, 0x00, 0x00, 0x40, 0x60, 0x00, 0x00, 0x01, 0x00, 0x62, 0x64, 0x50, 0x80,
    0x00, 0x00, 0x06, 0x85, 0x00, 0x03, 0x20, 0x20, 0x02, 0x02, 0x82, 0x00, 0x03, 0x80, 0x00, 0x00, 0x10, 0x89, 0x00, 0x00, 0x80, 0x89, 0x00, 0x04,
    0x80, 0x80, 0x20, 0x00, 0x10, 0x9A, 0x00, 0x82, 0x01, 0x00, 0x81, 0x88, 0x00, 0x02, 0x03, 0x23, 0x80, 0x82, 0x00, 0x00, 0x90, 0xA2, 0x00, 0x00,
    0x08, 0x8A, 0x00, 0x09, 0x60, 0x11, 0x00, 0x08, 0x00, 0x00, 0x09, 0x00, 0x20, 0x20, 0x01, 0xA6, 0x00, 0x04, 0x02, 0x02, 0x10, 0x00, 0x20, 0x82,
    0x00, 0x04, 0x01, 0x00, 0x00, 0x02, 0x04, 0x85, 0x00, 0x04, 0x02, 0x02, 0x00, 0x00, 0x04, 0x80, 0x00, 0x00, 0x80, 0x82, 0x00, 0x04, 0x10, 0x08,
    0x08, 0x00, 0x01, 0x81, 0x00, 0x01, 0x02, 0x02, 0xB1, 0x00, 0x02, 0x10, 0x00, 0x20, 0x83, 0x00, 0x01, 0x10, 0x20, 0x95, 0x00, 0x00, 0x01, 0x80,
    0x00, 0x00, 0x30, 0x90, 0x00, 0x00, 0x01, 0x80, 0x00, 0x03, 0x10, 0x00, 0x00, 0x80, 0x9C, 0x00, 0x06, 0x04, 0x04, 0x00, 0x00, 0x20, 0x00, 0x20,
    0x8F, 0x00, 0x02, 0x20, 0x34, 0x08, 0x81, 0x00, 0x00, 0x01, 0x83, 0x00, 0x02, 0x20, 0x00, 0x08, 0x88, 0x00, 0x10, 0x08, 0x08, 0xC0, 0x00, 0x00,
    0x40, 0x10, 0x00, 0x02, 0x02, 0x01, 0x00, 0x00, 0x40, 0x80, 0x00, 0x40, 0x80, 0x00, 0x04, 0x04, 0x00, 0x40, 0x08, 0x08, 0x82, 0x00, 0x0A, 0x40,
    0x40, 0x00, 0x04, 0x08, 0x00, 0x00, 0x10, 0x00, 0x40, 0x20, 0x81, 0x00, 0x02, 0x01, 0x08, 0x08, 0x90, 0x00, 0x05, 0x08, 0x00, 0x00, 0x02, 0x00,
    0x20, 0x80, 0x00, 0x01, 0x06, 0x04, 0x81, 0x00, 0x00, 0x80, 0x8A, 0x00, 0x00, 0x18, 0x87, 0x00, 0x0A, 0x07, 0x02, 0x20, 0x10, 0x10, 0x38, 0x40,
    0x40, 0x00, 0x00, 0x0C, 0x9D, 0x00, 0x03, 0x04, 0x04, 0xA0, 0x80, 0x80, 0x00, 0x02, 0x40, 0x08, 0x18, 0x88, 0x00, 0x06, 0x80, 0x40, 0x00, 0x10,
    0x10, 0x00, 0x03, 0x88, 0x00, 0x00, 0x06, 0x80, 0x00, 0x00, 0x80, 0x80, 0x00, 0x03, 0x10, 0x80, 0x40, 0x10, 0x81, 0x00, 0x0A, 0x50, 0x00, 0x80,
    0x00, 0x02, 0x00, 0x00, 0x18, 0x10, 0x00, 0x04, 0x80, 0x00, 0x00, 0x03, 0x01, 0xA2, 0x00, 0x00, 0x01, 0x83, 0x00, 0x05, 0x20, 0x00, 0x80, 0x40,
    0x00, 0x80, 0x86, 0x00, 0x01, 0x01, 0x04, 0x8C, 0x00, 0x01, 0x80, 0x20, 0x80, 0x00, 0x00, 0x05, 0x83, 0x00, 0x01, 0x20, 0x20, 0xAF, 0x00, 0x07,
    0xC0, 0x02, 0x02, 0x08, 0x00, 0x00, 0x04, 0x04, 0x8C, 0x00, 0x01, 0x80, 0x80, 0x87, 0x00, 0x04, 0x8C, 0x20, 0x00, 0x00, 0x10, 0x92, 0x00, 0x07,
    0x01, 0x00, 0x20, 0x00, 0x46, 0x20, 0x00, 0x80, 0xA4, 0x00, 0x01, 0x20, 0x20, 0x8C, 0x00, 0x0E, 0xC0, 0x20, 0x80, 0x00, 0x00, 0x02, 0x00, 0x00,
    0x20, 0x00, 0x00, 0x02, 0x16, 0x00, 0x10, 0x8E, 0x00, 0x02, 0x20, 0x40, 0x14, 0x82, 0x00, 0x00, 0x80, 0x86, 0x00, 0x00, 0x40, 0x81, 0x00, 0x02,
    0x04, 0x10, 0x80, 0x85, 0x00, 0x00, 0x20, 0x84, 0x00, 0x04, 0x20, 0x20, 0x00, 0x00, 0x30, 0x89, 0x00, 0x06, 0x03, 0x00, 0x10, 0x00, 0x00, 0x04,
    0x40, 0x82, 0x00, 0x00, 0x08, 0x81, 0x00, 0x00, 0x08, 0x97, 0x00, 0x05, 0x10, 0x00, 0x00, 0x08, 0x00, 0xC0, 0x8F, 0x00, 0x01, 0x04, 0x04, 0x8D,
    0x00, 0x01, 0x08, 0x40, 0x83, 0x00, 0x00, 0x40, 0x8D, 0x00, 0x00, 0x18, 0x8F, 0x00, 0x01, 0x20, 0x40, 0x89, 0x00, 0x02, 0x01, 0x00, 0x04, 0x80,
    0x00, 0x05, 0x01, 0x00, 0x00, 0x04, 0x00, 0x00, 0x01, 0x91, 0x00, 0x00, 0x04, 0x8B, 0x00, 0x01, 0x80, 0x18, 0x82, 0x00, 0x05, 0x04, 0x04, 0x08,
    0x50, 0x20, 0x80, 0x83, 0x00, 0x02, 0x04, 0x08, 0x08, 0x80, 0x00, 0x00, 0x10, 0x81, 0x00, 0x04, 0x04, 0x00, 0x10, 0x10, 0x02, 0x80, 0x00, 0x00,
    0x80, 0x82, 0x00, 0x03, 0x20, 0x14, 0x08, 0x02, 0x81, 0x00, 0x01, 0x03, 0x30, 0x9A, 0x00, 0x00, 0x80, 0x93, 0x00, 0x00, 0x80, 0x92, 0x00, 0x01,
    0x19, 0x80, 0x85, 0x00, 0x00, 0x80, 0x82, 0x00, 0x00, 0x20, 0x84, 0x00, 0x00, 0x01, 0x82, 0x00, 0x00, 0x10, 0x88, 0x00, 0x02, 0x20, 0x80, 0x40,
    0x86, 0x00, 0x00, 0x33, 0x97, 0x00, 0x03, 0x48, 0x09, 0x02, 0x01, 0x87, 0x00, 0x09, 0xC4, 0x02, 0x00, 0x02, 0x00, 0x20, 0x10, 0x00, 0x00, 0x03,
    0x85, 0x00, 0x04, 0x04, 0x00, 0x02, 0x00, 0x04, 0x88, 0x00, 0x01, 0x01, 0x18, 0x81, 0x00, 0x02, 0x08, 0x02, 0x05, 0x80, 0x00, 0x0B, 0xC0, 0x00,
    0x00, 0x60, 0x00, 0x20, 0x00, 0x08, 0x01, 0x01, 0x20, 0x24, 0x81, 0x00, 0x0A, 0x01, 0x00, 0x00, 0x80, 0x02, 0x02, 0x04, 0x00, 0x20, 0x00, 0x40,
    0x81, 0x00, 0x03, 0x01, 0x02, 0x04, 0x04, 0x82, 0x00, 0x00, 0x03, 0x86, 0x00, 0x00, 0x30, 0x82, 0x00, 0x01, 0x20, 0x82, 0x83, 0x00, 0x04, 0x01,
    0x0A, 0x00, 0x00, 0x14, 0x83, 0x00, 0x00, 0x80, 0x89, 0x00, 0x01, 0x02, 0x15, 0x87, 0x00, 0x00, 0x04, 0x80, 0x00, 0x01, 0x08, 0x08, 0x82, 0x00,
    0x02, 0x10, 0x28, 0x10, 0x84, 0x00, 0x02, 0x0C, 0x00, 0x60, 0x87, 0x00, 0x05, 0x01, 0x01, 0x00, 0x00, 0x10, 0x18, 0x82, 0x00, 0x02, 0x20, 0x27,
    0x07, 0xA0, 0x00, 0x00, 0x10, 0x81, 0x00, 0x07, 0x80, 0x20, 0x00, 0x00, 0x40, 0x00, 0x40, 0x20, 0x87, 0x00, 0x01, 0x60, 0x00,
};
static const uint32_t anim_kaleido_offsets[91] = {
    0, 361, 561, 815, 1022, 1254, 1495, 1713, 1921, 2134, 2384, 2642,
    2878, 3118, 3340, 3575, 3827, 4047, 4247, 4483, 4712, 4951, 5214, 5438,
    5645, 5877, 6128, 6394, 6629, 6833, 7055, 7435, 7673, 7927, 8146, 8420,
    8638, 8876, 9148, 9358, 9565, 9793, 10056, 10298, 10505, 10786, 10972, 11155,
    11432, 11640, 11891, 12139, 12358, 12581, 12796, 13082, 13343, 13566, 13809, 14036,
    14284, 14666, 14892, 15088, 15314, 15551, 15816, 16061, 16281, 16488, 16738, 17005,
    17247, 17475, 17694, 17919, 18154, 18395, 18630, 18845, 19103, 19343, 19573, 19823,
    20032, 20219, 20455, 20702, 20940, 21128, 21381,
};
const kb_anim_t anim_kaleido = { anim_kaleido_data, anim_kaleido_offsets, 90 };
