// anim_gradient.h を tools/pack_anim_frames.py で圧縮したもの（自動生成・手で編集しないこと）。
// 90コマ、元 46080 バイト → 17476 バイト。
static const uint8_t anim_gradient_data[17476] = {
    0x00, 0x85, 0x00, 0x02, 0x10, 0x38, 0x10, 0x81, 0x00, 0x3D, 0x01, 0x01, 0x03, 0x03, 0x02, 0x07, 0x46, 0xDD, 0xFE, 0xF8, 0xFE, 0xBB, 0x64, 0x98,
    0x03, 0x6C, 0x00, 0x52, 0x8C, 0x09, 0x00, 0x15, 0x03, 0x06, 0x0E, 0x0E, 0x1E, 0x18, 0x3E, 0x10, 0x4E, 0x12, 0x8C, 0x94, 0x8A, 0x98, 0x84, 0x02,
    0x98, 0x04, 0x80, 0x98, 0x02, 0x00, 0x94, 0x80, 0xC8, 0xF0, 0x88, 0x9C, 0x0A, 0x8B, 0x0B, 0x02, 0x82, 0x00, 0x0A, 0x82, 0x00, 0x00, 0x0A, 0x80,
    0x90, 0x00, 0x16, 0x03, 0x04, 0x08, 0x92, 0xE0, 0x48, 0xA0, 0x60, 0xF0, 0xB8, 0xDC, 0xBE, 0xFF, 0xDF, 0xEF, 0xDF, 0xFF, 0xE7, 0xF7, 0xE3, 0xE3,
    0xC1, 0xF3, 0x86, 0xFF, 0x89, 0x00, 0x3F, 0x80, 0x88, 0xDC, 0xC8, 0xE0, 0x60, 0xB0, 0x70, 0xBC, 0x5F, 0x2E, 0x9E, 0x6A, 0x36, 0x88, 0x46, 0x28,
    0x16, 0x08, 0x80, 0x50, 0x28, 0x16, 0x08, 0x00, 0x00, 0xC0, 0xC0, 0xE0, 0xF0, 0xF0, 0x30, 0xF8, 0x14, 0xE4, 0x17, 0x06, 0xE6, 0x12, 0x06, 0xE0,
    0x12, 0x00, 0x06, 0x00, 0xC6, 0x0E, 0x1F, 0x1E, 0x1A, 0x3C, 0x52, 0x4C, 0xD2, 0xC4, 0xC0, 0x9A, 0xC4, 0x80, 0x54, 0x00, 0x88, 0x80, 0x02, 0x93,
    0x00, 0x0A, 0x0E, 0x31, 0xC3, 0x0B, 0x27, 0x8F, 0x0F, 0x1F, 0x3F, 0x7F, 0x7F, 0x82, 0xFF, 0x05, 0xDF, 0xDF, 0x8F, 0x8F, 0x07, 0xDF, 0x85, 0xFF,
    0x80, 0x00, 0x00, 0x08, 0x84, 0x00, 0x2B, 0x01, 0x03, 0x00, 0x04, 0x00, 0x08, 0x08, 0x18, 0x38, 0xD8, 0x90, 0x88, 0x90, 0x80, 0x18, 0x80, 0x90,
    0x00, 0x08, 0x80, 0x00, 0x80, 0x00, 0x70, 0xF0, 0xFC, 0xFF, 0xBE, 0xCE, 0x3A, 0xC6, 0x38, 0x46, 0x18, 0xB6, 0x48, 0x86, 0x38, 0x20, 0x46, 0x18,
    0x00, 0x06, 0x38, 0x80, 0x00, 0x14, 0x06, 0x08, 0x00, 0x80, 0x80, 0xC0, 0xD4, 0xFF, 0xED, 0xCD, 0x0D, 0x88, 0x04, 0x89, 0x00, 0x04, 0x88, 0x01,
    0x00, 0x04, 0x88, 0x8E, 0x00, 0x19, 0x78, 0x80, 0x04, 0x2A, 0x81, 0x00, 0x02, 0x80, 0x40, 0xA0, 0x70, 0xF8, 0xBC, 0xDE, 0xBF, 0xFF, 0xDF, 0xEF,
    0xDF, 0xF7, 0xE7, 0xE3, 0xE3, 0xC1, 0xF7, 0xFB, 0x83, 0xFF, 0x8F, 0x00, 0x36, 0x80, 0x80, 0x81, 0xC7, 0xF7, 0x79, 0xF1, 0x30, 0x71, 0x80, 0x71,
    0x01, 0x30, 0x00, 0x71, 0x80, 0x01, 0x70, 0x01, 0x00, 0x02, 0x02, 0x36, 0x06, 0x06, 0x0C, 0x1E, 0x18, 0xEC, 0xCA, 0xC4, 0xC8, 0x80, 0x4C, 0x82,
    0x40, 0x88, 0x40, 0x84, 0x46, 0x8E, 0x1F, 0x56, 0xB2, 0xF4, 0xE2, 0xF4, 0xF0, 0x82, 0x44, 0xA0, 0x00, 0x40, 0x52, 0x80, 0x96, 0x00, 0x0C, 0x01,
    0x80, 0x42, 0x24, 0x99, 0x03, 0x23, 0x0F, 0x0F, 0x1F, 0x3F, 0x3F, 0x7F, 0x82, 0xFF, 0x05, 0xDF, 0xDF, 0x8F, 0x8F, 0x07, 0xDF, 0x83, 0xFF, 0x01,
    0x8B, 0x00, 0x00, 0x01, 0x80, 0x00, 0x13, 0x01, 0x05, 0x01, 0x19, 0x01, 0x04, 0x04, 0x05, 0x1D, 0x1C, 0x19, 0x0D, 0x0C, 0x10, 0x1C, 0x05, 0x09,
    0x15, 0x14, 0x01, 0x8F, 0x00, 0x00, 0x80, 0x82, 0x00, 0x01, 0x30, 0x30, 0x81, 0x00, 0x00, 0x88, 0x83, 0x00, 0x00, 0x08, 0xC1, 0x00, 0x13, 0x20,
    0x00, 0x10, 0x00, 0x04, 0x20, 0x30, 0x30, 0x34, 0x14, 0x34, 0x04, 0x2C, 0x34, 0x14, 0x00, 0x10, 0x38, 0x34, 0x14, 0x81, 0x00, 0x00, 0x20, 0x81,
    0x00, 0x80, 0x20, 0x05, 0x00, 0x20, 0x20, 0x00, 0x20, 0x20, 0x81, 0x00, 0x01, 0x01, 0x01, 0xD2, 0x00, 0x03, 0x10, 0x00, 0x40, 0x40, 0x84, 0x10,
    0x83, 0x00, 0x04, 0x80, 0x00, 0x00, 0x01, 0x01, 0x80, 0x80, 0x01, 0x00, 0x00, 0x81, 0x80, 0x01, 0x00, 0x20, 0x8B, 0x00, 0x02, 0x12, 0x02, 0x10,
    0xCD, 0x00, 0x04, 0x01, 0x00, 0x00, 0x30, 0x00, 0x80, 0x01, 0x03, 0x31, 0x30, 0x31, 0x30, 0x80, 0x31, 0x09, 0x01, 0x30, 0x30, 0x00, 0x00, 0x04,
    0x30, 0x30, 0x00, 0x00, 0x82, 0x04, 0x02, 0x00, 0x04, 0x04, 0x80, 0x00, 0x01, 0x04, 0x04, 0x81, 0x00, 0x00, 0x40, 0x81, 0x00, 0x06, 0x40, 0x40,
    0x00, 0x40, 0x00, 0x40, 0x04, 0xB4, 0x00, 0x01, 0x93, 0x00, 0x00, 0x20, 0x81, 0x00, 0x0D, 0x20, 0x00, 0x20, 0x20, 0x00, 0x00, 0x08, 0x00, 0x00,
    0x02, 0x04, 0x08, 0x00, 0x00, 0x81, 0x06, 0x0E, 0x04, 0x06, 0x00, 0x06, 0x02, 0x04, 0x06, 0x02, 0x04, 0x04, 0x00, 0x02, 0x02, 0x04, 0x04, 0x80,
    0x00, 0x09, 0x08, 0x00, 0x01, 0x00, 0x01, 0x00, 0x08, 0x00, 0x08, 0x08, 0xC8, 0x00, 0x01, 0x08, 0x02, 0x80, 0x00, 0x11, 0x08, 0x0A, 0x0A, 0x06,
    0x02, 0x0A, 0x08, 0x00, 0x00, 0x02, 0x0A, 0x08, 0x00, 0xC0, 0x00, 0x00, 0x10, 0x00, 0x80, 0xC0, 0x0C, 0xD0, 0xD0, 0x10, 0xC0, 0xD0, 0x10, 0xC0,
    0xD0, 0x10, 0x00, 0x00, 0xC0, 0x80, 0x82, 0x00, 0x00, 0x80, 0x82, 0x00, 0x04, 0x80, 0x00, 0x80, 0x00, 0x80, 0xC1, 0x00, 0x04, 0x08, 0x00, 0x00,
    0x20, 0xA0, 0x80, 0x08, 0x06, 0x00, 0x88, 0x88, 0x00, 0x80, 0x08, 0x88, 0x80, 0x80, 0x15, 0x50, 0x00, 0x00, 0x04, 0x42, 0x50, 0x50, 0x54, 0x54,
    0x56, 0x56, 0x16, 0x56, 0xC6, 0x16, 0x16, 0x40, 0x56, 0x96, 0x00, 0x16, 0x16, 0x80, 0x00, 0x01, 0x06, 0x06, 0x81, 0x00, 0x0B, 0x01, 0x20, 0x00,
    0x00, 0x01, 0x00, 0x01, 0x01, 0x00, 0x00, 0x01, 0x01, 0xC6, 0x00, 0x09, 0x04, 0x00, 0x0C, 0x08, 0x00, 0x00, 0x01, 0x00, 0x00, 0x80, 0x81, 0x00,
    0x01, 0x01, 0x01, 0x83, 0x00, 0x03, 0x10, 0x00, 0xB0, 0x20, 0x80, 0x00, 0x86, 0x80, 0x0D, 0x10, 0x80, 0x00, 0x00, 0x10, 0x10, 0x00, 0x90, 0x80,
    0x80, 0x00, 0x00, 0x90, 0x90, 0xB4, 0x00, 0x01, 0x92, 0x00, 0x00, 0x80, 0x81, 0x00, 0x02, 0x80, 0x80, 0xA0, 0x80, 0x00, 0x04, 0xA0, 0x80, 0x01,
    0x00, 0x21, 0x80, 0x00, 0x03, 0x10, 0x00, 0x00, 0x08, 0x82, 0x18, 0x0F, 0x10, 0x18, 0x00, 0x18, 0x18, 0x00, 0x18, 0x1A, 0x00, 0x10, 0x10, 0x88,
    0x08, 0x00, 0x20, 0x20, 0x80, 0x80, 0x09, 0x00, 0x80, 0x80, 0x00, 0x80, 0x80, 0x00, 0x00, 0x80, 0x80, 0xBB, 0x00, 0x00, 0x80, 0x81, 0x00, 0x81,
    0x80, 0x12, 0x85, 0x01, 0x80, 0x80, 0x04, 0x84, 0x84, 0x02, 0x00, 0x04, 0x84, 0x80, 0x10, 0x00, 0x04, 0x04, 0x00, 0x00, 0x80, 0x81, 0x00, 0x82,
    0x80, 0x05, 0x00, 0x80, 0x80, 0x00, 0x80, 0x80, 0x80, 0x00, 0x04, 0x80, 0x80, 0x00, 0x00, 0x40, 0x81, 0x00, 0x82, 0x40, 0xC7, 0x00, 0x01, 0x40,
    0x40, 0x8A, 0x00, 0x00, 0x20, 0x81, 0x00, 0x01, 0x21, 0x21, 0x80, 0x20, 0x05, 0x00, 0x20, 0x20, 0x00, 0x20, 0x20, 0x81, 0x00, 0x01, 0x20, 0x20,
    0x83, 0x00, 0x00, 0x80, 0x80, 0x00, 0x01, 0x08, 0x00, 0x80, 0x80, 0x80, 0x88, 0x06, 0x00, 0x88, 0x88, 0x00, 0x00, 0x88, 0x88, 0xD2, 0x00, 0x00,
    0x02, 0x81, 0x00, 0x13, 0x0A, 0x02, 0x02, 0x40, 0x02, 0x0A, 0x08, 0x48, 0x48, 0x4A, 0x42, 0x48, 0x48, 0x40, 0x40, 0x42, 0x00, 0x48, 0x60, 0x00,
    0x80, 0x02, 0x04, 0x60, 0x02, 0x22, 0x20, 0x00, 0x80, 0x02, 0xB4, 0x00, 0x01, 0x8D, 0x00, 0x00, 0x02, 0x80, 0x00, 0x01, 0x58, 0x22, 0x80, 0x02,
    0x0E, 0x58, 0x7A, 0x78, 0x0A, 0x6A, 0x50, 0x7A, 0x6A, 0x00, 0x10, 0x32, 0x24, 0x08, 0x00, 0x00, 0x81, 0x06, 0x13, 0x04, 0x06, 0x80, 0x06, 0x02,
    0x04, 0x46, 0x02, 0x84, 0x84, 0x80, 0x80, 0x00, 0x04, 0x84, 0x80, 0x00, 0x40, 0x00, 0x40, 0x81, 0x00, 0x00, 0x80, 0xCB, 0x00, 0x00, 0x10, 0x80,
    0x00, 0x82, 0x10, 0x03, 0x00, 0x00, 0x10, 0x10, 0x80, 0x00, 0x0A, 0x10, 0x10, 0x00, 0x00, 0x40, 0x00, 0x20, 0x00, 0x00, 0x40, 0x40, 0x80, 0x60,
    0x05, 0x00, 0x61, 0x60, 0x00, 0x64, 0x60, 0x85, 0x00, 0x00, 0x80, 0x82, 0x00, 0x04, 0x80, 0x00, 0x80, 0x00, 0x80, 0xBF, 0x00, 0x07, 0x02, 0x02,
    0x00, 0x00, 0x10, 0x20, 0xA0, 0x00, 0x80, 0x10, 0x05, 0x90, 0x10, 0x00, 0x90, 0x00, 0x00, 0x80, 0x80, 0x9C, 0x00, 0x0B, 0x01, 0x00, 0x10, 0x00,
    0x11, 0x00, 0x01, 0x01, 0x00, 0x00, 0x01, 0x01, 0xC4, 0x00, 0x00, 0x81, 0x81, 0x00, 0x80, 0x81, 0x08, 0x00, 0x81, 0x81, 0x00, 0x81, 0x81, 0x01,
    0x81, 0x80, 0x82, 0x00, 0x00, 0x40, 0x80, 0x00, 0x01, 0x20, 0x20, 0x86, 0x00, 0x05, 0x04, 0x00, 0x04, 0x08, 0x08, 0x40, 0x81, 0x04, 0x08, 0x44,
    0xC0, 0x84, 0x44, 0x00, 0xC0, 0x80, 0x04, 0x04, 0xB3, 0x00, 0x01, 0x8F, 0x00, 0x00, 0x04, 0x80, 0x00, 0x82, 0x04, 0x08, 0x00, 0x14, 0x04, 0x00,
    0x04, 0x04, 0x00, 0x04, 0x04, 0x83, 0x00, 0x01, 0x20, 0x20, 0x91, 0x00, 0x02, 0x19, 0x10, 0x01, 0x80, 0x00, 0x03, 0x08, 0x00, 0x08, 0x88, 0xC1,
    0x00, 0x00, 0x40, 0x80, 0x00, 0x80, 0x40, 0x13, 0x48, 0x46, 0x00, 0x40, 0x40, 0x0C, 0x4E, 0x4C, 0x00, 0x02, 0x0E, 0x4C, 0x40, 0x00, 0x02, 0x0E,
    0x0C, 0x00, 0x00, 0x80, 0x81, 0x00, 0x82, 0x80, 0x05, 0x00, 0x80, 0x80, 0x00, 0x80, 0x80, 0x80, 0x00, 0x01, 0x80, 0x80, 0x83, 0x00, 0x00, 0x10,
    0x85, 0x00, 0x00, 0x10, 0xC1, 0x00, 0x01, 0x40, 0x40, 0x8B, 0x00, 0x00, 0x80, 0x81, 0x00, 0x08, 0x82, 0x81, 0x81, 0x80, 0x00, 0x82, 0x82, 0x02,
    0x82, 0x80, 0x02, 0x05, 0x80, 0x82, 0x02, 0x00, 0x02, 0x02, 0x80, 0x00, 0x01, 0x02, 0x02, 0xD6, 0x00, 0x00, 0x02, 0x8C, 0x00, 0x00, 0x04, 0x80,
    0x00, 0x02, 0x10, 0x04, 0xD4, 0x80, 0x04, 0x02, 0x40, 0xC4, 0xC4, 0x83, 0xC0, 0x02, 0x80, 0x40, 0xC0, 0x81, 0x00, 0x01, 0x40, 0x80, 0xBB, 0x00,
    0x01, 0x90, 0x00, 0x13, 0x18, 0x20, 0x80, 0x00, 0x00, 0x18, 0x38, 0xB8, 0x98, 0xB8, 0x10, 0x38, 0x28, 0x80, 0x90, 0x32, 0x21, 0x08, 0x00, 0x00,
    0x80, 0x02, 0x12, 0x0A, 0x08, 0x4A, 0x4C, 0x0A, 0x02, 0x00, 0x0A, 0x02, 0x08, 0x08, 0x00, 0x08, 0x08, 0x00, 0x04, 0x00, 0x08, 0x08, 0x80, 0x00,
    0x01, 0x24, 0x24, 0xC8, 0x00, 0x02, 0x08, 0x14, 0x08, 0x95, 0x00, 0x0F, 0x40, 0x00, 0x20, 0x00, 0x04, 0x40, 0x43, 0x61, 0x60, 0x64, 0x04, 0x66,
    0x66, 0x06, 0x66, 0x66, 0x81, 0x00, 0x0F, 0x80, 0x60, 0xA0, 0x00, 0x02, 0x00, 0x40, 0x40, 0xC0, 0x40, 0xC0, 0x00, 0x80, 0x00, 0x00, 0x40, 0xBC,
    0x00, 0x06, 0x01, 0x00, 0x01, 0x00, 0x00, 0x20, 0xA0, 0x81, 0x00, 0x03, 0x80, 0x00, 0x80, 0x80, 0x80, 0x00, 0x01, 0x80, 0x80, 0x83, 0x00, 0x04,
    0x04, 0x00, 0x00, 0x01, 0x05, 0x85, 0x04, 0x05, 0x00, 0x04, 0x04, 0x00, 0x04, 0x04, 0x80, 0x00, 0x01, 0x04, 0x04, 0xDB, 0x00, 0x03, 0x80, 0x00,
    0x00, 0x01, 0x87, 0x00, 0x04, 0x08, 0x00, 0x20, 0x00, 0x00, 0x82, 0x08, 0x03, 0x00, 0x08, 0x48, 0x80, 0x81, 0x00, 0x01, 0x41, 0x01, 0x80, 0x00,
    0x06, 0x40, 0xC0, 0x80, 0x40, 0x00, 0xD0, 0x80, 0xB6, 0x00, 0x01, 0xA0, 0x00, 0x00, 0x04, 0x80, 0x00, 0x82, 0x04, 0x08, 0x00, 0x04, 0x04, 0x00,
    0x04, 0x04, 0x00, 0x04, 0x04, 0x88, 0x00, 0x04, 0x02, 0x10, 0x10, 0x00, 0x00, 0x80, 0x02, 0x03, 0x00, 0x00, 0x02, 0x02, 0xC7, 0x00, 0x01, 0x01,
    0x01, 0x8E, 0x00, 0x01, 0xC0, 0x10, 0x80, 0x00, 0x00, 0xC0, 0x80, 0xD0, 0x06, 0xC0, 0x10, 0xD0, 0xC0, 0x10, 0xD0, 0xC0, 0x87, 0x00, 0x00, 0x80,
    0xC8, 0x00, 0x03, 0x10, 0x40, 0x40, 0x00, 0x82, 0x10, 0x8C, 0x00, 0x00, 0x02, 0x81, 0x00, 0x84, 0x02, 0x1D, 0x00, 0x02, 0x02, 0x00, 0x02, 0x02,
    0x00, 0x10, 0x00, 0x02, 0x02, 0x01, 0x02, 0x02, 0x00, 0x09, 0x00, 0x01, 0x01, 0x00, 0x08, 0x09, 0x09, 0x00, 0x08, 0x08, 0x00, 0x00, 0x08, 0x08,
    0xD7, 0x00, 0x00, 0x50, 0x80, 0x00, 0x82, 0x40, 0x11, 0x00, 0x00, 0x40, 0x40, 0x00, 0x40, 0x46, 0x20, 0x00, 0x00, 0x04, 0x46, 0x26, 0x06, 0x24,
    0x22, 0x06, 0x04, 0x80, 0x02, 0x01, 0x06, 0x04, 0xB2, 0x00, 0x01, 0x8E, 0x00, 0x16, 0x04, 0x18, 0x60, 0x00, 0x04, 0x04, 0x1C, 0x7C, 0x7C, 0x58,
    0x3C, 0x54, 0x78, 0x6C, 0x54, 0x11, 0x34, 0x25, 0x08, 0x08, 0x00, 0x00, 0x10, 0x80, 0x00, 0x02, 0x10, 0x10, 0x90, 0x81, 0x10, 0x10, 0x00, 0x10,
    0x90, 0x80, 0x90, 0x90, 0x00, 0x90, 0x90, 0x00, 0x80, 0x00, 0x10, 0x11, 0x00, 0x09, 0x80, 0x81, 0x00, 0x03, 0x08, 0x00, 0x08, 0x08, 0xBF, 0x00,
    0x00, 0x80, 0x80, 0x00, 0x00, 0x20, 0x81, 0x80, 0x10, 0xA0, 0x26, 0xA0, 0xA0, 0x00, 0xA4, 0x96, 0x2C, 0x20, 0x02, 0x86, 0x84, 0x20, 0x20, 0x02,
    0x06, 0x04, 0x80, 0x00, 0x01, 0x80, 0x20, 0x80, 0x00, 0x00, 0x80, 0x80, 0xA0, 0x0A, 0x80, 0x20, 0xA0, 0x80, 0x20, 0xA0, 0x80, 0x00, 0x00, 0x40,
    0x80, 0x80, 0x00, 0x0A, 0x40, 0xC0, 0x40, 0x40, 0xC0, 0x00, 0x80, 0x00, 0x00, 0x40, 0x40, 0xBE, 0x00, 0x03, 0x02, 0x02, 0x60, 0x60, 0x95, 0x00,
    0x02, 0x01, 0x01, 0x20, 0x81, 0x00, 0x02, 0x40, 0x00, 0x20, 0x80, 0x00, 0x00, 0x40, 0x93, 0x00, 0x00, 0x04, 0xD7, 0x00, 0x04, 0x18, 0x00, 0x30,
    0xA0, 0x00, 0x80, 0x08, 0x18, 0x88, 0x88, 0x80, 0x88, 0x88, 0x00, 0x00, 0x80, 0x80, 0x00, 0xC0, 0x18, 0x08, 0x00, 0x00, 0x50, 0xD0, 0x00, 0x50,
    0x00, 0x50, 0x10, 0x00, 0x10, 0x10, 0xB4, 0x00, 0x01, 0x8E, 0x00, 0x00, 0x10, 0x81, 0x00, 0x84, 0x10, 0x04, 0x00, 0x10, 0x00, 0x10, 0x02, 0x81,
    0x00, 0x80, 0x02, 0x08, 0x00, 0x00, 0x02, 0x00, 0x02, 0x02, 0x00, 0x02, 0x02, 0x86, 0x00, 0x00, 0x08, 0x8E, 0x00, 0x00, 0x80, 0xC5, 0x00, 0x00,
    0x08, 0x81, 0x00, 0x06, 0x08, 0x08, 0x00, 0x08, 0x00, 0x08, 0x08, 0x80, 0x00, 0x01, 0x0A, 0x08, 0x80, 0x00, 0x04, 0x40, 0x00, 0x00, 0x03, 0x01,
    0x80, 0x40, 0x18, 0x42, 0x42, 0x02, 0x42, 0x42, 0x00, 0x42, 0x40, 0x09, 0x01, 0x00, 0x04, 0x04, 0x0C, 0x0E, 0x0C, 0x04, 0x0C, 0x08, 0x0C, 0x04,
    0x04, 0x0C, 0x08, 0x08, 0xBE, 0x00, 0x04, 0x01, 0x00, 0x01, 0x00, 0x80, 0x81, 0x00, 0x03, 0x80, 0x00, 0x80, 0x80, 0x80, 0x00, 0x01, 0x80, 0x80,
    0xAB, 0x00, 0x00, 0x08, 0x80, 0x00, 0x00, 0x08, 0xBD, 0x00, 0x14, 0x01, 0x00, 0x80, 0x00, 0x00, 0x01, 0x01, 0x81, 0x80, 0x81, 0x81, 0x00, 0x80,
    0x00, 0x81, 0x81, 0x00, 0x80, 0x80, 0x00, 0x04, 0x81, 0x00, 0x00, 0x44, 0x80, 0x04, 0x18, 0x44, 0x40, 0x44, 0x44, 0x40, 0x00, 0x00, 0x40, 0x40,
    0x00, 0x40, 0x40, 0x00, 0x06, 0x00, 0x00, 0x40, 0x04, 0x86, 0x86, 0x06, 0x04, 0x80, 0x86, 0x04, 0x80, 0x02, 0x01, 0x06, 0x04, 0x8D, 0x00, 0x00,
    0x08, 0xA0, 0x00, 0x01, 0x8E, 0x00, 0x00, 0x08, 0x81, 0x00, 0x82, 0x08, 0x08, 0x00, 0x08, 0x08, 0x40, 0x08, 0x00, 0x00, 0x08, 0x08, 0x82, 0x00,
    0x03, 0x20, 0x20, 0x40, 0xC0, 0x84, 0x00, 0x83, 0x80, 0x09, 0x00, 0x80, 0x80, 0x00, 0x40, 0x00, 0x40, 0x20, 0xB0, 0x10, 0x81, 0x00, 0x00, 0x02,
    0xC2, 0x00, 0x01, 0x80, 0x40, 0x80, 0x00, 0x82, 0xC0, 0x0A, 0x00, 0xC0, 0xC0, 0x00, 0xC0, 0xC0, 0x04, 0x00, 0x00, 0xC0, 0xC0, 0x80, 0x00, 0x00,
    0x04, 0x81, 0x00, 0x00, 0x80, 0x81, 0x00, 0x82, 0x80, 0x17, 0x00, 0x80, 0x80, 0x00, 0x82, 0x80, 0x40, 0xA0, 0x20, 0x02, 0x00, 0x42, 0xC2, 0x42,
    0x40, 0xC2, 0x02, 0xC0, 0x00, 0x00, 0x40, 0x40, 0x02, 0x02, 0xBE, 0x00, 0x04, 0x38, 0x20, 0x00, 0x00, 0x10, 0x80, 0x18, 0x06, 0x10, 0x08, 0x18,
    0x00, 0x00, 0x08, 0x18, 0x88, 0x00, 0x00, 0x02, 0x81, 0x00, 0x84, 0x02, 0x05, 0x00, 0x02, 0x02, 0x00, 0x02, 0x02, 0x80, 0x00, 0x0B, 0x03, 0x02,
    0x00, 0x00, 0x41, 0x00, 0x41, 0x01, 0x00, 0x00, 0x01, 0x01, 0xD8, 0x00, 0x11, 0x02, 0x00, 0x00, 0x18, 0x00, 0x02, 0x22, 0x02, 0x08, 0x0A, 0x0A,
    0x08, 0x08, 0x00, 0x0A, 0x0A, 0x00, 0x04, 0x81, 0x00, 0x08, 0x20, 0x00, 0x01, 0x01, 0x00, 0x20, 0x00, 0x30, 0x20, 0xBA, 0x00, 0x01, 0x8C, 0x00,
    0x16, 0x02, 0x14, 0x00, 0x20, 0x00, 0x06, 0x16, 0x16, 0x36, 0x34, 0x32, 0x34, 0x16, 0x22, 0x34, 0x06, 0x92, 0x24, 0x24, 0x04, 0x00, 0x08, 0x00,
    0x80, 0x04, 0x0D, 0x0C, 0x0C, 0x08, 0x0C, 0x0C, 0x00, 0x0C, 0x0C, 0x00, 0x0C, 0x0C, 0x00, 0x08, 0x08, 0x84, 0x00, 0x02, 0x01, 0x00, 0x01, 0xE7,
    0x00, 0x0F, 0x54, 0x2B, 0x09, 0x00, 0x00, 0x54, 0x76, 0x76, 0x66, 0x56, 0x36, 0x64, 0x52, 0x36, 0x64, 0x40, 0x81, 0x00, 0x00, 0x02, 0xCA, 0x00,
    0x02, 0x01, 0x46, 0x47, 0x8E, 0x00, 0x00, 0x80, 0x81, 0x00, 0x00, 0x84, 0x80, 0x80, 0x0E, 0x85, 0x85, 0x84, 0x04, 0x84, 0x84, 0x04, 0x44, 0x84,
    0x80, 0x04, 0x04, 0x00, 0x04, 0x04, 0x80, 0x00, 0x01, 0x04, 0x04, 0xE7, 0x00, 0x06, 0x20, 0x40, 0x80, 0x00, 0x00, 0x40, 0x40, 0x80, 0xC0, 0x15,
    0x80, 0x80, 0x40, 0x40, 0x80, 0xC0, 0x40, 0xC0, 0x00, 0x00, 0x02, 0x40, 0x40, 0xC0, 0x00, 0x42, 0x02, 0x42, 0x02, 0x00, 0x02, 0x00, 0x81, 0x02,
    0xB1, 0x00, 0x01, 0x8D, 0x00, 0x06, 0x08, 0x00, 0x40, 0x00, 0x00, 0x08, 0x08, 0x80, 0x48, 0x09, 0x00, 0x48, 0x48, 0x00, 0x18, 0x08, 0x00, 0x08,
    0x08, 0x10, 0x83, 0x00, 0x06, 0x40, 0xC0, 0x00, 0x02, 0x00, 0x00, 0x80, 0x80, 0x00, 0x82, 0x80, 0x05, 0x00, 0x80, 0x80, 0x00, 0x00, 0x10, 0x80,
    0x00, 0x00, 0x08, 0x82, 0x00, 0x03, 0x08, 0x02, 0x08, 0x08, 0xC5, 0x00, 0x00, 0x10, 0x80, 0x00, 0x81, 0x10, 0x04, 0x00, 0x10, 0x00, 0x10, 0x10,
    0x80, 0x00, 0x02, 0x10, 0x10, 0x08, 0x82, 0x00, 0x00, 0x80, 0x81, 0x00, 0x82, 0x80, 0x05, 0x00, 0x80, 0x80, 0x00, 0x80, 0x80, 0x80, 0x00, 0x82,
    0x40, 0x08, 0x00, 0xC0, 0x40, 0x02, 0x40, 0x40, 0x00, 0x00, 0x02, 0xBD, 0x00, 0x02, 0x20, 0x20, 0x80, 0x81, 0x00, 0x03, 0x80, 0x00, 0x80, 0x80,
    0x80, 0x00, 0x01, 0x80, 0x80, 0x9E, 0x00, 0x00, 0x80, 0x81, 0x00, 0x81, 0x80, 0x04, 0x00, 0x80, 0x80, 0x00, 0x80, 0x80, 0x00, 0x01, 0x80, 0x80,
    0xC0, 0x00, 0x01, 0x02, 0x02, 0x8B, 0x00, 0x06, 0x04, 0x00, 0x18, 0x00, 0x10, 0x04, 0x04, 0x80, 0x0C, 0x07, 0x08, 0x0C, 0x04, 0x08, 0x08, 0x00,
    0x04, 0x04, 0x83, 0x00, 0x00, 0x04, 0x80, 0x00, 0x82, 0x04, 0x02, 0x00, 0x04, 0x24, 0x80, 0x00, 0x01, 0x04, 0x04, 0xB0, 0x00, 0x01, 0x8C, 0x00,
    0x1A, 0x14, 0x00, 0x20, 0x00, 0x04, 0x14, 0x14, 0x34, 0x34, 0x30, 0x14, 0x14, 0x20, 0x34, 0x14, 0x00, 0x24, 0x24, 0x00, 0x10, 0x10, 0x00, 0x00,
    0x10, 0x00, 0x20, 0x20, 0x84, 0x10, 0x08, 0x00, 0x10, 0x10, 0x00, 0x10, 0x10, 0x00, 0x10, 0x10, 0x84, 0x00, 0x01, 0x04, 0x04, 0x82, 0x00, 0x00,
    0x80, 0xC3, 0x00, 0x04, 0x80, 0x40, 0x00, 0x20, 0x00, 0x80, 0xC0, 0x0D, 0xE0, 0xE0, 0x20, 0xE0, 0xC0, 0x20, 0xC0, 0xE0, 0x20, 0x00, 0x00, 0xC0,
    0xE0, 0x20, 0x83, 0x00, 0x02, 0x01, 0x41, 0x20, 0x80, 0x00, 0x00, 0x40, 0x80, 0x60, 0x03, 0x40, 0x20, 0x60, 0x40, 0x81, 0x20, 0x08, 0x00, 0x04,
    0x06, 0x86, 0x06, 0x06, 0x86, 0x84, 0x02, 0x80, 0x06, 0x00, 0x04, 0xC0, 0x00, 0x03, 0x50, 0x41, 0x00, 0x01, 0x82, 0x10, 0x06, 0x00, 0x10, 0x10,
    0x00, 0x00, 0x10, 0x10, 0x81, 0x00, 0x04, 0x30, 0x00, 0x00, 0x08, 0x00, 0x80, 0x30, 0x15, 0x38, 0x38, 0x39, 0x19, 0x28, 0x08, 0x38, 0x38, 0x08,
    0x30, 0x38, 0x08, 0x30, 0x38, 0x08, 0x00, 0x00, 0x10, 0x18, 0x08, 0x00, 0x02, 0x80, 0x00, 0x00, 0x01, 0xCF, 0x00, 0x05, 0x04, 0x30, 0x0C, 0x08,
    0x00, 0x00, 0x84, 0x30, 0x09, 0x00, 0x30, 0x30, 0x10, 0x00, 0x30, 0x10, 0x30, 0x00, 0x00, 0x82, 0x40, 0x06, 0x00, 0x00, 0xC0, 0x40, 0x00, 0x40,
    0x40, 0x81, 0x00, 0x0C, 0x08, 0x0B, 0x01, 0x80, 0x80, 0x00, 0x02, 0x82, 0x82, 0x02, 0x00, 0x02, 0x00, 0x81, 0x02, 0xB0, 0x00, 0x01, 0x8C, 0x00,
    0x00, 0x08, 0x81, 0x00, 0x01, 0x08, 0x88, 0x80, 0x08, 0x09, 0x00, 0x88, 0x88, 0x80, 0x08, 0xC8, 0x80, 0x88, 0x88, 0x40, 0x83, 0x00, 0x01, 0x40,
    0xC0, 0x81, 0x00, 0x01, 0x80, 0x80, 0x80, 0x00, 0x81, 0x80, 0x07, 0x00, 0x80, 0x80, 0x00, 0x00, 0x01, 0x00, 0x01, 0xD8, 0x00, 0x00, 0x20, 0x8C,
    0x00, 0x00, 0x02, 0x81, 0x00, 0x82, 0x02, 0x0A, 0x00, 0x02, 0x02, 0x00, 0x02, 0x16, 0x01, 0x01, 0x00, 0x00, 0x14, 0x80, 0x10, 0x04, 0x00, 0x10,
    0x00, 0x10, 0x10, 0x80, 0x00, 0x01, 0x10, 0x10, 0xBF, 0x00, 0x01, 0x02, 0x02, 0x8D, 0x00, 0x00, 0x40, 0x80, 0x00, 0x81, 0x40, 0x08, 0x42, 0x40,
    0x40, 0x00, 0x40, 0x42, 0x02, 0x42, 0x42, 0x80, 0x02, 0x07, 0x00, 0x42, 0x42, 0x00, 0x02, 0x02, 0x00, 0x01, 0x80, 0x00, 0x07, 0x01, 0x01, 0x00,
    0x01, 0x00, 0x00, 0x01, 0x01, 0xC9, 0x00, 0x00, 0x80, 0x81, 0x00, 0x81, 0x80, 0x08, 0x00, 0x80, 0x00, 0x80, 0x80, 0x00, 0x80, 0x80, 0x08, 0x80,
    0x00, 0x00, 0x80, 0x81, 0x08, 0x0A, 0x88, 0x80, 0x88, 0x88, 0x00, 0x80, 0x00, 0x80, 0x80, 0x00, 0x80, 0x81, 0x00, 0x03, 0x04, 0x80, 0x00, 0x00,
    0x82, 0x04, 0x02, 0x00, 0x04, 0x04, 0x80, 0x00, 0x01, 0x04, 0x04, 0xAF, 0x00, 0x01, 0x8B, 0x00, 0x00, 0x10, 0x81, 0x00, 0x84, 0x10, 0x02, 0x00,
    0x10, 0x10, 0x81, 0x00, 0x01, 0x10, 0x10, 0x81, 0x00, 0x01, 0x20, 0x20, 0x83, 0x00, 0x00, 0x04, 0x8A, 0x00, 0x00, 0x80, 0x81, 0x00, 0x80, 0x80,
    0x00, 0x00, 0x81, 0x80, 0xC3, 0x00, 0x01, 0x80, 0x40, 0x80, 0x00, 0x82, 0xC0, 0x05, 0x00, 0xC0, 0xD0, 0x00, 0xC0, 0xC0, 0x80, 0x00, 0x02, 0xC0,
    0xC0, 0x10, 0x81, 0x00, 0x03, 0x01, 0x01, 0x10, 0x80, 0x80, 0x00, 0x0E, 0x10, 0x90, 0x90, 0x80, 0x90, 0x90, 0x00, 0x90, 0xD0, 0x00, 0x0C, 0x00,
    0x00, 0x40, 0x40, 0x80, 0x4C, 0x08, 0x0C, 0x4C, 0x4C, 0x08, 0x44, 0x4C, 0x0C, 0x0C, 0x08, 0xBD, 0x00, 0x05, 0x20, 0x20, 0x00, 0x01, 0x00, 0x01,
    0x85, 0x00, 0x00, 0x08, 0x84, 0x00, 0x00, 0x80, 0x81, 0x00, 0x84, 0x80, 0x06, 0x00, 0x80, 0x80, 0x00, 0x00, 0x80, 0x80, 0xD8, 0x00, 0x00, 0x01,
    0x81, 0x00, 0x80, 0x01, 0x02, 0x00, 0x01, 0x01, 0x80, 0x00, 0x01, 0x01, 0x01, 0x80, 0x00, 0x04, 0x04, 0x10, 0x00, 0x30, 0x60, 0x80, 0x04, 0x0E,
    0x44, 0x44, 0x40, 0x44, 0x44, 0x02, 0x00, 0x40, 0x44, 0x04, 0x40, 0x40, 0x00, 0x00, 0x20, 0x81, 0x00, 0x03, 0x21, 0x01, 0x20, 0x20, 0x81, 0x00,
    0x01, 0x20, 0x20, 0xB5, 0x00, 0x01, 0x8B, 0x00, 0x00, 0x0E, 0x80, 0x00, 0x00, 0x04, 0x81, 0x0E, 0x09, 0x08, 0x06, 0x0C, 0x0A, 0x06, 0x0C, 0x0A,
    0x06, 0x0C, 0x08, 0x84, 0x00, 0x01, 0x40, 0xC0, 0x81, 0x00, 0x80, 0x80, 0x80, 0x00, 0x80, 0x80, 0x02, 0x00, 0x80, 0x80, 0x8D, 0x00, 0x00, 0x02,
    0xC3, 0x00, 0x00, 0x80, 0x81, 0x00, 0x82, 0x80, 0x05, 0x00, 0x80, 0x88, 0x00, 0x80, 0x80, 0x80, 0x00, 0x01, 0x80, 0x80, 0x81, 0x00, 0x04, 0x06,
    0x00, 0x00, 0x40, 0x20, 0x80, 0x06, 0x09, 0x46, 0x66, 0x64, 0x66, 0x42, 0x24, 0x66, 0x02, 0x80, 0x02, 0x80, 0x00, 0x0A, 0x80, 0x82, 0x02, 0x82,
    0x92, 0x02, 0x00, 0x02, 0x02, 0x82, 0x02, 0xBF, 0x00, 0x00, 0x10, 0x80, 0x00, 0x82, 0x10, 0x06, 0x00, 0x10, 0x10, 0x00, 0x00, 0x10, 0x10, 0x83,
    0x00, 0x00, 0x70, 0x80, 0x00, 0x01, 0x40, 0x74, 0x80, 0x70, 0x12, 0x74, 0x74, 0x14, 0x64, 0x44, 0x34, 0x74, 0x44, 0x34, 0x30, 0x04, 0x34, 0x70,
    0x44, 0x04, 0x00, 0x10, 0x10, 0x04, 0xD4, 0x00, 0x04, 0x10, 0x08, 0x08, 0x00, 0x00, 0x81, 0x10, 0x0A, 0x11, 0x10, 0x10, 0x00, 0x10, 0x10, 0x08,
    0x20, 0x20, 0x10, 0x10, 0x82, 0x08, 0x02, 0x00, 0x48, 0x08, 0x8A, 0x00, 0x00, 0x02, 0x81, 0x00, 0x81, 0x02, 0x06, 0x00, 0x02, 0x00, 0x02, 0x06,
    0x02, 0x02, 0xAF, 0x00, 0x01, 0x8B, 0x00, 0x03, 0x01, 0x00, 0x20, 0x00, 0x80, 0x01, 0x0A, 0x21, 0x21, 0x20, 0x00, 0x01, 0x21, 0x20, 0x01, 0x01,
    0x20, 0x20, 0x82, 0x00, 0x03, 0x10, 0x00, 0x00, 0x80, 0x81, 0x10, 0x80, 0x90, 0x08, 0x80, 0x10, 0x10, 0x00, 0x90, 0x90, 0x00, 0x90, 0x90, 0x81,
    0x00, 0x00, 0x80, 0xD1, 0x00, 0x05, 0x40, 0x20, 0x00, 0x00, 0x48, 0x40, 0x80, 0x60, 0x0A, 0x08, 0x60, 0x68, 0x08, 0x60, 0x68, 0x08, 0x00, 0x00,
    0x60, 0x60, 0x80, 0x00, 0x01, 0x01, 0x01, 0x87, 0x00, 0x00, 0x10, 0x83, 0x00, 0x01, 0x01, 0x01, 0xC1, 0x00, 0x02, 0x08, 0x14, 0x08, 0x88, 0x00,
    0x02, 0x03, 0x02, 0x01, 0x8F, 0x00, 0x00, 0x08, 0x81, 0x00, 0x03, 0x08, 0x08, 0x09, 0x09, 0x82, 0x08, 0x10, 0x80, 0x08, 0x08, 0x00, 0x08, 0x08,
    0x80, 0x00, 0x00, 0x08, 0x08, 0x00, 0x80, 0x00, 0x30, 0x28, 0x10, 0x80, 0x80, 0x03, 0x08, 0x08, 0x88, 0x80, 0x82, 0x00, 0x01, 0x80, 0x80, 0xB1,
    0x00, 0x00, 0x10, 0x8A, 0x00, 0x02, 0x04, 0x80, 0x04, 0x80, 0x00, 0x81, 0x80, 0x0B, 0x00, 0x80, 0x00, 0x80, 0x80, 0x10, 0x80, 0x90, 0x40, 0x00,
    0x80, 0x00, 0x80, 0x40, 0x0B, 0xC0, 0x80, 0xC0, 0x80, 0x40, 0xC0, 0x00, 0xC0, 0xC0, 0x00, 0x80, 0x80, 0x82, 0x00, 0x05, 0x04, 0x21, 0x01, 0x00,
    0x04, 0x24, 0x80, 0x04, 0x03, 0x00, 0x04, 0x04, 0x00, 0x81, 0x04, 0xAE, 0x00, 0x01, 0x8A, 0x00, 0x00, 0x1C, 0x80, 0x00, 0x00, 0x04, 0x81, 0x1C,
    0x0B, 0x18, 0x14, 0x3C, 0x08, 0x54, 0x1C, 0x08, 0x24, 0x0C, 0x08, 0x10, 0x10, 0x81, 0x00, 0x02, 0x20, 0x60, 0x40, 0x86, 0x00, 0x00, 0x08, 0x86,
    0x00, 0x02, 0x01, 0x00, 0x01, 0xD0, 0x00, 0x00, 0x80, 0x81, 0x00, 0x82, 0x80, 0x05, 0x00, 0x80, 0x80, 0x00, 0x80, 0x80, 0x80, 0x00, 0x04, 0xA0,
    0x80, 0x00, 0x01, 0x01, 0x8B, 0x00, 0x00, 0x40, 0x80, 0x00, 0x00, 0x04, 0x80, 0x40, 0x07, 0x44, 0x46, 0x06, 0x46, 0x46, 0x06, 0x44, 0x42, 0x80,
    0x06, 0x00, 0x04, 0xBE, 0x00, 0x00, 0x08, 0x81, 0x00, 0x80, 0x08, 0x06, 0x00, 0x08, 0x08, 0x00, 0x08, 0x00, 0x08, 0x84, 0x00, 0x00, 0x30, 0x81,
    0x00, 0x83, 0x30, 0x0A, 0x10, 0x20, 0x00, 0x30, 0x30, 0x00, 0x30, 0x30, 0x00, 0x30, 0x30, 0x80, 0x00, 0x01, 0x10, 0x10, 0x8B, 0x00, 0x00, 0x80,
    0x81, 0x00, 0x00, 0x80, 0xBE, 0x00, 0x06, 0x02, 0x02, 0x68, 0x08, 0x00, 0x00, 0x40, 0x81, 0x60, 0x0A, 0x20, 0x20, 0x60, 0x40, 0x24, 0x6B, 0x61,
    0x20, 0x00, 0x24, 0x2E, 0x80, 0x0E, 0x07, 0x0A, 0x06, 0x0C, 0x0A, 0x02, 0x02, 0x06, 0x04, 0x88, 0x00, 0x04, 0x02, 0x00, 0x00, 0x10, 0x00, 0x81,
    0x02, 0x02, 0x00, 0x02, 0x00, 0x81, 0x02, 0xAE, 0x00, 0x01, 0x8E, 0x00, 0x00, 0x40, 0x81, 0x00, 0x81, 0x40, 0x08, 0x00, 0x40, 0x00, 0x40, 0x40,
    0x00, 0x00, 0x42, 0x44, 0x80, 0x00, 0x11, 0x46, 0xC6, 0x06, 0x04, 0x06, 0x02, 0x84, 0x84, 0x80, 0x80, 0x82, 0x02, 0x04, 0x04, 0x90, 0x00, 0x80,
    0x80, 0x81, 0x00, 0x01, 0x80, 0x80, 0x87, 0x00, 0x00, 0x08, 0x83, 0x00, 0x00, 0x08, 0xC0, 0x00, 0x00, 0x40, 0x80, 0x00, 0x00, 0x44, 0x80, 0x40,
    0x06, 0x44, 0x04, 0x40, 0x44, 0x00, 0x44, 0x44, 0x80, 0x00, 0x04, 0x40, 0x40, 0x00, 0x00, 0x02, 0x81, 0x00, 0x00, 0x82, 0x81, 0x02, 0x0B, 0x80,
    0x82, 0x82, 0x80, 0x82, 0x02, 0x80, 0x00, 0x02, 0x02, 0x01, 0x01, 0xCC, 0x00, 0x08, 0x80, 0x00, 0x00, 0x01, 0x00, 0x81, 0x00, 0x88, 0x80, 0x80,
    0x00, 0x01, 0x88, 0x80, 0x80, 0x00, 0x00, 0x08, 0x80, 0x00, 0x00, 0xC0, 0x80, 0x00, 0x03, 0x40, 0xC0, 0xC0, 0xC2, 0x80, 0xC0, 0x0F, 0x80, 0x42,
    0xCA, 0x86, 0x42, 0xC2, 0x02, 0x82, 0x00, 0x02, 0x42, 0xC0, 0x82, 0x02, 0x00, 0x08, 0x84, 0x00, 0x00, 0x01, 0xCA, 0x00, 0x02, 0x04, 0x10, 0x04,
    0x80, 0x00, 0x84, 0x10, 0x07, 0x00, 0x10, 0x00, 0x00, 0x10, 0x00, 0x10, 0x10, 0x97, 0x00, 0x00, 0x40, 0xBA, 0x00, 0x01, 0x94, 0x00, 0x00, 0x01,
    0x85, 0x00, 0x06, 0x81, 0x00, 0x01, 0x00, 0x00, 0x20, 0xA0, 0x81, 0x00, 0x83, 0x80, 0x81, 0x00, 0x01, 0x80, 0x80, 0x81, 0x00, 0x03, 0x80, 0x80,
    0x00, 0x80, 0x81, 0x00, 0x80, 0x80, 0x00, 0x00, 0x81, 0x80, 0x81, 0x00, 0x00, 0x02, 0xC0, 0x00, 0x05, 0x80, 0x20, 0x00, 0x00, 0x02, 0x80, 0x80,
    0xA0, 0x06, 0x82, 0x20, 0xA0, 0x82, 0x22, 0xA0, 0x80, 0x80, 0x00, 0x02, 0xC0, 0x81, 0x01, 0x8D, 0x00, 0x04, 0x20, 0x24, 0x00, 0x00, 0x02, 0x81,
    0x00, 0x80, 0x02, 0x02, 0x82, 0x02, 0x00, 0x81, 0x02, 0xD5, 0x00, 0x07, 0x30, 0x00, 0x08, 0x00, 0x04, 0x30, 0x30, 0x38, 0x80, 0x3C, 0x1A, 0x1C,
    0x24, 0x00, 0x38, 0x3C, 0x04, 0x38, 0x3C, 0x04, 0x38, 0x3C, 0x04, 0x00, 0x00, 0x10, 0x02, 0x06, 0x90, 0x08, 0x10, 0x00, 0x04, 0x84, 0x8C, 0x88,
    0x0C, 0x04, 0x81, 0x80, 0xC3, 0x00, 0x01, 0x08, 0x08, 0x89, 0x00, 0x04, 0x08, 0x00, 0x00, 0x40, 0x00, 0x80, 0x08, 0x0A, 0x48, 0x48, 0x40, 0x08,
    0x48, 0x00, 0x40, 0x40, 0x00, 0x40, 0x40, 0x81, 0x00, 0x00, 0x80, 0x81, 0x00, 0x06, 0x80, 0x84, 0x83, 0x01, 0x00, 0x84, 0x84, 0x80, 0x06, 0x03,
    0x02, 0x04, 0x06, 0x00, 0x81, 0x06, 0xAD, 0x00, 0x01, 0x89, 0x00, 0x01, 0x18, 0x02, 0x80, 0x00, 0x00, 0x18, 0x81, 0x1A, 0x0A, 0x10, 0x1A, 0x08,
    0x12, 0x1A, 0x08, 0x02, 0x0A, 0x08, 0x10, 0x10, 0x80, 0x00, 0x03, 0x10, 0x40, 0x40, 0x00, 0x84, 0x10, 0x02, 0x00, 0x10, 0x10, 0x81, 0x00, 0x01,
    0x10, 0x10, 0x84, 0x00, 0x00, 0x02, 0x81, 0x00, 0x80, 0x02, 0x02, 0x00, 0x82, 0x02, 0x81, 0x00, 0x01, 0x02, 0x02, 0xC1, 0x00, 0x03, 0x40, 0x00,
    0x01, 0x01, 0x82, 0x40, 0x05, 0x00, 0x40, 0x40, 0x00, 0x40, 0x40, 0x82, 0x00, 0x05, 0x02, 0x04, 0x00, 0x00, 0x08, 0x0A, 0x84, 0x06, 0x0B, 0x00,
    0x06, 0x06, 0x00, 0x06, 0x06, 0x02, 0x00, 0x00, 0x01, 0x01, 0x00, 0x84, 0x04, 0x00, 0x00, 0x81, 0x04, 0xC1, 0x00, 0x01, 0x02, 0x02, 0x8E, 0x00,
    0x00, 0x40, 0x80, 0x00, 0x84, 0x40, 0x06, 0x00, 0x40, 0x40, 0x00, 0x40, 0x40, 0x80, 0x80, 0x00, 0x01, 0x40, 0x40, 0x81, 0x00, 0x02, 0x40, 0x00,
    0x40, 0xCD, 0x00, 0x05, 0x06, 0x12, 0x04, 0x00, 0x80, 0x00, 0x80, 0x10, 0x81, 0x90, 0x07, 0x00, 0x90, 0x04, 0x80, 0xB0, 0x20, 0x90, 0x94, 0x81,
    0x04, 0x02, 0x00, 0x04, 0x04, 0x80, 0x00, 0x01, 0x06, 0x04, 0x80, 0x00, 0x00, 0x02, 0xC6, 0x00, 0x01, 0x89, 0x00, 0x03, 0x04, 0x00, 0x00, 0x20,
    0x81, 0x04, 0x0A, 0xA4, 0x20, 0x24, 0x24, 0x20, 0xA4, 0xA4, 0x80, 0x24, 0x84, 0xA4, 0x80, 0x00, 0x04, 0x02, 0x00, 0x20, 0xA0, 0x00, 0x80, 0x02,
    0x02, 0x80, 0x82, 0x82, 0x81, 0x80, 0x04, 0x02, 0x02, 0x00, 0x80, 0x80, 0x81, 0x00, 0x01, 0x80, 0x80, 0x82, 0x00, 0x01, 0x20, 0x20, 0xCE, 0x00,
    0x14, 0x80, 0x00, 0x04, 0x00, 0x00, 0x80, 0x84, 0x84, 0x80, 0x84, 0x00, 0x84, 0x84, 0x00, 0x80, 0x80, 0x00, 0x00, 0x01, 0x81, 0x80, 0x90, 0x00,
    0x06, 0x08, 0x00, 0x02, 0x00, 0x00, 0x08, 0x08, 0x82, 0x0A, 0x00, 0x00, 0x81, 0x0A, 0xBF, 0x00, 0x05, 0x04, 0x04, 0x00, 0x01, 0x00, 0x01, 0x8C,
    0x00, 0x07, 0x80, 0x30, 0x00, 0x08, 0x00, 0x80, 0xB0, 0xB0, 0x81, 0xB8, 0x0B, 0x18, 0xA0, 0x80, 0x3A, 0xB8, 0x80, 0x38, 0x38, 0x02, 0x38, 0xB8,
    0x80, 0x81, 0x00, 0x01, 0x20, 0x20, 0x83, 0x00, 0x00, 0x80, 0xC3, 0x00, 0x00, 0x01, 0x80, 0x00, 0x06, 0x08, 0x09, 0x01, 0x01, 0x00, 0x01, 0x01,
    0x8A, 0x00, 0x00, 0x80, 0x80, 0x00, 0x0C, 0x20, 0x90, 0xA0, 0x80, 0x00, 0x00, 0x80, 0x00, 0x80, 0x80, 0x00, 0x80, 0x80, 0x82, 0x00, 0x05, 0x08,
    0x08, 0x00, 0x00, 0x01, 0x01, 0xBA, 0x00, 0x01, 0x85, 0x00, 0x02, 0x10, 0x28, 0x10, 0x8F, 0x00, 0x00, 0x20, 0x80, 0x00, 0x04, 0x01, 0x20, 0x01,
    0x40, 0x40, 0x89, 0x00, 0x01, 0x02, 0x04, 0x88, 0x00, 0x04, 0x80, 0x00, 0x00, 0x10, 0x10, 0x80, 0x80, 0x80, 0x00, 0x01, 0x80, 0x80, 0xBF, 0x00,
    0x00, 0x08, 0x83, 0x00, 0x0E, 0x60, 0x02, 0x00, 0x00, 0x40, 0x60, 0x62, 0x60, 0x40, 0x22, 0x62, 0x40, 0x20, 0x60, 0x42, 0x81, 0x00, 0x00, 0x80,
    0x82, 0x00, 0x00, 0x80, 0x81, 0x00, 0x82, 0x80, 0xEA, 0x00, 0x07, 0x40, 0x20, 0x00, 0x00, 0x44, 0x40, 0x60, 0x60, 0x80, 0x64, 0x0B, 0x24, 0x44,
    0x60, 0x00, 0x64, 0x64, 0x00, 0x24, 0x24, 0x00, 0x64, 0x64, 0x80, 0x00, 0x08, 0x10, 0x08, 0x10, 0x01, 0x00, 0x00, 0x08, 0x09, 0x08, 0xC6, 0x00,
    0x07, 0x04, 0x10, 0x04, 0x20, 0x00, 0x00, 0x10, 0x10, 0x82, 0x30, 0x09, 0x20, 0x30, 0x10, 0x28, 0x20, 0x00, 0x10, 0x10, 0x28, 0x28, 0x80, 0x08,
    0x02, 0x00, 0x08, 0x08, 0x80, 0x00, 0x00, 0x08, 0x8C, 0x00, 0x00, 0x02, 0x81, 0x00, 0x06, 0x02, 0x42, 0x02, 0x02, 0x00, 0x02, 0x10, 0x81, 0x02,
    0xAC, 0x00, 0x01, 0xA0, 0x00, 0x05, 0x30, 0xA0, 0x00, 0x00, 0x10, 0x10, 0x82, 0x90, 0x02, 0x80, 0x90, 0x90, 0x80, 0x00, 0x06, 0x80, 0x10, 0x10,
    0x00, 0x00, 0x80, 0x80, 0x83, 0x00, 0x01, 0x04, 0x0C, 0x81, 0x00, 0x08, 0x08, 0x00, 0x00, 0x08, 0x08, 0x00, 0x00, 0x08, 0x08, 0xC2, 0x00, 0x12,
    0x99, 0x01, 0x00, 0x00, 0x10, 0x98, 0x90, 0x88, 0x98, 0x90, 0x08, 0x98, 0x90, 0x00, 0x80, 0x80, 0x00, 0x00, 0x02, 0x81, 0x00, 0x83, 0x02, 0x08,
    0x00, 0x02, 0x00, 0x02, 0x12, 0x00, 0x02, 0x00, 0x02, 0x80, 0x00, 0x0F, 0x06, 0x13, 0x11, 0x10, 0x14, 0x04, 0x06, 0x1E, 0x16, 0x06, 0x06, 0x00,
    0x1E, 0x12, 0x06, 0x06, 0xD5, 0x00, 0x06, 0x10, 0x00, 0x08, 0x00, 0x00, 0x10, 0x10, 0x82, 0x18, 0x10, 0x00, 0x00, 0x18, 0x18, 0x00, 0x18, 0x18,
    0x00, 0x18, 0x18, 0x00, 0x00, 0x04, 0x00, 0x00, 0x80, 0x00, 0x80, 0x04, 0x04, 0x80, 0x84, 0x04, 0x80, 0x00, 0x81, 0x80, 0xBF, 0x00, 0x02, 0x02,
    0x0A, 0x08, 0x89, 0x00, 0x04, 0x10, 0x00, 0x10, 0x00, 0x10, 0x87, 0x00, 0x00, 0x04, 0x86, 0x00, 0x00, 0x20, 0x81, 0x00, 0x09, 0x20, 0x20, 0x00,
    0x20, 0x00, 0x20, 0x20, 0x00, 0x20, 0x20, 0xB5, 0x00, 0x01, 0x8D, 0x00, 0x04, 0x40, 0x00, 0x00, 0x80, 0x00, 0x80, 0x40, 0x80, 0xC0, 0x0C, 0x00,
    0xC0, 0xC0, 0x00, 0x00, 0x40, 0x40, 0x01, 0xCE, 0x41, 0x00, 0x00, 0x04, 0x80, 0x0E, 0x03, 0x0C, 0x0A, 0x06, 0x0C, 0x83, 0x00, 0x00, 0x08, 0xDC,
    0x00, 0x11, 0x06, 0x40, 0x00, 0x00, 0x04, 0x46, 0x40, 0x44, 0x42, 0x46, 0x04, 0x40, 0x40, 0x02, 0x42, 0x40, 0x01, 0x01, 0xE3, 0x00, 0x00, 0x08,
    0x81, 0x00, 0x08, 0x08, 0x09, 0x08, 0x09, 0x00, 0x08, 0x00, 0x18, 0x08, 0x81, 0x00, 0x01, 0x08, 0x08, 0x81, 0x00, 0x06, 0x80, 0x40, 0x20, 0x00,
    0x00, 0xC0, 0xC2, 0x81, 0xE0, 0x10, 0xE2, 0x22, 0xD2, 0xE0, 0x00, 0xE2, 0xE2, 0x00, 0x24, 0x20, 0x00, 0xE2, 0xE2, 0x00, 0x10, 0x08, 0x10, 0x80,
    0x00, 0x80, 0x08, 0xC6, 0x00, 0x02, 0x04, 0x00, 0x04, 0x8A, 0x00, 0x04, 0x04, 0x00, 0x20, 0x20, 0x00, 0x80, 0x04, 0x0B, 0x44, 0x04, 0x40, 0x04,
    0x04, 0x40, 0x04, 0x44, 0x44, 0x04, 0x40, 0xC0, 0x82, 0x00, 0x11, 0x40, 0x80, 0x00, 0x00, 0x40, 0x40, 0xC0, 0x80, 0xE0, 0x41, 0x01, 0x00, 0x80,
    0x00, 0x40, 0x40, 0x00, 0x02, 0xB2, 0x00, 0x01, 0xA5, 0x00, 0x86, 0x80, 0x84, 0x00, 0x0C, 0x80, 0x80, 0x00, 0x01, 0x00, 0x01, 0x00, 0x00, 0x80,
    0x10, 0x10, 0x00, 0x00, 0x80, 0x80, 0x80, 0x00, 0x01, 0x80, 0x80, 0xC4, 0x00, 0x02, 0x01, 0x01, 0x20, 0x81, 0x00, 0x80, 0x20, 0x05, 0x00, 0x20,
    0x20, 0x00, 0x20, 0x20, 0x81, 0x00, 0x00, 0x04, 0x81, 0x00, 0x84, 0x04, 0x0D, 0x00, 0x04, 0x04, 0x00, 0x04, 0x04, 0x00, 0x00, 0x04, 0x04, 0x00,
    0x00, 0x01, 0x01, 0x86, 0x00, 0x00, 0x02, 0x85, 0x00, 0x00, 0x80, 0xBA, 0x00, 0x01, 0x02, 0x02, 0x90, 0x00, 0x06, 0x10, 0x00, 0x08, 0x04, 0x00,
    0x10, 0x10, 0x81, 0x1C, 0x0C, 0x0C, 0x18, 0x00, 0x1C, 0x1C, 0x00, 0x18, 0x10, 0x00, 0x1C, 0x1C, 0x06, 0x02, 0x80, 0x00, 0x80, 0x04, 0x05, 0x00,
    0x04, 0x04, 0x00, 0x00, 0x04, 0xC2, 0x00, 0x02, 0x02, 0x1A, 0x08, 0x80, 0x00, 0x01, 0x10, 0x90, 0x81, 0x10, 0x0A, 0x90, 0x80, 0x90, 0x90, 0x00,
    0x80, 0x00, 0x80, 0x80, 0x00, 0x80, 0x82, 0x00, 0x00, 0x80, 0xAB, 0x00, 0x02, 0x08, 0x14, 0x08, 0x9F, 0x00, 0x01, 0x92, 0x00, 0x01, 0x02, 0x01,
    0x88, 0x00, 0x03, 0x40, 0x61, 0x00, 0x01, 0x88, 0x00, 0x02, 0x80, 0x40, 0x80, 0x88, 0x00, 0x02, 0x40, 0x00, 0x48, 0x81, 0x00, 0x08, 0x08, 0x00,
    0x00, 0x08, 0x08, 0x00, 0x00, 0x08, 0x08, 0xC2, 0x00, 0x11, 0x06, 0x00, 0x80, 0x00, 0x04, 0x06, 0x00, 0x84, 0x82, 0x86, 0x84, 0x80, 0x00, 0x82,
    0x82, 0x00, 0x80, 0x80, 0x83, 0x00, 0x06, 0x10, 0x40, 0x20, 0x00, 0x00, 0x10, 0x51, 0x80, 0x70, 0x0A, 0x40, 0x20, 0x30, 0x00, 0x20, 0x20, 0x00,
    0x00, 0x10, 0x20, 0x02, 0x81, 0x00, 0x82, 0x02, 0x80, 0x00, 0x01, 0x02, 0x02, 0xBA, 0x00, 0x03, 0x30, 0x20, 0x00, 0x00, 0x82, 0x10, 0x06, 0x00,
    0x10, 0x10, 0x00, 0x10, 0x00, 0x10, 0x88, 0x00, 0x05, 0x40, 0x30, 0x00, 0x00, 0x40, 0x40, 0x82, 0x70, 0x0C, 0x30, 0x40, 0x70, 0x00, 0x70, 0x70,
    0x00, 0x30, 0x30, 0x00, 0x70, 0x70, 0x08, 0x80, 0x00, 0x00, 0x40, 0x80, 0x08, 0x82, 0x00, 0x00, 0x01, 0xBF, 0x00, 0x04, 0x01, 0x04, 0x00, 0x04,
    0x00, 0x80, 0x01, 0x02, 0x00, 0x01, 0x01, 0x80, 0x00, 0x00, 0x20, 0x86, 0x00, 0x00, 0xA0, 0x81, 0x00, 0x0B, 0x80, 0x02, 0x80, 0x00, 0x80, 0x80,
    0x00, 0x02, 0x00, 0x00, 0x80, 0x80, 0x80, 0x00, 0x01, 0x20, 0x10, 0x80, 0x00, 0x80, 0x30, 0x06, 0x10, 0x10, 0x30, 0x70, 0x00, 0x30, 0x30, 0x80,
    0x00, 0x01, 0x10, 0x10, 0xAF, 0x00, 0x01, 0x8F, 0x00, 0x00, 0x80, 0x81, 0x00, 0x80, 0x80, 0x04, 0x00, 0x80, 0x80, 0x00, 0x80, 0x80, 0x00, 0x03,
    0x90, 0x00, 0x02, 0x00, 0x80, 0x10, 0x80, 0x12, 0x02, 0x10, 0x02, 0x12, 0x83, 0x00, 0x00, 0x10, 0x87, 0x00, 0x01, 0x24, 0x24, 0xCE, 0x00, 0x04,
    0x01, 0x01, 0x00, 0x00, 0x40, 0x80, 0x00, 0x82, 0x40, 0x05, 0x00, 0x40, 0x40, 0x00, 0x41, 0x41, 0x82, 0x00, 0x01, 0x08, 0x08, 0x91, 0x00, 0x01,
    0x01, 0x01, 0x80, 0x00, 0x00, 0x04, 0x81, 0x00, 0x00, 0x40, 0xBE, 0x00, 0x01, 0x40, 0x40, 0x94, 0x00, 0x04, 0x80, 0x00, 0x00, 0x20, 0x08, 0x80,
    0x80, 0x00, 0xA0, 0x80, 0xA8, 0x10, 0x28, 0xA4, 0x88, 0x20, 0x88, 0xA8, 0x20, 0x00, 0x20, 0x20, 0x88, 0xA8, 0x20, 0x30, 0x20, 0x00, 0x80, 0x81,
    0x00, 0x04, 0x80, 0x80, 0x00, 0x80, 0x00, 0x81, 0x80, 0xBC, 0x00, 0x02, 0x02, 0x0A, 0x08, 0x84, 0x00, 0x00, 0x10, 0x87, 0x00, 0x01, 0x01, 0x01,
    0x91, 0x00, 0x00, 0x40, 0x80, 0x00, 0x0F, 0x40, 0x40, 0x44, 0x00, 0x42, 0x40, 0x04, 0x44, 0x44, 0x06, 0x46, 0x42, 0x04, 0x06, 0x02, 0x04, 0x80,
    0x06, 0x00, 0x02, 0xAB, 0x00, 0x01, 0x9C, 0x00, 0x07, 0x40, 0x00, 0x40, 0x40, 0x00, 0x01, 0x00, 0x01, 0x85, 0x80, 0x09, 0x84, 0x00, 0x80, 0x00,
    0x00, 0x02, 0x00, 0x00, 0x80, 0x80, 0x84, 0x00, 0x01, 0x18, 0x90, 0x80, 0x00, 0x08, 0x08, 0x88, 0x80, 0x88, 0x08, 0x00, 0x02, 0x88, 0x88, 0xC2,
    0x00, 0x00, 0x02, 0x81, 0x00, 0x04, 0x02, 0x02, 0x00, 0x02, 0x02, 0x80, 0x00, 0x01, 0x02, 0x02, 0x81, 0x00, 0x00, 0x02, 0x81, 0x00, 0x02, 0x02,
    0x02, 0x82, 0x80, 0x02, 0x08, 0x00, 0x82, 0x80, 0x82, 0x82, 0x80, 0x02, 0x80, 0x12, 0x80, 0x00, 0x02, 0x02, 0x12, 0x14, 0x80, 0x10, 0x0B, 0x04,
    0x04, 0x14, 0x10, 0x00, 0x04, 0x04, 0x10, 0x10, 0x00, 0x04, 0x04, 0xC2, 0x00, 0x07, 0x81, 0x00, 0x01, 0x00, 0x80, 0x00, 0x00, 0x10, 0x81, 0x00,
    0x00, 0x10, 0x84, 0x00, 0x06, 0x40, 0x10, 0x00, 0x04, 0x40, 0x40, 0x50, 0x81, 0x54, 0x17, 0x12, 0x44, 0x50, 0x04, 0x54, 0x50, 0x00, 0x10, 0x00,
    0x02, 0x40, 0x40, 0x00, 0x00, 0x04, 0x0C, 0x0C, 0x08, 0x04, 0x04, 0x00, 0x00, 0x04, 0x04, 0xC0, 0x00, 0x06, 0x04, 0x00, 0x14, 0x00, 0x00, 0x20,
    0x00, 0x80, 0x10, 0x09, 0x20, 0x20, 0x30, 0x10, 0x00, 0x30, 0x30, 0x00, 0x20, 0x20, 0x96, 0x00, 0x00, 0x80, 0x81, 0x00, 0x80, 0x80, 0x03, 0x00,
    0x80, 0x00, 0x80, 0xB6, 0x00, 0x00, 0x86, 0x00, 0x2E, 0x10, 0x00, 0x00, 0x1C, 0x1E, 0x1E, 0x7F, 0x7B, 0xE7, 0xF9, 0xE6, 0x99, 0xE0, 0x16, 0xE9,
    0x00, 0x34, 0x89, 0x40, 0x26, 0x89, 0x44, 0x50, 0x00, 0xE0, 0xB0, 0x98, 0x98, 0x9C, 0x8F, 0x1F, 0x86, 0x1A, 0x86, 0x18, 0x86, 0x00, 0x98, 0x1E,
    0x04, 0x80, 0x80, 0x00, 0x00, 0x02, 0x00, 0x80, 0x80, 0x00, 0x12, 0x01, 0x01, 0x00, 0x02, 0x02, 0x7E, 0x4A, 0x8A, 0x88, 0x8A, 0x80, 0x88, 0x02,
    0x88, 0x00, 0x02, 0x00, 0x08, 0x82, 0x8F, 0x00, 0x16, 0x03, 0x04, 0x08, 0x92, 0xE0, 0x48, 0xA0, 0x60, 0xF0, 0xB8, 0xDC, 0xBE, 0xFF, 0xDF, 0xEF,
    0xDF, 0xFF, 0xE7, 0xF7, 0xE3, 0xE3, 0xC1, 0xF3, 0x86, 0xFF, 0x8F, 0x00, 0x15, 0x01, 0x06, 0x06, 0x0E, 0x1E, 0x9A, 0xFC, 0xFE, 0xE0, 0xF2, 0x2C,
    0xC0, 0x30, 0xC8, 0x02, 0x30, 0xC0, 0x00, 0x21, 0xC0, 0x02, 0x02, 0x80, 0x06, 0x24, 0x1C, 0x56, 0xF0, 0xF6, 0xF0, 0xE6, 0xB2, 0x44, 0xB0, 0x42,
    0x84, 0x20, 0x52, 0x86, 0x60, 0x50, 0xD0, 0xD4, 0xDA, 0xB8, 0xC8, 0x1C, 0xCC, 0x17, 0x8E, 0x42, 0x06, 0x92, 0x48, 0x00, 0x84, 0x02, 0x10, 0x48,
    0x00, 0x04, 0x02, 0x81, 0x00, 0x00, 0x80, 0x8A, 0x00, 0x0A, 0x0E, 0x31, 0xC3, 0x0B, 0x27, 0x8F, 0x0F, 0x1F, 0x3F, 0x7F, 0x7F, 0x82, 0xFF, 0x05,
    0xDF, 0xDF, 0x8F, 0x8F, 0x07, 0xDF, 0x85, 0xFF, 0x04, 0x00, 0x00, 0x08, 0x1C, 0x08, 0x86, 0x00, 0x0D, 0xF0, 0x98, 0x98, 0x9C, 0x88, 0x1A, 0x80,
    0x99, 0x01, 0x08, 0x98, 0x00, 0x80, 0x18, 0x82, 0x00, 0x00, 0x18, 0x82, 0x00, 0x24, 0x80, 0x80, 0xC0, 0xD0, 0xF0, 0x7E, 0xBF, 0x7E, 0xAE, 0x5A,
    0xA4, 0x5A, 0x26, 0x9C, 0x78, 0x22, 0x84, 0x58, 0x20, 0x00, 0x00, 0x27, 0x9D, 0x5D, 0x2D, 0x4C, 0x49, 0x04, 0x88, 0x80, 0x85, 0x80, 0x80, 0x00,
    0x04, 0x80, 0x01, 0x80, 0x00, 0x00, 0x80, 0x8D, 0x00, 0x19, 0x78, 0x80, 0x04, 0x2A, 0x81, 0x00, 0x02, 0x80, 0x40, 0xA0, 0x70, 0xF8, 0xBC, 0xDE,
    0xBF, 0xFF, 0xDF, 0xEF, 0xDF, 0xF7, 0xE7, 0xE3, 0xE3, 0xC1, 0xF7, 0xFB, 0x83, 0xFF, 0x83, 0x00, 0x00, 0x10, 0x84, 0x00, 0x01, 0x05, 0x0F, 0x80,
    0x11, 0x23, 0x30, 0x31, 0x20, 0x70, 0x61, 0xC0, 0xE0, 0x90, 0xC0, 0x81, 0x70, 0x80, 0x00, 0xB4, 0xDC, 0x2C, 0x0E, 0xCE, 0x4B, 0xC6, 0xCA, 0x84,
    0xCA, 0x80, 0x26, 0xF8, 0x20, 0x04, 0x82, 0x04, 0x08, 0x42, 0x00, 0x00, 0x80, 0x02, 0x82, 0x00, 0x15, 0xF0, 0xF0, 0xF8, 0xF0, 0xA0, 0x54, 0xA4,
    0x17, 0x46, 0x92, 0x26, 0x42, 0x14, 0x22, 0x40, 0x04, 0x02, 0x10, 0x04, 0x02, 0x04, 0x02, 0x86, 0x00, 0x02, 0x08, 0x1C, 0x08, 0x81, 0x00, 0x0C,
    0x01, 0x80, 0x42, 0x24, 0x99, 0x03, 0x23, 0x0F, 0x0F, 0x1F, 0x3F, 0x3F, 0x7F, 0x82, 0xFF, 0x05, 0xDF, 0xDF, 0x8F, 0x8F, 0x07, 0xDF, 0x83, 0xFF,
    0x01, 0x96, 0x00, 0x01, 0x80, 0x01, 0x8E, 0x00, 0x02, 0x80, 0x00, 0x10, 0x8D, 0x00, 0x01, 0x0C, 0x04, 0x80, 0x00, 0x82, 0x08, 0x03, 0x00, 0x00,
    0x08, 0x08, 0xC2, 0x00, 0x00, 0x02, 0x81, 0x00, 0x00, 0x82, 0x81, 0x02, 0x80, 0x80, 0x0C, 0x82, 0x82, 0x00, 0x80, 0x80, 0x00, 0x80, 0x80, 0x04,
    0x00, 0x00, 0x08, 0x08, 0x84, 0x04, 0x09, 0x00, 0x04, 0x24, 0x00, 0x04, 0x04, 0x00, 0x20, 0x04, 0x04, 0x82, 0x00, 0x01, 0x01, 0x11, 0xC7, 0x00,
    0x00, 0x80, 0x81, 0x00, 0x04, 0x80, 0x80, 0x00, 0x80, 0x00, 0x81, 0x80, 0x8B, 0x00, 0x00, 0x10, 0x81, 0x00, 0x83, 0x10, 0x14, 0x00, 0x10, 0x00,
    0x10, 0x10, 0x00, 0x04, 0x18, 0x00, 0x10, 0x10, 0x04, 0x0C, 0x0C, 0x09, 0x04, 0x04, 0x00, 0x00, 0x04, 0x04, 0xC0, 0x00, 0x04, 0x05, 0x02, 0x06,
    0x00, 0x00, 0x80, 0x01, 0x02, 0x00, 0x01, 0x01, 0x80, 0x00, 0x01, 0x01, 0x01, 0x85, 0x00, 0x00, 0x80, 0x81, 0x00, 0x80, 0x80, 0x02, 0x00, 0x80,
    0x80, 0x81, 0x00, 0x01, 0x80, 0x84, 0x83, 0x00, 0x00, 0x10, 0x80, 0x00, 0x80, 0x10, 0x00, 0x50, 0x80, 0x10, 0x02, 0x00, 0x10, 0x10, 0x80, 0x00,
    0x02, 0x10, 0x14, 0x02, 0xAD, 0x00, 0x01, 0xA3, 0x00, 0x02, 0x01, 0x00, 0x01, 0x93, 0x00, 0x01, 0x10, 0x10, 0xCD, 0x00, 0x03, 0x01, 0x01, 0x00,
    0x08, 0x81, 0x00, 0x06, 0x08, 0x00, 0x08, 0x08, 0x00, 0x08, 0x08, 0x80, 0x00, 0x01, 0x01, 0x01, 0x82, 0x00, 0x06, 0x10, 0x40, 0xA0, 0x00, 0x00,
    0x10, 0x50, 0x80, 0xF0, 0x0A, 0xE0, 0x80, 0x70, 0xD0, 0xA0, 0x30, 0x80, 0x00, 0x00, 0x20, 0x20, 0xCC, 0x00, 0x0E, 0xF0, 0x68, 0x00, 0x00, 0x10,
    0x90, 0x98, 0x18, 0x98, 0x08, 0x90, 0x98, 0x80, 0x98, 0x18, 0x81, 0x00, 0x01, 0x18, 0x18, 0x81, 0x00, 0x19, 0x80, 0x00, 0x40, 0x00, 0x30, 0x8F,
    0xC1, 0xC0, 0xC0, 0xF4, 0xFE, 0xFE, 0x7C, 0xBA, 0xF4, 0x7A, 0xB6, 0xCC, 0x7C, 0x30, 0x00, 0x20, 0x80, 0xC0, 0x50, 0x30, 0xD3, 0x00, 0x00, 0x80,
    0x81, 0x00, 0x81, 0x80, 0x04, 0x00, 0x80, 0x00, 0x80, 0x80, 0x94, 0x00, 0x10, 0x20, 0x00, 0x08, 0x08, 0x00, 0x20, 0x22, 0x20, 0x00, 0x00, 0x20,
    0x22, 0x02, 0x22, 0x20, 0x02, 0x02, 0x80, 0x00, 0x01, 0x02, 0x02, 0xAB, 0x00, 0x01, 0x89, 0x00, 0x00, 0x1C, 0x80, 0x00, 0x00, 0x84, 0x81, 0x1C,
    0x0C, 0x98, 0x94, 0x9C, 0x88, 0x14, 0x98, 0x08, 0x84, 0x8C, 0x08, 0x10, 0x90, 0x80, 0x81, 0x00, 0x00, 0x02, 0x81, 0x00, 0x80, 0x02, 0x02, 0x00,
    0x02, 0x02, 0x81, 0x00, 0x01, 0x02, 0x02, 0x84, 0x00, 0x04, 0x0C, 0x04, 0x00, 0x00, 0x80, 0x81, 0x08, 0x07, 0x88, 0x80, 0x88, 0x08, 0x08, 0x00,
    0x80, 0x80, 0xBE, 0x00, 0x02, 0x01, 0x03, 0x04, 0x80, 0x00, 0x09, 0x06, 0x06, 0x02, 0x06, 0x02, 0x04, 0x06, 0x00, 0x02, 0x02, 0x91, 0x00, 0x00,
    0x10, 0xDB, 0x00, 0x01, 0x02, 0x02, 0xA2, 0x00, 0x00, 0x04, 0x81, 0x00, 0x80, 0x04, 0x06, 0x00, 0x04, 0x04, 0x00, 0x00, 0x04, 0x04, 0xC0, 0x00,
    0x03, 0x04, 0x02, 0x0E, 0x18, 0x81, 0x00, 0x10, 0x10, 0x50, 0x10, 0x00, 0x00, 0x50, 0x50, 0x40, 0x50, 0x50, 0x00, 0x00, 0x44, 0x40, 0x00, 0x40,
    0x00, 0x82, 0x04, 0x03, 0x00, 0x04, 0x04, 0x00, 0x81, 0x04, 0x80, 0x00, 0x01, 0x04, 0x04, 0x82, 0x00, 0x04, 0x40, 0x10, 0x00, 0x00, 0x40, 0x80,
    0x50, 0x0B, 0x10, 0x50, 0x10, 0x50, 0x40, 0x10, 0x50, 0x40, 0x00, 0x00, 0x10, 0x10, 0xAD, 0x00, 0x01, 0x8A, 0x00, 0x12, 0x02, 0x40, 0x01, 0x00,
    0x00, 0x02, 0x43, 0x43, 0x41, 0x42, 0x43, 0x01, 0x00, 0x40, 0x40, 0x02, 0x43, 0x01, 0x40, 0x84, 0x00, 0x02, 0x01, 0x00, 0x01, 0x90, 0x00, 0x00,
    0x02, 0x81, 0x00, 0x80, 0x02, 0x08, 0x00, 0x02, 0x02, 0x00, 0x02, 0x02, 0x00, 0x02, 0x02, 0xD4, 0x00, 0x1A, 0x02, 0x04, 0x00, 0x00, 0x18, 0x4A,
    0x26, 0x06, 0x06, 0x16, 0x56, 0x74, 0x76, 0x70, 0x76, 0x16, 0x70, 0x56, 0x24, 0x72, 0x50, 0x24, 0x24, 0x22, 0x22, 0x40, 0x54, 0x80, 0x40, 0x05,
    0x00, 0x40, 0x40, 0x00, 0x40, 0x40, 0x80, 0x00, 0x03, 0x40, 0x40, 0x00, 0x02, 0xBC, 0x00, 0x03, 0x10, 0x00, 0x04, 0x04, 0x82, 0x10, 0x05, 0x00,
    0x10, 0x10, 0x00, 0x10, 0x10, 0x81, 0x00, 0x01, 0x10, 0x10, 0x86, 0x00, 0x00, 0x0C, 0x80, 0x00, 0x00, 0x04, 0x80, 0x0C, 0x07, 0x08, 0x04, 0x08,
    0x04, 0x08, 0x08, 0x0A, 0x02, 0x81, 0x00, 0x01, 0x08, 0x08, 0xBF, 0x00, 0x02, 0x10, 0x28, 0x10, 0x8F, 0x00, 0x0C, 0x20, 0x00, 0x00, 0x40, 0x00,
    0x00, 0x10, 0x00, 0x30, 0x20, 0x00, 0x01, 0x01, 0x81, 0x00, 0x06, 0x04, 0x00, 0x02, 0x00, 0x08, 0x00, 0x04, 0x87, 0x00, 0x14, 0x80, 0x20, 0x00,
    0x00, 0x04, 0x80, 0xA0, 0xA0, 0x24, 0x84, 0x84, 0x24, 0x24, 0x00, 0x24, 0x24, 0x80, 0x00, 0x00, 0x04, 0x04, 0xAC, 0x00, 0x01, 0x8C, 0x00, 0x00,
    0x80, 0x81, 0x00, 0x81, 0x80, 0x0B, 0x00, 0x80, 0x00, 0x88, 0x80, 0x00, 0x01, 0x80, 0x80, 0x00, 0x00, 0x40, 0x82, 0x00, 0x00, 0x10, 0x83, 0x00,
    0x00, 0x04, 0x89, 0x00, 0x08, 0x04, 0x14, 0x10, 0x40, 0x00, 0x40, 0x00, 0x00, 0x02, 0xC6, 0x00, 0x01, 0x01, 0x03, 0x81, 0x00, 0x80, 0x02, 0x02,
    0x06, 0x02, 0x00, 0x81, 0x02, 0x02, 0x00, 0x04, 0x20, 0x85, 0x00, 0x00, 0x20, 0x81, 0x00, 0x81, 0x20, 0x04, 0x00, 0x20, 0x00, 0x20, 0x20, 0x81,
    0x00, 0x11, 0x20, 0x08, 0x00, 0x00, 0x10, 0x10, 0x18, 0x08, 0x18, 0x08, 0x10, 0x18, 0x08, 0x00, 0x00, 0x10, 0x18, 0x08, 0xBE, 0x00, 0x01, 0x20,
    0x28, 0x81, 0x00, 0x81, 0x08, 0x04, 0x00, 0x08, 0x00, 0x08, 0x08, 0x81, 0x00, 0x01, 0x08, 0x08, 0x83, 0x00, 0x03, 0x40, 0x00, 0x30, 0x00, 0x80,
    0x40, 0x81, 0x70, 0x0C, 0x30, 0x48, 0x70, 0x30, 0x40, 0x70, 0x31, 0x00, 0x10, 0x00, 0x41, 0x39, 0x31, 0x81, 0x01, 0x05, 0x00, 0x01, 0x00, 0x00,
    0x01, 0x01, 0xBD, 0x00, 0x00, 0x01, 0x81, 0x00, 0x80, 0x01, 0x02, 0x00, 0x01, 0x01, 0x80, 0x00, 0x01, 0x01, 0x01, 0x82, 0x00, 0x16, 0x08, 0x00,
    0x02, 0x80, 0x00, 0x08, 0x08, 0x0A, 0x8A, 0x8A, 0x82, 0x0A, 0x8A, 0x82, 0x0A, 0x0A, 0x08, 0x0A, 0x82, 0x80, 0x00, 0x02, 0x02, 0x82, 0x00, 0x00,
    0x40, 0x80, 0x00, 0x81, 0x40, 0x07, 0x00, 0x60, 0x00, 0x40, 0x40, 0x00, 0x40, 0x40, 0x80, 0x00, 0x00, 0x20, 0xAC, 0x00, 0x01, 0x8A, 0x00, 0x00,
    0x0C, 0x80, 0x00, 0x00, 0x04, 0x81, 0x0C, 0x03, 0x08, 0x04, 0x0C, 0x08, 0x80, 0x00, 0x02, 0x04, 0x08, 0x08, 0x82, 0x00, 0x0C, 0x04, 0x00, 0x02,
    0x01, 0x04, 0x05, 0x04, 0x06, 0x06, 0x0A, 0x04, 0x06, 0x02, 0x81, 0x00, 0x01, 0x02, 0x02, 0x82, 0x00, 0x00, 0x08, 0x81, 0x00, 0x82, 0x08, 0x03,
    0x00, 0x08, 0x00, 0x08, 0xD4, 0x00, 0x00, 0x40, 0x82, 0x00, 0x07, 0x18, 0x48, 0x00, 0x80, 0x00, 0x10, 0x50, 0x50, 0x80, 0xD0, 0x0C, 0x90, 0xD0,
    0x50, 0x80, 0xD0, 0x50, 0x90, 0xD0, 0x80, 0x20, 0x00, 0x00, 0x40, 0x81, 0xC0, 0x0A, 0x80, 0x40, 0xC4, 0x80, 0x40, 0xC0, 0x80, 0x00, 0x00, 0x40,
    0x44, 0xBD, 0x00, 0x01, 0x40, 0x50, 0x80, 0x00, 0x82, 0x10, 0x05, 0x00, 0x10, 0x10, 0x00, 0x10, 0x10, 0x81, 0x00, 0x01, 0x10, 0x10, 0x86, 0x00,
    0x00, 0x08, 0x81, 0x00, 0x07, 0x08, 0x08, 0x0C, 0x00, 0x08, 0x0A, 0x00, 0x08, 0x80, 0x00, 0x80, 0x04, 0x06, 0x00, 0x04, 0x04, 0x00, 0x00, 0x04,
    0x04, 0xC0, 0x00, 0x02, 0x04, 0x02, 0x06, 0x85, 0x00, 0x00, 0x90, 0x81, 0x00, 0x81, 0x80, 0x06, 0x00, 0x80, 0x04, 0x80, 0x80, 0x00, 0x00, 0x83,
    0x04, 0x0B, 0x00, 0x04, 0x00, 0x44, 0x04, 0x00, 0x00, 0x80, 0x00, 0x00, 0x04, 0x04, 0x83, 0x00, 0x00, 0x30, 0x80, 0x00, 0x00, 0x10, 0x83, 0x30,
    0x08, 0x20, 0x10, 0x30, 0x20, 0x00, 0x00, 0x10, 0x30, 0x20, 0xAB, 0x00, 0x01, 0x8A, 0x00, 0x01, 0x40, 0x82, 0x80, 0x00, 0x00, 0x40, 0x80, 0xC2,
    0x0D, 0xC0, 0x02, 0x82, 0x40, 0xC0, 0x80, 0x40, 0x02, 0xC2, 0x80, 0x00, 0x00, 0x40, 0x48, 0x81, 0x00, 0x82, 0x08, 0x03, 0x00, 0x00, 0x08, 0x08,
    0x88, 0x00, 0x01, 0x06, 0x04, 0x80, 0x00, 0x81, 0x02, 0x07, 0x00, 0x02, 0x00, 0x02, 0x02, 0x00, 0x02, 0x02, 0xBE, 0x00, 0x03, 0x01, 0x01, 0x00,
    0x04, 0x80, 0x00, 0x06, 0x04, 0x04, 0x84, 0x00, 0x00, 0x04, 0x04, 0x80, 0x80, 0x0A, 0x84, 0x84, 0x00, 0x80, 0x80, 0x00, 0x84, 0x80, 0x00, 0x00,
    0x20, 0x81, 0x04, 0x80, 0x24, 0x0E, 0x20, 0x04, 0x24, 0x00, 0x24, 0x24, 0x00, 0x00, 0x14, 0x24, 0x20, 0x00, 0x00, 0x04, 0x04, 0xCD, 0x00, 0x05,
    0x20, 0x28, 0x04, 0x04, 0x00, 0x80, 0x81, 0x08, 0x04, 0x00, 0x08, 0x00, 0x08, 0x08, 0x81, 0x00, 0x01, 0x08, 0x08, 0x80, 0x00, 0x00, 0x80, 0x81,
    0x00, 0x84, 0x80, 0x0D, 0x00, 0x80, 0x80, 0x00, 0x80, 0x80, 0x0A, 0x02, 0x00, 0x00, 0x80, 0x88, 0x08, 0x08, 0xCD, 0x00, 0x00, 0x20, 0x81, 0x00,
    0x0C, 0x20, 0x20, 0x00, 0x20, 0x00, 0x20, 0x20, 0x00, 0x20, 0x20, 0x10, 0x08, 0x10, 0x80, 0x00, 0x82, 0x08, 0x03, 0x00, 0x08, 0x08, 0x00, 0x80,
    0x08, 0x00, 0x0C, 0x88, 0x00, 0x01, 0x08, 0x08, 0xBC, 0x00, 0x01, 0x8A, 0x00, 0x06, 0x10, 0x2C, 0x00, 0x01, 0x00, 0x14, 0x3C, 0x80, 0x3D, 0x0B,
    0x38, 0x35, 0x2D, 0x18, 0x30, 0x20, 0x00, 0x02, 0x0C, 0x18, 0x10, 0x20, 0x85, 0x00, 0x00, 0x80, 0x82, 0x00, 0x00, 0x80, 0x82, 0x00, 0x00, 0x80,
    0x81, 0x00, 0x04, 0x08, 0x10, 0x10, 0x00, 0x00, 0x82, 0x08, 0x03, 0x00, 0x08, 0x00, 0x08, 0xC2, 0x00, 0x00, 0x02, 0x81, 0x00, 0x82, 0x02, 0x00,
    0x00, 0x81, 0x02, 0x81, 0x00, 0x00, 0x80, 0x81, 0x00, 0x01, 0x18, 0x48, 0x80, 0x00, 0x00, 0x10, 0x82, 0x50, 0x05, 0x10, 0x50, 0x50, 0x00, 0x50,
    0x50, 0x80, 0x00, 0x00, 0x10, 0x81, 0x00, 0x81, 0x10, 0x04, 0x00, 0x10, 0x00, 0x10, 0x10, 0x80, 0x00, 0x01, 0x10, 0x10, 0xC0, 0x00, 0x00, 0x10,
    0x80, 0x00, 0x82, 0x10, 0x05, 0x00, 0x10, 0x10, 0x00, 0x10, 0x10, 0x81, 0x00, 0x01, 0x10, 0x10, 0x84, 0x00, 0x01, 0x10, 0x04, 0x80, 0x00, 0x80,
    0x14, 0x08, 0x10, 0x14, 0x04, 0x10, 0x10, 0x00, 0x00, 0x20, 0x10, 0x80, 0x00, 0x02, 0x10, 0x80, 0x08, 0x80, 0x00, 0x03, 0x88, 0x00, 0x80, 0x80,
    0x80, 0x00, 0x01, 0x80, 0x80, 0xBA, 0x00, 0x01, 0x08, 0x08, 0x82, 0x00, 0x00, 0x40, 0x80, 0x00, 0x81, 0x40, 0x0C, 0x00, 0x40, 0x00, 0x40, 0x40,
    0x00, 0x40, 0x40, 0x02, 0x00, 0x01, 0x01, 0x00, 0x86, 0x02, 0x06, 0x00, 0x02, 0x02, 0x00, 0x00, 0x02, 0x02, 0x82, 0x00, 0x13, 0x40, 0x10, 0x00,
    0x02, 0x41, 0x51, 0x50, 0x50, 0x12, 0x52, 0x12, 0x50, 0x42, 0x12, 0x50, 0x40, 0x00, 0x02, 0x12, 0x10, 0xAB, 0x00, 0x01, 0x8A, 0x00, 0x11, 0x80,
    0x00, 0x02, 0x00, 0x00, 0x80, 0x80, 0x82, 0x82, 0x02, 0x80, 0x02, 0x82, 0x80, 0x00, 0x00, 0x84, 0x8A, 0x86, 0x00, 0x04, 0x02, 0x01, 0x00, 0x01,
    0x00, 0x80, 0x02, 0x02, 0x00, 0x02, 0x02, 0x81, 0x00, 0x09, 0x02, 0x02, 0x00, 0x00, 0x04, 0x04, 0x00, 0x00, 0x20, 0x20, 0xE2, 0x00, 0x19, 0x10,
    0x00, 0x20, 0x00, 0x80, 0x10, 0x10, 0x30, 0x30, 0xB0, 0xB0, 0x90, 0xB0, 0x90, 0x20, 0xB0, 0x90, 0x00, 0x80, 0xA0, 0x20, 0x00, 0x20, 0x20, 0x00,
    0x00, 0x82, 0x40, 0x0A, 0x00, 0x40, 0x40, 0x00, 0x40, 0x40, 0x00, 0x00, 0x08, 0x40, 0x40, 0xBE, 0x00, 0x05, 0x20, 0x38, 0x04, 0x04, 0x00, 0x10,
    0x81, 0x18, 0x05, 0x00, 0x18, 0x10, 0x08, 0x18, 0x10, 0x80, 0x00, 0x02, 0x08, 0x18, 0x10, 0x83, 0x00, 0x00, 0x20, 0x81, 0x00, 0x82, 0x20, 0x05,
    0x00, 0x24, 0x20, 0x00, 0x20, 0x00, 0x80, 0x24, 0x06, 0x00, 0x24, 0x24, 0x00, 0x00, 0x04, 0x04, 0xCB, 0x00, 0x01, 0x80, 0x02, 0x80, 0x00, 0x81,
    0x80, 0x05, 0x00, 0x80, 0x00, 0x80, 0x84, 0xC8, 0x80, 0x00, 0x11, 0x44, 0xCC, 0xCC, 0x8C, 0x4C, 0x8C, 0x80, 0x4C, 0x48, 0x04, 0x4C, 0x48, 0x0C,
    0x0C, 0x00, 0x00, 0x04, 0x04, 0x81, 0x00, 0x02, 0x02, 0x00, 0x20, 0x81, 0x00, 0x84, 0x20, 0x02, 0x00, 0x20, 0x20, 0x80, 0x00, 0x01, 0x20, 0x20,
    0xAA, 0x00, 0x01, 0x86, 0x00, 0x09, 0x10, 0x00, 0x00, 0x40, 0x00, 0x00, 0x04, 0x00, 0x40, 0x40, 0x80, 0x44, 0x07, 0x04, 0x04, 0x40, 0x44, 0x04,
    0x40, 0x00, 0x40, 0x81, 0x00, 0x00, 0x40, 0x8F, 0x00, 0x00, 0x02, 0x82, 0x00, 0x00, 0x02, 0x81, 0x00, 0x81, 0x02, 0x07, 0x00, 0x02, 0x00, 0x02,
    0x02, 0x00, 0x02, 0x02, 0xBE, 0x00, 0x01, 0x01, 0x01, 0x85, 0x00, 0x00, 0x20, 0x81, 0x00, 0x80, 0x20, 0x81, 0x00, 0x05, 0x20, 0x26, 0x00, 0x08,
    0x28, 0x00, 0x80, 0x06, 0x80, 0x26, 0x1A, 0x24, 0x22, 0x24, 0x06, 0x22, 0x24, 0x06, 0x20, 0x02, 0x34, 0x24, 0x00, 0x02, 0x02, 0x04, 0x0C, 0x00,
    0x00, 0x10, 0x10, 0x18, 0x18, 0x00, 0x18, 0x02, 0x18, 0x18, 0x80, 0x00, 0x01, 0x10, 0x10, 0xB0, 0x00, 0x02, 0x08, 0x14, 0x08, 0x8B, 0x00, 0x04,
    0x08, 0x02, 0x02, 0x00, 0x00, 0x81, 0x08, 0x04, 0x00, 0x08, 0x00, 0x08, 0x08, 0x81, 0x00, 0x01, 0x08, 0x08, 0x81, 0x00, 0x03, 0x40, 0x00, 0x02,
    0x00, 0x80, 0x40, 0x09, 0x42, 0x42, 0x40, 0x42, 0x00, 0x42, 0x40, 0x02, 0x40, 0x40, 0x85, 0x00, 0x00, 0x04, 0x86, 0x00, 0x00, 0x80, 0xBC, 0x00,
    0x00, 0x10, 0x81, 0x00, 0x0A, 0x10, 0x10, 0x00, 0x10, 0x00, 0x11, 0x10, 0x00, 0x10, 0x10, 0x80, 0x81, 0x00, 0x07, 0x10, 0x24, 0x30, 0x02, 0x00,
    0x00, 0x04, 0x04, 0x81, 0x06, 0x80, 0x02, 0x08, 0x06, 0x06, 0x00, 0x06, 0x06, 0x00, 0x00, 0x06, 0x0E, 0x80, 0x00, 0x01, 0x02, 0x02, 0xBE, 0x00,
    0x01, 0x8C, 0x00, 0x05, 0x08, 0x02, 0x01, 0x00, 0x00, 0x08, 0x80, 0x0B, 0x03, 0x08, 0x03, 0x0B, 0x09, 0x81, 0x00, 0x02, 0x08, 0x08, 0x70, 0x80,
    0x00, 0x0B, 0x14, 0x10, 0x10, 0x00, 0x04, 0x14, 0x14, 0x04, 0x04, 0x10, 0x14, 0x04, 0x85, 0x00, 0x02, 0x01, 0x08, 0x01, 0x80, 0x00, 0x82, 0x08,
    0x03, 0x00, 0x08, 0x00, 0x08, 0xC2, 0x00, 0x00, 0x02, 0x81, 0x00, 0x00, 0x0A, 0x80, 0x02, 0x08, 0x42, 0x08, 0x02, 0x0A, 0x4A, 0x42, 0x48, 0x48,
    0x40, 0x82, 0x00, 0x06, 0x50, 0x00, 0x40, 0x00, 0x00, 0x10, 0x10, 0x82, 0x50, 0x0D, 0x10, 0x50, 0x40, 0x10, 0x50, 0x40, 0x10, 0x10, 0x00, 0x40,
    0x50, 0x10, 0x20, 0x20, 0x83, 0x00, 0x00, 0x10, 0x85, 0x00, 0x00, 0x10, 0xBE, 0x00, 0x03, 0x40, 0x40, 0x00, 0x10, 0x80, 0x00, 0x80, 0x10, 0x07,
    0x90, 0x10, 0x00, 0x10, 0x10, 0x80, 0x10, 0x10, 0x81, 0x00, 0x03, 0x10, 0x10, 0x00, 0x80, 0x81, 0x00, 0x84, 0x80, 0x05, 0x00, 0x80, 0x80, 0x00,
    0x80, 0x82, 0x81, 0x00, 0x03, 0xC0, 0x80, 0x80, 0x20, 0x80, 0x00, 0x03, 0x80, 0x00, 0x80, 0x80, 0xC6, 0x00, 0x15, 0x40, 0x80, 0x00, 0x00, 0x40,
    0x50, 0xC0, 0x80, 0x80, 0x40, 0x80, 0xC0, 0x40, 0x80, 0xC0, 0x40, 0x00, 0x08, 0x00, 0x00, 0x01, 0x01, 0x82, 0x08, 0x03, 0x00, 0x08, 0x08, 0x00,
    0x81, 0x08, 0x80, 0x00, 0x1A, 0x08, 0x08, 0x00, 0x00, 0x80, 0x00, 0x40, 0x38, 0x09, 0x81, 0xC0, 0xD0, 0x70, 0xF0, 0xB0, 0x70, 0x30, 0x70, 0x60,
    0x90, 0xF0, 0x60, 0x00, 0x00, 0x10, 0x30, 0x20, 0xA9, 0x00, 0x01, 0x89, 0x00, 0x00, 0x80, 0x80, 0x00, 0x00, 0x04, 0x80, 0x80, 0x09, 0x84, 0x04,
    0x84, 0x04, 0x84, 0x80, 0x04, 0x06, 0x80, 0x80, 0x81, 0x00, 0x11, 0x80, 0x00, 0x08, 0x00, 0x00, 0x80, 0x80, 0x88, 0x89, 0x08, 0x89, 0x08, 0x80,
    0x80, 0x00, 0x08, 0x00, 0x80, 0x80, 0x00, 0x04, 0x04, 0x00, 0x00, 0x04, 0x04, 0x88, 0x00, 0x00, 0x08, 0x81, 0x00, 0x00, 0x08, 0xC5, 0x00, 0x0C,
    0x10, 0x80, 0x00, 0x00, 0x18, 0x10, 0x90, 0x00, 0x90, 0x90, 0x80, 0x10, 0x10, 0x80, 0x00, 0x01, 0x88, 0x28, 0x81, 0x00, 0x82, 0x20, 0x04, 0x00,
    0x00, 0x20, 0x20, 0x00, 0x81, 0x20, 0x80, 0x00, 0x01, 0xC0, 0x10, 0x80, 0x00, 0x00, 0xC0, 0x80, 0xD0, 0x06, 0xC0, 0x10, 0xD0, 0xC0, 0x10, 0xD0,
    0xC0, 0x80, 0x00, 0x01, 0x40, 0x40, 0xBE, 0x00, 0x03, 0x20, 0x20, 0x0C, 0x04, 0x80, 0x00, 0x81, 0x08, 0x04, 0x00, 0x08, 0x00, 0x08, 0x08, 0x81,
    0x00, 0x01, 0x08, 0x08, 0x91, 0x00, 0x00, 0x40, 0xD1, 0x00, 0x00, 0x20, 0x81, 0x00, 0x09, 0x20, 0x00, 0x00, 0x20, 0x00, 0x00, 0x20, 0x00, 0x20,
    0x20, 0x80, 0x00, 0x07, 0x10, 0x04, 0x10, 0x02, 0x00, 0x00, 0x04, 0x04, 0x82, 0x06, 0x0A, 0x02, 0x02, 0x86, 0x06, 0x00, 0x06, 0x06, 0x00, 0x00,
    0x06, 0x06, 0x80, 0x00, 0x02, 0x02, 0x02, 0x04, 0x80, 0x00, 0x81, 0x04, 0x03, 0x44, 0x00, 0x84, 0x04, 0x80, 0x00, 0x01, 0x04, 0x04, 0xAC, 0x00,
    0x01, 0x8E, 0x00, 0x00, 0x02, 0x81, 0x00, 0x80, 0x02, 0x03, 0x00, 0x02, 0x00, 0x0A, 0x81, 0x00, 0x02, 0x08, 0x20, 0x20, 0x8A, 0x00, 0x00, 0x02,
    0x85, 0x00, 0x00, 0x02, 0x81, 0x00, 0x81, 0x02, 0x02, 0x00, 0x02, 0x00, 0x82, 0x02, 0xBE, 0x00, 0x04, 0x01, 0x01, 0x00, 0x00, 0x04, 0x80, 0x00,
    0x06, 0x04, 0x04, 0x64, 0x04, 0x00, 0x04, 0x44, 0x80, 0x60, 0x0C, 0x44, 0x04, 0x00, 0x00, 0x20, 0x24, 0x18, 0x08, 0x40, 0x00, 0x04, 0x94, 0x14,
    0x80, 0x54, 0x13, 0xD4, 0xD0, 0x94, 0xD4, 0xC0, 0x14, 0xD4, 0xC0, 0x10, 0x94, 0x84, 0x40, 0x50, 0x10, 0x24, 0x04, 0x20, 0x20, 0x00, 0x02, 0x80,
    0x00, 0x05, 0x08, 0x00, 0x02, 0x00, 0x02, 0x02, 0x85, 0x00, 0x02, 0x80, 0x40, 0x80, 0xB5, 0x00, 0x00, 0x80, 0x81, 0x00, 0x80, 0x80, 0x03, 0x00,
    0x00, 0x80, 0x80, 0x82, 0x00, 0x01, 0x80, 0x80, 0x87, 0x00, 0x01, 0x01, 0x01, 0xA4, 0x00, 0x00, 0x01, 0xBA, 0x00, 0x14, 0x40, 0x80, 0x00, 0x00,
    0x40, 0x40, 0xC0, 0x80, 0xC0, 0x40, 0x80, 0xC0, 0x40, 0x80, 0xC0, 0x40, 0x80, 0x00, 0x00, 0x08, 0x00, 0x80, 0x80, 0x08, 0x48, 0x88, 0x88, 0x08,
    0x08, 0x00, 0x08, 0x88, 0x80, 0x80, 0x08, 0x81, 0x00, 0x01, 0x08, 0x08, 0x81, 0x00, 0x01, 0x02, 0x10, 0x80, 0x00, 0x80, 0x12, 0x0B, 0x10, 0x12,
    0x12, 0x10, 0x00, 0x10, 0x10, 0x02, 0x00, 0x00, 0x10, 0x10, 0xA9, 0x00, 0x01, 0x8B, 0x00, 0x07, 0x10, 0x00, 0x08, 0x04, 0x01, 0x10, 0x10, 0x1C,
    0x80, 0x1D, 0x04, 0x1C, 0x01, 0x1C, 0x15, 0x08, 0x80, 0x00, 0x02, 0x10, 0x50, 0x50, 0x80, 0x00, 0x13, 0x10, 0x10, 0x12, 0x00, 0x00, 0x10, 0x10,
    0x02, 0x02, 0x12, 0x12, 0x80, 0x02, 0x00, 0x02, 0x02, 0x00, 0x02, 0x02, 0x08, 0x81, 0x00, 0x07, 0x08, 0x48, 0x08, 0x48, 0x08, 0x00, 0x08, 0x08,
    0x81, 0x00, 0x01, 0x08, 0x08, 0xCB, 0x00, 0x00, 0x02, 0x81, 0x00, 0x09, 0x02, 0x00, 0x00, 0x10, 0x00, 0x20, 0x00, 0x00, 0x10, 0x10, 0x81, 0x30,
    0x1C, 0x32, 0x10, 0x10, 0x20, 0x30, 0x10, 0x20, 0x32, 0x30, 0x20, 0x00, 0x10, 0x10, 0x22, 0x20, 0x00, 0x00, 0x08, 0x00, 0x00, 0x01, 0x01, 0x08,
    0x00, 0x08, 0x08, 0x00, 0x08, 0x08, 0x82, 0x00, 0x00, 0x40, 0xC0, 0x00, 0x0E, 0x10, 0x0C, 0x04, 0x80, 0x10, 0x10, 0x18, 0x18, 0x98, 0x08, 0x10,
    0x18, 0x00, 0x18, 0x18, 0x81, 0x00, 0x01, 0x18, 0x18, 0x81, 0x00, 0x00, 0x02, 0x81, 0x00, 0x0A, 0x02, 0x02, 0x00, 0x02, 0x00, 0x02, 0x02, 0x00,
    0x00, 0x80, 0x20, 0x80, 0x00, 0x00, 0x04, 0x81, 0x00, 0x03, 0x80, 0x00, 0x80, 0x80, 0xC8, 0x00, 0x00, 0x01, 0x87, 0x00, 0x00, 0x80, 0x81, 0x00,
    0x09, 0x20, 0x24, 0x00, 0x02, 0x01, 0x01, 0x04, 0x24, 0x56, 0x26, 0x80, 0x06, 0x0A, 0x02, 0x02, 0x06, 0x06, 0x00, 0x06, 0x06, 0x00, 0x00, 0x06,
    0x06, 0x80, 0x00, 0x02, 0x02, 0x01, 0x21, 0x81, 0x00, 0x84, 0x20, 0x02, 0x00, 0x20, 0x20, 0x80, 0x00, 0x01, 0x20, 0x20, 0xA8, 0x00, 0x01, 0x88,
    0x00, 0x00, 0x40, 0x81, 0x00, 0x11, 0x40, 0x40, 0x42, 0x40, 0x40, 0x00, 0x00, 0x42, 0x42, 0x02, 0x40, 0x02, 0x40, 0x02, 0x00, 0x00, 0x40, 0x40,
    0x80, 0x00, 0x05, 0x08, 0x00, 0x04, 0x00, 0x00, 0x08, 0x81, 0x0C, 0x03, 0x04, 0x08, 0x04, 0x0C, 0x81, 0x00, 0x81, 0x04, 0x02, 0x00, 0x10, 0x10,
    0x81, 0x00, 0x00, 0x80, 0x81, 0x00, 0x80, 0x80, 0x80, 0x00, 0x01, 0x80, 0x80, 0xC2, 0x00, 0x13, 0x10, 0x20, 0x00, 0x00, 0x10, 0x10, 0x30, 0x20,
    0x30, 0x10, 0x00, 0x10, 0x10, 0x20, 0x24, 0x0A, 0x08, 0x00, 0x00, 0x04, 0x82, 0x06, 0x0A, 0x04, 0x02, 0x06, 0x04, 0x02, 0x06, 0x04, 0x00, 0x02,
    0x06, 0x04, 0x80, 0x00, 0x07, 0x04, 0x04, 0x40, 0x10, 0x20, 0x20, 0x00, 0x40, 0x80, 0x50, 0x06, 0x40, 0x10, 0x50, 0x40, 0x10, 0x50, 0x40, 0xC3,
    0x00, 0x03, 0x20, 0x21, 0x02, 0x03, 0xA1, 0x00, 0x06, 0x40, 0x00, 0x00, 0x40, 0x00, 0x40, 0x40, 0xC8, 0x00, 0x19, 0x08, 0x08, 0x00, 0x00, 0x40,
    0x80, 0x00, 0x00, 0x40, 0x40, 0xC0, 0x80, 0xC0, 0x40, 0x80, 0x80, 0x40, 0x00, 0x40, 0x40, 0x80, 0x00, 0x00, 0x10, 0x00, 0x1C, 0x81, 0x00, 0x82,
    0x0C, 0x0C, 0x04, 0x0C, 0x08, 0x00, 0x0C, 0x0C, 0x00, 0x04, 0x04, 0x00, 0x00, 0x0C, 0x0C, 0x81, 0x00, 0x01, 0x08, 0x08, 0xBA, 0x00, 0x01, 0x8E,
    0x00, 0x05, 0x08, 0x04, 0x01, 0x00, 0x00, 0x0C, 0x80, 0x0D, 0x03, 0x0C, 0x01, 0x0C, 0x11, 0x81, 0x00, 0x02, 0x10, 0xE0, 0x70, 0x80, 0x00, 0x80,
    0x90, 0x09, 0x80, 0x00, 0x90, 0x10, 0x80, 0x80, 0x10, 0x10, 0x80, 0x80, 0x86, 0x00, 0x81, 0x02, 0x07, 0x00, 0x02, 0x00, 0x02, 0x02, 0x00, 0x00,
    0x02, 0xC5, 0x00, 0x17, 0x08, 0x00, 0x00, 0xC0, 0x00, 0x08, 0x08, 0x40, 0xC8, 0x40, 0x48, 0xC8, 0x80, 0x00, 0x00, 0x08, 0x10, 0x01, 0x21, 0x40,
    0x00, 0x10, 0x10, 0x30, 0x81, 0x70, 0x0D, 0x50, 0x50, 0x60, 0x70, 0x10, 0x60, 0x70, 0x30, 0x20, 0x00, 0x50, 0x50, 0x20, 0x24, 0x86, 0x00, 0x00,
    0x04, 0xCC, 0x00, 0x00, 0x10, 0x80, 0x00, 0x82, 0x10, 0x05, 0x00, 0x10, 0x10, 0x00, 0x10, 0x10, 0x81, 0x00, 0x02, 0x10, 0x10, 0x80, 0x81, 0x00,
    0x84, 0x80, 0x09, 0x00, 0x80, 0x80, 0x00, 0x80, 0x00, 0x80, 0x00, 0x00, 0x80, 0x81, 0x00, 0x03, 0x80, 0x00, 0x80, 0x80, 0xC5, 0x00, 0x01, 0x20,
    0x80, 0x80, 0x00, 0x0C, 0x20, 0x80, 0xA0, 0xA0, 0x00, 0x80, 0x80, 0x00, 0x20, 0x20, 0x00, 0x80, 0x80, 0x83, 0x00, 0x04, 0x02, 0x01, 0x01, 0x00,
    0x00, 0x86, 0x02, 0x0C, 0x00, 0x02, 0x02, 0x00, 0x00, 0x02, 0x02, 0x00, 0x00, 0x01, 0x01, 0x00, 0x10, 0x80, 0x00, 0x84, 0x10, 0x07, 0x00, 0x10,
    0x10, 0x04, 0x00, 0x00, 0x10, 0x10, 0xA8, 0x00, 0x01, 0x90, 0x00, 0x00, 0x02, 0x81, 0x00, 0x80, 0x02, 0x02, 0x00, 0x02, 0x02, 0x83, 0x00, 0x01,
    0x20, 0x20, 0x83, 0x00, 0x00, 0x80, 0xE4, 0x00, 0x00, 0x20, 0x81, 0x00, 0x80, 0x20, 0x00, 0x04, 0x80, 0x00, 0x03, 0x20, 0x20, 0x08, 0x08, 0x81,
    0x00, 0x00, 0x80, 0x81, 0x00, 0x01, 0x80, 0xA0, 0x80, 0x80, 0x05, 0x00, 0x80, 0x80, 0x20, 0x80, 0x80, 0x80, 0x00, 0x00, 0x80, 0x80, 0x00, 0x0D,
    0x10, 0x08, 0x01, 0x01, 0x00, 0x10, 0x18, 0x10, 0x08, 0x18, 0x10, 0x08, 0x18, 0x10, 0xC6, 0x00, 0x01, 0x0C, 0x04, 0x80, 0x00, 0x81, 0x08, 0x04,
    0x00, 0x08, 0x00, 0x08, 0x08, 0x81, 0x00, 0x01, 0x08, 0x08, 0x80, 0x00, 0x01, 0x30, 0x04, 0x80, 0x00, 0x80, 0x34, 0x0A, 0x30, 0x34, 0x04, 0x30,
    0x30, 0x00, 0x00, 0x20, 0x50, 0x20, 0x40, 0xC8, 0x00, 0x05, 0x04, 0x00, 0x04, 0x00, 0x00, 0x40, 0x80, 0x00, 0x80, 0x40, 0x02, 0x00, 0x40, 0x40,
    0x81, 0x00, 0x01, 0x40, 0x40, 0x82, 0x00, 0x02, 0x10, 0x00, 0x1C, 0x81, 0x00, 0x82, 0x0C, 0x0F, 0x04, 0x04, 0x08, 0x00, 0x0C, 0x0C, 0x00, 0x04,
    0x0C, 0x00, 0x00, 0x0C, 0x0C, 0x00, 0x00, 0x40, 0x80, 0x00, 0x82, 0x40, 0x06, 0x00, 0x00, 0x40, 0x40, 0x00, 0x40, 0x40, 0xAD, 0x00, 0x01, 0x90,
    0x00, 0x04, 0x04, 0x01, 0x00, 0x00, 0x04, 0x80, 0x05, 0x18, 0x04, 0x21, 0x00, 0x01, 0x00, 0x00, 0x20, 0x00, 0x00, 0x40, 0x50, 0x08, 0x00, 0x00,
    0x10, 0x10, 0x18, 0x08, 0x08, 0x18, 0x18, 0x00, 0x08, 0x10, 0x18, 0x82, 0x00, 0x02, 0x01, 0x00, 0x01, 0x82, 0x00, 0x00, 0x80, 0x81, 0x00, 0x80,
    0x80, 0x80, 0x00, 0x01, 0x80, 0x80, 0xC2, 0x00, 0x0E, 0x10, 0x40, 0x00, 0x00, 0x10, 0x50, 0x50, 0x40, 0x50, 0x52, 0x00, 0x90, 0x10, 0x00, 0x14,
    0x81, 0x00, 0x84, 0x14, 0x0B, 0x10, 0x14, 0x04, 0x10, 0x14, 0x04, 0x10, 0x10, 0x04, 0x04, 0x10, 0x10, 0x84, 0x00, 0x0A, 0x24, 0x20, 0x00, 0x00,
    0x04, 0x00, 0x04, 0x04, 0x00, 0x04, 0x04, 0xC3, 0x00, 0x01, 0x40, 0x40, 0x98, 0x00, 0x00, 0x08, 0x81, 0x00, 0x80, 0x08, 0x08, 0x00, 0x08, 0x08,
    0x00, 0x00, 0x80, 0x00, 0x00, 0x80, 0x81, 0x00, 0x03, 0x80, 0x00, 0x84, 0x80, 0x80, 0x00, 0x00, 0x04, 0xBE, 0x00, 0x04, 0x02, 0x02, 0x00, 0x00,
    0x80, 0x81, 0x00, 0x80, 0x80, 0x08, 0x00, 0x80, 0x80, 0x00, 0x00, 0x20, 0x00, 0x80, 0x80, 0x85, 0x00, 0x04, 0x02, 0x01, 0x01, 0x00, 0x00, 0x86,
    0x02, 0x12, 0x00, 0x02, 0x02, 0x00, 0x00, 0x02, 0x02, 0x00, 0x02, 0x00, 0x00, 0x20, 0x00, 0x02, 0x02, 0x82, 0x20, 0x22, 0x22, 0x81, 0x20, 0x02,
    0x00, 0x20, 0x20, 0x80, 0x00, 0x01, 0x20, 0x20, 0xA7, 0x00, 0x01, 0x91, 0x00, 0x00, 0x02, 0x81, 0x00, 0x80, 0x02, 0x80, 0x00, 0x01, 0x02, 0x40,
    0x80, 0x00, 0x14, 0x80, 0x20, 0x20, 0x00, 0x04, 0x80, 0x82, 0x81, 0x04, 0x85, 0x84, 0x06, 0x86, 0x82, 0x06, 0x04, 0x82, 0x80, 0x02, 0x02, 0x04,
    0x83, 0x00, 0x02, 0x40, 0x00, 0x40, 0xCE, 0x00, 0x01, 0x20, 0x80, 0x80, 0x00, 0x0C, 0x20, 0xA0, 0x20, 0x00, 0xA0, 0x00, 0x80, 0x20, 0x20, 0x00,
    0x00, 0x20, 0x40, 0x80, 0x00, 0x00, 0x20, 0x83, 0x60, 0x0B, 0x20, 0x60, 0x00, 0x60, 0x60, 0x00, 0x40, 0x00, 0x40, 0x40, 0x20, 0x20, 0x80, 0x00,
    0x0F, 0x40, 0x00, 0x12, 0x00, 0x00, 0x40, 0x40, 0x50, 0x52, 0x50, 0x02, 0x52, 0x50, 0x00, 0x50, 0x50, 0xC5, 0x00, 0x01, 0x02, 0x0A, 0x81, 0x00,
    0x81, 0x08, 0x04, 0x00, 0x08, 0x00, 0x08, 0x08, 0x81, 0x00, 0x03, 0x08, 0x09, 0x81, 0x02, 0x80, 0x00, 0x00, 0x80, 0x81, 0x82, 0x08, 0x80, 0x82,
    0x02, 0x80, 0x80, 0x00, 0x00, 0x82, 0x80, 0xCB, 0x00, 0x0C, 0x01, 0x00, 0x00, 0x60, 0x00, 0x01, 0x01, 0x41, 0x61, 0x40, 0x21, 0x60, 0x41, 0x80,
    0x01, 0x02, 0x00, 0x00, 0x40, 0x86, 0x00, 0x06, 0x0C, 0x00, 0x02, 0x00, 0x00, 0x0C, 0x0C, 0x81, 0x0E, 0x10, 0x06, 0x0A, 0x02, 0x0E, 0x0E, 0x00,
    0x0E, 0x0E, 0x00, 0x00, 0x0E, 0x0F, 0x01, 0x00, 0x00, 0x08, 0x08, 0x94, 0x00, 0x02, 0x08, 0x14, 0x08, 0x9F, 0x00, 0x01, 0x8F, 0x00, 0x06, 0x08,
    0x00, 0x00, 0x01, 0x00, 0x08, 0x08, 0x80, 0x09, 0x03, 0x10, 0x09, 0x00, 0x09, 0x82, 0x00, 0x11, 0x40, 0x50, 0x08, 0x00, 0x00, 0x10, 0x10, 0x18,
    0x08, 0x08, 0x18, 0x18, 0x00, 0x08, 0x10, 0x18, 0x00, 0x04, 0x84, 0x00, 0x03, 0x20, 0x20, 0x80, 0x02, 0x80, 0x00, 0x80, 0x80, 0x80, 0x00, 0x01,
    0x80, 0x80, 0xC1, 0x00, 0x11, 0x08, 0x10, 0x40, 0x00, 0x00, 0x18, 0x58, 0x58, 0x48, 0x50, 0x58, 0x08, 0x10, 0x10, 0x00, 0x08, 0x00, 0x08, 0x9A,
    0x00, 0x01, 0x01, 0x09, 0x81, 0x00, 0x06, 0x08, 0x00, 0x08, 0x08, 0x00, 0x08, 0x08, 0xBF, 0x00, 0x00, 0x80, 0x81, 0x00, 0x10, 0xA0, 0xA0, 0x90,
    0x84, 0x84, 0x80, 0x90, 0x10, 0x90, 0x90, 0x10, 0x00, 0x90, 0x90, 0x00, 0x10, 0x10, 0x81, 0x00, 0x04, 0x10, 0x10, 0x00, 0x10, 0x04, 0x80, 0x00,
    0x80, 0x14, 0x04, 0x10, 0x14, 0x04, 0x10, 0x10, 0x82, 0x00, 0x00, 0x40, 0x80, 0x00, 0x03, 0x80, 0x00, 0x80, 0x80, 0xC3, 0x00, 0x03, 0x04, 0x00,
    0x04, 0x80, 0x81, 0x00, 0x80, 0x80, 0x02, 0x00, 0x80, 0x80, 0x81, 0x00, 0x01, 0x80, 0x80, 0x82, 0x00, 0x08, 0x20, 0x30, 0x00, 0x10, 0x04, 0x00,
    0x41, 0x01, 0x00, 0x84, 0x04, 0x0A, 0x00, 0x00, 0x04, 0x04, 0x00, 0x04, 0x04, 0x00, 0x00, 0x04, 0x04, 0x88, 0x00, 0x00, 0x20, 0x85, 0x00, 0x01,
    0x10, 0x20, 0xA7, 0x00, 0x01, 0x91, 0x00, 0x05, 0x04, 0x02, 0x00, 0x00, 0x04, 0x04, 0x80, 0x06, 0x03, 0x00, 0x00, 0x02, 0x06, 0x82, 0x00, 0x14,
    0x20, 0x30, 0x00, 0x04, 0x00, 0x10, 0x10, 0x14, 0x04, 0x04, 0x14, 0x94, 0x00, 0x04, 0x14, 0x10, 0x04, 0x04, 0x00, 0x00, 0x04, 0x80, 0x00, 0x02,
    0x40, 0x00, 0x40, 0x85, 0x00, 0x00, 0x80, 0xC5, 0x00, 0x00, 0x20, 0x81, 0x00, 0x80, 0x20, 0x06, 0x00, 0x20, 0x20, 0x00, 0x20, 0x20, 0x04, 0x81,
    0x00, 0x84, 0x04, 0x09, 0x00, 0x04, 0x04, 0x00, 0x04, 0x04, 0x00, 0x00, 0x04, 0x04, 0x88, 0x00, 0x01, 0x20, 0x20, 0xE7, 0x00, 0x00, 0x08, 0x81,
    0x00, 0x80, 0x08, 0x02, 0x00, 0x08, 0x08, 0x82, 0x00, 0x00, 0x24, 0x80, 0x04, 0x04, 0x00, 0x04, 0x00, 0x04, 0x04, 0x81, 0x00, 0x01, 0x04, 0x04,
    0xBE, 0x00, 0x01, 0x02, 0x42, 0x80, 0x00, 0x80, 0x40, 0x02, 0x00, 0x41, 0x40, 0x80, 0x00, 0x08, 0x01, 0x00, 0x00, 0x80, 0x00, 0x01, 0x00, 0x00,
    0x40, 0x80, 0x00, 0x18, 0x40, 0x40, 0x48, 0x40, 0x42, 0x00, 0x00, 0x48, 0x48, 0x0A, 0x4A, 0x4A, 0x0A, 0x02, 0x0A, 0x02, 0x0A, 0x0A, 0x00, 0x0A,
    0x0A, 0x00, 0x00, 0x0A, 0x08, 0x81, 0x00, 0x00, 0x02, 0xB8, 0x00, 0x01, 0x8C, 0x00, 0x00, 0x10, 0x81, 0x00, 0x02, 0x10, 0x10, 0x30, 0x81, 0x10,
    0x03, 0x20, 0x00, 0x10, 0x10, 0x84, 0x00, 0x02, 0x40, 0x40, 0x08, 0x81, 0x00, 0x82, 0x08, 0x03, 0x00, 0x08, 0x02, 0x08, 0x86, 0x00, 0x00, 0x80,
    0x81, 0x00, 0x80, 0x80, 0x00, 0x00, 0x81, 0x80, 0xBD, 0x00, 0x1B, 0x01, 0x01, 0x00, 0x04, 0x00, 0x10, 0x40, 0x04, 0x04, 0x14, 0x54, 0x54, 0x44,
    0x54, 0x50, 0x04, 0x14, 0x14, 0x04, 0x00, 0x10, 0x00, 0x02, 0x00, 0x00, 0x10, 0x10, 0x92, 0x81, 0x12, 0x0F, 0x90, 0x92, 0x82, 0x90, 0x92, 0x02,
    0x90, 0x90, 0x02, 0x82, 0x90, 0x10, 0x00, 0x00, 0x80, 0x80, 0x82, 0x00, 0x00, 0x10, 0x81, 0x00, 0x80, 0x10, 0x05, 0x00, 0x10, 0x10, 0x00, 0x10,
    0x10, 0xD9, 0x00, 0x01, 0x02, 0x04, 0x80, 0x00, 0x80, 0x06, 0x15, 0x00, 0x04, 0x06, 0x02, 0x04, 0x00, 0x02, 0x02, 0x42, 0x82, 0x40, 0x00, 0x08,
    0x08, 0x88, 0x00, 0x88, 0x88, 0x00, 0x00, 0x08, 0x08, 0xC1, 0x00, 0x01, 0x11, 0xA0, 0x80, 0x00, 0x09, 0x11, 0xB1, 0x81, 0xB1, 0x21, 0x80, 0x80,
    0x01, 0x11, 0x10, 0x81, 0x00, 0x01, 0x01, 0x01, 0x85, 0x00, 0x00, 0x04, 0x81, 0x00, 0x84, 0x04, 0x0A, 0x00, 0x00, 0x04, 0x04, 0x00, 0x04, 0x04,
    0x01, 0x01, 0x04, 0x04, 0x80, 0x00, 0x00, 0x02, 0xB8, 0x00, 0x01, 0x88, 0x00, 0x00, 0x40, 0x81, 0x00, 0x82, 0x40, 0x0C, 0x00, 0x03, 0x40, 0x50,
    0x00, 0x41, 0x03, 0x43, 0x02, 0x01, 0x00, 0x03, 0x02, 0x80, 0x00, 0x11, 0x80, 0x00, 0x20, 0x30, 0x08, 0x80, 0x80, 0x90, 0x10, 0x98, 0x88, 0x08,
    0x18, 0x18, 0x00, 0x08, 0x90, 0x90, 0xD6, 0x00, 0x10, 0x08, 0x20, 0x00, 0x80, 0x00, 0x08, 0x28, 0x28, 0xA0, 0x00, 0x28, 0xA8, 0x00, 0xA0, 0x20,
    0x08, 0x08, 0x8B, 0x00, 0x00, 0x40, 0x89, 0x00, 0x04, 0x40, 0x00, 0x00, 0x01, 0x01, 0xDC, 0x00, 0x00, 0x08, 0x81, 0x00, 0x00, 0x08, 0x80, 0x00,
    0x03, 0x01, 0x09, 0x10, 0xE8, 0x80, 0x00, 0x00, 0x50, 0x80, 0xF8, 0x09, 0xF0, 0xE8, 0xD8, 0xB0, 0x60, 0xC8, 0x98, 0x20, 0x00, 0x40, 0xCC, 0x00,
    0x02, 0x04, 0x0A, 0x0E, 0x94, 0x00, 0x09, 0x10, 0x00, 0x10, 0x08, 0x00, 0x03, 0x01, 0x80, 0x08, 0x08, 0x81, 0x0A, 0x0D, 0x02, 0x0A, 0x42, 0x0A,
    0x0A, 0x00, 0x0A, 0x0A, 0x00, 0x80, 0x08, 0x08, 0x00, 0x00, 0x81, 0x80, 0x07, 0x00, 0x80, 0x00, 0x80, 0x80, 0x00, 0x80, 0x80, 0xAE, 0x00, 0x01,
    0x89, 0x00, 0x00, 0x80, 0x81, 0x00, 0x10, 0x80, 0x80, 0x88, 0x80, 0x04, 0x80, 0x00, 0x88, 0x8C, 0x0C, 0x0C, 0x8C, 0x80, 0x00, 0x08, 0x0C, 0x04,
    0x83, 0x00, 0x07, 0x20, 0x20, 0x04, 0x02, 0x00, 0x00, 0x04, 0x04, 0x80, 0x06, 0x0F, 0x02, 0x06, 0x04, 0x00, 0x06, 0x06, 0x00, 0x04, 0x04, 0x00,
    0x60, 0xA0, 0x40, 0x02, 0x00, 0x00, 0x80, 0x80, 0x00, 0x00, 0x81, 0x80, 0xC2, 0x00, 0x00, 0x10, 0x80, 0x00, 0x80, 0x10, 0x05, 0x00, 0x10, 0x10,
    0x00, 0x10, 0x10, 0xA2, 0x00, 0x00, 0x08, 0x81, 0x00, 0x06, 0x08, 0x00, 0x08, 0x08, 0x00, 0x08, 0x08, 0xBF, 0x00, 0x04, 0x80, 0x00, 0x40, 0x40,
    0x00, 0x84, 0x80, 0x06, 0x00, 0x80, 0x80, 0x00, 0x00, 0x80, 0x80, 0x84, 0x00, 0x01, 0x02, 0x04, 0x80, 0x00, 0x80, 0x06, 0x0A, 0x00, 0x04, 0x06,
    0x02, 0x04, 0x00, 0x04, 0x00, 0x40, 0x02, 0x40, 0x82, 0x00, 0x00, 0x04, 0xC7, 0x00, 0x0E, 0x40, 0x01, 0x00, 0x00, 0x40, 0x40, 0x41, 0x01, 0x41,
    0x01, 0x01, 0x00, 0x00, 0x01, 0x01, 0x82, 0x00, 0x01, 0x01, 0x01, 0x85, 0x00, 0x00, 0x04, 0x81, 0x00, 0x84, 0x04, 0x0B, 0x00, 0x00, 0x04, 0x04,
    0x00, 0x04, 0x04, 0x00, 0x00, 0x04, 0x00, 0x20, 0x81, 0x00, 0x80, 0x20, 0x06, 0x10, 0x00, 0x20, 0x20, 0x00, 0x20, 0x20, 0xAC, 0x00, 0x01, 0x8B,
    0x00, 0x00, 0x20, 0x81, 0x00, 0x80, 0x20, 0x0A, 0x00, 0x00, 0x20, 0x20, 0x08, 0x40, 0x20, 0x20, 0x00, 0x00, 0x01, 0x83, 0x00, 0x09, 0x40, 0x40,
    0x10, 0x08, 0x00, 0x00, 0x10, 0x10, 0x18, 0x08, 0x80, 0x18, 0x03, 0x00, 0x08, 0x98, 0x10, 0xD4, 0x00, 0x10, 0x08, 0x20, 0x40, 0x00, 0x00, 0x08,
    0x68, 0x68, 0x60, 0x40, 0x68, 0x28, 0x00, 0x20, 0x24, 0x08, 0x08, 0x9A, 0x00, 0x04, 0x80, 0x01, 0x01, 0x00, 0x00, 0x82, 0x80, 0x05, 0x00, 0x80,
    0x80, 0x00, 0x80, 0x80, 0xD5, 0x00, 0x00, 0x10, 0x81, 0x00, 0x01, 0x10, 0x08, 0x81, 0x00, 0x1C, 0x08, 0x08, 0x0C, 0x00, 0x08, 0x08, 0x00, 0x00,
    0x08, 0x0C, 0x00, 0x83, 0x20, 0x00, 0x04, 0x05, 0x85, 0x05, 0x85, 0x81, 0x01, 0x05, 0x04, 0x09, 0x01, 0x00, 0x01, 0x05, 0x04, 0xBD, 0x00, 0x09,
    0xA0, 0x00, 0x02, 0x02, 0x00, 0xA0, 0x80, 0xA0, 0x20, 0x80, 0x84, 0x00, 0x00, 0x01, 0x84, 0x00, 0x01, 0x20, 0x20, 0x82, 0x00, 0x01, 0x03, 0x01,
    0x80, 0x00, 0x86, 0x02, 0x02, 0x00, 0x03, 0x03, 0xBF, 0x00, 0x01, 0x89, 0x00, 0x00, 0x40, 0x81, 0x00, 0x82, 0x40, 0x0C, 0x00, 0x03, 0x40, 0x40,
    0x00, 0x01, 0x43, 0x43, 0x00, 0x01, 0x01, 0x02, 0x02, 0x83, 0x00, 0x05, 0x20, 0x30, 0x04, 0x00, 0x00, 0x10, 0x82, 0x14, 0x0A, 0x10, 0x04, 0x04,
    0x10, 0x14, 0x00, 0x08, 0x04, 0x44, 0x80, 0x40, 0x80, 0x08, 0x04, 0x88, 0x88, 0x80, 0x0A, 0x88, 0x80, 0x80, 0x02, 0x00, 0x08, 0x08, 0xBD, 0x00,
    0x02, 0x01, 0x09, 0x10, 0x80, 0x00, 0x83, 0x10, 0x0E, 0x00, 0x10, 0x10, 0x00, 0x00, 0x40, 0x10, 0x00, 0x00, 0x20, 0x40, 0x00, 0x00, 0x80, 0x20,
    0x80, 0x60, 0x81, 0xE0, 0x0D, 0xA0, 0x00, 0xE0, 0xE0, 0x00, 0xC0, 0xC0, 0x40, 0x40, 0x20, 0xA0, 0x80, 0x40, 0x40, 0xD1, 0x00, 0x00, 0x80, 0x81,
    0x00, 0x84, 0x80, 0x07, 0x00, 0x80, 0x80, 0x00, 0x00, 0x80, 0x80, 0x08, 0x80, 0x00, 0x06, 0x01, 0x03, 0x14, 0x00, 0x00, 0x80, 0x06, 0x80, 0x16,
    0x0A, 0x90, 0x96, 0x82, 0x94, 0x92, 0x84, 0x80, 0x12, 0x82, 0x08, 0x10, 0x80, 0x00, 0x80, 0x08, 0x06, 0x00, 0x08, 0x08, 0x00, 0x08, 0x00, 0x08,
    0xBF, 0x00, 0x17, 0x40, 0x00, 0x04, 0x01, 0x44, 0x40, 0x40, 0x00, 0x41, 0x03, 0x45, 0x13, 0x01, 0x00, 0x00, 0x01, 0x01, 0x00, 0x01, 0x01, 0x00,
    0x00, 0x81, 0x01, 0x80, 0x00, 0x80, 0x80, 0x08, 0x00, 0x88, 0x80, 0x00, 0x80, 0x80, 0x08, 0x88, 0x88, 0x80, 0x08, 0x0B, 0x00, 0x08, 0x00, 0x08,
    0x08, 0x00, 0x08, 0x08, 0x00, 0x00, 0x08, 0x08, 0xBB, 0x00, 0x01, 0x8A, 0x00, 0x00, 0x80, 0x81, 0x00, 0x81, 0x80, 0x08, 0x00, 0x80, 0x00, 0x80,
    0x80, 0x00, 0x00, 0x80, 0x80, 0x84, 0x00, 0x0A, 0x80, 0x00, 0x40, 0x40, 0x00, 0x88, 0x80, 0x80, 0x00, 0x80, 0x88, 0x81, 0x08, 0x05, 0x00, 0x08,
    0x08, 0x00, 0x00, 0x04, 0xD1, 0x00, 0x00, 0x20, 0x81, 0x00, 0x80, 0x20, 0x05, 0x08, 0x20, 0x20, 0x00, 0x20, 0x28, 0x90, 0x00, 0x00, 0x02, 0x8B,
    0x00, 0x00, 0x02, 0x82, 0x00, 0x03, 0x02, 0x00, 0x02, 0x02, 0xB7, 0x00, 0x00, 0x08, 0xA3, 0x00, 0x00, 0x08, 0x81, 0x00, 0x80, 0x08, 0x0C, 0x00,
    0x08, 0x08, 0x00, 0x00, 0x08, 0x08, 0x00, 0x04, 0x42, 0x02, 0x00, 0x00, 0x82, 0x04, 0x03, 0x00, 0x00, 0x04, 0x04, 0x81, 0x00, 0x01, 0x04, 0x04,
    0xB4, 0x00, 0x02, 0x10, 0x28, 0x10, 0x85, 0x00, 0x01, 0x02, 0x02, 0x8F, 0x00, 0x00, 0x40, 0x80, 0x00, 0x0B, 0x50, 0x40, 0x50, 0xC0, 0x44, 0x00,
    0x00, 0x40, 0x40, 0x04, 0x44, 0x44, 0x80, 0x04, 0x07, 0x44, 0x42, 0x00, 0x04, 0x04, 0x00, 0x04, 0x04, 0x87, 0x00, 0x00, 0x40, 0xB3, 0x00, 0x01,
    0x8C, 0x00, 0x01, 0x20, 0x10, 0x80, 0x00, 0x0B, 0x20, 0x30, 0x30, 0x10, 0x00, 0x20, 0x30, 0x10, 0x00, 0x20, 0x30, 0x10, 0x87, 0x00, 0x01, 0x20,
    0x30, 0x80, 0x00, 0x84, 0x10, 0x0D, 0x00, 0x00, 0x10, 0x13, 0x00, 0x41, 0x20, 0x60, 0x02, 0x02, 0x00, 0x00, 0x02, 0x02, 0x82, 0x00, 0x00, 0x02,
    0xC1, 0x00, 0x14, 0x14, 0x00, 0x40, 0x00, 0x94, 0x1C, 0x5C, 0x5C, 0x4C, 0xDC, 0x4C, 0x18, 0x94, 0x0C, 0x88, 0x48, 0x58, 0x10, 0x00, 0x00, 0x20,
    0x81, 0x00, 0x86, 0x20, 0x02, 0x04, 0x20, 0x20, 0x82, 0x00, 0x01, 0x20, 0x20, 0x84, 0x00, 0x0A, 0x04, 0x00, 0x00, 0x02, 0x04, 0x00, 0x04, 0x04,
    0x00, 0x04, 0x04, 0xC4, 0x00, 0x01, 0x40, 0x40, 0x8F, 0x00, 0x02, 0x01, 0x03, 0x14, 0x80, 0x00, 0x00, 0x06, 0x80, 0x16, 0x0B, 0x12, 0x16, 0x02,
    0x14, 0x12, 0x06, 0x00, 0x12, 0x12, 0xA0, 0x00, 0x01, 0x80, 0x00, 0x02, 0x01, 0x81, 0x81, 0x80, 0x01, 0x06, 0x81, 0x00, 0x01, 0x01, 0x00, 0x01,
    0x01, 0xBC, 0x00, 0x00, 0x20, 0x80, 0x00, 0x06, 0x01, 0x20, 0x00, 0x20, 0x20, 0x01, 0x00, 0x80, 0x01, 0x0A, 0x00, 0x00, 0x01, 0x01, 0x00, 0x01,
    0x01, 0x00, 0x00, 0x01, 0x01, 0x86, 0x00, 0x01, 0x03, 0x01, 0x80, 0x00, 0x82, 0x02, 0x17, 0x00, 0x00, 0x02, 0x02, 0x00, 0x02, 0x02, 0x80, 0x00,
    0x00, 0x08, 0x0A, 0x82, 0x82, 0x80, 0x82, 0x02, 0x80, 0x00, 0x80, 0x80, 0x00, 0x80, 0x80, 0xAD, 0x00, 0x01, 0x8A, 0x00, 0x01, 0x40, 0x80, 0x80,
    0x00, 0x00, 0x40, 0x81, 0xC0, 0x08, 0x40, 0x80, 0x40, 0xC0, 0x80, 0x00, 0x40, 0xC0, 0x80, 0x88, 0x00, 0x05, 0x01, 0x0E, 0x01, 0x00, 0x00, 0x04,
    0x81, 0x0E, 0x08, 0x0A, 0x00, 0x0E, 0x1A, 0x06, 0x00, 0x00, 0x84, 0x04, 0x80, 0x00, 0x07, 0x82, 0x84, 0x80, 0x00, 0x80, 0x80, 0x00, 0x80, 0xC2,
    0x00, 0x01, 0x23, 0x01, 0x80, 0x00, 0x80, 0x22, 0x09, 0x02, 0x22, 0x20, 0x02, 0x22, 0x20, 0x02, 0x02, 0x00, 0x00, 0x80, 0x02, 0x03, 0x00, 0x01,
    0x01, 0x00, 0x82, 0x02, 0x02, 0x00, 0x02, 0x02, 0x82, 0x00, 0x01, 0x02, 0x02, 0x84, 0x00, 0x01, 0x01, 0x01, 0xD0, 0x00, 0x00, 0x80, 0x81, 0x00,
    0x84, 0x80, 0x06, 0x00, 0x80, 0x80, 0x00, 0x00, 0x80, 0x90, 0x80, 0x00, 0x13, 0x04, 0x08, 0x00, 0x20, 0x04, 0x04, 0x0C, 0x0C, 0x28, 0x24, 0x28,
    0x2C, 0x24, 0x04, 0x28, 0x28, 0x00, 0x04, 0x00, 0x20, 0xCD, 0x00, 0x0B, 0x80, 0x00, 0x00, 0x04, 0x00, 0x86, 0x82, 0x80, 0x00, 0x80, 0x00, 0x80,
    0x88, 0x00, 0x00, 0x80, 0x81, 0x00, 0x81, 0x80, 0x07, 0x00, 0x80, 0x40, 0x80, 0x80, 0x00, 0x80, 0x80, 0x89, 0x00, 0x0F, 0x40, 0x00, 0x10, 0x00,
    0x40, 0x40, 0x54, 0x50, 0x10, 0x40, 0x00, 0x50, 0x50, 0x00, 0x50, 0x50, 0xAD, 0x00, 0x00, 0x8B, 0x00, 0x14, 0x40, 0xC0, 0xE0, 0xF0, 0xF0, 0xB0,
    0x78, 0x98, 0x68, 0xFC, 0x8F, 0x07, 0x67, 0x93, 0x0E, 0x05, 0x6E, 0x94, 0x09, 0x00, 0x06, 0x81, 0x00, 0x80, 0x80, 0x22, 0xC0, 0x81, 0x21, 0x9E,
    0x1E, 0x1E, 0x9E, 0x0A, 0x14, 0x0A, 0x14, 0x0A, 0x14, 0x06, 0x08, 0x12, 0x57, 0x4F, 0xBA, 0x8E, 0x8A, 0x88, 0x82, 0x0A, 0x84, 0x0A, 0x00, 0x80,
    0x08, 0x02, 0x07, 0x02, 0x00, 0x00, 0x08, 0x90, 0x00, 0x16, 0x03, 0x04, 0x08, 0x92, 0xE0, 0x48, 0xA0, 0x60, 0xF0, 0xB8, 0xDC, 0xBE, 0xFF, 0xDF,
    0xEF, 0xDF, 0xFF, 0xE7, 0xF7, 0xE3, 0xE3, 0xC1, 0xF3, 0x86, 0xFF, 0x8A, 0x00, 0x31, 0x18, 0x3C, 0x3F, 0x7E, 0x6E, 0xF2, 0xCE, 0xB0, 0xDE, 0x80,
    0x6E, 0x10, 0x00, 0xAE, 0x80, 0x08, 0x52, 0x00, 0x00, 0x04, 0x1E, 0x14, 0x76, 0x76, 0xF3, 0xE6, 0xF2, 0x84, 0xF2, 0x04, 0xF2, 0x00, 0xF4, 0x02,
    0xA0, 0x92, 0x40, 0x20, 0x90, 0x44, 0x00, 0xC0, 0x10, 0x80, 0x20, 0x00, 0x40, 0x00, 0x01, 0x80, 0x80, 0xC2, 0x0C, 0xF6, 0x5E, 0x9C, 0x5C, 0x98,
    0x4A, 0x14, 0x80, 0x48, 0x14, 0x80, 0x48, 0x10, 0x81, 0x00, 0x02, 0x80, 0xC0, 0x80, 0x89, 0x00, 0x0A, 0x0E, 0x31, 0xC3, 0x0B, 0x27, 0x8F, 0x0F,
    0x1F, 0x3F, 0x7F, 0x7F, 0x82, 0xFF, 0x05, 0xDF, 0xDF, 0x8F, 0x8F, 0x07, 0xDF, 0x85, 0xFF, 0x90, 0x00, 0x3B, 0x80, 0xC1, 0xA1, 0x80, 0x92, 0x1C,
    0x98, 0x18, 0x88, 0x18, 0x80, 0x18, 0x00, 0x80, 0x18, 0x00, 0x00, 0x80, 0x18, 0x01, 0x02, 0x06, 0x1E, 0x1E, 0x3E, 0x38, 0x7E, 0xE0, 0xFE, 0xC4,
    0xB2, 0xC8, 0x24, 0xD2, 0x00, 0x68, 0x02, 0xD0, 0x44, 0xB0, 0x90, 0x8C, 0xCF, 0x8D, 0x8D, 0x0D, 0x80, 0x4D, 0x00, 0x05, 0x08, 0x81, 0x00, 0x0C,
    0x09, 0x00, 0x00, 0x01, 0x00, 0x04, 0x82, 0x00, 0x00, 0x01, 0x88, 0x00, 0x19, 0x78, 0x80, 0x04, 0x2A, 0x81, 0x00, 0x02, 0x80, 0x40, 0xA0, 0x70,
    0xF8, 0xBC, 0xDE, 0xBF, 0xFF, 0xDF, 0xEF, 0xDF, 0xF7, 0xE7, 0xE3, 0xE3, 0xC1, 0xF7, 0xFB, 0x83, 0xFF, 0x83, 0x00, 0x00, 0x10, 0x82, 0x00, 0x0E,
    0xE0, 0xF0, 0xF0, 0xF8, 0xB4, 0x54, 0x83, 0x31, 0x51, 0xC3, 0x87, 0x12, 0x01, 0x00, 0x11, 0x80, 0x00, 0x31, 0x01, 0x00, 0x00, 0x01, 0x00, 0x00,
    0x80, 0x81, 0xC0, 0xC0, 0xE0, 0x50, 0x90, 0x40, 0xA8, 0xCC, 0x0C, 0x4F, 0x8E, 0x46, 0x0A, 0x86, 0x48, 0x06, 0x08, 0x0E, 0x00, 0x40, 0x08, 0x06,
    0x01, 0x08, 0x06, 0x02, 0xC2, 0xEE, 0xFE, 0xF4, 0xB6, 0x70, 0x80, 0x72, 0xC4, 0x80, 0x00, 0x74, 0x80, 0x00, 0x70, 0x80, 0x89, 0x00, 0x00, 0x08,
    0x82, 0x00, 0x0C, 0x01, 0x80, 0x42, 0x24, 0x99, 0x03, 0x23, 0x0F, 0x0F, 0x1F, 0x3F, 0x3F, 0x7F, 0x82, 0xFF, 0x05, 0xDF, 0xDF, 0x8F, 0x8F, 0x07,
    0xDF, 0x83, 0xFF, 0x01, 0x8B, 0x00, 0x11, 0x40, 0x00, 0x20, 0x00, 0x00, 0x40, 0x40, 0x60, 0x60, 0x00, 0x70, 0x00, 0x60, 0x60, 0x00, 0x04, 0x68,
    0x64, 0x83, 0x00, 0x00, 0x01, 0x83, 0x00, 0x00, 0x0C, 0x80, 0x00, 0x00, 0x04, 0x82, 0x0C, 0x0E, 0x00, 0x0C, 0x08, 0x06, 0xA0, 0x20, 0x04, 0x04,
    0x02, 0x82, 0x80, 0x84, 0x06, 0x82, 0x80, 0x81, 0x00, 0x00, 0x02, 0xCC, 0x00, 0x00, 0x40, 0x82, 0x00, 0x00, 0x04, 0x81, 0x00, 0x84, 0x04, 0x02,
    0x00, 0x04, 0x04, 0x82, 0x00, 0x01, 0x04, 0x04, 0x85, 0x00, 0x00, 0x80, 0x81, 0x00, 0x82, 0x80, 0x05, 0x00, 0x80, 0x80, 0x00, 0x80, 0x80, 0xC2,
    0x00, 0x08, 0x80, 0x00, 0x00, 0x10, 0x08, 0x80, 0x80, 0x90, 0x90, 0x80, 0x98, 0x1A, 0x00, 0x98, 0x98, 0x00, 0x00, 0x98, 0x98, 0x02, 0x04, 0x18,
    0x00, 0x00, 0x06, 0x06, 0x1E, 0x1E, 0x1A, 0x16, 0x1A, 0x0C, 0x16, 0x52, 0x08, 0x0A, 0x12, 0x14, 0x04, 0x80, 0x00, 0x00, 0x41, 0x80, 0x00, 0x80,
    0x01, 0x00, 0x09, 0x80, 0x01, 0x06, 0x00, 0x09, 0x01, 0x00, 0x01, 0x01, 0x08, 0xBD, 0x00, 0x06, 0x08, 0x08, 0x00, 0x02, 0x02, 0x10, 0x80, 0x8B,
    0x00, 0x00, 0x80, 0x81, 0x00, 0x80, 0x80, 0x08, 0xA0, 0x00, 0x80, 0x00, 0x80, 0x80, 0x00, 0x80, 0x80, 0x88, 0x00, 0x00, 0x04, 0x80, 0x00, 0x07,
    0x04, 0x00, 0x00, 0x04, 0x24, 0x00, 0x04, 0x04, 0xB1, 0x00, 0x01, 0x8C, 0x00, 0x00, 0x80, 0x81, 0x00, 0x0E, 0x80, 0x80, 0x84, 0x80, 0x00, 0x80,
    0x04, 0x84, 0x84, 0x04, 0x00, 0x80, 0x80, 0x06, 0x04, 0x81, 0x00, 0x00, 0x80, 0x81, 0x00, 0x07, 0x80, 0x90, 0x80, 0x00, 0x80, 0x90, 0x10, 0x90,
    0x81, 0x10, 0x04, 0x00, 0x10, 0x01, 0x10, 0x11, 0xCD, 0x00, 0x10, 0x20, 0x00, 0x41, 0x01, 0x00, 0x20, 0x60, 0x60, 0x40, 0x60, 0x60, 0x00, 0x60,
    0x60, 0x80, 0x40, 0x40, 0x80, 0x00, 0x01, 0x08, 0x08, 0xA4, 0x00, 0x00, 0x40, 0xC5, 0x00, 0x05, 0x01, 0x40, 0x41, 0x02, 0x06, 0x04, 0x89, 0x00,
    0x01, 0x01, 0x05, 0x80, 0x00, 0x81, 0x04, 0x04, 0x00, 0x04, 0x00, 0x04, 0x04, 0x80, 0x00, 0x0A, 0x20, 0x04, 0x04, 0x20, 0x20, 0x00, 0x0C, 0x02,
    0x02, 0x00, 0x00, 0x81, 0x0C, 0x04, 0x04, 0x08, 0x00, 0x0C, 0x0C, 0x81, 0x00, 0x01, 0x0C, 0x0C, 0xBD, 0x00, 0x02, 0x04, 0x00, 0x05, 0x81, 0x00,
    0x0F, 0x01, 0x01, 0x21, 0x01, 0x01, 0x00, 0x00, 0x01, 0x01, 0x00, 0x01, 0x01, 0x00, 0x00, 0x01, 0x41, 0x80, 0x00, 0x02, 0x40, 0x40, 0x48, 0x81,
    0x40, 0x10, 0x48, 0x48, 0x08, 0x48, 0x48, 0x08, 0x00, 0x08, 0x40, 0x48, 0x08, 0x00, 0x08, 0x08, 0x00, 0x80, 0x10, 0x80, 0x00, 0x0B, 0x90, 0x90,
    0x80, 0x80, 0x00, 0x90, 0x10, 0x80, 0x90, 0x10, 0x80, 0x80, 0xAC, 0x00, 0x01, 0x8C, 0x00, 0x12, 0x40, 0x00, 0x30, 0x00, 0x00, 0x48, 0x40, 0x70,
    0x70, 0x00, 0x78, 0x00, 0x70, 0x78, 0x08, 0x00, 0x70, 0x78, 0x08, 0x94, 0x00, 0x03, 0x40, 0x00, 0x48, 0x04, 0x80, 0x00, 0x00, 0x18, 0x81, 0x08,
    0x02, 0x00, 0x08, 0x08, 0x80, 0x00, 0x02, 0x80, 0x08, 0x08, 0xBB, 0x00, 0x00, 0x10, 0x80, 0x00, 0x81, 0x10, 0x04, 0x00, 0x10, 0x00, 0x10, 0x10,
    0x80, 0x00, 0x01, 0x10, 0x10, 0x83, 0x00, 0x00, 0x80, 0x81, 0x00, 0x83, 0x80, 0x05, 0x00, 0x80, 0x00, 0x80, 0x80, 0x00, 0x81, 0x80, 0x90, 0x00,
    0x00, 0x02, 0xC4, 0x00, 0x00, 0x80, 0x81, 0x00, 0x84, 0x80, 0x16, 0x00, 0x80, 0x80, 0x00, 0x00, 0x82, 0x80, 0x08, 0x00, 0x00, 0x02, 0x02, 0x0A,
    0x0A, 0x0E, 0x02, 0x0A, 0x08, 0x02, 0x02, 0x08, 0x0A, 0x02, 0x84, 0x00, 0x00, 0x01, 0x80, 0x00, 0x84, 0x01, 0x05, 0x00, 0x01, 0x00, 0x00, 0x01,
    0x01, 0xC1, 0x00, 0x01, 0x02, 0x02, 0x8D, 0x00, 0x10, 0x80, 0x00, 0x00, 0x20, 0x30, 0x80, 0x90, 0x80, 0x80, 0x00, 0x80, 0x00, 0x80, 0x80, 0x00,
    0x80, 0x80, 0x81, 0x00, 0x00, 0x80, 0x82, 0x00, 0x00, 0x40, 0x80, 0x00, 0x81, 0x40, 0x07, 0x00, 0xC0, 0x00, 0x40, 0x40, 0x00, 0x40, 0x40, 0xAD,
    0x00, 0x01, 0x8D, 0x00, 0x00, 0x80, 0x81, 0x00, 0x81, 0x80, 0x08, 0x00, 0x80, 0x00, 0x80, 0x80, 0x00, 0x00, 0x80, 0x80, 0x85, 0x00, 0x04, 0x40,
    0x40, 0x20, 0x22, 0x08, 0x80, 0x00, 0x00, 0x02, 0x82, 0x0A, 0x03, 0x02, 0x0A, 0x2A, 0x22, 0x81, 0x00, 0x80, 0x02, 0x02, 0x00, 0x02, 0x02, 0x81,
    0x00, 0x00, 0x02, 0xBE, 0x00, 0x01, 0x08, 0x04, 0x80, 0x00, 0x80, 0x0C, 0x00, 0x1C, 0x80, 0x0C, 0x04, 0x00, 0x0C, 0x0C, 0x08, 0x08, 0x80, 0x00,
    0x07, 0x04, 0x14, 0x00, 0x02, 0x00, 0x01, 0x15, 0x14, 0x82, 0x16, 0x0B, 0x10, 0x16, 0x06, 0x12, 0x16, 0x00, 0x10, 0x00, 0x04, 0x00, 0x10, 0x10,
    0x80, 0x00, 0x01, 0x01, 0x01, 0x80, 0x00, 0x00, 0x04, 0x80, 0x00, 0x81, 0x04, 0x02, 0x00, 0x04, 0x04, 0xC7, 0x00, 0x01, 0x0C, 0x04, 0x80, 0x00,
    0x80, 0x08, 0x0A, 0x00, 0x08, 0x08, 0x00, 0x00, 0x08, 0x09, 0x05, 0x00, 0x10, 0x00, 0x80, 0x04, 0x0D, 0x14, 0x14, 0x10, 0x10, 0x14, 0x04, 0x10,
    0x10, 0x00, 0x00, 0x14, 0x14, 0x00, 0x80, 0x81, 0x00, 0x03, 0x82, 0x82, 0x80, 0x80, 0x80, 0x00, 0x01, 0x80, 0x80, 0xC9, 0x00, 0x00, 0x01, 0x81,
    0x00, 0x82, 0x01, 0x0A, 0x00, 0x00, 0x01, 0x01, 0x00, 0x01, 0x01, 0x00, 0x00, 0x81, 0x41, 0x80, 0x00, 0x81, 0xC0, 0x0C, 0x40, 0xC0, 0x40, 0xC0,
    0xC0, 0x00, 0xC0, 0xC0, 0x00, 0x06, 0x00, 0xC0, 0xC0, 0x81, 0x00, 0x00, 0x20, 0x81, 0x00, 0x09, 0x20, 0x20, 0x00, 0x20, 0x00, 0x20, 0x20, 0x00,
    0x20, 0x20, 0xAE, 0x00, 0x01, 0x8D, 0x00, 0x13, 0x40, 0x00, 0x20, 0x00, 0x00, 0x40, 0x40, 0x60, 0x60, 0x80, 0x60, 0x00, 0x60, 0x60, 0x00, 0x00,
    0x60, 0x60, 0x00, 0x01, 0x87, 0x00, 0x00, 0x04, 0x80, 0x00, 0x83, 0x04, 0x0C, 0x00, 0x04, 0x80, 0x05, 0x00, 0x01, 0x04, 0x84, 0x80, 0x80, 0x00,
    0x84, 0x84, 0x82, 0x00, 0x01, 0x80, 0x80, 0xC2, 0x00, 0x00, 0x80, 0x81, 0x00, 0x04, 0x80, 0x00, 0x00, 0x80, 0x80, 0x84, 0x00, 0x01, 0x08, 0x08,
    0x95, 0x00, 0x12, 0x80, 0x00, 0x00, 0x80, 0x00, 0x30, 0x28, 0x00, 0x80, 0x80, 0x90, 0x98, 0x90, 0x08, 0x98, 0x10, 0x08, 0x98, 0x90, 0xC3, 0x00,
    0x01, 0xC2, 0x42, 0x80, 0x00, 0x84, 0x80, 0x09, 0x00, 0x80, 0x80, 0x02, 0x00, 0x88, 0x80, 0x00, 0x02, 0x22, 0x80, 0x0A, 0x07, 0x02, 0x2A, 0x28,
    0x22, 0x22, 0x28, 0x0A, 0x02, 0x84, 0x00, 0x05, 0x04, 0x00, 0x01, 0x00, 0x00, 0x04, 0x81, 0x05, 0x03, 0x01, 0x01, 0x05, 0x04, 0x80, 0x00, 0x02,
    0x01, 0x05, 0x04, 0xB8, 0x00, 0x00, 0x80, 0x81, 0x00, 0x80, 0x80, 0x03, 0x00, 0x00, 0x80, 0x80, 0xA4, 0x00, 0x0E, 0x04, 0x18, 0x08, 0x00, 0x04,
    0x10, 0x10, 0x04, 0x14, 0x00, 0x14, 0x14, 0x00, 0x10, 0x10, 0xAF, 0x00, 0x01, 0x8E, 0x00, 0x01, 0xC0, 0x10, 0x80, 0x00, 0x0C, 0xC0, 0xD2, 0xD0,
    0x40, 0xD0, 0xC0, 0x12, 0xD2, 0xC2, 0x00, 0x12, 0xD0, 0xC2, 0x88, 0x00, 0x00, 0x10, 0x80, 0x00, 0x83, 0x10, 0x0E, 0x50, 0x04, 0x50, 0x00, 0x02,
    0x04, 0x00, 0x00, 0x10, 0x12, 0x00, 0x02, 0x00, 0x02, 0x02, 0xC6, 0x00, 0x01, 0x01, 0x01, 0x89, 0x00, 0x00, 0x20, 0x80, 0x00, 0x06, 0x44, 0x80,
    0x02, 0x00, 0x00, 0x44, 0xC4, 0x82, 0xC6, 0x05, 0x00, 0x86, 0x46, 0xC6, 0x86, 0x40, 0x80, 0xC0, 0x05, 0x80, 0x00, 0x00, 0x40, 0xC0, 0x80, 0x93,
    0x00, 0x02, 0x80, 0x40, 0x80, 0xBC, 0x00, 0x03, 0x30, 0x20, 0x00, 0x00, 0x82, 0x10, 0x06, 0x00, 0x10, 0x10, 0x00, 0x00, 0x11, 0x15, 0x80, 0x00,
    0x82, 0x04, 0x0C, 0x00, 0x00, 0x04, 0x04, 0x00, 0x0C, 0x00, 0x00, 0x04, 0x04, 0x00, 0x00, 0x82, 0x81, 0x00, 0x03, 0x80, 0x02, 0x82, 0x80, 0x80,
    0x00, 0x01, 0x80, 0x80, 0x8A, 0x00, 0x00, 0x01, 0xB9, 0x00, 0x03, 0x04, 0x00, 0x04, 0x03, 0x81, 0x00, 0x82, 0x01, 0x0D, 0x00, 0x00, 0x01, 0x01,
    0x00, 0x01, 0x01, 0x00, 0x00, 0x81, 0x41, 0x20, 0x20, 0x00, 0x81, 0xC0, 0x80, 0x40, 0x09, 0xC0, 0xC0, 0x00, 0xC0, 0xC0, 0x00, 0x00, 0x40, 0xC0,
    0xC0, 0x81, 0x00, 0x00, 0x80, 0x81, 0x00, 0x80, 0x80, 0x08, 0x00, 0x80, 0x80, 0x00, 0x80, 0x80, 0x00, 0x80, 0x80, 0x87, 0x00, 0x00, 0x08, 0xA0,
    0x00, 0x01, 0x90, 0x00, 0x00, 0x20, 0x81, 0x00, 0x0A, 0x20, 0x20, 0x00, 0x20, 0x00, 0x30, 0x20, 0x00, 0x00, 0x32, 0x20, 0x82, 0x00, 0x00, 0x80,
    0x81, 0x00, 0x80, 0x80, 0x00, 0x00, 0x81, 0x80, 0x81, 0x00, 0x01, 0x20, 0x20, 0x88, 0x00, 0x00, 0x80, 0xD6, 0x00, 0x07, 0x08, 0x00, 0x10, 0x28,
    0x08, 0x00, 0x01, 0x11, 0x85, 0x30, 0x04, 0x20, 0x10, 0x30, 0x20, 0x10, 0x80, 0x00, 0x02, 0x10, 0x30, 0x20, 0x8F, 0x00, 0x00, 0x40, 0xC1, 0x00,
    0x04, 0x01, 0x00, 0x01, 0x0C, 0x84, 0x80, 0x00, 0x1F, 0x08, 0x88, 0x88, 0x80, 0x88, 0x88, 0x80, 0x80, 0x08, 0x8A, 0x80, 0x08, 0x00, 0x80, 0x82,
    0x02, 0x0A, 0x0A, 0x4A, 0x02, 0x0A, 0x08, 0x42, 0x4A, 0x40, 0x0A, 0x02, 0x40, 0x40, 0x00, 0x02, 0x02, 0x8A, 0x00, 0x00, 0x01, 0xF2, 0x00, 0x0F,
    0x02, 0x04, 0x18, 0x08, 0x00, 0x00, 0x12, 0x12, 0x00, 0x12, 0x02, 0x40, 0x10, 0x00, 0x10, 0x10, 0xB0, 0x00, 0x01, 0x8F, 0x00, 0x00, 0xC0, 0x81,
    0x00, 0x0F, 0xC1, 0xC0, 0xC0, 0x20, 0xC1, 0xC1, 0x01, 0xE0, 0xC1, 0x01, 0x00, 0xE1, 0xC1, 0x00, 0x01, 0x01, 0x8A, 0x00, 0x00, 0x80, 0x84, 0x00,
    0x02, 0x01, 0x00, 0x01, 0x81, 0x00, 0x03, 0x02, 0x02, 0x00, 0x02, 0xCD, 0x00, 0x03, 0x80, 0x00, 0x00, 0x10, 0x81, 0x00, 0x00, 0x80, 0x80, 0x00,
    0x06, 0x04, 0x00, 0x02, 0x00, 0x00, 0x04, 0x04, 0x82, 0x06, 0x00, 0x00, 0x81, 0x06, 0x89, 0x00, 0x00, 0x90, 0x81, 0x00, 0x0A, 0x92, 0x90, 0x90,
    0x80, 0x90, 0x10, 0x00, 0x10, 0x10, 0x80, 0x80, 0xC1, 0x00, 0x01, 0x02, 0x02, 0x89, 0x00, 0x04, 0x01, 0x05, 0x00, 0x00, 0x10, 0x81, 0x04, 0x0C,
    0x14, 0x10, 0x10, 0x14, 0x14, 0x00, 0x14, 0x14, 0x00, 0x04, 0xB4, 0x10, 0x40, 0x85, 0x00, 0x0A, 0x83, 0x02, 0x00, 0x00, 0x81, 0x01, 0x01, 0x00,
    0x00, 0x01, 0x01, 0x81, 0x00, 0x01, 0x01, 0x01, 0xB8, 0x00, 0x00, 0x20, 0x81, 0x00, 0x09, 0x20, 0x00, 0x00, 0x20, 0x01, 0x00, 0x20, 0x00, 0x20,
    0x21, 0x81, 0x01, 0x0D, 0x00, 0x00, 0x01, 0x01, 0x00, 0x01, 0x01, 0x00, 0x00, 0x81, 0x41, 0x30, 0x20, 0x10, 0x82, 0xC0, 0x0C, 0x40, 0x40, 0xC0,
    0xC0, 0x00, 0xC0, 0xC0, 0x00, 0x40, 0x40, 0xC0, 0xC0, 0x04, 0x83, 0x00, 0x04, 0x04, 0x04, 0x00, 0x04, 0x04, 0xB3, 0x00, 0x01, 0x90, 0x00, 0x01,
    0x10, 0x20, 0x80, 0x00, 0x07, 0x10, 0x30, 0x00, 0x30, 0x20, 0x00, 0x01, 0x80, 0x97, 0x00, 0x04, 0x10, 0x00, 0x00, 0x04, 0x04, 0x83, 0x00, 0x03,
    0x08, 0x00, 0x00, 0x08, 0x81, 0x00, 0x00, 0x08, 0xD3, 0x00, 0x01, 0x08, 0x08, 0x96, 0x00, 0x10, 0x40, 0x04, 0x08, 0x00, 0x00, 0x44, 0x44, 0x48,
    0xC4, 0x48, 0x0C, 0x04, 0x08, 0x08, 0x00, 0x00, 0x80, 0xC1, 0x00, 0x04, 0x0C, 0x04, 0x40, 0x40, 0x00, 0x80, 0x08, 0x06, 0x00, 0x08, 0x08, 0x00,
    0x00, 0x08, 0x0A, 0x81, 0x00, 0x83, 0x02, 0x06, 0x0A, 0x00, 0x02, 0x02, 0x00, 0x0A, 0x02, 0x80, 0x00, 0x01, 0x0A, 0x02, 0xD0, 0x00, 0x00, 0x40,
    0x80, 0x00, 0x80, 0x40, 0x02, 0x00, 0x40, 0x10, 0x90, 0x00, 0x00, 0x80, 0x81, 0x00, 0x01, 0x83, 0x81, 0x80, 0x80, 0x1B, 0x02, 0x02, 0x82, 0x82,
    0x00, 0x82, 0x80, 0x02, 0x02, 0x00, 0x80, 0x80, 0x28, 0x00, 0x00, 0x02, 0x00, 0x20, 0x00, 0x00, 0x20, 0x00, 0x00, 0x20, 0x00, 0x20, 0x20, 0x80,
    0xAE, 0x00, 0x01, 0x90, 0x00, 0x04, 0xC0, 0x00, 0x00, 0x02, 0x00, 0x80, 0xC0, 0x09, 0x02, 0xC2, 0xC2, 0x00, 0x42, 0x02, 0x00, 0x00, 0xC0, 0x80,
    0x81, 0x00, 0x00, 0x80, 0x81, 0x00, 0x80, 0x80, 0x02, 0x00, 0x80, 0x80, 0x86, 0x00, 0x02, 0x01, 0x02, 0x01, 0x80, 0x00, 0x80, 0x02, 0xC8, 0x00,
    0x04, 0x01, 0x01, 0x00, 0x00, 0x20, 0x89, 0x00, 0x20, 0x80, 0x10, 0x04, 0x00, 0x02, 0x81, 0x91, 0x94, 0x94, 0x96, 0x96, 0x16, 0xA6, 0x16, 0x90,
    0x86, 0x12, 0x96, 0x96, 0xB0, 0x80, 0x00, 0x00, 0x10, 0x80, 0x80, 0x00, 0x00, 0x02, 0x00, 0x20, 0x20, 0x00, 0x82, 0x02, 0x80, 0x00, 0x01, 0x02,
    0x02, 0xC1, 0x00, 0x06, 0x01, 0x00, 0x03, 0x02, 0x00, 0x00, 0x80, 0x81, 0x00, 0x84, 0x80, 0x06, 0x00, 0x80, 0x80, 0x00, 0x00, 0x80, 0xA0, 0x80,
    0x00, 0x00, 0x80, 0x81, 0x20, 0x07, 0xA0, 0x80, 0x20, 0xA0, 0x00, 0x80, 0xA0, 0x80, 0x81, 0x00, 0x06, 0x04, 0x00, 0x00, 0x01, 0x00, 0x04, 0x04,
    0x80, 0x05, 0x03, 0x04, 0x00, 0x05, 0x05, 0x81, 0x00, 0x01, 0x05, 0x05, 0xB8, 0x00, 0x04, 0x80, 0x00, 0x00, 0x08, 0x08, 0x80, 0x80, 0x03, 0x00,
    0x00, 0x80, 0x80, 0x8E, 0x00, 0x03, 0x40, 0x00, 0x04, 0x00, 0x80, 0x40, 0x83, 0x44, 0x07, 0x08, 0x44, 0x40, 0x04, 0x44, 0x42, 0x44, 0x50, 0x80,
    0x00, 0x09, 0x14, 0x10, 0x04, 0x14, 0x00, 0x04, 0x04, 0x00, 0x10, 0x10, 0xB1, 0x00, 0x01, 0x91, 0x00, 0x11, 0x10, 0x20, 0x01, 0x00, 0x00, 0x10,
    0x31, 0x01, 0x31, 0x21, 0x00, 0x01, 0x00, 0x01, 0x01, 0x00, 0x01, 0x01, 0x82, 0x00, 0x01, 0x40, 0x40, 0xE0, 0x00, 0x00, 0x80, 0x81, 0x00, 0x82,
    0x80, 0x81, 0x00, 0x01, 0x80, 0x80, 0x82, 0x00, 0x01, 0x0C, 0x08, 0x80, 0x00, 0x84, 0x04, 0x80, 0x00, 0x01, 0x04, 0x04, 0x86, 0x00, 0x0D, 0x10,
    0x08, 0x80, 0x00, 0x00, 0x10, 0x18, 0x90, 0x08, 0x18, 0x90, 0x88, 0x18, 0x10, 0xC3, 0x00, 0x01, 0x04, 0x04, 0x89, 0x00, 0x04, 0x01, 0x05, 0x00,
    0x08, 0x00, 0x80, 0x04, 0x0E, 0x0C, 0x0C, 0x48, 0x08, 0x04, 0x0C, 0x40, 0x4C, 0x4C, 0x00, 0x04, 0x44, 0x40, 0x48, 0x48, 0x86, 0x00, 0x01, 0x02,
    0x02, 0x8B, 0x00, 0x00, 0x01, 0xB8, 0x00, 0x00, 0x30, 0x81, 0x00, 0x09, 0x30, 0x30, 0x10, 0x30, 0x10, 0x30, 0x30, 0x00, 0x30, 0x30, 0x8B, 0x00,
    0x04, 0x80, 0x20, 0x20, 0x00, 0x00, 0x82, 0x80, 0x0E, 0x00, 0x00, 0x84, 0x80, 0x00, 0x80, 0x80, 0x00, 0x04, 0x08, 0x88, 0x80, 0x00, 0x00, 0x80,
    0x81, 0x00, 0x80, 0x80, 0x02, 0x00, 0x80, 0xC0, 0x81, 0x00, 0x01, 0x80, 0x80, 0xAA, 0x00, 0x01, 0x91, 0x00, 0x01, 0x40, 0x0C, 0x80, 0x00, 0x0C,
    0x44, 0x4C, 0x44, 0x04, 0x4C, 0x48, 0x00, 0x04, 0x0C, 0x08, 0x00, 0x00, 0x02, 0x90, 0x00, 0x00, 0x08, 0x81, 0x00, 0x02, 0x11, 0x02, 0x01, 0x80,
    0x00, 0x80, 0x02, 0x80, 0x00, 0x00, 0x02, 0xCD, 0x00, 0x00, 0x80, 0x85, 0x00, 0x0E, 0x10, 0x00, 0x00, 0x02, 0x01, 0x11, 0x10, 0x10, 0x12, 0x12,
    0x02, 0x02, 0x12, 0x10, 0x02, 0x80, 0x12, 0x00, 0x10, 0x85, 0x00, 0x00, 0x04, 0x80, 0x00, 0x06, 0x04, 0x04, 0x00, 0x44, 0x00, 0x04, 0x06, 0xC3,
    0x00, 0x04, 0x01, 0x00, 0x07, 0x0E, 0x10, 0x80, 0x00, 0x80, 0x18, 0x0A, 0x10, 0x18, 0x08, 0x10, 0x10, 0x08, 0x0A, 0x10, 0x10, 0x00, 0x00, 0x82,
    0x02, 0x0F, 0x06, 0x82, 0x00, 0x02, 0x02, 0x00, 0x82, 0x82, 0x00, 0x80, 0x00, 0x82, 0x82, 0xC0, 0xA0, 0x60, 0xCF, 0x00, 0x00, 0x40, 0x80, 0x00,
    0x05, 0x40, 0x44, 0x40, 0x04, 0x40, 0x40, 0x81, 0x00, 0x82, 0x01, 0x0E, 0x00, 0x00, 0x01, 0x01, 0x00, 0x01, 0x01, 0x00, 0x00, 0x01, 0x01, 0x40,
    0x00, 0x03, 0x01, 0x80, 0x40, 0x81, 0x42, 0x10, 0x40, 0x42, 0x00, 0x42, 0x42, 0x02, 0x40, 0x50, 0x40, 0x40, 0x00, 0x12, 0x02, 0x02, 0x10, 0x02,
    0x02, 0x80, 0x00, 0x00, 0x10, 0xB2, 0x00, 0x01, 0x86, 0x00, 0x00, 0x10, 0x88, 0x00, 0x00, 0x03, 0x80, 0x00, 0x00, 0x01, 0x80, 0x03, 0x08, 0x00,
    0x03, 0x22, 0x01, 0x01, 0x00, 0x01, 0x83, 0x02, 0x85, 0x00, 0x00, 0x10, 0x80, 0x00, 0x84, 0x10, 0x09, 0x00, 0x00, 0x10, 0x00, 0x10, 0x14, 0x00,
    0x10, 0x10, 0x80, 0xDE, 0x00, 0x12, 0x20, 0x00, 0x0C, 0x08, 0x02, 0x20, 0x20, 0x24, 0x24, 0x26, 0x06, 0x06, 0x26, 0x26, 0x00, 0x22, 0x22, 0x26,
    0x26, 0x80, 0x00, 0x05, 0x20, 0x20, 0x00, 0x00, 0x10, 0x08, 0x80, 0x00, 0x08, 0x10, 0x18, 0x10, 0x08, 0x18, 0x10, 0x08, 0x18, 0x90, 0xC2, 0x00,
    0x01, 0x02, 0x02, 0x81, 0x00, 0x01, 0x40, 0x40, 0x80, 0x00, 0x00, 0x08, 0x80, 0x00, 0x00, 0x08, 0x81, 0x00, 0x00, 0x10, 0x81, 0x00, 0x82, 0x10,
    0x06, 0x00, 0x10, 0x10, 0x00, 0x00, 0x10, 0x10, 0x81, 0x00, 0x00, 0x80, 0x81, 0x00, 0x0D, 0x80, 0x80, 0x00, 0x81, 0x00, 0x80, 0x80, 0x81, 0x81,
    0x01, 0x00, 0x00, 0x01, 0x01, 0xD0, 0x00, 0x00, 0x10, 0x87, 0x00, 0x04, 0x80, 0x20, 0x20, 0x00, 0x00, 0x82, 0x80, 0x00, 0x02, 0x80, 0x80, 0x0E,
    0x00, 0x80, 0x80, 0x08, 0x08, 0x00, 0x80, 0x84, 0x00, 0x00, 0x04, 0x04, 0x00, 0x04, 0x04, 0x81, 0x00, 0x00, 0x20, 0xB0, 0x00, 0x01, 0x91, 0x00,
    0x0C, 0x80, 0x10, 0x20, 0x00, 0x00, 0x80, 0x90, 0xB0, 0x00, 0xB0, 0xA0, 0x24, 0x60, 0x86, 0x00, 0x04, 0x81, 0x00, 0x01, 0x02, 0x00, 0x80, 0x80,
    0x02, 0x02, 0x82, 0x82, 0x83, 0x02, 0x06, 0x00, 0x02, 0x02, 0x00, 0x01, 0x00, 0x01, 0xCA, 0x00, 0x00, 0x02, 0x81, 0x00, 0x82, 0x02, 0x04, 0x00,
    0x02, 0x02, 0x00, 0x02, 0x80, 0x00, 0x01, 0x02, 0x02, 0x81, 0x00, 0x03, 0x08, 0x08, 0x01, 0x01, 0x81, 0x00, 0x00, 0x04, 0x88, 0x00, 0x00, 0x20,
    0x86, 0x00, 0x00, 0x04, 0x84, 0x00, 0x00, 0x04, 0xBE, 0x00, 0x03, 0x01, 0x00, 0x05, 0x04, 0x88, 0x00, 0x00, 0x10, 0x80, 0x00, 0x00, 0x10, 0x82,
    0x00, 0x05, 0x20, 0x00, 0x40, 0x00, 0x00, 0x20, 0x80, 0x60, 0x07, 0x20, 0x00, 0x60, 0x60, 0x00, 0x40, 0x20, 0x20, 0x81, 0x00, 0x00, 0x08, 0x81,
    0x00, 0x81, 0x08, 0x04, 0x00, 0x08, 0x00, 0x08, 0x08, 0x81, 0x00, 0x01, 0x08, 0x08, 0xB2, 0x00, 0x00, 0x10, 0x84, 0x00, 0x00, 0xF0, 0x80, 0x00,
    0x0F, 0x40, 0xF0, 0xF0, 0x90, 0x70, 0x50, 0xB0, 0xB0, 0x00, 0x30, 0x30, 0x40, 0x00, 0x00, 0x10, 0x10, 0x86, 0x00, 0x05, 0x14, 0x4B, 0x11, 0x00,
    0x00, 0x44, 0x80, 0x4E, 0x08, 0x4C, 0x4A, 0x46, 0x4C, 0x4A, 0x06, 0x4E, 0x4E, 0x00, 0x81, 0x40, 0x04, 0x0C, 0x08, 0x00, 0x00, 0x40, 0xB7, 0x00,
    0x01, 0x91, 0x00, 0x0F, 0x01, 0x40, 0x00, 0x00, 0x01, 0x01, 0x41, 0x41, 0x40, 0x01, 0x40, 0x41, 0x41, 0x40, 0x01, 0x01, 0x87, 0x00, 0x00, 0x04,
    0x80, 0x00, 0x84, 0x04, 0x12, 0x00, 0x00, 0x04, 0x0C, 0x00, 0x04, 0x00, 0x02, 0x08, 0x08, 0x0C, 0x0C, 0x02, 0x02, 0x08, 0x00, 0x08, 0x02, 0x02,
    0xBD, 0x00, 0x15, 0x18, 0x24, 0x00, 0x80, 0x10, 0x1C, 0x3C, 0x3C, 0xBC, 0xAC, 0x8C, 0xBC, 0x90, 0x2C, 0xBC, 0x98, 0x18, 0x90, 0xA0, 0x20, 0x0C,
    0x8C, 0x80, 0x00, 0x19, 0x10, 0x80, 0x84, 0x80, 0x82, 0x90, 0x90, 0x14, 0x94, 0x16, 0x82, 0x82, 0x16, 0x96, 0x80, 0x92, 0x90, 0x16, 0x16, 0x00,
    0x80, 0x80, 0x00, 0x00, 0x02, 0x0C, 0x80, 0x00, 0x0B, 0x86, 0x0E, 0x06, 0x0A, 0x0A, 0x84, 0x0E, 0x0A, 0x82, 0x02, 0x84, 0x04, 0xBF, 0x00, 0x02,
    0x02, 0x02, 0x08, 0x81, 0x00, 0x80, 0x08, 0x8E, 0x00, 0x00, 0x80, 0x81, 0x00, 0x04, 0x80, 0x80, 0x00, 0x80, 0x00, 0x80, 0x80, 0x00, 0x84, 0x8D,
    0x00, 0x04, 0x01, 0x00, 0x00, 0x04, 0x01, 0x80, 0x00, 0x00, 0x04, 0xBC, 0x00, 0x01, 0x08, 0x08, 0x82, 0x00, 0x00, 0x80, 0x90, 0x00, 0x00, 0x80,
    0x81, 0x00, 0x86, 0x80, 0x0C, 0x00, 0x88, 0x80, 0x00, 0x00, 0x04, 0x80, 0x80, 0x04, 0x04, 0x00, 0x04, 0x04, 0x85, 0x00, 0x00, 0x40, 0xAD, 0x00,
    0x01, 0x91, 0x00, 0x04, 0x02, 0x00, 0x00, 0x20, 0x00, 0x80, 0x02, 0x08, 0x21, 0x02, 0x22, 0x20, 0xA0, 0x20, 0x00, 0x02, 0x02, 0x86, 0x00, 0x00,
    0x08, 0x81, 0x00, 0x83, 0x08, 0x03, 0x00, 0x08, 0x00, 0x08, 0x80, 0x00, 0x04, 0x01, 0x00, 0x01, 0x00, 0x08, 0xCA, 0x00, 0x01, 0x01, 0x01, 0x8A,
    0x00, 0x00, 0x40, 0x83, 0x00, 0x15, 0x04, 0x00, 0x01, 0x01, 0x00, 0x44, 0x04, 0x04, 0x00, 0x00, 0x04, 0x04, 0x00, 0x10, 0x00, 0x04, 0x04, 0x00,
    0x40, 0x00, 0x00, 0x10, 0x81, 0x00, 0x80, 0x10, 0x05, 0x00, 0x10, 0x10, 0x00, 0x10, 0x10, 0xC0, 0x00, 0x03, 0x01, 0x00, 0x05, 0x04, 0x94, 0x00,
    0x0A, 0x40, 0x80, 0x00, 0x00, 0x40, 0x40, 0xC0, 0x80, 0x00, 0xC0, 0x50, 0x81, 0x80, 0x04, 0x00, 0x40, 0x30, 0x60, 0x10, 0x82, 0x00, 0x00, 0x80,
    0x80, 0x00, 0x00, 0x08, 0x81, 0x00, 0x00, 0x08, 0x81, 0x00, 0x00, 0x08, 0xBB, 0x00, 0x00, 0x70, 0x80, 0x00, 0x0F, 0x40, 0x70, 0x70, 0x10, 0x50,
    0x50, 0x30, 0x30, 0x00, 0x30, 0x70, 0x40, 0x00, 0x00, 0x10, 0x10, 0x85, 0x00, 0x0B, 0x03, 0x01, 0x60, 0x20, 0x00, 0x02, 0x42, 0x42, 0x40, 0x42,
    0x42, 0x40, 0x80, 0x42, 0x0C, 0x02, 0x42, 0x50, 0x00, 0x60, 0x40, 0x52, 0x02, 0x12, 0x30, 0x02, 0x62, 0x20, 0xB6, 0x00, 0x01, 0x90, 0x00, 0x00,
    0x01, 0x80, 0x00, 0x82, 0x01, 0x06, 0x00, 0x00, 0x01, 0x01, 0x00, 0x01, 0x01, 0x85, 0x00, 0x20, 0x80, 0x00, 0x10, 0x00, 0x00, 0x80, 0x90, 0x90,
    0x10, 0x90, 0x90, 0x10, 0x10, 0x00, 0x10, 0x80, 0x00, 0x10, 0x10, 0x00, 0x90, 0x90, 0x80, 0x80, 0x00, 0x80, 0x00, 0x80, 0x80, 0x08, 0x00, 0x80,
    0x80, 0xD9, 0x00, 0x02, 0x08, 0x08, 0x02, 0x80, 0x00, 0x00, 0x20, 0x82, 0x02, 0x04, 0x20, 0x00, 0x00, 0x02, 0x02, 0x81, 0x00, 0x0F, 0x0C, 0x00,
    0x20, 0x20, 0x04, 0x0C, 0x04, 0x08, 0x08, 0x04, 0x0C, 0x08, 0x00, 0x00, 0x04, 0x04, 0xBF, 0x00, 0x01, 0x02, 0x02, 0x93, 0x00, 0x00, 0x20, 0x81,
    0x00, 0x82, 0x20, 0x06, 0x00, 0x20, 0x20, 0x00, 0x00, 0x20, 0x20, 0x80, 0x00, 0x00, 0x80, 0x81, 0x00, 0x04, 0x80, 0xC0, 0xA0, 0x40, 0x00, 0x81,
    0x80, 0xC3, 0x00, 0x00, 0x80, 0x81, 0x00, 0x80, 0x80, 0x03, 0x00, 0x80, 0x00, 0x80, 0x8D, 0x00, 0x02, 0x01, 0x00, 0x80, 0x81, 0x00, 0x82, 0x80,
    0x00, 0x82, 0x80, 0x80, 0x02, 0x01, 0x81, 0x80, 0x80, 0x00, 0x01, 0x88, 0x80, 0xBA, 0x00, 0x01, 0x93, 0x00, 0x00, 0x10, 0x81, 0x00, 0x05, 0x10,
    0x10, 0x00, 0x14, 0x00, 0x04, 0x85, 0x00, 0x04, 0x01, 0x00, 0x01, 0x02, 0x0C, 0x80, 0x00, 0x00, 0x06, 0x83, 0x0E, 0x0C, 0x42, 0x0A, 0x44, 0x0E,
    0x0A, 0x04, 0x04, 0x00, 0x02, 0x00, 0x04, 0x04, 0x08, 0xC5, 0x00, 0x00, 0x10, 0x80, 0x00, 0x00, 0x10, 0x81, 0x1C, 0x0C, 0x0C, 0x0C, 0x1C, 0x10,
    0x0C, 0x1C, 0x18, 0x1A, 0x10, 0x00, 0x00, 0x0C, 0x0E, 0x83, 0x00, 0x0B, 0x04, 0x00, 0x03, 0x01, 0x00, 0x04, 0x04, 0x06, 0x02, 0x02, 0x06, 0x06,
    0x80, 0x00, 0x01, 0x06, 0x86, 0x8B, 0x00, 0x00, 0x80, 0xC5, 0x00, 0x00, 0x08, 0x81, 0x00, 0x80, 0x08, 0x84, 0x00, 0x00, 0x80, 0x80, 0x00, 0x04,
    0x10, 0x80, 0x00, 0x00, 0x40, 0x80, 0x10, 0x0A, 0x50, 0x58, 0xC0, 0x90, 0x10, 0xC0, 0x50, 0x88, 0x90, 0x80, 0x80, 0x80, 0x00, 0x02, 0x40, 0x20,
    0x60, 0xD0, 0x00, 0x13, 0x70, 0x00, 0x08, 0x08, 0x40, 0x72, 0x75, 0x32, 0x50, 0x50, 0x30, 0x30, 0x00, 0x30, 0x70, 0x40, 0x00, 0x00, 0x10, 0x10,
    0x83, 0x00, 0x00, 0x04, 0x80, 0x00, 0x00, 0x40, 0x80, 0x04, 0x05, 0x44, 0x44, 0x40, 0x44, 0x44, 0x40, 0x80, 0x44, 0x0C, 0x08, 0x40, 0x40, 0x04,
    0x44, 0x40, 0x04, 0x04, 0x00, 0x04, 0x04, 0x00, 0x40, 0x87, 0x00, 0x00, 0x80, 0xAA, 0x00, 0x01, 0x8F, 0x00, 0x05, 0x01, 0x02, 0x00, 0x00, 0x01,
    0x01, 0x80, 0x03, 0x08, 0x00, 0x02, 0x03, 0x01, 0x02, 0x01, 0x01, 0x02, 0x02, 0x91, 0x00, 0x03, 0x80, 0x20, 0x30, 0x10, 0x82, 0x00, 0x05, 0x03,
    0x00, 0x01, 0x10, 0x00, 0x02, 0x81, 0x00, 0x01, 0x02, 0x02, 0xBE, 0x00, 0x13, 0xC0, 0x00, 0x02, 0x00, 0x40, 0xC0, 0xC0, 0xC2, 0xC2, 0x82, 0x42,
    0xC2, 0x80, 0x42, 0xC2, 0x82, 0x02, 0x00, 0x40, 0xC0, 0x81, 0x00, 0x12, 0x90, 0x80, 0x80, 0x88, 0x88, 0x90, 0x10, 0x90, 0x10, 0x90, 0x80, 0x00,
    0x90, 0x90, 0x80, 0x80, 0x00, 0x10, 0x10, 0x80, 0x00, 0x00, 0x06, 0x80, 0x00, 0x06, 0x04, 0x06, 0x06, 0x02, 0x02, 0x06, 0x04, 0x80, 0x02, 0x01,
    0x06, 0x04, 0xBE, 0x00, 0x03, 0x01, 0x02, 0x07, 0x04, 0x8F, 0x00, 0x00, 0x08, 0x81, 0x00, 0x82, 0x08, 0x10, 0x00, 0x00, 0x08, 0x08, 0x00, 0x08,
    0x18, 0x00, 0x08, 0x08, 0x00, 0x10, 0x00, 0x00, 0x10, 0x00, 0x10, 0x8B, 0x00, 0x00, 0x01, 0xC1, 0x00, 0x00, 0x20, 0x81, 0x00, 0x80, 0x20, 0x06,
    0x00, 0x00, 0x20, 0x60, 0x00, 0x20, 0x20, 0x86, 0x00, 0x0B, 0x01, 0x02, 0x00, 0x10, 0x00, 0x30, 0x22, 0x02, 0x02, 0x00, 0x02, 0x02, 0x80, 0x00,
    0x80, 0x02, 0x81, 0x00, 0x80, 0x02, 0x04, 0x00, 0x02, 0x02, 0x00, 0x00, 0x80, 0x80, 0x02, 0x00, 0x80, 0x80, 0xB0, 0x00, 0x01, 0x92, 0x00, 0x01,
    0x80, 0x08, 0x80, 0x00, 0x0B, 0x80, 0x88, 0x80, 0x08, 0x88, 0x88, 0x80, 0x80, 0x08, 0x08, 0x00, 0x01, 0x82, 0x00, 0x19, 0x02, 0xFC, 0x60, 0x00,
    0x00, 0x16, 0x9E, 0x1E, 0x9E, 0x1E, 0x9E, 0x9E, 0x02, 0x9A, 0x94, 0x0E, 0x0A, 0x14, 0x04, 0x10, 0x12, 0x02, 0x04, 0x0C, 0x10, 0x10, 0xC6, 0x00,
    0x00, 0x20, 0x80, 0x00, 0x00, 0x10, 0x81, 0x38, 0x0E, 0x08, 0x28, 0x18, 0x30, 0x28, 0x18, 0x1C, 0x18, 0x30, 0x20, 0x00, 0x0C, 0x08, 0x00, 0x20,
    0x81, 0x00, 0x12, 0x24, 0x20, 0x23, 0x21, 0x00, 0x24, 0x14, 0x26, 0x22, 0x42, 0x06, 0x06, 0x20, 0x20, 0x02, 0x06, 0x06, 0x00, 0x18, 0x81, 0x00,
    0x08, 0x18, 0x10, 0x18, 0x08, 0x10, 0x18, 0x08, 0x10, 0x10, 0xC6, 0x00, 0x00, 0x10, 0x80, 0x00, 0x83, 0x10, 0x86, 0x00, 0x10, 0x20, 0x40, 0x80,
    0x00, 0x00, 0x60, 0x60, 0xE0, 0xA0, 0x20, 0xC0, 0x60, 0xA0, 0x80, 0x80, 0xA0, 0x20, 0x82, 0x00, 0x01, 0x20, 0x20, 0x86, 0x00, 0x00, 0x04, 0xC6,
    0x00, 0x05, 0x10, 0x00, 0x04, 0x00, 0x04, 0x11, 0x81, 0x10, 0x0B, 0x11, 0x11, 0x01, 0x11, 0x11, 0x00, 0x00, 0x01, 0x11, 0x10, 0x01, 0x01, 0x80,
    0x00, 0x00, 0x01, 0x80, 0x00, 0x00, 0x80, 0x81, 0x00, 0x82, 0x80, 0x06, 0x84, 0x84, 0x80, 0x80, 0x00, 0x84, 0x84, 0x80, 0x04, 0x02, 0x00, 0x04,
    0x04, 0x82, 0x00, 0x00, 0x40, 0xB2, 0x00, 0x01, 0x8E, 0x00, 0x00, 0x01, 0x80, 0x00, 0x01, 0x01, 0x41, 0x80, 0x01, 0x10, 0x00, 0x40, 0x41, 0x41,
    0x00, 0x41, 0x41, 0x50, 0x40, 0x00, 0x01, 0x11, 0x00, 0x00, 0x01, 0x00, 0x01, 0x91, 0x00, 0x04, 0x04, 0x04, 0x00, 0x00, 0x08, 0xC8, 0x00, 0x00,
    0x04, 0x80, 0x00, 0x84, 0x04, 0x00, 0x00, 0x81, 0x04, 0x81, 0x00, 0x00, 0x08, 0x94, 0x00, 0x00, 0x04, 0x80, 0x00, 0x0B, 0x04, 0x44, 0x04, 0x08,
    0x00, 0x04, 0x44, 0x00, 0x00, 0x40, 0x44, 0x04, 0xBE, 0x00, 0x02, 0x01, 0x02, 0x03, 0x85, 0x00, 0x01, 0x40, 0x40, 0x8B, 0x00, 0x00, 0x80, 0x81,
    0x00, 0x04, 0x80, 0x80, 0x40, 0x80, 0x00, 0x81, 0x80, 0x02, 0x00, 0x00, 0x40, 0x80, 0x00, 0x02, 0x40, 0x00, 0x40, 0x87, 0x00, 0x00, 0x80, 0x81,
    0x00, 0x00, 0x80, 0xC0, 0x00, 0x0F, 0x40, 0x20, 0x08, 0x08, 0x40, 0x40, 0x60, 0x20, 0x60, 0xC0, 0x00, 0x60, 0x60, 0x00, 0x60, 0x60, 0x81, 0x00,
    0x04, 0x01, 0x00, 0x00, 0x01, 0x02, 0x81, 0x00, 0x80, 0x02, 0x02, 0x00, 0x02, 0x02, 0x80, 0x00, 0x01, 0x02, 0x02, 0x8C, 0x00, 0x00, 0x02, 0xB4,
    0x00, 0x01, 0x8F, 0x00, 0x00, 0x02, 0x81, 0x00, 0x80, 0x02, 0x0B, 0x00, 0x02, 0x02, 0x00, 0x02, 0x02, 0x00, 0x02, 0x02, 0x00, 0x00, 0x04, 0x81,
    0x00, 0x01, 0x02, 0x0C, 0x80, 0x00, 0x00, 0x06, 0x82, 0x0E, 0x0D, 0x8E, 0x02, 0x0A, 0x04, 0x4E, 0x2A, 0x64, 0x0C, 0x00, 0x02, 0x02, 0x00, 0x04,
    0x08, 0xCE, 0x00, 0x84, 0x08, 0x00, 0x00, 0x81, 0x08, 0x02, 0x00, 0x00, 0x40, 0x81, 0x00, 0x80, 0x40, 0x0C, 0x48, 0x4C, 0x40, 0x01, 0x41, 0x00,
    0x44, 0x44, 0x04, 0x00, 0x00, 0x44, 0x44, 0x80, 0x00, 0x01, 0x04, 0x0A, 0x81, 0x00, 0x06, 0x0A, 0x0A, 0x06, 0x0A, 0x02, 0x08, 0x0A, 0x80, 0x02,
    0xC1, 0x00, 0x01, 0x04, 0x04, 0x8E, 0x00, 0x05, 0x02, 0x00, 0x00, 0x80, 0x20, 0x42, 0x80, 0x02, 0x80, 0x62, 0x0A, 0x60, 0x62, 0x42, 0x60, 0x22,
    0x02, 0x00, 0x20, 0x20, 0x42, 0x42, 0x81, 0x00, 0x02, 0x10, 0x00, 0x18, 0x81, 0x00, 0x80, 0x08, 0x03, 0x00, 0x08, 0x08, 0x00, 0x80, 0x08, 0xC0,
    0x00, 0x0A, 0x80, 0x00, 0x10, 0x00, 0x00, 0x80, 0x80, 0x90, 0x10, 0xD0, 0x90, 0x80, 0x10, 0x02, 0x00, 0x10, 0x10, 0x80, 0x00, 0x01, 0x10, 0x10,
    0x80, 0x00, 0x00, 0x04, 0x81, 0x00, 0x82, 0x04, 0x02, 0x00, 0x04, 0x04, 0x82, 0x00, 0x00, 0x10, 0x80, 0x00, 0x04, 0x10, 0x00, 0x10, 0x10, 0x00,
    0x80, 0x40, 0x05, 0x00, 0x40, 0x00, 0x40, 0x00, 0x80, 0xB0, 0x00, 0x01, 0x91, 0x00, 0x0B, 0x04, 0x00, 0x40, 0x00, 0x04, 0x04, 0x06, 0x44, 0x44,
    0x40, 0x04, 0x44, 0x80, 0x40, 0x02, 0x00, 0x04, 0x04, 0x81, 0x00, 0x04, 0x04, 0x10, 0x00, 0x80, 0x04, 0x81, 0x14, 0x08, 0x94, 0x96, 0x90, 0x00,
    0x94, 0x14, 0x80, 0x94, 0x14, 0x80, 0x10, 0x04, 0x04, 0x00, 0x00, 0x10, 0x10, 0x80, 0x00, 0x02, 0x02, 0x05, 0x02, 0xC0, 0x00, 0x0F, 0x80, 0x00,
    0x10, 0x04, 0x02, 0x80, 0x91, 0x95, 0x94, 0x96, 0x16, 0x86, 0x86, 0x16, 0x90, 0x86, 0x80, 0x16, 0x00, 0x10, 0x83, 0x00, 0x00, 0x10, 0x81, 0x00,
    0x10, 0x90, 0x52, 0x10, 0x10, 0x00, 0x10, 0x02, 0x92, 0x12, 0x02, 0x02, 0x00, 0x12, 0x12, 0x02, 0x01, 0x01, 0x80, 0x00, 0x00, 0x40, 0x81, 0x00,
    0x04, 0x40, 0x00, 0x00, 0x40, 0x40, 0x87, 0x00, 0x00, 0x80, 0xB8, 0x00, 0x00, 0x08, 0x81, 0x00, 0x02, 0x28, 0x28, 0x88, 0x81, 0x00, 0x80, 0x80,
    0x08, 0x00, 0x00, 0x81, 0x85, 0x90, 0x80, 0x00, 0x84, 0x04, 0x80, 0x14, 0x1C, 0x94, 0x94, 0x04, 0x94, 0x10, 0x84, 0x94, 0x90, 0x84, 0x04, 0x00,
    0x00, 0x10, 0x14, 0x04, 0x00, 0x00, 0xC0, 0x20, 0x60, 0x00, 0x00, 0x80, 0x00, 0x80, 0x00, 0x00, 0x80, 0x80, 0x82, 0x00, 0x01, 0x80, 0x80, 0xC0,
    0x00, 0x0F, 0x40, 0x20, 0x08, 0x08, 0x40, 0x40, 0x60, 0x60, 0x20, 0x40, 0x20, 0x60, 0x60, 0x00, 0x60, 0x60, 0x81, 0x00, 0x02, 0x20, 0x01, 0x03,
    0x81, 0x00, 0x80, 0x02, 0x02, 0x00, 0x02, 0x02, 0x80, 0x00, 0x04, 0x02, 0x02, 0x00, 0x08, 0x08, 0x83, 0x00, 0x00, 0x80, 0x81, 0x00, 0x80, 0x80,
    0x03, 0x00, 0x80, 0x00, 0x80, 0xB0, 0x00, 0x01, 0x8D, 0x00, 0x00, 0x01, 0x80, 0x00, 0x82, 0x01, 0x06, 0x00, 0x00, 0x01, 0x01, 0x00, 0x01, 0x01,
    0x80, 0x00, 0x07, 0x01, 0x01, 0x00, 0x00, 0x01, 0x00, 0x03, 0x08, 0x80, 0x00, 0x00, 0x02, 0x81, 0x0A, 0x0C, 0x08, 0x08, 0x02, 0x0A, 0x00, 0x0A,
    0x0A, 0x40, 0x88, 0x48, 0x02, 0x02, 0x00, 0x81, 0x80, 0x08, 0x00, 0x80, 0x00, 0x80, 0x80, 0x00, 0x00, 0x80, 0x80, 0xC0, 0x00, 0x00, 0x08, 0x81,
    0x00, 0x84, 0x08, 0x00, 0x00, 0x81, 0x08, 0x01, 0x00, 0x80, 0x81, 0x00, 0x82, 0x80, 0x05, 0x00, 0x80, 0x80, 0x00, 0x80, 0x80, 0x80, 0x00, 0x01,
    0x80, 0x80, 0x80, 0x00, 0x05, 0x04, 0x10, 0x00, 0x00, 0x04, 0x04, 0x80, 0x14, 0x06, 0x04, 0x14, 0x10, 0x00, 0x10, 0x14, 0x04, 0xBE, 0x00, 0x02,
    0x01, 0x00, 0x01, 0x94, 0x00, 0x00, 0x40, 0x80, 0x00, 0x84, 0x40, 0x82, 0x00, 0x01, 0x40, 0x40, 0x83, 0x00, 0x02, 0x10, 0x00, 0x10, 0x88, 0x00,
    0x00, 0x04, 0xC4, 0x00, 0x06, 0x10, 0x00, 0x01, 0x00, 0x00, 0x10, 0x10, 0x82, 0x11, 0x07, 0x00, 0x10, 0x11, 0x01, 0x00, 0x00, 0x10, 0x11, 0x80,
    0x01, 0x8C, 0x00, 0x00, 0x02, 0x81, 0x00, 0x80, 0x02, 0x02, 0x00, 0x02, 0x02, 0x80, 0x00, 0x01, 0x02, 0x02, 0xB4, 0x00, 0x01, 0x9F, 0x00, 0x00,
    0x08, 0x83, 0x00, 0x00, 0x04, 0x80, 0x00, 0x84, 0x04, 0x16, 0x00, 0x00, 0x04, 0x04, 0x00, 0x04, 0x04, 0x20, 0x20, 0x08, 0x04, 0x04, 0x00, 0x00,
    0x08, 0x00, 0x00, 0x08, 0x08, 0x00, 0x00, 0x08, 0x08, 0xC1, 0x00, 0x18, 0x20, 0x10, 0x04, 0x02, 0x00, 0x30, 0x34, 0x34, 0x36, 0x16, 0x26, 0x06,
    0x36, 0x30, 0x06, 0x16, 0x16, 0x36, 0x30, 0x00, 0x40, 0x00, 0x00, 0x20, 0x00, 0x80, 0x40, 0x0F, 0x60, 0x60, 0x20, 0x63, 0x41, 0x20, 0x40, 0x60,
    0x22, 0x02, 0x02, 0x42, 0x62, 0x20, 0x02, 0x0A, 0x81, 0x00, 0x06, 0x0A, 0x0A, 0x02, 0x0A, 0x02, 0x08, 0x0A, 0x80, 0x02, 0x00, 0x08, 0xBF, 0x00,
    0x01, 0x02, 0x02, 0x85, 0x00, 0x01, 0xC0, 0x40, 0x80, 0x00, 0x80, 0x80, 0x1C, 0x00, 0x00, 0x80, 0x80, 0x83, 0x81, 0x60, 0x80, 0x00, 0x02, 0x42,
    0x62, 0xE2, 0xE2, 0x62, 0xFA, 0x40, 0xA2, 0xE2, 0x80, 0xA2, 0x22, 0x60, 0x40, 0x00, 0x02, 0x02, 0x00, 0x08, 0x80, 0x00, 0x01, 0x20, 0x20, 0x85,
    0x00, 0x00, 0x01, 0xC8, 0x00, 0x00, 0x20, 0x81, 0x00, 0x82, 0x20, 0x0A, 0x21, 0x20, 0x80, 0x20, 0x20, 0x01, 0x00, 0x00, 0x20, 0x20, 0x01, 0x94,
    0x00, 0x00, 0x80, 0x81, 0x00, 0x06, 0x80, 0x80, 0xC0, 0x00, 0x80, 0x00, 0x80, 0xB1, 0x00, 0x01, 0x8C, 0x00, 0x00, 0x01, 0x80, 0x00, 0x80, 0x01,
    0x17, 0x09, 0x01, 0x00, 0x00, 0x01, 0x09, 0x08, 0x09, 0x09, 0x88, 0x00, 0x08, 0x01, 0x09, 0x00, 0x00, 0x01, 0x00, 0x03, 0x08, 0x10, 0x00, 0x00,
    0x02, 0x81, 0x1A, 0x0B, 0x18, 0x18, 0x12, 0x0A, 0x10, 0x1A, 0x0A, 0x10, 0x18, 0x08, 0x02, 0x02, 0x80, 0x00, 0x01, 0x10, 0x10, 0xCB, 0x00, 0x00,
    0x08, 0x81, 0x00, 0x84, 0x08, 0x00, 0x00, 0x81, 0x08, 0x01, 0x00, 0x80, 0x81, 0x00, 0x80, 0x80, 0x0C, 0x88, 0x8C, 0x00, 0x80, 0xA0, 0x00, 0x84,
    0x84, 0x04, 0x00, 0x00, 0x84, 0x84, 0x87, 0x00, 0x00, 0x80, 0x81, 0x00, 0x05, 0x02, 0x80, 0x00, 0x80, 0x00, 0x82, 0xCD, 0x00, 0x00, 0x80, 0x83,
    0x00, 0x00, 0x80, 0x81, 0x00, 0x04, 0x80, 0x80, 0x00, 0x80, 0x00, 0x81, 0x80, 0x88, 0x00, 0x10, 0x40, 0x10, 0x48, 0x10, 0x02, 0x03, 0x00, 0x08,
    0x88, 0x09, 0x00, 0x09, 0x09, 0x80, 0x00, 0x09, 0x09, 0xC2, 0x00, 0x0F, 0x40, 0x14, 0x08, 0x0C, 0x40, 0x40, 0x50, 0x50, 0x10, 0x50, 0x10, 0x50,
    0x50, 0x00, 0x50, 0x50, 0x80, 0x00, 0x02, 0x10, 0x12, 0x04, 0x80, 0x00, 0x0C, 0x02, 0x06, 0x06, 0x04, 0x06, 0x06, 0x00, 0x04, 0x04, 0x02, 0x02,
    0x00, 0x04, 0x83, 0x00, 0x00, 0x40, 0x80, 0x00, 0x80, 0x40, 0x03, 0x00, 0x40, 0x00, 0xC0, 0xB3, 0x00, 0x01, 0x8E, 0x00, 0x00, 0x02, 0x81, 0x00,
    0x81, 0x02, 0x07, 0x00, 0x02, 0x00, 0x02, 0x12, 0x00, 0x02, 0x02, 0x82, 0x00, 0x01, 0x02, 0x04, 0x80, 0x00, 0x12, 0x06, 0x06, 0x86, 0x06, 0x06,
    0x04, 0x04, 0x82, 0x82, 0x84, 0x86, 0x02, 0x84, 0x04, 0x80, 0xC2, 0x22, 0x64, 0x04, 0xD0, 0x00, 0x00, 0x04, 0x80, 0x00, 0x84, 0x04, 0x04, 0x00,
    0x04, 0x04, 0x84, 0x04, 0x8B, 0x00, 0x00, 0x10, 0x85, 0x00, 0x00, 0x14, 0x80, 0x00, 0x84, 0x04, 0x04, 0x00, 0x04, 0x00, 0x04, 0x04, 0xC6, 0x00,
    0x04, 0x10, 0x00, 0x20, 0x60, 0x50, 0x83, 0x10, 0x82, 0x00, 0x01, 0x10, 0x68, 0x80, 0x00, 0x00, 0x50, 0x82, 0x78, 0x0E, 0x48, 0x38, 0x68, 0x58,
    0x30, 0x08, 0x68, 0x40, 0x08, 0x18, 0x10, 0x00, 0x00, 0x08, 0x08, 0x80, 0x00, 0x01, 0x20, 0x20, 0xCD, 0x00, 0x00, 0x80, 0x80, 0x00, 0x00, 0x22,
    0x80, 0x80, 0x02, 0x00, 0xA0, 0xA0, 0x81, 0x20, 0x08, 0xA0, 0x80, 0x20, 0x20, 0x00, 0x01, 0x01, 0x20, 0x20, 0xD4, 0x00, 0x01, 0x93, 0x00, 0x00,
    0x10, 0x81, 0x00, 0x80, 0x10, 0x0E, 0x00, 0x00, 0x10, 0x30, 0x00, 0x00, 0x10, 0x11, 0x00, 0x05, 0x08, 0x00, 0x00, 0x24, 0x24, 0x82, 0x0C, 0x0C,
    0x08, 0x00, 0x0C, 0x04, 0x08, 0x0C, 0x04, 0x08, 0x08, 0x00, 0x04, 0x14, 0x10, 0xCA, 0x00, 0x00, 0x80, 0x81, 0x00, 0x13, 0x90, 0x88, 0x82, 0x81,
    0x91, 0x10, 0x98, 0x9A, 0x1A, 0x8A, 0x8A, 0x1A, 0x18, 0x02, 0x9E, 0x9A, 0x1A, 0x18, 0x00, 0xC0, 0x80, 0x00, 0x00, 0x10, 0x81, 0xC0, 0x0B, 0xD0,
    0x10, 0xD0, 0xC0, 0x10, 0xD0, 0xC0, 0x10, 0x10, 0x00, 0xC0, 0xC0, 0xD9, 0x00, 0x00, 0x80, 0x80, 0x00, 0x05, 0x08, 0x80, 0x80, 0x00, 0x88, 0x00,
    0x81, 0x80, 0x04, 0x87, 0x01, 0x00, 0x00, 0x04, 0x81, 0x86, 0x0E, 0x06, 0x86, 0x86, 0x84, 0x82, 0x06, 0x04, 0x12, 0x06, 0x04, 0x00, 0x20, 0x02,
    0x06, 0x04, 0xD6, 0x00, 0x01, 0x01, 0x10, 0x80, 0x00, 0x00, 0x01, 0x80, 0x11, 0x06, 0x10, 0x11, 0x10, 0x11, 0x01, 0x11, 0x11, 0x80, 0x00, 0x08,
    0x10, 0x10, 0x00, 0x00, 0x08, 0x10, 0x00, 0x90, 0x00, 0x80, 0x08, 0x05, 0x88, 0x88, 0x80, 0x88, 0x88, 0x80, 0x80, 0x88, 0x0E, 0x08, 0xA0, 0x80,
    0x80, 0x00, 0x00, 0x20, 0x00, 0xA0, 0xA0, 0x80, 0x00, 0x00, 0x80, 0x80, 0xB2, 0x00, 0x01, 0x94, 0x00, 0x00, 0x20, 0x81, 0x00, 0x05, 0x20, 0x00,
    0x20, 0x20, 0x00, 0x04, 0x81, 0x00, 0x00, 0x02, 0x81, 0x00, 0x82, 0x02, 0x06, 0x00, 0x04, 0x02, 0x02, 0x00, 0x02, 0x02, 0x80, 0x00, 0x04, 0x02,
    0x02, 0x00, 0x20, 0x20, 0x81, 0x00, 0x08, 0x08, 0x80, 0x00, 0x08, 0x08, 0x00, 0x00, 0x08, 0x08, 0xC4, 0x00, 0x00, 0x04, 0x80, 0x00, 0x84, 0x04,
    0x04, 0x00, 0x02, 0x00, 0x04, 0x04, 0x81, 0x00, 0x00, 0x20, 0x81, 0x00, 0x80, 0x20, 0x05, 0x00, 0x20, 0x20, 0x00, 0x20, 0x20, 0x80, 0x00, 0x01,
    0x20, 0x02, 0x81, 0x00, 0x80, 0x02, 0x0B, 0x8A, 0x02, 0x00, 0x02, 0x02, 0x00, 0x80, 0x00, 0x80, 0x00, 0x82, 0x02, 0xC3, 0x00, 0x02, 0x20, 0x60,
    0x40, 0x89, 0x00, 0x03, 0x40, 0x00, 0x01, 0x01, 0x84, 0x40, 0x06, 0x00, 0x40, 0x40, 0x00, 0x00, 0x40, 0x40, 0x88, 0x00, 0x02, 0x10, 0x28, 0x31,
    0x80, 0x00, 0x09, 0x09, 0x08, 0x09, 0x01, 0x08, 0x08, 0x01, 0x01, 0x08, 0x08, 0xC4, 0x00, 0x01, 0x08, 0x08, 0x89, 0x00, 0x02, 0x01, 0x01, 0x02,
    0x81, 0x00, 0x80, 0x02, 0x02, 0x20, 0x22, 0x02, 0x80, 0x00, 0x01, 0x02, 0x02, 0x85, 0x00, 0x00, 0x40, 0x81, 0x00, 0x05, 0x40, 0x40, 0x00, 0x40,
    0x00, 0x40, 0xB4, 0x00,
};
static const uint32_t anim_gradient_offsets[91] = {
    0, 383, 559, 775, 972, 1162, 1320, 1498, 1642, 1832, 2019, 2205,
    2354, 2541, 2757, 2941, 3125, 3316, 3517, 3705, 3883, 4064, 4240, 4423,
    4586, 4761, 4927, 5082, 5286, 5453, 5645, 6048, 6222, 6373, 6544, 6740,
    6956, 7164, 7354, 7579, 7778, 7992, 8218, 8424, 8628, 8854, 9046, 9248,
    9430, 9634, 9835, 10036, 10211, 10402, 10559, 10750, 10906, 11122, 11279, 11489,
    11678, 12075, 12274, 12468, 12649, 12868, 13044, 13249, 13386, 13580, 13730, 13934,
    14103, 14287, 14469, 14664, 14856, 15044, 15207, 15399, 15596, 15799, 15961, 16163,
    16399, 16580, 16767, 16961, 17108, 17294, 17476,
};
const kb_anim_t anim_gradient = { anim_gradient_data, anim_gradient_offsets, 90 };
