// anim_breath.h を tools/pack_anim_frames.py で圧縮したもの（自動生成・手で編集しないこと）。
// 90コマ、元 46080 バイト → 17095 バイト。
static const uint8_t anim_breath_data[17095] = {
    0x00, 0x05, 0x02, 0x00, 0x00, 0x20, 0x00, 0x04, 0x80, 0x00, 0x02, 0x18, 0x24, 0x18, 0x87, 0x00, 0x05, 0xC0, 0x20, 0xA0, 0x10, 0xE0, 0x01, 0x81,
    0x00, 0x0B, 0x20, 0x04, 0x00, 0x00, 0x12, 0x80, 0x00, 0x00, 0x02, 0x00, 0xA8, 0x88, 0x9D, 0x00, 0x00, 0x88, 0x80, 0x00, 0x0B, 0x88, 0x01, 0x2B,
    0x1F, 0xF6, 0xE1, 0x80, 0x64, 0x0C, 0x40, 0x88, 0x10, 0x8B, 0x00, 0x01, 0x08, 0x06, 0x86, 0x00, 0x01, 0x80, 0x7A, 0x87, 0x00, 0x00, 0x20, 0x81,
    0x00, 0x02, 0x80, 0x50, 0xC8, 0x88, 0x00, 0x06, 0x01, 0x00, 0x01, 0x02, 0x02, 0x06, 0x03, 0x84, 0x00, 0x09, 0x01, 0x00, 0x20, 0x00, 0x04, 0x00,
    0x90, 0xB8, 0x04, 0x03, 0x9D, 0x00, 0x11, 0x88, 0x00, 0x20, 0x00, 0xA8, 0x20, 0xF2, 0xDC, 0x8C, 0x16, 0xA3, 0x0D, 0x03, 0x02, 0x06, 0x40, 0x00,
    0x80, 0x87, 0x00, 0x02, 0x1C, 0x21, 0x80, 0x80, 0x00, 0x00, 0x10, 0x82, 0x00, 0x01, 0x36, 0xC1, 0x81, 0x00, 0x00, 0x48, 0x81, 0x00, 0x01, 0x10,
    0x04, 0x82, 0x00, 0x0D, 0x01, 0x02, 0x01, 0x02, 0x00, 0x80, 0x00, 0x01, 0xE0, 0x00, 0x80, 0x81, 0x00, 0x01, 0x81, 0x00, 0x05, 0x10, 0x00, 0x08,
    0x00, 0x00, 0x20, 0x81, 0x00, 0x07, 0x08, 0x40, 0x00, 0x21, 0x02, 0x00, 0xA8, 0x20, 0x9B, 0x00, 0x00, 0x08, 0x80, 0x00, 0x0E, 0x88, 0x00, 0x02,
    0x00, 0x9A, 0x1F, 0x37, 0x20, 0xE0, 0xC4, 0x04, 0x21, 0x00, 0x01, 0x40, 0x80, 0x00, 0x00, 0x02, 0x87, 0x00, 0x01, 0x08, 0x03, 0x88, 0x00, 0x00,
    0x0F, 0x90, 0x00, 0x07, 0x20, 0x04, 0x11, 0x0D, 0x03, 0x03, 0x84, 0x0C, 0x8A, 0x00, 0x00, 0x40, 0x80, 0x00, 0x08, 0x02, 0x11, 0x00, 0x80, 0x00,
    0x24, 0x00, 0x60, 0x8E, 0x9D, 0x00, 0x00, 0x88, 0x80, 0x00, 0x0D, 0x88, 0x00, 0x22, 0x0C, 0xFC, 0xFF, 0x13, 0xA0, 0x83, 0x80, 0x10, 0x00, 0x00,
    0x90, 0x84, 0x00, 0x00, 0x80, 0x80, 0x00, 0x02, 0x10, 0x60, 0x80, 0x85, 0x00, 0x02, 0x0E, 0x41, 0x80, 0x81, 0x00, 0x00, 0x40, 0x81, 0x00, 0x01,
    0xC5, 0x00, 0x00, 0x08, 0x82, 0x00, 0x0D, 0x22, 0x09, 0x17, 0x3F, 0x4D, 0xF7, 0x66, 0xE7, 0x80, 0x20, 0x04, 0x00, 0x88, 0x10, 0x8A, 0x00, 0x02,
    0x0C, 0x0A, 0x06, 0x85, 0x00, 0x02, 0xC0, 0xFB, 0x7A, 0xCE, 0x00, 0x00, 0x88, 0x83, 0x00, 0x0E, 0x70, 0x50, 0xFC, 0xFC, 0x3E, 0x87, 0x17, 0x63,
    0x07, 0x03, 0x02, 0x04, 0x40, 0x10, 0x60, 0x86, 0x00, 0x07, 0x0D, 0x3D, 0xE1, 0x80, 0x00, 0x00, 0x10, 0x10, 0x81, 0x00, 0x02, 0x36, 0xF7, 0xC1,
    0x80, 0x00, 0x01, 0x48, 0x48, 0x80, 0x00, 0x01, 0x10, 0x5C, 0xC1, 0x00, 0x00, 0x08, 0x80, 0x00, 0x00, 0x80, 0x81, 0x00, 0x11, 0x08, 0x3D, 0x17,
    0x3B, 0xED, 0xD7, 0xE1, 0xC0, 0x40, 0xA0, 0x01, 0x00, 0x01, 0x00, 0x18, 0x04, 0x02, 0x02, 0x86, 0x00, 0x02, 0x08, 0x0B, 0x03, 0x87, 0x00, 0x01,
    0x0F, 0x0F, 0xCE, 0x00, 0x00, 0x08, 0x85, 0x00, 0x09, 0x0C, 0xDD, 0xF7, 0xEF, 0x77, 0xDB, 0x01, 0x01, 0x00, 0x90, 0x86, 0x00, 0x07, 0x80, 0x80,
    0x00, 0x00, 0x10, 0x70, 0xE0, 0x80, 0x84, 0x00, 0x03, 0x0F, 0x1E, 0xC1, 0x80, 0x80, 0x00, 0x01, 0x40, 0x40, 0x80, 0x00, 0x00, 0x30, 0x01, 0xC1,
    0x00, 0x00, 0x08, 0x80, 0x00, 0x00, 0x80, 0x80, 0x00, 0x0C, 0x01, 0x09, 0x1D, 0x7F, 0x7F, 0xEE, 0xE4, 0xE8, 0x90, 0x02, 0x00, 0x40, 0x08, 0x8C,
    0x00, 0x02, 0x0C, 0x0E, 0x02, 0x85, 0x00, 0x02, 0xC0, 0xBB, 0x7B, 0x86, 0x00, 0x00, 0x01, 0xC7, 0x00, 0x13, 0x20, 0x00, 0x20, 0x70, 0xDA, 0xAC,
    0xF6, 0xDE, 0x0D, 0x4B, 0x03, 0x03, 0x42, 0x2A, 0x00, 0x00, 0x02, 0x08, 0xF0, 0xE0, 0x85, 0x00, 0x07, 0x0C, 0x3C, 0xE1, 0xC0, 0x00, 0x00, 0x10,
    0x10, 0x81, 0x00, 0x02, 0x36, 0x77, 0x41, 0x80, 0x00, 0x01, 0x08, 0x48, 0x80, 0x00, 0x02, 0x10, 0x5C, 0xCE, 0xC7, 0x00, 0x13, 0x02, 0x1E, 0x17,
    0x1F, 0x1E, 0xF7, 0x63, 0xD2, 0xC0, 0xE1, 0x60, 0x84, 0x84, 0x20, 0x00, 0x00, 0x58, 0x1E, 0x04, 0x02, 0x86, 0x00, 0x02, 0x08, 0x0B, 0x03, 0x87,
    0x00, 0x01, 0x0F, 0x0F, 0x86, 0x00, 0x00, 0x03, 0xC5, 0x00, 0x00, 0x80, 0x82, 0x00, 0x06, 0x26, 0xCC, 0x77, 0xFF, 0xEF, 0x76, 0x93, 0x81, 0x00,
    0x04, 0x80, 0x00, 0x04, 0x00, 0x70, 0x82, 0x00, 0x01, 0x80, 0x80, 0x80, 0x00, 0x02, 0x70, 0xE0, 0x80, 0x84, 0x00, 0x03, 0x0F, 0x1F, 0xD0, 0x80,
    0x80, 0x00, 0x01, 0x40, 0x40, 0x80, 0x00, 0x01, 0x30, 0x70, 0x01, 0xC7, 0x00, 0x0B, 0x2B, 0x1F, 0x16, 0x7F, 0xDF, 0xF0, 0x60, 0xC0, 0x80, 0x00,
    0x00, 0x04, 0x80, 0x00, 0x00, 0x10, 0x8A, 0x00, 0x02, 0x0C, 0x0E, 0x02, 0x85, 0x00, 0x02, 0xC0, 0xBB, 0x7B, 0x86, 0x00, 0x01, 0x01, 0xCF, 0xC1,
    0x00, 0x00, 0x88, 0x83, 0x00, 0x11, 0x70, 0x54, 0xAC, 0xFC, 0x1F, 0x0F, 0x03, 0x03, 0x89, 0x09, 0x00, 0x80, 0x20, 0x00, 0x00, 0x0C, 0x78, 0x60,
    0x85, 0x00, 0x07, 0x0C, 0x3D, 0xF1, 0xC0, 0x00, 0x00, 0x10, 0x10, 0x81, 0x00, 0x07, 0x36, 0x77, 0xC1, 0x80, 0x00, 0x00, 0x08, 0x48, 0x81, 0x00,
    0x02, 0x4C, 0xCE, 0x83, 0xBD, 0x00, 0x00, 0x08, 0x80, 0x00, 0x0F, 0x80, 0x00, 0x02, 0x00, 0x00, 0x1E, 0x3D, 0x0F, 0x3D, 0xE7, 0xE1, 0xE0, 0xC2,
    0x20, 0x00, 0x20, 0x82, 0x00, 0x02, 0xB8, 0x1E, 0x06, 0x87, 0x00, 0x02, 0x08, 0x0B, 0x03, 0x87, 0x00, 0x01, 0x0F, 0x0F, 0x86, 0x00, 0x01, 0x83,
    0x3F, 0xC1, 0x00, 0x00, 0x88, 0x82, 0x00, 0x13, 0x02, 0x00, 0x04, 0xCF, 0xDD, 0x3F, 0xEF, 0x71, 0x32, 0x0C, 0x80, 0x08, 0x00, 0x21, 0x82, 0x00,
    0x84, 0x1C, 0xE0, 0xE0, 0x81, 0x00, 0x01, 0x80, 0x80, 0x80, 0x00, 0x02, 0x30, 0xE0, 0x80, 0x84, 0x00, 0x03, 0x0F, 0x1F, 0xD0, 0xC0, 0x80, 0x00,
    0x01, 0x40, 0x40, 0x80, 0x00, 0x02, 0x10, 0x50, 0x40, 0x01, 0xBD, 0x00, 0x00, 0x08, 0x80, 0x00, 0x0E, 0x80, 0x00, 0x02, 0x00, 0x01, 0x1F, 0x1D,
    0x77, 0x7E, 0xE6, 0x60, 0x84, 0x80, 0x10, 0x02, 0x81, 0x00, 0x02, 0x04, 0x70, 0x50, 0x88, 0x00, 0x03, 0x08, 0x0C, 0x0E, 0x02, 0x85, 0x00, 0x02,
    0xC0, 0xBB, 0x7B, 0x86, 0x00, 0x02, 0x01, 0xCF, 0xEE, 0xBD, 0x00, 0x00, 0x80, 0x82, 0x00, 0x0F, 0x20, 0x00, 0x20, 0x70, 0xDE, 0xAC, 0xFE, 0xDF,
    0x0F, 0x82, 0x03, 0x01, 0x00, 0x20, 0x01, 0x02, 0x80, 0x00, 0x03, 0x0E, 0x3C, 0xB0, 0x80, 0x84, 0x00, 0x03, 0x04, 0x35, 0xF1, 0xC0, 0x85, 0x00,
    0x08, 0x16, 0x57, 0xC1, 0x80, 0x00, 0x00, 0x08, 0x48, 0x40, 0x80, 0x00, 0x03, 0x1C, 0xDE, 0x83, 0x01, 0xC3, 0x00, 0x08, 0x28, 0x1E, 0x17, 0x3F,
    0xD9, 0xF1, 0x60, 0xF0, 0xC0, 0x82, 0x00, 0x06, 0x40, 0x00, 0x20, 0x00, 0xF8, 0xBE, 0x06, 0x87, 0x00, 0x02, 0x08, 0x0B, 0x03, 0x87, 0x00, 0x01,
    0x0F, 0x0F, 0x86, 0x00, 0x02, 0x83, 0xBF, 0x3C, 0xC7, 0x00, 0x0A, 0x24, 0xCF, 0x77, 0xBB, 0x69, 0xF3, 0xD0, 0x12, 0x20, 0x81, 0x00, 0x80, 0x80,
    0x04, 0x01, 0x04, 0x0C, 0xE8, 0xE0, 0x81, 0x00, 0x01, 0x80, 0x80, 0x80, 0x00, 0x02, 0x30, 0xF0, 0x80, 0x84, 0x00, 0x03, 0x0F, 0x1F, 0xD0, 0xC0,
    0x80, 0x00, 0x01, 0x40, 0x40, 0x80, 0x00, 0x03, 0x10, 0x70, 0x60, 0x00, 0x01, 0xB9, 0x00, 0x00, 0x08, 0x85, 0x00, 0x09, 0x08, 0x2D, 0x1F, 0x3F,
    0x7F, 0xCE, 0xF8, 0xE0, 0xA0, 0x80, 0x85, 0x00, 0x01, 0x70, 0x70, 0x88, 0x00, 0x03, 0x08, 0x0C, 0x0E, 0x02, 0x85, 0x00, 0x02, 0xC0, 0xBB, 0x7B,
    0x86, 0x00, 0x03, 0x01, 0xCF, 0xEE, 0x20, 0xBD, 0x00, 0x00, 0x08, 0x82, 0x00, 0x0A, 0x02, 0x20, 0x54, 0xAE, 0xFC, 0xCF, 0x97, 0x03, 0x01, 0x01,
    0x03, 0x82, 0x00, 0x05, 0x02, 0x00, 0x07, 0x36, 0xF0, 0xC0, 0x84, 0x00, 0x03, 0x04, 0x1D, 0x59, 0x40, 0x80, 0x00, 0x01, 0x10, 0x10, 0x80, 0x00,
    0x08, 0x16, 0x37, 0xE1, 0x80, 0x00, 0x00, 0x08, 0x48, 0x40, 0x80, 0x00, 0x03, 0x1C, 0xDE, 0x83, 0x01, 0xBA, 0x00, 0x00, 0x08, 0x80, 0x00, 0x0C,
    0x80, 0x00, 0x02, 0x00, 0x02, 0x1F, 0x1D, 0x3F, 0x7F, 0xC1, 0xA5, 0xE0, 0xC0, 0x82, 0x00, 0x00, 0x20, 0x81, 0x00, 0x02, 0xF8, 0xFE, 0x06, 0x87,
    0x00, 0x02, 0x08, 0x0B, 0x03, 0x87, 0x00, 0x01, 0x0F, 0x0F, 0x86, 0x00, 0x02, 0x81, 0xBD, 0x3C, 0xBE, 0x00, 0x00, 0x88, 0x82, 0x00, 0x0C, 0x02,
    0x00, 0x06, 0xCF, 0xDD, 0xBF, 0xEB, 0x7A, 0x90, 0x10, 0x40, 0x00, 0x02, 0x80, 0x00, 0x05, 0x48, 0x01, 0x05, 0x0C, 0xF8, 0xF0, 0x81, 0x00, 0x01,
    0x80, 0x80, 0x80, 0x00, 0x02, 0x30, 0xF0, 0xC0, 0x84, 0x00, 0x03, 0x0F, 0x1F, 0xD0, 0xC0, 0x86, 0x00, 0x03, 0x60, 0x60, 0x00, 0x00, 0x01, 0xBD,
    0x00, 0x0D, 0x80, 0x00, 0x02, 0x08, 0x07, 0x17, 0x1D, 0x7F, 0x52, 0xF4, 0xE0, 0xA0, 0x00, 0x10, 0x80, 0x00, 0x00, 0x04, 0x81, 0x00, 0x01, 0x70,
    0x70, 0x88, 0x00, 0x03, 0x08, 0x0C, 0x06, 0x02, 0x85, 0x00, 0x02, 0xC0, 0xB9, 0x7B, 0x86, 0x00, 0x03, 0x01, 0xCF, 0xEE, 0x20, 0xBA, 0x00, 0x00,
    0x80, 0x82, 0x00, 0x0E, 0x20, 0x00, 0x00, 0x20, 0xDC, 0xDE, 0xF6, 0x19, 0x03, 0x03, 0x04, 0x00, 0x08, 0x00, 0x01, 0x83, 0x00, 0x03, 0x07, 0x3F,
    0xF8, 0xC0, 0x84, 0x00, 0x08, 0x04, 0x1D, 0x79, 0xE0, 0x80, 0x00, 0x00, 0x10, 0x10, 0x80, 0x00, 0x08, 0x06, 0x27, 0xE1, 0x80, 0x00, 0x00, 0x08,
    0x48, 0x40, 0x80, 0x00, 0x03, 0x1C, 0xDE, 0xC3, 0x01, 0xBB, 0x00, 0x00, 0x80, 0x82, 0x00, 0x0A, 0x28, 0x1F, 0x15, 0x3E, 0xCD, 0xC1, 0xE0, 0xC0,
    0x43, 0x40, 0x24, 0x86, 0x00, 0x02, 0xF8, 0xFE, 0x06, 0x87, 0x00, 0x02, 0x08, 0x0B, 0x03, 0x87, 0x00, 0x01, 0x0F, 0x0F, 0x86, 0x00, 0x02, 0x81,
    0xBF, 0x3E, 0xC5, 0x00, 0x08, 0x25, 0xCF, 0x65, 0xBF, 0x62, 0x72, 0x20, 0x0A, 0x02, 0x84, 0x00, 0x04, 0x01, 0x05, 0x0C, 0xF8, 0xF0, 0x81, 0x00,
    0x01, 0x80, 0x80, 0x80, 0x00, 0x02, 0x10, 0xD0, 0xC0, 0x84, 0x00, 0x03, 0x07, 0x17, 0x50, 0x40, 0x81, 0x00, 0x01, 0x40, 0x40, 0x80, 0x00, 0x01,
    0x70, 0x70, 0x80, 0x00, 0x01, 0xB5, 0x00, 0x00, 0x08, 0x85, 0x00, 0x0A, 0x08, 0x2D, 0x1F, 0x35, 0x7F, 0xD3, 0xE0, 0xE0, 0x84, 0x08, 0x30, 0x80,
    0x00, 0x02, 0x02, 0x04, 0x04, 0x80, 0x00, 0x01, 0x70, 0x70, 0x88, 0x00, 0x03, 0x08, 0x0C, 0x06, 0x02, 0x85, 0x00, 0x02, 0x80, 0xB9, 0x7B, 0x87,
    0x00, 0x02, 0xCF, 0xAE, 0x20, 0xBB, 0x00, 0x00, 0x08, 0x82, 0x00, 0x0A, 0x02, 0x20, 0x74, 0xDE, 0xA4, 0xFD, 0x4B, 0x87, 0x00, 0x81, 0x81, 0x86,
    0x00, 0x03, 0x07, 0x1F, 0xD8, 0xC0, 0x85, 0x00, 0x07, 0x09, 0x29, 0xA0, 0x80, 0x00, 0x00, 0x10, 0x10, 0x80, 0x00, 0x08, 0x06, 0x37, 0xF1, 0xC0,
    0x00, 0x00, 0x08, 0x08, 0x40, 0x80, 0x00, 0x03, 0x1C, 0x5E, 0x43, 0x01, 0xB8, 0x00, 0x00, 0x08, 0x82, 0x00, 0x0E, 0x02, 0x00, 0x02, 0x1F, 0x15,
    0xAE, 0x7F, 0xC0, 0xE9, 0xC0, 0x20, 0x20, 0x00, 0x00, 0x02, 0x85, 0x00, 0x02, 0xF8, 0xFE, 0x06, 0x87, 0x00, 0x02, 0x08, 0x0B, 0x03, 0x87, 0x00,
    0x01, 0x0F, 0x0F, 0x86, 0x00, 0x02, 0x80, 0xBE, 0x3E, 0xBC, 0x00, 0x00, 0x88, 0x82, 0x00, 0x07, 0x02, 0x00, 0x07, 0xCF, 0xCD, 0xBB, 0x5B, 0x72,
    0x82, 0x00, 0x02, 0x10, 0x00, 0x90, 0x81, 0x00, 0x03, 0x05, 0x0C, 0xF8, 0xF0, 0x81, 0x00, 0x01, 0x80, 0x80, 0x80, 0x00, 0x02, 0x10, 0xF0, 0xE0,
    0x84, 0x00, 0x04, 0x07, 0x0F, 0x48, 0xC0, 0x80, 0x80, 0x00, 0x01, 0x40, 0x40, 0x80, 0x00, 0x01, 0x30, 0x30, 0x81, 0x00, 0x01, 0xB9, 0x00, 0x0B,
    0x80, 0x00, 0x02, 0x08, 0x07, 0x1F, 0x1D, 0x77, 0x5B, 0xA0, 0x60, 0x80, 0x81, 0x00, 0x04, 0x01, 0x00, 0x00, 0x04, 0x04, 0x80, 0x00, 0x01, 0x50,
    0x50, 0x88, 0x00, 0x03, 0x08, 0x04, 0x06, 0x02, 0x85, 0x00, 0x03, 0x80, 0xF9, 0x7B, 0x02, 0x86, 0x00, 0x02, 0x8F, 0xAE, 0x60, 0xC2, 0x00, 0x05,
    0xC4, 0xDE, 0xA6, 0xFD, 0x43, 0x11, 0x80, 0x01, 0x04, 0x90, 0x10, 0x40, 0x00, 0x40, 0x82, 0x00, 0x03, 0x03, 0x0F, 0xE8, 0xE0, 0x85, 0x00, 0x03,
    0x0D, 0x3D, 0xF0, 0xC0, 0x80, 0x00, 0x00, 0x10, 0x80, 0x00, 0x08, 0x04, 0x15, 0x71, 0x40, 0x00, 0x00, 0x08, 0x08, 0x40, 0x80, 0x00, 0x03, 0x0C,
    0x5E, 0xC3, 0x81, 0xB9, 0x00, 0x00, 0x80, 0x82, 0x00, 0x0E, 0x28, 0x1E, 0x15, 0x8E, 0xDF, 0x41, 0xE0, 0xA1, 0x13, 0x00, 0x20, 0x00, 0x00, 0x40,
    0x24, 0x84, 0x00, 0x02, 0xF8, 0xFE, 0x04, 0x87, 0x00, 0x02, 0x08, 0x0A, 0x02, 0x87, 0x00, 0x01, 0x0F, 0x0F, 0x86, 0x00, 0x02, 0x80, 0xBF, 0x1F,
    0xC3, 0x00, 0x0E, 0x25, 0x8F, 0x65, 0xB7, 0x5A, 0x7C, 0xF0, 0x12, 0x99, 0x00, 0x30, 0x04, 0x00, 0x00, 0x80, 0x81, 0x00, 0x03, 0x01, 0x00, 0x90,
    0x90, 0x81, 0x00, 0x01, 0x80, 0x80, 0x81, 0x00, 0x01, 0xE0, 0xE0, 0x84, 0x00, 0x04, 0x07, 0x0F, 0x18, 0x90, 0x80, 0x80, 0x00, 0x01, 0x40, 0x40,
    0x80, 0x00, 0x02, 0x30, 0x70, 0x40, 0x81, 0x00, 0x01, 0xB1, 0x00, 0x00, 0x08, 0x85, 0x00, 0x0C, 0x08, 0x2D, 0x17, 0x1D, 0x73, 0xD2, 0xA0, 0x61,
    0xC0, 0x00, 0x00, 0x04, 0x10, 0x80, 0x00, 0x02, 0x20, 0x04, 0x04, 0x80, 0x00, 0x02, 0x10, 0x20, 0x20, 0x87, 0x00, 0x03, 0x08, 0x04, 0x0E, 0x02,
    0x85, 0x00, 0x03, 0x80, 0xF8, 0x7B, 0x02, 0x86, 0x00, 0x02, 0x83, 0xE3, 0x60, 0xB9, 0x00, 0x00, 0x88, 0x82, 0x00, 0x0C, 0x22, 0x00, 0x24, 0xFE,
    0x18, 0xFD, 0x5B, 0x13, 0x10, 0x10, 0x40, 0x40, 0x10, 0x86, 0x00, 0x03, 0x03, 0x0F, 0xF8, 0xF0, 0x85, 0x00, 0x03, 0x05, 0x15, 0xD0, 0xC0, 0x80,
    0x00, 0x00, 0x10, 0x80, 0x00, 0x04, 0x04, 0x17, 0x73, 0xC0, 0x80, 0x80, 0x00, 0x07, 0x40, 0x40, 0x00, 0x00, 0x04, 0x16, 0x83, 0x81, 0xB6, 0x00,
    0x00, 0x08, 0x82, 0x00, 0x0B, 0x02, 0x00, 0x00, 0x0E, 0x15, 0x8B, 0x7D, 0x74, 0xE1, 0xD0, 0x00, 0x40, 0x84, 0x00, 0x00, 0x40, 0x82, 0x00, 0x03,
    0xF8, 0xFC, 0x04, 0x02, 0x86, 0x00, 0x03, 0x08, 0x0A, 0x03, 0x01, 0x86, 0x00, 0x01, 0x0E, 0x0E, 0x86, 0x00, 0x03, 0x80, 0x9B, 0x0F, 0x20, 0x80,
    0x00, 0x00, 0x02, 0xB5, 0x00, 0x00, 0x80, 0x82, 0x00, 0x09, 0x02, 0x00, 0x07, 0x87, 0xCD, 0x77, 0xDC, 0x6A, 0xB0, 0x08, 0x80, 0x00, 0x00, 0x02,
    0x85, 0x00, 0x04, 0x01, 0x05, 0x8C, 0x68, 0x60, 0x86, 0x00, 0x01, 0x70, 0x70, 0x84, 0x00, 0x04, 0x07, 0x0F, 0x18, 0xD0, 0xC0, 0x80, 0x00, 0x01,
    0x40, 0x40, 0x80, 0x00, 0x02, 0x10, 0x50, 0x40, 0x82, 0x00, 0x01, 0xB5, 0x00, 0x0C, 0x80, 0x00, 0x02, 0x08, 0x07, 0x17, 0x1D, 0x2F, 0x73, 0x80,
    0x60, 0xC0, 0xC0, 0x82, 0x00, 0x04, 0x10, 0x00, 0x00, 0x04, 0x04, 0x81, 0x00, 0x01, 0x60, 0x70, 0x88, 0x00, 0x02, 0x04, 0x0E, 0x02, 0x85, 0x00,
    0x03, 0x80, 0xF8, 0x7B, 0x02, 0x86, 0x00, 0x02, 0x81, 0xED, 0x6C, 0xC1, 0x00, 0x0A, 0xE4, 0x52, 0xA5, 0x7F, 0x01, 0x03, 0x00, 0x08, 0x02, 0x00,
    0x01, 0x80, 0x00, 0x00, 0x40, 0x83, 0x00, 0x02, 0x04, 0xB4, 0xB0, 0x85, 0x00, 0x03, 0x05, 0x0D, 0xF8, 0xE0, 0x80, 0x00, 0x01, 0x10, 0x10, 0x80,
    0x00, 0x08, 0x03, 0x23, 0xA0, 0x80, 0x00, 0x00, 0x08, 0x48, 0x40, 0x80, 0x00, 0x02, 0x1A, 0xDB, 0xC1, 0xB7, 0x00, 0x00, 0x80, 0x83, 0x00, 0x07,
    0x0E, 0x17, 0x93, 0xDF, 0x7D, 0xF2, 0xE5, 0x60, 0x81, 0x00, 0x00, 0x20, 0x82, 0x00, 0x00, 0x40, 0x81, 0x00, 0x03, 0xF8, 0xF4, 0x06, 0x02, 0x86,
    0x00, 0x03, 0x08, 0x0A, 0x03, 0x01, 0x86, 0x00, 0x02, 0x08, 0x09, 0x01, 0x85, 0x00, 0x03, 0x80, 0x83, 0x27, 0x30, 0x80, 0x00, 0x01, 0x02, 0x02,
    0xB5, 0x00, 0x00, 0x08, 0x82, 0x00, 0x07, 0x25, 0x07, 0x41, 0x6F, 0xDB, 0xE0, 0x34, 0x12, 0x80, 0x00, 0x00, 0x10, 0x86, 0x00, 0x04, 0x01, 0x05,
    0x0C, 0x78, 0xF0, 0x81, 0x00, 0x01, 0x80, 0x80, 0x80, 0x00, 0x02, 0x10, 0xB0, 0x80, 0x83, 0x00, 0x04, 0x03, 0x0B, 0x18, 0xD0, 0xC0, 0x86, 0x00,
    0x01, 0x60, 0x60, 0x83, 0x00, 0x01, 0xAD, 0x00, 0x00, 0x08, 0x86, 0x00, 0x08, 0x0D, 0x17, 0x1C, 0x03, 0x52, 0xD0, 0x61, 0xE4, 0x80, 0x80, 0x00,
    0x01, 0x04, 0x01, 0x81, 0x00, 0x01, 0x04, 0x04, 0x81, 0x00, 0x01, 0x70, 0x70, 0x88, 0x00, 0x02, 0x0C, 0x0E, 0x02, 0x86, 0x00, 0x02, 0x78, 0x43,
    0x03, 0x86, 0x00, 0x02, 0x81, 0xEF, 0x6E, 0xB7, 0x00, 0x00, 0x80, 0x85, 0x00, 0x09, 0x84, 0xDC, 0x9F, 0xEB, 0x5A, 0x01, 0x02, 0x02, 0x00, 0x01,
    0x81, 0x00, 0x00, 0x01, 0x84, 0x00, 0x03, 0x07, 0x0F, 0x48, 0x40, 0x84, 0x00, 0x03, 0x05, 0x0D, 0x38, 0x20, 0x80, 0x00, 0x01, 0x10, 0x10, 0x80,
    0x00, 0x07, 0x07, 0x37, 0xF0, 0xC0, 0x00, 0x00, 0x08, 0x08, 0x81, 0x00, 0x02, 0x1E, 0x5F, 0xC1, 0xBA, 0x00, 0x0D, 0x02, 0x00, 0x00, 0x02, 0x3D,
    0x91, 0x6E, 0x79, 0x84, 0xE8, 0x20, 0x00, 0x00, 0x20, 0x85, 0x00, 0x00, 0x40, 0x81, 0x00, 0x03, 0x10, 0x14, 0x0E, 0x02, 0x88, 0x00, 0x01, 0x01,
    0x01, 0x86, 0x00, 0x02, 0x08, 0x0F, 0x07, 0x85, 0x00, 0x03, 0x80, 0x81, 0x3D, 0x3C, 0x80, 0x00, 0x01, 0x02, 0x02, 0xB8, 0x00, 0x0A, 0x02, 0x00,
    0x03, 0x07, 0xC1, 0xEE, 0xB4, 0xD8, 0xA0, 0x38, 0x02, 0x8A, 0x00, 0x04, 0x01, 0x05, 0x0C, 0xF8, 0xF0, 0x81, 0x00, 0x01, 0x80, 0x80, 0x80, 0x00,
    0x02, 0x10, 0xF0, 0xC0, 0x83, 0x00, 0x04, 0x01, 0x04, 0x04, 0x40, 0x40, 0x81, 0x00, 0x01, 0x40, 0x40, 0x80, 0x00, 0x01, 0x70, 0x70, 0x84, 0x00,
    0x01, 0xB1, 0x00, 0x13, 0x80, 0x00, 0x02, 0x00, 0x04, 0x0F, 0x38, 0x0F, 0x71, 0xEC, 0xA0, 0xC2, 0xC0, 0x00, 0x80, 0x00, 0x00, 0x04, 0x84, 0x01,
    0x80, 0x00, 0x01, 0x04, 0x04, 0x81, 0x00, 0x01, 0x70, 0x70, 0x88, 0x00, 0x02, 0x08, 0x0A, 0x02, 0x86, 0x00, 0x02, 0xC0, 0xC3, 0x3B, 0x86, 0x00,
    0x02, 0x80, 0x6F, 0x4E, 0xB8, 0x00, 0x00, 0x08, 0x82, 0x00, 0x0B, 0x22, 0x84, 0x66, 0x7B, 0x85, 0x7A, 0x5D, 0x80, 0x01, 0x00, 0x00, 0x10, 0x81,
    0x00, 0x00, 0x10, 0x84, 0x00, 0x03, 0x03, 0x0F, 0xF8, 0xF0, 0x84, 0x00, 0x04, 0x01, 0x01, 0x18, 0xF0, 0xC0, 0x84, 0x00, 0x03, 0x07, 0x16, 0x50,
    0xC0, 0x80, 0x00, 0x07, 0x08, 0x40, 0x40, 0x00, 0x00, 0x0E, 0x4F, 0xC1, 0xB5, 0x00, 0x00, 0x88, 0x84, 0x00, 0x0A, 0x02, 0x9D, 0xC2, 0x7D, 0x81,
    0xE0, 0x20, 0x40, 0x30, 0x00, 0x21, 0x85, 0x00, 0x01, 0x40, 0x40, 0x81, 0x00, 0x02, 0xEC, 0xEA, 0x02, 0x87, 0x00, 0x02, 0x08, 0x0B, 0x03, 0x87,
    0x00, 0x01, 0x07, 0x07, 0x85, 0x00, 0x03, 0x80, 0x80, 0x3E, 0x3E, 0xB8, 0x00, 0x00, 0x88, 0x82, 0x00, 0x09, 0x01, 0x07, 0x04, 0xCB, 0x0C, 0xD9,
    0x6A, 0x30, 0x90, 0x20, 0x8A, 0x00, 0x04, 0x01, 0x01, 0x00, 0xF0, 0xF0, 0x81, 0x00, 0x01, 0x80, 0x80, 0x81, 0x00, 0x01, 0xE0, 0xE0, 0x84, 0x00,
    0x04, 0x06, 0x0F, 0x18, 0xD0, 0x80, 0x80, 0x00, 0x01, 0x40, 0x40, 0x80, 0x00, 0x01, 0x30, 0x30, 0x85, 0x00, 0x01, 0xB3, 0x00, 0x09, 0x08, 0x0F,
    0x13, 0x1C, 0x0B, 0xF0, 0x00, 0x70, 0xE0, 0xA2, 0x80, 0x00, 0x03, 0x08, 0x44, 0x07, 0x01, 0x80, 0x00, 0x01, 0x04, 0x04, 0x81, 0x00, 0x01, 0x70,
    0x70, 0x88, 0x00, 0x02, 0x08, 0x0E, 0x06, 0x86, 0x00, 0x02, 0xC0, 0xFB, 0x3B, 0x87, 0x00, 0x02, 0x4F, 0xCE, 0x20, 0xBE, 0x00, 0x08, 0x84, 0x6A,
    0x95, 0x66, 0x3B, 0x0B, 0x00, 0x00, 0x01, 0x81, 0x00, 0x00, 0x04, 0x86, 0x00, 0x03, 0x03, 0x07, 0xF0, 0xF0, 0x85, 0x00, 0x03, 0x04, 0x0C, 0xF0,
    0xC0, 0x80, 0x00, 0x07, 0x10, 0x10, 0x00, 0x00, 0x06, 0x06, 0x21, 0xA0, 0x80, 0x00, 0x08, 0x08, 0x40, 0x40, 0x00, 0x00, 0x06, 0x17, 0x91, 0x80,
    0xBB, 0x00, 0x09, 0x20, 0x0F, 0x15, 0x62, 0x9D, 0xE4, 0xC0, 0x04, 0x04, 0x40, 0x80, 0x00, 0x00, 0x01, 0x83, 0x00, 0x01, 0x40, 0x40, 0x81, 0x00,
    0x02, 0xF8, 0xFA, 0x06, 0x87, 0x00, 0x02, 0x08, 0x0B, 0x03, 0x87, 0x00, 0x01, 0x0F, 0x0F, 0x85, 0x00, 0x03, 0x80, 0x00, 0x3F, 0x3F, 0x81, 0x00,
    0x01, 0x02, 0x02, 0xB5, 0x00, 0x12, 0x02, 0x00, 0x01, 0x03, 0x24, 0xC1, 0x66, 0xB2, 0xD8, 0x60, 0x10, 0x00, 0x01, 0x08, 0x00, 0x01, 0x02, 0x04,
    0x40, 0x85, 0x00, 0x03, 0x01, 0x04, 0xCC, 0xC8, 0x81, 0x00, 0x01, 0x80, 0x80, 0x81, 0x00, 0x01, 0xF0, 0xF0, 0x84, 0x00, 0x04, 0x07, 0x0F, 0x18,
    0xD0, 0x80, 0x80, 0x00, 0x01, 0x40, 0x40, 0x80, 0x00, 0x02, 0x10, 0x50, 0x40, 0x85, 0x00, 0x01, 0xA9, 0x00, 0x00, 0x08, 0x80, 0x00, 0x00, 0x80,
    0x81, 0x00, 0x10, 0x0C, 0x25, 0x18, 0x0F, 0xE3, 0xD0, 0x00, 0xE0, 0xE0, 0x00, 0x00, 0x40, 0x00, 0x00, 0x04, 0x07, 0x03, 0x80, 0x00, 0x01, 0x04,
    0x04, 0x81, 0x00, 0x01, 0x10, 0x10, 0x88, 0x00, 0x02, 0x08, 0x0E, 0x06, 0x86, 0x00, 0x02, 0xC0, 0xF8, 0x38, 0x87, 0x00, 0x02, 0xCB, 0xE3, 0x20,
    0xB5, 0x00, 0x00, 0x80, 0x82, 0x00, 0x09, 0x02, 0x00, 0x00, 0x86, 0x49, 0x97, 0x63, 0xD9, 0x48, 0x02, 0x83, 0x00, 0x01, 0x84, 0x2C, 0x85, 0x00,
    0x03, 0x01, 0x05, 0x8C, 0x88, 0x85, 0x00, 0x03, 0x05, 0x0D, 0xB8, 0xE0, 0x80, 0x00, 0x01, 0x10, 0x10, 0x80, 0x00, 0x0E, 0x01, 0x31, 0xF0, 0xC0,
    0x00, 0x00, 0x08, 0x08, 0x40, 0x00, 0x00, 0x04, 0x1D, 0xD9, 0xC0, 0xB8, 0x00, 0x0A, 0x02, 0x00, 0x00, 0x02, 0x9D, 0xD0, 0xEF, 0xD4, 0x64, 0x24,
    0x68, 0x83, 0x00, 0x01, 0x11, 0x40, 0x81, 0x00, 0x01, 0x40, 0x40, 0x81, 0x00, 0x02, 0xF8, 0xFE, 0x06, 0x87, 0x00, 0x02, 0x08, 0x0A, 0x02, 0x87,
    0x00, 0x01, 0x08, 0x08, 0x87, 0x00, 0x01, 0xB3, 0x23, 0x81, 0x00, 0x01, 0x02, 0x02, 0xB0, 0x00, 0x00, 0x80, 0x83, 0x00, 0x06, 0x01, 0x06, 0x05,
    0xCB, 0x2C, 0xD2, 0x6E, 0x80, 0x10, 0x81, 0x00, 0x02, 0x02, 0x06, 0x0C, 0x85, 0x00, 0x04, 0x01, 0x04, 0x8C, 0xB8, 0x30, 0x86, 0x00, 0x01, 0x10,
    0x30, 0x84, 0x00, 0x04, 0x03, 0x03, 0x10, 0xD0, 0xC0, 0x86, 0x00, 0x01, 0x60, 0x60, 0x86, 0x00, 0x01, 0xAF, 0x00, 0x12, 0x02, 0x00, 0x07, 0x03,
    0x1C, 0x07, 0x70, 0x10, 0xE0, 0xC0, 0x22, 0x40, 0x00, 0x00, 0x30, 0x00, 0x8C, 0x0F, 0x02, 0x81, 0x00, 0x00, 0x04, 0x82, 0x00, 0x01, 0x60, 0x60,
    0x81, 0x00, 0x02, 0x80, 0x00, 0x01, 0x80, 0x00, 0x02, 0x08, 0x0C, 0x04, 0x86, 0x00, 0x03, 0xC0, 0xB8, 0x3B, 0x03, 0x81, 0x00, 0x00, 0x08, 0x81,
    0x00, 0x02, 0xC1, 0xE5, 0x2C, 0xB6, 0x00, 0x00, 0x08, 0x82, 0x00, 0x07, 0x20, 0x84, 0x67, 0x69, 0x96, 0x61, 0x18, 0x08, 0x80, 0x00, 0x00, 0x81,
    0x80, 0x00, 0x02, 0x86, 0xAC, 0x28, 0x80, 0x00, 0x00, 0x80, 0x81, 0x00, 0x05, 0x06, 0x8E, 0x78, 0x70, 0x00, 0x01, 0x82, 0x00, 0x03, 0x01, 0x01,
    0x10, 0x70, 0x81, 0x00, 0x00, 0x10, 0x80, 0x00, 0x03, 0x07, 0x17, 0xD0, 0xC0, 0x80, 0x00, 0x00, 0x08, 0x81, 0x00, 0x02, 0x0B, 0x4A, 0x40, 0x80,
    0x00, 0x00, 0x04, 0x82, 0x00, 0x00, 0x3E, 0xA9, 0x00, 0x00, 0x88, 0x84, 0x00, 0x08, 0x02, 0xDD, 0x40, 0xBF, 0x59, 0x68, 0x04, 0x00, 0x10, 0x82,
    0x00, 0x02, 0x50, 0x70, 0x40, 0x81, 0x00, 0x00, 0x40, 0x81, 0x00, 0x02, 0xF0, 0xF4, 0x04, 0x87, 0x00, 0x03, 0x08, 0x02, 0x01, 0x01, 0x86, 0x00,
    0x02, 0x08, 0x0F, 0x07, 0x85, 0x00, 0x03, 0x80, 0xA0, 0x0C, 0x1C, 0x81, 0x00, 0x00, 0x02, 0xB1, 0x00, 0x00, 0x08, 0x81, 0x00, 0x09, 0x01, 0x21,
    0x06, 0x41, 0xEA, 0x16, 0xD8, 0xA8, 0x10, 0x02, 0x82, 0x00, 0x03, 0x01, 0xC5, 0x2C, 0x08, 0x84, 0x00, 0x04, 0x01, 0x01, 0x00, 0x78, 0x70, 0x82,
    0x00, 0x00, 0x80, 0x81, 0x00, 0x03, 0xE0, 0xC0, 0x00, 0x02, 0x81, 0x00, 0x0A, 0x01, 0x05, 0x0C, 0x48, 0x40, 0x00, 0x01, 0x00, 0x08, 0x00, 0x40,
    0x80, 0x00, 0x01, 0x30, 0x70, 0x81, 0x00, 0x00, 0x40, 0x81, 0x00, 0x00, 0x0E, 0x01, 0xB0, 0x00, 0x07, 0x0F, 0x00, 0x1F, 0xCB, 0xF1, 0x00, 0xE0,
    0xAC, 0x83, 0x00, 0x03, 0x0C, 0x1A, 0x82, 0x01, 0x86, 0x00, 0x01, 0x70, 0x70, 0x81, 0x00, 0x03, 0x80, 0x80, 0x01, 0x01, 0x80, 0x00, 0x02, 0x04,
    0x06, 0x02, 0x85, 0x00, 0x03, 0x80, 0xB0, 0x63, 0x03, 0x81, 0x00, 0x01, 0x08, 0x08, 0x80, 0x00, 0x02, 0x80, 0xAE, 0x2E, 0x86, 0x00, 0x00, 0x03,
    0xB3, 0x00, 0x07, 0x84, 0x43, 0x90, 0x97, 0x69, 0x18, 0x28, 0x08, 0x81, 0x00, 0x04, 0x80, 0x00, 0x83, 0xAA, 0x38, 0x80, 0x00, 0x01, 0x80, 0x80,
    0x80, 0x00, 0x03, 0x03, 0x03, 0x70, 0xF0, 0x84, 0x00, 0x04, 0x01, 0x05, 0x0C, 0xE8, 0xC0, 0x84, 0x00, 0x03, 0x07, 0x07, 0x20, 0x20, 0x85, 0x00,
    0x07, 0x06, 0x16, 0x91, 0x80, 0x00, 0x00, 0x04, 0x04, 0x81, 0x00, 0x01, 0x04, 0x45, 0xAF, 0x00, 0x06, 0x20, 0x82, 0x55, 0xA0, 0xDF, 0x62, 0x20,
    0x80, 0x00, 0x00, 0x0C, 0x81, 0x00, 0x02, 0x10, 0x70, 0x60, 0x87, 0x00, 0x02, 0x0C, 0x0A, 0x02, 0x88, 0x00, 0x01, 0x09, 0x03, 0x87, 0x00, 0x01,
    0x07, 0x07, 0x85, 0x00, 0x03, 0x80, 0x80, 0x1F, 0x3F, 0x86, 0x00, 0x00, 0x81, 0xAF, 0x00, 0x0C, 0x02, 0x00, 0x01, 0x02, 0x05, 0xC1, 0x26, 0xD6,
    0xE8, 0x10, 0x50, 0x10, 0xA0, 0x81, 0x00, 0x03, 0x01, 0x83, 0xAA, 0x38, 0x84, 0x00, 0x04, 0x01, 0x01, 0x04, 0xEC, 0xF0, 0x87, 0x00, 0x04, 0xF0,
    0xF0, 0x00, 0x02, 0x02, 0x80, 0x00, 0x09, 0x01, 0x07, 0x0E, 0x18, 0x90, 0x80, 0x00, 0x00, 0x08, 0x08, 0x81, 0x00, 0x01, 0x10, 0x70, 0x81, 0x00,
    0x01, 0x40, 0x40, 0x80, 0x00, 0x01, 0x0E, 0x7E, 0x01, 0xA9, 0x00, 0x0F, 0x80, 0x00, 0x02, 0x00, 0x00, 0x0C, 0x2D, 0x10, 0x1F, 0xE9, 0x18, 0xC0,
    0xE0, 0x20, 0x00, 0x20, 0x80, 0x00, 0x04, 0x80, 0x38, 0x1A, 0xD7, 0x81, 0x86, 0x00, 0x01, 0x70, 0x70, 0x81, 0x00, 0x03, 0x80, 0x80, 0x01, 0x01,
    0x80, 0x00, 0x02, 0x08, 0x0A, 0x02, 0x85, 0x00, 0x03, 0x80, 0x40, 0x4B, 0x1B, 0x81, 0x00, 0x01, 0x08, 0x08, 0x80, 0x00, 0x02, 0x80, 0xCF, 0x4F,
    0x86, 0x00, 0x01, 0x01, 0x8D, 0xA9, 0x00, 0x00, 0x80, 0x82, 0x00, 0x09, 0x02, 0x00, 0x00, 0x86, 0x41, 0xBA, 0x47, 0x68, 0x18, 0x10, 0x84, 0x00,
    0x03, 0x83, 0x87, 0x14, 0x10, 0x84, 0x00, 0x07, 0x01, 0x05, 0x8C, 0x88, 0x00, 0x00, 0x01, 0x01, 0x81, 0x00, 0x03, 0x04, 0x0C, 0xF8, 0xF0, 0x84,
    0x00, 0x04, 0x03, 0x03, 0x10, 0xF0, 0xC0, 0x84, 0x00, 0x07, 0x06, 0x1F, 0xD9, 0xC0, 0x00, 0x00, 0x04, 0x04, 0x82, 0x00, 0x01, 0x7A, 0x7A, 0xAE,
    0x00, 0x07, 0x80, 0x81, 0x7D, 0xA0, 0xDF, 0x22, 0x20, 0x09, 0x80, 0x00, 0x06, 0xC4, 0x00, 0x40, 0x00, 0x00, 0x60, 0x60, 0x87, 0x00, 0x02, 0xF8,
    0xFA, 0x06, 0x87, 0x00, 0x02, 0x08, 0x0A, 0x02, 0x87, 0x00, 0x01, 0x08, 0x08, 0x85, 0x00, 0x03, 0x80, 0x80, 0x31, 0x33, 0x86, 0x00, 0x01, 0x80,
    0xC2, 0xB0, 0x00, 0x13, 0x01, 0x02, 0x05, 0xCB, 0x2C, 0xD6, 0x28, 0x10, 0x00, 0x02, 0x90, 0x00, 0x00, 0x80, 0x00, 0x00, 0x8B, 0xC6, 0x54, 0x10,
    0x85, 0x00, 0x02, 0x04, 0xCC, 0xD8, 0x87, 0x00, 0x04, 0x70, 0x70, 0x00, 0x02, 0x02, 0x81, 0x00, 0x08, 0x02, 0x02, 0x10, 0xD0, 0xC0, 0x00, 0x01,
    0x09, 0x08, 0x82, 0x00, 0x01, 0x60, 0x40, 0x85, 0x00, 0x02, 0x04, 0x74, 0xF0, 0x01, 0xAD, 0x00, 0x12, 0x07, 0x03, 0x10, 0x4F, 0x64, 0x18, 0xE0,
    0x00, 0x00, 0x30, 0x00, 0x00, 0x20, 0x00, 0x20, 0x00, 0x14, 0x55, 0x41, 0x86, 0x00, 0x01, 0x10, 0x10, 0x83, 0x00, 0x01, 0x01, 0x01, 0x80, 0x00,
    0x02, 0x08, 0x0E, 0x06, 0x86, 0x00, 0x02, 0x40, 0xF8, 0x38, 0x81, 0x00, 0x01, 0x08, 0x08, 0x80, 0x00, 0x03, 0x80, 0xC1, 0x61, 0x20, 0x86, 0x00,
    0x01, 0x87, 0xB6, 0xAF, 0x00, 0x0A, 0x20, 0x00, 0x07, 0x61, 0x9A, 0x45, 0x68, 0x10, 0x18, 0x00, 0x20, 0x80, 0x00, 0x05, 0x48, 0x00, 0x01, 0x05,
    0x3C, 0x38, 0x80, 0x00, 0x01, 0x80, 0x80, 0x80, 0x00, 0x06, 0x03, 0x82, 0xF0, 0x70, 0x00, 0x01, 0x01, 0x81, 0x00, 0x03, 0x01, 0x01, 0x10, 0x10,
    0x85, 0x00, 0x03, 0x04, 0x04, 0xE0, 0xC0, 0x85, 0x00, 0x02, 0x09, 0x09, 0x40, 0x86, 0x00, 0x02, 0x3E, 0x3F, 0x01, 0xAB, 0x00, 0x09, 0x02, 0x00,
    0x00, 0x43, 0x5C, 0x80, 0x5B, 0x20, 0x00, 0x22, 0x80, 0x00, 0x00, 0x02, 0x81, 0x00, 0x01, 0x10, 0x10, 0x87, 0x00, 0x02, 0xF0, 0xF4, 0x04, 0x87,
    0x00, 0x03, 0x08, 0x0A, 0x03, 0x01, 0x86, 0x00, 0x02, 0x08, 0x0F, 0x07, 0x84, 0x00, 0x04, 0x80, 0x80, 0x20, 0x2E, 0x0C, 0x85, 0x00, 0x02, 0x80,
    0xC3, 0x7F, 0xA9, 0x00, 0x00, 0x88, 0x81, 0x00, 0x0B, 0x01, 0x21, 0x02, 0x45, 0xEA, 0x15, 0xD0, 0x28, 0x10, 0x00, 0x02, 0x01, 0x82, 0x00, 0x03,
    0x01, 0x44, 0x7C, 0x38, 0x84, 0x00, 0x04, 0x01, 0x01, 0x80, 0xB8, 0x30, 0x87, 0x00, 0x01, 0x90, 0x80, 0x83, 0x00, 0x07, 0x01, 0x05, 0x0C, 0x48,
    0x40, 0x00, 0x01, 0x01, 0x83, 0x00, 0x01, 0x30, 0x70, 0x81, 0x00, 0x01, 0x40, 0x40, 0x80, 0x00, 0x02, 0x3A, 0xBA, 0x80, 0x01, 0xA8, 0x00, 0x00,
    0x08, 0x80, 0x00, 0x0B, 0x0F, 0x00, 0x10, 0xCF, 0xA4, 0x10, 0xE0, 0xA0, 0x00, 0x00, 0x10, 0x80, 0x81, 0x00, 0x03, 0x0C, 0x4F, 0xC2, 0x80, 0x86,
    0x00, 0x01, 0x60, 0x60, 0x81, 0x00, 0x01, 0x80, 0x80, 0x81, 0x00, 0x02, 0x08, 0x04, 0x04, 0x86, 0x00, 0x03, 0xC0, 0xF8, 0x3B, 0x03, 0x86, 0x00,
    0x02, 0x40, 0x6E, 0x2E, 0x86, 0x00, 0x02, 0x03, 0x0A, 0x08, 0xA9, 0x00, 0x00, 0x08, 0x83, 0x00, 0x11, 0x87, 0x60, 0x8B, 0x45, 0x20, 0x10, 0x10,
    0x00, 0x10, 0x08, 0x00, 0x00, 0x08, 0x00, 0x00, 0x82, 0xAA, 0x28, 0x80, 0x00, 0x01, 0x80, 0x80, 0x80, 0x00, 0x06, 0x03, 0x06, 0x7C, 0x78, 0x00,
    0x00, 0x01, 0x81, 0x00, 0x04, 0x01, 0x05, 0x0C, 0xE8, 0xE0, 0x84, 0x00, 0x03, 0x07, 0x07, 0x30, 0x30, 0x85, 0x00, 0x07, 0x07, 0x17, 0xD0, 0x80,
    0x00, 0x00, 0x04, 0x04, 0x81, 0x00, 0x02, 0x06, 0x45, 0x41, 0xAC, 0x00, 0x07, 0x20, 0x80, 0x42, 0xBC, 0xC0, 0x7B, 0x2C, 0xA0, 0x80, 0x00, 0x00,
    0x40, 0x83, 0x00, 0x01, 0x70, 0x60, 0x86, 0x00, 0x03, 0x40, 0x48, 0x0A, 0x02, 0x88, 0x00, 0x01, 0x01, 0x01, 0x87, 0x00, 0x01, 0x07, 0x07, 0x86,
    0x00, 0x02, 0x20, 0x3B, 0x1B, 0x85, 0x00, 0x03, 0x80, 0x41, 0x75, 0x34, 0xAD, 0x00, 0x14, 0x01, 0x00, 0x00, 0x45, 0x22, 0x14, 0xE0, 0x28, 0x10,
    0x00, 0x02, 0x20, 0x80, 0x80, 0x00, 0x40, 0x10, 0x01, 0xC3, 0xEA, 0x28, 0x84, 0x00, 0x04, 0x01, 0x01, 0x04, 0x7C, 0x70, 0x87, 0x00, 0x04, 0xF0,
    0xE0, 0x00, 0x02, 0x02, 0x80, 0x00, 0x09, 0x01, 0x07, 0x0E, 0x18, 0x90, 0x80, 0x01, 0x01, 0x08, 0x08, 0x81, 0x00, 0x01, 0x10, 0x70, 0x81, 0x00,
    0x01, 0x40, 0x40, 0x80, 0x00, 0x03, 0x0E, 0x4E, 0x40, 0x00, 0x01, 0xAB, 0x00, 0x09, 0x05, 0x00, 0x10, 0xCF, 0x00, 0xD4, 0xE4, 0x41, 0x80, 0x01,
    0x84, 0x00, 0x02, 0x12, 0x92, 0x81, 0x86, 0x00, 0x01, 0x70, 0x70, 0x81, 0x00, 0x03, 0x80, 0x80, 0x01, 0x01, 0x80, 0x00, 0x02, 0x04, 0x0A, 0x02,
    0x85, 0x00, 0x03, 0x80, 0xA0, 0x23, 0x03, 0x81, 0x00, 0x01, 0x08, 0x08, 0x80, 0x00, 0x02, 0xC0, 0xAF, 0x2F, 0x86, 0x00, 0x03, 0x01, 0x8D, 0xBC,
    0x30, 0xAF, 0x00, 0x06, 0x85, 0x60, 0x83, 0xD4, 0x22, 0x19, 0x70, 0x82, 0x00, 0x06, 0x01, 0x00, 0x00, 0x81, 0x87, 0x14, 0x10, 0x84, 0x00, 0x06,
    0x01, 0x05, 0x8C, 0x88, 0x00, 0x00, 0x01, 0x84, 0x00, 0x01, 0xB0, 0xB0, 0x84, 0x00, 0x04, 0x03, 0x03, 0x10, 0xD0, 0xC0, 0x84, 0x00, 0x07, 0x06,
    0x0E, 0x48, 0x40, 0x00, 0x00, 0x04, 0x04, 0x82, 0x00, 0x01, 0x79, 0x7B, 0xAD, 0x00, 0x06, 0x80, 0x40, 0xB1, 0x40, 0x73, 0x05, 0x04, 0x87, 0x00,
    0x01, 0x70, 0x60, 0x87, 0x00, 0x02, 0xB8, 0xBE, 0x06, 0x87, 0x00, 0x02, 0x08, 0x0A, 0x02, 0x87, 0x00, 0x01, 0x08, 0x08, 0x85, 0x00, 0x04, 0x80,
    0x80, 0x10, 0x15, 0x04, 0x86, 0x00, 0x02, 0xA2, 0x0A, 0x08, 0xAB, 0x00, 0x0E, 0x02, 0x01, 0x00, 0x02, 0x45, 0xAA, 0x54, 0xE0, 0x1A, 0x10, 0x12,
    0x22, 0x00, 0x00, 0x80, 0x80, 0x00, 0x04, 0x80, 0x80, 0xA6, 0x34, 0x10, 0x85, 0x00, 0x02, 0x04, 0xCC, 0xC8, 0x87, 0x00, 0x01, 0x70, 0x70, 0x84,
    0x00, 0x08, 0x02, 0x02, 0x10, 0xD0, 0xC0, 0x00, 0x00, 0x08, 0x08, 0x82, 0x00, 0x01, 0x60, 0x40, 0x85, 0x00, 0x04, 0x06, 0x74, 0xF0, 0x80, 0x00,
    0x01, 0xA7, 0x00, 0x16, 0x0A, 0x00, 0x00, 0x01, 0x28, 0x00, 0x4F, 0x22, 0xD0, 0x20, 0x01, 0x10, 0x00, 0x20, 0x00, 0x00, 0x20, 0x00, 0x00, 0x20,
    0x1C, 0x5D, 0x41, 0x86, 0x00, 0x01, 0x10, 0x10, 0x83, 0x00, 0x01, 0x01, 0x01, 0x80, 0x00, 0x02, 0x08, 0x0A, 0x06, 0x86, 0x00, 0x02, 0x40, 0x58,
    0x18, 0x81, 0x00, 0x00, 0x08, 0x81, 0x00, 0x02, 0x80, 0x81, 0x41, 0x87, 0x00, 0x02, 0x82, 0xB2, 0x30, 0xAC, 0x00, 0x15, 0x02, 0x00, 0x00, 0x87,
    0x40, 0x83, 0x54, 0x60, 0x1A, 0x00, 0x10, 0x02, 0x00, 0x00, 0x40, 0x40, 0x09, 0x00, 0x81, 0x03, 0x3C, 0x38, 0x80, 0x00, 0x01, 0x80, 0x80, 0x80,
    0x00, 0x06, 0x02, 0x82, 0xF0, 0x70, 0x00, 0x01, 0x01, 0x81, 0x00, 0x04, 0x01, 0x05, 0x0C, 0x48, 0x40, 0x84, 0x00, 0x03, 0x04, 0x04, 0x60, 0x60,
    0x85, 0x00, 0x03, 0x01, 0x11, 0x90, 0x80, 0x85, 0x00, 0x01, 0x0E, 0x2E, 0xAD, 0x00, 0x07, 0x80, 0x40, 0xBB, 0x44, 0x31, 0x48, 0x09, 0x08, 0x86,
    0x00, 0x01, 0x10, 0x10, 0x87, 0x00, 0x02, 0xF0, 0xF4, 0x04, 0x87, 0x00, 0x03, 0x08, 0x00, 0x01, 0x01, 0x86, 0x00, 0x02, 0x08, 0x0F, 0x07, 0x84,
    0x00, 0x04, 0x80, 0x80, 0x30, 0x2F, 0x0A, 0x85, 0x00, 0x03, 0x80, 0xC1, 0x5D, 0x3C, 0xAC, 0x00, 0x0E, 0x01, 0x00, 0x02, 0x45, 0x8A, 0x54, 0xEC,
    0x38, 0x00, 0x02, 0x14, 0x20, 0x00, 0x00, 0x80, 0x80, 0x00, 0x03, 0x01, 0x47, 0x5C, 0x18, 0x84, 0x00, 0x04, 0x01, 0x01, 0x80, 0x30, 0x30, 0x87,
    0x00, 0x04, 0x80, 0x80, 0x00, 0x02, 0x02, 0x80, 0x00, 0x07, 0x01, 0x05, 0x0C, 0x48, 0x40, 0x00, 0x01, 0x01, 0x83, 0x00, 0x01, 0x30, 0x30, 0x81,
    0x00, 0x01, 0x40, 0x40, 0x80, 0x00, 0x01, 0x38, 0x3A, 0x80, 0x00, 0x01, 0xA8, 0x00, 0x07, 0x80, 0x00, 0x0E, 0x00, 0xDF, 0x29, 0xD0, 0x20, 0x87,
    0x00, 0x03, 0x08, 0x4B, 0xC3, 0x80, 0x86, 0x00, 0x01, 0x60, 0x60, 0x81, 0x00, 0x01, 0x80, 0x80, 0x82, 0x00, 0x01, 0x04, 0x04, 0x86, 0x00, 0x03,
    0xC0, 0xF8, 0x33, 0x03, 0x82, 0x00, 0x06, 0x08, 0x00, 0x00, 0x80, 0xC0, 0x6E, 0x2E, 0x86, 0x00, 0x02, 0x81, 0x8D, 0x0C, 0xAF, 0x00, 0x07, 0x03,
    0x40, 0x03, 0x1C, 0x24, 0x98, 0x00, 0x01, 0x85, 0x00, 0x02, 0x02, 0xA6, 0x20, 0x80, 0x00, 0x01, 0x80, 0x80, 0x80, 0x00, 0x03, 0x01, 0x07, 0x6C,
    0x68, 0x84, 0x00, 0x04, 0x01, 0x05, 0x04, 0xF8, 0xF0, 0x84, 0x00, 0x04, 0x03, 0x03, 0x10, 0xB0, 0x80, 0x84, 0x00, 0x07, 0x07, 0x0F, 0xD8, 0xC0,
    0x00, 0x00, 0x04, 0x04, 0x81, 0x00, 0x02, 0x06, 0x77, 0x51, 0xA8, 0x00, 0x00, 0x80, 0x81, 0x00, 0x07, 0x40, 0x91, 0x40, 0x70, 0x3A, 0x0C, 0x00,
    0x04, 0x83, 0x00, 0x04, 0x20, 0x00, 0x00, 0x60, 0x60, 0x87, 0x00, 0x02, 0x48, 0x0A, 0x02, 0x88, 0x00, 0x01, 0x0B, 0x03, 0x92, 0x00, 0x03, 0x20,
    0x21, 0x11, 0x04, 0x84, 0x00, 0x03, 0x80, 0xC0, 0x72, 0x32, 0xAA, 0x00, 0x0C, 0x02, 0x00, 0x00, 0x20, 0x02, 0x65, 0xA8, 0x14, 0x28, 0x1C, 0x10,
    0x00, 0x10, 0x83, 0x00, 0x04, 0x80, 0x01, 0xC3, 0xFA, 0x28, 0x86, 0x00, 0x02, 0x04, 0x7C, 0xF8, 0x87, 0x00, 0x04, 0xF0, 0xF0, 0x00, 0x02, 0x02,
    0x81, 0x00, 0x08, 0x03, 0x0A, 0x18, 0x90, 0x80, 0x01, 0x01, 0x08, 0x08, 0x81, 0x00, 0x02, 0x10, 0x50, 0x40, 0x85, 0x00, 0x05, 0x0E, 0x4E, 0xC0,
    0x80, 0x00, 0x00, 0x01, 0xA5, 0x00, 0x0D, 0x02, 0x00, 0x80, 0x00, 0x07, 0x00, 0xD1, 0x21, 0xD8, 0x22, 0x20, 0x00, 0x00, 0x40, 0x84, 0x00, 0x02,
    0x16, 0x96, 0x80, 0x86, 0x00, 0x01, 0x70, 0x70, 0x81, 0x00, 0x03, 0x80, 0x80, 0x01, 0x01, 0x80, 0x00, 0x02, 0x08, 0x0A, 0x02, 0x85, 0x00, 0x03,
    0xC0, 0xE0, 0x20, 0x08, 0x81, 0x00, 0x01, 0x08, 0x08, 0x80, 0x00, 0x02, 0x40, 0x61, 0x21, 0x87, 0x00, 0x02, 0x02, 0x32, 0x30, 0xAA, 0x00, 0x08,
    0x03, 0x00, 0x00, 0x20, 0x83, 0x44, 0x23, 0x9F, 0x60, 0x82, 0x00, 0x09, 0x15, 0x00, 0x00, 0x40, 0x00, 0x00, 0x81, 0x85, 0x1C, 0x18, 0x84, 0x00,
    0x07, 0x01, 0x03, 0x80, 0x90, 0x10, 0x00, 0x01, 0x01, 0x83, 0x00, 0x01, 0x08, 0x10, 0x84, 0x00, 0x04, 0x01, 0x05, 0x04, 0xE0, 0xC0, 0x84, 0x00,
    0x02, 0x02, 0x02, 0x18, 0x87, 0x00, 0x01, 0x39, 0x39, 0xAA, 0x00, 0x07, 0x20, 0x20, 0x80, 0x40, 0x30, 0x48, 0x04, 0x41, 0x82, 0x00, 0x00, 0x02,
    0x83, 0x00, 0x01, 0x30, 0x30, 0x87, 0x00, 0x02, 0xF8, 0xB4, 0x04, 0x87, 0x00, 0x01, 0x08, 0x0A, 0x88, 0x00, 0x02, 0x08, 0x0F, 0x07, 0x84, 0x00,
    0x04, 0x80, 0x80, 0x10, 0x1E, 0x0E, 0x86, 0x00, 0x02, 0x21, 0x0D, 0x0C, 0xAA, 0x00, 0x08, 0x04, 0x00, 0x01, 0x00, 0x45, 0x01, 0x16, 0x60, 0x90,
    0x84, 0x00, 0x07, 0x80, 0x40, 0x00, 0x00, 0x80, 0xA4, 0x24, 0x10, 0x84, 0x00, 0x03, 0x01, 0x01, 0xC8, 0xC8, 0x87, 0x00, 0x01, 0x70, 0x70, 0x84,
    0x00, 0x08, 0x01, 0x04, 0x04, 0x40, 0x40, 0x00, 0x00, 0x08, 0x08, 0x82, 0x00, 0x01, 0x60, 0x60, 0x81, 0x00, 0x07, 0x40, 0x40, 0x00, 0x00, 0x04,
    0x34, 0x30, 0x80, 0x80, 0x00, 0x01, 0xA7, 0x00, 0x0C, 0x20, 0x01, 0x00, 0xD0, 0x0E, 0xC1, 0x20, 0x00, 0x20, 0x00, 0x00, 0x10, 0x20, 0x82, 0x00,
    0x02, 0x0C, 0x4D, 0x41, 0x93, 0x00, 0x02, 0x08, 0x0C, 0x04, 0x85, 0x00, 0x04, 0x80, 0x00, 0x18, 0x1B, 0x03, 0x85, 0x00, 0x03, 0x80, 0x80, 0x0E,
    0x0E, 0x86, 0x00, 0x02, 0x81, 0xBD, 0x2C, 0xAE, 0x00, 0x06, 0x01, 0x04, 0x21, 0x88, 0xE2, 0x20, 0x18, 0x80, 0x00, 0x02, 0x20, 0x02, 0x10, 0x81,
    0x00, 0x02, 0x02, 0x22, 0x20, 0x80, 0x00, 0x01, 0x80, 0x80, 0x80, 0x00, 0x06, 0x02, 0x86, 0x6C, 0x68, 0x00, 0x01, 0x01, 0x81, 0x00, 0x04, 0x01,
    0x05, 0x0C, 0xF8, 0xE0, 0x84, 0x00, 0x03, 0x02, 0x02, 0x30, 0x30, 0x85, 0x00, 0x07, 0x05, 0x1D, 0xD0, 0xC0, 0x00, 0x00, 0x04, 0x04, 0x81, 0x00,
    0x02, 0x06, 0x46, 0x40, 0xA9, 0x00, 0x0C, 0x20, 0x00, 0x80, 0x40, 0x30, 0x81, 0x00, 0x30, 0x2A, 0x1C, 0x00, 0x00, 0x02, 0x85, 0x00, 0x01, 0x40,
    0x40, 0x86, 0x00, 0x03, 0x70, 0x70, 0x0A, 0x02, 0x88, 0x00, 0x01, 0x01, 0x03, 0x87, 0x00, 0x00, 0x04, 0x85, 0x00, 0x04, 0x80, 0x80, 0x20, 0x29,
    0x09, 0x85, 0x00, 0x03, 0x80, 0xC0, 0x52, 0x32, 0xAB, 0x00, 0x0B, 0x08, 0x01, 0x00, 0x04, 0x28, 0x12, 0x62, 0xF9, 0x90, 0x08, 0x32, 0x02, 0x81,
    0x00, 0x06, 0x08, 0x00, 0x00, 0x01, 0x43, 0x5A, 0x18, 0x85, 0x00, 0x03, 0x01, 0x04, 0x34, 0x30, 0x87, 0x00, 0x04, 0x80, 0x80, 0x00, 0x02, 0x02,
    0x80, 0x00, 0x07, 0x01, 0x03, 0x0E, 0x18, 0x90, 0x80, 0x01, 0x01, 0x83, 0x00, 0x01, 0x30, 0x30, 0x82, 0x00, 0x00, 0x40, 0x80, 0x00, 0x02, 0x0A,
    0x5A, 0xC0, 0x81, 0x00, 0x01, 0xA8, 0x00, 0x05, 0x0E, 0x40, 0x21, 0xC0, 0xF0, 0x01, 0x82, 0x00, 0x00, 0x20, 0x82, 0x00, 0x02, 0x12, 0x92, 0x80,
    0x86, 0x00, 0x01, 0x70, 0x70, 0x81, 0x00, 0x03, 0x80, 0x80, 0x01, 0x01, 0x80, 0x00, 0x02, 0x04, 0x02, 0x02, 0x85, 0x00, 0x02, 0x40, 0xF0, 0x30,
    0x82, 0x00, 0x07, 0x08, 0x08, 0x00, 0x00, 0x80, 0xC0, 0x69, 0x21, 0x86, 0x00, 0x03, 0x80, 0x82, 0x02, 0x10, 0xAD, 0x00, 0x0C, 0x01, 0x80, 0x60,
    0x02, 0x56, 0x00, 0x18, 0x10, 0x44, 0x00, 0x00, 0x08, 0x04, 0x81, 0x00, 0x03, 0x81, 0xA5, 0x3C, 0x18, 0x84, 0x00, 0x04, 0x01, 0x01, 0x40, 0xD0,
    0x10, 0x86, 0x00, 0x01, 0xB0, 0xB0, 0x84, 0x00, 0x04, 0x01, 0x07, 0x04, 0xC0, 0xC0, 0x84, 0x00, 0x03, 0x03, 0x0B, 0x48, 0x40, 0x86, 0x00, 0x01,
    0x39, 0x39, 0x81, 0x00, 0x00, 0x01, 0xA7, 0x00, 0x06, 0x42, 0x00, 0x80, 0x4A, 0x34, 0x01, 0x01, 0x80, 0x08, 0x80, 0x00, 0x00, 0x40, 0x81, 0x00,
    0x01, 0x30, 0x70, 0x87, 0x00, 0x02, 0x88, 0x8E, 0x04, 0x87, 0x00, 0x02, 0x08, 0x0A, 0x02, 0x87, 0x00, 0x02, 0x08, 0x0B, 0x07, 0x85, 0x00, 0x03,
    0x20, 0x30, 0x16, 0x06, 0x84, 0x00, 0x04, 0x80, 0x40, 0x61, 0x2D, 0x0C, 0xAA, 0x00, 0x0C, 0x60, 0x80, 0x00, 0x06, 0x49, 0x90, 0x64, 0x1C, 0x10,
    0x10, 0x80, 0x00, 0x10, 0x81, 0x00, 0x05, 0x88, 0x00, 0x00, 0xC0, 0xEC, 0x2C, 0x85, 0x00, 0x03, 0x01, 0x00, 0xEC, 0xE8, 0x87, 0x00, 0x01, 0x70,
    0x70, 0x84, 0x00, 0x08, 0x02, 0x06, 0x10, 0x50, 0x40, 0x00, 0x00, 0x08, 0x08, 0x82, 0x00, 0x01, 0x40, 0x40, 0x81, 0x00, 0x00, 0x40, 0x80, 0x00,
    0x03, 0x06, 0x36, 0x20, 0x80, 0x81, 0x00, 0x01, 0xA7, 0x00, 0x05, 0x01, 0xC0, 0x30, 0xCA, 0x13, 0x10, 0x88, 0x00, 0x02, 0x0C, 0x4D, 0x41, 0x86,
    0x00, 0x01, 0x50, 0x40, 0x83, 0x00, 0x01, 0x01, 0x01, 0x80, 0x00, 0x02, 0x08, 0x0A, 0x04, 0x85, 0x00, 0x04, 0xC0, 0xA0, 0x28, 0x0B, 0x03, 0x85,
    0x00, 0x03, 0x40, 0x60, 0x26, 0x0E, 0x86, 0x00, 0x02, 0x01, 0x3D, 0x3C, 0xAB, 0x00, 0x09, 0x04, 0x00, 0x01, 0x02, 0x44, 0x01, 0x90, 0x20, 0x80,
    0x02, 0x82, 0x00, 0x00, 0x01, 0x80, 0x00, 0x03, 0x80, 0x03, 0x12, 0x10, 0x80, 0x00, 0x01, 0x80, 0x80, 0x80, 0x00, 0x06, 0x02, 0x86, 0xBC, 0x38,
    0x00, 0x01, 0x01, 0x81, 0x00, 0x04, 0x01, 0x05, 0x0C, 0x48, 0x40, 0x84, 0x00, 0x03, 0x02, 0x00, 0x30, 0x30, 0x85, 0x00, 0x07, 0x04, 0x14, 0x90,
    0x80, 0x00, 0x00, 0x04, 0x04, 0x81, 0x00, 0x02, 0x07, 0x47, 0x40, 0xAB, 0x00, 0x07, 0x80, 0x00, 0x30, 0x40, 0x20, 0x00, 0x28, 0x2C, 0x81, 0x00,
    0x02, 0x20, 0x00, 0x40, 0x80, 0x00, 0x01, 0x10, 0x50, 0x87, 0x00, 0x03, 0x70, 0x70, 0x00, 0x02, 0x88, 0x00, 0x01, 0x01, 0x01, 0x86, 0x00, 0x02,
    0x08, 0x04, 0x04, 0x84, 0x00, 0x04, 0x80, 0x80, 0x10, 0x19, 0x09, 0x86, 0x00, 0x02, 0x80, 0x12, 0x12, 0xAC, 0x00, 0x07, 0x01, 0x00, 0x60, 0x10,
    0x26, 0x09, 0x82, 0x90, 0x80, 0x00, 0x01, 0x10, 0x10, 0x82, 0x00, 0x03, 0x01, 0x23, 0x32, 0x10, 0x86, 0x00, 0x02, 0x04, 0x10, 0x10, 0x87, 0x00,
    0x04, 0x80, 0x80, 0x00, 0x02, 0x02, 0x80, 0x00, 0x07, 0x01, 0x05, 0x0C, 0x08, 0xC0, 0x80, 0x01, 0x01, 0x83, 0x00, 0x01, 0x30, 0x30, 0x81, 0x00,
    0x01, 0x40, 0x40, 0x80, 0x00, 0x02, 0x18, 0x78, 0xC0, 0x82, 0x00, 0x01, 0xA7, 0x00, 0x09, 0xC0, 0x10, 0x01, 0x04, 0x20, 0x40, 0x00, 0x02, 0x00,
    0x02, 0x84, 0x00, 0x02, 0x13, 0xD2, 0x80, 0x86, 0x00, 0x01, 0x20, 0x30, 0x81, 0x00, 0x01, 0x80, 0x80, 0x82, 0x00, 0x02, 0x04, 0x00, 0x02, 0x86,
    0x00, 0x01, 0x50, 0x10, 0x82, 0x00, 0x07, 0x08, 0x08, 0x00, 0x00, 0x80, 0x80, 0x09, 0x09, 0x86, 0x00, 0x02, 0x80, 0xA2, 0x02, 0x81, 0x00, 0x00,
    0x40, 0xAB, 0x00, 0x09, 0x01, 0x03, 0x64, 0x04, 0x18, 0x00, 0x00, 0x04, 0x00, 0x40, 0x82, 0x00, 0x06, 0x01, 0xA4, 0x2C, 0x08, 0x00, 0x00, 0x80,
    0x81, 0x00, 0x03, 0x01, 0x01, 0x40, 0x40, 0x84, 0x00, 0x04, 0x01, 0x01, 0x00, 0xB0, 0xF0, 0x84, 0x00, 0x04, 0x03, 0x07, 0x04, 0xC0, 0xC0, 0x84,
    0x00, 0x03, 0x03, 0x0B, 0x48, 0x40, 0x86, 0x00, 0x01, 0x38, 0x38, 0x81, 0x00, 0x01, 0x01, 0x01, 0xA5, 0x00, 0x07, 0x08, 0x40, 0x00, 0x80, 0x01,
    0x10, 0x00, 0x02, 0x83, 0x00, 0x06, 0x40, 0x00, 0x00, 0x01, 0x00, 0x60, 0x60, 0x87, 0x00, 0x02, 0x88, 0x8E, 0x04, 0x87, 0x00, 0x01, 0x08, 0x0A,
    0x89, 0x00, 0x01, 0x0B, 0x03, 0x85, 0x00, 0x03, 0x20, 0x20, 0x06, 0x06, 0x84, 0x00, 0x04, 0x80, 0xC0, 0x61, 0x2D, 0x0C, 0xAD, 0x00, 0x09, 0x26,
    0x19, 0x00, 0x48, 0x10, 0x10, 0x20, 0x00, 0x00, 0x02, 0x84, 0x00, 0x02, 0xC0, 0xDC, 0x1C, 0x85, 0x00, 0x03, 0x01, 0x05, 0xFC, 0xF8, 0x87, 0x00,
    0x01, 0x70, 0x70, 0x84, 0x00, 0x03, 0x02, 0x02, 0x10, 0x50, 0x80, 0x00, 0x01, 0x08, 0x08, 0x81, 0x00, 0x02, 0x10, 0x50, 0x40, 0x85, 0x00, 0x01,
    0x0E, 0x2E, 0x84, 0x00, 0x01, 0xA6, 0x00, 0x05, 0x41, 0x08, 0x20, 0xC0, 0x30, 0x12, 0x88, 0x00, 0x02, 0x0C, 0x4C, 0x01, 0x86, 0x00, 0x01, 0x70,
    0x70, 0x81, 0x00, 0x03, 0x80, 0x80, 0x01, 0x01, 0x80, 0x00, 0x02, 0x08, 0x0A, 0x04, 0x85, 0x00, 0x04, 0xC0, 0xE0, 0x28, 0x0B, 0x03, 0x85, 0x00,
    0x03, 0x40, 0x60, 0x26, 0x06, 0x85, 0x00, 0x03, 0x80, 0x81, 0x1D, 0x3C, 0x80, 0x00, 0x01, 0x40, 0x40, 0xA6, 0x00, 0x0A, 0xA0, 0x20, 0x01, 0x02,
    0xE4, 0x00, 0x18, 0x00, 0x10, 0x51, 0x10, 0x80, 0x00, 0x00, 0x40, 0x81, 0x00, 0x03, 0x80, 0x03, 0x1A, 0x18, 0x81, 0x00, 0x00, 0x80, 0x80, 0x00,
    0x06, 0x02, 0x86, 0xBC, 0x38, 0x00, 0x01, 0x01, 0x82, 0x00, 0x02, 0x04, 0x0C, 0x48, 0x87, 0x00, 0x01, 0x30, 0x30, 0x85, 0x00, 0x07, 0x04, 0x14,
    0x90, 0x80, 0x00, 0x00, 0x04, 0x04, 0x81, 0x00, 0x02, 0x0F, 0x4F, 0x40, 0xAB, 0x00, 0x07, 0x80, 0x00, 0x10, 0x40, 0x20, 0x00, 0x08, 0x80, 0x83,
    0x00, 0x00, 0x40, 0x80, 0x00, 0x01, 0x10, 0x10, 0x87, 0x00, 0x03, 0x70, 0x70, 0x00, 0x02, 0x86, 0x00, 0x03, 0x08, 0x00, 0x01, 0x03, 0x86, 0x00,
    0x02, 0x08, 0x0C, 0x04, 0x84, 0x00, 0x04, 0x80, 0x80, 0x10, 0x18, 0x08, 0x86, 0x00, 0x02, 0x20, 0x10, 0x10, 0xAC, 0x00, 0x05, 0x01, 0x00, 0x40,
    0x00, 0xAE, 0x18, 0x89, 0x00, 0x02, 0x01, 0x27, 0x26, 0x87, 0x00, 0x01, 0xC8, 0x48, 0x87, 0x00, 0x05, 0x10, 0x90, 0x80, 0x00, 0x02, 0x02, 0x80,
    0x00, 0x07, 0x01, 0x05, 0x0C, 0x08, 0xC0, 0x80, 0x01, 0x01, 0x83, 0x00, 0x01, 0x20, 0x20, 0x82, 0x00, 0x00, 0x40, 0x80, 0x00, 0x03, 0x30, 0x70,
    0xC0, 0x80, 0x82, 0x00, 0x01, 0xA6, 0x00, 0x06, 0x80, 0x30, 0x40, 0x48, 0x00, 0x00, 0x80, 0x81, 0x00, 0x00, 0x01, 0x82, 0x00, 0x02, 0x52, 0xD2,
    0x80, 0x93, 0x00, 0x02, 0x04, 0x00, 0x02, 0x85, 0x00, 0x02, 0x20, 0x10, 0x10, 0x82, 0x00, 0x07, 0x08, 0x08, 0x00, 0x00, 0xC0, 0xE0, 0x29, 0x09,
    0x87, 0x00, 0x01, 0x22, 0x22, 0xB0, 0x00, 0x07, 0x01, 0x12, 0xE4, 0x00, 0x08, 0x00, 0x20, 0x04, 0x80, 0x00, 0x00, 0x08, 0x80, 0x00, 0x02, 0x01,
    0xA4, 0x24, 0x80, 0x00, 0x01, 0x80, 0x80, 0x80, 0x00, 0x03, 0x01, 0x01, 0x60, 0x60, 0x85, 0x00, 0x03, 0x01, 0x00, 0xF0, 0xF0, 0x84, 0x00, 0x04,
    0x01, 0x07, 0x04, 0xC0, 0xC0, 0x84, 0x00, 0x03, 0x03, 0x0B, 0x08, 0x40, 0x85, 0x00, 0x02, 0x02, 0x30, 0x30, 0x81, 0x00, 0x01, 0x01, 0x01, 0xA7,
    0x00, 0x04, 0x20, 0x00, 0x00, 0x10, 0x14, 0x89, 0x00, 0x01, 0x20, 0x20, 0x87, 0x00, 0x02, 0x88, 0x8C, 0x04, 0x88, 0x00, 0x00, 0x08, 0x89, 0x00,
    0x01, 0x03, 0x03, 0x85, 0x00, 0x03, 0x20, 0x20, 0x03, 0x03, 0x84, 0x00, 0x04, 0x80, 0xC0, 0x50, 0x2A, 0x0A, 0x81, 0x00, 0x00, 0x04, 0xA8, 0x00,
    0x09, 0x2E, 0x11, 0x05, 0x51, 0x19, 0x80, 0x00, 0x41, 0x00, 0x10, 0x84, 0x00, 0x02, 0xE0, 0xD8, 0x18, 0x85, 0x00, 0x03, 0x01, 0x05, 0x34, 0xB0,
    0x87, 0x00, 0x01, 0x60, 0x60, 0x85, 0x00, 0x02, 0x02, 0x18, 0x50, 0x80, 0x00, 0x01, 0x08, 0x08, 0x81, 0x00, 0x02, 0x10, 0x50, 0x40, 0x81, 0x00,
    0x00, 0x40, 0x80, 0x00, 0x01, 0x0E, 0x0E, 0x85, 0x00, 0x00, 0x05, 0x02, 0x00, 0x00, 0x20, 0x00, 0x04, 0x80, 0x00, 0x02, 0x18, 0x24, 0x18, 0x87,
    0x00, 0x05, 0xC0, 0x20, 0xA0, 0x10, 0xE0, 0x01, 0x81, 0x00, 0x1B, 0x20, 0x04, 0x00, 0x00, 0x12, 0x80, 0x00, 0x00, 0x40, 0xC1, 0xFF, 0x3F, 0x06,
    0x21, 0x10, 0x10, 0x00, 0x02, 0x00, 0x02, 0x00, 0x00, 0x20, 0x00, 0x00, 0x08, 0x57, 0x80, 0x86, 0x00, 0x00, 0x70, 0x89, 0x00, 0x02, 0x08, 0x04,
    0x02, 0x85, 0x00, 0x03, 0xC0, 0x20, 0x18, 0x03, 0x85, 0x00, 0x03, 0x80, 0x40, 0x20, 0x0F, 0x82, 0x00, 0x00, 0x11, 0x80, 0x00, 0x02, 0x80, 0x01,
    0x3E, 0x85, 0x00, 0x00, 0x20, 0x81, 0x00, 0x02, 0x80, 0x50, 0xC8, 0x88, 0x00, 0x06, 0x01, 0x00, 0x01, 0x02, 0x02, 0x06, 0x03, 0x84, 0x00, 0x12,
    0x01, 0x00, 0x20, 0x00, 0x04, 0x00, 0x90, 0x18, 0x20, 0x01, 0xAB, 0xE6, 0xFC, 0x19, 0x88, 0x06, 0x00, 0x12, 0x10, 0x83, 0x00, 0x02, 0x80, 0x83,
    0x3C, 0x86, 0x00, 0x02, 0x01, 0x86, 0x78, 0x82, 0x00, 0x06, 0x20, 0x00, 0x00, 0x01, 0x00, 0x08, 0xF0, 0x85, 0x00, 0x03, 0x03, 0x04, 0x30, 0xC0,
    0x85, 0x00, 0x03, 0x07, 0x18, 0x40, 0x80, 0x85, 0x00, 0x01, 0x0F, 0x70, 0x81, 0x00, 0x00, 0x10, 0x80, 0x00, 0x00, 0x04, 0x82, 0x00, 0x0D, 0x01,
    0x02, 0x01, 0x02, 0x00, 0x80, 0x00, 0x01, 0xE0, 0x00, 0x80, 0x81, 0x00, 0x01, 0x81, 0x00, 0x05, 0x10, 0x00, 0x08, 0x00, 0x00, 0x20, 0x81, 0x00,
    0x12, 0x08, 0x40, 0x00, 0x21, 0x02, 0x00, 0xC0, 0xE0, 0x72, 0x38, 0x09, 0x1F, 0x07, 0x8C, 0x08, 0x20, 0x00, 0x00, 0x02, 0x82, 0x00, 0x00, 0x60,
    0x87, 0x00, 0x02, 0x70, 0x88, 0x06, 0x80, 0x00, 0x00, 0x30, 0x83, 0x00, 0x03, 0x08, 0x08, 0x03, 0x01, 0x86, 0x00, 0x02, 0x08, 0x04, 0x07, 0x82,
    0x00, 0x08, 0x01, 0x00, 0x80, 0x20, 0x30, 0x08, 0x07, 0x00, 0x80, 0x83, 0x00, 0x03, 0x80, 0x60, 0x11, 0x0E, 0x81, 0x00, 0x01, 0x20, 0x08, 0x87,
    0x00, 0x07, 0x20, 0x04, 0x11, 0x0D, 0x03, 0x03, 0x84, 0x0C, 0x8A, 0x00, 0x00, 0x40, 0x80, 0x00, 0x11, 0x02, 0x11, 0x00, 0x80, 0x00, 0x24, 0x00,
    0x05, 0x3F, 0xFE, 0x51, 0xA1, 0x91, 0x02, 0x1C, 0x80, 0x80, 0xD0, 0x84, 0x00, 0x01, 0xE7, 0x18, 0x82, 0x00, 0x00, 0x10, 0x80, 0x00, 0x02, 0x01,
    0xEC, 0xB0, 0x87, 0x00, 0x01, 0x30, 0xC0, 0x84, 0x00, 0x04, 0x01, 0x06, 0x08, 0x10, 0xC0, 0x86, 0x00, 0x01, 0x30, 0x40, 0x85, 0x00, 0x03, 0x04,
    0x3A, 0x40, 0x80, 0x82, 0x00, 0x01, 0x80, 0x00, 0x01, 0xA5, 0x00, 0x06, 0x80, 0x20, 0x40, 0x40, 0x00, 0x00, 0x20, 0x84, 0x00, 0x05, 0x20, 0x00,
    0x00, 0x16, 0xD6, 0x80, 0x94, 0x00, 0x01, 0x02, 0x02, 0x85, 0x00, 0x02, 0x20, 0x30, 0x10, 0x86, 0x00, 0x02, 0x40, 0x60, 0x28, 0x82, 0x00, 0x01,
    0x11, 0x11, 0x81, 0x00, 0x01, 0x20, 0x20, 0xAD, 0x00, 0x14, 0x10, 0x01, 0x02, 0x44, 0x10, 0x20, 0x01, 0x08, 0x00, 0x00, 0x10, 0x00, 0x08, 0x00,
    0x00, 0x10, 0x00, 0x00, 0x01, 0xA5, 0x24, 0x85, 0x00, 0x03, 0x01, 0x03, 0x62, 0x60, 0x81, 0x00, 0x01, 0x20, 0x20, 0x80, 0x00, 0x02, 0x04, 0x30,
    0x30, 0x84, 0x00, 0x04, 0x01, 0x05, 0x04, 0x40, 0x40, 0x84, 0x00, 0x04, 0x03, 0x0B, 0x08, 0x80, 0x80, 0x84, 0x00, 0x02, 0x02, 0x30, 0x30, 0xAE,
    0x00, 0x08, 0x10, 0x00, 0x20, 0x00, 0x18, 0x20, 0x84, 0x00, 0x20, 0x84, 0x00, 0x01, 0x30, 0x20, 0x87, 0x00, 0x02, 0x88, 0x8C, 0x04, 0x88, 0x00,
    0x02, 0x08, 0x00, 0x01, 0x87, 0x00, 0x01, 0x03, 0x06, 0x86, 0x00, 0x02, 0x20, 0x01, 0x01, 0x84, 0x00, 0x04, 0x80, 0xC0, 0x50, 0x0A, 0x0A, 0x80,
    0x00, 0x02, 0x20, 0x28, 0x08, 0xA7, 0x00, 0x0A, 0x28, 0x40, 0x04, 0x10, 0x08, 0x00, 0x00, 0x18, 0x00, 0x00, 0x80, 0x83, 0x00, 0x02, 0xE1, 0xF9,
    0x18, 0x81, 0x00, 0x07, 0x10, 0x10, 0x00, 0x00, 0x01, 0x05, 0x14, 0xB0, 0x87, 0x00, 0x01, 0x40, 0x40, 0x86, 0x00, 0x02, 0x18, 0x50, 0x40, 0x85,
    0x00, 0x02, 0x10, 0x10, 0x40, 0x85, 0x00, 0x01, 0x0A, 0x0A, 0x83, 0x00, 0x02, 0x80, 0x80, 0x00, 0x01, 0xA6, 0x00, 0x02, 0x18, 0x80, 0xA0, 0x80,
    0x00, 0x00, 0x10, 0x80, 0x00, 0x00, 0x02, 0x81, 0x00, 0x02, 0x08, 0x49, 0x01, 0x86, 0x00, 0x01, 0x70, 0x70, 0x88, 0x00, 0x02, 0x08, 0x0C, 0x04,
    0x85, 0x00, 0x04, 0xC0, 0xC0, 0x08, 0x0B, 0x03, 0x84, 0x00, 0x04, 0x80, 0x80, 0x00, 0x01, 0x09, 0x85, 0x00, 0x03, 0x80, 0x80, 0x1A, 0x1A, 0xAD,
    0x00, 0x00, 0x08, 0x80, 0x00, 0x02, 0x0A, 0x46, 0x10, 0x88, 0x00, 0x02, 0x22, 0x1A, 0x18, 0x86, 0x00, 0x02, 0x84, 0x1C, 0x18, 0x84, 0x00, 0x04,
    0x01, 0x01, 0x00, 0xC8, 0xC0, 0x84, 0x00, 0x04, 0x02, 0x02, 0x30, 0xB0, 0x80, 0x84, 0x00, 0x03, 0x04, 0x14, 0x50, 0x40, 0x85, 0x00, 0x02, 0x0D,
    0x4F, 0x40, 0x80, 0x00, 0x01, 0x10, 0x10, 0xAA, 0x00, 0x01, 0x40, 0x10, 0x8A, 0x00, 0x01, 0x40, 0x40, 0x86, 0x00, 0x07, 0x30, 0x30, 0x02, 0x02,
    0x00, 0x00, 0x30, 0x30, 0x82, 0x00, 0x03, 0x08, 0x00, 0x02, 0x02, 0x86, 0x00, 0x03, 0x08, 0x08, 0x00, 0x01, 0x81, 0x00, 0x07, 0x01, 0x01, 0x80,
    0x80, 0x10, 0x18, 0x0E, 0x06, 0x85, 0x00, 0x03, 0x20, 0x01, 0x15, 0x04, 0xAD, 0x00, 0x03, 0x12, 0x00, 0x28, 0xC1, 0x80, 0x00, 0x03, 0x04, 0x00,
    0x00, 0x10, 0x83, 0x00, 0x01, 0x1E, 0x16, 0x87, 0x00, 0x01, 0x68, 0x48, 0x87, 0x00, 0x02, 0x10, 0x90, 0x80, 0x84, 0x00, 0x04, 0x06, 0x0E, 0x00,
    0x80, 0x80, 0x85, 0x00, 0x01, 0x20, 0x60, 0x85, 0x00, 0x04, 0x04, 0x14, 0x70, 0xC0, 0x80, 0x84, 0x00, 0x01, 0xA4, 0x00, 0x00, 0x40, 0x82, 0x00,
    0x03, 0x20, 0x40, 0x00, 0x04, 0x84, 0x00, 0x02, 0x14, 0x94, 0x80, 0x94, 0x00, 0x01, 0x02, 0x02, 0x85, 0x00, 0x02, 0x20, 0x30, 0x10, 0x86, 0x00,
    0x04, 0x40, 0x60, 0x20, 0x06, 0x06, 0x80, 0x00, 0x01, 0x10, 0x10, 0x81, 0x00, 0x02, 0x21, 0x25, 0x04, 0xAF, 0x00, 0x04, 0x20, 0x01, 0x00, 0x00,
    0x08, 0x86, 0x00, 0x03, 0x10, 0x81, 0x85, 0x24, 0x86, 0x00, 0x02, 0x03, 0x62, 0xE0, 0x81, 0x00, 0x01, 0x20, 0x20, 0x80, 0x00, 0x02, 0x04, 0x3C,
    0x30, 0x84, 0x00, 0x04, 0x01, 0x05, 0x04, 0x40, 0x40, 0x84, 0x00, 0x04, 0x03, 0x0B, 0x08, 0x80, 0x80, 0x85, 0x00, 0x01, 0x30, 0x30, 0xB5, 0x00,
    0x00, 0x40, 0x85, 0x00, 0x01, 0x10, 0x10, 0x87, 0x00, 0x02, 0x48, 0x4C, 0x04, 0x88, 0x00, 0x02, 0x08, 0x01, 0x01, 0x87, 0x00, 0x01, 0x04, 0x04,
    0x85, 0x00, 0x01, 0x20, 0x20, 0x80, 0x00, 0x01, 0x80, 0x80, 0x82, 0x00, 0x03, 0x40, 0x40, 0x28, 0x08, 0x80, 0x00, 0x02, 0x20, 0x28, 0x08, 0xA7,
    0x00, 0x03, 0x0C, 0x00, 0x00, 0x10, 0x8A, 0x00, 0x02, 0xE1, 0xE1, 0x08, 0x81, 0x00, 0x01, 0x10, 0x10, 0x81, 0x00, 0x01, 0x94, 0xB0, 0x87, 0x00,
    0x01, 0x60, 0x60, 0x84, 0x00, 0x04, 0x01, 0x01, 0x18, 0x50, 0x40, 0x85, 0x00, 0x01, 0x10, 0x10, 0x86, 0x00, 0x01, 0x0A, 0x2A, 0x87, 0x00, 0x01,
    0xA5, 0x00, 0x03, 0x20, 0x40, 0x04, 0x50, 0x82, 0x00, 0x00, 0x02, 0x83, 0x00, 0x01, 0x43, 0x43, 0x86, 0x00, 0x01, 0x60, 0x60, 0x88, 0x00, 0x02,
    0x08, 0x0C, 0x04, 0x85, 0x00, 0x03, 0xC0, 0xC0, 0x08, 0x08, 0x85, 0x00, 0x04, 0x80, 0x00, 0x00, 0x08, 0x09, 0x81, 0x00, 0x07, 0x01, 0x01, 0x00,
    0x00, 0x80, 0x80, 0x10, 0x10, 0xAD, 0x00, 0x0C, 0x10, 0x00, 0x00, 0x04, 0x10, 0x20, 0x20, 0x00, 0x00, 0x02, 0x00, 0x00, 0x10, 0x81, 0x00, 0x03,
    0x10, 0x20, 0x18, 0x18, 0x85, 0x00, 0x03, 0x01, 0x00, 0x1C, 0x18, 0x84, 0x00, 0x04, 0x01, 0x01, 0x00, 0xC0, 0xC0, 0x84, 0x00, 0x04, 0x02, 0x02,
    0x30, 0xB0, 0x80, 0x84, 0x00, 0x03, 0x04, 0x14, 0x50, 0x40, 0x85, 0x00, 0x01, 0x07, 0x07, 0x81, 0x00, 0x01, 0x10, 0x10, 0xAB, 0x00, 0x00, 0x40,
    0x83, 0x00, 0x00, 0x20, 0x83, 0x00, 0x01, 0x20, 0x20, 0x86, 0x00, 0x02, 0x10, 0x90, 0x82, 0x80, 0x00, 0x01, 0x20, 0x20, 0x84, 0x00, 0x01, 0x02,
    0x02, 0x86, 0x00, 0x03, 0x08, 0x00, 0x03, 0x03, 0x81, 0x00, 0x07, 0x01, 0x01, 0x80, 0x80, 0x10, 0x18, 0x0F, 0x07, 0x84, 0x00, 0x04, 0x80, 0x80,
    0x10, 0x16, 0x06, 0xAD, 0x00, 0x09, 0x01, 0x00, 0x0C, 0x02, 0x02, 0x10, 0x01, 0x00, 0x80, 0x80, 0x84, 0x00, 0x01, 0x1C, 0x1E, 0x86, 0x00, 0x02,
    0x01, 0x0D, 0x08, 0x87, 0x00, 0x02, 0x10, 0x90, 0x80, 0x84, 0x00, 0x01, 0x02, 0x0E, 0x89, 0x00, 0x01, 0x60, 0x40, 0x85, 0x00, 0x02, 0x14, 0x10,
    0x40, 0x82, 0x00, 0x03, 0x80, 0x80, 0x00, 0x00, 0x01, 0xA6, 0x00, 0x00, 0x01, 0x81, 0x00, 0x04, 0x18, 0x00, 0x20, 0x00, 0x40, 0x81, 0x00, 0x02,
    0x18, 0x18, 0x80, 0x86, 0x00, 0x01, 0x10, 0x10, 0x93, 0x00, 0x04, 0x20, 0x30, 0x10, 0x03, 0x03, 0x84, 0x00, 0x04, 0x40, 0xE0, 0x20, 0x05, 0x04,
    0x80, 0x00, 0x00, 0x10, 0x82, 0x00, 0x02, 0x20, 0x2A, 0x0E, 0xB3, 0x00, 0x03, 0x11, 0x00, 0x00, 0x04, 0x83, 0x00, 0x03, 0x10, 0x80, 0x82, 0x22,
    0x87, 0x00, 0x01, 0xC6, 0x80, 0x86, 0x00, 0x02, 0x04, 0x1C, 0x38, 0x84, 0x00, 0x02, 0x01, 0x01, 0x04, 0x86, 0x00, 0x01, 0x01, 0x01, 0x88, 0x00,
    0x02, 0x38, 0x78, 0x40, 0xB0, 0x00, 0x04, 0x80, 0x00, 0x11, 0x00, 0x20, 0x85, 0x00, 0x02, 0x10, 0x50, 0x40, 0x86, 0x00, 0x07, 0x20, 0x60, 0x00,
    0x02, 0x00, 0x00, 0x10, 0x10, 0x82, 0x00, 0x02, 0x08, 0x08, 0x01, 0x88, 0x00, 0x01, 0x0C, 0x04, 0x85, 0x00, 0x01, 0x20, 0x20, 0x80, 0x00, 0x01,
    0x80, 0x80, 0x82, 0x00, 0x03, 0x40, 0x60, 0x29, 0x09, 0xAE, 0x00, 0x00, 0x31, 0x81, 0x00, 0x02, 0x08, 0x00, 0x02, 0x85, 0x00, 0x01, 0x60, 0xC2,
    0x82, 0x00, 0x01, 0x10, 0x10, 0x81, 0x00, 0x01, 0xF0, 0xF0, 0x87, 0x00, 0x01, 0x20, 0x20, 0x84, 0x00, 0x05, 0x01, 0x05, 0x10, 0x50, 0xC0, 0x80,
    0x85, 0x00, 0x00, 0x30, 0x86, 0x00, 0x04, 0x0E, 0x2A, 0x60, 0x80, 0x80, 0x84, 0x00, 0x00, 0x18, 0x01, 0xA7, 0x00, 0x03, 0x60, 0x00, 0x00, 0x40,
    0x81, 0x00, 0x00, 0x80, 0x81, 0x00, 0x01, 0x40, 0xC4, 0x93, 0x00, 0x03, 0x08, 0x00, 0x02, 0x02, 0x84, 0x00, 0x03, 0xC0, 0xC0, 0x08, 0x08, 0x88,
    0x00, 0x02, 0x08, 0x0A, 0x02, 0x81, 0x00, 0x06, 0x10, 0x00, 0x00, 0x80, 0x80, 0x11, 0x15, 0xB3, 0x00, 0x03, 0x04, 0x0C, 0x00, 0x08, 0x85, 0x00,
    0x02, 0x81, 0x1D, 0x1C, 0x85, 0x00, 0x03, 0x01, 0x03, 0x38, 0x78, 0x81, 0x00, 0x01, 0x20, 0x20, 0x81, 0x00, 0x01, 0x60, 0x40, 0x85, 0x00, 0x03,
    0x04, 0x10, 0x50, 0x40, 0x84, 0x00, 0x04, 0x06, 0x0E, 0x18, 0x80, 0x80, 0x84, 0x00, 0x01, 0x07, 0x07, 0x87, 0x00, 0x00, 0x34, 0xA5, 0x00, 0x00,
    0x40, 0x8C, 0x00, 0x00, 0x20, 0x87, 0x00, 0x02, 0x48, 0x0C, 0x04, 0x8A, 0x00, 0x00, 0x01, 0x87, 0x00, 0x01, 0x02, 0x02, 0x85, 0x00, 0x00, 0x10,
    0x87, 0x00, 0x03, 0x80, 0x80, 0x10, 0x10, 0x81, 0x00, 0x02, 0x20, 0x28, 0x08, 0xA7, 0x00, 0x00, 0x08, 0x82, 0x00, 0x00, 0x40, 0x81, 0x00, 0x00,
    0x80, 0x82, 0x00, 0x01, 0x11, 0x21, 0x86, 0x00, 0x02, 0x01, 0x0D, 0x0C, 0x88, 0x00, 0x01, 0xC0, 0x40, 0x84, 0x00, 0x02, 0x02, 0x0A, 0x08, 0x87,
    0x00, 0x02, 0x10, 0x00, 0x40, 0x85, 0x00, 0x01, 0x10, 0x10, 0x83, 0x00, 0x04, 0x80, 0x80, 0x00, 0x00, 0x22, 0x01, 0xA4, 0x00, 0x0C, 0x40, 0xA2,
    0x18, 0x41, 0x26, 0xA1, 0x63, 0x60, 0x13, 0x20, 0x02, 0xC0, 0x70, 0x80, 0x00, 0x01, 0x59, 0x83, 0x86, 0x00, 0x01, 0x30, 0x70, 0x89, 0x00, 0x00,
    0x0C, 0x87, 0x00, 0x00, 0x10, 0x87, 0x00, 0x00, 0x80, 0xBE, 0x00, 0x12, 0x10, 0xB8, 0x05, 0x24, 0x40, 0x80, 0x03, 0xFC, 0xEC, 0x00, 0x40, 0x60,
    0x80, 0x08, 0x00, 0x40, 0x00, 0x01, 0x3E, 0x88, 0x00, 0x00, 0x04, 0x85, 0x00, 0x04, 0x01, 0x01, 0x00, 0x88, 0x80, 0x84, 0x00, 0x03, 0x02, 0x02,
    0x20, 0x20, 0x86, 0x00, 0x02, 0x10, 0x00, 0x40, 0x85, 0x00, 0x01, 0x08, 0x08, 0x81, 0x00, 0x01, 0x10, 0x10, 0x81, 0x00, 0x00, 0x08, 0xA5, 0x00,
    0x10, 0x28, 0xD0, 0x02, 0x08, 0x90, 0x07, 0x10, 0x08, 0x0A, 0x2A, 0x08, 0x00, 0x82, 0x81, 0x01, 0x91, 0x40, 0x88, 0x00, 0x00, 0x80, 0x89, 0x00,
    0x00, 0x02, 0x87, 0x00, 0x00, 0x08, 0x89, 0x00, 0x02, 0x18, 0x0D, 0x05, 0x87, 0x00, 0x01, 0x02, 0x02, 0xAD, 0x00, 0x0C, 0x08, 0x30, 0x4F, 0xD0,
    0x00, 0x91, 0x51, 0x91, 0x00, 0x80, 0xA0, 0x00, 0xD0, 0x81, 0x00, 0x01, 0x7D, 0x1E, 0x93, 0x00, 0x02, 0x10, 0x10, 0x80, 0x84, 0x00, 0x01, 0x04,
    0x04, 0x89, 0x00, 0x00, 0x40, 0x85, 0x00, 0x01, 0x04, 0x04, 0x87, 0x00, 0x01, 0x08, 0x08, 0x01, 0xA5, 0x00, 0x0B, 0x40, 0xE0, 0xB2, 0xB1, 0xAF,
    0x07, 0x06, 0x82, 0x00, 0x20, 0x00, 0x84, 0x8B, 0x00, 0x00, 0x40, 0x8B, 0x00, 0x00, 0x04, 0x87, 0x00, 0x00, 0x10, 0x87, 0x00, 0x00, 0xA0, 0x85,
    0x00, 0x00, 0x01, 0x80, 0x00, 0x02, 0x20, 0x28, 0x08, 0xB2, 0x00, 0x04, 0x15, 0x6E, 0xEC, 0x4B, 0x80, 0x8A, 0x00, 0x00, 0x80, 0x83, 0x00, 0x00,
    0x04, 0x88, 0x00, 0x00, 0x0C, 0x94, 0x00, 0x00, 0x40, 0x86, 0x00, 0x01, 0x10, 0x10, 0xB2, 0x00, 0x0D, 0xD0, 0xF0, 0xA0, 0x08, 0x25, 0x07, 0x00,
    0x03, 0x00, 0x08, 0x00, 0x01, 0x00, 0x80, 0x87, 0x00, 0x07, 0x10, 0x90, 0x02, 0x02, 0x00, 0x00, 0x10, 0x10, 0x82, 0x00, 0x03, 0x08, 0x08, 0x00,
    0x02, 0x87, 0x00, 0x02, 0x08, 0x01, 0x01, 0x81, 0x00, 0x01, 0x01, 0x01, 0x81, 0x00, 0x01, 0x02, 0x02, 0x87, 0x00, 0x01, 0x04, 0x04, 0xAE, 0x00,
    0x0A, 0x0C, 0x1C, 0x11, 0x63, 0x43, 0x81, 0x80, 0x00, 0x18, 0x40, 0x02, 0x82, 0x00, 0x00, 0x0C, 0x82, 0x00, 0x01, 0x10, 0x10, 0x81, 0x00, 0x01,
    0xF0, 0xF0, 0x87, 0x00, 0x01, 0x20, 0x20, 0x88, 0x00, 0x01, 0x80, 0x80, 0x85, 0x00, 0x01, 0x20, 0x20, 0x85, 0x00, 0x03, 0x08, 0x08, 0x00, 0x40,
    0x86, 0x00, 0x00, 0x10, 0x01, 0xA6, 0x00, 0x0A, 0x40, 0x40, 0xA0, 0x10, 0x0D, 0x09, 0x07, 0x24, 0x20, 0x00, 0x28, 0xA3, 0x00, 0x01, 0x20, 0x20,
    0x87, 0x00, 0x02, 0x40, 0x40, 0x20, 0x82, 0x00, 0x01, 0x10, 0x01, 0xB9, 0x00, 0x07, 0x23, 0x11, 0x76, 0xFE, 0x40, 0x80, 0x00, 0x01, 0x83, 0x00,
    0x00, 0x80, 0x80, 0x00, 0x00, 0x80, 0x8E, 0x00, 0x02, 0x04, 0x10, 0x10, 0x86, 0x00, 0x03, 0x04, 0x00, 0x80, 0x80, 0x85, 0x00, 0x00, 0x08, 0x88,
    0x00, 0x01, 0x60, 0x40, 0x86, 0x00, 0x00, 0x02, 0xA8, 0x00, 0x06, 0xF0, 0xD0, 0x68, 0x28, 0x87, 0x85, 0x02, 0x8A, 0x00, 0x00, 0x01, 0x85, 0x00,
    0x01, 0x20, 0x20, 0x90, 0x00, 0x01, 0x04, 0x04, 0x84, 0x00, 0x01, 0x80, 0x80, 0x89, 0x00, 0x00, 0x20, 0xB2, 0x00, 0x09, 0x0C, 0x3C, 0x11, 0x73,
    0x61, 0x80, 0x80, 0x00, 0xA0, 0x80, 0x87, 0x00, 0x00, 0x80, 0x9A, 0x00, 0x01, 0x10, 0x10, 0x91, 0x00, 0x04, 0x02, 0x22, 0x60, 0x80, 0x80, 0x84,
    0x00, 0x01, 0x10, 0x00, 0x01, 0xA7, 0x00, 0x09, 0x40, 0x70, 0xA0, 0x30, 0x0D, 0x73, 0x07, 0x00, 0x40, 0x10, 0x80, 0x00, 0x00, 0x01, 0xB4, 0x00,
    0x00, 0x10, 0xB7, 0x00, 0x0B, 0x20, 0x08, 0x14, 0x2F, 0x19, 0x73, 0x60, 0xA0, 0xC0, 0x00, 0x01, 0x10, 0x88, 0x00, 0x05, 0x80, 0x00, 0x00, 0x02,
    0xAA, 0xA8, 0x81, 0x00, 0x01, 0x20, 0x20, 0x81, 0x00, 0x01, 0x20, 0x20, 0x85, 0x00, 0x00, 0x04, 0x87, 0x00, 0x01, 0x03, 0x0B, 0x87, 0x00, 0x01,
    0x04, 0x24, 0xB3, 0x00, 0x10, 0x20, 0x00, 0x70, 0xF0, 0xE8, 0xC8, 0x07, 0x04, 0x03, 0x00, 0x04, 0x00, 0x00, 0x20, 0x00, 0x00, 0x08, 0x85, 0x00,
    0x00, 0x04, 0xA0, 0x00, 0x00, 0x20, 0x8A, 0x00, 0x01, 0x28, 0x08, 0xB2, 0x00, 0x10, 0x3E, 0x11, 0x63, 0x41, 0x00, 0x80, 0x40, 0x00, 0x10, 0x00,
    0x80, 0x10, 0x00, 0x00, 0x40, 0x00, 0x01, 0x84, 0x00, 0x01, 0x04, 0x04, 0x92, 0x00, 0x03, 0x08, 0x08, 0x40, 0x40, 0x85, 0x00, 0x01, 0x10, 0x10,
    0x93, 0x00, 0x00, 0x41, 0x01, 0xA8, 0x00, 0x07, 0x40, 0x70, 0xA8, 0x10, 0x8D, 0x07, 0x05, 0x02, 0x81, 0x00, 0x00, 0x0A, 0xAD, 0x00, 0x02, 0x08,
    0x04, 0x01, 0xBD, 0x00, 0x0C, 0x08, 0x14, 0x1C, 0x0D, 0x0D, 0x7C, 0x62, 0xC0, 0xC0, 0x80, 0x00, 0x00, 0x80, 0x8A, 0x00, 0x01, 0x50, 0x50, 0x90,
    0x00, 0x03, 0x01, 0x01, 0x10, 0x10, 0x85, 0x00, 0x02, 0x04, 0x04, 0x10, 0x86, 0x00, 0x01, 0x02, 0x0A, 0x87, 0x00, 0x01, 0x1C, 0x5C, 0xAA, 0x00,
    0x08, 0x90, 0x42, 0xF8, 0x88, 0x0F, 0x54, 0x0B, 0x00, 0x04, 0x84, 0x00, 0x01, 0x80, 0x20, 0x80, 0x00, 0x02, 0x28, 0x28, 0x04, 0x89, 0x00, 0x00,
    0x01, 0x93, 0x00, 0x00, 0x20, 0x80, 0x00, 0x00, 0x80, 0x8B, 0x00, 0x01, 0x08, 0x08, 0xAD, 0x00, 0x06, 0x3E, 0x11, 0x63, 0x40, 0x80, 0x80, 0x83,
    0x9A, 0x00, 0x01, 0x40, 0x40, 0x84, 0x00, 0x01, 0x01, 0x01, 0x9F, 0x00, 0x01, 0x20, 0x20, 0x01, 0xA9, 0x00, 0x0A, 0x40, 0xF0, 0xEA, 0xF0, 0x08,
    0x07, 0x05, 0x86, 0x20, 0x10, 0x04, 0x81, 0x00, 0x03, 0x10, 0x00, 0x00, 0x04, 0x97, 0x00, 0x05, 0x40, 0x00, 0x08, 0x00, 0x03, 0x03, 0x87, 0x00,
    0x01, 0x09, 0x04, 0x86, 0x00, 0x02, 0x10, 0x16, 0x06, 0xB5, 0x00, 0x05, 0x37, 0x07, 0x7A, 0x01, 0xC0, 0x90, 0x89, 0x00, 0x00, 0x80, 0x80, 0x00,
    0x00, 0x04, 0x87, 0x00, 0x01, 0x08, 0x08, 0x88, 0x00, 0x01, 0x40, 0x40, 0x85, 0x00, 0x00, 0x10, 0x87, 0x00, 0x00, 0x08, 0x82, 0x00, 0x01, 0x10,
    0x10, 0x81, 0x00, 0x01, 0x20, 0x20, 0xAB, 0x00, 0x06, 0x90, 0xF0, 0xF0, 0x68, 0x4D, 0x44, 0x07, 0x86, 0x00, 0x00, 0x20, 0x90, 0x00, 0x00, 0x01,
    0x87, 0x00, 0x00, 0x02, 0x8C, 0x00, 0x00, 0x80, 0x84, 0x00, 0x01, 0x01, 0x01, 0xB1, 0x00, 0x06, 0x20, 0x54, 0x20, 0x1C, 0x11, 0x65, 0x40, 0x81,
    0x80, 0x04, 0x04, 0x40, 0x00, 0x08, 0x80, 0x86, 0x00, 0x01, 0x08, 0x08, 0x88, 0x00, 0x01, 0x80, 0x80, 0x84, 0x00, 0x01, 0x02, 0x06, 0x92, 0x00,
    0x02, 0x04, 0x14, 0x10, 0x84, 0x00, 0x04, 0x80, 0x00, 0x08, 0x0A, 0x02, 0x01, 0xAA, 0x00, 0x12, 0x40, 0x90, 0x68, 0xB0, 0x08, 0x25, 0x0F, 0x02,
    0x04, 0x00, 0x00, 0x90, 0x02, 0x00, 0x00, 0x02, 0x00, 0x00, 0x01, 0x8B, 0x00, 0x01, 0x08, 0x08, 0x87, 0x00, 0x02, 0x50, 0x00, 0x08, 0x92, 0x00,
    0x00, 0x80, 0x89, 0x00, 0x00, 0x80, 0xAD, 0x00, 0x07, 0x33, 0x07, 0x41, 0x10, 0x40, 0x81, 0x00, 0x04, 0x83, 0x00, 0x00, 0x20, 0x81, 0x00, 0x01,
    0x01, 0x05, 0x88, 0x00, 0x02, 0x04, 0x40, 0x40, 0x84, 0x00, 0x03, 0x02, 0x02, 0x00, 0x20, 0x91, 0x00, 0x01, 0x11, 0x11, 0xB7, 0x00, 0x0A, 0xA0,
    0x00, 0x70, 0xF8, 0x78, 0x47, 0x04, 0x05, 0x01, 0x00, 0x20, 0x81, 0x00, 0x02, 0x80, 0x00, 0x04, 0x80, 0x00, 0x00, 0x04, 0x89, 0x00, 0x00, 0x02,
    0x8A, 0x00, 0x00, 0x02, 0x86, 0x00, 0x02, 0x08, 0x0C, 0x04, 0x85, 0x00, 0x02, 0x40, 0x10, 0x10, 0xB2, 0x00, 0x10, 0x20, 0x70, 0x7D, 0x00, 0x3B,
    0x13, 0x71, 0x44, 0x00, 0x80, 0x80, 0x03, 0x80, 0x80, 0x40, 0x40, 0x02, 0x80, 0x00, 0x00, 0x10, 0x81, 0x00, 0x01, 0x80, 0x80, 0x87, 0x00, 0x01,
    0x10, 0x10, 0x85, 0x00, 0x00, 0x04, 0x8B, 0x00, 0x00, 0x40, 0x85, 0x00, 0x00, 0x08, 0x84, 0x00, 0x00, 0x80, 0x82, 0x00, 0x01, 0xAB, 0x00, 0x08,
    0x40, 0xF0, 0x60, 0xB0, 0x20, 0x85, 0x07, 0x07, 0x10, 0x80, 0x00, 0x00, 0x22, 0x80, 0x00, 0x04, 0x04, 0x00, 0x00, 0x10, 0x30, 0x89, 0x00, 0x01,
    0x04, 0x02, 0x85, 0x00, 0x02, 0x80, 0x80, 0x10, 0x8A, 0x00, 0x01, 0x02, 0x02, 0x85, 0x00, 0x00, 0xA0, 0xB5, 0x00, 0x0B, 0x80, 0x1C, 0x3E, 0x08,
    0x04, 0x3B, 0x3B, 0x73, 0x00, 0xC0, 0x80, 0x80, 0x8A, 0x00, 0x00, 0x80, 0x86, 0x00, 0x02, 0x05, 0x10, 0x10, 0x86, 0x00, 0x01, 0x04, 0x20, 0x86,
    0x00, 0x04, 0x08, 0x08, 0x00, 0x80, 0x80, 0x90, 0x00, 0x01, 0x02, 0x02, 0xAB, 0x00, 0x09, 0x80, 0x80, 0x00, 0x90, 0xD8, 0x68, 0x07, 0x06, 0x01,
    0x21, 0x80, 0x00, 0x01, 0x80, 0x08, 0x82, 0x00, 0x02, 0x28, 0x02, 0x02, 0x86, 0x00, 0x03, 0x08, 0x00, 0x00, 0x02, 0x86, 0x00, 0x01, 0x08, 0x0C,
    0x87, 0x00, 0x00, 0x10, 0x87, 0x00, 0x04, 0x80, 0x00, 0x40, 0x06, 0x06, 0x80, 0x00, 0x00, 0x20, 0x81, 0x00, 0x00, 0x80, 0xAA, 0x00, 0x0A, 0x01,
    0x0D, 0x07, 0x3F, 0x1F, 0x61, 0xC1, 0x00, 0x88, 0xC0, 0x40, 0x80, 0x00, 0x01, 0x08, 0x01, 0x83, 0x00, 0x02, 0x01, 0x71, 0x70, 0x94, 0x00, 0x01,
    0x80, 0x80, 0x86, 0x00, 0x00, 0x40, 0x85, 0x00, 0x00, 0x08, 0x80, 0x00, 0x00, 0x80, 0x87, 0x00, 0x01, 0xAD, 0x00, 0x08, 0x70, 0xC8, 0xFA, 0x80,
    0x05, 0x06, 0x27, 0x02, 0x02, 0x84, 0x00, 0x01, 0x80, 0x20, 0x80, 0x00, 0x00, 0x02, 0x87, 0x00, 0x07, 0x04, 0x02, 0x00, 0x00, 0x10, 0x00, 0x00,
    0x02, 0x8A, 0x00, 0x02, 0x80, 0x20, 0x20, 0x83, 0x00, 0x01, 0x10, 0x07, 0x81, 0x00, 0x01, 0x28, 0x08, 0x86, 0x00, 0x00, 0x40, 0xAE, 0x00, 0x06,
    0x04, 0x15, 0x3B, 0x51, 0x10, 0xC1, 0xE0, 0x82, 0x00, 0x08, 0x80, 0x00, 0x08, 0x00, 0x10, 0x00, 0x00, 0x08, 0x08, 0x82, 0x00, 0x07, 0x20, 0x00,
    0x00, 0x01, 0x00, 0x00, 0x80, 0x80, 0x84, 0x00, 0x00, 0x04, 0x8B, 0x00, 0x00, 0x40, 0x80, 0x00, 0x00, 0x20, 0x80, 0x00, 0x01, 0x04, 0x04, 0x82,
    0x00, 0x00, 0x10, 0x81, 0x00, 0x00, 0x0C, 0xAE, 0x00, 0x0C, 0xA0, 0x50, 0x20, 0x92, 0xF8, 0xE8, 0x27, 0x06, 0x00, 0x00, 0x50, 0x00, 0x02, 0x83,
    0x00, 0x01, 0x10, 0x41, 0x81, 0x00, 0x00, 0x30, 0x83, 0x00, 0x00, 0x08, 0x8A, 0x00, 0x01, 0x05, 0x01, 0x82, 0x00, 0x00, 0x01, 0x80, 0x00, 0x07,
    0x10, 0x03, 0x03, 0x00, 0x80, 0x00, 0x00, 0x02, 0x80, 0x00, 0x00, 0x80, 0x83, 0x00, 0x01, 0x20, 0x28, 0xAD, 0x00, 0x0D, 0x20, 0x50, 0x23, 0x0E,
    0x05, 0x3E, 0x17, 0x29, 0x40, 0x00, 0x00, 0x80, 0x00, 0x20, 0x81, 0x00, 0x00, 0x82, 0x82, 0x00, 0x00, 0x84, 0x81, 0x00, 0x00, 0x04, 0x83, 0x00,
    0x01, 0x20, 0x20, 0x8D, 0x00, 0x00, 0x20, 0x81, 0x00, 0x01, 0x20, 0x20, 0x85, 0x00, 0x0E, 0x02, 0x02, 0x40, 0xC0, 0x00, 0x00, 0x02, 0x02, 0x00,
    0x80, 0x00, 0x00, 0x10, 0x10, 0x00, 0x01, 0xAB, 0x00, 0x0D, 0x20, 0x00, 0x00, 0x70, 0xD8, 0xF8, 0x20, 0x1D, 0x0D, 0x03, 0x82, 0x00, 0x20, 0x01,
    0x82, 0x00, 0x04, 0x30, 0xC0, 0x00, 0x00, 0x04, 0x90, 0x00, 0x00, 0x20, 0x89, 0x00, 0x00, 0x80, 0x8B, 0x00, 0x00, 0x01, 0xB9, 0x00, 0x09, 0x08,
    0x35, 0x31, 0x41, 0x00, 0xC0, 0x88, 0x00, 0x00, 0x20, 0x84, 0x00, 0x02, 0x03, 0x32, 0x70, 0x87, 0x00, 0x01, 0x20, 0x20, 0x86, 0x00, 0x03, 0x10,
    0x10, 0x80, 0x80, 0x83, 0x00, 0x03, 0x07, 0x07, 0x00, 0x40, 0x85, 0x00, 0x03, 0x0A, 0x2A, 0x20, 0x40, 0x85, 0x00, 0x01, 0x10, 0x1C, 0xAD, 0x00,
    0x0C, 0x20, 0x70, 0x70, 0x00, 0x90, 0xF1, 0xF8, 0x61, 0x07, 0x00, 0x01, 0x04, 0x80, 0x82, 0x00, 0x02, 0x08, 0x00, 0x80, 0xE5, 0x00, 0x00, 0x80,
    0x80, 0x00, 0x0C, 0x04, 0x04, 0x18, 0x5B, 0x29, 0xC0, 0xD0, 0x42, 0x00, 0x40, 0x00, 0x00, 0x40, 0x83, 0x00, 0x00, 0x05, 0x89, 0x00, 0x01, 0x40,
    0x40, 0x86, 0x00, 0x02, 0x18, 0x50, 0x40, 0x91, 0x00, 0x01, 0x20, 0x20, 0x81, 0x00, 0x00, 0x02, 0x82, 0x00, 0x01, 0x41, 0xC0, 0x01, 0xAF, 0x00,
    0x0B, 0x40, 0xF8, 0xB8, 0x08, 0x04, 0x07, 0x03, 0x42, 0x04, 0x01, 0x00, 0xC0, 0x81, 0x00, 0x03, 0x80, 0x00, 0x02, 0x04, 0x8A, 0x00, 0x07, 0x10,
    0x10, 0x00, 0x02, 0x02, 0x00, 0x00, 0x20, 0x87, 0x00, 0x02, 0x40, 0x00, 0x08, 0x89, 0x00, 0x00, 0x01, 0xB5, 0x00, 0x0D, 0x08, 0x1C, 0x1C, 0x00,
    0x00, 0x04, 0x0A, 0x2B, 0x31, 0x49, 0x00, 0x40, 0x80, 0x80, 0x81, 0x00, 0x05, 0x08, 0x02, 0x10, 0x00, 0x06, 0x24, 0x87, 0x00, 0x01, 0x08, 0x08,
    0x85, 0x00, 0x01, 0x01, 0x01, 0x88, 0x00, 0x01, 0x10, 0x10, 0x88, 0x00, 0x00, 0x40, 0x88, 0x00, 0x00, 0x80, 0xA9, 0x00, 0x00, 0x08, 0x84, 0x00,
    0x0B, 0x11, 0xD9, 0x1C, 0x61, 0x27, 0x01, 0x88, 0x04, 0x01, 0x10, 0x00, 0x46, 0x8D, 0x00, 0x01, 0x01, 0x01, 0x87, 0x00, 0x00, 0x02, 0x85, 0x00,
    0x01, 0x80, 0x80, 0x8A, 0x00, 0x01, 0x08, 0x08, 0xB8, 0x00, 0x09, 0x0C, 0x04, 0x38, 0x5B, 0x21, 0x05, 0x80, 0x80, 0x00, 0x10, 0x86, 0x00, 0x00,
    0x40, 0x88, 0x00, 0x01, 0x80, 0x80, 0x85, 0x00, 0x00, 0x09, 0x84, 0x00, 0x00, 0x20, 0x81, 0x00, 0x00, 0x10, 0x92, 0x00, 0x02, 0x02, 0x02, 0x01,
    0x01, 0xB0, 0x00, 0x0E, 0x40, 0x70, 0xF8, 0x38, 0x04, 0x17, 0x03, 0x02, 0x01, 0x00, 0x06, 0x02, 0x00, 0x00, 0x02, 0x95, 0x00, 0x00, 0x08, 0x88,
    0x00, 0x03, 0x40, 0x00, 0x0C, 0x04, 0x86, 0x00, 0x00, 0x10, 0xBB, 0x00, 0x08, 0x20, 0x04, 0x16, 0x2B, 0x39, 0x64, 0x00, 0x80, 0x80, 0x81, 0x00,
    0x00, 0x01, 0x80, 0x00, 0x01, 0x04, 0x18, 0x87, 0x00, 0x00, 0x04, 0x86, 0x00, 0x01, 0x02, 0x02, 0x93, 0x00, 0x01, 0x01, 0x10, 0x87, 0x00, 0x02,
    0x22, 0x62, 0x40, 0xA9, 0x00, 0x00, 0x80, 0x85, 0x00, 0x06, 0x80, 0xD8, 0x7E, 0x61, 0x47, 0x04, 0x04, 0x83, 0x00, 0x00, 0x01, 0x80, 0x00, 0x00,
    0x08, 0x85, 0x00, 0x00, 0x02, 0x8A, 0x00, 0x00, 0x02, 0x87, 0x00, 0x00, 0x04, 0x88, 0x00, 0x01, 0x01, 0x01, 0xB9, 0x00, 0x0B, 0x0C, 0x06, 0x38,
    0x5B, 0xF3, 0x40, 0x22, 0x00, 0x80, 0x04, 0x10, 0x20, 0x81, 0x00, 0x02, 0x01, 0x08, 0x38, 0x91, 0x00, 0x04, 0x03, 0x02, 0x00, 0x80, 0x80, 0x80,
    0x00, 0x00, 0x20, 0x81, 0x00, 0x00, 0x10, 0x86, 0x00, 0x01, 0x04, 0x04, 0x87, 0x00, 0x03, 0x08, 0x28, 0x20, 0x00, 0x01, 0xA9, 0x00, 0x00, 0x88,
    0x82, 0x00, 0x0E, 0x20, 0x08, 0x40, 0xB8, 0xFA, 0x08, 0x20, 0x07, 0x0F, 0x01, 0x80, 0x20, 0x00, 0x00, 0x80, 0x81, 0x00, 0x00, 0x02, 0x84, 0x00,
    0x01, 0x08, 0x08, 0x89, 0x00, 0x02, 0x08, 0x02, 0x02, 0x8D, 0x00, 0x01, 0x04, 0x04, 0x81, 0x00, 0x01, 0x14, 0x04, 0x86, 0x00, 0x00, 0x01, 0xAD,
    0x00, 0x00, 0x80, 0x81, 0x00, 0x09, 0x14, 0x0B, 0x21, 0x40, 0x40, 0x04, 0x80, 0x00, 0x00, 0x80, 0x84, 0x00, 0x00, 0x01, 0x84, 0x00, 0x00, 0x04,
    0x87, 0x00, 0x04, 0x04, 0x04, 0x00, 0x40, 0x40, 0x84, 0x00, 0x01, 0x08, 0x08, 0x82, 0x00, 0x06, 0x20, 0x20, 0x00, 0x00, 0x04, 0x14, 0x01, 0xBF,
    0x00, 0x07, 0x01, 0x81, 0x98, 0x7E, 0x70, 0x21, 0x00, 0x80, 0x80, 0x00, 0x02, 0x40, 0x00, 0x04, 0x8A, 0x00, 0x00, 0x02, 0x95, 0x00, 0x00, 0x04,
    0x87, 0x00, 0x01, 0x02, 0x02, 0x86, 0x00, 0x00, 0x01, 0xAF, 0x00, 0x0A, 0x20, 0x0C, 0x06, 0x38, 0x53, 0xDB, 0x80, 0x00, 0x00, 0x02, 0x10, 0x82,
    0x00, 0x01, 0x20, 0x0C, 0x92, 0x00, 0x01, 0x04, 0x04, 0x89, 0x00, 0x01, 0x40, 0x40, 0x85, 0x00, 0x03, 0x10, 0x10, 0x80, 0x80, 0x88, 0x00, 0x01,
    0xB0, 0x00, 0x0D, 0x08, 0x00, 0x40, 0xD8, 0xF8, 0x04, 0x00, 0xA5, 0x83, 0x02, 0x05, 0x00, 0x03, 0x13, 0x82, 0x00, 0x00, 0x02, 0x84, 0x00, 0x01,
    0x04, 0x06, 0x86, 0x00, 0x01, 0x10, 0x10, 0x8A, 0x00, 0x01, 0x01, 0x01, 0x84, 0x00, 0x04, 0x80, 0x00, 0x00, 0x02, 0x02, 0x85, 0x00, 0x01, 0x80,
    0xA0, 0xA9, 0x00, 0x0E, 0x08, 0x00, 0x08, 0x1C, 0x14, 0x08, 0x02, 0x00, 0x04, 0x0A, 0x10, 0x39, 0x29, 0x40, 0xC2, 0x84, 0x00, 0x05, 0x01, 0x00,
    0x00, 0x02, 0x01, 0x80, 0x83, 0x00, 0x03, 0x01, 0x10, 0xD0, 0xC0, 0x86, 0x00, 0x01, 0x20, 0x20, 0x84, 0x00, 0x05, 0x02, 0x02, 0x00, 0x00, 0x80,
    0x80, 0x83, 0x00, 0x01, 0x02, 0x02, 0x87, 0x00, 0x01, 0x0C, 0x0C, 0xAF, 0x00, 0x13, 0x20, 0x70, 0x70, 0x20, 0x00, 0x00, 0x22, 0x80, 0x90, 0x7F,
    0x46, 0x22, 0x00, 0x80, 0x00, 0x02, 0x00, 0x00, 0x20, 0x02, 0x93, 0x00, 0x03, 0x08, 0x04, 0x05, 0x01, 0x86, 0x00, 0x02, 0x08, 0x0B, 0x03, 0x81,
    0x00, 0x01, 0x02, 0x02, 0x80, 0x00, 0x02, 0x20, 0x04, 0x04, 0xB9, 0x00, 0x09, 0x02, 0x00, 0x04, 0x06, 0x18, 0x3A, 0x63, 0x80, 0x11, 0x04, 0x84,
    0x00, 0x00, 0x04, 0x81, 0x00, 0x01, 0x04, 0x04, 0x82, 0x00, 0x01, 0x10, 0x10, 0x9C, 0x00, 0x03, 0x02, 0x0A, 0x00, 0x40, 0x87, 0x00, 0x01, 0x80,
    0x80, 0x01, 0xB4, 0x00, 0x06, 0xF8, 0xD8, 0x64, 0x60, 0x07, 0x03, 0x83, 0x83, 0x00, 0x00, 0x01, 0x88, 0x00, 0x00, 0x02, 0x84, 0x00, 0x05, 0xC0,
    0x80, 0x00, 0x00, 0x01, 0x01, 0x87, 0x00, 0x01, 0x02, 0x02, 0x81, 0x00, 0x06, 0x02, 0x02, 0x00, 0x00, 0x80, 0x08, 0x08, 0x87, 0x00, 0x00, 0x18,
    0xB1, 0x00, 0x0A, 0x02, 0x04, 0x0C, 0x12, 0x10, 0x21, 0x40, 0xC0, 0x80, 0x90, 0x08, 0x8B, 0x00, 0x00, 0x01, 0x8B, 0x00, 0x01, 0x80, 0x80, 0x83,
    0x00, 0x04, 0x04, 0x04, 0x00, 0x00, 0x40, 0x84, 0x00, 0x01, 0x08, 0x08, 0xBB, 0x00, 0x00, 0x08, 0x82, 0x00, 0x08, 0x01, 0x01, 0x00, 0x98, 0xDD,
    0x77, 0x21, 0x00, 0x48, 0x80, 0x00, 0x00, 0x10, 0x87, 0x00, 0x03, 0x08, 0x00, 0x01, 0x01, 0x87, 0x00, 0x00, 0x08, 0x87, 0x00, 0x01, 0x20, 0x20,
    0x86, 0x00, 0x03, 0x80, 0x80, 0x00, 0x20, 0x86, 0x00, 0x01, 0x80, 0xC0, 0xA9, 0x00, 0x00, 0x08, 0x85, 0x00, 0x0D, 0x0C, 0x04, 0x79, 0x30, 0x21,
    0x01, 0x10, 0x00, 0x00, 0x30, 0x00, 0x02, 0x80, 0x01, 0x89, 0x00, 0x01, 0xE0, 0xE0, 0x87, 0x00, 0x01, 0x40, 0x40, 0x87, 0x00, 0x00, 0x20, 0x85,
    0x00, 0x02, 0x08, 0x00, 0x40, 0x80, 0x00, 0x01, 0x02, 0x02, 0x82, 0x00, 0x02, 0x40, 0x40, 0x00, 0x01, 0xB2, 0x00, 0x0B, 0x08, 0x20, 0x00, 0x70,
    0xF8, 0xEC, 0x00, 0x4B, 0x43, 0x02, 0x00, 0x30, 0x81, 0x00, 0x00, 0x02, 0x90, 0x00, 0x00, 0x40, 0x87, 0x00, 0x00, 0x80, 0x97, 0x00, 0x00, 0x02,
    0xAC, 0x00, 0x0F, 0x08, 0x14, 0x08, 0x00, 0x00, 0x02, 0x00, 0x04, 0x0E, 0x3B, 0x30, 0x25, 0x70, 0x40, 0x80, 0x80, 0x83, 0x00, 0x03, 0x01, 0x00,
    0x00, 0x10, 0x82, 0x00, 0x02, 0x08, 0x28, 0x20, 0x86, 0x00, 0x01, 0x10, 0x10, 0x85, 0x00, 0x03, 0x01, 0x01, 0x00, 0x40, 0x87, 0x00, 0x00, 0x20,
    0x86, 0x00, 0x03, 0x10, 0x10, 0x00, 0x80, 0xAD, 0x00, 0x03, 0x80, 0xA0, 0x50, 0x20, 0x80, 0x00, 0x0D, 0x01, 0x00, 0x80, 0x98, 0x4C, 0x7F, 0x30,
    0x04, 0x08, 0x00, 0x08, 0x00, 0x20, 0x80, 0x80, 0x00, 0x00, 0x08, 0x82, 0x00, 0x00, 0x0A, 0x89, 0x00, 0x01, 0x02, 0x02, 0x92, 0x00, 0x02, 0x40,
    0x50, 0x11, 0xB8, 0x00, 0x02, 0x01, 0x02, 0x01, 0x80, 0x00, 0x08, 0x0C, 0x06, 0x7B, 0xF8, 0x81, 0x00, 0x60, 0x00, 0x02, 0x80, 0x00, 0x00, 0x20,
    0x81, 0x00, 0x00, 0x40, 0x90, 0x00, 0x01, 0x80, 0x80, 0x86, 0x00, 0x00, 0x20, 0x88, 0x00, 0x00, 0x20, 0x86, 0x00, 0x03, 0x10, 0x11, 0x01, 0x00,
    0x01, 0xAD, 0x00, 0x00, 0x88, 0x85, 0x00, 0x0B, 0xD8, 0xD8, 0xA4, 0x04, 0x01, 0x03, 0x02, 0x80, 0x80, 0x40, 0x00, 0x01, 0x8D, 0x00, 0x01, 0x02,
    0x02, 0x8B, 0x00, 0x02, 0x80, 0x00, 0x04, 0x87, 0x00, 0x02, 0x20, 0x00, 0x01, 0x87, 0x00, 0x00, 0x04, 0xB3, 0x00, 0x08, 0x20, 0x00, 0x04, 0x1B,
    0x12, 0x30, 0x10, 0x40, 0x80, 0x8B, 0x00, 0x01, 0x04, 0x04, 0x86, 0x00, 0x01, 0x03, 0x03, 0x88, 0x00, 0x01, 0x10, 0x10, 0x87, 0x00, 0x02, 0x20,
    0x40, 0x40, 0x85, 0x00, 0x02, 0x02, 0x02, 0x80, 0xB8, 0x00, 0x08, 0xA0, 0x9B, 0xDC, 0x7C, 0x6C, 0x09, 0x00, 0x00, 0x05, 0x81, 0x00, 0x00, 0x80,
    0x84, 0x00, 0x00, 0x02, 0x91, 0x00, 0x02, 0x80, 0x00, 0x10, 0x89, 0x00, 0x00, 0x01, 0xB9, 0x00, 0x00, 0x80, 0x82, 0x00, 0x09, 0x20, 0x0C, 0x06,
    0x7B, 0x70, 0x10, 0x00, 0x00, 0x20, 0x04, 0x86, 0x00, 0x00, 0x11, 0x8C, 0x00, 0x02, 0x01, 0x00, 0x10, 0x82, 0x00, 0x00, 0x20, 0x8C, 0x00, 0x02,
    0x20, 0x00, 0x80, 0x85, 0x00, 0x03, 0x02, 0x02, 0x00, 0x00, 0x01, 0xB2, 0x00, 0x01, 0x08, 0x08, 0x80, 0x00, 0x08, 0xDA, 0xE8, 0xFC, 0x26, 0x10,
    0x13, 0x43, 0x00, 0x02, 0x82, 0x00, 0x00, 0x20, 0x8D, 0x00, 0x02, 0x08, 0x00, 0x02, 0x86, 0x00, 0x03, 0x20, 0x28, 0x08, 0x04, 0x81, 0x00, 0x01,
    0x04, 0x04, 0x81, 0x00, 0x01, 0x21, 0x04, 0x86, 0x00, 0x01, 0x40, 0x40, 0xB1, 0x00, 0x11, 0x80, 0x00, 0x00, 0x04, 0x02, 0x08, 0x19, 0x11, 0x70,
    0x80, 0x0D, 0x00, 0x20, 0x20, 0x00, 0x00, 0x40, 0x03, 0x81, 0x00, 0x00, 0x10, 0x81, 0x00, 0x01, 0x80, 0x80, 0x84, 0x00, 0x04, 0x04, 0x04, 0x00,
    0x40, 0x40, 0x85, 0x00, 0x03, 0x08, 0x00, 0x00, 0x80, 0x83, 0x00, 0x02, 0x04, 0x05, 0x11, 0x86, 0x00, 0x03, 0x04, 0x24, 0x60, 0x40, 0xB9, 0x00,
    0x04, 0x80, 0x83, 0xD7, 0x5C, 0x60, 0x82, 0x00, 0x00, 0x01, 0x92, 0x00, 0x01, 0x01, 0x01, 0x85, 0x00, 0x03, 0x80, 0x00, 0x17, 0x07, 0x81, 0x00,
    0x01, 0x02, 0x02, 0x81, 0x00, 0x01, 0x0A, 0x0A, 0x86, 0x00, 0x01, 0x01, 0x05, 0xAD, 0x00, 0x00, 0x08, 0x82, 0x00, 0x0B, 0x02, 0x00, 0x04, 0x0E,
    0x9B, 0xF9, 0x20, 0x00, 0x80, 0x00, 0x00, 0x40, 0x83, 0x00, 0x00, 0x44, 0x8C, 0x00, 0x02, 0x01, 0x02, 0x18, 0x82, 0x00, 0x00, 0x20, 0x82, 0x00,
    0x01, 0x40, 0x40, 0x87, 0x00, 0x00, 0x80, 0x86, 0x00, 0x03, 0x20, 0x20, 0x80, 0x00, 0x01, 0xB8, 0x00, 0x08, 0xD8, 0xF8, 0x74, 0x35, 0x00, 0x24,
    0x00, 0x00, 0x07, 0x80, 0x00, 0x06, 0x20, 0x00, 0x00, 0x02, 0x01, 0x08, 0x08, 0x81, 0x00, 0x01, 0x10, 0x10, 0x83, 0x00, 0x02, 0x08, 0x00, 0x02,
    0x84, 0x00, 0x00, 0x40, 0x8B, 0x00, 0x01, 0x06, 0x02, 0x86, 0x00, 0x01, 0x01, 0x01, 0xAD, 0x00, 0x00, 0x08, 0x82, 0x00, 0x0B, 0x02, 0x00, 0x04,
    0x06, 0x02, 0x29, 0x11, 0x50, 0xC0, 0x82, 0x01, 0x05, 0x83, 0x00, 0x00, 0x10, 0x83, 0x00, 0x01, 0x40, 0x40, 0x8F, 0x00, 0x04, 0x02, 0x0A, 0x00,
    0x00, 0x80, 0x80, 0x00, 0x05, 0x20, 0x20, 0x00, 0x00, 0x02, 0x12, 0x87, 0x00, 0x01, 0x08, 0x08, 0xB1, 0x00, 0x03, 0x80, 0x80, 0x00, 0x08, 0x85,
    0x00, 0x07, 0x88, 0x53, 0x7C, 0x60, 0x00, 0x10, 0x01, 0xA0, 0x84, 0x00, 0x03, 0x10, 0x08, 0x01, 0x01, 0x87, 0x00, 0x01, 0x04, 0x04, 0x94, 0x00,
    0x01, 0x04, 0x04, 0x87, 0x00, 0x00, 0x08, 0xAD, 0x00, 0x03, 0x01, 0x03, 0x03, 0x01, 0x82, 0x00, 0x05, 0x04, 0x4C, 0x1B, 0xB1, 0x20, 0x49, 0x85,
    0x00, 0x02, 0x04, 0x00, 0x10, 0x81, 0x00, 0x01, 0xC0, 0xC0, 0x85, 0x00, 0x01, 0x02, 0x08, 0x88, 0x00, 0x01, 0x10, 0x10, 0x85, 0x00, 0x03, 0x04,
    0x04, 0x40, 0x40, 0x87, 0x00, 0x02, 0x80, 0x00, 0x00, 0x01, 0xB3, 0x00, 0x0B, 0x08, 0x08, 0x00, 0x00, 0x20, 0x00, 0x40, 0xB8, 0x54, 0x37, 0x07,
    0x02, 0x83, 0x00, 0x00, 0x08, 0x80, 0x00, 0x03, 0x09, 0x00, 0x04, 0x02, 0x85, 0x00, 0x04, 0x20, 0x20, 0x00, 0x01, 0x01, 0x85, 0x00, 0x03, 0x40,
    0x00, 0x03, 0x03, 0x81, 0x00, 0x05, 0x02, 0x02, 0x00, 0x80, 0x80, 0x10, 0x87, 0x00, 0x01, 0x80, 0x80, 0xB7, 0x00, 0x0A, 0x04, 0x0C, 0x12, 0x28,
    0x31, 0x61, 0x60, 0x00, 0x00, 0x01, 0x08, 0x83, 0x00, 0x05, 0x10, 0x00, 0x21, 0x01, 0x10, 0x10, 0x87, 0x00, 0x02, 0x20, 0xA0, 0x80, 0x83, 0x00,
    0x04, 0x04, 0x04, 0x00, 0x00, 0x40, 0xCF, 0x00, 0x0A, 0x02, 0x00, 0x00, 0x83, 0x8C, 0x50, 0x7C, 0x20, 0x20, 0x00, 0x40, 0x92, 0x00, 0x01, 0x02,
    0x02, 0x87, 0x00, 0x00, 0x08, 0x86, 0x00, 0x00, 0x80, 0x89, 0x00, 0x02, 0x80, 0x80, 0x30, 0xB7, 0x00, 0x04, 0x04, 0xEE, 0x5B, 0x11, 0x13, 0x85,
    0x00, 0x00, 0x40, 0x8E, 0x00, 0x02, 0x04, 0xC0, 0xC0, 0x91, 0x00, 0x01, 0x10, 0x10, 0x86, 0x00, 0x04, 0x08, 0x48, 0x40, 0x00, 0x00, 0x01, 0xB1,
    0x00, 0x00, 0x88, 0x85, 0x00, 0x05, 0xC8, 0x98, 0x74, 0x65, 0xC3, 0x02, 0x81, 0x00, 0x01, 0x02, 0x08, 0x88, 0x00, 0x04, 0x02, 0x02, 0x00, 0x00,
    0x80, 0x97, 0x00, 0x00, 0x10, 0x88, 0x00, 0x00, 0x02, 0xB7, 0x00, 0x0B, 0x24, 0x0C, 0x13, 0x28, 0x30, 0xA0, 0xC0, 0x00, 0x01, 0x41, 0x00, 0x02,
    0x83, 0x00, 0x03, 0x11, 0x00, 0x00, 0xA0, 0x90, 0x00, 0x03, 0x01, 0x01, 0x00, 0x40, 0x85, 0x00, 0x03, 0x08, 0x08, 0x00, 0x40, 0x85, 0x00, 0x03,
    0x02, 0x12, 0x80, 0x80, 0xB2, 0x00, 0x00, 0x80, 0x86, 0x00, 0x05, 0x20, 0x8F, 0x50, 0xF8, 0xA1, 0x20, 0x80, 0x00, 0x00, 0x80, 0x81, 0x00, 0x00,
    0x04, 0x89, 0x00, 0x01, 0x08, 0x08, 0x87, 0x00, 0x02, 0x20, 0x00, 0x08, 0x86, 0x00, 0x02, 0xC0, 0x21, 0x01, 0x87, 0x00, 0x01, 0x40, 0x40, 0xB8,
    0x00, 0x03, 0x04, 0x26, 0xBB, 0x9B, 0x84, 0x00, 0x01, 0x08, 0x04, 0x83, 0x00, 0x01, 0x30, 0x30, 0x85, 0x00, 0x00, 0x04, 0x89, 0x00, 0x01, 0x20,
    0x20, 0x85, 0x00, 0x01, 0x02, 0x02, 0x81, 0x00, 0x00, 0x02, 0x83, 0x00, 0x03, 0x01, 0x01, 0x00, 0x00, 0x01, 0xB4, 0x00, 0x00, 0x08, 0x83, 0x00,
    0x05, 0x48, 0x98, 0xFA, 0x64, 0x03, 0x2B, 0x81, 0x00, 0x04, 0x40, 0x00, 0x02, 0x00, 0x02, 0x87, 0x00, 0x01, 0x80, 0x10, 0x87, 0x00, 0x01, 0x80,
    0x80, 0x8A, 0x00, 0x01, 0x08, 0x09, 0x87, 0x00, 0x01, 0x0A, 0x0C, 0xB4, 0x00, 0x00, 0x02, 0x80, 0x00, 0x06, 0x02, 0x04, 0x11, 0x07, 0x61, 0x20,
    0x80, 0x87, 0x00, 0x03, 0x20, 0x08, 0x08, 0x40, 0x84, 0x00, 0x03, 0x03, 0x03, 0x10, 0x10, 0x91, 0x00, 0x02, 0x01, 0x21, 0x60, 0x86, 0x00, 0x02,
    0x10, 0x00, 0x40, 0xB1, 0x00, 0x01, 0x80, 0x20, 0x82, 0x00, 0x00, 0x01, 0x81, 0x00, 0x06, 0x81, 0x00, 0x86, 0x94, 0x58, 0x21, 0x22, 0x80, 0x00,
    0x06, 0x04, 0x20, 0x00, 0x00, 0x02, 0x00, 0x01, 0x88, 0x00, 0x01, 0x01, 0x01, 0x87, 0x00, 0x01, 0x23, 0x01, 0x87, 0x00, 0x01, 0x42, 0x22, 0x86,
    0x00, 0x01, 0x01, 0x01, 0xAC, 0x00, 0x06, 0x20, 0x50, 0x20, 0x01, 0x02, 0x01, 0x08, 0x82, 0x00, 0x07, 0x22, 0x00, 0x44, 0x6E, 0xFF, 0x15, 0x04,
    0x0C, 0x84, 0x00, 0x05, 0x01, 0x00, 0x00, 0x20, 0x80, 0x10, 0x93, 0x00, 0x01, 0x40, 0x40, 0x86, 0x00, 0x02, 0x28, 0xA0, 0x80, 0x80, 0x00, 0x00,
    0x02, 0x86, 0x00, 0x01, 0xBB, 0x00, 0x05, 0xA2, 0x48, 0x94, 0x7B, 0x64, 0xE4, 0x81, 0x00, 0x00, 0x04, 0x83, 0x00, 0x00, 0x20, 0x84, 0x00, 0x04,
    0x40, 0x40, 0x10, 0x02, 0x02, 0x87, 0x00, 0x01, 0x04, 0x04, 0x87, 0x00, 0x00, 0x01, 0x88, 0x00, 0x00, 0x25, 0xB2, 0x00, 0x10, 0x08, 0x00, 0x00,
    0x02, 0x02, 0x00, 0x00, 0x04, 0x02, 0x0E, 0x1B, 0x11, 0x21, 0x60, 0x00, 0x00, 0x10, 0x84, 0x00, 0x02, 0x04, 0x0C, 0x10, 0x88, 0x00, 0x01, 0xC0,
    0xC0, 0x85, 0x00, 0x03, 0x10, 0x10, 0x80, 0x80, 0x83, 0x00, 0x01, 0x04, 0x04, 0x87, 0x00, 0x02, 0x04, 0x04, 0x60, 0xB3, 0x00, 0x01, 0x20, 0x20,
    0x80, 0x00, 0x02, 0x08, 0x01, 0x01, 0x81, 0x00, 0x09, 0x83, 0x01, 0x4E, 0x14, 0xF8, 0x60, 0x10, 0x88, 0x00, 0x08, 0x97, 0x00, 0x04, 0x80, 0x80,
    0x00, 0x04, 0x06, 0x81, 0x00, 0x01, 0x02, 0x02, 0x81, 0x00, 0x01, 0x10, 0x10, 0xBD, 0x00, 0x00, 0x80, 0x85, 0x00, 0x03, 0x84, 0x48, 0x3F, 0x15,
    0x80, 0x00, 0x0A, 0x08, 0x00, 0x08, 0x10, 0x10, 0x00, 0x00, 0x20, 0x00, 0xC0, 0x80, 0x86, 0x00, 0x00, 0x01, 0x83, 0x00, 0x01, 0x20, 0x20, 0x8B,
    0x00, 0x02, 0x08, 0x00, 0x40, 0x86, 0x00, 0x04, 0x32, 0xB2, 0x80, 0x00, 0x00, 0x00, 0x05, 0x02, 0x00, 0x00, 0x20, 0x00, 0x04, 0x80, 0x00, 0x02,
    0x18, 0x24, 0x18, 0x87, 0x00, 0x05, 0xC0, 0x20, 0xA0, 0x10, 0xE0, 0x01, 0x81, 0x00, 0x0B, 0x20, 0x04, 0x00, 0x00, 0x12, 0x80, 0x00, 0x00, 0x02,
    0x00, 0xA8, 0x88, 0x89, 0x00, 0x00, 0x88, 0x80, 0x00, 0x00, 0x88, 0x80, 0x00, 0x0F, 0x88, 0x48, 0x7E, 0xB3, 0x00, 0x02, 0x00, 0x22, 0x24, 0x00,
    0x00, 0x01, 0x03, 0x00, 0x00, 0x20, 0x84, 0x00, 0x03, 0xC0, 0x30, 0x08, 0x03, 0x85, 0x00, 0x04, 0x80, 0x40, 0x28, 0x0D, 0x02, 0x85, 0x00, 0x02,
    0x80, 0x00, 0x3F, 0x80, 0x00, 0x00, 0x80, 0x83, 0x00, 0x04, 0xC1, 0x7E, 0x00, 0x00, 0x20, 0x81, 0x00, 0x02, 0x80, 0x50, 0xC8, 0x88, 0x00, 0x06,
    0x01, 0x00, 0x01, 0x02, 0x02, 0x06, 0x03, 0x84, 0x00, 0x09, 0x01, 0x00, 0x20, 0x00, 0x04, 0x00, 0x90, 0xB8, 0x04, 0x03, 0x89, 0x00, 0x00, 0x8A,
    0x80, 0x00, 0x12, 0x88, 0x04, 0x26, 0x08, 0xB3, 0xC6, 0x89, 0x49, 0x50, 0x02, 0x00, 0x81, 0x00, 0x00, 0x20, 0x00, 0x10, 0x00, 0x08, 0x82, 0x00,
    0x06, 0x40, 0x00, 0x00, 0x07, 0x00, 0x10, 0xE0, 0x84, 0x00, 0x04, 0x02, 0x05, 0x10, 0x00, 0xC0, 0x81, 0x00, 0x06, 0x40, 0x80, 0x00, 0x06, 0x09,
    0x20, 0x40, 0x80, 0x00, 0x00, 0x10, 0x81, 0x00, 0x06, 0x04, 0x3A, 0x40, 0x80, 0x00, 0x00, 0x04, 0x82, 0x00, 0x0D, 0x01, 0x02, 0x01, 0x02, 0x00,
    0x80, 0x00, 0x01, 0xE0, 0x00, 0x80, 0x81, 0x00, 0x01, 0x81, 0x00, 0x05, 0x10, 0x00, 0x08, 0x00, 0x00, 0x20, 0x81, 0x00, 0x07, 0x08, 0x40, 0x00,
    0x21, 0x02, 0x00, 0xA8, 0x20, 0x87, 0x00, 0x00, 0x20, 0x80, 0x00, 0x10, 0x80, 0x00, 0x01, 0x00, 0x88, 0x00, 0x02, 0x00, 0x89, 0x83, 0x20, 0xCD,
    0x32, 0x69, 0x80, 0x00, 0x04, 0x80, 0x00, 0x00, 0x16, 0x80, 0x00, 0x03, 0x80, 0x00, 0x00, 0x02, 0x82, 0x00, 0x01, 0x0E, 0x03, 0x85, 0x00, 0x03,
    0x80, 0x00, 0x30, 0x0F, 0x86, 0x00, 0x03, 0x80, 0x40, 0x3B, 0x0C, 0x86, 0x00, 0x02, 0x81, 0x44, 0x38, 0x87, 0x00, 0x07, 0x20, 0x04, 0x11, 0x0D,
    0x03, 0x03, 0x84, 0x0C, 0x8A, 0x00, 0x00, 0x40, 0x80, 0x00, 0x0D, 0x02, 0x11, 0x00, 0x80, 0x00, 0x24, 0x00, 0x60, 0x8E, 0x00, 0x00, 0x20, 0x50,
    0x20, 0x84, 0x00, 0x00, 0x88, 0x80, 0x00, 0x12, 0x88, 0x00, 0x62, 0xA4, 0x4E, 0xD3, 0x00, 0x07, 0x08, 0x00, 0x00, 0x11, 0x50, 0x00, 0x00, 0x20,
    0x20, 0x00, 0x04, 0x85, 0x00, 0x02, 0x01, 0x06, 0xD8, 0x88, 0x00, 0x00, 0x70, 0x80, 0x00, 0x02, 0x04, 0x00, 0x40, 0x80, 0x00, 0x02, 0x0E, 0x70,
    0x80, 0x86, 0x00, 0x01, 0x3A, 0x81, 0x80, 0x00, 0x01, 0xB5, 0x00, 0x00, 0x08, 0x85, 0x00, 0x04, 0xC8, 0x14, 0x6C, 0x33, 0x02, 0x82, 0x00, 0x00,
    0x81, 0x80, 0x00, 0x01, 0x02, 0x84, 0x84, 0x00, 0x01, 0x08, 0x08, 0x86, 0x00, 0x04, 0x40, 0x20, 0x00, 0x0A, 0x02, 0x84, 0x00, 0x02, 0x80, 0x80,
    0x20, 0x87, 0x00, 0x02, 0x80, 0x80, 0x40, 0xB6, 0x00, 0x01, 0x82, 0x02, 0x80, 0x00, 0x06, 0x04, 0x00, 0x0A, 0x3A, 0xF5, 0x41, 0x41, 0x84, 0x00,
    0x01, 0x01, 0x10, 0x89, 0x00, 0x01, 0x20, 0x20, 0x85, 0x00, 0x03, 0x0C, 0x00, 0x40, 0x40, 0x82, 0x00, 0x03, 0x80, 0x00, 0x00, 0x10, 0x87, 0x00,
    0x03, 0x08, 0x08, 0x80, 0x80, 0xB7, 0x00, 0x10, 0x80, 0x00, 0x01, 0x01, 0x00, 0x00, 0x02, 0x00, 0x01, 0x82, 0x82, 0xCC, 0x7C, 0x58, 0x20, 0x00,
    0x10, 0x80, 0x00, 0x04, 0x20, 0x80, 0x00, 0x00, 0x20, 0x85, 0x00, 0x01, 0x01, 0x03, 0x91, 0x00, 0x04, 0x80, 0x00, 0x01, 0x05, 0x0C, 0x85, 0x00,
    0x03, 0x80, 0x80, 0x28, 0x28, 0xAB, 0x00, 0x03, 0x20, 0x70, 0x70, 0x20, 0x89, 0x00, 0x0E, 0x40, 0x64, 0xE6, 0x9D, 0x13, 0x43, 0x00, 0x00, 0x04,
    0x00, 0xA1, 0x00, 0x01, 0x00, 0x20, 0x94, 0x00, 0x01, 0x10, 0x10, 0x81, 0x00, 0x01, 0x40, 0x40, 0x8C, 0x00, 0x00, 0x40, 0x81, 0x00, 0x01, 0xB5,
    0x00, 0x00, 0x80, 0x85, 0x00, 0x04, 0x80, 0xC8, 0x97, 0x2C, 0x30, 0x80, 0x00, 0x02, 0x02, 0x00, 0x80, 0x95, 0x00, 0x01, 0x40, 0x20, 0x89, 0x00,
    0x00, 0x20, 0x87, 0x00, 0x01, 0x02, 0x02, 0xBC, 0x00, 0x09, 0x04, 0x06, 0x03, 0x1A, 0x38, 0x80, 0x42, 0x20, 0x00, 0x92, 0x97, 0x00, 0x04, 0x05,
    0x01, 0x00, 0x80, 0x80, 0x81, 0x00, 0x00, 0x80, 0x81, 0x00, 0x01, 0x40, 0x40, 0x85, 0x00, 0x02, 0x02, 0x02, 0x40, 0xC2, 0x00, 0x04, 0xA1, 0x83,
    0x42, 0x6C, 0x10, 0x80, 0x00, 0x02, 0x01, 0x00, 0x14, 0x88, 0x00, 0x00, 0x08, 0x88, 0x00, 0x02, 0x20, 0x09, 0x01, 0x86, 0x00, 0x02, 0xC0, 0x60,
    0x20, 0x86, 0x00, 0x03, 0x01, 0x41, 0x50, 0x10, 0xB5, 0x00, 0x00, 0x08, 0x82, 0x00, 0x0B, 0x02, 0x80, 0x40, 0x6E, 0x4C, 0x17, 0x00, 0x88, 0x80,
    0x00, 0x10, 0x81, 0x8B, 0x00, 0x01, 0x02, 0x08, 0x87, 0x00, 0x01, 0x20, 0x20, 0x86, 0x00, 0x02, 0x10, 0x10, 0x80, 0x8B, 0x00, 0x01, 0xBF, 0x00,
    0x0D, 0xA0, 0xC8, 0x56, 0x2F, 0x30, 0xA2, 0x20, 0x10, 0x00, 0x10, 0x02, 0x00, 0x00, 0x02, 0x83, 0x00, 0x04, 0x80, 0xA0, 0x20, 0x02, 0x02, 0x84,
    0x00, 0x01, 0x80, 0x80, 0x8A, 0x00, 0x04, 0x01, 0x01, 0x00, 0x00, 0x80, 0xBF, 0x00, 0x02, 0x08, 0x02, 0x02, 0x80, 0x00, 0x06, 0x20, 0x04, 0x04,
    0x2B, 0xC9, 0x58, 0x10, 0x81, 0x00, 0x00, 0x20, 0x86, 0x00, 0x07, 0x40, 0x40, 0x00, 0x01, 0x03, 0x00, 0xC0, 0xC0, 0x8D, 0x00, 0x05, 0x40, 0x00,
    0x00, 0x09, 0x29, 0x20, 0x86, 0x00, 0x01, 0x10, 0x50, 0xBD, 0x00, 0x00, 0x08, 0x81, 0x00, 0x07, 0x01, 0x00, 0x00, 0x84, 0x18, 0xCC, 0x20, 0xC8,
    0x80, 0x00, 0x01, 0x42, 0x80, 0x82, 0x00, 0x00, 0x02, 0x82, 0x00, 0x00, 0x08, 0x88, 0x00, 0x01, 0x22, 0x0A, 0x87, 0x00, 0x01, 0x02, 0x02, 0xC9,
    0x00, 0x0B, 0x40, 0x20, 0x80, 0x1D, 0x0E, 0x0B, 0x00, 0x10, 0x80, 0x10, 0x10, 0x80, 0x89, 0x00, 0x01, 0x02, 0x08, 0x88, 0x00, 0x01, 0x40, 0x40,
    0x85, 0x00, 0x02, 0x04, 0x24, 0xA0, 0x86, 0x00, 0x02, 0x08, 0x09, 0x81, 0x80, 0x00, 0x01, 0xBF, 0x00, 0x08, 0x02, 0x00, 0xC1, 0x56, 0x0E, 0x30,
    0x00, 0x00, 0x01, 0x81, 0x00, 0x01, 0x18, 0x80, 0x82, 0x00, 0x04, 0x40, 0x00, 0x00, 0x01, 0x01, 0x87, 0x00, 0x01, 0x05, 0x05, 0x87, 0x00, 0x01,
    0x18, 0x10, 0x80, 0x00, 0x00, 0x80, 0x82, 0x00, 0x02, 0x01, 0x05, 0x04, 0xB8, 0x00, 0x01, 0x02, 0x02, 0x81, 0x00, 0x05, 0x06, 0x04, 0x1B, 0x29,
    0x90, 0x02, 0x82, 0x00, 0x01, 0x01, 0x01, 0x86, 0x00, 0x03, 0x02, 0x00, 0x10, 0x10, 0x8D, 0x00, 0x00, 0x40, 0x86, 0x00, 0x01, 0x10, 0x10, 0x81,
    0x00, 0x01, 0x20, 0x20, 0xBC, 0x00, 0x01, 0x01, 0x01, 0x82, 0x00, 0x08, 0x01, 0x83, 0x02, 0x44, 0x18, 0x18, 0x38, 0x10, 0x01, 0x82, 0x00, 0x00,
    0x28, 0x8E, 0x00, 0x04, 0x80, 0x80, 0x10, 0x04, 0x04, 0x87, 0x00, 0x01, 0x10, 0x10, 0xC8, 0x00, 0x10, 0x20, 0x00, 0x40, 0x60, 0xE0, 0x1D, 0x3C,
    0x0B, 0x00, 0x20, 0x20, 0x00, 0x00, 0x20, 0x08, 0x00, 0x04, 0x86, 0x00, 0x01, 0x40, 0x40, 0x8C, 0x00, 0x00, 0x04, 0x81, 0x00, 0x02, 0x02, 0x42,
    0x40, 0x86, 0x00, 0x01, 0x30, 0xB0, 0x81, 0x00, 0x01, 0xB7, 0x00, 0x01, 0x08, 0x14, 0x84, 0x00, 0x06, 0x80, 0x00, 0x49, 0x55, 0x2E, 0x34, 0x10,
    0x81, 0x00, 0x00, 0x01, 0x81, 0x00, 0x00, 0x80, 0x80, 0x00, 0x00, 0x70, 0x8A, 0x00, 0x01, 0x02, 0x02, 0x87, 0x00, 0x01, 0x02, 0x0A, 0x85, 0x00,
    0x03, 0x80, 0x40, 0x08, 0x08, 0xB9, 0x00, 0x0B, 0x02, 0x00, 0x00, 0x02, 0x00, 0x00, 0x06, 0x04, 0xDB, 0x6B, 0x20, 0x20, 0x81, 0x00, 0x03, 0x01,
    0x08, 0x00, 0x01, 0x81, 0x00, 0x00, 0x40, 0x81, 0x00, 0x01, 0x20, 0x20, 0x86, 0x00, 0x02, 0x10, 0x50, 0x40, 0x81, 0x00, 0x04, 0x80, 0x80, 0x00,
    0x06, 0x06, 0x87, 0x00, 0x03, 0x04, 0x04, 0x80, 0x80, 0xB5, 0x00, 0x01, 0xD0, 0x20, 0x81, 0x00, 0x02, 0x01, 0x03, 0x01, 0x84, 0x00, 0x09, 0x82,
    0x44, 0x74, 0x5C, 0x10, 0x00, 0x20, 0x40, 0x00, 0x04, 0x86, 0x00, 0x01, 0x07, 0x07, 0x88, 0x00, 0x00, 0x10, 0x87, 0x00, 0x01, 0x01, 0x01, 0x88,
    0x00, 0x01, 0x24, 0x04, 0xAD, 0x00, 0x09, 0x20, 0x70, 0x20, 0x00, 0x00, 0x01, 0x02, 0x01, 0x00, 0x80, 0x85, 0x00, 0x06, 0x80, 0x42, 0x60, 0x37,
    0x1E, 0x17, 0x01, 0x8C, 0x00, 0x02, 0x04, 0x84, 0x90, 0x8B, 0x00, 0x00, 0x04, 0x83, 0x00, 0x00, 0x08, 0x87, 0x00, 0x01, 0x40, 0x40, 0x81, 0x00,
    0x01, 0xB7, 0x00, 0x03, 0x08, 0x1C, 0x1C, 0x08, 0x84, 0x00, 0x06, 0x80, 0x08, 0x50, 0x0C, 0x30, 0x00, 0x21, 0x88, 0x00, 0x01, 0x10, 0x10, 0x86,
    0x00, 0x00, 0x40, 0x88, 0x00, 0x04, 0x80, 0x80, 0x00, 0x04, 0x04, 0x86, 0x00, 0x02, 0x80, 0x60, 0x20, 0xC0, 0x00, 0x03, 0x04, 0x24, 0x10, 0x99,
    0x85, 0x00, 0x00, 0x04, 0x85, 0x00, 0x02, 0x04, 0x40, 0x40, 0x84, 0x00, 0x04, 0x02, 0x02, 0x00, 0x80, 0x80, 0x85, 0x00, 0x02, 0x10, 0x50, 0x40,
    0x87, 0x00, 0x00, 0x40, 0xBD, 0x00, 0x00, 0x80, 0x83, 0x00, 0x08, 0x01, 0x03, 0x81, 0x82, 0x0C, 0x64, 0x30, 0x00, 0x05, 0x94, 0x00, 0x02, 0x20,
    0x01, 0x01, 0x85, 0x00, 0x04, 0x80, 0xC0, 0x60, 0x2C, 0x0C, 0x85, 0x00, 0x03, 0x80, 0xC1, 0x50, 0x38, 0xBA, 0x00, 0x00, 0x08, 0x81, 0x00, 0x0C,
    0x40, 0x80, 0x80, 0x20, 0x0D, 0x1C, 0x13, 0x01, 0x80, 0x04, 0x00, 0x00, 0x08, 0x85, 0x00, 0x02, 0x01, 0x01, 0x10, 0x88, 0x00, 0x00, 0x30, 0x81,
    0x00, 0x01, 0x40, 0x40, 0x80, 0x00, 0x00, 0x08, 0x88, 0x00, 0x00, 0x02, 0x82, 0x00, 0x01, 0xB9, 0x00, 0x00, 0x80, 0x85, 0x00, 0x07, 0x80, 0xC1,
    0x8F, 0x32, 0x0E, 0x30, 0x34, 0x01, 0x86, 0x00, 0x02, 0x40, 0x00, 0x0A, 0x87, 0x00, 0x02, 0x60, 0x28, 0x08, 0x87, 0x00, 0x01, 0x21, 0x21, 0x87,
    0x00, 0x02, 0x02, 0x12, 0x10, 0xBB, 0x00, 0x00, 0x80, 0x82, 0x00, 0x08, 0x06, 0x47, 0x70, 0x39, 0x11, 0x00, 0x00, 0x20, 0x40, 0x80, 0x00, 0x00,
    0x40, 0x83, 0x00, 0x03, 0x04, 0x00, 0x80, 0x80, 0x84, 0x00, 0x02, 0x01, 0x09, 0x08, 0x82, 0x00, 0x01, 0x40, 0x40, 0x80, 0x00, 0x01, 0x20, 0x20,
    0x86, 0x00, 0x01, 0x0A, 0x48, 0xBD, 0x00, 0x03, 0x01, 0x03, 0x03, 0x01, 0x80, 0x00, 0x0D, 0x02, 0x00, 0x00, 0x03, 0x80, 0xC0, 0x90, 0x0C, 0x20,
    0xE0, 0x20, 0x00, 0x00, 0x08, 0x85, 0x00, 0x00, 0x08, 0x88, 0x00, 0x01, 0x2A, 0x0A, 0x92, 0x00, 0x02, 0x01, 0x00, 0x08, 0xC1, 0x00, 0x0B, 0x40,
    0xE0, 0x80, 0x90, 0x2D, 0x1E, 0x13, 0x01, 0x10, 0x00, 0x08, 0x01, 0x80, 0x00, 0x06, 0x10, 0x02, 0x20, 0x00, 0x00, 0x01, 0x02, 0x88, 0x00, 0x01,
    0x70, 0x40, 0x87, 0x00, 0x01, 0x30, 0x80, 0x87, 0x00, 0x00, 0x02, 0x81, 0x00, 0x01, 0xB8, 0x00, 0x03, 0x08, 0x1C, 0x1C, 0x08, 0x84, 0x00, 0x05,
    0x20, 0xC0, 0x44, 0x32, 0x00, 0x08, 0x80, 0x10, 0x0A, 0x04, 0x04, 0x00, 0x80, 0x80, 0x04, 0x00, 0x80, 0x00, 0x01, 0x03, 0x84, 0x00, 0x04, 0x80,
    0x80, 0x00, 0x01, 0x01, 0x8B, 0x00, 0x01, 0x80, 0x80, 0x82, 0x00, 0x01, 0x01, 0x01, 0xBC, 0x00, 0x00, 0x08, 0x84, 0x00, 0x06, 0x26, 0x0F, 0x80,
    0x1C, 0x20, 0x00, 0x02, 0x83, 0x00, 0x00, 0x20, 0x81, 0x00, 0x00, 0x01, 0x87, 0x00, 0x01, 0x04, 0x04, 0x87, 0x00, 0x01, 0x01, 0x01, 0x87, 0x00,
    0x01, 0x30, 0x32, 0xC6, 0x00, 0x09, 0x01, 0x00, 0x20, 0x03, 0xC4, 0x60, 0x18, 0x00, 0x00, 0x10, 0x92, 0x00, 0x01, 0x10, 0x10, 0x88, 0x00, 0x01,
    0x12, 0x12, 0xCE, 0x00, 0x07, 0x40, 0x40, 0xA0, 0xB0, 0x0D, 0x0E, 0x03, 0x01, 0x80, 0x00, 0x03, 0x20, 0x00, 0x00, 0x81, 0x82, 0x00, 0x01, 0x04,
    0x08, 0x92, 0x00, 0x01, 0x30, 0x80, 0x87, 0x00, 0x00, 0x21, 0x82, 0x00, 0x01, 0xBD, 0x00, 0x00, 0x08, 0x82, 0x00, 0x0B, 0x80, 0x01, 0x43, 0x4C,
    0x1C, 0x3E, 0x18, 0x00, 0x01, 0x08, 0x00, 0x10, 0x81, 0x00, 0x02, 0x20, 0x00, 0x02, 0x88, 0x00, 0x01, 0x06, 0x06, 0x87, 0x00, 0x01, 0x12, 0x02,
    0xC7, 0x00, 0x80, 0x80, 0x80, 0x00, 0x0E, 0x02, 0x00, 0x00, 0xE6, 0x7F, 0x07, 0x08, 0x00, 0x05, 0x00, 0x01, 0x00, 0x01, 0x80, 0x01, 0x83, 0x00,
    0x01, 0x30, 0x30, 0x87, 0x00, 0x01, 0x40, 0x40, 0x81, 0x00, 0x05, 0x80, 0x80, 0x00, 0x00, 0x08, 0x08, 0x81, 0x00, 0x01, 0x10, 0x10, 0x82, 0x00,
    0x01, 0x80, 0x80, 0xB6, 0x00, 0x01, 0x80, 0x80, 0x82, 0x00, 0x04, 0x01, 0x03, 0x03, 0x01, 0x08, 0x81, 0x00, 0x06, 0x01, 0x01, 0x81, 0x02, 0x9C,
    0x46, 0xE4, 0x80, 0x00, 0x02, 0x18, 0x00, 0x04, 0x82, 0x00, 0x01, 0x03, 0x03, 0x85, 0x00, 0x04, 0x80, 0x80, 0x00, 0x04, 0x04, 0x86, 0x00, 0x01,
    0x01, 0x01, 0x88, 0x00, 0x01, 0x20, 0x20, 0xAF, 0x00, 0x07, 0x20, 0x20, 0x00, 0x00, 0x01, 0x03, 0x03, 0x01, 0x89, 0x00, 0x09, 0x20, 0x40, 0xA2,
    0xB0, 0x95, 0x1E, 0x67, 0x00, 0x01, 0x08, 0x86, 0x00, 0x01, 0x40, 0x40, 0x92, 0x00, 0x01, 0x40, 0x40, 0x86, 0x00, 0x02, 0x38, 0x98, 0x81, 0x81,
    0x00, 0x01, 0xC3, 0x00, 0x09, 0x02, 0x80, 0x80, 0x02, 0x4E, 0x3E, 0x38, 0x10, 0x00, 0x20, 0x9A, 0x00, 0x04, 0x80, 0x80, 0x00, 0x08, 0x18, 0x85,
    0x00, 0x03, 0x80, 0xC0, 0x64, 0x24, 0xC1, 0x00, 0x00, 0x20, 0x80, 0x00, 0x08, 0x04, 0x9F, 0x11, 0x00, 0x02, 0x10, 0x00, 0x02, 0x04, 0x80, 0x00,
    0x00, 0x08, 0x80, 0x00, 0x02, 0x06, 0xD0, 0xC0, 0x86, 0x00, 0x02, 0x10, 0x90, 0x80, 0x86, 0x00, 0x01, 0x40, 0x40, 0x86, 0x00, 0x01, 0x40, 0x40,
    0xC9, 0x00, 0x06, 0x03, 0x00, 0x40, 0x0C, 0x1C, 0x00, 0x02, 0x82, 0x00, 0x00, 0x40, 0x80, 0x00, 0x00, 0x02, 0x87, 0x00, 0x02, 0x20, 0x21, 0x01,
    0x86, 0x00, 0x03, 0x40, 0x60, 0x2C, 0x0C, 0x85, 0x00, 0x03, 0x80, 0x40, 0x54, 0x14, 0xBB, 0x00, 0x00, 0x80, 0x82, 0x00, 0x09, 0x20, 0x00, 0x40,
    0xA0, 0x00, 0x80, 0x00, 0x15, 0x14, 0x02, 0x80, 0x00, 0x09, 0x04, 0x08, 0x00, 0x00, 0x20, 0x00, 0x00, 0x01, 0x80, 0x90, 0x91, 0x00, 0x01, 0x04,
    0x04, 0x87, 0x00, 0x01, 0x40, 0x40, 0x82, 0x00, 0x01, 0xB9, 0x00, 0x01, 0x08, 0x14, 0x87, 0x00, 0x0C, 0x01, 0xC1, 0x01, 0x0E, 0x1C, 0x30, 0x10,
    0x00, 0x10, 0x90, 0x00, 0x00, 0x02, 0x80, 0x00, 0x00, 0x01, 0x85, 0x00, 0x01, 0x40, 0x60, 0x89, 0x00, 0x02, 0x21, 0x25, 0x04, 0x87, 0x00, 0x01,
    0x0A, 0x08, 0xB6, 0x00, 0x02, 0x08, 0x14, 0x08, 0x81, 0x00, 0x02, 0x82, 0x05, 0x02, 0x82, 0x00, 0x08, 0xC0, 0x66, 0x27, 0x19, 0x01, 0x88, 0x00,
    0x80, 0x02, 0x96, 0x00, 0x06, 0x40, 0x40, 0x00, 0x00, 0x02, 0x36, 0x30, 0x86, 0x00, 0x00, 0x04, 0xB8, 0x00, 0x02, 0x20, 0x50, 0xA0, 0x83, 0x00,
    0x03, 0x01, 0x02, 0x00, 0x80, 0x82, 0x00, 0x0A, 0x01, 0x00, 0x02, 0x82, 0xD2, 0x40, 0x20, 0x00, 0x00, 0x28, 0x08, 0x84, 0x00, 0x00, 0x04, 0x87,
    0x00, 0x01, 0x08, 0x08, 0x85, 0x00, 0x02, 0x80, 0x80, 0x10, 0x87, 0x00, 0x03, 0x01, 0x81, 0x08, 0x08, 0xAF, 0x00, 0x07, 0x20, 0x70, 0x20, 0x00,
    0x00, 0x01, 0x02, 0x01, 0x85, 0x00, 0x00, 0x08, 0x81, 0x00, 0x0C, 0x40, 0xC0, 0x20, 0x10, 0x48, 0x0D, 0x07, 0x03, 0x00, 0x08, 0x02, 0x80, 0x81,
    0x8D, 0x00, 0x01, 0x20, 0x30, 0x80, 0x00, 0x02, 0x04, 0x44, 0x40, 0x80, 0x00, 0x01, 0x0A, 0x0A, 0x8E, 0x00, 0x01, 0xC7, 0x00, 0x06, 0xC1, 0x41,
    0x20, 0x0C, 0x00, 0x08, 0x02, 0x85, 0x00, 0x00, 0x10, 0x83, 0x00, 0x04, 0x80, 0x00, 0x00, 0x29, 0x09, 0x8B, 0x00, 0x01, 0x80, 0x80, 0x82, 0x00,
    0x03, 0x01, 0x03, 0x10, 0x10, 0xBF, 0x00, 0x00, 0x08, 0x83, 0x00, 0x04, 0x80, 0x96, 0x0F, 0x0D, 0x69, 0x80, 0x00, 0x00, 0x80, 0x84, 0x00, 0x00,
    0x80, 0x86, 0x00, 0x02, 0x03, 0x00, 0x40, 0x85, 0x00, 0x00, 0x04, 0x88, 0x00, 0x01, 0x30, 0x3C, 0xCA, 0x00, 0x08, 0x01, 0x01, 0x02, 0x82, 0xAC,
    0x1C, 0x10, 0x00, 0x10, 0x84, 0x00, 0x00, 0x81, 0x87, 0x00, 0x02, 0x10, 0x12, 0x02, 0x87, 0x00, 0x01, 0x02, 0x12, 0xD2, 0x00, 0x0B, 0x40, 0xC0,
    0xE0, 0x10, 0x58, 0x89, 0x05, 0x03, 0x28, 0x04, 0x00, 0x10, 0x80, 0x00, 0x02, 0x01, 0x00, 0x80, 0x87, 0x00, 0x01, 0x50, 0x40, 0x86, 0x00, 0x01,
    0x30, 0x30, 0x87, 0x00, 0x00, 0x02, 0x83, 0x00, 0x01, 0xBB, 0x00, 0x02, 0x08, 0x08, 0x80, 0x85, 0x00, 0x0D, 0x81, 0x00, 0x02, 0x06, 0x10, 0x32,
    0x10, 0x10, 0x01, 0x00, 0x00, 0x10, 0x00, 0x08, 0x81, 0x00, 0x00, 0x20, 0x82, 0x00, 0x00, 0x80, 0xD9, 0x00, 0x03, 0x02, 0x07, 0x07, 0x02, 0x81,
    0x00, 0x0B, 0x02, 0x60, 0x60, 0xA6, 0x17, 0x39, 0x08, 0x00, 0x02, 0x00, 0x00, 0x20, 0x82, 0x00, 0x00, 0x60, 0x85, 0x00, 0x02, 0x03, 0x08, 0x48,
    0x82, 0x00, 0x06, 0x80, 0x80, 0x00, 0x00, 0x01, 0x00, 0x40, 0x81, 0x00, 0x00, 0x10, 0x81, 0x00, 0x02, 0x0A, 0x80, 0x80, 0xC8, 0x00, 0x08, 0x02,
    0x00, 0x00, 0x01, 0x00, 0x53, 0xC0, 0x24, 0x04, 0x84, 0x00, 0x00, 0x01, 0x87, 0x00, 0x03, 0x20, 0x20, 0x04, 0x04, 0x86, 0x00, 0x02, 0x20, 0x28,
    0x08, 0x87, 0x00, 0x01, 0x30, 0x30, 0xC7, 0x00, 0x10, 0x60, 0x40, 0xC0, 0xA0, 0x14, 0x0B, 0x11, 0x06, 0x02, 0x01, 0x02, 0x02, 0x10, 0x00, 0x00,
    0x40, 0x40, 0x93, 0x00, 0x01, 0x80, 0x80, 0x85, 0x00, 0x02, 0x20, 0x20, 0x02, 0x82, 0x00, 0x01, 0xC1, 0x00, 0x00, 0x08, 0x82, 0x00, 0x05, 0xA0,
    0xC1, 0x40, 0x2E, 0x0F, 0x1C, 0x82, 0x00, 0x01, 0x20, 0x04, 0x83, 0x00, 0x00, 0x10, 0x82, 0x00, 0x01, 0x06, 0x06, 0x87, 0x00, 0x01, 0x12, 0x12,
    0x85, 0x00, 0x06, 0x80, 0xC0, 0x60, 0x20, 0x00, 0x00, 0x01, 0xB4, 0x00, 0x03, 0x08, 0x1C, 0x1C, 0x08, 0x81, 0x00, 0x03, 0x02, 0x07, 0x07, 0x02,
    0x83, 0x00, 0x05, 0x50, 0x0C, 0x06, 0x01, 0x04, 0x18, 0x8F, 0x00, 0x02, 0x14, 0x90, 0x80, 0x85, 0x00, 0x01, 0x08, 0x49, 0x81, 0x00, 0x00, 0x10,
    0x82, 0x00, 0x01, 0x40, 0x42, 0x82, 0x00, 0x00, 0x01, 0xBC, 0x00, 0x01, 0x01, 0x01, 0x84, 0x00, 0x06, 0x01, 0x00, 0x00, 0x80, 0x24, 0x48, 0x10,
    0x80, 0x00, 0x00, 0x40, 0x81, 0x00, 0x00, 0x40, 0x85, 0x00, 0x03, 0x80, 0x80, 0x08, 0x08, 0x86, 0x00, 0x03, 0x40, 0x51, 0x05, 0x04, 0x86, 0x00,
    0x02, 0x40, 0x4C, 0x0C, 0xC0, 0x00, 0x00, 0x80, 0x84, 0x00, 0x0E, 0x20, 0xE0, 0x92, 0x88, 0x04, 0x07, 0x45, 0x02, 0x04, 0x00, 0x00, 0x10, 0x00,
    0x00, 0x01, 0x93, 0x00, 0x01, 0x40, 0x40, 0x86, 0x00, 0x02, 0x18, 0x19, 0x81, 0x82, 0x00, 0x01, 0xC7, 0x00, 0x06, 0x01, 0x80, 0x82, 0x41, 0x10,
    0x6C, 0x02, 0x89, 0x00, 0x05, 0x01, 0x00, 0x00, 0x40, 0x60, 0x20, 0x86, 0x00, 0x07, 0x80, 0x80, 0x21, 0x2D, 0x0C, 0x00, 0x00, 0x80, 0x84, 0x00,
    0x04, 0x0C, 0x0C, 0x00, 0x00, 0x01, 0xC5, 0x00, 0x07, 0x40, 0x20, 0x90, 0x9B, 0x0E, 0x07, 0x02, 0x01, 0x80, 0x00, 0x00, 0x80, 0x82, 0x00, 0x00,
    0x08, 0x83, 0x00, 0x00, 0x04, 0x84, 0x00, 0x00, 0xC0, 0x80, 0x00, 0x01, 0x30, 0x30, 0x81, 0x00, 0x00, 0x10, 0x87, 0x00, 0x02, 0x20, 0x0A, 0x03,
    0xC6, 0x00, 0x07, 0x01, 0x01, 0x00, 0x42, 0x92, 0x14, 0x40, 0x80, 0x82, 0x00, 0x01, 0x01, 0x80, 0x86, 0x00, 0x02, 0x10, 0x11, 0x01, 0x88, 0x00,
    0x00, 0x10, 0x82, 0x00, 0x00, 0x10, 0x80, 0x00, 0x01, 0x80, 0x81, 0xC8, 0x00, 0x11, 0x20, 0x00, 0x40, 0x20, 0xA0, 0x90, 0x10, 0x1C, 0x05, 0x01,
    0x01, 0x60, 0x00, 0x04, 0x40, 0x00, 0x02, 0x01, 0x8C, 0x00, 0x01, 0x1C, 0x40, 0x80, 0x00, 0x01, 0x04, 0x0C, 0x82, 0x00, 0x00, 0x02, 0x81, 0x00,
    0x01, 0x40, 0xC0, 0x83, 0x00, 0x01, 0xC7, 0x00, 0x0A, 0x02, 0x00, 0x41, 0x83, 0x0E, 0x00, 0x10, 0x01, 0x00, 0x00, 0x04, 0x84, 0x00, 0x01, 0x01,
    0x01, 0x81, 0x00, 0x01, 0x09, 0x09, 0x92, 0x00, 0x03, 0x01, 0x03, 0x12, 0x10, 0xC0, 0x00, 0x03, 0x82, 0x07, 0x07, 0x02, 0x81, 0x00, 0x07, 0x20,
    0x80, 0x40, 0x04, 0x03, 0x0E, 0x43, 0x01, 0x83, 0x00, 0x00, 0x02, 0x87, 0x00, 0x01, 0x40, 0x40, 0x91, 0x00, 0x01, 0x20, 0x30, 0x83, 0x00, 0x00,
    0x02, 0xBD, 0x00, 0x04, 0x01, 0x01, 0x00, 0x00, 0x80, 0x82, 0x00, 0x0A, 0x20, 0x03, 0x10, 0xE4, 0xE8, 0x68, 0x00, 0x42, 0x00, 0x00, 0x11, 0x81,
    0x00, 0x00, 0x80, 0x83, 0x00, 0x03, 0x20, 0x00, 0x06, 0x06, 0x85, 0x00, 0x03, 0x80, 0xA0, 0x2A, 0x0A, 0x81, 0x00, 0x01, 0x10, 0x10, 0x80, 0x00,
    0x02, 0x01, 0x30, 0x20, 0xB1, 0x00, 0x03, 0x20, 0x70, 0x70, 0x20, 0x92, 0x00, 0x0D, 0x40, 0x40, 0x20, 0x80, 0x10, 0x00, 0x02, 0x03, 0x02, 0x00,
    0x08, 0x00, 0x01, 0x40, 0x81, 0x00, 0x00, 0x10, 0x82, 0x00, 0x01, 0x30, 0x30, 0x86, 0x00, 0x01, 0x0A, 0x02, 0x81, 0x00, 0x01, 0x02, 0x02, 0x89,
    0x00, 0x01, 0xBC, 0x00, 0x01, 0x08, 0x08, 0x87, 0x00, 0x05, 0x01, 0x00, 0x40, 0xC0, 0x7E, 0x2C, 0x82, 0x00, 0x00, 0x20, 0x81, 0x00, 0x05, 0x20,
    0x00, 0x10, 0x00, 0x80, 0x80, 0x8A, 0x00, 0x01, 0x10, 0x10, 0x86, 0x00, 0x00, 0x40, 0xBB, 0x00, 0x03, 0x08, 0x1C, 0x1C, 0x08, 0x87, 0x00, 0x08,
    0x20, 0x00, 0x00, 0x60, 0xA2, 0x90, 0x14, 0x03, 0x02, 0x82, 0x00, 0x00, 0x01, 0x89, 0x00, 0x00, 0x08, 0x86, 0x00, 0x01, 0x06, 0x06, 0x87, 0x00,
    0x02, 0x1C, 0x0C, 0x80, 0x80, 0x00, 0x01, 0x08, 0x08, 0xC8, 0x00, 0x07, 0x01, 0x00, 0x00, 0x0A, 0x00, 0x80, 0x00, 0x01, 0x85, 0x00, 0x03, 0x40,
    0x00, 0x00, 0x80, 0x80, 0x00, 0x01, 0x28, 0x08, 0x87, 0x00, 0x00, 0x10, 0x88, 0x00, 0x02, 0x40, 0x08, 0x18, 0xC5, 0x00, 0x00, 0x08, 0x82, 0x00,
    0x07, 0x40, 0xC0, 0x10, 0xA8, 0x0C, 0x05, 0x04, 0x02, 0x81, 0x00, 0x03, 0x04, 0x00, 0x04, 0x04, 0x89, 0x00, 0x01, 0x08, 0x08, 0x81, 0x00, 0x01,
    0x30, 0x30, 0x87, 0x00, 0x01, 0x02, 0x02, 0x83, 0x00, 0x01, 0xBD, 0x00, 0x00, 0x08, 0x80, 0x00, 0x00, 0x80, 0x85, 0x00, 0x04, 0x81, 0x01, 0x01,
    0x00, 0x14, 0x8A, 0x00, 0x04, 0x40, 0x20, 0x00, 0x06, 0x06, 0x86, 0x00, 0x02, 0x20, 0x2B, 0x0A, 0x87, 0x00, 0x01, 0x60, 0x20, 0xBA, 0x00, 0x02,
    0x08, 0x14, 0x08, 0x82, 0x00, 0x03, 0x82, 0x05, 0x02, 0x08, 0x83, 0x00, 0x05, 0x40, 0x80, 0x8C, 0x0D, 0x03, 0x81, 0x8B, 0x00, 0x03, 0x01, 0x19,
    0x90, 0x80, 0x86, 0x00, 0x01, 0x40, 0x40, 0x87, 0x00, 0x00, 0xC0, 0xBA, 0x00, 0x00, 0x20, 0x86, 0x00, 0x04, 0x01, 0x03, 0x01, 0x00, 0x08, 0x83,
    0x00, 0x0F, 0x01, 0x03, 0x00, 0xD4, 0x64, 0x00, 0x02, 0x00, 0x44, 0x10, 0x00, 0x00, 0x40, 0x00, 0x00, 0x40, 0x81, 0x00, 0x02, 0x80, 0x90, 0x10,
    0x87, 0x00, 0x03, 0x40, 0x41, 0x15, 0x04, 0x87, 0x00, 0x01, 0x44, 0x04, 0xB2, 0x00, 0x02, 0x20, 0x70, 0x20, 0x94, 0x00, 0x07, 0x60, 0x60, 0x30,
    0x10, 0x08, 0x0F, 0x01, 0x20, 0x85, 0x00, 0x00, 0x10, 0x82, 0x00, 0x01, 0x40, 0x40, 0x81, 0x00, 0x00, 0x10, 0x83, 0x00, 0x00, 0x80, 0x85, 0x00,
    0x01, 0x38, 0x38, 0x84, 0x00, 0x01, 0xC9, 0x00, 0x05, 0x01, 0x00, 0xC0, 0xC0, 0x16, 0x28, 0x80, 0x00, 0x00, 0x60, 0x83, 0x00, 0x00, 0x01, 0x80,
    0x00, 0x02, 0x40, 0x28, 0x08, 0x85, 0x00, 0x04, 0x80, 0x80, 0x01, 0x04, 0x04, 0x85, 0x00, 0x03, 0x80, 0x80, 0x1C, 0x1C, 0xC2, 0x00, 0x01, 0x80,
    0x80, 0x84, 0x00, 0x01, 0x40, 0xA0, 0x80, 0x10, 0x02, 0x0D, 0x03, 0x04, 0x83, 0x00, 0x00, 0x09, 0x83, 0x00, 0x01, 0x03, 0x02, 0x87, 0x00, 0x01,
    0x39, 0x39, 0x87, 0x00, 0x01, 0x42, 0x02, 0x80, 0x00, 0x01, 0x20, 0x20, 0xBF, 0x00, 0x03, 0x01, 0x03, 0x03, 0x01, 0x83, 0x00, 0x0A, 0x02, 0x00,
    0x00, 0x13, 0x02, 0x80, 0xC0, 0x40, 0x00, 0x00, 0x20, 0x87, 0x00, 0x03, 0x80, 0x00, 0x07, 0x07, 0x86, 0x00, 0x02, 0x20, 0x08, 0x08, 0x81, 0x00,
    0x01, 0x10, 0x10, 0x80, 0x00, 0x02, 0x80, 0xB0, 0x20, 0xC6, 0x00, 0x00, 0x80, 0x84, 0x00, 0x0C, 0x60, 0xE0, 0xCA, 0x14, 0x00, 0x03, 0x03, 0x00,
    0x00, 0x02, 0x01, 0x00, 0x04, 0x81, 0x00, 0x00, 0x80, 0x85, 0x00, 0x00, 0x10, 0x81, 0x00, 0x02, 0x04, 0x04, 0x80, 0x87, 0x00, 0x01, 0x01, 0x01,
    0x83, 0x00, 0x01, 0xCB, 0x00, 0x07, 0x01, 0x03, 0xE0, 0x80, 0x04, 0x01, 0x20, 0x08, 0x87, 0x00, 0x02, 0x20, 0x01, 0x01, 0x87, 0x00, 0x01, 0x10,
    0x10, 0x86, 0x00, 0x02, 0x01, 0x03, 0x02, 0xCD, 0x00, 0x06, 0x40, 0x60, 0x80, 0x0C, 0x02, 0x01, 0x11, 0x82, 0x00, 0x00, 0x01, 0x84, 0x00, 0x02,
    0x06, 0x04, 0x40, 0x91, 0x00, 0x01, 0x30, 0x30, 0x82, 0x00, 0x00, 0x02, 0xCB, 0x00, 0x08, 0x01, 0x00, 0x00, 0x48, 0x24, 0x84, 0x02, 0x00, 0x80,
    0x84, 0x00, 0x05, 0x80, 0x00, 0x00, 0x30, 0x28, 0x08, 0x86, 0x00, 0x03, 0x80, 0x90, 0x32, 0x02, 0x86, 0x00, 0x02, 0x01, 0x09, 0x18, 0x81, 0x00,
    0x00, 0x20, 0xCB, 0x00, 0x06, 0xF0, 0x80, 0x88, 0x04, 0x20, 0x0A, 0x01, 0x85, 0x00, 0x00, 0x10, 0x80, 0x00, 0x00, 0x10, 0x86, 0x00, 0x02, 0x0A,
    0x4A, 0x40, 0x80, 0x00, 0x01, 0x02, 0x02, 0x82, 0x00, 0x01, 0x80, 0x80, 0x83, 0x00, 0x01, 0xCA, 0x00, 0x05, 0x01, 0x00, 0xC0, 0x00, 0x06, 0x30,
    0x89, 0x00, 0x03, 0xC0, 0x00, 0x02, 0x06, 0x86, 0x00, 0x01, 0x20, 0x28, 0x87, 0x00, 0x02, 0x40, 0x60, 0x20, 0xC4, 0x00, 0x01, 0x80, 0x80, 0x84,
    0x00, 0x0E, 0x20, 0x00, 0x50, 0xD0, 0x04, 0x0E, 0x06, 0x01, 0x00, 0x05, 0x00, 0x01, 0x00, 0x00, 0x01, 0x82, 0x00, 0x01, 0x04, 0x48, 0x92, 0x00,
    0x01, 0x0C, 0x0C, 0x81, 0x00, 0x02, 0x08, 0x08, 0x02, 0xBF, 0x00, 0x03, 0x01, 0x03, 0x03, 0x01, 0x86, 0x00, 0x04, 0x09, 0x22, 0x00, 0x40, 0x40,
    0x80, 0x00, 0x00, 0x20, 0x85, 0x00, 0x01, 0x20, 0x10, 0x87, 0x00, 0x03, 0x40, 0x40, 0x04, 0x04, 0x80, 0x00, 0x00, 0x10, 0x82, 0x00, 0x02, 0x40,
    0x44, 0x04, 0xCC, 0x00, 0x0C, 0x20, 0x00, 0x00, 0x60, 0x00, 0x78, 0x94, 0x00, 0x11, 0x01, 0x01, 0x02, 0x08, 0x80, 0x00, 0x07, 0x80, 0x00, 0x00,
    0x01, 0x00, 0x00, 0x34, 0x20, 0x80, 0x00, 0x01, 0x08, 0x08, 0x81, 0x00, 0x01, 0x10, 0x10, 0x87, 0x00, 0x01, 0x42, 0x42, 0x84, 0x00, 0x01, 0xCB,
    0x00, 0x08, 0x20, 0x01, 0x02, 0xF0, 0x88, 0x80, 0x00, 0x00, 0x04, 0x87, 0x00, 0x00, 0x28, 0x87, 0x00, 0x02, 0x01, 0x03, 0x0A, 0x87, 0x00, 0x01,
    0x1C, 0x1C, 0xC6, 0x00, 0x00, 0x80, 0x84, 0x00, 0x0C, 0x40, 0xA0, 0x00, 0x08, 0x00, 0x07, 0x02, 0x00, 0x00, 0x08, 0x02, 0x08, 0x01, 0x83, 0x00,
    0x01, 0x10, 0x10, 0x86, 0x00, 0x02, 0x06, 0x46, 0x40, 0x87, 0x00, 0x01, 0x80, 0x80, 0xD1, 0x00, 0x0C, 0x01, 0x00, 0x14, 0x40, 0x80, 0x80, 0x08,
    0x01, 0x00, 0xC0, 0x00, 0x00, 0x80, 0x80, 0x00, 0x04, 0xA0, 0x00, 0x08, 0x44, 0x04, 0x86, 0x00, 0x02, 0x20, 0x09, 0x09, 0x82, 0x00, 0x00, 0x10,
    0x81, 0x00, 0x01, 0x30, 0x30, 0xD1, 0x00, 0x07, 0x40, 0x80, 0x00, 0x08, 0x04, 0x04, 0x47, 0x04, 0x84, 0x00, 0x00, 0x10, 0x8B, 0x00, 0x00, 0x20,
    0x86, 0x00, 0x01, 0x08, 0x19, 0x85, 0x00, 0x01, 0xC5, 0x00, 0x00, 0x08, 0x82, 0x00, 0x0D, 0x01, 0x00, 0x40, 0x88, 0x82, 0xC4, 0x00, 0x40, 0x00,
    0x10, 0x10, 0x00, 0x00, 0x10, 0x81, 0x00, 0x01, 0x01, 0x11, 0x85, 0x00, 0x04, 0x80, 0x00, 0x10, 0x14, 0x04, 0x85, 0x00, 0x01, 0x80, 0x80, 0xD0,
    0x00, 0x09, 0x20, 0x40, 0xD2, 0xF0, 0x84, 0x08, 0x09, 0x01, 0x82, 0x04, 0x80, 0x00, 0x00, 0x08, 0x83, 0x00, 0x01, 0x80, 0x80, 0x85, 0x00, 0x01,
    0x39, 0x38, 0x87, 0x00, 0x01, 0x42, 0x42, 0x80, 0x00, 0x01, 0x20, 0x20, 0xC8, 0x00, 0x00, 0x80, 0x82, 0x00, 0x08, 0x11, 0x01, 0x02, 0x20, 0x41,
    0x04, 0x80, 0x00, 0x01, 0x81, 0x00, 0x00, 0x04, 0x80, 0x00, 0x02, 0x10, 0x0B, 0x03, 0x86, 0x00, 0x02, 0x10, 0x32, 0x02, 0x86, 0x00, 0x02, 0x80,
    0x88, 0x08, 0x81, 0x00, 0x01, 0x20, 0x20, 0xAF, 0x00, 0x01, 0x20, 0x20, 0x98, 0x00, 0x0A, 0x60, 0x70, 0xF4, 0x50, 0x0B, 0x00, 0x00, 0x20, 0x00,
    0x00, 0x04, 0x83, 0x00, 0x01, 0x50, 0x40, 0x80, 0x00, 0x01, 0x10, 0x10, 0x80, 0x00, 0x03, 0x04, 0x2C, 0x00, 0x80, 0x85, 0x00, 0x02, 0x10, 0x20,
    0x01, 0x84, 0x00, 0x01, 0xC5, 0x00, 0x00, 0x80, 0x82, 0x00, 0x06, 0x02, 0x00, 0x01, 0x02, 0x44, 0x60, 0x20, 0x81, 0x00, 0x00, 0x10, 0x84, 0x00,
    0x00, 0x02, 0x86, 0x00, 0x02, 0xA0, 0x28, 0x08, 0x86, 0x00, 0x02, 0x41, 0x23, 0x22, 0xBE, 0x00, 0x00, 0x08, 0x84, 0x00, 0x03, 0x80, 0x00, 0x00,
    0x02, 0x84, 0x00, 0x06, 0x20, 0x60, 0x80, 0x00, 0x04, 0x03, 0x03, 0x93, 0x00, 0x00, 0x01, 0x86, 0x00, 0x01, 0x30, 0x30, 0x81, 0x00, 0x01, 0x08,
    0x08, 0xB5, 0x00, 0x02, 0x20, 0x70, 0x20, 0x87, 0x00, 0x01, 0x01, 0x02, 0x88, 0x00, 0x04, 0x02, 0x20, 0x40, 0x82, 0x80, 0x82, 0x00, 0x00, 0x40,
    0x8D, 0x00, 0x03, 0x80, 0x80, 0x04, 0x04, 0x80, 0x00, 0x01, 0x10, 0x10, 0x81, 0x00, 0x02, 0x41, 0x05, 0x04, 0xB6, 0x00, 0x00, 0x20, 0x82, 0x00,
    0x00, 0x01, 0x93, 0x00, 0x0C, 0x40, 0x60, 0xD8, 0x08, 0x00, 0x00, 0x40, 0x40, 0x00, 0x80, 0x20, 0x00, 0x80, 0x80, 0x00, 0x00, 0x44, 0x86, 0x00,
    0x02, 0x0A, 0x02, 0x80, 0x80, 0x00, 0x01, 0x02, 0x02, 0x81, 0x00, 0x01, 0x22, 0x02, 0x85, 0x00, 0x01, 0xCC, 0x00, 0x0A, 0x01, 0x00, 0x40, 0x80,
    0x91, 0x50, 0x10, 0x00, 0x00, 0x80, 0x10, 0x8F, 0x00, 0x01, 0x02, 0x02, 0x87, 0x00, 0x01, 0x58, 0x1C, 0xCD, 0x00, 0x0A, 0x20, 0x00, 0x00, 0x20,
    0x40, 0x90, 0x10, 0x14, 0x08, 0x40, 0x02, 0x80, 0x01, 0x84, 0x00, 0x01, 0x50, 0x40, 0x86, 0x00, 0x00, 0x04, 0x87, 0x00, 0x01, 0x0C, 0x0C, 0x82,
    0x00, 0x01, 0x02, 0x02, 0xCF, 0x00, 0x06, 0x01, 0x05, 0x20, 0x41, 0x00, 0x00, 0x60, 0x85, 0x00, 0x01, 0x08, 0x04, 0x86, 0x00, 0x02, 0x60, 0x48,
    0x08, 0x87, 0x00, 0x01, 0x30, 0x70, 0xCC, 0x00, 0x00, 0x88, 0x84, 0x00, 0x06, 0x20, 0x98, 0x40, 0x04, 0x04, 0x23, 0x23, 0x86, 0x00, 0x00, 0x20,
    0x80, 0x00, 0x01, 0x08, 0x08, 0x82, 0x00, 0x01, 0x50, 0x40, 0x85, 0x00, 0x03, 0x08, 0x09, 0x80, 0x80, 0x84, 0x00, 0x01, 0xD0, 0x00, 0x01, 0x42,
    0xC2, 0x93, 0x00, 0x02, 0x11, 0x15, 0x04, 0x87, 0x00, 0x00, 0x04, 0xBF, 0x00, 0x01, 0x08, 0x08, 0x88, 0x00, 0x00, 0x08, 0x83, 0x00, 0x06, 0x20,
    0x40, 0x88, 0x00, 0x06, 0x05, 0x20, 0x90, 0x00, 0x02, 0x0E, 0x1A, 0x40, 0x87, 0x00, 0x01, 0x80, 0x80, 0xBA, 0x00, 0x03, 0x20, 0x70, 0x70, 0x20,
    0x93, 0x00, 0x07, 0x01, 0x18, 0x20, 0x40, 0x18, 0x80, 0x00, 0x12, 0x81, 0x00, 0x00, 0x04, 0x81, 0x00, 0x00, 0x43, 0x86, 0x00, 0x02, 0x10, 0x37,
    0x07, 0x86, 0x00, 0x02, 0x80, 0x88, 0x08, 0x81, 0x00, 0x00, 0x20, 0xCD, 0x00, 0x06, 0x20, 0x00, 0x00, 0x60, 0x34, 0x90, 0x01, 0x91, 0x00, 0x01,
    0x04, 0x14, 0x88, 0x00, 0x01, 0x40, 0x41, 0x85, 0x00, 0x01, 0xCD, 0x00, 0x03, 0x01, 0x01, 0x50, 0x80, 0x84, 0x00, 0x00, 0x10, 0x81, 0x00, 0x01,
    0x01, 0x08, 0x84, 0x00, 0x03, 0x80, 0xA0, 0x28, 0x08, 0x86, 0x00, 0x02, 0x81, 0xA3, 0x22, 0xCA, 0x00, 0x01, 0x02, 0x02, 0x84, 0x00, 0x07, 0x40,
    0x00, 0x10, 0x04, 0x00, 0x00, 0x02, 0x01, 0x85, 0x00, 0x01, 0x40, 0x80, 0x85, 0x00, 0x01, 0x11, 0x61, 0x87, 0x00, 0x01, 0x42, 0x42, 0x80, 0x00,
    0x01, 0x20, 0x20, 0xCF, 0x00, 0x0B, 0x20, 0x10, 0x04, 0x03, 0x01, 0x80, 0x00, 0x40, 0x00, 0x00, 0x80, 0x10, 0x8C, 0x00, 0x02, 0x80, 0x88, 0x08,
    0x81, 0x00, 0x01, 0x10, 0x10, 0x81, 0x00, 0x02, 0x40, 0x05, 0x04, 0x82, 0x00, 0x00, 0x20, 0xD0, 0x00, 0x06, 0x88, 0x68, 0x02, 0x04, 0x04, 0x40,
    0x80, 0x88, 0x00, 0x01, 0x10, 0x10, 0x80, 0x00, 0x07, 0x0A, 0x2A, 0x20, 0x80, 0x00, 0x00, 0x02, 0x02, 0x81, 0x00, 0x01, 0x12, 0x12, 0x86, 0x00,
    0x01, 0xD0, 0x00, 0x06, 0x01, 0x60, 0x94, 0x01, 0x10, 0x10, 0x80, 0x81, 0x00, 0x03, 0x80, 0x00, 0x00, 0x10, 0x85, 0x00, 0x02, 0x10, 0x16, 0x06,
    0x86, 0x00, 0x02, 0x40, 0x5C, 0x1C, 0xD3, 0x00, 0x06, 0x20, 0x70, 0x40, 0x80, 0x88, 0x00, 0xA1, 0x80, 0x00, 0x00, 0x01, 0x83, 0x00, 0x00, 0x10,
    0x85, 0x00, 0x00, 0x20, 0x87, 0x00, 0x01, 0x3C, 0x3C, 0x81, 0x00, 0x02, 0x08, 0x0A, 0x02, 0xC4, 0x00, 0x01, 0x01, 0x01, 0x86, 0x00, 0x07, 0x08,
    0x01, 0x00, 0x00, 0x01, 0x40, 0x60, 0x81, 0x83, 0x00, 0x00, 0x08, 0x88, 0x00, 0x01, 0x70, 0x40, 0x88, 0x00, 0x01, 0x39, 0x70, 0xD7, 0x00, 0x08,
    0x40, 0x10, 0x90, 0x0C, 0x80, 0x00, 0x00, 0x80, 0x04, 0x83, 0x00, 0x03, 0x02, 0x00, 0x00, 0x08, 0x83, 0x00, 0x00, 0x80, 0x86, 0x00, 0x01, 0x21,
    0x21, 0x86, 0x00, 0x01, 0xD0, 0x00, 0x06, 0x60, 0x00, 0x00, 0x08, 0x00, 0x00, 0x40, 0x8D, 0x00, 0x01, 0x09, 0x09, 0xD9, 0x00, 0x00, 0x80, 0x85,
    0x00, 0x04, 0x80, 0x18, 0x00, 0x02, 0x10, 0x81, 0x00, 0x00, 0x04, 0x82, 0x00, 0x00, 0x10, 0x84, 0x00, 0x01, 0x04, 0x0C, 0xE5, 0x00, 0x04, 0x08,
    0x60, 0x20, 0x10, 0x14, 0x90, 0x00, 0x01, 0x37, 0x07, 0x86, 0x00, 0x02, 0x80, 0x84, 0x0C, 0x81, 0x00, 0x01, 0x20, 0x20, 0xD2, 0x00, 0x02, 0xE0,
    0x68, 0x28, 0x81, 0x00, 0x01, 0x21, 0x08, 0x84, 0x00, 0x00, 0x08, 0x81, 0x00, 0x07, 0x04, 0x04, 0x50, 0x40, 0x00, 0x00, 0x02, 0x02, 0x81, 0x00,
    0x03, 0x08, 0x08, 0x80, 0x80, 0x85, 0x00,
};
static const uint32_t anim_breath_offsets[91] = {
    0, 287, 454, 634, 825, 1020, 1222, 1420, 1628, 1832, 2050, 2261,
    2472, 2682, 2895, 3112, 3373, 3608, 3853, 4100, 4354, 4584, 4835, 5067,
    5309, 5548, 5791, 6035, 6268, 6508, 6729, 7088, 7312, 7529, 7727, 7952,
    8152, 8346, 8535, 8716, 8860, 9004, 9135, 9300, 9476, 9664, 9894, 10053,
    10224, 10387, 10559, 10753, 10936, 11112, 11266, 11462, 11649, 11806, 11969, 12147,
    12325, 12704, 12886, 13029, 13190, 13352, 13536, 13694, 13861, 14004, 14185, 14336,
    14514, 14648, 14799, 14967, 15125, 15289, 15441, 15605, 15770, 15902, 16054, 16183,
    16347, 16504, 16627, 16737, 16872, 16995, 17095,
};
const kb_anim_t anim_breath = { anim_breath_data, anim_breath_offsets, 90 };
