// anim_heatmap.h を tools/pack_anim_frames.py で圧縮したもの（自動生成・手で編集しないこと）。
// 360コマ、元 184320 バイト → 112095 バイト。
static const uint8_t anim_heatmap_data[112095] = {
    0x00, 0xFB, 0x00, 0x01, 0x02, 0x67, 0xE6, 0x00, 0x00, 0x10, 0x81, 0x00, 0x11, 0x20, 0x40, 0x20, 0x40, 0x28, 0x50, 0xE8, 0x50, 0xE8, 0x50, 0xE8,
    0xC0, 0x80, 0x10, 0xA2, 0xD1, 0xA3, 0x77, 0xDD, 0x00, 0x00, 0x20, 0x8E, 0x00, 0x0D, 0x20, 0x00, 0x20, 0x04, 0x20, 0x00, 0x08, 0x41, 0x09, 0x01,
    0x8B, 0x95, 0x9B, 0x17, 0xDD, 0x00, 0x00, 0x80, 0x8A, 0x00, 0x00, 0x04, 0x8C, 0x00, 0x01, 0x80, 0x17, 0x01, 0xDD, 0x00, 0x00, 0x20, 0x88, 0x00,
    0x00, 0x80, 0x8E, 0x00, 0x01, 0x01, 0x10, 0xE9, 0x00, 0x00, 0x20, 0x82, 0x00, 0x0D, 0x48, 0x30, 0x00, 0x10, 0x00, 0x10, 0x20, 0x00, 0x00, 0x10,
    0x28, 0x40, 0x18, 0x60, 0xDC, 0x00, 0x01, 0x20, 0x20, 0x91, 0x00, 0x09, 0x04, 0x00, 0x00, 0x08, 0x44, 0x02, 0x00, 0x04, 0x08, 0x04, 0xB8, 0x00,
    0x00, 0x80, 0x95, 0x00, 0x00, 0x10, 0x89, 0x00, 0x00, 0x80, 0x89, 0x00, 0x00, 0x04, 0x8E, 0x00, 0x00, 0x40, 0x00, 0xC2, 0x00, 0x00, 0x80, 0x8A,
    0x00, 0x00, 0x04, 0xA7, 0x00, 0x01, 0x03, 0xFF, 0xE6, 0x00, 0x00, 0x10, 0x80, 0x00, 0x12, 0x20, 0x10, 0x20, 0x40, 0x20, 0x60, 0xE0, 0x40, 0xE0,
    0x40, 0xC0, 0xC0, 0x80, 0x40, 0x8A, 0xD0, 0x9B, 0x17, 0xBF, 0xEA, 0x00, 0x00, 0x01, 0x82, 0x00, 0x0C, 0x20, 0x00, 0x20, 0x00, 0x00, 0x05, 0x02,
    0x05, 0x8F, 0x4D, 0x9F, 0x17, 0x9F, 0xB6, 0x00, 0x02, 0x80, 0x00, 0x80, 0x88, 0x00, 0x00, 0x04, 0x87, 0x00, 0x01, 0x10, 0x10, 0xA8, 0x00, 0x00,
    0xFF, 0x00, 0xC3, 0x00, 0x00, 0x80, 0x88, 0x00, 0x01, 0x04, 0x04, 0xA7, 0x00, 0x01, 0x03, 0xD5, 0xE5, 0x00, 0x00, 0x10, 0x80, 0x00, 0x13, 0x20,
    0x10, 0x20, 0x50, 0x20, 0x70, 0xE0, 0x40, 0xE0, 0x40, 0xE0, 0x40, 0xC0, 0x40, 0xC8, 0xCC, 0x8A, 0x17, 0x9F, 0x9D, 0xEA, 0x00, 0x00, 0x01, 0x86,
    0x00, 0x08, 0x01, 0x02, 0x05, 0x0E, 0x4D, 0x8F, 0x57, 0x9F, 0xDD, 0xC1, 0x00, 0x01, 0x02, 0x02, 0xB5, 0x00, 0x01, 0x80, 0x5D, 0x00, 0xB4, 0x00,
    0x01, 0x10, 0x10, 0xC2, 0x00, 0x01, 0x01, 0xBF, 0xE9, 0x00, 0x13, 0x80, 0x20, 0x10, 0x20, 0x70, 0xE0, 0x40, 0xA0, 0x40, 0xE0, 0x40, 0x80, 0x40,
    0xC8, 0xC4, 0xCE, 0x54, 0x9E, 0x9D, 0x9F, 0xF3, 0x00, 0x09, 0x01, 0x02, 0x00, 0x0E, 0x05, 0x2F, 0x57, 0xFF, 0x5D, 0xBF, 0xC0, 0x00, 0x01, 0x02,
    0x02, 0xB7, 0x00, 0x00, 0xFE, 0x00, 0xFA, 0x00, 0x02, 0x8A, 0x17, 0x9F, 0xDA, 0x00, 0x22, 0x20, 0x18, 0x20, 0x10, 0x30, 0x70, 0xE8, 0x50, 0x60,
    0x40, 0xE8, 0x40, 0xE8, 0x50, 0xE8, 0xD0, 0xF8, 0x50, 0xF8, 0xD0, 0xA0, 0x10, 0xA0, 0x00, 0xA2, 0x04, 0xEE, 0x44, 0xEE, 0x56, 0xEE, 0x5D, 0xFF,
    0x57, 0x9F, 0xD1, 0x00, 0x00, 0x08, 0x82, 0x00, 0x00, 0x01, 0x87, 0x00, 0x1A, 0x20, 0x00, 0x10, 0x00, 0x20, 0x00, 0x40, 0x40, 0x81, 0x41, 0x89,
    0x01, 0x83, 0x01, 0x83, 0x01, 0x03, 0x13, 0x2F, 0x15, 0x3F, 0x77, 0x7F, 0x5D, 0x7E, 0x74, 0xFE, 0xF5, 0x00, 0x80, 0x01, 0x04, 0x02, 0x00, 0x02,
    0x40, 0xFE, 0x00, 0xFA, 0x00, 0x02, 0x04, 0x8F, 0x1D, 0xDA, 0x00, 0x22, 0x18, 0x20, 0x10, 0x30, 0x30, 0xA0, 0x50, 0x20, 0x60, 0xE0, 0x40, 0xE0,
    0x40, 0xE8, 0xC0, 0xE8, 0x50, 0xE8, 0xD0, 0x80, 0x00, 0x80, 0x00, 0xA0, 0x10, 0xAE, 0x54, 0xBE, 0x76, 0xEE, 0x5C, 0x6E, 0x54, 0xFE, 0x5D, 0xCF,
    0x00, 0x00, 0x10, 0x83, 0x00, 0x00, 0x01, 0x8A, 0x00, 0x00, 0x10, 0x80, 0x00, 0x14, 0x40, 0x00, 0x41, 0x81, 0x41, 0x81, 0x01, 0x8B, 0x01, 0x0B,
    0x13, 0xBB, 0x15, 0x3F, 0x37, 0xBF, 0x5D, 0x7E, 0x76, 0x7E, 0x5C, 0xF4, 0x00, 0x08, 0x01, 0x00, 0x01, 0x00, 0x00, 0x02, 0x00, 0x22, 0x54, 0x00,
    0xFA, 0x00, 0x02, 0x0C, 0x0C, 0x9F, 0xDA, 0x00, 0x22, 0xA4, 0x10, 0x30, 0x10, 0xB0, 0xD0, 0x20, 0x60, 0xE0, 0x40, 0xE0, 0x60, 0xE0, 0xC0, 0xE0,
    0x40, 0xE8, 0xC0, 0x80, 0x00, 0x88, 0x80, 0x80, 0x10, 0xB8, 0x14, 0xBE, 0x36, 0x3E, 0x5C, 0x3E, 0x76, 0x7E, 0x5C, 0x7E, 0xD5, 0x00, 0x00, 0x02,
    0x88, 0x00, 0x00, 0x02, 0x82, 0x00, 0x15, 0x02, 0x00, 0x03, 0x00, 0x03, 0x01, 0x01, 0x81, 0x21, 0x0B, 0x31, 0x9B, 0x3D, 0xBF, 0x37, 0xBF, 0x1D,
    0x3E, 0x76, 0x7E, 0x5C, 0x7E, 0xF5, 0x00, 0x07, 0x01, 0x00, 0x01, 0x00, 0x00, 0x02, 0x40, 0xFA, 0x00, 0xE7, 0x00, 0x00, 0x80, 0x8B, 0x00, 0x06,
    0x20, 0x00, 0x20, 0x44, 0x7E, 0x74, 0xFE, 0xBC, 0x00, 0x08, 0x20, 0x00, 0x20, 0x00, 0xA0, 0x40, 0x00, 0x00, 0x80, 0x80, 0x00, 0x34, 0x80, 0x00,
    0x80, 0x00, 0x80, 0x00, 0x20, 0x00, 0x22, 0x00, 0x20, 0x00, 0x30, 0x50, 0x60, 0x70, 0xF8, 0xD0, 0xF8, 0x50, 0xF8, 0xD8, 0xF8, 0x50, 0xF0, 0xD0,
    0xF0, 0x70, 0xE0, 0xD0, 0xE0, 0x60, 0xE0, 0x40, 0xE0, 0x40, 0xCC, 0xCC, 0x8C, 0x54, 0xFE, 0xDC, 0xBE, 0x14, 0xBE, 0x1C, 0x3E, 0x36, 0x3E, 0x5C,
    0x7E, 0x76, 0xFE, 0xC9, 0x00, 0x00, 0x02, 0x89, 0x00, 0x01, 0x02, 0x0A, 0x82, 0x00, 0x1F, 0x40, 0x00, 0x05, 0x81, 0x05, 0x81, 0x01, 0x83, 0x01,
    0xA3, 0x03, 0xA3, 0x21, 0x23, 0x21, 0x0A, 0x65, 0x2F, 0x5D, 0xFF, 0x5D, 0xFF, 0x55, 0xFF, 0xFD, 0xBB, 0x71, 0xFA, 0xF9, 0xFA, 0x77, 0xFE, 0xE7,
    0x00, 0x00, 0x01, 0x85, 0x00, 0x02, 0x02, 0x00, 0x02, 0x81, 0x00, 0x80, 0x01, 0x02, 0x83, 0x51, 0xFB, 0x00, 0xE5, 0x00, 0x00, 0x80, 0x8E, 0x00,
    0x05, 0x20, 0x00, 0x28, 0x74, 0xFE, 0xDC, 0xBD, 0x00, 0x00, 0x20, 0x86, 0x00, 0x04, 0x80, 0x00, 0x80, 0x00, 0x80, 0x80, 0x00, 0x2D, 0x20, 0x00,
    0x20, 0x10, 0x20, 0x50, 0x60, 0x70, 0xE0, 0x50, 0xE0, 0x50, 0xE8, 0xC8, 0xE8, 0x50, 0xE0, 0xD0, 0xF0, 0x70, 0xF0, 0xD0, 0xE0, 0x60, 0xA0, 0x40,
    0x20, 0x00, 0xEC, 0x44, 0xEC, 0x54, 0xFC, 0xDC, 0xFE, 0x54, 0xBE, 0x1C, 0xBA, 0x34, 0xBA, 0x5C, 0xFE, 0x76, 0xFE, 0xDD, 0xC7, 0x00, 0x00, 0x02,
    0x89, 0x00, 0x01, 0x01, 0x01, 0x84, 0x00, 0x1F, 0x04, 0x04, 0x80, 0x01, 0x81, 0x01, 0x83, 0x01, 0xC3, 0x01, 0xC3, 0x01, 0x63, 0x03, 0x22, 0x05,
    0x2E, 0x77, 0xFE, 0x5D, 0xFE, 0x75, 0xFC, 0xDD, 0xF8, 0x71, 0xF8, 0xD9, 0xFB, 0x71, 0xFB, 0xD5, 0xE2, 0x00, 0x00, 0x01, 0x8B, 0x00, 0x00, 0x02,
    0x83, 0x00, 0x80, 0x01, 0x01, 0xEB, 0xD9, 0x00, 0xDD, 0x00, 0x02, 0x80, 0x00, 0x80, 0x90, 0x00, 0x09, 0x10, 0xB0, 0x50, 0xB8, 0x70, 0xF8, 0xDC,
    0xFA, 0x77, 0xFE, 0xAC, 0x00, 0x12, 0x20, 0x00, 0x20, 0x00, 0x20, 0x40, 0x20, 0x00, 0x00, 0x40, 0x00, 0x40, 0xC0, 0x40, 0x80, 0x00, 0x80, 0x00,
    0x80, 0x82, 0x00, 0x38, 0x20, 0x01, 0x20, 0x40, 0x28, 0x40, 0x30, 0x10, 0x88, 0x10, 0xB8, 0x10, 0xB8, 0x50, 0xF8, 0x7A, 0xF8, 0xD0, 0xF0, 0x70,
    0xE0, 0xC0, 0xE0, 0x60, 0xE0, 0xC0, 0xE8, 0x40, 0xE8, 0xD8, 0xC8, 0x50, 0x88, 0x90, 0x98, 0x10, 0xBC, 0x14, 0x3E, 0x74, 0xFE, 0x5C, 0x7E, 0x74,
    0xFE, 0x5C, 0xFC, 0x74, 0xFC, 0xDC, 0xF8, 0x75, 0xFB, 0xDD, 0xFB, 0x73, 0xFB, 0xBB, 0x00, 0x00, 0x04, 0x89, 0x00, 0x02, 0x10, 0x00, 0x01, 0x84,
    0x00, 0x2A, 0xC0, 0x41, 0xA0, 0x45, 0xA0, 0x01, 0xA0, 0x00, 0x20, 0x01, 0xA0, 0x41, 0xA3, 0x41, 0xC3, 0x41, 0x8B, 0x01, 0x8B, 0x01, 0x8B, 0x11,
    0xBB, 0x11, 0xBB, 0x77, 0xFF, 0x5D, 0xFE, 0x76, 0xFE, 0x54, 0xFE, 0x74, 0xFC, 0xDC, 0xF9, 0x75, 0xFF, 0xDD, 0xFB, 0x73, 0xFB, 0xDB, 0x00, 0x00,
    0x02, 0x8A, 0x00, 0x13, 0x01, 0x01, 0x03, 0x03, 0x01, 0x03, 0x01, 0x02, 0x00, 0x02, 0x00, 0x02, 0x04, 0x03, 0x05, 0x0F, 0x05, 0x8F, 0x47, 0xEF,
    0x00, 0xDC, 0x00, 0x00, 0x80, 0x90, 0x00, 0x0C, 0x80, 0x00, 0x80, 0xA0, 0xD0, 0xF0, 0x70, 0xF8, 0xD8, 0xFA, 0x71, 0xFB, 0xD1, 0xAD, 0x00, 0x0E,
    0x20, 0x00, 0x20, 0x00, 0x20, 0x00, 0x20, 0x40, 0x20, 0x40, 0xC0, 0x40, 0x80, 0x00, 0x80, 0x84, 0x00, 0x39, 0x20, 0x00, 0x21, 0x00, 0x20, 0x60,
    0x20, 0x00, 0x28, 0x40, 0x28, 0x50, 0xF8, 0xD4, 0xFC, 0x70, 0xF8, 0xD0, 0xF0, 0x70, 0xE0, 0x40, 0xE0, 0x60, 0xE1, 0xC0, 0xE0, 0x40, 0xE8, 0xC4,
    0xC8, 0x40, 0x88, 0x9C, 0x98, 0x10, 0xB8, 0x1C, 0xBE, 0x34, 0xBE, 0x5C, 0x7E, 0x74, 0x7E, 0x5C, 0x7C, 0x74, 0xFC, 0xDC, 0xFC, 0x75, 0xFF, 0xDD,
    0xFB, 0x71, 0xFB, 0xD1, 0xB9, 0x00, 0x00, 0x02, 0x89, 0x00, 0x02, 0x10, 0x00, 0x01, 0x84, 0x00, 0x2C, 0x40, 0x00, 0x44, 0xC0, 0x41, 0x80, 0x01,
    0x80, 0x01, 0x81, 0x01, 0xA1, 0x01, 0xA3, 0x01, 0xA3, 0x49, 0x23, 0x01, 0x8A, 0x01, 0x0A, 0x91, 0xBB, 0xD9, 0xBB, 0xF1, 0xFB, 0xDD, 0xFB, 0x71,
    0xFA, 0x50, 0xF2, 0x70, 0xFE, 0xD4, 0xFE, 0x75, 0xFF, 0xDD, 0xFF, 0x55, 0xFF, 0xDD, 0xD9, 0x00, 0x04, 0x01, 0x04, 0x01, 0x00, 0x01, 0x88, 0x00,
    0x00, 0x02, 0x84, 0x01, 0x0B, 0x02, 0x01, 0x03, 0x01, 0x03, 0x07, 0x07, 0x05, 0x8F, 0x47, 0xCF, 0xCD, 0x00, 0xD3, 0x00, 0x00, 0x80, 0x95, 0x00,
    0x10, 0x20, 0x10, 0x20, 0x10, 0x38, 0x50, 0xF8, 0x70, 0xF8, 0xD8, 0xF8, 0x70, 0xF8, 0xD9, 0xF9, 0x51, 0xFB, 0xA6, 0x00, 0x04, 0x20, 0x00, 0x20,
    0x00, 0x20, 0x84, 0x00, 0x04, 0x20, 0x00, 0x20, 0x00, 0x20, 0x82, 0x00, 0x40, 0x08, 0x10, 0x08, 0x10, 0x18, 0x18, 0x38, 0x10, 0x38, 0x10, 0x38,
    0x34, 0x38, 0x50, 0x78, 0x70, 0xF8, 0x70, 0xF8, 0x70, 0xE8, 0xD0, 0xE8, 0x41, 0xE8, 0xC0, 0xA0, 0x50, 0xB8, 0xD0, 0xB8, 0x74, 0xBE, 0x54, 0x2E,
    0x04, 0x2F, 0x4C, 0x2E, 0x54, 0xFE, 0x5C, 0xFE, 0x74, 0xFE, 0xDC, 0xFE, 0x75, 0xFA, 0xD9, 0xFA, 0x71, 0xFA, 0xD4, 0xFE, 0x77, 0xFE, 0xDD, 0xFF,
    0x65, 0xEF, 0xCD, 0xEF, 0x47, 0xCF, 0xB8, 0x00, 0x00, 0x10, 0x80, 0x00, 0x00, 0x01, 0x80, 0x00, 0x00, 0x04, 0x82, 0x00, 0x36, 0x20, 0x01, 0x20,
    0x00, 0x20, 0x00, 0xE0, 0x40, 0xE0, 0x60, 0xE0, 0x40, 0xE0, 0x40, 0xC0, 0x40, 0x80, 0x01, 0x89, 0x91, 0xB9, 0x11, 0xBD, 0x15, 0x3B, 0x11, 0x3A,
    0x14, 0x3A, 0x74, 0x7E, 0x5C, 0xFF, 0x74, 0xFC, 0xDD, 0xF8, 0x71, 0xF8, 0xD9, 0xF9, 0x71, 0xFB, 0xD1, 0xFB, 0x77, 0xFF, 0xD5, 0xF7, 0x67, 0xEF,
    0xC5, 0xEF, 0x47, 0xCF, 0xD2, 0x00, 0x04, 0x09, 0x00, 0x01, 0x00, 0x01, 0x81, 0x00, 0x09, 0x01, 0x00, 0x01, 0x00, 0x00, 0x01, 0x08, 0x01, 0x00,
    0x09, 0x83, 0x00, 0x01, 0x02, 0x00, 0x80, 0x01, 0x01, 0x03, 0x01, 0x80, 0x03, 0x07, 0x05, 0x07, 0x07, 0x0F, 0x05, 0x2F, 0x07, 0xEF, 0x00, 0xD1,
    0x00, 0x00, 0x80, 0x99, 0x00, 0x0E, 0x10, 0x20, 0x10, 0xB0, 0x70, 0xF8, 0xD0, 0xE8, 0x60, 0xE8, 0xC0, 0xE8, 0x41, 0xFF, 0xDD, 0xA5, 0x00, 0x02,
    0x20, 0x00, 0x20, 0x8A, 0x00, 0x00, 0x20, 0x82, 0x00, 0x41, 0x08, 0x10, 0x08, 0x00, 0x28, 0x18, 0x38, 0x10, 0x38, 0x10, 0x38, 0x10, 0x38, 0x10,
    0x30, 0x70, 0xF8, 0x50, 0xF0, 0x70, 0xE8, 0x42, 0xE0, 0x40, 0xC8, 0x40, 0xC8, 0x40, 0xC8, 0xDC, 0xBA, 0x14, 0xBE, 0x14, 0x3F, 0x14, 0x3E, 0x14,
    0x3E, 0x74, 0x7E, 0x5C, 0xFE, 0x75, 0xFE, 0xDD, 0xFC, 0x75, 0xF8, 0xD8, 0xF8, 0x71, 0xFA, 0xD1, 0xFB, 0xF7, 0xFF, 0xD5, 0xF7, 0xE7, 0xEF, 0xC5,
    0xEF, 0x47, 0xEF, 0xDD, 0xB5, 0x00, 0x00, 0x08, 0x80, 0x00, 0x43, 0x02, 0x00, 0x00, 0x02, 0x20, 0x00, 0x20, 0x00, 0x20, 0x00, 0x20, 0x01, 0x20,
    0x00, 0x20, 0x00, 0x20, 0x10, 0xA0, 0x50, 0xA0, 0x40, 0xE0, 0x40, 0xA0, 0x40, 0x80, 0x40, 0x80, 0x40, 0x88, 0x40, 0x9C, 0x15, 0x98, 0x19, 0x38,
    0x10, 0x38, 0x10, 0x3A, 0x74, 0x7E, 0x5D, 0xFE, 0x74, 0xFC, 0xDC, 0xF8, 0x70, 0xF8, 0xD9, 0xF9, 0x71, 0xFB, 0xD9, 0xFB, 0x73, 0xFF, 0xD5, 0xF7,
    0x77, 0xE7, 0x45, 0xEF, 0x47, 0xEF, 0xDD, 0xD1, 0x00, 0x00, 0x08, 0x86, 0x00, 0x07, 0x01, 0x00, 0x01, 0x00, 0x09, 0x00, 0x00, 0x04, 0x81, 0x00,
    0x00, 0x01, 0x82, 0x00, 0x03, 0x01, 0x01, 0x03, 0x01, 0x80, 0x03, 0x08, 0x01, 0x03, 0x07, 0x0F, 0x05, 0x0F, 0x17, 0x3F, 0x5D, 0x00, 0xAB, 0x00,
    0x00, 0x04, 0x80, 0x00, 0x02, 0x80, 0x00, 0x40, 0x86, 0x00, 0x00, 0x80, 0xA8, 0x00, 0x15, 0x04, 0x00, 0x00, 0x80, 0x00, 0x88, 0x80, 0x88, 0x10,
    0xA8, 0xD0, 0xA0, 0x50, 0xE0, 0xC4, 0xE2, 0x64, 0xEF, 0xCD, 0xEF, 0x77, 0xFF, 0xAF, 0x00, 0x4D, 0x80, 0x08, 0x00, 0x88, 0x00, 0x08, 0x00, 0x08,
    0x10, 0x08, 0x14, 0x38, 0x14, 0x3C, 0x14, 0x38, 0x14, 0x2C, 0x14, 0x28, 0x10, 0x28, 0x58, 0x38, 0x12, 0xB8, 0x50, 0x38, 0x10, 0x32, 0x10, 0x22,
    0x00, 0x22, 0x04, 0x26, 0x46, 0x6E, 0x4C, 0x2E, 0x56, 0x8E, 0x1C, 0x1E, 0x14, 0x9E, 0x1C, 0x3E, 0x37, 0xBE, 0x5D, 0xFE, 0x77, 0xFE, 0x5C, 0xFE,
    0x74, 0xFC, 0xDC, 0xFC, 0x75, 0xFF, 0xDD, 0xFF, 0x77, 0xFF, 0xDD, 0xFB, 0x53, 0xBB, 0x95, 0xBF, 0x37, 0xFF, 0xDD, 0xFF, 0x77, 0xFF, 0xAD, 0x00,
    0x00, 0x04, 0x83, 0x00, 0x48, 0x08, 0x00, 0x08, 0x10, 0x08, 0x10, 0x39, 0x10, 0x38, 0x10, 0x30, 0x30, 0x20, 0x40, 0x20, 0x40, 0x68, 0x40, 0x68,
    0x40, 0xE8, 0x50, 0x68, 0x10, 0x88, 0x10, 0x00, 0x10, 0x20, 0x1C, 0x2A, 0x14, 0x3E, 0x5E, 0x3E, 0x74, 0x7E, 0x5C, 0x3C, 0x54, 0xFD, 0x5C, 0xF8,
    0x74, 0xFE, 0xDD, 0xFA, 0x71, 0xFA, 0xD0, 0xF2, 0x70, 0xF2, 0xD4, 0xE6, 0x65, 0xEF, 0xCD, 0xEF, 0x77, 0xEF, 0xDD, 0xDF, 0x57, 0x9F, 0x9D, 0xBF,
    0x97, 0xBF, 0x5D, 0xBF, 0x77, 0xFF, 0xBE, 0x00, 0x00, 0x01, 0x80, 0x00, 0x00, 0x01, 0x8E, 0x00, 0x04, 0x01, 0x00, 0x11, 0x00, 0x01, 0x87, 0x00,
    0x01, 0x01, 0x00, 0x84, 0x01, 0x01, 0x03, 0x01, 0x80, 0x03, 0x0B, 0x05, 0x0B, 0x05, 0x0F, 0x1D, 0x1F, 0x17, 0xBF, 0x1D, 0xBF, 0x77, 0xFF, 0x00,
    0xA2, 0x00, 0x00, 0x04, 0x82, 0x00, 0x00, 0x20, 0x91, 0x00, 0x00, 0x20, 0x9C, 0x00, 0x04, 0x80, 0x00, 0x84, 0x00, 0x80, 0x80, 0x00, 0x03, 0x80,
    0x00, 0x80, 0x00, 0x84, 0xC0, 0x0C, 0x40, 0x88, 0xC0, 0x8A, 0x16, 0xBE, 0xDD, 0xBF, 0x77, 0xFF, 0x5D, 0x7F, 0x77, 0xA2, 0x00, 0x00, 0x40, 0x80,
    0x00, 0x01, 0x01, 0x20, 0x80, 0x00, 0x51, 0x02, 0x00, 0x4E, 0x04, 0x0A, 0x84, 0x0C, 0x0C, 0x08, 0x04, 0x0C, 0x3C, 0x18, 0x14, 0x18, 0x1C, 0x1A,
    0x14, 0x19, 0x10, 0x20, 0x10, 0x20, 0x04, 0x22, 0x04, 0x2E, 0x04, 0x2A, 0x04, 0x0A, 0x05, 0x0A, 0x01, 0x0B, 0x15, 0x1F, 0x17, 0x3F, 0x1D, 0x3F,
    0x17, 0x3E, 0x1C, 0x3E, 0x16, 0x3F, 0x5C, 0x3F, 0x74, 0xFF, 0x5D, 0xFF, 0x75, 0xFB, 0xD9, 0xFB, 0x71, 0xFB, 0xD1, 0xF3, 0xF7, 0xFF, 0xD5, 0xFF,
    0x77, 0xEF, 0xCD, 0xEF, 0x47, 0xCF, 0xDD, 0x9F, 0x57, 0xBF, 0xDD, 0xBF, 0x77, 0xFF, 0x5D, 0xBF, 0x77, 0xA1, 0x00, 0x00, 0x10, 0x82, 0x00, 0x55,
    0x01, 0x00, 0x08, 0x00, 0x08, 0x10, 0x08, 0x14, 0x28, 0x14, 0x2C, 0x04, 0x28, 0x14, 0x2C, 0x1C, 0x38, 0x10, 0x38, 0x18, 0x38, 0x10, 0x38, 0x50,
    0x30, 0x50, 0x21, 0x50, 0x22, 0x34, 0x2E, 0x44, 0x2E, 0x14, 0x1E, 0x04, 0x0E, 0x04, 0x8E, 0x1C, 0x9E, 0x17, 0xBE, 0x1D, 0x3E, 0x37, 0x3E, 0x1C,
    0x3E, 0x34, 0x7E, 0x5C, 0x7E, 0x74, 0xFE, 0x5C, 0xFE, 0x75, 0xFD, 0xD9, 0xF9, 0x51, 0xFB, 0xD1, 0xFB, 0x77, 0xFF, 0xD5, 0xFF, 0x77, 0xFF, 0x5D,
    0xEF, 0x47, 0xEF, 0x5D, 0xFF, 0xD7, 0xFF, 0xDD, 0xFF, 0x77, 0xFF, 0xDD, 0xFF, 0x77, 0xB5, 0x00, 0x00, 0x01, 0x82, 0x00, 0x00, 0x01, 0x82, 0x00,
    0x00, 0x10, 0x89, 0x00, 0x00, 0x10, 0x81, 0x00, 0x00, 0x04, 0x8F, 0x00, 0x82, 0x01, 0x11, 0x0B, 0x11, 0x3B, 0x15, 0x3B, 0x17, 0x2E, 0x1C, 0x3E,
    0x76, 0x7E, 0x5D, 0xFF, 0x75, 0xFF, 0xDD, 0xFF, 0x71, 0x00, 0xA7, 0x00, 0x00, 0x20, 0x8F, 0x00, 0x00, 0x10, 0x95, 0x00, 0x04, 0x80, 0x00, 0x80,
    0x00, 0x80, 0x81, 0x00, 0x03, 0x84, 0x00, 0x80, 0x00, 0x80, 0x80, 0x00, 0x00, 0x80, 0x80, 0x00, 0x40, 0x80, 0xC0, 0x00, 0x40, 0x80, 0xC0, 0x0D,
    0x40, 0xC0, 0xC0, 0x88, 0x44, 0xCE, 0xDC, 0xBE, 0x37, 0xBF, 0x1D, 0x3F, 0x37, 0x7E, 0xA4, 0x00, 0x01, 0x02, 0x40, 0x80, 0x00, 0x13, 0x80, 0x02,
    0x00, 0x02, 0x84, 0x02, 0x04, 0x08, 0x04, 0x08, 0x44, 0x0C, 0x04, 0x08, 0x04, 0x08, 0x08, 0x09, 0x00, 0x08, 0x80, 0x00, 0x3C, 0x02, 0x00, 0x02,
    0x04, 0x06, 0x04, 0x06, 0x04, 0x0E, 0x04, 0x0E, 0x05, 0x0F, 0x0D, 0x0F, 0x17, 0x1F, 0x1D, 0x3F, 0x17, 0x3E, 0x1C, 0x3E, 0x16, 0x3E, 0x1C, 0x3E,
    0x74, 0xFE, 0x5C, 0xFE, 0x75, 0xFC, 0xD9, 0xF9, 0x51, 0xFB, 0xD1, 0xFB, 0x73, 0xFF, 0xD5, 0xFF, 0x77, 0xEF, 0x45, 0xEF, 0x47, 0xEF, 0x4D, 0xFF,
    0x57, 0xFF, 0xDD, 0xFF, 0x77, 0xFF, 0xDD, 0xBF, 0x77, 0xFF, 0x90, 0x00, 0x00, 0x08, 0x80, 0x00, 0x00, 0x08, 0x8C, 0x00, 0x58, 0x08, 0x01, 0x08,
    0x00, 0x08, 0x0C, 0x08, 0x10, 0x18, 0x14, 0x18, 0x10, 0x08, 0x14, 0x28, 0x14, 0x2C, 0x14, 0x3C, 0x14, 0x2C, 0x3C, 0xA8, 0x30, 0x08, 0x30, 0x08,
    0x11, 0x2A, 0x10, 0x32, 0x16, 0x2E, 0x14, 0x36, 0x06, 0x6E, 0x04, 0x4E, 0x04, 0x4E, 0x1C, 0x3E, 0x17, 0x3E, 0x1D, 0x3F, 0x15, 0x3E, 0x1C, 0x3A,
    0x34, 0x3E, 0x5C, 0x7E, 0x76, 0xFE, 0x5C, 0xFE, 0x75, 0xEE, 0x4D, 0xE9, 0x41, 0xEB, 0xDD, 0xFB, 0x57, 0xFF, 0xDD, 0xBF, 0x37, 0xBF, 0x1D, 0x3F,
    0x37, 0x3F, 0x5D, 0xFF, 0xF7, 0xFF, 0xDD, 0xFF, 0x77, 0xFF, 0xDD, 0xFF, 0x75, 0xFB, 0xB2, 0x00, 0x00, 0x01, 0x89, 0x00, 0x00, 0x10, 0x87, 0x00,
    0x00, 0x08, 0x83, 0x00, 0x00, 0x02, 0x93, 0x00, 0x14, 0x08, 0x01, 0x19, 0x11, 0x1B, 0x15, 0x3B, 0x15, 0x3E, 0x1C, 0x3E, 0x76, 0x7E, 0x5C, 0x7E,
    0x75, 0xFE, 0xDD, 0xFD, 0x75, 0xF9, 0x00, 0x9F, 0x00, 0x00, 0x20, 0x80, 0x00, 0x00, 0x20, 0x89, 0x00, 0x01, 0x04, 0x40, 0x8C, 0x00, 0x00, 0x80,
    0x84, 0x00, 0x0A, 0x80, 0x00, 0x80, 0x40, 0x80, 0x40, 0x80, 0x40, 0x80, 0x00, 0x08, 0x82, 0x00, 0x03, 0x80, 0x40, 0x80, 0x40, 0x80, 0xC0, 0x00,
    0x40, 0x80, 0xC0, 0x00, 0x40, 0x80, 0xC0, 0x14, 0x40, 0x80, 0xC0, 0xA0, 0x00, 0xA0, 0x40, 0xE2, 0x44, 0xEE, 0xC4, 0xEE, 0x54, 0xFE, 0xDD, 0xFF,
    0x75, 0xFF, 0xDD, 0xFF, 0x77, 0x9A, 0x00, 0x01, 0x80, 0x82, 0x83, 0x00, 0x05, 0x40, 0x00, 0x00, 0x02, 0x04, 0x02, 0x83, 0x00, 0x09, 0x10, 0x02,
    0x00, 0x02, 0x04, 0x02, 0x04, 0x0A, 0x04, 0x08, 0x82, 0x00, 0x05, 0x08, 0x01, 0x0B, 0x01, 0x0B, 0x01, 0x80, 0x03, 0x36, 0x05, 0x07, 0x07, 0x0E,
    0x15, 0x0F, 0x07, 0x0F, 0x0D, 0x0F, 0x15, 0x8E, 0x1D, 0x9A, 0x15, 0xBB, 0x1D, 0xBB, 0x17, 0xBF, 0xD5, 0xBE, 0x77, 0xEE, 0xC4, 0xE6, 0x45, 0xEF,
    0xCF, 0xEF, 0x57, 0xFF, 0xDF, 0xFF, 0x17, 0x9F, 0x9D, 0xBF, 0x17, 0xBF, 0x1D, 0x3F, 0x77, 0xFF, 0x5D, 0xFF, 0x77, 0xFE, 0xDD, 0xFE, 0x75, 0xFD,
    0xDD, 0xFF, 0x75, 0x85, 0x00, 0x00, 0x08, 0x90, 0x00, 0x63, 0x08, 0x00, 0x02, 0x00, 0x03, 0x00, 0x02, 0x00, 0x02, 0x04, 0x0E, 0x04, 0x0E, 0x0C,
    0x0E, 0x04, 0x0E, 0x0C, 0x08, 0x14, 0x08, 0x18, 0x18, 0x10, 0x3A, 0x10, 0xBA, 0x10, 0x3A, 0x14, 0x22, 0x02, 0x02, 0x04, 0x02, 0x45, 0x0E, 0x1D,
    0x0F, 0x37, 0x0F, 0x3F, 0x1F, 0x77, 0x1F, 0x1D, 0x3F, 0x17, 0x3F, 0x1D, 0x3E, 0x37, 0x3E, 0x1C, 0x3E, 0x34, 0x3C, 0x5C, 0x3C, 0x14, 0x38, 0x5D,
    0x3B, 0x71, 0x7B, 0x5D, 0x3B, 0x73, 0x73, 0x55, 0x2F, 0x67, 0x6F, 0x45, 0x6F, 0x57, 0xEF, 0x5D, 0xFF, 0x57, 0x9F, 0x1D, 0xBF, 0x17, 0xBF, 0x5D,
    0xFF, 0x77, 0xFF, 0x5D, 0xFF, 0x77, 0xFE, 0xDC, 0xFE, 0x74, 0xFC, 0xDD, 0xFF, 0x75, 0xA9, 0x00, 0x00, 0x01, 0x8B, 0x00, 0x00, 0x08, 0x85, 0x00,
    0x00, 0x08, 0x84, 0x00, 0x00, 0x01, 0x95, 0x00, 0x1A, 0x04, 0x08, 0x04, 0x2E, 0x1C, 0x2E, 0x14, 0x2E, 0x1C, 0x3E, 0x14, 0x3E, 0x1D, 0x3F, 0x75,
    0x7F, 0x5D, 0x7F, 0x77, 0xFE, 0x55, 0xFE, 0x74, 0xFE, 0xD5, 0xFF, 0x77, 0x00, 0x9D, 0x00, 0x03, 0x40, 0x00, 0x00, 0x40, 0x89, 0x00, 0x01, 0x04,
    0x20, 0x8D, 0x00, 0x00, 0x80, 0x88, 0x00, 0x00, 0x80, 0x80, 0x00, 0x03, 0x80, 0x10, 0x00, 0x00, 0x84, 0x80, 0x04, 0x00, 0xC0, 0x40, 0xC0, 0x40,
    0x80, 0xC0, 0x00, 0x40, 0x80, 0xC0, 0x00, 0x40, 0x80, 0x80, 0x12, 0x00, 0x80, 0x00, 0xA0, 0x00, 0xE0, 0x40, 0xE2, 0x74, 0xEE, 0x5C, 0xFE, 0x74,
    0xFC, 0xDC, 0xFF, 0x75, 0xFF, 0xDD, 0x9F, 0x00, 0x00, 0x40, 0x80, 0x00, 0x02, 0x02, 0x00, 0x02, 0x81, 0x00, 0x00, 0x10, 0x83, 0x00, 0x04, 0x02,
    0x00, 0x12, 0x00, 0x02, 0x83, 0x00, 0x40, 0x05, 0x03, 0x01, 0x8B, 0x05, 0x03, 0x01, 0x0B, 0x07, 0x03, 0x27, 0x0F, 0x05, 0x0F, 0x07, 0x0E, 0x0C,
    0x0E, 0x04, 0x0E, 0x0C, 0x0C, 0x14, 0x8C, 0x9D, 0x9B, 0x11, 0xBB, 0xF9, 0xBB, 0x13, 0xB3, 0xD1, 0xE3, 0x47, 0xE7, 0xC5, 0xEF, 0x47, 0xEF, 0xCD,
    0xEF, 0x57, 0xCF, 0xDD, 0x9F, 0x17, 0x9F, 0x9D, 0xBF, 0x37, 0xFF, 0x5D, 0xFF, 0x77, 0xFE, 0x5C, 0xFE, 0x74, 0xFE, 0xDC, 0xFF, 0x75, 0xFF, 0xDD,
    0x97, 0x00, 0x1D, 0x08, 0x04, 0x0A, 0x00, 0x0A, 0x00, 0x02, 0x00, 0x0A, 0x04, 0x0A, 0x06, 0x0E, 0x04, 0x0E, 0x04, 0x0E, 0x04, 0x0E, 0x04, 0x0C,
    0x0C, 0x08, 0x10, 0x08, 0x18, 0x9A, 0x11, 0x1A, 0x11, 0x80, 0x02, 0x44, 0x00, 0x42, 0x07, 0x3E, 0x05, 0x2F, 0x07, 0xAF, 0x0D, 0x0F, 0x07, 0x0F,
    0x1D, 0x1F, 0x17, 0x5F, 0x1D, 0x7F, 0x37, 0x7E, 0x1C, 0x3E, 0x36, 0x3E, 0x1C, 0x3E, 0x34, 0x3C, 0x5D, 0x3F, 0x75, 0x7F, 0x5D, 0x3B, 0x13, 0x3B,
    0x19, 0x33, 0x17, 0x2F, 0x15, 0x3F, 0x77, 0x7F, 0x5D, 0x7F, 0x57, 0x7F, 0x5D, 0x3F, 0x57, 0xBF, 0x5D, 0xFF, 0x77, 0xFF, 0xDD, 0xFF, 0x77, 0xFF,
    0xDD, 0xFE, 0x76, 0xFE, 0xD4, 0xFF, 0x77, 0xFF, 0xDD, 0xA6, 0x00, 0x00, 0x02, 0x8B, 0x00, 0x00, 0x08, 0x84, 0x00, 0x00, 0x04, 0x86, 0x00, 0x00,
    0x01, 0x94, 0x00, 0x1D, 0x08, 0x00, 0x08, 0x14, 0x1E, 0x14, 0x3E, 0x14, 0x2E, 0x1C, 0x3E, 0x14, 0x3C, 0x1C, 0x3C, 0x35, 0x7E, 0x5D, 0x7B, 0x71,
    0x7B, 0x59, 0x7B, 0x73, 0xF3, 0x55, 0xF7, 0x77, 0xFF, 0xDD, 0x00, 0xA4, 0x00, 0x00, 0x10, 0x94, 0x00, 0x0C, 0x80, 0x00, 0x80, 0x00, 0x80, 0x00,
    0x80, 0x00, 0x80, 0x00, 0x80, 0x20, 0x80, 0x81, 0x00, 0x0E, 0x40, 0x00, 0x40, 0x80, 0x40, 0x80, 0x40, 0xC0, 0xC0, 0x80, 0x40, 0x80, 0xC0, 0x80,
    0x00, 0x80, 0xC0, 0x00, 0x40, 0x80, 0xC0, 0x19, 0x40, 0xC0, 0xC0, 0x80, 0x40, 0x80, 0xC0, 0xA0, 0x40, 0xE0, 0xD0, 0xB0, 0x70, 0xFA, 0x50, 0xFA,
    0x74, 0xFE, 0xD4, 0xFE, 0x74, 0xFE, 0xDD, 0xFF, 0x75, 0xFF, 0x9F, 0x00, 0x08, 0x08, 0x02, 0x00, 0x02, 0x00, 0x02, 0x00, 0x02, 0x10, 0x8A, 0x00,
    0x47, 0x01, 0x02, 0x01, 0x83, 0x05, 0x07, 0x4F, 0x07, 0x05, 0x06, 0x05, 0x0E, 0x05, 0x0F, 0x05, 0x8F, 0x0D, 0x8F, 0x07, 0x8F, 0x0D, 0x0E, 0x06,
    0x0E, 0x04, 0x0A, 0x04, 0x8E, 0x44, 0x8E, 0x45, 0xCF, 0xCD, 0xEB, 0x41, 0xEB, 0xC1, 0xAB, 0x03, 0xCB, 0x95, 0xBF, 0x17, 0xBF, 0xDF, 0xBF, 0x17,
    0xAF, 0x4F, 0x2F, 0x57, 0xFF, 0x5D, 0xFF, 0x77, 0xFF, 0xDD, 0xFF, 0x77, 0xFF, 0xDD, 0xFB, 0x73, 0xFB, 0xD5, 0xFF, 0x77, 0xFF, 0xDD, 0xFF, 0x77,
    0xEF, 0x88, 0x00, 0x00, 0x08, 0x86, 0x00, 0x6A, 0x02, 0x00, 0x02, 0x04, 0x06, 0x04, 0x0E, 0x04, 0x0E, 0x06, 0x0E, 0x0C, 0x0E, 0x04, 0x0E, 0x1C,
    0x0A, 0x14, 0x0A, 0x14, 0x0A, 0x10, 0x0A, 0x04, 0x4A, 0x04, 0x0E, 0x04, 0x0E, 0x84, 0x0C, 0x0D, 0x09, 0x21, 0x0B, 0x21, 0x0B, 0x33, 0x0F, 0x15,
    0x1F, 0x17, 0x0F, 0x15, 0x0F, 0x07, 0x2E, 0x0C, 0x2E, 0x16, 0x3E, 0x1D, 0x3F, 0x15, 0x3F, 0x1D, 0x3B, 0x11, 0x3A, 0x11, 0x3A, 0x33, 0x3B, 0x15,
    0x3F, 0x37, 0x3F, 0x55, 0x2F, 0x07, 0x2F, 0x4D, 0x0F, 0x07, 0x0F, 0x1D, 0x3F, 0x17, 0x3F, 0x1D, 0x3F, 0x37, 0x3F, 0x1D, 0x3E, 0x76, 0x7E, 0x5C,
    0x7E, 0x77, 0xFF, 0xDD, 0xFF, 0x75, 0xFF, 0xDD, 0xFB, 0x71, 0xFB, 0xD1, 0xFB, 0x77, 0xFF, 0xD7, 0xFF, 0x77, 0xEF, 0x9D, 0x00, 0x00, 0x04, 0x8D,
    0x00, 0x00, 0x04, 0x82, 0x00, 0x00, 0x02, 0x87, 0x00, 0x00, 0x01, 0x99, 0x00, 0x80, 0x0C, 0x1D, 0x14, 0x1E, 0x1C, 0x3E, 0x14, 0x3E, 0x1C, 0x3A,
    0x34, 0x3E, 0x1C, 0x3E, 0x74, 0x7E, 0x5C, 0x7E, 0x75, 0x7C, 0x5D, 0x79, 0x51, 0xFB, 0xDD, 0xFB, 0x77, 0xFF, 0xDD, 0xFF, 0x77, 0xFF, 0x00, 0x9F,
    0x00, 0x01, 0x02, 0x08, 0x9F, 0x00, 0x39, 0xC0, 0x00, 0x80, 0x00, 0x80, 0x20, 0x00, 0x20, 0x00, 0x20, 0x00, 0x00, 0x80, 0x40, 0x80, 0x40, 0xC0,
    0xC0, 0x80, 0x40, 0xC0, 0xC0, 0x80, 0x00, 0x80, 0xC0, 0x80, 0x00, 0x80, 0xC0, 0x80, 0x00, 0x80, 0x40, 0x00, 0x40, 0xC0, 0xC0, 0xE0, 0x40, 0xE0,
    0xC0, 0xE0, 0x70, 0xF0, 0xD0, 0xF0, 0x70, 0xFA, 0xD4, 0xFA, 0x77, 0xFE, 0xDD, 0xFF, 0x77, 0xEF, 0xCD, 0x9B, 0x00, 0x00, 0x04, 0x83, 0x00, 0x00,
    0x08, 0x8E, 0x00, 0x48, 0x01, 0x03, 0x85, 0x0B, 0x01, 0x03, 0x07, 0x07, 0x05, 0x06, 0x06, 0x0E, 0x04, 0x0E, 0x05, 0x0E, 0x0D, 0x8F, 0x05, 0x8E,
    0x0D, 0x8A, 0x01, 0x8A, 0x00, 0x8A, 0x11, 0x8A, 0xB5, 0x8F, 0x27, 0x8F, 0xE5, 0x8F, 0x45, 0xAF, 0xC5, 0x8F, 0x07, 0x8F, 0xDD, 0x9F, 0x17, 0x9F,
    0x9D, 0xBF, 0x17, 0x3F, 0x1D, 0x3F, 0x37, 0x7E, 0x5D, 0xFF, 0x77, 0xFF, 0xDD, 0xFF, 0x75, 0xFF, 0xDD, 0xFB, 0x71, 0xFB, 0xD9, 0xFB, 0x77, 0xFF,
    0xD5, 0xFF, 0x77, 0xEF, 0xC5, 0x91, 0x00, 0x6B, 0x02, 0x00, 0x0A, 0x04, 0x02, 0x04, 0x06, 0x04, 0x06, 0x04, 0x0E, 0x04, 0x0E, 0x04, 0x0E, 0x0C,
    0x0A, 0x10, 0x08, 0x00, 0x08, 0x10, 0x08, 0x10, 0x42, 0x10, 0x0A, 0x84, 0x0A, 0x24, 0x0E, 0x24, 0x02, 0x25, 0x0E, 0x05, 0x0F, 0x07, 0x0F, 0x1D,
    0x1F, 0x37, 0x1F, 0x3D, 0x1F, 0x37, 0x1E, 0x1C, 0x3E, 0x16, 0x3E, 0x1C, 0x3E, 0x14, 0x3E, 0x1C, 0x38, 0x11, 0x38, 0x19, 0x3B, 0x11, 0x3B, 0x1D,
    0x3B, 0x37, 0x3F, 0x15, 0x27, 0x07, 0x2F, 0x05, 0x2F, 0x07, 0x0F, 0x5D, 0x3F, 0x17, 0x3F, 0x1D, 0x3F, 0x17, 0x3F, 0x1D, 0x3F, 0x37, 0x7E, 0x5D,
    0xFE, 0x77, 0xFE, 0xDD, 0xFE, 0x75, 0xFD, 0xDD, 0xF9, 0x71, 0xFF, 0xDD, 0xFB, 0x77, 0xFF, 0xDD, 0xFF, 0x77, 0xFF, 0xD5, 0x9A, 0x00, 0x00, 0x04,
    0x8D, 0x00, 0x00, 0x04, 0x81, 0x00, 0x00, 0x02, 0x88, 0x00, 0x00, 0x01, 0x9B, 0x00, 0x80, 0x0C, 0x1E, 0x14, 0x1C, 0x1C, 0x18, 0x14, 0x38, 0x18,
    0x38, 0x10, 0x3A, 0x1C, 0x3A, 0x34, 0x7E, 0x54, 0x7E, 0x74, 0x6E, 0x45, 0x6F, 0x45, 0xEF, 0x5D, 0xFF, 0x57, 0xFF, 0xDD, 0xFF, 0x17, 0xBF, 0x9D,
    0x00, 0x94, 0x00, 0x03, 0x02, 0x00, 0x00, 0x08, 0x9F, 0x00, 0x00, 0x40, 0x8A, 0x00, 0x07, 0x80, 0x00, 0xC0, 0x00, 0xC0, 0x80, 0xC0, 0x00, 0x80,
    0x80, 0x08, 0x00, 0x80, 0xC0, 0x80, 0x40, 0xC0, 0xC0, 0x80, 0x40, 0x80, 0x80, 0x1D, 0x00, 0x80, 0x00, 0x80, 0x00, 0xA0, 0x40, 0xE0, 0x60, 0xE0,
    0x40, 0xE0, 0x60, 0xE0, 0xC0, 0xE0, 0x70, 0xF8, 0xD1, 0xFB, 0x71, 0xFB, 0xD1, 0xFB, 0x73, 0xF7, 0xD5, 0xE7, 0x77, 0xEF, 0x96, 0x00, 0x07, 0x04,
    0x00, 0x02, 0x00, 0x02, 0x00, 0x00, 0x04, 0x87, 0x00, 0x54, 0x02, 0x00, 0x02, 0x00, 0x12, 0x00, 0x12, 0x00, 0x82, 0x04, 0x02, 0x05, 0x0F, 0x05,
    0x0F, 0x07, 0x0F, 0x05, 0x0B, 0x07, 0x0E, 0x05, 0x0E, 0x07, 0x0E, 0x1C, 0x0E, 0x16, 0x0E, 0x0C, 0x0C, 0x04, 0x8C, 0x8C, 0x88, 0x11, 0x9B, 0x99,
    0x9B, 0x13, 0x9B, 0x91, 0x83, 0x03, 0x87, 0x25, 0xA7, 0x27, 0xAF, 0x6D, 0xAF, 0x57, 0xBF, 0x5D, 0x9F, 0x17, 0x9F, 0x1D, 0xBF, 0x37, 0xBF, 0xDD,
    0xFF, 0x77, 0xFF, 0xDD, 0xFE, 0x76, 0xFE, 0xDC, 0xFE, 0x75, 0xFF, 0xDD, 0xFF, 0x77, 0xFF, 0xDD, 0xFF, 0x57, 0xFF, 0xD5, 0xBF, 0x37, 0xFF, 0x8D,
    0x00, 0x6F, 0x04, 0x0A, 0x04, 0x0E, 0x04, 0x0A, 0x00, 0x0A, 0x04, 0x0A, 0x00, 0x0A, 0x14, 0x0E, 0x14, 0x0E, 0x14, 0x0E, 0x04, 0x0C, 0x04, 0xAA,
    0x00, 0x08, 0x00, 0x08, 0x10, 0x0A, 0x10, 0x0A, 0x11, 0x02, 0x00, 0x02, 0x06, 0x06, 0x14, 0x0E, 0x27, 0x0E, 0x2D, 0x0E, 0x37, 0x0E, 0x1C, 0x1E,
    0x15, 0x1E, 0x1D, 0x3E, 0x17, 0x3E, 0x5D, 0x3E, 0x76, 0x3E, 0x55, 0x3E, 0x34, 0x2E, 0x44, 0x2E, 0x55, 0x2F, 0x5D, 0x3F, 0x17, 0x3F, 0x1D, 0x1B,
    0x17, 0x3F, 0x15, 0x3F, 0x37, 0x3F, 0x5D, 0x3F, 0x77, 0x7F, 0x5D, 0x7E, 0x77, 0x7E, 0x5D, 0xFF, 0x75, 0xFF, 0xDD, 0xFF, 0x77, 0xFF, 0xDF, 0xFB,
    0x7F, 0xFF, 0xD7, 0xF7, 0x77, 0xEF, 0xDD, 0xEF, 0x77, 0xFF, 0xDD, 0xFF, 0x57, 0xDF, 0xDD, 0xBF, 0x17, 0xBF, 0xA4, 0x00, 0x02, 0x02, 0x00, 0x02,
    0x8A, 0x00, 0x00, 0x01, 0x9C, 0x00, 0x28, 0x08, 0x00, 0x00, 0x10, 0x08, 0x10, 0x38, 0x10, 0x38, 0x14, 0x38, 0x10, 0x28, 0x14, 0x38, 0x10, 0x38,
    0x5C, 0x38, 0x71, 0x7A, 0x59, 0x3B, 0x71, 0x33, 0x51, 0x33, 0x77, 0xEF, 0x55, 0xFF, 0x77, 0xFF, 0xDD, 0xFF, 0x57, 0xFF, 0xDD, 0xFF, 0x57, 0xFF,
    0x00, 0xC4, 0x00, 0x06, 0x20, 0x00, 0x20, 0x80, 0x20, 0x80, 0x00, 0x80, 0x80, 0x00, 0x00, 0x80, 0x80, 0x2A, 0x00, 0x80, 0x10, 0x80, 0x00, 0x80,
    0x00, 0x80, 0x00, 0x80, 0x00, 0x80, 0x00, 0x80, 0x00, 0x80, 0x00, 0x80, 0xC0, 0x80, 0x40, 0xE0, 0x40, 0xE0, 0x40, 0xE0, 0xC0, 0xE0, 0x60, 0xE8,
    0xC5, 0xEB, 0x75, 0xFB, 0xDD, 0xFB, 0x53, 0xFB, 0xD5, 0xBF, 0x77, 0xFF, 0xDD, 0x99, 0x00, 0x03, 0x02, 0x00, 0x00, 0x04, 0x83, 0x00, 0x00, 0x08,
    0x80, 0x00, 0x55, 0x28, 0x00, 0x02, 0x20, 0x02, 0x00, 0x02, 0x00, 0x02, 0x04, 0x06, 0x06, 0x0E, 0x04, 0x0E, 0x04, 0x0E, 0x0C, 0x0E, 0x05, 0x0E,
    0x1D, 0x1E, 0x17, 0x1E, 0x1C, 0x1E, 0x14, 0x1E, 0x14, 0x0A, 0x44, 0x0C, 0x04, 0x2E, 0x05, 0x8F, 0x1D, 0x8B, 0x15, 0xAB, 0x11, 0xAB, 0x13, 0xAF,
    0x15, 0xBF, 0x17, 0xBF, 0x1D, 0x3F, 0x17, 0x3F, 0x5D, 0x3E, 0x97, 0xBE, 0x5D, 0xFF, 0x75, 0xFF, 0xDD, 0xFF, 0x77, 0xFF, 0xDD, 0xFB, 0x73, 0xFB,
    0xD5, 0xF7, 0x77, 0xFF, 0xDF, 0xFF, 0xF7, 0xFF, 0xDD, 0xFF, 0x57, 0xDF, 0xDD, 0xBF, 0x17, 0xBF, 0xDD, 0x8C, 0x00, 0x70, 0x04, 0x08, 0x04, 0x0C,
    0x04, 0x08, 0x00, 0x08, 0x04, 0x08, 0x10, 0x08, 0x1C, 0x18, 0x10, 0x18, 0x10, 0x00, 0x52, 0x00, 0x20, 0x00, 0x00, 0x08, 0x0C, 0x08, 0x00, 0x08,
    0x04, 0x0A, 0x00, 0x0A, 0x00, 0x2A, 0x12, 0x2E, 0x14, 0x3E, 0x16, 0x3E, 0x1C, 0x3E, 0x14, 0x2E, 0x1C, 0x3E, 0x14, 0x3C, 0x1C, 0x3E, 0x34, 0x3E,
    0x1D, 0x3A, 0x31, 0x3A, 0x10, 0x32, 0x30, 0x22, 0x54, 0x2E, 0x67, 0x6F, 0x4D, 0x6F, 0x47, 0x0F, 0x0D, 0x0F, 0x17, 0x1F, 0x1D, 0x3F, 0x17, 0x3F,
    0x1D, 0x3F, 0x37, 0x7E, 0x5C, 0x7E, 0x76, 0x7E, 0x5C, 0xFE, 0x75, 0xFF, 0xDD, 0xFF, 0x75, 0xFB, 0xD9, 0xFB, 0x73, 0xFB, 0xD1, 0xF3, 0x77, 0xFF,
    0xD5, 0xFF, 0x77, 0xEF, 0xDD, 0xEF, 0x57, 0xDF, 0xDD, 0xFF, 0x57, 0xFF, 0xDD, 0x9D, 0x00, 0x00, 0x08, 0x82, 0x00, 0x00, 0x02, 0x8A, 0x00, 0x00,
    0x02, 0xA2, 0x00, 0x25, 0x08, 0x10, 0x18, 0x10, 0x38, 0x10, 0x30, 0x10, 0x20, 0x10, 0x20, 0x30, 0x28, 0x54, 0x78, 0x50, 0x68, 0x51, 0x29, 0x11,
    0x0B, 0x11, 0x3B, 0x17, 0xBF, 0x5D, 0xBF, 0x77, 0xFF, 0x5D, 0x7F, 0x77, 0x7F, 0x5D, 0xFF, 0x77, 0xFF, 0xDD, 0x00, 0xC8, 0x00, 0x0C, 0x40, 0x00,
    0x40, 0x00, 0xC0, 0x00, 0x88, 0x00, 0x80, 0x00, 0x80, 0x00, 0x80, 0x88, 0x00, 0x1C, 0x80, 0xC0, 0x80, 0x40, 0x88, 0xC0, 0x80, 0x40, 0xC0, 0xC0,
    0xE2, 0x50, 0xE2, 0xD5, 0xE7, 0x67, 0xEF, 0xC5, 0xEF, 0x47, 0xCF, 0xCD, 0xCF, 0x77, 0xFF, 0xDD, 0xFF, 0x77, 0xFF, 0x90, 0x00, 0x0D, 0x08, 0x04,
    0x08, 0x00, 0x88, 0x04, 0x08, 0x00, 0x08, 0x00, 0x08, 0x00, 0x00, 0x40, 0x80, 0x00, 0x5B, 0x44, 0x00, 0x00, 0x08, 0x04, 0x00, 0x00, 0x08, 0x00,
    0x8A, 0x00, 0x0A, 0x14, 0x0E, 0x16, 0x1E, 0x14, 0x1E, 0x16, 0x0E, 0x14, 0x2E, 0x14, 0x3E, 0x1C, 0x3E, 0x14, 0x3E, 0x1C, 0x78, 0x10, 0x38, 0x10,
    0x3A, 0x10, 0x3A, 0x11, 0x33, 0x37, 0x3F, 0x55, 0x2F, 0x07, 0x2F, 0x05, 0x0F, 0x07, 0x8F, 0x1D, 0x9F, 0x37, 0xBF, 0x3D, 0xBF, 0x77, 0xBF, 0x1D,
    0x3E, 0x36, 0x3F, 0x5C, 0x7F, 0x76, 0xFF, 0xDD, 0xFF, 0x75, 0xFF, 0xDD, 0xF9, 0x71, 0xFB, 0xD9, 0xFB, 0x77, 0xFF, 0xDD, 0xFF, 0x77, 0xFF, 0xDD,
    0xFF, 0x67, 0xEF, 0x4D, 0xFF, 0x77, 0xFF, 0xDD, 0xFF, 0x77, 0xFF, 0x88, 0x00, 0x00, 0x08, 0x80, 0x00, 0x00, 0x08, 0x80, 0x00, 0x6C, 0x08, 0x00,
    0x08, 0x00, 0x28, 0x30, 0x38, 0x10, 0x28, 0x10, 0x38, 0x10, 0x08, 0x10, 0x28, 0x10, 0x20, 0x10, 0x20, 0x00, 0x20, 0x04, 0x20, 0x04, 0x0C, 0x04,
    0x08, 0x04, 0x0C, 0x1C, 0x3E, 0x14, 0x3E, 0x1C, 0x3A, 0x14, 0x3E, 0x14, 0x3A, 0x34, 0x3C, 0x5D, 0x7E, 0x74, 0x7D, 0x7C, 0x78, 0x70, 0x78, 0x70,
    0x38, 0x50, 0xFA, 0x50, 0x3A, 0x77, 0xFE, 0x55, 0x3E, 0x37, 0x2E, 0x44, 0x2E, 0x06, 0x6E, 0x5C, 0x7E, 0x77, 0xFF, 0x5D, 0xFF, 0x77, 0xFF, 0x5D,
    0xBA, 0x74, 0xFE, 0x5C, 0xFE, 0x77, 0xFE, 0xDD, 0xFF, 0x77, 0xFF, 0xDD, 0xEF, 0x45, 0xEF, 0xDD, 0xFF, 0x57, 0xFF, 0xDD, 0xFF, 0x77, 0xFF, 0xDD,
    0xBF, 0x37, 0x3F, 0x5D, 0x7F, 0x77, 0xFF, 0xDD, 0xFF, 0x77, 0xFF, 0x91, 0x00, 0x00, 0x08, 0x84, 0x00, 0x00, 0x04, 0x8C, 0x00, 0x00, 0x04, 0xAF,
    0x00, 0x20, 0x20, 0x00, 0x20, 0x10, 0x20, 0x51, 0x20, 0x61, 0x60, 0x41, 0x20, 0x41, 0x49, 0x45, 0x4B, 0x55, 0xFF, 0x5D, 0xBF, 0x57, 0xBF, 0x1D,
    0xBF, 0x37, 0xBF, 0x5D, 0x7F, 0x77, 0xFE, 0xDD, 0xFF, 0x77, 0xFF, 0x00, 0xA9, 0x00, 0x00, 0x10, 0x95, 0x00, 0x04, 0x20, 0x00, 0x20, 0x00, 0x20,
    0x82, 0x00, 0x00, 0x08, 0x8E, 0x00, 0x1E, 0x88, 0x04, 0x88, 0x00, 0x88, 0x80, 0x88, 0x00, 0x88, 0xC0, 0x88, 0x50, 0xFA, 0xD5, 0xFB, 0x57, 0xEF,
    0xC5, 0xA7, 0x57, 0xFF, 0x4D, 0xEF, 0x57, 0xFF, 0xDF, 0xFF, 0x77, 0xFF, 0xDD, 0xFF, 0x8E, 0x00, 0x6E, 0x08, 0x00, 0x08, 0x00, 0x08, 0x04, 0x08,
    0x00, 0x08, 0x00, 0x48, 0x10, 0x08, 0x10, 0x00, 0x90, 0x00, 0x10, 0x20, 0x00, 0x00, 0x04, 0x80, 0x00, 0x00, 0x04, 0x88, 0x04, 0x0C, 0x0C, 0x0E,
    0x14, 0x1E, 0x1C, 0x1E, 0x14, 0x3E, 0x1C, 0x3E, 0x14, 0xBE, 0x1C, 0xBE, 0x34, 0x3E, 0x5C, 0x3C, 0x34, 0x38, 0x58, 0x38, 0x10, 0x38, 0x50, 0x3A,
    0x33, 0x3B, 0x55, 0x3F, 0x37, 0x2E, 0x05, 0x2E, 0x07, 0x2E, 0x4D, 0x3F, 0x57, 0xFF, 0xDD, 0xBF, 0x57, 0xBF, 0x5D, 0xBF, 0x37, 0xBF, 0x5D, 0xFE,
    0x77, 0xFE, 0xDD, 0xFE, 0x77, 0xFE, 0xDD, 0xFE, 0x75, 0xEF, 0xDD, 0xFF, 0x57, 0xFF, 0xDD, 0xFF, 0x77, 0xFF, 0xDF, 0xBF, 0x37, 0xBF, 0x5D, 0x7F,
    0x77, 0xFF, 0xDD, 0xFF, 0x77, 0xFF, 0xDD, 0xFF, 0x90, 0x00, 0x08, 0x20, 0x10, 0x20, 0x10, 0x20, 0x00, 0x28, 0x00, 0x30, 0x82, 0x00, 0x06, 0x08,
    0x10, 0x20, 0x10, 0x20, 0x00, 0x20, 0x80, 0x00, 0x54, 0x28, 0x00, 0x28, 0x1C, 0x38, 0x14, 0x3C, 0x1C, 0x38, 0x10, 0x38, 0x18, 0x38, 0x30, 0x38,
    0x70, 0x78, 0x70, 0x78, 0x74, 0x78, 0x70, 0xE8, 0x40, 0xE8, 0x40, 0xE8, 0x5C, 0xFA, 0x54, 0xFE, 0x5C, 0xBE, 0x16, 0xBE, 0x14, 0x3E, 0x36, 0x3E,
    0x5C, 0x7E, 0x76, 0xFE, 0x5C, 0xFE, 0x74, 0xFE, 0xDC, 0xF8, 0x78, 0xF8, 0xF9, 0xFB, 0x71, 0xFB, 0xDD, 0xFF, 0x77, 0xFF, 0xD5, 0xE7, 0x67, 0xEF,
    0xC5, 0xEF, 0x57, 0xFF, 0xDD, 0xFF, 0x57, 0xFF, 0xDD, 0xBF, 0x37, 0xBF, 0x1D, 0xBF, 0x77, 0xFF, 0x5D, 0xFF, 0x77, 0xFE, 0xDD, 0xFE, 0x95, 0x00,
    0x00, 0x08, 0x81, 0x00, 0x00, 0x01, 0x88, 0x00, 0x00, 0x04, 0xB3, 0x00, 0x80, 0x01, 0x1C, 0x21, 0x01, 0x21, 0x01, 0x23, 0x01, 0x23, 0x01, 0x23,
    0x43, 0x6F, 0x5D, 0xFF, 0x57, 0xFF, 0x5D, 0xBF, 0x15, 0xBF, 0x5D, 0xBF, 0x77, 0xFF, 0xDD, 0xFF, 0x77, 0xFF, 0xDD, 0xFE, 0x00, 0x9F, 0x00, 0x00,
    0x08, 0x98, 0x00, 0x04, 0x40, 0x00, 0x40, 0x00, 0x40, 0x83, 0x00, 0x00, 0x04, 0x89, 0x00, 0x29, 0x08, 0x00, 0x08, 0x00, 0x08, 0x00, 0x08, 0x10,
    0x18, 0x10, 0x18, 0x10, 0x28, 0x10, 0x20, 0x00, 0xA0, 0x04, 0xAE, 0x44, 0xEE, 0xDC, 0xEF, 0x77, 0xBF, 0x9D, 0x9F, 0x17, 0xBF, 0x1D, 0xBF, 0x37,
    0xFF, 0x5D, 0xFF, 0x77, 0xFF, 0x5D, 0xFE, 0x76, 0xFE, 0xDD, 0x83, 0x00, 0x1D, 0x08, 0x00, 0x08, 0x00, 0x08, 0x00, 0x08, 0x10, 0x08, 0x10, 0x78,
    0x10, 0x38, 0x10, 0x38, 0x30, 0x28, 0x10, 0x20, 0x00, 0x28, 0x00, 0x20, 0x00, 0x28, 0x10, 0xA8, 0x10, 0x08, 0x10, 0x81, 0x00, 0x57, 0x20, 0x14,
    0x2C, 0x1C, 0x3C, 0x14, 0x3C, 0x5C, 0x3C, 0x14, 0x3C, 0x7C, 0x38, 0x10, 0x78, 0x58, 0x78, 0x70, 0xF8, 0x50, 0x78, 0x70, 0xF0, 0x50, 0x60, 0x64,
    0xEC, 0x44, 0xEE, 0x54, 0xEE, 0xDC, 0xFE, 0x14, 0xBE, 0x1C, 0xBE, 0x16, 0xBE, 0x1C, 0x3E, 0x76, 0xFE, 0x5D, 0x7E, 0x77, 0xFE, 0x5D, 0xFC, 0x74,
    0xFC, 0xDC, 0xFE, 0x75, 0xFF, 0xDD, 0xFB, 0x73, 0xFB, 0xD1, 0xF3, 0x77, 0xE7, 0xD5, 0xEF, 0x77, 0xEF, 0xDD, 0xFF, 0x57, 0xFF, 0xDD, 0xDF, 0x57,
    0xBF, 0x9D, 0xBF, 0x7F, 0xFF, 0xDD, 0xFF, 0x77, 0xFF, 0xDD, 0xFE, 0x76, 0xFE, 0xDC, 0x8F, 0x00, 0x0D, 0x20, 0x00, 0x30, 0x00, 0x20, 0x01, 0x28,
    0x00, 0x20, 0x00, 0x20, 0x00, 0x00, 0x40, 0x86, 0x00, 0x56, 0x10, 0x78, 0x10, 0x70, 0x30, 0x78, 0x50, 0x38, 0x70, 0x68, 0x50, 0x78, 0x70, 0xF8,
    0x50, 0xF8, 0x70, 0xF8, 0xD0, 0xF0, 0x70, 0xE0, 0x40, 0xA0, 0x60, 0xE0, 0x40, 0xE8, 0x64, 0xEC, 0x4C, 0xE8, 0x54, 0x8C, 0x1E, 0x9A, 0x10, 0xB8,
    0x1C, 0xBA, 0x74, 0xFE, 0x5C, 0xFE, 0x74, 0xFC, 0x5C, 0xF8, 0x74, 0xFC, 0xDC, 0xF8, 0x75, 0xFD, 0xDD, 0xFB, 0x71, 0xFB, 0xD1, 0xFB, 0x53, 0xBF,
    0xD5, 0xFF, 0x77, 0xFF, 0xDD, 0xFF, 0x77, 0xFF, 0x5D, 0xFF, 0x77, 0xFF, 0xDD, 0xFF, 0x77, 0xFF, 0xDD, 0xFF, 0x77, 0xFF, 0xDD, 0xFF, 0x77, 0xFE,
    0xD5, 0x8E, 0x00, 0x02, 0x01, 0x00, 0x02, 0xBA, 0x00, 0x04, 0x01, 0x00, 0x01, 0x00, 0x01, 0x82, 0x00, 0x82, 0x01, 0x1F, 0x03, 0x01, 0x03, 0x01,
    0x03, 0x01, 0x03, 0x01, 0x03, 0x03, 0x23, 0x05, 0x27, 0x37, 0x6F, 0x55, 0x6E, 0x74, 0xFE, 0x5C, 0xFE, 0x75, 0xFF, 0xDD, 0xFF, 0x77, 0xFB, 0xD9,
    0xFB, 0x73, 0xFB, 0xD5, 0x00, 0x9B, 0x00, 0x00, 0x04, 0xA2, 0x00, 0x04, 0x20, 0x00, 0x20, 0x02, 0x20, 0x85, 0x00, 0x00, 0x08, 0x80, 0x00, 0x2A,
    0x08, 0x00, 0x08, 0x00, 0x08, 0x18, 0x18, 0x10, 0x38, 0x18, 0x38, 0x10, 0x38, 0x10, 0x20, 0x10, 0x22, 0x04, 0xA6, 0x64, 0xEE, 0x4C, 0xEE, 0x46,
    0xCE, 0x4C, 0x8E, 0x17, 0x9F, 0x9D, 0xBF, 0x37, 0xBF, 0xDD, 0xFF, 0x77, 0xFE, 0x5C, 0xFE, 0x76, 0xFE, 0xDC, 0xFE, 0x82, 0x00, 0x04, 0x20, 0x00,
    0x20, 0x00, 0x08, 0x80, 0x00, 0x05, 0x08, 0x10, 0x38, 0x10, 0x38, 0x10, 0x80, 0x30, 0x69, 0x10, 0x20, 0x00, 0x20, 0x40, 0x20, 0x40, 0x68, 0x40,
    0x28, 0x40, 0x08, 0x00, 0x08, 0x00, 0x08, 0x10, 0x38, 0x10, 0x38, 0x1C, 0x38, 0x34, 0x38, 0x5C, 0x78, 0x70, 0x78, 0xDC, 0x78, 0x70, 0xF8, 0x58,
    0xF8, 0x70, 0xF8, 0xD0, 0xF8, 0x70, 0xF0, 0x50, 0xE0, 0x70, 0xEC, 0x54, 0xEE, 0x64, 0xEE, 0x4C, 0xEE, 0x44, 0x8C, 0x5C, 0xBE, 0x14, 0xBE, 0x5C,
    0xBE, 0x76, 0xFE, 0x5C, 0xFE, 0x74, 0xFE, 0x5C, 0xFE, 0x74, 0xFD, 0xDC, 0xFF, 0x74, 0xFF, 0xDC, 0xFA, 0x71, 0xFA, 0xD1, 0xFB, 0x73, 0xFF, 0xD5,
    0xFF, 0x77, 0xFF, 0xDD, 0xFF, 0x77, 0xFF, 0x5D, 0xFF, 0x57, 0xFF, 0xDD, 0xFF, 0x77, 0xFF, 0xDF, 0xFF, 0x77, 0xFF, 0xDD, 0xFF, 0x77, 0xFE, 0xDD,
    0xFF, 0x8F, 0x00, 0x04, 0x10, 0x01, 0x00, 0x00, 0x08, 0x81, 0x00, 0x03, 0x20, 0x00, 0x00, 0x01, 0x86, 0x00, 0x02, 0x10, 0x20, 0x10, 0x80, 0x30,
    0x51, 0x50, 0x20, 0x70, 0x60, 0x40, 0xE0, 0x60, 0xE0, 0xC0, 0xE0, 0x50, 0xE0, 0xC0, 0xE0, 0x40, 0xC0, 0x80, 0xA0, 0x10, 0xA0, 0x50, 0xA0, 0x70,
    0xEC, 0x44, 0x28, 0x40, 0x68, 0x58, 0xF8, 0x50, 0xF8, 0xD8, 0xF8, 0x71, 0xF8, 0xD9, 0xF8, 0x78, 0xF8, 0xD0, 0xF0, 0x70, 0xF8, 0xD4, 0xFA, 0x75,
    0xFF, 0xDD, 0xEF, 0x55, 0xEB, 0xDD, 0xCB, 0x57, 0xBF, 0xDD, 0xBF, 0x77, 0xFF, 0xDD, 0xFF, 0x77, 0xFF, 0x5F, 0x7E, 0x76, 0xFE, 0xDD, 0xFF, 0x75,
    0xFF, 0xFD, 0xFF, 0x75, 0xFF, 0xD9, 0xFB, 0x73, 0xFB, 0xD5, 0xFF, 0x8D, 0x00, 0x00, 0x02, 0xAC, 0x00, 0x01, 0x01, 0x00, 0x80, 0x01, 0x88, 0x00,
    0x01, 0x01, 0x00, 0x84, 0x01, 0x26, 0x03, 0x01, 0x03, 0x01, 0x03, 0x01, 0x03, 0x01, 0x03, 0x01, 0x03, 0x01, 0x03, 0x01, 0x03, 0x07, 0x07, 0x05,
    0x27, 0x07, 0x27, 0x05, 0x26, 0x76, 0x6E, 0x54, 0xFE, 0x77, 0xFF, 0xDF, 0xFF, 0x75, 0xFF, 0xDD, 0xFB, 0x73, 0xFB, 0xD5, 0xFF, 0x00, 0x92, 0x00,
    0x00, 0x02, 0xA8, 0x00, 0x00, 0x02, 0x81, 0x00, 0x7F, 0x20, 0x00, 0x20, 0x00, 0x28, 0x00, 0x08, 0x10, 0x08, 0x10, 0x18, 0x10, 0x38, 0x10, 0x30,
    0x10, 0x38, 0x10, 0x38, 0x30, 0x38, 0x54, 0x28, 0x40, 0x28, 0x40, 0x28, 0x90, 0xB8, 0x50, 0xBA, 0x14, 0xBE, 0x54, 0xBE, 0x36, 0x3E, 0x1C, 0x2E,
    0x76, 0x7E, 0x5D, 0xFE, 0x76, 0xFE, 0xDD, 0xFF, 0x77, 0xFF, 0xDD, 0xFB, 0x77, 0xFF, 0xDD, 0xFF, 0x77, 0xFF, 0xDD, 0x00, 0x10, 0x20, 0x10, 0x20,
    0x10, 0x20, 0x00, 0x20, 0x00, 0x20, 0x40, 0x60, 0x70, 0xE0, 0x50, 0xE0, 0x50, 0xE0, 0x40, 0xA0, 0x00, 0xA0, 0x50, 0xA0, 0x50, 0xA0, 0x40, 0xA0,
    0x00, 0x20, 0x40, 0x20, 0x00, 0x08, 0x40, 0xB8, 0x50, 0xF8, 0x58, 0xB8, 0x30, 0xB8, 0x50, 0x38, 0x30, 0xF8, 0x50, 0xF8, 0x70, 0xF8, 0xD0, 0xF8,
    0x70, 0xE8, 0xC0, 0xE8, 0x40, 0xE8, 0xC0, 0xF8, 0x50, 0xF8, 0xD0, 0xB8, 0x70, 0xB8, 0x54, 0x38, 0x34, 0x39, 0x2C, 0x5C, 0x7C, 0x74, 0xFC, 0xDC,
    0xFC, 0x74, 0xFC, 0xDE, 0xFA, 0x70, 0xF8, 0xD8, 0xF8, 0x70, 0xF8, 0xD4, 0xFA, 0x74, 0xFE, 0xD4, 0xEE, 0x65, 0xEE, 0xC5, 0xEE, 0x45, 0xEE, 0xDD,
    0xFF, 0x57, 0xFF, 0xDD, 0xBF, 0x37, 0xBF, 0x1D, 0x3E, 0x76, 0xFE, 0x5C, 0xFE, 0x77, 0xFE, 0xDD, 0xFF, 0x75, 0xFD, 0xDD, 0xFD, 0x71, 0xFF, 0xD9,
    0xFF, 0x77, 0xFF, 0xDD, 0x8C, 0x00, 0x00, 0x04, 0x84, 0x00, 0x05, 0x02, 0x00, 0x00, 0x80, 0x00, 0x01, 0x83, 0x00, 0x0E, 0x01, 0x20, 0x00, 0xE0,
    0x40, 0xA0, 0x40, 0xE1, 0x40, 0xA0, 0x00, 0xE0, 0x40, 0xA0, 0x60, 0x80, 0xE0, 0x4A, 0x60, 0xE0, 0x40, 0xE0, 0x40, 0xC8, 0xC9, 0x81, 0x61, 0xC1,
    0xE1, 0xA1, 0x31, 0xB1, 0x11, 0x31, 0x11, 0x30, 0x10, 0x30, 0x70, 0xF8, 0x50, 0xF8, 0x70, 0xF8, 0xD0, 0xF8, 0x79, 0xF8, 0xD1, 0xF9, 0x71, 0xFB,
    0xD1, 0xF3, 0x73, 0xFB, 0xD5, 0xE3, 0x67, 0xEF, 0xC5, 0xEF, 0x47, 0xEF, 0xDD, 0xFF, 0x57, 0xFF, 0xDD, 0xFF, 0x77, 0xBF, 0xDD, 0xBF, 0x77, 0xFF,
    0xDD, 0xFF, 0x77, 0xFF, 0xDD, 0xFF, 0x75, 0xFF, 0xDD, 0xFF, 0x75, 0xFF, 0xDD, 0xFF, 0x77, 0xFF, 0xDD, 0x93, 0x00, 0x00, 0x20, 0x97, 0x00, 0x04,
    0x01, 0x00, 0x01, 0x00, 0x01, 0x84, 0x00, 0x01, 0x01, 0x00, 0x82, 0x01, 0x01, 0x00, 0x01, 0x81, 0x00, 0x02, 0x02, 0x00, 0x02, 0x81, 0x00, 0x01,
    0x01, 0x00, 0x80, 0x01, 0x01, 0x03, 0x01, 0x80, 0x03, 0x00, 0x01, 0x80, 0x03, 0x04, 0x05, 0x03, 0x07, 0x07, 0x05, 0x80, 0x07, 0x18, 0x05, 0x07,
    0x05, 0x0F, 0x05, 0x0B, 0x01, 0x8B, 0x45, 0xAF, 0x77, 0xFF, 0xD5, 0xFF, 0x77, 0xEF, 0xC5, 0xEF, 0x67, 0xEF, 0xCD, 0xFF, 0x57, 0xFF, 0xDD, 0x00,
    0x8E, 0x00, 0x00, 0x01, 0xAA, 0x00, 0x05, 0x02, 0x40, 0x00, 0x40, 0x00, 0x40, 0x82, 0x00, 0x7F, 0x08, 0x00, 0x08, 0x10, 0x08, 0x10, 0x18, 0x10,
    0x38, 0x10, 0x38, 0x10, 0x38, 0x30, 0x38, 0x50, 0x20, 0x60, 0x60, 0x40, 0x20, 0x40, 0xE8, 0x4C, 0xB8, 0x54, 0xBE, 0x5C, 0xBE, 0x14, 0xBE, 0x1C,
    0x3E, 0x36, 0x3F, 0x5C, 0x7E, 0x76, 0xFE, 0x5C, 0xFE, 0x74, 0xFE, 0xDC, 0xFC, 0x75, 0xF9, 0xDD, 0xFB, 0x77, 0xFF, 0xDD, 0xFF, 0x77, 0x00, 0x00,
    0x20, 0x00, 0x20, 0x00, 0x20, 0x10, 0x20, 0x50, 0x20, 0x70, 0xE0, 0x40, 0xE0, 0x40, 0xE0, 0x40, 0xE0, 0x40, 0xC0, 0xC0, 0xA0, 0x40, 0xA0, 0xD0,
    0xA0, 0x10, 0xA0, 0x00, 0x20, 0x00, 0x28, 0x40, 0xA8, 0x70, 0xF8, 0x50, 0xF8, 0x70, 0xF8, 0x50, 0xF8, 0x70, 0xF8, 0xD0, 0xF8, 0x70, 0xF8, 0xD0,
    0xF0, 0x70, 0xE0, 0xC0, 0xE0, 0x40, 0xE0, 0xC0, 0xE8, 0x40, 0xE8, 0xD8, 0xF8, 0xD0, 0xB8, 0x98, 0xB8, 0x10, 0xB8, 0x1C, 0x38, 0x74, 0xFC, 0x5C,
    0x35, 0xFC, 0x75, 0xFD, 0xDC, 0xF8, 0x70, 0xF8, 0xD8, 0xF8, 0x70, 0xF8, 0xD8, 0xF8, 0x71, 0xFA, 0xD5, 0xF2, 0x75, 0xE7, 0xC5, 0xEE, 0x65, 0xEE,
    0xDC, 0xFE, 0x77, 0xFE, 0xDD, 0xFF, 0x57, 0xBE, 0x9D, 0xBE, 0x37, 0xFE, 0xDD, 0xFE, 0x77, 0xFE, 0xDC, 0xFE, 0x76, 0xFE, 0xDC, 0xFE, 0x75, 0xFD,
    0xDD, 0xFF, 0x77, 0xFF, 0xDD, 0xFF, 0x77, 0x91, 0x00, 0x00, 0x02, 0x86, 0x00, 0x00, 0x01, 0x82, 0x00, 0x5B, 0x20, 0x40, 0x22, 0x40, 0xC0, 0x40,
    0x80, 0x40, 0xC0, 0xC0, 0xA0, 0x41, 0xE0, 0xC1, 0xA1, 0x41, 0xA0, 0x41, 0xA8, 0x41, 0x80, 0x41, 0xA0, 0x41, 0xC1, 0x41, 0xE1, 0x41, 0x81, 0x41,
    0xA1, 0x11, 0xA0, 0x11, 0xB0, 0x71, 0xF0, 0x51, 0xF2, 0x70, 0xF0, 0xD8, 0xE8, 0x60, 0xE0, 0xC0, 0xE1, 0x41, 0xE9, 0xD1, 0xFB, 0x51, 0xFB, 0xD1,
    0xB3, 0x13, 0xA3, 0x15, 0xA3, 0x37, 0xEF, 0x5D, 0xFF, 0x77, 0xFF, 0xDD, 0xFF, 0x77, 0xFF, 0xDD, 0xFF, 0x7D, 0xFF, 0xDD, 0xFB, 0x77, 0xFF, 0xDD,
    0xFF, 0x77, 0xFF, 0xD5, 0xEF, 0x67, 0xEF, 0xCD, 0xFF, 0x77, 0xFF, 0xDD, 0xFF, 0x57, 0x8F, 0x00, 0x00, 0x40, 0x9B, 0x00, 0x84, 0x01, 0x03, 0x00,
    0x01, 0x00, 0x01, 0x88, 0x00, 0x80, 0x01, 0x0B, 0x03, 0x01, 0x03, 0x01, 0x02, 0x01, 0x02, 0x01, 0x03, 0x01, 0x03, 0x01, 0x80, 0x03, 0x00, 0x01,
    0x80, 0x03, 0x04, 0x01, 0x03, 0x07, 0x07, 0x05, 0x80, 0x07, 0x1A, 0x05, 0x06, 0x04, 0x0E, 0x04, 0x0C, 0x05, 0x09, 0x05, 0x8B, 0x03, 0xCB, 0xD5,
    0xAB, 0x53, 0xE3, 0xC5, 0xE7, 0x67, 0xEF, 0xC5, 0xEF, 0x77, 0xFF, 0xDD, 0xFF, 0x57, 0x00, 0xB6, 0x00, 0x00, 0x01, 0x88, 0x00, 0x55, 0x30, 0x28,
    0x30, 0x20, 0x30, 0x28, 0x00, 0x20, 0x00, 0x28, 0x00, 0x28, 0x10, 0x38, 0x50, 0x38, 0x50, 0x38, 0x10, 0x30, 0x10, 0x20, 0x00, 0x20, 0x04, 0x6C,
    0x54, 0x6C, 0x54, 0xEC, 0x5C, 0x3C, 0x14, 0xBC, 0x5C, 0xBF, 0x34, 0xFE, 0xDC, 0xFE, 0x76, 0xFE, 0xDC, 0xFE, 0x74, 0xFE, 0xDC, 0xFE, 0x74, 0xFE,
    0xDD, 0xFF, 0x77, 0xFF, 0xDD, 0xFF, 0x57, 0xFF, 0xDD, 0x20, 0x40, 0x60, 0x40, 0xA0, 0x40, 0xE0, 0x50, 0xE0, 0x50, 0xE0, 0x40, 0xA0, 0x40, 0xA0,
    0x40, 0xA0, 0x40, 0xE0, 0xC0, 0xE0, 0x40, 0xC0, 0x40, 0x88, 0x00, 0x80, 0x80, 0x10, 0x61, 0xB8, 0x10, 0xB0, 0x70, 0xF8, 0x50, 0x70, 0x70, 0xF8,
    0x50, 0xE0, 0x70, 0xE8, 0xD0, 0xF8, 0x70, 0xF8, 0xD0, 0xF0, 0x50, 0xF0, 0xD0, 0xA0, 0x10, 0xA0, 0x40, 0xE0, 0x70, 0xE8, 0x58, 0xE8, 0x50, 0xF8,
    0x58, 0xB8, 0x50, 0xF8, 0xD8, 0xF8, 0x70, 0xF8, 0xD8, 0xF8, 0x70, 0xF8, 0xD0, 0xF8, 0x70, 0xF8, 0xD0, 0xF8, 0x74, 0xFC, 0xFC, 0xF8, 0x76, 0xFA,
    0xDC, 0xF8, 0x50, 0xBA, 0x94, 0xBE, 0x36, 0xFE, 0xDC, 0xFE, 0x77, 0xFE, 0x5D, 0xFE, 0x75, 0xFE, 0xDC, 0xFE, 0x74, 0xFE, 0xDD, 0xFF, 0x75, 0xFF,
    0xDD, 0xFB, 0x7B, 0xFB, 0xD5, 0xF7, 0x77, 0xFF, 0xDD, 0xFF, 0x77, 0xFF, 0xDD, 0xFF, 0x57, 0xDF, 0xDD, 0x8B, 0x00, 0x00, 0x04, 0x82, 0x00, 0x00,
    0x01, 0x82, 0x00, 0x00, 0x01, 0x80, 0x00, 0x00, 0x84, 0x80, 0x00, 0x00, 0x80, 0x80, 0x00, 0x59, 0x80, 0x40, 0x00, 0x40, 0xC0, 0x44, 0xC0, 0x41,
    0xC1, 0xC1, 0xA1, 0x01, 0xA1, 0x01, 0xA1, 0x01, 0x81, 0x01, 0xA1, 0x23, 0xA1, 0x61, 0x20, 0x60, 0x60, 0x40, 0x60, 0x48, 0xE0, 0xC0, 0xE0, 0x71,
    0xF1, 0xD1, 0xF1, 0x71, 0xF1, 0xD1, 0xE3, 0x61, 0xE3, 0xC1, 0xE3, 0x61, 0xE7, 0xC1, 0xE3, 0x43, 0xEB, 0xC5, 0xCB, 0x41, 0x8B, 0x95, 0xBB, 0x17,
    0xBF, 0xDD, 0xFF, 0x77, 0xFF, 0x5D, 0xFE, 0x76, 0xFE, 0x5C, 0xFE, 0x74, 0xFF, 0xDF, 0xFF, 0x77, 0xFF, 0xDF, 0xFB, 0xF3, 0xFB, 0xD1, 0xF3, 0x77,
    0xFF, 0xD5, 0xFF, 0x77, 0xFF, 0xDD, 0xFF, 0x77, 0xFF, 0xDD, 0x88, 0x00, 0x00, 0x40, 0xA0, 0x00, 0x05, 0x01, 0x00, 0x01, 0x00, 0x01, 0x00, 0x82,
    0x01, 0x02, 0x03, 0x01, 0x02, 0x84, 0x00, 0x00, 0x02, 0x84, 0x01, 0x03, 0x03, 0x01, 0x03, 0x01, 0x80, 0x03, 0x04, 0x05, 0x03, 0x07, 0x07, 0x05,
    0x80, 0x07, 0x00, 0x05, 0x80, 0x07, 0x00, 0x05, 0x80, 0x07, 0x1C, 0x05, 0x03, 0x13, 0x02, 0x04, 0x02, 0x05, 0x0F, 0x05, 0x0F, 0x07, 0x8F, 0xCD,
    0x8F, 0x07, 0x8F, 0x85, 0x8B, 0x17, 0xBF, 0xDD, 0xBF, 0x77, 0xFF, 0x5D, 0xFF, 0x77, 0xFF, 0x5D, 0x00, 0xB3, 0x00, 0x00, 0x02, 0x85, 0x00, 0x7F,
    0x40, 0x00, 0x40, 0x00, 0x40, 0x00, 0x10, 0x00, 0x10, 0x20, 0x10, 0x20, 0x10, 0x20, 0x00, 0x60, 0x00, 0x68, 0x40, 0x28, 0x00, 0x28, 0x00, 0x08,
    0x00, 0x08, 0x10, 0x38, 0x10, 0x38, 0x1C, 0x3C, 0x34, 0x3C, 0x5C, 0x3C, 0x54, 0x7C, 0x5D, 0x7C, 0x74, 0xFC, 0xDC, 0xFE, 0x74, 0xFE, 0xDC, 0xFA,
    0x70, 0xFA, 0xD0, 0xFA, 0x76, 0xFE, 0xD5, 0xFF, 0x77, 0xFF, 0xDD, 0xEF, 0x57, 0xEF, 0xDD, 0xDF, 0x57, 0x20, 0x40, 0x60, 0x40, 0xE0, 0x40, 0xE0,
    0x40, 0xE0, 0x40, 0xA0, 0x00, 0x80, 0x00, 0xA0, 0x80, 0xA0, 0x40, 0x20, 0x40, 0xE4, 0x40, 0x20, 0x00, 0x00, 0x40, 0x00, 0x10, 0xB8, 0x50, 0xB8,
    0x70, 0xF8, 0x50, 0xF0, 0x70, 0xF0, 0x50, 0xF0, 0x70, 0xE0, 0xD0, 0xE0, 0x70, 0xE8, 0xC0, 0xE8, 0x40, 0xC8, 0xC0, 0x80, 0x10, 0xA8, 0x90, 0xB8,
    0x30, 0xB8, 0x50, 0xB8, 0x70, 0x78, 0x58, 0x78, 0x0C, 0x70, 0xF8, 0x58, 0xF8, 0x70, 0xF8, 0xD8, 0xF8, 0x70, 0xF8, 0xD0, 0xF8, 0x70, 0x80, 0xF0,
    0x30, 0x70, 0xFE, 0xD6, 0xFC, 0x74, 0xEC, 0xCC, 0xEC, 0x44, 0xCC, 0xDC, 0xBE, 0x55, 0xBE, 0xDD, 0xBE, 0x77, 0xFE, 0x5C, 0x7E, 0x74, 0x7E, 0x5C,
    0xFE, 0x74, 0xFE, 0xDC, 0xFE, 0x75, 0xFF, 0xDD, 0xFB, 0x71, 0xFB, 0xD1, 0xFB, 0x73, 0xFF, 0xD7, 0xFF, 0x77, 0xFF, 0xDD, 0xEF, 0x77, 0xEF, 0xDD,
    0xFF, 0x57, 0x92, 0x00, 0x00, 0x02, 0x85, 0x00, 0x61, 0x80, 0x00, 0x80, 0x40, 0x80, 0x00, 0x80, 0x00, 0x80, 0x00, 0x80, 0xC0, 0xE0, 0x41, 0xC0,
    0x41, 0xC0, 0x41, 0x80, 0x01, 0x81, 0x43, 0x81, 0x41, 0x81, 0x41, 0xA1, 0x01, 0xA1, 0x01, 0x24, 0x40, 0x20, 0x60, 0xE0, 0x40, 0xE0, 0x60, 0xE0,
    0xC1, 0xF1, 0x71, 0xE1, 0xC1, 0xE1, 0x41, 0xE1, 0xC1, 0xE3, 0x73, 0xE3, 0xC1, 0xE3, 0x63, 0xE3, 0x47, 0xE3, 0x47, 0xEF, 0x45, 0xFB, 0x57, 0xFF,
    0xDD, 0xFF, 0x77, 0xFF, 0xDD, 0xFB, 0x73, 0xFA, 0x55, 0xFA, 0x77, 0xFE, 0xDD, 0xFF, 0x77, 0xFF, 0xDD, 0xFF, 0x75, 0xFB, 0xDD, 0xFB, 0x57, 0xFF,
    0xDD, 0xFF, 0x77, 0xFF, 0xDD, 0xFF, 0x77, 0xFF, 0x5D, 0xFF, 0x77, 0xA8, 0x00, 0x00, 0x01, 0x88, 0x00, 0x04, 0x01, 0x00, 0x01, 0x00, 0x01, 0x81,
    0x00, 0x00, 0x01, 0x81, 0x00, 0x81, 0x01, 0x04, 0x03, 0x01, 0x01, 0x03, 0x01, 0x80, 0x03, 0x00, 0x01, 0x80, 0x03, 0x10, 0x05, 0x03, 0x07, 0x06,
    0x04, 0x06, 0x07, 0x07, 0x05, 0x07, 0x05, 0x03, 0x25, 0x03, 0x01, 0x03, 0x01, 0x80, 0x03, 0x16, 0x05, 0x07, 0x07, 0x0F, 0x05, 0x8F, 0x07, 0x8F,
    0x45, 0x8F, 0x07, 0x8F, 0xDD, 0xBF, 0x17, 0xBF, 0xDD, 0xBF, 0x37, 0xBF, 0x5D, 0x7F, 0x77, 0x00, 0xB1, 0x00, 0x00, 0x02, 0x8D, 0x00, 0x0D, 0x20,
    0x00, 0x20, 0x80, 0x20, 0x00, 0x40, 0x20, 0x00, 0x20, 0x00, 0x20, 0x00, 0x20, 0x80, 0x00, 0x7F, 0x08, 0x00, 0x38, 0x10, 0x18, 0x1C, 0x38, 0x14,
    0x3C, 0x1C, 0x3C, 0x34, 0x3C, 0x5E, 0x3E, 0x74, 0xFC, 0x5C, 0xFE, 0x74, 0xFC, 0xDC, 0xF8, 0x70, 0xF8, 0xD8, 0xFA, 0x70, 0xFA, 0xD5, 0xFF, 0x77,
    0xFF, 0xD5, 0xEF, 0x67, 0xEF, 0xCD, 0xEF, 0x57, 0xFF, 0xDD, 0x20, 0x40, 0x60, 0x40, 0x60, 0x40, 0xE0, 0x40, 0x80, 0x40, 0x80, 0x00, 0x80, 0x00,
    0xC0, 0x00, 0xA8, 0x10, 0x20, 0x00, 0x20, 0x00, 0x20, 0x00, 0x20, 0x50, 0xE8, 0x50, 0xF8, 0x70, 0xF8, 0xD0, 0xF8, 0x70, 0xF8, 0x50, 0xF0, 0x70,
    0xF0, 0xD0, 0xF0, 0x70, 0xE0, 0xC0, 0xE0, 0x40, 0xE8, 0xC0, 0xC8, 0x40, 0xC8, 0xD8, 0xB8, 0x10, 0xB8, 0x98, 0xB8, 0x30, 0xB8, 0x10, 0x38, 0x70,
    0x78, 0x5C, 0xF8, 0x70, 0xF8, 0xDC, 0xF8, 0x70, 0xF8, 0xD8, 0xF8, 0x70, 0xF8, 0xD0, 0xFC, 0x7C, 0xF8, 0xD4, 0xF8, 0x74, 0xEC, 0xC4, 0xEC, 0x64,
    0x29, 0xEC, 0xEC, 0xFE, 0x74, 0xFE, 0xDE, 0xFE, 0x74, 0xFE, 0xDD, 0xBE, 0x75, 0xFE, 0x5D, 0xFE, 0x76, 0xFE, 0xDC, 0xFE, 0x74, 0xFE, 0xDC, 0xFE,
    0x75, 0xF9, 0xDD, 0xFB, 0x77, 0xFF, 0xDD, 0xFF, 0x77, 0xFF, 0xDD, 0xFF, 0x77, 0xFF, 0x5D, 0xFF, 0x77, 0xFF, 0xDD, 0x8E, 0x00, 0x00, 0x04, 0x86,
    0x00, 0x64, 0x40, 0x00, 0x40, 0xC0, 0x40, 0x80, 0x00, 0x80, 0x40, 0x80, 0x00, 0x80, 0x00, 0x80, 0x00, 0xA0, 0x40, 0xA0, 0x20, 0x00, 0x23, 0x00,
    0x20, 0x80, 0x40, 0x80, 0x41, 0xA2, 0x41, 0xA0, 0x21, 0xA0, 0x20, 0xA0, 0x30, 0xE0, 0x40, 0xE0, 0x70, 0xE0, 0xC0, 0xF0, 0x71, 0xE0, 0xC1, 0xE1,
    0x41, 0xC1, 0xC1, 0xE3, 0x51, 0xE3, 0xD1, 0xB3, 0x13, 0xB3, 0x11, 0x23, 0x13, 0x2B, 0x55, 0x7F, 0x77, 0xFF, 0xDF, 0xFF, 0x75, 0xFF, 0xDD, 0xFB,
    0x71, 0xFB, 0xD9, 0xFB, 0x73, 0xFB, 0xD5, 0xFF, 0x77, 0xFF, 0xD5, 0xEF, 0x67, 0xEF, 0xC7, 0xEF, 0x57, 0xFF, 0xDD, 0xFF, 0x77, 0xFF, 0xDD, 0xBF,
    0x37, 0xBF, 0x1D, 0x3F, 0x77, 0xFF, 0x5D, 0xA6, 0x00, 0x00, 0x01, 0x92, 0x00, 0x01, 0x01, 0x00, 0x80, 0x01, 0x0B, 0x03, 0x05, 0x02, 0x01, 0x03,
    0x01, 0x03, 0x01, 0x03, 0x01, 0x03, 0x01, 0x80, 0x03, 0x0C, 0x01, 0x03, 0x03, 0x02, 0x01, 0x02, 0x02, 0x06, 0x04, 0x02, 0x45, 0x06, 0x05, 0x81,
    0x01, 0x07, 0x03, 0x01, 0x03, 0x01, 0x03, 0x07, 0x07, 0x0D, 0x80, 0x07, 0x10, 0x05, 0x0F, 0x07, 0xCF, 0x4D, 0xEF, 0x57, 0xFF, 0xDD, 0xBF, 0x17,
    0xBF, 0xDD, 0xBF, 0x77, 0xFF, 0xDD, 0x00, 0xAB, 0x00, 0x00, 0x02, 0x83, 0x00, 0x00, 0x10, 0x95, 0x00, 0x38, 0x40, 0x00, 0x60, 0x20, 0x40, 0x00,
    0x08, 0x04, 0x0C, 0x14, 0x0C, 0x1C, 0x3C, 0x14, 0x1C, 0x1C, 0x3A, 0x10, 0x38, 0x1C, 0x3A, 0x34, 0xFE, 0x5C, 0xFE, 0x74, 0xFE, 0x54, 0xFE, 0x74,
    0xEC, 0xCC, 0xEE, 0x75, 0xFF, 0xDD, 0xFF, 0x57, 0xFF, 0xDD, 0xBF, 0x17, 0xBF, 0x1D, 0xBF, 0x77, 0xFF, 0xDD, 0xFF, 0x77, 0x20, 0x00, 0x20, 0x00,
    0x20, 0x00, 0x20, 0x82, 0x00, 0x73, 0x08, 0x00, 0x08, 0x10, 0x18, 0x10, 0x38, 0x10, 0x78, 0x10, 0x38, 0x30, 0x78, 0x50, 0x78, 0x70, 0xF8, 0x50,
    0x68, 0x60, 0xE8, 0x40, 0xE8, 0x50, 0xF8, 0xD0, 0xF8, 0x50, 0xF8, 0x50, 0xA0, 0x10, 0xA0, 0x80, 0x28, 0x40, 0xEC, 0x5C, 0xFC, 0x74, 0xFC, 0x5C,
    0xF8, 0x50, 0xF8, 0x58, 0xB8, 0x70, 0xF8, 0xD8, 0xF8, 0x70, 0xF8, 0xD4, 0xF8, 0x70, 0xEA, 0xC6, 0xEC, 0x64, 0xE8, 0xDC, 0xF8, 0x54, 0xFE, 0xDC,
    0xFE, 0x14, 0xBE, 0x9C, 0xBE, 0x36, 0xBE, 0x5D, 0xFE, 0x76, 0xFE, 0x5C, 0xFE, 0x74, 0xFE, 0xDC, 0xFC, 0x74, 0xFC, 0xDC, 0xFA, 0x75, 0xFE, 0xDD,
    0xFB, 0x77, 0xFF, 0xD5, 0xF7, 0x77, 0xEF, 0xC5, 0xEF, 0x77, 0xFF, 0xDD, 0xFF, 0x57, 0xFF, 0xDD, 0xBF, 0x17, 0xBF, 0x9D, 0xBF, 0x77, 0xFF, 0xDD,
    0xFF, 0x77, 0x8B, 0x00, 0x00, 0x08, 0x84, 0x00, 0x14, 0x20, 0x00, 0xA0, 0x60, 0x20, 0x40, 0xE0, 0x40, 0x20, 0x40, 0xC0, 0x40, 0x80, 0x40, 0xC0,
    0x40, 0x82, 0x00, 0x80, 0x00, 0x80, 0x80, 0x00, 0x51, 0x20, 0x00, 0x20, 0x40, 0x20, 0x70, 0xE0, 0x50, 0xE0, 0x50, 0xE0, 0x50, 0xF0, 0x50, 0xF0,
    0xD0, 0xF0, 0x71, 0xF0, 0xD1, 0xF0, 0x71, 0xE0, 0xC0, 0xE0, 0x41, 0xE0, 0xC1, 0xE9, 0x41, 0xE9, 0xD9, 0xFB, 0x51, 0x9B, 0x99, 0xBB, 0x11, 0xBB,
    0x5D, 0xFB, 0x75, 0xFE, 0xDD, 0xFE, 0x74, 0xFE, 0xDC, 0xF8, 0x70, 0xF8, 0xDD, 0xF9, 0x71, 0xFB, 0xDD, 0xFB, 0x73, 0xFB, 0xD5, 0xF3, 0x77, 0xEF,
    0xD5, 0xFF, 0x77, 0xFF, 0xDD, 0xFF, 0x77, 0xFF, 0xDD, 0xFF, 0x57, 0xFF, 0xDD, 0xFF, 0x77, 0xFF, 0xDD, 0xFF, 0x77, 0xBA, 0x00, 0x00, 0x09, 0x85,
    0x01, 0x0A, 0x03, 0x01, 0x03, 0x01, 0x03, 0x01, 0x03, 0x01, 0x03, 0x01, 0x03, 0x80, 0x01, 0x2B, 0x03, 0x01, 0x83, 0x01, 0x03, 0x01, 0x03, 0x01,
    0x02, 0x00, 0x02, 0x00, 0x02, 0x01, 0x03, 0x01, 0x23, 0x05, 0x03, 0x03, 0x83, 0x05, 0x83, 0x07, 0x87, 0x05, 0x2F, 0x07, 0xAF, 0x5D, 0xFF, 0x77,
    0xFF, 0x5D, 0xFE, 0x75, 0xFE, 0xDD, 0xFF, 0x75, 0xFF, 0xDD, 0xFF, 0x77, 0x00, 0xA6, 0x00, 0x00, 0x04, 0x80, 0x00, 0x00, 0x10, 0x96, 0x00, 0x82,
    0x20, 0x82, 0x00, 0x2E, 0x08, 0x00, 0x08, 0x04, 0x0C, 0x04, 0x0E, 0x14, 0x0C, 0x4C, 0x4C, 0x14, 0x0C, 0x1C, 0x38, 0x14, 0xBC, 0x1C, 0xBA, 0x10,
    0xBA, 0x10, 0xB2, 0x32, 0xA2, 0x55, 0xE7, 0x77, 0xEF, 0xDD, 0xEF, 0x57, 0xEF, 0xDD, 0xDF, 0x57, 0x9F, 0xDD, 0xBF, 0x77, 0xFF, 0xDD, 0xFF, 0x77,
    0xFF, 0xDD, 0xFE, 0x84, 0x00, 0x78, 0x20, 0x10, 0x28, 0x50, 0x28, 0x10, 0x28, 0x00, 0x28, 0x10, 0x28, 0x18, 0x38, 0x10, 0x38, 0x18, 0x38, 0x30,
    0x38, 0x10, 0x30, 0x30, 0x20, 0x40, 0x20, 0x40, 0x68, 0x44, 0x68, 0x44, 0x08, 0x4C, 0x08, 0x10, 0x08, 0x1C, 0x38, 0x14, 0x3C, 0x1C, 0x3C, 0x34,
    0x3C, 0x5C, 0x3C, 0x74, 0x7C, 0x5C, 0x7C, 0x74, 0xFC, 0x5C, 0xF8, 0x71, 0xF9, 0xD8, 0xF8, 0x70, 0xFA, 0x50, 0xF2, 0x70, 0xEE, 0x54, 0xEE, 0x76,
    0xEE, 0x5C, 0xEE, 0x56, 0xCE, 0x5C, 0x9E, 0x15, 0xBE, 0xFC, 0xBE, 0x76, 0xFE, 0x7C, 0xFE, 0x76, 0xFE, 0x5C, 0xFE, 0x74, 0xFE, 0xDC, 0xFE, 0x75,
    0xFF, 0xDD, 0xFF, 0x75, 0xFB, 0xDD, 0xFB, 0x53, 0xFF, 0xD5, 0xFF, 0x77, 0xFF, 0xDD, 0xFF, 0x77, 0xFF, 0x5D, 0xFF, 0x77, 0xFF, 0xDD, 0xFF, 0x77,
    0xFF, 0xDD, 0xFF, 0x77, 0xFF, 0xDD, 0xFF, 0x86, 0x00, 0x76, 0x20, 0x00, 0x20, 0x00, 0x20, 0x00, 0x28, 0x00, 0x20, 0x40, 0x20, 0x40, 0x60, 0x40,
    0x20, 0x40, 0xA0, 0x00, 0x20, 0x00, 0x24, 0x00, 0x20, 0x00, 0x20, 0x40, 0x20, 0x40, 0x20, 0x40, 0x00, 0x00, 0x08, 0x10, 0x38, 0x10, 0xB8, 0x50,
    0xB8, 0x70, 0xF8, 0x50, 0x30, 0x70, 0xF8, 0x50, 0xF0, 0x78, 0xE8, 0xD0, 0xF8, 0x70, 0xF8, 0xD0, 0xF8, 0xD0, 0xE8, 0xD0, 0xB0, 0x10, 0xB8, 0xD0,
    0xB8, 0x74, 0xFC, 0x5C, 0x7E, 0x74, 0xFC, 0x7C, 0xFC, 0x74, 0xFC, 0xDC, 0xFC, 0x75, 0xFE, 0xDD, 0xFB, 0x71, 0xFA, 0xD0, 0xFA, 0x70, 0xFA, 0xD5,
    0xFF, 0x75, 0xFF, 0xDD, 0xFF, 0x77, 0xEF, 0xDD, 0xCF, 0x57, 0xDF, 0xDD, 0xBF, 0x77, 0xFF, 0xDD, 0xFF, 0x77, 0xFF, 0x5F, 0x7E, 0x76, 0xFE, 0xDC,
    0xFE, 0x77, 0xFF, 0xDD, 0xFF, 0x77, 0xFF, 0xDD, 0xFB, 0xB2, 0x00, 0x00, 0x08, 0x87, 0x00, 0x01, 0x01, 0x00, 0x86, 0x01, 0x86, 0x00, 0x85, 0x01,
    0x02, 0x41, 0x03, 0x01, 0x80, 0x03, 0x1D, 0x41, 0x03, 0x03, 0x83, 0x45, 0x03, 0x07, 0x87, 0x05, 0x8F, 0x17, 0xBF, 0xDD, 0xBF, 0x77, 0xFF, 0x5D,
    0xFF, 0x76, 0xFE, 0x5C, 0xFE, 0x77, 0xFF, 0xDD, 0xFF, 0x77, 0xFF, 0xDD, 0xFB, 0x00, 0xA3, 0x00, 0x03, 0x04, 0x00, 0x00, 0x10, 0x96, 0x00, 0x02,
    0x20, 0x00, 0x40, 0x82, 0x00, 0x04, 0x40, 0x80, 0x40, 0x00, 0x40, 0x80, 0x00, 0x04, 0x88, 0x80, 0x08, 0x00, 0x08, 0x80, 0x00, 0x24, 0x08, 0x04,
    0x08, 0x04, 0x8C, 0x0C, 0x88, 0x00, 0x88, 0x80, 0x8A, 0x11, 0x8B, 0x91, 0xBB, 0x17, 0xBF, 0xD5, 0xBF, 0x57, 0xAF, 0x4D, 0xAF, 0x57, 0xFF, 0x5D,
    0xFF, 0x77, 0xFF, 0xDD, 0xFF, 0x77, 0xFF, 0xDD, 0xFF, 0x77, 0xFF, 0x80, 0x00, 0x7C, 0x08, 0x00, 0x08, 0x10, 0x08, 0x10, 0x18, 0x10, 0x08, 0x10,
    0x28, 0x00, 0x28, 0x10, 0x28, 0x10, 0x38, 0x18, 0x38, 0x10, 0x38, 0x10, 0x20, 0x10, 0x20, 0x10, 0x20, 0x10, 0x20, 0x04, 0x2C, 0x04, 0x2C, 0x04,
    0x0C, 0x04, 0x0C, 0x0C, 0x1C, 0x14, 0x3E, 0x1C, 0x3E, 0x34, 0x3E, 0x1C, 0x3A, 0x34, 0x3C, 0x54, 0x38, 0x74, 0x7C, 0x5D, 0x7C, 0x74, 0xFC, 0x5C,
    0x78, 0x50, 0xE8, 0x50, 0xBA, 0x10, 0xBA, 0x54, 0xBE, 0x36, 0xBE, 0x5C, 0x3E, 0x36, 0x2E, 0x5C, 0x3E, 0x56, 0xFE, 0x7C, 0xFE, 0x77, 0xFE, 0xDD,
    0xFE, 0x75, 0xFE, 0x5C, 0xFA, 0x70, 0xFE, 0xD4, 0xFE, 0x77, 0xFF, 0xDD, 0xFF, 0x77, 0xEF, 0xCD, 0xEF, 0x57, 0xDF, 0xDD, 0xFF, 0x57, 0xFF, 0xDD,
    0xBF, 0x77, 0xBF, 0x5D, 0x3F, 0x77, 0x7E, 0x5D, 0xFE, 0x77, 0xFF, 0xDD, 0xFF, 0x77, 0xFF, 0xDD, 0xFB, 0x71, 0xFB, 0x85, 0x00, 0x10, 0x10, 0x28,
    0x10, 0x20, 0x10, 0x20, 0x00, 0x20, 0x00, 0x20, 0x00, 0x20, 0x40, 0x20, 0x40, 0x20, 0x48, 0x82, 0x00, 0x61, 0x10, 0x20, 0x10, 0x20, 0x10, 0x28,
    0x00, 0x28, 0x00, 0x28, 0x00, 0x28, 0x50, 0x78, 0x58, 0x78, 0x70, 0xF8, 0x58, 0x38, 0x70, 0xFC, 0x50, 0xF0, 0x70, 0xF8, 0x50, 0xF8, 0x70, 0xE8,
    0x44, 0xE8, 0x40, 0xC8, 0xC0, 0xC8, 0x50, 0xD8, 0xDC, 0xFE, 0x14, 0xBE, 0x1C, 0x3E, 0x34, 0x3E, 0x5C, 0x7E, 0x74, 0xFE, 0x5C, 0xFE, 0x74, 0xFC,
    0xDC, 0xFC, 0x70, 0xF8, 0xD9, 0xF8, 0x71, 0xFB, 0xD1, 0xFB, 0x77, 0xFF, 0xD5, 0xFF, 0x77, 0xEF, 0xCD, 0xEF, 0x47, 0xEF, 0xDD, 0xFF, 0x57, 0xFF,
    0xDD, 0xFF, 0x77, 0xFF, 0x5D, 0xBF, 0x77, 0xFE, 0x5C, 0xFE, 0x77, 0xFE, 0xDD, 0xFF, 0x77, 0xFF, 0xDD, 0xFF, 0x75, 0xFB, 0xAE, 0x00, 0x00, 0x04,
    0xA2, 0x00, 0x00, 0x80, 0x82, 0x01, 0x22, 0x03, 0x01, 0x03, 0x01, 0x23, 0x03, 0x23, 0x01, 0x23, 0x03, 0x23, 0x45, 0x6B, 0x57, 0xFF, 0xDD, 0xFF,
    0x77, 0xFF, 0xDD, 0xFB, 0x71, 0xFB, 0xDD, 0xFB, 0x77, 0xFF, 0xDD, 0xFF, 0x77, 0xFF, 0xDD, 0xEF, 0x67, 0xEF, 0x00, 0xA2, 0x00, 0x00, 0x20, 0x8A,
    0x00, 0x00, 0x80, 0x87, 0x00, 0x03, 0x20, 0x00, 0x00, 0x80, 0x80, 0x00, 0x04, 0x20, 0x80, 0x20, 0x00, 0x60, 0x88, 0x00, 0x00, 0x08, 0x80, 0x00,
    0x31, 0x80, 0x80, 0x00, 0x82, 0x00, 0x82, 0x84, 0x82, 0x00, 0x88, 0x84, 0x82, 0x01, 0x8B, 0x85, 0x8F, 0x17, 0x9F, 0x9D, 0xBF, 0x17, 0xBF, 0x1D,
    0x3F, 0x37, 0x7E, 0x5D, 0xFF, 0x77, 0xFF, 0xDD, 0xFF, 0x75, 0xFF, 0xDD, 0xFB, 0x71, 0xFB, 0xDD, 0x00, 0x00, 0x08, 0x00, 0x08, 0x00, 0x08, 0x00,
    0x08, 0x10, 0x08, 0x80, 0x00, 0x7F, 0x08, 0x00, 0x08, 0x00, 0x08, 0x00, 0x08, 0x00, 0x08, 0x00, 0x80, 0x00, 0x08, 0x00, 0x0A, 0x10, 0x0A, 0x14,
    0x0A, 0x04, 0x0E, 0x04, 0x0E, 0x04, 0x0E, 0x0C, 0x2E, 0x14, 0x3E, 0x1C, 0x3E, 0x14, 0x3C, 0x1C, 0x38, 0x10, 0x38, 0x10, 0x3A, 0x30, 0x3E, 0x14,
    0x3E, 0x34, 0x2E, 0x44, 0x2E, 0x04, 0x0E, 0x0C, 0x0E, 0x17, 0x1F, 0x1D, 0x3F, 0x17, 0x3F, 0x1D, 0x3F, 0x17, 0x3E, 0x1C, 0x3E, 0x77, 0x7F, 0x5C,
    0x7E, 0x76, 0xFE, 0x7C, 0xFE, 0x75, 0xF8, 0xF9, 0xFB, 0x71, 0xFB, 0xDD, 0xFF, 0x77, 0xFF, 0xD5, 0xFF, 0x77, 0xEF, 0xC7, 0xEF, 0x47, 0xEF, 0xDF,
    0xFF, 0x57, 0xFF, 0xDD, 0xBF, 0x37, 0xBF, 0x1D, 0xBF, 0x77, 0xFF, 0x5D, 0xFF, 0x77, 0xFF, 0xDD, 0xFF, 0x75, 0xFF, 0xDD, 0xFD, 0x75, 0xFB, 0xDD,
    0x00, 0x00, 0x08, 0x00, 0x08, 0x10, 0x08, 0x10, 0x08, 0x10, 0x08, 0x10, 0x20, 0x10, 0x08, 0x20, 0x10, 0x20, 0x10, 0x20, 0x00, 0x20, 0x00, 0x24,
    0x80, 0x00, 0x65, 0x08, 0x00, 0x08, 0x10, 0x18, 0x10, 0x38, 0x10, 0x38, 0x10, 0x38, 0x10, 0x38, 0x14, 0x38, 0x74, 0x7C, 0x5C, 0x78, 0x70, 0x78,
    0x5A, 0x38, 0x50, 0x78, 0x50, 0x38, 0x70, 0xF8, 0x50, 0x72, 0x74, 0xEE, 0x64, 0x26, 0x64, 0x6E, 0x64, 0x2E, 0x5C, 0xFE, 0x5C, 0xBE, 0x54, 0xBE,
    0x1C, 0x3E, 0x34, 0x3E, 0x1C, 0x3E, 0x74, 0xFE, 0x5C, 0xFE, 0x74, 0xFE, 0xDC, 0xFC, 0x74, 0xF8, 0xDC, 0xF8, 0x71, 0xFB, 0xDD, 0xFB, 0x77, 0xFF,
    0xDD, 0xFF, 0x77, 0xFF, 0x55, 0xEF, 0x77, 0xFF, 0x5D, 0xFF, 0x77, 0xFF, 0xDD, 0xFF, 0x77, 0xFF, 0xDF, 0xFF, 0x77, 0xFF, 0xDF, 0xFF, 0x77, 0xFF,
    0xDD, 0xFF, 0x77, 0xFF, 0xDD, 0xEF, 0x75, 0xEF, 0xDD, 0xA9, 0x00, 0x00, 0x04, 0x83, 0x00, 0x00, 0x02, 0x90, 0x00, 0x00, 0x40, 0x87, 0x00, 0x00,
    0x80, 0x83, 0x00, 0x86, 0x01, 0x1D, 0x21, 0x11, 0x23, 0x11, 0x3A, 0x51, 0x7B, 0x75, 0xFE, 0x5D, 0xFE, 0x75, 0xFC, 0xDD, 0xF9, 0x71, 0xF9, 0xD9,
    0xFB, 0x73, 0xFF, 0xDD, 0xFF, 0x77, 0xFF, 0xD5, 0xE7, 0x67, 0xEF, 0xCD, 0x00, 0x9A, 0x00, 0x00, 0x20, 0x8A, 0x00, 0x00, 0x20, 0x87, 0x00, 0x00,
    0x10, 0x84, 0x00, 0x05, 0x80, 0x80, 0x00, 0x80, 0x00, 0xA0, 0x86, 0x00, 0x05, 0x40, 0x00, 0xC0, 0x10, 0xC0, 0x00, 0x80, 0x80, 0x00, 0x00, 0x80,
    0x80, 0x2D, 0x00, 0x80, 0x80, 0x82, 0x00, 0x82, 0x81, 0x82, 0x40, 0xC6, 0xC5, 0xC7, 0x47, 0xCF, 0xC5, 0x8F, 0x07, 0x8F, 0x9D, 0xBF, 0x17, 0xBF,
    0xDD, 0xFF, 0x77, 0xFF, 0xDD, 0xFE, 0x76, 0xFE, 0xDC, 0xFE, 0x75, 0xFF, 0xDD, 0xFF, 0x77, 0xFF, 0x04, 0x00, 0x00, 0x08, 0x04, 0x00, 0x00, 0x08,
    0x80, 0x00, 0x00, 0x08, 0x82, 0x00, 0x00, 0x02, 0x82, 0x00, 0x79, 0x02, 0x04, 0x0A, 0x04, 0x0E, 0x0C, 0x0A, 0x04, 0x0E, 0x04, 0x0A, 0x04, 0x0E,
    0x04, 0x0E, 0x16, 0x0E, 0x1C, 0x0E, 0x14, 0x0C, 0x0C, 0x08, 0x10, 0x08, 0x18, 0x18, 0x11, 0x1B, 0x11, 0x1B, 0x13, 0x0B, 0x05, 0x03, 0x07, 0x06,
    0x05, 0x0F, 0x07, 0x0F, 0x0D, 0x0F, 0x17, 0x1F, 0x1D, 0x1F, 0x17, 0x1F, 0x1D, 0x3F, 0x17, 0x3F, 0x1D, 0x3F, 0x37, 0xBE, 0x5C, 0x3E, 0x74, 0xFE,
    0x5D, 0xFE, 0x75, 0xFF, 0xDD, 0xFF, 0x57, 0xFF, 0xDD, 0xFF, 0x17, 0xFF, 0x15, 0xFF, 0x37, 0xBF, 0x5D, 0xFF, 0x77, 0xFF, 0x5D, 0xFF, 0x77, 0xFF,
    0xDD, 0xFF, 0x75, 0xFF, 0xDD, 0xFF, 0x77, 0xFF, 0xDD, 0xFF, 0xF7, 0xFF, 0xD5, 0xFF, 0x77, 0xFF, 0xDD, 0xFF, 0x77, 0xFF, 0x10, 0x08, 0x10, 0x08,
    0x00, 0x08, 0x00, 0x08, 0x00, 0x08, 0x00, 0x08, 0x00, 0x08, 0x13, 0x08, 0x10, 0x83, 0x00, 0x68, 0x0C, 0x04, 0x0E, 0x04, 0x0E, 0x1C, 0x1E, 0x14,
    0x1C, 0x1C, 0x18, 0x14, 0x38, 0x1C, 0x3A, 0x35, 0x3E, 0x1C, 0x3A, 0x34, 0x3C, 0x14, 0x28, 0x20, 0x28, 0x44, 0x28, 0x54, 0x3E, 0x7C, 0x3A, 0x34,
    0x3A, 0x34, 0x3A, 0x17, 0x3E, 0x14, 0x3E, 0x36, 0x3E, 0x7C, 0x3E, 0x76, 0x7E, 0x5C, 0x3E, 0x54, 0x7C, 0x5C, 0x7E, 0x75, 0xFE, 0x5D, 0xFF, 0x77,
    0xFF, 0x55, 0xFA, 0x77, 0xF6, 0x55, 0xE6, 0x67, 0xEF, 0xDD, 0xFF, 0x77, 0xFF, 0xDD, 0xFF, 0x17, 0x9F, 0x1D, 0xBF, 0x37, 0xBF, 0x5D, 0xFF, 0x77,
    0xFF, 0x5D, 0xFE, 0x76, 0xFE, 0x5C, 0xFE, 0x75, 0xFF, 0xFD, 0xFF, 0x77, 0xFF, 0xDD, 0xFB, 0x73, 0xFB, 0xD5, 0xFF, 0x77, 0xFF, 0xD5, 0xFF, 0x77,
    0xFF, 0xA1, 0x00, 0x00, 0x02, 0x80, 0x00, 0x00, 0x08, 0x86, 0x00, 0x00, 0x01, 0x8A, 0x00, 0x00, 0x40, 0x86, 0x00, 0x00, 0x80, 0x87, 0x00, 0x2A,
    0x20, 0x00, 0x20, 0x00, 0x20, 0x00, 0x28, 0x40, 0x08, 0x10, 0x08, 0x18, 0x38, 0x10, 0x38, 0x5D, 0x3A, 0x75, 0xFE, 0x5C, 0x7A, 0x74, 0xFE, 0x54,
    0xF8, 0x74, 0xFC, 0xDD, 0xFF, 0x75, 0xFF, 0xDD, 0xFF, 0x77, 0xFB, 0xDD, 0xBB, 0x77, 0xFF, 0xDD, 0xFF, 0x77, 0xFF, 0x00, 0x96, 0x00, 0x00, 0x40,
    0x8A, 0x00, 0x00, 0x20, 0x86, 0x00, 0x00, 0x88, 0x80, 0x00, 0x00, 0x80, 0x82, 0x00, 0x80, 0x80, 0x03, 0x00, 0x80, 0x20, 0x80, 0x80, 0x00, 0x0F,
    0x80, 0x00, 0xA0, 0x00, 0xA0, 0x00, 0xA0, 0x00, 0x90, 0x00, 0x80, 0x00, 0x80, 0x40, 0x80, 0x40, 0x80, 0xC0, 0x04, 0x40, 0xC0, 0xC0, 0x81, 0x00,
    0x80, 0x80, 0x1F, 0x00, 0x82, 0xC0, 0x82, 0x42, 0xE6, 0x44, 0xE6, 0x44, 0xCE, 0x44, 0xEE, 0x45, 0xEE, 0xDD, 0xFF, 0x77, 0xFF, 0xDD, 0xFB, 0x77,
    0xFF, 0xD5, 0xF2, 0x77, 0xFF, 0xD5, 0xFF, 0x77, 0xFF, 0xDD, 0xFF, 0x90, 0x00, 0x6E, 0x02, 0x00, 0x02, 0x04, 0x02, 0x04, 0x0E, 0x04, 0x0E, 0x04,
    0x0E, 0x04, 0x0A, 0x04, 0x0A, 0x04, 0x0A, 0x04, 0x0E, 0x04, 0x0A, 0x04, 0x2A, 0x04, 0x02, 0x00, 0x08, 0x0C, 0x0A, 0x05, 0x0E, 0x05, 0x0B, 0x01,
    0x0B, 0x03, 0x43, 0x03, 0x0B, 0x05, 0x0F, 0x07, 0x0F, 0x1D, 0x0F, 0x17, 0x0E, 0x0D, 0x0E, 0x1C, 0x0E, 0x1C, 0x1E, 0x15, 0xBF, 0x1D, 0xBF, 0x17,
    0xBF, 0x1D, 0xBB, 0xB3, 0xBA, 0x55, 0xA7, 0x77, 0xEF, 0xFD, 0xEF, 0x77, 0xEF, 0xED, 0x8F, 0x17, 0x8F, 0x9D, 0x9F, 0x97, 0xBF, 0x9F, 0xBF, 0x37,
    0xFF, 0x5F, 0x7F, 0x77, 0xFE, 0x5C, 0xFE, 0x74, 0xFE, 0xDD, 0xFF, 0x7D, 0xFF, 0xDD, 0xFB, 0x73, 0xFB, 0xD1, 0xFB, 0x77, 0xFF, 0xD5, 0xFF, 0x77,
    0xFF, 0xDD, 0xFF, 0x10, 0x08, 0x84, 0x00, 0x76, 0x08, 0x00, 0x08, 0x00, 0x08, 0x00, 0x08, 0x00, 0x08, 0x00, 0x02, 0x00, 0x0A, 0x04, 0x0E, 0x16,
    0x0E, 0x1C, 0x0E, 0x14, 0x0E, 0x1C, 0x0C, 0x14, 0x1C, 0x1C, 0x38, 0x14, 0x3A, 0x1C, 0x3A, 0x10, 0x3A, 0x10, 0x32, 0x10, 0x22, 0x24, 0x26, 0x34,
    0x2E, 0x2D, 0x2E, 0x07, 0x0F, 0x4D, 0x0F, 0x37, 0x1F, 0x3D, 0x3F, 0x37, 0x3F, 0x1D, 0x3F, 0x37, 0x3E, 0x1C, 0x3E, 0x34, 0x3E, 0x5C, 0x7E, 0x74,
    0x7E, 0x5D, 0x7F, 0x75, 0x7B, 0x59, 0x7B, 0x73, 0x7B, 0x51, 0x33, 0x77, 0xFF, 0x55, 0x7F, 0x77, 0xEF, 0x5D, 0x6F, 0x57, 0xCF, 0x5D, 0xBF, 0x17,
    0xBF, 0x5F, 0xBF, 0x77, 0xFF, 0x5D, 0xFF, 0x77, 0xFE, 0x5C, 0xFE, 0x76, 0xFE, 0xDD, 0xFF, 0x77, 0xFF, 0xDD, 0xFF, 0x77, 0xFF, 0xDD, 0xFF, 0x77,
    0xFF, 0xDD, 0xFF, 0x77, 0xFF, 0xDD, 0xFF, 0x9D, 0x00, 0x00, 0x01, 0x8B, 0x00, 0x00, 0x01, 0xA3, 0x00, 0x29, 0x10, 0x20, 0x10, 0x28, 0x14, 0x28,
    0x04, 0x2C, 0x1C, 0x38, 0x14, 0x7C, 0x5C, 0x7C, 0x74, 0xFC, 0x5C, 0xFA, 0x70, 0xFA, 0x50, 0xFA, 0x70, 0xFE, 0xD5, 0xFF, 0x77, 0xFF, 0xDD, 0xEF,
    0x77, 0xEF, 0xDD, 0xDF, 0x57, 0xFF, 0xDD, 0xBF, 0x77, 0xFF, 0xDD, 0xFF, 0x00, 0x92, 0x00, 0x00, 0x20, 0x86, 0x00, 0x00, 0x10, 0x86, 0x00, 0x00,
    0x02, 0x82, 0x00, 0x01, 0x80, 0x00, 0x80, 0x80, 0x07, 0x00, 0x80, 0x00, 0x80, 0x00, 0x80, 0x00, 0x80, 0x81, 0x00, 0x0A, 0x40, 0x00, 0x40, 0x00,
    0x40, 0x80, 0x00, 0x80, 0xC0, 0xA0, 0x00, 0x80, 0x80, 0x08, 0x00, 0x80, 0xC0, 0x80, 0x40, 0xC2, 0xC0, 0xC0, 0x40, 0x80, 0xC0, 0x25, 0x40, 0xC0,
    0xC0, 0x80, 0x00, 0x80, 0xC0, 0xA0, 0x00, 0xA2, 0x00, 0x22, 0x20, 0x62, 0x40, 0xE2, 0x60, 0xEE, 0xD4, 0xFE, 0x75, 0xFC, 0xDD, 0xF9, 0x71, 0xF9,
    0xD1, 0xFB, 0x73, 0xFB, 0xD5, 0xFF, 0x77, 0xFF, 0xDD, 0xFF, 0x77, 0xEF, 0x88, 0x00, 0x00, 0x02, 0x82, 0x00, 0x12, 0x03, 0x00, 0x02, 0x00, 0x02,
    0x00, 0x02, 0x04, 0x02, 0x04, 0x06, 0x04, 0x02, 0x04, 0x0E, 0x04, 0x4A, 0x04, 0x08, 0x80, 0x00, 0x58, 0x08, 0x00, 0x02, 0x01, 0x02, 0x01, 0x43,
    0x07, 0x07, 0x05, 0x07, 0x07, 0x0F, 0x05, 0x0F, 0x05, 0x8F, 0x0D, 0x0F, 0x07, 0x8F, 0x0D, 0x0F, 0x17, 0x0F, 0x05, 0x0E, 0x16, 0x0E, 0x1C, 0x0E,
    0x14, 0x8E, 0xBD, 0x9F, 0x15, 0x8D, 0x9B, 0x89, 0x11, 0x8B, 0xB1, 0xBB, 0x37, 0xBF, 0xF5, 0xBF, 0x17, 0xAF, 0x45, 0xAF, 0x07, 0x8F, 0x4D, 0xBF,
    0x57, 0xFF, 0xDD, 0xFF, 0x77, 0xFF, 0xDD, 0xBF, 0x77, 0xFF, 0x5D, 0xFE, 0x77, 0xFF, 0xDD, 0xFF, 0x77, 0xFF, 0xDD, 0xFF, 0x75, 0xFF, 0xDD, 0xFF,
    0x57, 0xFF, 0xDD, 0xFF, 0x77, 0xFF, 0xDD, 0xFF, 0x77, 0xFF, 0x82, 0x00, 0x7A, 0x02, 0x00, 0x02, 0x04, 0x02, 0x04, 0x0E, 0x04, 0x06, 0x04, 0x0E,
    0x04, 0x2E, 0x04, 0x0E, 0x1C, 0x1E, 0x16, 0x1E, 0x5C, 0x1E, 0x14, 0x1E, 0x14, 0x1E, 0x14, 0x1E, 0x1C, 0x3E, 0x14, 0x0C, 0x1C, 0x08, 0x10, 0x48,
    0x11, 0x4B, 0x11, 0x4B, 0x15, 0x3B, 0x17, 0x3F, 0x15, 0x6F, 0x07, 0x4E, 0x0D, 0x4E, 0x07, 0x0E, 0x1D, 0x3F, 0x37, 0x3F, 0x1D, 0x3F, 0x17, 0x3F,
    0x1D, 0x3A, 0x36, 0x3E, 0x1C, 0x3E, 0x37, 0x3E, 0x5D, 0x3F, 0x75, 0x6F, 0x4D, 0x2F, 0x05, 0x0F, 0x5D, 0x3F, 0x17, 0x3F, 0x1D, 0x3F, 0x37, 0x3F,
    0x1F, 0x3F, 0x37, 0x3F, 0x5D, 0x7F, 0x77, 0x7F, 0x5D, 0xFF, 0x77, 0xFF, 0xDD, 0xFF, 0x75, 0xFB, 0xD9, 0xFF, 0x77, 0xFF, 0xDD, 0xFF, 0x77, 0xFF,
    0xF5, 0xEF, 0x6F, 0xEF, 0xCD, 0xEF, 0x57, 0xFF, 0xDD, 0xFF, 0x77, 0xFF, 0xDD, 0xBF, 0x37, 0xBF, 0x94, 0x00, 0x00, 0x10, 0x8F, 0x00, 0x00, 0x01,
    0x87, 0x00, 0x00, 0x10, 0x84, 0x00, 0x00, 0x20, 0x8E, 0x00, 0x30, 0x08, 0x00, 0x08, 0x00, 0x08, 0x1C, 0x18, 0x10, 0x38, 0x1C, 0x38, 0x14, 0x3C,
    0x1C, 0x3E, 0x34, 0x7E, 0x5C, 0x7E, 0x74, 0x7C, 0x5C, 0x78, 0x70, 0xF8, 0x59, 0xFB, 0x71, 0xFB, 0xDD, 0xFF, 0x77, 0xFF, 0xD5, 0xFF, 0x77, 0xEF,
    0x4D, 0xEF, 0x77, 0xFF, 0xDD, 0xFF, 0x77, 0xFF, 0xDD, 0xFF, 0x77, 0xFF, 0x01, 0x8D, 0x00, 0x00, 0x20, 0x81, 0x00, 0x02, 0x20, 0x00, 0x10, 0x84,
    0x00, 0x01, 0x10, 0x01, 0x80, 0x00, 0x00, 0x80, 0x80, 0x00, 0x05, 0x80, 0x02, 0xC0, 0x00, 0x80, 0x00, 0x8C, 0x80, 0x80, 0x00, 0x04, 0x40, 0x00,
    0xC0, 0x00, 0xE0, 0x80, 0xC0, 0x37, 0x00, 0x60, 0xC0, 0xC4, 0x40, 0x40, 0xC0, 0xC0, 0x00, 0x40, 0xC0, 0x82, 0x40, 0x40, 0xC0, 0xC0, 0x40, 0x80,
    0xC0, 0x80, 0x00, 0x40, 0xE0, 0xC0, 0x20, 0x60, 0xE0, 0xE2, 0xE0, 0xE2, 0xC0, 0x12, 0xA2, 0x32, 0x92, 0x9E, 0x36, 0x2E, 0x97, 0x9C, 0x3F, 0x3C,
    0x9A, 0x9C, 0x3E, 0x26, 0x8C, 0x8C, 0x2A, 0x22, 0xC8, 0xC8, 0x62, 0x62, 0xC8, 0x98, 0x87, 0x00, 0x07, 0x02, 0x02, 0x00, 0x00, 0x02, 0x00, 0x02,
    0x03, 0x83, 0x02, 0x01, 0x06, 0x82, 0x82, 0x06, 0x04, 0x0E, 0x0E, 0x4E, 0x04, 0x28, 0x80, 0x00, 0x59, 0x0D, 0x81, 0x03, 0x02, 0x01, 0x86, 0x46,
    0x04, 0x04, 0x02, 0x02, 0x00, 0x08, 0x0B, 0x0A, 0x0A, 0x88, 0x82, 0x02, 0x88, 0x8A, 0x83, 0x02, 0x9D, 0x0E, 0x9E, 0x0B, 0x9D, 0x19, 0x93, 0x9B,
    0x9B, 0x89, 0x33, 0x1A, 0x93, 0x88, 0x14, 0x4C, 0x9E, 0x8C, 0x3E, 0x66, 0xA8, 0xA8, 0x6A, 0x02, 0x88, 0x98, 0xFA, 0x92, 0x38, 0xB8, 0xB2, 0xE2,
    0xA8, 0x88, 0x22, 0x22, 0x89, 0x8A, 0x20, 0x62, 0x8C, 0x8A, 0xA2, 0x23, 0x88, 0x88, 0x22, 0x2A, 0x80, 0x88, 0x32, 0x3A, 0x9A, 0x98, 0x32, 0x22,
    0xA8, 0xA8, 0x22, 0x22, 0x88, 0xE8, 0x62, 0x62, 0xC8, 0x88, 0x08, 0x80, 0x00, 0x15, 0x0A, 0x02, 0x0A, 0x02, 0x0E, 0x46, 0x06, 0x08, 0x0A, 0x02,
    0x0A, 0x08, 0x4A, 0x22, 0x0A, 0x0A, 0x12, 0x02, 0x18, 0x0A, 0x54, 0x06, 0x80, 0x0E, 0x62, 0x0A, 0x0E, 0x08, 0x02, 0x2A, 0x16, 0x08, 0x1A, 0x0C,
    0x1E, 0x4D, 0x1E, 0x46, 0x3E, 0x5C, 0x3A, 0x26, 0x28, 0x28, 0x0A, 0x72, 0x18, 0xD9, 0x32, 0x53, 0x39, 0x19, 0x23, 0x03, 0x09, 0x0B, 0x23, 0x03,
    0x2B, 0x2A, 0x24, 0x27, 0x0D, 0x0D, 0x27, 0x23, 0x0C, 0x09, 0x62, 0x2A, 0x52, 0x68, 0x62, 0x2A, 0x2A, 0x18, 0x62, 0x62, 0x28, 0x28, 0x22, 0x22,
    0x08, 0x28, 0x20, 0x22, 0x08, 0x08, 0x22, 0x22, 0x08, 0x08, 0xA3, 0xA3, 0x89, 0x8B, 0x21, 0x22, 0x8A, 0x86, 0x26, 0x22, 0x88, 0x80, 0x22, 0x22,
    0x88, 0x88, 0x0A, 0x3A, 0x90, 0x98, 0x32, 0x32, 0xA8, 0x88, 0x22, 0x22, 0x88, 0x88, 0x22, 0x62, 0xC8, 0xC8, 0x89, 0x00, 0x00, 0x10, 0x87, 0x00,
    0x00, 0x10, 0x8B, 0x00, 0x00, 0x02, 0x80, 0x00, 0x00, 0x01, 0x80, 0x00, 0x00, 0x08, 0x83, 0x00, 0x00, 0x18, 0x84, 0x00, 0x00, 0x20, 0x83, 0x00,
    0x00, 0x08, 0x86, 0x00, 0x08, 0x08, 0x0C, 0x2C, 0x14, 0x2C, 0x1C, 0x20, 0x04, 0x28, 0x80, 0x24, 0x25, 0x2C, 0x0C, 0x66, 0x62, 0x0E, 0x0A, 0x22,
    0x2A, 0x0E, 0x08, 0x32, 0x3C, 0x1E, 0x8D, 0xB6, 0xA6, 0x8E, 0xAC, 0x22, 0x22, 0xC8, 0xE8, 0x6A, 0xE2, 0xC8, 0xD8, 0xB2, 0xB2, 0x88, 0x88, 0x22,
    0xA2, 0x88, 0x88, 0x23, 0x22, 0x88, 0x8A, 0x00, 0x8A, 0x00, 0x00, 0x40, 0x81, 0x00, 0x00, 0x10, 0x85, 0x00, 0x00, 0x01, 0x82, 0x00, 0x00, 0x04,
    0x80, 0x00, 0x0C, 0x20, 0x80, 0x00, 0x80, 0x00, 0x80, 0x00, 0x80, 0x00, 0x80, 0x00, 0x00, 0x08, 0x81, 0x00, 0x00, 0x80, 0x80, 0x00, 0x0F, 0x80,
    0x00, 0x80, 0x00, 0x80, 0x00, 0x80, 0x00, 0xA0, 0x80, 0x80, 0x00, 0x80, 0x40, 0x80, 0x40, 0x80, 0xC0, 0x32, 0x40, 0xC0, 0xC0, 0x80, 0x40, 0x80,
    0xC0, 0x80, 0x00, 0x80, 0x00, 0x80, 0x00, 0xE0, 0x40, 0xE0, 0x40, 0xE0, 0x40, 0xE0, 0x40, 0xE0, 0xC0, 0xE0, 0x60, 0xE0, 0xC0, 0xE2, 0x71, 0xE2,
    0xD1, 0xE2, 0x61, 0xE2, 0xC1, 0xE3, 0x67, 0xEF, 0xC5, 0xEF, 0x77, 0xFF, 0xDD, 0xFF, 0x57, 0x9F, 0x9D, 0xBF, 0x37, 0xFF, 0xDD, 0x82, 0x00, 0x01,
    0x02, 0x01, 0x80, 0x00, 0x08, 0x02, 0x00, 0x02, 0x00, 0x02, 0x00, 0x02, 0x00, 0x02, 0x86, 0x00, 0x7F, 0x12, 0x00, 0x02, 0x00, 0x02, 0x00, 0x00,
    0x04, 0x02, 0x00, 0x0A, 0x05, 0x03, 0x05, 0x8B, 0x05, 0x03, 0x03, 0x0B, 0x05, 0x03, 0x07, 0x0F, 0x05, 0x0F, 0x07, 0x0E, 0x04, 0x0E, 0x04, 0x0E,
    0x0C, 0x0C, 0x04, 0x8C, 0x8D, 0x8B, 0x01, 0x8B, 0x91, 0x8B, 0x03, 0x83, 0x81, 0x83, 0x07, 0x87, 0x85, 0x8F, 0x07, 0x8F, 0xCD, 0x8F, 0x07, 0x8F,
    0x9D, 0x8F, 0x17, 0x9F, 0x1D, 0xBF, 0x17, 0xBF, 0x5D, 0xFF, 0x7F, 0xFE, 0x5C, 0xFE, 0x74, 0xFE, 0xDC, 0xFF, 0x75, 0xFF, 0xDD, 0xFF, 0x77, 0xFF,
    0xDD, 0xFF, 0x73, 0xFF, 0xD5, 0xFF, 0x77, 0xFF, 0xDD, 0xFF, 0x77, 0xFF, 0xDD, 0xFF, 0x57, 0xFF, 0xDD, 0xFF, 0x77, 0xFF, 0xDD, 0x02, 0x04, 0x0E,
    0x04, 0x0A, 0x84, 0x0A, 0x04, 0x0A, 0x00, 0x0A, 0x04, 0x0E, 0x06, 0x0E, 0x0C, 0x0E, 0x16, 0x0E, 0x0C, 0x0E, 0x04, 0x0C, 0x0C, 0x08, 0x10, 0x08,
    0x19, 0x63, 0x1A, 0x11, 0x1B, 0x11, 0x02, 0x01, 0x02, 0x05, 0x02, 0x17, 0x0F, 0x05, 0x0F, 0x07, 0x0F, 0x0D, 0x0F, 0x17, 0x0F, 0x1D, 0x1F, 0x17,
    0x1F, 0x3D, 0x3F, 0x37, 0x3E, 0x3D, 0x3E, 0x36, 0x3E, 0x1C, 0x3E, 0x14, 0x3C, 0x1D, 0x3F, 0x15, 0x3F, 0x5D, 0x3B, 0x53, 0x3B, 0x55, 0x33, 0x17,
    0x3F, 0x15, 0x3F, 0x37, 0x3F, 0x1D, 0x3F, 0x17, 0x3F, 0x1D, 0x3F, 0x17, 0x3F, 0x5D, 0x3F, 0x77, 0x7F, 0x5D, 0x7F, 0x7F, 0xFF, 0x5D, 0x7E, 0x7F,
    0xFE, 0x55, 0xFF, 0x77, 0xFF, 0xDD, 0xFF, 0x77, 0xFF, 0xDD, 0xFF, 0x57, 0xBF, 0x9D, 0xBF, 0x37, 0xBF, 0xDD, 0xFF, 0x77, 0xFF, 0x5D, 0xFF, 0x77,
    0xFE, 0xDD, 0xFF, 0x75, 0xFF, 0xDD, 0x83, 0x00, 0x00, 0x08, 0x8A, 0x00, 0x00, 0x02, 0x98, 0x00, 0x00, 0x04, 0x92, 0x00, 0x00, 0x08, 0x80, 0x00,
    0x35, 0x08, 0x00, 0x08, 0x10, 0x38, 0x14, 0x38, 0x14, 0x2C, 0x1C, 0x28, 0x14, 0x3C, 0x1C, 0x38, 0x34, 0x38, 0x5C, 0x38, 0x30, 0x38, 0x50, 0x32,
    0x30, 0x32, 0x54, 0x66, 0x77, 0x6E, 0x5D, 0x6F, 0x77, 0xEF, 0x5D, 0xCF, 0x57, 0x9F, 0x1D, 0xBF, 0x17, 0xBF, 0xDD, 0xFF, 0x77, 0xFF, 0x5D, 0xFE,
    0x76, 0xFE, 0x5C, 0xFE, 0x75, 0xFF, 0xDD, 0x00, 0x87, 0x00, 0x03, 0x40, 0x00, 0x00, 0x20, 0x85, 0x00, 0x00, 0x01, 0x80, 0x00, 0x00, 0x04, 0x83,
    0x00, 0x00, 0x10, 0x80, 0x00, 0x00, 0x80, 0x80, 0x00, 0x00, 0x80, 0x80, 0x00, 0x01, 0x80, 0x08, 0x8B, 0x00, 0x03, 0x80, 0x80, 0xA0, 0x00, 0x80,
    0x80, 0x00, 0x00, 0x80, 0x80, 0x08, 0x40, 0x80, 0xC0, 0x80, 0x40, 0xC0, 0xC0, 0x80, 0x00, 0x80, 0x80, 0x00, 0x00, 0x80, 0x80, 0x27, 0x00, 0x80,
    0x40, 0xA0, 0x40, 0xE0, 0x40, 0xE0, 0x40, 0xE0, 0xC0, 0xE0, 0x60, 0xE0, 0xC0, 0xE0, 0x61, 0xE1, 0xC1, 0xE3, 0x41, 0xE3, 0xC1, 0xE3, 0x77, 0xEF,
    0xD5, 0xEF, 0x77, 0xEF, 0xDD, 0xEF, 0x57, 0xFF, 0xDD, 0xFF, 0x77, 0xFF, 0xDD, 0xFF, 0x88, 0x00, 0x06, 0x02, 0x00, 0x02, 0x00, 0x02, 0x00, 0x02,
    0x83, 0x00, 0x02, 0x20, 0x00, 0x08, 0x81, 0x00, 0x7F, 0x06, 0x20, 0x02, 0x00, 0x02, 0x01, 0x06, 0x05, 0x07, 0x07, 0x0F, 0x05, 0x0F, 0x05, 0x0F,
    0x05, 0x0F, 0x07, 0x0F, 0x05, 0x0F, 0x07, 0x0E, 0x0C, 0x0E, 0x04, 0x0E, 0x04, 0x0E, 0x04, 0x8E, 0x0D, 0x8F, 0x05, 0x8F, 0x87, 0x8B, 0x01, 0x8B,
    0x81, 0x83, 0x03, 0x8F, 0x05, 0x8F, 0x07, 0x8F, 0x0D, 0x8F, 0x07, 0x8F, 0x0D, 0x8F, 0x17, 0x9F, 0x9D, 0xBF, 0x17, 0xFF, 0xDD, 0xFF, 0x77, 0xFF,
    0xDD, 0xFE, 0x76, 0xFE, 0xDD, 0xFF, 0x77, 0xFF, 0xDF, 0xFF, 0x77, 0xFF, 0xDD, 0xFF, 0x57, 0xFF, 0xDD, 0xBF, 0x77, 0xFF, 0xDD, 0xFF, 0x77, 0xFF,
    0x5D, 0x7F, 0x77, 0xFF, 0xDD, 0xFF, 0x77, 0xFF, 0xDD, 0xFF, 0x04, 0x0E, 0x04, 0x0E, 0x04, 0x0E, 0x04, 0x0A, 0x04, 0x0E, 0x0C, 0x0A, 0x14, 0x0E,
    0x1C, 0x1E, 0x14, 0x0E, 0x14, 0x0A, 0x04, 0x0C, 0x04, 0x08, 0x04, 0x0C, 0x0C, 0x0A, 0x11, 0x0A, 0x01, 0x60, 0x0B, 0x09, 0x0B, 0x01, 0x03, 0x17,
    0x0F, 0x15, 0x0F, 0x17, 0x0E, 0x0D, 0x0E, 0x26, 0x0E, 0x3C, 0x1E, 0x35, 0x3F, 0x1D, 0x3F, 0x17, 0x3F, 0x1D, 0x3A, 0x30, 0x3A, 0x14, 0x3A, 0x34,
    0x3E, 0x35, 0x3F, 0x37, 0x3F, 0x1D, 0x2F, 0x07, 0x0F, 0x1D, 0x1F, 0x17, 0x3F, 0x1D, 0x3F, 0x37, 0x3F, 0x1D, 0x3F, 0x37, 0x3E, 0x1C, 0x3E, 0x76,
    0x7E, 0x5D, 0x7F, 0x75, 0xFF, 0x5D, 0xFF, 0x75, 0xFB, 0x59, 0xFB, 0x73, 0xFB, 0x55, 0xFF, 0x77, 0xFF, 0xDD, 0xFF, 0x77, 0xEF, 0xCD, 0xCF, 0x57,
    0xDF, 0xDD, 0xBF, 0x77, 0xFF, 0xDD, 0xFF, 0x77, 0xFF, 0x5D, 0x7F, 0x77, 0xFE, 0x5C, 0xFE, 0x77, 0xFF, 0xDD, 0xFF, 0x8A, 0x00, 0x00, 0x02, 0x9A,
    0x00, 0x00, 0x04, 0x9A, 0x00, 0x36, 0x08, 0x10, 0x18, 0x10, 0x18, 0x10, 0x38, 0x30, 0x38, 0x10, 0x38, 0x10, 0x38, 0x14, 0x38, 0x34, 0x38, 0x5C,
    0x38, 0x50, 0x38, 0x50, 0x38, 0x10, 0x3A, 0x50, 0x3A, 0x77, 0x7F, 0x55, 0x7F, 0x77, 0x6F, 0x4D, 0x2F, 0x57, 0xFF, 0x5D, 0xFF, 0x77, 0xFF, 0xDD,
    0xFF, 0x77, 0xFF, 0xDD, 0xFF, 0x77, 0xFE, 0xDD, 0xFF, 0x77, 0xFF, 0xDD, 0xFF, 0x00, 0x82, 0x00, 0x00, 0x20, 0x85, 0x00, 0x00, 0x01, 0x87, 0x00,
    0x00, 0x08, 0x8B, 0x00, 0x03, 0x08, 0x00, 0x00, 0x80, 0x8B, 0x00, 0x03, 0xA0, 0x00, 0x80, 0x00, 0x80, 0x80, 0x0B, 0x00, 0xA0, 0x80, 0xA0, 0x00,
    0xA0, 0x80, 0x80, 0x00, 0x80, 0x00, 0x80, 0x82, 0x00, 0x2D, 0x80, 0x00, 0x80, 0x40, 0x80, 0xC0, 0x80, 0x00, 0x80, 0xC0, 0x80, 0x40, 0xC0, 0xC0,
    0xE0, 0x40, 0xE2, 0xC0, 0xE2, 0x40, 0xE2, 0xC1, 0xC3, 0x41, 0xC3, 0xC5, 0xCB, 0x57, 0xEF, 0xDD, 0xBF, 0x37, 0xBF, 0x1D, 0x3F, 0x77, 0x7F, 0x5D,
    0xFF, 0x77, 0xFF, 0xDD, 0xFF, 0x77, 0xFF, 0xDD, 0x89, 0x00, 0x00, 0x02, 0x81, 0x00, 0x07, 0x40, 0x00, 0x00, 0x02, 0x00, 0x00, 0x44, 0x02, 0x83,
    0x00, 0x66, 0x01, 0x03, 0x01, 0x0B, 0x05, 0x07, 0x07, 0x0E, 0x05, 0x06, 0x06, 0x0E, 0x04, 0x0E, 0x04, 0x0E, 0x0D, 0x0E, 0x15, 0x0E, 0x1D, 0x1A,
    0x11, 0x0A, 0x10, 0x1A, 0x11, 0x0A, 0x15, 0x0F, 0x17, 0x8F, 0x05, 0x0F, 0x05, 0x8F, 0x05, 0x8F, 0x07, 0x8F, 0x1D, 0x9F, 0x17, 0x9F, 0x1D, 0x3F,
    0x17, 0x3F, 0x1D, 0x3E, 0x17, 0x3E, 0x7C, 0xBE, 0x77, 0xFF, 0xFD, 0xFF, 0x75, 0xFD, 0xDD, 0xFB, 0x71, 0xFB, 0xD9, 0xFB, 0x77, 0xFF, 0xD5, 0xFF,
    0x77, 0xEF, 0xC5, 0xEF, 0x47, 0xEF, 0xDD, 0xFF, 0x57, 0xFF, 0xDD, 0xFF, 0x77, 0xBF, 0xDD, 0xBF, 0x77, 0xFF, 0x5D, 0xFF, 0x77, 0xFF, 0xDD, 0xFF,
    0x77, 0xFF, 0xDD, 0x02, 0x04, 0x0E, 0x04, 0x0E, 0x04, 0x80, 0x0C, 0x76, 0x14, 0x0C, 0x1C, 0x18, 0x10, 0x18, 0x11, 0x18, 0x10, 0x18, 0x10, 0x32,
    0x30, 0x2A, 0x14, 0x22, 0x04, 0x0E, 0x04, 0x0A, 0x04, 0x0E, 0x0C, 0x0E, 0x14, 0x1E, 0x1D, 0x1E, 0x17, 0x7E, 0x1C, 0x7E, 0x16, 0x7E, 0x1C, 0x3E,
    0x34, 0x3E, 0x1C, 0x3E, 0x34, 0x3C, 0x1C, 0x38, 0x10, 0x78, 0x19, 0x3B, 0x11, 0x3B, 0x15, 0x3F, 0x37, 0x3F, 0x15, 0x2F, 0x07, 0x2F, 0x0D, 0x2F,
    0x07, 0x2F, 0x5D, 0x3F, 0x17, 0x3F, 0x1D, 0x3F, 0x37, 0x3F, 0x1D, 0x3E, 0x3F, 0x7E, 0x5C, 0x7E, 0x77, 0xFE, 0x5D, 0xFE, 0x75, 0xFD, 0x5D, 0xFF,
    0x71, 0xFB, 0xDD, 0xFF, 0x77, 0xFF, 0xDD, 0xFF, 0x77, 0xFF, 0x7D, 0x3F, 0x77, 0xFF, 0x5D, 0xFF, 0x77, 0xFF, 0xDD, 0xFF, 0x77, 0xFF, 0xDD, 0xFF,
    0x77, 0xFF, 0xDD, 0xFF, 0x77, 0xFF, 0xDD, 0xFF, 0x77, 0xFF, 0xDD, 0x9B, 0x00, 0x00, 0x04, 0x80, 0x00, 0x00, 0x02, 0xA4, 0x00, 0x35, 0x08, 0x50,
    0x08, 0x10, 0x18, 0x10, 0x38, 0x10, 0x38, 0x10, 0x30, 0x30, 0x38, 0x50, 0x20, 0x60, 0x60, 0x40, 0x20, 0x40, 0x68, 0x4C, 0x28, 0x55, 0xFF, 0x5D,
    0xBF, 0x17, 0xBF, 0x1D, 0x3F, 0x37, 0x3E, 0x5C, 0x7E, 0x77, 0xFE, 0x5D, 0xFE, 0x75, 0xFE, 0xDD, 0xFD, 0x75, 0xF9, 0xDD, 0xFB, 0x77, 0xFF, 0xDD,
    0xFF, 0x77, 0xFF, 0xD5, 0x00, 0x86, 0x00, 0x00, 0x12, 0x87, 0x00, 0x00, 0x04, 0x8F, 0x00, 0x00, 0x80, 0x89, 0x00, 0x00, 0x20, 0x80, 0x00, 0x00,
    0x20, 0x80, 0x00, 0x00, 0x80, 0x80, 0x00, 0x10, 0x80, 0x00, 0x80, 0x00, 0x80, 0x00, 0x80, 0x00, 0x80, 0x00, 0x80, 0x00, 0x40, 0x00, 0x40, 0x00,
    0x40, 0x80, 0x00, 0x2B, 0x80, 0x00, 0x80, 0x00, 0x80, 0xC0, 0x80, 0x00, 0x80, 0xC0, 0x80, 0x40, 0xC2, 0xC0, 0xC2, 0x41, 0xC2, 0xC4, 0xC2, 0x45,
    0xC7, 0xC5, 0xCF, 0x47, 0xCF, 0xCD, 0xFF, 0x57, 0xBF, 0x9D, 0xBF, 0x37, 0xBF, 0x5D, 0xFF, 0x77, 0xFF, 0xDD, 0xFF, 0x77, 0xFE, 0xDD, 0xFF, 0x75,
    0x82, 0x00, 0x7F, 0x04, 0x00, 0x06, 0x2C, 0x04, 0x08, 0x00, 0x08, 0x80, 0x08, 0x00, 0x08, 0x40, 0x00, 0x01, 0x02, 0x00, 0x02, 0x00, 0x02, 0x04,
    0x00, 0x00, 0x08, 0x04, 0x0A, 0x04, 0x0E, 0x0D, 0x0E, 0x07, 0x0E, 0x04, 0x0E, 0x06, 0x0E, 0x04, 0x0E, 0x16, 0x0E, 0x1C, 0x1E, 0x14, 0x0E, 0x1C,
    0x1C, 0x10, 0x08, 0x18, 0x18, 0x11, 0x1B, 0x11, 0x3B, 0x17, 0x3F, 0x15, 0x27, 0x07, 0x07, 0x05, 0x0F, 0x07, 0x0F, 0x0D, 0x1F, 0x17, 0x9F, 0x1D,
    0x1F, 0x17, 0x3F, 0x5D, 0x3F, 0x37, 0x3F, 0x1D, 0x3F, 0x77, 0xFE, 0x5C, 0xFE, 0x74, 0xFE, 0xFC, 0xFD, 0x75, 0xFF, 0xDD, 0xFB, 0x77, 0xFF, 0xDD,
    0xFF, 0x77, 0xFF, 0xD5, 0xBF, 0x37, 0xEF, 0x5D, 0xFF, 0x77, 0xFF, 0xDD, 0xFF, 0x77, 0xFF, 0xDD, 0xFF, 0x77, 0xFF, 0xDD, 0xFF, 0x77, 0xFF, 0xDD,
    0xFF, 0x77, 0xFF, 0xDD, 0xFF, 0x77, 0x08, 0x00, 0x08, 0x10, 0x08, 0x7A, 0x14, 0x08, 0x14, 0x0C, 0x1C, 0x28, 0x10, 0x08, 0x00, 0x08, 0x10, 0x08,
    0x10, 0x38, 0x10, 0x38, 0x10, 0x22, 0x10, 0x22, 0x04, 0x02, 0x04, 0x0E, 0x04, 0x0E, 0x04, 0x0E, 0x1C, 0x1E, 0x14, 0x1E, 0x1C, 0x3E, 0x14, 0x3E,
    0x1C, 0x3E, 0x34, 0x3E, 0x1C, 0x3E, 0x34, 0x7E, 0x7C, 0x3C, 0x74, 0x68, 0x5C, 0x28, 0x50, 0x7A, 0x5D, 0x3B, 0x37, 0x3F, 0x35, 0x3F, 0x37, 0x2E,
    0x15, 0x2E, 0x37, 0x3E, 0x5D, 0x7E, 0x77, 0x7E, 0x5D, 0x7E, 0x75, 0x7E, 0x5D, 0x3E, 0x75, 0xFF, 0x5D, 0xFF, 0x77, 0xFF, 0x5D, 0xFE, 0x77, 0xFE,
    0x75, 0xFF, 0x65, 0xEF, 0xDD, 0xFF, 0x77, 0xFF, 0xDD, 0xFF, 0x57, 0xBF, 0x9D, 0xBF, 0x37, 0xBF, 0x5D, 0xFF, 0x77, 0xFF, 0x5D, 0xFF, 0x77, 0xFE,
    0xDD, 0xFE, 0x75, 0xFF, 0xDD, 0xFF, 0x77, 0xFF, 0xDD, 0xFF, 0x77, 0xFF, 0xD5, 0xF7, 0x77, 0x97, 0x00, 0x00, 0x05, 0xA9, 0x00, 0x00, 0x40, 0x85,
    0x00, 0x2F, 0x20, 0x10, 0x30, 0x10, 0x30, 0x10, 0x20, 0x10, 0x20, 0x00, 0x20, 0x00, 0x20, 0x40, 0x68, 0x40, 0xEC, 0x5D, 0x39, 0x15, 0x9D, 0x1D,
    0x3B, 0x15, 0xBF, 0x1D, 0xBF, 0x77, 0xFF, 0x5D, 0xFE, 0x76, 0xFE, 0xDC, 0xFE, 0x74, 0xFC, 0xDD, 0xFF, 0x75, 0xFF, 0xDD, 0xFF, 0x77, 0xFF, 0xDD,
    0xFF, 0x77, 0x00, 0x89, 0x00, 0x01, 0x80, 0x02, 0x90, 0x00, 0x00, 0x80, 0x87, 0x00, 0x00, 0x20, 0x83, 0x00, 0x00, 0x10, 0x8F, 0x00, 0x04, 0x20,
    0x00, 0x20, 0x00, 0x20, 0x84, 0x00, 0x00, 0x80, 0x80, 0x00, 0x03, 0x80, 0x00, 0x80, 0x00, 0x80, 0x80, 0x36, 0x01, 0x8A, 0x81, 0x83, 0x01, 0x83,
    0x81, 0x83, 0x07, 0x8F, 0x05, 0xAF, 0x57, 0xEF, 0x5D, 0xFF, 0x57, 0xFE, 0x5D, 0xFF, 0x55, 0xFF, 0xDD, 0xFF, 0x77, 0xFF, 0xFD, 0xFF, 0x77, 0xFF,
    0xD5, 0xFF, 0x77, 0xFF, 0xDD, 0x08, 0x00, 0x08, 0x04, 0x08, 0x00, 0x08, 0x04, 0x48, 0x00, 0x08, 0x00, 0x08, 0x00, 0x08, 0x00, 0x08, 0x10, 0x08,
    0x10, 0x81, 0x00, 0x7F, 0x02, 0x00, 0x06, 0x04, 0x0E, 0x04, 0x0E, 0x0C, 0x0E, 0x04, 0x2E, 0x1C, 0x1E, 0x14, 0x1E, 0x1C, 0x3E, 0x54, 0x3E, 0x1C,
    0x3E, 0x34, 0x3E, 0x14, 0x3A, 0x14, 0x2C, 0x04, 0x2E, 0x14, 0x2F, 0x1D, 0x3F, 0x15, 0x1B, 0x15, 0x1B, 0x17, 0x1F, 0x15, 0x3F, 0x17, 0x3F, 0x1D,
    0x3F, 0x37, 0xBE, 0x5C, 0x3E, 0x14, 0x3E, 0x5C, 0x3E, 0x75, 0xFF, 0x5D, 0xFF, 0x77, 0xFF, 0xDD, 0xFB, 0x73, 0xFE, 0x55, 0xF7, 0x77, 0xEF, 0xDD,
    0xFF, 0x77, 0xFF, 0xFD, 0xFF, 0x57, 0x9F, 0x9D, 0xBF, 0x17, 0xBF, 0xDD, 0xBF, 0x77, 0xFF, 0x5D, 0xFF, 0x77, 0xFE, 0x5C, 0xFE, 0x74, 0xFE, 0xDD,
    0xFF, 0x77, 0xFF, 0xDD, 0xFB, 0x77, 0xFB, 0xD5, 0xF3, 0x77, 0xFF, 0xD5, 0x08, 0x10, 0x18, 0x10, 0x38, 0x10, 0x39, 0x10, 0x30, 0x18, 0x20, 0x00,
    0x20, 0x00, 0x28, 0x00, 0x28, 0x00, 0x08, 0x00, 0x08, 0x00, 0x08, 0x00, 0x67, 0x00, 0x10, 0x28, 0x14, 0x38, 0x14, 0x3C, 0x1C, 0x3C, 0x14, 0x3C,
    0x1C, 0x38, 0x10, 0x78, 0x5C, 0x38, 0x70, 0x78, 0x78, 0x38, 0x70, 0x78, 0x50, 0x30, 0x70, 0x60, 0x44, 0x62, 0x64, 0xEE, 0x4C, 0xEE, 0x5C, 0xCE,
    0x5C, 0x1E, 0x14, 0x9E, 0x1C, 0x3E, 0x36, 0xBE, 0x5C, 0x3E, 0x76, 0x7E, 0x5C, 0x7E, 0x74, 0xFC, 0x5C, 0xFC, 0x74, 0xFC, 0xDC, 0xFF, 0x75, 0xFB,
    0xD9, 0xFB, 0x71, 0xFB, 0xD5, 0xF3, 0x77, 0xFF, 0xDD, 0xFF, 0x77, 0xFF, 0xDD, 0xFF, 0x57, 0xFF, 0xDD, 0xBF, 0x57, 0xFF, 0xDF, 0xFF, 0x77, 0xFF,
    0xDD, 0xFF, 0x77, 0xFE, 0xDC, 0xFE, 0x74, 0xFE, 0xDD, 0xFF, 0x77, 0xFF, 0xDD, 0xFF, 0x77, 0xFF, 0xDD, 0xFB, 0x77, 0xFF, 0xDD, 0x90, 0x00, 0x02,
    0x08, 0x00, 0x01, 0xA9, 0x00, 0x00, 0x80, 0x8F, 0x00, 0x01, 0x01, 0x00, 0x80, 0x01, 0x25, 0x21, 0x01, 0x21, 0x11, 0x21, 0x41, 0x20, 0x41, 0x68,
    0x50, 0x78, 0x51, 0xF9, 0xDD, 0xFB, 0x71, 0xFB, 0xD9, 0xFB, 0x71, 0xFB, 0xD1, 0xF3, 0x73, 0xFF, 0xD5, 0xFF, 0x77, 0xFF, 0xDD, 0xFF, 0x77, 0xEF,
    0xDD, 0xDF, 0x57, 0xFF, 0xDD, 0x00, 0x85, 0x00, 0x00, 0x40, 0x9B, 0x00, 0x00, 0x10, 0x85, 0x00, 0x03, 0x10, 0x00, 0x00, 0x80, 0x93, 0x00, 0x04,
    0x40, 0x00, 0x40, 0x00, 0x40, 0x86, 0x00, 0x3C, 0x82, 0x04, 0x82, 0x04, 0x8E, 0x04, 0x8A, 0x04, 0x8E, 0x05, 0x8B, 0x17, 0x9F, 0x1D, 0xBF, 0x17,
    0xBF, 0x1D, 0x3F, 0x37, 0x3E, 0x5C, 0x7E, 0x76, 0xFE, 0xDD, 0xFF, 0x75, 0xFF, 0xDD, 0xFF, 0x71, 0xFB, 0xD9, 0xFB, 0x73, 0xFF, 0xD5, 0xFF, 0x77,
    0x08, 0x10, 0x18, 0x10, 0x98, 0x10, 0x30, 0x10, 0x20, 0x00, 0x20, 0x00, 0x28, 0x00, 0x28, 0x00, 0x08, 0x00, 0x08, 0x00, 0x08, 0x80, 0x00, 0x7F,
    0x08, 0x14, 0x3A, 0x14, 0x3E, 0x1D, 0x3E, 0x14, 0x2C, 0x1C, 0x2C, 0x94, 0x3C, 0x1C, 0x3C, 0x14, 0x3C, 0x1C, 0x38, 0x30, 0x38, 0x10, 0x30, 0x30,
    0x32, 0x54, 0x32, 0x74, 0x6E, 0x44, 0x6E, 0x44, 0x6E, 0x4C, 0x0E, 0x14, 0x0E, 0x1C, 0x3E, 0x16, 0x3E, 0x1C, 0x3E, 0x36, 0x3E, 0x5C, 0x3E, 0x76,
    0x7E, 0x5C, 0x7E, 0x74, 0xFE, 0xDC, 0xFE, 0x75, 0xFE, 0xDD, 0xFB, 0x71, 0xFB, 0xF1, 0xF3, 0x77, 0xFF, 0xF5, 0xFF, 0x77, 0xFF, 0xDD, 0xEF, 0x47,
    0xEF, 0xDD, 0xFF, 0x57, 0xFF, 0xDF, 0xFF, 0x77, 0xFF, 0xDD, 0xFF, 0x77, 0xFE, 0x5C, 0xFE, 0x76, 0xFE, 0xDD, 0xFF, 0x77, 0xFF, 0xDD, 0xFF, 0x75,
    0xFF, 0xDD, 0xFB, 0x73, 0xFF, 0xDD, 0xFF, 0x77, 0x00, 0x00, 0x20, 0x10, 0x24, 0x10, 0x20, 0x10, 0x20, 0x00, 0x20, 0x00, 0x20, 0x00, 0x20, 0x00,
    0x60, 0x00, 0x80, 0x00, 0x08, 0x00, 0x08, 0x00, 0x67, 0x08, 0x10, 0x38, 0x10, 0x38, 0x10, 0x38, 0x30, 0x38, 0x10, 0x38, 0x70, 0x78, 0x50, 0x78,
    0x70, 0xF8, 0x58, 0xF8, 0x70, 0xF8, 0x50, 0xB0, 0x50, 0xB0, 0x50, 0xB8, 0x70, 0xE8, 0x54, 0xEC, 0x64, 0xEC, 0x4C, 0x2C, 0x44, 0x8C, 0x5C, 0xBC,
    0x54, 0xFE, 0x5C, 0xBE, 0x74, 0xFE, 0x5C, 0x7A, 0x74, 0xFC, 0x54, 0xFC, 0x74, 0xFD, 0xDC, 0xFE, 0x74, 0xFC, 0xDC, 0xF8, 0x51, 0xFB, 0xD1, 0xFB,
    0x57, 0xFF, 0xDD, 0xFF, 0x77, 0xFF, 0x5D, 0xFF, 0x77, 0xFE, 0x5D, 0xFE, 0x77, 0xFF, 0xDD, 0xFF, 0x77, 0xFF, 0xDD, 0xFF, 0x77, 0xFF, 0xDD, 0xFB,
    0x77, 0xFF, 0xDD, 0xFF, 0x77, 0xFF, 0xDD, 0xFF, 0xF7, 0xEF, 0xCD, 0xEF, 0x57, 0xFF, 0xDD, 0xFF, 0x77, 0x8C, 0x00, 0x01, 0x08, 0x08, 0xAA, 0x00,
    0x00, 0x82, 0x8D, 0x00, 0x03, 0x01, 0x00, 0x01, 0x00, 0x86, 0x01, 0x23, 0x23, 0x01, 0x23, 0x01, 0x22, 0x00, 0x22, 0x70, 0xE2, 0x50, 0xFA, 0x71,
    0xFB, 0xD1, 0xF9, 0x71, 0xF9, 0xD1, 0xFB, 0x71, 0xFB, 0xD1, 0xFB, 0x77, 0xFF, 0xD5, 0xFF, 0x67, 0xEF, 0xCD, 0xEF, 0x57, 0xFF, 0xDD, 0xFF, 0x77,
    0x00, 0x9C, 0x00, 0x00, 0x08, 0x89, 0x00, 0x02, 0x08, 0x00, 0x40, 0x91, 0x00, 0x7F, 0x20, 0x00, 0x20, 0x00, 0x20, 0x00, 0x00, 0x08, 0x04, 0x08,
    0x00, 0x08, 0x00, 0x08, 0x00, 0x08, 0x00, 0x00, 0x10, 0x0A, 0x14, 0x22, 0x14, 0x0E, 0x04, 0x06, 0x06, 0x0E, 0x0C, 0x0E, 0x16, 0xBE, 0x1D, 0xBE,
    0x17, 0xBE, 0x1D, 0xBE, 0x37, 0xBE, 0x5C, 0xBE, 0xF6, 0xFE, 0xDC, 0xFE, 0x77, 0xFE, 0xDD, 0xFF, 0x75, 0xFF, 0xDD, 0xFF, 0x77, 0xFF, 0xDD, 0xFF,
    0x77, 0xFF, 0xDD, 0x38, 0x10, 0x38, 0x10, 0x38, 0x10, 0x30, 0x10, 0x30, 0x10, 0x20, 0x10, 0x20, 0x00, 0x20, 0x40, 0x20, 0x00, 0x08, 0x00, 0x08,
    0x00, 0x08, 0x1E, 0x38, 0x10, 0x38, 0x18, 0x38, 0x10, 0x38, 0x10, 0x38, 0x30, 0x7C, 0x5C, 0x78, 0x74, 0xFC, 0x5C, 0xF8, 0x70, 0xF8, 0x50, 0xF8,
    0x50, 0xF8, 0x50, 0xF8, 0x70, 0xF8, 0x54, 0xBE, 0x74, 0xAE, 0x44, 0x2E, 0x44, 0xEE, 0x5C, 0xFE, 0x54, 0xFE, 0x5C, 0xFE, 0x74, 0xFE, 0x3D, 0x5C,
    0xBA, 0x74, 0xFE, 0x5C, 0xFE, 0x74, 0xFE, 0xDC, 0xFE, 0x74, 0xFE, 0xDC, 0xE8, 0x74, 0xEE, 0xDC, 0xFE, 0x57, 0xFF, 0xDD, 0xFF, 0x77, 0xBF, 0xDD,
    0xBF, 0x37, 0x3E, 0x5D, 0x7E, 0x77, 0xFE, 0xDD, 0xFF, 0x77, 0xFF, 0xDD, 0xFF, 0x75, 0xFF, 0xDD, 0xFB, 0x77, 0xFF, 0xDD, 0xFF, 0x77, 0xFF, 0xD5,
    0xFF, 0x77, 0xEF, 0xCD, 0xFF, 0x57, 0xFF, 0xDD, 0xFF, 0x77, 0xFF, 0xDD, 0x20, 0x84, 0x00, 0x00, 0x10, 0x80, 0x00, 0x04, 0x20, 0x00, 0xA0, 0x00,
    0x20, 0x80, 0x00, 0x6B, 0x10, 0x00, 0x00, 0x40, 0x20, 0x10, 0xA1, 0x50, 0x30, 0x10, 0x30, 0x10, 0x30, 0x70, 0xF0, 0x50, 0xF0, 0x70, 0xE0, 0x40,
    0xE4, 0x40, 0xE0, 0x40, 0xE0, 0x40, 0xC8, 0xC0, 0xA8, 0x50, 0xB8, 0x90, 0xB8, 0x10, 0xB8, 0x10, 0x38, 0x31, 0x78, 0x70, 0x78, 0x70, 0xF8, 0xD8,
    0xF8, 0x70, 0xF8, 0xD8, 0xF8, 0x70, 0xF8, 0xD0, 0xF8, 0x71, 0xF8, 0xD1, 0xFA, 0xF1, 0xE8, 0xC4, 0xE2, 0x45, 0xEE, 0xCD, 0xEF, 0x55, 0xFF, 0xDD,
    0xFF, 0x57, 0xBF, 0x9D, 0xBF, 0x37, 0xBF, 0x5D, 0xFE, 0x77, 0xFE, 0xDD, 0xFE, 0x77, 0xFE, 0xDC, 0xFC, 0x75, 0xFB, 0xFD, 0xFB, 0x71, 0xFB, 0xDD,
    0xFF, 0x77, 0xFF, 0xD5, 0xFF, 0x77, 0xEF, 0xC5, 0xEF, 0x77, 0xFF, 0xDD, 0xFF, 0x77, 0xFF, 0xDD, 0x85, 0x00, 0x00, 0x20, 0xA6, 0x00, 0x00, 0x01,
    0x82, 0x00, 0x01, 0x02, 0x80, 0x8A, 0x00, 0x84, 0x01, 0x31, 0x03, 0x01, 0x03, 0x01, 0x03, 0x01, 0x03, 0x01, 0x03, 0x01, 0x03, 0x01, 0x03, 0x01,
    0x07, 0x01, 0x03, 0x01, 0x23, 0x03, 0xA3, 0x41, 0xE3, 0x63, 0xE2, 0x45, 0xE2, 0x41, 0xE3, 0xC5, 0xE3, 0x41, 0xEF, 0xD5, 0xFF, 0x57, 0xFF, 0xDD,
    0xBF, 0x17, 0xBF, 0x15, 0xBF, 0x77, 0xFF, 0x5D, 0xFF, 0x77, 0xFF, 0xDD, 0x00, 0x8E, 0x00, 0x00, 0x80, 0x82, 0x00, 0x00, 0x02, 0x8E, 0x00, 0x00,
    0x20, 0x8E, 0x00, 0x7F, 0x08, 0x00, 0x08, 0x00, 0x08, 0x00, 0x08, 0x00, 0x08, 0x10, 0x18, 0x10, 0x58, 0x10, 0x70, 0x10, 0x60, 0x00, 0x20, 0x00,
    0x08, 0x00, 0x08, 0x00, 0x08, 0x1C, 0x18, 0x14, 0x1A, 0x14, 0x1A, 0x14, 0xBE, 0x14, 0x3E, 0x36, 0x3E, 0x5C, 0x3E, 0x76, 0x7E, 0x5C, 0x7E, 0x74,
    0xFC, 0x5C, 0xFC, 0x74, 0xFE, 0xDD, 0xFF, 0x77, 0xFF, 0xD5, 0xFF, 0x77, 0xF7, 0xD5, 0xEF, 0x67, 0xEF, 0xDD, 0xFF, 0x7F, 0xFF, 0xDD, 0xFF, 0x57,
    0xBF, 0x40, 0x60, 0x40, 0x60, 0x40, 0x60, 0x40, 0xE8, 0x50, 0xA0, 0x10, 0xA0, 0x10, 0x20, 0x00, 0x20, 0x00, 0x20, 0x02, 0x28, 0x50, 0x78, 0x50,
    0xF8, 0x58, 0x38, 0x50, 0xB8, 0x58, 0xB8, 0x70, 0xF8, 0x50, 0xF8, 0x70, 0xF8, 0x50, 0xF0, 0x70, 0xE0, 0x40, 0xE0, 0x60, 0xE8, 0xC0, 0xE8, 0x50,
    0xF8, 0xD8, 0xB8, 0x10, 0xB8, 0x10, 0xB8, 0x14, 0xBC, 0x5C, 0x7C, 0x74, 0x44, 0xFC, 0x5C, 0xFC, 0x74, 0xFC, 0x5C, 0xF8, 0x70, 0xF8, 0xD8, 0xF8,
    0x70, 0xF8, 0xD8, 0xFA, 0x70, 0xFA, 0xD4, 0xF2, 0x74, 0xEE, 0xC4, 0xEE, 0x74, 0xEE, 0xDC, 0xFE, 0x76, 0xFE, 0xFC, 0xBE, 0x36, 0xBE, 0x9C, 0xBE,
    0x76, 0xFE, 0xDC, 0xFE, 0x76, 0xFE, 0xDC, 0xFF, 0x75, 0xFE, 0xDC, 0xFC, 0x75, 0xFF, 0xDD, 0xFF, 0x77, 0xFF, 0xDD, 0xFB, 0x77, 0xFF, 0xD5, 0xFF,
    0x77, 0xFF, 0xDD, 0xFF, 0x77, 0xFF, 0xDD, 0xFF, 0x77, 0xFF, 0x86, 0x00, 0x04, 0x40, 0x04, 0x80, 0x00, 0x01, 0x80, 0x00, 0x6E, 0x01, 0x00, 0x20,
    0x00, 0x20, 0x00, 0x60, 0x40, 0x20, 0x40, 0xE0, 0x40, 0xE0, 0x40, 0xE2, 0xC0, 0xE0, 0x40, 0xE0, 0xC0, 0xA0, 0x40, 0xE0, 0x40, 0xA0, 0x40, 0xE0,
    0x40, 0xE0, 0x40, 0xE0, 0xC0, 0x80, 0x20, 0x81, 0x30, 0xB0, 0x30, 0xB0, 0x50, 0xB0, 0x70, 0xF8, 0x70, 0xF0, 0x70, 0xF8, 0x70, 0xE0, 0x78, 0xF8,
    0xD0, 0xF9, 0x71, 0xF9, 0xD1, 0xF9, 0x71, 0xFB, 0xD1, 0xA3, 0x11, 0xA3, 0xD1, 0xEB, 0x77, 0xFF, 0xDD, 0xFF, 0x77, 0xFF, 0xDD, 0xFF, 0x55, 0xFF,
    0xDD, 0xFB, 0x75, 0xFF, 0xDD, 0xFF, 0x77, 0xFF, 0xDD, 0xFA, 0x74, 0xFE, 0xD5, 0xFF, 0x75, 0xFF, 0xDD, 0xFF, 0x77, 0xFF, 0xDD, 0xFF, 0x57, 0xBF,
    0x9D, 0xBF, 0x37, 0xFF, 0xDD, 0xFF, 0x77, 0xFF, 0xDD, 0xFF, 0x77, 0xFF, 0xA3, 0x00, 0x03, 0x01, 0x00, 0x00, 0x01, 0x85, 0x00, 0x01, 0x02, 0x40,
    0x81, 0x00, 0x04, 0x01, 0x00, 0x01, 0x00, 0x01, 0x84, 0x00, 0x80, 0x01, 0x05, 0x03, 0x01, 0x03, 0x01, 0x03, 0x01, 0x80, 0x03, 0x00, 0x01, 0x80,
    0x03, 0x07, 0x01, 0x03, 0x03, 0x02, 0x04, 0x02, 0x00, 0x00, 0x80, 0x01, 0x20, 0x83, 0x01, 0x83, 0x03, 0x83, 0x01, 0x83, 0x03, 0x83, 0x45, 0xA7,
    0x47, 0xEF, 0xC5, 0xEF, 0x47, 0xEF, 0xCD, 0xCF, 0x57, 0x9F, 0x9D, 0xBF, 0x17, 0xBF, 0xDD, 0xFF, 0x77, 0xFF, 0xDD, 0xFF, 0x77, 0xFE, 0x00, 0x8F,
    0x00, 0x00, 0x01, 0x8F, 0x00, 0x01, 0x02, 0x20, 0x93, 0x00, 0x7F, 0x08, 0x00, 0x08, 0x80, 0x28, 0x10, 0x38, 0x10, 0x38, 0x10, 0x38, 0x10, 0x20,
    0x10, 0x20, 0x00, 0x20, 0x00, 0x20, 0x04, 0x2C, 0x04, 0x2C, 0x04, 0x4C, 0x0C, 0x08, 0x14, 0x1C, 0x1C, 0x3E, 0x34, 0x3E, 0x1C, 0x3E, 0x76, 0x7E,
    0x5C, 0x7E, 0x74, 0xFC, 0x5C, 0xFC, 0x74, 0xFC, 0xDC, 0xFE, 0x75, 0xFB, 0xD9, 0xFB, 0x73, 0xFB, 0xD5, 0xFF, 0x77, 0xFF, 0xDD, 0xFF, 0x77, 0xFF,
    0xDD, 0xFF, 0x57, 0xFF, 0xDD, 0xFF, 0x40, 0xE0, 0x40, 0xE0, 0x40, 0xE0, 0x40, 0xE0, 0x40, 0x80, 0x00, 0x80, 0x00, 0x81, 0x14, 0x30, 0x10, 0x38,
    0x10, 0x38, 0x70, 0x78, 0x50, 0x78, 0xF0, 0xF8, 0x50, 0xF8, 0x70, 0xF8, 0xD0, 0xF8, 0x70, 0xF8, 0xD0, 0xF0, 0x70, 0xE0, 0xD0, 0xE0, 0x60, 0xE0,
    0xC0, 0xE8, 0x60, 0xE8, 0xC8, 0xE8, 0x50, 0x88, 0x18, 0x98, 0x10, 0xB8, 0x58, 0xB8, 0x70, 0xF8, 0x5C, 0xF8, 0x74, 0x42, 0xF8, 0x5C, 0xF8, 0x70,
    0xF8, 0xDC, 0xF8, 0x70, 0xF8, 0xD8, 0xF8, 0x70, 0xF8, 0xD0, 0xF0, 0x70, 0xF8, 0xD4, 0xFE, 0x74, 0xFE, 0xDC, 0xFE, 0x74, 0xFE, 0x5C, 0xFE, 0x54,
    0xFE, 0xDC, 0xFE, 0x74, 0xFF, 0xDC, 0xFF, 0x76, 0xFF, 0xDC, 0xFE, 0x74, 0xFE, 0xD4, 0xFE, 0x74, 0xFE, 0xDD, 0xFF, 0x77, 0xFF, 0xDD, 0xFF, 0x57,
    0xFF, 0xDD, 0xBF, 0x77, 0xFF, 0xDF, 0xFF, 0xF7, 0xFF, 0x5D, 0xFF, 0x77, 0xFF, 0x5D, 0xFF, 0x84, 0x00, 0x03, 0x20, 0x01, 0x00, 0x01, 0x87, 0x00,
    0x6A, 0x20, 0x00, 0x20, 0x00, 0x20, 0x40, 0xE0, 0x40, 0xE0, 0xC0, 0xE0, 0x40, 0xC0, 0xC0, 0x80, 0x00, 0x80, 0x00, 0x80, 0x01, 0xA0, 0x41, 0xA0,
    0x41, 0xE0, 0x40, 0x20, 0x40, 0x80, 0x40, 0xA0, 0x40, 0xE0, 0xF1, 0xF0, 0x71, 0xF0, 0xF1, 0xF0, 0x70, 0xF8, 0x50, 0xE0, 0x60, 0xE0, 0xC0, 0xE0,
    0x69, 0xE1, 0xC1, 0xE1, 0x41, 0xC9, 0xC1, 0x83, 0x11, 0x8B, 0x91, 0xBB, 0x33, 0xFB, 0x55, 0xFB, 0x77, 0xFF, 0x5D, 0x7E, 0x74, 0xFE, 0xDC, 0xFF,
    0x75, 0xFF, 0xDD, 0xFB, 0x71, 0xFB, 0xD9, 0xFB, 0x71, 0xF3, 0xD1, 0xF3, 0x77, 0xFF, 0xD7, 0xFF, 0x77, 0xEF, 0xCF, 0xEF, 0x57, 0xDF, 0xDD, 0xFF,
    0x57, 0xFF, 0xDD, 0xFF, 0x77, 0xFF, 0xDD, 0xFF, 0x77, 0xFE, 0x5C, 0xFE, 0x9F, 0x00, 0x05, 0x01, 0x00, 0x01, 0x00, 0x01, 0x00, 0x82, 0x01, 0x03,
    0x00, 0x02, 0x00, 0x40, 0x84, 0x00, 0x86, 0x01, 0x0D, 0x03, 0x01, 0x03, 0x01, 0x03, 0x01, 0x03, 0x01, 0x03, 0x01, 0x03, 0x01, 0x03, 0x01, 0x80,
    0x03, 0x00, 0x01, 0x80, 0x03, 0x29, 0x04, 0x02, 0x00, 0x02, 0x04, 0x02, 0x05, 0x07, 0x05, 0x03, 0x01, 0x03, 0x01, 0x83, 0x01, 0x83, 0x01, 0x83,
    0x07, 0x87, 0x05, 0x8F, 0x47, 0xEF, 0x4D, 0xAF, 0x47, 0xCF, 0x4D, 0xFF, 0x57, 0xFF, 0xDD, 0xFF, 0x77, 0xFF, 0xDD, 0xFF, 0x77, 0xFF, 0xDD, 0xFF,
    0x00, 0x8A, 0x00, 0x00, 0x01, 0x91, 0x00, 0x01, 0x02, 0x10, 0x93, 0x00, 0x7F, 0x40, 0x00, 0x40, 0x00, 0x60, 0x00, 0x28, 0x00, 0x28, 0x10, 0x28,
    0x10, 0x28, 0x10, 0x00, 0x00, 0x20, 0x10, 0x20, 0x10, 0x20, 0x50, 0x2C, 0x04, 0x2C, 0x04, 0x2C, 0x0C, 0x0C, 0x14, 0x3C, 0x5C, 0x3C, 0x74, 0xFC,
    0x5C, 0xBE, 0x74, 0xFE, 0x5C, 0x7A, 0x74, 0xFE, 0x54, 0xFE, 0x74, 0xFE, 0xDC, 0xFE, 0x74, 0xFF, 0xDD, 0xFB, 0x55, 0xFF, 0xDD, 0xFF, 0x77, 0xFF,
    0xDD, 0xFF, 0x77, 0xFF, 0x5D, 0x7F, 0x77, 0xFF, 0x5D, 0xFF, 0x77, 0xA0, 0x40, 0xA0, 0x40, 0xE0, 0x40, 0xE0, 0x40, 0x80, 0x40, 0x09, 0x00, 0x80,
    0x10, 0xB0, 0x10, 0xB8, 0x50, 0xB0, 0x30, 0x30, 0x50, 0x30, 0x70, 0xF0, 0x50, 0xF0, 0x70, 0xF8, 0xD0, 0xF8, 0x70, 0xF8, 0xD0, 0xE0, 0x50, 0xE0,
    0xD0, 0xB0, 0x70, 0xF8, 0xD0, 0xF8, 0x70, 0xE8, 0x40, 0x68, 0x40, 0xE8, 0x58, 0xF8, 0x50, 0xF8, 0xD8, 0xF8, 0x70, 0xF8, 0xD9, 0x45, 0xF8, 0x70,
    0xF8, 0xD0, 0xF8, 0x70, 0xF8, 0xD0, 0xF8, 0x70, 0xF8, 0xDC, 0xE8, 0x50, 0xE8, 0xF0, 0xD8, 0x70, 0xFC, 0xFC, 0xBC, 0x74, 0xFE, 0xDC, 0xBE, 0x74,
    0x7E, 0x5C, 0x7F, 0x74, 0xFF, 0xDC, 0xFF, 0x76, 0xFE, 0xDC, 0xFE, 0x74, 0xF8, 0xD8, 0xFA, 0x70, 0xFA, 0xD5, 0xFE, 0x77, 0xFF, 0xDD, 0xFF, 0x77,
    0xEF, 0xCD, 0xEF, 0x47, 0xCF, 0xDD, 0xFF, 0xD7, 0xFF, 0xDD, 0xFF, 0x77, 0xFF, 0x5D, 0xFF, 0x77, 0xFE, 0x5C, 0xFE, 0x77, 0x80, 0x00, 0x01, 0x02,
    0x20, 0x88, 0x00, 0x00, 0x80, 0x80, 0x00, 0x00, 0x80, 0x80, 0x00, 0x67, 0x80, 0x40, 0x80, 0x40, 0xC0, 0x40, 0xC0, 0x40, 0xC0, 0x40, 0x80, 0x01,
    0x80, 0x41, 0x81, 0x41, 0x81, 0x41, 0xA1, 0x01, 0xA0, 0x00, 0x20, 0x00, 0x60, 0x40, 0x60, 0x40, 0xE0, 0xC0, 0xE4, 0x61, 0xE0, 0xC1, 0xE1, 0x51,
    0xE0, 0xC1, 0xE1, 0x61, 0xE1, 0xC9, 0xE3, 0x61, 0xE3, 0xC1, 0xE3, 0x41, 0xC3, 0xC1, 0xC3, 0x41, 0xCB, 0xD1, 0xBB, 0x53, 0xFB, 0xD1, 0xBB, 0x33,
    0xBB, 0x55, 0x7A, 0x74, 0xFE, 0xDC, 0xFE, 0x75, 0xFF, 0xDD, 0xFB, 0x71, 0xF9, 0xD9, 0xFB, 0x71, 0xFB, 0xD1, 0xFB, 0x77, 0xFF, 0xD5, 0xFF, 0x77,
    0xEF, 0xCD, 0xEF, 0x57, 0xEF, 0xDD, 0xFF, 0x77, 0xFF, 0xDD, 0xFF, 0x77, 0xFF, 0xDD, 0xFF, 0x77, 0xFF, 0xDD, 0xFF, 0x77, 0xA4, 0x00, 0x05, 0x01,
    0x01, 0x05, 0x01, 0x01, 0x20, 0x89, 0x00, 0x84, 0x01, 0x01, 0x03, 0x01, 0x80, 0x03, 0x00, 0x01, 0x80, 0x03, 0x04, 0x01, 0x03, 0x01, 0x03, 0x01,
    0x80, 0x03, 0x2E, 0x05, 0x03, 0x01, 0x03, 0x01, 0x02, 0x01, 0x02, 0x05, 0x03, 0x07, 0x07, 0x05, 0x07, 0x05, 0x07, 0x05, 0x03, 0x01, 0x0B, 0x05,
    0x8F, 0x07, 0x8F, 0x05, 0x8F, 0x07, 0x8F, 0x05, 0x2F, 0x07, 0x2F, 0x5D, 0xFF, 0x77, 0xFF, 0xDD, 0xFF, 0x77, 0xFF, 0xDD, 0xFF, 0x71, 0xFB, 0xDD,
    0xFB, 0x77, 0x00, 0x9A, 0x00, 0x02, 0x01, 0x00, 0x10, 0x99, 0x00, 0x04, 0x10, 0x20, 0x10, 0x20, 0x00, 0x81, 0x20, 0x7F, 0x00, 0x20, 0x40, 0x00,
    0x08, 0x00, 0x08, 0x10, 0x18, 0x10, 0x38, 0x10, 0x38, 0x14, 0x38, 0x74, 0x7C, 0x5C, 0x7C, 0x74, 0x7C, 0x5C, 0xFC, 0xF4, 0xFC, 0x58, 0xF8, 0x70,
    0xF8, 0xD8, 0xFA, 0x70, 0xFE, 0xD4, 0xFE, 0x76, 0xEE, 0xC4, 0xEE, 0x66, 0xEE, 0xCD, 0xFF, 0x57, 0xFF, 0xDD, 0xFF, 0x77, 0xFF, 0xDD, 0xBF, 0x37,
    0xBF, 0x5D, 0xFF, 0x77, 0xFF, 0xDD, 0xFF, 0x00, 0xA0, 0x00, 0xA0, 0x12, 0x20, 0x00, 0x60, 0x00, 0x20, 0x40, 0x60, 0x50, 0xF8, 0x50, 0xF0, 0x50,
    0xF8, 0x50, 0xB0, 0x70, 0xF0, 0x50, 0xF0, 0x70, 0xF0, 0xD0, 0xF0, 0x70, 0xE0, 0xC0, 0xE0, 0x40, 0xE0, 0xC0, 0xC8, 0x50, 0xF8, 0xD0, 0xB8, 0x10,
    0xB8, 0x10, 0xB8, 0x30, 0x38, 0x50, 0x3C, 0x70, 0xF8, 0x58, 0xF8, 0x70, 0xF8, 0xD8, 0xF8, 0x70, 0xF8, 0xD0, 0xF8, 0xF0, 0xF8, 0xD0, 0xF8, 0x70,
    0xF8, 0xD0, 0xE0, 0x60, 0x3A, 0xE8, 0xC4, 0xE8, 0x44, 0xEC, 0xDC, 0xFC, 0x54, 0xFC, 0xDC, 0xBC, 0x34, 0xBC, 0x3C, 0xBC, 0x74, 0xFE, 0x5C, 0xFE,
    0x74, 0xFE, 0xDC, 0xFC, 0x74, 0xFD, 0xDC, 0xF9, 0x70, 0xF9, 0xDD, 0xFB, 0x77, 0xFF, 0xDD, 0xFF, 0x77, 0xFF, 0xD5, 0xFF, 0x77, 0xFF, 0xDD, 0xFF,
    0x77, 0xFF, 0xDD, 0xFF, 0x77, 0xFF, 0xDD, 0xFF, 0x77, 0xFF, 0xDD, 0xFF, 0x77, 0xFF, 0xDD, 0xFF, 0x8E, 0x00, 0x0C, 0x80, 0x00, 0x80, 0x00, 0x80,
    0x00, 0x80, 0x00, 0x80, 0x40, 0x80, 0x01, 0x80, 0x80, 0x00, 0x5E, 0x80, 0x00, 0x80, 0x01, 0x80, 0x41, 0x81, 0x01, 0xA1, 0x01, 0xA0, 0x01, 0xA0,
    0x01, 0x20, 0x60, 0xE0, 0x40, 0xE0, 0x60, 0xE0, 0xC0, 0xE0, 0x40, 0xE0, 0xC1, 0xE1, 0x41, 0xE1, 0xC1, 0xE3, 0x41, 0xE3, 0xC1, 0xA3, 0x01, 0xA3,
    0x01, 0x33, 0x43, 0xE3, 0x41, 0xEB, 0x73, 0xFB, 0xD5, 0xFB, 0x71, 0xFB, 0xD1, 0xFB, 0x71, 0xFF, 0xD1, 0xFB, 0x73, 0xFB, 0xD5, 0xFB, 0x77, 0xEF,
    0xC5, 0xE3, 0x65, 0xEF, 0xCD, 0xFF, 0x57, 0xFF, 0xDD, 0xFF, 0x57, 0xBF, 0x9D, 0xBF, 0x37, 0xBF, 0x5D, 0xFF, 0x77, 0xFF, 0xDD, 0xFF, 0x77, 0xFF,
    0xDD, 0xFF, 0x75, 0xFF, 0xDD, 0xFB, 0x77, 0xFF, 0xDD, 0xFF, 0x95, 0x00, 0x04, 0x01, 0x00, 0x01, 0x00, 0x01, 0x87, 0x00, 0x00, 0x10, 0x85, 0x00,
    0x04, 0x01, 0x00, 0x01, 0x00, 0x01, 0x82, 0x00, 0x80, 0x01, 0x01, 0x03, 0x01, 0x80, 0x03, 0x00, 0x01, 0x80, 0x03, 0x00, 0x01, 0x80, 0x03, 0x07,
    0x01, 0x03, 0x03, 0x02, 0x05, 0x02, 0x00, 0x00, 0x80, 0x01, 0x01, 0x03, 0x01, 0x80, 0x03, 0x00, 0x01, 0x80, 0x03, 0x00, 0x05, 0x80, 0x07, 0x1D,
    0x05, 0x0F, 0x07, 0x0F, 0x0D, 0x0F, 0x07, 0x8F, 0x0D, 0x0F, 0x17, 0x8F, 0x1D, 0xBF, 0x77, 0xFF, 0x5D, 0xFF, 0x77, 0xFE, 0xDC, 0xFE, 0x75, 0xFD,
    0xDD, 0xFF, 0x77, 0xFF, 0xDD, 0xFF, 0x00, 0x98, 0x00, 0x01, 0x01, 0x08, 0x9E, 0x00, 0x03, 0x10, 0x00, 0x00, 0x60, 0x82, 0x00, 0x7F, 0x08, 0x00,
    0x48, 0x00, 0x48, 0x1C, 0xD8, 0x90, 0x18, 0x18, 0x38, 0x10, 0x38, 0x1C, 0x3C, 0x74, 0x7C, 0x5C, 0x7C, 0x74, 0x7C, 0x5C, 0xF8, 0x70, 0xF8, 0xDC,
    0xF8, 0x70, 0xFA, 0xDC, 0xFA, 0x76, 0xFE, 0xD4, 0xB6, 0x76, 0xEE, 0x7C, 0xFE, 0x77, 0xFF, 0xDD, 0xFF, 0x77, 0xFF, 0xDD, 0xFF, 0x77, 0xFF, 0xDD,
    0xFF, 0x77, 0xFF, 0xDD, 0xFF, 0x77, 0xFF, 0x00, 0x92, 0x00, 0x80, 0x00, 0x20, 0x10, 0x20, 0x10, 0x30, 0x70, 0x70, 0x50, 0x70, 0x70, 0xE8, 0x50,
    0xE0, 0x50, 0xF0, 0xD0, 0xF0, 0x70, 0xF0, 0xD0, 0xF0, 0x70, 0xE0, 0x40, 0xE0, 0x40, 0xE0, 0x40, 0xE0, 0x40, 0xE8, 0xD0, 0xF8, 0x50, 0xF8, 0x58,
    0xB8, 0x90, 0xB8, 0x18, 0xB8, 0x70, 0xF8, 0x58, 0xF8, 0x70, 0xF8, 0xD0, 0xF8, 0x70, 0xF8, 0xD0, 0xF8, 0x70, 0xF8, 0xD8, 0xF8, 0x70, 0xF8, 0xD0,
    0xF8, 0x70, 0xB8, 0x54, 0xA8, 0x74, 0x38, 0xFC, 0x5C, 0xFC, 0x74, 0xFC, 0xDC, 0xFC, 0x74, 0xFC, 0xDC, 0xF8, 0x74, 0xFE, 0xDC, 0xFA, 0x74, 0xFF,
    0xDD, 0xFE, 0x74, 0xFE, 0xD4, 0xFE, 0x74, 0xEE, 0xFC, 0xFF, 0x75, 0xFF, 0xDD, 0xFF, 0xD7, 0xFF, 0xDD, 0xBF, 0x37, 0xBF, 0xDD, 0xFF, 0x77, 0xFF,
    0xDD, 0xFF, 0x77, 0xFE, 0xDD, 0xFE, 0x75, 0xFF, 0xDD, 0xFF, 0x77, 0xFF, 0xDD, 0xFF, 0x77, 0xFF, 0x8D, 0x00, 0x0B, 0x40, 0x00, 0x00, 0x80, 0x40,
    0x80, 0x00, 0x80, 0xC0, 0x80, 0x01, 0x80, 0x85, 0x00, 0x16, 0x40, 0x20, 0x40, 0xC0, 0x40, 0x80, 0x00, 0x80, 0x40, 0xA0, 0x41, 0xE0, 0xC1, 0xE0,
    0x61, 0xE0, 0xC0, 0xE0, 0x60, 0xE0, 0xC0, 0xE0, 0x41, 0x80, 0xE1, 0x41, 0x61, 0xC1, 0xE9, 0x83, 0x01, 0x83, 0x11, 0xA3, 0x11, 0xB3, 0x51, 0xF3,
    0x73, 0xFB, 0x51, 0xFA, 0x70, 0xF8, 0xD0, 0xF8, 0x71, 0xF9, 0xD1, 0xFB, 0x71, 0xFF, 0xD1, 0xFB, 0x73, 0xF3, 0xD1, 0xE3, 0x67, 0xE7, 0xC5, 0xEF,
    0x77, 0xEF, 0xDD, 0xFF, 0x57, 0xFF, 0xDD, 0xBF, 0x17, 0xBF, 0xDD, 0xFF, 0x77, 0xFF, 0xDD, 0xFF, 0x77, 0xFE, 0xDC, 0xFE, 0x74, 0xFE, 0xDD, 0xFF,
    0x75, 0xFF, 0xDD, 0xFF, 0x77, 0xFF, 0x90, 0x00, 0x00, 0x01, 0x8C, 0x00, 0x00, 0x10, 0x89, 0x00, 0x84, 0x01, 0x03, 0x02, 0x01, 0x03, 0x01, 0x80,
    0x03, 0x0A, 0x01, 0x03, 0x01, 0x03, 0x01, 0x03, 0x01, 0x03, 0x01, 0x03, 0x01, 0x80, 0x03, 0x0C, 0x01, 0x02, 0x00, 0x02, 0x02, 0x00, 0x00, 0x01,
    0x01, 0x03, 0x01, 0x03, 0x01, 0x80, 0x03, 0x23, 0x01, 0x03, 0x07, 0x07, 0x05, 0x07, 0x07, 0x0F, 0x05, 0x0F, 0x07, 0x0F, 0x0D, 0x0F, 0x07, 0x8F,
    0x1D, 0xBF, 0x57, 0xFF, 0xDD, 0xFF, 0x77, 0xFF, 0xD5, 0xFF, 0x77, 0xFF, 0xD5, 0xFF, 0x77, 0xFF, 0xDD, 0xFF, 0x77, 0xFF, 0x00, 0x94, 0x00, 0x00,
    0x08, 0xA8, 0x00, 0x7F, 0x20, 0x00, 0x28, 0x00, 0x28, 0x04, 0x0C, 0x04, 0x08, 0x04, 0x0C, 0x1C, 0x38, 0x14, 0x38, 0x1C, 0x38, 0x30, 0x38, 0x18,
    0x38, 0x30, 0x38, 0x50, 0x30, 0x74, 0xEE, 0x54, 0xEE, 0x74, 0xEE, 0x5C, 0xEE, 0x54, 0x8E, 0x9C, 0x9E, 0x37, 0xBF, 0x1D, 0xBF, 0x77, 0xFF, 0x5D,
    0x7F, 0x77, 0x7E, 0x5C, 0xFE, 0x74, 0xFE, 0xDD, 0xFF, 0x75, 0xFF, 0xDD, 0xFF, 0x77, 0xFB, 0xD9, 0xFB, 0x00, 0x08, 0x00, 0x00, 0x10, 0x38, 0x10,
    0x38, 0x30, 0xB8, 0x50, 0x30, 0x70, 0x70, 0x50, 0x60, 0x60, 0xE0, 0x40, 0xE0, 0x70, 0xE8, 0xD0, 0xE8, 0x50, 0x88, 0x00, 0x80, 0x10, 0xA8, 0x18,
    0xB8, 0x30, 0xF8, 0x50, 0x78, 0x70, 0x78, 0x58, 0x78, 0x50, 0xF8, 0x58, 0xF8, 0x70, 0xF8, 0xD8, 0xF8, 0x70, 0xF8, 0xD0, 0xF0, 0x70, 0xF0, 0xD0,
    0xE0, 0x71, 0xE8, 0xD4, 0xE8, 0x74, 0xEC, 0xCC, 0xC8, 0x50, 0x98, 0x9C, 0x3C, 0xB9, 0x15, 0xBC, 0xDC, 0xBE, 0x74, 0xFF, 0x5D, 0x7E, 0x74, 0xFC,
    0x5C, 0xFC, 0x76, 0xFE, 0xFC, 0xFC, 0x74, 0xF8, 0xD8, 0xFA, 0x70, 0xFA, 0xD1, 0xF2, 0x77, 0xFE, 0xD5, 0xFE, 0x77, 0xFE, 0xDD, 0xEF, 0x57, 0xEF,
    0xDD, 0xFF, 0x57, 0xFF, 0xDD, 0xFF, 0x77, 0xFF, 0xDD, 0xFF, 0x77, 0xFE, 0x5C, 0xFE, 0x76, 0xFE, 0xDD, 0xFF, 0x77, 0xFF, 0xFD, 0xFF, 0x77, 0xFF,
    0xDD, 0xFF, 0x80, 0x00, 0x00, 0x08, 0x82, 0x00, 0x04, 0x80, 0x80, 0x00, 0x00, 0x80, 0x80, 0x00, 0x6E, 0x80, 0x40, 0xA0, 0x41, 0xC0, 0x40, 0x80,
    0x00, 0x80, 0x00, 0x80, 0x00, 0x80, 0x00, 0x20, 0x00, 0xA2, 0x00, 0x21, 0x00, 0x20, 0x40, 0x60, 0x40, 0xE0, 0x40, 0xE0, 0x60, 0xE0, 0xC0, 0xE0,
    0x50, 0xE0, 0xC0, 0xE1, 0x41, 0xE0, 0xC9, 0xE1, 0x61, 0xE1, 0xC1, 0xE1, 0x41, 0xE1, 0x41, 0xE1, 0x41, 0x89, 0x51, 0xB9, 0x51, 0xF9, 0xD1, 0xFB,
    0x71, 0xFB, 0x51, 0xFA, 0x70, 0xF8, 0x50, 0xF8, 0x72, 0xF8, 0xD1, 0xFB, 0x71, 0xF9, 0xD9, 0xFB, 0x51, 0xFB, 0xD1, 0xFB, 0x53, 0xFB, 0xD5, 0xFF,
    0x77, 0xFF, 0xDD, 0xFF, 0x77, 0xFF, 0x5D, 0xFF, 0x77, 0xFF, 0xDD, 0xFF, 0x77, 0xFF, 0xDF, 0xFF, 0x77, 0xFF, 0xDD, 0xFB, 0x77, 0xFF, 0xD5, 0xFF,
    0x77, 0xFF, 0xDD, 0xFF, 0x77, 0xEF, 0xDD, 0xFF, 0x96, 0x00, 0x00, 0x10, 0x81, 0x00, 0x00, 0x08, 0x87, 0x00, 0x00, 0x04, 0x83, 0x00, 0x85, 0x01,
    0x07, 0x05, 0x07, 0x01, 0x03, 0x01, 0x03, 0x01, 0x02, 0x81, 0x00, 0x80, 0x01, 0x0B, 0x03, 0x01, 0x07, 0x01, 0x03, 0x01, 0x02, 0x01, 0x03, 0x01,
    0x03, 0x01, 0x80, 0x03, 0x04, 0x01, 0x03, 0x01, 0x03, 0x01, 0x80, 0x03, 0x00, 0x05, 0x80, 0x07, 0x1D, 0x05, 0x07, 0x07, 0x06, 0x04, 0x0E, 0x06,
    0xEE, 0x4D, 0xEF, 0x55, 0xEF, 0xDD, 0xFF, 0x71, 0xFB, 0xD5, 0xFB, 0x73, 0xFB, 0xD5, 0xFF, 0x77, 0xFF, 0xDD, 0xFF, 0x77, 0xEF, 0xCD, 0xEF, 0x00,
    0x91, 0x00, 0x00, 0x08, 0xA3, 0x00, 0x00, 0x80, 0x84, 0x00, 0x7F, 0x08, 0x00, 0x88, 0x80, 0x08, 0x04, 0x08, 0x40, 0x08, 0x44, 0x08, 0x54, 0x2C,
    0x1C, 0x38, 0x14, 0x38, 0x18, 0x38, 0x10, 0x38, 0x10, 0x32, 0x10, 0x3A, 0x14, 0x3E, 0x36, 0x2E, 0x44, 0x2E, 0x06, 0x8E, 0x4C, 0xCE, 0x17, 0x9F,
    0x5D, 0xBF, 0x37, 0xBF, 0x5D, 0xBF, 0x37, 0xBE, 0x5C, 0x7E, 0x76, 0xFE, 0xDC, 0xFE, 0x77, 0xFF, 0xDD, 0xFF, 0x75, 0xFF, 0xDD, 0xFB, 0x73, 0xFB,
    0x00, 0x28, 0x10, 0x38, 0x50, 0x38, 0x50, 0x38, 0x50, 0x38, 0x30, 0x30, 0x50, 0x30, 0x70, 0x60, 0x50, 0x60, 0x60, 0xE8, 0x40, 0x68, 0x40, 0xC8,
    0x40, 0x08, 0x00, 0x88, 0x18, 0xB8, 0x10, 0xB8, 0x18, 0x38, 0x30, 0x38, 0x54, 0x38, 0x70, 0x78, 0x5C, 0xF8, 0x74, 0xF8, 0xDC, 0xF8, 0x70, 0xF8,
    0xD0, 0xF8, 0x72, 0xF8, 0xD0, 0xF0, 0x70, 0xFC, 0xD4, 0xFC, 0x74, 0xEC, 0x44, 0xEC, 0x44, 0xCC, 0x5C, 0xFC, 0x54, 0x3C, 0xFE, 0xDC, 0xFE, 0x74,
    0xFE, 0x5C, 0xBE, 0x74, 0xFE, 0x5C, 0xFE, 0x74, 0xFE, 0xDC, 0xFE, 0x7C, 0xFC, 0xFC, 0xF8, 0x70, 0xF8, 0xF8, 0xFA, 0x73, 0xFF, 0xDD, 0xFF, 0xF7,
    0xFF, 0xDD, 0xFF, 0x77, 0xFE, 0x5D, 0xFE, 0x77, 0xFF, 0xDD, 0xFF, 0x77, 0xFF, 0xDD, 0xFF, 0x77, 0xFF, 0xDD, 0xFB, 0x77, 0xFF, 0xDD, 0xFF, 0x77,
    0xFF, 0xDD, 0xFF, 0x77, 0xEF, 0xCD, 0xEF, 0x57, 0xFF, 0x81, 0x00, 0x07, 0x40, 0x60, 0x40, 0x00, 0x40, 0x00, 0x00, 0x80, 0x80, 0x00, 0x06, 0x82,
    0x00, 0x20, 0x00, 0xA0, 0x40, 0x20, 0x82, 0x00, 0x64, 0x80, 0x00, 0xA0, 0x02, 0xA0, 0x10, 0xB0, 0x10, 0xA0, 0x10, 0x20, 0x70, 0xE0, 0x50, 0xE0,
    0x70, 0xE0, 0xC0, 0xE0, 0x60, 0xF0, 0xC1, 0xE1, 0x40, 0xE0, 0xC0, 0xA0, 0x51, 0xB0, 0xD1, 0xB0, 0x31, 0xA8, 0x70, 0x20, 0x60, 0x68, 0x70, 0xF8,
    0x70, 0xF8, 0xD8, 0xF8, 0x71, 0xF8, 0xD9, 0xF8, 0x71, 0xF8, 0xD0, 0xF8, 0x71, 0xFA, 0xD1, 0xFB, 0x71, 0xEB, 0xC5, 0xEB, 0x41, 0xEB, 0xCD, 0xEB,
    0x55, 0xFF, 0xDD, 0xFF, 0x77, 0xFF, 0xDD, 0xBF, 0x37, 0xBF, 0x5D, 0x7E, 0x77, 0xFE, 0xFD, 0xFF, 0x77, 0xFF, 0xDD, 0xFF, 0x75, 0xF9, 0xD9, 0xFB,
    0x71, 0xFB, 0xDD, 0xFF, 0x77, 0xFF, 0xDD, 0xFF, 0x77, 0xEF, 0xCF, 0xEF, 0x47, 0xEF, 0x91, 0x00, 0x00, 0x20, 0x82, 0x00, 0x00, 0x04, 0x84, 0x00,
    0x00, 0x10, 0x8C, 0x00, 0x04, 0x01, 0x00, 0x01, 0x01, 0x05, 0x83, 0x01, 0x84, 0x00, 0x05, 0x02, 0x00, 0x01, 0x04, 0x01, 0x00, 0x82, 0x01, 0x01,
    0x03, 0x01, 0x80, 0x03, 0x00, 0x01, 0x80, 0x03, 0x00, 0x01, 0x80, 0x03, 0x04, 0x05, 0x03, 0x07, 0x83, 0x05, 0x80, 0x03, 0x1B, 0x05, 0x23, 0x07,
    0xE6, 0x45, 0xE7, 0x67, 0xEF, 0xC5, 0xEF, 0x65, 0xED, 0xC5, 0xEB, 0x51, 0xFB, 0xDD, 0xFF, 0x77, 0xFF, 0xDD, 0xFF, 0x77, 0xFF, 0x5D, 0xFF, 0x77,
    0xFF, 0x00, 0x8E, 0x00, 0x00, 0x08, 0x9E, 0x00, 0x00, 0x80, 0x89, 0x00, 0x7F, 0x80, 0x80, 0x00, 0x20, 0x00, 0x28, 0x00, 0x20, 0x00, 0x08, 0x00,
    0x00, 0x20, 0x08, 0x04, 0x08, 0x04, 0x08, 0x04, 0x08, 0x00, 0x08, 0x00, 0x08, 0x10, 0x0A, 0x14, 0x1A, 0x16, 0x3E, 0x14, 0x2E, 0x06, 0x2E, 0x04,
    0x2E, 0x16, 0xBE, 0x5D, 0xBF, 0x57, 0xFF, 0xDD, 0xBF, 0x75, 0xFF, 0xDD, 0xBF, 0x77, 0xFF, 0xDD, 0xFF, 0x77, 0xFF, 0xDD, 0xFF, 0x77, 0xFF, 0xDD,
    0xEF, 0x77, 0xFF, 0xDD, 0xFF, 0x10, 0x28, 0x10, 0x38, 0x10, 0x38, 0x10, 0x28, 0x10, 0x28, 0x10, 0x20, 0x10, 0x38, 0x10, 0x30, 0x10, 0x20, 0x00,
    0x20, 0x00, 0x28, 0x04, 0x08, 0x00, 0x0C, 0x1C, 0x38, 0x14, 0x3C, 0x1C, 0x38, 0x10, 0x38, 0x18, 0x38, 0x30, 0x38, 0x54, 0x78, 0x74, 0x7C, 0x5C,
    0x78, 0x74, 0xE8, 0x50, 0xE8, 0x50, 0xE8, 0x50, 0xF8, 0x50, 0xFA, 0x5C, 0xBE, 0x34, 0xBE, 0x14, 0x2E, 0x34, 0x2E, 0x5C, 0x7E, 0x4A, 0x74, 0xFE,
    0x5C, 0xFE, 0x74, 0xFE, 0xDC, 0xFE, 0x74, 0xFA, 0xDC, 0xFA, 0x76, 0xFE, 0xDC, 0xFE, 0x76, 0xFE, 0xD4, 0xEE, 0x64, 0xEE, 0xCC, 0xEF, 0x57, 0xFF,
    0xDD, 0xFF, 0x57, 0xFF, 0xDD, 0xBF, 0x37, 0xBF, 0x1D, 0x3F, 0x77, 0xFE, 0x5D, 0xFE, 0x77, 0xFE, 0xDD, 0xFE, 0x75, 0xFD, 0xDD, 0xFB, 0x71, 0xFB,
    0xDD, 0xFF, 0xF7, 0xFF, 0xDD, 0xFF, 0x77, 0xFF, 0xC5, 0xEF, 0x67, 0xEF, 0xDD, 0xFF, 0x00, 0x20, 0x00, 0x20, 0x00, 0x20, 0x40, 0x20, 0x00, 0x00,
    0x44, 0x85, 0x00, 0x6C, 0x20, 0x00, 0x20, 0x00, 0x20, 0x00, 0x20, 0x44, 0x20, 0x50, 0xE8, 0x50, 0x30, 0x50, 0xB8, 0x50, 0xB0, 0x70, 0xF0, 0x50,
    0xF0, 0x70, 0xF0, 0x70, 0xE0, 0x60, 0xE0, 0x42, 0xE0, 0x40, 0xE8, 0xC0, 0xE8, 0x50, 0xF8, 0xF8, 0xB8, 0x30, 0xB8, 0x30, 0x38, 0x30, 0x38, 0x50,
    0x78, 0x70, 0xFC, 0x5C, 0xF8, 0x74, 0xF8, 0xD8, 0xF8, 0x70, 0xF8, 0xD8, 0xF8, 0x71, 0xF9, 0xD1, 0xFB, 0x71, 0xFB, 0xD5, 0xE3, 0x65, 0xEE, 0xC5,
    0xEF, 0x45, 0xEF, 0xDD, 0xFF, 0x57, 0xFF, 0xDD, 0xBF, 0x37, 0xBF, 0x5D, 0xBF, 0x77, 0xFF, 0xDD, 0xFF, 0x77, 0xFE, 0xDC, 0xFE, 0x75, 0xFC, 0xDF,
    0xFD, 0x77, 0xFF, 0xDF, 0xFF, 0x77, 0xFF, 0xDD, 0xFF, 0x77, 0xFF, 0xD5, 0xFF, 0x77, 0xFF, 0xDD, 0xFF, 0x8D, 0x00, 0x00, 0x40, 0x83, 0x00, 0x00,
    0x04, 0x80, 0x00, 0x00, 0x10, 0x94, 0x00, 0x00, 0x04, 0x89, 0x00, 0x02, 0x02, 0x00, 0x04, 0x84, 0x00, 0x84, 0x01, 0x05, 0x03, 0x01, 0x03, 0x01,
    0x03, 0x01, 0x80, 0x03, 0x00, 0x01, 0x80, 0x03, 0x21, 0x01, 0x03, 0x01, 0xC3, 0x01, 0xA3, 0x01, 0xE3, 0xD1, 0xE3, 0x73, 0xE3, 0xD5, 0xE3, 0x67,
    0xE7, 0xC5, 0xE7, 0x67, 0xEF, 0xCD, 0xFF, 0x57, 0xFF, 0xDD, 0xFF, 0x57, 0xBF, 0x9D, 0xBF, 0x37, 0xFF, 0x5D, 0xFF, 0x00, 0x89, 0x00, 0x00, 0x10,
    0x99, 0x00, 0x00, 0x80, 0x8C, 0x00, 0x01, 0x20, 0x20, 0x88, 0x00, 0x04, 0x40, 0x00, 0x40, 0x00, 0x40, 0x86, 0x00, 0x2E, 0x04, 0x0A, 0x04, 0x8E,
    0x04, 0x8E, 0x15, 0x8E, 0x05, 0xAA, 0x07, 0x8E, 0x1D, 0x1E, 0x17, 0xBE, 0x1D, 0xBE, 0x16, 0xFE, 0x5C, 0xFE, 0x54, 0xFC, 0xDC, 0xFC, 0x75, 0xFF,
    0xDD, 0xFB, 0x77, 0xFF, 0xDD, 0xFB, 0x77, 0xF7, 0xD5, 0xE7, 0x77, 0xEF, 0xDD, 0xFF, 0x77, 0xFF, 0x10, 0x30, 0x10, 0x80, 0x00, 0x00, 0x05, 0x81,
    0x00, 0x7E, 0x08, 0x00, 0x08, 0x10, 0x08, 0x00, 0x08, 0x10, 0x08, 0x04, 0x28, 0x14, 0x2E, 0x1C, 0x3E, 0x14, 0x3C, 0x1C, 0x3C, 0x14, 0x3C, 0x1C,
    0x38, 0x10, 0x38, 0x18, 0x3A, 0x30, 0x3A, 0x90, 0x32, 0x30, 0x22, 0x04, 0x22, 0x04, 0x2E, 0x44, 0x2E, 0x54, 0x6E, 0x5C, 0x1E, 0x16, 0x1E, 0x1C,
    0x3E, 0x16, 0x3E, 0x1C, 0x3E, 0x36, 0x7E, 0x5C, 0x7E, 0x75, 0x7F, 0x5C, 0x7C, 0x74, 0xFC, 0x5C, 0xFA, 0x75, 0xFF, 0xDD, 0xFB, 0x73, 0xFB, 0xD5,
    0xF3, 0x77, 0xEF, 0x75, 0xEF, 0x77, 0xFF, 0xDD, 0xFF, 0x77, 0xFF, 0xDD, 0xBF, 0x17, 0xBF, 0x5D, 0xBF, 0xF7, 0xFF, 0xDD, 0xFF, 0x77, 0xFF, 0xDC,
    0xFE, 0x76, 0xFE, 0xDC, 0xFF, 0x75, 0xFF, 0xDD, 0xFF, 0x77, 0xFF, 0xDD, 0xFF, 0x77, 0xFF, 0xD5, 0xBF, 0x77, 0xFF, 0xDD, 0xFF, 0x77, 0xFF, 0x10,
    0x20, 0x10, 0x28, 0x00, 0x20, 0x00, 0x20, 0x00, 0x20, 0x80, 0x00, 0x72, 0x18, 0x00, 0x08, 0x00, 0x08, 0x10, 0x08, 0x10, 0x38, 0x10, 0x38, 0x10,
    0x38, 0x30, 0x38, 0x50, 0x38, 0xF0, 0x68, 0x50, 0x68, 0x50, 0xF8, 0x50, 0xF8, 0x70, 0xF8, 0x54, 0xB0, 0x10, 0xA0, 0x00, 0x20, 0x00, 0x28, 0x44,
    0x6C, 0x74, 0xEC, 0x5C, 0x7C, 0x54, 0xBC, 0x5C, 0x38, 0x14, 0xBC, 0x5C, 0xB8, 0x74, 0xFE, 0x5C, 0xFE, 0x74, 0xFC, 0x54, 0xF8, 0x74, 0xFC, 0xDC,
    0xFC, 0x74, 0xFE, 0xDD, 0xFB, 0x55, 0xFB, 0xDD, 0xBF, 0x17, 0xBF, 0x15, 0xBF, 0x77, 0xFF, 0x5D, 0xFF, 0x7F, 0xFE, 0x5C, 0xFE, 0x74, 0xFE, 0xDD,
    0xFF, 0x75, 0xFF, 0xDD, 0xFF, 0x77, 0xFF, 0xDD, 0xFB, 0x77, 0xFF, 0xD5, 0xFF, 0x77, 0xFF, 0xDD, 0xFF, 0x77, 0xFF, 0xDD, 0xFF, 0x57, 0xDF, 0xDD,
    0xBF, 0x37, 0xBF, 0xDD, 0xFF, 0x77, 0xFF, 0x8E, 0x00, 0x00, 0x22, 0x9A, 0x00, 0x00, 0x02, 0x86, 0x00, 0x02, 0x01, 0x00, 0x08, 0x8D, 0x00, 0x88,
    0x01, 0x28, 0x21, 0x01, 0x21, 0x81, 0x20, 0x40, 0x20, 0x40, 0xE0, 0x40, 0xE0, 0x71, 0xF9, 0xD1, 0xFB, 0x71, 0xFB, 0xD1, 0xF3, 0x73, 0xF3, 0xD1,
    0xE3, 0x77, 0xEF, 0xD5, 0xFF, 0x77, 0xEF, 0xDD, 0xFF, 0x57, 0xFF, 0xDD, 0xFF, 0x77, 0xFF, 0xDD, 0xFF, 0x77, 0xFF, 0x00, 0x85, 0x00, 0x00, 0x10,
    0xA8, 0x00, 0x00, 0x10, 0x88, 0x00, 0x04, 0x20, 0x00, 0x20, 0x00, 0x20, 0x80, 0x00, 0x37, 0x80, 0x00, 0x80, 0x00, 0x80, 0x80, 0x90, 0x00, 0x80,
    0x00, 0x82, 0x00, 0x92, 0x04, 0x82, 0x04, 0x96, 0x04, 0x82, 0x04, 0x8E, 0x04, 0x8E, 0x05, 0x8F, 0x8D, 0x8F, 0x17, 0x8E, 0xD4, 0xAA, 0x54, 0xEE,
    0xD4, 0xEF, 0x74, 0xEE, 0xDD, 0xFF, 0x77, 0xFF, 0xDD, 0xFF, 0x57, 0xFB, 0xDD, 0xFF, 0x57, 0xFF, 0xDD, 0xFF, 0x77, 0xFF, 0xDD, 0xFF, 0x77, 0x86,
    0x00, 0x77, 0x04, 0x02, 0x04, 0x0E, 0x04, 0x0A, 0x04, 0x08, 0x04, 0x0A, 0x14, 0x0E, 0x1C, 0x1E, 0x14, 0x1E, 0x14, 0x1E, 0x14, 0x0C, 0x04, 0x08,
    0x16, 0x0C, 0x1C, 0x08, 0x94, 0x08, 0x18, 0x0A, 0x10, 0x0A, 0x00, 0x42, 0x13, 0x0E, 0x15, 0x2E, 0x17, 0x2E, 0x0D, 0x2E, 0x06, 0x0E, 0x0C, 0x1E,
    0x15, 0x1F, 0x1D, 0x3F, 0x17, 0x3F, 0x1D, 0x3E, 0x37, 0x3E, 0x14, 0x3A, 0x34, 0x3E, 0x54, 0x7E, 0x77, 0xFF, 0x5D, 0xFF, 0x55, 0xEF, 0x5D, 0x9B,
    0x17, 0x9F, 0x3D, 0xBF, 0x37, 0xBF, 0x3D, 0xBF, 0x37, 0x3F, 0x5D, 0x7E, 0x77, 0x7E, 0x5D, 0xFF, 0x77, 0xFF, 0xDD, 0xFF, 0x77, 0xFF, 0xDD, 0xFB,
    0x73, 0xFB, 0xD5, 0xFF, 0x77, 0xFF, 0xDD, 0xFF, 0x77, 0xFF, 0xDD, 0xEF, 0x57, 0xCF, 0xDD, 0xDF, 0x57, 0xFF, 0xDD, 0xFF, 0x77, 0xFF, 0xDD, 0xFF,
    0x77, 0x08, 0x80, 0x00, 0x00, 0x40, 0x80, 0x00, 0x77, 0x08, 0x04, 0x28, 0x04, 0x2C, 0x04, 0x08, 0x04, 0x08, 0x1C, 0x18, 0x10, 0x38, 0x1C, 0x38,
    0x10, 0x38, 0x18, 0x38, 0x30, 0x38, 0x10, 0x30, 0x30, 0x28, 0x5C, 0x28, 0x74, 0x6C, 0x44, 0x28, 0x00, 0x28, 0x00, 0x2A, 0x10, 0x3E, 0x1C, 0x3E,
    0x36, 0x3E, 0x1C, 0xBE, 0x34, 0x3E, 0x5C, 0x3E, 0x74, 0x7C, 0x5C, 0x7E, 0x74, 0xFE, 0x5C, 0xFA, 0x70, 0xFA, 0x50, 0xFA, 0x70, 0xFA, 0x54, 0xFE,
    0x77, 0xFE, 0x5D, 0xEF, 0x67, 0xEF, 0x4D, 0xCF, 0x57, 0xDF, 0x5D, 0xBF, 0x17, 0xBF, 0x5D, 0xBF, 0x77, 0xFF, 0x5D, 0x7E, 0x76, 0xFE, 0x5C, 0xFE,
    0x74, 0xFE, 0xDF, 0xFF, 0x75, 0xFF, 0xDD, 0xFB, 0x71, 0xFB, 0xD1, 0xFB, 0x77, 0xFF, 0xDD, 0xFF, 0x77, 0xFF, 0xDD, 0xFF, 0x77, 0xEF, 0xDD, 0xFF,
    0x57, 0xFF, 0xDD, 0xFF, 0x77, 0xFF, 0xDD, 0xFF, 0x77, 0x84, 0x00, 0x00, 0x10, 0x81, 0x00, 0x00, 0x02, 0x84, 0x00, 0x00, 0x02, 0x93, 0x00, 0x00,
    0x02, 0x85, 0x00, 0x00, 0x08, 0x9A, 0x00, 0x2D, 0x80, 0x10, 0x20, 0x10, 0x30, 0x10, 0x38, 0x10, 0x30, 0x30, 0x70, 0x50, 0x70, 0x70, 0xF8, 0x50,
    0xF8, 0x71, 0xE9, 0xC1, 0xE9, 0x41, 0xE9, 0xD1, 0xFB, 0x53, 0xFF, 0xDD, 0xFF, 0x77, 0xFF, 0x5D, 0xBF, 0x77, 0x7F, 0x5D, 0xFF, 0x77, 0xFF, 0xDD,
    0xFF, 0x77, 0xFF, 0xDD, 0xFF, 0x77, 0x00, 0x82, 0x00, 0x00, 0x21, 0x92, 0x00, 0x00, 0x04, 0x90, 0x00, 0x00, 0x10, 0x80, 0x00, 0x00, 0x80, 0x81,
    0x00, 0x03, 0x10, 0x00, 0x00, 0x80, 0x84, 0x00, 0x3C, 0x80, 0x00, 0x80, 0x00, 0x80, 0x80, 0xA0, 0x00, 0xC0, 0x80, 0xC0, 0x00, 0xD0, 0x80, 0x80,
    0x00, 0x80, 0x80, 0x92, 0x00, 0x02, 0x00, 0x02, 0x00, 0x82, 0x44, 0xC2, 0x44, 0xC2, 0xC4, 0xC2, 0x41, 0xC8, 0xC1, 0xE2, 0x41, 0xE2, 0xC1, 0xE3,
    0x77, 0xEF, 0xC5, 0xEF, 0x67, 0xEF, 0xC5, 0xEF, 0x47, 0xCF, 0xCD, 0xFF, 0x57, 0xFF, 0xDD, 0xFF, 0x77, 0xFF, 0xDD, 0xBF, 0x77, 0xFF, 0x82, 0x00,
    0x2D, 0x02, 0x00, 0x02, 0x04, 0x02, 0x04, 0x06, 0x04, 0x06, 0x04, 0x0E, 0x04, 0x0E, 0x04, 0x0E, 0x0C, 0x0A, 0x00, 0x0A, 0x08, 0x0A, 0x00, 0x0A,
    0x00, 0x02, 0x00, 0x8E, 0x04, 0x0E, 0x04, 0x0E, 0x04, 0x0A, 0x01, 0x0A, 0x05, 0x0B, 0x07, 0x0F, 0x1D, 0x2F, 0x17, 0x0F, 0x15, 0x0E, 0x16, 0x80,
    0x0E, 0x49, 0x16, 0x1E, 0x1C, 0x3E, 0x15, 0x3E, 0x1D, 0x3B, 0x11, 0x3A, 0x11, 0x3B, 0x11, 0x3B, 0x15, 0x3F, 0x37, 0xAF, 0x1D, 0xAF, 0x07, 0xAF,
    0x0D, 0x8F, 0x07, 0x8F, 0x1D, 0xBF, 0x17, 0xBF, 0x1D, 0xBF, 0x37, 0x3F, 0x1D, 0x3E, 0x77, 0x7E, 0x5C, 0xFE, 0x77, 0xFF, 0xDD, 0xFF, 0x75, 0xFF,
    0xDD, 0xFB, 0x71, 0xFB, 0xD9, 0xFF, 0x77, 0xFF, 0xDD, 0xFF, 0x77, 0xFF, 0xDF, 0xEF, 0x67, 0xEF, 0xDD, 0xFF, 0x77, 0xFF, 0xDD, 0xFF, 0x77, 0xFF,
    0xDD, 0xFF, 0x77, 0xFF, 0x80, 0x00, 0x23, 0x08, 0x00, 0x08, 0x10, 0x08, 0x14, 0x1A, 0x14, 0x0C, 0x14, 0x0C, 0x14, 0x2C, 0x1C, 0x3C, 0x14, 0x3C,
    0x1C, 0x38, 0x14, 0x38, 0x18, 0x38, 0x10, 0x38, 0x10, 0x32, 0x10, 0x3A, 0x14, 0x2E, 0x04, 0x2E, 0x04, 0x2E, 0x04, 0x80, 0x0E, 0x55, 0x14, 0x1E,
    0x1C, 0x7E, 0x16, 0x3E, 0x3C, 0x3E, 0x36, 0x3E, 0x3C, 0x3E, 0x34, 0x7E, 0x5C, 0x7E, 0x74, 0x7E, 0x5C, 0x7C, 0x70, 0x78, 0x59, 0x3B, 0x51, 0x7B,
    0x5D, 0x3F, 0x77, 0x7F, 0x55, 0x3F, 0x77, 0x2F, 0x4D, 0x2F, 0x57, 0x7F, 0x5D, 0xFF, 0x77, 0xFF, 0x5D, 0xFF, 0x77, 0xFF, 0x5D, 0xBF, 0x77, 0xFF,
    0x5D, 0xFE, 0x77, 0xFF, 0xDD, 0xFF, 0x77, 0xFF, 0xDD, 0xFF, 0x75, 0xFF, 0xDD, 0xFF, 0x77, 0xFF, 0xDD, 0xFF, 0x77, 0xFF, 0x5D, 0xBF, 0x77, 0xFF,
    0x5D, 0xFF, 0x77, 0xFF, 0xDD, 0xFF, 0x77, 0xFF, 0xDD, 0xFF, 0x75, 0xFF, 0x89, 0x00, 0x00, 0x02, 0x98, 0x00, 0x00, 0x02, 0x83, 0x00, 0x00, 0x08,
    0x9A, 0x00, 0x32, 0xA0, 0x00, 0x28, 0x00, 0x28, 0x10, 0x38, 0x50, 0x38, 0x50, 0xB8, 0x50, 0x38, 0x70, 0x78, 0x50, 0x78, 0x70, 0xF8, 0x50, 0xF0,
    0x71, 0xE8, 0x44, 0xEA, 0x45, 0xEF, 0xCD, 0xEF, 0x57, 0xFF, 0xDD, 0xFF, 0x57, 0xBF, 0x1D, 0xBF, 0x37, 0xBF, 0x5D, 0xFF, 0x77, 0xFF, 0xDD, 0xFF,
    0x77, 0xFF, 0xDD, 0xFF, 0x75, 0xFD, 0x00, 0x02, 0x00, 0x00, 0x41, 0x8D, 0x00, 0x00, 0x04, 0x92, 0x00, 0x04, 0x80, 0x10, 0x00, 0x00, 0x40, 0x81,
    0x00, 0x00, 0x08, 0x83, 0x00, 0x07, 0x80, 0x00, 0x80, 0x00, 0x80, 0x00, 0x80, 0x00, 0x80, 0x80, 0x08, 0x60, 0x80, 0xA0, 0x80, 0x20, 0x80, 0xA0,
    0x80, 0x00, 0x80, 0x80, 0x05, 0x00, 0x80, 0x88, 0x80, 0x00, 0x80, 0x81, 0x00, 0x25, 0x40, 0xC0, 0x40, 0xE0, 0xC0, 0xE0, 0x40, 0xE0, 0xC0, 0xE0,
    0x40, 0xE0, 0xC1, 0xE3, 0x61, 0xE3, 0xC1, 0xE3, 0x67, 0xE7, 0xC5, 0xE7, 0x47, 0xEF, 0xC5, 0xEF, 0x57, 0xFF, 0xDD, 0xFF, 0x77, 0xFF, 0xDD, 0xBF,
    0x77, 0xFF, 0xDD, 0xFF, 0x82, 0x00, 0x10, 0x02, 0x00, 0x02, 0x00, 0x02, 0x00, 0x02, 0x00, 0x06, 0x04, 0x06, 0x14, 0x0E, 0x04, 0x08, 0x04, 0x08,
    0x80, 0x00, 0x7F, 0x08, 0x00, 0x02, 0x80, 0x22, 0x00, 0x02, 0x01, 0x02, 0x04, 0x02, 0x04, 0x06, 0x05, 0x0F, 0x07, 0x0F, 0x4D, 0x1F, 0x07, 0x0F,
    0x0D, 0x0F, 0x07, 0x0E, 0x04, 0x0E, 0x16, 0x0E, 0x1C, 0x1E, 0x14, 0x0E, 0x1C, 0x0C, 0x14, 0x88, 0x09, 0x89, 0x11, 0x9B, 0x11, 0x9B, 0x17, 0x9F,
    0x15, 0xA7, 0x07, 0x8F, 0x05, 0x0F, 0x07, 0x8F, 0x0D, 0xBF, 0x17, 0xBF, 0x1D, 0xBF, 0xB7, 0xBF, 0x3D, 0xBF, 0x37, 0xBF, 0x5D, 0xFF, 0x77, 0xFF,
    0xDD, 0xFF, 0x77, 0xFE, 0xDD, 0xEF, 0x75, 0xEF, 0xDD, 0xFF, 0x77, 0xFF, 0xDD, 0xFF, 0x77, 0xBF, 0xDD, 0xBF, 0x37, 0xBF, 0x5D, 0xFF, 0x77, 0xFF,
    0xDD, 0xFF, 0x77, 0xFF, 0xDD, 0xFF, 0x75, 0xFF, 0xDD, 0xFF, 0x04, 0x0C, 0x04, 0x0E, 0x04, 0x0E, 0x1C, 0x0E, 0x14, 0x0E, 0x1C, 0x1A, 0x14, 0x1E,
    0x14, 0x1E, 0x14, 0x3E, 0x1C, 0x3E, 0x14, 0x0C, 0x04, 0x08, 0x00, 0x66, 0x08, 0x10, 0x1A, 0x10, 0x1A, 0x1C, 0x3A, 0x17, 0x2E, 0x04, 0x27, 0x06,
    0x0E, 0x04, 0x2E, 0x36, 0x2E, 0x1D, 0x3E, 0x17, 0x3E, 0x1D, 0x3E, 0x14, 0x3E, 0x1C, 0x7A, 0x36, 0x7E, 0x1C, 0x7E, 0x36, 0x3E, 0x54, 0x3E, 0x74,
    0x3E, 0x45, 0x2F, 0x55, 0x2F, 0x5D, 0x3F, 0x17, 0x3F, 0x1D, 0x3F, 0x17, 0x3F, 0x1D, 0x3F, 0x37, 0x3F, 0x5D, 0x7F, 0x77, 0x7F, 0x5D, 0x7F, 0x75,
    0xFE, 0x5D, 0xFF, 0x75, 0xFF, 0x5D, 0xFF, 0x77, 0xFF, 0xDD, 0xFF, 0x77, 0xFF, 0xD5, 0xEF, 0x67, 0xEF, 0xCD, 0xEF, 0x77, 0xFF, 0xDD, 0xFF, 0x57,
    0xBF, 0x9F, 0xBF, 0x37, 0xBF, 0x5F, 0xFF, 0x77, 0xFF, 0xDD, 0xFF, 0x77, 0xFE, 0xDD, 0xFE, 0x75, 0xFD, 0xDD, 0xFF, 0x81, 0x00, 0x00, 0x04, 0x9D,
    0x00, 0x00, 0x01, 0x81, 0x00, 0x00, 0x04, 0x97, 0x00, 0x3A, 0x08, 0x00, 0x80, 0x00, 0x08, 0x10, 0x00, 0x10, 0x38, 0x10, 0x38, 0x30, 0x38, 0x90,
    0x38, 0x30, 0x78, 0x50, 0x38, 0x50, 0x78, 0x58, 0x78, 0x70, 0x78, 0x50, 0x7A, 0x70, 0xF2, 0x54, 0x22, 0x65, 0xEE, 0x45, 0xEF, 0x77, 0xFF, 0x5D,
    0xFF, 0x57, 0xFF, 0x5D, 0xBF, 0x77, 0xFF, 0xDD, 0xFF, 0x77, 0xFF, 0xDD, 0xFF, 0x77, 0xFE, 0xDD, 0xFE, 0x75, 0xFF, 0xDD, 0xFF, 0x00, 0x86, 0x00,
    0x00, 0x08, 0x96, 0x00, 0x08, 0x10, 0x00, 0x00, 0xA0, 0x00, 0x80, 0x00, 0x80, 0x04, 0x87, 0x00, 0x05, 0x80, 0x00, 0x80, 0x00, 0x80, 0x00, 0x82,
    0x80, 0x3E, 0x00, 0x80, 0x80, 0xC0, 0x00, 0x80, 0x00, 0x80, 0x00, 0x80, 0x40, 0x80, 0x48, 0xC0, 0x40, 0x80, 0x40, 0x80, 0x40, 0x80, 0x00, 0x80,
    0xC1, 0xE0, 0x40, 0xE0, 0xC0, 0xE0, 0x60, 0xE0, 0xC0, 0xE0, 0x40, 0xE0, 0xC0, 0xE0, 0x41, 0xE3, 0xC1, 0xE3, 0x41, 0xE3, 0xC1, 0xA3, 0x13, 0xAF,
    0x95, 0xBF, 0x77, 0xFF, 0xDD, 0xFF, 0x77, 0xFF, 0xDD, 0xFF, 0x75, 0xFF, 0xDD, 0xFF, 0x77, 0xFF, 0xDD, 0x81, 0x00, 0x02, 0x02, 0x00, 0x12, 0x80,
    0x00, 0x06, 0x02, 0x00, 0x02, 0x00, 0x02, 0x00, 0x02, 0x80, 0x00, 0x0B, 0x08, 0x00, 0x00, 0x80, 0x00, 0x01, 0x00, 0x81, 0x03, 0x01, 0x03, 0x01,
    0x80, 0x03, 0x7F, 0x25, 0x07, 0x87, 0x0F, 0x05, 0x0F, 0x07, 0x0E, 0x05, 0x0E, 0x05, 0x0E, 0x0D, 0x0A, 0x05, 0x8F, 0x0D, 0x0B, 0x07, 0x8E, 0x05,
    0x02, 0x00, 0x82, 0x04, 0x82, 0x05, 0x8F, 0x85, 0x8F, 0x07, 0x8F, 0x8D, 0x8F, 0x07, 0x8F, 0x05, 0x8F, 0x17, 0x8F, 0x1D, 0x3F, 0x17, 0xBF, 0x9D,
    0x3F, 0x17, 0xBE, 0x5C, 0xBE, 0x55, 0xFF, 0xDD, 0xFF, 0x77, 0xFF, 0xDD, 0xFB, 0x73, 0xFB, 0xD5, 0xF3, 0x77, 0xEF, 0xC5, 0xEF, 0x77, 0xEF, 0xDD,
    0xFF, 0x57, 0xDF, 0xDD, 0x9F, 0x17, 0xBF, 0x9D, 0xBF, 0x7F, 0xFF, 0xDD, 0xFF, 0x77, 0xFF, 0xDC, 0xFE, 0x76, 0xFE, 0xDD, 0xFF, 0x75, 0xFF, 0xDD,
    0x0E, 0x06, 0x0E, 0x0C, 0x0E, 0x04, 0x0E, 0x0C, 0x08, 0x14, 0x08, 0x1C, 0x1A, 0x10, 0x1A, 0x14, 0x1E, 0x10, 0x0A, 0x00, 0x02, 0x00, 0x02, 0x04,
    0x0E, 0x05, 0x1E, 0x0D, 0x0F, 0x07, 0x0F, 0x0D, 0x0B, 0x97, 0x1F, 0x0A, 0x1D, 0x1F, 0x17, 0x3F, 0x1D, 0x3E, 0x16, 0x3E, 0x1C, 0x3E, 0x14, 0x80,
    0x3C, 0x4E, 0x15, 0x3F, 0x5D, 0x3B, 0x11, 0x3B, 0x11, 0x3B, 0x13, 0x23, 0x15, 0x27, 0x07, 0x6F, 0x0D, 0x6F, 0x17, 0x7F, 0x1D, 0x1F, 0x17, 0x1F,
    0x1D, 0x1F, 0x17, 0x3F, 0x1F, 0x3F, 0x37, 0x3F, 0x5D, 0x3E, 0x76, 0x7E, 0x5C, 0x7E, 0x74, 0x7E, 0x5D, 0xFF, 0x75, 0xFF, 0x5D, 0xFB, 0x73, 0xFB,
    0x55, 0xBB, 0x77, 0xFF, 0x55, 0xFF, 0x77, 0xFF, 0xDD, 0xFF, 0x77, 0xFF, 0x5D, 0xFF, 0x57, 0xFF, 0xDD, 0xFF, 0x77, 0xFF, 0xDD, 0xFF, 0x77, 0xFF,
    0xDD, 0xFF, 0x7F, 0xFE, 0xDD, 0xFF, 0x7F, 0xFF, 0xDD, 0xA0, 0x00, 0x00, 0x02, 0x99, 0x00, 0x3F, 0x40, 0x00, 0x08, 0x00, 0x08, 0x00, 0x08, 0x00,
    0x08, 0x10, 0x18, 0x18, 0x38, 0x10, 0x38, 0x10, 0x38, 0x30, 0x38, 0x10, 0x30, 0x30, 0x28, 0x54, 0x68, 0x74, 0x6C, 0x5C, 0x6A, 0x54, 0x0A, 0x1C,
    0x1A, 0x15, 0x3F, 0x1D, 0x3F, 0x37, 0x3F, 0x5D, 0x7F, 0x77, 0x7E, 0x5C, 0x7E, 0x74, 0xFE, 0x5C, 0xFF, 0x75, 0xFF, 0xDD, 0xFF, 0x77, 0xFF, 0xDD,
    0xFB, 0x73, 0xFF, 0xD5, 0xFF, 0x77, 0xFF, 0xDD, 0x00, 0x02, 0x80, 0x00, 0x10, 0x93, 0x00, 0x00, 0x80, 0x80, 0x00, 0x04, 0x80, 0x00, 0x10, 0x00,
    0x10, 0x88, 0x00, 0x09, 0x80, 0x00, 0x80, 0x00, 0x80, 0x00, 0x80, 0x00, 0x80, 0x00, 0x80, 0x80, 0x06, 0x00, 0x80, 0x00, 0x80, 0xC0, 0x80, 0x00,
    0x80, 0x80, 0x3D, 0x00, 0x80, 0x80, 0xC0, 0x00, 0xC0, 0x04, 0xC0, 0x00, 0x80, 0x40, 0x00, 0x40, 0xC0, 0x41, 0xC0, 0x40, 0xC0, 0xC0, 0xE0, 0x40,
    0xE0, 0xC0, 0xE0, 0x40, 0xE0, 0xC0, 0xE0, 0x60, 0xE0, 0xC0, 0xE2, 0x61, 0xE2, 0xC1, 0xE3, 0x41, 0xC3, 0xC1, 0x83, 0x13, 0xBF, 0xD5, 0xBF, 0x77,
    0xFF, 0xDD, 0xFF, 0x77, 0xFE, 0x5C, 0xFE, 0x76, 0xFE, 0xDD, 0xFF, 0x75, 0xFF, 0xDD, 0xFF, 0x00, 0x02, 0x88, 0x00, 0x00, 0x04, 0x85, 0x00, 0x7F,
    0x40, 0x02, 0x00, 0x02, 0x01, 0x03, 0x01, 0x03, 0x01, 0x03, 0x01, 0x03, 0x85, 0x03, 0x07, 0x0F, 0x05, 0x06, 0x06, 0x0E, 0x04, 0x0E, 0x04, 0x0C,
    0x04, 0x0E, 0x05, 0x8F, 0x05, 0x8B, 0x01, 0x8B, 0x01, 0x83, 0x01, 0x87, 0x05, 0x83, 0x07, 0xCF, 0x05, 0x8F, 0x07, 0x8F, 0x0D, 0x8F, 0x07, 0x8F,
    0x0D, 0x8F, 0x17, 0xDF, 0x1D, 0x9F, 0x17, 0xBF, 0x1D, 0x3E, 0x16, 0xBE, 0x5C, 0xFE, 0x54, 0xFE, 0xDD, 0xFF, 0x55, 0xFF, 0xDD, 0xFB, 0x51, 0xFB,
    0xD1, 0xBB, 0x57, 0xFF, 0xD5, 0xFF, 0x77, 0xFF, 0xDD, 0xEF, 0x57, 0xEF, 0xDD, 0xFF, 0x57, 0xFF, 0xDD, 0xFF, 0x77, 0xFF, 0xDD, 0xFF, 0x77, 0xFF,
    0xDD, 0xFE, 0x77, 0xFE, 0xDD, 0xFF, 0x77, 0xFF, 0xDD, 0xFF, 0x06, 0x0E, 0x04, 0x0E, 0x04, 0x0E, 0x04, 0x0C, 0x04, 0x0C, 0x0C, 0x08, 0x14, 0x08,
    0x18, 0x0A, 0x10, 0x0A, 0x00, 0x03, 0x00, 0x02, 0x69, 0x15, 0x06, 0x07, 0x0E, 0x05, 0x0F, 0x07, 0x1E, 0x8D, 0x0F, 0x07, 0x0F, 0x1D, 0x1F, 0x17,
    0x1F, 0x5D, 0x3F, 0x57, 0x3E, 0x5C, 0x3E, 0x54, 0x3E, 0x1C, 0x3E, 0x14, 0x3E, 0x1D, 0x3F, 0x55, 0x3B, 0x19, 0x3B, 0x13, 0x3B, 0x15, 0x3F, 0x17,
    0x3F, 0x1D, 0x3F, 0x17, 0x2F, 0x1D, 0x2F, 0x17, 0x2F, 0x1D, 0x3F, 0x17, 0x3F, 0x1D, 0x3F, 0x37, 0x3F, 0x1D, 0x3F, 0x37, 0x3E, 0x54, 0x7E, 0x77,
    0x7F, 0x5D, 0x7F, 0x77, 0xFF, 0x5D, 0xFF, 0x57, 0xEF, 0x5D, 0xBF, 0x17, 0xFF, 0x5D, 0xBF, 0x37, 0xBF, 0x5D, 0x3F, 0x77, 0x7F, 0x5D, 0x7F, 0x77,
    0xFF, 0xDD, 0xFF, 0x77, 0xFF, 0xDD, 0xFF, 0x77, 0xFF, 0xD9, 0xFF, 0x73, 0xFF, 0xD5, 0xFF, 0x77, 0xFF, 0xDD, 0xFF, 0x9B, 0x00, 0x00, 0x01, 0x98,
    0x00, 0x00, 0x20, 0x83, 0x00, 0x00, 0x08, 0x80, 0x00, 0x0D, 0x08, 0x00, 0xA8, 0x10, 0x38, 0x18, 0x38, 0x10, 0x38, 0x18, 0x38, 0x10, 0x38, 0x10,
    0x80, 0x30, 0x29, 0x14, 0x2A, 0x74, 0x2E, 0x44, 0x2E, 0x04, 0x0E, 0x0C, 0x0E, 0x15, 0x1E, 0x1D, 0x3F, 0x37, 0x3F, 0x1D, 0x3F, 0x37, 0x3E, 0x5C,
    0x7E, 0x76, 0xFE, 0x5C, 0xFE, 0x75, 0xFF, 0xDD, 0xFF, 0x75, 0xFB, 0xD9, 0xFB, 0x73, 0xFB, 0xDD, 0xFF, 0x77, 0xFF, 0xDD, 0xFF, 0x00, 0x95, 0x00,
    0x01, 0x20, 0x08, 0x85, 0x00, 0x00, 0x80, 0x88, 0x00, 0x01, 0x80, 0x00, 0x82, 0x80, 0x00, 0x00, 0x80, 0x80, 0x00, 0x00, 0x80, 0x80, 0x08, 0x00,
    0x80, 0x00, 0x80, 0x00, 0x80, 0x00, 0x80, 0x02, 0x80, 0x80, 0x10, 0x00, 0x80, 0x04, 0x80, 0x00, 0x80, 0x40, 0x80, 0x40, 0xC0, 0xC0, 0xE0, 0x40,
    0xE0, 0xC0, 0xE0, 0x40, 0x80, 0xC0, 0x23, 0x40, 0xE0, 0xC0, 0xE0, 0x41, 0xE2, 0xC1, 0xE3, 0x41, 0xE2, 0x41, 0xE2, 0x45, 0xEF, 0xD5, 0xFF, 0x77,
    0xFF, 0xDD, 0xFF, 0x77, 0xFF, 0xDD, 0xFB, 0x77, 0xFF, 0xDD, 0xFF, 0x77, 0xFF, 0xDD, 0xFF, 0x77, 0xFF, 0xDD, 0x02, 0x80, 0x00, 0x00, 0x02, 0x86,
    0x00, 0x00, 0x40, 0x80, 0x00, 0x7F, 0x02, 0x00, 0x02, 0x01, 0x02, 0x05, 0x02, 0x01, 0x02, 0x04, 0x02, 0x05, 0x06, 0x05, 0x07, 0x05, 0x0F, 0x05,
    0x0B, 0x07, 0x0A, 0x04, 0x02, 0x00, 0x0A, 0x04, 0x06, 0x04, 0x8E, 0x04, 0x8E, 0x05, 0x88, 0x01, 0x89, 0x01, 0xAB, 0x81, 0x8B, 0x03, 0x8F, 0x05,
    0x8F, 0x07, 0x8F, 0x05, 0x0F, 0x07, 0x1F, 0x0D, 0x0F, 0x07, 0x8F, 0x1D, 0x9F, 0x17, 0x9F, 0x9D, 0x9F, 0x15, 0xBB, 0x9D, 0xBB, 0x57, 0xFF, 0xD5,
    0xFF, 0x77, 0xFF, 0xD5, 0xEF, 0x47, 0xEF, 0xCD, 0xCF, 0x57, 0xDF, 0xDD, 0xBF, 0x57, 0xBF, 0x9D, 0xBF, 0x37, 0xBF, 0x1D, 0x3F, 0x77, 0xFF, 0x5D,
    0xFF, 0x77, 0xFF, 0xDD, 0xFF, 0x75, 0xFF, 0xDD, 0xFB, 0x71, 0xFB, 0xDD, 0xFF, 0x77, 0xFF, 0xDD, 0xFF, 0x77, 0xFF, 0xC5, 0x0A, 0x00, 0x0A, 0x00,
    0x0A, 0x01, 0x0E, 0x04, 0x0E, 0x04, 0x0E, 0x04, 0x08, 0x00, 0x0A, 0x00, 0x08, 0x01, 0x6D, 0x1B, 0x05, 0x0B, 0x17, 0x1F, 0x95, 0x0F, 0x07, 0x4E,
    0x04, 0x0E, 0x07, 0x0E, 0x1C, 0x1E, 0x17, 0x5E, 0x1D, 0x1E, 0x15, 0x1E, 0x1C, 0x3A, 0x10, 0x3A, 0x15, 0x3A, 0x97, 0x3E, 0x15, 0x3F, 0x37, 0x2F,
    0x25, 0x0F, 0x25, 0x0F, 0x0D, 0x0F, 0x17, 0x1F, 0x1D, 0x3F, 0x17, 0x3F, 0x1D, 0x7F, 0x17, 0x7E, 0x1D, 0x7E, 0x37, 0x3E, 0x1D, 0x3F, 0x77, 0x7F,
    0x5D, 0x3F, 0x75, 0x39, 0x59, 0x3B, 0x73, 0x7B, 0x5D, 0x7F, 0x77, 0x7F, 0x55, 0x6F, 0x67, 0x6F, 0x4D, 0x6F, 0x47, 0xFF, 0x5D, 0xFF, 0x57, 0xFF,
    0x5D, 0xBF, 0x37, 0xBF, 0x1D, 0x3F, 0x77, 0xFF, 0x5F, 0xFF, 0x77, 0xFF, 0xDD, 0xFF, 0x75, 0xFF, 0xDD, 0xFF, 0x75, 0xFF, 0xDD, 0xFF, 0x77, 0xFF,
    0xDD, 0xFF, 0x7F, 0xFF, 0xDD, 0xAF, 0x00, 0x00, 0x10, 0x84, 0x00, 0x45, 0x08, 0x00, 0x08, 0x00, 0x08, 0x00, 0x08, 0x90, 0x08, 0x10, 0x30, 0x10,
    0x38, 0x10, 0x38, 0x10, 0x28, 0x00, 0x28, 0x00, 0x28, 0x00, 0x28, 0x10, 0x38, 0x10, 0x38, 0x10, 0x3A, 0x14, 0x3A, 0x14, 0x2E, 0x04, 0x2E, 0x14,
    0x3E, 0x5C, 0x7E, 0x76, 0x7E, 0x5C, 0x7E, 0x75, 0xFE, 0x5C, 0xBA, 0x75, 0xFE, 0x5D, 0xFF, 0x77, 0xFF, 0xDD, 0xFF, 0x77, 0xFF, 0xD5, 0xEF, 0x67,
    0xEF, 0xDD, 0xFF, 0x77, 0xFF, 0xDD, 0xFF, 0x77, 0xBF, 0x9D, 0x00, 0x91, 0x00, 0x00, 0x10, 0x93, 0x00, 0x08, 0x40, 0x80, 0x00, 0x80, 0x00, 0x80,
    0x00, 0x80, 0x00, 0x80, 0x80, 0x00, 0x00, 0x80, 0x80, 0x01, 0x00, 0x80, 0x82, 0x00, 0x0D, 0x02, 0x00, 0x80, 0x08, 0x80, 0x00, 0xC0, 0x80, 0xC0,
    0x00, 0xC0, 0x80, 0x80, 0x40, 0x80, 0xC0, 0x00, 0x40, 0x80, 0xC0, 0x00, 0x40, 0x80, 0xC0, 0x00, 0x40, 0x80, 0xC0, 0x20, 0x41, 0xC3, 0xC1, 0xA3,
    0x01, 0xA3, 0x01, 0x22, 0x23, 0xE6, 0x45, 0xEE, 0x77, 0xFE, 0xDD, 0xFE, 0x75, 0xFC, 0xDD, 0xF9, 0x71, 0xFB, 0xDD, 0xFB, 0x77, 0xFF, 0xDD, 0xFF,
    0x77, 0xFF, 0xD5, 0xEF, 0x67, 0x86, 0x00, 0x00, 0x80, 0x84, 0x00, 0x7F, 0x41, 0x02, 0x01, 0x03, 0x01, 0x02, 0x03, 0x02, 0x04, 0x02, 0x06, 0x06,
    0x04, 0x0E, 0x04, 0x0E, 0x04, 0x0E, 0x04, 0x08, 0x04, 0x08, 0x00, 0x0A, 0x00, 0x0A, 0x01, 0x0A, 0x05, 0x12, 0x0D, 0x06, 0x04, 0x02, 0x05, 0x8F,
    0x05, 0x8F, 0x07, 0x8F, 0x0D, 0x8F, 0x07, 0x8F, 0x15, 0x0F, 0x07, 0x0F, 0x0D, 0x0F, 0x17, 0x0E, 0x1D, 0x9E, 0x17, 0x9E, 0x1C, 0x9E, 0x15, 0x9C,
    0x9D, 0xBB, 0x11, 0xBB, 0xDD, 0xBB, 0x77, 0xFF, 0xD5, 0xA7, 0x47, 0xE7, 0xC5, 0xEF, 0x47, 0xEF, 0xDF, 0xFF, 0x57, 0xFF, 0xDD, 0xBF, 0x17, 0xBF,
    0x1D, 0xBF, 0x37, 0xFF, 0x5D, 0xFF, 0x77, 0xFF, 0xDD, 0xFE, 0x77, 0xFE, 0xDD, 0xFD, 0x75, 0xFF, 0xDD, 0xFF, 0x77, 0xFF, 0xDD, 0xFF, 0x77, 0xFF,
    0xD5, 0xFF, 0x77, 0x08, 0x00, 0x08, 0x10, 0x0A, 0x10, 0x0A, 0x10, 0x0A, 0x04, 0x02, 0x00, 0x02, 0x04, 0x02, 0x14, 0x0E, 0x6E, 0x15, 0x0E, 0x07,
    0x0E, 0x1D, 0x0F, 0x57, 0x0E, 0x14, 0x1F, 0x16, 0x1E, 0x1C, 0x3E, 0x16, 0x3E, 0x1C, 0x3E, 0x14, 0x3C, 0x1C, 0x38, 0x10, 0x38, 0x19, 0x3B, 0x11,
    0x3B, 0x15, 0x3B, 0x17, 0x27, 0x05, 0x27, 0x0F, 0x2F, 0x05, 0x2F, 0x07, 0x2F, 0x1D, 0x3F, 0x17, 0x3F, 0x1D, 0x3F, 0x17, 0x3F, 0x1D, 0x3F, 0x37,
    0x3F, 0x1D, 0x3E, 0x76, 0x7E, 0x5C, 0x7E, 0x74, 0x7C, 0x5D, 0x7B, 0x75, 0x7F, 0x5D, 0x7F, 0x77, 0x7F, 0x5D, 0x3F, 0x37, 0x3F, 0x15, 0x3F, 0x77,
    0x7F, 0x5D, 0x7F, 0x77, 0xFF, 0x5D, 0xFF, 0x77, 0xFF, 0x5D, 0xFF, 0x77, 0xFF, 0xFD, 0xFF, 0x77, 0xFF, 0xDD, 0xFF, 0x77, 0xFF, 0xD5, 0xFF, 0x77,
    0xFF, 0xDD, 0xFF, 0x77, 0xFF, 0xDD, 0xFF, 0x57, 0xFF, 0xDD, 0xBF, 0x37, 0xAA, 0x00, 0x00, 0x08, 0x8B, 0x00, 0x00, 0x40, 0x80, 0x00, 0x3F, 0x08,
    0x10, 0x00, 0x10, 0x38, 0x10, 0x30, 0x10, 0x20, 0x00, 0x20, 0x00, 0x20, 0x00, 0x20, 0x00, 0x28, 0x00, 0x28, 0x10, 0x08, 0x1C, 0x18, 0x10, 0x18,
    0x14, 0x3E, 0x14, 0x3E, 0x1C, 0x3E, 0x74, 0x7E, 0x5C, 0x7E, 0x74, 0x7C, 0x5C, 0xFC, 0x74, 0xFC, 0xDD, 0xFB, 0x77, 0xFF, 0xDD, 0xFB, 0x77, 0xF7,
    0xD5, 0xE7, 0x77, 0xEF, 0xDD, 0xFF, 0x77, 0xFF, 0xDD, 0xFF, 0x57, 0xFF, 0xDD, 0xBF, 0x37, 0x00, 0x8B, 0x00, 0x01, 0x80, 0x10, 0x9B, 0x00, 0x00,
    0x80, 0x80, 0x00, 0x03, 0x80, 0x00, 0x80, 0x00, 0x80, 0x80, 0x06, 0x00, 0x80, 0x00, 0x80, 0x00, 0x80, 0x10, 0x83, 0x00, 0x03, 0x80, 0x00, 0x80,
    0x00, 0x80, 0x80, 0x00, 0x00, 0x80, 0xC0, 0x04, 0x40, 0xC0, 0xC0, 0x80, 0x40, 0x80, 0xC0, 0x26, 0x40, 0xC0, 0xC0, 0xC2, 0x40, 0xC2, 0xC1, 0x83,
    0x01, 0x83, 0x81, 0x83, 0x03, 0xA3, 0xC5, 0xE7, 0x77, 0xEE, 0xD4, 0xFE, 0x74, 0xEE, 0xD4, 0xFC, 0x75, 0xFD, 0xDD, 0xFF, 0x77, 0xFF, 0xDD, 0xFB,
    0x77, 0xFF, 0xD5, 0xF7, 0x77, 0xFF, 0xDD, 0x80, 0x00, 0x00, 0x80, 0x83, 0x00, 0x00, 0x40, 0x81, 0x00, 0x1E, 0x04, 0x02, 0x00, 0x0A, 0x05, 0x02,
    0x01, 0x0A, 0x04, 0x02, 0x06, 0x0E, 0x04, 0x0E, 0x06, 0x0E, 0x04, 0x0E, 0x04, 0x0C, 0x04, 0x08, 0x00, 0x08, 0x00, 0x4A, 0x01, 0x1B, 0x01, 0x03,
    0x13, 0x80, 0x03, 0x7F, 0x07, 0x07, 0x05, 0x0F, 0x07, 0x0F, 0x0D, 0x0F, 0x07, 0x0F, 0x0D, 0x0F, 0x17, 0x1F, 0x1D, 0x1F, 0x17, 0x1F, 0x1D, 0x3F,
    0x17, 0x3E, 0x1C, 0x3E, 0x14, 0xAC, 0x5C, 0xBD, 0x55, 0xFF, 0xDD, 0xBF, 0x57, 0xBB, 0xD5, 0xBB, 0x17, 0xAF, 0x15, 0xAF, 0x17, 0xBF, 0x5D, 0xFF,
    0x77, 0xFF, 0xDD, 0xFF, 0xD7, 0xFF, 0xDD, 0xBF, 0x77, 0xFF, 0xDD, 0xFF, 0x77, 0xFF, 0xDD, 0xFF, 0x77, 0xFE, 0xD5, 0xFE, 0x77, 0xFF, 0xDD, 0xFF,
    0x77, 0xFF, 0xDD, 0xFF, 0x57, 0xFF, 0xDD, 0xBF, 0x37, 0xBF, 0xDD, 0x08, 0x00, 0x08, 0x10, 0x08, 0x10, 0x08, 0x00, 0x06, 0x00, 0x02, 0x00, 0x0A,
    0x64, 0x0E, 0x04, 0x0E, 0x04, 0x0E, 0x0C, 0x1E, 0x14, 0x0E, 0x1D, 0x1E, 0x14, 0x1E, 0x1C, 0x3E, 0x16, 0x3E, 0x1C, 0x3E, 0x14, 0x3E, 0x94, 0x28,
    0x14, 0x2C, 0x1C, 0x3A, 0x15, 0x3F, 0x1D, 0x3B, 0x13, 0x1B, 0x15, 0x23, 0x4E, 0x17, 0x2F, 0x35, 0x3F, 0x37, 0x3F, 0x3D, 0x3F, 0x17, 0x3E, 0x1D,
    0x3E, 0x95, 0x3E, 0x1D, 0x3F, 0x37, 0x7F, 0x5D, 0x7F, 0x77, 0x7E, 0x55, 0x7E, 0x74, 0x7E, 0x54, 0x6F, 0x7F, 0x6F, 0x5D, 0x7F, 0x57, 0xFF, 0x5D,
    0x9F, 0x17, 0x9F, 0x1D, 0x3F, 0x37, 0xBF, 0x5D, 0x3F, 0x77, 0x7F, 0x5D, 0x7E, 0x76, 0xFE, 0x7C, 0xFE, 0x75, 0xFF, 0xDD, 0xFF, 0x77, 0xFF, 0xDD,
    0xFB, 0x73, 0xFB, 0xD5, 0xF7, 0x77, 0xFF, 0xDD, 0xFF, 0x77, 0xFF, 0xDD, 0xFF, 0x57, 0xFF, 0xDD, 0xBF, 0x57, 0xBF, 0xDD, 0xA5, 0x00, 0x03, 0x04,
    0x00, 0x00, 0x01, 0x96, 0x00, 0x3A, 0x10, 0x00, 0x00, 0x20, 0x00, 0x20, 0x00, 0x20, 0x00, 0x20, 0x00, 0x28, 0x00, 0x08, 0x00, 0x08, 0x00, 0x08,
    0x18, 0x18, 0x10, 0x3C, 0x1C, 0x3E, 0x34, 0x3E, 0x5C, 0x7E, 0x74, 0x7C, 0x5C, 0x7C, 0x74, 0xFC, 0xDC, 0xFF, 0x75, 0xFF, 0xDD, 0xFB, 0x71, 0xFB,
    0xD1, 0xFB, 0x77, 0xFF, 0xDD, 0xFF, 0x77, 0xFF, 0xDD, 0xFF, 0x77, 0xFF, 0xDD, 0xFF, 0x77, 0xFF, 0xDD, 0x00, 0x85, 0x00, 0x03, 0x20, 0x00, 0x00,
    0x01, 0xA9, 0x00, 0x00, 0x20, 0x84, 0x00, 0x00, 0x80, 0x83, 0x00, 0x04, 0x40, 0xC0, 0x40, 0x80, 0x40, 0x80, 0x80, 0x00, 0x00, 0x80, 0x80, 0x2F,
    0x00, 0x80, 0x80, 0x82, 0x00, 0x82, 0x80, 0x82, 0x06, 0x86, 0x04, 0x06, 0x04, 0x8E, 0x44, 0x8E, 0x45, 0xCF, 0xCD, 0xEF, 0x57, 0xFF, 0xDD, 0xFB,
    0x71, 0xFE, 0xD4, 0xF2, 0x77, 0xFF, 0xD5, 0xFF, 0x77, 0xEF, 0xDD, 0xEF, 0x57, 0xCF, 0xDD, 0xFF, 0x57, 0xFF, 0xDD, 0xFF, 0x77, 0x08, 0x00, 0x20,
    0x82, 0x00, 0x7F, 0x01, 0x00, 0x02, 0x00, 0x02, 0x04, 0x06, 0x04, 0x0E, 0x04, 0x0E, 0x04, 0x0E, 0x04, 0x0E, 0x04, 0x0E, 0x1C, 0x0E, 0x14, 0x0E,
    0x14, 0x0A, 0x90, 0x0A, 0x04, 0x0A, 0x04, 0x2E, 0x04, 0x0E, 0x0C, 0x0E, 0x05, 0x0B, 0x01, 0x0B, 0x01, 0x0B, 0x03, 0x0F, 0x15, 0x1F, 0x17, 0x0F,
    0x1D, 0x2F, 0x17, 0x0E, 0x0C, 0x0E, 0x14, 0x1E, 0x1D, 0x3F, 0x15, 0x3F, 0x1D, 0x3F, 0x35, 0x3B, 0x19, 0x3A, 0x33, 0xBA, 0x55, 0xBF, 0x77, 0xFF,
    0x5D, 0xEF, 0x47, 0xEF, 0x6D, 0x8F, 0x17, 0x9F, 0x9D, 0xBF, 0x17, 0xBF, 0x5D, 0xBF, 0x77, 0xBF, 0x5D, 0x3F, 0x76, 0x7E, 0x5C, 0xFE, 0x77, 0xFF,
    0xDD, 0xFF, 0x77, 0xFF, 0xDF, 0xFB, 0x73, 0xFB, 0xD1, 0xFB, 0x7F, 0xFF, 0xD5, 0xFF, 0x77, 0xFF, 0xDD, 0xEF, 0x47, 0xEF, 0xDD, 0xFF, 0x77, 0xFF,
    0xDD, 0xFF, 0x77, 0x08, 0x00, 0x08, 0x00, 0x08, 0x40, 0x48, 0x08, 0x77, 0x08, 0x00, 0x0C, 0x10, 0x08, 0x14, 0x3F, 0x14, 0x2E, 0x14, 0x2D, 0x04,
    0x0C, 0x1C, 0x3C, 0x14, 0x3C, 0x1C, 0x38, 0x54, 0x38, 0x18, 0x38, 0x10, 0x38, 0x10, 0x32, 0x30, 0x2A, 0x14, 0x2E, 0x34, 0x2E, 0x44, 0x2E, 0x04,
    0x2E, 0x0C, 0x2E, 0x14, 0x3E, 0x1C, 0x3E, 0x16, 0x3E, 0x1C, 0x3E, 0x36, 0x3E, 0x1C, 0x3E, 0x74, 0x7E, 0x7C, 0x7E, 0x74, 0x7E, 0x5C, 0x7E, 0x71,
    0xFA, 0x59, 0x7F, 0x71, 0xFB, 0x55, 0xFF, 0x77, 0xFF, 0x55, 0xFF, 0x77, 0xEF, 0x4D, 0xEF, 0x47, 0xDF, 0x5D, 0xBF, 0x57, 0xFF, 0xDD, 0xFF, 0x77,
    0xFF, 0x5D, 0xFF, 0x76, 0xFE, 0x5C, 0xFE, 0x76, 0xFE, 0xDD, 0xFF, 0x75, 0xFF, 0xDD, 0xFF, 0x71, 0xFB, 0xDD, 0xFB, 0x77, 0xFF, 0xDD, 0xFF, 0x77,
    0xFF, 0xDD, 0xFF, 0x77, 0xFF, 0x5D, 0xFF, 0x77, 0xFF, 0xDD, 0xFF, 0x77, 0x9D, 0x00, 0x00, 0x04, 0x80, 0x00, 0x00, 0x01, 0x8C, 0x00, 0x00, 0x01,
    0x96, 0x00, 0x31, 0x20, 0x00, 0x20, 0x00, 0x21, 0x00, 0x28, 0x00, 0x28, 0x50, 0x78, 0x58, 0x78, 0x70, 0xF8, 0x58, 0x39, 0x70, 0xF8, 0x50, 0xF8,
    0x70, 0xFA, 0xD5, 0xFB, 0x75, 0xEF, 0xC5, 0xEF, 0x45, 0xEF, 0xCD, 0xDF, 0x57, 0xFF, 0xDD, 0xFF, 0x77, 0xFF, 0xDD, 0xBF, 0x77, 0x7F, 0x5D, 0x7F,
    0x77, 0xFF, 0xDD, 0xFF, 0x77, 0x00, 0x82, 0x00, 0x00, 0x01, 0x91, 0x00, 0x00, 0x08, 0x95, 0x00, 0x00, 0x20, 0x80, 0x00, 0x00, 0x01, 0x85, 0x00,
    0x04, 0x20, 0x40, 0x20, 0x00, 0x20, 0x82, 0x00, 0x7F, 0x80, 0x00, 0x80, 0x00, 0x80, 0x00, 0x80, 0x00, 0x80, 0x80, 0x82, 0x00, 0x82, 0x84, 0x82,
    0x06, 0x86, 0x04, 0x06, 0x06, 0x0E, 0x04, 0x0E, 0x44, 0xCE, 0xCC, 0xCE, 0x5D, 0xEE, 0xDD, 0xF9, 0x51, 0xFB, 0xD1, 0xFB, 0x73, 0xFF, 0xD5, 0xFF,
    0x77, 0xFF, 0xC5, 0xEF, 0x47, 0xEF, 0xCD, 0xEF, 0x57, 0xFF, 0xDD, 0xFF, 0x77, 0xFF, 0xDD, 0x00, 0x00, 0x08, 0x02, 0x00, 0x00, 0x08, 0x00, 0x80,
    0x00, 0x0A, 0x04, 0x0A, 0x04, 0x0E, 0x84, 0x0E, 0x04, 0x0E, 0x04, 0x0E, 0x04, 0x0C, 0x1C, 0x1C, 0x14, 0x1C, 0x1C, 0x18, 0x10, 0x18, 0x50, 0x32,
    0x10, 0x3A, 0x14, 0x2E, 0x14, 0x2E, 0x04, 0x2E, 0x04, 0x0E, 0x0C, 0x0E, 0x05, 0x0E, 0x1D, 0x1F, 0x17, 0x3F, 0x1D, 0x3E, 0x17, 0x3E, 0x1C, 0x3E,
    0x36, 0x3E, 0x1C, 0x3E, 0x34, 0x7E, 0x5C, 0x3E, 0x75, 0x38, 0x59, 0x3B, 0x31, 0xBB, 0x51, 0xBB, 0x77, 0x7F, 0xFF, 0x55, 0xFF, 0x77, 0xEF, 0x45,
    0x2F, 0x47, 0xEF, 0x5D, 0xBF, 0x57, 0xFF, 0xDD, 0xBF, 0x37, 0xBF, 0x1D, 0x3F, 0x37, 0xFE, 0x5C, 0xFE, 0x77, 0xFE, 0xDD, 0xFF, 0x77, 0xFF, 0xDD,
    0xFF, 0x75, 0xFB, 0xDD, 0xFB, 0x77, 0xFF, 0xDD, 0xFF, 0x77, 0xFF, 0xDD, 0xFF, 0x77, 0xFF, 0x5D, 0xFF, 0x77, 0xFF, 0xDD, 0xFF, 0x77, 0xFF, 0xDD,
    0x20, 0x80, 0x00, 0x02, 0x04, 0x00, 0x08, 0x00, 0x08, 0x00, 0x08, 0x18, 0x18, 0x10, 0x38, 0x10, 0x38, 0x10, 0x38, 0x14, 0x38, 0x34, 0x3C, 0x1C,
    0x38, 0x31, 0x38, 0x58, 0x39, 0x10, 0x38, 0x10, 0x38, 0x10, 0x38, 0x50, 0x30, 0x30, 0x6C, 0x44, 0x66, 0x04, 0x6C, 0x04, 0x0E, 0x04, 0x0E, 0x5C,
    0x3E, 0x14, 0x3E, 0x1C, 0x3E, 0x34, 0x3E, 0x3C, 0x3A, 0x74, 0x7E, 0x5C, 0x7E, 0x74, 0xFE, 0x5C, 0xFE, 0x74, 0xFC, 0x5C, 0xF8, 0x50, 0xFA, 0xDD,
    0xFB, 0x77, 0x35, 0xFF, 0xDD, 0xBF, 0x77, 0xBF, 0x5D, 0x3E, 0x77, 0x7E, 0x5D, 0xFE, 0x77, 0xFF, 0xDD, 0xFF, 0x77, 0xFF, 0xDD, 0xFF, 0x75, 0xFE,
    0xDD, 0xFF, 0x77, 0xFF, 0xDD, 0xFF, 0x77, 0xFF, 0xDD, 0xEF, 0x67, 0xEF, 0xCD, 0xFF, 0x57, 0xFF, 0xDD, 0xFF, 0x77, 0xFF, 0xDD, 0xBF, 0x37, 0xBF,
    0x5D, 0x7F, 0x77, 0xFF, 0xDD, 0xFF, 0x77, 0xFF, 0xDD, 0x9B, 0x00, 0x00, 0x01, 0x8B, 0x00, 0x00, 0x01, 0xA1, 0x00, 0x2D, 0x20, 0x00, 0x20, 0x30,
    0x60, 0x50, 0x70, 0x70, 0xF8, 0x50, 0xF0, 0x50, 0xF8, 0x51, 0xF1, 0x71, 0xF9, 0xD1, 0xF3, 0x71, 0xF3, 0xD1, 0xE3, 0x65, 0xEF, 0xC5, 0xEF, 0x57,
    0xFF, 0xDD, 0xFF, 0x57, 0xFF, 0xDD, 0xBF, 0x37, 0xBF, 0x5D, 0xFF, 0x77, 0xFF, 0xDD, 0xFF, 0x77, 0xFF, 0xDD, 0x00, 0x90, 0x00, 0x00, 0x04, 0x94,
    0x00, 0x00, 0x20, 0x9C, 0x00, 0x35, 0x40, 0x00, 0x40, 0x02, 0x40, 0x06, 0x04, 0x0E, 0x04, 0x0E, 0x0C, 0x0E, 0x04, 0x0E, 0x0C, 0x0A, 0x34, 0x3E,
    0x1C, 0x1E, 0x16, 0xBE, 0x1C, 0xBE, 0x14, 0xFE, 0xDC, 0xEC, 0x54, 0xEC, 0xDD, 0xFB, 0x57, 0xFF, 0xDD, 0xFF, 0x57, 0xFF, 0xD5, 0xBF, 0x37, 0xBF,
    0x5D, 0xFF, 0x77, 0xFF, 0xDD, 0xFF, 0x77, 0xFF, 0xDD, 0xFF, 0x77, 0x80, 0x80, 0x00, 0x7B, 0x08, 0x00, 0x08, 0x00, 0x08, 0x1C, 0x88, 0x10, 0x18,
    0x10, 0x18, 0x10, 0x38, 0x14, 0x38, 0x14, 0x3C, 0x1C, 0x3C, 0x34, 0x3C, 0x1C, 0x38, 0x10, 0x28, 0x14, 0x38, 0x10, 0x38, 0x10, 0x3A, 0x10, 0x3A,
    0x14, 0x22, 0x04, 0x2E, 0x04, 0x2E, 0x04, 0x2E, 0x5C, 0x3E, 0x14, 0x3E, 0x1C, 0x3E, 0x14, 0x3E, 0x1C, 0x3A, 0x34, 0x3F, 0x5C, 0x7E, 0x74, 0x7E,
    0x5C, 0x7E, 0x74, 0xEC, 0x54, 0xE8, 0x74, 0xFE, 0xDD, 0xFF, 0x57, 0xFF, 0xDD, 0xBF, 0x17, 0xBF, 0x15, 0x3F, 0x37, 0x3F, 0x5D, 0x7F, 0x77, 0xFF,
    0x5D, 0xFE, 0x77, 0xFE, 0xDD, 0xFE, 0x75, 0xFF, 0xDD, 0xFF, 0x77, 0xFF, 0xDD, 0xFF, 0x77, 0xFF, 0xD5, 0xFF, 0x77, 0xEF, 0xCD, 0xEF, 0x77, 0xFF,
    0xDD, 0xFF, 0x57, 0xFF, 0xDD, 0xBF, 0x17, 0xBF, 0x1D, 0xBF, 0x77, 0xFF, 0xDD, 0xFF, 0x77, 0xFF, 0xDD, 0xFE, 0x75, 0x85, 0x00, 0x77, 0x18, 0x00,
    0x28, 0x10, 0x08, 0x10, 0x38, 0x10, 0x39, 0x10, 0x30, 0x30, 0x38, 0x50, 0x30, 0x70, 0x60, 0x40, 0x60, 0x40, 0x60, 0x40, 0x60, 0x40, 0xE8, 0x50,
    0xB8, 0x10, 0xB8, 0x10, 0x38, 0x10, 0x28, 0x10, 0x38, 0x30, 0x3C, 0x5C, 0x7C, 0x74, 0xFC, 0x5C, 0x78, 0x70, 0xF8, 0x58, 0xF8, 0x70, 0xF8, 0xD8,
    0xF8, 0x70, 0xF8, 0xD0, 0xF0, 0x70, 0xE0, 0x44, 0xE0, 0x64, 0xEC, 0xDC, 0xEE, 0x54, 0xFE, 0xDD, 0xFE, 0x15, 0xBE, 0x3D, 0xBE, 0x37, 0xBE, 0x5C,
    0xFE, 0x76, 0xFE, 0x5C, 0xFE, 0x74, 0xFE, 0xDC, 0xFC, 0x74, 0xFC, 0xDD, 0xFB, 0x75, 0xFF, 0xDD, 0xFB, 0x77, 0xFF, 0xD5, 0xF7, 0x77, 0xEF, 0xD5,
    0xEF, 0x77, 0xFF, 0xDD, 0xFF, 0x77, 0xFF, 0xDD, 0xFF, 0x57, 0xFF, 0xDD, 0xFF, 0x77, 0xFF, 0xDD, 0xFF, 0x77, 0xFF, 0xDD, 0xFE, 0x76, 0x90, 0x00,
    0x00, 0x08, 0x80, 0x00, 0x00, 0x01, 0x8B, 0x00, 0x00, 0x04, 0x9D, 0x00, 0x38, 0x01, 0x00, 0x01, 0x00, 0x01, 0x00, 0x01, 0x00, 0x01, 0x00, 0x01,
    0x00, 0x01, 0x20, 0x00, 0x20, 0x40, 0x60, 0x40, 0x60, 0x40, 0xE0, 0x41, 0xE1, 0x41, 0xE3, 0xC1, 0xE3, 0x41, 0xA3, 0x81, 0xA3, 0x13, 0xA3, 0x15,
    0xBF, 0x77, 0xFF, 0x5D, 0xFF, 0x77, 0xFF, 0x5D, 0xFF, 0x75, 0xFF, 0xDD, 0xFF, 0x77, 0xFF, 0xDD, 0xFF, 0x77, 0xFF, 0xDD, 0xFF, 0x77, 0x00, 0x8B,
    0x00, 0x00, 0x02, 0x93, 0x00, 0x00, 0x10, 0x9C, 0x00, 0x04, 0x20, 0x00, 0x20, 0x00, 0x20, 0x81, 0x00, 0x31, 0x0E, 0x04, 0x0E, 0x04, 0x0E, 0x4C,
    0x4E, 0x04, 0x0E, 0x1C, 0x1C, 0x14, 0x1C, 0x1C, 0x3A, 0x14, 0xBE, 0x1C, 0xBA, 0x34, 0xBA, 0x54, 0xB2, 0x74, 0xEE, 0xC5, 0xEF, 0x77, 0xEF, 0xDD,
    0xFF, 0x5F, 0xDF, 0xDD, 0x9F, 0x17, 0xBF, 0x9D, 0xBF, 0x37, 0xFF, 0x5D, 0xFF, 0x77, 0xFF, 0x5D, 0xFE, 0x76, 0xFE, 0xDD, 0x81, 0x00, 0x7B, 0x28,
    0x00, 0x28, 0x40, 0x28, 0x10, 0x08, 0x18, 0x18, 0x10, 0x38, 0x18, 0x38, 0x30, 0x38, 0x10, 0x38, 0x30, 0x38, 0x50, 0x32, 0x60, 0x68, 0x40, 0x68,
    0x50, 0x68, 0x58, 0x78, 0x50, 0x38, 0x10, 0x18, 0x10, 0x38, 0x14, 0x3C, 0x34, 0x3E, 0x5C, 0x3E, 0x74, 0x7C, 0x5C, 0x7C, 0x76, 0x7C, 0x5C, 0xF8,
    0x74, 0xFC, 0x5C, 0xFA, 0x70, 0xFA, 0x50, 0xFA, 0x70, 0xF2, 0x54, 0xE2, 0x64, 0xEE, 0xCC, 0xEE, 0x74, 0xFE, 0xDC, 0xFE, 0x56, 0x9E, 0x9C, 0xBE,
    0x56, 0xBE, 0x1C, 0xBE, 0x76, 0xFE, 0x7C, 0xFE, 0x76, 0xFE, 0x7C, 0xFE, 0x74, 0xFC, 0xDC, 0xFE, 0x75, 0xFF, 0xDD, 0xFB, 0x73, 0xFB, 0xD3, 0xF3,
    0x77, 0xFF, 0xD7, 0xFF, 0x77, 0xFF, 0xDD, 0xFF, 0x77, 0xFF, 0xDD, 0xFF, 0x57, 0xFF, 0xDD, 0xFF, 0x77, 0xFF, 0xDD, 0xFF, 0x77, 0xFF, 0xDD, 0xFE,
    0x76, 0xFE, 0xDC, 0x81, 0x00, 0x7B, 0x20, 0x00, 0x30, 0x00, 0x20, 0x01, 0x20, 0x00, 0x20, 0x00, 0x20, 0x40, 0x20, 0x50, 0xF0, 0x50, 0x30, 0x70,
    0xA0, 0x40, 0x20, 0x40, 0xE0, 0x40, 0x60, 0x40, 0xE0, 0x40, 0xE0, 0x40, 0xC8, 0x40, 0x80, 0x10, 0x88, 0x10, 0x38, 0x10, 0xB8, 0x50, 0x38, 0x70,
    0x78, 0x50, 0x78, 0x70, 0xF8, 0x50, 0xF8, 0x70, 0xF8, 0xD8, 0xF8, 0x70, 0xF8, 0xD0, 0xF0, 0x70, 0xF8, 0xD0, 0xE0, 0x70, 0xE8, 0xD4, 0xEC, 0x74,
    0xFC, 0xDC, 0xEC, 0x54, 0xFC, 0x5C, 0xBC, 0x55, 0xFE, 0xDD, 0xFF, 0x75, 0xFE, 0xDD, 0xFE, 0x74, 0xFE, 0x5C, 0xFE, 0x74, 0xFC, 0xDC, 0xFF, 0x7D,
    0xFF, 0xDD, 0xFF, 0x75, 0xFB, 0xDD, 0xFB, 0x57, 0xFF, 0xDD, 0xFF, 0x77, 0xFF, 0xDD, 0xFF, 0x77, 0xFF, 0x5D, 0xFF, 0x77, 0xFF, 0xDD, 0xFF, 0x77,
    0xFF, 0xDD, 0xFF, 0x77, 0xFF, 0xDD, 0xFF, 0x77, 0xFF, 0xD5, 0x8A, 0x00, 0x00, 0x10, 0x91, 0x00, 0x00, 0x04, 0x93, 0x00, 0x01, 0x01, 0x00, 0x8A,
    0x01, 0x84, 0x00, 0x86, 0x01, 0x27, 0x02, 0x01, 0x43, 0x41, 0x83, 0x41, 0xC3, 0x41, 0xC3, 0x43, 0xC3, 0xC1, 0x83, 0x03, 0x83, 0x05, 0xA3, 0x17,
    0xBF, 0x55, 0xBF, 0x77, 0xFF, 0x5D, 0x7E, 0x76, 0xFE, 0xDC, 0xFF, 0x75, 0xFF, 0xDD, 0xFF, 0x77, 0xFF, 0xD9, 0xFB, 0x73, 0xFB, 0xD5, 0x00, 0x83,
    0x00, 0x00, 0x02, 0x94, 0x00, 0x00, 0x08, 0x88, 0x00, 0x00, 0x01, 0x94, 0x00, 0x7F, 0x20, 0x00, 0x08, 0x00, 0x08, 0x00, 0x08, 0x00, 0x08, 0x10,
    0x08, 0x5C, 0x18, 0x54, 0x3E, 0x5C, 0x3E, 0x14, 0x3C, 0x1C, 0x3C, 0x34, 0x3C, 0x5C, 0x3C, 0x74, 0x7C, 0x5C, 0xF8, 0x50, 0xF8, 0x50, 0xBA, 0x72,
    0xFA, 0x55, 0xFF, 0x77, 0xFF, 0x5D, 0xEF, 0x77, 0xEF, 0x4D, 0xEF, 0x57, 0xFF, 0xDD, 0xFF, 0x77, 0xFF, 0xDD, 0xFF, 0x77, 0xFF, 0xDD, 0xFE, 0x77,
    0xFE, 0xDD, 0xFF, 0x77, 0x08, 0x90, 0x70, 0x10, 0x38, 0x10, 0x38, 0x10, 0x28, 0x50, 0x28, 0x50, 0x78, 0x50, 0x78, 0x70, 0xF8, 0x50, 0xF8, 0x70,
    0xF8, 0x50, 0xF0, 0x70, 0xE0, 0x50, 0xE0, 0x70, 0xE8, 0x40, 0xE8, 0x40, 0xE8, 0x40, 0x88, 0x00, 0x88, 0x18, 0xB8, 0x10, 0xB8, 0x5C, 0xB8, 0x34,
    0x38, 0x5C, 0x78, 0x74, 0x78, 0x5C, 0xF8, 0x74, 0xFC, 0xDC, 0xF8, 0x70, 0xF8, 0xD8, 0xF8, 0x70, 0xF8, 0xD0, 0xF4, 0x70, 0xFE, 0xD4, 0x3D, 0xFE,
    0x74, 0xFE, 0x5C, 0xEE, 0x54, 0xEE, 0x5C, 0xFE, 0x54, 0xFE, 0xDC, 0xFE, 0x74, 0xFE, 0xDC, 0xFE, 0x74, 0xFE, 0x5C, 0xFE, 0x74, 0xFE, 0xDC, 0xFE,
    0x74, 0xFF, 0xDC, 0xFE, 0x75, 0xFF, 0xDD, 0xFB, 0x57, 0xFF, 0xDD, 0xFF, 0x77, 0xFF, 0xDD, 0xFF, 0x77, 0xFF, 0x5D, 0x7E, 0x77, 0xFF, 0xDD, 0xFF,
    0x77, 0xFF, 0xDD, 0xFF, 0xF7, 0xFF, 0xDD, 0xFB, 0x73, 0xFF, 0xDD, 0xFF, 0x77, 0x80, 0x00, 0x7C, 0x04, 0x00, 0x00, 0x20, 0x00, 0x20, 0x00, 0x20,
    0x00, 0x60, 0x40, 0x61, 0x40, 0xE0, 0x40, 0xE0, 0x40, 0xC0, 0x40, 0x80, 0x00, 0x80, 0x00, 0xA0, 0x00, 0xA0, 0x40, 0x20, 0x00, 0x20, 0x40, 0x00,
    0x00, 0x80, 0x40, 0xA0, 0x50, 0xF0, 0x50, 0xB0, 0x70, 0xF0, 0x70, 0xB0, 0x70, 0xF0, 0x70, 0xE0, 0x70, 0xE0, 0xD0, 0xE4, 0x60, 0xE0, 0xC0, 0xE0,
    0x41, 0xC0, 0xC1, 0xE5, 0x55, 0xF9, 0xD5, 0xF9, 0x31, 0xB9, 0x51, 0x38, 0x70, 0x78, 0x58, 0x78, 0x70, 0xF8, 0xDD, 0xF9, 0x79, 0xF9, 0xD9, 0xF9,
    0x71, 0xF9, 0xD1, 0xFB, 0x71, 0xFB, 0xD5, 0xFB, 0x77, 0xFF, 0xD5, 0xEF, 0x67, 0xEF, 0xCD, 0xCF, 0x57, 0xFF, 0xDD, 0xFF, 0x77, 0xFF, 0xDD, 0xBF,
    0x77, 0xFF, 0x5D, 0x7E, 0x77, 0xFE, 0xDC, 0xFE, 0x77, 0xFF, 0xDD, 0xFF, 0x75, 0xFF, 0xDD, 0xFB, 0x7B, 0xFB, 0xDD, 0xFF, 0x7F, 0x83, 0x00, 0x00,
    0x20, 0x91, 0x00, 0x00, 0x04, 0x94, 0x00, 0x01, 0x01, 0x00, 0x80, 0x01, 0x00, 0x00, 0x86, 0x01, 0x0C, 0x03, 0x01, 0x03, 0x01, 0x03, 0x01, 0x02,
    0x00, 0x02, 0x00, 0x02, 0x00, 0x02, 0x82, 0x01, 0x05, 0x21, 0x01, 0x03, 0x01, 0x03, 0x01, 0x80, 0x03, 0x22, 0x05, 0x03, 0x07, 0x07, 0x05, 0x07,
    0x07, 0x87, 0x45, 0x8F, 0x47, 0x8F, 0xCD, 0xAF, 0x17, 0xBF, 0x55, 0xBF, 0x77, 0xFF, 0xD5, 0xFF, 0x77, 0xFF, 0xDD, 0xFF, 0x77, 0xFF, 0xDD, 0xFF,
    0x57, 0xFF, 0xDD, 0xFF, 0x77, 0x00, 0x01, 0x00, 0x02, 0x93, 0x00, 0x00, 0x04, 0x8B, 0x00, 0x00, 0x02, 0x93, 0x00, 0x00, 0x10, 0x84, 0x00, 0x7F,
    0x48, 0x04, 0x48, 0x04, 0x4C, 0x1C, 0x38, 0x14, 0x38, 0x1C, 0x38, 0x10, 0x38, 0x10, 0x38, 0x34, 0x3C, 0x5C, 0x7C, 0x74, 0x7C, 0x5C, 0x78, 0x74,
    0xE8, 0x48, 0xE8, 0x50, 0xFA, 0xDC, 0xBE, 0x76, 0xFE, 0xDD, 0xBE, 0x37, 0xBE, 0x5C, 0x3E, 0x76, 0xFE, 0x5D, 0xFF, 0x77, 0xFF, 0xDD, 0xFF, 0x77,
    0xFF, 0xDD, 0xFB, 0x77, 0xFF, 0xDD, 0xFF, 0x77, 0xFF, 0xDD, 0x30, 0x10, 0x38, 0x10, 0x30, 0x10, 0x30, 0x10, 0x30, 0x70, 0x78, 0x50, 0xF0, 0x70,
    0xF8, 0x50, 0xF8, 0xD0, 0xE8, 0xD0, 0xE0, 0x50, 0xE0, 0xD0, 0xB0, 0x70, 0xF0, 0x50, 0xA0, 0x40, 0xA8, 0x40, 0x28, 0x40, 0xE8, 0x58, 0xF8, 0x50,
    0xF8, 0xD8, 0xF8, 0x70, 0xF8, 0x58, 0xB8, 0x70, 0xF8, 0x50, 0xF8, 0x70, 0xF8, 0xD0, 0xF8, 0x70, 0xE8, 0xC0, 0xE8, 0x40, 0xEC, 0xD0, 0xF8, 0x50,
    0xF8, 0xDC, 0xF8, 0x74, 0xBC, 0x5C, 0xBC, 0x34, 0x39, 0x3C, 0x5C, 0x7C, 0x74, 0xFC, 0xDC, 0xFC, 0x74, 0xFC, 0xDC, 0xF8, 0x70, 0xF8, 0xD8, 0xF8,
    0x72, 0xFA, 0xDC, 0xFE, 0x76, 0xFE, 0xD4, 0xFE, 0x64, 0xEE, 0xCC, 0xEE, 0x57, 0xFF, 0xDF, 0xFF, 0x77, 0xFF, 0xDF, 0xBF, 0x77, 0xFF, 0x5D, 0x3F,
    0x77, 0xFE, 0x5D, 0xFE, 0x77, 0xFE, 0xDD, 0xFF, 0x75, 0xFF, 0xDD, 0xF9, 0x71, 0xFB, 0xDD, 0xFB, 0x77, 0xFF, 0xDD, 0x82, 0x00, 0x00, 0x10, 0x81,
    0x00, 0x12, 0x01, 0x40, 0x20, 0x40, 0xD0, 0x40, 0x80, 0x40, 0x80, 0x40, 0x80, 0x00, 0x80, 0x00, 0x80, 0x00, 0x80, 0x00, 0x80, 0x80, 0x00, 0x60,
    0x20, 0x00, 0x20, 0x40, 0x60, 0x40, 0xE0, 0x40, 0xE0, 0x40, 0xE0, 0xC0, 0xE0, 0x40, 0xE0, 0xC1, 0xE0, 0x71, 0xE0, 0xC1, 0xE0, 0x61, 0xE0, 0xC1,
    0xE2, 0x43, 0xE0, 0xC1, 0xE3, 0x41, 0xC1, 0xD1, 0xB1, 0x11, 0xB9, 0x11, 0xB3, 0x31, 0x3A, 0x50, 0x7A, 0x70, 0xFA, 0xD8, 0xFA, 0x70, 0xF8, 0xD8,
    0xF8, 0x71, 0xF9, 0xD1, 0xF9, 0x71, 0xFB, 0xD1, 0xFB, 0x73, 0xFB, 0xD5, 0xF3, 0x77, 0xEF, 0xC5, 0xEF, 0x67, 0xEF, 0xDD, 0xFF, 0x77, 0xFF, 0xDD,
    0xFF, 0x77, 0xFF, 0xDD, 0xFF, 0x77, 0xFF, 0xDD, 0xFF, 0x77, 0xFF, 0xDD, 0xFF, 0x77, 0xFF, 0xDD, 0xFF, 0x75, 0xFF, 0xDD, 0xFF, 0x77, 0xFF, 0xDD,
    0x40, 0x92, 0x00, 0x00, 0x04, 0x95, 0x00, 0x84, 0x01, 0x1A, 0x03, 0x01, 0x03, 0x01, 0x02, 0x01, 0x03, 0x01, 0x03, 0x01, 0x03, 0x01, 0x03, 0x01,
    0x03, 0x01, 0x02, 0x01, 0x02, 0x01, 0x02, 0x01, 0x03, 0x01, 0x02, 0x21, 0x02, 0x80, 0x01, 0x03, 0x03, 0x01, 0x03, 0x01, 0x80, 0x03, 0x04, 0x05,
    0x03, 0x07, 0x07, 0x05, 0x80, 0x07, 0x1C, 0x05, 0x0F, 0x07, 0x8F, 0x4D, 0x8F, 0x45, 0xCF, 0xCD, 0xAB, 0x51, 0xFB, 0xDD, 0xFB, 0x77, 0xFF, 0xD5,
    0xFF, 0x77, 0xEF, 0xC5, 0xEF, 0x67, 0xEF, 0xCD, 0xFF, 0x77, 0xFF, 0xDD, 0x00, 0x84, 0x00, 0x00, 0x40, 0x98, 0x00, 0x00, 0x02, 0x8D, 0x00, 0x00,
    0x80, 0x80, 0x00, 0x03, 0x80, 0x90, 0x00, 0x08, 0x80, 0x00, 0x00, 0x08, 0x80, 0x00, 0x7F, 0x48, 0x00, 0x28, 0x10, 0x38, 0x1C, 0x38, 0x14, 0x3C,
    0x1C, 0x38, 0x10, 0x38, 0xD8, 0x38, 0xF0, 0x78, 0xD8, 0x78, 0x70, 0xF8, 0x50, 0x70, 0x70, 0xE0, 0x44, 0xE6, 0x44, 0xEE, 0x4C, 0xEE, 0x56, 0xFE,
    0xDC, 0xBE, 0x16, 0xBE, 0x1C, 0xBE, 0x36, 0xBE, 0x5C, 0xFE, 0x76, 0xFE, 0xDC, 0xFE, 0x76, 0xFE, 0xDC, 0xFC, 0x75, 0xFD, 0xDD, 0xFF, 0x77, 0xFF,
    0xDD, 0xFF, 0x77, 0xFF, 0x50, 0x20, 0x10, 0xB0, 0x50, 0xB0, 0x70, 0xF0, 0x50, 0xF0, 0x70, 0xF0, 0x50, 0xE0, 0x60, 0xE0, 0x40, 0xE0, 0x40, 0xE0,
    0xC0, 0xE0, 0x58, 0xE8, 0xD0, 0xB8, 0x10, 0xB8, 0x10, 0x30, 0x10, 0x38, 0x50, 0x38, 0x70, 0xF8, 0x58, 0xF8, 0x70, 0xF8, 0xD8, 0xF8, 0x70, 0xF8,
    0xD0, 0xF8, 0x70, 0xF8, 0xD0, 0xF8, 0x70, 0xF0, 0xD0, 0xE0, 0x60, 0xE0, 0xC0, 0xE8, 0x40, 0xE8, 0xDC, 0xF8, 0x54, 0xFC, 0xDC, 0xB8, 0x10, 0x3C,
    0xB8, 0x1C, 0xB8, 0x74, 0xFC, 0x5C, 0xFC, 0x74, 0xFC, 0xDC, 0xFC, 0x74, 0xFC, 0xDC, 0xF8, 0x70, 0xF8, 0xDC, 0xF8, 0x70, 0xFA, 0xDC, 0xFA, 0x74,
    0xFE, 0xD4, 0xFE, 0x76, 0xFE, 0xDD, 0xFE, 0xF7, 0xFF, 0xDD, 0xFF, 0x77, 0xFF, 0xDD, 0xFF, 0x77, 0xFF, 0xDD, 0xFF, 0x77, 0xFF, 0xDD, 0xFF, 0x77,
    0xFE, 0xDC, 0xFE, 0x75, 0xFF, 0xDD, 0xFF, 0x77, 0xFF, 0xDD, 0xFF, 0x77, 0xFF, 0x82, 0x00, 0x0A, 0x08, 0x00, 0x80, 0x00, 0x80, 0x01, 0x80, 0x00,
    0x80, 0x00, 0x80, 0x80, 0x00, 0x08, 0x80, 0x00, 0x80, 0x00, 0x80, 0x00, 0x80, 0x00, 0x80, 0x82, 0x00, 0x5E, 0x20, 0x00, 0xE0, 0x40, 0xE0, 0x40,
    0xE0, 0x40, 0xE0, 0x60, 0xE0, 0xC0, 0xE0, 0x41, 0xE1, 0xC1, 0xE1, 0x41, 0xE1, 0xC1, 0xA1, 0x01, 0xA1, 0x41, 0xA3, 0x41, 0xE3, 0x41, 0xE3, 0x41,
    0xE1, 0x41, 0xE1, 0x51, 0xF1, 0xD1, 0xF1, 0x71, 0xFB, 0xD1, 0xF3, 0x71, 0xF3, 0xD1, 0xF2, 0x70, 0xE2, 0xC1, 0xE3, 0x61, 0xEB, 0xD5, 0xFB, 0x53,
    0xFB, 0xD5, 0xFB, 0x53, 0xBB, 0x95, 0xBF, 0x37, 0xBF, 0x5D, 0xFF, 0x77, 0xFF, 0x5D, 0xFF, 0x77, 0xFE, 0xDD, 0xFF, 0x77, 0xFF, 0xDD, 0xFF, 0x77,
    0xFF, 0xDD, 0xFB, 0x77, 0xFF, 0xD5, 0xF7, 0x77, 0xEF, 0xDD, 0xFF, 0x77, 0xFF, 0xDD, 0xFF, 0x57, 0xFF, 0x99, 0x00, 0x00, 0x01, 0x8E, 0x00, 0x82,
    0x01, 0x05, 0x03, 0x01, 0x03, 0x01, 0x03, 0x01, 0x80, 0x03, 0x05, 0x01, 0x03, 0x01, 0x02, 0x00, 0x02, 0x81, 0x00, 0x80, 0x01, 0x03, 0x13, 0x01,
    0x03, 0x01, 0x80, 0x03, 0x04, 0x01, 0x03, 0x03, 0x07, 0x05, 0x80, 0x07, 0x00, 0x05, 0x80, 0x07, 0x23, 0x0D, 0x07, 0x07, 0x0F, 0x05, 0x0F, 0x07,
    0x0F, 0x05, 0x0E, 0x06, 0x0E, 0x44, 0x8E, 0x45, 0xCF, 0xCD, 0xEF, 0x57, 0xFF, 0xDD, 0xFB, 0x53, 0xFB, 0xD5, 0xB7, 0x77, 0xFF, 0xD5, 0xFF, 0x77,
    0xFF, 0xDD, 0xFF, 0x77, 0xFF, 0x00, 0x02, 0x00, 0x00, 0x20, 0x99, 0x00, 0x00, 0x04, 0x8A, 0x00, 0x00, 0x80, 0x81, 0x00, 0x00, 0x40, 0x87, 0x00,
    0x7F, 0x80, 0x08, 0x00, 0x08, 0x10, 0x08, 0x10, 0x38, 0x10, 0x38, 0x10, 0x38, 0x70, 0x38, 0x50, 0x38, 0x70, 0x68, 0x58, 0x78, 0x70, 0x78, 0x58,
    0x78, 0x70, 0xF8, 0x50, 0xB0, 0x10, 0xA0, 0x54, 0x26, 0x74, 0xEE, 0x5C, 0xFE, 0x77, 0xFE, 0x5C, 0xFE, 0x54, 0xFE, 0x5C, 0xBE, 0x76, 0xFE, 0xDC,
    0xFE, 0xF7, 0xFE, 0xDC, 0xFE, 0x76, 0xFE, 0xDC, 0xFE, 0x75, 0xFF, 0xDD, 0xFF, 0x77, 0xFF, 0xDD, 0xFF, 0x77, 0xFF, 0xDD, 0x60, 0x40, 0xE0, 0x40,
    0xE0, 0x50, 0xF0, 0xD0, 0xF0, 0x70, 0xF0, 0xD0, 0xE0, 0x60, 0xE0, 0x44, 0xE0, 0x40, 0xE0, 0x40, 0xE0, 0x40, 0xE8, 0xC0, 0x88, 0x10, 0x88, 0x10,
    0xB8, 0x10, 0xB8, 0x50, 0xF8, 0x70, 0xF8, 0x50, 0xF8, 0x70, 0xF8, 0x50, 0xF8, 0x70, 0xF8, 0xD0, 0xF8, 0x70, 0xF8, 0xD0, 0xF8, 0x71, 0xF8, 0xD0,
    0xB0, 0x70, 0xE0, 0xD0, 0xF8, 0x70, 0xF8, 0xDC, 0xF8, 0x42, 0x74, 0xFC, 0x5C, 0xF8, 0x50, 0xF8, 0xDC, 0xF8, 0x78, 0xF8, 0xDC, 0xF8, 0x70, 0xF8,
    0xD0, 0xF8, 0x70, 0xF8, 0xD4, 0xF8, 0x74, 0xFC, 0xDC, 0xFC, 0x74, 0xFC, 0xDC, 0xFA, 0xD4, 0xBE, 0xFC, 0xBE, 0x77, 0xFE, 0xDD, 0xFE, 0x77, 0xFE,
    0x5C, 0xFE, 0x74, 0xFE, 0xDE, 0xFE, 0x77, 0xFF, 0xDF, 0xFF, 0x77, 0xFF, 0xDD, 0xFB, 0x73, 0xFB, 0xD5, 0xF7, 0x77, 0xFF, 0xDD, 0xFF, 0x77, 0xFF,
    0xDD, 0xFF, 0x57, 0xDF, 0xDD, 0x81, 0x00, 0x0A, 0x02, 0x00, 0x80, 0x00, 0x80, 0x00, 0x80, 0x00, 0x80, 0x00, 0x80, 0x8C, 0x00, 0x13, 0x80, 0x40,
    0xA0, 0x40, 0xE0, 0x40, 0xA0, 0x40, 0xE0, 0x40, 0xE0, 0x40, 0xE0, 0xE1, 0xE0, 0x61, 0xE1, 0xE1, 0xC1, 0x41, 0x80, 0x81, 0x4A, 0x01, 0x81, 0x01,
    0xA3, 0x21, 0xA3, 0x61, 0x63, 0x61, 0x62, 0x40, 0x60, 0x60, 0xE0, 0xD0, 0xF1, 0x71, 0xF1, 0xD1, 0xF3, 0x71, 0xF3, 0xD1, 0xF3, 0x71, 0xE3, 0xC1,
    0xE3, 0x63, 0xE3, 0xC5, 0xEB, 0x67, 0xEF, 0xC5, 0xCB, 0x57, 0x9F, 0xDD, 0xBF, 0x37, 0xFF, 0xFD, 0xFF, 0x77, 0xFF, 0x5D, 0xFE, 0x76, 0xFE, 0xDC,
    0xFE, 0x75, 0xFF, 0xDD, 0xFF, 0x75, 0xFF, 0xDD, 0xFB, 0x73, 0xFB, 0xD1, 0xFB, 0x77, 0xFF, 0xDD, 0xFF, 0x77, 0xFF, 0xDD, 0xFF, 0x77, 0xFF, 0xDD,
    0x88, 0x00, 0x00, 0x10, 0x87, 0x00, 0x01, 0x01, 0x20, 0x8A, 0x00, 0x00, 0x01, 0x80, 0x00, 0x01, 0x01, 0x00, 0x80, 0x01, 0x02, 0x03, 0x01, 0x03,
    0x80, 0x01, 0x0C, 0x03, 0x01, 0x03, 0x01, 0x03, 0x01, 0x03, 0x01, 0x03, 0x01, 0x02, 0x00, 0x02, 0x81, 0x00, 0x0E, 0x09, 0x01, 0x01, 0x03, 0x01,
    0x03, 0x01, 0x03, 0x01, 0x03, 0x01, 0x03, 0x03, 0x07, 0x05, 0x80, 0x07, 0x28, 0x05, 0x0F, 0x07, 0x07, 0x05, 0x07, 0x07, 0x0F, 0x05, 0x0F, 0x07,
    0x0F, 0x05, 0x0B, 0x07, 0x0E, 0x04, 0x06, 0x07, 0xCF, 0xC5, 0xEF, 0x47, 0xEF, 0xCD, 0xCF, 0x47, 0xCF, 0xDD, 0x9F, 0x17, 0xBF, 0xDD, 0xFF, 0x77,
    0xFF, 0xDD, 0xFF, 0x77, 0xFF, 0x5D, 0x00, 0x98, 0x00, 0x00, 0x08, 0x89, 0x00, 0x03, 0x10, 0x00, 0x00, 0x80, 0x90, 0x00, 0x03, 0x08, 0x00, 0x08,
    0x30, 0x80, 0x38, 0x7F, 0x30, 0x38, 0x10, 0x38, 0x30, 0x38, 0x10, 0x30, 0x70, 0x68, 0x54, 0x68, 0x64, 0x68, 0x44, 0x08, 0x00, 0x88, 0x1C, 0x1A,
    0x14, 0xBE, 0x1C, 0xBF, 0x36, 0x3E, 0x1C, 0x3E, 0x36, 0x7E, 0x5D, 0x7E, 0x74, 0xFE, 0xDC, 0xFE, 0x74, 0xFE, 0xDC, 0xFA, 0x71, 0xFA, 0xD9, 0xFB,
    0x73, 0xFF, 0xD5, 0xFF, 0x77, 0xFF, 0xDD, 0xEF, 0x67, 0xEF, 0xDD, 0xFF, 0x57, 0xFF, 0x40, 0x60, 0x60, 0xE0, 0x40, 0xE1, 0x40, 0xE0, 0xC0, 0xE0,
    0x40, 0x80, 0xC0, 0xA0, 0x10, 0xA0, 0x50, 0xB0, 0x30, 0xA0, 0x50, 0x20, 0x40, 0x28, 0x40, 0x68, 0x50, 0xF8, 0x58, 0xF8, 0x70, 0xF8, 0xD0, 0xF8,
    0x70, 0xF9, 0x50, 0xF0, 0x70, 0xF0, 0xD0, 0xF0, 0x70, 0xE8, 0xC0, 0xE8, 0x40, 0xE8, 0xC0, 0xC8, 0x50, 0xD8, 0xD8, 0xB9, 0x30, 0xB8, 0xDC, 0xB8,
    0x34, 0x38, 0x7C, 0x78, 0x74, 0xFC, 0x5C, 0xFC, 0x74, 0xFC, 0xDC, 0xF8, 0x39, 0x70, 0xF8, 0xD8, 0xF8, 0x70, 0xF8, 0xD0, 0xF8, 0x70, 0xFC, 0xD4,
    0xFE, 0x74, 0xEE, 0xCC, 0xEE, 0x44, 0xCE, 0xDC, 0xFE, 0x54, 0xFE, 0xDC, 0xFE, 0x77, 0xFE, 0xDD, 0xFE, 0x77, 0xFE, 0x5D, 0xFE, 0x77, 0xFF, 0xDC,
    0xFE, 0x75, 0xFF, 0xDD, 0xFF, 0xF5, 0xFB, 0xD9, 0xFB, 0x73, 0xFF, 0xDD, 0xFF, 0x77, 0xFF, 0xDD, 0xFF, 0x77, 0xFF, 0xDD, 0xFF, 0x77, 0xFF, 0x84,
    0x00, 0x00, 0x80, 0x80, 0x00, 0x00, 0x80, 0x80, 0x00, 0x00, 0x80, 0x87, 0x00, 0x65, 0x40, 0xE0, 0x40, 0xE0, 0x40, 0xE0, 0xC0, 0xE0, 0x40, 0xC1,
    0xC0, 0xA0, 0x41, 0xE0, 0xC1, 0xE1, 0x41, 0xE1, 0xC1, 0xE1, 0x41, 0xC0, 0x41, 0x81, 0x41, 0x81, 0xC1, 0xA1, 0x41, 0xA1, 0xD1, 0xB1, 0x31, 0xB0,
    0x50, 0x30, 0x70, 0xE0, 0x50, 0xF0, 0x70, 0xE0, 0xD1, 0xE1, 0x71, 0xE1, 0xC1, 0xE1, 0x51, 0xE1, 0xD1, 0xF3, 0x73, 0xFB, 0xD1, 0xF3, 0x73, 0xEF,
    0x57, 0xEF, 0x47, 0xFF, 0x5D, 0xFF, 0x77, 0xFF, 0xDD, 0xFF, 0x77, 0xFF, 0xDD, 0xFB, 0x71, 0xFB, 0xDD, 0xFB, 0x77, 0xFF, 0xDD, 0xFF, 0x77, 0xFF,
    0xDD, 0xEF, 0x77, 0xEF, 0xDF, 0xFF, 0x57, 0xFF, 0xDD, 0xFF, 0x77, 0xFF, 0xDD, 0xBF, 0x77, 0xFF, 0x5D, 0x7F, 0x77, 0xFF, 0x82, 0x00, 0x00, 0x20,
    0x84, 0x00, 0x01, 0x20, 0x01, 0x87, 0x00, 0x00, 0x01, 0x87, 0x00, 0x01, 0x01, 0x00, 0x84, 0x01, 0x04, 0x03, 0x01, 0x02, 0x00, 0x02, 0x80, 0x00,
    0x00, 0x02, 0x82, 0x01, 0x11, 0x00, 0x01, 0x00, 0x01, 0x06, 0x01, 0x02, 0x01, 0x03, 0x01, 0x03, 0x01, 0x03, 0x01, 0x03, 0x01, 0x03, 0x01, 0x80,
    0x03, 0x2F, 0x05, 0x03, 0x07, 0x17, 0x05, 0x03, 0x07, 0x06, 0x05, 0x06, 0x07, 0x06, 0x05, 0x07, 0x05, 0x0F, 0x05, 0x0B, 0x01, 0x8B, 0x01, 0x83,
    0x03, 0x8B, 0xC5, 0x87, 0x47, 0xEF, 0xC5, 0xE7, 0x47, 0xCF, 0xC5, 0xCF, 0x47, 0xCF, 0xDD, 0xFF, 0x57, 0xFF, 0xDD, 0xBF, 0x37, 0xBF, 0x5D, 0xFF,
    0x77, 0xFF, 0x00, 0x9E, 0x00, 0x00, 0x04, 0x82, 0x00, 0x00, 0x80, 0x82, 0x00, 0x00, 0x08, 0x8C, 0x00, 0x7F, 0x08, 0x00, 0x08, 0x10, 0x08, 0x18,
    0x38, 0x10, 0x18, 0x10, 0x38, 0x10, 0x78, 0x10, 0x70, 0x10, 0x78, 0x10, 0x20, 0x10, 0x28, 0x04, 0x20, 0x04, 0x0C, 0x0C, 0x8E, 0x14, 0x1E, 0x1C,
    0x3E, 0x14, 0x7E, 0x5C, 0x3E, 0x36, 0x3E, 0x5C, 0x3E, 0x76, 0xFE, 0x5C, 0xFE, 0x74, 0xFE, 0xDC, 0xFC, 0x74, 0xF8, 0xD9, 0xFB, 0x73, 0xFB, 0xDD,
    0xFF, 0x77, 0xFF, 0xDD, 0xFF, 0x77, 0xEF, 0xDD, 0xEF, 0x77, 0xFF, 0xDD, 0xFF, 0x70, 0xE0, 0x50, 0xE0, 0x60, 0xE0, 0x40, 0xE0, 0x40, 0xC0, 0x40,
    0x80, 0x00, 0x88, 0x50, 0xB8, 0x10, 0xB8, 0x10, 0x38, 0x10, 0x38, 0x10, 0x38, 0x70, 0x78, 0x50, 0xFC, 0x70, 0xF8, 0xD8, 0xF8, 0x70, 0xF8, 0xD0,
    0xF8, 0x70, 0xF8, 0xD0, 0xF0, 0x70, 0xF8, 0xD0, 0xE0, 0x60, 0xE8, 0x42, 0xE8, 0x40, 0xE8, 0xDC, 0xF8, 0x54, 0xFC, 0xDC, 0xB8, 0x30, 0xB8, 0x1C,
    0x38, 0x70, 0x42, 0xF8, 0x5C, 0xFC, 0x74, 0xFC, 0xDC, 0xFC, 0x74, 0xF8, 0xD8, 0xF8, 0x70, 0xF8, 0xD8, 0xF8, 0x70, 0xFE, 0xDC, 0xFE, 0x74, 0xFE,
    0xD4, 0xFE, 0x74, 0xEE, 0x5C, 0xFE, 0x76, 0xFE, 0xDC, 0xFE, 0x74, 0xFE, 0xDC, 0xFE, 0x74, 0xFE, 0xDE, 0xFE, 0x76, 0xFE, 0xDC, 0xFE, 0x77, 0xFE,
    0xDD, 0xFE, 0x75, 0xEF, 0xDD, 0xFF, 0x77, 0xFF, 0xDD, 0xFF, 0x77, 0xFF, 0xDD, 0xBF, 0x37, 0xBF, 0x5D, 0xBF, 0x77, 0xFF, 0xDD, 0xFF, 0x85, 0x00,
    0x00, 0x80, 0x81, 0x00, 0x00, 0x80, 0x80, 0x00, 0x00, 0x80, 0x82, 0x00, 0x16, 0x20, 0x00, 0xA0, 0x40, 0xE0, 0x40, 0xE2, 0x40, 0xE0, 0x40, 0xE0,
    0xC0, 0xC0, 0x40, 0xC0, 0xC1, 0xA0, 0x41, 0xA1, 0xC1, 0xA0, 0x21, 0xA0, 0x80, 0x20, 0x4F, 0xE0, 0x40, 0xE0, 0x51, 0xE0, 0xD1, 0xF0, 0x51, 0xF0,
    0xD0, 0xB0, 0x70, 0xF0, 0xF1, 0xF0, 0x71, 0xF0, 0xD1, 0xF0, 0x71, 0xE0, 0xC1, 0xE1, 0x41, 0xE9, 0xC1, 0xEB, 0x51, 0xFB, 0xD1, 0xFB, 0x57, 0xBB,
    0x91, 0xBB, 0x37, 0x3F, 0x55, 0x7F, 0x77, 0xFF, 0xDD, 0xFF, 0x75, 0xFF, 0xDD, 0xF9, 0xF1, 0xF9, 0xD9, 0xFB, 0x71, 0xFB, 0xDD, 0xFB, 0x77, 0xFF,
    0xD5, 0xF7, 0x77, 0xEF, 0xC5, 0xEF, 0x67, 0xFF, 0xDD, 0xFF, 0x77, 0xFF, 0xDD, 0xBF, 0x37, 0xBF, 0x9D, 0xBF, 0xF7, 0xFF, 0xDD, 0xFF, 0x40, 0x82,
    0x00, 0x00, 0x10, 0x88, 0x00, 0x00, 0x02, 0x90, 0x00, 0x84, 0x01, 0x01, 0x00, 0x01, 0x88, 0x00, 0x01, 0x02, 0x00, 0x82, 0x01, 0x09, 0x03, 0x01,
    0x03, 0x01, 0x03, 0x01, 0x03, 0x01, 0x03, 0x01, 0x80, 0x03, 0x04, 0x01, 0x23, 0x03, 0x03, 0x01, 0x80, 0x03, 0x29, 0x01, 0x03, 0x07, 0x07, 0x05,
    0x06, 0x07, 0x06, 0x04, 0x02, 0x01, 0x81, 0x01, 0x83, 0x01, 0x8B, 0xC5, 0x83, 0x07, 0x8F, 0x85, 0x87, 0x07, 0xA7, 0x05, 0xAF, 0x47, 0xEF, 0xDD,
    0xFF, 0x77, 0xFF, 0xDD, 0xFF, 0x77, 0xFF, 0xDD, 0xFF, 0x77, 0xFF, 0xDD, 0xFF, 0x00, 0x94, 0x00, 0x00, 0x04, 0x87, 0x00, 0x00, 0x80, 0x82, 0x00,
    0x00, 0x08, 0x93, 0x00, 0x7F, 0x08, 0x00, 0x00, 0x20, 0x08, 0x20, 0x00, 0x20, 0x08, 0x00, 0x08, 0x00, 0x08, 0x10, 0x08, 0x10, 0x08, 0x00, 0x02,
    0x04, 0x0E, 0x04, 0x2E, 0x14, 0x3E, 0x1C, 0x3E, 0x14, 0x3E, 0x1C, 0x3E, 0x14, 0x3E, 0x1C, 0xBE, 0x74, 0xFE, 0x5C, 0xFE, 0x76, 0xFE, 0x54, 0xFE,
    0x74, 0xEE, 0xC5, 0xEF, 0x77, 0xFF, 0xDD, 0xFF, 0x57, 0xFF, 0xDD, 0xBF, 0x17, 0xBF, 0x9D, 0xBF, 0x77, 0xFF, 0xDD, 0xFF, 0x77, 0xFF, 0x50, 0x20,
    0x10, 0x20, 0x00, 0x20, 0x00, 0x20, 0x00, 0x20, 0x00, 0x28, 0x58, 0x28, 0x10, 0x38, 0x18, 0x38, 0x10, 0x38, 0x10, 0x38, 0x30, 0x78, 0x50, 0x78,
    0x70, 0xF8, 0xD0, 0x78, 0x70, 0xE8, 0x40, 0xE8, 0x50, 0xF8, 0xD8, 0xF8, 0x58, 0xF8, 0xD0, 0xB8, 0x10, 0xB8, 0x14, 0x78, 0x34, 0x7C, 0x5C, 0x7C,
    0x74, 0xFC, 0x5C, 0xFC, 0x74, 0xFC, 0x5C, 0xF8, 0x70, 0xF8, 0xDC, 0xF8, 0x70, 0x41, 0xF8, 0xDC, 0xF8, 0x70, 0xF8, 0xD4, 0xE2, 0x66, 0xEC, 0xCC,
    0xEE, 0x74, 0xFE, 0xDC, 0xFE, 0x56, 0xBE, 0x9C, 0xBE, 0x17, 0xBE, 0x5C, 0xBE, 0x77, 0xFF, 0x5C, 0xFE, 0x76, 0xFE, 0xDE, 0xFE, 0x74, 0xFC, 0xDC,
    0xFE, 0x75, 0xFF, 0xDD, 0xFB, 0x77, 0xFB, 0xD5, 0xF3, 0x77, 0xF7, 0xD5, 0xEF, 0x77, 0xFF, 0xDD, 0xFF, 0x77, 0xFF, 0xDD, 0xFF, 0x57, 0xBF, 0xDD,
    0xBF, 0x77, 0xFF, 0xDD, 0xFF, 0x77, 0xFF, 0x40, 0x85, 0x00, 0x1D, 0x01, 0x00, 0x20, 0x00, 0x20, 0x00, 0x20, 0x40, 0x20, 0x00, 0xA0, 0x40, 0xA8,
    0x40, 0xE0, 0x40, 0xE0, 0x60, 0xE0, 0x40, 0xE0, 0x40, 0xE0, 0x40, 0xE0, 0x40, 0xE0, 0xC0, 0xE0, 0x40, 0x80, 0xC0, 0x55, 0x10, 0x80, 0x10, 0x30,
    0x10, 0xB0, 0x50, 0x70, 0x70, 0xF8, 0x50, 0xF8, 0x70, 0xF8, 0x50, 0xF8, 0x70, 0xF8, 0xD0, 0xF8, 0x71, 0xF9, 0xD1, 0xF1, 0x71, 0xF8, 0xD1, 0xE0,
    0x61, 0xE1, 0xC9, 0xEB, 0x75, 0xEF, 0xDD, 0xFB, 0x55, 0xFF, 0xDD, 0xBB, 0x11, 0xBB, 0xDD, 0xFB, 0x77, 0xFF, 0xDD, 0xFE, 0x74, 0xFE, 0xDC, 0xFE,
    0x74, 0xFC, 0xDD, 0xFF, 0x75, 0xFF, 0xDD, 0xFB, 0x77, 0xFB, 0xDD, 0xFB, 0x77, 0xFF, 0xD7, 0xFF, 0x77, 0xFF, 0xDF, 0xFF, 0x77, 0xFF, 0xDD, 0xFF,
    0x77, 0xFF, 0xDD, 0xFF, 0xF7, 0xFF, 0xDD, 0xFF, 0x77, 0xFF, 0x85, 0x00, 0x00, 0x02, 0xA9, 0x00, 0x00, 0x02, 0x83, 0x00, 0x86, 0x01, 0x0C, 0x03,
    0x01, 0x03, 0x01, 0x03, 0x43, 0x03, 0x01, 0x03, 0x01, 0x02, 0x01, 0x02, 0x80, 0x01, 0x2A, 0x03, 0x01, 0x03, 0x01, 0x03, 0x01, 0x03, 0x01, 0x03,
    0x01, 0x83, 0x41, 0x83, 0x47, 0xC7, 0xC5, 0xC7, 0x47, 0xCF, 0xC5, 0x83, 0x07, 0x8F, 0x95, 0xBF, 0x17, 0xBF, 0x5D, 0xFF, 0x77, 0xFF, 0x5D, 0xFE,
    0x76, 0xFE, 0xDD, 0xFF, 0x75, 0xFF, 0xDD, 0xFF, 0x77, 0xFF, 0x00, 0x8B, 0x00, 0x00, 0x24, 0x8B, 0x00, 0x00, 0x80, 0x82, 0x00, 0x00, 0x08, 0xA2,
    0x00, 0x38, 0x08, 0x04, 0x08, 0x40, 0x08, 0x40, 0x0A, 0x50, 0x0E, 0x14, 0x1E, 0x16, 0x1E, 0x1C, 0x1E, 0x14, 0x0E, 0x1C, 0x3E, 0x14, 0x3C, 0x1C,
    0xBE, 0x14, 0xBE, 0xDD, 0xBB, 0x51, 0xBB, 0xD1, 0xB3, 0x33, 0xF7, 0xD5, 0xFF, 0x77, 0xFF, 0xDD, 0xEF, 0x77, 0xEF, 0xDD, 0xFF, 0x57, 0xFF, 0xDD,
    0xFF, 0x77, 0xFF, 0xDD, 0xFF, 0x77, 0xFF, 0xDD, 0xFF, 0x00, 0x08, 0x80, 0x00, 0x15, 0x08, 0x10, 0x38, 0x10, 0x38, 0x14, 0x38, 0x14, 0x28, 0x1C,
    0x28, 0x10, 0x38, 0x18, 0x38, 0x30, 0x38, 0x58, 0x38, 0x30, 0x38, 0x50, 0x80, 0x30, 0x61, 0x40, 0x20, 0x64, 0x6C, 0x44, 0x6C, 0x44, 0x4C, 0x4C,
    0x08, 0x14, 0x1C, 0x1C, 0x3E, 0x14, 0x3E, 0x1C, 0x7E, 0x34, 0x3E, 0x5C, 0x7E, 0x74, 0x7C, 0x5C, 0x7C, 0x74, 0xFC, 0xDC, 0xFC, 0x75, 0xF9, 0xD8,
    0xFA, 0x70, 0xFA, 0xD0, 0xF2, 0x76, 0xFE, 0xD4, 0xFE, 0x76, 0xFE, 0x5C, 0xEE, 0x56, 0xEE, 0x5C, 0xBE, 0x57, 0xFE, 0xDD, 0xFF, 0x77, 0xFF, 0xDF,
    0xFE, 0x76, 0xFE, 0x5C, 0xFE, 0x74, 0xFE, 0xDC, 0xFE, 0x75, 0xFF, 0xDD, 0xFF, 0x77, 0xFF, 0xDF, 0xFB, 0x57, 0xFF, 0xDF, 0xFF, 0x77, 0xFF, 0xDD,
    0xFF, 0x77, 0xFF, 0x5D, 0xFF, 0x77, 0xFF, 0xDD, 0xFF, 0x77, 0xFF, 0xDD, 0xFF, 0x77, 0xFF, 0xDD, 0xFF, 0x84, 0x00, 0x78, 0x20, 0x10, 0x20, 0x10,
    0x20, 0x10, 0x30, 0x40, 0x20, 0x40, 0x60, 0x40, 0x60, 0x50, 0xE0, 0x50, 0xE0, 0x50, 0xE0, 0x40, 0xA0, 0x00, 0xA0, 0x00, 0x20, 0x00, 0xE0, 0x40,
    0x20, 0x40, 0xE8, 0x40, 0x28, 0x00, 0x88, 0x58, 0xB8, 0x50, 0xF8, 0x78, 0xB8, 0x70, 0xF8, 0x70, 0xF8, 0x70, 0xF8, 0x50, 0xF8, 0x70, 0xF8, 0xF0,
    0xF8, 0x70, 0xF8, 0xF0, 0xE8, 0x70, 0xF8, 0xD0, 0xB8, 0x11, 0xB8, 0xDD, 0xBE, 0x75, 0xFE, 0x5C, 0x7E, 0x74, 0x7E, 0x5C, 0xFE, 0x75, 0xFC, 0xDC,
    0xFE, 0x75, 0xFF, 0xDD, 0xFB, 0x71, 0xFA, 0xD1, 0xFA, 0x71, 0xFE, 0xD5, 0xFF, 0x77, 0xFF, 0xDD, 0xFF, 0x77, 0xEF, 0xDD, 0xCF, 0x57, 0xDF, 0xDD,
    0xFF, 0x77, 0xFF, 0xDD, 0xFF, 0x77, 0xFF, 0x5D, 0x7E, 0x76, 0xFF, 0xDC, 0xFE, 0x77, 0xFF, 0xDD, 0xFF, 0x77, 0xFF, 0xDD, 0xFB, 0xAC, 0x00, 0x00,
    0x02, 0x89, 0x00, 0x03, 0x01, 0x00, 0x01, 0x00, 0x82, 0x01, 0x00, 0x81, 0x82, 0x01, 0x82, 0x00, 0x2F, 0x01, 0x00, 0x00, 0x02, 0x01, 0x81, 0x41,
    0x81, 0x01, 0x81, 0x01, 0x83, 0x01, 0x83, 0x41, 0xA3, 0x43, 0xE3, 0x41, 0xE3, 0x47, 0xE7, 0x45, 0x87, 0x47, 0xCF, 0xDD, 0xFF, 0x57, 0xFF, 0xDD,
    0xFF, 0x77, 0xFF, 0x5D, 0xFF, 0x77, 0xFE, 0xDC, 0xFE, 0x77, 0xFF, 0xDD, 0xFF, 0x77, 0xFF, 0xDD, 0xFF, 0x00, 0x83, 0x00, 0x00, 0x08, 0x81, 0x00,
    0x00, 0x20, 0xB7, 0x00, 0x7F, 0x40, 0x00, 0x40, 0x00, 0x50, 0x00, 0x04, 0x00, 0x04, 0x0C, 0x04, 0x0A, 0x04, 0x0E, 0x04, 0x0A, 0x04, 0x0A, 0x04,
    0x0A, 0x04, 0x8E, 0x04, 0x8E, 0x14, 0x8E, 0xDC, 0x8E, 0x05, 0x89, 0xC3, 0x8B, 0x11, 0x8B, 0xD5, 0xBF, 0x17, 0xBF, 0xDD, 0xBF, 0x77, 0xBF, 0x5D,
    0x3F, 0x77, 0xFF, 0xDD, 0xFF, 0x77, 0xFF, 0xDD, 0xFF, 0x77, 0xFF, 0xDD, 0xFF, 0x77, 0xFF, 0x10, 0x08, 0x00, 0x08, 0x10, 0x18, 0x10, 0x18, 0x1C,
    0x38, 0x10, 0x38, 0x14, 0x38, 0x10, 0x28, 0x14, 0x38, 0x14, 0x38, 0x1C, 0x38, 0x10, 0x38, 0x10, 0x39, 0x10, 0x28, 0x10, 0x32, 0x10, 0x2E, 0x14,
    0x2E, 0x04, 0x2E, 0x04, 0x0E, 0x04, 0x0E, 0x1C, 0x3E, 0x94, 0x3E, 0x1C, 0x3E, 0x34, 0x3E, 0x1C, 0x3A, 0x34, 0x3E, 0x54, 0x3E, 0x74, 0x7E, 0x5C,
    0x7E, 0x74, 0xFE, 0x5C, 0xEA, 0x50, 0xEA, 0x59, 0xBB, 0x17, 0xBF, 0x5D, 0xBF, 0x39, 0x37, 0xBF, 0x5D, 0x3F, 0x37, 0x3E, 0x5C, 0x7E, 0x76, 0xFE,
    0x5F, 0xFF, 0x77, 0xFF, 0xFD, 0xFF, 0x75, 0xFB, 0xFD, 0xFB, 0x73, 0xFF, 0xDD, 0xFF, 0x77, 0xFF, 0xDD, 0xFF, 0x77, 0xEF, 0xCD, 0xEF, 0x57, 0xFF,
    0xDD, 0xFF, 0x77, 0xFF, 0xDD, 0xBF, 0x37, 0xBF, 0x5D, 0x3F, 0xFF, 0xFE, 0x5D, 0xFF, 0x77, 0xFF, 0xDD, 0xFF, 0x75, 0xFF, 0xDD, 0xFB, 0x71, 0xFB,
    0x80, 0x00, 0x7C, 0x08, 0x00, 0x28, 0x10, 0x38, 0x10, 0x38, 0x10, 0x38, 0x10, 0x30, 0x30, 0x20, 0x52, 0x20, 0x70, 0x68, 0x40, 0x60, 0x40, 0x68,
    0x40, 0x00, 0x00, 0x08, 0x00, 0x28, 0x10, 0x38, 0x10, 0x38, 0x10, 0x38, 0x10, 0x28, 0x10, 0x28, 0x7C, 0x78, 0x74, 0xFC, 0x7C, 0xF8, 0x70, 0xF8,
    0x58, 0xF8, 0x70, 0xF8, 0xD0, 0xF8, 0x70, 0xF8, 0xD4, 0xF8, 0x74, 0xEC, 0xD4, 0xEC, 0x44, 0xEC, 0xCC, 0xCE, 0x54, 0xFE, 0xDC, 0xBE, 0x36, 0xBE,
    0x1C, 0xBE, 0x36, 0x3E, 0x5C, 0x7E, 0x75, 0xFF, 0x5C, 0xFE, 0x74, 0xFE, 0xDC, 0xFC, 0x75, 0xF8, 0xD9, 0xFB, 0x71, 0xFB, 0xD5, 0xFF, 0x7F, 0xFF,
    0xD5, 0xFF, 0x77, 0xEF, 0xCD, 0xEF, 0x67, 0xFF, 0xDD, 0xFF, 0x77, 0xFF, 0xDD, 0xFF, 0x77, 0xFF, 0xDD, 0xFF, 0x77, 0xFF, 0xDD, 0xFF, 0x77, 0xFF,
    0xDD, 0xFF, 0x77, 0xFF, 0xDD, 0xFF, 0x75, 0xFF, 0xA7, 0x00, 0x00, 0x02, 0x94, 0x00, 0x00, 0x80, 0x8B, 0x00, 0x2E, 0x20, 0x40, 0x60, 0x40, 0x60,
    0x41, 0xC0, 0x41, 0x81, 0x41, 0xC1, 0xC1, 0xA3, 0x41, 0xA3, 0x41, 0xA3, 0x03, 0xA3, 0x01, 0x23, 0x47, 0x6F, 0x5D, 0xFF, 0x77, 0xFF, 0xDD, 0xFF,
    0x75, 0xFF, 0xDD, 0xFB, 0x71, 0xFB, 0xDD, 0xFB, 0x77, 0xFF, 0xDD, 0xFF, 0x77, 0xFF, 0xDD, 0xEF, 0x67, 0xEF, 0x00, 0x84, 0x00, 0x00, 0x20, 0xB6,
    0x00, 0x04, 0x80, 0x00, 0x20, 0x00, 0x80, 0x82, 0x00, 0x09, 0x10, 0x00, 0x40, 0x00, 0x40, 0x00, 0xC0, 0x00, 0x80, 0x00, 0x80, 0x80, 0x7F, 0x00,
    0x82, 0x80, 0x82, 0x01, 0x86, 0xC4, 0x82, 0x45, 0xC6, 0xC5, 0xC7, 0x45, 0xCF, 0xCD, 0xCF, 0x57, 0xCF, 0xDD, 0x9F, 0x17, 0xBF, 0x1D, 0xBF, 0x37,
    0xFF, 0x5D, 0xFF, 0x77, 0xFF, 0xDD, 0xFF, 0x75, 0xFF, 0xDD, 0xFD, 0x75, 0xFF, 0xDD, 0xFF, 0x04, 0x0C, 0x04, 0x0C, 0x04, 0x0C, 0x0C, 0x08, 0x10,
    0x08, 0x10, 0x08, 0x10, 0x08, 0x10, 0x0A, 0x10, 0x0E, 0x04, 0x02, 0x00, 0x08, 0x00, 0x08, 0x00, 0x08, 0x04, 0x0A, 0x14, 0x0E, 0x1C, 0x1E, 0x16,
    0x0E, 0x14, 0x0E, 0x16, 0x0E, 0x1C, 0x3E, 0x16, 0x3E, 0x1C, 0x3E, 0x14, 0x3C, 0x1C, 0x38, 0x10, 0x38, 0x18, 0x3A, 0x31, 0xBA, 0x15, 0x3E, 0x37,
    0x2E, 0x05, 0x26, 0x07, 0x2E, 0x0D, 0x2F, 0x17, 0x1F, 0x1D, 0x3F, 0x17, 0x3F, 0x1D, 0x3F, 0x17, 0x3F, 0x1D, 0x3F, 0x37, 0x7E, 0x5D, 0x7E, 0x76,
    0xFE, 0x5C, 0xFE, 0x74, 0xFC, 0xDD, 0xF9, 0x40, 0x71, 0xFB, 0xDD, 0xFB, 0x77, 0xFF, 0xD5, 0xFF, 0x77, 0xEF, 0x47, 0xEF, 0x77, 0xEF, 0xDF, 0xFF,
    0x77, 0xFF, 0xDD, 0xFF, 0x77, 0xFF, 0xDD, 0xBF, 0x77, 0xFF, 0xDD, 0xFF, 0x77, 0xFF, 0xDD, 0xFF, 0x77, 0xFE, 0xDD, 0xFF, 0x75, 0xFF, 0xDD, 0xFF,
    0x10, 0x28, 0x10, 0x38, 0x10, 0x38, 0x18, 0x38, 0x10, 0x3C, 0x10, 0x38, 0x10, 0x38, 0x10, 0x38, 0x10, 0x38, 0x10, 0x20, 0x00, 0x20, 0x04, 0x20,
    0x04, 0x80, 0x0C, 0x14, 0x14, 0x1C, 0x1C, 0x3C, 0x14, 0x3C, 0x1C, 0x39, 0x14, 0x3C, 0x1C, 0x3E, 0x74, 0xFE, 0x5C, 0x7C, 0x74, 0x7C, 0x7C, 0x78,
    0x70, 0x81, 0x78, 0x4A, 0xFA, 0x5C, 0x7A, 0x76, 0xBE, 0x54, 0x26, 0x06, 0x2E, 0x44, 0x6E, 0x76, 0xFE, 0x5C, 0xFE, 0x77, 0xFE, 0x5E, 0xBE, 0x34,
    0xBE, 0x5C, 0xBE, 0x76, 0xFE, 0x5C, 0xFE, 0x76, 0xFE, 0xDC, 0xFE, 0x74, 0xEE, 0xDD, 0xFF, 0x75, 0xFF, 0xDD, 0xFF, 0x77, 0xFF, 0xDD, 0xBF, 0x37,
    0xBF, 0x1D, 0xBF, 0x77, 0xFF, 0x5D, 0xFF, 0x77, 0xFF, 0xDD, 0xFF, 0x77, 0xFF, 0xDF, 0xFF, 0x77, 0xFF, 0xDD, 0xFF, 0x77, 0xFF, 0xDD, 0xFF, 0x77,
    0xFF, 0xD5, 0xEF, 0x77, 0xEF, 0xDD, 0xFF, 0xA1, 0x00, 0x00, 0x04, 0x88, 0x00, 0x00, 0x01, 0x89, 0x00, 0x00, 0x80, 0x8A, 0x00, 0x34, 0x20, 0x00,
    0x20, 0x00, 0x20, 0x10, 0x20, 0x40, 0x20, 0x40, 0x60, 0x40, 0x60, 0xC0, 0xE0, 0x41, 0xE9, 0x51, 0xC9, 0x51, 0x99, 0x11, 0xB9, 0x11, 0x3B, 0x31,
    0xBF, 0x5D, 0xFF, 0x77, 0xFE, 0x5C, 0xFE, 0x74, 0xFC, 0xDC, 0xFC, 0x75, 0xFD, 0xDD, 0xFB, 0x77, 0xFF, 0xDD, 0xFB, 0x77, 0xFF, 0xD5, 0xF7, 0x77,
    0xFF, 0xDD, 0xFF, 0x00, 0x80, 0x00, 0x00, 0x20, 0x8F, 0x00, 0x00, 0x20, 0x99, 0x00, 0x00, 0x80, 0x80, 0x00, 0x00, 0x80, 0x80, 0x00, 0x07, 0x80,
    0x00, 0xA0, 0x00, 0x80, 0x00, 0x80, 0x00, 0x80, 0x80, 0x05, 0x00, 0xC0, 0x10, 0x40, 0x00, 0xC0, 0x80, 0x00, 0x07, 0x80, 0x00, 0x80, 0x00, 0x80,
    0xC0, 0x80, 0x40, 0x80, 0xC0, 0x7F, 0x41, 0xC2, 0xC1, 0x83, 0x01, 0x82, 0xC1, 0x83, 0x47, 0xC7, 0xC5, 0xEF, 0x47, 0xCF, 0xCD, 0xCF, 0x47, 0x8F,
    0xDD, 0xBF, 0x17, 0xFF, 0xDD, 0xFF, 0x77, 0xFF, 0xDD, 0xFF, 0x77, 0xFE, 0xDC, 0xFE, 0x75, 0xFF, 0xDD, 0xFF, 0x77, 0xFF, 0x04, 0x02, 0x04, 0x0C,
    0x04, 0x08, 0x00, 0x08, 0x00, 0x08, 0x00, 0x08, 0x04, 0x0A, 0x04, 0x02, 0x00, 0x02, 0x00, 0x02, 0x00, 0x02, 0x04, 0x0E, 0x04, 0x0E, 0x04, 0x0E,
    0x0D, 0x0E, 0x05, 0x0E, 0x0C, 0x0A, 0x16, 0x0E, 0x1C, 0x1E, 0x16, 0x1E, 0x1C, 0x1E, 0x14, 0x0E, 0x0C, 0x0C, 0x14, 0x08, 0x1C, 0x1B, 0x11, 0x1B,
    0x1D, 0x1B, 0x13, 0x1B, 0x15, 0x03, 0x07, 0x07, 0x05, 0x2F, 0x07, 0x2F, 0x1D, 0x3F, 0x17, 0x1F, 0x1D, 0x1F, 0x17, 0x1F, 0x1D, 0x3F, 0x37, 0xBF,
    0x1D, 0xBF, 0x77, 0xFE, 0x5C, 0xFE, 0x74, 0xFE, 0x7C, 0xFF, 0x75, 0xFF, 0xDD, 0xFF, 0x7F, 0x57, 0xFF, 0xDD, 0xBF, 0x17, 0xBF, 0x9D, 0xBF, 0x37,
    0xBF, 0x5D, 0xFF, 0x77, 0xFF, 0x5D, 0xFF, 0xF7, 0xFF, 0xDD, 0xFF, 0x75, 0xFF, 0xDD, 0xFF, 0x77, 0xFF, 0xDF, 0xFF, 0x77, 0xFF, 0xD7, 0xFF, 0x77,
    0xFF, 0xDD, 0xFF, 0x77, 0xFF, 0x14, 0x38, 0x14, 0x38, 0x14, 0x28, 0x00, 0x08, 0x00, 0x08, 0x00, 0x08, 0x10, 0x38, 0x10, 0x18, 0x10, 0x02, 0x10,
    0x02, 0x00, 0x02, 0x04, 0x2E, 0x04, 0x2E, 0x14, 0x2E, 0x1C, 0x3E, 0x16, 0x1E, 0x1C, 0x3C, 0x54, 0x3E, 0x1C, 0x3A, 0x34, 0x3E, 0x3C, 0x3E, 0x34,
    0x3E, 0x74, 0x2A, 0x74, 0x6D, 0x44, 0x6E, 0x54, 0x7E, 0x5D, 0x3F, 0x17, 0x1F, 0x1D, 0x3B, 0x17, 0x3F, 0x1D, 0x3F, 0x3F, 0x3E, 0x5D, 0x3E, 0x76,
    0x7E, 0x5C, 0x7E, 0x74, 0x7E, 0x5C, 0x7E, 0x75, 0xFF, 0x5D, 0xFF, 0x77, 0xFF, 0x55, 0xFB, 0x77, 0xF7, 0x55, 0xEF, 0x77, 0xEF, 0xDD, 0xFF, 0x25,
    0x77, 0xFF, 0xDD, 0xFF, 0x57, 0x9F, 0x9D, 0xBF, 0x37, 0xBF, 0x5D, 0xFF, 0x77, 0xFF, 0x5D, 0xFF, 0x76, 0xFE, 0xDC, 0xFE, 0x75, 0xFF, 0xDD, 0xFF,
    0x77, 0xFF, 0xDD, 0xFB, 0x73, 0xFB, 0xD5, 0xF7, 0x77, 0xFF, 0xDD, 0xFF, 0x77, 0xFF, 0x9D, 0x00, 0x00, 0x08, 0x86, 0x00, 0x03, 0x02, 0x00, 0x00,
    0x01, 0x88, 0x00, 0x00, 0x80, 0x82, 0x00, 0x00, 0x08, 0x80, 0x00, 0x3C, 0x22, 0x00, 0x20, 0x00, 0x20, 0x00, 0x20, 0x00, 0x20, 0x50, 0x20, 0x10,
    0x20, 0x10, 0x20, 0x00, 0x20, 0x00, 0x20, 0x00, 0x20, 0x40, 0x28, 0x50, 0x68, 0x4C, 0x28, 0x14, 0x9C, 0x5C, 0x38, 0x15, 0xFE, 0x5D, 0xFF, 0x75,
    0xFF, 0x5D, 0xFE, 0x74, 0xFE, 0x54, 0xFE, 0x74, 0xFE, 0xDD, 0xFF, 0x75, 0xFF, 0xDD, 0xFF, 0x77, 0xFF, 0xDD, 0xFF, 0x77, 0xFF, 0xDD, 0xFF, 0x77,
    0xFF, 0x00, 0x00, 0x20, 0x8E, 0x00, 0x00, 0x40, 0x97, 0x00, 0x11, 0x80, 0x00, 0x80, 0x00, 0x80, 0x00, 0x80, 0x00, 0x80, 0x00, 0x80, 0x10, 0x80,
    0x00, 0x80, 0x00, 0x80, 0x00, 0x80, 0x80, 0x06, 0x00, 0x80, 0x00, 0x90, 0x00, 0x80, 0x00, 0x80, 0x80, 0x04, 0x40, 0x80, 0x40, 0x80, 0x40, 0x80,
    0xC0, 0x00, 0x40, 0x80, 0xC0, 0x00, 0x40, 0x80, 0xC0, 0x25, 0x41, 0x82, 0x81, 0x83, 0x03, 0x83, 0xC5, 0xE3, 0x47, 0xE7, 0x45, 0xE6, 0x47, 0xEE,
    0x44, 0xEE, 0x55, 0xFF, 0xDD, 0xFF, 0x77, 0xFF, 0xDD, 0xFB, 0x73, 0xFB, 0xD5, 0xF3, 0x77, 0xFF, 0xD5, 0xFF, 0x77, 0xFF, 0xDD, 0xFF, 0x00, 0x02,
    0x81, 0x00, 0x01, 0x04, 0x02, 0x84, 0x00, 0x75, 0x02, 0x00, 0x02, 0x00, 0x02, 0x00, 0x02, 0x04, 0x06, 0x07, 0x0E, 0x04, 0x0E, 0x04, 0x0E, 0x04,
    0x0E, 0x04, 0x0E, 0x0D, 0x0E, 0x05, 0x0E, 0x04, 0x0A, 0x04, 0x0A, 0x04, 0x02, 0x04, 0x0E, 0x04, 0x0E, 0x05, 0x1F, 0x0D, 0x0F, 0x05, 0x0B, 0x05,
    0x0B, 0x03, 0x0F, 0x05, 0x0F, 0x1F, 0x1F, 0x1D, 0x1F, 0x17, 0x0E, 0x1D, 0x0E, 0x14, 0x1E, 0x1D, 0xBF, 0x15, 0xBF, 0x9D, 0xBF, 0x17, 0xBB, 0x9D,
    0xBB, 0x33, 0xBB, 0xD5, 0xB7, 0x77, 0xEF, 0xDD, 0xEF, 0x57, 0xEF, 0xCD, 0x8F, 0x57, 0x8F, 0x9D, 0x9F, 0x97, 0xBF, 0x9D, 0xBF, 0x77, 0xFF, 0x5D,
    0x7F, 0x77, 0xFE, 0x5C, 0xFE, 0x76, 0xFF, 0xDD, 0xFF, 0x77, 0xFF, 0xDD, 0xFB, 0x73, 0xFF, 0xD1, 0xFB, 0x77, 0xFF, 0xD5, 0xFF, 0x77, 0xFF, 0xDD,
    0xFF, 0x10, 0x18, 0x10, 0x00, 0x10, 0x81, 0x00, 0x76, 0x08, 0x04, 0x0A, 0x04, 0x0E, 0x04, 0x0A, 0x00, 0x0A, 0x00, 0x0A, 0x16, 0x0E, 0x1C, 0x3E,
    0x16, 0x3E, 0x3C, 0x3E, 0x14, 0x2E, 0x1C, 0x3E, 0x14, 0x3C, 0x1C, 0x3E, 0x14, 0x3E, 0x1C, 0x3A, 0x10, 0x3A, 0x12, 0x32, 0x10, 0x22, 0x14, 0x2E,
    0x37, 0x2F, 0x2D, 0x2F, 0x27, 0x0F, 0x3D, 0x0F, 0x17, 0x1F, 0x1D, 0x3F, 0x17, 0x3F, 0x1D, 0x3F, 0x77, 0x3E, 0x5C, 0x3E, 0x76, 0x7E, 0x5C, 0x7E,
    0x75, 0x7E, 0x5D, 0x7F, 0x75, 0x7B, 0x59, 0x7B, 0x73, 0xFB, 0x55, 0x3F, 0x7F, 0xFF, 0x5D, 0xFF, 0x77, 0xFF, 0x5D, 0x6F, 0x57, 0xFF, 0x5D, 0xFF,
    0x57, 0xFF, 0xDD, 0xFF, 0x77, 0xFF, 0xDD, 0xFF, 0x77, 0xFE, 0x5C, 0xFE, 0x76, 0xFE, 0xDF, 0xFF, 0x77, 0xFF, 0xDF, 0xFF, 0x77, 0xFF, 0xDD, 0xFB,
    0x77, 0xFF, 0xDD, 0xFF, 0x77, 0xFF, 0xDD, 0xFF, 0x98, 0x00, 0x00, 0x10, 0x84, 0x00, 0x00, 0x04, 0x83, 0x00, 0x00, 0x01, 0x87, 0x00, 0x00, 0x80,
    0x81, 0x00, 0x00, 0x08, 0x80, 0x00, 0x0F, 0x02, 0x00, 0x10, 0x00, 0x00, 0x20, 0x00, 0x20, 0x00, 0x20, 0x00, 0x20, 0x00, 0x20, 0x00, 0x28, 0x80,
    0x00, 0x2E, 0x08, 0x00, 0x08, 0x10, 0x38, 0x14, 0x38, 0x34, 0x3C, 0x1C, 0x3C, 0x34, 0x3C, 0x5C, 0x7C, 0x74, 0xFC, 0x5C, 0xFE, 0x75, 0xFE, 0xDD,
    0xFA, 0x71, 0xFA, 0xD1, 0xFA, 0x73, 0xFF, 0xD5, 0xFF, 0x77, 0xFF, 0xDD, 0xEF, 0x67, 0xEF, 0xCD, 0xDF, 0x57, 0xFF, 0xDD, 0xFF, 0x77, 0xFF, 0xDD,
    0xFF, 0x00, 0xA0, 0x00, 0x00, 0x80, 0x84, 0x00, 0x05, 0x80, 0x00, 0x80, 0x00, 0x80, 0x88, 0x82, 0x80, 0x07, 0x00, 0x80, 0x80, 0xA0, 0x20, 0x80,
    0x00, 0x80, 0x80, 0x00, 0x0D, 0x20, 0x00, 0x00, 0x40, 0xA0, 0x40, 0xE0, 0xC0, 0xE0, 0x40, 0xE0, 0xC0, 0x80, 0x40, 0x80, 0xC0, 0x00, 0x40, 0x80,
    0xC0, 0x00, 0x40, 0x80, 0xC0, 0x26, 0x40, 0xC0, 0xC0, 0xA0, 0x41, 0xC2, 0xC1, 0xA3, 0x01, 0xA3, 0x01, 0xA2, 0x60, 0xE2, 0x44, 0xE2, 0x74, 0xFE,
    0xD4, 0xFE, 0x75, 0xFF, 0xDD, 0xFD, 0x75, 0xFB, 0xD1, 0xFB, 0x73, 0xFF, 0xD5, 0xFF, 0x77, 0xFF, 0xDD, 0xFF, 0x77, 0xEF, 0x08, 0x82, 0x00, 0x03,
    0x08, 0x00, 0x00, 0x02, 0x83, 0x00, 0x71, 0x01, 0x02, 0x01, 0x03, 0x05, 0x03, 0x07, 0x06, 0x04, 0x02, 0x24, 0x06, 0x04, 0x06, 0x04, 0x0E, 0x04,
    0x0E, 0x04, 0x0C, 0x04, 0x08, 0x01, 0x08, 0x01, 0x02, 0x01, 0x03, 0x05, 0x03, 0x07, 0x87, 0x05, 0x07, 0x07, 0x8F, 0x0D, 0x0F, 0x07, 0x8F, 0x0D,
    0x8F, 0x07, 0x8F, 0x1D, 0x1F, 0x17, 0x0F, 0x1D, 0x0E, 0x16, 0x0E, 0x1C, 0x9E, 0x16, 0xBE, 0xDD, 0xBF, 0x55, 0x8D, 0xDD, 0x8B, 0x31, 0x9B, 0xF1,
    0xBB, 0x37, 0xBF, 0xD5, 0xBF, 0x17, 0xAF, 0x45, 0xAF, 0x47, 0xEF, 0x5D, 0xBF, 0x57, 0xFF, 0xDD, 0xFF, 0x77, 0xFF, 0xDD, 0xBF, 0x77, 0xFF, 0xDD,
    0xFF, 0x77, 0xFF, 0xDD, 0xFF, 0x77, 0xFF, 0xDD, 0xFF, 0x75, 0xFF, 0xDD, 0xFF, 0x57, 0xFF, 0xDD, 0xFF, 0x77, 0xFF, 0xDD, 0xFF, 0x77, 0xFF, 0x00,
    0x08, 0x80, 0x00, 0x7A, 0x02, 0x00, 0x02, 0x04, 0x06, 0x06, 0x0E, 0x04, 0x0E, 0x04, 0x0E, 0x0C, 0x1E, 0x05, 0x0E, 0x1D, 0x1E, 0x17, 0x1E, 0x1C,
    0x1E, 0x16, 0x1E, 0x14, 0x3E, 0x14, 0x3E, 0x1C, 0x3E, 0x15, 0x3E, 0x1C, 0x38, 0x11, 0x08, 0x11, 0x0B, 0x11, 0x3B, 0x15, 0x3F, 0x17, 0x3F, 0x15,
    0x2F, 0x07, 0x2F, 0x0D, 0x2F, 0x17, 0x2F, 0x1D, 0x3F, 0x17, 0x3F, 0x1D, 0x3F, 0x17, 0x3F, 0x1D, 0x3A, 0x37, 0x3E, 0x1D, 0x3E, 0x77, 0x7F, 0x5D,
    0x7F, 0x77, 0x6F, 0x4D, 0x6F, 0x55, 0x6F, 0x5D, 0x3F, 0x17, 0x3F, 0x5D, 0x3F, 0x37, 0x3F, 0x1D, 0x3F, 0x37, 0x3F, 0x5D, 0x7F, 0x77, 0xFF, 0x5D,
    0xFF, 0x77, 0xFF, 0xDD, 0xFF, 0x75, 0xFB, 0xDD, 0xFB, 0x77, 0xFF, 0xDD, 0xFF, 0x77, 0xFF, 0xD5, 0xEF, 0x67, 0xEF, 0xCD, 0xEF, 0x57, 0xFF, 0xDD,
    0xFF, 0x77, 0xFF, 0xDD, 0xBF, 0x37, 0xBF, 0xA3, 0x00, 0x00, 0x02, 0x89, 0x00, 0x00, 0x10, 0x80, 0x00, 0x00, 0x01, 0x80, 0x00, 0x00, 0x08, 0x80,
    0x00, 0x0C, 0x08, 0x00, 0x00, 0x10, 0x00, 0x10, 0x20, 0x90, 0x20, 0x10, 0x20, 0x00, 0x20, 0x80, 0x00, 0x30, 0x08, 0x04, 0x08, 0x14, 0x1C, 0x1C,
    0x3C, 0x14, 0x3E, 0x1C, 0x3A, 0x34, 0x3E, 0x1C, 0x3E, 0x74, 0x7E, 0x5C, 0x7E, 0x74, 0xFE, 0x5C, 0xF8, 0x70, 0xF8, 0xD9, 0xFB, 0x71, 0xFB, 0xDD,
    0xFF, 0x77, 0xFF, 0xD5, 0xFF, 0x77, 0xEF, 0x4D, 0xEF, 0x77, 0xFF, 0xDD, 0xFF, 0x77, 0xFF, 0xDD, 0xFF, 0x77, 0xFF, 0x00, 0x9E, 0x00, 0x23, 0x80,
    0x00, 0x80, 0x00, 0x80, 0x00, 0x80, 0x00, 0x80, 0x00, 0x84, 0x40, 0x80, 0x00, 0x80, 0x00, 0x80, 0x00, 0x80, 0x10, 0x90, 0x80, 0x80, 0x00, 0x80,
    0x00, 0x80, 0x00, 0x80, 0x60, 0x00, 0x40, 0x00, 0x40, 0x80, 0x40, 0x80, 0xC0, 0x00, 0x40, 0x80, 0xC0, 0x00, 0x40, 0x80, 0xC0, 0x00, 0x40, 0x80,
    0xC0, 0x2B, 0x40, 0xC0, 0xC0, 0x80, 0x50, 0xC0, 0x40, 0xC0, 0x40, 0xE0, 0xC0, 0xE0, 0x40, 0xE0, 0xC0, 0xA0, 0x40, 0xE2, 0xD0, 0xF2, 0x70, 0xF2,
    0xD4, 0xF6, 0x75, 0xFE, 0xD4, 0xEA, 0x65, 0xE9, 0xC5, 0xEB, 0x77, 0xFF, 0xDD, 0xFF, 0x77, 0xFF, 0xDD, 0xBF, 0x77, 0xBF, 0x5D, 0xFF, 0x84, 0x00,
    0x1E, 0x02, 0x00, 0x02, 0x00, 0x02, 0x00, 0x02, 0x00, 0x02, 0x01, 0x02, 0x05, 0x43, 0x01, 0x02, 0x01, 0x02, 0x00, 0x02, 0x00, 0x02, 0x80, 0x06,
    0x04, 0x02, 0x04, 0x06, 0x04, 0x00, 0x20, 0x00, 0x80, 0x01, 0x7F, 0x83, 0x01, 0x83, 0x03, 0x93, 0x05, 0x03, 0x07, 0x07, 0x05, 0x07, 0x07, 0x0F,
    0x0D, 0x0F, 0x07, 0x8F, 0x0D, 0x8F, 0x07, 0x8F, 0x0D, 0x8B, 0x15, 0x8F, 0x1D, 0x9F, 0x17, 0x8F, 0xD5, 0x8F, 0x25, 0x8E, 0xE5, 0x8F, 0x65, 0xCF,
    0xCD, 0x8F, 0x57, 0x9F, 0xDD, 0x9F, 0x17, 0x9F, 0x1D, 0xBF, 0x17, 0xBF, 0x1D, 0x3F, 0x77, 0xFF, 0xFD, 0xFF, 0x77, 0xFF, 0xDD, 0xFF, 0x75, 0xFF,
    0xDD, 0xFB, 0x77, 0xFF, 0xDD, 0xFF, 0x77, 0xFF, 0xD5, 0xFF, 0x77, 0xEF, 0xCD, 0xEF, 0x77, 0xFF, 0xDD, 0xFF, 0x57, 0xFF, 0xDD, 0xBF, 0x37, 0xBF,
    0x9D, 0xBF, 0x00, 0x08, 0x00, 0x0A, 0x00, 0x0A, 0x05, 0x0A, 0x07, 0x0E, 0x04, 0x06, 0x06, 0x0E, 0x04, 0x0E, 0x06, 0x0E, 0x0C, 0x0E, 0x14, 0x1E,
    0x1C, 0x1E, 0x14, 0x1A, 0x1C, 0x1A, 0x10, 0x1E, 0x14, 0x3E, 0x16, 0x3E, 0x14, 0x0E, 0x04, 0x4E, 0x05, 0x4F, 0x05, 0x56, 0x5F, 0x1D, 0x1F, 0x17,
    0x1F, 0x1D, 0x1F, 0x17, 0x1F, 0x9D, 0x7F, 0x17, 0x7E, 0x1D, 0x7E, 0x37, 0x3E, 0x1D, 0x3E, 0x15, 0x3E, 0x5D, 0x39, 0x11, 0x3B, 0x1D, 0x3B, 0x37,
    0x3F, 0x1D, 0x3F, 0x37, 0x2F, 0x15, 0x27, 0x07, 0x2F, 0x4D, 0x2F, 0x57, 0x3F, 0x5D, 0x3F, 0x17, 0x3F, 0x1D, 0x3F, 0x37, 0x3F, 0x1D, 0x3F, 0x77,
    0x7F, 0x5D, 0x7F, 0x77, 0xFE, 0x5D, 0xFE, 0x77, 0xFD, 0xDD, 0xFF, 0x77, 0xFF, 0xDD, 0xFF, 0x77, 0xFF, 0xD5, 0xFF, 0x77, 0xEF, 0xDD, 0xEF, 0x77,
    0xFF, 0xDD, 0xFF, 0x77, 0xFF, 0xDD, 0xFF, 0x77, 0xFF, 0xDD, 0xFF, 0x8E, 0x00, 0x00, 0x40, 0x97, 0x00, 0x00, 0x40, 0x90, 0x00, 0x08, 0x40, 0x08,
    0x00, 0x00, 0x10, 0x08, 0x10, 0x20, 0x10, 0x81, 0x00, 0x32, 0x28, 0x04, 0x2C, 0x15, 0x2C, 0x1C, 0x3C, 0x14, 0x3C, 0x1C, 0x38, 0x14, 0x38, 0x1C,
    0x3A, 0x34, 0x7E, 0x5C, 0x7E, 0x74, 0x7E, 0x74, 0x7E, 0x74, 0xEC, 0x5C, 0xEF, 0x75, 0xFF, 0xDD, 0xFF, 0x77, 0xFF, 0xDD, 0xBF, 0x17, 0xBF, 0x1D,
    0xBF, 0x77, 0xFF, 0x5D, 0xFF, 0x77, 0xFF, 0xDD, 0xFF, 0x77, 0xFF, 0xDD, 0xFF, 0x00, 0x9F, 0x00, 0x03, 0x80, 0x02, 0x80, 0x20, 0x80, 0x80, 0x00,
    0x00, 0x80, 0x80, 0x05, 0x00, 0x80, 0x10, 0x00, 0x00, 0x80, 0x80, 0x00, 0x0F, 0x80, 0x00, 0x80, 0x00, 0xA0, 0x00, 0x80, 0x00, 0x80, 0x80, 0xC0,
    0x20, 0x80, 0xE0, 0x80, 0x60, 0x80, 0xC0, 0x00, 0x40, 0x80, 0xC0, 0x00, 0x40, 0x80, 0xC0, 0x2E, 0x40, 0x91, 0x80, 0x80, 0x00, 0x80, 0x00, 0xA0,
    0x00, 0xE0, 0x40, 0xE0, 0x40, 0xE0, 0x40, 0xE8, 0x48, 0xE0, 0xC0, 0xE0, 0x71, 0xE0, 0xD1, 0xF3, 0x71, 0xF3, 0xD1, 0xF3, 0x73, 0xE3, 0xC5, 0xE7,
    0x67, 0xEF, 0xCD, 0xEF, 0x77, 0xFF, 0xDD, 0xFF, 0x57, 0xBF, 0x9D, 0xBF, 0x37, 0xFF, 0xDD, 0x83, 0x00, 0x0F, 0x02, 0x00, 0x02, 0x00, 0x02, 0x40,
    0x02, 0x00, 0x02, 0x04, 0x02, 0x04, 0x06, 0x04, 0x02, 0x40, 0x81, 0x00, 0x7F, 0x02, 0x00, 0x02, 0x41, 0x02, 0x00, 0x02, 0x00, 0x02, 0x00, 0x02,
    0x41, 0x82, 0x05, 0x83, 0x05, 0x8F, 0x05, 0x8B, 0x07, 0x8B, 0x05, 0x03, 0x07, 0x0F, 0x05, 0x0F, 0x07, 0x0E, 0x0D, 0x0E, 0x04, 0x8E, 0x0C, 0x8C,
    0x04, 0x8C, 0x8D, 0x8B, 0x11, 0x8B, 0x9D, 0x9B, 0x13, 0x83, 0x85, 0x83, 0x07, 0x87, 0xE5, 0x8F, 0x67, 0xCF, 0xED, 0x8F, 0x07, 0x8F, 0x9D, 0x9F,
    0x17, 0x9F, 0x1D, 0xBF, 0x37, 0xBF, 0x5D, 0xFF, 0x77, 0xFF, 0x5C, 0xFE, 0x74, 0xFE, 0xDC, 0xFF, 0x75, 0xFF, 0xDD, 0xFF, 0x77, 0xFF, 0xDD, 0xFB,
    0x77, 0xFF, 0xD5, 0xFF, 0x77, 0xFF, 0xDD, 0xFF, 0x77, 0xFF, 0xDD, 0xFF, 0x57, 0xFF, 0xDD, 0xFF, 0x77, 0xFF, 0xDD, 0x02, 0x04, 0x0E, 0x04, 0x0E,
    0x05, 0x0E, 0x05, 0x0A, 0x05, 0x0E, 0x04, 0x0E, 0x16, 0x0E, 0x1C, 0x1E, 0x16, 0x0E, 0x1C, 0x0E, 0x14, 0x0C, 0x1C, 0x08, 0x14, 0x65, 0x18, 0x1D,
    0x1B, 0x11, 0x1B, 0x11, 0x13, 0x13, 0x02, 0x05, 0x07, 0x07, 0x0F, 0x05, 0x0F, 0x07, 0x0F, 0x0D, 0x6F, 0x17, 0x3F, 0x1D, 0x3F, 0x17, 0x3F, 0x1D,
    0x3F, 0x37, 0x3F, 0x1D, 0x3E, 0x36, 0x3E, 0x3C, 0x3E, 0x34, 0x3C, 0x1D, 0x3F, 0x35, 0x3F, 0x1D, 0x3B, 0x13, 0xBB, 0x15, 0x3B, 0x17, 0x3F, 0x15,
    0x3F, 0x37, 0x3F, 0x5D, 0x3F, 0x37, 0x3F, 0x5D, 0x3F, 0x17, 0x3F, 0x7D, 0x3F, 0x77, 0xFF, 0x5D, 0xFF, 0x77, 0xFF, 0x5D, 0xFE, 0x77, 0xFE, 0x55,
    0xFF, 0x77, 0xFF, 0xDD, 0xFF, 0x77, 0xFF, 0xDD, 0xFF, 0x57, 0xBF, 0x9D, 0xBF, 0x37, 0xFF, 0xDD, 0xFF, 0x77, 0xFF, 0x5D, 0xFF, 0x77, 0xFE, 0xDD,
    0xFF, 0x77, 0xFF, 0xDD, 0x88, 0x00, 0x00, 0x40, 0x98, 0x00, 0x00, 0x20, 0x8A, 0x00, 0x00, 0x01, 0x80, 0x00, 0x00, 0x20, 0x85, 0x00, 0x3D, 0x08,
    0x00, 0x08, 0x00, 0x08, 0x00, 0x08, 0x00, 0x08, 0x10, 0x38, 0x14, 0x3C, 0x1C, 0x3C, 0x34, 0x3C, 0x1C, 0x3C, 0x14, 0x3C, 0x5C, 0x3C, 0x74, 0x7C,
    0x5C, 0x7A, 0x70, 0x7A, 0x50, 0x7A, 0x70, 0x72, 0x54, 0x76, 0x77, 0xEF, 0x5D, 0xEF, 0x77, 0xEF, 0xDD, 0xFF, 0x57, 0x9F, 0xDD, 0xBF, 0x37, 0xFF,
    0xDD, 0xFF, 0x77, 0xFF, 0x5D, 0xFF, 0x76, 0xFE, 0xDC, 0xFE, 0x75, 0xFF, 0xDD, 0x00, 0xA1, 0x00, 0x0C, 0x80, 0x00, 0x80, 0x00, 0x80, 0x00, 0x80,
    0x00, 0x80, 0x00, 0x80, 0x00, 0x80, 0x82, 0x00, 0x09, 0x10, 0x00, 0x80, 0x00, 0x40, 0x00, 0xC0, 0x80, 0xC0, 0x00, 0x80, 0x80, 0x00, 0x00, 0x80,
    0x80, 0x0C, 0x00, 0x80, 0xC0, 0x80, 0x40, 0xD0, 0xC0, 0x80, 0x40, 0x80, 0xC0, 0x80, 0x00, 0x80, 0x80, 0x28, 0x00, 0x80, 0xC0, 0xA0, 0x40, 0xE0,
    0x40, 0xE0, 0x60, 0xE0, 0xC0, 0xE0, 0x60, 0xE0, 0xC1, 0xE1, 0x61, 0xE1, 0xC1, 0xE3, 0x41, 0xE3, 0xD1, 0xF3, 0x77, 0xFF, 0xD5, 0xFF, 0x77, 0xFF,
    0xDD, 0xEF, 0x77, 0xFF, 0xDD, 0xFF, 0x77, 0xFF, 0xDD, 0xFF, 0x77, 0x80, 0x00, 0x7F, 0x20, 0x00, 0x00, 0x02, 0x00, 0x02, 0x00, 0x02, 0x00, 0x02,
    0x04, 0x42, 0x04, 0x02, 0x04, 0x02, 0x00, 0x00, 0x84, 0x80, 0x00, 0x08, 0x00, 0x00, 0x01, 0x00, 0x01, 0x02, 0x01, 0x02, 0x01, 0x03, 0x03, 0x07,
    0x05, 0x07, 0x07, 0x0F, 0x05, 0x0F, 0x07, 0x0F, 0x0D, 0x0F, 0x07, 0x0F, 0x0D, 0x0F, 0x07, 0x0F, 0x0D, 0x0E, 0x07, 0x0E, 0x04, 0x0E, 0x04, 0x8E,
    0x0C, 0x8F, 0x05, 0x8F, 0x8D, 0x8B, 0x01, 0xAB, 0xA1, 0xAB, 0x13, 0xAF, 0x95, 0x9F, 0x1F, 0xEF, 0x1D, 0xAF, 0x17, 0x8F, 0x0D, 0x0F, 0x17, 0xBF,
    0xDD, 0xBF, 0x57, 0xFF, 0xDD, 0xFF, 0x77, 0xFF, 0xDD, 0xFB, 0x77, 0xFF, 0xD5, 0xFF, 0x77, 0xFF, 0xDD, 0xFF, 0x77, 0xEF, 0xDD, 0xEF, 0x57, 0xDF,
    0xDD, 0xBF, 0x57, 0xFF, 0xDD, 0xFF, 0x77, 0xFF, 0x5D, 0x7F, 0x77, 0xFE, 0x5D, 0xFF, 0x77, 0xFF, 0xDD, 0xFF, 0x77, 0x0E, 0x0C, 0x0E, 0x7C, 0x04,
    0x4E, 0x04, 0x0E, 0x04, 0x0E, 0x0C, 0x0E, 0x14, 0x1E, 0x1C, 0x1E, 0x14, 0x1E, 0x1C, 0x1A, 0x14, 0x0E, 0x14, 0x0E, 0x14, 0x0E, 0x1C, 0x0E, 0x15,
    0x0A, 0x05, 0x0B, 0x01, 0x0B, 0x11, 0x0B, 0x17, 0x1F, 0x3D, 0x7F, 0x17, 0x7F, 0x1D, 0x6E, 0x16, 0x0E, 0x1C, 0x3E, 0x15, 0x3E, 0x5D, 0x3F, 0x55,
    0x3F, 0x5D, 0x3B, 0x31, 0x3A, 0x30, 0x3A, 0x37, 0x3E, 0x95, 0x3F, 0x37, 0x2F, 0x4D, 0x2F, 0x07, 0x0F, 0x0D, 0x0F, 0x17, 0x3F, 0x1D, 0x3F, 0x37,
    0x3F, 0x1D, 0x3F, 0x37, 0x3F, 0x5D, 0x3E, 0x76, 0x7E, 0x5C, 0x7F, 0x77, 0xFF, 0x5D, 0xFF, 0x75, 0xFB, 0xD9, 0xFB, 0x73, 0xFB, 0xD5, 0xFF, 0x77,
    0xFF, 0xDD, 0xFF, 0x77, 0xEF, 0xCD, 0xEF, 0x47, 0xDF, 0xDD, 0xFF, 0x57, 0xFF, 0xDD, 0xFF, 0x77, 0xFF, 0xDD, 0xFF, 0x77, 0xFE, 0x5C, 0xFE, 0xF7,
    0xFF, 0xDD, 0xFF, 0xF7, 0x82, 0x00, 0x00, 0x80, 0x92, 0x00, 0x00, 0x02, 0x81, 0x00, 0x00, 0x02, 0x89, 0x00, 0x00, 0x01, 0x80, 0x00, 0x00, 0x10,
    0x8F, 0x00, 0x3B, 0x08, 0x00, 0x08, 0x00, 0x08, 0x18, 0x18, 0x10, 0x38, 0x18, 0x38, 0x10, 0x38, 0x10, 0x38, 0x30, 0x38, 0x54, 0xF8, 0x74, 0x7C,
    0x5C, 0x78, 0x70, 0x78, 0x58, 0x78, 0x50, 0xFA, 0x51, 0xBB, 0x77, 0xFF, 0x5D, 0xFF, 0x77, 0xFF, 0x5D, 0x3F, 0x77, 0xFE, 0x5D, 0xFF, 0x77, 0xFF,
    0xDD, 0xFF, 0x77, 0xFF, 0xDD, 0xFF, 0x77, 0xFF, 0xDD, 0xFF, 0x77, 0xFF, 0xDD, 0xFF, 0x77, 0x00, 0xAB, 0x00, 0x00, 0x80, 0x80, 0x00, 0x01, 0x80,
    0x90, 0x83, 0x00, 0x14, 0x80, 0x00, 0x80, 0x00, 0xC0, 0x80, 0xC0, 0x00, 0xC0, 0x80, 0x80, 0x00, 0x80, 0xA0, 0x80, 0x00, 0x80, 0x00, 0x80, 0x00,
    0x80, 0x80, 0x00, 0x7F, 0x80, 0x40, 0x80, 0x40, 0xC0, 0xC0, 0x80, 0x40, 0x80, 0xC0, 0x80, 0x40, 0xE0, 0xC0, 0xE2, 0x60, 0xE2, 0xC5, 0xE2, 0x41,
    0xE3, 0xC5, 0xE3, 0x41, 0xCB, 0xC5, 0xEF, 0x57, 0xFF, 0xDD, 0xBF, 0x77, 0xBF, 0x5D, 0xBF, 0x77, 0x7F, 0x5D, 0xFF, 0x77, 0xFF, 0xDD, 0xFF, 0x77,
    0xFF, 0xDD, 0x02, 0x00, 0x02, 0x04, 0x02, 0x00, 0x00, 0x04, 0x42, 0x04, 0x0A, 0x04, 0x0A, 0x40, 0x0A, 0x00, 0x02, 0x00, 0x02, 0x04, 0x02, 0x04,
    0x0E, 0x04, 0x02, 0x00, 0x08, 0x00, 0x00, 0x01, 0x0A, 0x01, 0x03, 0x03, 0x0B, 0x05, 0x0F, 0x07, 0x0F, 0x05, 0x0E, 0x06, 0x0E, 0x04, 0x0E, 0x07,
    0x0E, 0x0D, 0x0F, 0x15, 0x1F, 0x1D, 0x1A, 0x11, 0x1A, 0x10, 0x1A, 0x13, 0x1E, 0x15, 0x0F, 0x17, 0x8F, 0x15, 0x8F, 0x05, 0x8F, 0x05, 0x8F, 0x07,
    0x8F, 0x1D, 0x9F, 0x57, 0x9F, 0x1D, 0xBF, 0x37, 0x3F, 0x3D, 0x3E, 0x37, 0x37, 0x3E, 0x5D, 0xFE, 0x77, 0xFF, 0xDD, 0xFF, 0x75, 0xFF, 0xDD, 0xFB,
    0x71, 0xFB, 0xDD, 0xFB, 0x77, 0xFF, 0xD5, 0xFF, 0x77, 0xEF, 0xC5, 0xEF, 0x47, 0xEF, 0xDD, 0xFF, 0x57, 0xFF, 0xDD, 0xFF, 0x77, 0xBF, 0xDD, 0xBF,
    0x77, 0xFF, 0x5D, 0xFF, 0x77, 0xFF, 0xDD, 0xFF, 0x77, 0xFF, 0xDD, 0x0E, 0x04, 0x0E, 0x04, 0x0E, 0x04, 0x0E, 0x0C, 0x0E, 0x14, 0x80, 0x1C, 0x74,
    0x14, 0x18, 0x18, 0x19, 0x10, 0x38, 0x10, 0x32, 0x10, 0x3E, 0x14, 0x2E, 0x04, 0x2E, 0x04, 0x0E, 0x04, 0x0E, 0x0C, 0x1E, 0x17, 0x1E, 0x1D, 0x3F,
    0x17, 0x3E, 0x1C, 0x3E, 0x16, 0x3E, 0x1C, 0x3E, 0x36, 0x3E, 0x1C, 0x3E, 0x34, 0x3E, 0x1C, 0x78, 0x11, 0x38, 0x19, 0x3B, 0x31, 0x3B, 0x55, 0x3F,
    0x37, 0x3F, 0x55, 0x2F, 0x07, 0x2F, 0x4D, 0x2F, 0x07, 0x3F, 0x5D, 0x3F, 0x17, 0x3F, 0x1D, 0x3F, 0x37, 0x3F, 0x1D, 0x3E, 0x77, 0x7E, 0x5C, 0x7E,
    0x77, 0xFE, 0x7D, 0xFF, 0x75, 0xFF, 0xDD, 0xFB, 0x71, 0xFB, 0xDD, 0xFF, 0x77, 0xFF, 0xDD, 0xFF, 0x77, 0xFF, 0x5D, 0xBF, 0x77, 0xFF, 0x5F, 0xFF,
    0x77, 0xFF, 0xDD, 0xFF, 0x77, 0xFF, 0xDD, 0xFF, 0x77, 0xFF, 0xDD, 0xFF, 0x77, 0xFF, 0xDD, 0xFF, 0x77, 0xFF, 0xDD, 0x00, 0x80, 0x93, 0x00, 0x03,
    0x02, 0x00, 0x00, 0x01, 0x87, 0x00, 0x00, 0x01, 0x82, 0x00, 0x00, 0x08, 0x85, 0x00, 0x00, 0x01, 0x8D, 0x00, 0x39, 0x08, 0x00, 0x28, 0x10, 0x38,
    0x18, 0x38, 0x10, 0x38, 0x10, 0x38, 0x30, 0x38, 0x50, 0x38, 0x70, 0x78, 0x50, 0x70, 0x70, 0x68, 0x40, 0x68, 0x40, 0xE8, 0x4C, 0xFA, 0x55, 0xFF,
    0x5D, 0xBF, 0x17, 0xBF, 0x1D, 0x3F, 0x37, 0x3E, 0x5D, 0x7E, 0x77, 0xFE, 0xDD, 0xFF, 0x75, 0xFE, 0xDD, 0xFD, 0x75, 0xFB, 0xDD, 0xFB, 0x77, 0xFF,
    0xDD, 0xFF, 0x77, 0xFF, 0xD5, 0x00, 0x90, 0x00, 0x00, 0x08, 0x87, 0x00, 0x00, 0x10, 0x88, 0x00, 0x00, 0x40, 0x80, 0x00, 0x00, 0x40, 0x85, 0x00,
    0x0C, 0x40, 0x80, 0x40, 0x80, 0x40, 0x80, 0x00, 0x80, 0x10, 0x80, 0x00, 0xC0, 0x00, 0x80, 0x80, 0x00, 0x00, 0x80, 0x80, 0x01, 0x00, 0x80, 0x82,
    0x00, 0x7F, 0x80, 0x00, 0x80, 0xC0, 0x80, 0x40, 0xC0, 0xC0, 0x80, 0x40, 0xC0, 0xC1, 0xC2, 0x41, 0xC3, 0xC1, 0xE3, 0x43, 0xE3, 0xC5, 0xE7, 0x47,
    0xCF, 0xC5, 0xEF, 0x47, 0xEF, 0xDD, 0xFF, 0x57, 0xBF, 0x9D, 0xBF, 0x37, 0xBF, 0x5D, 0xFF, 0x7F, 0xFF, 0xDD, 0xFF, 0x77, 0xFE, 0xDD, 0xFF, 0x75,
    0x02, 0x04, 0x02, 0x04, 0x0E, 0x04, 0x0E, 0x04, 0x0E, 0x04, 0x08, 0x00, 0x08, 0x00, 0x08, 0x00, 0x08, 0x00, 0x02, 0x00, 0x0A, 0x04, 0x02, 0x00,
    0x02, 0x04, 0x02, 0x04, 0x0A, 0x04, 0x0E, 0x05, 0x0F, 0x0D, 0x0F, 0x17, 0x0F, 0x15, 0x0E, 0x17, 0x0E, 0x14, 0x0E, 0x16, 0x1E, 0x1C, 0x1E, 0x14,
    0x1E, 0x1C, 0x1C, 0x14, 0x18, 0x19, 0x19, 0x11, 0x3B, 0x15, 0x3B, 0x17, 0x3F, 0x15, 0x27, 0x07, 0x2F, 0x05, 0x0F, 0x07, 0x0F, 0x5D, 0x3F, 0x17,
    0xBF, 0x1D, 0x3F, 0x17, 0x3F, 0x1D, 0x3F, 0x37, 0x3F, 0x5D, 0x7F, 0x3F, 0x77, 0xFE, 0x5D, 0xFE, 0x75, 0xFE, 0xDD, 0xFD, 0x75, 0xFF, 0xDD, 0xFF,
    0x77, 0xFF, 0xDD, 0xFF, 0x77, 0xFF, 0xD7, 0xBF, 0x77, 0xFF, 0x5D, 0xFF, 0x77, 0xFF, 0xDF, 0xFF, 0x77, 0xFF, 0xDF, 0xFF, 0x77, 0xFF, 0xDD, 0xFF,
    0x77, 0xFF, 0xDD, 0xFF, 0x77, 0xFF, 0xDD, 0xFF, 0x77, 0x08, 0x10, 0x08, 0x10, 0x0C, 0x14, 0x3C, 0x16, 0x3C, 0x1C, 0x3A, 0x14, 0x28, 0x18, 0x29,
    0x11, 0x18, 0x10, 0x38, 0x10, 0x3A, 0x10, 0xB2, 0x10, 0x22, 0x04, 0x22, 0x04, 0x0E, 0x04, 0x2E, 0x04, 0x0E, 0x1C, 0x3E, 0x14, 0x5E, 0x1C, 0x7E,
    0x14, 0x7E, 0x1C, 0xBE, 0x34, 0x3E, 0x5C, 0xBE, 0x74, 0x7E, 0x5C, 0x7C, 0x74, 0x6C, 0x5C, 0x78, 0x51, 0x7A, 0x5D, 0x3B, 0x57, 0x3F, 0x15, 0x3F,
    0x17, 0x3F, 0x15, 0x3F, 0x37, 0x3E, 0x5D, 0x7F, 0x77, 0x7F, 0x5D, 0x7F, 0x75, 0xFE, 0x5D, 0x3F, 0x75, 0xFF, 0x5D, 0x2D, 0xFF, 0x77, 0xFF, 0x7D,
    0xFF, 0x77, 0xFE, 0xD5, 0xEF, 0x65, 0xEF, 0xDD, 0xFF, 0x77, 0xFF, 0xDD, 0xFF, 0x57, 0xBF, 0x9D, 0xBF, 0x37, 0xBF, 0x5D, 0xFF, 0x77, 0xFF, 0x5D,
    0xFF, 0x77, 0xFF, 0xDD, 0xFF, 0x75, 0xFF, 0xDD, 0xFF, 0x77, 0xFF, 0xDD, 0xFF, 0x77, 0xFF, 0xD5, 0xF7, 0x77, 0x92, 0x00, 0x00, 0x02, 0x86, 0x00,
    0x00, 0x01, 0x83, 0x00, 0x00, 0x04, 0x84, 0x00, 0x00, 0x02, 0x94, 0x00, 0x39, 0x20, 0x00, 0x20, 0x00, 0x20, 0x00, 0x20, 0x00, 0x20, 0x10, 0x38,
    0x50, 0x30, 0x70, 0x78, 0x50, 0x30, 0x70, 0x20, 0x40, 0x20, 0x40, 0xE8, 0x44, 0xE8, 0x55, 0xED, 0x5D, 0xFF, 0x55, 0xBF, 0x1D, 0xBF, 0x15, 0xBF,
    0x5D, 0xBF, 0x77, 0xFF, 0x5D, 0xFE, 0x76, 0xFE, 0xDC, 0xFE, 0x74, 0xFC, 0xDD, 0xFF, 0x75, 0xFF, 0xDD, 0xFF, 0x77, 0xFF, 0xDD, 0xFF, 0x77, 0x00,
    0x95, 0x00, 0x00, 0x20, 0x8A, 0x00, 0x01, 0x20, 0x20, 0x81, 0x00, 0x00, 0x08, 0x87, 0x00, 0x01, 0x80, 0x10, 0x83, 0x00, 0x04, 0x20, 0x00, 0x20,
    0x00, 0x20, 0x87, 0x00, 0x7F, 0x80, 0x00, 0x02, 0x00, 0x82, 0x00, 0x02, 0x00, 0x80, 0x00, 0x80, 0x00, 0x88, 0x84, 0x8B, 0x81, 0x8B, 0xC1, 0x8B,
    0x03, 0x8B, 0x85, 0x83, 0x07, 0x8F, 0xC5, 0xAF, 0x57, 0xEF, 0xDD, 0xFF, 0x57, 0xFF, 0xDD, 0xFF, 0x57, 0xFF, 0xDD, 0xFF, 0x77, 0xFF, 0xDD, 0xFF,
    0x77, 0xFF, 0xD5, 0xFF, 0x77, 0xFF, 0xDD, 0x08, 0x00, 0x08, 0x04, 0x08, 0x14, 0x0C, 0x04, 0x08, 0x04, 0x08, 0x04, 0x08, 0x00, 0x08, 0x10, 0x08,
    0x10, 0x08, 0x10, 0x02, 0x10, 0x02, 0x00, 0x02, 0x00, 0x06, 0x04, 0x0E, 0x06, 0x0E, 0x0C, 0x0E, 0x14, 0x0E, 0x1C, 0x1E, 0x14, 0x1E, 0x1C, 0x3E,
    0x16, 0x3E, 0x1C, 0x3E, 0x34, 0x3E, 0x14, 0x3E, 0x34, 0x2C, 0x14, 0x2E, 0x14, 0x3E, 0x5D, 0x3F, 0x17, 0x3F, 0x1D, 0x3B, 0x17, 0x3F, 0x15, 0xBF,
    0x57, 0x3F, 0x1D, 0x3F, 0x37, 0x3E, 0x5D, 0x3E, 0x55, 0x3E, 0x5D, 0x3E, 0x75, 0x5B, 0xFF, 0x5D, 0xFF, 0x77, 0xFF, 0x5D, 0xFB, 0x77, 0xFE, 0x55,
    0xFF, 0x77, 0xEF, 0xDD, 0xFF, 0x77, 0xFF, 0xDD, 0xFF, 0x57, 0x9F, 0x9D, 0xBF, 0x17, 0xBF, 0xDD, 0xBF, 0x77, 0xFF, 0x5D, 0xFF, 0x77, 0xFE, 0x5C,
    0xFE, 0x75, 0xFF, 0xDD, 0xFF, 0x77, 0xFF, 0xDD, 0xFF, 0x77, 0xFF, 0xD5, 0xFB, 0x77, 0xFF, 0xD5, 0x18, 0x11, 0x38, 0x10, 0x38, 0x10, 0x39, 0x10,
    0x30, 0x10, 0x20, 0x00, 0x20, 0x00, 0x28, 0x00, 0x28, 0x10, 0x28, 0x10, 0x08, 0x10, 0x48, 0x10, 0x00, 0x10, 0x28, 0x14, 0x3C, 0x14, 0x3C, 0x1C,
    0x3C, 0x14, 0x3C, 0xDC, 0x3C, 0x14, 0x3C, 0x7C, 0x38, 0x70, 0x80, 0x78, 0x52, 0x70, 0x78, 0x50, 0x70, 0x70, 0x60, 0x44, 0x6E, 0x66, 0xEE, 0x5C,
    0xEE, 0x54, 0xEE, 0x5C, 0x9E, 0x14, 0x9E, 0x1C, 0x3E, 0x36, 0xBE, 0x5C, 0x3E, 0x76, 0x7E, 0x5C, 0x7E, 0x74, 0xFE, 0x5C, 0xFC, 0x74, 0xFC, 0xFD,
    0xFF, 0x75, 0xFB, 0xD9, 0xFB, 0x73, 0xFB, 0xD5, 0xF3, 0x77, 0xFF, 0xDD, 0xFF, 0x77, 0xFF, 0xDD, 0xFF, 0x57, 0xFF, 0xDD, 0xBF, 0x57, 0xFF, 0xDD,
    0xFF, 0x77, 0xFF, 0xDD, 0xFF, 0x7F, 0xFE, 0xDC, 0xFE, 0x74, 0xFE, 0xDD, 0xFF, 0x77, 0xFF, 0xDD, 0xFF, 0x77, 0xFF, 0xDD, 0xFB, 0x77, 0xFF, 0xDD,
    0x8E, 0x00, 0x00, 0x01, 0x8A, 0x00, 0x00, 0x04, 0xA5, 0x00, 0x0E, 0x20, 0x00, 0x20, 0x00, 0x20, 0x00, 0x20, 0x40, 0x20, 0x40, 0x60, 0x41, 0x00,
    0x01, 0x81, 0x80, 0x01, 0x25, 0xA1, 0x11, 0x21, 0x71, 0xE9, 0x51, 0x2B, 0x51, 0x68, 0x5C, 0x78, 0x51, 0xF9, 0xDD, 0xFB, 0x75, 0xFF, 0xDD, 0xFB,
    0x71, 0xFB, 0xD1, 0xFB, 0x77, 0xFF, 0xD5, 0xFF, 0x77, 0xFF, 0xDD, 0xFF, 0x77, 0xFF, 0xDD, 0xDF, 0x57, 0xFF, 0xDD, 0x00, 0x90, 0x00, 0x00, 0x40,
    0x8A, 0x00, 0x01, 0x10, 0x10, 0x83, 0x00, 0x00, 0x04, 0x83, 0x00, 0x02, 0x80, 0x00, 0x20, 0x91, 0x00, 0x09, 0x40, 0x00, 0x40, 0x00, 0x40, 0x08,
    0x00, 0x08, 0x00, 0x08, 0x82, 0x00, 0x7F, 0x42, 0x00, 0x86, 0x04, 0x8E, 0x04, 0x8E, 0x85, 0x8F, 0x05, 0x8F, 0x8D, 0x8F, 0x17, 0x9F, 0x9D, 0xBF,
    0x17, 0xBF, 0x1D, 0x3F, 0x37, 0x7E, 0x5C, 0x7E, 0x76, 0xFE, 0xDD, 0xFF, 0x75, 0xFF, 0xDD, 0xFF, 0x77, 0xFB, 0xD9, 0xFB, 0x73, 0xFF, 0xD5, 0xFF,
    0x77, 0x98, 0x18, 0x18, 0x10, 0x38, 0x10, 0x38, 0x10, 0x28, 0x10, 0x20, 0x00, 0x28, 0x04, 0x28, 0x00, 0x28, 0x00, 0x08, 0x00, 0x08, 0x00, 0x08,
    0x10, 0x0A, 0x14, 0x3E, 0x14, 0x3E, 0x1C, 0x3E, 0x14, 0x2E, 0x1C, 0x3C, 0x14, 0x3C, 0x1C, 0x3C, 0x34, 0x3C, 0x5C, 0x3A, 0x30, 0x3A, 0x10, 0x3A,
    0x30, 0x32, 0x54, 0x7E, 0x74, 0x6E, 0x5C, 0x6E, 0x44, 0x6E, 0x4C, 0x0E, 0x54, 0x1E, 0x1D, 0x7E, 0x17, 0xBE, 0x1D, 0x3E, 0x37, 0x3E, 0x5C, 0x3E,
    0x76, 0x7E, 0x5C, 0x7E, 0x74, 0xFE, 0xDC, 0xFE, 0x75, 0xFF, 0xDD, 0xFB, 0x71, 0xFB, 0xF1, 0x7F, 0xF3, 0x77, 0xFF, 0xF5, 0xFF, 0x77, 0xFF, 0xDD,
    0xEF, 0x47, 0xEF, 0xDD, 0xFF, 0x57, 0xFF, 0xDD, 0xFF, 0x77, 0xFF, 0xDD, 0xFF, 0x77, 0xFE, 0x5C, 0xFE, 0x76, 0xFE, 0xDD, 0xFF, 0x77, 0xFF, 0xDD,
    0xFF, 0x75, 0xFF, 0xDD, 0xFB, 0x73, 0xFF, 0xDD, 0xFF, 0x77, 0x28, 0x10, 0x30, 0x10, 0x38, 0x10, 0x30, 0x10, 0x20, 0x00, 0x20, 0x00, 0x20, 0x40,
    0x20, 0x60, 0x38, 0x40, 0x20, 0x00, 0x08, 0x00, 0x08, 0x10, 0x08, 0x10, 0x38, 0x10, 0x38, 0x10, 0xB8, 0x30, 0x38, 0x50, 0x38, 0x70, 0x78, 0x58,
    0x78, 0x70, 0xF8, 0x58, 0xF8, 0x70, 0xF8, 0x50, 0xB0, 0x70, 0xF0, 0x51, 0xF0, 0x70, 0xFC, 0x54, 0xEC, 0x64, 0xEC, 0x6C, 0xAC, 0x64, 0xCC, 0x7C,
    0xBC, 0x54, 0xFE, 0xDC, 0xFE, 0x74, 0xFE, 0x5C, 0xFE, 0x74, 0xFE, 0x7C, 0xFE, 0x74, 0xFE, 0xDC, 0xFE, 0x74, 0xFC, 0xDD, 0xFB, 0x51, 0xFB, 0xD9,
    0x29, 0xFB, 0x77, 0xFF, 0xDD, 0xFF, 0x77, 0xFF, 0x5D, 0xFF, 0x77, 0xFE, 0x5D, 0xFF, 0x77, 0xFF, 0xDD, 0xFF, 0x77, 0xFF, 0xDD, 0xFF, 0x77, 0xFF,
    0xDD, 0xFB, 0x77, 0xFF, 0xDD, 0xFF, 0x77, 0xFF, 0xDD, 0xFF, 0x77, 0xEF, 0xDD, 0xFF, 0x57, 0xFF, 0xDD, 0xFF, 0x77, 0x8B, 0x00, 0x00, 0x01, 0x87,
    0x00, 0x00, 0x04, 0xA5, 0x00, 0x00, 0x80, 0x89, 0x00, 0x02, 0x01, 0x00, 0x41, 0x83, 0x01, 0x27, 0x81, 0x01, 0xA3, 0x01, 0xA3, 0x11, 0x23, 0x11,
    0x22, 0x50, 0x22, 0x70, 0xFA, 0x55, 0xFB, 0x75, 0xFB, 0xDD, 0xFB, 0x71, 0xF9, 0xD1, 0xFB, 0x73, 0xFB, 0xD5, 0xFF, 0x77, 0xFF, 0xD5, 0xFF, 0x77,
    0xEF, 0xCD, 0xEF, 0x57, 0xFF, 0xDD, 0xFF, 0x77, 0x00, 0x00, 0x40, 0x89, 0x00, 0x00, 0x80, 0x8A, 0x00, 0x03, 0x08, 0x00, 0x00, 0x10, 0x83, 0x00,
    0x01, 0x04, 0x80, 0x84, 0x00, 0x00, 0x20, 0x8F, 0x00, 0x46, 0x20, 0x08, 0x20, 0x00, 0x20, 0x08, 0x04, 0x08, 0x04, 0x0C, 0x04, 0x08, 0x00, 0x48,
    0x00, 0x08, 0x10, 0x08, 0x10, 0x02, 0x10, 0x0A, 0x14, 0x26, 0x16, 0x2E, 0x04, 0x2E, 0x06, 0x0E, 0x0C, 0x0E, 0x17, 0x9F, 0x1D, 0xBF, 0x17, 0xBF,
    0x1D, 0xBF, 0x37, 0xBE, 0x5C, 0xBE, 0x76, 0xFE, 0xDD, 0xFE, 0x77, 0xFF, 0xDD, 0xFF, 0x75, 0xFF, 0xDD, 0xFB, 0x77, 0xFF, 0xDD, 0xFF, 0x77, 0xFF,
    0xDD, 0x38, 0x10, 0x38, 0x10, 0x38, 0x10, 0x38, 0x10, 0x80, 0x30, 0x7F, 0x50, 0x20, 0x30, 0x2C, 0x40, 0x20, 0x00, 0x08, 0x00, 0x08, 0x00, 0x08,
    0x1C, 0x38, 0x14, 0x3C, 0x1C, 0x38, 0x34, 0x38, 0x14, 0x38, 0x34, 0x7C, 0x5C, 0x7C, 0x74, 0xFC, 0x5C, 0xF8, 0x70, 0xF8, 0x58, 0xF8, 0xD0, 0xF8,
    0x50, 0xFA, 0x70, 0xFE, 0x54, 0xFE, 0x74, 0xEE, 0x44, 0x2E, 0x44, 0xEE, 0x5C, 0xFE, 0x54, 0xFE, 0x5C, 0xFE, 0x74, 0xFE, 0x5C, 0xBE, 0x74, 0xFE,
    0x5C, 0xFE, 0x74, 0xFE, 0xDC, 0xFE, 0x74, 0xFE, 0xFC, 0xFC, 0x74, 0xFA, 0xFD, 0xFB, 0x77, 0xFF, 0xDD, 0xFF, 0x77, 0xFF, 0xDD, 0xBF, 0x77, 0xFF,
    0x5D, 0x7E, 0x77, 0xFF, 0xDD, 0xFF, 0x77, 0xFF, 0xDD, 0xFF, 0x75, 0xFF, 0xDD, 0xFB, 0x77, 0xFF, 0xDD, 0xFF, 0x77, 0xFF, 0xDD, 0xFF, 0x77, 0xEF,
    0xCD, 0xEF, 0x57, 0xFF, 0xDD, 0xFF, 0x77, 0xFF, 0xDD, 0x20, 0x40, 0x20, 0x40, 0x20, 0x00, 0x10, 0x00, 0x00, 0x20, 0x20, 0x05, 0x80, 0x20, 0x00,
    0x20, 0x00, 0x20, 0x83, 0x00, 0x68, 0x40, 0x20, 0x10, 0xB8, 0x50, 0x30, 0x10, 0xB0, 0x10, 0x30, 0x70, 0xF0, 0x50, 0xF0, 0x70, 0xF8, 0x50, 0xE0,
    0x60, 0xE0, 0xC0, 0xE0, 0x40, 0xF8, 0xD2, 0xF8, 0x50, 0xF8, 0xD0, 0xF8, 0x10, 0xF8, 0x10, 0x38, 0x30, 0x78, 0x5C, 0xF8, 0x74, 0xFC, 0xDC, 0xF8,
    0x78, 0xF8, 0xD8, 0xF8, 0x70, 0xF8, 0xD0, 0xF8, 0xF0, 0xF8, 0xD5, 0xFA, 0x75, 0xFE, 0xC5, 0xEA, 0x65, 0xEF, 0xCD, 0xEF, 0x55, 0xFF, 0xDD, 0xFF,
    0x77, 0xBF, 0x9D, 0xBF, 0x37, 0xBF, 0x5D, 0x7E, 0x77, 0xFE, 0xDD, 0xFE, 0x77, 0xFE, 0xDD, 0xFF, 0x77, 0xFD, 0xDF, 0xFB, 0x73, 0xFB, 0xDD, 0xFF,
    0x77, 0xFF, 0xD5, 0xFF, 0x77, 0xEF, 0xC5, 0xEF, 0x77, 0xFF, 0xDF, 0xFF, 0x77, 0xFF, 0xDD, 0x97, 0x00, 0x00, 0x01, 0x93, 0x00, 0x04, 0x01, 0x00,
    0x01, 0x00, 0x01, 0x82, 0x00, 0x00, 0x40, 0x86, 0x00, 0x01, 0x01, 0x00, 0x82, 0x01, 0x33, 0x03, 0x01, 0x03, 0x01, 0x03, 0x01, 0x03, 0x01, 0x03,
    0x01, 0x03, 0x01, 0x03, 0x01, 0x83, 0x01, 0x03, 0x01, 0x83, 0x01, 0x23, 0x03, 0xE3, 0x45, 0xE3, 0x67, 0xE6, 0xC5, 0xE3, 0x61, 0xE9, 0xC5, 0xEB,
    0x51, 0xEB, 0xD5, 0xFF, 0x77, 0xFF, 0xDD, 0xFF, 0x77, 0xBF, 0x55, 0xBF, 0x77, 0xFF, 0xDD, 0xFF, 0x77, 0xFF, 0xDD, 0x00, 0x92, 0x00, 0x00, 0x04,
    0x82, 0x00, 0x00, 0x08, 0x82, 0x00, 0x00, 0x02, 0x82, 0x00, 0x00, 0x08, 0x91, 0x00, 0x7F, 0x08, 0x00, 0x08, 0x00, 0x08, 0x00, 0x08, 0x10, 0x08,
    0x10, 0x18, 0x10, 0x58, 0x14, 0x68, 0x10, 0x68, 0x00, 0x28, 0x00, 0x08, 0x00, 0x08, 0x10, 0x1A, 0x1C, 0x3A, 0x14, 0x3E, 0x14, 0x3E, 0x16, 0x2E,
    0x14, 0x3E, 0x16, 0x3E, 0x5C, 0x7E, 0x76, 0xFE, 0x5C, 0xFE, 0x74, 0xFE, 0x5C, 0xFA, 0x77, 0xFF, 0xDD, 0xFF, 0x77, 0xFF, 0xDD, 0xFF, 0x77, 0xEF,
    0xE5, 0xEF, 0x77, 0xFF, 0xDD, 0xFF, 0x77, 0xFF, 0xDD, 0xFF, 0x77, 0x68, 0x50, 0x20, 0x40, 0x68, 0x50, 0x22, 0x50, 0xF9, 0x50, 0x30, 0x10, 0x20,
    0x00, 0x20, 0x00, 0x20, 0x00, 0x28, 0x00, 0x68, 0x58, 0x38, 0x50, 0xF8, 0x58, 0x38, 0x10, 0xB8, 0x18, 0x3A, 0x30, 0xF8, 0x50, 0xF8, 0x70, 0xF8,
    0x50, 0xF8, 0x70, 0xE8, 0xC0, 0xE8, 0x50, 0xE8, 0xD8, 0xF8, 0x50, 0xF8, 0xDC, 0xB8, 0x10, 0xBC, 0x14, 0xBC, 0x34, 0x3C, 0x5C, 0x7C, 0x74, 0x50,
    0xFC, 0x5C, 0xFC, 0x74, 0xFC, 0xDC, 0xF8, 0x70, 0xF8, 0xD8, 0xFA, 0x78, 0xFA, 0xDC, 0xFA, 0x74, 0xFE, 0xD4, 0xE6, 0x64, 0xEE, 0xCC, 0xEE, 0x74,
    0xFE, 0xFC, 0xFE, 0x77, 0xFE, 0xDD, 0xBF, 0x37, 0xBE, 0x1D, 0xBE, 0x77, 0xFE, 0x5C, 0xFE, 0x76, 0xFE, 0xDE, 0xFE, 0x76, 0xFC, 0xDD, 0xFD, 0x75,
    0xFF, 0xDD, 0xFF, 0x77, 0xFF, 0xD5, 0xFF, 0xF7, 0xFF, 0xD5, 0xEF, 0x77, 0xEF, 0xDD, 0xFF, 0x77, 0xFF, 0xDD, 0xFF, 0x57, 0x20, 0x40, 0x00, 0x00,
    0x40, 0x40, 0x00, 0x00, 0xC0, 0x00, 0x80, 0x00, 0x80, 0x82, 0x00, 0x6D, 0x20, 0x00, 0x20, 0xC0, 0x20, 0x40, 0xE0, 0x40, 0x60, 0x40, 0xE0, 0x40,
    0xA0, 0x50, 0xE0, 0xD0, 0xF0, 0x70, 0xE0, 0xC0, 0xE0, 0x60, 0xE0, 0x40, 0xE0, 0x40, 0xE0, 0xC0, 0xE0, 0x40, 0xE8, 0xD0, 0xB0, 0x10, 0x98, 0x10,
    0x30, 0x10, 0xB8, 0x50, 0x7C, 0x74, 0xF8, 0x50, 0xF8, 0x70, 0xF8, 0xD0, 0xF8, 0x70, 0xF8, 0xD1, 0xF9, 0x71, 0xF9, 0xD1, 0xFB, 0x71, 0xF3, 0xD1,
    0xE3, 0x61, 0xE3, 0xD5, 0xEF, 0x77, 0xFF, 0xDD, 0xFF, 0x57, 0xFF, 0xDD, 0xBF, 0x55, 0xBF, 0xDD, 0xFF, 0x77, 0xFF, 0xDD, 0xFF, 0x77, 0xFE, 0xDC,
    0xFE, 0x74, 0xFE, 0xDD, 0xFF, 0x75, 0xFF, 0xDD, 0xFF, 0x77, 0xFF, 0xDD, 0xFF, 0x77, 0xFF, 0xD5, 0xBF, 0x77, 0xFF, 0xDD, 0xFF, 0x77, 0xFF, 0xDD,
    0xFF, 0x77, 0x93, 0x00, 0x00, 0x01, 0x95, 0x00, 0x04, 0x01, 0x00, 0x01, 0x00, 0x01, 0x80, 0x00, 0x04, 0x21, 0x00, 0x01, 0x00, 0x01, 0x86, 0x00,
    0x82, 0x01, 0x03, 0x03, 0x01, 0x03, 0x01, 0x80, 0x03, 0x00, 0x01, 0x80, 0x03, 0x00, 0x01, 0x80, 0x03, 0x26, 0x01, 0x03, 0x01, 0x03, 0x01, 0x83,
    0x01, 0x83, 0x41, 0xA3, 0x43, 0xE3, 0xC1, 0xE3, 0x43, 0xE3, 0xC5, 0xE7, 0x47, 0xEF, 0xC5, 0xEF, 0x47, 0xEF, 0xDD, 0xDF, 0x17, 0x9F, 0x9D, 0xBF,
    0x37, 0xBF, 0xDD, 0xFF, 0x77, 0xFF, 0xDD, 0xFF, 0x77, 0x00, 0x8C, 0x00, 0x00, 0x02, 0x84, 0x00, 0x00, 0x08, 0x82, 0x00, 0x01, 0x01, 0x08, 0x98,
    0x00, 0x7F, 0x08, 0x00, 0x08, 0x00, 0x08, 0x00, 0x48, 0x30, 0x08, 0x30, 0x38, 0x30, 0x38, 0x10, 0x38, 0x10, 0x20, 0x10, 0x20, 0x00, 0x20, 0x04,
    0x28, 0x04, 0x2C, 0x4C, 0x2C, 0x14, 0x0E, 0x1C, 0x1E, 0x14, 0x3E, 0x1C, 0x3E, 0x36, 0x3E, 0x5C, 0x3E, 0x76, 0x7E, 0x7C, 0x7E, 0x74, 0xFC, 0xDC,
    0xFC, 0x74, 0xFE, 0xDD, 0xFF, 0x77, 0xFB, 0xD9, 0xFB, 0x73, 0xFF, 0xD5, 0xFF, 0x77, 0xFF, 0xDD, 0xFF, 0x77, 0xFF, 0xDD, 0xFF, 0x57, 0xFF, 0xDD,
    0x60, 0x62, 0xE0, 0x40, 0xE0, 0x40, 0xE0, 0x40, 0xE0, 0x40, 0x88, 0x00, 0x80, 0x10, 0x80, 0x10, 0x30, 0x30, 0x38, 0x50, 0x78, 0x70, 0x78, 0x50,
    0x78, 0x70, 0xF8, 0x58, 0xF8, 0x70, 0xF8, 0xD8, 0xF8, 0x70, 0xF8, 0xD0, 0xF0, 0x74, 0xE0, 0x40, 0xE0, 0x60, 0xE8, 0xC0, 0xE8, 0x50, 0xE8, 0xDC,
    0xD8, 0x50, 0x98, 0x18, 0xB8, 0x10, 0xB8, 0x5C, 0xB8, 0x74, 0x45, 0xFC, 0x5C, 0xFC, 0x74, 0xFC, 0x5C, 0xF8, 0x74, 0xF8, 0xDC, 0xF8, 0x70, 0xF8,
    0xD8, 0xF8, 0x70, 0xF8, 0xD0, 0xF2, 0x70, 0xFE, 0xD4, 0xFE, 0x76, 0xFE, 0xDC, 0xFE, 0x74, 0xFE, 0xDC, 0xFE, 0x54, 0xFE, 0xDC, 0xFF, 0x76, 0xFF,
    0xDC, 0xFF, 0x76, 0xFE, 0xDC, 0xFE, 0x74, 0xFE, 0xDC, 0xFE, 0x75, 0xFF, 0xDD, 0xFF, 0x77, 0xFF, 0xDD, 0xFF, 0x57, 0xFF, 0xDD, 0xBF, 0x77, 0xFF,
    0xDD, 0xFF, 0x77, 0xFF, 0xDD, 0xFF, 0x77, 0xFF, 0xDD, 0x87, 0x00, 0x04, 0x80, 0x10, 0x00, 0x00, 0x40, 0x80, 0x00, 0x6D, 0x20, 0x00, 0x20, 0x00,
    0x20, 0x40, 0x20, 0x40, 0xE0, 0x40, 0xE0, 0x40, 0xE0, 0xC0, 0xE0, 0x40, 0xE0, 0xC0, 0xA0, 0x40, 0xA0, 0x40, 0xA0, 0x41, 0xA0, 0x41, 0xE0, 0x41,
    0xE0, 0x40, 0xA0, 0x40, 0x81, 0x40, 0xA2, 0x51, 0xF0, 0xD1, 0xF1, 0x71, 0xF0, 0xD1, 0xF0, 0x70, 0xF0, 0x50, 0xE0, 0x70, 0xE0, 0xC1, 0xE1, 0x71,
    0xE9, 0xD1, 0xEB, 0x51, 0xEB, 0xD5, 0xA3, 0x11, 0xBB, 0xD1, 0xBB, 0x77, 0xFF, 0x5D, 0xFF, 0x77, 0xFF, 0x5D, 0xFE, 0x75, 0xFE, 0xDD, 0xFF, 0x75,
    0xFF, 0xFD, 0xFB, 0x71, 0xFB, 0xD1, 0xFB, 0x73, 0xF3, 0xD5, 0xFF, 0x77, 0xFF, 0xDD, 0xFF, 0x77, 0xEF, 0xDF, 0xFF, 0x57, 0xDF, 0xDD, 0xBF, 0x77,
    0xFF, 0xDD, 0xFF, 0x77, 0xFF, 0x5D, 0xFF, 0x77, 0xFE, 0xDC, 0x81, 0x00, 0x01, 0x04, 0x20, 0x84, 0x00, 0x00, 0x02, 0x90, 0x00, 0x01, 0x01, 0x00,
    0x88, 0x01, 0x02, 0x00, 0x00, 0x10, 0x83, 0x00, 0x86, 0x01, 0x01, 0x03, 0x01, 0x80, 0x03, 0x06, 0x01, 0x03, 0x01, 0x03, 0x01, 0x03, 0x01, 0x80,
    0x03, 0x00, 0x01, 0x80, 0x03, 0x2C, 0x05, 0x03, 0x07, 0x06, 0x04, 0x02, 0x04, 0x06, 0x04, 0x02, 0x05, 0x87, 0x05, 0x83, 0x01, 0x83, 0x01, 0x83,
    0x03, 0x83, 0x85, 0x87, 0x07, 0xEF, 0xC5, 0xEF, 0x47, 0xEF, 0x4D, 0xEF, 0x47, 0xCF, 0xDD, 0xFF, 0x57, 0xFF, 0xDD, 0xFF, 0x77, 0xFF, 0xDD, 0xFF,
    0x77, 0xFE, 0xDC, 0x00, 0x86, 0x00, 0x00, 0x02, 0x8B, 0x00, 0x02, 0x04, 0x00, 0x01, 0x99, 0x00, 0x7F, 0x10, 0x08, 0x10, 0x00, 0x10, 0x28, 0x00,
    0x20, 0x00, 0x28, 0x10, 0x38, 0x10, 0x38, 0x10, 0x78, 0x10, 0x68, 0x10, 0x60, 0x10, 0x20, 0x10, 0x20, 0x14, 0x2C, 0x44, 0x2C, 0x04, 0x2C, 0x0C,
    0x0C, 0x14, 0x1C, 0x5C, 0x3E, 0x34, 0xBE, 0x5C, 0xBE, 0x74, 0xFE, 0x5C, 0x7E, 0x74, 0xFE, 0x5C, 0xFE, 0x74, 0xFE, 0xDC, 0xFE, 0x75, 0xFF, 0xDD,
    0xFB, 0x53, 0xFB, 0xDD, 0xFF, 0x77, 0xFF, 0xDD, 0xFF, 0x77, 0xFF, 0x5D, 0xFF, 0x77, 0xFF, 0x5D, 0xFF, 0x77, 0xE0, 0x40, 0xE0, 0x60, 0xE0, 0x40,
    0xE0, 0x40, 0xC0, 0x40, 0x80, 0x00, 0x88, 0x10, 0xB0, 0x10, 0xB8, 0x50, 0xB8, 0x30, 0xF8, 0x50, 0x70, 0x70, 0xF8, 0x50, 0xF8, 0x70, 0xF8, 0xD0,
    0xF8, 0x70, 0xF8, 0xD0, 0xF0, 0x50, 0xF0, 0xD0, 0xB8, 0x70, 0xF0, 0xD0, 0xF8, 0x70, 0xE8, 0x40, 0xE8, 0x40, 0xE8, 0x58, 0xF8, 0x50, 0xF8, 0xD8,
    0xF8, 0x4A, 0x70, 0xF8, 0xD8, 0xF8, 0x70, 0xF8, 0x50, 0xF8, 0x70, 0xF8, 0xD4, 0xF8, 0x74, 0xFC, 0xDC, 0xF8, 0x70, 0xE8, 0xD8, 0xF8, 0x50, 0xF8,
    0xDC, 0xFE, 0x74, 0xFE, 0xDC, 0xFE, 0x74, 0xFE, 0x7C, 0x7E, 0x74, 0xFE, 0xFC, 0xFE, 0x74, 0xFE, 0xDC, 0xFE, 0x74, 0xFA, 0xD8, 0xFA, 0x70, 0xFA,
    0xD4, 0xFE, 0x77, 0xFF, 0xDF, 0xFF, 0x77, 0xEF, 0xCD, 0xEF, 0x57, 0xDF, 0xDD, 0xFF, 0x57, 0xFF, 0xDD, 0xFF, 0x77, 0xFF, 0x5D, 0xFF, 0x77, 0xFE,
    0x5C, 0xFE, 0x77, 0x00, 0x20, 0x80, 0x00, 0x03, 0x08, 0x00, 0x00, 0x20, 0x84, 0x00, 0x13, 0x80, 0x00, 0x80, 0x00, 0x80, 0x00, 0x20, 0x00, 0xA0,
    0x40, 0xA0, 0x40, 0xE0, 0xC0, 0xE0, 0x40, 0xC0, 0xC1, 0x80, 0x01, 0x80, 0x81, 0x58, 0x01, 0x81, 0x01, 0xA1, 0x01, 0xA1, 0x21, 0x20, 0x21, 0x20,
    0x60, 0x60, 0x40, 0xE0, 0xC0, 0xE0, 0x71, 0xE1, 0xD1, 0xF1, 0x71, 0xE0, 0xF1, 0xE1, 0x71, 0xE1, 0xC1, 0xE3, 0x61, 0xEB, 0xC5, 0xE3, 0x41, 0xE3,
    0xC1, 0xC3, 0x41, 0xCB, 0xD1, 0xBB, 0x53, 0xFB, 0xDD, 0xBB, 0x77, 0xFF, 0x55, 0x7A, 0x76, 0xFE, 0xDC, 0xFE, 0x75, 0xFF, 0xDD, 0xFB, 0x75, 0xF9,
    0xD9, 0xFB, 0x71, 0xFB, 0xD1, 0xFB, 0x77, 0xFF, 0xD5, 0xFF, 0x77, 0xEF, 0xCD, 0xEF, 0x47, 0xEF, 0xDD, 0xFF, 0x7F, 0xFF, 0xDD, 0xFF, 0x77, 0xFF,
    0xDD, 0xFF, 0x77, 0xFF, 0xDD, 0xFF, 0x77, 0x82, 0x00, 0x00, 0x02, 0x91, 0x00, 0x00, 0x01, 0x85, 0x00, 0x01, 0x01, 0x00, 0x84, 0x01, 0x01, 0x09,
    0x01, 0x86, 0x00, 0x01, 0x01, 0x00, 0x82, 0x01, 0x80, 0x03, 0x00, 0x01, 0x80, 0x03, 0x00, 0x01, 0x80, 0x03, 0x00, 0x01, 0x80, 0x03, 0x04, 0x05,
    0x03, 0x07, 0x03, 0x05, 0x80, 0x03, 0x2A, 0x01, 0x02, 0x03, 0x02, 0x05, 0x02, 0x07, 0x07, 0x05, 0x07, 0x05, 0x07, 0x05, 0x83, 0x01, 0x8B, 0x05,
    0x8B, 0x07, 0x8F, 0x85, 0x8F, 0x07, 0xCF, 0x05, 0x2F, 0x07, 0x2F, 0x5D, 0xFF, 0x77, 0xFF, 0xDD, 0xFF, 0x77, 0xFF, 0xDD, 0xFF, 0x77, 0xFB, 0xDD,
    0xFB, 0x77, 0x00, 0x02, 0x00, 0x00, 0x02, 0x8B, 0x00, 0x00, 0x02, 0xA0, 0x00, 0x7F, 0x10, 0x08, 0x10, 0x00, 0x10, 0x00, 0x10, 0x30, 0x10, 0x20,
    0x30, 0x20, 0x30, 0x28, 0x20, 0x20, 0x00, 0x08, 0x00, 0x08, 0x00, 0x08, 0x10, 0x38, 0x10, 0x38, 0x14, 0x38, 0x14, 0x3C, 0x14, 0x3C, 0x34, 0x3C,
    0x5C, 0x7C, 0x74, 0xFC, 0x5C, 0xFC, 0x74, 0xF8, 0x58, 0xF8, 0x70, 0xFA, 0xD8, 0xFA, 0x76, 0xFE, 0xD4, 0xFE, 0x76, 0xEE, 0xC4, 0xEE, 0x47, 0xEF,
    0xDD, 0xFF, 0x57, 0xFF, 0xDD, 0xFF, 0x7F, 0xBF, 0x9D, 0xBF, 0x37, 0xFF, 0x5D, 0xFF, 0x77, 0xFF, 0xDD, 0xA0, 0x00, 0xA0, 0x50, 0x20, 0x00, 0x20,
    0x00, 0x20, 0x00, 0x60, 0x40, 0xE0, 0x50, 0xF8, 0x50, 0xF8, 0x70, 0xF8, 0x50, 0xB0, 0x70, 0xF0, 0x50, 0xF0, 0x70, 0xF0, 0xD0, 0xE0, 0x60, 0xE0,
    0xC0, 0xE8, 0x40, 0xC8, 0xC0, 0xE8, 0x50, 0xF8, 0xD0, 0xB8, 0x10, 0xB8, 0x10, 0x38, 0x30, 0x38, 0x50, 0x78, 0x70, 0xF8, 0xD8, 0xF8, 0x4C, 0x70,
    0xF8, 0xD8, 0xF8, 0x70, 0xF8, 0xD0, 0xF8, 0x70, 0xF8, 0xD0, 0xF8, 0x70, 0xF8, 0xD4, 0xE0, 0x64, 0xEC, 0xC4, 0xEC, 0x44, 0xFC, 0xDC, 0xFC, 0x54,
    0xFC, 0xFC, 0xBE, 0x3C, 0xBE, 0x7C, 0x3E, 0x74, 0xFE, 0x5C, 0xFE, 0x74, 0xFE, 0xDC, 0xFC, 0x74, 0xFC, 0xDC, 0xF9, 0x71, 0xFB, 0xD9, 0xFB, 0x77,
    0xFF, 0xDD, 0xFF, 0x77, 0xFF, 0xD5, 0xEF, 0x77, 0xEF, 0xDD, 0xFF, 0x77, 0xFF, 0xDD, 0xFF, 0x77, 0xFF, 0xDD, 0xFF, 0x77, 0xFF, 0xDD, 0xFF, 0x77,
    0xFF, 0xDD, 0x00, 0x10, 0x88, 0x00, 0x72, 0x01, 0x80, 0x40, 0x80, 0x00, 0x80, 0x40, 0x80, 0x00, 0x80, 0x40, 0x80, 0x01, 0x80, 0x41, 0xA0, 0x41,
    0x80, 0x40, 0x80, 0x00, 0x80, 0x41, 0x81, 0x01, 0xA1, 0xC1, 0xA1, 0x01, 0xA3, 0x01, 0x20, 0x01, 0x20, 0x00, 0x20, 0x60, 0xE0, 0x40, 0xE0, 0x60,
    0xE0, 0xC0, 0xE0, 0x41, 0xE0, 0xE1, 0xE1, 0x41, 0xE3, 0xC1, 0xE3, 0x71, 0xE3, 0xC1, 0xA3, 0x43, 0xE3, 0x41, 0xE3, 0x43, 0xEB, 0xD5, 0xFB, 0x73,
    0xFB, 0xDD, 0xFB, 0x71, 0xFB, 0xD1, 0xFB, 0x71, 0xFB, 0xD5, 0xFB, 0x77, 0xFF, 0xD5, 0xFB, 0x75, 0xEF, 0xC5, 0xEB, 0x65, 0xEF, 0xDD, 0xFF, 0x77,
    0xFF, 0xDD, 0xFF, 0x77, 0xBF, 0x9D, 0xBF, 0x37, 0xFF, 0x5D, 0xFF, 0x77, 0xFF, 0xDD, 0xFF, 0x77, 0xFF, 0xDD, 0xFF, 0x75, 0xFF, 0xDD, 0xFF, 0x77,
    0xFF, 0xDD, 0x8F, 0x00, 0x00, 0x01, 0x83, 0x00, 0x01, 0x01, 0x00, 0x80, 0x01, 0x84, 0x00, 0x04, 0x04, 0x00, 0x01, 0x00, 0x01, 0x84, 0x00, 0x0E,
    0x01, 0x00, 0x01, 0x02, 0x01, 0x02, 0x00, 0x00, 0x01, 0x00, 0x05, 0x07, 0x01, 0x03, 0x01, 0x80, 0x03, 0x00, 0x01, 0x80, 0x03, 0x00, 0x01, 0x80,
    0x03, 0x00, 0x05, 0x80, 0x07, 0x03, 0x05, 0x03, 0x01, 0x00, 0x80, 0x01, 0x01, 0x03, 0x01, 0x80, 0x03, 0x24, 0x05, 0x03, 0x07, 0x07, 0x05, 0x07,
    0x07, 0x0F, 0x05, 0x8F, 0x07, 0x8F, 0x0D, 0x8F, 0x07, 0x8F, 0x0D, 0x0F, 0x17, 0xBF, 0x1D, 0xBF, 0x77, 0xFF, 0xDD, 0xFF, 0x77, 0xFE, 0xDD, 0xFF,
    0x75, 0xFD, 0xDD, 0xFF, 0x77, 0xFF, 0xDD, 0x00, 0x81, 0x00, 0x00, 0x08, 0x83, 0x00, 0x00, 0x01, 0xA5, 0x00, 0x00, 0x08, 0x80, 0x00, 0x0C, 0x08,
    0x00, 0x00, 0x10, 0x28, 0x10, 0x30, 0x10, 0x20, 0x00, 0x20, 0x00, 0x20, 0x80, 0x00, 0x7F, 0x48, 0x0C, 0x48, 0x14, 0x58, 0x1C, 0x18, 0x10, 0x38,
    0x1C, 0x38, 0x34, 0x3C, 0x5C, 0x3C, 0x74, 0x7C, 0x5C, 0x7C, 0x74, 0xFC, 0x5C, 0xF8, 0x70, 0xF8, 0xD8, 0xFA, 0x70, 0xFA, 0xDC, 0xFA, 0x76, 0xFE,
    0xD4, 0xE6, 0x77, 0xEE, 0xDD, 0xFF, 0x7F, 0xFF, 0xDD, 0xFF, 0x77, 0xFF, 0xDD, 0xFF, 0x77, 0xFF, 0xDD, 0xFF, 0x77, 0xFF, 0xDD, 0xFF, 0x77, 0x80,
    0x10, 0xA0, 0x10, 0x20, 0x10, 0x20, 0x10, 0x20, 0x50, 0x70, 0x70, 0xF8, 0x50, 0xF8, 0x70, 0xF8, 0x50, 0xF0, 0x50, 0xF8, 0xD2, 0xF0, 0x70, 0xF0,
    0xD0, 0xF0, 0x70, 0xE0, 0x40, 0xE0, 0x40, 0xE0, 0xC0, 0xE8, 0x40, 0xE8, 0xD8, 0xF8, 0x50, 0xF8, 0x18, 0xB8, 0x14, 0xB8, 0x10, 0xB8, 0x70, 0xF8,
    0x58, 0xF8, 0x70, 0xF8, 0xD8, 0xF8, 0x70, 0xF8, 0xD8, 0xF8, 0x70, 0xF8, 0xD8, 0xF8, 0x70, 0xF8, 0xD0, 0xF0, 0x70, 0xE8, 0x44, 0xEC, 0x74, 0x37,
    0xFC, 0xDE, 0xFE, 0x74, 0xFC, 0xDC, 0xFC, 0x74, 0xFC, 0xDC, 0xF8, 0xF4, 0xFC, 0xDC, 0xFE, 0x74, 0xFE, 0xFC, 0xFE, 0x74, 0xFC, 0xD4, 0xFC, 0x74,
    0xFE, 0xDD, 0xFF, 0x77, 0xFF, 0xDD, 0xFF, 0x77, 0xFF, 0xDD, 0xBF, 0x37, 0xBF, 0x5D, 0xFF, 0x77, 0xFF, 0xDD, 0xFF, 0x77, 0xFF, 0xDD, 0xFF, 0x75,
    0xFF, 0xDD, 0xFF, 0x77, 0xFF, 0xDD, 0xFF, 0x77, 0x84, 0x00, 0x00, 0x01, 0x80, 0x00, 0x12, 0x01, 0x00, 0x40, 0x00, 0x40, 0x80, 0x40, 0x80, 0x40,
    0xC0, 0x40, 0x80, 0x41, 0x80, 0xC1, 0x80, 0x01, 0x80, 0x01, 0x82, 0x00, 0x14, 0x01, 0xE0, 0x41, 0xA0, 0x41, 0xC0, 0x40, 0x80, 0x00, 0xA0, 0x40,
    0xA0, 0x61, 0xE0, 0xC1, 0xE0, 0x61, 0xE0, 0xC0, 0xE0, 0x60, 0x80, 0xE1, 0x44, 0x61, 0xE1, 0xE1, 0xE3, 0x41, 0xE3, 0xC1, 0xA3, 0x11, 0xA3, 0x11,
    0xA3, 0x33, 0xF3, 0x51, 0xFB, 0x73, 0xFB, 0x55, 0xFA, 0x71, 0xF8, 0xD1, 0xF9, 0x71, 0xFB, 0xD9, 0xFB, 0x73, 0xFB, 0xD5, 0xF3, 0x73, 0xF3, 0xD5,
    0xE3, 0x67, 0xEF, 0xC5, 0xEF, 0x77, 0xFF, 0xDD, 0xFF, 0x57, 0xFF, 0xDD, 0xBF, 0x37, 0xBF, 0xDD, 0xFF, 0x77, 0xFF, 0xDD, 0xFF, 0x77, 0xFE, 0xDC,
    0xFE, 0x75, 0xFD, 0xDD, 0xFF, 0x77, 0xFF, 0xDD, 0xFF, 0x77, 0x89, 0x00, 0x00, 0x01, 0x89, 0x00, 0x08, 0x01, 0x00, 0x01, 0x00, 0x01, 0x00, 0x01,
    0x00, 0x04, 0x8A, 0x00, 0x82, 0x01, 0x11, 0x03, 0x01, 0x03, 0x01, 0x06, 0x05, 0x03, 0x01, 0x03, 0x01, 0x03, 0x01, 0x03, 0x01, 0x03, 0x01, 0x03,
    0x01, 0x80, 0x03, 0x05, 0x01, 0x03, 0x03, 0x02, 0x04, 0x02, 0x81, 0x00, 0x80, 0x01, 0x03, 0x03, 0x01, 0x03, 0x01, 0x80, 0x03, 0x22, 0x05, 0x03,
    0x07, 0x07, 0x05, 0x87, 0x07, 0x0F, 0x0D, 0x0F, 0x07, 0x8F, 0x0D, 0x8F, 0x17, 0x8F, 0x5D, 0xBF, 0x77, 0xFF, 0xDD, 0xFF, 0x77, 0xFF, 0xDD, 0xFE,
    0x77, 0xFF, 0xDD, 0xFF, 0x77, 0xFF, 0xDD, 0xFF, 0x77, 0x00, 0xB7, 0x00, 0x00, 0x08, 0x84, 0x00, 0x07, 0x20, 0x00, 0x20, 0x00, 0x28, 0x04, 0x28,
    0x04, 0x80, 0x0C, 0x7F, 0x14, 0x1C, 0x1C, 0x38, 0x14, 0x38, 0x1C, 0x38, 0x34, 0x3C, 0x5C, 0x3A, 0x74, 0x7C, 0x54, 0x78, 0x74, 0xEC, 0x5C, 0xFE,
    0x74, 0xFE, 0xDC, 0xFE, 0x56, 0xBF, 0x9D, 0xBE, 0x17, 0xBF, 0x5D, 0xBF, 0x77, 0xFF, 0x5D, 0xFF, 0x77, 0xFE, 0x5C, 0xFE, 0x75, 0xFF, 0xDD, 0xFF,
    0x77, 0xFF, 0xDD, 0xFF, 0x77, 0xFF, 0xDD, 0x00, 0x00, 0x80, 0x10, 0x30, 0x10, 0x38, 0x10, 0x30, 0x70, 0xF8, 0x50, 0x70, 0x70, 0xE0, 0x50, 0xE1,
    0x70, 0xE8, 0xD0, 0xF8, 0x70, 0xF8, 0xD0, 0xF0, 0x50, 0xA0, 0xD0, 0xA0, 0x00, 0xA0, 0x40, 0xA8, 0x70, 0xE8, 0x58, 0xF8, 0x50, 0xF8, 0x58, 0xB8,
    0x50, 0xF8, 0x58, 0xF8, 0x70, 0xF8, 0xD8, 0xF8, 0x70, 0xF8, 0xD0, 0xF0, 0x70, 0xE8, 0xD0, 0xE8, 0x70, 0xE8, 0xDC, 0xF8, 0x50, 0xF8, 0xD8, 0xF8,
    0x10, 0xB9, 0x95, 0xB8, 0x34, 0xFC, 0x5C, 0xFC, 0x74, 0xFC, 0x5C, 0xFC, 0x39, 0x74, 0xFC, 0xDC, 0xFC, 0x74, 0xFC, 0xFC, 0xF8, 0x74, 0xFA, 0xFC,
    0xFA, 0x70, 0xFA, 0xD4, 0xF2, 0x74, 0xFE, 0xDC, 0xFF, 0x77, 0xFF, 0xDF, 0xFF, 0x57, 0xDF, 0xDD, 0xBF, 0x17, 0xBF, 0xDD, 0xFF, 0x77, 0xFF, 0xDD,
    0xFF, 0x77, 0xFE, 0x5C, 0xFE, 0x74, 0xFE, 0xDD, 0xFF, 0x75, 0xFF, 0xDD, 0xFF, 0x77, 0xFB, 0xDD, 0x00, 0x02, 0x00, 0x00, 0x02, 0x00, 0x80, 0x80,
    0x00, 0x00, 0x80, 0x80, 0x00, 0x17, 0x80, 0x40, 0x00, 0x41, 0xC0, 0x40, 0xC0, 0x41, 0xC0, 0xC0, 0x80, 0x00, 0x80, 0x00, 0x80, 0x00, 0x80, 0x00,
    0x20, 0x00, 0xA0, 0x40, 0x20, 0x40, 0x81, 0x60, 0x55, 0xE0, 0x60, 0xE0, 0x40, 0xE0, 0xD1, 0xE1, 0x71, 0xE0, 0xC1, 0xE0, 0x61, 0xE0, 0xC1, 0xE1,
    0x61, 0xE1, 0xC1, 0xE1, 0x41, 0xE1, 0xC1, 0x81, 0x01, 0x89, 0x91, 0xB3, 0x11, 0xBB, 0xD1, 0xFB, 0x71, 0xFB, 0x51, 0xFB, 0x71, 0xF8, 0x50, 0xF8,
    0x70, 0xF8, 0xD9, 0xFF, 0x71, 0xFB, 0xD1, 0xFB, 0x71, 0xFB, 0xD1, 0xF3, 0x73, 0xFF, 0xD5, 0xFF, 0x77, 0xFF, 0xDD, 0xFF, 0x77, 0xFF, 0xDD, 0xFF,
    0x57, 0xFF, 0xDD, 0xFF, 0x77, 0xFF, 0xDD, 0xFF, 0x77, 0xFF, 0xDD, 0xFE, 0x76, 0xFE, 0xDD, 0xFF, 0x77, 0xFF, 0xDD, 0xFF, 0x77, 0xFF, 0xDD, 0x99,
    0x00, 0x00, 0x04, 0x8F, 0x00, 0x83, 0x01, 0x22, 0x05, 0x07, 0x01, 0x03, 0x01, 0x03, 0x01, 0x03, 0x01, 0x03, 0x01, 0x03, 0x01, 0x03, 0x01, 0x03,
    0x01, 0x03, 0x01, 0x03, 0x01, 0x03, 0x01, 0x02, 0x00, 0x02, 0x00, 0x02, 0x01, 0x03, 0x01, 0x03, 0x01, 0x03, 0x05, 0x80, 0x03, 0x24, 0x01, 0x03,
    0x83, 0x07, 0x05, 0x07, 0x07, 0x0F, 0x05, 0x0F, 0x07, 0x0F, 0x05, 0x0E, 0x47, 0xCF, 0xCD, 0xFF, 0x57, 0xFF, 0xDD, 0xFF, 0x77, 0xFB, 0xD1, 0xFB,
    0x73, 0xFF, 0xD5, 0xFF, 0x77, 0xFF, 0xDD, 0xFF, 0x77, 0xEF, 0xDD, 0x00, 0x81, 0x00, 0x00, 0x10, 0x82, 0x00, 0x00, 0x80, 0xB2, 0x00, 0x00, 0x08,
    0x80, 0x00, 0x7F, 0x08, 0x14, 0x08, 0x14, 0x0C, 0x14, 0x0C, 0x14, 0x4C, 0x1C, 0x7C, 0x14, 0x7C, 0x1C, 0x38, 0x10, 0x38, 0x18, 0x38, 0x10, 0x38,
    0x10, 0x32, 0x30, 0x3E, 0x54, 0x7E, 0x76, 0xEE, 0x4C, 0xEE, 0x46, 0xCE, 0x4D, 0x9F, 0x17, 0xBF, 0xDD, 0xBF, 0x37, 0xBF, 0x5D, 0xBF, 0x77, 0xFE,
    0x5C, 0x7E, 0x76, 0xFE, 0xFC, 0xFF, 0x77, 0xFF, 0xDD, 0xFF, 0x75, 0xFB, 0xD9, 0xFB, 0x73, 0x28, 0x00, 0x28, 0x10, 0x38, 0x50, 0x38, 0x70, 0xF8,
    0x50, 0x30, 0x70, 0x30, 0x50, 0x70, 0x70, 0xE0, 0x40, 0xE0, 0x60, 0xE8, 0x40, 0xE8, 0x40, 0xC8, 0x40, 0x88, 0x10, 0x98, 0x10, 0xB8, 0x30, 0xB8,
    0x1C, 0x38, 0x30, 0x38, 0x5C, 0x78, 0x70, 0xF8, 0x5C, 0xF8, 0x70, 0xF8, 0xD8, 0xF8, 0x70, 0xF8, 0xD0, 0xF8, 0x70, 0xF0, 0xD0, 0xF0, 0x74, 0xFC,
    0xD4, 0xEC, 0x64, 0xEC, 0xCC, 0xEC, 0x44, 0xCC, 0xDC, 0xBE, 0x54, 0x3B, 0xFE, 0xDC, 0xBE, 0x74, 0xFE, 0x5C, 0x7E, 0x74, 0xFE, 0x5C, 0xFE, 0x74,
    0xFE, 0xDC, 0xFE, 0x74, 0xFC, 0xDC, 0xF8, 0x70, 0xFA, 0xD0, 0xFA, 0x77, 0xFF, 0xDD, 0xFF, 0x77, 0xFF, 0xDD, 0xFF, 0x77, 0xEE, 0x5D, 0xFF, 0x77,
    0xFF, 0xDD, 0xFF, 0x77, 0xFF, 0xDD, 0xFF, 0x77, 0xFF, 0xDD, 0xFE, 0x77, 0xFE, 0xDD, 0xFF, 0x77, 0xFF, 0xDD, 0xFF, 0x77, 0xFF, 0xDD, 0xFF, 0x57,
    0x82, 0x00, 0x13, 0x40, 0x20, 0x40, 0xC0, 0x40, 0x80, 0x01, 0x80, 0x00, 0xA0, 0x00, 0xA1, 0x40, 0xA8, 0x40, 0xE0, 0x40, 0x00, 0x00, 0x80, 0x80,
    0x00, 0x0F, 0x80, 0x00, 0xA0, 0x10, 0xA8, 0x10, 0xF0, 0x30, 0x20, 0x50, 0x20, 0x70, 0xE0, 0x40, 0xE0, 0x70, 0x80, 0xE0, 0x50, 0x60, 0xE0, 0xC0,
    0xE0, 0x40, 0xE0, 0xD1, 0xA1, 0x71, 0xE1, 0xD1, 0xE1, 0x71, 0xE8, 0x60, 0x28, 0x60, 0xE8, 0x50, 0xF8, 0x75, 0xFD, 0xD9, 0xF9, 0x71, 0xF9, 0xD9,
    0xF8, 0x70, 0xF8, 0xD0, 0xFB, 0x71, 0xFA, 0xD5, 0xFB, 0x75, 0xEB, 0xD5, 0xEB, 0x41, 0xEB, 0xDD, 0xFB, 0x57, 0xFF, 0xDD, 0xFF, 0x77, 0xFF, 0xDD,
    0xBF, 0x77, 0x7F, 0x5D, 0x7E, 0x77, 0xFF, 0xDD, 0xFF, 0x77, 0xFF, 0xDD, 0xFF, 0x75, 0xFB, 0xD9, 0xFB, 0x73, 0xFB, 0xDD, 0xFF, 0x77, 0xFF, 0xDD,
    0xFF, 0x77, 0xEF, 0xCD, 0xEF, 0x57, 0x93, 0x00, 0x00, 0x04, 0x95, 0x00, 0x03, 0x01, 0x00, 0x01, 0x05, 0x84, 0x01, 0x04, 0x03, 0x01, 0x03, 0x01,
    0x02, 0x83, 0x00, 0x86, 0x01, 0x03, 0x03, 0x01, 0x03, 0x01, 0x80, 0x03, 0x0C, 0x01, 0x03, 0x43, 0x03, 0x01, 0x03, 0x07, 0x87, 0x05, 0x87, 0x07,
    0x87, 0x05, 0x80, 0x07, 0x1A, 0x05, 0x26, 0x47, 0xFE, 0x45, 0xEF, 0x77, 0xEF, 0xDD, 0xEF, 0x75, 0xEB, 0xD1, 0xFB, 0x73, 0xFB, 0xDD, 0xFF, 0x77,
    0xFF, 0xDD, 0xFF, 0x77, 0xFF, 0xDD, 0xEF, 0x77, 0x00, 0x01, 0x00, 0x20, 0xBD, 0x00, 0x7F, 0x08, 0x00, 0x08, 0x00, 0x48, 0x00, 0x48, 0x00, 0x48,
    0x04, 0x08, 0x14, 0x0C, 0x1C, 0x0C, 0x14, 0x08, 0x1C, 0x08, 0x10, 0x08, 0x10, 0x1A, 0x14, 0x3A, 0x94, 0x3E, 0x57, 0xFE, 0x14, 0x2E, 0x06, 0x2E,
    0x0C, 0x2E, 0x17, 0xFF, 0x5D, 0xFF, 0x77, 0xFF, 0xDD, 0xBF, 0x77, 0xBF, 0x5D, 0xFF, 0x77, 0xFF, 0xDD, 0xFF, 0x77, 0xFF, 0xDD, 0xFF, 0x77, 0xFF,
    0xDD, 0xFF, 0x77, 0xFF, 0xDD, 0x28, 0x10, 0x38, 0x50, 0x38, 0x70, 0xB8, 0x50, 0x38, 0x10, 0x38, 0x10, 0x70, 0x10, 0x30, 0x50, 0x30, 0x70, 0x28,
    0x40, 0x20, 0x00, 0x28, 0x44, 0x08, 0x00, 0x08, 0x5C, 0x38, 0x14, 0x3C, 0x1C, 0x38, 0x30, 0x38, 0x1C, 0x38, 0x70, 0x7C, 0x5C, 0x7C, 0x74, 0xFC,
    0x5C, 0xF8, 0x70, 0xF8, 0xD8, 0xF8, 0x50, 0xF8, 0xD0, 0xFB, 0x71, 0xFE, 0xD4, 0xBE, 0x74, 0xBE, 0x54, 0x2E, 0x54, 0x6E, 0x5C, 0xFE, 0x74, 0x7F,
    0xFE, 0xDC, 0xFE, 0x74, 0xFE, 0xDC, 0xFA, 0xF4, 0xFA, 0xDC, 0xFA, 0x74, 0xFE, 0xDC, 0xFE, 0x74, 0xFE, 0xDC, 0xEE, 0x64, 0xEE, 0xDD, 0xFF, 0x57,
    0xFF, 0xDD, 0xFF, 0x77, 0xFF, 0xDD, 0xBF, 0x37, 0xBF, 0x5F, 0x7E, 0x77, 0xFE, 0xDD, 0xFF, 0x77, 0xFF, 0xDD, 0xFF, 0x75, 0xFF, 0xDD, 0xFB, 0x7B,
    0xFF, 0xDD, 0xFF, 0x77, 0xFF, 0xDD, 0xFF, 0x77, 0xEF, 0xCD, 0xEF, 0x67, 0xEF, 0xDD, 0x20, 0x00, 0x20, 0x40, 0x20, 0x40, 0x60, 0x40, 0x20, 0x40,
    0x00, 0x50, 0x02, 0x00, 0x80, 0x00, 0x20, 0x00, 0xA0, 0x00, 0x20, 0x00, 0x20, 0x00, 0x20, 0x00, 0x20, 0x40, 0x30, 0x50, 0xF8, 0x50, 0xB0, 0x50,
    0xB0, 0x50, 0xB0, 0x70, 0xF0, 0x50, 0xF0, 0x70, 0xF0, 0xD0, 0xE0, 0x60, 0xE0, 0xC0, 0xE0, 0x40, 0xC8, 0xC0, 0xE8, 0x50, 0xF8, 0xD0, 0xB8, 0x10,
    0xB8, 0x18, 0x38, 0x30, 0x38, 0x5C, 0x78, 0x74, 0x3D, 0xFC, 0xDC, 0xF8, 0x70, 0xF8, 0xD8, 0xF8, 0x70, 0xF8, 0xD9, 0xF8, 0x71, 0xFB, 0xD1, 0xFB,
    0x75, 0xFF, 0xD7, 0xE7, 0x65, 0xEF, 0xCD, 0xEF, 0x57, 0xFF, 0xDD, 0xFF, 0x57, 0xFF, 0xDD, 0xBF, 0x37, 0xBF, 0x5D, 0xFF, 0x77, 0xFE, 0xDD, 0xFE,
    0x77, 0xFE, 0xDD, 0xFE, 0x75, 0xFD, 0xDD, 0xFF, 0x71, 0xFF, 0xDD, 0xFF, 0x77, 0xFF, 0xDD, 0xFF, 0x77, 0xFF, 0xD5, 0xEF, 0x77, 0xFF, 0xDD, 0x8E,
    0x00, 0x00, 0x08, 0x9A, 0x00, 0x00, 0x04, 0x81, 0x00, 0x83, 0x01, 0x01, 0x00, 0x01, 0x8A, 0x00, 0x82, 0x01, 0x05, 0x03, 0x01, 0x03, 0x01, 0x03,
    0x01, 0x80, 0x03, 0x00, 0x01, 0x80, 0x03, 0x24, 0x01, 0x03, 0x03, 0x83, 0x01, 0x8B, 0x01, 0xA3, 0x01, 0xA3, 0x63, 0xE3, 0xD5, 0xF3, 0x77, 0xFF,
    0xD5, 0xE7, 0x65, 0xEF, 0xC5, 0xEF, 0x47, 0xEF, 0xDD, 0xFF, 0x77, 0xFF, 0xDD, 0xFF, 0x3F, 0xBF, 0x9D, 0xBF, 0x77, 0xFF, 0x5D, 0x00, 0xC6, 0x00,
    0x7F, 0x04, 0x00, 0x08, 0x00, 0x42, 0x00, 0x40, 0x00, 0x40, 0x48, 0x00, 0x04, 0x02, 0x04, 0x8E, 0x84, 0x8E, 0x07, 0x8F, 0x0D, 0x8F, 0x17, 0x8F,
    0x15, 0x1F, 0x17, 0x3E, 0x1D, 0x3E, 0x77, 0xFE, 0x5C, 0xFE, 0x74, 0xFE, 0xDC, 0xFD, 0x75, 0xFF, 0xDD, 0xFF, 0x77, 0xFF, 0xDD, 0xFF, 0x77, 0xFF,
    0xD5, 0xE7, 0x67, 0xEF, 0xDD, 0xFF, 0x77, 0xFF, 0x90, 0x38, 0x10, 0x28, 0x00, 0x20, 0x80, 0x28, 0x00, 0x0A, 0x00, 0x08, 0x10, 0x08, 0x14, 0x08,
    0x10, 0x08, 0x10, 0x08, 0x04, 0x28, 0x14, 0x2C, 0x1C, 0x3C, 0x14, 0x3C, 0x1C, 0x3C, 0x14, 0x3C, 0x5C, 0xB8, 0x10, 0x38, 0x18, 0x3A, 0x30, 0x7A,
    0x54, 0x3A, 0x74, 0x6A, 0x44, 0x62, 0x44, 0x6E, 0x4C, 0x6E, 0x54, 0x7E, 0x5C, 0x3E, 0x16, 0x3E, 0x1C, 0x3E, 0x16, 0x3E, 0x1C, 0x3E, 0x76, 0x7E,
    0x5C, 0x7E, 0x76, 0xFE, 0x5C, 0xFC, 0x74, 0xFC, 0xDC, 0x7F, 0xFA, 0x71, 0xFB, 0xDD, 0xFB, 0x77, 0xFF, 0xF5, 0xF7, 0x77, 0xE7, 0x45, 0xEF, 0x67,
    0xEF, 0xDD, 0xFF, 0x57, 0xFF, 0xDD, 0xBF, 0x57, 0xBF, 0x1D, 0xBF, 0x77, 0xFF, 0xDD, 0xFF, 0x77, 0xFE, 0xDC, 0xFE, 0x74, 0xFE, 0xDC, 0xFE, 0x75,
    0xFF, 0xDD, 0xFF, 0x77, 0xFF, 0xDD, 0xFF, 0x77, 0xFF, 0xD5, 0xFF, 0x77, 0xFF, 0xDD, 0xFF, 0x77, 0xFF, 0x10, 0x20, 0x10, 0x20, 0x40, 0x20, 0x00,
    0x20, 0x04, 0x20, 0x00, 0x00, 0x40, 0x00, 0x00, 0x08, 0x00, 0x18, 0x10, 0x08, 0x10, 0x30, 0x10, 0x38, 0x10, 0x38, 0x70, 0x78, 0x50, 0x78, 0x70,
    0x78, 0x50, 0x78, 0x50, 0xF8, 0x50, 0xF8, 0x70, 0xF8, 0x50, 0xF0, 0x70, 0xE0, 0x40, 0x20, 0x60, 0xE8, 0x64, 0xE8, 0x74, 0xEC, 0x5C, 0xFC, 0x54,
    0xBC, 0x1C, 0xB8, 0x10, 0xB8, 0x1C, 0xB8, 0x74, 0xFC, 0x5C, 0xFE, 0x74, 0xFC, 0x5C, 0xF8, 0x74, 0xF8, 0xDC, 0x36, 0xF8, 0x74, 0xFA, 0xDD, 0xFB,
    0x71, 0xFB, 0xD5, 0xBB, 0x37, 0xBF, 0x55, 0xBF, 0x77, 0xFF, 0x5D, 0xFF, 0x77, 0xFF, 0xDD, 0xFF, 0x75, 0xFE, 0xDD, 0xFF, 0x75, 0xFF, 0xDD, 0xFF,
    0x77, 0xFF, 0xDD, 0xFF, 0x77, 0xFE, 0xD5, 0xFF, 0x77, 0xFF, 0xFD, 0xFF, 0xF7, 0xFF, 0xDD, 0xFF, 0x57, 0xFF, 0xDD, 0xBF, 0x37, 0xBF, 0xDD, 0xFF,
    0x77, 0xFF, 0x88, 0x00, 0x00, 0x10, 0x9C, 0x00, 0x01, 0x02, 0x02, 0x9A, 0x00, 0x8A, 0x01, 0x28, 0x23, 0x01, 0x23, 0x01, 0x62, 0x40, 0x62, 0x40,
    0xE0, 0x40, 0xE2, 0x71, 0xF9, 0xD1, 0xFB, 0x71, 0xFB, 0xD1, 0xF3, 0x73, 0xF3, 0xD1, 0xE3, 0x67, 0xEF, 0xC5, 0xEF, 0x77, 0xFF, 0xDD, 0xFF, 0x57,
    0xFF, 0xDD, 0xBF, 0x37, 0xFF, 0xDD, 0xFF, 0x77, 0xFF, 0x00, 0xC2, 0x00, 0x3C, 0x02, 0x00, 0x40, 0x00, 0x40, 0x80, 0x60, 0x80, 0x00, 0x80, 0x00,
    0x82, 0x00, 0x82, 0x00, 0x82, 0x04, 0x86, 0x04, 0x8E, 0x05, 0x8E, 0x05, 0x8F, 0x05, 0x8F, 0x0D, 0x8F, 0x17, 0x9F, 0x1D, 0xBF, 0x17, 0xFE, 0x5C,
    0xFE, 0x74, 0xFE, 0xDC, 0xFE, 0x75, 0xFF, 0xDD, 0xFF, 0x77, 0xFF, 0xDD, 0xFB, 0x73, 0xFF, 0xD5, 0xFF, 0x77, 0xFF, 0xDD, 0xFF, 0x77, 0xFF, 0xDD,
    0x08, 0x10, 0x82, 0x00, 0x7F, 0x02, 0x00, 0x00, 0x0C, 0x04, 0x08, 0x04, 0x08, 0x04, 0x0A, 0x00, 0x0A, 0x14, 0x1A, 0x14, 0x1E, 0x1C, 0x3E, 0x14,
    0x3E, 0x9C, 0x3E, 0x94, 0x2C, 0x1C, 0x38, 0x14, 0x38, 0x1C, 0x38, 0x10, 0x3E, 0x10, 0x3A, 0x10, 0x22, 0x00, 0x22, 0x06, 0x2E, 0x04, 0x2E, 0x06,
    0x2E, 0x0C, 0x0E, 0x17, 0x1E, 0x1C, 0x1E, 0x17, 0x3E, 0x1D, 0x3E, 0x37, 0x3E, 0x5C, 0x3E, 0x76, 0x7E, 0x5C, 0x7E, 0x74, 0xFE, 0x5C, 0xFE, 0x75,
    0xFF, 0xFD, 0xFB, 0x77, 0xFB, 0xD5, 0xBB, 0x17, 0xBF, 0x55, 0xBF, 0x77, 0xFF, 0x5D, 0xFF, 0x77, 0xFF, 0x5D, 0xFF, 0x57, 0xFF, 0xDD, 0xFF, 0x77,
    0xFF, 0xDF, 0xFF, 0x77, 0xFF, 0xDF, 0xFF, 0x77, 0xFE, 0xD5, 0xFF, 0x77, 0xFF, 0xDD, 0xFF, 0x77, 0xFF, 0xDD, 0xFF, 0x57, 0xFF, 0xDD, 0xBF, 0x77,
    0xFF, 0xDD, 0xFF, 0x77, 0xFF, 0x5D, 0x20, 0x11, 0x20, 0x00, 0x20, 0x00, 0x20, 0x78, 0x00, 0x20, 0x00, 0x28, 0x00, 0x28, 0x00, 0x08, 0x00, 0x08,
    0x10, 0x08, 0x18, 0x38, 0x10, 0x38, 0x18, 0x38, 0x30, 0x38, 0x50, 0x38, 0x70, 0x78, 0x50, 0x68, 0x70, 0x68, 0x58, 0x78, 0x50, 0x78, 0x70, 0x38,
    0x30, 0x28, 0x30, 0x30, 0x14, 0x3E, 0x14, 0x3E, 0x74, 0x7E, 0x5C, 0x3E, 0x54, 0x7C, 0x5C, 0x3C, 0x54, 0xFC, 0x5C, 0xFE, 0x74, 0xFE, 0x5C, 0xFA,
    0x70, 0xFA, 0x54, 0xF2, 0x74, 0xFE, 0xD4, 0xFE, 0x74, 0xFE, 0xDD, 0xFF, 0x55, 0xFF, 0xDD, 0x9F, 0x17, 0xBF, 0x9D, 0xBF, 0x37, 0xFF, 0xDD, 0xFF,
    0x77, 0xFE, 0x5C, 0x7E, 0x74, 0xFE, 0xDC, 0xFE, 0x75, 0xFF, 0xDD, 0xFF, 0x77, 0xFB, 0xD9, 0xFB, 0x73, 0xFB, 0xD5, 0xFF, 0x77, 0xFF, 0xDF, 0xFF,
    0x77, 0xFF, 0xDF, 0xFF, 0x57, 0xDF, 0xDD, 0xFF, 0x77, 0xFF, 0xDD, 0xFF, 0x77, 0xFF, 0xDD, 0xA2, 0x00, 0x00, 0x04, 0xA0, 0x00, 0x00, 0x10, 0x82,
    0x00, 0x00, 0x01, 0x80, 0x00, 0x2C, 0x01, 0x01, 0x11, 0x21, 0x11, 0x31, 0x31, 0x30, 0x50, 0x30, 0x70, 0xE0, 0x50, 0xF0, 0x70, 0xF8, 0xD1, 0xF9,
    0x71, 0xF9, 0xD1, 0xFB, 0x51, 0xFB, 0xD1, 0xFB, 0x77, 0xFF, 0xDD, 0xFF, 0x77, 0xFF, 0x5D, 0xFF, 0x77, 0xFF, 0xDD, 0xFF, 0x77, 0xFF, 0xDD, 0xFF,
    0x77, 0xFF, 0xDD, 0x00, 0xBE, 0x00, 0x05, 0x01, 0x40, 0x80, 0x00, 0xA0, 0x00, 0x80, 0x80, 0x35, 0x00, 0x80, 0x80, 0xC0, 0x00, 0xC0, 0x80, 0xC2,
    0x00, 0x82, 0x80, 0x82, 0x00, 0x82, 0x04, 0x02, 0x04, 0x86, 0x44, 0x86, 0x45, 0xDE, 0xD5, 0xCF, 0x45, 0xCB, 0xC5, 0xEA, 0x41, 0xEA, 0xD2, 0xE2,
    0x77, 0xEF, 0xD5, 0xEF, 0x77, 0xEF, 0xCD, 0xEF, 0x47, 0xCF, 0xDF, 0xDF, 0x57, 0xFF, 0xDD, 0xFF, 0x77, 0xFF, 0xDD, 0xFF, 0x77, 0xFF, 0x82, 0x00,
    0x7F, 0x02, 0x00, 0x02, 0x04, 0x06, 0x04, 0x0E, 0x04, 0x0E, 0x04, 0x0E, 0x04, 0x0E, 0x04, 0x0E, 0x1C, 0x0E, 0x14, 0x0E, 0x14, 0x0A, 0x10, 0x0A,
    0x04, 0x0A, 0x14, 0x0E, 0x24, 0x0E, 0x04, 0x0E, 0x04, 0x0A, 0x01, 0x0A, 0x01, 0x0B, 0x03, 0x0F, 0x15, 0x1F, 0x17, 0x1F, 0x1D, 0x0E, 0x17, 0x0E,
    0x0C, 0x0E, 0x16, 0x3E, 0x1D, 0x3E, 0x15, 0x3F, 0x1D, 0x3F, 0x15, 0x7A, 0x19, 0x3A, 0x31, 0x3A, 0x15, 0x3F, 0x37, 0xFF, 0x5D, 0xAF, 0x47, 0xEF,
    0x4D, 0x8F, 0x07, 0x8F, 0x1D, 0xBF, 0x17, 0xBF, 0x1D, 0xBF, 0x37, 0x3F, 0x1D, 0x3F, 0x37, 0x7E, 0x5C, 0xFE, 0x77, 0xFF, 0xDD, 0xFF, 0x75, 0xFF,
    0xDD, 0xFB, 0x71, 0xFB, 0xD9, 0xFF, 0x77, 0xFF, 0xDD, 0xFF, 0x77, 0xFF, 0xDD, 0xEF, 0x47, 0xEF, 0xDD, 0xFF, 0x57, 0xFF, 0xDD, 0xFF, 0x77, 0xFF,
    0xDD, 0xFF, 0x77, 0xFF, 0x00, 0x02, 0x00, 0x08, 0x00, 0x7B, 0x08, 0x10, 0x08, 0x14, 0x38, 0x14, 0x2C, 0x14, 0x2C, 0x04, 0x2C, 0x1C, 0x3C, 0x14,
    0x3C, 0x1C, 0x38, 0x14, 0x38, 0x18, 0x39, 0x10, 0x38, 0x10, 0x30, 0x30, 0x3A, 0x14, 0x2E, 0x34, 0x2E, 0x04, 0x2E, 0x04, 0x0E, 0x0C, 0x0E, 0x14,
    0x1E, 0x1C, 0x3E, 0x16, 0x3E, 0x1C, 0x3E, 0x36, 0x3E, 0x3C, 0x3E, 0x74, 0x7E, 0x5C, 0x7E, 0x74, 0x7E, 0x5C, 0x7C, 0x78, 0xF8, 0x58, 0x7A, 0x71,
    0xFB, 0x55, 0xFB, 0x77, 0xFF, 0x55, 0xFF, 0x77, 0xEF, 0x4D, 0x6F, 0x47, 0xEF, 0x5D, 0xFF, 0x57, 0xFF, 0x5D, 0xFF, 0x77, 0xFF, 0x5D, 0x3F, 0x77,
    0xFE, 0x5C, 0xFE, 0x76, 0xFE, 0xDD, 0xFF, 0x75, 0xFF, 0xDD, 0xFF, 0x75, 0xFB, 0xDD, 0xFB, 0x77, 0xFF, 0xDD, 0xFF, 0x77, 0xFF, 0xDD, 0xFF, 0x77,
    0xFF, 0x5D, 0xFF, 0x77, 0xFF, 0xDD, 0xFF, 0x77, 0xFF, 0xDD, 0xFF, 0x77, 0xFF, 0x40, 0x99, 0x00, 0x00, 0x04, 0x83, 0x00, 0x00, 0x01, 0xA1, 0x00,
    0x00, 0x20, 0x80, 0x00, 0x32, 0x20, 0x00, 0x20, 0x00, 0x28, 0x10, 0x78, 0x50, 0x38, 0x50, 0x78, 0x50, 0x38, 0x71, 0xF8, 0x50, 0xF0, 0x70, 0xF8,
    0x50, 0xF8, 0x71, 0xE8, 0xC5, 0xE9, 0x45, 0xEF, 0xCD, 0xEF, 0x57, 0xFF, 0xDF, 0xFF, 0x77, 0xBF, 0x9D, 0xBF, 0x37, 0x3F, 0x5F, 0x7F, 0x77, 0xFF,
    0xDD, 0xFF, 0x77, 0xFF, 0xDD, 0xFF, 0x75, 0xFF, 0x00, 0xA6, 0x00, 0x00, 0x80, 0x8C, 0x00, 0x80, 0x80, 0x10, 0x00, 0x80, 0x01, 0xA0, 0x00, 0x80,
    0x00, 0x80, 0x00, 0x80, 0x80, 0xC0, 0x00, 0xC0, 0x80, 0xC0, 0x00, 0x80, 0x80, 0x00, 0x00, 0x80, 0x80, 0x2B, 0x00, 0x80, 0x00, 0x02, 0x20, 0x22,
    0x40, 0xC2, 0x40, 0xC2, 0xC4, 0xE2, 0x40, 0xE0, 0xC2, 0xE0, 0x41, 0xE0, 0xC1, 0xE3, 0x63, 0xEB, 0xD5, 0xE3, 0x77, 0xE7, 0xC5, 0xE7, 0x47, 0xEF,
    0xCD, 0xEF, 0x57, 0xFF, 0xDD, 0xFF, 0x77, 0xFF, 0xDD, 0xBF, 0x37, 0xBF, 0x5D, 0xFF, 0x80, 0x00, 0x7F, 0x02, 0x00, 0x02, 0x00, 0x02, 0x00, 0x02,
    0x04, 0x02, 0x04, 0x0E, 0x04, 0x0E, 0x04, 0x0E, 0x04, 0x0E, 0x04, 0x08, 0x00, 0x28, 0x00, 0x08, 0x00, 0x12, 0x00, 0x02, 0x04, 0x02, 0x04, 0x06,
    0x04, 0x02, 0x05, 0x0E, 0x05, 0x0F, 0x05, 0x0F, 0x0D, 0x0F, 0x17, 0x1F, 0x1D, 0x0F, 0x17, 0x0E, 0x14, 0x0E, 0x16, 0x0E, 0x1C, 0x1E, 0x16, 0x3E,
    0x1C, 0x1E, 0x15, 0x98, 0x19, 0x99, 0x11, 0x9B, 0x11, 0xBB, 0x17, 0xBF, 0x15, 0xAF, 0x07, 0xAF, 0x05, 0x2F, 0x07, 0x8F, 0x0D, 0x9F, 0x17, 0xBF,
    0x9D, 0xBF, 0x17, 0xBF, 0x1D, 0xBF, 0x37, 0xBF, 0x5D, 0xFF, 0x77, 0xFF, 0xDD, 0xFF, 0x77, 0xFF, 0xDF, 0xFF, 0x77, 0xFF, 0xDF, 0xFB, 0x77, 0xFF,
    0xDD, 0xFF, 0x77, 0xFF, 0xDD, 0xBF, 0x77, 0xFF, 0x5D, 0xFF, 0x77, 0xFF, 0xDD, 0xFF, 0x77, 0xFF, 0xDD, 0xFF, 0x77, 0xFF, 0xDD, 0xFF, 0x00, 0x08,
    0x04, 0x7C, 0x0A, 0x04, 0x0E, 0x1C, 0x1E, 0x14, 0x1E, 0x1C, 0x1A, 0x14, 0x1E, 0x14, 0x3E, 0x14, 0x3E, 0x1C, 0x3E, 0x14, 0x3C, 0x1D, 0x38, 0x10,
    0x18, 0x10, 0x38, 0x10, 0x3A, 0x14, 0x3A, 0x16, 0x2E, 0x04, 0x26, 0x06, 0x0E, 0x04, 0x0E, 0x06, 0x0E, 0x1D, 0x3E, 0x17, 0x3E, 0x1D, 0x3E, 0x17,
    0x3E, 0x1C, 0x3E, 0x36, 0x3E, 0x1C, 0x3E, 0x76, 0x7E, 0xFC, 0x7E, 0x74, 0x6C, 0x7D, 0x69, 0x51, 0x7B, 0x5D, 0x3F, 0x57, 0x3F, 0x5D, 0x3F, 0x37,
    0x3F, 0x15, 0x3F, 0x37, 0x3F, 0x5D, 0x7F, 0x77, 0x7F, 0x5D, 0x7F, 0x77, 0xFF, 0x5D, 0xFF, 0x75, 0xFF, 0x5D, 0xFF, 0x77, 0xFF, 0xDD, 0xFF, 0x77,
    0xFF, 0xD5, 0xEF, 0x67, 0xEF, 0xCD, 0xFF, 0x57, 0xFF, 0xDD, 0xFF, 0x77, 0xFF, 0xDD, 0xBF, 0x37, 0xBF, 0x5D, 0x7F, 0x77, 0xFF, 0xDD, 0xFF, 0x77,
    0xFF, 0xDD, 0xFF, 0x75, 0xFD, 0xDD, 0xFF, 0x93, 0x00, 0x00, 0x02, 0x87, 0x00, 0x00, 0x01, 0xA3, 0x00, 0x37, 0x10, 0x08, 0x10, 0x20, 0x10, 0x38,
    0x10, 0x38, 0x30, 0x38, 0x58, 0x38, 0x70, 0x7A, 0x58, 0x78, 0x50, 0x78, 0x58, 0x78, 0x70, 0xF8, 0x50, 0xFA, 0x71, 0xFA, 0x55, 0xE2, 0x65, 0xEE,
    0x45, 0xEF, 0x57, 0xFF, 0xDD, 0xFF, 0x57, 0xFF, 0xDD, 0xBF, 0x37, 0xBF, 0x5D, 0xFF, 0x77, 0xFF, 0xDD, 0xFF, 0x77, 0xFE, 0xDD, 0xFE, 0x75, 0xFF,
    0xDD, 0xFF, 0x00, 0xA4, 0x00, 0x04, 0x80, 0x00, 0x80, 0x00, 0x80, 0x88, 0x00, 0x03, 0x80, 0x10, 0x81, 0x00, 0x80, 0x80, 0x0F, 0x00, 0x80, 0xA0,
    0x80, 0x20, 0x80, 0xA0, 0x80, 0x00, 0x80, 0x00, 0x80, 0x00, 0x80, 0xC0, 0x80, 0x80, 0xC0, 0x01, 0x80, 0x00, 0x80, 0x80, 0x3E, 0x00, 0x80, 0xC0,
    0xE0, 0x40, 0xE4, 0xC0, 0xE0, 0x60, 0xE0, 0xC0, 0xE0, 0x40, 0xE0, 0xC1, 0xE1, 0x41, 0xE3, 0xC1, 0xE3, 0x53, 0xE3, 0xC5, 0xA3, 0x17, 0xAF, 0xD5,
    0xFF, 0x77, 0xFF, 0xDD, 0xFF, 0x77, 0xFF, 0xDD, 0xFF, 0x77, 0xFF, 0xDD, 0xFF, 0x77, 0xFF, 0x00, 0x02, 0x00, 0x02, 0x00, 0x02, 0x00, 0x02, 0x00,
    0x02, 0x00, 0x02, 0x00, 0x02, 0x04, 0x06, 0x04, 0x02, 0x04, 0x80, 0x08, 0x82, 0x00, 0x02, 0x01, 0x03, 0x01, 0x80, 0x03, 0x7F, 0x01, 0x03, 0x03,
    0x06, 0x05, 0x47, 0x07, 0x0F, 0x05, 0x0F, 0x07, 0x0F, 0x4D, 0x0F, 0x05, 0x0F, 0x0D, 0x0B, 0x17, 0x0F, 0x1F, 0x0E, 0x17, 0x8E, 0x04, 0x4E, 0x04,
    0x8E, 0x04, 0x8A, 0x07, 0x8F, 0x8D, 0x8F, 0x17, 0x8F, 0x9D, 0x8F, 0x17, 0x8F, 0x05, 0x0F, 0x17, 0x8F, 0x1D, 0x3F, 0x17, 0xBF, 0x5D, 0xBF, 0x17,
    0xBF, 0x5D, 0xBF, 0x55, 0xFF, 0xDD, 0xFF, 0x77, 0xFF, 0xDD, 0xFF, 0x77, 0xFF, 0xD5, 0xE7, 0x67, 0xEF, 0xCD, 0xEF, 0x77, 0xFF, 0xDD, 0xFF, 0x57,
    0xFF, 0xDD, 0xBF, 0x17, 0xBF, 0x9D, 0xBF, 0x77, 0xFF, 0xDD, 0xFF, 0x77, 0xFF, 0xDD, 0xFE, 0xF5, 0xFE, 0xDD, 0xFF, 0x75, 0xFF, 0x04, 0x0E, 0x04,
    0x0E, 0x0C, 0x0E, 0x04, 0x0E, 0x1C, 0x0A, 0x10, 0x1A, 0x1C, 0x1A, 0x14, 0x1E, 0x14, 0x1B, 0x14, 0x0E, 0x04, 0x02, 0x04, 0x08, 0x04, 0x0A, 0x05,
    0x0F, 0x1D, 0x8F, 0x17, 0x0F, 0x5F, 0x15, 0x0B, 0x17, 0x0F, 0x55, 0x3F, 0x57, 0x3E, 0x5D, 0x3E, 0x16, 0x3E, 0x1C, 0x3E, 0x14, 0x3C, 0x3C, 0x3E,
    0x15, 0x7F, 0x1D, 0x7B, 0x37, 0x7F, 0x15, 0x33, 0x37, 0x26, 0x05, 0x27, 0x07, 0x2F, 0x4D, 0x2F, 0x17, 0x3F, 0x1D, 0x1F, 0x17, 0x1F, 0x1D, 0x3F,
    0x17, 0x3F, 0x1D, 0x3F, 0x37, 0x7F, 0x5D, 0x7E, 0x76, 0x7E, 0x5C, 0x7E, 0x75, 0xFD, 0x5D, 0xFF, 0x77, 0xFF, 0xDD, 0xFB, 0x77, 0xFF, 0x55, 0xF7,
    0x77, 0xFF, 0x57, 0xFF, 0x77, 0xFF, 0xDD, 0xFF, 0x77, 0xFF, 0xDF, 0xBF, 0x57, 0xBF, 0xDD, 0xFF, 0x77, 0xFF, 0xDD, 0xFF, 0x77, 0xFF, 0xDD, 0xFE,
    0x76, 0xFE, 0xDD, 0xFF, 0x77, 0xFF, 0xAE, 0x00, 0x00, 0x01, 0x84, 0x00, 0x00, 0x02, 0x86, 0x00, 0x3C, 0x08, 0x04, 0x08, 0x00, 0x08, 0x10, 0x18,
    0x10, 0x38, 0x18, 0x38, 0x30, 0x3A, 0x10, 0x38, 0x30, 0x38, 0x50, 0x28, 0x70, 0x68, 0x54, 0x78, 0x74, 0x7C, 0x5C, 0x7A, 0x51, 0xBA, 0x15, 0x3B,
    0x17, 0xBF, 0x1D, 0x3F, 0x77, 0xFF, 0x5D, 0x7F, 0x77, 0xFE, 0x5D, 0xFF, 0x75, 0xFE, 0xDD, 0xFF, 0x77, 0xFF, 0xDD, 0xFF, 0x77, 0xFF, 0xDD, 0xFF,
    0x77, 0xFF, 0xD5, 0xFF, 0x77, 0xFF, 0x00, 0x96, 0x00, 0x04, 0x80, 0x00, 0x80, 0x00, 0x80, 0x84, 0x00, 0x00, 0x80, 0x80, 0x00, 0x00, 0x80, 0x80,
    0x00, 0x17, 0x80, 0x00, 0x80, 0x00, 0x80, 0x08, 0x80, 0x00, 0x80, 0x00, 0x80, 0x00, 0x80, 0x00, 0x80, 0x00, 0x90, 0xC0, 0x80, 0x40, 0x80, 0xC0,
    0x80, 0x00, 0x80, 0x80, 0x3B, 0xC0, 0x80, 0x40, 0x80, 0x40, 0x80, 0x40, 0x80, 0x40, 0xC0, 0x40, 0xC0, 0x40, 0xC0, 0xC8, 0xE0, 0x40, 0xE0, 0xC0,
    0xE0, 0x60, 0xE0, 0xC0, 0xE0, 0x60, 0xE0, 0xC0, 0xE2, 0x61, 0xE3, 0xC1, 0xE3, 0x41, 0xC3, 0xC1, 0x83, 0x13, 0xBF, 0x95, 0xBF, 0x77, 0xFF, 0xDD,
    0xFF, 0x77, 0xFF, 0x5C, 0xFE, 0x76, 0xFE, 0xDD, 0xFF, 0x75, 0xFF, 0xDD, 0xFF, 0x00, 0x02, 0x00, 0x02, 0x84, 0x00, 0x06, 0x42, 0x00, 0x02, 0x80,
    0x06, 0x00, 0x02, 0x83, 0x00, 0x06, 0x01, 0x02, 0x01, 0x03, 0x01, 0x03, 0x81, 0x80, 0x03, 0x7F, 0x05, 0x03, 0x07, 0x0F, 0x05, 0x8F, 0x07, 0x0E,
    0x04, 0x0E, 0x14, 0x0E, 0x04, 0x0E, 0x05, 0x8F, 0x0D, 0x8B, 0x81, 0x8B, 0x01, 0x83, 0x01, 0x83, 0x05, 0x83, 0x07, 0x8F, 0x85, 0x8F, 0x07, 0x8F,
    0x8D, 0x8F, 0x07, 0x8F, 0x0D, 0x8F, 0x17, 0x9F, 0x1D, 0xBF, 0x17, 0xBF, 0x1F, 0x3F, 0x16, 0xBE, 0x5C, 0xFE, 0x54, 0xFE, 0xDD, 0xFF, 0x75, 0xFF,
    0xDD, 0xFB, 0x73, 0xFB, 0xD1, 0xF3, 0x77, 0xFF, 0xD5, 0xFF, 0x77, 0xFF, 0xDD, 0xEF, 0x57, 0xEF, 0xDD, 0xDF, 0x57, 0xFF, 0xDD, 0xFF, 0x77, 0xFF,
    0xDD, 0xFF, 0xF7, 0xFF, 0xDD, 0xFE, 0x76, 0xFE, 0xDC, 0xFF, 0x77, 0xFF, 0xDD, 0xFF, 0x06, 0x0E, 0x04, 0x0E, 0x04, 0x0E, 0x0C, 0x0C, 0x04, 0x0C,
    0x1C, 0x18, 0x14, 0x1A, 0x18, 0x1A, 0x10, 0x0A, 0x00, 0x02, 0x00, 0x02, 0x04, 0x06, 0x07, 0x0E, 0x8D, 0x0F, 0x07, 0x0F, 0x0D, 0x0F, 0x17, 0x0F,
    0x5D, 0x1D, 0x1F, 0x17, 0x1F, 0x1D, 0x3F, 0x17, 0x3E, 0x3C, 0x3E, 0x34, 0x3E, 0x3C, 0x3E, 0x34, 0x3E, 0x1D, 0x3F, 0x15, 0x3B, 0x19, 0x3B, 0x13,
    0x3B, 0x15, 0x33, 0x17, 0x2F, 0x15, 0x3F, 0x17, 0x2F, 0x1D, 0x2F, 0x17, 0x0F, 0x1D, 0x1F, 0x17, 0x3F, 0x1D, 0x3F, 0x37, 0x3F, 0x1D, 0x3F, 0x37,
    0x7E, 0x5C, 0x7E, 0x76, 0x7E, 0x5D, 0x7F, 0x7F, 0xFF, 0x5D, 0xFF, 0x57, 0xFF, 0x5F, 0xBB, 0x17, 0xBF, 0x5D, 0xBF, 0x77, 0xFF, 0x5D, 0xFF, 0x77,
    0xFF, 0xDD, 0xFF, 0x77, 0xFF, 0xDD, 0xFF, 0x77, 0xFF, 0xDD, 0xFF, 0x77, 0xFF, 0xDD, 0xFB, 0x77, 0xFF, 0xD5, 0xFF, 0x77, 0xFF, 0xDD, 0xFF, 0xA7,
    0x00, 0x00, 0x02, 0x86, 0x00, 0x00, 0x02, 0x87, 0x00, 0x13, 0x08, 0x00, 0x08, 0x00, 0x08, 0x00, 0x08, 0x00, 0x88, 0x10, 0x38, 0x1C, 0x38, 0x10,
    0x38, 0x18, 0x38, 0x30, 0x38, 0x10, 0x80, 0x30, 0x29, 0x54, 0x6E, 0x74, 0x6E, 0x4C, 0x6E, 0x44, 0x4E, 0x4C, 0x0E, 0x15, 0x1F, 0x1D, 0x3F, 0x37,
    0xBF, 0x5D, 0x3F, 0x77, 0x7E, 0x5C, 0x7E, 0x76, 0xFE, 0x5C, 0xFE, 0x75, 0xFF, 0xDD, 0xFF, 0x75, 0xFF, 0xD9, 0xFB, 0x73, 0xFB, 0xD5, 0xFF, 0x77,
    0xFF, 0xDD, 0xFF, 0x00, 0x94, 0x00, 0x00, 0x80, 0x80, 0x00, 0x00, 0x80, 0x80, 0x00, 0x00, 0x80, 0x80, 0x00, 0x00, 0x80, 0x84, 0x00, 0x00, 0x84,
    0x80, 0x00, 0x84, 0x80, 0x10, 0x00, 0x80, 0x88, 0x80, 0x00, 0x80, 0xC0, 0x80, 0xC0, 0x80, 0xC0, 0xA0, 0x00, 0xA0, 0x80, 0xA0, 0x00, 0x80, 0x80,
    0x01, 0x00, 0x80, 0x80, 0x00, 0x32, 0x10, 0x40, 0xC0, 0x40, 0xE0, 0xC0, 0xE0, 0x40, 0xE0, 0xC0, 0xE0, 0x40, 0xE0, 0xC0, 0xE0, 0x40, 0xE0, 0xC1,
    0xE3, 0x61, 0xE3, 0xC1, 0xE3, 0x41, 0xE3, 0xC5, 0xE3, 0x45, 0xEF, 0xDD, 0xFF, 0x77, 0xFF, 0xDD, 0xFF, 0x77, 0xFF, 0xDD, 0xFE, 0x7F, 0xFE, 0xDD,
    0xFF, 0x77, 0xFF, 0xDD, 0xFF, 0x77, 0xFF, 0x00, 0x02, 0x8E, 0x00, 0x7F, 0x02, 0x00, 0x02, 0x01, 0x02, 0x05, 0x02, 0x05, 0x02, 0x05, 0x03, 0x05,
    0x03, 0x05, 0x03, 0x07, 0x0F, 0x05, 0x1F, 0x07, 0x0E, 0x04, 0x06, 0x04, 0x0E, 0x04, 0x0E, 0x04, 0x8E, 0x05, 0x8F, 0x05, 0x89, 0x81, 0x8B, 0x01,
    0x8B, 0x81, 0x83, 0x03, 0x8F, 0x05, 0x8F, 0x07, 0x8F, 0x05, 0x0F, 0x07, 0x8F, 0x0D, 0x8F, 0x07, 0x8F, 0x9D, 0x9F, 0x17, 0x9F, 0x9D, 0xBF, 0x37,
    0xBE, 0x7C, 0xBE, 0x77, 0xFE, 0xDD, 0xFF, 0x77, 0xFF, 0xDD, 0xEF, 0x45, 0xEF, 0xCD, 0xCB, 0x57, 0xFF, 0xDD, 0xBF, 0x77, 0xFF, 0xDD, 0xBF, 0x37,
    0xBF, 0x5D, 0x7F, 0x77, 0xFF, 0xDD, 0xFF, 0x77, 0xFF, 0xDD, 0xFF, 0x77, 0xFF, 0xDD, 0xFB, 0x73, 0xFF, 0xDD, 0xFF, 0x77, 0xFF, 0xDD, 0xFF, 0x77,
    0xEF, 0x0C, 0x0E, 0x04, 0x0E, 0x04, 0x0A, 0x04, 0x0E, 0x04, 0x0E, 0x04, 0x0C, 0x0C, 0x08, 0x00, 0x08, 0x01, 0x02, 0x01, 0x6C, 0x0B, 0x05, 0x0B,
    0x17, 0x0F, 0x05, 0x0F, 0x07, 0x0E, 0x04, 0x0E, 0x06, 0x0E, 0x1D, 0x1F, 0x17, 0x1F, 0x1D, 0x1F, 0x57, 0x3E, 0x5C, 0x3A, 0x50, 0x3E, 0x14, 0x3E,
    0x17, 0x3E, 0x1D, 0x3F, 0x15, 0x6F, 0x0D, 0x4F, 0x05, 0x4F, 0x1D, 0x1F, 0x17, 0x3F, 0x1D, 0x3F, 0x17, 0x3F, 0x1D, 0x3F, 0x17, 0x3E, 0x1D, 0x3E,
    0x37, 0x3F, 0x5D, 0x3F, 0x77, 0x3F, 0x5D, 0x3F, 0x31, 0x3B, 0x59, 0x3B, 0x73, 0x7F, 0x55, 0x7F, 0x77, 0x7F, 0x5D, 0x6F, 0x67, 0xEF, 0x4D, 0xEF,
    0x57, 0xFF, 0x5D, 0xBF, 0x77, 0xBF, 0x5D, 0xBF, 0x37, 0x3F, 0x7D, 0x3F, 0x77, 0xFE, 0x5D, 0xFF, 0x77, 0xFF, 0xDD, 0xFF, 0x75, 0xFF, 0xDD, 0xFB,
    0x71, 0xFB, 0xDD, 0xFF, 0x77, 0xFF, 0xDD, 0xFF, 0x77, 0xFF, 0x9E, 0x00, 0x03, 0x01, 0x00, 0x00, 0x08, 0x86, 0x00, 0x00, 0x02, 0x86, 0x00, 0x47,
    0x08, 0x00, 0x00, 0x08, 0x00, 0x08, 0x10, 0x08, 0x90, 0x08, 0x10, 0x0C, 0x10, 0x38, 0x10, 0x38, 0x14, 0x38, 0x10, 0x38, 0x18, 0x38, 0x10, 0x28,
    0x10, 0x38, 0x10, 0x38, 0x10, 0x3A, 0x34, 0x3E, 0x14, 0x2E, 0x0C, 0x2E, 0x04, 0x2E, 0x14, 0x7E, 0x5C, 0x7E, 0x77, 0xFF, 0x5D, 0x3F, 0x37, 0xBE,
    0x5D, 0x3E, 0x76, 0xFE, 0x5C, 0xFE, 0x77, 0xFE, 0xDD, 0xFF, 0x75, 0xFF, 0xDD, 0xFF, 0x75, 0xFF, 0xDD, 0xFF, 0x77, 0xFF, 0xDD, 0xFF, 0x77, 0xFF,
    0x00, 0x9E, 0x00, 0x00, 0x80, 0x82, 0x00, 0x00, 0x80, 0x81, 0x00, 0x04, 0x80, 0x80, 0x01, 0x80, 0x00, 0x80, 0x80, 0x00, 0x08, 0x80, 0x80, 0x00,
    0x00, 0x80, 0x80, 0x04, 0x00, 0x80, 0x00, 0x80, 0x00, 0x80, 0x80, 0x14, 0x00, 0x80, 0xC0, 0x80, 0x40, 0x80, 0xE0, 0x80, 0x40, 0x80, 0x00, 0x80,
    0x40, 0xC0, 0xC0, 0xE0, 0x41, 0xE0, 0xC0, 0xE0, 0x40, 0x80, 0xC0, 0x23, 0x40, 0xC0, 0xC1, 0xE3, 0x41, 0xE3, 0xC1, 0xA3, 0x03, 0xA3, 0x41, 0x22,
    0x67, 0xEE, 0x55, 0xFF, 0x77, 0xFF, 0xDD, 0xFF, 0x75, 0xFF, 0xDD, 0xFB, 0x71, 0xFB, 0xDD, 0xFF, 0x77, 0xFF, 0xDD, 0xFF, 0x77, 0xFF, 0xD5, 0xEF,
    0x80, 0x00, 0x03, 0x04, 0x00, 0x00, 0x40, 0x88, 0x00, 0x7F, 0x01, 0x03, 0x01, 0x03, 0x01, 0x03, 0x43, 0x0E, 0x04, 0x06, 0x04, 0x06, 0x05, 0x2E,
    0x05, 0x0F, 0x05, 0x0F, 0x05, 0x0A, 0x04, 0x0A, 0x00, 0x0A, 0x04, 0x02, 0x06, 0x8E, 0x04, 0x06, 0x05, 0x8E, 0x05, 0x83, 0x01, 0x8B, 0x05, 0x8B,
    0x07, 0x8F, 0x85, 0x8F, 0x07, 0x8F, 0x05, 0x0F, 0x07, 0x0F, 0x0D, 0x0F, 0x17, 0x8F, 0x1D, 0x9F, 0x17, 0x9F, 0x9D, 0x9F, 0x15, 0x9B, 0x99, 0xBB,
    0x53, 0xFB, 0xDD, 0xFF, 0x77, 0xFF, 0xF5, 0xEF, 0x67, 0xEF, 0xE5, 0xEF, 0x47, 0xCF, 0xDD, 0xFF, 0x57, 0xFF, 0xDD, 0xBF, 0x17, 0xBF, 0x1D, 0x3F,
    0x77, 0xFF, 0x5D, 0xFF, 0x77, 0xFF, 0xDD, 0xFF, 0x75, 0xFF, 0xDD, 0xFD, 0x75, 0xFB, 0xDD, 0xFB, 0x77, 0xFF, 0xDD, 0xFF, 0x77, 0xFF, 0xD5, 0xEF,
    0x10, 0x08, 0x10, 0x0A, 0x10, 0x0A, 0x14, 0x0A, 0x04, 0x0E, 0x04, 0x02, 0x04, 0x08, 0x04, 0x0B, 0x01, 0x0A, 0x6D, 0x0D, 0x2F, 0x17, 0x0F, 0x1D,
    0x0F, 0x17, 0x0E, 0x14, 0x0E, 0x16, 0x0E, 0x1C, 0x1E, 0x16, 0x3E, 0x1C, 0x3E, 0x14, 0x1C, 0x1C, 0x38, 0x11, 0x3A, 0x19, 0x3B, 0x33, 0x3F, 0x35,
    0x3F, 0x37, 0x2F, 0x05, 0x27, 0x07, 0x0F, 0x0D, 0x0F, 0x17, 0x1F, 0x1D, 0x3F, 0x17, 0x3F, 0x1D, 0x3F, 0x17, 0x3F, 0x1D, 0x3F, 0x37, 0x3E, 0x5D,
    0x3E, 0x77, 0x7E, 0x5C, 0x7C, 0x75, 0x7D, 0x5D, 0x7B, 0x79, 0x7B, 0x5D, 0x7F, 0x77, 0x7F, 0x55, 0x3F, 0x77, 0x2F, 0x45, 0x2F, 0x77, 0xFF, 0x5D,
    0xFF, 0x77, 0xFF, 0x5D, 0xFF, 0x77, 0xBF, 0x5D, 0xBF, 0x77, 0xFF, 0xDD, 0xFF, 0x77, 0xFF, 0xDD, 0xFF, 0x77, 0xFF, 0xDD, 0xFF, 0x75, 0xFF, 0xDD,
    0xFF, 0x77, 0xFF, 0xDD, 0xFF, 0x77, 0xFF, 0xDD, 0xBF, 0x99, 0x00, 0x00, 0x10, 0x99, 0x00, 0x46, 0x08, 0x40, 0x08, 0x00, 0x08, 0x00, 0x08, 0x10,
    0x08, 0x10, 0x38, 0x10, 0x38, 0x10, 0x38, 0x30, 0x28, 0x00, 0x20, 0x00, 0x28, 0x00, 0x28, 0x00, 0x28, 0x18, 0x38, 0x10, 0x3A, 0x14, 0x3A, 0x14,
    0x3E, 0x14, 0x3E, 0x36, 0x3E, 0x5C, 0x7E, 0x76, 0x7E, 0x5C, 0x7E, 0x74, 0xFC, 0x5C, 0xF8, 0x75, 0xFF, 0xDD, 0xFB, 0x77, 0xFF, 0xDD, 0xFF, 0x77,
    0xFF, 0xD5, 0xEF, 0x67, 0xEF, 0xDD, 0xFF, 0x77, 0xFF, 0xDD, 0xFF, 0x57, 0xFF, 0x9D, 0xBF, 0x00, 0x9F, 0x00, 0x00, 0x80, 0x85, 0x00, 0x00, 0x81,
    0x80, 0x00, 0x03, 0x80, 0x08, 0x80, 0x00, 0x80, 0x80, 0x00, 0x00, 0x80, 0x80, 0x03, 0x00, 0x80, 0x40, 0xC0, 0x80, 0x00, 0x0D, 0x20, 0x00, 0xA0,
    0x40, 0xA0, 0x00, 0x80, 0x40, 0x80, 0x00, 0x80, 0xC0, 0x80, 0x42, 0x80, 0xC0, 0x00, 0x40, 0x80, 0xC0, 0x00, 0x40, 0x80, 0xC0, 0x25, 0x40, 0xC0,
    0xC0, 0xC2, 0x41, 0xC3, 0xC1, 0x83, 0x01, 0x83, 0x81, 0xA3, 0x07, 0xA7, 0x55, 0xFF, 0x77, 0xFE, 0xDC, 0xFE, 0x74, 0xFE, 0xDC, 0xFC, 0x75, 0xFF,
    0xDD, 0xFB, 0x77, 0xFF, 0xDD, 0xFB, 0x77, 0xFF, 0xD5, 0xF7, 0x77, 0xEF, 0x80, 0x00, 0x02, 0x40, 0x00, 0x02, 0x88, 0x00, 0x7F, 0x0A, 0x41, 0x03,
    0x01, 0x03, 0x03, 0x02, 0x05, 0x02, 0x46, 0x0E, 0x04, 0x0E, 0x06, 0x0E, 0x04, 0x0E, 0x04, 0x0C, 0x05, 0x08, 0x00, 0x08, 0x01, 0x0B, 0x01, 0x0B,
    0x01, 0x03, 0x03, 0x02, 0x05, 0x02, 0x07, 0x07, 0x05, 0x0F, 0x07, 0x8F, 0x0D, 0x8F, 0x07, 0x8F, 0x0D, 0x0F, 0x17, 0x1F, 0x1D, 0x1F, 0x17, 0x1F,
    0x1D, 0x3E, 0x16, 0xBE, 0x1C, 0xBE, 0x14, 0xBC, 0xDD, 0xB9, 0x55, 0xFF, 0xDD, 0xBB, 0x57, 0xBF, 0xD5, 0xB3, 0x17, 0xA7, 0x45, 0xAF, 0x47, 0xEF,
    0xDD, 0xFF, 0x57, 0xFF, 0xDD, 0xBF, 0x17, 0xBF, 0x9F, 0xBF, 0x37, 0xFF, 0xDD, 0xFF, 0x77, 0xFF, 0xDD, 0xFF, 0x77, 0xFE, 0xDC, 0xFF, 0x75, 0xFF,
    0xDD, 0xFF, 0x77, 0xFF, 0xDD, 0xFF, 0x77, 0xFF, 0xDD, 0xBF, 0x77, 0xFF, 0x00, 0x08, 0x10, 0x08, 0x10, 0x1A, 0x10, 0x0A, 0x01, 0x02, 0x00, 0x02,
    0x04, 0x02, 0x04, 0x0E, 0x24, 0x6E, 0x0E, 0x04, 0x0E, 0x1C, 0x0E, 0x14, 0x1E, 0x1C, 0x1E, 0x16, 0x1E, 0x1C, 0x3E, 0x16, 0x3E, 0x1C, 0x3E, 0x14,
    0x3C, 0x1C, 0x38, 0x54, 0x38, 0x5D, 0x3B, 0x51, 0x3B, 0x1D, 0x3B, 0x13, 0x3B, 0x15, 0x27, 0x07, 0x2F, 0x25, 0x2F, 0x37, 0x2F, 0x3D, 0x3F, 0x17,
    0x3F, 0x1D, 0x3F, 0x17, 0x3F, 0x1D, 0x3F, 0x37, 0x3F, 0x5D, 0x3F, 0x77, 0x7E, 0x5C, 0x7E, 0x7C, 0x7E, 0x5D, 0x7F, 0x75, 0x7F, 0x5D, 0x7F, 0x57,
    0xFF, 0x5D, 0x3F, 0x17, 0xBF, 0x1D, 0x3F, 0x37, 0x7F, 0x5D, 0x7F, 0x77, 0xFF, 0x7D, 0x7F, 0x77, 0xFF, 0x5D, 0xFF, 0x75, 0xFF, 0xDD, 0xFF, 0x77,
    0xFF, 0xDF, 0xFF, 0x77, 0xFF, 0xD7, 0xFF, 0x77, 0xEF, 0xDD, 0xFF, 0x77, 0xFF, 0xDD, 0xFF, 0x57, 0xFF, 0xDD, 0xBF, 0x37, 0xBF, 0x92, 0x00, 0x00,
    0x20, 0x9C, 0x00, 0x00, 0x10, 0x86, 0x00, 0x40, 0x08, 0x00, 0x00, 0x10, 0x38, 0x10, 0x30, 0x10, 0x20, 0x10, 0x20, 0x00, 0x20, 0x00, 0x20, 0x00,
    0x28, 0x44, 0x28, 0x10, 0x08, 0x1C, 0x08, 0x10, 0x18, 0x1C, 0x3A, 0x14, 0x3E, 0x1C, 0x3E, 0x74, 0x7E, 0x5C, 0x7E, 0x74, 0x7C, 0x5C, 0xFC, 0x74,
    0xFC, 0xDD, 0xFF, 0x75, 0xFB, 0xDD, 0xFB, 0x73, 0xFB, 0xD5, 0xF7, 0x77, 0xFF, 0xDD, 0xFF, 0x77, 0xFF, 0xDD, 0xFF, 0x77, 0xFF, 0xDD, 0xFF, 0x77,
    0xFF, 0x00, 0x9A, 0x00, 0x00, 0x80, 0x85, 0x00, 0x00, 0x0A, 0x81, 0x00, 0x00, 0x08, 0x86, 0x00, 0x04, 0x80, 0x20, 0xA0, 0x00, 0x80, 0x80, 0x00,
    0x04, 0x80, 0x80, 0x00, 0x00, 0x80, 0x84, 0x00, 0x07, 0xC0, 0x80, 0xC0, 0x00, 0xC0, 0xC0, 0x80, 0x00, 0x80, 0x80, 0x2D, 0x00, 0x80, 0x80, 0x82,
    0x00, 0x82, 0xC0, 0x82, 0xD5, 0xC6, 0xC5, 0x82, 0x05, 0x86, 0xC5, 0x8B, 0x45, 0xEF, 0xCD, 0xEF, 0x77, 0xFF, 0xD5, 0xFE, 0x76, 0xFE, 0xD4, 0xFE,
    0x75, 0xFF, 0xDD, 0xFF, 0x77, 0xFF, 0xDD, 0xFF, 0x57, 0xFF, 0xDD, 0xFF, 0x77, 0xFF, 0xDD, 0xFF, 0x80, 0x08, 0x83, 0x00, 0x7D, 0x02, 0x02, 0x00,
    0x42, 0x00, 0x06, 0x04, 0x06, 0x04, 0x0E, 0x04, 0x0E, 0x04, 0x0E, 0x04, 0x0A, 0x04, 0x0E, 0x0C, 0x0E, 0x06, 0x0E, 0x04, 0x0E, 0x04, 0x0E, 0x04,
    0x08, 0x04, 0x0C, 0x0C, 0x0A, 0x05, 0x0B, 0x01, 0x0B, 0x01, 0x0B, 0x01, 0x03, 0x03, 0x0F, 0x05, 0x0F, 0x07, 0x0F, 0x0D, 0x0F, 0x07, 0x0F, 0x0D,
    0x0F, 0x15, 0x1F, 0x1D, 0x3F, 0x17, 0x3F, 0x1D, 0x3F, 0x37, 0x3E, 0x14, 0x3E, 0x34, 0xBE, 0x54, 0xBF, 0x77, 0xFF, 0xDD, 0xFF, 0x57, 0xEF, 0xDD,
    0x9F, 0x17, 0x9F, 0x9D, 0xBF, 0x17, 0xFF, 0x1D, 0xFF, 0x77, 0xFF, 0xDD, 0xFF, 0x77, 0xFE, 0x5D, 0xFF, 0x77, 0xFF, 0xDF, 0xFF, 0x77, 0xFF, 0xDF,
    0xFB, 0x73, 0xFB, 0xD5, 0xFF, 0x77, 0xFF, 0xDD, 0xFF, 0x77, 0xFF, 0xDD, 0xEF, 0x57, 0xDF, 0xDD, 0xDF, 0x57, 0xFF, 0xDD, 0xFF, 0x00, 0x08, 0x00,
    0x08, 0x10, 0x08, 0x82, 0x00, 0x74, 0x12, 0x04, 0x0E, 0x04, 0x2F, 0x14, 0x0E, 0x0C, 0x0E, 0x04, 0x0C, 0x1C, 0x1C, 0x14, 0x3E, 0x1C, 0x3E, 0x14,
    0x3E, 0x1C, 0x3A, 0x30, 0x3A, 0x14, 0x32, 0x34, 0x2E, 0x14, 0x2E, 0x14, 0x2E, 0x0C, 0x2E, 0x15, 0x0E, 0x3D, 0x1A, 0x37, 0x3F, 0x3D, 0xBF, 0x37,
    0x3E, 0x1D, 0x3E, 0x36, 0x3E, 0x7C, 0x3E, 0x74, 0x7E, 0x7C, 0x7E, 0x75, 0x7F, 0x5D, 0x7B, 0x71, 0x7B, 0x51, 0x7B, 0x73, 0x7B, 0x55, 0x7F, 0x77,
    0xFF, 0x5D, 0xEF, 0x77, 0xEF, 0x4D, 0xCF, 0x57, 0xDF, 0x5D, 0xBF, 0x37, 0xBF, 0x5D, 0xBF, 0x77, 0xFF, 0x5D, 0x7E, 0x76, 0xFE, 0x5C, 0xFE, 0x75,
    0xFF, 0xDD, 0xFF, 0x75, 0xFF, 0xDD, 0xFB, 0x73, 0xFB, 0xD1, 0xFB, 0x77, 0xFF, 0xDD, 0xFF, 0x77, 0xFF, 0xDD, 0xFF, 0x77, 0xFF, 0xDF, 0xFF, 0x77,
    0xFF, 0xDD, 0xFF, 0x88, 0x00, 0x00, 0x20, 0x85, 0x00, 0x00, 0x01, 0x87, 0x00, 0x00, 0x08, 0x84, 0x00, 0x00, 0x04, 0x82, 0x00, 0x00, 0x08, 0x9A,
    0x00, 0x34, 0x20, 0x00, 0x20, 0x00, 0x20, 0x00, 0x28, 0x00, 0x28, 0x00, 0x08, 0x18, 0x38, 0x10, 0x38, 0x5C, 0x38, 0x70, 0xF8, 0x58, 0x38, 0x70,
    0xF8, 0x54, 0xF8, 0x74, 0xFE, 0xDC, 0xFF, 0x75, 0xFF, 0xDD, 0xFB, 0x55, 0xFB, 0xDD, 0xFB, 0x57, 0xFF, 0xDD, 0xFF, 0x77, 0xFF, 0x5D, 0xFF, 0x77,
    0xFF, 0x5D, 0xFF, 0x77, 0xFF, 0xDD, 0xFF, 0x00, 0x9B, 0x00, 0x00, 0x04, 0x81, 0x00, 0x00, 0x02, 0x80, 0x00, 0x00, 0x08, 0x87, 0x00, 0x00, 0x10,
    0x82, 0x00, 0x00, 0x80, 0x86, 0x00, 0x08, 0x20, 0x00, 0x20, 0x00, 0x20, 0x80, 0x00, 0x80, 0x00, 0x80, 0x80, 0x00, 0x00, 0x80, 0x80, 0x33, 0x00,
    0x80, 0x80, 0xC2, 0x01, 0x92, 0x85, 0x82, 0x07, 0x86, 0x04, 0x06, 0x06, 0x0E, 0x44, 0x8E, 0x44, 0xCE, 0xCD, 0xEF, 0x55, 0xFF, 0xDD, 0xFB, 0x51,
    0xFB, 0xD1, 0xFB, 0x77, 0xFF, 0xD5, 0xFF, 0x77, 0xEF, 0xCD, 0xEF, 0x47, 0xEF, 0xCD, 0xDF, 0x57, 0xFF, 0xDD, 0xFF, 0x77, 0xFF, 0x01, 0x08, 0x00,
    0x08, 0x00, 0x80, 0x80, 0x00, 0x79, 0x82, 0x00, 0x02, 0x04, 0x06, 0x04, 0x0E, 0x04, 0x0E, 0x04, 0x0E, 0x0C, 0x0E, 0x04, 0x0E, 0x1C, 0x1F, 0x14,
    0x1E, 0x1C, 0x1A, 0x10, 0x1A, 0x10, 0x12, 0x10, 0x0E, 0x14, 0x2E, 0x04, 0x0E, 0x04, 0x0E, 0x05, 0x0A, 0x05, 0x0B, 0x17, 0x0F, 0x1D, 0x1F, 0x17,
    0x3F, 0x1D, 0x3F, 0x17, 0x3E, 0x1C, 0x3E, 0x16, 0x3E, 0x1C, 0x3E, 0x35, 0x3E, 0x1D, 0x3F, 0x35, 0x3B, 0x19, 0x3B, 0x31, 0xBB, 0x55, 0xBF, 0x77,
    0xFF, 0x55, 0xEF, 0x67, 0xEF, 0x4D, 0xAF, 0x47, 0xAF, 0x5D, 0xBF, 0x17, 0xBF, 0xDD, 0xFF, 0x77, 0xBF, 0x1D, 0x3F, 0x77, 0x7F, 0x5C, 0xFF, 0x76,
    0xFF, 0xDD, 0xFF, 0x75, 0xFF, 0xDD, 0xFB, 0x71, 0xFB, 0xD9, 0xFB, 0x77, 0xFF, 0xDD, 0xFF, 0xF7, 0xFF, 0xFD, 0xFF, 0x77, 0xEF, 0xDD, 0xFF, 0x77,
    0xFF, 0xDD, 0xFF, 0x77, 0xFF, 0x00, 0x20, 0x00, 0x80, 0x08, 0x79, 0x00, 0x08, 0x00, 0x08, 0x10, 0x18, 0x1C, 0x38, 0x14, 0x3C, 0x14, 0x38, 0x14,
    0x2C, 0x1C, 0x3C, 0x14, 0x3C, 0x1C, 0x3C, 0x34, 0x38, 0x18, 0x38, 0x10, 0x38, 0x10, 0x30, 0x30, 0x3A, 0x54, 0x32, 0x74, 0x2E, 0x44, 0x2E, 0x04,
    0x2E, 0x0C, 0x0E, 0x54, 0x1E, 0x1C, 0x3E, 0x16, 0x3E, 0x7C, 0x7E, 0x36, 0x3E, 0x3C, 0x3E, 0x74, 0x7E, 0x5C, 0x7E, 0x74, 0xFE, 0x5C, 0xFE, 0x74,
    0xF8, 0x58, 0xFA, 0x51, 0xFB, 0xD1, 0xFB, 0x77, 0xFF, 0x5D, 0xFF, 0x77, 0xEF, 0x5D, 0x6F, 0x57, 0xEF, 0x5D, 0xFF, 0x77, 0xFF, 0xDD, 0xFF, 0x77,
    0xFF, 0xDD, 0xFF, 0x77, 0xFE, 0x5D, 0xFF, 0x77, 0xFF, 0xDD, 0xFF, 0x77, 0xFF, 0xDD, 0xFF, 0x75, 0xFF, 0xDD, 0xFF, 0x57, 0xFF, 0xDD, 0xFF, 0x77,
    0xFF, 0xDD, 0xBF, 0x77, 0xFF, 0x5D, 0xFF, 0x77, 0xFF, 0xDD, 0xFF, 0x77, 0xFF, 0x81, 0x00, 0x00, 0x10, 0x84, 0x00, 0x00, 0x02, 0x8B, 0x00, 0x00,
    0x10, 0x83, 0x00, 0x00, 0x04, 0x82, 0x00, 0x00, 0x04, 0xA1, 0x00, 0x32, 0x20, 0x00, 0x20, 0x00, 0x20, 0x00, 0x20, 0x00, 0x20, 0x70, 0x78, 0x50,
    0x78, 0x70, 0xF8, 0x50, 0xF8, 0x70, 0xF8, 0xD1, 0xF8, 0x71, 0xFB, 0xD1, 0xFB, 0x75, 0xEF, 0xC5, 0xEF, 0x45, 0xEF, 0xCD, 0xEF, 0x57, 0xFF, 0xDD,
    0xFF, 0x77, 0xFF, 0xDD, 0xBF, 0x37, 0xBF, 0x5D, 0xFF, 0x77, 0xFF, 0xDD, 0xFF, 0x77, 0xFF, 0x00, 0x92, 0x00, 0x00, 0x02, 0x85, 0x00, 0x00, 0x04,
    0x98, 0x00, 0x00, 0x10, 0x8E, 0x00, 0x35, 0x40, 0x00, 0x40, 0x02, 0x40, 0x92, 0x04, 0x8E, 0x04, 0x8E, 0x0C, 0x8E, 0x07, 0x8E, 0x04, 0x0E, 0x06,
    0x0E, 0x1C, 0x1E, 0x16, 0xBE, 0x5C, 0xFE, 0x54, 0xFE, 0xDC, 0xF8, 0x51, 0xF9, 0xD9, 0xFB, 0x53, 0xFF, 0xDD, 0xFF, 0x77, 0xFF, 0xD5, 0xEF, 0x77,
    0xEF, 0xCD, 0xFF, 0x77, 0xFF, 0xDD, 0xFF, 0x77, 0xFF, 0xDD, 0xFF, 0x00, 0x80, 0x80, 0x00, 0x31, 0x08, 0x00, 0x08, 0x00, 0x08, 0x1C, 0x18, 0x14,
    0x08, 0x14, 0x0A, 0x14, 0x2C, 0x14, 0x3E, 0x15, 0x3C, 0x1C, 0x3C, 0x14, 0x3C, 0x1C, 0x38, 0x10, 0x38, 0x10, 0x38, 0x10, 0x3A, 0x10, 0x3A, 0x34,
    0x2E, 0x04, 0x26, 0x04, 0x2E, 0x04, 0x0E, 0x04, 0x0E, 0x1C, 0x3E, 0x16, 0x3E, 0x1C, 0x3E, 0x16, 0x3E, 0x1C, 0x80, 0x3E, 0x47, 0x5C, 0x7E, 0x76,
    0x7E, 0x5C, 0x7E, 0x74, 0xFC, 0x5C, 0xF8, 0x51, 0xFB, 0x5D, 0xFB, 0x77, 0xFF, 0x5D, 0xBF, 0x37, 0xBF, 0x55, 0x2F, 0x77, 0xEF, 0x5D, 0xFF, 0x77,
    0xFF, 0x5D, 0xFF, 0x77, 0xFF, 0x5D, 0xFF, 0x77, 0xFF, 0xDD, 0xFF, 0x77, 0xFF, 0xDD, 0xFF, 0x77, 0xFF, 0xDD, 0xFF, 0x75, 0xEF, 0xDD, 0xFF, 0x77,
    0xFF, 0xDD, 0xFF, 0x77, 0xFF, 0xDD, 0xBF, 0x37, 0xBF, 0x5D, 0xFF, 0x77, 0xFF, 0xDD, 0xFF, 0x77, 0xFF, 0xDD, 0xFF, 0x00, 0x20, 0x80, 0x00, 0x7A,
    0x08, 0x04, 0x08, 0x00, 0x08, 0x10, 0x18, 0x10, 0x38, 0x10, 0x38, 0x10, 0x38, 0x10, 0x38, 0x30, 0x38, 0x50, 0x78, 0x70, 0x68, 0x50, 0x68, 0x40,
    0x68, 0x40, 0x28, 0x50, 0x78, 0x50, 0x38, 0x10, 0x38, 0x10, 0x20, 0x10, 0x2C, 0x04, 0x2D, 0x14, 0xFC, 0xDC, 0x7C, 0x74, 0xFC, 0x5C, 0x7C, 0x74,
    0xF8, 0x58, 0xB8, 0x70, 0xF8, 0x5C, 0xFA, 0x74, 0xFE, 0x54, 0xFA, 0x74, 0xEC, 0xC4, 0xE8, 0x44, 0xEE, 0xDC, 0xFE, 0x55, 0xFF, 0xDD, 0xBF, 0x17,
    0xBF, 0x1D, 0x3E, 0x37, 0x3E, 0x5C, 0x7E, 0x76, 0xFE, 0x5C, 0xFE, 0x74, 0xFE, 0xDC, 0xFD, 0x75, 0xF9, 0xDD, 0xFB, 0x77, 0xFF, 0xDD, 0xFF, 0x77,
    0xFF, 0xD5, 0xE7, 0x67, 0xEF, 0xCF, 0xEF, 0x77, 0xFF, 0xDD, 0xFF, 0x57, 0xFF, 0xDD, 0xBF, 0x37, 0xBF, 0xDD, 0xFF, 0x77, 0xFF, 0xDD, 0xFF, 0x77,
    0xFF, 0xDD, 0xFE, 0x80, 0x00, 0x00, 0x02, 0x8E, 0x00, 0x00, 0x20, 0x88, 0x00, 0x00, 0x04, 0xA5, 0x00, 0x02, 0x01, 0x00, 0x01, 0x81, 0x00, 0x2E,
    0x20, 0x00, 0x20, 0x00, 0x60, 0x40, 0x60, 0x60, 0xE0, 0x40, 0xE0, 0x40, 0xE0, 0xC1, 0xE1, 0x51, 0xFB, 0xD1, 0xF3, 0x71, 0xF3, 0xD1, 0xA3, 0x03,
    0xE7, 0x45, 0xEF, 0x77, 0xFF, 0xDD, 0xFF, 0x77, 0xFF, 0xDD, 0xFF, 0x77, 0xFF, 0xDD, 0xFF, 0x77, 0xFF, 0xDD, 0xFF, 0x77, 0xFF, 0xDD, 0xFF, 0x00,
    0x98, 0x00, 0x03, 0x08, 0x00, 0x00, 0x10, 0x8A, 0x00, 0x00, 0x40, 0x96, 0x00, 0x80, 0x40, 0x38, 0x00, 0x40, 0x00, 0x10, 0x02, 0x04, 0x0E, 0x04,
    0x0E, 0x04, 0x0E, 0x0C, 0x0E, 0x04, 0x0E, 0x1C, 0x1E, 0x14, 0x1E, 0x1C, 0x3E, 0x16, 0xBE, 0x3C, 0xBE, 0x36, 0xBE, 0x54, 0xEE, 0x74, 0xEE, 0xCD,
    0xEF, 0x57, 0xFF, 0xDD, 0xFF, 0x57, 0xFF, 0xDD, 0xBF, 0x17, 0xBF, 0x1D, 0xBF, 0x77, 0xFF, 0xDD, 0xFF, 0x77, 0xFF, 0xDD, 0xFF, 0x77, 0xFF, 0x00,
    0x10, 0x80, 0x00, 0x05, 0x08, 0x00, 0x08, 0x0C, 0x08, 0x10, 0x80, 0x18, 0x7F, 0x10, 0x38, 0x1A, 0x38, 0x30, 0x38, 0x1C, 0x38, 0x34, 0x38, 0x54,
    0x28, 0x50, 0x68, 0x50, 0x28, 0x50, 0x78, 0x58, 0x38, 0x10, 0x38, 0x10, 0xB2, 0x10, 0x2E, 0x04, 0x2E, 0x14, 0x3E, 0x5C, 0x3E, 0x74, 0x7E, 0x5C,
    0x3E, 0x14, 0x3C, 0x5C, 0x3A, 0x74, 0xFE, 0x5C, 0xFE, 0x74, 0xFE, 0x7C, 0xFE, 0x74, 0xFE, 0x54, 0xEE, 0x64, 0xEE, 0xDC, 0xFE, 0x57, 0xFE, 0xDD,
    0xFF, 0x17, 0xBF, 0x1D, 0xBF, 0x37, 0xBE, 0x5D, 0x7E, 0x77, 0xFE, 0x7C, 0xFE, 0x76, 0xFE, 0x5C, 0xFE, 0x74, 0xFE, 0xDD, 0xFF, 0x77, 0xFF, 0xDD,
    0xFB, 0x77, 0xFF, 0xD7, 0xF7, 0x77, 0xEF, 0xD5, 0xEF, 0x77, 0xFF, 0xDD, 0xFF, 0x57, 0xFF, 0xDD, 0xBF, 0x17, 0xBF, 0x9D, 0xBF, 0x7F, 0xFF, 0xDD,
    0xFF, 0x77, 0xFF, 0xDD, 0xFE, 0x76, 0xFE, 0x0C, 0x00, 0x10, 0x00, 0x00, 0x20, 0x00, 0x20, 0x00, 0x20, 0x00, 0x24, 0x00, 0x20, 0x0A, 0x10, 0x38,
    0x10, 0x30, 0x30, 0x38, 0x50, 0x30, 0xF0, 0x60, 0x40, 0x80, 0x60, 0x63, 0x40, 0xE0, 0x40, 0xE8, 0x40, 0xE8, 0x50, 0x88, 0x10, 0x98, 0x10, 0x38,
    0x10, 0xB8, 0x30, 0x38, 0x58, 0x78, 0x70, 0x78, 0x58, 0x78, 0x70, 0xF8, 0x58, 0xF8, 0x70, 0xF8, 0xD8, 0xF8, 0x70, 0xF8, 0xD0, 0xF0, 0x70, 0xE8,
    0xC8, 0xE0, 0x64, 0xEC, 0xC4, 0xEE, 0x74, 0xFE, 0xDC, 0xFE, 0x55, 0x9E, 0x9D, 0xBE, 0x15, 0xBE, 0x5D, 0xFE, 0x77, 0xFE, 0x5C, 0xFE, 0x76, 0xFE,
    0xDC, 0xFC, 0x74, 0xFC, 0xDD, 0xFF, 0x75, 0xFF, 0xDD, 0xFB, 0x73, 0xFB, 0xD5, 0xFB, 0x77, 0xFF, 0xD5, 0xFF, 0x77, 0xFF, 0xDD, 0xFF, 0x77, 0xFF,
    0xDD, 0xFF, 0x77, 0xFF, 0xDD, 0xFF, 0x77, 0xFF, 0xDD, 0xFF, 0x77, 0xFF, 0xDD, 0xFF, 0x77, 0xFE, 0x8D, 0x00, 0x00, 0x40, 0x87, 0x00, 0x00, 0x04,
    0x9D, 0x00, 0x07, 0x01, 0x00, 0x01, 0x00, 0x01, 0x80, 0x01, 0x00, 0x80, 0x01, 0x03, 0x00, 0x01, 0x00, 0x01, 0x80, 0x00, 0x01, 0x01, 0x00, 0x82,
    0x01, 0x2A, 0x21, 0x01, 0x20, 0x40, 0xA0, 0x40, 0xE0, 0x41, 0xE3, 0x41, 0xE3, 0xC1, 0xE3, 0x41, 0xC3, 0xC1, 0x83, 0x03, 0xA3, 0x15, 0xBF, 0x37,
    0xFF, 0x5D, 0xFF, 0x77, 0xFF, 0x5D, 0xFE, 0x75, 0xFE, 0xDD, 0xFF, 0x75, 0xFF, 0xDD, 0xFF, 0x77, 0xFF, 0xDD, 0xFB, 0x77, 0xFF, 0x00, 0x94, 0x00,
    0x02, 0x08, 0x00, 0x10, 0x88, 0x00, 0x00, 0x20, 0x96, 0x00, 0x00, 0x40, 0x82, 0x00, 0x7F, 0x08, 0x20, 0x08, 0x00, 0x08, 0x00, 0x48, 0x10, 0x4E,
    0x14, 0x5E, 0x14, 0x3E, 0x1C, 0x3E, 0x14, 0x2E, 0x1C, 0x3C, 0x14, 0x3C, 0x1C, 0x3C, 0x74, 0xBE, 0x5C, 0xBA, 0x30, 0xBA, 0x50, 0xB2, 0x73, 0xF6,
    0x55, 0xFF, 0x77, 0xEF, 0xDD, 0xEF, 0x57, 0xEF, 0xDD, 0x9F, 0x17, 0xBF, 0xDD, 0xBF, 0x77, 0xFF, 0xDD, 0xFF, 0x77, 0xFF, 0x5D, 0xFE, 0x76, 0xFE,
    0xDC, 0xFF, 0x00, 0x20, 0x10, 0x20, 0x10, 0x28, 0x10, 0x28, 0x10, 0x28, 0x10, 0x3C, 0x10, 0x38, 0x58, 0x38, 0x70, 0x78, 0x58, 0x38, 0x70, 0x78,
    0x50, 0x30, 0x70, 0x60, 0x40, 0x60, 0x60, 0xE8, 0x44, 0xE8, 0x40, 0xC8, 0x48, 0x88, 0x10, 0x98, 0x1C, 0x38, 0x34, 0xBC, 0x5C, 0x3C, 0x74, 0x7C,
    0x5C, 0x7C, 0x74, 0xFC, 0x5C, 0xFC, 0x74, 0xFC, 0xDC, 0xF8, 0x70, 0xF8, 0xD8, 0xF8, 0x70, 0xF0, 0xD0, 0xF2, 0x74, 0xFE, 0xD4, 0xFE, 0x76, 0x3A,
    0xEE, 0xDC, 0xEE, 0x54, 0xDE, 0xDC, 0xBE, 0x54, 0xFE, 0xDC, 0xFE, 0x76, 0xFE, 0x5C, 0xFE, 0x76, 0xFE, 0x5C, 0xFE, 0x74, 0xFE, 0xDC, 0xFE, 0x75,
    0xFE, 0xDD, 0xFF, 0x71, 0xFB, 0xD9, 0xFB, 0x77, 0xFF, 0xDD, 0xFF, 0x77, 0xFF, 0xDD, 0xFF, 0x77, 0xFF, 0x5D, 0xFF, 0x77, 0xFF, 0xDD, 0xFF, 0x77,
    0xFF, 0xDD, 0xFF, 0x77, 0xFF, 0xDD, 0xFF, 0x77, 0xFF, 0xDD, 0xFF, 0x82, 0x00, 0x28, 0x22, 0x00, 0x20, 0x00, 0x20, 0x40, 0x20, 0x40, 0x60, 0x40,
    0xE0, 0x40, 0xE0, 0x40, 0xE0, 0x40, 0xA0, 0x40, 0xA0, 0x00, 0xA0, 0x40, 0xA0, 0x50, 0xE0, 0x40, 0xE0, 0x40, 0xC0, 0xC0, 0x00, 0x00, 0x80, 0x10,
    0xB0, 0x10, 0xB8, 0x50, 0xB0, 0x70, 0xF8, 0x80, 0x70, 0x4E, 0xF0, 0x70, 0xF0, 0x70, 0xF8, 0xD0, 0xF8, 0x74, 0xFC, 0xD0, 0xE0, 0x51, 0xE8, 0xD1,
    0xF1, 0x51, 0xF9, 0xD1, 0xF9, 0x71, 0xF8, 0x5D, 0xF8, 0x74, 0xEC, 0x5C, 0xF8, 0x75, 0xFC, 0xDD, 0xFB, 0x77, 0xFB, 0xDD, 0xFB, 0x71, 0xFA, 0xD0,
    0xFA, 0x71, 0xFE, 0xD5, 0xFF, 0x75, 0xFF, 0xDD, 0xFF, 0x55, 0xEF, 0xDD, 0xDF, 0x57, 0xFF, 0xDD, 0xBF, 0x77, 0xFF, 0xDD, 0xFF, 0x77, 0xFF, 0x5D,
    0x7E, 0x77, 0xFF, 0xDD, 0xFF, 0x77, 0xFF, 0xDD, 0xFF, 0x77, 0xFF, 0xDD, 0xFB, 0x73, 0xFB, 0xD5, 0xFF, 0x88, 0x00, 0x00, 0x40, 0x85, 0x00, 0x00,
    0x08, 0xA0, 0x00, 0x81, 0x01, 0x00, 0x81, 0x83, 0x01, 0x06, 0x03, 0x01, 0x03, 0x01, 0x02, 0x00, 0x02, 0x81, 0x00, 0x86, 0x01, 0x28, 0x03, 0x01,
    0x83, 0x01, 0x83, 0x03, 0x83, 0x45, 0x83, 0x07, 0x87, 0x45, 0x87, 0x07, 0x87, 0xC5, 0x8F, 0x17, 0xBF, 0xDD, 0xBF, 0x37, 0xBF, 0x55, 0x7E, 0x76,
    0xFE, 0xDC, 0xFE, 0x77, 0xFF, 0xDD, 0xFF, 0x75, 0xFF, 0xDD, 0xFB, 0x73, 0xFB, 0xDD, 0xFF, 0x00, 0x02, 0x00, 0x00, 0x20, 0x8D, 0x00, 0x03, 0x10,
    0x00, 0x00, 0x20, 0x81, 0x00, 0x00, 0x10, 0x81, 0x00, 0x00, 0x10, 0x84, 0x00, 0x00, 0x10, 0x8C, 0x00, 0x00, 0x80, 0x85, 0x00, 0x00, 0x40, 0x80,
    0x00, 0x7F, 0x20, 0x00, 0x28, 0x04, 0x28, 0x14, 0x1C, 0x1C, 0x3C, 0x14, 0x3C, 0x1C, 0x38, 0x14, 0x3C, 0x14, 0x3C, 0x34, 0x3C, 0x5C, 0x7C, 0x74,
    0xFC, 0x5C, 0xF8, 0x50, 0xF8, 0x58, 0xBA, 0x50, 0xFA, 0xD5, 0xFF, 0x77, 0xFF, 0x5D, 0xFF, 0x77, 0xEF, 0x5D, 0x6F, 0x57, 0xFF, 0xDD, 0xFF, 0x77,
    0xFF, 0xDD, 0xFF, 0x77, 0xFF, 0xDD, 0xFF, 0x77, 0xFF, 0xDD, 0xFF, 0x77, 0xFF, 0x10, 0x38, 0x10, 0x38, 0x10, 0x30, 0x30, 0x38, 0x50, 0x38, 0x70,
    0x78, 0x50, 0xF8, 0x70, 0xF8, 0x50, 0xF8, 0x70, 0xF8, 0x50, 0xB0, 0x70, 0xF0, 0x50, 0xF0, 0x70, 0xE8, 0x40, 0xE0, 0x40, 0xE8, 0x40, 0x88, 0x40,
    0x88, 0x58, 0xB8, 0x58, 0xF8, 0x5C, 0xB8, 0x70, 0xB8, 0x58, 0x38, 0x70, 0xF8, 0x54, 0xF8, 0x74, 0xFC, 0xDC, 0xF8, 0x70, 0xF8, 0xD8, 0xF8, 0x50,
    0xF8, 0xD0, 0xF8, 0x70, 0xF8, 0xD4, 0xFE, 0x74, 0xFE, 0x5C, 0x3B, 0xFE, 0x74, 0xEE, 0x5C, 0xFE, 0x74, 0xFE, 0xDC, 0xFE, 0x74, 0xFE, 0xDC, 0xFE,
    0xF4, 0xFA, 0xDC, 0xFA, 0x74, 0xFE, 0xDC, 0xFE, 0x76, 0xFE, 0xDC, 0xFE, 0x74, 0xEE, 0xCD, 0xEF, 0x57, 0xFF, 0xDD, 0xFF, 0x77, 0xFF, 0xDD, 0xBF,
    0x77, 0xFF, 0x5D, 0x7E, 0x77, 0xFE, 0xDD, 0xFF, 0x77, 0xFF, 0xDD, 0xFF, 0x75, 0xFF, 0xDD, 0xFB, 0x73, 0xFB, 0xDD, 0xFF, 0x77, 0xFF, 0x01, 0x85,
    0x00, 0x2D, 0x20, 0x40, 0x20, 0x40, 0x60, 0x40, 0xE0, 0x40, 0xE0, 0x40, 0xC0, 0x40, 0x80, 0x00, 0x90, 0x00, 0x80, 0x00, 0xA0, 0x80, 0x20, 0x00,
    0x20, 0x00, 0xA0, 0x00, 0x20, 0x40, 0xE0, 0x40, 0xE0, 0xD0, 0xF0, 0x50, 0xF0, 0xD0, 0xF0, 0x70, 0xE0, 0xD0, 0xF0, 0x70, 0xE0, 0xD0, 0xE0, 0x60,
    0x80, 0xE0, 0x45, 0x61, 0xC1, 0xE1, 0xC1, 0x51, 0xF9, 0xD1, 0xB9, 0x31, 0xBB, 0x11, 0x3B, 0x31, 0x3A, 0x50, 0x7A, 0x70, 0xF8, 0xDC, 0xF8, 0x71,
    0xF8, 0xD9, 0xF9, 0x71, 0xF9, 0xD1, 0xFB, 0x71, 0xFB, 0xD1, 0xFB, 0x77, 0xFF, 0xD5, 0xEF, 0x6F, 0xEF, 0xC5, 0xEF, 0x47, 0xFF, 0xDD, 0xFF, 0x77,
    0xFF, 0xDD, 0xFF, 0x77, 0xBF, 0x5D, 0xFF, 0x77, 0xFE, 0xDD, 0xFF, 0x77, 0xFF, 0xDD, 0xFF, 0x75, 0xFF, 0xDD, 0xFB, 0x71, 0xFB, 0xDD, 0xFF, 0x77,
    0xFF, 0x83, 0x00, 0x00, 0x80, 0x84, 0x00, 0x00, 0x08, 0x9E, 0x00, 0x85, 0x01, 0x00, 0x81, 0x81, 0x01, 0x12, 0x03, 0x01, 0x03, 0x01, 0x03, 0x01,
    0x03, 0x01, 0x03, 0x01, 0x02, 0x00, 0x02, 0x00, 0x02, 0x00, 0x02, 0x01, 0x02, 0x82, 0x01, 0x03, 0x03, 0x01, 0x03, 0x01, 0x80, 0x03, 0x04, 0x05,
    0x03, 0x07, 0x07, 0x05, 0x80, 0x07, 0x1B, 0x05, 0x8F, 0x47, 0xCF, 0xCD, 0xAF, 0x57, 0xAF, 0xDD, 0xBB, 0x77, 0xFF, 0xDD, 0xFF, 0x77, 0xFF, 0xDD,
    0xFF, 0x77, 0xEF, 0xCD, 0xEF, 0x67, 0xEF, 0xDD, 0xFF, 0x77, 0xFF, 0x00, 0x8D, 0x00, 0x02, 0x20, 0x00, 0x40, 0x80, 0x00, 0x00, 0x20, 0x81, 0x00,
    0x00, 0x08, 0x83, 0x00, 0x00, 0x10, 0x96, 0x00, 0x00, 0x80, 0x85, 0x00, 0x7F, 0x08, 0x04, 0x08, 0x04, 0x2C, 0x1C, 0x3C, 0x14, 0x3C, 0x5C, 0x38,
    0x50, 0x38, 0x58, 0x38, 0x30, 0x38, 0xD4, 0x7A, 0x74, 0xFE, 0x54, 0x6C, 0x64, 0xEC, 0x44, 0xEA, 0x54, 0xFF, 0xDC, 0xFE, 0x56, 0xFE, 0xDD, 0xBE,
    0x37, 0xBE, 0x1D, 0x3E, 0x76, 0x7E, 0x5C, 0xFE, 0x77, 0xFE, 0xDD, 0xFF, 0x75, 0xFF, 0xDD, 0xFF, 0x75, 0xFB, 0xDD, 0xFF, 0x77, 0xFF, 0xDD, 0xFF,
    0x10, 0xB8, 0x10, 0x30, 0x10, 0x30, 0x10, 0x30, 0x70, 0xF0, 0x50, 0xF0, 0x70, 0xF8, 0x50, 0xE0, 0x60, 0xE0, 0xC0, 0xE0, 0x40, 0xE8, 0xD0, 0xF0,
    0x50, 0xF8, 0xD0, 0xB0, 0x10, 0xA8, 0x00, 0x20, 0x10, 0x68, 0x50, 0xF8, 0x70, 0xF8, 0xD8, 0xF8, 0x70, 0xF8, 0xD8, 0xF8, 0x70, 0xF8, 0xD0, 0xF8,
    0x70, 0xF8, 0xD2, 0xF8, 0x70, 0xE8, 0xC0, 0xE8, 0x40, 0xE8, 0xC0, 0xE8, 0x50, 0xF8, 0xDC, 0xF8, 0x54, 0xBC, 0x9C, 0xBC, 0x34, 0x3A, 0x3C, 0x5C,
    0x7C, 0x74, 0xFC, 0x5C, 0xFC, 0x74, 0xFC, 0xDC, 0xFC, 0x74, 0xF8, 0xD8, 0xF8, 0x70, 0xFA, 0xDC, 0xFA, 0x74, 0xFE, 0xD4, 0xFE, 0x76, 0xEE, 0xC4,
    0xEE, 0xE7, 0xEE, 0xDD, 0xFF, 0x77, 0xFF, 0xDD, 0xFF, 0x77, 0xBF, 0x9D, 0xBF, 0x77, 0xFF, 0xDD, 0xFF, 0x77, 0xFE, 0xDD, 0xFE, 0x75, 0xFE, 0xDD,
    0xFD, 0x75, 0xFF, 0xDD, 0xFF, 0x77, 0xFF, 0xDD, 0xFF, 0x81, 0x00, 0x00, 0x40, 0x81, 0x00, 0x27, 0x80, 0x00, 0x80, 0x00, 0x80, 0x40, 0x80, 0x40,
    0x80, 0x50, 0x80, 0x00, 0x80, 0x40, 0xC0, 0x00, 0x80, 0x00, 0x80, 0x00, 0x80, 0x00, 0x20, 0x00, 0x20, 0x40, 0x20, 0x40, 0xE0, 0x40, 0xE0, 0x40,
    0xE0, 0xC0, 0xE0, 0x40, 0xE0, 0xC1, 0xE1, 0x61, 0x80, 0xE1, 0x00, 0x61, 0x80, 0xE1, 0x49, 0x41, 0xE0, 0x41, 0xE1, 0x41, 0xE1, 0xC1, 0xE3, 0x51,
    0xFB, 0xD1, 0xB3, 0x11, 0xBB, 0x51, 0xB2, 0x71, 0xFA, 0xD9, 0xFB, 0x70, 0xFA, 0xD0, 0xF8, 0x70, 0xE8, 0xD1, 0xF9, 0x71, 0xFB, 0xD1, 0xFB, 0x73,
    0xFB, 0xD5, 0xF3, 0x77, 0xEF, 0x55, 0xEF, 0x77, 0xFF, 0xDD, 0xFF, 0x77, 0xFF, 0xDD, 0xFF, 0x77, 0xFF, 0xDD, 0xFF, 0x77, 0xFF, 0xDD, 0xFF, 0x77,
    0xFF, 0xDD, 0xFF, 0x77, 0xFF, 0xDD, 0xFF, 0x77, 0xEF, 0xDD, 0xFF, 0x77, 0xFF, 0xDD, 0xFF, 0x00, 0x80, 0x83, 0x00, 0x00, 0x20, 0x8F, 0x00, 0x00,
    0x01, 0x8F, 0x00, 0x82, 0x01, 0x10, 0x03, 0x81, 0x03, 0x01, 0x03, 0x01, 0x03, 0x01, 0x03, 0x01, 0x03, 0x01, 0x03, 0x01, 0x03, 0x01, 0x03, 0x80,
    0x01, 0x03, 0x03, 0x01, 0x03, 0x01, 0x80, 0x03, 0x10, 0x01, 0x03, 0x01, 0x03, 0x01, 0x03, 0x01, 0x03, 0x05, 0x03, 0x07, 0x07, 0x05, 0x03, 0x07,
    0x07, 0x05, 0x80, 0x07, 0x1D, 0x05, 0x0F, 0x07, 0x0F, 0x4D, 0x8F, 0x45, 0xDE, 0x4D, 0xED, 0x55, 0xFF, 0xDD, 0xFB, 0x77, 0xFF, 0xD7, 0xFF, 0x77,
    0xFF, 0xD5, 0xE7, 0x67, 0xEF, 0xCD, 0xEF, 0x77, 0xFF, 0xDD, 0xFF, 0x00, 0x8A, 0x00, 0x03, 0x80, 0x00, 0x00, 0x40, 0x80, 0x00, 0x00, 0x04, 0x83,
    0x00, 0x00, 0x04, 0x9C, 0x00, 0x7F, 0x08, 0x00, 0x08, 0x00, 0x08, 0x00, 0x08, 0x10, 0x08, 0x10, 0x38, 0x10, 0x38, 0x5C, 0x38, 0x74, 0x3C, 0x5C,
    0x38, 0x50, 0x78, 0x58, 0x78, 0x70, 0xF8, 0x58, 0xF8, 0x70, 0xF8, 0x50, 0xB2, 0x70, 0xE2, 0x44, 0xE7, 0xE4, 0xEE, 0x5C, 0xFE, 0x56, 0xFE, 0xDC,
    0xBE, 0x16, 0xBE, 0x1C, 0xBE, 0x36, 0xFE, 0x5D, 0xFE, 0x77, 0xFE, 0xDC, 0xFE, 0x76, 0xFE, 0xDC, 0xFE, 0x75, 0xFF, 0xDD, 0xFF, 0x77, 0xFF, 0xDD,
    0xFF, 0x77, 0xFF, 0x50, 0x60, 0x50, 0xE0, 0x50, 0xF0, 0x70, 0xF0, 0xD0, 0xF0, 0x70, 0xF0, 0x50, 0xE0, 0x60, 0xE0, 0x40, 0xE0, 0x40, 0xE0, 0xC0,
    0xE0, 0x40, 0xE8, 0xD0, 0xB8, 0x10, 0x98, 0x10, 0x38, 0x10, 0xB8, 0x50, 0x78, 0x70, 0xF8, 0x50, 0xF8, 0x70, 0xF8, 0xD0, 0xF8, 0x70, 0xF8, 0xD8,
    0xF8, 0x70, 0xF8, 0xD0, 0xF8, 0x70, 0xF0, 0xD0, 0xE0, 0x61, 0xE0, 0xC0, 0xEC, 0x74, 0x44, 0xEC, 0xDC, 0xF8, 0x54, 0xFC, 0xDC, 0xB8, 0x10, 0xB8,
    0xDC, 0xB8, 0x74, 0xFE, 0xDE, 0xFC, 0x74, 0xFC, 0xDC, 0xF8, 0x74, 0xFC, 0xDC, 0xF9, 0x74, 0xFC, 0xDC, 0xF8, 0x74, 0xFA, 0xDC, 0xFA, 0x70, 0xFE,
    0xD4, 0xFE, 0x7F, 0xFE, 0xDD, 0xFE, 0x77, 0xFE, 0xDD, 0xFE, 0x75, 0xFE, 0xDD, 0xFF, 0x75, 0xFF, 0xDD, 0xFF, 0x77, 0xFF, 0xDD, 0xFF, 0x77, 0xFE,
    0xD5, 0xFF, 0x77, 0xFF, 0xDD, 0xFF, 0x77, 0xFF, 0xDD, 0xFF, 0x57, 0xFF, 0x84, 0x00, 0x0C, 0x81, 0x00, 0x80, 0x00, 0xA0, 0x00, 0x80, 0x00, 0x80,
    0x20, 0x00, 0x00, 0x80, 0x80, 0x00, 0x00, 0x80, 0x80, 0x00, 0x17, 0x80, 0x40, 0x00, 0x00, 0x80, 0x00, 0xA0, 0x40, 0xE0, 0x40, 0xE1, 0x40, 0xE0,
    0x40, 0xE0, 0x40, 0xE0, 0xC1, 0xE1, 0x41, 0xE1, 0xC1, 0xE1, 0x41, 0x80, 0x81, 0x4B, 0x01, 0xA3, 0x01, 0xA3, 0x41, 0xE3, 0x41, 0xE3, 0x41, 0xE2,
    0x41, 0xE4, 0x55, 0xF0, 0xD1, 0xF1, 0x71, 0xFB, 0xD1, 0xF3, 0x71, 0xF3, 0xD1, 0xF3, 0x71, 0xE2, 0xD1, 0xE3, 0x61, 0xEB, 0xC5, 0xEB, 0x57, 0xEF,
    0xDD, 0xDB, 0x13, 0x9B, 0x9D, 0xBF, 0x37, 0xFF, 0xDD, 0xFF, 0x77, 0xFF, 0x5D, 0xFE, 0x76, 0xFE, 0xDC, 0xFE, 0x75, 0xFF, 0xDD, 0xFF, 0x77, 0xFF,
    0xDD, 0xFB, 0x73, 0xFB, 0xD5, 0xF7, 0x77, 0xFF, 0xDD, 0xFF, 0x77, 0xFF, 0xDD, 0xFF, 0x57, 0xFF, 0x00, 0x40, 0x8E, 0x00, 0x00, 0x01, 0x8B, 0x00,
    0x00, 0x01, 0x86, 0x00, 0x80, 0x01, 0x09, 0x41, 0x01, 0x03, 0x01, 0x03, 0x01, 0x03, 0x01, 0x03, 0x01, 0x80, 0x03, 0x03, 0x01, 0x02, 0x00, 0x02,
    0x80, 0x00, 0x02, 0x80, 0x00, 0x00, 0x80, 0x01, 0x03, 0x03, 0x01, 0x03, 0x01, 0x80, 0x03, 0x04, 0x01, 0x03, 0x07, 0x07, 0x05, 0x80, 0x07, 0x00,
    0x05, 0x80, 0x07, 0x23, 0x05, 0x07, 0x07, 0x0F, 0x05, 0x0F, 0x07, 0x0F, 0x05, 0x0E, 0x06, 0x0E, 0x46, 0x8E, 0x45, 0xEF, 0xCD, 0xEF, 0x57, 0xEF,
    0xDD, 0xFB, 0x53, 0xFB, 0xD5, 0xBF, 0x57, 0xFF, 0xDD, 0xFF, 0x77, 0xFF, 0xDD, 0xFF, 0x77, 0xFF, 0x00, 0x85, 0x00, 0x06, 0x20, 0x00, 0x00, 0x80,
    0x00, 0x00, 0x02, 0x83, 0x00, 0x00, 0x02, 0xA4, 0x00, 0x7F, 0x08, 0x00, 0x08, 0x00, 0x28, 0x10, 0x38, 0x10, 0x38, 0x18, 0x38, 0x30, 0x38, 0x10,
    0x38, 0x30, 0x78, 0x50, 0x78, 0x70, 0x78, 0x5C, 0x78, 0x50, 0xF8, 0x50, 0xB8, 0x10, 0xB8, 0x14, 0xBA, 0x34, 0xBE, 0x5C, 0xFE, 0x76, 0xFE, 0x5C,
    0x7E, 0x54, 0xFE, 0x5C, 0xFE, 0x74, 0xFE, 0xDC, 0xFE, 0x77, 0xFE, 0xDD, 0xFE, 0x76, 0xFE, 0xD4, 0xFE, 0x77, 0xFF, 0xDD, 0xFF, 0x77, 0xFF, 0xDD,
    0xFF, 0x57, 0xFF, 0xDD, 0xFF, 0x60, 0xE0, 0x40, 0xE0, 0x70, 0xE0, 0xD0, 0xF0, 0x70, 0xF1, 0xD0, 0xA0, 0x50, 0xA0, 0x40, 0xA0, 0x40, 0xE0, 0x40,
    0xE0, 0xC0, 0xE8, 0x50, 0xE8, 0x40, 0x88, 0x50, 0xB8, 0x10, 0xB8, 0x50, 0xB8, 0x70, 0xF8, 0x50, 0xF8, 0x70, 0xF8, 0x50, 0xF0, 0x70, 0xF8, 0xD0,
    0xF8, 0x70, 0xF8, 0xD0, 0xF8, 0x50, 0xFA, 0xD0, 0xB0, 0x14, 0xBC, 0xD0, 0xB8, 0x70, 0xF8, 0x5C, 0xF8, 0x74, 0x43, 0xFC, 0x5C, 0xF8, 0x74, 0xFD,
    0xDD, 0xF8, 0x74, 0xF8, 0xDC, 0xF8, 0x70, 0xF8, 0xD0, 0xF8, 0x70, 0xF8, 0xD4, 0xF8, 0x74, 0xFC, 0xDC, 0xFC, 0x74, 0xEC, 0xDC, 0xFE, 0x54, 0xDE,
    0xDC, 0xBE, 0x37, 0xFE, 0xDD, 0xFE, 0x77, 0xFE, 0x5D, 0x7E, 0x76, 0xFE, 0x5C, 0xFE, 0x74, 0xFE, 0xDD, 0xFF, 0x75, 0xFF, 0xDD, 0xFB, 0xF3, 0xFB,
    0xD1, 0xFB, 0x77, 0xFF, 0xD5, 0xFF, 0x77, 0xFF, 0xDD, 0xFF, 0x77, 0xEF, 0xDD, 0xFF, 0x04, 0x81, 0x00, 0x08, 0x80, 0x40, 0x80, 0x00, 0xA0, 0x00,
    0x90, 0x00, 0x80, 0x80, 0x00, 0x03, 0x80, 0x00, 0x00, 0x20, 0x85, 0x00, 0x13, 0x80, 0x40, 0xA0, 0x41, 0xE0, 0xC0, 0xA0, 0x40, 0xE0, 0x40, 0xE0,
    0x40, 0xE0, 0xC0, 0xE0, 0x41, 0xE1, 0xC1, 0xC1, 0x41, 0x80, 0xC1, 0x4B, 0x01, 0xC1, 0x81, 0xA3, 0x01, 0xA3, 0x59, 0xAB, 0x71, 0x62, 0x40, 0x60,
    0x60, 0xE0, 0xD0, 0xF0, 0x71, 0xF1, 0xD1, 0xF1, 0x71, 0xF1, 0xD9, 0xF3, 0x71, 0xE3, 0xD1, 0xE3, 0x73, 0xE3, 0xF5, 0xE3, 0x67, 0xEF, 0xC5, 0xEF,
    0x47, 0xCF, 0xDD, 0xFF, 0x57, 0xFF, 0xDD, 0xFF, 0x77, 0xFF, 0xDD, 0xFF, 0x77, 0xFE, 0xDC, 0xFE, 0x7E, 0xFF, 0xDD, 0xFF, 0x75, 0xFF, 0xDD, 0xFB,
    0x73, 0xFB, 0xD9, 0xFB, 0x77, 0xFF, 0xDD, 0xFF, 0x77, 0xFF, 0xDD, 0xFF, 0x77, 0xFF, 0x5D, 0xFF, 0x8A, 0x00, 0x00, 0x01, 0x93, 0x00, 0x03, 0x01,
    0x00, 0x01, 0x00, 0x80, 0x01, 0x23, 0x43, 0x01, 0x03, 0x01, 0x03, 0x01, 0x03, 0x01, 0x03, 0x01, 0x03, 0x01, 0x03, 0x01, 0x03, 0x01, 0x03, 0x01,
    0x02, 0x80, 0x02, 0x00, 0x02, 0x00, 0x02, 0x01, 0x03, 0x01, 0x03, 0x01, 0x03, 0x01, 0x03, 0x01, 0x03, 0x01, 0x80, 0x03, 0x00, 0x05, 0x80, 0x07,
    0x00, 0x05, 0x80, 0x07, 0x25, 0x05, 0x07, 0x07, 0x0F, 0x05, 0x0F, 0x07, 0x0F, 0x05, 0x0B, 0x03, 0x8B, 0x05, 0x83, 0x07, 0xCF, 0xC5, 0xEF, 0x47,
    0xEF, 0xCD, 0xEF, 0x47, 0xCF, 0xCD, 0x8F, 0x57, 0xFF, 0xDD, 0xBF, 0x77, 0xFF, 0xDD, 0xFF, 0x77, 0xFF, 0x5D, 0xFF, 0x00, 0x81, 0x00, 0x00, 0x20,
    0x80, 0x00, 0x00, 0x02, 0x82, 0x00, 0x00, 0x01, 0xA9, 0x00, 0x7F, 0x08, 0x00, 0x08, 0x00, 0x08, 0x18, 0x38, 0x10, 0x38, 0x18, 0x38, 0x10, 0x38,
    0x10, 0x38, 0x50, 0x38, 0x50, 0x30, 0x70, 0x78, 0x54, 0x28, 0x44, 0x6C, 0x44, 0x08, 0x04, 0x0C, 0x1C, 0x1E, 0x14, 0xBE, 0x1C, 0x3E, 0x36, 0x3E,
    0x1C, 0x3E, 0x36, 0x7E, 0x5C, 0x7E, 0x74, 0xFE, 0xDC, 0xFE, 0x74, 0xFE, 0xDC, 0xF8, 0x71, 0xFB, 0xD9, 0xFB, 0x77, 0xFF, 0xDD, 0xFF, 0x77, 0xFF,
    0xDD, 0xEF, 0x67, 0xEF, 0xCD, 0xFF, 0x57, 0xFF, 0x50, 0xE0, 0x70, 0xE0, 0x41, 0xE0, 0x40, 0xE0, 0xC0, 0xC0, 0x40, 0x80, 0xC0, 0x80, 0x14, 0xB8,
    0x10, 0xB0, 0x30, 0xB8, 0x10, 0x20, 0x10, 0x28, 0x50, 0x78, 0x70, 0xF8, 0xD8, 0xF8, 0x70, 0xF8, 0xD8, 0xF8, 0x70, 0xF8, 0xD0, 0xF0, 0x70, 0xF0,
    0xD0, 0xF0, 0x74, 0xE8, 0xC0, 0xE8, 0x40, 0xE8, 0xC0, 0xC8, 0x50, 0xD8, 0xD8, 0xB8, 0x70, 0xB8, 0xDC, 0xB9, 0x35, 0x4C, 0x38, 0x5C, 0x78, 0x74,
    0xFC, 0x5C, 0xFC, 0x74, 0xFC, 0xDC, 0xF8, 0x70, 0xF8, 0xD8, 0xF8, 0x70, 0xF8, 0xD8, 0xF8, 0x74, 0xFE, 0xD4, 0xFE, 0x74, 0xEE, 0xCC, 0xEE, 0x44,
    0xEE, 0xDC, 0xFE, 0x74, 0xFE, 0xDC, 0xFE, 0x77, 0xFE, 0xDC, 0xFE, 0xF6, 0xFE, 0xDC, 0xFE, 0x76, 0xFE, 0xDC, 0xFE, 0x75, 0xFE, 0xDD, 0xFF, 0x75,
    0xFB, 0xDD, 0xFB, 0x77, 0xFF, 0xDD, 0xFF, 0x77, 0xFF, 0xDD, 0xFF, 0x77, 0xFF, 0x5D, 0xFF, 0x77, 0xFF, 0x80, 0x00, 0x10, 0x80, 0x08, 0x80, 0x00,
    0x80, 0x80, 0x00, 0x04, 0x88, 0x01, 0x00, 0x00, 0x80, 0x84, 0x00, 0x68, 0x20, 0x00, 0x20, 0x40, 0xE0, 0x40, 0xE0, 0x40, 0xE0, 0xC0, 0xE0, 0x40,
    0xC0, 0xC0, 0xA0, 0x41, 0xE1, 0xC1, 0xA1, 0x61, 0xE1, 0x61, 0xA1, 0x61, 0x80, 0x41, 0x88, 0x41, 0xC1, 0xC1, 0xE1, 0xD1, 0xF1, 0xD1, 0xB1, 0x31,
    0xB0, 0x70, 0xB0, 0x70, 0xF0, 0xD0, 0xF0, 0x71, 0xF0, 0xD5, 0xE1, 0x61, 0xE1, 0xC1, 0xE1, 0x41, 0xEB, 0xD1, 0xF3, 0x53, 0xFB, 0xD1, 0xBB, 0x73,
    0xBB, 0x55, 0x2F, 0x77, 0xFF, 0x5D, 0xFF, 0x77, 0xFF, 0xDD, 0xFF, 0x75, 0xFF, 0xDD, 0xFB, 0x71, 0xFB, 0xD9, 0xFB, 0x77, 0xFF, 0xD5, 0xFF, 0x77,
    0xFF, 0xD5, 0xEF, 0x6F, 0xEF, 0xCD, 0xFF, 0x57, 0xFF, 0xDD, 0xFF, 0x77, 0xFF, 0xDD, 0xBF, 0x3F, 0xBF, 0x5D, 0x7F, 0x77, 0xFF, 0xA1, 0x00, 0x02,
    0x01, 0x01, 0x21, 0x83, 0x01, 0x04, 0x03, 0x01, 0x02, 0x00, 0x02, 0x80, 0x00, 0x17, 0x02, 0x01, 0x00, 0x41, 0x00, 0x01, 0x00, 0x01, 0x00, 0x01,
    0x03, 0x01, 0x03, 0x01, 0x03, 0x01, 0x03, 0x01, 0x03, 0x01, 0x03, 0x01, 0x03, 0x01, 0x80, 0x03, 0x00, 0x05, 0x80, 0x03, 0x2B, 0x05, 0x03, 0x07,
    0x07, 0x05, 0x06, 0x07, 0x06, 0x05, 0x07, 0x05, 0x0F, 0x05, 0x01, 0x01, 0x89, 0x01, 0x83, 0x03, 0x8B, 0xC5, 0x87, 0x47, 0xEF, 0xC5, 0xA7, 0x47,
    0xEF, 0x4D, 0xEF, 0x47, 0xEF, 0xDD, 0xFF, 0x57, 0xFF, 0xDD, 0xBF, 0x77, 0xFF, 0xDD, 0xFF, 0x77, 0xFF, 0x00, 0x00, 0x20, 0xB9, 0x00, 0x7F, 0x08,
    0x00, 0x08, 0x10, 0x08, 0x10, 0x08, 0x30, 0x48, 0x30, 0x08, 0x30, 0x38, 0x10, 0x38, 0x10, 0x38, 0x10, 0x20, 0x00, 0x24, 0x04, 0x26, 0x04, 0x0E,
    0x0C, 0x2E, 0x14, 0x3E, 0x5C, 0x3E, 0x14, 0x3E, 0x1C, 0x3E, 0x3C, 0x3E, 0x5C, 0x7E, 0x76, 0xFE, 0x5C, 0xFE, 0x74, 0xFE, 0xDC, 0xFC, 0x74, 0xFC,
    0xDD, 0xFB, 0x77, 0xFF, 0xDD, 0xFF, 0x77, 0xFF, 0xDD, 0xFF, 0x77, 0xFF, 0x5D, 0xFF, 0x77, 0xFF, 0xDD, 0xFF, 0x70, 0xE0, 0x50, 0x60, 0x60, 0xE0,
    0x40, 0x22, 0x40, 0xC0, 0x40, 0x88, 0x40, 0x88, 0x50, 0xB8, 0x10, 0xB8, 0x10, 0x38, 0x10, 0x38, 0x10, 0x38, 0x70, 0xF8, 0x58, 0xF8, 0x70, 0xF8,
    0xD8, 0xF8, 0x70, 0xF8, 0xD0, 0xF8, 0x70, 0xF8, 0xD4, 0xF8, 0x70, 0xF8, 0xD0, 0xE0, 0x60, 0xE8, 0x44, 0xE8, 0x44, 0xEC, 0xDC, 0xFC, 0x54, 0xFC,
    0xDC, 0xB8, 0x74, 0xB8, 0x5C, 0xB8, 0x70, 0x46, 0xF8, 0xDC, 0xFC, 0x74, 0xFC, 0xDC, 0xFC, 0x74, 0xF8, 0xDC, 0xEA, 0x70, 0xF8, 0xDC, 0xFA, 0x74,
    0xFE, 0xDC, 0xFE, 0x76, 0xBE, 0x54, 0xBE, 0x76, 0xFE, 0x5C, 0xFE, 0x76, 0xFE, 0xDC, 0xFE, 0xF4, 0xFE, 0xDC, 0xFE, 0x74, 0xFE, 0xDE, 0xFE, 0x77,
    0xFF, 0xDF, 0xFF, 0xF7, 0xFE, 0xD5, 0xFF, 0x77, 0xEF, 0xCD, 0xEF, 0x77, 0xFF, 0xDD, 0xFF, 0x77, 0xFF, 0xDD, 0xBF, 0x37, 0xBF, 0x1D, 0xBF, 0x77,
    0xFF, 0xDD, 0xFF, 0x00, 0x80, 0x00, 0x04, 0x80, 0x00, 0x00, 0x01, 0x85, 0x00, 0x01, 0x08, 0x80, 0x80, 0x00, 0x6A, 0x20, 0x00, 0x20, 0x00, 0xE0,
    0x40, 0xE0, 0x60, 0xE0, 0x40, 0xE0, 0x40, 0xE0, 0xC0, 0xC0, 0x40, 0xC0, 0xC0, 0xA0, 0x41, 0xA0, 0x89, 0xA0, 0x00, 0xA0, 0x00, 0x20, 0x00, 0x60,
    0x40, 0xE0, 0x70, 0xF0, 0x70, 0xF0, 0x70, 0xF0, 0xD0, 0xF0, 0x71, 0xF0, 0xD3, 0xF1, 0x71, 0xF1, 0xD1, 0xF1, 0x71, 0xE0, 0xC1, 0xE1, 0x41, 0xE9,
    0xC1, 0xEB, 0x51, 0xFB, 0xD9, 0xFB, 0x13, 0xBB, 0x9D, 0xBB, 0x37, 0xBF, 0x5D, 0xFF, 0x77, 0xFF, 0xDD, 0xFE, 0x75, 0xFE, 0xDC, 0xF8, 0x71, 0xFD,
    0xD9, 0xFF, 0x71, 0xFB, 0xDD, 0xFB, 0x77, 0xFF, 0xD5, 0xF7, 0x77, 0xEF, 0xC5, 0xEF, 0x77, 0xFF, 0xDD, 0xFF, 0x77, 0xFF, 0xDD, 0xFF, 0x77, 0xBF,
    0xDD, 0xFF, 0x77, 0xFF, 0xDD, 0xFF, 0x9F, 0x00, 0x03, 0x10, 0x00, 0x01, 0x00, 0x84, 0x01, 0x02, 0x00, 0x01, 0x02, 0x80, 0x00, 0x00, 0x20, 0x85,
    0x00, 0x82, 0x01, 0x05, 0x03, 0x01, 0x03, 0x01, 0x03, 0x01, 0x80, 0x03, 0x00, 0x01, 0x80, 0x03, 0x00, 0x01, 0x80, 0x03, 0x00, 0x01, 0x80, 0x03,
    0x00, 0x01, 0x80, 0x03, 0x25, 0x05, 0x03, 0x07, 0x06, 0x04, 0x02, 0x01, 0x81, 0x45, 0x83, 0x47, 0xCF, 0xC5, 0x8B, 0x07, 0x8F, 0x85, 0x87, 0x07,
    0xAF, 0x05, 0xAF, 0x77, 0xFF, 0x5D, 0xFF, 0x77, 0xFF, 0xDD, 0xFF, 0x77, 0xFF, 0xDD, 0xFF, 0x77, 0xFF, 0xDD, 0xFF, 0x00, 0xB9, 0x00, 0x02, 0x80,
    0x00, 0x08, 0x84, 0x00, 0x7F, 0x08, 0x00, 0x08, 0x00, 0x48, 0x00, 0x48, 0x00, 0x48, 0x08, 0x02, 0x04, 0x0E, 0x14, 0x2E, 0x16, 0x3E, 0x3C, 0x3E,
    0x14, 0x3E, 0x1C, 0x3E, 0x14, 0x3C, 0x1C, 0xBE, 0x75, 0xFE, 0x5D, 0xFA, 0x77, 0xFE, 0x54, 0xF2, 0x76, 0xEE, 0xD5, 0xEF, 0x77, 0xEF, 0xDD, 0xFF,
    0x57, 0xFF, 0xDD, 0xBF, 0x17, 0xBF, 0x9D, 0xBF, 0x37, 0xFF, 0xDD, 0xFF, 0x77, 0xFF, 0xDD, 0x20, 0x10, 0x20, 0x00, 0x20, 0x00, 0x20, 0x00, 0x20,
    0x00, 0x28, 0x50, 0x28, 0x10, 0x38, 0x18, 0x38, 0x10, 0x38, 0x18, 0x38, 0x30, 0x38, 0x58, 0x78, 0x70, 0x78, 0x50, 0x70, 0x70, 0xE8, 0x44, 0xE8,
    0x60, 0xE8, 0xD8, 0xF8, 0x50, 0xF8, 0xD8, 0xB8, 0x10, 0xB8, 0x14, 0x38, 0x34, 0x3C, 0x5C, 0x7C, 0x74, 0xFC, 0x5C, 0x7C, 0x74, 0xFC, 0x5C, 0xF8,
    0x74, 0xF8, 0xDC, 0xF8, 0x70, 0xF8, 0xDC, 0xFA, 0x70, 0xFA, 0xD6, 0xE2, 0x74, 0x3A, 0xEE, 0xC4, 0xEE, 0x74, 0xFE, 0xDC, 0xFE, 0x56, 0xDE, 0xDC,
    0xBE, 0x16, 0xBE, 0x1C, 0xBE, 0x76, 0xFE, 0x5C, 0xFE, 0x76, 0xFE, 0x5C, 0xFE, 0x74, 0xFC, 0xDC, 0xFE, 0x75, 0xFF, 0xDD, 0xFF, 0x77, 0xFB, 0xD5,
    0xFB, 0x77, 0xFF, 0xD5, 0xFF, 0x77, 0xFF, 0xDD, 0xFF, 0x77, 0xFF, 0xDD, 0xFF, 0x57, 0xFF, 0xDD, 0xFF, 0x77, 0xFF, 0xDD, 0xFF, 0x77, 0xFF, 0xDD,
    0x02, 0x84, 0x00, 0x80, 0x20, 0x74, 0x00, 0x20, 0x00, 0x20, 0x40, 0x20, 0x40, 0x60, 0x40, 0xA0, 0x50, 0xE0, 0x50, 0xE0, 0x70, 0xE0, 0x40, 0xA0,
    0x40, 0xE0, 0x40, 0xE0, 0x44, 0xE0, 0x40, 0xE0, 0x40, 0xC0, 0x40, 0x80, 0x00, 0x88, 0x10, 0xB0, 0x30, 0xB8, 0x70, 0xB8, 0x70, 0xF8, 0x50, 0x78,
    0x70, 0xF8, 0x50, 0xF9, 0x70, 0xF8, 0xD0, 0xF8, 0x70, 0xF8, 0xD1, 0xF8, 0x71, 0xF0, 0xD1, 0xA0, 0x71, 0xF1, 0xD5, 0xEB, 0x75, 0xEF, 0xDD, 0xFF,
    0x55, 0xFF, 0xDD, 0xFF, 0x55, 0xFF, 0xDD, 0xFF, 0x75, 0xFF, 0xDD, 0xFF, 0x75, 0xFE, 0xDC, 0xFE, 0x74, 0xFE, 0xDC, 0xFF, 0x75, 0xFF, 0xDD, 0xFF,
    0x77, 0xFF, 0xDD, 0xFB, 0x57, 0xFF, 0xDD, 0xBF, 0x77, 0xFF, 0xDD, 0xFF, 0x77, 0xFF, 0x5D, 0xFF, 0xF7, 0xFF, 0xDD, 0xFF, 0x7F, 0xFF, 0xDD, 0xFF,
    0x77, 0xFF, 0xDD, 0x9A, 0x00, 0x00, 0x08, 0x86, 0x00, 0x00, 0x04, 0x82, 0x00, 0x00, 0x10, 0x8B, 0x00, 0x87, 0x01, 0x39, 0x03, 0x01, 0x03, 0x01,
    0x03, 0x01, 0x03, 0x01, 0x02, 0x00, 0x02, 0x00, 0x00, 0x01, 0x03, 0x01, 0x03, 0x01, 0x03, 0x01, 0x83, 0x01, 0x03, 0x01, 0x83, 0x41, 0x83, 0x43,
    0xE7, 0xC5, 0xE7, 0x47, 0xC7, 0xC5, 0x87, 0x07, 0x8F, 0x85, 0xBF, 0x17, 0xBF, 0xDD, 0xFF, 0x77, 0xFF, 0x5D, 0xFE, 0x76, 0xFE, 0xDC, 0xFE, 0x75,
    0xFF, 0xDD, 0xFF, 0x77, 0xFF, 0xDD, 0x00, 0xC1, 0x00, 0x5F, 0x20, 0x00, 0x20, 0x00, 0x20, 0x08, 0x04, 0x08, 0x00, 0x08, 0x04, 0x4A, 0x44, 0x0E,
    0x1C, 0x1E, 0x16, 0x1E, 0x1C, 0x1E, 0x14, 0x0E, 0x1C, 0x3E, 0x14, 0xBC, 0x1C, 0xBE, 0x14, 0xBE, 0xDD, 0xBB, 0x51, 0xBB, 0xF1, 0xB3, 0x33, 0xBF,
    0xD5, 0xFF, 0x77, 0xFF, 0xDD, 0xFF, 0x77, 0xEF, 0xDD, 0xFF, 0x57, 0xFF, 0xDD, 0xFF, 0x77, 0xFF, 0xDD, 0xFF, 0x77, 0xFF, 0xDD, 0xFF, 0x00, 0x08,
    0x00, 0x00, 0x10, 0x08, 0x12, 0x38, 0x10, 0x38, 0x14, 0x38, 0x14, 0x28, 0x1C, 0x28, 0x10, 0x38, 0x1C, 0x38, 0x30, 0x38, 0x58, 0x38, 0x30, 0x38,
    0x10, 0x30, 0x30, 0x20, 0x40, 0x20, 0x64, 0x6C, 0x44, 0x6C, 0x80, 0x4C, 0x58, 0x0C, 0x14, 0x1C, 0x1C, 0x3E, 0x14, 0x3E, 0x1C, 0x3E, 0x34, 0x3E,
    0x5C, 0x3E, 0x74, 0x7D, 0x5C, 0x7C, 0x74, 0xFC, 0xDC, 0xFC, 0x74, 0xF8, 0xD8, 0xFA, 0x70, 0xFA, 0xD0, 0xF2, 0x76, 0xFE, 0xD4, 0xFE, 0x76, 0xFE,
    0x5C, 0xEE, 0x56, 0xEE, 0x5C, 0xFE, 0x57, 0xFE, 0xDD, 0xFF, 0x77, 0xFF, 0xDD, 0xFE, 0x76, 0xFE, 0x5C, 0xFE, 0x74, 0xFE, 0xDC, 0xFE, 0x77, 0xFF,
    0xDD, 0xFF, 0x77, 0xFF, 0xDF, 0xFB, 0x57, 0xFF, 0xDD, 0xFF, 0x77, 0xFF, 0xDD, 0xFF, 0x77, 0xFF, 0xDD, 0xFF, 0x77, 0xFF, 0xDD, 0xFF, 0x77, 0xFF,
    0xDD, 0xFF, 0x77, 0xFF, 0xDD, 0xFB, 0x84, 0x00, 0x78, 0x20, 0x10, 0x30, 0x10, 0x30, 0x30, 0x20, 0x40, 0x20, 0x60, 0x60, 0x40, 0x60, 0x70, 0xE8,
    0x50, 0xE0, 0x50, 0xE0, 0x41, 0xA0, 0x00, 0xA0, 0x00, 0x20, 0x10, 0xE0, 0x40, 0x20, 0x40, 0x68, 0x40, 0x28, 0x00, 0xA8, 0x58, 0xB8, 0x50, 0xF8,
    0x58, 0xF8, 0x70, 0xF8, 0x50, 0xF8, 0x70, 0xF8, 0x50, 0xF8, 0x70, 0xF8, 0xD0, 0xF8, 0x70, 0xE8, 0xD8, 0xE8, 0x50, 0xC8, 0xD0, 0xB8, 0x10, 0xBA,
    0xDD, 0xBE, 0x75, 0xFE, 0x5C, 0x7E, 0x74, 0x7E, 0x5D, 0xFE, 0x74, 0xFC, 0xDC, 0xFE, 0x75, 0xFF, 0xDD, 0xFB, 0x71, 0xFB, 0xD1, 0xFA, 0x71, 0xFF,
    0xDD, 0xFF, 0x77, 0xFF, 0xDD, 0xEF, 0x77, 0xEF, 0xCD, 0xCF, 0x57, 0xDF, 0xDD, 0xFF, 0x77, 0xFF, 0xDD, 0xFF, 0x77, 0xFF, 0x7D, 0x7E, 0x76, 0xFE,
    0xDC, 0xFE, 0x77, 0xFF, 0xDD, 0xFF, 0x75, 0xFF, 0xDD, 0xFB, 0x96, 0x00, 0x00, 0x08, 0x84, 0x00, 0x00, 0x04, 0x83, 0x00, 0x00, 0x08, 0x8A, 0x00,
    0x00, 0x01, 0x84, 0x00, 0x03, 0x01, 0x00, 0x01, 0x00, 0x86, 0x01, 0x86, 0x00, 0x2B, 0x01, 0x81, 0x41, 0x81, 0x01, 0x81, 0x41, 0x83, 0x01, 0xA3,
    0x41, 0xA3, 0x43, 0xE3, 0x41, 0xE3, 0x47, 0xE7, 0x45, 0x87, 0x47, 0xCF, 0xDD, 0xFF, 0x57, 0xFF, 0xDD, 0xFF, 0x77, 0xFF, 0xDD, 0xFF, 0x77, 0xFE,
    0xDD, 0xFF, 0x77, 0xFF, 0xDD, 0xFF, 0x77, 0xFF, 0xDD, 0xFF, 0x00, 0xB7, 0x00, 0x00, 0x80, 0x88, 0x00, 0x7F, 0x80, 0x80, 0x10, 0x00, 0x00, 0x04,
    0x00, 0x04, 0x4C, 0x04, 0x4A, 0x04, 0xCE, 0x04, 0x0A, 0x00, 0x8A, 0x00, 0x0A, 0x00, 0x8A, 0x04, 0x8E, 0x04, 0x8E, 0xC4, 0xCE, 0x45, 0xCE, 0xC5,
    0x8B, 0x01, 0x8B, 0xDD, 0x9F, 0x17, 0xBF, 0xDD, 0xBF, 0x17, 0xBF, 0x1D, 0x3F, 0x77, 0xFF, 0x5D, 0xFF, 0x77, 0xFF, 0xDD, 0xFF, 0x77, 0xFF, 0xDD,
    0xFF, 0x77, 0xFB, 0xDD, 0x08, 0x00, 0x08, 0x0C, 0x08, 0x14, 0x18, 0x1C, 0x18, 0x10, 0x18, 0x14, 0x38, 0x10, 0x38, 0x14, 0x38, 0x94, 0x3C, 0x1C,
    0x2A, 0x10, 0x28, 0x00, 0x08, 0x10, 0x88, 0x10, 0x3A, 0x10, 0x3E, 0x14, 0x3E, 0x1E, 0x2E, 0x04, 0x2E, 0x04, 0x0E, 0x0C, 0x3E, 0x14, 0x3E, 0x5C,
    0x3E, 0x14, 0x3E, 0x1C, 0x3A, 0x30, 0x3A, 0x14, 0x3A, 0x74, 0x7E, 0x5C, 0x7E, 0x74, 0x7E, 0x5C, 0x6E, 0x44, 0xEE, 0x4D, 0x0B, 0x57, 0xBF, 0x5D,
    0xBF, 0x37, 0x7F, 0xBF, 0x1D, 0x3F, 0x37, 0x3E, 0x1C, 0x3E, 0x76, 0x7E, 0x5C, 0xFE, 0x77, 0xFF, 0xDD, 0xFF, 0x75, 0xFF, 0xDD, 0xFB, 0x71, 0xFB,
    0xDD, 0xFF, 0x77, 0xFF, 0xD5, 0xFF, 0x77, 0xEF, 0xCD, 0xEF, 0x47, 0xEF, 0xDD, 0xFF, 0x57, 0xFF, 0xDD, 0xFF, 0x77, 0xBF, 0x1D, 0xBF, 0x77, 0xFF,
    0x5D, 0xFF, 0x77, 0xFF, 0xDD, 0xFF, 0x77, 0xFF, 0xDD, 0xFF, 0x75, 0xFB, 0xDD, 0x00, 0x00, 0x08, 0x00, 0x28, 0x10, 0x38, 0x10, 0x38, 0x10, 0x38,
    0x10, 0x30, 0x10, 0x30, 0x10, 0x30, 0x70, 0x68, 0x50, 0x60, 0x40, 0x68, 0x40, 0x00, 0x00, 0x08, 0x00, 0x08, 0x10, 0x38, 0x18, 0x38, 0x10, 0x38,
    0x14, 0x38, 0x34, 0x3C, 0x5C, 0x3C, 0x74, 0x7C, 0x5C, 0x7C, 0x74, 0xF8, 0x58, 0xF8, 0x70, 0xF8, 0x50, 0xF8, 0x78, 0xF8, 0x54, 0xFA, 0x74, 0xFE,
    0x45, 0xEE, 0x44, 0xEE, 0x4C, 0xEE, 0x54, 0xFE, 0xDC, 0xFE, 0x56, 0x39, 0xBE, 0x5C, 0xBE, 0x36, 0xBE, 0x5C, 0x3E, 0x76, 0xFE, 0x5E, 0xFE, 0x74,
    0xFE, 0xDC, 0xFE, 0x74, 0xFC, 0xDD, 0xFD, 0x71, 0xFB, 0xDD, 0xFB, 0x77, 0xFF, 0xDD, 0xFF, 0x77, 0xFF, 0xD5, 0xEF, 0x77, 0xEF, 0xDD, 0xFF, 0x77,
    0xFF, 0xDD, 0xFF, 0x77, 0xFF, 0xFD, 0xFF, 0x77, 0xFF, 0xDD, 0xFF, 0x77, 0xFF, 0xDD, 0xFF, 0x77, 0xFF, 0xDD, 0xFF, 0x75, 0xFF, 0xDD, 0x95, 0x00,
    0x00, 0x02, 0x91, 0x00, 0x00, 0x02, 0x85, 0x00, 0x00, 0x01, 0x94, 0x00, 0x31, 0x20, 0x00, 0x20, 0x40, 0x60, 0x40, 0x60, 0x40, 0xE0, 0x41, 0xE1,
    0x41, 0xC1, 0xC1, 0xE1, 0x51, 0xE3, 0xD1, 0xB3, 0x13, 0xA3, 0x11, 0x23, 0x33, 0x3F, 0x55, 0xFF, 0x77, 0xFF, 0xDD, 0xFF, 0x75, 0xFF, 0xDD, 0xFB,
    0x71, 0xFB, 0xD9, 0xFB, 0x77, 0xFF, 0xDD, 0xFF, 0x77, 0xFF, 0xD5, 0xEF, 0x67, 0xEF, 0xCD, 0x00, 0xAF, 0x00, 0x00, 0x80, 0x88, 0x00, 0x80, 0x80,
    0x12, 0x00, 0x80, 0x00, 0x80, 0x10, 0x00, 0x00, 0x40, 0x00, 0x40, 0x00, 0x40, 0x00, 0x10, 0x00, 0x80, 0x00, 0x80, 0x00, 0x80, 0x80, 0x7F, 0x00,
    0x80, 0x80, 0x82, 0x01, 0x82, 0xC5, 0x82, 0x45, 0xC6, 0xC5, 0xC6, 0x45, 0xCF, 0xC5, 0xCF, 0x47, 0xCF, 0xDD, 0x9F, 0x17, 0x9F, 0x9D, 0xBF, 0x17,
    0xBF, 0x5D, 0xFF, 0x77, 0xFF, 0xDD, 0xFF, 0x77, 0xFE, 0xDD, 0xFD, 0x75, 0xFD, 0xDD, 0xFB, 0x77, 0x0C, 0x04, 0x0C, 0x04, 0x0C, 0x0C, 0x08, 0x00,
    0x08, 0x00, 0x48, 0x10, 0x08, 0x10, 0x0A, 0x11, 0x0A, 0x04, 0x02, 0x00, 0x08, 0x84, 0x20, 0x00, 0x08, 0x04, 0x0A, 0x04, 0x0E, 0x1C, 0x0E, 0x16,
    0x0E, 0x14, 0x0E, 0x16, 0x0E, 0x1C, 0x7E, 0x36, 0x3E, 0x1C, 0x3E, 0x14, 0x3E, 0x1C, 0x38, 0x10, 0x38, 0x18, 0x3A, 0x11, 0x3A, 0x15, 0x3B, 0x37,
    0x3E, 0x15, 0x26, 0x07, 0x2E, 0x05, 0x2F, 0x07, 0x0F, 0x1D, 0x3F, 0x17, 0x3F, 0x1D, 0x3F, 0x17, 0x3F, 0x1D, 0x3F, 0x37, 0x3E, 0x5D, 0x7E, 0x77,
    0xFE, 0x5C, 0xFE, 0x74, 0xFC, 0xDD, 0xF9, 0x7F, 0x75, 0xFB, 0xFD, 0xFB, 0x77, 0xFF, 0xDD, 0xFF, 0x77, 0xFF, 0x55, 0xEF, 0x77, 0xEF, 0xDD, 0xFF,
    0x77, 0xFF, 0xDD, 0xFF, 0x77, 0xFF, 0xDD, 0xBF, 0x77, 0xFF, 0xDD, 0xFF, 0x77, 0xFF, 0xDD, 0xFF, 0x77, 0xFF, 0xDD, 0xFF, 0x75, 0xFF, 0xDD, 0xFF,
    0x77, 0x28, 0x10, 0x38, 0x10, 0x38, 0x1C, 0x38, 0x10, 0x38, 0x10, 0x38, 0x10, 0x38, 0x10, 0x38, 0x10, 0x38, 0x10, 0x20, 0x10, 0x20, 0x00, 0x20,
    0x00, 0x0C, 0x04, 0x0C, 0x04, 0x0C, 0x1C, 0x3C, 0x14, 0x1C, 0x1C, 0x38, 0x14, 0x3C, 0x1C, 0x3E, 0x34, 0x3E, 0x7C, 0x7E, 0x74, 0x7C, 0x7C, 0x78,
    0x70, 0x78, 0x58, 0x78, 0x70, 0xFA, 0x5C, 0x7B, 0x76, 0xFE, 0x54, 0x36, 0x16, 0x2E, 0x44, 0x2E, 0x76, 0x7E, 0x5C, 0x7E, 0x77, 0xFE, 0x5C, 0xBE,
    0x54, 0xBE, 0x5D, 0xBE, 0x77, 0xFE, 0x5D, 0xFE, 0x77, 0xFE, 0xDC, 0xFE, 0x76, 0xFE, 0xD4, 0xEE, 0x28, 0x75, 0xFF, 0xDD, 0xFF, 0x77, 0xFF, 0xDD,
    0xFF, 0x57, 0xBF, 0x9D, 0xBF, 0x37, 0xFF, 0x5D, 0xFF, 0x77, 0xFF, 0xDD, 0xFF, 0x77, 0xFF, 0xDD, 0xFF, 0x77, 0xFF, 0xDF, 0xFF, 0xF7, 0xFF, 0xDD,
    0xFF, 0x77, 0xFF, 0xD5, 0xFF, 0x77, 0xEF, 0xCD, 0xEF, 0x77, 0x8F, 0x00, 0x00, 0x01, 0x8F, 0x00, 0x00, 0x08, 0x86, 0x00, 0x00, 0x01, 0x99, 0x00,
    0x33, 0x20, 0x00, 0x20, 0x10, 0x20, 0x40, 0x20, 0x40, 0x20, 0x40, 0x20, 0x40, 0xE0, 0x41, 0xE9, 0x41, 0xE9, 0x51, 0x99, 0x11, 0x99, 0x19, 0xBB,
    0x31, 0xBB, 0x5D, 0xBF, 0x77, 0xFF, 0x5D, 0xFE, 0x74, 0xFE, 0xDC, 0xFC, 0x75, 0xFD, 0xDD, 0xFB, 0x75, 0xFF, 0xDD, 0xFB, 0x77, 0xFF, 0xD5, 0xF7,
    0x77, 0xFF, 0xDD, 0xFF, 0x77, 0x00, 0x86, 0x00, 0x00, 0x80, 0x9B, 0x00, 0x00, 0x80, 0x86, 0x00, 0x04, 0x80, 0x00, 0x80, 0x40, 0xC0, 0x80, 0x00,
    0x1B, 0x80, 0x00, 0x80, 0x00, 0x80, 0x00, 0x80, 0x20, 0x80, 0x20, 0x80, 0x20, 0x80, 0x20, 0x80, 0x00, 0x80, 0x00, 0x80, 0x00, 0x80, 0x00, 0x80,
    0x00, 0x80, 0xC0, 0xC0, 0x40, 0x80, 0xC0, 0x2D, 0x41, 0xC0, 0xC1, 0x83, 0x01, 0x83, 0xC1, 0x83, 0x43, 0xC7, 0xC5, 0xE7, 0x47, 0xEF, 0xC5, 0xEF,
    0x47, 0xCF, 0xDD, 0xBF, 0x57, 0xFF, 0xDD, 0xFF, 0x77, 0xFF, 0xDD, 0xFF, 0x77, 0xFE, 0xD4, 0xFE, 0x77, 0xFF, 0xDD, 0xFF, 0x77, 0xFF, 0xDD, 0x02,
    0x44, 0x0E, 0x04, 0x00, 0x00, 0x08, 0x80, 0x00, 0x7F, 0x08, 0x00, 0x08, 0x00, 0x4A, 0x00, 0x02, 0x00, 0x02, 0x00, 0x02, 0x00, 0x16, 0x04, 0x0E,
    0x06, 0x0E, 0x0D, 0x0E, 0x05, 0x0E, 0x8D, 0x0E, 0x05, 0x0E, 0x1C, 0x1E, 0x17, 0x1E, 0x1C, 0x1E, 0x14, 0x0E, 0x04, 0x0C, 0x04, 0x0C, 0x0C, 0x08,
    0x15, 0x0F, 0x1D, 0x1B, 0x13, 0x0B, 0x11, 0x03, 0x07, 0x0F, 0x05, 0x0F, 0x17, 0x2F, 0x1D, 0x2F, 0x17, 0x0F, 0x1D, 0x1F, 0x17, 0x1F, 0x1D, 0x3F,
    0x17, 0xBF, 0x1D, 0xBF, 0x37, 0xBF, 0x5D, 0xBE, 0x76, 0xFF, 0x55, 0xEE, 0x77, 0xEF, 0xDD, 0xFF, 0x57, 0xFF, 0xDD, 0xBF, 0x17, 0x9F, 0x9D, 0xBF,
    0x17, 0xBF, 0x5D, 0xBF, 0x77, 0xFF, 0x5D, 0xFF, 0x77, 0xFE, 0x5D, 0xFE, 0x75, 0xFF, 0xDD, 0xFF, 0x77, 0xFF, 0xDD, 0xFF, 0x77, 0xFB, 0xD5, 0xF7,
    0x77, 0xFF, 0xD5, 0xFF, 0x77, 0xFF, 0xDD, 0x18, 0x14, 0x38, 0x14, 0x28, 0x10, 0x08, 0x00, 0x08, 0x80, 0x75, 0x08, 0x00, 0x08, 0x10, 0x08, 0x11,
    0x0A, 0x10, 0x0A, 0x00, 0x02, 0x04, 0x0E, 0x14, 0x2E, 0x16, 0x2E, 0x1C, 0x3E, 0x14, 0x3E, 0x1C, 0x3E, 0x14, 0x3C, 0x5C, 0x7E, 0x74, 0x3E, 0x5C,
    0x3A, 0x34, 0x3A, 0x14, 0x32, 0x34, 0x2E, 0x44, 0x6E, 0x74, 0x6E, 0x5D, 0x7F, 0x17, 0x1F, 0x1D, 0x1F, 0x17, 0x1F, 0x1D, 0x3F, 0x37, 0x3F, 0x1D,
    0x3F, 0x77, 0x7E, 0x5C, 0x7E, 0x74, 0x7E, 0x5C, 0x7E, 0x75, 0xFF, 0x5D, 0xFF, 0x77, 0xFB, 0x5D, 0xFB, 0x73, 0xF3, 0x55, 0xF7, 0x77, 0xFF, 0xDD,
    0xFF, 0x77, 0xFF, 0xDD, 0xFF, 0x57, 0xDF, 0x5D, 0xBF, 0x17, 0xBF, 0xDD, 0xFF, 0x77, 0xFF, 0x5D, 0xFF, 0x77, 0xFF, 0x5C, 0xFF, 0x74, 0xFE, 0xFD,
    0xFF, 0x77, 0xFF, 0xDD, 0xFF, 0x77, 0xFB, 0xD5, 0xFB, 0x77, 0xFF, 0xD5, 0xFF, 0x77, 0xFF, 0xDD, 0x89, 0x00, 0x00, 0x02, 0x87, 0x00, 0x00, 0x04,
    0x81, 0x00, 0x00, 0x10, 0x86, 0x00, 0x00, 0x02, 0x96, 0x00, 0x3F, 0x20, 0x00, 0x20, 0x00, 0x20, 0x00, 0x20, 0x00, 0x20, 0x00, 0x20, 0x40, 0x20,
    0x10, 0x28, 0x10, 0x20, 0x10, 0x20, 0x00, 0x20, 0x10, 0x28, 0x50, 0x28, 0x74, 0x6C, 0x5C, 0xAC, 0x54, 0x2C, 0x5C, 0x3C, 0x54, 0xFC, 0x5D, 0xFF,
    0x75, 0xFF, 0xDD, 0xFA, 0x75, 0xFA, 0x55, 0xFA, 0x74, 0xFE, 0xDD, 0xFF, 0x77, 0xFF, 0xDD, 0xFF, 0x77, 0xFF, 0xDD, 0xFF, 0x57, 0xFF, 0xDD, 0xFF,
    0x77, 0xFF, 0xDD, 0x00, 0x81, 0x00, 0x00, 0x40, 0xA6, 0x00, 0x01, 0xA0, 0x00, 0x80, 0x80, 0x00, 0x00, 0x80, 0x80, 0x18, 0x00, 0x80, 0x00, 0x80,
    0x00, 0x80, 0x00, 0x80, 0x00, 0x80, 0x20, 0x00, 0x00, 0x80, 0x00, 0x80, 0x00, 0x80, 0xC0, 0x80, 0x40, 0x80, 0xC0, 0x80, 0x40, 0x80, 0xC0, 0x00,
    0x40, 0x80, 0xC0, 0x00, 0x40, 0x80, 0xC0, 0x25, 0x41, 0x80, 0xC1, 0x83, 0x01, 0x83, 0xC1, 0xA3, 0x47, 0xE7, 0x45, 0xE6, 0x66, 0xEE, 0x44, 0xEE,
    0x74, 0xFE, 0xDF, 0xFF, 0x75, 0xFF, 0xDF, 0xFB, 0x73, 0xFB, 0xF1, 0xFB, 0x77, 0xFF, 0xD5, 0xFF, 0x77, 0xFF, 0xDD, 0xFF, 0x77, 0x02, 0x83, 0x00,
    0x00, 0x40, 0x85, 0x00, 0x7F, 0x02, 0x00, 0x22, 0x09, 0x02, 0x05, 0x06, 0x07, 0x0E, 0x04, 0x0E, 0x04, 0x0E, 0x04, 0x0E, 0x04, 0x0F, 0x0C, 0x0E,
    0x05, 0x0E, 0x0D, 0x0A, 0x00, 0x0A, 0x00, 0x02, 0x00, 0x02, 0x04, 0x06, 0x05, 0x0F, 0x05, 0x0F, 0x05, 0x8F, 0x05, 0x0B, 0x07, 0x8F, 0x05, 0x0F,
    0x17, 0x1F, 0x1D, 0x1F, 0x17, 0x1F, 0x1D, 0x0E, 0x16, 0x0E, 0x1C, 0xBE, 0x95, 0xBF, 0x9D, 0xBF, 0x15, 0xBF, 0x9B, 0xBB, 0x13, 0xBB, 0xD9, 0xB3,
    0x77, 0xFF, 0xD5, 0xEF, 0x77, 0xEF, 0xCD, 0xEF, 0x47, 0x8F, 0xDD, 0x9F, 0x17, 0xBF, 0xDD, 0xBF, 0x37, 0xBF, 0x5D, 0xBF, 0x77, 0xFE, 0x5C, 0xFE,
    0x76, 0xFE, 0xDD, 0xFF, 0x77, 0xFF, 0xDD, 0xFF, 0x75, 0xFB, 0xD9, 0xFB, 0x73, 0xFF, 0xDD, 0xFF, 0x77, 0xFF, 0xDD, 0xFF, 0x77, 0x18, 0x10, 0x18,
    0x50, 0x00, 0x00, 0x02, 0x00, 0x0A, 0x04, 0x0F, 0x04, 0x0E, 0x04, 0x0A, 0x04, 0x6F, 0x0A, 0x04, 0x0A, 0x14, 0x0E, 0x1C, 0x1E, 0x16, 0x1F, 0x1C,
    0x3E, 0x16, 0xBE, 0x1C, 0x3E, 0x14, 0x3E, 0x1C, 0x3E, 0x14, 0x3E, 0x1C, 0x3A, 0x11, 0x3A, 0x31, 0x32, 0x31, 0x32, 0x35, 0x37, 0x37, 0x2F, 0x05,
    0x2F, 0x27, 0x0F, 0x0D, 0x0F, 0x17, 0x1F, 0x1D, 0x3F, 0x17, 0x3F, 0x1D, 0x3F, 0x37, 0x3F, 0x1C, 0x3E, 0x36, 0x3E, 0x5C, 0x7E, 0x74, 0x7E, 0x5D,
    0x7F, 0x75, 0x7F, 0x5D, 0x7B, 0x51, 0x7B, 0x51, 0x3B, 0x77, 0xFF, 0x5D, 0x7F, 0x77, 0xFF, 0x5D, 0x7F, 0x77, 0x6F, 0x5D, 0x7F, 0x77, 0xFF, 0xDD,
    0xFF, 0x77, 0xFF, 0xFD, 0xFF, 0x77, 0xFF, 0x5D, 0xFE, 0x77, 0xFF, 0xDD, 0xFF, 0x77, 0xFF, 0xDD, 0xFF, 0x77, 0xFF, 0xDD, 0xFF, 0x57, 0xFF, 0xDD,
    0xFF, 0x77, 0xFF, 0xDD, 0xFF, 0x77, 0x85, 0x00, 0x00, 0x02, 0x87, 0x00, 0x01, 0x08, 0x20, 0x87, 0x00, 0x00, 0x01, 0x9C, 0x00, 0x40, 0x10, 0x00,
    0x10, 0x20, 0x10, 0x20, 0x00, 0x20, 0x10, 0x20, 0x00, 0x20, 0x00, 0x28, 0x00, 0x08, 0x00, 0x08, 0x00, 0x08, 0x10, 0x38, 0x1C, 0xB8, 0x14, 0x3C,
    0x1C, 0x3E, 0x34, 0x3E, 0xDC, 0x3E, 0x74, 0x7E, 0x5C, 0xFE, 0x74, 0xFC, 0xDD, 0xF8, 0x71, 0xF8, 0xD9, 0xFB, 0x71, 0xFB, 0xD5, 0xFF, 0x77, 0xFF,
    0xDD, 0xEF, 0x67, 0xEF, 0xCD, 0xEF, 0x57, 0xFF, 0xDD, 0xFF, 0x77, 0xFF, 0xDD, 0xFF, 0x77, 0x00, 0x9F, 0x00, 0x00, 0x80, 0x80, 0x00, 0x0B, 0x80,
    0x08, 0x00, 0x00, 0x80, 0x00, 0x80, 0x40, 0x80, 0x00, 0x80, 0x00, 0x80, 0x80, 0x00, 0x00, 0x80, 0x80, 0x03, 0x00, 0x80, 0x20, 0x80, 0x84, 0x00,
    0x01, 0x80, 0x40, 0x80, 0xC0, 0x04, 0x40, 0xC0, 0xC0, 0x80, 0x40, 0x80, 0xC0, 0x00, 0x40, 0x80, 0xC0, 0x00, 0x40, 0x80, 0xC0, 0x00, 0x40, 0x80,
    0xC0, 0x24, 0x41, 0xC0, 0xC1, 0xA3, 0x41, 0xA3, 0xC1, 0xA2, 0x21, 0xA2, 0x44, 0xE2, 0x74, 0xFE, 0xD5, 0xFE, 0x75, 0xFE, 0xDD, 0xFB, 0x71, 0xF9,
    0xD9, 0xFB, 0x73, 0xFB, 0xD5, 0xFF, 0x77, 0xFF, 0xDD, 0xFF, 0x77, 0xEF, 0xCD, 0x00, 0x20, 0x83, 0x00, 0x00, 0x02, 0x80, 0x00, 0x7F, 0x04, 0x40,
    0x00, 0x00, 0x02, 0x01, 0x03, 0x01, 0x03, 0x07, 0x07, 0x05, 0x02, 0x06, 0x06, 0x04, 0x06, 0x04, 0x0E, 0x04, 0x0E, 0x04, 0x0E, 0x04, 0x08, 0x41,
    0x08, 0x01, 0x02, 0x01, 0x03, 0x01, 0x03, 0x07, 0x87, 0x05, 0x07, 0x07, 0x8F, 0x05, 0x0F, 0x07, 0x9F, 0x0D, 0x8F, 0x07, 0x8F, 0x1D, 0x8F, 0x17,
    0x8F, 0x1D, 0x1E, 0x16, 0x4E, 0x1C, 0x1E, 0x16, 0x9E, 0xDD, 0xBF, 0x55, 0xCF, 0xDD, 0x89, 0x15, 0x8B, 0xD1, 0xBB, 0x13, 0xBF, 0xD5, 0xBF, 0x17,
    0xAF, 0xD5, 0xAF, 0x07, 0xAF, 0x4D, 0xAF, 0x57, 0xFF, 0xDD, 0xFF, 0x77, 0xFF, 0xDD, 0xBF, 0x77, 0xFF, 0xDD, 0xFF, 0x77, 0xFF, 0xDD, 0xFF, 0x77,
    0xFF, 0xDD, 0xFF, 0x77, 0xEF, 0xDD, 0xFF, 0x57, 0xFF, 0xDD, 0xFF, 0x77, 0xFF, 0xDD, 0xFF, 0x77, 0xFF, 0x5D, 0x08, 0x00, 0x08, 0x00, 0x02, 0x00,
    0x02, 0x04, 0x02, 0x06, 0x0E, 0x04, 0x73, 0x06, 0x04, 0x0E, 0x04, 0x0E, 0x05, 0x0E, 0x1D, 0x1E, 0x17, 0x1E, 0x1D, 0x9E, 0x16, 0x1E, 0x1C, 0x3E,
    0x14, 0x3E, 0x1C, 0x3E, 0x14, 0x3E, 0x1C, 0x3E, 0x15, 0x08, 0x11, 0x0B, 0x11, 0x1B, 0x15, 0x3B, 0x37, 0x3F, 0x15, 0x3F, 0x17, 0x2F, 0x05, 0x2F,
    0x07, 0x2E, 0x1D, 0x3F, 0x17, 0x3F, 0x1D, 0x3F, 0x17, 0x3F, 0x1D, 0x3B, 0x37, 0x3E, 0x5D, 0x3E, 0x77, 0x7F, 0x5D, 0x7F, 0x77, 0x7F, 0x5D, 0x6F,
    0x45, 0x6F, 0x5D, 0x3F, 0x57, 0x3F, 0x5D, 0x3F, 0x37, 0x3F, 0x1D, 0x3F, 0x37, 0x3F, 0x5D, 0x3F, 0x77, 0x7F, 0x5D, 0xFF, 0x77, 0xFF, 0xDD, 0xFF,
    0x75, 0xFF, 0xDD, 0xFB, 0x73, 0xFF, 0xDD, 0xFF, 0x77, 0xFF, 0xDD, 0xFF, 0x77, 0xEF, 0xCD, 0xEF, 0x47, 0xFF, 0xDD, 0xFF, 0x77, 0xFF, 0xDD, 0xFF,
    0x77, 0xBF, 0x5D, 0x81, 0x00, 0x00, 0x04, 0x85, 0x00, 0x01, 0x20, 0x08, 0x82, 0x00, 0x00, 0x01, 0x8D, 0x00, 0x00, 0x02, 0x91, 0x00, 0x45, 0x08,
    0x00, 0x08, 0x00, 0x08, 0x00, 0x00, 0x10, 0x08, 0x10, 0x20, 0x10, 0x20, 0x10, 0x20, 0x00, 0x20, 0x00, 0x20, 0x00, 0x08, 0x04, 0x08, 0x04, 0x0D,
    0x1C, 0x3C, 0x14, 0x3E, 0x1C, 0x7E, 0x14, 0x3E, 0x1C, 0x3E, 0x74, 0x7E, 0x5C, 0x7E, 0x74, 0xFE, 0x5C, 0xFC, 0x74, 0xF8, 0xD9, 0xF9, 0x71, 0xFB,
    0xDD, 0xFF, 0x77, 0xFF, 0xD5, 0xFF, 0x77, 0xEF, 0x5D, 0xEF, 0x77, 0xFF, 0xDD, 0xFF, 0x77, 0xFF, 0xDD, 0xFF, 0x77, 0xFF, 0xDD, 0x00, 0x9A, 0x00,
    0x03, 0x04, 0x00, 0x00, 0x80, 0x80, 0x00, 0x13, 0x80, 0x00, 0x80, 0x00, 0x80, 0xA0, 0x80, 0x00, 0x80, 0x00, 0x80, 0x00, 0x80, 0x00, 0x80, 0x00,
    0x90, 0x00, 0x80, 0x00, 0x80, 0x80, 0x01, 0x00, 0x80, 0x80, 0x00, 0x03, 0x80, 0x00, 0x80, 0x40, 0x80, 0xC0, 0x00, 0x40, 0x80, 0xC0, 0x00, 0x40,
    0x80, 0xC0, 0x00, 0x40, 0x80, 0xC0, 0x2F, 0x40, 0x80, 0xC0, 0x80, 0x00, 0x80, 0x40, 0xE0, 0x40, 0xE0, 0xC0, 0xE0, 0x40, 0xE0, 0xC0, 0xE0, 0x40,
    0xE0, 0xD0, 0xF2, 0x71, 0xF2, 0xD1, 0xF3, 0x73, 0xFA, 0xD5, 0xE2, 0x65, 0xEE, 0xD5, 0xEF, 0x75, 0xFF, 0xDD, 0xFF, 0x77, 0xFF, 0xDD, 0xFF, 0x37,
    0xBF, 0x9D, 0xBF, 0x77, 0x00, 0x00, 0x01, 0x80, 0x00, 0x1B, 0x02, 0x00, 0x02, 0x00, 0x02, 0x00, 0x02, 0x00, 0x02, 0x10, 0x02, 0x05, 0x02, 0x05,
    0x02, 0x05, 0x02, 0x00, 0x02, 0x00, 0x02, 0x00, 0x02, 0x04, 0x22, 0x04, 0x06, 0x04, 0x82, 0x00, 0x7F, 0x01, 0x8B, 0x01, 0x83, 0x03, 0x8B, 0x05,
    0x83, 0x17, 0x07, 0x05, 0x07, 0x07, 0x0F, 0x05, 0x0F, 0x07, 0x8F, 0x0D, 0x8F, 0x05, 0xCF, 0x0D, 0x8B, 0x15, 0x8B, 0x1F, 0xDB, 0x17, 0xBF, 0x95,
    0x8F, 0x17, 0x8E, 0xC5, 0x87, 0x45, 0xCF, 0xC5, 0x8F, 0x47, 0xCF, 0xDD, 0x9F, 0x17, 0xBF, 0x9D, 0xBF, 0x17, 0xBF, 0x1D, 0x3F, 0x77, 0xFF, 0x5D,
    0xFF, 0x77, 0xFF, 0xDD, 0xFF, 0x75, 0xFD, 0xDD, 0xFB, 0x77, 0xFF, 0xDD, 0xFF, 0x77, 0xFF, 0xD5, 0xF7, 0x77, 0xEF, 0xC5, 0xEF, 0x67, 0xEF, 0xDD,
    0xFF, 0x77, 0xFF, 0xDD, 0xFF, 0x57, 0xBF, 0x9D, 0xBF, 0x77, 0x08, 0x00, 0x08, 0x00, 0x0A, 0x05, 0x0B, 0x07, 0x0A, 0x05, 0x02, 0x06, 0x0E, 0x04,
    0x0E, 0x06, 0x2E, 0x0C, 0x0E, 0x14, 0x0E, 0x1C, 0x1E, 0x14, 0x18, 0x1C, 0x1A, 0x10, 0x1A, 0x1D, 0x1A, 0x17, 0x1E, 0x14, 0x26, 0x04, 0x0E, 0x04,
    0x0E, 0x58, 0x07, 0x0F, 0x0D, 0x0F, 0x17, 0x1F, 0x3D, 0x1F, 0x37, 0x1F, 0x3D, 0x3F, 0x17, 0x3F, 0x1D, 0x3F, 0x37, 0x3E, 0x1C, 0x3E, 0x34, 0x3E,
    0x1C, 0x3C, 0x15, 0x39, 0x1D, 0x3B, 0x37, 0x3F, 0x1D, 0x3B, 0x37, 0x3F, 0x15, 0x27, 0x07, 0x2F, 0x4D, 0x2F, 0x57, 0x7F, 0x5D, 0x3F, 0x17, 0x3F,
    0x1D, 0x3F, 0x37, 0x3F, 0x1D, 0x3F, 0x77, 0xFF, 0x5D, 0x7F, 0x77, 0xFE, 0x5C, 0xFE, 0x74, 0xFE, 0xDD, 0xFF, 0x75, 0xFF, 0xDD, 0xFF, 0x77, 0xFF,
    0xDD, 0xFF, 0x77, 0xFF, 0xD5, 0xFF, 0x77, 0xFF, 0xDD, 0xFF, 0x77, 0xFF, 0xDD, 0xFF, 0x77, 0xFF, 0xDD, 0xFF, 0x77, 0x85, 0x00, 0x03, 0x10, 0x00,
    0x00, 0x02, 0x92, 0x00, 0x00, 0x02, 0x9B, 0x00, 0x07, 0x08, 0x00, 0x08, 0x00, 0x08, 0x10, 0x08, 0x10, 0x81, 0x00, 0x33, 0x2A, 0x04, 0x2C, 0x14,
    0x2C, 0x1C, 0x3C, 0x54, 0x3C, 0x1C, 0x3C, 0x14, 0x3C, 0x1C, 0x3A, 0x74, 0x7E, 0x5C, 0x7E, 0x74, 0x7E, 0x54, 0x7A, 0x74, 0xEE, 0x44, 0xEE, 0x75,
    0xFF, 0xDD, 0xFF, 0x57, 0xFF, 0xDD, 0xBF, 0x17, 0xBF, 0x1D, 0xBF, 0x37, 0xFF, 0x5D, 0xFF, 0x77, 0xFF, 0x5D, 0xFF, 0x77, 0xFE, 0xDD, 0xFF, 0x75,
    0x00, 0x91, 0x00, 0x00, 0x02, 0x8A, 0x00, 0x03, 0x80, 0x00, 0x80, 0x20, 0x80, 0x80, 0x00, 0x00, 0x80, 0x80, 0x01, 0x08, 0x80, 0x80, 0x00, 0x00,
    0x80, 0x80, 0x00, 0x00, 0x80, 0x80, 0x00, 0x03, 0x80, 0x00, 0x80, 0x00, 0x80, 0x80, 0x08, 0x00, 0xA0, 0xC0, 0xA0, 0x40, 0xE0, 0xC0, 0xC0, 0x40,
    0x80, 0xC0, 0x00, 0x40, 0x80, 0xC0, 0x00, 0x40, 0x80, 0x80, 0x2A, 0x00, 0x80, 0x00, 0xA0, 0x00, 0xE0, 0x40, 0xE0, 0x60, 0xE0, 0x40, 0xE0, 0x40,
    0xE0, 0xC0, 0xE0, 0x61, 0xE1, 0xD1, 0xF3, 0x71, 0xF3, 0xD1, 0xF3, 0x73, 0xE3, 0xC5, 0xE7, 0x67, 0xEF, 0xDD, 0xEF, 0x77, 0xFF, 0xDD, 0xFF, 0x57,
    0xFF, 0xDD, 0xBF, 0x77, 0xFF, 0xDD, 0x82, 0x00, 0x0E, 0x10, 0x02, 0x00, 0x02, 0x00, 0x02, 0x00, 0x02, 0x00, 0x06, 0x04, 0x02, 0x04, 0x06, 0x04,
    0x81, 0x00, 0x7F, 0x08, 0x00, 0x02, 0x01, 0x02, 0x01, 0x02, 0x00, 0x02, 0x00, 0x02, 0x00, 0x02, 0x05, 0x07, 0x05, 0x1F, 0x07, 0x8F, 0x05, 0x0B,
    0x07, 0x8F, 0x05, 0x0F, 0x07, 0x0F, 0x05, 0x0F, 0x07, 0x4E, 0x0C, 0x0E, 0x04, 0x0F, 0x0D, 0x8C, 0x04, 0xCC, 0x8D, 0x8B, 0x15, 0x8B, 0x99, 0x8B,
    0x17, 0x83, 0x81, 0x83, 0x07, 0x87, 0x85, 0x8F, 0x47, 0xAF, 0xCF, 0xAF, 0x07, 0xAF, 0x9D, 0x9F, 0x37, 0x9F, 0x9D, 0xBF, 0x37, 0xFF, 0xDD, 0xFF,
    0x77, 0xFE, 0x5D, 0xFE, 0x75, 0xFE, 0xDD, 0xFF, 0x75, 0xFF, 0xDD, 0xFF, 0x77, 0xFF, 0xDD, 0xFB, 0x57, 0xFF, 0xD5, 0xFF, 0x77, 0xFF, 0xDD, 0xFF,
    0x77, 0xFF, 0xDD, 0xFF, 0x77, 0xFF, 0xDD, 0xFF, 0x77, 0xFF, 0xDD, 0x06, 0x04, 0x0E, 0x04, 0x0E, 0x04, 0x0E, 0x14, 0x0A, 0x04, 0x0E, 0x1C, 0x0E,
    0x16, 0x1E, 0x1C, 0x1E, 0x16, 0x0E, 0x1C, 0x0E, 0x14, 0x0C, 0x1C, 0x69, 0x08, 0x14, 0x1C, 0x1D, 0x1B, 0x11, 0x1B, 0x11, 0x03, 0x13, 0x03, 0x05,
    0x07, 0x07, 0x2F, 0x0D, 0x2F, 0x07, 0x2F, 0x0D, 0x0F, 0x17, 0x1F, 0x1D, 0x1F, 0x17, 0x3F, 0x1D, 0x3F, 0x37, 0x3F, 0x3D, 0x3E, 0x36, 0x3E, 0x14,
    0x3E, 0x3C, 0x3E, 0x1D, 0x3F, 0x35, 0x3F, 0x1D, 0x3F, 0x17, 0x3F, 0x15, 0x3B, 0x17, 0x3F, 0x1D, 0x3F, 0x37, 0x3F, 0x5D, 0x3F, 0x37, 0x3F, 0x5D,
    0x3F, 0x57, 0x7F, 0x5F, 0x7F, 0x77, 0xFF, 0x5D, 0xFF, 0x77, 0xFF, 0x5D, 0xFF, 0x77, 0xFF, 0x55, 0xFF, 0x77, 0xFF, 0xDD, 0xFF, 0x77, 0xFF, 0xDD,
    0xDF, 0x57, 0x9F, 0xDF, 0xBF, 0x37, 0xFF, 0xDF, 0xFF, 0x77, 0xFF, 0x5D, 0xFF, 0x77, 0xFE, 0xDD, 0xFF, 0x77, 0xFF, 0xDD, 0x00, 0x22, 0x98, 0x00,
    0x00, 0x02, 0xA1, 0x00, 0x3D, 0x88, 0x00, 0x08, 0x04, 0x08, 0x00, 0x08, 0x10, 0x08, 0x14, 0x38, 0x34, 0x3C, 0x1C, 0x3C, 0x34, 0x3C, 0x1C, 0x3C,
    0x34, 0x3E, 0x5C, 0x7C, 0x74, 0x7C, 0x5C, 0x78, 0x70, 0x78, 0x50, 0x3A, 0x71, 0xF2, 0x55, 0xF7, 0x77, 0xFF, 0x5D, 0xFF, 0x77, 0xEF, 0x5D, 0xEF,
    0x57, 0xDF, 0xDD, 0xBF, 0x77, 0xFF, 0xDD, 0xFF, 0x77, 0xFF, 0x5D, 0xFF, 0x76, 0xFE, 0xDC, 0xFE, 0x77, 0xFF, 0xDD, 0x00, 0x89, 0x00, 0x00, 0x04,
    0x91, 0x00, 0x0F, 0x10, 0x00, 0x00, 0x80, 0x00, 0x80, 0x02, 0x80, 0x00, 0x80, 0x00, 0x80, 0x00, 0x80, 0x00, 0x80, 0x88, 0x00, 0x80, 0x80, 0x00,
    0x00, 0x80, 0x80, 0x00, 0x00, 0x80, 0x80, 0x3B, 0x40, 0x80, 0xC0, 0x80, 0x40, 0xC0, 0xC0, 0x80, 0x40, 0x80, 0xC0, 0x80, 0x00, 0x80, 0x88, 0x80,
    0x00, 0x80, 0xC0, 0xA0, 0xC0, 0xE0, 0x40, 0xE0, 0x60, 0xE0, 0xC0, 0xE0, 0x60, 0xE0, 0xC1, 0xE1, 0x61, 0xE1, 0xC1, 0xE3, 0x41, 0xE3, 0xD1, 0xF3,
    0x77, 0xFF, 0xD5, 0xFF, 0x77, 0xFF, 0xDD, 0xFF, 0x77, 0xFF, 0xDD, 0xFF, 0x77, 0xFF, 0xDD, 0xFF, 0x77, 0x00, 0x00, 0x02, 0x80, 0x00, 0x7F, 0x02,
    0x00, 0x02, 0x00, 0x02, 0x00, 0x02, 0x04, 0x02, 0x04, 0x02, 0x04, 0x02, 0x08, 0x00, 0x04, 0x00, 0x00, 0x08, 0x04, 0x00, 0x81, 0x08, 0x01, 0x02,
    0x01, 0x82, 0x01, 0x03, 0x03, 0x07, 0x05, 0x07, 0x07, 0x0F, 0x05, 0x0F, 0x07, 0x0F, 0x0D, 0x0F, 0x07, 0x0F, 0x4D, 0x0F, 0x17, 0x0F, 0x1D, 0x0E,
    0x16, 0x4E, 0x04, 0x0E, 0x44, 0x8E, 0x0D, 0x8F, 0x05, 0x8F, 0x8D, 0x8B, 0x01, 0x8B, 0x81, 0x8B, 0x13, 0x8F, 0x95, 0x9F, 0x17, 0xBF, 0x1D, 0xAF,
    0x17, 0x2F, 0x2D, 0x2F, 0x17, 0xBF, 0xDF, 0xBF, 0x57, 0xFF, 0xDD, 0xFF, 0x77, 0xFF, 0xDD, 0xFB, 0x77, 0xFF, 0xD5, 0xFF, 0x77, 0xFF, 0xDD, 0xFF,
    0x77, 0xEF, 0xCD, 0xEF, 0x57, 0xDF, 0xDD, 0xBF, 0x57, 0xFF, 0xDD, 0xFF, 0x77, 0xFF, 0x5D, 0x7F, 0x77, 0xFE, 0x5D, 0xFF, 0x77, 0xFF, 0xDD, 0xFF,
    0x77, 0x0E, 0x04, 0x0E, 0x04, 0x0E, 0x04, 0x79, 0x0E, 0x04, 0x0E, 0x1C, 0x1E, 0x14, 0x1E, 0x1C, 0x1E, 0x14, 0x1E, 0x14, 0x1A, 0x14, 0x0E, 0x14,
    0x0E, 0x14, 0x0E, 0x1C, 0x0E, 0x15, 0x0E, 0x05, 0x0B, 0x01, 0x0B, 0x15, 0x0B, 0x17, 0x1F, 0x1D, 0x3F, 0x17, 0x3F, 0x1D, 0x2E, 0x16, 0x2E, 0x1C,
    0x3E, 0x35, 0x3E, 0x3D, 0x3F, 0x35, 0x3F, 0x1D, 0x3F, 0x31, 0x3A, 0x11, 0x3A, 0x37, 0x3F, 0x15, 0x3F, 0x37, 0x2F, 0x4D, 0x2F, 0x07, 0x0F, 0x0D,
    0x0F, 0x17, 0x1F, 0x1D, 0x3F, 0x37, 0x3F, 0x1D, 0x3F, 0x37, 0x3F, 0x5C, 0x3E, 0x76, 0x7E, 0x5C, 0x7F, 0x77, 0xFF, 0x5D, 0xFF, 0x75, 0xFB, 0xD9,
    0xFB, 0x73, 0xFB, 0xD5, 0xFF, 0x77, 0xFF, 0xDD, 0xFF, 0x77, 0xEF, 0xCD, 0xEF, 0x57, 0xFF, 0xDD, 0xFF, 0x77, 0xFF, 0xDD, 0xFF, 0x77, 0xFF, 0xDD,
    0xFF, 0x77, 0xFE, 0x5C, 0xFE, 0x77, 0xFF, 0xDD, 0xFF, 0x77, 0x97, 0x00, 0x00, 0x02, 0xA2, 0x00, 0x00, 0x08, 0x80, 0x00, 0x03, 0x08, 0x00, 0x08,
    0x00, 0x80, 0x18, 0x34, 0x10, 0x38, 0x18, 0x38, 0x10, 0x38, 0x10, 0x38, 0x30, 0x38, 0x54, 0x78, 0x74, 0x7C, 0x5C, 0x78, 0x70, 0x78, 0x58, 0x78,
    0x50, 0xFA, 0x51, 0xBB, 0x77, 0xFF, 0x5D, 0xBF, 0x77, 0xFF, 0x5D, 0x3F, 0x77, 0xFE, 0x5D, 0xFF, 0x77, 0xFF, 0xDD, 0xFF, 0x77, 0xFF, 0xDD, 0xFF,
    0x77, 0xFF, 0xDD, 0xFF, 0x77, 0xFF, 0xDD, 0xFF, 0x77, 0x00, 0x80, 0x00, 0x00, 0x08, 0x96, 0x00, 0x03, 0x10, 0x00, 0x00, 0x01, 0x8A, 0x00, 0x00,
    0x40, 0x80, 0x00, 0x00, 0x80, 0x84, 0x00, 0x0B, 0x80, 0x00, 0x80, 0x00, 0x80, 0x80, 0xA0, 0x00, 0xA0, 0x80, 0xA0, 0x00, 0x80, 0x80, 0x05, 0x00,
    0x80, 0x00, 0x80, 0x00, 0x10, 0x80, 0x00, 0x7F, 0x80, 0x40, 0x80, 0x40, 0xC0, 0xC0, 0x80, 0x40, 0xC0, 0xC0, 0x80, 0x40, 0xE2, 0xC0, 0xE2, 0x41,
    0xE2, 0xC5, 0xE3, 0x45, 0xE3, 0xC5, 0xE3, 0x45, 0xCF, 0xC5, 0xEF, 0x57, 0xFF, 0xDD, 0xBF, 0x37, 0xBF, 0x1D, 0xBF, 0x77, 0xFF, 0x5D, 0xFF, 0x77,
    0xFF, 0xDD, 0xFF, 0x77, 0xFF, 0xDD, 0x02, 0x00, 0x02, 0x04, 0x02, 0x04, 0x0E, 0x04, 0x0A, 0x04, 0x0E, 0x04, 0x0E, 0x00, 0x0A, 0x00, 0x02, 0x00,
    0x02, 0x40, 0x02, 0x04, 0x0E, 0x04, 0x02, 0x00, 0x08, 0x00, 0x80, 0x01, 0x0A, 0x01, 0x0B, 0x07, 0x0F, 0x05, 0x0F, 0x07, 0x0F, 0x05, 0x0E, 0x06,
    0x0E, 0x4C, 0x0E, 0x06, 0x0E, 0x1D, 0x1E, 0x15, 0x1E, 0x1D, 0x1A, 0x11, 0x1A, 0x91, 0x1B, 0x13, 0x1F, 0x15, 0x3F, 0x17, 0xAF, 0x05, 0x1F, 0x07,
    0x8F, 0x05, 0x8F, 0x07, 0x8F, 0x1D, 0x9F, 0x17, 0x9F, 0x1D, 0x3F, 0x17, 0x3F, 0x1F, 0xBF, 0x37, 0x3B, 0x3E, 0x5D, 0xFE, 0x77, 0xFF, 0xDD, 0xFF,
    0x75, 0xFD, 0xDD, 0xFB, 0x71, 0xFB, 0xDD, 0xFB, 0x77, 0xFF, 0xD5, 0xFF, 0x77, 0xEF, 0xC5, 0xEF, 0x47, 0xEF, 0xDD, 0xFF, 0x57, 0xFF, 0xDD, 0xFF,
    0x77, 0xFF, 0xDD, 0xBF, 0x77, 0xFF, 0xDF, 0xFF, 0x77, 0xFF, 0xDD, 0xFF, 0x77, 0xFF, 0xDD, 0x0A, 0x04, 0x0E, 0x04, 0x0E, 0x04, 0x0E, 0x1C, 0x1E,
    0x14, 0x1C, 0x1C, 0x18, 0x10, 0x80, 0x18, 0x6E, 0x10, 0x38, 0x10, 0x3A, 0x10, 0x3A, 0x14, 0x26, 0x04, 0x2E, 0x04, 0x0E, 0x04, 0x0E, 0x0C, 0x0E,
    0x17, 0x1E, 0x1D, 0x3E, 0x17, 0x3E, 0x1C, 0x3E, 0x16, 0x3E, 0x1C, 0x3E, 0x36, 0x3F, 0x1C, 0x3E, 0x34, 0x3D, 0x5C, 0x38, 0x30, 0x38, 0x79, 0x3B,
    0x31, 0x3B, 0x55, 0x3F, 0x37, 0x3F, 0x55, 0x2F, 0x07, 0x2F, 0x4D, 0x2F, 0x57, 0x7F, 0x5D, 0x3F, 0x57, 0x7F, 0x5D, 0x3F, 0x37, 0x3F, 0x1D, 0x3F,
    0x77, 0x7E, 0x5D, 0x7E, 0x77, 0xFE, 0x5D, 0xFE, 0x75, 0xFF, 0xDD, 0xFF, 0x75, 0xFF, 0xDD, 0xFF, 0x77, 0xFF, 0xDD, 0xFF, 0x77, 0xBF, 0x5D, 0x3F,
    0x77, 0xFF, 0x5D, 0xFF, 0x77, 0xFF, 0xDD, 0xFF, 0x77, 0xFF, 0xDD, 0xFF, 0x77, 0xFF, 0xDD, 0xFF, 0x77, 0xFF, 0xDD, 0xFF, 0x77, 0xFF, 0xDD, 0x93,
    0x00, 0x00, 0x02, 0x9F, 0x00, 0x00, 0x08, 0x86, 0x00, 0x3C, 0x08, 0x00, 0x00, 0x28, 0x00, 0x28, 0x10, 0x28, 0x10, 0x38, 0x10, 0x38, 0x10, 0x38,
    0x30, 0x38, 0x50, 0x38, 0x70, 0x78, 0x50, 0x70, 0x60, 0x60, 0x40, 0x60, 0x44, 0xEC, 0x4D, 0xFF, 0x55, 0xFF, 0xDD, 0xBF, 0x17, 0xBF, 0x1D, 0x3F,
    0x37, 0x3E, 0x5D, 0x7E, 0x77, 0xFE, 0xDD, 0xFE, 0x75, 0xFE, 0xDD, 0xFD, 0x75, 0xFD, 0xDD, 0xFB, 0x77, 0xFF, 0xDD, 0xFF, 0x77, 0xFF, 0xD5, 0x00,
    0x97, 0x00, 0x00, 0x08, 0x9A, 0x00, 0x00, 0x80, 0x80, 0x00, 0x00, 0x80, 0x80, 0x00, 0x03, 0x80, 0x00, 0x80, 0x00, 0x80, 0x80, 0x7F, 0x00, 0x80,
    0x00, 0x80, 0x00, 0xC0, 0x00, 0x40, 0x00, 0x40, 0x00, 0x82, 0x00, 0x80, 0x40, 0x80, 0x00, 0x80, 0xC0, 0x80, 0x40, 0xC0, 0xC1, 0xC3, 0x41, 0xC3,
    0xC1, 0xC3, 0x43, 0xC3, 0xC5, 0xE7, 0x47, 0xEF, 0xC5, 0xEF, 0x47, 0xEF, 0xDD, 0xFF, 0x57, 0xBF, 0xDD, 0xBF, 0x37, 0xFF, 0xDD, 0xFF, 0x77, 0xFF,
    0xDD, 0xFF, 0x77, 0xFE, 0xDD, 0xFE, 0x75, 0x02, 0x04, 0x02, 0x04, 0x0E, 0x04, 0x0E, 0x04, 0x0C, 0x0C, 0x08, 0x00, 0x08, 0x00, 0x08, 0x00, 0x08,
    0x00, 0x0A, 0x00, 0x0A, 0x80, 0x02, 0x00, 0x82, 0x04, 0x02, 0x04, 0x0E, 0x04, 0x0E, 0x05, 0x0E, 0x0D, 0x0F, 0x17, 0x0E, 0x1D, 0x9E, 0x16, 0x9E,
    0x1C, 0x1E, 0x16, 0x3E, 0x1C, 0x3E, 0x14, 0x3E, 0x1C, 0x3C, 0x14, 0x18, 0x19, 0x3B, 0x11, 0x3B, 0x1D, 0x3B, 0x17, 0x3F, 0x15, 0x27, 0x07, 0x2F,
    0x05, 0x2F, 0x07, 0x2F, 0x1D, 0x3F, 0x7F, 0x17, 0xBF, 0x1D, 0x7F, 0x17, 0x3F, 0x1D, 0x3F, 0x37, 0xBF, 0x5D, 0xFF, 0x77, 0xFE, 0x5C, 0xFE, 0x74,
    0xFE, 0xDD, 0xFF, 0x75, 0xFF, 0xDD, 0xFF, 0x77, 0xFF, 0xDD, 0xFF, 0x77, 0xBF, 0x97, 0xBF, 0x37, 0xFF, 0x5F, 0xFF, 0x77, 0xFF, 0xDD, 0xFF, 0x77,
    0xFF, 0xDD, 0xFF, 0x77, 0xFF, 0xDD, 0xFF, 0x77, 0xFF, 0xDD, 0xFF, 0x77, 0xFF, 0xD5, 0xFF, 0x77, 0x08, 0x10, 0x18, 0x10, 0x38, 0x14, 0x38, 0x14,
    0x3C, 0x1C, 0x38, 0x10, 0x28, 0x10, 0x28, 0x10, 0x28, 0x10, 0x38, 0x10, 0x38, 0x10, 0x32, 0x10, 0x22, 0x04, 0x22, 0x04, 0x2E, 0x04, 0x2E, 0x14,
    0x2E, 0x1C, 0x3E, 0x14, 0x3E, 0x1C, 0x3E, 0x14, 0x3E, 0x1C, 0x3E, 0x34, 0x3E, 0x5E, 0x7E, 0x74, 0x7E, 0x74, 0x7C, 0x75, 0x6C, 0x5C, 0x6A, 0x54,
    0x7E, 0x5D, 0x7F, 0x57, 0x3F, 0x1D, 0x3F, 0x17, 0x3F, 0x15, 0x3E, 0x37, 0x7E, 0x5D, 0x7E, 0x38, 0x77, 0x7E, 0x5C, 0x7E, 0x74, 0xFE, 0x5C, 0xFE,
    0x75, 0xFF, 0xDD, 0xFF, 0x77, 0xFF, 0xDD, 0xFF, 0x77, 0xFE, 0xD5, 0xEF, 0x67, 0xEF, 0xDD, 0xFF, 0x77, 0xFF, 0xDD, 0xFF, 0x57, 0xBF, 0x9D, 0xBF,
    0x37, 0xBF, 0x5D, 0xFF, 0x77, 0xFF, 0x5D, 0xFF, 0x77, 0xFE, 0xDC, 0xFE, 0x75, 0xFF, 0xDD, 0xFF, 0x77, 0xFF, 0xDD, 0xFF, 0x77, 0xFF, 0xD5, 0xF7,
    0x77, 0x90, 0x00, 0x00, 0x01, 0x99, 0x00, 0x00, 0x10, 0x80, 0x00, 0x00, 0x10, 0x86, 0x00, 0x00, 0x04, 0x83, 0x00, 0x3A, 0x04, 0x20, 0x00, 0x20,
    0x00, 0x20, 0x00, 0x20, 0x40, 0x20, 0x50, 0x68, 0x50, 0x30, 0x70, 0x78, 0x50, 0x30, 0x10, 0x20, 0x40, 0x20, 0x40, 0xE8, 0x45, 0xE8, 0x55, 0xED,
    0x5D, 0xFF, 0x55, 0xBF, 0x5D, 0xBB, 0x15, 0xBF, 0x5D, 0xFF, 0x77, 0xFF, 0xDD, 0xFE, 0x76, 0xFE, 0xFC, 0xFE, 0x74, 0xFF, 0xDD, 0xFF, 0x77, 0xFF,
    0xDD, 0xFF, 0x77, 0xFF, 0xDD, 0xFF, 0x77, 0x00, 0x93, 0x00, 0x00, 0x08, 0x88, 0x00, 0x00, 0x10, 0x9C, 0x00, 0x07, 0x40, 0x00, 0x40, 0x20, 0x00,
    0x20, 0x00, 0x20, 0x81, 0x00, 0x7F, 0x80, 0x00, 0x02, 0x00, 0x82, 0x00, 0x02, 0x00, 0x80, 0x04, 0x80, 0x00, 0x88, 0x85, 0x8B, 0x25, 0x8B, 0x85,
    0x8B, 0x03, 0x8B, 0x85, 0x8F, 0x17, 0x8F, 0x9D, 0xBF, 0x57, 0xFF, 0x5D, 0xFF, 0x57, 0xFE, 0x5D, 0xFF, 0x75, 0xFF, 0xDD, 0xFF, 0x77, 0xFF, 0xDD,
    0xFF, 0x77, 0xFF, 0xD5, 0xFF, 0x77, 0xFF, 0xDD, 0x0C, 0x10, 0x08, 0x94, 0x18, 0x14, 0x0C, 0x54, 0x08, 0x00, 0x08, 0x00, 0x08, 0x00, 0x08, 0x10,
    0x08, 0x10, 0x08, 0x10, 0x0A, 0x10, 0x02, 0x00, 0x02, 0x04, 0x0E, 0x04, 0x2E, 0x06, 0x2E, 0x0C, 0x0E, 0x14, 0x0E, 0x1C, 0x1E, 0x14, 0x3E, 0x1C,
    0x3E, 0x34, 0x3E, 0x1C, 0x3E, 0x34, 0x3E, 0x14, 0x7A, 0x34, 0x2E, 0x54, 0x2E, 0x74, 0x7E, 0x5D, 0x3F, 0x15, 0x1F, 0x1D, 0x1B, 0x17, 0x3F, 0x1D,
    0x3F, 0x37, 0x3F, 0x5D, 0x3F, 0x77, 0x7E, 0x5C, 0x3E, 0x74, 0x7E, 0x5C, 0xFE, 0x75, 0x7F, 0xFF, 0xDD, 0xFF, 0x77, 0xFF, 0xDD, 0xFB, 0x73, 0xFB,
    0x75, 0xF7, 0x77, 0xFF, 0xDD, 0xFF, 0x77, 0xFF, 0xDD, 0xFF, 0x57, 0xDF, 0xDD, 0xBF, 0x17, 0xBF, 0xDF, 0xBF, 0x77, 0xFF, 0x5D, 0xFF, 0x77, 0xFE,
    0x5C, 0xFE, 0x74, 0xFF, 0xDD, 0xFF, 0x77, 0xFF, 0xDD, 0xFF, 0x77, 0xFB, 0xDD, 0xFB, 0x77, 0xFF, 0xD5, 0x18, 0x10, 0x38, 0x10, 0x38, 0x10, 0x38,
    0x10, 0x30, 0x10, 0x20, 0x00, 0x20, 0x00, 0x29, 0x40, 0x28, 0x00, 0x28, 0x00, 0x09, 0x00, 0x08, 0x10, 0x08, 0x10, 0x38, 0x14, 0x38, 0x34, 0x3C,
    0x1D, 0x3C, 0x34, 0x3C, 0x5C, 0x38, 0xD4, 0x7C, 0x5C, 0x78, 0x70, 0xF8, 0x58, 0x78, 0x70, 0xF8, 0x50, 0x70, 0x70, 0xE0, 0x54, 0xEE, 0x74, 0xEE,
    0x4C, 0xEE, 0x74, 0xEE, 0x5C, 0x9E, 0x14, 0x9E, 0x1C, 0xBE, 0x36, 0xBE, 0x5C, 0x3E, 0x76, 0x7E, 0x5C, 0x7E, 0x74, 0xFE, 0xDC, 0xFC, 0x74, 0x31,
    0xFD, 0xDD, 0xFF, 0x75, 0xFB, 0xD9, 0xFB, 0x73, 0xFB, 0xD5, 0xF7, 0x77, 0xFF, 0xDD, 0xFF, 0x77, 0xFF, 0xDD, 0xFF, 0x57, 0xFF, 0xDD, 0xFF, 0x77,
    0xFF, 0xDD, 0xFF, 0x77, 0xFF, 0xDD, 0xFF, 0x77, 0xFE, 0xDC, 0xFE, 0x76, 0xFF, 0xDD, 0xFF, 0x77, 0xFF, 0xDD, 0xFF, 0x77, 0xFF, 0xDD, 0xFF, 0x77,
    0xFF, 0xDD, 0x8D, 0x00, 0x00, 0x01, 0x95, 0x00, 0x00, 0x04, 0x80, 0x00, 0x00, 0x08, 0x88, 0x00, 0x00, 0x02, 0x8D, 0x00, 0x35, 0x21, 0x01, 0x20,
    0x00, 0x60, 0x40, 0x60, 0x41, 0xC0, 0x41, 0x01, 0x01, 0x81, 0x01, 0x81, 0x01, 0xA1, 0x11, 0x33, 0x31, 0xAB, 0x51, 0x2B, 0x71, 0x6A, 0x58, 0xFA,
    0x71, 0xFB, 0xDD, 0xFB, 0x75, 0xFB, 0xDD, 0xFB, 0x71, 0xFB, 0xD1, 0xF3, 0x73, 0xFF, 0xD5, 0xFF, 0x77, 0xFF, 0xDD, 0xFF, 0x77, 0xEF, 0xDD, 0xDF,
    0x57, 0xFF, 0xDD, 0x00, 0x90, 0x00, 0x00, 0x08, 0x85, 0x00, 0x00, 0x10, 0x9D, 0x00, 0x01, 0x80, 0x40, 0x86, 0x00, 0x0A, 0x08, 0x04, 0x08, 0x00,
    0x08, 0x04, 0x48, 0x00, 0x48, 0x00, 0x40, 0x80, 0x00, 0x7F, 0x02, 0x00, 0x8E, 0x04, 0xAE, 0x07, 0x8E, 0x05, 0x8F, 0x05, 0x8F, 0x8D, 0x8F, 0x17,
    0x9F, 0x9D, 0xBF, 0x57, 0xBF, 0x1D, 0x3F, 0x37, 0x3E, 0x5C, 0x7E, 0x76, 0xFE, 0xDD, 0xFF, 0x75, 0xFF, 0xDD, 0xFF, 0x71, 0xFB, 0xDD, 0xFF, 0x73,
    0xFF, 0xD5, 0xFF, 0x77, 0x18, 0x98, 0x38, 0x10, 0x38, 0x10, 0x38, 0x10, 0x20, 0x10, 0x20, 0x10, 0x28, 0x04, 0x28, 0x00, 0x28, 0x00, 0x08, 0x00,
    0x08, 0x00, 0x08, 0x10, 0x18, 0x14, 0x3E, 0x14, 0x3E, 0x1C, 0x3E, 0x14, 0x3E, 0x1C, 0x3C, 0x14, 0x3C, 0x5C, 0x3C, 0x74, 0x7C, 0x5C, 0x38, 0x70,
    0x38, 0x50, 0x32, 0x70, 0x72, 0x54, 0x7E, 0x74, 0x6E, 0x54, 0x6E, 0x44, 0xEE, 0x4C, 0x0E, 0x14, 0x9E, 0x1C, 0xBE, 0x17, 0xBE, 0x1D, 0x3E, 0x36,
    0x3E, 0x5C, 0x3E, 0x76, 0x7E, 0x5C, 0xFE, 0x74, 0xFE, 0xDC, 0xFE, 0x75, 0xFF, 0xDD, 0xFB, 0x71, 0xFB, 0xD1, 0x7F, 0xFB, 0x77, 0xFF, 0xD5, 0xFF,
    0x77, 0xFF, 0xDD, 0xEF, 0x47, 0xEF, 0xDD, 0xFF, 0x57, 0xFF, 0xDD, 0xFF, 0x77, 0xFF, 0xDD, 0xFF, 0x77, 0xFE, 0x5C, 0xFE, 0x76, 0xFE, 0xDD, 0xFF,
    0x77, 0xFF, 0xDD, 0xFF, 0x75, 0xFF, 0xDD, 0xFB, 0x77, 0xFF, 0xDD, 0xFF, 0x77, 0x20, 0x10, 0x30, 0x10, 0x20, 0x10, 0x20, 0x10, 0x20, 0x02, 0x20,
    0x00, 0x20, 0xC0, 0x20, 0x40, 0x21, 0x40, 0x00, 0x00, 0x08, 0x00, 0x08, 0x10, 0x18, 0x10, 0x3A, 0x10, 0x38, 0x50, 0x38, 0x30, 0x38, 0x54, 0x38,
    0x70, 0x78, 0x50, 0xF8, 0x70, 0xF8, 0x58, 0xF8, 0x70, 0xF8, 0xF0, 0xF0, 0x70, 0xF8, 0x70, 0xF0, 0x70, 0xF8, 0x54, 0xEC, 0x74, 0xEC, 0x6C, 0x2C,
    0x54, 0xEC, 0x5C, 0xFC, 0x74, 0xFC, 0xDC, 0xFE, 0x74, 0xFC, 0x5C, 0xFA, 0x72, 0xFA, 0x54, 0xFE, 0x74, 0xFE, 0xDC, 0xFE, 0x74, 0xFC, 0xDD, 0xFB,
    0x51, 0xFB, 0xDD, 0x29, 0xFB, 0x57, 0xFF, 0xDD, 0xFF, 0x77, 0xFF, 0x5D, 0xFF, 0x77, 0x7E, 0x5D, 0xFE, 0x77, 0xFF, 0xDD, 0xFF, 0x77, 0xFF, 0xDD,
    0xFF, 0x75, 0xFB, 0xDD, 0xFB, 0x77, 0xFF, 0xDD, 0xFF, 0x77, 0xFF, 0xDD, 0xFF, 0x77, 0xEF, 0xCD, 0xEF, 0x57, 0xFF, 0xDD, 0xFF, 0x77, 0xA0, 0x00,
    0x00, 0x04, 0x81, 0x00, 0x00, 0x08, 0x88, 0x00, 0x00, 0x02, 0x90, 0x00, 0x04, 0x01, 0x01, 0x00, 0x01, 0x00, 0x88, 0x01, 0x27, 0x83, 0x01, 0x83,
    0x01, 0xA3, 0x01, 0x23, 0x11, 0x2A, 0x50, 0x62, 0x70, 0xFA, 0x55, 0xFB, 0x77, 0xFB, 0xDD, 0xF9, 0x71, 0xF9, 0xD1, 0xFB, 0x73, 0xFB, 0xD5, 0xFF,
    0x77, 0xFF, 0xD5, 0xFF, 0x77, 0xEF, 0xCD, 0xEF, 0x57, 0xFF, 0xDD, 0xFF, 0x77, 0x00, 0x8B, 0x00, 0x00, 0x08, 0x83, 0x00, 0x00, 0x08, 0x9D, 0x00,
    0x00, 0x20, 0x83, 0x00, 0x04, 0x08, 0x00, 0x08, 0x00, 0x08, 0x80, 0x00, 0x7F, 0x08, 0x04, 0x08, 0x44, 0x0C, 0x44, 0x08, 0x54, 0x88, 0x00, 0x08,
    0x00, 0x08, 0x10, 0x08, 0x10, 0x1A, 0x14, 0x7A, 0x16, 0x2E, 0x04, 0x26, 0x06, 0x2E, 0x0C, 0x2E, 0x16, 0xBE, 0x5D, 0xBF, 0x17, 0xBF, 0x5D, 0xBF,
    0x37, 0xBF, 0x5D, 0xBE, 0x77, 0xFE, 0xDD, 0xFF, 0x77, 0xFF, 0xDD, 0xFF, 0x75, 0xFF, 0xDD, 0xFF, 0x77, 0xFF, 0xDD, 0xFF, 0x77, 0xFF, 0xDD, 0xFF,
    0x10, 0x38, 0x50, 0x38, 0x10, 0x38, 0x10, 0x30, 0x10, 0x30, 0x50, 0x30, 0x70, 0x20, 0x40, 0x20, 0x80, 0x28, 0x40, 0x08, 0x00, 0x08, 0x1C, 0x38,
    0x14, 0x38, 0x1C, 0x38, 0x10, 0x38, 0x1C, 0x38, 0x30, 0x7C, 0x5C, 0x7C, 0x74, 0xFC, 0x5C, 0xF8, 0x70, 0xF8, 0x58, 0xF8, 0x50, 0xF8, 0xF0, 0xF8,
    0x70, 0xFA, 0xD4, 0xFE, 0x74, 0xEE, 0x45, 0x2E, 0x44, 0x6E, 0x5C, 0xFE, 0x74, 0xFE, 0xDC, 0xFE, 0x74, 0xFE, 0x5C, 0xBE, 0x74, 0x4D, 0xFE, 0x5C,
    0xFE, 0x74, 0xFE, 0xDC, 0xFE, 0x74, 0xFE, 0xDC, 0xEE, 0x74, 0xEE, 0xDC, 0xFE, 0x5F, 0xFF, 0xDD, 0xFF, 0x77, 0xFF, 0xDD, 0xBF, 0x37, 0xBF, 0x5D,
    0x7E, 0x77, 0xFE, 0xDD, 0xFF, 0x77, 0xFF, 0xDD, 0xFF, 0x75, 0xFF, 0xDD, 0xFB, 0x77, 0xFF, 0xDD, 0xFF, 0x77, 0xFF, 0xDD, 0xFF, 0x77, 0xEF, 0xC5,
    0xEF, 0x67, 0xEF, 0xDD, 0xFF, 0x77, 0xFF, 0xDD, 0xFF, 0x40, 0x64, 0x40, 0x20, 0x00, 0x00, 0x40, 0x00, 0x00, 0x80, 0x00, 0x22, 0x00, 0x20, 0x00,
    0x20, 0x00, 0x20, 0x00, 0x80, 0x20, 0x69, 0x40, 0x20, 0x50, 0xE0, 0x50, 0xB8, 0x10, 0xB0, 0x10, 0x30, 0x30, 0xF0, 0x50, 0xF0, 0x70, 0xF0, 0x50,
    0xE0, 0x64, 0xE0, 0xC0, 0xE0, 0x40, 0xC8, 0xC0, 0xE8, 0x50, 0xF8, 0xD0, 0xB8, 0x90, 0xBA, 0x12, 0x38, 0x30, 0x38, 0x70, 0x78, 0x70, 0xF8, 0x5C,
    0xF8, 0x70, 0xF8, 0xD8, 0xF8, 0x70, 0xF8, 0xD8, 0xF8, 0x71, 0xF8, 0xD1, 0xFB, 0x71, 0xFA, 0xD5, 0xE2, 0x65, 0xEE, 0xC5, 0xEF, 0x55, 0xFF, 0xDD,
    0xFF, 0x57, 0xFF, 0xDD, 0xBF, 0x37, 0xBF, 0x1D, 0xBF, 0x77, 0xFE, 0xDD, 0xFE, 0x77, 0xFE, 0xDC, 0xFE, 0x75, 0xFD, 0xDD, 0xF9, 0x73, 0xFB, 0xDF,
    0xFB, 0x77, 0xFF, 0xDD, 0xFF, 0x77, 0xFF, 0xD5, 0xEF, 0x77, 0xFF, 0xDD, 0xFF, 0x77, 0xFF, 0xDD, 0xFF, 0x9E, 0x00, 0x00, 0x02, 0x88, 0x00, 0x04,
    0x01, 0x02, 0x00, 0x01, 0x00, 0x80, 0x01, 0x8C, 0x00, 0x84, 0x01, 0x07, 0x03, 0x01, 0x03, 0x01, 0x03, 0x01, 0x03, 0x01, 0x80, 0x03, 0x29, 0x01,
    0x03, 0x03, 0x83, 0x01, 0x03, 0x01, 0x83, 0x01, 0xA3, 0x03, 0xA3, 0x41, 0xE3, 0x63, 0xE3, 0xC5, 0xE3, 0x65, 0xE3, 0xC5, 0xE3, 0x45, 0xEF, 0xD5,
    0xFF, 0x5F, 0xFF, 0xDD, 0xFF, 0x17, 0xBF, 0x9D, 0xBF, 0x77, 0xFF, 0x5D, 0xFF, 0x77, 0xFF, 0xDD, 0xFF, 0x00, 0x00, 0x02, 0x96, 0x00, 0x00, 0x01,
    0x92, 0x00, 0x01, 0x80, 0x20, 0x87, 0x00, 0x7F, 0x08, 0x00, 0x08, 0x00, 0x08, 0x00, 0x08, 0x10, 0x18, 0x10, 0x18, 0x10, 0x38, 0x14, 0xB8, 0x50,
    0x28, 0x40, 0x20, 0x40, 0x08, 0x04, 0x28, 0x10, 0x3A, 0x1C, 0x3A, 0x14, 0x3E, 0x14, 0x3E, 0x16, 0x3E, 0x1C, 0x3E, 0x36, 0x3E, 0x5C, 0x7E, 0x76,
    0xFE, 0x5C, 0xFE, 0x74, 0xFC, 0xDC, 0xFE, 0x75, 0xFF, 0xDD, 0xFF, 0x77, 0xFF, 0xD5, 0xFF, 0x77, 0xEF, 0xC5, 0xEF, 0x77, 0xFF, 0xDD, 0xFF, 0x77,
    0xFF, 0xDD, 0xFF, 0x17, 0x68, 0x40, 0x60, 0x40, 0x68, 0x40, 0x60, 0x50, 0xF8, 0x50, 0xB0, 0x10, 0xA0, 0x00, 0x20, 0x00, 0x20, 0x00, 0x28, 0x40,
    0x68, 0x58, 0x78, 0x50, 0xF8, 0x58, 0x38, 0x10, 0xB8, 0x58, 0xB8, 0x70, 0xF8, 0x50, 0xF8, 0x70, 0xF8, 0x50, 0xF0, 0x70, 0xE8, 0xC0, 0xE8, 0x40,
    0xE8, 0xD8, 0xF8, 0x52, 0xF8, 0xDC, 0xB8, 0x10, 0xB8, 0x16, 0x3C, 0x34, 0x3C, 0x5C, 0x7C, 0x74, 0x45, 0xFC, 0x5C, 0xFC, 0x74, 0xFC, 0xDC, 0xF8,
    0x70, 0xF8, 0xD8, 0xF8, 0x70, 0xFA, 0xDC, 0xFA, 0x74, 0xFE, 0xD4, 0xE6, 0x64, 0xEE, 0xCC, 0xEE, 0x76, 0xFE, 0xDC, 0xFE, 0x57, 0xFE, 0xDD, 0xBE,
    0x57, 0xBE, 0x5D, 0xBE, 0x77, 0xFE, 0xDC, 0xFE, 0xF6, 0xFE, 0xDC, 0xFE, 0x74, 0xFE, 0xDD, 0xFF, 0x75, 0xFF, 0xDD, 0xFF, 0x77, 0xFF, 0xD5, 0xFF,
    0x77, 0xFF, 0xD5, 0xFF, 0x77, 0xFF, 0xDD, 0xFF, 0x77, 0xFF, 0xDD, 0xFF, 0x57, 0x00, 0x40, 0x80, 0x00, 0x7A, 0x40, 0x40, 0x00, 0x84, 0x00, 0x80,
    0x00, 0x88, 0x00, 0x00, 0x08, 0x00, 0x00, 0x20, 0x00, 0x20, 0x48, 0x20, 0x40, 0xE0, 0x40, 0x60, 0x40, 0xE0, 0x40, 0xE0, 0x50, 0xE0, 0xD0, 0xE0,
    0x70, 0xE0, 0xC0, 0xE0, 0x60, 0xE0, 0x40, 0xE0, 0x40, 0xE0, 0xC0, 0xE0, 0x40, 0xE1, 0xF0, 0x80, 0x31, 0x98, 0x30, 0xB8, 0x18, 0xB8, 0x50, 0xF8,
    0x70, 0xF8, 0x50, 0xF8, 0x70, 0xF8, 0xD0, 0xF8, 0x70, 0xF8, 0xD1, 0xF9, 0x71, 0xF9, 0xD1, 0xFB, 0x71, 0xF3, 0xD1, 0xE3, 0x71, 0xEB, 0xC5, 0xEF,
    0x77, 0xFF, 0xDD, 0xFF, 0x77, 0xFF, 0xDD, 0xFF, 0x55, 0xFF, 0xDD, 0xFF, 0x77, 0xFF, 0xDD, 0xFF, 0x77, 0xFE, 0xDC, 0xFE, 0x74, 0xFE, 0xDD, 0xFF,
    0x75, 0xFF, 0xDF, 0xFF, 0x77, 0xFF, 0xDD, 0xFF, 0x57, 0xBF, 0xDD, 0xBF, 0x77, 0xFF, 0xDD, 0xFF, 0x77, 0xFF, 0xDD, 0xFF, 0x77, 0x93, 0x00, 0x00,
    0x04, 0x82, 0x00, 0x00, 0x01, 0x83, 0x00, 0x10, 0x01, 0x00, 0x01, 0x00, 0x01, 0x00, 0x00, 0x02, 0x01, 0x00, 0x01, 0x00, 0x01, 0x00, 0x01, 0x00,
    0x01, 0x80, 0x00, 0x01, 0x01, 0x00, 0x80, 0x01, 0x01, 0x00, 0x01, 0x84, 0x00, 0x80, 0x01, 0x05, 0x03, 0x01, 0x03, 0x01, 0x03, 0x01, 0x80, 0x03,
    0x00, 0x01, 0x80, 0x03, 0x2A, 0x01, 0x03, 0x03, 0x02, 0x05, 0x02, 0x01, 0x00, 0x01, 0x83, 0x01, 0x83, 0xC1, 0x83, 0x43, 0xE3, 0xC1, 0xA3, 0x43,
    0xE3, 0xC5, 0xE7, 0x57, 0xEF, 0xC5, 0xEF, 0x47, 0xEF, 0xDD, 0x9F, 0x17, 0x9F, 0x9D, 0xBF, 0x37, 0xFF, 0xDD, 0xFF, 0x77, 0xFF, 0xDD, 0xFE, 0x76,
    0x00, 0xA7, 0x00, 0x00, 0x60, 0x8B, 0x00, 0x7F, 0x08, 0x00, 0x08, 0x00, 0x08, 0x00, 0x08, 0x10, 0x08, 0x10, 0x38, 0x30, 0x78, 0x30, 0x38, 0x30,
    0x38, 0x10, 0x20, 0x00, 0x20, 0x0C, 0x20, 0x04, 0x2C, 0x4C, 0x2C, 0x04, 0x0C, 0x1C, 0x1E, 0x14, 0x1E, 0x1C, 0x3E, 0x36, 0x3E, 0x5C, 0x3E, 0x76,
    0x7E, 0x5C, 0x7E, 0x74, 0xFE, 0x5C, 0xFC, 0x74, 0xFE, 0xDD, 0xFF, 0x75, 0xFF, 0xDD, 0xFB, 0x73, 0xFB, 0xD5, 0xFF, 0x77, 0xFF, 0xDD, 0xFF, 0x77,
    0xFF, 0xDD, 0xFF, 0x77, 0xFF, 0xDD, 0xFF, 0x60, 0xE0, 0x40, 0xE0, 0x40, 0xE0, 0x40, 0xE0, 0x40, 0xC8, 0x40, 0x80, 0x10, 0x88, 0x10, 0x30, 0x10,
    0xB8, 0x50, 0x38, 0x70, 0x78, 0x50, 0x78, 0x70, 0xF8, 0x50, 0xF8, 0x70, 0xF8, 0xD8, 0xF8, 0x70, 0xF8, 0xD0, 0xF0, 0x70, 0xF0, 0xD0, 0xE4, 0x60,
    0xE0, 0xC0, 0xE8, 0x60, 0xE8, 0xCC, 0xE8, 0x51, 0xD8, 0xD8, 0x98, 0x10, 0xB8, 0xDC, 0xB8, 0x74, 0x4A, 0xFC, 0x5C, 0xF8, 0x74, 0xFC, 0x5C, 0xF8,
    0x74, 0xF8, 0xDC, 0xF8, 0x76, 0xFA, 0xDC, 0xF8, 0x70, 0xF8, 0xD0, 0xF8, 0x70, 0xFA, 0xD4, 0xFE, 0x7C, 0xFE, 0xDC, 0xFE, 0x76, 0xFE, 0xFC, 0xFE,
    0x74, 0xFE, 0xDC, 0xFE, 0x74, 0xFE, 0xDC, 0xFF, 0x76, 0xFF, 0xDC, 0xFF, 0x74, 0xFE, 0xD4, 0xFE, 0x75, 0xFF, 0xDD, 0xFF, 0x77, 0xFF, 0xDD, 0xFF,
    0x57, 0xFF, 0xDD, 0xBF, 0x77, 0xFF, 0xDD, 0xFF, 0x77, 0xFF, 0x5D, 0xFF, 0x77, 0xFF, 0x5D, 0xFF, 0x00, 0x00, 0x20, 0x0C, 0x82, 0x00, 0x00, 0x08,
    0x82, 0x00, 0x70, 0x04, 0x00, 0x80, 0x00, 0x20, 0x00, 0xA0, 0x40, 0x20, 0x40, 0xE0, 0x40, 0xE0, 0x40, 0xE0, 0xC0, 0xE0, 0x40, 0xE0, 0xC0, 0x80,
    0x01, 0x80, 0x81, 0xA0, 0x21, 0xA0, 0x61, 0xA1, 0x61, 0xE0, 0x69, 0x20, 0x40, 0xE0, 0x40, 0xA0, 0x50, 0xE0, 0xD1, 0xF1, 0x71, 0xF1, 0xF1, 0xF0,
    0x71, 0xF0, 0xF0, 0xE0, 0x70, 0xE0, 0xC1, 0xE1, 0x61, 0xE9, 0xC1, 0xE3, 0x41, 0xEB, 0xC1, 0x83, 0x11, 0xBB, 0x91, 0xBB, 0x33, 0xFF, 0xDD, 0xFF,
    0x77, 0xFF, 0x5D, 0x7E, 0x74, 0xFE, 0xDC, 0xFF, 0x75, 0xFF, 0xDD, 0xFB, 0x71, 0xFB, 0xD9, 0xFB, 0x73, 0xFB, 0xD5, 0xF3, 0x77, 0xFF, 0xDD, 0xFF,
    0x77, 0xEF, 0xDF, 0xEF, 0x57, 0xDF, 0xDF, 0xFF, 0x57, 0xFF, 0xDD, 0xFF, 0x77, 0xFF, 0xDD, 0xFF, 0x77, 0xFE, 0x5C, 0xFE, 0x8C, 0x00, 0x00, 0x08,
    0x86, 0x00, 0x00, 0x01, 0x83, 0x00, 0x04, 0x01, 0x00, 0x01, 0x01, 0x05, 0x85, 0x01, 0x03, 0x00, 0x01, 0x00, 0x10, 0x84, 0x00, 0x84, 0x01, 0x03,
    0x03, 0x01, 0x03, 0x01, 0x80, 0x03, 0x00, 0x01, 0x80, 0x03, 0x04, 0x01, 0x03, 0x01, 0x03, 0x01, 0x80, 0x03, 0x2D, 0x05, 0x03, 0x07, 0x03, 0x05,
    0x02, 0x04, 0x06, 0x04, 0x06, 0x05, 0x07, 0x05, 0x83, 0x05, 0x83, 0x01, 0x83, 0x03, 0xA3, 0x81, 0x83, 0x07, 0x8F, 0xC5, 0xAF, 0x47, 0xEF, 0x4D,
    0xEF, 0x47, 0xEF, 0x5D, 0xFF, 0x57, 0xFF, 0xDD, 0xFF, 0x77, 0xFF, 0xDD, 0xFF, 0x77, 0xFF, 0xDD, 0xFF, 0x00, 0x80, 0x00, 0x01, 0x20, 0x10, 0x9C,
    0x00, 0x00, 0x30, 0x84, 0x00, 0x00, 0x80, 0x86, 0x00, 0x7F, 0x10, 0x08, 0x10, 0x20, 0x10, 0x28, 0x00, 0x60, 0x90, 0x68, 0x10, 0x68, 0x10, 0x28,
    0x10, 0x38, 0x10, 0x28, 0x10, 0x20, 0x14, 0x20, 0x10, 0x30, 0x10, 0x3C, 0x14, 0x3C, 0x14, 0x2C, 0x0C, 0x2C, 0x14, 0x3C, 0x7C, 0x3E, 0x54, 0xFE,
    0x5C, 0xFE, 0x74, 0xFE, 0x5C, 0xFA, 0x74, 0xFE, 0x54, 0xFE, 0x74, 0xFE, 0xDC, 0xFE, 0x74, 0xFE, 0xDD, 0xFF, 0x55, 0xFF, 0xDD, 0xFF, 0x77, 0xFF,
    0xDD, 0xFF, 0x77, 0xFF, 0x5D, 0xFF, 0x77, 0xFF, 0x5D, 0xFF, 0x77, 0xFF, 0x40, 0xA0, 0x60, 0xE0, 0x40, 0xE0, 0x40, 0xE0, 0x40, 0x80, 0x04, 0x88,
    0x00, 0x90, 0x10, 0xB8, 0x50, 0xB8, 0x30, 0xB8, 0x50, 0x30, 0x70, 0xF0, 0x50, 0xF0, 0x70, 0xF8, 0xD0, 0xF8, 0x70, 0xF8, 0xD0, 0xF8, 0x50, 0xE8,
    0xD0, 0xB8, 0x50, 0xF8, 0xD0, 0xF8, 0x70, 0xF8, 0x50, 0xE8, 0x50, 0xE8, 0x58, 0xF8, 0x50, 0xF8, 0xD8, 0xF8, 0x49, 0x70, 0xF8, 0xD8, 0xF8, 0x70,
    0xF8, 0xD0, 0xF8, 0x71, 0xF9, 0xD0, 0xF8, 0x74, 0xFC, 0xDC, 0xF8, 0x70, 0xE8, 0xCA, 0xE8, 0x50, 0xF8, 0xDC, 0xFC, 0x74, 0xFE, 0xDC, 0xFE, 0x74,
    0xFE, 0x5C, 0x7E, 0x74, 0xFE, 0x5D, 0xFE, 0x75, 0xFE, 0xDD, 0xFE, 0x74, 0xFC, 0xDC, 0xFA, 0x70, 0xFA, 0xD1, 0xFB, 0x77, 0xFF, 0xDD, 0xFF, 0x77,
    0xEF, 0xCD, 0xEF, 0x47, 0xEF, 0xDD, 0xFF, 0x57, 0xFF, 0xDF, 0xFF, 0x77, 0xFF, 0xDD, 0xFF, 0x77, 0xFF, 0x5D, 0xFE, 0x77, 0xFF, 0x81, 0x00, 0x00,
    0x08, 0x82, 0x00, 0x00, 0x04, 0x81, 0x00, 0x0F, 0x80, 0x40, 0x80, 0x00, 0x80, 0x00, 0x80, 0x00, 0x80, 0x40, 0xA0, 0x40, 0xE0, 0x40, 0xE8, 0x40,
    0x80, 0xC0, 0x5D, 0x41, 0xA0, 0xC1, 0x81, 0x41, 0x89, 0xC1, 0xA1, 0x01, 0xA1, 0x01, 0x20, 0x00, 0x20, 0x40, 0x20, 0x40, 0xE0, 0x60, 0xE0, 0x71,
    0xE0, 0xF1, 0xE1, 0x71, 0xE1, 0xD1, 0xE1, 0xF1, 0xE1, 0xD1, 0xE3, 0x61, 0xE3, 0xD1, 0xE3, 0x41, 0xE3, 0xC1, 0xC3, 0x41, 0xCB, 0xD1, 0xFB, 0x53,
    0xFB, 0xDD, 0xBB, 0x73, 0xBB, 0x55, 0x3A, 0x76, 0xFE, 0x54, 0xFE, 0x75, 0xFE, 0xDD, 0xFF, 0x75, 0xF9, 0xD9, 0xFB, 0x71, 0xFB, 0xD1, 0xFB, 0x77,
    0xFF, 0xD5, 0xFF, 0x77, 0xFF, 0xDD, 0xEF, 0x77, 0xEF, 0xDD, 0xFF, 0x77, 0xFF, 0xDD, 0xFF, 0x77, 0xFF, 0xDD, 0xFF, 0x77, 0xFF, 0xDD, 0xFF, 0x77,
    0xFF, 0x86, 0x00, 0x00, 0x10, 0x8E, 0x00, 0x03, 0x01, 0x00, 0x00, 0x01, 0x82, 0x00, 0x01, 0x01, 0x00, 0x84, 0x01, 0x88, 0x00, 0x84, 0x01, 0x01,
    0x03, 0x01, 0x80, 0x03, 0x00, 0x01, 0x80, 0x03, 0x00, 0x01, 0x80, 0x03, 0x04, 0x05, 0x03, 0x07, 0x07, 0x05, 0x80, 0x03, 0x08, 0x01, 0x03, 0x01,
    0x02, 0x01, 0x03, 0x07, 0x07, 0x05, 0x80, 0x07, 0x1F, 0x45, 0x03, 0x05, 0x8F, 0x05, 0x8F, 0x07, 0x8F, 0x8D, 0x8F, 0x07, 0x8F, 0x0D, 0x2F, 0x17,
    0x2F, 0x5D, 0x7F, 0x77, 0xFF, 0xDD, 0xFF, 0x77, 0xFF, 0xDD, 0xFF, 0x75, 0xFB, 0xDD, 0xFB, 0x77, 0xFF, 0x00, 0x00, 0x20, 0x99, 0x00, 0x01, 0x08,
    0x10, 0x85, 0x00, 0x00, 0x80, 0x8A, 0x00, 0x67, 0x08, 0x10, 0x08, 0x10, 0x08, 0x10, 0x30, 0x10, 0x30, 0x90, 0x30, 0x10, 0x28, 0x00, 0x20, 0x00,
    0x28, 0x02, 0x48, 0x00, 0x48, 0x10, 0x58, 0x10, 0xB8, 0x9C, 0x38, 0x14, 0x3C, 0x14, 0x3C, 0x34, 0x3C, 0x5C, 0x7C, 0x74, 0xFC, 0x5C, 0xFC, 0x74,
    0xFC, 0x5C, 0xF8, 0x70, 0xF8, 0xD8, 0xFA, 0x72, 0xFE, 0xD4, 0xFE, 0x76, 0xFE, 0xC4, 0xEE, 0x67, 0xEE, 0xCD, 0xFF, 0x57, 0xFF, 0xDD, 0xFF, 0x77,
    0xFF, 0xDD, 0xBF, 0x37, 0xBF, 0x5D, 0xFF, 0x77, 0xFF, 0xDD, 0xFF, 0x10, 0xA0, 0x02, 0xA0, 0x00, 0x20, 0x00, 0x20, 0x00, 0x20, 0x40, 0x60, 0x50,
    0xF8, 0x50, 0xF8, 0x70, 0xF8, 0x50, 0xB0, 0x70, 0xF0, 0xD0, 0xF0, 0x70, 0xF8, 0xD0, 0xF0, 0x70, 0x80, 0xE0, 0x5F, 0x40, 0xE8, 0xC0, 0xC8, 0x50,
    0xF8, 0xD0, 0xB8, 0x10, 0xB8, 0x10, 0xB8, 0x30, 0x38, 0x50, 0x78, 0x70, 0xF8, 0x58, 0xF8, 0x70, 0xF9, 0xD9, 0xF9, 0x70, 0xF8, 0xD8, 0xF8, 0x70,
    0xF8, 0xD0, 0xF8, 0x70, 0xF8, 0xD0, 0xF0, 0x60, 0xEC, 0xC4, 0xEC, 0x44, 0xEC, 0xDC, 0xFC, 0x54, 0xFC, 0xDC, 0xFC, 0x34, 0xBC, 0x3C, 0xBE, 0x74,
    0xFE, 0x7C, 0xFE, 0x74, 0xFE, 0xDC, 0xFE, 0x74, 0xFC, 0xDC, 0xF8, 0x70, 0xFA, 0xDD, 0xFB, 0x77, 0xFF, 0xDD, 0xFF, 0x77, 0xFF, 0xD5, 0xFF, 0x77,
    0xEF, 0xDD, 0xFF, 0x77, 0xFF, 0xDD, 0xFF, 0x77, 0xFF, 0xDD, 0xFF, 0x77, 0xFF, 0xDD, 0xFF, 0x77, 0xFF, 0xDD, 0xFF, 0x80, 0x00, 0x00, 0x02, 0x82,
    0x00, 0x00, 0x40, 0x81, 0x00, 0x74, 0x40, 0x00, 0x40, 0x80, 0x40, 0x80, 0x00, 0x80, 0x40, 0x80, 0x11, 0x80, 0xC1, 0xA2, 0x01, 0x90, 0x42, 0x80,
    0x00, 0x80, 0x40, 0x80, 0x41, 0x81, 0x41, 0x81, 0x01, 0x81, 0x01, 0xA1, 0x01, 0xA0, 0x00, 0x20, 0x60, 0xE0, 0x40, 0xE0, 0x60, 0xE0, 0xC0, 0xE0,
    0x40, 0xE0, 0xC1, 0xE9, 0x41, 0xE1, 0xC1, 0xE3, 0x51, 0xE3, 0xC1, 0xA3, 0x03, 0xA3, 0x41, 0x23, 0x43, 0xEB, 0x51, 0xFB, 0x73, 0xFB, 0xDD, 0xFB,
    0x71, 0xFB, 0xD9, 0xFB, 0x71, 0xFB, 0xD1, 0xFB, 0x73, 0xFB, 0xD5, 0xFB, 0x77, 0xEF, 0xC5, 0xEB, 0x65, 0xEF, 0xDD, 0xFF, 0x57, 0xFF, 0xDD, 0xFF,
    0x77, 0xBF, 0x9D, 0xBF, 0x37, 0xBF, 0x5D, 0xFF, 0x77, 0xFF, 0xDD, 0xFF, 0x77, 0xFF, 0xDD, 0xFF, 0x75, 0xFF, 0xDD, 0xFF, 0x77, 0xFF, 0xDD, 0xFF,
    0x00, 0x00, 0x40, 0x8E, 0x00, 0x00, 0x01, 0x80, 0x00, 0x01, 0x01, 0x00, 0x80, 0x01, 0x01, 0x00, 0x01, 0x80, 0x00, 0x00, 0x08, 0x82, 0x00, 0x00,
    0x01, 0x84, 0x00, 0x80, 0x01, 0x0B, 0x03, 0x01, 0x03, 0x01, 0x02, 0x01, 0x00, 0x01, 0x03, 0x01, 0x03, 0x01, 0x80, 0x03, 0x00, 0x01, 0x80, 0x03,
    0x00, 0x01, 0x80, 0x03, 0x07, 0x05, 0x03, 0x07, 0x06, 0x05, 0x02, 0x05, 0x00, 0x80, 0x01, 0x01, 0x03, 0x01, 0x80, 0x03, 0x04, 0x81, 0x03, 0x03,
    0x07, 0x05, 0x80, 0x07, 0x1D, 0x05, 0x0F, 0x07, 0x8F, 0x0D, 0x8F, 0x07, 0x8F, 0x0D, 0x8F, 0x17, 0xBF, 0x1D, 0xBF, 0x77, 0xFF, 0xDD, 0xFF, 0x77,
    0xFE, 0xDD, 0xFE, 0x75, 0xFD, 0xDD, 0xFF, 0x77, 0xFF, 0xDD, 0xFF, 0x00, 0x94, 0x00, 0x01, 0x04, 0x08, 0x81, 0x00, 0x00, 0x10, 0x92, 0x00, 0x0B,
    0x08, 0x00, 0x00, 0x80, 0x08, 0x10, 0x00, 0x10, 0x08, 0x10, 0x30, 0x10, 0x80, 0x20, 0x00, 0x22, 0x80, 0x20, 0x7F, 0xA0, 0x88, 0x04, 0x28, 0x14,
    0x0C, 0x1C, 0x18, 0x14, 0x18, 0x1C, 0x38, 0x14, 0x3C, 0x1C, 0x3C, 0x74, 0x7E, 0x5C, 0x7C, 0x74, 0xFC, 0x5C, 0xF8, 0x74, 0xF8, 0xDC, 0xFA, 0x74,
    0xFA, 0xDC, 0xFA, 0x76, 0xFE, 0xD4, 0xB6, 0x77, 0xEE, 0x5D, 0xFF, 0x77, 0xFF, 0xDD, 0xFF, 0x77, 0xFF, 0xDD, 0xFF, 0x77, 0xFF, 0xDD, 0xFF, 0x77,
    0xFF, 0xDD, 0xFF, 0x77, 0xFF, 0x40, 0x80, 0x10, 0x80, 0x10, 0x20, 0x10, 0x30, 0x10, 0x30, 0x70, 0xF8, 0x50, 0xF0, 0x70, 0xF8, 0x50, 0xF0, 0x50,
    0xF8, 0xD0, 0xF0, 0x70, 0xF8, 0xD0, 0xF0, 0x70, 0xE0, 0xC0, 0xE0, 0x40, 0xE0, 0x40, 0xE0, 0x40, 0xE8, 0xD8, 0xF8, 0x50, 0xF8, 0xD8, 0xB8, 0x10,
    0xB8, 0x18, 0xB8, 0x74, 0xF8, 0x58, 0xF8, 0x70, 0xF8, 0xD0, 0xF8, 0x70, 0xF8, 0xD0, 0xF8, 0x70, 0xF8, 0xD8, 0xF8, 0x70, 0xF8, 0xD0, 0xF8, 0x70,
    0xB8, 0xD4, 0xB8, 0x39, 0x74, 0xFC, 0x5C, 0xFC, 0x74, 0xFC, 0xDC, 0xFC, 0x74, 0xFC, 0xDC, 0xFC, 0x74, 0xFC, 0xDC, 0xFE, 0x74, 0xFE, 0xDC, 0xFE,
    0x75, 0xFE, 0xD5, 0xFE, 0x75, 0xEE, 0xDC, 0xFF, 0x75, 0xFF, 0xDD, 0xFF, 0x57, 0xFF, 0xDD, 0xBF, 0x77, 0xBF, 0xDD, 0xFF, 0x77, 0xFF, 0xDD, 0xFF,
    0x77, 0xFE, 0xDD, 0xFE, 0x75, 0xFF, 0xDD, 0xFF, 0x77, 0xFF, 0xDD, 0xFF, 0x77, 0xFF, 0x81, 0x00, 0x01, 0x40, 0x80, 0x83, 0x00, 0x73, 0x40, 0x00,
    0x00, 0x80, 0x40, 0x80, 0x40, 0xC0, 0x48, 0x90, 0x40, 0xC1, 0xD1, 0x80, 0x01, 0x81, 0x01, 0x80, 0x01, 0x80, 0x00, 0x20, 0x00, 0xA0, 0x40, 0xA0,
    0x40, 0xE0, 0x40, 0xA0, 0x40, 0xA0, 0x40, 0xA0, 0x41, 0xE0, 0xC1, 0xE0, 0x61, 0xE8, 0xC0, 0xE0, 0x60, 0xE0, 0xC0, 0xE0, 0x41, 0xE1, 0xC1, 0xE1,
    0x41, 0xE3, 0xC1, 0x83, 0x51, 0x83, 0x11, 0xB3, 0x13, 0xB3, 0x51, 0xFB, 0x73, 0xFB, 0x55, 0xFA, 0x70, 0xF8, 0xD0, 0xF8, 0x71, 0xF9, 0xD9, 0xFB,
    0x71, 0xFB, 0xD1, 0xFB, 0x73, 0xF3, 0xD1, 0xE3, 0x67, 0xEF, 0xC5, 0xEF, 0x77, 0xEF, 0xDD, 0xFF, 0x57, 0xFF, 0xDD, 0xBF, 0x17, 0xBF, 0xDD, 0xFF,
    0x77, 0xFF, 0xDD, 0xFF, 0x77, 0xFE, 0xDC, 0xFE, 0x74, 0xFE, 0xDD, 0xFF, 0x75, 0xFF, 0xDD, 0xFF, 0x77, 0xFF, 0x92, 0x00, 0x09, 0x20, 0x00, 0x00,
    0x01, 0x00, 0x01, 0x00, 0x05, 0x00, 0x01, 0x88, 0x00, 0x00, 0x02, 0x80, 0x00, 0x83, 0x01, 0x10, 0x05, 0x07, 0x01, 0x03, 0x01, 0x03, 0x01, 0x03,
    0x01, 0x03, 0x01, 0x03, 0x01, 0x03, 0x01, 0x03, 0x01, 0x80, 0x03, 0x00, 0x01, 0x80, 0x03, 0x03, 0x01, 0x02, 0x00, 0x02, 0x80, 0x00, 0x2C, 0x01,
    0x01, 0x83, 0x01, 0x03, 0x01, 0x03, 0x0B, 0x03, 0x01, 0x03, 0x07, 0x07, 0x05, 0x07, 0x07, 0x0F, 0x05, 0x0F, 0x07, 0x8F, 0x0D, 0x8F, 0x07, 0x8F,
    0x5D, 0xBF, 0x57, 0xFF, 0xDD, 0xFF, 0x77, 0xFF, 0xD5, 0xFF, 0x77, 0xFF, 0xDD, 0xFF, 0x77, 0xFF, 0xDD, 0xFF, 0x77, 0xFF, 0x00, 0x8F, 0x00, 0x00,
    0x04, 0x81, 0x00, 0x00, 0x20, 0x98, 0x00, 0x00, 0x08, 0x82, 0x00, 0x05, 0x08, 0x00, 0x00, 0x80, 0x88, 0x01, 0x82, 0x00, 0x7F, 0x20, 0x08, 0x24,
    0x28, 0x34, 0x2C, 0x0C, 0x2C, 0x14, 0x0C, 0x1C, 0x38, 0x14, 0x3C, 0x1C, 0x38, 0x34, 0x38, 0x5C, 0x3A, 0x30, 0x78, 0x54, 0x72, 0x74, 0xEE, 0x54,
    0xFE, 0x74, 0xFE, 0xDC, 0xFE, 0x57, 0xDE, 0xDD, 0x9F, 0x17, 0xBF, 0x1D, 0xBF, 0x77, 0xFF, 0x5D, 0xFF, 0x77, 0xFE, 0x5C, 0xFE, 0x76, 0xFE, 0xDD,
    0xFF, 0x77, 0xFF, 0xDD, 0xFF, 0x77, 0xFB, 0xDD, 0xFB, 0x00, 0x08, 0x10, 0x18, 0x10, 0xB8, 0x10, 0x38, 0x70, 0xF8, 0x50, 0x70, 0x70, 0xF0, 0x50,
    0x60, 0x70, 0xE8, 0x40, 0xE8, 0x70, 0xE8, 0xD0, 0xE8, 0x50, 0xE8, 0xD0, 0xA0, 0x10, 0xA8, 0x10, 0xB8, 0x70, 0xF8, 0x58, 0x78, 0x70, 0xF8, 0x58,
    0x78, 0x50, 0xF8, 0x58, 0xF8, 0x70, 0xF8, 0xD8, 0xF8, 0x70, 0xF8, 0xD0, 0xF0, 0x70, 0xF0, 0xD8, 0xF0, 0x70, 0xEC, 0xDC, 0xEC, 0x74, 0xEC, 0xDC,
    0xD8, 0x50, 0x98, 0x9C, 0xB8, 0x3B, 0x34, 0xBC, 0xDC, 0xFE, 0x74, 0xFE, 0x5C, 0x7E, 0x74, 0xFC, 0x5C, 0xFC, 0x74, 0xFC, 0xDC, 0xFC, 0x74, 0xFC,
    0xDC, 0xFA, 0x70, 0xFA, 0xD0, 0xF2, 0x76, 0xFE, 0xD5, 0xFE, 0x77, 0xFF, 0xDD, 0xFF, 0x57, 0xFF, 0xDD, 0xFF, 0x57, 0xFF, 0xDD, 0xFF, 0x77, 0xFF,
    0xDD, 0xFF, 0x77, 0xFE, 0x5C, 0xFE, 0x76, 0xFE, 0xDC, 0xFF, 0x77, 0xFF, 0xDD, 0xFF, 0x77, 0xFF, 0xDD, 0xFF, 0x84, 0x00, 0x78, 0x20, 0x00, 0x80,
    0x40, 0xA0, 0x00, 0x90, 0x20, 0x20, 0x00, 0xF0, 0x50, 0xE0, 0x40, 0xC0, 0x40, 0x81, 0x00, 0x80, 0x00, 0x80, 0x00, 0x80, 0x00, 0xA0, 0x00, 0xA0,
    0x00, 0x20, 0x20, 0x60, 0x40, 0x60, 0x40, 0xE0, 0x50, 0xE0, 0x60, 0xE0, 0xD0, 0xE0, 0x71, 0xE0, 0xD1, 0xE0, 0x41, 0xE0, 0xC1, 0xE1, 0x61, 0xE1,
    0xC1, 0xE1, 0x41, 0xE1, 0xC1, 0xE1, 0x41, 0xC9, 0xD1, 0xB9, 0x51, 0xFB, 0xD1, 0xFB, 0x71, 0xFB, 0x51, 0xFA, 0x70, 0xFA, 0x50, 0xF8, 0x70, 0xFA,
    0xDD, 0xFB, 0x71, 0xFB, 0xD9, 0xFB, 0x51, 0xFB, 0xD1, 0xFB, 0x73, 0xFF, 0xD5, 0xFF, 0x77, 0xFF, 0xDD, 0xFF, 0x77, 0xFF, 0x5D, 0xFF, 0x77, 0xFF,
    0xDF, 0xFF, 0x77, 0xFF, 0xDF, 0xFF, 0x77, 0xFF, 0xDD, 0xFB, 0x77, 0xFF, 0xDD, 0xFF, 0x77, 0xFF, 0xDD, 0xFF, 0x77, 0xFF, 0xDD, 0xFF, 0x8C, 0x00,
    0x00, 0x40, 0x82, 0x00, 0x00, 0x01, 0x8B, 0x00, 0x00, 0x08, 0x86, 0x00, 0x80, 0x01, 0x00, 0x05, 0x82, 0x01, 0x27, 0x03, 0x01, 0x03, 0x01, 0x03,
    0x01, 0x03, 0x01, 0x02, 0x01, 0x02, 0x00, 0x02, 0x01, 0x03, 0x01, 0x03, 0x01, 0x03, 0x01, 0x03, 0x01, 0x02, 0x01, 0x02, 0x01, 0x03, 0x01, 0x03,
    0x03, 0x13, 0x05, 0x03, 0x01, 0x03, 0x01, 0x03, 0x03, 0x07, 0x05, 0x80, 0x07, 0x1D, 0x05, 0x07, 0x07, 0x0F, 0x05, 0x0E, 0x46, 0xEE, 0x4D, 0xEF,
    0x57, 0xFF, 0xDD, 0xFF, 0x75, 0xFB, 0xD9, 0xFB, 0x73, 0xFB, 0xD5, 0xFF, 0x77, 0xFF, 0xDD, 0xFF, 0x77, 0xEF, 0xCD, 0xEF, 0x00, 0x89, 0x00, 0x00,
    0x02, 0x82, 0x00, 0x00, 0x40, 0x99, 0x00, 0x00, 0x08, 0x82, 0x00, 0x01, 0x40, 0x40, 0x81, 0x00, 0x7F, 0x01, 0x00, 0x00, 0x40, 0x08, 0x40, 0x08,
    0x40, 0x08, 0x00, 0x08, 0x14, 0x0C, 0x14, 0x08, 0x14, 0x0C, 0x14, 0x2C, 0x14, 0x3C, 0x1C, 0x3C, 0x14, 0x38, 0x18, 0x38, 0x10, 0x38, 0x10, 0x32,
    0x30, 0x3A, 0x54, 0x3E, 0x76, 0xEE, 0x44, 0xAE, 0x46, 0xEE, 0x4D, 0x8F, 0x17, 0x9F, 0xDD, 0xBF, 0x77, 0xBF, 0xDD, 0xBF, 0x77, 0xFE, 0x5C, 0x7E,
    0x76, 0xFE, 0xDC, 0xFE, 0x77, 0xFF, 0xDD, 0xFF, 0x7D, 0xFF, 0xDD, 0xFB, 0x73, 0xFB, 0x00, 0x28, 0x10, 0x38, 0x58, 0x38, 0x70, 0x78, 0x50, 0x38,
    0x30, 0x38, 0x50, 0x30, 0x70, 0xE0, 0x50, 0x60, 0x70, 0xE8, 0x40, 0xE8, 0x40, 0xC8, 0x40, 0x88, 0x10, 0x88, 0x18, 0xB8, 0x10, 0xB8, 0x1C, 0x38,
    0x30, 0x38, 0x5C, 0x38, 0x74, 0x7C, 0x5C, 0xF8, 0x74, 0xFC, 0xDC, 0xF8, 0x70, 0xF8, 0xD8, 0xF8, 0x70, 0xF8, 0xD0, 0xF0, 0x70, 0xFC, 0xD4, 0xFC,
    0x74, 0x5A, 0xEC, 0x4C, 0xEC, 0x44, 0xCC, 0xDC, 0xFE, 0x54, 0xFE, 0xDC, 0xFE, 0x74, 0xFE, 0x5C, 0xFE, 0x74, 0xFE, 0x5C, 0xFE, 0x74, 0xFE, 0xDC,
    0xFE, 0x74, 0xFE, 0xDC, 0xF8, 0x70, 0xFB, 0xD8, 0xFB, 0x73, 0xFF, 0xDD, 0xFF, 0x77, 0xFF, 0xDD, 0xFF, 0x77, 0xFE, 0x5D, 0xFE, 0x77, 0xFF, 0xDD,
    0xFF, 0x77, 0xFF, 0xDD, 0xFF, 0x77, 0xFF, 0xDD, 0xFF, 0x77, 0xFF, 0xDD, 0xFF, 0x77, 0xFF, 0xDD, 0xFF, 0x77, 0xFF, 0xDD, 0xEF, 0x57, 0xFF, 0x00,
    0x20, 0x10, 0x20, 0x40, 0x20, 0x60, 0xE0, 0x40, 0xB0, 0x00, 0x81, 0x20, 0x80, 0x90, 0xA0, 0x40, 0xA0, 0x00, 0xA1, 0x40, 0x20, 0x82, 0x00, 0x64,
    0x80, 0x40, 0xA0, 0x10, 0xA0, 0x50, 0xB0, 0x70, 0xF0, 0x50, 0x70, 0x70, 0xE0, 0x50, 0xE0, 0x70, 0xE0, 0xD0, 0xE0, 0x60, 0xE0, 0xC0, 0xE0, 0x40,
    0xE0, 0xD0, 0xE0, 0x51, 0xF0, 0xD1, 0xB1, 0x71, 0xA8, 0x50, 0x20, 0x40, 0x68, 0x50, 0xF8, 0x70, 0xF8, 0xD9, 0xF9, 0x71, 0xF8, 0xD9, 0xF8, 0x71,
    0xF8, 0xD2, 0xF8, 0x71, 0xFA, 0xD5, 0xFB, 0x75, 0xFF, 0xD5, 0xEB, 0x45, 0xEB, 0xCD, 0xEB, 0x55, 0xFF, 0xDD, 0xFF, 0x77, 0xFF, 0xDD, 0xBF, 0x37,
    0xBF, 0x5D, 0x7E, 0x77, 0xFE, 0xDD, 0xFF, 0x7F, 0xFF, 0xDD, 0xFF, 0x75, 0xFF, 0xD9, 0xFB, 0x73, 0xFB, 0xDD, 0xFF, 0x77, 0xFF, 0xDD, 0xFF, 0x77,
    0xEF, 0xCD, 0xEF, 0x47, 0xEF, 0x88, 0x00, 0x00, 0x40, 0x8D, 0x00, 0x00, 0x10, 0x8E, 0x00, 0x00, 0x04, 0x80, 0x00, 0x88, 0x01, 0x86, 0x00, 0x01,
    0x01, 0x00, 0x82, 0x01, 0x07, 0x03, 0x01, 0x03, 0x01, 0x23, 0x03, 0x03, 0x01, 0x80, 0x03, 0x00, 0x01, 0x80, 0x03, 0x23, 0x05, 0x83, 0x07, 0x87,
    0x05, 0x83, 0x07, 0x07, 0x05, 0x23, 0x07, 0xEE, 0x45, 0xEF, 0x77, 0xEF, 0xD5, 0xEF, 0x75, 0xEF, 0xD5, 0xEB, 0x51, 0xFB, 0xDD, 0xFF, 0x77, 0xFF,
    0xDD, 0xFF, 0x77, 0xFF, 0xDD, 0xFF, 0x77, 0xFF, 0x00, 0x84, 0x00, 0x00, 0x02, 0x82, 0x00, 0x00, 0x80, 0x9A, 0x00, 0x00, 0x08, 0x92, 0x00, 0x7F,
    0x08, 0x00, 0x08, 0x00, 0x08, 0x40, 0x08, 0x40, 0x08, 0x40, 0x08, 0x14, 0x0C, 0x14, 0x0C, 0x14, 0x0C, 0x04, 0x08, 0x00, 0x08, 0x00, 0x08, 0x10,
    0x1A, 0x14, 0x3A, 0x17, 0xBE, 0x15, 0x2E, 0x17, 0x2E, 0x04, 0x2E, 0x17, 0xBE, 0x5D, 0xFF, 0x77, 0xFF, 0xDD, 0xFF, 0x77, 0xFF, 0xDD, 0xFF, 0x77,
    0xFF, 0xDD, 0xFF, 0x7F, 0xFF, 0xDD, 0xFF, 0x77, 0xFF, 0xDD, 0xEF, 0x77, 0xFF, 0xDD, 0xFF, 0x10, 0x38, 0x10, 0x38, 0x30, 0x38, 0x50, 0x38, 0x10,
    0x28, 0x10, 0x30, 0x10, 0x38, 0x10, 0x30, 0xB0, 0x28, 0x40, 0x20, 0x00, 0x29, 0x0C, 0x28, 0x04, 0x0C, 0x5C, 0x3C, 0x14, 0x3E, 0x1C, 0x38, 0x14,
    0x38, 0x1C, 0x38, 0x30, 0x38, 0x5C, 0x78, 0x74, 0xFC, 0x5C, 0xFC, 0x74, 0xF8, 0x58, 0xE8, 0x50, 0xF8, 0xD8, 0xFA, 0x50, 0xFF, 0xDC, 0xBE, 0x36,
    0xBE, 0x14, 0x3E, 0x34, 0x2E, 0x5C, 0x7E, 0x74, 0x7F, 0xFE, 0x5C, 0xFE, 0x74, 0xFE, 0xDC, 0xFE, 0x74, 0xFA, 0xDC, 0xFA, 0x74, 0xFE, 0xDC, 0xFE,
    0x76, 0xFE, 0xD4, 0xEE, 0x64, 0xEE, 0xCD, 0xFF, 0x57, 0xFF, 0xDD, 0xFF, 0x77, 0xFF, 0xDD, 0xBF, 0x37, 0xBF, 0x1D, 0x3F, 0x77, 0xFE, 0x5D, 0xFF,
    0x77, 0xFF, 0xDD, 0xFF, 0x75, 0xFF, 0xDD, 0xFB, 0x71, 0xFB, 0xDD, 0xFF, 0x7F, 0xFF, 0xDD, 0xFF, 0x77, 0xFF, 0xC5, 0xEF, 0x67, 0xEF, 0xDD, 0xFF,
    0x40, 0x20, 0x40, 0x28, 0x40, 0x60, 0x40, 0x20, 0x40, 0x00, 0x48, 0x00, 0x00, 0x80, 0x00, 0x20, 0x00, 0xA0, 0x00, 0x20, 0x00, 0x20, 0x00, 0x20,
    0x00, 0x20, 0x40, 0x20, 0x50, 0xF8, 0x50, 0xF8, 0x50, 0xF8, 0x50, 0xB0, 0x70, 0xF0, 0x50, 0xF0, 0x70, 0xF0, 0xD0, 0xE0, 0x60, 0xE0, 0x60, 0xE0,
    0x60, 0xE8, 0xC0, 0xE8, 0x50, 0xF8, 0xD8, 0xB8, 0x10, 0xB8, 0x10, 0x38, 0x30, 0x38, 0x5C, 0x78, 0x74, 0x3E, 0xFC, 0x5C, 0xFC, 0x74, 0xF8, 0xDC,
    0xF9, 0x70, 0xF8, 0xD8, 0xF8, 0x71, 0xF9, 0xD1, 0xFB, 0x71, 0xFB, 0xD5, 0xE3, 0x65, 0xEF, 0xC5, 0xEF, 0x47, 0xFF, 0xDD, 0xFF, 0x57, 0xFF, 0xDD,
    0xBF, 0x37, 0xBF, 0x5F, 0xBF, 0x77, 0xFF, 0xDD, 0xFF, 0x77, 0xFE, 0xDD, 0xFE, 0x75, 0xFC, 0xDF, 0xFD, 0x77, 0xFF, 0xDF, 0xFF, 0x77, 0xFF, 0xDD,
    0xFF, 0x77, 0xFF, 0xD5, 0xFF, 0x77, 0xFF, 0xDD, 0xFF, 0x83, 0x00, 0x00, 0x80, 0x8B, 0x00, 0x00, 0x20, 0x92, 0x00, 0x00, 0x02, 0x87, 0x00, 0x04,
    0x01, 0x00, 0x01, 0x00, 0x01, 0x8C, 0x00, 0x80, 0x01, 0x05, 0x21, 0x01, 0x03, 0x01, 0x03, 0x01, 0x80, 0x03, 0x00, 0x01, 0x80, 0x03, 0x25, 0x01,
    0x03, 0x03, 0x83, 0x41, 0x83, 0x01, 0xA3, 0x41, 0xA3, 0x51, 0xE3, 0xD1, 0xF3, 0x73, 0xFF, 0xD5, 0xF3, 0x77, 0xE7, 0xC5, 0xE7, 0x67, 0xEF, 0xDD,
    0xFF, 0x57, 0xFF, 0xDD, 0xFF, 0x57, 0xBF, 0x9D, 0xBF, 0x37, 0xFF, 0x5D, 0xFF, 0x00, 0x00, 0x02, 0xA3, 0x00, 0x00, 0x08, 0x95, 0x00, 0x04, 0x20,
    0x00, 0x20, 0x00, 0x20, 0x85, 0x00, 0x00, 0x02, 0x83, 0x00, 0x7F, 0x04, 0x02, 0x04, 0x8E, 0x05, 0x8F, 0x07, 0x8F, 0x0D, 0x8F, 0x17, 0x8F, 0x1D,
    0x1F, 0x17, 0xBF, 0x1D, 0xBE, 0x77, 0xFE, 0x5C, 0xFE, 0x74, 0xFC, 0xDC, 0xFD, 0x75, 0xFF, 0xDD, 0xFF, 0x77, 0xFF, 0xDD, 0xFB, 0x77, 0xF7, 0xD5,
    0xE7, 0x77, 0xEF, 0xDD, 0xFF, 0x77, 0xFF, 0x10, 0x38, 0x10, 0x28, 0x00, 0x20, 0x00, 0x09, 0x00, 0x08, 0x00, 0x88, 0x04, 0x08, 0x10, 0x08, 0x12,
    0x08, 0x10, 0x08, 0x0C, 0x2E, 0x14, 0x2E, 0x1C, 0x3E, 0x14, 0x3C, 0x1C, 0x3C, 0x14, 0x3C, 0x9C, 0x38, 0x10, 0x38, 0x18, 0x3A, 0x30, 0x3A, 0x54,
    0x3A, 0x30, 0x22, 0x44, 0x22, 0x44, 0x6E, 0x4C, 0x6E, 0x54, 0x7E, 0x5C, 0x3E, 0x16, 0x1E, 0x1C, 0x3E, 0x16, 0x3E, 0x1C, 0x3E, 0x76, 0x7E, 0x5C,
    0xFE, 0x76, 0x7E, 0x5C, 0x7C, 0x74, 0xFC, 0xDC, 0xFA, 0x75, 0xFF, 0xFD, 0xFB, 0x73, 0xFB, 0xF5, 0xF3, 0x77, 0xE7, 0x7F, 0x45, 0xEF, 0x77, 0xFF,
    0xDD, 0xFF, 0x77, 0xFF, 0xDD, 0xBF, 0x17, 0xBF, 0xDD, 0xBF, 0x77, 0xFF, 0xDD, 0xFF, 0x77, 0xFF, 0xDD, 0xFE, 0x76, 0xFE, 0xDC, 0xFF, 0x75, 0xFF,
    0xDD, 0xFF, 0x77, 0xFF, 0xDD, 0xFF, 0xF7, 0xFF, 0xD5, 0xFF, 0x77, 0xFF, 0xDD, 0xFF, 0x77, 0xFF, 0x10, 0xF0, 0x10, 0x20, 0x00, 0x20, 0x08, 0x20,
    0x00, 0x20, 0x00, 0x08, 0x40, 0x08, 0x00, 0x08, 0x00, 0x08, 0x10, 0x08, 0x10, 0x38, 0x10, 0x38, 0x10, 0x38, 0x70, 0x78, 0x50, 0x78, 0x70, 0x78,
    0x50, 0x78, 0x70, 0xF8, 0x50, 0xF8, 0x70, 0xF8, 0x50, 0xF0, 0x70, 0xA0, 0x40, 0x20, 0x40, 0xE8, 0x44, 0xEC, 0x74, 0xEC, 0x5C, 0xFC, 0x54, 0xBC,
    0x5C, 0xB8, 0x14, 0xBC, 0x5C, 0xBA, 0x74, 0xFE, 0x5C, 0xFE, 0x74, 0xFC, 0x54, 0xF8, 0x74, 0xFC, 0xDC, 0xFA, 0x74, 0xFE, 0xDD, 0xFB, 0x75, 0xFB,
    0xDD, 0xBB, 0x17, 0xBF, 0x2C, 0x55, 0xBF, 0x77, 0xFF, 0x5D, 0xFF, 0x77, 0xFE, 0x5D, 0xFE, 0x75, 0xFE, 0xDD, 0xFF, 0x75, 0xFF, 0xDD, 0xFF, 0x77,
    0xFF, 0xDD, 0xFF, 0x77, 0xFF, 0xD5, 0xFF, 0x77, 0xFF, 0xDD, 0xFF, 0x7F, 0xFF, 0xDD, 0xFF, 0x57, 0xFF, 0xDD, 0xBF, 0x37, 0xBF, 0xDD, 0xFF, 0x77,
    0xFF, 0x80, 0x87, 0x00, 0x00, 0x20, 0x94, 0x00, 0x00, 0x01, 0x80, 0x00, 0x00, 0x02, 0x95, 0x00, 0x00, 0x80, 0x84, 0x00, 0x03, 0x40, 0x00, 0x01,
    0x00, 0x88, 0x01, 0x28, 0x23, 0x01, 0x23, 0x61, 0x62, 0x40, 0x60, 0x60, 0xE0, 0x40, 0xE0, 0x71, 0xF9, 0xD1, 0xFB, 0x71, 0xFB, 0xD1, 0xF3, 0x73,
    0xF3, 0xD1, 0xE3, 0x77, 0xEF, 0xD5, 0xFF, 0x7F, 0xFF, 0xDD, 0xFF, 0x57, 0xFF, 0xDD, 0xBF, 0x77, 0xFF, 0xDD, 0xFF, 0x77, 0xFF, 0x00, 0x9A, 0x00,
    0x00, 0x04, 0x82, 0x00, 0x00, 0x08, 0x88, 0x00, 0x00, 0x01, 0x90, 0x00, 0x7F, 0x20, 0x00, 0x20, 0x00, 0x20, 0x00, 0x80, 0x00, 0x80, 0x00, 0x80,
    0x00, 0x80, 0x00, 0x82, 0x00, 0x82, 0x00, 0x86, 0x04, 0x86, 0x07, 0x8E, 0x05, 0x8E, 0x05, 0x8E, 0x0D, 0x8F, 0x17, 0x8F, 0x9D, 0xBF, 0x17, 0xBE,
    0x5C, 0xFE, 0x74, 0xFE, 0xDC, 0xFE, 0x75, 0xFF, 0xDD, 0xFF, 0x77, 0xFF, 0xDD, 0xFB, 0x53, 0xFB, 0xD5, 0xFF, 0x77, 0xFF, 0xDD, 0xFF, 0x77, 0xFF,
    0xDD, 0xFF, 0x10, 0x00, 0x02, 0x00, 0x00, 0x02, 0x00, 0x00, 0x80, 0x0C, 0x04, 0x0E, 0x14, 0x0C, 0x04, 0x0A, 0x00, 0x0A, 0x04, 0x0A, 0x14, 0x1E,
    0x1C, 0x3E, 0x14, 0x3E, 0x1C, 0x3E, 0x14, 0x2C, 0x1C, 0x2C, 0x14, 0x3C, 0x1C, 0x38, 0x10, 0x3A, 0x18, 0x3A, 0x10, 0x22, 0x14, 0x22, 0x06, 0x2E,
    0x04, 0x2E, 0x17, 0x2E, 0x0D, 0x2E, 0x17, 0x0E, 0x1C, 0x1E, 0x15, 0x3E, 0x1D, 0x3F, 0x37, 0x7E, 0x1D, 0x3E, 0x36, 0x3E, 0x5C, 0x7F, 0x3E, 0x74,
    0x7E, 0x5C, 0xFE, 0x75, 0xFF, 0xDD, 0xFF, 0x57, 0xFF, 0xDD, 0xBB, 0x37, 0xBF, 0x35, 0xBF, 0x37, 0xFF, 0x5D, 0xFF, 0x77, 0xFF, 0x5D, 0x7F, 0x77,
    0xFF, 0x5D, 0xFF, 0x77, 0xFF, 0xDD, 0xFF, 0x77, 0xFF, 0xDD, 0xFF, 0x77, 0xFF, 0xD5, 0xFF, 0x77, 0xFF, 0xDD, 0xFF, 0x77, 0xFF, 0xDD, 0xFF, 0x57,
    0xDF, 0xDD, 0xBF, 0x57, 0xFF, 0xDD, 0xFF, 0x77, 0xFF, 0xDD, 0xFF, 0x10, 0x08, 0x00, 0x04, 0x00, 0x40, 0x00, 0x20, 0x00, 0x28, 0x00, 0x28, 0x00,
    0x08, 0x04, 0x08, 0x00, 0x08, 0x18, 0x18, 0x10, 0x38, 0x18, 0x38, 0x30, 0x39, 0x10, 0x38, 0xB0, 0x38, 0x50, 0x28, 0x70, 0x68, 0x54, 0x78, 0x70,
    0x78, 0x58, 0x38, 0x10, 0x08, 0x30, 0x3A, 0x30, 0x3E, 0x34, 0x3E, 0x34, 0x3E, 0x5C, 0x3E, 0x74, 0x7E, 0x5C, 0x3C, 0x74, 0xFC, 0x5C, 0xFE, 0x74,
    0xFE, 0x5C, 0xFA, 0x70, 0xFA, 0x50, 0x3C, 0xFA, 0x70, 0xFE, 0x54, 0xFE, 0x76, 0xFE, 0xDD, 0xEF, 0x57, 0xEF, 0xDD, 0xDF, 0x57, 0x9F, 0x9F, 0xBF,
    0x37, 0xBF, 0x5D, 0xFF, 0x77, 0xFE, 0x5C, 0x7E, 0x76, 0xFE, 0x5C, 0xFE, 0x75, 0xFF, 0xDD, 0xFF, 0x75, 0xFF, 0xDD, 0xFB, 0x73, 0xFB, 0xD5, 0xFF,
    0x77, 0xFF, 0xDD, 0xFF, 0x77, 0xFF, 0xDD, 0xEF, 0x57, 0xFF, 0xDD, 0xFF, 0x57, 0xFF, 0xDD, 0xFF, 0x77, 0xFF, 0xDD, 0xFF, 0x81, 0x00, 0x00, 0x10,
    0x81, 0x00, 0x00, 0x02, 0x97, 0x00, 0x00, 0x01, 0x93, 0x00, 0x00, 0x40, 0x85, 0x00, 0x00, 0x80, 0x8C, 0x00, 0x2B, 0x11, 0x30, 0x11, 0x30, 0x31,
    0x30, 0x50, 0x30, 0x70, 0x70, 0x50, 0xF0, 0x70, 0xF8, 0xD1, 0xF9, 0x71, 0xF9, 0xD1, 0xF9, 0x51, 0xFB, 0xD1, 0xFB, 0x73, 0xFF, 0xDD, 0xFF, 0x77,
    0xFF, 0x5D, 0xFF, 0x77, 0xFF, 0x5F, 0xFF, 0x77, 0xFF, 0xDD, 0xFF, 0x77, 0xFF, 0xDD, 0xFF, 0x00, 0xA8, 0x00, 0x00, 0x01, 0x8C, 0x00, 0x0B, 0x80,
    0x00, 0x40, 0x00, 0x40, 0x00, 0x40, 0x00, 0x80, 0x00, 0x80, 0x00, 0x80, 0x80, 0x00, 0x00, 0x80, 0x80, 0x00, 0x00, 0x80, 0x80, 0x5A, 0x00, 0x82,
    0x80, 0x82, 0x00, 0x82, 0x04, 0x02, 0x04, 0x86, 0x44, 0x86, 0x44, 0xCE, 0xC5, 0xEB, 0x65, 0xEB, 0xC1, 0xEA, 0x41, 0xEA, 0xD1, 0xE3, 0x77, 0xEF,
    0xD5, 0xEF, 0x67, 0xEF, 0xC5, 0xEF, 0x47, 0xCF, 0xCD, 0xFF, 0x57, 0xFF, 0xDD, 0xFF, 0x77, 0xFF, 0xDD, 0xBF, 0x77, 0xFF, 0x00, 0x00, 0x10, 0x00,
    0x40, 0x02, 0x00, 0x0A, 0x04, 0x06, 0x04, 0x0E, 0x04, 0x0E, 0x04, 0x0E, 0x04, 0x0E, 0x04, 0x0E, 0x0C, 0x0E, 0x14, 0x0A, 0x14, 0x0A, 0x10, 0x0A,
    0x04, 0x02, 0x04, 0x0E, 0x04, 0x0E, 0x04, 0x0E, 0x04, 0x0A, 0x01, 0x0A, 0x01, 0x0B, 0x07, 0x0F, 0x15, 0x80, 0x1F, 0x7F, 0x1D, 0x0F, 0x17, 0x0E,
    0x0C, 0x0E, 0x16, 0x3E, 0x1C, 0x3E, 0x15, 0x3F, 0x1D, 0x3F, 0x11, 0x3A, 0x19, 0x3B, 0x33, 0x3B, 0x15, 0x3F, 0x37, 0xBF, 0x55, 0xAF, 0x07, 0xAF,
    0x4D, 0xAF, 0x07, 0x8F, 0x1D, 0xBF, 0x17, 0xBF, 0x1D, 0xBF, 0x37, 0x3F, 0x1D, 0x3F, 0x37, 0x7E, 0x5D, 0xFE, 0x77, 0xFF, 0xDD, 0xFF, 0x75, 0xFF,
    0xDD, 0xFB, 0x71, 0xFB, 0xD9, 0xFB, 0x77, 0xFF, 0xDD, 0xFF, 0x77, 0xFF, 0xDD, 0xEF, 0x67, 0xEF, 0xDD, 0xFF, 0x5F, 0xFF, 0xDD, 0xFF, 0x77, 0xFF,
    0xDD, 0xFF, 0x77, 0xFF, 0x00, 0x08, 0x00, 0x08, 0x00, 0x08, 0x10, 0x08, 0x14, 0x3E, 0x14, 0x2E, 0x14, 0x2C, 0x14, 0x2C, 0x1C, 0x3D, 0x14, 0x7C,
    0x1C, 0x3C, 0x14, 0x38, 0x18, 0x38, 0x10, 0x38, 0x10, 0x32, 0x30, 0x3A, 0x14, 0x3E, 0x34, 0x6E, 0x04, 0x6E, 0x04, 0x4E, 0x0C, 0x0E, 0x14, 0x1E,
    0x1C, 0x3E, 0x16, 0x3E, 0x50, 0x1C, 0x3E, 0x76, 0x3E, 0x5C, 0x3E, 0x74, 0x7E, 0x5C, 0x7E, 0x74, 0x7E, 0x5C, 0x7C, 0x70, 0x78, 0x59, 0x7B, 0x71,
    0xFB, 0x55, 0xFF, 0x77, 0xFF, 0x55, 0x7F, 0x77, 0x6F, 0x4D, 0x6F, 0x57, 0xFF, 0x5D, 0xFF, 0x77, 0xFF, 0x5D, 0xFF, 0x77, 0xFF, 0x5D, 0xBF, 0x77,
    0xFE, 0x5C, 0xFE, 0x77, 0xFE, 0xDD, 0xFF, 0x77, 0xFF, 0xDD, 0xFF, 0x75, 0xFF, 0xDD, 0xFF, 0x77, 0xFF, 0xDF, 0xFF, 0x77, 0xFF, 0xDD, 0xFF, 0x77,
    0xFF, 0x5D, 0xFF, 0x77, 0xFF, 0xDD, 0xFF, 0x77, 0xFF, 0xDD, 0xFF, 0x77, 0xFF, 0x02, 0x9C, 0x00, 0x00, 0x01, 0x91, 0x00, 0x00, 0x20, 0x86, 0x00,
    0x00, 0x80, 0x86, 0x00, 0x36, 0x20, 0x00, 0x20, 0x00, 0x20, 0x00, 0x28, 0x00, 0x28, 0x50, 0x78, 0x58, 0x78, 0x70, 0x78, 0x50, 0x38, 0x70, 0xF8,
    0x50, 0xF8, 0x70, 0xF8, 0xD0, 0xFA, 0x75, 0xEE, 0xC5, 0xEB, 0x45, 0xEF, 0xCD, 0xEF, 0x57, 0xFF, 0xDD, 0xFF, 0x77, 0xBF, 0x9D, 0xBF, 0x37, 0x3F,
    0x5D, 0x7F, 0x77, 0xFF, 0xDD, 0xFF, 0x77, 0xFF, 0xDD, 0xFF, 0x75, 0xFF, 0x00, 0xA5, 0x00, 0x01, 0x01, 0x80, 0x80, 0x00, 0x00, 0x80, 0x88, 0x00,
    0x0F, 0x80, 0x00, 0x80, 0x00, 0x80, 0x00, 0x80, 0x00, 0x80, 0x80, 0xA0, 0x00, 0xA0, 0x80, 0xA0, 0x00, 0x80, 0x80, 0x00, 0x00, 0x80, 0x80, 0x00,
    0x00, 0x80, 0x80, 0x01, 0x00, 0x80, 0x80, 0x00, 0x7F, 0x02, 0x40, 0xC2, 0xC0, 0xE2, 0xC0, 0xE0, 0x40, 0xE0, 0xC0, 0xE0, 0x41, 0xE1, 0xC1, 0xE3,
    0x63, 0xEB, 0xD5, 0xE3, 0x77, 0xE7, 0xC5, 0xE7, 0x47, 0xEF, 0xCD, 0xEF, 0x57, 0xFF, 0xDD, 0xFF, 0x77, 0xFF, 0xDD, 0xBF, 0x77, 0xFF, 0xDD, 0xFF,
    0x20, 0x00, 0x00, 0x0A, 0x00, 0x02, 0x00, 0x02, 0x00, 0x02, 0x04, 0x02, 0x04, 0x06, 0x04, 0x0E, 0x04, 0x0E, 0x04, 0x0E, 0x04, 0x08, 0x00, 0x08,
    0x00, 0x08, 0x00, 0x02, 0x00, 0x02, 0x05, 0x06, 0x07, 0x06, 0x04, 0x02, 0x05, 0x0E, 0x05, 0x0F, 0x07, 0x1F, 0x0D, 0x0F, 0x07, 0x0F, 0x1D, 0x0F,
    0x17, 0x0E, 0x14, 0x0E, 0x16, 0x1E, 0x1C, 0x1E, 0x16, 0x1E, 0x1C, 0x1E, 0x15, 0x88, 0x19, 0x99, 0x11, 0x9B, 0x11, 0xBB, 0x17, 0xBF, 0x15, 0xAF,
    0x07, 0xAF, 0x05, 0x0F, 0x07, 0x8F, 0x0D, 0xBF, 0x17, 0xBF, 0x9D, 0xBF, 0x17, 0xBF, 0x1D, 0xBF, 0x37, 0x7F, 0xBF, 0x5D, 0xFF, 0x77, 0xFF, 0xDD,
    0xFF, 0x77, 0xFF, 0xDD, 0xFF, 0x75, 0xFF, 0xDD, 0xFF, 0x77, 0xFF, 0xDD, 0xFF, 0x77, 0xFF, 0xDD, 0xBF, 0x3F, 0xFF, 0x5D, 0xFF, 0x77, 0xFF, 0xDD,
    0xFF, 0x77, 0xFF, 0xDD, 0xFF, 0x77, 0xFF, 0xDD, 0xFF, 0x04, 0x0C, 0x04, 0x0E, 0x04, 0x0E, 0x1C, 0x1E, 0x14, 0x1E, 0x1D, 0x1A, 0x34, 0x1E, 0x14,
    0x3E, 0x14, 0x3E, 0x1C, 0x3E, 0x14, 0x3C, 0x1C, 0x28, 0x10, 0x08, 0x10, 0x3A, 0x10, 0xBA, 0x14, 0x3A, 0x17, 0x2E, 0x04, 0x26, 0x06, 0x0E, 0x04,
    0x2E, 0x06, 0x2E, 0x1D, 0x3E, 0x37, 0x3E, 0x3D, 0x3E, 0x35, 0x3E, 0x1C, 0x3E, 0x36, 0x3E, 0x3C, 0x3E, 0x76, 0x7E, 0x7C, 0x7E, 0x74, 0x6E, 0x5D,
    0x6B, 0x5D, 0x7F, 0x5D, 0x3F, 0x57, 0x3F, 0x1D, 0x3F, 0x17, 0x3F, 0x1D, 0x3F, 0x37, 0x3F, 0x5D, 0x7F, 0x77, 0x7F, 0x5D, 0x7F, 0x77, 0xFF, 0x5D,
    0xFF, 0x75, 0x26, 0xFF, 0x5D, 0xFF, 0x77, 0xFF, 0xDD, 0xFF, 0x77, 0xFF, 0xDD, 0xEF, 0x67, 0xEF, 0xCD, 0xEF, 0x77, 0xFF, 0xDF, 0xFF, 0x57, 0xFF,
    0x9D, 0xBF, 0x37, 0xBF, 0x5D, 0xFF, 0x7F, 0xFF, 0xDD, 0xFF, 0x77, 0xFF, 0xDD, 0xFF, 0x75, 0xFD, 0xDD, 0xFF, 0xAD, 0x00, 0x00, 0x10, 0x87, 0x00,
    0x00, 0x80, 0x86, 0x00, 0x3A, 0x08, 0x00, 0x08, 0x10, 0x08, 0x10, 0x38, 0x10, 0x38, 0x10, 0x38, 0x30, 0x38, 0x58, 0x38, 0x70, 0x78, 0x58, 0x78,
    0x70, 0x78, 0x58, 0xF8, 0x70, 0xF8, 0x50, 0xFA, 0x71, 0xFA, 0x55, 0xE2, 0x65, 0xEE, 0x45, 0xEF, 0x77, 0xFF, 0xDD, 0xFF, 0x57, 0xFF, 0xDD, 0xBF,
    0x37, 0xBF, 0xDD, 0xFF, 0x77, 0xFF, 0xDD, 0xFF, 0x77, 0xFE, 0xDD, 0xFE, 0x75, 0xFF, 0xDD, 0xFF, 0x00, 0x02, 0x00, 0x00, 0x08, 0x8F, 0x00, 0x00,
    0x20, 0x82, 0x00, 0x00, 0x80, 0x84, 0x00, 0x00, 0x02, 0x80, 0x00, 0x04, 0x80, 0x00, 0x80, 0x00, 0x80, 0x88, 0x00, 0x0B, 0x80, 0x00, 0x80, 0x00,
    0x80, 0xC0, 0x80, 0x40, 0x80, 0xC0, 0x80, 0x20, 0x80, 0x80, 0x0C, 0x00, 0x80, 0x00, 0x80, 0x00, 0x80, 0xC0, 0x80, 0x40, 0xC0, 0xC0, 0x80, 0x00,
    0x80, 0x80, 0x3B, 0x00, 0x80, 0xC0, 0xE0, 0x40, 0xE0, 0xC0, 0xE0, 0x60, 0xE0, 0xC0, 0xE0, 0x40, 0xE0, 0xC1, 0xE3, 0x41, 0xE3, 0xC1, 0xE3, 0x43,
    0xE3, 0xC5, 0xA3, 0x1F, 0xAF, 0xD5, 0xFF, 0x77, 0xFF, 0xDD, 0xFF, 0x77, 0xFF, 0xDD, 0xFF, 0x75, 0xFF, 0xDD, 0xFF, 0x77, 0xFF, 0x00, 0x02, 0x80,
    0x02, 0x00, 0x02, 0x00, 0x02, 0x00, 0x02, 0x00, 0x02, 0x00, 0x02, 0x00, 0x02, 0x04, 0x02, 0x85, 0x00, 0x7F, 0x01, 0x03, 0x01, 0x03, 0x01, 0x03,
    0x01, 0x03, 0x03, 0x27, 0x45, 0x07, 0x07, 0x0F, 0x05, 0x0F, 0x07, 0x0F, 0x1D, 0x0F, 0x05, 0x0E, 0x0D, 0x0B, 0x07, 0x8F, 0x0D, 0x0F, 0x17, 0x8E,
    0x04, 0x06, 0x04, 0x8E, 0x04, 0x8F, 0x45, 0x8F, 0x8D, 0x8F, 0x07, 0x8F, 0x8D, 0x8F, 0x17, 0x8F, 0x15, 0x8F, 0x17, 0x9F, 0x1D, 0x3F, 0x17, 0xBF,
    0x5D, 0xBF, 0x57, 0xFE, 0x5D, 0xBF, 0x55, 0xFF, 0xDD, 0xFF, 0x77, 0xFF, 0xDD, 0xFF, 0x77, 0xFF, 0xD5, 0xE7, 0x77, 0xEF, 0xCD, 0xEF, 0x77, 0xFF,
    0xDF, 0xFF, 0x57, 0xDF, 0xDD, 0xBF, 0x17, 0xBF, 0x9D, 0xBF, 0x77, 0xFF, 0xDD, 0xFF, 0x77, 0xFE, 0xDC, 0xFE, 0x74, 0xFE, 0xDD, 0xFF, 0x75, 0xFF,
    0x04, 0x0E, 0x04, 0x0E, 0x0C, 0x0E, 0x04, 0x0E, 0x0C, 0x08, 0x14, 0x1A, 0x1C, 0x1A, 0x14, 0x1E, 0x14, 0x1A, 0x14, 0x0A, 0x04, 0x02, 0x04, 0x0E,
    0x04, 0x0E, 0x65, 0x05, 0x0F, 0x0D, 0x0F, 0x17, 0x0F, 0x15, 0x0B, 0x17, 0x1F, 0x1D, 0x7F, 0x17, 0x7E, 0x1D, 0x7E, 0x16, 0x3E, 0x1C, 0x3E, 0x14,
    0x3C, 0x5C, 0x3E, 0x55, 0x3F, 0x5D, 0x3B, 0x37, 0x3B, 0x15, 0x33, 0x37, 0x27, 0x05, 0x27, 0x07, 0x2F, 0x0D, 0x2F, 0x17, 0x3F, 0x1D, 0x1F, 0x17,
    0x1F, 0x1D, 0x3F, 0x17, 0x3F, 0x1D, 0x3F, 0x37, 0x7F, 0x5D, 0x7E, 0x76, 0x7E, 0x5C, 0x7E, 0x75, 0xFF, 0x5D, 0xFF, 0x77, 0xFF, 0xDD, 0xFB, 0x73,
    0xFB, 0x55, 0xF7, 0x77, 0xFF, 0x5D, 0xFF, 0x77, 0xFF, 0xDD, 0xFF, 0x77, 0xFF, 0xDD, 0xFF, 0x57, 0xFF, 0xDD, 0xFF, 0x77, 0xFF, 0xDD, 0xFF, 0x77,
    0xFF, 0xDD, 0xFE, 0x76, 0xFE, 0xDD, 0xFF, 0x77, 0xFF, 0xA7, 0x00, 0x00, 0x08, 0x89, 0x00, 0x00, 0x80, 0x88, 0x00, 0x3C, 0x08, 0x00, 0x08, 0x00,
    0x08, 0x18, 0x18, 0x10, 0x38, 0x18, 0x38, 0x30, 0x38, 0x10, 0x38, 0x30, 0x38, 0x50, 0x20, 0x70, 0x68, 0xD4, 0x78, 0x74, 0x7C, 0x5C, 0x7A, 0x51,
    0x9A, 0x15, 0x3B, 0x17, 0xBF, 0x1D, 0x3F, 0x77, 0xFF, 0x5D, 0x7F, 0x77, 0xFE, 0x5C, 0xFE, 0x74, 0xFE, 0xDD, 0xFF, 0x77, 0xFF, 0xDD, 0xFF, 0x77,
    0xFF, 0xDD, 0xFB, 0x77, 0xFF, 0xD5, 0xFF, 0x77, 0xFF, 0x00, 0x8E, 0x00, 0x00, 0x40, 0x84, 0x00, 0x07, 0x80, 0x00, 0x80, 0x00, 0x80, 0x00, 0x00,
    0x04, 0x81, 0x00, 0x00, 0x80, 0x80, 0x00, 0x00, 0x80, 0x80, 0x00, 0x56, 0x80, 0x00, 0x80, 0x00, 0x80, 0x00, 0x80, 0x00, 0x80, 0x00, 0x80, 0x00,
    0x80, 0x00, 0x80, 0x60, 0xC0, 0xC0, 0x80, 0x40, 0x80, 0xC0, 0x80, 0x00, 0x80, 0xC0, 0x80, 0x40, 0x80, 0x40, 0x80, 0x00, 0x80, 0x40, 0x00, 0x40,
    0xC0, 0x40, 0xC0, 0x40, 0xC0, 0xC0, 0xE0, 0x40, 0xE0, 0xC0, 0xE0, 0x60, 0xE0, 0xC0, 0xE0, 0x60, 0xE0, 0xC0, 0xE2, 0x61, 0xE3, 0xC1, 0xE3, 0x41,
    0xC3, 0xC5, 0x8B, 0x17, 0xBF, 0xD5, 0xBF, 0x77, 0xFF, 0xDD, 0xFF, 0x77, 0xFE, 0x5C, 0xFE, 0x76, 0xFE, 0xDD, 0xFF, 0x75, 0xFF, 0xDD, 0xFF, 0x00,
    0x02, 0x00, 0x02, 0x84, 0x00, 0x04, 0x02, 0x00, 0x02, 0x00, 0x02, 0x84, 0x00, 0x7F, 0x02, 0x01, 0x02, 0x05, 0x03, 0x01, 0x03, 0x41, 0x43, 0x03,
    0x03, 0x05, 0x03, 0x07, 0x0F, 0x05, 0x0F, 0x07, 0x0E, 0x04, 0x0E, 0x04, 0x0E, 0x04, 0x0E, 0x05, 0x8F, 0x0D, 0x8B, 0x01, 0x8B, 0x01, 0x83, 0x21,
    0x83, 0x05, 0x83, 0x07, 0x8F, 0x85, 0x8F, 0x07, 0x8F, 0x8D, 0x8F, 0x07, 0x8F, 0x0D, 0x8F, 0x17, 0x9F, 0x1D, 0xBF, 0x17, 0xBF, 0x1D, 0x3E, 0x16,
    0xBE, 0x5C, 0xFE, 0x54, 0xFE, 0xFD, 0xFF, 0x75, 0xFF, 0xFD, 0xFB, 0x53, 0xFB, 0xD1, 0xF3, 0x77, 0xFF, 0xD5, 0xFF, 0x77, 0xFF, 0xDF, 0xEF, 0x57,
    0xEF, 0xDF, 0xFF, 0x57, 0xFF, 0xDD, 0xFF, 0x77, 0xFF, 0xDD, 0xFF, 0x77, 0xFF, 0xDD, 0xFE, 0x76, 0xFE, 0xDD, 0xFF, 0x77, 0xFF, 0xDD, 0xFF, 0x06,
    0x0E, 0x04, 0x0E, 0x04, 0x0E, 0x0C, 0x0C, 0x04, 0x0C, 0x1C, 0x08, 0x14, 0x1A, 0x18, 0x1A, 0x10, 0x0A, 0x00, 0x02, 0x00, 0x02, 0x04, 0x68, 0x06,
    0x07, 0x0F, 0x05, 0x0F, 0x07, 0x0F, 0x0D, 0x0F, 0x17, 0x0F, 0x1D, 0x1F, 0x17, 0x1F, 0x1D, 0x3F, 0x17, 0x3E, 0x1C, 0x3E, 0x14, 0x3E, 0x1C, 0x3E,
    0x54, 0x3E, 0x1D, 0x3F, 0x15, 0x3B, 0x19, 0x3B, 0x13, 0x3B, 0x15, 0x37, 0x17, 0x3F, 0x1D, 0x3F, 0x17, 0x2F, 0x1D, 0x2F, 0x17, 0x1F, 0x1D, 0x3F,
    0x17, 0x3F, 0x1D, 0x3F, 0x37, 0x3F, 0x5D, 0x3F, 0x37, 0x3E, 0x5C, 0x7E, 0x76, 0x7E, 0x5D, 0x7F, 0x77, 0xFF, 0x5D, 0xFF, 0x57, 0xFF, 0x5D, 0xBF,
    0x17, 0xBF, 0x5D, 0xBF, 0x77, 0xFF, 0x7D, 0x7F, 0x77, 0xFF, 0xDD, 0x7F, 0x77, 0xFF, 0xDD, 0xFF, 0x77, 0xFF, 0xDD, 0xFF, 0x77, 0xFF, 0xDD, 0xFB,
    0x77, 0xFF, 0xD5, 0xFF, 0x77, 0xFF, 0xDD, 0xFF, 0xA2, 0x00, 0x00, 0x04, 0x8A, 0x00, 0x00, 0x80, 0x89, 0x00, 0x12, 0x10, 0x08, 0x00, 0x08, 0x00,
    0x08, 0x00, 0x28, 0x10, 0x38, 0x1C, 0x38, 0x10, 0x38, 0x18, 0x38, 0x10, 0x38, 0x10, 0x80, 0x30, 0x29, 0x54, 0x3E, 0x74, 0x6E, 0x44, 0x6E, 0x44,
    0x4E, 0x4C, 0x0E, 0x15, 0x1F, 0x1D, 0x3F, 0x37, 0xBF, 0x5D, 0x3F, 0x37, 0x7E, 0x5C, 0x7E, 0x76, 0xFE, 0x5C, 0xFE, 0x75, 0xFF, 0xDD, 0xFF, 0x75,
    0xFF, 0xD9, 0xFB, 0x73, 0xFB, 0xD5, 0xFF, 0x77, 0xFF, 0xDD, 0xFF, 0x00, 0x94, 0x00, 0x00, 0x80, 0x80, 0x00, 0x04, 0x80, 0x04, 0x00, 0x00, 0x80,
    0x80, 0x00, 0x00, 0x80, 0x86, 0x00, 0x01, 0x80, 0x00, 0x80, 0x80, 0x04, 0x00, 0x80, 0x80, 0x90, 0x00, 0x80, 0x80, 0x08, 0x00, 0x80, 0xC0, 0x80,
    0x00, 0x80, 0xC0, 0x80, 0x00, 0x80, 0x80, 0x00, 0x00, 0x80, 0x80, 0x01, 0x00, 0x80, 0x80, 0x00, 0x32, 0x80, 0x40, 0xE0, 0x40, 0xE0, 0xC0, 0xE0,
    0x40, 0xE0, 0xC0, 0xE0, 0x40, 0xE0, 0xC0, 0xE0, 0x40, 0xE0, 0xC1, 0xE3, 0x61, 0xE3, 0xC1, 0xE3, 0x43, 0xF2, 0x45, 0xE3, 0x47, 0xEF, 0xDD, 0xFF,
    0x77, 0xFF, 0xDD, 0xFF, 0x77, 0xFF, 0xDD, 0xFF, 0x77, 0xFE, 0xDD, 0xFF, 0x77, 0xFF, 0xDD, 0xFF, 0x77, 0xFF, 0x00, 0x02, 0x89, 0x00, 0x00, 0x01,
    0x81, 0x00, 0x0D, 0x02, 0x01, 0x02, 0x01, 0x02, 0x85, 0x02, 0x05, 0x06, 0x05, 0x02, 0x05, 0x0F, 0x05, 0x80, 0x0F, 0x7F, 0x05, 0x0F, 0x07, 0x0E,
    0x04, 0x02, 0x04, 0x0E, 0x04, 0x8E, 0x04, 0x8E, 0x05, 0x8E, 0x05, 0x89, 0x81, 0x8B, 0x01, 0x8B, 0x81, 0x83, 0x07, 0x8F, 0x25, 0x8F, 0x07, 0x8F,
    0x05, 0x0F, 0x07, 0x8F, 0x0D, 0x8F, 0x17, 0x8F, 0x9F, 0x9F, 0x17, 0x9F, 0x9D, 0xBF, 0x17, 0xBE, 0x5D, 0xBE, 0x77, 0xFF, 0xDD, 0xFF, 0x77, 0xEF,
    0xDD, 0xEF, 0x45, 0xCF, 0xCD, 0xCF, 0x57, 0xFF, 0xDD, 0xBF, 0x57, 0xBF, 0xDD, 0xBF, 0x37, 0xBF, 0x5D, 0x7F, 0x77, 0xFF, 0xDD, 0xFF, 0x77, 0xFF,
    0xDD, 0xFF, 0x75, 0xFF, 0xDD, 0xFB, 0x73, 0xFF, 0xDD, 0xFF, 0x77, 0xFF, 0xDD, 0xFF, 0x77, 0xEF, 0x0C, 0x0A, 0x04, 0x0A, 0x04, 0x0A, 0x04, 0x0E,
    0x04, 0x0E, 0x04, 0x0C, 0x04, 0x08, 0x00, 0x08, 0x01, 0x0A, 0x21, 0x0B, 0x05, 0x0B, 0x17, 0x0F, 0x05, 0x0F, 0x07, 0x0E, 0x04, 0x0E, 0x06, 0x0E,
    0x1D, 0x1E, 0x17, 0x1F, 0x5B, 0x1D, 0x1F, 0x15, 0x3E, 0x1C, 0x3A, 0x14, 0x3A, 0x14, 0x3E, 0x37, 0x3E, 0x15, 0x2F, 0x17, 0x2F, 0x05, 0x0F, 0x05,
    0x0F, 0x1D, 0x1F, 0x17, 0x3F, 0x1D, 0x3F, 0x17, 0x7F, 0x1D, 0x7F, 0x17, 0x7E, 0x1D, 0x3E, 0x37, 0x3F, 0x5D, 0x3F, 0x75, 0x7F, 0x5D, 0x3B, 0x31,
    0x3B, 0x5B, 0x3B, 0x73, 0x7F, 0x55, 0x7F, 0x77, 0xFF, 0x55, 0x6F, 0x67, 0xEF, 0x4D, 0xEF, 0x57, 0xFF, 0x5D, 0xFF, 0x77, 0xBF, 0x5D, 0xFF, 0x77,
    0xBF, 0x5D, 0x3F, 0x77, 0xFE, 0x5D, 0xFF, 0x77, 0xFF, 0xDD, 0xFF, 0x75, 0xFD, 0xDD, 0xFB, 0x71, 0xFB, 0xDD, 0xFF, 0x77, 0xFF, 0xDD, 0xFF, 0x77,
    0xFF, 0x9C, 0x00, 0x00, 0x04, 0x8B, 0x00, 0x00, 0x40, 0x89, 0x00, 0x44, 0x08, 0x00, 0x08, 0x10, 0x08, 0x10, 0x18, 0x10, 0x38, 0x10, 0x38, 0x10,
    0x38, 0x14, 0x38, 0x10, 0x38, 0x10, 0x28, 0x10, 0x28, 0x10, 0x38, 0x10, 0x38, 0x10, 0x3A, 0x34, 0x3E, 0x14, 0x2E, 0x04, 0x2E, 0x04, 0x2E, 0x56,
    0x7E, 0x5C, 0x7E, 0x77, 0xFF, 0x5D, 0x3F, 0x75, 0xBE, 0x5D, 0xFE, 0x77, 0xFE, 0x5D, 0xFF, 0x77, 0xFF, 0xDD, 0xFF, 0x75, 0xFF, 0xDD, 0xEF, 0x75,
    0xFF, 0xDD, 0xFF, 0x77, 0xFF, 0xDD, 0xFF, 0x77, 0xFF, 0x00, 0x9E, 0x00, 0x00, 0x80, 0x88, 0x00, 0x03, 0x80, 0x00, 0x80, 0x08, 0x80, 0x80, 0x00,
    0x00, 0x80, 0x80, 0x00, 0x00, 0x80, 0x80, 0x01, 0x00, 0x80, 0x80, 0x00, 0x17, 0x80, 0x00, 0x80, 0x00, 0x80, 0xC0, 0x80, 0x40, 0x80, 0xC0, 0x80,
    0x40, 0x80, 0x40, 0x80, 0x40, 0xC0, 0xC0, 0xE0, 0x40, 0xE0, 0xC0, 0xE0, 0x40, 0x80, 0xC0, 0x23, 0x40, 0xC0, 0xC1, 0xE3, 0x41, 0xE3, 0xC1, 0xA3,
    0x03, 0xA3, 0x07, 0x22, 0x67, 0xEE, 0x55, 0xFF, 0x77, 0xFF, 0xDD, 0xFF, 0x75, 0xFF, 0xDD, 0xFB, 0x71, 0xFB, 0xDD, 0xFF, 0x77, 0xFF, 0xDD, 0xFF,
    0x77, 0xFF, 0xC5, 0xEF, 0x85, 0x00, 0x00, 0x01, 0x84, 0x00, 0x02, 0x01, 0x02, 0x01, 0x80, 0x03, 0x2A, 0x05, 0x03, 0x03, 0x06, 0x04, 0x06, 0x06,
    0x0E, 0x04, 0x0E, 0x05, 0x0E, 0x05, 0x0E, 0x05, 0x0A, 0x00, 0x0A, 0x40, 0x0A, 0x04, 0x02, 0x07, 0x8E, 0x05, 0x06, 0x05, 0x8E, 0x05, 0x83, 0x05,
    0xCF, 0x05, 0x8F, 0x07, 0x8F, 0x8D, 0x8F, 0x07, 0x8F, 0x05, 0x0F, 0x07, 0x80, 0x0F, 0x7F, 0x17, 0x8F, 0x1D, 0x9F, 0x17, 0x9F, 0x9D, 0x9F, 0x15,
    0xB9, 0xD9, 0xBB, 0x53, 0xFB, 0xDD, 0xFF, 0x77, 0xFF, 0xD5, 0xE7, 0x47, 0xEF, 0xC5, 0xEF, 0x47, 0xEF, 0xDD, 0xFF, 0x57, 0xFF, 0xDD, 0xBF, 0x17,
    0xBF, 0x1D, 0xBF, 0x77, 0xFF, 0x5D, 0xFF, 0x77, 0xFF, 0xDD, 0xFE, 0x75, 0xFD, 0xDD, 0xFD, 0x75, 0xFF, 0xDD, 0xFF, 0x77, 0xFF, 0xDD, 0xFF, 0xF7,
    0xFF, 0xD5, 0xEF, 0x10, 0x08, 0x10, 0x0A, 0x10, 0x0A, 0x14, 0x0A, 0x14, 0x0E, 0x04, 0x02, 0x04, 0x08, 0x04, 0x2A, 0x05, 0x0E, 0x0D, 0x0F, 0x17,
    0x0F, 0x1D, 0x1F, 0x17, 0x0E, 0x14, 0x0E, 0x16, 0x1E, 0x1C, 0x7E, 0x16, 0x3E, 0x1C, 0x3E, 0x14, 0x3C, 0x1C, 0x38, 0x31, 0x3A, 0x39, 0x3B, 0x33,
    0x3F, 0x15, 0x3F, 0x17, 0x27, 0x05, 0x27, 0x07, 0x0F, 0x0D, 0x0F, 0x17, 0x3F, 0x1D, 0x3F, 0x17, 0x3F, 0x1D, 0x3F, 0x17, 0x3F, 0x1D, 0x3F, 0x3B,
    0x37, 0x3E, 0x5D, 0x3E, 0x76, 0x7E, 0x5C, 0x7D, 0x75, 0x7D, 0x5D, 0x7B, 0x75, 0x7F, 0x5D, 0x7F, 0x77, 0x7F, 0x55, 0x3F, 0x37, 0x2F, 0x4D, 0x2F,
    0x77, 0xFF, 0x5D, 0xFF, 0x77, 0xFF, 0x5D, 0xFF, 0x77, 0xFF, 0x5D, 0xBF, 0xF7, 0xFF, 0xDD, 0xFF, 0x77, 0xFF, 0xDD, 0xFF, 0x77, 0xFF, 0xDD, 0xFF,
    0x75, 0xFF, 0xDD, 0xFF, 0x77, 0xFF, 0xDD, 0xFF, 0x77, 0xFF, 0xDD, 0xBF, 0xA7, 0x00, 0x00, 0x40, 0x8B, 0x00, 0x25, 0x08, 0x00, 0x08, 0x00, 0x08,
    0x00, 0x08, 0x10, 0x08, 0x10, 0x38, 0x10, 0xB8, 0x10, 0x38, 0x30, 0x28, 0x00, 0x20, 0x00, 0x28, 0x00, 0x28, 0x00, 0x28, 0x1C, 0x38, 0x10, 0x38,
    0x1C, 0x3A, 0x14, 0x3E, 0x14, 0x3E, 0x36, 0x3E, 0x5C, 0x80, 0x7E, 0x1D, 0x5C, 0x7E, 0x74, 0xFC, 0x5C, 0xF8, 0x75, 0xFF, 0xDD, 0xFB, 0x77, 0xFF,
    0xDD, 0xFF, 0x77, 0xFF, 0xD5, 0xEF, 0x67, 0xEF, 0xDD, 0xFF, 0x77, 0xFF, 0xDD, 0xFF, 0x57, 0xFF, 0x9D, 0xBF, 0x00, 0xA5, 0x00, 0x03, 0x04, 0x00,
    0x00, 0x80, 0x80, 0x00, 0x07, 0x80, 0x00, 0x80, 0x00, 0x80, 0x00, 0x80, 0x00, 0x80, 0x80, 0x03, 0x00, 0x80, 0x00, 0x80, 0x82, 0x00, 0x00, 0x80,
    0x80, 0x00, 0x07, 0x80, 0x00, 0x80, 0x00, 0x80, 0xC0, 0x80, 0x40, 0x83, 0xC0, 0x00, 0x80, 0x81, 0xC0, 0x25, 0x40, 0xC2, 0xC1, 0xC3, 0x41, 0xC3,
    0xC1, 0x83, 0x01, 0x83, 0x85, 0xA3, 0x07, 0xEF, 0xD5, 0xFF, 0x77, 0xFE, 0xD4, 0xFE, 0x74, 0xFE, 0xDC, 0xFC, 0x75, 0xFF, 0xDD, 0xFF, 0x77, 0xFF,
    0xDD, 0xFB, 0x77, 0xFF, 0xD5, 0xFF, 0x77, 0xFF, 0x81, 0x00, 0x03, 0x01, 0x02, 0x00, 0x02, 0x82, 0x00, 0x7F, 0x02, 0x00, 0x02, 0x04, 0x02, 0x05,
    0x0A, 0x05, 0x02, 0x01, 0x0A, 0x05, 0x02, 0x06, 0x0E, 0x04, 0x0E, 0x06, 0x0E, 0x04, 0x2E, 0x04, 0x8C, 0x04, 0x08, 0x00, 0x08, 0x01, 0x0B, 0x01,
    0x0B, 0x01, 0x43, 0x03, 0x03, 0x05, 0x03, 0x07, 0x0F, 0x05, 0x0F, 0x07, 0x0F, 0x0D, 0x0F, 0x07, 0x0F, 0x1F, 0x1F, 0x17, 0x1F, 0x1D, 0x1F, 0x17,
    0xBF, 0x1D, 0xBE, 0x16, 0xBE, 0x3C, 0xBE, 0x14, 0xAC, 0xDD, 0xBF, 0x55, 0xFF, 0xDD, 0xBB, 0x57, 0xBB, 0x95, 0xBB, 0x17, 0xAF, 0x15, 0xBF, 0x77,
    0xFF, 0xDD, 0xFF, 0xF7, 0xFF, 0xDD, 0xFF, 0xD7, 0xFF, 0xDD, 0xFF, 0x77, 0xFF, 0xDD, 0xFF, 0x77, 0xFF, 0xDD, 0xFF, 0x77, 0xFE, 0xD5, 0xFF, 0x77,
    0xFF, 0xDD, 0xFF, 0x77, 0xFF, 0xDD, 0xFF, 0x57, 0xFF, 0xDD, 0xBF, 0x37, 0xFF, 0x00, 0x08, 0x10, 0x08, 0x10, 0x1A, 0x10, 0x0A, 0x00, 0x02, 0x00,
    0x12, 0x06, 0x72, 0x06, 0x05, 0x0E, 0x0C, 0x0E, 0x06, 0x0E, 0x0C, 0x0E, 0x34, 0x1E, 0x1C, 0x1E, 0x14, 0x3E, 0x1C, 0x3E, 0x16, 0x3E, 0x1C, 0x3E,
    0x14, 0x3C, 0x14, 0x28, 0x14, 0x2C, 0x1C, 0x3B, 0x15, 0x3F, 0x1D, 0x3B, 0x13, 0x3B, 0x15, 0x27, 0x37, 0x2F, 0x3D, 0x3F, 0x37, 0x3F, 0x1D, 0x3F,
    0x17, 0x3E, 0x1D, 0x3E, 0x15, 0x3F, 0x1D, 0x3F, 0x77, 0x3F, 0x5D, 0x3F, 0x77, 0x7E, 0x54, 0x7E, 0x74, 0x7E, 0x55, 0x7F, 0x77, 0xFF, 0x5D, 0xFF,
    0x5F, 0xFF, 0x5D, 0x9F, 0x17, 0xBF, 0x1D, 0x7F, 0x77, 0xBF, 0x5F, 0x7F, 0x77, 0x7F, 0x7D, 0x7E, 0x76, 0xFE, 0x5D, 0xFF, 0x75, 0xFF, 0xDD, 0xFF,
    0x77, 0xFF, 0xDD, 0xFB, 0x73, 0xFF, 0xD5, 0xF7, 0x77, 0xFF, 0xDD, 0xFF, 0x77, 0xFF, 0xDD, 0xFF, 0x57, 0xDF, 0xDD, 0xBF, 0x77, 0xFF, 0xA2, 0x00,
    0x00, 0x20, 0x95, 0x00, 0x41, 0x40, 0x00, 0x00, 0x20, 0x10, 0x28, 0x10, 0x30, 0x10, 0x20, 0x00, 0x20, 0x00, 0x20, 0x00, 0x20, 0x00, 0x28, 0x40,
    0x28, 0x00, 0x08, 0x0C, 0x08, 0x10, 0x1C, 0x1C, 0x38, 0x14, 0x3E, 0x5C, 0x3E, 0x74, 0x7E, 0x5C, 0x7E, 0x74, 0xFC, 0x5C, 0xFC, 0x74, 0xFC, 0xDD,
    0xFF, 0x75, 0xFF, 0xDD, 0xFB, 0x73, 0xFB, 0xD5, 0xFF, 0x77, 0xFF, 0xDD, 0xFF, 0x77, 0xFF, 0xDD, 0xFF, 0x77, 0xFF, 0xDD, 0xFF, 0x77, 0xFF, 0x00,
    0xA0, 0x00, 0x00, 0x02, 0x8E, 0x00, 0x00, 0x80, 0x80, 0x00, 0x00, 0x80, 0x80, 0x00, 0x00, 0x80, 0x80, 0x00, 0x00, 0x80, 0x84, 0x00, 0x38, 0x80,
    0x80, 0xC0, 0x00, 0xC0, 0x80, 0xC0, 0x00, 0x80, 0xC0, 0x80, 0x01, 0x80, 0x80, 0x82, 0x01, 0x82, 0xC5, 0x82, 0x47, 0xC6, 0x44, 0x86, 0x45, 0x8E,
    0xC5, 0x8F, 0x45, 0xEF, 0xDD, 0xFF, 0x77, 0xFF, 0xD5, 0xFA, 0x76, 0xFE, 0xD4, 0xFE, 0x77, 0xFF, 0xDD, 0xFF, 0x77, 0xFF, 0xDD, 0xFF, 0x57, 0xFF,
    0xDD, 0xFF, 0x77, 0xFF, 0xDD, 0xFF, 0x01, 0x08, 0x84, 0x00, 0x7F, 0x02, 0x00, 0x02, 0x00, 0x06, 0x04, 0x0E, 0x04, 0x0E, 0x24, 0x0E, 0x04, 0x0E,
    0x04, 0x4A, 0x04, 0x0E, 0x0C, 0x0E, 0x56, 0x0E, 0x14, 0x2E, 0x04, 0x0E, 0x04, 0x08, 0x04, 0x0C, 0x4C, 0x0E, 0x05, 0x0B, 0x05, 0x0B, 0x01, 0x0B,
    0x01, 0x03, 0x07, 0x0F, 0x05, 0x0F, 0x17, 0x0F, 0x0D, 0x0F, 0x07, 0x0E, 0x0D, 0x0E, 0x15, 0x1F, 0x1D, 0x3F, 0x57, 0x3F, 0x1D, 0x3F, 0x37, 0x3E,
    0x14, 0x3A, 0x36, 0xBE, 0x55, 0xBF, 0x77, 0xFF, 0xDD, 0xFF, 0x57, 0xEF, 0xDD, 0x8F, 0x17, 0x9F, 0x9D, 0xFF, 0x17, 0xFF, 0x1D, 0xFF, 0x37, 0xFF,
    0x5D, 0x7E, 0x77, 0xFE, 0x7D, 0xFF, 0x77, 0xFF, 0xDD, 0xFF, 0x77, 0xFF, 0xDD, 0xFB, 0x73, 0xFB, 0xD5, 0xFF, 0x77, 0xFF, 0xDD, 0xFF, 0x77, 0xFF,
    0xDD, 0xEF, 0x57, 0xDF, 0xDD, 0xFF, 0x57, 0xFF, 0xDD, 0xFF, 0x00, 0x08, 0x00, 0x08, 0x00, 0x08, 0x00, 0x04, 0x00, 0x76, 0x09, 0x00, 0x02, 0x15,
    0x0E, 0x1C, 0x2E, 0x14, 0x2E, 0x0C, 0x0E, 0x14, 0x0C, 0x1C, 0x3C, 0x14, 0x3C, 0x1C, 0x3A, 0x14, 0x3A, 0x1C, 0x3A, 0x30, 0x3A, 0x10, 0x32, 0x34,
    0x2E, 0x14, 0x2E, 0x14, 0x2E, 0x0C, 0x2E, 0x24, 0x0E, 0x3C, 0x1E, 0x37, 0x3E, 0x1D, 0x3F, 0x37, 0x3E, 0x1C, 0x3E, 0x36, 0x3E, 0x5C, 0x3E, 0x74,
    0x7E, 0x5C, 0x7E, 0x75, 0x7E, 0x5D, 0x7B, 0x71, 0x7B, 0x51, 0x7B, 0x73, 0xFB, 0x75, 0xFF, 0x7F, 0xFF, 0x5D, 0xEF, 0x77, 0xEF, 0x4D, 0xCF, 0xD7,
    0x9F, 0x5F, 0xBF, 0x77, 0xFF, 0x5D, 0xBF, 0x77, 0xFF, 0xDD, 0x7E, 0x76, 0xFE, 0x5C, 0xFE, 0x77, 0xFF, 0xDD, 0xFF, 0x75, 0xFF, 0xDD, 0xFB, 0x73,
    0xFB, 0xD5, 0xFB, 0x77, 0xFF, 0xDD, 0xFF, 0x77, 0xFF, 0xDD, 0xFF, 0x77, 0xFF, 0xDD, 0xFF, 0x77, 0xFF, 0xDD, 0xFF, 0x8C, 0x00, 0x00, 0x08, 0xA5,
    0x00, 0x00, 0x20, 0x8A, 0x00, 0x00, 0x04, 0x81, 0x00, 0x34, 0x20, 0x00, 0x20, 0x00, 0x20, 0x00, 0x28, 0x00, 0x28, 0x00, 0x28, 0x58, 0x38, 0x50,
    0x78, 0x58, 0x78, 0x70, 0xF8, 0x58, 0x38, 0x70, 0xF8, 0xD0, 0xFA, 0x74, 0xFE, 0xDD, 0xFF, 0x75, 0xFF, 0xDD, 0xEF, 0x55, 0xEF, 0xDD, 0xFF, 0x57,
    0xFF, 0xDD, 0xFF, 0x77, 0xFF, 0x5D, 0xFF, 0x77, 0x7F, 0x5D, 0xFF, 0x77, 0xFF, 0xDD, 0xFF, 0x00, 0xAD, 0x00, 0x00, 0x80, 0x91, 0x00, 0x41, 0x20,
    0x00, 0x20, 0x00, 0x20, 0x80, 0x00, 0x80, 0x02, 0x80, 0x00, 0x80, 0x00, 0x80, 0x80, 0x82, 0x01, 0x82, 0x85, 0x83, 0x07, 0x8E, 0x04, 0x06, 0x06,
    0x1E, 0x14, 0x0E, 0x44, 0xCE, 0xCC, 0xEE, 0x55, 0xFF, 0xDD, 0xFB, 0x51, 0xFB, 0xD1, 0xFB, 0x73, 0xFF, 0xD5, 0xFF, 0x77, 0xFF, 0xD5, 0xEF, 0x67,
    0xEF, 0xCD, 0xEF, 0x57, 0xFF, 0xDD, 0xFF, 0x77, 0xFF, 0xDD, 0x08, 0x00, 0x08, 0x80, 0x00, 0x80, 0x08, 0x80, 0x00, 0x76, 0x0A, 0x04, 0x4A, 0x04,
    0x0E, 0x04, 0x4E, 0x04, 0x0E, 0x0C, 0x4E, 0x14, 0x0E, 0x1C, 0x9E, 0x14, 0x1C, 0x1C, 0x18, 0x30, 0x18, 0x10, 0x3A, 0x10, 0x3A, 0x14, 0x3E, 0x14,
    0x2E, 0x04, 0x2E, 0x04, 0x0E, 0x04, 0x0E, 0x05, 0x0F, 0x1D, 0x1F, 0x17, 0x3F, 0x1D, 0x3F, 0x17, 0x3E, 0x1C, 0x3E, 0x36, 0x7E, 0x1C, 0x3E, 0x74,
    0x7E, 0x5C, 0x3E, 0x75, 0x78, 0x59, 0x3B, 0x31, 0xBB, 0x51, 0xBB, 0x77, 0xFF, 0x55, 0xFF, 0x77, 0xEF, 0x45, 0xAF, 0x67, 0xCF, 0x7D, 0xBF, 0x77,
    0xFF, 0xDD, 0xBF, 0x37, 0xBF, 0x1D, 0x3F, 0x37, 0xFF, 0x5C, 0xFF, 0x77, 0xFF, 0xDD, 0xFF, 0x77, 0xFF, 0xDD, 0xFF, 0x75, 0xFB, 0xDD, 0xFB, 0x77,
    0xFF, 0xDD, 0xFF, 0x77, 0xFF, 0xDD, 0xFF, 0x77, 0xFF, 0x5D, 0xFF, 0x77, 0xFF, 0xDD, 0xFF, 0x77, 0xFF, 0xDD, 0x28, 0x81, 0x00, 0x7A, 0x04, 0x08,
    0x00, 0x08, 0x10, 0x08, 0x18, 0x38, 0x10, 0x38, 0x14, 0x38, 0x10, 0x38, 0x14, 0x38, 0x34, 0x3C, 0x5C, 0x38, 0x74, 0x38, 0x58, 0x38, 0x10, 0x38,
    0x10, 0x38, 0x10, 0x38, 0x50, 0x32, 0x74, 0x3E, 0x54, 0x2E, 0x44, 0x2E, 0x44, 0x0E, 0x04, 0x0E, 0x5C, 0x3E, 0x14, 0x3E, 0x1C, 0x3E, 0x34, 0x3E,
    0x1C, 0x3E, 0x74, 0x7E, 0x5C, 0x7E, 0x74, 0xFE, 0x5C, 0xFE, 0x7C, 0xFC, 0xDC, 0xF8, 0x59, 0xFA, 0xDD, 0xFB, 0x77, 0xFF, 0xFD, 0xFF, 0x77, 0xFF,
    0x5D, 0x3F, 0x77, 0x7E, 0x5D, 0xFF, 0x77, 0xFF, 0xDD, 0xFF, 0x77, 0xFF, 0xDD, 0xFF, 0x75, 0xFF, 0xDD, 0xFF, 0x77, 0xFF, 0xDD, 0xFF, 0x7F, 0xFF,
    0xDD, 0xEF, 0x67, 0xEF, 0xCF, 0xFF, 0x57, 0xFF, 0xDD, 0xFF, 0x77, 0xFF, 0xDD, 0xBF, 0x37, 0xBF, 0x5D, 0x7F, 0x77, 0xFF, 0xDD, 0xFF, 0x77, 0xFF,
    0xDD, 0x86, 0x00, 0x00, 0x10, 0xA4, 0x00, 0x00, 0x10, 0x8A, 0x00, 0x00, 0x08, 0x89, 0x00, 0x33, 0x01, 0x01, 0x00, 0x00, 0x20, 0x00, 0x20, 0x00,
    0x20, 0x70, 0x68, 0x50, 0x79, 0x70, 0xF8, 0x50, 0xF8, 0xF0, 0xF8, 0xD1, 0xF9, 0x71, 0xF9, 0xD1, 0xF3, 0x71, 0xFB, 0xD5, 0xE3, 0x67, 0xEF, 0xC5,
    0xEF, 0x57, 0xFF, 0xDD, 0xFF, 0x77, 0xFF, 0xDD, 0xBF, 0x37, 0xBF, 0x5D, 0xFF, 0x77, 0xFF, 0xDD, 0xFF, 0x77, 0xFF, 0xDD, 0x00, 0xA8, 0x00, 0x00,
    0x40, 0x92, 0x00, 0x00, 0x40, 0x82, 0x00, 0x38, 0x04, 0x00, 0x00, 0x40, 0x02, 0x40, 0x02, 0x40, 0x02, 0x04, 0x0E, 0x04, 0x0E, 0x04, 0x8E, 0x2C,
    0xAE, 0x07, 0x8E, 0x0C, 0x0E, 0x16, 0x0E, 0x1C, 0x1E, 0x16, 0xBE, 0x5C, 0xFE, 0x54, 0xFE, 0xDC, 0xE8, 0x51, 0xF9, 0xDD, 0xFB, 0x57, 0xFF, 0xDD,
    0xFF, 0x77, 0xFF, 0xD5, 0xBF, 0x77, 0xEF, 0xDD, 0xFF, 0x77, 0xFF, 0xDD, 0xFF, 0x77, 0xFF, 0xDD, 0xFF, 0x82, 0x00, 0x7C, 0x08, 0x04, 0x08, 0x00,
    0x08, 0x5C, 0x18, 0x14, 0x98, 0x14, 0x18, 0x14, 0x3C, 0x14, 0x3C, 0x14, 0x3C, 0x1C, 0x3C, 0x14, 0x3C, 0x1C, 0x38, 0x10, 0x38, 0x10, 0x38, 0x10,
    0x3A, 0x10, 0x3A, 0x34, 0x2E, 0x04, 0x26, 0x04, 0x2E, 0x04, 0x2E, 0x04, 0x2E, 0x1C, 0x3E, 0x16, 0x3E, 0x1C, 0x3E, 0x14, 0x3F, 0x1C, 0xBE, 0x36,
    0x3E, 0x5C, 0x7E, 0x76, 0x7E, 0x5C, 0x7E, 0x74, 0xFC, 0x5C, 0xF8, 0x51, 0xFB, 0xDD, 0xFB, 0x77, 0xFF, 0xDD, 0xBF, 0x37, 0xBF, 0x15, 0x3F, 0x77,
    0xFF, 0x5D, 0xFF, 0x77, 0xFF, 0x5D, 0xFF, 0x77, 0xFF, 0xDD, 0xFF, 0x77, 0xFF, 0xDD, 0xFF, 0x77, 0xFF, 0xDD, 0xFF, 0x77, 0xFF, 0xD5, 0xEF, 0x75,
    0xEF, 0xDD, 0xFF, 0x77, 0xFF, 0xDF, 0xFF, 0x77, 0xFF, 0xDD, 0xBF, 0x37, 0xBF, 0x5D, 0xFF, 0x77, 0xFF, 0xDD, 0xFF, 0x77, 0xFF, 0xDD, 0xFF, 0x00,
    0x10, 0x82, 0x00, 0x25, 0x08, 0x00, 0x08, 0x10, 0x38, 0x10, 0x38, 0x10, 0x38, 0x10, 0x38, 0x10, 0x38, 0x30, 0x78, 0x50, 0x78, 0x70, 0x68, 0x40,
    0x68, 0x40, 0x68, 0x40, 0x68, 0x50, 0xF8, 0x50, 0x38, 0x10, 0xB8, 0x10, 0x20, 0x10, 0x28, 0x14, 0x2C, 0x74, 0x80, 0x7C, 0x4F, 0x74, 0xFC, 0x7C,
    0xF8, 0x70, 0xF8, 0x58, 0xF8, 0x70, 0xF8, 0x5C, 0xFC, 0x74, 0xFE, 0xD4, 0xFA, 0x74, 0xEC, 0xC4, 0xF8, 0x44, 0xEE, 0xDC, 0xFE, 0x55, 0xFF, 0xDD,
    0xBF, 0x17, 0xBE, 0x1D, 0x3E, 0x37, 0xBE, 0x5C, 0xFE, 0x76, 0xFE, 0x5C, 0xFE, 0x74, 0xFE, 0xDC, 0xFC, 0x75, 0xF9, 0xDD, 0xFB, 0x77, 0xFF, 0xDD,
    0xFF, 0x77, 0xFF, 0xD5, 0xE7, 0x67, 0xEF, 0xCD, 0xEF, 0x77, 0xFF, 0xDD, 0xFF, 0x57, 0xFF, 0xDD, 0xBF, 0x37, 0xBF, 0xDD, 0xFF, 0x77, 0xFF, 0xDD,
    0xFF, 0x77, 0xFE, 0xDD, 0xFE, 0x81, 0x00, 0x00, 0x20, 0xC0, 0x00, 0x37, 0x01, 0x00, 0x01, 0x00, 0x01, 0x00, 0x01, 0x00, 0x01, 0x00, 0x00, 0x20,
    0x00, 0x60, 0x40, 0x60, 0x60, 0xE0, 0x40, 0xE0, 0x40, 0xE0, 0xC1, 0xE1, 0x51, 0xF3, 0xD1, 0xF3, 0x53, 0xE3, 0xD1, 0xA3, 0x13, 0xAF, 0x55, 0xFF,
    0x77, 0xFF, 0xDD, 0xFF, 0x77, 0xFF, 0xDD, 0xFF, 0x77, 0xFF, 0xDD, 0xFF, 0x77, 0xFF, 0xDD, 0xFF, 0x77, 0xFF, 0xDD, 0xFF, 0x00, 0x81, 0x00, 0x00,
    0x20, 0x9C, 0x00, 0x00, 0x10, 0x93, 0x00, 0x00, 0x80, 0x81, 0x00, 0x07, 0x08, 0x00, 0x00, 0x20, 0x00, 0x20, 0x08, 0x20, 0x81, 0x00, 0x7F, 0x02,
    0x80, 0x8E, 0x04, 0x0E, 0x04, 0x0E, 0x0C, 0x0E, 0x14, 0x0E, 0x1C, 0x1E, 0x14, 0x1E, 0x1C, 0x3E, 0x14, 0xBE, 0x1C, 0xBE, 0x36, 0xBE, 0x54, 0xB2,
    0x74, 0xEE, 0xC5, 0xEF, 0x77, 0xEF, 0xDD, 0xFF, 0x57, 0xFF, 0xDD, 0x9F, 0x17, 0xBF, 0x9D, 0xBF, 0x77, 0xFF, 0xDD, 0xFF, 0x77, 0xFF, 0x5D, 0xFE,
    0x77, 0xFE, 0xDD, 0x20, 0x00, 0x20, 0x80, 0x28, 0x00, 0x28, 0x0C, 0x28, 0x10, 0x08, 0x18, 0x18, 0x10, 0x3C, 0x18, 0x38, 0x30, 0x38, 0x58, 0x38,
    0x70, 0x78, 0x50, 0x38, 0x70, 0x68, 0x40, 0x68, 0x50, 0x68, 0x5C, 0x78, 0x50, 0x38, 0x10, 0x38, 0x10, 0x38, 0x14, 0x3E, 0x34, 0x3E, 0x5C, 0x3E,
    0x76, 0x7E, 0x5C, 0x7C, 0x54, 0x7C, 0x5C, 0xFC, 0x74, 0xFC, 0x5C, 0xFB, 0x74, 0xFA, 0x5C, 0xFA, 0x70, 0xFA, 0x54, 0xE2, 0x64, 0xEE, 0xFC, 0xEE,
    0x76, 0xFE, 0xDC, 0xFE, 0x57, 0x9E, 0x9D, 0x33, 0xBE, 0x17, 0xBE, 0x1D, 0xBE, 0x77, 0xFE, 0x7E, 0xFE, 0x76, 0xFE, 0x5C, 0xFE, 0x74, 0xFC, 0xDC,
    0xFF, 0x75, 0xFF, 0xDD, 0xFB, 0x73, 0xFB, 0xD5, 0xF3, 0x77, 0xFF, 0xD5, 0xFF, 0x77, 0xFF, 0xDD, 0xFF, 0xF7, 0xFF, 0xDD, 0xFF, 0x57, 0xFF, 0xDD,
    0xBF, 0x77, 0xFF, 0xDD, 0xFF, 0x77, 0xFF, 0xDD, 0xFE, 0x76, 0xFE, 0xDC, 0x81, 0x00, 0x31, 0x20, 0x00, 0x20, 0x00, 0x20, 0x00, 0x20, 0x02, 0x20,
    0x00, 0x20, 0x50, 0x30, 0x50, 0xF0, 0x50, 0x30, 0x70, 0xE0, 0x50, 0x20, 0x60, 0xE0, 0x40, 0xE0, 0x40, 0xE0, 0x40, 0xE0, 0x40, 0xC8, 0x40, 0x88,
    0x10, 0xC8, 0x30, 0x38, 0x30, 0xB8, 0x70, 0x38, 0x70, 0x78, 0x50, 0x78, 0x71, 0xF8, 0x50, 0xFA, 0x72, 0x80, 0xF8, 0x46, 0x70, 0xF8, 0xF0, 0xF8,
    0x70, 0xF0, 0xD0, 0xE0, 0x70, 0xE8, 0xD4, 0xEC, 0x74, 0xEE, 0xDC, 0xFE, 0x55, 0xFC, 0xDD, 0xBE, 0x15, 0xBE, 0xDD, 0xFF, 0x7D, 0xFE, 0xDD, 0xFE,
    0x7C, 0xFE, 0x5C, 0xFE, 0x74, 0xFC, 0xDC, 0xFF, 0x75, 0xFF, 0xDD, 0xFF, 0x75, 0xFB, 0xDD, 0xFB, 0x77, 0xFF, 0xD5, 0xFF, 0x7F, 0xFF, 0xDF, 0xFF,
    0x77, 0xFF, 0xDF, 0xFF, 0x77, 0xFF, 0xDD, 0xFF, 0x77, 0xFF, 0xDD, 0xFF, 0x77, 0xFF, 0xDD, 0xFF, 0x77, 0xFF, 0xD5, 0x90, 0x00, 0x00, 0x04, 0x8D,
    0x00, 0x00, 0x04, 0x8B, 0x00, 0x02, 0x10, 0x00, 0x01, 0x80, 0x00, 0x01, 0x01, 0x00, 0x80, 0x01, 0x01, 0x05, 0x05, 0x85, 0x01, 0x06, 0x00, 0x01,
    0x00, 0x00, 0x04, 0x01, 0x00, 0x80, 0x01, 0x2D, 0x41, 0x01, 0x03, 0x01, 0x03, 0x01, 0x02, 0x01, 0xE2, 0x41, 0xE3, 0x41, 0xE3, 0xC1, 0xE3, 0x43,
    0xC3, 0xC1, 0x83, 0x03, 0x83, 0x95, 0xBB, 0x17, 0xBF, 0x55, 0xFF, 0x77, 0xFF, 0x5D, 0x7E, 0x76, 0xFE, 0xDC, 0xFF, 0x75, 0xFF, 0xDD, 0xFF, 0x77,
    0xFF, 0xDD, 0xFB, 0x73, 0xFB, 0xD5, 0x00, 0x01, 0x00, 0x20, 0x99, 0x00, 0x00, 0x10, 0x91, 0x00, 0x00, 0x80, 0x83, 0x00, 0x00, 0x10, 0x86, 0x00,
    0x7F, 0x08, 0x80, 0x88, 0x00, 0x08, 0x00, 0x48, 0x00, 0x48, 0x14, 0x5E, 0x14, 0x3E, 0x1C, 0x3E, 0x14, 0x3E, 0x1C, 0x3E, 0x14, 0x3C, 0x1C, 0x3C,
    0x34, 0xBC, 0x5C, 0xBA, 0x70, 0xBA, 0x51, 0xB2, 0x73, 0xF2, 0x55, 0xFF, 0x77, 0xFF, 0xDD, 0xEF, 0x77, 0xEF, 0xCD, 0xCF, 0x57, 0xDF, 0xDD, 0xBF,
    0x77, 0xFF, 0xDD, 0xFF, 0x77, 0xFF, 0x5D, 0xFE, 0x76, 0xFE, 0xDC, 0xFE, 0x77, 0x00, 0x10, 0x20, 0x10, 0x28, 0x10, 0x28, 0x12, 0x28, 0x10, 0x28,
    0x10, 0x38, 0x58, 0x38, 0x70, 0xF8, 0x58, 0x78, 0x70, 0xF8, 0x50, 0x30, 0x70, 0xE0, 0x50, 0x60, 0x60, 0xE8, 0x44, 0xE8, 0x40, 0xE8, 0x48, 0x88,
    0x10, 0x88, 0x18, 0xB8, 0x14, 0xBC, 0x9C, 0x3C, 0x74, 0x7C, 0x5C, 0x7C, 0x74, 0x7C, 0x5E, 0xFC, 0x74, 0xFC, 0xDC, 0xF8, 0x70, 0xF8, 0xD8, 0xF8,
    0x70, 0xF8, 0xD0, 0xF2, 0x70, 0xFE, 0xD4, 0xFE, 0x76, 0x3B, 0xEE, 0xDC, 0xEE, 0x54, 0xEE, 0xDC, 0xBE, 0x54, 0xFE, 0xDF, 0xFE, 0x76, 0xFE, 0xDC,
    0xFE, 0x76, 0xFE, 0x7C, 0xFE, 0x74, 0xFE, 0xFC, 0xFE, 0x74, 0xFE, 0xDD, 0xFF, 0x75, 0xFB, 0xDD, 0xFB, 0x73, 0xFF, 0xDD, 0xFF, 0x77, 0xFF, 0xDD,
    0xFF, 0x77, 0xFF, 0x5D, 0xFF, 0x77, 0xFF, 0xDD, 0xFF, 0x77, 0xFF, 0xDD, 0xFF, 0x77, 0xFF, 0xDD, 0xFF, 0x77, 0xFF, 0xDD, 0xFF, 0x77, 0x81, 0x00,
    0x7B, 0x20, 0x04, 0x20, 0x00, 0x20, 0x00, 0x20, 0x00, 0x60, 0x40, 0x60, 0x40, 0xE0, 0x40, 0xE0, 0x40, 0xE0, 0x40, 0xA0, 0x00, 0xA0, 0x40, 0xA0,
    0x40, 0xE0, 0x40, 0xE0, 0x40, 0xE0, 0x40, 0x00, 0x00, 0x80, 0x00, 0xA0, 0x10, 0xB8, 0x50, 0xB0, 0x70, 0xFA, 0x50, 0xF1, 0x70, 0xF0, 0x70, 0xF8,
    0x70, 0xE8, 0xF0, 0xF8, 0x70, 0xE8, 0xD0, 0xE8, 0x51, 0xE8, 0xD1, 0xB1, 0x51, 0xB9, 0xD9, 0xB9, 0x71, 0xF9, 0x55, 0xF8, 0x74, 0xEC, 0x5C, 0xF8,
    0x74, 0xFC, 0xDD, 0xF9, 0x7D, 0xF9, 0xDD, 0xFB, 0x71, 0xFA, 0xD1, 0xFA, 0x71, 0xFA, 0xD5, 0xFF, 0x75, 0xFF, 0xDD, 0xFF, 0x75, 0xEF, 0xCD, 0xCF,
    0x57, 0xDF, 0xDD, 0xFF, 0x77, 0xFF, 0xDD, 0xFF, 0x77, 0xFF, 0x5D, 0x7F, 0x77, 0xFE, 0xDE, 0xFF, 0x77, 0xFF, 0xDD, 0xFF, 0x75, 0xFF, 0xDD, 0xFB,
    0x73, 0xFB, 0xD5, 0xFF, 0x77, 0x8D, 0x00, 0x00, 0x04, 0x8A, 0x00, 0x00, 0x04, 0x8C, 0x00, 0x00, 0x0A, 0x85, 0x00, 0x02, 0x01, 0x08, 0x09, 0x85,
    0x01, 0x08, 0x03, 0x01, 0x03, 0x01, 0x03, 0x05, 0x02, 0x00, 0x02, 0x80, 0x00, 0x00, 0x20, 0x84, 0x01, 0x29, 0x03, 0x01, 0x83, 0x01, 0x03, 0x03,
    0x83, 0x05, 0x83, 0x07, 0x87, 0x45, 0x87, 0x07, 0x87, 0x45, 0x8F, 0x07, 0xAF, 0xDD, 0xBF, 0x37, 0xBF, 0x55, 0xBF, 0x77, 0xFE, 0x5C, 0xFE, 0x77,
    0xFF, 0xDD, 0xFF, 0x77, 0xFF, 0xDD, 0xFB, 0x71, 0xFB, 0xDD, 0xFF, 0x77, 0x00, 0x02, 0x00, 0x00, 0x01, 0x91, 0x00, 0x00, 0x08, 0x8F, 0x00, 0x00,
    0x80, 0x85, 0x00, 0x03, 0x20, 0x00, 0x00, 0x08, 0x82, 0x00, 0x01, 0x80, 0x80, 0x83, 0x00, 0x7F, 0x20, 0x00, 0x28, 0x04, 0x28, 0x04, 0x0C, 0x1C,
    0x3C, 0x14, 0x3C, 0x1C, 0x38, 0x10, 0x38, 0x1C, 0x38, 0x34, 0x3C, 0x5C, 0x7E, 0x74, 0xFC, 0x5C, 0xFC, 0x75, 0xE8, 0x58, 0xFA, 0x50, 0xFA, 0xDC,
    0xFE, 0x77, 0xFF, 0xDD, 0xBF, 0x77, 0xBF, 0x5D, 0x3E, 0x77, 0xFE, 0x5D, 0xFF, 0x77, 0xFF, 0xDD, 0xFF, 0x77, 0xFF, 0xDD, 0xFF, 0x77, 0xFF, 0xDD,
    0xFF, 0x77, 0xFF, 0xDD, 0x38, 0x10, 0xB8, 0x10, 0x30, 0x30, 0x38, 0x10, 0x30, 0x70, 0x78, 0x50, 0xF8, 0x70, 0xF8, 0x50, 0xF8, 0x70, 0xF8, 0xD0,
    0xF0, 0x50, 0xF0, 0xD0, 0xF0, 0x70, 0xF8, 0x50, 0xE0, 0x60, 0xE8, 0x40, 0x28, 0x40, 0xE8, 0x58, 0xF8, 0x50, 0xF8, 0xD8, 0xF8, 0x70, 0xF8, 0x58,
    0xB8, 0x70, 0xF8, 0x50, 0xF8, 0x70, 0xF8, 0xDC, 0xF8, 0x70, 0xF8, 0xD0, 0xE8, 0x50, 0xE8, 0xD1, 0xF9, 0x50, 0xF8, 0xDC, 0xFC, 0x74, 0xFC, 0x5C,
    0x09, 0xBC, 0x74, 0x7D, 0x5D, 0x7E, 0x76, 0xFC, 0xDC, 0xFE, 0x74, 0x80, 0xFC, 0x2E, 0x74, 0xF8, 0xF8, 0xFA, 0x70, 0xFA, 0xDC, 0xFE, 0x76, 0xFE,
    0xD4, 0xFE, 0x74, 0xEF, 0xCC, 0xEF, 0x57, 0xFF, 0xDD, 0xFF, 0x77, 0xFF, 0xDD, 0xBF, 0x37, 0xBF, 0x5D, 0x3F, 0x77, 0xFE, 0x5D, 0xFE, 0x77, 0xFF,
    0xDD, 0xFF, 0x75, 0xFF, 0xDD, 0xFB, 0x71, 0xFF, 0xDD, 0xFF, 0x77, 0xFF, 0xDD, 0x87, 0x00, 0x75, 0x20, 0x40, 0x20, 0x40, 0xE0, 0x40, 0xE0, 0x40,
    0xC0, 0x40, 0x80, 0x00, 0x80, 0x00, 0x80, 0x00, 0x80, 0x00, 0xA0, 0x00, 0x20, 0x00, 0x20, 0x00, 0x20, 0x41, 0x60, 0x44, 0xE0, 0x41, 0xE0, 0x70,
    0xE0, 0xD0, 0xE0, 0xD0, 0xE0, 0xD0, 0xE0, 0x70, 0xE0, 0xD1, 0xE0, 0x61, 0xE0, 0xC1, 0xE0, 0x41, 0xE1, 0xC1, 0xC1, 0x45, 0xC9, 0xD1, 0xB9, 0x51,
    0xBB, 0x91, 0xBB, 0x31, 0x3A, 0x50, 0x7A, 0x70, 0xFA, 0xD8, 0xFA, 0x71, 0xF8, 0xD9, 0xF8, 0x71, 0xF9, 0xD1, 0xF9, 0x71, 0xFB, 0xD1, 0xFB, 0x73,
    0xFB, 0xD5, 0xF7, 0x77, 0xEF, 0xC5, 0xEF, 0x47, 0xEF, 0xDD, 0xFF, 0x77, 0xFF, 0xDD, 0xFF, 0x77, 0xFF, 0xDD, 0xBF, 0x77, 0xFF, 0xDD, 0xFF, 0x77,
    0xFF, 0xDD, 0xFF, 0x77, 0xFF, 0xDD, 0xFF, 0x75, 0xFF, 0xDD, 0xFF, 0x77, 0xFF, 0xDD, 0x88, 0x00, 0x00, 0x02, 0x88, 0x00, 0x00, 0x04, 0x89, 0x00,
    0x00, 0x08, 0x87, 0x00, 0x82, 0x01, 0x1C, 0x03, 0x01, 0x03, 0x01, 0x03, 0x01, 0x03, 0x01, 0x03, 0x01, 0x03, 0x01, 0x03, 0x01, 0x03, 0x01, 0x03,
    0x01, 0x03, 0x01, 0x12, 0x01, 0x02, 0x01, 0x02, 0x01, 0x02, 0x01, 0x02, 0x80, 0x01, 0x03, 0x03, 0x01, 0x03, 0x01, 0x80, 0x03, 0x04, 0x05, 0x03,
    0x07, 0x07, 0x05, 0x80, 0x07, 0x1C, 0x05, 0x0F, 0x07, 0xCF, 0x4D, 0xCF, 0x47, 0xEF, 0xDD, 0xBB, 0x51, 0xFB, 0xDD, 0xFF, 0x77, 0xFF, 0xD5, 0xFF,
    0x77, 0xEF, 0xC5, 0xEF, 0x67, 0xEF, 0xDD, 0xFF, 0x77, 0xFF, 0xDD, 0x00, 0x8F, 0x00, 0x00, 0x08, 0x97, 0x00, 0x00, 0x20, 0x83, 0x00, 0x01, 0x40,
    0x40, 0x83, 0x00, 0x7F, 0x08, 0x40, 0x00, 0x50, 0x08, 0xC0, 0x80, 0x00, 0x08, 0x00, 0x28, 0x14, 0x2C, 0x1C, 0x3C, 0x14, 0x3C, 0x1C, 0x38, 0x10,
    0x38, 0x18, 0x38, 0x30, 0x38, 0x58, 0x78, 0x74, 0xFE, 0x54, 0x7A, 0x74, 0xEC, 0x44, 0xEE, 0x44, 0xEE, 0xDC, 0xFE, 0x56, 0xFE, 0xDC, 0xBE, 0x17,
    0xBE, 0x1D, 0x3E, 0x37, 0xFE, 0x5C, 0xFE, 0x77, 0xFE, 0xDC, 0xFE, 0x74, 0xFE, 0xFD, 0xFD, 0x75, 0xFF, 0xDD, 0xFB, 0x77, 0xFF, 0xDD, 0xFF, 0x77,
    0xB0, 0x50, 0xB0, 0x10, 0xB0, 0x10, 0x30, 0x30, 0xF0, 0x50, 0xF0, 0x70, 0xF0, 0x50, 0xE0, 0x60, 0xE0, 0xC0, 0xE0, 0x40, 0xE8, 0xC0, 0xE0, 0x50,
    0xF8, 0xD0, 0xB0, 0x10, 0xB8, 0x10, 0x20, 0x10, 0x28, 0x50, 0x79, 0x70, 0xF8, 0x58, 0xF8, 0x70, 0xF8, 0xD8, 0xF8, 0x70, 0xF8, 0xD0, 0xF8, 0x70,
    0xF8, 0xD8, 0xF8, 0x70, 0xF8, 0xD1, 0xE1, 0x60, 0xE8, 0xC0, 0xE8, 0x50, 0x43, 0xFC, 0xDC, 0xF8, 0x54, 0xFC, 0x9C, 0xB8, 0x34, 0xBC, 0x1C, 0x3E,
    0x74, 0xFC, 0x5C, 0xFC, 0x74, 0xFC, 0xDC, 0xFC, 0x74, 0xF8, 0xD8, 0xF8, 0x70, 0xF8, 0xD8, 0xFA, 0x71, 0xFA, 0xD5, 0xFE, 0x77, 0xEE, 0xC4, 0xEE,
    0x66, 0xEE, 0xDD, 0xFF, 0x77, 0xFF, 0xDD, 0xFF, 0x77, 0xFF, 0xDD, 0xBF, 0x77, 0xFF, 0xDD, 0xFF, 0x77, 0xFF, 0xDD, 0xFE, 0x76, 0xFE, 0xDC, 0xFE,
    0xF5, 0xFF, 0xDD, 0xFF, 0x77, 0xFF, 0xDD, 0xFF, 0x77, 0x85, 0x00, 0x77, 0x80, 0x00, 0x80, 0x00, 0x80, 0x40, 0x80, 0x00, 0x80, 0x40, 0x00, 0x00,
    0x80, 0x40, 0x80, 0x00, 0x80, 0x00, 0x80, 0x01, 0x80, 0x00, 0x02, 0x00, 0x2A, 0x40, 0x20, 0x40, 0xE0, 0x40, 0xE0, 0x40, 0xE0, 0x40, 0xE0, 0x40,
    0xE0, 0xC1, 0xE1, 0x41, 0xE1, 0xC1, 0xE1, 0x41, 0xE1, 0xC1, 0xA1, 0x41, 0xE1, 0x45, 0xE1, 0x41, 0xE1, 0xC1, 0xE3, 0x51, 0xE3, 0xD1, 0xB3, 0x11,
    0xB9, 0x51, 0xB3, 0x71, 0xFB, 0xD1, 0xFB, 0x71, 0xFA, 0xD0, 0xF2, 0x70, 0xE8, 0xC1, 0xE9, 0x71, 0xFB, 0xD1, 0xFB, 0x73, 0xFB, 0xD5, 0xFB, 0x53,
    0xBF, 0x95, 0xBF, 0x77, 0xFF, 0x5D, 0xFF, 0x77, 0xFF, 0xDD, 0xFF, 0x77, 0xFF, 0xDD, 0xFF, 0x7D, 0xFF, 0xDD, 0xFF, 0x77, 0xFF, 0xDD, 0xFF, 0x77,
    0xFF, 0xD5, 0xFF, 0x77, 0xEF, 0xDD, 0xFF, 0x77, 0xFF, 0xDD, 0xFF, 0x57, 0x84, 0x00, 0x00, 0x02, 0x86, 0x00, 0x00, 0x08, 0x88, 0x00, 0x00, 0x10,
    0x87, 0x00, 0x00, 0x01, 0x81, 0x00, 0x82, 0x01, 0x07, 0x03, 0x01, 0x03, 0x01, 0x03, 0x01, 0x03, 0x01, 0x80, 0x03, 0x07, 0x01, 0x03, 0x01, 0x02,
    0x01, 0x00, 0x09, 0x00, 0x80, 0x01, 0x01, 0x03, 0x01, 0x80, 0x03, 0x08, 0x01, 0x03, 0x01, 0x03, 0x01, 0x03, 0x03, 0x07, 0x05, 0x80, 0x07, 0x00,
    0x05, 0x80, 0x07, 0x22, 0x05, 0x07, 0x07, 0x0F, 0x05, 0x0F, 0x07, 0x0F, 0x05, 0x0E, 0x06, 0xCE, 0x4C, 0xCC, 0x45, 0xEF, 0xDD, 0xFB, 0x77, 0xFF,
    0xDD, 0xFB, 0x77, 0xFF, 0xD5, 0xE7, 0x77, 0xEF, 0xCD, 0xEF, 0x77, 0xFF, 0xDD, 0xFF, 0x77, 0x00, 0x88, 0x00, 0x00, 0x10, 0x97, 0x00, 0x00, 0x10,
    0x82, 0x00, 0x03, 0x20, 0x00, 0x00, 0x80, 0x87, 0x00, 0x7F, 0x08, 0x00, 0x08, 0x00, 0x08, 0x00, 0x08, 0x30, 0x08, 0x30, 0x38, 0x30, 0x38, 0x1C,
    0x38, 0x34, 0x38, 0x5C, 0x38, 0x70, 0x78, 0x58, 0x78, 0x70, 0x78, 0x58, 0xF8, 0x70, 0xF8, 0x50, 0xB0, 0x70, 0xA2, 0x54, 0xA6, 0x74, 0xEE, 0x5C,
    0xFE, 0x76, 0xFE, 0x5C, 0xFE, 0x54, 0xFE, 0x5C, 0xBE, 0x76, 0xFE, 0xDD, 0xFE, 0x77, 0xFE, 0xDC, 0xFE, 0x76, 0xFE, 0xDC, 0xFE, 0x74, 0xFF, 0xDD,
    0xFF, 0x77, 0xFF, 0xDD, 0xFF, 0x77, 0xFF, 0xDD, 0x60, 0x50, 0xE0, 0x50, 0xF0, 0x50, 0xF0, 0xD0, 0xF0, 0x70, 0xF0, 0xD0, 0xE0, 0x60, 0xE0, 0x40,
    0xE8, 0x40, 0xE0, 0xC0, 0xE0, 0x40, 0xE8, 0xC8, 0x88, 0x14, 0x98, 0x10, 0xB8, 0x10, 0xB8, 0x50, 0xB8, 0x70, 0xF8, 0x50, 0xF8, 0x70, 0xF8, 0x50,
    0xF8, 0x70, 0xF8, 0xD0, 0xF8, 0x70, 0xFA, 0xD0, 0xF8, 0x70, 0xF8, 0xD0, 0xB0, 0x70, 0xE0, 0xD8, 0xE8, 0x70, 0x45, 0xFC, 0xDC, 0xFC, 0x74, 0xFC,
    0xDC, 0xF8, 0x54, 0xFA, 0xDC, 0xF8, 0x74, 0xFC, 0xDC, 0xF8, 0x74, 0xFC, 0xDC, 0xF8, 0x70, 0xF8, 0xD4, 0xF8, 0x74, 0xFC, 0xDC, 0xFC, 0x74, 0xFE,
    0xDC, 0xFA, 0x50, 0xBE, 0xD5, 0xBE, 0x77, 0xFE, 0xDD, 0xFE, 0x77, 0xFE, 0x5C, 0xFE, 0x76, 0xFE, 0xDC, 0xFE, 0x75, 0xFF, 0xDD, 0xFF, 0x77, 0xFF,
    0xDD, 0xFF, 0x77, 0xFF, 0xD5, 0xFF, 0x77, 0xFF, 0xDD, 0xFF, 0xF7, 0xFF, 0xDD, 0xFF, 0x57, 0xFF, 0xDD, 0x83, 0x00, 0x08, 0x80, 0x00, 0x80, 0x00,
    0x80, 0x00, 0x80, 0x00, 0x80, 0x84, 0x00, 0x04, 0x80, 0x00, 0x00, 0x04, 0x80, 0x80, 0x00, 0x0B, 0x80, 0x00, 0xA0, 0x41, 0xE0, 0x40, 0xE0, 0x40,
    0xE0, 0x40, 0xE0, 0x60, 0x80, 0xE0, 0x55, 0x61, 0xE1, 0xC1, 0xE1, 0x41, 0x81, 0x81, 0x83, 0x01, 0xA1, 0x01, 0xA3, 0x01, 0xE3, 0x41, 0xE3, 0x61,
    0xE2, 0x40, 0xE0, 0x50, 0xE0, 0xD1, 0xF1, 0x71, 0xF9, 0xD1, 0xF3, 0x71, 0xF3, 0xD1, 0xF3, 0x71, 0xE3, 0xC1, 0xE3, 0x63, 0xEB, 0xC5, 0xEB, 0x67,
    0xEF, 0xC5, 0xCB, 0x57, 0x9F, 0x9D, 0xBF, 0x37, 0xBF, 0xDD, 0xFF, 0x77, 0xFF, 0x5D, 0xFE, 0x76, 0xFE, 0xDC, 0xFE, 0x75, 0xFF, 0xDD, 0xFF, 0x77,
    0xFF, 0xDF, 0xFB, 0x73, 0xFB, 0xD1, 0xF3, 0x77, 0xFF, 0xD5, 0xFF, 0x77, 0xFF, 0xDD, 0xFF, 0x77, 0xFF, 0xDD, 0x00, 0x00, 0x04, 0x84, 0x00, 0x01,
    0x10, 0x01, 0x84, 0x00, 0x00, 0x20, 0x81, 0x00, 0x03, 0x01, 0x00, 0x00, 0x01, 0x82, 0x00, 0x04, 0x01, 0x00, 0x01, 0x08, 0x05, 0x82, 0x00, 0x0C,
    0x01, 0x03, 0x01, 0x03, 0x01, 0x03, 0x01, 0x03, 0x01, 0x03, 0x01, 0x03, 0x01, 0x80, 0x03, 0x05, 0x01, 0x03, 0x01, 0x02, 0x00, 0x02, 0x81, 0x00,
    0x80, 0x01, 0x03, 0x03, 0x01, 0x03, 0x01, 0x80, 0x03, 0x04, 0x01, 0x03, 0x03, 0x07, 0x05, 0x80, 0x07, 0x00, 0x05, 0x80, 0x07, 0x24, 0x05, 0x07,
    0x07, 0x0F, 0x05, 0x0F, 0x07, 0x0F, 0x05, 0x0F, 0x07, 0x0E, 0x04, 0x8E, 0x47, 0xCF, 0xCD, 0xEF, 0x47, 0xEF, 0xCD, 0xEF, 0x57, 0xCF, 0xDD, 0xBF,
    0x17, 0xBF, 0xDD, 0xFF, 0x77, 0xFF, 0xDD, 0xFF, 0x77, 0xFF, 0x5D, 0x00, 0x82, 0x00, 0x00, 0x20, 0x97, 0x00, 0x00, 0x08, 0x80, 0x00, 0x00, 0x08,
    0x94, 0x00, 0x7F, 0x08, 0x00, 0x08, 0x00, 0x08, 0x18, 0x18, 0x10, 0x38, 0x18, 0x38, 0x30, 0x38, 0x10, 0x78, 0x30, 0x78, 0x50, 0x78, 0x70, 0x78,
    0x5C, 0x78, 0x74, 0xE8, 0x58, 0xA8, 0x10, 0x98, 0x10, 0xBA, 0x14, 0xBE, 0x5C, 0xBE, 0x76, 0xFE, 0x7C, 0x7E, 0x76, 0x7E, 0x5C, 0xFE, 0x74, 0xFE,
    0xDC, 0xFE, 0x77, 0xFE, 0xDD, 0xFA, 0x73, 0xFA, 0xD5, 0xFA, 0x77, 0xFF, 0xDD, 0xFF, 0x77, 0xFF, 0xDD, 0xFF, 0x77, 0xEF, 0xDD, 0xDF, 0x57, 0x60,
    0x40, 0xE0, 0x70, 0xE0, 0xD0, 0xE0, 0x50, 0xE0, 0xD0, 0xE4, 0x50, 0xA0, 0x40, 0xA0, 0x04, 0xA0, 0x48, 0xE0, 0x60, 0xE8, 0x40, 0xE8, 0x40, 0xE8,
    0x50, 0xB8, 0x50, 0xF8, 0xD8, 0xF8, 0x70, 0xF8, 0xD0, 0xF8, 0x70, 0xF8, 0x50, 0xF0, 0x70, 0xF8, 0xD0, 0xF8, 0x70, 0xF8, 0xD0, 0xE8, 0x50, 0xF8,
    0xD0, 0x88, 0x10, 0xB8, 0xD0, 0xB8, 0x70, 0xF8, 0x5C, 0xF8, 0x74, 0x43, 0xFC, 0x5C, 0x7A, 0x74, 0xFC, 0xDC, 0xF8, 0x74, 0xFC, 0xDC, 0xF8, 0x70,
    0xF8, 0xD8, 0xF8, 0x70, 0xF8, 0xD0, 0xF0, 0x74, 0xFC, 0xD4, 0xFE, 0x74, 0xEE, 0xEC, 0xEE, 0x74, 0xDE, 0xFC, 0xBE, 0x56, 0xFE, 0xDD, 0xFE, 0x77,
    0xFE, 0x5C, 0xFE, 0x76, 0xFE, 0x5C, 0xFE, 0x74, 0xFE, 0xDC, 0xFF, 0x75, 0xFF, 0xDD, 0xFB, 0x71, 0xFB, 0xD9, 0xFB, 0x77, 0xFF, 0xD5, 0xFF, 0x77,
    0xFF, 0xDD, 0xFF, 0x77, 0xEF, 0xDD, 0xFF, 0x57, 0x81, 0x00, 0x08, 0x80, 0x00, 0x80, 0x00, 0x80, 0x00, 0x80, 0x00, 0x80, 0x80, 0x00, 0x01, 0x80,
    0x00, 0x80, 0x08, 0x01, 0x00, 0x80, 0x81, 0x00, 0x64, 0x40, 0xC0, 0x40, 0xE0, 0x40, 0xE0, 0xC0, 0xA0, 0x40, 0xE0, 0xC0, 0xA0, 0x40, 0xE0, 0xC1,
    0xE1, 0x41, 0xE1, 0xC1, 0xE1, 0x41, 0xE1, 0xC1, 0xA1, 0x01, 0xA1, 0x81, 0xA1, 0x11, 0xA3, 0x51, 0xB3, 0x31, 0xA2, 0x70, 0x62, 0x70, 0xF0, 0x50,
    0xE0, 0x70, 0xF0, 0xD1, 0xF1, 0x71, 0xF1, 0xD1, 0xF1, 0x51, 0xE3, 0xD1, 0xF3, 0x73, 0xF3, 0xD5, 0xE3, 0x77, 0xEF, 0xC5, 0xEF, 0x47, 0xEF, 0xDD,
    0xFF, 0x57, 0xFF, 0xDD, 0xFF, 0x77, 0xFF, 0xDD, 0xFF, 0x77, 0xFE, 0xDC, 0xFE, 0x77, 0xFF, 0xDD, 0xFF, 0x77, 0xFF, 0xDD, 0xFF, 0x75, 0xFB, 0xDD,
    0xFF, 0x77, 0xFF, 0xDD, 0xFF, 0x77, 0xFF, 0xDD, 0xFF, 0x77, 0xFF, 0x5D, 0xFF, 0x77, 0x89, 0x00, 0x00, 0x20, 0x80, 0x00, 0x00, 0x02, 0x87, 0x00,
    0x03, 0x01, 0x00, 0x00, 0x04, 0x81, 0x00, 0x01, 0x01, 0x00, 0x82, 0x01, 0x23, 0x03, 0x01, 0x03, 0x01, 0x03, 0x01, 0x02, 0x01, 0x02, 0x01, 0x02,
    0x01, 0x03, 0x01, 0x03, 0x01, 0x03, 0x01, 0x02, 0x01, 0x02, 0x00, 0x02, 0x00, 0x02, 0x01, 0x02, 0x01, 0x03, 0x01, 0x03, 0x01, 0x03, 0x01, 0x03,
    0x01, 0x80, 0x03, 0x2E, 0x05, 0x03, 0x07, 0x07, 0x05, 0x07, 0x07, 0x06, 0x05, 0x07, 0x07, 0x0F, 0x05, 0x0F, 0x07, 0x0F, 0x05, 0x0B, 0x01, 0x8B,
    0x01, 0x83, 0x03, 0x8F, 0xC5, 0xEF, 0x47, 0xEF, 0xC5, 0xEF, 0x47, 0xCF, 0xCD, 0xCF, 0x57, 0xDF, 0xDD, 0xFF, 0x77, 0xFF, 0xDD, 0xBF, 0x77, 0xFF,
    0x5D, 0x7F, 0x77, 0x00, 0x96, 0x00, 0x02, 0x04, 0x00, 0x04, 0x9F, 0x00, 0x03, 0x08, 0x00, 0x28, 0x10, 0x80, 0x38, 0x7F, 0x30, 0x38, 0x30, 0x38,
    0x10, 0x38, 0x10, 0x30, 0x30, 0x38, 0x5C, 0x20, 0x24, 0x2C, 0x44, 0x2C, 0x04, 0x0C, 0x4C, 0x1E, 0x14, 0xBE, 0x1C, 0x3E, 0x16, 0xBE, 0x1C, 0x3E,
    0x36, 0x3E, 0x5C, 0x7E, 0x76, 0xFE, 0x5C, 0xFE, 0x74, 0xFE, 0xDC, 0xFC, 0x71, 0xF9, 0xD9, 0xFB, 0x73, 0xFF, 0xDD, 0xFF, 0x77, 0xFF, 0xD5, 0xFF,
    0x77, 0xEF, 0xCD, 0xEF, 0x77, 0xFF, 0xDD, 0x60, 0x70, 0xE1, 0x40, 0xE0, 0x60, 0xE2, 0x50, 0xE0, 0x40, 0xC0, 0x40, 0x80, 0x10, 0xB8, 0x10, 0xB8,
    0x10, 0xB8, 0x10, 0x30, 0x30, 0x38, 0x50, 0x78, 0x70, 0xF8, 0x58, 0xF8, 0x70, 0xF8, 0xD8, 0xF8, 0x70, 0xF8, 0xD0, 0xF0, 0x70, 0xF8, 0xD0, 0xF0,
    0x70, 0xF8, 0xD0, 0xE0, 0x60, 0xE8, 0xC0, 0xE8, 0x40, 0xC8, 0xDC, 0xF8, 0x54, 0xF8, 0xDC, 0xB8, 0x30, 0xB9, 0x5C, 0x38, 0x74, 0xFC, 0x5C, 0xFC,
    0x74, 0xFC, 0xDC, 0xFC, 0x3D, 0x74, 0xF8, 0xD8, 0xF8, 0x70, 0xF8, 0xD8, 0xF8, 0x70, 0xFE, 0xD4, 0xFE, 0x74, 0xFE, 0xD4, 0xEE, 0x64, 0xEE, 0xDC,
    0xFE, 0x76, 0xFE, 0xDC, 0xFE, 0x76, 0xFE, 0xDC, 0xFF, 0x74, 0xFF, 0xDC, 0xFF, 0x76, 0xFE, 0xDC, 0xFF, 0x77, 0xFE, 0xDD, 0xFF, 0x75, 0xFF, 0xDD,
    0xFF, 0x77, 0xFF, 0xDD, 0xFF, 0x77, 0xFF, 0xDD, 0xBF, 0x77, 0xFF, 0x5D, 0xFF, 0x77, 0xFF, 0xDD, 0x00, 0x00, 0x80, 0x85, 0x00, 0x07, 0x10, 0x00,
    0x08, 0x84, 0x00, 0xC0, 0x00, 0x80, 0x80, 0x00, 0x0B, 0x20, 0x00, 0x20, 0x40, 0xE0, 0x40, 0xE0, 0x40, 0xE0, 0xC0, 0xE0, 0x40, 0x80, 0xC0, 0x5D,
    0x41, 0xE0, 0xC1, 0xA1, 0x61, 0xE1, 0x61, 0xA1, 0x21, 0xA0, 0x40, 0x20, 0x41, 0xE0, 0x41, 0xE1, 0x51, 0xE1, 0xD1, 0xF1, 0x51, 0xF0, 0x51, 0xB0,
    0x70, 0xF0, 0xD0, 0xF0, 0x71, 0xF0, 0xD1, 0xE0, 0x61, 0xE0, 0xC1, 0xE1, 0x41, 0xE9, 0xC1, 0xFB, 0x51, 0xFB, 0xD1, 0xBB, 0x33, 0xBB, 0x15, 0xBB,
    0x37, 0x7F, 0x5D, 0xFF, 0x77, 0xFF, 0xDD, 0xFF, 0x75, 0xFF, 0xDD, 0xFB, 0x71, 0xFB, 0xD9, 0xFB, 0x73, 0xFB, 0xDD, 0xFF, 0x77, 0xFF, 0xD7, 0xEF,
    0x67, 0xEF, 0xCF, 0xEF, 0x57, 0xFF, 0xDD, 0xFF, 0x77, 0xFF, 0xDD, 0xFF, 0x37, 0xBF, 0x5D, 0xFF, 0x77, 0xFF, 0xDD, 0x00, 0x00, 0x10, 0x81, 0x00,
    0x00, 0x02, 0x89, 0x00, 0x02, 0x01, 0x00, 0x01, 0x8B, 0x00, 0x02, 0x01, 0x01, 0x03, 0x83, 0x01, 0x02, 0x00, 0x00, 0x02, 0x80, 0x00, 0x00, 0x02,
    0x83, 0x00, 0x01, 0x01, 0x00, 0x80, 0x01, 0x0B, 0x03, 0x01, 0x03, 0x01, 0x03, 0x01, 0x03, 0x01, 0x03, 0x01, 0x03, 0x01, 0x80, 0x03, 0x00, 0x05,
    0x80, 0x03, 0x00, 0x05, 0x80, 0x03, 0x28, 0x05, 0x07, 0x07, 0x06, 0x05, 0x06, 0x05, 0x06, 0x05, 0x01, 0x01, 0x89, 0x01, 0x83, 0x03, 0x8B, 0xC5,
    0x8B, 0x47, 0xAF, 0xC5, 0xA7, 0x0F, 0xAF, 0x45, 0xEF, 0x47, 0xEF, 0xDD, 0xFF, 0x77, 0xFF, 0xDD, 0xFF, 0x77, 0xFF, 0xDD, 0xFF, 0x77, 0xFF, 0xDD,
    0x00, 0x90, 0x00, 0x00, 0x02, 0x86, 0x00, 0x00, 0x10, 0x9B, 0x00, 0x7F, 0x48, 0x00, 0x48, 0x10, 0x48, 0x00, 0x08, 0x00, 0x08, 0x00, 0x08, 0x00,
    0x08, 0x10, 0x38, 0x10, 0x38, 0x10, 0x30, 0x10, 0x22, 0x04, 0x22, 0x04, 0x2E, 0x04, 0x3E, 0x14, 0x3E, 0x1C, 0x3E, 0x14, 0x3E, 0x1C, 0x3E, 0x14,
    0x3E, 0x1C, 0x3E, 0x76, 0xFE, 0x5C, 0xFE, 0x76, 0xFE, 0xDC, 0xFE, 0x74, 0xEE, 0xDD, 0xFF, 0x77, 0xFF, 0xDD, 0xFF, 0x77, 0xFF, 0xDD, 0xBF, 0x37,
    0xBF, 0x5D, 0xFF, 0x77, 0xFF, 0xDD, 0xFF, 0x77, 0xF0, 0x50, 0x20, 0x60, 0x60, 0x40, 0x20, 0x40, 0x20, 0x40, 0x28, 0x40, 0xC8, 0x50, 0xB8, 0x10,
    0xB8, 0x10, 0x38, 0x10, 0x38, 0x10, 0x38, 0x70, 0x78, 0x50, 0xF8, 0x70, 0xF8, 0x50, 0xF8, 0x70, 0xE8, 0xD0, 0xF8, 0x50, 0xF8, 0xD0, 0xF8, 0x70,
    0xF8, 0xD0, 0xB0, 0x30, 0xA8, 0x44, 0x28, 0x44, 0xEC, 0x5C, 0xFC, 0x74, 0xFC, 0xDC, 0xFC, 0x75, 0xF8, 0x5C, 0xB8, 0x70, 0x44, 0xF8, 0xDC, 0xF8,
    0x74, 0xFC, 0xDC, 0xFC, 0x74, 0xFC, 0xD4, 0xE8, 0x74, 0xEC, 0xFC, 0xFE, 0x74, 0xFE, 0xDC, 0xFE, 0x56, 0xBE, 0x9C, 0xBE, 0x36, 0xBE, 0x5C, 0xFE,
    0x76, 0xFE, 0xDD, 0xFE, 0x75, 0xFE, 0xDD, 0xFE, 0x74, 0xFC, 0xDC, 0xFA, 0xF5, 0xFF, 0xDD, 0xFF, 0x77, 0xFF, 0xD5, 0xF7, 0x77, 0xEF, 0xC5, 0xEF,
    0x77, 0xFF, 0xDD, 0xFF, 0x77, 0xFF, 0xDD, 0xBF, 0x17, 0xBF, 0x9D, 0xBF, 0x77, 0xFF, 0xDD, 0xFF, 0x77, 0x80, 0x84, 0x00, 0x01, 0x08, 0x04, 0x80,
    0x00, 0x03, 0x40, 0x00, 0x00, 0x80, 0x80, 0x00, 0x6B, 0xA0, 0x00, 0xA0, 0x00, 0xE0, 0x40, 0xE0, 0x60, 0xE0, 0x40, 0xE0, 0x40, 0xE0, 0x40, 0xE0,
    0x40, 0xC0, 0xE0, 0xE0, 0x40, 0x80, 0x80, 0xA0, 0x00, 0xA0, 0x40, 0x20, 0x50, 0x20, 0x50, 0x70, 0x70, 0xF0, 0x50, 0xF0, 0x70, 0xF8, 0xF0, 0xF0,
    0x70, 0xF8, 0xD1, 0xF1, 0x71, 0xF9, 0xD1, 0xF1, 0x71, 0xE0, 0xC1, 0xE0, 0x61, 0xE9, 0xC1, 0xEF, 0x51, 0xFB, 0xDD, 0xFB, 0x51, 0xBB, 0x9D, 0xBB,
    0x31, 0xBB, 0x5D, 0xFF, 0x77, 0xFF, 0xDD, 0xFE, 0x74, 0xFE, 0xDC, 0xFC, 0x74, 0xF8, 0xDD, 0xFB, 0x71, 0xFB, 0xDD, 0xFB, 0x73, 0xFB, 0xD5, 0xF3,
    0x77, 0xFF, 0xD5, 0xFF, 0x77, 0xFF, 0xDD, 0xFF, 0x77, 0xFF, 0xDD, 0xFF, 0x77, 0xFF, 0xDD, 0xFF, 0x77, 0xFF, 0xDD, 0xFF, 0x77, 0x8C, 0x00, 0x00,
    0x01, 0x8D, 0x00, 0x00, 0x01, 0x81, 0x00, 0x01, 0x01, 0x00, 0x82, 0x01, 0x03, 0x00, 0x01, 0x00, 0x01, 0x8A, 0x00, 0x80, 0x01, 0x05, 0x03, 0x01,
    0x03, 0x01, 0x03, 0x01, 0x80, 0x03, 0x00, 0x01, 0x80, 0x03, 0x08, 0x01, 0x03, 0x01, 0x03, 0x01, 0x03, 0x01, 0x03, 0x01, 0x80, 0x03, 0x26, 0x01,
    0x03, 0x03, 0x02, 0x00, 0x02, 0x01, 0x82, 0x45, 0x83, 0x45, 0xC7, 0xC5, 0xC7, 0x47, 0x9F, 0x85, 0x83, 0x07, 0x8F, 0x05, 0xAF, 0x37, 0xFF, 0x5D,
    0xFF, 0x77, 0xFF, 0x5D, 0xFF, 0x77, 0xFF, 0xDD, 0xFF, 0x77, 0xFF, 0xDD, 0xFF, 0x77, 0x00, 0x87, 0x00, 0x00, 0x04, 0x89, 0x00, 0x00, 0x08, 0x98,
    0x00, 0x00, 0x80, 0x8A, 0x00, 0x40, 0x20, 0x00, 0x20, 0x00, 0x20, 0x00, 0x00, 0x18, 0x00, 0x08, 0x04, 0x08, 0x00, 0x0A, 0x00, 0x1A, 0x14, 0x0E,
    0x14, 0x3E, 0x16, 0x3E, 0x1C, 0x3E, 0x14, 0x3E, 0x1C, 0x3E, 0x14, 0x3C, 0x5C, 0xBE, 0x75, 0xFE, 0xDD, 0xFB, 0x73, 0xFB, 0xD5, 0xF2, 0x77, 0xE7,
    0xD5, 0xEF, 0x77, 0xEF, 0xDD, 0xFF, 0x57, 0xFF, 0xDD, 0x9F, 0x17, 0xBF, 0x9D, 0xBF, 0x77, 0xFF, 0xDD, 0xFF, 0x77, 0xFF, 0xDD, 0x20, 0x10, 0x81,
    0x00, 0x7C, 0x20, 0x00, 0x28, 0x10, 0x28, 0x1C, 0x28, 0x10, 0x28, 0x18, 0x38, 0x90, 0x38, 0x58, 0x38, 0x70, 0x78, 0x58, 0x78, 0x70, 0x78, 0x50,
    0x70, 0x70, 0x60, 0x40, 0x68, 0x60, 0xE8, 0x5C, 0xE8, 0x54, 0xE8, 0x5C, 0x98, 0x10, 0x98, 0x1C, 0x38, 0x34, 0x3E, 0x5C, 0x3E, 0x74, 0x7E, 0x5C,
    0x7C, 0x74, 0xFC, 0x5C, 0xFC, 0x74, 0xFC, 0xDC, 0xF8, 0x70, 0xFA, 0xD8, 0xFA, 0x70, 0xF2, 0xD4, 0xF2, 0x74, 0xEE, 0xD4, 0xEE, 0x76, 0xEE, 0xDC,
    0xFE, 0x56, 0xDE, 0xDC, 0xBE, 0x16, 0xBE, 0xDD, 0xBE, 0x77, 0xFE, 0x5C, 0xFE, 0x76, 0xFE, 0x5C, 0xFE, 0x74, 0xFF, 0xDC, 0xFF, 0x75, 0xFF, 0xDD,
    0xFF, 0x77, 0xFB, 0xD9, 0xFB, 0x77, 0xFF, 0xD5, 0xFF, 0x77, 0xFF, 0xDD, 0xFF, 0x77, 0xFF, 0xDD, 0xFF, 0x57, 0xFF, 0xDD, 0xFF, 0x77, 0xFF, 0xDD,
    0xFF, 0x77, 0xFF, 0xDD, 0x00, 0x00, 0x09, 0x81, 0x00, 0x78, 0x40, 0x20, 0x40, 0x20, 0x00, 0x20, 0x00, 0x20, 0x40, 0x20, 0x40, 0x60, 0x40, 0xE0,
    0x50, 0xE0, 0xD0, 0xF0, 0x51, 0xE0, 0x40, 0xA0, 0x40, 0xA0, 0x50, 0xE0, 0x40, 0xE0, 0x40, 0xE0, 0x40, 0xE8, 0x60, 0x88, 0x30, 0x88, 0x30, 0xB8,
    0x10, 0xB8, 0x50, 0xB8, 0x70, 0xF8, 0x50, 0x78, 0x70, 0xF8, 0x50, 0xF8, 0x70, 0xF8, 0xD0, 0xF8, 0x70, 0xF8, 0xD0, 0xF8, 0x59, 0xF8, 0xD1, 0xB0,
    0x71, 0xF9, 0xD5, 0xFF, 0x75, 0xFF, 0x5D, 0xFE, 0x75, 0xFE, 0x5D, 0xFE, 0x55, 0xFF, 0xDD, 0xFF, 0x75, 0xFF, 0xDD, 0xFB, 0x75, 0xFA, 0xD4, 0xFA,
    0x74, 0xFE, 0xD5, 0xFF, 0x75, 0xFF, 0xDD, 0xFF, 0x77, 0xFF, 0xDF, 0xFF, 0x57, 0xBF, 0xDF, 0xBF, 0x77, 0xFF, 0xDD, 0xFF, 0x77, 0xFF, 0x5D, 0xFF,
    0x77, 0xFE, 0xDD, 0xFF, 0x77, 0xFF, 0xDD, 0xFF, 0x77, 0xFF, 0xDD, 0xB9, 0x00, 0x89, 0x01, 0x06, 0x03, 0x01, 0x03, 0x01, 0x03, 0x00, 0x02, 0x81,
    0x00, 0x80, 0x01, 0x29, 0x81, 0x01, 0x83, 0x01, 0x83, 0x01, 0x83, 0x01, 0x83, 0x41, 0xE3, 0x43, 0xE7, 0xC5, 0xE7, 0x47, 0xC7, 0xC5, 0x8F, 0x07,
    0x8F, 0x9D, 0xBF, 0x17, 0xBF, 0xDD, 0xFF, 0x77, 0xFF, 0x5D, 0xFE, 0x76, 0xFE, 0xDC, 0xFE, 0x77, 0xFF, 0xDD, 0xFF, 0x77, 0xFF, 0xDD, 0x00, 0x02,
    0x00, 0x00, 0x08, 0x8B, 0x00, 0x00, 0x04, 0x8B, 0x00, 0x00, 0x10, 0xA1, 0x00, 0x00, 0x10, 0x80, 0x00, 0x7F, 0x04, 0x00, 0x10, 0x48, 0x04, 0x4A,
    0x04, 0x4E, 0x0C, 0x0E, 0x16, 0x0E, 0x1C, 0x1E, 0x16, 0x0E, 0x14, 0x0E, 0x14, 0x2E, 0x1C, 0xBE, 0x14, 0xBE, 0xDD, 0xBB, 0x51, 0xBB, 0xD1, 0xBB,
    0x13, 0xBB, 0xD5, 0xBF, 0x77, 0xFF, 0xDD, 0xFF, 0x77, 0xEF, 0x5D, 0xFF, 0x57, 0xFF, 0xDD, 0xFF, 0x77, 0xFF, 0xDD, 0xFF, 0x77, 0xFF, 0xDD, 0xFF,
    0x77, 0x08, 0x00, 0x08, 0x00, 0x08, 0x10, 0x38, 0x10, 0x38, 0x14, 0x78, 0x14, 0x3C, 0x14, 0x28, 0x14, 0x38, 0x1C, 0x38, 0x10, 0x38, 0x58, 0x38,
    0x10, 0x38, 0x10, 0x30, 0x10, 0x20, 0x10, 0x20, 0x34, 0xAE, 0x44, 0x2E, 0x44, 0x2E, 0x4C, 0x0E, 0x04, 0x0C, 0x1C, 0x1E, 0x14, 0x3E, 0x1C, 0x3E,
    0x34, 0x3E, 0x5C, 0x3E, 0x74, 0x7E, 0x5C, 0x7E, 0x74, 0xFC, 0x5C, 0xFE, 0x74, 0xFC, 0xDC, 0xFA, 0x50, 0xFA, 0xD0, 0xBA, 0x76, 0xFE, 0x55, 0xFE,
    0x77, 0xFE, 0x39, 0x5D, 0xFE, 0x76, 0xEE, 0x5C, 0xFE, 0x57, 0xFE, 0xDD, 0xFF, 0x77, 0xFF, 0xDD, 0xFF, 0x77, 0xFE, 0x5D, 0xFE, 0x76, 0xFE, 0xDC,
    0xFE, 0x77, 0xFF, 0xDD, 0xFF, 0x77, 0xFF, 0xDF, 0xFF, 0x57, 0xFF, 0xDD, 0xFF, 0x77, 0xFF, 0xDD, 0xFF, 0x77, 0xFF, 0x5D, 0x7F, 0x77, 0xFF, 0xDD,
    0xFF, 0x77, 0xFF, 0xDD, 0xFF, 0x77, 0xFF, 0xDD, 0xFB, 0x73, 0x00, 0x00, 0x50, 0x80, 0x00, 0x79, 0x20, 0x10, 0x30, 0x10, 0x30, 0x11, 0x30, 0x10,
    0x20, 0x30, 0x60, 0x40, 0x61, 0x70, 0x68, 0x50, 0x60, 0x50, 0xE8, 0x50, 0xA0, 0x00, 0xA0, 0x10, 0x20, 0x10, 0xA8, 0x50, 0x28, 0x10, 0x28, 0x40,
    0x28, 0x00, 0x28, 0x58, 0x38, 0x50, 0xF8, 0x58, 0xF8, 0x70, 0xF8, 0x78, 0xF8, 0x70, 0xF8, 0x50, 0xF0, 0x70, 0xF8, 0xD4, 0xF8, 0x74, 0xE8, 0xC4,
    0xE8, 0x40, 0xC8, 0xD8, 0x98, 0x50, 0xBE, 0xDC, 0xBE, 0x75, 0xBE, 0x5C, 0x3E, 0x76, 0x7E, 0x5C, 0x7E, 0x74, 0xFE, 0xDC, 0xFE, 0x75, 0xFE, 0xDD,
    0xFB, 0x71, 0xF8, 0xD9, 0xFB, 0x71, 0xFB, 0xD5, 0xFF, 0x77, 0xFF, 0xDD, 0xFF, 0x77, 0xEF, 0xCD, 0xEF, 0x57, 0xDF, 0xDD, 0xFF, 0x77, 0xFF, 0xFD,
    0xFF, 0x77, 0xFF, 0x5D, 0xFF, 0x77, 0xFE, 0x5C, 0xFE, 0x77, 0xFF, 0xDD, 0xFF, 0x75, 0xFF, 0xDD, 0xFB, 0x71, 0xA2, 0x00, 0x00, 0x04, 0x9A, 0x00,
    0x84, 0x01, 0x01, 0x00, 0x01, 0x84, 0x00, 0x2C, 0x40, 0xC0, 0x41, 0xC1, 0x41, 0xC1, 0x41, 0x81, 0x01, 0x83, 0xC1, 0xA3, 0x43, 0xE3, 0x41, 0xA3,
    0x43, 0xE3, 0x45, 0x23, 0x47, 0xEF, 0x5D, 0xFF, 0x77, 0xFF, 0xDD, 0xFF, 0x77, 0xFF, 0xDD, 0xFB, 0x77, 0xFF, 0xDD, 0xFF, 0x77, 0xFF, 0xDD, 0xFF,
    0x77, 0xFF, 0xDD, 0xFF, 0x77, 0x00, 0x87, 0x00, 0x00, 0x02, 0x9E, 0x00, 0x00, 0x40, 0x91, 0x00, 0x00, 0x20, 0x80, 0x00, 0x04, 0x20, 0x00, 0x20,
    0x00, 0x20, 0x81, 0x00, 0x7F, 0x04, 0x04, 0x02, 0x04, 0x8E, 0x04, 0x8A, 0x00, 0x88, 0x00, 0x82, 0x00, 0x8A, 0x84, 0x8A, 0x04, 0x8E, 0xC4, 0x8E,
    0x45, 0xCE, 0xC5, 0x8B, 0x45, 0xCF, 0xDD, 0x9F, 0x57, 0xBF, 0xDD, 0xBF, 0x17, 0xBF, 0x1D, 0x3F, 0x77, 0xFF, 0x5D, 0xFF, 0x7F, 0xFF, 0xDD, 0xFF,
    0x77, 0xFF, 0xDD, 0xFF, 0x71, 0xFB, 0xDD, 0x08, 0x04, 0x2C, 0x0C, 0x08, 0x14, 0x1C, 0x1C, 0x18, 0x10, 0x18, 0x10, 0x18, 0x10, 0x38, 0x14, 0x38,
    0x14, 0x2C, 0x14, 0x28, 0x00, 0x08, 0x00, 0x08, 0x00, 0x08, 0x10, 0x9A, 0x10, 0x3E, 0x14, 0x3E, 0x16, 0x2E, 0x04, 0x2E, 0x04, 0x2E, 0x1C, 0x3E,
    0x14, 0x3E, 0x1C, 0x3E, 0x14, 0x3E, 0x1C, 0x3A, 0x30, 0x3A, 0x18, 0x3A, 0x34, 0x3E, 0x54, 0x7E, 0x76, 0x6E, 0x44, 0x6E, 0x45, 0x6E, 0x4D, 0x0F,
    0x17, 0xBF, 0x5D, 0x3F, 0x17, 0xBF, 0x1D, 0x3F, 0x37, 0x3E, 0x1C, 0x3E, 0x76, 0x7F, 0x7E, 0x5C, 0xFE, 0x77, 0xFE, 0xDD, 0xFF, 0x75, 0xF9, 0xD9,
    0xFB, 0x71, 0xFB, 0xDD, 0xFF, 0x77, 0xFF, 0xD5, 0xFF, 0x77, 0xEF, 0xC5, 0xEF, 0x47, 0xEF, 0xDD, 0xFF, 0x57, 0xFF, 0xDD, 0xFF, 0x77, 0xBF, 0x1D,
    0xBF, 0x77, 0xFF, 0x5D, 0xFF, 0x7F, 0xFF, 0xDD, 0xFF, 0x77, 0xFF, 0xDD, 0xFD, 0x75, 0xFF, 0xDD, 0x00, 0x00, 0x28, 0x10, 0x3A, 0x10, 0x38, 0x18,
    0x38, 0x10, 0x39, 0x10, 0x38, 0x10, 0x38, 0x10, 0x30, 0x30, 0x28, 0x50, 0x20, 0x40, 0x28, 0x40, 0x00, 0x00, 0x08, 0x00, 0x08, 0x10, 0x38, 0x1C,
    0x38, 0x14, 0x38, 0x14, 0x38, 0x34, 0x3C, 0x5C, 0x3C, 0x74, 0x7C, 0x5C, 0x7C, 0x74, 0xF8, 0x58, 0xF8, 0x70, 0xF8, 0x70, 0xF8, 0x70, 0xFA, 0x74,
    0xFA, 0x74, 0xFE, 0x44, 0xE6, 0x44, 0xEE, 0x4C, 0xEE, 0x54, 0xFE, 0xDC, 0xFE, 0x57, 0xFE, 0x5C, 0xBE, 0x36, 0xBE, 0x5C, 0x3E, 0x76, 0x31, 0xFE,
    0x5C, 0xFE, 0x76, 0xFE, 0xDC, 0xFE, 0x74, 0xFC, 0xDD, 0xF9, 0x71, 0xFF, 0xDD, 0xFF, 0x77, 0xFF, 0xDD, 0xFF, 0x77, 0xFF, 0x5D, 0xFF, 0x77, 0xFF,
    0xDD, 0xFF, 0x77, 0xFF, 0xDF, 0xFF, 0x77, 0xFF, 0xDD, 0xFF, 0x77, 0xFF, 0xDD, 0xFF, 0x77, 0xFF, 0xDD, 0xFF, 0x77, 0xFF, 0xDD, 0xFF, 0x77, 0xFF,
    0xDD, 0x9C, 0x00, 0x00, 0x08, 0xA9, 0x00, 0x33, 0x20, 0x00, 0x20, 0x40, 0x20, 0x60, 0x60, 0x40, 0x60, 0x40, 0xE0, 0xC0, 0xE0, 0x41, 0xC1, 0xC1,
    0xE1, 0x51, 0xEB, 0xD1, 0xBB, 0x11, 0xBB, 0x11, 0x3B, 0x33, 0x7F, 0x5D, 0xFF, 0x77, 0xFF, 0xDD, 0xFF, 0x75, 0xFC, 0xDD, 0xF9, 0x71, 0xFB, 0xD9,
    0xFB, 0x77, 0xFF, 0xDD, 0xFF, 0x77, 0xFF, 0xD5, 0xEF, 0x67, 0xEF, 0xCD, 0x00, 0x82, 0x00, 0x00, 0x02, 0x9F, 0x00, 0x00, 0x20, 0x92, 0x00, 0x06,
    0xA0, 0x00, 0xC0, 0x00, 0x80, 0x00, 0x80, 0x82, 0x00, 0x09, 0x40, 0x00, 0x40, 0x00, 0x40, 0x00, 0x80, 0x00, 0x80, 0x00, 0x80, 0x80, 0x7F, 0x00,
    0x84, 0xC0, 0x82, 0x41, 0xC2, 0xC1, 0x82, 0x43, 0xC2, 0xC5, 0xC7, 0x47, 0xCF, 0xC5, 0xCF, 0x47, 0xCF, 0xDD, 0xBF, 0x17, 0x9F, 0x9D, 0xBF, 0x3F,
    0xBF, 0x5D, 0xFF, 0x77, 0xFF, 0xDD, 0xFE, 0x77, 0xFE, 0xDC, 0xFD, 0x75, 0xFF, 0xDD, 0xFF, 0x77, 0x0C, 0x04, 0x0E, 0x84, 0x0C, 0x0C, 0x08, 0x00,
    0x08, 0x00, 0x08, 0x00, 0x08, 0x00, 0x0A, 0x10, 0x0A, 0x04, 0x02, 0x00, 0x00, 0x04, 0x00, 0x04, 0x8E, 0x04, 0x0E, 0x04, 0x0E, 0x0C, 0x0E, 0x17,
    0x0E, 0x14, 0x0E, 0x16, 0x0E, 0x1C, 0x1E, 0x16, 0x3E, 0x1C, 0x3E, 0x14, 0x3C, 0x1C, 0x38, 0x10, 0x38, 0x18, 0x3A, 0x11, 0x3B, 0x15, 0x3B, 0x17,
    0x3F, 0x15, 0x27, 0x07, 0x2F, 0x05, 0x2F, 0x07, 0x6F, 0x1D, 0x3F, 0x17, 0x1F, 0x1D, 0x3F, 0x17, 0x3F, 0x1D, 0x3F, 0x37, 0x3F, 0x5D, 0x7E, 0x77,
    0xFE, 0x5C, 0xFF, 0x74, 0xFC, 0xFD, 0xFD, 0x7F, 0x75, 0xFF, 0xFD, 0xFF, 0x77, 0xFF, 0xDD, 0xFF, 0x77, 0xBF, 0x55, 0xBF, 0x77, 0xFF, 0x5D, 0xFF,
    0x77, 0xFF, 0xDD, 0xFF, 0x77, 0xFF, 0xDD, 0xFF, 0x77, 0xFF, 0xDD, 0xFF, 0x77, 0xFF, 0xDD, 0xFF, 0x77, 0xFF, 0xDD, 0xFF, 0x77, 0xFF, 0xDD, 0xFF,
    0x77, 0x38, 0x1C, 0x3C, 0x14, 0x38, 0x1C, 0x28, 0x10, 0x28, 0x10, 0x38, 0x10, 0x38, 0x10, 0x38, 0x10, 0x38, 0x10, 0x20, 0x00, 0x20, 0x04, 0x20,
    0x04, 0x2C, 0x04, 0x2E, 0x14, 0x2E, 0x1C, 0x1E, 0x14, 0x1C, 0x1C, 0x3A, 0x14, 0x3E, 0x1C, 0x3E, 0x34, 0x3E, 0x5C, 0x7E, 0x74, 0x7C, 0x7C, 0x78,
    0x74, 0x68, 0x7C, 0x78, 0x50, 0x7A, 0x5C, 0x3A, 0x57, 0x3E, 0x14, 0x3E, 0x16, 0x2E, 0x14, 0x7E, 0x76, 0x7E, 0x5C, 0x7E, 0x77, 0xFE, 0x5C, 0x7E,
    0x74, 0xFE, 0x5C, 0xFE, 0x75, 0xFE, 0x5D, 0xFF, 0x77, 0xFE, 0x5C, 0xFE, 0x74, 0xFE, 0xD7, 0xEF, 0x28, 0x75, 0xFF, 0xDD, 0xFF, 0x77, 0xFF, 0xDD,
    0xFF, 0x17, 0xBF, 0x1D, 0xBF, 0x37, 0xBF, 0x5D, 0xFF, 0x77, 0xFF, 0x5D, 0xFF, 0x77, 0xFE, 0xDD, 0xFF, 0x75, 0xFF, 0xDD, 0xFF, 0x77, 0xFF, 0xDD,
    0xFF, 0x77, 0xFF, 0xD5, 0xF7, 0x77, 0xEF, 0xDD, 0xFF, 0x77, 0x97, 0x00, 0x00, 0x10, 0x8F, 0x00, 0x00, 0x01, 0x95, 0x00, 0x00, 0x20, 0x80, 0x00,
    0x35, 0x20, 0x00, 0x20, 0x50, 0x30, 0x10, 0x20, 0x50, 0x20, 0x00, 0x20, 0x40, 0x20, 0x40, 0xE0, 0x40, 0xE8, 0x41, 0xE9, 0x59, 0x99, 0x11, 0x99,
    0x19, 0xBB, 0x11, 0xBF, 0x5D, 0xFF, 0x77, 0xFE, 0x5D, 0xFE, 0x75, 0xFE, 0xDC, 0xFC, 0x75, 0xFD, 0xDD, 0xFF, 0x75, 0xFF, 0xDD, 0xFB, 0x77, 0xFF,
    0xD5, 0xFF, 0x77, 0xFF, 0xDD, 0xFF, 0x77, 0x00, 0x8C, 0x00, 0x00, 0x40, 0x91, 0x00, 0x00, 0x20, 0x86, 0x00, 0x23, 0x80, 0x00, 0x80, 0x00, 0x80,
    0x00, 0x80, 0x00, 0x80, 0x00, 0x80, 0x00, 0x80, 0x00, 0x80, 0x00, 0x80, 0x00, 0x80, 0x00, 0x80, 0x20, 0x80, 0x20, 0x80, 0x20, 0x80, 0x00, 0x80,
    0x00, 0x80, 0x00, 0x80, 0x40, 0x80, 0x48, 0x80, 0xC0, 0x00, 0x40, 0x80, 0xC0, 0x2A, 0x41, 0xC0, 0xC1, 0x83, 0x01, 0x83, 0x81, 0x83, 0x03, 0xE7,
    0xC5, 0xE7, 0x47, 0xEF, 0xC5, 0xEF, 0x57, 0xFF, 0xDD, 0xFF, 0x55, 0xFF, 0xDD, 0xFF, 0x77, 0xFF, 0xDD, 0xFF, 0x77, 0xFF, 0xD5, 0xFF, 0x77, 0xFF,
    0xDD, 0xFF, 0x77, 0xFF, 0xDD, 0x02, 0x04, 0x02, 0x04, 0x83, 0x00, 0x00, 0x08, 0x80, 0x00, 0x7F, 0x02, 0x00, 0x02, 0x00, 0x02, 0x00, 0x02, 0x04,
    0x06, 0x04, 0x0E, 0x07, 0x0E, 0x05, 0x0E, 0x05, 0x0E, 0x0C, 0x0E, 0x05, 0x0E, 0x0D, 0x0E, 0x17, 0x0E, 0x1C, 0x0E, 0x14, 0x0E, 0x04, 0x0A, 0x04,
    0x0C, 0x04, 0x0F, 0x05, 0x0F, 0x0D, 0x0B, 0x13, 0x0B, 0x01, 0x0B, 0x07, 0x0F, 0x55, 0x0F, 0x17, 0x0F, 0x1D, 0x3F, 0x17, 0x0F, 0x1D, 0x1E, 0x15,
    0x9E, 0x1D, 0xBF, 0x17, 0xBF, 0x1D, 0xBF, 0x37, 0xBF, 0x7D, 0xBB, 0x77, 0xFE, 0xF5, 0xFF, 0x77, 0xEF, 0xDD, 0xFF, 0x57, 0xFF, 0xDD, 0x9F, 0x17,
    0x9F, 0x9D, 0xBF, 0x17, 0xBF, 0xDD, 0xBF, 0x77, 0xFF, 0x5D, 0x7F, 0x77, 0xFE, 0x5C, 0xFE, 0x75, 0xFF, 0xDD, 0xFF, 0x77, 0xFF, 0xDD, 0xFB, 0x73,
    0xFB, 0xD5, 0xF3, 0x77, 0xFF, 0xD5, 0xFF, 0x77, 0xFF, 0xDD, 0x18, 0x10, 0x18, 0x14, 0x08, 0x10, 0x08, 0x00, 0x28, 0x00, 0x08, 0x04, 0x08, 0x00,
    0x71, 0x08, 0x00, 0x0A, 0x00, 0x0A, 0x00, 0x0A, 0x16, 0x0E, 0x14, 0x3E, 0x16, 0x3E, 0x1C, 0x3E, 0x14, 0x2E, 0x5C, 0x3C, 0x14, 0x3C, 0x1C, 0x3E,
    0x34, 0x3E, 0x1C, 0x3A, 0x30, 0x3A, 0x10, 0x32, 0x34, 0x2E, 0x04, 0x2E, 0x37, 0x2F, 0x4D, 0x2F, 0x17, 0x1F, 0x1D, 0x3F, 0x17, 0x3F, 0x1D, 0x3F,
    0x37, 0x3F, 0x1D, 0x3F, 0x37, 0x3E, 0x5C, 0x3E, 0x74, 0x7E, 0x5C, 0x7E, 0x75, 0xFF, 0x5D, 0xFF, 0x75, 0xFB, 0x59, 0xFB, 0x73, 0xFB, 0x55, 0xF7,
    0x77, 0xFF, 0x5D, 0xFF, 0x77, 0xEF, 0x5D, 0xFF, 0x57, 0xDF, 0x5D, 0xBF, 0x77, 0xFF, 0xDD, 0xFF, 0x77, 0xFF, 0x5D, 0xFF, 0x77, 0xFE, 0x5C, 0xFE,
    0x76, 0xFF, 0xDD, 0xFF, 0x7F, 0xFF, 0xDD, 0xFF, 0x77, 0xFB, 0xDD, 0xFB, 0x77, 0xFF, 0xDF, 0xFF, 0x77, 0xFF, 0xDD, 0x92, 0x00, 0x00, 0x20, 0x90,
    0x00, 0x00, 0x02, 0x93, 0x00, 0x0E, 0x20, 0x10, 0x20, 0x00, 0x20, 0x00, 0x20, 0x00, 0x20, 0x00, 0x28, 0x40, 0x28, 0x10, 0x28, 0x81, 0x00, 0x2C,
    0x10, 0x20, 0x10, 0x38, 0x14, 0x38, 0x34, 0x3C, 0x5C, 0x2C, 0x54, 0x7C, 0x5C, 0x7C, 0x74, 0xFC, 0x5D, 0xFF, 0x75, 0xFF, 0xFD, 0xFA, 0x71, 0xFA,
    0xD4, 0xFA, 0x75, 0xFF, 0xDF, 0xFF, 0x77, 0xFF, 0xDD, 0xFF, 0x57, 0xFF, 0xDD, 0xFF, 0x57, 0xFF, 0xDD, 0xFF, 0x77, 0xFF, 0xDD, 0x00, 0x87, 0x00,
    0x00, 0x80, 0x9E, 0x00, 0x03, 0x80, 0x00, 0x80, 0x00, 0x80, 0x80, 0x00, 0x00, 0x80, 0x80, 0x07, 0x10, 0x80, 0x00, 0x80, 0x00, 0x80, 0x00, 0x80,
    0x82, 0x00, 0x03, 0x80, 0x00, 0x80, 0x00, 0x80, 0xC0, 0x04, 0x10, 0xC0, 0xC0, 0x80, 0x40, 0x80, 0xC0, 0x00, 0x40, 0x80, 0xC0, 0x00, 0x40, 0x80,
    0xC0, 0x24, 0x40, 0xC0, 0xC1, 0x83, 0x01, 0x83, 0xC1, 0xA3, 0x63, 0xE3, 0x45, 0x66, 0x66, 0x6E, 0x44, 0xEE, 0x74, 0xFE, 0xDD, 0xFF, 0x75, 0xFF,
    0xDD, 0xFB, 0x71, 0xFB, 0xD1, 0xFB, 0x73, 0xFF, 0xD5, 0xFF, 0x77, 0xFF, 0xDD, 0xEF, 0x77, 0x8C, 0x00, 0x7F, 0x01, 0x02, 0x01, 0x02, 0x01, 0x02,
    0x05, 0x07, 0x07, 0x0E, 0x04, 0x06, 0x04, 0x0E, 0x04, 0x0E, 0x04, 0x0E, 0x0C, 0x0E, 0x05, 0x0E, 0x05, 0x0A, 0x01, 0x0A, 0x00, 0x02, 0x00, 0x02,
    0x05, 0x07, 0x07, 0x0F, 0x05, 0x0F, 0x05, 0x8F, 0x05, 0x0F, 0x07, 0x8F, 0x0D, 0x2F, 0x17, 0x9F, 0x1D, 0x1F, 0x17, 0x1F, 0x1C, 0x0E, 0x16, 0x0E,
    0x1C, 0xBE, 0x15, 0xBF, 0xDD, 0xBF, 0x15, 0xBB, 0xD9, 0xBB, 0x11, 0xBB, 0xD1, 0xB3, 0x77, 0xFF, 0xF5, 0xEF, 0x77, 0xEF, 0xED, 0xAF, 0x57, 0x8F,
    0xDD, 0x9F, 0x17, 0xBF, 0xDD, 0xBF, 0x77, 0xBF, 0xDF, 0xBF, 0x77, 0xFE, 0x5C, 0xFE, 0x76, 0xFE, 0xDD, 0xFF, 0x77, 0xFF, 0xDD, 0xFF, 0x75, 0xFB,
    0xD9, 0xFB, 0x77, 0xFF, 0xDD, 0xFF, 0x77, 0xFF, 0xDD, 0xFF, 0x77, 0x08, 0x10, 0x08, 0x10, 0x00, 0x00, 0x02, 0x00, 0x06, 0x04, 0x0E, 0x04, 0x0E,
    0x04, 0x0E, 0x70, 0x04, 0x0F, 0x0C, 0x0E, 0x17, 0x1E, 0x1D, 0x1E, 0x17, 0x3E, 0x1C, 0x3E, 0x16, 0x3E, 0x1C, 0x3E, 0x14, 0x3E, 0x1C, 0x3E, 0x14,
    0x3E, 0x1D, 0x3A, 0x11, 0x3A, 0x11, 0x3B, 0x13, 0x3B, 0x15, 0x3F, 0x17, 0x2F, 0x35, 0x2F, 0x27, 0x0F, 0x2D, 0x0F, 0x17, 0x1F, 0x1D, 0x3F, 0x17,
    0x3F, 0x5D, 0x3F, 0x77, 0x3F, 0x5D, 0x3E, 0x36, 0x3E, 0x5C, 0x7E, 0x77, 0x7E, 0x5D, 0x7F, 0x75, 0x7F, 0x5D, 0x7B, 0x51, 0x7B, 0x5D, 0x3F, 0x77,
    0xFF, 0x5D, 0x3F, 0x77, 0x7F, 0x5D, 0x3F, 0x77, 0x7F, 0x5D, 0x7F, 0x77, 0xFF, 0x5D, 0xFF, 0x77, 0xFF, 0xDD, 0xFF, 0x77, 0xFF, 0xDD, 0xFF, 0x77,
    0xFF, 0xDD, 0xFF, 0x77, 0xFF, 0xDD, 0xFF, 0x77, 0xEF, 0xDD, 0xFF, 0x57, 0xFF, 0xDD, 0xFF, 0x77, 0xFF, 0xDD, 0xFF, 0x77, 0x8D, 0x00, 0x00, 0x40,
    0x92, 0x00, 0x00, 0x02, 0x92, 0x00, 0x43, 0x08, 0x00, 0x00, 0x10, 0x08, 0x10, 0x20, 0x10, 0x20, 0x10, 0x20, 0x10, 0x20, 0x00, 0x20, 0x00, 0x28,
    0x00, 0x08, 0x00, 0x08, 0x00, 0x08, 0x10, 0x38, 0x1C, 0x38, 0x14, 0x3E, 0x1C, 0x3E, 0x35, 0x3E, 0x5C, 0x7E, 0x74, 0x7E, 0x5C, 0xFE, 0x74, 0xFC,
    0xDC, 0xF8, 0x71, 0xF8, 0xD9, 0xFB, 0x73, 0xFB, 0xD5, 0xFF, 0x77, 0xFF, 0xD5, 0xEF, 0x67, 0xEF, 0xCD, 0xEF, 0x57, 0xFF, 0xDD, 0xFF, 0x77, 0xFF,
    0xDD, 0xFF, 0x77, 0x00, 0x9F, 0x00, 0x00, 0x80, 0x80, 0x00, 0x0F, 0x80, 0x00, 0x00, 0x80, 0x80, 0x00, 0x80, 0x00, 0x80, 0x00, 0x80, 0x00, 0x80,
    0x00, 0x90, 0x00, 0x80, 0x80, 0x03, 0x00, 0x80, 0x00, 0x80, 0x82, 0x00, 0x07, 0x20, 0x40, 0xA0, 0x60, 0xE0, 0xC0, 0xC0, 0x40, 0x80, 0xC0, 0x00,
    0x40, 0x80, 0xC0, 0x04, 0x40, 0xC0, 0xC0, 0xE0, 0x40, 0x80, 0xC0, 0x00, 0x40, 0x80, 0xC0, 0x22, 0x40, 0xC0, 0xE1, 0xE3, 0x41, 0xA3, 0xC1, 0xA2,
    0x21, 0xA2, 0x50, 0xF6, 0x74, 0xFE, 0xD4, 0xFE, 0x75, 0xFE, 0xDD, 0xF9, 0x71, 0xF9, 0xD1, 0xFB, 0x73, 0xFB, 0xDD, 0xFF, 0x77, 0xFF, 0xDD, 0xFF,
    0x77, 0xFF, 0xDD, 0x82, 0x00, 0x07, 0x01, 0x02, 0x00, 0x02, 0x00, 0x02, 0x00, 0x02, 0x80, 0x00, 0x03, 0x02, 0x01, 0x03, 0x05, 0x80, 0x03, 0x7F,
    0x05, 0x02, 0x06, 0x06, 0x04, 0x06, 0x04, 0x0E, 0x04, 0x0E, 0x04, 0x0C, 0x04, 0x08, 0x01, 0x08, 0x01, 0x03, 0x01, 0x83, 0x01, 0x83, 0x07, 0x87,
    0x05, 0x07, 0x87, 0x0F, 0x45, 0x0F, 0x87, 0x8F, 0x0D, 0x8F, 0x07, 0x8F, 0x0D, 0x8F, 0x17, 0x8F, 0x1D, 0x1E, 0x17, 0xDE, 0x1C, 0x9E, 0x17, 0x9E,
    0xDD, 0xAF, 0x55, 0xCF, 0xCD, 0x89, 0x41, 0xAB, 0xD9, 0xBB, 0x17, 0xBF, 0xDD, 0xBF, 0x17, 0xBF, 0x15, 0xAF, 0x07, 0xAF, 0x5D, 0xBF, 0x57, 0xFF,
    0xDD, 0xFF, 0x77, 0xFF, 0xDD, 0xFF, 0x77, 0xFF, 0xDD, 0xFF, 0x77, 0xFF, 0xDD, 0xFF, 0x77, 0xFF, 0xDD, 0xFF, 0x77, 0xEF, 0xCD, 0xEF, 0x77, 0xFF,
    0xDD, 0xFF, 0x77, 0xFF, 0xDD, 0xBF, 0x37, 0xBF, 0x5D, 0x08, 0x00, 0x08, 0x00, 0x02, 0x00, 0x0A, 0x04, 0x02, 0x06, 0x0E, 0x04, 0x06, 0x06, 0x0E,
    0x04, 0x1E, 0x04, 0x0E, 0x1D, 0x1F, 0x17, 0x1E, 0x68, 0x1D, 0x1E, 0x14, 0x1E, 0x1C, 0x1E, 0x14, 0x3E, 0x1C, 0x3E, 0x14, 0x3E, 0x1C, 0x2E, 0x05,
    0x08, 0x01, 0x0B, 0x11, 0x2B, 0x3D, 0x1F, 0x37, 0x3F, 0x3D, 0x3F, 0x17, 0x2F, 0x05, 0x2F, 0x17, 0x2E, 0x1D, 0x3F, 0x17, 0x3F, 0x1D, 0x3F, 0x15,
    0x3F, 0x1D, 0x3B, 0x31, 0x3B, 0x1D, 0x3F, 0x37, 0x3F, 0x5D, 0x3F, 0x77, 0x6F, 0x45, 0x2F, 0x47, 0x6F, 0x4D, 0x3F, 0x57, 0x3F, 0x5D, 0xBF, 0x17,
    0x3F, 0x3D, 0x3F, 0x37, 0x3F, 0x5D, 0x3F, 0x77, 0x7F, 0x5D, 0xFF, 0x77, 0xFF, 0xDD, 0xFF, 0x75, 0xFF, 0xDD, 0xFB, 0x73, 0xFF, 0xDD, 0xFF, 0x77,
    0xFF, 0xD5, 0xFF, 0xFF, 0xEF, 0xCD, 0xEF, 0x77, 0xFF, 0xDD, 0xFF, 0x77, 0xFF, 0xDD, 0xFF, 0x77, 0xBF, 0xDD, 0x88, 0x00, 0x00, 0x40, 0x94, 0x00,
    0x00, 0x02, 0x93, 0x00, 0x45, 0x08, 0x00, 0x08, 0x00, 0x08, 0x00, 0x00, 0x10, 0x88, 0x10, 0x30, 0x10, 0x38, 0x10, 0x20, 0x00, 0x20, 0x00, 0x20,
    0x00, 0x08, 0x04, 0x0C, 0x14, 0x0C, 0x1C, 0x3C, 0x14, 0x3E, 0x1C, 0x3A, 0x14, 0x3E, 0x9C, 0x3E, 0x74, 0x7E, 0x5C, 0x7E, 0x74, 0xFE, 0x5C, 0xFC,
    0x74, 0xF8, 0xDF, 0xFB, 0x71, 0xFF, 0xDD, 0xFF, 0x77, 0xFF, 0xDD, 0xFF, 0x77, 0xFF, 0x5D, 0xFF, 0x77, 0xFF, 0xDD, 0xFF, 0x77, 0xFF, 0xDD, 0xFF,
    0x77, 0xFF, 0xDD, 0x00, 0x96, 0x00, 0x00, 0x08, 0x87, 0x00, 0x03, 0x80, 0x00, 0x80, 0x00, 0x80, 0x80, 0x05, 0x00, 0x80, 0x00, 0x80, 0x00, 0x80,
    0x80, 0x00, 0x0F, 0x80, 0x00, 0x80, 0x00, 0x80, 0x00, 0x80, 0x40, 0x80, 0x40, 0xA0, 0x40, 0x80, 0x20, 0x80, 0x40, 0x80, 0xC0, 0x00, 0x40, 0x80,
    0xC0, 0x08, 0x40, 0xE0, 0xC0, 0xC0, 0x40, 0xC0, 0xC0, 0x80, 0x00, 0x80, 0x80, 0x28, 0x00, 0x80, 0x40, 0xE0, 0x60, 0xE0, 0xC0, 0xF0, 0x50, 0xE0,
    0xC0, 0xE0, 0x40, 0xE0, 0xD0, 0xF2, 0x71, 0xF3, 0xD1, 0xF3, 0x73, 0xF2, 0xD5, 0xE2, 0x65, 0xE7, 0xC5, 0xEF, 0x77, 0xEF, 0xDD, 0xFF, 0x57, 0xFF,
    0xDD, 0xBF, 0x17, 0xBF, 0x9D, 0xBF, 0x77, 0x83, 0x00, 0x1C, 0x02, 0x00, 0x02, 0x00, 0x02, 0x00, 0x02, 0x00, 0x02, 0x04, 0x06, 0x04, 0x02, 0x05,
    0x02, 0x04, 0x02, 0x00, 0x02, 0x00, 0x02, 0x00, 0x02, 0x04, 0x02, 0x04, 0x02, 0x04, 0x02, 0x80, 0x00, 0x7F, 0x80, 0x01, 0x8B, 0x05, 0xC3, 0x03,
    0x8B, 0x05, 0x83, 0x07, 0x07, 0x05, 0x07, 0x07, 0x1F, 0x05, 0x0F, 0x07, 0x8F, 0x0D, 0x8F, 0x05, 0x8E, 0x0D, 0x8B, 0x15, 0x8B, 0x9D, 0x9B, 0x97,
    0x9F, 0x95, 0x8F, 0x07, 0xA7, 0xC5, 0xA7, 0x47, 0xEF, 0xCD, 0x8F, 0x47, 0xCF, 0xDD, 0x9F, 0x17, 0x9F, 0x9D, 0x9F, 0x17, 0xBF, 0x1D, 0xBF, 0x77,
    0xFF, 0x5D, 0xFF, 0x77, 0xFE, 0xDC, 0xFE, 0x75, 0xFD, 0xDD, 0xFF, 0x77, 0xFF, 0xDD, 0xFF, 0x77, 0xFF, 0xD5, 0xF7, 0x77, 0xEF, 0xC5, 0xEF, 0x77,
    0xFF, 0xDD, 0xFF, 0x77, 0xFF, 0xDD, 0xFF, 0x57, 0xBF, 0xDD, 0xBF, 0x77, 0x08, 0x04, 0x0A, 0x01, 0x0A, 0x05, 0x0B, 0x07, 0x0E, 0x05, 0x0A, 0x06,
    0x0E, 0x04, 0x0E, 0x06, 0x0E, 0x1C, 0x0E, 0x14, 0x0E, 0x1C, 0x1C, 0x14, 0x18, 0x1C, 0x1A, 0x11, 0x1A, 0x1D, 0x1B, 0x17, 0x1A, 0x15, 0x12, 0x07,
    0x46, 0x05, 0x59, 0x4F, 0x07, 0x4F, 0x0D, 0x0F, 0x17, 0x1F, 0x1D, 0x1F, 0x57, 0x1F, 0x5D, 0x3F, 0x5F, 0x3F, 0x1D, 0x3F, 0x37, 0x3E, 0x1C, 0x3E,
    0x3C, 0x3E, 0x1C, 0x3C, 0x15, 0x3D, 0x1D, 0x3B, 0x37, 0x3F, 0x1D, 0x3B, 0xB7, 0x3F, 0x15, 0x27, 0x07, 0x2F, 0x4D, 0x2F, 0x57, 0x7F, 0x5D, 0x3F,
    0x17, 0x3F, 0x1D, 0x3F, 0x17, 0x3F, 0x3D, 0x3F, 0x77, 0xFF, 0x5D, 0x7F, 0x77, 0xFE, 0x5C, 0xFE, 0x74, 0xFE, 0xDD, 0xFF, 0x77, 0xFF, 0xDD, 0xFF,
    0x7F, 0xFF, 0xDD, 0xFF, 0x77, 0xBF, 0xDD, 0xFF, 0x77, 0xFF, 0xDD, 0xFF, 0x77, 0xFF, 0xDD, 0xFF, 0x77, 0xFF, 0xDD, 0xFF, 0x77, 0x83, 0x00, 0x00,
    0x80, 0x95, 0x00, 0x00, 0x02, 0x99, 0x00, 0x00, 0x40, 0x80, 0x00, 0x08, 0x08, 0x00, 0x08, 0x00, 0x08, 0x00, 0x08, 0x10, 0x08, 0x80, 0x00, 0x33,
    0x28, 0x14, 0x3C, 0x14, 0x3C, 0x1C, 0x3E, 0x14, 0x3C, 0x1C, 0x3C, 0x14, 0x3C, 0x5C, 0x38, 0x74, 0x7E, 0x5C, 0x7A, 0x74, 0x7A, 0x54, 0x72, 0x74,
    0xEE, 0x44, 0xEF, 0x77, 0xEF, 0xDD, 0xFF, 0x57, 0xFF, 0xDD, 0xBF, 0x17, 0xBF, 0x1D, 0xBF, 0x37, 0xFF, 0x5D, 0xFF, 0x77, 0xFF, 0x5D, 0xFE, 0x76,
    0xFE, 0xDD, 0xFF, 0x75, 0x00, 0x93, 0x00, 0x00, 0x08, 0x86, 0x00, 0x05, 0x80, 0x00, 0x80, 0x00, 0x80, 0x00, 0x80, 0x80, 0x00, 0x00, 0x80, 0x80,
    0x01, 0x00, 0x80, 0x80, 0x00, 0x00, 0x80, 0x80, 0x00, 0x07, 0x80, 0x00, 0x10, 0x00, 0x80, 0x00, 0x80, 0x10, 0x80, 0x80, 0x04, 0x20, 0x80, 0xE0,
    0xC0, 0x60, 0x80, 0xC0, 0x00, 0x40, 0x80, 0xC0, 0x00, 0x40, 0x80, 0xC0, 0x00, 0x40, 0x80, 0x80, 0x2A, 0x00, 0x80, 0x30, 0xA0, 0x00, 0xE0, 0x40,
    0xE0, 0x60, 0xE0, 0x40, 0xE0, 0x60, 0xE0, 0xC0, 0xE0, 0x61, 0xE1, 0xD1, 0xF3, 0x71, 0xF3, 0xD1, 0xE3, 0x73, 0xE3, 0xC5, 0xE7, 0x67, 0xEF, 0xDD,
    0xEF, 0x77, 0xFF, 0xDD, 0xFF, 0x57, 0xFF, 0xDD, 0xBF, 0x77, 0xFF, 0xDD, 0x81, 0x00, 0x0F, 0x02, 0x00, 0x02, 0x00, 0x02, 0x00, 0x02, 0x00, 0x02,
    0x00, 0x06, 0x04, 0x02, 0x04, 0x06, 0x04, 0x83, 0x00, 0x7F, 0x02, 0x01, 0x02, 0x01, 0x02, 0x00, 0x42, 0x00, 0x02, 0x40, 0x06, 0x45, 0x07, 0x05,
    0x0F, 0x07, 0x8F, 0x05, 0x0B, 0x07, 0x0F, 0x05, 0x1F, 0x07, 0x0F, 0x05, 0x0F, 0x07, 0x0E, 0x0C, 0x0E, 0x04, 0x0E, 0x0C, 0x8C, 0x04, 0x8C, 0x8D,
    0x8B, 0x15, 0x8B, 0x99, 0x8B, 0x13, 0x83, 0x81, 0x83, 0x07, 0x87, 0x85, 0xAF, 0x07, 0x8F, 0xED, 0x8F, 0x27, 0x8F, 0xBD, 0x9F, 0x17, 0x9F, 0x9D,
    0xBF, 0x37, 0xFF, 0xDD, 0xFF, 0x77, 0xFE, 0x5C, 0xFE, 0x76, 0xFE, 0xDF, 0xFF, 0x77, 0xFF, 0xDD, 0xFF, 0x77, 0xFF, 0xDD, 0xFB, 0x57, 0xFF, 0xD5,
    0xFF, 0x77, 0xFF, 0xDD, 0xFF, 0x77, 0xFF, 0xDD, 0xFF, 0x77, 0xFF, 0xDD, 0xFF, 0x77, 0xFF, 0xDD, 0x06, 0x04, 0x0E, 0x04, 0x0E, 0x04, 0x0E, 0x0C,
    0x0A, 0x04, 0x0E, 0x1C, 0x1E, 0x16, 0x1E, 0x1C, 0x1E, 0x16, 0x0E, 0x1C, 0x0E, 0x14, 0x0C, 0x1C, 0x08, 0x14, 0x67, 0x1C, 0x1D, 0x1B, 0x11, 0x1B,
    0x11, 0x03, 0x13, 0x03, 0x05, 0x07, 0x07, 0x0F, 0x0D, 0x2F, 0x27, 0x0F, 0x2D, 0x0F, 0x37, 0x1F, 0x1D, 0x1F, 0x17, 0x3F, 0x1D, 0x3F, 0x37, 0x3F,
    0x1D, 0x3E, 0x36, 0x3E, 0x14, 0x3E, 0x34, 0x3F, 0x9D, 0x3F, 0x35, 0x3F, 0x1D, 0x3F, 0x17, 0x3B, 0x15, 0x3B, 0x17, 0x3F, 0x1D, 0x3F, 0x37, 0x3F,
    0x5D, 0x3F, 0x37, 0x3F, 0x5D, 0x3F, 0x57, 0x7F, 0x7D, 0x7F, 0x77, 0xFF, 0x5D, 0xFF, 0x77, 0xFF, 0x5D, 0xFB, 0x77, 0xFF, 0x55, 0xFF, 0x77, 0xFF,
    0xFD, 0xFF, 0x77, 0xFF, 0xDD, 0xDF, 0x57, 0x9F, 0xDD, 0xBF, 0x37, 0xFF, 0xDD, 0xFF, 0x77, 0xFF, 0x5D, 0x7F, 0x77, 0xFE, 0xDC, 0xFF, 0x77, 0xFF,
    0xDD, 0x00, 0x80, 0x97, 0x00, 0x00, 0x02, 0x97, 0x00, 0x00, 0x40, 0x87, 0x00, 0x3D, 0x08, 0x00, 0x08, 0x00, 0x08, 0x00, 0x08, 0x10, 0x18, 0x1C,
    0x38, 0x14, 0x3C, 0x1C, 0x3C, 0x34, 0x3C, 0x1C, 0x3C, 0x34, 0x7C, 0x5C, 0x7C, 0x74, 0x7C, 0x5C, 0x78, 0x70, 0x78, 0x50, 0x3A, 0x71, 0xF2, 0x55,
    0xFF, 0x77, 0xFF, 0x5D, 0xFF, 0x77, 0xEF, 0x5D, 0xEF, 0x57, 0xDF, 0xDD, 0xFF, 0x77, 0xFF, 0xDD, 0xFF, 0x77, 0xFF, 0xDD, 0xFF, 0x76, 0xFE, 0xDC,
    0xFE, 0x77, 0xFF, 0xDD, 0x00, 0x99, 0x00, 0x00, 0x80, 0x84, 0x00, 0x0C, 0x80, 0x00, 0x80, 0x00, 0x80, 0x00, 0x88, 0x00, 0x80, 0x00, 0x80, 0x00,
    0x80, 0x85, 0x00, 0x02, 0x10, 0x80, 0x00, 0x80, 0x80, 0x43, 0x00, 0x80, 0xC0, 0x80, 0x00, 0xC0, 0x80, 0x80, 0x00, 0x80, 0xC0, 0x80, 0x40, 0xC0,
    0xC0, 0x80, 0x40, 0x80, 0xC0, 0x80, 0x00, 0x90, 0x80, 0x80, 0x00, 0x80, 0xC0, 0xA0, 0x40, 0xE0, 0x40, 0xE0, 0x60, 0xE0, 0xC0, 0xE0, 0x60, 0xE0,
    0xC1, 0xE3, 0x61, 0xE3, 0xC1, 0xE3, 0x41, 0xE3, 0xD1, 0xF3, 0x77, 0xFF, 0xD5, 0xFF, 0x77, 0xFF, 0xDD, 0xFF, 0x77, 0xFF, 0xDD, 0xFF, 0x77, 0xFF,
    0xDD, 0xFF, 0x77, 0x00, 0x00, 0x02, 0x80, 0x00, 0x7F, 0x02, 0x00, 0x02, 0x00, 0x02, 0x00, 0x02, 0x04, 0x02, 0x04, 0x02, 0x04, 0x02, 0x00, 0x00,
    0x04, 0x00, 0x00, 0x08, 0x44, 0x00, 0x01, 0x28, 0x01, 0x02, 0x45, 0x02, 0x01, 0x03, 0x03, 0x07, 0x05, 0x07, 0x07, 0x0F, 0x05, 0x0F, 0x07, 0x0F,
    0x2D, 0x0F, 0x07, 0x0F, 0x0D, 0x0F, 0x17, 0x0F, 0x1D, 0x0E, 0x16, 0x0E, 0x44, 0x0E, 0x04, 0x8E, 0x0D, 0x8F, 0x05, 0x8F, 0x8D, 0x8B, 0x01, 0x8B,
    0x81, 0x8B, 0x13, 0x8F, 0x95, 0x9F, 0x17, 0xBF, 0x1D, 0xAF, 0x17, 0x2F, 0x0D, 0x2F, 0x17, 0xBF, 0xDD, 0xBF, 0x57, 0xFF, 0xDD, 0xFF, 0x77, 0xFF,
    0xDD, 0xFB, 0x77, 0xFF, 0xD5, 0xFF, 0x77, 0xFF, 0xDD, 0xFF, 0x77, 0xEF, 0xCD, 0xEF, 0x57, 0xDF, 0xDD, 0xBF, 0x57, 0xFF, 0xDD, 0xBF, 0x77, 0xFF,
    0x5D, 0x7F, 0x77, 0xFE, 0x5D, 0xFF, 0x77, 0xFF, 0xDD, 0xFF, 0x77, 0x0E, 0x04, 0x0E, 0x04, 0x0E, 0x04, 0x79, 0x0E, 0x04, 0x0E, 0x1C, 0x1E, 0x14,
    0x1E, 0x1C, 0x1E, 0x14, 0x1E, 0x14, 0x1A, 0x10, 0x0E, 0x14, 0x2E, 0x14, 0x0E, 0x1C, 0x0E, 0x05, 0x0E, 0x05, 0x0B, 0x01, 0x0B, 0x15, 0x0B, 0x17,
    0x1F, 0x1D, 0x3F, 0x17, 0x3F, 0x1D, 0x2E, 0x16, 0x2E, 0x1C, 0x3E, 0x14, 0x3E, 0x1D, 0x3F, 0x35, 0x3F, 0x1D, 0x3B, 0x31, 0x3B, 0x11, 0x3A, 0x3F,
    0x3F, 0x35, 0x3F, 0x37, 0x2F, 0x4D, 0x2F, 0x07, 0x0F, 0x0D, 0x0F, 0x17, 0x1F, 0x1D, 0x3F, 0x37, 0x3F, 0x1D, 0x3F, 0x77, 0x7F, 0x5C, 0x3E, 0x76,
    0x7E, 0x5C, 0x7F, 0x77, 0xFF, 0x5D, 0xFF, 0x75, 0xFB, 0xD9, 0xFB, 0x73, 0xFB, 0xDD, 0xFF, 0x77, 0xFF, 0xDD, 0xFF, 0x77, 0xEF, 0xCD, 0xEF, 0x57,
    0xFF, 0xDD, 0xFF, 0x77, 0xFF, 0xDD, 0xFF, 0x77, 0xFF, 0xDD, 0xFF, 0x77, 0xFE, 0x5D, 0xFE, 0x77, 0xFF, 0xDD, 0xFF, 0x77, 0x96, 0x00, 0x00, 0x02,
    0x96, 0x00, 0x00, 0x20, 0x81, 0x00, 0x00, 0x01, 0x88, 0x00, 0x3B, 0x08, 0x00, 0x08, 0x00, 0x08, 0x18, 0x18, 0x10, 0x38, 0x18, 0x38, 0x10, 0x38,
    0x10, 0x38, 0x30, 0x38, 0x54, 0x78, 0x74, 0x7C, 0x5C, 0x78, 0x70, 0x78, 0x58, 0x78, 0x50, 0xFA, 0x51, 0xBB, 0x77, 0xFF, 0x5D, 0xBF, 0x77, 0xFF,
    0x5D, 0x3F, 0x77, 0x7E, 0x5D, 0xFF, 0x77, 0xFF, 0xDD, 0xFF, 0x77, 0xFF, 0xDD, 0xFF, 0x77, 0xFF, 0xDD, 0xFF, 0x77, 0xFF, 0xDD, 0xFF, 0x77, 0x00,
    0x8C, 0x00, 0x00, 0x08, 0x93, 0x00, 0x00, 0x04, 0x81, 0x00, 0x00, 0x04, 0x82, 0x00, 0x03, 0x80, 0x80, 0x00, 0x08, 0x82, 0x00, 0x03, 0x80, 0x00,
    0x80, 0x00, 0x80, 0x80, 0x0B, 0x00, 0xA0, 0x80, 0xA0, 0x00, 0xA0, 0x80, 0x80, 0x00, 0x80, 0x00, 0x80, 0x82, 0x00, 0x7F, 0x80, 0x40, 0x80, 0x40,
    0xC0, 0xC0, 0x80, 0x40, 0xC0, 0xC0, 0x80, 0x40, 0xE2, 0xC0, 0xE2, 0x41, 0xE2, 0xC5, 0xE3, 0x45, 0xE7, 0xC5, 0xE3, 0x45, 0xCF, 0xC5, 0xEF, 0x57,
    0xFF, 0xDD, 0xBF, 0x37, 0xBF, 0x1D, 0xBF, 0x77, 0xFF, 0x5D, 0xFF, 0x77, 0xFF, 0xDD, 0xFF, 0x77, 0xFF, 0xDD, 0x02, 0x00, 0x02, 0x04, 0x02, 0x04,
    0x0E, 0x04, 0x0A, 0x04, 0x0E, 0x04, 0x0A, 0x00, 0x0A, 0x00, 0x02, 0x80, 0x02, 0x08, 0x02, 0x04, 0x0F, 0x04, 0x82, 0x00, 0x08, 0x00, 0x00, 0x01,
    0x0A, 0x01, 0x0B, 0x07, 0x0F, 0x05, 0x0F, 0x07, 0x0F, 0x05, 0x1E, 0x46, 0x0E, 0x0C, 0x0E, 0x06, 0x0E, 0x1D, 0x1E, 0x15, 0x1E, 0x3F, 0x1A, 0x11,
    0x1A, 0x11, 0x1B, 0x13, 0x3F, 0x15, 0x3F, 0x17, 0xAF, 0x05, 0x0F, 0x07, 0x8F, 0x05, 0x8F, 0x07, 0x8F, 0x1D, 0x9F, 0x17, 0x9F, 0x1D, 0x3F, 0x17,
    0x3F, 0x1D, 0x3F, 0x37, 0x7F, 0x3E, 0x7D, 0xFE, 0x77, 0xFE, 0xFD, 0xFF, 0xF5, 0xFD, 0xDD, 0xFB, 0x71, 0xFB, 0xDD, 0xFB, 0x77, 0xFF, 0xD5, 0xFF,
    0x77, 0xEF, 0xC5, 0xEF, 0x47, 0xEF, 0xDD, 0xFF, 0x77, 0xFF, 0xDD, 0xFF, 0x77, 0xFF, 0xDD, 0xBF, 0x77, 0xFF, 0xDD, 0xFF, 0x77, 0xFF, 0xDD, 0xFF,
    0x77, 0xFF, 0xDD, 0x0A, 0x04, 0x0E, 0x04, 0x0E, 0x04, 0x0E, 0x1C, 0x1E, 0x14, 0x1C, 0x1C, 0x18, 0x10, 0x18, 0x19, 0x38, 0x10, 0x38, 0x10, 0x3A,
    0x10, 0x3A, 0x14, 0x26, 0x04, 0x2E, 0x04, 0x0E, 0x04, 0x0E, 0x0C, 0x0E, 0x17, 0x1E, 0x1D, 0x3E, 0x17, 0x3E, 0x3C, 0x3E, 0x36, 0x3E, 0x3C, 0x3E,
    0x36, 0x3E, 0x1C, 0x3E, 0x34, 0x3D, 0x5C, 0x38, 0x10, 0x38, 0x59, 0x3B, 0x31, 0x3B, 0x55, 0x3F, 0x37, 0x3F, 0x55, 0x2F, 0x07, 0x2F, 0x4D, 0x2F,
    0x57, 0x7F, 0x5D, 0x3F, 0x57, 0x7F, 0x5D, 0x3F, 0x37, 0x3F, 0x5D, 0x7F, 0x77, 0x2D, 0x7E, 0x5D, 0xFF, 0x77, 0xFE, 0x5D, 0xFE, 0x7D, 0xFF, 0xDD,
    0xFF, 0x75, 0xFF, 0xDD, 0xFF, 0x77, 0xFF, 0xDF, 0xFF, 0x77, 0xBF, 0x5D, 0x3F, 0x77, 0xFF, 0x5D, 0xFF, 0x77, 0xFF, 0xDD, 0xFF, 0x77, 0xFF, 0xDD,
    0xFF, 0x77, 0xFF, 0xDD, 0xFF, 0x77, 0xFF, 0xDD, 0xFF, 0x77, 0xFF, 0xD5, 0x92, 0x00, 0x00, 0x02, 0x93, 0x00, 0x02, 0x08, 0x00, 0x02, 0x94, 0x00,
    0x39, 0x28, 0x00, 0x28, 0x10, 0x28, 0x10, 0x38, 0x10, 0x38, 0x10, 0x38, 0x30, 0x38, 0x50, 0x38, 0x70, 0x78, 0x50, 0x70, 0x60, 0x60, 0x40, 0x60,
    0x44, 0xEC, 0x4D, 0xFF, 0x55, 0xFF, 0xDD, 0xBF, 0x17, 0xBF, 0x1D, 0x3F, 0x37, 0x3F, 0x5D, 0xFE, 0x77, 0xFE, 0xDD, 0xFE, 0x75, 0xFE, 0xDD, 0xFD,
    0x75, 0xFD, 0xDD, 0xFB, 0x77, 0xFF, 0xDD, 0xFF, 0x77, 0xFF, 0xD5, 0x00, 0x88, 0x00, 0x00, 0x08, 0x94, 0x00, 0x06, 0x02, 0x00, 0x00, 0x02, 0x00,
    0x00, 0x80, 0x83, 0x00, 0x00, 0x08, 0x84, 0x00, 0x00, 0x80, 0x80, 0x00, 0x01, 0x80, 0x00, 0x80, 0x80, 0x02, 0x00, 0x80, 0x00, 0x80, 0x80, 0x7F,
    0x00, 0x80, 0x00, 0x80, 0x00, 0x80, 0x40, 0x00, 0x40, 0x00, 0x40, 0x82, 0x00, 0x80, 0x40, 0x80, 0x00, 0x80, 0xC0, 0x80, 0x40, 0xC0, 0xC1, 0xC3,
    0x41, 0xC3, 0xC1, 0xC3, 0x43, 0xC3, 0xC5, 0xE7, 0x47, 0xEF, 0xC5, 0xEF, 0x47, 0xEF, 0xDD, 0xFF, 0x57, 0xBF, 0xDD, 0xBF, 0x37, 0xFF, 0xDD, 0xFF,
    0x77, 0xFF, 0xDD, 0xFF, 0x77, 0xFE, 0xDD, 0xFE, 0x75, 0x02, 0x04, 0x02, 0x04, 0x0E, 0x04, 0x0E, 0x04, 0x0C, 0x8C, 0x08, 0x00, 0x0C, 0x00, 0x08,
    0x00, 0x08, 0x00, 0x0A, 0x00, 0x0A, 0x00, 0x02, 0x00, 0x02, 0x04, 0x02, 0x84, 0x0E, 0x04, 0x0E, 0x05, 0x0E, 0x0D, 0x2F, 0x37, 0x0E, 0x5D, 0x1E,
    0x16, 0x1E, 0x1C, 0x1E, 0x16, 0x3E, 0x9C, 0x3E, 0x14, 0x3E, 0x1C, 0x3C, 0x14, 0x18, 0x19, 0x3B, 0x11, 0x3B, 0x1D, 0x3B, 0x17, 0x3F, 0x15, 0x27,
    0x07, 0x2F, 0x05, 0x2F, 0x07, 0x2F, 0x1D, 0x3F, 0x7F, 0x17, 0xBF, 0x1D, 0x3F, 0x17, 0x3F, 0x1D, 0x3F, 0x37, 0xBF, 0x5D, 0xFF, 0x77, 0xFE, 0x5C,
    0xFE, 0x74, 0xFE, 0xDD, 0xFF, 0x75, 0xFF, 0xDD, 0xFF, 0xF7, 0xFF, 0xDD, 0xFF, 0xF7, 0xBF, 0x95, 0xBF, 0x37, 0xFF, 0x5D, 0xFF, 0x77, 0xFF, 0xDD,
    0xFF, 0x77, 0xFF, 0xDD, 0xFF, 0x7F, 0xFF, 0xDD, 0xFF, 0x77, 0xFF, 0xDD, 0xFF, 0x77, 0xFF, 0xD5, 0xFF, 0x77, 0x08, 0x10, 0x18, 0x10, 0x38, 0x14,
    0x38, 0x14, 0x3C, 0x1C, 0x39, 0x10, 0x28, 0x10, 0x28, 0x10, 0x28, 0x10, 0x38, 0x11, 0x38, 0x10, 0x32, 0x10, 0x22, 0x04, 0x22, 0x04, 0x2E, 0x04,
    0x2E, 0x14, 0x2E, 0x1C, 0x3E, 0x14, 0x3E, 0x1C, 0x3E, 0x14, 0x3E, 0x1C, 0x3E, 0x34, 0x3E, 0x7C, 0x3E, 0x74, 0x7E, 0x74, 0x7C, 0x74, 0x6C, 0x4C,
    0x6A, 0x54, 0x7E, 0x5D, 0x7F, 0x77, 0x3F, 0x3D, 0x3F, 0x37, 0x3F, 0x15, 0x3E, 0x37, 0x7E, 0x5D, 0x7E, 0x38, 0x77, 0x7E, 0x5C, 0x7E, 0x74, 0xFE,
    0xDC, 0xFE, 0x75, 0xFF, 0xDD, 0xFF, 0xF7, 0xFF, 0xDD, 0xFF, 0x77, 0xFE, 0xD5, 0xEF, 0x67, 0xEF, 0xDF, 0xFF, 0x77, 0xFF, 0xDD, 0xFF, 0x57, 0xBF,
    0x9D, 0xBF, 0x37, 0xBF, 0x5D, 0xFF, 0x77, 0xFF, 0x5D, 0xFF, 0x77, 0xFE, 0xDC, 0xFE, 0x75, 0xFF, 0xDD, 0xFF, 0x77, 0xFF, 0xDD, 0xFF, 0x77, 0xFF,
    0xD5, 0xF7, 0x77, 0x90, 0x00, 0x00, 0x01, 0x90, 0x00, 0x01, 0x04, 0x08, 0x9A, 0x00, 0x39, 0x20, 0x00, 0x20, 0x00, 0x20, 0x00, 0x20, 0x40, 0x20,
    0x50, 0x68, 0x70, 0x70, 0x50, 0x78, 0x50, 0x30, 0x10, 0x20, 0x40, 0x20, 0x40, 0xE8, 0x45, 0xE8, 0x55, 0xED, 0x5D, 0xFF, 0x55, 0xBF, 0x5D, 0xBB,
    0x15, 0xBF, 0x5D, 0xFF, 0x77, 0xFF, 0xDD, 0xFE, 0x76, 0xFE, 0xDC, 0xFE, 0x74, 0xFF, 0xDD, 0xFF, 0x77, 0xFF, 0xDD, 0xFF, 0x77, 0xFF, 0xDD, 0xFF,
    0x77, 0x00, 0x84, 0x00, 0x00, 0x10, 0x93, 0x00, 0x00, 0x01, 0x89, 0x00, 0x00, 0x08, 0x86, 0x00, 0x01, 0x40, 0x40, 0x8C, 0x00, 0x04, 0x40, 0x00,
    0x40, 0x00, 0x40, 0x80, 0x00, 0x7F, 0x80, 0x00, 0x03, 0x00, 0x82, 0x00, 0x02, 0x00, 0x80, 0x04, 0x80, 0x04, 0x8E, 0x85, 0x8B, 0x05, 0x8B, 0x87,
    0x8B, 0x03, 0x8B, 0x85, 0x8F, 0x17, 0x8F, 0x9D, 0xBF, 0x57, 0xFF, 0x5D, 0xFF, 0x57, 0xFE, 0x5D, 0xFF, 0x75, 0xFF, 0xDD, 0xFF, 0x77, 0xFF, 0xDD,
    0xFF, 0x77, 0xFF, 0xD5, 0xFF, 0x77, 0xFF, 0xDD, 0x08, 0x10, 0x08, 0x14, 0x1A, 0x14, 0x0C, 0x14, 0x08, 0x00, 0x08, 0x00, 0x08, 0x00, 0x08, 0x10,
    0x08, 0x10, 0x08, 0x90, 0x4A, 0x10, 0x02, 0x00, 0x02, 0x04, 0x0E, 0x44, 0x2E, 0x46, 0x2E, 0x0D, 0x0E, 0x94, 0x0E, 0x1C, 0x1E, 0x14, 0x7E, 0x1C,
    0x3E, 0x3C, 0x3E, 0x1C, 0x3E, 0x34, 0x3E, 0x14, 0x3A, 0x34, 0x2E, 0x54, 0x2E, 0x74, 0x7E, 0x5D, 0x3F, 0x15, 0x1F, 0x1D, 0x1B, 0x17, 0x3F, 0x1D,
    0x3F, 0x37, 0x3F, 0x5D, 0x3F, 0x77, 0x7E, 0x5C, 0x3E, 0x76, 0x7E, 0x5C, 0xFE, 0x75, 0x7F, 0xFF, 0xDD, 0xFF, 0x77, 0xFF, 0xDD, 0xFB, 0x73, 0xFB,
    0xD5, 0xF7, 0x77, 0xFF, 0xDD, 0xFF, 0x77, 0xFF, 0xDD, 0xFF, 0x57, 0xDF, 0xDD, 0xBF, 0x17, 0xBF, 0xDD, 0xFF, 0x77, 0xFF, 0x5D, 0xFF, 0x77, 0xFE,
    0x5C, 0xFE, 0x74, 0xFF, 0xDD, 0xFF, 0x77, 0xFF, 0xDD, 0xFB, 0x73, 0xFB, 0xD1, 0xFB, 0x77, 0xFF, 0xD5, 0x18, 0x10, 0x3A, 0x10, 0x38, 0x10, 0x38,
    0x10, 0x30, 0x10, 0x20, 0x00, 0x22, 0x00, 0x28, 0x40, 0x28, 0x00, 0x28, 0x00, 0x08, 0x00, 0x08, 0x10, 0x08, 0x10, 0x38, 0x14, 0x38, 0x34, 0x3C,
    0x1C, 0x7C, 0x34, 0x3C, 0x5C, 0x38, 0x54, 0x78, 0x7C, 0x78, 0x70, 0xF8, 0x78, 0x78, 0x70, 0xF8, 0x50, 0x70, 0x70, 0xE0, 0x54, 0xEE, 0x74, 0xEE,
    0x6C, 0xEE, 0x74, 0xCE, 0x5C, 0x9E, 0x14, 0x9E, 0x1C, 0xBE, 0x36, 0xBE, 0x5C, 0x3E, 0x76, 0x7E, 0x5C, 0x7E, 0x74, 0xFE, 0x5C, 0xFC, 0x74, 0x31,
    0xFC, 0xDF, 0xFF, 0x75, 0xFB, 0xD9, 0xFB, 0x73, 0xFB, 0xD5, 0xF7, 0x77, 0xFF, 0xDD, 0xFF, 0x77, 0xFF, 0xDD, 0xFF, 0x57, 0xFF, 0xDD, 0xFF, 0x77,
    0xFF, 0xDD, 0xFF, 0x77, 0xFF, 0xDD, 0xFF, 0x7F, 0xFE, 0xDC, 0xFE, 0x76, 0xFE, 0xDD, 0xFF, 0x77, 0xFF, 0xDD, 0xFF, 0x77, 0xFF, 0xDD, 0xFF, 0x77,
    0xFF, 0xDD, 0x8C, 0x00, 0x00, 0x01, 0x8A, 0x00, 0x00, 0x10, 0x93, 0x00, 0x00, 0x10, 0x8F, 0x00, 0x38, 0x02, 0x03, 0x01, 0x00, 0x00, 0x60, 0x02,
    0x60, 0x40, 0x60, 0x41, 0xC0, 0x41, 0x81, 0x01, 0x81, 0x01, 0x81, 0x01, 0xA1, 0x11, 0xB3, 0x31, 0xAB, 0x51, 0x2B, 0x71, 0x6A, 0x50, 0xFA, 0x71,
    0xFB, 0xDD, 0xFB, 0x75, 0xFB, 0xDD, 0xFB, 0x71, 0xFB, 0xD1, 0xF3, 0x73, 0xFF, 0xD5, 0xFF, 0x77, 0xFF, 0xDD, 0xEF, 0x77, 0xEF, 0xDD, 0xDF, 0x57,
    0xFF, 0xDD, 0x00, 0x81, 0x00, 0x00, 0x10, 0xA0, 0x00, 0x00, 0x08, 0x82, 0x00, 0x00, 0x20, 0x96, 0x00, 0x7F, 0x08, 0x04, 0x0A, 0x00, 0x08, 0x04,
    0x08, 0x00, 0x08, 0x00, 0x80, 0x00, 0x82, 0x00, 0x82, 0x00, 0x8E, 0x04, 0x8E, 0x07, 0x8E, 0x05, 0x8F, 0x05, 0x8F, 0x8D, 0x8F, 0x17, 0x9F, 0x9D,
    0xBF, 0x17, 0xBF, 0x1D, 0x3F, 0x37, 0x3E, 0xDC, 0xFE, 0x76, 0xFE, 0xDD, 0xFF, 0x75, 0xFF, 0xDD, 0xFF, 0x71, 0xFB, 0xD9, 0xFB, 0x73, 0xFF, 0xD5,
    0xFF, 0x77, 0x18, 0x18, 0x38, 0x10, 0x38, 0x10, 0x38, 0x10, 0x30, 0x10, 0x20, 0x10, 0x68, 0x04, 0x68, 0x00, 0x28, 0x00, 0x08, 0x00, 0x08, 0x00,
    0x88, 0x10, 0x1C, 0x94, 0x3E, 0x1C, 0x3E, 0x1C, 0xBE, 0x14, 0x3E, 0x3C, 0x3C, 0x14, 0x3C, 0x5C, 0x3C, 0x74, 0x7C, 0x5C, 0x38, 0x70, 0x38, 0x50,
    0x32, 0x70, 0x72, 0x54, 0x7E, 0x74, 0x6E, 0x54, 0x6E, 0x44, 0xEE, 0x4C, 0x0E, 0x14, 0x9E, 0x1C, 0xBE, 0x17, 0xBE, 0x1D, 0x3E, 0x37, 0x3F, 0x5C,
    0x3E, 0x76, 0x7F, 0x7E, 0x7C, 0xFE, 0x74, 0xFE, 0xDC, 0xFE, 0x75, 0xFF, 0xDD, 0xFB, 0x71, 0xFB, 0xD1, 0xFB, 0x77, 0xFF, 0xD5, 0xFF, 0x77, 0xFF,
    0xDD, 0xEF, 0x47, 0xEF, 0xDD, 0xFF, 0x57, 0xFF, 0xDD, 0xFF, 0x77, 0xFF, 0xDD, 0xFF, 0x77, 0xFE, 0x5D, 0xFE, 0x77, 0xFE, 0xDD, 0xFF, 0x77, 0xFF,
    0xDD, 0xFF, 0x7D, 0xFF, 0xDD, 0xFB, 0x77, 0xFF, 0xDD, 0xFF, 0x77, 0x20, 0x10, 0x30, 0x10, 0x20, 0x10, 0x20, 0x14, 0x20, 0x00, 0x20, 0x00, 0xA0,
    0x40, 0x20, 0x40, 0x60, 0x40, 0x00, 0x00, 0x08, 0x00, 0x08, 0x10, 0x18, 0x10, 0x38, 0x10, 0x38, 0x10, 0x38, 0x30, 0x38, 0x50, 0x38, 0x70, 0x78,
    0x50, 0xF8, 0x70, 0xF8, 0x58, 0xF8, 0x70, 0xF8, 0xD0, 0xF0, 0x50, 0xF8, 0xD0, 0xF0, 0x72, 0xFA, 0x54, 0xEC, 0x74, 0xEC, 0x4C, 0x2C, 0x54, 0xFC,
    0x5C, 0xFC, 0x74, 0xFC, 0xDC, 0xFE, 0x74, 0xFC, 0x5C, 0xFA, 0x70, 0x37, 0xF8, 0x54, 0xFF, 0x74, 0xFE, 0xDC, 0xFE, 0x74, 0xFC, 0xDD, 0xFB, 0x51,
    0xFB, 0xDD, 0xFB, 0x57, 0xFF, 0xDD, 0xFF, 0x77, 0xFF, 0x5D, 0xFF, 0x77, 0x7E, 0x5D, 0xFE, 0x77, 0xFF, 0xDD, 0xFF, 0x77, 0xFF, 0xDD, 0xFF, 0x75,
    0xFB, 0xDD, 0xFB, 0x77, 0xFF, 0xDD, 0xFF, 0x77, 0xFF, 0xDD, 0xFF, 0x77, 0xEF, 0xCD, 0xEF, 0x57, 0xFF, 0xDD, 0xFF, 0x77, 0x93, 0x00, 0x02, 0x20,
    0x00, 0x01, 0x92, 0x00, 0x00, 0x08, 0x8F, 0x00, 0x0B, 0x04, 0x04, 0x00, 0x00, 0x01, 0x01, 0x04, 0x00, 0x40, 0x00, 0x01, 0x00, 0x88, 0x01, 0x27,
    0x83, 0x01, 0x83, 0x01, 0xA3, 0x01, 0x23, 0x11, 0x22, 0x50, 0x62, 0x70, 0xFA, 0x55, 0xFB, 0x75, 0xFB, 0xDD, 0xF9, 0x71, 0xF9, 0xD1, 0xFB, 0x73,
    0xFB, 0xD5, 0xFF, 0x77, 0xFF, 0xD5, 0xFF, 0x77, 0xFF, 0xCD, 0xEF, 0x57, 0xFF, 0xDD, 0xFF, 0x77, 0x00, 0x04, 0x00, 0x20, 0x00, 0x00, 0x40, 0x91,
    0x00, 0x00, 0x01, 0x87, 0x00, 0x02, 0x08, 0x00, 0x08, 0x84, 0x00, 0x00, 0x40, 0x8C, 0x00, 0x00, 0x08, 0x80, 0x00, 0x00, 0x08, 0x80, 0x00, 0x7F,
    0x08, 0x04, 0x08, 0x04, 0x0C, 0x4C, 0x08, 0x40, 0x08, 0x40, 0x08, 0x10, 0x08, 0x10, 0x0A, 0x10, 0x1A, 0x14, 0x3E, 0x16, 0x2E, 0x04, 0x2E, 0x06,
    0x0E, 0x0C, 0x0E, 0x17, 0xBF, 0x1D, 0xBF, 0x17, 0xBF, 0x1D, 0xBF, 0x37, 0xBE, 0x5D, 0xBE, 0x76, 0xFE, 0xDD, 0xFE, 0x77, 0xFF, 0xDD, 0xFF, 0x75,
    0xFF, 0xDD, 0xFB, 0x77, 0xFF, 0xDD, 0xFF, 0x77, 0xFF, 0xDD, 0x38, 0x10, 0x38, 0x10, 0x38, 0x58, 0x38, 0x10, 0x30, 0x70, 0x30, 0x50, 0x20, 0x70,
    0x28, 0x40, 0x20, 0x00, 0x08, 0x00, 0x08, 0x00, 0x08, 0x1C, 0x38, 0x14, 0x3C, 0x1C, 0x38, 0x34, 0x38, 0x14, 0x38, 0x74, 0x7C, 0x5C, 0x7C, 0x74,
    0xFC, 0x5C, 0xF8, 0x70, 0xF8, 0x58, 0xF8, 0x50, 0xF8, 0x50, 0xFA, 0x70, 0xFE, 0x54, 0xFE, 0x74, 0xEE, 0x44, 0x2E, 0x44, 0xEE, 0x5C, 0xFE, 0x54,
    0xFE, 0xDC, 0xFE, 0x74, 0xFE, 0x7C, 0xBE, 0x74, 0x3E, 0xFE, 0x5C, 0xFE, 0x74, 0xFE, 0xDC, 0xFE, 0x74, 0xFE, 0xDC, 0xFC, 0x74, 0xFA, 0xDD, 0xFB,
    0x77, 0xFF, 0xDD, 0xFF, 0x77, 0xFF, 0xDD, 0xBF, 0x77, 0xFE, 0x5D, 0x7E, 0x77, 0xFF, 0xDD, 0xFF, 0x77, 0xFF, 0xDD, 0xFF, 0x75, 0xFF, 0xDD, 0xFB,
    0x77, 0xFF, 0xDD, 0xFF, 0x77, 0xFF, 0xDD, 0xFF, 0x77, 0xEF, 0xCD, 0xEF, 0x57, 0xFF, 0xDD, 0xFF, 0x77, 0xFF, 0xDD, 0x20, 0x40, 0x68, 0x40, 0x20,
    0x81, 0x00, 0x07, 0x80, 0x20, 0x00, 0x20, 0x00, 0x20, 0x00, 0x21, 0x80, 0x00, 0x6B, 0x01, 0x00, 0x20, 0x50, 0x20, 0x50, 0xB9, 0x50, 0x30, 0x10,
    0xB0, 0x10, 0x30, 0x70, 0xF0, 0x50, 0xF0, 0x70, 0xF0, 0x50, 0xE0, 0x60, 0xE0, 0xC0, 0xE0, 0x40, 0xE8, 0xD0, 0xF8, 0x50, 0xF8, 0xD0, 0xB8, 0x10,
    0xB8, 0x10, 0x38, 0x30, 0x78, 0x7C, 0xF8, 0x74, 0xFC, 0xDC, 0xF8, 0x70, 0xF8, 0xD8, 0xF8, 0x70, 0xF8, 0xD0, 0xF8, 0x71, 0xF8, 0xD5, 0xFA, 0x75,
    0xEE, 0xC5, 0xEA, 0x65, 0xEF, 0xCD, 0xEF, 0x55, 0xFF, 0xDD, 0xFF, 0x57, 0xBF, 0x9D, 0xBF, 0x37, 0xBF, 0x5D, 0x7E, 0xF7, 0xFE, 0xDD, 0xFE, 0x77,
    0xFE, 0xDD, 0xFF, 0x75, 0xFD, 0xDD, 0xFB, 0x71, 0xFB, 0xDD, 0xFF, 0x77, 0xFF, 0xD5, 0xFF, 0x77, 0xEF, 0xC5, 0xEF, 0x77, 0xFF, 0xDD, 0xFF, 0x77,
    0xFF, 0xDD, 0x8B, 0x00, 0x03, 0x20, 0x00, 0x00, 0x02, 0x83, 0x00, 0x00, 0x04, 0x8C, 0x00, 0x00, 0x04, 0x85, 0x00, 0x04, 0x01, 0x00, 0x01, 0x00,
    0x01, 0x82, 0x00, 0x01, 0x08, 0x08, 0x82, 0x00, 0x04, 0x04, 0x00, 0x00, 0x81, 0x00, 0x82, 0x01, 0x33, 0x03, 0x01, 0x03, 0x01, 0x03, 0x01, 0x03,
    0x01, 0x03, 0x01, 0x03, 0x01, 0x03, 0x01, 0x83, 0x01, 0x03, 0x01, 0x83, 0x01, 0x23, 0x43, 0xE3, 0x45, 0xE3, 0x67, 0xE7, 0xC5, 0xE3, 0x61, 0xE9,
    0xC5, 0xEB, 0x51, 0xEF, 0xDD, 0xFF, 0x77, 0xFF, 0xFD, 0xBF, 0x37, 0xBF, 0x55, 0xBF, 0x77, 0xFF, 0xDD, 0xFF, 0x77, 0xFF, 0xDD, 0x00, 0x9A, 0x00,
    0x02, 0x04, 0x00, 0x10, 0x84, 0x00, 0x00, 0x20, 0x91, 0x00, 0x7F, 0x08, 0x10, 0x08, 0x00, 0x08, 0x00, 0x08, 0x10, 0x18, 0x10, 0x38, 0x10, 0x38,
    0x14, 0x38, 0x10, 0x28, 0x10, 0x20, 0x00, 0x28, 0x04, 0x28, 0x14, 0x3E, 0x1C, 0x3A, 0x14, 0x1E, 0x14, 0x3E, 0x16, 0x3E, 0x1C, 0x3E, 0x36, 0x7E,
    0x5C, 0x7E, 0x76, 0xFE, 0x5C, 0xFE, 0x74, 0xFC, 0xDC, 0xFE, 0x75, 0xFF, 0xDD, 0xFF, 0x77, 0xFF, 0xD5, 0xFF, 0x77, 0xEF, 0xC5, 0xEF, 0x77, 0xFF,
    0xDD, 0xFF, 0x77, 0xFF, 0xDD, 0xFF, 0x17, 0x78, 0xC0, 0x60, 0x40, 0xE8, 0x40, 0xF0, 0x50, 0xF8, 0x50, 0xB0, 0x14, 0xA0, 0x00, 0x20, 0x00, 0x20,
    0x00, 0x28, 0x40, 0x68, 0x58, 0x78, 0x50, 0xF8, 0x58, 0x38, 0x10, 0xB8, 0x58, 0xB8, 0x70, 0xF8, 0x50, 0xF8, 0x70, 0xF8, 0x50, 0xF0, 0x70, 0xE8,
    0xC0, 0xE8, 0x40, 0xE8, 0xDC, 0xF8, 0x50, 0xF8, 0xDC, 0xB8, 0x10, 0xB9, 0x15, 0x3C, 0x34, 0x3C, 0x5C, 0x7C, 0x74, 0x45, 0xFC, 0x5C, 0xFC, 0x74,
    0xFC, 0xDC, 0xF8, 0x70, 0xF8, 0xD8, 0xF8, 0x70, 0xFA, 0xDC, 0xFA, 0x74, 0xFE, 0xD4, 0xE6, 0x64, 0xEE, 0xCC, 0xEE, 0x76, 0xFE, 0xDC, 0xFE, 0x57,
    0xFE, 0xDD, 0xBE, 0x17, 0xBE, 0x5D, 0xBE, 0x77, 0xFE, 0xDE, 0xFE, 0x76, 0xFE, 0xDC, 0xFE, 0x74, 0xFC, 0xDD, 0xFF, 0x75, 0xFF, 0xDD, 0xFF, 0x77,
    0xFF, 0xD5, 0xFF, 0x77, 0xFF, 0xD5, 0xFF, 0xF7, 0xFF, 0xDD, 0xFF, 0x77, 0xFF, 0xDD, 0xFF, 0x77, 0x00, 0x40, 0x80, 0x00, 0x09, 0x40, 0x00, 0x00,
    0x80, 0x02, 0x80, 0x00, 0x80, 0x00, 0x01, 0x80, 0x00, 0x6D, 0x20, 0x00, 0x20, 0x40, 0x21, 0x40, 0xE0, 0x40, 0x60, 0x40, 0xE0, 0x40, 0xE0, 0x40,
    0xE0, 0xD0, 0xE0, 0x70, 0xE0, 0xC0, 0xE0, 0x40, 0xE0, 0x40, 0xE0, 0x40, 0xE0, 0xC0, 0xE0, 0x40, 0xE0, 0xC0, 0xA0, 0x11, 0xB8, 0x10, 0xB0, 0x10,
    0xB8, 0x50, 0xF8, 0x70, 0xF8, 0x50, 0xF8, 0x70, 0xF8, 0xD0, 0xF8, 0x70, 0xF8, 0xD1, 0xF9, 0x71, 0xF9, 0xD1, 0xFB, 0x71, 0xF3, 0xD1, 0xA3, 0x71,
    0xEB, 0xD5, 0xEF, 0x77, 0xFF, 0xDF, 0xFF, 0x77, 0xFF, 0xDD, 0xFF, 0x55, 0xFF, 0xDD, 0xFF, 0x77, 0xFF, 0xDD, 0xFF, 0x77, 0xFE, 0xDD, 0xFE, 0x74,
    0xFF, 0xDD, 0xFF, 0x75, 0xFF, 0xDD, 0xFF, 0x77, 0xFF, 0xDD, 0xFF, 0x57, 0xBF, 0xDD, 0xBF, 0x77, 0xFF, 0xDD, 0xFF, 0x77, 0xFF, 0xDD, 0xFF, 0x77,
    0x82, 0x00, 0x02, 0x10, 0x00, 0x02, 0x87, 0x00, 0x00, 0x08, 0x84, 0x00, 0x00, 0x01, 0x83, 0x00, 0x1F, 0x04, 0x00, 0x01, 0x00, 0x01, 0x00, 0x01,
    0x00, 0x02, 0x00, 0x01, 0x00, 0x01, 0x00, 0x01, 0x00, 0x01, 0x00, 0x01, 0x10, 0x11, 0x00, 0x01, 0x00, 0x01, 0x01, 0x09, 0x00, 0x01, 0x02, 0x02,
    0x80, 0x81, 0x00, 0x08, 0x01, 0x03, 0x01, 0x03, 0x01, 0x03, 0x01, 0x03, 0x01, 0x80, 0x03, 0x00, 0x01, 0x80, 0x03, 0x2A, 0x05, 0x03, 0x03, 0x02,
    0x04, 0x02, 0x01, 0x00, 0x01, 0x83, 0x01, 0x83, 0xC1, 0x83, 0x43, 0xE3, 0xC1, 0xA3, 0x43, 0xE3, 0xC5, 0xE7, 0x47, 0xEF, 0xC5, 0xEF, 0x47, 0xEF,
    0xDD, 0x9F, 0x17, 0x9F, 0x9D, 0xBF, 0x37, 0xFF, 0xDD, 0xFF, 0x77, 0xFF, 0xDD, 0xFE, 0x76, 0x00, 0x83, 0x00, 0x00, 0x01, 0x8B, 0x00, 0x00, 0x02,
    0x82, 0x00, 0x00, 0x10, 0x83, 0x00, 0x00, 0x10, 0x92, 0x00, 0x7F, 0x10, 0x00, 0x08, 0x00, 0x08, 0x00, 0x08, 0x00, 0x08, 0x10, 0x18, 0x18, 0x38,
    0x10, 0x38, 0x10, 0x38, 0x10, 0x30, 0x10, 0x20, 0x00, 0x20, 0x04, 0xA8, 0x04, 0xAC, 0x4C, 0xAE, 0x14, 0x0E, 0x1C, 0x1E, 0x14, 0x3E, 0x1C, 0x3E,
    0x36, 0x3E, 0x5C, 0x3E, 0x76, 0x7E, 0x5C, 0x7E, 0x74, 0xFC, 0xDC, 0xFC, 0x74, 0xFE, 0xDD, 0xFF, 0x77, 0xFB, 0xD9, 0xFB, 0x73, 0xFF, 0xD5, 0xFF,
    0x77, 0xFF, 0xDD, 0xFF, 0x77, 0xFF, 0xDD, 0xFF, 0x57, 0xFF, 0xDD, 0x60, 0x60, 0xE0, 0x41, 0xE0, 0x40, 0xE0, 0xC0, 0xE0, 0x40, 0x88, 0x00, 0x80,
    0x10, 0x80, 0x10, 0x34, 0x30, 0x38, 0x50, 0x78, 0x70, 0x78, 0x50, 0x78, 0x70, 0xF8, 0x58, 0xF8, 0x70, 0xF8, 0xD8, 0xF8, 0x70, 0xF8, 0xD0, 0xF0,
    0x70, 0xE0, 0xC0, 0xE0, 0x60, 0xE8, 0xC0, 0xE8, 0x50, 0xE8, 0xDE, 0xD8, 0x50, 0x98, 0x18, 0xB8, 0x10, 0xB8, 0x5C, 0x52, 0xF8, 0x74, 0xFC, 0x5C,
    0xFC, 0x74, 0xFC, 0x5C, 0xF8, 0x74, 0xF8, 0xDC, 0xF8, 0x70, 0xF8, 0xD8, 0xF8, 0x70, 0xF8, 0xD0, 0xF2, 0x70, 0xFE, 0xD4, 0xFE, 0x76, 0xFE, 0xDC,
    0xFE, 0x74, 0xFE, 0xDC, 0xFE, 0x54, 0xFE, 0xDC, 0xFE, 0x76, 0xFE, 0xDC, 0xFE, 0xF6, 0xFE, 0xDC, 0xFE, 0xF4, 0xFE, 0xDC, 0xFE, 0x75, 0xFF, 0xDD,
    0xFF, 0x77, 0xFF, 0xDD, 0xFF, 0x5F, 0xFF, 0xDD, 0xBF, 0x7F, 0xFF, 0xDD, 0xFF, 0x77, 0xFF, 0x5D, 0xFF, 0x77, 0xFF, 0xDD, 0x00, 0x00, 0x20, 0x04,
    0x00, 0x00, 0x80, 0x00, 0x00, 0x01, 0x80, 0x84, 0x00, 0x6E, 0x20, 0x01, 0x20, 0x00, 0x20, 0x40, 0x20, 0x40, 0xE0, 0x40, 0xE0, 0x40, 0xE0, 0xC0,
    0xE0, 0x40, 0xE0, 0xC0, 0xA0, 0x01, 0x80, 0x00, 0xA0, 0x01, 0xA0, 0x41, 0xE0, 0x41, 0xE0, 0x40, 0xA0, 0x40, 0xC0, 0x40, 0xA0, 0x51, 0xF0, 0xD1,
    0xF1, 0x71, 0xF0, 0xD1, 0xF0, 0x70, 0xF0, 0x50, 0xE0, 0x70, 0xE0, 0xC1, 0xE1, 0x71, 0xE9, 0xD1, 0xEB, 0x51, 0xEB, 0xD1, 0x83, 0x11, 0xBB, 0xD1,
    0xBB, 0x77, 0xFF, 0x5D, 0xFF, 0x77, 0xFF, 0x5D, 0xFE, 0x75, 0xFE, 0xDD, 0xFF, 0x75, 0xFF, 0xDD, 0xFB, 0x71, 0xFB, 0xD1, 0xFB, 0x73, 0xF3, 0xD5,
    0xFF, 0x77, 0xFF, 0xDD, 0xFF, 0x77, 0xEF, 0xDD, 0xFF, 0x57, 0xDF, 0xDD, 0xBF, 0x77, 0xFF, 0xDD, 0xFF, 0x77, 0xFF, 0x5D, 0xFF, 0x77, 0xFE, 0xDC,
    0x02, 0x89, 0x00, 0x00, 0x08, 0x83, 0x00, 0x00, 0x01, 0x83, 0x00, 0x00, 0x04, 0x82, 0x00, 0x02, 0x01, 0x00, 0x05, 0x87, 0x01, 0x00, 0x11, 0x84,
    0x00, 0x00, 0x10, 0x81, 0x01, 0x01, 0x05, 0x85, 0x80, 0x01, 0x03, 0x03, 0x01, 0x03, 0x01, 0x80, 0x03, 0x04, 0x01, 0x03, 0x01, 0x03, 0x01, 0x80,
    0x03, 0x00, 0x01, 0x80, 0x03, 0x2C, 0x05, 0x03, 0x07, 0x06, 0x04, 0x02, 0x04, 0x06, 0x04, 0x06, 0x05, 0x87, 0x05, 0x83, 0x01, 0x83, 0x81, 0x83,
    0x03, 0x83, 0x85, 0x87, 0x87, 0xEF, 0xC5, 0xEF, 0x47, 0xEF, 0x4D, 0xEF, 0x47, 0xCF, 0xDD, 0xFF, 0x57, 0xFF, 0xDD, 0xFF, 0x77, 0xFF, 0xDD, 0xFF,
    0x77, 0xFE, 0xDD, 0x00, 0x89, 0x00, 0x00, 0x04, 0x86, 0x00, 0x00, 0x20, 0x81, 0x00, 0x00, 0x08, 0x92, 0x00, 0x7F, 0x20, 0x00, 0x08, 0x00, 0x00,
    0x10, 0x08, 0x10, 0x20, 0x10, 0x28, 0x10, 0x20, 0x10, 0x28, 0x10, 0x68, 0x10, 0x28, 0x10, 0x38, 0x10, 0x28, 0x10, 0x60, 0x10, 0x60, 0x10, 0x70,
    0x10, 0x3C, 0x14, 0x2C, 0x14, 0x2C, 0x0C, 0x2C, 0x14, 0x3C, 0x5C, 0x3E, 0x54, 0xFE, 0x5C, 0xFE, 0x74, 0xFE, 0x5C, 0xFA, 0x74, 0xFE, 0x54, 0xFE,
    0x74, 0xFE, 0xDC, 0xFE, 0x74, 0xFE, 0xDD, 0xFF, 0x55, 0xFF, 0xDD, 0xFF, 0x77, 0xFF, 0xDD, 0xFF, 0x77, 0xFF, 0x5D, 0xFF, 0x77, 0xFF, 0x5D, 0xFF,
    0x77, 0xFF, 0x40, 0xA0, 0x60, 0xE0, 0x40, 0xE0, 0x40, 0xE0, 0x40, 0x80, 0x04, 0x88, 0x00, 0xB0, 0xB0, 0xB8, 0x50, 0xB8, 0x30, 0xB8, 0x50, 0x30,
    0x70, 0xF0, 0x50, 0xF0, 0x70, 0xF8, 0xD0, 0xF8, 0x70, 0xF8, 0xD0, 0xF8, 0x50, 0xE8, 0xD0, 0xB0, 0x54, 0xF8, 0xD0, 0xF8, 0x70, 0xF8, 0x50, 0xE8,
    0x50, 0xE8, 0x58, 0x4E, 0xF8, 0x50, 0xF8, 0xD8, 0xF8, 0x70, 0xF8, 0xD8, 0xF8, 0x70, 0xF8, 0xD0, 0xF8, 0x70, 0xF8, 0xD0, 0xF8, 0x74, 0xFC, 0xDC,
    0xF8, 0x70, 0xE8, 0xC8, 0xE8, 0x50, 0xF8, 0xDC, 0xFC, 0x74, 0xFE, 0xDC, 0xBE, 0x74, 0xFE, 0x5C, 0x7E, 0x76, 0xFE, 0x5C, 0xFE, 0x74, 0xFE, 0xDC,
    0xFE, 0x74, 0xFC, 0xDC, 0xFA, 0x70, 0xFA, 0xD1, 0xFB, 0x77, 0xFF, 0xDD, 0xFF, 0x77, 0xEF, 0xCD, 0xEF, 0xC7, 0xEF, 0xDD, 0xFF, 0x57, 0xFF, 0xDD,
    0xFF, 0x77, 0xFF, 0xDD, 0xFF, 0x77, 0xFF, 0x5D, 0xFE, 0x77, 0xFF, 0x88, 0x00, 0x00, 0x10, 0x80, 0x00, 0x0F, 0x80, 0x00, 0x80, 0x00, 0x80, 0x00,
    0x80, 0x00, 0x80, 0x44, 0xA0, 0x40, 0xE0, 0x40, 0xE0, 0x40, 0x80, 0xC0, 0x5D, 0x41, 0x80, 0xC1, 0xC1, 0x01, 0xC1, 0x81, 0xE1, 0x01, 0xA1, 0x01,
    0x20, 0x00, 0xA0, 0x40, 0x21, 0x40, 0xE0, 0x40, 0xE0, 0x71, 0xE0, 0xD1, 0xE1, 0x71, 0xE1, 0xD1, 0xE1, 0x71, 0xE1, 0xD1, 0xE3, 0x71, 0xE3, 0xC9,
    0xE3, 0x41, 0xE3, 0xC1, 0xC3, 0x41, 0xCB, 0xD1, 0xFB, 0x53, 0xFB, 0xDD, 0xBB, 0x73, 0xBB, 0x55, 0x7A, 0x76, 0xFE, 0x54, 0xFE, 0x75, 0xFE, 0xDD,
    0xFF, 0x75, 0xF9, 0xD9, 0xFB, 0x71, 0xFB, 0xD1, 0xFB, 0x77, 0xFF, 0xD5, 0xFF, 0x77, 0xFF, 0xDD, 0xEF, 0x77, 0xEF, 0xDF, 0xFF, 0x77, 0xFF, 0xDD,
    0xFF, 0x77, 0xFF, 0xDD, 0xFF, 0x77, 0xFF, 0xDD, 0xFF, 0x77, 0xFF, 0x84, 0x00, 0x00, 0x10, 0x81, 0x00, 0x00, 0x01, 0x84, 0x00, 0x00, 0x04, 0x83,
    0x00, 0x03, 0x04, 0x00, 0x00, 0x01, 0x82, 0x00, 0x01, 0x01, 0x00, 0x84, 0x01, 0x02, 0x00, 0x00, 0x08, 0x84, 0x00, 0x01, 0x84, 0x05, 0x83, 0x01,
    0x01, 0x03, 0x01, 0x80, 0x03, 0x00, 0x01, 0x80, 0x03, 0x00, 0x01, 0x80, 0x03, 0x04, 0x05, 0x03, 0x07, 0x07, 0x05, 0x80, 0x03, 0x08, 0x01, 0x03,
    0x01, 0x03, 0x01, 0x03, 0x07, 0x07, 0x05, 0x80, 0x07, 0x1F, 0x05, 0x03, 0x05, 0x8F, 0x05, 0x8F, 0x07, 0x8F, 0x8D, 0x8F, 0x07, 0x8F, 0x0D, 0x2F,
    0x17, 0x2F, 0x5D, 0x7F, 0x77, 0xFF, 0xDD, 0xFF, 0x77, 0xFF, 0xDD, 0xFF, 0x75, 0xFB, 0xDD, 0xFB, 0x77, 0xFF, 0x00, 0x02, 0x00, 0x00, 0x08, 0x8B,
    0x00, 0x03, 0x40, 0x00, 0x00, 0x08, 0x91, 0x00, 0x00, 0x20, 0x88, 0x00, 0x7F, 0x08, 0x10, 0x08, 0x10, 0x08, 0x90, 0x30, 0x10, 0x30, 0x10, 0x30,
    0x10, 0x20, 0x00, 0x20, 0x00, 0x28, 0x00, 0x08, 0x00, 0x08, 0x10, 0x18, 0x10, 0x38, 0x1C, 0x38, 0x14, 0x3C, 0x14, 0x3C, 0xB4, 0x3C, 0xDC, 0x7C,
    0xF4, 0xFC, 0x5C, 0xFC, 0x74, 0xFC, 0x5C, 0xF8, 0x70, 0xF8, 0xD8, 0xFA, 0x72, 0xFE, 0xD4, 0xFE, 0x76, 0xFE, 0xC4, 0xEE, 0x67, 0xEE, 0xCD, 0xFF,
    0x57, 0xFF, 0xDD, 0xFF, 0x77, 0xFF, 0xDD, 0xBF, 0x37, 0xBF, 0x5D, 0xFF, 0x77, 0xFF, 0xDD, 0xFF, 0x10, 0xA0, 0x00, 0xA4, 0x00, 0x20, 0x00, 0x20,
    0x00, 0x60, 0xC0, 0x60, 0x70, 0xF8, 0x50, 0xF8, 0x70, 0xF8, 0x50, 0xF0, 0x70, 0xF0, 0xD0, 0xF0, 0x70, 0xF0, 0xD0, 0xF0, 0x70, 0xE0, 0xD0, 0xE0,
    0x40, 0xE8, 0xC0, 0xE8, 0x50, 0xF8, 0xD0, 0xB8, 0x10, 0xB8, 0x10, 0xB8, 0x30, 0x38, 0x50, 0x78, 0x70, 0xF8, 0x58, 0xF8, 0x70, 0x4A, 0xF8, 0xD8,
    0xF8, 0x70, 0xF8, 0xD8, 0xF8, 0x70, 0xF8, 0xD0, 0xF8, 0x70, 0xF8, 0xD0, 0xF0, 0x60, 0xEC, 0xC4, 0xEC, 0x44, 0xEC, 0xDC, 0xFC, 0x54, 0xFC, 0xDC,
    0xFC, 0x76, 0xBE, 0x1C, 0xBE, 0x74, 0xFE, 0xDC, 0xFE, 0x74, 0xFE, 0xDC, 0xFE, 0x74, 0xFC, 0xDC, 0xF8, 0x70, 0xF8, 0xDD, 0xFB, 0xF7, 0xFF, 0xDD,
    0xFF, 0xF7, 0xFF, 0xD5, 0xFF, 0x77, 0xFF, 0xDD, 0xFF, 0x77, 0xFF, 0xDD, 0xFF, 0x77, 0xFF, 0xDD, 0xFF, 0xF7, 0xFF, 0xDD, 0xFF, 0x77, 0xFF, 0xDD,
    0xFF, 0x82, 0x00, 0x02, 0x80, 0x00, 0x08, 0x83, 0x00, 0x73, 0x40, 0x00, 0x40, 0x88, 0x40, 0x80, 0x00, 0x80, 0x40, 0x80, 0x01, 0x80, 0xC1, 0xA0,
    0x01, 0x80, 0x40, 0x80, 0x00, 0x80, 0x40, 0x80, 0x41, 0xC1, 0x41, 0x81, 0x01, 0x81, 0x01, 0xA3, 0x01, 0xA0, 0x00, 0x20, 0x60, 0xE0, 0x40, 0xE0,
    0x60, 0xE0, 0xC0, 0xE0, 0x40, 0xE0, 0xC1, 0xF1, 0x41, 0xE1, 0xC1, 0xE3, 0x51, 0xE3, 0xC1, 0xE3, 0x03, 0xE3, 0x41, 0x63, 0x43, 0xEB, 0x51, 0xFB,
    0x73, 0xFB, 0xDD, 0xFB, 0x71, 0xFB, 0xD9, 0xFB, 0x71, 0xFB, 0xD1, 0xFB, 0x73, 0xFB, 0xD5, 0xFB, 0x77, 0xEF, 0xC5, 0xEB, 0x65, 0xEF, 0xCD, 0xFF,
    0x57, 0xFF, 0xDD, 0xFF, 0x57, 0xBF, 0x9D, 0xBF, 0x37, 0xBF, 0x5D, 0xFF, 0x77, 0xFF, 0xDD, 0xFF, 0x77, 0xFF, 0xDD, 0xFF, 0x75, 0xFF, 0xDD, 0xFF,
    0x77, 0xFF, 0xDD, 0xFF, 0x00, 0x40, 0x88, 0x00, 0x00, 0x10, 0x81, 0x00, 0x00, 0x02, 0x82, 0x00, 0x01, 0x01, 0x00, 0x80, 0x01, 0x01, 0x00, 0x01,
    0x86, 0x00, 0x01, 0x01, 0x08, 0x83, 0x00, 0x0E, 0x01, 0x00, 0x81, 0x03, 0x05, 0x02, 0x01, 0x02, 0x01, 0x00, 0x01, 0x03, 0x01, 0x03, 0x01, 0x80,
    0x03, 0x00, 0x01, 0x80, 0x03, 0x0B, 0x01, 0x03, 0x03, 0x07, 0x05, 0x03, 0x07, 0x06, 0x05, 0x02, 0x05, 0x00, 0x80, 0x01, 0x01, 0x03, 0x01, 0x80,
    0x03, 0x04, 0x01, 0x03, 0x03, 0x83, 0x05, 0x80, 0x07, 0x1D, 0x05, 0x0F, 0x07, 0x8F, 0x0D, 0x8F, 0x07, 0x8F, 0x0D, 0x8F, 0x17, 0xBF, 0x1D, 0xBF,
    0x77, 0xFF, 0xDD, 0xFF, 0x77, 0xFE, 0xDC, 0xFE, 0x75, 0xFD, 0xDD, 0xFF, 0x77, 0xFF, 0xDD, 0xFF, 0x00, 0x8A, 0x00, 0x01, 0x80, 0x10, 0x92, 0x00,
    0x00, 0x10, 0x85, 0x00, 0x00, 0x01, 0x82, 0x00, 0x7F, 0x08, 0x00, 0x80, 0x00, 0x08, 0x00, 0x00, 0x10, 0x08, 0x10, 0x30, 0x10, 0x20, 0x00, 0x20,
    0x00, 0x20, 0x00, 0x20, 0x00, 0x08, 0x04, 0x28, 0x14, 0x0C, 0x1C, 0x58, 0x14, 0x58, 0x1C, 0x78, 0x14, 0x3C, 0x1C, 0x3E, 0x74, 0x7E, 0x5C, 0x7C,
    0x74, 0xFC, 0x5C, 0xF8, 0x74, 0xF8, 0xDC, 0xFA, 0x74, 0xFE, 0xDC, 0xFA, 0x76, 0xFE, 0xD4, 0xB6, 0x77, 0xFE, 0x5D, 0xFF, 0x77, 0xFF, 0xDD, 0xFF,
    0x77, 0xFF, 0xDD, 0xFF, 0x77, 0xFF, 0xDD, 0xFF, 0x77, 0xFF, 0xDD, 0xFF, 0x77, 0xFF, 0x40, 0x80, 0x10, 0x80, 0x90, 0x20, 0x10, 0x70, 0x10, 0x30,
    0x70, 0xF8, 0x50, 0xF0, 0x70, 0xF8, 0x50, 0xF0, 0x50, 0xF8, 0xD0, 0xF0, 0x70, 0xF8, 0xF0, 0xF0, 0x70, 0xE0, 0xC0, 0xE0, 0x40, 0xE0, 0x40, 0xE8,
    0x40, 0xE8, 0xD8, 0xF8, 0x50, 0xF8, 0xD8, 0xB8, 0x10, 0xB8, 0x18, 0xB8, 0x70, 0xF8, 0x58, 0xF8, 0x70, 0x4C, 0xF8, 0xD0, 0xF8, 0x70, 0xF8, 0xD0,
    0xF8, 0x70, 0xF8, 0xD8, 0xF8, 0x70, 0xF8, 0xD0, 0xF8, 0x70, 0xB8, 0xD4, 0xB8, 0x74, 0xFC, 0x5C, 0xFC, 0x74, 0xFE, 0xDE, 0xFC, 0x74, 0xFC, 0xDC,
    0xFC, 0x74, 0xFC, 0xDC, 0xFE, 0x74, 0xFE, 0xDC, 0xFE, 0x74, 0xFE, 0xD4, 0xFE, 0x75, 0xEE, 0xDC, 0xFF, 0xF7, 0xFF, 0xDD, 0xFF, 0x57, 0xFF, 0xDD,
    0xBF, 0x77, 0xFF, 0xDD, 0xFF, 0x77, 0xFF, 0xDD, 0xFF, 0x77, 0xFE, 0xDD, 0xFE, 0x75, 0xFF, 0xDF, 0xFF, 0x77, 0xFF, 0xDD, 0xFF, 0x77, 0xFF, 0x81,
    0x00, 0x00, 0x08, 0x82, 0x00, 0x30, 0x10, 0x00, 0xC0, 0x00, 0x00, 0x80, 0x40, 0x80, 0x40, 0xC0, 0x40, 0x80, 0x40, 0xC0, 0xC1, 0x80, 0x01, 0x80,
    0x01, 0x80, 0x01, 0x80, 0x00, 0x20, 0x00, 0xA0, 0x40, 0xA0, 0x44, 0xE0, 0x40, 0xA0, 0x60, 0xA0, 0x60, 0xA0, 0x61, 0xE0, 0xC1, 0xE1, 0x61, 0xE0,
    0xC0, 0xE0, 0x60, 0xE0, 0xC0, 0xE0, 0x41, 0x80, 0xE1, 0x41, 0x61, 0xE3, 0xE1, 0x83, 0x11, 0x83, 0x11, 0xB3, 0x13, 0xBB, 0x51, 0xFB, 0x73, 0xFB,
    0x55, 0xFA, 0x70, 0xF8, 0xD0, 0xF8, 0x71, 0xF9, 0xD9, 0xFB, 0x71, 0xFB, 0xD1, 0xFB, 0x73, 0xF3, 0xD1, 0xE3, 0x67, 0xEF, 0xC5, 0xEF, 0x77, 0xEF,
    0xDD, 0xFF, 0x57, 0xFF, 0xDD, 0xBF, 0x17, 0xBF, 0xDD, 0xFF, 0x77, 0xFF, 0xDD, 0xFF, 0x77, 0xFE, 0xDC, 0xFE, 0x74, 0xFE, 0xDD, 0xFF, 0x75, 0xFF,
    0xDD, 0xFF, 0x77, 0xFF, 0x84, 0x00, 0x00, 0x20, 0x8D, 0x00, 0x06, 0x01, 0x02, 0x01, 0x00, 0x01, 0x00, 0x01, 0x80, 0x00, 0x01, 0x01, 0x04, 0x87,
    0x00, 0x84, 0x01, 0x0F, 0x03, 0x01, 0x03, 0x01, 0x03, 0x01, 0x03, 0x01, 0x03, 0x01, 0x03, 0x01, 0x03, 0x01, 0x03, 0x05, 0x80, 0x03, 0x00, 0x01,
    0x80, 0x03, 0x05, 0x01, 0x02, 0x00, 0x02, 0x00, 0x00, 0x80, 0x01, 0x2A, 0x03, 0x01, 0x03, 0x01, 0x43, 0x03, 0x03, 0x01, 0x03, 0x07, 0x07, 0x05,
    0x07, 0x07, 0x0F, 0x05, 0x0F, 0x07, 0x8F, 0x0D, 0x8F, 0x07, 0x8F, 0xDD, 0xBF, 0x57, 0xFF, 0xDD, 0xFF, 0x77, 0xFF, 0xD5, 0xFF, 0x77, 0xFF, 0xD5,
    0xFF, 0x77, 0xFF, 0xDD, 0xFF, 0x77, 0xFF, 0x00, 0x84, 0x00, 0x00, 0x10, 0x92, 0x00, 0x00, 0x08, 0x88, 0x00, 0x00, 0x01, 0x8C, 0x00, 0x00, 0x08,
    0x80, 0x00, 0x00, 0x08, 0x84, 0x00, 0x7F, 0x08, 0x44, 0x2C, 0x54, 0x2C, 0x4C, 0x2C, 0x14, 0x0C, 0x1C, 0x38, 0x14, 0x3C, 0x1C, 0x38, 0x34, 0x38,
    0x5C, 0x3A, 0x30, 0x38, 0x54, 0x72, 0x74, 0xEE, 0x54, 0xFE, 0x74, 0xEE, 0xDC, 0xFE, 0x57, 0xDE, 0xDD, 0x9F, 0x17, 0xBF, 0x9D, 0xBF, 0x77, 0xFF,
    0x5D, 0xFF, 0x77, 0xFE, 0x5C, 0xFE, 0x76, 0xFE, 0xDD, 0xFF, 0x77, 0xFF, 0xDD, 0xFF, 0x77, 0xFB, 0xD9, 0xFB, 0x00, 0x08, 0x10, 0x18, 0x10, 0xB8,
    0x50, 0x38, 0x71, 0xF8, 0x50, 0x70, 0x70, 0xF0, 0x50, 0x60, 0x70, 0xE8, 0x40, 0xE8, 0x70, 0xE8, 0xD0, 0xE8, 0x50, 0xE8, 0xD0, 0xA0, 0x10, 0xA8,
    0x10, 0xB8, 0x70, 0xF8, 0x58, 0x78, 0x70, 0x78, 0x58, 0x78, 0x50, 0xF8, 0x58, 0xF8, 0x70, 0xF8, 0xD8, 0xF8, 0x70, 0xF8, 0xD0, 0xF0, 0x70, 0xF0,
    0xD0, 0xF0, 0x70, 0xEC, 0xDC, 0xEC, 0x74, 0xEC, 0xDC, 0xC8, 0x54, 0x98, 0x9C, 0xBC, 0x35, 0x3E, 0xBF, 0xDC, 0xFE, 0x74, 0xFE, 0x5C, 0x7E, 0x74,
    0xFC, 0x5C, 0xFC, 0x74, 0xFC, 0xDC, 0xFC, 0x74, 0xFC, 0xDE, 0xFA, 0x70, 0xFA, 0xD0, 0xF2, 0x76, 0xFE, 0xD5, 0xFF, 0x77, 0xFF, 0xDF, 0xFF, 0x57,
    0xFF, 0xDF, 0xFF, 0x57, 0xFF, 0xDD, 0xFF, 0x77, 0xFF, 0xDD, 0xFF, 0x77, 0xFF, 0x5C, 0xFE, 0x76, 0xFE, 0xDD, 0xFF, 0xF7, 0xFF, 0xDD, 0xFF, 0x77,
    0xFF, 0xDD, 0xFB, 0x04, 0x00, 0x00, 0x40, 0x82, 0x00, 0x77, 0x80, 0x40, 0xA0, 0x00, 0xA0, 0x00, 0x20, 0x00, 0xE0, 0x40, 0xE0, 0x41, 0xC0, 0x40,
    0x80, 0x00, 0x80, 0x00, 0x80, 0x00, 0x80, 0x00, 0xA0, 0x00, 0xA0, 0x01, 0x60, 0x20, 0x60, 0x40, 0x60, 0x60, 0xE0, 0xC0, 0xE0, 0x60, 0xE0, 0xD0,
    0xE0, 0x71, 0xE0, 0xD1, 0xE0, 0x41, 0xE0, 0xC1, 0xE1, 0x61, 0xE1, 0xC1, 0xE1, 0x41, 0xE1, 0xC1, 0xE1, 0x41, 0xC9, 0xD1, 0xB9, 0x51, 0xFB, 0xD9,
    0xFB, 0x71, 0xFB, 0x51, 0xFA, 0x70, 0xFA, 0x50, 0xF8, 0x70, 0xF8, 0xDD, 0xFB, 0x71, 0xFB, 0xD9, 0xFB, 0x51, 0xFB, 0xD1, 0xFB, 0x73, 0xFF, 0xD5,
    0xFF, 0x77, 0xFF, 0xDD, 0xFF, 0x77, 0xFF, 0x5D, 0xFF, 0x77, 0xFF, 0xDD, 0xFF, 0x77, 0xFF, 0xDD, 0xFF, 0x77, 0xFF, 0xDD, 0xFB, 0x77, 0xFF, 0xDD,
    0xFF, 0x77, 0xFF, 0xDD, 0xFF, 0x77, 0xFF, 0xDD, 0xFF, 0x40, 0x8E, 0x00, 0x00, 0x01, 0x87, 0x00, 0x00, 0x02, 0x8C, 0x00, 0x00, 0x04, 0x86, 0x01,
    0x48, 0x03, 0x01, 0x03, 0x01, 0x03, 0x01, 0x03, 0x01, 0x02, 0x00, 0x02, 0x00, 0x02, 0x01, 0x03, 0x01, 0x03, 0x01, 0x03, 0x01, 0x03, 0x01, 0x02,
    0x01, 0x03, 0x01, 0x03, 0x01, 0x43, 0x03, 0x03, 0x05, 0x03, 0x01, 0x03, 0x05, 0x03, 0x03, 0x07, 0x05, 0x07, 0x07, 0x87, 0x05, 0x07, 0x07, 0x0F,
    0x04, 0x0E, 0x46, 0xEE, 0x4D, 0xEF, 0x77, 0xFF, 0xDD, 0xFF, 0x75, 0xFB, 0xD9, 0xFB, 0x73, 0xFB, 0xD5, 0xFF, 0x77, 0xFF, 0xDD, 0xFF, 0x77, 0xEF,
    0xCD, 0xEF, 0x00, 0x02, 0x00, 0x00, 0x20, 0x91, 0x00, 0x00, 0x04, 0x8A, 0x00, 0x00, 0x02, 0x96, 0x00, 0x7F, 0x88, 0x80, 0x08, 0x00, 0x08, 0x04,
    0x08, 0x14, 0x0C, 0x14, 0x08, 0x14, 0x0C, 0x14, 0x2C, 0x14, 0x3C, 0x9C, 0x3C, 0x94, 0x38, 0x98, 0x38, 0x10, 0x38, 0x10, 0x32, 0x30, 0x3A, 0x54,
    0x3E, 0x76, 0xEE, 0x44, 0x2E, 0x46, 0xEE, 0x4D, 0x8F, 0x17, 0xBF, 0xDD, 0xBF, 0x77, 0xBF, 0xDD, 0xBF, 0x77, 0xFE, 0x5C, 0x7E, 0x76, 0xFE, 0xDC,
    0xFE, 0x7F, 0xFF, 0xDD, 0xFF, 0x75, 0xFF, 0xDD, 0xFB, 0x73, 0xFB, 0x00, 0x28, 0x10, 0x38, 0x58, 0x39, 0x70, 0x78, 0x50, 0x78, 0x30, 0x38, 0x50,
    0x30, 0x70, 0xE0, 0x50, 0x60, 0x70, 0xE8, 0x40, 0xE8, 0x40, 0xC8, 0x40, 0x88, 0x10, 0x88, 0x18, 0xB8, 0x10, 0xB8, 0x1C, 0x38, 0x30, 0x38, 0x5C,
    0x38, 0x74, 0x7C, 0x5C, 0xF8, 0x74, 0xFC, 0xDC, 0xF8, 0x70, 0xF8, 0xD8, 0xF8, 0x70, 0xF8, 0xD0, 0xF0, 0x70, 0xFC, 0xD4, 0xFC, 0x74, 0xEC, 0x4C,
    0xEC, 0x44, 0x56, 0xCC, 0x5C, 0xFE, 0x54, 0xFE, 0xDC, 0xFE, 0x74, 0xFE, 0x5C, 0xFE, 0x74, 0xFE, 0x5C, 0xFE, 0x76, 0xFE, 0xDC, 0xFE, 0x74, 0xFE,
    0xDC, 0xF8, 0x70, 0xFA, 0xD8, 0xFA, 0x73, 0xFF, 0xDD, 0xFF, 0x77, 0xFF, 0xDD, 0xFF, 0x77, 0xFE, 0x5D, 0xFE, 0x77, 0xFF, 0xDF, 0xFF, 0x77, 0xFF,
    0xDD, 0xFF, 0x77, 0xFF, 0xDD, 0xFF, 0x77, 0xFF, 0xDD, 0xFF, 0x77, 0xFF, 0xDD, 0xFF, 0x77, 0xFF, 0xDD, 0xEF, 0x57, 0xFF, 0x00, 0x20, 0x00, 0x20,
    0x40, 0x20, 0x50, 0xE0, 0x40, 0xA0, 0x00, 0x80, 0x80, 0x81, 0x00, 0xA0, 0x40, 0xA0, 0x00, 0xA0, 0x40, 0x20, 0x82, 0x00, 0x64, 0x80, 0x40, 0xA2,
    0x10, 0xA0, 0x50, 0xB0, 0x30, 0xB0, 0x50, 0x30, 0x70, 0xE0, 0x50, 0xE0, 0x70, 0xE0, 0xD0, 0xE0, 0x60, 0xE0, 0xC0, 0xE0, 0x40, 0xE0, 0xD0, 0xA0,
    0x51, 0xF0, 0xD1, 0xB1, 0x71, 0xA8, 0x50, 0x20, 0x40, 0x68, 0x50, 0xF8, 0x70, 0xF8, 0xD9, 0xF8, 0x71, 0xF8, 0xD9, 0xF8, 0x71, 0xF8, 0xD0, 0xF8,
    0x71, 0xFA, 0xD5, 0xFB, 0x75, 0xFF, 0xD5, 0xEB, 0x45, 0xEB, 0xCD, 0xEB, 0x55, 0xFF, 0xDD, 0xFF, 0x77, 0xFF, 0xDD, 0xBF, 0x37, 0xBF, 0x5D, 0x7E,
    0x77, 0xFE, 0xDD, 0xFF, 0x77, 0xFF, 0xDD, 0xFF, 0x75, 0xFF, 0xDD, 0xFB, 0x77, 0xFB, 0xDD, 0xFF, 0x77, 0xFF, 0xDD, 0xFF, 0x77, 0xEF, 0xCD, 0xEF,
    0x47, 0xEF, 0x94, 0x00, 0x00, 0x01, 0x8F, 0x00, 0x00, 0x02, 0x84, 0x00, 0x88, 0x01, 0x86, 0x00, 0x01, 0x01, 0x00, 0x82, 0x01, 0x03, 0x03, 0x21,
    0x03, 0x01, 0x80, 0x03, 0x00, 0x01, 0x80, 0x03, 0x27, 0x01, 0x03, 0x03, 0x83, 0x05, 0x83, 0x07, 0x87, 0x05, 0x83, 0x17, 0x87, 0x05, 0x23, 0x47,
    0xEE, 0x45, 0xEF, 0x77, 0xEF, 0xD5, 0xEF, 0x75, 0xEF, 0xD5, 0xEB, 0x51, 0xFB, 0xDD, 0xFF, 0x77, 0xFF, 0xDD, 0xFF, 0x77, 0xFF, 0xDD, 0xFF, 0x77,
    0xFF, 0x00, 0x8D, 0x00, 0x00, 0x01, 0x8E, 0x00, 0x00, 0x20, 0x93, 0x00, 0x01, 0x20, 0x20, 0x83, 0x00, 0x7F, 0x08, 0x00, 0x08, 0x00, 0x08, 0x00,
    0x08, 0x00, 0x48, 0x00, 0x48, 0x00, 0x4C, 0x04, 0x08, 0x04, 0x0C, 0x04, 0x08, 0x00, 0x08, 0x00, 0x0A, 0x10, 0x8A, 0x1D, 0x9B, 0x17, 0xBF, 0x15,
    0xAF, 0x17, 0x2E, 0x0D, 0x2E, 0x17, 0xBE, 0x5D, 0xFF, 0x77, 0xFF, 0xDD, 0xFF, 0x75, 0xFF, 0xDD, 0xFB, 0x77, 0xFF, 0xDD, 0xFF, 0x77, 0xFF, 0xDD,
    0xFF, 0x77, 0xEF, 0xCD, 0xEF, 0x77, 0xFF, 0xDD, 0xFF, 0x11, 0x38, 0x10, 0x38, 0x30, 0x38, 0x10, 0x28, 0x10, 0x28, 0x10, 0x38, 0x10, 0x38, 0x10,
    0x30, 0x10, 0x28, 0x10, 0x20, 0x00, 0x28, 0x04, 0x68, 0x04, 0x2C, 0x5C, 0x3C, 0x14, 0x3C, 0x1C, 0x38, 0x14, 0x38, 0x18, 0x38, 0x30, 0x38, 0x5C,
    0x78, 0x74, 0x7C, 0x5C, 0x7C, 0x74, 0xE8, 0x44, 0xE8, 0x50, 0xE8, 0x5C, 0xFA, 0x54, 0xFE, 0x5C, 0xBE, 0x16, 0xBE, 0x14, 0x3E, 0x36, 0x3E, 0x5C,
    0x7E, 0x76, 0x7F, 0xFE, 0x5C, 0xFE, 0x74, 0xFE, 0xDC, 0xFC, 0x74, 0xFA, 0xDC, 0xFA, 0x74, 0xFE, 0xDC, 0xFE, 0x76, 0xFE, 0xD4, 0xEE, 0x64, 0xEE,
    0xCD, 0xEF, 0x57, 0xFF, 0xDD, 0xFF, 0x57, 0xFF, 0xDD, 0xBF, 0x37, 0xBF, 0x1D, 0x3F, 0xF7, 0xFF, 0x5D, 0xFF, 0x77, 0xFE, 0xDD, 0xFE, 0x75, 0xFD,
    0xDD, 0xFB, 0x75, 0xFF, 0xDD, 0xFF, 0x7F, 0xFF, 0xDD, 0xFF, 0x77, 0xFF, 0xC5, 0xEF, 0x77, 0xEF, 0xDD, 0xFF, 0x00, 0x20, 0x40, 0x20, 0x40, 0x61,
    0x40, 0x20, 0x40, 0x00, 0x40, 0x00, 0x00, 0x80, 0x40, 0x80, 0x00, 0xA0, 0x00, 0x20, 0x00, 0x20, 0x00, 0x24, 0x00, 0x68, 0x50, 0x78, 0x70, 0xF8,
    0x50, 0xF8, 0x50, 0xF8, 0x50, 0xB8, 0x70, 0xF8, 0x50, 0xF0, 0x70, 0xF0, 0xF0, 0xE0, 0x60, 0xE0, 0x40, 0xE0, 0x40, 0xE8, 0xC0, 0xE8, 0x50, 0xF8,
    0xD8, 0xB8, 0x10, 0xB8, 0x18, 0x38, 0x30, 0x38, 0x5C, 0x78, 0x74, 0x3E, 0xFC, 0x5C, 0xFC, 0x74, 0xFC, 0xDC, 0xF8, 0x70, 0xF8, 0xD8, 0xF8, 0x71,
    0xFB, 0xD9, 0xFB, 0x71, 0xFB, 0xD5, 0xE7, 0x67, 0xEF, 0xC5, 0xEF, 0x77, 0xFF, 0xDD, 0xFF, 0x77, 0xFF, 0xDD, 0xFF, 0x7F, 0xBF, 0xDD, 0xFF, 0x77,
    0xFF, 0xDD, 0xFF, 0x77, 0xFE, 0xDF, 0xFE, 0x77, 0xFE, 0xDF, 0xFF, 0x75, 0xFF, 0xDD, 0xFF, 0x77, 0xFF, 0xDD, 0xFF, 0x77, 0xFF, 0xDD, 0xFF, 0x77,
    0xFF, 0xDD, 0xFF, 0x9D, 0x00, 0x00, 0x10, 0xA5, 0x00, 0x00, 0x10, 0x82, 0x01, 0x07, 0x03, 0x01, 0x03, 0x01, 0x03, 0x01, 0x03, 0x01, 0x80, 0x03,
    0x25, 0x41, 0x23, 0x43, 0xE3, 0x41, 0xA3, 0x41, 0xE1, 0x41, 0xE3, 0x71, 0xF3, 0xD1, 0xF3, 0x73, 0xF3, 0xD5, 0xF3, 0x77, 0xE7, 0xC5, 0xE7, 0x67,
    0xEF, 0xDD, 0xFF, 0x57, 0xFF, 0xDD, 0xFF, 0x57, 0xBF, 0x9D, 0xBF, 0x37, 0xFF, 0xDD, 0xFF, 0x00, 0x9A, 0x00, 0x00, 0x10, 0x93, 0x00, 0x01, 0x10,
    0x10, 0x94, 0x00, 0x7F, 0x02, 0x00, 0x40, 0x00, 0x42, 0x00, 0x40, 0x04, 0x82, 0x04, 0x8E, 0x45, 0x8F, 0x07, 0x8F, 0x0D, 0x8F, 0x17, 0x8F, 0x1D,
    0x3F, 0x17, 0xBF, 0x1D, 0xBE, 0x77, 0xFE, 0x5C, 0xFE, 0x74, 0xFC, 0xDC, 0xFD, 0x75, 0xFF, 0xDD, 0xFF, 0x77, 0xFF, 0xDD, 0xFB, 0x77, 0xF7, 0xD5,
    0xE7, 0x77, 0xEF, 0xDD, 0xFF, 0x77, 0xFF, 0x10, 0x38, 0x10, 0x28, 0x00, 0x20, 0x00, 0x08, 0x00, 0x08, 0x00, 0x08, 0x00, 0x08, 0x10, 0x08, 0x10,
    0x88, 0x10, 0x08, 0x14, 0x2E, 0x14, 0x2E, 0x1C, 0x3E, 0x14, 0x3C, 0x1C, 0x3C, 0x14, 0x3C, 0x1C, 0x38, 0x10, 0x38, 0x18, 0x3A, 0x30, 0x3A, 0x54,
    0x3A, 0x30, 0x22, 0x44, 0x22, 0x44, 0x6E, 0x4C, 0x6E, 0x54, 0x7E, 0x5C, 0x3E, 0x16, 0x1E, 0x1C, 0x3E, 0x16, 0x3E, 0x1C, 0x3E, 0x76, 0x7E, 0x5C,
    0x7E, 0x76, 0x7E, 0x5C, 0x7C, 0x74, 0xFC, 0xDC, 0xFA, 0x75, 0xFF, 0xDD, 0x7F, 0xFB, 0x73, 0xFB, 0xD5, 0xFB, 0x77, 0xEF, 0x45, 0xEF, 0x77, 0xFF,
    0xDD, 0xFF, 0x77, 0xFF, 0xDD, 0xFF, 0x17, 0xBF, 0xDD, 0xBF, 0x77, 0xFF, 0xDD, 0xFF, 0x77, 0xFF, 0xDD, 0xFE, 0x76, 0xFE, 0xDC, 0xFF, 0x75, 0xFF,
    0xDD, 0xFF, 0x77, 0xFF, 0xDD, 0xFF, 0x7F, 0xFF, 0xD5, 0xFF, 0x77, 0xFF, 0xDD, 0xFF, 0x77, 0xFF, 0x10, 0x30, 0x10, 0x20, 0x00, 0x20, 0x00, 0x20,
    0x00, 0x60, 0x00, 0x48, 0x40, 0x08, 0x00, 0x08, 0x10, 0x08, 0x18, 0x18, 0x10, 0x38, 0x10, 0x38, 0x10, 0xB8, 0x70, 0x78, 0x50, 0x78, 0x70, 0x78,
    0x50, 0x78, 0x70, 0xF8, 0x50, 0xF8, 0x70, 0xF8, 0x50, 0xF0, 0x70, 0xA0, 0x40, 0x60, 0x40, 0xE8, 0x44, 0xEC, 0x74, 0xEC, 0x5C, 0xFC, 0x54, 0xBC,
    0x5C, 0xB8, 0x14, 0xBC, 0x5C, 0xB8, 0x74, 0xFE, 0x5C, 0xFE, 0x74, 0xFC, 0x54, 0xF8, 0x74, 0xFC, 0xDC, 0xF9, 0x75, 0xFE, 0xDD, 0x32, 0xFB, 0x75,
    0xFB, 0xDD, 0xBB, 0x17, 0xBF, 0x55, 0xBF, 0x77, 0xFF, 0x5D, 0xFF, 0x77, 0xFE, 0x5D, 0xFE, 0x75, 0xFE, 0xDD, 0xFF, 0x75, 0xFF, 0xDD, 0xFF, 0x77,
    0xFF, 0xDD, 0xFF, 0x77, 0xFF, 0xD5, 0xFF, 0x77, 0xFF, 0xDD, 0xFF, 0x77, 0xFF, 0xDD, 0xFF, 0x57, 0xFF, 0xDD, 0xBF, 0x37, 0xBF, 0xDD, 0xFF, 0x77,
    0xFF, 0x9A, 0x00, 0x00, 0x08, 0xA3, 0x00, 0x00, 0x08, 0x82, 0x00, 0x01, 0x01, 0x00, 0x88, 0x01, 0x28, 0x21, 0x01, 0x23, 0x61, 0x62, 0x40, 0x60,
    0x60, 0xE0, 0x40, 0xE0, 0x71, 0xF9, 0xD1, 0xFB, 0x71, 0xFB, 0xD1, 0xF3, 0x73, 0xF3, 0xD1, 0xE3, 0x77, 0xEF, 0xD5, 0xFF, 0x77, 0xFF, 0xDD, 0xFF,
    0x57, 0xFF, 0xDD, 0xBF, 0x77, 0xFF, 0xDD, 0xFF, 0x77, 0xFF, 0x00, 0x93, 0x00, 0x03, 0x04, 0x00, 0x00, 0x08, 0x92, 0x00, 0x00, 0x10, 0x94, 0x00,
    0x38, 0x80, 0x40, 0x80, 0xC0, 0x80, 0x40, 0x80, 0x20, 0x80, 0x00, 0x82, 0x00, 0x82, 0x00, 0x86, 0x04, 0x86, 0x07, 0x8E, 0x04, 0x8E, 0x05, 0x8E,
    0x9D, 0x9F, 0x07, 0x8F, 0x9D, 0xBF, 0x57, 0xFE, 0x54, 0xFE, 0x74, 0xEE, 0xD4, 0xFE, 0x75, 0xFF, 0xDD, 0xFF, 0x77, 0xFF, 0xDD, 0xFB, 0x53, 0xFB,
    0xDD, 0xFF, 0x77, 0xFF, 0xDD, 0xFF, 0x77, 0xFF, 0xDD, 0xFF, 0x84, 0x00, 0x7A, 0x02, 0x04, 0x0E, 0x04, 0x0E, 0x04, 0x0E, 0x04, 0x0A, 0x04, 0x0E,
    0x0C, 0x0A, 0x14, 0x1E, 0x1C, 0x1E, 0x14, 0x1E, 0x1C, 0x3E, 0x14, 0x2C, 0x14, 0x2C, 0x14, 0x3C, 0x1C, 0x38, 0x10, 0x3A, 0x10, 0x3A, 0x10, 0x0A,
    0x10, 0x22, 0x17, 0x2E, 0x15, 0x2E, 0x17, 0x2E, 0x0D, 0x2E, 0x17, 0x0E, 0x5C, 0x1E, 0x15, 0x3E, 0x1D, 0x3F, 0x37, 0x3F, 0x1D, 0x3E, 0x36, 0x3E,
    0x54, 0x3E, 0x74, 0x7E, 0x5C, 0xFE, 0x75, 0xFF, 0x5D, 0xFF, 0x57, 0xFF, 0x5D, 0xBB, 0x17, 0xBF, 0x1D, 0xBF, 0x37, 0xBF, 0x5D, 0x3F, 0x77, 0x7F,
    0x5D, 0x7E, 0x77, 0xFE, 0x5D, 0xFF, 0x77, 0xFF, 0xDD, 0xFF, 0x77, 0xFF, 0xDF, 0xFB, 0x73, 0xFF, 0xD5, 0xFF, 0x77, 0xFF, 0xDD, 0xFF, 0x77, 0xFF,
    0xDD, 0xEF, 0x57, 0xDF, 0xDD, 0xFF, 0x57, 0xFF, 0xDD, 0xFF, 0x77, 0xFF, 0x5D, 0xFF, 0x10, 0x08, 0x82, 0x00, 0x78, 0x20, 0x02, 0x2C, 0x05, 0x28,
    0x0C, 0x2C, 0x0C, 0x08, 0x04, 0x08, 0x1C, 0x78, 0x10, 0x38, 0x1C, 0x38, 0x30, 0x38, 0x10, 0x38, 0x30, 0x38, 0x50, 0x30, 0x70, 0x68, 0x54, 0x68,
    0x54, 0x6C, 0x5C, 0x28, 0x10, 0x08, 0x10, 0x1A, 0x34, 0x3E, 0x3C, 0x3E, 0x36, 0x3E, 0x5C, 0x3E, 0x34, 0x3E, 0x5C, 0x7E, 0x74, 0x7C, 0x5C, 0xFE,
    0x74, 0xFE, 0x7C, 0xFA, 0x70, 0xFE, 0x54, 0xF2, 0x70, 0xFE, 0x54, 0xFE, 0x77, 0xFE, 0xDD, 0xEF, 0x47, 0xEF, 0xCD, 0xCF, 0x57, 0x9F, 0xFD, 0xBF,
    0x37, 0xBF, 0x5D, 0xBF, 0x77, 0xFE, 0x5C, 0x7E, 0x76, 0xFE, 0x5C, 0xFE, 0x75, 0xFF, 0xDD, 0xFF, 0x75, 0xFF, 0xDD, 0xFB, 0x73, 0xFB, 0xD5, 0xFF,
    0x77, 0xFF, 0xDD, 0xFF, 0x77, 0xFF, 0xDD, 0xEF, 0x57, 0xFF, 0xDD, 0xFF, 0x77, 0xFF, 0xDD, 0xFF, 0x77, 0xFF, 0xDD, 0xFF, 0x95, 0x00, 0x00, 0x04,
    0x83, 0x00, 0x00, 0x01, 0x9C, 0x00, 0x00, 0x04, 0x90, 0x00, 0x2C, 0x20, 0x10, 0x38, 0x51, 0x30, 0x30, 0xB8, 0x50, 0x30, 0x70, 0xF0, 0x50, 0xF0,
    0x70, 0xF8, 0xD1, 0xF9, 0x71, 0xE9, 0xD1, 0xE9, 0x51, 0xFB, 0xD1, 0xFB, 0x77, 0xFF, 0xDD, 0xFF, 0x7F, 0xFF, 0x5D, 0xFF, 0x77, 0xFF, 0x5F, 0xFF,
    0x77, 0xFF, 0xDD, 0xFF, 0x77, 0xFF, 0xDD, 0xFF, 0x00, 0x93, 0x00, 0x00, 0x08, 0x90, 0x00, 0x00, 0x08, 0x8D, 0x00, 0x00, 0x80, 0x82, 0x00, 0x09,
    0x20, 0x00, 0xA0, 0x00, 0xA0, 0x00, 0xC0, 0x80, 0x80, 0x00, 0x80, 0x80, 0x00, 0x00, 0x80, 0x80, 0x2D, 0x00, 0x82, 0x80, 0x82, 0x10, 0xA2, 0x24,
    0x02, 0x04, 0x86, 0x44, 0xC6, 0x44, 0xCE, 0xC5, 0xCB, 0x45, 0xEB, 0xC1, 0xEA, 0x41, 0xEA, 0xD1, 0xE3, 0x77, 0xEF, 0xD5, 0xEF, 0x67, 0xEF, 0xC5,
    0xEF, 0x47, 0xCF, 0xCD, 0xFF, 0x57, 0xFF, 0xDD, 0xFF, 0x77, 0xFF, 0xDD, 0xBF, 0x77, 0xFF, 0x82, 0x00, 0x7F, 0x02, 0x00, 0x02, 0x04, 0x06, 0x04,
    0x0E, 0x04, 0x0E, 0x04, 0x0E, 0x04, 0x0E, 0x04, 0x0E, 0x0C, 0x0E, 0x14, 0x0A, 0x14, 0x0A, 0x10, 0x0A, 0x04, 0x02, 0x04, 0x0E, 0x04, 0x0E, 0x04,
    0x0E, 0x04, 0x0A, 0x01, 0x0A, 0x01, 0x0B, 0x07, 0x0F, 0x1D, 0x1F, 0x17, 0x1F, 0x1D, 0x0F, 0x17, 0x0E, 0x1C, 0x0E, 0x16, 0x3E, 0x1C, 0x3E, 0x15,
    0x3F, 0x1D, 0x3F, 0x11, 0x3B, 0x19, 0x3B, 0x33, 0x3B, 0x15, 0x3F, 0x37, 0xBF, 0x55, 0xAF, 0x07, 0xAF, 0x6D, 0x8F, 0x27, 0x8F, 0x3D, 0xBF, 0x17,
    0xBF, 0x1D, 0xBF, 0x37, 0xBF, 0x1D, 0x3F, 0x37, 0x7E, 0x5C, 0xFE, 0x77, 0xFF, 0xDD, 0xFF, 0x75, 0xFF, 0xDD, 0xFB, 0x71, 0xFB, 0xD9, 0xFB, 0x77,
    0xFF, 0xDD, 0xFF, 0x77, 0xFF, 0xDD, 0xEF, 0x67, 0xEF, 0xDD, 0xFF, 0x57, 0xFF, 0xDD, 0xFF, 0x77, 0xFF, 0xDD, 0xFF, 0x77, 0xFF, 0x00, 0x0A, 0x00,
    0x08, 0x00, 0x7A, 0x09, 0x10, 0x18, 0x14, 0x3E, 0x14, 0x2E, 0x14, 0x2C, 0x14, 0x2C, 0x1C, 0x3C, 0x14, 0x3C, 0x1C, 0x3C, 0x14, 0x38, 0x18, 0x38,
    0x10, 0x38, 0x10, 0x32, 0x30, 0x3A, 0x14, 0x3E, 0x34, 0x2E, 0x04, 0x6E, 0x04, 0x4E, 0x0C, 0x4E, 0x14, 0x1E, 0x1C, 0x3E, 0x16, 0x3E, 0x1C, 0x3E,
    0x36, 0x3E, 0x1C, 0x3E, 0x74, 0x7E, 0x7C, 0x7E, 0x74, 0x7E, 0x5C, 0x7C, 0x70, 0x78, 0xD9, 0x7B, 0x71, 0xFB, 0x55, 0xFF, 0x77, 0xFF, 0x55, 0x7F,
    0x77, 0x6F, 0x4D, 0x2F, 0x77, 0xFF, 0x5D, 0xFF, 0x77, 0xFF, 0x5D, 0xFF, 0x77, 0xFF, 0x5D, 0xBF, 0x77, 0xFE, 0x5C, 0xFE, 0x77, 0xFE, 0xDD, 0xFF,
    0x77, 0xFF, 0xDD, 0xFF, 0x75, 0xFF, 0xDD, 0xFF, 0x77, 0xFF, 0xDD, 0xFF, 0x77, 0xFF, 0xDD, 0xBF, 0x77, 0xFF, 0x5D, 0xFF, 0x77, 0xFF, 0xDD, 0xFF,
    0x77, 0xFF, 0xDD, 0xFF, 0x77, 0xFF, 0x91, 0x00, 0x00, 0x04, 0xB1, 0x00, 0x36, 0x20, 0x00, 0x20, 0x00, 0x20, 0x00, 0x28, 0x00, 0x28, 0x50, 0x78,
    0x58, 0x78, 0x70, 0x78, 0x50, 0x38, 0x70, 0xF8, 0x50, 0xF8, 0x70, 0xF8, 0xD0, 0xFA, 0x75, 0xEE, 0xC5, 0xEB, 0x45, 0xEF, 0xCD, 0xEF, 0x57, 0xFF,
    0xDD, 0xFF, 0x77, 0xBF, 0x9D, 0xBF, 0x37, 0xBF, 0x5D, 0x7F, 0x77, 0xFF, 0xDD, 0xFF, 0x77, 0xFF, 0xDD, 0xFF, 0x75, 0xFF, 0x00, 0x8F, 0x00, 0x00,
    0x10, 0x8D, 0x00, 0x0A, 0x08, 0x00, 0x80, 0x00, 0x80, 0x00, 0x80, 0x00, 0x80, 0x00, 0x80, 0x85, 0x00, 0x06, 0x80, 0x80, 0x00, 0x80, 0x00, 0x80,
    0x00, 0x80, 0x80, 0x00, 0x00, 0x80, 0x80, 0x0C, 0x00, 0xC0, 0x80, 0xC0, 0x00, 0xC0, 0x80, 0x80, 0x00, 0x80, 0xC0, 0x80, 0x10, 0x80, 0x80, 0x2B,
    0x08, 0x80, 0x00, 0x40, 0x00, 0x80, 0x40, 0xE2, 0x40, 0xE2, 0xC0, 0xE0, 0x40, 0xE0, 0xC0, 0xE0, 0x41, 0xE1, 0xC1, 0xE3, 0x63, 0xEB, 0xD5, 0xE3,
    0x77, 0xE7, 0xC5, 0xE7, 0x67, 0xEF, 0xCD, 0xEF, 0x77, 0xFF, 0xDD, 0xFF, 0x77, 0xFF, 0xDD, 0xFF, 0x77, 0xFF, 0xDD, 0xFF, 0x80, 0x00, 0x7F, 0x02,
    0x00, 0x02, 0x00, 0x02, 0x00, 0x02, 0x04, 0x02, 0x04, 0x06, 0x04, 0x06, 0x04, 0x0E, 0x04, 0x0E, 0x04, 0x08, 0x00, 0x08, 0x00, 0x08, 0x00, 0x02,
    0x01, 0x02, 0x01, 0x02, 0x03, 0x06, 0x05, 0x02, 0x05, 0x0E, 0x05, 0x0F, 0x07, 0x0F, 0x0D, 0x0F, 0x07, 0x0F, 0x0D, 0x0F, 0x17, 0x0E, 0x1D, 0x0E,
    0x16, 0x1E, 0x1C, 0x1E, 0x16, 0x0E, 0x1C, 0x0C, 0x14, 0x88, 0x19, 0x89, 0x11, 0x9B, 0x9D, 0x9B, 0x17, 0xBF, 0x15, 0xAF, 0x07, 0x8F, 0x05, 0x2F,
    0x07, 0xAF, 0x1D, 0xBF, 0x17, 0xBF, 0xDD, 0xBF, 0x17, 0xBF, 0x1D, 0xBF, 0x37, 0xBF, 0xDD, 0xFF, 0x77, 0xFF, 0xDD, 0xFF, 0x77, 0xFE, 0xDD, 0xEF,
    0x75, 0xEF, 0xDD, 0xFF, 0x77, 0xFF, 0xDD, 0xFF, 0x77, 0xBF, 0xBD, 0xBF, 0x37, 0xBF, 0x5D, 0xFF, 0x77, 0xFF, 0xDD, 0xFF, 0x77, 0xFF, 0xDD, 0xFF,
    0x75, 0xFF, 0xDD, 0xFF, 0x04, 0x0E, 0x04, 0x7C, 0x0E, 0x04, 0x0E, 0x1C, 0x1E, 0x14, 0x1E, 0x1C, 0x1A, 0x14, 0x1E, 0x1C, 0x3E, 0x14, 0x3E, 0x1C,
    0x3E, 0x14, 0x2C, 0x04, 0x08, 0x00, 0x08, 0x10, 0x1A, 0x11, 0x3A, 0x15, 0x3B, 0x17, 0x2E, 0x05, 0x26, 0x06, 0x0E, 0x04, 0x2E, 0x17, 0x3E, 0x1D,
    0x3E, 0x17, 0x3E, 0x1D, 0x3E, 0x15, 0x3E, 0x3C, 0x3A, 0x37, 0x3E, 0x1D, 0x3E, 0x3F, 0x3E, 0x54, 0x3E, 0x74, 0x6E, 0x45, 0x2F, 0x55, 0x7F, 0x5D,
    0x3F, 0x17, 0x3F, 0x1D, 0x3F, 0x1F, 0x3F, 0x1D, 0x3F, 0x37, 0x3F, 0x5D, 0x7F, 0x77, 0x7F, 0x5D, 0x7F, 0x75, 0xFE, 0x5D, 0xFF, 0x75, 0xFF, 0xDD,
    0xFF, 0x77, 0xFF, 0xDD, 0xFF, 0x77, 0xFF, 0xD5, 0xEF, 0x67, 0xEF, 0xCD, 0xFF, 0x77, 0xFF, 0xDD, 0xFF, 0x57, 0xFF, 0x9D, 0xBF, 0x37, 0xBF, 0x5D,
    0xFF, 0x77, 0xFF, 0xDD, 0xFF, 0x77, 0xFE, 0xDD, 0xFF, 0x75, 0xFD, 0xDD, 0xFF, 0x8C, 0x00, 0x00, 0x04, 0xA3, 0x00, 0x00, 0x01, 0x8B, 0x00, 0x3A,
    0x08, 0x00, 0x08, 0x10, 0x08, 0x10, 0x38, 0x10, 0x38, 0x10, 0x38, 0x30, 0x38, 0x5C, 0x38, 0x70, 0x78, 0x58, 0x78, 0x70, 0x78, 0x58, 0x78, 0x70,
    0xF8, 0x50, 0xFA, 0x71, 0xFA, 0x55, 0xA6, 0x77, 0xEE, 0x5D, 0xFF, 0x77, 0xFF, 0xDD, 0xFF, 0x77, 0xFF, 0xDD, 0xBF, 0x77, 0xFF, 0xDD, 0xFF, 0x77,
    0xFF, 0xDD, 0xFF, 0x77, 0xFF, 0xDD, 0xFE, 0x75, 0xFF, 0xDD, 0xFF, 0x00, 0x82, 0x00, 0x00, 0x02, 0x85, 0x00, 0x00, 0x20, 0x89, 0x00, 0x00, 0x80,
    0x88, 0x00, 0x04, 0x80, 0x00, 0x80, 0x00, 0x80, 0x88, 0x00, 0x03, 0x80, 0x00, 0x80, 0x00, 0x80, 0x80, 0x05, 0x00, 0xA0, 0xC0, 0xA0, 0x00, 0xA0,
    0x81, 0x80, 0x06, 0x00, 0x80, 0x00, 0x80, 0xC0, 0x80, 0x50, 0x80, 0xC0, 0x00, 0x00, 0x80, 0x80, 0x3B, 0x00, 0x80, 0xC0, 0xE0, 0x40, 0xE0, 0xC0,
    0xE0, 0x60, 0xE0, 0xC0, 0xE0, 0x40, 0xE0, 0xC1, 0xE3, 0x41, 0xE3, 0xC1, 0xE3, 0x43, 0xEB, 0xD5, 0xB3, 0x17, 0xAF, 0xD5, 0xFF, 0x77, 0xFF, 0xDD,
    0xFF, 0x77, 0xFF, 0xDD, 0xFF, 0x75, 0xFF, 0xDD, 0xFF, 0x77, 0xFF, 0x00, 0x02, 0x00, 0x02, 0x00, 0x02, 0x00, 0x02, 0x00, 0x02, 0x00, 0x02, 0x00,
    0x02, 0x00, 0x02, 0x04, 0x02, 0x85, 0x00, 0x7F, 0x01, 0x03, 0x01, 0x03, 0x01, 0x03, 0x41, 0x03, 0x03, 0x87, 0x05, 0x07, 0x07, 0x0F, 0x05, 0x0F,
    0x07, 0x0F, 0x0D, 0x0F, 0x05, 0x0E, 0x0D, 0x0B, 0x07, 0x8F, 0x0D, 0x0F, 0x17, 0x8E, 0x04, 0x02, 0x04, 0x8E, 0x04, 0x8F, 0x05, 0x8F, 0x8D, 0x8F,
    0x07, 0x8F, 0x8D, 0x8F, 0x17, 0x8F, 0x15, 0xAF, 0x17, 0xBF, 0x1D, 0xBF, 0x17, 0xBF, 0x5D, 0xBF, 0x57, 0xFE, 0x5D, 0xBF, 0x55, 0xFF, 0xFD, 0xFF,
    0x77, 0xFF, 0xDD, 0xFB, 0x77, 0xFF, 0xD5, 0xE7, 0x77, 0xEF, 0xCD, 0xEF, 0x77, 0xFF, 0xDD, 0xFF, 0x57, 0xDF, 0xDD, 0xBF, 0x17, 0xBF, 0x9D, 0xBF,
    0x77, 0xFF, 0xDD, 0xFF, 0x77, 0xFE, 0xDC, 0xFE, 0x74, 0xFE, 0xDD, 0xFF, 0x75, 0xFF, 0x04, 0x0E, 0x06, 0x0E, 0x0C, 0x0E, 0x04, 0x0E, 0x0C, 0x08,
    0x14, 0x1A, 0x1C, 0x1A, 0x14, 0x1E, 0x14, 0x1A, 0x14, 0x0A, 0x04, 0x42, 0x04, 0x0E, 0x04, 0x0E, 0x0E, 0x05, 0x0F, 0x0D, 0x0F, 0x17, 0x0F, 0x1D,
    0x0F, 0x17, 0x1F, 0x1D, 0x3F, 0x17, 0x3E, 0x3D, 0x80, 0x3E, 0x53, 0x3C, 0x3E, 0x14, 0x3C, 0x1C, 0x3E, 0x15, 0x3F, 0x3D, 0x3B, 0x37, 0x3B, 0x35,
    0x33, 0x37, 0x27, 0x05, 0x27, 0x07, 0x2F, 0x0D, 0x2F, 0x17, 0x3F, 0x1D, 0x1F, 0x17, 0x1F, 0x1D, 0x3F, 0x17, 0x3F, 0x1D, 0x3F, 0x37, 0x7F, 0x5D,
    0x7E, 0x76, 0x7E, 0x5C, 0x7E, 0x75, 0xFF, 0x5D, 0xFF, 0x77, 0xFF, 0xDD, 0xFB, 0x73, 0xFB, 0x75, 0xF7, 0x77, 0xFF, 0x5D, 0xFF, 0x77, 0xFF, 0xDD,
    0xFF, 0x77, 0xFF, 0xDD, 0xFF, 0x57, 0xFF, 0xDD, 0xFF, 0x77, 0xFF, 0xDD, 0xFF, 0x77, 0xFF, 0xDD, 0xFE, 0x76, 0xFE, 0xDD, 0xFF, 0x77, 0xFF, 0x88,
    0x00, 0x00, 0x02, 0xA0, 0x00, 0x00, 0x02, 0x90, 0x00, 0x3C, 0x08, 0x00, 0x08, 0x00, 0x08, 0x18, 0x18, 0x10, 0x38, 0x18, 0x38, 0x30, 0x38, 0x10,
    0x38, 0x30, 0x38, 0x50, 0x20, 0x70, 0x68, 0x54, 0x78, 0x74, 0x7C, 0x5C, 0x7A, 0x51, 0x9A, 0x55, 0x3B, 0x17, 0xBF, 0x3D, 0x3F, 0x77, 0xFF, 0x5D,
    0x7F, 0x77, 0x7E, 0x5C, 0xFE, 0x74, 0xFE, 0xDD, 0xFF, 0x77, 0xFF, 0xDD, 0xFF, 0x77, 0xFF, 0xDD, 0xFB, 0x77, 0xFF, 0xD5, 0xFF, 0x77, 0xFF, 0x00,
    0x88, 0x00, 0x00, 0x20, 0x8A, 0x00, 0x04, 0x80, 0x00, 0x80, 0x00, 0x80, 0x84, 0x00, 0x00, 0x80, 0x80, 0x00, 0x00, 0x80, 0x80, 0x00, 0x56, 0x80,
    0x00, 0x80, 0x00, 0x80, 0x00, 0x80, 0x00, 0x80, 0x00, 0x80, 0x00, 0x80, 0x00, 0x80, 0x40, 0xC0, 0xC0, 0x80, 0x40, 0x80, 0xE0, 0x80, 0x20, 0x80,
    0xA0, 0x80, 0x20, 0x80, 0x20, 0x80, 0x00, 0x80, 0x40, 0x00, 0x40, 0xC0, 0x40, 0xC0, 0x40, 0xC0, 0xC0, 0xE0, 0x40, 0xE0, 0xC0, 0xE0, 0x60, 0xE0,
    0xC0, 0xE0, 0x60, 0xE0, 0xC0, 0xE2, 0x61, 0xE3, 0xD1, 0xF3, 0x41, 0xC3, 0xC5, 0x8B, 0x17, 0xBF, 0xD5, 0xBF, 0x77, 0xFF, 0xDD, 0xFF, 0x77, 0xFE,
    0x7C, 0xFE, 0x76, 0xFE, 0xDD, 0xFF, 0x75, 0xFF, 0xDD, 0xFF, 0x00, 0x02, 0x00, 0x02, 0x84, 0x00, 0x04, 0x02, 0x00, 0x02, 0x00, 0x02, 0x84, 0x00,
    0x07, 0x02, 0x01, 0x12, 0x05, 0x03, 0x01, 0x43, 0x01, 0x80, 0x03, 0x7F, 0x05, 0x03, 0x07, 0x0F, 0x05, 0x0F, 0x07, 0x0E, 0x04, 0x0E, 0x04, 0x0E,
    0x04, 0x0E, 0x05, 0x8F, 0x0D, 0x8B, 0x01, 0x8B, 0x01, 0x83, 0x01, 0x83, 0x05, 0x83, 0x07, 0x8F, 0x85, 0x8F, 0x07, 0x8F, 0x8D, 0x8F, 0x07, 0x8F,
    0x8D, 0x8F, 0x17, 0x9F, 0x1D, 0xBF, 0x17, 0xBF, 0x1D, 0x3E, 0x36, 0xBE, 0x7C, 0xFE, 0x74, 0xFE, 0xDD, 0xFF, 0x75, 0xFF, 0xDD, 0xFB, 0x53, 0xFB,
    0xD1, 0xF3, 0x77, 0xFF, 0xD5, 0xFF, 0x77, 0xFF, 0xDD, 0xEF, 0x57, 0xEF, 0xDD, 0xFF, 0x57, 0xFF, 0xDD, 0xFF, 0x77, 0xFF, 0xDD, 0xFF, 0x77, 0xFF,
    0xDD, 0xFE, 0x76, 0xFE, 0xDD, 0xFF, 0x77, 0xFF, 0xDD, 0xFF, 0x06, 0x0E, 0x04, 0x0E, 0x04, 0x0E, 0x0C, 0x0C, 0x04, 0x0C, 0x1C, 0x18, 0x14, 0x1A,
    0x18, 0x1A, 0x10, 0x0A, 0x20, 0x02, 0x00, 0x02, 0x04, 0x06, 0x07, 0x0F, 0x05, 0x0F, 0x07, 0x0F, 0x0D, 0x0F, 0x17, 0x0F, 0x5D, 0x1D, 0x1F, 0x17,
    0x1F, 0x1D, 0x3F, 0x17, 0x3E, 0x1C, 0x3E, 0x14, 0x3E, 0x1C, 0x3E, 0x14, 0x3E, 0x1D, 0x3F, 0x15, 0x3B, 0x19, 0x3B, 0x33, 0x3B, 0x35, 0x37, 0x37,
    0x3F, 0x1D, 0x3F, 0x17, 0x2F, 0x1D, 0x2F, 0x17, 0x1F, 0x1D, 0x3F, 0x17, 0x3F, 0x1D, 0x3F, 0x37, 0x3F, 0x5D, 0x3F, 0x37, 0x3E, 0x5C, 0x7E, 0x76,
    0x7E, 0x5D, 0x7F, 0x77, 0xFF, 0x5D, 0xFF, 0x57, 0xFF, 0x5D, 0xBF, 0x17, 0xBF, 0x5D, 0xBF, 0x77, 0xFF, 0x5D, 0x7F, 0xF7, 0xFF, 0x5D, 0x7F, 0xF7,
    0xFF, 0xDF, 0xFF, 0x77, 0xFF, 0xDF, 0xFF, 0x77, 0xFF, 0xDD, 0xFB, 0x77, 0xFF, 0xD5, 0xFF, 0x77, 0xFF, 0xDD, 0xFF, 0x84, 0x00, 0x00, 0x02, 0x9C,
    0x00, 0x00, 0x04, 0x92, 0x00, 0x15, 0x08, 0x00, 0x00, 0x10, 0x08, 0x00, 0x08, 0x00, 0x08, 0x00, 0x28, 0x10, 0x38, 0x1C, 0x38, 0x10, 0x38, 0x18,
    0x38, 0x10, 0x38, 0x10, 0x80, 0x30, 0x29, 0x54, 0x7E, 0x74, 0x6E, 0x44, 0xEE, 0x44, 0x4E, 0x4C, 0x0E, 0x15, 0x1F, 0x1D, 0x3F, 0x37, 0xBF, 0x5D,
    0x3F, 0x37, 0x7E, 0x5C, 0x7E, 0x76, 0xFE, 0x5C, 0xFE, 0x75, 0xFF, 0xDD, 0xFF, 0x75, 0xFF, 0xD9, 0xFB, 0x73, 0xFB, 0xD5, 0xFF, 0x77, 0xFF, 0xDD,
    0xFF, 0x00, 0x90, 0x00, 0x00, 0x40, 0x80, 0x00, 0x00, 0x80, 0x80, 0x00, 0x00, 0x80, 0x80, 0x00, 0x00, 0x80, 0x80, 0x00, 0x00, 0x80, 0x86, 0x00,
    0x01, 0x80, 0x00, 0x80, 0x80, 0x00, 0x00, 0x80, 0x80, 0x00, 0x00, 0x80, 0x80, 0x00, 0x00, 0x80, 0xC0, 0x04, 0x00, 0xC0, 0xC0, 0x80, 0x40, 0x80,
    0x80, 0x00, 0x00, 0x80, 0x80, 0x01, 0x00, 0x80, 0x81, 0x00, 0x31, 0x40, 0xE0, 0x40, 0xE0, 0xC0, 0xE0, 0x40, 0xE0, 0xC0, 0xE0, 0x40, 0xE0, 0xC0,
    0xE0, 0x40, 0xE0, 0xC1, 0xE3, 0x61, 0xE3, 0xC1, 0xE3, 0x43, 0xE2, 0x45, 0xE3, 0x47, 0xEF, 0xDD, 0xFF, 0x77, 0xFF, 0xDD, 0xFF, 0x77, 0xFF, 0xDD,
    0xFF, 0x77, 0xFE, 0xDD, 0xFF, 0x77, 0xFF, 0xDD, 0xFF, 0x77, 0xFF, 0x00, 0x02, 0x8E, 0x00, 0x7F, 0x02, 0x01, 0x42, 0x01, 0x02, 0x05, 0x02, 0x05,
    0x06, 0x05, 0x02, 0x05, 0x0F, 0x05, 0x0F, 0x07, 0x0F, 0x05, 0x0F, 0x0F, 0x0E, 0x04, 0x02, 0x04, 0x0E, 0x04, 0x0E, 0x04, 0x8E, 0x05, 0x8E, 0x05,
    0x89, 0x81, 0x8B, 0x01, 0x8B, 0x81, 0x83, 0x07, 0x8F, 0x05, 0x8F, 0x47, 0x8F, 0x05, 0x0F, 0x07, 0x8F, 0x0D, 0x8F, 0x17, 0x8F, 0x9D, 0x9F, 0x37,
    0x9F, 0xBD, 0xBF, 0x37, 0xBE, 0x5D, 0xBE, 0x77, 0xFF, 0xDD, 0xFF, 0x77, 0xEF, 0xDD, 0xEF, 0x45, 0xCF, 0xCD, 0xCF, 0x77, 0xFF, 0xDD, 0xBF, 0x57,
    0xBF, 0xDD, 0xBF, 0x37, 0xBF, 0x5D, 0x7F, 0x77, 0xFF, 0xDD, 0xFF, 0x77, 0xFF, 0xDD, 0xFF, 0x75, 0xFF, 0xDD, 0xFB, 0x73, 0xFF, 0xDD, 0xFF, 0x77,
    0xFF, 0xDD, 0xFF, 0x77, 0xEF, 0x0C, 0x0A, 0x04, 0x0A, 0x04, 0x0A, 0x04, 0x0E, 0x04, 0x0E, 0x04, 0x0C, 0x04, 0x08, 0x20, 0x08, 0x01, 0x0A, 0x01,
    0x6C, 0x0B, 0x05, 0x0B, 0x17, 0x0F, 0x05, 0x0F, 0x07, 0x0E, 0x04, 0x0E, 0x0E, 0x4E, 0x1D, 0x1E, 0x17, 0x1F, 0x1D, 0x1F, 0x15, 0x3E, 0x1C, 0x3A,
    0x10, 0x3A, 0x14, 0x3E, 0x37, 0x3E, 0x15, 0x2F, 0x57, 0x2F, 0x45, 0x0F, 0x45, 0x1F, 0x1D, 0x1F, 0x17, 0x3F, 0x1D, 0x3F, 0x1F, 0x3F, 0x1D, 0x3F,
    0x17, 0x3E, 0x1D, 0x3E, 0x37, 0x3F, 0x5D, 0x3F, 0x7D, 0x7F, 0x5D, 0x3B, 0x31, 0x3B, 0x59, 0x3B, 0x73, 0x7F, 0x55, 0x7F, 0x77, 0x7F, 0x55, 0x6F,
    0x67, 0xEF, 0x4D, 0xEF, 0x57, 0xFF, 0x5D, 0xFF, 0x77, 0xBF, 0x5D, 0xFF, 0x37, 0xBF, 0x5D, 0x3F, 0x77, 0xFE, 0x5D, 0xFF, 0x77, 0xFF, 0xDD, 0xFF,
    0x75, 0xFD, 0xDD, 0xFB, 0x71, 0xFB, 0xDD, 0xFF, 0x77, 0xFF, 0xDD, 0xFF, 0x77, 0xFF, 0x9B, 0x00, 0x00, 0x10, 0x83, 0x00, 0x00, 0x04, 0x92, 0x00,
    0x44, 0x08, 0x00, 0x08, 0x10, 0x08, 0x10, 0x18, 0x10, 0x38, 0x10, 0x38, 0x10, 0x38, 0x14, 0x38, 0x10, 0x38, 0x10, 0x28, 0x10, 0x28, 0x10, 0x38,
    0x10, 0x38, 0x10, 0xBA, 0x34, 0xBE, 0x14, 0x2E, 0x04, 0x2E, 0x04, 0x2E, 0x56, 0x7E, 0x5C, 0x7E, 0x77, 0xFF, 0x5D, 0x3F, 0x75, 0xBE, 0x5D, 0xFE,
    0x77, 0xFE, 0x5D, 0xFF, 0x77, 0xFF, 0xDD, 0xFF, 0x75, 0xFF, 0xDD, 0xEF, 0x77, 0xFF, 0xDD, 0xFF, 0x77, 0xFF, 0xDD, 0xFF, 0x77, 0xFF, 0x00, 0x02,
    0x00, 0x00, 0x20, 0x87, 0x00, 0x00, 0x80, 0x8F, 0x00, 0x00, 0x80, 0x88, 0x00, 0x07, 0xA0, 0x00, 0x80, 0x00, 0x80, 0x00, 0x80, 0x00, 0x80, 0x80,
    0x07, 0x00, 0x80, 0x80, 0x90, 0x00, 0x80, 0x00, 0x80, 0x81, 0x00, 0x08, 0x20, 0x80, 0x60, 0x80, 0x20, 0x80, 0xC0, 0x80, 0x00, 0x80, 0x80, 0x00,
    0x40, 0x80, 0xC0, 0x04, 0x40, 0xC0, 0xC0, 0xE0, 0x40, 0x80, 0xC0, 0x24, 0x40, 0xC0, 0xC1, 0xC3, 0x41, 0xC3, 0xC1, 0xA3, 0x03, 0xA3, 0x01, 0xA3,
    0x67, 0xE6, 0x55, 0xFF, 0x77, 0xFF, 0xDD, 0xFF, 0x75, 0xFE, 0xDD, 0xF9, 0x71, 0xFB, 0xDD, 0xFB, 0x77, 0xFF, 0xDD, 0xFF, 0x77, 0xFF, 0xD5, 0xEF,
    0x67, 0x83, 0x00, 0x02, 0x02, 0x00, 0x02, 0x85, 0x00, 0x7F, 0x81, 0x03, 0x09, 0x03, 0x01, 0x03, 0x03, 0x02, 0x04, 0x02, 0x06, 0x06, 0x04, 0x0E,
    0x07, 0x0E, 0x05, 0x0E, 0x05, 0x0E, 0x04, 0x0A, 0x00, 0x0A, 0x01, 0x0A, 0x03, 0x0A, 0x05, 0x02, 0x87, 0x86, 0x05, 0x02, 0x05, 0x8F, 0x05, 0x8F,
    0x27, 0x8F, 0x0D, 0x8F, 0x07, 0x8F, 0x0D, 0x0F, 0x07, 0x0F, 0x1D, 0x0F, 0x17, 0x1F, 0x1D, 0xBF, 0x17, 0xBE, 0x1D, 0xBE, 0x1D, 0x9D, 0xDD, 0xBB,
    0x51, 0xFB, 0xDD, 0xFB, 0x77, 0xFF, 0xD5, 0xE7, 0x47, 0xEF, 0xC5, 0xEF, 0x47, 0xEF, 0xDD, 0xFF, 0x57, 0xFF, 0xDF, 0xBF, 0x17, 0xBF, 0x1F, 0xBF,
    0x37, 0xFF, 0x5D, 0xFF, 0x77, 0xFF, 0xDD, 0xFE, 0x77, 0xFE, 0xDD, 0xFD, 0x75, 0xFF, 0xDD, 0xFF, 0x77, 0xFF, 0xDD, 0xFF, 0x77, 0xFF, 0xD5, 0xFF,
    0x77, 0x08, 0x10, 0x08, 0x10, 0x0A, 0x10, 0x0A, 0x10, 0x0A, 0x04, 0x02, 0x14, 0x02, 0x04, 0x02, 0x04, 0x0E, 0x6E, 0x0D, 0x0F, 0x17, 0x0F, 0x1D,
    0x1F, 0x17, 0x1E, 0x1D, 0x1E, 0x16, 0x1E, 0x1C, 0x3E, 0x16, 0x3E, 0x1C, 0x3E, 0x14, 0x3C, 0x1C, 0x38, 0x10, 0x38, 0x19, 0x3B, 0x33, 0x3B, 0x35,
    0x3B, 0x37, 0x2F, 0x05, 0x27, 0x07, 0x2F, 0x25, 0x2F, 0x37, 0x2F, 0x3D, 0x3F, 0x17, 0x1F, 0x1D, 0x3F, 0x17, 0x3F, 0x1D, 0x3F, 0x37, 0x3F, 0x5D,
    0x3E, 0x77, 0x7E, 0x5C, 0x7E, 0x74, 0x7C, 0x7D, 0x7F, 0x75, 0x7F, 0x5D, 0x7F, 0x77, 0xFF, 0x5D, 0x3F, 0x37, 0x3F, 0x15, 0x3F, 0x77, 0x7F, 0x5D,
    0x7F, 0x77, 0xFF, 0x7D, 0xFF, 0x77, 0xFF, 0x5D, 0xFF, 0x77, 0xFF, 0xDD, 0xFF, 0x77, 0xFF, 0xDD, 0xFF, 0x77, 0xFF, 0xDD, 0xFF, 0x77, 0xFF, 0xDD,
    0xFF, 0x77, 0xFF, 0xDD, 0xFF, 0x77, 0xFF, 0xDD, 0xBF, 0x37, 0x91, 0x00, 0x02, 0x20, 0x00, 0x01, 0xA2, 0x00, 0x43, 0x08, 0x00, 0x08, 0x10, 0x08,
    0x10, 0x38, 0x10, 0x38, 0x10, 0x38, 0x30, 0x38, 0x10, 0x20, 0x00, 0x20, 0x00, 0x20, 0x00, 0x28, 0x4C, 0x28, 0x14, 0x18, 0x1C, 0x1A, 0x10, 0x3E,
    0x14, 0x3E, 0x34, 0x3E, 0x5C, 0x3E, 0x76, 0x7E, 0x5C, 0x7E, 0x74, 0xFC, 0x5C, 0xFC, 0x74, 0xFC, 0xDD, 0xFB, 0x77, 0xFF, 0xDD, 0xFB, 0x77, 0xFF,
    0xD5, 0xE7, 0x77, 0xEF, 0xDD, 0xFF, 0x77, 0xFF, 0xDD, 0xFF, 0x57, 0xFF, 0xDD, 0xBF, 0x37, 0x00, 0xA2, 0x00, 0x00, 0x08, 0x82, 0x00, 0x00, 0x80,
    0x80, 0x00, 0x07, 0x80, 0x00, 0x80, 0x00, 0x80, 0x10, 0x80, 0x00, 0x80, 0x80, 0x09, 0x00, 0x80, 0x00, 0xC0, 0x00, 0x40, 0x00, 0x40, 0x00, 0x80,
    0x80, 0x00, 0x07, 0x80, 0x00, 0x80, 0x00, 0x80, 0xC0, 0x80, 0x40, 0x80, 0xC0, 0x04, 0x40, 0xC0, 0xC0, 0x80, 0x40, 0x80, 0xC0, 0x27, 0x40, 0xC2,
    0xC1, 0xC3, 0x41, 0xC3, 0xC1, 0x83, 0x01, 0x83, 0x85, 0xA3, 0x07, 0xEF, 0xD5, 0xFF, 0x77, 0xFE, 0xD4, 0xFE, 0x74, 0xFE, 0xDC, 0xFC, 0x75, 0xFF,
    0xDD, 0xFF, 0x77, 0xFF, 0xDD, 0xFB, 0x77, 0xFF, 0xD5, 0xFF, 0x77, 0xFF, 0x00, 0x02, 0x80, 0x00, 0x27, 0x02, 0x00, 0x02, 0x01, 0x40, 0x00, 0x10,
    0x00, 0x02, 0x00, 0x02, 0x04, 0x02, 0x05, 0x0A, 0x05, 0x02, 0x01, 0x0A, 0x05, 0x02, 0x07, 0x0E, 0x04, 0x0E, 0x06, 0x0E, 0x04, 0x0E, 0x04, 0x0C,
    0x04, 0x08, 0x00, 0x08, 0x09, 0x0B, 0x41, 0x0B, 0x01, 0x80, 0x03, 0x7F, 0x05, 0x03, 0x17, 0x0F, 0x05, 0x0F, 0x07, 0x0F, 0x0D, 0x0F, 0x07, 0x0F,
    0x1D, 0x1F, 0x17, 0x1F, 0x1D, 0x3F, 0x17, 0xBF, 0x1D, 0x3E, 0x1E, 0xBE, 0x1C, 0xBE, 0x14, 0xBC, 0xDD, 0xBF, 0x55, 0xFF, 0xDD, 0xBB, 0x57, 0xBB,
    0x95, 0xBB, 0x17, 0xAF, 0x15, 0xBF, 0x77, 0xFF, 0xDD, 0xFF, 0x77, 0xFF, 0x5D, 0xFF, 0x57, 0xFF, 0xDD, 0xFF, 0x77, 0xFF, 0xDD, 0xFF, 0x77, 0xFF,
    0xDD, 0xFF, 0x77, 0xFE, 0xD5, 0xFF, 0x77, 0xFF, 0xDD, 0xFF, 0x77, 0xFF, 0xDD, 0xFF, 0x57, 0xFF, 0xDD, 0xBF, 0x37, 0xFF, 0x00, 0x08, 0x10, 0x08,
    0x10, 0x1A, 0x10, 0x1A, 0x00, 0x02, 0x00, 0x02, 0x04, 0x06, 0x04, 0x0E, 0x0C, 0x0E, 0x04, 0x0E, 0x0C, 0x0E, 0x14, 0x1E, 0x1C, 0x1E, 0x14, 0x3E,
    0x1C, 0x3E, 0x16, 0x3E, 0x1C, 0x3E, 0x14, 0x3C, 0x54, 0x28, 0x54, 0x2C, 0x5C, 0x3B, 0x15, 0x3F, 0x1D, 0x3B, 0x53, 0x3B, 0x4F, 0x55, 0x27, 0x57,
    0x2F, 0x1D, 0x3F, 0x37, 0x3F, 0x1D, 0x3F, 0x17, 0x3E, 0x1D, 0x3E, 0x15, 0x3F, 0x1D, 0x3F, 0x37, 0x7F, 0x5D, 0x3F, 0x77, 0x7E, 0x54, 0x7E, 0x74,
    0x7E, 0x55, 0x7F, 0x77, 0xFF, 0x5D, 0xFF, 0x57, 0xFF, 0x5D, 0x9F, 0x17, 0xBF, 0x1D, 0x3F, 0x37, 0xBF, 0x5D, 0x7F, 0x77, 0x7F, 0x5D, 0x7E, 0x76,
    0xFE, 0x5D, 0xFF, 0x75, 0xFF, 0xDD, 0xFF, 0x77, 0xFF, 0xDF, 0xFB, 0x73, 0xFF, 0xDD, 0xF7, 0x77, 0xFF, 0xDD, 0xFF, 0x77, 0xFF, 0xDD, 0xFF, 0x57,
    0xDF, 0xDD, 0xBF, 0x77, 0xFF, 0x8A, 0x00, 0x01, 0x20, 0x02, 0xAF, 0x00, 0x3E, 0x20, 0x10, 0x28, 0x10, 0x30, 0x10, 0x20, 0x00, 0x20, 0x00, 0x20,
    0x00, 0x20, 0x00, 0x28, 0x40, 0x28, 0x00, 0x08, 0x0C, 0x08, 0x10, 0x18, 0x1C, 0x38, 0x34, 0x3E, 0x5C, 0x3E, 0x74, 0x7E, 0x5C, 0x7E, 0x74, 0xFC,
    0x5C, 0xFC, 0x74, 0xFC, 0xDD, 0xFF, 0x75, 0xFF, 0xDD, 0xFB, 0x73, 0xFB, 0xD5, 0xFF, 0x77, 0xFF, 0xDD, 0xFF, 0x77, 0xFF, 0xDD, 0xFF, 0x77, 0xFF,
    0xDD, 0xFF, 0x77, 0xFF, 0x00, 0x9A, 0x00, 0x00, 0x04, 0x94, 0x00, 0x00, 0x80, 0x80, 0x00, 0x00, 0x80, 0x80, 0x00, 0x00, 0x80, 0x80, 0x00, 0x00,
    0x80, 0x80, 0x00, 0x07, 0x20, 0x00, 0x20, 0x00, 0xA0, 0x80, 0x80, 0x00, 0x80, 0x80, 0x00, 0x00, 0x80, 0x80, 0x30, 0x00, 0x80, 0x80, 0x82, 0x01,
    0x82, 0xC5, 0x82, 0x47, 0xC6, 0x45, 0x86, 0x45, 0x8E, 0xC5, 0x8F, 0x45, 0xEF, 0xDD, 0xFF, 0x77, 0xFF, 0xD5, 0xFA, 0x76, 0xFE, 0xD4, 0xFE, 0x77,
    0xFF, 0xDD, 0xFF, 0x77, 0xFF, 0xDD, 0xFF, 0x57, 0xFF, 0xDD, 0xFF, 0x77, 0xFF, 0xDD, 0xFF, 0x00, 0x08, 0x40, 0x02, 0x10, 0x81, 0x00, 0x7C, 0x02,
    0x00, 0x02, 0x00, 0x06, 0x04, 0x0E, 0x04, 0x0E, 0x04, 0x0E, 0x04, 0x0E, 0x04, 0x0A, 0x04, 0x0E, 0x0C, 0x0E, 0x16, 0x0E, 0x14, 0x0E, 0x04, 0x0E,
    0x04, 0x08, 0x04, 0x4C, 0x0C, 0x0E, 0x15, 0x0B, 0x05, 0x0B, 0x01, 0x0B, 0x01, 0x03, 0x07, 0x0F, 0x05, 0x0F, 0x17, 0x0F, 0x0D, 0x0F, 0x07, 0x0E,
    0x0D, 0x0E, 0x15, 0x1F, 0x1D, 0x3F, 0x17, 0x3F, 0x9D, 0x3F, 0x37, 0x3E, 0x14, 0x3A, 0x36, 0xBE, 0x55, 0xBF, 0x77, 0xFF, 0xDD, 0xFF, 0x57, 0xEF,
    0xDD, 0x8F, 0x37, 0x9F, 0xBD, 0xBF, 0x37, 0xBF, 0x1D, 0xBF, 0x37, 0xFF, 0x5D, 0x7E, 0x77, 0xFE, 0x5D, 0xFF, 0x77, 0xFF, 0xDF, 0xFF, 0x77, 0xFF,
    0xDD, 0xFB, 0x73, 0xFB, 0xD5, 0xFF, 0x77, 0xFF, 0xDD, 0xFF, 0x77, 0xFF, 0xDD, 0xEF, 0x57, 0xDF, 0xDD, 0xFF, 0x57, 0xFF, 0xDD, 0xFF, 0x00, 0x08,
    0x00, 0x08, 0x10, 0x08, 0x80, 0x00, 0x76, 0x08, 0x00, 0x03, 0x14, 0x0E, 0x14, 0x2E, 0x14, 0x2E, 0x0C, 0x0E, 0x14, 0x0C, 0x1C, 0x3C, 0x14, 0x3C,
    0x1C, 0x3A, 0x14, 0x3A, 0x1C, 0x3A, 0x30, 0x3A, 0x10, 0x32, 0x34, 0x2E, 0x14, 0x2E, 0x14, 0x2E, 0x0C, 0x2E, 0x04, 0x0E, 0x1D, 0x1A, 0x17, 0x3E,
    0x1D, 0x3F, 0x37, 0x3E, 0x3D, 0x3E, 0x36, 0x3E, 0x7C, 0x3E, 0x74, 0x7E, 0x5C, 0x7E, 0x7D, 0x7E, 0x5D, 0x7B, 0x71, 0x7B, 0x51, 0x7B, 0x73, 0xFB,
    0x55, 0xFF, 0x77, 0xFF, 0x5D, 0xEF, 0x77, 0xEF, 0xCD, 0xCF, 0x57, 0x9F, 0x5D, 0xBF, 0x77, 0xFF, 0x5D, 0xBF, 0x77, 0xFF, 0x5D, 0x7E, 0x76, 0xFE,
    0x5C, 0xFE, 0x77, 0xFF, 0xDD, 0xFF, 0x75, 0xFF, 0xDD, 0xFB, 0x73, 0xFB, 0xD5, 0xFB, 0x77, 0xFF, 0xDD, 0xFF, 0x77, 0xFF, 0xDD, 0xFF, 0x77, 0xFF,
    0xDD, 0xFF, 0x77, 0xFF, 0xDD, 0xFF, 0x83, 0x00, 0x00, 0x02, 0x8C, 0x00, 0x00, 0x20, 0xB1, 0x00, 0x34, 0x20, 0x00, 0x20, 0x00, 0x20, 0x00, 0x28,
    0x00, 0x28, 0x00, 0x28, 0x58, 0x38, 0x50, 0x78, 0x58, 0x78, 0x70, 0xF8, 0x58, 0x38, 0x70, 0xF8, 0x50, 0xFA, 0x74, 0xFE, 0xDD, 0xFF, 0x75, 0xFF,
    0xDD, 0xEF, 0x55, 0xEF, 0xDD, 0xFF, 0x57, 0xFF, 0xDD, 0xFF, 0x77, 0xFF, 0x5D, 0xFF, 0x77, 0x7F, 0x5D, 0xFF, 0x77, 0xFF, 0xDD, 0xFF, 0x00, 0x90,
    0x00, 0x00, 0x02, 0xB3, 0x00, 0x3C, 0x80, 0x00, 0x80, 0x40, 0x80, 0x40, 0x80, 0x40, 0x80, 0x80, 0x82, 0x01, 0x82, 0x85, 0x83, 0x07, 0x8E, 0x04,
    0x06, 0x06, 0x0E, 0x04, 0x0E, 0x44, 0xCE, 0xDC, 0xEE, 0x55, 0xFF, 0xDD, 0xFB, 0x51, 0xFB, 0xD1, 0xFB, 0x73, 0xFF, 0xD5, 0xFF, 0x77, 0xFF, 0xD5,
    0xEF, 0x67, 0xEF, 0xCD, 0xEF, 0x57, 0xFF, 0xDD, 0xFF, 0x77, 0xFF, 0xDD, 0x08, 0x00, 0x08, 0x80, 0x01, 0x00, 0x08, 0x80, 0x00, 0x77, 0x0A, 0x04,
    0x0A, 0x04, 0x0E, 0x04, 0x0E, 0x04, 0x0E, 0x0C, 0x0E, 0x14, 0x0E, 0x1C, 0x1E, 0x14, 0x1C, 0x1C, 0x18, 0x10, 0x58, 0x10, 0x3A, 0x10, 0x3A, 0x14,
    0x3E, 0x1C, 0x2E, 0x04, 0x2E, 0x04, 0x0E, 0x04, 0x0E, 0x05, 0x0F, 0x1D, 0x1F, 0x17, 0x3F, 0x1D, 0x3F, 0x17, 0x3E, 0x1C, 0x3E, 0x36, 0x3E, 0x1C,
    0x3E, 0x74, 0x7E, 0x5C, 0x3E, 0x75, 0x78, 0x5D, 0x3B, 0x31, 0xBB, 0x51, 0xBB, 0x77, 0xFF, 0x55, 0xFF, 0x77, 0xEF, 0x45, 0xAF, 0x47, 0xEF, 0x5D,
    0xBF, 0x57, 0xFF, 0xDD, 0xBF, 0x37, 0xBF, 0x1D, 0x3F, 0x77, 0xFE, 0x5D, 0xFF, 0x77, 0xFE, 0xDD, 0xFF, 0x77, 0xFF, 0xDD, 0xFF, 0x75, 0xFF, 0xDD,
    0xFF, 0x77, 0xFF, 0xDD, 0xFF, 0x77, 0xFF, 0xDD, 0xFF, 0x77, 0xFF, 0x5D, 0xFF, 0x77, 0xFF, 0xDD, 0xFF, 0x77, 0xFF, 0xDD, 0x20, 0x10, 0x81, 0x00,
    0x79, 0x08, 0x00, 0x08, 0x10, 0x08, 0x18, 0x38, 0x10, 0x38, 0x14, 0x38, 0x10, 0x38, 0x14, 0x38, 0x34, 0x3C, 0x5C, 0x38, 0x74, 0x78, 0x58, 0x38,
    0x10, 0x38, 0x10, 0x38, 0x10, 0x38, 0x50, 0x3A, 0x74, 0x3E, 0x54, 0x2E, 0x04, 0x2E, 0x44, 0x2E, 0x04, 0x0E, 0x7C, 0x3E, 0x34, 0x3E, 0x7C, 0x3E,
    0x34, 0x3E, 0x1C, 0x3E, 0xF4, 0x7E, 0x5C, 0x7F, 0x74, 0xFE, 0x5C, 0xFE, 0x74, 0xFC, 0xDC, 0xF8, 0x51, 0xFA, 0xDD, 0xFB, 0x77, 0xFF, 0xDD, 0xFF,
    0x77, 0xFF, 0x5D, 0x3F, 0x77, 0x7E, 0x5D, 0xFF, 0x77, 0xFF, 0xDD, 0xFF, 0x77, 0xFF, 0xDD, 0xFF, 0x75, 0xFF, 0xDD, 0xFF, 0x77, 0xFF, 0xDD, 0xFF,
    0x77, 0xFF, 0xDD, 0xEF, 0x67, 0xEF, 0xCD, 0xFF, 0x57, 0xFF, 0xDD, 0xFF, 0x77, 0xFF, 0xDD, 0xBF, 0x37, 0xBF, 0x5D, 0x7F, 0x77, 0xFF, 0xDD, 0xFF,
    0x77, 0xFF, 0xDD, 0x8E, 0x00, 0x00, 0x40, 0x9E, 0x00, 0x00, 0x01, 0x88, 0x00, 0x00, 0x80, 0x86, 0x00, 0x01, 0x01, 0x01, 0x82, 0x00, 0x2F, 0x20,
    0x00, 0x20, 0x00, 0x20, 0x70, 0x68, 0x50, 0x78, 0x70, 0xF8, 0x50, 0xF8, 0x70, 0xF8, 0xD1, 0xF9, 0x71, 0xFB, 0xD1, 0xF3, 0x71, 0xFB, 0xD5, 0xE3,
    0x67, 0xEF, 0xC5, 0xEF, 0x57, 0xFF, 0xDD, 0xFF, 0x77, 0xFF, 0xDD, 0xBF, 0x37, 0xBF, 0x5D, 0xFF, 0x77, 0xFF, 0xDD, 0xFF, 0x77, 0xFF, 0xDD, 0x00,
    0x9E, 0x00, 0x00, 0x01, 0xA1, 0x00, 0x39, 0x40, 0x00, 0x40, 0x00, 0x40, 0x02, 0x00, 0x02, 0x00, 0x02, 0x04, 0x0E, 0x04, 0x0E, 0x05, 0x8E, 0x0C,
    0x8E, 0x07, 0x8E, 0x0C, 0x0E, 0x16, 0x0E, 0x1C, 0x1E, 0x16, 0xBE, 0x5C, 0xFE, 0x54, 0xFE, 0xDC, 0xE8, 0x51, 0xF9, 0xDD, 0xFB, 0x57, 0xFF, 0xDD,
    0xFF, 0x77, 0xFF, 0xD5, 0xBF, 0x77, 0xEF, 0xDD, 0xFF, 0x77, 0xFF, 0xDD, 0xFF, 0x77, 0xFF, 0xDD, 0xFF, 0x82, 0x00, 0x7C, 0x08, 0x04, 0x08, 0x00,
    0x08, 0x1C, 0x18, 0x14, 0x18, 0x14, 0x18, 0x14, 0x3C, 0x14, 0x3C, 0x14, 0x3C, 0x1C, 0x3C, 0x94, 0xBC, 0x1C, 0x38, 0x10, 0x38, 0x10, 0x38, 0x10,
    0x3A, 0x10, 0x3A, 0x34, 0x2E, 0x04, 0x26, 0x04, 0xAE, 0x04, 0x2E, 0x04, 0x2E, 0x1C, 0x3E, 0x16, 0x3E, 0x1C, 0x3E, 0x14, 0x3E, 0x1C, 0x3E, 0x36,
    0x3E, 0x5D, 0x7F, 0x76, 0x7E, 0x5C, 0x7E, 0x74, 0xFC, 0x5C, 0xF8, 0x51, 0xFB, 0xDF, 0xFB, 0x77, 0xFF, 0xDD, 0xBF, 0x37, 0xBF, 0x15, 0x2F, 0x77,
    0xFF, 0x5D, 0xFF, 0x77, 0xFF, 0x7D, 0xFF, 0x77, 0xFF, 0xFD, 0xFF, 0x77, 0xFF, 0xDD, 0xFF, 0x77, 0xFF, 0xDD, 0xFF, 0x77, 0xFF, 0xD5, 0xEF, 0x75,
    0xEF, 0xDD, 0xFF, 0x77, 0xFF, 0xDD, 0xFF, 0x77, 0xFF, 0xDD, 0xBF, 0x37, 0xBF, 0x5D, 0xFF, 0x77, 0xFF, 0xFD, 0xFF, 0x77, 0xFF, 0xDD, 0xFF, 0x00,
    0x20, 0x82, 0x00, 0x78, 0x08, 0x00, 0x08, 0x10, 0x38, 0x10, 0x38, 0x10, 0x38, 0x10, 0x38, 0x10, 0x38, 0x30, 0x78, 0x50, 0x78, 0x70, 0x68, 0x40,
    0x68, 0x40, 0x68, 0x40, 0x68, 0x50, 0xF8, 0x50, 0x38, 0x10, 0xB8, 0x10, 0x20, 0x10, 0x28, 0x14, 0x2C, 0x74, 0x7C, 0x5C, 0x7C, 0x74, 0xFC, 0x5C,
    0xFA, 0x70, 0xF8, 0x58, 0xF9, 0x70, 0xF8, 0x5C, 0xFA, 0x74, 0xFE, 0xD4, 0xFA, 0x74, 0xEC, 0xC4, 0xE8, 0x44, 0xEE, 0xDC, 0xFE, 0x55, 0xFF, 0xDD,
    0xBF, 0x17, 0xBE, 0x1D, 0x3E, 0x37, 0xBE, 0x5C, 0xFE, 0x7E, 0xFE, 0x5C, 0xFE, 0x74, 0xFE, 0xDC, 0xFC, 0x77, 0xF9, 0xDD, 0xFB, 0x77, 0xFF, 0xDD,
    0xFF, 0x77, 0xFF, 0xD5, 0xEF, 0x67, 0xEF, 0xCD, 0xEF, 0x77, 0xFF, 0xDD, 0xFF, 0x57, 0xFF, 0xDD, 0xBF, 0x37, 0xBF, 0xDD, 0xFF, 0x77, 0xFF, 0xDD,
    0xFF, 0x77, 0xFF, 0xDD, 0xFE, 0x89, 0x00, 0x00, 0x40, 0x9D, 0x00, 0x00, 0x02, 0x81, 0x00, 0x00, 0x01, 0x92, 0x00, 0x37, 0x01, 0x00, 0x01, 0x00,
    0x01, 0x00, 0x01, 0x00, 0x01, 0x00, 0x00, 0x20, 0x00, 0x60, 0x40, 0x60, 0x60, 0xE0, 0x40, 0xE0, 0x40, 0xE0, 0xC1, 0xE1, 0x51, 0xF3, 0xD1, 0xF3,
    0x53, 0xE3, 0xD1, 0xA3, 0x13, 0xAF, 0x55, 0xFF, 0x77, 0xFF, 0xDD, 0xFF, 0x77, 0xFF, 0xDD, 0xFF, 0x77, 0xFF, 0xDD, 0xFF, 0x77, 0xFF, 0xDD, 0xFF,
    0x77, 0xFF, 0xDD, 0xFF, 0x00, 0x02, 0x00, 0x00, 0x08, 0xC0, 0x00, 0x00, 0x08, 0x82, 0x00, 0x7F, 0x02, 0x02, 0x0E, 0x04, 0x8E, 0x04, 0x8E, 0x0C,
    0x8E, 0x14, 0x0E, 0x1C, 0x1E, 0x14, 0x1E, 0x1C, 0x3E, 0x14, 0xBF, 0x1C, 0xBA, 0x36, 0xBE, 0x54, 0xB2, 0x74, 0xEE, 0xC5, 0xEF, 0x77, 0xEF, 0xDD,
    0xFF, 0x57, 0xFF, 0xDD, 0x9F, 0x17, 0xBF, 0x9D, 0xBF, 0x77, 0xFF, 0xDD, 0xFF, 0x77, 0xFF, 0x5D, 0xFE, 0x77, 0xFE, 0xDD, 0x20, 0x00, 0x20, 0x00,
    0x28, 0x00, 0x28, 0x0C, 0x28, 0x10, 0x08, 0x18, 0x18, 0x10, 0x38, 0x18, 0x38, 0x30, 0x38, 0x58, 0x38, 0x70, 0x78, 0x58, 0xB8, 0x70, 0x68, 0x40,
    0x68, 0x50, 0x68, 0x5C, 0x78, 0x50, 0x38, 0x10, 0x38, 0x10, 0x38, 0x14, 0x3E, 0x34, 0x3E, 0x5C, 0x3E, 0x74, 0x7E, 0x5C, 0x7C, 0x54, 0x7C, 0x5D,
    0xFC, 0x74, 0xFC, 0x5C, 0xFA, 0x74, 0xFA, 0x5E, 0xFA, 0x70, 0xFA, 0xD4, 0xE2, 0x74, 0xEE, 0xDC, 0xEE, 0x76, 0xFE, 0xDC, 0xFE, 0x56, 0x9E, 0x9D,
    0x33, 0xBE, 0x17, 0xBE, 0x1D, 0xBE, 0x77, 0xFE, 0x5C, 0xFE, 0x76, 0xFE, 0x5D, 0xFE, 0xF4, 0xFC, 0xDC, 0xFF, 0x75, 0xFF, 0xDD, 0xFB, 0x73, 0xFB,
    0xD5, 0xF3, 0x77, 0xFF, 0xD5, 0xFF, 0x77, 0xFF, 0xDD, 0xFF, 0x77, 0xFF, 0xDD, 0xFF, 0x57, 0xFF, 0xDD, 0xBF, 0x77, 0xFF, 0xDD, 0xFF, 0x77, 0xFF,
    0xDD, 0xFE, 0x76, 0xFE, 0xDC, 0x81, 0x00, 0x7B, 0x20, 0x00, 0x20, 0x00, 0x20, 0x00, 0x20, 0x40, 0x20, 0x00, 0x20, 0x50, 0x30, 0x50, 0xF1, 0x50,
    0xB0, 0x70, 0xE0, 0x50, 0x20, 0x60, 0xE0, 0x40, 0xE0, 0x40, 0xE0, 0x40, 0xE0, 0x40, 0xC8, 0x40, 0x88, 0x10, 0x88, 0x10, 0x38, 0x10, 0xB8, 0x50,
    0x38, 0x70, 0x78, 0x50, 0x79, 0x70, 0xF8, 0x70, 0xF8, 0x70, 0xF8, 0xD8, 0xF8, 0x70, 0xF8, 0xD0, 0xF8, 0x70, 0xF0, 0xD0, 0xE0, 0x70, 0xE8, 0xD4,
    0xEC, 0x74, 0xEE, 0xDC, 0xFE, 0x55, 0xFC, 0xDD, 0xBE, 0x15, 0xBE, 0xDD, 0xFF, 0x7D, 0xFE, 0xDD, 0xFE, 0x74, 0xFE, 0xDC, 0xFF, 0x74, 0xFC, 0xDC,
    0xFF, 0x75, 0xFF, 0xDD, 0xFF, 0x75, 0xFB, 0xDD, 0xFB, 0x77, 0xFF, 0xD5, 0xFF, 0x77, 0xFF, 0xDD, 0xFF, 0x77, 0xFF, 0xDD, 0xFF, 0x77, 0xFF, 0xDD,
    0xFF, 0x77, 0xFF, 0xDD, 0xFF, 0x77, 0xFF, 0xDD, 0xFF, 0x77, 0xFF, 0xD5, 0x83, 0x00, 0x00, 0x80, 0x9A, 0x00, 0x00, 0x04, 0x88, 0x00, 0x00, 0x10,
    0x80, 0x00, 0x00, 0x20, 0x81, 0x00, 0x03, 0x01, 0x00, 0x09, 0x09, 0x88, 0x01, 0x01, 0x00, 0x01, 0x80, 0x00, 0x01, 0x01, 0x00, 0x82, 0x01, 0x2B,
    0x03, 0x01, 0x03, 0x01, 0x02, 0x01, 0xE2, 0x41, 0xE3, 0x41, 0xE3, 0xC1, 0xE3, 0x43, 0xC3, 0xC1, 0x83, 0x03, 0x83, 0x95, 0xBF, 0x17, 0xBF, 0x55,
    0xFF, 0x77, 0xFF, 0x5D, 0x7E, 0x76, 0xFE, 0xDC, 0xFF, 0x75, 0xFF, 0xDD, 0xFF, 0x77, 0xFF, 0xDD, 0xFB, 0x73, 0xFB, 0xD5, 0x00, 0xC2, 0x00, 0x7F,
    0x08, 0x00, 0x0C, 0x00, 0x48, 0x00, 0x48, 0x10, 0x5E, 0x1C, 0x3E, 0x14, 0x3E, 0x1C, 0x3E, 0x14, 0x3E, 0x1C, 0x3C, 0x14, 0x3C, 0x5C, 0x3E, 0x74,
    0xFE, 0x5C, 0xBA, 0x70, 0xBA, 0x50, 0xB2, 0x73, 0xFE, 0x55, 0xFF, 0x77, 0xEF, 0xDD, 0xEF, 0x57, 0xEF, 0xDD, 0x9F, 0x57, 0xFF, 0xDD, 0xBF, 0x77,
    0xFF, 0xDD, 0xFF, 0x77, 0xFF, 0x5D, 0xFE, 0x76, 0xFE, 0xDC, 0xFF, 0x10, 0x28, 0x10, 0x38, 0x10, 0x28, 0x10, 0x28, 0x10, 0x28, 0x50, 0x38, 0x10,
    0x78, 0x58, 0x78, 0x78, 0xF8, 0x58, 0x78, 0x70, 0xF8, 0x50, 0x30, 0x70, 0xE0, 0x42, 0xE0, 0x60, 0xE8, 0x44, 0xE8, 0x40, 0xC8, 0x48, 0x88, 0x10,
    0x98, 0x1C, 0xB8, 0x34, 0xBC, 0x5C, 0xBC, 0x76, 0x7C, 0x5C, 0x7C, 0x74, 0xFC, 0x5C, 0xFC, 0x74, 0xFD, 0xDD, 0xF8, 0x70, 0xF8, 0xD8, 0xF8, 0x70,
    0xF8, 0xD0, 0xF2, 0x74, 0xFE, 0xD4, 0xFE, 0x74, 0x3A, 0xEE, 0xCC, 0xEE, 0x54, 0xDE, 0xDC, 0xBE, 0x54, 0xFE, 0xDC, 0xFE, 0x76, 0xFE, 0xDC, 0xFF,
    0x76, 0xFE, 0x7C, 0xFE, 0x74, 0xFE, 0xDC, 0xFE, 0x75, 0xFE, 0xDD, 0xFF, 0x75, 0xFB, 0xD9, 0xFB, 0x77, 0xFF, 0xDF, 0xFF, 0x77, 0xFF, 0xDF, 0xFF,
    0x77, 0xFF, 0x5D, 0xFF, 0x77, 0xFF, 0xDD, 0xFF, 0x77, 0xFF, 0xDD, 0xFF, 0x77, 0xFF, 0xDD, 0xFF, 0x7F, 0xFF, 0xDD, 0xFF, 0x82, 0x00, 0x28, 0x20,
    0x00, 0x20, 0x00, 0x20, 0x40, 0x20, 0x42, 0x60, 0x40, 0xE0, 0x40, 0xE0, 0x41, 0xE0, 0x40, 0xA0, 0x40, 0xA0, 0x00, 0xA0, 0x40, 0xA0, 0x40, 0xE0,
    0x40, 0xA0, 0x40, 0xC0, 0x40, 0x00, 0x00, 0x80, 0x50, 0xB0, 0x10, 0xB8, 0x70, 0xB0, 0x70, 0xF0, 0x80, 0x70, 0x51, 0xF0, 0x50, 0xF0, 0x70, 0xF8,
    0xF0, 0xF8, 0x70, 0xE8, 0xD0, 0xE0, 0x51, 0xE8, 0xD1, 0xB1, 0x51, 0xF9, 0xD1, 0xF9, 0x71, 0xF8, 0x55, 0x78, 0x74, 0xFC, 0x5C, 0xF8, 0x75, 0xFC,
    0xDD, 0xFB, 0x75, 0xFB, 0xD9, 0xFB, 0x71, 0xFA, 0xD1, 0xFA, 0x71, 0xFF, 0xD5, 0xFF, 0x77, 0xFF, 0xDD, 0xEF, 0x55, 0xEF, 0xDD, 0xDF, 0x57, 0xFF,
    0xDD, 0xFF, 0x77, 0xFF, 0xDD, 0xFF, 0x77, 0xFF, 0x5D, 0x7E, 0x76, 0xFE, 0xDD, 0xFF, 0x77, 0xFF, 0xDD, 0xFF, 0x75, 0xFF, 0xD9, 0xFB, 0x73, 0xFB,
    0xD5, 0xFF, 0x00, 0x00, 0x80, 0x94, 0x00, 0x00, 0x01, 0x80, 0x00, 0x00, 0x04, 0x88, 0x00, 0x00, 0x08, 0x81, 0x00, 0x00, 0x10, 0x82, 0x00, 0x02,
    0x08, 0x09, 0x00, 0x88, 0x01, 0x0A, 0x03, 0x01, 0x03, 0x01, 0x02, 0x00, 0x02, 0x00, 0x02, 0x00, 0x00, 0x86, 0x01, 0x28, 0x03, 0x01, 0x83, 0x01,
    0x83, 0x03, 0x83, 0x45, 0x83, 0x07, 0x87, 0x05, 0x87, 0x07, 0x8F, 0xC5, 0xAF, 0x17, 0xBF, 0xDD, 0xBF, 0x37, 0xBF, 0x55, 0xFE, 0x76, 0xFE, 0xDD,
    0xFF, 0x77, 0xFF, 0xDD, 0xFF, 0x75, 0xFF, 0xDD, 0xFB, 0x73, 0xFB, 0xDD, 0xFF, 0x00, 0xAD, 0x00, 0x00, 0x80, 0x8D, 0x00, 0x7F, 0x08, 0x20, 0x00,
    0x24, 0x00, 0x20, 0x08, 0x04, 0x08, 0x14, 0x1C, 0x1C, 0x3C, 0x14, 0x3C, 0x1C, 0x38, 0x34, 0x3C, 0x14, 0x3C, 0x34, 0x7C, 0x5E, 0x7E, 0x74, 0xFC,
    0x5C, 0xF8, 0x50, 0xF8, 0x58, 0xFA, 0x50, 0xFA, 0xDD, 0xFF, 0x77, 0xFF, 0x5D, 0xFF, 0x77, 0xEF, 0x5D, 0x7F, 0x77, 0xFF, 0xDD, 0xFF, 0x77, 0xFF,
    0xDD, 0xFF, 0x77, 0xFF, 0xDD, 0xFF, 0x77, 0xFF, 0xDD, 0xFF, 0x77, 0xFF, 0x10, 0x38, 0x10, 0x38, 0x10, 0xB0, 0x30, 0x38, 0x50, 0x30, 0x74, 0x78,
    0x50, 0xF8, 0x70, 0xF8, 0x50, 0xF8, 0x70, 0xF8, 0x50, 0xB2, 0x50, 0xF0, 0x50, 0xF0, 0x70, 0xE8, 0x50, 0xE0, 0xC0, 0xE8, 0x40, 0xA8, 0x40, 0xC8,
    0x58, 0xB8, 0x54, 0xF8, 0xD8, 0xB8, 0x70, 0xB8, 0x58, 0x38, 0x70, 0xF8, 0x50, 0xF8, 0x70, 0xF8, 0xDC, 0xF8, 0x70, 0xF8, 0xD8, 0xF8, 0x50, 0xF8,
    0xD2, 0xF8, 0x70, 0xF8, 0xDC, 0x3E, 0xFE, 0x74, 0xFE, 0x5C, 0xBE, 0x74, 0xFE, 0x5C, 0xFE, 0x74, 0xFE, 0xDC, 0xFE, 0x74, 0xFE, 0xFC, 0xFA, 0x78,
    0xFA, 0xD8, 0xFA, 0x74, 0xFE, 0xDC, 0xFE, 0x76, 0xFE, 0xDC, 0xFE, 0x74, 0xEE, 0xCD, 0xEF, 0x57, 0xFF, 0xDF, 0xFF, 0x77, 0xFF, 0xDD, 0xBF, 0x37,
    0xBF, 0x5D, 0x7E, 0x77, 0xFE, 0xDD, 0xFF, 0x77, 0xFF, 0xDD, 0xFF, 0x75, 0xFF, 0xDD, 0xFB, 0x71, 0xFB, 0xDD, 0xFF, 0x77, 0xFF, 0x86, 0x00, 0x31,
    0x20, 0x00, 0x20, 0x42, 0x60, 0x40, 0xE0, 0x40, 0xE0, 0x40, 0xC0, 0x40, 0x80, 0x00, 0x80, 0x00, 0x80, 0x00, 0xA0, 0x80, 0x20, 0x02, 0x20, 0x00,
    0x20, 0x00, 0x20, 0x40, 0xE0, 0x40, 0xE0, 0xD0, 0xE0, 0x50, 0xF0, 0xD0, 0xB0, 0x70, 0xE0, 0xD0, 0xF0, 0x70, 0xE0, 0xC0, 0xE0, 0x61, 0xE0, 0xC1,
    0xE0, 0x41, 0x80, 0xC1, 0x41, 0x51, 0xF9, 0xD1, 0xB9, 0x11, 0xBB, 0x11, 0x3B, 0x31, 0x3A, 0x50, 0x7A, 0x70, 0xFA, 0xDC, 0xFA, 0x71, 0xF8, 0xD9,
    0xF9, 0x71, 0xF9, 0xD1, 0xFF, 0x71, 0xFB, 0xD1, 0xFB, 0x77, 0xFF, 0xD5, 0xEF, 0x67, 0xEF, 0xC5, 0xEF, 0x57, 0xFF, 0xDD, 0xFF, 0x77, 0xFF, 0xDD,
    0xFF, 0x77, 0xBF, 0x5D, 0xFF, 0x77, 0xFF, 0xDD, 0xFF, 0x77, 0xFF, 0xDD, 0xFF, 0x75, 0xFF, 0xDD, 0xFB, 0x75, 0xFB, 0xDD, 0xFF, 0x77, 0xFF, 0x91,
    0x00, 0x03, 0x01, 0x00, 0x00, 0x02, 0x89, 0x00, 0x00, 0x04, 0x82, 0x00, 0x00, 0x08, 0x80, 0x00, 0x02, 0x01, 0x00, 0x11, 0x85, 0x01, 0x00, 0x03,
    0x80, 0x01, 0x12, 0x03, 0x01, 0x03, 0x01, 0x03, 0x01, 0x03, 0x01, 0x03, 0x01, 0x02, 0x00, 0x02, 0x00, 0x02, 0x00, 0x02, 0x01, 0x02, 0x82, 0x01,
    0x03, 0x03, 0x01, 0x03, 0x01, 0x80, 0x03, 0x23, 0x05, 0x03, 0x07, 0x07, 0x05, 0x07, 0x07, 0x0F, 0x45, 0x8F, 0x47, 0xCF, 0xCD, 0xAF, 0x57, 0xEF,
    0xFF, 0xBB, 0x77, 0xFF, 0xDD, 0xFF, 0x77, 0xFF, 0xDD, 0xFF, 0x77, 0xEF, 0xC5, 0xEF, 0x67, 0xEF, 0xDD, 0xFF, 0x77, 0xFF, 0x00, 0xA3, 0x00, 0x03,
    0x80, 0x00, 0x00, 0x20, 0x8D, 0x00, 0x06, 0x10, 0x00, 0x08, 0x00, 0x00, 0x10, 0x08, 0x80, 0x00, 0x7F, 0x08, 0x00, 0x28, 0x54, 0x2C, 0x5C, 0x3C,
    0x54, 0x3C, 0x1C, 0x38, 0x10, 0x38, 0x18, 0x38, 0x30, 0x3C, 0x58, 0x78, 0x74, 0xFE, 0x54, 0x7A, 0x74, 0xEC, 0x44, 0xEE, 0x44, 0xEE, 0xDC, 0xFE,
    0x56, 0xFE, 0xDC, 0xBE, 0x17, 0xBE, 0x1D, 0x3E, 0x37, 0xFE, 0x5C, 0xFE, 0x77, 0xFE, 0xDC, 0xFE, 0x74, 0xFE, 0xDD, 0xFD, 0x75, 0xFF, 0xDD, 0xFF,
    0x77, 0xFF, 0xDD, 0xFF, 0x77, 0xB0, 0x50, 0xB0, 0x10, 0xB0, 0x10, 0x30, 0x30, 0xF0, 0x50, 0xF0, 0x70, 0xF0, 0x50, 0xE1, 0x60, 0xE0, 0xC0, 0xE0,
    0x40, 0xE8, 0xC0, 0xE0, 0x50, 0xF8, 0xD0, 0xB0, 0x10, 0xB8, 0x10, 0x30, 0x30, 0x28, 0x50, 0x78, 0x70, 0xF8, 0x58, 0xF8, 0x70, 0xF8, 0xD8, 0xF8,
    0x70, 0xF8, 0xD0, 0xF8, 0x70, 0xF8, 0xD0, 0xF8, 0x70, 0xF8, 0xD0, 0xE0, 0x60, 0xE8, 0xC0, 0xE8, 0x50, 0xFC, 0xDC, 0xF8, 0x54, 0xFC, 0x9C, 0xB8,
    0x34, 0x3C, 0xBC, 0x1C, 0x3C, 0x74, 0xFC, 0x5C, 0xFC, 0x74, 0xFC, 0xDC, 0xFC, 0x74, 0xF8, 0xD8, 0xF8, 0x70, 0xF8, 0xD8, 0xFA, 0x70, 0xFA, 0xD4,
    0xFE, 0x77, 0xEE, 0xC4, 0xEE, 0x76, 0xEE, 0xDD, 0xFF, 0x77, 0xFF, 0xDD, 0xFF, 0x77, 0xFF, 0xDD, 0xBF, 0x77, 0xFF, 0xDD, 0xFF, 0x77, 0xFF, 0xDD,
    0xFE, 0x76, 0xFE, 0xDC, 0xFE, 0x75, 0xFF, 0xDD, 0xFF, 0x77, 0xFF, 0xDD, 0xFF, 0x77, 0x08, 0x81, 0x00, 0x17, 0x04, 0x00, 0x00, 0x80, 0x00, 0x80,
    0x00, 0x80, 0x40, 0x80, 0x00, 0x80, 0x40, 0x00, 0x40, 0x80, 0x40, 0x80, 0x04, 0x80, 0x00, 0x80, 0x01, 0x80, 0x80, 0x00, 0x5F, 0x20, 0x00, 0x20,
    0x40, 0xE0, 0xC0, 0xE0, 0x40, 0xE0, 0x40, 0xE0, 0x40, 0xE0, 0xC1, 0xE1, 0x41, 0xE1, 0xC1, 0xE1, 0x41, 0xE1, 0xC1, 0xA1, 0x41, 0xE1, 0x41, 0xE1,
    0x61, 0xE1, 0xC1, 0xE3, 0x51, 0xE3, 0xD1, 0xB3, 0x11, 0xBB, 0x51, 0xB3, 0x71, 0xFB, 0xD1, 0xFB, 0x71, 0xFA, 0xD0, 0xF2, 0x74, 0xE8, 0xC1, 0xE9,
    0x71, 0xFB, 0xD1, 0xFB, 0x73, 0xFB, 0xD5, 0xFB, 0x53, 0xBF, 0x95, 0xBF, 0x77, 0xFF, 0x5D, 0xFF, 0x77, 0xFF, 0xDD, 0xFF, 0x77, 0xFF, 0xDD, 0xFF,
    0x75, 0xFF, 0xDD, 0xFF, 0x77, 0xFF, 0xDD, 0xFF, 0x77, 0xFF, 0xD5, 0xFF, 0x77, 0xEF, 0xDD, 0xFF, 0x77, 0xFF, 0xDD, 0xFF, 0x57, 0x89, 0x00, 0x00,
    0x01, 0x8D, 0x00, 0x00, 0x04, 0x83, 0x00, 0x00, 0x04, 0x81, 0x00, 0x00, 0x08, 0x80, 0x00, 0x82, 0x01, 0x07, 0x03, 0x01, 0x03, 0x01, 0x03, 0x01,
    0x03, 0x01, 0x80, 0x03, 0x07, 0x01, 0x03, 0x01, 0x02, 0x01, 0x00, 0x01, 0x00, 0x80, 0x01, 0x01, 0x03, 0x01, 0x80, 0x03, 0x08, 0x01, 0x03, 0x01,
    0x03, 0x01, 0x03, 0x03, 0x07, 0x05, 0x80, 0x07, 0x00, 0x05, 0x80, 0x07, 0x22, 0x05, 0x07, 0x07, 0x0F, 0x05, 0x1F, 0x07, 0x0F, 0x05, 0x0E, 0x06,
    0xCE, 0x4C, 0xCC, 0x47, 0xEF, 0xDD, 0xFB, 0x77, 0xFF, 0xDD, 0xFB, 0x77, 0xFF, 0xD5, 0xE7, 0x77, 0xEF, 0xCD, 0xEF, 0x77, 0xFF, 0xDD, 0xFF, 0x77,
    0x00, 0x02, 0x00, 0x00, 0x01, 0x84, 0x00, 0x00, 0x80, 0x94, 0x00, 0x02, 0x80, 0x00, 0x10, 0x8C, 0x00, 0x00, 0x20, 0x83, 0x00, 0x7F, 0x08, 0x00,
    0x08, 0x00, 0x08, 0x20, 0x08, 0x30, 0x18, 0x30, 0x38, 0x10, 0x38, 0x1C, 0x38, 0x34, 0x3C, 0x5C, 0x38, 0x50, 0x78, 0x58, 0x7C, 0x70, 0xF8, 0x58,
    0xF8, 0x70, 0xF8, 0x50, 0xB2, 0x70, 0xE2, 0x44, 0xEE, 0x64, 0xEE, 0x5C, 0xFE, 0x56, 0xFE, 0xDC, 0xBE, 0x16, 0xBE, 0x1C, 0xBE, 0x36, 0xFE, 0xDD,
    0xFE, 0x77, 0xFE, 0xDC, 0xFE, 0x76, 0xFE, 0xDC, 0xFE, 0x75, 0xFF, 0xDD, 0xFF, 0x77, 0xFF, 0xDD, 0xFF, 0x77, 0xFF, 0x50, 0x60, 0x50, 0xE0, 0x50,
    0xF0, 0x70, 0xF0, 0xD0, 0xF0, 0x70, 0xF0, 0xD0, 0xE0, 0x60, 0xE0, 0x40, 0xE0, 0x40, 0xE0, 0xC0, 0xE0, 0x40, 0xE8, 0xD0, 0x98, 0x10, 0x98, 0x10,
    0xB8, 0x50, 0xB8, 0x50, 0xF8, 0x70, 0xF8, 0x50, 0xF8, 0x70, 0xF8, 0xD0, 0xF8, 0x70, 0xF8, 0xD8, 0xF8, 0x70, 0xF8, 0xD0, 0xF8, 0x70, 0xF0, 0xD0,
    0xE0, 0x60, 0xE0, 0xC0, 0xE8, 0x74, 0x45, 0xEC, 0xDC, 0xFC, 0x54, 0xFC, 0xDC, 0xB8, 0x10, 0xB8, 0xDC, 0xF8, 0x74, 0xFC, 0xDC, 0xFC, 0x74, 0xFC,
    0xDC, 0xF8, 0x74, 0xFC, 0xDC, 0xF8, 0x74, 0xFC, 0xDE, 0xFA, 0x74, 0xFA, 0xDC, 0xFA, 0x54, 0xBE, 0xD4, 0xBE, 0x77, 0xFE, 0xDD, 0xFE, 0x77, 0xFE,
    0xDC, 0xFE, 0x74, 0xFE, 0xDD, 0xFF, 0x75, 0xFF, 0xDD, 0xFF, 0x77, 0xFF, 0xDD, 0xFF, 0x77, 0xFE, 0xD5, 0xFF, 0x77, 0xFF, 0xDD, 0xFF, 0x77, 0xFF,
    0xDD, 0xFF, 0x57, 0xFF, 0x04, 0x82, 0x00, 0x0D, 0x80, 0x80, 0x00, 0x80, 0x00, 0x80, 0x20, 0x80, 0x00, 0x80, 0x00, 0x08, 0x00, 0x80, 0x80, 0x00,
    0x00, 0x80, 0x80, 0x00, 0x64, 0x80, 0x00, 0x40, 0x00, 0x80, 0x00, 0xA0, 0x40, 0xE0, 0x40, 0xE0, 0x40, 0xE0, 0x40, 0xE0, 0x40, 0xE0, 0xC1, 0xE1,
    0x41, 0xE1, 0xC1, 0xE1, 0x41, 0x81, 0x81, 0xE1, 0x41, 0xA3, 0x01, 0xA3, 0x61, 0xE3, 0x41, 0xE3, 0x61, 0xE2, 0x40, 0xE0, 0x51, 0xF0, 0xD1, 0xF1,
    0x71, 0xFB, 0xD1, 0xF3, 0x75, 0xF3, 0xD1, 0xF3, 0x71, 0xE3, 0xC1, 0xE3, 0x61, 0xEB, 0xC5, 0xEB, 0x57, 0xEF, 0xDD, 0xDB, 0x17, 0x9F, 0x9D, 0xBF,
    0x37, 0xFF, 0xDD, 0xFF, 0x77, 0xFF, 0x5D, 0xFE, 0x76, 0xFE, 0xDC, 0xFE, 0x75, 0xFF, 0xDD, 0xFF, 0x77, 0xFF, 0xDF, 0xFB, 0x73, 0xFB, 0xD7, 0xF7,
    0x77, 0xFF, 0xDD, 0xFF, 0x77, 0xFF, 0xDD, 0xFF, 0x57, 0xFF, 0x94, 0x00, 0x00, 0x04, 0x84, 0x00, 0x05, 0x04, 0x00, 0x00, 0x01, 0x08, 0x01, 0x84,
    0x00, 0x80, 0x01, 0x09, 0x03, 0x01, 0x03, 0x01, 0x03, 0x01, 0x03, 0x01, 0x03, 0x01, 0x80, 0x03, 0x05, 0x01, 0x02, 0x00, 0x02, 0x00, 0x02, 0x80,
    0x00, 0x81, 0x01, 0x03, 0x03, 0x01, 0x03, 0x01, 0x80, 0x03, 0x04, 0x01, 0x03, 0x07, 0x07, 0x05, 0x80, 0x07, 0x00, 0x05, 0x80, 0x07, 0x23, 0x05,
    0x0F, 0x07, 0x0F, 0x05, 0x0F, 0x07, 0x0F, 0x05, 0x0E, 0x06, 0x8E, 0x44, 0x8E, 0x45, 0xEF, 0xCD, 0xEF, 0x57, 0xEF, 0xDD, 0xFB, 0x57, 0xFB, 0xD5,
    0xBF, 0x57, 0xFF, 0xDD, 0xFF, 0x77, 0xFF, 0xDD, 0xFF, 0x77, 0xFF, 0x00, 0x82, 0x00, 0x00, 0x40, 0x95, 0x00, 0x00, 0x90, 0x8D, 0x00, 0x02, 0x20,
    0x00, 0x80, 0x88, 0x00, 0x7F, 0x08, 0x00, 0x08, 0x10, 0x08, 0x18, 0x38, 0x10, 0x38, 0x18, 0x38, 0x30, 0x38, 0x10, 0x38, 0x70, 0x78, 0x54, 0x78,
    0x70, 0x78, 0x5C, 0x78, 0x50, 0xF8, 0x50, 0xB8, 0x10, 0xBA, 0x14, 0xBA, 0xB4, 0xBE, 0x5C, 0xFE, 0x76, 0xFE, 0x5C, 0x7E, 0x54, 0xFE, 0x5C, 0xFE,
    0x74, 0xFE, 0xDC, 0xFE, 0x77, 0xFE, 0xDD, 0xFE, 0x76, 0xFE, 0xD4, 0xFE, 0x77, 0xFF, 0xDD, 0xFF, 0x77, 0xFF, 0xDD, 0xFF, 0x57, 0xFF, 0xDD, 0xFF,
    0x60, 0xE0, 0x40, 0xE0, 0x70, 0xE0, 0xD0, 0xF0, 0x70, 0xF0, 0xD0, 0xA0, 0x50, 0xA0, 0x40, 0xA0, 0x40, 0xE0, 0x40, 0xE0, 0x40, 0xE8, 0x40, 0xE8,
    0x40, 0x88, 0x50, 0xB8, 0x10, 0xB8, 0xD8, 0xF8, 0x70, 0xF8, 0x50, 0xF8, 0x70, 0xF8, 0x50, 0xF0, 0x70, 0xF8, 0xD0, 0xF8, 0x70, 0xF8, 0xD0, 0xF8,
    0x50, 0xF8, 0xD0, 0xB0, 0x10, 0xB8, 0xD0, 0xB8, 0x78, 0xF8, 0x5C, 0xF8, 0x74, 0x55, 0xFC, 0x5C, 0xF8, 0x74, 0xFC, 0xDC, 0xF8, 0x74, 0xF8, 0xDC,
    0xFC, 0x70, 0xF8, 0xD0, 0xF8, 0x70, 0xFC, 0xD4, 0xF8, 0x74, 0xFC, 0xDC, 0xFE, 0x74, 0xEC, 0xDC, 0xFE, 0x54, 0xDE, 0xDC, 0xFE, 0x77, 0xFE, 0xDD,
    0xFE, 0x77, 0xFE, 0x5C, 0x7E, 0x76, 0xFE, 0xDD, 0xFF, 0x74, 0xFE, 0xDD, 0xFF, 0x75, 0xFF, 0xDD, 0xFB, 0x71, 0xFB, 0xD1, 0xFB, 0x77, 0xFF, 0xD5,
    0xFF, 0x77, 0xFF, 0xDD, 0xEF, 0x77, 0xEF, 0xDD, 0xFF, 0x40, 0x00, 0x20, 0x00, 0x00, 0x88, 0x00, 0x80, 0x00, 0x80, 0x10, 0x80, 0x00, 0x80, 0x00,
    0x00, 0x01, 0x80, 0x01, 0x80, 0x00, 0x00, 0x20, 0x83, 0x00, 0x62, 0xC0, 0x40, 0xA0, 0x41, 0xE0, 0xC0, 0xA0, 0x40, 0xE0, 0x40, 0xA0, 0x40, 0xE0,
    0xC1, 0xE1, 0x41, 0xE1, 0xC1, 0xE1, 0x41, 0xE1, 0xC1, 0xA1, 0x01, 0x81, 0x81, 0xA3, 0x11, 0xA3, 0x71, 0xA3, 0x71, 0x62, 0x60, 0x60, 0x70, 0xF0,
    0xD0, 0xF0, 0x79, 0xF1, 0xD1, 0xF1, 0x71, 0xF1, 0xD1, 0xF3, 0x71, 0xE3, 0xD1, 0xE3, 0x73, 0xE3, 0xD5, 0xE3, 0xE7, 0xEF, 0xC5, 0xEF, 0x47, 0xCF,
    0xDD, 0xFF, 0x57, 0xFF, 0xDD, 0xFF, 0x77, 0xFF, 0xDD, 0xFF, 0x77, 0xFE, 0xDC, 0xFE, 0x77, 0xFF, 0xDD, 0xFF, 0x75, 0xFF, 0xDD, 0xFB, 0x73, 0xFB,
    0xD9, 0xFB, 0x77, 0xFF, 0xDD, 0xFF, 0x77, 0xFF, 0xDD, 0xFF, 0x77, 0xFF, 0x5D, 0xFF, 0x9A, 0x00, 0x00, 0x04, 0x81, 0x00, 0x03, 0x01, 0x00, 0x01,
    0x00, 0x82, 0x01, 0x23, 0x03, 0x01, 0x03, 0x01, 0x03, 0x01, 0x03, 0x01, 0x03, 0x01, 0x03, 0x01, 0x03, 0x11, 0x03, 0x01, 0x03, 0x01, 0x02, 0x00,
    0x02, 0x00, 0x02, 0x00, 0x02, 0x01, 0x03, 0x01, 0x03, 0x01, 0x03, 0x01, 0x03, 0x01, 0x03, 0x01, 0x80, 0x03, 0x00, 0x05, 0x80, 0x07, 0x00, 0x05,
    0x80, 0x07, 0x25, 0x05, 0x07, 0x07, 0x0F, 0x05, 0x0F, 0x07, 0x0F, 0x05, 0x0F, 0x03, 0x8B, 0x05, 0x83, 0x07, 0xCF, 0xC5, 0xEF, 0x47, 0xEF, 0xCD,
    0xEF, 0x47, 0xCF, 0xCD, 0x8F, 0x57, 0xFF, 0xDD, 0xBF, 0x77, 0xFF, 0xDD, 0xFF, 0x77, 0xFF, 0x5D, 0xFF, 0x00, 0x00, 0x20, 0x95, 0x00, 0x00, 0x08,
    0x8C, 0x00, 0x00, 0x20, 0x81, 0x00, 0x00, 0x40, 0x89, 0x00, 0x7F, 0x08, 0x00, 0x08, 0x00, 0x28, 0x18, 0x38, 0x50, 0x38, 0x18, 0x78, 0x10, 0x78,
    0x10, 0x78, 0x30, 0x38, 0x10, 0x30, 0x70, 0x78, 0x54, 0x68, 0x64, 0x6C, 0x44, 0x48, 0x00, 0x88, 0x1C, 0x9A, 0x14, 0xBE, 0x1C, 0xBE, 0x36, 0x3E,
    0x1C, 0x3E, 0x3E, 0x7E, 0x5C, 0x7E, 0x74, 0xFE, 0xDC, 0xFE, 0x74, 0xFE, 0xDD, 0xFA, 0x71, 0xFB, 0xD9, 0xFB, 0x77, 0xFF, 0xD5, 0xFF, 0x77, 0xFF,
    0xDD, 0xEF, 0x67, 0xEF, 0xCD, 0xFF, 0x57, 0xFF, 0x50, 0x60, 0x70, 0xE0, 0x40, 0xE0, 0x40, 0xE0, 0xC0, 0xE0, 0x40, 0x80, 0xC0, 0xA0, 0x10, 0xA0,
    0x54, 0xB0, 0x30, 0xA8, 0x50, 0x20, 0x10, 0x28, 0x50, 0x78, 0x71, 0xF8, 0xD8, 0xF8, 0x70, 0xF8, 0xD8, 0xF8, 0x70, 0xF8, 0xD0, 0xF0, 0x70, 0xF0,
    0xD0, 0xF0, 0x70, 0xE8, 0xC0, 0xE8, 0x40, 0xE8, 0xC0, 0xC8, 0x50, 0xD8, 0xD8, 0xB8, 0x70, 0xB8, 0xDC, 0xB8, 0x34, 0x44, 0x3C, 0x5C, 0x78, 0x74,
    0xFC, 0x5C, 0xFC, 0x74, 0xFC, 0xDC, 0xF8, 0x70, 0xF8, 0xD8, 0xF8, 0x70, 0xF8, 0xD0, 0xF8, 0x70, 0xFE, 0xF4, 0xFE, 0x74, 0xEE, 0xEC, 0xEE, 0x44,
    0xEE, 0xDC, 0xFE, 0x54, 0xFE, 0xDC, 0xFE, 0x77, 0xFE, 0xDC, 0xFE, 0x76, 0xFE, 0x5E, 0xFE, 0x76, 0xFE, 0xDC, 0xFE, 0x75, 0xFF, 0xDD, 0xFF, 0x75,
    0xFB, 0xD9, 0xFB, 0x77, 0xFF, 0xDD, 0xFF, 0x77, 0xFF, 0xDD, 0xFF, 0x77, 0xFF, 0x5D, 0xFF, 0x77, 0xFF, 0x81, 0x00, 0x0B, 0x20, 0x00, 0x00, 0x80,
    0x00, 0x00, 0x01, 0x80, 0x00, 0x00, 0x02, 0x90, 0x86, 0x00, 0x66, 0x20, 0x40, 0xE0, 0x40, 0xE0, 0x40, 0xE0, 0xC0, 0xE0, 0x40, 0xE0, 0xC0, 0xA0,
    0x41, 0xE0, 0xE1, 0xE1, 0x61, 0xE1, 0x61, 0xE1, 0x41, 0xC0, 0x41, 0x80, 0x41, 0xC1, 0xC1, 0xE1, 0x51, 0xE1, 0xD1, 0xB1, 0x31, 0xB0, 0x50, 0xB0,
    0x70, 0xF0, 0x50, 0xF0, 0x70, 0xF0, 0xD1, 0xE1, 0x71, 0xE1, 0xC1, 0xE1, 0x41, 0xE3, 0xF1, 0xF3, 0x73, 0xFB, 0xD1, 0xF3, 0x73, 0xFF, 0x55, 0xAF,
    0x77, 0xEF, 0x5D, 0xFF, 0x77, 0xFF, 0xDD, 0xFF, 0x77, 0xFF, 0xDD, 0xFB, 0x71, 0xFB, 0xD9, 0xFB, 0x77, 0xFF, 0xDD, 0xFF, 0x77, 0xFF, 0xDD, 0xEF,
    0x67, 0xEF, 0xCD, 0xFF, 0x57, 0xFF, 0xDD, 0xFF, 0x77, 0xFF, 0xDD, 0xBF, 0x37, 0xBF, 0x5D, 0x7F, 0x77, 0xFF, 0xA1, 0x00, 0x84, 0x01, 0x0A, 0x03,
    0x01, 0x03, 0x01, 0x02, 0x00, 0x02, 0x10, 0x00, 0x00, 0x02, 0x82, 0x01, 0x11, 0x00, 0x01, 0x00, 0x01, 0x02, 0x01, 0x03, 0x01, 0x03, 0x01, 0x03,
    0x01, 0x03, 0x01, 0x03, 0x01, 0x03, 0x01, 0x80, 0x03, 0x2F, 0x05, 0x03, 0x07, 0x07, 0x05, 0x03, 0x07, 0x07, 0x05, 0x07, 0x07, 0x06, 0x05, 0x07,
    0x05, 0x0F, 0x05, 0x09, 0x01, 0x8B, 0x01, 0x83, 0x03, 0x8B, 0xC5, 0x87, 0x47, 0xEF, 0xC5, 0xE7, 0x47, 0xCF, 0xCD, 0xCF, 0x47, 0xEF, 0xDD, 0xFF,
    0x57, 0xFF, 0xDD, 0xBF, 0x37, 0xBF, 0x5D, 0xFF, 0x77, 0xFF, 0x00, 0xA1, 0x00, 0x00, 0x10, 0x83, 0x00, 0x00, 0x40, 0x8D, 0x00, 0x7F, 0x10, 0x88,
    0x00, 0x08, 0x10, 0x28, 0x18, 0x38, 0x10, 0x18, 0x10, 0x38, 0x10, 0x38, 0x50, 0x38, 0x50, 0x38, 0x70, 0x30, 0x14, 0x24, 0x04, 0x24, 0x04, 0x0C,
    0x0C, 0x0E, 0x14, 0x3E, 0x5C, 0x3E, 0x14, 0xBE, 0x1C, 0x3E, 0x36, 0x3E, 0x5C, 0x3E, 0x76, 0xFE, 0x5C, 0xFE, 0x74, 0xFE, 0xDC, 0xFC, 0x74, 0xF8,
    0xDD, 0xFB, 0x73, 0xFF, 0xDD, 0xFF, 0x77, 0xFF, 0xDD, 0xFF, 0x77, 0xFF, 0x5D, 0xFF, 0x77, 0xFF, 0xDD, 0xFF, 0x70, 0xE0, 0x50, 0xE0, 0x60, 0xE0,
    0x40, 0xE0, 0x40, 0xC0, 0x40, 0x84, 0x40, 0x88, 0x50, 0xB8, 0x10, 0xB8, 0x10, 0x38, 0x10, 0x38, 0x11, 0x38, 0x70, 0xF8, 0x58, 0xF8, 0x70, 0xF8,
    0xD8, 0xF8, 0x70, 0xF8, 0xD0, 0xF8, 0x70, 0xF8, 0xD0, 0xF0, 0x70, 0xF8, 0xD0, 0xE0, 0x60, 0xE8, 0x40, 0xE8, 0x40, 0xEC, 0xDC, 0xF8, 0x54, 0xFC,
    0xDC, 0xB8, 0x34, 0xB8, 0x1C, 0xF8, 0x45, 0x70, 0xFC, 0x5C, 0xFC, 0x74, 0xFC, 0xDC, 0xFC, 0x74, 0xF8, 0xDC, 0xF8, 0x70, 0xF8, 0xD8, 0xF8, 0x70,
    0xFE, 0xDC, 0xFE, 0x76, 0xFE, 0xD4, 0xBE, 0x76, 0xEE, 0x5C, 0xFE, 0x76, 0xFE, 0xDC, 0xFE, 0x76, 0xFE, 0xDC, 0xFE, 0x74, 0xFE, 0xDC, 0xFE, 0x77,
    0xFE, 0xDD, 0xFE, 0x77, 0xFE, 0xDD, 0xFE, 0x75, 0xEF, 0xCD, 0xFF, 0x77, 0xFF, 0xDD, 0xFF, 0x77, 0xFF, 0xDD, 0xBF, 0x37, 0xBF, 0x5D, 0xBF, 0x77,
    0xFF, 0xDD, 0xFF, 0x00, 0x80, 0x82, 0x00, 0x00, 0x04, 0x80, 0x00, 0x02, 0x02, 0x00, 0x80, 0x80, 0x00, 0x00, 0x80, 0x80, 0x00, 0x18, 0x20, 0x00,
    0x20, 0x00, 0xE0, 0x40, 0xE0, 0x60, 0xE0, 0x40, 0xE0, 0x40, 0xE0, 0xC0, 0xC0, 0x40, 0xC0, 0xC1, 0xA1, 0x41, 0xA1, 0xC1, 0xA0, 0x21, 0xA0, 0x80,
    0x20, 0x07, 0xE0, 0x40, 0xE0, 0x51, 0xE0, 0xD1, 0xF0, 0x51, 0x80, 0xF0, 0x43, 0x71, 0xF0, 0xD1, 0xF0, 0x71, 0xF0, 0xD1, 0xF0, 0x75, 0xF4, 0xC1,
    0xE1, 0x41, 0xE9, 0xC1, 0xEB, 0x51, 0xFB, 0xD9, 0xFB, 0x53, 0xBB, 0x95, 0xBB, 0x37, 0xBF, 0x5D, 0x7F, 0x77, 0xFF, 0xDD, 0xFF, 0x75, 0xFE, 0xDD,
    0xF9, 0x71, 0xF9, 0xD9, 0xFB, 0x71, 0xFB, 0xDD, 0xFB, 0x77, 0xFF, 0xD5, 0xF7, 0x77, 0xEF, 0xC5, 0xEF, 0x77, 0xFF, 0xDD, 0xFF, 0x77, 0xFF, 0xDD,
    0xFF, 0x37, 0xBF, 0xDD, 0xBF, 0x77, 0xFF, 0xDD, 0xFF, 0x84, 0x00, 0x00, 0x20, 0x86, 0x00, 0x00, 0x08, 0x8F, 0x00, 0x01, 0x01, 0x00, 0x84, 0x01,
    0x01, 0x08, 0x01, 0x8A, 0x00, 0x80, 0x01, 0x0B, 0x03, 0x01, 0x03, 0x01, 0x03, 0x01, 0x03, 0x01, 0x03, 0x01, 0x03, 0x01, 0x80, 0x03, 0x00, 0x01,
    0x80, 0x03, 0x00, 0x01, 0x80, 0x03, 0x29, 0x01, 0x03, 0x07, 0x07, 0x05, 0x07, 0x0F, 0x06, 0x04, 0x02, 0x01, 0x81, 0x01, 0x83, 0x01, 0x8B, 0xC5,
    0x8B, 0x47, 0x8F, 0x85, 0xA7, 0x07, 0xAF, 0x05, 0xAF, 0x47, 0xEF, 0xDD, 0xFF, 0x77, 0xFF, 0xDD, 0xFF, 0x77, 0xFF, 0xDD, 0xFF, 0x77, 0xFF, 0xDD,
    0xFF, 0x00, 0x8C, 0x00, 0x00, 0x10, 0x8B, 0x00, 0x00, 0x08, 0x85, 0x00, 0x00, 0x20, 0x8D, 0x00, 0x04, 0x08, 0x00, 0x80, 0x00, 0x08, 0x80, 0x00,
    0x7F, 0x08, 0x00, 0x08, 0x20, 0x08, 0x30, 0x08, 0x60, 0x08, 0x00, 0x08, 0x10, 0x08, 0x10, 0x00, 0x10, 0x02, 0x04, 0x22, 0x04, 0x6E, 0x4C, 0x2E,
    0x14, 0x3E, 0x1C, 0x3E, 0x14, 0x3E, 0x1C, 0x3E, 0x14, 0xBE, 0x5C, 0xBE, 0x76, 0xFE, 0x5C, 0xFE, 0x76, 0xFE, 0xD4, 0xFE, 0x74, 0xEE, 0xDD, 0xFF,
    0x77, 0xFF, 0xDD, 0xFF, 0x57, 0xFF, 0xDD, 0xBF, 0x37, 0xBF, 0x5D, 0xBF, 0x77, 0xFF, 0xDD, 0xFF, 0x77, 0x30, 0x50, 0x20, 0x00, 0x20, 0x00, 0x24,
    0x00, 0x20, 0x40, 0x28, 0x40, 0x68, 0x58, 0x38, 0x10, 0x38, 0x18, 0x3A, 0x10, 0x38, 0x10, 0x38, 0x70, 0xF8, 0x50, 0x78, 0x70, 0xF8, 0x50, 0xE8,
    0x70, 0xE8, 0xD0, 0xF8, 0x50, 0xF8, 0xD0, 0xF8, 0x50, 0xF8, 0xD0, 0xB0, 0x10, 0xA8, 0x14, 0x2C, 0x74, 0xFC, 0x5C, 0xFC, 0x74, 0xFC, 0x5C, 0xFC,
    0x74, 0xFC, 0x5C, 0xF8, 0x70, 0xF8, 0xDC, 0xF8, 0x74, 0x40, 0xFC, 0xD4, 0xF8, 0x74, 0xFC, 0xC4, 0xE8, 0x64, 0xEC, 0xDC, 0xFE, 0x74, 0xFE, 0xDC,
    0xFE, 0x56, 0xBE, 0x9C, 0xBE, 0x36, 0xBE, 0xFC, 0xFE, 0x76, 0xFE, 0x7C, 0xFE, 0x74, 0xFE, 0xDC, 0xFC, 0x74, 0xFC, 0xDD, 0xFF, 0x75, 0xFF, 0xDD,
    0xFF, 0x77, 0xFF, 0xD5, 0xF7, 0x77, 0xEF, 0xC5, 0xEF, 0x77, 0xFF, 0xDD, 0xFF, 0x57, 0xFF, 0xDD, 0xBF, 0x17, 0xBF, 0xDD, 0xBF, 0x77, 0xFF, 0xDD,
    0xFF, 0x77, 0x82, 0x88, 0x00, 0x75, 0x20, 0x40, 0x20, 0x00, 0x00, 0x40, 0x00, 0x00, 0xA0, 0x40, 0xA0, 0x40, 0xE0, 0x40, 0xE0, 0x60, 0xE0, 0x40,
    0xE0, 0x40, 0xE0, 0x40, 0xE0, 0x40, 0xE0, 0xC0, 0xE0, 0x40, 0xC0, 0x80, 0xC0, 0x10, 0xA0, 0x10, 0x30, 0x31, 0xB0, 0x50, 0x70, 0x70, 0xF8, 0x50,
    0xF8, 0x70, 0xF8, 0xD0, 0xF8, 0x70, 0xF8, 0xD9, 0xF9, 0x71, 0xF9, 0xD1, 0xF1, 0x71, 0xE0, 0xC1, 0xE1, 0x61, 0xE9, 0xC1, 0xEB, 0x55, 0xFF, 0xDD,
    0xFB, 0x55, 0xBB, 0x9D, 0xBB, 0x31, 0xBF, 0xDD, 0xFF, 0x77, 0xFF, 0xDD, 0xFE, 0x74, 0xFE, 0xDC, 0xFC, 0x74, 0xFC, 0xDD, 0xFB, 0x75, 0xFF, 0xDD,
    0xFB, 0x73, 0xFB, 0xD5, 0xFB, 0x77, 0xFF, 0xD5, 0xFF, 0x77, 0xFF, 0xDD, 0xFF, 0x77, 0xFF, 0xDD, 0xFF, 0x77, 0xFF, 0xDD, 0xFF, 0x77, 0xFF, 0xDD,
    0xFF, 0x77, 0x00, 0x40, 0x88, 0x00, 0x00, 0x08, 0x96, 0x00, 0x00, 0x01, 0x80, 0x00, 0x00, 0x01, 0x8E, 0x00, 0x82, 0x01, 0x07, 0x03, 0x01, 0x03,
    0x01, 0x03, 0x01, 0x03, 0x01, 0x80, 0x03, 0x08, 0x01, 0x03, 0x01, 0x03, 0x01, 0x03, 0x01, 0x03, 0x01, 0x80, 0x03, 0x26, 0x01, 0x03, 0x03, 0x02,
    0x01, 0x02, 0x01, 0x83, 0x45, 0xC3, 0x47, 0xC7, 0xC5, 0xC7, 0x47, 0x8F, 0x85, 0x8B, 0x07, 0x8F, 0x15, 0xBF, 0x37, 0xFF, 0x5D, 0xFF, 0x77, 0xFF,
    0x5D, 0xFE, 0x77, 0xFE, 0xDD, 0xFF, 0x75, 0xFF, 0xDD, 0xFF, 0x77, 0x00, 0x86, 0x00, 0x00, 0x10, 0x8C, 0x00, 0x00, 0x04, 0x87, 0x00, 0x00, 0x20,
    0x8A, 0x00, 0x02, 0x80, 0x00, 0x08, 0x88, 0x00, 0x02, 0x40, 0x00, 0x20, 0x82, 0x00, 0x39, 0x08, 0x00, 0x08, 0x00, 0x88, 0x80, 0x08, 0x40, 0x0A,
    0x44, 0x0E, 0x54, 0x1E, 0x16, 0x3E, 0x1C, 0x3E, 0x14, 0x3E, 0x1C, 0x3C, 0x14, 0x3C, 0x1C, 0xBE, 0x74, 0xFE, 0xDD, 0xFB, 0x73, 0xFA, 0xD1, 0xF2,
    0x77, 0xE7, 0xD5, 0xEF, 0x77, 0xEF, 0xDD, 0xFF, 0x57, 0xFF, 0xDD, 0x9F, 0x17, 0xBF, 0x9D, 0xBF, 0x77, 0xFF, 0xDD, 0xFF, 0x77, 0xFF, 0xDD, 0x20,
    0x14, 0x81, 0x00, 0x79, 0x20, 0x00, 0x28, 0x10, 0x28, 0x1C, 0x28, 0x10, 0x2A, 0x18, 0x38, 0x10, 0x38, 0x18, 0x38, 0x30, 0x78, 0x58, 0x38, 0x70,
    0x78, 0x50, 0x70, 0x70, 0x60, 0x40, 0x68, 0x60, 0xE8, 0x5C, 0xE8, 0x54, 0xE8, 0x5C, 0x98, 0x10, 0x98, 0x1C, 0x38, 0x34, 0x3C, 0x5C, 0x3E, 0x74,
    0x7E, 0x5C, 0x7C, 0x74, 0xFC, 0x5C, 0xFC, 0x74, 0xFC, 0xDC, 0xF8, 0x70, 0xFA, 0xD8, 0xFA, 0x70, 0xF2, 0xD0, 0xF2, 0x74, 0xEE, 0xD4, 0xEE, 0x76,
    0xEE, 0xDC, 0xFE, 0x56, 0xDE, 0xDC, 0xBE, 0x16, 0xBE, 0xDE, 0xBE, 0x77, 0xFE, 0x5C, 0xFE, 0x76, 0xFE, 0x5C, 0xFE, 0x74, 0xFE, 0xDC, 0xFE, 0x75,
    0xFF, 0xDD, 0xFF, 0x77, 0xFB, 0xD9, 0xFB, 0x77, 0xFF, 0xD5, 0xFF, 0x77, 0xFF, 0xDD, 0xFF, 0x77, 0xFF, 0xDD, 0xFF, 0x57, 0xFF, 0xDD, 0xFF, 0x77,
    0xFF, 0xDD, 0xFF, 0x77, 0xFF, 0xDD, 0x85, 0x00, 0x77, 0x20, 0x00, 0x20, 0x00, 0x20, 0x00, 0x20, 0x40, 0x20, 0x40, 0x60, 0x40, 0xE0, 0x50, 0xE0,
    0x50, 0xF0, 0x50, 0xE0, 0x40, 0xA0, 0x00, 0xA0, 0x40, 0xA0, 0x40, 0xE0, 0x40, 0xE0, 0x40, 0xE8, 0x40, 0x88, 0x10, 0x8A, 0x10, 0xB8, 0x10, 0xB8,
    0x50, 0xB8, 0x70, 0xF8, 0x50, 0x78, 0x70, 0xF8, 0x58, 0xF8, 0x70, 0xF8, 0xD0, 0xF8, 0x70, 0xF8, 0xD0, 0xF8, 0x51, 0xF8, 0xD1, 0xB0, 0x71, 0xF8,
    0xD5, 0xFF, 0x75, 0xFF, 0x5D, 0xFE, 0x75, 0xFE, 0x5D, 0xFC, 0x55, 0xFF, 0xDD, 0xFF, 0x75, 0xFF, 0xDD, 0xFB, 0x75, 0xFA, 0xD4, 0xFA, 0x74, 0xFE,
    0xD5, 0xFF, 0x75, 0xFF, 0xDD, 0xFF, 0x77, 0xFF, 0xDD, 0xFF, 0x57, 0xBF, 0xDD, 0xBF, 0x77, 0xFF, 0xDD, 0xFF, 0x77, 0xFF, 0x5D, 0xFF, 0x77, 0xFE,
    0xDD, 0xFF, 0x77, 0xFF, 0xDD, 0xFF, 0x77, 0xFF, 0xDD, 0x85, 0x00, 0x00, 0x10, 0xAA, 0x00, 0x00, 0x01, 0x83, 0x00, 0x88, 0x01, 0x06, 0x03, 0x01,
    0x03, 0x01, 0x02, 0x00, 0x02, 0x81, 0x00, 0x80, 0x01, 0x29, 0x81, 0x01, 0x83, 0x01, 0x83, 0x01, 0x83, 0x01, 0x83, 0x41, 0xE3, 0x43, 0xE7, 0xC5,
    0xE7, 0x47, 0xC7, 0xC5, 0x87, 0x07, 0x8F, 0x95, 0xBF, 0x57, 0xBF, 0xDD, 0xFF, 0x77, 0xFF, 0x5D, 0xFE, 0x76, 0xFE, 0xDC, 0xFF, 0x77, 0xFF, 0xDD,
    0xFF, 0x77, 0xFF, 0xDD, 0x00, 0x81, 0x00, 0x00, 0x20, 0x8C, 0x00, 0x00, 0x02, 0x89, 0x00, 0x00, 0x10, 0x89, 0x00, 0x03, 0x80, 0x00, 0x00, 0x08,
    0x8A, 0x00, 0x00, 0x20, 0x82, 0x00, 0x7F, 0x80, 0x80, 0x00, 0x40, 0x04, 0x40, 0x00, 0x48, 0x04, 0x0A, 0x00, 0x0E, 0x0C, 0x0E, 0x16, 0x0E, 0x1C,
    0x1E, 0x14, 0x0E, 0x14, 0x0E, 0x14, 0x2E, 0x3C, 0xBE, 0x14, 0xBE, 0xDD, 0xBB, 0x11, 0xBB, 0xD1, 0xBB, 0x13, 0xBB, 0xD5, 0xBF, 0x77, 0xFF, 0xDD,
    0xFF, 0x77, 0xEF, 0xDD, 0xEF, 0x57, 0xFF, 0xDD, 0xFF, 0x77, 0xFF, 0xDD, 0xFF, 0x77, 0xFF, 0xDD, 0xFF, 0x77, 0x08, 0x00, 0x88, 0x00, 0x08, 0x10,
    0x38, 0x10, 0x38, 0x14, 0x38, 0x14, 0x3C, 0x14, 0x28, 0x10, 0x38, 0x1C, 0x38, 0x10, 0x38, 0x58, 0x38, 0x30, 0x38, 0x10, 0x30, 0x10, 0x20, 0x10,
    0x20, 0x34, 0x2C, 0x44, 0x2E, 0x44, 0x2C, 0x4C, 0x0C, 0x04, 0x0C, 0x1C, 0x1E, 0x14, 0x7E, 0x5C, 0x3E, 0x34, 0x3E, 0x5C, 0x3E, 0x74, 0x7E, 0x5C,
    0xFC, 0x7C, 0xFC, 0x5C, 0xFC, 0x74, 0xFC, 0xDC, 0xFA, 0x70, 0xFA, 0xD0, 0xBA, 0x72, 0xFE, 0x3A, 0x54, 0xFE, 0x77, 0xFE, 0x5C, 0xFE, 0x76, 0xEE,
    0x5C, 0xFE, 0x57, 0xFE, 0xDD, 0xFF, 0x77, 0xFF, 0xDD, 0xFF, 0x77, 0xFE, 0x5C, 0xFE, 0x76, 0xFE, 0xDC, 0xFE, 0x77, 0xFF, 0xDD, 0xFF, 0x77, 0xFF,
    0xDF, 0xFF, 0x57, 0xFF, 0xDD, 0xFF, 0x77, 0xFF, 0xDD, 0xFF, 0x77, 0xFF, 0x5D, 0x7F, 0x77, 0xFF, 0xDD, 0xFF, 0x77, 0xFF, 0xDD, 0xFF, 0x77, 0xFF,
    0xDD, 0xFB, 0x73, 0x84, 0x00, 0x78, 0x10, 0x30, 0x10, 0x30, 0x10, 0x30, 0x10, 0x20, 0x30, 0x60, 0x40, 0x60, 0x70, 0x68, 0x50, 0x60, 0x50, 0xE8,
    0x40, 0xA0, 0x00, 0xA0, 0x00, 0x20, 0x10, 0xA0, 0x50, 0x20, 0x50, 0x28, 0x44, 0x28, 0x00, 0x28, 0x58, 0x38, 0xF0, 0xF8, 0x78, 0xF8, 0x70, 0xF8,
    0x58, 0xF8, 0x70, 0xF8, 0x50, 0xF4, 0x70, 0xF8, 0xD4, 0xF8, 0x70, 0xE8, 0xD4, 0xE8, 0x40, 0xC8, 0xD0, 0x98, 0x50, 0xBA, 0xDC, 0xBE, 0x75, 0xFE,
    0x5E, 0x3E, 0x74, 0x7E, 0x5C, 0x7E, 0x74, 0xFE, 0xDC, 0xFE, 0x75, 0xFE, 0xDD, 0xFB, 0x71, 0xFA, 0xD9, 0xFB, 0x71, 0xFB, 0xD5, 0xFF, 0x77, 0xFF,
    0xDD, 0xFF, 0x77, 0xEF, 0xCD, 0xEF, 0x57, 0xDF, 0xDD, 0xFF, 0x77, 0xFF, 0xDD, 0xFF, 0x77, 0xFF, 0x5D, 0xFF, 0x77, 0xFE, 0x5C, 0xFE, 0x77, 0xFF,
    0xDD, 0xFF, 0x75, 0xFF, 0xDD, 0xFB, 0x71, 0x81, 0x00, 0x00, 0x20, 0xBB, 0x00, 0x80, 0x01, 0x00, 0x05, 0x82, 0x01, 0x82, 0x00, 0x00, 0x20, 0x80,
    0x00, 0x2A, 0x41, 0x81, 0x41, 0x81, 0x41, 0x81, 0x01, 0x83, 0xC1, 0xA3, 0x43, 0xE3, 0x41, 0xA3, 0x43, 0xE3, 0x45, 0x23, 0x47, 0xEF, 0x55, 0xFF,
    0x57, 0xFF, 0xDD, 0xFF, 0x77, 0xFF, 0xDD, 0xFF, 0x77, 0xFF, 0xDD, 0xFF, 0x77, 0xFF, 0xDD, 0xFF, 0x77, 0xFF, 0xDD, 0xFF, 0x77, 0x00, 0x00, 0x40,
    0x8B, 0x00, 0x00, 0x01, 0x8B, 0x00, 0x00, 0x10, 0x87, 0x00, 0x00, 0x40, 0x80, 0x00, 0x00, 0x08, 0x8B, 0x00, 0x0A, 0x20, 0x00, 0x80, 0x80, 0x00,
    0x00, 0x20, 0x00, 0x20, 0x00, 0x20, 0x82, 0x00, 0x7F, 0x04, 0x00, 0x04, 0x0E, 0x04, 0x0A, 0x04, 0x8E, 0x04, 0x0A, 0x00, 0x0A, 0x04, 0x0A, 0x24,
    0x8E, 0x04, 0x8E, 0x04, 0x8E, 0xC4, 0x8E, 0x45, 0x8B, 0xC5, 0x8B, 0x11, 0x8F, 0xDD, 0xBF, 0x17, 0xBF, 0xDD, 0xBF, 0x37, 0xBF, 0x5D, 0x3F, 0x77,
    0xFF, 0x5D, 0xFF, 0x77, 0xFF, 0xDD, 0xFF, 0x77, 0xFF, 0xDD, 0xFB, 0x77, 0xFF, 0x00, 0x08, 0x00, 0x08, 0x1C, 0x18, 0x10, 0x18, 0x1C, 0x18, 0x10,
    0x38, 0x54, 0x38, 0x10, 0x2C, 0x14, 0x38, 0x14, 0x3C, 0x1C, 0x38, 0x10, 0x08, 0x10, 0x48, 0x10, 0x08, 0x10, 0x3A, 0x14, 0x3E, 0x14, 0x2E, 0x04,
    0x2E, 0x04, 0x2E, 0x44, 0x0E, 0x9C, 0x3E, 0x14, 0x3E, 0x1C, 0x3E, 0x34, 0x3E, 0x1C, 0x3A, 0x30, 0x3A, 0x54, 0x3E, 0x74, 0x7E, 0x5C, 0x7E, 0x74,
    0x6E, 0x5C, 0x6A, 0x45, 0xCA, 0x5D, 0xBB, 0x17, 0xBF, 0x5D, 0xBF, 0x37, 0xBF, 0x1D, 0x3F, 0x37, 0x3E, 0x33, 0x5C, 0x7E, 0x76, 0xFE, 0x5D, 0xFF,
    0x77, 0xFF, 0xDD, 0xFF, 0x75, 0xFB, 0xD9, 0xFB, 0x73, 0xFF, 0xDD, 0xFF, 0x77, 0xFF, 0xDD, 0xFF, 0x67, 0xEF, 0xCD, 0xEF, 0x57, 0xFF, 0xDD, 0xFF,
    0x77, 0xFF, 0xDD, 0xBF, 0x37, 0xBF, 0x5D, 0x3F, 0x77, 0xFF, 0x5D, 0xFF, 0x77, 0xFF, 0xDF, 0xFF, 0x75, 0xFF, 0xDD, 0xFB, 0x71, 0xFB, 0x80, 0x00,
    0x09, 0x08, 0x10, 0x38, 0x10, 0x38, 0x10, 0x38, 0x10, 0x38, 0x10, 0x80, 0x30, 0x17, 0x50, 0x30, 0x70, 0x68, 0x40, 0x60, 0x40, 0x68, 0x40, 0x00,
    0x00, 0x08, 0x10, 0x38, 0x10, 0x38, 0x18, 0x38, 0x10, 0x38, 0x54, 0x38, 0xF4, 0x3C, 0x81, 0x7C, 0x53, 0x5C, 0xF8, 0x70, 0xF8, 0x5A, 0xF8, 0x70,
    0xF9, 0x50, 0xF8, 0x70, 0xF8, 0x54, 0xFA, 0x74, 0xEE, 0x44, 0xEE, 0x44, 0xEC, 0x4C, 0xCE, 0x54, 0xFE, 0xDC, 0xBE, 0x76, 0xBE, 0x1C, 0xBE, 0x36,
    0x3E, 0x5C, 0x7E, 0x74, 0xFE, 0x5C, 0xFE, 0x74, 0xFE, 0xDC, 0xFC, 0x75, 0xF8, 0xD9, 0xFB, 0x71, 0xFB, 0xDD, 0xFF, 0x77, 0xFF, 0xD5, 0xFF, 0x77,
    0xEF, 0x4D, 0xEF, 0x77, 0xFF, 0xDD, 0xFF, 0x77, 0xFF, 0xDD, 0xFF, 0x77, 0xFF, 0xDD, 0xFF, 0x77, 0xFF, 0xDD, 0xFF, 0x77, 0xFF, 0xDD, 0xFF, 0x77,
    0xFF, 0xDD, 0xFF, 0x75, 0xFF, 0xBE, 0x00, 0x00, 0x02, 0x88, 0x00, 0x32, 0x20, 0x00, 0x20, 0x40, 0x20, 0x40, 0x60, 0x40, 0x60, 0x40, 0xE0, 0x41,
    0xC1, 0x41, 0xC1, 0xC1, 0xA3, 0x51, 0xA3, 0x11, 0xA3, 0x13, 0xA3, 0x91, 0x23, 0x77, 0x7F, 0x5D, 0xFF, 0x77, 0xFF, 0xDD, 0xFF, 0x75, 0xFF, 0xDD,
    0xFB, 0x71, 0xFB, 0xDD, 0xFB, 0x77, 0xFF, 0xDD, 0xFF, 0x77, 0xFF, 0xD5, 0xEF, 0x67, 0xEF, 0x00, 0x99, 0x00, 0x00, 0x08, 0x8A, 0x00, 0x00, 0x08,
    0xA3, 0x00, 0x7F, 0x80, 0x00, 0x80, 0x00, 0x80, 0x00, 0x80, 0x00, 0x82, 0x80, 0x82, 0x00, 0x82, 0xC4, 0x82, 0x45, 0xC6, 0xC5, 0xC7, 0x45, 0xCF,
    0xCD, 0xCF, 0x57, 0xDF, 0xDD, 0xBF, 0x17, 0xBF, 0x1D, 0xBF, 0x37, 0xFF, 0x5D, 0xFF, 0x77, 0xFF, 0xDD, 0xFF, 0x77, 0xFF, 0xDD, 0xFD, 0x75, 0xFB,
    0xDD, 0xFB, 0x04, 0x0C, 0x04, 0x0C, 0x04, 0x0C, 0x0C, 0x08, 0x10, 0x08, 0x10, 0x08, 0x10, 0x08, 0x10, 0x0A, 0x14, 0x08, 0x04, 0x08, 0x80, 0x08,
    0x00, 0x08, 0x00, 0x08, 0x04, 0x0A, 0x14, 0x0E, 0x14, 0x1E, 0x36, 0x0E, 0x14, 0x0E, 0x16, 0x0E, 0x1C, 0x3E, 0x16, 0x3E, 0x1C, 0x3E, 0x14, 0x3C,
    0x1C, 0x38, 0x10, 0x38, 0x18, 0x3A, 0x30, 0x3A, 0x15, 0x3E, 0x37, 0x2E, 0x04, 0x26, 0x05, 0x2E, 0x05, 0x2F, 0x17, 0x1F, 0x1D, 0x3F, 0x17, 0x3F,
    0x1D, 0x3F, 0x17, 0x3F, 0x1D, 0x3E, 0x37, 0x7E, 0x5C, 0x7E, 0x76, 0x7F, 0xFE, 0x5C, 0xFE, 0x75, 0xFC, 0xDD, 0xF9, 0x71, 0xFB, 0xDD, 0xFB, 0x77,
    0xFF, 0xD5, 0xFF, 0x77, 0xEF, 0x45, 0xEF, 0x67, 0xEF, 0xDD, 0xFF, 0x77, 0xFF, 0xDD, 0xFF, 0x77, 0xFF, 0xDD, 0xBF, 0x77, 0xFF, 0xDD, 0xFF, 0x77,
    0xFF, 0xDD, 0xFF, 0x77, 0xFF, 0xDD, 0xFF, 0x75, 0xFF, 0xDD, 0xFF, 0x00, 0x28, 0x10, 0x28, 0x10, 0x38, 0x18, 0x38, 0x10, 0x38, 0x10, 0x38, 0x10,
    0x78, 0x10, 0x30, 0x30, 0x38, 0x10, 0x20, 0x00, 0xA0, 0x00, 0x20, 0x00, 0x08, 0x04, 0x08, 0x14, 0x1C, 0x1C, 0x38, 0x14, 0x7C, 0x1C, 0x3C, 0x15,
    0x3C, 0x1C, 0x3E, 0x74, 0x7C, 0x5D, 0x7C, 0x74, 0x7C, 0x5C, 0x78, 0x71, 0x78, 0x58, 0x78, 0x70, 0xFA, 0x54, 0xFA, 0x76, 0xFE, 0x54, 0x26, 0x06,
    0x2E, 0x44, 0x6E, 0x56, 0xFE, 0x5C, 0xFE, 0x57, 0xFE, 0x5C, 0xBE, 0x34, 0xBE, 0x5C, 0xBE, 0x76, 0xFE, 0x5C, 0xFE, 0x76, 0x2E, 0xFE, 0xDC, 0xFE,
    0x74, 0xFC, 0xDC, 0xFF, 0x75, 0xFF, 0xDD, 0xFF, 0x77, 0xFF, 0xDD, 0xFF, 0x77, 0xBF, 0x1D, 0xBF, 0x77, 0xFF, 0x5D, 0xFF, 0x77, 0xFF, 0xDD, 0xFF,
    0x77, 0xFF, 0xDD, 0xFF, 0x7D, 0xFF, 0xDD, 0xFF, 0x77, 0xFF, 0xDD, 0xFF, 0x77, 0xFF, 0xD5, 0xFF, 0x77, 0xEF, 0xDD, 0xFF, 0xAB, 0x00, 0x00, 0x01,
    0x8A, 0x00, 0x00, 0x02, 0x8A, 0x00, 0x35, 0x40, 0x00, 0x00, 0x20, 0x00, 0x20, 0x00, 0x20, 0x40, 0x20, 0x40, 0x60, 0x40, 0x60, 0x41, 0xE0, 0x41,
    0xE1, 0x51, 0xC9, 0x51, 0x99, 0x91, 0xBB, 0x11, 0x3B, 0x31, 0xBB, 0x5D, 0x7F, 0x77, 0xFE, 0x5D, 0xFE, 0x74, 0xFC, 0xDC, 0xF8, 0x75, 0xF9, 0xDD,
    0xFB, 0x77, 0xFF, 0xDD, 0xFB, 0x77, 0xFF, 0xD5, 0xF7, 0x77, 0xEF, 0xDD, 0xFF, 0x00, 0x96, 0x00, 0x00, 0x08, 0x89, 0x00, 0x00, 0x08, 0x88, 0x00,
    0x00, 0x40, 0x81, 0x00, 0x00, 0x10, 0x82, 0x00, 0x01, 0x80, 0x00, 0x80, 0x80, 0x03, 0x00, 0x80, 0x00, 0x80, 0x86, 0x00, 0x7F, 0x80, 0x00, 0x80,
    0x00, 0x80, 0xD0, 0x80, 0x00, 0x80, 0xC0, 0x82, 0x41, 0xC2, 0xC1, 0x82, 0x41, 0x82, 0xC1, 0x82, 0x47, 0xC7, 0xC5, 0xCF, 0x47, 0xCF, 0xCD, 0xCF,
    0x57, 0x8F, 0x9D, 0xBF, 0x17, 0xBF, 0xDD, 0xFF, 0x77, 0xFF, 0xDD, 0xFF, 0x77, 0xFE, 0xDC, 0xFE, 0x75, 0xFF, 0xDD, 0xFF, 0x77, 0xFF, 0x04, 0x0E,
    0x04, 0x8C, 0x04, 0x08, 0x00, 0x08, 0x00, 0x08, 0x00, 0x08, 0x00, 0x0A, 0x00, 0x0A, 0x00, 0x02, 0x00, 0x02, 0x00, 0x02, 0x04, 0x0E, 0x04, 0x0E,
    0x04, 0x0E, 0x0C, 0x0E, 0x07, 0x0E, 0x0C, 0x0A, 0x16, 0x0E, 0x1C, 0x1E, 0x16, 0x1E, 0x1C, 0x1E, 0x14, 0x0E, 0x1C, 0x0C, 0x34, 0x08, 0x1C, 0x18,
    0x11, 0x3B, 0x1D, 0x3B, 0x13, 0x3B, 0x15, 0x23, 0x07, 0x27, 0x05, 0x2F, 0x07, 0x2F, 0x1D, 0x3F, 0x17, 0x1F, 0x1D, 0x1F, 0x17, 0x3F, 0x1D, 0x3F,
    0x37, 0x3F, 0x1D, 0x3F, 0x77, 0x7F, 0xFE, 0x5C, 0xFE, 0x74, 0xFE, 0x5C, 0xFE, 0x75, 0xFF, 0xDD, 0xFF, 0x77, 0xFF, 0xDD, 0xBF, 0x17, 0xBF, 0x95,
    0xBF, 0x37, 0xBF, 0x5D, 0xFF, 0x77, 0xFF, 0xDD, 0xFF, 0x77, 0xFF, 0xDD, 0xFF, 0x77, 0xFF, 0xDD, 0xFF, 0x77, 0xFF, 0xDD, 0xFF, 0x77, 0xFF, 0xD5,
    0xFF, 0x77, 0xFF, 0xDD, 0xFF, 0x77, 0xFF, 0x14, 0x38, 0x14, 0x3C, 0x14, 0x28, 0x10, 0x28, 0x20, 0x28, 0x10, 0x08, 0x10, 0x38, 0x10, 0x38, 0x10,
    0x30, 0x10, 0x20, 0x00, 0x22, 0x04, 0x2E, 0x04, 0x2E, 0x04, 0xAE, 0x1C, 0xBE, 0x14, 0x1E, 0x1D, 0x3E, 0x14, 0x3E, 0x1C, 0x3E, 0x34, 0x3E, 0x1C,
    0x3E, 0x34, 0x3E, 0x54, 0x3A, 0x74, 0x6C, 0x54, 0x68, 0x54, 0x7E, 0x7C, 0x3A, 0x77, 0x3E, 0x35, 0x3A, 0x17, 0x3E, 0x15, 0x3E, 0x37, 0x3E, 0x5D,
    0x7E, 0x77, 0x7E, 0x5C, 0x7E, 0x74, 0x7E, 0x5C, 0xFE, 0x75, 0xFF, 0x5D, 0xFF, 0x77, 0x30, 0xFF, 0x5D, 0xFE, 0x77, 0xFE, 0x55, 0xEF, 0x77, 0xEF,
    0xDF, 0xFF, 0x77, 0xFF, 0xDD, 0xFF, 0x57, 0xBF, 0xBD, 0xBF, 0xB7, 0xBF, 0x5D, 0xFF, 0x77, 0xFF, 0x5D, 0xFF, 0x77, 0xFE, 0xDC, 0xFE, 0x75, 0xFF,
    0xDD, 0xFF, 0x77, 0xFF, 0xDD, 0xFF, 0x77, 0xFF, 0xD5, 0xF7, 0x77, 0xFF, 0xD5, 0xFF, 0x77, 0xFF, 0x98, 0x00, 0x00, 0x10, 0x8C, 0x00, 0x00, 0x01,
    0x89, 0x00, 0x00, 0x01, 0x89, 0x00, 0x3A, 0x20, 0x40, 0x00, 0x00, 0x20, 0x00, 0x20, 0x10, 0x20, 0x10, 0x20, 0x10, 0x20, 0x00, 0x20, 0x00, 0x20,
    0x00, 0x20, 0x40, 0x68, 0x40, 0xE8, 0xCC, 0x28, 0x11, 0x98, 0x1D, 0xB9, 0x11, 0xBB, 0x5D, 0xBF, 0x75, 0xFF, 0x5D, 0xFE, 0x74, 0xFE, 0x5C, 0xFE,
    0x74, 0xFC, 0xDD, 0xFF, 0x75, 0xFF, 0xDD, 0xFF, 0x77, 0xFF, 0xDD, 0xFF, 0x77, 0xFF, 0xDD, 0xFF, 0x77, 0xFF, 0x00, 0x93, 0x00, 0x00, 0x08, 0x89,
    0x00, 0x00, 0x08, 0x84, 0x00, 0x00, 0x10, 0x81, 0x00, 0x21, 0x80, 0x00, 0x80, 0x00, 0x90, 0x00, 0x80, 0x00, 0x80, 0x00, 0x80, 0x00, 0xC0, 0x40,
    0x80, 0x00, 0x80, 0x00, 0x80, 0x00, 0x80, 0x00, 0x80, 0x00, 0x80, 0x00, 0x80, 0x00, 0x80, 0x00, 0xC0, 0x00, 0x80, 0x48, 0x80, 0xC0, 0x00, 0x40,
    0x80, 0xC0, 0x2A, 0x40, 0xC0, 0xC1, 0x86, 0x01, 0x83, 0x81, 0x83, 0x03, 0xC7, 0xC5, 0xE7, 0x47, 0xEF, 0xC5, 0xEF, 0x47, 0xEF, 0xCD, 0xFF, 0x55,
    0xFF, 0xDD, 0xFF, 0x77, 0xFF, 0xDD, 0xFF, 0x77, 0xFE, 0xD5, 0xFE, 0x77, 0xFF, 0xDD, 0xFF, 0x77, 0xFF, 0xDD, 0x02, 0x00, 0x00, 0x04, 0x83, 0x00,
    0x00, 0x08, 0x80, 0x00, 0x7F, 0x02, 0x00, 0x12, 0x00, 0x02, 0x00, 0x02, 0x00, 0x06, 0x04, 0x0E, 0x06, 0x0E, 0x04, 0x0E, 0x04, 0x0E, 0x0C, 0x0E,
    0x05, 0x0E, 0x0D, 0x0E, 0x17, 0x0E, 0x1C, 0x0E, 0x14, 0x0E, 0x24, 0x0A, 0x04, 0x0C, 0x04, 0x0E, 0x05, 0x0F, 0x0D, 0x0B, 0x13, 0x0B, 0x01, 0x03,
    0x07, 0x0F, 0x05, 0x0F, 0x17, 0x0F, 0x1D, 0x2F, 0x17, 0x0F, 0x1D, 0x1E, 0x15, 0x1E, 0x1D, 0xBF, 0x17, 0xBF, 0x1D, 0xBF, 0x37, 0xBF, 0x5D, 0xBA,
    0x77, 0xFE, 0x55, 0xEF, 0x77, 0xEF, 0xDD, 0xFF, 0x57, 0xFF, 0xDD, 0x9F, 0x17, 0x9F, 0x9D, 0xBF, 0x17, 0xBF, 0x5D, 0xBF, 0x77, 0xFF, 0x5D, 0x7F,
    0x77, 0xFE, 0x5C, 0xFE, 0x75, 0xFF, 0xDD, 0xFF, 0x77, 0xFF, 0xDD, 0xFB, 0x73, 0xFB, 0xD5, 0xF3, 0x77, 0xFF, 0xD5, 0xFF, 0x77, 0xFF, 0xDD, 0x18,
    0x10, 0x18, 0x14, 0x08, 0x00, 0x08, 0x00, 0x08, 0x00, 0x08, 0x04, 0x08, 0x00, 0x71, 0x08, 0x00, 0x0A, 0x00, 0x0A, 0x08, 0x02, 0x14, 0x0E, 0x15,
    0x7E, 0x16, 0x3E, 0x1E, 0x3E, 0x14, 0x2E, 0x1C, 0x3C, 0x14, 0x3C, 0x1C, 0x3E, 0x34, 0x3E, 0x1C, 0x3A, 0x30, 0x3A, 0x10, 0x32, 0x34, 0x2E, 0x04,
    0x2E, 0x37, 0x2E, 0xDD, 0x3F, 0x17, 0x0F, 0x1D, 0x1F, 0x17, 0x1F, 0x1D, 0x3F, 0x37, 0x3F, 0x1D, 0x3F, 0x37, 0x3E, 0x5C, 0x3E, 0x74, 0x7E, 0x5C,
    0x7E, 0x75, 0x7F, 0x5D, 0xFF, 0x75, 0xFB, 0x59, 0xFB, 0x73, 0xF3, 0x55, 0xF7, 0x77, 0xFF, 0x5D, 0xFF, 0x77, 0xFF, 0x5D, 0xFF, 0x57, 0xDF, 0x5D,
    0xBF, 0x17, 0xFF, 0xDD, 0xFF, 0x77, 0xFF, 0x5D, 0xFF, 0x77, 0xFE, 0x5C, 0xFE, 0x74, 0xFF, 0xDD, 0xFF, 0x77, 0xFF, 0xDD, 0xFF, 0x77, 0xFB, 0xDD,
    0xFB, 0x77, 0xFF, 0xDD, 0xFF, 0x77, 0xFF, 0xDD, 0x91, 0x00, 0x00, 0x21, 0x91, 0x00, 0x00, 0x02, 0x95, 0x00, 0x0C, 0x20, 0x80, 0x20, 0x00, 0x20,
    0x00, 0x20, 0x00, 0x28, 0x00, 0x20, 0x10, 0x28, 0x82, 0x00, 0x2B, 0x20, 0x10, 0x28, 0x14, 0x78, 0x34, 0x2C, 0x5C, 0x2C, 0x54, 0x2C, 0x5C, 0x3C,
    0x54, 0xFC, 0x5D, 0xFE, 0x75, 0xFE, 0xDD, 0xFA, 0x71, 0xFA, 0xD4, 0xFA, 0x75, 0xFE, 0xDD, 0xFF, 0x7F, 0xFF, 0xDD, 0xFF, 0x57, 0xFF, 0xDD, 0xFF,
    0x57, 0xFF, 0xDD, 0xFF, 0x77, 0xFF, 0xDD, 0x00, 0x90, 0x00, 0x00, 0x08, 0x80, 0x00, 0x00, 0x04, 0x85, 0x00, 0x00, 0x10, 0x81, 0x00, 0x00, 0x08,
    0x85, 0x00, 0x01, 0x80, 0x00, 0x80, 0x80, 0x00, 0x00, 0x80, 0x80, 0x09, 0x20, 0xA0, 0x00, 0x80, 0x00, 0x80, 0x00, 0x80, 0x00, 0x80, 0x80, 0x00,
    0x0B, 0x80, 0x00, 0x80, 0x00, 0x80, 0xC0, 0x80, 0x00, 0x80, 0xC0, 0x88, 0x00, 0x80, 0xC0, 0x00, 0x40, 0x80, 0xC0, 0x00, 0x48, 0x80, 0xC0, 0x24,
    0x40, 0x80, 0xC1, 0x83, 0x01, 0x83, 0xC1, 0xA3, 0x43, 0xE7, 0x45, 0xE6, 0x46, 0xEE, 0x44, 0xEE, 0x74, 0xFE, 0xDD, 0xFF, 0x75, 0xFF, 0xDD, 0xFB,
    0x71, 0xFB, 0xD1, 0xFB, 0x73, 0xFF, 0xD5, 0xFF, 0x77, 0xFF, 0xDD, 0xFF, 0x77, 0x8D, 0x00, 0x7F, 0x02, 0x80, 0x02, 0x01, 0x02, 0x05, 0x06, 0x07,
    0x0E, 0x44, 0x06, 0x04, 0x0E, 0x04, 0x0E, 0x04, 0x0E, 0x0C, 0x0E, 0x05, 0x0E, 0x05, 0x0A, 0x00, 0x4A, 0x00, 0x02, 0x00, 0x02, 0x04, 0x06, 0x05,
    0x0F, 0x05, 0x0F, 0x05, 0x0F, 0x05, 0x0B, 0x07, 0x8F, 0x05, 0x0F, 0x17, 0x1F, 0x1D, 0x1F, 0x17, 0x0F, 0x1D, 0x0E, 0x16, 0x0E, 0x1C, 0xBE, 0x15,
    0xBF, 0x9D, 0xBF, 0x15, 0xBB, 0x99, 0xBB, 0x11, 0xBB, 0xD1, 0xB3, 0x77, 0xFF, 0xD5, 0xEF, 0x77, 0xEF, 0xCD, 0xEF, 0x47, 0x8F, 0xDD, 0x9F, 0x17,
    0xBF, 0xDD, 0xBF, 0x77, 0xFF, 0x5D, 0xBF, 0x77, 0xFE, 0x5C, 0xFE, 0x76, 0xFE, 0xDD, 0xFF, 0x77, 0xFF, 0xDD, 0xFF, 0x75, 0xFB, 0xD9, 0xFB, 0x73,
    0xFF, 0xDD, 0xFF, 0x77, 0xFF, 0xDD, 0xFF, 0x77, 0x18, 0x10, 0x08, 0x10, 0x00, 0x02, 0x02, 0x40, 0x02, 0x04, 0x0E, 0x04, 0x0E, 0x04, 0x0E, 0x04,
    0x6F, 0x0A, 0x04, 0x0A, 0x34, 0x0E, 0x1C, 0x1E, 0x16, 0x1E, 0x1C, 0x3E, 0x16, 0x3E, 0x1C, 0x3E, 0x14, 0x3E, 0x1C, 0x3E, 0x14, 0x3E, 0x1C, 0x3A,
    0x31, 0x3E, 0x31, 0x32, 0x31, 0x32, 0x15, 0x37, 0x57, 0x2F, 0x05, 0x2F, 0x07, 0x0F, 0x0D, 0x0F, 0x17, 0x1F, 0x1D, 0x3F, 0x17, 0x3F, 0x1D, 0x3F,
    0x37, 0x3F, 0x1C, 0x3E, 0x36, 0x3E, 0x5C, 0x7E, 0x74, 0x7E, 0x5D, 0x7F, 0x75, 0x7F, 0x5D, 0x7B, 0x51, 0x7B, 0x51, 0x3B, 0x77, 0xFF, 0x5F, 0x7F,
    0x77, 0xFF, 0x5D, 0x7F, 0x77, 0x7F, 0x5D, 0x7F, 0x77, 0xFF, 0x5D, 0xFF, 0x77, 0xFF, 0xDD, 0xFF, 0x77, 0xFF, 0x5D, 0xFF, 0x77, 0xFF, 0xDD, 0xFF,
    0x77, 0xFF, 0xDD, 0xFF, 0x77, 0xFF, 0xDD, 0xFF, 0x57, 0xFF, 0xDD, 0xFF, 0x77, 0xFF, 0xDD, 0xFF, 0x77, 0x8B, 0x00, 0x00, 0x22, 0x94, 0x00, 0x00,
    0x02, 0x95, 0x00, 0x0D, 0x10, 0x80, 0x10, 0x20, 0x10, 0x20, 0x00, 0x20, 0x00, 0x20, 0x00, 0x20, 0x00, 0x28, 0x80, 0x00, 0x2F, 0x08, 0x00, 0x08,
    0x10, 0x38, 0x1C, 0x38, 0x14, 0x3C, 0x1C, 0x3E, 0x34, 0x3E, 0x5C, 0x3E, 0x74, 0x7C, 0x5C, 0xFE, 0x74, 0xFC, 0xDC, 0xF8, 0x71, 0xF8, 0xD9, 0xFB,
    0x71, 0xFB, 0xD5, 0xFF, 0x77, 0xFF, 0xDD, 0xEF, 0x67, 0xEF, 0xCD, 0xEF, 0x57, 0xFF, 0xDD, 0xFF, 0x77, 0xFF, 0xDD, 0xFF, 0x77, 0x00, 0x8E, 0x00,
    0x01, 0x08, 0x04, 0x87, 0x00, 0x02, 0x10, 0x00, 0x04, 0x80, 0x00, 0x00, 0x80, 0x84, 0x00, 0x0B, 0x80, 0x00, 0x80, 0x00, 0x80, 0x00, 0x80, 0x00,
    0x80, 0x90, 0x80, 0x00, 0x80, 0x80, 0x03, 0x00, 0x80, 0x00, 0x80, 0x82, 0x00, 0x0B, 0x40, 0x00, 0x80, 0x40, 0xC0, 0xC0, 0x80, 0x40, 0xC4, 0xC0,
    0x80, 0x40, 0x80, 0xC0, 0x00, 0x48, 0x80, 0xC0, 0x00, 0x40, 0x80, 0xC0, 0x25, 0x40, 0xC0, 0xC0, 0x80, 0x41, 0xC2, 0xC1, 0xA3, 0x01, 0xA3, 0x41,
    0xA2, 0x60, 0x62, 0x44, 0xE2, 0x74, 0xFE, 0xD4, 0xFE, 0x75, 0xFF, 0xDD, 0xF9, 0x71, 0xFB, 0xD1, 0xFB, 0x7B, 0xFB, 0xD5, 0xFF, 0x77, 0xFF, 0xDD,
    0xFF, 0x77, 0xEF, 0x88, 0x00, 0x00, 0x40, 0x82, 0x00, 0x7F, 0x02, 0x09, 0x83, 0x05, 0x03, 0x07, 0x06, 0x04, 0x02, 0x04, 0x06, 0x04, 0x06, 0x04,
    0x0E, 0x04, 0x0E, 0x04, 0x0C, 0x04, 0x88, 0x01, 0x08, 0x01, 0x02, 0x01, 0x03, 0x05, 0x03, 0x07, 0x87, 0x05, 0x07, 0x07, 0x8F, 0x05, 0x0F, 0x07,
    0x8F, 0x0D, 0x8F, 0x07, 0x8F, 0x1D, 0x1F, 0x17, 0x0F, 0x1D, 0x0E, 0x16, 0x0E, 0x1C, 0x9E, 0x16, 0xBE, 0xDD, 0xBF, 0x15, 0x9D, 0xDD, 0x9B, 0x11,
    0x9B, 0x91, 0xBB, 0x17, 0xBF, 0xD5, 0xBF, 0x57, 0xAF, 0x45, 0xAF, 0x07, 0x8F, 0x4D, 0xBF, 0x77, 0xFF, 0xDD, 0xFF, 0x77, 0xFF, 0xDD, 0xBF, 0x77,
    0xFF, 0xDD, 0xFF, 0x77, 0xFF, 0xDD, 0xFF, 0x77, 0xFF, 0xDD, 0xFF, 0x75, 0xFF, 0xDD, 0xFF, 0x57, 0xFF, 0xDD, 0xFF, 0x77, 0xFF, 0xDD, 0xFF, 0x77,
    0xFF, 0x00, 0x0A, 0x00, 0x40, 0x00, 0x02, 0x00, 0x02, 0x04, 0x06, 0x06, 0x0E, 0x04, 0x0E, 0x04, 0x1E, 0x0C, 0x6E, 0x0E, 0x05, 0x0E, 0x1D, 0x1E,
    0x17, 0x1E, 0x1C, 0x1E, 0x16, 0x1E, 0x14, 0x3E, 0x14, 0x3E, 0x1C, 0x3E, 0x14, 0x3E, 0x1C, 0x3C, 0x11, 0x08, 0x11, 0x0B, 0x11, 0x5B, 0x15, 0x3F,
    0x17, 0x3F, 0x15, 0x2F, 0x07, 0x2F, 0x0D, 0x2F, 0x07, 0x0F, 0x1D, 0x3F, 0x17, 0x3F, 0x1D, 0x3F, 0x17, 0x3F, 0x1D, 0x3A, 0x37, 0x3E, 0x1D, 0x3E,
    0x77, 0x7F, 0x5D, 0x7F, 0x77, 0x6F, 0x4D, 0x6F, 0x45, 0x6F, 0x5F, 0x3F, 0x17, 0x3F, 0x5D, 0x3F, 0x37, 0x3F, 0x1D, 0x3F, 0x37, 0x7F, 0x5D, 0x7F,
    0x77, 0xFF, 0x5D, 0xFF, 0x77, 0xFF, 0xDD, 0xFF, 0x75, 0xFB, 0xDD, 0xFB, 0x77, 0xFF, 0xDD, 0xFF, 0x77, 0xFF, 0xDD, 0xEF, 0x67, 0xEF, 0xCD, 0xEF,
    0x57, 0xFF, 0xDD, 0xFF, 0x77, 0xFF, 0xDD, 0xBF, 0x37, 0xBF, 0x84, 0x00, 0x01, 0x02, 0x10, 0x98, 0x00, 0x00, 0x02, 0x93, 0x00, 0x10, 0x08, 0x80,
    0x00, 0x00, 0x08, 0x00, 0x00, 0x10, 0x00, 0x10, 0x20, 0x10, 0x20, 0x00, 0x20, 0x00, 0x20, 0x80, 0x00, 0x30, 0x08, 0x04, 0x08, 0x14, 0x1C, 0x1C,
    0x3C, 0x14, 0x3E, 0x1C, 0x3A, 0x34, 0x3E, 0x1C, 0x3E, 0x74, 0x7E, 0x5C, 0x7E, 0x74, 0xFC, 0x5C, 0xF8, 0x70, 0xF8, 0xD9, 0xFB, 0x71, 0xFB, 0xDD,
    0xFF, 0x77, 0xFF, 0xD5, 0xFF, 0x77, 0xEF, 0x4D, 0xEF, 0x77, 0xFF, 0xDD, 0xFF, 0x77, 0xFF, 0xDD, 0xFF, 0x77, 0xFF, 0x00, 0x8B, 0x00, 0x00, 0x0A,
    0x87, 0x00, 0x00, 0x04, 0x84, 0x00, 0x00, 0x80, 0x80, 0x00, 0x0F, 0x80, 0x00, 0x80, 0x00, 0x80, 0x00, 0x80, 0x00, 0x80, 0x00, 0x80, 0x10, 0x80,
    0x00, 0x80, 0x00, 0x80, 0x80, 0x00, 0x00, 0x80, 0x80, 0x02, 0x00, 0x80, 0x80, 0x82, 0x00, 0x00, 0x40, 0x80, 0xC0, 0x00, 0x44, 0x80, 0xC0, 0x04,
    0x40, 0xD0, 0xC0, 0xC0, 0x40, 0x80, 0xC0, 0x00, 0x40, 0x80, 0xC0, 0x00, 0x40, 0x80, 0xC0, 0x23, 0x40, 0xC0, 0xC0, 0xE0, 0x41, 0xE0, 0xC0, 0xA2,
    0x00, 0xA2, 0x50, 0xE2, 0x70, 0xF2, 0xD4, 0xF2, 0x74, 0xFE, 0xD4, 0xEA, 0x75, 0xE9, 0xDD, 0xFB, 0x71, 0xFF, 0xDD, 0xFF, 0x77, 0xFF, 0xDD, 0xFF,
    0x77, 0xFF, 0x5D, 0xFF, 0x82, 0x00, 0x29, 0x40, 0x00, 0x02, 0x00, 0x02, 0x00, 0x02, 0x04, 0x00, 0x00, 0x02, 0x01, 0x02, 0x05, 0x03, 0x01, 0x02,
    0x05, 0x02, 0x00, 0x02, 0x04, 0x02, 0x04, 0x06, 0x04, 0x06, 0x04, 0x0E, 0x04, 0x80, 0x00, 0x08, 0x00, 0x00, 0x01, 0x83, 0x01, 0x83, 0x03, 0x83,
    0x05, 0x80, 0x07, 0x7F, 0x05, 0x07, 0x07, 0x0F, 0x0D, 0x0F, 0x07, 0x8F, 0x0D, 0x8F, 0x07, 0x8F, 0x0D, 0x0B, 0x17, 0x8E, 0x15, 0x9E, 0x17, 0x8E,
    0xDD, 0x8E, 0x45, 0x8E, 0xC5, 0x8B, 0x45, 0x8B, 0xCD, 0x8B, 0x17, 0x9F, 0xDD, 0xBF, 0x17, 0xBF, 0x95, 0xBF, 0x17, 0xBF, 0x1D, 0x3F, 0x57, 0xFF,
    0xDD, 0xFF, 0x77, 0xFF, 0xDD, 0xFF, 0x75, 0xFF, 0xDD, 0xFB, 0x77, 0xFF, 0xDD, 0xFF, 0x77, 0xFF, 0xD5, 0xFF, 0x77, 0xEF, 0xCD, 0xEF, 0x57, 0xFF,
    0xDD, 0xFF, 0x77, 0xFF, 0xDD, 0xBF, 0x37, 0xBF, 0x1D, 0xBF, 0x00, 0x08, 0x00, 0x02, 0x00, 0x0A, 0x02, 0x02, 0x07, 0x0E, 0x04, 0x06, 0x06, 0x0E,
    0x04, 0x0E, 0x06, 0x0E, 0x0C, 0x0E, 0x15, 0x1E, 0x1C, 0x1E, 0x14, 0x1A, 0x1C, 0x1A, 0x14, 0x1E, 0x14, 0x3E, 0x16, 0x3E, 0x1C, 0x2E, 0x04, 0x0C,
    0x05, 0x2B, 0x05, 0x0F, 0x1D, 0x1F, 0x17, 0x1F, 0x1D, 0x1F, 0x17, 0x1F, 0x4F, 0x15, 0x3F, 0x17, 0x3E, 0x1D, 0x3F, 0x17, 0x3F, 0x1D, 0x3F, 0x15,
    0x3E, 0x1D, 0x3B, 0x11, 0x3B, 0x1D, 0x3B, 0x37, 0x3F, 0x15, 0x3F, 0x37, 0x3F, 0x55, 0x2F, 0x07, 0x2F, 0x4D, 0x2F, 0x57, 0x3F, 0x5D, 0x3F, 0x17,
    0x7F, 0x5D, 0x3F, 0x37, 0x3F, 0x1D, 0x3F, 0x77, 0x7F, 0x5D, 0x7F, 0x77, 0xFE, 0x5D, 0xFE, 0x75, 0xFD, 0xDD, 0xFB, 0x75, 0xFF, 0xDD, 0xFF, 0x77,
    0xFF, 0xD5, 0xFF, 0x77, 0xEF, 0xC5, 0xEF, 0x77, 0xFF, 0xDD, 0xFF, 0x77, 0xFF, 0xDD, 0xFF, 0x77, 0xFF, 0xDD, 0xBF, 0x00, 0x02, 0x9C, 0x00, 0x00,
    0x02, 0x94, 0x00, 0x00, 0x80, 0x80, 0x00, 0x00, 0x08, 0x80, 0x00, 0x3E, 0x08, 0x00, 0x00, 0x10, 0x08, 0x10, 0x20, 0x10, 0x20, 0x00, 0x20, 0x10,
    0x08, 0x04, 0x2C, 0x04, 0x2C, 0x1C, 0x3C, 0x14, 0x3C, 0x1C, 0x38, 0x14, 0x38, 0x1C, 0x3A, 0x34, 0x7E, 0x5C, 0x7E, 0x74, 0x7E, 0x5C, 0x7E, 0x74,
    0xEC, 0x5C, 0xFA, 0x75, 0xFF, 0xDD, 0xFF, 0x77, 0xFF, 0xDD, 0xBF, 0x37, 0xBF, 0x1D, 0xBF, 0x77, 0xFF, 0x5D, 0xFF, 0x77, 0xFF, 0xDD, 0xFF, 0x77,
    0xFF, 0xDD, 0xFF, 0x00, 0x89, 0x00, 0x00, 0x10, 0x87, 0x00, 0x00, 0x20, 0x89, 0x00, 0x0C, 0x80, 0x00, 0x80, 0x00, 0x80, 0x00, 0x88, 0x00, 0x90,
    0x00, 0x80, 0x00, 0x80, 0x80, 0x00, 0x03, 0x80, 0x00, 0x80, 0x00, 0x80, 0x80, 0x10, 0x00, 0x80, 0x00, 0x80, 0x00, 0x80, 0x00, 0x80, 0x40, 0xC0,
    0xC2, 0xC0, 0x40, 0xE0, 0xC0, 0xC0, 0x40, 0x80, 0xC0, 0x04, 0x40, 0xC0, 0xC0, 0x80, 0x00, 0x80, 0x80, 0x28, 0x00, 0x80, 0x40, 0xF0, 0x40, 0xE0,
    0xC0, 0xE0, 0x40, 0xE0, 0xC0, 0xE0, 0x40, 0xE0, 0xC0, 0xE2, 0x71, 0xF2, 0xD1, 0xF3, 0x71, 0xF2, 0xD5, 0xE2, 0x61, 0xE2, 0xC5, 0xEF, 0x77, 0xEF,
    0xDD, 0xFF, 0x77, 0xFF, 0xDD, 0xBF, 0x1F, 0xBF, 0x9D, 0xBF, 0x77, 0x83, 0x00, 0x1B, 0x02, 0x00, 0x02, 0x00, 0x02, 0x00, 0x02, 0x00, 0x02, 0x00,
    0x02, 0x04, 0x02, 0x01, 0x02, 0x00, 0x02, 0x00, 0x02, 0x00, 0x02, 0x00, 0x02, 0x04, 0x02, 0x00, 0x82, 0x04, 0x82, 0x00, 0x7F, 0x01, 0x83, 0x01,
    0x83, 0x03, 0x8B, 0x05, 0x03, 0x07, 0x07, 0x05, 0x07, 0x07, 0x0F, 0x05, 0x0F, 0x07, 0x8F, 0x0D, 0x8F, 0x05, 0x8E, 0x0D, 0x8B, 0x01, 0x8B, 0x9D,
    0x9B, 0x17, 0x8F, 0x95, 0x8F, 0x87, 0x87, 0xC5, 0x87, 0x05, 0x8F, 0xC5, 0x8F, 0x47, 0xCF, 0xDD, 0x9F, 0x17, 0x9F, 0x9D, 0x9F, 0x17, 0xBF, 0x1D,
    0xBF, 0x77, 0xFF, 0x5D, 0xFF, 0x77, 0xFE, 0xDC, 0xFE, 0x75, 0xFD, 0xDD, 0xFF, 0x75, 0xFF, 0xDD, 0xFF, 0x77, 0xFF, 0xD5, 0xF7, 0x77, 0xEF, 0xC5,
    0xEF, 0x77, 0xEF, 0xDD, 0xFF, 0x77, 0xFF, 0xDD, 0xFF, 0x57, 0xBF, 0xDD, 0xBF, 0x77, 0x08, 0x00, 0x0B, 0x00, 0x0A, 0x05, 0x0A, 0x03, 0x0A, 0x05,
    0x02, 0x0E, 0x0E, 0x04, 0x0E, 0x06, 0x0E, 0x0C, 0x0E, 0x14, 0x0E, 0x1C, 0x0C, 0x14, 0x18, 0x1C, 0x1A, 0x11, 0x1A, 0x1D, 0x1A, 0x17, 0x1E, 0x14,
    0x02, 0x14, 0x06, 0x04, 0x0E, 0x58, 0x07, 0x0F, 0x0D, 0x0F, 0x17, 0x0F, 0x1D, 0x1F, 0x17, 0x1F, 0x1D, 0x1F, 0x17, 0x3F, 0x1D, 0x3F, 0x37, 0x3E,
    0x1C, 0x3E, 0x34, 0x3E, 0x1C, 0x3C, 0x15, 0x3D, 0x1D, 0x3B, 0x37, 0x3B, 0x1D, 0x3B, 0x3F, 0x3F, 0x15, 0x27, 0x07, 0x2F, 0x0D, 0x2F, 0x17, 0x7F,
    0x5D, 0x3F, 0x17, 0x3F, 0x3D, 0x3F, 0x17, 0x3F, 0x1D, 0x3F, 0x77, 0x7F, 0x5D, 0x7F, 0x77, 0xFE, 0x5C, 0xFE, 0x74, 0xFE, 0xDD, 0xFF, 0x75, 0xFF,
    0xDD, 0xFF, 0x77, 0xFF, 0xDD, 0xFF, 0x77, 0xBF, 0xD5, 0xFF, 0x77, 0xFF, 0xDD, 0xFF, 0x77, 0xFF, 0xDD, 0xFF, 0x77, 0xFF, 0xDD, 0xFF, 0x77, 0xC1,
    0x00, 0x00, 0x08, 0x81, 0x00, 0x36, 0x08, 0x00, 0x00, 0x08, 0x04, 0x2C, 0x14, 0x2C, 0x1C, 0x3C, 0x14, 0x3C, 0x1C, 0x3C, 0x14, 0x3C, 0x1C, 0x38,
    0x34, 0x7E, 0x5C, 0x7A, 0x74, 0x7A, 0x54, 0x72, 0x74, 0x6E, 0x44, 0xEE, 0x77, 0xEF, 0xDD, 0xFF, 0x57, 0xFF, 0xDD, 0xBF, 0x17, 0xBF, 0x1D, 0xBF,
    0x37, 0xFF, 0x5D, 0xFF, 0x77, 0xFF, 0x5D, 0xFE, 0x76, 0xFE, 0xDD, 0xFF, 0x75, 0x01, 0x01, 0x00, 0x80, 0x84, 0x00, 0x03, 0x10, 0x00, 0x00, 0x10,
    0x84, 0x00, 0x03, 0x40, 0x00, 0x00, 0x20, 0x8D, 0x00, 0x04, 0x14, 0x00, 0x08, 0x00, 0x10, 0x80, 0x00, 0x00, 0x80, 0x80, 0x00, 0x00, 0x80, 0x81,
    0x00, 0x00, 0x80, 0x82, 0x00, 0x00, 0x80, 0x80, 0x00, 0x1A, 0x82, 0x60, 0x82, 0x00, 0x80, 0x20, 0x80, 0x00, 0x80, 0x00, 0x80, 0x00, 0x80, 0x00,
    0x80, 0x00, 0x80, 0x00, 0x80, 0x10, 0x00, 0x20, 0x40, 0x10, 0x00, 0x00, 0x80, 0x80, 0x00, 0x1E, 0x80, 0x00, 0x80, 0x00, 0xA0, 0x02, 0xA0, 0x01,
    0xA0, 0x00, 0xA0, 0x01, 0xA4, 0x01, 0xA4, 0x05, 0xA2, 0x00, 0xBA, 0x00, 0xAA, 0x00, 0xAA, 0x00, 0x8A, 0x00, 0x82, 0x00, 0xAA, 0x40, 0xAA, 0x8C,
    0x00, 0x00, 0x04, 0x80, 0x00, 0x05, 0x05, 0x02, 0x00, 0x02, 0x00, 0x02, 0x81, 0x00, 0x7F, 0x04, 0x00, 0x00, 0x80, 0x04, 0x02, 0x00, 0x02, 0x01,
    0x02, 0x04, 0x80, 0x04, 0x0C, 0x06, 0x80, 0x02, 0x88, 0x02, 0x04, 0x02, 0x08, 0x02, 0x00, 0x02, 0x01, 0x0A, 0x81, 0x09, 0x81, 0x09, 0x02, 0x09,
    0x07, 0x8C, 0x00, 0x8C, 0x50, 0x82, 0x04, 0x86, 0x0C, 0x06, 0x04, 0xC2, 0x00, 0xC0, 0x00, 0x82, 0x40, 0x8A, 0x40, 0xDA, 0x10, 0x8A, 0x00, 0x8A,
    0x00, 0x0A, 0x00, 0x0A, 0x00, 0x2A, 0x00, 0x2A, 0x01, 0x2B, 0x00, 0xA8, 0x00, 0xA9, 0x02, 0xA8, 0x00, 0xA8, 0x00, 0xAA, 0x00, 0xAA, 0x04, 0xA2,
    0x08, 0xA2, 0x10, 0xB2, 0x10, 0xAA, 0x10, 0xAA, 0x00, 0xAA, 0x00, 0x8A, 0x00, 0x8A, 0x40, 0xAA, 0x40, 0xAA, 0x0A, 0x04, 0x05, 0x04, 0x04, 0x01,
    0x04, 0x0F, 0x00, 0x01, 0x0C, 0x0A, 0x00, 0x12, 0x00, 0x1A, 0x00, 0x1A, 0x00, 0x08, 0x00, 0x18, 0x00, 0x08, 0x10, 0x0C, 0x02, 0x0C, 0x05, 0x62,
    0x0C, 0x01, 0x06, 0x1D, 0x07, 0x00, 0x11, 0x01, 0x03, 0x01, 0x02, 0x00, 0x0A, 0x00, 0x1A, 0x00, 0x0A, 0x00, 0x0A, 0x00, 0x0A, 0x20, 0x0A, 0x00,
    0x2A, 0x00, 0x2A, 0x00, 0x2A, 0x00, 0x28, 0x00, 0x28, 0x00, 0x48, 0x02, 0x08, 0x04, 0x2A, 0x04, 0x0E, 0x00, 0x2A, 0x00, 0x02, 0x18, 0x12, 0x10,
    0x3A, 0x10, 0x4A, 0x40, 0x6A, 0x40, 0x4A, 0x00, 0x2A, 0x00, 0x4A, 0x00, 0x6A, 0xC0, 0x2A, 0x80, 0x2A, 0x80, 0x2A, 0x00, 0x2B, 0x00, 0x21, 0x01,
    0xAA, 0x00, 0xA8, 0x00, 0xAA, 0x00, 0xAA, 0x00, 0x8A, 0x40, 0xEA, 0x00, 0xE2, 0x00, 0xAA, 0x00, 0xAA, 0x00, 0x2A, 0x00, 0xAA, 0x01, 0xAA, 0x00,
    0xAA, 0x00, 0xAA, 0xBF, 0x00, 0x05, 0x08, 0x00, 0x00, 0x08, 0x08, 0x00, 0x80, 0x08, 0x34, 0x10, 0x30, 0x10, 0x10, 0x08, 0x10, 0x08, 0x00, 0x08,
    0x00, 0x08, 0x00, 0x48, 0x00, 0xE8, 0x44, 0x68, 0x06, 0x2C, 0x00, 0x24, 0x40, 0x24, 0x00, 0x20, 0x18, 0x33, 0x01, 0x2A, 0x00, 0xAA, 0x10, 0x0A,
    0x00, 0x8A, 0x20, 0xCA, 0x00, 0x2A, 0x40, 0xEA, 0x00, 0x2A, 0x00, 0x2A, 0x00, 0x2B, 0x00, 0xAA, 0x00, 0xA8, 0x00, 0xA8, 0x01, 0x02, 0x00, 0x80,
    0x04, 0x81, 0x00, 0x02, 0x08, 0x00, 0x10, 0x84, 0x00, 0x03, 0x80, 0x00, 0x00, 0x40, 0x8C, 0x00, 0x04, 0x80, 0x90, 0x84, 0x80, 0x94, 0x83, 0x80,
    0x02, 0x00, 0x00, 0x80, 0x81, 0x00, 0x03, 0x80, 0x00, 0x80, 0x00, 0x81, 0x80, 0x19, 0x00, 0x00, 0xA1, 0x80, 0x00, 0x42, 0xA0, 0xC0, 0x00, 0x40,
    0x80, 0x80, 0x00, 0x00, 0x80, 0x80, 0x00, 0x00, 0x80, 0xC0, 0x00, 0x10, 0x80, 0x80, 0x10, 0x80, 0x85, 0xA0, 0x1F, 0x80, 0xA0, 0x20, 0x20, 0x80,
    0x80, 0x21, 0x30, 0x82, 0x92, 0x22, 0x32, 0x82, 0x92, 0x22, 0x26, 0x90, 0x88, 0x3A, 0x22, 0x98, 0x98, 0x22, 0x22, 0xA8, 0xA8, 0x62, 0x62, 0xC8,
    0xC8, 0x22, 0x22, 0x83, 0x00, 0x85, 0x02, 0x82, 0x06, 0x00, 0x04, 0x83, 0x00, 0x02, 0x02, 0x02, 0x03, 0x84, 0x02, 0x5C, 0x05, 0x07, 0x07, 0x02,
    0x04, 0x0A, 0x8A, 0x0A, 0x0E, 0x08, 0x8E, 0x0A, 0x04, 0x08, 0x02, 0x0A, 0x08, 0x08, 0x0B, 0x03, 0x08, 0x0A, 0x0A, 0x02, 0x88, 0x88, 0x21, 0x02,
    0x9E, 0x9E, 0x56, 0x1E, 0x9A, 0x98, 0x02, 0x0A, 0x80, 0x88, 0x02, 0x4A, 0x88, 0xC8, 0xC2, 0x42, 0x88, 0x88, 0x82, 0x12, 0x88, 0x88, 0x02, 0xA2,
    0xA8, 0xE8, 0x62, 0xE2, 0x88, 0x88, 0x23, 0xA2, 0x88, 0x8A, 0x23, 0x23, 0x88, 0x8A, 0x22, 0x22, 0x88, 0x88, 0x22, 0x22, 0xAC, 0x88, 0x22, 0x6A,
    0x88, 0x88, 0x22, 0x22, 0x88, 0x88, 0xA2, 0x22, 0x88, 0xA8, 0x22, 0x22, 0x88, 0x88, 0x22, 0x22, 0x06, 0x83, 0x0A, 0x78, 0x02, 0x0E, 0x0A, 0x02,
    0x0A, 0x18, 0x08, 0x12, 0x02, 0x18, 0x08, 0x1A, 0x12, 0x1A, 0x08, 0x08, 0x10, 0x1C, 0x1C, 0x04, 0x06, 0x0E, 0x1A, 0x0A, 0x1A, 0x12, 0x10, 0x03,
    0x06, 0x10, 0x08, 0x1A, 0x2A, 0x18, 0x08, 0x02, 0x03, 0x08, 0x19, 0x02, 0x02, 0x0A, 0x28, 0x22, 0x22, 0x28, 0x08, 0x22, 0x23, 0x08, 0x88, 0x2A,
    0x22, 0x0A, 0x0A, 0x23, 0x62, 0x08, 0x2A, 0x22, 0x22, 0x28, 0x1C, 0x26, 0x0A, 0x28, 0x28, 0x22, 0x2A, 0x08, 0x08, 0x22, 0x62, 0x48, 0x48, 0x22,
    0x63, 0x48, 0x69, 0x62, 0x22, 0x48, 0x88, 0xA2, 0xA2, 0x88, 0x8C, 0xA6, 0xA6, 0x8D, 0x88, 0xAB, 0xAA, 0x88, 0x88, 0x22, 0x22, 0x88, 0x98, 0x32,
    0x32, 0xA8, 0x88, 0x62, 0x22, 0xC8, 0xC8, 0x22, 0x22, 0x88, 0x88, 0xA2, 0x22, 0x88, 0x89, 0xA2, 0x23, 0x88, 0x88, 0x22, 0x22, 0x98, 0x00, 0x00,
    0x02, 0xA3, 0x00, 0x03, 0x0C, 0x00, 0x08, 0x00, 0x81, 0x08, 0x35, 0x18, 0x08, 0x28, 0x2C, 0x20, 0x24, 0x2C, 0x2C, 0x28, 0x24, 0x08, 0xA8, 0x60,
    0x60, 0x48, 0x88, 0x20, 0x24, 0x08, 0x08, 0x2A, 0x68, 0x6A, 0x4A, 0x23, 0x6F, 0x01, 0x88, 0xBA, 0xA2, 0x98, 0x88, 0xA2, 0x32, 0xA8, 0xA8, 0xC2,
    0x22, 0xC8, 0xC8, 0x22, 0x22, 0x88, 0x88, 0x22, 0xA2, 0x88, 0x88, 0x22, 0x22, 0x89, 0x8A, 0x22, 0x22, 0x00, 0x01, 0x00, 0x10, 0x89, 0x00, 0x00,
    0x80, 0x8F, 0x00, 0x02, 0x10, 0x00, 0x02, 0x81, 0x00, 0x00, 0x80, 0x80, 0x00, 0x00, 0x80, 0x80, 0x00, 0x00, 0x80, 0x87, 0x00, 0x04, 0x20, 0x80,
    0x80, 0x81, 0x00, 0x80, 0x80, 0x00, 0x00, 0x80, 0x80, 0x00, 0x00, 0x80, 0x80, 0x08, 0x00, 0x80, 0xC0, 0x80, 0x10, 0x80, 0x00, 0x80, 0x00, 0x80,
    0x80, 0x28, 0x00, 0x80, 0xC0, 0xA0, 0x40, 0xE0, 0x40, 0xE0, 0x40, 0xE0, 0xC0, 0xE0, 0x60, 0xE0, 0xC1, 0xE1, 0x41, 0xE1, 0xC1, 0xE3, 0x41, 0xE3,
    0xD1, 0xE3, 0x77, 0xFF, 0xD5, 0xFF, 0x77, 0xFF, 0x5D, 0xFF, 0x77, 0xFF, 0xDD, 0xFF, 0x77, 0xFF, 0xDD, 0xFF, 0x77, 0x85, 0x00, 0x7F, 0x02, 0x00,
    0x02, 0x00, 0x02, 0x04, 0x02, 0x00, 0x02, 0x04, 0x02, 0x00, 0x00, 0x04, 0x00, 0x00, 0x08, 0x00, 0x00, 0x01, 0x00, 0x01, 0x02, 0x01, 0x02, 0x01,
    0x03, 0x03, 0x07, 0x05, 0x07, 0x07, 0x0F, 0x05, 0x0E, 0x05, 0x0E, 0x0D, 0x0F, 0x07, 0x0F, 0x0D, 0x0F, 0x17, 0x0F, 0x1D, 0x0A, 0x04, 0x0E, 0x04,
    0x2E, 0x04, 0x8E, 0x05, 0x8F, 0x05, 0x8F, 0x8D, 0x8F, 0x01, 0x8B, 0x81, 0x8B, 0x17, 0x8F, 0x95, 0x9F, 0x17, 0xBF, 0x1D, 0x2F, 0x17, 0x2F, 0x1D,
    0x2F, 0x17, 0xBF, 0x5D, 0xBF, 0x57, 0xFF, 0xDD, 0xFF, 0x7F, 0xFF, 0xDD, 0xFB, 0x73, 0xFF, 0xD5, 0xFF, 0x77, 0xFF, 0xDD, 0xFF, 0x77, 0xEF, 0xCD,
    0xCF, 0x57, 0xDF, 0xDD, 0xFF, 0x57, 0xFF, 0xDD, 0xBF, 0x77, 0xFF, 0x5D, 0x7F, 0x77, 0xFE, 0x5D, 0xFF, 0x77, 0xFF, 0xDD, 0xFF, 0x77, 0x0E, 0x04,
    0x0E, 0x04, 0x0E, 0x04, 0x0E, 0x04, 0x77, 0x0E, 0x0C, 0x0E, 0x14, 0x1E, 0x1C, 0x1A, 0x14, 0x1A, 0x14, 0x1A, 0x12, 0x0A, 0x14, 0x0A, 0x14, 0x1F,
    0x04, 0x0E, 0x04, 0x0A, 0x05, 0x0A, 0x01, 0x0B, 0x05, 0x0B, 0x17, 0x1F, 0x1D, 0x3F, 0x17, 0x3E, 0x1C, 0x2E, 0x16, 0x2E, 0x1C, 0x3E, 0x14, 0x3E,
    0x1D, 0x3F, 0x1D, 0x3F, 0x1D, 0x3A, 0x31, 0x3A, 0x11, 0x3B, 0x37, 0x3F, 0x15, 0x3F, 0x37, 0x2F, 0x4D, 0x2F, 0x07, 0x0F, 0x0D, 0x0F, 0x17, 0x1F,
    0x1D, 0x3F, 0x17, 0x3F, 0x1D, 0xBF, 0xB7, 0x3E, 0x1C, 0x3E, 0x76, 0x7E, 0x5C, 0x7E, 0x77, 0xFF, 0x5D, 0xFF, 0x75, 0xFB, 0xD9, 0xFB, 0x73, 0xFB,
    0xD5, 0xFF, 0x77, 0xFF, 0xDD, 0xFF, 0x77, 0xEF, 0x4D, 0xEF, 0x57, 0xFF, 0xDD, 0xFF, 0x77, 0xFF, 0xDD, 0xFF, 0x77, 0xFF, 0xDD, 0xFF, 0x77, 0xFE,
    0xDD, 0xFE, 0x77, 0xFF, 0xDD, 0xFF, 0x77, 0x96, 0x00, 0x00, 0x02, 0x97, 0x00, 0x00, 0x01, 0x86, 0x00, 0x00, 0x04, 0x86, 0x00, 0x37, 0x08, 0x10,
    0x18, 0x10, 0x38, 0x18, 0x38, 0x10, 0x38, 0x10, 0x38, 0x30, 0x38, 0x54, 0x38, 0x74, 0x7C, 0x5C, 0x78, 0x70, 0x68, 0x50, 0x68, 0x50, 0xFA, 0x5D,
    0xBB, 0x77, 0xFF, 0x5D, 0xBF, 0x37, 0x3F, 0x5D, 0x3E, 0x77, 0x7E, 0x5D, 0xFF, 0x77, 0xFF, 0xDD, 0xFF, 0x77, 0xFF, 0xDD, 0xFF, 0x77, 0xFF, 0xDD,
    0xFF, 0x77, 0xFF, 0xDD, 0xFF, 0x77, 0x00, 0x9A, 0x00, 0x00, 0x10, 0x80, 0x00, 0x00, 0x02, 0x8A, 0x00, 0x00, 0x80, 0x84, 0x00, 0x00, 0x10, 0x80,
    0x00, 0x03, 0x80, 0x00, 0x80, 0x00, 0x80, 0x80, 0x00, 0x00, 0x80, 0x80, 0x00, 0x00, 0x80, 0x80, 0x05, 0x00, 0x80, 0x00, 0x80, 0x00, 0x80, 0x80,
    0x00, 0x2E, 0x80, 0xC0, 0x80, 0x40, 0xC0, 0xC0, 0x80, 0x00, 0x80, 0xC0, 0xA0, 0x40, 0xE0, 0xC0, 0xE2, 0x60, 0xE2, 0xC0, 0xE2, 0x41, 0xE3, 0xC1,
    0xC3, 0x41, 0xCB, 0xC5, 0xEF, 0x57, 0xFF, 0xDD, 0xBF, 0x77, 0xBF, 0x5D, 0x3F, 0x77, 0xFF, 0x5D, 0xFF, 0x77, 0xFF, 0xDD, 0xFF, 0x77, 0xFF, 0x00,
    0x02, 0x83, 0x00, 0x7F, 0x04, 0x02, 0x00, 0x0B, 0x04, 0x02, 0x00, 0x02, 0x00, 0x02, 0x00, 0x00, 0x04, 0x02, 0x04, 0x08, 0x04, 0x00, 0x00, 0x08,
    0x00, 0x00, 0x01, 0x02, 0x01, 0x03, 0x03, 0x0F, 0x05, 0x0F, 0x07, 0x0E, 0x05, 0x0E, 0x06, 0x0E, 0x0C, 0x0E, 0x05, 0x0E, 0x1D, 0x0F, 0x15, 0x1F,
    0x1D, 0x1A, 0x11, 0x9A, 0x10, 0x1A, 0x17, 0x0E, 0x15, 0x0F, 0x07, 0x8F, 0x05, 0x8F, 0x05, 0x8F, 0x0D, 0x8F, 0x17, 0x8F, 0x1D, 0x9F, 0x17, 0xBF,
    0x1D, 0x3F, 0x17, 0x3F, 0x1D, 0x3E, 0x17, 0xBE, 0x5D, 0xFF, 0x77, 0xFF, 0xDD, 0xFF, 0x75, 0xFB, 0xD9, 0xFB, 0x73, 0xFB, 0xD5, 0xFF, 0x77, 0xFF,
    0xD5, 0xFF, 0x77, 0xEF, 0xCD, 0xEF, 0x47, 0xEF, 0xDD, 0xFF, 0x57, 0xFF, 0xDF, 0xBF, 0x77, 0xBF, 0x5D, 0xBF, 0x77, 0xFF, 0x5D, 0xFF, 0x77, 0xFF,
    0xDD, 0xFF, 0x77, 0xFF, 0x04, 0x0E, 0x04, 0x0E, 0x04, 0x0E, 0x04, 0x0C, 0x77, 0x0C, 0x0E, 0x14, 0x1C, 0x1C, 0x18, 0x11, 0x18, 0x10, 0x18, 0x10,
    0x1A, 0x10, 0x32, 0x15, 0x2E, 0x04, 0x2E, 0x04, 0x0E, 0x04, 0x0A, 0x04, 0x0E, 0x0C, 0x0E, 0x17, 0x1F, 0x1D, 0x3F, 0x17, 0x3E, 0x1C, 0x3E, 0x16,
    0x3E, 0x1C, 0x3E, 0x34, 0x3E, 0x1C, 0x3E, 0x34, 0x3C, 0x1C, 0x38, 0x19, 0x38, 0x11, 0x3B, 0x33, 0x3B, 0x15, 0x3F, 0x37, 0x2F, 0x45, 0x2F, 0x07,
    0x2F, 0x0D, 0x0F, 0x17, 0x3F, 0x5D, 0x3F, 0x17, 0x3F, 0x1D, 0x3F, 0x37, 0x3F, 0x1D, 0x3E, 0x76, 0x7E, 0x5C, 0x7E, 0x77, 0xFE, 0x5D, 0xFF, 0x75,
    0xFD, 0xDD, 0xFB, 0x71, 0xFB, 0xDD, 0xFF, 0x77, 0xFF, 0xDD, 0xFF, 0x77, 0xFF, 0x5D, 0x6F, 0x77, 0xFF, 0x5D, 0xFF, 0x77, 0xFF, 0xDD, 0xFF, 0x77,
    0xFF, 0xDD, 0xFF, 0x77, 0xFF, 0xDD, 0xFF, 0x77, 0xFF, 0xDD, 0xFF, 0x77, 0xFF, 0xA8, 0x00, 0x00, 0x20, 0x8C, 0x00, 0x00, 0x02, 0x88, 0x00, 0x38,
    0x08, 0x00, 0x28, 0x10, 0x38, 0x90, 0x38, 0x10, 0x38, 0x10, 0x38, 0x30, 0x38, 0x50, 0x38, 0x70, 0x78, 0x50, 0x60, 0x60, 0x68, 0x40, 0x68, 0x40,
    0xE8, 0x5D, 0xFF, 0x55, 0xBF, 0x5D, 0xBF, 0x17, 0xBF, 0x1D, 0x3E, 0x37, 0x7E, 0x5D, 0x7E, 0x77, 0xFE, 0xDD, 0xFF, 0x75, 0xFF, 0xDD, 0xF9, 0x71,
    0xFB, 0xDD, 0xFB, 0x77, 0xFF, 0xDD, 0xFF, 0x77, 0xFF, 0x00, 0x00, 0x40, 0x96, 0x00, 0x00, 0x20, 0x81, 0x00, 0x00, 0x01, 0x96, 0x00, 0x07, 0x81,
    0x00, 0x80, 0x00, 0x80, 0x00, 0x80, 0x00, 0x80, 0x80, 0x00, 0x00, 0x80, 0x80, 0x03, 0x20, 0x80, 0x00, 0x80, 0x84, 0x00, 0x3A, 0x80, 0x00, 0xC0,
    0xC0, 0x80, 0x40, 0x80, 0xC0, 0x80, 0x40, 0xC0, 0xC0, 0xC2, 0x41, 0xE2, 0xC1, 0xE2, 0x41, 0xE2, 0xC5, 0xE3, 0x45, 0xCF, 0xC5, 0xCF, 0x47, 0xEF,
    0xDD, 0xFF, 0x17, 0xBF, 0x9D, 0xBF, 0x37, 0xBF, 0x5D, 0xFF, 0x77, 0xFF, 0xDD, 0xFF, 0x77, 0xFF, 0xDD, 0xFF, 0x00, 0x02, 0x04, 0x02, 0x00, 0x04,
    0x04, 0x0A, 0x04, 0x0D, 0x84, 0x08, 0x00, 0x08, 0x82, 0x00, 0x79, 0x02, 0x00, 0x02, 0x04, 0x02, 0x00, 0x00, 0x04, 0x00, 0x00, 0x08, 0x04, 0x0A,
    0x05, 0x0F, 0x05, 0x0F, 0x07, 0x0F, 0x05, 0x0E, 0x06, 0x0E, 0x04, 0x0E, 0x06, 0x0E, 0x1C, 0x0E, 0x14, 0x1E, 0x1C, 0x98, 0x10, 0x18, 0x19, 0x1B,
    0x19, 0x1B, 0x15, 0x3B, 0x17, 0x2F, 0x05, 0x27, 0x07, 0x0F, 0x05, 0x0F, 0x07, 0x8F, 0x1D, 0x9F, 0x17, 0x9F, 0x1D, 0x3F, 0x17, 0x3F, 0x1D, 0x3F,
    0x37, 0x3E, 0x5D, 0x3E, 0x77, 0xFE, 0x5D, 0xFF, 0x75, 0xFC, 0xDD, 0xF9, 0x71, 0xFB, 0xDD, 0xFB, 0x77, 0xFF, 0xDD, 0xFF, 0x77, 0xFF, 0xD5, 0xFF,
    0x67, 0xEF, 0xDD, 0xFF, 0x77, 0xFF, 0xDD, 0xFF, 0xF7, 0xFF, 0xDD, 0xBF, 0x77, 0xFF, 0xDD, 0xFF, 0x7F, 0xFF, 0xDD, 0xFF, 0x77, 0xFF, 0xDD, 0xFF,
    0x00, 0x08, 0x04, 0x08, 0x04, 0x0C, 0x14, 0x0C, 0x14, 0x0C, 0x1C, 0x18, 0x10, 0x80, 0x18, 0x6F, 0x10, 0x18, 0x10, 0x38, 0x11, 0x3A, 0x14, 0x22,
    0x04, 0x26, 0x04, 0x06, 0x04, 0x0E, 0x04, 0x0E, 0x14, 0x0E, 0x1C, 0x1E, 0x16, 0x1E, 0x1C, 0x3E, 0x14, 0x3E, 0x1C, 0x3E, 0x36, 0x3E, 0x1C, 0x3E,
    0x34, 0x3E, 0x5C, 0x3C, 0x14, 0x38, 0x58, 0x38, 0x11, 0x3F, 0x5D, 0x3B, 0x37, 0x3F, 0x15, 0x3F, 0x17, 0x2F, 0x05, 0x2F, 0x17, 0x7F, 0x5D, 0x7F,
    0x77, 0x7F, 0x5D, 0x3F, 0x37, 0x3F, 0x1D, 0x3F, 0x77, 0xFF, 0x5D, 0xFF, 0x77, 0xFE, 0x5D, 0xFE, 0x75, 0xFE, 0xDD, 0xEF, 0x75, 0xFF, 0xDD, 0xFF,
    0x77, 0xFF, 0xDD, 0xFF, 0x77, 0xBF, 0x1D, 0xBF, 0x37, 0xFF, 0x5D, 0xFF, 0x77, 0xFF, 0xDD, 0xFF, 0x77, 0xFF, 0xDD, 0xFF, 0xF5, 0xFF, 0xDD, 0xFF,
    0x77, 0xFF, 0xDD, 0xFF, 0x7F, 0xFF, 0xD5, 0xFF, 0x92, 0x00, 0x00, 0x01, 0x8F, 0x00, 0x00, 0x20, 0x9B, 0x00, 0x38, 0x20, 0x80, 0x20, 0x00, 0x20,
    0x10, 0x28, 0x10, 0x30, 0x10, 0x38, 0x10, 0x30, 0x30, 0x38, 0x50, 0x30, 0x70, 0x60, 0x40, 0x60, 0x40, 0x68, 0x44, 0xE8, 0x55, 0xFF, 0x5D, 0xBF,
    0x15, 0xBF, 0x1D, 0x3F, 0x37, 0x3F, 0x5D, 0x7F, 0x77, 0xFE, 0x5D, 0xFE, 0x74, 0xFE, 0xDC, 0xFC, 0x75, 0xFD, 0xDD, 0xFB, 0x77, 0xFF, 0xDD, 0xFF,
    0x77, 0xFF, 0xD5, 0xFF, 0x00, 0x94, 0x00, 0x00, 0x40, 0x82, 0x00, 0x00, 0x01, 0x96, 0x00, 0x00, 0x01, 0x81, 0x00, 0x00, 0x80, 0x80, 0x00, 0x0A,
    0x80, 0x00, 0x80, 0x00, 0x80, 0x40, 0x80, 0x00, 0x80, 0x00, 0x80, 0x86, 0x00, 0x7F, 0x80, 0x00, 0x80, 0x00, 0x80, 0xC0, 0x80, 0x40, 0xC0, 0xC0,
    0xC2, 0x41, 0xC3, 0xC1, 0xC3, 0x43, 0xC3, 0xC5, 0xC7, 0x47, 0xCF, 0xC5, 0xEF, 0x47, 0xEF, 0xDD, 0xFF, 0x57, 0xBF, 0x9D, 0xBF, 0x37, 0xBF, 0xDD,
    0xFF, 0x77, 0xFF, 0xDD, 0xFF, 0x77, 0xFE, 0xDD, 0xFE, 0x75, 0x00, 0x00, 0x02, 0x00, 0x0C, 0x04, 0x8F, 0x04, 0x0C, 0x04, 0x08, 0x00, 0x08, 0x00,
    0x08, 0x00, 0x08, 0x00, 0x82, 0x00, 0x0A, 0x00, 0x02, 0x00, 0x02, 0x04, 0x02, 0x04, 0x0E, 0x04, 0x0E, 0x04, 0x0E, 0x0D, 0x0E, 0x17, 0x0E, 0x1C,
    0x0E, 0x16, 0x0E, 0x1C, 0x1E, 0x16, 0x1E, 0x1C, 0x3E, 0x54, 0x1E, 0x1C, 0x1C, 0x14, 0x18, 0x18, 0x39, 0x11, 0x3B, 0x1D, 0x3B, 0x17, 0x3F, 0x15,
    0x27, 0x07, 0x27, 0x05, 0x2F, 0x07, 0x2F, 0x1D, 0x3F, 0x17, 0xBF, 0x1D, 0x3F, 0x17, 0x3F, 0x1D, 0x3F, 0x37, 0xBF, 0x5D, 0xBF, 0x77, 0x7F, 0xFF,
    0x5D, 0xFE, 0x74, 0xFE, 0xDC, 0xFD, 0x75, 0xFF, 0xDD, 0xFF, 0x77, 0xFF, 0xDD, 0xFF, 0x77, 0xBF, 0x95, 0xBF, 0x37, 0xFF, 0x5D, 0xFF, 0x77, 0xFF,
    0xDD, 0xFF, 0x77, 0xFF, 0xDD, 0xFF, 0x77, 0xFF, 0xDD, 0xFF, 0x77, 0xFF, 0xDD, 0xFF, 0x77, 0xFF, 0xD5, 0xFF, 0x77, 0x08, 0x10, 0x08, 0x10, 0x18,
    0x14, 0x38, 0x14, 0x3C, 0x14, 0x28, 0x10, 0x28, 0x20, 0x28, 0x10, 0x08, 0x10, 0x38, 0x10, 0x38, 0x10, 0x32, 0x10, 0x22, 0x04, 0x22, 0x04, 0x0E,
    0x04, 0x2E, 0x04, 0x2E, 0x1C, 0x3E, 0x14, 0x1E, 0x1C, 0x3A, 0x16, 0x3E, 0x1C, 0x3A, 0x34, 0x3E, 0x7C, 0x3E, 0x74, 0x7E, 0x54, 0x78, 0x74, 0x68,
    0x46, 0x6A, 0x54, 0x7E, 0x5D, 0x3F, 0x57, 0x3F, 0x1D, 0x3F, 0x17, 0x3E, 0x15, 0x3E, 0x37, 0x3E, 0x5D, 0x7E, 0x77, 0x7E, 0x5C, 0x7E, 0x74, 0xFE,
    0x5C, 0xFE, 0x75, 0xFF, 0x5D, 0xFF, 0x77, 0x2B, 0xFF, 0xDD, 0xFF, 0x77, 0xFE, 0x55, 0xEF, 0x67, 0xEF, 0xDD, 0xFF, 0x77, 0xFF, 0xDD, 0xFF, 0x57,
    0xBF, 0x9D, 0xBF, 0x37, 0xBF, 0x5D, 0xFF, 0x77, 0xFF, 0x5D, 0xFF, 0x77, 0xFE, 0xDC, 0xFE, 0x75, 0xFF, 0xDD, 0xFF, 0x77, 0xFF, 0xDD, 0xFF, 0x77,
    0xFF, 0xD5, 0xF7, 0x77, 0x90, 0x00, 0x00, 0x01, 0x8E, 0x00, 0x00, 0x10, 0x9B, 0x00, 0x00, 0x80, 0x80, 0x00, 0x37, 0x20, 0x00, 0x20, 0x00, 0x20,
    0x00, 0x20, 0x00, 0x20, 0x50, 0x30, 0x10, 0x30, 0x50, 0x20, 0x10, 0x20, 0x00, 0x20, 0x40, 0x60, 0x40, 0x68, 0x45, 0xEC, 0x5D, 0xFD, 0x55, 0x9D,
    0x1D, 0xBB, 0x15, 0xBF, 0x5D, 0xFF, 0x77, 0xFF, 0x5D, 0xFE, 0x76, 0xFE, 0xDC, 0xFE, 0x74, 0xFC, 0xDD, 0xFF, 0x75, 0xFF, 0xDD, 0xFF, 0x77, 0xFF,
    0xDD, 0xFF, 0x77, 0x00, 0x90, 0x00, 0x00, 0x40, 0x84, 0x00, 0x00, 0x01, 0x8C, 0x00, 0x00, 0x04, 0x85, 0x00, 0x00, 0x01, 0x8F, 0x00, 0x00, 0x80,
    0x88, 0x00, 0x03, 0x80, 0x00, 0x80, 0x00, 0x80, 0x80, 0x7F, 0x00, 0x80, 0xC0, 0x82, 0x01, 0x8B, 0xC1, 0x83, 0x03, 0x83, 0x85, 0x83, 0x07, 0x8F,
    0xC5, 0xEF, 0x47, 0xEF, 0xDD, 0xFF, 0x57, 0xFF, 0xDD, 0xBF, 0x57, 0xFF, 0xDD, 0xFF, 0x77, 0xFF, 0xDD, 0xFF, 0x77, 0xFE, 0xDD, 0xFE, 0x77, 0xFF,
    0x00, 0x00, 0x80, 0x08, 0x06, 0x08, 0x04, 0x0C, 0x04, 0x08, 0x00, 0x08, 0x00, 0x08, 0x00, 0x08, 0x80, 0x08, 0x10, 0x08, 0x00, 0x02, 0x00, 0x02,
    0x08, 0x02, 0x04, 0x0E, 0x04, 0x0E, 0x04, 0x0E, 0x0C, 0x0E, 0x14, 0x0E, 0x1C, 0x1E, 0x14, 0x1E, 0x1C, 0x3E, 0x16, 0x3E, 0x5C, 0x3E, 0x14, 0x3E,
    0x1C, 0x2C, 0x14, 0x2E, 0x1C, 0x38, 0x15, 0x3B, 0x1D, 0x3B, 0x13, 0x3B, 0x15, 0x33, 0x17, 0x2F, 0x05, 0x2F, 0x17, 0x3F, 0x1D, 0x3F, 0x17, 0x3F,
    0x1D, 0x3F, 0x15, 0x3F, 0x1D, 0x7F, 0x37, 0xBF, 0x5F, 0xFF, 0x77, 0xFF, 0x5D, 0xFE, 0x76, 0xFE, 0x74, 0xEE, 0x7F, 0x75, 0xEF, 0xDD, 0xFF, 0x77,
    0xFF, 0xDD, 0xFF, 0x57, 0xBF, 0x9D, 0xBF, 0xF7, 0xFF, 0x5D, 0xFF, 0x77, 0xFF, 0x5D, 0xFF, 0x77, 0xFE, 0xDD, 0xFF, 0x75, 0xFF, 0xDD, 0xFF, 0x77,
    0xFF, 0xDD, 0xFF, 0x77, 0xFF, 0xD5, 0xF7, 0x77, 0xFF, 0x10, 0x18, 0x10, 0x38, 0x10, 0x38, 0x10, 0x38, 0x10, 0x28, 0x10, 0x28, 0x00, 0x20, 0x00,
    0x28, 0x00, 0xA8, 0x10, 0x28, 0x10, 0x28, 0x10, 0x08, 0x00, 0x20, 0x00, 0x2C, 0x04, 0x2C, 0x14, 0x2C, 0x1C, 0x3C, 0x14, 0x3D, 0x1C, 0x38, 0x14,
    0x38, 0x5C, 0x38, 0x70, 0x38, 0x5C, 0x3A, 0x70, 0x7A, 0x54, 0x70, 0x71, 0x68, 0x44, 0x6E, 0x64, 0x6E, 0x5C, 0x7E, 0x54, 0x9E, 0x1C, 0x1E, 0x16,
    0x3E, 0x1C, 0x3E, 0x36, 0x3E, 0x5C, 0x7E, 0x76, 0x7E, 0x5C, 0x7E, 0x74, 0xFC, 0x5C, 0xFC, 0x74, 0xFE, 0xDD, 0xFB, 0x77, 0xFB, 0xDD, 0xFB, 0x73,
    0xF3, 0xD5, 0xE7, 0x25, 0x77, 0xEF, 0xDD, 0xFF, 0x77, 0xFF, 0xDD, 0xFF, 0x57, 0xDF, 0xDD, 0xBF, 0x17, 0xBF, 0xDD, 0xFF, 0x77, 0xFF, 0x5D, 0xFF,
    0x76, 0xFE, 0xDC, 0xFE, 0x74, 0xFE, 0xDD, 0xFF, 0x77, 0xFF, 0xDD, 0xFF, 0x77, 0xFB, 0xD5, 0xFB, 0x77, 0xFF, 0x9E, 0x00, 0x02, 0x01, 0x00, 0x10,
    0xA6, 0x00, 0x08, 0x20, 0x00, 0x20, 0x40, 0x20, 0x00, 0x20, 0x40, 0x20, 0x80, 0x00, 0x26, 0x20, 0x01, 0x20, 0x41, 0x21, 0x71, 0x69, 0x51, 0x68,
    0x59, 0xE8, 0x5D, 0xB9, 0x51, 0xFB, 0xDD, 0xFB, 0x75, 0xFF, 0xDD, 0xFB, 0x75, 0xFE, 0xD4, 0xFA, 0x75, 0xFE, 0xDD, 0xFF, 0x77, 0xFF, 0xDD, 0xFF,
    0x77, 0xFF, 0xDD, 0xFF, 0x57, 0xBF, 0x00, 0x8D, 0x00, 0x00, 0x80, 0x85, 0x00, 0x00, 0x01, 0x8B, 0x00, 0x00, 0x02, 0x86, 0x00, 0x00, 0x01, 0x9C,
    0x00, 0x00, 0x80, 0x80, 0x00, 0x3E, 0x80, 0x00, 0x80, 0x00, 0x89, 0x84, 0x8A, 0x01, 0x8B, 0x81, 0x8B, 0x01, 0x8B, 0x85, 0x83, 0x07, 0x8F, 0x05,
    0xAF, 0x57, 0xEF, 0x5D, 0xFF, 0x57, 0xFE, 0x5D, 0xFF, 0x55, 0xFF, 0xDD, 0xFF, 0x77, 0xFF, 0xDD, 0xFF, 0x77, 0xFF, 0xD5, 0xFF, 0x77, 0xFF, 0xDD,
    0x08, 0x00, 0x0A, 0x14, 0x08, 0x10, 0x08, 0x04, 0x08, 0x00, 0x08, 0x00, 0x08, 0x00, 0x88, 0x00, 0x08, 0x10, 0x08, 0x10, 0x08, 0x80, 0x00, 0x7F,
    0x02, 0x00, 0x06, 0x04, 0x0E, 0x04, 0x0E, 0x0C, 0x8E, 0x04, 0x0E, 0x1C, 0x1E, 0x14, 0x1E, 0x1C, 0x7E, 0x14, 0x3E, 0x3C, 0x3E, 0x34, 0x3E, 0x16,
    0x3A, 0x34, 0x2C, 0x04, 0x2E, 0x14, 0x2E, 0x5D, 0x3F, 0x15, 0x1F, 0x1D, 0x1B, 0x17, 0x1F, 0x15, 0x3F, 0x17, 0x3F, 0x1D, 0x3F, 0x37, 0x3E, 0x5C,
    0x3E, 0x54, 0xFE, 0x5C, 0x7E, 0x77, 0xFF, 0x5D, 0xFF, 0x77, 0xFF, 0x5D, 0xFB, 0x73, 0xFA, 0x55, 0xF7, 0x77, 0xEF, 0xDD, 0xFF, 0x77, 0xFF, 0xDD,
    0xFF, 0x57, 0xDF, 0x9D, 0xBF, 0x1F, 0xBF, 0xDD, 0xBF, 0x77, 0xFF, 0x5D, 0xFF, 0x77, 0xFE, 0x5C, 0xFE, 0x74, 0xFE, 0xDD, 0xFF, 0x77, 0xFF, 0xDD,
    0xFB, 0x73, 0xFB, 0xD1, 0xFB, 0x77, 0xFF, 0xD5, 0x08, 0x10, 0x38, 0x10, 0x38, 0x10, 0x38, 0x10, 0x30, 0x10, 0x20, 0x00, 0x20, 0x00, 0x28, 0x80,
    0x28, 0x00, 0x08, 0x00, 0x08, 0x00, 0x08, 0x00, 0x67, 0x00, 0x10, 0x28, 0x14, 0x38, 0x94, 0x3C, 0x1C, 0x3C, 0x14, 0x3C, 0x5C, 0x38, 0x10, 0x78,
    0x5C, 0x38, 0x70, 0x78, 0x58, 0x78, 0x70, 0x79, 0x50, 0x30, 0x70, 0x60, 0x44, 0x62, 0x64, 0xEE, 0x4C, 0xEE, 0x44, 0xCE, 0x5C, 0x9E, 0x14, 0x9E,
    0x1C, 0x3E, 0x36, 0xBE, 0x5C, 0x3E, 0x76, 0x7E, 0x5C, 0x7E, 0x74, 0xFC, 0x5C, 0xFC, 0x74, 0xFC, 0xDC, 0xFE, 0x75, 0xFB, 0xD9, 0xFB, 0x71, 0xFB,
    0xD5, 0xF3, 0x77, 0xFF, 0xDD, 0xFF, 0x7F, 0xFF, 0xDD, 0xFF, 0x57, 0xFF, 0xDD, 0xFF, 0x57, 0xFF, 0xDD, 0xFF, 0x77, 0xFF, 0xDD, 0xFF, 0x77, 0xFE,
    0xDC, 0xFE, 0x7E, 0xFE, 0xDD, 0xFF, 0x77, 0xFF, 0xDD, 0xFF, 0x77, 0xFF, 0xDF, 0xFB, 0x77, 0xFF, 0xDD, 0x9E, 0x00, 0x00, 0x08, 0xB0, 0x00, 0x82,
    0x01, 0x25, 0x21, 0x01, 0x21, 0x15, 0x21, 0x51, 0x22, 0x50, 0x68, 0x50, 0x78, 0x71, 0xF9, 0xDD, 0xFB, 0x71, 0xFB, 0xD9, 0xFB, 0x71, 0xFB, 0xD1,
    0xF3, 0x73, 0xFF, 0xD5, 0xFF, 0x77, 0xFF, 0xDD, 0xEF, 0x77, 0xEF, 0xDD, 0xDF, 0x57, 0xFF, 0xDD, 0x00, 0xA1, 0x00, 0x00, 0x02, 0xAE, 0x00, 0x3F,
    0x01, 0x00, 0x00, 0x8A, 0x04, 0x8A, 0x04, 0x8E, 0x85, 0x8A, 0x01, 0x8B, 0x85, 0x8B, 0x17, 0x9F, 0x1D, 0xBF, 0x17, 0xBF, 0x5D, 0x3E, 0x76, 0x7E,
    0x5C, 0xFE, 0x74, 0xFE, 0xDD, 0xFF, 0x77, 0xFF, 0xDD, 0xFB, 0x73, 0xFB, 0xD1, 0xFB, 0x77, 0xFF, 0xD5, 0xFF, 0x10, 0x08, 0x10, 0x18, 0x10, 0x18,
    0x10, 0x20, 0x10, 0x08, 0x00, 0x20, 0x00, 0x09, 0x00, 0x28, 0x00, 0x08, 0x00, 0x08, 0x00, 0x08, 0x80, 0x00, 0x78, 0x0A, 0x14, 0x2E, 0x94, 0x2E,
    0x1C, 0x2E, 0x14, 0x2C, 0x1C, 0x3C, 0x14, 0x7C, 0x1C, 0x3C, 0x14, 0x3E, 0x1C, 0x3A, 0x30, 0x3A, 0x10, 0x32, 0x30, 0x2A, 0x54, 0x2E, 0x74, 0x6E,
    0x4C, 0x6E, 0x44, 0x0E, 0x0C, 0x0E, 0x15, 0x1E, 0x1D, 0x3E, 0x17, 0x3E, 0x1D, 0x3E, 0x36, 0x3E, 0xDC, 0x3E, 0x74, 0x7E, 0x5E, 0xFE, 0x74, 0xFE,
    0xDD, 0xFF, 0x75, 0xFB, 0xD9, 0xFB, 0x71, 0xFB, 0xD1, 0xF3, 0x77, 0xFF, 0xD5, 0xFF, 0x77, 0xEF, 0xCF, 0xEF, 0x57, 0xCF, 0xDD, 0xBF, 0x57, 0xFF,
    0xDD, 0xFF, 0x77, 0xFF, 0x5D, 0xFF, 0x77, 0xFE, 0x5C, 0xFE, 0x76, 0xFE, 0xDD, 0xFF, 0x77, 0xFF, 0xDD, 0xFF, 0x77, 0xFB, 0xD9, 0xFB, 0x77, 0xFF,
    0xDD, 0xFF, 0x10, 0x28, 0x10, 0x30, 0x90, 0x30, 0x10, 0x20, 0x10, 0x20, 0x00, 0x20, 0x08, 0xA0, 0x00, 0x20, 0x00, 0x28, 0x80, 0x00, 0x6A, 0x08,
    0x00, 0x08, 0x10, 0x58, 0x10, 0x38, 0x10, 0x38, 0x10, 0x78, 0x30, 0x38, 0xD0, 0x38, 0x70, 0x78, 0x58, 0x78, 0x70, 0xF8, 0x59, 0xF8, 0x70, 0xF8,
    0x50, 0xB0, 0x70, 0xF0, 0x50, 0xE0, 0x74, 0xEC, 0x44, 0xEC, 0x44, 0xEC, 0x4C, 0x0C, 0x14, 0x9C, 0x5C, 0xBE, 0x14, 0xBE, 0x5C, 0xBE, 0x74, 0xFE,
    0x5C, 0x7E, 0x74, 0xFE, 0x5C, 0xFE, 0x74, 0xFC, 0xDC, 0xFE, 0x75, 0xFC, 0xDD, 0xFB, 0x51, 0xFB, 0xD1, 0xFB, 0xF7, 0xFF, 0xDD, 0xFF, 0x77, 0xFF,
    0x5D, 0xFF, 0x77, 0xFE, 0x5D, 0xFF, 0x77, 0xFF, 0xFD, 0xFF, 0x77, 0xFF, 0xDD, 0xFF, 0x77, 0xFF, 0xDD, 0xFE, 0x77, 0xFF, 0xDD, 0xFF, 0x77, 0xFF,
    0xDD, 0xFF, 0x77, 0xFF, 0xDD, 0xFF, 0x57, 0xFF, 0xDD, 0xFF, 0xB6, 0x00, 0x00, 0x20, 0x85, 0x00, 0x01, 0x02, 0x02, 0x89, 0x00, 0x02, 0x01, 0x00,
    0x81, 0x83, 0x01, 0x26, 0x03, 0x01, 0x21, 0x01, 0x23, 0x01, 0x23, 0x01, 0x22, 0x40, 0x62, 0x70, 0xFA, 0x51, 0xFB, 0x71, 0xFB, 0xD9, 0xFB, 0x71,
    0xFB, 0xD1, 0xF3, 0x73, 0xFB, 0xD5, 0xFF, 0x77, 0xFF, 0xDD, 0xEF, 0x67, 0xEF, 0xCD, 0xEF, 0x57, 0xFF, 0xDD, 0xFF, 0x00, 0x9E, 0x00, 0x00, 0x01,
    0x89, 0x00, 0x00, 0x01, 0x9A, 0x00, 0x04, 0x08, 0x00, 0x08, 0x00, 0x08, 0x82, 0x00, 0x7F, 0x02, 0x00, 0x02, 0x04, 0x06, 0x04, 0x8E, 0x04, 0x8E,
    0x84, 0x8E, 0x0D, 0x8F, 0x17, 0x9F, 0x1D, 0xBF, 0x17, 0xBF, 0x1D, 0x3F, 0x36, 0x3E, 0x5C, 0x7E, 0x76, 0xFE, 0xDD, 0xFF, 0x75, 0xFF, 0xDD, 0xFF,
    0x71, 0xFB, 0xD9, 0xFB, 0x73, 0xFF, 0xD5, 0xFF, 0x77, 0x18, 0x18, 0x38, 0x10, 0x38, 0x10, 0x30, 0x10, 0x20, 0x10, 0x60, 0x01, 0x28, 0x00, 0x28,
    0x00, 0x28, 0x00, 0x08, 0x00, 0x08, 0x00, 0x08, 0x10, 0x18, 0x54, 0x38, 0x14, 0x3C, 0x1C, 0x3C, 0x14, 0x2C, 0x1C, 0x7C, 0x94, 0x3C, 0x5C, 0x3C,
    0x74, 0x7C, 0x5C, 0x38, 0x30, 0x38, 0x50, 0x30, 0x30, 0x32, 0x54, 0x72, 0x74, 0x6E, 0x44, 0x6E, 0x44, 0x6F, 0x4C, 0x0E, 0x14, 0x9E, 0x1C, 0x3E,
    0x16, 0xBE, 0x1C, 0x3E, 0x36, 0x3E, 0x5C, 0x3E, 0x76, 0x7E, 0x5C, 0xFE, 0x74, 0xFE, 0xDC, 0xFE, 0x7D, 0xFC, 0xDD, 0xFB, 0x71, 0xFB, 0xD1, 0x3A,
    0xFB, 0x77, 0xFF, 0xD5, 0xFF, 0x77, 0xFF, 0x5D, 0xEF, 0x47, 0xFF, 0x5D, 0xFF, 0x57, 0xFF, 0xDD, 0xFF, 0x77, 0xFF, 0xDD, 0xFF, 0x77, 0xFE, 0x5C,
    0xFE, 0x76, 0xFE, 0xDD, 0xFF, 0x77, 0xFF, 0xDD, 0xFF, 0x75, 0xFF, 0xDD, 0xFB, 0x57, 0xFF, 0xDD, 0xFF, 0x77, 0x20, 0x00, 0x20, 0x10, 0x20, 0x00,
    0x20, 0x00, 0x20, 0x00, 0x28, 0x00, 0x20, 0x00, 0x20, 0x00, 0x20, 0x81, 0x00, 0x6A, 0x20, 0x00, 0x00, 0x08, 0x10, 0x38, 0x10, 0x38, 0x10, 0xB8,
    0x30, 0x38, 0x10, 0x38, 0x70, 0x78, 0x50, 0x78, 0x71, 0xF8, 0x50, 0xF8, 0x50, 0xF8, 0x50, 0xB0, 0x50, 0xB0, 0x50, 0xB0, 0x70, 0xF8, 0x54, 0xE8,
    0x64, 0xEC, 0x44, 0x2C, 0x44, 0xEC, 0x5C, 0xFC, 0x54, 0xFC, 0xDC, 0xF8, 0x74, 0xF8, 0x5C, 0xF8, 0x70, 0xF8, 0x54, 0xF8, 0x74, 0xFE, 0xDC, 0xFE,
    0x74, 0xFC, 0xDC, 0xE8, 0x51, 0xEB, 0xDD, 0xFB, 0x5F, 0xFF, 0xDD, 0xFF, 0x77, 0xFF, 0x5D, 0x3F, 0x77, 0x7E, 0x5C, 0xFE, 0x77, 0xFF, 0xDD, 0xFF,
    0x77, 0xFF, 0xDD, 0xFF, 0x75, 0xFB, 0xD9, 0xFB, 0x77, 0xFF, 0xDD, 0xFF, 0x77, 0xFF, 0xDD, 0xEF, 0x67, 0xEF, 0xCD, 0xEF, 0x57, 0xFF, 0xDD, 0xFF,
    0x77, 0x99, 0x00, 0x00, 0x04, 0x8A, 0x00, 0x00, 0x02, 0x92, 0x00, 0x01, 0x02, 0x02, 0x86, 0x00, 0x05, 0x01, 0x00, 0x01, 0x00, 0x81, 0x00, 0x86,
    0x01, 0x25, 0x03, 0x01, 0x03, 0x01, 0x23, 0x01, 0x22, 0x00, 0x22, 0x70, 0xE2, 0x50, 0xF2, 0x71, 0xFB, 0xD1, 0xF9, 0x71, 0xF9, 0xD1, 0xFB, 0x73,
    0xFB, 0xD5, 0xFB, 0x77, 0xFF, 0xD5, 0xFF, 0x77, 0xEF, 0xCD, 0xEF, 0x57, 0xFF, 0xDD, 0xFF, 0x77, 0x00, 0x9B, 0x00, 0x00, 0x01, 0x8B, 0x00, 0x00,
    0x02, 0x9A, 0x00, 0x04, 0x08, 0x00, 0x08, 0x00, 0x08, 0x82, 0x00, 0x7F, 0x02, 0x00, 0x02, 0x04, 0x06, 0x04, 0x8E, 0x04, 0x0E, 0x04, 0x0E, 0x0C,
    0x0E, 0x17, 0x9F, 0x1D, 0xBF, 0x17, 0xBF, 0x1D, 0x3F, 0x37, 0x3E, 0x5C, 0x7E, 0x76, 0xFE, 0xDC, 0xFE, 0x77, 0xFF, 0xDD, 0xFF, 0x75, 0xFB, 0xD9,
    0xFB, 0x73, 0xFF, 0xDD, 0xFF, 0x77, 0xFF, 0x18, 0x38, 0x10, 0x38, 0x10, 0x38, 0x10, 0x30, 0x52, 0x20, 0x10, 0x20, 0x00, 0x20, 0x00, 0x28, 0x00,
    0x08, 0x00, 0x08, 0x00, 0x08, 0x50, 0x18, 0x1C, 0x38, 0x14, 0x3C, 0x1C, 0x38, 0x14, 0xBC, 0x14, 0x3C, 0x34, 0x7C, 0x5C, 0x7C, 0x74, 0x7C, 0x5C,
    0x78, 0x70, 0x78, 0x50, 0x38, 0x70, 0xF8, 0x50, 0x72, 0x74, 0xFE, 0x54, 0x6E, 0x64, 0x6E, 0x44, 0x2E, 0x44, 0xCE, 0x5C, 0xBE, 0x54, 0xFE, 0x5C,
    0xBE, 0x36, 0xBE, 0x5E, 0x3E, 0x74, 0x7E, 0x5C, 0xFE, 0x74, 0xFE, 0xDC, 0xFE, 0x74, 0xFC, 0xDC, 0xF8, 0x51, 0xFA, 0xD9, 0x2E, 0xFB, 0x77, 0xFF,
    0xDD, 0xFF, 0x77, 0xFF, 0x5D, 0xFF, 0x77, 0xEE, 0x5D, 0xFF, 0x77, 0xFF, 0xDD, 0xFF, 0x77, 0xFF, 0xDD, 0xFF, 0x77, 0xFF, 0xDD, 0xFF, 0x77, 0xFF,
    0xDD, 0xFF, 0x77, 0xFF, 0xDD, 0xFF, 0x77, 0xEF, 0xDD, 0xFF, 0x57, 0xFF, 0xDD, 0xFF, 0x77, 0xFF, 0x00, 0x20, 0x00, 0x20, 0x81, 0x00, 0x09, 0x04,
    0x20, 0x00, 0x20, 0x00, 0x20, 0x00, 0x20, 0x00, 0x30, 0x81, 0x00, 0x69, 0x10, 0x00, 0x10, 0x30, 0x10, 0x38, 0x10, 0x30, 0x10, 0x30, 0x10, 0x30,
    0x70, 0x72, 0x50, 0x70, 0x70, 0xE8, 0x50, 0xE0, 0x40, 0xE8, 0x40, 0xE0, 0x50, 0xE8, 0xD0, 0xB8, 0x50, 0xB8, 0x50, 0xB8, 0x30, 0x28, 0x00, 0x28,
    0x50, 0x68, 0x5C, 0xF8, 0x74, 0xFC, 0xDC, 0xF8, 0x70, 0xF8, 0xD8, 0xF8, 0x70, 0xF8, 0xD0, 0xF8, 0x70, 0xF8, 0xD4, 0xFA, 0x74, 0xEC, 0xC4, 0xE8,
    0x45, 0xED, 0xCD, 0xFF, 0x55, 0xFF, 0xDD, 0xFF, 0x77, 0xBF, 0x1D, 0xBF, 0x37, 0x7E, 0x5C, 0x7E, 0x76, 0xFE, 0xDF, 0xFF, 0x75, 0xFF, 0xDF, 0xFD,
    0x75, 0xF9, 0xD9, 0xFB, 0x73, 0xFB, 0xDD, 0xFF, 0x77, 0xFF, 0xD5, 0xFF, 0x67, 0xEF, 0xCD, 0xEF, 0x57, 0xFF, 0xDD, 0xFF, 0x77, 0xFF, 0x97, 0x00,
    0x00, 0x04, 0x89, 0x00, 0x00, 0x04, 0x93, 0x00, 0x01, 0x02, 0x02, 0x85, 0x00, 0x81, 0x01, 0x00, 0x81, 0x85, 0x01, 0x2A, 0x03, 0x01, 0x03, 0x01,
    0x03, 0x01, 0x03, 0x01, 0x03, 0x01, 0x23, 0x01, 0x22, 0x63, 0xE2, 0x41, 0xE2, 0x61, 0xE2, 0xC5, 0xE1, 0x61, 0xE9, 0xC1, 0xEB, 0x51, 0xFB, 0xD5,
    0xFB, 0x77, 0xFF, 0xD5, 0xFF, 0x77, 0xEF, 0x55, 0xEF, 0x77, 0xFF, 0xDD, 0xFF, 0x77, 0xFF, 0x00, 0x98, 0x00, 0x00, 0x01, 0x8C, 0x00, 0x00, 0x02,
    0x9B, 0x00, 0x7F, 0x08, 0x00, 0x0C, 0x00, 0x08, 0x00, 0x08, 0x00, 0x08, 0x00, 0x00, 0x10, 0x0A, 0x54, 0x02, 0x04, 0x0E, 0x04, 0x06, 0x04, 0x0E,
    0x0C, 0x1E, 0x16, 0x9E, 0x1C, 0xBE, 0x17, 0xBE, 0x1D, 0xBE, 0x37, 0xBE, 0x5C, 0xBE, 0x76, 0xFE, 0xDC, 0xFE, 0x77, 0xFE, 0xDD, 0xFF, 0x75, 0xFF,
    0xDD, 0xFF, 0x77, 0xFF, 0xDD, 0xFF, 0x77, 0xFF, 0xDD, 0x38, 0x10, 0x38, 0x10, 0x38, 0x12, 0x21, 0x10, 0x30, 0x10, 0x20, 0x10, 0x20, 0x00, 0x20,
    0x00, 0x20, 0x00, 0x08, 0x40, 0x08, 0x00, 0x08, 0x18, 0x38, 0x90, 0x38, 0x18, 0x38, 0x10, 0x38, 0x10, 0x38, 0x30, 0x78, 0x5C, 0x78, 0x74, 0xFC,
    0x5C, 0xF8, 0x70, 0xF8, 0x50, 0xF8, 0x50, 0xF8, 0x50, 0xF8, 0x70, 0xF8, 0x54, 0xBE, 0x74, 0xAE, 0x44, 0x2E, 0x44, 0xEE, 0x5C, 0xFE, 0x54, 0xFE,
    0x5C, 0xFE, 0x76, 0xFE, 0x5C, 0xBA, 0x75, 0xFE, 0x5C, 0xFE, 0x74, 0x36, 0xFE, 0xDC, 0xFE, 0x74, 0xFE, 0xDC, 0xE8, 0x74, 0xEE, 0xDC, 0xFA, 0x57,
    0xFF, 0xDD, 0xFF, 0x77, 0xBF, 0xDD, 0xBF, 0x37, 0x3E, 0x5C, 0x7E, 0x77, 0xFE, 0xDD, 0xFF, 0x77, 0xFF, 0xDD, 0xFF, 0x75, 0xFF, 0xDD, 0xFB, 0x77,
    0xFF, 0xDD, 0xFF, 0x77, 0xFF, 0xD5, 0xFF, 0x77, 0xEF, 0xCD, 0xEF, 0x57, 0xFF, 0xDD, 0xFF, 0x77, 0xFF, 0xDD, 0x20, 0x83, 0x00, 0x07, 0x04, 0x00,
    0x40, 0x00, 0x00, 0x20, 0x10, 0x20, 0x80, 0x00, 0x00, 0x08, 0x81, 0x00, 0x68, 0x40, 0x20, 0x10, 0x20, 0x10, 0x31, 0x10, 0x30, 0x10, 0x32, 0x30,
    0xF0, 0x50, 0xF0, 0x70, 0xE0, 0x40, 0xE0, 0x40, 0xE0, 0x40, 0xE0, 0x40, 0xC8, 0xC0, 0xA8, 0x50, 0xB8, 0x90, 0xB8, 0x10, 0xB8, 0x10, 0x38, 0x30,
    0x38, 0x50, 0x78, 0x71, 0xF8, 0x58, 0xF8, 0x70, 0xF8, 0xD8, 0xF8, 0x70, 0xF8, 0xD0, 0xF8, 0x70, 0xF8, 0xD1, 0xF0, 0x71, 0xE8, 0xC4, 0xE7, 0x45,
    0xEE, 0xCD, 0xEF, 0x55, 0xFF, 0xDD, 0xFF, 0x57, 0xBF, 0x9D, 0xFF, 0x37, 0xBF, 0x5D, 0x7E, 0x77, 0xFE, 0xDD, 0xFE, 0x77, 0xFE, 0xDC, 0xFC, 0x75,
    0xF9, 0xDD, 0xFB, 0x71, 0xFB, 0xDD, 0xFF, 0x77, 0xFF, 0xD5, 0xFF, 0x77, 0xEF, 0xC5, 0xEF, 0x77, 0xFF, 0xDD, 0xFF, 0x77, 0xFF, 0xDD, 0x95, 0x00,
    0x00, 0x04, 0x89, 0x00, 0x00, 0x04, 0x87, 0x00, 0x00, 0x08, 0x89, 0x00, 0x01, 0x02, 0x02, 0x85, 0x00, 0x80, 0x01, 0x00, 0x81, 0x80, 0x01, 0x31,
    0x03, 0x01, 0x03, 0x01, 0x03, 0x01, 0x03, 0x01, 0x03, 0x01, 0x03, 0x01, 0x03, 0x01, 0x03, 0x01, 0x03, 0x01, 0x03, 0x03, 0xA3, 0x41, 0xE3, 0x63,
    0xE2, 0x45, 0xE2, 0x41, 0xE1, 0xC5, 0xE3, 0x41, 0xEF, 0xD5, 0xFF, 0x57, 0xFF, 0xD5, 0xBF, 0x17, 0xBF, 0x15, 0xBF, 0x77, 0xFF, 0x5D, 0xFF, 0x77,
    0xFF, 0xDD, 0x01, 0x98, 0x00, 0x00, 0x01, 0x8A, 0x00, 0x02, 0x02, 0x00, 0x02, 0x9A, 0x00, 0x03, 0x0C, 0x08, 0x08, 0x0C, 0x83, 0x08, 0x36, 0x48,
    0x10, 0x18, 0x1A, 0x6E, 0x12, 0x2A, 0x0A, 0x22, 0x22, 0x2A, 0x0A, 0x22, 0x08, 0x28, 0xC2, 0x22, 0xA8, 0xA9, 0xE2, 0xA3, 0x8A, 0x89, 0xE2, 0xE2,
    0xC9, 0x88, 0x23, 0x23, 0x89, 0x89, 0x23, 0x23, 0x8A, 0x9A, 0x32, 0x32, 0x88, 0x88, 0x22, 0x22, 0x88, 0x88, 0x22, 0x62, 0x28, 0x38, 0x68, 0x32,
    0x28, 0x3A, 0x31, 0x30, 0x20, 0x20, 0x80, 0x30, 0x80, 0x20, 0x0B, 0x60, 0x00, 0x08, 0x48, 0x08, 0x08, 0x50, 0x20, 0x28, 0xA8, 0x20, 0x20, 0x81,
    0x28, 0x60, 0x08, 0x48, 0x28, 0x24, 0x08, 0x8C, 0xAC, 0xA4, 0x88, 0x98, 0xB8, 0xB8, 0xA8, 0xA8, 0x28, 0xA8, 0xA8, 0x88, 0x2C, 0xEC, 0xAA, 0xD8,
    0xBA, 0x68, 0x3A, 0x28, 0xB2, 0x20, 0x8A, 0xAA, 0xA0, 0xA0, 0x8A, 0x8B, 0xA2, 0xA4, 0xCA, 0x8D, 0x22, 0xA6, 0x8A, 0x8A, 0x22, 0x22, 0x8A, 0x8A,
    0x2A, 0x32, 0x8C, 0x9A, 0x22, 0x32, 0xAE, 0xA9, 0x22, 0x22, 0xA8, 0xC8, 0x22, 0x63, 0x88, 0x89, 0x62, 0x22, 0x08, 0x89, 0xA2, 0x23, 0x89, 0x89,
    0x23, 0x23, 0x8B, 0x89, 0x22, 0x26, 0x8A, 0x88, 0x22, 0x22, 0x88, 0x88, 0x2A, 0x2A, 0x88, 0x98, 0x2A, 0x22, 0x88, 0xB8, 0x22, 0x22, 0x88, 0x88,
    0x22, 0x22, 0x20, 0x81, 0x00, 0x09, 0x04, 0x00, 0x04, 0x20, 0x40, 0x08, 0x00, 0x20, 0x10, 0x24, 0x80, 0x00, 0x16, 0x08, 0x20, 0x00, 0x20, 0x40,
    0x61, 0x61, 0x30, 0x60, 0x30, 0x31, 0xB4, 0x60, 0xB0, 0x22, 0xD0, 0xA0, 0xA0, 0x80, 0x90, 0xA0, 0xA0, 0x80, 0x81, 0xA0, 0x06, 0x80, 0x08, 0x20,
    0xF8, 0x98, 0x68, 0x20, 0x80, 0xA8, 0x48, 0x20, 0x08, 0x08, 0x68, 0x29, 0x08, 0x89, 0xA0, 0xA0, 0x88, 0x88, 0x20, 0x20, 0x88, 0x88, 0x28, 0x28,
    0x89, 0x89, 0x29, 0x20, 0x81, 0x88, 0x21, 0x26, 0x86, 0xAA, 0x2B, 0x22, 0xBA, 0xAA, 0x22, 0x22, 0xAA, 0xA8, 0x62, 0x22, 0xCA, 0x88, 0xE2, 0xA2,
    0x09, 0x88, 0x23, 0x23, 0x89, 0x89, 0x22, 0x22, 0x88, 0x89, 0x24, 0x24, 0x8E, 0x8E, 0x26, 0x22, 0x88, 0x88, 0x22, 0x2A, 0x88, 0x88, 0x3A, 0x3A,
    0x98, 0x88, 0x22, 0x22, 0x88, 0x88, 0x22, 0x22, 0x93, 0x00, 0x02, 0x02, 0x00, 0x04, 0x87, 0x00, 0x02, 0x08, 0x00, 0x04, 0x84, 0x00, 0x03, 0x04,
    0x00, 0x00, 0x08, 0x87, 0x00, 0x81, 0x02, 0x84, 0x00, 0x06, 0x01, 0x80, 0x00, 0x00, 0x80, 0x02, 0x00, 0x84, 0x02, 0x00, 0x00, 0x89, 0x02, 0x1E,
    0x80, 0xE2, 0xE2, 0xA0, 0x80, 0xA3, 0xA6, 0xA3, 0xA2, 0x24, 0x26, 0xA4, 0xAE, 0x2A, 0x3A, 0xA8, 0xB8, 0x22, 0x6A, 0xA8, 0xA8, 0xA2, 0xAA, 0x88,
    0x88, 0xA2, 0xA2, 0x88, 0x88, 0x22, 0x22, 0x00, 0xA5, 0x00, 0x00, 0x02, 0x91, 0x00, 0x03, 0x80, 0x00, 0x00, 0x08, 0x80, 0x00, 0x04, 0x08, 0x00,
    0x08, 0x10, 0x08, 0x80, 0x00, 0x7F, 0x08, 0x00, 0x00, 0x40, 0x08, 0x00, 0x08, 0x00, 0x08, 0x10, 0x1A, 0x10, 0x4A, 0x54, 0x2A, 0x14, 0x2E, 0x14,
    0x3E, 0x16, 0x3E, 0x5C, 0x3E, 0x74, 0xFE, 0x5C, 0xBE, 0x74, 0xFC, 0x5C, 0xFA, 0x75, 0xFE, 0xDD, 0xFF, 0x77, 0xFF, 0xD5, 0xFF, 0x77, 0xEF, 0xC5,
    0xEF, 0x67, 0xEF, 0xDD, 0xFF, 0x77, 0xFF, 0xDD, 0xFF, 0x17, 0x60, 0x40, 0x20, 0x60, 0x20, 0x40, 0x20, 0x10, 0x20, 0x50, 0x20, 0x10, 0x20, 0x40,
    0x20, 0x00, 0x20, 0x00, 0x20, 0x00, 0x28, 0x58, 0x38, 0x50, 0x38, 0x58, 0x38, 0x10, 0x38, 0x10, 0x38, 0x30, 0xF8, 0x50, 0xF8, 0x70, 0xF8, 0x50,
    0xF8, 0x70, 0xE8, 0x40, 0xE8, 0x40, 0xE8, 0xD0, 0xF8, 0x50, 0xF8, 0xD8, 0xB8, 0x10, 0xB8, 0x14, 0x38, 0x34, 0x3C, 0x5C, 0x7D, 0x75, 0xFC, 0x5C,
    0xFC, 0x74, 0xFC, 0xDC, 0xF8, 0x74, 0xFC, 0xD8, 0xF8, 0x70, 0xFA, 0xDC, 0xFA, 0x74, 0x33, 0xFE, 0xD4, 0xE2, 0x64, 0xEE, 0xC4, 0xEE, 0x54, 0xFE,
    0xDC, 0xFE, 0x76, 0xFE, 0xDC, 0xBE, 0x16, 0xBE, 0x1C, 0xBE, 0x76, 0xFE, 0x5C, 0xFE, 0x76, 0xFE, 0xDC, 0xFE, 0x74, 0xFC, 0xDC, 0xFD, 0x75, 0xFF,
    0xDD, 0xFB, 0x77, 0xFF, 0xD5, 0xFF, 0x77, 0xF7, 0xD5, 0xEF, 0x77, 0xFF, 0xDD, 0xFF, 0x77, 0xFF, 0xDD, 0xFF, 0x57, 0x81, 0x00, 0x02, 0x02, 0x00,
    0x20, 0x81, 0x00, 0x00, 0x04, 0x85, 0x00, 0x6B, 0x21, 0x01, 0x20, 0x41, 0x60, 0x40, 0x24, 0x40, 0xA0, 0x40, 0xA0, 0x40, 0xE0, 0x40, 0xE0, 0x60,
    0xE0, 0x40, 0xE0, 0x40, 0xE0, 0x40, 0xE0, 0x40, 0xE0, 0xC0, 0xE0, 0x40, 0xC0, 0xC0, 0x80, 0x10, 0x80, 0x10, 0x30, 0x10, 0xB1, 0x50, 0x30, 0x70,
    0xF8, 0x50, 0xF8, 0x70, 0xF8, 0xD0, 0xF8, 0x70, 0xF8, 0xD0, 0xF9, 0x71, 0xF9, 0xD3, 0xFB, 0x79, 0xF1, 0xD1, 0xE3, 0x61, 0xE3, 0xC5, 0xEB, 0x75,
    0xEF, 0xDD, 0xFF, 0xD5, 0xFF, 0xDD, 0xBF, 0x55, 0xBF, 0xDD, 0xFF, 0x77, 0xFF, 0xDD, 0xFF, 0x77, 0xFE, 0xDC, 0xFE, 0x74, 0xFE, 0xDD, 0xFF, 0x75,
    0xFF, 0xDD, 0xFF, 0x77, 0xFF, 0xDD, 0xFF, 0x77, 0xBF, 0xDD, 0xBF, 0x77, 0xFF, 0xDD, 0xFF, 0x77, 0xFF, 0xDD, 0xFF, 0x77, 0x91, 0x00, 0x00, 0x02,
    0x88, 0x00, 0x00, 0x08, 0x86, 0x00, 0x00, 0x04, 0x97, 0x00, 0x00, 0x81, 0x81, 0x01, 0x07, 0x03, 0x01, 0x03, 0x01, 0x03, 0x01, 0x03, 0x01, 0x80,
    0x03, 0x2A, 0x01, 0x03, 0x03, 0x02, 0x01, 0x02, 0x01, 0x00, 0x01, 0x03, 0x01, 0x03, 0x01, 0x83, 0x03, 0x83, 0x41, 0x83, 0x43, 0xE3, 0x45, 0xE7,
    0x47, 0xEF, 0xC5, 0xEF, 0x47, 0xCF, 0xCD, 0x8F, 0x17, 0x9F, 0x9D, 0xBF, 0x37, 0xBF, 0xDD, 0xFF, 0x77, 0xFF, 0xDD, 0xFF, 0x76, 0x00, 0x90, 0x00,
    0x00, 0x01, 0x8F, 0x00, 0x00, 0x04, 0x8F, 0x00, 0x00, 0x80, 0x82, 0x00, 0x00, 0x08, 0x80, 0x00, 0x0A, 0x18, 0x00, 0x00, 0x10, 0x08, 0x10, 0x00,
    0x10, 0x40, 0x00, 0x20, 0x80, 0x00, 0x7F, 0x08, 0x00, 0x08, 0x0C, 0x08, 0x10, 0x08, 0x14, 0x1A, 0x14, 0x3E, 0x14, 0x3E, 0x36, 0x3E, 0x5C, 0x3E,
    0x74, 0x7E, 0x5C, 0x7E, 0x74, 0xFC, 0x5C, 0xF8, 0x74, 0xFE, 0xDD, 0xFB, 0x77, 0xFF, 0xD5, 0xFB, 0x77, 0xF7, 0xC5, 0xEF, 0x67, 0xEF, 0xDD, 0xFF,
    0x77, 0xFF, 0xDD, 0xFF, 0x57, 0xBF, 0x40, 0x20, 0x40, 0x60, 0x40, 0x20, 0x40, 0xE0, 0x50, 0xA0, 0x10, 0xA0, 0x00, 0x20, 0x00, 0x20, 0x00, 0x20,
    0x00, 0x28, 0x50, 0x28, 0x50, 0x78, 0x58, 0x38, 0x50, 0xB8, 0x50, 0xB8, 0x70, 0xF8, 0x50, 0xF8, 0x70, 0xF8, 0x50, 0xF0, 0x70, 0xE0, 0x40, 0xE0,
    0x40, 0xE8, 0xC0, 0xE8, 0x50, 0xF8, 0xD8, 0xB8, 0x10, 0xB8, 0x10, 0xB8, 0x10, 0xBD, 0x5D, 0x3C, 0x74, 0xFC, 0x5C, 0xFC, 0x74, 0xFC, 0x5C, 0xFC,
    0x74, 0xF8, 0xD8, 0xF8, 0x70, 0xF8, 0xD8, 0xF8, 0x70, 0xF8, 0xD0, 0xF2, 0x64, 0xE6, 0xC4, 0x2E, 0xEE, 0x74, 0xEE, 0xDC, 0xFE, 0x54, 0xFE, 0xDC,
    0xBE, 0x16, 0xBE, 0x9C, 0xBE, 0x76, 0xFE, 0xDC, 0xFE, 0x76, 0xFE, 0xDC, 0xFE, 0x74, 0xFC, 0xDC, 0xFC, 0x75, 0xFF, 0xDD, 0xFF, 0x77, 0xFF, 0xDD,
    0xFB, 0x77, 0xFF, 0xD5, 0xFF, 0x77, 0xFF, 0xDD, 0xFF, 0x77, 0xFF, 0xDD, 0xFF, 0x77, 0xFF, 0x84, 0x00, 0x00, 0x02, 0x8A, 0x00, 0x6A, 0x22, 0x00,
    0x28, 0x40, 0x20, 0x40, 0xE0, 0x40, 0xA0, 0x40, 0xE0, 0xC0, 0xE0, 0x40, 0xE0, 0xC0, 0xA0, 0x40, 0xA0, 0x40, 0xA0, 0x40, 0xE0, 0x40, 0xE0, 0x40,
    0xE0, 0x40, 0x80, 0x00, 0x80, 0x10, 0xA0, 0x11, 0xB0, 0x10, 0xB0, 0x70, 0xF0, 0x50, 0xF0, 0x70, 0xF8, 0xD0, 0xE0, 0x70, 0xE8, 0xD0, 0xFD, 0x75,
    0xF9, 0xD9, 0xF9, 0x71, 0xF1, 0xD1, 0xA3, 0x11, 0xA3, 0x53, 0xEB, 0x77, 0xFF, 0xDD, 0xFF, 0x7D, 0xFF, 0xDD, 0xFF, 0x55, 0xFF, 0xDD, 0xFB, 0x75,
    0xFF, 0xDD, 0xFF, 0x77, 0xFF, 0xD5, 0xFA, 0x74, 0xFE, 0xDD, 0xFF, 0x75, 0xFF, 0xDD, 0xFF, 0x77, 0xFF, 0xDD, 0xFF, 0x57, 0xBF, 0x9D, 0xBF, 0x37,
    0xFF, 0xDD, 0xFF, 0x77, 0xFF, 0x5D, 0xFF, 0x77, 0xFE, 0x90, 0x00, 0x00, 0x02, 0x87, 0x00, 0x00, 0x10, 0x85, 0x00, 0x00, 0x04, 0x8D, 0x00, 0x04,
    0x04, 0x04, 0x01, 0x00, 0x01, 0x82, 0x00, 0x01, 0x40, 0x00, 0x82, 0x01, 0x07, 0x03, 0x01, 0x03, 0x01, 0x03, 0x01, 0x03, 0x01, 0x80, 0x03, 0x07,
    0x01, 0x03, 0x03, 0x02, 0x00, 0x02, 0x00, 0x00, 0x80, 0x01, 0x20, 0x03, 0x01, 0x03, 0x03, 0x83, 0x01, 0x83, 0x03, 0x83, 0x45, 0x83, 0x47, 0xE7,
    0xC5, 0xEF, 0x47, 0xCF, 0xCD, 0xCF, 0x47, 0x8F, 0x9D, 0xBF, 0x17, 0xBF, 0xDD, 0xFF, 0x77, 0xFF, 0xDD, 0xFF, 0x76, 0xFE, 0x00, 0x8B, 0x00, 0x02,
    0x01, 0x00, 0x01, 0x91, 0x00, 0x00, 0x04, 0x8D, 0x00, 0x00, 0x80, 0x87, 0x00, 0x49, 0x10, 0x08, 0x00, 0x08, 0x10, 0x18, 0x10, 0x70, 0x10, 0x20,
    0x00, 0x20, 0x00, 0x20, 0x00, 0x20, 0x00, 0x08, 0x04, 0x08, 0x14, 0x08, 0x1C, 0x18, 0x10, 0x1E, 0x1C, 0x3E, 0x34, 0x3E, 0x1C, 0x3E, 0x74, 0x7E,
    0x5C, 0x7E, 0x74, 0xFC, 0x5C, 0xFC, 0x74, 0xFE, 0xDC, 0xFA, 0x77, 0xFB, 0xDD, 0xFB, 0x73, 0xF7, 0xD5, 0xF7, 0x77, 0xEF, 0xDD, 0xFF, 0x77, 0xFF,
    0xFD, 0xFF, 0x57, 0xFF, 0xDD, 0x20, 0x40, 0x60, 0x40, 0x60, 0x40, 0xE0, 0x40, 0xA0, 0x40, 0x80, 0x82, 0x00, 0x6F, 0x20, 0x10, 0x28, 0x50, 0x78,
    0x70, 0x78, 0x50, 0x78, 0x50, 0xF8, 0x50, 0xF8, 0x70, 0xF8, 0xD0, 0xF8, 0x70, 0xF8, 0xD0, 0xF0, 0x70, 0xE0, 0x40, 0xE0, 0x60, 0xE8, 0xC0, 0xE8,
    0x40, 0xE8, 0xD8, 0xD8, 0x10, 0x98, 0x98, 0xB8, 0x10, 0xB8, 0x1C, 0xB8, 0x74, 0xFC, 0x5C, 0xFC, 0x74, 0xFC, 0x5C, 0xFC, 0x70, 0xF8, 0xDC, 0xF8,
    0x70, 0xF8, 0xD8, 0xF8, 0x70, 0xF8, 0xD0, 0xF0, 0x70, 0xE6, 0xD4, 0xEE, 0x74, 0xEE, 0xFC, 0xFE, 0x54, 0xFE, 0xDC, 0xFE, 0x54, 0xBE, 0xDC, 0xBE,
    0x76, 0xFE, 0xDC, 0xFE, 0x76, 0xFE, 0xDC, 0xFE, 0x74, 0xFE, 0xDC, 0xFE, 0x75, 0xFF, 0xDD, 0xFF, 0x77, 0xFF, 0xDD, 0xFB, 0x77, 0xFF, 0xD5, 0xBF,
    0x77, 0xFF, 0xDD, 0xFF, 0x77, 0xFF, 0xDD, 0xFF, 0x77, 0xFF, 0xDD, 0x8F, 0x00, 0x6D, 0x02, 0x00, 0x30, 0x00, 0x20, 0x40, 0x20, 0x40, 0x60, 0x40,
    0xA0, 0x40, 0xE0, 0xC0, 0xE0, 0x40, 0xE0, 0xC0, 0xA0, 0x00, 0xA0, 0x00, 0xA0, 0x00, 0xA0, 0x40, 0xA0, 0x40, 0xE0, 0x40, 0x80, 0x00, 0x80, 0x00,
    0x80, 0x10, 0xA0, 0x50, 0xB0, 0x71, 0xF0, 0x58, 0xF0, 0x70, 0xF0, 0x50, 0xE0, 0x60, 0xE4, 0xC4, 0xE0, 0x79, 0xE9, 0xD1, 0xF1, 0x51, 0xE9, 0xD1,
    0xA3, 0x11, 0xA3, 0x91, 0xB3, 0x73, 0xFF, 0x55, 0xFF, 0x77, 0xFF, 0x5D, 0xFE, 0x75, 0xFE, 0xDD, 0xFB, 0x75, 0xFF, 0xDD, 0xFB, 0x73, 0xFB, 0xD1,
    0xFB, 0x79, 0xF3, 0xD5, 0xF7, 0x77, 0xFF, 0xDD, 0xFF, 0x77, 0xFF, 0xDD, 0xFF, 0x57, 0xDF, 0xDD, 0xBF, 0x37, 0xBF, 0xDD, 0xFF, 0x77, 0xFF, 0x5D,
    0xFF, 0x77, 0xFE, 0xDC, 0x8E, 0x00, 0x00, 0x02, 0x87, 0x00, 0x00, 0x10, 0x85, 0x00, 0x00, 0x02, 0x80, 0x00, 0x00, 0x01, 0x8A, 0x00, 0x18, 0x04,
    0x04, 0x01, 0x00, 0x01, 0x00, 0x01, 0x00, 0x00, 0x40, 0x00, 0x00, 0x01, 0x03, 0x01, 0x03, 0x01, 0x03, 0x01, 0x03, 0x01, 0x03, 0x01, 0x03, 0x01,
    0x80, 0x03, 0x2C, 0x01, 0x03, 0x03, 0x02, 0x00, 0x02, 0x00, 0x02, 0x04, 0x00, 0x01, 0x03, 0x01, 0x03, 0x01, 0x03, 0x01, 0x03, 0x03, 0x83, 0x01,
    0x83, 0x07, 0x87, 0x45, 0xEF, 0x47, 0xCF, 0x4D, 0x8F, 0x47, 0x8F, 0xDD, 0x9F, 0x17, 0xFF, 0xDD, 0xFF, 0x77, 0xFF, 0xDD, 0xFF, 0x77, 0xFE, 0xDC,
    0x01, 0x8A, 0x00, 0x03, 0x01, 0x01, 0x00, 0x01, 0x8F, 0x00, 0x02, 0x08, 0x00, 0x04, 0x8B, 0x00, 0x02, 0x80, 0x00, 0x80, 0x84, 0x00, 0x03, 0x20,
    0x00, 0x00, 0x10, 0x80, 0x00, 0x03, 0x80, 0x00, 0x00, 0x40, 0x82, 0x00, 0x07, 0x80, 0x80, 0x00, 0x00, 0x20, 0x00, 0x00, 0x10, 0x80, 0x00, 0x01,
    0x04, 0x02, 0x81, 0x00, 0x00, 0x40, 0x8A, 0x00, 0x09, 0x06, 0x00, 0x04, 0x00, 0x00, 0x04, 0x00, 0x08, 0x00, 0x10, 0x81, 0x00, 0x00, 0x20, 0x85,
    0x00, 0x00, 0x80, 0x80, 0x00, 0x01, 0x20, 0x40, 0x82, 0x00, 0x05, 0x10, 0x10, 0x40, 0x10, 0x00, 0x40, 0x80, 0x00, 0x00, 0x10, 0x93, 0x00, 0x04,
    0x10, 0x10, 0x80, 0x00, 0x80, 0x80, 0x00, 0x05, 0x44, 0x00, 0x04, 0x04, 0x00, 0x04, 0x80, 0x00, 0x00, 0x04, 0x8A, 0x00, 0x07, 0x1A, 0x00, 0x10,
    0x00, 0x10, 0x20, 0x00, 0x20, 0x81, 0x00, 0x03, 0x40, 0x00, 0x40, 0x02, 0x8F, 0x00, 0x03, 0x04, 0x20, 0x00, 0x08, 0x84, 0x00, 0x00, 0x80, 0x8D,
    0x00, 0x10, 0x01, 0x02, 0x00, 0x00, 0x04, 0x00, 0x12, 0x00, 0x30, 0x00, 0x20, 0x40, 0x00, 0x40, 0x60, 0x00, 0x40, 0x82, 0x00, 0x06, 0x20, 0x00,
    0x20, 0x00, 0x20, 0x00, 0x20, 0x84, 0x00, 0x16, 0xA0, 0x00, 0x00, 0x40, 0x20, 0x10, 0x40, 0x81, 0x48, 0x80, 0x00, 0x88, 0x00, 0x00, 0x10, 0x18,
    0x08, 0x00, 0x04, 0x15, 0x11, 0x18, 0x08, 0x80, 0x10, 0x0F, 0x28, 0x10, 0x20, 0x00, 0x18, 0x00, 0x08, 0x00, 0x04, 0x00, 0x04, 0x00, 0x01, 0x01,
    0x00, 0x01, 0x84, 0x00, 0x04, 0x02, 0x00, 0x08, 0x08, 0x0A, 0x85, 0x00, 0x02, 0x10, 0x00, 0x30, 0x81, 0x00, 0x01, 0x40, 0x40, 0x83, 0x00, 0x00,
    0x01, 0x8F, 0x00, 0x01, 0x02, 0x02, 0x86, 0x00, 0x01, 0x10, 0x10, 0x82, 0x00, 0x03, 0x02, 0x00, 0x00, 0x02, 0x82, 0x00, 0x00, 0x01, 0x88, 0x00,
    0x01, 0x04, 0x04, 0x80, 0x00, 0x06, 0x01, 0x00, 0x20, 0x01, 0x40, 0x01, 0x03, 0x96, 0x00, 0x03, 0x02, 0x04, 0x00, 0x04, 0x88, 0x00, 0x03, 0x40,
    0x60, 0x00, 0x40, 0x81, 0x00, 0x02, 0x80, 0x20, 0x40, 0x87, 0x00, 0x01, 0x89, 0x00, 0x01, 0x03, 0x01, 0x91, 0x00, 0x01, 0x08, 0x08, 0x8B, 0x00,
    0x02, 0x40, 0x00, 0x80, 0x86, 0x00, 0x02, 0x20, 0x00, 0x00, 0x80, 0x08, 0x05, 0x18, 0x98, 0x08, 0x30, 0x20, 0x30, 0x81, 0x20, 0x32, 0xA0, 0xA0,
    0x20, 0x28, 0x2C, 0x2C, 0x0C, 0x08, 0x04, 0x14, 0x0C, 0x08, 0x00, 0x20, 0x2A, 0x0A, 0x22, 0x62, 0x4A, 0x0A, 0x22, 0x22, 0x0A, 0x88, 0xA0, 0xA0,
    0x88, 0x88, 0x22, 0x22, 0x8E, 0x8B, 0x22, 0x22, 0x88, 0x88, 0x26, 0x2A, 0x88, 0x88, 0x22, 0x22, 0x88, 0x88, 0x22, 0x22, 0x88, 0xA8, 0x22, 0x22,
    0x60, 0x80, 0x20, 0x81, 0xA0, 0x00, 0xC0, 0x80, 0x80, 0x73, 0x00, 0x80, 0x10, 0x60, 0x20, 0x60, 0x28, 0x60, 0x48, 0x08, 0x28, 0x20, 0x18, 0xB8,
    0xA8, 0xA8, 0x88, 0x88, 0x28, 0x28, 0x88, 0x88, 0x28, 0x20, 0x80, 0x90, 0xA4, 0xA0, 0x80, 0x80, 0x28, 0x28, 0x88, 0xA8, 0x28, 0x20, 0x88, 0x18,
    0xC0, 0x80, 0xA8, 0xA8, 0x60, 0xE0, 0xC8, 0x88, 0xA0, 0xA0, 0x8C, 0x8C, 0xAC, 0xA4, 0x88, 0x88, 0x24, 0x24, 0x88, 0x88, 0x20, 0x20, 0x88, 0x88,
    0x28, 0x29, 0xA1, 0x88, 0x28, 0x2A, 0x8A, 0x8A, 0x22, 0x22, 0x8A, 0x8A, 0xA2, 0x22, 0xAA, 0xA8, 0x22, 0x22, 0x8A, 0x8A, 0x22, 0x22, 0x8A, 0x88,
    0x22, 0x26, 0x8A, 0x8A, 0x2A, 0x22, 0x8A, 0x8B, 0x22, 0x22, 0x88, 0x88, 0x22, 0x22, 0xA8, 0x88, 0x22, 0x62, 0xC8, 0x88, 0x22, 0x22, 0x88, 0x88,
    0xA2, 0xA2, 0x88, 0x89, 0xA2, 0x22, 0x89, 0x00, 0x06, 0x01, 0x02, 0x04, 0x10, 0x04, 0x00, 0x10, 0x82, 0x00, 0x0B, 0x20, 0x00, 0x40, 0x40, 0xA0,
    0x80, 0xA0, 0x00, 0xA0, 0x80, 0x00, 0x40, 0x81, 0x80, 0x57, 0x81, 0x80, 0xA1, 0xE0, 0xA1, 0xE0, 0xA0, 0x60, 0x20, 0x00, 0xC0, 0x60, 0xE0, 0xE8,
    0x20, 0x31, 0x89, 0x01, 0x21, 0x20, 0x88, 0x98, 0xA0, 0xA8, 0x88, 0x80, 0x21, 0x30, 0x90, 0x80, 0x20, 0x20, 0xA0, 0x80, 0x00, 0x42, 0x92, 0x8A,
    0x2A, 0x2A, 0x88, 0xC8, 0xAE, 0xEE, 0x8C, 0x09, 0xAA, 0x26, 0x8A, 0x8A, 0x22, 0x23, 0x8E, 0x8A, 0x22, 0x26, 0x8A, 0x8A, 0x2A, 0x22, 0x82, 0x80,
    0x22, 0x26, 0x80, 0x88, 0x2A, 0x22, 0x88, 0x98, 0x22, 0x32, 0x98, 0x88, 0x02, 0x22, 0xE8, 0x88, 0x22, 0x22, 0x88, 0x88, 0x22, 0xA2, 0x88, 0x88,
    0xA2, 0x22, 0x8B, 0x00, 0x02, 0x02, 0x00, 0x02, 0x85, 0x00, 0x02, 0x20, 0x00, 0x10, 0x81, 0x00, 0x02, 0x02, 0x00, 0x02, 0x82, 0x00, 0x82, 0x01,
    0x86, 0x00, 0x01, 0x01, 0x00, 0x80, 0x01, 0x05, 0x00, 0x20, 0x00, 0x21, 0x00, 0x01, 0x8C, 0x02, 0x05, 0x00, 0x00, 0x02, 0x02, 0x00, 0x00, 0x81,
    0x02, 0x05, 0x06, 0x06, 0x07, 0x02, 0x06, 0x06, 0x82, 0x02, 0x1A, 0x00, 0x82, 0x02, 0x84, 0x80, 0x82, 0x8A, 0x88, 0xC8, 0x8A, 0x42, 0x88, 0xC8,
    0xC2, 0xA2, 0xE8, 0xA8, 0x22, 0x22, 0x88, 0x88, 0x22, 0x22, 0x88, 0x88, 0x23, 0x23, 0x01, 0x87, 0x00, 0x02, 0x02, 0x01, 0x03, 0x91, 0x00, 0x01,
    0x08, 0x08, 0x8A, 0x00, 0x02, 0x40, 0x00, 0x40, 0x8B, 0x00, 0x07, 0x08, 0x00, 0x08, 0x18, 0x18, 0x10, 0x30, 0x10, 0x84, 0x20, 0x00, 0x28, 0x80,
    0x2C, 0x2F, 0x08, 0x00, 0x04, 0x1C, 0x18, 0x00, 0x20, 0x28, 0x28, 0x22, 0x22, 0x0A, 0x4A, 0x22, 0x22, 0x0A, 0x88, 0xA0, 0xA0, 0x88, 0x88, 0x20,
    0x22, 0x8A, 0x8A, 0x26, 0x23, 0xAA, 0x88, 0x2E, 0x2A, 0x88, 0x88, 0x22, 0x22, 0x88, 0x88, 0xA2, 0x22, 0x88, 0x88, 0xA2, 0x22, 0x88, 0xE0, 0x20,
    0x60, 0x20, 0x81, 0xA0, 0x77, 0x80, 0xC0, 0x80, 0x80, 0xC0, 0x80, 0x10, 0x60, 0xA0, 0x20, 0x20, 0x00, 0x40, 0x28, 0x60, 0x00, 0x10, 0xB8, 0xB0,
    0x88, 0x88, 0x28, 0x28, 0x88, 0x88, 0x28, 0x20, 0xA0, 0x94, 0x30, 0xE4, 0x90, 0x80, 0x30, 0x20, 0x98, 0x88, 0xA8, 0x28, 0xA8, 0x88, 0xD0, 0xC0,
    0xC8, 0xE8, 0x60, 0x20, 0xC8, 0x88, 0x24, 0xA4, 0x8C, 0x8C, 0xA8, 0xA8, 0x88, 0x88, 0x28, 0x24, 0x88, 0x88, 0x00, 0x20, 0x88, 0x89, 0x29, 0x28,
    0xA9, 0xA9, 0x2C, 0x6C, 0x8A, 0x88, 0x22, 0x22, 0x8A, 0x8A, 0xA2, 0x22, 0x8A, 0xA8, 0x20, 0x22, 0x8A, 0x8A, 0x22, 0x22, 0x8A, 0x8A, 0x22, 0x26,
    0x8A, 0x8E, 0x2A, 0x2A, 0x88, 0x8A, 0x23, 0x22, 0x88, 0x98, 0x22, 0x32, 0xA8, 0x88, 0x02, 0x22, 0xE8, 0x88, 0x22, 0x22, 0x88, 0x88, 0xA2, 0xA2,
    0x88, 0x09, 0xA2, 0xA3, 0x88, 0x89, 0x00, 0x03, 0x04, 0x20, 0x04, 0x10, 0x87, 0x00, 0x01, 0x40, 0x40, 0x82, 0x80, 0x01, 0x00, 0x40, 0x81, 0x80,
    0x80, 0x81, 0x55, 0xA0, 0xA1, 0xA1, 0xA0, 0x60, 0x20, 0x20, 0x40, 0x70, 0x60, 0xA0, 0xA8, 0x20, 0xA1, 0x91, 0x29, 0x39, 0x81, 0x98, 0x28, 0xA0,
    0x81, 0x80, 0x21, 0x20, 0x80, 0x80, 0x20, 0x22, 0xA0, 0x80, 0x00, 0x12, 0xC2, 0x9A, 0x4A, 0x2A, 0xA8, 0x88, 0x6A, 0xEE, 0xC8, 0x8C, 0x2B, 0x2E,
    0x0E, 0x8A, 0xA2, 0x22, 0x8B, 0x8A, 0x22, 0x26, 0x82, 0x8A, 0x22, 0x2A, 0x8A, 0x8A, 0x22, 0x22, 0x84, 0x88, 0x2A, 0x2A, 0x88, 0x98, 0x22, 0x22,
    0xA8, 0xB8, 0x02, 0x22, 0xA8, 0xA8, 0x22, 0x22, 0x88, 0x88, 0x22, 0x22, 0x88, 0x88, 0xA2, 0xA2, 0x89, 0x8A, 0x00, 0x01, 0x02, 0x02, 0x85, 0x00,
    0x02, 0x20, 0x00, 0x20, 0x81, 0x00, 0x02, 0x04, 0x00, 0x02, 0x83, 0x00, 0x83, 0x01, 0x83, 0x00, 0x09, 0x01, 0x00, 0x00, 0x01, 0x00, 0x01, 0x01,
    0x21, 0x00, 0x20, 0x80, 0x00, 0x8C, 0x02, 0x05, 0x00, 0x00, 0x02, 0x02, 0x00, 0x00, 0x82, 0x02, 0x05, 0x06, 0x07, 0x02, 0x02, 0x06, 0x06, 0x84,
    0x02, 0x18, 0x04, 0x88, 0x82, 0x0A, 0x88, 0x88, 0x8A, 0x0A, 0x08, 0x08, 0xC2, 0x62, 0xA8, 0xA8, 0x22, 0x22, 0x88, 0x88, 0x22, 0x22, 0x88, 0x88,
    0x22, 0x26, 0x88, 0x01, 0x85, 0x00, 0x03, 0x02, 0x00, 0x03, 0x01, 0x91, 0x00, 0x01, 0x08, 0x08, 0x89, 0x00, 0x02, 0x40, 0x00, 0x40, 0x91, 0x00,
    0x05, 0x10, 0x00, 0x10, 0x00, 0x00, 0x20, 0x89, 0x00, 0x01, 0x08, 0x10, 0x81, 0x00, 0x0B, 0x40, 0x02, 0x00, 0x02, 0x00, 0x46, 0x00, 0x00, 0x08,
    0x02, 0x00, 0x02, 0x85, 0x00, 0x00, 0x08, 0x85, 0x00, 0x00, 0x80, 0x88, 0x00, 0x08, 0x40, 0x00, 0x40, 0x00, 0xC0, 0x00, 0x40, 0x00, 0xA0, 0x90,
    0x00, 0x05, 0x10, 0x00, 0x04, 0x00, 0x00, 0x20, 0x85, 0x00, 0x02, 0x20, 0x00, 0x20, 0x83, 0x00, 0x01, 0x04, 0x04, 0x87, 0x00, 0x08, 0x21, 0x11,
    0xA0, 0x11, 0x01, 0x20, 0x00, 0x00, 0x28, 0x89, 0x00, 0x02, 0x02, 0x00, 0x02, 0x80, 0x00, 0x01, 0x06, 0x04, 0x82, 0x00, 0x01, 0x01, 0x01, 0x81,
    0x00, 0x03, 0x10, 0x00, 0x10, 0x10, 0x83, 0x00, 0x00, 0x08, 0x81, 0x00, 0x00, 0x80, 0x87, 0x00, 0x00, 0x04, 0x80, 0x00, 0x02, 0x28, 0x04, 0x20,
    0x90, 0x00, 0x00, 0x80, 0x80, 0x00, 0x03, 0x01, 0x00, 0x00, 0x01, 0x80, 0x00, 0x06, 0x80, 0x00, 0x00, 0x10, 0x00, 0x00, 0x10, 0x81, 0x00, 0x0D,
    0x08, 0x00, 0x18, 0x08, 0x30, 0x00, 0x21, 0x00, 0x00, 0x01, 0x00, 0x02, 0x00, 0x02, 0x80, 0x00, 0x02, 0x12, 0x00, 0x10, 0x85, 0x00, 0x06, 0x40,
    0x40, 0x00, 0x00, 0x04, 0x00, 0x08, 0x82, 0x00, 0x02, 0x08, 0x02, 0x08, 0x81, 0x00, 0x00, 0x08, 0x89, 0x00, 0x00, 0x20, 0x86, 0x00, 0x01, 0x81,
    0x01, 0x8A, 0x00, 0x01, 0x02, 0x02, 0x85, 0x00, 0x01, 0x20, 0x20, 0x81, 0x00, 0x02, 0x04, 0x00, 0x04, 0x91, 0x00, 0x00, 0x01, 0x82, 0x00, 0x01,
    0x10, 0x20, 0x85, 0x00, 0x00, 0x02, 0x80, 0x00, 0x02, 0x02, 0x00, 0x02, 0x82, 0x00, 0x00, 0x02, 0x80, 0x00, 0x00, 0x02, 0x80, 0x00, 0x00, 0x01,
    0x80, 0x00, 0x00, 0x02, 0x82, 0x00, 0x00, 0x04, 0x80, 0x00, 0x03, 0x04, 0x00, 0x00, 0x80, 0x80, 0x00, 0x00, 0x80, 0x82, 0x00, 0x00, 0x40, 0x85,
    0x00, 0x01, 0x02, 0x04, 0x80, 0x00, 0x00, 0x86, 0x00, 0x00, 0x01, 0x92, 0x00, 0x00, 0x10, 0x89, 0x00, 0x00, 0x20, 0x93, 0x00, 0x00, 0x08, 0x86,
    0x00, 0x7F, 0x20, 0x10, 0x28, 0x00, 0x28, 0x00, 0x28, 0x04, 0x18, 0x04, 0x0C, 0x1C, 0x3C, 0x14, 0x3C, 0x5C, 0x38, 0x74, 0xB8, 0x5C, 0x38, 0x70,
    0xF8, 0x54, 0xFE, 0x74, 0xFE, 0xDC, 0xFE, 0x74, 0xFE, 0xDC, 0xEA, 0x54, 0xEE, 0xDD, 0xFF, 0x57, 0xFF, 0xDD, 0xFF, 0x77, 0xFF, 0x5D, 0x7F, 0x77,
    0x7F, 0x5D, 0xFF, 0x77, 0xFF, 0x40, 0x20, 0x40, 0xE0, 0x40, 0x20, 0x40, 0x80, 0x60, 0x00, 0x00, 0x80, 0x00, 0x80, 0x10, 0xB0, 0x10, 0xB0, 0x30,
    0xB0, 0x50, 0x30, 0x70, 0x60, 0x50, 0xE0, 0x70, 0xE0, 0xD0, 0xE0, 0x70, 0xE8, 0xD0, 0xE0, 0x40, 0xE0, 0xC0, 0xA0, 0x10, 0xA0, 0xD0, 0xB0, 0x70,
    0xE8, 0x50, 0x28, 0x40, 0x68, 0x40, 0x68, 0x50, 0xF8, 0xD8, 0xF8, 0x70, 0xF8, 0xD8, 0xF8, 0x70, 0xF8, 0xD0, 0xF0, 0x70, 0xF8, 0xD0, 0xF8, 0x71,
    0xF9, 0xD0, 0xE8, 0x60, 0xE8, 0xC0, 0xC8, 0x50, 0xD8, 0xDC, 0x32, 0xB8, 0x74, 0xFC, 0xDC, 0xBC, 0x74, 0xFC, 0x5C, 0x7C, 0x74, 0xFC, 0x5C, 0xFC,
    0x74, 0xFC, 0xDC, 0xFC, 0x74, 0xF8, 0xD8, 0xF8, 0x70, 0xFA, 0xD0, 0xFA, 0x77, 0xFF, 0xD5, 0xFF, 0x77, 0xEF, 0xCD, 0xEF, 0x47, 0xEF, 0xDD, 0xFF,
    0x57, 0xFF, 0xDD, 0xFF, 0x77, 0xFF, 0xDD, 0xBF, 0x77, 0xFF, 0x5D, 0xFE, 0x77, 0xFE, 0x86, 0x00, 0x00, 0x28, 0x8E, 0x00, 0x64, 0x80, 0x40, 0x80,
    0x40, 0xC0, 0x40, 0x80, 0x00, 0x80, 0x00, 0x80, 0x01, 0x81, 0x01, 0x81, 0x01, 0x80, 0x01, 0x20, 0x00, 0x20, 0x00, 0x20, 0x40, 0xE0, 0x40, 0xE8,
    0x40, 0xE0, 0xC1, 0xE0, 0x41, 0xE0, 0xE1, 0xE1, 0x41, 0xE1, 0xC1, 0xE3, 0x61, 0xE3, 0xC1, 0xE3, 0x51, 0xE3, 0xC1, 0xC3, 0x41, 0xC3, 0xC1, 0xBB,
    0x51, 0xFB, 0xD1, 0xBB, 0x37, 0xBB, 0x51, 0x3A, 0x70, 0xFA, 0x54, 0xFA, 0x74, 0xFE, 0xDD, 0xFB, 0x75, 0xF9, 0xD1, 0xF9, 0x71, 0xFB, 0xD1, 0xFB,
    0x73, 0xFF, 0xD5, 0xFF, 0x77, 0xFF, 0xD5, 0xEF, 0x67, 0xEF, 0x5D, 0xFF, 0x77, 0xFF, 0xDD, 0xFF, 0x77, 0xFF, 0xDD, 0xFF, 0x77, 0xFF, 0xDD, 0xFF,
    0x77, 0xFF, 0x88, 0x00, 0x00, 0x02, 0x86, 0x00, 0x00, 0x20, 0x81, 0x00, 0x00, 0x04, 0x8A, 0x00, 0x02, 0x01, 0x00, 0x01, 0x89, 0x00, 0x04, 0x10,
    0x00, 0x00, 0x01, 0x00, 0x82, 0x01, 0x17, 0x03, 0x01, 0x03, 0x01, 0x03, 0x03, 0x07, 0x01, 0x03, 0x01, 0x03, 0x01, 0x03, 0x01, 0x03, 0x01, 0x03,
    0x01, 0x03, 0x01, 0x03, 0x01, 0x02, 0x01, 0x80, 0x03, 0x23, 0x05, 0x03, 0x05, 0x07, 0x05, 0x03, 0x01, 0x03, 0x05, 0x03, 0x07, 0x0F, 0x05, 0x0F,
    0x07, 0x0F, 0x05, 0x0F, 0x07, 0x0F, 0x0D, 0x2F, 0x57, 0xFF, 0xDD, 0xFF, 0x77, 0xFF, 0xDD, 0xFF, 0x75, 0xFB, 0xD9, 0xFB, 0x77, 0xFF, 0x01, 0x86,
    0x00, 0x00, 0x03, 0x91, 0x00, 0x01, 0x10, 0x10, 0x87, 0x00, 0x02, 0x20, 0x00, 0x20, 0x84, 0x00, 0x00, 0x20, 0x8B, 0x00, 0x00, 0x08, 0x8C, 0x00,
    0x0D, 0x10, 0x00, 0x30, 0x00, 0x20, 0x40, 0x00, 0x40, 0x40, 0x00, 0x00, 0x04, 0x00, 0x04, 0x81, 0x00, 0x00, 0x04, 0x82, 0x00, 0x04, 0x10, 0x10,
    0x04, 0x10, 0x30, 0x82, 0x00, 0x06, 0x40, 0x00, 0x40, 0x20, 0x40, 0x00, 0x01, 0x81, 0x00, 0x08, 0x40, 0x80, 0x40, 0x40, 0x00, 0x00, 0x40, 0x80,
    0x60, 0x84, 0x00, 0x00, 0x40, 0x83, 0x00, 0x00, 0x90, 0x84, 0x00, 0x04, 0x0C, 0x10, 0x00, 0x00, 0x20, 0x80, 0x00, 0x00, 0x10, 0x80, 0x00, 0x07,
    0x40, 0x00, 0x00, 0x40, 0x00, 0x10, 0x10, 0x20, 0x80, 0x00, 0x00, 0x08, 0x86, 0x00, 0x81, 0x01, 0x02, 0x00, 0x00, 0x20, 0x85, 0x00, 0x04, 0x40,
    0x00, 0x00, 0x40, 0x40, 0x9B, 0x00, 0x00, 0x08, 0x89, 0x00, 0x00, 0x01, 0x86, 0x00, 0x00, 0x28, 0x92, 0x00, 0x00, 0x40, 0x87, 0x00, 0x00, 0x20,
    0x85, 0x00, 0x05, 0x08, 0x00, 0x08, 0x00, 0x00, 0x01, 0x80, 0x00, 0x00, 0x20, 0x86, 0x00, 0x02, 0x10, 0x00, 0x80, 0x81, 0x00, 0x08, 0x40, 0x00,
    0x00, 0x04, 0x00, 0x06, 0x00, 0x00, 0x80, 0x81, 0x00, 0x04, 0x01, 0x00, 0x08, 0x00, 0x04, 0x80, 0x00, 0x00, 0x20, 0x80, 0x00, 0x00, 0x04, 0x82,
    0x00, 0x03, 0x80, 0x00, 0x10, 0x10, 0x98, 0x00, 0x00, 0x02, 0x86, 0x00, 0x00, 0x20, 0x80, 0x00, 0x01, 0x04, 0x04, 0x8A, 0x00, 0x00, 0x01, 0x80,
    0x00, 0x00, 0x04, 0x87, 0x00, 0x00, 0x10, 0x84, 0x00, 0x00, 0x02, 0x83, 0x00, 0x05, 0x04, 0x04, 0x00, 0x01, 0x00, 0x01, 0x88, 0x00, 0x00, 0x01,
    0x83, 0x00, 0x00, 0x02, 0x80, 0x00, 0x03, 0x04, 0x04, 0x00, 0x04, 0x8B, 0x00, 0x00, 0x80, 0x88, 0x00, 0x01, 0x86, 0x00, 0x00, 0x02, 0x9C, 0x00,
    0x01, 0x20, 0x20, 0x85, 0x00, 0x01, 0x20, 0x20, 0x98, 0x00, 0x06, 0x10, 0x08, 0x20, 0x10, 0x00, 0x00, 0x10, 0x80, 0x00, 0x00, 0x20, 0x81, 0x00,
    0x02, 0x40, 0x00, 0x80, 0x83, 0x00, 0x00, 0x08, 0x83, 0x00, 0x00, 0x10, 0x84, 0x00, 0x01, 0x40, 0x20, 0x8F, 0x00, 0x02, 0x80, 0x40, 0x20, 0x81,
    0x00, 0x00, 0x20, 0x83, 0x00, 0x00, 0x10, 0x81, 0x00, 0x01, 0x12, 0x04, 0x84, 0x00, 0x08, 0x08, 0x00, 0x00, 0x40, 0x10, 0x40, 0x08, 0x10, 0x40,
    0x82, 0x00, 0x01, 0x04, 0x08, 0x84, 0x00, 0x06, 0x08, 0x00, 0x01, 0x09, 0x00, 0x10, 0x10, 0x85, 0x00, 0x01, 0x40, 0x20, 0x92, 0x00, 0x01, 0x01,
    0x01, 0x83, 0x00, 0x00, 0x08, 0x82, 0x00, 0x00, 0x28, 0x86, 0x00, 0x01, 0x80, 0x01, 0x96, 0x00, 0x00, 0x80, 0x83, 0x00, 0x03, 0x40, 0x00, 0x40,
    0x80, 0x83, 0x00, 0x04, 0x40, 0x00, 0x20, 0x00, 0x01, 0x81, 0x00, 0x02, 0x08, 0x00, 0x08, 0x8B, 0x00, 0x00, 0x08, 0x83, 0x00, 0x02, 0x28, 0x00,
    0x20, 0x80, 0x00, 0x01, 0x04, 0x04, 0x82, 0x00, 0x02, 0x01, 0x00, 0x80, 0x83, 0x00, 0x02, 0x10, 0x00, 0x10, 0x83, 0x00, 0x00, 0x08, 0x81, 0x00,
    0x00, 0x50, 0xA1, 0x00, 0x00, 0x40, 0x81, 0x00, 0x02, 0x08, 0x00, 0x04, 0x8D, 0x00, 0x02, 0x05, 0x00, 0x04, 0x82, 0x00, 0x00, 0x02, 0x84, 0x00,
    0x00, 0x01, 0x86, 0x00, 0x02, 0x04, 0x00, 0x04, 0x89, 0x00, 0x00, 0x02, 0x88, 0x00, 0x03, 0x04, 0x00, 0x00, 0x02, 0x8A, 0x00, 0x02, 0x10, 0x10,
    0x20, 0x83, 0x00, 0x00, 0x02, 0x83, 0x00, 0x00, 0x9A, 0x00, 0x00, 0x10, 0x87, 0x00, 0x00, 0x20, 0x86, 0x00, 0x00, 0x20, 0x97, 0x00, 0x39, 0x10,
    0x28, 0x10, 0x20, 0x10, 0x28, 0x00, 0x28, 0x10, 0x2C, 0x5C, 0x3C, 0x74, 0x7C, 0x5C, 0x78, 0x70, 0xF8, 0x58, 0xB8, 0x70, 0xF8, 0x50, 0xF8, 0x74,
    0xFE, 0xD4, 0xFE, 0x74, 0xEE, 0xC4, 0xEE, 0x44, 0xEE, 0xDC, 0xFE, 0x57, 0xFF, 0xDD, 0xFF, 0x77, 0xBF, 0x1D, 0xBF, 0x37, 0x7F, 0x5D, 0xFE, 0x77,
    0xFF, 0xDD, 0xA0, 0x00, 0xA0, 0x00, 0x20, 0x00, 0x20, 0x81, 0x00, 0x74, 0x40, 0x20, 0x50, 0xE0, 0x50, 0xB0, 0x10, 0xB0, 0x50, 0x30, 0x30, 0xF0,
    0x50, 0xF0, 0x70, 0xE0, 0xD0, 0xE0, 0x62, 0xE0, 0xC0, 0xE0, 0x40, 0xC0, 0xC0, 0x80, 0x50, 0xB8, 0xD0, 0xB0, 0x10, 0xB8, 0x10, 0x30, 0x30, 0x28,
    0x50, 0x78, 0x70, 0xF8, 0x5C, 0xF8, 0x70, 0xF8, 0xD8, 0xF8, 0x70, 0xF8, 0xD0, 0xF8, 0x78, 0xF8, 0xD0, 0xF0, 0x70, 0xF8, 0xD0, 0xE0, 0x60, 0xE8,
    0xC0, 0xE8, 0x40, 0xC8, 0xDC, 0xF8, 0x54, 0xFC, 0xDC, 0xBC, 0x34, 0xBC, 0x1C, 0x3C, 0x74, 0xFC, 0x5C, 0xFC, 0x74, 0xFC, 0xDC, 0xFC, 0xF4, 0xFC,
    0xD8, 0xF8, 0x70, 0xF8, 0xD8, 0xFA, 0x73, 0xFF, 0xD5, 0xFF, 0x77, 0xFF, 0xC5, 0xEF, 0x67, 0xEF, 0xDD, 0xFF, 0x77, 0xFF, 0xDD, 0xFF, 0x77, 0xFF,
    0xDD, 0xBF, 0x77, 0xFF, 0xDD, 0xFF, 0x77, 0xFF, 0xDD, 0x93, 0x00, 0x00, 0x80, 0x80, 0x00, 0x04, 0x80, 0x00, 0x80, 0x00, 0x80, 0x80, 0x00, 0x5D,
    0x80, 0x00, 0x80, 0x01, 0xC0, 0x01, 0x81, 0x01, 0x80, 0x01, 0x00, 0x00, 0x20, 0x08, 0x20, 0x40, 0xE0, 0x40, 0xE0, 0x40, 0xE0, 0xC0, 0xE0, 0x40,
    0xE0, 0xC1, 0xE1, 0x41, 0xE1, 0xC1, 0xEB, 0x41, 0xE3, 0xC1, 0xA3, 0x41, 0xE3, 0x41, 0xAB, 0x41, 0xE3, 0xC1, 0xE3, 0x55, 0xFB, 0xD1, 0xFB, 0x51,
    0xBB, 0x51, 0xBB, 0x71, 0xFA, 0xD3, 0xFA, 0x73, 0xFA, 0xD5, 0xFB, 0x75, 0xEB, 0xC1, 0xE9, 0x41, 0xEB, 0xD1, 0xFB, 0x57, 0xFF, 0xDD, 0xFF, 0x77,
    0xBF, 0xD5, 0xBF, 0x37, 0xFF, 0x5D, 0xFF, 0x77, 0xFF, 0xDD, 0xFF, 0x77, 0xFF, 0xDD, 0xFF, 0x75, 0xFF, 0xDD, 0xFB, 0x77, 0xFF, 0xDD, 0x8F, 0x00,
    0x00, 0x40, 0x80, 0x00, 0x00, 0x08, 0x8E, 0x00, 0x00, 0x08, 0x85, 0x00, 0x00, 0x02, 0x86, 0x00, 0x82, 0x01, 0x03, 0x03, 0x01, 0x03, 0x05, 0x80,
    0x03, 0x0B, 0x01, 0x03, 0x03, 0x02, 0x01, 0x02, 0x01, 0x02, 0x01, 0x03, 0x01, 0x00, 0x80, 0x01, 0x01, 0x03, 0x01, 0x80, 0x03, 0x00, 0x01, 0x80,
    0x03, 0x20, 0x05, 0x03, 0x07, 0x07, 0x05, 0x07, 0x07, 0x0F, 0x05, 0x0F, 0x07, 0x0F, 0x05, 0x0F, 0x07, 0x0F, 0x0D, 0x2F, 0x17, 0xFF, 0x5D, 0xFF,
    0x77, 0xFE, 0xDD, 0xFD, 0x75, 0xFD, 0xDD, 0xFB, 0x77, 0xFF, 0xDD, 0x01, 0x9A, 0x00, 0x00, 0x10, 0x86, 0x00, 0x01, 0x10, 0x20, 0x84, 0x00, 0x02,
    0x20, 0x00, 0x20, 0x98, 0x00, 0x00, 0x20, 0x84, 0x00, 0x00, 0x04, 0x8B, 0x00, 0x00, 0x04, 0x83, 0x00, 0x00, 0x10, 0x98, 0x00, 0x00, 0x20, 0x85,
    0x00, 0x03, 0x40, 0x00, 0x00, 0x80, 0x85, 0x00, 0x00, 0x02, 0x87, 0x00, 0x00, 0x08, 0x86, 0x00, 0x01, 0x04, 0x04, 0x86, 0x00, 0x00, 0x08, 0x89,
    0x00, 0x00, 0x20, 0x8F, 0x00, 0x00, 0x80, 0x83, 0x00, 0x00, 0x01, 0x83, 0x00, 0x00, 0x10, 0x89, 0x00, 0x00, 0x40, 0xA0, 0x00, 0x00, 0x80, 0x85,
    0x00, 0x01, 0x40, 0x40, 0x83, 0x00, 0x02, 0x04, 0x00, 0x08, 0x8C, 0x00, 0x01, 0x04, 0x08, 0x81, 0x00, 0x08, 0x40, 0x40, 0x08, 0x88, 0x00, 0x00,
    0x80, 0x00, 0x04, 0x82, 0x00, 0x10, 0x80, 0x00, 0x00, 0x01, 0x02, 0x01, 0x00, 0x01, 0x00, 0x00, 0x04, 0x00, 0x04, 0x02, 0x00, 0x00, 0x04, 0x84,
    0x00, 0x00, 0x60, 0xA2, 0x00, 0x01, 0x40, 0x40, 0x80, 0x00, 0x00, 0x08, 0x8E, 0x00, 0x00, 0x08, 0x84, 0x00, 0x01, 0x02, 0x02, 0x8E, 0x00, 0x02,
    0x04, 0x00, 0x02, 0x87, 0x00, 0x00, 0x01, 0x9C, 0x00, 0x00, 0x10, 0x8C, 0x00, 0x01, 0xA3, 0x00, 0x01, 0x10, 0x10, 0x84, 0x00, 0x01, 0x20, 0x20,
    0x96, 0x00, 0x00, 0x08, 0x8A, 0x00, 0x00, 0x04, 0x8F, 0x00, 0x01, 0x10, 0x10, 0x85, 0x00, 0x00, 0x40, 0x81, 0x00, 0x02, 0x80, 0x00, 0x01, 0x8A,
    0x00, 0x00, 0x20, 0x96, 0x00, 0x00, 0x10, 0x86, 0x00, 0x00, 0x50, 0x80, 0x00, 0x00, 0x04, 0x91, 0x00, 0x05, 0x04, 0x00, 0x04, 0x04, 0x00, 0x04,
    0x80, 0x00, 0x00, 0x04, 0x8A, 0x00, 0x00, 0x04, 0x81, 0x00, 0x04, 0x01, 0x00, 0x04, 0x00, 0x08, 0xB7, 0x00, 0x80, 0x80, 0x00, 0x40, 0x82, 0x00,
    0x02, 0x01, 0x04, 0x04, 0x8C, 0x00, 0x02, 0x04, 0x00, 0x04, 0x83, 0x00, 0x01, 0x08, 0x08, 0x87, 0x00, 0x03, 0x40, 0x00, 0x00, 0x02, 0x83, 0x00,
    0x00, 0x08, 0x83, 0x00, 0x00, 0x08, 0x82, 0x00, 0x02, 0x40, 0x00, 0xA0, 0xA1, 0x00, 0x01, 0x40, 0x40, 0xBA, 0x00, 0x00, 0x01, 0x98, 0x00, 0x00,
    0x08, 0x88, 0x00, 0x01, 0x01, 0x01, 0x84, 0x00, 0x00, 0x99, 0x00, 0x00, 0x20, 0x85, 0x00, 0x00, 0x10, 0x85, 0x00, 0x00, 0x20, 0x9A, 0x00, 0x54,
    0x10, 0x08, 0x10, 0x08, 0x10, 0x28, 0x10, 0x28, 0x10, 0x28, 0x1C, 0x38, 0x74, 0x7C, 0x5C, 0x78, 0x70, 0xF8, 0x58, 0xB8, 0x70, 0xF8, 0x50, 0xF8,
    0x70, 0xFA, 0xD4, 0xFE, 0x74, 0xEE, 0xC4, 0xEE, 0x44, 0xEE, 0xCC, 0xEE, 0x56, 0xFE, 0xDD, 0xFF, 0x77, 0xBF, 0x9D, 0xBF, 0x37, 0xBF, 0x5D, 0xFF,
    0x77, 0xFF, 0xDD, 0xFF, 0x00, 0xA0, 0x00, 0x20, 0x00, 0x20, 0x00, 0x20, 0x00, 0x20, 0x40, 0x20, 0x40, 0xE0, 0x50, 0xB0, 0x50, 0xF0, 0x50, 0xB0,
    0x10, 0xB0, 0x50, 0xF0, 0x70, 0xE0, 0x50, 0xE2, 0x60, 0xE0, 0xC0, 0xE0, 0x40, 0x80, 0xC0, 0x5B, 0x40, 0xC8, 0xD0, 0xB8, 0x10, 0xB8, 0x10, 0x30,
    0x10, 0x78, 0x10, 0x38, 0x70, 0xF8, 0x58, 0xF8, 0x70, 0xF8, 0xD8, 0xF8, 0x70, 0xF8, 0xD8, 0xF8, 0x70, 0xF8, 0xD0, 0xF0, 0x70, 0xF8, 0xD0, 0xE0,
    0x60, 0xE0, 0xC0, 0xE8, 0x40, 0xE8, 0xDC, 0xFC, 0x54, 0xFC, 0xDC, 0xB8, 0x34, 0xBC, 0x1C, 0xB8, 0x74, 0xFC, 0x5C, 0xFC, 0x74, 0xFC, 0xDC, 0xFC,
    0x74, 0xFC, 0xDC, 0xF8, 0x70, 0xF8, 0xD8, 0xFA, 0x71, 0xFF, 0xDD, 0xFF, 0x77, 0xFF, 0xD5, 0xEF, 0x77, 0xEF, 0x5D, 0xFF, 0x77, 0xFF, 0xDD, 0xFF,
    0x77, 0xFF, 0xDD, 0xFF, 0x77, 0xFF, 0xDD, 0xFF, 0xF7, 0xFF, 0xDD, 0xFF, 0x96, 0x00, 0x00, 0x80, 0x80, 0x00, 0x00, 0x80, 0x81, 0x00, 0x08, 0x80,
    0x00, 0x00, 0x80, 0x01, 0x80, 0x01, 0x80, 0x05, 0x81, 0x00, 0x50, 0x20, 0x00, 0xE0, 0x40, 0xE0, 0xC0, 0xE0, 0x40, 0xE0, 0x40, 0xE0, 0xC0, 0xE1,
    0x45, 0xE1, 0xC1, 0xE1, 0x41, 0xE3, 0xC1, 0xA3, 0x01, 0xA3, 0x09, 0x23, 0x01, 0xE3, 0x49, 0xE3, 0x51, 0xEB, 0xD1, 0xFB, 0x51, 0xFB, 0xD1, 0xBB,
    0x73, 0xFB, 0xD1, 0xFB, 0x73, 0xFB, 0xD5, 0xF3, 0x71, 0xEA, 0xC5, 0xE3, 0x61, 0xEB, 0xC5, 0xEB, 0x57, 0xFF, 0xDD, 0xFF, 0x77, 0xBF, 0x9D, 0xBF,
    0x37, 0xBF, 0x5D, 0xFF, 0x7F, 0xFF, 0xDD, 0xFF, 0x77, 0xFF, 0xDD, 0xFF, 0x75, 0xFF, 0xDD, 0xFB, 0x77, 0xFF, 0xDD, 0xFF, 0x8D, 0x00, 0x03, 0x40,
    0x00, 0x00, 0x10, 0x8C, 0x00, 0x00, 0x08, 0x89, 0x00, 0x01, 0x01, 0x04, 0x87, 0x00, 0x80, 0x01, 0x10, 0x03, 0x01, 0x03, 0x01, 0x03, 0x01, 0x03,
    0x01, 0x03, 0x01, 0x02, 0x01, 0x02, 0x01, 0x02, 0x00, 0x02, 0x81, 0x00, 0x80, 0x01, 0x03, 0x03, 0x01, 0x03, 0x01, 0x80, 0x03, 0x21, 0x05, 0x03,
    0x07, 0x07, 0x05, 0x07, 0x07, 0x0F, 0x05, 0x0F, 0x07, 0x0F, 0x0D, 0x0F, 0x07, 0x0F, 0x0D, 0x0F, 0x17, 0xBF, 0x5D, 0xFF, 0x77, 0xFE, 0xDC, 0xFE,
    0x75, 0xFD, 0xDD, 0xFF, 0x75, 0xFF, 0xDD, 0xFF, 0x01, 0x99, 0x00, 0x00, 0x20, 0x85, 0x00, 0x00, 0x10, 0x85, 0x00, 0x00, 0x20, 0x9A, 0x00, 0x03,
    0x50, 0x00, 0x00, 0x08, 0x8C, 0x00, 0x00, 0x40, 0x82, 0x00, 0x05, 0x02, 0x00, 0x04, 0x00, 0x00, 0xA0, 0x86, 0x00, 0x00, 0x20, 0x89, 0x00, 0x00,
    0x20, 0x8A, 0x00, 0x00, 0x10, 0x87, 0x00, 0x04, 0x01, 0x02, 0x00, 0x00, 0x80, 0x81, 0x00, 0x00, 0x10, 0x85, 0x00, 0x02, 0x40, 0x40, 0x08, 0x88,
    0x00, 0x00, 0x08, 0x8A, 0x00, 0x01, 0x20, 0x04, 0x84, 0x00, 0x00, 0x04, 0x96, 0x00, 0x00, 0x10, 0x8D, 0x00, 0x00, 0x80, 0x9D, 0x00, 0x00, 0x80,
    0x81, 0x00, 0x00, 0x80, 0x83, 0x00, 0x01, 0x04, 0x05, 0x86, 0x00, 0x00, 0x80, 0x83, 0x00, 0x01, 0x02, 0x04, 0x85, 0x00, 0x05, 0x08, 0x08, 0x00,
    0x00, 0x08, 0x08, 0x83, 0x00, 0x03, 0x02, 0x00, 0x00, 0x02, 0x82, 0x00, 0x03, 0x04, 0x00, 0x00, 0x08, 0x87, 0x00, 0x00, 0x20, 0x84, 0x00, 0x00,
    0x08, 0x85, 0x00, 0x03, 0x02, 0x00, 0x00, 0x08, 0x8F, 0x00, 0x04, 0x40, 0x40, 0x00, 0x10, 0x10, 0x8B, 0x00, 0x01, 0x10, 0x08, 0x89, 0x00, 0x01,
    0x05, 0x04, 0x8A, 0x00, 0x00, 0x08, 0xA7, 0x00, 0x00, 0x08, 0x92, 0x00, 0x01, 0xC8, 0x00, 0x01, 0x40, 0x40, 0x81, 0x00, 0x00, 0x20, 0x81, 0x00,
    0x00, 0x08, 0x83, 0x00, 0x00, 0x80, 0xB0, 0x00, 0x00, 0x10, 0x8D, 0x00, 0x01, 0x10, 0x10, 0x84, 0x00, 0x03, 0x40, 0x40, 0x00, 0x08, 0x80, 0x00,
    0x00, 0x08, 0x82, 0x00, 0x00, 0x08, 0x8C, 0x00, 0x00, 0x20, 0x84, 0x00, 0x00, 0x20, 0xD2, 0x00, 0x03, 0x01, 0x00, 0x02, 0x04, 0x84, 0x00, 0x01,
    0x40, 0x80, 0x84, 0x00, 0x03, 0x02, 0x02, 0x00, 0x20, 0x80, 0x00, 0x00, 0x02, 0x80, 0x00, 0x04, 0x0C, 0x00, 0x00, 0x08, 0x08, 0x86, 0x00, 0x00,
    0x42, 0x81, 0x00, 0x00, 0x02, 0x82, 0x00, 0x00, 0x04, 0x9A, 0x00, 0x00, 0x08, 0xA1, 0x00, 0x01, 0x10, 0x10, 0x98, 0x00, 0x01, 0x08, 0x08, 0x9B,
    0x00, 0x00, 0x04, 0x9E, 0x00, 0x01, 0xA0, 0x00, 0x00, 0x10, 0x85, 0x00, 0x00, 0x20, 0x9B, 0x00, 0x00, 0x40, 0x84, 0x00, 0x06, 0x08, 0x00, 0x00,
    0x04, 0x00, 0x04, 0x04, 0x82, 0x00, 0x00, 0xC0, 0x84, 0x00, 0x04, 0x08, 0x00, 0x00, 0x20, 0x08, 0x96, 0x00, 0x00, 0x20, 0x90, 0x00, 0x01, 0x01,
    0x01, 0x9A, 0x00, 0x00, 0x08, 0x85, 0x00, 0x00, 0x08, 0x84, 0x00, 0x00, 0x04, 0xE5, 0x00, 0x00, 0x80, 0x83, 0x00, 0x02, 0x02, 0x02, 0x20, 0x82,
    0x00, 0x04, 0x40, 0x00, 0x00, 0x04, 0x04, 0x84, 0x00, 0x02, 0x08, 0x00, 0x08, 0x84, 0x00, 0x00, 0x08, 0xD4, 0x00, 0x01, 0x01, 0x04, 0xBD, 0x00,
    0x00, 0x80, 0x8B, 0x00, 0x01, 0xCB, 0x00, 0x00, 0x10, 0x86, 0x00, 0x00, 0x40, 0x96, 0x00, 0x00, 0x01, 0x9B, 0x00, 0x00, 0x40, 0x80, 0x00, 0x00,
    0x10, 0x89, 0x00, 0x00, 0x18, 0x84, 0x00, 0x01, 0x40, 0x40, 0x9C, 0x00, 0x00, 0x04, 0x97, 0x00, 0x00, 0x02, 0xBD, 0x00, 0x01, 0x02, 0x02, 0x9B,
    0x00, 0x01, 0x08, 0x08, 0x87, 0x00, 0x00, 0x48, 0xBA, 0x00, 0x01, 0x10, 0x10, 0x8A, 0x00, 0x01, 0x10, 0x10, 0x99, 0x00, 0x01, 0x08, 0x02, 0x89,
    0x00, 0x00, 0x01, 0xA6, 0x00, 0x00, 0x80, 0x86, 0x00, 0x01, 0x98, 0x00, 0x00, 0x20, 0x83, 0x00, 0x01, 0x10, 0x10, 0x85, 0x00, 0x00, 0x20, 0xA2,
    0x00, 0x00, 0x10, 0x9D, 0x00, 0x00, 0x01, 0x93, 0x00, 0x00, 0x40, 0x80, 0x00, 0x00, 0x10, 0x81, 0x00, 0x00, 0x10, 0x8A, 0x00, 0x01, 0x08, 0x08,
    0x81, 0x00, 0x03, 0x08, 0x00, 0x00, 0x40, 0xB8, 0x00, 0x00, 0x02, 0xBD, 0x00, 0x00, 0x80, 0x8E, 0x00, 0x02, 0x02, 0x00, 0x01, 0xD0, 0x00, 0x00,
    0x40, 0x9C, 0x00, 0x00, 0x01, 0xB2, 0x00, 0x00, 0x08, 0x88, 0x00, 0x02, 0x10, 0x00, 0x80, 0x89, 0x00, 0x01, 0x98, 0x00, 0x01, 0x20, 0x40, 0x82,
    0x00, 0x00, 0x10, 0x86, 0x00, 0x00, 0x10, 0x9D, 0x00, 0x00, 0x08, 0x80, 0x00, 0x00, 0x08, 0x84, 0x00, 0x02, 0x40, 0x00, 0x40, 0xA8, 0x00, 0x02,
    0x20, 0x00, 0x20, 0x8A, 0x00, 0x00, 0x40, 0x88, 0x00, 0x00, 0x40, 0xAD, 0x00, 0x00, 0x40, 0x8D, 0x00, 0x00, 0x04, 0x82, 0x00, 0x00, 0x10, 0xAA,
    0x00, 0x00, 0x80, 0xAA, 0x00, 0x00, 0x08, 0x81, 0x00, 0x00, 0x10, 0x9F, 0x00, 0x00, 0x80, 0x9E, 0x00, 0x00, 0x10, 0x89, 0x00, 0x02, 0x01, 0x10,
    0x10, 0x8B, 0x00, 0x00, 0x03, 0x97, 0x00, 0x00, 0x01, 0xA3, 0x00, 0x00, 0x20, 0x8B, 0x00, 0x01, 0xCD, 0x00, 0x34, 0x10, 0x00, 0x00, 0x20, 0x30,
    0x38, 0x38, 0x20, 0x08, 0x48, 0x24, 0x60, 0x48, 0x28, 0x20, 0x60, 0x48, 0x88, 0xA8, 0xA8, 0x88, 0x88, 0x2C, 0x26, 0x86, 0x9A, 0xAA, 0xA2, 0xAA,
    0xAA, 0x22, 0x22, 0xA8, 0xA8, 0x22, 0x22, 0xE9, 0x88, 0x22, 0xA2, 0x88, 0x88, 0xA3, 0xA2, 0x89, 0x88, 0x22, 0x22, 0x00, 0x80, 0x80, 0x20, 0x20,
    0x83, 0x00, 0x12, 0x60, 0x60, 0xA0, 0xA0, 0xF0, 0xF0, 0xB0, 0xF0, 0xF0, 0xB0, 0xB0, 0xF0, 0xE0, 0x90, 0x90, 0xB0, 0xA0, 0x80, 0x80, 0x80, 0xA0,
    0x5E, 0x88, 0x08, 0x40, 0xC0, 0x98, 0x58, 0x60, 0xA0, 0xA8, 0xA8, 0x20, 0x20, 0x28, 0x38, 0x48, 0x08, 0x88, 0xA8, 0xA0, 0x88, 0x88, 0x20, 0x20,
    0x88, 0x88, 0x28, 0x28, 0x88, 0x88, 0x28, 0x20, 0x80, 0x80, 0x20, 0x20, 0x80, 0x80, 0x28, 0x28, 0xA8, 0xA8, 0x34, 0x24, 0xAC, 0xA8, 0x20, 0x64,
    0xAC, 0x88, 0xA4, 0xA4, 0x0C, 0x88, 0xA0, 0xA0, 0x88, 0x88, 0x20, 0x20, 0x88, 0x88, 0x24, 0x20, 0x88, 0x88, 0x20, 0x22, 0x8B, 0x8A, 0x22, 0x2A,
    0x88, 0x88, 0x2A, 0x3A, 0x98, 0x88, 0xB2, 0x22, 0x88, 0x88, 0x22, 0x22, 0x88, 0x88, 0x22, 0x22, 0x88, 0x88, 0x22, 0x22, 0x88, 0x88, 0x22, 0x22,
    0xA2, 0x00, 0x05, 0x80, 0x80, 0x03, 0x01, 0x81, 0x80, 0x81, 0x00, 0x80, 0x20, 0x85, 0xA0, 0x09, 0x00, 0x01, 0x80, 0x80, 0x20, 0x20, 0xE0, 0xE0,
    0x60, 0x62, 0x80, 0xA2, 0x01, 0x22, 0x22, 0x81, 0xA2, 0x32, 0xB2, 0x32, 0x22, 0xA2, 0xA8, 0x28, 0x60, 0xC2, 0x8A, 0x2A, 0x22, 0x82, 0x8A, 0x2A,
    0x22, 0x82, 0x93, 0x23, 0x22, 0x82, 0xAA, 0x2E, 0x3E, 0xAC, 0xA8, 0x22, 0x22, 0xE8, 0xA8, 0x22, 0xAA, 0x88, 0x88, 0xE2, 0x22, 0x88, 0x88, 0x22,
    0x22, 0x88, 0x88, 0x22, 0x22, 0x8A, 0x88, 0x22, 0x26, 0x8C, 0x88, 0x22, 0x22, 0xB9, 0x00, 0x00, 0x01, 0x80, 0x00, 0x85, 0x02, 0x01, 0x03, 0x03,
    0x83, 0x02, 0x81, 0x00, 0x2B, 0x01, 0x00, 0x00, 0x02, 0x02, 0x00, 0x02, 0x02, 0x00, 0x00, 0x02, 0x06, 0x04, 0x00, 0x02, 0x02, 0x00, 0x00, 0x0A,
    0x0A, 0x08, 0x08, 0x0A, 0x0A, 0x08, 0x08, 0x02, 0x02, 0x18, 0x18, 0x62, 0x22, 0x89, 0x89, 0xA2, 0x22, 0x89, 0x88, 0x20, 0x22, 0x8E, 0x88, 0x22,
    0x22, 0x01, 0xA0, 0x00, 0x00, 0x10, 0x85, 0x00, 0x00, 0x10, 0x9A, 0x00, 0x00, 0x80, 0x87, 0x00, 0x05, 0x10, 0x00, 0x08, 0x00, 0x60, 0x40, 0x80,
    0x00, 0x00, 0x40, 0x86, 0x00, 0x03, 0x02, 0x00, 0x02, 0x80, 0x8B, 0x00, 0x00, 0x80, 0x8F, 0x00, 0x01, 0x40, 0x40, 0x81, 0x00, 0x01, 0x40, 0x80,
    0x81, 0x00, 0x01, 0x01, 0x01, 0x84, 0x00, 0x04, 0x08, 0x00, 0x00, 0x10, 0x08, 0x80, 0x00, 0x00, 0x08, 0x82, 0x00, 0x00, 0x40, 0x88, 0x00, 0x00,
    0x08, 0x8A, 0x00, 0x00, 0x20, 0x83, 0x00, 0x00, 0x04, 0x96, 0x00, 0x00, 0x10, 0xB8, 0x00, 0x00, 0x01, 0x8D, 0x00, 0x00, 0x01, 0x94, 0x00, 0x06,
    0x40, 0x00, 0x42, 0x80, 0x00, 0x00, 0x01, 0x82, 0x00, 0x02, 0x01, 0x00, 0x08, 0x86, 0x00, 0x00, 0x40, 0x82, 0x00, 0x00, 0x80, 0xBD, 0x00, 0x01,
    0x01, 0x01, 0x8C, 0x00, 0x00, 0x02, 0x89, 0x00, 0x00, 0x01, 0xA1, 0x00, 0x00, 0x10, 0x8A, 0x00, 0x01, 0x99, 0x00, 0x01, 0x40, 0x40, 0xC0, 0x00,
    0x00, 0x40, 0x82, 0x00, 0x01, 0x80, 0x08, 0x82, 0x00, 0x00, 0x20, 0x8C, 0x00, 0x00, 0x01, 0x80, 0x00, 0x00, 0xA0, 0x85, 0x00, 0x00, 0x40, 0x90,
    0x00, 0x00, 0x80, 0x82, 0x00, 0x00, 0x40, 0x83, 0x00, 0x04, 0x10, 0x00, 0x00, 0x20, 0x10, 0x9A, 0x00, 0x00, 0x04, 0x94, 0x00, 0x00, 0x01, 0x8E,
    0x00, 0x03, 0x40, 0x00, 0x00, 0x20, 0xB2, 0x00, 0x01, 0x80, 0x40, 0x86, 0x00, 0x00, 0x40, 0x82, 0x00, 0x00, 0x40, 0x81, 0x00, 0x00, 0x40, 0x8D,
    0x00, 0x0B, 0x01, 0x00, 0x01, 0x04, 0x00, 0x00, 0x02, 0x00, 0x02, 0x00, 0x00, 0x04, 0x82, 0x00, 0x00, 0x60, 0x81, 0x00, 0x00, 0x40, 0xAD, 0x00,
    0x01, 0x10, 0x10, 0xA5, 0x00, 0x00, 0x01, 0x82, 0x00, 0x04, 0x01, 0x00, 0x01, 0x00, 0x01, 0x88, 0x00, 0x00, 0x04, 0x83, 0x00, 0x00, 0x08, 0x85,
    0x00, 0x08, 0x08, 0x00, 0x10, 0x00, 0x00, 0x81, 0x00, 0x00, 0x01, 0x82, 0x00, 0x02, 0x04, 0x00, 0x00, 0x01, 0xA0, 0x00, 0x01, 0x10, 0x10, 0x84,
    0x00, 0x00, 0x10, 0xA4, 0x00, 0x04, 0x20, 0x00, 0x00, 0x10, 0x10, 0x81, 0x00, 0x00, 0x40, 0x81, 0x00, 0x00, 0x40, 0x86, 0x00, 0x00, 0x02, 0x80,
    0x00, 0x00, 0x20, 0x87, 0x00, 0x01, 0x01, 0x80, 0x8C, 0x00, 0x04, 0x20, 0x00, 0x00, 0x10, 0x80, 0x82, 0x00, 0x04, 0x80, 0x00, 0x80, 0x00, 0x01,
    0x88, 0x00, 0x04, 0x20, 0x40, 0x00, 0x00, 0x10, 0x81, 0x00, 0x00, 0x10, 0x8B, 0x00, 0x00, 0x08, 0x80, 0x00, 0x01, 0x08, 0x10, 0x81, 0x00, 0x05,
    0x20, 0x00, 0x00, 0x04, 0x00, 0x04, 0x81, 0x00, 0x00, 0x04, 0x80, 0x00, 0x00, 0x80, 0x89, 0x00, 0x02, 0x08, 0x00, 0x01, 0x81, 0x00, 0x07, 0x10,
    0x00, 0x00, 0x20, 0x00, 0x10, 0x00, 0x20, 0x86, 0x00, 0x00, 0x80, 0xAB, 0x00, 0x00, 0x80, 0x82, 0x00, 0x00, 0x20, 0x84, 0x00, 0x04, 0x01, 0x01,
    0x00, 0x00, 0x01, 0x84, 0x00, 0x06, 0x04, 0x44, 0x00, 0x00, 0x20, 0x00, 0x20, 0x83, 0x00, 0x06, 0x40, 0x00, 0x40, 0x01, 0x00, 0x08, 0x81, 0x81,
    0x00, 0x00, 0x08, 0x80, 0x00, 0x00, 0x08, 0x81, 0x00, 0x02, 0x04, 0x04, 0x08, 0x80, 0x00, 0x03, 0xC0, 0x00, 0x00, 0x80, 0x87, 0x00, 0x00, 0x08,
    0xA1, 0x00, 0x02, 0x01, 0x01, 0x10, 0x8B, 0x00, 0x01, 0x02, 0x03, 0xA5, 0x00, 0x00, 0x02, 0x84, 0x00, 0x01, 0x06, 0x04, 0x82, 0x00, 0x00, 0x08,
    0x86, 0x00, 0x08, 0x20, 0x00, 0x00, 0x20, 0x00, 0x00, 0x01, 0x00, 0x04, 0x80, 0x00, 0x01, 0x04, 0x00, 0x01, 0x9A, 0x00, 0x01, 0x40, 0x40, 0x82,
    0x00, 0x00, 0x30, 0x84, 0x00, 0x01, 0x10, 0x20, 0xA5, 0x00, 0x2A, 0x28, 0x08, 0x30, 0x28, 0x28, 0x60, 0x60, 0x28, 0x28, 0x60, 0x28, 0x08, 0x88,
    0xA8, 0xA8, 0x88, 0x88, 0xA8, 0x0C, 0x98, 0x88, 0x28, 0x28, 0xAC, 0x8A, 0x02, 0x02, 0xA8, 0xA8, 0x22, 0x62, 0x89, 0x88, 0xA2, 0xA2, 0x09, 0x09,
    0x22, 0x20, 0x89, 0x89, 0x22, 0x00, 0x82, 0x20, 0x85, 0x00, 0x04, 0xA0, 0xE0, 0x30, 0x30, 0xB0, 0x80, 0x30, 0x69, 0x10, 0x70, 0x20, 0x10, 0x80,
    0xA0, 0xA0, 0x80, 0xA0, 0x20, 0x20, 0x80, 0x80, 0x48, 0x40, 0x80, 0xB0, 0x30, 0xA0, 0xA0, 0xB0, 0xB0, 0x30, 0x30, 0x28, 0x68, 0x48, 0x18, 0xA8,
    0xA0, 0xA0, 0x88, 0x88, 0x20, 0x20, 0x88, 0x88, 0x28, 0x20, 0x80, 0x80, 0x20, 0x20, 0x80, 0x88, 0x38, 0x20, 0x80, 0xA8, 0x28, 0x08, 0x88, 0x88,
    0x00, 0x20, 0xE8, 0xA8, 0x64, 0x24, 0x8C, 0x88, 0x20, 0x64, 0x48, 0x08, 0xA0, 0xA0, 0x88, 0x88, 0x20, 0x20, 0x88, 0x88, 0x20, 0x20, 0x88, 0x88,
    0x28, 0x28, 0x8A, 0x89, 0x2B, 0x2A, 0x88, 0x98, 0x2B, 0x2A, 0xA8, 0xA8, 0x22, 0x22, 0xA8, 0xA8, 0x22, 0x22, 0x88, 0x88, 0x22, 0x62, 0xC8, 0x88,
    0x82, 0x82, 0x89, 0x88, 0x22, 0xA3, 0x00, 0x01, 0x80, 0x80, 0x80, 0x01, 0x83, 0x00, 0x01, 0x20, 0x20, 0x82, 0xA0, 0x47, 0x20, 0xA1, 0x80, 0x01,
    0x41, 0xE0, 0xA0, 0x20, 0x60, 0xA0, 0xA0, 0x20, 0xE2, 0xE0, 0xE2, 0xC0, 0x42, 0xC2, 0x82, 0x82, 0x22, 0xF2, 0xB2, 0x22, 0x62, 0xA2, 0xAA, 0xA2,
    0xA3, 0xC2, 0x82, 0xAA, 0xA2, 0x83, 0x8B, 0x2F, 0x2F, 0x8B, 0x99, 0x28, 0x28, 0xA8, 0xBA, 0x3A, 0x2A, 0xA8, 0x88, 0x2A, 0x22, 0x88, 0xC8, 0x2A,
    0xEA, 0x98, 0x88, 0xB2, 0xA2, 0x88, 0x88, 0x22, 0x22, 0x88, 0x88, 0x22, 0x22, 0x82, 0x88, 0x22, 0x26, 0x88, 0x88, 0x22, 0x9C, 0x00, 0x02, 0x01,
    0x00, 0x08, 0x8C, 0x00, 0x00, 0x01, 0x88, 0x00, 0x00, 0x01, 0x81, 0x00, 0x82, 0x02, 0x00, 0x03, 0x81, 0x02, 0x81, 0x03, 0x01, 0x01, 0x00, 0x81,
    0x01, 0x00, 0x00, 0x80, 0x02, 0x03, 0x00, 0x02, 0x02, 0x00, 0x82, 0x02, 0x1C, 0x06, 0x02, 0x00, 0x00, 0x02, 0x02, 0x00, 0x08, 0x0A, 0x0A, 0x08,
    0x08, 0x0A, 0x0A, 0x08, 0x08, 0x72, 0x22, 0xA8, 0x8B, 0x22, 0x20, 0x88, 0x88, 0x24, 0x22, 0x88, 0x88, 0x22, 0x01, 0xA1, 0x00, 0x01, 0x20, 0x20,
    0x84, 0x00, 0x01, 0x20, 0x20, 0x98, 0x00, 0x01, 0x80, 0x80, 0x89, 0x00, 0x00, 0x18, 0x80, 0x00, 0x00, 0x40, 0x83, 0x00, 0x00, 0x80, 0x81, 0x00,
    0x02, 0x20, 0x10, 0x10, 0x80, 0x00, 0x01, 0x04, 0x04, 0x83, 0x00, 0x02, 0x40, 0x00, 0x40, 0x80, 0x00, 0x00, 0x02, 0xA1, 0x00, 0x0B, 0x20, 0x00,
    0x08, 0x08, 0x20, 0x10, 0x00, 0x40, 0x10, 0x00, 0x00, 0x40, 0x80, 0x00, 0x01, 0x20, 0x40, 0x87, 0x00, 0x00, 0x80, 0x85, 0x00, 0x00, 0x08, 0x82,
    0x00, 0x05, 0x10, 0x00, 0x00, 0x40, 0x00, 0x40, 0x8A, 0x00, 0x00, 0x04, 0x82, 0x00, 0x05, 0x02, 0x00, 0x03, 0x00, 0x00, 0x01, 0x8E, 0x00, 0x04,
    0x01, 0x21, 0x00, 0x00, 0x01, 0xA5, 0x00, 0x80, 0x01, 0x83, 0x00, 0x01, 0xA0, 0x80, 0x86, 0x00, 0x01, 0x01, 0x01, 0x83, 0x00, 0x0B, 0x80, 0x40,
    0x00, 0x40, 0x00, 0x02, 0x00, 0x42, 0x00, 0x20, 0x00, 0x40, 0x82, 0x00, 0x0E, 0x81, 0x01, 0x00, 0x00, 0x08, 0x01, 0x00, 0x00, 0x01, 0x00, 0x00,
    0x10, 0x00, 0x00, 0x10, 0x80, 0x00, 0x01, 0x04, 0x08, 0x81, 0x00, 0x01, 0x40, 0x10, 0xAF, 0x00, 0x01, 0x08, 0x08, 0x8A, 0x00, 0x01, 0x02, 0x03,
    0x98, 0x00, 0x04, 0x01, 0x00, 0x01, 0x00, 0x02, 0x80, 0x00, 0x05, 0x02, 0x00, 0x01, 0x00, 0x00, 0x02, 0x87, 0x00, 0x00, 0x04, 0x84, 0x00, 0x00,
    0x08, 0x82, 0x00, 0x08, 0x20, 0x00, 0x00, 0x22, 0x00, 0x00, 0x02, 0x00, 0x02, 0x81, 0x00, 0x01, 0x9B, 0x00, 0x00, 0x40, 0x83, 0x00, 0x01, 0x20,
    0x20, 0x84, 0x00, 0x00, 0x20, 0xA4, 0x00, 0x80, 0x08, 0x27, 0x20, 0x28, 0x28, 0x20, 0x20, 0x28, 0x08, 0x28, 0x28, 0x08, 0x08, 0x28, 0xA8, 0x88,
    0x88, 0x28, 0x00, 0x8C, 0x98, 0x2C, 0x24, 0xA8, 0x9A, 0x06, 0x22, 0xE8, 0xA8, 0x22, 0x62, 0xC9, 0xC8, 0xA2, 0x63, 0x09, 0x09, 0x22, 0xA3, 0x88,
    0x88, 0x00, 0x81, 0x20, 0x00, 0x60, 0x86, 0x00, 0x00, 0xA0, 0x82, 0x30, 0x0F, 0x20, 0x10, 0x00, 0x20, 0x20, 0x00, 0x80, 0xA0, 0xA1, 0xA0, 0xA0,
    0x20, 0x20, 0xE0, 0x80, 0x48, 0x80, 0xA0, 0x57, 0xF0, 0xE0, 0xB0, 0xE0, 0xF0, 0x60, 0x20, 0x28, 0x68, 0x68, 0xF8, 0xA8, 0xA0, 0x20, 0x88, 0x88,
    0x20, 0x20, 0x88, 0x88, 0xA8, 0xA0, 0x80, 0x80, 0x28, 0x20, 0x88, 0x98, 0x28, 0x28, 0xA8, 0xA8, 0x08, 0x08, 0x88, 0x98, 0x60, 0x60, 0xA8, 0x8C,
    0x60, 0xE4, 0x88, 0x08, 0x60, 0x60, 0x08, 0x88, 0xA0, 0x20, 0x88, 0x88, 0x20, 0x20, 0x8C, 0x88, 0x20, 0x20, 0x88, 0x88, 0x2A, 0x28, 0x8E, 0x88,
    0x2B, 0x2B, 0x89, 0x99, 0x2B, 0x22, 0xA8, 0xA8, 0x12, 0x22, 0xA8, 0xA8, 0x22, 0x22, 0xC8, 0x88, 0x62, 0xE2, 0x48, 0x89, 0xA2, 0xA2, 0x89, 0x89,
    0xA4, 0x00, 0x01, 0x80, 0x80, 0x85, 0x00, 0x02, 0x80, 0x80, 0xE0, 0x81, 0xA0, 0x47, 0x20, 0x20, 0xE1, 0x80, 0x60, 0x60, 0xE1, 0xA0, 0x21, 0x20,
    0xA0, 0xA0, 0x20, 0x24, 0xA4, 0x80, 0x80, 0xC0, 0xC0, 0x80, 0x42, 0x42, 0xF2, 0xA2, 0x62, 0xA2, 0xA2, 0x82, 0xA3, 0x62, 0x42, 0x8A, 0xAA, 0xAA,
    0x8A, 0x8A, 0x2F, 0x2E, 0x88, 0x98, 0x28, 0x38, 0xA8, 0xAA, 0x2A, 0x2A, 0x88, 0x88, 0x2A, 0x22, 0x88, 0x88, 0xBA, 0xAA, 0x88, 0xA8, 0xB2, 0x22,
    0x88, 0x88, 0x22, 0x22, 0x88, 0x88, 0x22, 0x22, 0x88, 0x88, 0x22, 0x22, 0x88, 0x88, 0x9F, 0x00, 0x00, 0x08, 0x8B, 0x00, 0x00, 0x02, 0x88, 0x00,
    0x01, 0x01, 0x01, 0x81, 0x00, 0x81, 0x02, 0x00, 0x03, 0x80, 0x02, 0x01, 0x03, 0x03, 0x83, 0x02, 0x04, 0x01, 0x03, 0x02, 0x03, 0x02, 0x80, 0x03,
    0x86, 0x02, 0x1B, 0x06, 0x02, 0x04, 0x00, 0x02, 0x02, 0x00, 0x08, 0x0A, 0x02, 0x00, 0x08, 0x0A, 0x02, 0x08, 0x08, 0x72, 0xA2, 0xA8, 0xAA, 0x22,
    0x22, 0x8A, 0x8A, 0x22, 0x22, 0x88, 0x88, 0x01, 0xC8, 0x00, 0x01, 0x80, 0x80, 0x86, 0x00, 0x04, 0x08, 0x00, 0x00, 0x08, 0x20, 0x88, 0x00, 0x00,
    0x80, 0x82, 0x00, 0x0A, 0x10, 0x14, 0x10, 0x00, 0x20, 0x0C, 0x04, 0x20, 0x00, 0x00, 0x40, 0x80, 0x00, 0x02, 0x01, 0x00, 0x80, 0x97, 0x00, 0x00,
    0x20, 0x82, 0x00, 0x02, 0x01, 0x01, 0x10, 0x81, 0x00, 0x00, 0x20, 0x84, 0x00, 0x00, 0x40, 0x80, 0x00, 0x00, 0xA0, 0x81, 0x00, 0x05, 0x80, 0x40,
    0x00, 0x00, 0x88, 0x40, 0x87, 0x00, 0x0F, 0x10, 0x00, 0x10, 0x20, 0x00, 0x40, 0x00, 0x00, 0x08, 0x00, 0x40, 0x40, 0x00, 0x00, 0x40, 0x40, 0x81,
    0x00, 0x00, 0x80, 0x88, 0x00, 0x0A, 0x02, 0x00, 0x02, 0x00, 0x01, 0x00, 0x00, 0x01, 0x00, 0x00, 0x02, 0x85, 0x00, 0x07, 0x40, 0x00, 0x40, 0x00,
    0x80, 0x00, 0x00, 0x01, 0xA5, 0x00, 0x02, 0x80, 0x01, 0x01, 0x84, 0x00, 0x10, 0x80, 0x80, 0x60, 0x00, 0x40, 0x00, 0x00, 0x80, 0x01, 0x01, 0x00,
    0x80, 0x00, 0x01, 0x00, 0x00, 0x01, 0x80, 0x00, 0x07, 0x04, 0x04, 0x00, 0x80, 0x00, 0x00, 0x02, 0x40, 0x83, 0x00, 0x03, 0x80, 0x00, 0x01, 0x01,
    0x81, 0x00, 0x01, 0x02, 0x08, 0x82, 0x00, 0x06, 0x20, 0x00, 0x00, 0x08, 0x00, 0x00, 0x08, 0x80, 0x00, 0x00, 0x80, 0x82, 0x00, 0x00, 0x20, 0x85,
    0x00, 0x02, 0x01, 0x00, 0x01, 0xBB, 0x00, 0x00, 0x01, 0x83, 0x00, 0x00, 0x02, 0x80, 0x00, 0x04, 0x02, 0x00, 0x02, 0x00, 0x02, 0x8C, 0x00, 0x00,
    0x01, 0x87, 0x00, 0x00, 0x04, 0x81, 0x00, 0x00, 0x08, 0x84, 0x00, 0x03, 0x20, 0x00, 0x00, 0x02, 0x85, 0x00, 0x01, 0x9E, 0x00, 0x00, 0x40, 0x81,
    0x00, 0x01, 0x20, 0x20, 0x85, 0x00, 0x00, 0x20, 0x98, 0x00, 0x01, 0x80, 0x80, 0x86, 0x00, 0x2A, 0x08, 0x08, 0x18, 0x08, 0x28, 0x28, 0x20, 0x20,
    0x08, 0x08, 0x28, 0x28, 0x48, 0x08, 0x28, 0x2C, 0x8C, 0x88, 0x00, 0x04, 0x8C, 0x88, 0x20, 0x28, 0xA8, 0xAA, 0x2A, 0x6E, 0xC8, 0x88, 0x22, 0x22,
    0x89, 0x88, 0xA2, 0x22, 0x88, 0x89, 0xA2, 0x22, 0x88, 0x00, 0x00, 0x80, 0x20, 0x01, 0x40, 0x40, 0x86, 0x00, 0x00, 0x20, 0x81, 0x30, 0x01, 0x20,
    0x60, 0x81, 0x20, 0x07, 0x00, 0xB0, 0xA0, 0xB1, 0xB1, 0xB0, 0x20, 0x70, 0x80, 0xA0, 0x59, 0xE0, 0xB0, 0xE0, 0xA0, 0xE0, 0xA0, 0xA0, 0xA8, 0x60,
    0x98, 0x88, 0xC8, 0xA8, 0xE8, 0xE8, 0xE0, 0xE0, 0xC8, 0x88, 0xA8, 0xE8, 0x88, 0x88, 0xA8, 0xA0, 0x80, 0x88, 0x28, 0x28, 0x88, 0x98, 0x28, 0x38,
    0xA8, 0xB8, 0x28, 0x58, 0xE0, 0xA8, 0x68, 0x68, 0xCC, 0x88, 0xA0, 0xE0, 0x88, 0x08, 0xA0, 0x20, 0x08, 0xA8, 0xA0, 0x20, 0x88, 0x88, 0x20, 0x24,
    0x88, 0x88, 0x20, 0x20, 0x8A, 0x8A, 0x2A, 0x2E, 0x8A, 0x8A, 0x2A, 0x22, 0x88, 0x9A, 0x22, 0x22, 0x8A, 0x98, 0x02, 0x22, 0xE8, 0x88, 0x22, 0x62,
    0x88, 0x88, 0xA2, 0x22, 0x08, 0x09, 0xA2, 0xA2, 0x88, 0xA0, 0x00, 0x00, 0x80, 0x83, 0x00, 0x00, 0x01, 0x86, 0x00, 0x08, 0x80, 0xC0, 0xE0, 0xE0,
    0xA0, 0xA0, 0xE0, 0xE1, 0xA2, 0x80, 0xE0, 0x0E, 0xA0, 0x21, 0x20, 0xA1, 0xA0, 0x20, 0x20, 0xA0, 0x80, 0x00, 0x40, 0x80, 0x80, 0x00, 0x32, 0x81,
    0xA2, 0x2C, 0x02, 0x03, 0x6A, 0x62, 0x03, 0x8B, 0xA8, 0xAA, 0x88, 0x89, 0x24, 0x20, 0x88, 0x88, 0x28, 0x28, 0x82, 0x8A, 0x22, 0x02, 0x80, 0x88,
    0x2A, 0x22, 0x98, 0x88, 0x2A, 0x22, 0xA8, 0xA8, 0x12, 0x22, 0xA8, 0xA8, 0x22, 0x22, 0x88, 0x88, 0x22, 0x22, 0x88, 0x89, 0x23, 0xA2, 0x89, 0xA2,
    0x00, 0x00, 0x08, 0x8A, 0x00, 0x00, 0x02, 0x88, 0x00, 0x02, 0x01, 0x00, 0x01, 0x81, 0x00, 0x03, 0x02, 0x01, 0x01, 0x00, 0x80, 0x01, 0x00, 0x00,
    0x83, 0x02, 0x00, 0x03, 0x83, 0x02, 0x80, 0x03, 0x80, 0x02, 0x00, 0x00, 0x82, 0x02, 0x18, 0x00, 0x04, 0x02, 0x02, 0x00, 0x00, 0x02, 0x02, 0x08,
    0x08, 0x02, 0x02, 0x08, 0x18, 0xE2, 0xA2, 0xA8, 0x88, 0x22, 0x26, 0x8A, 0x88, 0x22, 0x26, 0x88, 0x01, 0x9E, 0x00, 0x01, 0x40, 0x40, 0x81, 0x00,
    0x00, 0x20, 0x85, 0x00, 0x01, 0x20, 0x20, 0x98, 0x00, 0x00, 0x80, 0x86, 0x00, 0x00, 0x08, 0x80, 0x00, 0x03, 0x20, 0x00, 0x00, 0x08, 0x85, 0x00,
    0x02, 0x80, 0x04, 0x04, 0x82, 0x00, 0x04, 0x02, 0x00, 0x00, 0x04, 0x0C, 0x83, 0x00, 0x02, 0x80, 0x00, 0x20, 0x83, 0x00, 0x00, 0x20, 0x8B, 0x00,
    0x02, 0x10, 0x00, 0x10, 0x80, 0x00, 0x00, 0x40, 0x83, 0x00, 0x03, 0x11, 0x01, 0x10, 0x80, 0x81, 0x00, 0x01, 0x10, 0x10, 0x83, 0x00, 0x0C, 0x10,
    0x40, 0x00, 0x00, 0x20, 0x20, 0x00, 0x48, 0x00, 0x40, 0x00, 0x00, 0x80, 0x80, 0x00, 0x00, 0x08, 0x83, 0x00, 0x03, 0x08, 0x00, 0x00, 0x10, 0x80,
    0x00, 0x00, 0x08, 0x84, 0x00, 0x02, 0x10, 0x00, 0x80, 0x84, 0x00, 0x03, 0x06, 0x04, 0x02, 0x04, 0x85, 0x00, 0x04, 0x01, 0x00, 0x10, 0x10, 0x30,
    0x81, 0x00, 0x01, 0x40, 0x40, 0xAA, 0x00, 0x00, 0x80, 0x86, 0x00, 0x00, 0x02, 0x82, 0x00, 0x0A, 0x80, 0x80, 0x00, 0x80, 0x00, 0x40, 0x40, 0x00,
    0x00, 0x02, 0x02, 0x81, 0x00, 0x06, 0x80, 0x00, 0x00, 0x01, 0x00, 0x04, 0x04, 0x82, 0x00, 0x09, 0x10, 0x10, 0x00, 0x00, 0x40, 0x00, 0x40, 0x40,
    0x00, 0x18, 0x84, 0x00, 0x02, 0x02, 0x00, 0x02, 0x81, 0x00, 0x00, 0x20, 0x80, 0x00, 0x00, 0x08, 0x85, 0x00, 0x00, 0x60, 0x83, 0x00, 0x00, 0x80,
    0x9A, 0x00, 0x00, 0x08, 0x89, 0x00, 0x01, 0x08, 0x08, 0x89, 0x00, 0x01, 0x02, 0x02, 0x88, 0x00, 0x07, 0x01, 0x00, 0x01, 0x01, 0x00, 0x01, 0x00,
    0x01, 0x80, 0x00, 0x00, 0x01, 0x8D, 0x00, 0x03, 0x01, 0x02, 0x00, 0x02, 0x8C, 0x00, 0x00, 0x08, 0x81, 0x00, 0x03, 0x10, 0x20, 0x00, 0x40, 0x80,
    0x00, 0x80, 0x04, 0x01, 0x00, 0x01, 0x00, 0xA0, 0x00, 0x00, 0x40, 0x8B, 0x00, 0x00, 0x20, 0xA4, 0x00, 0x0F, 0x08, 0x10, 0x18, 0x10, 0x38, 0x10,
    0x38, 0x30, 0x38, 0x14, 0x38, 0x70, 0x78, 0x5C, 0xF8, 0x70, 0x80, 0xF8, 0x13, 0x70, 0xF8, 0xD0, 0xF2, 0x70, 0xF2, 0xD4, 0xF6, 0x76, 0xEE, 0xDC,
    0xFF, 0x77, 0xFF, 0xDD, 0xFF, 0x57, 0xFF, 0xDD, 0x20, 0x8E, 0x00, 0x6D, 0x20, 0x00, 0x20, 0x00, 0x20, 0x40, 0x20, 0x00, 0x20, 0x40, 0x20, 0x50,
    0xF0, 0x50, 0xF0, 0x71, 0xF0, 0x50, 0xA0, 0x40, 0xA0, 0x40, 0xA0, 0x50, 0xE0, 0x40, 0xE0, 0x40, 0xE8, 0x40, 0x88, 0x40, 0x88, 0x10, 0x98, 0x30,
    0xB8, 0x10, 0x38, 0x70, 0xF8, 0x50, 0x78, 0x70, 0xF8, 0x50, 0xF8, 0x70, 0xF8, 0xD8, 0xF8, 0x70, 0xF8, 0xD0, 0xF8, 0x70, 0xF8, 0xD0, 0xB0, 0x70,
    0xE0, 0xD4, 0xEC, 0x74, 0xEC, 0xDC, 0xEC, 0x54, 0xEC, 0x5C, 0xBC, 0x54, 0xFC, 0xDC, 0xFE, 0x74, 0xFE, 0xDC, 0xFE, 0x74, 0xFE, 0xDC, 0xFA, 0x74,
    0xFC, 0xD4, 0xFE, 0x74, 0xFE, 0xDD, 0xFF, 0x75, 0xFF, 0xDD, 0xFB, 0x53, 0xBF, 0xDD, 0xBF, 0x77, 0xFF, 0xDD, 0xFF, 0x77, 0xFF, 0x5D, 0xFF, 0x77,
    0xFF, 0xDD, 0xAB, 0x00, 0x00, 0x02, 0x84, 0x00, 0x13, 0x80, 0x00, 0xA0, 0x00, 0xA0, 0x40, 0xA0, 0x60, 0xE2, 0x40, 0xE0, 0x40, 0xE0, 0xC0, 0xE0,
    0x41, 0xE1, 0xC1, 0xE1, 0x45, 0x80, 0x81, 0x32, 0x01, 0x81, 0x11, 0xA3, 0x31, 0xBB, 0x51, 0x3B, 0x71, 0x6A, 0x50, 0x68, 0x71, 0xF8, 0xD8, 0xF9,
    0x71, 0xFB, 0xD9, 0xFB, 0x71, 0xFB, 0xD1, 0xF3, 0x71, 0xF3, 0xD1, 0xF3, 0x77, 0xEF, 0xD5, 0xEF, 0x67, 0xEF, 0xCD, 0xCF, 0x57, 0x9F, 0xDD, 0xBF,
    0x17, 0xBF, 0xDD, 0xFF, 0x77, 0xFF, 0x5D, 0x7E, 0x76, 0xFE, 0x5C, 0x97, 0x00, 0x00, 0x08, 0x8A, 0x00, 0x00, 0x08, 0x89, 0x00, 0x00, 0x03, 0x8C,
    0x00, 0x01, 0x01, 0x00, 0x86, 0x01, 0x08, 0x03, 0x01, 0x03, 0x01, 0x03, 0x01, 0x02, 0x00, 0x02, 0x81, 0x00, 0x82, 0x01, 0x09, 0x03, 0x01, 0x03,
    0x01, 0x03, 0x01, 0x03, 0x03, 0x07, 0x05, 0x80, 0x07, 0x10, 0x05, 0x0F, 0x07, 0x0F, 0x0D, 0x0F, 0x17, 0xBF, 0x5D, 0xBF, 0x77, 0xFF, 0xDD, 0xFF,
    0x77, 0xFE, 0xDC, 0x00, 0xB1, 0x00, 0x00, 0x20, 0x97, 0x00, 0x00, 0x80, 0x88, 0x00, 0x24, 0x08, 0x00, 0x28, 0x10, 0x38, 0x10, 0x38, 0x10, 0x38,
    0x1C, 0x38, 0x10, 0x78, 0x58, 0xF8, 0x70, 0xF8, 0xD8, 0xF8, 0x70, 0xFA, 0xD0, 0xF2, 0x70, 0xE2, 0xC4, 0xE6, 0x66, 0xEE, 0xDD, 0xFF, 0x77, 0xFF,
    0xDD, 0xFF, 0x57, 0xBF, 0x8E, 0x00, 0x6E, 0x20, 0x00, 0x20, 0x00, 0x20, 0x00, 0x20, 0x00, 0x20, 0x00, 0x20, 0x50, 0x30, 0x10, 0xB0, 0x50, 0xB0,
    0x72, 0xF0, 0x50, 0x20, 0x60, 0xE0, 0x40, 0xE0, 0x50, 0xE0, 0x40, 0xE8, 0x40, 0xC8, 0x40, 0x88, 0x50, 0x98, 0x10, 0x38, 0x30, 0x38, 0x10, 0x38,
    0x70, 0x78, 0x58, 0x78, 0x78, 0xF8, 0x58, 0xF8, 0x70, 0xF8, 0xD8, 0xF8, 0x70, 0xF8, 0xD0, 0xF8, 0x70, 0xF0, 0xD0, 0xE0, 0x60, 0xE0, 0xC4, 0xEC,
    0x64, 0xEC, 0xDC, 0xFC, 0x54, 0xDC, 0xDC, 0x9C, 0x94, 0xBE, 0xDC, 0xBE, 0x74, 0xFE, 0xDC, 0xFE, 0x74, 0xFE, 0x5C, 0xFE, 0x74, 0xFC, 0xDC, 0xFC,
    0x74, 0xFE, 0xDD, 0xFF, 0x75, 0xFB, 0xDD, 0xFB, 0x53, 0xBF, 0xD5, 0xBF, 0x77, 0xFF, 0xDD, 0xFF, 0x77, 0xFF, 0xDD, 0xFF, 0x77, 0xFF, 0xA5, 0x00,
    0x00, 0x80, 0x84, 0x00, 0x00, 0x02, 0x83, 0x00, 0x13, 0xA0, 0x00, 0xA0, 0x00, 0xA0, 0x40, 0x20, 0x60, 0xE0, 0x42, 0xE0, 0x40, 0xE0, 0xC0, 0xE0,
    0x41, 0xE1, 0xC1, 0xE5, 0x41, 0x80, 0x81, 0x31, 0x01, 0xA1, 0x01, 0xA3, 0x71, 0xEB, 0x51, 0xEB, 0x71, 0xEA, 0x50, 0xF8, 0x50, 0xF8, 0xD9, 0xF9,
    0x71, 0xFB, 0xD9, 0xFB, 0x71, 0xFB, 0xD1, 0xF2, 0x71, 0xE2, 0xD5, 0xEB, 0x77, 0xEF, 0xDD, 0xEF, 0x57, 0xEF, 0xDD, 0xDF, 0x17, 0x9F, 0x9D, 0xBF,
    0x37, 0xBF, 0xDD, 0xFF, 0x77, 0xFF, 0x5D, 0x7E, 0x76, 0xFE, 0x98, 0x00, 0x00, 0x08, 0x97, 0x00, 0x00, 0x03, 0x8C, 0x00, 0x01, 0x01, 0x00, 0x86,
    0x01, 0x06, 0x03, 0x01, 0x03, 0x01, 0x02, 0x00, 0x02, 0x83, 0x00, 0x80, 0x01, 0x1E, 0x03, 0x01, 0x03, 0x01, 0x03, 0x01, 0x03, 0x01, 0x03, 0x07,
    0x07, 0x05, 0x07, 0x07, 0x0F, 0x05, 0x0F, 0x07, 0x0F, 0x0D, 0x0F, 0x17, 0xBF, 0x5D, 0xBF, 0x77, 0xFF, 0x5D, 0xFE, 0x76, 0xFE, 0x01, 0xB1, 0x00,
    0x01, 0x20, 0x40, 0x96, 0x00, 0x02, 0x80, 0x00, 0x80, 0x86, 0x00, 0x08, 0x08, 0x00, 0x28, 0x10, 0x10, 0x00, 0x10, 0x00, 0x10, 0x80, 0x00, 0x05,
    0x40, 0x00, 0xC0, 0x00, 0x00, 0xA0, 0x83, 0x00, 0x00, 0x04, 0x81, 0x00, 0x02, 0x10, 0x00, 0x20, 0x93, 0x00, 0x00, 0x20, 0x85, 0x00, 0x11, 0x10,
    0x20, 0x40, 0x00, 0x00, 0x80, 0x00, 0x80, 0x02, 0x80, 0x02, 0x40, 0x00, 0x80, 0x00, 0x80, 0x10, 0x10, 0x81, 0x00, 0x08, 0x10, 0x00, 0x40, 0x10,
    0x40, 0x00, 0x20, 0x00, 0x20, 0x80, 0x00, 0x02, 0x04, 0x00, 0x08, 0x82, 0x00, 0x00, 0x20, 0x8A, 0x00, 0x03, 0x20, 0x00, 0x00, 0x02, 0x80, 0x00,
    0x07, 0x02, 0x80, 0x00, 0x40, 0x00, 0x40, 0x00, 0x80, 0x87, 0x00, 0x03, 0x02, 0x00, 0x04, 0x02, 0x80, 0x00, 0x03, 0x20, 0x48, 0x00, 0x48, 0x85,
    0x00, 0x00, 0x20, 0xA6, 0x00, 0x01, 0x80, 0x80, 0x82, 0x00, 0x02, 0x80, 0x02, 0x02, 0x82, 0x00, 0x0A, 0x80, 0x00, 0x80, 0xB0, 0x80, 0x00, 0x40,
    0x00, 0x00, 0x02, 0x02, 0x81, 0x00, 0x0C, 0x01, 0x01, 0x10, 0x04, 0x14, 0x20, 0x40, 0x20, 0x00, 0x00, 0x40, 0x02, 0x30, 0x80, 0x00, 0x1D, 0x20,
    0x02, 0x09, 0x40, 0x01, 0x00, 0x00, 0x02, 0x00, 0x00, 0x04, 0x00, 0x00, 0x01, 0x05, 0x08, 0x01, 0x18, 0x01, 0x01, 0x02, 0x00, 0x00, 0x10, 0x20,
    0x10, 0x00, 0x24, 0x40, 0x20, 0x86, 0x00, 0x01, 0x81, 0x01, 0x99, 0x00, 0x02, 0x08, 0x00, 0x08, 0x95, 0x00, 0x01, 0x03, 0x03, 0x8B, 0x00, 0x00,
    0x01, 0x87, 0x00, 0x00, 0x02, 0x95, 0x00, 0x00, 0x04, 0x81, 0x00, 0x00, 0x08, 0x85, 0x00, 0x00, 0x40, 0x84, 0x00, 0x00, 0xA3, 0x00, 0x00, 0x40,
    0x84, 0x00, 0x00, 0x20, 0x84, 0x00, 0x00, 0x40, 0x98, 0x00, 0x00, 0x80, 0x8A, 0x00, 0x1F, 0x08, 0x00, 0x28, 0x10, 0x28, 0x1C, 0x38, 0x10, 0x38,
    0x18, 0x38, 0x30, 0xB8, 0x58, 0xFA, 0x70, 0xFA, 0xD4, 0xF2, 0x74, 0xE6, 0xC4, 0xEE, 0x64, 0xEE, 0xDD, 0xFF, 0x57, 0xFF, 0xDD, 0xBF, 0x17, 0x95,
    0x00, 0x67, 0x08, 0x00, 0x00, 0x10, 0x08, 0x10, 0x30, 0x10, 0x30, 0x50, 0x30, 0x70, 0x60, 0x52, 0x60, 0x40, 0x60, 0x40, 0x60, 0x40, 0xE8, 0x50,
    0xA8, 0x50, 0xA8, 0x10, 0xA8, 0x10, 0x28, 0x10, 0x20, 0x10, 0x28, 0x54, 0x38, 0x74, 0x7C, 0x5C, 0x78, 0x70, 0xF8, 0x58, 0xF8, 0x70, 0xF8, 0xD8,
    0xF8, 0x70, 0xF8, 0xD0, 0xF8, 0x70, 0xF0, 0xC0, 0xE0, 0x60, 0xE8, 0xC4, 0xEC, 0x44, 0xEC, 0xDC, 0xFE, 0x54, 0x9E, 0x9C, 0xBE, 0x14, 0xBE, 0x9C,
    0x3E, 0x76, 0xFE, 0x5C, 0xFE, 0x74, 0xFE, 0xDC, 0xFC, 0x74, 0xFC, 0xDC, 0xF8, 0x75, 0xFB, 0xDD, 0xFB, 0x73, 0xFB, 0xD5, 0xF3, 0x77, 0xE7, 0xC5,
    0xEF, 0x67, 0xEF, 0xDD, 0xFF, 0x77, 0xFF, 0xDD, 0xFF, 0x57, 0xA8, 0x00, 0x00, 0x80, 0x81, 0x00, 0x03, 0x80, 0x00, 0x00, 0x02, 0x81, 0x00, 0x47,
    0x20, 0x00, 0x20, 0x70, 0x60, 0x50, 0x60, 0x60, 0xE0, 0x40, 0xE0, 0x42, 0xE0, 0xD0, 0xE0, 0x50, 0xF0, 0xD1, 0xF0, 0x55, 0xE0, 0x41, 0xA0, 0x01,
    0xA0, 0x41, 0xE0, 0x41, 0xE9, 0xDD, 0xE9, 0x51, 0xF9, 0x5D, 0xB9, 0x11, 0xB9, 0x19, 0xBB, 0x71, 0xFB, 0xDD, 0xFA, 0x75, 0xFE, 0xD4, 0xFA, 0x74,
    0xE8, 0xD4, 0xF9, 0x75, 0xFF, 0xDD, 0xFB, 0x77, 0xFF, 0xDD, 0xFB, 0x17, 0xBF, 0x95, 0xBF, 0x77, 0xFF, 0x5D, 0xFF, 0x77, 0xFF, 0xDD, 0xFF, 0x77,
    0x9B, 0x00, 0x00, 0x08, 0x8B, 0x00, 0x00, 0x08, 0x88, 0x00, 0x00, 0x02, 0x8C, 0x00, 0x88, 0x01, 0x01, 0x00, 0x01, 0x86, 0x00, 0x80, 0x01, 0x07,
    0x03, 0x01, 0x03, 0x01, 0x03, 0x01, 0x02, 0x01, 0x80, 0x03, 0x00, 0x05, 0x80, 0x07, 0x0E, 0x05, 0x0F, 0x07, 0x0F, 0x05, 0x0F, 0x17, 0xBF, 0x5D,
    0xFF, 0x77, 0xFF, 0x5D, 0xFE, 0x76, 0x00, 0xB5, 0x00, 0x00, 0x40, 0x97, 0x00, 0x00, 0x40, 0x8A, 0x00, 0x03, 0x08, 0x00, 0x08, 0x10, 0x80, 0x18,
    0x17, 0x10, 0x38, 0x18, 0x38, 0x30, 0xB8, 0x5C, 0xFA, 0x74, 0xFE, 0xD4, 0xEE, 0x64, 0xEC, 0xC4, 0xEE, 0x55, 0xFF, 0xDD, 0xFF, 0x57, 0xFF, 0xDD,
    0xBF, 0x96, 0x00, 0x66, 0x08, 0x10, 0x00, 0x10, 0x28, 0x10, 0x30, 0x10, 0x38, 0x10, 0x30, 0x70, 0x68, 0x40, 0x62, 0x40, 0x60, 0x40, 0x20, 0x40,
    0x88, 0x50, 0x20, 0x10, 0xB8, 0x10, 0x20, 0x10, 0x20, 0x00, 0x60, 0x08, 0x28, 0x4C, 0x38, 0x54, 0xFC, 0x5C, 0xF8, 0x50, 0xF8, 0x58, 0xB8, 0x30,
    0xF8, 0x58, 0xF8, 0x70, 0xF8, 0xD4, 0xF8, 0x70, 0xE8, 0xC4, 0xE0, 0x40, 0xE8, 0xC4, 0xE8, 0x54, 0xFE, 0xDC, 0xFE, 0x14, 0xBE, 0x1C, 0xBE, 0x16,
    0x3E, 0x9C, 0x3E, 0x76, 0xFE, 0x5C, 0xFE, 0x74, 0xFE, 0xDC, 0xFC, 0x74, 0xF8, 0xDC, 0xF8, 0x71, 0xFF, 0xDD, 0xFB, 0x77, 0xFF, 0xD5, 0xF7, 0x77,
    0xE7, 0xC5, 0xEF, 0x67, 0xEF, 0xDD, 0xFF, 0xD7, 0xFF, 0xDD, 0xBF, 0xA0, 0x00, 0x04, 0x20, 0x00, 0x20, 0x00, 0x20, 0x86, 0x00, 0x00, 0x80, 0x82,
    0x00, 0x48, 0x20, 0x00, 0x20, 0x00, 0x20, 0x70, 0x60, 0x50, 0x60, 0x70, 0xE0, 0x50, 0xE0, 0x54, 0xF0, 0xD0, 0xF0, 0x70, 0xF0, 0xD0, 0xF0, 0x74,
    0xE0, 0x40, 0xE0, 0x40, 0xE0, 0x40, 0xE8, 0x41, 0xE9, 0xDD, 0xF9, 0x51, 0xB9, 0x1D, 0xBB, 0x11, 0xBA, 0x1D, 0xBA, 0x75, 0xFE, 0x5C, 0xFE, 0x74,
    0xFE, 0xDC, 0xFC, 0x74, 0xF8, 0xDD, 0xF9, 0x71, 0xFB, 0xDD, 0xFB, 0x77, 0xFF, 0xDD, 0xFF, 0x77, 0xFF, 0xD5, 0xEF, 0x77, 0xFF, 0xDD, 0xFF, 0x77,
    0xFF, 0xDD, 0xFF, 0xAB, 0x00, 0x00, 0x04, 0x87, 0x00, 0x01, 0x01, 0x02, 0x8C, 0x00, 0x80, 0x01, 0x03, 0x00, 0x01, 0x00, 0x01, 0x80, 0x00, 0x04,
    0x01, 0x00, 0x01, 0x00, 0x01, 0x80, 0x00, 0x01, 0x01, 0x00, 0x80, 0x01, 0x1E, 0x03, 0x01, 0x03, 0x01, 0x02, 0x01, 0x02, 0x00, 0x02, 0x01, 0x03,
    0x01, 0x03, 0x05, 0x03, 0x07, 0x07, 0x05, 0x03, 0x07, 0x0F, 0x15, 0x3F, 0x17, 0x3F, 0x5D, 0x7F, 0x77, 0xFF, 0x5D, 0xFE, 0x00, 0xB6, 0x00, 0x00,
    0x40, 0x97, 0x00, 0x00, 0x40, 0x8A, 0x00, 0x03, 0x08, 0x00, 0x08, 0x10, 0x80, 0x18, 0x16, 0x10, 0x38, 0x10, 0x38, 0x34, 0xBC, 0x5C, 0xFE, 0x74,
    0xFE, 0xDC, 0xFC, 0x74, 0xE8, 0xDC, 0xFA, 0x51, 0xFF, 0xDD, 0xFF, 0x77, 0xFF, 0xDD, 0x93, 0x00, 0x69, 0x08, 0x00, 0x00, 0x10, 0x08, 0x10, 0x00,
    0x10, 0x20, 0x10, 0x20, 0x10, 0x28, 0x10, 0x28, 0x30, 0x28, 0x50, 0x2A, 0x00, 0x28, 0x40, 0x20, 0x10, 0x28, 0x10, 0x30, 0x10, 0x20, 0x10, 0x20,
    0x00, 0x20, 0x04, 0x28, 0x44, 0x2C, 0x4C, 0x3C, 0x54, 0xBC, 0x5C, 0x38, 0x10, 0xB8, 0x18, 0x38, 0x30, 0x38, 0x50, 0xF8, 0x74, 0xFC, 0x54, 0xF8,
    0x74, 0xE8, 0xC4, 0xE8, 0x60, 0xE8, 0xC0, 0xFA, 0x54, 0xFE, 0xDC, 0xBE, 0x16, 0xBE, 0x14, 0x3E, 0x36, 0x3E, 0xDC, 0x7E, 0x76, 0xFE, 0x5C, 0xFE,
    0x74, 0xFE, 0xDC, 0xFE, 0x74, 0xF8, 0xD8, 0xFA, 0x71, 0xFB, 0xDD, 0xFF, 0x77, 0xFF, 0xD5, 0xEF, 0x67, 0xEF, 0xC5, 0xEF, 0x47, 0xEF, 0xDD, 0xFF,
    0x57, 0xFF, 0xDD, 0x9F, 0x00, 0x06, 0x20, 0x00, 0x20, 0x00, 0x20, 0x00, 0x20, 0x8C, 0x00, 0x47, 0x20, 0x00, 0x20, 0x00, 0x20, 0x50, 0x68, 0x50,
    0x78, 0x50, 0xF8, 0x50, 0xB8, 0x50, 0xFC, 0x50, 0xF0, 0x70, 0xF0, 0xD0, 0xF0, 0x78, 0xE0, 0x40, 0xE0, 0x40, 0xE8, 0xC0, 0xE8, 0x41, 0xE9, 0xDD,
    0xBB, 0x15, 0xBB, 0x1D, 0xBB, 0x35, 0x3E, 0x1C, 0x3E, 0x74, 0xFE, 0x5C, 0xFE, 0x74, 0xFE, 0xDC, 0xFC, 0x70, 0xF8, 0xD9, 0xF9, 0x71, 0xFB, 0xD9,
    0xFB, 0x77, 0xFF, 0xD5, 0xFF, 0x77, 0xEF, 0xC5, 0xEF, 0x67, 0xEF, 0xDD, 0xFF, 0x77, 0xFF, 0xDD, 0xAD, 0x00, 0x00, 0x04, 0x86, 0x00, 0x01, 0x01,
    0x02, 0x96, 0x00, 0x01, 0x01, 0x00, 0x82, 0x01, 0x01, 0x00, 0x01, 0x80, 0x00, 0x05, 0x01, 0x02, 0x01, 0x02, 0x00, 0x02, 0x81, 0x00, 0x80, 0x01,
    0x01, 0x03, 0x01, 0x80, 0x03, 0x0C, 0x05, 0x03, 0x07, 0x2F, 0x05, 0x2F, 0x37, 0x7F, 0x5D, 0xFF, 0x77, 0xFF, 0xDD, 0x00, 0xA7, 0x00, 0x00, 0x40,
    0xA8, 0x00, 0x00, 0x40, 0x89, 0x00, 0x1C, 0x08, 0x00, 0x08, 0x10, 0x08, 0x10, 0x18, 0x10, 0x38, 0x14, 0x38, 0x34, 0xFC, 0x5C, 0xFE, 0x74, 0xFC,
    0xDC, 0xF8, 0x70, 0xF8, 0xD8, 0xFB, 0x73, 0xFB, 0xDD, 0xFF, 0x77, 0xFF, 0x97, 0x00, 0x65, 0x10, 0x08, 0x10, 0x00, 0x00, 0x20, 0x00, 0x20, 0x00,
    0x28, 0x10, 0x28, 0x10, 0x28, 0x10, 0x38, 0x14, 0x28, 0x10, 0x20, 0x10, 0x20, 0x10, 0x20, 0x10, 0x20, 0x00, 0x20, 0x00, 0x28, 0x04, 0x08, 0x04,
    0x4C, 0x1C, 0x1C, 0x14, 0x3C, 0x1C, 0x38, 0x14, 0x38, 0x1C, 0x38, 0x30, 0x38, 0x54, 0x7C, 0x74, 0xFC, 0x5C, 0xFC, 0x74, 0xF8, 0xD8, 0xE8, 0x70,
    0xE8, 0xD0, 0xFA, 0x50, 0xFE, 0xD4, 0xBE, 0x76, 0xBE, 0x54, 0x2E, 0x06, 0x2E, 0x5C, 0xFE, 0x76, 0xFE, 0xDD, 0xFE, 0x77, 0xFE, 0xDD, 0xFE, 0x75,
    0xFA, 0xDC, 0xFA, 0x77, 0xFE, 0xDD, 0xFF, 0x77, 0xFF, 0xDD, 0xEF, 0x65, 0xEF, 0xCD, 0xEF, 0x57, 0xFF, 0xDD, 0xFF, 0x77, 0xFF, 0x9E, 0x00, 0x08,
    0x20, 0x00, 0x20, 0x00, 0x20, 0x00, 0x20, 0x40, 0x20, 0x84, 0x00, 0x4E, 0x40, 0x00, 0x20, 0x00, 0x20, 0x00, 0x20, 0x00, 0x24, 0x00, 0x28, 0x40,
    0x28, 0x50, 0xF8, 0x58, 0x38, 0x50, 0xB8, 0x50, 0x38, 0x30, 0xF8, 0x54, 0xF0, 0x70, 0xF8, 0x50, 0xE0, 0x68, 0xE8, 0xC0, 0xE0, 0x40, 0xC8, 0xC0,
    0xC8, 0x51, 0xFB, 0xDD, 0xBB, 0x15, 0xBF, 0x1D, 0x3E, 0x34, 0x3E, 0x5C, 0x7E, 0x74, 0xFE, 0x5C, 0xFE, 0x74, 0xFC, 0xDC, 0xF8, 0x71, 0xF8, 0xD9,
    0xFB, 0x71, 0xFB, 0xD5, 0xFF, 0x77, 0xFF, 0xD5, 0xF7, 0x67, 0xEF, 0xC5, 0xEF, 0x47, 0xEF, 0xDD, 0xFF, 0x57, 0xFF, 0x9D, 0x00, 0x00, 0x10, 0xB2,
    0x00, 0x01, 0x01, 0x00, 0x82, 0x01, 0x8A, 0x00, 0x82, 0x01, 0x10, 0x03, 0x01, 0x23, 0x03, 0x23, 0x05, 0x27, 0x07, 0x2F, 0x05, 0x2F, 0x77, 0xFF,
    0x5D, 0xFF, 0x77, 0xFF, 0x01, 0xA7, 0x00, 0x00, 0x40, 0x8F, 0x00, 0x00, 0x40, 0x95, 0x00, 0x00, 0x40, 0x89, 0x00, 0x0E, 0x08, 0x00, 0x08, 0x10,
    0x00, 0x10, 0x10, 0x00, 0x30, 0x00, 0x10, 0x20, 0x40, 0x00, 0x02, 0x84, 0x00, 0x03, 0x01, 0x02, 0x00, 0x08, 0x9A, 0x00, 0x11, 0x10, 0x00, 0x10,
    0x00, 0x00, 0x28, 0x00, 0x20, 0x00, 0x20, 0x10, 0x00, 0x00, 0x10, 0x00, 0x00, 0x04, 0x14, 0x81, 0x00, 0x0D, 0x10, 0x00, 0x10, 0x00, 0x04, 0x00,
    0x00, 0x20, 0x00, 0x00, 0x04, 0x44, 0x10, 0x54, 0x80, 0x00, 0x0A, 0x06, 0x00, 0x06, 0x00, 0x06, 0x04, 0x04, 0x08, 0x00, 0x00, 0x80, 0x81, 0x00,
    0x21, 0x80, 0x10, 0x20, 0x10, 0x80, 0x48, 0x20, 0x04, 0x00, 0x40, 0x01, 0x40, 0x00, 0xC0, 0x40, 0xC0, 0x10, 0x50, 0xA1, 0x01, 0x00, 0x01, 0x00,
    0x01, 0x00, 0x01, 0x02, 0x04, 0x80, 0x04, 0x01, 0x00, 0x01, 0x01, 0x80, 0x00, 0x81, 0x10, 0x01, 0x14, 0x04, 0xAA, 0x00, 0x00, 0x40, 0x85, 0x00,
    0x00, 0x60, 0x84, 0x00, 0x06, 0x24, 0x00, 0x20, 0x40, 0x20, 0x40, 0xC0, 0x80, 0x00, 0x06, 0x80, 0x40, 0x00, 0x00, 0xC0, 0x04, 0x84, 0x80, 0x00,
    0x04, 0x18, 0x18, 0x00, 0x08, 0x08, 0x80, 0x00, 0x09, 0x40, 0x01, 0x41, 0x00, 0x04, 0x22, 0x01, 0x00, 0x00, 0x02, 0x84, 0x00, 0x03, 0x01, 0x02,
    0x01, 0x07, 0x88, 0x00, 0x06, 0x18, 0x00, 0x10, 0x08, 0x00, 0x00, 0x20, 0xA1, 0x00, 0x01, 0x10, 0x10, 0x80, 0x00, 0x00, 0x02, 0x8C, 0x00, 0x00,
    0x02, 0x83, 0x00, 0x00, 0x01, 0x96, 0x00, 0x05, 0x01, 0x00, 0x00, 0x01, 0x00, 0x01, 0x8C, 0x00, 0x00, 0x01, 0x83, 0x00, 0x03, 0x10, 0x00, 0x40,
    0x00, 0x80, 0x40, 0x02, 0x00, 0x30, 0x10, 0x81, 0x00, 0x00, 0xBC, 0x00, 0x00, 0x40, 0xA9, 0x00, 0x13, 0x0C, 0x04, 0x0C, 0x04, 0xAC, 0x5C, 0xFC,
    0x54, 0xFC, 0xDC, 0xFA, 0x70, 0xFA, 0xD0, 0xFA, 0x73, 0xF3, 0xD5, 0xFF, 0x77, 0x9D, 0x00, 0x5F, 0x08, 0x00, 0x08, 0x00, 0x08, 0x00, 0x08, 0x10,
    0x18, 0x10, 0x38, 0x10, 0x38, 0x14, 0x20, 0x00, 0x20, 0x00, 0x20, 0x00, 0x28, 0x04, 0x28, 0x00, 0x08, 0x04, 0x08, 0x00, 0x08, 0x04, 0x1A, 0x54,
    0x3E, 0x1C, 0x3E, 0x14, 0x3E, 0x1C, 0x3E, 0x34, 0x3C, 0x5C, 0x3C, 0x74, 0xFC, 0x5C, 0x7C, 0x74, 0xF8, 0x58, 0xB8, 0x70, 0xBA, 0x50, 0xB2, 0x72,
    0xF6, 0x55, 0xEE, 0x77, 0xEE, 0x4D, 0xEF, 0x47, 0xCF, 0x4D, 0x8F, 0x17, 0xBF, 0xDD, 0xBF, 0x77, 0xBF, 0x5D, 0xBF, 0x77, 0xFE, 0x5C, 0x7E, 0x74,
    0xFE, 0xDC, 0xFE, 0x7D, 0xFF, 0xDD, 0xFF, 0x75, 0xFB, 0xD9, 0xFB, 0x73, 0xFB, 0xD5, 0xFF, 0x77, 0xA3, 0x00, 0x59, 0x20, 0x00, 0x28, 0x00, 0x20,
    0x10, 0x00, 0x00, 0x20, 0x00, 0x20, 0x00, 0x20, 0x00, 0x20, 0x00, 0x20, 0x00, 0x08, 0x00, 0x08, 0x00, 0x08, 0x00, 0x18, 0x10, 0x38, 0x18, 0x38,
    0x30, 0x38, 0x10, 0x38, 0x30, 0x38, 0x50, 0x78, 0x78, 0xF8, 0x5C, 0xF8, 0x70, 0xF8, 0xD8, 0xE8, 0x50, 0xE8, 0xD0, 0xBA, 0x10, 0xBA, 0xD5, 0xBE,
    0x77, 0xFE, 0x5D, 0x3E, 0x76, 0x6E, 0x5C, 0x7E, 0x54, 0xFE, 0xDD, 0xFF, 0x75, 0xFF, 0xDD, 0xFF, 0x75, 0xFA, 0xD8, 0xFA, 0x70, 0xFE, 0xD5, 0xFF,
    0x77, 0xFF, 0xDD, 0xFF, 0x77, 0xEF, 0xDD, 0xCF, 0x57, 0xDF, 0xDD, 0xFF, 0x77, 0xA0, 0x00, 0x00, 0x10, 0x80, 0x00, 0x00, 0x02, 0x8C, 0x00, 0x00,
    0x02, 0x82, 0x00, 0x00, 0x01, 0xA8, 0x00, 0x01, 0x01, 0x00, 0x82, 0x01, 0x0F, 0x23, 0x01, 0x23, 0x73, 0x63, 0x45, 0x67, 0x67, 0x6F, 0x45, 0xCF,
    0x47, 0xCF, 0xDD, 0xFF, 0x57, 0x00, 0xAB, 0x00, 0x00, 0x20, 0x8E, 0x00, 0x00, 0x40, 0x9D, 0x00, 0x00, 0x80, 0x80, 0x00, 0x00, 0x80, 0x84, 0x00,
    0x12, 0x08, 0x04, 0x08, 0x04, 0xAC, 0xDC, 0xF8, 0xD4, 0xFE, 0xDC, 0xFA, 0x70, 0xFA, 0xD0, 0xF2, 0x73, 0xF7, 0xD5, 0xFF, 0x9E, 0x00, 0x0C, 0x08,
    0x00, 0x08, 0x00, 0x08, 0x00, 0x08, 0x10, 0x08, 0x10, 0x18, 0x10, 0x08, 0x84, 0x00, 0x4A, 0x08, 0x04, 0x08, 0x00, 0x08, 0x00, 0x08, 0x00, 0x0A,
    0x00, 0x0A, 0x14, 0x7E, 0x1C, 0x3E, 0x16, 0x3E, 0x1C, 0x2E, 0x14, 0x2C, 0x1C, 0x3C, 0x14, 0x3C, 0x5C, 0x3A, 0x70, 0x3A, 0x58, 0x3A, 0x30, 0x32,
    0x50, 0x22, 0x74, 0xEE, 0x45, 0xEF, 0x67, 0xEF, 0x4D, 0xEF, 0x47, 0x8F, 0x1D, 0x9F, 0x17, 0xBF, 0x9D, 0xBF, 0x37, 0xBF, 0x5D, 0x7F, 0x76, 0x7E,
    0x5C, 0x7E, 0x74, 0xFE, 0xDC, 0xFF, 0x75, 0xFF, 0xDD, 0xFB, 0x71, 0xFB, 0xD1, 0xFB, 0x73, 0xF3, 0xD5, 0xFF, 0xA2, 0x00, 0x5A, 0x08, 0x00, 0x08,
    0x10, 0x28, 0x10, 0x38, 0x10, 0x20, 0x10, 0x20, 0x00, 0x20, 0x00, 0x20, 0x00, 0x20, 0x00, 0x28, 0x10, 0x08, 0x00, 0x08, 0x00, 0x08, 0x10, 0x18,
    0x10, 0x38, 0x1C, 0x38, 0x34, 0x3C, 0x1C, 0x38, 0x34, 0x7C, 0x54, 0x78, 0x74, 0xFC, 0x5C, 0xF8, 0x70, 0xF8, 0x58, 0xF8, 0x50, 0xBA, 0x50, 0xB2,
    0x30, 0xFE, 0x55, 0xFE, 0x77, 0xEE, 0x5D, 0xEE, 0x47, 0xEE, 0x5D, 0xBE, 0x55, 0xFF, 0xDD, 0xFF, 0x77, 0xFF, 0xDD, 0xFF, 0x77, 0xFE, 0x5C, 0xFE,
    0x74, 0xFE, 0xDC, 0xFE, 0x75, 0xFF, 0xDD, 0xFF, 0x75, 0xFF, 0xDD, 0xFB, 0x57, 0xFF, 0xDD, 0xBF, 0xA2, 0x00, 0x00, 0x10, 0x80, 0x00, 0x00, 0x02,
    0x8C, 0x00, 0x00, 0x02, 0xAB, 0x00, 0x01, 0x01, 0x00, 0x80, 0x01, 0x12, 0x20, 0x01, 0x20, 0x11, 0x23, 0x51, 0x23, 0x77, 0x6F, 0x45, 0x6F, 0x47,
    0xEF, 0x4D, 0xCF, 0x57, 0xDF, 0xDD, 0xBF, 0x01, 0xAB, 0x00, 0x01, 0x20, 0x20, 0x8D, 0x00, 0x02, 0x40, 0x00, 0x80, 0x95, 0x00, 0x04, 0x80, 0x00,
    0x80, 0x00, 0x80, 0x80, 0x00, 0x1B, 0x80, 0x00, 0x80, 0x00, 0x80, 0x00, 0x80, 0x00, 0x80, 0x00, 0x88, 0x04, 0x80, 0x00, 0x24, 0xEC, 0x40, 0x08,
    0x04, 0xA8, 0x04, 0xAC, 0x04, 0xA6, 0x0C, 0xA7, 0x09, 0xA0, 0x9D, 0x00, 0x02, 0x08, 0x00, 0x08, 0x83, 0x00, 0x01, 0x10, 0x00, 0x80, 0x10, 0x02,
    0x08, 0x00, 0x08, 0x80, 0x00, 0x03, 0x08, 0x00, 0x00, 0x04, 0x81, 0x00, 0x44, 0x02, 0x00, 0x08, 0x00, 0x08, 0x10, 0x78, 0x1A, 0x70, 0x1A, 0x10,
    0x08, 0x20, 0x08, 0x22, 0x08, 0x20, 0x08, 0x06, 0x48, 0x04, 0x6C, 0x00, 0x6C, 0x00, 0x64, 0x00, 0x60, 0x00, 0x10, 0x8C, 0x21, 0x01, 0x2A, 0x00,
    0x1A, 0x00, 0x9A, 0x10, 0x0A, 0x00, 0x0A, 0x00, 0x8A, 0x00, 0x2A, 0x80, 0x2A, 0x80, 0x2B, 0x00, 0x2A, 0x80, 0x28, 0x00, 0xA9, 0x00, 0xA8, 0x00,
    0xA8, 0x04, 0xAC, 0x00, 0xA2, 0x00, 0xA2, 0x00, 0xA2, 0x18, 0x9C, 0x00, 0x04, 0x08, 0x00, 0x08, 0x00, 0x08, 0x82, 0x00, 0x00, 0x30, 0x80, 0x00,
    0x00, 0x10, 0x86, 0x00, 0x04, 0x20, 0x14, 0x00, 0x00, 0x10, 0x80, 0x00, 0x40, 0x10, 0x04, 0x02, 0x08, 0x06, 0x28, 0x02, 0x28, 0x06, 0x68, 0x40,
    0x20, 0x04, 0x28, 0x84, 0x28, 0x80, 0x2C, 0x80, 0x28, 0x02, 0x00, 0x08, 0x20, 0x50, 0x60, 0x9C, 0x32, 0x10, 0x32, 0x01, 0x1A, 0x01, 0x0A, 0x61,
    0x4A, 0x21, 0x48, 0x40, 0xCA, 0x40, 0x2A, 0x40, 0xAA, 0x00, 0x2A, 0x00, 0x2A, 0x00, 0x28, 0x00, 0xA8, 0x00, 0xA8, 0x00, 0xA8, 0x00, 0xA8, 0x04,
    0xAE, 0x00, 0x86, 0x04, 0xAA, 0x40, 0xA2, 0x00, 0x06, 0x10, 0x00, 0x10, 0x00, 0x02, 0x00, 0x02, 0x8A, 0x00, 0x03, 0x02, 0x00, 0x00, 0x01, 0xA8,
    0x00, 0x17, 0x01, 0x00, 0x10, 0x21, 0x11, 0x10, 0x11, 0x00, 0x01, 0x03, 0x61, 0x41, 0x32, 0x04, 0x30, 0x00, 0x1A, 0x00, 0x1A, 0x00, 0x8A, 0x40,
    0xCA, 0x00, 0x00, 0xAE, 0x00, 0x00, 0x20, 0x87, 0x00, 0x00, 0x80, 0x84, 0x00, 0x00, 0x80, 0x94, 0x00, 0x03, 0x80, 0x00, 0xA0, 0x00, 0x80, 0x80,
    0x08, 0x00, 0x80, 0x00, 0x80, 0x00, 0x80, 0x00, 0x80, 0x00, 0x80, 0x80, 0x10, 0x00, 0x88, 0x00, 0x88, 0x30, 0xB8, 0xDC, 0xFE, 0x74, 0xFE, 0xDC,
    0xFE, 0x74, 0xFE, 0xDC, 0xFE, 0x75, 0xA9, 0x00, 0x53, 0x08, 0x04, 0x08, 0x00, 0x08, 0x00, 0x00, 0x08, 0x08, 0x00, 0x08, 0x00, 0x08, 0x00, 0x02,
    0x00, 0x02, 0x00, 0x02, 0x00, 0x02, 0x04, 0x06, 0x04, 0x0E, 0x4C, 0x0E, 0x04, 0x0E, 0x1C, 0x1E, 0x14, 0x1E, 0x1C, 0x3A, 0x14, 0xBE, 0x1C, 0x3E,
    0x36, 0x3E, 0x14, 0x3E, 0x34, 0x2C, 0x44, 0xE8, 0x45, 0xEF, 0xDD, 0xFF, 0x57, 0xFF, 0xDD, 0xBB, 0x17, 0xBF, 0x15, 0x3F, 0x17, 0xBF, 0xDD, 0x3F,
    0x77, 0xFF, 0x5D, 0xFF, 0x77, 0xFE, 0x5D, 0xFF, 0x75, 0xFF, 0xDD, 0xFF, 0x77, 0xFF, 0xDD, 0xFF, 0x77, 0xFF, 0xD5, 0xF7, 0x77, 0x9D, 0x00, 0x12,
    0x08, 0x00, 0x08, 0x00, 0x08, 0x00, 0x08, 0x10, 0x08, 0x10, 0x18, 0x10, 0x38, 0x10, 0x30, 0x10, 0x20, 0x00, 0x20, 0x80, 0x00, 0x49, 0x08, 0x00,
    0x08, 0x00, 0x08, 0x10, 0x0A, 0x10, 0x02, 0x10, 0x0A, 0x14, 0x2E, 0x14, 0x3E, 0x1C, 0x3E, 0x14, 0x3E, 0x1C, 0x3C, 0x14, 0x3C, 0x1C, 0x38, 0x30,
    0x38, 0x5C, 0x3A, 0x70, 0x7A, 0x50, 0x72, 0x70, 0x62, 0x44, 0x66, 0x65, 0xEE, 0x4D, 0xEF, 0x57, 0xEF, 0x5D, 0x9F, 0x17, 0x9F, 0x1D, 0x3F, 0x17,
    0xBF, 0x1D, 0x3F, 0x77, 0xFF, 0x5D, 0x7E, 0x76, 0xFE, 0x5C, 0xFC, 0x74, 0xFC, 0xDD, 0xFF, 0x75, 0xFF, 0xDD, 0xFB, 0x73, 0xFB, 0xD5, 0xF3, 0x77,
    0xA6, 0x00, 0x00, 0x08, 0x81, 0x00, 0x00, 0x01, 0x8C, 0x00, 0x03, 0x01, 0x00, 0x00, 0x01, 0xA4, 0x00, 0x80, 0x10, 0x13, 0x38, 0x10, 0x38, 0x30,
    0x38, 0x10, 0x20, 0x70, 0x68, 0x55, 0x7B, 0x75, 0x7F, 0x5D, 0xFB, 0x57, 0xFB, 0xD5, 0xBB, 0x17, 0x00, 0xAF, 0x00, 0x00, 0x20, 0x88, 0x00, 0x00,
    0x80, 0x97, 0x00, 0x07, 0x80, 0x00, 0x80, 0x00, 0x80, 0x80, 0xA0, 0x00, 0x80, 0x80, 0x08, 0x00, 0x80, 0x00, 0x80, 0x00, 0x80, 0xC0, 0x80, 0x00,
    0x80, 0x80, 0x0F, 0x00, 0x80, 0x00, 0xA0, 0x00, 0xA8, 0x54, 0xFE, 0x74, 0xFE, 0xDC, 0xFE, 0x74, 0xFE, 0xDC, 0xFC, 0xAA, 0x00, 0x04, 0x08, 0x04,
    0x08, 0x00, 0x08, 0x80, 0x00, 0x00, 0x08, 0x82, 0x00, 0x44, 0x02, 0x00, 0x02, 0x00, 0x02, 0x00, 0x02, 0x04, 0x06, 0x04, 0x0E, 0x0D, 0x0E, 0x07,
    0x0E, 0x1F, 0x1E, 0x15, 0x1E, 0x1C, 0x1E, 0x36, 0x3E, 0x1C, 0x3E, 0x16, 0x3E, 0x1C, 0x3E, 0x14, 0xA8, 0x1C, 0xE8, 0x11, 0xBB, 0xD9, 0xBB, 0x13,
    0xBB, 0xD5, 0xBB, 0x17, 0xA7, 0x05, 0x2F, 0x07, 0xAF, 0x5D, 0xFF, 0x57, 0xFF, 0xDD, 0xFF, 0x57, 0xFF, 0xDD, 0xBF, 0x77, 0xFF, 0xDD, 0xFF, 0x77,
    0xFF, 0xDD, 0xFF, 0x77, 0xFE, 0xD5, 0xEF, 0x9E, 0x00, 0x5E, 0x08, 0x04, 0x08, 0x00, 0x08, 0x00, 0x08, 0x10, 0x08, 0x10, 0x08, 0x10, 0x08, 0x14,
    0x28, 0x10, 0x08, 0x00, 0x08, 0x00, 0x08, 0x00, 0x08, 0x00, 0x08, 0x10, 0x0A, 0x10, 0x0A, 0x04, 0x02, 0x0C, 0x86, 0x04, 0x2E, 0x06, 0x2E, 0x1C,
    0x3E, 0x14, 0x3E, 0x1C, 0x3E, 0x14, 0x3C, 0x1C, 0x3A, 0x30, 0x3A, 0x5D, 0x3A, 0x7E, 0x7E, 0x5C, 0x7E, 0x74, 0x6E, 0x44, 0x6A, 0x45, 0xEF, 0x5D,
    0xFF, 0x57, 0xFF, 0x5D, 0xBF, 0x17, 0xBF, 0x1D, 0x3F, 0x37, 0x3F, 0x5D, 0x7F, 0x77, 0xFF, 0x5D, 0xFE, 0x75, 0xFE, 0xDC, 0xFC, 0x75, 0xFD, 0xDD,
    0xFB, 0x77, 0xFF, 0xDD, 0xFB, 0x77, 0xFF, 0xD5, 0xE7, 0xA8, 0x00, 0x00, 0x08, 0x93, 0x00, 0x00, 0x01, 0xA3, 0x00, 0x16, 0x08, 0x10, 0x38, 0x10,
    0x38, 0x14, 0x38, 0x34, 0x38, 0x14, 0x28, 0x70, 0x78, 0x5D, 0x7B, 0x71, 0xFB, 0xDD, 0xFB, 0x73, 0xFB, 0xD5, 0xF7, 0x00, 0xB1, 0x00, 0x00, 0x20,
    0x9E, 0x00, 0x0B, 0x80, 0x00, 0x80, 0x00, 0x80, 0x00, 0x80, 0x00, 0x80, 0x00, 0x80, 0x20, 0x80, 0x80, 0x08, 0x00, 0x80, 0xC0, 0x80, 0x00, 0x80,
    0xC0, 0x80, 0x00, 0x80, 0x80, 0x0E, 0x00, 0x80, 0x00, 0x20, 0x00, 0x2C, 0x54, 0xFE, 0x74, 0xFE, 0xDC, 0xFE, 0x75, 0xFF, 0xDD, 0xAC, 0x00, 0x03,
    0x04, 0x00, 0x00, 0x08, 0x81, 0x00, 0x10, 0x08, 0x00, 0x00, 0x02, 0x00, 0x02, 0x00, 0x02, 0x04, 0x03, 0x00, 0x00, 0x04, 0x02, 0x05, 0x0E, 0x05,
    0x80, 0x0F, 0x34, 0x05, 0x0F, 0x17, 0x0E, 0x14, 0x0E, 0x16, 0x2E, 0x1C, 0x3E, 0x14, 0xBE, 0x1C, 0xBC, 0x14, 0xB8, 0x19, 0xB9, 0x51, 0xBB, 0x91,
    0xBB, 0x33, 0xBF, 0xD5, 0xA7, 0x07, 0xA7, 0x45, 0xAF, 0x47, 0xCF, 0xCD, 0xFF, 0x57, 0xFF, 0xDD, 0xBF, 0x17, 0xBF, 0x1D, 0xBF, 0x37, 0xBF, 0x5D,
    0xFF, 0x77, 0xFE, 0xDD, 0xFE, 0x77, 0xFE, 0xDD, 0x9F, 0x00, 0x5D, 0x08, 0x04, 0x08, 0x10, 0x08, 0x00, 0x08, 0x00, 0x08, 0x04, 0x08, 0x04, 0x0C,
    0x04, 0x08, 0x14, 0x08, 0x00, 0x08, 0x00, 0x08, 0x00, 0x08, 0x10, 0x0A, 0x10, 0x22, 0x10, 0x02, 0x04, 0x02, 0x04, 0x0E, 0x84, 0x0E, 0x04, 0x0E,
    0x1C, 0x1E, 0x17, 0x1E, 0x1D, 0x3E, 0x14, 0x3E, 0x1C, 0x3A, 0x34, 0x3E, 0x1C, 0x3F, 0x76, 0x7E, 0x5C, 0x7E, 0x74, 0x6C, 0x44, 0x69, 0x51, 0x6B,
    0x5D, 0x3B, 0x57, 0xBF, 0x5D, 0x3F, 0x17, 0x3F, 0x15, 0x2F, 0x17, 0x3F, 0x5D, 0x7F, 0x77, 0xFF, 0x5D, 0xFF, 0x77, 0xFF, 0xDD, 0xFF, 0x75, 0xFB,
    0xDD, 0xFB, 0x77, 0xFF, 0xDD, 0xFF, 0x77, 0xFF, 0xD5, 0xA9, 0x00, 0x00, 0x08, 0x94, 0x00, 0x00, 0x01, 0xA2, 0x00, 0x15, 0x08, 0x14, 0x38, 0x14,
    0x3C, 0x1C, 0x3C, 0x34, 0x3C, 0x1C, 0x38, 0x10, 0x78, 0x59, 0x7B, 0x71, 0xFB, 0xDD, 0xFB, 0x77, 0xFF, 0xD5, 0x00, 0xC7, 0x00, 0x00, 0x40, 0x89,
    0x00, 0x04, 0x80, 0x00, 0x80, 0x00, 0x80, 0x80, 0x00, 0x20, 0x80, 0x00, 0x80, 0x40, 0xD0, 0xC0, 0xC0, 0x40, 0xC0, 0xC0, 0x80, 0x00, 0x80, 0xC0,
    0x80, 0x00, 0x80, 0x80, 0xA0, 0x00, 0xA0, 0x00, 0x20, 0x60, 0x6C, 0x44, 0xFE, 0x74, 0xFE, 0xDD, 0xFF, 0x75, 0xFF, 0xB6, 0x00, 0x00, 0x08, 0x80,
    0x00, 0x00, 0x02, 0x84, 0x00, 0x3A, 0x02, 0x01, 0x0B, 0x05, 0x0B, 0x0F, 0x0F, 0x05, 0x0E, 0x07, 0x0E, 0x04, 0x0E, 0x04, 0x0E, 0x4C, 0x0E, 0x14,
    0x9E, 0x1D, 0x9A, 0x11, 0x98, 0x11, 0xBA, 0x11, 0xFB, 0xD1, 0xB3, 0x77, 0xFF, 0xD5, 0xEF, 0x47, 0xEF, 0xC5, 0x8F, 0x47, 0xCF, 0xCD, 0x9F, 0x17,
    0xBF, 0xDD, 0xBF, 0x37, 0xBF, 0x1D, 0x3F, 0x37, 0x7E, 0x5C, 0xFE, 0x76, 0xFE, 0xDD, 0xFF, 0x75, 0xFF, 0xA0, 0x00, 0x5C, 0x0A, 0x04, 0x0A, 0x80,
    0x0A, 0x04, 0x02, 0x04, 0x0E, 0x04, 0x0C, 0x04, 0x0C, 0x0C, 0x08, 0x14, 0x08, 0x18, 0x08, 0x10, 0x08, 0x10, 0x00, 0x10, 0x02, 0x00, 0x22, 0x06,
    0x06, 0x04, 0x06, 0x04, 0x0E, 0x04, 0x0E, 0x45, 0x0F, 0x1D, 0x1F, 0x17, 0x1F, 0x1D, 0x3F, 0x1F, 0x3E, 0x1C, 0x3E, 0x36, 0x3E, 0x1C, 0x3E, 0x34,
    0x3E, 0x5C, 0x3C, 0x75, 0x78, 0x59, 0x39, 0x11, 0x3B, 0x51, 0x3B, 0x77, 0x3F, 0x55, 0x3F, 0x37, 0x2F, 0x45, 0x2F, 0x07, 0x6F, 0x5D, 0xFF, 0x57,
    0xFF, 0x5D, 0xFF, 0x77, 0xFF, 0x5D, 0xBF, 0x77, 0xFE, 0x5D, 0xFE, 0x77, 0xFF, 0xDD, 0xFF, 0x77, 0xFF, 0xAB, 0x00, 0x00, 0x04, 0x82, 0x00, 0x00,
    0x01, 0xB3, 0x00, 0x14, 0x0C, 0x04, 0x2E, 0x14, 0x3E, 0x1C, 0x3E, 0x14, 0x3C, 0x1C, 0x38, 0x31, 0x38, 0x59, 0x7B, 0x73, 0xFF, 0xD5, 0xFF, 0x77,
    0xFF, 0x00, 0xA4, 0x00, 0x00, 0x04, 0xA2, 0x00, 0x00, 0x40, 0x83, 0x00, 0x00, 0x80, 0x80, 0x00, 0x00, 0x80, 0x84, 0x00, 0x1F, 0x80, 0x40, 0x80,
    0x40, 0xC0, 0xD0, 0xC0, 0x40, 0xC0, 0xC0, 0x80, 0x00, 0x80, 0xC0, 0x80, 0x40, 0xE0, 0xC0, 0xE0, 0x40, 0xE0, 0x40, 0xE0, 0x60, 0xEC, 0x5C, 0xFE,
    0x75, 0xFF, 0xDD, 0xFF, 0x77, 0xB8, 0x00, 0x00, 0x08, 0x86, 0x00, 0x3A, 0x01, 0x02, 0x01, 0x03, 0x05, 0x03, 0x0F, 0x0F, 0x05, 0x0E, 0x07, 0x0E,
    0x04, 0x0E, 0x04, 0x0E, 0x0D, 0xCF, 0x15, 0x9F, 0x1D, 0x9B, 0x11, 0xBA, 0x10, 0xBA, 0x10, 0xBA, 0x54, 0xEE, 0x77, 0xEF, 0xC5, 0xEF, 0x47, 0xEF,
    0xCD, 0x8B, 0x47, 0x8F, 0x9D, 0x9F, 0x17, 0xBF, 0x9D, 0xBF, 0x37, 0xBF, 0x5D, 0x3F, 0x77, 0x7E, 0x5C, 0xFE, 0x77, 0xFF, 0xDD, 0xFF, 0x75, 0x9F,
    0x00, 0x5D, 0x02, 0x00, 0x02, 0x04, 0x02, 0x04, 0x8E, 0x04, 0x0E, 0x04, 0x0E, 0x04, 0x0C, 0x04, 0x0C, 0x0C, 0x08, 0x10, 0x08, 0x10, 0x18, 0x10,
    0x08, 0x00, 0x02, 0x00, 0x02, 0x04, 0x02, 0x04, 0x0E, 0x04, 0x0E, 0x05, 0x0E, 0x05, 0x0B, 0x05, 0x0F, 0x5D, 0x1F, 0x17, 0x3F, 0x1D, 0x3F, 0x17,
    0x3E, 0x1C, 0x3E, 0x14, 0x3E, 0x1C, 0x3E, 0x34, 0x3E, 0x1D, 0x3F, 0x31, 0x39, 0x19, 0x3B, 0x31, 0x3B, 0x51, 0x33, 0x77, 0x7F, 0x55, 0x6F, 0x67,
    0x6F, 0x4D, 0x0F, 0x47, 0x8F, 0x5D, 0x9F, 0x17, 0xBF, 0x5D, 0xBF, 0x37, 0xBF, 0x5D, 0x3F, 0x77, 0x7E, 0x5C, 0xFE, 0x76, 0xFE, 0xDD, 0xFF, 0x75,
    0xAD, 0x00, 0x00, 0x04, 0x83, 0x00, 0x00, 0x01, 0xAE, 0x00, 0x16, 0x04, 0x00, 0x04, 0x0C, 0x0C, 0x0E, 0x14, 0x3E, 0x1D, 0x3E, 0x15, 0x3E, 0x1D,
    0x3A, 0x31, 0x3A, 0x54, 0x7A, 0x77, 0xFF, 0xDD, 0xFF, 0x77, 0x00, 0xA6, 0x00, 0x00, 0x04, 0xA0, 0x00, 0x04, 0x80, 0x00, 0xC0, 0x00, 0x80, 0x80,
    0x00, 0x00, 0x80, 0x88, 0x00, 0x1E, 0x80, 0x40, 0x80, 0x40, 0xC0, 0xD0, 0xC0, 0x40, 0xC0, 0xC0, 0x80, 0x40, 0x80, 0xC0, 0xE0, 0x40, 0xE0, 0xC0,
    0xE0, 0x40, 0xE0, 0xC0, 0xC0, 0x60, 0x88, 0xDC, 0xBE, 0x17, 0xFF, 0xDD, 0xFF, 0xA9, 0x00, 0x00, 0x40, 0x83, 0x00, 0x02, 0x02, 0x00, 0x02, 0x84,
    0x00, 0x00, 0x08, 0x85, 0x00, 0x39, 0x02, 0x02, 0x01, 0x02, 0x05, 0x02, 0x07, 0x8F, 0x0D, 0x0F, 0x07, 0x0E, 0x15, 0x0E, 0x05, 0x8F, 0x0D, 0x8F,
    0x57, 0x9F, 0x1D, 0x9F, 0x17, 0xBE, 0x14, 0x3A, 0x14, 0xEE, 0x44, 0xEE, 0x55, 0xEF, 0xDD, 0xEF, 0x55, 0xEB, 0xDD, 0x8B, 0x13, 0x8B, 0x95, 0xBF,
    0x17, 0xBF, 0xDD, 0xFF, 0x77, 0xFF, 0x5D, 0x7F, 0x77, 0xFE, 0x5D, 0xFF, 0x77, 0xFF, 0xDD, 0xFF, 0xA0, 0x00, 0x16, 0x02, 0x00, 0x02, 0x04, 0x02,
    0x06, 0x0E, 0x84, 0x0E, 0x04, 0x0C, 0x04, 0x0A, 0x04, 0x0A, 0x0C, 0x0A, 0x14, 0x0A, 0x14, 0x0A, 0x10, 0x0A, 0x80, 0x00, 0x42, 0x08, 0x04, 0x0A,
    0x05, 0x0E, 0x05, 0x0B, 0x01, 0x0B, 0x01, 0x0B, 0x03, 0x0B, 0x15, 0x0F, 0x57, 0x3F, 0x1D, 0x3F, 0x17, 0x2E, 0x1C, 0x2E, 0x14, 0x3E, 0x1C, 0x3E,
    0x15, 0x3F, 0x1D, 0x3B, 0x31, 0x3B, 0x11, 0x3A, 0x31, 0x32, 0x55, 0x37, 0x77, 0x6F, 0x5D, 0x6F, 0x47, 0xEF, 0x4D, 0x8F, 0x07, 0x8F, 0x1D, 0x9F,
    0x17, 0xBF, 0x1D, 0xBF, 0x37, 0xBF, 0x5D, 0x7E, 0x76, 0x7E, 0x5C, 0xFE, 0x74, 0xFE, 0xDD, 0xFF, 0xAF, 0x00, 0x00, 0x04, 0x83, 0x00, 0x00, 0x01,
    0x8A, 0x00, 0x01, 0x01, 0x01, 0x82, 0x00, 0x00, 0x08, 0x96, 0x00, 0x17, 0x04, 0x0C, 0x04, 0x0C, 0x04, 0x0C, 0x0C, 0x0E, 0x15, 0x1E, 0x1D, 0x3F,
    0x37, 0x3F, 0x1D, 0x3E, 0x36, 0x3E, 0x5C, 0x7E, 0x74, 0xFE, 0xDD, 0xFF, 0x00, 0xA6, 0x00, 0x03, 0x04, 0x00, 0x00, 0x04, 0x8A, 0x00, 0x00, 0x10,
    0x8D, 0x00, 0x08, 0x80, 0x00, 0x80, 0x00, 0x80, 0x00, 0xC0, 0x00, 0x80, 0x88, 0x00, 0x07, 0x80, 0x00, 0x80, 0x00, 0x80, 0xC0, 0x80, 0x40, 0x80,
    0xC0, 0x15, 0x40, 0xC0, 0xC0, 0xE0, 0x40, 0xE0, 0xC0, 0xE0, 0x40, 0xE0, 0xC0, 0xE0, 0x40, 0xC0, 0xC0, 0xC8, 0x10, 0x9E, 0x9D, 0xBF, 0x37, 0xFF,
    0xB2, 0x00, 0x00, 0x02, 0x8C, 0x00, 0x01, 0x02, 0x00, 0x80, 0x02, 0x35, 0x00, 0x82, 0x05, 0x86, 0x05, 0x8F, 0x0D, 0x8F, 0x05, 0x8F, 0x15, 0x0B,
    0x07, 0x8F, 0x05, 0x0F, 0x97, 0x9E, 0x1D, 0x3E, 0x16, 0xAE, 0x5C, 0xAC, 0x44, 0xEC, 0xDC, 0xF9, 0x55, 0xFB, 0xDD, 0xFB, 0x53, 0xFB, 0xD1, 0xB3,
    0x13, 0xA7, 0xC5, 0xA7, 0x77, 0xEF, 0xDD, 0xFF, 0x77, 0xFF, 0xDD, 0xFF, 0x57, 0xFF, 0xDD, 0xBF, 0x77, 0xFF, 0xA2, 0x00, 0x5A, 0x02, 0x00, 0x02,
    0x04, 0x0E, 0x04, 0x0E, 0x04, 0x0B, 0x00, 0x0E, 0x04, 0x0A, 0x00, 0x0E, 0x04, 0x0E, 0x14, 0x0E, 0x04, 0x0E, 0x04, 0x0C, 0x04, 0x08, 0x00, 0x08,
    0x04, 0x08, 0x11, 0x0B, 0x11, 0x0B, 0x01, 0x03, 0x01, 0x03, 0x07, 0x07, 0x05, 0x0F, 0x27, 0x0F, 0x0D, 0x0F, 0x17, 0x0E, 0x1D, 0x1E, 0x15, 0x1F,
    0x1D, 0x3F, 0x37, 0x3F, 0x1D, 0x3F, 0x37, 0x3E, 0x14, 0x3A, 0x34, 0x6E, 0x54, 0x6F, 0x75, 0x6F, 0x5D, 0x7F, 0x57, 0xFF, 0x5D, 0x9B, 0x17, 0x9F,
    0x1D, 0xBF, 0x37, 0xBF, 0x5F, 0x7F, 0x77, 0xFF, 0x5D, 0x7E, 0x76, 0xFE, 0xDD, 0xFF, 0x75, 0xFF, 0xB2, 0x00, 0x00, 0x02, 0x82, 0x00, 0x00, 0x01,
    0x89, 0x00, 0x01, 0x01, 0x01, 0x83, 0x00, 0x00, 0x10, 0x94, 0x00, 0x17, 0x04, 0x08, 0x04, 0x0C, 0x04, 0x0A, 0x04, 0x0E, 0x1D, 0x1F, 0x17, 0x3F,
    0x1D, 0x3F, 0x37, 0x3E, 0x1C, 0x3E, 0x74, 0x7E, 0x5C, 0xFE, 0x75, 0xFF, 0x00, 0xA7, 0x00, 0x00, 0x04, 0x80, 0x00, 0x00, 0x04, 0x8A, 0x00, 0x00,
    0x10, 0x8C, 0x00, 0x08, 0x80, 0x00, 0x80, 0x00, 0x80, 0x00, 0x80, 0x20, 0x80, 0x84, 0x00, 0x0B, 0x80, 0x00, 0x80, 0x00, 0x80, 0x00, 0x80, 0x00,
    0x80, 0x00, 0x80, 0x00, 0x80, 0xC0, 0x14, 0x40, 0xE0, 0xC0, 0xE0, 0x40, 0xE0, 0xC0, 0xE0, 0x40, 0xE0, 0xC0, 0xE0, 0x40, 0xE0, 0xD0, 0xF8, 0x11,
    0xBF, 0x1D, 0xBF, 0x37, 0xC1, 0x00, 0x02, 0x02, 0x00, 0x02, 0x80, 0x00, 0x35, 0x02, 0x02, 0x80, 0x05, 0x83, 0x05, 0x8F, 0x0D, 0x8B, 0x07, 0x8B,
    0x05, 0x0B, 0x0F, 0x0F, 0x05, 0x0E, 0x07, 0x8E, 0x1C, 0x2E, 0x16, 0xAE, 0x5C, 0xAC, 0x54, 0xF8, 0xDD, 0xF9, 0x51, 0xFB, 0xD9, 0xFB, 0x73, 0xFB,
    0xD5, 0xE3, 0x67, 0xE7, 0xC5, 0xEF, 0x47, 0xEF, 0xCD, 0xFF, 0x57, 0xFF, 0xDD, 0x9F, 0x17, 0xBF, 0x9D, 0xBF, 0x37, 0xA6, 0x00, 0x1C, 0x04, 0x0A,
    0x00, 0x0A, 0x04, 0x0A, 0x01, 0x0A, 0x04, 0x06, 0x04, 0x0E, 0x04, 0x0E, 0x04, 0x0E, 0x0C, 0x0E, 0x04, 0x0C, 0x04, 0x08, 0x00, 0x08, 0x10, 0x1A,
    0x11, 0x1B, 0x11, 0x80, 0x03, 0x36, 0x05, 0x02, 0x07, 0x06, 0x05, 0x0F, 0x07, 0x0F, 0x2D, 0x0F, 0x17, 0x1F, 0x1D, 0x1F, 0x17, 0x1F, 0x1D, 0x3F,
    0x37, 0x3F, 0x1D, 0x3E, 0x36, 0x3E, 0x5C, 0x3E, 0x74, 0x6C, 0x5D, 0x79, 0x75, 0x7F, 0x5D, 0xFB, 0x57, 0xFB, 0x55, 0xBB, 0x17, 0xAF, 0x15, 0x2F,
    0x77, 0xFF, 0x5D, 0xFF, 0x77, 0xFF, 0x5D, 0xFF, 0x57, 0xFF, 0xDD, 0xFF, 0x77, 0xB4, 0x00, 0x00, 0x02, 0x83, 0x00, 0x00, 0x01, 0x88, 0x00, 0x01,
    0x01, 0x01, 0x83, 0x00, 0x00, 0x10, 0x92, 0x00, 0x17, 0x08, 0x00, 0x08, 0x00, 0x0A, 0x04, 0x0A, 0x01, 0x0A, 0x15, 0x1F, 0x17, 0x3F, 0x1D, 0x3F,
    0x37, 0x3E, 0x1C, 0x3E, 0x74, 0xFE, 0x5C, 0xFC, 0x75, 0x00, 0xA9, 0x00, 0x00, 0x04, 0x8E, 0x00, 0x00, 0x10, 0x8B, 0x00, 0x08, 0x80, 0x00, 0x80,
    0x00, 0x80, 0x00, 0x80, 0x00, 0xA0, 0x84, 0x00, 0x08, 0x80, 0x00, 0x80, 0x00, 0x80, 0x00, 0x80, 0x00, 0x80, 0x80, 0x00, 0x16, 0xC0, 0x40, 0xE0,
    0x50, 0xE0, 0xC0, 0xE0, 0x40, 0xE0, 0xC0, 0xE0, 0x40, 0xE0, 0xC0, 0xE0, 0x50, 0xF0, 0xD0, 0xF3, 0x37, 0xAF, 0x55, 0x3F, 0xC0, 0x00, 0x04, 0x0A,
    0x00, 0x02, 0x00, 0x02, 0x81, 0x00, 0x33, 0x04, 0x84, 0x01, 0x83, 0x01, 0x8B, 0x05, 0x83, 0x07, 0x8F, 0x05, 0x07, 0x07, 0x0E, 0x05, 0x0E, 0x07,
    0x8E, 0x8D, 0x8F, 0x15, 0x9E, 0x5D, 0xBE, 0x15, 0xB8, 0xD9, 0xBB, 0x71, 0xFB, 0xD5, 0xFF, 0x77, 0xFF, 0xD5, 0xE7, 0x67, 0xEF, 0xC5, 0xEF, 0x47,
    0xEF, 0xDD, 0xFF, 0x57, 0xFF, 0xDD, 0xBF, 0x17, 0xBF, 0x1D, 0x3F, 0xA8, 0x00, 0x33, 0x02, 0x00, 0x0A, 0x00, 0x02, 0x80, 0x03, 0x05, 0x02, 0x06,
    0x0E, 0x04, 0x0E, 0x04, 0x0E, 0x0C, 0x0E, 0x14, 0x08, 0x18, 0x08, 0x10, 0x08, 0x10, 0x1A, 0x11, 0x1A, 0x15, 0x02, 0x05, 0x06, 0x04, 0x02, 0x05,
    0x0E, 0x05, 0x0F, 0x07, 0x0F, 0x1D, 0x1F, 0x37, 0x1F, 0x1D, 0x1F, 0x17, 0x3F, 0x1D, 0x3E, 0x37, 0x3E, 0x1D, 0x80, 0x3E, 0x1D, 0x5C, 0x3C, 0x74,
    0x78, 0x59, 0x39, 0x71, 0x7B, 0x59, 0xFB, 0x77, 0xFF, 0x55, 0xF7, 0x67, 0xE7, 0x45, 0xEF, 0x47, 0xEF, 0xDD, 0xFF, 0x57, 0xFF, 0xDD, 0xBF, 0x17,
    0xBF, 0x9D, 0xBF, 0xB6, 0x00, 0x00, 0x02, 0x83, 0x00, 0x00, 0x01, 0x90, 0x00, 0x00, 0x10, 0x91, 0x00, 0x16, 0x08, 0x00, 0x08, 0x00, 0x0A, 0x00,
    0x02, 0x03, 0x0E, 0x05, 0x0E, 0x17, 0x2F, 0x1D, 0x3F, 0x37, 0x3F, 0x5D, 0x3F, 0x75, 0xFF, 0xDD, 0xFF, 0x00, 0xAB, 0x00, 0x00, 0x04, 0x8D, 0x00,
    0x00, 0x10, 0x90, 0x00, 0x10, 0x80, 0x00, 0x80, 0x00, 0x80, 0x20, 0x80, 0x00, 0x80, 0x00, 0x80, 0x00, 0x80, 0x00, 0x80, 0x00, 0x80, 0x83, 0x00,
    0x00, 0x40, 0x80, 0xC0, 0x11, 0x50, 0xE0, 0xC0, 0xE0, 0x40, 0xE0, 0xC0, 0xE0, 0x40, 0xE0, 0xD0, 0xF0, 0x70, 0xED, 0xD5, 0xEF, 0x67, 0xEF, 0xB1,
    0x00, 0x00, 0x80, 0x83, 0x00, 0x44, 0x02, 0x00, 0x02, 0x00, 0x02, 0x00, 0x02, 0x00, 0x00, 0x04, 0x04, 0x00, 0x08, 0x04, 0x00, 0x00, 0x88, 0x00,
    0x00, 0x05, 0x84, 0x01, 0x83, 0x03, 0x83, 0x05, 0x87, 0x07, 0x87, 0x05, 0x06, 0x07, 0x0E, 0x0D, 0x0F, 0x07, 0x8F, 0x1D, 0x9F, 0x17, 0xBF, 0x1D,
    0xBB, 0x15, 0xBA, 0x54, 0xBA, 0x76, 0xFE, 0xDD, 0xFE, 0x77, 0xFF, 0xDD, 0xEF, 0x45, 0xEB, 0xCD, 0xEB, 0x57, 0xFF, 0xDD, 0xFF, 0x77, 0xFF, 0xDD,
    0xBF, 0x37, 0x3F, 0xA0, 0x00, 0x00, 0x08, 0x85, 0x00, 0x53, 0x04, 0x02, 0x00, 0x02, 0x04, 0x02, 0x84, 0x06, 0x05, 0x0E, 0x04, 0x0E, 0x0C, 0x0E,
    0x04, 0x0E, 0x1C, 0x1A, 0x10, 0x1A, 0x10, 0x1A, 0x10, 0x1A, 0x14, 0x1A, 0x14, 0x2E, 0x04, 0x2E, 0x04, 0x0C, 0x04, 0x08, 0x01, 0x0B, 0x05, 0x0B,
    0x17, 0x1F, 0x1D, 0x3F, 0x1F, 0x3F, 0x15, 0x3F, 0x17, 0x2F, 0x1C, 0x3E, 0x36, 0x3E, 0x5D, 0x3F, 0x75, 0x3E, 0x5D, 0x39, 0x33, 0x39, 0x59, 0x3B,
    0x73, 0xFB, 0x55, 0xFF, 0x77, 0xFF, 0x45, 0xEF, 0x67, 0xEF, 0xCD, 0xEF, 0x47, 0xDF, 0xDD, 0xFF, 0x57, 0xBF, 0x9D, 0xBF, 0x37, 0xBF, 0xB8, 0x00,
    0x00, 0x01, 0x84, 0x00, 0x00, 0x01, 0x8F, 0x00, 0x00, 0x10, 0x93, 0x00, 0x12, 0x02, 0x00, 0x02, 0x04, 0x02, 0x07, 0x0E, 0x05, 0x0E, 0x07, 0x2F,
    0x1D, 0x3F, 0x17, 0xBF, 0x5D, 0xBF, 0x77, 0xFF, 0x00, 0xAD, 0x00, 0x00, 0x04, 0x8D, 0x00, 0x00, 0x10, 0x8F, 0x00, 0x0E, 0x80, 0x00, 0x80, 0x00,
    0x80, 0x00, 0x90, 0x00, 0x80, 0x00, 0x80, 0x00, 0x80, 0x00, 0x80, 0x85, 0x00, 0x00, 0x40, 0x80, 0xC0, 0x10, 0x40, 0xD0, 0xC0, 0xE0, 0x40, 0xE0,
    0xC0, 0xE0, 0x60, 0xE0, 0xC0, 0xE0, 0x75, 0xEF, 0xC5, 0xEF, 0x47, 0xAD, 0x00, 0x00, 0x40, 0x81, 0x00, 0x17, 0x80, 0x00, 0x80, 0x00, 0x00, 0x02,
    0x00, 0x02, 0x00, 0x02, 0x00, 0x02, 0x04, 0x02, 0x00, 0x08, 0x04, 0x08, 0x04, 0x08, 0x04, 0x08, 0x00, 0x08, 0x80, 0x00, 0x2F, 0x06, 0x04, 0x02,
    0x01, 0x82, 0x05, 0x87, 0x17, 0x9F, 0x05, 0x0F, 0x05, 0x8F, 0x0D, 0x8F, 0x17, 0x9F, 0x1D, 0xBF, 0x17, 0xBF, 0x1D, 0x3E, 0x36, 0x3E, 0x5C, 0x3E,
    0x74, 0xFE, 0xDC, 0xFE, 0x75, 0xFF, 0xDD, 0xFB, 0x51, 0xFB, 0xD1, 0xFB, 0x53, 0xFB, 0xD5, 0xFF, 0x77, 0xFF, 0xDD, 0xFF, 0x77, 0x9D, 0x00, 0x00,
    0x08, 0x80, 0x00, 0x00, 0x08, 0x86, 0x00, 0x51, 0x02, 0x00, 0x02, 0x04, 0x02, 0x04, 0x0E, 0x04, 0x0A, 0x05, 0x0E, 0x0C, 0x0E, 0x14, 0x1E, 0x1C,
    0x1A, 0x14, 0x1E, 0x14, 0x1A, 0x14, 0x0E, 0x14, 0x2E, 0x14, 0x2C, 0x1C, 0x28, 0x14, 0x08, 0x01, 0x88, 0x81, 0x0B, 0x01, 0x03, 0x13, 0x3F, 0x15,
    0x3F, 0x17, 0x2F, 0x15, 0x2F, 0x07, 0x0E, 0x0D, 0x3E, 0x17, 0x3F, 0x1D, 0x3F, 0x37, 0x3F, 0x5D, 0x3B, 0x31, 0x3A, 0x54, 0x7A, 0x76, 0xFE, 0x55,
    0xFF, 0x77, 0xFF, 0xDD, 0xEF, 0x45, 0xEF, 0xCD, 0xCF, 0x57, 0xDF, 0xDD, 0xBF, 0x77, 0xBF, 0xDD, 0xBF, 0x37, 0xB1, 0x00, 0x00, 0x01, 0x85, 0x00,
    0x00, 0x01, 0x84, 0x00, 0x00, 0x02, 0x8F, 0x00, 0x00, 0x10, 0x94, 0x00, 0x0F, 0x02, 0x04, 0x06, 0x05, 0x0E, 0x05, 0x0F, 0x07, 0x0F, 0x1D, 0x3F,
    0x17, 0xBF, 0x9D, 0xBF, 0x37, 0x00, 0xB5, 0x00, 0x00, 0x08, 0x87, 0x00, 0x00, 0x08, 0x90, 0x00, 0x06, 0x80, 0x00, 0x80, 0x00, 0x80, 0x00, 0x80,
    0x80, 0x00, 0x00, 0x80, 0x80, 0x00, 0x00, 0x80, 0x82, 0x00, 0x14, 0x80, 0x00, 0x80, 0xC0, 0x80, 0x40, 0xC0, 0xD0, 0xE0, 0x40, 0xE0, 0xC0, 0xE0,
    0x60, 0xE0, 0xC0, 0xE8, 0x75, 0xEF, 0xDD, 0xFF, 0xB4, 0x00, 0x48, 0x40, 0x00, 0x00, 0x80, 0x02, 0x00, 0x02, 0x04, 0x02, 0x04, 0x0E, 0x04, 0x08,
    0x04, 0x08, 0x04, 0x08, 0x00, 0x0C, 0x08, 0x0A, 0x10, 0x0A, 0x00, 0x02, 0x00, 0x02, 0x00, 0x06, 0x04, 0x06, 0x05, 0x0F, 0x05, 0x9F, 0x15, 0x8F,
    0x05, 0x8F, 0x05, 0x8B, 0x97, 0x9F, 0x1D, 0x3F, 0x17, 0x3F, 0x1D, 0x3E, 0x36, 0x3E, 0x5C, 0x7E, 0x74, 0xFC, 0xDD, 0xFF, 0x75, 0xFF, 0xDD, 0xFB,
    0x71, 0xFB, 0xD1, 0xF3, 0x73, 0xF7, 0xD5, 0xFF, 0x77, 0xEF, 0xDD, 0xEF, 0x9E, 0x00, 0x04, 0x08, 0x00, 0x08, 0x00, 0x08, 0x89, 0x00, 0x30, 0x04,
    0x08, 0x00, 0x08, 0x00, 0x08, 0x00, 0x0A, 0x04, 0x0A, 0x14, 0x0E, 0x14, 0x1E, 0x14, 0x0E, 0x14, 0x2E, 0x14, 0x2C, 0x1C, 0x28, 0x14, 0x3C, 0x1C,
    0x38, 0x10, 0x38, 0x10, 0x3A, 0x11, 0x22, 0x11, 0x22, 0x03, 0x27, 0x05, 0x2F, 0x07, 0x2F, 0x0D, 0x0F, 0x07, 0x4F, 0x0D, 0x1F, 0x17, 0x3F, 0x1D,
    0x80, 0x3F, 0x19, 0x5D, 0x3E, 0x76, 0x7E, 0x5C, 0x7F, 0x74, 0xFE, 0x5C, 0xFF, 0x75, 0xFF, 0xDD, 0xFB, 0x71, 0xFB, 0xD1, 0xFB, 0x53, 0xFF, 0xD5,
    0xFF, 0x77, 0xFF, 0xDD, 0xFF, 0xB2, 0x00, 0x00, 0x01, 0x86, 0x00, 0x00, 0x01, 0x84, 0x00, 0x00, 0x02, 0x8F, 0x00, 0x00, 0x10, 0x93, 0x00, 0x0E,
    0x08, 0x04, 0x0A, 0x05, 0x0B, 0x05, 0x0B, 0x17, 0x1F, 0x1D, 0xBF, 0x17, 0xBF, 0xDD, 0xBF, 0x00, 0xB8, 0x00, 0x00, 0x08, 0x86, 0x00, 0x00, 0x08,
    0x92, 0x00, 0x00, 0x80, 0x84, 0x00, 0x1C, 0x80, 0x00, 0x80, 0x00, 0x80, 0x00, 0x80, 0x00, 0x80, 0x00, 0x80, 0x00, 0x80, 0x00, 0x80, 0x40, 0xC0,
    0x60, 0xE0, 0x60, 0xE0, 0xC0, 0xE0, 0x60, 0xE8, 0xDD, 0xFF, 0x75, 0xFF, 0xB7, 0x00, 0x1A, 0x40, 0x00, 0x00, 0x82, 0x04, 0x0E, 0x04, 0x0E, 0x04,
    0x0C, 0x04, 0x08, 0x00, 0x08, 0x00, 0x0A, 0x10, 0x1A, 0x14, 0x1A, 0x14, 0x0A, 0x14, 0x02, 0x00, 0x08, 0x04, 0x80, 0x08, 0x27, 0x05, 0x0B, 0x15,
    0x9B, 0x15, 0x8B, 0x13, 0x8B, 0x05, 0x0F, 0x57, 0x7F, 0x1D, 0x3F, 0x37, 0x3F, 0x5D, 0x3E, 0x54, 0xFE, 0x5C, 0xBE, 0x55, 0xFF, 0xDD, 0xFF, 0x77,
    0xFF, 0xDD, 0xFB, 0x73, 0xFB, 0xD5, 0xF3, 0x77, 0xEF, 0xC5, 0xEF, 0x77, 0xEF, 0xA0, 0x00, 0x00, 0x08, 0x8C, 0x00, 0x04, 0x08, 0x00, 0x08, 0x10,
    0x08, 0x81, 0x00, 0x43, 0x04, 0x02, 0x04, 0x0E, 0x14, 0xAE, 0x14, 0x0E, 0x0C, 0x0C, 0x14, 0x08, 0x1C, 0x38, 0x10, 0x38, 0x18, 0x3A, 0x30, 0x3A,
    0x10, 0x32, 0x10, 0x22, 0x04, 0x22, 0x04, 0x2E, 0x45, 0x2F, 0x47, 0x0F, 0x0D, 0x0F, 0x17, 0x5F, 0x1D, 0x1F, 0x17, 0x3F, 0x1D, 0x3F, 0x3F, 0x7E,
    0x5C, 0x7E, 0x74, 0x7E, 0x5C, 0xFD, 0x74, 0xFC, 0xDD, 0xFF, 0x75, 0xFB, 0xDD, 0xFB, 0x73, 0xFB, 0xD1, 0xF3, 0x77, 0xE7, 0xD5, 0xEF, 0x77, 0xEF,
    0xB4, 0x00, 0x00, 0x01, 0x8F, 0x00, 0x00, 0x02, 0xA4, 0x00, 0x0D, 0x01, 0x09, 0x01, 0x0B, 0x01, 0x0B, 0x11, 0x0B, 0x17, 0xBF, 0x15, 0xBF, 0x77,
    0xFF, 0x00, 0xB2, 0x00, 0x00, 0x08, 0x85, 0x00, 0x00, 0x10, 0x84, 0x00, 0x00, 0x08, 0x97, 0x00, 0x0B, 0x08, 0x00, 0x00, 0x80, 0x00, 0x80, 0x00,
    0x80, 0x00, 0x80, 0x00, 0x80, 0x84, 0x00, 0x0B, 0xC0, 0x40, 0xE0, 0x40, 0xE8, 0xD0, 0xE8, 0x70, 0xF8, 0xD9, 0xFB, 0x73, 0xB5, 0x00, 0x00, 0x80,
    0x81, 0x00, 0x80, 0x40, 0x3F, 0x08, 0x04, 0x0A, 0x04, 0x0E, 0x04, 0x0A, 0x10, 0x0A, 0x14, 0x1A, 0x14, 0x3E, 0x14, 0x3E, 0x14, 0x3E, 0x1C, 0x28,
    0x14, 0x28, 0x00, 0x28, 0x10, 0x38, 0x11, 0x3B, 0x11, 0xBB, 0x31, 0x33, 0x13, 0x27, 0x05, 0x27, 0x07, 0x2F, 0x4D, 0x6F, 0x57, 0xFF, 0x5D, 0xBF,
    0x17, 0xBF, 0x1D, 0xBF, 0x35, 0xBF, 0x5D, 0xFF, 0x77, 0xFF, 0xDD, 0xFE, 0x76, 0xFE, 0xD4, 0xEE, 0x75, 0xEF, 0xDD, 0xFF, 0x77, 0xB1, 0x00, 0x00,
    0x08, 0x81, 0x00, 0x00, 0x10, 0x82, 0x00, 0x40, 0x04, 0x0C, 0x04, 0x0C, 0x94, 0x0C, 0x1C, 0x18, 0x10, 0x18, 0x18, 0x38, 0x10, 0x38, 0x10, 0x3A,
    0x30, 0x3A, 0x54, 0xB0, 0xE0, 0x60, 0x44, 0x20, 0x40, 0x68, 0x4C, 0x6A, 0x55, 0x3F, 0x5D, 0x1B, 0x17, 0x1F, 0x15, 0xBF, 0x17, 0x3E, 0x1D, 0x3E,
    0x77, 0x7F, 0x5C, 0x7E, 0x74, 0xFE, 0x5C, 0xFC, 0x75, 0xFD, 0xDD, 0xFB, 0x77, 0xFB, 0xDD, 0xFB, 0x77, 0xF3, 0xD5, 0xE7, 0x67, 0xEF, 0xC5, 0xEF,
    0x67, 0xB6, 0x00, 0x00, 0x01, 0xB6, 0x00, 0x0C, 0x01, 0x09, 0x11, 0x1B, 0x11, 0x23, 0x11, 0x23, 0x07, 0xA7, 0x45, 0xEF, 0x77, 0x00, 0xB4, 0x00,
    0x00, 0x08, 0x85, 0x00, 0x00, 0x10, 0x84, 0x00, 0x00, 0x08, 0x97, 0x00, 0x00, 0x08, 0x83, 0x00, 0x00, 0x80, 0x87, 0x00, 0x0A, 0x40, 0xE8, 0xD8,
    0xF8, 0x50, 0xF8, 0xD8, 0xF8, 0x71, 0xFB, 0xD9, 0xA7, 0x00, 0x00, 0x08, 0x80, 0x00, 0x00, 0x08, 0x89, 0x00, 0x00, 0x80, 0x80, 0x00, 0x40, 0x20,
    0x00, 0x40, 0x48, 0x00, 0x08, 0x10, 0x0A, 0x14, 0x0A, 0x14, 0x0E, 0x14, 0x2E, 0x14, 0x3E, 0x1C, 0x3E, 0x14, 0x3C, 0x1C, 0x38, 0x10, 0x38, 0x10,
    0x38, 0x10, 0x3A, 0x50, 0x3A, 0x72, 0xFE, 0x74, 0x26, 0x46, 0xE6, 0x44, 0x2E, 0x47, 0xCF, 0x4D, 0xFF, 0x57, 0xBF, 0xDD, 0xBF, 0x17, 0xBF, 0x1D,
    0x3F, 0x37, 0xBE, 0x5C, 0xFE, 0x76, 0xFE, 0xDC, 0xFE, 0x74, 0xFC, 0xDD, 0xF9, 0x71, 0xF9, 0xD9, 0xB5, 0x00, 0x00, 0x20, 0x81, 0x00, 0x00, 0x10,
    0x81, 0x00, 0x03, 0x08, 0x0C, 0x08, 0x90, 0x80, 0x18, 0x36, 0x10, 0x38, 0x10, 0x38, 0x30, 0x38, 0x54, 0x38, 0x74, 0x7C, 0x54, 0x68, 0x50, 0x68,
    0x40, 0x68, 0x50, 0xF8, 0x50, 0xBA, 0x51, 0xBA, 0x55, 0xB2, 0x17, 0x2E, 0x04, 0x2E, 0x06, 0x6E, 0x5D, 0xFE, 0x77, 0xFF, 0x5D, 0xFF, 0x55, 0xFE,
    0x5D, 0xBA, 0x75, 0xFA, 0xDD, 0xFF, 0x77, 0xFF, 0xDD, 0xFF, 0x77, 0xFE, 0xC5, 0xEF, 0x65, 0xEF, 0xCD, 0xB8, 0x00, 0x00, 0x01, 0xA6, 0x00, 0x00,
    0x01, 0x8A, 0x00, 0x0C, 0x01, 0x01, 0x11, 0x03, 0x11, 0x33, 0x13, 0xA3, 0x45, 0xE7, 0x47, 0xEF, 0xCD, 0x00, 0xC7, 0x00, 0x00, 0x08, 0x97, 0x00,
    0x00, 0x08, 0x8A, 0x00, 0x0C, 0x08, 0x00, 0x88, 0x10, 0xF8, 0xDC, 0xF8, 0x74, 0xFA, 0xDD, 0xFA, 0x71, 0xFA, 0xA8, 0x00, 0x00, 0x08, 0x80, 0x00,
    0x00, 0x08, 0x84, 0x00, 0x06, 0x20, 0x00, 0x20, 0x00, 0x08, 0x00, 0x80, 0x81, 0x00, 0x3D, 0x20, 0x48, 0x00, 0x20, 0x10, 0x28, 0x04, 0x28, 0x04,
    0x0C, 0x04, 0x2C, 0x04, 0x2C, 0x1C, 0x3C, 0x15, 0x3C, 0x5C, 0x38, 0x30, 0x38, 0x10, 0x38, 0x70, 0xFA, 0x54, 0xF6, 0x74, 0xFE, 0x54, 0xEE, 0x44,
    0xEE, 0x44, 0xCA, 0x45, 0xCF, 0xDD, 0x9F, 0x17, 0xBF, 0x9D, 0xBF, 0x37, 0x3F, 0x1D, 0x3E, 0x36, 0x7E, 0x5C, 0xFE, 0x76, 0xFE, 0xDD, 0xFF, 0x75,
    0xFD, 0xDD, 0xF9, 0x71, 0xFB, 0xAE, 0x00, 0x00, 0x20, 0x82, 0x00, 0x02, 0x20, 0x00, 0x20, 0x83, 0x00, 0x3F, 0x20, 0x00, 0x00, 0x08, 0x00, 0x08,
    0x10, 0x19, 0x10, 0x38, 0x10, 0x28, 0x10, 0x28, 0x10, 0x38, 0x5C, 0x78, 0x70, 0x78, 0x58, 0x78, 0x50, 0xF8, 0x50, 0xB8, 0x50, 0xF8, 0x50, 0xF2,
    0x70, 0xFA, 0x54, 0xE6, 0x64, 0xEE, 0x44, 0xAE, 0x45, 0xCE, 0x5D, 0xBF, 0x57, 0xFF, 0xDD, 0xBF, 0x37, 0xBF, 0x1D, 0x3E, 0x36, 0xFE, 0x5C, 0xFE,
    0x76, 0xFE, 0xDC, 0xFE, 0x75, 0xFF, 0xDD, 0xF9, 0x71, 0xFB, 0xBA, 0x00, 0x00, 0x02, 0x90, 0x00, 0x00, 0x04, 0x99, 0x00, 0x00, 0x01, 0x80, 0x00,
    0x0D, 0x01, 0x00, 0x01, 0x03, 0x01, 0x03, 0x05, 0x23, 0x17, 0xEF, 0xC5, 0xEF, 0x45, 0xEF, 0x00, 0xC2, 0x00, 0x00, 0x20, 0x82, 0x00, 0x00, 0x08,
    0xA6, 0x00, 0x0A, 0x88, 0x18, 0x98, 0x10, 0xBC, 0xDC, 0xBE, 0x77, 0xFE, 0x5C, 0xFE, 0xAD, 0x00, 0x0F, 0x10, 0x20, 0x00, 0x20, 0x00, 0x20, 0x00,
    0x20, 0x00, 0x28, 0x00, 0x28, 0x10, 0x28, 0x10, 0x20, 0x80, 0x00, 0x3C, 0x20, 0x20, 0x60, 0x00, 0x20, 0x20, 0x2C, 0x04, 0x08, 0x04, 0x0C, 0x0C,
    0x08, 0x14, 0x1C, 0x1C, 0x38, 0x35, 0xBC, 0x5C, 0x38, 0x30, 0x38, 0x54, 0x78, 0x70, 0xFC, 0x54, 0xFC, 0x74, 0xFC, 0xDC, 0xF8, 0x50, 0xE8, 0xD0,
    0x8A, 0x11, 0xBA, 0x95, 0xBF, 0x37, 0xFF, 0x5D, 0xBF, 0x77, 0x7E, 0x5C, 0x7E, 0x56, 0xFE, 0x5D, 0xFF, 0x77, 0xFF, 0xDD, 0xFF, 0x77, 0xFF, 0xDD,
    0xFB, 0xAF, 0x00, 0x00, 0x04, 0x8A, 0x00, 0x03, 0x01, 0x00, 0x00, 0x20, 0x80, 0x00, 0x38, 0x20, 0x00, 0x20, 0x81, 0x20, 0x00, 0x28, 0x00, 0x28,
    0x10, 0x28, 0x58, 0x38, 0x50, 0xF8, 0x58, 0xB8, 0x70, 0xF8, 0x50, 0xB0, 0x70, 0xE0, 0x50, 0xE0, 0x70, 0xEC, 0xC4, 0xEA, 0x45, 0xCC, 0xC5, 0x8B,
    0x05, 0x8F, 0xDD, 0xBF, 0x17, 0xBF, 0x1D, 0xBF, 0x37, 0x3E, 0x5C, 0x7E, 0x76, 0x7E, 0x5C, 0xFE, 0x74, 0xFE, 0xDD, 0xFF, 0x75, 0xFB, 0xD9, 0xFB,
    0xBC, 0x00, 0x00, 0x02, 0x91, 0x00, 0x00, 0x08, 0x90, 0x00, 0x01, 0x01, 0x00, 0x82, 0x01, 0x10, 0x03, 0x01, 0x02, 0x00, 0x02, 0x00, 0x02, 0x00,
    0x02, 0x04, 0x0E, 0x05, 0xEF, 0x75, 0xEF, 0xDD, 0xFB, 0x00, 0xC5, 0x00, 0x00, 0x40, 0x81, 0x00, 0x00, 0x08, 0xA1, 0x00, 0x0D, 0x88, 0x00, 0x88,
    0x00, 0x88, 0x10, 0xB8, 0x10, 0xBE, 0x5C, 0xFE, 0x77, 0xFE, 0x5C, 0xAD, 0x00, 0x4F, 0x20, 0x00, 0x20, 0x00, 0x20, 0x00, 0x08, 0x00, 0x20, 0x10,
    0x28, 0x10, 0x38, 0x10, 0x38, 0x50, 0x30, 0x10, 0x20, 0x00, 0x20, 0x00, 0x60, 0x60, 0xE0, 0x40, 0xE8, 0x50, 0x88, 0x00, 0x88, 0x00, 0x08, 0x10,
    0x18, 0x1C, 0x38, 0x34, 0x3D, 0x5C, 0x3C, 0x74, 0x7C, 0x5C, 0x78, 0x74, 0xF8, 0xDC, 0xFC, 0x74, 0xF8, 0xD8, 0xF8, 0x70, 0xFA, 0xD0, 0xB2, 0x70,
    0xE2, 0xD4, 0xE6, 0x76, 0xEE, 0xDD, 0xEF, 0x7F, 0xEF, 0x5D, 0xFF, 0x57, 0x9F, 0xDD, 0xBF, 0x77, 0xFF, 0xDD, 0xFF, 0x77, 0xFF, 0xDD, 0xB1, 0x00,
    0x00, 0x08, 0x8A, 0x00, 0x00, 0x01, 0x80, 0x00, 0x07, 0x20, 0x00, 0x20, 0x00, 0x20, 0x00, 0x41, 0x01, 0x80, 0x00, 0x2E, 0x10, 0x08, 0x10, 0x38,
    0x10, 0xB8, 0x50, 0xB8, 0x70, 0xF0, 0x50, 0x60, 0x70, 0xE0, 0x40, 0xE0, 0x60, 0xE8, 0xD1, 0xE9, 0x51, 0xC9, 0xC1, 0x8B, 0x11, 0x8B, 0x95, 0xBB,
    0xBF, 0xBF, 0x5D, 0xFF, 0x77, 0xFF, 0x5D, 0x7E, 0x74, 0xFE, 0x5C, 0xFE, 0x75, 0xFF, 0xDD, 0xFF, 0x77, 0xFF, 0xDD, 0xBE, 0x00, 0x00, 0x02, 0x91,
    0x00, 0x00, 0x08, 0x89, 0x00, 0x86, 0x01, 0x13, 0x03, 0x01, 0x03, 0x01, 0x03, 0x03, 0x02, 0x00, 0x02, 0x00, 0x02, 0x04, 0x06, 0x04, 0x8E, 0x5D,
    0xFF, 0x75, 0xFB, 0xD9, 0x00, 0xC8, 0x00, 0x00, 0x40, 0x80, 0x00, 0x00, 0x08, 0x99, 0x00, 0x00, 0x08, 0x82, 0x00, 0x0D, 0x80, 0x10, 0x88, 0x10,
    0x80, 0x10, 0xA8, 0x10, 0x3A, 0x34, 0xFE, 0x5D, 0xFF, 0x77, 0xB6, 0x00, 0x46, 0x10, 0x30, 0x10, 0x30, 0x10, 0x30, 0x70, 0xF0, 0x50, 0x60, 0x60,
    0xE0, 0x40, 0xE0, 0x40, 0xE0, 0x40, 0xE8, 0x40, 0xC8, 0xD0, 0x98, 0x10, 0x88, 0x10, 0x20, 0x10, 0x38, 0x14, 0x38, 0x74, 0x7C, 0x5D, 0x7C, 0x74,
    0xFC, 0x5C, 0xF8, 0x70, 0xF8, 0xD8, 0xF8, 0x72, 0xFA, 0xD0, 0xFA, 0x70, 0xF2, 0xD0, 0xE2, 0x60, 0xE6, 0xC4, 0xEE, 0x46, 0xEE, 0xDD, 0xFF, 0xD7,
    0xDF, 0xDD, 0x9F, 0x17, 0xBF, 0x1D, 0xBF, 0x37, 0xFF, 0x5D, 0xFF, 0x77, 0xB3, 0x00, 0x00, 0x48, 0x8B, 0x00, 0x00, 0x02, 0x81, 0x00, 0x02, 0x10,
    0x00, 0x80, 0x83, 0x00, 0x02, 0x10, 0x20, 0x10, 0x80, 0x30, 0x80, 0x70, 0x23, 0xE8, 0x40, 0xE0, 0x60, 0xE8, 0xD0, 0xF8, 0x71, 0xF9, 0xD1, 0xFB,
    0x51, 0xF3, 0xD1, 0xA3, 0x03, 0xA3, 0x45, 0xBF, 0x77, 0xEF, 0x5D, 0xFF, 0x57, 0xFF, 0x5D, 0xFF, 0x55, 0xFF, 0xDD, 0xFF, 0x77, 0xFF, 0xDD, 0xFF,
    0x77, 0xC0, 0x00, 0x00, 0x02, 0x92, 0x00, 0x00, 0x08, 0x86, 0x00, 0x84, 0x01, 0x03, 0x03, 0x01, 0x03, 0x01, 0x82, 0x03, 0x0C, 0x07, 0x06, 0x04,
    0x06, 0x04, 0x0C, 0x04, 0x0D, 0x15, 0x9F, 0xDD, 0xFB, 0x77, 0x00, 0xCA, 0x00, 0x03, 0x80, 0x00, 0x00, 0x10, 0x87, 0x00, 0x00, 0x80, 0x8F, 0x00,
    0x11, 0x08, 0x00, 0x00, 0xA0, 0x50, 0xB0, 0x10, 0xA0, 0x50, 0xA0, 0x00, 0xA8, 0x44, 0x2E, 0x46, 0xFE, 0xDD, 0xFF, 0xB5, 0x00, 0x47, 0x10, 0x00,
    0x10, 0x20, 0x10, 0x20, 0x50, 0x30, 0x70, 0xE0, 0x50, 0xE0, 0x60, 0xE0, 0x40, 0xE0, 0x40, 0xE0, 0xC0, 0xE0, 0x70, 0xE8, 0xD0, 0xA0, 0x10, 0xB0,
    0x00, 0x20, 0x00, 0x28, 0x40, 0x28, 0x54, 0xFC, 0x5C, 0xF8, 0x54, 0xF8, 0x58, 0xB8, 0x70, 0xB8, 0x58, 0xF8, 0x70, 0xFA, 0xD6, 0xF8, 0xF4, 0xFC,
    0xD4, 0xE0, 0x60, 0xE8, 0xC4, 0xE8, 0x44, 0xEE, 0xDD, 0xFF, 0x57, 0xFF, 0x9D, 0xBF, 0x17, 0xBF, 0x1D, 0x3F, 0x77, 0x7F, 0x5D, 0xFF, 0xB5, 0x00,
    0x00, 0x48, 0x8C, 0x00, 0x00, 0x02, 0x81, 0x00, 0x03, 0x90, 0x01, 0x00, 0x01, 0x81, 0x00, 0x2A, 0x20, 0x00, 0x20, 0x00, 0x60, 0x40, 0x60, 0x70,
    0xE8, 0x50, 0xE0, 0x50, 0xE8, 0xD0, 0xF1, 0x71, 0xF9, 0xD1, 0xF3, 0x71, 0xF3, 0xC1, 0xE3, 0x61, 0xE3, 0x45, 0xEF, 0x57, 0xFF, 0xDD, 0xFF, 0x57,
    0xFF, 0xDD, 0xBF, 0x17, 0xBF, 0x1D, 0xBF, 0x37, 0xFF, 0x5D, 0xFF, 0xC2, 0x00, 0x00, 0x02, 0x92, 0x00, 0x00, 0x08, 0x85, 0x00, 0x80, 0x01, 0x03,
    0x03, 0x01, 0x03, 0x01, 0x80, 0x03, 0x00, 0x01, 0x80, 0x03, 0x00, 0x05, 0x80, 0x07, 0x09, 0x05, 0x07, 0x05, 0x0F, 0x0D, 0x0B, 0x17, 0xBF, 0xDD,
    0xFF, 0x00, 0xCD, 0x00, 0x00, 0x80, 0x89, 0x00, 0x00, 0x80, 0x8C, 0x00, 0x12, 0x20, 0x00, 0x20, 0x10, 0xA0, 0x10, 0xE0, 0x50, 0xE0, 0x70, 0xE0,
    0xC0, 0xE0, 0x40, 0xC8, 0xCC, 0xCF, 0x57, 0xFF, 0xA4, 0x00, 0x05, 0x20, 0x00, 0x20, 0x00, 0x00, 0x40, 0x83, 0x00, 0x00, 0x80, 0x82, 0x00, 0x46,
    0x20, 0x00, 0x20, 0x00, 0x20, 0x00, 0x20, 0x40, 0x60, 0x70, 0xE0, 0x50, 0xE0, 0x50, 0xE0, 0xD0, 0xA0, 0x50, 0xE0, 0xD0, 0xA0, 0x70, 0xE0, 0xC0,
    0xE0, 0x40, 0xE0, 0x40, 0x80, 0x40, 0x88, 0x40, 0x88, 0x50, 0xF8, 0xD8, 0xB8, 0x10, 0xB8, 0x18, 0x38, 0x30, 0x38, 0x50, 0xF8, 0x74, 0xFE, 0xDE,
    0xFC, 0xF4, 0xFC, 0xDC, 0xF8, 0x50, 0xE8, 0xD0, 0xFA, 0x51, 0xFB, 0xF5, 0xFF, 0x77, 0xFF, 0xD5, 0xBF, 0x77, 0x6F, 0x4D, 0x6F, 0x77, 0xFF, 0xB7,
    0x00, 0x00, 0x48, 0x8C, 0x00, 0x08, 0x02, 0x80, 0x01, 0x00, 0x01, 0x81, 0x09, 0x01, 0x81, 0x83, 0x00, 0x26, 0x20, 0x40, 0xE0, 0x61, 0xE0, 0x51,
    0xF0, 0x51, 0xB0, 0x10, 0xB0, 0x50, 0xF2, 0x71, 0xF2, 0xD1, 0xF3, 0x71, 0xE3, 0xC5, 0xE3, 0x41, 0xCB, 0xC5, 0xCB, 0x67, 0xFF, 0xDD, 0xBF, 0x57,
    0xBF, 0x9D, 0xBF, 0x37, 0x3F, 0x1D, 0x3E, 0x77, 0xFE, 0xDA, 0x00, 0x00, 0x08, 0x83, 0x00, 0x80, 0x01, 0x18, 0x03, 0x01, 0x03, 0x01, 0x03, 0x01,
    0x03, 0x01, 0x03, 0x01, 0x03, 0x07, 0x07, 0x05, 0x07, 0x07, 0x0F, 0x05, 0x0F, 0x07, 0x0F, 0x1D, 0x1F, 0x77, 0xFE, 0x00, 0xCF, 0x00, 0x02, 0x80,
    0x00, 0x10, 0x87, 0x00, 0x00, 0x80, 0x89, 0x00, 0x13, 0x20, 0x00, 0x20, 0x10, 0x20, 0x50, 0x20, 0x70, 0xE0, 0x40, 0xE0, 0x60, 0xE8, 0xC0, 0xE8,
    0x40, 0xC8, 0xCD, 0x8F, 0x17, 0xA3, 0x00, 0x0A, 0x20, 0x00, 0x00, 0x40, 0x20, 0x40, 0xC0, 0x40, 0x80, 0x00, 0x80, 0x80, 0x00, 0x00, 0x80, 0x80,
    0x00, 0x17, 0x20, 0x00, 0x20, 0x00, 0x20, 0x00, 0x20, 0x00, 0x20, 0x40, 0x20, 0x50, 0xF0, 0x50, 0xF0, 0x70, 0xF0, 0x50, 0xB0, 0x70, 0xE0, 0x40,
    0xE0, 0x60, 0x80, 0xE0, 0x2C, 0x40, 0xE8, 0xC0, 0xC0, 0x40, 0x88, 0x80, 0x88, 0x10, 0xB8, 0x18, 0xB8, 0x30, 0xB8, 0x5C, 0x38, 0x74, 0x78, 0x5C,
    0x78, 0x74, 0xFC, 0xDC, 0xF8, 0x74, 0xF8, 0xD8, 0xF8, 0x70, 0xF8, 0xD0, 0xF2, 0x71, 0xF2, 0xD5, 0xFF, 0x77, 0xEF, 0xC5, 0xEF, 0x47, 0xEF, 0xCD,
    0xCF, 0x57, 0xCA, 0x00, 0x03, 0x04, 0x00, 0x01, 0x80, 0x80, 0x01, 0x04, 0x80, 0x01, 0x00, 0x01, 0x00, 0x80, 0x01, 0x23, 0x81, 0x01, 0xA3, 0x11,
    0xB3, 0x11, 0x32, 0x30, 0x32, 0x50, 0x62, 0x70, 0xE2, 0xD0, 0xEA, 0x71, 0xE9, 0xC1, 0xE9, 0x41, 0xE9, 0xC1, 0xCB, 0x53, 0xFB, 0xF5, 0xBF, 0x77,
    0xFF, 0xFD, 0xBF, 0x77, 0x6F, 0x5D, 0x7F, 0x77, 0xC6, 0x00, 0x00, 0x04, 0x93, 0x00, 0x00, 0x08, 0x84, 0x00, 0x09, 0x02, 0x01, 0x03, 0x01, 0x03,
    0x01, 0x03, 0x01, 0x03, 0x01, 0x80, 0x03, 0x0A, 0x05, 0x07, 0x07, 0x0F, 0x07, 0x0F, 0x07, 0x0F, 0x1D, 0x3E, 0x76, 0x00, 0xD2, 0x00, 0x00, 0x10,
    0x88, 0x00, 0x00, 0x80, 0x87, 0x00, 0x13, 0x20, 0x00, 0x20, 0x10, 0x20, 0x70, 0x60, 0x40, 0xE0, 0x60, 0xE8, 0xD0, 0xE8, 0x70, 0xF8, 0xD8, 0xFA,
    0x51, 0xFB, 0xD5, 0xA8, 0x00, 0x07, 0x40, 0x00, 0x00, 0x80, 0x40, 0x80, 0x00, 0x80, 0x82, 0x00, 0x03, 0x20, 0x00, 0x20, 0x40, 0x83, 0x00, 0x3D,
    0x80, 0x10, 0xB0, 0x10, 0xB0, 0x50, 0xB0, 0x70, 0xF0, 0x50, 0x60, 0x60, 0xE0, 0x40, 0xE0, 0x60, 0xE8, 0xC0, 0xE8, 0x41, 0xE8, 0xC0, 0x80, 0x00,
    0x80, 0x10, 0xA0, 0x10, 0xB8, 0x50, 0xB8, 0x74, 0xFC, 0x5C, 0x7C, 0x74, 0xFC, 0x5C, 0xF8, 0x74, 0xF8, 0xDC, 0xF8, 0x70, 0xF8, 0xD8, 0xFA, 0x70,
    0xF2, 0xD0, 0xF2, 0x74, 0xEE, 0xC5, 0xEF, 0x77, 0xEF, 0xCD, 0xEF, 0x57, 0xCF, 0xDD, 0xCC, 0x00, 0x30, 0x04, 0x00, 0x00, 0x80, 0x41, 0x81, 0x01,
    0x81, 0x01, 0x81, 0x01, 0x81, 0x01, 0x03, 0x01, 0xA3, 0x11, 0x23, 0x31, 0x22, 0x50, 0x22, 0x70, 0x60, 0x40, 0xE0, 0x70, 0xF8, 0xD1, 0xF9, 0x71,
    0xF9, 0xD1, 0xFB, 0x71, 0xF3, 0xD1, 0xB3, 0x73, 0xE7, 0xF5, 0xEF, 0x77, 0xEF, 0xCD, 0xEF, 0x47, 0xEF, 0xDD, 0xC8, 0x00, 0x00, 0x04, 0x92, 0x00,
    0x01, 0x01, 0x08, 0x86, 0x00, 0x07, 0x01, 0x01, 0x03, 0x01, 0x03, 0x01, 0x03, 0x01, 0x80, 0x03, 0x08, 0x05, 0x07, 0x07, 0x0F, 0x05, 0x0F, 0x17,
    0x2E, 0x5C, 0x00, 0xD4, 0x00, 0x00, 0x10, 0x88, 0x00, 0x00, 0x80, 0x87, 0x00, 0x11, 0x20, 0x00, 0x20, 0x40, 0x60, 0x70, 0xE0, 0x40, 0xE0, 0x70,
    0xF8, 0xD0, 0xF8, 0x70, 0xFA, 0xD1, 0xFB, 0x73, 0xAB, 0x00, 0x06, 0x20, 0x00, 0xA0, 0x00, 0x20, 0x00, 0x20, 0x81, 0x00, 0x0C, 0x40, 0x00, 0x00,
    0x80, 0x40, 0x80, 0x00, 0x80, 0x00, 0x00, 0x10, 0x20, 0x10, 0x80, 0x30, 0x36, 0x50, 0x70, 0x70, 0xE0, 0x40, 0xE0, 0x40, 0xE8, 0xC0, 0xE0, 0x50,
    0xF8, 0xD0, 0xF0, 0x50, 0xF0, 0xD0, 0xA0, 0x00, 0xA0, 0x00, 0xA0, 0x40, 0xE8, 0x4C, 0xEC, 0x54, 0xFC, 0x5C, 0xB8, 0x14, 0xB8, 0x1C, 0xB8, 0x70,
    0xF8, 0xDC, 0xFA, 0x74, 0xFE, 0xDC, 0xFA, 0x74, 0xFC, 0xD4, 0xE8, 0x64, 0xEE, 0xDD, 0xFF, 0x77, 0xFF, 0xDD, 0xFF, 0x57, 0xCE, 0x00, 0x2E, 0x40,
    0x00, 0x40, 0xC0, 0x41, 0x83, 0x01, 0x81, 0x05, 0x81, 0x09, 0x89, 0x01, 0x03, 0x01, 0x23, 0x01, 0x23, 0x71, 0x6A, 0x40, 0x6A, 0x50, 0xE8, 0x50,
    0xF8, 0x71, 0xF9, 0xD9, 0xFB, 0x71, 0xFB, 0xD1, 0xF3, 0x73, 0xE3, 0xC1, 0xE3, 0x67, 0xEF, 0xC5, 0xEF, 0x67, 0xEF, 0xDD, 0xDF, 0x57, 0xCA, 0x00,
    0x00, 0x04, 0x94, 0x00, 0x00, 0x08, 0x84, 0x00, 0x80, 0x01, 0x0F, 0x03, 0x01, 0x03, 0x01, 0x03, 0x01, 0x03, 0x07, 0x07, 0x05, 0x07, 0x07, 0x0F,
    0x0D, 0xEF, 0x57, 0x00, 0xD6, 0x00, 0x00, 0x20, 0x88, 0x00, 0x00, 0x80, 0x86, 0x00, 0x10, 0x20, 0x00, 0x20, 0x40, 0x20, 0x50, 0xF8, 0x50, 0xF8,
    0x70, 0xF8, 0xD0, 0xF8, 0x70, 0xFB, 0xD5, 0xFF, 0xAC, 0x00, 0x12, 0x20, 0x00, 0x20, 0x40, 0x20, 0x40, 0x20, 0x40, 0x00, 0x00, 0x80, 0x40, 0x80,
    0x00, 0x80, 0x00, 0x80, 0x00, 0x80, 0x80, 0x00, 0x3A, 0x20, 0x00, 0x20, 0x10, 0x28, 0x50, 0x78, 0x70, 0xF8, 0x50, 0xF8, 0x50, 0xF8, 0xD0, 0xF0,
    0x70, 0xF8, 0xD0, 0xF0, 0x70, 0xF0, 0xD0, 0xE0, 0x60, 0xE0, 0x40, 0xE0, 0x40, 0xC8, 0xCC, 0xE8, 0x54, 0xFC, 0xDC, 0xB8, 0x14, 0xB8, 0x1C, 0x3A,
    0x34, 0x3E, 0x5C, 0xFE, 0x74, 0xFE, 0xDC, 0xFE, 0x74, 0xFC, 0xDC, 0xF8, 0x71, 0xF9, 0xD9, 0xFB, 0x73, 0xFB, 0xDD, 0xFF, 0xCB, 0x00, 0x31, 0x40,
    0x00, 0x00, 0x80, 0x40, 0x80, 0x00, 0x80, 0x41, 0x81, 0x01, 0x83, 0x01, 0xA1, 0x03, 0x00, 0x09, 0x2A, 0x01, 0x22, 0x41, 0x23, 0x41, 0xEB, 0x51,
    0xBB, 0x51, 0xB8, 0x11, 0xB8, 0x31, 0xFA, 0xD1, 0xFB, 0x73, 0xFB, 0xD5, 0xFB, 0x74, 0xEE, 0xC4, 0xE2, 0x65, 0xEF, 0xCD, 0xEF, 0x57, 0xFF, 0xDD,
    0xFF, 0xCC, 0x00, 0x00, 0x04, 0x87, 0x00, 0x00, 0x01, 0x89, 0x00, 0x00, 0x04, 0x83, 0x00, 0x04, 0x01, 0x03, 0x01, 0x03, 0x01, 0x80, 0x03, 0x09,
    0x01, 0x03, 0x07, 0x07, 0x05, 0x0F, 0x07, 0x8F, 0xDD, 0xFF, 0x00, 0xD7, 0x00, 0x00, 0x20, 0x94, 0x00, 0x0D, 0x80, 0xA0, 0x10, 0xB0, 0x10, 0xB8,
    0x50, 0xB8, 0x70, 0xF8, 0xD0, 0xFA, 0x77, 0xFF, 0xAC, 0x00, 0x09, 0x20, 0x00, 0x20, 0x00, 0x20, 0x40, 0x20, 0x40, 0x00, 0x40, 0x83, 0x00, 0x06,
    0x80, 0x00, 0x20, 0x00, 0x20, 0x00, 0x20, 0x80, 0x00, 0x36, 0x20, 0x00, 0x28, 0x50, 0xB8, 0x50, 0xF8, 0x50, 0xB8, 0x10, 0xB8, 0x50, 0xB0, 0x70,
    0xF0, 0x50, 0xF0, 0x70, 0xE8, 0xC0, 0xE0, 0x40, 0xC8, 0xC0, 0xC8, 0x40, 0xC8, 0xDC, 0xB8, 0x14, 0xBE, 0x9C, 0xBE, 0x34, 0x3E, 0x1C, 0x3E, 0x74,
    0x7E, 0x5C, 0xFE, 0x74, 0xFE, 0xDC, 0xFC, 0x74, 0xF8, 0xD9, 0xF8, 0x71, 0xFB, 0xD1, 0xFB, 0x77, 0xFF, 0xCA, 0x00, 0x32, 0x20, 0x00, 0x00, 0x40,
    0x00, 0x00, 0x80, 0x00, 0xA0, 0x00, 0xA0, 0x40, 0xA0, 0x41, 0xE4, 0x41, 0xA0, 0x40, 0x82, 0x40, 0x10, 0x11, 0x99, 0x51, 0x8B, 0x11, 0xBB, 0x19,
    0xBB, 0x11, 0xBB, 0x11, 0x3A, 0x30, 0xFE, 0x5C, 0xFE, 0x74, 0xFE, 0xDD, 0xFF, 0x75, 0xF8, 0xD9, 0xF9, 0x51, 0xFB, 0xD9, 0xFB, 0x77, 0xFF, 0xCE,
    0x00, 0x00, 0x04, 0x87, 0x00, 0x00, 0x01, 0x88, 0x00, 0x02, 0x01, 0x04, 0x01, 0x82, 0x00, 0x0F, 0x01, 0x02, 0x01, 0x02, 0x01, 0x02, 0x01, 0x02,
    0x01, 0x03, 0x01, 0x8F, 0x05, 0x8F, 0x57, 0xFF, 0x00, 0xDB, 0x00, 0x00, 0x80, 0x92, 0x00, 0x0B, 0x80, 0x90, 0x30, 0x30, 0x38, 0x50, 0x38, 0x70,
    0xF8, 0x5C, 0xFE, 0x74, 0xB3, 0x00, 0x00, 0x20, 0x84, 0x00, 0x06, 0x20, 0x00, 0x20, 0x00, 0x20, 0x00, 0x20, 0x80, 0x00, 0x37, 0x08, 0x00, 0x08,
    0x00, 0x08, 0x10, 0x38, 0x10, 0xB8, 0x10, 0x38, 0x30, 0x38, 0x50, 0x30, 0x70, 0xE8, 0x50, 0xF8, 0x70, 0xF8, 0xD0, 0xE8, 0x50, 0xE8, 0xC0, 0x80,
    0x10, 0xA8, 0x90, 0xBA, 0x34, 0xBE, 0x55, 0xBE, 0x76, 0x6E, 0x4C, 0x2E, 0x54, 0xFE, 0x5C, 0xFE, 0x74, 0xFE, 0xDD, 0xFF, 0x75, 0xFE, 0xDD, 0xFA,
    0x70, 0xFA, 0xD4, 0xFE, 0x77, 0xC1, 0x00, 0x00, 0x04, 0x88, 0x00, 0x2F, 0x20, 0x00, 0x20, 0x10, 0x20, 0x00, 0x20, 0x00, 0xA0, 0x40, 0xE0, 0x60,
    0xE0, 0x45, 0xE0, 0x40, 0xC0, 0x41, 0x80, 0x11, 0x99, 0x19, 0x9B, 0x11, 0xBB, 0x1D, 0xBB, 0x37, 0x3E, 0x14, 0x3E, 0x74, 0x7E, 0x5C, 0xFE, 0x74,
    0xFE, 0xDD, 0xFF, 0x75, 0xF9, 0xD9, 0xF9, 0x71, 0xFB, 0xD1, 0xF3, 0x77, 0xDB, 0x00, 0x00, 0x01, 0x85, 0x00, 0x81, 0x01, 0x00, 0x05, 0x83, 0x00,
    0x04, 0x02, 0x00, 0x02, 0x00, 0x02, 0x82, 0x01, 0x03, 0x8B, 0xC1, 0xFB, 0x77, 0x00, 0xDE, 0x00, 0x00, 0x80, 0x91, 0x00, 0x09, 0xA0, 0x90, 0x30,
    0x30, 0x78, 0x54, 0x7E, 0x74, 0xFC, 0xDC, 0xB5, 0x00, 0x08, 0x20, 0x00, 0x20, 0x80, 0x20, 0x00, 0x20, 0x00, 0x20, 0x82, 0x00, 0x39, 0x08, 0x00,
    0x08, 0x00, 0x08, 0x00, 0x08, 0x10, 0x18, 0x10, 0x38, 0x30, 0x38, 0x14, 0x38, 0x30, 0x28, 0x54, 0x68, 0x70, 0xF8, 0x58, 0xF8, 0x70, 0xF8, 0xD8,
    0xF8, 0x70, 0xF0, 0xD0, 0xA2, 0x40, 0xE2, 0x44, 0xE6, 0x66, 0xEE, 0xCD, 0xEE, 0x46, 0xCE, 0x4C, 0x9E, 0x15, 0x9E, 0x1D, 0xBF, 0x37, 0xFF, 0xDD,
    0xFF, 0x77, 0xFE, 0xDC, 0xFE, 0x74, 0xFE, 0xDC, 0xC3, 0x00, 0x00, 0x04, 0x85, 0x00, 0x30, 0x10, 0x30, 0x10, 0x30, 0x10, 0x30, 0x30, 0x20, 0x40,
    0x20, 0x60, 0x60, 0x40, 0xE0, 0x40, 0xE8, 0xC4, 0xE9, 0x40, 0x88, 0x01, 0x80, 0x01, 0x9B, 0x19, 0xBB, 0x37, 0xBF, 0x5D, 0x3F, 0x77, 0x6E, 0x5C,
    0x7E, 0x54, 0xFE, 0x5C, 0xFF, 0x75, 0xFF, 0xDD, 0xFF, 0x75, 0xFB, 0xD9, 0xFB, 0x71, 0xF2, 0xD5, 0xDD, 0x00, 0x00, 0x02, 0x85, 0x00, 0x05, 0x01,
    0x00, 0x01, 0x00, 0x00, 0x02, 0x85, 0x00, 0x82, 0x01, 0x03, 0x83, 0x41, 0xF3, 0xD1, 0x00, 0xBA, 0x00, 0x00, 0x40, 0x9E, 0x00, 0x00, 0x40, 0x96,
    0x00, 0x06, 0x40, 0xA8, 0x54, 0xFE, 0x5C, 0xFE, 0x75, 0xBB, 0x00, 0x00, 0x80, 0x86, 0x00, 0x00, 0x08, 0x84, 0x00, 0x2F, 0x28, 0x04, 0x2C, 0x14,
    0x2C, 0x1C, 0x3C, 0x14, 0x38, 0x1C, 0x38, 0x10, 0x38, 0x58, 0xB8, 0x70, 0xF8, 0x50, 0xF2, 0x70, 0xE2, 0x40, 0xE2, 0x60, 0xE6, 0x44, 0xEE, 0x45,
    0xEE, 0xDD, 0xDF, 0x57, 0x9F, 0x9D, 0x9F, 0x17, 0xBF, 0x1D, 0x3F, 0x37, 0xFF, 0xDD, 0xFE, 0x76, 0xFE, 0x5C, 0xFE, 0x74, 0xCC, 0x00, 0x30, 0x10,
    0x28, 0x10, 0x38, 0x10, 0x38, 0x10, 0x38, 0x30, 0x28, 0x40, 0x28, 0x50, 0xE8, 0x50, 0xFC, 0x50, 0xF8, 0x50, 0xB5, 0x50, 0xA0, 0x00, 0xA2, 0x08,
    0xBB, 0x54, 0xEE, 0x47, 0xEF, 0x5D, 0xEF, 0x57, 0xDF, 0x5D, 0x9F, 0x15, 0xBF, 0x1D, 0xBF, 0x77, 0xFF, 0xDD, 0xFF, 0x77, 0xFE, 0xDC, 0xFE, 0x74,
    0xD3, 0x00, 0x00, 0x04, 0x96, 0x00, 0x00, 0x01, 0x83, 0x00, 0x08, 0x01, 0x03, 0x01, 0x03, 0x01, 0xEB, 0xD1, 0xF3, 0x73, 0x00, 0xBC, 0x00, 0x00,
    0x40, 0x9D, 0x00, 0x00, 0x40, 0x81, 0x00, 0x00, 0x40, 0x88, 0x00, 0x00, 0x80, 0x84, 0x00, 0x06, 0x80, 0xC0, 0xA2, 0x55, 0xFF, 0xDD, 0xBF, 0xBD,
    0x00, 0x01, 0x10, 0x80, 0x8C, 0x00, 0x2E, 0x08, 0x04, 0x0C, 0x04, 0x0C, 0x1C, 0x1C, 0x14, 0x18, 0x1C, 0x38, 0x10, 0x38, 0x10, 0x3A, 0x30, 0x7E,
    0x54, 0x7E, 0x74, 0xEC, 0x44, 0xE8, 0x40, 0xE8, 0xC0, 0xEA, 0x51, 0xFF, 0xDD, 0xBF, 0x17, 0xBF, 0x15, 0xBF, 0x17, 0x3F, 0x15, 0x3F, 0x77, 0xFF,
    0x5D, 0xFF, 0xF7, 0xFF, 0xDD, 0xFF, 0xC6, 0x00, 0x01, 0x08, 0x02, 0x83, 0x00, 0x2E, 0x08, 0x04, 0x28, 0x14, 0x2C, 0x1C, 0x38, 0x14, 0x38, 0x18,
    0x38, 0x10, 0x38, 0x50, 0x38, 0x70, 0xF8, 0x50, 0x72, 0x74, 0xE2, 0x44, 0x62, 0x4C, 0xEE, 0x44, 0xEE, 0x45, 0xCF, 0xDD, 0xFF, 0x57, 0x9F, 0x1D,
    0xBF, 0x17, 0x3F, 0x1D, 0x3F, 0x37, 0xFE, 0x5D, 0xFE, 0x76, 0xFE, 0xDC, 0xFE, 0xD5, 0x00, 0x00, 0x04, 0x88, 0x00, 0x00, 0x02, 0x8A, 0x00, 0x0D,
    0x01, 0x00, 0x01, 0x00, 0x01, 0x00, 0x01, 0x02, 0x01, 0x2B, 0x77, 0xFE, 0xD4, 0xFE, 0x00, 0xBF, 0x00, 0x00, 0x80, 0x9C, 0x00, 0x00, 0x80, 0x82,
    0x00, 0x00, 0x40, 0x83, 0x00, 0x07, 0x80, 0x00, 0x80, 0x00, 0x80, 0x00, 0x80, 0x00, 0x80, 0x80, 0x05, 0x00, 0x82, 0xD1, 0xBF, 0x17, 0xBF, 0xBC,
    0x00, 0x00, 0x80, 0x81, 0x00, 0x00, 0x90, 0x8B, 0x00, 0x2C, 0x08, 0x04, 0x0A, 0x04, 0x0E, 0x1C, 0x1A, 0x14, 0x1E, 0x14, 0x3A, 0x14, 0x3E, 0x14,
    0x3E, 0x34, 0x3E, 0x5C, 0x7C, 0x74, 0xF8, 0x58, 0xB8, 0x51, 0xE8, 0xD1, 0xBB, 0x53, 0xFB, 0xD5, 0xBF, 0x77, 0xEF, 0x45, 0xAF, 0x47, 0xAF, 0x4D,
    0xEF, 0x57, 0xFF, 0xDD, 0xFF, 0x77, 0xFF, 0xBA, 0x00, 0x00, 0x40, 0x8A, 0x00, 0x00, 0x02, 0x81, 0x00, 0x02, 0x04, 0x00, 0x04, 0x80, 0x0C, 0x29,
    0x14, 0x1C, 0x1C, 0x3C, 0x14, 0x38, 0x18, 0x38, 0x10, 0x38, 0x10, 0x3A, 0x70, 0x7E, 0x54, 0x7E, 0x74, 0x6E, 0x44, 0x68, 0x49, 0xC8, 0x45, 0x8B,
    0x57, 0xBF, 0xDD, 0xBF, 0x17, 0xBF, 0x9D, 0x3F, 0x37, 0x3E, 0x1D, 0x3E, 0x77, 0xFE, 0x5D, 0xFF, 0x77, 0xFF, 0xBB, 0x00, 0x00, 0x02, 0x98, 0x00,
    0x00, 0x04, 0x88, 0x00, 0x00, 0x02, 0x8A, 0x00, 0x00, 0x01, 0x81, 0x00, 0x06, 0x02, 0x04, 0x2E, 0x5C, 0xFE, 0x76, 0xFE, 0x00, 0xBE, 0x00, 0x03,
    0x80, 0x00, 0x00, 0x80, 0x9B, 0x00, 0x00, 0x80, 0x83, 0x00, 0x00, 0x40, 0x81, 0x00, 0x01, 0x80, 0x00, 0x80, 0x80, 0x04, 0x00, 0xC0, 0xC0, 0x80,
    0x00, 0x80, 0x80, 0x03, 0x01, 0xA3, 0x95, 0xBF, 0xBD, 0x00, 0x00, 0x20, 0x83, 0x00, 0x00, 0x10, 0x8A, 0x00, 0x2A, 0x08, 0x00, 0x0A, 0x04, 0x0E,
    0x04, 0x0E, 0x16, 0x0E, 0x04, 0x0E, 0x04, 0x0C, 0x1C, 0x3C, 0x14, 0xBC, 0x1C, 0xB8, 0x11, 0xB8, 0x51, 0xBA, 0x11, 0xB2, 0x51, 0xB3, 0x73, 0xE7,
    0xD5, 0xEF, 0x67, 0xEF, 0xCD, 0xCF, 0x47, 0xCF, 0xCD, 0x9F, 0x17, 0xBF, 0xDD, 0xBF, 0xBA, 0x00, 0x05, 0x08, 0x00, 0x0C, 0x00, 0x28, 0x01, 0x87,
    0x00, 0x32, 0x03, 0x04, 0x02, 0x04, 0x0E, 0x04, 0x0A, 0x04, 0x0E, 0x0C, 0x1E, 0x14, 0x1E, 0x1C, 0x3E, 0x14, 0x3E, 0x14, 0x3A, 0x34, 0x3E, 0x14,
    0x3E, 0x74, 0x7C, 0x5C, 0x7C, 0x75, 0x7A, 0x59, 0x39, 0x51, 0xAB, 0x51, 0xBB, 0x1B, 0xBF, 0x55, 0xBF, 0x77, 0xEF, 0x4D, 0x2F, 0x47, 0x6F, 0x5D,
    0xFF, 0x57, 0xFF, 0xDD, 0xFF, 0xBE, 0x00, 0x00, 0x01, 0x96, 0x00, 0x00, 0x04, 0x98, 0x00, 0x08, 0x02, 0x00, 0x0E, 0x04, 0x2E, 0x44, 0xFE, 0xDD,
    0xFF, 0x00, 0xC0, 0x00, 0x00, 0x80, 0x9E, 0x00, 0x00, 0x80, 0x83, 0x00, 0x00, 0x20, 0x80, 0x00, 0x0F, 0x80, 0x00, 0x80, 0xC0, 0xC0, 0x40, 0xC0,
    0xC0, 0x80, 0x40, 0x80, 0x80, 0xA3, 0x03, 0xA7, 0xD5, 0xC0, 0x00, 0x00, 0x20, 0x80, 0x00, 0x03, 0x01, 0x00, 0x00, 0x10, 0x88, 0x00, 0x29, 0x02,
    0x00, 0x02, 0x00, 0x06, 0x04, 0x0E, 0x06, 0x0E, 0x04, 0x0E, 0x04, 0x0C, 0x0C, 0x08, 0x14, 0x9E, 0x1D, 0xBA, 0x15, 0xBA, 0x14, 0xBA, 0x30, 0xE2,
    0x50, 0xE2, 0x64, 0xEE, 0xC5, 0xEF, 0x47, 0xEF, 0xCD, 0xCF, 0x57, 0x8F, 0x9D, 0x9F, 0x17, 0xBF, 0x9D, 0xBB, 0x00, 0x07, 0x08, 0x00, 0x08, 0x00,
    0x0C, 0x00, 0x20, 0x01, 0x85, 0x00, 0x31, 0x08, 0x05, 0x0A, 0x04, 0x0A, 0x04, 0x0A, 0x01, 0x0A, 0x05, 0x0A, 0x17, 0x1E, 0x1D, 0x3E, 0x16, 0x3E,
    0x1C, 0x3E, 0x14, 0x2C, 0x1C, 0x3C, 0x14, 0x3C, 0x5D, 0x3B, 0x71, 0x7B, 0x5B, 0x3B, 0x31, 0x33, 0x51, 0x23, 0x7F, 0xEF, 0x45, 0xEF, 0x67, 0xEF,
    0x4D, 0xEF, 0x47, 0x8F, 0x5D, 0x9F, 0x17, 0xBF, 0x9D, 0xC1, 0x00, 0x00, 0x01, 0x95, 0x00, 0x00, 0x04, 0x96, 0x00, 0x08, 0x04, 0x06, 0x04, 0x0E,
    0x0C, 0x0E, 0x15, 0xFF, 0xDD, 0x00, 0xEB, 0x00, 0x05, 0x20, 0x00, 0x80, 0x00, 0x80, 0x00, 0x80, 0xC0, 0x08, 0x40, 0xE0, 0xC0, 0xE0, 0x40, 0xE0,
    0xC1, 0xE3, 0x67, 0xC6, 0x00, 0x04, 0x01, 0x00, 0x00, 0x80, 0x10, 0x85, 0x00, 0x29, 0x02, 0x00, 0x02, 0x00, 0x02, 0x04, 0x0E, 0x04, 0x0E, 0x05,
    0x8E, 0x0D, 0x0A, 0x05, 0x0A, 0x1C, 0x1B, 0x14, 0xBE, 0x1C, 0x3E, 0x36, 0xBE, 0x54, 0xFE, 0x74, 0xEC, 0xC4, 0xE8, 0x51, 0xE9, 0xDD, 0xFF, 0x53,
    0xFB, 0xDD, 0xFB, 0x13, 0xBB, 0x95, 0xA7, 0x37, 0xB9, 0x00, 0x00, 0x08, 0x80, 0x00, 0x00, 0x08, 0x80, 0x00, 0x04, 0x0C, 0x00, 0x02, 0x00, 0x02,
    0x84, 0x00, 0x2F, 0x09, 0x01, 0x0B, 0x01, 0x0B, 0x01, 0x03, 0x03, 0x02, 0x05, 0x06, 0x07, 0x0E, 0x0D, 0x2E, 0x17, 0x0E, 0x1C, 0x1E, 0x14, 0x1C,
    0x1C, 0x38, 0x11, 0x3A, 0x1D, 0x3B, 0x37, 0x3F, 0x57, 0x36, 0x70, 0x62, 0x44, 0x62, 0x65, 0xEF, 0x4D, 0xEF, 0x57, 0xEF, 0xDD, 0x9F, 0x17, 0x9F,
    0x9D, 0xBF, 0x17, 0xC4, 0x00, 0x00, 0x01, 0xA0, 0x00, 0x00, 0x04, 0x87, 0x00, 0x09, 0x02, 0x05, 0x0E, 0x05, 0x0F, 0x05, 0x0F, 0x1D, 0x9F, 0x17,
    0x00, 0xC3, 0x00, 0x00, 0x80, 0xA3, 0x00, 0x12, 0x80, 0x00, 0x80, 0x00, 0x80, 0x00, 0x80, 0x00, 0x80, 0xC0, 0xE0, 0x40, 0xE0, 0xC0, 0xE0, 0x60,
    0xE0, 0xC5, 0xEF, 0xC6, 0x00, 0x00, 0x40, 0x90, 0x00, 0x22, 0x82, 0x05, 0x8B, 0x05, 0x8F, 0x05, 0x0B, 0x07, 0x0E, 0x04, 0x0E, 0x07, 0x0E, 0x1C,
    0xBE, 0x56, 0xFE, 0x5C, 0xFE, 0x54, 0xFC, 0xD8, 0xF8, 0x51, 0xF9, 0xD1, 0xFB, 0x7B, 0xFB, 0xD5, 0xF3, 0x77, 0xE7, 0xC5, 0xE7, 0xBC, 0x00, 0x40,
    0x02, 0x00, 0x02, 0x00, 0x02, 0x00, 0x0E, 0x04, 0x0E, 0x04, 0x08, 0x04, 0x0A, 0x00, 0x08, 0x00, 0x01, 0x00, 0x08, 0x01, 0x03, 0x01, 0x03, 0x01,
    0x02, 0x07, 0x06, 0x04, 0x06, 0x07, 0x0E, 0x0D, 0x0F, 0x17, 0x0F, 0x1D, 0x1F, 0x15, 0x1F, 0x1D, 0x3A, 0x17, 0x3E, 0x1C, 0x3E, 0x36, 0x3E, 0x5C,
    0x7E, 0x74, 0x6C, 0x44, 0x68, 0x41, 0xE9, 0xDD, 0xFF, 0x57, 0xFF, 0xDD, 0xBF, 0x17, 0xBF, 0x15, 0xAF, 0xEA, 0x00, 0x00, 0x04, 0x86, 0x00, 0x08,
    0x02, 0x05, 0x0F, 0x0D, 0x0F, 0x07, 0x9F, 0x1D, 0xBF, 0x00, 0xC5, 0x00, 0x00, 0x80, 0x9F, 0x00, 0x08, 0x80, 0x00, 0x80, 0x00, 0x80, 0x00, 0x80,
    0x00, 0x80, 0x80, 0x00, 0x08, 0xC0, 0x40, 0xE0, 0x60, 0xE0, 0xC0, 0xE0, 0x71, 0xFD, 0xC9, 0x00, 0x00, 0x40, 0x83, 0x00, 0x00, 0x80, 0x80, 0x00,
    0x00, 0x80, 0x80, 0x00, 0x24, 0x80, 0x00, 0x80, 0x01, 0x82, 0x01, 0x83, 0x03, 0x8F, 0x05, 0x06, 0x07, 0x0E, 0x04, 0x0F, 0x04, 0x0E, 0x4C, 0xBE,
    0xD5, 0xFE, 0xDD, 0xFF, 0x55, 0xF8, 0xD9, 0xBA, 0x71, 0xFA, 0xD1, 0xFB, 0x7F, 0xFF, 0xD5, 0xEF, 0x67, 0xEF, 0xBA, 0x00, 0x42, 0x02, 0x00, 0x02,
    0x04, 0x02, 0x00, 0x02, 0x04, 0x02, 0x04, 0x0C, 0x04, 0x0A, 0x00, 0x08, 0x00, 0x08, 0x04, 0x08, 0x00, 0x00, 0x01, 0x02, 0x00, 0x02, 0x01, 0x06,
    0x04, 0x02, 0x05, 0x0E, 0x05, 0x0B, 0x05, 0x0F, 0x0D, 0x0F, 0x17, 0x1F, 0x1D, 0x1F, 0x17, 0x3E, 0x14, 0x3E, 0x16, 0x3E, 0x1C, 0x3E, 0x74, 0x7E,
    0x5C, 0x7D, 0x75, 0x78, 0x59, 0xF9, 0x51, 0xFB, 0xD3, 0xFB, 0x73, 0xFF, 0xD5, 0xF7, 0x77, 0xEF, 0xEC, 0x00, 0x00, 0x04, 0x85, 0x00, 0x07, 0x01,
    0x03, 0x03, 0x0F, 0x15, 0xBF, 0x17, 0xBF, 0x01, 0xC5, 0x00, 0x00, 0x80, 0x9D, 0x00, 0x02, 0x80, 0x00, 0x80, 0x84, 0x00, 0x0C, 0x80, 0x00, 0x00,
    0x40, 0xC0, 0x00, 0x00, 0xA0, 0x00, 0xA0, 0x00, 0xA0, 0x06, 0xC7, 0x00, 0x0F, 0x01, 0x00, 0x40, 0x00, 0x00, 0x80, 0x02, 0x00, 0x00, 0x80, 0x00,
    0x80, 0x00, 0x80, 0x00, 0x80, 0x81, 0x00, 0x21, 0x01, 0x00, 0x01, 0x01, 0x02, 0x0D, 0x02, 0x88, 0x02, 0x00, 0x03, 0x01, 0x01, 0x00, 0x49, 0x31,
    0xC8, 0x41, 0x4A, 0x40, 0x88, 0x47, 0xEE, 0x04, 0x25, 0x00, 0xA5, 0x05, 0xAB, 0x01, 0xA0, 0x10, 0xBA, 0x10, 0xBD, 0x00, 0x12, 0x04, 0x00, 0x04,
    0x20, 0x04, 0x0A, 0x00, 0x04, 0x04, 0x02, 0x04, 0x02, 0x00, 0x02, 0x04, 0x0A, 0x40, 0x04, 0x01, 0x80, 0x02, 0x28, 0x05, 0x0C, 0x00, 0x08, 0x00,
    0x05, 0x04, 0x00, 0x04, 0x04, 0x0E, 0x04, 0x02, 0x00, 0x0A, 0x20, 0x0A, 0x01, 0x03, 0x10, 0x1A, 0x10, 0x08, 0x00, 0x68, 0x40, 0x29, 0x02, 0x28,
    0x43, 0x28, 0x02, 0x00, 0x40, 0xA2, 0x08, 0xA4, 0x08, 0xA2, 0x08, 0xA2, 0xED, 0x00, 0x01, 0x04, 0x02, 0x86, 0x00, 0x05, 0x02, 0x0C, 0x12, 0x50,
    0xC2, 0x40, 0x00, 0xE3, 0x00, 0x04, 0x80, 0x00, 0x80, 0x00, 0x80, 0x89, 0x00, 0x08, 0x40, 0x00, 0x40, 0xC0, 0xC0, 0xE0, 0x71, 0xFB, 0xDD, 0xC8,
    0x00, 0x00, 0x01, 0x83, 0x00, 0x00, 0x42, 0x80, 0x00, 0x00, 0x80, 0x80, 0x00, 0x00, 0x80, 0x80, 0x00, 0x21, 0x80, 0x00, 0x02, 0x00, 0x82, 0x04,
    0x82, 0x05, 0x8E, 0x05, 0x8F, 0x05, 0x8F, 0x0D, 0x8B, 0x07, 0x8F, 0x1D, 0xBF, 0x17, 0xBF, 0x1D, 0x3F, 0x76, 0x7E, 0x5C, 0x7E, 0x74, 0xFC, 0xDC,
    0xFC, 0x75, 0xFD, 0xDD, 0xC0, 0x00, 0x1C, 0x04, 0x00, 0x00, 0x28, 0x00, 0x0A, 0x00, 0x0A, 0x04, 0x0A, 0x04, 0x0E, 0x04, 0x0A, 0x04, 0x08, 0x24,
    0x08, 0x00, 0x08, 0x06, 0x08, 0x01, 0x08, 0x01, 0x0B, 0x01, 0x03, 0x01, 0x80, 0x03, 0x1C, 0x05, 0x27, 0x07, 0x2F, 0x0D, 0x2F, 0x07, 0x0F, 0x0D,
    0x0F, 0x15, 0x1F, 0x1D, 0x3F, 0x17, 0x3F, 0x5D, 0x3F, 0x77, 0xFE, 0x54, 0x7A, 0x74, 0xFE, 0x54, 0xFE, 0x75, 0xFF, 0xDD, 0xEF, 0x00, 0x00, 0x02,
    0x84, 0x00, 0x05, 0x02, 0x01, 0x23, 0x67, 0xEF, 0xC5, 0x00, 0xC3, 0x00, 0x00, 0x40, 0x9E, 0x00, 0x04, 0x80, 0x00, 0x80, 0x00, 0x80, 0x84, 0x00,
    0x0B, 0x80, 0x00, 0x80, 0x00, 0x80, 0x00, 0x80, 0x00, 0xA0, 0xC0, 0xBB, 0x77, 0xC1, 0x00, 0x00, 0x20, 0x8C, 0x00, 0x0A, 0x40, 0x04, 0x00, 0x00,
    0x80, 0x00, 0x00, 0x02, 0x00, 0x00, 0x02, 0x82, 0x00, 0x1B, 0x80, 0x00, 0x8A, 0x01, 0x8B, 0x85, 0x8B, 0x07, 0x8B, 0x07, 0x0B, 0x17, 0x0F, 0x15,
    0x3F, 0x37, 0x7E, 0x5D, 0x7E, 0xF6, 0xFE, 0x5C, 0xFC, 0x74, 0xFC, 0xDD, 0xF9, 0x71, 0xC5, 0x00, 0x29, 0x22, 0x00, 0x02, 0x00, 0x0A, 0x04, 0x0E,
    0x04, 0x0F, 0x04, 0x0C, 0x04, 0x08, 0x04, 0x2C, 0x00, 0x08, 0x14, 0x18, 0x11, 0x1A, 0x11, 0x32, 0x11, 0x22, 0x00, 0x22, 0x00, 0x06, 0x05, 0x0F,
    0x07, 0x0F, 0x0D, 0x0F, 0x17, 0x0F, 0x1D, 0x1F, 0x17, 0x3F, 0x1D, 0x80, 0x3F, 0x0A, 0x5D, 0x7E, 0x76, 0xFE, 0x5C, 0xFE, 0x74, 0xFC, 0xDC, 0xF9,
    0x75, 0xE4, 0x00, 0x00, 0x01, 0x89, 0x00, 0x00, 0x02, 0x84, 0x00, 0x03, 0x60, 0x44, 0xEF, 0x65, 0x00, 0xC6, 0x00, 0x00, 0x80, 0xA1, 0x00, 0x00,
    0x80, 0x80, 0x00, 0x03, 0x80, 0x00, 0x80, 0x00, 0x80, 0x80, 0x06, 0x00, 0x80, 0x00, 0x22, 0x01, 0x3E, 0x5C, 0xC3, 0x00, 0x00, 0x20, 0x84, 0x00,
    0x00, 0x01, 0x80, 0x00, 0x00, 0x08, 0x80, 0x00, 0x04, 0x08, 0x44, 0x00, 0x80, 0x08, 0x80, 0x00, 0x04, 0x0A, 0x04, 0x08, 0x00, 0x08, 0x80, 0x00,
    0x19, 0x88, 0x01, 0x8B, 0x11, 0x8B, 0x15, 0xA3, 0x17, 0xA7, 0x05, 0x27, 0x07, 0x2E, 0x0D, 0x2F, 0x57, 0xFF, 0x5D, 0xFF, 0xD7, 0xFF, 0xDD, 0xBF,
    0x75, 0xFB, 0xDD, 0xC7, 0x00, 0x35, 0x20, 0x00, 0x02, 0x04, 0x0C, 0x04, 0x0E, 0x04, 0x0D, 0x0C, 0x08, 0x10, 0x08, 0x10, 0x18, 0x14, 0x18, 0x10,
    0x3E, 0x10, 0x3A, 0x14, 0x22, 0x00, 0x22, 0x04, 0x20, 0x00, 0x08, 0x05, 0x0B, 0x07, 0x0F, 0x1D, 0x1F, 0x17, 0x1F, 0x15, 0x3F, 0x17, 0x3E, 0x1D,
    0x3E, 0x7F, 0x7E, 0x5C, 0xFE, 0x74, 0xFE, 0xDC, 0xFC, 0x75, 0xF8, 0xD9, 0xF2, 0x00, 0x00, 0x02, 0x82, 0x00, 0x04, 0x04, 0x68, 0x40, 0xE8, 0xDD,
    0x00, 0xC8, 0x00, 0x00, 0x80, 0xA0, 0x00, 0x07, 0x80, 0x00, 0x80, 0x00, 0x80, 0x00, 0x80, 0x00, 0x80, 0x80, 0x05, 0x00, 0x80, 0x01, 0x22, 0x37,
    0x3E, 0xC5, 0x00, 0x00, 0x20, 0x84, 0x00, 0x03, 0x02, 0x00, 0x00, 0x08, 0x80, 0x00, 0x28, 0x08, 0x04, 0x04, 0x40, 0x88, 0x04, 0x08, 0x04, 0x0C,
    0x1C, 0x3A, 0x10, 0x18, 0x10, 0x38, 0x10, 0xA8, 0x10, 0xB2, 0x11, 0xA2, 0x55, 0xA7, 0x47, 0xEF, 0x45, 0xAF, 0x07, 0x8F, 0x4D, 0x8F, 0x17, 0xDF,
    0xDD, 0xBF, 0x17, 0xFF, 0x1D, 0xBF, 0x37, 0x3E, 0xCA, 0x00, 0x32, 0x20, 0x00, 0x08, 0x04, 0x08, 0x00, 0x08, 0x1D, 0x18, 0x10, 0x18, 0x10, 0x38,
    0x10, 0x38, 0x14, 0x38, 0x14, 0x2C, 0x14, 0x28, 0x14, 0x28, 0x00, 0x28, 0x00, 0x08, 0x01, 0x0B, 0x11, 0x3B, 0x15, 0x3F, 0x17, 0x2F, 0x15, 0x2F,
    0x07, 0x2E, 0x0C, 0x2E, 0x5F, 0xFF, 0x5D, 0xFF, 0x77, 0xFF, 0xDD, 0xFF, 0x75, 0xFB, 0xF4, 0x00, 0x00, 0x01, 0x81, 0x00, 0x03, 0x44, 0xF8, 0x71,
    0xF9, 0x00, 0xEE, 0x00, 0x0E, 0x80, 0x00, 0x80, 0x00, 0x80, 0x00, 0x80, 0x00, 0x80, 0x00, 0x82, 0x03, 0xEF, 0x4D, 0x7F, 0xC2, 0x00, 0x00, 0x01,
    0x81, 0x00, 0x00, 0x20, 0x83, 0x00, 0x00, 0x02, 0x81, 0x00, 0x10, 0x04, 0x00, 0x04, 0x0C, 0x04, 0x0C, 0x64, 0x0C, 0x0C, 0x08, 0x14, 0x38, 0x1C,
    0x38, 0x12, 0x38, 0x10, 0x80, 0x30, 0x15, 0x50, 0x22, 0x60, 0xEE, 0x44, 0xEE, 0x45, 0xEF, 0xC5, 0xCF, 0x45, 0x8F, 0x8D, 0x9F, 0x17, 0xBF, 0x9D,
    0xBF, 0x37, 0xBF, 0x5D, 0x3F, 0xCE, 0x00, 0x2E, 0x08, 0x00, 0x08, 0x10, 0x08, 0x10, 0x38, 0x10, 0x28, 0x14, 0x28, 0x00, 0x28, 0x14, 0x2C, 0x14,
    0x3C, 0x5C, 0x38, 0x50, 0x38, 0x50, 0x30, 0x10, 0x20, 0x10, 0xA2, 0x33, 0xE7, 0x45, 0x6F, 0x67, 0xEF, 0x45, 0x2F, 0x47, 0x8F, 0x4D, 0x9F, 0x17,
    0xBF, 0xDD, 0xBF, 0x77, 0xFF, 0x5D, 0xBF, 0xF5, 0x00, 0x07, 0x01, 0x00, 0x01, 0x03, 0x01, 0xFB, 0xDD, 0xFB, 0x00, 0xF4, 0x00, 0x08, 0x80, 0x00,
    0x80, 0x00, 0x80, 0xC5, 0xEF, 0x47, 0xEF, 0xC5, 0x00, 0x00, 0x01, 0x80, 0x00, 0x00, 0x10, 0x83, 0x00, 0x00, 0x02, 0x80, 0x00, 0x28, 0x08, 0x04,
    0x08, 0x04, 0x08, 0x0C, 0x0A, 0x50, 0x28, 0x18, 0x38, 0x10, 0x38, 0x1C, 0x3A, 0x36, 0x3A, 0x54, 0x30, 0x70, 0xE8, 0x44, 0xE8, 0x64, 0xEC, 0xDC,
    0xFB, 0x53, 0xFB, 0xD1, 0x9B, 0x13, 0x8B, 0x95, 0xBF, 0x17, 0xBF, 0x5D, 0xFF, 0x77, 0xFF, 0xD4, 0x00, 0x28, 0x08, 0x00, 0x28, 0x00, 0x28, 0x00,
    0x08, 0x00, 0x08, 0x18, 0x38, 0x10, 0x3C, 0x58, 0x38, 0x30, 0x38, 0x50, 0x30, 0x70, 0x60, 0x40, 0x62, 0x64, 0xEE, 0x45, 0xEF, 0x45, 0xCF, 0xCD,
    0x8F, 0x17, 0x8F, 0x1D, 0x9F, 0x17, 0xBF, 0x1D, 0xBF, 0x77, 0xFF, 0xF5, 0x00, 0x80, 0x01, 0x04, 0x03, 0x01, 0xA3, 0x77, 0xFF, 0x00, 0xF5, 0x00,
    0x07, 0x80, 0x00, 0x80, 0x00, 0xC0, 0xC5, 0xEF, 0x57, 0xC4, 0x00, 0x03, 0x80, 0x00, 0x00, 0x01, 0x80, 0x00, 0x06, 0x30, 0x00, 0x20, 0x00, 0x21,
    0x00, 0x04, 0x80, 0x00, 0x27, 0x08, 0x00, 0x88, 0x00, 0x08, 0x10, 0x08, 0x12, 0x18, 0x10, 0x38, 0x14, 0x3C, 0x5C, 0x3C, 0x74, 0x7C, 0x5E, 0x7C,
    0x74, 0xE8, 0x58, 0xF8, 0x50, 0xF8, 0xD8, 0xFA, 0x73, 0xFB, 0xD1, 0xF3, 0x73, 0xE3, 0x45, 0xA7, 0x47, 0xEF, 0x4D, 0xEF, 0x57, 0xD0, 0x00, 0x00,
    0x10, 0x85, 0x00, 0x23, 0x08, 0x00, 0x08, 0x10, 0x08, 0x10, 0x38, 0x10, 0x38, 0x14, 0x38, 0x70, 0x78, 0x50, 0x70, 0x70, 0xE0, 0x40, 0xE0, 0x40,
    0xE8, 0xC5, 0xEB, 0x51, 0xFB, 0xDD, 0xBB, 0x13, 0x9B, 0x15, 0xBF, 0x17, 0xBF, 0x5D, 0x7F, 0x77, 0xF0, 0x00, 0x84, 0x01, 0x80, 0x03, 0x02, 0x05,
    0x3F, 0x77, 0x00, 0xF7, 0x00, 0x05, 0x80, 0xC0, 0xC0, 0x41, 0xCB, 0xDD, 0xC6, 0x00, 0x0D, 0x80, 0x00, 0x00, 0x21, 0x00, 0x20, 0x00, 0x30, 0x00,
    0x20, 0x40, 0x20, 0x00, 0x04, 0x80, 0x00, 0x25, 0x88, 0x00, 0xC8, 0x10, 0x88, 0x10, 0x20, 0x12, 0x28, 0x04, 0x38, 0x14, 0x7C, 0x5C, 0x7C, 0x74,
    0xFC, 0x5C, 0xF8, 0x50, 0xF8, 0xD8, 0xF8, 0x70, 0xF8, 0xD0, 0xFA, 0x72, 0xFE, 0xD4, 0xE6, 0x67, 0xE6, 0xC5, 0xEF, 0x47, 0xCF, 0xCD, 0xC4, 0x00,
    0x00, 0x08, 0x96, 0x00, 0x1E, 0x10, 0x00, 0x10, 0x30, 0x10, 0x38, 0x50, 0x7C, 0x70, 0xF8, 0x50, 0xE8, 0x50, 0xE8, 0xD0, 0xE8, 0x51, 0xF9, 0xD1,
    0xFB, 0x73, 0xFB, 0xD5, 0xB3, 0x77, 0xB7, 0x45, 0x27, 0x47, 0xEF, 0x4D, 0xF0, 0x00, 0x82, 0x01, 0x80, 0x03, 0x04, 0x01, 0x03, 0x07, 0x2F, 0x5D,
    0x00, 0xF6, 0x00, 0x06, 0x80, 0x40, 0xC0, 0xC0, 0xE0, 0x51, 0xFB, 0xC6, 0x00, 0x36, 0x20, 0x00, 0xA0, 0x00, 0x20, 0x01, 0x20, 0x40, 0x60, 0x60,
    0xE0, 0x40, 0xA0, 0x40, 0x84, 0x00, 0x80, 0x00, 0x80, 0x00, 0xA0, 0x40, 0xA0, 0x00, 0x20, 0x00, 0x2A, 0x04, 0x08, 0x08, 0x8C, 0x5C, 0xB8, 0x54,
    0xFC, 0xDC, 0xBC, 0x70, 0xB8, 0x50, 0xB8, 0x70, 0xF8, 0xD4, 0xFB, 0x74, 0xFE, 0xD4, 0xEE, 0x65, 0xEF, 0xC5, 0xCB, 0x41, 0xCB, 0xC7, 0x00, 0x00,
    0x08, 0x95, 0x00, 0x1C, 0x20, 0x00, 0x20, 0x00, 0x28, 0x40, 0x78, 0x74, 0xF8, 0x58, 0xF8, 0x50, 0xF8, 0xD0, 0xB8, 0x71, 0xF1, 0xD1, 0xF3, 0x73,
    0xF3, 0xD5, 0xE7, 0x77, 0xFF, 0xC5, 0xEF, 0x47, 0xCF, 0xEF, 0x00, 0x82, 0x01, 0x01, 0x03, 0x01, 0x80, 0x03, 0x03, 0x05, 0x07, 0x07, 0xEF, 0x00,
    0xF6, 0x00, 0x06, 0x80, 0xC0, 0xE0, 0x60, 0xF8, 0xD1, 0xF3, 0xC6, 0x00, 0x36, 0x20, 0x00, 0x20, 0x00, 0x20, 0x00, 0x20, 0x41, 0xE0, 0x40, 0xE0,
    0x50, 0xE0, 0x50, 0xA0, 0x06, 0xA0, 0x00, 0xA0, 0x00, 0xA0, 0x40, 0xE0, 0x40, 0xE8, 0x40, 0x88, 0x40, 0x89, 0x00, 0x88, 0x18, 0x98, 0x18, 0xB8,
    0x30, 0xB8, 0x5C, 0x38, 0x74, 0x7C, 0x54, 0x78, 0x74, 0xFC, 0xDD, 0xFC, 0x74, 0xFC, 0xDD, 0xF9, 0x71, 0xFB, 0xD1, 0xFB, 0xC7, 0x00, 0x00, 0x40,
    0x8A, 0x00, 0x01, 0x08, 0x08, 0x8C, 0x00, 0x16, 0x08, 0x50, 0xB8, 0x53, 0xF9, 0x51, 0xBA, 0x71, 0xF8, 0x50, 0xF2, 0x70, 0xF2, 0xD0, 0xF2, 0x75,
    0xEF, 0xC5, 0xEF, 0x45, 0xEF, 0xCD, 0xCB, 0xF1, 0x00, 0x0B, 0x01, 0x00, 0x01, 0x03, 0x01, 0x03, 0x01, 0x03, 0x07, 0x87, 0x45, 0xCF, 0x00, 0xF8,
    0x00, 0x04, 0xE0, 0xD0, 0xFA, 0x70, 0xFA, 0xCF, 0x00, 0x2D, 0x02, 0xA0, 0x50, 0xB0, 0x70, 0xF0, 0x50, 0xA0, 0x69, 0xE0, 0x40, 0xE0, 0x40, 0xE0,
    0xC0, 0xE0, 0x40, 0xC8, 0xC0, 0x88, 0x01, 0x88, 0x00, 0x88, 0x18, 0xB8, 0x10, 0x38, 0x34, 0x7C, 0x5C, 0x7C, 0x74, 0x7C, 0x5C, 0xFC, 0x74, 0xFC,
    0xDC, 0xF8, 0x71, 0xFB, 0xD9, 0xFB, 0x71, 0xFB, 0xC9, 0x00, 0x00, 0x40, 0x8A, 0x00, 0x01, 0x08, 0x08, 0x83, 0x00, 0x05, 0x01, 0x00, 0x01, 0x00,
    0x01, 0x00, 0x81, 0x01, 0x13, 0x11, 0x3B, 0x33, 0xBB, 0x51, 0x3A, 0x70, 0xFA, 0x54, 0xE0, 0x70, 0xE8, 0xD4, 0xF8, 0x75, 0xFF, 0xDD, 0xFB, 0x51,
    0xFB, 0xF6, 0x00, 0x06, 0x03, 0x01, 0x03, 0x05, 0x87, 0x47, 0xCF, 0x00, 0xF7, 0x00, 0x05, 0x20, 0x00, 0xE8, 0x54, 0xFE, 0x76, 0xCE, 0x00, 0x2E,
    0x40, 0x00, 0x00, 0x20, 0x10, 0x20, 0x70, 0xE0, 0x50, 0xE0, 0x68, 0xE1, 0x40, 0xE0, 0x40, 0xE0, 0xC0, 0xE0, 0x40, 0xE8, 0xD0, 0xA0, 0x10, 0x81,
    0x00, 0x20, 0x00, 0x28, 0x04, 0x28, 0x74, 0xFC, 0x5C, 0xFC, 0x74, 0xFC, 0x5C, 0xF8, 0x50, 0xF8, 0xD8, 0xFA, 0x71, 0xFB, 0xDD, 0xFB, 0x77, 0xCB,
    0x00, 0x00, 0x40, 0x80, 0x00, 0x00, 0x10, 0x8D, 0x00, 0x01, 0x01, 0x81, 0x80, 0x01, 0x17, 0x81, 0x01, 0x03, 0x01, 0x03, 0x01, 0x23, 0x33, 0xBB,
    0x54, 0x7E, 0x74, 0xFE, 0x54, 0xF8, 0x70, 0xF8, 0xD8, 0xF9, 0x71, 0xFB, 0xD9, 0xFB, 0x73, 0xF8, 0x00, 0x04, 0x01, 0x03, 0x85, 0xCB, 0x57, 0x00,
    0xE7, 0x00, 0x00, 0x80, 0x8E, 0x00, 0x03, 0x20, 0x74, 0xFE, 0xDC, 0xCB, 0x00, 0x00, 0x80, 0x81, 0x00, 0x2C, 0x40, 0x20, 0x00, 0x24, 0x40, 0x20,
    0x70, 0xE0, 0x40, 0xE8, 0x40, 0xE1, 0xC0, 0xE0, 0x40, 0xE0, 0xD0, 0xE0, 0x50, 0xE0, 0xD0, 0xA0, 0x40, 0xA0, 0x40, 0x20, 0x00, 0x88, 0x4C, 0xEC,
    0x54, 0xFC, 0xDC, 0xFC, 0x54, 0xBC, 0x1C, 0xBA, 0x30, 0xBA, 0x5C, 0xFE, 0x76, 0xFE, 0xDC, 0xCB, 0x00, 0x02, 0x01, 0x00, 0x40, 0x8B, 0x00, 0x00,
    0x04, 0x80, 0x00, 0x80, 0x01, 0x19, 0x81, 0x01, 0x03, 0x01, 0x03, 0x01, 0x03, 0x01, 0x22, 0x04, 0x22, 0x57, 0xEF, 0x5D, 0xFE, 0x75, 0xFC, 0x5C,
    0xF8, 0x51, 0xF8, 0xD9, 0xFB, 0x71, 0xFB, 0xD5, 0xF8, 0x00, 0x80, 0x01, 0x01, 0xCB, 0xD9, 0x00, 0xE9, 0x00, 0x00, 0x80, 0x8C, 0x00, 0x03, 0x44,
    0x2E, 0x74, 0xFE, 0xC8, 0x00, 0x00, 0x80, 0x82, 0x00, 0x01, 0x20, 0x00, 0x80, 0x20, 0x29, 0x00, 0x20, 0x44, 0x20, 0x50, 0xE0, 0x50, 0xF0, 0x58,
    0xF8, 0xD1, 0xB0, 0x50, 0xA0, 0xD0, 0xE0, 0x70, 0xE0, 0xC0, 0xE0, 0x60, 0xE0, 0xC0, 0xC0, 0x40, 0xC8, 0xC0, 0x88, 0x14, 0x9C, 0x9C, 0xBE, 0x14,
    0xBE, 0x1C, 0x3E, 0x36, 0x3E, 0x5C, 0x7E, 0x76, 0xFE, 0xCD, 0x00, 0x02, 0x01, 0x00, 0x40, 0x8B, 0x00, 0x02, 0x04, 0x00, 0x00, 0x80, 0x01, 0x18,
    0x81, 0x01, 0x23, 0x01, 0x23, 0x01, 0x02, 0x01, 0x02, 0x05, 0x0B, 0x05, 0xEF, 0xDD, 0xBF, 0x55, 0xBF, 0x5D, 0xBB, 0x31, 0xBA, 0x50, 0xFA, 0x76,
    0xFE, 0xF7, 0x00, 0x05, 0x01, 0x00, 0x01, 0x83, 0x41, 0xFB, 0x00, 0xDF, 0x00, 0x00, 0x80, 0x87, 0x00, 0x00, 0x80, 0x8C, 0x00, 0x02, 0x8C, 0x5C,
    0xBF, 0xD0, 0x00, 0x03, 0x20, 0x00, 0x00, 0x20, 0x80, 0x00, 0x25, 0x04, 0x20, 0x50, 0xB8, 0x50, 0xB8, 0x30, 0xB0, 0x50, 0xB0, 0x70, 0xE0, 0x40,
    0xE0, 0x60, 0xE8, 0xC0, 0xE8, 0x40, 0xE8, 0xC0, 0x88, 0x00, 0x88, 0x80, 0x98, 0x14, 0xBE, 0x1C, 0xBE, 0x36, 0x3E, 0x5C, 0x3E, 0x76, 0x7E, 0x5C,
    0xFE, 0xCF, 0x00, 0x00, 0x01, 0x84, 0x00, 0x00, 0x08, 0x85, 0x00, 0x00, 0x04, 0x80, 0x00, 0x18, 0x20, 0x01, 0xA0, 0x41, 0xA3, 0x41, 0xC3, 0x41,
    0x83, 0x01, 0x8B, 0x01, 0x8B, 0x15, 0xBF, 0x9D, 0xFF, 0x37, 0xBF, 0x1D, 0x3E, 0x76, 0x7E, 0x5C, 0xFE, 0xF3, 0x00, 0x80, 0x01, 0x06, 0x03, 0x01,
    0x02, 0x00, 0x02, 0x40, 0xFA, 0x00, 0xE1, 0x00, 0x00, 0x80, 0x87, 0x00, 0x00, 0x80, 0x88, 0x00, 0x04, 0x80, 0x00, 0x8A, 0x15, 0x9F, 0xD5, 0x00,
    0x00, 0x20, 0x80, 0x00, 0x23, 0x18, 0x30, 0x50, 0x38, 0x58, 0x30, 0x70, 0x78, 0x50, 0x60, 0x60, 0xE8, 0x40, 0xE8, 0x70, 0xE8, 0xD0, 0xF8, 0x50,
    0xF8, 0xD0, 0xA0, 0x10, 0xA0, 0x00, 0xA2, 0x16, 0xEE, 0x5C, 0xFE, 0x77, 0xEE, 0x5D, 0xFE, 0x55, 0xFE, 0xD1, 0x00, 0x00, 0x01, 0x84, 0x00, 0x00,
    0x08, 0x81, 0x00, 0x1E, 0x20, 0x00, 0x20, 0x00, 0x22, 0x00, 0x20, 0x40, 0x20, 0x40, 0xE0, 0x41, 0xE1, 0x41, 0xC9, 0x41, 0x83, 0x01, 0x8B, 0x11,
    0x9B, 0x17, 0xBF, 0x1D, 0xFF, 0x77, 0x7E, 0x5C, 0x7E, 0x74, 0xFE, 0xF1, 0x00, 0x82, 0x01, 0x06, 0x03, 0x01, 0x02, 0x00, 0x02, 0x44, 0xFE, 0x00,
    0xF9, 0x00, 0x03, 0x88, 0x85, 0x9F, 0x17, 0xC7, 0x00, 0x03, 0x20, 0x00, 0x00, 0x80, 0x88, 0x00, 0x00, 0x20, 0x81, 0x00, 0x21, 0x28, 0x90, 0x38,
    0x58, 0x38, 0x70, 0x78, 0x50, 0x68, 0x50, 0xE8, 0x50, 0xF8, 0x50, 0xF8, 0xD0, 0xF8, 0x70, 0xF8, 0xD0, 0xE2, 0x60, 0xE2, 0x44, 0xE6, 0x44, 0xEE,
    0xCD, 0xEF, 0x57, 0xFF, 0xDD, 0x9F, 0x17, 0xD3, 0x00, 0x02, 0x01, 0x00, 0x40, 0x86, 0x00, 0x1D, 0x20, 0x00, 0x20, 0x40, 0x22, 0x40, 0x60, 0x40,
    0x60, 0x40, 0xE8, 0xC1, 0xE9, 0x51, 0xEB, 0xD1, 0x83, 0x01, 0x83, 0x01, 0x23, 0x07, 0x2F, 0x5D, 0x7F, 0xF7, 0xFF, 0x5D, 0xFF, 0x55, 0xF0, 0x00,
    0x01, 0x01, 0x00, 0x82, 0x01, 0x05, 0x03, 0x03, 0x02, 0x00, 0x66, 0x74, 0x00, 0xE4, 0x00, 0x00, 0x40, 0x87, 0x00, 0x00, 0x80, 0x84, 0x00, 0x05,
    0x80, 0x00, 0x82, 0x03, 0xBF, 0xD5, 0xCC, 0x00, 0x00, 0x80, 0x88, 0x00, 0x00, 0x10, 0x81, 0x00, 0x1F, 0x28, 0x80, 0x28, 0x58, 0x38, 0x50, 0xF8,
    0x58, 0xB8, 0x10, 0xB8, 0x50, 0xB8, 0xF0, 0xF8, 0xD0, 0xF2, 0x70, 0xF2, 0xC4, 0xE2, 0x64, 0xE6, 0xC4, 0xCE, 0x45, 0xCF, 0xDD, 0xDF, 0x57, 0xBF,
    0x9D, 0xD7, 0x00, 0x00, 0x80, 0x82, 0x00, 0x1F, 0x24, 0x00, 0x20, 0x00, 0x20, 0x00, 0x28, 0x40, 0x22, 0x40, 0x28, 0x40, 0xA0, 0x50, 0xF8, 0x51,
    0xB3, 0x71, 0xE3, 0x51, 0xA3, 0x03, 0xA7, 0x45, 0x27, 0x47, 0xEF, 0x4D, 0xFF, 0x57, 0xFF, 0xDD, 0xF2, 0x00, 0x0A, 0x01, 0x00, 0x01, 0x00, 0x01,
    0x02, 0x01, 0x03, 0x03, 0xEF, 0x5D, 0x00, 0xE6, 0x00, 0x00, 0x40, 0x86, 0x00, 0x00, 0x80, 0x84, 0x00, 0x04, 0x80, 0x80, 0x83, 0x57, 0xFF, 0xCE,
    0x00, 0x00, 0x40, 0x88, 0x00, 0x00, 0x10, 0x80, 0x00, 0x1E, 0x08, 0x80, 0x08, 0x1C, 0x38, 0x10, 0x38, 0x18, 0x38, 0x10, 0x38, 0x10, 0x38, 0xF0,
    0xF8, 0x54, 0xFA, 0x74, 0xFC, 0xD4, 0xE8, 0x40, 0xE8, 0xC1, 0xC9, 0x41, 0xCB, 0xDD, 0xBF, 0x57, 0xBF, 0xD9, 0x00, 0x00, 0x80, 0x83, 0x00, 0x1C,
    0x2A, 0x00, 0x28, 0x10, 0x38, 0x50, 0x38, 0x12, 0x38, 0x10, 0x30, 0x30, 0xB0, 0x50, 0xF2, 0x71, 0xE2, 0x45, 0xE2, 0x45, 0xEE, 0x45, 0xCF, 0x45,
    0xCF, 0xDD, 0x9F, 0x57, 0xBF, 0xF7, 0x00, 0x05, 0x01, 0x00, 0x01, 0x03, 0x57, 0xFF, 0x00, 0xE8, 0x00, 0x00, 0x40, 0x86, 0x00, 0x00, 0x80, 0x80,
    0x00, 0x06, 0x80, 0x00, 0x80, 0x00, 0x82, 0xC5, 0xE7, 0xCD, 0x00, 0x00, 0x80, 0x8D, 0x00, 0x1E, 0x08, 0x00, 0x08, 0x88, 0x08, 0x1C, 0x38, 0x14,
    0x38, 0x14, 0x3A, 0x34, 0x38, 0x54, 0x38, 0x74, 0xFC, 0x5C, 0xFC, 0x74, 0xFC, 0xDC, 0xF8, 0x51, 0xF9, 0xD1, 0xB3, 0x53, 0xF3, 0xD5, 0xF7, 0xD9,
    0x00, 0x23, 0x01, 0x00, 0x80, 0x00, 0x00, 0x08, 0x00, 0x08, 0x00, 0x0A, 0x1C, 0x38, 0x10, 0x38, 0x18, 0x3A, 0x30, 0x38, 0x10, 0x31, 0x70, 0x70,
    0x54, 0xEA, 0x74, 0xEE, 0xC5, 0xEB, 0x45, 0xCB, 0xC1, 0x8B, 0x13, 0x9F, 0x9D, 0xBF, 0xF7, 0x00, 0x80, 0x01, 0x02, 0x83, 0x81, 0xBF, 0x00, 0xE9,
    0x00, 0x00, 0x40, 0x86, 0x00, 0x00, 0x80, 0x80, 0x00, 0x05, 0x80, 0x00, 0x80, 0x40, 0xC2, 0xC5, 0xCF, 0x00, 0x00, 0x80, 0x8C, 0x00, 0x1D, 0x08,
    0x00, 0x00, 0x08, 0x08, 0x14, 0x3A, 0x14, 0x3E, 0x14, 0x3E, 0x14, 0x2C, 0x5C, 0x2C, 0x54, 0xFC, 0x5C, 0xF8, 0x70, 0xF8, 0xD9, 0xFB, 0x71, 0xFB,
    0xD1, 0xF3, 0x73, 0xE3, 0xC5, 0xDB, 0x00, 0x21, 0x09, 0x04, 0x08, 0x00, 0x08, 0x00, 0x08, 0x11, 0x08, 0x1D, 0x3A, 0x14, 0x3E, 0x1C, 0x3A, 0x36,
    0x3A, 0x54, 0x28, 0x75, 0x6C, 0x54, 0xF8, 0x75, 0xFD, 0xDD, 0xFB, 0x51, 0xFB, 0xD1, 0xA3, 0x13, 0xA3, 0x95, 0xDC, 0x00, 0x00, 0x01, 0x98, 0x00,
    0x80, 0x01, 0x01, 0x8B, 0x9D, 0x00, 0xF9, 0x00, 0x03, 0x80, 0x40, 0xC0, 0x74, 0xD0, 0x00, 0x00, 0x80, 0x80, 0x00, 0x00, 0x40, 0x8B, 0x00, 0x19,
    0x0A, 0x00, 0x06, 0x04, 0x0E, 0x04, 0x2E, 0x0C, 0x2E, 0x14, 0x0C, 0x1C, 0x38, 0x10, 0xB8, 0x58, 0xBA, 0x71, 0xFA, 0xD5, 0xFA, 0x71, 0xF2, 0xD4,
    0xE2, 0x65, 0xDC, 0x00, 0x20, 0x02, 0x08, 0x04, 0x08, 0x00, 0x0A, 0x00, 0x0B, 0x10, 0x1E, 0x15, 0x3E, 0x16, 0x3E, 0x1C, 0x3E, 0x34, 0x2C, 0x5C,
    0x39, 0x50, 0x78, 0x58, 0xF9, 0x71, 0xFB, 0xD9, 0xFB, 0x73, 0xF3, 0xD1, 0xA3, 0x67, 0xDE, 0x00, 0x00, 0x01, 0x96, 0x00, 0x04, 0x01, 0x81, 0x01,
    0x83, 0x17, 0x00, 0xEC, 0x00, 0x00, 0x40, 0x88, 0x00, 0x04, 0x80, 0x40, 0xC0, 0xC0, 0xF8, 0xD5, 0x00, 0x00, 0x20, 0x8B, 0x00, 0x18, 0x0A, 0x00,
    0x06, 0x04, 0x0E, 0x04, 0x0E, 0x0C, 0x0E, 0x14, 0x9E, 0x1C, 0x3A, 0x10, 0xBA, 0x1C, 0xBA, 0x76, 0xFE, 0x5C, 0xFE, 0x74, 0xFE, 0xD4, 0xE8, 0xDE,
    0x00, 0x1E, 0x0A, 0x00, 0x02, 0x00, 0x02, 0x04, 0x02, 0x07, 0x0E, 0x04, 0x2E, 0x16, 0x2E, 0x1C, 0x3E, 0x14, 0x3C, 0x1C, 0x39, 0x10, 0x38, 0x59,
    0x3B, 0x71, 0xFB, 0xD5, 0xFB, 0x73, 0xF3, 0xC5, 0xE3, 0xE0, 0x00, 0x00, 0x01, 0x95, 0x00, 0x03, 0x01, 0xA3, 0xC1, 0xA3, 0x00, 0xED, 0x00, 0x00,
    0x40, 0x87, 0x00, 0x04, 0x80, 0xC0, 0xC0, 0x41, 0xFD, 0xD7, 0x00, 0x00, 0x20, 0x8A, 0x00, 0x17, 0x08, 0x00, 0x00, 0x08, 0x04, 0x0A, 0x04, 0x8E,
    0x1D, 0x9E, 0x17, 0x1E, 0x14, 0x3E, 0x16, 0x3E, 0x5C, 0x7E, 0x74, 0xFE, 0xDC, 0xFE, 0x74, 0xFC, 0xDE, 0x00, 0x1E, 0x02, 0x01, 0x02, 0x05, 0x02,
    0x07, 0x06, 0x04, 0x07, 0x04, 0x0E, 0x0C, 0x0E, 0x15, 0x1F, 0x1D, 0x3F, 0x15, 0x3E, 0x1D, 0x3A, 0x30, 0x3A, 0x54, 0x7A, 0x76, 0xFE, 0xD4, 0xFE,
    0x75, 0xEE, 0xE1, 0x00, 0x00, 0x01, 0x95, 0x00, 0x02, 0xA3, 0x73, 0xE7, 0x00, 0xA9, 0x00, 0x00, 0x20, 0xCC, 0x00, 0x03, 0x80, 0xC0, 0xE3, 0x77,
    0xD9, 0x00, 0x00, 0x20, 0x85, 0x00, 0x1A, 0x10, 0x00, 0x00, 0x80, 0x08, 0x00, 0x00, 0x80, 0x00, 0x8A, 0x01, 0x8E, 0x15, 0x0F, 0x17, 0x2E, 0x14,
    0x2E, 0x16, 0x2E, 0x5C, 0x7E, 0x74, 0xFE, 0xDD, 0xFF, 0x75, 0xCF, 0x00, 0x00, 0x40, 0x82, 0x00, 0x04, 0x08, 0x01, 0x08, 0x00, 0x08, 0x82, 0x00,
    0x1D, 0x02, 0x00, 0x06, 0x05, 0x02, 0x05, 0x06, 0x04, 0x0F, 0x05, 0x0E, 0x0D, 0x0F, 0x17, 0x1F, 0x1D, 0x3F, 0x17, 0x3F, 0x1D, 0x3E, 0x36, 0x3E,
    0x54, 0x7E, 0x74, 0xFE, 0xDC, 0xFE, 0x75, 0xB6, 0x00, 0x00, 0x04, 0xA9, 0x00, 0x00, 0x01, 0x92, 0x00, 0x03, 0x20, 0x40, 0xE2, 0x77, 0x00, 0xF0,
    0x00, 0x00, 0x40, 0x82, 0x00, 0x06, 0x80, 0x00, 0x80, 0x00, 0x80, 0x01, 0xBF, 0xDA, 0x00, 0x00, 0x20, 0x84, 0x00, 0x1A, 0x80, 0x00, 0x80, 0x00,
    0x80, 0x08, 0x80, 0x00, 0x82, 0x00, 0x82, 0x03, 0x86, 0x05, 0x2E, 0x07, 0x2E, 0x0C, 0x2E, 0x04, 0x0E, 0x5C, 0xBE, 0x55, 0xFF, 0xDD, 0xFF, 0xD1,
    0x00, 0x00, 0x40, 0x81, 0x00, 0x02, 0x08, 0x00, 0x08, 0x84, 0x00, 0x1C, 0x02, 0x00, 0x02, 0x04, 0x02, 0x05, 0x0F, 0x05, 0x0B, 0x01, 0x0B, 0x05,
    0x0B, 0x17, 0x1F, 0x1D, 0x3F, 0x1F, 0x3F, 0x1C, 0x3E, 0x36, 0x3E, 0x5C, 0x7E, 0x74, 0xFC, 0xDD, 0xFD, 0xC4, 0x00, 0x00, 0x20, 0xB2, 0x00, 0x02,
    0x60, 0xD4, 0xFF, 0x00, 0xF2, 0x00, 0x0A, 0x40, 0x00, 0x80, 0x00, 0x80, 0x00, 0x80, 0x00, 0x00, 0x03, 0xBF, 0xD0, 0x00, 0x00, 0x20, 0x88, 0x00,
    0x00, 0x40, 0x84, 0x00, 0x18, 0x80, 0x00, 0x80, 0x00, 0x88, 0x00, 0x82, 0x00, 0x82, 0x00, 0x02, 0x06, 0x8E, 0x45, 0x8F, 0x47, 0x8F, 0x4D, 0x8F,
    0x15, 0x9F, 0x1D, 0xBF, 0x17, 0xBF, 0xD2, 0x00, 0x02, 0x40, 0x00, 0x08, 0x80, 0x00, 0x02, 0x0A, 0x00, 0x02, 0x86, 0x00, 0x05, 0x08, 0x05, 0x0B,
    0x01, 0x0B, 0x01, 0x80, 0x03, 0x0F, 0x05, 0x07, 0x17, 0x2F, 0x1D, 0x3F, 0x17, 0x3E, 0x1E, 0x3E, 0x14, 0x7E, 0x5C, 0xFC, 0x75, 0xFF, 0xFA, 0x00,
    0x02, 0x28, 0x70, 0xFC, 0x00, 0xF3, 0x00, 0x09, 0x80, 0x00, 0x80, 0x00, 0x80, 0x00, 0x80, 0x00, 0x03, 0x37, 0xE5, 0x00, 0x17, 0x80, 0x00, 0x80,
    0x00, 0x88, 0x00, 0x82, 0x00, 0x82, 0x00, 0x82, 0x04, 0x8E, 0xC5, 0x8F, 0x47, 0x8F, 0x9D, 0x9F, 0x17, 0x9F, 0x1D, 0x3F, 0x37, 0xD7, 0x00, 0x13,
    0x02, 0x00, 0x0A, 0x06, 0x02, 0x04, 0x08, 0x04, 0x00, 0x00, 0x08, 0x00, 0x08, 0x00, 0x08, 0x05, 0x0B, 0x01, 0x0B, 0x01, 0x80, 0x03, 0x0E, 0x05,
    0x07, 0x07, 0x2F, 0x0D, 0x2F, 0x17, 0x2F, 0x1F, 0x3F, 0x15, 0x9F, 0x1D, 0xBF, 0x35, 0xFB, 0x00, 0x01, 0xF8, 0x75, 0x01, 0xF4, 0x00, 0x00, 0x80,
    0x83, 0x00, 0x01, 0x01, 0x32, 0xE5, 0x00, 0x00, 0x80, 0x80, 0x00, 0x13, 0x08, 0x04, 0x02, 0x00, 0x02, 0x00, 0x02, 0xC4, 0x0E, 0xC4, 0x04, 0x8A,
    0x00, 0x8A, 0x00, 0x8A, 0x20, 0x0A, 0x00, 0x22, 0xD1, 0x00, 0x00, 0x90, 0x80, 0x00, 0x0A, 0x02, 0x00, 0x00, 0x04, 0x08, 0x02, 0x0C, 0x02, 0x00,
    0x00, 0x08, 0x82, 0x00, 0x17, 0x08, 0x14, 0x01, 0x10, 0x08, 0x12, 0x00, 0x06, 0x00, 0x02, 0x01, 0x02, 0x20, 0x0A, 0x20, 0x1A, 0x20, 0x08, 0x20,
    0x08, 0xA0, 0x0A, 0x00, 0x28, 0xFA, 0x00, 0x02, 0x10, 0x40, 0xA8, 0x00, 0xF4, 0x00, 0x08, 0x80, 0x00, 0x80, 0x00, 0x80, 0x00, 0x80, 0x41, 0xEF,
    0xE0, 0x00, 0x00, 0x40, 0x88, 0x00, 0x10, 0x88, 0x00, 0x80, 0x00, 0x88, 0x80, 0x80, 0x01, 0x8B, 0x91, 0xBB, 0x17, 0xBF, 0x15, 0xBF, 0x17, 0x2F,
    0xD3, 0x00, 0x29, 0x48, 0x02, 0x00, 0x02, 0x00, 0x00, 0x04, 0x00, 0x04, 0x0C, 0x06, 0x08, 0x04, 0x08, 0x00, 0x08, 0x00, 0x08, 0x10, 0x00, 0x10,
    0x02, 0x10, 0x22, 0x05, 0x26, 0x05, 0x22, 0x05, 0x0E, 0x05, 0x0B, 0x05, 0x0F, 0x1D, 0x1F, 0x17, 0xBF, 0x1D, 0xBF, 0x17, 0x3F, 0xEA, 0x00, 0x00,
    0x01, 0x8C, 0x00, 0x02, 0x08, 0x11, 0xBF, 0x00, 0xA7, 0x00, 0x00, 0x01, 0xCC, 0x00, 0x05, 0x80, 0x00, 0x80, 0xC0, 0xC3, 0x47, 0xD8, 0x00, 0x00,
    0x20, 0x85, 0x00, 0x00, 0x40, 0x84, 0x00, 0x13, 0x48, 0x04, 0x0C, 0x00, 0x88, 0x80, 0x88, 0x10, 0x88, 0x80, 0x82, 0x11, 0xA3, 0xD1, 0xA3, 0x77,
    0xEF, 0xC5, 0xEF, 0x47, 0xD5, 0x00, 0x00, 0x48, 0x81, 0x00, 0x22, 0x04, 0x08, 0x00, 0x08, 0x04, 0x0A, 0x00, 0x0A, 0x10, 0x0A, 0x10, 0x08, 0x10,
    0x00, 0x10, 0x20, 0x0C, 0x2A, 0x04, 0x2E, 0x05, 0x28, 0x01, 0x09, 0x01, 0x0B, 0x01, 0x0B, 0x15, 0x3F, 0x17, 0xBF, 0x1D, 0x3F, 0x37, 0xEB, 0x00,
    0x00, 0x01, 0x8B, 0x00, 0x02, 0x11, 0x3B, 0x37, 0x00, 0xB5, 0x00, 0x00, 0x08, 0xBE, 0x00, 0x05, 0x80, 0x00, 0x80, 0x00, 0xC3, 0xDD, 0xD2, 0x00,
    0x00, 0x80, 0x83, 0x00, 0x00, 0x10, 0x86, 0x00, 0x00, 0x80, 0x80, 0x00, 0x15, 0x08, 0x00, 0x08, 0x40, 0x08, 0x1C, 0xB8, 0x10, 0xB8, 0x90, 0xB8,
    0x10, 0xA2, 0x50, 0xA2, 0x61, 0xE2, 0xC5, 0xE7, 0x67, 0xEF, 0xCD, 0xD6, 0x00, 0x01, 0x40, 0x04, 0x80, 0x00, 0x21, 0x08, 0x00, 0x08, 0x00, 0x0A,
    0x04, 0x0A, 0x10, 0x0A, 0x14, 0x0A, 0x10, 0x08, 0x04, 0x28, 0x00, 0x28, 0x04, 0x28, 0x11, 0x28, 0x11, 0x29, 0x11, 0x0B, 0x01, 0x23, 0x13, 0xB3,
    0x15, 0xAF, 0x77, 0xEF, 0x5D, 0xEC, 0x00, 0x00, 0x01, 0x8A, 0x00, 0x02, 0x01, 0xBB, 0x1D, 0x00, 0xC4, 0x00, 0x00, 0x40, 0xB0, 0x00, 0x80, 0x80,
    0x01, 0x41, 0xFB, 0xD4, 0x00, 0x00, 0x80, 0x83, 0x00, 0x00, 0x10, 0x85, 0x00, 0x18, 0x88, 0x04, 0x08, 0x00, 0x08, 0x00, 0x08, 0x50, 0x18, 0x1C,
    0x38, 0x10, 0xBA, 0x50, 0xBA, 0x70, 0xF2, 0x40, 0xE2, 0x60, 0xE3, 0xC5, 0xEF, 0x47, 0xEF, 0xD8, 0x00, 0x02, 0x20, 0x00, 0x20, 0x82, 0x00, 0x1C,
    0x08, 0x04, 0x0A, 0x14, 0x0E, 0x04, 0x0E, 0x04, 0x0C, 0x04, 0x28, 0x10, 0x28, 0x98, 0x38, 0x11, 0x39, 0x51, 0x3B, 0x11, 0x33, 0x11, 0x23, 0x03,
    0xE7, 0x55, 0xE7, 0x67, 0xEF, 0xFA, 0x00, 0x02, 0x01, 0x01, 0xFF, 0x00, 0xF9, 0x00, 0x03, 0x80, 0x80, 0x81, 0x71, 0xD4, 0x00, 0x02, 0x40, 0x00,
    0x80, 0x83, 0x00, 0x00, 0x10, 0x84, 0x00, 0x17, 0x88, 0x04, 0x08, 0x00, 0x08, 0x10, 0x18, 0x50, 0x3C, 0x10, 0x3A, 0x30, 0xBE, 0x54, 0xFA, 0x74,
    0xEC, 0x44, 0xE0, 0x60, 0xE8, 0xC5, 0xEB, 0x55, 0xDA, 0x00, 0x01, 0x20, 0x20, 0x83, 0x00, 0x1A, 0x04, 0x08, 0x04, 0x0C, 0x04, 0x0C, 0x04, 0x0C,
    0x1C, 0x08, 0x10, 0x38, 0x98, 0x38, 0x30, 0x3A, 0x51, 0x32, 0x71, 0xE2, 0x40, 0xE2, 0x60, 0xE6, 0xC5, 0xEF, 0x47, 0xFA, 0x00, 0x02, 0x01, 0xA3,
    0x47, 0x00, 0xF9, 0x00, 0x03, 0x80, 0x00, 0x88, 0xD1, 0xD6, 0x00, 0x01, 0x40, 0x80, 0x8A, 0x00, 0x17, 0x08, 0x00, 0x08, 0x10, 0x18, 0x10, 0x18,
    0x10, 0x38, 0x14, 0x3A, 0x14, 0x3E, 0x74, 0xFE, 0x5C, 0xFC, 0x74, 0xF8, 0xD8, 0xE8, 0x51, 0xF9, 0xD1, 0xDB, 0x00, 0x01, 0x10, 0x10, 0x84, 0x00,
    0x18, 0x04, 0x08, 0x04, 0x0C, 0x1C, 0x08, 0x10, 0x18, 0x18, 0x38, 0x10, 0xB8, 0x10, 0x3A, 0x70, 0x7A, 0x54, 0x7A, 0x74, 0xEA, 0x44, 0xE0, 0x41,
    0xE9, 0xC5, 0xFB, 0x00, 0x01, 0xC1, 0xC5, 0x00, 0xA3, 0x00, 0x01, 0x20, 0x20, 0x94, 0x00, 0x00, 0x04, 0xBB, 0x00, 0x01, 0x10, 0xFA, 0xD7, 0x00,
    0x02, 0x40, 0x00, 0x80, 0x89, 0x00, 0x16, 0x08, 0x00, 0x08, 0x10, 0x38, 0x10, 0x28, 0x14, 0xA8, 0x14, 0x2C, 0x5C, 0x7E, 0x74, 0xFC, 0x5C, 0xFC,
    0x74, 0xF8, 0xD8, 0xF8, 0x71, 0xF9, 0xDD, 0x00, 0x00, 0x10, 0x84, 0x00, 0x17, 0x02, 0x08, 0x01, 0x08, 0x18, 0x18, 0x10, 0x38, 0x10, 0x38, 0x10,
    0x3C, 0x54, 0x3A, 0x74, 0xFE, 0x5C, 0xFE, 0x74, 0xE8, 0xC0, 0xE8, 0x41, 0xE9, 0xFA, 0x00, 0x02, 0x80, 0x41, 0xCF, 0x00, 0xCB, 0x00, 0x00, 0x20,
    0xAC, 0x00, 0x01, 0x3A, 0x74, 0xD9, 0x00, 0x01, 0x40, 0x80, 0x8B, 0x00, 0x13, 0x28, 0x10, 0x28, 0x14, 0x2C, 0x04, 0xAE, 0x04, 0x2C, 0x5C, 0x7C,
    0x54, 0xFC, 0xDC, 0xFE, 0x74, 0xF8, 0xD9, 0xFA, 0x71, 0xDE, 0x00, 0x00, 0x10, 0x84, 0x00, 0x16, 0x02, 0x00, 0x00, 0x09, 0x10, 0x38, 0x10, 0x38,
    0x10, 0x38, 0x10, 0x2C, 0x54, 0x7C, 0x74, 0xFC, 0x5C, 0xFC, 0x75, 0xF8, 0xD9, 0xF9, 0x51, 0xB1, 0x00, 0x00, 0x04, 0xC5, 0x00, 0x02, 0x01, 0xC1,
    0x41, 0x00, 0xFB, 0x00, 0x01, 0x3E, 0x5C, 0xDA, 0x00, 0x03, 0x80, 0x00, 0x00, 0x20, 0x82, 0x00, 0x00, 0x04, 0x82, 0x00, 0x13, 0x20, 0x00, 0x28,
    0x44, 0x28, 0x04, 0x0C, 0x8E, 0x0C, 0x04, 0x8C, 0x5C, 0xBC, 0x54, 0xFE, 0xDC, 0xFE, 0x75, 0xFA, 0x54, 0xDB, 0x00, 0x00, 0x01, 0x80, 0x00, 0x01,
    0x10, 0x10, 0x83, 0x00, 0x15, 0x02, 0x00, 0x00, 0x01, 0x00, 0x00, 0x20, 0x10, 0x28, 0x04, 0x28, 0x04, 0x6C, 0x5C, 0x7C, 0x74, 0xFC, 0xDD, 0xF9,
    0x71, 0xFB, 0xD1, 0xBF, 0x00, 0x00, 0x20, 0xB7, 0x00, 0x02, 0x01, 0xC1, 0xD1, 0x00, 0xFA, 0x00, 0x02, 0x02, 0x16, 0x7E, 0xDC, 0x00, 0x20, 0x80,
    0x00, 0x20, 0x00, 0xA0, 0x40, 0xA0, 0x00, 0xA4, 0x00, 0x20, 0x00, 0xA0, 0x00, 0x20, 0x40, 0xE8, 0x44, 0xA8, 0x44, 0x8C, 0x8E, 0x88, 0x10, 0x98,
    0x5C, 0xBA, 0x34, 0xBE, 0x5C, 0xFE, 0x76, 0xFE, 0xD5, 0x00, 0x00, 0x08, 0x84, 0x00, 0x04, 0x01, 0x00, 0x00, 0x10, 0x08, 0x83, 0x00, 0x14, 0x02,
    0x00, 0x00, 0x01, 0x00, 0x00, 0x20, 0x00, 0x28, 0x04, 0x08, 0x14, 0x48, 0x5C, 0xB8, 0x55, 0xFB, 0xDD, 0xFB, 0x71, 0xFB, 0xFA, 0x00, 0x02, 0x81,
    0x41, 0xFB, 0x00, 0xAA, 0x00, 0x00, 0x10, 0x95, 0x00, 0x00, 0x02, 0xB3, 0x00, 0x02, 0x04, 0x2E, 0x77, 0xDD, 0x00, 0x1F, 0x80, 0x00, 0x20, 0x00,
    0xA0, 0x50, 0xA0, 0x40, 0xA4, 0x40, 0x20, 0x40, 0xE0, 0x40, 0xE0, 0x40, 0xC8, 0xC0, 0x88, 0x40, 0x8A, 0x18, 0x98, 0x10, 0x98, 0x5C, 0x3E, 0x36,
    0x3E, 0x5C, 0x7E, 0x76, 0xD6, 0x00, 0x00, 0x08, 0x84, 0x00, 0x05, 0x01, 0x00, 0x00, 0x10, 0x00, 0x08, 0x82, 0x00, 0x13, 0x02, 0x00, 0x00, 0x01,
    0x00, 0x01, 0x00, 0x01, 0x08, 0x05, 0x0A, 0x11, 0x18, 0x1D, 0x3B, 0x31, 0xBF, 0x5D, 0xFF, 0x77, 0xFA, 0x00, 0x02, 0x01, 0xA1, 0x71, 0x00, 0xB8,
    0x00, 0x00, 0x80, 0x95, 0x00, 0x00, 0x10, 0xA5, 0x00, 0x02, 0x08, 0x0C, 0xFF, 0xDE, 0x00, 0x1E, 0x40, 0x00, 0x20, 0x00, 0xA0, 0x40, 0xE0, 0x60,
    0xE0, 0x40, 0xE0, 0x40, 0xC0, 0x40, 0xC0, 0x40, 0xC8, 0xC0, 0x88, 0x10, 0x98, 0x90, 0x98, 0x10, 0x2E, 0x34, 0x3E, 0x36, 0x3E, 0x5C, 0x7E, 0xDF,
    0x00, 0x03, 0x01, 0x00, 0x00, 0x20, 0x87, 0x00, 0x0F, 0x01, 0x00, 0x01, 0x03, 0x01, 0x0B, 0x11, 0x1B, 0x11, 0x1B, 0x15, 0x3A, 0x37, 0x3E, 0x5C,
    0xFE, 0xAA, 0x00, 0x00, 0x40, 0x8A, 0x00, 0x00, 0x02, 0xBF, 0x00, 0x01, 0x01, 0xFB, 0x00, 0xFB, 0x00, 0x01, 0x8E, 0xDD, 0xDF, 0x00, 0x1D, 0x60,
    0x00, 0x20, 0x00, 0x60, 0x40, 0xE0, 0x60, 0xE0, 0x40, 0xE0, 0x40, 0xC0, 0xC0, 0x80, 0x40, 0x88, 0xD0, 0xB0, 0x10, 0xA8, 0x10, 0xA0, 0x04, 0x2E,
    0x04, 0x2E, 0x06, 0x6E, 0x5D, 0xE0, 0x00, 0x03, 0x02, 0x00, 0x00, 0x20, 0x87, 0x00, 0x80, 0x01, 0x0B, 0x03, 0x01, 0x8B, 0x11, 0x1B, 0x13, 0x3F,
    0x15, 0x3E, 0x36, 0x7E, 0x5C, 0xAD, 0x00, 0x00, 0x80, 0x94, 0x00, 0x01, 0x10, 0x10, 0xB1, 0x00, 0x01, 0x02, 0x5C, 0x00, 0xFB, 0x00, 0x01, 0x8A,
    0x17, 0xDF, 0x00, 0x1D, 0x20, 0x00, 0x60, 0x00, 0x20, 0x40, 0xE0, 0x40, 0xE0, 0x40, 0xE4, 0xC0, 0xE0, 0x40, 0xC0, 0xC0, 0xA0, 0x10, 0xA0, 0xD0,
    0xA0, 0xF0, 0xE0, 0x44, 0x26, 0x24, 0x0E, 0x4C, 0x0E, 0x57, 0xD8, 0x00, 0x00, 0x08, 0x85, 0x00, 0x02, 0x02, 0x00, 0x20, 0x80, 0x00, 0x00, 0x08,
    0x83, 0x00, 0x80, 0x01, 0x0B, 0x03, 0x01, 0x03, 0x13, 0xAB, 0x15, 0x2F, 0x17, 0x2E, 0x14, 0x2E, 0x76, 0xEC, 0x00, 0x00, 0x10, 0x8B, 0x00, 0x01,
    0x02, 0x76, 0x00, 0xFB, 0x00, 0x01, 0x01, 0x8B, 0xE0, 0x00, 0x1C, 0x20, 0x00, 0x60, 0x40, 0x20, 0x40, 0xE0, 0x40, 0xE0, 0x50, 0xE4, 0xD0, 0xA0,
    0x50, 0xA0, 0xC0, 0xA0, 0x60, 0xE0, 0xC0, 0xE0, 0x64, 0xEC, 0xC4, 0xEE, 0x64, 0x8E, 0x4D, 0x8F, 0xD9, 0x00, 0x00, 0x10, 0x86, 0x00, 0x01, 0x02,
    0x20, 0x80, 0x00, 0x00, 0x08, 0x81, 0x00, 0x82, 0x01, 0x0A, 0x03, 0x01, 0x23, 0x07, 0xAF, 0x05, 0x2F, 0x07, 0x2E, 0x4C, 0x2E, 0xFB, 0x00, 0x01,
    0x04, 0x3E, 0x00, 0xB1, 0x00, 0x00, 0x08, 0xC6, 0x00, 0x01, 0x82, 0x91, 0xE7, 0x00, 0x15, 0xA0, 0x50, 0xB0, 0x50, 0xF4, 0xD0, 0xB0, 0x70, 0xE0,
    0x40, 0xE0, 0x60, 0xE0, 0xC2, 0xE0, 0x44, 0xEC, 0xC4, 0xCE, 0x45, 0x8F, 0x8D, 0xDA, 0x00, 0x00, 0x10, 0x87, 0x00, 0x00, 0x20, 0x80, 0x00, 0x13,
    0x10, 0x00, 0x00, 0x01, 0x00, 0x01, 0x00, 0x01, 0x03, 0x01, 0x23, 0x01, 0x23, 0x47, 0xEF, 0x45, 0xAF, 0x47, 0x8F, 0x4D, 0xB1, 0x00, 0x00, 0x20,
    0x89, 0x00, 0x00, 0x01, 0xB9, 0x00, 0x01, 0x06, 0x5C, 0x00, 0xBF, 0x00, 0x01, 0x40, 0x40, 0x94, 0x00, 0x00, 0x08, 0x9F, 0x00, 0x01, 0x01, 0xA3,
    0xE4, 0x00, 0x18, 0x40, 0x00, 0x00, 0x10, 0xA0, 0x10, 0xB0, 0x70, 0xF0, 0x50, 0xF0, 0xF0, 0xE0, 0x40, 0xE0, 0x60, 0xE2, 0xC0, 0xE8, 0x40, 0xE8,
    0xCC, 0xCB, 0x53, 0x8B, 0xD8, 0x00, 0x03, 0x20, 0x00, 0x00, 0x10, 0x8B, 0x00, 0x12, 0x10, 0x00, 0x00, 0x01, 0x00, 0x01, 0x00, 0x01, 0x22, 0x01,
    0x22, 0x41, 0xE3, 0x47, 0xEF, 0xCD, 0xCF, 0x47, 0x8F, 0xB4, 0x00, 0x00, 0x40, 0x94, 0x00, 0x00, 0x08, 0xAB, 0x00, 0x01, 0x05, 0xEE, 0x00, 0xE6,
    0x00, 0x00, 0x40, 0x91, 0x00, 0x01, 0xA2, 0x73, 0xE5, 0x00, 0x17, 0x20, 0x00, 0x00, 0x10, 0x30, 0x10, 0x30, 0x70, 0xF8, 0x50, 0xF0, 0x70, 0xE0,
    0x40, 0xE0, 0x40, 0xEA, 0xC0, 0xE8, 0x50, 0xFA, 0xD1, 0xFB, 0x13, 0xD9, 0x00, 0x02, 0x20, 0x00, 0x10, 0x8C, 0x00, 0x00, 0x10, 0x80, 0x00, 0x0D,
    0x20, 0x00, 0x20, 0x01, 0x20, 0x40, 0xE2, 0x45, 0xEB, 0x45, 0xCF, 0xCD, 0xCF, 0x17, 0xDA, 0x00, 0x00, 0x40, 0x9C, 0x00, 0x02, 0x01, 0x03, 0x57,
    0x00, 0xFB, 0x00, 0x01, 0x10, 0xF3, 0xE2, 0x00, 0x00, 0x80, 0x82, 0x00, 0x14, 0x20, 0x10, 0x20, 0x10, 0x30, 0x70, 0xF8, 0x50, 0xF8, 0x70, 0xE8,
    0xC0, 0xE8, 0x52, 0xE8, 0xD0, 0xF8, 0x70, 0xFA, 0xD1, 0xF3, 0xDA, 0x00, 0x02, 0x20, 0x00, 0x10, 0x87, 0x00, 0x00, 0x20, 0x81, 0x00, 0x10, 0x10,
    0x00, 0x20, 0x00, 0x20, 0x00, 0x20, 0x40, 0x20, 0x40, 0xC0, 0xC1, 0xCB, 0x41, 0xCB, 0xDD, 0xBF, 0xDB, 0x00, 0x00, 0x40, 0x9B, 0x00, 0x02, 0x01,
    0x05, 0x9F, 0x00, 0xB7, 0x00, 0x01, 0x04, 0x04, 0xBF, 0x00, 0x01, 0xA2, 0xD5, 0xE3, 0x00, 0x00, 0x80, 0x82, 0x00, 0x13, 0x20, 0x00, 0x20, 0x40,
    0x28, 0x70, 0xF8, 0x58, 0xF8, 0x70, 0xF8, 0xD0, 0xF8, 0x52, 0xF8, 0xD0, 0xF2, 0x70, 0xFB, 0xD5, 0xDB, 0x00, 0x02, 0x20, 0x00, 0x10, 0x87, 0x00,
    0x00, 0x20, 0x81, 0x00, 0x0F, 0x10, 0x00, 0x20, 0x00, 0x20, 0x40, 0x60, 0x40, 0xE0, 0x41, 0xC9, 0xC1, 0xEB, 0x51, 0xFB, 0xD5, 0xFA, 0x00, 0x02,
    0x01, 0x83, 0xDD, 0x00, 0xC6, 0x00, 0x00, 0x20, 0xB1, 0x00, 0x01, 0x10, 0xFE, 0xE8, 0x00, 0x14, 0x20, 0x00, 0x20, 0x00, 0x28, 0x40, 0x28, 0x50,
    0xF8, 0x58, 0xF8, 0x70, 0xF8, 0xD0, 0xB8, 0x70, 0xF8, 0xD0, 0xF2, 0x73, 0xF7, 0xDD, 0x00, 0x00, 0x10, 0x88, 0x00, 0x00, 0x40, 0x81, 0x00, 0x0E,
    0x20, 0x00, 0x20, 0x40, 0x28, 0x40, 0x68, 0x40, 0xE8, 0x51, 0xE9, 0xD1, 0xF3, 0x73, 0xFB, 0xAC, 0x00, 0x01, 0x04, 0x04, 0x86, 0x00, 0x00, 0x10,
    0xBF, 0x00, 0x02, 0x01, 0x01, 0xFF, 0x00, 0xC5, 0x00, 0x00, 0x20, 0xB2, 0x00, 0x01, 0x28, 0x74, 0xE7, 0x00, 0x02, 0x20, 0x00, 0x20, 0x80, 0x00,
    0x0F, 0x08, 0x00, 0x28, 0x50, 0xF8, 0xD8, 0xB8, 0x70, 0xF8, 0x52, 0xB8, 0xF0, 0xF0, 0x50, 0xF2, 0x74, 0xE9, 0x00, 0x00, 0x40, 0x82, 0x00, 0x0D,
    0x20, 0x00, 0x28, 0x50, 0x38, 0x50, 0xF8, 0x50, 0xB8, 0x51, 0xF1, 0xD1, 0xF3, 0x73, 0xBB, 0x00, 0x00, 0x20, 0x93, 0x00, 0x01, 0x04, 0x04, 0xA4,
    0x00, 0x01, 0x81, 0x53, 0x00, 0xEC, 0x00, 0x00, 0x20, 0x8B, 0x00, 0x01, 0x04, 0xFC, 0xEA, 0x00, 0x12, 0x10, 0x00, 0x08, 0x00, 0x08, 0x10, 0x18,
    0x10, 0xB8, 0x98, 0xB8, 0x30, 0xB8, 0x52, 0x3A, 0xF0, 0xF8, 0x54, 0xFA, 0xEA, 0x00, 0x00, 0x40, 0x82, 0x00, 0x0C, 0x28, 0x10, 0x38, 0x58, 0x38,
    0x51, 0xF8, 0x50, 0xB0, 0x70, 0xF2, 0xD0, 0xF2, 0xE0, 0x00, 0x01, 0x20, 0x20, 0x96, 0x00, 0x01, 0x01, 0xB3, 0x00, 0xFB, 0x00, 0x01, 0x08, 0x5C,
    0xEB, 0x00, 0x11, 0x18, 0x00, 0x08, 0x00, 0x08, 0x10, 0x18, 0x10, 0xB8, 0x9C, 0x3A, 0xF4, 0x7E, 0x54, 0x7E, 0x74, 0xFC, 0x54, 0xDF, 0x00, 0x00,
    0x10, 0x88, 0x00, 0x00, 0x40, 0x80, 0x00, 0x0D, 0x08, 0x00, 0x08, 0x10, 0x38, 0x18, 0x3A, 0x30, 0xBA, 0x50, 0xF2, 0x70, 0xF2, 0x50, 0xE1, 0x00,
    0x00, 0x20, 0x96, 0x00, 0x01, 0x80, 0xD1, 0x01, 0xBE, 0x00, 0x00, 0x02, 0xB9, 0x00, 0x01, 0x0C, 0xA0, 0xEB, 0x00, 0x82, 0x08, 0x0C, 0x18, 0x08,
    0x28, 0xAC, 0x20, 0x26, 0x4A, 0x0A, 0x2A, 0x22, 0x08, 0x88, 0xA8, 0xEC, 0x00, 0x01, 0x08, 0x00, 0x80, 0x08, 0x0B, 0x18, 0x08, 0x28, 0x22, 0x26,
    0x0A, 0xCE, 0x2E, 0xA6, 0x0A, 0x82, 0xB8, 0xE1, 0x00, 0x00, 0x20, 0x96, 0x00, 0x01, 0x80, 0x33, 0x00, 0xB1, 0x00, 0x00, 0x40, 0x97, 0x00, 0x00,
    0x10, 0xAB, 0x00, 0x01, 0x08, 0x15, 0xEC, 0x00, 0x01, 0x10, 0x08, 0x80, 0x00, 0x0B, 0x08, 0x00, 0x28, 0x34, 0xBE, 0x5C, 0x7E, 0x74, 0xFE, 0x5C,
    0xFC, 0x74, 0xE0, 0x00, 0x00, 0x10, 0x88, 0x00, 0x10, 0x40, 0x08, 0x00, 0x08, 0x00, 0x08, 0x30, 0x3A, 0x10, 0x3E, 0x1C, 0x3E, 0x74, 0x7E, 0x5C,
    0xFE, 0x74, 0xB3, 0x00, 0x00, 0x02, 0x87, 0x00, 0x00, 0x08, 0xB9, 0x00, 0x01, 0xA0, 0x70,
};
static const uint32_t anim_heatmap_offsets[361] = {
    0, 65, 138, 217, 285, 341, 434, 527, 616, 761, 895, 1080,
    1265, 1486, 1701, 1943, 2217, 2502, 2820, 3130, 3454, 3768, 4104, 4434,
    4763, 5084, 5428, 5781, 6167, 6542, 6928, 7311, 7686, 8052, 8413, 8778,
    9156, 9547, 9924, 10332, 10759, 11191, 11605, 12004, 12410, 12797, 13176, 13572,
    13990, 14400, 14810, 15222, 15620, 16031, 16441, 16843, 17227, 17622, 18030, 18453,
    18872, 19293, 19714, 20127, 20537, 20933, 21330, 21718, 22102, 22517, 22932, 23357,
    23790, 24218, 24637, 25042, 25433, 25818, 26211, 26641, 27073, 27499, 27925, 28357,
    28791, 29213, 29639, 30043, 30440, 30859, 31281, 31707, 32138, 32575, 33009, 33419,
    33824, 34221, 34593, 34971, 35360, 35762, 36174, 36603, 37032, 37455, 37873, 38287,
    38703, 39095, 39501, 39903, 40331, 40763, 41200, 41635, 42065, 42475, 42870, 43258,
    43647, 44045, 44475, 44895, 45333, 45768, 46195, 46617, 47039, 47455, 47859, 48253,
    48665, 49104, 49529, 49961, 50411, 50852, 51284, 51704, 52117, 52509, 52911, 53316,
    53728, 54153, 54587, 55017, 55434, 55847, 56247, 56636, 57020, 57438, 57852, 58283,
    58719, 59171, 59619, 60048, 60470, 60862, 61253, 61644, 62047, 62469, 62883, 63315,
    63748, 64180, 64607, 65027, 65449, 65858, 66256, 66693, 67143, 67587, 68034, 68488,
    68935, 69362, 69769, 70167, 70546, 70928, 71324, 71747, 72167, 72601, 73030, 73455,
    73876, 74278, 74663, 75052, 75452, 75853, 76268, 76704, 77147, 77585, 78010, 78433,
    78851, 79252, 79653, 80055, 80437, 80850, 81271, 81693, 82123, 82563, 82981, 83396,
    83801, 84222, 84633, 85036, 85443, 85830, 86200, 86563, 86944, 87327, 87722, 88111,
    88509, 88916, 89328, 89627, 90038, 90435, 90726, 91126, 91385, 91615, 92003, 92173,
    92312, 92696, 92868, 92981, 93076, 93153, 93233, 93327, 93649, 93784, 93929, 94145,
    94482, 94695, 95023, 95250, 95584, 95838, 96147, 96453, 96691, 96990, 97292, 97579,
    97852, 98097, 98357, 98623, 98906, 99184, 99451, 99714, 99961, 100210, 100476, 100740,
    101001, 101249, 101504, 101765, 102015, 102241, 102453, 102665, 102879, 103089, 103300, 103498,
    103705, 103915, 104131, 104330, 104523, 104722, 104912, 105085, 105254, 105404, 105566, 105740,
    105913, 106085, 106248, 106401, 106567, 106730, 106881, 107032, 107184, 107329, 107466, 107589,
    107714, 107832, 107951, 108070, 108179, 108287, 108399, 108514, 108629, 108743, 108852, 108966,
    109070, 109174, 109277, 109370, 109460, 109548, 109654, 109755, 109852, 109939, 110027, 110119,
    110216, 110319, 110411, 110497, 110575, 110659, 110737, 110821, 110906, 110998, 111086, 111163,
    111242, 111314, 111393, 111478, 111552, 111626, 111699, 111774, 111844, 111906, 111967, 112024,
    112095,
};
const kb_anim_t anim_heatmap = { anim_heatmap_data, anim_heatmap_offsets, 360 };
