// イースター (128x32) 90 frames @ 15fps — SSD1306 128x32 native page format
#pragma once
#define ANIM_EASTER_FRAMES 90
const uint8_t PROGMEM anim_easter[ANIM_EASTER_FRAMES][512] = {
  { // 0
    0x00,0x00,0x00,0x00,0x00,0x00,0x00,0x00,0x00,0x00,0x00,0x00,0x00,0x00,0x00,0x00,0x00,0x00,0x00,0x00,0x00,0x00,0x00,0x00,0x00,0x00,0x00,0x00,0x00,0x00,0x00,0x00,
    0x00,0x00,0x00,0x00,0x00,0x00,0x00,0x00,0x00,0x00,0x00,0x00,0x00,0x00,0x00,0x00,0x00,0x00,0x00,0x00,0x00,0x00,0x00,0x00,0x00,0x00,0x00,0x00,0x00,0x00,0x00,0x00,
    0x00,0x00,0x00,0x00,0x00,0x00,0x00,0x00,0x00,0x00,0x00,0x00,0x00,0x00,0x00,0x00,0x00,0x00,0x00,0x00,0x00,0x00,0x00,0x00,0x00,0x00,0x00,0x00,0x00,0x00,0x00,0x00,
    0x00,0x00,0x00,0x00,0x00,0x00,0x00,0x00,0x00,0x00,0x00,0x00,0x00,0x00,0x00,0x00,0x00,0x80,0x00,0x00,0x00,0x80,0x00,0x00,0x00,0x00,0x00,0x00,0x00,0x00,0x00,0x00,
    0x00,0x00,0x00,0x00,0x00,0x00,0x00,0x00,0x00,0x00,0x00,0x00,0x00,0x00,0x00,0x00,0x00,0x00,0x00,0x00,0x00,0x00,0x00,0x00,0x00,0x00,0x00,0x00,0x00,0x00,0x00,0x00,
    0x00,0x00,0x00,0x00,0x00,0x00,0x00,0x00,0x00,0x00,0x00,0x00,0x00,0x00,0x00,0x00,0x00,0x00,0x00,0x00,0x00,0x00,0x00,0x00,0x00,0x00,0x00,0x00,0x00,0x00,0x00,0x00,
    0x00,0x00,0x00,0x00,0x00,0x00,0x00,0x00,0x00,0x00,0x00,0x00,0x00,0x00,0x00,0x00,0x00,0x00,0x00,0x00,0x01,0x3e,0x42,0xbc,0xc0,0x80,0x00,0x00,0x00,0xbc,0xc2,0xbe,
    0x41,0x00,0x00,0x00,0x00,0x00,0x00,0x00,0x00,0x00,0x00,0x00,0x00,0x00,0x0e,0x11,0x75,0x4a,0x11,0x3e,0x11,0x4a,0x75,0x11,0x0e,0x00,0x00,0x00,0x00,0x00,0x00,0x00,
    0x00,0x00,0x00,0x00,0x00,0x00,0x00,0x00,0x00,0x00,0x00,0x00,0x00,0x00,0x00,0x00,0x00,0x00,0x00,0x00,0x00,0x40,0xa0,0x40,0x00,0x00,0x00,0x00,0x00,0x00,0x00,0x00,
    0x00,0x00,0x00,0x00,0x00,0x80,0x40,0x80,0x00,0x00,0x00,0x00,0x00,0x00,0x00,0x00,0x00,0x00,0x00,0x00,0x00,0x00,0x00,0x00,0x00,0x00,0x00,0x00,0x00,0x00,0x00,0xa0,
    0x50,0x20,0x00,0x00,0x00,0x00,0x00,0x00,0x00,0x00,0x00,0x00,0x00,0x00,0x00,0x00,0x00,0x00,0x00,0x00,0x00,0x80,0xfc,0xfe,0xef,0xe7,0xbf,0xdf,0xbf,0xef,0xe7,0xfe,
    0xfc,0x80,0x00,0x00,0x00,0x00,0x00,0x00,0x00,0x00,0x00,0x40,0xa0,0x40,0x00,0x00,0x00,0x00,0x00,0x00,0x00,0x00,0x80,0x00,0x00,0x00,0x20,0x50,0xa0,0x00,0x00,0x00,
    0xf0,0xf8,0xf6,0xe0,0xf0,0xf0,0xb0,0xfc,0xf0,0xf4,0xfa,0xe4,0xef,0xe0,0xf0,0xf0,0xf8,0xf6,0xf0,0xf0,0xfc,0xf4,0xff,0xf2,0xf0,0xf0,0xfc,0xf0,0xf0,0xf0,0xf0,0xf6,
    0xf8,0xe0,0x70,0xf0,0xe4,0xfe,0xfb,0xe7,0xe0,0xf0,0xe0,0xf0,0xfe,0xf0,0xe0,0xf0,0xf0,0xf4,0xfa,0xf4,0xb0,0xf0,0xe0,0xf8,0xf4,0xf0,0xf0,0xfe,0xe0,0xf0,0xf4,0xef,
    0xf2,0xf0,0xf0,0xe4,0xf8,0xf0,0xf0,0xf0,0xf8,0xf4,0xf0,0xf0,0x78,0xf7,0xf0,0xf0,0xf4,0xf8,0xe0,0xf0,0xfe,0xff,0xff,0xff,0xff,0xff,0xff,0x7f,0xff,0xff,0xff,0xff,
    0xff,0xff,0xfe,0x70,0xf8,0xf6,0xfa,0xf4,0xf0,0xe0,0xfe,0xe4,0xff,0xf2,0xf0,0xf8,0xf7,0xf4,0xfa,0xf4,0xf8,0xf7,0xfe,0x73,0xe8,0xf7,0xf0,0xf6,0xff,0xf2,0xe0,0xe0
  },
  { // 1
    0x00,0x00,0x00,0x00,0x00,0x00,0x00,0x00,0x00,0x00,0x00,0x00,0x00,0x00,0x00,0x00,0x00,0x00,0x00,0x00,0x00,0x00,0x00,0x00,0x00,0x00,0x00,0x00,0x00,0x00,0x00,0x00,
    0x00,0x00,0x00,0x00,0x00,0x00,0x00,0x00,0x00,0x00,0x00,0x00,0x00,0x00,0x00,0x00,0x00,0x00,0x00,0x00,0x00,0x00,0x00,0x00,0x00,0x00,0x00,0x00,0x00,0x00,0x00,0x00,
    0x00,0x00,0x00,0x00,0x00,0x00,0x00,0x00,0x00,0x00,0x00,0x00,0x00,0x00,0x00,0x00,0x00,0x00,0x00,0x00,0x00,0x00,0x00,0x00,0x00,0x00,0x00,0x00,0x00,0x00,0x00,0x00,
    0x00,0x00,0x00,0x00,0x00,0x00,0x00,0x00,0x00,0x00,0x00,0x00,0x00,0x00,0x00,0x00,0x00,0x80,0x00,0x00,0x00,0x80,0x00,0x00,0x00,0x00,0x00,0x00,0x00,0x00,0x00,0x00,
    0x00,0x00,0x00,0x00,0x00,0x00,0x00,0x00,0x00,0x00,0x00,0x00,0x00,0x00,0x00,0x00,0x00,0x00,0x00,0x00,0x00,0x00,0x00,0x00,0x00,0x00,0x00,0x00,0x00,0x00,0x00,0x00,
    0x00,0x00,0x00,0x00,0x00,0x00,0x00,0x00,0x00,0x00,0x00,0x00,0x00,0x00,0x00,0x00,0x00,0x00,0x00,0x00,0x00,0x00,0x00,0x00,0x00,0x00,0x00,0x00,0x00,0x00,0x00,0x00,
    0x00,0x00,0x00,0x00,0x00,0x00,0x00,0x00,0x00,0x00,0x00,0x00,0x00,0x00,0x00,0x00,0x00,0x00,0x00,0x00,0x01,0x3e,0x42,0xbc,0xc0,0x80,0x00,0x00,0x00,0xbc,0xc2,0xbe,
    0x41,0x00,0x00,0x00,0x00,0x00,0x00,0x00,0x00,0x00,0x00,0x00,0x00,0x00,0x0e,0x11,0x75,0x4a,0x11,0x3e,0x11,0x4a,0x75,0x11,0x0e,0x00,0x00,0x00,0x00,0x00,0x00,0x00,
    0x00,0x00,0x00,0x00,0x00,0x00,0x00,0x00,0x00,0x00,0x00,0x00,0x00,0x00,0x00,0x00,0x00,0x00,0x00,0x00,0x00,0x40,0xa0,0x40,0x00,0x00,0x00,0x00,0x00,0x00,0x00,0x00,
    0x00,0x00,0x00,0x00,0x00,0x80,0x40,0x80,0x00,0x00,0x00,0x00,0x00,0x00,0x00,0x00,0x00,0x00,0x00,0x00,0x00,0x00,0x00,0x00,0x00,0x00,0x00,0x00,0x00,0x00,0x00,0xa0,
    0x50,0x20,0x00,0x00,0x00,0x00,0x00,0x00,0x00,0x00,0x00,0x00,0x00,0x00,0x00,0x00,0x00,0x00,0x00,0x00,0x00,0x80,0xfc,0xfe,0xef,0xe7,0xbf,0xdf,0xbf,0xef,0xe7,0xfe,
    0xfc,0x80,0x00,0x00,0x00,0x00,0x00,0x00,0x00,0x00,0x00,0x40,0xa0,0x40,0x00,0x00,0x00,0x00,0x00,0x00,0x00,0x00,0x80,0x00,0x00,0x00,0x20,0x50,0xa0,0x00,0x00,0x00,
    0xf0,0xf8,0xf6,0xe0,0xf0,0xf0,0xb0,0xfc,0xf0,0xf4,0xfa,0xe4,0xef,0xe0,0xf0,0xf0,0xf8,0xf6,0xf0,0xf0,0xfc,0xf4,0xff,0xf2,0xf0,0xf0,0xfc,0xf0,0xf0,0xf0,0xf0,0xf6,
    0xf8,0xe0,0x70,0xf0,0xe4,0xfe,0xfb,0xe7,0xe0,0xf0,0xe0,0xf0,0xfe,0xf0,0xe0,0xf0,0xf0,0xf4,0xfa,0xf4,0xb0,0xf0,0xe0,0xf8,0xf4,0xf0,0xf0,0xfe,0xe0,0xf0,0xf4,0xef,
    0xf2,0xf0,0xf0,0xe4,0xf8,0xf0,0xf0,0xf0,0xf8,0xf4,0xf0,0xf0,0x78,0xf7,0xf0,0xf0,0xf4,0xf8,0xe0,0xf0,0xfe,0xff,0xff,0xff,0xff,0xff,0xff,0x7f,0xff,0xff,0xff,0xff,
    0xff,0xff,0xfe,0x70,0xf8,0xf6,0xfa,0xf4,0xf0,0xe0,0xfe,0xe4,0xff,0xf2,0xf0,0xf8,0xf7,0xf4,0xfa,0xf4,0xf8,0xf7,0xfe,0x73,0xe8,0xf7,0xf0,0xf6,0xff,0xf2,0xe0,0xe0
  },
  { // 2
    0x00,0x00,0x00,0x00,0x00,0x00,0x00,0x00,0x00,0x00,0x00,0x00,0x00,0x00,0x00,0x00,0x00,0x00,0x00,0x00,0x00,0x00,0x00,0x00,0x00,0x00,0x00,0x00,0x00,0x00,0x00,0x00,
    0x00,0x00,0x00,0x00,0x00,0x00,0x00,0x00,0x00,0x00,0x00,0x00,0x00,0x00,0x00,0x00,0x00,0x00,0x00,0x00,0x00,0x00,0x00,0x00,0x00,0x00,0x00,0x00,0x00,0x00,0x00,0x00,
    0x00,0x00,0x00,0x00,0x00,0x00,0x00,0x00,0x00,0x00,0x00,0x00,0x00,0x00,0x00,0x00,0x00,0x00,0x00,0x00,0x00,0x00,0x00,0x00,0x00,0x00,0x00,0x00,0x00,0x00,0x00,0x00,
    0x00,0x00,0x00,0x00,0x00,0x00,0x00,0x00,0x00,0x00,0x00,0x00,0x00,0x00,0x00,0x00,0x00,0x00,0x80,0x00,0x00,0x00,0x80,0x00,0x00,0x00,0x00,0x00,0x00,0x00,0x00,0x00,
    0x00,0x00,0x00,0x00,0x00,0x00,0x00,0x00,0x00,0x00,0x00,0x00,0x00,0x00,0x00,0x00,0x00,0x00,0x00,0x00,0x00,0x00,0x00,0x00,0x00,0x00,0x00,0x00,0x00,0x00,0x00,0x00,
    0x00,0x00,0x00,0x00,0x00,0x00,0x00,0x00,0x00,0x00,0x00,0x00,0x00,0x00,0x00,0x00,0x00,0x00,0x00,0x00,0x00,0x00,0x00,0x00,0x00,0x00,0x00,0x00,0x00,0x00,0x00,0x00,
    0x00,0x00,0x00,0x00,0x00,0x00,0x00,0x00,0x00,0x00,0x00,0x00,0x00,0x00,0x00,0x00,0x00,0x00,0x00,0x00,0x01,0x3e,0x42,0xbc,0xc0,0x80,0x00,0x00,0x00,0xbc,0xc2,0xbe,
    0x41,0x00,0x00,0x00,0x00,0x00,0x00,0x00,0x00,0x00,0x00,0x00,0x00,0x00,0x00,0x0e,0x11,0x75,0x4a,0x11,0x3e,0x11,0x4a,0x75,0x11,0x0e,0x00,0x00,0x00,0x00,0x00,0x00,
    0x00,0x00,0x00,0x00,0x00,0x00,0x00,0x00,0x00,0x00,0x00,0x00,0x00,0x00,0x00,0x00,0x00,0x00,0x00,0x00,0x00,0x40,0xa0,0x40,0x00,0x00,0x00,0x00,0x00,0x00,0x00,0x00,
    0x00,0x00,0x00,0x00,0x00,0x80,0x40,0x80,0x00,0x00,0x00,0x00,0x00,0x00,0x00,0x00,0x00,0x00,0x00,0x00,0x00,0x00,0x00,0x00,0x00,0x00,0x00,0x00,0x00,0x00,0x00,0xa0,
    0x50,0x20,0x00,0x00,0x00,0x00,0x00,0x00,0x00,0x00,0x00,0x00,0x00,0x00,0x00,0x00,0x00,0x00,0x00,0x00,0x00,0x80,0xfc,0xfe,0xef,0xe7,0xbf,0xdf,0xbf,0xef,0xe7,0xfe,
    0xfc,0x80,0x00,0x00,0x00,0x00,0x00,0x00,0x00,0x00,0x00,0x40,0xa0,0x40,0x00,0x00,0x00,0x00,0x00,0x00,0x00,0x80,0x00,0x00,0x00,0x00,0x20,0x50,0xa0,0x00,0x00,0x00,
    0xf0,0xf8,0xf6,0xe0,0xf0,0xf0,0xb0,0xfc,0xf0,0xf4,0xfa,0xe4,0xef,0xe0,0xf0,0xf0,0xf8,0xf6,0xf0,0xf0,0xfc,0xf4,0xff,0xf2,0xf0,0xf0,0xfc,0xf0,0xf0,0xf0,0xf0,0xf6,
    0xf8,0xe0,0x70,0xf0,0xe4,0xfe,0xfb,0xe7,0xe0,0xf0,0xe0,0xf0,0xfe,0xf0,0xe0,0xf0,0xf0,0xf4,0xfa,0xf4,0xb0,0xf0,0xe0,0xf8,0xf4,0xf0,0xf0,0xfe,0xe0,0xf0,0xf4,0xef,
    0xf2,0xf0,0xf0,0xe4,0xf8,0xf0,0xf0,0xf0,0xf8,0xf4,0xf0,0xf0,0x78,0xf7,0xf0,0xf0,0xf4,0xf8,0xe0,0xf0,0xfe,0xff,0xff,0xff,0xff,0xff,0xff,0x7f,0xff,0xff,0xff,0xff,
    0xff,0xff,0xfe,0x70,0xf8,0xf6,0xfa,0xf4,0xf0,0xe0,0xfe,0xe4,0xff,0xf2,0xf0,0xf8,0xf7,0xf4,0xfa,0xf4,0xf9,0xf6,0xfd,0x72,0xe8,0xf7,0xf0,0xf6,0xff,0xf2,0xe0,0xe0
  },
  { // 3
    0x00,0x00,0x00,0x00,0x00,0x00,0x00,0x00,0x00,0x00,0x00,0x00,0x00,0x00,0x00,0x00,0x00,0x00,0x00,0x00,0x00,0x00,0x00,0x00,0x00,0x00,0x00,0x00,0x00,0x00,0x00,0x00,
    0x00,0x00,0x00,0x00,0x00,0x00,0x00,0x00,0x00,0x00,0x00,0x00,0x00,0x00,0x00,0x00,0x00,0x00,0x00,0x00,0x00,0x00,0x00,0x00,0x00,0x00,0x00,0x00,0x00,0x00,0x00,0x00,
    0x00,0x00,0x00,0x00,0x00,0x00,0x00,0x00,0x00,0x00,0x00,0x00,0x00,0x00,0x00,0x00,0x00,0x00,0x00,0x00,0x00,0x00,0x00,0x00,0x00,0x00,0x00,0x00,0x00,0x00,0x00,0x00,
    0x00,0x00,0x00,0x00,0x00,0x00,0x00,0x00,0x00,0x00,0x00,0x00,0x00,0x00,0x00,0x00,0x00,0x00,0x80,0x00,0x00,0x00,0x80,0x00,0x00,0x00,0x00,0x00,0x00,0x00,0x00,0x00,
    0x00,0x00,0x00,0x00,0x00,0x00,0x00,0x00,0x00,0x00,0x00,0x00,0x00,0x00,0x00,0x00,0x00,0x00,0x00,0x00,0x00,0x00,0x00,0x00,0x00,0x00,0x00,0x00,0x00,0x00,0x00,0x00,
    0x00,0x00,0x00,0x00,0x00,0x00,0x00,0x00,0x00,0x00,0x00,0x00,0x00,0x00,0x00,0x00,0x00,0x00,0x00,0x00,0x00,0x00,0x00,0x00,0x00,0x00,0x00,0x00,0x00,0x00,0x00,0x00,
    0x00,0x00,0x00,0x00,0x00,0x00,0x00,0x00,0x00,0x00,0x00,0x00,0x00,0x00,0x00,0x00,0x00,0x00,0x00,0x00,0x01,0x3e,0x42,0xbc,0xc0,0x80,0x00,0x00,0x00,0xbc,0xc2,0xbe,
    0x41,0x00,0x00,0x00,0x00,0x00,0x00,0x00,0x00,0x00,0x00,0x00,0x00,0x00,0x00,0x0e,0x11,0x75,0x4a,0x11,0x3e,0x11,0x4a,0x75,0x11,0x0e,0x00,0x00,0x00,0x00,0x00,0x00,
    0xfc,0x00,0x00,0x00,0x00,0x00,0x00,0x00,0x00,0x00,0x00,0x00,0x00,0x00,0x00,0x00,0x00,0x00,0x00,0x00,0x00,0x40,0xa0,0x40,0x00,0x00,0x00,0x00,0x00,0x00,0x00,0x00,
    0x00,0x00,0x00,0x00,0x00,0x80,0x40,0x80,0x00,0x00,0x00,0x00,0x00,0x00,0x00,0x00,0x00,0x00,0x00,0x00,0x00,0x00,0x00,0x00,0x00,0x00,0x00,0x00,0x00,0x00,0x20,0xd0,
    0x20,0x00,0x00,0x00,0x00,0x00,0x00,0x00,0x00,0x00,0x00,0x00,0x00,0x00,0x00,0x00,0x00,0x00,0x00,0x00,0x00,0x80,0xfc,0xfe,0xef,0xe7,0xbf,0xdf,0xbf,0xef,0xe7,0xfe,
    0xfc,0x80,0x00,0x00,0x00,0x00,0x00,0x00,0x00,0x00,0x00,0x40,0xa0,0x40,0x00,0x00,0x00,0x00,0x00,0x00,0x00,0x80,0x00,0x00,0x00,0x00,0x20,0x50,0xa0,0x00,0x00,0x00,
    0xf0,0xf8,0xf6,0xe0,0xf0,0xf0,0xb0,0xfc,0xf0,0xf4,0xfa,0xe4,0xef,0xe0,0xf0,0xf0,0xf8,0xf6,0xf0,0xf0,0xfc,0xf4,0xff,0xf2,0xf0,0xf0,0xfc,0xf0,0xf0,0xf0,0xf0,0xf6,
    0xf8,0xe0,0x70,0xf0,0xe4,0xfe,0xfb,0xe7,0xe0,0xf0,0xe0,0xf0,0xfe,0xf0,0xe0,0xf0,0xf0,0xf4,0xfa,0xf4,0xb0,0xf0,0xe0,0xf8,0xf4,0xf0,0xf0,0xfe,0xe0,0xf0,0xf4,0xef,
    0xf2,0xf0,0xf0,0xe4,0xf8,0xf0,0xf0,0xf0,0xf8,0xf4,0xf0,0xf0,0x78,0xf7,0xf0,0xf0,0xf4,0xf8,0xe0,0xf0,0xfe,0xff,0xff,0xff,0xff,0xff,0xff,0x7f,0xff,0xff,0xff,0xff,
    0xff,0xff,0xfe,0x70,0xf8,0xf6,0xfa,0xf4,0xf0,0xe0,0xfe,0xe4,0xff,0xf2,0xf0,0xf8,0xf7,0xf4,0xfa,0xf4,0xf9,0xf6,0xfd,0x72,0xe8,0xf7,0xf0,0xf6,0xff,0xf2,0xe0,0xe0
  },
  { // 4
    0x00,0x00,0x00,0x00,0x00,0x00,0x00,0x00,0x00,0x00,0x00,0x00,0x00,0x00,0x00,0x00,0x00,0x00,0x00,0x00,0x00,0x00,0x00,0x00,0x00,0x00,0x00,0x00,0x00,0x00,0x00,0x00,
    0x00,0x00,0x00,0x00,0x00,0x00,0x00,0x00,0x00,0x00,0x00,0x00,0x00,0x00,0x00,0x00,0x00,0x00,0x00,0x00,0x00,0x00,0x00,0x00,0x00,0x00,0x00,0x00,0x00,0x00,0x00,0x00,
    0x00,0x00,0x00,0x00,0x00,0x00,0x00,0x00,0x00,0x00,0x00,0x00,0x00,0x00,0x00,0x00,0x00,0x00,0x00,0x00,0x00,0x00,0x00,0x00,0x00,0x00,0x00,0x00,0x00,0x00,0x00,0x00,
    0x00,0x00,0x00,0x00,0x00,0x00,0x00,0x00,0x00,0x00,0x00,0x00,0x00,0x00,0x00,0x00,0x00,0x00,0x00,0x80,0x00,0x00,0x00,0x80,0x00,0x00,0x00,0x00,0x00,0x00,0x00,0x00,
    0x00,0x00,0x00,0x00,0x00,0x00,0x00,0x00,0x00,0x00,0x00,0x00,0x00,0x00,0x00,0x00,0x00,0x00,0x00,0x00,0x00,0x00,0x00,0x00,0x00,0x00,0x00,0x00,0x00,0x00,0x00,0x00,
    0x00,0x00,0x00,0x00,0x00,0x00,0x00,0x00,0x00,0x00,0x00,0x00,0x00,0x00,0x00,0x00,0x00,0x00,0x00,0x00,0x00,0x00,0x00,0x00,0x00,0x00,0x00,0x00,0x00,0x00,0x00,0x00,
    0x00,0x00,0x00,0x00,0x00,0x00,0x00,0x00,0x00,0x00,0x00,0x00,0x00,0x00,0x00,0x00,0x00,0x00,0x00,0x00,0x01,0x3e,0x42,0xbc,0xc0,0x80,0x00,0x00,0x00,0xbc,0xc2,0xbe,
    0x41,0x00,0x00,0x00,0x00,0x00,0x00,0x00,0x00,0x00,0x00,0x00,0x00,0x00,0x00,0x00,0x00,0x00,0x04,0x0e,0x0f,0x30,0x0f,0x0e,0x04,0x00,0x00,0x00,0x00,0x00,0x00,0x00,
    0xff,0xfe,0xf8,0x00,0x00,0x00,0x00,0x00,0x00,0x00,0x00,0x00,0x00,0x00,0x00,0x00,0x00,0x00,0x00,0x00,0x00,0x40,0xa0,0x40,0x00,0x00,0x00,0x00,0x00,0x00,0x00,0x00,
    0x00,0x00,0x00,0x00,0x00,0x80,0x40,0x80,0x00,0x00,0x00,0x00,0x00,0x00,0x00,0x00,0x00,0x00,0x00,0x00,0x00,0x00,0x00,0x00,0x00,0x00,0x00,0x00,0x00,0x00,0x20,0xd0,
    0x20,0x00,0x00,0x00,0x00,0x00,0x00,0x00,0x00,0x00,0x00,0x00,0x00,0x00,0x00,0x00,0x00,0x00,0x00,0x00,0x00,0x80,0xfc,0xfe,0xef,0xe7,0xbf,0xdf,0xbf,0xef,0xe7,0xfe,
    0xfc,0x80,0x00,0x00,0x00,0x00,0x00,0x00,0x00,0x00,0x00,0x40,0xa0,0x40,0x00,0x00,0x00,0x00,0x00,0x00,0x00,0x80,0x00,0x00,0x00,0x00,0x20,0x50,0xa0,0x00,0x00,0x00,
    0xf7,0xfb,0xf6,0xe0,0xf0,0xf0,0xb0,0xfc,0xf0,0xf4,0xfa,0xe4,0xef,0xe0,0xf0,0xf0,0xf8,0xf6,0xf0,0xf0,0xfc,0xf4,0xff,0xf2,0xf0,0xf0,0xfc,0xf0,0xf0,0xf0,0xf0,0xf2,
    0xfc,0xe0,0x70,0xf0,0xe4,0xfe,0xfb,0xe7,0xe0,0xf0,0xe0,0xf0,0xfe,0xf0,0xe0,0xf0,0xf0,0xf4,0xfa,0xf4,0xb0,0xf0,0xe0,0xf8,0xf4,0xf0,0xf0,0xfe,0xe0,0xf0,0xf4,0xef,
    0xf2,0xf0,0xf0,0xe0,0xfc,0xf0,0xf0,0xf0,0xf8,0xf4,0xf0,0xf0,0x78,0xf7,0xf0,0xf0,0xf0,0xfc,0xe0,0xf0,0xfe,0xff,0xff,0xff,0xff,0xff,0xff,0x7f,0xff,0xff,0xff,0xff,
    0xff,0xff,0xfe,0x70,0xf8,0xf6,0xfa,0xf4,0xf0,0xe0,0xfe,0xe4,0xff,0xf2,0xf0,0xf8,0xf7,0xf4,0xfa,0xf4,0xf9,0xf6,0xfd,0x72,0xe8,0xf7,0xf0,0xf6,0xff,0xf2,0xe0,0xe0
  },
  { // 5
    0x00,0x00,0x00,0x00,0x00,0x00,0x00,0x00,0x00,0x00,0x00,0x00,0x00,0x00,0x00,0x00,0x00,0x00,0x00,0x00,0x00,0x00,0x00,0x00,0x00,0x00,0x00,0x00,0x00,0x00,0x00,0x00,
    0x00,0x00,0x00,0x00,0x00,0x00,0x00,0x00,0x00,0x00,0x00,0x00,0x00,0x00,0x00,0x00,0x00,0x00,0x00,0x00,0x00,0x00,0x00,0x00,0x00,0x00,0x00,0x00,0x00,0x00,0x00,0x00,
    0x00,0x00,0x00,0x00,0x00,0x00,0x00,0x00,0x00,0x00,0x00,0x00,0x00,0x00,0x00,0x00,0x00,0x00,0x00,0x00,0x00,0x00,0x00,0x00,0x00,0x00,0x00,0x00,0x00,0x00,0x00,0x00,
    0x00,0x00,0x00,0x00,0x00,0x00,0x00,0x00,0x00,0x00,0x00,0x00,0x00,0x00,0x00,0x00,0x00,0x00,0x00,0x80,0x00,0x00,0x00,0x80,0x00,0x00,0x00,0x00,0x00,0x00,0x00,0x00,
    0xc0,0x80,0x00,0x00,0x00,0x00,0x00,0x00,0x00,0x00,0x00,0x00,0x00,0x00,0x00,0x00,0x00,0x00,0x00,0x00,0x00,0x00,0x00,0x00,0x00,0x00,0x00,0x00,0x00,0x00,0x00,0x00,
    0x00,0x00,0x00,0x00,0x00,0x00,0x00,0x00,0x00,0x00,0x00,0x00,0x00,0x00,0x00,0x00,0x00,0x00,0x00,0x00,0x00,0x00,0x00,0x00,0x00,0x00,0x00,0x00,0x00,0x00,0x00,0x00,
    0x00,0x00,0x00,0x00,0x00,0x00,0x00,0x00,0x00,0x00,0x00,0x00,0x00,0x00,0x00,0x00,0x00,0x00,0x00,0x00,0x01,0x3e,0x42,0xbc,0xc0,0x80,0x00,0x00,0x00,0xbc,0xc2,0xbe,
    0x41,0x00,0x00,0x00,0x00,0x00,0x00,0x00,0x00,0x00,0x00,0x00,0x00,0x00,0x00,0x00,0x00,0x00,0x04,0x0e,0x0f,0x30,0x0f,0x0e,0x04,0x00,0x00,0x00,0x00,0x00,0x00,0x00,
    0xfb,0xf9,0xff,0xfc,0x70,0x00,0x00,0x00,0x00,0x00,0x00,0x00,0x00,0x00,0x00,0x00,0x00,0x00,0x00,0x00,0x00,0x40,0xa0,0x40,0x00,0x00,0x00,0x00,0x00,0x00,0x00,0x00,
    0x00,0x00,0x00,0x00,0x00,0x80,0x40,0x80,0x00,0x00,0x00,0x00,0x00,0x00,0x00,0x00,0x00,0x00,0x00,0x00,0x00,0x00,0x00,0x00,0x00,0x00,0x00,0x00,0x00,0x00,0x20,0xd0,
    0x20,0x00,0x00,0x00,0x00,0x00,0x00,0x00,0x00,0x00,0x00,0x00,0x00,0x00,0x00,0x00,0x00,0x00,0x00,0x00,0x00,0x80,0xfc,0xfe,0xef,0xe7,0xbf,0xdf,0xbf,0xef,0xe7,0xfe,
    0xfc,0x80,0x00,0x00,0x00,0x00,0x00,0x00,0x00,0x00,0x00,0x40,0xa0,0x40,0x00,0x00,0x00,0x00,0x00,0x00,0x00,0x80,0x00,0x00,0x00,0x00,0x00,0x20,0xd0,0x20,0x00,0x00,
    0xff,0xff,0xf7,0xe1,0xf0,0xf0,0xb0,0xfc,0xf0,0xf4,0xfa,0xe4,0xef,0xe0,0xf0,0xf0,0xf8,0xf6,0xf0,0xf0,0xfc,0xf4,0xff,0xf2,0xf0,0xf0,0xfc,0xf0,0xf0,0xf0,0xf0,0xf2,
    0xfc,0xe0,0x70,0xf0,0xe4,0xfe,0xfb,0xe7,0xe0,0xf0,0xe0,0xf0,0xfe,0xf0,0xe0,0xf0,0xf0,0xf4,0xfa,0xf4,0xb0,0xf0,0xe0,0xf8,0xf4,0xf0,0xf0,0xfe,0xe0,0xf0,0xf4,0xef,
    0xf2,0xf0,0xf0,0xe0,0xfc,0xf0,0xf0,0xf0,0xf8,0xf4,0xf0,0xf0,0x78,0xf7,0xf0,0xf0,0xf0,0xfc,0xe0,0xf0,0xfe,0xff,0xff,0xff,0xff,0xff,0xff,0x7f,0xff,0xff,0xff,0xff,
    0xff,0xff,0xfe,0x70,0xf8,0xf6,0xfa,0xf4,0xf0,0xe0,0xfe,0xe4,0xff,0xf2,0xf0,0xf8,0xf7,0xf4,0xfa,0xf4,0xf9,0xf6,0xfd,0x72,0xe8,0xf7,0xf0,0xf6,0xff,0xf2,0xe0,0xe0
  },
  { // 6
    0x00,0x00,0x00,0x00,0x00,0x00,0x00,0x00,0x00,0x00,0x00,0x00,0x00,0x00,0x00,0x00,0x00,0x00,0x00,0x00,0x00,0x00,0x00,0x00,0x00,0x00,0x00,0x00,0x00,0x00,0x00,0x00,
    0x00,0x00,0x00,0x00,0x00,0x00,0x00,0x00,0x00,0x00,0x00,0x00,0x00,0x00,0x00,0x00,0x00,0x00,0x00,0x00,0x00,0x00,0x00,0x00,0x00,0x00,0x00,0x00,0x00,0x00,0x00,0x00,
    0x00,0x00,0x00,0x00,0x00,0x00,0x00,0x00,0x00,0x00,0x00,0x00,0x00,0x00,0x00,0x00,0x00,0x00,0x00,0x00,0x00,0x00,0x00,0x00,0x00,0x00,0x00,0x00,0x00,0x00,0x00,0x00,
    0x00,0x00,0x00,0x00,0x00,0x00,0x00,0x00,0x00,0x00,0x00,0x00,0x00,0x00,0x00,0x00,0x00,0x00,0x00,0x80,0x00,0x00,0x00,0x80,0x00,0x00,0x00,0x00,0x00,0x00,0x00,0x00,
    0xf0,0xe0,0xc0,0x80,0x00,0x00,0x00,0x00,0x00,0x00,0x00,0x00,0x00,0x00,0x00,0x00,0x00,0x00,0x00,0x00,0x00,0x00,0x00,0x00,0x00,0x00,0x00,0x00,0x00,0x00,0x00,0x00,
    0x00,0x00,0x00,0x00,0x00,0x00,0x00,0x00,0x00,0x00,0x00,0x00,0x00,0x00,0x00,0x00,0x00,0x00,0x00,0x00,0x00,0x00,0x00,0x00,0x00,0x00,0x00,0x00,0x00,0x00,0x00,0x00,
    0x00,0x00,0x00,0x00,0x00,0x00,0x00,0x00,0x00,0x00,0x00,0x00,0x00,0x00,0x00,0x00,0x00,0x00,0x00,0x00,0x01,0x3e,0x42,0xbc,0xc0,0x80,0x00,0x00,0x00,0xbc,0xc2,0xbe,
    0x41,0x00,0x00,0x00,0x00,0x00,0x00,0x00,0x00,0x00,0x00,0x00,0x00,0x00,0x00,0x00,0x00,0x00,0x04,0x0e,0x0f,0x30,0x0f,0x0e,0x04,0x00,0x00,0x00,0x00,0x00,0x00,0x00,
    0xf9,0xfb,0xfb,0xf7,0xff,0xfc,0x00,0x00,0x00,0x00,0x00,0x00,0x00,0x00,0x00,0x00,0x00,0x00,0x00,0x00,0x00,0x40,0xa0,0x40,0x00,0x00,0x00,0x00,0x00,0x00,0x00,0x00,
    0x00,0x00,0x00,0x00,0x00,0x80,0x40,0x80,0x00,0x00,0x00,0x00,0x00,0x00,0x00,0x00,0x00,0x00,0x00,0x00,0x00,0x00,0x00,0x00,0x00,0x00,0x00,0x00,0x00,0x00,0x20,0xd0,
    0x20,0x00,0x00,0x00,0x00,0x00,0x00,0x00,0x00,0x00,0x00,0x00,0x00,0x00,0x00,0x00,0x00,0x00,0x00,0x00,0x00,0x80,0xfc,0xfe,0xef,0xe7,0xbf,0xdf,0xbf,0xef,0xe7,0xfe,
    0xfc,0x80,0x00,0x00,0x00,0x00,0x00,0x00,0x00,0x00,0x00,0x40,0xa0,0x40,0x00,0x00,0x00,0x00,0x00,0x00,0x00,0x80,0x00,0x00,0x00,0x00,0x00,0x20,0xd0,0x20,0x00,0x00,
    0xff,0xff,0xff,0xe7,0xf3,0xf0,0xb0,0xfc,0xf0,0xf4,0xfa,0xe4,0xef,0xe0,0xf0,0xf0,0xf8,0xf6,0xf0,0xf0,0xfc,0xf4,0xff,0xf2,0xf0,0xf0,0xfc,0xf0,0xf0,0xf0,0xf0,0xf2,
    0xfc,0xe0,0x70,0xf0,0xe4,0xfe,0xfb,0xe6,0xe1,0xf0,0xe0,0xf0,0xfe,0xf0,0xe0,0xf0,0xf0,0xf4,0xfa,0xf4,0xb0,0xf0,0xe0,0xf8,0xf4,0xf0,0xf0,0xfe,0xe0,0xf0,0xf4,0xef,
    0xf2,0xf0,0xf0,0xe0,0xfc,0xf0,0xf0,0xf0,0xf8,0xf4,0xf0,0xf0,0x78,0xf6,0xf1,0xf0,0xf0,0xfc,0xe0,0xf0,0xfe,0xff,0xff,0xff,0xff,0xff,0xff,0x7f,0xff,0xff,0xff,0xff,
    0xff,0xff,0xfe,0x70,0xf8,0xf6,0xfa,0xf4,0xf0,0xe0,0xfe,0xe4,0xff,0xf2,0xf0,0xf8,0xf6,0xf5,0xfa,0xf4,0xf9,0xf6,0xfd,0x72,0xe8,0xf6,0xf1,0xf6,0xff,0xf2,0xe0,0xe0
  },
  { // 7
    0x00,0x00,0x00,0x00,0x00,0x00,0x00,0x00,0x00,0x00,0x00,0x00,0x00,0x00,0x00,0x00,0x00,0x00,0x00,0x00,0x00,0x00,0x00,0x00,0x00,0x00,0x00,0x00,0x00,0x00,0x00,0x00,
    0x00,0x00,0x00,0x00,0x00,0x00,0x00,0x00,0x00,0x00,0x00,0x00,0x00,0x00,0x00,0x00,0x00,0x00,0x00,0x00,0x00,0x00,0x00,0x00,0x00,0x00,0x00,0x00,0x00,0x00,0x00,0x00,
    0x00,0x00,0x00,0x00,0x00,0x00,0x00,0x00,0x00,0x00,0x00,0x00,0x00,0x00,0x00,0x00,0x00,0x00,0x00,0x00,0x00,0x00,0x00,0x00,0x00,0x00,0x00,0x00,0x00,0x00,0x00,0x00,
    0x00,0x00,0x00,0x00,0x00,0x00,0x00,0x00,0x00,0x00,0x00,0x00,0x00,0x00,0x00,0x00,0x00,0x00,0x00,0x00,0x80,0x00,0x00,0x00,0x80,0x00,0x00,0x00,0x00,0x00,0x00,0x00,
    0xf8,0xf8,0xf8,0xf0,0xe0,0xc0,0x00,0x00,0x00,0x00,0x00,0x00,0x00,0x00,0x00,0x00,0x00,0x00,0x00,0x00,0x00,0x00,0x00,0x00,0x00,0x00,0x00,0x00,0x00,0x00,0x00,0x00,
    0x00,0x00,0x00,0x00,0x00,0x00,0x00,0x00,0x00,0x00,0x00,0x00,0x00,0x00,0x00,0x00,0x00,0x00,0x00,0x00,0x00,0x00,0x00,0x00,0x00,0x00,0x00,0x00,0x00,0x00,0x00,0x00,
    0x00,0x00,0x00,0x00,0x00,0x00,0x00,0x00,0x00,0x00,0x00,0x00,0x00,0x00,0x00,0x00,0x00,0x00,0x00,0x00,0x00,0x3e,0x41,0x81,0xfe,0x80,0x00,0x00,0x00,0x80,0xfe,0x81,
    0x41,0x3e,0x00,0x00,0x00,0x00,0x00,0x00,0x00,0x00,0x00,0x00,0x00,0x00,0x00,0x00,0x00,0x00,0x00,0x04,0x0e,0x0f,0x30,0x0f,0x0e,0x04,0x00,0x00,0x00,0x00,0x00,0x00,
    0xef,0xf7,0xfb,0xfb,0xf7,0xef,0xff,0x78,0x00,0x00,0x00,0x00,0x00,0x00,0x00,0x00,0x00,0x00,0x00,0x00,0x00,0x40,0xa0,0x40,0x00,0x00,0x00,0x00,0x00,0x00,0x00,0x00,
    0x00,0x00,0x00,0x00,0x00,0x80,0x40,0x80,0x00,0x00,0x00,0x00,0x00,0x00,0x00,0x00,0x00,0x00,0x00,0x00,0x00,0x00,0x00,0x00,0x00,0x00,0x00,0x00,0x00,0x00,0x20,0xd0,
    0x20,0x00,0x00,0x00,0x00,0x00,0x00,0x00,0x00,0x00,0x00,0x00,0x00,0x00,0x00,0x00,0x00,0x00,0x00,0x00,0x00,0x80,0xfc,0xfe,0xef,0xe7,0xbf,0xdf,0xbf,0xef,0xe7,0xfe,
    0xfc,0x80,0x00,0x00,0x00,0x00,0x00,0x00,0x00,0x00,0x00,0x40,0xa0,0x40,0x00,0x00,0x00,0x00,0x00,0x00,0x00,0x80,0x00,0x00,0x00,0x00,0x00,0x20,0xd0,0x20,0x00,0x00,
    0xff,0xff,0xff,0xef,0xf7,0xf7,0xb1,0xfc,0xf0,0xf4,0xfa,0xe4,0xef,0xe0,0xf0,0xf0,0xf8,0xf6,0xf0,0xf0,0xfc,0xf4,0xff,0xf2,0xf0,0xf0,0xfc,0xf0,0xf0,0xf0,0xf0,0xf2,
    0xfc,0xe0,0x70,0xf0,0xe4,0xfe,0xfb,0xe6,0xe1,0xf0,0xe0,0xf0,0xfe,0xf0,0xe0,0xf0,0xf0,0xf4,0xfa,0xf4,0xb0,0xf0,0xe0,0xf8,0xf4,0xf0,0xf0,0xfe,0xe0,0xf0,0xf4,0xef,
    0xf2,0xf0,0xf0,0xe0,0xfc,0xf0,0xf0,0xf0,0xf8,0xf4,0xf0,0xf0,0x78,0xf6,0xf1,0xf0,0xf0,0xfc,0xe0,0xf0,0xfe,0xff,0xff,0xff,0xff,0xff,0xff,0x7f,0xff,0xff,0xff,0xff,
    0xff,0xff,0xfe,0x70,0xf8,0xf6,0xfa,0xf4,0xf0,0xe0,0xfe,0xe4,0xff,0xf2,0xf0,0xf8,0xf6,0xf5,0xfa,0xf4,0xf9,0xf6,0xfd,0x72,0xe8,0xf6,0xf1,0xf6,0xff,0xf2,0xe0,0xe0
  },
  { // 8
    0x00,0x00,0x00,0x00,0x00,0x00,0x00,0x00,0x00,0x00,0x00,0x00,0x00,0x00,0x00,0x00,0x00,0x00,0x00,0x00,0x00,0x00,0x00,0x00,0x00,0x00,0x00,0x00,0x00,0x00,0x00,0x00,
    0x00,0x00,0x00,0x00,0x00,0x00,0x00,0x00,0x00,0x00,0x00,0x00,0x00,0x00,0x00,0x00,0x00,0x00,0x00,0x00,0x00,0x00,0x00,0x00,0x00,0x00,0x00,0x00,0x00,0x00,0x00,0x00,
    0x00,0x00,0x00,0x00,0x00,0x00,0x00,0x00,0x00,0x00,0x00,0x00,0x00,0x00,0x00,0x00,0x00,0x00,0x00,0x00,0x00,0x00,0x00,0x00,0x00,0x00,0x00,0x00,0x00,0x00,0x00,0x00,
    0x00,0x00,0x00,0x00,0x00,0x00,0x00,0x00,0x00,0x00,0x00,0x00,0x00,0x00,0x00,0x00,0x00,0x00,0x00,0x00,0x80,0x00,0x00,0x00,0x80,0x00,0x00,0x00,0x00,0x00,0x00,0x00,
    0xf0,0xf8,0xf8,0xf8,0xf8,0xf8,0xf0,0xe0,0x80,0x00,0x00,0x00,0x00,0x00,0x00,0x00,0x00,0x00,0x00,0x00,0x00,0x00,0x00,0x00,0x00,0x00,0x00,0x00,0x00,0x00,0x00,0x00,
    0x00,0x00,0x00,0x00,0x00,0x00,0x00,0x00,0x00,0x00,0x00,0x00,0x00,0x00,0x00,0x00,0x00,0x00,0x00,0x00,0x00,0x00,0x00,0x00,0x00,0x00,0x00,0x00,0x00,0x00,0x00,0x00,
    0x00,0x00,0x00,0x00,0x00,0x00,0x00,0x00,0x00,0x00,0x00,0x00,0x00,0x00,0x00,0x00,0x00,0x00,0x00,0x00,0x00,0x3e,0x41,0x81,0xfe,0x80,0x00,0x00,0x00,0x80,0xfe,0x81,
    0x41,0x3e,0x00,0x00,0x00,0x00,0x00,0x00,0x00,0x00,0x00,0x00,0x00,0x00,0x00,0x00,0x00,0x0e,0x11,0x75,0x4a,0x11,0x3e,0x11,0x4a,0x75,0x11,0x0e,0x00,0x00,0x00,0x00,
    0xf9,0xf7,0xef,0xef,0xf7,0xf7,0xcf,0xdf,0xff,0x00,0x00,0x00,0x00,0x00,0x00,0x00,0x00,0x00,0x00,0x00,0x00,0x40,0xa0,0x40,0x00,0x00,0x00,0x00,0x00,0x00,0x00,0x00,
    0x00,0x00,0x00,0x00,0x00,0x80,0x40,0x80,0x00,0x00,0x00,0x00,0x00,0x00,0x00,0x00,0x00,0x00,0x00,0x00,0x00,0x00,0x00,0x00,0x00,0x00,0x00,0x00,0x00,0x00,0x20,0xd0,
    0x20,0x00,0x00,0x00,0x00,0x00,0x00,0x00,0x00,0x00,0x00,0x00,0x00,0x00,0x00,0x00,0x00,0x00,0x00,0x00,0x00,0x80,0xfc,0xfe,0xef,0xe7,0xbf,0xdf,0xbf,0xef,0xe7,0xfe,
    0xfc,0x80,0x00,0x00,0x00,0x00,0x00,0x00,0x00,0x00,0x00,0x40,0xa0,0x40,0x00,0x00,0x00,0x00,0x00,0x00,0x00,0x80,0x00,0x00,0x00,0x00,0x00,0x20,0xd0,0x20,0x00,0x00,
    0xff,0xff,0xff,0xef,0xff,0xff,0xb7,0xff,0xf0,0xf4,0xfa,0xe4,0xef,0xe0,0xf0,0xf0,0xf8,0xf6,0xf0,0xf0,0xfc,0xf4,0xff,0xf2,0xf0,0xf0,0xfc,0xf0,0xf0,0xf0,0xf0,0xf2,
    0xfc,0xe0,0x70,0xf0,0xe4,0xfe,0xfb,0xe6,0xe1,0xf0,0xe0,0xf0,0xfe,0xf0,0xe0,0xf0,0xf0,0xf4,0xfa,0xf4,0xb0,0xf0,0xe0,0xf8,0xf4,0xf0,0xf0,0xfe,0xe0,0xf0,0xf4,0xef,
    0xf2,0xf0,0xf0,0xe0,0xfc,0xf0,0xf0,0xf0,0xf8,0xf4,0xf0,0xf0,0x78,0xf6,0xf1,0xf0,0xf0,0xfc,0xe0,0xf0,0xfe,0xff,0xff,0xff,0xff,0xff,0xff,0x7f,0xff,0xff,0xff,0xff,
    0xff,0xff,0xfe,0x70,0xf8,0xf6,0xfa,0xf4,0xf0,0xe0,0xfe,0xe4,0xff,0xf2,0xf0,0xf8,0xf6,0xf5,0xfa,0xf4,0xf9,0xf6,0xfd,0x72,0xe8,0xf6,0xf1,0xf6,0xff,0xf2,0xe0,0xe0
  },
  { // 9
    0x00,0x00,0x00,0x00,0x00,0x00,0x00,0x00,0x00,0x00,0x00,0x00,0x00,0x00,0x00,0x00,0x00,0x00,0x00,0x00,0x00,0x00,0x00,0x00,0x00,0x00,0x00,0x00,0x00,0x00,0x00,0x00,
    0x00,0x00,0x00,0x00,0x00,0x00,0x00,0x00,0x00,0x00,0x00,0x00,0x00,0x00,0x00,0x00,0x00,0x00,0x00,0x00,0x00,0x00,0x00,0x00,0x00,0x00,0x00,0x00,0x00,0x00,0x00,0x00,
    0x00,0x00,0x00,0x00,0x00,0x00,0x00,0x00,0x00,0x00,0x00,0x00,0x00,0x00,0x00,0x00,0x00,0x00,0x00,0x00,0x00,0x00,0x00,0x00,0x00,0x00,0x00,0x00,0x00,0x00,0x00,0x00,
    0x00,0x00,0x00,0x00,0x00,0x00,0x00,0x00,0x00,0x00,0x00,0x00,0x00,0x00,0x00,0x00,0x00,0x00,0x00,0x80,0x80,0x40,0x80,0x00,0x80,0x40,0x80,0x80,0x00,0x00,0x00,0x00,
    0xc0,0xe0,0xe0,0xf0,0xf0,0xf8,0xf8,0xf8,0xf0,0xf0,0xc0,0x00,0x00,0x00,0x00,0x00,0x00,0x00,0x00,0x00,0x00,0x00,0x00,0x00,0x00,0x00,0x00,0x00,0x00,0x00,0x00,0x00,
    0x00,0x00,0x00,0x00,0x00,0x00,0x00,0x00,0x00,0x00,0x00,0x00,0x00,0x00,0x00,0x00,0x00,0x00,0x00,0x00,0x00,0x00,0x00,0x00,0x00,0x00,0x00,0x00,0x00,0x00,0x00,0x00,
    0x00,0x00,0x00,0x00,0x00,0x00,0x00,0x00,0x00,0x00,0x00,0x00,0x00,0x00,0x00,0x00,0x00,0x00,0x00,0x00,0x00,0x3e,0x41,0x81,0xfe,0x80,0x00,0x00,0x00,0x80,0xfe,0x81,
    0x41,0x3e,0x00,0x00,0x00,0x00,0x00,0x00,0x00,0x00,0x00,0x00,0x00,0x00,0x00,0x00,0x00,0x00,0x07,0x08,0x3a,0x25,0x08,0x1f,0x08,0x25,0x3a,0x08,0x07,0x00,0x00,0x00,
    0xfb,0xfd,0xfd,0xe3,0xef,0xef,0xff,0xc7,0x3f,0xff,0x7f,0x00,0x00,0x00,0x00,0x00,0x00,0x00,0x00,0x00,0x00,0x40,0xa0,0x40,0x00,0x00,0x00,0x00,0x00,0x00,0x00,0x00,
    0x00,0x00,0x00,0x00,0x00,0x80,0x40,0x80,0x00,0x00,0x00,0x00,0x00,0x00,0x00,0x00,0x00,0x00,0x00,0x00,0x00,0x00,0x00,0x00,0x00,0x00,0x00,0x00,0x00,0x00,0x20,0xd0,
    0x20,0x00,0x00,0x00,0x00,0x00,0x00,0x00,0x00,0x00,0x00,0x00,0x00,0x00,0x00,0x00,0x00,0x00,0x00,0x00,0x00,0x80,0xfc,0xfe,0xef,0xe7,0xbf,0xdf,0xbf,0xef,0xe7,0xfe,
    0xfc,0x80,0x00,0x00,0x00,0x00,0x00,0x00,0x00,0x00,0x00,0x40,0xa0,0x40,0x00,0x00,0x00,0x00,0x00,0x00,0x00,0x80,0x00,0x00,0x00,0x00,0x00,0x20,0xd0,0x20,0x00,0x00,
    0xff,0xff,0xff,0xef,0xff,0xff,0xbf,0xff,0xf7,0xf5,0xfa,0xe4,0xef,0xe0,0xf0,0xf0,0xf8,0xf6,0xf0,0xf0,0xfc,0xf4,0xff,0xf2,0xf0,0xf0,0xfc,0xf0,0xf0,0xf0,0xf0,0xf2,
    0xfc,0xe0,0x70,0xf0,0xe4,0xfe,0xfb,0xe6,0xe1,0xf0,0xe0,0xf0,0xfe,0xf0,0xe0,0xf0,0xf0,0xf4,0xfa,0xf4,0xb0,0xf0,0xe0,0xf8,0xf4,0xf0,0xf0,0xfe,0xe0,0xf0,0xf4,0xef,
    0xf2,0xf0,0xf0,0xe0,0xfc,0xf0,0xf0,0xf0,0xf8,0xf4,0xf0,0xf0,0x78,0xf6,0xf1,0xf0,0xf0,0xfc,0xe0,0xf0,0xfe,0xff,0xff,0xff,0xff,0xff,0xff,0x7f,0xff,0xff,0xff,0xff,
    0xff,0xff,0xfe,0x70,0xf8,0xf6,0xfa,0xf4,0xf0,0xe0,0xfe,0xe4,0xff,0xf2,0xf0,0xf8,0xf6,0xf5,0xfa,0xf4,0xf9,0xf6,0xfd,0x72,0xe8,0xf6,0xf1,0xf6,0xff,0xf2,0xe0,0xe0
  },
  { // 10
    0x00,0x00,0x00,0x00,0x00,0x00,0x00,0x00,0x00,0x00,0x00,0x00,0x00,0x00,0x00,0x00,0x00,0x00,0x00,0x00,0x00,0x00,0x00,0x00,0x00,0x00,0x00,0x00,0x00,0x00,0x00,0x00,
    0x00,0x00,0x00,0x00,0x00,0x00,0x00,0x00,0x00,0x00,0x00,0x00,0x00,0x00,0x00,0x00,0x00,0x00,0x00,0x00,0x00,0x00,0x00,0x00,0x00,0x00,0x00,0x00,0x00,0x00,0x00,0x00,
    0x00,0x00,0x00,0x00,0x00,0x00,0x00,0x00,0x00,0x00,0x00,0x00,0x00,0x00,0x00,0x00,0x00,0x00,0x00,0x00,0x00,0x00,0x00,0x00,0x00,0x00,0x00,0x00,0x00,0x00,0x00,0x00,
    0x00,0x00,0x00,0x00,0x00,0x00,0x00,0x00,0x00,0x00,0x00,0x00,0x00,0x00,0x00,0x00,0x00,0x00,0x00,0x80,0x80,0x40,0x80,0x00,0x80,0x40,0x80,0x80,0x00,0x00,0x00,0x00,
    0x00,0x80,0xc0,0xc0,0xe0,0xe0,0xe0,0xf0,0xf0,0xf0,0xf0,0xe0,0xe0,0x80,0x00,0x00,0x00,0x00,0x00,0x00,0x00,0x00,0x00,0x00,0x00,0x00,0x00,0x00,0x00,0x00,0x00,0x00,
    0x00,0x00,0x00,0x00,0x00,0x00,0x00,0x00,0x00,0x00,0x00,0x00,0x00,0x00,0x00,0x00,0x00,0x00,0x00,0x00,0x00,0x00,0x00,0x00,0x00,0x00,0x00,0x00,0x00,0x00,0x00,0x00,
    0x00,0x00,0x00,0x00,0x00,0x00,0x00,0x00,0x00,0x00,0x00,0x00,0x00,0x00,0x00,0x00,0x00,0x00,0x00,0x00,0x00,0x3e,0x41,0x81,0xfe,0x80,0x00,0x00,0x00,0x80,0xfe,0x81,
    0x41,0x3e,0x00,0x00,0x00,0x00,0x00,0x00,0x00,0x00,0x00,0x00,0x00,0x00,0x00,0x00,0x00,0x00,0x07,0x08,0x3a,0x25,0x08,0x1f,0x08,0x25,0x3a,0x08,0x07,0x00,0x00,0x00,
    0xff,0xff,0xfd,0xfd,0xfd,0xe1,0xef,0xef,0xef,0x0f,0xff,0xff,0x7f,0x1f,0x00,0x00,0x00,0x00,0x00,0x00,0x00,0x40,0xa0,0x40,0x00,0x00,0x00,0x00,0x00,0x00,0x00,0x00,
    0x00,0x00,0x00,0x00,0x00,0x80,0x40,0x80,0x00,0x00,0x00,0x00,0x00,0x00,0x00,0x00,0x00,0x00,0x00,0x00,0x00,0x00,0x00,0x00,0x00,0x00,0x00,0x00,0x00,0x00,0x20,0xd0,
    0x20,0x00,0x00,0x00,0x00,0x00,0x00,0x00,0x00,0x00,0x00,0x00,0x00,0x00,0x00,0x00,0x00,0x00,0x00,0x00,0x00,0x80,0xfc,0xfe,0xef,0xe7,0xbf,0xdf,0xbf,0xef,0xe7,0xfe,
    0xfc,0x80,0x00,0x00,0x00,0x00,0x00,0x00,0x00,0x00,0x00,0x40,0xa0,0x40,0x00,0x00,0x00,0x00,0x00,0x00,0x00,0x80,0x00,0x00,0x00,0x00,0x00,0x20,0xd0,0x20,0x00,0x00,
    0xf7,0xff,0xff,0xef,0xff,0xff,0xbf,0xff,0xff,0xf6,0xfb,0xe5,0xee,0xe1,0xf0,0xf0,0xf8,0xf6,0xf0,0xf0,0xfc,0xf4,0xff,0xf2,0xf0,0xf0,0xfc,0xf0,0xf0,0xf0,0xf0,0xf0,
    0xfe,0xe0,0x70,0xf0,0xe4,0xfe,0xfb,0xe6,0xe1,0xf0,0xe0,0xf0,0xfe,0xf0,0xe0,0xf0,0xf0,0xf4,0xfa,0xf4,0xb0,0xf0,0xe0,0xf8,0xf4,0xf0,0xf0,0xfe,0xe0,0xf0,0xf4,0xef,
    0xf2,0xf0,0xf0,0xe0,0xfc,0xf0,0xf0,0xf0,0xf8,0xf4,0xf0,0xf0,0x78,0xf6,0xf1,0xf0,0xf0,0xfc,0xe0,0xf0,0xfe,0xff,0xff,0xff,0xff,0xff,0xff,0x7f,0xff,0xff,0xff,0xff,
    0xff,0xff,0xfe,0x70,0xf8,0xf6,0xfa,0xf4,0xf0,0xe0,0xfe,0xe4,0xff,0xf2,0xf0,0xf8,0xf6,0xf5,0xfa,0xf4,0xf9,0xf6,0xfd,0x72,0xe8,0xf6,0xf1,0xf4,0xff,0xf2,0xe0,0xe0
  },
  { // 11
    0x00,0x00,0x00,0x00,0x00,0x00,0x00,0x00,0x00,0x00,0x00,0x00,0x00,0x00,0x00,0x00,0x00,0x00,0x00,0x00,0x00,0x00,0x00,0x00,0x00,0x00,0x00,0x00,0x00,0x00,0x00,0x00,
    0x00,0x00,0x00,0x00,0x00,0x00,0x00,0x00,0x00,0x00,0x00,0x00,0x00,0x00,0x00,0x00,0x00,0x00,0x00,0x00,0x00,0x00,0x00,0x00,0x00,0x00,0x00,0x00,0x00,0x00,0x00,0x00,
    0x00,0x00,0x00,0x00,0x00,0x00,0x00,0x00,0x00,0x00,0x00,0x00,0x00,0x00,0x00,0x00,0x00,0x00,0x00,0x00,0x00,0x00,0x00,0x00,0x00,0x00,0x00,0x00,0x00,0x00,0x00,0x00,
    0x00,0x00,0x00,0x00,0x00,0x00,0x00,0x00,0x00,0x00,0x00,0x00,0x00,0x00,0x00,0x00,0x00,0x00,0x00,0x80,0x80,0x40,0x80,0x00,0x80,0x40,0x80,0x80,0x00,0x00,0x00,0x00,
    0x00,0x00,0x00,0x80,0xc0,0xc0,0xc0,0xc0,0xe0,0xe0,0xe0,0xe0,0xe0,0xc0,0xc0,0x80,0x00,0x00,0x00,0x00,0x00,0x00,0x00,0x00,0x00,0x00,0x00,0x00,0x00,0x00,0x00,0x00,
    0x00,0x00,0x00,0x00,0x00,0x00,0x00,0x00,0x00,0x00,0x00,0x00,0x00,0x00,0x00,0x00,0x00,0x00,0x00,0x00,0x00,0x00,0x00,0x00,0x00,0x00,0x00,0x00,0x00,0x00,0x00,0x00,
    0x00,0x00,0x00,0x00,0x00,0x00,0x00,0x00,0x00,0x00,0x00,0x00,0x00,0x00,0x00,0x00,0x00,0x00,0x00,0x00,0x00,0x3e,0x41,0x81,0xfe,0x80,0x00,0x00,0x00,0x80,0xfe,0x81,
    0x41,0x3e,0x00,0x00,0x00,0x00,0x00,0x00,0x00,0x00,0x00,0x00,0x00,0x00,0x00,0x00,0x00,0x00,0x07,0x08,0x3a,0x25,0x08,0x1f,0x08,0x25,0x3a,0x08,0x07,0x00,0x00,0x00,
    0xfc,0xfe,0xff,0xff,0xfe,0xff,0xfd,0xe5,0xdd,0xdf,0x1f,0xff,0xff,0xff,0xff,0x3f,0x07,0x00,0x00,0x00,0x00,0x40,0xa0,0x40,0x00,0x00,0x00,0x00,0x00,0x00,0x00,0x00,
    0x00,0x00,0x00,0x00,0x00,0x80,0x40,0x80,0x00,0x00,0x00,0x00,0x00,0x00,0x00,0x00,0x00,0x00,0x00,0x00,0x00,0x00,0x00,0x00,0x00,0x00,0x00,0x00,0x00,0x00,0x20,0xd0,
    0x20,0x00,0x00,0x00,0x00,0x00,0x00,0x00,0x00,0x00,0x00,0x00,0x00,0x00,0x00,0x00,0x00,0x00,0x00,0x00,0x00,0x80,0xfc,0xfe,0xef,0xe7,0xbf,0xdf,0xbf,0xef,0xe7,0xfe,
    0xfc,0x80,0x00,0x00,0x00,0x00,0x00,0x00,0x00,0x00,0x00,0x40,0xa0,0x40,0x00,0x00,0x00,0x00,0x00,0x00,0x00,0x80,0x00,0x00,0x00,0x00,0x00,0x20,0xd0,0x20,0x00,0x00,
    0xf0,0xfb,0xf7,0xef,0xff,0xff,0xbf,0xff,0xff,0xff,0xfc,0xe7,0xef,0xe1,0xf0,0xf0,0xf8,0xf6,0xf0,0xf0,0xfc,0xf4,0xff,0xf2,0xf0,0xf0,0xfc,0xf0,0xf0,0xf0,0xf0,0xf0,
    0xfe,0xe0,0x70,0xf0,0xe4,0xfe,0xfb,0xe6,0xe1,0xf0,0xe0,0xf0,0xfe,0xf0,0xe0,0xf0,0xf0,0xf4,0xfa,0xf4,0xb0,0xf0,0xe0,0xf8,0xf4,0xf0,0xf0,0xfe,0xe0,0xf0,0xf4,0xef,
    0xf2,0xf0,0xf0,0xe0,0xfc,0xf0,0xf0,0xf0,0xf8,0xf4,0xf0,0xf0,0x78,0xf6,0xf1,0xf0,0xf0,0xfc,0xe0,0xf0,0xfe,0xff,0xff,0xff,0xff,0xff,0xff,0x7f,0xff,0xff,0xff,0xff,
    0xff,0xff,0xfe,0x70,0xf8,0xf6,0xfa,0xf4,0xf0,0xe0,0xfe,0xe4,0xff,0xf2,0xf0,0xf8,0xf6,0xf5,0xfa,0xf4,0xf9,0xf6,0xfd,0x72,0xe8,0xf6,0xf1,0xf4,0xff,0xf2,0xe0,0xe0
  },
  { // 12
    0x00,0x00,0x00,0x00,0x00,0x00,0x00,0x00,0x00,0x00,0x00,0x00,0x00,0x00,0x00,0x00,0x00,0x00,0x00,0x00,0x00,0x00,0x00,0x00,0x00,0x00,0x00,0x00,0x00,0x00,0x00,0x00,
    0x00,0x00,0x00,0x00,0x00,0x00,0x00,0x00,0x00,0x00,0x00,0x00,0x00,0x00,0x00,0x00,0x00,0x00,0x00,0x00,0x00,0x00,0x00,0x00,0x00,0x00,0x00,0x00,0x00,0x00,0x00,0x00,
    0x00,0x00,0x00,0x00,0x00,0x00,0x00,0x00,0x00,0x00,0x00,0x00,0x00,0x00,0x00,0x00,0x00,0x00,0x00,0x00,0x00,0x00,0x00,0x00,0x00,0x00,0x00,0x00,0x00,0x00,0x00,0x00,
    0x00,0x00,0x00,0x00,0x00,0x00,0x00,0x00,0x00,0x00,0x00,0x00,0x00,0x00,0x00,0x00,0x00,0x00,0x00,0x00,0x00,0xa0,0xc0,0x00,0xc0,0xa0,0x00,0x00,0x00,0x00,0x00,0x00,
    0x00,0x00,0x00,0x00,0x00,0x80,0x80,0xc0,0xc0,0xc0,0xc0,0xc0,0xc0,0xc0,0xc0,0x80,0x80,0x00,0x00,0x00,0x00,0x00,0x00,0x00,0x00,0x00,0x00,0x00,0x00,0x00,0x00,0x00,
    0x00,0x00,0x00,0x00,0x00,0x00,0x00,0x00,0x00,0x00,0x00,0x00,0x00,0x00,0x00,0x00,0x00,0x00,0x00,0x00,0x00,0x00,0x00,0x00,0x00,0x00,0x00,0x00,0x00,0x00,0x00,0x00,
    0x00,0x00,0x00,0x00,0x00,0x00,0x00,0x00,0x00,0x00,0x00,0x00,0x00,0x00,0x00,0x00,0x00,0x00,0x00,0x00,0x00,0x3e,0x41,0x81,0xfe,0x80,0x00,0x00,0x00,0x80,0xfe,0x81,
    0x41,0x3e,0x00,0x00,0x00,0x00,0x00,0x00,0x00,0x00,0x00,0x00,0x00,0x00,0x00,0x00,0x00,0x00,0x00,0x00,0x01,0x03,0x03,0x0c,0x03,0x03,0x01,0x00,0x00,0x00,0x00,0x00,
    0x00,0x00,0xfc,0xff,0xff,0xff,0xff,0xfe,0xfe,0xcd,0xd1,0xbf,0x3f,0xff,0xff,0xff,0xff,0x7f,0x3e,0x00,0x00,0x40,0xa0,0x40,0x00,0x00,0x00,0x00,0x00,0x00,0x00,0x00,
    0x00,0x00,0x00,0x00,0x00,0x80,0x40,0x80,0x00,0x00,0x00,0x00,0x00,0x00,0x00,0x00,0x00,0x00,0x00,0x00,0x00,0x00,0x00,0x00,0x00,0x00,0x00,0x00,0x00,0x00,0x20,0xd0,
    0x20,0x00,0x00,0x00,0x00,0x00,0x00,0x00,0x00,0x00,0x00,0x00,0x00,0x00,0x00,0x00,0x00,0x00,0x00,0x00,0x00,0x80,0xfc,0xfe,0xef,0xe7,0xbf,0xdf,0xbf,0xef,0xe7,0xfe,
    0xfc,0x80,0x00,0x00,0x00,0x00,0x00,0x00,0x00,0x00,0x00,0x40,0xa0,0x40,0x00,0x00,0x00,0x00,0x00,0x00,0x00,0x80,0x00,0x00,0x00,0x00,0x00,0x20,0xd0,0x20,0x00,0x00,
    0xf0,0xf8,0xf7,0xe3,0xf7,0xff,0xbf,0xff,0xff,0xff,0xff,0xec,0xef,0xe7,0xf3,0xf1,0xf9,0xf6,0xf0,0xf0,0xfc,0xf4,0xff,0xf2,0xf0,0xf0,0xfc,0xf0,0xf0,0xf0,0xf0,0xf0,
    0xfe,0xe0,0x70,0xf0,0xe4,0xfe,0xfb,0xe6,0xe1,0xf0,0xe0,0xf0,0xfe,0xf0,0xe0,0xf0,0xf0,0xf4,0xfa,0xf4,0xb0,0xf0,0xe0,0xf8,0xf4,0xf0,0xf0,0xfe,0xe0,0xf0,0xf4,0xef,
    0xf2,0xf0,0xf0,0xe0,0xfc,0xf0,0xf0,0xf0,0xf8,0xf4,0xf0,0xf0,0x78,0xf6,0xf1,0xf0,0xf0,0xfc,0xe0,0xf0,0xfe,0xff,0xff,0xff,0xff,0xff,0xff,0x7f,0xff,0xff,0xff,0xff,
    0xff,0xff,0xfe,0x70,0xf8,0xf6,0xfa,0xf4,0xf0,0xe0,0xfe,0xe4,0xff,0xf2,0xf0,0xf8,0xf6,0xf5,0xfa,0xf4,0xf9,0xf6,0xfd,0x72,0xe8,0xf6,0xf1,0xf4,0xff,0xf2,0xe0,0xe0
  },
  { // 13
    0x00,0x00,0x00,0x00,0x00,0x00,0x00,0x00,0x00,0x00,0x00,0x00,0x00,0x00,0x00,0x00,0x00,0x00,0x00,0x00,0x00,0x00,0x00,0x00,0x00,0x00,0x00,0x00,0x00,0x00,0x00,0x00,
    0x00,0x00,0x00,0x00,0x00,0x00,0x00,0x00,0x00,0x00,0x00,0x00,0x00,0x00,0x00,0x00,0x00,0x00,0x00,0x00,0x00,0x00,0x00,0x00,0x00,0x00,0x00,0x00,0x00,0x00,0x00,0x00,
    0x00,0x00,0x00,0x00,0x00,0x00,0x00,0x00,0x00,0x00,0x00,0x00,0x00,0x00,0x00,0x00,0x00,0x00,0x00,0x00,0x00,0x00,0x00,0x00,0x00,0x00,0x00,0x00,0x00,0x00,0x00,0x00,
    0x00,0x00,0x00,0x00,0x00,0x00,0x00,0x00,0x00,0x00,0x00,0x00,0x00,0x00,0x00,0x00,0x00,0x00,0x00,0x00,0x00,0x00,0xa0,0xc0,0x00,0xc0,0xa0,0x00,0x00,0x00,0x00,0x00,
    0x00,0x00,0x00,0x00,0x00,0x00,0x80,0x80,0x80,0xc0,0xc0,0xc0,0xc0,0xc0,0x80,0x80,0x80,0x00,0x00,0x00,0x00,0x00,0x00,0x00,0x00,0x00,0x00,0x00,0x00,0x00,0x00,0x00,
    0x00,0x00,0x00,0x00,0x00,0x00,0x00,0x00,0x00,0x00,0x00,0x00,0x00,0x00,0x00,0x00,0x00,0x00,0x00,0x00,0x00,0x00,0x00,0x00,0x00,0x00,0x00,0x00,0x00,0x00,0x00,0x00,
    0x00,0x00,0x00,0x00,0x00,0x00,0x00,0x00,0x00,0x00,0x00,0x00,0x00,0x00,0x00,0x00,0x00,0x00,0x00,0x00,0x00,0x3e,0x41,0x81,0xfe,0x80,0x00,0x00,0x00,0x80,0xfe,0x81,
    0x41,0x3e,0x00,0x00,0x00,0x00,0x00,0x00,0x00,0x00,0x00,0x00,0x00,0x00,0x00,0x00,0x00,0x00,0x00,0x00,0x00,0x01,0x03,0x03,0x0c,0x03,0x03,0x01,0x00,0x00,0x00,0x00,
    0x00,0x00,0x00,0x00,0xfc,0xff,0xff,0xff,0xff,0xff,0xfe,0xce,0xa5,0x7b,0xff,0xff,0xff,0xff,0xfe,0xfe,0xfc,0x40,0xa0,0x40,0x00,0x00,0x00,0x00,0x00,0x00,0x00,0x00,
    0x00,0x00,0x00,0x00,0x00,0x80,0x40,0x80,0x00,0x00,0x00,0x00,0x00,0x00,0x00,0x00,0x00,0x00,0x00,0x00,0x00,0x00,0x00,0x00,0x00,0x00,0x00,0x00,0x00,0x00,0x20,0xd0,
    0x20,0x00,0x00,0x00,0x00,0x00,0x00,0x00,0x00,0x00,0x00,0x00,0x00,0x00,0x00,0x00,0x00,0x00,0x00,0x00,0x00,0x80,0xfc,0xfe,0xef,0xe7,0xbf,0xdf,0xbf,0xef,0xe7,0xfe,
    0xfc,0x80,0x00,0x00,0x00,0x00,0x00,0x00,0x00,0x00,0x00,0x40,0xa0,0x40,0x00,0x00,0x00,0x00,0x00,0x00,0x00,0x80,0x00,0x00,0x00,0x00,0x00,0x20,0xd0,0x20,0x00,0x00,
    0xf0,0xf8,0xf6,0xe0,0xf1,0xf3,0xb7,0xff,0xff,0xff,0xff,0xeb,0xed,0xee,0xff,0xf7,0xff,0xf7,0xf3,0xf1,0xfc,0xf4,0xff,0xf2,0xf0,0xf0,0xfc,0xf0,0xf0,0xf0,0xf0,0xf0,
    0xfe,0xe0,0x70,0xf0,0xe4,0xfe,0xfb,0xe6,0xe1,0xf0,0xe0,0xf0,0xfe,0xf0,0xe0,0xf0,0xf0,0xf4,0xfa,0xf4,0xb0,0xf0,0xe0,0xf8,0xf4,0xf0,0xf0,0xfe,0xe0,0xf0,0xf4,0xef,
    0xf2,0xf0,0xf0,0xe0,0xfc,0xf0,0xf0,0xf0,0xf8,0xf4,0xf0,0xf0,0x78,0xf6,0xf1,0xf0,0xf0,0xfc,0xe0,0xf0,0xfe,0xff,0xff,0xff,0xff,0xff,0xff,0x7f,0xff,0xff,0xff,0xff,
    0xff,0xff,0xfe,0x70,0xf8,0xf6,0xfa,0xf4,0xf0,0xe0,0xfe,0xe4,0xff,0xf2,0xf0,0xf8,0xf6,0xf5,0xfa,0xf4,0xf9,0xf6,0xfd,0x72,0xe8,0xf6,0xf1,0xf4,0xff,0xf2,0xe0,0xe0
  },
  { // 14
    0x00,0x00,0x00,0x00,0x00,0x00,0x00,0x00,0x00,0x00,0x00,0x00,0x00,0x00,0x00,0x00,0x00,0x00,0x00,0x00,0x00,0x00,0x00,0x00,0x00,0x00,0x00,0x00,0x00,0x00,0x00,0x00,
    0x00,0x00,0x00,0x00,0x00,0x00,0x00,0x00,0x00,0x00,0x00,0x00,0x00,0x00,0x00,0x00,0x00,0x00,0x00,0x00,0x00,0x00,0x00,0x00,0x00,0x00,0x00,0x00,0x00,0x00,0x00,0x00,
    0x00,0x00,0x00,0x00,0x00,0x00,0x00,0x00,0x00,0x00,0x00,0x00,0x00,0x00,0x00,0x00,0x00,0x00,0x00,0x00,0x00,0x00,0x00,0x00,0x00,0x00,0x00,0x00,0x00,0x00,0x00,0x00,
    0x00,0x00,0x00,0x00,0x00,0x00,0x00,0x00,0x00,0x00,0x00,0x00,0x00,0x00,0x00,0x00,0x00,0x00,0x00,0x00,0x00,0x00,0xa0,0xc0,0x00,0xc0,0xa0,0x00,0x00,0x00,0x00,0x00,
    0x00,0x00,0x00,0x00,0x00,0x00,0x00,0x00,0x80,0x80,0xc0,0xc0,0xc0,0xc0,0xc0,0x80,0x80,0x80,0x00,0x00,0x00,0x00,0x00,0x00,0x00,0x00,0x00,0x00,0x00,0x00,0x00,0x00,
    0x00,0x00,0x00,0x00,0x00,0x00,0x00,0x00,0x00,0x00,0x00,0x00,0x00,0x00,0x00,0x00,0x00,0x00,0x00,0x00,0x00,0x00,0x00,0x00,0x00,0x00,0x00,0x00,0x00,0x00,0x00,0x00,
    0x00,0x00,0x00,0x00,0x00,0x00,0x00,0x00,0x00,0x00,0x00,0x00,0x00,0x00,0x00,0x00,0x00,0x00,0x00,0x00,0x00,0x3e,0x41,0x81,0xfe,0x80,0x00,0x00,0x00,0x80,0xfe,0x81,
    0x41,0x3e,0x00,0x00,0x00,0x00,0x00,0x00,0x00,0x00,0x00,0x00,0x00,0x00,0x00,0x00,0x00,0x00,0x00,0x00,0x00,0x01,0x03,0x03,0x0c,0x03,0x03,0x01,0x00,0x00,0x00,0x00,
    0x00,0x00,0x00,0x00,0x00,0x00,0xfc,0xff,0xff,0xff,0xff,0xff,0xff,0xdf,0x2c,0xf3,0xf7,0xff,0xff,0xfe,0xfc,0xf8,0xf0,0x40,0x00,0x00,0x00,0x00,0x00,0x00,0x00,0x00,
    0x00,0x00,0x00,0x00,0x00,0x80,0x40,0x80,0x00,0x00,0x00,0x00,0x00,0x00,0x00,0x00,0x00,0x00,0x00,0x00,0x00,0x00,0x00,0x00,0x00,0x00,0x00,0x00,0x00,0x00,0x20,0xd0,
    0x20,0x00,0x00,0x00,0x00,0x00,0x00,0x00,0x00,0x00,0x00,0x00,0x00,0x00,0x00,0x00,0x00,0x00,0x00,0x00,0x00,0x80,0xfc,0xfe,0xef,0xe7,0xbf,0xdf,0xbf,0xef,0xe7,0xfe,
    0xfc,0x80,0x00,0x00,0x00,0x00,0x00,0x00,0x00,0x00,0x00,0x40,0xa0,0x40,0x00,0x00,0x00,0x00,0x00,0x00,0x00,0x80,0x00,0x00,0x00,0x00,0x00,0x20,0xd0,0x20,0x00,0x00,
    0xf0,0xf8,0xf6,0xe0,0xf0,0xf0,0xb1,0xff,0xf7,0xff,0xff,0xef,0xeb,0xfd,0xfe,0xfe,0xff,0xff,0xff,0xf7,0xff,0xf7,0xff,0xf2,0xf0,0xf0,0xfc,0xf0,0xf0,0xf0,0xf0,0xf0,
    0xfe,0xe0,0x70,0xf0,0xe4,0xfe,0xfb,0xe6,0xe1,0xf0,0xe0,0xf0,0xfc,0xf2,0xe0,0xf0,0xf0,0xf4,0xfa,0xf4,0xb0,0xf0,0xe0,0xf8,0xf4,0xf0,0xf0,0xfc,0xe2,0xf0,0xf4,0xef,
    0xf2,0xf0,0xf0,0xe0,0xfc,0xf0,0xf0,0xf0,0xf8,0xf4,0xf0,0xf0,0x78,0xf6,0xf1,0xf0,0xf0,0xfc,0xe0,0xf0,0xfe,0xff,0xff,0xff,0xff,0xff,0xff,0x7f,0xff,0xff,0xff,0xff,
    0xff,0xff,0xfe,0x70,0xf8,0xf6,0xfa,0xf4,0xf0,0xe0,0xfc,0xe6,0xff,0xf2,0xf0,0xf8,0xf6,0xf5,0xfa,0xf4,0xf9,0xf6,0xfd,0x72,0xe8,0xf6,0xf1,0xf4,0xff,0xf2,0xe0,0xe0
  },
  { // 15
    0x00,0x00,0x00,0x00,0x00,0x00,0x00,0x00,0x00,0x00,0x00,0x00,0x00,0x00,0x00,0x00,0x00,0x00,0x00,0x00,0x00,0x00,0x00,0x00,0x00,0x00,0x00,0x00,0x00,0x00,0x00,0x00,
    0x00,0x00,0x00,0x00,0x00,0x00,0x00,0x00,0x00,0x00,0x00,0x00,0x00,0x00,0x00,0x00,0x00,0x00,0x00,0x00,0x00,0x00,0x00,0x00,0x00,0x00,0x00,0x00,0x00,0x00,0x00,0x00,
    0x00,0x00,0x00,0x00,0x00,0x00,0x00,0x00,0x00,0x00,0x00,0x00,0x00,0x00,0x00,0x00,0x00,0x00,0x00,0x00,0x00,0x00,0x00,0x00,0x00,0x00,0x00,0x00,0x00,0x00,0x00,0x00,
    0x00,0x00,0x00,0x00,0x00,0x00,0x00,0x00,0x00,0x00,0x00,0x00,0x00,0x00,0x00,0x00,0x00,0x00,0x00,0xc0,0x20,0xa0,0x50,0x20,0xc0,0x20,0x50,0xa0,0x20,0xc0,0x00,0x00,
    0x00,0x00,0x00,0x00,0x00,0x00,0x00,0x00,0x00,0x00,0x80,0xc0,0xc0,0xc0,0xc0,0xc0,0xc0,0xc0,0x80,0x80,0x00,0x00,0x00,0x00,0x00,0x00,0x00,0x00,0x00,0x00,0x00,0x00,
    0x00,0x00,0x00,0x00,0x00,0x00,0x00,0x00,0x00,0x00,0x00,0x00,0x00,0x00,0x00,0x00,0x00,0x00,0x00,0x00,0x00,0x00,0x00,0x00,0x00,0x00,0x00,0x00,0x00,0x00,0x00,0x00,
    0x00,0x00,0x00,0x00,0x00,0x00,0x00,0x00,0x00,0x00,0x00,0x00,0x00,0x00,0x00,0x00,0x00,0x00,0x00,0x00,0x00,0x3e,0x41,0x81,0xfe,0x80,0x00,0x00,0x00,0x80,0xfe,0x81,
    0x41,0x3e,0x00,0x00,0x00,0x00,0x00,0x00,0x00,0x00,0x00,0x00,0x00,0x00,0x00,0x00,0x00,0x00,0x00,0x01,0x02,0x0e,0x09,0x02,0x07,0x02,0x09,0x0e,0x02,0x01,0x00,0x00,
    0x00,0x00,0x00,0x00,0x00,0x00,0x00,0x00,0xfc,0xff,0xff,0xff,0xff,0xff,0xff,0x9f,0x6f,0xec,0xf2,0xff,0xff,0xfe,0xfc,0xf8,0xe0,0x00,0x00,0x00,0x00,0x00,0x00,0x00,
    0x00,0x00,0x00,0x00,0x00,0x80,0x40,0x80,0x00,0x00,0x00,0x00,0x00,0x00,0x00,0x00,0x00,0x00,0x00,0x00,0x00,0x00,0x00,0x00,0x00,0x00,0x00,0x00,0x00,0x00,0x20,0xd0,
    0x20,0x00,0x00,0x00,0x00,0x00,0x00,0x00,0x00,0x00,0x00,0x00,0x00,0x00,0x00,0x00,0x00,0x00,0x00,0x00,0x00,0x80,0xfc,0xfe,0xef,0xe7,0xbf,0xdf,0xbf,0xef,0xe7,0xfe,
    0xfc,0x80,0x00,0x00,0x00,0x00,0x00,0x00,0x00,0x00,0x00,0x40,0xa0,0x40,0x00,0x00,0x00,0x00,0x00,0x00,0x00,0x80,0x00,0x00,0x00,0x00,0x00,0x20,0xd0,0x20,0x00,0x00,
    0xf0,0xf8,0xf6,0xe0,0xf0,0xf0,0xb0,0xfc,0xf0,0xf7,0xff,0xe7,0xef,0xed,0xfd,0xfe,0xfe,0xff,0xff,0xff,0xff,0xff,0xff,0xf7,0xf3,0xf0,0xfc,0xf0,0xf0,0xf0,0xf0,0xf0,
    0xfe,0xe0,0x70,0xf0,0xe4,0xfe,0xfb,0xe6,0xe1,0xf0,0xe0,0xf0,0xfc,0xf2,0xe0,0xf0,0xf0,0xf4,0xfa,0xf4,0xb0,0xf0,0xe0,0xf8,0xf4,0xf0,0xf0,0xfc,0xe2,0xf0,0xf4,0xef,
    0xf2,0xf0,0xf0,0xe0,0xfc,0xf0,0xf0,0xf0,0xf8,0xf4,0xf0,0xf0,0x78,0xf6,0xf1,0xf0,0xf0,0xfc,0xe0,0xf0,0xfe,0xff,0xff,0xff,0xff,0xff,0xff,0x7f,0xff,0xff,0xff,0xff,
    0xff,0xff,0xfe,0x70,0xf8,0xf6,0xfa,0xf4,0xf0,0xe0,0xfc,0xe6,0xff,0xf2,0xf0,0xf8,0xf6,0xf5,0xfa,0xf4,0xf9,0xf6,0xfd,0x72,0xe8,0xf6,0xf1,0xf4,0xff,0xf2,0xe0,0xe0
  },
  { // 16
    0x00,0x00,0x00,0x00,0x00,0x00,0x00,0x00,0x00,0x00,0x00,0x00,0x00,0x00,0x00,0x00,0x00,0x00,0x00,0x00,0x00,0x00,0x00,0x00,0x00,0x00,0x00,0x00,0x00,0x00,0x00,0x00,
    0x00,0x00,0x00,0x00,0x00,0x00,0x00,0x00,0x00,0x00,0x00,0x00,0x00,0x00,0x00,0x00,0x00,0x00,0x00,0x00,0x00,0x00,0x00,0x00,0x00,0x00,0x00,0x00,0x00,0x00,0x00,0x00,
    0x00,0x00,0x00,0x00,0x00,0x00,0x00,0x00,0x00,0x00,0x00,0x00,0x00,0x00,0x00,0x00,0x00,0x00,0x00,0x00,0x00,0x00,0x00,0x00,0x00,0x00,0x00,0x00,0x00,0x00,0x00,0x00,
    0x00,0x00,0x00,0x00,0x00,0x00,0x00,0x00,0x00,0x00,0x00,0x00,0x00,0x00,0x00,0x00,0x00,0x00,0x00,0xc0,0x20,0xa0,0x50,0x20,0xc0,0x20,0x50,0xa0,0x20,0xc0,0x00,0x00,
    0x00,0x00,0x00,0x00,0x00,0x00,0x00,0x00,0x00,0x00,0x00,0x00,0x80,0xc0,0xe0,0xe0,0xe0,0xe0,0xe0,0xe0,0xc0,0xc0,0x80,0x00,0x00,0x00,0x00,0x00,0x00,0x00,0x00,0x00,
    0x00,0x00,0x00,0x00,0x00,0x00,0x00,0x00,0x00,0x00,0x00,0x00,0x00,0x00,0x00,0x00,0x00,0x00,0x00,0x00,0x00,0x00,0x00,0x00,0x00,0x00,0x00,0x00,0x00,0x00,0x00,0x00,
    0x00,0x00,0x00,0x00,0x00,0x00,0x00,0x00,0x00,0x00,0x00,0x00,0x00,0x00,0x00,0x00,0x00,0x00,0x00,0x00,0x00,0x3e,0x41,0x81,0xfe,0x80,0x00,0x00,0x00,0x80,0xfe,0x81,
    0x41,0x3e,0x00,0x00,0x00,0x00,0x00,0x00,0x00,0x00,0x00,0x00,0x00,0x00,0x00,0x00,0x00,0x00,0x00,0x01,0x02,0x0e,0x09,0x02,0x07,0x02,0x09,0x0e,0x02,0x01,0x00,0x00,
    0x00,0x00,0x00,0x00,0x00,0x00,0x00,0x00,0x00,0x00,0x7e,0xff,0xff,0xff,0xff,0xff,0xff,0x0f,0xef,0xef,0xe8,0xfe,0xff,0xff,0xfc,0xf0,0x00,0x00,0x00,0x00,0x00,0x00,
    0x00,0x00,0x00,0x00,0x00,0x80,0x40,0x80,0x00,0x00,0x00,0x00,0x00,0x00,0x00,0x00,0x00,0x00,0x00,0x00,0x00,0x00,0x00,0x00,0x00,0x00,0x00,0x00,0x00,0x00,0x20,0xd0,
    0x20,0x00,0x00,0x00,0x00,0x00,0x00,0x00,0x00,0x00,0x00,0x00,0x00,0x00,0x00,0x00,0x00,0x00,0x00,0x00,0x00,0x80,0xfc,0xfe,0xef,0xe7,0xbf,0xdf,0xbf,0xef,0xe7,0xfe,
    0xfc,0x80,0x00,0x00,0x00,0x00,0x00,0x00,0x00,0x00,0x00,0x40,0xa0,0x40,0x00,0x00,0x00,0x00,0x00,0x00,0x00,0x80,0x00,0x00,0x00,0x00,0x00,0x20,0xd0,0x20,0x00,0x00,
    0xf0,0xf8,0xf6,0xe0,0xf0,0xf0,0xb0,0xfc,0xf0,0xf4,0xfa,0xe5,0xef,0xe3,0xf6,0xf6,0xfe,0xff,0xff,0xff,0xff,0xff,0xff,0xff,0xff,0xf7,0xfc,0xf0,0xf0,0xf0,0xf0,0xf0,
    0xfe,0xe0,0x70,0xf0,0xe4,0xfe,0xfb,0xe6,0xe1,0xf0,0xe0,0xf0,0xfc,0xf2,0xe0,0xf0,0xf0,0xf4,0xfa,0xf4,0xb0,0xf0,0xe0,0xf8,0xf4,0xf0,0xf0,0xfc,0xe2,0xf0,0xf4,0xef,
    0xf2,0xf0,0xf0,0xe0,0xfc,0xf0,0xf0,0xf0,0xf8,0xf4,0xf0,0xf0,0x78,0xf6,0xf1,0xf0,0xf0,0xfc,0xe0,0xf0,0xfe,0xff,0xff,0xff,0xff,0xff,0xff,0x7f,0xff,0xff,0xff,0xff,
    0xff,0xff,0xfe,0x70,0xf8,0xf6,0xfa,0xf4,0xf0,0xe0,0xfc,0xe6,0xff,0xf2,0xf0,0xf8,0xf6,0xf5,0xfa,0xf4,0xf9,0xf6,0xfd,0x72,0xe8,0xf6,0xf1,0xf4,0xff,0xf2,0xe0,0xe0
  },
  { // 17
    0x00,0x00,0x00,0x00,0x00,0x00,0x00,0x00,0x00,0x00,0x00,0x00,0x00,0x00,0x00,0x00,0x00,0x00,0x00,0x00,0x00,0x00,0x00,0x00,0x00,0x00,0x00,0x00,0x00,0x00,0x00,0x00,
    0x00,0x00,0x00,0x00,0x00,0x00,0x00,0x00,0x00,0x00,0x00,0x00,0x00,0x00,0x00,0x00,0x00,0x00,0x00,0x00,0x00,0x00,0x00,0x00,0x00,0x00,0x00,0x00,0x00,0x00,0x00,0x00,
    0x00,0x00,0x00,0x00,0x00,0x00,0x00,0x00,0x00,0x00,0x00,0x00,0x00,0x00,0x00,0x00,0x00,0x00,0x00,0x00,0x00,0x00,0x00,0x00,0x00,0x00,0x00,0x00,0x00,0x00,0x00,0x00,
    0x00,0x00,0x00,0x00,0x00,0x00,0x00,0x00,0x00,0x00,0x00,0x00,0x00,0x00,0x00,0x00,0x00,0x00,0x00,0x00,0xe0,0x10,0x50,0xa8,0x10,0xe0,0x10,0xa8,0x50,0x10,0xe0,0x00,
    0x00,0x00,0x00,0x00,0x00,0x00,0x00,0x00,0x00,0x00,0x00,0x00,0x00,0x80,0xc0,0xe0,0xf0,0xf0,0xf0,0xf0,0xf0,0xf0,0xe0,0xe0,0xc0,0x80,0x00,0x00,0x00,0x00,0x00,0x00,
    0x00,0x00,0x00,0x00,0x00,0x00,0x00,0x00,0x00,0x00,0x00,0x00,0x00,0x00,0x00,0x00,0x00,0x00,0x00,0x00,0x00,0x00,0x00,0x00,0x00,0x00,0x00,0x00,0x00,0x00,0x00,0x00,
    0x00,0x00,0x00,0x00,0x00,0x00,0x00,0x00,0x00,0x00,0x00,0x00,0x00,0x00,0x00,0x00,0x00,0x00,0x00,0x00,0x00,0x3e,0x41,0x81,0xfe,0x80,0x00,0x00,0x00,0x80,0xfe,0x81,
    0x41,0x3e,0x00,0x00,0x00,0x00,0x00,0x00,0x00,0x00,0x00,0x00,0x00,0x00,0x00,0x00,0x00,0x00,0x00,0x00,0x00,0x01,0x07,0x04,0x01,0x03,0x01,0x04,0x07,0x01,0x00,0x00,
    0x00,0x00,0x00,0x00,0x00,0x00,0x00,0x00,0x00,0x00,0x00,0x00,0x1e,0x7f,0xff,0xbf,0xbf,0xbf,0xff,0x07,0xf7,0xf7,0xff,0xe0,0xff,0xff,0xfe,0xf0,0x00,0x00,0x00,0x00,
    0x00,0x00,0x00,0x00,0x80,0x40,0x80,0x00,0x00,0x00,0x00,0x00,0x00,0x00,0x00,0x00,0x00,0x00,0x00,0x00,0x00,0x00,0x00,0x00,0x00,0x00,0x00,0x00,0x00,0x00,0x20,0xd0,
    0x20,0x00,0x00,0x00,0x00,0x00,0x00,0x00,0x00,0x00,0x00,0x00,0x00,0x00,0x00,0x00,0x00,0x00,0x00,0x00,0x00,0x80,0xfc,0xfe,0xef,0xe7,0xbf,0xdf,0xbf,0xef,0xe7,0xfe,
    0xfc,0x80,0x00,0x00,0x00,0x00,0x00,0x00,0x00,0x00,0x40,0xa0,0x40,0x00,0x00,0x00,0x00,0x00,0x00,0x00,0x00,0x80,0x00,0x00,0x00,0x00,0x00,0x20,0xd0,0x20,0x00,0x00,
    0xf0,0xf8,0xf6,0xe0,0xf0,0xf0,0xb0,0xfc,0xf0,0xf4,0xfa,0xe4,0xec,0xe3,0xf0,0xf1,0xfb,0xf7,0xf7,0xff,0xff,0xff,0xff,0xff,0xff,0xff,0xff,0xf1,0xf0,0xf0,0xf0,0xf0,
    0xfe,0xe0,0x70,0xf0,0xe4,0xff,0xfa,0xe6,0xe1,0xf0,0xe0,0xf0,0xfc,0xf2,0xe0,0xf0,0xf0,0xf4,0xfa,0xf4,0xb0,0xf0,0xe0,0xf8,0xf4,0xf0,0xf0,0xfc,0xe2,0xf0,0xf4,0xef,
    0xf2,0xf0,0xf0,0xe0,0xfc,0xf0,0xf0,0xf0,0xf8,0xf4,0xf0,0xf0,0x78,0xf6,0xf1,0xf0,0xf0,0xfc,0xe0,0xf0,0xfe,0xff,0xff,0xff,0xff,0xff,0xff,0x7f,0xff,0xff,0xff,0xff,
    0xff,0xff,0xfe,0x70,0xf8,0xf6,0xfa,0xf4,0xf0,0xe0,0xfc,0xe6,0xff,0xf2,0xf0,0xf8,0xf6,0xf5,0xfa,0xf4,0xf9,0xf6,0xfd,0x72,0xe8,0xf6,0xf1,0xf4,0xff,0xf2,0xe0,0xe0
  },
  { // 18
    0x00,0x00,0x00,0x00,0x00,0x00,0x00,0x00,0x00,0x00,0x00,0x00,0x00,0x00,0x00,0x00,0x00,0x00,0x00,0x00,0x00,0x00,0x00,0x00,0x00,0x00,0x00,0x00,0x00,0x00,0x00,0x00,
    0x00,0x00,0x00,0x00,0x00,0x00,0x00,0x00,0x00,0x00,0x00,0x00,0x00,0x00,0x00,0x00,0x00,0x00,0x00,0x00,0x00,0x00,0x00,0x00,0x00,0x00,0x00,0x00,0x00,0x00,0x00,0x00,
    0x00,0x00,0x00,0x00,0x00,0x00,0x00,0x00,0x00,0x00,0x00,0x00,0x00,0x00,0x00,0x00,0x00,0x00,0x00,0x00,0x00,0x00,0x00,0x00,0x00,0x00,0x00,0x00,0x00,0x00,0x00,0x00,
    0x00,0x00,0x00,0x00,0x00,0x00,0x00,0x00,0x00,0x00,0x00,0x00,0x00,0x00,0x00,0x00,0x00,0x00,0x00,0x00,0xe0,0x10,0x50,0xa8,0x10,0xe0,0x10,0xa8,0x50,0x10,0xe0,0x00,
    0x00,0x00,0x00,0x00,0x00,0x00,0x00,0x00,0x00,0x00,0x00,0x00,0x00,0x00,0x00,0x80,0xe0,0xf0,0xf0,0xf8,0xf8,0xf8,0xf8,0xf8,0xf8,0xf0,0xe0,0xc0,0x00,0x00,0x00,0x00,
    0x00,0x00,0x00,0x00,0x00,0x00,0x00,0x00,0x00,0x00,0x00,0x00,0x00,0x00,0x00,0x00,0x00,0x00,0x00,0x00,0x00,0x00,0x00,0x00,0x00,0x00,0x00,0x00,0x00,0x00,0x00,0x00,
    0x00,0x00,0x00,0x00,0x00,0x00,0x00,0x00,0x00,0x00,0x00,0x00,0x00,0x00,0x00,0x00,0x00,0x00,0x00,0x00,0x00,0x3e,0x41,0x81,0xfe,0x80,0x00,0x00,0x00,0x80,0xfe,0x81,
    0x41,0x3e,0x00,0x00,0x00,0x00,0x00,0x00,0x00,0x00,0x00,0x00,0x00,0x00,0x00,0x00,0x00,0x00,0x00,0x00,0x00,0x01,0x07,0x04,0x01,0x03,0x01,0x04,0x07,0x01,0x00,0x00,
    0x00,0x00,0x00,0x00,0x00,0x00,0x00,0x00,0x00,0x00,0x00,0x00,0x00,0x00,0x00,0x3f,0x7f,0xef,0xdf,0xdf,0xdf,0xe7,0xfb,0xf7,0xf7,0xe7,0xfc,0xfd,0xff,0x00,0x00,0x00,
    0x00,0x00,0x00,0x00,0x80,0x40,0x80,0x00,0x00,0x00,0x00,0x00,0x00,0x00,0x00,0x00,0x00,0x00,0x00,0x00,0x00,0x00,0x00,0x00,0x00,0x00,0x00,0x00,0x00,0x00,0x20,0xd0,
    0x20,0x00,0x00,0x00,0x00,0x00,0x00,0x00,0x00,0x00,0x00,0x00,0x00,0x00,0x00,0x00,0x00,0x00,0x00,0x00,0x00,0x80,0xfc,0xfe,0xef,0xe7,0xbf,0xdf,0xbf,0xef,0xe7,0xfe,
    0xfc,0x80,0x00,0x00,0x00,0x00,0x00,0x00,0x00,0x00,0x40,0xa0,0x40,0x00,0x00,0x00,0x00,0x00,0x00,0x00,0x00,0x80,0x00,0x00,0x00,0x00,0x00,0x20,0xd0,0x20,0x00,0x00,
    0xf0,0xf8,0xf6,0xe0,0xf0,0xf0,0xb0,0xfc,0xf0,0xf4,0xfa,0xe4,0xec,0xe3,0xf0,0xf0,0xf8,0xf7,0xf3,0xf3,0xff,0xff,0xff,0xff,0xff,0xff,0xff,0xf7,0xf1,0xf0,0xf0,0xf0,
    0xfe,0xe0,0x70,0xf0,0xe4,0xff,0xfa,0xe6,0xe1,0xf0,0xe0,0xf0,0xfc,0xf2,0xe0,0xf0,0xf0,0xf4,0xfa,0xf4,0xb0,0xf0,0xe0,0xf8,0xf4,0xf0,0xf0,0xfc,0xe2,0xf0,0xf4,0xef,
    0xf2,0xf0,0xf0,0xe0,0xfc,0xf0,0xf0,0xf0,0xf8,0xf4,0xf0,0xf0,0x78,0xf6,0xf1,0xf0,0xf0,0xfc,0xe0,0xf0,0xfe,0xff,0xff,0xff,0xff,0xff,0xff,0x7f,0xff,0xff,0xff,0xff,
    0xff,0xff,0xfe,0x70,0xf8,0xf6,0xfa,0xf4,0xf0,0xe0,0xfc,0xe6,0xff,0xf2,0xf0,0xf8,0xf6,0xf5,0xfa,0xf4,0xf9,0xf6,0xfd,0x72,0xe8,0xf6,0xf1,0xf4,0xff,0xf2,0xe0,0xe0
  },
  { // 19
    0x00,0x00,0x00,0x00,0x00,0x00,0x00,0x00,0x00,0x00,0x00,0x00,0x00,0x00,0x00,0x00,0x00,0x00,0x00,0x00,0x00,0x00,0x00,0x00,0x00,0x00,0x00,0x00,0x00,0x00,0x00,0x00,
    0x00,0x00,0x00,0x00,0x00,0x00,0x00,0x00,0x00,0x00,0x00,0x00,0x00,0x00,0x00,0x00,0x00,0x00,0x00,0x00,0x00,0x00,0x00,0x00,0x00,0x00,0x00,0x00,0x00,0x00,0x00,0x00,
    0x00,0x00,0x00,0x00,0x00,0x00,0x00,0x00,0x00,0x00,0x00,0x00,0x00,0x00,0x00,0x00,0x00,0x00,0x00,0x00,0x00,0x00,0x00,0x00,0x00,0x00,0x00,0x00,0x00,0x00,0x00,0x00,
    0x00,0x00,0x00,0x00,0x00,0x00,0x00,0x00,0x00,0x00,0x00,0x00,0x00,0x00,0x00,0x00,0x00,0x00,0x00,0x00,0x00,0x00,0x40,0xe8,0xf0,0x00,0xf0,0xe8,0x40,0x00,0x00,0x00,
    0x00,0x00,0x00,0x00,0x00,0x00,0x00,0x00,0x00,0x00,0x00,0x00,0x00,0x00,0x00,0x00,0x00,0x80,0xe0,0xf0,0xf0,0xf8,0xf8,0xf8,0xf8,0xf8,0xf8,0xf8,0xf0,0xe0,0xc0,0x00,
    0x00,0x00,0x00,0x00,0x00,0x00,0x00,0x00,0x00,0x00,0x00,0x00,0x00,0x00,0x00,0x00,0x00,0x00,0x00,0x00,0x00,0x00,0x00,0x00,0x00,0x00,0x00,0x00,0x00,0x00,0x00,0x00,
    0x00,0x00,0x00,0x00,0x00,0x00,0x00,0x00,0x00,0x00,0x00,0x00,0x00,0x00,0x00,0x00,0x00,0x00,0x00,0x00,0x00,0x3e,0x41,0x81,0xfe,0x80,0x00,0x00,0x00,0x80,0xfe,0x81,
    0x41,0x3e,0x00,0x00,0x00,0x00,0x00,0x00,0x00,0x00,0x00,0x00,0x00,0x00,0x00,0x00,0x00,0x00,0x00,0x00,0x00,0x00,0x00,0x00,0x00,0x03,0x00,0x00,0x00,0x00,0x00,0x00,
    0x00,0x00,0x00,0x00,0x00,0x00,0x00,0x00,0x00,0x00,0x00,0x00,0x00,0x00,0x00,0x00,0x00,0x0f,0x7f,0xf7,0xf7,0xef,0xcf,0xf7,0xfb,0xf7,0xe7,0xe7,0xfb,0xfd,0x7f,0x00,
    0x00,0x00,0x00,0x00,0x80,0x40,0x80,0x00,0x00,0x00,0x00,0x00,0x00,0x00,0x00,0x00,0x00,0x00,0x00,0x00,0x00,0x00,0x00,0x00,0x00,0x00,0x00,0x00,0x00,0x00,0x20,0xd0,
    0x20,0x00,0x00,0x00,0x00,0x00,0x00,0x00,0x00,0x00,0x00,0x00,0x00,0x00,0x00,0x00,0x00,0x00,0x00,0x00,0x00,0x80,0xfc,0xfe,0xef,0xe7,0xbf,0xdf,0xbf,0xef,0xe7,0xfe,
    0xfc,0x80,0x00,0x00,0x00,0x00,0x00,0x00,0x00,0x00,0x40,0xa0,0x40,0x00,0x00,0x00,0x00,0x00,0x00,0x00,0x00,0x00,0x80,0x00,0x00,0x00,0x00,0x20,0xd0,0x20,0x00,0x00,
    0xf0,0xf0,0xfc,0xe2,0xf0,0xf0,0xb0,0xfc,0xf0,0xf4,0xfa,0xe4,0xec,0xe3,0xf0,0xf0,0xf0,0xfc,0xf2,0xf0,0xff,0xf7,0xff,0xff,0xff,0xff,0xff,0xff,0xf7,0xf1,0xf0,0xf0,
    0xfe,0xe0,0x70,0xf0,0xe4,0xff,0xf2,0xec,0xe3,0xf0,0xe0,0xf0,0xfc,0xf2,0xe0,0xf0,0xf0,0xf4,0xfa,0xf4,0xb0,0xf0,0xe0,0xf0,0xfc,0xf0,0xf0,0xfc,0xe2,0xf0,0xf4,0xef,
    0xf2,0xf0,0xf0,0xe0,0xfc,0xf0,0xf0,0xf0,0xf0,0xfc,0xf0,0xf0,0x70,0xfc,0xf3,0xf0,0xf0,0xfc,0xe0,0xf0,0xfe,0xff,0xff,0xff,0xff,0xff,0xff,0x7f,0xff,0xff,0xff,0xff,
    0xff,0xff,0xfe,0x70,0xf0,0xfc,0xfa,0xf4,0xf0,0xe0,0xfc,0xe6,0xff,0xf2,0xf0,0xf0,0xfc,0xf7,0xfa,0xf4,0xf0,0xfd,0xfe,0x73,0xe0,0xfc,0xf3,0xf4,0xff,0xf2,0xe0,0xe0
  },
  { // 20
    0x00,0x00,0x00,0x00,0x00,0x00,0x00,0x00,0x00,0x00,0x00,0x00,0x00,0x00,0x00,0x00,0x00,0x00,0x00,0x00,0x00,0x00,0x00,0x00,0x00,0x00,0x00,0x00,0x00,0x00,0x00,0x00,
    0x00,0x00,0x00,0x00,0x00,0x00,0x00,0x00,0x00,0x00,0x00,0x00,0x00,0x00,0x00,0x00,0x00,0x00,0x00,0x00,0x00,0x00,0x00,0x00,0x00,0x00,0x00,0x00,0x00,0x00,0x00,0x00,
    0x00,0x00,0x00,0x00,0x00,0x00,0x00,0x00,0x00,0x00,0x00,0x00,0x00,0x00,0x00,0x00,0x00,0x00,0x00,0x00,0x00,0x00,0x00,0x00,0x00,0x00,0x00,0x00,0x00,0x00,0x00,0x00,
    0x00,0x00,0x00,0x00,0x00,0x00,0x00,0x00,0x00,0x00,0x00,0x00,0x00,0x00,0x00,0x00,0x00,0x00,0x00,0x00,0x00,0x00,0x20,0x74,0x78,0x80,0x78,0x74,0x20,0x00,0x00,0x00,
    0x00,0x00,0x00,0x00,0x00,0x00,0x00,0x00,0x00,0x00,0x00,0x00,0x00,0x00,0x00,0x00,0x00,0x00,0x00,0x00,0xc0,0xe0,0xf0,0xf8,0xf8,0xf8,0xf8,0xf8,0xf8,0xf8,0xf0,0xf0,
    0xe0,0x80,0x00,0x00,0x00,0x00,0x00,0x00,0x00,0x00,0x00,0x00,0x00,0x00,0x00,0x00,0x00,0x00,0x00,0x00,0x00,0x00,0x00,0x00,0x00,0x00,0x00,0x00,0x00,0x00,0x00,0x00,
    0x00,0x00,0x00,0x00,0x00,0x00,0x00,0x00,0x00,0x00,0x00,0x00,0x00,0x00,0x00,0x00,0x00,0x00,0x00,0x00,0x00,0x3e,0x41,0x81,0xfe,0x80,0x00,0x00,0x00,0x80,0xfe,0x81,
    0x41,0x3e,0x00,0x00,0x00,0x00,0x00,0x00,0x00,0x00,0x00,0x00,0x00,0x00,0x00,0x00,0x00,0x00,0x00,0x00,0x00,0x00,0x00,0x00,0x00,0x01,0x00,0x00,0x00,0x00,0x00,0x00,
    0x00,0x00,0x00,0x00,0x00,0x00,0x00,0x00,0x00,0x00,0x00,0x00,0x00,0x00,0x00,0x00,0x00,0x00,0x00,0x00,0x7f,0xfd,0xfb,0xe7,0xef,0xf7,0xfb,0xf7,0xef,0xef,0xf7,0xfb,
    0x7f,0x0f,0x00,0x00,0x80,0x40,0x80,0x00,0x00,0x00,0x00,0x00,0x00,0x00,0x00,0x00,0x00,0x00,0x00,0x00,0x00,0x00,0x00,0x00,0x00,0x00,0x00,0x00,0x00,0x00,0x20,0xd0,
    0x20,0x00,0x00,0x00,0x00,0x00,0x00,0x00,0x00,0x00,0x00,0x00,0x00,0x00,0x00,0x00,0x00,0x00,0x00,0x00,0x00,0x80,0xfc,0xfe,0xef,0xe7,0xbf,0xdf,0xbf,0xef,0xe7,0xfe,
    0xfc,0x80,0x00,0x00,0x00,0x00,0x00,0x00,0x00,0x00,0x40,0xa0,0x40,0x00,0x00,0x00,0x00,0x00,0x00,0x00,0x00,0x00,0x80,0x00,0x00,0x00,0x00,0x20,0xd0,0x20,0x00,0x00,
    0xf0,0xf0,0xfc,0xe2,0xf0,0xf0,0xb0,0xfc,0xf0,0xf4,0xfa,0xe4,0xec,0xe3,0xf0,0xf0,0xf0,0xfc,0xf2,0xf0,0xfc,0xf5,0xff,0xff,0xff,0xff,0xff,0xff,0xff,0xf7,0xf3,0xf1,
    0xfe,0xe0,0x70,0xf0,0xe4,0xff,0xf2,0xec,0xe3,0xf0,0xe0,0xf0,0xfc,0xf2,0xe0,0xf0,0xf0,0xf4,0xfa,0xf4,0xb0,0xf0,0xe0,0xf0,0xfc,0xf0,0xf0,0xfc,0xe2,0xf0,0xf4,0xef,
    0xf2,0xf0,0xf0,0xe0,0xfc,0xf0,0xf0,0xf0,0xf0,0xfc,0xf0,0xf0,0x70,0xfc,0xf3,0xf0,0xf0,0xfc,0xe0,0xf0,0xfe,0xff,0xff,0xff,0xff,0xff,0xff,0x7f,0xff,0xff,0xff,0xff,
    0xff,0xff,0xfe,0x70,0xf0,0xfc,0xfa,0xf4,0xf0,0xe0,0xfc,0xe6,0xff,0xf2,0xf0,0xf0,0xfc,0xf7,0xfa,0xf4,0xf0,0xfd,0xfe,0x73,0xe0,0xfc,0xf3,0xf4,0xff,0xf2,0xe0,0xe0
  },
  { // 21
    0x00,0x00,0x00,0x00,0x00,0x00,0x00,0x00,0x00,0x00,0x00,0x00,0x00,0x00,0x00,0x00,0x00,0x00,0x00,0x00,0x00,0x00,0x00,0x00,0x00,0x00,0x00,0x00,0x00,0x00,0x00,0x00,
    0x00,0x00,0x00,0x00,0x00,0x00,0x00,0x00,0x00,0x00,0x00,0x00,0x00,0x00,0x00,0x00,0x00,0x00,0x00,0x00,0x00,0x00,0x00,0x00,0x00,0x00,0x00,0x00,0x00,0x00,0x00,0x00,
    0x00,0x00,0x00,0x00,0x00,0x00,0x00,0x00,0x00,0x00,0x00,0x00,0x00,0x00,0x00,0x00,0x00,0x00,0x00,0x00,0x00,0x00,0x00,0x00,0x00,0x00,0x00,0x00,0x00,0x00,0x00,0x00,
    0x00,0x00,0x00,0x00,0x00,0x00,0x00,0x00,0x00,0x00,0x00,0x00,0x00,0x00,0x00,0x00,0x00,0x00,0x00,0x00,0x00,0x00,0x20,0x74,0x78,0x80,0x78,0x74,0x20,0x00,0x00,0x00,
    0x00,0x00,0x00,0x00,0x00,0x00,0x00,0x00,0x00,0x00,0x00,0x00,0x00,0x00,0x00,0x00,0x00,0x00,0x00,0x00,0x00,0x00,0x00,0xc0,0xe0,0xf0,0xf8,0xf8,0xf8,0xf8,0xf8,0xf8,
    0xf0,0xf0,0xe0,0x80,0x00,0x00,0x00,0x00,0x00,0x00,0x00,0x00,0x00,0x00,0x00,0x00,0x00,0x00,0x00,0x00,0x00,0x00,0x00,0x00,0x00,0x00,0x00,0x00,0x00,0x00,0x00,0x00,
    0x00,0x00,0x00,0x00,0x00,0x00,0x00,0x00,0x00,0x00,0x00,0x00,0x00,0x00,0x00,0x00,0x00,0x00,0x00,0x00,0x00,0x3e,0x41,0x81,0xfe,0x80,0x00,0x00,0x00,0x80,0xfe,0x81,
    0x41,0x3e,0x00,0x00,0x00,0x00,0x00,0x00,0x00,0x00,0x00,0x00,0x00,0x00,0x00,0x00,0x00,0x00,0x00,0x00,0x00,0x00,0x00,0x00,0x00,0x01,0x00,0x00,0x00,0x00,0x00,0x00,
    0x00,0x00,0x00,0x00,0x00,0x00,0x00,0x00,0x00,0x00,0x00,0x00,0x00,0x00,0x00,0x00,0x00,0x00,0x00,0x00,0x00,0x00,0xff,0xfd,0xfc,0xe7,0xf7,0xf7,0xfb,0xe7,0xdf,0xdf,
    0xef,0xef,0x7f,0x1f,0x80,0x40,0x80,0x00,0x00,0x00,0x00,0x00,0x00,0x00,0x00,0x00,0x00,0x00,0x00,0x00,0x00,0x00,0x00,0x00,0x00,0x00,0x00,0x00,0x00,0x00,0x20,0xd0,
    0x20,0x00,0x00,0x00,0x00,0x00,0x00,0x00,0x00,0x00,0x00,0x00,0x00,0x00,0x00,0x00,0x00,0x00,0x00,0x00,0x00,0x80,0xfc,0xfe,0xef,0xe7,0xbf,0xdf,0xbf,0xef,0xe7,0xfe,
    0xfc,0x80,0x00,0x00,0x00,0x00,0x00,0x00,0x00,0x00,0x40,0xa0,0x40,0x00,0x00,0x00,0x00,0x00,0x00,0x00,0x00,0x00,0x80,0x00,0x00,0x00,0x00,0x20,0xd0,0x20,0x00,0x00,
    0xf0,0xf0,0xfc,0xe2,0xf0,0xf0,0xb0,0xfc,0xf0,0xf4,0xfa,0xe4,0xec,0xe3,0xf0,0xf0,0xf0,0xfc,0xf2,0xf0,0xfc,0xf4,0xff,0xf7,0xff,0xff,0xff,0xff,0xff,0xff,0xf7,0xf3,
    0xff,0xe1,0x70,0xf0,0xe4,0xff,0xf2,0xec,0xe3,0xf0,0xe0,0xf0,0xfc,0xf2,0xe0,0xf0,0xf0,0xf4,0xfa,0xf4,0xb0,0xf0,0xe0,0xf0,0xfc,0xf0,0xf0,0xfc,0xe2,0xf0,0xf4,0xef,
    0xf2,0xf0,0xf0,0xe0,0xfc,0xf0,0xf0,0xf0,0xf0,0xfc,0xf0,0xf0,0x70,0xfc,0xf3,0xf0,0xf0,0xfc,0xe0,0xf0,0xfe,0xff,0xff,0xff,0xff,0xff,0xff,0x7f,0xff,0xff,0xff,0xff,
    0xff,0xff,0xfe,0x70,0xf0,0xfc,0xfa,0xf4,0xf0,0xe0,0xfc,0xe6,0xff,0xf2,0xf0,0xf0,0xfc,0xf7,0xfa,0xf4,0xf0,0xfd,0xfe,0x73,0xe0,0xfc,0xf3,0xf4,0xff,0xf2,0xe0,0xe0
  },
  { // 22
    0x00,0x00,0x00,0x00,0x00,0x00,0x00,0x00,0x00,0x00,0x00,0x00,0x00,0x00,0x00,0x00,0x00,0x00,0x00,0x00,0x00,0x00,0x00,0x00,0x00,0x00,0x00,0x00,0x00,0x00,0x00,0x00,
    0x00,0x00,0x00,0x00,0x00,0x00,0x00,0x00,0x00,0x00,0x00,0x00,0x00,0x00,0x00,0x00,0x00,0x00,0x00,0x00,0x00,0x00,0x00,0x00,0x00,0x00,0x00,0x00,0x00,0x00,0x00,0x00,
    0x00,0x00,0x00,0x00,0x00,0x00,0x00,0x00,0x00,0x00,0x00,0x00,0x00,0x00,0x00,0x00,0x00,0x00,0x00,0x00,0x00,0x00,0x00,0x00,0x00,0x00,0x00,0x00,0x00,0x00,0x00,0x00,
    0x00,0x00,0x00,0x00,0x00,0x00,0x00,0x00,0x00,0x00,0x00,0x00,0x00,0x00,0x00,0x00,0x00,0x00,0x00,0x00,0x00,0x00,0x20,0x74,0x78,0x80,0x78,0x74,0x20,0x00,0x00,0x00,
    0x00,0x00,0x00,0x00,0x00,0x00,0x00,0x00,0x00,0x00,0x00,0x00,0x00,0x00,0x00,0x00,0x00,0x00,0x00,0x00,0x00,0x00,0x00,0x00,0x00,0x80,0xc0,0xe0,0xf0,0xf0,0xf0,0xf0,
    0xf0,0xf0,0xf0,0xe0,0xc0,0x80,0x00,0x00,0x00,0x00,0x00,0x00,0x00,0x00,0x00,0x00,0x00,0x00,0x00,0x00,0x00,0x00,0x00,0x00,0x00,0x00,0x00,0x00,0x00,0x00,0x00,0x00,
    0x00,0x00,0x00,0x00,0x00,0x00,0x00,0x00,0x00,0x00,0x00,0x00,0x00,0x00,0x00,0x00,0x00,0x00,0x00,0x00,0x00,0x3e,0x41,0x81,0xfe,0x80,0x00,0x00,0x00,0x80,0xfe,0x81,
    0x41,0x3e,0x00,0x00,0x00,0x00,0x00,0x00,0x00,0x00,0x00,0x00,0x00,0x00,0x00,0x00,0x00,0x00,0x00,0x00,0x00,0x00,0x00,0x00,0x00,0x01,0x00,0x00,0x00,0x00,0x00,0x00,
    0x00,0x00,0x00,0x00,0x00,0x00,0x00,0x00,0x00,0x00,0x00,0x00,0x00,0x00,0x00,0x00,0x00,0x00,0x00,0x00,0x00,0x00,0x40,0xe0,0xfe,0xff,0xfe,0xe0,0xf7,0xf7,0xf7,0x87,
    0xbf,0xbf,0xbf,0xbf,0xff,0x7f,0x9e,0x00,0x00,0x00,0x00,0x00,0x00,0x00,0x00,0x00,0x00,0x00,0x00,0x00,0x00,0x00,0x00,0x00,0x00,0x00,0x00,0x00,0x00,0x00,0x20,0xd0,
    0x20,0x00,0x00,0x00,0x00,0x00,0x00,0x00,0x00,0x00,0x00,0x00,0x00,0x00,0x00,0x00,0x00,0x00,0x00,0x00,0x00,0x80,0xfc,0xfe,0xef,0xe7,0xbf,0xdf,0xbf,0xef,0xe7,0xfe,
    0xfc,0x80,0x00,0x00,0x00,0x00,0x00,0x00,0x00,0x00,0x40,0xa0,0x40,0x00,0x00,0x00,0x00,0x00,0x00,0x00,0x00,0x00,0x80,0x00,0x00,0x00,0x00,0x20,0xd0,0x20,0x00,0x00,
    0xf0,0xf0,0xfc,0xe2,0xf0,0xf0,0xb0,0xfc,0xf0,0xf4,0xfa,0xe4,0xec,0xe3,0xf0,0xf0,0xf0,0xfc,0xf2,0xf0,0xfc,0xf4,0xff,0xf2,0xf7,0xff,0xff,0xff,0xff,0xff,0xff,0xff,
    0xff,0xe7,0x73,0xf1,0xe4,0xff,0xf2,0xec,0xe3,0xf0,0xe0,0xf0,0xfc,0xf2,0xe0,0xf0,0xf0,0xf4,0xfa,0xf4,0xb0,0xf0,0xe0,0xf0,0xfc,0xf0,0xf0,0xfc,0xe2,0xf0,0xf4,0xef,
    0xf2,0xf0,0xf0,0xe0,0xfc,0xf0,0xf0,0xf0,0xf0,0xfc,0xf0,0xf0,0x70,0xfc,0xf3,0xf0,0xf0,0xfc,0xe0,0xf0,0xfe,0xff,0xff,0xff,0xff,0xff,0xff,0x7f,0xff,0xff,0xff,0xff,
    0xff,0xff,0xfe,0x70,0xf0,0xfc,0xfa,0xf4,0xf0,0xe0,0xfc,0xe6,0xff,0xf2,0xf0,0xf0,0xfc,0xf7,0xfa,0xf4,0xf0,0xfd,0xfe,0x73,0xe0,0xfc,0xf3,0xf4,0xff,0xf2,0xe0,0xe0
  },
  { // 23
    0x00,0x00,0x00,0x00,0x00,0x00,0x00,0x00,0x00,0x00,0x00,0x00,0x00,0x00,0x00,0x00,0x00,0x00,0x00,0x00,0x00,0x00,0x00,0x00,0x00,0x00,0x00,0x00,0x00,0x00,0x00,0x00,
    0x00,0x00,0x00,0x00,0x00,0x00,0x00,0x00,0x00,0x00,0x00,0x00,0x00,0x00,0x00,0x00,0x00,0x00,0x00,0x00,0x00,0x00,0x00,0x00,0x00,0x00,0x00,0x00,0x00,0x00,0x00,0x00,
    0x00,0x00,0x00,0x00,0x00,0x00,0x00,0x00,0x00,0x00,0x00,0x00,0x00,0x00,0x00,0x00,0x00,0x00,0x00,0x00,0x00,0x00,0x00,0x00,0x00,0x00,0x00,0x00,0x00,0x00,0x00,0x00,
    0x00,0x00,0x00,0x00,0x00,0x00,0x00,0x00,0x00,0x00,0x00,0x00,0x00,0x00,0x00,0x00,0x00,0x00,0x00,0x00,0x38,0x44,0xd4,0x2a,0x44,0xf8,0x44,0x2a,0xd4,0x44,0x38,0x00,
    0x00,0x00,0x00,0x00,0x00,0x00,0x00,0x00,0x00,0x00,0x00,0x00,0x00,0x00,0x00,0x00,0x00,0x00,0x00,0x00,0x00,0x00,0x00,0x00,0x00,0x00,0x00,0x00,0x80,0xc0,0xc0,0xe0,
    0xe0,0xe0,0xe0,0xe0,0xe0,0xc0,0xc0,0x80,0x00,0x00,0x00,0x00,0x00,0x00,0x00,0x00,0x00,0x00,0x00,0x00,0x00,0x00,0x00,0x00,0x00,0x00,0x00,0x00,0x00,0x00,0x00,0x00,
    0x00,0x00,0x00,0x00,0x00,0x00,0x00,0x00,0x00,0x00,0x00,0x00,0x00,0x00,0x00,0x00,0x00,0x00,0x00,0x00,0x01,0x3e,0x42,0xbc,0xc0,0x80,0x00,0x00,0x00,0xbc,0xc2,0xbe,
    0x41,0x00,0x00,0x00,0x00,0x00,0x00,0x00,0x00,0x00,0x00,0x00,0x00,0x00,0x00,0x00,0x00,0x00,0x00,0x00,0x00,0x00,0x01,0x01,0x00,0x00,0x00,0x01,0x01,0x00,0x00,0x00,
    0x00,0x00,0x00,0x00,0x00,0x00,0x00,0x00,0x00,0x00,0x00,0x00,0x00,0x00,0x00,0x00,0x00,0x00,0x00,0x00,0x00,0x00,0x40,0xa0,0x40,0xf0,0xfc,0xff,0xff,0xfe,0xec,0xef,
    0xef,0x0f,0xff,0xff,0xff,0xff,0xff,0xff,0x7e,0x00,0x00,0x00,0x00,0x00,0x00,0x00,0x00,0x00,0x00,0x00,0x00,0x00,0x00,0x00,0x00,0x00,0x00,0x00,0x00,0x00,0x20,0xd0,
    0x20,0x00,0x00,0x00,0x00,0x00,0x00,0x00,0x00,0x00,0x00,0x00,0x00,0x00,0x00,0x00,0x00,0x00,0x00,0x00,0x00,0x80,0xfc,0xfe,0xef,0xe7,0xbf,0xdf,0xbf,0xef,0xe7,0xfe,
    0xfc,0x80,0x00,0x00,0x00,0x00,0x00,0x00,0x00,0x00,0x40,0xa0,0x40,0x00,0x00,0x00,0x00,0x00,0x00,0x00,0x00,0x00,0x80,0x00,0x00,0x00,0x00,0x20,0xd0,0x20,0x00,0x00,
    0xf0,0xf0,0xfc,0xe2,0xf0,0xf0,0xb0,0xfc,0xf0,0xf4,0xfa,0xe4,0xec,0xe3,0xf0,0xf0,0xf0,0xfc,0xf2,0xf0,0xfc,0xf4,0xff,0xf2,0xf0,0xf7,0xff,0xff,0xff,0xff,0xff,0xff,
    0xff,0xef,0x7f,0xf7,0xe6,0xff,0xf3,0xec,0xe3,0xf0,0xe0,0xf0,0xfc,0xf2,0xe0,0xf0,0xf0,0xf4,0xfa,0xf4,0xb0,0xf0,0xe0,0xf0,0xfc,0xf0,0xf0,0xfc,0xe2,0xf0,0xf4,0xef,
    0xf2,0xf0,0xf0,0xe0,0xfc,0xf0,0xf0,0xf0,0xf0,0xfc,0xf0,0xf0,0x70,0xfc,0xf3,0xf0,0xf0,0xfc,0xe0,0xf0,0xfe,0xff,0xff,0xff,0xff,0xff,0xff,0x7f,0xff,0xff,0xff,0xff,
    0xff,0xff,0xfe,0x70,0xf0,0xfc,0xfa,0xf4,0xf0,0xe0,0xfc,0xe6,0xff,0xf2,0xf0,0xf0,0xfc,0xf7,0xfa,0xf4,0xf0,0xfd,0xfe,0x73,0xe0,0xfc,0xf3,0xf4,0xff,0xf2,0xe0,0xe0
  },
  { // 24
    0x00,0x00,0x00,0x00,0x00,0x00,0x00,0x00,0x00,0x00,0x00,0x00,0x00,0x00,0x00,0x00,0x00,0x00,0x00,0x00,0x00,0x00,0x00,0x00,0x00,0x00,0x00,0x00,0x00,0x00,0x00,0x00,
    0x00,0x00,0x00,0x00,0x00,0x00,0x00,0x00,0x00,0x00,0x00,0x00,0x00,0x00,0x00,0x00,0x00,0x00,0x00,0x00,0x00,0x00,0x00,0x00,0x00,0x00,0x00,0x00,0x00,0x00,0x00,0x00,
    0x00,0x00,0x00,0x00,0x00,0x00,0x00,0x00,0x00,0x00,0x00,0x00,0x00,0x00,0x00,0x00,0x00,0x00,0x00,0x00,0x00,0x00,0x00,0x00,0x00,0x00,0x00,0x00,0x00,0x00,0x00,0x00,
    0x00,0x00,0x00,0x00,0x00,0x00,0x00,0x00,0x00,0x00,0x00,0x00,0x00,0x00,0x00,0x00,0x00,0x00,0x00,0x00,0x38,0x44,0xd4,0x2a,0x44,0xf8,0x44,0x2a,0xd4,0x44,0x38,0x00,
    0x00,0x00,0x00,0x00,0x00,0x00,0x00,0x00,0x00,0x00,0x00,0x00,0x00,0x00,0x00,0x00,0x00,0x00,0x00,0x00,0x00,0x00,0x00,0x00,0x00,0x00,0x00,0x00,0x00,0x00,0x00,0x80,
    0x80,0xc0,0xc0,0xc0,0xc0,0xc0,0xc0,0xc0,0x80,0x00,0x00,0x00,0x00,0x00,0x00,0x00,0x00,0x00,0x00,0x00,0x00,0x00,0x00,0x00,0x00,0x00,0x00,0x00,0x00,0x00,0x00,0x00,
    0x00,0x00,0x00,0x00,0x00,0x00,0x00,0x00,0x00,0x00,0x00,0x00,0x00,0x00,0x00,0x00,0x00,0x00,0x00,0x00,0x01,0x3e,0x42,0xbc,0xc0,0x80,0x00,0x00,0x00,0xbc,0xc2,0xbe,
    0x41,0x00,0x00,0x00,0x00,0x00,0x00,0x00,0x00,0x00,0x00,0x00,0x00,0x00,0x00,0x00,0x00,0x00,0x00,0x00,0x00,0x00,0x01,0x01,0x00,0x00,0x00,0x01,0x01,0x00,0x00,0x00,
    0x00,0x00,0x00,0x00,0x00,0x00,0x00,0x00,0x00,0x00,0x00,0x00,0x00,0x00,0x00,0x00,0x00,0x00,0x00,0x00,0x00,0x00,0x40,0xa0,0x40,0x00,0xc0,0xf0,0xfc,0xfe,0xff,0xff,
    0xf2,0xec,0x6f,0x9f,0xff,0xff,0xff,0xff,0xff,0xff,0xfe,0x00,0x00,0x00,0x00,0x00,0x00,0x00,0x00,0x00,0x00,0x00,0x00,0x00,0x00,0x00,0x00,0x00,0x00,0x00,0x20,0xd0,
    0x20,0x00,0x00,0x00,0x00,0x00,0x00,0x00,0x00,0x00,0x00,0x00,0x00,0x00,0x00,0x00,0x00,0x00,0x00,0x00,0x00,0x80,0xfc,0xfe,0xef,0xe7,0xbf,0xdf,0xbf,0xef,0xe7,0xfe,
    0xfc,0x80,0x00,0x00,0x00,0x00,0x00,0x00,0x00,0x00,0x40,0xa0,0x40,0x00,0x00,0x00,0x00,0x00,0x00,0x00,0x00,0x00,0x80,0x00,0x00,0x00,0x00,0x20,0xd0,0x20,0x00,0x00,
    0xf0,0xf0,0xfc,0xe2,0xf0,0xf0,0xb0,0xfc,0xf0,0xf4,0xfa,0xe4,0xec,0xe3,0xf0,0xf0,0xf0,0xfc,0xf2,0xf0,0xfc,0xf4,0xff,0xf2,0xf0,0xf0,0xff,0xf7,0xff,0xff,0xff,0xff,
    0xff,0xef,0x7e,0xfe,0xef,0xfd,0xff,0xef,0xe3,0xf3,0xe0,0xf0,0xfc,0xf2,0xe0,0xf0,0xf0,0xf4,0xfa,0xf4,0xb0,0xf0,0xe0,0xf0,0xfc,0xf0,0xf0,0xfc,0xe2,0xf0,0xf4,0xef,
    0xf2,0xf0,0xf0,0xe0,0xfc,0xf0,0xf0,0xf0,0xf0,0xfc,0xf0,0xf0,0x70,0xfc,0xf3,0xf0,0xf0,0xfc,0xe0,0xf0,0xfe,0xff,0xff,0xff,0xff,0xff,0xff,0x7f,0xff,0xff,0xff,0xff,
    0xff,0xff,0xfe,0x70,0xf0,0xfc,0xfa,0xf4,0xf0,0xe0,0xfc,0xe6,0xff,0xf2,0xf0,0xf0,0xfc,0xf7,0xfa,0xf4,0xf0,0xfd,0xfe,0x73,0xe0,0xfc,0xf3,0xf4,0xff,0xf2,0xe0,0xe0
  },
  { // 25
    0x00,0x00,0x00,0x00,0x00,0x00,0x00,0x00,0x00,0x00,0x00,0x00,0x00,0x00,0x00,0x00,0x00,0x00,0x00,0x00,0x00,0x00,0x00,0x00,0x00,0x00,0x00,0x00,0x00,0x00,0x00,0x00,
    0x00,0x00,0x00,0x00,0x00,0x00,0x00,0x00,0x00,0x00,0x00,0x00,0x00,0x00,0x00,0x00,0x00,0x00,0x00,0x00,0x00,0x00,0x00,0x00,0x00,0x00,0x00,0x00,0x00,0x00,0x00,0x00,
    0x00,0x00,0x00,0x00,0x00,0x00,0x00,0x00,0x00,0x00,0x00,0x00,0x00,0x00,0x00,0x00,0x00,0x00,0x00,0x00,0x00,0x00,0x00,0x00,0x00,0x00,0x00,0x00,0x00,0x00,0x00,0x00,
    0x00,0x00,0x00,0x00,0x00,0x00,0x00,0x00,0x00,0x00,0x00,0x00,0x00,0x00,0x00,0x00,0x00,0x00,0x00,0x00,0x38,0x44,0xd4,0x2a,0x44,0xf8,0x44,0x2a,0xd4,0x44,0x38,0x00,
    0x00,0x00,0x00,0x00,0x00,0x00,0x00,0x00,0x00,0x00,0x00,0x00,0x00,0x00,0x00,0x00,0x00,0x00,0x00,0x00,0x00,0x00,0x00,0x00,0x00,0x00,0x00,0x00,0x00,0x00,0x00,0x00,
    0x00,0x00,0x80,0x80,0xc0,0xc0,0xc0,0xc0,0xc0,0x80,0x80,0x00,0x00,0x00,0x00,0x00,0x00,0x00,0x00,0x00,0x00,0x00,0x00,0x00,0x00,0x00,0x00,0x00,0x00,0x00,0x00,0x00,
    0x00,0x00,0x00,0x00,0x00,0x00,0x00,0x00,0x00,0x00,0x00,0x00,0x00,0x00,0x00,0x00,0x00,0x00,0x00,0x00,0x01,0x3e,0x42,0xbc,0xc0,0x80,0x00,0x00,0x00,0xbc,0xc2,0xbe,
    0x41,0x00,0x00,0x00,0x00,0x00,0x00,0x00,0x00,0x00,0x00,0x00,0x00,0x00,0x00,0x00,0x00,0x00,0x00,0x00,0x00,0x00,0x01,0x01,0x00,0x00,0x00,0x01,0x01,0x00,0x00,0x00,
    0x00,0x00,0x00,0x00,0x00,0x00,0x00,0x00,0x00,0x00,0x00,0x00,0x00,0x00,0x00,0x00,0x00,0x00,0x00,0x00,0x00,0x00,0x40,0xa0,0x40,0x00,0x00,0x00,0xf0,0xf8,0xfc,0xfe,
    0xff,0xff,0xf7,0xf3,0x6c,0x9f,0xff,0xff,0xff,0xff,0xff,0xff,0xfc,0x00,0x00,0x00,0x00,0x00,0x00,0x00,0x00,0x00,0x00,0x00,0x00,0x00,0x00,0x00,0x00,0x00,0x20,0xd0,
    0x20,0x00,0x00,0x00,0x00,0x00,0x00,0x00,0x00,0x00,0x00,0x00,0x00,0x00,0x00,0x00,0x00,0x00,0x00,0x00,0x00,0x80,0xfc,0xfe,0xef,0xe7,0xbf,0xdf,0xbf,0xef,0xe7,0xfe,
    0xfc,0x80,0x00,0x00,0x00,0x00,0x00,0x00,0x00,0x00,0x40,0xa0,0x40,0x00,0x00,0x00,0x00,0x00,0x00,0x00,0x00,0x00,0x80,0x00,0x00,0x00,0x00,0x20,0xd0,0x20,0x00,0x00,
    0xf0,0xf0,0xfc,0xe2,0xf0,0xf0,0xb0,0xfc,0xf0,0xf4,0xfa,0xe4,0xec,0xe3,0xf0,0xf0,0xf0,0xfc,0xf2,0xf0,0xfc,0xf4,0xff,0xf2,0xf0,0xf0,0xfc,0xf0,0xf1,0xf3,0xf7,0xf7,
    0xff,0xef,0x7f,0xfe,0xee,0xfd,0xfb,0xef,0xef,0xff,0xe7,0xf3,0xfd,0xf2,0xe0,0xf0,0xf0,0xf4,0xfa,0xf4,0xb0,0xf0,0xe0,0xf0,0xfc,0xf0,0xf0,0xfc,0xe2,0xf0,0xf4,0xef,
    0xf2,0xf0,0xf0,0xe0,0xfc,0xf0,0xf0,0xf0,0xf0,0xfc,0xf0,0xf0,0x70,0xfc,0xf3,0xf0,0xf0,0xfc,0xe0,0xf0,0xfe,0xff,0xff,0xff,0xff,0xff,0xff,0x7f,0xff,0xff,0xff,0xff,
    0xff,0xff,0xfe,0x70,0xf0,0xfc,0xfa,0xf4,0xf0,0xe0,0xfc,0xe6,0xff,0xf2,0xf0,0xf0,0xfc,0xf7,0xfa,0xf4,0xf0,0xfd,0xfe,0x73,0xe0,0xfc,0xf3,0xf4,0xff,0xf2,0xe0,0xe0
  },
  { // 26
    0x00,0x00,0x00,0x00,0x00,0x00,0x00,0x00,0x00,0x00,0x00,0x00,0x00,0x00,0x00,0x00,0x00,0x00,0x00,0x00,0x00,0x00,0x00,0x00,0x00,0x00,0x00,0x00,0x00,0x00,0x00,0x00,
    0x00,0x00,0x00,0x00,0x00,0x00,0x00,0x00,0x00,0x00,0x00,0x00,0x00,0x00,0x00,0x00,0x00,0x00,0x00,0x00,0x00,0x00,0x00,0x00,0x00,0x00,0x00,0x00,0x00,0x00,0x00,0x00,
    0x00,0x00,0x00,0x00,0x00,0x00,0x00,0x00,0x00,0x00,0x00,0x00,0x00,0x00,0x00,0x00,0x00,0x00,0x00,0x00,0x00,0x00,0x00,0x00,0x00,0x00,0x00,0x00,0x00,0x00,0x00,0x00,
    0x00,0x00,0x00,0x00,0x00,0x00,0x00,0x00,0x00,0x00,0x00,0x00,0x00,0x00,0x00,0x00,0x00,0x00,0x00,0x00,0x38,0x44,0xd4,0x2a,0x44,0xf8,0x44,0x2a,0xd4,0x44,0x38,0x00,
    0x00,0x00,0x00,0x00,0x00,0x00,0x00,0x00,0x00,0x00,0x00,0x00,0x00,0x00,0x00,0x00,0x00,0x00,0x00,0x00,0x00,0x00,0x00,0x00,0x00,0x00,0x00,0x00,0x00,0x00,0x00,0x00,
    0x00,0x00,0x00,0x80,0x80,0x80,0xc0,0xc0,0xc0,0xc0,0x80,0x80,0x80,0x00,0x00,0x00,0x00,0x00,0x00,0x00,0x00,0x00,0x00,0x00,0x00,0x00,0x00,0x00,0x00,0x00,0x00,0x00,
    0x00,0x00,0x00,0x00,0x00,0x00,0x00,0x00,0x00,0x00,0x00,0x00,0x00,0x00,0x00,0x00,0x00,0x00,0x00,0x00,0x01,0x3e,0x42,0xbc,0xc0,0x80,0x00,0x00,0x00,0xbc,0xc2,0xbe,
    0x41,0x00,0x00,0x00,0x00,0x00,0x00,0x00,0x00,0x00,0x00,0x00,0x00,0x00,0x00,0x00,0x00,0x00,0x00,0x00,0x00,0x00,0x01,0x01,0x00,0x00,0x00,0x01,0x01,0x00,0x00,0x00,
    0x00,0x00,0x00,0x00,0x00,0x00,0x00,0x00,0x00,0x00,0x00,0x00,0x00,0x00,0x00,0x00,0x00,0x00,0x00,0x00,0x00,0x00,0x40,0xa0,0x40,0x00,0x00,0x00,0x00,0x00,0xfc,0xfe,
    0xfe,0xff,0xff,0xff,0xff,0x73,0xa5,0xce,0xff,0xff,0xff,0xff,0xff,0xff,0xfc,0x00,0x00,0x00,0x00,0x00,0x00,0x00,0x00,0x00,0x00,0x00,0x00,0x00,0x00,0x00,0x20,0xd0,
    0x20,0x00,0x00,0x00,0x00,0x00,0x00,0x00,0x00,0x00,0x00,0x00,0x00,0x00,0x00,0x00,0x00,0x00,0x00,0x00,0x00,0x80,0xfc,0xfe,0xef,0xe7,0xbf,0xdf,0xbf,0xef,0xe7,0xfe,
    0xfc,0x80,0x00,0x00,0x00,0x00,0x00,0x00,0x00,0x00,0x40,0xa0,0x40,0x00,0x00,0x00,0x00,0x00,0x00,0x00,0x00,0x00,0x80,0x00,0x00,0x00,0x00,0x20,0xd0,0x20,0x00,0x00,
    0xf0,0xf0,0xfc,0xe2,0xf0,0xf0,0xb0,0xfc,0xf0,0xf4,0xfa,0xe4,0xec,0xe3,0xf0,0xf0,0xf0,0xfc,0xf2,0xf0,0xfc,0xf4,0xff,0xf2,0xf0,0xf0,0xfc,0xf0,0xf0,0xf0,0xf0,0xf1,
    0xff,0xe3,0x77,0xf7,0xef,0xfe,0xfd,0xeb,0xef,0xff,0xef,0xff,0xff,0xf3,0xe1,0xf0,0xf0,0xf4,0xfa,0xf4,0xb0,0xf0,0xe0,0xf0,0xfc,0xf0,0xf0,0xfc,0xe2,0xf0,0xf4,0xef,
    0xf2,0xf0,0xf0,0xe0,0xfc,0xf0,0xf0,0xf0,0xf0,0xfc,0xf0,0xf0,0x70,0xfc,0xf3,0xf0,0xf0,0xfc,0xe0,0xf0,0xfe,0xff,0xff,0xff,0xff,0xff,0xff,0x7f,0xff,0xff,0xff,0xff,
    0xff,0xff,0xfe,0x70,0xf0,0xfc,0xfa,0xf4,0xf0,0xe0,0xfc,0xe6,0xff,0xf2,0xf0,0xf0,0xfc,0xf7,0xfa,0xf4,0xf0,0xfd,0xfe,0x73,0xe0,0xfc,0xf3,0xf4,0xff,0xf2,0xe0,0xe0
  },
  { // 27
    0x00,0x00,0x00,0x00,0x00,0x00,0x00,0x00,0x00,0x00,0x00,0x00,0x00,0x00,0x00,0x00,0x00,0x00,0x00,0x00,0x00,0x00,0x00,0x00,0x00,0x00,0x00,0x00,0x00,0x00,0x00,0x00,
    0x00,0x00,0x00,0x00,0x00,0x00,0x00,0x00,0x00,0x00,0x00,0x00,0x00,0x00,0x00,0x00,0x00,0x00,0x00,0x00,0x00,0x00,0x00,0x00,0x00,0x00,0x00,0x00,0x00,0x00,0x00,0x00,
    0x00,0x00,0x00,0x00,0x00,0x00,0x00,0x00,0x00,0x00,0x00,0x00,0x00,0x00,0x00,0x00,0x00,0x00,0x00,0x00,0x00,0x00,0x00,0x00,0x00,0x00,0x00,0x00,0x00,0x00,0x00,0x00,
    0x00,0x00,0x00,0x00,0x00,0x00,0x00,0x00,0x00,0x00,0x00,0x00,0x00,0x00,0x00,0x00,0x00,0x00,0x00,0x00,0x00,0x00,0x10,0x3a,0x3c,0xc0,0x3c,0x3a,0x10,0x00,0x00,0x00,
    0x00,0x00,0x00,0x00,0x00,0x00,0x00,0x00,0x00,0x00,0x00,0x00,0x00,0x00,0x00,0x00,0x00,0x00,0x00,0x00,0x00,0x00,0x00,0x00,0x00,0x00,0x00,0x00,0x00,0x00,0x00,0x00,
    0x00,0x00,0x80,0x80,0x80,0xc0,0xc0,0xc0,0xc0,0xc0,0xc0,0xc0,0x80,0x80,0x00,0x00,0x00,0x00,0x00,0x00,0x00,0x00,0x00,0x00,0x00,0x00,0x00,0x00,0x00,0x00,0x00,0x00,
    0x00,0x00,0x00,0x00,0x00,0x00,0x00,0x00,0x00,0x00,0x00,0x00,0x00,0x00,0x00,0x00,0x00,0x00,0x00,0x00,0x01,0x3e,0x42,0xbc,0xc0,0x80,0x00,0x00,0x00,0xbc,0xc2,0xbe,
    0x41,0x00,0x00,0x00,0x00,0x00,0x00,0x00,0x00,0x00,0x00,0x00,0x00,0x00,0x00,0x00,0x00,0x00,0x00,0x00,0x00,0x00,0x00,0x00,0x00,0x00,0x00,0x00,0x00,0x00,0x00,0x00,
    0x00,0x00,0x00,0x00,0x00,0x00,0x00,0x00,0x00,0x00,0x00,0x00,0x00,0x00,0x00,0x00,0x00,0x00,0x00,0x00,0x00,0x00,0x40,0xa0,0x40,0x00,0x00,0x00,0x00,0x00,0x00,0x00,
    0x3e,0x7f,0xff,0xff,0xff,0xff,0x3f,0xbf,0xd1,0xcd,0xfe,0xfe,0xff,0xff,0xff,0xff,0xfc,0x00,0x00,0x00,0x00,0x00,0x00,0x00,0x00,0x00,0x00,0x00,0x00,0x00,0x20,0xd0,
    0x20,0x00,0x00,0x00,0x00,0x00,0x00,0x00,0x00,0x00,0x00,0x00,0x00,0x00,0x00,0x00,0x00,0x00,0x00,0x00,0x00,0x80,0xfc,0xfe,0xef,0xe7,0xbf,0xdf,0xbf,0xef,0xe7,0xfe,
    0xfc,0x80,0x00,0x00,0x00,0x00,0x00,0x00,0x00,0x00,0x40,0xa0,0x40,0x00,0x00,0x00,0x00,0x00,0x00,0x00,0x00,0x00,0x80,0x00,0x00,0x00,0x00,0x20,0xd0,0x20,0x00,0x00,
    0xf0,0xf8,0xf6,0xe0,0xf0,0xf0,0xb0,0xfc,0xf0,0xf4,0xfa,0xe4,0xec,0xe3,0xf0,0xf0,0xf8,0xf6,0xf0,0xf0,0xfc,0xf4,0xff,0xf2,0xf0,0xf0,0xfc,0xf0,0xf0,0xf0,0xf0,0xf0,
    0xfe,0xe0,0x71,0xf3,0xe7,0xff,0xff,0xee,0xed,0xff,0xff,0xff,0xff,0xff,0xe7,0xf3,0xf1,0xf4,0xfa,0xf4,0xb0,0xf0,0xe0,0xf8,0xf4,0xf0,0xf0,0xfc,0xe2,0xf0,0xf4,0xef,
    0xf2,0xf0,0xf0,0xe0,0xfc,0xf0,0xf0,0xf0,0xf8,0xf4,0xf0,0xf0,0x78,0xf6,0xf1,0xf0,0xf0,0xfc,0xe0,0xf0,0xfe,0xff,0xff,0xff,0xff,0xff,0xff,0x7f,0xff,0xff,0xff,0xff,
    0xff,0xff,0xfe,0x70,0xf8,0xf6,0xfa,0xf4,0xf0,0xe0,0xfc,0xe6,0xff,0xf2,0xf0,0xf8,0xf6,0xf5,0xfa,0xf4,0xf8,0xf7,0xfe,0x73,0xe8,0xf6,0xf1,0xf4,0xff,0xf2,0xe0,0xe0
  },
  { // 28
    0x00,0x00,0x00,0x00,0x00,0x00,0x00,0x00,0x00,0x00,0x00,0x00,0x00,0x00,0x00,0x00,0x00,0x00,0x00,0x00,0x00,0x00,0x00,0x00,0x00,0x00,0x00,0x00,0x00,0x00,0x00,0x00,
    0x00,0x00,0x00,0x00,0x00,0x00,0x00,0x00,0x00,0x00,0x00,0x00,0x00,0x00,0x00,0x00,0x00,0x00,0x00,0x00,0x00,0x00,0x00,0x00,0x00,0x00,0x00,0x00,0x00,0x00,0x00,0x00,
    0x00,0x00,0x00,0x00,0x00,0x00,0x00,0x00,0x00,0x00,0x00,0x00,0x00,0x00,0x00,0x00,0x00,0x00,0x00,0x00,0x00,0x00,0x00,0x00,0x00,0x00,0x00,0x00,0x00,0x00,0x00,0x00,
    0x00,0x00,0x00,0x00,0x00,0x00,0x00,0x00,0x00,0x00,0x00,0x00,0x00,0x00,0x00,0x00,0x00,0x00,0x00,0x00,0x00,0x00,0x10,0x3a,0x3c,0xc0,0x3c,0x3a,0x10,0x00,0x00,0x00,
    0x00,0x00,0x00,0x00,0x00,0x00,0x00,0x00,0x00,0x00,0x00,0x00,0x00,0x00,0x00,0x00,0x00,0x00,0x00,0x00,0x00,0x00,0x00,0x00,0x00,0x00,0x00,0x00,0x00,0x00,0x00,0x00,
    0x00,0x00,0x00,0x80,0xc0,0xc0,0xc0,0xe0,0xe0,0xe0,0xe0,0xc0,0xc0,0xc0,0x80,0x80,0x00,0x00,0x00,0x00,0x00,0x00,0x00,0x00,0x00,0x00,0x00,0x00,0x00,0x00,0x00,0x00,
    0x00,0x00,0x00,0x00,0x00,0x00,0x00,0x00,0x00,0x00,0x00,0x00,0x00,0x00,0x00,0x00,0x00,0x00,0x00,0x00,0x01,0x3e,0x42,0xbc,0xc0,0x80,0x00,0x00,0x00,0xbc,0xc2,0xbe,
    0x41,0x00,0x00,0x00,0x00,0x00,0x00,0x00,0x00,0x00,0x00,0x00,0x00,0x00,0x00,0x00,0x00,0x00,0x00,0x00,0x00,0x00,0x00,0x00,0x00,0x00,0x00,0x00,0x00,0x00,0x00,0x00,
    0x00,0x00,0x00,0x00,0x00,0x00,0x00,0x00,0x00,0x00,0x00,0x00,0x00,0x00,0x00,0x00,0x00,0x00,0x00,0x00,0x00,0x00,0x40,0xa0,0x40,0x00,0x00,0x00,0x00,0x00,0x00,0x00,
    0x00,0x00,0x0f,0x3f,0xff,0xff,0xff,0xff,0x1f,0xdf,0xd9,0xe5,0xfd,0xfe,0xfe,0xff,0xff,0xfe,0xfc,0x00,0x00,0x00,0x00,0x00,0x00,0x00,0x00,0x00,0x00,0x00,0x20,0xd0,
    0x20,0x00,0x00,0x00,0x00,0x00,0x00,0x00,0x00,0x00,0x00,0x00,0x00,0x00,0x00,0x00,0x00,0x00,0x00,0x00,0x00,0x80,0xfc,0xfe,0xef,0xe7,0xbf,0xdf,0xbf,0xef,0xe7,0xfe,
    0xfc,0x80,0x00,0x00,0x00,0x00,0x00,0x00,0x00,0x00,0x40,0xa0,0x40,0x00,0x00,0x00,0x00,0x00,0x00,0x00,0x00,0x00,0x80,0x00,0x00,0x00,0x00,0x20,0xd0,0x20,0x00,0x00,
    0xf0,0xf8,0xf6,0xe0,0xf0,0xf0,0xb0,0xfc,0xf0,0xf4,0xfa,0xe4,0xec,0xe3,0xf0,0xf0,0xf8,0xf6,0xf0,0xf0,0xfc,0xf4,0xff,0xf2,0xf0,0xf0,0xfc,0xf0,0xf0,0xf0,0xf0,0xf0,
    0xfe,0xe0,0x70,0xf0,0xe4,0xff,0xfb,0xe7,0xe4,0xfd,0xef,0xff,0xff,0xff,0xef,0xff,0xf7,0xf7,0xfa,0xf4,0xb0,0xf0,0xe0,0xf8,0xf4,0xf0,0xf0,0xfc,0xe2,0xf0,0xf4,0xef,
    0xf2,0xf0,0xf0,0xe0,0xfc,0xf0,0xf0,0xf0,0xf8,0xf4,0xf0,0xf0,0x78,0xf6,0xf1,0xf0,0xf0,0xfc,0xe0,0xf0,0xfe,0xff,0xff,0xff,0xff,0xff,0xff,0x7f,0xff,0xff,0xff,0xff,
    0xff,0xff,0xfe,0x70,0xf8,0xf6,0xfa,0xf4,0xf0,0xe0,0xfc,0xe6,0xff,0xf2,0xf0,0xf8,0xf6,0xf5,0xfa,0xf4,0xf8,0xf7,0xfe,0x73,0xe8,0xf6,0xf1,0xf4,0xff,0xf2,0xe0,0xe0
  },
  { // 29
    0x00,0x00,0x00,0x00,0x00,0x00,0x00,0x00,0x00,0x00,0x00,0x00,0x00,0x00,0x00,0x00,0x00,0x00,0x00,0x00,0x00,0x00,0x00,0x00,0x00,0x00,0x00,0x00,0x00,0x00,0x00,0x00,
    0x00,0x00,0x00,0x00,0x00,0x00,0x00,0x00,0x00,0x00,0x00,0x00,0x00,0x00,0x00,0x00,0x00,0x00,0x00,0x00,0x00,0x00,0x00,0x00,0x00,0x00,0x00,0x00,0x00,0x00,0x00,0x00,
    0x00,0x00,0x00,0x00,0x00,0x00,0x00,0x00,0x00,0x00,0x00,0x00,0x00,0x00,0x00,0x00,0x00,0x00,0x00,0x00,0x00,0x00,0x00,0x00,0x00,0x00,0x00,0x00,0x00,0x00,0x00,0x00,
    0x00,0x00,0x00,0x00,0x00,0x00,0x00,0x00,0x00,0x00,0x00,0x00,0x00,0x00,0x00,0x00,0x00,0x00,0x00,0x00,0x00,0x10,0x3a,0x3c,0xc0,0x3c,0x3a,0x10,0x00,0x00,0x00,0x00,
    0x00,0x00,0x00,0x00,0x00,0x00,0x00,0x00,0x00,0x00,0x00,0x00,0x00,0x00,0x00,0x00,0x00,0x00,0x00,0x00,0x00,0x00,0x00,0x00,0x00,0x00,0x00,0x00,0x00,0x00,0x00,0x00,
    0x00,0x00,0x00,0x00,0x00,0xc0,0xe0,0xe0,0xf0,0xf0,0xf0,0xe0,0xe0,0xe0,0xe0,0xc0,0xc0,0x80,0x00,0x00,0x00,0x00,0x00,0x00,0x00,0x00,0x00,0x00,0x00,0x00,0x00,0x00,
    0x00,0x00,0x00,0x00,0x00,0x00,0x00,0x00,0x00,0x00,0x00,0x00,0x00,0x00,0x00,0x00,0x00,0x00,0x00,0x00,0x01,0x3e,0x42,0xbc,0xc0,0x80,0x00,0x00,0x00,0xbc,0xc2,0xbe,
    0x41,0x00,0x00,0x00,0x00,0x00,0x00,0x00,0x00,0x00,0x00,0x00,0x00,0x00,0x00,0x00,0x00,0x00,0x00,0x00,0x00,0x00,0x00,0x00,0x00,0x00,0x00,0x00,0x00,0x00,0x00,0x00,
    0x00,0x00,0x00,0x00,0x00,0x00,0x00,0x00,0x00,0x00,0x00,0x00,0x00,0x00,0x00,0x00,0x00,0x00,0x00,0x00,0x00,0x00,0x40,0xa0,0x40,0x00,0x00,0x00,0x00,0x00,0x00,0x00,
    0x00,0x00,0x00,0x00,0x80,0x5f,0xff,0xff,0xff,0x0f,0xef,0xef,0xef,0xe1,0xfd,0xfd,0xfd,0xff,0xff,0xfe,0xf8,0x00,0x00,0x00,0x00,0x00,0x00,0x00,0x00,0x00,0x20,0xd0,
    0x20,0x00,0x00,0x00,0x00,0x00,0x00,0x00,0x00,0x00,0x00,0x00,0x00,0x00,0x00,0x00,0x00,0x00,0x00,0x00,0x00,0x80,0xfc,0xfe,0xef,0xe7,0xbf,0xdf,0xbf,0xef,0xe7,0xfe,
    0xfc,0x80,0x00,0x00,0x00,0x00,0x00,0x00,0x00,0x00,0x40,0xa0,0x40,0x00,0x00,0x00,0x00,0x00,0x00,0x00,0x00,0x00,0x80,0x00,0x00,0x00,0x00,0x20,0xd0,0x20,0x00,0x00,
    0xf0,0xf8,0xf6,0xe0,0xf0,0xf0,0xb0,0xfc,0xf0,0xf4,0xfa,0xe4,0xec,0xe3,0xf0,0xf0,0xf8,0xf6,0xf0,0xf0,0xfc,0xf4,0xff,0xf2,0xf0,0xf0,0xfc,0xf0,0xf0,0xf0,0xf0,0xf0,
    0xfe,0xe0,0x70,0xf0,0xe4,0xff,0xfa,0xe7,0xe3,0xf6,0xef,0xff,0xff,0xff,0xef,0xff,0xff,0xf7,0xff,0xf7,0xb0,0xf0,0xe0,0xf8,0xf4,0xf0,0xf0,0xfc,0xe2,0xf0,0xf4,0xef,
    0xf2,0xf0,0xf0,0xe0,0xfc,0xf0,0xf0,0xf0,0xf8,0xf4,0xf0,0xf0,0x78,0xf6,0xf1,0xf0,0xf0,0xfc,0xe0,0xf0,0xfe,0xff,0xff,0xff,0xff,0xff,0xff,0x7f,0xff,0xff,0xff,0xff,
    0xff,0xff,0xfe,0x70,0xf8,0xf6,0xfa,0xf4,0xf0,0xe0,0xfc,0xe6,0xff,0xf2,0xf0,0xf8,0xf6,0xf5,0xfa,0xf4,0xf8,0xf7,0xfe,0x73,0xe8,0xf6,0xf1,0xf4,0xff,0xf2,0xe0,0xe0
  },
  { // 30
    0x00,0x00,0x00,0x00,0x00,0x00,0x00,0x00,0x00,0x00,0x00,0x00,0x00,0x00,0x00,0x00,0x00,0x00,0x00,0x00,0x00,0x00,0x00,0x00,0x00,0x00,0x00,0x00,0x00,0x00,0x00,0x00,
    0x00,0x00,0x00,0x00,0x00,0x00,0x00,0x00,0x00,0x00,0x00,0x00,0x00,0x00,0x00,0x00,0x00,0x00,0x00,0x00,0x00,0x00,0x00,0x00,0x00,0x00,0x00,0x00,0x00,0x00,0x00,0x00,
    0x00,0x00,0x00,0x00,0x00,0x00,0x00,0x00,0x00,0x00,0x00,0x00,0x00,0x00,0x00,0x00,0x00,0x00,0x00,0x00,0x00,0x00,0x00,0x00,0x00,0x00,0x00,0x00,0x00,0x00,0x00,0x00,
    0x00,0x00,0x00,0x00,0x00,0x00,0x00,0x00,0x00,0x00,0x00,0x00,0x00,0x00,0x00,0x00,0x00,0x00,0x00,0x38,0x44,0xd4,0x2a,0x44,0xf8,0x44,0x2a,0xd4,0x44,0x38,0x00,0x00,
    0x00,0x00,0x00,0x00,0x00,0x00,0x00,0x00,0x00,0x00,0x00,0x00,0x00,0x00,0x00,0x00,0x00,0x00,0x00,0x00,0x00,0x00,0x00,0x00,0x00,0x00,0x00,0x00,0x00,0x00,0x00,0x00,
    0x00,0x00,0x00,0x00,0x00,0x00,0x00,0x00,0xe0,0xf0,0xf0,0xf8,0xf8,0xf0,0xf0,0xf0,0xe0,0xe0,0xc0,0x80,0x00,0x00,0x00,0x00,0x00,0x00,0x00,0x00,0x00,0x00,0x00,0x00,
    0x00,0x00,0x00,0x00,0x00,0x00,0x00,0x00,0x00,0x00,0x00,0x00,0x00,0x00,0x00,0x00,0x00,0x00,0x00,0x00,0x00,0x3e,0x41,0x81,0xfe,0x80,0x00,0x00,0x00,0x80,0xfe,0x81,
    0x41,0x3e,0x00,0x00,0x00,0x00,0x00,0x00,0x00,0x00,0x00,0x00,0x00,0x00,0x00,0x00,0x00,0x00,0x00,0x00,0x00,0x01,0x01,0x00,0x00,0x00,0x01,0x01,0x00,0x00,0x00,0x00,
    0x00,0x00,0x00,0x00,0x00,0x00,0x00,0x00,0x00,0x00,0x00,0x00,0x00,0x00,0x00,0x00,0x00,0x00,0x00,0x00,0x00,0x00,0x40,0xa0,0x40,0x00,0x00,0x00,0x00,0x00,0x00,0x00,
    0x00,0x00,0x00,0x00,0x80,0x40,0x80,0x00,0x7f,0xff,0x7f,0xc7,0xef,0xef,0xef,0xe3,0xfd,0xfd,0xff,0xf9,0xff,0xfc,0x70,0x00,0x00,0x00,0x00,0x00,0x00,0x00,0x20,0xd0,
    0x20,0x00,0x00,0x00,0x00,0x00,0x00,0x00,0x00,0x00,0x00,0x00,0x00,0x00,0x00,0x00,0x00,0x00,0x00,0x00,0x00,0x80,0xfc,0xfe,0xef,0xe7,0xbf,0xdf,0xbf,0xef,0xe7,0xfe,
    0xfc,0x80,0x00,0x00,0x00,0x00,0x00,0x00,0x00,0x00,0x40,0xa0,0x40,0x00,0x00,0x00,0x00,0x00,0x00,0x00,0x00,0x00,0x80,0x00,0x00,0x00,0x00,0x20,0xd0,0x20,0x00,0x00,
    0xf0,0xf8,0xf6,0xe0,0xf0,0xf0,0xb0,0xfc,0xf0,0xf4,0xfa,0xe4,0xec,0xe3,0xf0,0xf0,0xf8,0xf6,0xf0,0xf0,0xfc,0xf4,0xff,0xf2,0xf0,0xf0,0xfc,0xf0,0xf0,0xf0,0xf0,0xf0,
    0xfe,0xe0,0x70,0xf0,0xe4,0xff,0xfa,0xe6,0xe1,0xf1,0xe3,0xf7,0xff,0xff,0xef,0xff,0xff,0xff,0xff,0xf7,0xb3,0xf1,0xe0,0xf8,0xf4,0xf0,0xf0,0xfc,0xe2,0xf0,0xf4,0xef,
    0xf2,0xf0,0xf0,0xe0,0xfc,0xf0,0xf0,0xf0,0xf8,0xf4,0xf0,0xf0,0x78,0xf6,0xf1,0xf0,0xf0,0xfc,0xe0,0xf0,0xfe,0xff,0xff,0xff,0xff,0xff,0xff,0x7f,0xff,0xff,0xff,0xff,
    0xff,0xff,0xfe,0x70,0xf8,0xf6,0xfa,0xf4,0xf0,0xe0,0xfc,0xe6,0xff,0xf2,0xf0,0xf8,0xf6,0xf5,0xfa,0xf4,0xf8,0xf7,0xfe,0x73,0xe8,0xf6,0xf1,0xf4,0xff,0xf2,0xe0,0xe0
  },
  { // 31
    0x00,0x00,0x00,0x00,0x00,0x00,0x00,0x00,0x00,0x00,0x00,0x00,0x00,0x00,0x00,0x00,0x00,0x00,0x00,0x00,0x00,0x00,0x00,0x00,0x00,0x00,0x00,0x00,0x00,0x00,0x00,0x00,
    0x00,0x00,0x00,0x00,0x00,0x00,0x00,0x00,0x00,0x00,0x00,0x00,0x00,0x00,0x00,0x00,0x00,0x00,0x00,0x00,0x00,0x00,0x00,0x00,0x00,0x00,0x00,0x00,0x00,0x00,0x00,0x00,
    0x00,0x00,0x00,0x00,0x00,0x00,0x00,0x00,0x00,0x00,0x00,0x00,0x00,0x00,0x00,0x00,0x00,0x00,0x00,0x00,0x00,0x00,0x00,0x00,0x00,0x00,0x00,0x00,0x00,0x00,0x00,0x00,
    0x00,0x00,0x00,0x00,0x00,0x00,0x00,0x00,0x00,0x00,0x00,0x00,0x00,0x00,0x00,0x00,0x00,0x00,0x00,0x70,0x88,0xa8,0x54,0x88,0xf0,0x88,0x54,0xa8,0x88,0x70,0x00,0x00,
    0x00,0x00,0x00,0x00,0x00,0x00,0x00,0x00,0x00,0x00,0x00,0x00,0x00,0x00,0x00,0x00,0x00,0x00,0x00,0x00,0x00,0x00,0x00,0x00,0x00,0x00,0x00,0x00,0x00,0x00,0x00,0x00,
    0x00,0x00,0x00,0x00,0x00,0x00,0x00,0x00,0x00,0x00,0x80,0xe0,0xf0,0xf8,0xf8,0xf8,0xf8,0xf8,0xf0,0xe0,0xc0,0x80,0x00,0x00,0x00,0x00,0x00,0x00,0x00,0x00,0x00,0x00,
    0x00,0x00,0x00,0x00,0x00,0x00,0x00,0x00,0x00,0x00,0x00,0x00,0x00,0x00,0x00,0x00,0x00,0x00,0x00,0x00,0x00,0x3e,0x41,0x81,0xfe,0x80,0x00,0x00,0x00,0x80,0xfe,0x81,
    0x41,0x3e,0x00,0x00,0x00,0x00,0x00,0x00,0x00,0x00,0x00,0x00,0x00,0x00,0x00,0x00,0x00,0x00,0x00,0x00,0x00,0x03,0x02,0x00,0x01,0x00,0x02,0x03,0x00,0x00,0x00,0x00,
    0x00,0x00,0x00,0x00,0x00,0x00,0x00,0x00,0x00,0x00,0x00,0x00,0x00,0x00,0x00,0x00,0x00,0x00,0x00,0x00,0x00,0x40,0xa0,0x40,0x00,0x00,0x00,0x00,0x00,0x00,0x00,0x00,
    0x00,0x00,0x00,0x00,0x80,0x40,0x80,0x00,0x00,0x00,0xff,0xdf,0xcf,0xf7,0xf7,0xef,0xef,0xf7,0xf9,0xfb,0xfb,0xf7,0xff,0xfc,0x00,0x00,0x00,0x00,0x00,0x20,0x50,0xa0,
    0x00,0x00,0x00,0x00,0x00,0x00,0x00,0x00,0x00,0x00,0x00,0x00,0x00,0x00,0x00,0x00,0x00,0x00,0x00,0x00,0x00,0x80,0xfc,0xfe,0xef,0xe7,0xbf,0xdf,0xbf,0xef,0xe7,0xfe,
    0xfc,0x80,0x00,0x00,0x00,0x00,0x00,0x00,0x00,0x00,0x40,0xa0,0x40,0x00,0x00,0x00,0x00,0x00,0x00,0x00,0x00,0x00,0x80,0x00,0x00,0x00,0x00,0x20,0xd0,0x20,0x00,0x00,
    0xf0,0xf8,0xf6,0xe0,0xf0,0xf0,0xb0,0xfc,0xf0,0xf4,0xfa,0xe4,0xec,0xe3,0xf0,0xf0,0xf8,0xf6,0xf0,0xf0,0xfc,0xf4,0xff,0xf2,0xf0,0xf0,0xfc,0xf0,0xf0,0xf0,0xf0,0xf0,
    0xfe,0xe0,0x70,0xf0,0xe4,0xff,0xfa,0xe6,0xe1,0xf0,0xe0,0xf3,0xff,0xff,0xef,0xff,0xff,0xff,0xff,0xff,0xbf,0xf7,0xe3,0xf9,0xf4,0xf0,0xf0,0xfc,0xe2,0xf0,0xf4,0xef,
    0xf2,0xf0,0xf0,0xe0,0xfc,0xf0,0xf0,0xf0,0xf8,0xf4,0xf0,0xf0,0x78,0xf6,0xf1,0xf0,0xf0,0xfc,0xe0,0xf0,0xfe,0xff,0xff,0xff,0xff,0xff,0xff,0x7f,0xff,0xff,0xff,0xff,
    0xff,0xff,0xfe,0x70,0xf8,0xf6,0xfa,0xf4,0xf0,0xe0,0xfc,0xe6,0xff,0xf2,0xf0,0xf8,0xf6,0xf5,0xfa,0xf4,0xf8,0xf7,0xfe,0x73,0xe8,0xf6,0xf1,0xf4,0xff,0xf2,0xe0,0xe0
  },
  { // 32
    0x00,0x00,0x00,0x00,0x00,0x00,0x00,0x00,0x00,0x00,0x00,0x00,0x00,0x00,0x00,0x00,0x00,0x00,0x00,0x00,0x00,0x00,0x00,0x00,0x00,0x00,0x00,0x00,0x00,0x00,0x00,0x00,
    0x00,0x00,0x00,0x00,0x00,0x00,0x00,0x00,0x00,0x00,0x00,0x00,0x00,0x00,0x00,0x00,0x00,0x00,0x00,0x00,0x00,0x00,0x00,0x00,0x00,0x00,0x00,0x00,0x00,0x00,0x00,0x00,
    0x00,0x00,0x00,0x00,0x00,0x00,0x00,0x00,0x00,0x00,0x00,0x00,0x00,0x00,0x00,0x00,0x00,0x00,0x00,0x00,0x00,0x00,0x00,0x00,0x00,0x00,0x00,0x00,0x00,0x00,0x00,0x00,
    0x00,0x00,0x00,0x00,0x00,0x00,0x00,0x00,0x00,0x00,0x00,0x00,0x00,0x00,0x00,0x00,0x00,0x00,0x00,0x70,0x88,0xa8,0x54,0x88,0xf0,0x88,0x54,0xa8,0x88,0x70,0x00,0x00,
    0x00,0x00,0x00,0x00,0x00,0x00,0x00,0x00,0x00,0x00,0x00,0x00,0x00,0x00,0x00,0x00,0x00,0x00,0x00,0x00,0x00,0x00,0x00,0x00,0x00,0x00,0x00,0x00,0x00,0x00,0x00,0x00,
    0x00,0x00,0x00,0x00,0x00,0x00,0x00,0x00,0x00,0x00,0x00,0x00,0x00,0xc0,0xe0,0xf0,0xf8,0xf8,0xf8,0xf8,0xf8,0xf0,0xe0,0xc0,0x00,0x00,0x00,0x00,0x00,0x00,0x00,0x00,
    0x00,0x00,0x00,0x00,0x00,0x00,0x00,0x00,0x00,0x00,0x00,0x00,0x00,0x00,0x00,0x00,0x00,0x00,0x00,0x00,0x00,0x3e,0x41,0x81,0xfe,0x80,0x00,0x00,0x00,0x80,0xfe,0x81,
    0x41,0x3e,0x00,0x00,0x00,0x00,0x00,0x00,0x00,0x00,0x00,0x00,0x00,0x00,0x00,0x00,0x00,0x00,0x00,0x00,0x00,0x03,0x02,0x00,0x01,0x00,0x02,0x03,0x00,0x00,0x00,0x00,
    0x00,0x00,0x00,0x00,0x00,0x00,0x00,0x00,0x00,0x00,0x00,0x00,0x00,0x00,0x00,0x00,0x00,0x00,0x00,0x00,0x00,0x40,0xa0,0x40,0x00,0x00,0x00,0x00,0x00,0x00,0x00,0x00,
    0x00,0x00,0x00,0x00,0x80,0x40,0x80,0x00,0x00,0x00,0x00,0x30,0xff,0xcf,0xe7,0xfb,0xfb,0xf7,0xef,0xf7,0xfb,0xfb,0xf7,0xef,0xff,0x78,0x00,0x00,0x00,0x20,0x50,0xa0,
    0x00,0x00,0x00,0x00,0x00,0x00,0x00,0x00,0x00,0x00,0x00,0x00,0x00,0x00,0x00,0x00,0x00,0x00,0x00,0x00,0x00,0x80,0xfc,0xfe,0xef,0xe7,0xbf,0xdf,0xbf,0xef,0xe7,0xfe,
    0xfc,0x80,0x00,0x00,0x00,0x00,0x00,0x00,0x00,0x00,0x40,0xa0,0x40,0x00,0x00,0x00,0x00,0x00,0x00,0x00,0x00,0x00,0x80,0x00,0x00,0x00,0x00,0x20,0xd0,0x20,0x00,0x00,
    0xf0,0xf8,0xf6,0xe0,0xf0,0xf0,0xb0,0xfc,0xf0,0xf4,0xfa,0xe4,0xee,0xe1,0xf0,0xf0,0xf8,0xf6,0xf0,0xf0,0xfc,0xf4,0xff,0xf2,0xf0,0xf0,0xfc,0xf0,0xf0,0xf0,0xf0,0xf0,
    0xfe,0xe0,0x70,0xf0,0xe4,0xff,0xfa,0xe6,0xe1,0xf0,0xe0,0xf0,0xff,0xf7,0xe7,0xff,0xff,0xff,0xff,0xff,0xbf,0xff,0xe7,0xff,0xf5,0xf0,0xf0,0xfe,0xe0,0xf0,0xf4,0xef,
    0xf2,0xf0,0xf0,0xe0,0xfc,0xf0,0xf0,0xf0,0xf8,0xf4,0xf0,0xf0,0x78,0xf6,0xf1,0xf0,0xf0,0xfc,0xe0,0xf0,0xfe,0xff,0xff,0xff,0xff,0xff,0xff,0x7f,0xff,0xff,0xff,0xff,
    0xff,0xff,0xfe,0x70,0xf8,0xf6,0xfa,0xf4,0xf0,0xe0,0xfe,0xe4,0xff,0xf2,0xf0,0xf8,0xf6,0xf5,0xfa,0xf4,0xf8,0xf7,0xfe,0x73,0xe8,0xf6,0xf1,0xf4,0xff,0xf2,0xe0,0xe0
  },
  { // 33
    0x00,0x00,0x00,0x00,0x00,0x00,0x00,0x00,0x00,0x00,0x00,0x00,0x00,0x00,0x00,0x00,0x00,0x00,0x00,0x00,0x00,0x00,0x00,0x00,0x00,0x00,0x00,0x00,0x00,0x00,0x00,0x00,
    0x00,0x00,0x00,0x00,0x00,0x00,0x00,0x00,0x00,0x00,0x00,0x00,0x00,0x00,0x00,0x00,0x00,0x00,0x00,0x00,0x00,0x00,0x00,0x00,0x00,0x00,0x00,0x00,0x00,0x00,0x00,0x00,
    0x00,0x00,0x00,0x00,0x00,0x00,0x00,0x00,0x00,0x00,0x00,0x00,0x00,0x00,0x00,0x00,0x00,0x00,0x00,0x00,0x00,0x00,0x00,0x00,0x00,0x00,0x00,0x00,0x00,0x00,0x00,0x00,
    0x00,0x00,0x00,0x00,0x00,0x00,0x00,0x00,0x00,0x00,0x00,0x00,0x00,0x00,0x00,0x00,0x00,0x00,0x70,0x88,0xa8,0x54,0x88,0xf0,0x88,0x54,0xa8,0x88,0x70,0x00,0x00,0x00,
    0x00,0x00,0x00,0x00,0x00,0x00,0x00,0x00,0x00,0x00,0x00,0x00,0x00,0x00,0x00,0x00,0x00,0x00,0x00,0x00,0x00,0x00,0x00,0x00,0x00,0x00,0x00,0x00,0x00,0x00,0x00,0x00,
    0x00,0x00,0x00,0x00,0x00,0x00,0x00,0x00,0x00,0x00,0x00,0x00,0x00,0x00,0x00,0x80,0xc0,0xe0,0xf0,0xf8,0xf8,0xf8,0xf8,0xf8,0xf0,0xe0,0x80,0x00,0x00,0x00,0x00,0x00,
    0x00,0x00,0x00,0x00,0x00,0x00,0x00,0x00,0x00,0x00,0x00,0x00,0x00,0x00,0x00,0x00,0x00,0x00,0x00,0x00,0x00,0x3e,0x41,0x81,0xfe,0x80,0x00,0x00,0x00,0x80,0xfe,0x81,
    0x41,0x3e,0x00,0x00,0x00,0x00,0x00,0x00,0x00,0x00,0x00,0x00,0x00,0x00,0x00,0x00,0x00,0x00,0x00,0x00,0x03,0x02,0x00,0x01,0x00,0x02,0x03,0x00,0x00,0x00,0x00,0x00,
    0x00,0x00,0x00,0x00,0x00,0x00,0x00,0x00,0x00,0x00,0x00,0x00,0x00,0x00,0x00,0x00,0x00,0x00,0x00,0x00,0x00,0x40,0xa0,0x40,0x00,0x00,0x00,0x00,0x00,0x00,0x00,0x00,
    0x00,0x00,0x00,0x00,0x80,0x40,0x80,0x00,0x00,0x00,0x00,0x00,0x00,0xf8,0xff,0xf7,0xf7,0xfb,0xf9,0xf7,0xef,0xef,0xf7,0xf7,0xcf,0xdf,0xff,0x00,0x00,0x20,0x50,0xa0,
    0x00,0x00,0x00,0x00,0x00,0x00,0x00,0x00,0x00,0x00,0x00,0x00,0x00,0x00,0x00,0x00,0x00,0x00,0x00,0x00,0x00,0x80,0xfc,0xfe,0xef,0xe7,0xbf,0xdf,0xbf,0xef,0xe7,0xfe,
    0xfc,0x80,0x00,0x00,0x00,0x00,0x00,0x00,0x00,0x00,0x00,0x40,0xa0,0x40,0x00,0x00,0x00,0x00,0x00,0x00,0x00,0x00,0x80,0x00,0x00,0x00,0x00,0x00,0xa0,0x50,0x20,0x00,
    0xf0,0xf8,0xf6,0xe0,0xf0,0xf0,0xb0,0xfc,0xf0,0xf4,0xfa,0xe4,0xee,0xe1,0xf0,0xf0,0xf8,0xf6,0xf0,0xf0,0xfc,0xf4,0xff,0xf2,0xf0,0xf0,0xfc,0xf0,0xf0,0xf0,0xf0,0xf0,
    0xfe,0xe0,0x70,0xf0,0xe4,0xff,0xfa,0xe6,0xe1,0xf0,0xe0,0xf0,0xfe,0xf0,0xe3,0xf7,0xff,0xff,0xff,0xff,0xbf,0xff,0xef,0xff,0xf7,0xf3,0xf1,0xfe,0xe0,0xf0,0xf4,0xef,
    0xf2,0xf0,0xf0,0xe0,0xfc,0xf0,0xf0,0xf0,0xf8,0xf4,0xf0,0xf0,0x78,0xf6,0xf1,0xf0,0xf0,0xfc,0xe0,0xf0,0xfe,0xff,0xff,0xff,0xff,0xff,0xff,0x7f,0xff,0xff,0xff,0xff,
    0xff,0xff,0xfe,0x70,0xf8,0xf6,0xfa,0xf4,0xf0,0xe0,0xfe,0xe4,0xff,0xf2,0xf0,0xf8,0xf6,0xf5,0xfa,0xf4,0xf8,0xf7,0xfe,0x73,0xe8,0xf6,0xf1,0xf4,0xff,0xf2,0xe0,0xe0
  },
  { // 34
    0x00,0x00,0x00,0x00,0x00,0x00,0x00,0x00,0x00,0x00,0x00,0x00,0x00,0x00,0x00,0x00,0x00,0x00,0x00,0x00,0x00,0x00,0x00,0x00,0x00,0x00,0x00,0x00,0x00,0x00,0x00,0x00,
    0x00,0x00,0x00,0x00,0x00,0x00,0x00,0x00,0x00,0x00,0x00,0x00,0x00,0x00,0x00,0x00,0x00,0x00,0x00,0x00,0x00,0x00,0x00,0x00,0x00,0x00,0x00,0x00,0x00,0x00,0x00,0x00,
    0x00,0x00,0x00,0x00,0x00,0x00,0x00,0x00,0x00,0x00,0x00,0x00,0x00,0x00,0x00,0x00,0x00,0x00,0x00,0x00,0x00,0x00,0x00,0x00,0x00,0x00,0x00,0x00,0x00,0x00,0x00,0x00,
    0x00,0x00,0x00,0x00,0x00,0x00,0x00,0x00,0x00,0x00,0x00,0x00,0x00,0x00,0x00,0x00,0x00,0x00,0x00,0x00,0x20,0x74,0x78,0x80,0x78,0x74,0x20,0x00,0x00,0x00,0x00,0x00,
    0x00,0x00,0x00,0x00,0x00,0x00,0x00,0x00,0x00,0x00,0x00,0x00,0x00,0x00,0x00,0x00,0x00,0x00,0x00,0x00,0x00,0x00,0x00,0x00,0x00,0x00,0x00,0x00,0x00,0x00,0x00,0x00,
    0x00,0x00,0x00,0x00,0x00,0x00,0x00,0x00,0x00,0x00,0x00,0x00,0x00,0x00,0x00,0x00,0x00,0x80,0xc0,0xe0,0xe0,0xf0,0xf0,0xf8,0xf8,0xf8,0xf0,0xf0,0xc0,0x00,0x00,0x00,
    0x00,0x00,0x00,0x00,0x00,0x00,0x00,0x00,0x00,0x00,0x00,0x00,0x00,0x00,0x00,0x00,0x00,0x00,0x00,0x00,0x00,0x3e,0x41,0x81,0xfe,0x80,0x00,0x00,0x00,0x80,0xfe,0x81,
    0x41,0x3e,0x00,0x00,0x00,0x00,0x00,0x00,0x00,0x00,0x00,0x00,0x00,0x00,0x00,0x00,0x00,0x00,0x00,0x00,0x00,0x00,0x00,0x01,0x00,0x00,0x00,0x00,0x00,0x00,0x00,0x00,
    0x00,0x00,0x00,0x00,0x00,0x00,0x00,0x00,0x00,0x00,0x00,0x00,0x00,0x00,0x00,0x00,0x00,0x00,0x00,0x00,0x00,0x40,0xa0,0x40,0x00,0x00,0x00,0x00,0x00,0x00,0x00,0x00,
    0x00,0x00,0x00,0x00,0x80,0x40,0x80,0x00,0x00,0x00,0x00,0x00,0x00,0x00,0x20,0xfc,0xff,0xf9,0xfb,0xfd,0xfd,0xe3,0xef,0xef,0xf7,0xc7,0xbf,0xff,0x7f,0x20,0x50,0xa0,
    0x00,0x00,0x00,0x00,0x00,0x00,0x00,0x00,0x00,0x00,0x00,0x00,0x00,0x00,0x00,0x00,0x00,0x00,0x00,0x00,0x00,0x80,0xfc,0xfe,0xef,0xe7,0xbf,0xdf,0xbf,0xef,0xe7,0xfe,
    0xfc,0x80,0x00,0x00,0x00,0x00,0x00,0x00,0x00,0x00,0x00,0x40,0xa0,0x40,0x00,0x00,0x00,0x00,0x00,0x00,0x00,0x00,0x80,0x00,0x00,0x00,0x00,0x00,0xa0,0x50,0x20,0x00,
    0xf0,0xf8,0xf6,0xe0,0xf0,0xf0,0xb0,0xfc,0xf0,0xf4,0xfa,0xe4,0xee,0xe1,0xf0,0xf0,0xf8,0xf6,0xf0,0xf0,0xfc,0xf4,0xff,0xf2,0xf0,0xf0,0xfc,0xf0,0xf0,0xf0,0xf0,0xf0,
    0xfe,0xe0,0x70,0xf0,0xe4,0xff,0xfa,0xe6,0xe1,0xf0,0xe0,0xf0,0xfe,0xf0,0xe0,0xf1,0xf3,0xf7,0xff,0xff,0xbf,0xff,0xef,0xff,0xff,0xf7,0xf7,0xff,0xe0,0xf0,0xf4,0xef,
    0xf2,0xf0,0xf0,0xe0,0xfc,0xf0,0xf0,0xf0,0xf8,0xf4,0xf0,0xf0,0x78,0xf6,0xf1,0xf0,0xf0,0xfc,0xe0,0xf0,0xfe,0xff,0xff,0xff,0xff,0xff,0xff,0x7f,0xff,0xff,0xff,0xff,
    0xff,0xff,0xfe,0x70,0xf8,0xf6,0xfa,0xf4,0xf0,0xe0,0xfe,0xe4,0xff,0xf2,0xf0,0xf8,0xf6,0xf5,0xfa,0xf4,0xf8,0xf7,0xfe,0x73,0xe8,0xf6,0xf1,0xf4,0xff,0xf2,0xe0,0xe0
  },
  { // 35
    0x00,0x00,0x00,0x00,0x00,0x00,0x00,0x00,0x00,0x00,0x00,0x00,0x00,0x00,0x00,0x00,0x00,0x00,0x00,0x00,0x00,0x00,0x00,0x00,0x00,0x00,0x00,0x00,0x00,0x00,0x00,0x00,
    0x00,0x00,0x00,0x00,0x00,0x00,0x00,0x00,0x00,0x00,0x00,0x00,0x00,0x00,0x00,0x00,0x00,0x00,0x00,0x00,0x00,0x00,0x00,0x00,0x00,0x00,0x00,0x00,0x00,0x00,0x00,0x00,
    0x00,0x00,0x00,0x00,0x00,0x00,0x00,0x00,0x00,0x00,0x00,0x00,0x00,0x00,0x00,0x00,0x00,0x00,0x00,0x00,0x00,0x00,0x00,0x00,0x00,0x00,0x00,0x00,0x00,0x00,0x00,0x00,
    0x00,0x00,0x00,0x00,0x00,0x00,0x00,0x00,0x00,0x00,0x00,0x00,0x00,0x00,0x00,0x00,0x00,0x00,0x00,0x00,0x40,0xe8,0xf0,0x00,0xf0,0xe8,0x40,0x00,0x00,0x00,0x00,0x00,
    0x00,0x00,0x00,0x00,0x00,0x00,0x00,0x00,0x00,0x00,0x00,0x00,0x00,0x00,0x00,0x00,0x00,0x00,0x00,0x00,0x00,0x00,0x00,0x00,0x00,0x00,0x00,0x00,0x00,0x00,0x00,0x00,
    0x00,0x00,0x00,0x00,0x00,0x00,0x00,0x00,0x00,0x00,0x00,0x00,0x00,0x00,0x00,0x00,0x00,0x00,0x00,0x80,0xc0,0xc0,0xe0,0xe0,0xe0,0xf0,0xf0,0xf0,0xf0,0xe0,0xe0,0x80,
    0x00,0x00,0x00,0x00,0x00,0x00,0x00,0x00,0x00,0x00,0x00,0x00,0x00,0x00,0x00,0x00,0x00,0x00,0x00,0x00,0x00,0x3e,0x41,0x81,0xfe,0x80,0x00,0x00,0x00,0x80,0xfe,0x81,
    0x41,0x3e,0x00,0x00,0x00,0x00,0x00,0x00,0x00,0x00,0x00,0x00,0x00,0x00,0x00,0x00,0x00,0x00,0x00,0x00,0x00,0x00,0x00,0x03,0x00,0x00,0x00,0x00,0x00,0x00,0x00,0x00,
    0x00,0x00,0x00,0x00,0x00,0x00,0x00,0x00,0x00,0x00,0x00,0x00,0x00,0x00,0x00,0x00,0x00,0x00,0x00,0x00,0x00,0x40,0xa0,0x40,0x00,0x00,0x00,0x00,0x00,0x00,0x00,0x00,
    0x00,0x00,0x00,0x00,0x80,0x40,0x80,0x00,0x00,0x00,0x00,0x00,0x00,0x00,0x00,0x00,0xf8,0xfe,0xff,0xfd,0xfd,0xfd,0xfd,0xe1,0xef,0xef,0xef,0x0f,0xff,0xff,0x7f,0xaf,
    0x00,0x00,0x00,0x00,0x00,0x00,0x00,0x00,0x00,0x00,0x00,0x00,0x00,0x00,0x00,0x00,0x00,0x00,0x00,0x00,0x00,0x80,0xfc,0xfe,0xef,0xe7,0xbf,0xdf,0xbf,0xef,0xe7,0xfe,
    0xfc,0x80,0x00,0x00,0x00,0x00,0x00,0x00,0x00,0x00,0x00,0x40,0xa0,0x40,0x00,0x00,0x00,0x00,0x00,0x00,0x00,0x00,0x80,0x00,0x00,0x00,0x00,0x00,0xa0,0x50,0x20,0x00,
    0xf0,0xf8,0xf6,0xe0,0xf0,0xf0,0xb0,0xfc,0xf0,0xf4,0xfa,0xe4,0xee,0xe1,0xf0,0xf0,0xf8,0xf6,0xf0,0xf0,0xfc,0xf4,0xff,0xf2,0xf0,0xf0,0xfc,0xf0,0xf0,0xf0,0xf0,0xf0,
    0xfe,0xe0,0x70,0xf0,0xe4,0xff,0xfa,0xe6,0xe1,0xf0,0xe0,0xf0,0xfe,0xf0,0xe0,0xf0,0xf0,0xf5,0xff,0xf7,0xbf,0xff,0xef,0xff,0xff,0xff,0xff,0xfe,0xe3,0xf1,0xf4,0xef,
    0xf2,0xf0,0xf0,0xe0,0xfc,0xf0,0xf0,0xf0,0xf8,0xf4,0xf0,0xf0,0x78,0xf6,0xf1,0xf0,0xf0,0xfc,0xe0,0xf0,0xfe,0xff,0xff,0xff,0xff,0xff,0xff,0x7f,0xff,0xff,0xff,0xff,
    0xff,0xff,0xfe,0x70,0xf8,0xf6,0xfa,0xf4,0xf0,0xe0,0xfe,0xe4,0xff,0xf2,0xf0,0xf8,0xf6,0xf5,0xfa,0xf4,0xf8,0xf7,0xfe,0x73,0xe8,0xf6,0xf1,0xf4,0xff,0xf2,0xe0,0xe0
  },
  { // 36
    0x00,0x00,0x00,0x00,0x00,0x00,0x00,0x00,0x00,0x00,0x00,0x00,0x00,0x00,0x00,0x00,0x00,0x00,0x00,0x00,0x00,0x00,0x00,0x00,0x00,0x00,0x00,0x00,0x00,0x00,0x00,0x00,
    0x00,0x00,0x00,0x00,0x00,0x00,0x00,0x00,0x00,0x00,0x00,0x00,0x00,0x00,0x00,0x00,0x00,0x00,0x00,0x00,0x00,0x00,0x00,0x00,0x00,0x00,0x00,0x00,0x00,0x00,0x00,0x00,
    0x00,0x00,0x00,0x00,0x00,0x00,0x00,0x00,0x00,0x00,0x00,0x00,0x00,0x00,0x00,0x00,0x00,0x00,0x00,0x00,0x00,0x00,0x00,0x00,0x00,0x00,0x00,0x00,0x00,0x00,0x00,0x00,
    0x00,0x00,0x00,0x00,0x00,0x00,0x00,0x00,0x00,0x00,0x00,0x00,0x00,0x00,0x00,0x00,0x00,0x00,0x00,0x00,0x40,0xe8,0xf0,0x00,0xf0,0xe8,0x40,0x00,0x00,0x00,0x00,0x00,
    0x00,0x00,0x00,0x00,0x00,0x00,0x00,0x00,0x00,0x00,0x00,0x00,0x00,0x00,0x00,0x00,0x00,0x00,0x00,0x00,0x00,0x00,0x00,0x00,0x00,0x00,0x00,0x00,0x00,0x00,0x00,0x00,
    0x00,0x00,0x00,0x00,0x00,0x00,0x00,0x00,0x00,0x00,0x00,0x00,0x00,0x00,0x00,0x00,0x00,0x00,0x00,0x00,0x00,0x80,0xc0,0xc0,0xc0,0xe0,0xe0,0xe0,0xe0,0xe0,0xe0,0xe0,
    0xc0,0x80,0x00,0x00,0x00,0x00,0x00,0x00,0x00,0x00,0x00,0x00,0x00,0x00,0x00,0x00,0x00,0x00,0x00,0x00,0x00,0x3e,0x41,0x81,0xfe,0x80,0x00,0x00,0x00,0x80,0xfe,0x81,
    0x41,0x3e,0x00,0x00,0x00,0x00,0x00,0x00,0x00,0x00,0x00,0x00,0x00,0x00,0x00,0x00,0x00,0x00,0x00,0x00,0x00,0x00,0x00,0x03,0x00,0x00,0x00,0x00,0x00,0x00,0x00,0x00,
    0x00,0x00,0x00,0x00,0x00,0x00,0x00,0x00,0x00,0x00,0x00,0x00,0x00,0x00,0x00,0x00,0x00,0x00,0x00,0x00,0x00,0x40,0xa0,0x40,0x00,0x00,0x00,0x00,0x00,0x00,0x00,0x00,
    0x00,0x00,0x00,0x00,0x80,0x40,0x80,0x00,0x00,0x00,0x00,0x00,0x00,0x00,0x00,0x00,0x00,0x00,0xfc,0xfe,0xff,0xff,0xfe,0xff,0xfd,0xe5,0xdd,0xdf,0x1f,0xff,0xff,0xff,
    0xff,0x3f,0x06,0x00,0x00,0x00,0x00,0x00,0x00,0x00,0x00,0x00,0x00,0x00,0x00,0x00,0x00,0x00,0x00,0x00,0x00,0x80,0xfc,0xfe,0xef,0xe7,0xbf,0xdf,0xbf,0xef,0xe7,0xfe,
    0xfc,0x80,0x00,0x00,0x00,0x00,0x00,0x00,0x00,0x00,0x00,0x40,0xa0,0x40,0x00,0x00,0x00,0x00,0x00,0x00,0x00,0x00,0x80,0x00,0x00,0x00,0x00,0x00,0xa0,0x50,0x20,0x00,
    0xf0,0xf8,0xf6,0xe0,0xf0,0xf0,0xb0,0xfc,0xf0,0xf4,0xfa,0xe4,0xef,0xe0,0xf0,0xf0,0xf8,0xf6,0xf0,0xf0,0xfc,0xf4,0xff,0xf2,0xf0,0xf0,0xfc,0xf0,0xf0,0xf0,0xf0,0xf2,
    0xfc,0xe0,0x70,0xf0,0xe4,0xff,0xfa,0xe6,0xe1,0xf0,0xe0,0xf0,0xfe,0xf0,0xe0,0xf0,0xf0,0xf4,0xfa,0xf7,0xb7,0xff,0xef,0xff,0xff,0xff,0xff,0xff,0xe4,0xf7,0xf7,0xef,
    0xf2,0xf0,0xf0,0xe0,0xfc,0xf0,0xf0,0xf0,0xf8,0xf4,0xf0,0xf0,0x78,0xf6,0xf1,0xf0,0xf0,0xfc,0xe0,0xf0,0xfe,0xff,0xff,0xff,0xff,0xff,0xff,0x7f,0xff,0xff,0xff,0xff,
    0xff,0xff,0xfe,0x70,0xf8,0xf6,0xfa,0xf4,0xf0,0xe0,0xfe,0xe4,0xff,0xf2,0xf0,0xf8,0xf6,0xf5,0xfa,0xf4,0xf8,0xf7,0xfe,0x73,0xe8,0xf6,0xf1,0xf6,0xff,0xf2,0xe0,0xe0
  },
  { // 37
    0x00,0x00,0x00,0x00,0x00,0x00,0x00,0x00,0x00,0x00,0x00,0x00,0x00,0x00,0x00,0x00,0x00,0x00,0x00,0x00,0x00,0x00,0x00,0x00,0x00,0x00,0x00,0x00,0x00,0x00,0x00,0x00,
    0x00,0x00,0x00,0x00,0x00,0x00,0x00,0x00,0x00,0x00,0x00,0x00,0x00,0x00,0x00,0x00,0x00,0x00,0x00,0x00,0x00,0x00,0x00,0x00,0x00,0x00,0x00,0x00,0x00,0x00,0x00,0x00,
    0x00,0x00,0x00,0x00,0x00,0x00,0x00,0x00,0x00,0x00,0x00,0x00,0x00,0x00,0x00,0x00,0x00,0x00,0x00,0x00,0x00,0x00,0x00,0x00,0x00,0x00,0x00,0x00,0x00,0x00,0x00,0x00,
    0x00,0x00,0x00,0x00,0x00,0x00,0x00,0x00,0x00,0x00,0x00,0x00,0x00,0x00,0x00,0x00,0x00,0x00,0x00,0x80,0xd0,0xe0,0x00,0xe0,0xd0,0x80,0x00,0x00,0x00,0x00,0x00,0x00,
    0x00,0x00,0x00,0x00,0x00,0x00,0x00,0x00,0x00,0x00,0x00,0x00,0x00,0x00,0x00,0x00,0x00,0x00,0x00,0x00,0x00,0x00,0x00,0x00,0x00,0x00,0x00,0x00,0x00,0x00,0x00,0x00,
    0x00,0x00,0x00,0x00,0x00,0x00,0x00,0x00,0x00,0x00,0x00,0x00,0x00,0x00,0x00,0x00,0x00,0x00,0x00,0x00,0x00,0x00,0x00,0x80,0x80,0xc0,0xc0,0xc0,0xc0,0xc0,0xc0,0xc0,
    0xc0,0x80,0x80,0x00,0x00,0x00,0x00,0x00,0x00,0x00,0x00,0x00,0x00,0x00,0x00,0x00,0x00,0x00,0x00,0x00,0x00,0x3e,0x41,0x81,0xfe,0x80,0x00,0x00,0x00,0x80,0xfe,0x81,
    0x41,0x3e,0x00,0x00,0x00,0x00,0x00,0x00,0x00,0x00,0x00,0x00,0x00,0x00,0x00,0x00,0x00,0x00,0x00,0x00,0x01,0x01,0x06,0x01,0x01,0x00,0x00,0x00,0x00,0x00,0x00,0x00,
    0x00,0x00,0x00,0x00,0x00,0x00,0x00,0x00,0x00,0x00,0x00,0x00,0x00,0x00,0x00,0x00,0x00,0x00,0x00,0x00,0x00,0x40,0xa0,0x40,0x00,0x00,0x00,0x00,0x00,0x00,0x00,0x00,
    0x00,0x00,0x00,0x00,0x80,0x40,0x80,0x00,0x00,0x00,0x00,0x00,0x00,0x00,0x00,0x00,0x00,0x00,0x00,0x00,0xfc,0xff,0xff,0xff,0xff,0xfe,0xfe,0xcd,0xd1,0xbf,0x3f,0xff,
    0xff,0xff,0xff,0x7f,0x1e,0x00,0x00,0x00,0x00,0x00,0x00,0x00,0x00,0x00,0x00,0x00,0x00,0x00,0x00,0x00,0x00,0x80,0xfc,0xfe,0xef,0xe7,0xbf,0xdf,0xbf,0xef,0xe7,0xfe,
    0xfc,0x80,0x00,0x00,0x00,0x00,0x00,0x00,0x00,0x00,0x00,0x40,0xa0,0x40,0x00,0x00,0x00,0x00,0x00,0x00,0x00,0x00,0x80,0x00,0x00,0x00,0x00,0x00,0xa0,0x50,0x20,0x00,
    0xf0,0xf8,0xf6,0xe0,0xf0,0xf0,0xb0,0xfc,0xf0,0xf4,0xfa,0xe4,0xef,0xe0,0xf0,0xf0,0xf8,0xf6,0xf0,0xf0,0xfc,0xf4,0xff,0xf2,0xf0,0xf0,0xfc,0xf0,0xf0,0xf0,0xf0,0xf2,
    0xfc,0xe0,0x70,0xf0,0xe4,0xff,0xfa,0xe6,0xe1,0xf0,0xe0,0xf0,0xfe,0xf0,0xe0,0xf0,0xf0,0xf4,0xfa,0xf4,0xb1,0xf3,0xe7,0xff,0xff,0xff,0xff,0xff,0xef,0xfc,0xf7,0xef,
    0xf3,0xf1,0xf0,0xe0,0xfc,0xf0,0xf0,0xf0,0xf8,0xf4,0xf0,0xf0,0x78,0xf6,0xf1,0xf0,0xf0,0xfc,0xe0,0xf0,0xfe,0xff,0xff,0xff,0xff,0xff,0xff,0x7f,0xff,0xff,0xff,0xff,
    0xff,0xff,0xfe,0x70,0xf8,0xf6,0xfa,0xf4,0xf0,0xe0,0xfe,0xe4,0xff,0xf2,0xf0,0xf8,0xf6,0xf5,0xfa,0xf4,0xf8,0xf7,0xfe,0x73,0xe8,0xf6,0xf1,0xf6,0xff,0xf2,0xe0,0xe0
  },
  { // 38
    0x00,0x00,0x00,0x00,0x00,0x00,0x00,0x00,0x00,0x00,0x00,0x00,0x00,0x00,0x00,0x00,0x00,0x00,0x00,0x00,0x00,0x00,0x00,0x00,0x00,0x00,0x00,0x00,0x00,0x00,0x00,0x00,
    0x00,0x00,0x00,0x00,0x00,0x00,0x00,0x00,0x00,0x00,0x00,0x00,0x00,0x00,0x00,0x00,0x00,0x00,0x00,0x00,0x00,0x00,0x00,0x00,0x00,0x00,0x00,0x00,0x00,0x00,0x00,0x00,
    0x00,0x00,0x00,0x00,0x00,0x00,0x00,0x00,0x00,0x00,0x00,0x00,0x00,0x00,0x00,0x00,0x00,0x00,0x00,0x00,0x00,0x00,0x00,0x00,0x00,0x00,0x00,0x00,0x00,0x00,0x00,0x00,
    0x00,0x00,0x00,0x00,0x00,0x00,0x00,0x00,0x00,0x00,0x00,0x00,0x00,0x00,0x00,0x00,0x00,0xc0,0x20,0xa0,0x50,0x20,0xc0,0x20,0x50,0xa0,0x20,0xc0,0x00,0x00,0x00,0x00,
    0x00,0x00,0x00,0x00,0x00,0x00,0x00,0x00,0x00,0x00,0x00,0x00,0x00,0x00,0x00,0x00,0x00,0x00,0x00,0x00,0x00,0x00,0x00,0x00,0x00,0x00,0x00,0x00,0x00,0x00,0x00,0x00,
    0x00,0x00,0x00,0x00,0x00,0x00,0x00,0x00,0x00,0x00,0x00,0x00,0x00,0x00,0x00,0x00,0x00,0x00,0x00,0x00,0x00,0x00,0x00,0x00,0x80,0x80,0x80,0xc0,0xc0,0xc0,0xc0,0xc0,
    0x80,0x80,0x80,0x00,0x00,0x00,0x00,0x00,0x00,0x00,0x00,0x00,0x00,0x00,0x00,0x00,0x00,0x00,0x00,0x00,0x00,0x3e,0x41,0x81,0xfe,0x80,0x00,0x00,0x00,0x80,0xfe,0x81,
    0x41,0x3e,0x00,0x00,0x00,0x00,0x00,0x00,0x00,0x00,0x00,0x00,0x00,0x00,0x00,0x00,0x00,0x01,0x02,0x0e,0x09,0x02,0x07,0x02,0x09,0x0e,0x02,0x01,0x00,0x00,0x00,0x00,
    0x00,0x00,0x00,0x00,0x00,0x00,0x00,0x00,0x00,0x00,0x00,0x00,0x00,0x00,0x00,0x00,0x00,0x00,0x00,0x00,0x00,0x40,0xa0,0x40,0x00,0x00,0x00,0x00,0x00,0x00,0x00,0x00,
    0x00,0x00,0x00,0x00,0x80,0x40,0x80,0x00,0x00,0x00,0x00,0x00,0x00,0x00,0x00,0x00,0x00,0x00,0x00,0x00,0x00,0x00,0xfc,0xff,0xff,0xff,0xff,0xff,0xfe,0xcc,0xb5,0x7b,
    0x7f,0xff,0xff,0xff,0xff,0xfe,0x7c,0x00,0x00,0x00,0x00,0x00,0x00,0x00,0x00,0x00,0x00,0x00,0x00,0x00,0x00,0x80,0xfc,0xfe,0xef,0xe7,0xbf,0xdf,0xbf,0xef,0xe7,0xfe,
    0xfc,0x80,0x00,0x00,0x00,0x00,0x00,0x00,0x00,0x00,0x00,0x40,0xa0,0x40,0x00,0x00,0x00,0x00,0x00,0x00,0x00,0x00,0x80,0x00,0x00,0x00,0x00,0x00,0xa0,0x50,0x20,0x00,
    0xf0,0xf8,0xf6,0xe0,0xf0,0xf0,0xb0,0xfc,0xf0,0xf4,0xfa,0xe4,0xef,0xe0,0xf0,0xf0,0xf8,0xf6,0xf0,0xf0,0xfc,0xf4,0xff,0xf2,0xf0,0xf0,0xfc,0xf0,0xf0,0xf0,0xf0,0xf2,
    0xfc,0xe0,0x70,0xf0,0xe4,0xff,0xfa,0xe6,0xe1,0xf0,0xe0,0xf0,0xfe,0xf0,0xe0,0xf0,0xf0,0xf4,0xfa,0xf4,0xb0,0xf0,0xe1,0xfb,0xf7,0xff,0xff,0xff,0xef,0xfb,0xf9,0xee,
    0xff,0xf7,0xf7,0xe3,0xfd,0xf1,0xf0,0xf0,0xf8,0xf4,0xf0,0xf0,0x78,0xf6,0xf1,0xf0,0xf0,0xfc,0xe0,0xf0,0xfe,0xff,0xff,0xff,0xff,0xff,0xff,0x7f,0xff,0xff,0xff,0xff,
    0xff,0xff,0xfe,0x70,0xf8,0xf6,0xfa,0xf4,0xf0,0xe0,0xfe,0xe4,0xff,0xf2,0xf0,0xf8,0xf6,0xf5,0xfa,0xf4,0xf8,0xf7,0xfe,0x73,0xe8,0xf6,0xf1,0xf6,0xff,0xf2,0xe0,0xe0
  },
  { // 39
    0x00,0x00,0x00,0x00,0x00,0x00,0x00,0x00,0x00,0x00,0x00,0x00,0x00,0x00,0x00,0x00,0x00,0x00,0x00,0x00,0x00,0x00,0x00,0x00,0x00,0x00,0x00,0x00,0x00,0x00,0x00,0x00,
    0x00,0x00,0x00,0x00,0x00,0x00,0x00,0x00,0x00,0x00,0x00,0x00,0x00,0x00,0x00,0x00,0x00,0x00,0x00,0x00,0x00,0x00,0x00,0x00,0x00,0x00,0x00,0x00,0x00,0x00,0x00,0x00,
    0x00,0x00,0x00,0x00,0x00,0x00,0x00,0x00,0x00,0x00,0x00,0x00,0x00,0x00,0x00,0x00,0x00,0x00,0x00,0x00,0x00,0x00,0x00,0x00,0x00,0x00,0x00,0x00,0x00,0x00,0x00,0x00,
    0x00,0x00,0x00,0x00,0x00,0x00,0x00,0x00,0x00,0x00,0x00,0x00,0x00,0x00,0x00,0x00,0xc0,0x20,0xa0,0x50,0x20,0xc0,0x20,0x50,0xa0,0x20,0xc0,0x00,0x00,0x00,0x00,0x00,
    0x00,0x00,0x00,0x00,0x00,0x00,0x00,0x00,0x00,0x00,0x00,0x00,0x00,0x00,0x00,0x00,0x00,0x00,0x00,0x00,0x00,0x00,0x00,0x00,0x00,0x00,0x00,0x00,0x00,0x00,0x00,0x00,
    0x00,0x00,0x00,0x00,0x00,0x00,0x00,0x00,0x00,0x00,0x00,0x00,0x00,0x00,0x00,0x00,0x00,0x00,0x00,0x00,0x00,0x00,0x00,0x00,0x00,0x00,0x80,0x80,0xc0,0xc0,0xc0,0xc0,
    0xc0,0x80,0x80,0x80,0x00,0x00,0x00,0x00,0x00,0x00,0x00,0x00,0x00,0x00,0x00,0x00,0x00,0x00,0x00,0x00,0x00,0x3e,0x41,0x81,0xfe,0x80,0x00,0x00,0x00,0x80,0xfe,0x81,
    0x41,0x3e,0x00,0x00,0x00,0x00,0x00,0x00,0x00,0x00,0x00,0x00,0x00,0x00,0x00,0x00,0x01,0x02,0x0e,0x09,0x02,0x07,0x02,0x09,0x0e,0x02,0x01,0x00,0x00,0x00,0x00,0x00,
    0x00,0x00,0x00,0x00,0x00,0x00,0x00,0x00,0x00,0x00,0x00,0x00,0x00,0x00,0x00,0x00,0x00,0x00,0x00,0x00,0x00,0x40,0xa0,0x40,0x00,0x00,0x00,0x00,0x00,0x00,0x00,0x00,
    0x00,0x00,0x00,0x00,0x80,0x40,0x80,0x00,0x00,0x00,0x00,0x00,0x00,0x00,0x00,0x00,0x00,0x00,0x00,0x00,0x00,0x00,0x00,0x00,0xfc,0xff,0xff,0xff,0xff,0xff,0xff,0xde,
    0x2c,0xf3,0xf7,0xff,0xff,0xfe,0xfe,0xfc,0xf0,0x00,0x00,0x00,0x00,0x00,0x00,0x00,0x00,0x00,0x00,0x00,0x00,0x80,0xfc,0xfe,0xef,0xe7,0xbf,0xdf,0xbf,0xef,0xe7,0xfe,
    0xfc,0x80,0x00,0x00,0x00,0x00,0x00,0x00,0x00,0x00,0x00,0x40,0xa0,0x40,0x00,0x00,0x00,0x00,0x00,0x00,0x00,0x00,0x80,0x00,0x00,0x00,0x00,0x00,0xa0,0x50,0x20,0x00,
    0xf0,0xf8,0xf6,0xe0,0xf0,0xf0,0xb0,0xfc,0xf0,0xf4,0xfa,0xe4,0xef,0xe0,0xf0,0xf0,0xf8,0xf6,0xf0,0xf0,0xfc,0xf4,0xff,0xf2,0xf0,0xf0,0xfc,0xf0,0xf0,0xf0,0xf0,0xf2,
    0xfc,0xe0,0x70,0xf0,0xe4,0xff,0xfa,0xe6,0xe1,0xf0,0xe0,0xf0,0xfe,0xf0,0xe0,0xf0,0xf0,0xf4,0xfa,0xf4,0xb0,0xf0,0xe0,0xf8,0xf5,0xf3,0xf7,0xff,0xef,0xff,0xfb,0xed,
    0xfe,0xfe,0xff,0xef,0xff,0xf7,0xf7,0xf3,0xf9,0xf4,0xf0,0xf0,0x78,0xf6,0xf1,0xf0,0xf0,0xfc,0xe0,0xf0,0xfe,0xff,0xff,0xff,0xff,0xff,0xff,0x7f,0xff,0xff,0xff,0xff,
    0xff,0xff,0xfe,0x70,0xf8,0xf6,0xfa,0xf4,0xf0,0xe0,0xfe,0xe4,0xff,0xf2,0xf0,0xf8,0xf6,0xf5,0xfa,0xf4,0xf8,0xf7,0xfe,0x73,0xe8,0xf6,0xf1,0xf6,0xff,0xf2,0xe0,0xe0
  },
  { // 40
    0x00,0x00,0x00,0x00,0x00,0x00,0x00,0x00,0x00,0x00,0x00,0x00,0x00,0x00,0x00,0x00,0x00,0x00,0x00,0x00,0x00,0x00,0x00,0x00,0x00,0x00,0x00,0x00,0x00,0x00,0x00,0x00,
    0x00,0x00,0x00,0x00,0x00,0x00,0x00,0x00,0x00,0x00,0x00,0x00,0x00,0x00,0x00,0x00,0x00,0x00,0x00,0x00,0x00,0x00,0x00,0x00,0x00,0x00,0x00,0x00,0x00,0x00,0x00,0x00,
    0x00,0x00,0x00,0x00,0x00,0x00,0x00,0x00,0x00,0x00,0x00,0x00,0x00,0x00,0x00,0x00,0x00,0x00,0x00,0x00,0x00,0x00,0x00,0x00,0x00,0x00,0x00,0x00,0x00,0x00,0x00,0x00,
    0x00,0x00,0x00,0x00,0x00,0x00,0x00,0x00,0x00,0x00,0x00,0x00,0x00,0x00,0x00,0x00,0x80,0x40,0x40,0xa0,0x40,0x80,0x40,0xa0,0x40,0x40,0x80,0x00,0x00,0x00,0x00,0x00,
    0x00,0x00,0x00,0x00,0x00,0x00,0x00,0x00,0x00,0x00,0x00,0x00,0x00,0x00,0x00,0x00,0x00,0x00,0x00,0x00,0x00,0x00,0x00,0x00,0x00,0x00,0x00,0x00,0x00,0x00,0x00,0x00,
    0x00,0x00,0x00,0x00,0x00,0x00,0x00,0x00,0x00,0x00,0x00,0x00,0x00,0x00,0x00,0x00,0x00,0x00,0x00,0x00,0x00,0x00,0x00,0x00,0x00,0x00,0x00,0x00,0x80,0x80,0xc0,0xc0,
    0xc0,0xc0,0xc0,0xc0,0x80,0x80,0x00,0x00,0x00,0x00,0x00,0x00,0x00,0x00,0x00,0x00,0x00,0x00,0x00,0x00,0x00,0x3e,0x41,0x81,0xfe,0x80,0x00,0x00,0x00,0x80,0xfe,0x81,
    0x41,0x3e,0x00,0x00,0x00,0x00,0x00,0x00,0x00,0x00,0x00,0x00,0x00,0x00,0x00,0x00,0x03,0x04,0x1d,0x12,0x04,0x0f,0x04,0x12,0x1d,0x04,0x03,0x00,0x00,0x00,0x00,0x00,
    0x00,0x00,0x00,0x00,0x00,0x00,0x00,0x00,0x00,0x00,0x00,0x00,0x00,0x00,0x00,0x00,0x00,0x00,0x00,0x00,0x00,0x40,0xa0,0x40,0x00,0x00,0x00,0x00,0x00,0x00,0x00,0x00,
    0x00,0x00,0x00,0x00,0x80,0x40,0x80,0x00,0x00,0x00,0x00,0x00,0x00,0x00,0x00,0x00,0x00,0x00,0x00,0x00,0x00,0x00,0x00,0x00,0x00,0x00,0xfc,0xff,0xff,0xff,0xff,0xff,
    0xff,0x9f,0x6f,0xec,0xf3,0xff,0xff,0xfe,0xfc,0xf8,0xe0,0x00,0x00,0x00,0x00,0x00,0x00,0x00,0x00,0x00,0x00,0x80,0xfc,0xfe,0xef,0xe7,0xbf,0xdf,0xbf,0xef,0xe7,0xfe,
    0xfc,0x80,0x00,0x00,0x00,0x00,0x00,0x00,0x00,0x00,0x00,0x40,0xa0,0x40,0x00,0x00,0x00,0x00,0x00,0x00,0x00,0x00,0x80,0x00,0x00,0x00,0x00,0x00,0xa0,0x50,0x20,0x00,
    0xf0,0xf8,0xf6,0xe0,0xf0,0xf0,0xb0,0xfc,0xf0,0xf4,0xfa,0xe4,0xef,0xe0,0xf0,0xf0,0xf8,0xf6,0xf0,0xf0,0xfc,0xf4,0xff,0xf2,0xf0,0xf0,0xfc,0xf0,0xf0,0xf0,0xf0,0xf2,
    0xfc,0xe0,0x70,0xf0,0xe4,0xff,0xfa,0xe7,0xe0,0xf0,0xe0,0xf0,0xfe,0xf0,0xe0,0xf0,0xf0,0xf4,0xfa,0xf4,0xb0,0xf0,0xe0,0xf8,0xf4,0xf0,0xf1,0xff,0xe7,0xf7,0xff,0xed,
    0xfd,0xfe,0xfe,0xef,0xff,0xff,0xff,0xff,0xff,0xf7,0xf3,0xf0,0x78,0xf7,0xf0,0xf0,0xf0,0xfc,0xe0,0xf0,0xfe,0xff,0xff,0xff,0xff,0xff,0xff,0x7f,0xff,0xff,0xff,0xff,
    0xff,0xff,0xfe,0x70,0xf8,0xf6,0xfa,0xf4,0xf0,0xe0,0xfe,0xe4,0xff,0xf2,0xf0,0xf8,0xf7,0xf4,0xfa,0xf4,0xf8,0xf7,0xfe,0x73,0xe8,0xf7,0xf0,0xf6,0xff,0xf2,0xe0,0xe0
  },
  { // 41
    0x00,0x00,0x00,0x00,0x00,0x00,0x00,0x00,0x00,0x00,0x00,0x00,0x00,0x00,0x00,0x00,0x00,0x00,0x00,0x00,0x00,0x00,0x00,0x00,0x00,0x00,0x00,0x00,0x00,0x00,0x00,0x00,
    0x00,0x00,0x00,0x00,0x00,0x00,0x00,0x00,0x00,0x00,0x00,0x00,0x00,0x00,0x00,0x00,0x00,0x00,0x00,0x00,0x00,0x00,0x00,0x00,0x00,0x00,0x00,0x00,0x00,0x00,0x00,0x00,
    0x00,0x00,0x00,0x00,0x00,0x00,0x00,0x00,0x00,0x00,0x00,0x00,0x00,0x00,0x00,0x00,0x00,0x00,0x00,0x00,0x00,0x00,0x00,0x00,0x00,0x00,0x00,0x00,0x00,0x00,0x00,0x00,
    0x00,0x00,0x00,0x00,0x00,0x00,0x00,0x00,0x00,0x00,0x00,0x00,0x00,0x00,0x00,0x00,0x80,0x40,0x40,0xa0,0x40,0x80,0x40,0xa0,0x40,0x40,0x80,0x00,0x00,0x00,0x00,0x00,
    0x00,0x00,0x00,0x00,0x00,0x00,0x00,0x00,0x00,0x00,0x00,0x00,0x00,0x00,0x00,0x00,0x00,0x00,0x00,0x00,0x00,0x00,0x00,0x00,0x00,0x00,0x00,0x00,0x00,0x00,0x00,0x00,
    0x00,0x00,0x00,0x00,0x00,0x00,0x00,0x00,0x00,0x00,0x00,0x00,0x00,0x00,0x00,0x00,0x00,0x00,0x00,0x00,0x00,0x00,0x00,0x00,0x00,0x00,0x00,0x00,0x00,0x00,0x80,0xc0,
    0xe0,0xe0,0xe0,0xe0,0xe0,0xe0,0xc0,0x80,0x80,0x00,0x00,0x00,0x00,0x00,0x00,0x00,0x00,0x00,0x00,0x00,0x00,0x3e,0x41,0x81,0xfe,0x80,0x00,0x00,0x00,0x80,0xfe,0x81,
    0x41,0x3e,0x00,0x00,0x00,0x00,0x00,0x00,0x00,0x00,0x00,0x00,0x00,0x00,0x00,0x00,0x03,0x04,0x1d,0x12,0x04,0x0f,0x04,0x12,0x1d,0x04,0x03,0x00,0x00,0x00,0x00,0x00,
    0x00,0x00,0x00,0x00,0x00,0x00,0x00,0x00,0x00,0x00,0x00,0x00,0x00,0x00,0x00,0x00,0x00,0x00,0x00,0x00,0x00,0x40,0xa0,0x40,0x00,0x00,0x00,0x00,0x00,0x00,0x00,0x00,
    0x00,0x00,0x00,0x00,0x80,0x40,0x80,0x00,0x00,0x00,0x00,0x00,0x00,0x00,0x00,0x00,0x00,0x00,0x00,0x00,0x00,0x00,0x00,0x00,0x00,0x00,0x00,0x00,0x7e,0xff,0xff,0xff,
    0xff,0xff,0xff,0x8f,0xef,0xef,0xe8,0xff,0xff,0xfe,0xfc,0xf0,0x00,0x00,0x00,0x00,0x00,0x00,0x00,0x00,0x00,0x80,0xfc,0xfe,0xef,0xe7,0xbf,0xdf,0xbf,0xef,0xe7,0xfe,
    0xfc,0x80,0x00,0x00,0x00,0x00,0x00,0x00,0x00,0x00,0x00,0x40,0xa0,0x40,0x00,0x00,0x00,0x00,0x00,0x00,0x00,0x00,0x80,0x00,0x00,0x00,0x00,0x00,0xa0,0x50,0x20,0x00,
    0xf0,0xf8,0xf6,0xe0,0xf0,0xf0,0xb0,0xfc,0xf0,0xf4,0xfa,0xe4,0xef,0xe0,0xf0,0xf0,0xf8,0xf6,0xf0,0xf0,0xfc,0xf4,0xff,0xf2,0xf0,0xf0,0xfc,0xf0,0xf0,0xf0,0xf0,0xf2,
    0xfc,0xe0,0x70,0xf0,0xe4,0xff,0xfa,0xe7,0xe0,0xf0,0xe0,0xf0,0xfe,0xf0,0xe0,0xf0,0xf0,0xf4,0xfa,0xf4,0xb0,0xf0,0xe0,0xf8,0xf4,0xf0,0xf0,0xfe,0xe0,0xf1,0xf7,0xef,
    0xf6,0xf6,0xfe,0xee,0xff,0xff,0xff,0xff,0xff,0xff,0xff,0xf7,0x78,0xf7,0xf0,0xf0,0xf0,0xfc,0xe0,0xf0,0xfe,0xff,0xff,0xff,0xff,0xff,0xff,0x7f,0xff,0xff,0xff,0xff,
    0xff,0xff,0xfe,0x70,0xf8,0xf6,0xfa,0xf4,0xf0,0xe0,0xfe,0xe4,0xff,0xf2,0xf0,0xf8,0xf7,0xf4,0xfa,0xf4,0xf8,0xf7,0xfe,0x73,0xe8,0xf7,0xf0,0xf6,0xff,0xf2,0xe0,0xe0
  },
  { // 42
    0x00,0x00,0x00,0x00,0x00,0x00,0x00,0x00,0x00,0x00,0x00,0x00,0x00,0x00,0x00,0x00,0x00,0x00,0x00,0x00,0x00,0x00,0x00,0x00,0x00,0x00,0x00,0x00,0x00,0x00,0x00,0x00,
    0x00,0x00,0x00,0x00,0x00,0x00,0x00,0x00,0x00,0x00,0x00,0x00,0x00,0x00,0x00,0x00,0x00,0x00,0x00,0x00,0x00,0x00,0x00,0x00,0x00,0x00,0x00,0x00,0x00,0x00,0x00,0x00,
    0x00,0x00,0x00,0x00,0x00,0x00,0x00,0x00,0x00,0x00,0x00,0x00,0x00,0x00,0x00,0x00,0x00,0x00,0x00,0x00,0x00,0x00,0x00,0x00,0x00,0x00,0x00,0x00,0x00,0x00,0x00,0x00,
    0x00,0x00,0x00,0x00,0x00,0x00,0x00,0x00,0x00,0x00,0x00,0x00,0x00,0x00,0x00,0x00,0x00,0x00,0x40,0x80,0x00,0x80,0x40,0x00,0x00,0x00,0x00,0x00,0x00,0x00,0x00,0x00,
    0x00,0x00,0x00,0x00,0x00,0x00,0x00,0x00,0x00,0x00,0x00,0x00,0x00,0x00,0x00,0x00,0x00,0x00,0x00,0x00,0x00,0x00,0x00,0x00,0x00,0x00,0x00,0x00,0x00,0x00,0x00,0x00,
    0x00,0x00,0x00,0x00,0x00,0x00,0x00,0x00,0x00,0x00,0x00,0x00,0x00,0x00,0x00,0x00,0x00,0x00,0x00,0x00,0x00,0x00,0x00,0x00,0x00,0x00,0x00,0x00,0x00,0x00,0x00,0x80,
    0xc0,0xe0,0xe0,0xf0,0xf0,0xf0,0xf0,0xf0,0xe0,0xe0,0xc0,0x80,0x00,0x00,0x00,0x00,0x00,0x00,0x00,0x00,0x00,0x3e,0x41,0x81,0xfe,0x80,0x00,0x00,0x00,0x80,0xfe,0x81,
    0x41,0x3e,0x00,0x00,0x00,0x00,0x00,0x00,0x00,0x00,0x00,0x00,0x00,0x00,0x00,0x00,0x00,0x02,0x07,0x07,0x18,0x07,0x07,0x02,0x00,0x00,0x00,0x00,0x00,0x00,0x00,0x00,
    0x00,0x00,0x00,0x00,0x00,0x00,0x00,0x00,0x00,0x00,0x00,0x00,0x00,0x00,0x00,0x00,0x00,0x00,0x00,0x00,0x00,0x40,0xa0,0x40,0x00,0x00,0x00,0x00,0x00,0x00,0x00,0x00,
    0x00,0x00,0x00,0x00,0x80,0x40,0x80,0x00,0x00,0x00,0x00,0x00,0x00,0x00,0x00,0x00,0x00,0x00,0x00,0x00,0x00,0x00,0x00,0x00,0x00,0x00,0x00,0x00,0x00,0x20,0x5e,0xff,
    0xff,0xbf,0xbf,0xff,0xff,0x07,0xf7,0xf7,0xff,0xe0,0xff,0xff,0xfe,0xf0,0x00,0x00,0x00,0x00,0x00,0x00,0x00,0x80,0xfc,0xfe,0xef,0xe7,0xbf,0xdf,0xbf,0xef,0xe7,0xfe,
    0xfc,0x80,0x00,0x00,0x00,0x00,0x00,0x00,0x00,0x00,0x00,0x40,0xa0,0x40,0x00,0x00,0x00,0x00,0x00,0x00,0x00,0x00,0x80,0x00,0x00,0x00,0x00,0x00,0xa0,0x50,0x20,0x00,
    0xf0,0xf8,0xf6,0xe0,0xf0,0xf0,0xb0,0xfc,0xf0,0xf4,0xfa,0xe4,0xef,0xe0,0xf0,0xf0,0xf8,0xf6,0xf0,0xf0,0xfc,0xf4,0xff,0xf2,0xf0,0xf0,0xfc,0xf0,0xf0,0xf0,0xf0,0xf6,
    0xf8,0xe0,0x70,0xf0,0xe4,0xff,0xfa,0xe7,0xe0,0xf0,0xe0,0xf0,0xfe,0xf0,0xe0,0xf0,0xf0,0xf4,0xfa,0xf4,0xb0,0xf0,0xe0,0xf8,0xf4,0xf0,0xf0,0xfe,0xe0,0xf0,0xf4,0xef,
    0xf2,0xf1,0xf3,0xe7,0xff,0xff,0xff,0xff,0xff,0xff,0xff,0xff,0x7f,0xf7,0xf0,0xf0,0xf4,0xf8,0xe0,0xf0,0xfe,0xff,0xff,0xff,0xff,0xff,0xff,0x7f,0xff,0xff,0xff,0xff,
    0xff,0xff,0xfe,0x70,0xf8,0xf6,0xfa,0xf4,0xf0,0xe0,0xfe,0xe4,0xff,0xf2,0xf0,0xf8,0xf7,0xf4,0xfa,0xf4,0xf8,0xf7,0xfe,0x73,0xe8,0xf7,0xf0,0xf6,0xff,0xf2,0xe0,0xe0
  },
  { // 43
    0x00,0x00,0x00,0x00,0x00,0x00,0x00,0x00,0x00,0x00,0x00,0x00,0x00,0x00,0x00,0x00,0x00,0x00,0x00,0x00,0x00,0x00,0x00,0x00,0x00,0x00,0x00,0x00,0x00,0x00,0x00,0x00,
    0x00,0x00,0x00,0x00,0x00,0x00,0x00,0x00,0x00,0x00,0x00,0x00,0x00,0x00,0x00,0x00,0x00,0x00,0x00,0x00,0x00,0x00,0x00,0x00,0x00,0x00,0x00,0x00,0x00,0x00,0x00,0x00,
    0x00,0x00,0x00,0x00,0x00,0x00,0x00,0x00,0x00,0x00,0x00,0x00,0x00,0x00,0x00,0x00,0x00,0x00,0x00,0x00,0x00,0x00,0x00,0x00,0x00,0x00,0x00,0x00,0x00,0x00,0x00,0x00,
    0x00,0x00,0x00,0x00,0x00,0x00,0x00,0x00,0x00,0x00,0x00,0x00,0x00,0x00,0x00,0x00,0x00,0x00,0x40,0x80,0x00,0x80,0x40,0x00,0x00,0x00,0x00,0x00,0x00,0x00,0x00,0x00,
    0x00,0x00,0x00,0x00,0x00,0x00,0x00,0x00,0x00,0x00,0x00,0x00,0x00,0x00,0x00,0x00,0x00,0x00,0x00,0x00,0x00,0x00,0x00,0x00,0x00,0x00,0x00,0x00,0x00,0x00,0x00,0x00,
    0x00,0x00,0x00,0x00,0x00,0x00,0x00,0x00,0x00,0x00,0x00,0x00,0x00,0x00,0x00,0x00,0x00,0x00,0x00,0x00,0x00,0x00,0x00,0x00,0x00,0x00,0x00,0x00,0x00,0x00,0x00,0x00,
    0x00,0x80,0xe0,0xe0,0xf0,0xf0,0xf8,0xf8,0xf8,0xf8,0xf0,0xf0,0xe0,0xc0,0x00,0x00,0x00,0x00,0x00,0x00,0x00,0x3e,0x41,0x81,0xfe,0x80,0x00,0x00,0x00,0x80,0xfe,0x81,
    0x41,0x3e,0x00,0x00,0x00,0x00,0x00,0x00,0x00,0x00,0x00,0x00,0x00,0x00,0x00,0x00,0x00,0x02,0x07,0x07,0x18,0x07,0x07,0x02,0x00,0x00,0x00,0x00,0x00,0x00,0x00,0x00,
    0x00,0x00,0x00,0x00,0x00,0x00,0x00,0x00,0x00,0x00,0x00,0x00,0x00,0x00,0x00,0x00,0x00,0x00,0x00,0x00,0x00,0x40,0xa0,0x40,0x00,0x00,0x00,0x00,0x00,0x00,0x00,0x00,
    0x00,0x00,0x00,0x00,0x80,0x40,0x80,0x00,0x00,0x00,0x00,0x00,0x00,0x00,0x00,0x00,0x00,0x00,0x00,0x00,0x00,0x00,0x00,0x00,0x00,0x00,0x00,0x00,0x00,0x20,0x50,0xa0,
    0x00,0x3f,0x7f,0xcf,0xdf,0xdf,0xbf,0xe7,0xff,0xf7,0xf7,0xe3,0xfc,0xff,0xff,0x00,0x00,0x00,0x00,0x00,0x00,0x80,0xfc,0xfe,0xef,0xe7,0xbf,0xdf,0xbf,0xef,0xe7,0xfe,
    0xfc,0x80,0x00,0x00,0x00,0x00,0x00,0x00,0x00,0x00,0x00,0x40,0xa0,0x40,0x00,0x00,0x00,0x00,0x00,0x00,0x00,0x00,0x80,0x00,0x00,0x00,0x00,0x00,0xa0,0x50,0x20,0x00,
    0xf0,0xf8,0xf6,0xe0,0xf0,0xf0,0xb0,0xfc,0xf0,0xf4,0xfa,0xe4,0xef,0xe0,0xf0,0xf0,0xf8,0xf6,0xf0,0xf0,0xfc,0xf4,0xff,0xf2,0xf0,0xf0,0xfc,0xf0,0xf0,0xf0,0xf0,0xf6,
    0xf8,0xe0,0x70,0xf0,0xe4,0xff,0xfa,0xe7,0xe0,0xf0,0xe0,0xf0,0xfe,0xf0,0xe0,0xf0,0xf0,0xf4,0xfa,0xf4,0xb0,0xf0,0xe0,0xf8,0xf4,0xf0,0xf0,0xfe,0xe0,0xf0,0xf4,0xef,
    0xf2,0xf0,0xf0,0xe5,0xfb,0xf3,0xf7,0xff,0xff,0xff,0xff,0xff,0x7f,0xf7,0xf3,0xf0,0xf4,0xf8,0xe0,0xf0,0xfe,0xff,0xff,0xff,0xff,0xff,0xff,0x7f,0xff,0xff,0xff,0xff,
    0xff,0xff,0xfe,0x70,0xf8,0xf6,0xfa,0xf4,0xf0,0xe0,0xfe,0xe4,0xff,0xf2,0xf0,0xf8,0xf7,0xf4,0xfa,0xf4,0xf8,0xf7,0xfe,0x73,0xe8,0xf7,0xf0,0xf6,0xff,0xf2,0xe0,0xe0
  },
  { // 44
    0x00,0x00,0x00,0x00,0x00,0x00,0x00,0x00,0x00,0x00,0x00,0x00,0x00,0x00,0x00,0x00,0x00,0x00,0x00,0x00,0x00,0x00,0x00,0x00,0x00,0x00,0x00,0x00,0x00,0x00,0x00,0x00,
    0x00,0x00,0x00,0x00,0x00,0x00,0x00,0x00,0x00,0x00,0x00,0x00,0x00,0x00,0x00,0x00,0x00,0x00,0x00,0x00,0x00,0x00,0x00,0x00,0x00,0x00,0x00,0x00,0x00,0x00,0x00,0x00,
    0x00,0x00,0x00,0x00,0x00,0x00,0x00,0x00,0x00,0x00,0x00,0x00,0x00,0x00,0x00,0x00,0x00,0x00,0x00,0x00,0x00,0x00,0x00,0x00,0x00,0x00,0x00,0x00,0x00,0x00,0x00,0x00,
    0x00,0x00,0x00,0x00,0x00,0x00,0x00,0x00,0x00,0x00,0x00,0x00,0x00,0x00,0x00,0x00,0x00,0x40,0x80,0x00,0x80,0x40,0x00,0x00,0x00,0x00,0x00,0x00,0x00,0x00,0x00,0x00,
    0x00,0x00,0x00,0x00,0x00,0x00,0x00,0x00,0x00,0x00,0x00,0x00,0x00,0x00,0x00,0x00,0x00,0x00,0x00,0x00,0x00,0x00,0x00,0x00,0x00,0x00,0x00,0x00,0x00,0x00,0x00,0x00,
    0x00,0x00,0x00,0x00,0x00,0x00,0x00,0x00,0x00,0x00,0x00,0x00,0x00,0x00,0x00,0x00,0x00,0x00,0x00,0x00,0x00,0x00,0x00,0x00,0x00,0x00,0x00,0x00,0x00,0x00,0x00,0x00,
    0x00,0x00,0x00,0x80,0xe0,0xf0,0xf0,0xf8,0xf8,0xf8,0xf8,0xf8,0xf8,0xf8,0xf0,0xe0,0xc0,0x00,0x00,0x00,0x00,0x3e,0x41,0x81,0xfe,0x80,0x00,0x00,0x00,0x80,0xfe,0x81,
    0x41,0x3e,0x00,0x00,0x00,0x00,0x00,0x00,0x00,0x00,0x00,0x00,0x00,0x00,0x00,0x00,0x02,0x07,0x07,0x18,0x07,0x07,0x02,0x00,0x00,0x00,0x00,0x00,0x00,0x00,0x00,0x00,
    0x00,0x00,0x00,0x00,0x00,0x00,0x00,0x00,0x00,0x00,0x00,0x00,0x00,0x00,0x00,0x00,0x00,0x00,0x00,0x00,0x00,0x40,0xa0,0x40,0x00,0x00,0x00,0x00,0x00,0x00,0x00,0x00,
    0x00,0x00,0x00,0x00,0x80,0x40,0x80,0x00,0x00,0x00,0x00,0x00,0x00,0x00,0x00,0x00,0x00,0x00,0x00,0x00,0x00,0x00,0x00,0x00,0x00,0x00,0x00,0x00,0x00,0x20,0x50,0xa0,
    0x00,0x00,0x00,0x1f,0x7f,0xf7,0xef,0xef,0xcf,0xf7,0xfb,0xf7,0xf7,0xe7,0xfb,0xfd,0xff,0x00,0x00,0x00,0x00,0x80,0xfc,0xfe,0xef,0xe7,0xbf,0xdf,0xbf,0xef,0xe7,0xfe,
    0xfc,0x80,0x00,0x00,0x00,0x00,0x00,0x00,0x00,0x00,0x00,0x40,0xa0,0x40,0x00,0x00,0x00,0x00,0x00,0x00,0x00,0x00,0x80,0x00,0x00,0x00,0x00,0x00,0xa0,0x50,0x20,0x00,
    0xf0,0xf8,0xf6,0xe0,0xf0,0xf0,0xb0,0xfc,0xf0,0xf4,0xfa,0xe4,0xef,0xe0,0xf0,0xf0,0xf8,0xf6,0xf0,0xf0,0xfc,0xf4,0xff,0xf2,0xf0,0xf0,0xfc,0xf0,0xf0,0xf0,0xf0,0xf6,
    0xf8,0xe0,0x70,0xf0,0xe4,0xff,0xfa,0xe7,0xe0,0xf0,0xe0,0xf0,0xfe,0xf0,0xe0,0xf0,0xf0,0xf4,0xfa,0xf4,0xb0,0xf0,0xe0,0xf8,0xf4,0xf0,0xf0,0xfe,0xe0,0xf0,0xf4,0xef,
    0xf2,0xf0,0xf0,0xe4,0xf8,0xf0,0xf3,0xf7,0xff,0xff,0xff,0xff,0x7f,0xff,0xf7,0xf3,0xf4,0xf8,0xe0,0xf0,0xfe,0xff,0xff,0xff,0xff,0xff,0xff,0x7f,0xff,0xff,0xff,0xff,
    0xff,0xff,0xfe,0x70,0xf8,0xf6,0xfa,0xf4,0xf0,0xe0,0xfe,0xe4,0xff,0xf2,0xf0,0xf8,0xf7,0xf4,0xfa,0xf4,0xf8,0xf7,0xfe,0x73,0xe8,0xf7,0xf0,0xf6,0xff,0xf2,0xe0,0xe0
  },
  { // 45
    0x00,0x00,0x00,0x00,0x00,0x00,0x00,0x00,0x00,0x00,0x00,0x00,0x00,0x00,0x00,0x00,0x00,0x00,0x00,0x00,0x00,0x00,0x00,0x00,0x00,0x00,0x00,0x00,0x00,0x00,0x00,0x00,
    0x00,0x00,0x00,0x00,0x00,0x00,0x00,0x00,0x00,0x00,0x00,0x00,0x00,0x00,0x00,0x00,0x00,0x00,0x00,0x00,0x00,0x00,0x00,0x00,0x00,0x00,0x00,0x00,0x00,0x00,0x00,0x00,
    0x00,0x00,0x00,0x00,0x00,0x00,0x00,0x00,0x00,0x00,0x00,0x00,0x00,0x00,0x00,0x00,0x20,0xc0,0x00,0x00,0x20,0xe0,0x58,0x80,0x00,0x00,0x00,0x00,0x00,0x80,0x40,0xc0,
    0x20,0x00,0x00,0x00,0x00,0x00,0x00,0x00,0x00,0x00,0x00,0x00,0x00,0x00,0x00,0x00,0x00,0x80,0x00,0x00,0x00,0x80,0x00,0x00,0x00,0x00,0x00,0x00,0x00,0x00,0x00,0x00,
    0x00,0x00,0x00,0x00,0x00,0x00,0x00,0x00,0x00,0x00,0x00,0x00,0x00,0x00,0x00,0x00,0x00,0x00,0x00,0x00,0x00,0x00,0x00,0x00,0x00,0x00,0x00,0x00,0x00,0x00,0x00,0x00,
    0x00,0x00,0x00,0x00,0x00,0x00,0x00,0x00,0x00,0x00,0x00,0x00,0x00,0x00,0x00,0x00,0x00,0x00,0x00,0x00,0x00,0x00,0x00,0x00,0x00,0x00,0x00,0x00,0x00,0x00,0x00,0x00,
    0x00,0x00,0x00,0x00,0x00,0x00,0xc0,0xe0,0xf0,0xf8,0xf8,0xf8,0xfa,0xfa,0xfc,0xfc,0xf0,0xf0,0xe1,0x00,0x00,0x07,0x88,0xd7,0xf8,0x70,0xe0,0xe0,0xe0,0xf7,0x78,0xd7,
    0x88,0x00,0x00,0x00,0x00,0x00,0x00,0x00,0x00,0x00,0x00,0x00,0x00,0x00,0x0e,0x11,0x75,0x4a,0x11,0x3e,0x11,0x4a,0x75,0x11,0x0e,0x00,0x00,0x00,0x00,0x00,0x00,0x00,
    0x00,0x00,0x00,0x00,0x00,0x00,0x00,0x00,0x00,0x00,0x00,0x00,0x00,0x00,0x00,0x00,0x00,0x00,0x00,0x00,0x00,0x40,0xa0,0x40,0x00,0x00,0x00,0x00,0x00,0x00,0x00,0x00,
    0x00,0x00,0x00,0x80,0x40,0x80,0x00,0x00,0x00,0x00,0x00,0x00,0x00,0x00,0x00,0x00,0x00,0x00,0x00,0x00,0x00,0x00,0x00,0x00,0x00,0x00,0x00,0x00,0x00,0x20,0x50,0xa0,
    0x00,0x00,0x00,0x00,0x00,0x04,0x7f,0xf9,0xf3,0xe7,0xef,0xf7,0xfb,0xf7,0xef,0xef,0xf7,0xfb,0x7f,0x0f,0xc0,0xf0,0xff,0xff,0xfc,0xfc,0xf7,0xeb,0xf7,0xfc,0xfc,0xff,
    0xff,0xf0,0xc0,0x00,0x00,0x00,0x00,0x00,0x00,0x00,0x00,0x40,0xa0,0x40,0x00,0x00,0x00,0x00,0x00,0x00,0x00,0x00,0x80,0x00,0x00,0x00,0x00,0x00,0xa0,0x50,0x20,0x00,
    0xf0,0xf8,0xf6,0xe0,0xf0,0xf0,0xb0,0xfc,0xf0,0xf4,0xfa,0xe4,0xef,0xe0,0xf0,0xf0,0xf8,0xf6,0xf0,0xf0,0xfc,0xf4,0xff,0xf2,0xf0,0xf0,0xfc,0xf0,0xf0,0xf0,0xf0,0xf6,
    0xf8,0xe0,0x70,0xf0,0xe5,0xfe,0xfa,0xe7,0xe0,0xf0,0xe0,0xf0,0xfe,0xf0,0xe0,0xf0,0xf0,0xf4,0xfa,0xf4,0xb0,0xf0,0xe0,0xf8,0xf4,0xf0,0xf0,0xfe,0xe0,0xf0,0xf4,0xef,
    0xf2,0xf0,0xf0,0xe4,0xf8,0xf0,0xf0,0xf1,0xff,0xff,0xff,0xff,0x7f,0xff,0xff,0xf7,0xf7,0xf9,0xe0,0xf0,0xf1,0xf3,0xf3,0xfb,0xf7,0xe3,0xe3,0x7b,0xf7,0xf3,0xf3,0xf7,
    0xfb,0xf3,0xf1,0x70,0xf8,0xf6,0xfa,0xf4,0xf0,0xe0,0xfe,0xe4,0xff,0xf2,0xf0,0xf8,0xf7,0xf4,0xfa,0xf4,0xf8,0xf7,0xfe,0x73,0xe8,0xf7,0xf0,0xf6,0xff,0xf2,0xe0,0xe0
  },
  { // 46
    0x00,0x00,0x00,0x00,0x00,0x00,0x00,0x00,0x00,0x00,0x00,0x00,0x00,0x00,0x00,0x00,0x00,0x00,0x00,0x00,0x00,0x00,0x00,0x00,0x00,0x00,0x00,0x00,0x00,0x00,0x00,0x00,
    0x00,0x00,0x00,0x00,0x00,0x00,0x00,0x00,0x00,0x00,0x00,0x00,0x00,0x00,0x00,0x00,0x00,0x00,0x00,0x00,0x00,0x00,0x00,0x00,0x00,0x00,0x00,0x00,0x00,0x00,0x00,0x00,
    0x00,0x00,0x00,0x00,0x00,0x00,0x00,0x00,0x00,0x00,0x00,0x00,0x00,0x00,0x00,0x00,0x20,0xc0,0x00,0x00,0x20,0xe0,0x58,0x80,0x00,0x00,0x00,0x00,0x00,0x80,0x40,0xc0,
    0x20,0x00,0x00,0x00,0x00,0x00,0x00,0x00,0x00,0x00,0x00,0x00,0x00,0x00,0x00,0x00,0x00,0x80,0x00,0x00,0x00,0x80,0x00,0x00,0x00,0x00,0x00,0x00,0x00,0x00,0x00,0x00,
    0x00,0x00,0x00,0x00,0x00,0x00,0x00,0x00,0x00,0x00,0x00,0x00,0x00,0x00,0x00,0x00,0x00,0x00,0x00,0x00,0x00,0x00,0x00,0x00,0x00,0x00,0x00,0x00,0x00,0x00,0x00,0x00,
    0x00,0x00,0x00,0x00,0x00,0x00,0x00,0x00,0x00,0x00,0x00,0x00,0x00,0x00,0x00,0x00,0x00,0x00,0x00,0x00,0x00,0x00,0x00,0x00,0x00,0x00,0x00,0x00,0x00,0x00,0x00,0x00,
    0x00,0x00,0x00,0x00,0x00,0xc0,0xf0,0xf0,0xf8,0xf8,0xf8,0xf8,0xfa,0xfa,0xfc,0xf4,0xf0,0xc0,0x01,0x00,0x00,0x07,0x88,0xd7,0xf8,0x70,0xe0,0xe0,0xe0,0xf7,0x78,0xd7,
    0x88,0x00,0x00,0x00,0x00,0x00,0x00,0x00,0x00,0x00,0x00,0x00,0x00,0x00,0x0e,0x11,0x75,0x4a,0x11,0x3e,0x11,0x4a,0x75,0x11,0x0e,0x00,0x00,0x00,0x00,0x00,0x00,0x00,
    0x00,0x00,0x00,0x00,0x00,0x00,0x00,0x00,0x00,0x00,0x00,0x00,0x00,0x00,0x00,0x00,0x00,0x00,0x00,0x00,0x00,0x40,0xa0,0x40,0x00,0x00,0x00,0x00,0x00,0x00,0x00,0x00,
    0x00,0x00,0x00,0x80,0x40,0x80,0x00,0x00,0x00,0x00,0x00,0x00,0x00,0x00,0x00,0x00,0x00,0x00,0x00,0x00,0x00,0x00,0x00,0x00,0x00,0x00,0x00,0x00,0x00,0x20,0x50,0xa0,
    0x00,0x00,0x00,0x00,0x06,0x7f,0xfb,0xf7,0xef,0xef,0xf7,0xfb,0xf7,0xe7,0xef,0xf7,0xfb,0x7f,0x0f,0x00,0xc0,0xf0,0xff,0xff,0xfc,0xfc,0xf7,0xeb,0xf7,0xfc,0xfc,0xff,
    0xff,0xf0,0xc0,0x00,0x00,0x00,0x00,0x00,0x00,0x00,0x00,0x40,0xa0,0x40,0x00,0x00,0x00,0x00,0x00,0x00,0x00,0x00,0x80,0x00,0x00,0x00,0x00,0x00,0xa0,0x50,0x20,0x00,
    0xf0,0xf8,0xf6,0xe0,0xf0,0xf0,0xb0,0xfc,0xf0,0xf4,0xfa,0xe4,0xef,0xe0,0xf0,0xf0,0xf8,0xf6,0xf0,0xf0,0xfc,0xf4,0xff,0xf2,0xf0,0xf0,0xfc,0xf0,0xf0,0xf0,0xf0,0xf6,
    0xf8,0xe0,0x70,0xf0,0xe5,0xfe,0xfa,0xe7,0xe0,0xf0,0xe0,0xf0,0xfe,0xf0,0xe0,0xf0,0xf0,0xf4,0xfa,0xf4,0xb0,0xf0,0xe0,0xf8,0xf4,0xf0,0xf0,0xfe,0xe0,0xf0,0xf4,0xef,
    0xf2,0xf0,0xf0,0xe4,0xf8,0xf0,0xf0,0xf3,0xff,0xff,0xff,0xff,0x7f,0xff,0xf7,0xf3,0xf5,0xf8,0xe0,0xf0,0xf1,0xf3,0xf3,0xfb,0xf7,0xe3,0xe3,0x7b,0xf7,0xf3,0xf3,0xf7,
    0xfb,0xf3,0xf1,0x70,0xf8,0xf6,0xfa,0xf4,0xf0,0xe0,0xfe,0xe4,0xff,0xf2,0xf0,0xf8,0xf7,0xf4,0xfa,0xf4,0xf8,0xf7,0xfe,0x73,0xe8,0xf7,0xf0,0xf6,0xff,0xf2,0xe0,0xe0
  },
  { // 47
    0x00,0x00,0x00,0x00,0x00,0x00,0x00,0x00,0x00,0x00,0x00,0x00,0x00,0x00,0x00,0x00,0x00,0x00,0x00,0x00,0x00,0x00,0x00,0x00,0x00,0x00,0x00,0x00,0x00,0x00,0x00,0x00,
    0x00,0x00,0x00,0x00,0x00,0x00,0x00,0x00,0x00,0x00,0x00,0x00,0x00,0x00,0x00,0x00,0x00,0x00,0x00,0x00,0x00,0x00,0x00,0x00,0x00,0x00,0x00,0x00,0x00,0x00,0x00,0x00,
    0x00,0x00,0x00,0x00,0x00,0x00,0x00,0x00,0x00,0x00,0x00,0x00,0x00,0x00,0x00,0x00,0x20,0xc0,0x00,0x00,0x20,0xe0,0x58,0x80,0x00,0x00,0x00,0x00,0x00,0x80,0x40,0xc0,
    0x20,0x00,0x00,0x00,0x00,0x00,0x00,0x00,0x00,0x00,0x00,0x00,0x00,0x00,0x00,0x00,0x80,0x00,0x00,0x00,0x80,0x00,0x00,0x00,0x00,0x00,0x00,0x00,0x00,0x00,0x00,0x00,
    0x00,0x00,0x00,0x00,0x00,0x00,0x00,0x00,0x00,0x00,0x00,0x00,0x00,0x00,0x00,0x00,0x00,0x00,0x00,0x00,0x00,0x00,0x00,0x00,0x00,0x00,0x00,0x00,0x00,0x00,0x00,0x00,
    0x00,0x00,0x00,0x00,0x00,0x00,0x00,0x00,0x00,0x00,0x00,0x00,0x00,0x00,0x00,0x00,0x00,0x00,0x00,0x00,0x00,0x00,0x00,0x00,0x00,0x00,0x00,0x00,0x00,0x00,0x00,0x00,
    0x00,0x00,0x00,0x00,0xc0,0xe0,0xf0,0xf8,0xf8,0xf8,0xf8,0xf8,0xfa,0xfa,0xf4,0xe4,0xc0,0x00,0x01,0x00,0x00,0x07,0x88,0xd7,0xf8,0x70,0xe0,0xe0,0xe0,0xf7,0x78,0xd7,
    0x88,0x00,0x00,0x00,0x00,0x00,0x00,0x00,0x00,0x00,0x00,0x00,0x00,0x0e,0x11,0x75,0x4a,0x11,0x3e,0x11,0x4a,0x75,0x11,0x0e,0x00,0x00,0x00,0x00,0x00,0x00,0x00,0x00,
    0x00,0x00,0x00,0x00,0x00,0x00,0x00,0x00,0x00,0x00,0x00,0x00,0x00,0x00,0x00,0x00,0x00,0x00,0x00,0x00,0x00,0x40,0xa0,0x40,0x00,0x00,0x00,0x00,0x00,0x00,0x00,0x00,
    0x00,0x00,0x00,0x80,0x40,0x80,0x00,0x00,0x00,0x00,0x00,0x00,0x00,0x00,0x00,0x00,0x00,0x00,0x00,0x00,0x00,0x00,0x00,0x00,0x00,0x00,0x00,0x00,0x00,0x20,0x50,0xa0,
    0x00,0x00,0x00,0x07,0x3f,0xf3,0xf7,0xef,0xcf,0xe7,0xfb,0xf7,0xf7,0xef,0xf3,0xfd,0xff,0x1f,0x00,0x00,0xc0,0xf0,0xff,0xff,0xfc,0xfc,0xf7,0xeb,0xf7,0xfc,0xfc,0xff,
    0xff,0xf0,0xc0,0x00,0x00,0x00,0x00,0x00,0x00,0x00,0x00,0x40,0xa0,0x40,0x00,0x00,0x00,0x00,0x00,0x00,0x00,0x00,0x00,0x80,0x00,0x00,0x00,0x00,0xa0,0x50,0x20,0x00,
    0xf0,0xf8,0xf6,0xe0,0xf0,0xf0,0xb0,0xfc,0xf0,0xf4,0xfa,0xe4,0xef,0xe0,0xf0,0xf0,0xf8,0xf6,0xf0,0xf0,0xfc,0xf4,0xff,0xf2,0xf0,0xf0,0xfc,0xf0,0xf0,0xf0,0xf0,0xf6,
    0xf8,0xe0,0x70,0xf0,0xe5,0xfe,0xfa,0xe7,0xe0,0xf0,0xe0,0xf0,0xfe,0xf0,0xe0,0xf0,0xf0,0xf4,0xfa,0xf4,0xb0,0xf0,0xe0,0xf8,0xf4,0xf0,0xf0,0xfe,0xe0,0xf0,0xf4,0xef,
    0xf2,0xf0,0xf0,0xe4,0xf8,0xf0,0xf1,0xf7,0xff,0xff,0xff,0xff,0x7f,0xff,0xf7,0xf3,0xf4,0xf8,0xe0,0xf0,0xf1,0xf3,0xf3,0xfb,0xf7,0xe3,0xe3,0x7b,0xf7,0xf3,0xf3,0xf7,
    0xfb,0xf3,0xf1,0x70,0xf8,0xf6,0xfa,0xf4,0xf0,0xe0,0xfe,0xe4,0xff,0xf2,0xf0,0xf8,0xf7,0xf4,0xfa,0xf4,0xf8,0xf6,0xfd,0x72,0xe9,0xf7,0xf0,0xf6,0xff,0xf2,0xe0,0xe0
  },
  { // 48
    0x00,0x00,0x00,0x00,0x00,0x00,0x00,0x00,0x00,0x00,0x00,0x00,0x00,0x00,0x00,0x00,0x00,0x00,0x00,0x00,0x00,0x00,0x00,0x00,0x00,0x00,0x00,0x00,0x00,0x00,0x00,0x00,
    0x00,0x00,0x00,0x00,0x00,0x00,0x00,0x00,0x00,0x00,0x00,0x00,0x00,0x00,0x00,0x00,0x00,0x00,0x00,0x00,0x00,0x00,0x00,0x00,0x00,0x00,0x00,0x00,0x00,0x00,0x00,0x00,
    0x00,0x00,0x00,0x00,0x00,0x00,0x00,0x00,0x00,0x00,0x00,0x00,0x00,0x00,0x00,0x00,0x20,0xc0,0x00,0x00,0x20,0xe0,0x58,0x80,0x00,0x00,0x00,0x00,0x00,0x80,0x40,0xc0,
    0x20,0x00,0x00,0x00,0x00,0x00,0x00,0x00,0x00,0x00,0x00,0x00,0x00,0x00,0x00,0x00,0x80,0x00,0x00,0x00,0x80,0x00,0x00,0x00,0x00,0x00,0x00,0x00,0x00,0x00,0x00,0x00,
    0x00,0x00,0x00,0x00,0x00,0x00,0x00,0x00,0x00,0x00,0x00,0x00,0x00,0x00,0x00,0x00,0x00,0x00,0x00,0x00,0x00,0x00,0x00,0x00,0x00,0x00,0x00,0x00,0x00,0x00,0x00,0x00,
    0x00,0x00,0x00,0x00,0x00,0x00,0x00,0x00,0x00,0x00,0x00,0x00,0x00,0x00,0x00,0x00,0x00,0x00,0x00,0x00,0x00,0x00,0x00,0x00,0x00,0x00,0x00,0x00,0x00,0x00,0x00,0x00,
    0x00,0x00,0x00,0xc0,0xe0,0xf0,0xf8,0xf8,0xf8,0xf8,0xf8,0xf8,0xfa,0xf2,0xe4,0xc4,0x00,0x00,0x01,0x00,0x00,0x07,0x88,0xd7,0xf8,0x70,0xe0,0xe0,0xe0,0xf7,0x78,0xd7,
    0x88,0x00,0x00,0x00,0x00,0x00,0x00,0x00,0x00,0x00,0x00,0x00,0x00,0x0e,0x11,0x75,0x4a,0x11,0x3e,0x11,0x4a,0x75,0x11,0x0e,0x00,0x00,0x00,0x00,0x00,0x00,0x00,0x00,
    0x00,0x00,0x00,0x00,0x00,0x00,0x00,0x00,0x00,0x00,0x00,0x00,0x00,0x00,0x00,0x00,0x00,0x00,0x00,0x00,0x00,0x40,0xa0,0x40,0x00,0x00,0x00,0x00,0x00,0x00,0x00,0x00,
    0x00,0x00,0x00,0x80,0x40,0x80,0x00,0x00,0x00,0x00,0x00,0x00,0x00,0x00,0x00,0x00,0x00,0x00,0x00,0x00,0x00,0x00,0x00,0x00,0x00,0x00,0x00,0x00,0x00,0x00,0x20,0xd0,
    0x20,0x00,0x0f,0x3f,0xe7,0xef,0xef,0xdf,0xef,0xfb,0xf7,0xf7,0xef,0xf3,0xfd,0xff,0x3e,0x00,0x00,0x00,0xc0,0xf0,0xff,0xff,0xfc,0xfc,0xf7,0xeb,0xf7,0xfc,0xfc,0xff,
    0xff,0xf0,0xc0,0x00,0x00,0x00,0x00,0x00,0x00,0x00,0x00,0x40,0xa0,0x40,0x00,0x00,0x00,0x00,0x00,0x00,0x00,0x00,0x00,0x80,0x00,0x00,0x00,0x00,0xa0,0x50,0x20,0x00,
    0xf0,0xf8,0xf6,0xe0,0xf0,0xf0,0xb0,0xfc,0xf0,0xf4,0xfa,0xe4,0xef,0xe0,0xf0,0xf0,0xf8,0xf6,0xf0,0xf0,0xfc,0xf4,0xff,0xf2,0xf0,0xf0,0xfc,0xf0,0xf0,0xf0,0xf0,0xf6,
    0xf8,0xe0,0x70,0xf0,0xe5,0xfe,0xfa,0xe7,0xe0,0xf0,0xe0,0xf0,0xfe,0xf0,0xe0,0xf0,0xf0,0xf4,0xfa,0xf4,0xb0,0xf0,0xe0,0xf8,0xf4,0xf0,0xf0,0xfe,0xe0,0xf0,0xf4,0xef,
    0xf2,0xf0,0xf0,0xe4,0xf8,0xf1,0xf3,0xf7,0xff,0xff,0xff,0xff,0x7f,0xff,0xf7,0xf1,0xf4,0xf8,0xe0,0xf0,0xf1,0xf3,0xf3,0xfb,0xf7,0xe3,0xe3,0x7b,0xf7,0xf3,0xf3,0xf7,
    0xfb,0xf3,0xf1,0x70,0xf8,0xf6,0xfa,0xf4,0xf0,0xe0,0xfe,0xe4,0xff,0xf2,0xf0,0xf8,0xf7,0xf4,0xfa,0xf4,0xf8,0xf6,0xfd,0x72,0xe9,0xf7,0xf0,0xf6,0xff,0xf2,0xe0,0xe0
  },
  { // 49
    0x00,0x00,0x00,0x00,0x00,0x00,0x00,0x00,0x00,0x00,0x00,0x00,0x00,0x00,0x00,0x00,0x00,0x00,0x00,0x00,0x00,0x00,0x00,0x00,0x00,0x00,0x00,0x00,0x00,0x00,0x00,0x00,
    0x00,0x00,0x00,0x00,0x00,0x00,0x00,0x00,0x00,0x00,0x00,0x00,0x00,0x00,0x00,0x00,0x00,0x00,0x00,0x00,0x00,0x00,0x00,0x00,0x00,0x00,0x00,0x00,0x00,0x00,0x00,0x00,
    0x00,0x00,0x00,0x00,0x00,0x00,0x00,0x00,0x00,0x00,0x00,0x00,0x00,0x00,0x00,0x00,0x20,0xc0,0x00,0x00,0x20,0xe0,0x58,0x80,0x00,0x00,0x00,0x00,0x00,0x80,0x40,0xc0,
    0x20,0x00,0x00,0x00,0x00,0x00,0x00,0x00,0x00,0x00,0x00,0x00,0x00,0x00,0x00,0x80,0x00,0x00,0x00,0x80,0x00,0x00,0x00,0x00,0x00,0x00,0x00,0x00,0x00,0x00,0x00,0x00,
    0x00,0x00,0x00,0x00,0x00,0x00,0x00,0x00,0x00,0x00,0x00,0x00,0x00,0x00,0x00,0x00,0x00,0x00,0x00,0x00,0x00,0x00,0x00,0x00,0x00,0x00,0x00,0x00,0x00,0x00,0x00,0x00,
    0x00,0x00,0x00,0x00,0x00,0x00,0x00,0x00,0x00,0x00,0x00,0x00,0x00,0x00,0x00,0x00,0x00,0x00,0x00,0x00,0x00,0x00,0x00,0x00,0x00,0x00,0x00,0x00,0x00,0x00,0x00,0x00,
    0x00,0x00,0xc0,0xe0,0xf0,0xf0,0xf8,0xf8,0xf8,0xf8,0xf8,0xf0,0xf2,0xe2,0x84,0x04,0x00,0x00,0x01,0x00,0x00,0x07,0x88,0xd7,0xf8,0x70,0xe0,0xe0,0xe0,0xf7,0x78,0xd7,
    0x88,0x00,0x00,0x00,0x00,0x00,0x00,0x00,0x00,0x00,0x00,0x00,0x00,0x00,0x04,0x0e,0x0f,0x30,0x0f,0x0e,0x04,0x00,0x00,0x00,0x00,0x00,0x00,0x00,0x00,0x00,0x00,0x00,
    0x00,0x00,0x00,0x00,0x00,0x00,0x00,0x00,0x00,0x00,0x00,0x00,0x00,0x00,0x00,0x00,0x00,0x00,0x00,0x00,0x00,0x40,0xa0,0x40,0x00,0x00,0x00,0x00,0x00,0x00,0x00,0x00,
    0x00,0x00,0x00,0x80,0x40,0x80,0x00,0x00,0x00,0x00,0x00,0x00,0x00,0x00,0x00,0x00,0x00,0x00,0x00,0x00,0x00,0x00,0x00,0x00,0x00,0x00,0x00,0x00,0x00,0x00,0x20,0xd0,
    0x20,0x0f,0x3f,0xef,0xef,0xdf,0xdf,0xcf,0xf3,0xf7,0xf7,0xef,0xf3,0xff,0xff,0x7e,0x00,0x00,0x00,0x00,0xc0,0xf0,0xff,0xff,0xfc,0xfc,0xf7,0xeb,0xf7,0xfc,0xfc,0xff,
    0xff,0xf0,0xc0,0x00,0x00,0x00,0x00,0x00,0x00,0x00,0x00,0x40,0xa0,0x40,0x00,0x00,0x00,0x00,0x00,0x00,0x00,0x00,0x00,0x80,0x00,0x00,0x00,0x00,0xa0,0x50,0x20,0x00,
    0xf0,0xfc,0xf2,0xe0,0xf0,0xf0,0xb0,0xfc,0xf0,0xf4,0xfa,0xe4,0xef,0xe0,0xf0,0xf0,0xfc,0xf2,0xf0,0xf0,0xfc,0xf4,0xff,0xf2,0xf0,0xf0,0xfc,0xf0,0xf0,0xf0,0xf0,0xf6,
    0xf8,0xe0,0x70,0xf0,0xe5,0xfe,0xfe,0xe3,0xe0,0xf0,0xe0,0xf0,0xfe,0xf0,0xe0,0xf0,0xf0,0xf4,0xfa,0xf4,0xb0,0xf0,0xe0,0xfc,0xf0,0xf0,0xf0,0xfe,0xe0,0xf0,0xf4,0xef,
    0xf2,0xf0,0xf0,0xe4,0xf9,0xf3,0xf7,0xf7,0xff,0xff,0xff,0xff,0x7f,0xf7,0xf3,0xf0,0xf4,0xf8,0xe0,0xf0,0xf1,0xf3,0xf3,0xff,0xf3,0xe3,0xe3,0x7f,0xf3,0xf3,0xf3,0xf7,
    0xfb,0xf3,0xf1,0x70,0xfc,0xf6,0xfa,0xf4,0xf0,0xe0,0xfe,0xe4,0xff,0xf2,0xf0,0xfc,0xf3,0xf4,0xfa,0xf4,0xfc,0xf6,0xfd,0x72,0xed,0xf3,0xf0,0xf6,0xff,0xf2,0xe0,0xe0
  },
  { // 50
    0x00,0x00,0x00,0x00,0x00,0x00,0x00,0x00,0x00,0x00,0x00,0x00,0x00,0x00,0x00,0x00,0x00,0x00,0x00,0x00,0x00,0x00,0x00,0x00,0x00,0x00,0x00,0x00,0x00,0x00,0x00,0x00,
    0x00,0x00,0x00,0x00,0x00,0x00,0x00,0x00,0x00,0x00,0x00,0x00,0x00,0x00,0x00,0x00,0x00,0x00,0x00,0x00,0x00,0x00,0x00,0x00,0x00,0x00,0x00,0x00,0x00,0x00,0x00,0x00,
    0x00,0x00,0x00,0x00,0x00,0x00,0x00,0x00,0x00,0x00,0x00,0x00,0x00,0x00,0x00,0x00,0x20,0xc0,0x00,0x00,0x20,0xe0,0x58,0x80,0x00,0x00,0x00,0x00,0x00,0x80,0x40,0xc0,
    0x20,0x00,0x00,0x00,0x00,0x00,0x00,0x00,0x00,0x00,0x00,0x00,0x00,0x00,0x00,0x80,0x00,0x00,0x00,0x80,0x00,0x00,0x00,0x00,0x00,0x00,0x00,0x00,0x00,0x00,0x00,0x00,
    0x00,0x00,0x00,0x00,0x00,0x00,0x00,0x00,0x00,0x00,0x00,0x00,0x00,0x00,0x00,0x00,0x00,0x00,0x00,0x00,0x00,0x00,0x00,0x00,0x00,0x00,0x00,0x00,0x00,0x00,0x00,0x00,
    0x00,0x00,0x00,0x00,0x00,0x00,0x00,0x00,0x00,0x00,0x00,0x00,0x00,0x00,0x00,0x00,0x00,0x00,0x00,0x00,0x00,0x00,0x00,0x00,0x00,0x00,0x00,0x00,0x00,0x00,0x00,0x00,
    0x00,0xc0,0xe0,0xf0,0xf0,0xf8,0xf8,0xf8,0xf8,0xf0,0xf0,0xe0,0xc2,0x82,0x04,0x04,0x00,0x00,0x01,0x00,0x00,0x07,0x88,0xd7,0xf8,0x70,0xe0,0xe0,0xe0,0xf7,0x78,0xd7,
    0x88,0x00,0x00,0x00,0x00,0x00,0x00,0x00,0x00,0x00,0x00,0x00,0x00,0x00,0x04,0x0e,0x0f,0x30,0x0f,0x0e,0x04,0x00,0x00,0x00,0x00,0x00,0x00,0x00,0x00,0x00,0x00,0x00,
    0x00,0x00,0x00,0x00,0x00,0x00,0x00,0x00,0x00,0x00,0x00,0x00,0x00,0x00,0x00,0x00,0x00,0x00,0x00,0x00,0x00,0x40,0xa0,0x40,0x00,0x00,0x00,0x00,0x00,0x00,0x00,0x00,
    0x00,0x00,0x00,0x80,0x40,0x80,0x00,0x00,0x00,0x00,0x00,0x00,0x00,0x00,0x00,0x00,0x00,0x00,0x00,0x00,0x00,0x00,0x00,0x00,0x00,0x00,0x00,0x00,0x00,0x00,0x20,0xd0,
    0x3f,0x7f,0xff,0xdf,0xdf,0xff,0x9f,0xf3,0xf7,0xf7,0xff,0xf1,0xfe,0xff,0xfe,0x00,0x00,0x00,0x00,0x00,0xc0,0xf0,0xff,0xff,0xfc,0xfc,0xf7,0xeb,0xf7,0xfc,0xfc,0xff,
    0xff,0xf0,0xc0,0x00,0x00,0x00,0x00,0x00,0x00,0x00,0x00,0x40,0xa0,0x40,0x00,0x00,0x00,0x00,0x00,0x00,0x00,0x00,0x00,0x80,0x00,0x00,0x00,0x20,0xd0,0x20,0x00,0x00,
    0xf0,0xfc,0xf2,0xe0,0xf0,0xf0,0xb0,0xfc,0xf0,0xf4,0xfa,0xe4,0xef,0xe0,0xf0,0xf0,0xfc,0xf2,0xf0,0xf0,0xfc,0xf4,0xff,0xf2,0xf0,0xf0,0xfc,0xf0,0xf0,0xf0,0xf0,0xf6,
    0xf8,0xe0,0x70,0xf0,0xe5,0xfe,0xfe,0xe3,0xe0,0xf0,0xe0,0xf0,0xfe,0xf0,0xe0,0xf0,0xf0,0xf4,0xfa,0xf4,0xb0,0xf0,0xe0,0xfc,0xf0,0xf0,0xf0,0xfe,0xe0,0xf0,0xf4,0xef,
    0xf2,0xf0,0xf0,0xe5,0xfb,0xf7,0xf7,0xff,0xff,0xff,0xff,0xff,0x7f,0xf7,0xf1,0xf0,0xf4,0xf8,0xe0,0xf0,0xf1,0xf3,0xf3,0xff,0xf3,0xe3,0xe3,0x7f,0xf3,0xf3,0xf3,0xf7,
    0xfb,0xf3,0xf1,0x70,0xfc,0xf6,0xfa,0xf4,0xf0,0xe0,0xfe,0xe4,0xff,0xf2,0xf0,0xfc,0xf3,0xf4,0xfa,0xf4,0xfc,0xf6,0xfd,0x72,0xed,0xf3,0xf0,0xf6,0xff,0xf2,0xe0,0xe0
  },
  { // 51
    0x00,0x00,0x00,0x00,0x00,0x00,0x00,0x00,0x00,0x00,0x00,0x00,0x00,0x00,0x00,0x00,0x00,0x00,0x00,0x00,0x00,0x00,0x00,0x00,0x00,0x00,0x00,0x00,0x00,0x00,0x00,0x00,
    0x00,0x00,0x00,0x00,0x00,0x00,0x00,0x00,0x00,0x00,0x00,0x00,0x00,0x00,0x00,0x00,0x00,0x00,0x00,0x00,0x00,0x00,0x00,0x00,0x00,0x00,0x00,0x00,0x00,0x00,0x00,0x00,
    0x00,0x00,0x00,0x00,0x00,0x00,0x00,0x00,0x00,0x00,0x00,0x00,0x00,0x00,0x00,0x00,0x20,0xc0,0x00,0x00,0x20,0xe0,0x58,0x80,0x00,0x00,0x00,0x00,0x00,0x80,0x40,0xc0,
    0x20,0x00,0x00,0x00,0x00,0x00,0x00,0x00,0x00,0x00,0x00,0x00,0x00,0x00,0x00,0x80,0x00,0x00,0x00,0x80,0x00,0x00,0x00,0x00,0x00,0x00,0x00,0x00,0x00,0x00,0x00,0x00,
    0x00,0x00,0x00,0x00,0x00,0x00,0x00,0x00,0x00,0x00,0x00,0x00,0x00,0x00,0x00,0x00,0x00,0x00,0x00,0x00,0x00,0x00,0x00,0x00,0x00,0x00,0x00,0x00,0x00,0x00,0x00,0x00,
    0x00,0x00,0x00,0x00,0x00,0x00,0x00,0x00,0x00,0x00,0x00,0x00,0x00,0x00,0x00,0x00,0x00,0x00,0x00,0x00,0x00,0x00,0x00,0x00,0x00,0x00,0x00,0x00,0x00,0x00,0x00,0x00,
    0xc0,0xe0,0xe0,0xf0,0xf0,0xf0,0xf0,0xf0,0xf0,0xf0,0xe0,0xc0,0x82,0x02,0x04,0x04,0x00,0x00,0x01,0x00,0x00,0x07,0x88,0xd7,0xf8,0x70,0xe0,0xe0,0xe0,0xf7,0x78,0xd7,
    0x88,0x00,0x00,0x00,0x00,0x00,0x00,0x00,0x00,0x00,0x00,0x00,0x00,0x00,0x04,0x0e,0x0f,0x30,0x0f,0x0e,0x04,0x00,0x00,0x00,0x00,0x00,0x00,0x00,0x00,0x00,0x00,0x00,
    0x00,0x00,0x00,0x00,0x00,0x00,0x00,0x00,0x00,0x00,0x00,0x00,0x00,0x00,0x00,0x00,0x00,0x00,0x00,0x00,0x00,0x40,0xa0,0x40,0x00,0x00,0x00,0x00,0x00,0x00,0x00,0x00,
    0x00,0x00,0x00,0x80,0x40,0x80,0x00,0x00,0x00,0x00,0x00,0x00,0x00,0x00,0x00,0x00,0x00,0x00,0x00,0x00,0x00,0x00,0x00,0x00,0x00,0x00,0x00,0x00,0x00,0x00,0x20,0xdf,
    0x7f,0xff,0xbf,0xbf,0xbf,0xbf,0xc7,0xf7,0xf7,0xff,0xf0,0xff,0xff,0xfe,0x00,0x00,0x00,0x00,0x00,0x00,0xc0,0xf0,0xff,0xff,0xfc,0xfc,0xf7,0xeb,0xf7,0xfc,0xfc,0xff,
    0xff,0xf0,0xc0,0x00,0x00,0x00,0x00,0x00,0x00,0x00,0x00,0x40,0xa0,0x40,0x00,0x00,0x00,0x00,0x00,0x00,0x00,0x00,0x00,0x80,0x00,0x00,0x00,0x20,0xd0,0x20,0x00,0x00,
    0xf0,0xfc,0xf2,0xe0,0xf0,0xf0,0xb0,0xfc,0xf0,0xf4,0xfa,0xe4,0xef,0xe0,0xf0,0xf0,0xfc,0xf2,0xf0,0xf0,0xfc,0xf4,0xff,0xf2,0xf0,0xf0,0xfc,0xf0,0xf0,0xf0,0xf0,0xf6,
    0xf8,0xe0,0x70,0xf0,0xe5,0xfe,0xfe,0xe3,0xe0,0xf0,0xe0,0xf0,0xfe,0xf0,0xe0,0xf0,0xf0,0xf4,0xfa,0xf4,0xb0,0xf0,0xe0,0xfc,0xf0,0xf0,0xf0,0xfe,0xe0,0xf0,0xf4,0xef,
    0xf2,0xf0,0xf1,0xe7,0xff,0xf7,0xff,0xff,0xff,0xff,0xff,0xff,0x7f,0xf3,0xf0,0xf0,0xf4,0xf8,0xe0,0xf0,0xf1,0xf3,0xf3,0xff,0xf3,0xe3,0xe3,0x7f,0xf3,0xf3,0xf3,0xf7,
    0xfb,0xf3,0xf1,0x70,0xfc,0xf6,0xfa,0xf4,0xf0,0xe0,0xfe,0xe4,0xff,0xf2,0xf0,0xfc,0xf3,0xf4,0xfa,0xf4,0xfc,0xf6,0xfd,0x72,0xed,0xf3,0xf0,0xf6,0xff,0xf2,0xe0,0xe0
  },
  { // 52
    0x00,0x00,0x00,0x00,0x00,0x00,0x00,0x00,0x00,0x00,0x00,0x00,0x00,0x00,0x00,0x00,0x00,0x00,0x00,0x00,0x00,0x00,0x00,0x00,0x00,0x00,0x00,0x00,0x00,0x00,0x00,0x00,
    0x00,0x00,0x00,0x00,0x00,0x00,0x00,0x00,0x00,0x00,0x00,0x00,0x00,0x00,0x00,0x00,0x00,0x00,0x00,0x00,0x00,0x00,0x00,0x00,0x00,0x00,0x00,0x00,0x00,0x00,0x00,0x00,
    0x00,0x00,0x00,0x00,0x00,0x00,0x00,0x00,0x00,0x00,0x00,0x00,0x00,0x00,0x00,0x00,0x20,0xc0,0x00,0x00,0x20,0xe0,0x58,0x80,0x00,0x00,0x00,0x00,0x00,0x80,0x40,0xc0,
    0x20,0x00,0x00,0x00,0x00,0x00,0x00,0x00,0x00,0x00,0x00,0x00,0x00,0x00,0x80,0x00,0x00,0x00,0x80,0x00,0x00,0x00,0x00,0x00,0x00,0x00,0x00,0x00,0x00,0x00,0x00,0x00,
    0x00,0x00,0x00,0x00,0x00,0x00,0x00,0x00,0x00,0x00,0x00,0x00,0x00,0x00,0x00,0x00,0x00,0x00,0x00,0x00,0x00,0x00,0x00,0x00,0x00,0x00,0x00,0x00,0x00,0x00,0x00,0x00,
    0x00,0x00,0x00,0x00,0x00,0x00,0x00,0x00,0x00,0x00,0x00,0x00,0x00,0x00,0x00,0x00,0x00,0x00,0x00,0x00,0x00,0x00,0x00,0x00,0x00,0x00,0x00,0x00,0x00,0x00,0x00,0x80,
    0xc0,0xe0,0xe0,0xf0,0xf0,0xf0,0xf0,0xf0,0xe0,0xc0,0xc0,0x00,0x02,0x02,0x04,0x04,0x00,0x00,0x01,0x00,0x00,0x07,0x88,0xd7,0xf8,0x70,0xe0,0xe0,0xe0,0xf7,0x78,0xd7,
    0x88,0x00,0x00,0x00,0x00,0x00,0x00,0x00,0x00,0x00,0x00,0x00,0x00,0x04,0x0e,0x0f,0x30,0x0f,0x0e,0x04,0x00,0x00,0x00,0x00,0x00,0x00,0x00,0x00,0x00,0x00,0x00,0x00,
    0x00,0x00,0x00,0x00,0x00,0x00,0x00,0x00,0x00,0x00,0x00,0x00,0x00,0x00,0x00,0x00,0x00,0x00,0x00,0x00,0x00,0x40,0xa0,0x40,0x00,0x00,0x00,0x00,0x00,0x00,0x00,0x00,
    0x00,0x00,0x00,0x80,0x40,0x80,0x00,0x00,0x00,0x00,0x00,0x00,0x00,0x00,0x00,0x00,0x00,0x00,0x00,0x00,0x00,0x00,0x00,0x00,0x00,0x00,0x00,0x00,0x00,0x00,0x3e,0xff,
    0xff,0x3f,0xbf,0xff,0x7f,0x07,0xf7,0xf7,0xff,0xe0,0xff,0xff,0xfc,0xe0,0x00,0x00,0x00,0x00,0x00,0x00,0xc0,0xf0,0xff,0xff,0xfc,0xfc,0xf7,0xeb,0xf7,0xfc,0xfc,0xff,
    0xff,0xf0,0xc0,0x00,0x00,0x00,0x00,0x00,0x00,0x00,0x00,0x40,0xa0,0x40,0x00,0x00,0x00,0x00,0x00,0x00,0x00,0x00,0x00,0x80,0x00,0x00,0x00,0x20,0xd0,0x20,0x00,0x00,
    0xf0,0xfc,0xf2,0xe0,0xf0,0xf0,0xb0,0xfc,0xf0,0xf4,0xfa,0xe4,0xef,0xe0,0xf0,0xf0,0xfc,0xf2,0xf0,0xf0,0xfc,0xf4,0xff,0xf2,0xf0,0xf0,0xfc,0xf0,0xf0,0xf0,0xf0,0xf6,
    0xf8,0xe0,0x70,0xf0,0xe5,0xfe,0xfe,0xe3,0xe0,0xf0,0xe0,0xf0,0xfe,0xf0,0xe0,0xf0,0xf0,0xf4,0xfa,0xf4,0xb0,0xf0,0xe0,0xfc,0xf0,0xf0,0xf0,0xfe,0xe0,0xf0,0xf4,0xef,
    0xf3,0xf3,0xf3,0xe7,0xff,0xff,0xff,0xff,0xff,0xff,0xff,0xff,0x7f,0xf3,0xf0,0xf0,0xf4,0xf8,0xe0,0xf0,0xf1,0xf3,0xf3,0xff,0xf3,0xe3,0xe3,0x7f,0xf3,0xf3,0xf3,0xf7,
    0xfb,0xf3,0xf1,0x70,0xfc,0xf6,0xfa,0xf4,0xf0,0xe0,0xfe,0xe4,0xff,0xf2,0xf0,0xfc,0xf3,0xf4,0xfa,0xf4,0xfc,0xf6,0xfd,0x72,0xed,0xf3,0xf0,0xf6,0xff,0xf2,0xe0,0xe0
  },
  { // 53
    0x00,0x00,0x00,0x00,0x00,0x00,0x00,0x00,0x00,0x00,0x00,0x00,0x00,0x00,0x00,0x00,0x00,0x00,0x00,0x00,0x00,0x00,0x00,0x00,0x00,0x00,0x00,0x00,0x00,0x00,0x00,0x00,
    0x00,0x00,0x00,0x00,0x00,0x00,0x00,0x00,0x00,0x00,0x00,0x00,0x00,0x00,0x00,0x00,0x00,0x00,0x00,0x00,0x00,0x00,0x00,0x00,0x00,0x00,0x00,0x00,0x00,0x00,0x00,0x00,
    0x00,0x00,0x00,0x00,0x00,0x00,0x00,0x00,0x00,0x00,0x00,0x00,0x00,0x00,0x00,0x00,0x00,0x00,0x00,0x00,0x20,0xc0,0x40,0x80,0x00,0x00,0x00,0x00,0x00,0x80,0x40,0xc0,
    0x20,0x00,0x00,0x00,0x00,0x00,0x00,0x00,0x00,0x00,0x00,0x00,0x00,0x00,0x80,0x00,0x00,0x00,0x80,0x00,0x00,0x00,0x00,0x00,0x00,0x00,0x00,0x00,0x00,0x00,0x00,0x00,
    0x00,0x00,0x00,0x00,0x00,0x00,0x00,0x00,0x00,0x00,0x00,0x00,0x00,0x00,0x00,0x00,0x00,0x00,0x00,0x00,0x00,0x00,0x00,0x00,0x00,0x00,0x00,0x00,0x00,0x00,0x00,0x00,
    0x00,0x00,0x00,0x00,0x00,0x00,0x00,0x00,0x00,0x00,0x00,0x00,0x00,0x00,0x00,0x00,0x00,0x00,0x00,0x00,0x00,0x00,0x00,0x00,0x00,0x00,0x00,0x00,0x00,0x00,0x80,0xc0,
    0xc0,0xe0,0xe0,0xf0,0xf0,0xe0,0xe0,0xe0,0xc0,0x80,0x00,0x00,0x00,0x00,0x00,0x00,0x00,0x00,0x00,0x00,0x00,0x07,0x88,0xd7,0xf8,0x70,0xe0,0xe0,0xe0,0xf7,0x78,0xd7,
    0x88,0x00,0x00,0x00,0x00,0x00,0x00,0x00,0x00,0x00,0x00,0x0e,0x11,0x75,0x4a,0x11,0x3e,0x11,0x4a,0x75,0x11,0x0e,0x00,0x00,0x00,0x00,0x00,0x00,0x00,0x00,0x00,0x00,
    0x00,0x00,0x00,0x00,0x00,0x00,0x00,0x00,0x00,0x00,0x00,0x00,0x00,0x00,0x00,0x00,0x00,0x00,0x00,0x00,0x00,0x40,0xa0,0x40,0x00,0x00,0x00,0x00,0x00,0x00,0x00,0x00,
    0x00,0x00,0x00,0x80,0x40,0x80,0x00,0x00,0x00,0x00,0x00,0x00,0x00,0x00,0x00,0x00,0x00,0x00,0x00,0x00,0x00,0x00,0x00,0x00,0x00,0x00,0x00,0x00,0x00,0x3e,0xff,0xff,
    0xff,0x7f,0x7f,0x7f,0x0f,0xff,0xff,0xff,0xf0,0xff,0xff,0xfc,0xf0,0x00,0x00,0x00,0x00,0x00,0x00,0x00,0xc0,0xf0,0xff,0xff,0xfc,0xfc,0xf7,0xeb,0xf7,0xfc,0xfc,0xff,
    0xff,0xf0,0xc0,0x00,0x00,0x00,0x00,0x00,0x00,0x00,0x00,0x40,0xa0,0x40,0x00,0x00,0x00,0x00,0x00,0x00,0x00,0x00,0x00,0x80,0x00,0x00,0x00,0x20,0xd0,0x20,0x00,0x00,
    0xf0,0xfc,0xf2,0xe0,0xf0,0xf0,0xb0,0xfc,0xf0,0xf4,0xfa,0xe4,0xef,0xe0,0xf0,0xf0,0xfc,0xf2,0xf0,0xf0,0xfc,0xf4,0xff,0xf2,0xf0,0xf0,0xfc,0xf0,0xf0,0xf0,0xf0,0xf6,
    0xf8,0xe0,0x70,0xf0,0xe5,0xfe,0xfe,0xe3,0xe0,0xf0,0xe0,0xf0,0xfe,0xf0,0xe0,0xf0,0xf0,0xf4,0xfa,0xf4,0xb0,0xf0,0xe0,0xfc,0xf0,0xf0,0xf0,0xfe,0xe0,0xf0,0xf4,0xef,
    0xf3,0xf6,0xf7,0xef,0xff,0xff,0xff,0xff,0xff,0xff,0xff,0xff,0x7f,0xf3,0xf0,0xf0,0xf4,0xf8,0xe0,0xf0,0xf1,0xf3,0xf3,0xff,0xf3,0xe3,0xe3,0x7f,0xf3,0xf3,0xf3,0xf7,
    0xfb,0xf3,0xf1,0x70,0xfc,0xf6,0xfa,0xf4,0xf0,0xe0,0xfe,0xe4,0xff,0xf2,0xf0,0xfc,0xf3,0xf4,0xfa,0xf4,0xfc,0xf6,0xfd,0x72,0xed,0xf3,0xf0,0xf6,0xff,0xf2,0xe0,0xe0
  },
  { // 54
    0x00,0x00,0x00,0x00,0x00,0x00,0x00,0x00,0x00,0x00,0x00,0x00,0x00,0x00,0x00,0x00,0x00,0x00,0x00,0x00,0x00,0x00,0x00,0x00,0x00,0x00,0x00,0x00,0x00,0x00,0x00,0x00,
    0x00,0x00,0x00,0x00,0x00,0x00,0x00,0x00,0x00,0x00,0x00,0x00,0x00,0x00,0x00,0x00,0x00,0x00,0x00,0x00,0x00,0x00,0x00,0x00,0x00,0x00,0x00,0x00,0x00,0x00,0x00,0x00,
    0x00,0x00,0x00,0x00,0x00,0x00,0x00,0x00,0x00,0x00,0x00,0x00,0x00,0x00,0x00,0x00,0x00,0x00,0x00,0x00,0x20,0xc0,0x40,0x80,0x00,0x00,0x00,0x00,0x00,0x80,0x40,0xc0,
    0x20,0x00,0x00,0x00,0x00,0x00,0x00,0x00,0x00,0x00,0x00,0x80,0x80,0x40,0x80,0x00,0x80,0x40,0x80,0x80,0x00,0x00,0x00,0x00,0x00,0x00,0x00,0x00,0x00,0x00,0x00,0x00,
    0x00,0x00,0x00,0x00,0x00,0x00,0x00,0x00,0x00,0x00,0x00,0x00,0x00,0x00,0x00,0x00,0x00,0x00,0x00,0x00,0x00,0x00,0x00,0x00,0x00,0x00,0x00,0x00,0x00,0x00,0x00,0x00,
    0x00,0x00,0x00,0x00,0x00,0x00,0x00,0x00,0x00,0x00,0x00,0x00,0x00,0x00,0x00,0x00,0x00,0x00,0x00,0x00,0x00,0x00,0x00,0x00,0x00,0x00,0x00,0x00,0x00,0x00,0x80,0xc0,
    0xe0,0xe0,0xe0,0xe0,0xe0,0xe0,0xc0,0xc0,0x80,0x00,0x00,0x00,0x00,0x00,0x00,0x00,0x00,0x00,0x00,0x00,0x00,0x07,0x88,0xd7,0xf8,0x70,0xe0,0xe0,0xe0,0xf7,0x78,0xd7,
    0x88,0x00,0x00,0x00,0x00,0x00,0x00,0x00,0x00,0x00,0x07,0x08,0x3a,0x25,0x08,0x1f,0x08,0x25,0x3a,0x08,0x07,0x00,0x00,0x00,0x00,0x00,0x00,0x00,0x00,0x00,0x00,0x00,
    0x00,0x00,0x00,0x00,0x00,0x00,0x00,0x00,0x00,0x00,0x00,0x00,0x00,0x00,0x00,0x00,0x00,0x00,0x00,0x00,0x00,0x40,0xa0,0x40,0x00,0x00,0x00,0x00,0x00,0x00,0x00,0x00,
    0x00,0x00,0x00,0x80,0x40,0x80,0x00,0x00,0x00,0x00,0x00,0x00,0x00,0x00,0x00,0x00,0x00,0x00,0x00,0x00,0x00,0x00,0x00,0x00,0x00,0x00,0x00,0x00,0x7e,0xff,0xff,0xff,
    0xff,0xff,0xff,0x8f,0xef,0xef,0xec,0xf6,0xff,0xff,0xfc,0xf0,0x80,0x00,0x00,0x00,0x00,0x00,0x00,0x00,0xc0,0xf0,0xff,0xff,0xfc,0xfc,0xf7,0xeb,0xf7,0xfc,0xfc,0xff,
    0xff,0xf0,0xc0,0x00,0x00,0x00,0x00,0x00,0x00,0x00,0x00,0x40,0xa0,0x40,0x00,0x00,0x00,0x00,0x00,0x00,0x00,0x00,0x00,0x80,0x00,0x00,0x00,0x20,0xd0,0x20,0x00,0x00,
    0xf0,0xfc,0xf2,0xe0,0xf0,0xf0,0xb0,0xfc,0xf0,0xf4,0xfa,0xe4,0xef,0xe0,0xf0,0xf0,0xfc,0xf2,0xf0,0xf0,0xfc,0xf4,0xff,0xf2,0xf0,0xf0,0xfc,0xf0,0xf0,0xf0,0xf0,0xf6,
    0xf8,0xe0,0x70,0xf0,0xe5,0xfe,0xfe,0xe3,0xe0,0xf0,0xe0,0xf0,0xfe,0xf0,0xe0,0xf0,0xf0,0xf4,0xfa,0xf4,0xb0,0xf0,0xe0,0xfc,0xf0,0xf0,0xf0,0xfe,0xe0,0xf0,0xf5,0xef,
    0xf6,0xf6,0xfe,0xef,0xff,0xff,0xff,0xff,0xff,0xff,0xff,0xf7,0x7d,0xf3,0xf0,0xf0,0xf4,0xf8,0xe0,0xf0,0xf1,0xf3,0xf3,0xff,0xf3,0xe3,0xe3,0x7f,0xf3,0xf3,0xf3,0xf7,
    0xfb,0xf3,0xf1,0x70,0xfc,0xf6,0xfa,0xf4,0xf0,0xe0,0xfe,0xe4,0xff,0xf2,0xf0,0xfc,0xf3,0xf4,0xfa,0xf4,0xfc,0xf6,0xfd,0x72,0xed,0xf3,0xf0,0xf6,0xff,0xf2,0xe0,0xe0
  },
  { // 55
    0x00,0x00,0x00,0x00,0x00,0x00,0x00,0x00,0x00,0x00,0x00,0x00,0x00,0x00,0x00,0x00,0x00,0x00,0x00,0x00,0x00,0x00,0x00,0x00,0x00,0x00,0x00,0x00,0x00,0x00,0x00,0x00,
    0x00,0x00,0x00,0x00,0x00,0x00,0x00,0x00,0x00,0x00,0x00,0x00,0x00,0x00,0x00,0x00,0x00,0x00,0x00,0x00,0x00,0x00,0x00,0x00,0x00,0x00,0x00,0x00,0x00,0x00,0x00,0x00,
    0x00,0x00,0x00,0x00,0x00,0x00,0x00,0x00,0x00,0x00,0x00,0x00,0x00,0x00,0x00,0x00,0x00,0x00,0x00,0x00,0x20,0xc0,0x40,0x80,0x00,0x00,0x00,0x00,0x00,0x80,0x40,0xc0,
    0x20,0x00,0x00,0x00,0x00,0x00,0x00,0x00,0x00,0x00,0x00,0x80,0x80,0x40,0x80,0x00,0x80,0x40,0x80,0x80,0x00,0x00,0x00,0x00,0x00,0x00,0x00,0x00,0x00,0x00,0x00,0x00,
    0x00,0x00,0x00,0x00,0x00,0x00,0x00,0x00,0x00,0x00,0x00,0x00,0x00,0x00,0x00,0x00,0x00,0x00,0x00,0x00,0x00,0x00,0x00,0x00,0x00,0x00,0x00,0x00,0x00,0x00,0x00,0x00,
    0x00,0x00,0x00,0x00,0x00,0x00,0x00,0x00,0x00,0x00,0x00,0x00,0x00,0x00,0x00,0x00,0x00,0x00,0x00,0x00,0x00,0x00,0x00,0x00,0x00,0x00,0x00,0x00,0x00,0x80,0xc0,0xc0,
    0xe0,0xe0,0xe0,0xe0,0xc0,0xc0,0x80,0x00,0x00,0x00,0x00,0x00,0x00,0x00,0x00,0x00,0x00,0x00,0x00,0x00,0x00,0x07,0x88,0xd7,0xf8,0x70,0xe0,0xe0,0xe0,0xf7,0x78,0xd7,
    0x88,0x00,0x00,0x00,0x00,0x00,0x00,0x00,0x00,0x00,0x07,0x08,0x3a,0x25,0x08,0x1f,0x08,0x25,0x3a,0x08,0x07,0x00,0x00,0x00,0x00,0x00,0x00,0x00,0x00,0x00,0x00,0x00,
    0x00,0x00,0x00,0x00,0x00,0x00,0x00,0x00,0x00,0x00,0x00,0x00,0x00,0x00,0x00,0x00,0x00,0x00,0x00,0x00,0x00,0x40,0xa0,0x40,0x00,0x00,0x00,0x00,0x00,0x00,0x00,0x00,
    0x00,0x00,0x00,0x80,0x40,0x80,0x00,0x00,0x00,0x00,0x00,0x00,0x00,0x00,0x00,0x00,0x00,0x00,0x00,0x00,0x00,0x00,0x00,0x00,0x00,0x00,0x00,0x7c,0xff,0xff,0xff,0xff,
    0xff,0xff,0xcf,0x2f,0xef,0xe8,0xff,0xff,0xfe,0xfc,0xf8,0xe0,0x00,0x00,0x00,0x00,0x00,0x00,0x00,0x00,0xc0,0xf0,0xff,0xff,0xfc,0xfc,0xf7,0xeb,0xf7,0xfc,0xfc,0xff,
    0xff,0xf0,0xc0,0x00,0x00,0x00,0x00,0x00,0x00,0x00,0x00,0x40,0xa0,0x40,0x00,0x00,0x00,0x00,0x00,0x00,0x00,0x00,0x00,0x80,0x00,0x00,0x00,0x20,0xd0,0x20,0x00,0x00,
    0xf0,0xfe,0xf0,0xe0,0xf0,0xf0,0xb0,0xfc,0xf0,0xf4,0xfa,0xe5,0xee,0xe0,0xf0,0xf0,0xfe,0xf0,0xf0,0xf0,0xfc,0xf4,0xff,0xf2,0xf0,0xf0,0xfc,0xf0,0xf0,0xf0,0xf0,0xf6,
    0xf8,0xe0,0x70,0xf0,0xe5,0xfe,0xfe,0xe1,0xe0,0xf0,0xe0,0xf0,0xfe,0xf0,0xe0,0xf0,0xf0,0xf4,0xfa,0xf4,0xb0,0xf0,0xe0,0xfc,0xf0,0xf0,0xf0,0xfe,0xe1,0xf3,0xf7,0xef,
    0xfd,0xfe,0xfe,0xee,0xff,0xff,0xff,0xff,0xff,0xff,0xf7,0xf3,0x7e,0xf1,0xf0,0xf0,0xf4,0xf8,0xe0,0xf0,0xf1,0xf3,0xf3,0xff,0xf3,0xe3,0xe3,0x7f,0xf3,0xf3,0xf3,0xf7,
    0xfb,0xf3,0xf1,0x70,0xfe,0xf4,0xfa,0xf4,0xf0,0xe0,0xfe,0xe4,0xff,0xf2,0xf0,0xfe,0xf1,0xf4,0xfa,0xf4,0xfe,0xf4,0xfd,0x72,0xef,0xf1,0xf0,0xf6,0xff,0xf2,0xe0,0xe0
  },
  { // 56
    0x00,0x00,0x00,0x00,0x00,0x00,0x00,0x00,0x00,0x00,0x00,0x00,0x00,0x00,0x00,0x00,0x00,0x00,0x00,0x00,0x00,0x00,0x00,0x00,0x00,0x00,0x00,0x00,0x00,0x00,0x00,0x00,
    0x00,0x00,0x00,0x00,0x00,0x00,0x00,0x00,0x00,0x00,0x00,0x00,0x00,0x00,0x00,0x00,0x00,0x00,0x00,0x00,0x00,0x00,0x00,0x00,0x00,0x00,0x00,0x00,0x00,0x00,0x00,0x00,
    0x00,0x00,0x00,0x00,0x00,0x00,0x00,0x00,0x00,0x00,0x00,0x00,0x00,0x00,0x00,0x00,0x00,0x00,0x00,0x00,0x20,0xc0,0x40,0x80,0x00,0x00,0x00,0x00,0x00,0x80,0x40,0xc0,
    0x20,0x00,0x00,0x00,0x00,0x00,0x00,0x00,0x00,0x00,0x00,0x80,0x80,0x40,0x80,0x00,0x80,0x40,0x80,0x80,0x00,0x00,0x00,0x00,0x00,0x00,0x00,0x00,0x00,0x00,0x00,0x00,
    0x00,0x00,0x00,0x00,0x00,0x00,0x00,0x00,0x00,0x00,0x00,0x00,0x00,0x00,0x00,0x00,0x00,0x00,0x00,0x00,0x00,0x00,0x00,0x00,0x00,0x00,0x00,0x00,0x00,0x00,0x00,0x00,
    0x00,0x00,0x00,0x00,0x00,0x00,0x00,0x00,0x00,0x00,0x00,0x00,0x00,0x00,0x00,0x00,0x00,0x00,0x00,0x00,0x00,0x00,0x00,0x00,0x00,0x00,0x00,0x00,0x80,0x80,0xc0,0xc0,
    0xc0,0xc0,0xc0,0xc0,0xc0,0x80,0x00,0x00,0x00,0x00,0x00,0x00,0x00,0x00,0x00,0x00,0x00,0x00,0x00,0x00,0x00,0x07,0x88,0xd7,0xf8,0x70,0xe0,0xe0,0xe0,0xf7,0x78,0xd7,
    0x88,0x00,0x00,0x00,0x00,0x00,0x00,0x00,0x00,0x00,0x07,0x08,0x3a,0x25,0x08,0x1f,0x08,0x25,0x3a,0x08,0x07,0x00,0x00,0x00,0x00,0x00,0x00,0x00,0x00,0x00,0x00,0x00,
    0x00,0x00,0x00,0x00,0x00,0x00,0x00,0x00,0x00,0x00,0x00,0x00,0x00,0x00,0x00,0x00,0x00,0x00,0x00,0x00,0x00,0x40,0xa0,0x40,0x00,0x00,0x00,0x00,0x00,0x00,0x00,0x00,
    0x00,0x00,0x00,0x80,0x40,0x80,0x00,0x00,0x00,0x00,0x00,0x00,0x00,0x00,0x00,0x00,0x00,0x00,0x00,0x00,0x00,0x00,0x00,0x00,0x00,0x00,0x7c,0xfe,0xff,0xff,0xff,0xff,
    0xff,0xdf,0x2f,0xee,0xe8,0xff,0xff,0xfe,0xfc,0xf8,0xe0,0x00,0x00,0x00,0x00,0x00,0x00,0x00,0x00,0x00,0xc0,0xf0,0xff,0xff,0xfc,0xfc,0xf7,0xeb,0xf7,0xfc,0xfc,0xff,
    0xff,0xf0,0xc0,0x00,0x00,0x00,0x00,0x00,0x00,0x00,0x00,0x40,0xa0,0x40,0x00,0x00,0x00,0x00,0x00,0x00,0x00,0x00,0x00,0x80,0x00,0x00,0x00,0x20,0xd0,0x20,0x00,0x00,
    0xf0,0xfe,0xf0,0xe0,0xf0,0xf0,0xb0,0xfc,0xf0,0xf4,0xfa,0xe5,0xee,0xe0,0xf0,0xf0,0xfe,0xf0,0xf0,0xf0,0xfc,0xf4,0xff,0xf2,0xf0,0xf0,0xfc,0xf0,0xf0,0xf0,0xf0,0xf6,
    0xf8,0xe0,0x70,0xf0,0xe5,0xfe,0xfe,0xe1,0xe0,0xf0,0xe0,0xf0,0xfe,0xf0,0xe0,0xf0,0xf0,0xf4,0xfa,0xf4,0xb0,0xf0,0xe0,0xfc,0xf0,0xf0,0xf0,0xff,0xe3,0xf7,0xf7,0xed,
    0xfd,0xfe,0xfe,0xef,0xff,0xff,0xff,0xff,0xff,0xf7,0xf3,0xf0,0x7e,0xf1,0xf0,0xf0,0xf4,0xf8,0xe0,0xf0,0xf1,0xf3,0xf3,0xff,0xf3,0xe3,0xe3,0x7f,0xf3,0xf3,0xf3,0xf7,
    0xfb,0xf3,0xf1,0x70,0xfe,0xf4,0xfa,0xf4,0xf0,0xe0,0xfe,0xe4,0xff,0xf2,0xf0,0xfe,0xf1,0xf4,0xfa,0xf4,0xfe,0xf4,0xfd,0x72,0xef,0xf1,0xf0,0xf6,0xff,0xf2,0xe0,0xe0
  },
  { // 57
    0x00,0x00,0x00,0x00,0x00,0x00,0x00,0x00,0x00,0x00,0x00,0x00,0x00,0x00,0x00,0x00,0x00,0x00,0x00,0x00,0x00,0x00,0x00,0x00,0x00,0x00,0x00,0x00,0x00,0x00,0x00,0x00,
    0x00,0x00,0x00,0x00,0x00,0x00,0x00,0x00,0x00,0x00,0x00,0x00,0x00,0x00,0x00,0x00,0x00,0x00,0x00,0x00,0x00,0x00,0x00,0x00,0x00,0x00,0x00,0x00,0x00,0x00,0x00,0x00,
    0x00,0x00,0x00,0x00,0x00,0x00,0x00,0x00,0x00,0x00,0x00,0x00,0x00,0x00,0x00,0x00,0x00,0x00,0x00,0x00,0x20,0xc0,0x40,0x80,0x00,0x00,0x00,0x00,0x00,0x80,0x40,0xc0,
    0x20,0x00,0x00,0x00,0x00,0x00,0x00,0x00,0x00,0x00,0x00,0x00,0x00,0xa0,0xc0,0x00,0xc0,0xa0,0x00,0x00,0x00,0x00,0x00,0x00,0x00,0x00,0x00,0x00,0x00,0x00,0x00,0x00,
    0x00,0x00,0x00,0x00,0x00,0x00,0x00,0x00,0x00,0x00,0x00,0x00,0x00,0x00,0x00,0x00,0x00,0x00,0x00,0x00,0x00,0x00,0x00,0x00,0x00,0x00,0x00,0x00,0x00,0x00,0x00,0x00,
    0x00,0x00,0x00,0x00,0x00,0x00,0x00,0x00,0x00,0x00,0x00,0x00,0x00,0x00,0x00,0x00,0x00,0x00,0x00,0x00,0x00,0x00,0x00,0x00,0x00,0x00,0x00,0x00,0x80,0xc0,0xc0,0xc0,
    0xc0,0xc0,0xc0,0x80,0x80,0x00,0x00,0x00,0x00,0x00,0x00,0x00,0x00,0x00,0x00,0x00,0x00,0x00,0x00,0x00,0x00,0x07,0x88,0xd7,0xf8,0x70,0xe0,0xe0,0xe0,0xf7,0x78,0xd7,
    0x88,0x00,0x00,0x00,0x00,0x00,0x00,0x00,0x00,0x00,0x00,0x00,0x01,0x03,0x03,0x0c,0x03,0x03,0x01,0x00,0x00,0x00,0x00,0x00,0x00,0x00,0x00,0x00,0x00,0x00,0x00,0x00,
    0x00,0x00,0x00,0x00,0x00,0x00,0x00,0x00,0x00,0x00,0x00,0x00,0x00,0x00,0x00,0x00,0x00,0x00,0x00,0x00,0x00,0x40,0xa0,0x40,0x00,0x00,0x00,0x00,0x00,0x00,0x00,0x00,
    0x00,0x00,0x00,0x80,0x40,0x80,0x00,0x00,0x00,0x00,0x00,0x00,0x00,0x00,0x00,0x00,0x00,0x00,0x00,0x00,0x00,0x00,0x00,0x00,0x00,0xf8,0xfe,0xff,0xff,0xff,0xff,0xff,
    0xdf,0x2f,0xec,0xf2,0xff,0xff,0xfe,0xfe,0xf8,0xf0,0xc0,0x00,0x00,0x00,0x00,0x00,0x00,0x00,0x00,0x00,0xc0,0xf0,0xff,0xff,0xfc,0xfc,0xf7,0xeb,0xf7,0xfc,0xfc,0xff,
    0xff,0xf0,0xc0,0x00,0x00,0x00,0x00,0x00,0x00,0x00,0x00,0x40,0xa0,0x40,0x00,0x00,0x00,0x00,0x00,0x00,0x00,0x00,0x00,0x80,0x00,0x00,0x00,0x20,0xd0,0x20,0x00,0x00,
    0xf0,0xfe,0xf0,0xe0,0xf0,0xf0,0xb0,0xfc,0xf0,0xf4,0xfa,0xe5,0xee,0xe0,0xf0,0xf0,0xfe,0xf0,0xf0,0xf0,0xfc,0xf4,0xff,0xf2,0xf0,0xf0,0xfc,0xf0,0xf0,0xf0,0xf0,0xf6,
    0xf8,0xe0,0x70,0xf0,0xe5,0xfe,0xfe,0xe1,0xe0,0xf0,0xe0,0xf0,0xfe,0xf0,0xe0,0xf0,0xf0,0xf4,0xfa,0xf4,0xb0,0xf0,0xe0,0xfc,0xf0,0xf0,0xf1,0xff,0xe7,0xff,0xff,0xe9,
    0xfd,0xfe,0xfe,0xef,0xff,0xff,0xff,0xf7,0xff,0xf3,0xf1,0xf0,0x7e,0xf1,0xf0,0xf0,0xf4,0xf8,0xe0,0xf0,0xf1,0xf3,0xf3,0xff,0xf3,0xe3,0xe3,0x7f,0xf3,0xf3,0xf3,0xf7,
    0xfb,0xf3,0xf1,0x70,0xfe,0xf4,0xfa,0xf4,0xf0,0xe0,0xfe,0xe4,0xff,0xf2,0xf0,0xfe,0xf1,0xf4,0xfa,0xf4,0xfe,0xf4,0xfd,0x72,0xef,0xf1,0xf0,0xf6,0xff,0xf2,0xe0,0xe0
  },
  { // 58
    0x00,0x00,0x00,0x00,0x00,0x00,0x00,0x00,0x00,0x00,0x00,0x00,0x00,0x00,0x00,0x00,0x00,0x00,0x00,0x00,0x00,0x00,0x00,0x00,0x00,0x00,0x00,0x00,0x00,0x00,0x00,0x00,
    0x00,0x00,0x00,0x00,0x00,0x00,0x00,0x00,0x00,0x00,0x00,0x00,0x00,0x00,0x00,0x00,0x00,0x00,0x00,0x00,0x00,0x00,0x00,0x00,0x00,0x00,0x00,0x00,0x00,0x00,0x00,0x00,
    0x00,0x00,0x00,0x00,0x00,0x00,0x00,0x00,0x00,0x00,0x00,0x00,0x00,0x00,0x00,0x00,0x00,0x00,0x00,0x00,0x00,0x00,0x00,0x00,0x00,0x00,0x00,0x00,0x00,0x00,0x00,0x00,
    0x00,0x00,0x00,0x00,0x00,0x00,0x00,0x00,0x00,0x00,0x00,0x00,0xa0,0xc0,0x00,0xc0,0xa0,0x00,0x00,0x00,0x00,0x00,0x00,0x00,0x00,0x00,0x00,0x00,0x00,0x00,0x00,0x00,
    0x00,0x00,0x00,0x00,0x00,0x00,0x00,0x00,0x00,0x00,0x00,0x00,0x00,0x00,0x00,0x00,0x00,0x00,0x00,0x00,0x00,0x00,0x00,0x00,0x00,0x00,0x00,0x00,0x00,0x00,0x00,0x00,
    0x00,0x00,0x00,0x00,0x00,0x00,0x00,0x00,0x00,0x00,0x00,0x00,0x00,0x00,0x00,0x00,0x00,0x00,0x00,0x00,0x00,0x00,0x00,0x00,0x00,0x00,0x80,0x80,0xc0,0xc0,0xc0,0xc0,
    0xc0,0x80,0x80,0x80,0x00,0x00,0x00,0x00,0x00,0x00,0x00,0x00,0x00,0x00,0x00,0x00,0x00,0x00,0x00,0x00,0x00,0x3e,0x41,0x81,0xfe,0x80,0x00,0x00,0x00,0x80,0xfe,0x81,
    0x41,0x3e,0x00,0x00,0x00,0x00,0x00,0x00,0x00,0x00,0x00,0x01,0x03,0x03,0x0c,0x03,0x03,0x01,0x00,0x00,0x00,0x00,0x00,0x00,0x00,0x00,0x00,0x00,0x00,0x00,0x00,0x00,
    0x00,0x00,0x00,0x00,0x00,0x00,0x00,0x00,0x00,0x00,0x00,0x00,0x00,0x00,0x00,0x00,0x00,0x00,0x00,0x00,0x00,0x40,0xa0,0x40,0x00,0x00,0x00,0x00,0x00,0x00,0x00,0x00,
    0x00,0x00,0x00,0x80,0x40,0x80,0x00,0x00,0x00,0x00,0x00,0x00,0x00,0x00,0x00,0x00,0x00,0x00,0x00,0x00,0x00,0x00,0x00,0x00,0xfc,0xff,0xff,0xff,0xff,0xff,0xff,0xde,
    0x2c,0xf3,0xf7,0xff,0xff,0xfe,0xfe,0xfc,0xf0,0x00,0x00,0x00,0x00,0x00,0x00,0x00,0x00,0x00,0x00,0x00,0x00,0x80,0xfc,0xfe,0xef,0xe7,0xbf,0xdf,0xbf,0xef,0xe7,0xfe,
    0xfc,0x80,0x00,0x00,0x00,0x00,0x00,0x00,0x00,0x00,0x00,0x40,0xa0,0x40,0x00,0x00,0x00,0x00,0x00,0x00,0x00,0x00,0x00,0x80,0x00,0x00,0x00,0x20,0xd0,0x20,0x00,0x00,
    0xf0,0xfe,0xf0,0xe0,0xf0,0xf0,0xb0,0xfc,0xf0,0xf4,0xfa,0xe5,0xee,0xe0,0xf0,0xf0,0xfe,0xf0,0xf0,0xf0,0xfc,0xf4,0xff,0xf2,0xf0,0xf0,0xfc,0xf0,0xf0,0xf0,0xf0,0xf6,
    0xf8,0xe0,0x70,0xf0,0xe5,0xfe,0xfe,0xe1,0xe0,0xf0,0xe0,0xf0,0xfe,0xf0,0xe0,0xf0,0xf0,0xf4,0xfa,0xf4,0xb0,0xf0,0xe0,0xfc,0xf1,0xf3,0xf7,0xff,0xef,0xff,0xfb,0xed,
    0xfe,0xfe,0xff,0xef,0xff,0xf7,0xf7,0xf3,0xfd,0xf0,0xf0,0xf0,0x7e,0xf1,0xf0,0xf0,0xf4,0xf8,0xe0,0xf0,0xfe,0xff,0xff,0xff,0xff,0xff,0xff,0x7f,0xff,0xff,0xff,0xff,
    0xff,0xff,0xfe,0x70,0xfe,0xf4,0xfa,0xf4,0xf0,0xe0,0xfe,0xe4,0xff,0xf2,0xf0,0xfe,0xf1,0xf4,0xfa,0xf4,0xfe,0xf4,0xfd,0x72,0xef,0xf1,0xf0,0xf6,0xff,0xf2,0xe0,0xe0
  },
  { // 59
    0x00,0x00,0x00,0x00,0x00,0x00,0x00,0x00,0x00,0x00,0x00,0x00,0x00,0x00,0x00,0x00,0x00,0x00,0x00,0x00,0x00,0x00,0x00,0x00,0x00,0x00,0x00,0x00,0x00,0x00,0x00,0x00,
    0x00,0x00,0x00,0x00,0x00,0x00,0x00,0x00,0x00,0x00,0x00,0x00,0x00,0x00,0x00,0x00,0x00,0x00,0x00,0x00,0x00,0x00,0x00,0x00,0x00,0x00,0x00,0x00,0x00,0x00,0x00,0x00,
    0x00,0x00,0x00,0x00,0x00,0x00,0x00,0x00,0x00,0x00,0x00,0x00,0x00,0x00,0x00,0x00,0x00,0x00,0x00,0x00,0x00,0x00,0x00,0x00,0x00,0x00,0x00,0x00,0x00,0x00,0x00,0x00,
    0x00,0x00,0x00,0x00,0x00,0x00,0x00,0x00,0x00,0x00,0x00,0x00,0xa0,0xc0,0x00,0xc0,0xa0,0x00,0x00,0x00,0x00,0x00,0x00,0x00,0x00,0x00,0x00,0x00,0x00,0x00,0x00,0x00,
    0x00,0x00,0x00,0x00,0x00,0x00,0x00,0x00,0x00,0x00,0x00,0x00,0x00,0x00,0x00,0x00,0x00,0x00,0x00,0x00,0x00,0x00,0x00,0x00,0x00,0x00,0x00,0x00,0x00,0x00,0x00,0x00,
    0x00,0x00,0x00,0x00,0x00,0x00,0x00,0x00,0x00,0x00,0x00,0x00,0x00,0x00,0x00,0x00,0x00,0x00,0x00,0x00,0x00,0x00,0x00,0x00,0x80,0x80,0xc0,0xc0,0xc0,0xc0,0xc0,0xc0,
    0x80,0x80,0x80,0x00,0x00,0x00,0x00,0x00,0x00,0x00,0x00,0x00,0x00,0x00,0x00,0x00,0x00,0x00,0x00,0x00,0x00,0x3e,0x41,0x81,0xfe,0x80,0x00,0x00,0x00,0x80,0xfe,0x81,
    0x41,0x3e,0x00,0x00,0x00,0x00,0x00,0x00,0x00,0x00,0x00,0x01,0x03,0x03,0x0c,0x03,0x03,0x01,0x00,0x00,0x00,0x00,0x00,0x00,0x00,0x00,0x00,0x00,0x00,0x00,0x00,0x00,
    0x00,0x00,0x00,0x00,0x00,0x00,0x00,0x00,0x00,0x00,0x00,0x00,0x00,0x00,0x00,0x00,0x00,0x00,0x00,0x00,0x00,0x40,0xa0,0x40,0x00,0x00,0x00,0x00,0x00,0x00,0x00,0x00,
    0x00,0x00,0x00,0x80,0x40,0x80,0x00,0x00,0x00,0x00,0x00,0x00,0x00,0x00,0x00,0x00,0x00,0x00,0x00,0x00,0x00,0xf8,0xfe,0xff,0xff,0xff,0xff,0xfe,0xde,0xcd,0xb3,0x7f,
    0xff,0xff,0xff,0xff,0xff,0xfe,0x3c,0x00,0x00,0x00,0x00,0x00,0x00,0x00,0x00,0x00,0x00,0x00,0x00,0x00,0x00,0x80,0xfc,0xfe,0xef,0xe7,0xbf,0xdf,0xbf,0xef,0xe7,0xfe,
    0xfc,0x80,0x00,0x00,0x00,0x00,0x00,0x00,0x00,0x00,0x00,0x40,0xa0,0x40,0x00,0x00,0x00,0x00,0x00,0x00,0x00,0x00,0x00,0x80,0x00,0x00,0x00,0x20,0xd0,0x20,0x00,0x00,
    0xf0,0xfe,0xf0,0xe0,0xf0,0xf0,0xb0,0xfc,0xf0,0xf4,0xfa,0xe7,0xec,0xe0,0xf0,0xf0,0xfe,0xf0,0xf0,0xf0,0xfc,0xf4,0xff,0xf2,0xf0,0xf0,0xfc,0xf0,0xf0,0xf0,0xf0,0xf6,
    0xf8,0xe0,0x70,0xf0,0xe5,0xfe,0xfe,0xe1,0xe0,0xf0,0xe0,0xf2,0xfc,0xf0,0xe0,0xf0,0xf0,0xf4,0xfa,0xf4,0xb0,0xf0,0xe3,0xff,0xff,0xff,0xff,0xff,0xef,0xfb,0xf8,0xef,
    0xf7,0xf7,0xf3,0xe7,0xf9,0xf0,0xf0,0xf0,0xfc,0xf0,0xf0,0xf0,0x7e,0xf1,0xf0,0xf0,0xf4,0xf8,0xe0,0xf0,0xfe,0xff,0xff,0xff,0xff,0xff,0xff,0x7f,0xff,0xff,0xff,0xff,
    0xff,0xff,0xfe,0x70,0xfe,0xf4,0xfa,0xf4,0xf0,0xe2,0xfc,0xe4,0xff,0xf2,0xf0,0xfe,0xf1,0xf4,0xfa,0xf4,0xfe,0xf4,0xfd,0x72,0xef,0xf1,0xf0,0xf6,0xff,0xf2,0xe0,0xe0
  },
  { // 60
    0x00,0x00,0x00,0x00,0x00,0x00,0x00,0x00,0x00,0x00,0x00,0x00,0x00,0x00,0x00,0x00,0x00,0x00,0x00,0x00,0x00,0x00,0x00,0x00,0x00,0x00,0x00,0x00,0x00,0x00,0x00,0x00,
    0x00,0x00,0x00,0x00,0x00,0x00,0x00,0x00,0x00,0x00,0x00,0x00,0x00,0x00,0x00,0x00,0x00,0x00,0x00,0x00,0x00,0x00,0x00,0x00,0x00,0x00,0x00,0x00,0x00,0x00,0x00,0x00,
    0x00,0x00,0x00,0x00,0x00,0x00,0x00,0x00,0x00,0x00,0x00,0x00,0x00,0x00,0x00,0x00,0x00,0x00,0x00,0x00,0x00,0x00,0x00,0x00,0x00,0x00,0x00,0x00,0x00,0x00,0x00,0x00,
    0x00,0x00,0x00,0x00,0x00,0x00,0x00,0x00,0x00,0xc0,0x20,0xa0,0x50,0x20,0xc0,0x20,0x50,0xa0,0x20,0xc0,0x00,0x00,0x00,0x00,0x00,0x00,0x00,0x00,0x00,0x00,0x00,0x00,
    0x00,0x00,0x00,0x00,0x00,0x00,0x00,0x00,0x00,0x00,0x00,0x00,0x00,0x00,0x00,0x00,0x00,0x00,0x00,0x00,0x00,0x00,0x00,0x00,0x00,0x00,0x00,0x00,0x00,0x00,0x00,0x00,
    0x00,0x00,0x00,0x00,0x00,0x00,0x00,0x00,0x00,0x00,0x00,0x00,0x00,0x00,0x00,0x00,0x00,0x00,0x00,0x00,0x00,0x00,0x80,0x80,0xc0,0xc0,0xc0,0xc0,0xc0,0xc0,0xc0,0xc0,
    0xc0,0xc0,0x80,0x00,0x00,0x00,0x00,0x00,0x00,0x00,0x00,0x00,0x00,0x00,0x00,0x00,0x00,0x00,0x00,0x00,0x00,0x3e,0x41,0x81,0xfe,0x80,0x00,0x00,0x00,0x80,0xfe,0x81,
    0x41,0x3e,0x00,0x00,0x00,0x00,0x00,0x00,0x00,0x01,0x02,0x0e,0x09,0x02,0x07,0x02,0x09,0x0e,0x02,0x01,0x00,0x00,0x00,0x00,0x00,0x00,0x00,0x00,0x00,0x00,0x00,0x00,
    0x00,0x00,0x00,0x00,0x00,0x00,0x00,0x00,0x00,0x00,0x00,0x00,0x00,0x00,0x00,0x00,0x00,0x00,0x00,0x00,0x40,0xa0,0x40,0x00,0x00,0x00,0x00,0x00,0x00,0x00,0x00,0x00,
    0x00,0x00,0x00,0x80,0x40,0x80,0x00,0x00,0x00,0x00,0x00,0x00,0x00,0x00,0x00,0x00,0x00,0x00,0x00,0xfc,0xfe,0xff,0xff,0xff,0xfe,0xff,0xcd,0xd9,0xdf,0x3f,0xff,0xff,
    0xff,0xff,0x7f,0x1f,0x00,0x00,0x00,0x00,0x00,0x00,0x00,0x00,0x00,0x00,0x00,0x00,0x00,0x00,0x00,0x00,0x00,0x80,0xfc,0xfe,0xef,0xe7,0xbf,0xdf,0xbf,0xef,0xe7,0xfe,
    0xfc,0x80,0x00,0x00,0x00,0x00,0x00,0x00,0x00,0x00,0x00,0x40,0xa0,0x40,0x00,0x00,0x00,0x00,0x00,0x00,0x00,0x00,0x00,0x80,0x00,0x00,0x00,0x20,0xd0,0x20,0x00,0x00,
    0xf0,0xfe,0xf0,0xe0,0xf0,0xf0,0xb0,0xfc,0xf0,0xf4,0xfa,0xe7,0xec,0xe0,0xf0,0xf0,0xfe,0xf0,0xf0,0xf0,0xfc,0xf4,0xff,0xf2,0xf0,0xf0,0xfc,0xf0,0xf0,0xf0,0xf0,0xf6,
    0xf8,0xe0,0x70,0xf0,0xe5,0xfe,0xff,0xe0,0xe0,0xf0,0xe0,0xf2,0xfc,0xf0,0xe0,0xf0,0xf0,0xf4,0xfa,0xf4,0xb3,0xf7,0xef,0xff,0xff,0xff,0xff,0xff,0xed,0xf5,0xf7,0xef,
    0xf3,0xf0,0xf0,0xe4,0xf8,0xf0,0xf0,0xf0,0xfc,0xf0,0xf0,0xf0,0x7f,0xf0,0xf0,0xf0,0xf4,0xf8,0xe0,0xf0,0xfe,0xff,0xff,0xff,0xff,0xff,0xff,0x7f,0xff,0xff,0xff,0xff,
    0xff,0xff,0xfe,0x70,0xfe,0xf4,0xfa,0xf4,0xf0,0xe2,0xfc,0xe4,0xff,0xf2,0xf0,0xff,0xf0,0xf4,0xfa,0xf4,0xfe,0xf4,0xfd,0x72,0xef,0xf0,0xf0,0xf6,0xff,0xf2,0xe0,0xe0
  },
  { // 61
    0x00,0x00,0x00,0x00,0x00,0x00,0x00,0x00,0x00,0x00,0x00,0x00,0x00,0x00,0x00,0x00,0x00,0x00,0x00,0x00,0x00,0x00,0x00,0x00,0x00,0x00,0x00,0x00,0x00,0x00,0x00,0x00,
    0x00,0x00,0x00,0x00,0x00,0x00,0x00,0x00,0x00,0x00,0x00,0x00,0x00,0x00,0x00,0x00,0x00,0x00,0x00,0x00,0x00,0x00,0x00,0x00,0x00,0x00,0x00,0x00,0x00,0x00,0x00,0x00,
    0x00,0x00,0x00,0x00,0x00,0x00,0x00,0x00,0x00,0x00,0x00,0x00,0x00,0x00,0x00,0x00,0x00,0x00,0x00,0x00,0x00,0x00,0x00,0x00,0x00,0x00,0x00,0x00,0x00,0x00,0x00,0x00,
    0x00,0x00,0x00,0x00,0x00,0x00,0x00,0x00,0x00,0xc0,0x20,0xa0,0x50,0x20,0xc0,0x20,0x50,0xa0,0x20,0xc0,0x00,0x00,0x00,0x00,0x00,0x00,0x00,0x00,0x00,0x00,0x00,0x00,
    0x00,0x00,0x00,0x00,0x00,0x00,0x00,0x00,0x00,0x00,0x00,0x00,0x00,0x00,0x00,0x00,0x00,0x00,0x00,0x00,0x00,0x00,0x00,0x00,0x00,0x00,0x00,0x00,0x00,0x00,0x00,0x00,
    0x00,0x00,0x00,0x00,0x00,0x00,0x00,0x00,0x00,0x00,0x00,0x00,0x00,0x00,0x00,0x00,0x00,0x00,0x00,0x00,0x80,0xc0,0xc0,0xe0,0xe0,0xe0,0xf0,0xf0,0xf0,0xe0,0xe0,0xc0,
    0x80,0x00,0x00,0x00,0x00,0x00,0x00,0x00,0x00,0x00,0x00,0x00,0x00,0x00,0x00,0x00,0x00,0x00,0x00,0x00,0x00,0x3e,0x41,0x81,0xfe,0x80,0x00,0x00,0x00,0x80,0xfe,0x81,
    0x41,0x3e,0x00,0x00,0x00,0x00,0x00,0x00,0x00,0x01,0x02,0x0e,0x09,0x02,0x07,0x02,0x09,0x0e,0x02,0x01,0x00,0x00,0x00,0x00,0x00,0x00,0x00,0x00,0x00,0x00,0x00,0x00,
    0x00,0x00,0x00,0x00,0x00,0x00,0x00,0x00,0x00,0x00,0x00,0x00,0x00,0x00,0x00,0x00,0x00,0x00,0x00,0x00,0x40,0xa0,0x40,0x00,0x00,0x00,0x00,0x00,0x00,0x00,0x00,0x00,
    0x00,0x00,0x00,0x80,0x40,0x80,0x00,0x00,0x00,0x00,0x00,0x00,0x00,0x00,0x00,0x00,0x00,0xfc,0xff,0xff,0xfd,0xfd,0xfd,0xfd,0xe1,0xef,0xef,0x0f,0xff,0xff,0xff,0xff,
    0x27,0x00,0x00,0x00,0x00,0x00,0x00,0x00,0x00,0x00,0x00,0x00,0x00,0x00,0x00,0x00,0x00,0x00,0x00,0x00,0x00,0x80,0xfc,0xfe,0xef,0xe7,0xbf,0xdf,0xbf,0xef,0xe7,0xfe,
    0xfc,0x80,0x00,0x00,0x00,0x00,0x00,0x00,0x00,0x00,0x00,0x40,0xa0,0x40,0x00,0x00,0x00,0x00,0x00,0x00,0x00,0x00,0x00,0x80,0x00,0x00,0x00,0x20,0xd0,0x20,0x00,0x00,
    0xf0,0xfe,0xf0,0xe0,0xf0,0xf0,0xb0,0xfc,0xf0,0xf4,0xfa,0xe7,0xec,0xe0,0xf0,0xf0,0xfe,0xf0,0xf0,0xf0,0xfc,0xf4,0xff,0xf2,0xf0,0xf0,0xfc,0xf0,0xf0,0xf0,0xf0,0xf6,
    0xf8,0xe0,0x70,0xf0,0xe5,0xfe,0xff,0xe0,0xe0,0xf0,0xe0,0xf2,0xfc,0xf0,0xe0,0xf0,0xf0,0xf5,0xfb,0xf7,0xbf,0xff,0xef,0xff,0xff,0xff,0xff,0xfe,0xe7,0xf3,0xf6,0xef,
    0xf2,0xf0,0xf0,0xe4,0xf8,0xf0,0xf0,0xf0,0xfc,0xf0,0xf0,0xf0,0x7f,0xf0,0xf0,0xf0,0xf4,0xf8,0xe0,0xf0,0xfe,0xff,0xff,0xff,0xff,0xff,0xff,0x7f,0xff,0xff,0xff,0xff,
    0xff,0xff,0xfe,0x70,0xfe,0xf4,0xfa,0xf4,0xf0,0xe2,0xfc,0xe4,0xff,0xf2,0xf0,0xff,0xf0,0xf4,0xfa,0xf4,0xfe,0xf4,0xfd,0x72,0xef,0xf0,0xf0,0xf6,0xff,0xf2,0xe0,0xe0
  },
  { // 62
    0x00,0x00,0x00,0x00,0x00,0x00,0x00,0x00,0x00,0x00,0x00,0x00,0x00,0x00,0x00,0x00,0x00,0x00,0x00,0x00,0x00,0x00,0x00,0x00,0x00,0x00,0x00,0x00,0x00,0x00,0x00,0x00,
    0x00,0x00,0x00,0x00,0x00,0x00,0x00,0x00,0x00,0x00,0x00,0x00,0x00,0x00,0x00,0x00,0x00,0x00,0x00,0x00,0x00,0x00,0x00,0x00,0x00,0x00,0x00,0x00,0x00,0x00,0x00,0x00,
    0x00,0x00,0x00,0x00,0x00,0x00,0x00,0x00,0x00,0x00,0x00,0x00,0x00,0x00,0x00,0x00,0x00,0x00,0x00,0x00,0x00,0x00,0x00,0x00,0x00,0x00,0x00,0x00,0x00,0x00,0x00,0x00,
    0x00,0x00,0x00,0x00,0x00,0x00,0x00,0x00,0xe0,0x10,0x50,0xa8,0x10,0xe0,0x10,0xa8,0x50,0x10,0xe0,0x00,0x00,0x00,0x00,0x00,0x00,0x00,0x00,0x00,0x00,0x00,0x00,0x00,
    0x00,0x00,0x00,0x00,0x00,0x00,0x00,0x00,0x00,0x00,0x00,0x00,0x00,0x00,0x00,0x00,0x00,0x00,0x00,0x00,0x00,0x00,0x00,0x00,0x00,0x00,0x00,0x00,0x00,0x00,0x00,0x00,
    0x00,0x00,0x00,0x00,0x00,0x00,0x00,0x00,0x00,0x00,0x00,0x00,0x00,0x00,0x00,0x00,0x00,0x80,0xc0,0xe0,0xe0,0xf0,0xf0,0xf8,0xf8,0xf8,0xf0,0xf0,0xe0,0x00,0x00,0x00,
    0x00,0x00,0x00,0x00,0x00,0x00,0x00,0x00,0x00,0x00,0x00,0x00,0x00,0x00,0x00,0x00,0x00,0x00,0x00,0x00,0x00,0x3e,0x41,0x81,0xfe,0x80,0x00,0x00,0x00,0x80,0xfe,0x81,
    0x41,0x3e,0x00,0x00,0x00,0x00,0x00,0x00,0x00,0x01,0x07,0x04,0x01,0x03,0x01,0x04,0x07,0x01,0x00,0x00,0x00,0x00,0x00,0x00,0x00,0x00,0x00,0x00,0x00,0x00,0x00,0x00,
    0x00,0x00,0x00,0x00,0x00,0x00,0x00,0x00,0x00,0x00,0x00,0x00,0x00,0x00,0x00,0x00,0x00,0x00,0x00,0x00,0x40,0xa0,0x40,0x00,0x00,0x00,0x00,0x00,0x00,0x00,0x00,0x00,
    0x00,0x00,0x00,0x00,0x80,0x40,0x80,0x00,0x00,0x00,0x00,0x00,0x00,0x00,0x00,0xfc,0xff,0xf9,0xfb,0xfd,0xfd,0xf1,0xef,0xef,0xff,0xe7,0x3f,0xff,0xff,0x0e,0x20,0xd0,
    0x20,0x00,0x00,0x00,0x00,0x00,0x00,0x00,0x00,0x00,0x00,0x00,0x00,0x00,0x00,0x00,0x00,0x00,0x00,0x00,0x00,0x80,0xfc,0xfe,0xef,0xe7,0xbf,0xdf,0xbf,0xef,0xe7,0xfe,
    0xfc,0x80,0x00,0x00,0x00,0x00,0x00,0x00,0x00,0x00,0x00,0x00,0x40,0xa0,0x40,0x00,0x00,0x00,0x00,0x00,0x00,0x00,0x00,0x80,0x00,0x00,0x00,0x20,0xd0,0x20,0x00,0x00,
    0xf0,0xfe,0xf0,0xe0,0xf0,0xf0,0xb0,0xfc,0xf0,0xf4,0xfa,0xe7,0xec,0xe0,0xf0,0xf0,0xfe,0xf0,0xf0,0xf0,0xfc,0xf4,0xff,0xf2,0xf0,0xf0,0xfc,0xf0,0xf0,0xf0,0xf0,0xf6,
    0xf8,0xe0,0x70,0xf0,0xe4,0xff,0xff,0xe0,0xe0,0xf0,0xe0,0xf2,0xfc,0xf0,0xe0,0xf1,0xf3,0xf7,0xff,0xff,0xbf,0xff,0xef,0xff,0xff,0xf7,0xf7,0xff,0xe0,0xf0,0xf6,0xef,
    0xf2,0xf0,0xf0,0xe4,0xf8,0xf0,0xf0,0xf0,0xfc,0xf0,0xf0,0xf0,0x7f,0xf0,0xf0,0xf0,0xf4,0xf8,0xe0,0xf0,0xfe,0xff,0xff,0xff,0xff,0xff,0xff,0x7f,0xff,0xff,0xff,0xff,
    0xff,0xff,0xfe,0x70,0xfe,0xf4,0xfa,0xf4,0xf0,0xe2,0xfc,0xe4,0xff,0xf2,0xf0,0xff,0xf0,0xf4,0xfa,0xf4,0xfe,0xf4,0xfd,0x72,0xef,0xf0,0xf0,0xf6,0xff,0xf2,0xe0,0xe0
  },
  { // 63
    0x00,0x00,0x00,0x00,0x00,0x00,0x00,0x00,0x00,0x00,0x00,0x00,0x00,0x00,0x00,0x00,0x00,0x00,0x00,0x00,0x00,0x00,0x00,0x00,0x00,0x00,0x00,0x00,0x00,0x00,0x00,0x00,
    0x00,0x00,0x00,0x00,0x00,0x00,0x00,0x00,0x00,0x00,0x00,0x00,0x00,0x00,0x00,0x00,0x00,0x00,0x00,0x00,0x00,0x00,0x00,0x00,0x00,0x00,0x00,0x00,0x00,0x00,0x00,0x00,
    0x00,0x00,0x00,0x00,0x00,0x00,0x00,0x00,0x00,0x00,0x00,0x00,0x00,0x00,0x00,0x00,0x00,0x00,0x00,0x00,0x00,0x00,0x00,0x00,0x00,0x00,0x00,0x00,0x00,0x00,0x00,0x00,
    0x00,0x00,0x00,0x00,0x00,0x00,0x00,0x00,0xe0,0x10,0x50,0xa8,0x10,0xe0,0x10,0xa8,0x50,0x10,0xe0,0x00,0x00,0x00,0x00,0x00,0x00,0x00,0x00,0x00,0x00,0x00,0x00,0x00,
    0x00,0x00,0x00,0x00,0x00,0x00,0x00,0x00,0x00,0x00,0x00,0x00,0x00,0x00,0x00,0x00,0x00,0x00,0x00,0x00,0x00,0x00,0x00,0x00,0x00,0x00,0x00,0x00,0x00,0x00,0x00,0x00,
    0x00,0x00,0x00,0x00,0x00,0x00,0x00,0x00,0x00,0x00,0x00,0x00,0x00,0x00,0x00,0xc0,0xe0,0xf0,0xf0,0xf8,0xf8,0xf8,0xf8,0xf0,0xe0,0xc0,0x00,0x00,0x00,0x00,0x00,0x00,
    0x00,0x00,0x00,0x00,0x00,0x00,0x00,0x00,0x00,0x00,0x00,0x00,0x00,0x00,0x00,0x00,0x00,0x00,0x00,0x00,0x00,0x3e,0x41,0x81,0xfe,0x80,0x00,0x00,0x00,0x80,0xfe,0x81,
    0x41,0x3e,0x00,0x00,0x00,0x00,0x00,0x00,0x00,0x01,0x07,0x04,0x01,0x03,0x01,0x04,0x07,0x01,0x00,0x00,0x00,0x00,0x00,0x00,0x00,0x00,0x00,0x00,0x00,0x00,0x00,0x00,
    0x00,0x00,0x00,0x00,0x00,0x00,0x00,0x00,0x00,0x00,0x00,0x00,0x00,0x00,0x00,0x00,0x00,0x00,0x00,0x00,0x40,0xa0,0x40,0x00,0x00,0x00,0x00,0x00,0x00,0x00,0x00,0x00,
    0x00,0x00,0x00,0x00,0x80,0x40,0x80,0x00,0x00,0x00,0x00,0x00,0x00,0xfc,0xff,0xf7,0xfb,0xfb,0xf3,0xef,0xef,0xf7,0xf7,0xf7,0xcf,0xdf,0xfe,0x00,0x00,0x00,0x20,0xd0,
    0x20,0x00,0x00,0x00,0x00,0x00,0x00,0x00,0x00,0x00,0x00,0x00,0x00,0x00,0x00,0x00,0x00,0x00,0x00,0x00,0x00,0x80,0xfc,0xfe,0xef,0xe7,0xbf,0xdf,0xbf,0xef,0xe7,0xfe,
    0xfc,0x80,0x00,0x00,0x00,0x00,0x00,0x00,0x00,0x00,0x00,0x00,0x40,0xa0,0x40,0x00,0x00,0x00,0x00,0x00,0x00,0x00,0x00,0x80,0x00,0x00,0x00,0x20,0xd0,0x20,0x00,0x00,
    0xf0,0xfe,0xf0,0xe0,0xf0,0xf0,0xb0,0xfc,0xf0,0xf4,0xfa,0xe7,0xec,0xe0,0xf0,0xf0,0xfe,0xf0,0xf0,0xf0,0xfc,0xf4,0xff,0xf2,0xf0,0xf0,0xfc,0xf0,0xf0,0xf0,0xf0,0xf6,
    0xf8,0xe0,0x70,0xf0,0xe4,0xff,0xff,0xe0,0xe0,0xf0,0xe0,0xf2,0xfc,0xf1,0xe3,0xf7,0xff,0xff,0xff,0xff,0xbf,0xff,0xef,0xff,0xf7,0xf3,0xf2,0xfc,0xe0,0xf0,0xf6,0xef,
    0xf2,0xf0,0xf0,0xe4,0xf8,0xf0,0xf0,0xf0,0xfc,0xf0,0xf0,0xf0,0x7f,0xf0,0xf0,0xf0,0xf4,0xf8,0xe0,0xf0,0xfe,0xff,0xff,0xff,0xff,0xff,0xff,0x7f,0xff,0xff,0xff,0xff,
    0xff,0xff,0xfe,0x70,0xfe,0xf4,0xfa,0xf4,0xf0,0xe2,0xfc,0xe4,0xff,0xf2,0xf0,0xff,0xf0,0xf4,0xfa,0xf4,0xfe,0xf4,0xfd,0x72,0xef,0xf0,0xf0,0xf6,0xff,0xf2,0xe0,0xe0
  },
  { // 64
    0x00,0x00,0x00,0x00,0x00,0x00,0x00,0x00,0x00,0x00,0x00,0x00,0x00,0x00,0x00,0x00,0x00,0x00,0x00,0x00,0x00,0x00,0x00,0x00,0x00,0x00,0x00,0x00,0x00,0x00,0x00,0x00,
    0x00,0x00,0x00,0x00,0x00,0x00,0x00,0x00,0x00,0x00,0x00,0x00,0x00,0x00,0x00,0x00,0x00,0x00,0x00,0x00,0x00,0x00,0x00,0x00,0x00,0x00,0x00,0x00,0x00,0x00,0x00,0x00,
    0x00,0x00,0x00,0x00,0x00,0x00,0x00,0x00,0x00,0x00,0x00,0x00,0x00,0x00,0x00,0x00,0x00,0x00,0x00,0x00,0x00,0x00,0x00,0x00,0x00,0x00,0x00,0x00,0x00,0x00,0x00,0x00,
    0x00,0x00,0x00,0x00,0x00,0x00,0x00,0x00,0x00,0x00,0x40,0xe8,0xf0,0x00,0xf0,0xe8,0x40,0x00,0x00,0x00,0x00,0x00,0x00,0x00,0x00,0x00,0x00,0x00,0x00,0x00,0x00,0x00,
    0x00,0x00,0x00,0x00,0x00,0x00,0x00,0x00,0x00,0x00,0x00,0x00,0x00,0x00,0x00,0x00,0x00,0x00,0x00,0x00,0x00,0x00,0x00,0x00,0x00,0x00,0x00,0x00,0x00,0x00,0x00,0x00,
    0x00,0x00,0x00,0x00,0x00,0x00,0x00,0x00,0x00,0x00,0x00,0x00,0xc0,0xe0,0xf0,0xf8,0xf8,0xf8,0xf8,0xf8,0xf0,0xe0,0xc0,0x00,0x00,0x00,0x00,0x00,0x00,0x00,0x00,0x00,
    0x00,0x00,0x00,0x00,0x00,0x00,0x00,0x00,0x00,0x00,0x00,0x00,0x00,0x00,0x00,0x00,0x00,0x00,0x00,0x00,0x00,0x3e,0x41,0x81,0xfe,0x80,0x00,0x00,0x00,0x80,0xfe,0x81,
    0x41,0x3e,0x00,0x00,0x00,0x00,0x00,0x00,0x00,0x00,0x00,0x00,0x00,0x03,0x00,0x00,0x00,0x00,0x00,0x00,0x00,0x00,0x00,0x00,0x00,0x00,0x00,0x00,0x00,0x00,0x00,0x00,
    0x00,0x00,0x00,0x00,0x00,0x00,0x00,0x00,0x00,0x00,0x00,0x00,0x00,0x00,0x00,0x00,0x00,0x00,0x00,0x00,0x40,0xa0,0x40,0x00,0x00,0x00,0x00,0x00,0x00,0x00,0x00,0x00,
    0x00,0x00,0x00,0x00,0x80,0x40,0x80,0x00,0x00,0x00,0x00,0xff,0xdf,0xef,0xf7,0xf3,0xf7,0xef,0xe7,0xfb,0xfb,0xf7,0xf7,0xff,0xfc,0x00,0x00,0x00,0x00,0x00,0x20,0xd0,
    0x20,0x00,0x00,0x00,0x00,0x00,0x00,0x00,0x00,0x00,0x00,0x00,0x00,0x00,0x00,0x00,0x00,0x00,0x00,0x00,0x00,0x80,0xfc,0xfe,0xef,0xe7,0xbf,0xdf,0xbf,0xef,0xe7,0xfe,
    0xfc,0x80,0x00,0x00,0x00,0x00,0x00,0x00,0x00,0x00,0x00,0x00,0x40,0xa0,0x40,0x00,0x00,0x00,0x00,0x00,0x00,0x00,0x80,0x00,0x00,0x00,0x00,0x20,0xd0,0x20,0x00,0x00,
    0xf0,0xfe,0xf0,0xe0,0xf0,0xf0,0xb0,0xfc,0xf0,0xf4,0xfa,0xe7,0xec,0xe0,0xf0,0xf0,0xfe,0xf0,0xf0,0xf0,0xfc,0xf4,0xff,0xf2,0xf0,0xf0,0xfc,0xf0,0xf0,0xf0,0xf2,0xfc,
    0xf0,0xe0,0x70,0xf0,0xe4,0xff,0xff,0xe0,0xe0,0xf0,0xe0,0xf3,0xff,0xf7,0xef,0xff,0xff,0xff,0xff,0xff,0xbf,0xff,0xe7,0xff,0xf0,0xf0,0xf2,0xfc,0xe0,0xf0,0xf6,0xef,
    0xf2,0xf0,0xf0,0xec,0xf0,0xf0,0xf0,0xf0,0xfc,0xf0,0xf0,0xf0,0x7f,0xf0,0xf0,0xf0,0xfc,0xf0,0xe0,0xf0,0xfe,0xff,0xff,0xff,0xff,0xff,0xff,0x7f,0xff,0xff,0xff,0xff,
    0xff,0xff,0xfe,0x70,0xfe,0xf4,0xfa,0xf4,0xf0,0xe2,0xfc,0xe4,0xff,0xf2,0xf0,0xff,0xf0,0xf4,0xfa,0xf4,0xfe,0xf5,0xfe,0x73,0xef,0xf0,0xf2,0xfc,0xff,0xf2,0xe0,0xe0
  },
  { // 65
    0x00,0x00,0x00,0x00,0x00,0x00,0x00,0x00,0x00,0x00,0x00,0x00,0x00,0x00,0x00,0x00,0x00,0x00,0x00,0x00,0x00,0x00,0x00,0x00,0x00,0x00,0x00,0x00,0x00,0x00,0x00,0x00,
    0x00,0x00,0x00,0x00,0x00,0x00,0x00,0x00,0x00,0x00,0x00,0x00,0x00,0x00,0x00,0x00,0x00,0x00,0x00,0x00,0x00,0x00,0x00,0x00,0x00,0x00,0x00,0x00,0x00,0x00,0x00,0x00,
    0x00,0x00,0x00,0x00,0x00,0x00,0x00,0x00,0x00,0x00,0x00,0x00,0x00,0x00,0x00,0x00,0x00,0x00,0x00,0x00,0x00,0x00,0x00,0x00,0x00,0x00,0x00,0x00,0x00,0x00,0x00,0x00,
    0x00,0x00,0x00,0x00,0x00,0x00,0x00,0x00,0x00,0x00,0x20,0x74,0x78,0x80,0x78,0x74,0x20,0x00,0x00,0x00,0x00,0x00,0x00,0x00,0x00,0x00,0x00,0x00,0x00,0x00,0x00,0x00,
    0x00,0x00,0x00,0x00,0x00,0x00,0x00,0x00,0x00,0x00,0x00,0x00,0x00,0x00,0x00,0x00,0x00,0x00,0x00,0x00,0x00,0x00,0x00,0x00,0x00,0x00,0x00,0x00,0x00,0x00,0x00,0x00,
    0x00,0x00,0x00,0x00,0x00,0x00,0x00,0x00,0x00,0xe0,0xf0,0xf8,0xf8,0xf8,0xf8,0xf0,0xf0,0xe0,0xe0,0xc0,0x80,0x00,0x00,0x00,0x00,0x00,0x00,0x00,0x00,0x00,0x00,0x00,
    0x00,0x00,0x00,0x00,0x00,0x00,0x00,0x00,0x00,0x00,0x00,0x00,0x00,0x00,0x00,0x00,0x00,0x00,0x00,0x00,0x00,0x3e,0x41,0x81,0xfe,0x80,0x00,0x00,0x00,0x80,0xfe,0x81,
    0x41,0x3e,0x00,0x00,0x00,0x00,0x00,0x00,0x00,0x00,0x00,0x00,0x00,0x01,0x00,0x00,0x00,0x00,0x00,0x00,0x00,0x00,0x00,0x00,0x00,0x00,0x00,0x00,0x00,0x00,0x00,0x00,
    0x00,0x00,0x00,0x00,0x00,0x00,0x00,0x00,0x00,0x00,0x00,0x00,0x00,0x00,0x00,0x00,0x00,0x00,0x00,0x00,0x40,0xa0,0x40,0x00,0x00,0x00,0x00,0x00,0x00,0x00,0x00,0x00,
    0x00,0x00,0x00,0x00,0x80,0x40,0x80,0x00,0x1e,0xff,0xbf,0x9f,0xe7,0xff,0xef,0xef,0xf1,0xfd,0xff,0xfb,0xfb,0xfe,0xfc,0x00,0x00,0x00,0x00,0x00,0x00,0x00,0x20,0xd0,
    0x20,0x00,0x00,0x00,0x00,0x00,0x00,0x00,0x00,0x00,0x00,0x00,0x00,0x00,0x00,0x00,0x00,0x00,0x00,0x00,0x00,0x80,0xfc,0xfe,0xef,0xe7,0xbf,0xdf,0xbf,0xef,0xe7,0xfe,
    0xfc,0x80,0x00,0x00,0x00,0x00,0x00,0x00,0x00,0x00,0x00,0x00,0x40,0xa0,0x40,0x00,0x00,0x00,0x00,0x00,0x00,0x00,0x80,0x00,0x00,0x00,0x00,0x20,0xd0,0x20,0x00,0x00,
    0xf0,0xfe,0xf0,0xe0,0xf0,0xf0,0xb0,0xfc,0xf0,0xf4,0xfa,0xe7,0xec,0xe0,0xf0,0xf0,0xfe,0xf0,0xf0,0xf0,0xfc,0xf4,0xff,0xf2,0xf0,0xf0,0xfc,0xf0,0xf0,0xf0,0xf2,0xfc,
    0xf0,0xe0,0x70,0xf0,0xe4,0xff,0xff,0xe0,0xe0,0xf0,0xe3,0xf7,0xff,0xff,0xef,0xff,0xff,0xff,0xff,0xff,0xb7,0xf3,0xe1,0xfc,0xf0,0xf0,0xf2,0xfc,0xe0,0xf0,0xf6,0xef,
    0xf2,0xf0,0xf0,0xec,0xf0,0xf0,0xf0,0xf0,0xfc,0xf0,0xf0,0xf0,0x7f,0xf0,0xf0,0xf0,0xfc,0xf0,0xe0,0xf0,0xfe,0xff,0xff,0xff,0xff,0xff,0xff,0x7f,0xff,0xff,0xff,0xff,
    0xff,0xff,0xfe,0x70,0xfe,0xf4,0xfa,0xf4,0xf0,0xe2,0xfc,0xe4,0xff,0xf2,0xf0,0xff,0xf0,0xf4,0xfa,0xf4,0xfe,0xf5,0xfe,0x73,0xef,0xf0,0xf2,0xfc,0xff,0xf2,0xe0,0xe0
  },
  { // 66
    0x00,0x00,0x00,0x00,0x00,0x00,0x00,0x00,0x00,0x00,0x00,0x00,0x00,0x00,0x00,0x00,0x00,0x00,0x00,0x00,0x00,0x00,0x00,0x00,0x00,0x00,0x00,0x00,0x00,0x00,0x00,0x00,
    0x00,0x00,0x00,0x00,0x00,0x00,0x00,0x00,0x00,0x00,0x00,0x00,0x00,0x00,0x00,0x00,0x00,0x00,0x00,0x00,0x00,0x00,0x00,0x00,0x00,0x00,0x00,0x00,0x00,0x00,0x00,0x00,
    0x00,0x00,0x00,0x00,0x00,0x00,0x00,0x00,0x00,0x00,0x00,0x00,0x00,0x00,0x00,0x00,0x00,0x00,0x00,0x00,0x00,0x00,0x00,0x00,0x00,0x00,0x00,0x00,0x00,0x00,0x00,0x00,
    0x00,0x00,0x00,0x00,0x00,0x00,0x00,0x00,0x00,0x00,0x20,0x74,0x78,0x80,0x78,0x74,0x20,0x00,0x00,0x00,0x00,0x00,0x00,0x00,0x00,0x00,0x00,0x00,0x00,0x00,0x00,0x00,
    0x00,0x00,0x00,0x00,0x00,0x00,0x00,0x00,0x00,0x00,0x00,0x00,0x00,0x00,0x00,0x00,0x00,0x00,0x00,0x00,0x00,0x00,0x00,0x00,0x00,0x00,0x00,0x00,0x00,0x00,0x00,0x00,
    0x00,0x00,0x00,0x00,0x00,0x80,0xe0,0xe0,0xf0,0xf0,0xf0,0xf0,0xe0,0xe0,0xe0,0xc0,0xc0,0x80,0x00,0x00,0x00,0x00,0x00,0x00,0x00,0x00,0x00,0x00,0x00,0x00,0x00,0x00,
    0x00,0x00,0x00,0x00,0x00,0x00,0x00,0x00,0x00,0x00,0x00,0x00,0x00,0x00,0x00,0x00,0x00,0x00,0x00,0x00,0x00,0x3e,0x41,0x81,0xfe,0x80,0x00,0x00,0x00,0x80,0xfe,0x81,
    0x41,0x3e,0x00,0x00,0x00,0x00,0x00,0x00,0x00,0x00,0x00,0x00,0x00,0x01,0x00,0x00,0x00,0x00,0x00,0x00,0x00,0x00,0x00,0x00,0x00,0x00,0x00,0x00,0x00,0x00,0x00,0x00,
    0x00,0x00,0x00,0x00,0x00,0x00,0x00,0x00,0x00,0x00,0x00,0x00,0x00,0x00,0x00,0x00,0x00,0x00,0x00,0x00,0x40,0xa0,0x40,0x00,0x00,0x00,0x00,0x00,0x00,0x00,0x00,0x00,
    0x00,0x00,0x00,0x00,0x80,0x47,0xff,0xff,0xff,0xff,0xef,0xef,0xef,0xe1,0xfd,0xfd,0xfd,0xfd,0xff,0xfe,0xfc,0x00,0x00,0x00,0x00,0x00,0x00,0x00,0x00,0x00,0x20,0xd0,
    0x20,0x00,0x00,0x00,0x00,0x00,0x00,0x00,0x00,0x00,0x00,0x00,0x00,0x00,0x00,0x00,0x00,0x00,0x00,0x00,0x00,0x80,0xfc,0xfe,0xef,0xe7,0xbf,0xdf,0xbf,0xef,0xe7,0xfe,
    0xfc,0x80,0x00,0x00,0x00,0x00,0x00,0x00,0x00,0x00,0x00,0x00,0x40,0xa0,0x40,0x00,0x00,0x00,0x00,0x00,0x00,0x00,0x80,0x00,0x00,0x00,0x00,0x20,0xd0,0x20,0x00,0x00,
    0xf0,0xfe,0xf0,0xe0,0xf0,0xf0,0xb0,0xfc,0xf0,0xf4,0xfa,0xe7,0xec,0xe0,0xf0,0xf0,0xfe,0xf0,0xf0,0xf0,0xfc,0xf4,0xff,0xf2,0xf0,0xf0,0xfc,0xf0,0xf0,0xf0,0xf2,0xfc,
    0xf0,0xe0,0x70,0xf0,0xe4,0xff,0xff,0xe0,0xe3,0xf6,0xe7,0xff,0xff,0xff,0xef,0xff,0xff,0xff,0xff,0xf7,0xb0,0xf0,0xe0,0xfc,0xf0,0xf0,0xf2,0xfc,0xe0,0xf0,0xf6,0xef,
    0xf2,0xf0,0xf0,0xec,0xf0,0xf0,0xf0,0xf0,0xfc,0xf0,0xf0,0xf0,0x7f,0xf0,0xf0,0xf0,0xfc,0xf0,0xe0,0xf0,0xfe,0xff,0xff,0xff,0xff,0xff,0xff,0x7f,0xff,0xff,0xff,0xff,
    0xff,0xff,0xfe,0x70,0xfe,0xf4,0xfa,0xf4,0xf0,0xe2,0xfc,0xe4,0xff,0xf2,0xf0,0xff,0xf0,0xf4,0xfa,0xf4,0xfe,0xf5,0xfe,0x73,0xef,0xf0,0xf2,0xfc,0xff,0xf2,0xe0,0xe0
  },
  { // 67
    0x00,0x00,0x00,0x00,0x00,0x00,0x00,0x00,0x00,0x00,0x00,0x00,0x00,0x00,0x00,0x00,0x00,0x00,0x00,0x00,0x00,0x00,0x00,0x00,0x00,0x00,0x00,0x00,0x00,0x00,0x00,0x00,
    0x00,0x00,0x00,0x00,0x00,0x00,0x00,0x00,0x00,0x00,0x00,0x00,0x00,0x00,0x00,0x00,0x00,0x00,0x00,0x00,0x00,0x00,0x00,0x00,0x00,0x00,0x00,0x00,0x00,0x00,0x00,0x00,
    0x00,0x00,0x00,0x00,0x00,0x00,0x00,0x00,0x00,0x00,0x00,0x00,0x00,0x00,0x00,0x00,0x00,0x00,0x00,0x00,0x00,0x00,0x00,0x00,0x00,0x00,0x00,0x00,0x00,0x00,0x00,0x00,
    0x00,0x00,0x00,0x00,0x00,0x00,0x00,0x00,0x00,0x00,0x20,0x74,0x78,0x80,0x78,0x74,0x20,0x00,0x00,0x00,0x00,0x00,0x00,0x00,0x00,0x00,0x00,0x00,0x00,0x00,0x00,0x00,
    0x00,0x00,0x00,0x00,0x00,0x00,0x00,0x00,0x00,0x00,0x00,0x00,0x00,0x00,0x00,0x00,0x00,0x00,0x00,0x00,0x00,0x00,0x00,0x00,0x00,0x00,0x00,0x00,0x00,0x00,0x00,0x00,
    0x00,0x00,0x00,0x80,0xc0,0xc0,0xc0,0xe0,0xe0,0xe0,0xc0,0xc0,0xc0,0xc0,0x80,0x80,0x00,0x00,0x00,0x00,0x00,0x00,0x00,0x00,0x00,0x00,0x00,0x00,0x00,0x00,0x00,0x00,
    0x00,0x00,0x00,0x00,0x00,0x00,0x00,0x00,0x00,0x00,0x00,0x00,0x00,0x00,0x00,0x00,0x00,0x00,0x00,0x00,0x00,0x3e,0x41,0x81,0xfe,0x80,0x00,0x00,0x00,0x80,0xfe,0x81,
    0x41,0x3e,0x00,0x00,0x00,0x00,0x00,0x00,0x00,0x00,0x00,0x00,0x00,0x01,0x00,0x00,0x00,0x00,0x00,0x00,0x00,0x00,0x00,0x00,0x00,0x00,0x00,0x00,0x00,0x00,0x00,0x00,
    0x00,0x00,0x00,0x00,0x00,0x00,0x00,0x00,0x00,0x00,0x00,0x00,0x00,0x00,0x00,0x00,0x00,0x00,0x00,0x00,0x40,0xa0,0x40,0x00,0x00,0x00,0x00,0x00,0x00,0x00,0x00,0x00,
    0x00,0x00,0x1f,0x7f,0xff,0xff,0xff,0xff,0x1f,0xdf,0xd9,0xed,0xff,0xfe,0xff,0xff,0xff,0xfe,0xfc,0x00,0x00,0x00,0x00,0x00,0x00,0x00,0x00,0x00,0x00,0x00,0x20,0xd0,
    0x20,0x00,0x00,0x00,0x00,0x00,0x00,0x00,0x00,0x00,0x00,0x00,0x00,0x00,0x00,0x00,0x00,0x00,0x00,0x00,0x00,0x80,0xfc,0xfe,0xef,0xe7,0xbf,0xdf,0xbf,0xef,0xe7,0xfe,
    0xfc,0x80,0x00,0x00,0x00,0x00,0x00,0x00,0x00,0x00,0x00,0x00,0x40,0xa0,0x40,0x00,0x00,0x00,0x00,0x00,0x00,0x00,0x80,0x00,0x00,0x00,0x00,0x20,0xd0,0x20,0x00,0x00,
    0xf0,0xfe,0xf0,0xe0,0xf0,0xf0,0xb0,0xfc,0xf0,0xf4,0xfa,0xe7,0xec,0xe0,0xf0,0xf0,0xfe,0xf0,0xf0,0xf0,0xfc,0xf4,0xff,0xf2,0xf0,0xf0,0xfc,0xf0,0xf0,0xf0,0xf2,0xfc,
    0xf0,0xe0,0x70,0xf0,0xe4,0xff,0xff,0xe7,0xec,0xff,0xef,0xff,0xff,0xff,0xef,0xff,0xf7,0xff,0xfa,0xf4,0xb0,0xf0,0xe0,0xfc,0xf0,0xf0,0xf2,0xfc,0xe0,0xf0,0xf6,0xef,
    0xf2,0xf0,0xf0,0xec,0xf0,0xf0,0xf0,0xf0,0xfc,0xf0,0xf0,0xf0,0x7f,0xf0,0xf0,0xf0,0xfc,0xf0,0xe0,0xf0,0xfe,0xff,0xff,0xff,0xff,0xff,0xff,0x7f,0xff,0xff,0xff,0xff,
    0xff,0xff,0xfe,0x70,0xfe,0xf4,0xfa,0xf4,0xf0,0xe2,0xfc,0xe4,0xff,0xf2,0xf0,0xff,0xf0,0xf4,0xfa,0xf4,0xfe,0xf5,0xfe,0x73,0xef,0xf0,0xf2,0xfc,0xff,0xf2,0xe0,0xe0
  },
  { // 68
    0x00,0x00,0x00,0x00,0x00,0x00,0x00,0x00,0x00,0x00,0x00,0x00,0x00,0x00,0x00,0x00,0x00,0x00,0x00,0x00,0x00,0x00,0x00,0x00,0x00,0x00,0x00,0x00,0x00,0x00,0x00,0x00,
    0x00,0x00,0x00,0x00,0x00,0x00,0x00,0x00,0x00,0x00,0x00,0x00,0x00,0x00,0x00,0x00,0x00,0x00,0x00,0x00,0x00,0x00,0x00,0x00,0x00,0x00,0x00,0x00,0x00,0x00,0x00,0x00,
    0x00,0x00,0x00,0x00,0x00,0x00,0x00,0x00,0x00,0x00,0x00,0x00,0x00,0x00,0x00,0x00,0x00,0x00,0x00,0x00,0x00,0x00,0x00,0x00,0x00,0x00,0x00,0x00,0x00,0x00,0x00,0x00,
    0x00,0x00,0x00,0x00,0x00,0x00,0x00,0x00,0x38,0x44,0xd4,0x2a,0x44,0xf8,0x44,0x2a,0xd4,0x44,0x38,0x00,0x00,0x00,0x00,0x00,0x00,0x00,0x00,0x00,0x00,0x00,0x00,0x00,
    0x00,0x00,0x00,0x00,0x00,0x00,0x00,0x00,0x00,0x00,0x00,0x00,0x00,0x00,0x00,0x00,0x00,0x00,0x00,0x00,0x00,0x00,0x00,0x00,0x00,0x00,0x00,0x00,0x00,0x00,0x00,0x00,
    0x00,0x00,0x00,0x80,0x80,0xc0,0xc0,0xc0,0xc0,0xc0,0xc0,0xc0,0x80,0x80,0x00,0x00,0x00,0x00,0x00,0x00,0x00,0x00,0x00,0x00,0x00,0x00,0x00,0x00,0x00,0x00,0x00,0x00,
    0x00,0x00,0x00,0x00,0x00,0x00,0x00,0x00,0x00,0x00,0x00,0x00,0x00,0x00,0x00,0x00,0x00,0x00,0x00,0x00,0x01,0x3e,0x42,0xbc,0xc0,0x80,0x00,0x00,0x00,0xbc,0xc2,0xbe,
    0x41,0x00,0x00,0x00,0x00,0x00,0x00,0x00,0x00,0x00,0x01,0x01,0x00,0x00,0x00,0x01,0x01,0x00,0x00,0x00,0x00,0x00,0x00,0x00,0x00,0x00,0x00,0x00,0x00,0x00,0x00,0x00,
    0x00,0x00,0x00,0x00,0x00,0x00,0x00,0x00,0x00,0x00,0x00,0x00,0x00,0x00,0x00,0x00,0x00,0x00,0x00,0x00,0x40,0xa0,0x40,0x00,0x00,0x00,0x00,0x00,0x00,0x00,0x00,0x3c,
    0xfe,0xff,0xff,0xff,0xff,0xff,0x3f,0xb3,0xcd,0xfe,0xfe,0xff,0xff,0xff,0xff,0xfe,0x78,0x00,0x00,0x00,0x00,0x00,0x00,0x00,0x00,0x00,0x00,0x00,0x00,0x00,0x20,0xd0,
    0x20,0x00,0x00,0x00,0x00,0x00,0x00,0x00,0x00,0x00,0x00,0x00,0x00,0x00,0x00,0x00,0x00,0x00,0x00,0x00,0x00,0x80,0xfc,0xfe,0xef,0xe7,0xbf,0xdf,0xbf,0xef,0xe7,0xfe,
    0xfc,0x80,0x00,0x00,0x00,0x00,0x00,0x00,0x00,0x00,0x00,0x00,0x40,0xa0,0x40,0x00,0x00,0x00,0x00,0x00,0x00,0x00,0x80,0x00,0x00,0x00,0x00,0x20,0xd0,0x20,0x00,0x00,
    0xf0,0xfe,0xf0,0xe0,0xf0,0xf0,0xb0,0xfc,0xf0,0xf4,0xfa,0xe7,0xec,0xe0,0xf0,0xf0,0xfe,0xf0,0xf0,0xf0,0xfc,0xf4,0xff,0xf2,0xf0,0xf0,0xfc,0xf0,0xf0,0xf0,0xf2,0xfc,
    0xf0,0xe1,0x73,0xf3,0xe7,0xff,0xfe,0xe9,0xef,0xff,0xef,0xff,0xff,0xf7,0xe7,0xf3,0xf0,0xfc,0xfa,0xf4,0xb0,0xf0,0xe0,0xfc,0xf0,0xf0,0xf2,0xfc,0xe0,0xf0,0xf6,0xef,
    0xf2,0xf0,0xf0,0xec,0xf0,0xf0,0xf0,0xf0,0xfc,0xf0,0xf0,0xf0,0x7f,0xf0,0xf0,0xf0,0xfc,0xf0,0xe0,0xf0,0xfe,0xff,0xff,0xff,0xff,0xff,0xff,0x7f,0xff,0xff,0xff,0xff,
    0xff,0xff,0xfe,0x70,0xfe,0xf4,0xfa,0xf4,0xf0,0xe2,0xfc,0xe4,0xff,0xf2,0xf0,0xff,0xf0,0xf4,0xfa,0xf4,0xfe,0xf5,0xfe,0x73,0xef,0xf0,0xf2,0xfc,0xff,0xf2,0xe0,0xe0
  },
  { // 69
    0x00,0x00,0x00,0x00,0x00,0x00,0x00,0x00,0x00,0x00,0x00,0x00,0x00,0x00,0x00,0x00,0x00,0x00,0x00,0x00,0x00,0x00,0x00,0x00,0x00,0x00,0x00,0x00,0x00,0x00,0x00,0x00,
    0x00,0x00,0x00,0x00,0x00,0x00,0x00,0x00,0x00,0x00,0x00,0x00,0x00,0x00,0x00,0x00,0x00,0x00,0x00,0x00,0x00,0x00,0x00,0x00,0x00,0x00,0x00,0x00,0x00,0x00,0x00,0x00,
    0x00,0x00,0x00,0x00,0x00,0x00,0x00,0x00,0x00,0x00,0x00,0x00,0x00,0x00,0x00,0x00,0x00,0x00,0x00,0x00,0x00,0x00,0x00,0x00,0x00,0x00,0x00,0x00,0x00,0x00,0x00,0x00,
    0x00,0x00,0x00,0x00,0x00,0x00,0x00,0x00,0x38,0x44,0xd4,0x2a,0x44,0xf8,0x44,0x2a,0xd4,0x44,0x38,0x00,0x00,0x00,0x00,0x00,0x00,0x00,0x00,0x00,0x00,0x00,0x00,0x00,
    0x00,0x00,0x00,0x00,0x00,0x00,0x00,0x00,0x00,0x00,0x00,0x00,0x00,0x00,0x00,0x00,0x00,0x00,0x00,0x00,0x00,0x00,0x00,0x00,0x00,0x00,0x00,0x00,0x00,0x00,0x00,0x00,
    0x00,0x00,0x80,0x80,0x80,0xc0,0xc0,0xc0,0xc0,0x80,0x80,0x00,0x00,0x00,0x00,0x00,0x00,0x00,0x00,0x00,0x00,0x00,0x00,0x00,0x00,0x00,0x00,0x00,0x00,0x00,0x00,0x00,
    0x00,0x00,0x00,0x00,0x00,0x00,0x00,0x00,0x00,0x00,0x00,0x00,0x00,0x00,0x00,0x00,0x00,0x00,0x00,0x00,0x01,0x3e,0x42,0xbc,0xc0,0x80,0x00,0x00,0x00,0xbc,0xc2,0xbe,
    0x41,0x00,0x00,0x00,0x00,0x00,0x00,0x00,0x00,0x00,0x01,0x01,0x00,0x00,0x00,0x01,0x01,0x00,0x00,0x00,0x00,0x00,0x00,0x00,0x00,0x00,0x00,0x00,0x00,0x00,0x00,0x00,
    0x00,0x00,0x00,0x00,0x00,0x00,0x00,0x00,0x00,0x00,0x00,0x00,0x00,0x00,0x00,0x00,0x00,0x00,0x00,0x00,0x40,0xa0,0x40,0x00,0x00,0x00,0x00,0x00,0x60,0xf8,0xfc,0xfe,
    0xff,0xff,0xff,0xff,0x73,0xad,0xde,0xff,0xff,0xff,0xff,0xff,0xff,0xfc,0x00,0x00,0x00,0x00,0x00,0x00,0x00,0x00,0x00,0x00,0x00,0x00,0x00,0x00,0x00,0x00,0x20,0xd0,
    0x20,0x00,0x00,0x00,0x00,0x00,0x00,0x00,0x00,0x00,0x00,0x00,0x00,0x00,0x00,0x00,0x00,0x00,0x00,0x00,0x00,0x80,0xfc,0xfe,0xef,0xe7,0xbf,0xdf,0xbf,0xef,0xe7,0xfe,
    0xfc,0x80,0x00,0x00,0x00,0x00,0x00,0x00,0x00,0x00,0x00,0x00,0x40,0xa0,0x40,0x00,0x00,0x00,0x00,0x00,0x00,0x00,0x80,0x00,0x00,0x00,0x00,0x20,0xd0,0x20,0x00,0x00,
    0xf0,0xfe,0xf0,0xe0,0xf0,0xf0,0xb0,0xfc,0xf0,0xf4,0xfa,0xe7,0xec,0xe0,0xf0,0xf0,0xfe,0xf0,0xf0,0xf0,0xfc,0xf4,0xff,0xf2,0xf0,0xf0,0xfc,0xf0,0xf0,0xf1,0xf3,0xff,
    0xf7,0xe7,0x7f,0xff,0xee,0xfd,0xfd,0xeb,0xef,0xff,0xef,0xf7,0xff,0xf1,0xe0,0xf0,0xf0,0xfc,0xfa,0xf4,0xb0,0xf0,0xe0,0xfc,0xf0,0xf0,0xf2,0xfc,0xe0,0xf0,0xf6,0xef,
    0xf2,0xf0,0xf0,0xec,0xf0,0xf0,0xf0,0xf0,0xfc,0xf0,0xf0,0xf0,0x7f,0xf0,0xf0,0xf0,0xfc,0xf0,0xe0,0xf0,0xfe,0xff,0xff,0xff,0xff,0xff,0xff,0x7f,0xff,0xff,0xff,0xff,
    0xff,0xff,0xfe,0x70,0xfe,0xf4,0xfa,0xf4,0xf0,0xe2,0xfc,0xe4,0xff,0xf2,0xf0,0xff,0xf0,0xf4,0xfa,0xf4,0xfe,0xf5,0xfe,0x73,0xef,0xf0,0xf2,0xfc,0xff,0xf2,0xe0,0xe0
  },
  { // 70
    0x00,0x00,0x00,0x00,0x00,0x00,0x00,0x00,0x00,0x00,0x00,0x00,0x00,0x00,0x00,0x00,0x00,0x00,0x00,0x00,0x00,0x00,0x00,0x00,0x00,0x00,0x00,0x00,0x00,0x00,0x00,0x00,
    0x00,0x00,0x00,0x00,0x00,0x00,0x00,0x00,0x00,0x00,0x00,0x00,0x00,0x00,0x00,0x00,0x00,0x00,0x00,0x00,0x00,0x00,0x00,0x00,0x00,0x00,0x00,0x00,0x00,0x00,0x00,0x00,
    0x00,0x00,0x00,0x00,0x00,0x00,0x00,0x00,0x00,0x00,0x00,0x00,0x00,0x00,0x00,0x00,0x00,0x00,0x00,0x00,0x00,0x00,0x00,0x00,0x00,0x00,0x00,0x00,0x00,0x00,0x00,0x00,
    0x00,0x00,0x00,0x00,0x00,0x00,0x00,0x00,0x38,0x44,0xd4,0x2a,0x44,0xf8,0x44,0x2a,0xd4,0x44,0x38,0x00,0x00,0x00,0x00,0x00,0x00,0x00,0x00,0x00,0x00,0x00,0x00,0x00,
    0x00,0x00,0x00,0x00,0x00,0x00,0x00,0x00,0x00,0x00,0x00,0x00,0x00,0x00,0x00,0x00,0x00,0x00,0x00,0x00,0x00,0x00,0x00,0x00,0x00,0x00,0x00,0x00,0x00,0x00,0x00,0x00,
    0x80,0xc0,0xc0,0xc0,0xc0,0xc0,0xc0,0xc0,0x80,0x00,0x00,0x00,0x00,0x00,0x00,0x00,0x00,0x00,0x00,0x00,0x00,0x00,0x00,0x00,0x00,0x00,0x00,0x00,0x00,0x00,0x00,0x00,
    0x00,0x00,0x00,0x00,0x00,0x00,0x00,0x00,0x00,0x00,0x00,0x00,0x00,0x00,0x00,0x00,0x00,0x00,0x00,0x00,0x01,0x3e,0x42,0xbc,0xc0,0x80,0x00,0x00,0x00,0xbc,0xc2,0xbe,
    0x41,0x00,0x00,0x00,0x00,0x00,0x00,0x00,0x00,0x00,0x01,0x01,0x00,0x00,0x00,0x01,0x01,0x00,0x00,0x00,0x00,0x00,0x00,0x00,0x00,0x00,0x00,0x00,0x00,0x00,0x00,0x00,
    0x00,0x00,0x00,0x00,0x00,0x00,0x00,0x00,0x00,0x00,0x00,0x00,0x00,0x00,0x00,0x00,0x00,0x00,0x00,0x00,0x40,0xa0,0x40,0x00,0x00,0x00,0xc0,0xf0,0xf8,0xfe,0xff,0xff,
    0xf7,0xe8,0xee,0x0f,0xff,0xff,0xff,0xff,0xff,0xff,0xfe,0x78,0x00,0x00,0x00,0x00,0x00,0x00,0x00,0x00,0x00,0x00,0x00,0x00,0x00,0x00,0x00,0x00,0x00,0x00,0x20,0xd0,
    0x20,0x00,0x00,0x00,0x00,0x00,0x00,0x00,0x00,0x00,0x00,0x00,0x00,0x00,0x00,0x00,0x00,0x00,0x00,0x00,0x00,0x80,0xfc,0xfe,0xef,0xe7,0xbf,0xdf,0xbf,0xef,0xe7,0xfe,
    0xfc,0x80,0x00,0x00,0x00,0x00,0x00,0x00,0x00,0x00,0x00,0x00,0x40,0xa0,0x40,0x00,0x00,0x00,0x00,0x00,0x00,0x00,0x80,0x00,0x00,0x00,0x00,0x20,0xd0,0x20,0x00,0x00,
    0xf0,0xfe,0xf0,0xe0,0xf0,0xf0,0xb0,0xfc,0xf0,0xf4,0xfa,0xe7,0xec,0xe0,0xf0,0xf0,0xfe,0xf0,0xf0,0xf0,0xfc,0xf4,0xff,0xf2,0xf0,0xf0,0xfd,0xf3,0xf7,0xff,0xff,0xff,
    0xff,0xef,0x7e,0xfe,0xed,0xf9,0xfd,0xe7,0xe7,0xf3,0xe1,0xf2,0xfc,0xf0,0xe0,0xf0,0xf0,0xfc,0xfa,0xf4,0xb0,0xf0,0xe0,0xfc,0xf0,0xf0,0xf2,0xfc,0xe0,0xf0,0xf6,0xef,
    0xf2,0xf0,0xf0,0xec,0xf0,0xf0,0xf0,0xf0,0xfc,0xf0,0xf0,0xf0,0x7f,0xf0,0xf0,0xf0,0xfc,0xf0,0xe0,0xf0,0xfe,0xff,0xff,0xff,0xff,0xff,0xff,0x7f,0xff,0xff,0xff,0xff,
    0xff,0xff,0xfe,0x70,0xfe,0xf4,0xfa,0xf4,0xf0,0xe2,0xfc,0xe4,0xff,0xf2,0xf0,0xff,0xf0,0xf4,0xfa,0xf4,0xfe,0xf5,0xfe,0x73,0xef,0xf0,0xf2,0xfc,0xff,0xf2,0xe0,0xe0
  },
  { // 71
    0x00,0x00,0x00,0x00,0x00,0x00,0x00,0x00,0x00,0x00,0x00,0x00,0x00,0x00,0x00,0x00,0x00,0x00,0x00,0x00,0x00,0x00,0x00,0x00,0x00,0x00,0x00,0x00,0x00,0x00,0x00,0x00,
    0x00,0x00,0x00,0x00,0x00,0x00,0x00,0x00,0x00,0x00,0x00,0x00,0x00,0x00,0x00,0x00,0x00,0x00,0x00,0x00,0x00,0x00,0x00,0x00,0x00,0x00,0x00,0x00,0x00,0x00,0x00,0x00,
    0x00,0x00,0x00,0x00,0x00,0x00,0x00,0x00,0x00,0x00,0x00,0x00,0x00,0x00,0x00,0x00,0x00,0x00,0x00,0x00,0x00,0x00,0x00,0x00,0x00,0x00,0x00,0x00,0x00,0x00,0x00,0x00,
    0x00,0x00,0x00,0x00,0x00,0x00,0x00,0x00,0x38,0x44,0xd4,0x2a,0x44,0xf8,0x44,0x2a,0xd4,0x44,0x38,0x00,0x00,0x00,0x00,0x00,0x00,0x00,0x00,0x00,0x00,0x00,0x00,0x00,
    0x00,0x00,0x00,0x00,0x00,0x00,0x00,0x00,0x00,0x00,0x00,0x00,0x00,0x00,0x00,0x00,0x00,0x00,0x00,0x00,0x00,0x00,0x00,0x00,0x00,0x00,0x00,0x00,0x80,0xc0,0xc0,0xe0,
    0xe0,0xe0,0xe0,0xe0,0xe0,0xc0,0xc0,0x00,0x00,0x00,0x00,0x00,0x00,0x00,0x00,0x00,0x00,0x00,0x00,0x00,0x00,0x00,0x00,0x00,0x00,0x00,0x00,0x00,0x00,0x00,0x00,0x00,
    0x00,0x00,0x00,0x00,0x00,0x00,0x00,0x00,0x00,0x00,0x00,0x00,0x00,0x00,0x00,0x00,0x00,0x00,0x00,0x00,0x01,0x3e,0x42,0xbc,0xc0,0x80,0x00,0x00,0x00,0xbc,0xc2,0xbe,
    0x41,0x00,0x00,0x00,0x00,0x00,0x00,0x00,0x00,0x00,0x01,0x01,0x00,0x00,0x00,0x01,0x01,0x00,0x00,0x00,0x00,0x00,0x00,0x00,0x00,0x00,0x00,0x00,0x00,0x00,0x00,0x00,
    0x00,0x00,0x00,0x00,0x00,0x00,0x00,0x00,0x00,0x00,0x00,0x00,0x00,0x00,0x00,0x00,0x00,0x00,0x00,0x00,0x40,0xa0,0x40,0x00,0x00,0xf0,0xfc,0xff,0xff,0xf2,0xef,0xef,
    0xef,0x0f,0x7f,0xff,0xff,0xff,0xff,0xff,0x3e,0x00,0x00,0x00,0x00,0x00,0x00,0x00,0x00,0x00,0x00,0x00,0x00,0x00,0x00,0x00,0x00,0x00,0x00,0x00,0x00,0x00,0x20,0xd0,
    0x20,0x00,0x00,0x00,0x00,0x00,0x00,0x00,0x00,0x00,0x00,0x00,0x00,0x00,0x00,0x00,0x00,0x00,0x00,0x00,0x00,0x80,0xfc,0xfe,0xef,0xe7,0xbf,0xdf,0xbf,0xef,0xe7,0xfe,
    0xfc,0x80,0x00,0x00,0x00,0x00,0x00,0x00,0x00,0x00,0x00,0x00,0x40,0xa0,0x40,0x00,0x00,0x00,0x00,0x00,0x00,0x00,0x80,0x00,0x00,0x00,0x00,0x20,0xd0,0x20,0x00,0x00,
    0xf0,0xfe,0xf0,0xe0,0xf0,0xf0,0xb0,0xfc,0xf0,0xf4,0xfa,0xe7,0xec,0xe0,0xf0,0xf0,0xfe,0xf0,0xf0,0xf0,0xfc,0xf4,0xff,0xf2,0xf0,0xf7,0xff,0xff,0xff,0xff,0xff,0xff,
    0xff,0xef,0x7f,0xf7,0xe6,0xff,0xff,0xe0,0xe0,0xf0,0xe0,0xf2,0xfc,0xf0,0xe0,0xf0,0xf0,0xfc,0xfa,0xf4,0xb0,0xf0,0xe0,0xfc,0xf0,0xf0,0xf2,0xfc,0xe0,0xf0,0xf6,0xef,
    0xf2,0xf0,0xf0,0xec,0xf0,0xf0,0xf0,0xf0,0xfc,0xf0,0xf0,0xf0,0x7f,0xf0,0xf0,0xf0,0xfc,0xf0,0xe0,0xf0,0xfe,0xff,0xff,0xff,0xff,0xff,0xff,0x7f,0xff,0xff,0xff,0xff,
    0xff,0xff,0xfe,0x70,0xfe,0xf4,0xfa,0xf4,0xf0,0xe2,0xfc,0xe4,0xff,0xf2,0xf0,0xff,0xf0,0xf4,0xfa,0xf4,0xfe,0xf5,0xfe,0x73,0xef,0xf0,0xf2,0xfc,0xff,0xf2,0xe0,0xe0
  },
  { // 72
    0x00,0x00,0x00,0x00,0x00,0x00,0x00,0x00,0x00,0x00,0x00,0x00,0x00,0x00,0x00,0x00,0x00,0x00,0x00,0x00,0x00,0x00,0x00,0x00,0x00,0x00,0x00,0x00,0x00,0x00,0x00,0x00,
    0x00,0x00,0x00,0x00,0x00,0x00,0x00,0x00,0x00,0x00,0x00,0x00,0x00,0x00,0x00,0x00,0x00,0x00,0x00,0x00,0x00,0x00,0x00,0x00,0x00,0x00,0x00,0x00,0x00,0x00,0x00,0x00,
    0x00,0x00,0x00,0x00,0x00,0x00,0x00,0x00,0x00,0x00,0x00,0x00,0x00,0x00,0x00,0x00,0x00,0x00,0x00,0x00,0x00,0x00,0x00,0x00,0x00,0x00,0x00,0x00,0x00,0x00,0x00,0x00,
    0x00,0x00,0x00,0x00,0x00,0x00,0x00,0x00,0x00,0x00,0x10,0x3a,0x3c,0xc0,0x3c,0x3a,0x10,0x00,0x00,0x00,0x00,0x00,0x00,0x00,0x00,0x00,0x00,0x00,0x00,0x00,0x00,0x00,
    0x00,0x00,0x00,0x00,0x00,0x00,0x00,0x00,0x00,0x00,0x00,0x00,0x00,0x00,0x00,0x00,0x00,0x00,0x00,0x00,0x00,0x00,0x00,0x00,0x80,0xc0,0xe0,0xf0,0xf0,0xf0,0xf8,0xf8,
    0xf0,0xf0,0xf0,0xe0,0xc0,0x00,0x00,0x00,0x00,0x00,0x00,0x00,0x00,0x00,0x00,0x00,0x00,0x00,0x00,0x00,0x00,0x00,0x00,0x00,0x00,0x00,0x00,0x00,0x00,0x00,0x00,0x00,
    0x00,0x00,0x00,0x00,0x00,0x00,0x00,0x00,0x00,0x00,0x00,0x00,0x00,0x00,0x00,0x00,0x00,0x00,0x00,0x00,0x01,0x3e,0x42,0xbc,0xc0,0x80,0x00,0x00,0x00,0xbc,0xc2,0xbe,
    0x41,0x00,0x00,0x00,0x00,0x00,0x00,0x00,0x00,0x00,0x00,0x00,0x00,0x00,0x00,0x00,0x00,0x00,0x00,0x00,0x00,0x00,0x00,0x00,0x00,0x00,0x00,0x00,0x00,0x00,0x00,0x00,
    0x00,0x00,0x00,0x00,0x00,0x00,0x00,0x00,0x00,0x00,0x00,0x00,0x00,0x00,0x00,0x00,0x00,0x00,0x00,0x00,0x40,0xa0,0x40,0xfc,0xff,0xff,0xf8,0xff,0xf7,0xf7,0xe7,0x9f,
    0xbf,0xbf,0xdf,0xff,0xff,0x5f,0x80,0x00,0x00,0x00,0x00,0x00,0x00,0x00,0x00,0x00,0x00,0x00,0x00,0x00,0x00,0x00,0x00,0x00,0x00,0x00,0x00,0x00,0x00,0x00,0x20,0xd0,
    0x20,0x00,0x00,0x00,0x00,0x00,0x00,0x00,0x00,0x00,0x00,0x00,0x00,0x00,0x00,0x00,0x00,0x00,0x00,0x00,0x00,0x80,0xfc,0xfe,0xef,0xe7,0xbf,0xdf,0xbf,0xef,0xe7,0xfe,
    0xfc,0x80,0x00,0x00,0x00,0x00,0x00,0x00,0x00,0x00,0x00,0x00,0x40,0xa0,0x40,0x00,0x00,0x00,0x00,0x00,0x00,0x00,0x80,0x00,0x00,0x00,0x00,0x20,0xd0,0x20,0x00,0x00,
    0xf0,0xfe,0xf0,0xe0,0xf0,0xf0,0xb0,0xfc,0xf0,0xf4,0xfa,0xe7,0xec,0xe0,0xf0,0xf0,0xfe,0xf0,0xf0,0xf0,0xfc,0xf4,0xff,0xf3,0xf7,0xff,0xff,0xff,0xff,0xff,0xff,0xf7,
    0xff,0xe3,0x71,0xf0,0xe4,0xff,0xff,0xe0,0xe0,0xf0,0xe0,0xf2,0xfc,0xf0,0xe0,0xf0,0xf0,0xf4,0xfa,0xf4,0xb0,0xf0,0xe0,0xfc,0xf0,0xf0,0xf2,0xfc,0xe0,0xf0,0xf6,0xef,
    0xf2,0xf0,0xf0,0xe4,0xf8,0xf0,0xf0,0xf0,0xfc,0xf0,0xf0,0xf0,0x7f,0xf0,0xf0,0xf0,0xf4,0xf8,0xe0,0xf0,0xfe,0xff,0xff,0xff,0xff,0xff,0xff,0x7f,0xff,0xff,0xff,0xff,
    0xff,0xff,0xfe,0x70,0xfe,0xf4,0xfa,0xf4,0xf0,0xe2,0xfc,0xe4,0xff,0xf2,0xf0,0xff,0xf0,0xf4,0xfa,0xf4,0xfe,0xf5,0xfe,0x73,0xef,0xf0,0xf0,0xf6,0xff,0xf2,0xe0,0xe0
  },
  { // 73
    0x00,0x00,0x00,0x00,0x00,0x00,0x00,0x00,0x00,0x00,0x00,0x00,0x00,0x00,0x00,0x00,0x00,0x00,0x00,0x00,0x00,0x00,0x00,0x00,0x00,0x00,0x00,0x00,0x00,0x00,0x00,0x00,
    0x00,0x00,0x00,0x00,0x00,0x00,0x00,0x00,0x00,0x00,0x00,0x00,0x00,0x00,0x00,0x00,0x00,0x00,0x00,0x00,0x00,0x00,0x00,0x00,0x00,0x00,0x00,0x00,0x00,0x00,0x00,0x00,
    0x00,0x00,0x00,0x00,0x00,0x00,0x00,0x00,0x00,0x00,0x00,0x00,0x00,0x00,0x00,0x00,0x00,0x00,0x00,0x00,0x00,0x00,0x00,0x00,0x00,0x00,0x00,0x00,0x00,0x00,0x00,0x00,
    0x00,0x00,0x00,0x00,0x00,0x00,0x00,0x00,0x00,0x00,0x10,0x3a,0x3c,0xc0,0x3c,0x3a,0x10,0x00,0x00,0x00,0x00,0x00,0x00,0x00,0x00,0x00,0x00,0x00,0x00,0x00,0x00,0x00,
    0x00,0x00,0x00,0x00,0x00,0x00,0x00,0x00,0x00,0x00,0x00,0x00,0x00,0x00,0x00,0x00,0x00,0x00,0x00,0x00,0x00,0x80,0xe0,0xf0,0xf0,0xf8,0xf8,0xf8,0xf8,0xf8,0xf8,0xf0,
    0xf0,0xe0,0x80,0x00,0x00,0x00,0x00,0x00,0x00,0x00,0x00,0x00,0x00,0x00,0x00,0x00,0x00,0x00,0x00,0x00,0x00,0x00,0x00,0x00,0x00,0x00,0x00,0x00,0x00,0x00,0x00,0x00,
    0x00,0x00,0x00,0x00,0x00,0x00,0x00,0x00,0x00,0x00,0x00,0x00,0x00,0x00,0x00,0x00,0x00,0x00,0x00,0x00,0x01,0x3e,0x42,0xbc,0xc0,0x80,0x00,0x00,0x00,0xbc,0xc2,0xbe,
    0x41,0x00,0x00,0x00,0x00,0x00,0x00,0x00,0x00,0x00,0x00,0x00,0x00,0x00,0x00,0x00,0x00,0x00,0x00,0x00,0x00,0x00,0x00,0x00,0x00,0x00,0x00,0x00,0x00,0x00,0x00,0x00,
    0x00,0x00,0x00,0x00,0x00,0x00,0x00,0x00,0x00,0x00,0x00,0x00,0x00,0x00,0x00,0x00,0x00,0x00,0x00,0x00,0x40,0xff,0xfd,0xfb,0xe7,0xf7,0xf7,0xfb,0xe7,0xdf,0xff,0xef,
    0xf7,0x7f,0x1f,0x00,0x80,0x40,0x80,0x00,0x00,0x00,0x00,0x00,0x00,0x00,0x00,0x00,0x00,0x00,0x00,0x00,0x00,0x00,0x00,0x00,0x00,0x00,0x00,0x00,0x00,0x00,0x20,0xd0,
    0x20,0x00,0x00,0x00,0x00,0x00,0x00,0x00,0x00,0x00,0x00,0x00,0x00,0x00,0x00,0x00,0x00,0x00,0x00,0x00,0x00,0x80,0xfc,0xfe,0xef,0xe7,0xbf,0xdf,0xbf,0xef,0xe7,0xfe,
    0xfc,0x80,0x00,0x00,0x00,0x00,0x00,0x00,0x00,0x00,0x00,0x00,0x40,0xa0,0x40,0x00,0x00,0x00,0x00,0x00,0x00,0x00,0x80,0x00,0x00,0x00,0x00,0x20,0xd0,0x20,0x00,0x00,
    0xf0,0xfe,0xf0,0xe0,0xf0,0xf0,0xb0,0xfc,0xf0,0xf4,0xfa,0xe7,0xec,0xe0,0xf0,0xf0,0xfe,0xf0,0xf0,0xf0,0xfc,0xf4,0xff,0xf7,0xff,0xff,0xff,0xff,0xff,0xf7,0xf7,0xf7,
    0xf8,0xe0,0x70,0xf0,0xe4,0xff,0xff,0xe0,0xe0,0xf0,0xe0,0xf2,0xfc,0xf0,0xe0,0xf0,0xf0,0xf4,0xfa,0xf4,0xb0,0xf0,0xe0,0xfc,0xf0,0xf0,0xf2,0xfc,0xe0,0xf0,0xf6,0xef,
    0xf2,0xf0,0xf0,0xe4,0xf8,0xf0,0xf0,0xf0,0xfc,0xf0,0xf0,0xf0,0x7f,0xf0,0xf0,0xf0,0xf4,0xf8,0xe0,0xf0,0xfe,0xff,0xff,0xff,0xff,0xff,0xff,0x7f,0xff,0xff,0xff,0xff,
    0xff,0xff,0xfe,0x70,0xfe,0xf4,0xfa,0xf4,0xf0,0xe2,0xfc,0xe4,0xff,0xf2,0xf0,0xff,0xf0,0xf4,0xfa,0xf4,0xfe,0xf5,0xfe,0x73,0xef,0xf0,0xf0,0xf6,0xff,0xf2,0xe0,0xe0
  },
  { // 74
    0x00,0x00,0x00,0x00,0x00,0x00,0x00,0x00,0x00,0x00,0x00,0x00,0x00,0x00,0x00,0x00,0x00,0x00,0x00,0x00,0x00,0x00,0x00,0x00,0x00,0x00,0x00,0x00,0x00,0x00,0x00,0x00,
    0x00,0x00,0x00,0x00,0x00,0x00,0x00,0x00,0x00,0x00,0x00,0x00,0x00,0x00,0x00,0x00,0x00,0x00,0x00,0x00,0x00,0x00,0x00,0x00,0x00,0x00,0x00,0x00,0x00,0x00,0x00,0x00,
    0x00,0x00,0x00,0x00,0x00,0x00,0x00,0x00,0x00,0x00,0x00,0x00,0x00,0x00,0x00,0x00,0x00,0x00,0x00,0x00,0x00,0x00,0x00,0x00,0x00,0x00,0x00,0x00,0x00,0x00,0x00,0x00,
    0x00,0x00,0x00,0x00,0x00,0x00,0x00,0x00,0x00,0x00,0x00,0x10,0x3a,0x3c,0xc0,0x3c,0x3a,0x10,0x00,0x00,0x00,0x00,0x00,0x00,0x00,0x00,0x00,0x00,0x00,0x00,0x00,0x00,
    0x00,0x00,0x00,0x00,0x00,0x00,0x00,0x00,0x00,0x00,0x00,0x00,0x00,0x00,0x00,0x00,0x00,0x00,0xc0,0xe0,0xf0,0xf8,0xf8,0xf8,0xf8,0xf8,0xf8,0xf8,0xf8,0xf0,0xe0,0x80,
    0x00,0x00,0x00,0x00,0x00,0x00,0x00,0x00,0x00,0x00,0x00,0x00,0x00,0x00,0x00,0x00,0x00,0x00,0x00,0x00,0x00,0x00,0x00,0x00,0x00,0x00,0x00,0x00,0x00,0x00,0x00,0x00,
    0x00,0x00,0x00,0x00,0x00,0x00,0x00,0x00,0x00,0x00,0x00,0x00,0x00,0x00,0x00,0x00,0x00,0x00,0x00,0x00,0x01,0x3e,0x42,0xbc,0xc0,0x80,0x00,0x00,0x00,0xbc,0xc2,0xbe,
    0x41,0x00,0x00,0x00,0x00,0x00,0x00,0x00,0x00,0x00,0x00,0x00,0x00,0x00,0x00,0x00,0x00,0x00,0x00,0x00,0x00,0x00,0x00,0x00,0x00,0x00,0x00,0x00,0x00,0x00,0x00,0x00,
    0x00,0x00,0x00,0x00,0x00,0x00,0x00,0x00,0x00,0x00,0x00,0x00,0x00,0x00,0x00,0x00,0x00,0x00,0x3f,0xf3,0xf7,0xe7,0xef,0xe7,0xfb,0xfb,0xf7,0xef,0xf7,0xfb,0xfb,0x3f,
    0x00,0x00,0x00,0x00,0x80,0x40,0x80,0x00,0x00,0x00,0x00,0x00,0x00,0x00,0x00,0x00,0x00,0x00,0x00,0x00,0x00,0x00,0x00,0x00,0x00,0x00,0x00,0x00,0x00,0x00,0x20,0xd0,
    0x20,0x00,0x00,0x00,0x00,0x00,0x00,0x00,0x00,0x00,0x00,0x00,0x00,0x00,0x00,0x00,0x00,0x00,0x00,0x00,0x00,0x80,0xfc,0xfe,0xef,0xe7,0xbf,0xdf,0xbf,0xef,0xe7,0xfe,
    0xfc,0x80,0x00,0x00,0x00,0x00,0x00,0x00,0x00,0x00,0x00,0x00,0x40,0xa0,0x40,0x00,0x00,0x00,0x00,0x00,0x00,0x00,0x80,0x00,0x00,0x00,0x00,0x20,0xd0,0x20,0x00,0x00,
    0xf0,0xfe,0xf0,0xe0,0xf0,0xf0,0xb0,0xfc,0xf0,0xf4,0xfa,0xe7,0xec,0xe0,0xf0,0xf0,0xfe,0xf0,0xf0,0xf0,0xfd,0xf7,0xff,0xff,0xff,0xff,0xff,0xff,0xf7,0xf3,0xf0,0xf6,
    0xf8,0xe0,0x70,0xf0,0xe4,0xff,0xff,0xe0,0xe0,0xf0,0xe0,0xf2,0xfc,0xf0,0xe0,0xf0,0xf0,0xf4,0xfa,0xf4,0xb0,0xf0,0xe0,0xfc,0xf0,0xf0,0xf2,0xfc,0xe0,0xf0,0xf6,0xef,
    0xf2,0xf0,0xf0,0xe4,0xf8,0xf0,0xf0,0xf0,0xfc,0xf0,0xf0,0xf0,0x7f,0xf0,0xf0,0xf0,0xf4,0xf8,0xe0,0xf0,0xfe,0xff,0xff,0xff,0xff,0xff,0xff,0x7f,0xff,0xff,0xff,0xff,
    0xff,0xff,0xfe,0x70,0xfe,0xf4,0xfa,0xf4,0xf0,0xe2,0xfc,0xe4,0xff,0xf2,0xf0,0xff,0xf0,0xf4,0xfa,0xf4,0xfe,0xf5,0xfe,0x73,0xef,0xf0,0xf0,0xf6,0xff,0xf2,0xe0,0xe0
  },
  { // 75
    0x00,0x00,0x00,0x00,0x00,0x00,0x00,0x00,0x00,0x00,0x00,0x00,0x00,0x00,0x00,0x00,0x00,0x00,0x00,0x00,0x00,0x00,0x00,0x00,0x00,0x00,0x00,0x00,0x00,0x00,0x00,0x00,
    0x00,0x00,0x00,0x00,0x00,0x00,0x00,0x00,0x00,0x00,0x00,0x00,0x00,0x00,0x00,0x00,0x00,0x00,0x00,0x00,0x00,0x00,0x00,0x00,0x00,0x00,0x00,0x00,0x00,0x00,0x00,0x00,
    0x00,0x00,0x00,0x00,0x00,0x00,0x00,0x00,0x00,0x00,0x00,0x00,0x00,0x00,0x00,0x00,0x00,0x00,0x00,0x00,0x00,0x00,0x00,0x00,0x00,0x00,0x00,0x00,0x00,0x00,0x00,0x00,
    0x00,0x00,0x00,0x00,0x00,0x00,0x00,0x00,0x00,0x38,0x44,0xd4,0x2a,0x44,0xf8,0x44,0x2a,0xd4,0x44,0x38,0x00,0x00,0x00,0x00,0x00,0x00,0x00,0x00,0x00,0x00,0x00,0x00,
    0x00,0x00,0x00,0x00,0x00,0x00,0x00,0x00,0x00,0x00,0x00,0x00,0x00,0x00,0x00,0x80,0xe0,0xf0,0xf0,0xf8,0xf8,0xf8,0xf8,0xf8,0xf8,0xf0,0xe0,0xc0,0x00,0x00,0x00,0x00,
    0x00,0x00,0x00,0x00,0x00,0x00,0x00,0x00,0x00,0x00,0x00,0x00,0x00,0x00,0x00,0x00,0x00,0x00,0x00,0x00,0x00,0x00,0x00,0x00,0x00,0x00,0x00,0x00,0x00,0x00,0x00,0x00,
    0x00,0x00,0x00,0x00,0x00,0x00,0x00,0x00,0x00,0x00,0x00,0x00,0x00,0x00,0x00,0x00,0x00,0x00,0x00,0x00,0x00,0x3e,0x41,0x81,0xfe,0x80,0x00,0x00,0x00,0x80,0xfe,0x81,
    0x41,0x3e,0x00,0x00,0x00,0x00,0x00,0x00,0x00,0x00,0x00,0x01,0x01,0x00,0x00,0x00,0x01,0x01,0x00,0x00,0x00,0x00,0x00,0x00,0x00,0x00,0x00,0x00,0x00,0x00,0x00,0x00,
    0x00,0x00,0x00,0x00,0x00,0x00,0x00,0x00,0x00,0x00,0x00,0x00,0x00,0x00,0x00,0x3f,0x7f,0xcf,0xdf,0xdf,0xdf,0xe7,0xfb,0xf7,0xf7,0xe7,0xfc,0xfd,0xff,0x00,0x00,0x00,
    0x00,0x00,0x00,0x00,0x80,0x40,0x80,0x00,0x00,0x00,0x00,0x00,0x00,0x00,0x00,0x00,0x00,0x00,0x00,0x00,0x00,0x00,0x00,0x00,0x00,0x00,0x00,0x00,0x00,0x00,0x20,0xd0,
    0x20,0x00,0x00,0x00,0x00,0x00,0x00,0x00,0x00,0x00,0x00,0x00,0x00,0x00,0x00,0x00,0x00,0x00,0x00,0x00,0x00,0x80,0xfc,0xfe,0xef,0xe7,0xbf,0xdf,0xbf,0xef,0xe7,0xfe,
    0xfc,0x80,0x00,0x00,0x00,0x00,0x00,0x00,0x00,0x00,0x00,0x00,0x40,0xa0,0x40,0x00,0x00,0x00,0x00,0x00,0x00,0x00,0x80,0x00,0x00,0x00,0x00,0x20,0xd0,0x20,0x00,0x00,
    0xf0,0xfe,0xf0,0xe0,0xf0,0xf0,0xb0,0xfc,0xf0,0xf4,0xfa,0xe7,0xec,0xe0,0xf0,0xf0,0xfe,0xf1,0xf3,0xf3,0xff,0xff,0xff,0xff,0xff,0xff,0xff,0xf7,0xf1,0xf0,0xf0,0xf6,
    0xf8,0xe0,0x70,0xf0,0xe4,0xff,0xff,0xe0,0xe0,0xf0,0xe0,0xf2,0xfc,0xf0,0xe0,0xf0,0xf0,0xf4,0xfa,0xf4,0xb0,0xf0,0xe0,0xfc,0xf0,0xf0,0xf2,0xfc,0xe0,0xf0,0xf6,0xef,
    0xf2,0xf0,0xf0,0xe4,0xf8,0xf0,0xf0,0xf0,0xfc,0xf0,0xf0,0xf0,0x7f,0xf0,0xf0,0xf0,0xf4,0xf8,0xe0,0xf0,0xfe,0xff,0xff,0xff,0xff,0xff,0xff,0x7f,0xff,0xff,0xff,0xff,
    0xff,0xff,0xfe,0x70,0xfe,0xf4,0xfa,0xf4,0xf0,0xe2,0xfc,0xe4,0xff,0xf2,0xf0,0xff,0xf0,0xf4,0xfa,0xf4,0xfe,0xf5,0xfe,0x73,0xef,0xf0,0xf0,0xf6,0xff,0xf2,0xe0,0xe0
  },
  { // 76
    0x00,0x00,0x00,0x00,0x00,0x00,0x00,0x00,0x00,0x00,0x00,0x00,0x00,0x00,0x00,0x00,0x00,0x00,0x00,0x00,0x00,0x00,0x00,0x00,0x00,0x00,0x00,0x00,0x00,0x00,0x00,0x00,
    0x00,0x00,0x00,0x00,0x00,0x00,0x00,0x00,0x00,0x00,0x00,0x00,0x00,0x00,0x00,0x00,0x00,0x00,0x00,0x00,0x00,0x00,0x00,0x00,0x00,0x00,0x00,0x00,0x00,0x00,0x00,0x00,
    0x00,0x00,0x00,0x00,0x00,0x00,0x00,0x00,0x00,0x00,0x00,0x00,0x00,0x00,0x00,0x00,0x00,0x00,0x00,0x00,0x00,0x00,0x00,0x00,0x00,0x00,0x00,0x00,0x00,0x00,0x00,0x00,
    0x00,0x00,0x00,0x00,0x00,0x00,0x00,0x00,0x00,0x70,0x88,0xa8,0x54,0x88,0xf0,0x88,0x54,0xa8,0x88,0x70,0x00,0x00,0x00,0x00,0x00,0x00,0x00,0x00,0x00,0x00,0x00,0x00,
    0x00,0x00,0x00,0x00,0x00,0x00,0x00,0x00,0x00,0x00,0x00,0x00,0x00,0x80,0xc0,0xe0,0xf0,0xf0,0xf0,0xf0,0xf0,0xe0,0xe0,0xc0,0x80,0x00,0x00,0x00,0x00,0x00,0x00,0x00,
    0x00,0x00,0x00,0x00,0x00,0x00,0x00,0x00,0x00,0x00,0x00,0x00,0x00,0x00,0x00,0x00,0x00,0x00,0x00,0x00,0x00,0x00,0x00,0x00,0x00,0x00,0x00,0x00,0x00,0x00,0x00,0x00,
    0x00,0x00,0x00,0x00,0x00,0x00,0x00,0x00,0x00,0x00,0x00,0x00,0x00,0x00,0x00,0x00,0x00,0x00,0x00,0x00,0x00,0x3e,0x41,0x81,0xfe,0x80,0x00,0x00,0x00,0x80,0xfe,0x81,
    0x41,0x3e,0x00,0x00,0x00,0x00,0x00,0x00,0x00,0x00,0x00,0x03,0x02,0x00,0x01,0x00,0x02,0x03,0x00,0x00,0x00,0x00,0x00,0x00,0x00,0x00,0x00,0x00,0x00,0x00,0x00,0x00,
    0x00,0x00,0x00,0x00,0x00,0x00,0x00,0x00,0x00,0x00,0x00,0x00,0x3f,0xff,0xff,0x3f,0xff,0x7f,0x7f,0xc7,0xf7,0xf7,0xf7,0xfe,0xff,0xff,0xfc,0x00,0x00,0x00,0x00,0x00,
    0x00,0x00,0x00,0x00,0x80,0x40,0x80,0x00,0x00,0x00,0x00,0x00,0x00,0x00,0x00,0x00,0x00,0x00,0x00,0x00,0x00,0x00,0x00,0x00,0x00,0x00,0x00,0x00,0x00,0x00,0x00,0xa0,
    0x50,0x20,0x00,0x00,0x00,0x00,0x00,0x00,0x00,0x00,0x00,0x00,0x00,0x00,0x00,0x00,0x00,0x00,0x00,0x00,0x00,0x80,0xfc,0xfe,0xef,0xe7,0xbf,0xdf,0xbf,0xef,0xe7,0xfe,
    0xfc,0x80,0x00,0x00,0x00,0x00,0x00,0x00,0x00,0x00,0x00,0x00,0x40,0xa0,0x40,0x00,0x00,0x00,0x00,0x00,0x00,0x00,0x80,0x00,0x00,0x00,0x00,0x20,0xd0,0x20,0x00,0x00,
    0xf0,0xfe,0xf0,0xe0,0xf0,0xf0,0xb0,0xfc,0xf0,0xf4,0xfa,0xe7,0xec,0xe0,0xf1,0xf3,0xff,0xf7,0xff,0xff,0xff,0xff,0xff,0xff,0xff,0xff,0xff,0xf0,0xf0,0xf0,0xf0,0xf6,
    0xf8,0xe0,0x70,0xf0,0xe4,0xff,0xfe,0xe1,0xe0,0xf0,0xe0,0xf2,0xfc,0xf0,0xe0,0xf0,0xf0,0xf4,0xfa,0xf4,0xb0,0xf0,0xe0,0xfc,0xf0,0xf0,0xf2,0xfc,0xe0,0xf0,0xf6,0xef,
    0xf2,0xf0,0xf0,0xe4,0xf8,0xf0,0xf0,0xf0,0xfc,0xf0,0xf0,0xf0,0x7e,0xf1,0xf0,0xf0,0xf4,0xf8,0xe0,0xf0,0xfe,0xff,0xff,0xff,0xff,0xff,0xff,0x7f,0xff,0xff,0xff,0xff,
    0xff,0xff,0xfe,0x70,0xfe,0xf4,0xfa,0xf4,0xf0,0xe2,0xfc,0xe4,0xff,0xf2,0xf0,0xfe,0xf1,0xf4,0xfa,0xf4,0xfe,0xf5,0xfe,0x73,0xee,0xf1,0xf0,0xf6,0xff,0xf2,0xe0,0xe0
  },
  { // 77
    0x00,0x00,0x00,0x00,0x00,0x00,0x00,0x00,0x00,0x00,0x00,0x00,0x00,0x00,0x00,0x00,0x00,0x00,0x00,0x00,0x00,0x00,0x00,0x00,0x00,0x00,0x00,0x00,0x00,0x00,0x00,0x00,
    0x00,0x00,0x00,0x00,0x00,0x00,0x00,0x00,0x00,0x00,0x00,0x00,0x00,0x00,0x00,0x00,0x00,0x00,0x00,0x00,0x00,0x00,0x00,0x00,0x00,0x00,0x00,0x00,0x00,0x00,0x00,0x00,
    0x00,0x00,0x00,0x00,0x00,0x00,0x00,0x00,0x00,0x00,0x00,0x00,0x00,0x00,0x00,0x00,0x00,0x00,0x00,0x00,0x00,0x00,0x00,0x00,0x00,0x00,0x00,0x00,0x00,0x00,0x00,0x00,
    0x00,0x00,0x00,0x00,0x00,0x00,0x00,0x00,0x00,0x70,0x88,0xa8,0x54,0x88,0xf0,0x88,0x54,0xa8,0x88,0x70,0x00,0x00,0x00,0x00,0x00,0x00,0x00,0x00,0x00,0x00,0x00,0x00,
    0x00,0x00,0x00,0x00,0x00,0x00,0x00,0x00,0x00,0x00,0x00,0x80,0xc0,0xc0,0xe0,0xe0,0xe0,0xe0,0xc0,0xc0,0x80,0x00,0x00,0x00,0x00,0x00,0x00,0x00,0x00,0x00,0x00,0x00,
    0x00,0x00,0x00,0x00,0x00,0x00,0x00,0x00,0x00,0x00,0x00,0x00,0x00,0x00,0x00,0x00,0x00,0x00,0x00,0x00,0x00,0x00,0x00,0x00,0x00,0x00,0x00,0x00,0x00,0x00,0x00,0x00,
    0x00,0x00,0x00,0x00,0x00,0x00,0x00,0x00,0x00,0x00,0x00,0x00,0x00,0x00,0x00,0x00,0x00,0x00,0x00,0x00,0x00,0x3e,0x41,0x81,0xfe,0x80,0x00,0x00,0x00,0x80,0xfe,0x81,
    0x41,0x3e,0x00,0x00,0x00,0x00,0x00,0x00,0x00,0x00,0x00,0x03,0x02,0x00,0x01,0x00,0x02,0x03,0x00,0x00,0x00,0x00,0x00,0x00,0x00,0x00,0x00,0x00,0x00,0x00,0x00,0x00,
    0x00,0x00,0x00,0x00,0x00,0x00,0x00,0x00,0x00,0xfc,0xff,0xff,0xff,0xff,0xff,0xff,0xcf,0x6f,0xef,0xe0,0xff,0xff,0xfe,0xfc,0xf0,0xc0,0x00,0x00,0x00,0x00,0x00,0x00,
    0x00,0x00,0x00,0x00,0x80,0x40,0x80,0x00,0x00,0x00,0x00,0x00,0x00,0x00,0x00,0x00,0x00,0x00,0x00,0x00,0x00,0x00,0x00,0x00,0x00,0x00,0x00,0x00,0x00,0x00,0x00,0xa0,
    0x50,0x20,0x00,0x00,0x00,0x00,0x00,0x00,0x00,0x00,0x00,0x00,0x00,0x00,0x00,0x00,0x00,0x00,0x00,0x00,0x00,0x80,0xfc,0xfe,0xef,0xe7,0xbf,0xdf,0xbf,0xef,0xe7,0xfe,
    0xfc,0x80,0x00,0x00,0x00,0x00,0x00,0x00,0x00,0x00,0x00,0x00,0x40,0xa0,0x40,0x00,0x00,0x00,0x00,0x00,0x00,0x00,0x80,0x00,0x00,0x00,0x00,0x20,0xd0,0x20,0x00,0x00,
    0xf0,0xfe,0xf0,0xe0,0xf0,0xf0,0xb0,0xfc,0xf0,0xf4,0xfb,0xe7,0xef,0xe7,0xfe,0xfe,0xfe,0xfe,0xff,0xff,0xff,0xff,0xff,0xff,0xf7,0xf3,0xfc,0xf0,0xf0,0xf0,0xf0,0xf6,
    0xf8,0xe0,0x70,0xf0,0xe4,0xff,0xfe,0xe1,0xe0,0xf0,0xe0,0xf0,0xfe,0xf0,0xe0,0xf0,0xf0,0xf4,0xfa,0xf4,0xb0,0xf0,0xe0,0xfc,0xf0,0xf0,0xf0,0xfe,0xe0,0xf0,0xf4,0xef,
    0xf2,0xf0,0xf0,0xe4,0xf8,0xf0,0xf0,0xf0,0xfc,0xf0,0xf0,0xf0,0x7e,0xf1,0xf0,0xf0,0xf4,0xf8,0xe0,0xf0,0xfe,0xff,0xff,0xff,0xff,0xff,0xff,0x7f,0xff,0xff,0xff,0xff,
    0xff,0xff,0xfe,0x70,0xfe,0xf4,0xfa,0xf4,0xf0,0xe0,0xfe,0xe4,0xff,0xf2,0xf0,0xfe,0xf1,0xf4,0xfa,0xf4,0xfe,0xf5,0xfe,0x73,0xee,0xf1,0xf0,0xf6,0xff,0xf2,0xe0,0xe0
  },
  { // 78
    0x00,0x00,0x00,0x00,0x00,0x00,0x00,0x00,0x00,0x00,0x00,0x00,0x00,0x00,0x00,0x00,0x00,0x00,0x00,0x00,0x00,0x00,0x00,0x00,0x00,0x00,0x00,0x00,0x00,0x00,0x00,0x00,
    0x00,0x00,0x00,0x00,0x00,0x00,0x00,0x00,0x00,0x00,0x00,0x00,0x00,0x00,0x00,0x00,0x00,0x00,0x00,0x00,0x00,0x00,0x00,0x00,0x00,0x00,0x00,0x00,0x00,0x00,0x00,0x00,
    0x00,0x00,0x00,0x00,0x00,0x00,0x00,0x00,0x00,0x00,0x00,0x00,0x00,0x00,0x00,0x00,0x00,0x00,0x00,0x00,0x00,0x00,0x00,0x00,0x00,0x00,0x00,0x00,0x00,0x00,0x00,0x00,
    0x00,0x00,0x00,0x00,0x00,0x00,0x00,0x00,0x00,0x00,0x70,0x88,0xa8,0x54,0x88,0xf0,0x88,0x54,0xa8,0x88,0x70,0x00,0x00,0x00,0x00,0x00,0x00,0x00,0x00,0x00,0x00,0x00,
    0x00,0x00,0x00,0x00,0x00,0x00,0x00,0x00,0x00,0x80,0x80,0xc0,0xc0,0xc0,0xc0,0xc0,0x80,0x80,0x00,0x00,0x00,0x00,0x00,0x00,0x00,0x00,0x00,0x00,0x00,0x00,0x00,0x00,
    0x00,0x00,0x00,0x00,0x00,0x00,0x00,0x00,0x00,0x00,0x00,0x00,0x00,0x00,0x00,0x00,0x00,0x00,0x00,0x00,0x00,0x00,0x00,0x00,0x00,0x00,0x00,0x00,0x00,0x00,0x00,0x00,
    0x00,0x00,0x00,0x00,0x00,0x00,0x00,0x00,0x00,0x00,0x00,0x00,0x00,0x00,0x00,0x00,0x00,0x00,0x00,0x00,0x00,0x3e,0x41,0x81,0xfe,0x80,0x00,0x00,0x00,0x80,0xfe,0x81,
    0x41,0x3e,0x00,0x00,0x00,0x00,0x00,0x00,0x00,0x00,0x00,0x00,0x03,0x02,0x00,0x01,0x00,0x02,0x03,0x00,0x00,0x00,0x00,0x00,0x00,0x00,0x00,0x00,0x00,0x00,0x00,0x00,
    0x00,0x00,0x00,0x00,0x00,0x00,0xf8,0xfe,0xff,0xff,0xff,0xff,0xff,0xdf,0xbf,0x6c,0xf3,0xff,0xff,0xff,0xfe,0xfc,0xf8,0xe0,0x00,0x00,0x00,0x00,0x00,0x00,0x00,0x00,
    0x00,0x00,0x00,0x00,0x80,0x40,0x80,0x00,0x00,0x00,0x00,0x00,0x00,0x00,0x00,0x00,0x00,0x00,0x00,0x00,0x00,0x00,0x00,0x00,0x00,0x00,0x00,0x00,0x00,0x00,0x00,0xa0,
    0x50,0x20,0x00,0x00,0x00,0x00,0x00,0x00,0x00,0x00,0x00,0x00,0x00,0x00,0x00,0x00,0x00,0x00,0x00,0x00,0x00,0x80,0xfc,0xfe,0xef,0xe7,0xbf,0xdf,0xbf,0xef,0xe7,0xfe,
    0xfc,0x80,0x00,0x00,0x00,0x00,0x00,0x00,0x00,0x00,0x00,0x40,0xa0,0x40,0x00,0x00,0x00,0x00,0x00,0x00,0x00,0x00,0x80,0x00,0x00,0x00,0x20,0x50,0xa0,0x00,0x00,0x00,
    0xf0,0xfe,0xf0,0xe0,0xf0,0xf0,0xb0,0xfd,0xf7,0xf7,0xff,0xef,0xeb,0xed,0xfd,0xfe,0xff,0xff,0xff,0xff,0xff,0xf7,0xff,0xf3,0xf0,0xf0,0xfc,0xf0,0xf0,0xf0,0xf0,0xf6,
    0xf8,0xe0,0x70,0xf0,0xe4,0xff,0xfe,0xe1,0xe0,0xf0,0xe0,0xf0,0xfe,0xf0,0xe0,0xf0,0xf0,0xf4,0xfa,0xf4,0xb0,0xf0,0xe0,0xfc,0xf0,0xf0,0xf0,0xfe,0xe0,0xf0,0xf4,0xef,
    0xf2,0xf0,0xf0,0xe4,0xf8,0xf0,0xf0,0xf0,0xfc,0xf0,0xf0,0xf0,0x7e,0xf1,0xf0,0xf0,0xf4,0xf8,0xe0,0xf0,0xfe,0xff,0xff,0xff,0xff,0xff,0xff,0x7f,0xff,0xff,0xff,0xff,
    0xff,0xff,0xfe,0x70,0xfe,0xf4,0xfa,0xf4,0xf0,0xe0,0xfe,0xe4,0xff,0xf2,0xf0,0xfe,0xf1,0xf4,0xfa,0xf4,0xfe,0xf5,0xfe,0x73,0xee,0xf1,0xf0,0xf6,0xff,0xf2,0xe0,0xe0
  },
  { // 79
    0x00,0x00,0x00,0x00,0x00,0x00,0x00,0x00,0x00,0x00,0x00,0x00,0x00,0x00,0x00,0x00,0x00,0x00,0x00,0x00,0x00,0x00,0x00,0x00,0x00,0x00,0x00,0x00,0x00,0x00,0x00,0x00,
    0x00,0x00,0x00,0x00,0x00,0x00,0x00,0x00,0x00,0x00,0x00,0x00,0x00,0x00,0x00,0x00,0x00,0x00,0x00,0x00,0x00,0x00,0x00,0x00,0x00,0x00,0x00,0x00,0x00,0x00,0x00,0x00,
    0x00,0x00,0x00,0x00,0x00,0x00,0x00,0x00,0x00,0x00,0x00,0x00,0x00,0x00,0x00,0x00,0x00,0x00,0x00,0x00,0x00,0x00,0x00,0x00,0x00,0x00,0x00,0x00,0x00,0x00,0x00,0x00,
    0x00,0x00,0x00,0x00,0x00,0x00,0x00,0x00,0x00,0x00,0x00,0x00,0x20,0x74,0x78,0x80,0x78,0x74,0x20,0x00,0x00,0x00,0x00,0x00,0x00,0x00,0x00,0x00,0x00,0x00,0x00,0x00,
    0x00,0x00,0x00,0x00,0x00,0x00,0x00,0x80,0x80,0xc0,0xc0,0xc0,0xc0,0xc0,0x80,0x80,0x80,0x00,0x00,0x00,0x00,0x00,0x00,0x00,0x00,0x00,0x00,0x00,0x00,0x00,0x00,0x00,
    0x00,0x00,0x00,0x00,0x00,0x00,0x00,0x00,0x00,0x00,0x00,0x00,0x00,0x00,0x00,0x00,0x00,0x00,0x00,0x00,0x00,0x00,0x00,0x00,0x00,0x00,0x00,0x00,0x00,0x00,0x00,0x00,
    0x00,0x00,0x00,0x00,0x00,0x00,0x00,0x00,0x00,0x00,0x00,0x00,0x00,0x00,0x00,0x00,0x00,0x00,0x00,0x00,0x00,0x3e,0x41,0x81,0xfe,0x80,0x00,0x00,0x00,0x80,0xfe,0x81,
    0x41,0x3e,0x00,0x00,0x00,0x00,0x00,0x00,0x00,0x00,0x00,0x00,0x00,0x00,0x00,0x01,0x00,0x00,0x00,0x00,0x00,0x00,0x00,0x00,0x00,0x00,0x00,0x00,0x00,0x00,0x00,0x00,
    0x00,0x00,0x00,0x00,0xfc,0xff,0xff,0xff,0xff,0xff,0xff,0xde,0xad,0x73,0xff,0xff,0xff,0xff,0xfe,0xfe,0xfc,0x70,0xa0,0x40,0x00,0x00,0x00,0x00,0x00,0x00,0x00,0x00,
    0x00,0x00,0x00,0x00,0x80,0x40,0x80,0x00,0x00,0x00,0x00,0x00,0x00,0x00,0x00,0x00,0x00,0x00,0x00,0x00,0x00,0x00,0x00,0x00,0x00,0x00,0x00,0x00,0x00,0x00,0x00,0xa0,
    0x50,0x20,0x00,0x00,0x00,0x00,0x00,0x00,0x00,0x00,0x00,0x00,0x00,0x00,0x00,0x00,0x00,0x00,0x00,0x00,0x00,0x80,0xfc,0xfe,0xef,0xe7,0xbf,0xdf,0xbf,0xef,0xe7,0xfe,
    0xfc,0x80,0x00,0x00,0x00,0x00,0x00,0x00,0x00,0x00,0x00,0x40,0xa0,0x40,0x00,0x00,0x00,0x00,0x00,0x00,0x00,0x00,0x80,0x00,0x00,0x00,0x20,0x50,0xa0,0x00,0x00,0x00,
    0xf0,0xfe,0xf0,0xe0,0xf1,0xf3,0xb7,0xff,0xff,0xff,0xff,0xeb,0xed,0xee,0xff,0xf7,0xff,0xf3,0xf3,0xf1,0xfc,0xf4,0xff,0xf2,0xf0,0xf0,0xfc,0xf0,0xf0,0xf0,0xf0,0xf6,
    0xf8,0xe0,0x70,0xf0,0xe4,0xff,0xfe,0xe1,0xe0,0xf0,0xe0,0xf0,0xfe,0xf0,0xe0,0xf0,0xf0,0xf4,0xfa,0xf4,0xb0,0xf0,0xe0,0xfc,0xf0,0xf0,0xf0,0xfe,0xe0,0xf0,0xf4,0xef,
    0xf2,0xf0,0xf0,0xe4,0xf8,0xf0,0xf0,0xf0,0xfc,0xf0,0xf0,0xf0,0x7e,0xf1,0xf0,0xf0,0xf4,0xf8,0xe0,0xf0,0xfe,0xff,0xff,0xff,0xff,0xff,0xff,0x7f,0xff,0xff,0xff,0xff,
    0xff,0xff,0xfe,0x70,0xfe,0xf4,0xfa,0xf4,0xf0,0xe0,0xfe,0xe4,0xff,0xf2,0xf0,0xfe,0xf1,0xf4,0xfa,0xf4,0xfe,0xf5,0xfe,0x73,0xee,0xf1,0xf0,0xf6,0xff,0xf2,0xe0,0xe0
  },
  { // 80
    0x00,0x00,0x00,0x00,0x00,0x00,0x00,0x00,0x00,0x00,0x00,0x00,0x00,0x00,0x00,0x00,0x00,0x00,0x00,0x00,0x00,0x00,0x00,0x00,0x00,0x00,0x00,0x00,0x00,0x00,0x00,0x00,
    0x00,0x00,0x00,0x00,0x00,0x00,0x00,0x00,0x00,0x00,0x00,0x00,0x00,0x00,0x00,0x00,0x00,0x00,0x00,0x00,0x00,0x00,0x00,0x00,0x00,0x00,0x00,0x00,0x00,0x00,0x00,0x00,
    0x00,0x00,0x00,0x00,0x00,0x00,0x00,0x00,0x00,0x00,0x00,0x00,0x00,0x00,0x00,0x00,0x00,0x00,0x00,0x00,0x00,0x00,0x00,0x00,0x00,0x00,0x00,0x00,0x00,0x00,0x00,0x00,
    0x00,0x00,0x00,0x00,0x00,0x00,0x00,0x00,0x00,0x00,0x00,0x00,0x40,0xe8,0xf0,0x00,0xf0,0xe8,0x40,0x00,0x00,0x00,0x00,0x00,0x00,0x00,0x00,0x00,0x00,0x00,0x00,0x00,
    0x00,0x00,0x00,0x00,0x80,0x80,0xc0,0xc0,0xc0,0xc0,0xc0,0xc0,0xc0,0xc0,0xc0,0x80,0x80,0x00,0x00,0x00,0x00,0x00,0x00,0x00,0x00,0x00,0x00,0x00,0x00,0x00,0x00,0x00,
    0x00,0x00,0x00,0x00,0x00,0x00,0x00,0x00,0x00,0x00,0x00,0x00,0x00,0x00,0x00,0x00,0x00,0x00,0x00,0x00,0x00,0x00,0x00,0x00,0x00,0x00,0x00,0x00,0x00,0x00,0x00,0x00,
    0x00,0x00,0x00,0x00,0x00,0x00,0x00,0x00,0x00,0x00,0x00,0x00,0x00,0x00,0x00,0x00,0x00,0x00,0x00,0x00,0x00,0x3e,0x41,0x81,0xfe,0x80,0x00,0x00,0x00,0x80,0xfe,0x81,
    0x41,0x3e,0x00,0x00,0x00,0x00,0x00,0x00,0x00,0x00,0x00,0x00,0x00,0x00,0x00,0x03,0x00,0x00,0x00,0x00,0x00,0x00,0x00,0x00,0x00,0x00,0x00,0x00,0x00,0x00,0x00,0x00,
    0x00,0x78,0xfe,0xff,0xff,0xff,0xff,0xfe,0xff,0xc5,0xd9,0x3f,0xbf,0xff,0xff,0xff,0xff,0x7f,0x1e,0x00,0x00,0x40,0xa0,0x40,0x00,0x00,0x00,0x00,0x00,0x00,0x00,0x00,
    0x00,0x00,0x00,0x00,0x80,0x40,0x80,0x00,0x00,0x00,0x00,0x00,0x00,0x00,0x00,0x00,0x00,0x00,0x00,0x00,0x00,0x00,0x00,0x00,0x00,0x00,0x00,0x00,0x00,0x00,0x00,0xa0,
    0x50,0x20,0x00,0x00,0x00,0x00,0x00,0x00,0x00,0x00,0x00,0x00,0x00,0x00,0x00,0x00,0x00,0x00,0x00,0x00,0x00,0x80,0xfc,0xfe,0xef,0xe7,0xbf,0xdf,0xbf,0xef,0xe7,0xfe,
    0xfc,0x80,0x00,0x00,0x00,0x00,0x00,0x00,0x00,0x00,0x00,0x40,0xa0,0x40,0x00,0x00,0x00,0x00,0x00,0x00,0x00,0x00,0x80,0x00,0x00,0x00,0x20,0x50,0xa0,0x00,0x00,0x00,
    0xf0,0xfe,0xf1,0xe7,0xf7,0xff,0xbf,0xff,0xff,0xff,0xfd,0xee,0xef,0xe7,0xf3,0xf1,0xfe,0xf0,0xf0,0xf0,0xfc,0xf4,0xff,0xf2,0xf0,0xf0,0xfc,0xf0,0xf0,0xf0,0xf0,0xf6,
    0xf8,0xe0,0x70,0xf0,0xe4,0xff,0xfe,0xe1,0xe0,0xf0,0xe0,0xf0,0xfe,0xf0,0xe0,0xf0,0xf0,0xf4,0xfa,0xf4,0xb0,0xf0,0xe0,0xfc,0xf0,0xf0,0xf0,0xfe,0xe0,0xf0,0xf4,0xef,
    0xf2,0xf0,0xf0,0xe4,0xf8,0xf0,0xf0,0xf0,0xfc,0xf0,0xf0,0xf0,0x7e,0xf1,0xf0,0xf0,0xf4,0xf8,0xe0,0xf0,0xfe,0xff,0xff,0xff,0xff,0xff,0xff,0x7f,0xff,0xff,0xff,0xff,
    0xff,0xff,0xfe,0x70,0xfe,0xf4,0xfa,0xf4,0xf0,0xe0,0xfe,0xe4,0xff,0xf2,0xf0,0xfe,0xf1,0xf4,0xfa,0xf4,0xfe,0xf5,0xfe,0x73,0xee,0xf1,0xf0,0xf6,0xff,0xf2,0xe0,0xe0
  },
  { // 81
    0x00,0x00,0x00,0x00,0x00,0x00,0x00,0x00,0x00,0x00,0x00,0x00,0x00,0x00,0x00,0x00,0x00,0x00,0x00,0x00,0x00,0x00,0x00,0x00,0x00,0x00,0x00,0x00,0x00,0x00,0x00,0x00,
    0x00,0x00,0x00,0x00,0x00,0x00,0x00,0x00,0x00,0x00,0x00,0x00,0x00,0x00,0x00,0x00,0x00,0x00,0x00,0x00,0x00,0x00,0x00,0x00,0x00,0x00,0x00,0x00,0x00,0x00,0x00,0x00,
    0x00,0x00,0x00,0x00,0x00,0x00,0x00,0x00,0x00,0x00,0x00,0x00,0x00,0x00,0x00,0x00,0x00,0x00,0x00,0x00,0x00,0x00,0x00,0x00,0x00,0x00,0x00,0x00,0x00,0x00,0x00,0x00,
    0x00,0x00,0x00,0x00,0x00,0x00,0x00,0x00,0x00,0x00,0x00,0x00,0x40,0xe8,0xf0,0x00,0xf0,0xe8,0x40,0x00,0x00,0x00,0x00,0x00,0x00,0x00,0x00,0x00,0x00,0x00,0x00,0x00,
    0x00,0x00,0x80,0x80,0xc0,0xc0,0xe0,0xe0,0xe0,0xe0,0xe0,0xe0,0xe0,0xc0,0xc0,0x00,0x00,0x00,0x00,0x00,0x00,0x00,0x00,0x00,0x00,0x00,0x00,0x00,0x00,0x00,0x00,0x00,
    0x00,0x00,0x00,0x00,0x00,0x00,0x00,0x00,0x00,0x00,0x00,0x00,0x00,0x00,0x00,0x00,0x00,0x00,0x00,0x00,0x00,0x00,0x00,0x00,0x00,0x00,0x00,0x00,0x00,0x00,0x00,0x00,
    0x00,0x00,0x00,0x00,0x00,0x00,0x00,0x00,0x00,0x00,0x00,0x00,0x00,0x00,0x00,0x00,0x00,0x00,0x00,0x00,0x00,0x3e,0x41,0x81,0xfe,0x80,0x00,0x00,0x00,0x80,0xfe,0x81,
    0x41,0x3e,0x00,0x00,0x00,0x00,0x00,0x00,0x00,0x00,0x00,0x00,0x00,0x00,0x00,0x03,0x00,0x00,0x00,0x00,0x00,0x00,0x00,0x00,0x00,0x00,0x00,0x00,0x00,0x00,0x00,0x00,
    0xfe,0xff,0xff,0xfe,0xfd,0xfd,0xe5,0xfd,0xdf,0xdf,0x9f,0xff,0xff,0xff,0x3f,0x07,0x00,0x00,0x00,0x00,0x00,0x40,0xa0,0x40,0x00,0x00,0x00,0x00,0x00,0x00,0x00,0x00,
    0x00,0x00,0x00,0x00,0x80,0x40,0x80,0x00,0x00,0x00,0x00,0x00,0x00,0x00,0x00,0x00,0x00,0x00,0x00,0x00,0x00,0x00,0x00,0x00,0x00,0x00,0x00,0x00,0x00,0x00,0x00,0xa0,
    0x50,0x20,0x00,0x00,0x00,0x00,0x00,0x00,0x00,0x00,0x00,0x00,0x00,0x00,0x00,0x00,0x00,0x00,0x00,0x00,0x00,0x80,0xfc,0xfe,0xef,0xe7,0xbf,0xdf,0xbf,0xef,0xe7,0xfe,
    0xfc,0x80,0x00,0x00,0x00,0x00,0x00,0x00,0x00,0x00,0x00,0x40,0xa0,0x40,0x00,0x00,0x00,0x00,0x00,0x00,0x00,0x00,0x80,0x00,0x00,0x00,0x20,0x50,0xa0,0x00,0x00,0x00,
    0xf1,0xff,0xf7,0xef,0xff,0xff,0xbf,0xff,0xff,0xfe,0xff,0xe7,0xef,0xe0,0xf0,0xf0,0xfc,0xf2,0xf0,0xf0,0xfc,0xf4,0xff,0xf2,0xf0,0xf0,0xfc,0xf0,0xf0,0xf0,0xf0,0xf6,
    0xf8,0xe0,0x70,0xf0,0xe4,0xff,0xfe,0xe3,0xe0,0xf0,0xe0,0xf0,0xfe,0xf0,0xe0,0xf0,0xf0,0xf4,0xfa,0xf4,0xb0,0xf0,0xe0,0xfc,0xf0,0xf0,0xf0,0xfe,0xe0,0xf0,0xf4,0xef,
    0xf2,0xf0,0xf0,0xe4,0xf8,0xf0,0xf0,0xf0,0xfc,0xf0,0xf0,0xf0,0x7c,0xf3,0xf0,0xf0,0xf4,0xf8,0xe0,0xf0,0xfe,0xff,0xff,0xff,0xff,0xff,0xff,0x7f,0xff,0xff,0xff,0xff,
    0xff,0xff,0xfe,0x70,0xfc,0xf6,0xfa,0xf4,0xf0,0xe0,0xfe,0xe4,0xff,0xf2,0xf0,0xfc,0xf3,0xf4,0xfa,0xf4,0xfc,0xf7,0xfe,0x73,0xec,0xf3,0xf0,0xf6,0xff,0xf2,0xe0,0xe0
  },
  { // 82
    0x00,0x00,0x00,0x00,0x00,0x00,0x00,0x00,0x00,0x00,0x00,0x00,0x00,0x00,0x00,0x00,0x00,0x00,0x00,0x00,0x00,0x00,0x00,0x00,0x00,0x00,0x00,0x00,0x00,0x00,0x00,0x00,
    0x00,0x00,0x00,0x00,0x00,0x00,0x00,0x00,0x00,0x00,0x00,0x00,0x00,0x00,0x00,0x00,0x00,0x00,0x00,0x00,0x00,0x00,0x00,0x00,0x00,0x00,0x00,0x00,0x00,0x00,0x00,0x00,
    0x00,0x00,0x00,0x00,0x00,0x00,0x00,0x00,0x00,0x00,0x00,0x00,0x00,0x00,0x00,0x00,0x00,0x00,0x00,0x00,0x00,0x00,0x00,0x00,0x00,0x00,0x00,0x00,0x00,0x00,0x00,0x00,
    0x00,0x00,0x00,0x00,0x00,0x00,0x00,0x00,0x00,0x00,0x00,0x00,0x00,0x80,0xd0,0xe0,0x00,0xe0,0xd0,0x80,0x00,0x00,0x00,0x00,0x00,0x00,0x00,0x00,0x00,0x00,0x00,0x00,
    0x80,0xc0,0xe0,0xe0,0xf0,0xf0,0xf0,0xf0,0xf0,0xf0,0xf0,0xc0,0x00,0x00,0x00,0x00,0x00,0x00,0x00,0x00,0x00,0x00,0x00,0x00,0x00,0x00,0x00,0x00,0x00,0x00,0x00,0x00,
    0x00,0x00,0x00,0x00,0x00,0x00,0x00,0x00,0x00,0x00,0x00,0x00,0x00,0x00,0x00,0x00,0x00,0x00,0x00,0x00,0x00,0x00,0x00,0x00,0x00,0x00,0x00,0x00,0x00,0x00,0x00,0x00,
    0x00,0x00,0x00,0x00,0x00,0x00,0x00,0x00,0x00,0x00,0x00,0x00,0x00,0x00,0x00,0x00,0x00,0x00,0x00,0x00,0x00,0x3e,0x41,0x81,0xfe,0x80,0x00,0x00,0x00,0x80,0xfe,0x81,
    0x41,0x3e,0x00,0x00,0x00,0x00,0x00,0x00,0x00,0x00,0x00,0x00,0x00,0x00,0x01,0x01,0x06,0x01,0x01,0x00,0x00,0x00,0x00,0x00,0x00,0x00,0x00,0x00,0x00,0x00,0x00,0x00,
    0xfd,0xfd,0xfd,0xfd,0xe3,0xef,0xef,0xef,0x0f,0xff,0xff,0x7f,0x00,0x00,0x00,0x00,0x00,0x00,0x00,0x00,0x00,0x40,0xa0,0x40,0x00,0x00,0x00,0x00,0x00,0x00,0x00,0x00,
    0x00,0x00,0x00,0x00,0x80,0x40,0x80,0x00,0x00,0x00,0x00,0x00,0x00,0x00,0x00,0x00,0x00,0x00,0x00,0x00,0x00,0x00,0x00,0x00,0x00,0x00,0x00,0x00,0x00,0x00,0x00,0xa0,
    0x50,0x20,0x00,0x00,0x00,0x00,0x00,0x00,0x00,0x00,0x00,0x00,0x00,0x00,0x00,0x00,0x00,0x00,0x00,0x00,0x00,0x80,0xfc,0xfe,0xef,0xe7,0xbf,0xdf,0xbf,0xef,0xe7,0xfe,
    0xfc,0x80,0x00,0x00,0x00,0x00,0x00,0x00,0x00,0x00,0x00,0x40,0xa0,0x40,0x00,0x00,0x00,0x00,0x00,0x00,0x00,0x00,0x80,0x00,0x00,0x00,0x20,0x50,0xa0,0x00,0x00,0x00,
    0xf7,0xff,0xff,0xef,0xff,0xff,0xbf,0xff,0xf7,0xf7,0xfb,0xe4,0xef,0xe0,0xf0,0xf0,0xfc,0xf2,0xf0,0xf0,0xfc,0xf4,0xff,0xf2,0xf0,0xf0,0xfc,0xf0,0xf0,0xf0,0xf0,0xf6,
    0xf8,0xe0,0x70,0xf0,0xe4,0xff,0xfe,0xe3,0xe0,0xf0,0xe0,0xf0,0xfe,0xf0,0xe0,0xf0,0xf0,0xf4,0xfa,0xf4,0xb0,0xf0,0xe0,0xfc,0xf0,0xf0,0xf0,0xfe,0xe0,0xf0,0xf4,0xef,
    0xf2,0xf0,0xf0,0xe4,0xf8,0xf0,0xf0,0xf0,0xfc,0xf0,0xf0,0xf0,0x7c,0xf3,0xf0,0xf0,0xf4,0xf8,0xe0,0xf0,0xfe,0xff,0xff,0xff,0xff,0xff,0xff,0x7f,0xff,0xff,0xff,0xff,
    0xff,0xff,0xfe,0x70,0xfc,0xf6,0xfa,0xf4,0xf0,0xe0,0xfe,0xe4,0xff,0xf2,0xf0,0xfc,0xf3,0xf4,0xfa,0xf4,0xfc,0xf7,0xfe,0x73,0xec,0xf3,0xf0,0xf6,0xff,0xf2,0xe0,0xe0
  },
  { // 83
    0x00,0x00,0x00,0x00,0x00,0x00,0x00,0x00,0x00,0x00,0x00,0x00,0x00,0x00,0x00,0x00,0x00,0x00,0x00,0x00,0x00,0x00,0x00,0x00,0x00,0x00,0x00,0x00,0x00,0x00,0x00,0x00,
    0x00,0x00,0x00,0x00,0x00,0x00,0x00,0x00,0x00,0x00,0x00,0x00,0x00,0x00,0x00,0x00,0x00,0x00,0x00,0x00,0x00,0x00,0x00,0x00,0x00,0x00,0x00,0x00,0x00,0x00,0x00,0x00,
    0x00,0x00,0x00,0x00,0x00,0x00,0x00,0x00,0x00,0x00,0x00,0x00,0x00,0x00,0x00,0x00,0x00,0x00,0x00,0x00,0x00,0x00,0x00,0x00,0x00,0x00,0x00,0x00,0x00,0x00,0x00,0x00,
    0x00,0x00,0x00,0x00,0x00,0x00,0x00,0x00,0x00,0x00,0x00,0xc0,0x20,0xa0,0x50,0x20,0xc0,0x20,0x50,0xa0,0x20,0xc0,0x00,0x00,0x00,0x00,0x00,0x00,0x00,0x00,0x00,0x00,
    0xf0,0xf0,0xf8,0xf8,0xf8,0xf8,0xf0,0xe0,0xc0,0x00,0x00,0x00,0x00,0x00,0x00,0x00,0x00,0x00,0x00,0x00,0x00,0x00,0x00,0x00,0x00,0x00,0x00,0x00,0x00,0x00,0x00,0x00,
    0x00,0x00,0x00,0x00,0x00,0x00,0x00,0x00,0x00,0x00,0x00,0x00,0x00,0x00,0x00,0x00,0x00,0x00,0x00,0x00,0x00,0x00,0x00,0x00,0x00,0x00,0x00,0x00,0x00,0x00,0x00,0x00,
    0x00,0x00,0x00,0x00,0x00,0x00,0x00,0x00,0x00,0x00,0x00,0x00,0x00,0x00,0x00,0x00,0x00,0x00,0x00,0x00,0x00,0x3e,0x41,0x81,0xfe,0x80,0x00,0x00,0x00,0x80,0xfe,0x81,
    0x41,0x3e,0x00,0x00,0x00,0x00,0x00,0x00,0x00,0x00,0x00,0x01,0x02,0x0e,0x09,0x02,0x07,0x02,0x09,0x0e,0x02,0x01,0x00,0x00,0x00,0x00,0x00,0x00,0x00,0x00,0x00,0x00,
    0xfd,0xf3,0xef,0xef,0xf7,0xf7,0xcf,0xbf,0xff,0x3c,0x00,0x00,0x00,0x00,0x00,0x00,0x00,0x00,0x00,0x00,0x00,0x40,0xa0,0x40,0x00,0x00,0x00,0x00,0x00,0x00,0x00,0x00,
    0x00,0x00,0x00,0x00,0x80,0x40,0x80,0x00,0x00,0x00,0x00,0x00,0x00,0x00,0x00,0x00,0x00,0x00,0x00,0x00,0x00,0x00,0x00,0x00,0x00,0x00,0x00,0x00,0x00,0x00,0x00,0xa0,
    0x50,0x20,0x00,0x00,0x00,0x00,0x00,0x00,0x00,0x00,0x00,0x00,0x00,0x00,0x00,0x00,0x00,0x00,0x00,0x00,0x00,0x80,0xfc,0xfe,0xef,0xe7,0xbf,0xdf,0xbf,0xef,0xe7,0xfe,
    0xfc,0x80,0x00,0x00,0x00,0x00,0x00,0x00,0x00,0x00,0x00,0x40,0xa0,0x40,0x00,0x00,0x00,0x00,0x00,0x00,0x00,0x00,0x80,0x00,0x00,0x00,0x20,0x50,0xa0,0x00,0x00,0x00,
    0xff,0xff,0xff,0xef,0xff,0xff,0xb7,0xff,0xf1,0xf4,0xfa,0xe4,0xef,0xe0,0xf0,0xf0,0xfc,0xf2,0xf0,0xf0,0xfc,0xf4,0xff,0xf2,0xf0,0xf0,0xfc,0xf0,0xf0,0xf0,0xf0,0xf6,
    0xf8,0xe0,0x70,0xf0,0xe4,0xff,0xfe,0xe3,0xe0,0xf0,0xe0,0xf0,0xfe,0xf0,0xe0,0xf0,0xf0,0xf4,0xfa,0xf4,0xb0,0xf0,0xe0,0xfc,0xf0,0xf0,0xf0,0xfe,0xe0,0xf0,0xf4,0xef,
    0xf2,0xf0,0xf0,0xe4,0xf8,0xf0,0xf0,0xf0,0xfc,0xf0,0xf0,0xf0,0x7c,0xf3,0xf0,0xf0,0xf4,0xf8,0xe0,0xf0,0xfe,0xff,0xff,0xff,0xff,0xff,0xff,0x7f,0xff,0xff,0xff,0xff,
    0xff,0xff,0xfe,0x70,0xfc,0xf6,0xfa,0xf4,0xf0,0xe0,0xfe,0xe4,0xff,0xf2,0xf0,0xfc,0xf3,0xf4,0xfa,0xf4,0xfc,0xf7,0xfe,0x73,0xec,0xf3,0xf0,0xf6,0xff,0xf2,0xe0,0xe0
  },
  { // 84
    0x00,0x00,0x00,0x00,0x00,0x00,0x00,0x00,0x00,0x00,0x00,0x00,0x00,0x00,0x00,0x00,0x00,0x00,0x00,0x00,0x00,0x00,0x00,0x00,0x00,0x00,0x00,0x00,0x00,0x00,0x00,0x00,
    0x00,0x00,0x00,0x00,0x00,0x00,0x00,0x00,0x00,0x00,0x00,0x00,0x00,0x00,0x00,0x00,0x00,0x00,0x00,0x00,0x00,0x00,0x00,0x00,0x00,0x00,0x00,0x00,0x00,0x00,0x00,0x00,
    0x00,0x00,0x00,0x00,0x00,0x00,0x00,0x00,0x00,0x00,0x00,0x00,0x00,0x00,0x00,0x00,0x00,0x00,0x00,0x00,0x00,0x00,0x00,0x00,0x00,0x00,0x00,0x00,0x00,0x00,0x00,0x00,
    0x00,0x00,0x00,0x00,0x00,0x00,0x00,0x00,0x00,0x00,0x00,0x00,0xc0,0x20,0xa0,0x50,0x20,0xc0,0x20,0x50,0xa0,0x20,0xc0,0x00,0x00,0x00,0x00,0x00,0x00,0x00,0x00,0x00,
    0xf8,0xf8,0xf8,0xf0,0xe0,0x80,0x00,0x00,0x00,0x00,0x00,0x00,0x00,0x00,0x00,0x00,0x00,0x00,0x00,0x00,0x00,0x00,0x00,0x00,0x00,0x00,0x00,0x00,0x00,0x00,0x00,0x00,
    0x00,0x00,0x00,0x00,0x00,0x00,0x00,0x00,0x00,0x00,0x00,0x00,0x00,0x00,0x00,0x00,0x00,0x00,0x00,0x00,0x00,0x00,0x00,0x00,0x00,0x00,0x00,0x00,0x00,0x00,0x00,0x00,
    0x00,0x00,0x00,0x00,0x00,0x00,0x00,0x00,0x00,0x00,0x00,0x00,0x00,0x00,0x00,0x00,0x00,0x00,0x00,0x00,0x00,0x3e,0x41,0x81,0xfe,0x80,0x00,0x00,0x00,0x80,0xfe,0x81,
    0x41,0x3e,0x00,0x00,0x00,0x00,0x00,0x00,0x00,0x00,0x00,0x00,0x01,0x02,0x0e,0x09,0x02,0x07,0x02,0x09,0x0e,0x02,0x01,0x00,0x00,0x00,0x00,0x00,0x00,0x00,0x00,0x00,
    0xef,0xf7,0xfb,0xfb,0xf7,0xef,0xfe,0x00,0x00,0x00,0x00,0x00,0x00,0x00,0x00,0x00,0x00,0x00,0x00,0x00,0x00,0x40,0xa0,0x40,0x00,0x00,0x00,0x00,0x00,0x00,0x00,0x00,
    0x00,0x00,0x00,0x00,0x80,0x40,0x80,0x00,0x00,0x00,0x00,0x00,0x00,0x00,0x00,0x00,0x00,0x00,0x00,0x00,0x00,0x00,0x00,0x00,0x00,0x00,0x00,0x00,0x00,0x00,0x00,0xa0,
    0x50,0x20,0x00,0x00,0x00,0x00,0x00,0x00,0x00,0x00,0x00,0x00,0x00,0x00,0x00,0x00,0x00,0x00,0x00,0x00,0x00,0x80,0xfc,0xfe,0xef,0xe7,0xbf,0xdf,0xbf,0xef,0xe7,0xfe,
    0xfc,0x80,0x00,0x00,0x00,0x00,0x00,0x00,0x00,0x00,0x00,0x40,0xa0,0x40,0x00,0x00,0x00,0x00,0x00,0x00,0x00,0x00,0x80,0x00,0x00,0x00,0x20,0x50,0xa0,0x00,0x00,0x00,
    0xff,0xff,0xff,0xef,0xf7,0xf3,0xb1,0xfc,0xf0,0xf4,0xfa,0xe4,0xef,0xe0,0xf0,0xf0,0xfc,0xf2,0xf0,0xf0,0xfc,0xf4,0xff,0xf2,0xf0,0xf0,0xfc,0xf0,0xf0,0xf0,0xf0,0xf6,
    0xf8,0xe0,0x70,0xf0,0xe4,0xff,0xfe,0xe3,0xe0,0xf0,0xe0,0xf0,0xfe,0xf0,0xe0,0xf0,0xf0,0xf4,0xfa,0xf4,0xb0,0xf0,0xe0,0xfc,0xf0,0xf0,0xf0,0xfe,0xe0,0xf0,0xf4,0xef,
    0xf2,0xf0,0xf0,0xe4,0xf8,0xf0,0xf0,0xf0,0xfc,0xf0,0xf0,0xf0,0x7c,0xf3,0xf0,0xf0,0xf4,0xf8,0xe0,0xf0,0xfe,0xff,0xff,0xff,0xff,0xff,0xff,0x7f,0xff,0xff,0xff,0xff,
    0xff,0xff,0xfe,0x70,0xfc,0xf6,0xfa,0xf4,0xf0,0xe0,0xfe,0xe4,0xff,0xf2,0xf0,0xfc,0xf3,0xf4,0xfa,0xf4,0xfc,0xf7,0xfe,0x73,0xec,0xf3,0xf0,0xf6,0xff,0xf2,0xe0,0xe0
  },
  { // 85
    0x00,0x00,0x00,0x00,0x00,0x00,0x00,0x00,0x00,0x00,0x00,0x00,0x00,0x00,0x00,0x00,0x00,0x00,0x00,0x00,0x00,0x00,0x00,0x00,0x00,0x00,0x00,0x00,0x00,0x00,0x00,0x00,
    0x00,0x00,0x00,0x00,0x00,0x00,0x00,0x00,0x00,0x00,0x00,0x00,0x00,0x00,0x00,0x00,0x00,0x00,0x00,0x00,0x00,0x00,0x00,0x00,0x00,0x00,0x00,0x00,0x00,0x00,0x00,0x00,
    0x00,0x00,0x00,0x00,0x00,0x00,0x00,0x00,0x00,0x00,0x00,0x00,0x00,0x00,0x00,0x00,0x00,0x00,0x00,0x00,0x00,0x00,0x00,0x00,0x00,0x00,0x00,0x00,0x00,0x00,0x00,0x00,
    0x00,0x00,0x00,0x00,0x00,0x00,0x00,0x00,0x00,0x00,0x00,0x00,0x80,0x40,0x40,0xa0,0x40,0x80,0x40,0xa0,0x40,0x40,0x80,0x00,0x00,0x00,0x00,0x00,0x00,0x00,0x00,0x00,
    0xe0,0xc0,0x80,0x00,0x00,0x00,0x00,0x00,0x00,0x00,0x00,0x00,0x00,0x00,0x00,0x00,0x00,0x00,0x00,0x00,0x00,0x00,0x00,0x00,0x00,0x00,0x00,0x00,0x00,0x00,0x00,0x00,
    0x00,0x00,0x00,0x00,0x00,0x00,0x00,0x00,0x00,0x00,0x00,0x00,0x00,0x00,0x00,0x00,0x00,0x00,0x00,0x00,0x00,0x00,0x00,0x00,0x00,0x00,0x00,0x00,0x00,0x00,0x00,0x00,
    0x00,0x00,0x00,0x00,0x00,0x00,0x00,0x00,0x00,0x00,0x00,0x00,0x00,0x00,0x00,0x00,0x00,0x00,0x00,0x00,0x00,0x3e,0x41,0x81,0xfe,0x80,0x00,0x00,0x00,0x80,0xfe,0x81,
    0x41,0x3e,0x00,0x00,0x00,0x00,0x00,0x00,0x00,0x00,0x00,0x00,0x03,0x04,0x1d,0x12,0x04,0x0f,0x04,0x12,0x1d,0x04,0x03,0x00,0x00,0x00,0x00,0x00,0x00,0x00,0x00,0x00,
    0xfd,0xfb,0xfb,0xff,0xfe,0x70,0x00,0x00,0x00,0x00,0x00,0x00,0x00,0x00,0x00,0x00,0x00,0x00,0x00,0x00,0x00,0x40,0xa0,0x40,0x00,0x00,0x00,0x00,0x00,0x00,0x00,0x00,
    0x00,0x00,0x00,0x00,0x80,0x40,0x80,0x00,0x00,0x00,0x00,0x00,0x00,0x00,0x00,0x00,0x00,0x00,0x00,0x00,0x00,0x00,0x00,0x00,0x00,0x00,0x00,0x00,0x00,0x00,0x00,0xa0,
    0x50,0x20,0x00,0x00,0x00,0x00,0x00,0x00,0x00,0x00,0x00,0x00,0x00,0x00,0x00,0x00,0x00,0x00,0x00,0x00,0x00,0x80,0xfc,0xfe,0xef,0xe7,0xbf,0xdf,0xbf,0xef,0xe7,0xfe,
    0xfc,0x80,0x00,0x00,0x00,0x00,0x00,0x00,0x00,0x00,0x00,0x40,0xa0,0x40,0x00,0x00,0x00,0x00,0x00,0x00,0x00,0x00,0x80,0x00,0x00,0x00,0x20,0x50,0xa0,0x00,0x00,0x00,
    0xff,0xff,0xf7,0xe3,0xf1,0xf0,0xb0,0xfc,0xf0,0xf4,0xfa,0xe4,0xef,0xe0,0xf0,0xf0,0xfc,0xf2,0xf0,0xf0,0xfc,0xf4,0xff,0xf2,0xf0,0xf0,0xfc,0xf0,0xf0,0xf0,0xf0,0xf6,
    0xf8,0xe0,0x70,0xf0,0xe4,0xff,0xfe,0xe3,0xe0,0xf0,0xe0,0xf0,0xfe,0xf0,0xe0,0xf0,0xf0,0xf4,0xfa,0xf4,0xb0,0xf0,0xe0,0xfc,0xf0,0xf0,0xf0,0xfe,0xe0,0xf0,0xf4,0xef,
    0xf2,0xf0,0xf0,0xe4,0xf8,0xf0,0xf0,0xf0,0xfc,0xf0,0xf0,0xf0,0x7c,0xf3,0xf0,0xf0,0xf4,0xf8,0xe0,0xf0,0xfe,0xff,0xff,0xff,0xff,0xff,0xff,0x7f,0xff,0xff,0xff,0xff,
    0xff,0xff,0xfe,0x70,0xfc,0xf6,0xfa,0xf4,0xf0,0xe0,0xfe,0xe4,0xff,0xf2,0xf0,0xfc,0xf3,0xf4,0xfa,0xf4,0xfc,0xf7,0xfe,0x73,0xec,0xf3,0xf0,0xf6,0xff,0xf2,0xe0,0xe0
  },
  { // 86
    0x00,0x00,0x00,0x00,0x00,0x00,0x00,0x00,0x00,0x00,0x00,0x00,0x00,0x00,0x00,0x00,0x00,0x00,0x00,0x00,0x00,0x00,0x00,0x00,0x00,0x00,0x00,0x00,0x00,0x00,0x00,0x00,
    0x00,0x00,0x00,0x00,0x00,0x00,0x00,0x00,0x00,0x00,0x00,0x00,0x00,0x00,0x00,0x00,0x00,0x00,0x00,0x00,0x00,0x00,0x00,0x00,0x00,0x00,0x00,0x00,0x00,0x00,0x00,0x00,
    0x00,0x00,0x00,0x00,0x00,0x00,0x00,0x00,0x00,0x00,0x00,0x00,0x00,0x00,0x00,0x00,0x00,0x00,0x00,0x00,0x00,0x00,0x00,0x00,0x00,0x00,0x00,0x00,0x00,0x00,0x00,0x00,
    0x00,0x00,0x00,0x00,0x00,0x00,0x00,0x00,0x00,0x00,0x00,0x00,0x80,0x40,0x40,0xa0,0x40,0x80,0x40,0xa0,0x40,0x40,0x80,0x00,0x00,0x00,0x00,0x00,0x00,0x00,0x00,0x00,
    0x80,0x00,0x00,0x00,0x00,0x00,0x00,0x00,0x00,0x00,0x00,0x00,0x00,0x00,0x00,0x00,0x00,0x00,0x00,0x00,0x00,0x00,0x00,0x00,0x00,0x00,0x00,0x00,0x00,0x00,0x00,0x00,
    0x00,0x00,0x00,0x00,0x00,0x00,0x00,0x00,0x00,0x00,0x00,0x00,0x00,0x00,0x00,0x00,0x00,0x00,0x00,0x00,0x00,0x00,0x00,0x00,0x00,0x00,0x00,0x00,0x00,0x00,0x00,0x00,
    0x00,0x00,0x00,0x00,0x00,0x00,0x00,0x00,0x00,0x00,0x00,0x00,0x00,0x00,0x00,0x00,0x00,0x00,0x00,0x00,0x00,0x3e,0x41,0x81,0xfe,0x80,0x00,0x00,0x00,0x80,0xfe,0x81,
    0x41,0x3e,0x00,0x00,0x00,0x00,0x00,0x00,0x00,0x00,0x00,0x00,0x03,0x04,0x1d,0x12,0x04,0x0f,0x04,0x12,0x1d,0x04,0x03,0x00,0x00,0x00,0x00,0x00,0x00,0x00,0x00,0x00,
    0xfd,0xff,0xfe,0x70,0x00,0x00,0x00,0x00,0x00,0x00,0x00,0x00,0x00,0x00,0x00,0x00,0x00,0x00,0x00,0x00,0x00,0x40,0xa0,0x40,0x00,0x00,0x00,0x00,0x00,0x00,0x00,0x00,
    0x00,0x00,0x00,0x00,0x80,0x40,0x80,0x00,0x00,0x00,0x00,0x00,0x00,0x00,0x00,0x00,0x00,0x00,0x00,0x00,0x00,0x00,0x00,0x00,0x00,0x00,0x00,0x00,0x00,0x00,0x00,0xa0,
    0x50,0x20,0x00,0x00,0x00,0x00,0x00,0x00,0x00,0x00,0x00,0x00,0x00,0x00,0x00,0x00,0x00,0x00,0x00,0x00,0x00,0x80,0xfc,0xfe,0xef,0xe7,0xbf,0xdf,0xbf,0xef,0xe7,0xfe,
    0xfc,0x80,0x00,0x00,0x00,0x00,0x00,0x00,0x00,0x00,0x00,0x40,0xa0,0x40,0x00,0x00,0x00,0x00,0x00,0x00,0x00,0x00,0x80,0x00,0x00,0x00,0x20,0x50,0xa0,0x00,0x00,0x00,
    0xf7,0xff,0xf3,0xe0,0xf0,0xf0,0xb0,0xfc,0xf0,0xf4,0xfa,0xe4,0xef,0xe0,0xf0,0xf0,0xfc,0xf2,0xf0,0xf0,0xfc,0xf4,0xff,0xf2,0xf0,0xf0,0xfc,0xf0,0xf0,0xf0,0xf0,0xf6,
    0xf8,0xe0,0x70,0xf0,0xe4,0xff,0xfe,0xe3,0xe0,0xf0,0xe0,0xf0,0xfe,0xf0,0xe0,0xf0,0xf0,0xf4,0xfa,0xf4,0xb0,0xf0,0xe0,0xfc,0xf0,0xf0,0xf0,0xfe,0xe0,0xf0,0xf4,0xef,
    0xf2,0xf0,0xf0,0xe4,0xf8,0xf0,0xf0,0xf0,0xfc,0xf0,0xf0,0xf0,0x7c,0xf3,0xf0,0xf0,0xf4,0xf8,0xe0,0xf0,0xfe,0xff,0xff,0xff,0xff,0xff,0xff,0x7f,0xff,0xff,0xff,0xff,
    0xff,0xff,0xfe,0x70,0xfc,0xf6,0xfa,0xf4,0xf0,0xe0,0xfe,0xe4,0xff,0xf2,0xf0,0xfc,0xf3,0xf4,0xfa,0xf4,0xfc,0xf7,0xfe,0x73,0xec,0xf3,0xf0,0xf6,0xff,0xf2,0xe0,0xe0
  },
  { // 87
    0x00,0x00,0x00,0x00,0x00,0x00,0x00,0x00,0x00,0x00,0x00,0x00,0x00,0x00,0x00,0x00,0x00,0x00,0x00,0x00,0x00,0x00,0x00,0x00,0x00,0x00,0x00,0x00,0x00,0x00,0x00,0x00,
    0x00,0x00,0x00,0x00,0x00,0x00,0x00,0x00,0x00,0x00,0x00,0x00,0x00,0x00,0x00,0x00,0x00,0x00,0x00,0x00,0x00,0x00,0x00,0x00,0x00,0x00,0x00,0x00,0x00,0x00,0x00,0x00,
    0x00,0x00,0x00,0x00,0x00,0x00,0x00,0x00,0x00,0x00,0x00,0x00,0x00,0x00,0x00,0x00,0x00,0x00,0x00,0x00,0x00,0x00,0x00,0x00,0x00,0x00,0x00,0x00,0x00,0x00,0x00,0x00,
    0x00,0x00,0x00,0x00,0x00,0x00,0x00,0x00,0x00,0x00,0x00,0x00,0x00,0x00,0x00,0x00,0x40,0x80,0x00,0x80,0x40,0x00,0x00,0x00,0x00,0x00,0x00,0x00,0x00,0x00,0x00,0x00,
    0x00,0x00,0x00,0x00,0x00,0x00,0x00,0x00,0x00,0x00,0x00,0x00,0x00,0x00,0x00,0x00,0x00,0x00,0x00,0x00,0x00,0x00,0x00,0x00,0x00,0x00,0x00,0x00,0x00,0x00,0x00,0x00,
    0x00,0x00,0x00,0x00,0x00,0x00,0x00,0x00,0x00,0x00,0x00,0x00,0x00,0x00,0x00,0x00,0x00,0x00,0x00,0x00,0x00,0x00,0x00,0x00,0x00,0x00,0x00,0x00,0x00,0x00,0x00,0x00,
    0x00,0x00,0x00,0x00,0x00,0x00,0x00,0x00,0x00,0x00,0x00,0x00,0x00,0x00,0x00,0x00,0x00,0x00,0x00,0x00,0x00,0x3e,0x41,0x81,0xfe,0x80,0x00,0x00,0x00,0x80,0xfe,0x81,
    0x41,0x3e,0x00,0x00,0x00,0x00,0x00,0x00,0x00,0x00,0x00,0x00,0x00,0x00,0x00,0x02,0x07,0x07,0x18,0x07,0x07,0x02,0x00,0x00,0x00,0x00,0x00,0x00,0x00,0x00,0x00,0x00,
    0xfe,0x70,0x00,0x00,0x00,0x00,0x00,0x00,0x00,0x00,0x00,0x00,0x00,0x00,0x00,0x00,0x00,0x00,0x00,0x00,0x00,0x40,0xa0,0x40,0x00,0x00,0x00,0x00,0x00,0x00,0x00,0x00,
    0x00,0x00,0x00,0x00,0x80,0x40,0x80,0x00,0x00,0x00,0x00,0x00,0x00,0x00,0x00,0x00,0x00,0x00,0x00,0x00,0x00,0x00,0x00,0x00,0x00,0x00,0x00,0x00,0x00,0x00,0x00,0xa0,
    0x50,0x20,0x00,0x00,0x00,0x00,0x00,0x00,0x00,0x00,0x00,0x00,0x00,0x00,0x00,0x00,0x00,0x00,0x00,0x00,0x00,0x80,0xfc,0xfe,0xef,0xe7,0xbf,0xdf,0xbf,0xef,0xe7,0xfe,
    0xfc,0x80,0x00,0x00,0x00,0x00,0x00,0x00,0x00,0x00,0x00,0x40,0xa0,0x40,0x00,0x00,0x00,0x00,0x00,0x00,0x00,0x00,0x80,0x00,0x00,0x00,0x20,0x50,0xa0,0x00,0x00,0x00,
    0xf1,0xf8,0xf6,0xe0,0xf0,0xf0,0xb0,0xfc,0xf0,0xf4,0xfa,0xe4,0xef,0xe0,0xf0,0xf0,0xf8,0xf6,0xf0,0xf0,0xfc,0xf4,0xff,0xf2,0xf0,0xf0,0xfc,0xf0,0xf0,0xf0,0xf0,0xf6,
    0xf8,0xe0,0x70,0xf0,0xe4,0xff,0xfa,0xe7,0xe0,0xf0,0xe0,0xf0,0xfe,0xf0,0xe0,0xf0,0xf0,0xf4,0xfa,0xf4,0xb0,0xf0,0xe0,0xf8,0xf4,0xf0,0xf0,0xfe,0xe0,0xf0,0xf4,0xef,
    0xf2,0xf0,0xf0,0xe4,0xf8,0xf0,0xf0,0xf0,0xf8,0xf4,0xf0,0xf0,0x78,0xf7,0xf0,0xf0,0xf4,0xf8,0xe0,0xf0,0xfe,0xff,0xff,0xff,0xff,0xff,0xff,0x7f,0xff,0xff,0xff,0xff,
    0xff,0xff,0xfe,0x70,0xf8,0xf6,0xfa,0xf4,0xf0,0xe0,0xfe,0xe4,0xff,0xf2,0xf0,0xf8,0xf7,0xf4,0xfa,0xf4,0xf8,0xf7,0xfe,0x73,0xe8,0xf7,0xf0,0xf6,0xff,0xf2,0xe0,0xe0
  },
  { // 88
    0x00,0x00,0x00,0x00,0x00,0x00,0x00,0x00,0x00,0x00,0x00,0x00,0x00,0x00,0x00,0x00,0x00,0x00,0x00,0x00,0x00,0x00,0x00,0x00,0x00,0x00,0x00,0x00,0x00,0x00,0x00,0x00,
    0x00,0x00,0x00,0x00,0x00,0x00,0x00,0x00,0x00,0x00,0x00,0x00,0x00,0x00,0x00,0x00,0x00,0x00,0x00,0x00,0x00,0x00,0x00,0x00,0x00,0x00,0x00,0x00,0x00,0x00,0x00,0x00,
    0x00,0x00,0x00,0x00,0x00,0x00,0x00,0x00,0x00,0x00,0x00,0x00,0x00,0x00,0x00,0x00,0x00,0x00,0x00,0x00,0x00,0x00,0x00,0x00,0x00,0x00,0x00,0x00,0x00,0x00,0x00,0x00,
    0x00,0x00,0x00,0x00,0x00,0x00,0x00,0x00,0x00,0x00,0x00,0x00,0x00,0x00,0x00,0x00,0x40,0x80,0x00,0x80,0x40,0x00,0x00,0x00,0x00,0x00,0x00,0x00,0x00,0x00,0x00,0x00,
    0x00,0x00,0x00,0x00,0x00,0x00,0x00,0x00,0x00,0x00,0x00,0x00,0x00,0x00,0x00,0x00,0x00,0x00,0x00,0x00,0x00,0x00,0x00,0x00,0x00,0x00,0x00,0x00,0x00,0x00,0x00,0x00,
    0x00,0x00,0x00,0x00,0x00,0x00,0x00,0x00,0x00,0x00,0x00,0x00,0x00,0x00,0x00,0x00,0x00,0x00,0x00,0x00,0x00,0x00,0x00,0x00,0x00,0x00,0x00,0x00,0x00,0x00,0x00,0x00,
    0x00,0x00,0x00,0x00,0x00,0x00,0x00,0x00,0x00,0x00,0x00,0x00,0x00,0x00,0x00,0x00,0x00,0x00,0x00,0x00,0x00,0x3e,0x41,0x81,0xfe,0x80,0x00,0x00,0x00,0x80,0xfe,0x81,
    0x41,0x3e,0x00,0x00,0x00,0x00,0x00,0x00,0x00,0x00,0x00,0x00,0x00,0x00,0x00,0x02,0x07,0x07,0x18,0x07,0x07,0x02,0x00,0x00,0x00,0x00,0x00,0x00,0x00,0x00,0x00,0x00,
    0x00,0x00,0x00,0x00,0x00,0x00,0x00,0x00,0x00,0x00,0x00,0x00,0x00,0x00,0x00,0x00,0x00,0x00,0x00,0x00,0x00,0x40,0xa0,0x40,0x00,0x00,0x00,0x00,0x00,0x00,0x00,0x00,
    0x00,0x00,0x00,0x00,0x80,0x40,0x80,0x00,0x00,0x00,0x00,0x00,0x00,0x00,0x00,0x00,0x00,0x00,0x00,0x00,0x00,0x00,0x00,0x00,0x00,0x00,0x00,0x00,0x00,0x00,0x00,0xa0,
    0x50,0x20,0x00,0x00,0x00,0x00,0x00,0x00,0x00,0x00,0x00,0x00,0x00,0x00,0x00,0x00,0x00,0x00,0x00,0x00,0x00,0x80,0xfc,0xfe,0xef,0xe7,0xbf,0xdf,0xbf,0xef,0xe7,0xfe,
    0xfc,0x80,0x00,0x00,0x00,0x00,0x00,0x00,0x00,0x00,0x00,0x40,0xa0,0x40,0x00,0x00,0x00,0x00,0x00,0x00,0x00,0x00,0x80,0x00,0x00,0x00,0x20,0x50,0xa0,0x00,0x00,0x00,
    0xf0,0xf8,0xf6,0xe0,0xf0,0xf0,0xb0,0xfc,0xf0,0xf4,0xfa,0xe4,0xef,0xe0,0xf0,0xf0,0xf8,0xf6,0xf0,0xf0,0xfc,0xf4,0xff,0xf2,0xf0,0xf0,0xfc,0xf0,0xf0,0xf0,0xf0,0xf6,
    0xf8,0xe0,0x70,0xf0,0xe4,0xff,0xfa,0xe7,0xe0,0xf0,0xe0,0xf0,0xfe,0xf0,0xe0,0xf0,0xf0,0xf4,0xfa,0xf4,0xb0,0xf0,0xe0,0xf8,0xf4,0xf0,0xf0,0xfe,0xe0,0xf0,0xf4,0xef,
    0xf2,0xf0,0xf0,0xe4,0xf8,0xf0,0xf0,0xf0,0xf8,0xf4,0xf0,0xf0,0x78,0xf7,0xf0,0xf0,0xf4,0xf8,0xe0,0xf0,0xfe,0xff,0xff,0xff,0xff,0xff,0xff,0x7f,0xff,0xff,0xff,0xff,
    0xff,0xff,0xfe,0x70,0xf8,0xf6,0xfa,0xf4,0xf0,0xe0,0xfe,0xe4,0xff,0xf2,0xf0,0xf8,0xf7,0xf4,0xfa,0xf4,0xf8,0xf7,0xfe,0x73,0xe8,0xf7,0xf0,0xf6,0xff,0xf2,0xe0,0xe0
  },
  { // 89
    0x00,0x00,0x00,0x00,0x00,0x00,0x00,0x00,0x00,0x00,0x00,0x00,0x00,0x00,0x00,0x00,0x00,0x00,0x00,0x00,0x00,0x00,0x00,0x00,0x00,0x00,0x00,0x00,0x00,0x00,0x00,0x00,
    0x00,0x00,0x00,0x00,0x00,0x00,0x00,0x00,0x00,0x00,0x00,0x00,0x00,0x00,0x00,0x00,0x00,0x00,0x00,0x00,0x00,0x00,0x00,0x00,0x00,0x00,0x00,0x00,0x00,0x00,0x00,0x00,
    0x00,0x00,0x00,0x00,0x00,0x00,0x00,0x00,0x00,0x00,0x00,0x00,0x00,0x00,0x00,0x00,0x00,0x00,0x00,0x00,0x00,0x00,0x00,0x00,0x00,0x00,0x00,0x00,0x00,0x00,0x00,0x00,
    0x00,0x00,0x00,0x00,0x00,0x00,0x00,0x00,0x00,0x00,0x00,0x00,0x00,0x00,0x00,0x00,0x00,0x40,0x80,0x00,0x80,0x40,0x00,0x00,0x00,0x00,0x00,0x00,0x00,0x00,0x00,0x00,
    0x00,0x00,0x00,0x00,0x00,0x00,0x00,0x00,0x00,0x00,0x00,0x00,0x00,0x00,0x00,0x00,0x00,0x00,0x00,0x00,0x00,0x00,0x00,0x00,0x00,0x00,0x00,0x00,0x00,0x00,0x00,0x00,
    0x00,0x00,0x00,0x00,0x00,0x00,0x00,0x00,0x00,0x00,0x00,0x00,0x00,0x00,0x00,0x00,0x00,0x00,0x00,0x00,0x00,0x00,0x00,0x00,0x00,0x00,0x00,0x00,0x00,0x00,0x00,0x00,
    0x00,0x00,0x00,0x00,0x00,0x00,0x00,0x00,0x00,0x00,0x00,0x00,0x00,0x00,0x00,0x00,0x00,0x00,0x00,0x00,0x00,0x3e,0x41,0x81,0xfe,0x80,0x00,0x00,0x00,0x80,0xfe,0x81,
    0x41,0x3e,0x00,0x00,0x00,0x00,0x00,0x00,0x00,0x00,0x00,0x00,0x00,0x00,0x00,0x00,0x02,0x07,0x07,0x18,0x07,0x07,0x02,0x00,0x00,0x00,0x00,0x00,0x00,0x00,0x00,0x00,
    0x00,0x00,0x00,0x00,0x00,0x00,0x00,0x00,0x00,0x00,0x00,0x00,0x00,0x00,0x00,0x00,0x00,0x00,0x00,0x00,0x00,0x40,0xa0,0x40,0x00,0x00,0x00,0x00,0x00,0x00,0x00,0x00,
    0x00,0x00,0x00,0x00,0x80,0x40,0x80,0x00,0x00,0x00,0x00,0x00,0x00,0x00,0x00,0x00,0x00,0x00,0x00,0x00,0x00,0x00,0x00,0x00,0x00,0x00,0x00,0x00,0x00,0x00,0x00,0xa0,
    0x50,0x20,0x00,0x00,0x00,0x00,0x00,0x00,0x00,0x00,0x00,0x00,0x00,0x00,0x00,0x00,0x00,0x00,0x00,0x00,0x00,0x80,0xfc,0xfe,0xef,0xe7,0xbf,0xdf,0xbf,0xef,0xe7,0xfe,
    0xfc,0x80,0x00,0x00,0x00,0x00,0x00,0x00,0x00,0x00,0x00,0x40,0xa0,0x40,0x00,0x00,0x00,0x00,0x00,0x00,0x00,0x00,0x80,0x00,0x00,0x00,0x20,0x50,0xa0,0x00,0x00,0x00,
    0xf0,0xf8,0xf6,0xe0,0xf0,0xf0,0xb0,0xfc,0xf0,0xf4,0xfa,0xe4,0xef,0xe0,0xf0,0xf0,0xf8,0xf6,0xf0,0xf0,0xfc,0xf4,0xff,0xf2,0xf0,0xf0,0xfc,0xf0,0xf0,0xf0,0xf0,0xf6,
    0xf8,0xe0,0x70,0xf0,0xe4,0xff,0xfa,0xe7,0xe0,0xf0,0xe0,0xf0,0xfe,0xf0,0xe0,0xf0,0xf0,0xf4,0xfa,0xf4,0xb0,0xf0,0xe0,0xf8,0xf4,0xf0,0xf0,0xfe,0xe0,0xf0,0xf4,0xef,
    0xf2,0xf0,0xf0,0xe4,0xf8,0xf0,0xf0,0xf0,0xf8,0xf4,0xf0,0xf0,0x78,0xf7,0xf0,0xf0,0xf4,0xf8,0xe0,0xf0,0xfe,0xff,0xff,0xff,0xff,0xff,0xff,0x7f,0xff,0xff,0xff,0xff,
    0xff,0xff,0xfe,0x70,0xf8,0xf6,0xfa,0xf4,0xf0,0xe0,0xfe,0xe4,0xff,0xf2,0xf0,0xf8,0xf7,0xf4,0xfa,0xf4,0xf8,0xf7,0xfe,0x73,0xe8,0xf7,0xf0,0xf6,0xff,0xf2,0xe0,0xe0
  }
};
