// グラデーション (32x128) 90 frames @ 15fps — SSD1306 128x32 native page format
#pragma once
#define ANIM_GRADIENT_FRAMES 90
const uint8_t PROGMEM anim_gradient[ANIM_GRADIENT_FRAMES][512] = {
  { // 0
    0x00,0x00,0x00,0x00,0x00,0x00,0x00,0x00,0x10,0x38,0x10,0x00,0x00,0x00,0x00,0x01,0x01,0x03,0x03,0x02,0x07,0x46,0xdd,0xfe,0xf8,0xfe,0xbb,0x64,0x98,0x03,0x6c,0x00,
    0x52,0x8c,0x09,0x00,0x15,0x03,0x06,0x0e,0x0e,0x1e,0x18,0x3e,0x10,0x4e,0x12,0x8c,0x94,0x8a,0x98,0x84,0x02,0x98,0x04,0x80,0x98,0x02,0x00,0x94,0x80,0xc8,0xf0,0x88,
    0x9c,0x0a,0x8b,0x0b,0x02,0x82,0x00,0x0a,0x82,0x00,0x00,0x0a,0x80,0x00,0x00,0x00,0x00,0x00,0x00,0x00,0x00,0x00,0x00,0x00,0x00,0x00,0x00,0x00,0x00,0x00,0x00,0x00,
    0x03,0x04,0x08,0x92,0xe0,0x48,0xa0,0x60,0xf0,0xb8,0xdc,0xbe,0xff,0xdf,0xef,0xdf,0xff,0xe7,0xf7,0xe3,0xe3,0xc1,0xf3,0xff,0xff,0xff,0xff,0xff,0xff,0xff,0xff,0xff,
    0x00,0x00,0x00,0x00,0x00,0x00,0x00,0x00,0x00,0x00,0x00,0x00,0x80,0x88,0xdc,0xc8,0xe0,0x60,0xb0,0x70,0xbc,0x5f,0x2e,0x9e,0x6a,0x36,0x88,0x46,0x28,0x16,0x08,0x80,
    0x50,0x28,0x16,0x08,0x00,0x00,0xc0,0xc0,0xe0,0xf0,0xf0,0x30,0xf8,0x14,0xe4,0x17,0x06,0xe6,0x12,0x06,0xe0,0x12,0x00,0x06,0x00,0xc6,0x0e,0x1f,0x1e,0x1a,0x3c,0x52,
    0x4c,0xd2,0xc4,0xc0,0x9a,0xc4,0x80,0x54,0x00,0x88,0x80,0x02,0x00,0x00,0x00,0x00,0x00,0x00,0x00,0x00,0x00,0x00,0x00,0x00,0x00,0x00,0x00,0x00,0x00,0x00,0x00,0x00,
    0x00,0x00,0x0e,0x31,0xc3,0x0b,0x27,0x8f,0x0f,0x1f,0x3f,0x7f,0x7f,0xff,0xff,0xff,0xff,0xff,0xdf,0xdf,0x8f,0x8f,0x07,0xdf,0xff,0xff,0xff,0xff,0xff,0xff,0xff,0xff,
    0x00,0x00,0x00,0x08,0x00,0x00,0x00,0x00,0x00,0x00,0x00,0x01,0x03,0x00,0x04,0x00,0x08,0x08,0x18,0x38,0xd8,0x90,0x88,0x90,0x80,0x18,0x80,0x90,0x00,0x08,0x80,0x00,
    0x80,0x00,0x70,0xf0,0xfc,0xff,0xbe,0xce,0x3a,0xc6,0x38,0x46,0x18,0xb6,0x48,0x86,0x38,0x20,0x46,0x18,0x00,0x06,0x38,0x00,0x00,0x00,0x06,0x08,0x00,0x80,0x80,0xc0,
    0xd4,0xff,0xed,0xcd,0x0d,0x88,0x04,0x89,0x00,0x04,0x88,0x01,0x00,0x04,0x88,0x00,0x00,0x00,0x00,0x00,0x00,0x00,0x00,0x00,0x00,0x00,0x00,0x00,0x00,0x00,0x00,0x00,
    0x78,0x80,0x04,0x2a,0x81,0x00,0x02,0x80,0x40,0xa0,0x70,0xf8,0xbc,0xde,0xbf,0xff,0xdf,0xef,0xdf,0xf7,0xe7,0xe3,0xe3,0xc1,0xf7,0xfb,0xff,0xff,0xff,0xff,0xff,0xff,
    0x00,0x00,0x00,0x00,0x00,0x00,0x00,0x00,0x00,0x00,0x00,0x00,0x00,0x00,0x00,0x00,0x00,0x00,0x80,0x80,0x81,0xc7,0xf7,0x79,0xf1,0x30,0x71,0x80,0x71,0x01,0x30,0x00,
    0x71,0x80,0x01,0x70,0x01,0x00,0x02,0x02,0x36,0x06,0x06,0x0c,0x1e,0x18,0xec,0xca,0xc4,0xc8,0x80,0x4c,0x82,0x40,0x88,0x40,0x84,0x46,0x8e,0x1f,0x56,0xb2,0xf4,0xe2,
    0xf4,0xf0,0x82,0x44,0xa0,0x00,0x40,0x52,0x80,0x00,0x00,0x00,0x00,0x00,0x00,0x00,0x00,0x00,0x00,0x00,0x00,0x00,0x00,0x00,0x00,0x00,0x00,0x00,0x00,0x00,0x00,0x00,
    0x00,0x00,0x01,0x80,0x42,0x24,0x99,0x03,0x23,0x0f,0x0f,0x1f,0x3f,0x3f,0x7f,0xff,0xff,0xff,0xff,0xff,0xdf,0xdf,0x8f,0x8f,0x07,0xdf,0xff,0xff,0xff,0xff,0xff,0xff
  },
  { // 1
    0x00,0x00,0x00,0x00,0x00,0x00,0x00,0x00,0x10,0x38,0x10,0x00,0x00,0x00,0x01,0x01,0x01,0x03,0x02,0x07,0x06,0x5f,0xdc,0xfa,0xfc,0xfb,0xa6,0x78,0x81,0x0e,0x60,0x10,
    0x4e,0x89,0x00,0x15,0x01,0x02,0x06,0x0e,0x0e,0x1e,0x18,0x3e,0x10,0x4e,0x12,0x8c,0x94,0x8a,0x98,0x84,0x02,0x98,0x04,0x80,0x18,0x02,0x00,0x94,0x80,0xc8,0xc0,0xb8,
    0x9c,0x0a,0x8b,0x0b,0x8a,0x82,0x00,0x0a,0x82,0x00,0x00,0x02,0x80,0x00,0x00,0x00,0x00,0x00,0x00,0x00,0x00,0x00,0x00,0x00,0x00,0x00,0x00,0x00,0x00,0x00,0x00,0x00,
    0x03,0x04,0x08,0x92,0xe0,0x48,0xa0,0x60,0xf0,0xb8,0xdc,0xbe,0xff,0xdf,0xef,0xdf,0xff,0xe7,0xf7,0xe3,0xe3,0xc1,0xf3,0xff,0xff,0xff,0xff,0xff,0xff,0xff,0xff,0xff,
    0x00,0x00,0x00,0x00,0x00,0x00,0x00,0x00,0x00,0x00,0x00,0x00,0x80,0x88,0xdc,0xc8,0xc0,0x60,0xa0,0x70,0xb8,0x7f,0x1e,0xae,0x5e,0x22,0xbc,0x42,0x04,0x22,0x1c,0x80,
    0x40,0x10,0x22,0x1c,0x00,0x00,0xc0,0xc0,0xc0,0xf0,0xf0,0x30,0xf8,0x34,0xc4,0x37,0x06,0xc6,0x32,0x06,0xc0,0x32,0x00,0x06,0x00,0xc6,0x0f,0x1e,0x1e,0x1a,0x3c,0x52,
    0x4c,0xd2,0xc4,0xc0,0x9a,0xc4,0x80,0x54,0x00,0x88,0x80,0x02,0x00,0x00,0x00,0x00,0x00,0x00,0x00,0x00,0x00,0x00,0x00,0x00,0x00,0x00,0x00,0x00,0x00,0x00,0x00,0x00,
    0x00,0x00,0x0e,0x31,0xc3,0x0b,0x27,0x8f,0x0f,0x1f,0x3f,0x7f,0x7f,0xff,0xff,0xff,0xff,0xff,0xdf,0xdf,0x8f,0x8f,0x07,0xdf,0xff,0xff,0xff,0xff,0xff,0xff,0xff,0xff,
    0x00,0x00,0x00,0x08,0x00,0x00,0x00,0x00,0x00,0x00,0x00,0x01,0x03,0x00,0x04,0x00,0x08,0x18,0x18,0x78,0x98,0x80,0x98,0x80,0x90,0x08,0x90,0x80,0x00,0x08,0x80,0x00,
    0x80,0x00,0xf0,0xf0,0xfc,0xfe,0xbf,0x4e,0xba,0x46,0x38,0x46,0x98,0x36,0xc8,0x06,0x38,0x00,0x46,0x18,0x00,0x06,0x38,0x00,0x00,0x00,0x06,0x08,0x00,0x80,0x80,0xc0,
    0xc6,0xfd,0xfd,0xcd,0x0d,0x88,0x04,0x89,0x00,0x04,0x88,0x01,0x00,0x04,0x88,0x00,0x00,0x00,0x00,0x00,0x00,0x00,0x00,0x00,0x00,0x00,0x00,0x00,0x00,0x00,0x00,0x00,
    0x78,0x80,0x04,0x2a,0x81,0x00,0x02,0x80,0x40,0xa0,0x70,0xf8,0xbc,0xde,0xbf,0xff,0xdf,0xef,0xdf,0xf7,0xe7,0xe3,0xe3,0xc1,0xf7,0xfb,0xff,0xff,0xff,0xff,0xff,0xff,
    0x00,0x00,0x00,0x00,0x00,0x00,0x00,0x00,0x00,0x00,0x00,0x00,0x00,0x00,0x00,0x00,0x00,0x00,0x80,0x81,0x81,0xc7,0xc7,0x79,0xf0,0x31,0x70,0xb1,0x41,0x30,0x00,0x31,
    0x40,0xb1,0x00,0x40,0x31,0x00,0x02,0x06,0x06,0x36,0x06,0x0c,0x1a,0x1c,0xe8,0xce,0xc0,0xc8,0x84,0x48,0x82,0x40,0x88,0x44,0x80,0x46,0x8e,0x1f,0x56,0xf2,0xf4,0xe2,
    0xf4,0xf0,0xc2,0x04,0xa0,0x40,0x40,0x12,0x84,0x00,0x00,0x00,0x00,0x00,0x00,0x00,0x00,0x00,0x00,0x00,0x00,0x00,0x00,0x00,0x00,0x00,0x00,0x00,0x00,0x00,0x00,0x00,
    0x00,0x00,0x01,0x80,0x42,0x24,0x99,0x03,0x23,0x0f,0x0f,0x1f,0x3f,0x3f,0x7f,0xff,0xff,0xff,0xff,0xff,0xdf,0xdf,0x8f,0x8f,0x07,0xdf,0xff,0xff,0xff,0xff,0xff,0xff
  },
  { // 2
    0x00,0x00,0x00,0x00,0x00,0x00,0x00,0x00,0x10,0x38,0x10,0x00,0x00,0x00,0x01,0x01,0x01,0x03,0x02,0x07,0x06,0x5f,0xfc,0xfa,0xfc,0xfb,0xa6,0x58,0x81,0x2e,0x40,0x10,
    0x4e,0x81,0x00,0x15,0x03,0x06,0x0e,0x0e,0x0e,0x18,0x1e,0x38,0x16,0x4a,0x14,0x8c,0x92,0x88,0x9c,0x82,0x00,0x9c,0x00,0x80,0x1a,0x00,0x04,0x90,0x80,0xc8,0xc0,0xb0,
    0x9c,0x0b,0x8b,0x0a,0x8a,0x8a,0x00,0x02,0x8a,0x00,0x00,0x02,0x80,0x00,0x00,0x00,0x00,0x00,0x00,0x00,0x00,0x00,0x00,0x00,0x00,0x00,0x00,0x00,0x00,0x00,0x00,0x00,
    0x03,0x04,0x08,0x92,0xe0,0x48,0xa0,0x60,0xf0,0xb8,0xdc,0xbe,0xff,0xdf,0xef,0xdf,0xff,0xe7,0xf7,0xe3,0xe3,0xc1,0xf3,0xff,0xff,0xff,0xff,0xff,0xff,0xff,0xff,0xff,
    0x00,0x00,0x00,0x00,0x00,0x00,0x00,0x00,0x00,0x00,0x00,0x00,0x80,0x88,0xdc,0xc8,0xc0,0x60,0xa0,0x70,0xb0,0x7d,0x1e,0xae,0x5e,0x2a,0xb6,0x48,0x02,0x20,0x16,0x88,
    0x40,0x10,0x20,0x16,0x08,0x00,0x00,0xc0,0xc0,0xe0,0xf0,0xf0,0x38,0xf4,0x14,0xe7,0x16,0x06,0xe2,0x16,0x00,0xe2,0x10,0x06,0x00,0x06,0x8f,0x1e,0x1e,0x1a,0x3c,0x52,
    0xcc,0xd2,0xc4,0xc0,0x9a,0xc4,0x00,0x54,0x80,0x88,0x00,0x02,0x00,0x00,0x00,0x00,0x00,0x00,0x00,0x00,0x00,0x00,0x00,0x00,0x00,0x00,0x00,0x00,0x00,0x00,0x00,0x00,
    0x00,0x00,0x0e,0x31,0xc3,0x0b,0x27,0x8f,0x0f,0x1f,0x3f,0x7f,0x7f,0xff,0xff,0xff,0xff,0xff,0xdf,0xdf,0x8f,0x8f,0x07,0xdf,0xff,0xff,0xff,0xff,0xff,0xff,0xff,0xff,
    0x00,0x00,0x00,0x08,0x00,0x00,0x00,0x00,0x00,0x00,0x00,0x01,0x03,0x00,0x04,0x08,0x08,0x18,0x38,0xd8,0x90,0x88,0x90,0x80,0x18,0x80,0x90,0x00,0x08,0x80,0x00,0x80,
    0x00,0x50,0xf0,0xf0,0xf8,0xbc,0xef,0x1e,0xee,0x12,0x6e,0x10,0x8e,0x60,0x0e,0x10,0x2e,0x40,0x10,0x8e,0x00,0x10,0x2e,0x00,0x00,0x00,0x00,0x0e,0x00,0x80,0x80,0xc0,
    0xc7,0xdd,0xfd,0xcd,0x0c,0x88,0x05,0x88,0x00,0x04,0x89,0x00,0x00,0x04,0x88,0x00,0x00,0x00,0x00,0x00,0x00,0x00,0x00,0x00,0x00,0x00,0x00,0x00,0x00,0x00,0x00,0x00,
    0x78,0x80,0x04,0x2a,0x81,0x00,0x02,0x80,0x40,0xa0,0x70,0xf8,0xbc,0xde,0xbf,0xff,0xdf,0xef,0xdf,0xf7,0xe7,0xe3,0xe3,0xc1,0xf7,0xfb,0xff,0xff,0xff,0xff,0xff,0xff,
    0x00,0x00,0x00,0x00,0x00,0x00,0x00,0x00,0x00,0x00,0x00,0x00,0x00,0x00,0x00,0x00,0x00,0x00,0x80,0x81,0x81,0xc3,0xc7,0x75,0xf8,0x31,0x70,0xb0,0x41,0x30,0x80,0x31,
    0x40,0xb1,0x00,0x41,0x30,0x00,0x02,0x06,0x06,0x36,0x06,0x1c,0x1a,0xac,0xc8,0xce,0xc0,0xc8,0x04,0xc8,0x02,0xc0,0x08,0xc4,0x00,0xc6,0x0e,0x0f,0xd6,0xf2,0xf4,0xf2,
    0xe4,0xf0,0x52,0x84,0x20,0x40,0x40,0x82,0x14,0x00,0x00,0x00,0x00,0x00,0x00,0x00,0x00,0x00,0x00,0x00,0x00,0x00,0x00,0x00,0x00,0x00,0x00,0x00,0x00,0x00,0x00,0x00,
    0x00,0x00,0x01,0x80,0x42,0x24,0x99,0x03,0x23,0x0f,0x0f,0x1f,0x3f,0x3f,0x7f,0xff,0xff,0xff,0xff,0xff,0xdf,0xdf,0x8f,0x8f,0x07,0xdf,0xff,0xff,0xff,0xff,0xff,0xff
  },
  { // 3
    0x00,0x00,0x00,0x00,0x00,0x00,0x00,0x00,0x10,0x38,0x10,0x00,0x00,0x00,0x01,0x01,0x01,0x03,0x02,0x07,0x06,0xdf,0xfc,0xfa,0xfc,0xfb,0x26,0xd8,0x21,0x2e,0x40,0x10,
    0xee,0x01,0x01,0x15,0x22,0x06,0x0e,0x0e,0x1e,0x18,0x1e,0x30,0x0e,0x52,0x0c,0x94,0x8a,0x98,0x84,0x82,0x18,0x84,0x00,0x98,0x00,0x00,0x14,0x80,0x08,0xc0,0xc0,0x90,
    0xbc,0x8b,0x0b,0x8a,0x8a,0x0a,0x80,0x02,0x0a,0x80,0x00,0x02,0x00,0x80,0x00,0x00,0x00,0x00,0x00,0x00,0x00,0x00,0x00,0x00,0x00,0x00,0x00,0x00,0x00,0x00,0x00,0x00,
    0x03,0x04,0x08,0x92,0xe0,0x48,0xa0,0x60,0xf0,0xb8,0xdc,0xbe,0xff,0xdf,0xef,0xdf,0xff,0xe7,0xf7,0xe3,0xe3,0xc1,0xf3,0xff,0xff,0xff,0xff,0xff,0xff,0xff,0xff,0xff,
    0x00,0x00,0x00,0x00,0x00,0x00,0x00,0x00,0x00,0x00,0x00,0x00,0x00,0x88,0xdc,0xc8,0xc0,0xe0,0x20,0xf0,0x30,0xf8,0x1f,0x2e,0xde,0x2e,0x32,0xcc,0x00,0x20,0x12,0x0c,
    0xc0,0x00,0x20,0x12,0x0c,0x00,0x00,0x40,0xc0,0xe0,0xf0,0xf0,0xb8,0x74,0x94,0x67,0x96,0x06,0x62,0x96,0x00,0x62,0x90,0x06,0x00,0x06,0x0f,0x9e,0x1e,0x1a,0x7c,0x52,
    0xcc,0xd2,0xc4,0x80,0xda,0x84,0x40,0x14,0x80,0x88,0x00,0x02,0x00,0x00,0x00,0x00,0x00,0x00,0x00,0x00,0x00,0x00,0x00,0x00,0x00,0x00,0x00,0x00,0x00,0x00,0x00,0x00,
    0x00,0x00,0x0e,0x31,0xc3,0x0b,0x27,0x8f,0x0f,0x1f,0x3f,0x7f,0x7f,0xff,0xff,0xff,0xff,0xff,0xdf,0xdf,0x8f,0x8f,0x07,0xdf,0xff,0xff,0xff,0xff,0xff,0xff,0xff,0xff,
    0x00,0x00,0x00,0x08,0x00,0x00,0x00,0x00,0x00,0x00,0x00,0x01,0x03,0x00,0x04,0x08,0x08,0x18,0x78,0x98,0x90,0x88,0x90,0x80,0x18,0x80,0x90,0x00,0x08,0x80,0x00,0x80,
    0x00,0x70,0xf0,0xf0,0xf8,0xbc,0xce,0x3f,0xce,0x32,0x4e,0x10,0xae,0x40,0x0e,0x30,0x0e,0x40,0x10,0x8e,0x00,0x30,0x0e,0x00,0x00,0x00,0x00,0x0e,0x00,0x00,0x80,0xc0,
    0xc7,0xd5,0xfd,0x4d,0x8c,0x08,0x8d,0x00,0x88,0x04,0x01,0x88,0x00,0x04,0x00,0x88,0x00,0x00,0x00,0x00,0x00,0x00,0x00,0x00,0x00,0x00,0x00,0x00,0x00,0x00,0x00,0x00,
    0x78,0x80,0x04,0x2a,0x81,0x00,0x02,0x80,0x40,0xa0,0x70,0xf8,0xbc,0xde,0xbf,0xff,0xdf,0xef,0xdf,0xf7,0xe7,0xe3,0xe3,0xc1,0xf7,0xfb,0xff,0xff,0xff,0xff,0xff,0xff,
    0x00,0x00,0x00,0x00,0x00,0x00,0x00,0x00,0x00,0x00,0x00,0x00,0x00,0x00,0x00,0x00,0x00,0x00,0x80,0x81,0x81,0xc3,0xc7,0x75,0xf8,0x31,0x70,0xb0,0x41,0x30,0x80,0x31,
    0x40,0xb1,0x00,0x41,0x30,0x02,0x02,0x06,0x06,0x36,0x0c,0x1e,0x18,0xec,0xca,0xc4,0xc8,0x80,0x4c,0x82,0x40,0x88,0x40,0x84,0x40,0x84,0x0e,0x47,0xb6,0xf2,0xf6,0xf0,
    0xe6,0x90,0x50,0xa6,0x00,0x40,0x42,0x80,0x16,0x00,0x00,0x00,0x00,0x00,0x00,0x00,0x00,0x00,0x00,0x00,0x00,0x00,0x00,0x00,0x00,0x00,0x00,0x00,0x00,0x00,0x00,0x00,
    0x00,0x00,0x01,0x80,0x42,0x24,0x99,0x03,0x23,0x0f,0x0f,0x1f,0x3f,0x3f,0x7f,0xff,0xff,0xff,0xff,0xff,0xdf,0xdf,0x8f,0x8f,0x07,0xdf,0xff,0xff,0xff,0xff,0xff,0xff
  },
  { // 4
    0x00,0x00,0x00,0x00,0x00,0x00,0x00,0x00,0x10,0x38,0x10,0x00,0x00,0x00,0x01,0x01,0x03,0x03,0x02,0x07,0x5e,0xfd,0xfe,0xf8,0xfe,0xa3,0x5c,0xa0,0x2b,0x44,0x10,0x6a,
    0x84,0x01,0x11,0x27,0x06,0x0e,0x0e,0x0e,0x18,0x1e,0x18,0x36,0x0a,0x54,0x8c,0x92,0x88,0x9c,0xc2,0x80,0x9c,0x00,0x80,0x18,0x00,0x04,0x90,0x00,0x08,0x80,0xc0,0xd0,
    0xbc,0x8b,0x0b,0x8a,0x0a,0x0a,0x80,0x02,0x0a,0x80,0x00,0x02,0x00,0x80,0x00,0x00,0x00,0x00,0x00,0x00,0x00,0x00,0x00,0x00,0x00,0x00,0x00,0x00,0x00,0x00,0x00,0x00,
    0x03,0x04,0x08,0x92,0xe0,0x48,0xa0,0x60,0xf0,0xb8,0xdc,0xbe,0xff,0xdf,0xef,0xdf,0xff,0xe7,0xf7,0xe3,0xe3,0xc1,0xf3,0xff,0xff,0xff,0xff,0xff,0xff,0xff,0xff,0xff,
    0x00,0x00,0x00,0x00,0x00,0x00,0x00,0x00,0x00,0x00,0x00,0x00,0x00,0x88,0xdc,0xc8,0xc0,0xe0,0x20,0xe0,0x30,0xf8,0x1f,0x3e,0xce,0x3e,0x22,0xdc,0x00,0x20,0x02,0x1c,
    0xc0,0x00,0x20,0x02,0x1c,0x00,0x00,0x00,0xc0,0xc0,0xf0,0xf0,0xf8,0x34,0xf4,0x07,0xf6,0x06,0x03,0xf6,0x00,0x06,0xf0,0x06,0x00,0x06,0x0f,0x9e,0x1e,0x1a,0x7c,0xd2,
    0xcc,0xd2,0xc4,0x80,0xda,0x04,0x40,0x94,0x80,0x08,0x00,0x02,0x00,0x00,0x00,0x00,0x00,0x00,0x00,0x00,0x00,0x00,0x00,0x00,0x00,0x00,0x00,0x00,0x00,0x00,0x00,0x00,
    0x00,0x00,0x0e,0x31,0xc3,0x0b,0x27,0x8f,0x0f,0x1f,0x3f,0x7f,0x7f,0xff,0xff,0xff,0xff,0xff,0xdf,0xdf,0x8f,0x8f,0x07,0xdf,0xff,0xff,0xff,0xff,0xff,0xff,0xff,0xff,
    0x00,0x00,0x00,0x08,0x00,0x00,0x00,0x00,0x00,0x00,0x00,0x01,0x01,0x02,0x04,0x08,0x18,0x38,0xd8,0x98,0x80,0x98,0x80,0x10,0x08,0x80,0x00,0x00,0x08,0x00,0x80,0x00,
    0x00,0x70,0xf0,0xf0,0xf8,0xbc,0xce,0x3f,0xce,0x32,0x4e,0x10,0xae,0x40,0x0e,0x30,0x0e,0x40,0x10,0x8e,0x00,0x30,0x0e,0x00,0x00,0x00,0x00,0x0e,0x00,0x00,0x80,0xc1,
    0xc7,0xc5,0xfd,0x5c,0x8c,0x09,0x8c,0x00,0x88,0x05,0x00,0x88,0x00,0x04,0x00,0x88,0x00,0x00,0x00,0x00,0x00,0x00,0x00,0x00,0x00,0x00,0x00,0x00,0x00,0x00,0x00,0x00,
    0x78,0x80,0x04,0x2a,0x81,0x00,0x02,0x80,0x40,0xa0,0x70,0xf8,0xbc,0xde,0xbf,0xff,0xdf,0xef,0xdf,0xf7,0xe7,0xe3,0xe3,0xc1,0xf7,0xfb,0xff,0xff,0xff,0xff,0xff,0xff,
    0x00,0x00,0x00,0x00,0x00,0x00,0x00,0x00,0x00,0x00,0x00,0x00,0x00,0x00,0x00,0x00,0x00,0x00,0x01,0x81,0x81,0xc3,0xc7,0xf4,0x79,0xb0,0x70,0x31,0xc0,0x30,0x01,0xb0,
    0x41,0x30,0x80,0x41,0x30,0x02,0x02,0x06,0x46,0x36,0x0c,0x1e,0x38,0xcc,0xca,0xc4,0xc8,0x80,0x4c,0x82,0x40,0x88,0x40,0x80,0x40,0x80,0x06,0x4f,0xf6,0xf6,0xf2,0xf4,
    0xe2,0xd4,0x90,0x22,0x44,0x40,0x82,0x00,0x12,0x04,0x00,0x00,0x00,0x00,0x00,0x00,0x00,0x00,0x00,0x00,0x00,0x00,0x00,0x00,0x00,0x00,0x00,0x00,0x00,0x00,0x00,0x00,
    0x00,0x00,0x01,0x80,0x42,0x24,0x99,0x03,0x23,0x0f,0x0f,0x1f,0x3f,0x3f,0x7f,0xff,0xff,0xff,0xff,0xff,0xdf,0xdf,0x8f,0x8f,0x07,0xdf,0xff,0xff,0xff,0xff,0xff,0xff
  },
  { // 5
    0x00,0x00,0x00,0x00,0x00,0x00,0x00,0x00,0x10,0x38,0x10,0x00,0x00,0x00,0x01,0x01,0x03,0x03,0x06,0x07,0x5e,0xfd,0xfa,0xfc,0xfa,0xa7,0x58,0xa0,0x3f,0x40,0x10,0x6e,
    0x80,0x01,0x15,0x23,0x06,0x0e,0x0e,0x0e,0x18,0x1e,0x38,0x16,0x0a,0x54,0x8c,0x92,0x88,0x9c,0xc2,0x80,0x9c,0x00,0x80,0x18,0x00,0x04,0x90,0x00,0x08,0x80,0xc0,0xd0,
    0xa5,0x9b,0x0a,0x8a,0x0a,0x0a,0x88,0x02,0x02,0x08,0x00,0x02,0x00,0x80,0x00,0x00,0x00,0x00,0x00,0x00,0x00,0x00,0x00,0x00,0x00,0x00,0x00,0x00,0x00,0x00,0x00,0x00,
    0x03,0x04,0x08,0x92,0xe0,0x48,0xa0,0x60,0xf0,0xb8,0xdc,0xbe,0xff,0xdf,0xef,0xdf,0xff,0xe7,0xf7,0xe3,0xe3,0xc1,0xf3,0xff,0xff,0xff,0xff,0xff,0xff,0xff,0xff,0xff,
    0x00,0x00,0x00,0x00,0x00,0x00,0x00,0x00,0x00,0x00,0x00,0x00,0x00,0x88,0x9c,0xc8,0xc0,0xe0,0x60,0xa0,0x70,0xb0,0x59,0x3e,0x8e,0x7e,0x2e,0x92,0x4c,0x20,0x00,0x12,
    0x8c,0x40,0x20,0x00,0x12,0x0c,0x00,0x00,0x40,0xc0,0xf0,0xf0,0xf8,0xb4,0x74,0x87,0x76,0x86,0x03,0x76,0x80,0x06,0x70,0x86,0x00,0x06,0x0f,0x1e,0x9e,0x1a,0x7c,0xd2,
    0xcc,0xd2,0xc4,0x90,0xda,0x04,0x40,0x94,0x80,0x08,0x00,0x02,0x10,0x00,0x00,0x00,0x00,0x00,0x00,0x00,0x00,0x00,0x00,0x00,0x00,0x00,0x00,0x00,0x00,0x00,0x00,0x00,
    0x00,0x00,0x0e,0x31,0xc3,0x0b,0x27,0x8f,0x0f,0x1f,0x3f,0x7f,0x7f,0xff,0xff,0xff,0xff,0xff,0xdf,0xdf,0x8f,0x8f,0x07,0xdf,0xff,0xff,0xff,0xff,0xff,0xff,0xff,0xff,
    0x00,0x00,0x00,0x08,0x00,0x00,0x00,0x00,0x00,0x00,0x00,0x01,0x01,0x02,0x04,0x08,0x18,0x78,0x98,0x98,0x80,0x98,0x80,0x10,0x08,0x80,0x00,0x00,0x08,0x00,0x80,0x00,
    0x00,0xf0,0xf0,0xf0,0xf8,0xbc,0x4c,0xbe,0x4f,0xb2,0x4e,0x92,0x2c,0x42,0x8c,0x32,0x0c,0x42,0x90,0x0c,0x02,0x30,0x0c,0x02,0x00,0x00,0x00,0x0c,0x02,0x00,0x80,0xc1,
    0xc7,0xc5,0xfd,0x5c,0x8c,0x09,0x8c,0x00,0x88,0x05,0x00,0x88,0x00,0x04,0x00,0x88,0x00,0x00,0x00,0x00,0x00,0x00,0x00,0x00,0x00,0x00,0x00,0x00,0x00,0x00,0x00,0x00,
    0x78,0x80,0x04,0x2a,0x81,0x00,0x02,0x80,0x40,0xa0,0x70,0xf8,0xbc,0xde,0xbf,0xff,0xdf,0xef,0xdf,0xf7,0xe7,0xe3,0xe3,0xc1,0xf7,0xfb,0xff,0xff,0xff,0xff,0xff,0xff,
    0x00,0x00,0x00,0x00,0x00,0x00,0x00,0x00,0x00,0x00,0x00,0x00,0x00,0x00,0x00,0x00,0x00,0x00,0x01,0x81,0x81,0xc3,0xc5,0xf4,0x79,0xb0,0x70,0x31,0xc0,0x30,0x01,0xb0,
    0x41,0x30,0x80,0x41,0x30,0x02,0x06,0x06,0x46,0x36,0x1c,0x1a,0xec,0xc8,0xce,0xc0,0x88,0x44,0x88,0x42,0x80,0x48,0x80,0x40,0x80,0x00,0x46,0x8f,0xf6,0xf6,0xf2,0xf4,
    0xa2,0x54,0x90,0x22,0x44,0x40,0x82,0x00,0x12,0x04,0x00,0x00,0x00,0x00,0x00,0x00,0x00,0x00,0x00,0x00,0x00,0x00,0x00,0x00,0x00,0x00,0x00,0x00,0x00,0x00,0x00,0x00,
    0x00,0x00,0x01,0x80,0x42,0x24,0x99,0x03,0x23,0x0f,0x0f,0x1f,0x3f,0x3f,0x7f,0xff,0xff,0xff,0xff,0xff,0xdf,0xdf,0x8f,0x8f,0x07,0xdf,0xff,0xff,0xff,0xff,0xff,0xff
  },
  { // 6
    0x00,0x00,0x00,0x00,0x00,0x00,0x00,0x00,0x10,0x38,0x10,0x00,0x00,0x00,0x01,0x01,0x03,0x03,0x06,0x1f,0x7e,0x7d,0xfa,0xfc,0xe2,0x9f,0xe0,0x38,0x87,0x50,0x28,0x46,
    0x00,0x91,0x27,0x02,0x0e,0x0e,0x0e,0x0c,0x1a,0x1c,0x32,0x1e,0x40,0x18,0x86,0x90,0x88,0x96,0xc0,0x88,0x94,0x00,0x88,0x10,0x00,0x00,0x90,0x08,0x00,0x80,0xc0,0xd0,
    0x81,0xbf,0x0a,0x8a,0x0a,0x0a,0x88,0x02,0x02,0x08,0x00,0x02,0x00,0x80,0x00,0x00,0x00,0x00,0x00,0x00,0x00,0x00,0x00,0x00,0x00,0x00,0x00,0x00,0x00,0x00,0x00,0x00,
    0x03,0x04,0x08,0x92,0xe0,0x48,0xa0,0x60,0xf0,0xb8,0xdc,0xbe,0xff,0xdf,0xef,0xdf,0xff,0xe7,0xf7,0xe3,0xe3,0xc1,0xf3,0xff,0xff,0xff,0xff,0xff,0xff,0xff,0xff,0xff,
    0x00,0x00,0x00,0x00,0x00,0x00,0x00,0x00,0x00,0x00,0x00,0x00,0x00,0x80,0x88,0xc0,0xc0,0xe0,0x60,0xa0,0x70,0xb0,0x59,0x3e,0x8e,0x7e,0x2e,0x92,0x4c,0x20,0x00,0x12,
    0x8c,0x40,0x20,0x00,0x12,0x0c,0x00,0x00,0x00,0xc0,0xd0,0xf0,0xfc,0xf4,0x37,0xe6,0x16,0xe2,0x07,0x10,0xe6,0x00,0x16,0xe0,0x00,0x06,0x0f,0x1e,0x1e,0x7a,0xdc,0xd2,
    0xce,0xd2,0x84,0xd0,0x1a,0x44,0x80,0x94,0x00,0x08,0x00,0x42,0x10,0x00,0x00,0x00,0x00,0x00,0x00,0x00,0x00,0x00,0x00,0x00,0x00,0x00,0x00,0x00,0x00,0x00,0x00,0x00,
    0x00,0x00,0x0e,0x31,0xc3,0x0b,0x27,0x8f,0x0f,0x1f,0x3f,0x7f,0x7f,0xff,0xff,0xff,0xff,0xff,0xdf,0xdf,0x8f,0x8f,0x07,0xdf,0xff,0xff,0xff,0xff,0xff,0xff,0xff,0xff,
    0x00,0x00,0x00,0x08,0x00,0x00,0x00,0x00,0x00,0x00,0x00,0x00,0x01,0x03,0x04,0x08,0x38,0xd8,0x98,0x98,0x80,0x98,0x00,0x10,0x88,0x00,0x00,0x00,0x08,0x80,0x00,0x00,
    0x00,0xf0,0xf0,0xf0,0xf8,0xb8,0x4c,0xbe,0x4e,0xb7,0x4a,0x96,0x28,0x46,0x88,0x36,0x08,0x46,0x90,0x08,0x06,0x30,0x08,0x06,0x00,0x00,0x00,0x08,0x06,0x00,0x80,0xc1,
    0xc7,0xc5,0xfd,0x5c,0x8c,0x09,0x8c,0x00,0x88,0x05,0x00,0x88,0x00,0x04,0x00,0x88,0x00,0x00,0x00,0x00,0x00,0x00,0x00,0x00,0x00,0x00,0x00,0x00,0x00,0x00,0x00,0x00,
    0x78,0x80,0x04,0x2a,0x81,0x00,0x02,0x80,0x40,0xa0,0x70,0xf8,0xbc,0xde,0xbf,0xff,0xdf,0xef,0xdf,0xf7,0xe7,0xe3,0xe3,0xc1,0xf7,0xfb,0xff,0xff,0xff,0xff,0xff,0xff,
    0x00,0x00,0x00,0x00,0x00,0x00,0x00,0x00,0x00,0x00,0x00,0x00,0x00,0x00,0x00,0x00,0x00,0x00,0x01,0x81,0x81,0xc3,0xc5,0xf4,0x79,0xb0,0x70,0xb1,0xc0,0x30,0x00,0xb0,
    0x41,0x30,0x80,0x41,0x30,0x02,0x06,0x06,0x46,0x3e,0x1c,0x3a,0xec,0xc8,0xc6,0xc8,0x80,0x4c,0x80,0x42,0x88,0x00,0x00,0x40,0x80,0x00,0x46,0xce,0xf7,0xf6,0xf2,0xf4,
    0xe2,0x94,0x10,0x62,0x44,0x90,0x02,0x00,0x12,0x04,0x00,0x00,0x00,0x00,0x00,0x00,0x00,0x00,0x00,0x00,0x00,0x00,0x00,0x00,0x00,0x00,0x00,0x00,0x00,0x00,0x00,0x00,
    0x00,0x00,0x01,0x80,0x42,0x24,0x99,0x03,0x23,0x0f,0x0f,0x1f,0x3f,0x3f,0x7f,0xff,0xff,0xff,0xff,0xff,0xdf,0xdf,0x8f,0x8f,0x07,0xdf,0xff,0xff,0xff,0xff,0xff,0xff
  },
  { // 7
    0x00,0x00,0x00,0x00,0x00,0x00,0x00,0x00,0x10,0x38,0x10,0x00,0x00,0x00,0x01,0x01,0x03,0x03,0x06,0x1f,0x7e,0x7d,0xfa,0xfc,0xe2,0x9f,0xe0,0x38,0x87,0x50,0x28,0x46,
    0x00,0x91,0x27,0x06,0x0e,0x0e,0x0e,0x08,0x1e,0x18,0x36,0x1a,0x40,0x1c,0x82,0x90,0x8c,0x92,0xc0,0x8c,0x90,0x00,0x88,0x10,0x00,0x00,0x90,0x08,0x00,0x80,0xc0,0xd0,
    0x83,0xaf,0x1a,0x8a,0x0a,0x08,0x8a,0x00,0x02,0x08,0x02,0x00,0x00,0x80,0x00,0x00,0x00,0x00,0x00,0x00,0x00,0x00,0x00,0x00,0x00,0x00,0x00,0x00,0x00,0x00,0x00,0x00,
    0x03,0x04,0x08,0x92,0xe0,0x48,0xa0,0x60,0xf0,0xb8,0xdc,0xbe,0xff,0xdf,0xef,0xdf,0xff,0xe7,0xf7,0xe3,0xe3,0xc1,0xf3,0xff,0xff,0xff,0xff,0xff,0xff,0xff,0xff,0xff,
    0x00,0x00,0x00,0x00,0x00,0x00,0x00,0x00,0x00,0x00,0x00,0x00,0x00,0x80,0x88,0xc0,0xc0,0xe0,0x60,0xa0,0x70,0xb0,0x58,0x3f,0x8e,0x7e,0x2e,0x92,0x4c,0x20,0x00,0x12,
    0x8c,0x40,0x20,0x00,0x12,0x0c,0x00,0x00,0x00,0x00,0xc0,0xf0,0xfc,0xf4,0xf7,0x36,0xc6,0x32,0xc7,0x00,0x36,0xc0,0x06,0x30,0xc0,0x06,0x0f,0x1e,0x1e,0x7a,0xdc,0xd2,
    0xce,0xd2,0x84,0x50,0x1a,0x44,0x80,0x94,0x00,0x08,0x00,0x42,0x10,0x00,0x00,0x00,0x00,0x00,0x00,0x00,0x00,0x00,0x00,0x00,0x00,0x00,0x00,0x00,0x00,0x00,0x00,0x00,
    0x00,0x00,0x0e,0x31,0xc3,0x0b,0x27,0x8f,0x0f,0x1f,0x3f,0x7f,0x7f,0xff,0xff,0xff,0xff,0xff,0xdf,0xdf,0x8f,0x8f,0x07,0xdf,0xff,0xff,0xff,0xff,0xff,0xff,0xff,0xff,
    0x00,0x00,0x00,0x08,0x00,0x00,0x00,0x00,0x00,0x00,0x00,0x00,0x01,0x03,0x04,0x18,0x78,0x98,0x98,0x88,0x90,0x88,0x10,0x00,0x88,0x00,0x00,0x00,0x08,0x80,0x00,0x00,
    0x00,0xf0,0xf0,0xf0,0xf8,0xb8,0x4c,0xbc,0x4e,0xb7,0x4a,0x96,0x2a,0x44,0x8a,0x34,0x0a,0x44,0x92,0x08,0x04,0x32,0x08,0x04,0x02,0x00,0x10,0x08,0x04,0x02,0x81,0xc3,
    0xc5,0xc5,0xf4,0x5c,0x8d,0x08,0x8c,0x08,0x81,0x0c,0x00,0x80,0x08,0x04,0x00,0x80,0x08,0x00,0x00,0x00,0x00,0x00,0x00,0x00,0x00,0x00,0x00,0x00,0x00,0x00,0x00,0x00,
    0x78,0x80,0x04,0x2a,0x81,0x00,0x02,0x80,0x40,0xa0,0x70,0xf8,0xbc,0xde,0xbf,0xff,0xdf,0xef,0xdf,0xf7,0xe7,0xe3,0xe3,0xc1,0xf7,0xfb,0xff,0xff,0xff,0xff,0xff,0xff,
    0x00,0x00,0x00,0x00,0x00,0x00,0x00,0x00,0x00,0x00,0x00,0x00,0x00,0x00,0x00,0x00,0x00,0x00,0x01,0x81,0x81,0xc3,0xc5,0xf4,0x79,0xb0,0x70,0xb1,0xc0,0x30,0x00,0xb0,
    0x41,0x30,0x80,0x41,0x30,0x02,0x06,0x06,0x46,0x3e,0x1c,0x6a,0xec,0xc8,0xc6,0x88,0xc0,0x0c,0xc0,0x02,0x88,0x00,0x40,0x00,0x80,0x40,0x00,0xee,0xf7,0xf6,0xf6,0xb2,
    0xc4,0x92,0x34,0x40,0x42,0x94,0x00,0x02,0x10,0x02,0x04,0x00,0x00,0x00,0x00,0x00,0x00,0x00,0x00,0x00,0x00,0x00,0x00,0x00,0x00,0x00,0x00,0x00,0x00,0x00,0x00,0x00,
    0x00,0x00,0x01,0x80,0x42,0x24,0x99,0x03,0x23,0x0f,0x0f,0x1f,0x3f,0x3f,0x7f,0xff,0xff,0xff,0xff,0xff,0xdf,0xdf,0x8f,0x8f,0x07,0xdf,0xff,0xff,0xff,0xff,0xff,0xff
  },
  { // 8
    0x00,0x00,0x00,0x00,0x00,0x00,0x00,0x00,0x10,0x38,0x10,0x00,0x00,0x00,0x01,0x01,0x03,0x07,0x1e,0x7f,0x7e,0x79,0xfe,0xe0,0x9e,0xe3,0xb8,0x04,0xd3,0x28,0x44,0x12,
    0x11,0xa5,0x02,0x0e,0x06,0x0e,0x0e,0x18,0x1e,0x18,0x36,0x0a,0x50,0x8c,0x92,0x80,0x9c,0x82,0xc0,0x9c,0x00,0x80,0x18,0x80,0x00,0x90,0x00,0x08,0x80,0x80,0xd0,0xc1,
    0x83,0xa6,0x9a,0x8a,0x0a,0x08,0x8a,0x08,0x02,0x00,0x0a,0x00,0x00,0x80,0x00,0x00,0x00,0x00,0x00,0x00,0x00,0x00,0x00,0x00,0x00,0x00,0x00,0x00,0x00,0x00,0x00,0x00,
    0x03,0x04,0x08,0x92,0xe0,0x48,0xa0,0x60,0xf0,0xb8,0xdc,0xbe,0xff,0xdf,0xef,0xdf,0xff,0xe7,0xf7,0xe3,0xe3,0xc1,0xf3,0xff,0xff,0xff,0xff,0xff,0xff,0xff,0xff,0xff,
    0x00,0x00,0x00,0x00,0x00,0x00,0x00,0x00,0x00,0x00,0x00,0x00,0x00,0x00,0x88,0xc0,0xc0,0xc0,0xe0,0x20,0xf0,0x30,0xf8,0x19,0x2e,0xde,0x2e,0x36,0xda,0x0c,0x20,0x10,
    0x0a,0xc4,0x00,0x20,0x10,0x0a,0x04,0x00,0x00,0x00,0x40,0xd0,0xfc,0xf4,0xf7,0xb6,0x66,0x92,0x67,0x80,0x16,0x60,0x86,0x10,0x60,0x86,0x0f,0x1e,0x5e,0xfa,0xdc,0xd2,
    0xce,0x92,0x44,0x10,0x5a,0x84,0x80,0x14,0x00,0x08,0x40,0x02,0x10,0x00,0x00,0x00,0x00,0x00,0x00,0x00,0x00,0x00,0x00,0x00,0x00,0x00,0x00,0x00,0x00,0x00,0x00,0x00,
    0x00,0x00,0x0e,0x31,0xc3,0x0b,0x27,0x8f,0x0f,0x1f,0x3f,0x7f,0x7f,0xff,0xff,0xff,0xff,0xff,0xdf,0xdf,0x8f,0x8f,0x07,0xdf,0xff,0xff,0xff,0xff,0xff,0xff,0xff,0xff,
    0x00,0x00,0x00,0x08,0x00,0x00,0x00,0x00,0x00,0x00,0x00,0x00,0x01,0x01,0x06,0x78,0x18,0x98,0x98,0x88,0x90,0x88,0x10,0x00,0x88,0x00,0x00,0x00,0x08,0x80,0x00,0x00,
    0x00,0xf0,0xf0,0xf0,0xf8,0xb8,0x4c,0xbc,0x4e,0xb6,0x4b,0xb6,0x2a,0x44,0x8a,0x34,0x4a,0x44,0xb2,0x08,0x04,0x32,0x48,0x04,0x02,0x00,0x10,0x08,0x04,0x02,0x81,0xc3,
    0xc5,0xc5,0xf4,0x5c,0x8d,0x08,0x8c,0x08,0x81,0x0c,0x00,0x80,0x08,0x00,0x00,0x80,0x08,0x00,0x00,0x00,0x00,0x00,0x00,0x00,0x00,0x00,0x00,0x00,0x00,0x00,0x00,0x00,
    0x78,0x80,0x04,0x2a,0x81,0x00,0x02,0x80,0x40,0xa0,0x70,0xf8,0xbc,0xde,0xbf,0xff,0xdf,0xef,0xdf,0xf7,0xe7,0xe3,0xe3,0xc1,0xf7,0xfb,0xff,0xff,0xff,0xff,0xff,0xff,
    0x00,0x00,0x00,0x00,0x00,0x00,0x00,0x00,0x00,0x00,0x00,0x00,0x00,0x00,0x00,0x00,0x00,0x00,0x01,0x81,0x81,0xc3,0xc5,0xf4,0x79,0xb0,0x70,0xb1,0xc0,0x30,0x00,0xb0,
    0x41,0x30,0x80,0x41,0x30,0x02,0x06,0x06,0x5e,0x3e,0x2c,0xca,0xec,0xc0,0xce,0x80,0x48,0x84,0x40,0x8a,0x00,0x00,0x40,0x80,0x00,0x40,0xc0,0xf6,0xff,0xf6,0xf6,0xe2,
    0x14,0x92,0x64,0x40,0x12,0x84,0x00,0x12,0x00,0x02,0x04,0x00,0x00,0x00,0x00,0x00,0x00,0x00,0x00,0x00,0x00,0x00,0x00,0x00,0x00,0x00,0x00,0x00,0x00,0x00,0x00,0x00,
    0x00,0x00,0x01,0x80,0x42,0x24,0x99,0x03,0x23,0x0f,0x0f,0x1f,0x3f,0x3f,0x7f,0xff,0xff,0xff,0xff,0xff,0xdf,0xdf,0x8f,0x8f,0x07,0xdf,0xff,0xff,0xff,0xff,0xff,0xff
  },
  { // 9
    0x00,0x00,0x00,0x00,0x00,0x00,0x00,0x00,0x10,0x38,0x10,0x00,0x00,0x00,0x01,0x01,0x03,0x17,0x1e,0x7f,0x7e,0x79,0xee,0xf0,0x8e,0xf3,0xa8,0x14,0xc3,0x28,0x54,0x12,
    0x01,0xa7,0x02,0x0e,0x06,0x0e,0x0c,0x1a,0x1c,0x18,0x36,0x08,0x50,0x8e,0x90,0x80,0x9e,0x80,0xc0,0x9c,0x00,0x80,0x18,0x80,0x00,0x90,0x00,0x00,0x80,0x80,0xd0,0xc1,
    0x83,0xa6,0x9a,0x8a,0x0a,0x08,0x8a,0x08,0x02,0x00,0x0a,0x00,0x00,0x00,0x00,0x00,0x00,0x00,0x00,0x00,0x00,0x00,0x00,0x00,0x00,0x00,0x00,0x00,0x00,0x00,0x00,0x00,
    0x03,0x04,0x08,0x92,0xe0,0x48,0xa0,0x60,0xf0,0xb8,0xdc,0xbe,0xff,0xdf,0xef,0xdf,0xff,0xe7,0xf7,0xe3,0xe3,0xc1,0xf3,0xff,0xff,0xff,0xff,0xff,0xff,0xff,0xff,0xff,
    0x00,0x00,0x00,0x00,0x00,0x00,0x00,0x00,0x00,0x00,0x00,0x00,0x00,0x00,0x88,0xc0,0xc0,0xc0,0xe0,0x20,0xf0,0x30,0xf0,0x19,0x2e,0xde,0x2e,0x3e,0xd2,0x0c,0x28,0x10,
    0x02,0xcc,0x00,0x20,0x10,0x00,0x0c,0x00,0x00,0x00,0x00,0xd0,0xfc,0xf7,0xf6,0xf6,0x26,0xd2,0x25,0xc2,0x14,0x22,0xc4,0x10,0x22,0xc6,0x06,0x1f,0x5e,0xfe,0xd8,0xde,
    0xc0,0x9e,0x40,0x1c,0x52,0x88,0x84,0x10,0x0c,0x00,0x48,0x02,0x10,0x00,0x00,0x00,0x00,0x00,0x00,0x00,0x00,0x00,0x00,0x00,0x00,0x00,0x00,0x00,0x00,0x00,0x00,0x00,
    0x00,0x00,0x0e,0x31,0xc3,0x0b,0x27,0x8f,0x0f,0x1f,0x3f,0x7f,0x7f,0xff,0xff,0xff,0xff,0xff,0xdf,0xdf,0x8f,0x8f,0x07,0xdf,0xff,0xff,0xff,0xff,0xff,0xff,0xff,0xff,
    0x00,0x00,0x00,0x08,0x00,0x00,0x00,0x00,0x00,0x00,0x00,0x00,0x00,0x01,0x07,0x78,0x98,0x98,0x98,0x88,0x90,0x08,0x10,0x80,0x08,0x00,0x00,0x00,0x88,0x00,0x00,0x00,
    0x00,0xf0,0xf0,0xf0,0xf8,0xb8,0x4c,0xbc,0x4e,0xb6,0x4b,0xb6,0x2a,0x44,0x8a,0x34,0x4a,0x44,0xb2,0x08,0x04,0x32,0x48,0x04,0x02,0x00,0x10,0x08,0x04,0x02,0x81,0xc3,
    0xc5,0xc5,0xf4,0x5c,0x8d,0x08,0x8c,0x08,0x81,0x0c,0x00,0x80,0x00,0x00,0x00,0x80,0x00,0x00,0x00,0x00,0x00,0x00,0x00,0x00,0x00,0x00,0x00,0x00,0x00,0x00,0x00,0x00,
    0x78,0x80,0x04,0x2a,0x81,0x00,0x02,0x80,0x40,0xa0,0x70,0xf8,0xbc,0xde,0xbf,0xff,0xdf,0xef,0xdf,0xf7,0xe7,0xe3,0xe3,0xc1,0xf7,0xfb,0xff,0xff,0xff,0xff,0xff,0xff,
    0x00,0x00,0x00,0x00,0x00,0x00,0x00,0x00,0x00,0x00,0x00,0x00,0x00,0x00,0x00,0x00,0x00,0x01,0x01,0x01,0x81,0xc3,0xc4,0xf5,0xf8,0x30,0xf1,0x30,0xc0,0xb0,0x00,0x31,
    0xc0,0x30,0x00,0xc1,0x30,0x06,0x06,0x06,0x5e,0x3e,0x68,0xce,0xe8,0xc4,0x8a,0xc0,0x0c,0xc0,0x00,0x8a,0x00,0x40,0x00,0x80,0x40,0x00,0xc0,0xf0,0xff,0xf6,0xb6,0xe6,
    0x92,0x14,0x62,0x44,0x92,0x02,0x04,0x10,0x02,0x00,0x02,0x04,0x00,0x00,0x00,0x00,0x00,0x00,0x00,0x00,0x00,0x00,0x00,0x00,0x00,0x00,0x00,0x00,0x08,0x00,0x00,0x00,
    0x00,0x00,0x01,0x80,0x42,0x24,0x99,0x03,0x23,0x0f,0x0f,0x1f,0x3f,0x3f,0x7f,0xff,0xff,0xff,0xff,0xff,0xdf,0xdf,0x8f,0x8f,0x07,0xdf,0xff,0xff,0xff,0xff,0xff,0xff
  },
  { // 10
    0x00,0x00,0x00,0x00,0x00,0x00,0x00,0x00,0x10,0x38,0x10,0x00,0x00,0x00,0x01,0x01,0x03,0x1f,0x1e,0x7f,0x7e,0x79,0xe6,0xf8,0x86,0xfb,0xa0,0x14,0xcb,0x20,0x14,0x1a,
    0x01,0xa7,0x0a,0x06,0x06,0x0e,0x0c,0x1a,0x1c,0x38,0x16,0x48,0x90,0x8e,0x90,0x80,0x9e,0x80,0xc0,0x9c,0x80,0x00,0x98,0x00,0x80,0x10,0x00,0x80,0x00,0x80,0x90,0xc1,
    0xc3,0x86,0x2a,0x9a,0x0a,0x08,0x8a,0x08,0x00,0x00,0x0a,0x00,0x00,0x00,0x00,0x00,0x00,0x00,0x00,0x00,0x00,0x00,0x00,0x00,0x00,0x00,0x00,0x00,0x00,0x00,0x00,0x00,
    0x03,0x04,0x08,0x92,0xe0,0x48,0xa0,0x60,0xf0,0xb8,0xdc,0xbe,0xff,0xdf,0xef,0xdf,0xff,0xe7,0xf7,0xe3,0xe3,0xc1,0xf3,0xff,0xff,0xff,0xff,0xff,0xff,0xff,0xff,0xff,
    0x00,0x00,0x00,0x00,0x00,0x00,0x00,0x00,0x00,0x00,0x00,0x00,0x00,0x00,0x08,0x80,0xc0,0xc0,0xe0,0xe0,0x30,0xf0,0x30,0xd9,0x2e,0x1e,0xee,0x3e,0x12,0xcc,0x2c,0x10,
    0x02,0x0c,0xc0,0x20,0x10,0x00,0x08,0x00,0x00,0x00,0x00,0x50,0xfc,0xf7,0xf6,0xf6,0xa6,0x52,0xa5,0x42,0x94,0x22,0x44,0x90,0x22,0x44,0x86,0x5f,0xfe,0xde,0xda,0xde,
    0x82,0x5c,0x02,0x5c,0x90,0x8a,0x44,0x10,0x0c,0x40,0x08,0x00,0x12,0x00,0x00,0x00,0x00,0x00,0x00,0x00,0x00,0x00,0x00,0x00,0x00,0x00,0x00,0x00,0x00,0x00,0x00,0x00,
    0x00,0x00,0x0e,0x31,0xc3,0x0b,0x27,0x8f,0x0f,0x1f,0x3f,0x7f,0x7f,0xff,0xff,0xff,0xff,0xff,0xdf,0xdf,0x8f,0x8f,0x07,0xdf,0xff,0xff,0xff,0xff,0xff,0xff,0xff,0xff,
    0x00,0x00,0x00,0x08,0x00,0x00,0x00,0x00,0x00,0x00,0x00,0x00,0x00,0x01,0x3f,0x58,0x98,0x98,0x88,0x90,0x88,0x10,0x00,0x88,0x10,0x00,0x00,0x08,0x90,0x00,0x00,0x00,
    0x00,0xf0,0xf0,0xf0,0xf8,0xb8,0x4c,0xbc,0x4c,0xb6,0x4b,0xb6,0x2a,0x46,0x88,0x36,0x48,0x46,0xb0,0x0a,0x04,0x30,0x4a,0x04,0x00,0x02,0x10,0x08,0x04,0x01,0x83,0xc3,
    0xc5,0x84,0xf4,0x1d,0x8c,0x08,0x8c,0x09,0x80,0x0c,0x00,0x80,0x00,0x00,0x00,0x80,0x00,0x00,0x00,0x00,0x00,0x00,0x00,0x00,0x00,0x00,0x00,0x00,0x00,0x00,0x00,0x00,
    0x78,0x80,0x04,0x2a,0x81,0x00,0x02,0x80,0x40,0xa0,0x70,0xf8,0xbc,0xde,0xbf,0xff,0xdf,0xef,0xdf,0xf7,0xe7,0xe3,0xe3,0xc1,0xf7,0xfb,0xff,0xff,0xff,0xff,0xff,0xff,
    0x00,0x00,0x00,0x00,0x00,0x00,0x00,0x00,0x00,0x00,0x00,0x00,0x00,0x00,0x00,0x00,0x00,0x01,0x01,0x01,0x81,0xc3,0xc4,0xf5,0xf8,0x30,0xf1,0x30,0xc0,0xb0,0x00,0x31,
    0xc0,0x30,0x00,0xc1,0x32,0x06,0x06,0x1e,0x5e,0x3c,0x4a,0xcc,0xe0,0xce,0x80,0xc8,0x04,0xc0,0x0a,0x80,0x00,0x44,0x00,0x80,0x40,0x00,0xe0,0xf0,0xfe,0xf7,0xb6,0xc6,
    0x92,0x24,0x42,0x44,0x92,0x02,0x04,0x10,0x02,0x00,0x02,0x04,0x00,0x00,0x00,0x00,0x00,0x00,0x00,0x00,0x00,0x00,0x00,0x00,0x00,0x00,0x00,0x00,0x08,0x00,0x00,0x00,
    0x00,0x00,0x01,0x80,0x42,0x24,0x99,0x03,0x23,0x0f,0x0f,0x1f,0x3f,0x3f,0x7f,0xff,0xff,0xff,0xff,0xff,0xdf,0xdf,0x8f,0x8f,0x07,0xdf,0xff,0xff,0xff,0xff,0xff,0xff
  },
  { // 11
    0x00,0x00,0x00,0x00,0x00,0x00,0x00,0x00,0x10,0x38,0x10,0x00,0x00,0x00,0x01,0x03,0x17,0x1f,0x3e,0x7f,0x78,0x6f,0xf0,0xce,0xb2,0xc9,0x94,0x02,0xe9,0x14,0x12,0x88,
    0x25,0x83,0x0e,0x06,0x0e,0x0e,0x08,0x1e,0x18,0x34,0x1a,0x40,0x9c,0x82,0x90,0x8c,0x92,0x80,0xcc,0x90,0x80,0x08,0x90,0x00,0x80,0x10,0x00,0x80,0x00,0x80,0x91,0xc1,
    0xc2,0x86,0x2a,0x9a,0x0a,0x08,0x8a,0x08,0x00,0x00,0x0a,0x00,0x00,0x00,0x00,0x00,0x00,0x00,0x00,0x00,0x00,0x00,0x00,0x00,0x00,0x00,0x00,0x00,0x00,0x00,0x00,0x00,
    0x03,0x04,0x08,0x92,0xe0,0x48,0xa0,0x60,0xf0,0xb8,0xdc,0xbe,0xff,0xdf,0xef,0xdf,0xff,0xe7,0xf7,0xe3,0xe3,0xc1,0xf3,0xff,0xff,0xff,0xff,0xff,0xff,0xff,0xff,0xff,
    0x00,0x00,0x00,0x00,0x00,0x00,0x00,0x00,0x00,0x00,0x00,0x00,0x00,0x00,0x08,0x80,0xc0,0xc0,0xe0,0xe0,0x30,0xf0,0x30,0xd9,0x2e,0x1e,0xee,0x3e,0x12,0xcc,0x2c,0x10,
    0x02,0x0c,0xc0,0x20,0x10,0x00,0x08,0x00,0x00,0x00,0x00,0x04,0xd7,0xfe,0xf6,0xf6,0xf2,0x24,0xd3,0x24,0xc2,0x14,0x20,0xc2,0x14,0x20,0xc6,0x5f,0xfe,0xde,0xda,0xdc,
    0x82,0x5c,0x02,0x5c,0x90,0x8a,0x44,0x10,0x0c,0x40,0x08,0x00,0x12,0x00,0x00,0x00,0x00,0x00,0x00,0x00,0x00,0x00,0x00,0x00,0x00,0x00,0x00,0x00,0x00,0x00,0x00,0x00,
    0x00,0x00,0x0e,0x31,0xc3,0x0b,0x27,0x8f,0x0f,0x1f,0x3f,0x7f,0x7f,0xff,0xff,0xff,0xff,0xff,0xdf,0xdf,0x8f,0x8f,0x07,0xdf,0xff,0xff,0xff,0xff,0xff,0xff,0xff,0xff,
    0x00,0x00,0x00,0x08,0x00,0x00,0x00,0x00,0x00,0x00,0x00,0x00,0x00,0x00,0x79,0x1f,0x98,0x98,0x88,0x90,0x88,0x10,0x00,0x88,0x10,0x00,0x00,0x08,0x90,0x00,0x00,0x00,
    0x00,0x70,0xf0,0xf0,0xf8,0xb8,0xc8,0x3c,0xcc,0x36,0xce,0x33,0xae,0x42,0x0c,0xb2,0x4c,0x02,0x34,0x8a,0x00,0x34,0x4a,0x00,0x04,0x02,0x10,0x08,0x00,0x05,0x83,0xc3,
    0xc5,0x84,0xf4,0x1d,0x8c,0x08,0x8c,0x09,0x80,0x0c,0x00,0x80,0x00,0x00,0x00,0x80,0x00,0x00,0x00,0x00,0x00,0x00,0x00,0x00,0x00,0x00,0x00,0x00,0x00,0x00,0x00,0x00,
    0x78,0x80,0x04,0x2a,0x81,0x00,0x02,0x80,0x40,0xa0,0x70,0xf8,0xbc,0xde,0xbf,0xff,0xdf,0xef,0xdf,0xf7,0xe7,0xe3,0xe3,0xc1,0xf7,0xfb,0xff,0xff,0xff,0xff,0xff,0xff,
    0x00,0x00,0x00,0x00,0x00,0x00,0x00,0x00,0x00,0x00,0x00,0x00,0x00,0x00,0x00,0x00,0x00,0x01,0x01,0x01,0x81,0xc3,0xc4,0xf5,0xf8,0x30,0xf1,0x30,0xc0,0xb0,0x00,0x31,
    0xc0,0x30,0x00,0xc1,0x32,0x06,0x06,0x1e,0x7e,0x7c,0xca,0xcc,0xe0,0x8e,0xc0,0x08,0xc4,0x00,0x8a,0x00,0x40,0x04,0x80,0x40,0x00,0xc0,0xe0,0xf0,0xfc,0xb7,0xf6,0x06,
    0x92,0x66,0x40,0x06,0x90,0x02,0x06,0x10,0x00,0x02,0x00,0x06,0x00,0x00,0x00,0x00,0x00,0x00,0x00,0x00,0x00,0x00,0x00,0x00,0x00,0x00,0x00,0x00,0x08,0x00,0x00,0x00,
    0x00,0x00,0x01,0x80,0x42,0x24,0x99,0x03,0x23,0x0f,0x0f,0x1f,0x3f,0x3f,0x7f,0xff,0xff,0xff,0xff,0xff,0xdf,0xdf,0x8f,0x8f,0x07,0xdf,0xff,0xff,0xff,0xff,0xff,0xff
  },
  { // 12
    0x00,0x00,0x00,0x00,0x00,0x00,0x00,0x00,0x10,0x38,0x10,0x00,0x00,0x00,0x01,0x03,0x1f,0x1f,0x7e,0x7f,0x78,0x67,0xf8,0x86,0xfa,0x81,0x94,0x4a,0xa1,0x14,0x0a,0x80,
    0x25,0x8b,0x06,0x16,0x0e,0x0e,0x08,0x1e,0x18,0x34,0x5a,0x80,0x9c,0x80,0x90,0x8c,0x12,0x80,0xcc,0x90,0x00,0x88,0x10,0x80,0x00,0x10,0x80,0x00,0x00,0x80,0x81,0xc1,
    0xc2,0x86,0x22,0x9a,0x0a,0x08,0x8a,0x08,0x08,0x02,0x02,0x08,0x00,0x00,0x00,0x00,0x00,0x00,0x00,0x00,0x00,0x00,0x00,0x00,0x00,0x00,0x00,0x00,0x00,0x00,0x00,0x00,
    0x03,0x04,0x08,0x92,0xe0,0x48,0xa0,0x60,0xf0,0xb8,0xdc,0xbe,0xff,0xdf,0xef,0xdf,0xff,0xe7,0xf7,0xe3,0xe3,0xc1,0xf3,0xff,0xff,0xff,0xff,0xff,0xff,0xff,0xff,0xff,
    0x00,0x00,0x00,0x00,0x00,0x00,0x00,0x00,0x00,0x00,0x00,0x00,0x00,0x00,0x08,0x80,0xc0,0xc0,0xe0,0xe0,0x20,0xf0,0x30,0xd9,0x3e,0x0e,0xfe,0x2e,0x12,0xdc,0x2c,0x00,
    0x12,0x0c,0xc0,0x20,0x00,0x10,0x00,0x00,0x00,0x00,0x00,0x04,0x57,0xfe,0xf6,0xf6,0xf2,0xa4,0x53,0xa4,0x42,0x94,0x20,0x42,0x94,0x20,0x46,0xdf,0xfe,0xde,0xda,0x9c,
    0xc2,0x1c,0x42,0x1c,0x90,0x4a,0x04,0x12,0x4c,0x00,0x08,0x00,0x10,0x00,0x00,0x00,0x00,0x00,0x00,0x00,0x00,0x00,0x00,0x00,0x00,0x00,0x00,0x00,0x00,0x00,0x00,0x00,
    0x00,0x00,0x0e,0x31,0xc3,0x0b,0x27,0x8f,0x0f,0x1f,0x3f,0x7f,0x7f,0xff,0xff,0xff,0xff,0xff,0xdf,0xdf,0x8f,0x8f,0x07,0xdf,0xff,0xff,0xff,0xff,0xff,0xff,0xff,0xff,
    0x00,0x00,0x00,0x08,0x00,0x00,0x00,0x00,0x00,0x00,0x00,0x00,0x00,0x20,0x59,0x9f,0x98,0x98,0x88,0x90,0x08,0x10,0x80,0x08,0x10,0x00,0x00,0x88,0x10,0x00,0x00,0x00,
    0x00,0x70,0xf0,0xf0,0xf8,0xb8,0xc8,0x3c,0xcc,0x36,0xce,0x33,0xae,0x42,0x0c,0xb2,0x4c,0x02,0x34,0x8a,0x00,0x34,0x4a,0x00,0x04,0x02,0x10,0x08,0x00,0x05,0x03,0xc3,
    0xc5,0x84,0xf4,0x9d,0x0c,0x88,0x0c,0x09,0x00,0x8c,0x00,0x00,0x00,0x00,0x00,0x00,0x80,0x00,0x00,0x00,0x00,0x00,0x00,0x00,0x00,0x00,0x00,0x00,0x00,0x00,0x00,0x00,
    0x78,0x80,0x04,0x2a,0x81,0x00,0x02,0x80,0x40,0xa0,0x70,0xf8,0xbc,0xde,0xbf,0xff,0xdf,0xef,0xdf,0xf7,0xe7,0xe3,0xe3,0xc1,0xf7,0xfb,0xff,0xff,0xff,0xff,0xff,0xff,
    0x00,0x00,0x00,0x00,0x00,0x00,0x00,0x00,0x00,0x00,0x00,0x00,0x00,0x00,0x00,0x00,0x00,0x01,0x01,0x01,0x83,0xc1,0xc4,0xf5,0xf8,0x30,0xf1,0x30,0xc0,0xb0,0x00,0x31,
    0xc0,0x30,0x00,0xc1,0x36,0x06,0x1e,0x1e,0x6e,0x78,0xce,0xc0,0xec,0x82,0xc8,0x04,0xc0,0x08,0x82,0x00,0x44,0x00,0x80,0x40,0x00,0xc0,0xe0,0xf0,0xf8,0xb7,0xf6,0x06,
    0x96,0x62,0x44,0x02,0x94,0x02,0x02,0x34,0x00,0x02,0x00,0x02,0x04,0x00,0x00,0x00,0x00,0x00,0x00,0x00,0x00,0x00,0x00,0x00,0x00,0x00,0x00,0x00,0x08,0x00,0x00,0x00,
    0x00,0x00,0x01,0x80,0x42,0x24,0x99,0x03,0x23,0x0f,0x0f,0x1f,0x3f,0x3f,0x7f,0xff,0xff,0xff,0xff,0xff,0xdf,0xdf,0x8f,0x8f,0x07,0xdf,0xff,0xff,0xff,0xff,0xff,0xff
  },
  { // 13
    0x00,0x00,0x00,0x00,0x00,0x00,0x00,0x00,0x10,0x38,0x10,0x00,0x00,0x00,0x01,0x17,0x1f,0x3f,0x7e,0x7b,0x6c,0x73,0xcc,0xb2,0xca,0x95,0x80,0x6a,0x95,0x00,0x0a,0xa4,
    0x01,0x8b,0x16,0x06,0x0e,0x0e,0x18,0x1e,0x38,0x14,0x4a,0x90,0x8c,0x90,0x80,0x9c,0x02,0x80,0xdc,0x80,0x00,0x98,0x00,0x80,0x10,0x00,0x80,0x00,0x00,0x80,0x81,0xc1,
    0xc2,0x82,0x26,0x9a,0x0a,0x08,0x8a,0x08,0x88,0x02,0x02,0x08,0x00,0x00,0x00,0x00,0x00,0x00,0x00,0x00,0x00,0x00,0x00,0x00,0x00,0x00,0x00,0x00,0x00,0x00,0x00,0x00,
    0x03,0x04,0x08,0x92,0xe0,0x48,0xa0,0x60,0xf0,0xb8,0xdc,0xbe,0xff,0xdf,0xef,0xdf,0xff,0xe7,0xf7,0xe3,0xe3,0xc1,0xf3,0xff,0xff,0xff,0xff,0xff,0xff,0xff,0xff,0xff,
    0x00,0x00,0x00,0x00,0x00,0x00,0x00,0x00,0x00,0x00,0x00,0x00,0x00,0x00,0x08,0x00,0x80,0xc0,0xc0,0xe0,0xe0,0x30,0xf0,0x39,0xde,0x2e,0x1e,0xee,0x32,0x1c,0xcc,0x20,
    0x12,0x0c,0x00,0xc0,0x20,0x10,0x00,0x00,0x00,0x00,0x00,0x05,0x16,0xde,0xf6,0xf6,0xf2,0xe4,0x33,0xc4,0x22,0xd4,0x00,0x22,0xd4,0x00,0x66,0xff,0xde,0xde,0xde,0x9a,
    0x44,0x1a,0x44,0x9a,0x14,0x48,0x02,0x14,0x4a,0x04,0x08,0x00,0x10,0x00,0x00,0x00,0x00,0x00,0x00,0x00,0x00,0x00,0x00,0x00,0x00,0x00,0x00,0x00,0x00,0x00,0x00,0x00,
    0x00,0x00,0x0e,0x31,0xc3,0x0b,0x27,0x8f,0x0f,0x1f,0x3f,0x7f,0x7f,0xff,0xff,0xff,0xff,0xff,0xdf,0xdf,0x8f,0x8f,0x07,0xdf,0xff,0xff,0xff,0xff,0xff,0xff,0xff,0xff,
    0x00,0x00,0x00,0x08,0x00,0x00,0x00,0x00,0x00,0x00,0x00,0x00,0x00,0x70,0x18,0x9f,0x99,0x88,0x98,0x80,0x18,0x00,0x80,0x18,0x00,0x00,0x00,0x98,0x00,0x00,0x00,0x00,
    0x00,0x40,0xf0,0xf0,0xf0,0xb8,0xf8,0x0c,0xfc,0x0e,0xf6,0x0a,0xb7,0x6a,0x04,0x8a,0x74,0x0a,0x04,0xb2,0x08,0x04,0x72,0x08,0x04,0x02,0x00,0x10,0x08,0x05,0x01,0xc3,
    0xc5,0x84,0xf5,0x9d,0x0c,0x88,0x0c,0x09,0x00,0x8c,0x00,0x00,0x00,0x00,0x00,0x00,0x80,0x00,0x00,0x00,0x00,0x00,0x00,0x00,0x00,0x00,0x00,0x00,0x00,0x00,0x00,0x00,
    0x78,0x80,0x04,0x2a,0x81,0x00,0x02,0x80,0x40,0xa0,0x70,0xf8,0xbc,0xde,0xbf,0xff,0xdf,0xef,0xdf,0xf7,0xe7,0xe3,0xe3,0xc1,0xf7,0xfb,0xff,0xff,0xff,0xff,0xff,0xff,
    0x00,0x00,0x00,0x00,0x00,0x00,0x00,0x00,0x00,0x00,0x00,0x00,0x00,0x00,0x00,0x00,0x00,0x01,0x01,0x01,0x83,0xc5,0xf4,0xf9,0xf0,0x30,0xf1,0x00,0xf0,0x80,0x30,0x01,
    0xf0,0x00,0x00,0xf1,0x06,0x16,0x1e,0x2e,0x7e,0x48,0xce,0xc0,0xac,0xc2,0x88,0x44,0x80,0x08,0x82,0xc0,0x04,0x00,0xc0,0x00,0x00,0xc0,0xe0,0xf0,0xf0,0xbc,0xf7,0x86,
    0x16,0x62,0x46,0x80,0x16,0x00,0x02,0x36,0x00,0x00,0x02,0x00,0x06,0x00,0x00,0x00,0x00,0x00,0x00,0x00,0x00,0x00,0x00,0x00,0x00,0x00,0x00,0x00,0x08,0x00,0x00,0x00,
    0x00,0x00,0x01,0x80,0x42,0x24,0x99,0x03,0x23,0x0f,0x0f,0x1f,0x3f,0x3f,0x7f,0xff,0xff,0xff,0xff,0xff,0xdf,0xdf,0x8f,0x8f,0x07,0xdf,0xff,0xff,0xff,0xff,0xff,0xff
  },
  { // 14
    0x00,0x00,0x00,0x00,0x00,0x00,0x00,0x00,0x10,0x38,0x10,0x00,0x00,0x00,0x01,0x1f,0x1f,0x3f,0x7e,0x7b,0x64,0xfb,0xc4,0xba,0xc2,0x95,0x08,0xe2,0x15,0x08,0xc2,0x24,
    0x89,0x03,0x56,0x06,0x0e,0x0e,0x18,0x1e,0x38,0x54,0x8a,0x90,0x8c,0x90,0x80,0x1c,0x82,0x80,0xdc,0x80,0x80,0x18,0x80,0x00,0x10,0x80,0x00,0x00,0x00,0x81,0x81,0xc0,
    0xc2,0x82,0x26,0x9a,0x0a,0x08,0x8a,0x08,0x88,0x02,0x02,0x08,0x00,0x00,0x00,0x00,0x00,0x00,0x00,0x00,0x00,0x00,0x00,0x00,0x00,0x00,0x00,0x00,0x00,0x00,0x00,0x00,
    0x03,0x04,0x08,0x92,0xe0,0x48,0xa0,0x60,0xf0,0xb8,0xdc,0xbe,0xff,0xdf,0xef,0xdf,0xff,0xe7,0xf7,0xe3,0xe3,0xc1,0xf3,0xff,0xff,0xff,0xff,0xff,0xff,0xff,0xff,0xff,
    0x00,0x00,0x00,0x00,0x00,0x00,0x00,0x00,0x00,0x00,0x00,0x00,0x00,0x00,0x08,0x00,0x80,0xc0,0xc0,0xe0,0xe0,0x30,0xf0,0x39,0xde,0x2e,0x1e,0xce,0x32,0x1c,0xcc,0x20,
    0x12,0x0c,0x00,0xc0,0x20,0x10,0x00,0x00,0x00,0x00,0x00,0x07,0x16,0xde,0xf6,0xf6,0xf0,0xe6,0x31,0xc6,0x20,0xd4,0x02,0x20,0xd4,0x02,0x70,0xfe,0xdf,0xde,0xde,0x8e,
    0x54,0x0a,0x54,0x9a,0x04,0x48,0x12,0x04,0x4a,0x04,0x08,0x10,0x00,0x00,0x00,0x00,0x00,0x00,0x00,0x00,0x00,0x00,0x00,0x00,0x00,0x00,0x00,0x00,0x00,0x00,0x00,0x00,
    0x00,0x00,0x0e,0x31,0xc3,0x0b,0x27,0x8f,0x0f,0x1f,0x3f,0x7f,0x7f,0xff,0xff,0xff,0xff,0xff,0xdf,0xdf,0x8f,0x8f,0x07,0xdf,0xff,0xff,0xff,0xff,0xff,0xff,0xff,0xff,
    0x00,0x00,0x00,0x08,0x00,0x00,0x00,0x00,0x00,0x00,0x00,0x00,0x00,0x70,0x18,0x9d,0x9b,0x88,0x98,0x80,0x18,0x00,0x80,0x18,0x00,0x00,0x00,0x98,0x00,0x00,0x00,0x00,
    0x00,0x00,0xf0,0xf0,0xf0,0xf8,0xb8,0x4c,0xbc,0x4c,0xb6,0x4a,0xb7,0x2a,0x46,0x88,0x36,0x48,0x06,0xb0,0x0a,0x04,0x30,0x4a,0x04,0x00,0x02,0x10,0x09,0x05,0x01,0xc3,
    0xc4,0x85,0xf5,0x9c,0x0c,0x88,0x0d,0x08,0x00,0x8c,0x00,0x00,0x00,0x00,0x00,0x00,0x80,0x00,0x00,0x00,0x00,0x00,0x00,0x00,0x00,0x00,0x00,0x00,0x00,0x00,0x00,0x00,
    0x78,0x80,0x04,0x2a,0x81,0x00,0x02,0x80,0x40,0xa0,0x70,0xf8,0xbc,0xde,0xbf,0xff,0xdf,0xef,0xdf,0xf7,0xe7,0xe3,0xe3,0xc1,0xf7,0xfb,0xff,0xff,0xff,0xff,0xff,0xff,
    0x00,0x00,0x00,0x00,0x00,0x00,0x00,0x00,0x00,0x00,0x00,0x00,0x00,0x00,0x00,0x00,0x00,0x01,0x01,0x01,0x03,0xc5,0xf4,0xf9,0xf0,0xb0,0x71,0x80,0x70,0x80,0xb0,0x01,
    0x70,0x80,0x00,0x71,0x86,0x1e,0x1e,0x2e,0x7e,0xc8,0xc6,0xc8,0xa4,0xca,0x00,0xc4,0x08,0x80,0x82,0x40,0x04,0x80,0x40,0x00,0x80,0xc0,0xe0,0xf0,0xf0,0xb8,0x77,0x86,
    0x16,0x66,0x42,0x84,0x12,0x04,0x02,0x32,0x04,0x00,0x02,0x00,0x02,0x04,0x00,0x00,0x00,0x00,0x00,0x00,0x00,0x00,0x00,0x00,0x00,0x00,0x00,0x00,0x08,0x00,0x00,0x00,
    0x00,0x00,0x01,0x80,0x42,0x24,0x99,0x03,0x23,0x0f,0x0f,0x1f,0x3f,0x3f,0x7f,0xff,0xff,0xff,0xff,0xff,0xdf,0xdf,0x8f,0x8f,0x07,0xdf,0xff,0xff,0xff,0xff,0xff,0xff
  },
  { // 15
    0x00,0x00,0x00,0x00,0x00,0x00,0x00,0x00,0x10,0x38,0x10,0x00,0x00,0x00,0x11,0x1f,0x1f,0x3f,0x7e,0x6b,0x74,0xeb,0xd4,0xaa,0xd2,0x85,0x08,0xf2,0x05,0x08,0xc2,0x24,
    0x89,0x13,0x46,0x06,0x0e,0x0e,0x18,0x3e,0x18,0x54,0x8a,0x90,0x8c,0x90,0x80,0x18,0x82,0x80,0xdc,0x80,0x80,0x18,0x80,0x00,0x10,0x80,0x00,0x00,0x00,0x01,0x81,0xc0,
    0xc2,0x82,0xa6,0x1a,0x8a,0x08,0x0a,0x88,0x08,0x82,0x02,0x08,0x00,0x00,0x00,0x00,0x00,0x00,0x00,0x00,0x00,0x00,0x00,0x00,0x00,0x00,0x00,0x00,0x00,0x00,0x00,0x00,
    0x03,0x04,0x08,0x92,0xe0,0x48,0xa0,0x60,0xf0,0xb8,0xdc,0xbe,0xff,0xdf,0xef,0xdf,0xff,0xe7,0xf7,0xe3,0xe3,0xc1,0xf3,0xff,0xff,0xff,0xff,0xff,0xff,0xff,0xff,0xff,
    0x00,0x00,0x00,0x00,0x00,0x00,0x00,0x00,0x00,0x00,0x00,0x00,0x00,0x00,0x08,0x00,0x00,0x80,0xc0,0xe0,0xe0,0xf0,0x30,0xf9,0x1e,0xee,0x1e,0x0e,0xe2,0x1c,0x0c,0xe0,
    0x12,0x0c,0x00,0x00,0xe0,0x00,0x00,0x00,0x00,0x00,0x01,0x06,0x06,0x5e,0xf6,0xf6,0xf0,0xf6,0xa1,0x56,0xa0,0x44,0x92,0x20,0x44,0xd2,0x70,0xf2,0xdf,0xde,0x9e,0xce,
    0x18,0x46,0x18,0x96,0x48,0x04,0x1a,0x40,0x06,0x08,0x04,0x18,0x00,0x00,0x00,0x00,0x00,0x00,0x00,0x00,0x00,0x00,0x00,0x00,0x00,0x00,0x00,0x00,0x00,0x00,0x00,0x00,
    0x00,0x00,0x0e,0x31,0xc3,0x0b,0x27,0x8f,0x0f,0x1f,0x3f,0x7f,0x7f,0xff,0xff,0xff,0xff,0xff,0xdf,0xdf,0x8f,0x8f,0x07,0xdf,0xff,0xff,0xff,0xff,0xff,0xff,0xff,0xff,
    0x00,0x00,0x00,0x08,0x00,0x00,0x00,0x00,0x00,0x00,0x00,0x00,0x20,0x50,0x18,0x9c,0x9b,0x89,0x98,0x80,0x18,0x00,0x80,0x18,0x00,0x00,0x08,0x98,0x00,0x00,0x00,0x00,
    0x00,0x00,0x70,0xf0,0xf0,0xf8,0xb8,0xcc,0x3c,0xcc,0x36,0xca,0x37,0xaa,0x46,0x08,0xb6,0x48,0x06,0x30,0x8a,0x04,0x30,0x4a,0x04,0x00,0x02,0x10,0x09,0x05,0x01,0xc3,
    0xc4,0x85,0xf5,0x9c,0x0c,0x88,0x0d,0x08,0x00,0x8c,0x00,0x00,0x00,0x00,0x00,0x00,0x80,0x00,0x00,0x00,0x00,0x00,0x00,0x00,0x00,0x00,0x00,0x00,0x00,0x00,0x00,0x00,
    0x78,0x80,0x04,0x2a,0x81,0x00,0x02,0x80,0x40,0xa0,0x70,0xf8,0xbc,0xde,0xbf,0xff,0xdf,0xef,0xdf,0xf7,0xe7,0xe3,0xe3,0xc1,0xf7,0xfb,0xff,0xff,0xff,0xff,0xff,0xff,
    0x00,0x00,0x00,0x00,0x00,0x00,0x00,0x00,0x00,0x00,0x00,0x00,0x00,0x00,0x00,0x00,0x01,0x01,0x01,0x01,0x03,0xc4,0xf5,0xf8,0xf0,0xb1,0x70,0x80,0x70,0x80,0xb1,0x00,
    0x70,0x80,0x00,0x75,0x96,0x1e,0x2e,0x4e,0x7a,0xcc,0xc2,0x8c,0xe0,0x8a,0x44,0x80,0x0a,0x80,0xc2,0x04,0x00,0xc0,0x00,0x00,0x80,0xe0,0xe0,0xf0,0xf0,0xb8,0x56,0x87,
    0x36,0x46,0x42,0x84,0x12,0x04,0x22,0x12,0x04,0x00,0x02,0x00,0x02,0x04,0x00,0x00,0x00,0x00,0x00,0x00,0x00,0x00,0x00,0x00,0x00,0x00,0x00,0x00,0x08,0x00,0x00,0x00,
    0x00,0x00,0x01,0x80,0x42,0x24,0x99,0x03,0x23,0x0f,0x0f,0x1f,0x3f,0x3f,0x7f,0xff,0xff,0xff,0xff,0xff,0xdf,0xdf,0x8f,0x8f,0x07,0xdf,0xff,0xff,0xff,0xff,0xff,0xff
  },
  { // 16
    0x00,0x00,0x00,0x00,0x00,0x00,0x00,0x00,0x10,0x38,0x10,0x00,0x00,0x00,0x1f,0x1f,0x1f,0x3f,0x7a,0x65,0x7a,0xe5,0xda,0xa2,0xd4,0x89,0x02,0xf4,0x09,0x02,0xc4,0x28,
    0x81,0x13,0x46,0x06,0x0e,0x0e,0x18,0x3e,0x58,0x94,0x8a,0x90,0x8c,0x90,0x00,0x98,0x02,0x80,0xdc,0x80,0x00,0x98,0x00,0x00,0x90,0x00,0x00,0x00,0x00,0x01,0x81,0xc0,
    0xc2,0x82,0xa6,0x1a,0x8a,0x08,0x0a,0x88,0x08,0x82,0x00,0x08,0x00,0x00,0x00,0x00,0x00,0x00,0x00,0x00,0x00,0x00,0x00,0x00,0x00,0x00,0x00,0x00,0x00,0x00,0x00,0x00,
    0x03,0x04,0x08,0x92,0xe0,0x48,0xa0,0x60,0xf0,0xb8,0xdc,0xbe,0xff,0xdf,0xef,0xdf,0xff,0xe7,0xf7,0xe3,0xe3,0xc1,0xf3,0xff,0xff,0xff,0xff,0xff,0xff,0xff,0xff,0xff,
    0x00,0x00,0x00,0x00,0x00,0x00,0x00,0x00,0x00,0x00,0x00,0x00,0x00,0x00,0x08,0x00,0x00,0x00,0xc0,0xe0,0xe0,0xf0,0xb0,0x79,0x9e,0x6e,0x9e,0x0e,0x62,0x94,0x0c,0x60,
    0x92,0x0c,0x00,0x00,0x60,0x80,0x00,0x00,0x00,0x00,0x07,0x06,0x06,0x1e,0xd6,0xf0,0xf6,0xf0,0xe7,0x30,0xc4,0x22,0xd0,0x04,0x22,0xd0,0xf0,0xf0,0xdf,0xde,0x9e,0x4e,
    0x9a,0x44,0x9a,0x04,0x4a,0x04,0x18,0x42,0x84,0x0a,0x04,0x18,0x00,0x00,0x00,0x00,0x00,0x00,0x00,0x00,0x00,0x00,0x00,0x00,0x00,0x00,0x00,0x00,0x00,0x00,0x00,0x00,
    0x00,0x00,0x0e,0x31,0xc3,0x0b,0x27,0x8f,0x0f,0x1f,0x3f,0x7f,0x7f,0xff,0xff,0xff,0xff,0xff,0xdf,0xdf,0x8f,0x8f,0x07,0xdf,0xff,0xff,0xff,0xff,0xff,0xff,0xff,0xff,
    0x00,0x00,0x00,0x08,0x00,0x00,0x00,0x00,0x00,0x00,0x00,0x00,0x30,0x50,0x18,0x9c,0x8b,0x99,0x88,0x90,0x08,0x00,0x90,0x08,0x00,0x00,0x18,0x88,0x00,0x00,0x00,0x00,
    0x00,0x00,0x00,0xf0,0xf0,0xf8,0xf8,0xb8,0x4c,0xbc,0x46,0xbe,0x43,0xbe,0x22,0x4c,0x82,0x3c,0x42,0x04,0xba,0x00,0x04,0x3a,0x40,0x04,0x02,0x00,0x19,0x01,0x01,0xc3,
    0xc4,0x85,0xf5,0x9c,0x0c,0x88,0x0d,0x08,0x00,0x8c,0x00,0x00,0x00,0x00,0x00,0x00,0x80,0x00,0x00,0x00,0x00,0x00,0x00,0x00,0x00,0x00,0x00,0x00,0x00,0x00,0x00,0x00,
    0x78,0x80,0x04,0x2a,0x81,0x00,0x02,0x80,0x40,0xa0,0x70,0xf8,0xbc,0xde,0xbf,0xff,0xdf,0xef,0xdf,0xf7,0xe7,0xe3,0xe3,0xc1,0xf7,0xfb,0xff,0xff,0xff,0xff,0xff,0xff,
    0x00,0x00,0x00,0x00,0x00,0x00,0x00,0x00,0x00,0x00,0x00,0x00,0x00,0x00,0x00,0x00,0x01,0x01,0x01,0x01,0x03,0xd4,0xfd,0xf0,0xf0,0xb1,0x60,0x90,0x60,0x90,0xa0,0x10,
    0x60,0x80,0x10,0x65,0x9e,0x3e,0x0e,0x5e,0x6a,0xc4,0xca,0x84,0xe8,0x82,0x44,0xc8,0x02,0x80,0xc2,0x04,0x00,0xc0,0x00,0x00,0x80,0xe0,0xe0,0xf0,0xf0,0xb8,0x54,0x87,
    0x36,0x46,0x42,0x86,0x10,0x06,0x20,0x12,0x06,0x00,0x00,0x06,0x00,0x06,0x00,0x00,0x00,0x00,0x00,0x00,0x00,0x00,0x00,0x00,0x00,0x00,0x00,0x00,0x08,0x00,0x00,0x00,
    0x00,0x00,0x01,0x80,0x42,0x24,0x99,0x03,0x23,0x0f,0x0f,0x1f,0x3f,0x3f,0x7f,0xff,0xff,0xff,0xff,0xff,0xdf,0xdf,0x8f,0x8f,0x07,0xdf,0xff,0xff,0xff,0xff,0xff,0xff
  },
  { // 17
    0x00,0x00,0x00,0x00,0x00,0x00,0x00,0x00,0x10,0x38,0x10,0x00,0x00,0x00,0x1e,0x1f,0x3f,0x3f,0x7b,0x64,0x7b,0xc4,0xfb,0x82,0xd4,0x88,0x23,0xd4,0x08,0x03,0xe4,0x08,
    0x81,0x13,0x46,0x06,0x0e,0x1e,0x18,0x3e,0xd8,0x84,0x9a,0x80,0x9c,0x00,0x90,0x08,0x82,0x90,0xcc,0x80,0x90,0x08,0x00,0x90,0x00,0x00,0x00,0x00,0x00,0x81,0x81,0xc0,
    0xc2,0x82,0xa6,0x1a,0x8a,0x08,0x0a,0x88,0x08,0x82,0x00,0x08,0x00,0x00,0x00,0x00,0x00,0x00,0x00,0x00,0x00,0x00,0x00,0x00,0x00,0x00,0x00,0x00,0x00,0x00,0x00,0x00,
    0x03,0x04,0x08,0x92,0xe0,0x48,0xa0,0x60,0xf0,0xb8,0xdc,0xbe,0xff,0xdf,0xef,0xdf,0xff,0xe7,0xf7,0xe3,0xe3,0xc1,0xf3,0xff,0xff,0xff,0xff,0xff,0xff,0xff,0xff,0xff,
    0x00,0x00,0x00,0x00,0x00,0x00,0x00,0x00,0x00,0x00,0x00,0x00,0x00,0x00,0x08,0x00,0x00,0x00,0x80,0xc0,0xe0,0xf0,0xf8,0x39,0xfe,0x0e,0xfe,0x06,0x02,0xfc,0x04,0x00,
    0xfa,0x04,0x00,0x00,0x00,0xe0,0x00,0x00,0x00,0x01,0x06,0x06,0x06,0x1e,0xd6,0xf0,0xf6,0xf0,0xe7,0x30,0xc4,0x32,0xd0,0x04,0x22,0xd0,0xf0,0xf0,0xde,0xdf,0x9e,0x4e,
    0x9a,0x44,0x9a,0x04,0x4a,0x04,0x18,0x42,0x84,0x0a,0x04,0x18,0x00,0x00,0x00,0x00,0x00,0x00,0x00,0x00,0x00,0x00,0x00,0x00,0x00,0x00,0x00,0x00,0x00,0x00,0x00,0x00,
    0x00,0x00,0x0e,0x31,0xc3,0x0b,0x27,0x8f,0x0f,0x1f,0x3f,0x7f,0x7f,0xff,0xff,0xff,0xff,0xff,0xdf,0xdf,0x8f,0x8f,0x07,0xdf,0xff,0xff,0xff,0xff,0xff,0xff,0xff,0xff,
    0x00,0x00,0x08,0x1c,0x08,0x00,0x00,0x00,0x00,0x00,0x00,0x00,0x30,0x50,0x18,0x9c,0x88,0x9b,0x89,0x90,0x08,0x00,0x90,0x08,0x00,0x00,0x18,0x88,0x00,0x00,0x00,0x00,
    0x00,0x00,0x00,0xf0,0xf0,0xf0,0xf8,0xb8,0x4c,0xbc,0x4e,0xb6,0x4a,0xb7,0x2a,0x44,0x8a,0x34,0x4a,0x84,0xb2,0x08,0x04,0x32,0x48,0x84,0x02,0x00,0x11,0x09,0x01,0x43,
    0xc4,0xb5,0xdd,0x8c,0x8c,0x08,0x8d,0x00,0x08,0x04,0x80,0x00,0x00,0x00,0x00,0x00,0x00,0x80,0x00,0x00,0x00,0x00,0x00,0x00,0x00,0x00,0x00,0x00,0x00,0x00,0x00,0x00,
    0x78,0x80,0x04,0x2a,0x81,0x00,0x02,0x80,0x40,0xa0,0x70,0xf8,0xbc,0xde,0xbf,0xff,0xdf,0xef,0xdf,0xf7,0xe7,0xe3,0xe3,0xc1,0xf7,0xfb,0xff,0xff,0xff,0xff,0xff,0xff,
    0x00,0x00,0x00,0x00,0x00,0x00,0x10,0x00,0x00,0x00,0x00,0x00,0x00,0x00,0x00,0x00,0x01,0x01,0x01,0x01,0x07,0x54,0xf9,0xf0,0xf0,0xb1,0xe0,0x10,0xe0,0x10,0xa0,0x90,
    0x60,0x00,0x90,0x75,0x1e,0xae,0x4e,0x5e,0xea,0xc4,0x8a,0xc4,0xa8,0x42,0xc4,0x08,0x82,0xc0,0x02,0x04,0xc0,0x00,0x00,0x80,0x00,0xe0,0xe0,0xf0,0xf0,0xb8,0x50,0xa6,
    0x37,0x46,0x46,0xa2,0x14,0x02,0x24,0x12,0x02,0x04,0x00,0x02,0x04,0x02,0x04,0x00,0x00,0x00,0x00,0x00,0x00,0x00,0x00,0x00,0x00,0x00,0x00,0x00,0x08,0x00,0x00,0x00,
    0x00,0x00,0x01,0x80,0x42,0x24,0x99,0x03,0x23,0x0f,0x0f,0x1f,0x3f,0x3f,0x7f,0xff,0xff,0xff,0xff,0xff,0xdf,0xdf,0x8f,0x8f,0x07,0xdf,0xff,0xff,0xff,0xff,0xff,0xff
  },
  { // 18
    0x00,0x00,0x00,0x00,0x00,0x00,0x00,0x00,0x10,0x38,0x10,0x00,0x00,0x1c,0x1e,0x1f,0x3f,0x3b,0x67,0x78,0x67,0xd8,0xe3,0x96,0xe8,0x80,0x77,0xc8,0x00,0x27,0xe8,0x00,
    0x91,0x03,0x46,0x06,0x0e,0x1e,0x38,0x5e,0x98,0x84,0x9a,0x80,0x9c,0x00,0x90,0x08,0x82,0x90,0xc4,0x80,0x90,0x08,0x00,0x90,0x00,0x00,0x00,0x00,0x01,0x81,0x80,0xc0,
    0xc2,0x82,0xa6,0x1a,0x8a,0x08,0x0a,0x88,0x08,0x82,0x00,0x08,0x00,0x00,0x00,0x00,0x00,0x00,0x00,0x00,0x00,0x00,0x00,0x00,0x00,0x00,0x00,0x00,0x00,0x00,0x00,0x00,
    0x03,0x04,0x08,0x92,0xe0,0x48,0xa0,0x60,0xf0,0xb8,0xdc,0xbe,0xff,0xdf,0xef,0xdf,0xff,0xe7,0xf7,0xe3,0xe3,0xc1,0xf3,0xff,0xff,0xff,0xff,0xff,0xff,0xff,0xff,0xff,
    0x00,0x00,0x00,0x00,0x00,0x00,0x00,0x00,0x00,0x00,0x00,0x00,0x00,0x00,0x08,0x00,0x00,0x00,0x00,0xc0,0xe0,0xf0,0xf8,0xb9,0x7e,0x8e,0x7e,0x86,0x02,0x7c,0x84,0x00,
    0x7a,0x84,0x00,0x00,0x00,0x40,0x80,0x00,0x01,0x00,0x06,0x06,0x06,0x1e,0xd6,0xf0,0xf6,0xf0,0xe7,0x30,0xc4,0x32,0xd0,0x04,0x62,0xd0,0xf0,0xf0,0xda,0x9f,0xde,0x0e,
    0xde,0x02,0x9c,0x42,0x0c,0x02,0x5c,0x00,0x82,0x0c,0x02,0x1c,0x00,0x00,0x00,0x00,0x00,0x00,0x00,0x00,0x00,0x00,0x00,0x00,0x00,0x00,0x00,0x00,0x00,0x00,0x00,0x00,
    0x00,0x00,0x0e,0x31,0xc3,0x0b,0x27,0x8f,0x0f,0x1f,0x3f,0x7f,0x7f,0xff,0xff,0xff,0xff,0xff,0xdf,0xdf,0x8f,0x8f,0x07,0xdf,0xff,0xff,0xff,0xff,0xff,0xff,0xff,0xff,
    0x00,0x00,0x08,0x1c,0x08,0x00,0x00,0x00,0x00,0x00,0x00,0x00,0x30,0x58,0x18,0x9c,0x88,0x9b,0x81,0x98,0x00,0x00,0x98,0x00,0x00,0x08,0x18,0x80,0x00,0x00,0x00,0x00,
    0x00,0x00,0x00,0xc0,0xf0,0xf0,0xf8,0xb8,0x7c,0x8c,0x7e,0x86,0x7a,0x87,0x3a,0x64,0x8a,0x04,0x7a,0x84,0x82,0x38,0x04,0x02,0x78,0x84,0x02,0x00,0x01,0x19,0x01,0x43,
    0xc4,0xb5,0xdd,0x8c,0x8c,0x08,0x8d,0x00,0x08,0x04,0x80,0x00,0x80,0x00,0x00,0x00,0x00,0x00,0x00,0x00,0x00,0x00,0x00,0x00,0x00,0x00,0x00,0x00,0x00,0x00,0x00,0x00,
    0x78,0x80,0x04,0x2a,0x81,0x00,0x02,0x80,0x40,0xa0,0x70,0xf8,0xbc,0xde,0xbf,0xff,0xdf,0xef,0xdf,0xf7,0xe7,0xe3,0xe3,0xc1,0xf7,0xfb,0xff,0xff,0xff,0xff,0xff,0xff,
    0x00,0x00,0x00,0x00,0x00,0x00,0x10,0x00,0x00,0x00,0x00,0x00,0x00,0x00,0x00,0x00,0x01,0x01,0x01,0x03,0x05,0x3c,0xf1,0xf0,0xf0,0xf1,0x80,0x70,0x80,0x70,0x80,0xb0,
    0x00,0x40,0xb4,0x1e,0x7f,0x8e,0x4e,0x7a,0xc4,0xca,0x84,0xca,0xa2,0x44,0xc8,0x02,0x80,0xc2,0x04,0x00,0xc0,0x00,0x00,0x80,0x00,0xe0,0xe0,0xf0,0xf0,0xb8,0x50,0xa4,
    0x37,0x46,0x56,0xa2,0x16,0x00,0x26,0x10,0x02,0x06,0x00,0x00,0x06,0x00,0x06,0x00,0x00,0x00,0x00,0x00,0x00,0x00,0x00,0x00,0x00,0x00,0x00,0x00,0x08,0x00,0x00,0x00,
    0x00,0x00,0x01,0x80,0x42,0x24,0x99,0x03,0x23,0x0f,0x0f,0x1f,0x3f,0x3f,0x7f,0xff,0xff,0xff,0xff,0xff,0xdf,0xdf,0x8f,0x8f,0x07,0xdf,0xff,0xff,0xff,0xff,0xff,0xff
  },
  { // 19
    0x00,0x00,0x00,0x00,0x00,0x00,0x00,0x00,0x10,0x38,0x10,0x00,0x00,0x1c,0x1e,0x1f,0x3f,0x7b,0x67,0x78,0x67,0xd8,0xa3,0xd6,0xa8,0xc0,0x77,0x88,0x00,0x67,0xa8,0x00,
    0x91,0x41,0x02,0x06,0x0e,0x1e,0x7e,0x98,0x9e,0x80,0x9c,0x82,0x18,0x84,0x10,0x88,0x00,0x92,0xc0,0x84,0x00,0x08,0x80,0x10,0x00,0x00,0x00,0x00,0x81,0x01,0x80,0xc0,
    0xc2,0x82,0xa6,0x1a,0x8a,0x08,0x0a,0x88,0x00,0x82,0x00,0x08,0x00,0x00,0x00,0x08,0x00,0x00,0x00,0x00,0x00,0x00,0x00,0x00,0x00,0x00,0x00,0x00,0x00,0x00,0x00,0x00,
    0x03,0x04,0x08,0x92,0xe0,0x48,0xa0,0x60,0xf0,0xb8,0xdc,0xbe,0xff,0xdf,0xef,0xdf,0xff,0xe7,0xf7,0xe3,0xe3,0xc1,0xf3,0xff,0xff,0xff,0xff,0xff,0xff,0xff,0xff,0xff,
    0x00,0x00,0x00,0x00,0x00,0x00,0x00,0x00,0x00,0x00,0x00,0x00,0x00,0x00,0x08,0x00,0x00,0x00,0x00,0x80,0xe0,0xf0,0xf8,0xfd,0x3e,0xce,0x3e,0xc2,0x06,0x3c,0xc0,0x00,
    0x3e,0xc0,0x00,0x00,0x00,0x00,0xc0,0x00,0x01,0x02,0x06,0x06,0x06,0x1e,0x54,0xf2,0xf4,0xf2,0xe5,0xb0,0x46,0xb0,0x50,0x86,0x60,0x50,0xf0,0xf2,0xd8,0x9e,0xdf,0x0e,
    0xde,0x02,0x9c,0x42,0x0c,0x02,0x5c,0x00,0x82,0x0c,0x02,0x1c,0x00,0x00,0x00,0x00,0x00,0x00,0x00,0x00,0x00,0x00,0x00,0x00,0x00,0x00,0x00,0x00,0x00,0x00,0x00,0x00,
    0x00,0x00,0x0e,0x31,0xc3,0x0b,0x27,0x8f,0x0f,0x1f,0x3f,0x7f,0x7f,0xff,0xff,0xff,0xff,0xff,0xdf,0xdf,0x8f,0x8f,0x07,0xdf,0xff,0xff,0xff,0xff,0xff,0xff,0xff,0xff,
    0x00,0x00,0x08,0x1c,0x08,0x00,0x00,0x00,0x00,0x00,0x00,0x00,0x30,0x58,0x98,0x9c,0x88,0x9a,0x81,0x19,0x00,0x88,0x18,0x00,0x00,0x08,0x90,0x00,0x00,0x00,0x00,0x08,
    0x00,0x00,0x00,0x00,0xf0,0xf0,0xf8,0xf8,0xbc,0x4c,0xbc,0x46,0xba,0x47,0xba,0x26,0x40,0x82,0x38,0x46,0x80,0xba,0x04,0x00,0x3a,0x44,0x80,0x02,0x01,0x11,0x01,0x43,
    0xc4,0xb5,0xdd,0x8c,0x8c,0x09,0x8d,0x00,0x08,0x04,0x80,0x00,0x80,0x00,0x00,0x00,0x00,0x00,0x00,0x00,0x00,0x00,0x00,0x00,0x00,0x00,0x00,0x00,0x00,0x00,0x00,0x00,
    0x78,0x80,0x04,0x2a,0x81,0x00,0x02,0x80,0x40,0xa0,0x70,0xf8,0xbc,0xde,0xbf,0xff,0xdf,0xef,0xdf,0xf7,0xe7,0xe3,0xe3,0xc1,0xf7,0xfb,0xff,0xff,0xff,0xff,0xff,0xff,
    0x00,0x00,0x00,0x00,0x00,0x00,0x10,0x00,0x00,0x00,0x00,0x00,0x00,0x00,0x00,0x00,0x01,0x01,0x01,0x07,0x15,0x38,0xf1,0xf0,0xf0,0xe1,0x90,0x60,0x90,0x60,0x90,0xa0,
    0x00,0x50,0xb4,0x1e,0x6f,0x8e,0x5e,0x6a,0xc4,0xca,0x84,0xca,0xa2,0x44,0xc8,0x02,0x80,0xc2,0x04,0x00,0xc0,0x00,0x00,0x80,0x00,0xe0,0xe0,0xf0,0xf0,0xb8,0x50,0xa4,
    0x37,0x46,0x16,0xa2,0x16,0x00,0x26,0x10,0x02,0x06,0x00,0x00,0x06,0x00,0x06,0x00,0x00,0x00,0x00,0x00,0x00,0x00,0x00,0x00,0x00,0x00,0x00,0x00,0x08,0x00,0x00,0x00,
    0x00,0x00,0x01,0x80,0x42,0x24,0x99,0x03,0x23,0x0f,0x0f,0x1f,0x3f,0x3f,0x7f,0xff,0xff,0xff,0xff,0xff,0xdf,0xdf,0x8f,0x8f,0x07,0xdf,0xff,0xff,0xff,0xff,0xff,0xff
  },
  { // 20
    0x00,0x00,0x00,0x00,0x00,0x00,0x00,0x00,0x10,0x38,0x10,0x00,0x00,0x1c,0x1e,0x1f,0x3f,0x7b,0x67,0x78,0x67,0xd8,0xa3,0xd7,0xa8,0xc0,0x77,0x88,0x00,0x67,0xa8,0x00,
    0x10,0x41,0x03,0x06,0x0e,0x3e,0xde,0x98,0x9e,0x80,0x9c,0x02,0x98,0x04,0x90,0x08,0x80,0x92,0xc0,0x84,0x00,0x88,0x00,0x10,0x00,0x00,0x00,0x80,0x01,0x01,0x00,0xc0,
    0xc2,0x82,0xa6,0x9a,0x0a,0x88,0x0a,0x08,0x80,0x02,0x80,0x08,0x00,0x00,0x00,0x0a,0x00,0x00,0x00,0x00,0x00,0x00,0x00,0x00,0x00,0x00,0x00,0x00,0x00,0x00,0x00,0x00,
    0x03,0x04,0x08,0x92,0xe0,0x48,0xa0,0x60,0xf0,0xb8,0xdc,0xbe,0xff,0xdf,0xef,0xdf,0xff,0xe7,0xf7,0xe3,0xe3,0xc1,0xf3,0xff,0xff,0xff,0xff,0xff,0xff,0xff,0xff,0xff,
    0x00,0x00,0x00,0x00,0x00,0x00,0x00,0x00,0x00,0x00,0x00,0x00,0x00,0x00,0x08,0x00,0x00,0x00,0x00,0x00,0xc0,0xf0,0xf8,0xff,0xbe,0x6e,0x9e,0x62,0x84,0x1c,0x60,0x82,
    0x1c,0x60,0x80,0x00,0x00,0x00,0x00,0x81,0x00,0x02,0x06,0x06,0x06,0x1e,0x54,0xf2,0xf4,0xf2,0xe5,0xb0,0x46,0xb0,0x50,0x86,0x60,0x70,0xd4,0xf2,0xd8,0x9c,0xdf,0x0e,
    0xde,0x02,0x9e,0x40,0x0e,0x80,0x5e,0x00,0x80,0x0e,0x00,0x1e,0x00,0x00,0x00,0x00,0x00,0x00,0x00,0x00,0x00,0x00,0x00,0x00,0x00,0x00,0x00,0x00,0x00,0x00,0x00,0x00,
    0x00,0x00,0x0e,0x31,0xc3,0x0b,0x27,0x8f,0x0f,0x1f,0x3f,0x7f,0x7f,0xff,0xff,0xff,0xff,0xff,0xdf,0xdf,0x8f,0x8f,0x07,0xdf,0xff,0xff,0xff,0xff,0xff,0xff,0xff,0xff,
    0x00,0x00,0x08,0x1c,0x08,0x00,0x00,0x00,0x00,0x00,0x00,0x00,0x30,0x58,0x98,0x9c,0x88,0x9a,0x81,0x19,0x00,0x88,0x18,0x00,0x00,0x08,0x90,0x00,0x00,0x00,0x00,0x08,
    0x00,0x00,0x00,0x00,0xc0,0xf0,0xf0,0xf8,0xb8,0x7c,0x8c,0x7e,0x86,0x7b,0x86,0x3a,0x64,0x82,0x00,0x7a,0x84,0x82,0x38,0x04,0x02,0x78,0x84,0x02,0x01,0x01,0x03,0x45,
    0x54,0xbd,0xcd,0x8c,0x88,0x8d,0x01,0x88,0x04,0x00,0x00,0x80,0x00,0x80,0x00,0x00,0x00,0x00,0x00,0x00,0x00,0x00,0x00,0x00,0x00,0x00,0x00,0x00,0x00,0x00,0x00,0x00,
    0x78,0x80,0x04,0x2a,0x81,0x00,0x02,0x80,0x40,0xa0,0x70,0xf8,0xbc,0xde,0xbf,0xff,0xdf,0xef,0xdf,0xf7,0xe7,0xe3,0xe3,0xc1,0xf7,0xfb,0xff,0xff,0xff,0xff,0xff,0xff,
    0x00,0x00,0x00,0x00,0x00,0x00,0x10,0x00,0x00,0x00,0x00,0x00,0x00,0x00,0x00,0x00,0x01,0x01,0x01,0x07,0x1d,0x30,0xf1,0xf0,0xf0,0xe1,0x90,0x60,0x90,0x60,0x90,0xa0,
    0x00,0x50,0xbc,0x1e,0x6f,0xce,0x5e,0x62,0xcc,0xc2,0xcc,0x82,0xe2,0x4c,0x80,0x02,0xc0,0x82,0x04,0x40,0x80,0x00,0x00,0x80,0x00,0x60,0xe0,0xf0,0xf0,0xb8,0xd0,0x20,
    0xb4,0x47,0x16,0x26,0x92,0x06,0x20,0x16,0x00,0x02,0x06,0x00,0x00,0x06,0x00,0x06,0x00,0x00,0x00,0x00,0x00,0x00,0x00,0x00,0x00,0x00,0x00,0x00,0x08,0x00,0x00,0x00,
    0x00,0x00,0x01,0x80,0x42,0x24,0x99,0x03,0x23,0x0f,0x0f,0x1f,0x3f,0x3f,0x7f,0xff,0xff,0xff,0xff,0xff,0xdf,0xdf,0x8f,0x8f,0x07,0xdf,0xff,0xff,0xff,0xff,0xff,0xff
  },
  { // 21
    0x00,0x00,0x00,0x00,0x00,0x00,0x00,0x00,0x10,0x38,0x10,0x00,0x18,0x1e,0x1e,0x1f,0x3f,0x63,0x7d,0x62,0x7d,0xc2,0xb3,0xcd,0xa0,0xd2,0x6d,0x80,0x02,0x6d,0xa0,0x10,
    0x00,0x41,0x03,0x06,0x1e,0x7e,0x9e,0x98,0x8e,0x90,0x8c,0x12,0x88,0x14,0x80,0x08,0x90,0x82,0xc0,0x84,0x00,0x88,0x10,0x00,0x00,0x00,0x00,0x80,0x01,0x01,0x00,0xc2,
    0xc2,0x82,0xa6,0x9a,0x08,0x8a,0x08,0x08,0x02,0x00,0x80,0x08,0x00,0x00,0x02,0x08,0x00,0x00,0x00,0x00,0x00,0x00,0x00,0x00,0x00,0x00,0x00,0x00,0x00,0x00,0x00,0x00,
    0x03,0x04,0x08,0x92,0xe0,0x48,0xa0,0x60,0xf0,0xb8,0xdc,0xbe,0xff,0xdf,0xef,0xdf,0xff,0xe7,0xf7,0xe3,0xe3,0xc1,0xf3,0xff,0xff,0xff,0xff,0xff,0xff,0xff,0xff,0xff,
    0x00,0x00,0x00,0x00,0x00,0x00,0x00,0x00,0x00,0x00,0x00,0x00,0x00,0x00,0x08,0x00,0x00,0x00,0x00,0x00,0x80,0xf0,0xf9,0xfe,0xfe,0x2e,0xde,0x22,0xc4,0x1c,0x20,0xc2,
    0x1c,0x20,0xc0,0x00,0x00,0x00,0x00,0x81,0x02,0x06,0x06,0x06,0x0e,0x14,0x52,0xf4,0xf2,0xf4,0xe3,0xb6,0x40,0xb0,0x56,0x80,0x60,0x76,0xd2,0xf0,0xd8,0x9c,0xde,0x0f,
    0xde,0x06,0x9a,0x44,0x0a,0x84,0x5a,0x04,0x80,0x0a,0x04,0x1a,0x04,0x00,0x00,0x00,0x00,0x00,0x00,0x00,0x00,0x00,0x00,0x00,0x00,0x00,0x00,0x00,0x00,0x00,0x00,0x00,
    0x00,0x00,0x0e,0x31,0xc3,0x0b,0x27,0x8f,0x0f,0x1f,0x3f,0x7f,0x7f,0xff,0xff,0xff,0xff,0xff,0xdf,0xdf,0x8f,0x8f,0x07,0xdf,0xff,0xff,0xff,0xff,0xff,0xff,0xff,0xff,
    0x00,0x00,0x08,0x1c,0x08,0x00,0x00,0x00,0x00,0x00,0x00,0x00,0x30,0x58,0x98,0x9c,0x88,0x98,0x83,0x19,0x00,0x88,0x18,0x00,0x00,0x08,0x90,0x00,0x00,0x00,0x00,0x08,
    0x00,0x00,0x00,0x00,0x80,0xf0,0xf0,0xf8,0xf8,0x3c,0xcc,0x3e,0xc6,0x3b,0xc6,0x3a,0x24,0xc2,0x00,0x3a,0xc4,0x02,0x38,0x04,0x02,0x38,0xc4,0x02,0x01,0x01,0x03,0x05,
    0x54,0xfd,0xcd,0x8c,0x88,0x8d,0x01,0x88,0x04,0x00,0x00,0x80,0x00,0x80,0x00,0x00,0x00,0x00,0x00,0x00,0x00,0x00,0x00,0x00,0x00,0x00,0x00,0x00,0x00,0x00,0x00,0x00,
    0x78,0x80,0x04,0x2a,0x81,0x00,0x02,0x80,0x40,0xa0,0x70,0xf8,0xbc,0xde,0xbf,0xff,0xdf,0xef,0xdf,0xf7,0xe7,0xe3,0xe3,0xc1,0xf7,0xfb,0xff,0xff,0xff,0xff,0xff,0xff,
    0x00,0x00,0x00,0x00,0x00,0x00,0x10,0x00,0x00,0x00,0x00,0x00,0x00,0x00,0x00,0x00,0x01,0x01,0x07,0x15,0x19,0x30,0x71,0xf0,0xe0,0xf1,0x80,0xf0,0x00,0xf0,0x00,0xa0,
    0x90,0x54,0x3c,0xae,0x4f,0x5e,0xca,0x66,0xc8,0xc6,0xc8,0x82,0xe6,0x48,0x80,0x02,0xc0,0x84,0x00,0x40,0x80,0x00,0x02,0x80,0x00,0x60,0xe0,0xf0,0xf0,0xb8,0xd0,0x20,
    0xb4,0x47,0x16,0x26,0x92,0x06,0x20,0x16,0x00,0x02,0x06,0x00,0x00,0x06,0x00,0x06,0x00,0x00,0x00,0x00,0x00,0x00,0x00,0x00,0x00,0x00,0x00,0x00,0x08,0x00,0x00,0x00,
    0x00,0x00,0x01,0x80,0x42,0x24,0x99,0x03,0x23,0x0f,0x0f,0x1f,0x3f,0x3f,0x7f,0xff,0xff,0xff,0xff,0xff,0xdf,0xdf,0x8f,0x8f,0x07,0xdf,0xff,0xff,0xff,0xff,0xff,0xff
  },
  { // 22
    0x00,0x00,0x00,0x00,0x00,0x00,0x00,0x00,0x10,0x38,0x10,0x00,0x1c,0x1e,0x1e,0x3f,0x3b,0x67,0x79,0x66,0xd9,0xe2,0x97,0xe9,0x80,0x76,0xc9,0x00,0x26,0xe9,0x04,0x10,
    0x00,0x41,0x01,0x06,0x3e,0xde,0x9e,0x9a,0x8c,0x92,0x0c,0x90,0x0a,0x94,0x00,0x88,0x10,0x80,0xc2,0x84,0x80,0x08,0x10,0x00,0x00,0x00,0x80,0x00,0x01,0x01,0x00,0xc2,
    0xc2,0xa2,0x86,0x9a,0x08,0x8a,0x08,0x08,0x02,0x00,0x80,0x08,0x00,0x00,0x02,0x08,0x00,0x00,0x00,0x00,0x00,0x00,0x00,0x00,0x00,0x00,0x00,0x00,0x00,0x00,0x00,0x00,
    0x03,0x04,0x08,0x92,0xe0,0x48,0xa0,0x60,0xf0,0xb8,0xdc,0xbe,0xff,0xdf,0xef,0xdf,0xff,0xe7,0xf7,0xe3,0xe3,0xc1,0xf3,0xff,0xff,0xff,0xff,0xff,0xff,0xff,0xff,0xff,
    0x00,0x00,0x00,0x00,0x00,0x00,0x00,0x00,0x00,0x00,0x00,0x00,0x00,0x00,0x08,0x00,0x00,0x00,0x00,0x00,0x00,0xf0,0xfd,0xfe,0xfe,0xae,0x5a,0xa6,0x44,0x98,0x20,0x46,
    0x98,0x20,0x40,0x80,0x00,0x00,0x01,0x00,0x82,0x06,0x06,0x06,0x0e,0x14,0x52,0xf4,0xf2,0xf4,0xe3,0xb6,0x40,0xb0,0x56,0x80,0x60,0x76,0xd2,0xf0,0xd0,0x9c,0xdc,0x0f,
    0xde,0x0e,0x92,0x4e,0x00,0x8e,0x50,0x0e,0x80,0x00,0x0e,0x10,0x0e,0x00,0x00,0x00,0x00,0x00,0x00,0x00,0x00,0x00,0x00,0x00,0x00,0x00,0x00,0x00,0x00,0x00,0x00,0x00,
    0x00,0x00,0x0e,0x31,0xc3,0x0b,0x27,0x8f,0x0f,0x1f,0x3f,0x7f,0x7f,0xff,0xff,0xff,0xff,0xff,0xdf,0xdf,0x8f,0x8f,0x07,0xdf,0xff,0xff,0xff,0xff,0xff,0xff,0xff,0xff,
    0x00,0x00,0x08,0x1c,0x08,0x00,0x00,0x00,0x00,0x00,0x00,0x00,0x30,0x58,0x98,0x98,0x8c,0x98,0x82,0x19,0x01,0x88,0x18,0x00,0x00,0x08,0x90,0x00,0x00,0x00,0x00,0x08,
    0x00,0x00,0x00,0x00,0x00,0xc0,0xf0,0xf0,0xf8,0xbc,0x7c,0x8e,0x7e,0x83,0x7e,0x82,0x3c,0x62,0x80,0x00,0x7c,0x82,0x00,0x3c,0x00,0x00,0x7c,0x82,0x01,0x01,0x03,0x05,
    0x74,0xdd,0xcd,0x8c,0x88,0x8d,0x01,0x88,0x84,0x00,0x00,0x80,0x00,0x80,0x00,0x00,0x00,0x00,0x00,0x00,0x00,0x00,0x00,0x00,0x00,0x00,0x00,0x00,0x00,0x00,0x00,0x00,
    0x78,0x80,0x04,0x2a,0x81,0x00,0x02,0x80,0x40,0xa0,0x70,0xf8,0xbc,0xde,0xbf,0xff,0xdf,0xef,0xdf,0xf7,0xe7,0xe3,0xe3,0xc1,0xf7,0xfb,0xff,0xff,0xff,0xff,0xff,0xff,
    0x00,0x00,0x00,0x00,0x00,0x00,0x10,0x00,0x00,0x00,0x00,0x00,0x00,0x00,0x00,0x01,0x01,0x01,0x07,0x1d,0x10,0x31,0x70,0xf0,0xe1,0xf0,0x80,0xf0,0x00,0xf0,0x00,0xa0,
    0x90,0x54,0x3c,0xae,0x4f,0x5e,0xca,0xe6,0xc8,0xc6,0xc8,0xa2,0x76,0xe8,0x00,0x02,0xc0,0x04,0x00,0xc0,0x00,0x00,0x82,0x00,0x00,0x60,0xe0,0xf0,0xf0,0xb0,0xd8,0x20,
    0xb4,0x46,0x17,0x26,0x92,0x06,0x20,0x16,0x00,0x02,0x06,0x00,0x00,0x06,0x00,0x06,0x00,0x00,0x00,0x00,0x00,0x00,0x00,0x00,0x00,0x00,0x00,0x00,0x08,0x00,0x00,0x00,
    0x00,0x00,0x01,0x80,0x42,0x24,0x99,0x03,0x23,0x0f,0x0f,0x1f,0x3f,0x3f,0x7f,0xff,0xff,0xff,0xff,0xff,0xdf,0xdf,0x8f,0x8f,0x07,0xdf,0xff,0xff,0xff,0xff,0xff,0xff
  },
  { // 23
    0x00,0x00,0x00,0x00,0x00,0x00,0x00,0x00,0x00,0x10,0x00,0x00,0x1c,0x1e,0x1e,0x3f,0x3b,0x67,0x79,0x66,0xd9,0xe2,0x97,0xe9,0x80,0x76,0xc9,0x00,0x26,0xc9,0x04,0x10,
    0x00,0x40,0x21,0x07,0x7e,0x9e,0x9e,0x9a,0x8c,0x92,0x0c,0x90,0x0a,0x94,0x00,0x88,0x10,0x80,0xc0,0x80,0x80,0x08,0x10,0x00,0x00,0x00,0x80,0x00,0x01,0x01,0x00,0x42,
    0xc2,0xa2,0x96,0x8a,0x88,0x0a,0x88,0x08,0x02,0x00,0x00,0x88,0x00,0x00,0x02,0x08,0x00,0x00,0x00,0x00,0x00,0x00,0x00,0x00,0x00,0x00,0x00,0x00,0x00,0x00,0x00,0x00,
    0x03,0x04,0x08,0x92,0xe0,0x48,0xa0,0x60,0xf0,0xb8,0xdc,0xbe,0xff,0xdf,0xef,0xdf,0xff,0xe7,0xf7,0xe3,0xe3,0xc1,0xf3,0xff,0xff,0xff,0xff,0xff,0xff,0xff,0xff,0xff,
    0x00,0x00,0x00,0x00,0x00,0x00,0x00,0x00,0x00,0x00,0x00,0x00,0x00,0x00,0x00,0x00,0x00,0x00,0x00,0x00,0x00,0x90,0xff,0xfe,0xfe,0xee,0x3a,0xc4,0x24,0xd8,0x02,0x24,
    0xd8,0x00,0x20,0xc2,0x00,0x00,0x01,0x00,0x02,0x06,0x06,0x06,0x0e,0x14,0xd2,0xf4,0xf2,0xf4,0xe3,0x36,0xc0,0x30,0xd6,0x00,0x60,0x76,0xd2,0xf0,0xd0,0x9c,0xdc,0x0f,
    0xde,0x0e,0x92,0x4e,0x00,0x8e,0x50,0x0e,0x80,0x00,0x0e,0x10,0x0e,0x00,0x00,0x00,0x00,0x00,0x00,0x00,0x00,0x00,0x00,0x00,0x00,0x00,0x00,0x00,0x00,0x00,0x00,0x00,
    0x00,0x00,0x0e,0x31,0xc3,0x0b,0x27,0x8f,0x0f,0x1f,0x3f,0x7f,0x7f,0xff,0xff,0xff,0xff,0xff,0xdf,0xdf,0x8f,0x8f,0x07,0xdf,0xff,0xff,0xff,0xff,0xff,0xff,0xff,0xff,
    0x00,0x00,0x08,0x1c,0x08,0x00,0x00,0x00,0x00,0x00,0x00,0x00,0x30,0x58,0x98,0x98,0x8c,0x98,0x82,0x19,0x01,0x88,0x18,0x00,0x00,0x08,0x90,0x00,0x00,0x00,0x00,0x08,
    0x00,0x00,0x00,0x00,0x00,0x80,0xd0,0xf0,0xf8,0xf8,0x3c,0xee,0x1e,0xe7,0x1a,0xe6,0x18,0x26,0xe0,0x00,0x18,0xe6,0x00,0x18,0x24,0x00,0x18,0xe6,0x01,0x01,0x03,0x15,
    0x7c,0xcd,0xcc,0x8c,0x88,0x85,0x08,0x80,0x84,0x00,0x00,0x80,0x00,0x80,0x00,0x00,0x00,0x00,0x00,0x00,0x00,0x00,0x00,0x00,0x00,0x00,0x00,0x00,0x00,0x00,0x00,0x00,
    0x78,0x80,0x04,0x2a,0x81,0x00,0x02,0x80,0x40,0xa0,0x70,0xf8,0xbc,0xde,0xbf,0xff,0xdf,0xef,0xdf,0xf7,0xe7,0xe3,0xe3,0xc1,0xf7,0xfb,0xff,0xff,0xff,0xff,0xff,0xff,
    0x00,0x00,0x00,0x00,0x00,0x00,0x10,0x00,0x00,0x00,0x00,0x00,0x00,0x00,0x00,0x01,0x01,0x05,0x17,0x19,0x30,0x31,0x70,0xe0,0xf1,0xc0,0xb0,0xc0,0x30,0xc0,0x20,0x90,
    0x80,0x7c,0x1c,0xae,0x5f,0x4e,0xe2,0xce,0xc0,0xce,0xc0,0xa2,0x7e,0xe0,0x00,0x02,0xc0,0x0c,0x00,0xc0,0x00,0x00,0x82,0x00,0x00,0x60,0xe0,0xf0,0xf0,0xb0,0xd8,0x20,
    0xb4,0x44,0x17,0x26,0x92,0x06,0x22,0x54,0x02,0x00,0x06,0x02,0x10,0x04,0x02,0x04,0x02,0x00,0x00,0x00,0x00,0x00,0x00,0x00,0x00,0x00,0x00,0x00,0x08,0x00,0x00,0x00,
    0x00,0x00,0x01,0x80,0x42,0x24,0x99,0x03,0x23,0x0f,0x0f,0x1f,0x3f,0x3f,0x7f,0xff,0xff,0xff,0xff,0xff,0xdf,0xdf,0x8f,0x8f,0x07,0xdf,0xff,0xff,0xff,0xff,0xff,0xff
  },
  { // 24
    0x00,0x00,0x00,0x00,0x00,0x00,0x00,0x00,0x00,0x10,0x00,0x00,0x1c,0x1e,0x1e,0x3f,0x3b,0x67,0x79,0x66,0xd9,0xe2,0x97,0xe9,0x80,0x76,0xc9,0x00,0x26,0xc9,0x04,0x10,
    0x00,0x40,0x21,0x37,0xde,0x9e,0x9e,0x8a,0x9c,0x02,0x9c,0x00,0x9a,0x04,0x80,0x18,0x80,0x80,0xc0,0x80,0x00,0x18,0x00,0x00,0x00,0x80,0x00,0x00,0x01,0x01,0x00,0x42,
    0xc2,0xa6,0x9a,0x8a,0x88,0x0a,0x88,0x00,0x02,0x00,0x08,0x80,0x00,0x00,0x0a,0x00,0x00,0x00,0x00,0x00,0x00,0x00,0x00,0x00,0x00,0x00,0x00,0x00,0x00,0x00,0x00,0x00,
    0x03,0x04,0x08,0x92,0xe0,0x48,0xa0,0x60,0xf0,0xb8,0xdc,0xbe,0xff,0xdf,0xef,0xdf,0xff,0xe7,0xf7,0xe3,0xe3,0xc1,0xf3,0xff,0xff,0xff,0xff,0xff,0xff,0xff,0xff,0xff,
    0x00,0x00,0x00,0x00,0x00,0x00,0x00,0x00,0x00,0x00,0x00,0x00,0x00,0x00,0x00,0x00,0x00,0x00,0x00,0x00,0x00,0x09,0xfe,0xfe,0xfe,0xfe,0xa2,0x54,0xac,0x40,0x92,0x2c,
    0x40,0x90,0x20,0x42,0x80,0x00,0x01,0x02,0x02,0x06,0x06,0x06,0x0c,0x16,0xd0,0xf6,0xf0,0xf6,0xe3,0x34,0xc0,0x32,0xc4,0x00,0x62,0x76,0xd0,0xf0,0xd0,0x9c,0xda,0x1c,
    0xcf,0x1e,0x86,0x4a,0x06,0x90,0x46,0x08,0x86,0x00,0x10,0x02,0x08,0x06,0x00,0x00,0x00,0x00,0x00,0x00,0x00,0x00,0x00,0x00,0x00,0x00,0x00,0x00,0x00,0x00,0x00,0x00,
    0x00,0x00,0x0e,0x31,0xc3,0x0b,0x27,0x8f,0x0f,0x1f,0x3f,0x7f,0x7f,0xff,0xff,0xff,0xff,0xff,0xdf,0xdf,0x8f,0x8f,0x07,0xdf,0xff,0xff,0xff,0xff,0xff,0xff,0xff,0xff,
    0x00,0x00,0x08,0x1c,0x08,0x00,0x00,0x00,0x00,0x00,0x00,0x00,0x30,0x58,0x98,0x98,0x8c,0x98,0x82,0x19,0x01,0x88,0x18,0x00,0x00,0x08,0x90,0x00,0x00,0x00,0x00,0x08,
    0x00,0x00,0x00,0x00,0x00,0x80,0xc0,0xf0,0xf0,0xf8,0x3c,0xfe,0x0e,0xff,0x02,0xfe,0x00,0x3e,0xe0,0x00,0x00,0xfe,0x00,0x00,0x3c,0x00,0x00,0xfe,0x01,0x01,0x07,0x15,
    0x7c,0x4d,0xcc,0x88,0x8c,0x81,0x88,0x04,0x80,0x80,0x00,0x00,0x80,0x00,0x80,0x00,0x00,0x00,0x00,0x00,0x00,0x00,0x00,0x00,0x00,0x00,0x00,0x00,0x00,0x00,0x00,0x00,
    0x78,0x80,0x04,0x2a,0x81,0x00,0x02,0x80,0x40,0xa0,0x70,0xf8,0xbc,0xde,0xbf,0xff,0xdf,0xef,0xdf,0xf7,0xe7,0xe3,0xe3,0xc1,0xf7,0xfb,0xff,0xff,0xff,0xff,0xff,0xff,
    0x00,0x00,0x00,0x00,0x00,0x00,0x10,0x00,0x00,0x00,0x00,0x00,0x00,0x00,0x00,0x01,0x01,0x07,0x1d,0x11,0x30,0x31,0x70,0xe0,0xf1,0xc0,0xb0,0xc0,0x30,0xc0,0x20,0x90,
    0x90,0x7c,0x0c,0xae,0x4f,0x4e,0xe2,0xce,0xc0,0xce,0xc0,0xa2,0x7e,0xe0,0x00,0x06,0xc0,0x0c,0x00,0xc0,0x00,0x00,0x82,0x00,0x00,0x40,0xe0,0xf0,0xf0,0xb0,0xf8,0x00,
    0xb4,0x64,0x17,0x06,0xb2,0x06,0x02,0x74,0x02,0x00,0x06,0x02,0x10,0x04,0x02,0x04,0x02,0x00,0x00,0x00,0x00,0x00,0x00,0x00,0x00,0x00,0x00,0x00,0x08,0x00,0x00,0x00,
    0x00,0x00,0x01,0x80,0x42,0x24,0x99,0x03,0x23,0x0f,0x0f,0x1f,0x3f,0x3f,0x7f,0xff,0xff,0xff,0xff,0xff,0xdf,0xdf,0x8f,0x8f,0x07,0xdf,0xff,0xff,0xff,0xff,0xff,0xff
  },
  { // 25
    0x00,0x00,0x00,0x00,0x00,0x00,0x00,0x00,0x00,0x10,0x00,0x00,0x1c,0x1e,0x1e,0x3f,0x7b,0x67,0x79,0xe6,0xd9,0xa2,0xd7,0xa9,0x40,0xb6,0x09,0x00,0xe6,0x09,0x04,0x10,
    0x40,0x00,0x20,0xf9,0x9f,0x9e,0x9e,0x8e,0x92,0x0c,0x92,0x0c,0x90,0x02,0x8c,0x18,0x80,0x80,0xc0,0x80,0x00,0x10,0x00,0x00,0x00,0x80,0x00,0x00,0x01,0x01,0x00,0x42,
    0xc2,0xa6,0x9a,0x8a,0x88,0x0a,0x88,0x00,0x02,0x00,0x08,0x80,0x00,0x00,0x0a,0x00,0x00,0x00,0x00,0x00,0x00,0x00,0x00,0x00,0x00,0x00,0x00,0x00,0x00,0x00,0x00,0x00,
    0x03,0x04,0x08,0x92,0xe0,0x48,0xa0,0x60,0xf0,0xb8,0xdc,0xbe,0xff,0xdf,0xef,0xdf,0xff,0xe7,0xf7,0xe3,0xe3,0xc1,0xf3,0xff,0xff,0xff,0xff,0xff,0xff,0xff,0xff,0xff,
    0x00,0x00,0x00,0x00,0x00,0x00,0x00,0x00,0x00,0x00,0x00,0x00,0x00,0x00,0x00,0x00,0x00,0x00,0x00,0x00,0x00,0x0f,0xbe,0xfe,0xfe,0xfa,0xe4,0x14,0xe8,0x02,0xd4,0x28,
    0x00,0xd0,0x22,0x00,0xc0,0x01,0x00,0x02,0x02,0x06,0x06,0x06,0x0c,0x16,0xd0,0xf6,0xf0,0xf6,0xe3,0x34,0xc0,0x32,0xc4,0x00,0x62,0x76,0xd0,0xf0,0xd0,0x9c,0xda,0x1c,
    0xcf,0x1e,0x86,0x4a,0x06,0x90,0x46,0x08,0x86,0x00,0x10,0x02,0x08,0x06,0x00,0x00,0x00,0x00,0x00,0x00,0x00,0x00,0x00,0x00,0x00,0x00,0x00,0x00,0x00,0x00,0x00,0x00,
    0x00,0x00,0x0e,0x31,0xc3,0x0b,0x27,0x8f,0x0f,0x1f,0x3f,0x7f,0x7f,0xff,0xff,0xff,0xff,0xff,0xdf,0xdf,0x8f,0x8f,0x07,0xdf,0xff,0xff,0xff,0xff,0xff,0xff,0xff,0xff,
    0x00,0x00,0x08,0x1c,0x08,0x00,0x00,0x00,0x00,0x00,0x00,0x00,0x30,0x50,0x98,0x98,0x8c,0x98,0x8a,0x10,0x09,0x81,0x18,0x08,0x00,0x10,0x98,0x00,0x00,0x00,0x00,0x00,
    0x08,0x00,0x00,0x00,0x00,0x00,0x80,0xd0,0xf0,0xf8,0xfc,0x3c,0xee,0x1f,0xe2,0x1e,0xe2,0x1c,0x32,0xe0,0x00,0x1c,0xe2,0x00,0x18,0x20,0x00,0x1c,0xe3,0x01,0x17,0x1d,
    0x6c,0x4d,0xcc,0x88,0x84,0x89,0x80,0x04,0x80,0x80,0x00,0x00,0x80,0x00,0x80,0x00,0x00,0x00,0x00,0x00,0x00,0x00,0x00,0x00,0x00,0x00,0x00,0x00,0x00,0x00,0x00,0x00,
    0x78,0x80,0x04,0x2a,0x81,0x00,0x02,0x80,0x40,0xa0,0x70,0xf8,0xbc,0xde,0xbf,0xff,0xdf,0xef,0xdf,0xf7,0xe7,0xe3,0xe3,0xc1,0xf7,0xfb,0xff,0xff,0xff,0xff,0xff,0xff,
    0x00,0x00,0x00,0x00,0x00,0x00,0x10,0x00,0x00,0x00,0x00,0x00,0x00,0x00,0x00,0x01,0x05,0x07,0x19,0x11,0x30,0x31,0x70,0xe0,0xf1,0xc0,0xb0,0xc0,0x30,0xc0,0x20,0x90,
    0x94,0x7c,0x2c,0x8e,0x4f,0x4a,0xe6,0xca,0x84,0xca,0x80,0xa6,0x7a,0xa0,0x04,0x42,0x84,0x08,0x40,0x00,0x00,0x00,0x82,0x00,0x00,0x00,0x60,0xf0,0xf0,0xf0,0xb8,0xc0,
    0x34,0x84,0x56,0x07,0xb2,0x86,0x02,0x34,0x42,0x00,0x04,0x02,0x10,0x04,0x02,0x04,0x02,0x00,0x00,0x00,0x00,0x00,0x00,0x00,0x00,0x00,0x00,0x00,0x08,0x00,0x00,0x00,
    0x00,0x00,0x01,0x80,0x42,0x24,0x99,0x03,0x23,0x0f,0x0f,0x1f,0x3f,0x3f,0x7f,0xff,0xff,0xff,0xff,0xff,0xdf,0xdf,0x8f,0x8f,0x07,0xdf,0xff,0xff,0xff,0xff,0xff,0xff
  },
  { // 26
    0x00,0x00,0x00,0x00,0x00,0x00,0x00,0x00,0x00,0x10,0x00,0x00,0x1c,0x1e,0x1e,0x3f,0x7b,0x67,0x79,0xe6,0xd9,0xa2,0xd7,0xa9,0x40,0xb6,0x09,0x00,0xe6,0x09,0x04,0x10,
    0x40,0x00,0x20,0xf9,0x9f,0x9e,0x9e,0x8e,0x12,0x8c,0x12,0x8c,0x10,0x82,0x0c,0x98,0x00,0x80,0xc0,0x80,0x00,0x10,0x00,0x00,0x80,0x00,0x00,0x01,0x01,0x00,0x00,0x42,
    0x42,0xb6,0x8a,0x8a,0x88,0x8a,0x08,0x80,0x02,0x00,0x08,0x00,0x80,0x00,0x0a,0x00,0x00,0x00,0x00,0x00,0x00,0x00,0x00,0x00,0x00,0x00,0x00,0x00,0x00,0x00,0x00,0x00,
    0x03,0x04,0x08,0x92,0xe0,0x48,0xa0,0x60,0xf0,0xb8,0xdc,0xbe,0xff,0xdf,0xef,0xdf,0xff,0xe7,0xf7,0xe3,0xe3,0xc1,0xf3,0xff,0xff,0xff,0xff,0xff,0xff,0xff,0xff,0xff,
    0x00,0x00,0x00,0x00,0x00,0x00,0x00,0x00,0x00,0x00,0x00,0x00,0x00,0x00,0x00,0x00,0x00,0x00,0x00,0x00,0x01,0x0e,0x9e,0xfe,0xfe,0xfa,0xe4,0x34,0xc8,0x22,0xd4,0x08,
    0x20,0xd0,0x02,0x20,0xc0,0x01,0x00,0x02,0x06,0x06,0x06,0x06,0x0c,0x12,0xd4,0xf2,0xf4,0xf2,0xe7,0x30,0xc0,0x36,0xc0,0x00,0x66,0x72,0xd0,0xf0,0xd4,0x98,0xda,0x1c,
    0xce,0x1f,0x86,0x4a,0x06,0x90,0x46,0x08,0x86,0x00,0x10,0x00,0x08,0x06,0x00,0x00,0x00,0x00,0x00,0x00,0x80,0x00,0x00,0x00,0x00,0x00,0x00,0x00,0x00,0x00,0x00,0x00,
    0x00,0x00,0x0e,0x31,0xc3,0x0b,0x27,0x8f,0x0f,0x1f,0x3f,0x7f,0x7f,0xff,0xff,0xff,0xff,0xff,0xdf,0xdf,0x8f,0x8f,0x07,0xdf,0xff,0xff,0xff,0xff,0xff,0xff,0xff,0xff,
    0x00,0x00,0x08,0x1c,0x08,0x00,0x00,0x00,0x00,0x00,0x00,0x00,0x30,0x50,0x98,0x98,0x8c,0x98,0x88,0x12,0x09,0x81,0x18,0x08,0x00,0x10,0x98,0x00,0x00,0x00,0x00,0x00,
    0x08,0x00,0x00,0x00,0x00,0x00,0x80,0xc0,0xf0,0xf0,0xf8,0x3c,0xfe,0x0f,0xfe,0x02,0xfe,0x00,0x3e,0xf8,0x00,0x00,0xfe,0x00,0x00,0x30,0x00,0x00,0xff,0x07,0x15,0x1d,
    0x6c,0x4d,0xc8,0x8c,0x80,0x89,0x84,0x00,0x80,0x80,0x04,0x00,0x80,0x00,0x80,0x00,0x00,0x00,0x00,0x00,0x00,0x00,0x00,0x00,0x00,0x00,0x00,0x00,0x00,0x00,0x00,0x00,
    0x78,0x80,0x04,0x2a,0x81,0x00,0x02,0x80,0x40,0xa0,0x70,0xf8,0xbc,0xde,0xbf,0xff,0xdf,0xef,0xdf,0xf7,0xe7,0xe3,0xe3,0xc1,0xf7,0xfb,0xff,0xff,0xff,0xff,0xff,0xff,
    0x00,0x00,0x00,0x00,0x00,0x00,0x10,0x00,0x00,0x00,0x00,0x00,0x00,0x00,0x00,0x01,0x07,0x1d,0x11,0x11,0x30,0x31,0x60,0x70,0xe1,0xd0,0xa0,0xd0,0xa0,0x40,0xb0,0x00,
    0x94,0xfc,0x2c,0x0e,0xcf,0x4a,0x66,0xca,0x84,0xca,0x80,0xa6,0xfa,0xa0,0x04,0x42,0x84,0x08,0x40,0x00,0x00,0x00,0x82,0x00,0x00,0x00,0x60,0xf0,0xf0,0xf0,0xb8,0xc0,
    0x34,0x84,0x56,0x07,0xb2,0x86,0x02,0x34,0x42,0x00,0x04,0x02,0x10,0x04,0x02,0x04,0x02,0x00,0x00,0x00,0x00,0x00,0x00,0x00,0x00,0x00,0x00,0x08,0x1c,0x08,0x00,0x00,
    0x00,0x00,0x01,0x80,0x42,0x24,0x99,0x03,0x23,0x0f,0x0f,0x1f,0x3f,0x3f,0x7f,0xff,0xff,0xff,0xff,0xff,0xdf,0xdf,0x8f,0x8f,0x07,0xdf,0xff,0xff,0xff,0xff,0xff,0xff
  },
  { // 27
    0x00,0x00,0x00,0x00,0x00,0x00,0x00,0x00,0x00,0x10,0x00,0x00,0x1c,0x1e,0x1e,0x3f,0x7b,0x67,0x79,0xe6,0xd9,0xa0,0xd6,0xa9,0x40,0xb6,0x09,0x00,0xe6,0x09,0x04,0x10,
    0x40,0x00,0x60,0x98,0x9f,0x9f,0x9e,0x8e,0x12,0x8c,0x12,0x8c,0x10,0x82,0x0c,0x98,0x00,0x00,0x80,0x00,0x00,0x10,0x00,0x00,0x80,0x00,0x00,0x01,0x01,0x00,0x00,0x02,
    0x42,0xfe,0x8a,0x8a,0x88,0x8a,0x00,0x80,0x02,0x08,0x00,0x00,0x80,0x08,0x02,0x00,0x00,0x00,0x00,0x00,0x00,0x00,0x00,0x00,0x00,0x00,0x00,0x00,0x00,0x00,0x00,0x00,
    0x03,0x04,0x08,0x92,0xe0,0x48,0xa0,0x60,0xf0,0xb8,0xdc,0xbe,0xff,0xdf,0xef,0xdf,0xff,0xe7,0xf7,0xe3,0xe3,0xc1,0xf3,0xff,0xff,0xff,0xff,0xff,0xff,0xff,0xff,0xff,
    0x00,0x00,0x00,0x00,0x00,0x00,0x00,0x00,0x00,0x00,0x00,0x00,0x00,0x00,0x00,0x00,0x00,0x00,0x00,0x00,0x07,0x0e,0x1e,0xfe,0xfa,0xfc,0xe4,0xb0,0x4a,0xa4,0x50,0x88,
    0x20,0x52,0x80,0x20,0x40,0x81,0x00,0x02,0x06,0x06,0x06,0x06,0x1c,0x52,0xf4,0xf2,0xf4,0xe2,0xb6,0x40,0xb0,0x46,0x80,0x20,0x56,0x72,0xf0,0xd0,0xd4,0x98,0xca,0x3c,
    0xcc,0x1f,0x86,0x4a,0x06,0x92,0x44,0x0a,0x84,0x02,0x10,0x00,0x08,0x04,0x02,0x00,0x00,0x00,0x00,0x00,0x80,0x00,0x00,0x00,0x00,0x00,0x00,0x00,0x00,0x00,0x00,0x00,
    0x00,0x00,0x0e,0x31,0xc3,0x0b,0x27,0x8f,0x0f,0x1f,0x3f,0x7f,0x7f,0xff,0xff,0xff,0xff,0xff,0xdf,0xdf,0x8f,0x8f,0x07,0xdf,0xff,0xff,0xff,0xff,0xff,0xff,0xff,0xff,
    0x00,0x00,0x08,0x1c,0x08,0x00,0x00,0x00,0x00,0x00,0x00,0x00,0x00,0x70,0x98,0x98,0x9c,0x88,0x98,0x02,0x19,0x81,0x08,0x18,0x00,0x00,0x98,0x10,0x00,0x00,0x00,0x00,
    0x08,0x00,0x00,0x00,0x00,0x00,0x80,0x80,0xc0,0xf0,0xf8,0x7c,0xbe,0x7f,0x8e,0x72,0x8e,0x70,0x0e,0xb8,0x70,0x00,0x8e,0x70,0x00,0x00,0x30,0x00,0x8f,0x77,0x1d,0x1d,
    0x6c,0x4d,0x88,0x84,0x88,0x81,0x84,0x00,0x80,0x80,0x04,0x01,0x80,0x00,0x80,0x00,0x00,0x00,0x00,0x00,0x00,0x00,0x00,0x00,0x00,0x00,0x00,0x00,0x00,0x00,0x00,0x00,
    0x78,0x80,0x04,0x2a,0x81,0x00,0x02,0x80,0x40,0xa0,0x70,0xf8,0xbc,0xde,0xbf,0xff,0xdf,0xef,0xdf,0xf7,0xe7,0xe3,0xe3,0xc1,0xf7,0xfb,0xff,0xff,0xff,0xff,0xff,0xff,
    0x00,0x00,0x00,0x00,0x00,0x00,0x10,0x00,0x00,0x00,0x00,0x00,0x00,0x00,0x01,0x05,0x07,0x19,0x11,0x10,0x31,0x30,0x60,0x71,0xe0,0xd0,0xa0,0xd0,0x80,0x40,0xb0,0x00,
    0x94,0xfc,0x2c,0x0e,0xcf,0x4a,0xc6,0xca,0x84,0xca,0x80,0x26,0xf8,0x20,0x04,0xc2,0x04,0x08,0x42,0x00,0x00,0x80,0x02,0x00,0x00,0x00,0x40,0xe0,0xf0,0xf0,0xb8,0xf0,
    0x04,0xb4,0x46,0x17,0x82,0xf6,0x02,0x04,0x72,0x00,0x04,0x02,0x00,0x14,0x02,0x04,0x02,0x00,0x00,0x00,0x00,0x00,0x00,0x00,0x00,0x00,0x00,0x08,0x1c,0x08,0x00,0x00,
    0x00,0x00,0x01,0x80,0x42,0x24,0x99,0x03,0x23,0x0f,0x0f,0x1f,0x3f,0x3f,0x7f,0xff,0xff,0xff,0xff,0xff,0xdf,0xdf,0x8f,0x8f,0x07,0xdf,0xff,0xff,0xff,0xff,0xff,0xff
  },
  { // 28
    0x00,0x00,0x00,0x00,0x00,0x00,0x00,0x00,0x00,0x10,0x00,0x00,0x1c,0x1e,0x1e,0x3f,0x7b,0x67,0xf9,0xe6,0xd9,0xa0,0xd6,0x29,0xc0,0x36,0x09,0x80,0x66,0x09,0x84,0x10,
    0x40,0x00,0xf0,0x98,0x9d,0x9f,0x8e,0x9e,0x02,0x9e,0x00,0x9e,0x00,0x80,0x1e,0x98,0x00,0x00,0x80,0x00,0x00,0x00,0x00,0x00,0x80,0x00,0x00,0x01,0x01,0x00,0x00,0x02,
    0x66,0xda,0x8a,0x8a,0x88,0x8a,0x00,0x80,0x02,0x08,0x00,0x00,0x80,0x08,0x02,0x00,0x00,0x00,0x00,0x00,0x00,0x00,0x00,0x00,0x00,0x00,0x00,0x00,0x00,0x00,0x00,0x00,
    0x03,0x04,0x08,0x92,0xe0,0x48,0xa0,0x60,0xf0,0xb8,0xdc,0xbe,0xff,0xdf,0xef,0xdf,0xff,0xe7,0xf7,0xe3,0xe3,0xc1,0xf3,0xff,0xff,0xff,0xff,0xff,0xff,0xff,0xff,0xff,
    0x00,0x00,0x00,0x00,0x00,0x00,0x00,0x00,0x00,0x00,0x00,0x00,0x00,0x00,0x00,0x00,0x00,0x00,0x00,0x01,0x06,0x0e,0x1e,0xbe,0xfa,0xfc,0xe4,0xf0,0x0a,0xe4,0x10,0xc8,
    0x20,0x12,0xc0,0x20,0x01,0xc0,0x00,0x02,0x06,0x06,0x06,0x0e,0x14,0x52,0xf4,0xf2,0xf4,0xe2,0xb6,0x40,0xb0,0x46,0x80,0x20,0x56,0x72,0xf0,0xd0,0xd4,0x98,0xca,0x3c,
    0xcc,0x1e,0x87,0x4a,0x06,0x92,0x40,0x0a,0x84,0x02,0x10,0x40,0x08,0x04,0x02,0x00,0x00,0x00,0x00,0x00,0x80,0x00,0x00,0x00,0x00,0x00,0x00,0x00,0x00,0x00,0x00,0x00,
    0x00,0x00,0x0e,0x31,0xc3,0x0b,0x27,0x8f,0x0f,0x1f,0x3f,0x7f,0x7f,0xff,0xff,0xff,0xff,0xff,0xdf,0xdf,0x8f,0x8f,0x07,0xdf,0xff,0xff,0xff,0xff,0xff,0xff,0xff,0xff,
    0x00,0x00,0x08,0x1c,0x08,0x00,0x00,0x00,0x00,0x00,0x00,0x00,0x00,0x30,0xd8,0x98,0x9c,0x88,0x98,0x02,0x19,0x81,0x08,0x18,0x00,0x00,0x98,0x10,0x00,0x00,0x00,0x00,
    0x08,0x00,0x00,0x00,0x00,0x00,0x00,0x80,0xc0,0xd0,0xf0,0xfc,0x3e,0xff,0x2e,0xda,0x26,0xd8,0x26,0x1c,0xf8,0x20,0x06,0xd8,0x20,0x00,0x10,0x20,0x07,0xdf,0x3d,0x2d,
    0x4c,0x4d,0x08,0x84,0x88,0x81,0x84,0x80,0x00,0x80,0x84,0x01,0x00,0x80,0x00,0x80,0x00,0x00,0x00,0x00,0x00,0x00,0x00,0x00,0x00,0x00,0x00,0x00,0x00,0x00,0x00,0x00,
    0x78,0x80,0x04,0x2a,0x81,0x00,0x02,0x80,0x40,0xa0,0x70,0xf8,0xbc,0xde,0xbf,0xff,0xdf,0xef,0xdf,0xf7,0xe7,0xe3,0xe3,0xc1,0xf7,0xfb,0xff,0xff,0xff,0xff,0xff,0xff,
    0x00,0x00,0x00,0x00,0x00,0x00,0x10,0x00,0x00,0x00,0x00,0x00,0x00,0x00,0x01,0x07,0x0d,0x11,0x11,0x10,0x31,0x30,0x60,0x71,0xe0,0xc0,0xa0,0xd0,0x80,0x40,0xb0,0x00,
    0x94,0xfc,0x2c,0x0e,0xce,0x4b,0xc6,0xca,0x84,0xca,0x80,0x26,0xf8,0x20,0x04,0xc2,0x04,0x08,0x42,0x00,0x00,0x80,0x02,0x00,0x00,0x00,0x00,0xe0,0xf0,0xf0,0xf8,0xb0,
    0x40,0xb4,0x04,0x57,0x86,0xb2,0x46,0x02,0x34,0x42,0x00,0x04,0x02,0x10,0x04,0x02,0x04,0x02,0x00,0x00,0x00,0x00,0x00,0x00,0x00,0x00,0x00,0x08,0x1c,0x08,0x00,0x00,
    0x00,0x00,0x01,0x80,0x42,0x24,0x99,0x03,0x23,0x0f,0x0f,0x1f,0x3f,0x3f,0x7f,0xff,0xff,0xff,0xff,0xff,0xdf,0xdf,0x8f,0x8f,0x07,0xdf,0xff,0xff,0xff,0xff,0xff,0xff
  },
  { // 29
    0x00,0x00,0x00,0x00,0x00,0x00,0x00,0x00,0x00,0x10,0x00,0x00,0x1c,0x1e,0x1e,0x3f,0x7b,0x67,0xf9,0xe6,0xd9,0xa0,0xd6,0x29,0xc0,0x36,0x09,0x80,0x66,0x09,0x84,0x50,
    0x40,0x40,0xb0,0x98,0x9c,0x9f,0x8f,0x1e,0x82,0x1e,0x80,0x1e,0x80,0x00,0x9e,0x1c,0x00,0x80,0x80,0x00,0x02,0x00,0x00,0x80,0x00,0x00,0x00,0x01,0x01,0x00,0x00,0x02,
    0x7e,0x4a,0x8a,0x8a,0x88,0x82,0x88,0x00,0x8a,0x00,0x00,0x02,0x08,0x80,0x02,0x00,0x00,0x00,0x00,0x00,0x00,0x00,0x00,0x00,0x00,0x00,0x00,0x00,0x00,0x00,0x00,0x00,
    0x03,0x04,0x08,0x92,0xe0,0x48,0xa0,0x60,0xf0,0xb8,0xdc,0xbe,0xff,0xdf,0xef,0xdf,0xff,0xe7,0xf7,0xe3,0xe3,0xc1,0xf3,0xff,0xff,0xff,0xff,0xff,0xff,0xff,0xff,0xff,
    0x00,0x00,0x00,0x00,0x00,0x00,0x00,0x00,0x00,0x00,0x00,0x00,0x00,0x00,0x00,0x00,0x00,0x00,0x00,0x03,0x06,0x0e,0x1e,0xbe,0xf8,0xfe,0xe4,0xf2,0x08,0xe4,0x10,0xc8,
    0x22,0x10,0xc0,0x20,0x01,0xc0,0x02,0x02,0x06,0x06,0x06,0x0c,0x16,0xd0,0xf6,0xf0,0xf6,0xe2,0x34,0xc0,0x32,0xc4,0x00,0x22,0xd6,0x60,0xf0,0xd0,0xd4,0x9a,0xd8,0x28,
    0xdc,0x0e,0x97,0x4e,0x02,0x86,0x50,0x0a,0x80,0x06,0x00,0x50,0x08,0x00,0x06,0x00,0x00,0x00,0x00,0x00,0x80,0x00,0x00,0x00,0x00,0x00,0x00,0x00,0x00,0x00,0x00,0x00,
    0x00,0x00,0x0e,0x31,0xc3,0x0b,0x27,0x8f,0x0f,0x1f,0x3f,0x7f,0x7f,0xff,0xff,0xff,0xff,0xff,0xdf,0xdf,0x8f,0x8f,0x07,0xdf,0xff,0xff,0xff,0xff,0xff,0xff,0xff,0xff,
    0x00,0x00,0x08,0x1c,0x08,0x00,0x00,0x00,0x00,0x00,0x00,0x00,0x00,0x30,0xd8,0x98,0x9c,0x88,0x98,0x02,0x98,0x81,0x09,0x18,0x80,0x00,0x98,0x00,0x00,0x00,0x00,0x00,
    0x18,0x00,0x00,0x00,0x00,0x00,0x00,0x80,0x80,0xc0,0xf0,0xf8,0x7e,0xbf,0x7e,0x8e,0x72,0x8c,0x72,0x0e,0xbc,0x70,0x02,0x8c,0x70,0x00,0x00,0x20,0x05,0x9f,0x7d,0x2d,
    0x4c,0x49,0x04,0x88,0x80,0x85,0x80,0x80,0x00,0x84,0x80,0x01,0x00,0x80,0x00,0x80,0x00,0x00,0x00,0x00,0x00,0x00,0x00,0x00,0x00,0x00,0x00,0x00,0x00,0x00,0x00,0x00,
    0x78,0x80,0x04,0x2a,0x81,0x00,0x02,0x80,0x40,0xa0,0x70,0xf8,0xbc,0xde,0xbf,0xff,0xdf,0xef,0xdf,0xf7,0xe7,0xe3,0xe3,0xc1,0xf7,0xfb,0xff,0xff,0xff,0xff,0xff,0xff,
    0x00,0x00,0x00,0x00,0x00,0x00,0x10,0x00,0x00,0x00,0x00,0x00,0x00,0x00,0x05,0x07,0x19,0x11,0x11,0x30,0x31,0x20,0x70,0x61,0xc0,0xe0,0x90,0xc0,0x80,0x70,0x80,0x00,
    0xb4,0xdc,0x2c,0x0e,0xce,0x4b,0xc6,0xca,0x84,0xca,0x80,0x26,0xf8,0x20,0x04,0xc2,0x04,0x08,0x42,0x00,0x00,0x80,0x02,0x00,0x00,0x00,0x00,0x60,0xf0,0xf0,0xf8,0xb0,
    0xc0,0x34,0x84,0x57,0x06,0xb2,0xc6,0x02,0x34,0x42,0x00,0x04,0x02,0x10,0x04,0x02,0x04,0x02,0x00,0x00,0x00,0x00,0x00,0x00,0x00,0x00,0x00,0x08,0x1c,0x08,0x00,0x00,
    0x00,0x00,0x01,0x80,0x42,0x24,0x99,0x03,0x23,0x0f,0x0f,0x1f,0x3f,0x3f,0x7f,0xff,0xff,0xff,0xff,0xff,0xdf,0xdf,0x8f,0x8f,0x07,0xdf,0xff,0xff,0xff,0xff,0xff,0xff
  },
  { // 30
    0x00,0x00,0x00,0x00,0x00,0x00,0x00,0x00,0x00,0x10,0x00,0x00,0x1c,0x1e,0x1e,0x7f,0x7b,0xe7,0xf9,0xe6,0x99,0xe0,0x16,0xe9,0x00,0x34,0x89,0x40,0x26,0x89,0x44,0x50,
    0x00,0xe0,0xb0,0x98,0x98,0x9c,0x8f,0x1f,0x86,0x1a,0x86,0x18,0x86,0x00,0x98,0x1e,0x04,0x80,0x80,0x00,0x00,0x02,0x00,0x80,0x00,0x00,0x00,0x01,0x01,0x00,0x02,0x02,
    0x7e,0x4a,0x8a,0x88,0x8a,0x80,0x88,0x02,0x88,0x00,0x02,0x00,0x08,0x82,0x00,0x00,0x00,0x00,0x00,0x00,0x00,0x00,0x00,0x00,0x00,0x00,0x00,0x00,0x00,0x00,0x00,0x00,
    0x03,0x04,0x08,0x92,0xe0,0x48,0xa0,0x60,0xf0,0xb8,0xdc,0xbe,0xff,0xdf,0xef,0xdf,0xff,0xe7,0xf7,0xe3,0xe3,0xc1,0xf3,0xff,0xff,0xff,0xff,0xff,0xff,0xff,0xff,0xff,
    0x00,0x00,0x00,0x00,0x00,0x00,0x00,0x00,0x00,0x00,0x00,0x00,0x00,0x00,0x00,0x00,0x00,0x00,0x01,0x06,0x06,0x0e,0x1e,0x9a,0xfc,0xfe,0xe0,0xf2,0x2c,0xc0,0x30,0xc8,
    0x02,0x30,0xc0,0x00,0x21,0xc0,0x02,0x02,0x06,0x06,0x06,0x1c,0x56,0xf0,0xf6,0xf0,0xe6,0xb2,0x44,0xb0,0x42,0x84,0x20,0x52,0x86,0x60,0x50,0xd0,0xd4,0xda,0xb8,0xc8,
    0x1c,0xcc,0x17,0x8e,0x42,0x06,0x92,0x48,0x00,0x84,0x02,0x10,0x48,0x00,0x04,0x02,0x00,0x00,0x00,0x00,0x80,0x00,0x00,0x00,0x00,0x00,0x00,0x00,0x00,0x00,0x00,0x00,
    0x00,0x00,0x0e,0x31,0xc3,0x0b,0x27,0x8f,0x0f,0x1f,0x3f,0x7f,0x7f,0xff,0xff,0xff,0xff,0xff,0xdf,0xdf,0x8f,0x8f,0x07,0xdf,0xff,0xff,0xff,0xff,0xff,0xff,0xff,0xff,
    0x00,0x00,0x08,0x1c,0x08,0x00,0x00,0x00,0x00,0x00,0x00,0x00,0x00,0x00,0xf0,0x98,0x98,0x9c,0x88,0x1a,0x80,0x99,0x01,0x08,0x98,0x00,0x80,0x18,0x00,0x00,0x00,0x00,
    0x00,0x18,0x00,0x00,0x00,0x00,0x00,0x80,0x80,0xc0,0xd0,0xf0,0x7e,0xbf,0x7e,0xae,0x5a,0xa4,0x5a,0x26,0x9c,0x78,0x22,0x84,0x58,0x20,0x00,0x00,0x27,0x9d,0x5d,0x2d,
    0x4c,0x49,0x04,0x88,0x80,0x85,0x80,0x80,0x00,0x04,0x80,0x01,0x00,0x00,0x00,0x80,0x00,0x00,0x00,0x00,0x00,0x00,0x00,0x00,0x00,0x00,0x00,0x00,0x00,0x00,0x00,0x00,
    0x78,0x80,0x04,0x2a,0x81,0x00,0x02,0x80,0x40,0xa0,0x70,0xf8,0xbc,0xde,0xbf,0xff,0xdf,0xef,0xdf,0xf7,0xe7,0xe3,0xe3,0xc1,0xf7,0xfb,0xff,0xff,0xff,0xff,0xff,0xff,
    0x00,0x00,0x00,0x00,0x00,0x00,0x10,0x00,0x00,0x00,0x00,0x00,0x00,0x00,0x05,0x0f,0x11,0x11,0x11,0x30,0x31,0x20,0x70,0x61,0xc0,0xe0,0x90,0xc0,0x81,0x70,0x80,0x00,
    0xb4,0xdc,0x2c,0x0e,0xce,0x4b,0xc6,0xca,0x84,0xca,0x80,0x26,0xf8,0x20,0x04,0x82,0x04,0x08,0x42,0x00,0x00,0x80,0x02,0x00,0x00,0x00,0x00,0x00,0xf0,0xf0,0xf8,0xf0,
    0xa0,0x54,0xa4,0x17,0x46,0x92,0x26,0x42,0x14,0x22,0x40,0x04,0x02,0x10,0x04,0x02,0x04,0x02,0x00,0x00,0x00,0x00,0x00,0x00,0x00,0x00,0x00,0x08,0x1c,0x08,0x00,0x00,
    0x00,0x00,0x01,0x80,0x42,0x24,0x99,0x03,0x23,0x0f,0x0f,0x1f,0x3f,0x3f,0x7f,0xff,0xff,0xff,0xff,0xff,0xdf,0xdf,0x8f,0x8f,0x07,0xdf,0xff,0xff,0xff,0xff,0xff,0xff
  },
  { // 31
    0x00,0x00,0x00,0x00,0x00,0x00,0x00,0x00,0x00,0x10,0x00,0x00,0x1c,0x1e,0x1e,0x7f,0x7b,0xe7,0xf9,0xe6,0x99,0xe0,0x16,0xe9,0x00,0xb4,0x88,0x40,0x26,0x89,0x44,0x50,
    0x00,0xe0,0xb0,0x98,0x98,0x9c,0x8f,0x1f,0x86,0x1a,0x86,0x18,0x06,0x00,0x88,0x1e,0x04,0x80,0x80,0x00,0x00,0x02,0x00,0x80,0x00,0x00,0x00,0x01,0x01,0x00,0x02,0x0e,
    0x7a,0x4a,0x8a,0x88,0x82,0x88,0x80,0x0a,0x80,0x00,0x02,0x08,0x00,0x82,0x00,0x00,0x00,0x00,0x00,0x00,0x00,0x00,0x00,0x00,0x00,0x00,0x00,0x00,0x00,0x00,0x00,0x00,
    0x03,0x04,0x08,0x92,0xe0,0x48,0xa0,0x60,0xf0,0xb8,0xdc,0xbe,0xff,0xdf,0xef,0xdf,0xff,0xe7,0xf7,0xe3,0xe3,0xc1,0xf3,0xff,0xff,0xff,0xff,0xff,0xff,0xff,0xff,0xff,
    0x00,0x00,0x00,0x00,0x00,0x00,0x00,0x00,0x00,0x00,0x00,0x00,0x00,0x00,0x00,0x00,0x00,0x00,0x03,0x06,0x06,0x0e,0x1e,0x18,0xfe,0xfc,0xe2,0xf0,0xac,0x40,0xb0,0x4a,
    0x80,0x30,0x40,0x80,0x21,0x40,0x82,0x06,0x06,0x06,0x0e,0x14,0x52,0xf4,0xf2,0xf4,0xe2,0xb6,0x40,0xb0,0x46,0xa0,0x20,0x56,0x82,0x60,0x70,0xd4,0xd0,0xda,0xb8,0xc8,
    0x1c,0xcc,0x16,0x9f,0x42,0x06,0x92,0x48,0x00,0x84,0x02,0x10,0x48,0x00,0x04,0x02,0x00,0x00,0x00,0x00,0x80,0x00,0x00,0x00,0x00,0x00,0x00,0x00,0x00,0x00,0x00,0x00,
    0x00,0x00,0x0e,0x31,0xc3,0x0b,0x27,0x8f,0x0f,0x1f,0x3f,0x7f,0x7f,0xff,0xff,0xff,0xff,0xff,0xdf,0xdf,0x8f,0x8f,0x07,0xdf,0xff,0xff,0xff,0xff,0xff,0xff,0xff,0xff,
    0x00,0x00,0x08,0x1c,0x08,0x00,0x00,0x00,0x00,0x00,0x00,0x00,0x00,0x00,0x70,0x98,0x98,0x9c,0x88,0x9a,0x00,0x99,0x81,0x08,0x18,0x80,0x00,0x98,0x00,0x00,0x00,0x00,
    0x00,0x18,0x00,0x00,0x00,0x00,0x00,0x80,0x80,0xc0,0xc0,0xf0,0x7e,0xbf,0x7e,0xbe,0x4a,0xb4,0x4a,0x36,0x8c,0x78,0x32,0x84,0x48,0x30,0x00,0x04,0x3f,0x9d,0x4d,0x3d,
    0x48,0x45,0x08,0x81,0x84,0x81,0x80,0x80,0x04,0x00,0x80,0x01,0x00,0x00,0x00,0x80,0x00,0x00,0x00,0x00,0x00,0x00,0x00,0x00,0x00,0x00,0x00,0x00,0x00,0x00,0x00,0x00,
    0x78,0x80,0x04,0x2a,0x81,0x00,0x02,0x80,0x40,0xa0,0x70,0xf8,0xbc,0xde,0xbf,0xff,0xdf,0xef,0xdf,0xf7,0xe7,0xe3,0xe3,0xc1,0xf7,0xfb,0xff,0xff,0xff,0xff,0xff,0xff,
    0x00,0x00,0x00,0x00,0x00,0x00,0x10,0x00,0x00,0x00,0x00,0x00,0x00,0x05,0x07,0x09,0x11,0x11,0x10,0x31,0x30,0x20,0x71,0x60,0xc0,0xe0,0x90,0xc1,0x80,0x70,0x80,0x00,
    0xb4,0xdc,0x2c,0x0e,0xce,0xcb,0xc6,0xca,0x84,0xca,0x00,0xa6,0x78,0x20,0x84,0x02,0x04,0x08,0x42,0x00,0x80,0x04,0x02,0x00,0x00,0x00,0x00,0x00,0xe0,0xf0,0xf8,0xf0,
    0xb0,0x44,0xb4,0x47,0x56,0x82,0x36,0x42,0x04,0x32,0x40,0x04,0x02,0x00,0x10,0x00,0x04,0x02,0x00,0x00,0x00,0x00,0x00,0x00,0x00,0x00,0x00,0x08,0x1c,0x08,0x00,0x00,
    0x00,0x00,0x01,0x80,0x42,0x24,0x99,0x03,0x23,0x0f,0x0f,0x1f,0x3f,0x3f,0x7f,0xff,0xff,0xff,0xff,0xff,0xdf,0xdf,0x8f,0x8f,0x07,0xdf,0xff,0xff,0xff,0xff,0xff,0xff
  },
  { // 32
    0x00,0x00,0x00,0x00,0x00,0x00,0x00,0x00,0x00,0x10,0x00,0x00,0x1c,0x1e,0x1e,0x7f,0x7b,0xe7,0xf9,0xe6,0x99,0xe0,0x16,0xe9,0x00,0xb4,0x88,0x40,0x26,0x89,0x44,0x50,
    0x00,0xe0,0xb0,0x98,0x98,0x9c,0x8e,0x1f,0x87,0x1a,0x86,0x18,0x06,0x00,0x88,0x1e,0x04,0x80,0x80,0x00,0x00,0x02,0x00,0x80,0x00,0x00,0x00,0x01,0x01,0x00,0x02,0x1e,
    0x6a,0x4a,0x8a,0x88,0x82,0x88,0x80,0x0a,0x80,0x00,0x02,0x08,0x00,0x82,0x00,0x00,0x00,0x00,0x00,0x00,0x00,0x00,0x00,0x00,0x00,0x00,0x00,0x00,0x00,0x00,0x00,0x00,
    0x03,0x04,0x08,0x92,0xe0,0x48,0xa0,0x60,0xf0,0xb8,0xdc,0xbe,0xff,0xdf,0xef,0xdf,0xff,0xe7,0xf7,0xe3,0xe3,0xc1,0xf3,0xff,0xff,0xff,0xff,0xff,0xff,0xff,0xff,0xff,
    0x00,0x00,0x00,0x00,0x00,0x00,0x00,0x00,0x00,0x00,0x00,0x00,0x00,0x00,0x00,0x00,0x00,0x01,0x02,0x06,0x0e,0x0e,0x1e,0x18,0xfe,0xf4,0xe2,0xf8,0xa4,0x40,0xb8,0x42,
    0x80,0x30,0x40,0x81,0x20,0x40,0x82,0x06,0x06,0x06,0x1e,0x54,0xf2,0xf4,0xf2,0xe4,0xb2,0x46,0xb0,0x40,0xa6,0x20,0x50,0x86,0x22,0x50,0xf0,0xd4,0xd0,0xfa,0x98,0xc8,
    0x1c,0xcc,0x16,0x9f,0x42,0x06,0x92,0x48,0x00,0x84,0x02,0x10,0x48,0x00,0x04,0x02,0x00,0x00,0x00,0x00,0x80,0x00,0x00,0x00,0x00,0x00,0x00,0x00,0x00,0x00,0x00,0x00,
    0x00,0x00,0x0e,0x31,0xc3,0x0b,0x27,0x8f,0x0f,0x1f,0x3f,0x7f,0x7f,0xff,0xff,0xff,0xff,0xff,0xdf,0xdf,0x8f,0x8f,0x07,0xdf,0xff,0xff,0xff,0xff,0xff,0xff,0xff,0xff,
    0x00,0x00,0x08,0x1c,0x08,0x00,0x00,0x00,0x00,0x00,0x00,0x00,0x00,0x00,0x80,0xf0,0x98,0x9c,0x98,0x0a,0x98,0x81,0x19,0x00,0x88,0x18,0x80,0x00,0x18,0x00,0x00,0x00,
    0x00,0x00,0x18,0x00,0x00,0x00,0x00,0x00,0x80,0x80,0xc0,0xc0,0xf1,0x7e,0xbe,0x7e,0xbe,0x4a,0xb4,0x4a,0x36,0x8c,0x48,0x32,0x84,0x4c,0x30,0x04,0x1f,0x1d,0x8d,0x6d,
    0x78,0x45,0x08,0x81,0x84,0x81,0x80,0x80,0x04,0x00,0x80,0x01,0x00,0x00,0x00,0x80,0x00,0x00,0x00,0x00,0x00,0x00,0x00,0x00,0x00,0x00,0x00,0x00,0x00,0x00,0x00,0x00,
    0x78,0x80,0x04,0x2a,0x81,0x00,0x02,0x80,0x40,0xa0,0x70,0xf8,0xbc,0xde,0xbf,0xff,0xdf,0xef,0xdf,0xf7,0xe7,0xe3,0xe3,0xc1,0xf7,0xfb,0xff,0xff,0xff,0xff,0xff,0xff,
    0x00,0x00,0x00,0x00,0x00,0x00,0x10,0x00,0x00,0x00,0x00,0x00,0x00,0x05,0x07,0x09,0x11,0x11,0x10,0x31,0x30,0x20,0x71,0xe0,0xc0,0xe0,0x90,0xc1,0x00,0xf0,0x00,0x80,
    0xb4,0x5c,0x2c,0x8e,0x4e,0xcb,0xc6,0xca,0x84,0xca,0x00,0xa6,0x78,0x20,0x84,0x02,0x04,0x08,0x42,0x00,0x80,0x04,0x02,0x00,0x00,0x00,0x00,0x00,0xc0,0xf0,0xf0,0xf8,
    0xb0,0x64,0x96,0x67,0x56,0x82,0x16,0x60,0x06,0x10,0x60,0x06,0x00,0x00,0x10,0x00,0x06,0x00,0x00,0x00,0x00,0x00,0x00,0x00,0x00,0x00,0x00,0x08,0x1c,0x08,0x00,0x00,
    0x00,0x00,0x01,0x80,0x42,0x24,0x99,0x03,0x23,0x0f,0x0f,0x1f,0x3f,0x3f,0x7f,0xff,0xff,0xff,0xff,0xff,0xdf,0xdf,0x8f,0x8f,0x07,0xdf,0xff,0xff,0xff,0xff,0xff,0xff
  },
  { // 33
    0x00,0x00,0x00,0x00,0x00,0x00,0x00,0x00,0x00,0x10,0x00,0x00,0x00,0x1e,0x1e,0x7f,0xff,0xfb,0xe5,0xfa,0x85,0x78,0x82,0x75,0x88,0xa0,0x10,0x48,0xa2,0x05,0x4c,0x40,
    0x90,0x60,0xb0,0x98,0x98,0x9c,0x8c,0x1f,0x87,0x1a,0x86,0x1a,0x04,0x02,0x88,0x1c,0x06,0x80,0x80,0x00,0x00,0x00,0x02,0x80,0x00,0x00,0x00,0x01,0x01,0x00,0x0e,0x1a,
    0x6a,0x4a,0x0a,0x80,0x8a,0x80,0x88,0x82,0x00,0x88,0x0a,0x00,0x00,0x02,0x80,0x00,0x00,0x00,0x00,0x00,0x00,0x00,0x00,0x00,0x00,0x00,0x00,0x00,0x00,0x00,0x00,0x00,
    0x03,0x04,0x08,0x92,0xe0,0x48,0xa0,0x60,0xf0,0xb8,0xdc,0xbe,0xff,0xdf,0xef,0xdf,0xff,0xe7,0xf7,0xe3,0xe3,0xc1,0xf3,0xff,0xff,0xff,0xff,0xff,0xff,0xff,0xff,0xff,
    0x00,0x00,0x00,0x00,0x00,0x00,0x00,0x00,0x00,0x00,0x00,0x00,0x00,0x00,0x00,0x00,0x01,0x02,0x06,0x06,0x0e,0x0e,0x18,0x1e,0xfc,0xf2,0xe0,0xfc,0xa2,0x40,0xba,0x40,
    0x80,0x30,0x40,0x81,0x20,0x40,0x82,0x06,0x06,0x06,0x1e,0x54,0xf2,0xf4,0xf2,0xe4,0xb2,0x46,0xb0,0x40,0xb6,0x20,0x50,0x86,0x22,0x50,0xf0,0xd4,0xd0,0xfa,0x98,0xc8,
    0x1c,0xcc,0x16,0x9f,0x42,0x06,0x92,0x48,0x00,0x84,0x02,0x10,0x48,0x00,0x04,0x02,0x00,0x00,0x00,0x00,0x80,0x00,0x00,0x00,0x00,0x00,0x00,0x00,0x00,0x00,0x00,0x00,
    0x00,0x00,0x0e,0x31,0xc3,0x0b,0x27,0x8f,0x0f,0x1f,0x3f,0x7f,0x7f,0xff,0xff,0xff,0xff,0xff,0xdf,0xdf,0x8f,0x8f,0x07,0xdf,0xff,0xff,0xff,0xff,0xff,0xff,0xff,0xff,
    0x00,0x00,0x08,0x1c,0x08,0x00,0x00,0x00,0x00,0x00,0x00,0x00,0x00,0x00,0x80,0xf0,0x98,0x9c,0x98,0x08,0x9a,0x81,0x19,0x00,0x88,0x18,0x80,0x00,0x18,0x00,0x00,0x00,
    0x00,0x00,0x18,0x00,0x00,0x00,0x00,0x00,0x80,0x80,0xc0,0xc0,0xf1,0x7e,0xbe,0x7e,0xbe,0x4a,0xb4,0x4a,0x36,0x8c,0x48,0x32,0x84,0x4c,0x34,0x04,0x1f,0x1d,0x8d,0x69,
    0x7c,0x41,0x08,0x85,0x80,0x81,0x80,0x84,0x00,0x00,0x80,0x01,0x00,0x00,0x00,0x80,0x00,0x00,0x00,0x00,0x00,0x00,0x00,0x00,0x00,0x00,0x00,0x00,0x00,0x00,0x00,0x00,
    0x78,0x80,0x04,0x2a,0x81,0x00,0x02,0x80,0x40,0xa0,0x70,0xf8,0xbc,0xde,0xbf,0xff,0xdf,0xef,0xdf,0xf7,0xe7,0xe3,0xe3,0xc1,0xf7,0xfb,0xff,0xff,0xff,0xff,0xff,0xff,
    0x00,0x00,0x00,0x00,0x00,0x00,0x10,0x00,0x00,0x00,0x00,0x00,0x04,0x07,0x09,0x11,0x11,0x11,0x10,0x31,0x20,0x70,0x61,0xe0,0xc0,0xb0,0xc0,0x81,0x50,0xa0,0x00,0x80,
    0xf0,0x1c,0x2c,0xce,0x4e,0xcf,0xc2,0xce,0x80,0xce,0x00,0xa2,0x7c,0x20,0x80,0x06,0x00,0x0c,0x42,0x00,0x80,0x00,0x06,0x00,0x00,0x00,0x00,0x00,0x80,0xe0,0xf0,0xf8,
    0xf0,0x34,0xc6,0x37,0x46,0xd2,0x06,0x30,0x46,0x00,0x30,0x46,0x00,0x00,0x00,0x10,0x06,0x00,0x00,0x00,0x00,0x00,0x00,0x00,0x00,0x00,0x00,0x08,0x1c,0x08,0x00,0x00,
    0x00,0x00,0x01,0x80,0x42,0x24,0x99,0x03,0x23,0x0f,0x0f,0x1f,0x3f,0x3f,0x7f,0xff,0xff,0xff,0xff,0xff,0xdf,0xdf,0x8f,0x8f,0x07,0xdf,0xff,0xff,0xff,0xff,0xff,0xff
  },
  { // 34
    0x00,0x00,0x00,0x00,0x00,0x00,0x00,0x00,0x00,0x10,0x00,0x00,0x00,0x1c,0x5e,0x7e,0xff,0xfb,0xe7,0xb9,0xc6,0x39,0xc0,0x36,0x89,0xa0,0x50,0x08,0xa0,0x46,0x4d,0x00,
    0x90,0x60,0xb0,0x98,0x98,0x9c,0x8c,0x1e,0x87,0x1b,0x86,0x1a,0x04,0x02,0x88,0x1c,0x06,0x80,0x80,0x00,0x00,0x00,0x02,0x80,0x00,0x00,0x00,0x01,0x01,0x02,0x0e,0x1a,
    0x6a,0x4a,0x08,0x82,0x88,0x80,0x8a,0x80,0x00,0x8a,0x08,0x00,0x02,0x00,0x80,0x00,0x00,0x00,0x00,0x00,0x00,0x00,0x00,0x00,0x00,0x00,0x00,0x00,0x00,0x00,0x00,0x00,
    0x03,0x04,0x08,0x92,0xe0,0x48,0xa0,0x60,0xf0,0xb8,0xdc,0xbe,0xff,0xdf,0xef,0xdf,0xff,0xe7,0xf7,0xe3,0xe3,0xc1,0xf3,0xff,0xff,0xff,0xff,0xff,0xff,0xff,0xff,0xff,
    0x00,0x00,0x00,0x00,0x00,0x00,0x00,0x00,0x00,0x00,0x00,0x00,0x00,0x00,0x00,0x00,0x01,0x02,0x06,0x06,0x0e,0x0e,0x18,0x1e,0xfc,0xf2,0xe0,0xfc,0xa2,0x40,0xba,0x40,
    0x80,0x30,0x40,0x81,0x20,0x42,0x86,0x06,0x06,0x1e,0x54,0x72,0xf4,0xf2,0xe4,0xb2,0xc6,0x30,0xc0,0x36,0xa0,0x50,0x06,0xa2,0x50,0x00,0xd4,0xf0,0xf2,0xd8,0xd8,0x9c,
    0x5c,0x8c,0x56,0x9f,0x02,0x46,0x92,0x08,0x40,0x84,0x02,0x10,0x08,0x40,0x04,0x00,0x00,0x00,0x00,0x00,0x80,0x00,0x00,0x00,0x00,0x00,0x00,0x00,0x00,0x00,0x00,0x00,
    0x00,0x00,0x0e,0x31,0xc3,0x0b,0x27,0x8f,0x0f,0x1f,0x3f,0x7f,0x7f,0xff,0xff,0xff,0xff,0xff,0xdf,0xdf,0x8f,0x8f,0x07,0xdf,0xff,0xff,0xff,0xff,0xff,0xff,0xff,0xff,
    0x00,0x00,0x08,0x1c,0x08,0x00,0x00,0x00,0x00,0x00,0x00,0x00,0x00,0x00,0x80,0xe0,0x98,0x98,0x9c,0x18,0x8a,0x91,0x09,0x10,0x88,0x08,0x90,0x00,0x08,0x10,0x00,0x00,
    0x00,0x00,0x08,0x10,0x00,0x00,0x00,0x00,0x80,0x80,0xc0,0xc0,0xf1,0x72,0xbe,0x7e,0xbe,0x4e,0xb8,0x46,0x3a,0x84,0x4c,0x3a,0x80,0x44,0x3c,0x0e,0x1d,0x1d,0x8d,0x69,
    0x7c,0x49,0x00,0x85,0x80,0x81,0x80,0x84,0x00,0x00,0x80,0x01,0x00,0x00,0x00,0x80,0x00,0x00,0x00,0x00,0x00,0x00,0x00,0x00,0x00,0x00,0x00,0x00,0x00,0x00,0x00,0x00,
    0x78,0x80,0x04,0x2a,0x81,0x00,0x02,0x80,0x40,0xa0,0x70,0xf8,0xbc,0xde,0xbf,0xff,0xdf,0xef,0xdf,0xf7,0xe7,0xe3,0xe3,0xc1,0xf7,0xfb,0xff,0xff,0xff,0xff,0xff,0xff,
    0x00,0x00,0x00,0x00,0x00,0x10,0x38,0x10,0x00,0x00,0x00,0x00,0x04,0x07,0x09,0x11,0x11,0x11,0x10,0x31,0x20,0x70,0x61,0xe0,0xc0,0xb0,0xe0,0x81,0x50,0xe0,0x00,0x80,
    0xe0,0x1c,0x1c,0xee,0x4e,0xce,0xc3,0xce,0x80,0xce,0x00,0xa6,0x7c,0x22,0x80,0x0e,0x00,0x08,0x42,0x00,0x80,0x00,0x06,0x00,0x00,0x00,0x00,0x00,0x00,0xc0,0xf0,0xf8,
    0xf4,0xb4,0x66,0x97,0x62,0x56,0x82,0x14,0x62,0x00,0x14,0x62,0x80,0x00,0x00,0x14,0x02,0x00,0x00,0x00,0x00,0x00,0x00,0x00,0x00,0x00,0x00,0x08,0x1c,0x08,0x00,0x00,
    0x00,0x00,0x01,0x80,0x42,0x24,0x99,0x03,0x23,0x0f,0x0f,0x1f,0x3f,0x3f,0x7f,0xff,0xff,0xff,0xff,0xff,0xdf,0xdf,0x8f,0x8f,0x07,0xdf,0xff,0xff,0xff,0xff,0xff,0xff
  },
  { // 35
    0x00,0x00,0x00,0x00,0x00,0x00,0x00,0x00,0x00,0x10,0x00,0x00,0x00,0x1c,0x5e,0xfe,0xff,0xfb,0xe7,0xb9,0x46,0xb9,0x40,0xb6,0x89,0x20,0x50,0x80,0x20,0x46,0x4c,0x80,
    0x10,0x60,0xb0,0xd8,0x98,0x9c,0x8c,0x1e,0x87,0x0b,0x86,0x1a,0x04,0x02,0x88,0x1c,0x02,0x80,0x80,0x00,0x00,0x00,0x02,0x80,0x00,0x00,0x00,0x01,0x01,0x06,0x1a,0x0a,
    0x2a,0x4a,0x48,0x82,0x88,0x82,0x8a,0x80,0x00,0x8a,0x08,0x00,0x02,0x00,0x80,0x00,0x00,0x00,0x00,0x00,0x00,0x00,0x00,0x00,0x00,0x00,0x00,0x00,0x00,0x00,0x00,0x00,
    0x03,0x04,0x08,0x92,0xe0,0x48,0xa0,0x60,0xf0,0xb8,0xdc,0xbe,0xff,0xdf,0xef,0xdf,0xff,0xe7,0xf7,0xe3,0xe3,0xc1,0xf3,0xff,0xff,0xff,0xff,0xff,0xff,0xff,0xff,0xff,
    0x00,0x00,0x00,0x00,0x00,0x00,0x00,0x00,0x00,0x00,0x00,0x00,0x00,0x00,0x00,0x01,0x02,0x02,0x06,0x06,0x0e,0x0c,0x1a,0x1c,0xfa,0xf0,0xe0,0xfe,0xa0,0x42,0xb8,0x40,
    0x84,0x10,0x40,0x81,0x20,0x42,0x86,0x06,0x06,0x1e,0x74,0x72,0xf4,0xf2,0xe4,0x92,0xe6,0x10,0xe0,0x36,0x80,0x50,0x26,0x82,0x50,0x00,0xd4,0xf0,0xd2,0xd0,0xd8,0x9c,
    0x4c,0x9c,0x4e,0x97,0x1a,0x4e,0x82,0x10,0x48,0x84,0x02,0x00,0x10,0x48,0x04,0x00,0x00,0x00,0x00,0x00,0x80,0x00,0x00,0x00,0x00,0x00,0x00,0x00,0x00,0x00,0x00,0x00,
    0x00,0x00,0x0e,0x31,0xc3,0x0b,0x27,0x8f,0x0f,0x1f,0x3f,0x7f,0x7f,0xff,0xff,0xff,0xff,0xff,0xdf,0xdf,0x8f,0x8f,0x07,0xdf,0xff,0xff,0xff,0xff,0xff,0xff,0xff,0xff,
    0x00,0x00,0x08,0x1c,0x08,0x00,0x00,0x00,0x00,0x00,0x00,0x00,0x00,0x00,0x80,0xc0,0xb0,0x98,0x9c,0x18,0x8a,0x99,0x01,0x18,0x80,0x08,0x98,0x00,0x00,0x18,0x00,0x00,
    0x00,0x00,0x00,0x18,0x00,0x00,0x00,0x00,0x80,0x80,0x80,0xc0,0xc1,0x72,0xfe,0x3e,0xfe,0x3e,0xc8,0x36,0x4a,0xb4,0x04,0x4a,0xb0,0x04,0x4c,0x3f,0x1d,0x0d,0x8d,0x28,
    0x45,0x78,0x01,0x84,0x81,0x80,0x80,0x85,0x00,0x00,0x81,0x00,0x00,0x00,0x00,0x80,0x00,0x00,0x00,0x00,0x00,0x00,0x00,0x00,0x00,0x00,0x00,0x00,0x00,0x00,0x00,0x00,
    0x78,0x80,0x04,0x2a,0x81,0x00,0x02,0x80,0x40,0xa0,0x70,0xf8,0xbc,0xde,0xbf,0xff,0xdf,0xef,0xdf,0xf7,0xe7,0xe3,0xe3,0xc1,0xf7,0xfb,0xff,0xff,0xff,0xff,0xff,0xff,
    0x00,0x00,0x00,0x00,0x00,0x10,0x38,0x10,0x00,0x00,0x00,0x00,0x05,0x07,0x09,0x11,0x11,0x10,0x11,0x30,0x20,0x71,0x60,0xe0,0xc0,0xb0,0xe1,0x80,0x50,0xe0,0x00,0x80,
    0xe0,0x14,0x1c,0xec,0xce,0xce,0xcb,0xc6,0x8a,0x44,0x8a,0x24,0x76,0xa8,0x02,0x04,0x0a,0x00,0x48,0x82,0x00,0x00,0x04,0x02,0x00,0x00,0x00,0x00,0x00,0x80,0xf0,0xf8,
    0xf4,0xf4,0x26,0xd7,0x22,0x56,0xe2,0x14,0x22,0x40,0x14,0x22,0xc0,0x00,0x00,0x14,0x22,0x00,0x00,0x00,0x00,0x00,0x00,0x00,0x00,0x00,0x00,0x08,0x1c,0x08,0x00,0x00,
    0x00,0x00,0x01,0x80,0x42,0x24,0x99,0x03,0x23,0x0f,0x0f,0x1f,0x3f,0x3f,0x7f,0xff,0xff,0xff,0xff,0xff,0xdf,0xdf,0x8f,0x8f,0x07,0xdf,0xff,0xff,0xff,0xff,0xff,0xff
  },
  { // 36
    0x00,0x00,0x00,0x00,0x00,0x00,0x00,0x00,0x00,0x10,0x00,0x00,0x00,0x10,0x5e,0xfe,0xff,0xff,0xeb,0xb5,0x4a,0xb5,0x48,0xb2,0x85,0x28,0x50,0x80,0x20,0x42,0x44,0x88,
    0x10,0x60,0xb0,0xd8,0x98,0x98,0x8c,0x1c,0x86,0x0f,0x83,0x1e,0x02,0x04,0x82,0x18,0x04,0x82,0x80,0x00,0x00,0x00,0x00,0x82,0x00,0x00,0x00,0x01,0x01,0x0e,0x1a,0x0a,
    0x2a,0x4a,0x40,0x8a,0x80,0x8a,0x82,0x80,0x08,0x8a,0x00,0x00,0x02,0x00,0x80,0x00,0x00,0x00,0x00,0x00,0x00,0x00,0x00,0x00,0x00,0x00,0x00,0x00,0x00,0x00,0x00,0x00,
    0x03,0x04,0x08,0x92,0xe0,0x48,0xa0,0x60,0xf0,0xb8,0xdc,0xbe,0xff,0xdf,0xef,0xdf,0xff,0xe7,0xf7,0xe3,0xe3,0xc1,0xf3,0xff,0xff,0xff,0xff,0xff,0xff,0xff,0xff,0xff,
    0x00,0x00,0x00,0x00,0x00,0x00,0x00,0x00,0x00,0x00,0x00,0x00,0x00,0x00,0x00,0x01,0x02,0x02,0x06,0x06,0x0e,0x0c,0x1a,0x1c,0xfa,0xf0,0xe0,0xfe,0xa0,0x42,0xb8,0x40,
    0x84,0x10,0x00,0x81,0x20,0x42,0x86,0x06,0x1e,0x56,0x74,0xf2,0xf4,0xe2,0xb4,0xc2,0x36,0xc0,0x30,0xa6,0x50,0x00,0xa6,0x52,0x00,0x90,0x04,0x70,0xf2,0xd0,0xd8,0xdc,
    0x8c,0x5c,0x8e,0x57,0x9a,0x0e,0x46,0x90,0x08,0x44,0x82,0x00,0x10,0x08,0x40,0x00,0x00,0x00,0x00,0x00,0x80,0x00,0x00,0x00,0x00,0x00,0x00,0x00,0x00,0x00,0x00,0x00,
    0x00,0x00,0x0e,0x31,0xc3,0x0b,0x27,0x8f,0x0f,0x1f,0x3f,0x7f,0x7f,0xff,0xff,0xff,0xff,0xff,0xdf,0xdf,0x8f,0x8f,0x07,0xdf,0xff,0xff,0xff,0xff,0xff,0xff,0xff,0xff,
    0x00,0x00,0x08,0x1c,0x08,0x00,0x00,0x00,0x00,0x00,0x00,0x00,0x00,0x00,0x80,0x80,0xe0,0x98,0x9c,0x18,0x9a,0x89,0x11,0x08,0x90,0x08,0x88,0x10,0x00,0x08,0x10,0x00,
    0x00,0x00,0x00,0x08,0x10,0x00,0x00,0x00,0x80,0x80,0x80,0xc0,0xc1,0x72,0xf6,0x3e,0xfe,0x3e,0xc8,0x3e,0x42,0xb8,0x04,0x42,0xba,0x04,0x44,0x3f,0x1d,0x0d,0x89,0x2c,
    0x41,0x78,0x05,0x80,0x81,0x80,0x84,0x81,0x00,0x00,0x81,0x00,0x00,0x00,0x00,0x80,0x00,0x00,0x00,0x00,0x00,0x00,0x00,0x00,0x00,0x00,0x00,0x00,0x00,0x00,0x00,0x00,
    0x78,0x80,0x04,0x2a,0x81,0x00,0x02,0x80,0x40,0xa0,0x70,0xf8,0xbc,0xde,0xbf,0xff,0xdf,0xef,0xdf,0xf7,0xe7,0xe3,0xe3,0xc1,0xf7,0xfb,0xff,0xff,0xff,0xff,0xff,0xff,
    0x00,0x00,0x00,0x00,0x00,0x10,0x38,0x10,0x00,0x00,0x00,0x04,0x07,0x01,0x09,0x11,0x11,0x10,0x11,0x30,0x20,0x71,0xf0,0xe0,0xc0,0xb0,0xe1,0x00,0xd0,0x60,0x80,0x80,
    0x60,0x10,0x9c,0x6c,0xce,0xce,0xcf,0xc2,0x8e,0x40,0x8e,0x20,0x76,0xac,0x02,0x40,0x0e,0x00,0x48,0x02,0x00,0x00,0x00,0x06,0x00,0x00,0x00,0x00,0x00,0x80,0xc0,0xf8,
    0xf4,0xf4,0x36,0xe7,0x12,0x66,0xd2,0x24,0x12,0x60,0x04,0x12,0xe0,0x00,0x00,0x04,0x12,0x20,0x00,0x00,0x00,0x00,0x00,0x00,0x00,0x00,0x00,0x08,0x1c,0x08,0x00,0x00,
    0x00,0x00,0x01,0x80,0x42,0x24,0x99,0x03,0x23,0x0f,0x0f,0x1f,0x3f,0x3f,0x7f,0xff,0xff,0xff,0xff,0xff,0xdf,0xdf,0x8f,0x8f,0x07,0xdf,0xff,0xff,0xff,0xff,0xff,0xff
  },
  { // 37
    0x00,0x00,0x00,0x00,0x00,0x00,0x00,0x00,0x00,0x10,0x00,0x00,0x00,0x50,0xdc,0xfe,0xff,0xff,0xab,0x77,0x88,0x77,0x88,0xb0,0x07,0x68,0x90,0x00,0x60,0x40,0x86,0x08,
    0x10,0x60,0xf0,0x90,0x98,0x98,0x8c,0x1c,0x8e,0x07,0x8b,0x16,0x0a,0x04,0x82,0x10,0x0c,0x82,0x80,0x00,0x00,0x00,0x00,0x82,0x00,0x00,0x00,0x01,0x07,0x0a,0x1a,0x0a,
    0x2a,0x48,0x42,0x88,0x82,0x8a,0x80,0x80,0x0a,0x88,0x00,0x02,0x00,0x00,0x80,0x00,0x00,0x00,0x00,0x00,0x00,0x00,0x00,0x00,0x00,0x00,0x00,0x00,0x00,0x00,0x00,0x00,
    0x03,0x04,0x08,0x92,0xe0,0x48,0xa0,0x60,0xf0,0xb8,0xdc,0xbe,0xff,0xdf,0xef,0xdf,0xff,0xe7,0xf7,0xe3,0xe3,0xc1,0xf3,0xff,0xff,0xff,0xff,0xff,0xff,0xff,0xff,0xff,
    0x00,0x00,0x00,0x00,0x00,0x00,0x00,0x00,0x00,0x00,0x00,0x00,0x00,0x00,0x01,0x00,0x02,0x06,0x06,0x06,0x0e,0x08,0x1e,0x98,0xfa,0xf0,0xe4,0xfa,0x20,0xc2,0x38,0xc4,
    0x00,0x10,0x80,0x01,0x20,0xc6,0x06,0x06,0x1e,0x76,0x70,0xf6,0xf0,0xe6,0x90,0xe6,0x12,0xe0,0x34,0x82,0x50,0x24,0x82,0x52,0x00,0x84,0x20,0x50,0xf2,0xd0,0xdc,0xd8,
    0x8c,0x5c,0x8e,0x57,0x9a,0x0e,0x46,0x90,0x08,0x44,0x82,0x00,0x10,0x08,0x40,0x00,0x00,0x00,0x00,0x00,0x80,0x00,0x00,0x00,0x00,0x00,0x00,0x00,0x00,0x00,0x00,0x00,
    0x00,0x00,0x0e,0x31,0xc3,0x0b,0x27,0x8f,0x0f,0x1f,0x3f,0x7f,0x7f,0xff,0xff,0xff,0xff,0xff,0xdf,0xdf,0x8f,0x8f,0x07,0xdf,0xff,0xff,0xff,0xff,0xff,0xff,0xff,0xff,
    0x00,0x00,0x08,0x1c,0x08,0x00,0x00,0x00,0x00,0x00,0x00,0x00,0x00,0x00,0x80,0x80,0xc0,0xb0,0x98,0x1c,0x9a,0x09,0x19,0x00,0x98,0x00,0x88,0x18,0x00,0x00,0x18,0x00,
    0x00,0x00,0x00,0x00,0x18,0x00,0x00,0x00,0x00,0x80,0x80,0xc0,0xc1,0xf2,0x76,0xbe,0x7e,0xbe,0x48,0xbe,0x42,0x38,0x84,0x42,0x3a,0x84,0x4e,0x3d,0x1d,0x0d,0x09,0xa4,
    0x49,0x70,0x05,0x80,0x81,0x80,0x84,0x81,0x00,0x00,0x81,0x00,0x00,0x00,0x00,0x80,0x00,0x00,0x00,0x00,0x00,0x00,0x00,0x00,0x00,0x00,0x00,0x00,0x00,0x00,0x00,0x00,
    0x78,0x80,0x04,0x2a,0x81,0x00,0x02,0x80,0x40,0xa0,0x70,0xf8,0xbc,0xde,0xbf,0xff,0xdf,0xef,0xdf,0xf7,0xe7,0xe3,0xe3,0xc1,0xf7,0xfb,0xff,0xff,0xff,0xff,0xff,0xff,
    0x00,0x00,0x00,0x00,0x00,0x10,0x38,0x10,0x00,0x00,0x00,0x04,0x07,0x01,0x09,0x11,0x11,0x10,0x31,0x30,0x20,0x71,0xf0,0xc0,0xe0,0xb0,0xc1,0x00,0xf0,0x40,0x80,0xa0,
    0x40,0x00,0x94,0x7c,0xce,0xce,0xcf,0xca,0x86,0x48,0x86,0x28,0x76,0xa4,0x0a,0x40,0x06,0x08,0x40,0x0e,0x00,0x00,0x00,0x06,0x00,0x00,0x00,0x00,0x00,0x80,0xc0,0xf0,
    0xfc,0xf4,0x36,0xe7,0x12,0x66,0xd2,0x24,0x12,0x60,0x04,0x12,0xe0,0x00,0x00,0x04,0x12,0x20,0x00,0x00,0x00,0x00,0x00,0x00,0x00,0x00,0x00,0x08,0x1c,0x08,0x00,0x00,
    0x00,0x00,0x01,0x80,0x42,0x24,0x99,0x03,0x23,0x0f,0x0f,0x1f,0x3f,0x3f,0x7f,0xff,0xff,0xff,0xff,0xff,0xdf,0xdf,0x8f,0x8f,0x07,0xdf,0xff,0xff,0xff,0xff,0xff,0xff
  },
  { // 38
    0x00,0x00,0x00,0x00,0x00,0x00,0x00,0x00,0x00,0x10,0x00,0x00,0x00,0x40,0xf0,0xfe,0xfe,0xff,0xbf,0x4b,0xb5,0x4a,0xb5,0x88,0x32,0x45,0x88,0x30,0x40,0x40,0x84,0x04,
    0x08,0x70,0xd0,0x90,0x98,0x98,0x8c,0x1c,0x8e,0x07,0x8b,0x96,0x0a,0x04,0x82,0x10,0x0c,0x02,0x80,0x00,0x00,0x00,0x00,0x02,0x00,0x00,0x00,0x01,0x0f,0x1a,0x0a,0x0a,
    0x2a,0x40,0x4a,0x80,0x8a,0x82,0x80,0x88,0x0a,0x80,0x00,0x02,0x00,0x00,0x80,0x00,0x00,0x00,0x00,0x00,0x00,0x00,0x00,0x00,0x00,0x00,0x00,0x00,0x00,0x00,0x00,0x00,
    0x03,0x04,0x08,0x92,0xe0,0x48,0xa0,0x60,0xf0,0xb8,0xdc,0xbe,0xff,0xdf,0xef,0xdf,0xff,0xe7,0xf7,0xe3,0xe3,0xc1,0xf3,0xff,0xff,0xff,0xff,0xff,0xff,0xff,0xff,0xff,
    0x00,0x00,0x00,0x00,0x00,0x00,0x00,0x00,0x00,0x00,0x00,0x00,0x00,0x00,0x01,0x02,0x02,0x06,0x06,0x06,0x0c,0x0a,0x1c,0x9a,0xf8,0xf0,0xe6,0xf8,0x22,0xc0,0x38,0xc4,
    0x00,0x10,0x00,0x01,0x20,0xc6,0x06,0x1e,0x56,0x76,0x70,0xf6,0xe0,0xb6,0xc0,0xb6,0x42,0xb0,0x24,0xd2,0x00,0x24,0xd2,0x02,0x00,0x84,0x20,0x40,0xf2,0xd0,0xdc,0xd8,
    0x9c,0x4c,0x9e,0x47,0x9a,0x1e,0x46,0x80,0x18,0x44,0x82,0x00,0x00,0x18,0x40,0x00,0x00,0x00,0x00,0x00,0x80,0x00,0x00,0x00,0x00,0x00,0x00,0x00,0x00,0x00,0x00,0x00,
    0x00,0x00,0x0e,0x31,0xc3,0x0b,0x27,0x8f,0x0f,0x1f,0x3f,0x7f,0x7f,0xff,0xff,0xff,0xff,0xff,0xdf,0xdf,0x8f,0x8f,0x07,0xdf,0xff,0xff,0xff,0xff,0xff,0xff,0xff,0xff,
    0x00,0x00,0x08,0x1c,0x08,0x00,0x00,0x00,0x00,0x00,0x00,0x00,0x00,0x00,0x80,0x80,0xc0,0xa0,0x98,0x1c,0x9a,0x19,0x09,0x10,0x88,0x10,0x88,0x08,0x10,0x00,0x08,0x10,
    0x00,0x00,0x00,0x00,0x08,0x10,0x00,0x00,0x00,0x80,0x80,0xc0,0xc1,0xe2,0x72,0xbe,0x7e,0xbe,0x5c,0xaa,0x56,0x28,0x90,0x46,0x2a,0x94,0x4e,0x3d,0x3d,0x1d,0x09,0xa4,
    0x49,0x60,0x85,0x88,0x81,0x80,0x84,0x09,0x00,0x80,0x01,0x00,0x00,0x00,0x80,0x00,0x00,0x00,0x00,0x00,0x00,0x00,0x00,0x00,0x00,0x00,0x00,0x00,0x00,0x00,0x00,0x00,
    0x78,0x80,0x04,0x2a,0x81,0x00,0x02,0x80,0x40,0xa0,0x70,0xf8,0xbc,0xde,0xbf,0xff,0xdf,0xef,0xdf,0xf7,0xe7,0xe3,0xe3,0xc1,0xf7,0xfb,0xff,0xff,0xff,0xff,0xff,0xff,
    0x00,0x00,0x00,0x00,0x00,0x10,0x38,0x10,0x00,0x00,0x00,0x04,0x07,0x09,0x01,0x11,0x11,0x10,0x31,0x30,0x60,0x71,0xf0,0xc0,0xa0,0xf0,0x81,0x40,0xf0,0x00,0x80,0xe0,
    0x00,0x00,0xd4,0x3c,0xcc,0xce,0xce,0xcb,0x86,0x4a,0x84,0x2a,0x74,0xa6,0x08,0x42,0x04,0x0a,0x40,0x0c,0x02,0x00,0x00,0x04,0x02,0x00,0x00,0x00,0x00,0x80,0x80,0xe0,
    0xfc,0xf6,0x77,0xb6,0x42,0x36,0xc0,0x76,0x00,0x30,0x46,0x00,0xb0,0x40,0x00,0x06,0x00,0x30,0x00,0x00,0x00,0x00,0x00,0x00,0x00,0x00,0x00,0x08,0x1c,0x08,0x00,0x00,
    0x00,0x00,0x01,0x80,0x42,0x24,0x99,0x03,0x23,0x0f,0x0f,0x1f,0x3f,0x3f,0x7f,0xff,0xff,0xff,0xff,0xff,0xdf,0xdf,0x8f,0x8f,0x07,0xdf,0xff,0xff,0xff,0xff,0xff,0xff
  },
  { // 39
    0x00,0x00,0x00,0x00,0x00,0x00,0x00,0x00,0x00,0x10,0x00,0x00,0x00,0xc0,0xf0,0xfc,0xfe,0xff,0x3f,0xcb,0x37,0xc8,0xb7,0x08,0x30,0xc7,0x08,0x30,0x40,0xc4,0x0e,0x04,
    0x08,0x70,0xd0,0x90,0x98,0x98,0x8c,0x1c,0x8c,0x06,0x8b,0x97,0x0a,0x06,0x80,0x12,0x0c,0x00,0x82,0x00,0x00,0x00,0x00,0x00,0x02,0x00,0x00,0x05,0x0b,0x1a,0x0a,0x2a,
    0x0a,0x40,0x4a,0x80,0x8a,0x82,0x80,0x88,0x0a,0x80,0x00,0x02,0x00,0x00,0x80,0x00,0x00,0x00,0x00,0x00,0x00,0x00,0x00,0x00,0x00,0x00,0x00,0x00,0x00,0x00,0x00,0x00,
    0x03,0x04,0x08,0x92,0xe0,0x48,0xa0,0x60,0xf0,0xb8,0xdc,0xbe,0xff,0xdf,0xef,0xdf,0xff,0xe7,0xf7,0xe3,0xe3,0xc1,0xf3,0xff,0xff,0xff,0xff,0xff,0xff,0xff,0xff,0xff,
    0x00,0x00,0x00,0x00,0x00,0x00,0x00,0x00,0x00,0x00,0x00,0x00,0x00,0x00,0x01,0x02,0x02,0x06,0x06,0x06,0x0c,0x0a,0x1c,0x9a,0xf8,0xf0,0xe6,0xf8,0x22,0xc0,0x38,0xc4,
    0x00,0x10,0x00,0x01,0x20,0xc6,0x16,0x1e,0x76,0x76,0xf0,0xe6,0xf0,0x86,0xf0,0x06,0xf2,0x20,0x94,0x42,0x20,0x94,0x42,0x02,0x80,0x24,0x00,0x40,0xd2,0xf0,0xdc,0xd8,
    0xdc,0x0c,0xde,0x07,0xda,0x1e,0x06,0xc0,0x18,0x04,0xc2,0x00,0x00,0x10,0x00,0x40,0x00,0x00,0x00,0x00,0x80,0x00,0x00,0x00,0x00,0x00,0x00,0x00,0x00,0x00,0x00,0x00,
    0x00,0x00,0x0e,0x31,0xc3,0x0b,0x27,0x8f,0x0f,0x1f,0x3f,0x7f,0x7f,0xff,0xff,0xff,0xff,0xff,0xdf,0xdf,0x8f,0x8f,0x07,0xdf,0xff,0xff,0xff,0xff,0xff,0xff,0xff,0xff,
    0x00,0x00,0x08,0x1c,0x08,0x00,0x00,0x00,0x00,0x00,0x00,0x00,0x00,0x00,0x80,0x80,0xc0,0x80,0xa0,0x18,0x9e,0x19,0x19,0x08,0x90,0x08,0x90,0x08,0x08,0x10,0x00,0x08,
    0x10,0x00,0x00,0x00,0x00,0x08,0x10,0x00,0x00,0x80,0x80,0xc0,0xc1,0xc2,0x72,0xbe,0x7e,0xbe,0x7c,0x8a,0x76,0x08,0xb0,0x46,0x0e,0xb4,0x4e,0x1d,0x3d,0x39,0x2d,0x80,
    0x49,0x44,0xa1,0x88,0x81,0x84,0x80,0x09,0x00,0x80,0x01,0x00,0x00,0x00,0x80,0x00,0x00,0x00,0x00,0x00,0x00,0x00,0x00,0x00,0x00,0x00,0x00,0x00,0x00,0x00,0x00,0x00,
    0x78,0x80,0x04,0x2a,0x81,0x00,0x02,0x80,0x40,0xa0,0x70,0xf8,0xbc,0xde,0xbf,0xff,0xdf,0xef,0xdf,0xf7,0xe7,0xe3,0xe3,0xc1,0xf7,0xfb,0xff,0xff,0xff,0xff,0xff,0xff,
    0x00,0x00,0x00,0x00,0x00,0x10,0x38,0x10,0x00,0x00,0x00,0x04,0x07,0x09,0x01,0x11,0x11,0x10,0x31,0x30,0x60,0xf1,0xf2,0xc0,0xa0,0xf0,0x01,0xc0,0x70,0x80,0x80,0x60,
    0x00,0x80,0x50,0xf4,0xcc,0xce,0xce,0x8f,0x4a,0x86,0x08,0x66,0xf8,0x26,0x44,0x0a,0x00,0x46,0x08,0x00,0x0e,0x00,0x00,0x00,0x06,0x00,0x00,0x00,0x00,0x82,0x80,0xc0,
    0xfc,0xf6,0x77,0xb6,0x62,0x16,0xe0,0x56,0x20,0x10,0x66,0x00,0x90,0x60,0x00,0x06,0x00,0x10,0x20,0x00,0x00,0x00,0x00,0x00,0x00,0x00,0x00,0x08,0x1c,0x08,0x00,0x00,
    0x00,0x00,0x01,0x80,0x42,0x24,0x99,0x03,0x23,0x0f,0x0f,0x1f,0x3f,0x3f,0x7f,0xff,0xff,0xff,0xff,0xff,0xdf,0xdf,0x8f,0x8f,0x07,0xdf,0xff,0xff,0xff,0xff,0xff,0xff
  },
  { // 40
    0x00,0x00,0x00,0x00,0x00,0x00,0x00,0x00,0x00,0x00,0x00,0x00,0x40,0xc0,0xf0,0xf8,0xfe,0xbf,0x7f,0x8f,0x73,0x8c,0xb3,0x0c,0x70,0x83,0x0c,0x70,0x40,0x84,0x0e,0x04,
    0x08,0x70,0x90,0x90,0x98,0x98,0x8c,0x1c,0x8c,0x06,0x8b,0x97,0x0a,0x06,0x80,0x12,0x0c,0x00,0x82,0x00,0x00,0x02,0x00,0x00,0x02,0x00,0x00,0x07,0x0b,0x1a,0x0a,0x2a,
    0x08,0x42,0x48,0x82,0x8a,0x80,0x80,0x8a,0x08,0x80,0x02,0x00,0x00,0x00,0x80,0x00,0x00,0x00,0x00,0x00,0x00,0x00,0x00,0x00,0x00,0x00,0x00,0x00,0x00,0x00,0x00,0x00,
    0x03,0x04,0x08,0x92,0xe0,0x48,0xa0,0x60,0xf0,0xb8,0xdc,0xbe,0xff,0xdf,0xef,0xdf,0xff,0xe7,0xf7,0xe3,0xe3,0xc1,0xf3,0xff,0xff,0xff,0xff,0xff,0xff,0xff,0xff,0xff,
    0x00,0x00,0x00,0x00,0x00,0x00,0x00,0x00,0x00,0x00,0x00,0x00,0x00,0x01,0x00,0x02,0x02,0x06,0x06,0x06,0x0c,0x0a,0x1c,0xba,0xf8,0xf0,0xe6,0xf8,0x02,0xe0,0x18,0xc4,
    0x00,0x10,0x00,0x21,0x06,0xc6,0x1e,0x36,0x76,0x70,0xf6,0xe0,0xd6,0xa0,0xd6,0x22,0xd0,0x04,0x92,0x60,0x04,0x92,0x62,0x00,0xb4,0x00,0x00,0x42,0xd0,0xf4,0xd0,0xd8,
    0xdc,0x1c,0xce,0x1f,0xc2,0x1e,0x1e,0xc2,0x00,0x1c,0xc2,0x00,0x00,0x00,0x10,0x40,0x00,0x00,0x00,0x00,0x80,0x00,0x00,0x00,0x00,0x00,0x00,0x00,0x00,0x00,0x00,0x00,
    0x00,0x00,0x0e,0x31,0xc3,0x0b,0x27,0x8f,0x0f,0x1f,0x3f,0x7f,0x7f,0xff,0xff,0xff,0xff,0xff,0xdf,0xdf,0x8f,0x8f,0x07,0xdf,0xff,0xff,0xff,0xff,0xff,0xff,0xff,0xff,
    0x00,0x00,0x00,0x08,0x00,0x00,0x00,0x00,0x00,0x00,0x00,0x00,0x00,0x00,0x80,0x80,0xc0,0x80,0xa0,0x10,0x9c,0x1b,0x19,0x08,0x98,0x00,0x98,0x00,0x08,0x18,0x00,0x00,
    0x18,0x00,0x00,0x00,0x00,0x00,0x18,0x00,0x00,0x80,0x80,0x80,0xc1,0xc0,0x72,0xfe,0x3e,0xfe,0x3e,0xc8,0x36,0x4a,0xb0,0x04,0x4e,0xb6,0x0e,0x5d,0x3d,0x39,0x2d,0x80,
    0x49,0x44,0xa1,0x88,0x85,0x84,0x80,0x09,0x00,0x80,0x01,0x00,0x00,0x00,0x00,0x00,0x00,0x00,0x00,0x00,0x00,0x00,0x00,0x00,0x00,0x00,0x00,0x00,0x00,0x00,0x00,0x00,
    0x78,0x80,0x04,0x2a,0x81,0x00,0x02,0x80,0x40,0xa0,0x70,0xf8,0xbc,0xde,0xbf,0xff,0xdf,0xef,0xdf,0xf7,0xe7,0xe3,0xe3,0xc1,0xf7,0xfb,0xff,0xff,0xff,0xff,0xff,0xff,
    0x00,0x00,0x00,0x00,0x00,0x10,0x38,0x10,0x00,0x00,0x00,0x04,0x07,0x09,0x11,0x11,0x11,0x10,0x31,0x20,0x70,0xf1,0xe2,0xc0,0xb1,0xe0,0x01,0xd0,0x60,0x00,0x80,0x60,
    0x00,0x80,0x40,0xd0,0xfc,0xcc,0xce,0x8f,0x4e,0x82,0x0e,0x60,0xfe,0x20,0x46,0x08,0x02,0x40,0x0e,0x00,0x08,0x06,0x00,0x00,0x00,0x0e,0x00,0x00,0x00,0x80,0x82,0xc0,
    0xfc,0xf6,0x77,0xb6,0x62,0x16,0xe0,0x56,0x20,0x10,0x66,0x00,0x90,0x60,0x00,0x06,0x00,0x10,0x20,0x00,0x00,0x00,0x00,0x00,0x00,0x00,0x00,0x08,0x1c,0x08,0x00,0x00,
    0x00,0x00,0x01,0x80,0x42,0x24,0x99,0x03,0x23,0x0f,0x0f,0x1f,0x3f,0x3f,0x7f,0xff,0xff,0xff,0xff,0xff,0xdf,0xdf,0x8f,0x8f,0x07,0xdf,0xff,0xff,0xff,0xff,0xff,0xff
  },
  { // 41
    0x00,0x00,0x00,0x00,0x00,0x00,0x00,0x00,0x00,0x00,0x00,0x00,0x40,0xc0,0xf0,0xf0,0xfc,0xbe,0x7f,0x8f,0x7b,0x87,0xb8,0x07,0x78,0x80,0x07,0x79,0x40,0x84,0x0e,0x04,
    0x00,0x78,0xe0,0x90,0x98,0x98,0x98,0x0c,0x9c,0x06,0x8f,0x83,0x1e,0x02,0x84,0x02,0x18,0x04,0x82,0x00,0x00,0x02,0x00,0x00,0x02,0x00,0x01,0x0f,0x0a,0x1a,0x0a,0x2a,
    0x00,0x4a,0x40,0x8a,0x82,0x80,0x88,0x8a,0x00,0x80,0x02,0x00,0x00,0x00,0x80,0x00,0x00,0x00,0x00,0x00,0x00,0x00,0x00,0x00,0x00,0x00,0x00,0x00,0x00,0x00,0x00,0x00,
    0x03,0x04,0x08,0x92,0xe0,0x48,0xa0,0x60,0xf0,0xb8,0xdc,0xbe,0xff,0xdf,0xef,0xdf,0xff,0xe7,0xf7,0xe3,0xe3,0xc1,0xf3,0xff,0xff,0xff,0xff,0xff,0xff,0xff,0xff,0xff,
    0x00,0x00,0x00,0x00,0x00,0x00,0x00,0x00,0x00,0x00,0x00,0x00,0x00,0x01,0x02,0x02,0x02,0x06,0x06,0x0c,0x0e,0x08,0x1e,0xf8,0xf0,0xf2,0xec,0xb2,0x40,0xa8,0x50,0x84,
    0x00,0x10,0x00,0x21,0x06,0x96,0x1e,0x76,0x76,0x70,0xe6,0xf0,0x86,0xf0,0x86,0x72,0x80,0x14,0xc2,0x20,0x14,0xc2,0x22,0x10,0xa4,0x00,0x40,0x12,0xc0,0xd4,0xf0,0xd8,
    0xdc,0x1c,0xce,0x1f,0xc2,0x0e,0x1e,0xc2,0x00,0x1c,0xc2,0x00,0x00,0x00,0x00,0x40,0x00,0x00,0x00,0x00,0x80,0x00,0x00,0x00,0x00,0x00,0x00,0x00,0x00,0x00,0x00,0x00,
    0x00,0x00,0x0e,0x31,0xc3,0x0b,0x27,0x8f,0x0f,0x1f,0x3f,0x7f,0x7f,0xff,0xff,0xff,0xff,0xff,0xdf,0xdf,0x8f,0x8f,0x07,0xdf,0xff,0xff,0xff,0xff,0xff,0xff,0xff,0xff,
    0x00,0x00,0x00,0x08,0x00,0x00,0x00,0x00,0x00,0x00,0x00,0x00,0x00,0x00,0x80,0x80,0x80,0xc0,0xa0,0x00,0x9c,0x1b,0x19,0x18,0x88,0x10,0x08,0x10,0x08,0x08,0x10,0x80,
    0x08,0x10,0x00,0x00,0x00,0x00,0x08,0x10,0x00,0x00,0x80,0x80,0xc1,0xc0,0xf2,0x7e,0xbe,0x7e,0xbe,0x48,0xb6,0x4a,0x30,0x84,0x4e,0x36,0x8c,0x5d,0x3d,0x39,0x2d,0x40,
    0xc9,0xc4,0x81,0x88,0x85,0x84,0x00,0x09,0x80,0x00,0x01,0x00,0x00,0x00,0x00,0x00,0x00,0x00,0x00,0x00,0x00,0x00,0x00,0x00,0x00,0x00,0x00,0x00,0x00,0x00,0x00,0x00,
    0x78,0x80,0x04,0x2a,0x81,0x00,0x02,0x80,0x40,0xa0,0x70,0xf8,0xbc,0xde,0xbf,0xff,0xdf,0xef,0xdf,0xf7,0xe7,0xe3,0xe3,0xc1,0xf7,0xfb,0xff,0xff,0xff,0xff,0xff,0xff,
    0x00,0x00,0x00,0x00,0x00,0x10,0x38,0x10,0x00,0x00,0x00,0x04,0x07,0x09,0x11,0x11,0x11,0x10,0x31,0x60,0xf0,0xf1,0xe2,0x80,0xe1,0x20,0x81,0x50,0x20,0x80,0x40,0x20,
    0x80,0x40,0x00,0xd0,0xf4,0xcc,0xce,0x8e,0x4f,0x8a,0x06,0x68,0xf6,0x28,0x46,0x00,0x0a,0x40,0x06,0x08,0x00,0x0e,0x00,0x00,0x00,0x06,0x08,0x00,0x00,0x00,0x82,0x80,
    0xc4,0xff,0xf6,0x76,0xb2,0x66,0x10,0xe6,0x50,0x20,0x16,0x60,0x00,0x90,0x60,0x06,0x00,0x00,0x10,0x20,0x00,0x00,0x00,0x00,0x00,0x00,0x00,0x08,0x1c,0x08,0x00,0x00,
    0x00,0x00,0x01,0x80,0x42,0x24,0x99,0x03,0x23,0x0f,0x0f,0x1f,0x3f,0x3f,0x7f,0xff,0xff,0xff,0xff,0xff,0xdf,0xdf,0x8f,0x8f,0x07,0xdf,0xff,0xff,0xff,0xff,0xff,0xff
  },
  { // 42
    0x00,0x00,0x00,0x00,0x00,0x00,0x00,0x00,0x00,0x00,0x00,0x00,0xc0,0xc0,0xf0,0xf0,0xf8,0x3e,0xff,0x0f,0xff,0x83,0x3c,0x03,0xfc,0x00,0x03,0x7f,0xc0,0x04,0x0e,0x04,
    0x00,0x78,0x60,0x90,0x90,0x98,0x98,0x8c,0x1c,0x8e,0x06,0x8b,0x97,0x0a,0x04,0x82,0x18,0x0c,0x82,0x80,0x00,0x02,0x00,0x04,0x02,0x00,0x05,0x0b,0x0a,0x1a,0x0a,0x2a,
    0x00,0x4a,0x40,0x8a,0x82,0x80,0x88,0x82,0x00,0x80,0x02,0x00,0x08,0x00,0x80,0x00,0x00,0x00,0x00,0x00,0x00,0x00,0x00,0x00,0x00,0x00,0x00,0x00,0x00,0x00,0x00,0x00,
    0x03,0x04,0x08,0x92,0xe0,0x48,0xa0,0x60,0xf0,0xb8,0xdc,0xbe,0xff,0xdf,0xef,0xdf,0xff,0xe7,0xf7,0xe3,0xe3,0xc1,0xf3,0xff,0xff,0xff,0xff,0xff,0xff,0xff,0xff,0xff,
    0x00,0x00,0x00,0x00,0x00,0x00,0x00,0x00,0x00,0x00,0x00,0x00,0x00,0x01,0x02,0x02,0x02,0x06,0x06,0x0c,0x0e,0x18,0x9e,0xf8,0xf0,0xea,0xfc,0x22,0x40,0x38,0xc0,0x04,
    0x10,0x00,0x00,0x21,0x06,0x1e,0x36,0x76,0x76,0x70,0xe6,0xd0,0xa6,0xd0,0xa6,0x52,0x80,0x14,0xe2,0x00,0x14,0xe2,0x02,0x30,0x84,0x00,0x40,0x12,0x00,0xc4,0xf0,0xd8,
    0xdc,0xdc,0x1e,0xcf,0x12,0xce,0x0e,0x12,0xc0,0x0c,0x12,0xc0,0x00,0x00,0x00,0x00,0x40,0x00,0x00,0x00,0x80,0x00,0x00,0x00,0x00,0x00,0x00,0x00,0x00,0x00,0x00,0x00,
    0x00,0x00,0x0e,0x31,0xc3,0x0b,0x27,0x8f,0x0f,0x1f,0x3f,0x7f,0x7f,0xff,0xff,0xff,0xff,0xff,0xdf,0xdf,0x8f,0x8f,0x07,0xdf,0xff,0xff,0xff,0xff,0xff,0xff,0xff,0xff,
    0x00,0x00,0x00,0x08,0x00,0x00,0x00,0x00,0x00,0x00,0x00,0x00,0x00,0x00,0x80,0x80,0x80,0xc0,0x80,0x20,0x90,0x1f,0x19,0x18,0x88,0x18,0x00,0x18,0x00,0x08,0x18,0x80,
    0x00,0x18,0x00,0x00,0x00,0x00,0x00,0x18,0x00,0x00,0x80,0x80,0xc1,0xc0,0xf2,0x7e,0xbe,0x7e,0xbe,0x48,0xb6,0x4a,0x30,0x84,0x4e,0x36,0x8c,0x5d,0x7d,0x39,0x2d,0x40,
    0xc9,0xc4,0x81,0x88,0x85,0x84,0x00,0x09,0x80,0x00,0x01,0x00,0x00,0x00,0x00,0x00,0x00,0x00,0x00,0x00,0x00,0x00,0x00,0x00,0x00,0x00,0x00,0x00,0x00,0x00,0x00,0x00,
    0x78,0x80,0x04,0x2a,0x81,0x00,0x02,0x80,0x40,0xa0,0x70,0xf8,0xbc,0xde,0xbf,0xff,0xdf,0xef,0xdf,0xf7,0xe7,0xe3,0xe3,0xc1,0xf7,0xfb,0xff,0xff,0xff,0xff,0xff,0xff,
    0x00,0x00,0x00,0x00,0x00,0x10,0x38,0x10,0x00,0x00,0x00,0x04,0x07,0x09,0x11,0x11,0x11,0x30,0x31,0x60,0xf0,0xf1,0xc2,0x80,0xe1,0x00,0x81,0x50,0x00,0x80,0x60,0x00,
    0x80,0x40,0x00,0xc0,0xf0,0xdc,0xcc,0x8e,0x4f,0x8e,0x02,0x6e,0xf0,0x2e,0x40,0x06,0x08,0x42,0x80,0x0e,0x00,0x08,0x06,0x00,0x00,0x00,0x0e,0x00,0x00,0x00,0x80,0x82,
    0xc0,0xff,0xf6,0x76,0xb6,0x62,0x14,0xe2,0x14,0x20,0x92,0x64,0x00,0x90,0x60,0x02,0x04,0x00,0x10,0x20,0x00,0x00,0x00,0x00,0x00,0x00,0x00,0x08,0x1c,0x08,0x00,0x00,
    0x00,0x00,0x01,0x80,0x42,0x24,0x99,0x03,0x23,0x0f,0x0f,0x1f,0x3f,0x3f,0x7f,0xff,0xff,0xff,0xff,0xff,0xdf,0xdf,0x8f,0x8f,0x07,0xdf,0xff,0xff,0xff,0xff,0xff,0xff
  },
  { // 43
    0x00,0x00,0x00,0x00,0x00,0x00,0x00,0x00,0x00,0x00,0x00,0x00,0xc0,0xc0,0xf0,0xf0,0xf8,0x3c,0xff,0x0f,0xff,0x83,0x3e,0x01,0xfe,0x00,0x01,0x7f,0xca,0x04,0x0e,0x04,
    0x00,0x70,0x40,0xb0,0x90,0x98,0x98,0x8c,0x1c,0x8e,0x06,0x8b,0x97,0x0a,0x04,0x82,0x18,0x0e,0x82,0x80,0x00,0x02,0x00,0x04,0x02,0x00,0x07,0x0b,0x0a,0x1a,0x0a,0x28,
    0x02,0x48,0x42,0x8a,0x80,0x80,0x8a,0x80,0x02,0x82,0x00,0x00,0x08,0x00,0x80,0x00,0x00,0x00,0x00,0x00,0x00,0x00,0x00,0x00,0x00,0x00,0x00,0x00,0x00,0x00,0x00,0x00,
    0x03,0x04,0x08,0x92,0xe0,0x48,0xa0,0x60,0xf0,0xb8,0xdc,0xbe,0xff,0xdf,0xef,0xdf,0xff,0xe7,0xf7,0xe3,0xe3,0xc1,0xf3,0xff,0xff,0xff,0xff,0xff,0xff,0xff,0xff,0xff,
    0x00,0x00,0x00,0x00,0x00,0x00,0x00,0x00,0x00,0x00,0x00,0x00,0x01,0x00,0x02,0x02,0x06,0x06,0x06,0x0c,0x0a,0x1c,0xfa,0xfc,0xf0,0xee,0xb8,0x42,0x20,0x58,0x84,0x00,
    0x10,0x00,0x20,0x05,0x1e,0x16,0x76,0x76,0x72,0xe4,0xf2,0x84,0xf2,0x84,0x72,0x82,0x14,0xc0,0x22,0x14,0xc0,0x22,0x12,0xa4,0x00,0x40,0x10,0x02,0x24,0xc0,0xd0,0xf8,
    0xdc,0xde,0x1e,0xcf,0x12,0xc6,0x0e,0x10,0xc0,0x0e,0x10,0xc0,0x00,0x00,0x00,0x00,0x40,0x00,0x00,0x80,0xc0,0x80,0x00,0x00,0x00,0x00,0x00,0x00,0x00,0x00,0x00,0x00,
    0x00,0x00,0x0e,0x31,0xc3,0x0b,0x27,0x8f,0x0f,0x1f,0x3f,0x7f,0x7f,0xff,0xff,0xff,0xff,0xff,0xdf,0xdf,0x8f,0x8f,0x07,0xdf,0xff,0xff,0xff,0xff,0xff,0xff,0xff,0xff,
    0x00,0x00,0x00,0x08,0x00,0x00,0x00,0x00,0x00,0x00,0x00,0x00,0x00,0x00,0x00,0x80,0x80,0xc0,0x80,0xa0,0x10,0x9f,0x19,0x18,0x08,0x98,0x00,0x18,0x00,0x08,0x18,0x00,
    0x80,0x18,0x00,0x00,0x00,0x00,0x00,0x18,0x00,0x00,0x80,0x81,0xc0,0xc0,0xf2,0x7e,0xbe,0x7e,0xbe,0x48,0xb6,0x4a,0x30,0x84,0x4e,0x36,0x8c,0x5d,0x7d,0x39,0x2d,0x40,
    0xc9,0xc4,0x81,0x88,0x85,0x84,0x00,0x09,0x80,0x00,0x01,0x00,0x00,0x00,0x00,0x00,0x00,0x00,0x00,0x00,0x01,0x00,0x00,0x00,0x00,0x00,0x00,0x00,0x00,0x00,0x00,0x00,
    0x78,0x80,0x04,0x2a,0x81,0x00,0x02,0x80,0x40,0xa0,0x70,0xf8,0xbc,0xde,0xbf,0xff,0xdf,0xef,0xdf,0xf7,0xe7,0xe3,0xe3,0xc1,0xf7,0xfb,0xff,0xff,0xff,0xff,0xff,0xff,
    0x00,0x00,0x00,0x00,0x00,0x10,0x38,0x10,0x00,0x00,0x00,0x04,0x07,0x09,0x11,0x11,0x11,0x30,0x71,0xe0,0xf0,0xf1,0x82,0xc0,0x21,0x80,0x41,0x10,0x80,0x40,0x20,0x80,
    0x40,0x00,0x80,0xc0,0xf0,0xd4,0xcc,0x0e,0xcf,0x0e,0x4a,0xe6,0x78,0x26,0x48,0x06,0x00,0xca,0x00,0x06,0x08,0x00,0x06,0x00,0x00,0x00,0x06,0x08,0x00,0x00,0x80,0x82,
    0xc2,0xef,0xf6,0x76,0xb6,0x70,0x06,0xf0,0x04,0x32,0x80,0x74,0x00,0x80,0x70,0x00,0x04,0x00,0x00,0x30,0x00,0x00,0x00,0x00,0x00,0x00,0x00,0x08,0x1c,0x08,0x00,0x00,
    0x00,0x00,0x01,0x80,0x42,0x24,0x99,0x03,0x23,0x0f,0x0f,0x1f,0x3f,0x3f,0x7f,0xff,0xff,0xff,0xff,0xff,0xdf,0xdf,0x8f,0x8f,0x07,0xdf,0xff,0xff,0xff,0xff,0xff,0xff
  },
  { // 44
    0x00,0x00,0x00,0x00,0x00,0x00,0x00,0x00,0x00,0x00,0x00,0x00,0xc0,0xc0,0xe0,0xf0,0xf0,0x38,0xfe,0x1f,0xef,0x9f,0x23,0x1c,0xe3,0x1c,0x00,0x63,0xdf,0x0c,0x0e,0x04,
    0x00,0x60,0x10,0xe0,0x90,0x98,0x98,0x9c,0x0c,0x9c,0x06,0x8b,0x87,0x1a,0x06,0x80,0x0a,0x1c,0x02,0x82,0x00,0x00,0x02,0x04,0x00,0x02,0x0f,0x0b,0x0a,0x1a,0x0a,0x20,
    0x4a,0x40,0x0a,0x82,0x80,0x88,0x82,0x80,0x02,0x82,0x00,0x08,0x00,0x00,0x80,0x00,0x00,0x00,0x00,0x00,0x00,0x00,0x00,0x00,0x00,0x00,0x00,0x00,0x00,0x00,0x00,0x00,
    0x03,0x04,0x08,0x92,0xe0,0x48,0xa0,0x60,0xf0,0xb8,0xdc,0xbe,0xff,0xdf,0xef,0xdf,0xff,0xe7,0xf7,0xe3,0xe3,0xc1,0xf3,0xff,0xff,0xff,0xff,0xff,0xff,0xff,0xff,0xff,
    0x00,0x00,0x00,0x00,0x00,0x00,0x00,0x00,0x00,0x00,0x00,0x00,0x01,0x00,0x02,0x02,0x06,0x06,0x06,0x0c,0x0a,0x1c,0xfa,0xfc,0xf0,0xee,0xb8,0x40,0x20,0x58,0x84,0x00,
    0x12,0x00,0x20,0x15,0x1e,0x36,0x76,0x76,0x62,0xf4,0xc2,0xb4,0xc2,0xb4,0x40,0x92,0x04,0xe0,0x12,0x04,0xe0,0x10,0x22,0x84,0x00,0x50,0x00,0x20,0x04,0xc0,0xd0,0xf0,
    0xdc,0xde,0x1f,0xce,0x1a,0xc6,0x06,0x18,0xc0,0x06,0x18,0xc0,0x00,0x00,0x00,0x00,0x00,0x00,0x00,0x80,0xc0,0x80,0x00,0x00,0x00,0x00,0x00,0x00,0x00,0x00,0x00,0x00,
    0x00,0x00,0x0e,0x31,0xc3,0x0b,0x27,0x8f,0x0f,0x1f,0x3f,0x7f,0x7f,0xff,0xff,0xff,0xff,0xff,0xdf,0xdf,0x8f,0x8f,0x07,0xdf,0xff,0xff,0xff,0xff,0xff,0xff,0xff,0xff,
    0x00,0x00,0x00,0x08,0x00,0x00,0x00,0x00,0x00,0x00,0x00,0x00,0x00,0x00,0x00,0x80,0x80,0xc0,0x80,0xa0,0x00,0x93,0x1d,0x98,0x18,0x88,0x18,0x00,0x98,0x00,0x08,0x18,
    0x80,0x00,0x18,0x00,0x00,0x00,0x00,0x00,0x18,0x00,0x80,0x81,0xc0,0xc2,0xf2,0x7e,0xbe,0x7e,0xbc,0x4a,0xb6,0x48,0x30,0x86,0x4c,0x36,0x8c,0xdd,0x5d,0x39,0x2d,0x40,
    0xcd,0xc4,0x81,0x88,0x85,0x04,0x00,0x89,0x00,0x00,0x01,0x00,0x00,0x00,0x00,0x00,0x00,0x00,0x00,0x00,0x01,0x00,0x00,0x00,0x00,0x00,0x00,0x00,0x00,0x00,0x00,0x00,
    0x78,0x80,0x04,0x2a,0x81,0x00,0x02,0x80,0x40,0xa0,0x70,0xf8,0xbc,0xde,0xbf,0xff,0xdf,0xef,0xdf,0xf7,0xe7,0xe3,0xe3,0xc1,0xf7,0xfb,0xff,0xff,0xff,0xff,0xff,0xff,
    0x00,0x00,0x00,0x00,0x00,0x10,0x38,0x10,0x00,0x00,0x00,0x04,0x07,0x09,0x11,0x11,0x11,0x30,0x71,0xe0,0xf1,0xf1,0x82,0xc0,0x21,0x80,0x41,0x10,0x80,0x40,0x20,0x00,
    0x40,0x00,0x80,0xc0,0xd0,0xf0,0xcc,0x0c,0xce,0x0f,0x4e,0xc2,0x2e,0x00,0x4e,0x00,0x06,0xc8,0x02,0x00,0x0e,0x00,0x00,0x06,0x00,0x00,0x00,0x0e,0x00,0x00,0x80,0x80,
    0xc3,0xce,0xf6,0x76,0xb6,0x70,0x26,0xd0,0x24,0x12,0xa0,0x54,0x20,0x80,0x50,0x20,0x04,0x00,0x00,0x10,0x20,0x00,0x00,0x00,0x00,0x00,0x00,0x08,0x1c,0x08,0x00,0x00,
    0x00,0x00,0x01,0x80,0x42,0x24,0x99,0x03,0x23,0x0f,0x0f,0x1f,0x3f,0x3f,0x7f,0xff,0xff,0xff,0xff,0xff,0xdf,0xdf,0x8f,0x8f,0x07,0xdf,0xff,0xff,0xff,0xff,0xff,0xff
  },
  { // 45
    0x00,0x00,0x00,0x00,0x00,0x00,0x00,0x00,0x00,0x00,0x00,0x40,0xc0,0xc0,0xe0,0xf0,0xb0,0x78,0xbc,0x5f,0xaf,0x9f,0x23,0x5e,0xa1,0x1e,0x40,0x61,0x9f,0x0e,0x0e,0x04,
    0x40,0x20,0x10,0xe0,0x90,0x90,0x98,0x98,0x0c,0x9c,0x0e,0x87,0x8b,0x16,0x0a,0x84,0x02,0x18,0x0e,0x82,0x00,0x00,0x02,0x00,0x04,0x06,0x0b,0x0b,0x1a,0x0a,0x0a,0x20,
    0x4a,0x40,0x8a,0x82,0x80,0x88,0x82,0x00,0x82,0x02,0x00,0x08,0x00,0x80,0x00,0x00,0x00,0x00,0x00,0x00,0x00,0x00,0x00,0x00,0x00,0x00,0x00,0x00,0x00,0x00,0x00,0x00,
    0x03,0x04,0x08,0x92,0xe0,0x48,0xa0,0x60,0xf0,0xb8,0xdc,0xbe,0xff,0xdf,0xef,0xdf,0xff,0xe7,0xf7,0xe3,0xe3,0xc1,0xf3,0xff,0xff,0xff,0xff,0xff,0xff,0xff,0xff,0xff,
    0x00,0x00,0x00,0x00,0x00,0x00,0x00,0x00,0x00,0x00,0x00,0x00,0x01,0x00,0x02,0x02,0x06,0x06,0x06,0x0c,0x1a,0x3c,0xfa,0xfc,0xe0,0xfe,0x88,0x60,0x10,0x48,0x84,0x10,
    0x02,0x20,0x04,0x1f,0x16,0x36,0x76,0x72,0x64,0xf2,0xc4,0xb2,0xc4,0xb0,0x42,0x94,0x00,0xe2,0x14,0x00,0xe0,0x12,0x24,0x80,0x00,0x50,0x00,0x24,0x00,0x80,0xc0,0xd0,
    0xfc,0xde,0x5f,0x9e,0x4a,0x96,0x46,0x08,0x90,0x46,0x08,0x90,0x40,0x00,0x00,0x00,0x00,0x00,0x00,0x80,0xc0,0x80,0x00,0x00,0x00,0x00,0x00,0x00,0x00,0x00,0x00,0x00,
    0x00,0x00,0x0e,0x31,0xc3,0x0b,0x27,0x8f,0x0f,0x1f,0x3f,0x7f,0x7f,0xff,0xff,0xff,0xff,0xff,0xdf,0xdf,0x8f,0x8f,0x07,0xdf,0xff,0xff,0xff,0xff,0xff,0xff,0xff,0xff,
    0x00,0x00,0x00,0x08,0x00,0x00,0x00,0x00,0x00,0x00,0x00,0x00,0x00,0x00,0x00,0x80,0x80,0xc0,0x80,0x80,0x21,0x91,0x1e,0x98,0x18,0x88,0x18,0x00,0x98,0x00,0x08,0x18,
    0x80,0x00,0x18,0x00,0x00,0x00,0x00,0x00,0x18,0x00,0x80,0x81,0xc0,0xc2,0xf2,0x7e,0xbe,0x7e,0xbc,0x4a,0xb6,0x48,0x30,0x86,0x4c,0x36,0x8c,0x9d,0x5d,0x39,0x6d,0x40,
    0x8d,0x84,0x81,0x88,0x85,0x04,0x00,0x89,0x00,0x00,0x01,0x00,0x00,0x00,0x00,0x00,0x00,0x00,0x00,0x00,0x01,0x00,0x00,0x00,0x00,0x00,0x00,0x00,0x00,0x00,0x00,0x00,
    0x78,0x80,0x04,0x2a,0x81,0x00,0x02,0x80,0x40,0xa0,0x70,0xf8,0xbc,0xde,0xbf,0xff,0xdf,0xef,0xdf,0xf7,0xe7,0xe3,0xe3,0xc1,0xf7,0xfb,0xff,0xff,0xff,0xff,0xff,0xff,
    0x00,0x00,0x00,0x00,0x00,0x10,0x38,0x10,0x00,0x00,0x00,0x04,0x07,0x01,0x19,0x11,0x11,0x70,0xf1,0xe0,0xf1,0xb1,0xc2,0x00,0xa1,0x40,0x01,0x90,0x00,0x00,0x20,0x40,
    0x00,0x80,0x80,0xc0,0xc0,0xf0,0xd0,0x0c,0xce,0x0f,0x4e,0xce,0x22,0x0c,0x42,0x0c,0x02,0xc4,0x0a,0x00,0x02,0x0c,0x00,0x02,0x04,0x00,0x00,0x02,0x0c,0x00,0x80,0x80,
    0xc3,0xc6,0xfe,0x76,0xb6,0x70,0x26,0xd0,0x24,0x12,0xa0,0x54,0x20,0x80,0x50,0x20,0x04,0x00,0x00,0x10,0x20,0x00,0x00,0x00,0x00,0x00,0x00,0x08,0x1c,0x08,0x00,0x00,
    0x00,0x00,0x01,0x80,0x42,0x24,0x99,0x03,0x23,0x0f,0x0f,0x1f,0x3f,0x3f,0x7f,0xff,0xff,0xff,0xff,0xff,0xdf,0xdf,0x8f,0x8f,0x07,0xdf,0xff,0xff,0xff,0xff,0xff,0xff
  },
  { // 46
    0x00,0x00,0x00,0x00,0x00,0x00,0x00,0x00,0x00,0x00,0x00,0x40,0xc0,0xc0,0xe0,0xf0,0xb0,0x70,0xb8,0x5e,0xaf,0x9f,0x2f,0x53,0xac,0x13,0x4c,0x60,0x93,0x1f,0x0e,0x04,
    0x40,0x20,0x00,0x00,0xe0,0x90,0x98,0x98,0x9c,0x0c,0x9e,0x07,0x8b,0x86,0x1a,0x04,0x82,0x08,0x1e,0x02,0x80,0x00,0x02,0x00,0x04,0x06,0x0b,0x0b,0x1a,0x0a,0x08,0x22,
    0x48,0x42,0x8a,0x80,0x80,0x8a,0x80,0x00,0x82,0x00,0x00,0x08,0x00,0x80,0x00,0x00,0x00,0x00,0x00,0x00,0x00,0x00,0x00,0x00,0x00,0x00,0x00,0x00,0x00,0x00,0x00,0x00,
    0x03,0x04,0x08,0x92,0xe0,0x48,0xa0,0x60,0xf0,0xb8,0xdc,0xbe,0xff,0xdf,0xef,0xdf,0xff,0xe7,0xf7,0xe3,0xe3,0xc1,0xf3,0xff,0xff,0xff,0xff,0xff,0xff,0xff,0xff,0xff,
    0x00,0x00,0x00,0x00,0x00,0x00,0x00,0x00,0x00,0x00,0x00,0x00,0x01,0x00,0x02,0x02,0x06,0x06,0x0e,0x0c,0x1a,0xfc,0xfa,0xf4,0xe8,0xbe,0x40,0x20,0x58,0x80,0x04,0x10,
    0x02,0x28,0x14,0x1e,0x37,0x76,0x76,0x62,0x74,0xc2,0xb4,0xc2,0xb4,0xc0,0x12,0xc4,0x60,0x92,0x04,0x60,0x90,0x22,0x04,0x80,0x50,0x00,0x20,0x00,0x00,0x80,0xc0,0xd0,
    0xfc,0xde,0x5f,0x9e,0x4a,0x92,0x46,0x08,0x90,0x46,0x08,0x90,0x40,0x00,0x00,0x00,0x00,0x00,0x00,0x80,0xc0,0x80,0x00,0x00,0x00,0x00,0x00,0x00,0x00,0x00,0x00,0x00,
    0x00,0x00,0x0e,0x31,0xc3,0x0b,0x27,0x8f,0x0f,0x1f,0x3f,0x7f,0x7f,0xff,0xff,0xff,0xff,0xff,0xdf,0xdf,0x8f,0x8f,0x07,0xdf,0xff,0xff,0xff,0xff,0xff,0xff,0xff,0xff,
    0x00,0x00,0x00,0x08,0x00,0x00,0x00,0x00,0x00,0x00,0x00,0x00,0x00,0x00,0x00,0x80,0x80,0xc0,0x80,0x80,0x21,0x81,0x1e,0x98,0x18,0x98,0x08,0x10,0x88,0x10,0x08,0x08,
    0x90,0x00,0x08,0x10,0x00,0x00,0x00,0x00,0x08,0x10,0x00,0x81,0xc0,0xc2,0xf2,0xfe,0x3e,0xfe,0x3c,0xca,0x36,0xc8,0x30,0x06,0xcc,0x36,0x0c,0x9d,0xdd,0x39,0x6d,0xc0,
    0x8d,0x84,0x81,0x88,0x05,0x04,0x80,0x09,0x00,0x00,0x01,0x00,0x00,0x00,0x00,0x00,0x00,0x00,0x00,0x00,0x01,0x00,0x00,0x00,0x00,0x00,0x00,0x00,0x00,0x00,0x00,0x00,
    0x78,0x80,0x04,0x2a,0x81,0x00,0x02,0x80,0x40,0xa0,0x70,0xf8,0xbc,0xde,0xbf,0xff,0xdf,0xef,0xdf,0xf7,0xe7,0xe3,0xe3,0xc1,0xf7,0xfb,0xff,0xff,0xff,0xff,0xff,0xff,
    0x00,0x00,0x00,0x00,0x00,0x10,0x38,0x10,0x00,0x00,0x00,0x04,0x07,0x01,0x19,0x11,0x31,0xf0,0xf1,0xe0,0xf1,0x91,0x42,0xa0,0x01,0x40,0x81,0x10,0x00,0x20,0x00,0x40,
    0x80,0x00,0x80,0xc0,0xc0,0xf0,0xd0,0x0c,0xcc,0x0e,0x4f,0xce,0x22,0x0e,0x40,0x0e,0x00,0xc6,0x08,0x02,0x00,0x0e,0x00,0x00,0x06,0x00,0x00,0x00,0x0e,0x00,0x80,0x81,
    0xc2,0xc6,0xee,0x76,0xb6,0x70,0x36,0xc0,0x34,0x02,0xb0,0x44,0x30,0x80,0x40,0x30,0x00,0x00,0x00,0x00,0x30,0x00,0x00,0x00,0x00,0x00,0x00,0x08,0x1c,0x08,0x00,0x00,
    0x00,0x00,0x01,0x80,0x42,0x24,0x99,0x03,0x23,0x0f,0x0f,0x1f,0x3f,0x3f,0x7f,0xff,0xff,0xff,0xff,0xff,0xdf,0xdf,0x8f,0x8f,0x07,0xdf,0xff,0xff,0xff,0xff,0xff,0xff
  },
  { // 47
    0x00,0x00,0x00,0x00,0x00,0x00,0x00,0x00,0x00,0x00,0x00,0x40,0xc0,0xc0,0xe0,0xf0,0xb0,0x70,0xb8,0x5c,0xaf,0x9f,0x2f,0x53,0xae,0x11,0x4e,0x60,0x91,0x1d,0x0e,0x04,
    0x40,0x20,0x00,0x00,0xc0,0xb0,0x98,0x98,0x9c,0x0c,0x9e,0x07,0x0b,0x86,0x1a,0x04,0x82,0x08,0x1e,0x02,0x80,0x00,0x02,0x00,0x04,0x06,0x0b,0x0b,0x1a,0x0a,0x08,0x22,
    0x48,0x42,0x8a,0x80,0x80,0x8a,0x80,0x00,0x82,0x00,0x00,0x08,0x00,0x80,0x00,0x00,0x00,0x00,0x00,0x00,0x00,0x00,0x00,0x00,0x00,0x00,0x00,0x00,0x00,0x00,0x00,0x00,
    0x03,0x04,0x08,0x92,0xe0,0x48,0xa0,0x60,0xf0,0xb8,0xdc,0xbe,0xff,0xdf,0xef,0xdf,0xff,0xe7,0xf7,0xe3,0xe3,0xc1,0xf3,0xff,0xff,0xff,0xff,0xff,0xff,0xff,0xff,0xff,
    0x00,0x00,0x00,0x00,0x00,0x00,0x00,0x00,0x00,0x00,0x00,0x00,0x01,0x00,0x02,0x02,0x06,0x06,0x0e,0x0c,0x3a,0xfc,0xfa,0xf4,0xe8,0x9e,0x60,0x00,0x5c,0x80,0x04,0x10,
    0x22,0x08,0x1c,0x16,0x37,0x76,0x76,0x62,0xf4,0xc2,0xb4,0xc2,0xb4,0x40,0xb2,0x44,0xe0,0x12,0x04,0xe0,0x10,0x02,0x84,0x00,0x50,0x00,0x20,0x80,0x00,0x80,0xc0,0xc0,
    0xf4,0xdf,0x5e,0x9e,0x5a,0x8a,0x56,0x00,0x88,0x56,0x00,0x88,0x50,0x00,0x00,0x00,0x00,0x00,0x00,0x80,0xc0,0x80,0x00,0x00,0x00,0x00,0x00,0x00,0x00,0x00,0x00,0x00,
    0x00,0x00,0x0e,0x31,0xc3,0x0b,0x27,0x8f,0x0f,0x1f,0x3f,0x7f,0x7f,0xff,0xff,0xff,0xff,0xff,0xdf,0xdf,0x8f,0x8f,0x07,0xdf,0xff,0xff,0xff,0xff,0xff,0xff,0xff,0xff,
    0x00,0x00,0x00,0x08,0x00,0x00,0x00,0x00,0x00,0x00,0x00,0x00,0x00,0x00,0x00,0x80,0x80,0xc0,0x80,0x80,0x21,0x81,0x12,0x9c,0x18,0x98,0x08,0x18,0x80,0x18,0x00,0x08,
    0x98,0x00,0x00,0x18,0x00,0x00,0x00,0x00,0x00,0x18,0x00,0x81,0xc0,0xf2,0xf6,0xfe,0x3e,0xfe,0x08,0xfe,0x02,0xf8,0x04,0x02,0xfc,0x06,0x0c,0x9d,0xfd,0x69,0x4d,0x80,
    0x8d,0x84,0x81,0x88,0x05,0x04,0x80,0x09,0x00,0x00,0x01,0x00,0x00,0x00,0x00,0x00,0x00,0x00,0x00,0x00,0x01,0x00,0x00,0x00,0x00,0x00,0x00,0x00,0x00,0x00,0x00,0x00,
    0x78,0x80,0x04,0x2a,0x81,0x00,0x02,0x80,0x40,0xa0,0x70,0xf8,0xbc,0xde,0xbf,0xff,0xdf,0xef,0xdf,0xf7,0xe7,0xe3,0xe3,0xc1,0xf7,0xfb,0xff,0xff,0xff,0xff,0xff,0xff,
    0x00,0x00,0x00,0x00,0x00,0x10,0x38,0x10,0x00,0x00,0x00,0x00,0x07,0x05,0x19,0x11,0x71,0xf0,0xf1,0xe0,0xb1,0xd1,0x02,0xa0,0x41,0x00,0x81,0x10,0x00,0x20,0x40,0x00,
    0x80,0x00,0x80,0xc0,0xc0,0xe0,0xd0,0x10,0xcc,0x0e,0x4f,0xce,0x2e,0x02,0x4c,0x02,0x0c,0xc2,0x0c,0x0a,0x00,0x02,0x0c,0x00,0x02,0x0c,0x00,0x00,0x02,0x0c,0x80,0x81,
    0x82,0xc6,0xee,0x76,0xf6,0x30,0x76,0x80,0x74,0x02,0xb0,0x04,0x70,0x80,0x00,0x70,0x00,0x00,0x00,0x00,0x30,0x00,0x00,0x00,0x00,0x00,0x00,0x08,0x1c,0x08,0x00,0x00,
    0x00,0x00,0x01,0x80,0x42,0x24,0x99,0x03,0x23,0x0f,0x0f,0x1f,0x3f,0x3f,0x7f,0xff,0xff,0xff,0xff,0xff,0xdf,0xdf,0x8f,0x8f,0x07,0xdf,0xff,0xff,0xff,0xff,0xff,0xff
  },
  { // 48
    0x00,0x00,0x00,0x00,0x00,0x00,0x00,0x00,0x00,0x00,0x00,0x40,0xc0,0xc0,0xe0,0xf0,0xb0,0x70,0xb8,0x58,0xae,0x9f,0x2f,0x57,0xab,0x14,0x4b,0x64,0xb0,0x1d,0x0f,0x04,
    0x40,0x00,0x00,0x00,0x80,0xe0,0x90,0x98,0x9c,0x1c,0x8e,0x1f,0x03,0x8e,0x02,0x1c,0x82,0x00,0x0e,0x1a,0x80,0x00,0x02,0x00,0x04,0x07,0x0b,0x0a,0x1a,0x0a,0x08,0x22,
    0x48,0xc2,0x8a,0x80,0x80,0x8a,0x00,0x80,0x02,0x00,0x00,0x08,0x80,0x00,0x00,0x00,0x00,0x00,0x00,0x00,0x00,0x00,0x00,0x00,0x00,0x00,0x00,0x00,0x00,0x00,0x00,0x00,
    0x03,0x04,0x08,0x92,0xe0,0x48,0xa0,0x60,0xf0,0xb8,0xdc,0xbe,0xff,0xdf,0xef,0xdf,0xff,0xe7,0xf7,0xe3,0xe3,0xc1,0xf3,0xff,0xff,0xff,0xff,0xff,0xff,0xff,0xff,0xff,
    0x00,0x00,0x00,0x00,0x00,0x00,0x00,0x00,0x00,0x00,0x00,0x00,0x01,0x00,0x02,0x02,0x06,0x06,0x0e,0x1c,0x7a,0xfc,0xfa,0xe4,0xb8,0xce,0x20,0x50,0x0e,0x80,0x94,0x00,
    0x22,0x1c,0x1c,0x16,0x37,0x76,0x62,0x76,0xe0,0xd6,0xa0,0xd6,0xa0,0x50,0xa6,0x40,0xf0,0x06,0x00,0xf0,0x00,0x06,0x80,0x10,0x40,0x00,0x20,0x80,0x00,0x80,0xc0,0xc0,
    0xd0,0xff,0x5e,0x9e,0x5e,0x8a,0x52,0x04,0x88,0x52,0x04,0x88,0x50,0x00,0x00,0x00,0x00,0x00,0x00,0x80,0xc0,0x80,0x00,0x00,0x00,0x00,0x00,0x00,0x00,0x00,0x00,0x00,
    0x00,0x00,0x0e,0x31,0xc3,0x0b,0x27,0x8f,0x0f,0x1f,0x3f,0x7f,0x7f,0xff,0xff,0xff,0xff,0xff,0xdf,0xdf,0x8f,0x8f,0x07,0xdf,0xff,0xff,0xff,0xff,0xff,0xff,0xff,0xff,
    0x00,0x00,0x00,0x08,0x00,0x00,0x00,0x00,0x00,0x00,0x00,0x00,0x00,0x00,0x00,0x80,0x80,0x80,0xc0,0x80,0x21,0x81,0x12,0x9c,0x18,0x98,0x08,0x18,0x80,0x18,0x00,0x08,
    0x98,0x00,0x00,0x18,0x00,0x00,0x00,0x00,0x00,0x18,0x00,0x81,0xc0,0xf2,0xfe,0xfe,0x3e,0xfe,0x08,0xf6,0x0a,0xf0,0x04,0x0a,0xf4,0x06,0x0c,0x1d,0xfd,0x69,0xcd,0x80,
    0x8d,0x84,0x81,0x08,0x05,0x80,0x00,0x09,0x00,0x00,0x05,0x00,0x00,0x00,0x00,0x00,0x00,0x00,0x00,0x00,0x01,0x00,0x00,0x00,0x00,0x00,0x00,0x00,0x00,0x00,0x00,0x00,
    0x78,0x80,0x04,0x2a,0x81,0x00,0x02,0x80,0x40,0xa0,0x70,0xf8,0xbc,0xde,0xbf,0xff,0xdf,0xef,0xdf,0xf7,0xe7,0xe3,0xe3,0xc1,0xf7,0xfb,0xff,0xff,0xff,0xff,0xff,0xff,
    0x00,0x00,0x00,0x00,0x00,0x10,0x38,0x10,0x00,0x00,0x00,0x00,0x05,0x07,0x19,0x11,0xf1,0xf0,0xf1,0xe0,0xb1,0x51,0x82,0x20,0x41,0x80,0x01,0x10,0x00,0x00,0x40,0x80,
    0x00,0x00,0x80,0xc0,0xc0,0xe0,0xd0,0x10,0xcc,0x0c,0x4e,0xcf,0x2e,0x02,0x4e,0x00,0x0e,0xc0,0x0e,0x08,0x02,0x00,0x0e,0x00,0x00,0x0e,0x00,0x00,0x00,0x0e,0x80,0x83,
    0x82,0xc6,0xce,0x76,0xf4,0x32,0xf4,0xa0,0x56,0x20,0x90,0x24,0x50,0xa0,0x00,0x50,0x20,0x00,0x00,0x00,0x10,0x20,0x00,0x00,0x00,0x00,0x00,0x08,0x1c,0x08,0x00,0x00,
    0x00,0x00,0x01,0x80,0x42,0x24,0x99,0x03,0x23,0x0f,0x0f,0x1f,0x3f,0x3f,0x7f,0xff,0xff,0xff,0xff,0xff,0xdf,0xdf,0x8f,0x8f,0x07,0xdf,0xff,0xff,0xff,0xff,0xff,0xff
  },
  { // 49
    0x00,0x00,0x00,0x00,0x00,0x00,0x00,0x00,0x00,0x00,0x00,0x40,0xc0,0xc0,0xe0,0xf0,0xb0,0x70,0xb8,0x58,0xac,0x9f,0x2f,0x57,0xab,0x16,0x49,0x66,0xb0,0x1d,0x0f,0x06,
    0x00,0x00,0x00,0x00,0x00,0xc0,0xb0,0x98,0x98,0x9c,0x0c,0x9e,0x07,0x0b,0x86,0x1a,0x04,0x82,0x08,0x1e,0x02,0x80,0x00,0x02,0x00,0x07,0x0b,0x0a,0x1a,0x0a,0x08,0x62,
    0x48,0x82,0x8a,0x80,0x80,0x8a,0x00,0x80,0x02,0x00,0x00,0x08,0x80,0x00,0x00,0x00,0x00,0x00,0x00,0x00,0x00,0x00,0x00,0x00,0x00,0x00,0x00,0x00,0x00,0x00,0x00,0x00,
    0x03,0x04,0x08,0x92,0xe0,0x48,0xa0,0x60,0xf0,0xb8,0xdc,0xbe,0xff,0xdf,0xef,0xdf,0xff,0xe7,0xf7,0xe3,0xe3,0xc1,0xf3,0xff,0xff,0xff,0xff,0xff,0xff,0xff,0xff,0xff,
    0x00,0x00,0x00,0x00,0x00,0x00,0x00,0x00,0x00,0x00,0x00,0x00,0x01,0x00,0x02,0x02,0x06,0x06,0x0e,0x3c,0xfa,0xfc,0xfa,0xe4,0x98,0x6e,0x00,0x50,0xae,0x80,0x14,0x20,
    0x02,0x1c,0x1c,0x36,0x77,0x76,0x62,0x76,0xc0,0xb6,0xc0,0xb6,0xc0,0x30,0xc6,0x60,0x90,0x06,0x60,0x90,0x00,0x46,0x80,0x50,0x00,0x20,0x00,0x80,0x00,0x80,0x80,0xc0,
    0xc2,0xff,0x5e,0xde,0x1e,0xda,0x00,0x54,0x8a,0x00,0x54,0x88,0x00,0x50,0x00,0x00,0x00,0x00,0x00,0x80,0xc0,0x80,0x00,0x00,0x00,0x00,0x00,0x00,0x00,0x00,0x00,0x00,
    0x00,0x00,0x0e,0x31,0xc3,0x0b,0x27,0x8f,0x0f,0x1f,0x3f,0x7f,0x7f,0xff,0xff,0xff,0xff,0xff,0xdf,0xdf,0x8f,0x8f,0x07,0xdf,0xff,0xff,0xff,0xff,0xff,0xff,0xff,0xff,
    0x00,0x00,0x00,0x08,0x00,0x00,0x00,0x00,0x00,0x00,0x00,0x00,0x00,0x00,0x00,0x80,0x80,0x80,0xc0,0x80,0x21,0x81,0x10,0x96,0x18,0x98,0x08,0x18,0x88,0x10,0x08,0x00,
    0x98,0x08,0x00,0x10,0x08,0x00,0x00,0x00,0x00,0x10,0x09,0x00,0xc2,0xf2,0xfe,0xfe,0xbe,0x7c,0x8a,0x74,0x88,0x70,0x86,0x08,0x74,0x86,0x0c,0x1d,0x7f,0xe9,0xcd,0x80,
    0x8d,0x84,0x81,0x08,0x05,0x80,0x00,0x09,0x00,0x00,0x05,0x00,0x00,0x00,0x00,0x00,0x00,0x00,0x00,0x00,0x01,0x00,0x00,0x00,0x00,0x00,0x00,0x00,0x00,0x00,0x00,0x00,
    0x78,0x80,0x04,0x2a,0x81,0x00,0x02,0x80,0x40,0xa0,0x70,0xf8,0xbc,0xde,0xbf,0xff,0xdf,0xef,0xdf,0xf7,0xe7,0xe3,0xe3,0xc1,0xf7,0xfb,0xff,0xff,0xff,0xff,0xff,0xff,
    0x00,0x00,0x00,0x00,0x00,0x10,0x38,0x10,0x00,0x00,0x00,0x00,0x04,0x07,0x19,0x71,0xf1,0xf1,0xf0,0xa1,0xd0,0x11,0xa3,0x40,0x00,0x81,0x00,0x11,0x00,0x00,0x00,0x80,
    0x00,0x00,0x80,0xc0,0xc0,0xe0,0xd0,0x10,0xc0,0x0c,0x4c,0xcf,0x2e,0x0e,0x42,0x0e,0x00,0xce,0x00,0x0e,0x08,0x02,0x00,0x0e,0x00,0x00,0x0e,0x00,0x00,0x00,0x8f,0x82,
    0x82,0xc6,0xc6,0x7e,0xf4,0x32,0xf4,0xa0,0x56,0x20,0x90,0x24,0x50,0xa0,0x00,0x50,0x20,0x00,0x00,0x00,0x10,0x20,0x00,0x00,0x00,0x00,0x00,0x00,0x08,0x00,0x00,0x00,
    0x00,0x00,0x01,0x80,0x42,0x24,0x99,0x03,0x23,0x0f,0x0f,0x1f,0x3f,0x3f,0x7f,0xff,0xff,0xff,0xff,0xff,0xdf,0xdf,0x8f,0x8f,0x07,0xdf,0xff,0xff,0xff,0xff,0xff,0xff
  },
  { // 50
    0x00,0x00,0x00,0x00,0x00,0x00,0x00,0x00,0x00,0x00,0x00,0x40,0xc0,0xc0,0xe0,0xf0,0xb0,0x70,0xb0,0x58,0xac,0x9e,0x2f,0x5f,0xa3,0x1f,0x40,0x6f,0xa0,0x14,0x0f,0x0f,
    0x00,0x00,0x00,0x00,0x00,0x80,0xe0,0x90,0x98,0x9c,0x1c,0x8e,0x1f,0x03,0x8e,0x02,0x1c,0x82,0x00,0x0e,0x1a,0x80,0x04,0x02,0x00,0x07,0x0b,0x0a,0x1a,0x0a,0x28,0x42,
    0xc8,0x80,0x8a,0x80,0x80,0x0a,0x80,0x00,0x02,0x00,0x00,0x88,0x00,0x00,0x00,0x00,0x00,0x00,0x00,0x00,0x00,0x00,0x00,0x00,0x00,0x00,0x00,0x00,0x00,0x00,0x00,0x00,
    0x03,0x04,0x08,0x92,0xe0,0x48,0xa0,0x60,0xf0,0xb8,0xdc,0xbe,0xff,0xdf,0xef,0xdf,0xff,0xe7,0xf7,0xe3,0xe3,0xc1,0xf3,0xff,0xff,0xff,0xff,0xff,0xff,0xff,0xff,0xff,
    0x00,0x00,0x00,0x00,0x00,0x00,0x00,0x00,0x00,0x00,0x00,0x00,0x01,0x00,0x02,0x02,0x06,0x0e,0x1e,0x7c,0xfa,0xfc,0xe2,0xbc,0xc0,0x26,0x50,0x08,0xa6,0x90,0x04,0x20,
    0x0a,0x1c,0x14,0x36,0x77,0x76,0x62,0x76,0xc0,0xb6,0xc0,0xb6,0xc0,0x30,0xc6,0x60,0x90,0x06,0x60,0x90,0x00,0x46,0x80,0x50,0x00,0x20,0x00,0x80,0x00,0x80,0x80,0xc0,
    0xc3,0xf6,0x5e,0xde,0x1e,0xda,0x08,0x54,0x82,0x08,0x54,0x80,0x08,0x50,0x00,0x00,0x00,0x00,0x00,0x80,0xc0,0x80,0x00,0x00,0x00,0x00,0x00,0x00,0x00,0x00,0x00,0x00,
    0x00,0x00,0x0e,0x31,0xc3,0x0b,0x27,0x8f,0x0f,0x1f,0x3f,0x7f,0x7f,0xff,0xff,0xff,0xff,0xff,0xdf,0xdf,0x8f,0x8f,0x07,0xdf,0xff,0xff,0xff,0xff,0xff,0xff,0xff,0xff,
    0x00,0x00,0x00,0x08,0x00,0x00,0x00,0x00,0x00,0x00,0x00,0x00,0x00,0x00,0x00,0x00,0x80,0x80,0xc0,0x80,0x81,0x21,0x80,0x12,0x9c,0x18,0x98,0x08,0x18,0x80,0x18,0x00,
    0x08,0x98,0x00,0x00,0x18,0x00,0x00,0x00,0x00,0x00,0x19,0x00,0xd2,0xf6,0xfe,0xfe,0xbe,0x68,0x9e,0x60,0x98,0x64,0x82,0x18,0x64,0x86,0x0c,0x1d,0x7f,0xe9,0x8d,0x80,
    0x8d,0x84,0x01,0x08,0x85,0x00,0x00,0x09,0x00,0x00,0x05,0x00,0x00,0x00,0x00,0x00,0x00,0x00,0x00,0x00,0x01,0x00,0x00,0x00,0x00,0x00,0x00,0x00,0x00,0x00,0x00,0x00,
    0x78,0x80,0x04,0x2a,0x81,0x00,0x02,0x80,0x40,0xa0,0x70,0xf8,0xbc,0xde,0xbf,0xff,0xdf,0xef,0xdf,0xf7,0xe7,0xe3,0xe3,0xc1,0xf7,0xfb,0xff,0xff,0xff,0xff,0xff,0xff,
    0x00,0x00,0x00,0x00,0x00,0x10,0x38,0x10,0x00,0x00,0x00,0x00,0x00,0x07,0x1d,0xf1,0xf1,0xf1,0xf0,0xa1,0x50,0x91,0x23,0x40,0x80,0x01,0x00,0x11,0x00,0x00,0x80,0x00,
    0x00,0x00,0x80,0xc0,0xc0,0xc0,0xe0,0x10,0xd0,0x08,0x4c,0x8e,0x2f,0x0e,0x46,0x0a,0x04,0xca,0x04,0x0a,0x0c,0x02,0x00,0x0a,0x04,0x00,0x0a,0x04,0x00,0x00,0x8b,0x86,
    0x82,0xc6,0xc6,0x7e,0xf4,0x32,0xf4,0xa0,0x56,0x20,0x90,0x04,0x50,0xa0,0x00,0x50,0x20,0x00,0x00,0x00,0x00,0x00,0x00,0x00,0x00,0x00,0x00,0x00,0x08,0x00,0x00,0x00,
    0x00,0x00,0x01,0x80,0x42,0x24,0x99,0x03,0x23,0x0f,0x0f,0x1f,0x3f,0x3f,0x7f,0xff,0xff,0xff,0xff,0xff,0xdf,0xdf,0x8f,0x8f,0x07,0xdf,0xff,0xff,0xff,0xff,0xff,0xff
  },
  { // 51
    0x00,0x00,0x00,0x00,0x00,0x00,0x00,0x00,0x00,0x00,0x00,0x40,0xc0,0xc0,0xe0,0xf0,0xb0,0x70,0xb0,0x58,0xa8,0x9c,0x2f,0x5f,0xa7,0x1b,0x46,0x69,0xa6,0x14,0x0f,0x0d,
    0x06,0x00,0x00,0x00,0x00,0x80,0xc0,0xa0,0x98,0x98,0x1c,0x9e,0x0f,0x17,0x8a,0x06,0x08,0x16,0x00,0x0a,0x0e,0x90,0x00,0x06,0x00,0x07,0x0f,0x0a,0x1a,0x0a,0x68,0x42,
    0x88,0x80,0x8a,0x80,0x80,0x0a,0x80,0x00,0x02,0x80,0x00,0x88,0x00,0x00,0x00,0x00,0x00,0x00,0x00,0x00,0x00,0x00,0x00,0x00,0x00,0x00,0x00,0x00,0x00,0x00,0x00,0x00,
    0x03,0x04,0x08,0x92,0xe0,0x48,0xa0,0x60,0xf0,0xb8,0xdc,0xbe,0xff,0xdf,0xef,0xdf,0xff,0xe7,0xf7,0xe3,0xe3,0xc1,0xf3,0xff,0xff,0xff,0xff,0xff,0xff,0xff,0xff,0xff,
    0x00,0x00,0x00,0x00,0x00,0x00,0x00,0x00,0x00,0x00,0x00,0x00,0x01,0x00,0x02,0x02,0x06,0x0e,0x3e,0x7c,0xfa,0xfc,0xe2,0x9c,0xe0,0x06,0x50,0x28,0x86,0x90,0x24,0x00,
    0x0e,0x1c,0x14,0x36,0x77,0x72,0x66,0x72,0xc4,0xb2,0xc4,0xb2,0xc0,0x34,0xc2,0x60,0x94,0x02,0x60,0x90,0x04,0x42,0x80,0x50,0x00,0x20,0x00,0x80,0x00,0x80,0x80,0xc0,
    0xc3,0xd6,0x7e,0xde,0x1e,0xda,0x08,0x54,0x82,0x08,0x54,0x80,0x08,0x50,0x00,0x00,0x00,0x00,0x00,0x80,0xc0,0x80,0x00,0x00,0x00,0x00,0x00,0x00,0x00,0x00,0x00,0x00,
    0x00,0x00,0x0e,0x31,0xc3,0x0b,0x27,0x8f,0x0f,0x1f,0x3f,0x7f,0x7f,0xff,0xff,0xff,0xff,0xff,0xdf,0xdf,0x8f,0x8f,0x07,0xdf,0xff,0xff,0xff,0xff,0xff,0xff,0xff,0xff,
    0x00,0x00,0x00,0x08,0x00,0x00,0x00,0x00,0x00,0x00,0x00,0x00,0x00,0x00,0x00,0x00,0x80,0x80,0xc0,0x80,0x81,0x21,0x80,0x12,0x9c,0x18,0x98,0x08,0x18,0x80,0x18,0x00,
    0x08,0x98,0x00,0x00,0x18,0x00,0x00,0x00,0x00,0x00,0x19,0x00,0xd2,0xfe,0xfe,0xfe,0xbe,0x68,0x96,0x68,0x90,0x64,0x8a,0x10,0x64,0x86,0x0c,0x1d,0x7f,0xcd,0x89,0x84,
    0x89,0x84,0x05,0x08,0x81,0x04,0x00,0x09,0x00,0x00,0x01,0x04,0x00,0x00,0x00,0x00,0x00,0x00,0x00,0x00,0x01,0x00,0x00,0x00,0x00,0x00,0x00,0x00,0x00,0x00,0x00,0x00,
    0x78,0x80,0x04,0x2a,0x81,0x00,0x02,0x80,0x40,0xa0,0x70,0xf8,0xbc,0xde,0xbf,0xff,0xdf,0xef,0xdf,0xf7,0xe7,0xe3,0xe3,0xc1,0xf7,0xfb,0xff,0xff,0xff,0xff,0xff,0xff,
    0x00,0x00,0x00,0x00,0x00,0x10,0x38,0x10,0x00,0x00,0x00,0x00,0x00,0x05,0x5f,0xf1,0xf1,0xf1,0xb0,0xe1,0x10,0x91,0x62,0x00,0x80,0x01,0x00,0x10,0x00,0x00,0x00,0x00,
    0x01,0x00,0x80,0x80,0xc0,0xc0,0xe0,0x50,0x90,0x40,0x0c,0xcc,0x2f,0x0e,0x0e,0x42,0x0e,0x80,0x4e,0x00,0x0e,0x08,0x02,0x00,0x0e,0x00,0x00,0x0e,0x00,0x00,0x81,0x8e,
    0x82,0xc6,0xc6,0x7e,0xf6,0x32,0xf4,0xa0,0x56,0x20,0x90,0x04,0x50,0xa0,0x00,0x50,0x20,0x00,0x00,0x00,0x00,0x00,0x00,0x00,0x00,0x00,0x00,0x00,0x08,0x00,0x00,0x00,
    0x00,0x00,0x01,0x80,0x42,0x24,0x99,0x03,0x23,0x0f,0x0f,0x1f,0x3f,0x3f,0x7f,0xff,0xff,0xff,0xff,0xff,0xdf,0xdf,0x8f,0x8f,0x07,0xdf,0xff,0xff,0xff,0xff,0xff,0xff
  },
  { // 52
    0x00,0x00,0x00,0x00,0x00,0x00,0x00,0x00,0x00,0x00,0x00,0x40,0xc0,0xc0,0xe0,0xe0,0xb0,0x70,0xb0,0x58,0xb8,0x8c,0x1f,0x4f,0xb7,0x0b,0x56,0x49,0xa6,0x04,0x1f,0x0d,
    0x06,0x00,0x00,0x00,0x00,0x80,0x80,0xe0,0x90,0x98,0x1c,0x9e,0x0f,0x1f,0x82,0x0e,0x00,0x1e,0x00,0x02,0x0c,0x98,0x00,0x06,0x00,0x07,0x0f,0x0a,0x1a,0x0a,0x68,0xc2,
    0x88,0x80,0x8a,0x80,0x00,0x8a,0x00,0x00,0x82,0x00,0x80,0x08,0x00,0x00,0x00,0x00,0x00,0x00,0x00,0x00,0x00,0x00,0x00,0x00,0x00,0x00,0x00,0x00,0x00,0x00,0x00,0x00,
    0x03,0x04,0x08,0x92,0xe0,0x48,0xa0,0x60,0xf0,0xb8,0xdc,0xbe,0xff,0xdf,0xef,0xdf,0xff,0xe7,0xf7,0xe3,0xe3,0xc1,0xf3,0xff,0xff,0xff,0xff,0xff,0xff,0xff,0xff,0xff,
    0x00,0x00,0x00,0x00,0x00,0x00,0x00,0x00,0x00,0x00,0x00,0x00,0x00,0x01,0x02,0x06,0x06,0x1e,0x7e,0x78,0xfe,0xe8,0xb6,0xc8,0xa4,0x52,0x00,0x2c,0x92,0x84,0x20,0x00,
    0x1e,0x1c,0x16,0x36,0x77,0x62,0x76,0xe0,0xd6,0xa0,0xd6,0xa0,0x50,0xa6,0x40,0xf0,0x06,0x00,0xf0,0x00,0x06,0xc0,0x10,0x40,0x00,0x20,0x80,0x00,0x00,0x80,0x80,0xc0,
    0xc3,0xc6,0x7e,0xde,0x1e,0xda,0x18,0x44,0x92,0x08,0x44,0x90,0x08,0x40,0x10,0x00,0x00,0x00,0x00,0x80,0xc0,0x80,0x00,0x00,0x00,0x00,0x00,0x00,0x00,0x00,0x00,0x00,
    0x00,0x00,0x0e,0x31,0xc3,0x0b,0x27,0x8f,0x0f,0x1f,0x3f,0x7f,0x7f,0xff,0xff,0xff,0xff,0xff,0xdf,0xdf,0x8f,0x8f,0x07,0xdf,0xff,0xff,0xff,0xff,0xff,0xff,0xff,0xff,
    0x00,0x00,0x00,0x08,0x00,0x00,0x00,0x00,0x00,0x00,0x00,0x00,0x00,0x00,0x00,0x00,0x80,0x80,0xc0,0x80,0x81,0x21,0x80,0x12,0x9c,0x18,0x98,0x08,0x18,0x80,0x18,0x00,
    0x08,0x98,0x00,0x00,0x18,0x00,0x00,0x00,0x00,0x00,0x19,0x02,0xd6,0xfe,0xfe,0xfe,0xb8,0x6e,0x90,0x68,0x94,0x62,0x88,0x14,0x64,0x84,0x0e,0x5f,0xfd,0x8d,0x89,0x8c,
    0x81,0x0c,0x05,0x80,0x09,0x04,0x00,0x01,0x08,0x00,0x01,0x04,0x00,0x00,0x00,0x00,0x00,0x00,0x00,0x00,0x01,0x00,0x00,0x00,0x00,0x00,0x00,0x00,0x00,0x00,0x00,0x00,
    0x78,0x80,0x04,0x2a,0x81,0x00,0x02,0x80,0x40,0xa0,0x70,0xf8,0xbc,0xde,0xbf,0xff,0xdf,0xef,0xdf,0xf7,0xe7,0xe3,0xe3,0xc1,0xf7,0xfb,0xff,0xff,0xff,0xff,0xff,0xff,
    0x00,0x00,0x00,0x00,0x00,0x10,0x38,0x10,0x00,0x00,0x00,0x00,0x00,0x14,0xff,0xf1,0xf1,0xf1,0xa1,0x50,0x91,0x20,0x43,0x80,0x00,0x00,0x11,0x00,0x00,0x00,0x00,0x00,
    0x00,0x01,0x80,0x80,0xc0,0xc0,0xe0,0x50,0x90,0x40,0x08,0xcc,0x2f,0x0e,0x0e,0x46,0x0a,0x84,0x4a,0x04,0x0a,0x0c,0x02,0x00,0x0a,0x04,0x00,0x0a,0x04,0x01,0x80,0x8a,
    0x86,0xc6,0xc6,0x7e,0xf4,0x32,0xf4,0xa0,0x56,0x20,0x90,0x04,0x50,0xa0,0x00,0x50,0x20,0x00,0x00,0x00,0x00,0x00,0x00,0x00,0x00,0x00,0x00,0x00,0x08,0x00,0x00,0x00,
    0x00,0x00,0x01,0x80,0x42,0x24,0x99,0x03,0x23,0x0f,0x0f,0x1f,0x3f,0x3f,0x7f,0xff,0xff,0xff,0xff,0xff,0xdf,0xdf,0x8f,0x8f,0x07,0xdf,0xff,0xff,0xff,0xff,0xff,0xff
  },
  { // 53
    0x00,0x00,0x00,0x00,0x00,0x00,0x00,0x00,0x00,0x00,0x00,0x00,0xc0,0xc0,0xe0,0xe0,0xf0,0x30,0xf0,0x18,0xf8,0x8c,0x1c,0x0f,0xe7,0x0b,0x17,0x4a,0xe5,0x06,0x1e,0x0d,
    0x05,0x02,0x00,0x00,0x00,0x00,0x80,0xc0,0xa0,0x90,0x9c,0x1e,0x9f,0x0f,0x1a,0x86,0x08,0x06,0x18,0x02,0x04,0x08,0x90,0x06,0x00,0x07,0x0f,0x0a,0x1a,0x0a,0x68,0xc2,
    0x88,0x80,0x8a,0x80,0x00,0x8a,0x00,0x00,0x82,0x00,0x80,0x08,0x00,0x00,0x00,0x00,0x00,0x00,0x00,0x00,0x00,0x00,0x00,0x00,0x00,0x00,0x00,0x00,0x00,0x00,0x00,0x00,
    0x03,0x04,0x08,0x92,0xe0,0x48,0xa0,0x60,0xf0,0xb8,0xdc,0xbe,0xff,0xdf,0xef,0xdf,0xff,0xe7,0xf7,0xe3,0xe3,0xc1,0xf3,0xff,0xff,0xff,0xff,0xff,0xff,0xff,0xff,0xff,
    0x00,0x00,0x00,0x00,0x00,0x00,0x00,0x00,0x00,0x00,0x00,0x00,0x00,0x01,0x02,0x06,0x0e,0x3e,0x7e,0xf8,0xfe,0xe0,0x9e,0xe0,0x04,0x52,0x28,0x84,0x92,0x24,0x00,0x08,
    0x16,0x1c,0x16,0x36,0x77,0x62,0x76,0xe0,0xd6,0xa0,0xd6,0xa0,0x50,0xa6,0x40,0xb0,0x06,0x00,0xf0,0x00,0x06,0xc0,0x10,0x40,0x00,0x20,0x80,0x00,0x40,0x80,0x80,0xc1,
    0xc2,0xc6,0x7e,0xde,0x1e,0xda,0x18,0x44,0x92,0x08,0x44,0x90,0x08,0x40,0x10,0x00,0x00,0x00,0x00,0x80,0xc0,0x80,0x00,0x00,0x00,0x00,0x00,0x00,0x00,0x00,0x00,0x00,
    0x00,0x00,0x0e,0x31,0xc3,0x0b,0x27,0x8f,0x0f,0x1f,0x3f,0x7f,0x7f,0xff,0xff,0xff,0xff,0xff,0xdf,0xdf,0x8f,0x8f,0x07,0xdf,0xff,0xff,0xff,0xff,0xff,0xff,0xff,0xff,
    0x00,0x00,0x00,0x08,0x00,0x00,0x00,0x00,0x00,0x00,0x00,0x00,0x00,0x00,0x00,0x00,0x80,0x80,0xc0,0x80,0x81,0x21,0x80,0x12,0x9c,0x18,0x98,0x08,0x18,0x80,0x18,0x00,
    0x00,0x98,0x00,0x00,0x18,0x08,0x00,0x00,0x00,0x01,0x10,0x12,0x3e,0xfe,0xfe,0xfe,0xe8,0x96,0x68,0x90,0x64,0x8a,0x50,0xa4,0x04,0x4c,0x96,0x7f,0xfd,0xcd,0x89,0x8c,
    0x81,0x0c,0x05,0x80,0x09,0x04,0x00,0x01,0x08,0x00,0x01,0x04,0x00,0x00,0x00,0x00,0x00,0x00,0x00,0x00,0x01,0x00,0x00,0x00,0x00,0x00,0x00,0x00,0x00,0x00,0x00,0x00,
    0x78,0x80,0x04,0x2a,0x81,0x00,0x02,0x80,0x40,0xa0,0x70,0xf8,0xbc,0xde,0xbf,0xff,0xdf,0xef,0xdf,0xf7,0xe7,0xe3,0xe3,0xc1,0xf7,0xfb,0xff,0xff,0xff,0xff,0xff,0xff,
    0x00,0x00,0x00,0x00,0x00,0x10,0x38,0x10,0x00,0x00,0x00,0x00,0x00,0x10,0xf5,0xff,0xf1,0xf1,0xa1,0x50,0x91,0x20,0x43,0x80,0x00,0x00,0x11,0x00,0x00,0x00,0x00,0x00,
    0x00,0x01,0x80,0x80,0xc0,0xc0,0xe0,0x40,0x90,0x50,0x00,0xcc,0x2c,0x0f,0x8e,0x4e,0x02,0x8e,0x40,0x0e,0x00,0x0e,0x08,0x42,0x00,0x0e,0x00,0x00,0x0e,0x01,0x00,0x82,
    0x8e,0xc6,0xc6,0xfe,0x74,0xb2,0x74,0xa0,0xd6,0x20,0x10,0x84,0x50,0x20,0x80,0x50,0x20,0x00,0x00,0x00,0x00,0x00,0x00,0x00,0x00,0x00,0x00,0x00,0x08,0x00,0x00,0x00,
    0x00,0x00,0x01,0x80,0x42,0x24,0x99,0x03,0x23,0x0f,0x0f,0x1f,0x3f,0x3f,0x7f,0xff,0xff,0xff,0xff,0xff,0xdf,0xdf,0x8f,0x8f,0x07,0xdf,0xff,0xff,0xff,0xff,0xff,0xff
  },
  { // 54
    0x00,0x00,0x00,0x00,0x00,0x00,0x00,0x00,0x00,0x00,0x00,0x00,0x40,0xc0,0xe0,0xe0,0xf0,0xb0,0x70,0x90,0x78,0x88,0x9c,0x0f,0x6f,0x87,0x1b,0x46,0x69,0x86,0x1e,0x05,
    0x09,0x06,0x00,0x00,0x00,0x00,0x80,0xc0,0x80,0xb0,0x98,0x1c,0x9f,0x0f,0x1e,0x82,0x0e,0x00,0x1e,0x00,0x02,0x0c,0x90,0x00,0x06,0x07,0x0b,0x0e,0x1a,0x6a,0xc8,0x82,
    0x8a,0x80,0x8a,0x00,0x80,0x0a,0x00,0x80,0x02,0x80,0x00,0x08,0x00,0x00,0x00,0x00,0x00,0x00,0x00,0x00,0x00,0x00,0x00,0x00,0x00,0x00,0x00,0x00,0x00,0x00,0x00,0x00,
    0x03,0x04,0x08,0x92,0xe0,0x48,0xa0,0x60,0xf0,0xb8,0xdc,0xbe,0xff,0xdf,0xef,0xdf,0xff,0xe7,0xf7,0xe3,0xe3,0xc1,0xf3,0xff,0xff,0xff,0xff,0xff,0xff,0xff,0xff,0xff,
    0x00,0x00,0x00,0x00,0x00,0x00,0x00,0x00,0x00,0x00,0x00,0x00,0x00,0x01,0x02,0x06,0x1e,0x3e,0x7e,0xf8,0xee,0xf0,0x8e,0xe0,0x14,0x42,0x28,0x94,0x82,0x24,0x00,0x08,
    0x16,0x1c,0x16,0x36,0x77,0x62,0x76,0xe0,0xd6,0xa0,0xd6,0xa0,0x50,0xa6,0x40,0xb0,0x06,0x00,0xf0,0x00,0x06,0xc0,0x10,0x40,0x00,0x20,0x80,0x00,0x40,0x80,0x80,0xc1,
    0xc2,0xc6,0x76,0xde,0x1e,0xda,0x18,0x4c,0x92,0x00,0x4c,0x90,0x00,0x48,0x10,0x00,0x00,0x00,0x00,0x80,0xc0,0x80,0x00,0x00,0x00,0x00,0x00,0x00,0x00,0x00,0x00,0x00,
    0x00,0x00,0x0e,0x31,0xc3,0x0b,0x27,0x8f,0x0f,0x1f,0x3f,0x7f,0x7f,0xff,0xff,0xff,0xff,0xff,0xdf,0xdf,0x8f,0x8f,0x07,0xdf,0xff,0xff,0xff,0xff,0xff,0xff,0xff,0xff,
    0x00,0x00,0x00,0x08,0x00,0x00,0x00,0x00,0x00,0x00,0x00,0x00,0x00,0x00,0x00,0x00,0x00,0x80,0x80,0xc0,0x81,0xa1,0x00,0x92,0x1c,0x98,0x18,0x88,0x18,0x00,0x98,0x00,
    0x00,0x18,0x80,0x00,0x18,0x08,0x00,0x00,0x00,0x01,0x12,0x16,0x3e,0xfe,0xfe,0xf8,0xee,0x90,0x68,0x94,0x62,0x88,0x54,0xa4,0x00,0x4c,0xd6,0x7d,0xbd,0xcd,0x89,0x8c,
    0x81,0x0c,0x01,0x80,0x09,0x04,0x00,0x01,0x08,0x00,0x01,0x04,0x00,0x00,0x00,0x00,0x00,0x00,0x00,0x00,0x01,0x00,0x00,0x00,0x00,0x00,0x00,0x00,0x00,0x00,0x00,0x00,
    0x78,0x80,0x04,0x2a,0x81,0x00,0x02,0x80,0x40,0xa0,0x70,0xf8,0xbc,0xde,0xbf,0xff,0xdf,0xef,0xdf,0xf7,0xe7,0xe3,0xe3,0xc1,0xf7,0xfb,0xff,0xff,0xff,0xff,0xff,0xff,
    0x00,0x00,0x00,0x00,0x00,0x10,0x38,0x10,0x00,0x00,0x00,0x00,0x00,0x50,0xf4,0xff,0xf1,0xb1,0xe1,0x11,0x90,0x61,0x42,0x81,0x00,0x00,0x10,0x01,0x00,0x00,0x00,0x00,
    0x00,0x00,0x81,0x80,0xc0,0xc0,0xe0,0x40,0x90,0x50,0x00,0xc8,0x2c,0x0f,0x8e,0x4e,0x06,0x8a,0x44,0x0a,0x04,0x0a,0x0c,0x42,0x00,0x0a,0x04,0x00,0x0a,0x05,0x00,0x82,
    0x8a,0xc6,0xe6,0xfe,0x74,0xb2,0x74,0x80,0xf6,0x00,0x00,0x84,0x70,0x00,0x80,0x70,0x00,0x00,0x00,0x00,0x00,0x00,0x00,0x00,0x00,0x00,0x00,0x00,0x08,0x00,0x00,0x00,
    0x00,0x00,0x01,0x80,0x42,0x24,0x99,0x03,0x23,0x0f,0x0f,0x1f,0x3f,0x3f,0x7f,0xff,0xff,0xff,0xff,0xff,0xdf,0xdf,0x8f,0x8f,0x07,0xdf,0xff,0xff,0xff,0xff,0xff,0xff
  },
  { // 55
    0x00,0x00,0x00,0x00,0x00,0x00,0x00,0x00,0x00,0x00,0x00,0x00,0x40,0xc0,0xc0,0xe0,0xf0,0xb0,0x70,0xb0,0x58,0xa8,0x9c,0x0f,0x4f,0xa7,0x13,0x06,0x49,0xa6,0x1e,0x05,
    0x08,0x06,0x00,0x00,0x00,0x00,0x80,0x80,0xc0,0xa0,0x90,0x1c,0x9f,0x1f,0x0e,0x9a,0x06,0x18,0x06,0x18,0x02,0x04,0x08,0x10,0x06,0x07,0x0b,0x0e,0x1a,0x6a,0xc8,0x82,
    0x8a,0x80,0x8a,0x00,0x80,0x0a,0x00,0x80,0x02,0x80,0x00,0x08,0x00,0x00,0x00,0x00,0x00,0x00,0x00,0x00,0x00,0x00,0x00,0x00,0x00,0x00,0x00,0x00,0x00,0x00,0x00,0x00,
    0x03,0x04,0x08,0x92,0xe0,0x48,0xa0,0x60,0xf0,0xb8,0xdc,0xbe,0xff,0xdf,0xef,0xdf,0xff,0xe7,0xf7,0xe3,0xe3,0xc1,0xf3,0xff,0xff,0xff,0xff,0xff,0xff,0xff,0xff,0xff,
    0x00,0x00,0x00,0x00,0x00,0x00,0x00,0x00,0x00,0x00,0x00,0x00,0x00,0x01,0x02,0x0e,0x3e,0x7e,0x7e,0xf8,0xe6,0x98,0xe6,0x80,0x54,0x2a,0x00,0x94,0xa2,0x00,0x08,0x00,
    0x16,0x1c,0x16,0x36,0x77,0x62,0x76,0xe0,0xd6,0xa0,0xd6,0xa0,0x50,0xa6,0x40,0xb0,0x06,0x00,0xf0,0x00,0x06,0xc0,0x10,0x40,0x00,0x20,0x80,0x00,0x40,0x00,0x81,0xc0,
    0xc2,0xc6,0xf6,0x5e,0x9e,0x5a,0x98,0x4c,0x12,0x80,0x4c,0x10,0x80,0x48,0x10,0x00,0x00,0x00,0x00,0x80,0xc0,0x80,0x00,0x00,0x00,0x00,0x00,0x00,0x00,0x00,0x00,0x00,
    0x00,0x00,0x0e,0x31,0xc3,0x0b,0x27,0x8f,0x0f,0x1f,0x3f,0x7f,0x7f,0xff,0xff,0xff,0xff,0xff,0xdf,0xdf,0x8f,0x8f,0x07,0xdf,0xff,0xff,0xff,0xff,0xff,0xff,0xff,0xff,
    0x00,0x00,0x00,0x08,0x00,0x00,0x00,0x00,0x00,0x00,0x00,0x00,0x00,0x00,0x00,0x00,0x00,0x80,0x80,0xc0,0x81,0xa1,0x00,0x92,0x1c,0x98,0x18,0x88,0x18,0x00,0x98,0x00,
    0x00,0x18,0x80,0x00,0x18,0x18,0x00,0x00,0x00,0x01,0x02,0x1e,0x3e,0xfe,0xfe,0xf8,0xe6,0x98,0x64,0x94,0x6a,0x80,0x54,0xa4,0x08,0x40,0xd6,0xfe,0x9d,0xcd,0x8d,0x89,
    0x04,0x09,0x84,0x01,0x08,0x01,0x04,0x08,0x09,0x00,0x00,0x01,0x04,0x00,0x00,0x00,0x00,0x00,0x00,0x00,0x01,0x00,0x00,0x00,0x00,0x00,0x00,0x00,0x00,0x00,0x00,0x00,
    0x78,0x80,0x04,0x2a,0x81,0x00,0x02,0x80,0x40,0xa0,0x70,0xf8,0xbc,0xde,0xbf,0xff,0xdf,0xef,0xdf,0xf7,0xe7,0xe3,0xe3,0xc1,0xf7,0xfb,0xff,0xff,0xff,0xff,0xff,0xff,
    0x00,0x00,0x00,0x00,0x00,0x10,0x38,0x10,0x00,0x00,0x00,0x00,0x00,0xf0,0xf4,0xfd,0xf3,0xb1,0x41,0x91,0x30,0x41,0xc2,0x81,0x00,0x00,0x10,0x01,0x00,0x00,0x01,0x00,
    0x00,0x00,0x81,0x80,0xc0,0xc0,0xc0,0x60,0x90,0x50,0x00,0xc8,0x2c,0x0c,0x8f,0x4e,0x06,0x8a,0x46,0x08,0x06,0x08,0x0e,0x40,0x02,0x08,0x06,0x00,0x09,0x06,0x00,0x82,
    0x8a,0xc6,0xe6,0xfe,0x74,0xb2,0x74,0x80,0xf6,0x00,0x00,0x84,0x70,0x00,0x80,0x70,0x00,0x00,0x00,0x00,0x00,0x00,0x00,0x00,0x00,0x00,0x00,0x00,0x08,0x00,0x00,0x00,
    0x00,0x00,0x01,0x80,0x42,0x24,0x99,0x03,0x23,0x0f,0x0f,0x1f,0x3f,0x3f,0x7f,0xff,0xff,0xff,0xff,0xff,0xdf,0xdf,0x8f,0x8f,0x07,0xdf,0xff,0xff,0xff,0xff,0xff,0xff
  },
  { // 56
    0x00,0x00,0x00,0x00,0x00,0x00,0x00,0x00,0x00,0x00,0x00,0x00,0x00,0xc0,0xc0,0xe0,0xf0,0xf0,0x30,0xf0,0x18,0xe8,0x9c,0x0c,0x0f,0xe7,0x13,0x07,0x0a,0xe5,0x1e,0x04,
    0x09,0x04,0x02,0x00,0x00,0x00,0x80,0x80,0xc0,0x80,0xa0,0x18,0x9f,0x1f,0x1e,0x8e,0x12,0x0c,0x12,0x0c,0x12,0x00,0x0c,0x00,0x12,0x07,0x03,0x0a,0x5e,0xea,0x88,0x8a,
    0x82,0x88,0x02,0x88,0x00,0x00,0x88,0x00,0x82,0x00,0x00,0x00,0x08,0x00,0x00,0x00,0x00,0x00,0x00,0x00,0x00,0x00,0x00,0x00,0x00,0x00,0x00,0x00,0x00,0x00,0x00,0x00,
    0x03,0x04,0x08,0x92,0xe0,0x48,0xa0,0x60,0xf0,0xb8,0xdc,0xbe,0xff,0xdf,0xef,0xdf,0xff,0xe7,0xf7,0xe3,0xe3,0xc1,0xf3,0xff,0xff,0xff,0xff,0xff,0xff,0xff,0xff,0xff,
    0x00,0x00,0x00,0x00,0x00,0x00,0x00,0x00,0x00,0x00,0x00,0x00,0x00,0x00,0x0b,0x1e,0x3e,0x7e,0x7e,0xe8,0xf6,0x88,0xf6,0x90,0x44,0x2a,0x10,0x84,0xa2,0x00,0x48,0x10,
    0x16,0x1c,0x36,0x76,0x77,0x62,0xf6,0xc0,0xb6,0xc0,0xb6,0x40,0xb0,0x46,0xa0,0x10,0x06,0xe0,0x10,0x00,0xc6,0x00,0x50,0x00,0x20,0x80,0x00,0x40,0x00,0x00,0x81,0xc0,
    0xc2,0xc6,0xf6,0x5e,0x9e,0x5a,0x98,0x4c,0x12,0x80,0x4c,0x10,0x80,0x48,0x10,0x00,0x00,0x00,0x00,0x80,0xc0,0x80,0x00,0x00,0x00,0x00,0x00,0x00,0x00,0x00,0x00,0x00,
    0x00,0x00,0x0e,0x31,0xc3,0x0b,0x27,0x8f,0x0f,0x1f,0x3f,0x7f,0x7f,0xff,0xff,0xff,0xff,0xff,0xdf,0xdf,0x8f,0x8f,0x07,0xdf,0xff,0xff,0xff,0xff,0xff,0xff,0xff,0xff,
    0x00,0x00,0x00,0x08,0x00,0x00,0x00,0x00,0x00,0x00,0x00,0x00,0x00,0x00,0x00,0x00,0x00,0x00,0x80,0xc0,0x81,0xa1,0x80,0x12,0x9c,0x18,0x98,0x08,0x98,0x00,0x18,0x80,
    0x00,0x18,0x00,0x80,0x10,0x18,0x00,0x00,0x01,0x02,0x16,0x1e,0x3e,0x7e,0xf8,0xee,0xf0,0x8e,0xf4,0x02,0xe8,0x14,0xc6,0x20,0x88,0x52,0x54,0xf6,0x8d,0xcd,0x8d,0x89,
    0x0c,0x01,0x8c,0x01,0x00,0x09,0x04,0x00,0x09,0x08,0x00,0x01,0x04,0x00,0x00,0x00,0x00,0x00,0x00,0x00,0x01,0x00,0x00,0x00,0x00,0x00,0x00,0x00,0x00,0x00,0x00,0x00,
    0x78,0x80,0x04,0x2a,0x81,0x00,0x02,0x80,0x40,0xa0,0x70,0xf8,0xbc,0xde,0xbf,0xff,0xdf,0xef,0xdf,0xf7,0xe7,0xe3,0xe3,0xc1,0xf7,0xfb,0xff,0xff,0xff,0xff,0xff,0xff,
    0x00,0x00,0x00,0x00,0x00,0x10,0x38,0x10,0x00,0x00,0x00,0x00,0x40,0xf0,0xf0,0xfc,0xb7,0xf1,0x01,0x91,0x71,0x42,0x87,0x92,0x01,0x00,0x10,0x00,0x01,0x00,0x00,0x01,
    0x00,0x00,0x00,0x81,0xc0,0xc0,0xc0,0xe0,0x10,0xd0,0x00,0x40,0xac,0x0c,0x0f,0xce,0x0e,0x02,0xce,0x00,0x0e,0x00,0x0e,0x48,0x02,0x00,0x0e,0x00,0x01,0x0e,0x00,0x82,
    0x82,0xce,0xe6,0xfe,0x74,0xb2,0x74,0x80,0xf6,0x00,0x00,0x84,0x70,0x00,0x80,0x70,0x00,0x00,0x00,0x00,0x00,0x00,0x00,0x00,0x00,0x00,0x00,0x00,0x08,0x00,0x00,0x00,
    0x00,0x00,0x01,0x80,0x42,0x24,0x99,0x03,0x23,0x0f,0x0f,0x1f,0x3f,0x3f,0x7f,0xff,0xff,0xff,0xff,0xff,0xdf,0xdf,0x8f,0x8f,0x07,0xdf,0xff,0xff,0xff,0xff,0xff,0xff
  },
  { // 57
    0x00,0x00,0x00,0x00,0x00,0x00,0x00,0x00,0x00,0x00,0x00,0x00,0x00,0x40,0xc0,0xe0,0xf0,0xf0,0xb0,0x70,0x98,0x68,0x9c,0x8c,0x0f,0x67,0x93,0x07,0x0a,0x65,0x9e,0x04,
    0x09,0x04,0x02,0x00,0x00,0x00,0x00,0x80,0x80,0xc0,0xa0,0x90,0x1f,0x9f,0x1e,0x0e,0x9a,0x04,0x1a,0x04,0x1a,0x00,0x04,0x08,0x12,0x07,0x07,0x0a,0x5e,0xea,0x88,0x8a,
    0x82,0x88,0x02,0x88,0x00,0x00,0x88,0x00,0x82,0x00,0x00,0x00,0x08,0x00,0x00,0x00,0x00,0x00,0x00,0x00,0x00,0x00,0x00,0x00,0x00,0x00,0x00,0x00,0x00,0x00,0x00,0x00,
    0x03,0x04,0x08,0x92,0xe0,0x48,0xa0,0x60,0xf0,0xb8,0xdc,0xbe,0xff,0xdf,0xef,0xdf,0xff,0xe7,0xf7,0xe3,0xe3,0xc1,0xf3,0xff,0xff,0xff,0xff,0xff,0xff,0xff,0xff,0xff,
    0x00,0x00,0x00,0x00,0x00,0x00,0x00,0x00,0x00,0x00,0x00,0x00,0x00,0x00,0x0b,0x3e,0x3e,0x7e,0x7e,0xe8,0xd6,0xa8,0xd6,0x98,0x64,0x0a,0x10,0xa4,0x8a,0x00,0x48,0x10,
    0x16,0x1c,0x36,0x76,0x77,0x62,0xf6,0xc0,0xb6,0xc0,0xb6,0x40,0xb0,0x46,0xa0,0x10,0x04,0xe0,0x10,0x00,0xc6,0x00,0x50,0x00,0x20,0x80,0x00,0x40,0x00,0x00,0x81,0xc2,
    0xc2,0xc6,0xf6,0x5e,0x9e,0x58,0x98,0x4e,0x10,0x80,0x4c,0x10,0x80,0x48,0x10,0x00,0x00,0x00,0x00,0x80,0xc0,0x80,0x00,0x00,0x00,0x00,0x00,0x00,0x00,0x00,0x00,0x00,
    0x00,0x00,0x0e,0x31,0xc3,0x0b,0x27,0x8f,0x0f,0x1f,0x3f,0x7f,0x7f,0xff,0xff,0xff,0xff,0xff,0xdf,0xdf,0x8f,0x8f,0x07,0xdf,0xff,0xff,0xff,0xff,0xff,0xff,0xff,0xff,
    0x00,0x00,0x00,0x00,0x00,0x00,0x00,0x00,0x00,0x00,0x00,0x00,0x00,0x00,0x00,0x00,0x00,0x00,0x80,0xc0,0x81,0xa1,0x80,0x12,0x9c,0x18,0x98,0x08,0x98,0x00,0x18,0x80,
    0x00,0x18,0x00,0x80,0x10,0x18,0x00,0x00,0x01,0x02,0x1e,0x1e,0x3e,0x7e,0xf8,0xe6,0xf8,0x86,0xf4,0x0a,0xe0,0x14,0xc6,0x28,0x80,0x52,0x50,0xb4,0x8f,0xcd,0x8d,0x8d,
    0x08,0x05,0x88,0x05,0x00,0x09,0x00,0x04,0x09,0x08,0x00,0x01,0x00,0x04,0x00,0x00,0x00,0x00,0x00,0x00,0x01,0x00,0x00,0x00,0x00,0x00,0x00,0x00,0x00,0x00,0x00,0x00,
    0x78,0x80,0x04,0x2a,0x81,0x00,0x02,0x80,0x40,0xa0,0x70,0xf8,0xbc,0xde,0xbf,0xff,0xdf,0xef,0xdf,0xf7,0xe7,0xe3,0xe3,0xc1,0xf7,0xfb,0xff,0xff,0xff,0xff,0xff,0xff,
    0x00,0x00,0x00,0x00,0x00,0x00,0x10,0x00,0x00,0x00,0x00,0x00,0x40,0xf0,0xf0,0xfc,0xb5,0xf3,0x01,0x91,0x71,0x42,0x87,0x92,0x01,0x00,0x10,0x00,0x01,0x00,0x00,0x01,
    0x00,0x00,0x00,0x81,0x80,0xc0,0xc0,0xe0,0x40,0x90,0x50,0x80,0xe8,0x0c,0x0f,0x8e,0x4e,0x06,0x8a,0x44,0x0a,0x04,0x0a,0x0c,0x40,0x00,0x0a,0x04,0x01,0x0a,0x04,0x82,
    0x82,0xce,0xe6,0xfe,0x74,0xb2,0x74,0x80,0xf6,0x40,0x00,0x84,0x70,0x00,0x80,0x70,0x00,0x00,0x00,0x00,0x00,0x00,0x00,0x00,0x00,0x00,0x00,0x00,0x08,0x00,0x00,0x00,
    0x00,0x00,0x01,0x80,0x42,0x24,0x99,0x03,0x23,0x0f,0x0f,0x1f,0x3f,0x3f,0x7f,0xff,0xff,0xff,0xff,0xff,0xdf,0xdf,0x8f,0x8f,0x07,0xdf,0xff,0xff,0xff,0xff,0xff,0xff
  },
  { // 58
    0x00,0x00,0x00,0x00,0x00,0x00,0x00,0x00,0x00,0x00,0x00,0x00,0x00,0x40,0xc0,0xc0,0xe0,0xf0,0xb0,0x70,0xb8,0x58,0xac,0x9c,0x0f,0x47,0xa3,0x17,0x0a,0x45,0xae,0x14,
    0x09,0x04,0x02,0x00,0x00,0x00,0x00,0x80,0x80,0xc0,0x80,0xa0,0x1f,0x9f,0x1e,0x1e,0x8a,0x14,0x0a,0x14,0x0a,0x10,0x04,0x08,0x02,0x14,0x07,0x4b,0x7e,0x8a,0x8a,0x88,
    0x82,0x88,0x00,0x8a,0x00,0x00,0x88,0x00,0x82,0x02,0x00,0x00,0x08,0x00,0x00,0x00,0x00,0x00,0x00,0x00,0x00,0x00,0x00,0x00,0x00,0x00,0x00,0x00,0x00,0x00,0x00,0x00,
    0x03,0x04,0x08,0x92,0xe0,0x48,0xa0,0x60,0xf0,0xb8,0xdc,0xbe,0xff,0xdf,0xef,0xdf,0xff,0xe7,0xf7,0xe3,0xe3,0xc1,0xf3,0xff,0xff,0xff,0xff,0xff,0xff,0xff,0xff,0xff,
    0x00,0x00,0x00,0x00,0x00,0x00,0x00,0x00,0x00,0x00,0x00,0x00,0x00,0x00,0x1f,0x3e,0x7e,0x7e,0xea,0xf4,0x8a,0xf4,0x9a,0x44,0x28,0x12,0x84,0xa8,0x02,0x48,0x10,0x00,
    0x16,0x1c,0x16,0x76,0x77,0x62,0xf6,0xe0,0x96,0xe0,0x96,0x60,0x90,0x66,0x80,0x30,0x00,0xc0,0x30,0x00,0xc6,0x00,0x50,0x00,0x00,0xa0,0x00,0x40,0x00,0x00,0x81,0xc2,
    0xc2,0xc2,0xf6,0x5e,0x9c,0x5c,0x98,0x4a,0x14,0x80,0x48,0x14,0x80,0x48,0x10,0x00,0x00,0x00,0x00,0x80,0xc0,0x80,0x00,0x00,0x00,0x00,0x00,0x00,0x00,0x00,0x00,0x00,
    0x00,0x00,0x0e,0x31,0xc3,0x0b,0x27,0x8f,0x0f,0x1f,0x3f,0x7f,0x7f,0xff,0xff,0xff,0xff,0xff,0xdf,0xdf,0x8f,0x8f,0x07,0xdf,0xff,0xff,0xff,0xff,0xff,0xff,0xff,0xff,
    0x00,0x00,0x00,0x00,0x00,0x00,0x00,0x00,0x00,0x00,0x00,0x00,0x00,0x00,0x00,0x00,0x00,0x00,0x80,0x80,0xc1,0xa1,0x80,0x12,0x9c,0x18,0x98,0x08,0x98,0x00,0x18,0x80,
    0x00,0x18,0x00,0x80,0x10,0x18,0x00,0x01,0x02,0x16,0x1e,0x1e,0x3e,0x78,0xee,0xf0,0xee,0x94,0xe2,0x08,0xf4,0x06,0xc0,0x28,0x92,0x40,0xf0,0xb4,0x8e,0xcd,0x8d,0x8d,
    0x09,0x84,0x09,0x04,0x01,0x08,0x81,0x04,0x08,0x09,0x00,0x00,0x01,0x04,0x00,0x00,0x00,0x00,0x00,0x00,0x01,0x00,0x00,0x00,0x00,0x00,0x00,0x00,0x00,0x00,0x00,0x00,
    0x78,0x80,0x04,0x2a,0x81,0x00,0x02,0x80,0x40,0xa0,0x70,0xf8,0xbc,0xde,0xbf,0xff,0xdf,0xef,0xdf,0xf7,0xe7,0xe3,0xe3,0xc1,0xf7,0xfb,0xff,0xff,0xff,0xff,0xff,0xff,
    0x00,0x00,0x00,0x00,0x00,0x00,0x10,0x00,0x00,0x00,0x00,0x00,0x60,0xf0,0xf0,0xfc,0xb4,0xd3,0x01,0xb1,0x51,0x43,0x87,0x93,0x00,0x01,0x10,0x00,0x00,0x01,0x00,0x00,
    0x01,0x00,0x00,0x80,0x81,0xc0,0xc0,0xe0,0x40,0x90,0x50,0x80,0xe8,0x0c,0x0c,0x8f,0x4e,0x06,0x8a,0x46,0x08,0x06,0x08,0x0e,0x40,0x00,0x08,0x06,0x01,0x08,0x06,0x02,
    0x82,0xce,0xee,0xf4,0xf6,0x30,0xf4,0x02,0xf4,0xc0,0x00,0x04,0xf0,0x00,0x00,0xf0,0x00,0x00,0x00,0x00,0x00,0x00,0x00,0x00,0x00,0x00,0x00,0x00,0x08,0x00,0x00,0x00,
    0x00,0x00,0x01,0x80,0x42,0x24,0x99,0x03,0x23,0x0f,0x0f,0x1f,0x3f,0x3f,0x7f,0xff,0xff,0xff,0xff,0xff,0xdf,0xdf,0x8f,0x8f,0x07,0xdf,0xff,0xff,0xff,0xff,0xff,0xff
  },
  { // 59
    0x00,0x00,0x00,0x00,0x00,0x00,0x00,0x00,0x00,0x00,0x00,0x00,0x00,0x00,0x40,0xc0,0xe0,0xf0,0xf0,0xb0,0x78,0x98,0x6c,0xdc,0x8f,0x07,0x63,0x97,0x0a,0x05,0x6e,0x94,
    0x09,0x04,0x02,0x00,0x00,0x00,0x00,0x80,0x80,0xc0,0x80,0xa1,0x11,0x9e,0x1e,0x1e,0x8e,0x1a,0x04,0x1a,0x04,0x1a,0x04,0x06,0x18,0x12,0x07,0x4b,0xfa,0x8e,0x8a,0x88,
    0x82,0x0a,0x84,0x0a,0x00,0x80,0x08,0x00,0x02,0x02,0x00,0x00,0x08,0x00,0x00,0x00,0x00,0x00,0x00,0x00,0x00,0x00,0x00,0x00,0x00,0x00,0x00,0x00,0x00,0x00,0x00,0x00,
    0x03,0x04,0x08,0x92,0xe0,0x48,0xa0,0x60,0xf0,0xb8,0xdc,0xbe,0xff,0xdf,0xef,0xdf,0xff,0xe7,0xf7,0xe3,0xe3,0xc1,0xf3,0xff,0xff,0xff,0xff,0xff,0xff,0xff,0xff,0xff,
    0x00,0x00,0x00,0x00,0x00,0x00,0x00,0x00,0x00,0x00,0x00,0x00,0x00,0x00,0x3c,0x3f,0x7e,0x7e,0xea,0xd6,0xa8,0xd6,0x98,0x66,0x08,0x10,0xa6,0x88,0x00,0x4a,0x10,0x00,
    0x14,0x1e,0x14,0x76,0x76,0x63,0xf6,0xe2,0x94,0xe2,0x94,0x62,0x90,0x64,0x82,0x30,0x00,0xc0,0x30,0x00,0xc4,0x02,0x50,0x00,0x00,0xa0,0x00,0x40,0x00,0x01,0x80,0xc2,
    0xc2,0xc2,0xf6,0x5e,0x9c,0x5c,0x98,0x4a,0x14,0x80,0x48,0x14,0x80,0x48,0x10,0x00,0x00,0x00,0x00,0x80,0xc0,0x80,0x00,0x00,0x00,0x00,0x00,0x00,0x00,0x00,0x00,0x00,
    0x00,0x00,0x0e,0x31,0xc3,0x0b,0x27,0x8f,0x0f,0x1f,0x3f,0x7f,0x7f,0xff,0xff,0xff,0xff,0xff,0xdf,0xdf,0x8f,0x8f,0x07,0xdf,0xff,0xff,0xff,0xff,0xff,0xff,0xff,0xff,
    0x00,0x00,0x00,0x00,0x00,0x00,0x00,0x00,0x00,0x00,0x00,0x00,0x00,0x00,0x00,0x00,0x00,0x00,0x00,0x80,0xc1,0xa1,0x80,0x92,0x1c,0x98,0x18,0x88,0x18,0x80,0x18,0x00,
    0x80,0x18,0x00,0x00,0x80,0x18,0x00,0x01,0x06,0x1e,0x1e,0x3e,0x3a,0x7c,0xe2,0xfc,0xc6,0xb0,0xca,0x24,0xd0,0x02,0xe8,0x00,0x92,0x44,0xf0,0x94,0x8e,0xcd,0x8d,0x8d,
    0x09,0x84,0x09,0x04,0x01,0x08,0x81,0x04,0x08,0x09,0x00,0x00,0x01,0x04,0x00,0x00,0x00,0x00,0x00,0x00,0x01,0x00,0x00,0x00,0x00,0x00,0x00,0x00,0x00,0x00,0x00,0x00,
    0x78,0x80,0x04,0x2a,0x81,0x00,0x02,0x80,0x40,0xa0,0x70,0xf8,0xbc,0xde,0xbf,0xff,0xdf,0xef,0xdf,0xf7,0xe7,0xe3,0xe3,0xc1,0xf7,0xfb,0xff,0xff,0xff,0xff,0xff,0xff,
    0x00,0x00,0x00,0x00,0x00,0x00,0x10,0x00,0x00,0x00,0x00,0x00,0xe0,0xf0,0xf0,0xf8,0xb4,0x55,0x83,0x31,0x51,0xc3,0x87,0x13,0x00,0x01,0x10,0x00,0x00,0x01,0x00,0x00,
    0x01,0x00,0x00,0x00,0x81,0xc0,0xc0,0xe0,0xc0,0x10,0xd0,0x00,0xe8,0x8c,0x4c,0x0f,0xce,0x06,0x0a,0xc6,0x08,0x06,0x08,0x0e,0x40,0x00,0x08,0x06,0x01,0x08,0x06,0x02,
    0xc2,0xce,0xfe,0xf4,0xb6,0x70,0xa0,0x52,0xe4,0x80,0x00,0x54,0xa0,0x00,0x50,0xa0,0x00,0x00,0x00,0x00,0x00,0x00,0x00,0x00,0x00,0x00,0x00,0x00,0x08,0x00,0x00,0x00,
    0x00,0x00,0x01,0x80,0x42,0x24,0x99,0x03,0x23,0x0f,0x0f,0x1f,0x3f,0x3f,0x7f,0xff,0xff,0xff,0xff,0xff,0xdf,0xdf,0x8f,0x8f,0x07,0xdf,0xff,0xff,0xff,0xff,0xff,0xff
  },
  { // 60
    0x00,0x00,0x00,0x00,0x00,0x00,0x00,0x00,0x00,0x00,0x00,0x00,0x00,0x00,0x40,0xc0,0xe0,0xf0,0xf0,0xb0,0x78,0x98,0x68,0xfc,0x8f,0x07,0x67,0x93,0x0e,0x05,0x6e,0x94,
    0x09,0x00,0x06,0x00,0x00,0x00,0x00,0x80,0x80,0x80,0xc0,0x81,0x21,0x9e,0x1e,0x1e,0x9e,0x0a,0x14,0x0a,0x14,0x0a,0x14,0x06,0x08,0x12,0x57,0x4f,0xba,0x8e,0x8a,0x88,
    0x82,0x0a,0x84,0x0a,0x00,0x80,0x08,0x02,0x07,0x02,0x00,0x00,0x08,0x00,0x00,0x00,0x00,0x00,0x00,0x00,0x00,0x00,0x00,0x00,0x00,0x00,0x00,0x00,0x00,0x00,0x00,0x00,
    0x03,0x04,0x08,0x92,0xe0,0x48,0xa0,0x60,0xf0,0xb8,0xdc,0xbe,0xff,0xdf,0xef,0xdf,0xff,0xe7,0xf7,0xe3,0xe3,0xc1,0xf3,0xff,0xff,0xff,0xff,0xff,0xff,0xff,0xff,0xff,
    0x00,0x00,0x00,0x00,0x00,0x00,0x00,0x00,0x00,0x00,0x00,0x00,0x00,0x18,0x3c,0x3f,0x7e,0x6e,0xf2,0xce,0xb0,0xde,0x80,0x6e,0x10,0x00,0xae,0x80,0x08,0x52,0x00,0x00,
    0x04,0x1e,0x14,0x76,0x76,0xf3,0xe6,0xf2,0x84,0xf2,0x04,0xf2,0x00,0xf4,0x02,0xa0,0x92,0x40,0x20,0x90,0x44,0x00,0xc0,0x10,0x80,0x20,0x00,0x40,0x00,0x01,0x80,0xc2,
    0xc2,0xc2,0xf6,0x5e,0x9c,0x5c,0x98,0x4a,0x14,0x80,0x48,0x14,0x80,0x48,0x10,0x00,0x00,0x00,0x00,0x80,0xc0,0x80,0x00,0x00,0x00,0x00,0x00,0x00,0x00,0x00,0x00,0x00,
    0x00,0x00,0x0e,0x31,0xc3,0x0b,0x27,0x8f,0x0f,0x1f,0x3f,0x7f,0x7f,0xff,0xff,0xff,0xff,0xff,0xdf,0xdf,0x8f,0x8f,0x07,0xdf,0xff,0xff,0xff,0xff,0xff,0xff,0xff,0xff,
    0x00,0x00,0x00,0x00,0x00,0x00,0x00,0x00,0x00,0x00,0x00,0x00,0x00,0x00,0x00,0x00,0x00,0x00,0x00,0x80,0xc1,0xa1,0x80,0x92,0x1c,0x98,0x18,0x88,0x18,0x80,0x18,0x00,
    0x80,0x18,0x00,0x00,0x80,0x18,0x01,0x02,0x06,0x1e,0x1e,0x3e,0x38,0x7e,0xe0,0xfe,0xc4,0xb2,0xc8,0x24,0xd2,0x00,0x68,0x02,0xd0,0x44,0xb0,0x90,0x8c,0xcf,0x8d,0x8d,
    0x0d,0x80,0x4d,0x00,0x05,0x08,0x81,0x00,0x0c,0x09,0x00,0x00,0x01,0x00,0x04,0x00,0x00,0x00,0x00,0x00,0x01,0x00,0x00,0x00,0x00,0x00,0x00,0x00,0x00,0x00,0x00,0x00,
    0x78,0x80,0x04,0x2a,0x81,0x00,0x02,0x80,0x40,0xa0,0x70,0xf8,0xbc,0xde,0xbf,0xff,0xdf,0xef,0xdf,0xf7,0xe7,0xe3,0xe3,0xc1,0xf7,0xfb,0xff,0xff,0xff,0xff,0xff,0xff,
    0x00,0x00,0x00,0x00,0x00,0x00,0x10,0x00,0x00,0x00,0x00,0x00,0xe0,0xf0,0xf0,0xf8,0xb4,0x54,0x83,0x31,0x51,0xc3,0x87,0x12,0x01,0x00,0x11,0x00,0x00,0x00,0x01,0x00,
    0x00,0x01,0x00,0x00,0x80,0x81,0xc0,0xc0,0xe0,0x50,0x90,0x40,0xa8,0xcc,0x0c,0x4f,0x8e,0x46,0x0a,0x86,0x48,0x06,0x08,0x0e,0x00,0x40,0x08,0x06,0x01,0x08,0x06,0x02,
    0xc2,0xee,0xfe,0xf4,0xb6,0x70,0x80,0x72,0xc4,0x80,0x00,0x74,0x80,0x00,0x70,0x80,0x00,0x00,0x00,0x00,0x00,0x00,0x00,0x00,0x00,0x00,0x00,0x00,0x08,0x00,0x00,0x00,
    0x00,0x00,0x01,0x80,0x42,0x24,0x99,0x03,0x23,0x0f,0x0f,0x1f,0x3f,0x3f,0x7f,0xff,0xff,0xff,0xff,0xff,0xdf,0xdf,0x8f,0x8f,0x07,0xdf,0xff,0xff,0xff,0xff,0xff,0xff
  },
  { // 61
    0x00,0x00,0x00,0x00,0x00,0x00,0x00,0x00,0x00,0x00,0x00,0x00,0x00,0x00,0x00,0xc0,0xc0,0xf0,0xf0,0xf0,0x38,0xf8,0x08,0xfc,0xff,0x07,0x07,0xf3,0x0e,0x01,0x06,0xf0,
    0x09,0x00,0x06,0x00,0x00,0x00,0x01,0x80,0x80,0x80,0xc0,0x81,0x21,0x92,0x1e,0x1e,0x9e,0x0e,0x18,0x06,0x18,0x06,0x18,0x06,0x04,0x1a,0x51,0xef,0x9a,0x8a,0x8e,0x8a,
    0x00,0x8a,0x00,0x0c,0x82,0x00,0x08,0x02,0x07,0x02,0x02,0x00,0x08,0x00,0x00,0x00,0x00,0x00,0x00,0x00,0x00,0x00,0x00,0x00,0x00,0x00,0x00,0x00,0x00,0x00,0x00,0x00,
    0x03,0x04,0x08,0x92,0xe0,0x48,0xa0,0x60,0xf0,0xb8,0xdc,0xbe,0xff,0xdf,0xef,0xdf,0xff,0xe7,0xf7,0xe3,0xe3,0xc1,0xf3,0xff,0xff,0xff,0xff,0xff,0xff,0xff,0xff,0xff,
    0x00,0x00,0x00,0x00,0x00,0x00,0x00,0x00,0x00,0x00,0x00,0x00,0x00,0x18,0x3c,0x3f,0x7e,0x6e,0xf2,0xce,0xb0,0xde,0x80,0x6e,0x10,0x00,0xee,0x80,0x08,0x52,0x00,0x00,
    0x00,0x1e,0x14,0x76,0x76,0xf7,0xe2,0xf6,0x80,0xf6,0x00,0xf6,0x00,0xf0,0x06,0xa0,0x92,0x40,0x20,0x90,0x40,0x04,0xc0,0x10,0x80,0x20,0x00,0x40,0x00,0x01,0x00,0xc2,
    0xc2,0xc2,0xf6,0xde,0x1c,0xdc,0x18,0xca,0x14,0x00,0xc8,0x14,0x00,0xc8,0x10,0x00,0x00,0x00,0x00,0x80,0xc0,0x80,0x00,0x00,0x00,0x00,0x00,0x00,0x00,0x00,0x00,0x00,
    0x00,0x00,0x0e,0x31,0xc3,0x0b,0x27,0x8f,0x0f,0x1f,0x3f,0x7f,0x7f,0xff,0xff,0xff,0xff,0xff,0xdf,0xdf,0x8f,0x8f,0x07,0xdf,0xff,0xff,0xff,0xff,0xff,0xff,0xff,0xff,
    0x00,0x00,0x00,0x00,0x00,0x00,0x00,0x00,0x00,0x00,0x00,0x00,0x00,0x00,0x00,0x00,0x00,0x00,0x00,0x00,0xc1,0xa1,0x90,0x9a,0x9c,0x18,0x88,0x18,0x80,0x18,0x80,0x00,
    0x18,0x80,0x00,0x00,0x18,0x80,0x03,0x06,0x1e,0x1e,0x1e,0x38,0x3e,0x60,0xfe,0xe4,0xd2,0xa8,0xc4,0x32,0x80,0x08,0x62,0x10,0xc4,0x40,0xb0,0x90,0x8c,0x8e,0x8d,0x8d,
    0x0d,0x81,0x4c,0x01,0x0c,0x09,0x80,0x01,0x0c,0x00,0x01,0x00,0x00,0x01,0x0c,0x00,0x00,0x00,0x00,0x00,0x01,0x00,0x00,0x00,0x00,0x00,0x00,0x00,0x00,0x00,0x00,0x00,
    0x78,0x80,0x04,0x2a,0x81,0x00,0x02,0x80,0x40,0xa0,0x70,0xf8,0xbc,0xde,0xbf,0xff,0xdf,0xef,0xdf,0xf7,0xe7,0xe3,0xe3,0xc1,0xf7,0xfb,0xff,0xff,0xff,0xff,0xff,0xff,
    0x00,0x00,0x00,0x00,0x00,0x00,0x10,0x00,0x00,0x00,0x00,0x00,0xe0,0xf0,0xf0,0xf0,0xbc,0x54,0x81,0x33,0x41,0x43,0x87,0x12,0x01,0x00,0x11,0x00,0x00,0x00,0x01,0x00,
    0x00,0x01,0x00,0x00,0x00,0x81,0xc0,0xc0,0xe0,0xd0,0x10,0xc0,0x08,0xcc,0x8c,0x4f,0x0e,0xc6,0x0a,0x06,0xc8,0x06,0x08,0x0e,0x00,0x40,0x08,0x06,0x01,0x08,0x06,0x02,
    0xc6,0xee,0xfe,0xf4,0xb2,0x70,0x80,0x76,0xe0,0x80,0x04,0x70,0x80,0x00,0x70,0x80,0x00,0x00,0x00,0x00,0x00,0x00,0x00,0x00,0x00,0x00,0x00,0x00,0x08,0x00,0x00,0x00,
    0x00,0x00,0x01,0x80,0x42,0x24,0x99,0x03,0x23,0x0f,0x0f,0x1f,0x3f,0x3f,0x7f,0xff,0xff,0xff,0xff,0xff,0xdf,0xdf,0x8f,0x8f,0x07,0xdf,0xff,0xff,0xff,0xff,0xff,0xff
  },
  { // 62
    0x00,0x00,0x00,0x00,0x00,0x00,0x00,0x00,0x00,0x00,0x00,0x00,0x00,0x00,0x00,0x40,0xc0,0xf0,0xf0,0xf0,0xb8,0x78,0x8c,0x7c,0xff,0x87,0x03,0x77,0x8a,0x05,0x06,0x70,
    0x89,0x06,0x02,0x00,0x00,0x00,0x01,0x00,0x80,0x80,0xc0,0x81,0xa1,0x02,0x9e,0x1e,0x1e,0x9e,0x08,0x96,0x08,0x16,0x08,0x16,0x04,0x0a,0x50,0xff,0x8b,0x8a,0x8e,0x8a,
    0x00,0x8a,0x00,0x0c,0x82,0x00,0x08,0x02,0x07,0x02,0x02,0x00,0x08,0x00,0x00,0x00,0x00,0x00,0x00,0x00,0x00,0x00,0x00,0x00,0x00,0x00,0x00,0x00,0x00,0x00,0x00,0x00,
    0x03,0x04,0x08,0x92,0xe0,0x48,0xa0,0x60,0xf0,0xb8,0xdc,0xbe,0xff,0xdf,0xef,0xdf,0xff,0xe7,0xf7,0xe3,0xe3,0xc1,0xf3,0xff,0xff,0xff,0xff,0xff,0xff,0xff,0xff,0xff,
    0x00,0x00,0x00,0x00,0x00,0x00,0x00,0x00,0x00,0x00,0x00,0x00,0x00,0x38,0x3c,0x7e,0x7f,0x6e,0xd2,0xae,0xd0,0x9e,0xe0,0x0e,0x10,0x60,0x8e,0x00,0x48,0x12,0x00,0x00,
    0x00,0x16,0x1c,0x76,0x76,0xf7,0xe2,0xf6,0x80,0xf6,0x00,0xf6,0x00,0xf0,0x06,0xa0,0x92,0x40,0x20,0x90,0x40,0x04,0xc0,0x10,0x80,0x20,0x00,0x40,0x00,0x01,0x00,0xc2,
    0xc2,0xc2,0xf6,0xde,0x1c,0xdc,0x18,0xca,0x14,0x00,0x88,0x14,0x00,0xc8,0x10,0x00,0x00,0x00,0x00,0x80,0xc0,0x80,0x00,0x00,0x00,0x00,0x00,0x00,0x00,0x00,0x00,0x00,
    0x00,0x00,0x0e,0x31,0xc3,0x0b,0x27,0x8f,0x0f,0x1f,0x3f,0x7f,0x7f,0xff,0xff,0xff,0xff,0xff,0xdf,0xdf,0x8f,0x8f,0x07,0xdf,0xff,0xff,0xff,0xff,0xff,0xff,0xff,0xff,
    0x00,0x00,0x00,0x00,0x00,0x00,0x00,0x00,0x00,0x00,0x00,0x00,0x00,0x00,0x00,0x00,0x00,0x00,0x00,0x01,0x81,0xe0,0x92,0x9c,0x98,0x18,0x88,0x18,0x80,0x18,0x80,0x00,
    0x18,0x80,0x00,0x00,0x18,0x81,0x06,0x06,0x1e,0x1e,0x1a,0x3c,0x3a,0x64,0xfe,0xe0,0xd2,0xac,0xc0,0x32,0x80,0x08,0x42,0x14,0xc0,0x60,0x90,0x90,0x80,0x8c,0x8f,0x8d,
    0x0d,0x8d,0x40,0x0d,0x00,0x0d,0x88,0x01,0x00,0x0c,0x01,0x00,0x00,0x01,0x00,0x0c,0x00,0x00,0x00,0x00,0x01,0x00,0x00,0x00,0x00,0x00,0x00,0x00,0x00,0x00,0x00,0x00,
    0x78,0x80,0x04,0x2a,0x81,0x00,0x02,0x80,0x40,0xa0,0x70,0xf8,0xbc,0xde,0xbf,0xff,0xdf,0xef,0xdf,0xf7,0xe7,0xe3,0xe3,0xc1,0xf7,0xfb,0xff,0xff,0xff,0xff,0xff,0xff,
    0x00,0x00,0x00,0x00,0x00,0x00,0x10,0x00,0x00,0x00,0x00,0x00,0xe0,0xf0,0xf0,0xf0,0xb8,0x54,0x84,0x33,0x41,0x43,0x87,0x13,0x00,0x21,0x10,0x01,0x00,0x00,0x00,0x01,
    0x00,0x00,0x01,0x00,0x00,0x80,0x81,0xc0,0xe0,0xd0,0x50,0x80,0x40,0x8c,0xcc,0x0f,0x4e,0x8e,0x42,0x0e,0x80,0x4e,0x00,0x0e,0x08,0x00,0x40,0x0e,0x01,0x00,0x0e,0x02,
    0x46,0xfe,0xfe,0xf4,0xb2,0xe0,0x10,0xf6,0x60,0x80,0x94,0x60,0x00,0x90,0x60,0x00,0x80,0x00,0x00,0x00,0x00,0x00,0x00,0x00,0x00,0x00,0x00,0x00,0x08,0x00,0x00,0x00,
    0x00,0x00,0x01,0x80,0x42,0x24,0x99,0x03,0x23,0x0f,0x0f,0x1f,0x3f,0x3f,0x7f,0xff,0xff,0xff,0xff,0xff,0xdf,0xdf,0x8f,0x8f,0x07,0xdf,0xff,0xff,0xff,0xff,0xff,0xff
  },
  { // 63
    0x00,0x00,0x00,0x00,0x00,0x00,0x00,0x00,0x00,0x00,0x00,0x00,0x00,0x00,0x00,0x00,0xc0,0xc0,0xf0,0xf0,0xf0,0x38,0xfc,0x0c,0xff,0xff,0x03,0x07,0xf2,0x0d,0x06,0x00,
    0xf1,0x0e,0x02,0x00,0x00,0x00,0x01,0x00,0x80,0x80,0xc0,0x81,0xa1,0x02,0x9e,0x1e,0x1e,0x9e,0x08,0x96,0x08,0x16,0x08,0x16,0x04,0x4a,0x50,0xb7,0x8f,0x8a,0x8e,0x8a,
    0x18,0x82,0x08,0x04,0x8a,0x00,0x00,0x0a,0x07,0x02,0x02,0x80,0x00,0x08,0x00,0x00,0x00,0x00,0x00,0x00,0x00,0x00,0x00,0x00,0x00,0x00,0x00,0x00,0x00,0x00,0x00,0x00,
    0x03,0x04,0x08,0x92,0xe0,0x48,0xa0,0x60,0xf0,0xb8,0xdc,0xbe,0xff,0xdf,0xef,0xdf,0xff,0xe7,0xf7,0xe3,0xe3,0xc1,0xf3,0xff,0xff,0xff,0xff,0xff,0xff,0xff,0xff,0xff,
    0x00,0x00,0x00,0x00,0x00,0x00,0x00,0x00,0x00,0x00,0x00,0x00,0x10,0x38,0x3c,0x7e,0x6f,0x7e,0xc2,0xbe,0xd0,0x8e,0xe0,0x1e,0x00,0x60,0x8e,0x00,0x58,0x02,0x00,0x00,
    0x00,0x16,0x1c,0x76,0xf6,0xf7,0xe2,0xf6,0x80,0x76,0x80,0x76,0x80,0x70,0x86,0xa0,0x12,0x40,0xa0,0x10,0x40,0x84,0x40,0x90,0x00,0x20,0x00,0x40,0x00,0x01,0x00,0xc2,
    0xc2,0xc2,0xf6,0xde,0x1c,0xdc,0x18,0xca,0x14,0x00,0x88,0x14,0x02,0xc8,0x10,0x00,0x00,0x00,0x00,0x80,0xc0,0x80,0x00,0x00,0x00,0x00,0x00,0x00,0x00,0x00,0x00,0x00,
    0x00,0x00,0x0e,0x31,0xc3,0x0b,0x27,0x8f,0x0f,0x1f,0x3f,0x7f,0x7f,0xff,0xff,0xff,0xff,0xff,0xdf,0xdf,0x8f,0x8f,0x07,0xdf,0xff,0xff,0xff,0xff,0xff,0xff,0xff,0xff,
    0x00,0x00,0x00,0x00,0x00,0x00,0x00,0x00,0x00,0x00,0x00,0x00,0x00,0x00,0x00,0x00,0x00,0x00,0x00,0x01,0x01,0xe0,0x92,0x9c,0x98,0x98,0x08,0x98,0x00,0x98,0x00,0x80,
    0x18,0x00,0x80,0x00,0x18,0x03,0x86,0x0e,0x1e,0x1e,0x18,0x3e,0x30,0x6e,0xf0,0xe2,0xd8,0xa4,0xc2,0x30,0x88,0x02,0x40,0x14,0xc0,0x60,0x90,0x90,0x80,0x8c,0x8e,0x8d,
    0x0d,0x8d,0x41,0x0c,0x01,0x0c,0x89,0x00,0x01,0x0c,0x00,0x00,0x00,0x00,0x01,0x0c,0x00,0x00,0x00,0x00,0x01,0x00,0x00,0x00,0x00,0x00,0x00,0x00,0x00,0x00,0x00,0x00,
    0x78,0x80,0x04,0x2a,0x81,0x00,0x02,0x80,0x40,0xa0,0x70,0xf8,0xbc,0xde,0xbf,0xff,0xdf,0xef,0xdf,0xf7,0xe7,0xe3,0xe3,0xc1,0xf7,0xfb,0xff,0xff,0xff,0xff,0xff,0xff,
    0x00,0x00,0x00,0x00,0x00,0x00,0x10,0x00,0x00,0x00,0x00,0x00,0xe0,0xf0,0xf0,0xf0,0xb8,0x54,0x84,0x31,0x43,0x43,0x87,0x13,0x00,0x21,0x10,0x01,0x00,0x00,0x00,0x01,
    0x00,0x00,0x01,0x00,0x00,0x00,0x81,0xc0,0xc0,0xe0,0xd0,0x10,0xc0,0x0c,0xcc,0x8f,0x4e,0x0e,0xc2,0x0e,0x00,0xce,0x00,0x0e,0x08,0x00,0xc0,0x0e,0x01,0x00,0x0e,0x02,
    0x06,0xfe,0xfe,0xf4,0xf2,0xa0,0x50,0xb6,0x60,0x40,0x94,0x20,0x40,0x90,0x20,0x40,0x80,0x00,0x00,0x00,0x00,0x00,0x00,0x00,0x00,0x00,0x00,0x00,0x08,0x00,0x00,0x00,
    0x00,0x00,0x01,0x80,0x42,0x24,0x99,0x03,0x23,0x0f,0x0f,0x1f,0x3f,0x3f,0x7f,0xff,0xff,0xff,0xff,0xff,0xdf,0xdf,0x8f,0x8f,0x07,0xdf,0xff,0xff,0xff,0xff,0xff,0xff
  },
  { // 64
    0x00,0x00,0x00,0x00,0x00,0x00,0x00,0x00,0x00,0x00,0x00,0x00,0x00,0x00,0x00,0x00,0x40,0xc0,0xf0,0xf0,0xf0,0xb8,0x7c,0x8c,0x7f,0xff,0x83,0x07,0x72,0x8d,0x06,0x00,
    0x71,0x8e,0x02,0x00,0x00,0x00,0x01,0x00,0x80,0x80,0x80,0xc1,0x81,0x20,0x96,0x1e,0x1e,0x9e,0x0a,0x9c,0x02,0x1c,0x02,0x1c,0x06,0x40,0x7a,0x95,0x8f,0x8a,0x8e,0x8a,
    0x1a,0x80,0x0a,0x04,0x88,0x02,0x00,0x0a,0x07,0x02,0x00,0x80,0x00,0x08,0x00,0x00,0x00,0x00,0x00,0x00,0x00,0x00,0x00,0x00,0x00,0x00,0x00,0x00,0x00,0x00,0x00,0x00,
    0x03,0x04,0x08,0x92,0xe0,0x48,0xa0,0x60,0xf0,0xb8,0xdc,0xbe,0xff,0xdf,0xef,0xdf,0xff,0xe7,0xf7,0xe3,0xe3,0xc1,0xf3,0xff,0xff,0xff,0xff,0xff,0xff,0xff,0xff,0xff,
    0x00,0x00,0x00,0x00,0x00,0x00,0x00,0x00,0x00,0x00,0x00,0x00,0x18,0x3c,0x3c,0x7e,0x6f,0x72,0xce,0xb2,0xcc,0x82,0xec,0x12,0x00,0x6c,0x82,0x08,0x50,0x02,0x00,0x00,
    0x04,0x02,0x1c,0x74,0xf6,0xf6,0xf7,0xe2,0x96,0x60,0x96,0x60,0x96,0x60,0x90,0xa6,0x00,0x56,0xa0,0x00,0x40,0x80,0x40,0x80,0x10,0x20,0x00,0x40,0x01,0x00,0x00,0xc2,
    0xc2,0xc6,0xf6,0xde,0x1c,0xd8,0x1c,0xce,0x10,0x00,0x8c,0x10,0x02,0xc8,0x10,0x00,0x00,0x00,0x00,0x80,0xc0,0x80,0x00,0x00,0x00,0x00,0x00,0x00,0x00,0x00,0x00,0x00,
    0x00,0x00,0x0e,0x31,0xc3,0x0b,0x27,0x8f,0x0f,0x1f,0x3f,0x7f,0x7f,0xff,0xff,0xff,0xff,0xff,0xdf,0xdf,0x8f,0x8f,0x07,0xdf,0xff,0xff,0xff,0xff,0xff,0xff,0xff,0xff,
    0x00,0x00,0x00,0x00,0x00,0x00,0x00,0x00,0x00,0x00,0x00,0x00,0x00,0x00,0x00,0x00,0x00,0x00,0x00,0x01,0x01,0xe0,0x9e,0x98,0x98,0x98,0x08,0x90,0x08,0x90,0x00,0x88,
    0x10,0x00,0x80,0x08,0x11,0x06,0x86,0x1e,0x1e,0x1a,0x1c,0x3a,0x24,0x7a,0xe0,0xf2,0xcc,0xa0,0xd2,0x20,0x88,0x02,0x54,0x00,0xc0,0xe0,0x90,0x90,0x80,0x8c,0x0c,0x0f,
    0x8d,0x0d,0x41,0x0c,0x01,0x8c,0x09,0x00,0x01,0x0c,0x00,0x00,0x00,0x00,0x01,0x0c,0x00,0x00,0x00,0x00,0x01,0x00,0x00,0x00,0x00,0x00,0x00,0x00,0x00,0x00,0x00,0x00,
    0x78,0x80,0x04,0x2a,0x81,0x00,0x02,0x80,0x40,0xa0,0x70,0xf8,0xbc,0xde,0xbf,0xff,0xdf,0xef,0xdf,0xf7,0xe7,0xe3,0xe3,0xc1,0xf7,0xfb,0xff,0xff,0xff,0xff,0xff,0xff,
    0x00,0x00,0x00,0x00,0x00,0x00,0x10,0x00,0x00,0x00,0x00,0x00,0xe0,0xf0,0xf0,0xf0,0xb8,0x54,0x84,0x30,0x43,0x43,0x87,0x13,0x01,0x20,0x11,0x00,0x01,0x00,0x00,0x00,
    0x01,0x00,0x00,0x01,0x00,0x00,0x00,0x81,0xc0,0xe0,0xd0,0xd0,0x00,0xcc,0x0c,0xcf,0x8e,0x4e,0x02,0xce,0x00,0x0e,0xc0,0x0e,0x0e,0x00,0x00,0xce,0x01,0x00,0x0e,0x02,
    0x26,0xfe,0xfe,0xf4,0xf2,0x80,0x70,0xb6,0x40,0x40,0xb4,0x00,0x40,0xb0,0x00,0x40,0x80,0x00,0x00,0x00,0x00,0x00,0x00,0x00,0x00,0x00,0x00,0x00,0x08,0x00,0x00,0x00,
    0x00,0x00,0x01,0x80,0x42,0x24,0x99,0x03,0x23,0x0f,0x0f,0x1f,0x3f,0x3f,0x7f,0xff,0xff,0xff,0xff,0xff,0xdf,0xdf,0x8f,0x8f,0x07,0xdf,0xff,0xff,0xff,0xff,0xff,0xff
  },
  { // 65
    0x00,0x00,0x00,0x00,0x00,0x00,0x00,0x00,0x00,0x00,0x00,0x00,0x00,0x00,0x00,0x00,0x00,0xc0,0xd0,0xf0,0xf0,0xf8,0x3c,0xec,0x1f,0x7f,0xe3,0x07,0x12,0xed,0x06,0x00,
    0x11,0xee,0x02,0x01,0x00,0x00,0x01,0x00,0x80,0x80,0x80,0xc1,0x81,0x20,0x92,0x1e,0x1e,0x9e,0x0e,0x98,0x06,0x18,0x06,0x18,0x06,0x44,0xfa,0x90,0x8f,0x8b,0x8a,0x0e,
    0x9a,0x00,0x0a,0x80,0x0c,0x02,0x00,0x0a,0x07,0x02,0x80,0x00,0x00,0x08,0x00,0x00,0x00,0x00,0x00,0x00,0x00,0x00,0x00,0x00,0x00,0x00,0x00,0x00,0x00,0x00,0x00,0x00,
    0x03,0x04,0x08,0x92,0xe0,0x48,0xa0,0x60,0xf0,0xb8,0xdc,0xbe,0xff,0xdf,0xef,0xdf,0xff,0xe7,0xf7,0xe3,0xe3,0xc1,0xf3,0xff,0xff,0xff,0xff,0xff,0xff,0xff,0xff,0xff,
    0x00,0x00,0x00,0x00,0x00,0x00,0x00,0x00,0x00,0x00,0x00,0x00,0x18,0x3c,0x3c,0x7e,0x6f,0xf2,0xce,0xb2,0xcc,0x82,0x6c,0x12,0x00,0xec,0x02,0x08,0x50,0x02,0x00,0x00,
    0x04,0x02,0x14,0x7c,0xf6,0xf6,0xf7,0xe2,0x96,0x60,0x96,0x60,0x96,0x60,0x90,0xa6,0x00,0x56,0xa0,0x00,0x40,0x80,0x40,0x80,0x10,0x20,0x00,0x40,0x81,0x00,0x00,0x42,
    0xc2,0xf6,0xde,0xde,0x9c,0x58,0x8c,0x56,0x80,0x08,0x14,0x00,0x0a,0x50,0x80,0x00,0x00,0x00,0x00,0x80,0xc0,0x80,0x00,0x00,0x00,0x00,0x00,0x00,0x00,0x00,0x00,0x00,
    0x00,0x00,0x0e,0x31,0xc3,0x0b,0x27,0x8f,0x0f,0x1f,0x3f,0x7f,0x7f,0xff,0xff,0xff,0xff,0xff,0xdf,0xdf,0x8f,0x8f,0x07,0xdf,0xff,0xff,0xff,0xff,0xff,0xff,0xff,0xff,
    0x00,0x00,0x00,0x00,0x00,0x00,0x00,0x00,0x00,0x00,0x00,0x00,0x00,0x00,0x00,0x00,0x00,0x00,0x00,0x01,0x01,0x22,0xdc,0x98,0x98,0x98,0x88,0x10,0x88,0x10,0x80,0x08,
    0x90,0x00,0x00,0x88,0x13,0x06,0x0e,0x9e,0x1e,0x18,0x3e,0x30,0x2e,0x70,0xe2,0xd8,0xe4,0x82,0xf0,0x08,0x82,0x00,0x54,0x00,0xc0,0xe0,0x90,0x90,0x80,0x88,0x0c,0x0e,
    0x8d,0x0d,0x45,0x09,0x04,0x89,0x0c,0x01,0x00,0x09,0x04,0x00,0x00,0x00,0x00,0x09,0x04,0x00,0x00,0x00,0x01,0x00,0x00,0x00,0x00,0x00,0x00,0x00,0x00,0x00,0x00,0x00,
    0x78,0x80,0x04,0x2a,0x81,0x00,0x02,0x80,0x40,0xa0,0x70,0xf8,0xbc,0xde,0xbf,0xff,0xdf,0xef,0xdf,0xf7,0xe7,0xe3,0xe3,0xc1,0xf7,0xfb,0xff,0xff,0xff,0xff,0xff,0xff,
    0x00,0x00,0x00,0x00,0x00,0x00,0x10,0x00,0x00,0x00,0x00,0x00,0x60,0xf0,0xf0,0xf0,0xb8,0xd4,0x04,0xb0,0x43,0x43,0x07,0x93,0x01,0x20,0x11,0x00,0x01,0x00,0x00,0x00,
    0x01,0x00,0x00,0x01,0x00,0x00,0x00,0x81,0xc0,0xe0,0xd0,0xd0,0x00,0xcc,0x0c,0xcf,0x8e,0x4e,0x02,0xce,0x00,0x0e,0xc0,0x0e,0x0e,0x00,0x00,0xce,0x01,0x00,0x0e,0x06,
    0x3e,0xf6,0xfe,0xf0,0xe2,0x90,0x74,0xa2,0x40,0x54,0xa0,0x00,0x50,0xa0,0x00,0x40,0x80,0x00,0x00,0x00,0x00,0x00,0x00,0x00,0x00,0x00,0x00,0x00,0x08,0x00,0x00,0x00,
    0x00,0x00,0x01,0x80,0x42,0x24,0x99,0x03,0x23,0x0f,0x0f,0x1f,0x3f,0x3f,0x7f,0xff,0xff,0xff,0xff,0xff,0xdf,0xdf,0x8f,0x8f,0x07,0xdf,0xff,0xff,0xff,0xff,0xff,0xff
  },
  { // 66
    0x00,0x00,0x00,0x00,0x00,0x00,0x00,0x00,0x00,0x00,0x00,0x00,0x00,0x00,0x00,0x00,0x00,0x00,0xc0,0xf0,0xf0,0xf8,0xfc,0x3e,0xcf,0x3f,0x33,0xc7,0x00,0x3f,0xc4,0x00,
    0x03,0x3e,0xc0,0x01,0x00,0x00,0x01,0x00,0x80,0x80,0x80,0xc1,0x81,0x20,0x82,0x1e,0x1e,0x9e,0x1e,0x88,0x16,0x08,0x16,0x08,0x56,0x40,0xaa,0x90,0x8d,0x8f,0x8a,0x0e,
    0x8a,0x12,0x0a,0x82,0x0c,0x00,0x02,0x0a,0x07,0x02,0x80,0x00,0x00,0x08,0x00,0x00,0x00,0x00,0x00,0x00,0x00,0x00,0x00,0x00,0x00,0x00,0x00,0x00,0x00,0x00,0x00,0x00,
    0x03,0x04,0x08,0x92,0xe0,0x48,0xa0,0x60,0xf0,0xb8,0xdc,0xbe,0xff,0xdf,0xef,0xdf,0xff,0xe7,0xf7,0xe3,0xe3,0xc1,0xf3,0xff,0xff,0xff,0xff,0xff,0xff,0xff,0xff,0xff,
    0x00,0x00,0x00,0x00,0x00,0x00,0x00,0x00,0x00,0x00,0x00,0x00,0x18,0x3c,0x3c,0x7e,0x6e,0xf3,0xce,0xb2,0xcc,0x82,0x6c,0x12,0x00,0xec,0x02,0x08,0x50,0x02,0x20,0x00,
    0x04,0x02,0x50,0xfc,0xf4,0xf6,0xf7,0xa6,0x52,0xa6,0x50,0xa6,0x50,0xa6,0x90,0x20,0x46,0x90,0x26,0x40,0x80,0x40,0x80,0x00,0x10,0x20,0x40,0x80,0x01,0x00,0x00,0x42,
    0xc2,0xf6,0xde,0xde,0x9c,0x58,0x8c,0x56,0x80,0x08,0x14,0x00,0x0a,0x50,0x80,0x00,0x00,0x00,0x00,0x00,0x80,0x00,0x00,0x00,0x00,0x00,0x00,0x00,0x00,0x00,0x00,0x00,
    0x00,0x00,0x0e,0x31,0xc3,0x0b,0x27,0x8f,0x0f,0x1f,0x3f,0x7f,0x7f,0xff,0xff,0xff,0xff,0xff,0xdf,0xdf,0x8f,0x8f,0x07,0xdf,0xff,0xff,0xff,0xff,0xff,0xff,0xff,0xff,
    0x00,0x00,0x00,0x00,0x00,0x00,0x00,0x00,0x00,0x00,0x00,0x00,0x00,0x00,0x00,0x00,0x00,0x00,0x00,0x01,0x01,0x12,0xfc,0x98,0x98,0x88,0x98,0x00,0x98,0x00,0x80,0x18,
    0x80,0x00,0x00,0x99,0x06,0x06,0x0e,0x9e,0x1a,0x1c,0x3a,0x34,0x2a,0x70,0xe2,0xdc,0xe0,0x82,0xfc,0x08,0x82,0x04,0x50,0x00,0xc0,0x62,0x90,0x90,0x80,0x88,0x8c,0x0c,
    0x0f,0x8d,0x45,0x09,0x04,0x09,0x8c,0x01,0x00,0x09,0x04,0x00,0x00,0x00,0x00,0x09,0x04,0x00,0x00,0x00,0x00,0x00,0x00,0x00,0x00,0x00,0x00,0x00,0x00,0x00,0x00,0x00,
    0x78,0x80,0x04,0x2a,0x81,0x00,0x02,0x80,0x40,0xa0,0x70,0xf8,0xbc,0xde,0xbf,0xff,0xdf,0xef,0xdf,0xf7,0xe7,0xe3,0xe3,0xc1,0xf7,0xfb,0xff,0xff,0xff,0xff,0xff,0xff,
    0x00,0x00,0x00,0x00,0x00,0x00,0x10,0x00,0x00,0x00,0x00,0x00,0x60,0xf0,0xf0,0xf0,0xb8,0xd0,0x04,0xb4,0x40,0x43,0x07,0x93,0x01,0x21,0x10,0x01,0x00,0x01,0x00,0x00,
    0x00,0x01,0x00,0x00,0x01,0x00,0x00,0x00,0x81,0xc0,0xf0,0xd0,0xc0,0x0c,0xcc,0x0f,0xce,0x0e,0x42,0x0e,0xc0,0x0e,0x00,0xce,0x0e,0x00,0x40,0x0e,0xc1,0x00,0x0e,0x06,
    0x3e,0x76,0xfe,0xf0,0xe2,0x90,0xf4,0x22,0xc0,0x54,0x20,0x80,0x50,0x20,0x80,0x40,0x00,0x80,0x00,0x00,0x00,0x00,0x00,0x00,0x00,0x00,0x00,0x00,0x00,0x00,0x00,0x00,
    0x00,0x00,0x01,0x80,0x42,0x24,0x99,0x03,0x23,0x0f,0x0f,0x1f,0x3f,0x3f,0x7f,0xff,0xff,0xff,0xff,0xff,0xdf,0xdf,0x8f,0x8f,0x07,0xdf,0xff,0xff,0xff,0xff,0xff,0xff
  },
  { // 67
    0x00,0x00,0x00,0x00,0x00,0x00,0x00,0x00,0x00,0x00,0x00,0x00,0x00,0x00,0x00,0x00,0x00,0x00,0xc0,0xd0,0xf0,0xf8,0xfc,0x3e,0xef,0x1f,0x33,0xe7,0x00,0x0f,0xe4,0x00,
    0x03,0x0c,0xe0,0x01,0x00,0x00,0x01,0x00,0x00,0x80,0x80,0xc1,0x81,0xa0,0x02,0x9e,0x1e,0x1e,0x9e,0x08,0x96,0x08,0x16,0x08,0x56,0x60,0x8a,0x90,0x8d,0x8f,0x8a,0x0e,
    0x8a,0x12,0x0a,0x82,0x0c,0x00,0x82,0x0a,0x07,0x02,0x80,0x00,0x00,0x08,0x00,0x00,0x00,0x00,0x00,0x00,0x00,0x00,0x00,0x00,0x00,0x00,0x00,0x00,0x00,0x00,0x00,0x00,
    0x03,0x04,0x08,0x92,0xe0,0x48,0xa0,0x60,0xf0,0xb8,0xdc,0xbe,0xff,0xdf,0xef,0xdf,0xff,0xe7,0xf7,0xe3,0xe3,0xc1,0xf3,0xff,0xff,0xff,0xff,0xff,0xff,0xff,0xff,0xff,
    0x00,0x00,0x00,0x00,0x00,0x00,0x00,0x00,0x00,0x00,0x00,0x00,0x18,0x3c,0x3c,0x7e,0x6e,0xf3,0xce,0xb2,0xcc,0x82,0x6c,0x12,0x00,0xec,0x02,0x08,0x50,0x02,0x20,0x00,
    0x0c,0x02,0x40,0xd4,0xfc,0xf6,0xf6,0xb7,0x62,0x96,0x60,0x96,0x60,0x96,0xa0,0x10,0x66,0x80,0x16,0x60,0x90,0x40,0x80,0x00,0x00,0x10,0x60,0x80,0x01,0x00,0x00,0x42,
    0xc2,0xf6,0xde,0xde,0x9c,0x58,0x8c,0x56,0x80,0x08,0x14,0x00,0x0a,0x10,0x80,0x00,0x00,0x00,0x00,0x00,0x80,0x00,0x00,0x00,0x00,0x00,0x00,0x00,0x00,0x00,0x00,0x00,
    0x00,0x00,0x0e,0x31,0xc3,0x0b,0x27,0x8f,0x0f,0x1f,0x3f,0x7f,0x7f,0xff,0xff,0xff,0xff,0xff,0xdf,0xdf,0x8f,0x8f,0x07,0xdf,0xff,0xff,0xff,0xff,0xff,0xff,0xff,0xff,
    0x00,0x00,0x00,0x00,0x00,0x00,0x00,0x00,0x00,0x00,0x00,0x00,0x00,0x00,0x00,0x00,0x00,0x00,0x01,0x01,0x00,0x1e,0x78,0x98,0x98,0x88,0x90,0x88,0x10,0x80,0x08,0x90,
    0x00,0x80,0x08,0x13,0x86,0x0e,0x0e,0x1e,0x98,0x1e,0x30,0x3e,0x60,0x72,0xe8,0xd4,0xa2,0xc8,0xbc,0x02,0x80,0x44,0x10,0x00,0xc2,0x60,0x90,0x90,0x80,0x88,0x8c,0x0c,
    0x0f,0x8d,0x45,0x09,0x04,0x09,0x8c,0x00,0x00,0x09,0x04,0x00,0x00,0x00,0x00,0x09,0x04,0x00,0x00,0x00,0x00,0x00,0x00,0x00,0x00,0x00,0x00,0x00,0x00,0x00,0x00,0x00,
    0x78,0x80,0x04,0x2a,0x81,0x00,0x02,0x80,0x40,0xa0,0x70,0xf8,0xbc,0xde,0xbf,0xff,0xdf,0xef,0xdf,0xf7,0xe7,0xe3,0xe3,0xc1,0xf7,0xfb,0xff,0xff,0xff,0xff,0xff,0xff,
    0x00,0x00,0x00,0x00,0x00,0x00,0x10,0x00,0x00,0x00,0x00,0x00,0x60,0xf0,0xf0,0xf0,0xb8,0xd0,0x04,0xb4,0x40,0x43,0x07,0x93,0x01,0x21,0x10,0x01,0x00,0x01,0x00,0x00,
    0x00,0x01,0x00,0x00,0x01,0x00,0x00,0x00,0x81,0xc0,0xf0,0xd0,0xc0,0x0c,0xcc,0x0f,0xce,0x0e,0x42,0x0e,0xc0,0x0e,0x00,0xce,0x0e,0x00,0x40,0x0e,0xc1,0x02,0x0a,0x1e,
    0x36,0x76,0xfe,0xe2,0xf0,0x90,0xe6,0x20,0x80,0x44,0x20,0x90,0x40,0x20,0x80,0x40,0x00,0x80,0x00,0x00,0x00,0x00,0x00,0x00,0x00,0x00,0x00,0x00,0x00,0x00,0x00,0x00,
    0x00,0x00,0x01,0x80,0x42,0x24,0x99,0x03,0x23,0x0f,0x0f,0x1f,0x3f,0x3f,0x7f,0xff,0xff,0xff,0xff,0xff,0xdf,0xdf,0x8f,0x8f,0x07,0xdf,0xff,0xff,0xff,0xff,0xff,0xff
  },
  { // 68
    0x00,0x00,0x00,0x00,0x00,0x00,0x00,0x00,0x00,0x00,0x00,0x00,0x00,0x00,0x00,0x00,0x00,0x00,0x00,0xd0,0xf0,0xf8,0xfc,0xff,0x2f,0xdf,0x13,0x26,0xc1,0x0e,0x04,0xc1,
    0x02,0x0c,0x01,0xc0,0x00,0x01,0x00,0x00,0x00,0x80,0x80,0xc1,0x81,0xa0,0x02,0x9e,0x1e,0x1e,0x9e,0x08,0x16,0x08,0x16,0x08,0x56,0x60,0x8a,0x90,0x8c,0x8f,0x8b,0x0e,
    0x8a,0x12,0x0a,0x80,0x0e,0x00,0x80,0x0a,0x07,0x02,0x80,0x00,0x00,0x08,0x00,0x00,0x00,0x00,0x00,0x00,0x00,0x00,0x00,0x00,0x00,0x00,0x00,0x00,0x00,0x00,0x00,0x00,
    0x03,0x04,0x08,0x92,0xe0,0x48,0xa0,0x60,0xf0,0xb8,0xdc,0xbe,0xff,0xdf,0xef,0xdf,0xff,0xe7,0xf7,0xe3,0xe3,0xc1,0xf3,0xff,0xff,0xff,0xff,0xff,0xff,0xff,0xff,0xff,
    0x00,0x00,0x00,0x00,0x00,0x00,0x00,0x00,0x00,0x00,0x00,0x00,0x18,0x3c,0x3c,0x7e,0x6e,0xf3,0xce,0xb2,0xcc,0x82,0x6c,0x92,0x00,0xec,0x12,0x08,0x50,0x02,0x20,0x80,
    0x0c,0x02,0x40,0xd0,0xfc,0xf4,0xf6,0xb7,0x66,0x92,0x66,0x90,0x66,0x90,0xa6,0x10,0x60,0x86,0x10,0x66,0x90,0x40,0x80,0x00,0x00,0x10,0x60,0x80,0x01,0x00,0x00,0x42,
    0x52,0xf6,0xde,0xde,0x9c,0xca,0x1c,0xc6,0x00,0x98,0x04,0x00,0x1a,0x00,0x00,0x80,0x00,0x00,0x00,0x00,0x80,0x00,0x00,0x00,0x00,0x00,0x00,0x00,0x00,0x00,0x00,0x00,
    0x00,0x00,0x0e,0x31,0xc3,0x0b,0x27,0x8f,0x0f,0x1f,0x3f,0x7f,0x7f,0xff,0xff,0xff,0xff,0xff,0xdf,0xdf,0x8f,0x8f,0x07,0xdf,0xff,0xff,0xff,0xff,0xff,0xff,0xff,0xff,
    0x00,0x00,0x00,0x00,0x00,0x00,0x00,0x00,0x00,0x00,0x00,0x00,0x00,0x00,0x00,0x00,0x00,0x00,0x01,0x01,0x02,0x1c,0x78,0x98,0x98,0x88,0x90,0x88,0x10,0x80,0x08,0x90,
    0x00,0x80,0x09,0x16,0x86,0x0e,0x1e,0x1a,0x9c,0x1a,0x34,0x2a,0x70,0x62,0xfc,0xc0,0xa2,0xdc,0xa8,0x02,0x84,0xf0,0x00,0x40,0xc2,0x60,0x90,0x90,0x80,0x88,0x8c,0x0c,
    0x8c,0x8f,0x45,0x09,0x85,0x08,0x8d,0x00,0x00,0x08,0x05,0x00,0x00,0x00,0x00,0x08,0x05,0x00,0x00,0x00,0x00,0x00,0x00,0x00,0x00,0x00,0x00,0x00,0x00,0x00,0x00,0x00,
    0x78,0x80,0x04,0x2a,0x81,0x00,0x02,0x80,0x40,0xa0,0x70,0xf8,0xbc,0xde,0xbf,0xff,0xdf,0xef,0xdf,0xf7,0xe7,0xe3,0xe3,0xc1,0xf7,0xfb,0xff,0xff,0xff,0xff,0xff,0xff,
    0x00,0x00,0x00,0x00,0x00,0x00,0x10,0x00,0x00,0x00,0x00,0x00,0x40,0xf0,0xf0,0xf0,0xb8,0xf0,0x04,0xb4,0x60,0x42,0x07,0xb3,0x01,0x01,0x31,0x00,0x01,0x00,0x01,0x00,
    0x00,0x00,0x01,0x00,0x00,0x01,0x00,0x00,0x00,0x81,0xc0,0xf0,0xd0,0xcc,0x0c,0xcf,0x0e,0xce,0x02,0x4e,0x00,0xce,0x00,0x0e,0xce,0x00,0x00,0x4e,0x01,0xc2,0x0e,0x1e,
    0x36,0x76,0xfe,0xe2,0xf0,0x94,0xe2,0x20,0x84,0x40,0x20,0x90,0x40,0x20,0x80,0x40,0x00,0x80,0x00,0x00,0x00,0x00,0x00,0x00,0x00,0x00,0x00,0x00,0x00,0x00,0x00,0x00,
    0x00,0x00,0x01,0x80,0x42,0x24,0x99,0x03,0x23,0x0f,0x0f,0x1f,0x3f,0x3f,0x7f,0xff,0xff,0xff,0xff,0xff,0xdf,0xdf,0x8f,0x8f,0x07,0xdf,0xff,0xff,0xff,0xff,0xff,0xff
  },
  { // 69
    0x00,0x00,0x00,0x00,0x00,0x00,0x00,0x00,0x00,0x00,0x00,0x00,0x00,0x00,0x00,0x00,0x00,0x00,0x00,0xc0,0xd0,0xf8,0xfc,0xff,0x3f,0xef,0x13,0x16,0xe1,0x0e,0x05,0x41,
    0x02,0x0c,0x01,0xc0,0x00,0x01,0x00,0x00,0x00,0x80,0x80,0xc1,0x81,0xa0,0x02,0x9e,0x1e,0x1e,0x9e,0x08,0x16,0x08,0x16,0x08,0x56,0x60,0x9a,0x90,0x8c,0x8b,0x8f,0x0e,
    0x8a,0x12,0x0a,0x80,0x0e,0x08,0x80,0x0a,0x0f,0x02,0x80,0x00,0x00,0x00,0x00,0x00,0x00,0x00,0x00,0x00,0x00,0x00,0x00,0x00,0x00,0x00,0x00,0x00,0x00,0x00,0x00,0x00,
    0x03,0x04,0x08,0x92,0xe0,0x48,0xa0,0x60,0xf0,0xb8,0xdc,0xbe,0xff,0xdf,0xef,0xdf,0xff,0xe7,0xf7,0xe3,0xe3,0xc1,0xf3,0xff,0xff,0xff,0xff,0xff,0xff,0xff,0xff,0xff,
    0x00,0x00,0x00,0x00,0x00,0x00,0x00,0x00,0x00,0x00,0x00,0x00,0x18,0x3c,0x3c,0x7e,0x6e,0xf3,0xce,0xb2,0xcc,0x82,0x6c,0x92,0x00,0xec,0x12,0x08,0x50,0x02,0x20,0x80,
    0x0c,0x02,0x40,0xd0,0xf4,0xfc,0xf6,0xb7,0x66,0x92,0x66,0x90,0x66,0x90,0xa6,0x10,0x60,0x86,0x10,0x66,0x90,0x40,0x80,0x00,0x00,0x10,0x60,0x80,0x01,0x00,0x00,0x02,
    0x56,0xfe,0xde,0xde,0xd8,0x8e,0x54,0x02,0x48,0x94,0x00,0x08,0x12,0x00,0x00,0x00,0x00,0x00,0x00,0x00,0x80,0x00,0x00,0x00,0x00,0x00,0x00,0x00,0x00,0x00,0x00,0x00,
    0x00,0x00,0x0e,0x31,0xc3,0x0b,0x27,0x8f,0x0f,0x1f,0x3f,0x7f,0x7f,0xff,0xff,0xff,0xff,0xff,0xdf,0xdf,0x8f,0x8f,0x07,0xdf,0xff,0xff,0xff,0xff,0xff,0xff,0xff,0xff,
    0x00,0x00,0x00,0x00,0x00,0x00,0x00,0x00,0x00,0x00,0x00,0x00,0x00,0x00,0x00,0x00,0x00,0x00,0x01,0x01,0x0e,0x18,0x38,0xd8,0x98,0x80,0x98,0x80,0x10,0x88,0x00,0x90,
    0x00,0x88,0x03,0x16,0x86,0x0e,0x1e,0x18,0x9e,0x18,0x36,0x28,0x72,0x68,0xfc,0xc2,0xa0,0xdc,0xa2,0x00,0x84,0xf0,0x00,0x4a,0xc0,0x60,0x90,0x90,0x80,0x88,0x8c,0x0c,
    0x8c,0x8f,0x45,0x09,0x85,0x08,0x8d,0x00,0x00,0x08,0x05,0x00,0x00,0x00,0x00,0x08,0x05,0x00,0x00,0x00,0x00,0x00,0x00,0x00,0x00,0x00,0x00,0x00,0x00,0x00,0x00,0x00,
    0x78,0x80,0x04,0x2a,0x81,0x00,0x02,0x80,0x40,0xa0,0x70,0xf8,0xbc,0xde,0xbf,0xff,0xdf,0xef,0xdf,0xf7,0xe7,0xe3,0xe3,0xc1,0xf7,0xfb,0xff,0xff,0xff,0xff,0xff,0xff,
    0x00,0x00,0x00,0x00,0x00,0x00,0x10,0x00,0x00,0x00,0x00,0x00,0x00,0xf0,0xf0,0xf0,0xf8,0xb0,0x44,0xb4,0x20,0x52,0x07,0xb3,0x01,0x01,0x31,0x00,0x01,0x00,0x01,0x00,
    0x00,0x00,0x01,0x00,0x00,0x01,0x00,0x00,0x00,0x01,0xc0,0xf0,0xd0,0xcc,0x8f,0x4e,0x8e,0x4e,0x82,0x4c,0x02,0x4c,0x82,0x0e,0x4c,0x80,0x02,0x4c,0x01,0x42,0x8e,0x36,
    0x36,0x76,0xfc,0xe2,0xd0,0x94,0xe2,0x00,0x84,0x40,0x00,0x90,0x60,0x00,0x00,0x40,0x00,0x80,0x00,0x00,0x00,0x00,0x00,0x00,0x00,0x00,0x00,0x00,0x00,0x00,0x00,0x00,
    0x00,0x00,0x01,0x80,0x42,0x24,0x99,0x03,0x23,0x0f,0x0f,0x1f,0x3f,0x3f,0x7f,0xff,0xff,0xff,0xff,0xff,0xdf,0xdf,0x8f,0x8f,0x07,0xdf,0xff,0xff,0xff,0xff,0xff,0xff
  },
  { // 70
    0x00,0x00,0x00,0x00,0x00,0x00,0x00,0x00,0x00,0x00,0x00,0x00,0x00,0x00,0x00,0x00,0x00,0x00,0x00,0x00,0xd0,0xf8,0xfe,0xff,0xff,0x2f,0xd3,0x14,0x23,0xcc,0x05,0x03,
    0x00,0x0c,0x01,0x00,0x80,0x01,0x00,0x00,0x00,0x00,0x80,0xc1,0x81,0xa0,0x82,0x1e,0x9e,0x1e,0x1e,0x88,0x16,0x08,0x16,0x08,0x56,0x60,0x9a,0x90,0x8c,0x8a,0x8d,0x0f,
    0x8a,0x12,0x0a,0x82,0x0c,0x0a,0x80,0x0a,0x0f,0x02,0x80,0x00,0x00,0x00,0x00,0x00,0x00,0x00,0x00,0x00,0x00,0x00,0x00,0x00,0x00,0x00,0x00,0x00,0x00,0x00,0x00,0x00,
    0x03,0x04,0x08,0x92,0xe0,0x48,0xa0,0x60,0xf0,0xb8,0xdc,0xbe,0xff,0xdf,0xef,0xdf,0xff,0xe7,0xf7,0xe3,0xe3,0xc1,0xf3,0xff,0xff,0xff,0xff,0xff,0xff,0xff,0xff,0xff,
    0x00,0x00,0x00,0x00,0x00,0x00,0x00,0x00,0x00,0x00,0x00,0x00,0x18,0x3c,0x3c,0x7e,0x6e,0xf2,0xcf,0xb2,0xcc,0xa2,0x6c,0x92,0x00,0xec,0x12,0x08,0x50,0x02,0x20,0x80,
    0x0c,0x02,0xc0,0xc0,0xf0,0xfc,0xf4,0x36,0xf7,0x06,0xf2,0x06,0xf0,0x86,0x00,0x06,0xf0,0x00,0x02,0xf0,0x06,0xf0,0x00,0x00,0x00,0x00,0xe0,0x00,0x01,0x00,0x02,0x02,
    0x76,0xde,0xde,0xdc,0xda,0x8c,0x56,0x00,0x48,0x94,0x00,0x0a,0x10,0x00,0x00,0x00,0x00,0x00,0x00,0x00,0x80,0x00,0x00,0x00,0x00,0x00,0x00,0x00,0x00,0x00,0x00,0x00,
    0x00,0x00,0x0e,0x31,0xc3,0x0b,0x27,0x8f,0x0f,0x1f,0x3f,0x7f,0x7f,0xff,0xff,0xff,0xff,0xff,0xdf,0xdf,0x8f,0x8f,0x07,0xdf,0xff,0xff,0xff,0xff,0xff,0xff,0xff,0xff,
    0x00,0x00,0x00,0x00,0x00,0x00,0x00,0x00,0x00,0x00,0x00,0x00,0x00,0x00,0x00,0x00,0x00,0x01,0x01,0x02,0x0c,0x18,0x38,0x58,0x98,0x80,0x98,0x80,0x90,0x08,0x80,0x10,
    0x80,0x08,0x83,0x16,0x06,0x8e,0x1e,0x18,0x1e,0xb8,0x36,0x28,0x72,0xe8,0xdc,0xe2,0x80,0xfc,0x02,0x80,0xa4,0x50,0x00,0xca,0x60,0xe0,0x90,0x90,0x80,0x88,0x88,0x0c,
    0x8c,0x8e,0x45,0x0d,0x81,0x0d,0x88,0x05,0x04,0x08,0x00,0x05,0x00,0x00,0x00,0x08,0x00,0x05,0x00,0x00,0x00,0x00,0x00,0x00,0x00,0x00,0x00,0x00,0x00,0x00,0x00,0x00,
    0x78,0x80,0x04,0x2a,0x81,0x00,0x02,0x80,0x40,0xa0,0x70,0xf8,0xbc,0xde,0xbf,0xff,0xdf,0xef,0xdf,0xf7,0xe7,0xe3,0xe3,0xc1,0xf7,0xfb,0xff,0xff,0xff,0xff,0xff,0xff,
    0x00,0x00,0x00,0x00,0x00,0x00,0x10,0x00,0x00,0x00,0x00,0x00,0x00,0x70,0xf0,0xf0,0xf0,0xb8,0xc4,0x34,0xa0,0x52,0x07,0x33,0x81,0x01,0x31,0x00,0x01,0x00,0x01,0x00,
    0x00,0x00,0x01,0x00,0x00,0x01,0x00,0x00,0x00,0x01,0x80,0xf0,0xd4,0xcc,0xcf,0x0e,0xce,0x0a,0xc6,0x08,0x46,0x08,0xc6,0x06,0x08,0xc0,0x06,0x08,0x43,0x06,0xde,0x36,
    0x36,0x76,0xe8,0xf2,0xd4,0x80,0xe2,0x04,0x80,0x40,0x10,0x80,0x60,0x00,0x00,0x40,0x00,0x80,0x00,0x00,0x00,0x00,0x00,0x00,0x00,0x00,0x00,0x00,0x00,0x00,0x00,0x00,
    0x00,0x00,0x01,0x80,0x42,0x24,0x99,0x03,0x23,0x0f,0x0f,0x1f,0x3f,0x3f,0x7f,0xff,0xff,0xff,0xff,0xff,0xdf,0xdf,0x8f,0x8f,0x07,0xdf,0xff,0xff,0xff,0xff,0xff,0xff
  },
  { // 71
    0x00,0x00,0x00,0x00,0x00,0x00,0x00,0x00,0x00,0x00,0x00,0x00,0x00,0x00,0x00,0x00,0x00,0x00,0x00,0x00,0xc0,0xd8,0xff,0xff,0xff,0x3f,0xe2,0x15,0x12,0xed,0x05,0x02,
    0x00,0x0d,0x00,0x00,0x81,0x00,0x00,0x00,0x00,0x00,0x80,0x81,0xc1,0xa0,0x82,0x1e,0x9e,0x1e,0x1e,0x88,0x16,0x08,0x16,0x08,0x56,0x60,0x9a,0x90,0x8c,0x8a,0x8d,0x0f,
    0x8a,0x12,0x0a,0x82,0x0c,0x0a,0x80,0x0a,0x0f,0x02,0x80,0x00,0x00,0x00,0x00,0x00,0x00,0x00,0x00,0x00,0x00,0x00,0x00,0x00,0x00,0x00,0x00,0x00,0x00,0x00,0x00,0x00,
    0x03,0x04,0x08,0x92,0xe0,0x48,0xa0,0x60,0xf0,0xb8,0xdc,0xbe,0xff,0xdf,0xef,0xdf,0xff,0xe7,0xf7,0xe3,0xe3,0xc1,0xf3,0xff,0xff,0xff,0xff,0xff,0xff,0xff,0xff,0xff,
    0x00,0x00,0x00,0x00,0x00,0x00,0x00,0x00,0x00,0x00,0x00,0x00,0x18,0x3c,0x3c,0x7e,0xee,0xf2,0xcf,0xb2,0xcc,0x22,0xec,0x12,0x80,0x6c,0x12,0x08,0x50,0x02,0xa0,0x00,
    0x0c,0x02,0xc0,0xc0,0xf0,0xf0,0xfc,0x36,0xf7,0x06,0xf6,0x02,0xf4,0x82,0x04,0x02,0xf4,0x00,0x02,0xf0,0x02,0xf4,0x00,0x00,0x00,0x00,0xe0,0x00,0x01,0x00,0x02,0x12,
    0x7e,0x5e,0xde,0xdc,0xca,0x94,0xc6,0x08,0x50,0x04,0x88,0x12,0x00,0x00,0x00,0x00,0x00,0x00,0x00,0x00,0x80,0x00,0x00,0x00,0x00,0x00,0x00,0x00,0x00,0x00,0x00,0x00,
    0x00,0x00,0x0e,0x31,0xc3,0x0b,0x27,0x8f,0x0f,0x1f,0x3f,0x7f,0x7f,0xff,0xff,0xff,0xff,0xff,0xdf,0xdf,0x8f,0x8f,0x07,0xdf,0xff,0xff,0xff,0xff,0xff,0xff,0xff,0xff,
    0x00,0x00,0x00,0x00,0x00,0x00,0x00,0x00,0x00,0x00,0x00,0x00,0x00,0x00,0x00,0x00,0x00,0x01,0x01,0x06,0x08,0x18,0x38,0x58,0x98,0x80,0x98,0x80,0x90,0x08,0x80,0x10,
    0x80,0x09,0x86,0x16,0x0e,0x8e,0x1a,0x1c,0x1a,0xb4,0x3a,0x60,0x7a,0xec,0xd0,0xa2,0xcc,0xb0,0x02,0x84,0xe0,0x10,0x48,0x82,0x60,0xe0,0x90,0x90,0x80,0x88,0x88,0x0c,
    0x8c,0x8c,0x47,0x0d,0x81,0x0d,0x88,0x05,0x04,0x08,0x00,0x05,0x00,0x00,0x00,0x08,0x00,0x04,0x00,0x00,0x00,0x00,0x00,0x00,0x00,0x00,0x00,0x00,0x00,0x00,0x00,0x00,
    0x78,0x80,0x04,0x2a,0x81,0x00,0x02,0x80,0x40,0xa0,0x70,0xf8,0xbc,0xde,0xbf,0xff,0xdf,0xef,0xdf,0xf7,0xe7,0xe3,0xe3,0xc1,0xf7,0xfb,0xff,0xff,0xff,0xff,0xff,0xff,
    0x00,0x00,0x00,0x00,0x00,0x00,0x10,0x00,0x00,0x00,0x00,0x00,0x00,0x40,0xf0,0xf0,0xf0,0xb8,0xf4,0x04,0xb0,0x62,0x17,0x03,0xb1,0x01,0x01,0x30,0x01,0x00,0x01,0x00,
    0x00,0x00,0x01,0x00,0x00,0x01,0x00,0x00,0x00,0x01,0x00,0xd0,0xf4,0xcc,0xcf,0x8e,0x4e,0x8a,0x46,0x88,0x46,0x08,0x42,0x86,0x08,0x40,0x86,0x08,0x47,0x0e,0x56,0xb6,
    0x36,0x76,0x68,0xf2,0xd4,0x80,0xe2,0x84,0x00,0xc0,0x10,0x00,0xa0,0x00,0x00,0x40,0x00,0x00,0x80,0x00,0x00,0x00,0x00,0x00,0x00,0x00,0x00,0x00,0x00,0x00,0x00,0x00,
    0x00,0x00,0x01,0x80,0x42,0x24,0x99,0x03,0x23,0x0f,0x0f,0x1f,0x3f,0x3f,0x7f,0xff,0xff,0xff,0xff,0xff,0xdf,0xdf,0x8f,0x8f,0x07,0xdf,0xff,0xff,0xff,0xff,0xff,0xff
  },
  { // 72
    0x00,0x00,0x00,0x00,0x00,0x00,0x00,0x00,0x00,0x00,0x00,0x00,0x00,0x00,0x00,0x00,0x00,0x00,0x00,0x00,0x80,0xd4,0xff,0xff,0xff,0x7b,0xae,0x51,0x16,0xa1,0x4d,0x02,
    0x04,0x01,0x08,0x00,0x81,0x02,0x00,0x00,0x00,0x00,0x80,0x81,0xc1,0xa0,0x82,0x1e,0x9e,0x1e,0x1e,0x88,0x16,0x08,0x16,0x08,0x56,0x68,0x9a,0x90,0x8c,0x8a,0x9c,0x0d,
    0x8b,0x12,0x0a,0x82,0x0e,0x08,0x82,0x0a,0x0f,0x02,0x82,0x00,0x00,0x00,0x00,0x00,0x00,0x00,0x00,0x00,0x00,0x00,0x00,0x00,0x00,0x00,0x00,0x00,0x00,0x00,0x00,0x00,
    0x03,0x04,0x08,0x92,0xe0,0x48,0xa0,0x60,0xf0,0xb8,0xdc,0xbe,0xff,0xdf,0xef,0xdf,0xff,0xe7,0xf7,0xe3,0xe3,0xc1,0xf3,0xff,0xff,0xff,0xff,0xff,0xff,0xff,0xff,0xff,
    0x00,0x00,0x00,0x00,0x00,0x00,0x00,0x00,0x00,0x00,0x00,0x00,0x18,0x3c,0x3c,0x7e,0xee,0xf2,0xcf,0xb2,0xcc,0x22,0xec,0x12,0x80,0x6c,0x12,0x88,0x50,0x02,0xa0,0x00,
    0x0c,0x02,0xc0,0xc0,0xe0,0xf0,0xfc,0x34,0xf6,0x17,0xe6,0x12,0xe6,0x90,0x06,0x00,0xe6,0x10,0x00,0xe2,0x10,0xe6,0x10,0x00,0x00,0x00,0xe0,0x00,0x01,0x00,0x02,0x16,
    0x7e,0x5e,0xde,0xd8,0xce,0x94,0x82,0x08,0x54,0x02,0x88,0x12,0x00,0x00,0x00,0x00,0x00,0x00,0x00,0x00,0x80,0x00,0x00,0x00,0x00,0x00,0x00,0x00,0x00,0x00,0x00,0x00,
    0x00,0x00,0x0e,0x31,0xc3,0x0b,0x27,0x8f,0x0f,0x1f,0x3f,0x7f,0x7f,0xff,0xff,0xff,0xff,0xff,0xdf,0xdf,0x8f,0x8f,0x07,0xdf,0xff,0xff,0xff,0xff,0xff,0xff,0xff,0xff,
    0x00,0x00,0x00,0x00,0x00,0x00,0x00,0x00,0x00,0x00,0x00,0x00,0x00,0x00,0x00,0x00,0x01,0x01,0x06,0x08,0x18,0x18,0x38,0x58,0x80,0x98,0x80,0x90,0x88,0x00,0x90,0x00,
    0x88,0x03,0x96,0x06,0x0e,0x8e,0x18,0x1e,0x18,0xb6,0x38,0x66,0xf8,0xec,0xd2,0xa0,0xcc,0x32,0x80,0x84,0x60,0x10,0xca,0x00,0xa0,0x40,0xf0,0x90,0x80,0x88,0x88,0x0c,
    0x8c,0x8c,0x47,0x0d,0x81,0x0d,0x88,0x05,0x04,0x08,0x00,0x05,0x00,0x00,0x00,0x08,0x00,0x04,0x00,0x00,0x00,0x00,0x00,0x00,0x00,0x00,0x00,0x00,0x00,0x00,0x00,0x00,
    0x78,0x80,0x04,0x2a,0x81,0x00,0x02,0x80,0x40,0xa0,0x70,0xf8,0xbc,0xde,0xbf,0xff,0xdf,0xef,0xdf,0xf7,0xe7,0xe3,0xe3,0xc1,0xf7,0xfb,0xff,0xff,0xff,0xff,0xff,0xff,
    0x00,0x00,0x00,0x00,0x00,0x00,0x10,0x00,0x00,0x00,0x00,0x00,0x00,0x00,0xf0,0xf0,0xf0,0xf8,0xb0,0x44,0xb4,0x22,0x57,0x03,0xb1,0x01,0x01,0x31,0x00,0x01,0x00,0x01,
    0x00,0x00,0x00,0x01,0x00,0x00,0x01,0x00,0x00,0x00,0x01,0x90,0xf4,0xcf,0xce,0xce,0x0e,0xca,0x04,0xca,0x04,0x4a,0x02,0xc4,0x08,0x02,0xc4,0x0a,0x07,0x5e,0x16,0xf6,
    0x36,0x64,0x6a,0xf0,0xc4,0x82,0xe0,0x84,0x00,0xc0,0x00,0x00,0xa0,0x00,0x00,0x40,0x00,0x00,0x80,0x00,0x00,0x00,0x00,0x00,0x00,0x00,0x00,0x00,0x00,0x00,0x00,0x00,
    0x00,0x00,0x01,0x80,0x42,0x24,0x99,0x03,0x23,0x0f,0x0f,0x1f,0x3f,0x3f,0x7f,0xff,0xff,0xff,0xff,0xff,0xdf,0xdf,0x8f,0x8f,0x07,0xdf,0xff,0xff,0xff,0xff,0xff,0xff
  },
  { // 73
    0x00,0x00,0x00,0x00,0x00,0x00,0x00,0x00,0x00,0x10,0x00,0x00,0x00,0x00,0x00,0x00,0x00,0x00,0x00,0x00,0x80,0xd7,0xff,0xff,0xff,0x7a,0xad,0x52,0x15,0xa1,0x4e,0x20,
    0x05,0x00,0x08,0x01,0x02,0x00,0x00,0x00,0x00,0x00,0x80,0x81,0xc1,0xa0,0x92,0x1e,0x9e,0x1e,0x0e,0x98,0x06,0x18,0x06,0x18,0x46,0x68,0x9a,0x80,0x8c,0x9a,0x88,0x0d,
    0x9b,0x02,0x8a,0x82,0x0e,0x08,0x82,0x0a,0x0f,0x02,0x82,0x00,0x00,0x00,0x00,0x00,0x00,0x00,0x00,0x00,0x00,0x00,0x00,0x00,0x00,0x00,0x00,0x00,0x00,0x00,0x00,0x00,
    0x03,0x04,0x08,0x92,0xe0,0x48,0xa0,0x60,0xf0,0xb8,0xdc,0xbe,0xff,0xdf,0xef,0xdf,0xff,0xe7,0xf7,0xe3,0xe3,0xc1,0xf3,0xff,0xff,0xff,0xff,0xff,0xff,0xff,0xff,0xff,
    0x00,0x00,0x00,0x00,0x00,0x00,0x00,0x00,0x00,0x00,0x00,0x00,0x18,0x3c,0x3c,0x7e,0xee,0xf2,0xcf,0xb2,0xcc,0x22,0xec,0x12,0x80,0x6c,0x12,0x88,0x50,0x02,0xa0,0x00,
    0x0c,0x02,0xc0,0xc0,0xc0,0xf0,0xf0,0x3c,0xf4,0x37,0xc6,0x36,0xc2,0xb6,0x00,0x06,0xc0,0x36,0x00,0xc0,0x32,0xc0,0x36,0x00,0x00,0x00,0xc0,0x20,0x01,0x00,0x12,0x1e,
    0x7e,0x5e,0xde,0xc8,0xd6,0x84,0x8a,0x10,0x44,0x0a,0x90,0x82,0x00,0x00,0x00,0x00,0x00,0x00,0x00,0x00,0x80,0x00,0x00,0x00,0x00,0x00,0x00,0x00,0x00,0x00,0x00,0x00,
    0x00,0x00,0x0e,0x31,0xc3,0x0b,0x27,0x8f,0x0f,0x1f,0x3f,0x7f,0x7f,0xff,0xff,0xff,0xff,0xff,0xdf,0xdf,0x8f,0x8f,0x07,0xdf,0xff,0xff,0xff,0xff,0xff,0xff,0xff,0xff,
    0x00,0x00,0x00,0x00,0x00,0x00,0x00,0x00,0x00,0x00,0x00,0x00,0x00,0x00,0x00,0x00,0x01,0x03,0x04,0x08,0x18,0x18,0x38,0x18,0xc0,0x98,0x80,0x90,0x80,0x00,0x90,0x00,
    0x80,0x03,0x96,0x06,0x0e,0x9e,0x18,0x1e,0x18,0xb6,0x28,0x76,0xe8,0xfc,0xc2,0xa0,0xdc,0x22,0x80,0x84,0x70,0x00,0xca,0x00,0xa0,0x40,0x70,0x90,0x80,0x88,0x88,0x8c,
    0x0c,0x8c,0xc6,0x0d,0x01,0x8d,0x09,0x84,0x05,0x08,0x00,0x04,0x01,0x00,0x00,0x08,0x00,0x04,0x00,0x00,0x00,0x00,0x00,0x00,0x00,0x00,0x00,0x00,0x00,0x00,0x00,0x00,
    0x78,0x80,0x04,0x2a,0x81,0x00,0x02,0x80,0x40,0xa0,0x70,0xf8,0xbc,0xde,0xbf,0xff,0xdf,0xef,0xdf,0xf7,0xe7,0xe3,0xe3,0xc1,0xf7,0xfb,0xff,0xff,0xff,0xff,0xff,0xff,
    0x00,0x00,0x00,0x00,0x00,0x00,0x10,0x00,0x00,0x00,0x00,0x00,0x00,0x00,0xf0,0xf0,0xf0,0xf8,0xb0,0x44,0xb4,0x22,0x57,0x03,0xb1,0x01,0x01,0x31,0x00,0x01,0x00,0x01,
    0x10,0x00,0x00,0x01,0x00,0x00,0x01,0x00,0x00,0x00,0x01,0x10,0xd4,0xef,0xce,0xce,0x8e,0x4a,0x84,0x4a,0x84,0x48,0x82,0x44,0x88,0x02,0x44,0x8a,0x0f,0x56,0x16,0x76,
    0xb2,0x64,0x6a,0xf4,0xc0,0x82,0xe4,0x80,0x00,0xc0,0x00,0x00,0x80,0x00,0x00,0x40,0x00,0x00,0x80,0x00,0x00,0x00,0x00,0x00,0x00,0x00,0x00,0x00,0x00,0x00,0x00,0x00,
    0x00,0x00,0x01,0x80,0x42,0x24,0x99,0x03,0x23,0x0f,0x0f,0x1f,0x3f,0x3f,0x7f,0xff,0xff,0xff,0xff,0xff,0xdf,0xdf,0x8f,0x8f,0x07,0xdf,0xff,0xff,0xff,0xff,0xff,0xff
  },
  { // 74
    0x00,0x00,0x00,0x00,0x00,0x00,0x00,0x00,0x00,0x10,0x00,0x00,0x00,0x00,0x00,0x00,0x00,0x00,0x00,0x00,0x00,0xc7,0xdf,0xff,0xff,0xfa,0x3d,0xe2,0x15,0x11,0xee,0x04,
    0x65,0x00,0x08,0x01,0x02,0x00,0x00,0x00,0x00,0x00,0x01,0x81,0xc0,0xa2,0x92,0x9e,0x1e,0x9e,0x0c,0x1a,0x84,0x1a,0x04,0x1a,0x44,0x6a,0x98,0x80,0x8e,0x98,0x88,0x0c,
    0x9b,0x03,0x8a,0x82,0x0e,0x08,0x82,0x0a,0x0f,0x02,0x82,0x00,0x00,0x00,0x00,0x00,0x00,0x00,0x00,0x00,0x00,0x00,0x00,0x00,0x00,0x00,0x00,0x00,0x00,0x00,0x00,0x00,
    0x03,0x04,0x08,0x92,0xe0,0x48,0xa0,0x60,0xf0,0xb8,0xdc,0xbe,0xff,0xdf,0xef,0xdf,0xff,0xe7,0xf7,0xe3,0xe3,0xc1,0xf3,0xff,0xff,0xff,0xff,0xff,0xff,0xff,0xff,0xff,
    0x00,0x00,0x00,0x00,0x00,0x00,0x00,0x00,0x00,0x00,0x00,0x00,0x18,0x3c,0x3c,0x7c,0xee,0xf2,0xcf,0xb2,0xce,0x20,0xee,0x10,0x82,0x6c,0x10,0x8a,0x50,0x00,0xa0,0x00,
    0x0c,0x00,0xc2,0xc0,0xc0,0xf0,0xf0,0x34,0xfc,0x36,0xc7,0x36,0xc2,0xb6,0x00,0x02,0xc0,0x36,0x00,0xc0,0x32,0xc0,0x36,0x00,0x00,0x00,0xc0,0x00,0x01,0x00,0x12,0x1e,
    0x7e,0x5e,0xde,0xc8,0xd6,0x80,0x8a,0x10,0x44,0x0a,0x90,0x82,0x00,0x04,0x00,0x00,0x00,0x00,0x00,0x00,0x80,0x00,0x00,0x00,0x00,0x00,0x00,0x00,0x00,0x00,0x00,0x00,
    0x00,0x00,0x0e,0x31,0xc3,0x0b,0x27,0x8f,0x0f,0x1f,0x3f,0x7f,0x7f,0xff,0xff,0xff,0xff,0xff,0xdf,0xdf,0x8f,0x8f,0x07,0xdf,0xff,0xff,0xff,0xff,0xff,0xff,0xff,0xff,
    0x00,0x00,0x00,0x00,0x00,0x00,0x00,0x00,0x00,0x00,0x00,0x00,0x00,0x00,0x00,0x01,0x01,0x06,0x00,0x08,0x18,0x18,0x38,0x18,0xc0,0x98,0x80,0x90,0x80,0x00,0x80,0x00,
    0x80,0x03,0x86,0x06,0x0e,0x9e,0x18,0x1e,0x38,0xb6,0x68,0x76,0xe8,0xdc,0xa2,0xc0,0xbc,0x02,0x80,0xe4,0x10,0x00,0x8a,0x20,0x80,0x40,0x70,0x90,0x80,0x80,0x88,0x8c,
    0x0c,0x8c,0xce,0x05,0x09,0x85,0x09,0x8c,0x05,0x00,0x08,0x04,0x01,0x00,0x00,0x00,0x08,0x04,0x00,0x00,0x00,0x00,0x00,0x00,0x00,0x00,0x00,0x00,0x00,0x00,0x00,0x00,
    0x78,0x80,0x04,0x2a,0x81,0x00,0x02,0x80,0x40,0xa0,0x70,0xf8,0xbc,0xde,0xbf,0xff,0xdf,0xef,0xdf,0xf7,0xe7,0xe3,0xe3,0xc1,0xf7,0xfb,0xff,0xff,0xff,0xff,0xff,0xff,
    0x00,0x00,0x00,0x00,0x00,0x00,0x00,0x00,0x00,0x00,0x00,0x00,0x00,0x00,0x00,0xf0,0xf0,0xf8,0xf0,0xb4,0x44,0xb2,0x27,0x53,0x01,0xb1,0x01,0x01,0x30,0x41,0x00,0x01,
    0x00,0x10,0x00,0x01,0x00,0x00,0x01,0x00,0x00,0x00,0x01,0x04,0x9f,0xfe,0xce,0xce,0xca,0x04,0xca,0x04,0xc8,0x02,0xc4,0x08,0xc2,0x04,0x0a,0xc4,0x0f,0x16,0x56,0x36,
    0xf2,0x68,0x62,0xf4,0xc0,0xc2,0xe4,0x80,0x00,0xc0,0x00,0x00,0x80,0x00,0x00,0x40,0x00,0x00,0x80,0x00,0x00,0x00,0x00,0x00,0x00,0x00,0x00,0x00,0x00,0x00,0x00,0x00,
    0x00,0x00,0x01,0x80,0x42,0x24,0x99,0x03,0x23,0x0f,0x0f,0x1f,0x3f,0x3f,0x7f,0xff,0xff,0xff,0xff,0xff,0xdf,0xdf,0x8f,0x8f,0x07,0xdf,0xff,0xff,0xff,0xff,0xff,0xff
  },
  { // 75
    0x00,0x00,0x00,0x00,0x00,0x00,0x00,0x00,0x00,0x10,0x00,0x00,0x00,0x00,0x00,0x00,0x00,0x00,0x00,0x00,0x01,0x87,0xdf,0xff,0xfe,0xfb,0x7c,0xa3,0x55,0x10,0xae,0x45,
    0x24,0x40,0x09,0x00,0x02,0x00,0x00,0x00,0x00,0x00,0x01,0x81,0xc0,0xa2,0x96,0x9e,0x1e,0x9e,0x08,0x1e,0x80,0x1e,0x00,0x1e,0x40,0x6a,0x98,0x84,0x82,0x98,0x8c,0x0c,
    0x99,0x0b,0x82,0x8e,0x02,0x0a,0x80,0x02,0x0f,0x0a,0x80,0x02,0x00,0x00,0x00,0x00,0x00,0x00,0x00,0x00,0x00,0x00,0x00,0x00,0x00,0x00,0x00,0x00,0x00,0x00,0x00,0x00,
    0x03,0x04,0x08,0x92,0xe0,0x48,0xa0,0x60,0xf0,0xb8,0xdc,0xbe,0xff,0xdf,0xef,0xdf,0xff,0xe7,0xf7,0xe3,0xe3,0xc1,0xf3,0xff,0xff,0xff,0xff,0xff,0xff,0xff,0xff,0xff,
    0x00,0x00,0x00,0x00,0x00,0x00,0x00,0x00,0x00,0x00,0x00,0x00,0x00,0x18,0x3c,0xfc,0xfe,0xee,0xf3,0x8e,0x72,0x8c,0x62,0xac,0x12,0x40,0xac,0x12,0x48,0x90,0x00,0x20,
    0x00,0x8c,0xc2,0xc0,0xc0,0xe0,0x70,0xb0,0x7c,0xb4,0x57,0xa6,0xd6,0x22,0x16,0x80,0x42,0x20,0x96,0x40,0xa0,0x50,0x20,0x16,0x00,0x80,0x40,0x00,0x01,0x02,0x1e,0x1e,
    0x7e,0x5e,0x58,0xc6,0xd0,0x8a,0x80,0x94,0x4a,0x00,0x12,0x80,0x84,0x00,0x00,0x00,0x00,0x00,0x00,0x00,0x80,0x00,0x00,0x00,0x00,0x00,0x00,0x00,0x00,0x00,0x00,0x00,
    0x00,0x00,0x0e,0x31,0xc3,0x0b,0x27,0x8f,0x0f,0x1f,0x3f,0x7f,0x7f,0xff,0xff,0xff,0xff,0xff,0xdf,0xdf,0x8f,0x8f,0x07,0xdf,0xff,0xff,0xff,0xff,0xff,0xff,0xff,0xff,
    0x00,0x00,0x00,0x00,0x00,0x00,0x00,0x00,0x00,0x00,0x00,0x00,0x00,0x00,0x00,0x01,0x03,0x04,0x08,0x08,0x18,0x18,0x38,0x10,0xc8,0x90,0x80,0x90,0x80,0x00,0x80,0x00,
    0x80,0x03,0x86,0x06,0x0e,0x9e,0x18,0x1e,0x38,0xb6,0x68,0xf6,0xe8,0xdc,0xa2,0xc0,0x3c,0x82,0x80,0x64,0x10,0x80,0x0a,0xa0,0x04,0x40,0x70,0x90,0x80,0x80,0x88,0x8c,
    0x0c,0x8c,0xce,0x05,0x09,0x85,0x09,0x8c,0x05,0x01,0x08,0x04,0x05,0x01,0x00,0x00,0x08,0x00,0x00,0x00,0x00,0x00,0x00,0x00,0x00,0x00,0x00,0x00,0x00,0x00,0x00,0x00,
    0x78,0x80,0x04,0x2a,0x81,0x00,0x02,0x80,0x40,0xa0,0x70,0xf8,0xbc,0xde,0xbf,0xff,0xdf,0xef,0xdf,0xf7,0xe7,0xe3,0xe3,0xc1,0xf7,0xfb,0xff,0xff,0xff,0xff,0xff,0xff,
    0x00,0x00,0x00,0x00,0x00,0x00,0x00,0x00,0x00,0x00,0x00,0x00,0x00,0x00,0x00,0xf0,0xf0,0xf0,0xf8,0xb4,0x44,0xb2,0x27,0x53,0x81,0xb1,0x01,0x01,0x30,0x41,0x00,0x01,
    0x00,0x10,0x00,0x01,0x00,0x00,0x01,0x00,0x00,0x00,0x01,0x04,0x1f,0xfe,0xce,0xce,0xca,0x84,0x4a,0x84,0x48,0x82,0x44,0x88,0x42,0x84,0x0a,0x4c,0x8f,0x16,0x56,0x32,
    0x72,0xe8,0x66,0xf0,0xc0,0xc6,0xe0,0x80,0x00,0xc0,0x00,0x00,0x80,0x00,0x00,0x00,0x00,0x00,0x80,0x00,0x00,0x00,0x00,0x00,0x00,0x00,0x00,0x00,0x00,0x00,0x00,0x00,
    0x00,0x00,0x01,0x80,0x42,0x24,0x99,0x03,0x23,0x0f,0x0f,0x1f,0x3f,0x3f,0x7f,0xff,0xff,0xff,0xff,0xff,0xdf,0xdf,0x8f,0x8f,0x07,0xdf,0xff,0xff,0xff,0xff,0xff,0xff
  },
  { // 76
    0x00,0x00,0x00,0x00,0x00,0x00,0x00,0x00,0x00,0x10,0x00,0x00,0x00,0x00,0x00,0x00,0x00,0x00,0x00,0x00,0x03,0x87,0xdf,0xdf,0xfe,0xf9,0x7e,0xa1,0x74,0x12,0x8c,0x65,
    0x84,0x60,0x09,0x02,0x00,0x00,0x00,0x00,0x00,0x00,0x01,0x81,0xc0,0xa2,0x9e,0x9e,0x1e,0x9e,0x08,0x16,0x88,0x16,0x08,0x16,0x48,0x6a,0x90,0x84,0x8a,0x98,0x8c,0x0c,
    0x98,0x0b,0x83,0x8e,0x0a,0x0a,0x80,0x02,0x0f,0x0a,0x80,0x02,0x00,0x00,0x00,0x00,0x00,0x00,0x00,0x00,0x00,0x00,0x00,0x00,0x00,0x00,0x00,0x00,0x00,0x00,0x00,0x00,
    0x03,0x04,0x08,0x92,0xe0,0x48,0xa0,0x60,0xf0,0xb8,0xdc,0xbe,0xff,0xdf,0xef,0xdf,0xff,0xe7,0xf7,0xe3,0xe3,0xc1,0xf3,0xff,0xff,0xff,0xff,0xff,0xff,0xff,0xff,0xff,
    0x00,0x00,0x00,0x00,0x00,0x00,0x00,0x00,0x00,0x00,0x00,0x00,0x00,0x18,0x3c,0xfc,0xfe,0xee,0xf2,0x8f,0x72,0x8c,0x62,0xac,0x12,0x40,0xac,0x12,0x48,0x90,0x00,0x20,
    0x00,0xcc,0xc2,0xc0,0xc0,0xe0,0x70,0xb0,0x78,0xb4,0x56,0xa7,0xd6,0x66,0x12,0x84,0x42,0x20,0x92,0x44,0xa0,0x40,0x20,0x12,0x04,0x80,0x00,0x00,0x01,0x12,0x1e,0x1e,
    0x7e,0x5e,0x48,0xd6,0xc0,0x8a,0x90,0x84,0x4a,0x10,0x02,0x80,0x84,0x00,0x00,0x00,0x00,0x00,0x00,0x00,0x80,0x00,0x00,0x00,0x00,0x00,0x00,0x00,0x00,0x00,0x00,0x00,
    0x00,0x00,0x0e,0x31,0xc3,0x0b,0x27,0x8f,0x0f,0x1f,0x3f,0x7f,0x7f,0xff,0xff,0xff,0xff,0xff,0xdf,0xdf,0x8f,0x8f,0x07,0xdf,0xff,0xff,0xff,0xff,0xff,0xff,0xff,0xff,
    0x00,0x00,0x00,0x00,0x00,0x00,0x00,0x00,0x00,0x00,0x00,0x00,0x00,0x00,0x01,0x01,0x06,0x00,0x08,0x08,0x18,0x18,0x38,0x10,0xc8,0x90,0x80,0x90,0x80,0x00,0x80,0x00,
    0x80,0x03,0x86,0x06,0x0e,0x9e,0x18,0x1e,0x38,0xf6,0xe8,0xf6,0xe8,0x9c,0xe2,0x00,0xbc,0x82,0x40,0x34,0x90,0x00,0x8a,0x20,0x04,0x00,0x40,0xf0,0x90,0x80,0x88,0x8c,
    0x0c,0x8c,0x4e,0x05,0x09,0x85,0x01,0x8c,0x05,0x01,0x08,0x0c,0x05,0x01,0x00,0x00,0x00,0x00,0x00,0x00,0x00,0x00,0x00,0x00,0x00,0x00,0x00,0x00,0x00,0x00,0x00,0x00,
    0x78,0x80,0x04,0x2a,0x81,0x00,0x02,0x80,0x40,0xa0,0x70,0xf8,0xbc,0xde,0xbf,0xff,0xdf,0xef,0xdf,0xf7,0xe7,0xe3,0xe3,0xc1,0xf7,0xfb,0xff,0xff,0xff,0xff,0xff,0xff,
    0x00,0x00,0x00,0x00,0x00,0x00,0x00,0x00,0x00,0x00,0x00,0x00,0x00,0x00,0x00,0x80,0xf0,0xf0,0xf8,0xf4,0x34,0xc2,0x37,0x03,0xd1,0x81,0x31,0x01,0x00,0x31,0x40,0x01,
    0x00,0x00,0x10,0x01,0x00,0x00,0x01,0x00,0x00,0x00,0x01,0x07,0x1e,0x9e,0xee,0xce,0xc8,0xc6,0x08,0xc4,0x0a,0xc0,0x04,0xca,0x00,0xc6,0x08,0x0e,0xdf,0x16,0x36,0x72,
    0x20,0xea,0x74,0xc0,0xc2,0xa4,0xc0,0x80,0x00,0xc0,0x00,0x00,0x80,0x00,0x00,0x00,0x00,0x00,0x80,0x00,0x00,0x00,0x00,0x00,0x00,0x00,0x00,0x00,0x00,0x00,0x00,0x00,
    0x00,0x00,0x01,0x80,0x42,0x24,0x99,0x03,0x23,0x0f,0x0f,0x1f,0x3f,0x3f,0x7f,0xff,0xff,0xff,0xff,0xff,0xdf,0xdf,0x8f,0x8f,0x07,0xdf,0xff,0xff,0xff,0xff,0xff,0xff
  },
  { // 77
    0x00,0x00,0x00,0x00,0x00,0x00,0x00,0x00,0x00,0x10,0x00,0x00,0x00,0x00,0x00,0x00,0x00,0x00,0x00,0x01,0x03,0x87,0xdf,0xde,0xff,0xf8,0x7f,0xa0,0x74,0x12,0x8d,0x64,
    0x84,0x61,0x08,0x02,0x00,0x00,0x00,0x00,0x00,0x00,0x01,0x01,0xc0,0xb2,0x9e,0x9e,0x9e,0x0e,0x98,0x06,0x18,0x86,0x18,0x06,0x48,0x7a,0x10,0x84,0x9a,0x88,0x8c,0x9c,
    0x08,0x8b,0x03,0x8e,0x8a,0x0a,0x00,0x82,0x07,0x0a,0x00,0x82,0x00,0x00,0x00,0x00,0x00,0x00,0x00,0x00,0x00,0x00,0x00,0x00,0x00,0x00,0x00,0x00,0x00,0x00,0x00,0x00,
    0x03,0x04,0x08,0x92,0xe0,0x48,0xa0,0x60,0xf0,0xb8,0xdc,0xbe,0xff,0xdf,0xef,0xdf,0xff,0xe7,0xf7,0xe3,0xe3,0xc1,0xf3,0xff,0xff,0xff,0xff,0xff,0xff,0xff,0xff,0xff,
    0x00,0x00,0x00,0x00,0x00,0x00,0x00,0x00,0x00,0x00,0x00,0x00,0x00,0x18,0x3c,0xfc,0xfe,0xee,0xf2,0x8f,0x72,0x8c,0x62,0xac,0x12,0x40,0xac,0x12,0x48,0x90,0x00,0x20,
    0x00,0xcc,0xc2,0xc0,0xc0,0xe0,0x70,0xb0,0x70,0xbc,0x54,0xa7,0xd6,0x66,0x32,0x86,0x40,0x22,0x90,0x46,0x80,0x40,0x20,0x10,0x06,0x80,0x00,0x00,0x01,0x1e,0x1e,0x3e,
    0x5e,0x5a,0x44,0xd2,0xc8,0x82,0x94,0x88,0x42,0x10,0x02,0x84,0x80,0x00,0x00,0x00,0x00,0x00,0x00,0x00,0x80,0x00,0x00,0x00,0x00,0x00,0x00,0x00,0x00,0x00,0x00,0x00,
    0x00,0x00,0x0e,0x31,0xc3,0x0b,0x27,0x8f,0x0f,0x1f,0x3f,0x7f,0x7f,0xff,0xff,0xff,0xff,0xff,0xdf,0xdf,0x8f,0x8f,0x07,0xdf,0xff,0xff,0xff,0xff,0xff,0xff,0xff,0xff,
    0x00,0x00,0x00,0x00,0x00,0x00,0x00,0x00,0x00,0x00,0x00,0x00,0x00,0x00,0x01,0x03,0x04,0x00,0x08,0x08,0x18,0x18,0x38,0x10,0xc8,0x90,0x80,0x90,0x80,0x00,0x80,0x00,
    0x80,0x03,0x86,0x06,0x0e,0x9e,0x18,0x3e,0x38,0xf6,0xe8,0xf6,0xc8,0xbc,0xc2,0x20,0x9c,0x82,0x60,0x14,0x90,0x00,0xaa,0x00,0x04,0x00,0x40,0x70,0x90,0x80,0x88,0x8c,
    0x8c,0x4c,0xee,0x45,0x09,0x05,0x81,0x0c,0x85,0x01,0x08,0x0c,0x05,0x01,0x00,0x00,0x00,0x00,0x00,0x00,0x00,0x00,0x00,0x00,0x00,0x00,0x00,0x00,0x00,0x00,0x00,0x00,
    0x78,0x80,0x04,0x2a,0x81,0x00,0x02,0x80,0x40,0xa0,0x70,0xf8,0xbc,0xde,0xbf,0xff,0xdf,0xef,0xdf,0xf7,0xe7,0xe3,0xe3,0xc1,0xf7,0xfb,0xff,0xff,0xff,0xff,0xff,0xff,
    0x00,0x00,0x00,0x00,0x00,0x00,0x00,0x00,0x00,0x00,0x00,0x00,0x00,0x00,0x00,0x00,0xf0,0xf0,0xf8,0xf4,0xb4,0x42,0xb7,0x03,0x51,0x81,0xb1,0x01,0x00,0x31,0x40,0x01,
    0x00,0x00,0x10,0x01,0x00,0x00,0x01,0x00,0x00,0x00,0x01,0x06,0x1e,0x1e,0xee,0xce,0xc8,0xc6,0x88,0x44,0x8a,0x40,0x84,0x48,0x80,0x46,0x88,0x0f,0x5e,0x96,0x36,0x72,
    0x20,0x62,0xf4,0xc0,0xc2,0xa4,0xc0,0x80,0x00,0xc0,0x00,0x00,0x80,0x00,0x00,0x00,0x00,0x00,0x80,0x00,0x00,0x00,0x00,0x00,0x00,0x00,0x00,0x00,0x00,0x00,0x00,0x00,
    0x00,0x00,0x01,0x80,0x42,0x24,0x99,0x03,0x23,0x0f,0x0f,0x1f,0x3f,0x3f,0x7f,0xff,0xff,0xff,0xff,0xff,0xdf,0xdf,0x8f,0x8f,0x07,0xdf,0xff,0xff,0xff,0xff,0xff,0xff
  },
  { // 78
    0x00,0x00,0x00,0x00,0x00,0x00,0x00,0x00,0x00,0x10,0x00,0x00,0x00,0x00,0x00,0x00,0x00,0x00,0x00,0x01,0x03,0x87,0xcf,0xde,0xff,0xf8,0x7f,0xb0,0x64,0x12,0x99,0x64,
    0x80,0x61,0x08,0x02,0x00,0x00,0x00,0x00,0x00,0x01,0x01,0x00,0xc2,0xbe,0x9e,0x9e,0x9e,0x08,0x96,0x08,0x16,0x88,0x16,0x08,0x0a,0x70,0x54,0x8a,0x90,0x8c,0x88,0x9c,
    0x0a,0x8b,0x07,0x8a,0x82,0x0a,0x00,0x82,0x07,0x0a,0x00,0x82,0x00,0x00,0x00,0x00,0x00,0x00,0x00,0x00,0x00,0x00,0x00,0x00,0x00,0x00,0x00,0x00,0x00,0x00,0x00,0x00,
    0x03,0x04,0x08,0x92,0xe0,0x48,0xa0,0x60,0xf0,0xb8,0xdc,0xbe,0xff,0xdf,0xef,0xdf,0xff,0xe7,0xf7,0xe3,0xe3,0xc1,0xf3,0xff,0xff,0xff,0xff,0xff,0xff,0xff,0xff,0xff,
    0x00,0x00,0x00,0x00,0x00,0x00,0x00,0x00,0x00,0x00,0x00,0x00,0x00,0x08,0x3c,0xfc,0xfe,0xfe,0xee,0x93,0x6e,0x90,0x6e,0xa0,0x0e,0x50,0xa0,0x0e,0x50,0x8a,0x10,0x20,
    0x00,0xc0,0xcc,0xc0,0xc0,0xe0,0x70,0xb0,0x70,0xb8,0x54,0xa4,0xd7,0x66,0x36,0x82,0x46,0x20,0x92,0x40,0x86,0x40,0x20,0x10,0x00,0x06,0x00,0x00,0x01,0x1e,0x1e,0x3e,
    0x5e,0x5a,0x44,0xd2,0xc8,0x82,0x94,0x88,0xc2,0x10,0x02,0x84,0x80,0x00,0x00,0x00,0x00,0x00,0x00,0x00,0x80,0x00,0x00,0x00,0x00,0x00,0x00,0x00,0x00,0x00,0x00,0x00,
    0x00,0x00,0x0e,0x31,0xc3,0x0b,0x27,0x8f,0x0f,0x1f,0x3f,0x7f,0x7f,0xff,0xff,0xff,0xff,0xff,0xdf,0xdf,0x8f,0x8f,0x07,0xdf,0xff,0xff,0xff,0xff,0xff,0xff,0xff,0xff,
    0x00,0x00,0x00,0x00,0x00,0x00,0x00,0x00,0x00,0x00,0x00,0x00,0x00,0x00,0x01,0x03,0x04,0x08,0x08,0x08,0x18,0x18,0x30,0x18,0xc0,0x90,0x80,0x90,0x80,0x00,0x80,0x00,
    0x00,0x03,0x86,0x06,0x1e,0x1e,0x18,0x3e,0x78,0xe6,0xf8,0xe6,0x98,0xe4,0x02,0xb0,0x8c,0x42,0x30,0x9c,0x00,0x80,0x2a,0x00,0x04,0x00,0x00,0x50,0xf0,0x80,0x88,0x8c,
    0x8c,0x4c,0xee,0x45,0x09,0x05,0x81,0x0c,0x85,0x01,0x08,0x0c,0x05,0x01,0x00,0x00,0x00,0x00,0x00,0x00,0x00,0x00,0x00,0x00,0x00,0x00,0x00,0x00,0x00,0x00,0x00,0x00,
    0x78,0x80,0x04,0x2a,0x81,0x00,0x02,0x80,0x40,0xa0,0x70,0xf8,0xbc,0xde,0xbf,0xff,0xdf,0xef,0xdf,0xf7,0xe7,0xe3,0xe3,0xc1,0xf7,0xfb,0xff,0xff,0xff,0xff,0xff,0xff,
    0x00,0x00,0x00,0x00,0x00,0x00,0x00,0x00,0x00,0x00,0x00,0x00,0x00,0x00,0x00,0x00,0x80,0xf0,0xf0,0xfc,0xf4,0x30,0xc2,0x31,0x01,0xd1,0x81,0x31,0x00,0x01,0x30,0x41,
    0x00,0x00,0x00,0x11,0x00,0x00,0x01,0x00,0x00,0x00,0x05,0x06,0x1e,0x1e,0xae,0xca,0xcc,0xc2,0xcc,0x00,0xca,0x04,0xc0,0x08,0xc4,0x02,0xcc,0x07,0x1e,0xd6,0x32,0x36,
    0x60,0x66,0xf0,0xc0,0xc6,0xa0,0xc0,0xc0,0x00,0xc0,0x00,0x00,0x80,0x00,0x00,0x00,0x00,0x00,0x00,0x00,0x00,0x00,0x00,0x00,0x00,0x00,0x00,0x00,0x00,0x00,0x00,0x00,
    0x00,0x00,0x01,0x80,0x42,0x24,0x99,0x03,0x23,0x0f,0x0f,0x1f,0x3f,0x3f,0x7f,0xff,0xff,0xff,0xff,0xff,0xdf,0xdf,0x8f,0x8f,0x07,0xdf,0xff,0xff,0xff,0xff,0xff,0xff
  },
  { // 79
    0x00,0x00,0x00,0x00,0x00,0x00,0x00,0x00,0x00,0x10,0x00,0x00,0x00,0x00,0x00,0x00,0x00,0x00,0x01,0x03,0x03,0x87,0xce,0xdf,0xfc,0xfb,0x7c,0xb0,0x66,0x11,0x98,0x66,
    0x81,0x60,0x0a,0x00,0x00,0x00,0x00,0x00,0x00,0x01,0x01,0x00,0xc2,0xbe,0x9e,0x9e,0x9e,0x08,0x96,0x08,0x16,0x88,0x16,0x08,0x8a,0x50,0x64,0x9a,0x90,0x8c,0x88,0x9c,
    0x0a,0x88,0x07,0x8b,0x92,0x0a,0x02,0x82,0x07,0x0a,0x00,0x80,0x02,0x00,0x00,0x00,0x00,0x00,0x00,0x00,0x00,0x00,0x00,0x00,0x00,0x00,0x00,0x00,0x00,0x00,0x00,0x00,
    0x03,0x04,0x08,0x92,0xe0,0x48,0xa0,0x60,0xf0,0xb8,0xdc,0xbe,0xff,0xdf,0xef,0xdf,0xff,0xe7,0xf7,0xe3,0xe3,0xc1,0xf3,0xff,0xff,0xff,0xff,0xff,0xff,0xff,0xff,0xff,
    0x00,0x00,0x00,0x00,0x00,0x00,0x00,0x00,0x00,0x00,0x00,0x00,0x00,0x08,0xfc,0xfc,0xfc,0xfe,0xae,0x53,0xae,0x52,0xac,0x22,0x4c,0x92,0x20,0x4c,0x92,0x08,0x12,0x20,
    0x40,0x00,0xcc,0xc0,0xc0,0xe0,0xe0,0x30,0xf0,0x30,0xdc,0x34,0xc7,0xf6,0x26,0x12,0xc6,0x20,0x02,0xd0,0x06,0xc0,0x20,0x00,0x10,0x06,0x00,0x00,0x07,0x1e,0x1e,0x3e,
    0x5a,0x5c,0x42,0xd0,0xca,0x84,0x90,0x8a,0xc0,0x12,0x04,0x80,0x80,0x00,0x00,0x00,0x00,0x00,0x00,0x00,0x80,0x00,0x00,0x00,0x00,0x00,0x00,0x00,0x00,0x00,0x00,0x00,
    0x00,0x00,0x0e,0x31,0xc3,0x0b,0x27,0x8f,0x0f,0x1f,0x3f,0x7f,0x7f,0xff,0xff,0xff,0xff,0xff,0xdf,0xdf,0x8f,0x8f,0x07,0xdf,0xff,0xff,0xff,0xff,0xff,0xff,0xff,0xff,
    0x00,0x00,0x00,0x00,0x00,0x00,0x00,0x00,0x00,0x00,0x00,0x00,0x00,0x01,0x03,0x04,0x00,0x08,0x08,0x08,0x18,0x18,0x30,0x18,0xc0,0x90,0x80,0x90,0x80,0x00,0x80,0x00,
    0x00,0x03,0x86,0x0e,0x1e,0x1e,0x18,0x3e,0x70,0xee,0xf0,0xee,0x90,0xe4,0x02,0xb8,0x84,0x42,0x38,0x84,0x00,0x88,0x22,0x00,0x14,0x00,0x00,0x40,0xf0,0x90,0x88,0x8c,
    0x8c,0x4c,0xee,0x45,0x09,0x05,0x81,0x0c,0x85,0x01,0x08,0x0c,0x04,0x01,0x00,0x00,0x00,0x00,0x00,0x00,0x00,0x00,0x00,0x00,0x00,0x00,0x00,0x00,0x00,0x00,0x00,0x00,
    0x78,0x80,0x04,0x2a,0x81,0x00,0x02,0x80,0x40,0xa0,0x70,0xf8,0xbc,0xde,0xbf,0xff,0xdf,0xef,0xdf,0xf7,0xe7,0xe3,0xe3,0xc1,0xf7,0xfb,0xff,0xff,0xff,0xff,0xff,0xff,
    0x00,0x00,0x00,0x00,0x00,0x00,0x00,0x00,0x00,0x00,0x00,0x00,0x00,0x00,0x00,0x00,0x80,0xd0,0xf0,0xfc,0xf4,0x30,0xe2,0x11,0x21,0xd1,0x81,0x11,0x60,0x01,0x10,0x61,
    0x00,0x00,0x00,0x11,0x00,0x00,0x01,0x00,0x00,0x01,0x07,0x06,0x0e,0x1e,0x9e,0xe8,0xce,0xc0,0xcc,0x02,0xc8,0x04,0xc0,0x08,0xc6,0x00,0xce,0x07,0x1e,0xd6,0x32,0x34,
    0x62,0x64,0xf0,0xc2,0xc4,0xa0,0xc0,0x40,0x80,0x40,0x00,0x80,0x00,0x00,0x00,0x00,0x00,0x00,0x00,0x00,0x00,0x00,0x00,0x00,0x00,0x00,0x00,0x00,0x00,0x00,0x00,0x00,
    0x00,0x00,0x01,0x80,0x42,0x24,0x99,0x03,0x23,0x0f,0x0f,0x1f,0x3f,0x3f,0x7f,0xff,0xff,0xff,0xff,0xff,0xdf,0xdf,0x8f,0x8f,0x07,0xdf,0xff,0xff,0xff,0xff,0xff,0xff
  },
  { // 80
    0x00,0x00,0x00,0x00,0x00,0x00,0x00,0x00,0x00,0x10,0x00,0x00,0x00,0x00,0x00,0x00,0x00,0x00,0x01,0x03,0x03,0x07,0xc6,0xdf,0xfc,0xfb,0xfc,0x38,0xe6,0x19,0x10,0xee,
    0x01,0xe0,0x02,0x08,0x00,0x01,0x00,0x00,0x00,0x01,0x01,0x02,0x3e,0xde,0x9e,0x9e,0x88,0x96,0x88,0x96,0x08,0x16,0x88,0x0a,0x10,0xc4,0x6a,0x90,0x84,0x88,0x98,0x8e,
    0x08,0x8c,0x0b,0x9b,0x82,0x0a,0x02,0x82,0x07,0x0a,0x00,0x80,0x02,0x00,0x00,0x00,0x00,0x00,0x00,0x00,0x00,0x00,0x00,0x00,0x00,0x00,0x00,0x00,0x00,0x00,0x00,0x00,
    0x03,0x04,0x08,0x92,0xe0,0x48,0xa0,0x60,0xf0,0xb8,0xdc,0xbe,0xff,0xdf,0xef,0xdf,0xff,0xe7,0xf7,0xe3,0xe3,0xc1,0xf3,0xff,0xff,0xff,0xff,0xff,0xff,0xff,0xff,0xff,
    0x00,0x00,0x00,0x00,0x00,0x00,0x00,0x00,0x00,0x00,0x00,0x00,0x00,0x08,0xdc,0xfc,0xfc,0xfe,0xbe,0x6b,0x96,0x6a,0x94,0x2a,0x64,0x8a,0x10,0x64,0x8a,0x14,0x0a,0x10,
    0x60,0x00,0xc0,0xc8,0xc0,0xc0,0xe0,0x30,0xf0,0x30,0xf8,0x14,0xe4,0xd7,0x26,0x36,0xd2,0x06,0x20,0x92,0x00,0xc6,0x00,0x20,0x12,0x00,0x06,0x00,0x1f,0x1e,0x1e,0x3e,
    0x5a,0x44,0x52,0xc8,0xc2,0x94,0x88,0x82,0xd0,0x02,0x04,0x80,0x80,0x00,0x00,0x00,0x00,0x00,0x00,0x00,0x80,0x00,0x00,0x00,0x00,0x00,0x00,0x00,0x00,0x00,0x00,0x00,
    0x00,0x00,0x0e,0x31,0xc3,0x0b,0x27,0x8f,0x0f,0x1f,0x3f,0x7f,0x7f,0xff,0xff,0xff,0xff,0xff,0xdf,0xdf,0x8f,0x8f,0x07,0xdf,0xff,0xff,0xff,0xff,0xff,0xff,0xff,0xff,
    0x00,0x00,0x00,0x00,0x00,0x00,0x00,0x00,0x00,0x00,0x00,0x00,0x00,0x01,0x03,0x04,0x00,0x08,0x08,0x18,0x18,0x18,0x30,0x08,0xd0,0x80,0x90,0x80,0x90,0x00,0x80,0x00,
    0x00,0x03,0x86,0x0e,0x1e,0x1e,0x38,0x7e,0xf0,0xee,0xf0,0x8e,0xf0,0x04,0xa2,0x98,0x44,0x22,0x98,0x04,0x80,0x28,0x02,0x00,0x14,0x00,0x00,0x40,0xd0,0xb0,0x88,0x8c,
    0x8c,0x4c,0xee,0x45,0x09,0x05,0x81,0x08,0x85,0x01,0x08,0x0c,0x04,0x01,0x00,0x00,0x00,0x00,0x00,0x00,0x00,0x00,0x00,0x00,0x00,0x00,0x00,0x00,0x00,0x00,0x00,0x00,
    0x78,0x80,0x04,0x2a,0x81,0x00,0x02,0x80,0x40,0xa0,0x70,0xf8,0xbc,0xde,0xbf,0xff,0xdf,0xef,0xdf,0xf7,0xe7,0xe3,0xe3,0xc1,0xf7,0xfb,0xff,0xff,0xff,0xff,0xff,0xff,
    0x00,0x00,0x00,0x00,0x00,0x00,0x00,0x00,0x00,0x00,0x00,0x00,0x00,0x00,0x00,0x00,0x80,0xc0,0xf0,0xf8,0xf4,0x34,0xf3,0x01,0x31,0xc1,0x91,0x00,0x71,0x00,0x01,0x70,
    0x00,0x00,0x01,0x00,0x10,0x01,0x00,0x00,0x00,0x01,0x06,0x06,0x0e,0x1e,0x1e,0xe8,0xce,0xc0,0xcc,0x82,0x48,0x84,0x40,0x88,0x42,0x84,0x4e,0x87,0x1e,0x52,0xb6,0x30,
    0x66,0x60,0xf0,0xc6,0xc0,0xa0,0xc0,0x40,0x80,0x40,0x40,0x80,0x00,0x00,0x00,0x00,0x00,0x00,0x00,0x00,0x00,0x00,0x00,0x00,0x00,0x00,0x00,0x00,0x00,0x00,0x00,0x00,
    0x00,0x00,0x01,0x80,0x42,0x24,0x99,0x03,0x23,0x0f,0x0f,0x1f,0x3f,0x3f,0x7f,0xff,0xff,0xff,0xff,0xff,0xdf,0xdf,0x8f,0x8f,0x07,0xdf,0xff,0xff,0xff,0xff,0xff,0xff
  },
  { // 81
    0x00,0x00,0x00,0x00,0x00,0x00,0x00,0x00,0x00,0x10,0x00,0x00,0x00,0x00,0x00,0x00,0x00,0x01,0x01,0x03,0x03,0x06,0x87,0xde,0xfd,0xfa,0xfc,0x78,0xa7,0x58,0x10,0xaf,
    0x40,0xb0,0x42,0x08,0x01,0x10,0x00,0x00,0x01,0x01,0x00,0x02,0x3e,0xde,0x9e,0x9e,0x88,0x96,0x88,0x96,0x08,0x16,0x88,0x0a,0x10,0xc4,0x6a,0x90,0x84,0x88,0x98,0x8a,
    0x0c,0x8c,0x0b,0x93,0x82,0x0a,0x02,0x82,0x07,0x0a,0x00,0x80,0x02,0x00,0x00,0x00,0x00,0x00,0x00,0x00,0x00,0x00,0x00,0x00,0x00,0x00,0x00,0x00,0x00,0x00,0x00,0x00,
    0x03,0x04,0x08,0x92,0xe0,0x48,0xa0,0x60,0xf0,0xb8,0xdc,0xbe,0xff,0xdf,0xef,0xdf,0xff,0xe7,0xf7,0xe3,0xe3,0xc1,0xf3,0xff,0xff,0xff,0xff,0xff,0xff,0xff,0xff,0xff,
    0x00,0x00,0x00,0x00,0x00,0x00,0x00,0x00,0x00,0x00,0x00,0x00,0x00,0x08,0xdc,0xf8,0xfc,0xfe,0xbe,0x6f,0x92,0x6e,0x90,0x2e,0x60,0x8e,0x10,0x60,0x8e,0x10,0x0e,0x10,
    0x60,0x00,0xc0,0xc0,0xc0,0xc0,0xe0,0x30,0xf0,0x30,0xf8,0x14,0xe4,0xd7,0x26,0x36,0xd2,0x06,0x20,0x92,0x00,0xc6,0x00,0x20,0x12,0x00,0x06,0x04,0x1f,0x1e,0x1e,0x3a,
    0x1e,0x40,0x5a,0xc8,0xc6,0xd0,0x88,0x82,0x90,0x46,0x00,0x80,0x80,0x00,0x00,0x00,0x00,0x00,0x00,0x00,0x80,0x00,0x00,0x00,0x00,0x00,0x00,0x00,0x00,0x00,0x00,0x00,
    0x00,0x00,0x0e,0x31,0xc3,0x0b,0x27,0x8f,0x0f,0x1f,0x3f,0x7f,0x7f,0xff,0xff,0xff,0xff,0xff,0xdf,0xdf,0x8f,0x8f,0x07,0xdf,0xff,0xff,0xff,0xff,0xff,0xff,0xff,0xff,
    0x00,0x00,0x00,0x00,0x00,0x00,0x00,0x00,0x00,0x00,0x00,0x00,0x01,0x03,0x00,0x04,0x00,0x08,0x08,0x18,0x18,0x18,0x30,0x48,0x90,0x80,0x90,0x80,0x90,0x00,0x80,0x00,
    0x00,0x03,0x86,0x0e,0x1e,0x1e,0x38,0xfe,0xf0,0xee,0xf0,0x8e,0x70,0x84,0xe2,0x18,0x44,0xa2,0x18,0x84,0x00,0x28,0x02,0x40,0x14,0x00,0x00,0x00,0xd0,0xf0,0x88,0x8c,
    0x8c,0x4c,0xee,0x45,0x09,0x05,0x81,0x08,0x05,0x01,0x08,0x0c,0x04,0x81,0x00,0x00,0x00,0x00,0x00,0x00,0x00,0x00,0x00,0x00,0x00,0x00,0x00,0x00,0x00,0x00,0x00,0x00,
    0x78,0x80,0x04,0x2a,0x81,0x00,0x02,0x80,0x40,0xa0,0x70,0xf8,0xbc,0xde,0xbf,0xff,0xdf,0xef,0xdf,0xf7,0xe7,0xe3,0xe3,0xc1,0xf7,0xfb,0xff,0xff,0xff,0xff,0xff,0xff,
    0x00,0x00,0x00,0x00,0x00,0x00,0x00,0x00,0x00,0x00,0x00,0x00,0x00,0x00,0x00,0x00,0x80,0x80,0xd0,0xf0,0xfc,0x74,0xb3,0x61,0x11,0xa1,0x51,0x00,0x11,0x60,0x01,0x10,
    0x60,0x00,0x01,0x00,0x10,0x00,0x00,0x00,0x01,0x03,0x06,0x06,0x0e,0x1e,0x1c,0xea,0xcc,0xc0,0xce,0x80,0x48,0x84,0x40,0x8a,0x40,0x84,0x4e,0x87,0x1e,0x52,0xb6,0x30,
    0x66,0x60,0xf0,0xc6,0xc0,0xa0,0xc0,0x40,0x82,0x40,0x40,0x80,0x00,0x00,0x00,0x00,0x00,0x00,0x00,0x00,0x00,0x00,0x00,0x00,0x00,0x00,0x00,0x00,0x00,0x00,0x00,0x00,
    0x00,0x00,0x01,0x80,0x42,0x24,0x99,0x03,0x23,0x0f,0x0f,0x1f,0x3f,0x3f,0x7f,0xff,0xff,0xff,0xff,0xff,0xdf,0xdf,0x8f,0x8f,0x07,0xdf,0xff,0xff,0xff,0xff,0xff,0xff
  },
  { // 82
    0x00,0x00,0x00,0x00,0x00,0x00,0x00,0x00,0x00,0x10,0x00,0x00,0x00,0x00,0x00,0x00,0x00,0x01,0x03,0x03,0x03,0x06,0x87,0xdc,0xff,0xf8,0xfc,0x7a,0xa5,0x58,0x12,0xad,
    0x40,0xb2,0x40,0x08,0x01,0x14,0x00,0x00,0x01,0x01,0x02,0x0e,0x3e,0xde,0x9e,0x98,0x86,0x98,0x86,0x98,0x06,0x98,0x8a,0x00,0x14,0x8a,0x40,0xf4,0x88,0x88,0x9a,0x88,
    0x0c,0x88,0x03,0x93,0x82,0x0a,0x02,0x82,0x07,0x0a,0x00,0x80,0x02,0x00,0x00,0x00,0x00,0x00,0x00,0x00,0x00,0x00,0x00,0x00,0x00,0x00,0x00,0x00,0x00,0x00,0x00,0x00,
    0x03,0x04,0x08,0x92,0xe0,0x48,0xa0,0x60,0xf0,0xb8,0xdc,0xbe,0xff,0xdf,0xef,0xdf,0xff,0xe7,0xf7,0xe3,0xe3,0xc1,0xf3,0xff,0xff,0xff,0xff,0xff,0xff,0xff,0xff,0xff,
    0x00,0x00,0x00,0x00,0x00,0x00,0x00,0x00,0x00,0x00,0x00,0x00,0x00,0x08,0xdc,0xf8,0xfc,0xfe,0xbe,0x6f,0x9a,0x66,0x98,0x26,0x68,0x86,0x18,0x60,0x86,0x18,0x06,0x18,
    0x60,0x00,0x80,0xc0,0xc0,0xc0,0xe0,0x70,0xb0,0x70,0xb0,0x58,0xa4,0xd6,0x67,0x36,0x96,0x42,0x24,0x92,0x00,0x82,0x44,0x20,0x12,0x00,0x02,0x0e,0x1f,0x1e,0x1e,0x3a,
    0x14,0x4a,0x5c,0xc2,0xc4,0xd8,0x82,0x80,0x92,0x44,0x00,0x80,0x80,0x00,0x00,0x00,0x00,0x00,0x00,0x00,0x80,0x00,0x00,0x00,0x00,0x00,0x00,0x00,0x00,0x00,0x00,0x00,
    0x00,0x00,0x0e,0x31,0xc3,0x0b,0x27,0x8f,0x0f,0x1f,0x3f,0x7f,0x7f,0xff,0xff,0xff,0xff,0xff,0xdf,0xdf,0x8f,0x8f,0x07,0xdf,0xff,0xff,0xff,0xff,0xff,0xff,0xff,0xff,
    0x00,0x00,0x00,0x00,0x00,0x00,0x00,0x00,0x00,0x00,0x00,0x00,0x01,0x03,0x04,0x00,0x00,0x08,0x08,0x18,0x18,0x18,0x30,0x48,0x90,0x80,0x90,0x80,0x90,0x00,0x80,0x00,
    0x00,0x01,0x86,0x0e,0x9e,0x3e,0x7a,0xfc,0xf2,0xec,0x92,0xec,0x12,0xe4,0x80,0x5a,0x24,0x80,0x1a,0x84,0x20,0x08,0x40,0x02,0x14,0x00,0x00,0x00,0xc0,0xf0,0x90,0x8c,
    0x8c,0x4c,0xee,0x4d,0x01,0x0d,0x81,0x00,0x0d,0x01,0x00,0x04,0x0c,0x81,0x00,0x00,0x00,0x00,0x00,0x00,0x00,0x00,0x00,0x00,0x00,0x00,0x00,0x00,0x00,0x00,0x00,0x00,
    0x78,0x80,0x04,0x2a,0x81,0x00,0x02,0x80,0x40,0xa0,0x70,0xf8,0xbc,0xde,0xbf,0xff,0xdf,0xef,0xdf,0xf7,0xe7,0xe3,0xe3,0xc1,0xf7,0xfb,0xff,0xff,0xff,0xff,0xff,0xff,
    0x00,0x00,0x00,0x00,0x00,0x00,0x00,0x00,0x00,0x00,0x00,0x00,0x00,0x00,0x00,0x00,0x00,0x80,0xc0,0xf0,0xfc,0xf4,0x33,0xf1,0x01,0x71,0xc1,0x10,0x01,0x70,0x01,0x00,
    0x70,0x00,0x01,0x00,0x00,0x10,0x00,0x00,0x01,0x07,0x06,0x06,0x0e,0x1e,0x18,0xee,0xc8,0xc4,0xca,0x80,0x4c,0x80,0x40,0x8a,0x40,0x84,0x4e,0x97,0x1e,0x52,0xb6,0x20,
    0x66,0x70,0xe0,0xc6,0x80,0xe0,0x80,0x40,0xc2,0x40,0x00,0x80,0x80,0x00,0x00,0x00,0x00,0x00,0x00,0x00,0x00,0x00,0x00,0x00,0x00,0x00,0x00,0x00,0x00,0x00,0x00,0x00,
    0x00,0x00,0x01,0x80,0x42,0x24,0x99,0x03,0x23,0x0f,0x0f,0x1f,0x3f,0x3f,0x7f,0xff,0xff,0xff,0xff,0xff,0xdf,0xdf,0x8f,0x8f,0x07,0xdf,0xff,0xff,0xff,0xff,0xff,0xff
  },
  { // 83
    0x00,0x00,0x00,0x00,0x00,0x00,0x00,0x00,0x00,0x10,0x00,0x00,0x00,0x00,0x00,0x00,0x00,0x01,0x03,0x03,0x07,0x06,0xc7,0xdc,0xfb,0xfc,0xfa,0x3e,0xe1,0x18,0x16,0xe9,
    0x00,0xf2,0x00,0x08,0x05,0x10,0x00,0x00,0x01,0x01,0x06,0x1e,0x3e,0x5e,0x9a,0x8c,0x92,0x8c,0x92,0x0c,0x90,0x08,0x8a,0x94,0x00,0x0a,0xd4,0xe0,0x98,0x98,0x8a,0x8c,
    0x0c,0x88,0x13,0x83,0x82,0x0a,0x02,0x80,0x02,0x08,0x00,0x80,0x02,0x00,0x00,0x00,0x00,0x00,0x00,0x00,0x00,0x00,0x00,0x00,0x00,0x00,0x00,0x00,0x00,0x00,0x00,0x00,
    0x03,0x04,0x08,0x92,0xe0,0x48,0xa0,0x60,0xf0,0xb8,0xdc,0xbe,0xff,0xdf,0xef,0xdf,0xff,0xe7,0xf7,0xe3,0xe3,0xc1,0xf3,0xff,0xff,0xff,0xff,0xff,0xff,0xff,0xff,0xff,
    0x00,0x00,0x00,0x00,0x00,0x00,0x00,0x00,0x00,0x00,0x00,0x00,0x00,0x88,0xdc,0xe8,0xf8,0xfc,0x3e,0xfe,0x0f,0xf2,0x0e,0x30,0xee,0x00,0x0e,0xf0,0x00,0x0e,0x10,0x0e,
    0x70,0x00,0x80,0xc0,0xc0,0xc0,0xe0,0x60,0xb0,0x70,0xb0,0x58,0x34,0x84,0x77,0x26,0x96,0x52,0x26,0x00,0x12,0x80,0x46,0x20,0x00,0x12,0x00,0x0f,0x1e,0x1e,0x1e,0x3a,
    0x54,0x4a,0x5c,0xc2,0xc4,0x98,0x82,0x80,0xd2,0x04,0x00,0x80,0x80,0x00,0x00,0x00,0x00,0x00,0x00,0x00,0x00,0x00,0x00,0x00,0x00,0x00,0x00,0x00,0x00,0x00,0x00,0x00,
    0x00,0x00,0x0e,0x31,0xc3,0x0b,0x27,0x8f,0x0f,0x1f,0x3f,0x7f,0x7f,0xff,0xff,0xff,0xff,0xff,0xdf,0xdf,0x8f,0x8f,0x07,0xdf,0xff,0xff,0xff,0xff,0xff,0xff,0xff,0xff,
    0x00,0x00,0x00,0x00,0x00,0x00,0x00,0x00,0x00,0x00,0x00,0x00,0x01,0x03,0x04,0x00,0x08,0x08,0x08,0x18,0x18,0x30,0x18,0xc0,0x90,0x80,0x90,0x80,0x10,0x80,0x00,0x00,
    0x00,0x80,0x03,0x9e,0x1e,0x3e,0xfe,0xf8,0xe6,0xf8,0x86,0x78,0x86,0xe0,0x14,0x4a,0xa0,0x14,0x8a,0x00,0x24,0x08,0x40,0x12,0x00,0x04,0x00,0x00,0x00,0xd0,0xf0,0x8c,
    0x8c,0xcc,0xee,0xcd,0x01,0x0d,0x01,0x80,0x0d,0x01,0x00,0x04,0x0c,0x01,0x80,0x00,0x00,0x00,0x00,0x00,0x00,0x00,0x00,0x00,0x00,0x00,0x00,0x00,0x00,0x00,0x00,0x00,
    0x78,0x80,0x04,0x2a,0x81,0x00,0x02,0x80,0x40,0xa0,0x70,0xf8,0xbc,0xde,0xbf,0xff,0xdf,0xef,0xdf,0xf7,0xe7,0xe3,0xe3,0xc1,0xf7,0xfb,0xff,0xff,0xff,0xff,0xff,0xff,
    0x00,0x00,0x00,0x00,0x00,0x00,0x00,0x00,0x00,0x00,0x00,0x00,0x00,0x00,0x00,0x00,0x00,0x80,0x80,0xd0,0xf4,0xfc,0x73,0xb1,0x61,0x11,0xe1,0x50,0x21,0x10,0x61,0x00,
    0x10,0x60,0x01,0x00,0x00,0x10,0x20,0x01,0x02,0x07,0x06,0x06,0x0e,0x1c,0x1a,0xec,0xc8,0xc6,0xc8,0x80,0x4c,0x80,0x42,0x88,0x40,0x8c,0x46,0x97,0x1e,0x52,0xb6,0x20,
    0x66,0xf0,0xe0,0xc6,0x80,0xe0,0x00,0xc0,0x42,0x40,0x80,0x80,0x00,0x00,0x00,0x00,0x00,0x00,0x00,0x00,0x00,0x00,0x00,0x00,0x00,0x00,0x00,0x00,0x00,0x00,0x00,0x00,
    0x00,0x00,0x01,0x80,0x42,0x24,0x99,0x03,0x23,0x0f,0x0f,0x1f,0x3f,0x3f,0x7f,0xff,0xff,0xff,0xff,0xff,0xdf,0xdf,0x8f,0x8f,0x07,0xdf,0xff,0xff,0xff,0xff,0xff,0xff
  },
  { // 84
    0x00,0x00,0x00,0x00,0x00,0x00,0x00,0x00,0x00,0x10,0x00,0x00,0x00,0x00,0x00,0x00,0x01,0x01,0x03,0x03,0x06,0x07,0xc6,0xdd,0xfa,0xfc,0xfa,0x3f,0xe0,0x18,0x17,0xe8,
    0x00,0xf2,0x00,0x09,0x04,0x10,0x00,0x01,0x01,0x02,0x0e,0x1e,0x3e,0x5e,0x98,0x86,0x98,0x86,0x98,0x04,0x98,0x0a,0x80,0x94,0x0a,0x00,0x94,0x68,0xd0,0x9a,0x88,0x8c,
    0x8c,0x08,0x93,0x03,0x82,0x8a,0x02,0x00,0x82,0x08,0x00,0x00,0x82,0x00,0x00,0x00,0x00,0x00,0x00,0x00,0x00,0x00,0x00,0x00,0x00,0x00,0x00,0x00,0x00,0x00,0x00,0x00,
    0x03,0x04,0x08,0x92,0xe0,0x48,0xa0,0x60,0xf0,0xb8,0xdc,0xbe,0xff,0xdf,0xef,0xdf,0xff,0xe7,0xf7,0xe3,0xe3,0xc1,0xf3,0xff,0xff,0xff,0xff,0xff,0xff,0xff,0xff,0xff,
    0x00,0x00,0x00,0x00,0x00,0x00,0x00,0x00,0x00,0x00,0x00,0x00,0x00,0x88,0xdc,0xe8,0xf0,0xfc,0x3e,0xfe,0x0f,0xfa,0x06,0x38,0xe6,0x08,0x06,0xf8,0x00,0x06,0x18,0x06,
    0x78,0x00,0x00,0xc0,0xc0,0xc0,0xe0,0xe0,0x30,0xf0,0x30,0xd8,0x34,0x04,0xf7,0x26,0x16,0xd2,0x26,0x00,0x12,0x00,0xc6,0x20,0x00,0x12,0x04,0x1f,0x1e,0x1e,0x1a,0x3e,
    0x40,0x5e,0x48,0xc6,0xd0,0x88,0x82,0x90,0xc6,0x00,0x00,0x80,0x80,0x00,0x00,0x00,0x00,0x00,0x00,0x00,0x00,0x00,0x00,0x00,0x00,0x00,0x00,0x00,0x00,0x00,0x00,0x00,
    0x00,0x00,0x0e,0x31,0xc3,0x0b,0x27,0x8f,0x0f,0x1f,0x3f,0x7f,0x7f,0xff,0xff,0xff,0xff,0xff,0xdf,0xdf,0x8f,0x8f,0x07,0xdf,0xff,0xff,0xff,0xff,0xff,0xff,0xff,0xff,
    0x00,0x00,0x00,0x00,0x00,0x00,0x00,0x00,0x00,0x00,0x00,0x01,0x01,0x02,0x04,0x00,0x08,0x08,0x08,0x18,0x18,0x30,0x18,0xc0,0x90,0x80,0x90,0x80,0x10,0x80,0x00,0x00,
    0x00,0x80,0x03,0x9e,0x1e,0x7e,0xfe,0xf8,0xe6,0xb8,0xc6,0x38,0xc6,0xa0,0x54,0x0a,0xa0,0x14,0x8a,0x00,0x24,0x48,0x00,0x12,0x00,0x04,0x00,0x00,0x00,0xc0,0xf0,0x9c,
    0x8c,0xcc,0xee,0xcd,0x01,0x0d,0x01,0x80,0x0d,0x01,0x00,0x00,0x0c,0x01,0x80,0x00,0x00,0x00,0x00,0x00,0x00,0x00,0x00,0x00,0x00,0x00,0x00,0x00,0x00,0x00,0x00,0x00,
    0x78,0x80,0x04,0x2a,0x81,0x00,0x02,0x80,0x40,0xa0,0x70,0xf8,0xbc,0xde,0xbf,0xff,0xdf,0xef,0xdf,0xf7,0xe7,0xe3,0xe3,0xc1,0xf7,0xfb,0xff,0xff,0xff,0xff,0xff,0xff,
    0x00,0x00,0x00,0x00,0x00,0x00,0x00,0x00,0x00,0x00,0x00,0x00,0x00,0x00,0x00,0x00,0x00,0x80,0x80,0xc0,0xf4,0xfd,0x73,0xb1,0x71,0x01,0xf0,0x41,0x30,0x01,0x70,0x00,
    0x00,0x71,0x00,0x00,0x00,0x00,0x31,0x00,0x03,0x06,0x06,0x06,0x0e,0x1c,0x1a,0xec,0xc8,0xc6,0xc8,0x80,0x4c,0x80,0x42,0x88,0x40,0x8e,0x46,0x97,0x1e,0x52,0xb4,0x22,
    0x64,0xf0,0xe2,0xc4,0x80,0xe0,0x00,0xc2,0x40,0x40,0x80,0x80,0x00,0x00,0x00,0x00,0x00,0x00,0x00,0x00,0x00,0x00,0x00,0x00,0x00,0x00,0x00,0x00,0x00,0x00,0x00,0x00,
    0x00,0x00,0x01,0x80,0x42,0x24,0x99,0x03,0x23,0x0f,0x0f,0x1f,0x3f,0x3f,0x7f,0xff,0xff,0xff,0xff,0xff,0xdf,0xdf,0x8f,0x8f,0x07,0xdf,0xff,0xff,0xff,0xff,0xff,0xff
  },
  { // 85
    0x00,0x00,0x00,0x00,0x00,0x00,0x00,0x00,0x00,0x10,0x00,0x00,0x00,0x00,0x00,0x00,0x01,0x01,0x03,0x03,0x06,0x07,0xc6,0xdd,0xfa,0xfc,0xfa,0x3f,0xe0,0x18,0x17,0xe8,
    0x00,0xf2,0x08,0x09,0x04,0x10,0x00,0x01,0x01,0x06,0x0e,0x1e,0x3e,0x5a,0x9c,0x82,0x9c,0x82,0x9c,0x00,0x98,0x0a,0x84,0x90,0x0a,0x04,0x90,0x48,0xf0,0x92,0x8c,0x88,
    0x8c,0x08,0x9b,0x03,0x82,0x82,0x0a,0x00,0x82,0x00,0x08,0x00,0x82,0x00,0x00,0x00,0x00,0x00,0x00,0x00,0x00,0x00,0x00,0x00,0x00,0x00,0x00,0x00,0x00,0x00,0x00,0x00,
    0x03,0x04,0x08,0x92,0xe0,0x48,0xa0,0x60,0xf0,0xb8,0xdc,0xbe,0xff,0xdf,0xef,0xdf,0xff,0xe7,0xf7,0xe3,0xe3,0xc1,0xf3,0xff,0xff,0xff,0xff,0xff,0xff,0xff,0xff,0xff,
    0x00,0x00,0x00,0x00,0x00,0x00,0x00,0x00,0x00,0x00,0x00,0x00,0x00,0x88,0xdc,0xc8,0xe0,0xf8,0x3c,0xfe,0x3f,0xce,0x32,0x0e,0xf0,0x2e,0x00,0xce,0x30,0x00,0x0e,0x10,
    0x4e,0x30,0x00,0x80,0xc0,0xc0,0xc0,0xe0,0x70,0xb0,0x70,0xb8,0x54,0x24,0x94,0x67,0x36,0x92,0x46,0x22,0x10,0x02,0x84,0x42,0x20,0x10,0x0e,0x1f,0x1e,0x1e,0x1a,0x34,
    0x4a,0x5c,0x42,0xc4,0xd8,0x82,0x80,0x92,0xc4,0x08,0x00,0x80,0x80,0x00,0x00,0x00,0x00,0x00,0x00,0x00,0x00,0x00,0x00,0x00,0x00,0x00,0x00,0x00,0x00,0x00,0x00,0x00,
    0x00,0x00,0x0e,0x31,0xc3,0x0b,0x27,0x8f,0x0f,0x1f,0x3f,0x7f,0x7f,0xff,0xff,0xff,0xff,0xff,0xdf,0xdf,0x8f,0x8f,0x07,0xdf,0xff,0xff,0xff,0xff,0xff,0xff,0xff,0xff,
    0x00,0x00,0x00,0x00,0x00,0x00,0x00,0x00,0x00,0x00,0x00,0x01,0x03,0x00,0x04,0x00,0x08,0x08,0x08,0x18,0x18,0x30,0xd8,0x80,0x90,0x80,0x90,0x00,0x90,0x00,0x00,0x00,
    0x80,0x00,0x80,0x1f,0x7e,0xfe,0xfe,0xfa,0xa4,0xda,0x24,0xda,0xa4,0x5a,0x14,0xa8,0x42,0x94,0x28,0x22,0x44,0x08,0x00,0x10,0x02,0x04,0x08,0x00,0x00,0xc0,0xd0,0xbc,
    0x8c,0xcc,0xee,0xcd,0x01,0x0d,0x01,0x80,0x0c,0x01,0x00,0x00,0x0c,0x01,0x80,0x00,0x00,0x00,0x00,0x00,0x00,0x00,0x00,0x00,0x00,0x00,0x00,0x00,0x00,0x00,0x00,0x00,
    0x78,0x80,0x04,0x2a,0x81,0x00,0x02,0x80,0x40,0xa0,0x70,0xf8,0xbc,0xde,0xbf,0xff,0xdf,0xef,0xdf,0xf7,0xe7,0xe3,0xe3,0xc1,0xf7,0xfb,0xff,0xff,0xff,0xff,0xff,0xff,
    0x00,0x00,0x00,0x00,0x00,0x00,0x00,0x00,0x00,0x00,0x00,0x00,0x00,0x00,0x00,0x00,0x00,0x80,0x80,0xc0,0xd4,0xfd,0x73,0xb1,0x71,0x21,0xd0,0x61,0x10,0x21,0x51,0x20,
    0x80,0x51,0x20,0x01,0x00,0x00,0x11,0x20,0x02,0x06,0x06,0x06,0x0e,0x1c,0x1a,0xec,0xc8,0xc6,0xc8,0x80,0x4c,0x80,0x42,0x88,0x40,0x8e,0x46,0x97,0x1e,0x52,0xb4,0x22,
    0xe4,0xf0,0xe2,0xc4,0x80,0x60,0x80,0x02,0x40,0xc0,0x80,0x00,0x00,0x00,0x00,0x00,0x00,0x00,0x00,0x00,0x00,0x00,0x00,0x00,0x00,0x00,0x00,0x00,0x00,0x00,0x00,0x00,
    0x00,0x00,0x01,0x80,0x42,0x24,0x99,0x03,0x23,0x0f,0x0f,0x1f,0x3f,0x3f,0x7f,0xff,0xff,0xff,0xff,0xff,0xdf,0xdf,0x8f,0x8f,0x07,0xdf,0xff,0xff,0xff,0xff,0xff,0xff
  },
  { // 86
    0x00,0x00,0x00,0x00,0x00,0x00,0x00,0x00,0x00,0x10,0x00,0x00,0x00,0x00,0x00,0x01,0x01,0x01,0x03,0x02,0x07,0x06,0xcf,0xdc,0xfa,0xfc,0xfb,0x36,0xe8,0x11,0x1e,0x60,
    0x00,0xfa,0x09,0x00,0x04,0x10,0x01,0x01,0x02,0x0e,0x1e,0x1e,0x3e,0x58,0x86,0x98,0x86,0x98,0x84,0x18,0x8a,0x00,0x94,0x8a,0x00,0x14,0x88,0x40,0xf2,0x90,0x8c,0x88,
    0x8c,0x18,0x8b,0x03,0x82,0x82,0x0a,0x00,0x82,0x00,0x08,0x00,0x82,0x00,0x00,0x00,0x00,0x00,0x00,0x00,0x00,0x00,0x00,0x00,0x00,0x00,0x00,0x00,0x00,0x00,0x00,0x00,
    0x03,0x04,0x08,0x92,0xe0,0x48,0xa0,0x60,0xf0,0xb8,0xdc,0xbe,0xff,0xdf,0xef,0xdf,0xff,0xe7,0xf7,0xe3,0xe3,0xc1,0xf3,0xff,0xff,0xff,0xff,0xff,0xff,0xff,0xff,0xff,
    0x00,0x00,0x00,0x00,0x00,0x00,0x00,0x00,0x00,0x00,0x00,0x00,0x00,0x88,0xdc,0xc8,0xe0,0xf0,0x3c,0xfe,0x3f,0xce,0x3a,0x06,0xf8,0x26,0x08,0xc6,0x38,0x00,0x06,0x18,
    0x46,0x38,0x00,0x00,0xc0,0xc0,0xc0,0xe0,0xf0,0x30,0xf0,0x30,0xd8,0x24,0x14,0xc7,0x36,0x16,0xc2,0x26,0x10,0x02,0x00,0xc6,0x20,0x10,0x0e,0x1f,0x1e,0x1e,0x1a,0x34,
    0x4a,0x5c,0xc2,0xc4,0xd8,0x82,0x80,0x90,0x44,0x08,0x80,0x80,0x02,0x00,0x00,0x00,0x00,0x00,0x00,0x00,0x00,0x00,0x00,0x00,0x00,0x00,0x00,0x00,0x00,0x00,0x00,0x00,
    0x00,0x00,0x0e,0x31,0xc3,0x0b,0x27,0x8f,0x0f,0x1f,0x3f,0x7f,0x7f,0xff,0xff,0xff,0xff,0xff,0xdf,0xdf,0x8f,0x8f,0x07,0xdf,0xff,0xff,0xff,0xff,0xff,0xff,0xff,0xff,
    0x00,0x00,0x00,0x00,0x00,0x00,0x00,0x00,0x00,0x00,0x00,0x01,0x03,0x00,0x04,0x00,0x08,0x08,0x08,0x18,0x18,0x30,0xd8,0x80,0x90,0x80,0x90,0x00,0x90,0x80,0x00,0x00,
    0x80,0x00,0x80,0x1f,0xfe,0xfe,0xfe,0xfa,0xa4,0x5a,0xa4,0xda,0x24,0x5a,0x94,0x28,0xc2,0x14,0x28,0x22,0x44,0x08,0x00,0x10,0x02,0x04,0x08,0x00,0x00,0x80,0xc0,0xf4,
    0x9c,0xce,0xed,0xcd,0x09,0x85,0x08,0x80,0x05,0x08,0x80,0x00,0x05,0x08,0x80,0x00,0x00,0x00,0x00,0x00,0x00,0x00,0x00,0x00,0x00,0x00,0x00,0x00,0x00,0x00,0x00,0x00,
    0x78,0x80,0x04,0x2a,0x81,0x00,0x02,0x80,0x40,0xa0,0x70,0xf8,0xbc,0xde,0xbf,0xff,0xdf,0xef,0xdf,0xf7,0xe7,0xe3,0xe3,0xc1,0xf7,0xfb,0xff,0xff,0xff,0xff,0xff,0xff,
    0x00,0x00,0x00,0x00,0x00,0x00,0x00,0x00,0x00,0x00,0x00,0x00,0x00,0x00,0x00,0x00,0x00,0x80,0x80,0x80,0xc0,0xf5,0x7f,0xf1,0x31,0x71,0x80,0x71,0x40,0x31,0x01,0x70,
    0x80,0x01,0x70,0x01,0x00,0x00,0x01,0x32,0x06,0x06,0x06,0x06,0x0c,0x1a,0x1c,0xe8,0xce,0xc0,0xc8,0x84,0x48,0x82,0x40,0x88,0x44,0x8e,0x46,0x97,0x1e,0x52,0xb4,0x62,
    0xe4,0xf0,0xe2,0x84,0xc0,0x20,0x80,0x42,0x40,0x00,0x80,0x00,0x00,0x00,0x00,0x00,0x00,0x00,0x00,0x00,0x00,0x00,0x00,0x00,0x00,0x00,0x00,0x00,0x00,0x00,0x00,0x00,
    0x00,0x00,0x01,0x80,0x42,0x24,0x99,0x03,0x23,0x0f,0x0f,0x1f,0x3f,0x3f,0x7f,0xff,0xff,0xff,0xff,0xff,0xdf,0xdf,0x8f,0x8f,0x07,0xdf,0xff,0xff,0xff,0xff,0xff,0xff
  },
  { // 87
    0x00,0x00,0x00,0x00,0x00,0x00,0x00,0x00,0x00,0x10,0x00,0x00,0x00,0x00,0x00,0x01,0x01,0x03,0x03,0x02,0x07,0x06,0xcd,0xde,0xf8,0xfe,0xfb,0x34,0xe8,0x13,0x0c,0x60,
    0x02,0xf8,0x09,0x00,0x04,0x10,0x01,0x03,0x06,0x0e,0x1e,0x1e,0x38,0x5e,0x00,0x9e,0x80,0x9c,0x80,0x9a,0x08,0x84,0x12,0x88,0x84,0x10,0x08,0x82,0xd0,0xf4,0x88,0x88,
    0x8c,0x18,0x8b,0x03,0x82,0x82,0x0a,0x00,0x82,0x00,0x08,0x00,0x82,0x00,0x00,0x00,0x00,0x00,0x00,0x00,0x00,0x00,0x00,0x00,0x00,0x00,0x00,0x00,0x00,0x00,0x00,0x00,
    0x03,0x04,0x08,0x92,0xe0,0x48,0xa0,0x60,0xf0,0xb8,0xdc,0xbe,0xff,0xdf,0xef,0xdf,0xff,0xe7,0xf7,0xe3,0xe3,0xc1,0xf3,0xff,0xff,0xff,0xff,0xff,0xff,0xff,0xff,0xff,
    0x00,0x00,0x00,0x00,0x00,0x00,0x00,0x00,0x00,0x00,0x00,0x00,0x00,0x88,0xdc,0xc8,0xe0,0xf0,0x38,0xfe,0x3f,0xce,0x3e,0x02,0xfc,0x22,0x0c,0xc2,0x3c,0x00,0x02,0x1c,
    0xc2,0x3c,0x00,0x00,0xc0,0xc0,0xc0,0xe0,0xf0,0x30,0xf0,0x30,0xd8,0x24,0x14,0xc7,0x26,0x16,0xc2,0x26,0x10,0x02,0x00,0xc6,0x20,0x04,0x0e,0x1f,0x1e,0x1a,0x1e,0x30,
    0x4e,0x58,0xc6,0xc0,0xd8,0x86,0x80,0x94,0x40,0x08,0x80,0x80,0x02,0x00,0x00,0x00,0x00,0x00,0x00,0x00,0x00,0x00,0x00,0x00,0x00,0x00,0x00,0x00,0x00,0x00,0x00,0x00,
    0x00,0x00,0x0e,0x31,0xc3,0x0b,0x27,0x8f,0x0f,0x1f,0x3f,0x7f,0x7f,0xff,0xff,0xff,0xff,0xff,0xdf,0xdf,0x8f,0x8f,0x07,0xdf,0xff,0xff,0xff,0xff,0xff,0xff,0xff,0xff,
    0x00,0x00,0x00,0x00,0x00,0x00,0x00,0x00,0x00,0x00,0x00,0x01,0x03,0x00,0x04,0x00,0x08,0x08,0x18,0x18,0x38,0x50,0x88,0x90,0x80,0x90,0x80,0x10,0x80,0x80,0x00,0x00,
    0x80,0x00,0x90,0x77,0xfe,0xfe,0xfe,0xaa,0xdc,0x22,0xdc,0xa2,0x5c,0x12,0xac,0x40,0x9a,0x24,0x20,0x4a,0x04,0x00,0x18,0x00,0x02,0x04,0x00,0x08,0x00,0x80,0xc0,0xd4,
    0xbc,0xce,0xed,0xcd,0x09,0x85,0x08,0x80,0x05,0x08,0x80,0x00,0x05,0x08,0x80,0x00,0x00,0x00,0x00,0x00,0x00,0x00,0x00,0x00,0x00,0x00,0x00,0x00,0x00,0x00,0x00,0x00,
    0x78,0x80,0x04,0x2a,0x81,0x00,0x02,0x80,0x40,0xa0,0x70,0xf8,0xbc,0xde,0xbf,0xff,0xdf,0xef,0xdf,0xf7,0xe7,0xe3,0xe3,0xc1,0xf7,0xfb,0xff,0xff,0xff,0xff,0xff,0xff,
    0x00,0x00,0x00,0x00,0x00,0x00,0x00,0x00,0x00,0x00,0x00,0x00,0x00,0x00,0x00,0x00,0x00,0x00,0x80,0x80,0xc0,0xd7,0xff,0x71,0xb1,0x71,0x20,0xd1,0x60,0x11,0x21,0x50,
    0x20,0x81,0x50,0x21,0x00,0x01,0x00,0x12,0x26,0x06,0x06,0x06,0x0c,0x1a,0x1c,0xe8,0xce,0xc0,0xc8,0x84,0x48,0x82,0x40,0x88,0x44,0x8e,0x46,0x97,0x1e,0x52,0xb4,0x62,
    0xe4,0xf0,0xe2,0x84,0xc0,0x20,0x80,0x42,0x40,0x00,0x80,0x00,0x00,0x00,0x00,0x00,0x00,0x00,0x00,0x00,0x00,0x00,0x00,0x00,0x00,0x00,0x00,0x00,0x00,0x00,0x00,0x00,
    0x00,0x00,0x01,0x80,0x42,0x24,0x99,0x03,0x23,0x0f,0x0f,0x1f,0x3f,0x3f,0x7f,0xff,0xff,0xff,0xff,0xff,0xdf,0xdf,0x8f,0x8f,0x07,0xdf,0xff,0xff,0xff,0xff,0xff,0xff
  },
  { // 88
    0x00,0x00,0x00,0x00,0x00,0x00,0x00,0x00,0x00,0x10,0x00,0x00,0x00,0x00,0x00,0x01,0x01,0x03,0x03,0x02,0x07,0x06,0xdd,0xde,0xf8,0xfe,0xfb,0x24,0xf8,0x03,0x0c,0x60,
    0x12,0xc8,0x09,0x00,0x14,0x01,0x01,0x06,0x0e,0x0e,0x1e,0x3a,0x1c,0x52,0x0c,0x92,0x8c,0x90,0x88,0x9a,0x04,0x80,0x1a,0x84,0x80,0x18,0x00,0x82,0xd4,0xe0,0x98,0x88,
    0x8c,0x18,0x8b,0x03,0x82,0x82,0x0a,0x00,0x82,0x00,0x08,0x00,0x82,0x00,0x00,0x00,0x00,0x00,0x00,0x00,0x00,0x00,0x00,0x00,0x00,0x00,0x00,0x00,0x00,0x00,0x00,0x00,
    0x03,0x04,0x08,0x92,0xe0,0x48,0xa0,0x60,0xf0,0xb8,0xdc,0xbe,0xff,0xdf,0xef,0xdf,0xff,0xe7,0xf7,0xe3,0xe3,0xc1,0xf3,0xff,0xff,0xff,0xff,0xff,0xff,0xff,0xff,0xff,
    0x00,0x00,0x00,0x00,0x00,0x00,0x00,0x00,0x00,0x00,0x00,0x00,0x80,0x88,0xdc,0xc8,0xe0,0x60,0xb0,0x7c,0xbe,0x5f,0x2e,0x9a,0x66,0x38,0x86,0x48,0x26,0x18,0x00,0x82,
    0x58,0x26,0x18,0x00,0x00,0xc0,0xc0,0xe0,0xe0,0xf0,0x30,0xf0,0x18,0xf4,0x04,0x17,0xe6,0x06,0x12,0xe6,0x00,0x12,0x00,0x06,0xe0,0x04,0x0e,0x1f,0x1e,0x1a,0x1e,0x30,
    0x4e,0x58,0xc6,0xc0,0xd8,0x86,0x80,0x94,0x40,0x08,0x80,0x80,0x02,0x00,0x00,0x00,0x00,0x00,0x00,0x00,0x00,0x00,0x00,0x00,0x00,0x00,0x00,0x00,0x00,0x00,0x00,0x00,
    0x00,0x00,0x0e,0x31,0xc3,0x0b,0x27,0x8f,0x0f,0x1f,0x3f,0x7f,0x7f,0xff,0xff,0xff,0xff,0xff,0xdf,0xdf,0x8f,0x8f,0x07,0xdf,0xff,0xff,0xff,0xff,0xff,0xff,0xff,0xff,
    0x00,0x00,0x00,0x00,0x00,0x00,0x00,0x00,0x00,0x00,0x00,0x01,0x03,0x00,0x04,0x00,0x08,0x08,0x18,0x18,0x38,0xd0,0x88,0x90,0x80,0x98,0x00,0x90,0x80,0x08,0x00,0x80,
    0x00,0x80,0x10,0xf0,0xff,0xfe,0xfe,0xae,0x5a,0xa4,0x5a,0x24,0x5a,0x94,0x2a,0xc4,0x18,0x22,0x24,0x58,0x02,0x04,0x18,0x20,0x00,0x02,0x04,0x08,0x00,0x80,0xc0,0xd4,
    0xbc,0xce,0xed,0xcd,0x09,0x85,0x08,0x80,0x05,0x08,0x80,0x00,0x05,0x08,0x80,0x00,0x00,0x00,0x00,0x00,0x00,0x00,0x00,0x00,0x00,0x00,0x00,0x00,0x00,0x00,0x00,0x00,
    0x78,0x80,0x04,0x2a,0x81,0x00,0x02,0x80,0x40,0xa0,0x70,0xf8,0xbc,0xde,0xbf,0xff,0xdf,0xef,0xdf,0xf7,0xe7,0xe3,0xe3,0xc1,0xf7,0xfb,0xff,0xff,0xff,0xff,0xff,0xff,
    0x00,0x00,0x00,0x00,0x00,0x00,0x00,0x00,0x00,0x00,0x00,0x00,0x00,0x00,0x00,0x00,0x00,0x00,0x80,0x80,0xc1,0xc7,0xff,0x71,0xb1,0x70,0x31,0xc0,0x71,0x01,0x30,0x40,
    0x31,0x80,0x41,0x30,0x00,0x01,0x00,0x02,0x36,0x06,0x06,0x0e,0x1c,0x1a,0x8c,0xe8,0xc6,0xc8,0xc0,0x0c,0xc0,0x02,0xc8,0x00,0xc4,0x06,0xce,0x1f,0x16,0xf2,0x34,0xe2,
    0xe4,0xf0,0xc2,0x84,0x60,0x80,0x00,0x42,0x40,0x80,0x00,0x00,0x00,0x00,0x00,0x00,0x00,0x00,0x00,0x00,0x00,0x00,0x00,0x00,0x00,0x00,0x00,0x00,0x00,0x00,0x00,0x00,
    0x00,0x00,0x01,0x80,0x42,0x24,0x99,0x03,0x23,0x0f,0x0f,0x1f,0x3f,0x3f,0x7f,0xff,0xff,0xff,0xff,0xff,0xdf,0xdf,0x8f,0x8f,0x07,0xdf,0xff,0xff,0xff,0xff,0xff,0xff
  },
  { // 89
    0x00,0x00,0x00,0x00,0x00,0x00,0x00,0x00,0x00,0x10,0x00,0x00,0x00,0x00,0x00,0x01,0x01,0x03,0x03,0x02,0x07,0x06,0xdd,0xfe,0xf8,0xfe,0xfb,0x24,0xd8,0x03,0x2c,0x40,
    0x12,0xcc,0x09,0x00,0x14,0x01,0x03,0x06,0x0e,0x0e,0x1e,0x38,0x1e,0x50,0x0e,0x90,0x8c,0x94,0x8a,0x98,0x04,0x82,0x18,0x84,0x80,0x18,0x02,0x80,0xd4,0xc0,0xb8,0x88,
    0x8c,0x18,0x8b,0x0b,0x02,0x82,0x02,0x08,0x82,0x00,0x00,0x08,0x82,0x00,0x00,0x00,0x00,0x00,0x00,0x00,0x00,0x00,0x00,0x00,0x00,0x00,0x00,0x00,0x00,0x00,0x00,0x00,
    0x03,0x04,0x08,0x92,0xe0,0x48,0xa0,0x60,0xf0,0xb8,0xdc,0xbe,0xff,0xdf,0xef,0xdf,0xff,0xe7,0xf7,0xe3,0xe3,0xc1,0xf3,0xff,0xff,0xff,0xff,0xff,0xff,0xff,0xff,0xff,
    0x00,0x00,0x00,0x00,0x00,0x00,0x00,0x00,0x00,0x00,0x00,0x00,0x80,0x88,0xdc,0xc8,0xe0,0x60,0xb0,0x78,0xbe,0x5f,0x2e,0x9e,0x62,0x3c,0x82,0x4c,0x22,0x1c,0x00,0x80,
    0x58,0x22,0x1c,0x00,0x00,0xc0,0xc0,0xc0,0xe0,0xf0,0x30,0xf0,0x38,0xd4,0x24,0x17,0xc6,0x26,0x12,0xc6,0x20,0x12,0x00,0x06,0xc0,0x06,0x0e,0x1f,0x1e,0x1a,0x1c,0x32,
    0x4c,0xd2,0xc4,0xc0,0xda,0x84,0x80,0x14,0x40,0x88,0x80,0x02,0x00,0x00,0x00,0x00,0x00,0x00,0x00,0x00,0x00,0x00,0x00,0x00,0x00,0x00,0x00,0x00,0x00,0x00,0x00,0x00,
    0x00,0x00,0x0e,0x31,0xc3,0x0b,0x27,0x8f,0x0f,0x1f,0x3f,0x7f,0x7f,0xff,0xff,0xff,0xff,0xff,0xdf,0xdf,0x8f,0x8f,0x07,0xdf,0xff,0xff,0xff,0xff,0xff,0xff,0xff,0xff,
    0x00,0x00,0x00,0x00,0x00,0x00,0x00,0x00,0x00,0x00,0x00,0x01,0x03,0x00,0x04,0x00,0x08,0x08,0x18,0x38,0x58,0x90,0x88,0x90,0x80,0x98,0x00,0x90,0x80,0x08,0x00,0x80,
    0x00,0x80,0x50,0xf0,0xfe,0xff,0xbe,0xee,0x1a,0xe4,0x1a,0x64,0x1a,0x94,0x6a,0x84,0x18,0x22,0x64,0x18,0x02,0x04,0x18,0x20,0x00,0x02,0x04,0x08,0x00,0x80,0xc0,0xc4,
    0x94,0xff,0xed,0xcd,0x09,0x8c,0x00,0x89,0x04,0x00,0x88,0x01,0x04,0x00,0x88,0x00,0x00,0x00,0x00,0x00,0x00,0x00,0x00,0x00,0x00,0x00,0x00,0x00,0x00,0x00,0x00,0x00,
    0x78,0x80,0x04,0x2a,0x81,0x00,0x02,0x80,0x40,0xa0,0x70,0xf8,0xbc,0xde,0xbf,0xff,0xdf,0xef,0xdf,0xf7,0xe7,0xe3,0xe3,0xc1,0xf7,0xfb,0xff,0xff,0xff,0xff,0xff,0xff,
    0x00,0x00,0x00,0x00,0x00,0x00,0x00,0x00,0x00,0x00,0x00,0x00,0x00,0x00,0x00,0x00,0x00,0x00,0x80,0x80,0xc1,0xc7,0xf7,0x79,0xb1,0x70,0x31,0xc0,0x71,0x01,0x30,0x40,
    0x31,0x80,0x41,0x30,0x01,0x00,0x02,0x02,0x36,0x06,0x06,0x0c,0x1e,0x18,0xac,0xca,0xc4,0xc8,0xc0,0x0c,0xc2,0x00,0xc8,0x00,0xc4,0x06,0xce,0x1f,0x16,0xf2,0x74,0xe2,
    0xe4,0xf0,0xc2,0xc4,0x20,0x80,0x40,0x42,0x00,0x80,0x00,0x00,0x00,0x00,0x00,0x00,0x00,0x00,0x00,0x00,0x00,0x00,0x00,0x00,0x00,0x00,0x00,0x00,0x00,0x00,0x00,0x00,
    0x00,0x00,0x01,0x80,0x42,0x24,0x99,0x03,0x23,0x0f,0x0f,0x1f,0x3f,0x3f,0x7f,0xff,0xff,0xff,0xff,0xff,0xdf,0xdf,0x8f,0x8f,0x07,0xdf,0xff,0xff,0xff,0xff,0xff,0xff
  }
};
