// ハロウィン (32x128) 90 frames @ 15fps — SSD1306 128x32 native page format
#pragma once
#define ANIM_HALLOW_FRAMES 90
const uint8_t PROGMEM anim_hallow[ANIM_HALLOW_FRAMES][512] = {
  { // 0
    0x00,0x00,0x00,0x00,0x00,0x00,0x20,0x00,0x00,0x00,0x80,0x80,0x40,0x00,0x00,0x80,0x80,0x80,0x80,0x80,0x80,0x80,0x00,0x80,0x80,0x40,0x40,0x00,0x00,0x00,0x00,0x00,
    0x00,0x00,0x00,0x00,0x00,0x00,0x00,0x00,0x00,0x00,0x00,0x00,0x00,0x08,0x1c,0x08,0x00,0x00,0x00,0x00,0x00,0x00,0x00,0x00,0x00,0x00,0x00,0x00,0x00,0x00,0x00,0x00,
    0x00,0x00,0x00,0x00,0x00,0x00,0x00,0x00,0x20,0x00,0x00,0x00,0x00,0x00,0x00,0x00,0x00,0x00,0x00,0x00,0x00,0x00,0x00,0x00,0x00,0x00,0x00,0x00,0x00,0x00,0x00,0x00,
    0x00,0xc0,0x40,0x40,0x80,0x00,0x00,0xc0,0xa0,0x90,0x50,0x48,0x48,0x48,0x44,0x48,0xc8,0xc8,0x58,0x98,0xac,0xd4,0x12,0x1f,0xff,0xff,0xff,0xff,0xff,0xff,0xff,0xff,
    0x80,0x80,0x80,0x80,0x80,0x80,0x80,0x80,0x82,0x85,0x88,0x88,0xf3,0xad,0xf1,0xe7,0xf9,0xf1,0xf8,0x7e,0x1a,0x69,0x79,0x70,0x60,0xc0,0x00,0x00,0x00,0x00,0x00,0x00,
    0x00,0x00,0x00,0x00,0x00,0x00,0x00,0x00,0x00,0x00,0x00,0x00,0x00,0x00,0x00,0x00,0x00,0x00,0x00,0x00,0x00,0x00,0x00,0x00,0x00,0x00,0x00,0x00,0x00,0x00,0x00,0x00,
    0x00,0x00,0x00,0x00,0x00,0x00,0x00,0x00,0x00,0x00,0x00,0x00,0x00,0x00,0x00,0x00,0x80,0xc0,0x60,0x20,0x00,0x00,0x00,0x00,0x00,0x00,0x00,0x00,0x00,0x00,0x38,0x78,
    0x7f,0xf0,0xf2,0xde,0xc1,0xdd,0xd3,0xf1,0x0d,0x0c,0x0e,0x1f,0x1f,0x04,0x84,0x84,0xc5,0x0f,0xef,0x7c,0x69,0x11,0x13,0x7c,0xff,0xff,0xff,0xff,0xff,0xff,0xff,0xff,
    0x00,0x00,0x00,0x00,0x00,0x00,0x00,0x00,0x20,0x50,0x88,0x88,0x67,0x5a,0x47,0xf3,0xcf,0xc7,0x8f,0xbf,0xac,0xcb,0x4f,0x87,0x83,0x01,0x00,0x00,0x00,0x00,0x00,0x00,
    0x00,0x00,0x00,0x00,0x00,0x00,0x00,0x00,0x00,0x00,0x00,0x00,0x00,0x00,0x00,0x00,0x00,0x00,0x00,0x00,0x00,0x00,0x00,0x00,0x00,0x00,0x00,0x00,0x80,0x00,0x00,0x00,
    0x00,0x00,0x00,0x00,0x00,0x00,0x00,0x00,0x00,0x00,0x00,0x00,0x00,0x14,0x3e,0x7f,0xff,0xdd,0x14,0x00,0x00,0x00,0x00,0x00,0x00,0x00,0x00,0x00,0x00,0x00,0x00,0x00,
    0x00,0x00,0x00,0x01,0x01,0x1d,0x65,0xc7,0xd8,0x98,0x38,0x7c,0x7c,0x10,0x10,0x10,0xd1,0xf8,0x7b,0x9f,0xcb,0xc4,0x64,0x3f,0xff,0xff,0xff,0xff,0xff,0xff,0xff,0xff,
    0x00,0x00,0x00,0x00,0x00,0x00,0x00,0x00,0x00,0x00,0x00,0x00,0x01,0x00,0x00,0x00,0x00,0x00,0x00,0x00,0x00,0x00,0x00,0x00,0x00,0x01,0x01,0x00,0x00,0x00,0x00,0x00,
    0x00,0x00,0x00,0x00,0x00,0x00,0x00,0x00,0x00,0x00,0x00,0x00,0x00,0x00,0x00,0x00,0x00,0x00,0x00,0x00,0x00,0x00,0x00,0x00,0x00,0x00,0x00,0x01,0x03,0x01,0x00,0x00,
    0x00,0x00,0x00,0x00,0x00,0x00,0x00,0x00,0x00,0x00,0x00,0x00,0x00,0x00,0x00,0x00,0x00,0x01,0x03,0x02,0x00,0x00,0x00,0x00,0x00,0x00,0x00,0x00,0x00,0x00,0x00,0x00,
    0x00,0x00,0x00,0x00,0x00,0x00,0x00,0x01,0x02,0x04,0x05,0x09,0x09,0x09,0x11,0x09,0x09,0x09,0x05,0x04,0x02,0x41,0x40,0x42,0x22,0xe7,0xff,0xff,0xff,0xff,0xff,0xff
  },
  { // 1
    0x00,0x00,0x00,0x00,0x00,0x00,0x20,0x00,0x00,0x00,0x80,0x80,0x40,0x00,0x00,0x80,0x80,0x80,0x80,0x80,0x80,0x80,0x00,0x80,0x80,0x40,0x40,0x00,0x00,0x00,0x00,0x00,
    0x00,0x00,0x00,0x00,0x00,0x00,0x00,0x00,0x00,0x00,0x00,0x00,0x00,0x08,0x1c,0x08,0x00,0x00,0x00,0x00,0x00,0x00,0x00,0x00,0x00,0x00,0x00,0x00,0x00,0x00,0x00,0x00,
    0x00,0x00,0x00,0x00,0x00,0x00,0x00,0x00,0x20,0x00,0x00,0x00,0x00,0x00,0x00,0x00,0x00,0x00,0x00,0x00,0x00,0x00,0x00,0x00,0x00,0x00,0x00,0x00,0x00,0x00,0x00,0x00,
    0x00,0xc0,0x40,0x40,0x80,0x00,0x00,0xc0,0xa0,0x90,0x50,0x48,0x48,0x48,0x44,0x48,0xc8,0xc8,0x58,0x98,0xac,0xd4,0x12,0x1f,0xff,0xff,0xff,0xff,0xff,0xff,0xff,0xff,
    0x80,0x80,0x80,0x80,0x80,0x80,0x80,0x80,0x82,0x85,0x88,0x88,0xf3,0xad,0xf1,0xe7,0xf9,0xf1,0xf8,0x7e,0x1a,0x69,0x79,0x70,0x60,0xc0,0x00,0x00,0x00,0x00,0x00,0x00,
    0x00,0x00,0x00,0x00,0x00,0x00,0x00,0x00,0x00,0x00,0x00,0x00,0x00,0x00,0x00,0x00,0x00,0x00,0x00,0x00,0x00,0x00,0x00,0x00,0x00,0x00,0x00,0x00,0x00,0x00,0x00,0x00,
    0x00,0x00,0x00,0x00,0x00,0x00,0x00,0x00,0x00,0x00,0x00,0x00,0x00,0x00,0x00,0x00,0x00,0x00,0x80,0xc0,0x40,0x00,0x00,0x00,0x00,0x00,0x00,0x00,0x00,0x00,0x38,0x78,
    0x7f,0xf0,0xf2,0xde,0xc1,0xdd,0xd3,0xf1,0x0d,0x0c,0x0e,0x1f,0x1f,0x04,0x84,0x84,0xc5,0x0f,0xef,0x7c,0x69,0x11,0x13,0x7c,0xff,0xff,0xff,0xff,0xff,0xff,0xff,0xff,
    0x00,0x00,0x00,0x00,0x00,0x00,0x00,0x00,0x20,0x50,0x88,0x88,0x67,0x5a,0x47,0xf3,0xcf,0xc7,0x8f,0xbf,0xac,0xcb,0x4f,0x87,0x83,0x01,0x00,0x00,0x00,0x00,0x00,0x00,
    0x00,0x00,0x00,0x00,0x00,0x00,0x00,0x00,0x00,0x00,0x00,0x00,0x00,0x00,0x00,0x00,0x00,0x00,0x00,0x00,0x00,0x00,0x00,0x00,0x00,0x00,0x00,0x00,0x80,0x00,0x00,0x00,
    0x00,0x00,0x00,0x00,0x00,0x00,0x00,0x00,0x00,0x00,0x00,0x00,0x00,0x00,0x28,0x7c,0xfe,0xff,0xbb,0x28,0x00,0x00,0x00,0x00,0x00,0x00,0x00,0x00,0x00,0x00,0x00,0x00,
    0x00,0x00,0x00,0x01,0x01,0x1d,0x65,0xc7,0xd8,0x98,0x38,0x7c,0x7c,0x10,0x10,0x10,0xd1,0xf8,0x7b,0x9f,0xcb,0xc4,0x64,0x3f,0xff,0xff,0xff,0xff,0xff,0xff,0xff,0xff,
    0x00,0x00,0x00,0x00,0x00,0x00,0x00,0x00,0x00,0x00,0x00,0x00,0x01,0x00,0x00,0x00,0x00,0x00,0x00,0x00,0x00,0x00,0x00,0x00,0x00,0x01,0x01,0x00,0x00,0x00,0x00,0x00,
    0x00,0x00,0x00,0x00,0x00,0x00,0x00,0x00,0x00,0x00,0x00,0x00,0x00,0x00,0x00,0x00,0x00,0x00,0x00,0x00,0x00,0x00,0x00,0x00,0x00,0x00,0x00,0x01,0x03,0x01,0x00,0x00,
    0x00,0x00,0x00,0x00,0x00,0x00,0x00,0x00,0x00,0x00,0x00,0x00,0x00,0x00,0x00,0x00,0x00,0x01,0x03,0x06,0x04,0x00,0x00,0x00,0x00,0x00,0x00,0x00,0x00,0x00,0x00,0x00,
    0x00,0x00,0x00,0x00,0x00,0x00,0x00,0x01,0x02,0x04,0x05,0x09,0x09,0x09,0x11,0x09,0x09,0x09,0x05,0x04,0x02,0x41,0x40,0x42,0x22,0xe7,0xff,0xff,0xff,0xff,0xff,0xff
  },
  { // 2
    0x00,0x00,0x00,0x00,0x00,0x00,0x20,0x00,0x00,0x00,0x80,0x80,0x40,0x40,0x00,0x80,0x80,0x00,0x80,0x80,0x80,0x80,0x80,0x80,0x80,0x40,0x00,0x00,0x00,0x00,0x00,0x00,
    0x00,0x00,0x00,0x00,0x00,0x00,0x00,0x00,0x00,0x00,0x00,0x00,0x00,0x08,0x1c,0x08,0x00,0x00,0x00,0x00,0x00,0x00,0x00,0x00,0x00,0x00,0x00,0x00,0x00,0x00,0x00,0x00,
    0x00,0x00,0x00,0x00,0x00,0x00,0x00,0x00,0x20,0x00,0x00,0x00,0x00,0x00,0x00,0x00,0x00,0x00,0x00,0x00,0x00,0x00,0x00,0x00,0x00,0x00,0x00,0x00,0x00,0x00,0x00,0x00,
    0x00,0xc0,0x40,0x40,0x80,0x00,0x00,0xc0,0xa0,0x90,0x50,0x48,0x48,0x48,0x44,0x48,0xc8,0xc8,0x58,0x98,0xac,0xd4,0x12,0x1f,0xff,0xff,0xff,0xff,0xff,0xff,0xff,0xff,
    0x80,0x80,0x80,0x80,0x80,0x80,0x80,0x82,0x85,0x85,0x88,0x90,0xf0,0xa7,0xfb,0xed,0xf1,0xf1,0xf8,0x7c,0x1a,0x69,0x79,0x70,0x60,0xc0,0x00,0x00,0x00,0x00,0x00,0x00,
    0x00,0x00,0x00,0x00,0x00,0x00,0x00,0x00,0x00,0x00,0x00,0x00,0x00,0x00,0x00,0x00,0x00,0x00,0x00,0x00,0x00,0x00,0x00,0x00,0x00,0x00,0x00,0x00,0x00,0x00,0x00,0x00,
    0x00,0x00,0x00,0x00,0x00,0x00,0x00,0x00,0x00,0x00,0x00,0x00,0x00,0x00,0x00,0x00,0x00,0x00,0x80,0xc0,0x40,0x00,0x00,0x00,0x00,0x00,0x00,0x00,0x00,0x00,0x38,0x78,
    0x7f,0xf0,0xf2,0xde,0xc1,0xdd,0xd3,0xf1,0x0d,0x0c,0x0e,0x1f,0x1f,0x04,0x84,0x84,0xc5,0x0f,0xef,0x7c,0x69,0x11,0x13,0x7c,0xff,0xff,0xff,0xff,0xff,0xff,0xff,0xff,
    0x00,0x00,0x00,0x00,0x00,0x00,0x00,0x20,0x50,0x50,0x88,0x84,0x07,0x72,0x6f,0xdb,0xc7,0x47,0x8f,0x9f,0xac,0xcb,0xcf,0x87,0x83,0x01,0x00,0x00,0x00,0x00,0x00,0x00,
    0x00,0x00,0x00,0x00,0x00,0x00,0x00,0x00,0x00,0x00,0x00,0x00,0x00,0x00,0x00,0x00,0x00,0x00,0x00,0x00,0x00,0x00,0x00,0x00,0x00,0x00,0x00,0x00,0x80,0x00,0x00,0x00,
    0x00,0x00,0x00,0x00,0x00,0x00,0x00,0x00,0x00,0x00,0x00,0x00,0x00,0x00,0x28,0x7c,0xfe,0xff,0xbb,0x28,0x00,0x00,0x00,0x00,0x00,0x00,0x00,0x00,0x00,0x00,0x00,0x00,
    0x00,0x00,0x00,0x01,0x01,0x1d,0x65,0xc7,0xd8,0x98,0x38,0x7c,0x7c,0x10,0x10,0x10,0xd1,0xf8,0x7b,0x9f,0xcb,0xc4,0x64,0x3f,0xff,0xff,0xff,0xff,0xff,0xff,0xff,0xff,
    0x00,0x00,0x00,0x00,0x00,0x00,0x00,0x00,0x00,0x00,0x00,0x00,0x01,0x01,0x00,0x00,0x00,0x00,0x00,0x00,0x00,0x00,0x00,0x00,0x00,0x01,0x00,0x00,0x00,0x00,0x00,0x00,
    0x00,0x00,0x00,0x00,0x00,0x00,0x00,0x00,0x00,0x00,0x00,0x00,0x00,0x00,0x00,0x00,0x00,0x00,0x00,0x00,0x00,0x00,0x00,0x00,0x00,0x00,0x00,0x01,0x03,0x01,0x00,0x00,
    0x00,0x00,0x00,0x00,0x00,0x00,0x00,0x00,0x00,0x00,0x00,0x00,0x00,0x00,0x00,0x00,0x00,0x01,0x03,0x06,0x04,0x00,0x00,0x00,0x00,0x00,0x00,0x00,0x00,0x00,0x00,0x00,
    0x00,0x00,0x00,0x00,0x00,0x00,0x00,0x01,0x02,0x04,0x05,0x09,0x09,0x09,0x11,0x09,0x09,0x09,0x05,0x04,0x02,0x41,0x40,0x42,0x22,0xe7,0xff,0xff,0xff,0xff,0xff,0xff
  },
  { // 3
    0x00,0x00,0x00,0x00,0x00,0x00,0x20,0x00,0x00,0x00,0x80,0x80,0x40,0x40,0x00,0x80,0x80,0x00,0x80,0x80,0x80,0x80,0x80,0x80,0x80,0x40,0x00,0x00,0x00,0x00,0x00,0x00,
    0x00,0x00,0x00,0x00,0x00,0x00,0x00,0x00,0x00,0x00,0x00,0x00,0x00,0x08,0x1c,0x08,0x00,0x00,0x00,0x00,0x00,0x00,0x00,0x00,0x00,0x00,0x00,0x00,0x00,0x00,0x00,0x00,
    0x00,0x00,0x00,0x00,0x00,0x00,0x00,0x00,0x20,0x00,0x00,0x00,0x00,0x00,0x00,0x00,0x00,0x00,0x00,0x00,0x00,0x00,0x00,0x00,0x00,0x00,0x00,0x00,0x00,0x00,0x00,0x00,
    0x00,0xc0,0x40,0x40,0x80,0x00,0x00,0xc0,0xa0,0x90,0x50,0x48,0x48,0x48,0x44,0x48,0xc8,0xc8,0x58,0x98,0xac,0xd4,0x12,0x1f,0xff,0xff,0xff,0xff,0xff,0xff,0xff,0xff,
    0x80,0x80,0x80,0x80,0x80,0x80,0x80,0x82,0x85,0x85,0x88,0x90,0xf0,0xa7,0xfb,0xed,0xf1,0xf1,0xf8,0x7c,0x1a,0x69,0x79,0x70,0x60,0xc0,0x00,0x00,0x00,0x00,0x00,0x00,
    0x00,0x00,0x00,0x00,0x00,0x00,0x00,0x00,0x00,0x00,0x00,0x00,0x00,0x00,0x00,0x00,0x00,0x00,0x00,0x00,0x00,0x00,0x00,0x00,0x00,0x00,0x00,0x00,0x00,0x00,0x00,0x00,
    0x00,0x00,0x00,0x00,0x00,0x00,0x00,0x00,0x00,0x00,0x00,0x00,0x00,0x00,0x00,0x00,0x00,0x80,0x80,0x00,0x00,0x00,0x00,0x00,0x00,0x00,0x00,0x00,0x00,0x00,0x38,0x78,
    0x7f,0xf0,0xf2,0xde,0xc1,0xdd,0xd3,0xf1,0x0d,0x0c,0x0e,0x1f,0x1f,0x04,0x84,0x84,0xc5,0x0f,0xef,0x7c,0x69,0x11,0x13,0x7c,0xff,0xff,0xff,0xff,0xff,0xff,0xff,0xff,
    0x00,0x00,0x00,0x00,0x00,0x00,0x00,0x20,0x50,0x50,0x88,0x84,0x07,0x72,0x6f,0xdb,0xc7,0x47,0x8f,0x9f,0xac,0xcb,0xcf,0x87,0x83,0x01,0x00,0x00,0x00,0x00,0x00,0x00,
    0x00,0x00,0x00,0x00,0x00,0x00,0x00,0x00,0x00,0x00,0x00,0x00,0x00,0x00,0x00,0x00,0x00,0x00,0x00,0x00,0x00,0x00,0x00,0x00,0x00,0x00,0x00,0x00,0x80,0x00,0x00,0x00,
    0x00,0x00,0x00,0x00,0x00,0x00,0x00,0x00,0x00,0x00,0x00,0x00,0x00,0x00,0x00,0x50,0xf8,0xfe,0xff,0x75,0x20,0x00,0x00,0x00,0x00,0x00,0x00,0x00,0x00,0x00,0x00,0x00,
    0x00,0x00,0x00,0x01,0x01,0x1d,0x65,0xc7,0xd8,0x98,0x38,0x7c,0x7c,0x10,0x10,0x10,0xd1,0xf8,0x7b,0x9f,0xcb,0xc4,0x64,0x3f,0xff,0xff,0xff,0xff,0xff,0xff,0xff,0xff,
    0x00,0x00,0x00,0x00,0x00,0x00,0x00,0x00,0x00,0x00,0x00,0x00,0x01,0x01,0x00,0x00,0x00,0x00,0x00,0x00,0x00,0x00,0x00,0x00,0x00,0x01,0x00,0x00,0x00,0x00,0x00,0x00,
    0x00,0x00,0x00,0x00,0x00,0x00,0x00,0x00,0x00,0x00,0x00,0x00,0x00,0x00,0x00,0x00,0x00,0x00,0x00,0x00,0x00,0x00,0x00,0x00,0x00,0x00,0x00,0x01,0x83,0x81,0x00,0x00,
    0x00,0x00,0x00,0x00,0x00,0x00,0x00,0x00,0x00,0x00,0x00,0x00,0x00,0x00,0x00,0x00,0x00,0x0b,0x0f,0x05,0x00,0x00,0x00,0x00,0x00,0x00,0x00,0x00,0x00,0x00,0x00,0x00,
    0x00,0x00,0x00,0x00,0x00,0x00,0x00,0x01,0x02,0x04,0x05,0x09,0x09,0x09,0x11,0x09,0x09,0x09,0x05,0x04,0x02,0x41,0x40,0x42,0x22,0xe7,0xff,0xff,0xff,0xff,0xff,0xff
  },
  { // 4
    0x00,0x00,0x00,0x00,0x00,0x00,0x20,0x00,0x00,0x00,0x80,0x80,0x40,0x40,0x00,0x80,0x80,0x00,0x80,0x80,0x80,0x80,0x80,0x80,0x80,0x40,0x00,0x00,0x00,0x00,0x00,0x00,
    0x00,0x00,0x00,0x00,0x00,0x00,0x00,0x00,0x00,0x00,0x00,0x00,0x00,0x08,0x1c,0x08,0x00,0x00,0x00,0x00,0x00,0x00,0x00,0x00,0x00,0x00,0x00,0x00,0x00,0x00,0x00,0x00,
    0x00,0x00,0x00,0x00,0x00,0x00,0x00,0x00,0x20,0x00,0x00,0x00,0x00,0x00,0x00,0x00,0x00,0x00,0x00,0x00,0x00,0x00,0x00,0x00,0x00,0x00,0x00,0x00,0x00,0x00,0x00,0x00,
    0x00,0xc0,0x40,0x40,0x80,0x00,0x00,0xc0,0xa0,0x90,0x50,0x48,0x48,0x48,0x44,0x48,0xc8,0xc8,0x58,0x98,0xac,0xd4,0x12,0x1f,0xff,0xff,0xff,0xff,0xff,0xff,0xff,0xff,
    0x80,0x80,0x80,0x80,0x80,0x80,0x80,0x82,0x85,0x85,0x88,0x90,0xf0,0xa7,0xfb,0xed,0xf1,0xf1,0xf8,0x7c,0x1a,0x69,0x79,0x70,0x60,0xc0,0x00,0x00,0x00,0x00,0x00,0x00,
    0x00,0x00,0x00,0x00,0x00,0x00,0x00,0x00,0x00,0x00,0x00,0x00,0x00,0x00,0x00,0x00,0x00,0x00,0x00,0x00,0x00,0x00,0x00,0x00,0x00,0x00,0x00,0x00,0x00,0x00,0x00,0x00,
    0x00,0x00,0x00,0x00,0x00,0x00,0x00,0x00,0x00,0x00,0x00,0x00,0x00,0x00,0x00,0x00,0x00,0x00,0x00,0x00,0x00,0x00,0x00,0x00,0x00,0x00,0x00,0x00,0x00,0x00,0x38,0x78,
    0x7f,0xf0,0xf2,0xde,0xc1,0xdd,0xd3,0xf1,0x0d,0x0c,0x0e,0x1f,0x1f,0x04,0x84,0x84,0xc5,0x0f,0xef,0x7c,0x69,0x11,0x13,0x7c,0xff,0xff,0xff,0xff,0xff,0xff,0xff,0xff,
    0x00,0x00,0x00,0x00,0x00,0x00,0x00,0x20,0x50,0x50,0x88,0x84,0x07,0x72,0x6f,0xdb,0xc7,0x47,0x8f,0x9f,0xac,0xcb,0xcf,0x87,0x83,0x01,0x00,0x00,0x00,0x00,0x00,0x00,
    0x00,0x00,0x00,0x00,0x00,0x00,0x00,0x00,0x00,0x00,0x00,0x00,0x00,0x00,0x00,0x00,0x00,0x00,0x00,0x00,0x00,0x00,0x00,0x00,0x00,0x00,0x00,0x00,0x80,0x00,0x00,0x00,
    0x00,0x00,0x00,0x00,0x00,0x00,0x00,0x00,0x00,0x00,0x00,0x00,0x00,0x00,0x00,0xa0,0xf0,0xfd,0xff,0xea,0x40,0x00,0x00,0x00,0x00,0x00,0x00,0x00,0x00,0x00,0x00,0x00,
    0x00,0x00,0x00,0x01,0x01,0x1d,0x65,0xc7,0xd8,0x98,0x38,0x7c,0x7c,0x10,0x10,0x10,0xd1,0xf8,0x7b,0x9f,0xcb,0xc4,0x64,0x3f,0xff,0xff,0xff,0xff,0xff,0xff,0xff,0xff,
    0x00,0x00,0x00,0x00,0x00,0x00,0x00,0x00,0x00,0x00,0x00,0x00,0x01,0x01,0x00,0x00,0x00,0x00,0x00,0x00,0x00,0x00,0x00,0x00,0x00,0x01,0x00,0x00,0x00,0x00,0x00,0x00,
    0x00,0x00,0x00,0x00,0x00,0x00,0x00,0x00,0x00,0x00,0x00,0x00,0x00,0x00,0x00,0x00,0x00,0x00,0x00,0x00,0x00,0x00,0x00,0x00,0x00,0x00,0x00,0x01,0x43,0xc1,0x80,0x00,
    0x00,0x00,0x00,0x00,0x00,0x00,0x00,0x00,0x00,0x00,0x00,0x00,0x00,0x00,0x00,0x00,0x01,0x17,0x1f,0x0a,0x00,0x00,0x00,0x00,0x00,0x00,0x00,0x00,0x00,0x00,0x00,0x00,
    0x00,0x00,0x00,0x00,0x00,0x00,0x00,0x01,0x02,0x04,0x05,0x09,0x09,0x09,0x11,0x09,0x09,0x09,0x05,0x04,0x02,0x41,0x40,0x42,0x22,0xe7,0xff,0xff,0xff,0xff,0xff,0xff
  },
  { // 5
    0x00,0x00,0x00,0x00,0x00,0x00,0x20,0x00,0x00,0x00,0x00,0x80,0x80,0x40,0x40,0x00,0x80,0x80,0x00,0x80,0x80,0x80,0x80,0x80,0x80,0x80,0x40,0x00,0x00,0x00,0x00,0x00,
    0x00,0x00,0x00,0x00,0x00,0x00,0x00,0x00,0x00,0x00,0x00,0x00,0x00,0x08,0x1c,0x08,0x00,0x00,0x00,0x00,0x00,0x00,0x00,0x00,0x00,0x00,0x00,0x00,0x00,0x00,0x00,0x00,
    0x00,0x00,0x00,0x00,0x00,0x00,0x00,0x00,0x20,0x00,0x00,0x00,0x00,0x00,0x00,0x00,0x00,0x00,0x00,0x00,0x00,0x00,0x00,0x00,0x00,0x00,0x00,0x00,0x00,0x00,0x00,0x00,
    0x00,0xc0,0x40,0x40,0x80,0x00,0x00,0xc0,0xa0,0x90,0x50,0x48,0x48,0x48,0x44,0x48,0xc8,0xc8,0x58,0x98,0xac,0xd4,0x12,0x1f,0xff,0xff,0xff,0xff,0xff,0xff,0xff,0xff,
    0x80,0x80,0x80,0x80,0x80,0x80,0x80,0x80,0x82,0x85,0x85,0x88,0x90,0xf0,0xa7,0xfb,0xed,0xf1,0xf1,0xf8,0x7c,0x1a,0x69,0x79,0x70,0x60,0xc0,0x00,0x00,0x00,0x00,0x00,
    0x00,0x00,0x00,0x00,0x00,0x00,0x00,0x00,0x00,0x00,0x00,0x00,0x00,0x00,0x00,0x00,0x00,0x00,0x00,0x00,0x00,0x00,0x00,0x00,0x00,0x00,0x00,0x00,0x00,0x00,0x00,0x00,
    0x00,0x00,0x00,0x00,0x00,0x00,0x00,0x00,0x00,0x00,0x00,0x00,0x00,0x00,0x00,0x00,0x00,0x00,0x00,0x00,0x00,0x00,0x00,0x00,0x00,0x00,0x00,0x00,0x00,0x00,0x38,0x78,
    0x7f,0xf0,0xf2,0xde,0xc1,0xdd,0xd3,0xf1,0x0d,0x0c,0x0e,0x1f,0x1f,0x04,0x84,0x84,0xc5,0x0f,0xef,0x7c,0x69,0x11,0x13,0x7c,0xff,0xff,0xff,0xff,0xff,0xff,0xff,0xff,
    0x00,0x00,0x00,0x00,0x00,0x00,0x00,0x00,0x20,0x50,0x50,0x88,0x84,0x07,0x72,0x6f,0xdb,0xc7,0x47,0x8f,0x9f,0xac,0xcb,0xcf,0x87,0x83,0x01,0x00,0x00,0x00,0x00,0x00,
    0x00,0x00,0x00,0x00,0x00,0x00,0x00,0x00,0x00,0x00,0x00,0x00,0x00,0x00,0x00,0x00,0x00,0x00,0x00,0x00,0x00,0x00,0x00,0x00,0x00,0x00,0x00,0x00,0x80,0x00,0x00,0x00,
    0x00,0x00,0x00,0x00,0x00,0x00,0x00,0x00,0x00,0x00,0x00,0x00,0x00,0x00,0x00,0x00,0x02,0x03,0xa7,0xee,0xfc,0xf0,0xa0,0x00,0x00,0x00,0x00,0x00,0x00,0x00,0x00,0x00,
    0x00,0x00,0x00,0x01,0x01,0x1d,0x65,0xc7,0xd8,0x98,0x38,0x7c,0x7c,0x10,0x10,0x10,0xd1,0xf8,0x7b,0x9f,0xcb,0xc4,0x64,0x3f,0xff,0xff,0xff,0xff,0xff,0xff,0xff,0xff,
    0x00,0x00,0x00,0x00,0x00,0x00,0x00,0x00,0x00,0x00,0x00,0x00,0x00,0x01,0x01,0x00,0x00,0x00,0x00,0x00,0x00,0x00,0x00,0x00,0x00,0x00,0x01,0x00,0x00,0x00,0x00,0x00,
    0x00,0x00,0x00,0x00,0x00,0x00,0x00,0x00,0x00,0x00,0x00,0x00,0x00,0x00,0x00,0x00,0x00,0x00,0x00,0x00,0x00,0x00,0x00,0x00,0x00,0x00,0x00,0x01,0x03,0x01,0x00,0x80,
    0xc0,0x40,0x00,0x00,0x00,0x00,0x00,0x00,0x00,0x00,0x00,0x00,0x00,0x00,0x00,0x00,0x08,0x18,0x1c,0x0e,0x07,0x01,0x00,0x00,0x00,0x00,0x00,0x00,0x00,0x00,0x00,0x00,
    0x00,0x00,0x00,0x00,0x00,0x00,0x00,0x01,0x02,0x04,0x05,0x09,0x09,0x09,0x11,0x09,0x09,0x09,0x05,0x04,0x02,0x41,0x40,0x42,0x22,0xe7,0xff,0xff,0xff,0xff,0xff,0xff
  },
  { // 6
    0x00,0x00,0x00,0x00,0x00,0x00,0x20,0x00,0x00,0x00,0x00,0x80,0x80,0x40,0x40,0x00,0x80,0x80,0x00,0x80,0x80,0x80,0x80,0x80,0x80,0x80,0x40,0x00,0x00,0x00,0x00,0x00,
    0x00,0x00,0x00,0x00,0x00,0x00,0x00,0x00,0x00,0x00,0x00,0x00,0x00,0x08,0x1c,0x08,0x00,0x00,0x00,0x00,0x00,0x00,0x00,0x00,0x00,0x00,0x00,0x00,0x00,0x00,0x00,0x00,
    0x00,0x00,0x00,0x00,0x00,0x00,0x00,0x00,0x20,0x00,0x00,0x00,0x00,0x00,0x00,0x00,0x00,0x00,0x00,0x00,0x00,0x00,0x00,0x00,0x00,0x00,0x00,0x00,0x00,0x00,0x00,0x00,
    0x00,0xc0,0x40,0x40,0x80,0x00,0x00,0xc0,0xa0,0x90,0x50,0x48,0x48,0x48,0x44,0x48,0xc8,0xc8,0x58,0x98,0xac,0xd4,0x12,0x1f,0xff,0xff,0xff,0xff,0xff,0xff,0xff,0xff,
    0x80,0x80,0x80,0x80,0x80,0x80,0x80,0x80,0x82,0x85,0x85,0x88,0x90,0xf0,0xa7,0xfb,0xed,0xf1,0xf1,0xf8,0x7c,0x1a,0x69,0x79,0x70,0x60,0xc0,0x00,0x00,0x00,0x00,0x00,
    0x00,0x00,0x00,0x00,0x00,0x00,0x00,0x00,0x00,0x00,0x00,0x00,0x00,0x00,0x00,0x00,0x00,0x00,0x00,0x00,0x00,0x00,0x00,0x00,0x00,0x00,0x00,0x00,0x00,0x00,0x00,0x00,
    0x00,0x00,0x00,0x00,0x00,0x00,0x00,0x00,0x00,0x00,0x00,0x00,0x00,0x00,0x00,0x00,0x00,0x00,0x00,0x00,0x00,0x00,0x00,0x00,0x00,0x00,0x00,0x00,0x00,0x00,0x38,0x78,
    0x7f,0xf0,0xf2,0xde,0xc1,0xdd,0xd3,0xf1,0x0d,0x0c,0x0e,0x1f,0x1f,0x04,0x84,0x84,0xc5,0x0f,0xef,0x7c,0x69,0x11,0x13,0x7c,0xff,0xff,0xff,0xff,0xff,0xff,0xff,0xff,
    0x00,0x00,0x00,0x00,0x00,0x00,0x00,0x00,0x20,0x50,0x50,0x88,0x84,0x07,0x72,0x6f,0xdb,0xc7,0x47,0x8f,0x9f,0xac,0xcb,0xcf,0x87,0x83,0x01,0x00,0x00,0x00,0x00,0x00,
    0x00,0x00,0x00,0x00,0x00,0x00,0x00,0x00,0x00,0x00,0x00,0x00,0x00,0x00,0x00,0x00,0x00,0x00,0x00,0x00,0x00,0x00,0x00,0x00,0x00,0x00,0x00,0x00,0x80,0x00,0x00,0x00,
    0x00,0x00,0x00,0x00,0x00,0x00,0x00,0x00,0x00,0x00,0x00,0x00,0x00,0x00,0x00,0x00,0x04,0x06,0x4e,0xdc,0xf8,0xe0,0x40,0x00,0x00,0x00,0x00,0x00,0x00,0x00,0x00,0x00,
    0x00,0x00,0x00,0x01,0x01,0x1d,0x65,0xc7,0xd8,0x98,0x38,0x7c,0x7c,0x10,0x10,0x10,0xd1,0xf8,0x7b,0x9f,0xcb,0xc4,0x64,0x3f,0xff,0xff,0xff,0xff,0xff,0xff,0xff,0xff,
    0x00,0x00,0x00,0x00,0x00,0x00,0x00,0x00,0x00,0x00,0x00,0x00,0x00,0x01,0x01,0x00,0x00,0x00,0x00,0x00,0x00,0x00,0x00,0x00,0x00,0x00,0x01,0x00,0x00,0x00,0x00,0x00,
    0x00,0x00,0x00,0x00,0x00,0x00,0x00,0x00,0x00,0x00,0x00,0x00,0x00,0x00,0x00,0x00,0x00,0x00,0x00,0x00,0x00,0x00,0x00,0x00,0x00,0x00,0x00,0x01,0x03,0x01,0x80,0xc0,
    0x60,0x20,0x00,0x00,0x00,0x00,0x00,0x00,0x00,0x00,0x00,0x00,0x00,0x00,0x00,0x00,0x10,0x30,0x39,0x1d,0x0f,0x03,0x01,0x00,0x00,0x00,0x00,0x00,0x00,0x00,0x00,0x00,
    0x00,0x00,0x00,0x00,0x00,0x00,0x00,0x01,0x02,0x04,0x05,0x09,0x09,0x09,0x11,0x09,0x09,0x09,0x05,0x04,0x02,0x41,0x40,0x42,0x22,0xe7,0xff,0xff,0xff,0xff,0xff,0xff
  },
  { // 7
    0x00,0x00,0x00,0x00,0x00,0x20,0x70,0x20,0x00,0x00,0x00,0x80,0x80,0x40,0x40,0x00,0x80,0x80,0x00,0x80,0x80,0x80,0x80,0x80,0x80,0x80,0x40,0x00,0x00,0x00,0x00,0x00,
    0x00,0x00,0x00,0x00,0x00,0x00,0x00,0x00,0x00,0x00,0x00,0x00,0x00,0x08,0x1c,0x08,0x00,0x00,0x00,0x00,0x00,0x00,0x00,0x00,0x00,0x00,0x00,0x00,0x00,0x00,0x00,0x00,
    0x00,0x00,0x00,0x00,0x00,0x00,0x00,0x00,0x00,0x00,0x00,0x00,0x00,0x00,0x00,0x00,0x00,0x00,0x00,0x00,0x00,0x00,0x00,0x00,0x00,0x00,0x00,0x00,0x00,0x00,0x00,0x00,
    0x00,0xc0,0x40,0x40,0x80,0x00,0x00,0xc0,0xa0,0x90,0x50,0x48,0x48,0x48,0x44,0x48,0xc8,0xc8,0x58,0x98,0xac,0xd4,0x12,0x1f,0xff,0xff,0xff,0xff,0xff,0xff,0xff,0xff,
    0x80,0x80,0x80,0x80,0x80,0x80,0x80,0x80,0x82,0x85,0x85,0x88,0x90,0xf0,0xa7,0xfb,0xed,0xf1,0xf1,0xf8,0x7c,0x1a,0x69,0x79,0x70,0x60,0xc0,0x00,0x00,0x00,0x00,0x00,
    0x00,0x00,0x00,0x00,0x00,0x00,0x00,0x00,0x00,0x00,0x00,0x00,0x00,0x00,0x00,0x00,0x00,0x00,0x00,0x00,0x00,0x00,0x00,0x00,0x00,0x00,0x00,0x00,0x00,0x00,0x00,0x00,
    0x00,0x00,0x00,0x00,0x00,0x00,0x00,0x00,0x00,0x00,0x00,0x00,0x00,0x00,0x00,0x00,0x00,0x00,0x00,0x00,0x00,0x00,0x00,0x00,0x00,0x00,0x00,0x00,0x00,0x00,0x38,0x78,
    0x7f,0xf0,0xf2,0xde,0xc1,0xdd,0xd3,0xf1,0x0d,0x0c,0x0e,0x1f,0x1f,0x04,0x84,0x84,0xc5,0x0f,0xef,0x7c,0x69,0x11,0x13,0x7c,0xff,0xff,0xff,0xff,0xff,0xff,0xff,0xff,
    0x00,0x00,0x00,0x00,0x00,0x00,0x00,0x00,0x20,0x50,0x50,0x88,0x84,0x07,0x72,0x6f,0xdb,0xc7,0x47,0x8f,0x9f,0xac,0xcb,0xcf,0x87,0x83,0x01,0x00,0x00,0x00,0x00,0x00,
    0x00,0x00,0x00,0x00,0x00,0x00,0x00,0x00,0x00,0x00,0x00,0x00,0x00,0x00,0x00,0x00,0x00,0x00,0x00,0x00,0x00,0x00,0x00,0x00,0x00,0x00,0x00,0x00,0x80,0x00,0x00,0x00,
    0x00,0x00,0x00,0x00,0x00,0x00,0x00,0x00,0x00,0x00,0x00,0x00,0x00,0x00,0x00,0x00,0x80,0xc0,0xf4,0xfc,0xa8,0x00,0x00,0x00,0x00,0x00,0x00,0x00,0x00,0x00,0x00,0x00,
    0x00,0x00,0x00,0x01,0x01,0x1d,0x65,0xc7,0xd8,0x98,0x38,0x7c,0x7c,0x10,0x10,0x10,0xd1,0xf8,0x7b,0x9f,0xcb,0xc4,0x64,0x3f,0xff,0xff,0xff,0xff,0xff,0xff,0xff,0xff,
    0x00,0x00,0x00,0x00,0x00,0x00,0x00,0x00,0x00,0x00,0x00,0x00,0x00,0x01,0x05,0x00,0x00,0x00,0x00,0x00,0x00,0x00,0x00,0x00,0x00,0x00,0x01,0x00,0x00,0x00,0x00,0x00,
    0x00,0x00,0x00,0x00,0x00,0x00,0x00,0x00,0x00,0x00,0x00,0x00,0x00,0x00,0x00,0x00,0x00,0x00,0x00,0x00,0x00,0x00,0x00,0x00,0x00,0x00,0x00,0x01,0x03,0xd1,0xf0,0xa0,
    0x00,0x00,0x00,0x00,0x00,0x00,0x00,0x00,0x00,0x00,0x00,0x00,0x00,0x00,0x00,0x00,0x02,0x07,0x5f,0x7f,0x2b,0x01,0x00,0x00,0x00,0x00,0x00,0x00,0x00,0x00,0x00,0x00,
    0x00,0x00,0x00,0x00,0x00,0x00,0x00,0x01,0x02,0x04,0x05,0x09,0x09,0x09,0x11,0x09,0x09,0x09,0x05,0x04,0x02,0x41,0x40,0x42,0x22,0xe7,0xff,0xff,0xff,0xff,0xff,0xff
  },
  { // 8
    0x00,0x00,0x00,0x00,0x00,0x20,0x70,0x20,0x00,0x00,0x00,0x80,0x80,0x40,0x00,0x00,0x80,0x80,0x80,0x80,0x80,0x80,0x80,0x00,0x80,0x80,0x40,0x40,0x00,0x00,0x00,0x00,
    0x00,0x00,0x00,0x00,0x00,0x00,0x00,0x00,0x00,0x00,0x00,0x00,0x00,0x08,0x1c,0x08,0x00,0x00,0x00,0x00,0x00,0x00,0x00,0x00,0x00,0x00,0x00,0x00,0x00,0x00,0x00,0x00,
    0x00,0x00,0x00,0x00,0x00,0x00,0x00,0x00,0x00,0x00,0x00,0x00,0x00,0x00,0x00,0x00,0x00,0x00,0x00,0x00,0x00,0x00,0x00,0x00,0x00,0x00,0x00,0x00,0x00,0x00,0x00,0x00,
    0x00,0xc0,0x40,0x40,0x80,0x00,0x00,0xc0,0xa0,0x90,0x50,0x48,0x48,0x48,0x44,0x48,0xc8,0xc8,0x58,0x98,0xac,0xd4,0x12,0x1f,0xff,0xff,0xff,0xff,0xff,0xff,0xff,0xff,
    0x80,0x80,0x80,0x80,0x80,0x80,0x80,0x80,0x80,0x82,0x85,0x88,0x88,0xf3,0xad,0xf1,0xe7,0xf9,0xf1,0xf8,0x7e,0x1a,0x69,0x79,0x70,0x60,0xc0,0x00,0x00,0x00,0x00,0x00,
    0x00,0x00,0x00,0x00,0x00,0x00,0x00,0x00,0x00,0x00,0x00,0x00,0x00,0x00,0x00,0x00,0x00,0x00,0x00,0x00,0x00,0x00,0x00,0x00,0x00,0x00,0x00,0x00,0x00,0x00,0x00,0x00,
    0x00,0x00,0x00,0x00,0x00,0x00,0x00,0x00,0x00,0x00,0x00,0x00,0x00,0x00,0x00,0x00,0x00,0x00,0x00,0x00,0x00,0x00,0x00,0x00,0x00,0x00,0x00,0x00,0x00,0x00,0x38,0x78,
    0x7f,0xf0,0xf2,0xde,0xc1,0xdd,0xd3,0xf1,0x0d,0x0c,0x0e,0x1f,0x1f,0x04,0x84,0x84,0xc5,0x0f,0xef,0x7c,0x69,0x11,0x13,0x7c,0xff,0xff,0xff,0xff,0xff,0xff,0xff,0xff,
    0x00,0x00,0x00,0x00,0x00,0x00,0x00,0x00,0x00,0x20,0x50,0x88,0x88,0x67,0x5a,0x47,0xf3,0xcf,0xc7,0x8f,0xbf,0xac,0xcb,0x4f,0x87,0x83,0x01,0x00,0x00,0x00,0x00,0x00,
    0x00,0x00,0x00,0x00,0x00,0x00,0x00,0x00,0x00,0x00,0x00,0x00,0x00,0x00,0x00,0x00,0x00,0x00,0x00,0x00,0x00,0x00,0x00,0x00,0x00,0x00,0x00,0x00,0x00,0x00,0x00,0x00,
    0x00,0x00,0x00,0x00,0x00,0x00,0x00,0x00,0x00,0x00,0x00,0x00,0x00,0x00,0x00,0x00,0x80,0xc0,0xf4,0xfc,0xa8,0x00,0x00,0x00,0x00,0x00,0x00,0x00,0x00,0x00,0x00,0x00,
    0x00,0x00,0x00,0x01,0x01,0x1d,0x65,0xc7,0xd8,0x98,0x38,0x7c,0x7c,0x10,0x10,0x10,0xd1,0xf8,0x7b,0x9f,0xcb,0xc4,0x64,0x3f,0xff,0xff,0xff,0xff,0xff,0xff,0xff,0xff,
    0x00,0x00,0x00,0x00,0x00,0x00,0x00,0x00,0x00,0x00,0x00,0x00,0x00,0x01,0x04,0x00,0x00,0x00,0x00,0x00,0x00,0x00,0x00,0x00,0x00,0x00,0x01,0x01,0x00,0x00,0x00,0x00,
    0x00,0x00,0x00,0x00,0x00,0x00,0x00,0x00,0x00,0x00,0x08,0x00,0x00,0x00,0x00,0x00,0x00,0x00,0x00,0x00,0x00,0x00,0x00,0x00,0x00,0x00,0x00,0x00,0x01,0x00,0xd0,0xf0,
    0xa0,0x00,0x00,0x00,0x00,0x00,0x00,0x00,0x00,0x00,0x00,0x00,0x00,0x00,0x00,0x00,0x02,0x07,0x5f,0x7f,0x2b,0x01,0x00,0x00,0x00,0x00,0x00,0x00,0x00,0x00,0x00,0x00,
    0x00,0x00,0x00,0x00,0x00,0x00,0x00,0x01,0x02,0x04,0x05,0x09,0x09,0x09,0x11,0x09,0x09,0x09,0x05,0x04,0x02,0x41,0x40,0x42,0x22,0xe7,0xff,0xff,0xff,0xff,0xff,0xff
  },
  { // 9
    0x00,0x00,0x00,0x00,0x00,0x20,0x70,0x20,0x00,0x00,0x00,0x00,0x80,0x80,0x40,0x00,0x00,0x80,0x80,0x80,0x80,0x80,0x80,0x80,0x00,0x80,0x80,0x40,0x40,0x00,0x00,0x00,
    0x00,0x00,0x00,0x00,0x00,0x00,0x00,0x00,0x00,0x00,0x00,0x00,0x00,0x08,0x1c,0x08,0x00,0x00,0x00,0x00,0x00,0x00,0x00,0x00,0x00,0x00,0x00,0x00,0x00,0x00,0x00,0x00,
    0x00,0x00,0x00,0x00,0x00,0x00,0x00,0x00,0x00,0x00,0x00,0x00,0x00,0x00,0x00,0x00,0x00,0x00,0x00,0x00,0x00,0x00,0x00,0x00,0x00,0x00,0x00,0x00,0x00,0x00,0x00,0x00,
    0x00,0xc0,0x40,0x40,0x80,0x00,0x00,0xc0,0xa0,0x90,0x50,0x48,0x48,0x48,0x44,0x48,0xc8,0xc8,0x58,0x98,0xac,0xd4,0x12,0x1f,0xff,0xff,0xff,0xff,0xff,0xff,0xff,0xff,
    0x80,0x80,0x80,0x80,0x80,0x80,0x80,0x80,0x80,0x80,0x82,0x85,0x88,0x88,0xf3,0xad,0xf1,0xe7,0xf9,0xf1,0xf8,0x7e,0x1a,0x69,0x79,0x70,0x60,0xc0,0x00,0x00,0x00,0x00,
    0x00,0x00,0x00,0x00,0x00,0x00,0x00,0x00,0x00,0x00,0x00,0x00,0x00,0x00,0x00,0x00,0x00,0x00,0x00,0x00,0x00,0x00,0x00,0x00,0x00,0x00,0x00,0x00,0x00,0x00,0x00,0x00,
    0x00,0x00,0x00,0x00,0x00,0x00,0x00,0x00,0x00,0x00,0x00,0x00,0x00,0x00,0x00,0x00,0x00,0x00,0x00,0x00,0x00,0x00,0x00,0x00,0x00,0x00,0x00,0x00,0x00,0x00,0x38,0x78,
    0x7f,0xf0,0xf2,0xde,0xc1,0xdd,0xd3,0xf1,0x0d,0x0c,0x0e,0x1f,0x1f,0x04,0x84,0x84,0xc5,0x0f,0xef,0x7c,0x69,0x11,0x13,0x7c,0xff,0xff,0xff,0xff,0xff,0xff,0xff,0xff,
    0x00,0x00,0x00,0x00,0x00,0x00,0x00,0x00,0x00,0x00,0x20,0x50,0x88,0x88,0x67,0x5a,0x47,0xf3,0xcf,0xc7,0x8f,0xbf,0xac,0xcb,0x4f,0x87,0x83,0x01,0x00,0x00,0x00,0x00,
    0x00,0x00,0x00,0x00,0x00,0x00,0x00,0x00,0x00,0x00,0x00,0x00,0x00,0x00,0x00,0x00,0x00,0x00,0x00,0x00,0x00,0x00,0x00,0x00,0x00,0x00,0x00,0x00,0x00,0x00,0x00,0x00,
    0x00,0x00,0x00,0x00,0x00,0x00,0x00,0x00,0x00,0x00,0x00,0x00,0x00,0x00,0x00,0x00,0x00,0x80,0xc0,0xe0,0x70,0x18,0x08,0x00,0x00,0x00,0x00,0x00,0x00,0x00,0x00,0x00,
    0x00,0x00,0x00,0x01,0x01,0x1d,0x65,0xc7,0xd8,0x98,0x38,0x7c,0x7c,0x10,0x10,0x10,0xd1,0xf8,0x7b,0x9f,0xcb,0xc4,0x64,0x3f,0xff,0xff,0xff,0xff,0xff,0xff,0xff,0xff,
    0x00,0x00,0x00,0x00,0x00,0x00,0x00,0x00,0x00,0x00,0x00,0x00,0x00,0x00,0x05,0x00,0x00,0x00,0x00,0x00,0x00,0x00,0x00,0x00,0x00,0x00,0x00,0x01,0x01,0x00,0x00,0x00,
    0x00,0x00,0x00,0x00,0x00,0x00,0x00,0x00,0x00,0x00,0x08,0x00,0x00,0x00,0x00,0x00,0x00,0x00,0x00,0x00,0x00,0x00,0x00,0x00,0x00,0x00,0x00,0x00,0x11,0x18,0x38,0x70,
    0xe0,0x80,0x00,0x00,0x00,0x00,0x00,0x00,0x00,0x00,0x00,0x00,0x00,0x00,0x00,0x00,0x05,0x0f,0x1f,0x3f,0x77,0xc5,0x80,0x00,0x00,0x00,0x00,0x00,0x00,0x00,0x00,0x00,
    0x00,0x00,0x00,0x00,0x00,0x00,0x00,0x01,0x02,0x04,0x05,0x09,0x09,0x09,0x11,0x09,0x09,0x09,0x05,0x04,0x02,0x41,0x40,0x42,0x22,0xe7,0xff,0xff,0xff,0xff,0xff,0xff
  },
  { // 10
    0x00,0x00,0x00,0x00,0x00,0x20,0x70,0x20,0x00,0x00,0x00,0x00,0x80,0x80,0x40,0x00,0x00,0x80,0x80,0x80,0x80,0x80,0x80,0x80,0x00,0x80,0x80,0x40,0x40,0x00,0x00,0x00,
    0x00,0x00,0x00,0x00,0x00,0x00,0x00,0x00,0x00,0x00,0x00,0x00,0x00,0x08,0x1c,0x08,0x00,0x00,0x00,0x00,0x00,0x00,0x00,0x00,0x00,0x00,0x00,0x00,0x00,0x00,0x00,0x00,
    0x00,0x00,0x00,0x00,0x00,0x00,0x00,0x00,0x00,0x00,0x00,0x00,0x00,0x00,0x00,0x00,0x00,0x00,0x00,0x00,0x00,0x00,0x00,0x00,0x00,0x00,0x00,0x00,0x00,0x00,0x00,0x00,
    0x00,0xc0,0x40,0x40,0x80,0x00,0x00,0xc0,0xa0,0x90,0x50,0x48,0x48,0x48,0x44,0x48,0xc8,0xc8,0x58,0x98,0xac,0xd4,0x12,0x1f,0xff,0xff,0xff,0xff,0xff,0xff,0xff,0xff,
    0x80,0x80,0x80,0x80,0x80,0x80,0x80,0x80,0x80,0x80,0x82,0x85,0x88,0x88,0xf3,0xad,0xf1,0xe7,0xf9,0xf1,0xf8,0x7e,0x1a,0x69,0x79,0x70,0x60,0xc0,0x00,0x00,0x00,0x00,
    0x00,0x00,0x00,0x00,0x00,0x00,0x00,0x00,0x00,0x00,0x00,0x00,0x00,0x00,0x00,0x00,0x00,0x00,0x00,0x00,0x00,0x00,0x00,0x00,0x00,0x00,0x00,0x00,0x00,0x00,0x00,0x00,
    0x00,0x00,0x00,0x00,0x00,0x00,0x00,0x00,0x00,0x00,0x00,0x00,0x00,0x00,0x00,0x00,0x00,0x00,0x00,0x00,0x00,0x00,0x00,0x00,0x00,0x00,0x00,0x00,0x00,0x00,0x38,0x78,
    0x7f,0xf0,0xf2,0xde,0xc1,0xdd,0xd3,0xf1,0x0d,0x0c,0x0e,0x1f,0x1f,0x04,0x84,0x84,0xc5,0x0f,0xef,0x7c,0x69,0x11,0x13,0x7c,0xff,0xff,0xff,0xff,0xff,0xff,0xff,0xff,
    0x00,0x00,0x00,0x00,0x00,0x00,0x00,0x00,0x00,0x00,0x20,0x50,0x88,0x88,0x67,0x5a,0x47,0xf3,0xcf,0xc7,0x8f,0xbf,0xac,0xcb,0x4f,0x87,0x83,0x01,0x00,0x00,0x00,0x00,
    0x00,0x00,0x00,0x00,0x00,0x00,0x00,0x00,0x00,0x00,0x00,0x00,0x00,0x00,0x00,0x00,0x00,0x00,0x00,0x00,0x00,0x00,0x00,0x00,0x00,0x00,0x00,0x00,0x00,0x00,0x00,0x00,
    0x00,0x00,0x00,0x00,0x00,0x00,0x00,0x00,0x00,0x00,0x00,0x00,0x00,0x00,0x00,0x00,0x00,0x00,0x80,0xc0,0xe0,0x30,0x10,0x00,0x00,0x00,0x00,0x00,0x00,0x00,0x00,0x00,
    0x00,0x00,0x00,0x01,0x01,0x1d,0x65,0xc7,0xd8,0x98,0x38,0x7c,0x7c,0x10,0x10,0x10,0xd1,0xf8,0x7b,0x9f,0xcb,0xc4,0x64,0x3f,0xff,0xff,0xff,0xff,0xff,0xff,0xff,0xff,
    0x00,0x00,0x00,0x00,0x00,0x00,0x00,0x00,0x00,0x00,0x00,0x00,0x00,0x00,0x05,0x00,0x00,0x00,0x00,0x00,0x00,0x00,0x00,0x00,0x00,0x00,0x00,0x01,0x01,0x00,0x00,0x00,
    0x00,0x00,0x00,0x00,0x00,0x00,0x00,0x00,0x00,0x00,0x08,0x00,0x00,0x00,0x00,0x00,0x00,0x00,0x00,0x00,0x00,0x00,0x00,0x00,0x00,0x00,0x00,0x00,0x09,0x0c,0x9c,0xb8,
    0xf0,0xc0,0x80,0x00,0x00,0x00,0x00,0x00,0x00,0x00,0x00,0x00,0x00,0x00,0x00,0x00,0x0a,0x1f,0x3f,0x7f,0xee,0x8a,0x00,0x00,0x00,0x00,0x00,0x00,0x00,0x00,0x00,0x00,
    0x00,0x00,0x00,0x00,0x00,0x00,0x00,0x01,0x02,0x04,0x05,0x09,0x09,0x09,0x11,0x09,0x09,0x09,0x05,0x04,0x02,0x41,0x40,0x42,0x22,0xe7,0xff,0xff,0xff,0xff,0xff,0xff
  },
  { // 11
    0x00,0x00,0x00,0x00,0x00,0x20,0x70,0x20,0x00,0x00,0x00,0x00,0x00,0x80,0x40,0x00,0x00,0x00,0x80,0x80,0x80,0x80,0x80,0x80,0x00,0x00,0x80,0x80,0x80,0x40,0x40,0x00,
    0x00,0x00,0x00,0x00,0x00,0x00,0x00,0x00,0x00,0x00,0x00,0x00,0x00,0x08,0x1c,0x08,0x00,0x00,0x00,0x00,0x00,0x00,0x00,0x00,0x00,0x00,0x00,0x00,0x00,0x00,0x00,0x00,
    0x00,0x00,0x00,0x00,0x00,0x00,0x00,0x00,0x00,0x00,0x00,0x00,0x00,0x00,0x00,0x00,0x00,0x00,0x00,0x00,0x00,0x00,0x00,0x00,0x00,0x00,0x00,0x00,0x00,0x00,0x00,0x00,
    0x00,0xc0,0x40,0x40,0x80,0x00,0x00,0xc0,0xa0,0x90,0x50,0x48,0x48,0x48,0x44,0x48,0xc8,0xc8,0x58,0x98,0xac,0xd4,0x12,0x1f,0xff,0xff,0xff,0xff,0xff,0xff,0xff,0xff,
    0x80,0x80,0x80,0x80,0x80,0x80,0x80,0x80,0x80,0x80,0x80,0x80,0x82,0x85,0x89,0xf7,0xb9,0xe1,0xe0,0xff,0xf1,0xfe,0x7a,0x19,0x69,0x79,0x70,0x60,0xc0,0x00,0x00,0x00,
    0x00,0x00,0x00,0x00,0x00,0x00,0x00,0x00,0x00,0x00,0x00,0x00,0x00,0x00,0x00,0x00,0x00,0x00,0x00,0x00,0x00,0x00,0x00,0x00,0x00,0x00,0x00,0x00,0x00,0x00,0x00,0x00,
    0x00,0x00,0x00,0x00,0x00,0x00,0x00,0x00,0x00,0x00,0x00,0x00,0x00,0x00,0x00,0x00,0x00,0x00,0x00,0x00,0x00,0x00,0x00,0x00,0x00,0x00,0x00,0x00,0x00,0x00,0x38,0x78,
    0x7f,0xf0,0xf2,0xde,0xc1,0xdd,0xd3,0xf1,0x0d,0x0c,0x0e,0x1f,0x1f,0x04,0x84,0x84,0xc5,0x0f,0xef,0x7c,0x69,0x11,0x13,0x7c,0xff,0xff,0xff,0xff,0xff,0xff,0xff,0xff,
    0x00,0x00,0x00,0x00,0x00,0x00,0x00,0x00,0x00,0x00,0x00,0x00,0x20,0xd0,0x48,0x77,0x4e,0x43,0x83,0xff,0xc7,0xbf,0xaf,0xcc,0x4b,0x4f,0x87,0x83,0x81,0x00,0x00,0x00,
    0x00,0x00,0x00,0x00,0x00,0x00,0x00,0x00,0x00,0x00,0x00,0x00,0x00,0x00,0x00,0x00,0x00,0x00,0x00,0x00,0x00,0x00,0x00,0x00,0x00,0x00,0x00,0x00,0x00,0x00,0x00,0x00,
    0x00,0x00,0x00,0x00,0x00,0x00,0x00,0x00,0x00,0x00,0x00,0x00,0x00,0x00,0x00,0x00,0x00,0x00,0x80,0xc0,0xe0,0x30,0x10,0x00,0x00,0x00,0x00,0x00,0x00,0x00,0x00,0x00,
    0x00,0x00,0x00,0x01,0x01,0x1d,0x65,0xc7,0xd8,0x98,0x38,0x7c,0x7c,0x10,0x10,0x10,0xd1,0xf8,0x7b,0x9f,0xcb,0xc4,0x64,0x3f,0xff,0xff,0xff,0xff,0xff,0xff,0xff,0xff,
    0x00,0x00,0x00,0x00,0x00,0x00,0x00,0x00,0x00,0x00,0x00,0x00,0x00,0x00,0x05,0x00,0x00,0x00,0x00,0x00,0x00,0x00,0x00,0x00,0x00,0x00,0x00,0x00,0x00,0x01,0x01,0x00,
    0x00,0x00,0x00,0x00,0x00,0x00,0x00,0x00,0x00,0x00,0x08,0x00,0x00,0x00,0x00,0x00,0x00,0x00,0x00,0x00,0x00,0x00,0x00,0x00,0x00,0x00,0x00,0x00,0x09,0x0c,0x9c,0xb8,
    0xf0,0xc0,0x80,0x00,0x00,0x00,0x00,0x00,0x00,0x00,0x00,0x00,0x00,0x00,0x00,0x00,0x0a,0x1f,0x3f,0x7f,0xee,0x8a,0x00,0x00,0x00,0x00,0x00,0x00,0x00,0x00,0x00,0x00,
    0x00,0x00,0x00,0x00,0x00,0x00,0x00,0x01,0x02,0x04,0x05,0x09,0x09,0x09,0x11,0x09,0x09,0x09,0x05,0x04,0x02,0x41,0x40,0x42,0x22,0xe7,0xff,0xff,0xff,0xff,0xff,0xff
  },
  { // 12
    0x00,0x00,0x00,0x00,0x00,0x20,0x70,0x20,0x00,0x00,0x00,0x00,0x00,0x80,0x40,0x00,0x00,0x00,0x80,0x80,0x80,0x80,0x80,0x80,0x00,0x00,0x80,0x80,0x80,0x40,0x40,0x00,
    0x00,0x00,0x00,0x00,0x00,0x00,0x00,0x00,0x00,0x00,0x00,0x00,0x00,0x08,0x1c,0x08,0x00,0x00,0x00,0x00,0x00,0x00,0x00,0x00,0x00,0x00,0x00,0x00,0x00,0x00,0x00,0x00,
    0x00,0x00,0x00,0x00,0x00,0x00,0x00,0x00,0x00,0x00,0x00,0x00,0x00,0x00,0x00,0x00,0x00,0x00,0x00,0x00,0x00,0x00,0x00,0x00,0x00,0x00,0x00,0x00,0x00,0x00,0x00,0x00,
    0x00,0xc0,0x40,0x40,0x80,0x00,0x00,0xc0,0xa0,0x90,0x50,0x48,0x48,0x48,0x44,0x48,0xc8,0xc8,0x58,0x98,0xac,0xd4,0x12,0x1f,0xff,0xff,0xff,0xff,0xff,0xff,0xff,0xff,
    0x80,0x80,0x80,0x80,0x80,0x80,0x80,0x80,0x80,0x80,0x80,0x80,0x82,0x85,0x89,0xf7,0xb9,0xe1,0xe0,0xff,0xf1,0xfe,0x7a,0x19,0x69,0x79,0x70,0x60,0xc0,0x00,0x00,0x00,
    0x00,0x00,0x00,0x00,0x00,0x00,0x00,0x00,0x00,0x00,0x00,0x00,0x00,0x00,0x00,0x00,0x00,0x00,0x00,0x00,0x00,0x00,0x00,0x00,0x00,0x00,0x00,0x00,0x00,0x00,0x00,0x00,
    0x00,0x00,0x00,0x00,0x00,0x00,0x00,0x00,0x00,0x00,0x00,0x00,0x00,0x00,0x00,0x00,0x00,0x00,0x00,0x00,0x00,0x00,0x00,0x00,0x00,0x00,0x00,0x00,0x00,0x00,0x38,0x78,
    0x7f,0xf0,0xf2,0xde,0xc1,0xdd,0xd3,0xf1,0x0d,0x0c,0x0e,0x1f,0x1f,0x04,0x84,0x84,0xc5,0x0f,0xef,0x7c,0x69,0x11,0x13,0x7c,0xff,0xff,0xff,0xff,0xff,0xff,0xff,0xff,
    0x00,0x00,0x00,0x00,0x00,0x00,0x00,0x00,0x00,0x00,0x00,0x00,0x20,0xd0,0x48,0x77,0x4e,0x43,0x83,0xff,0xc7,0xbf,0xaf,0xcc,0x4b,0x4f,0x87,0x83,0x81,0x00,0x00,0x00,
    0x00,0x00,0x00,0x00,0x00,0x00,0x00,0x00,0x00,0x00,0x00,0x00,0x00,0x00,0x00,0x00,0x00,0x00,0x00,0x00,0x00,0x00,0x00,0x00,0x00,0x00,0x00,0x00,0x00,0x00,0x00,0x00,
    0x00,0x00,0x00,0x00,0x00,0x00,0x00,0x00,0x00,0x00,0x00,0x00,0x00,0x00,0x00,0x00,0x00,0x00,0xa0,0xe0,0x40,0x00,0x00,0x00,0x00,0x00,0x00,0x00,0x00,0x00,0x00,0x00,
    0x00,0x00,0x00,0x01,0x01,0x1d,0x65,0xc7,0xd8,0x98,0x38,0x7c,0x7c,0x10,0x10,0x10,0xd1,0xf8,0x7b,0x9f,0xcb,0xc4,0x64,0x3f,0xff,0xff,0xff,0xff,0xff,0xff,0xff,0xff,
    0x00,0x00,0x00,0x00,0x00,0x00,0x00,0x00,0x00,0x00,0x00,0x00,0x00,0x00,0x05,0x00,0x00,0x00,0x00,0x00,0x00,0x00,0x00,0x00,0x00,0x00,0x00,0x00,0x00,0x01,0x01,0x00,
    0x00,0x00,0x00,0x00,0x00,0x00,0x00,0x00,0x00,0x00,0x08,0x00,0x00,0x00,0x00,0x00,0x00,0x00,0x00,0x00,0x00,0x00,0x00,0x00,0x00,0x00,0x00,0x00,0x41,0xe0,0xfa,0xfe,
    0xd4,0x80,0x00,0x00,0x00,0x00,0x00,0x00,0x00,0x00,0x00,0x00,0x00,0x00,0x00,0x00,0x14,0x3e,0xff,0xff,0x5d,0x08,0x00,0x00,0x00,0x00,0x00,0x00,0x00,0x00,0x00,0x00,
    0x00,0x00,0x00,0x00,0x00,0x00,0x00,0x01,0x02,0x04,0x05,0x09,0x09,0x09,0x11,0x09,0x09,0x09,0x05,0x04,0x02,0x41,0x40,0x42,0x22,0xe7,0xff,0xff,0xff,0xff,0xff,0xff
  },
  { // 13
    0x00,0x00,0x00,0x00,0x00,0x20,0x70,0x20,0x00,0x00,0x00,0x00,0x00,0x80,0x40,0x00,0x00,0x00,0x80,0x80,0x80,0x80,0x80,0x80,0x00,0x00,0x80,0x80,0x80,0x40,0x40,0x00,
    0x00,0x00,0x00,0x00,0x00,0x00,0x00,0x00,0x00,0x00,0x00,0x00,0x00,0x08,0x1c,0x08,0x00,0x00,0x00,0x00,0x00,0x00,0x00,0x00,0x00,0x00,0x00,0x00,0x00,0x00,0x00,0x00,
    0x00,0x00,0x00,0x00,0x00,0x00,0x00,0x00,0x00,0x00,0x00,0x00,0x00,0x00,0x00,0x00,0x00,0x00,0x00,0x00,0x00,0x00,0x00,0x00,0x00,0x00,0x00,0x00,0x00,0x00,0x00,0x00,
    0x00,0xc0,0x40,0x40,0x80,0x00,0x00,0xc0,0xa0,0x90,0x50,0x48,0x48,0x48,0x44,0x48,0xc8,0xc8,0x58,0x98,0xac,0xd4,0x12,0x1f,0xff,0xff,0xff,0xff,0xff,0xff,0xff,0xff,
    0x80,0x80,0x80,0x80,0x80,0x80,0x80,0x80,0x80,0x80,0x80,0x80,0x82,0x85,0x89,0xf7,0xb9,0xe1,0xe0,0xff,0xf1,0xfe,0x7a,0x19,0x69,0x79,0x70,0x60,0xc0,0x00,0x00,0x00,
    0x00,0x00,0x00,0x00,0x00,0x00,0x00,0x00,0x00,0x00,0x00,0x00,0x00,0x00,0x00,0x00,0x00,0x00,0x00,0x00,0x00,0x00,0x00,0x00,0x00,0x00,0x00,0x00,0x00,0x00,0x00,0x00,
    0x00,0x00,0x00,0x00,0x00,0x00,0x00,0x00,0x00,0x00,0x00,0x00,0x00,0x00,0x00,0x00,0x00,0x00,0x00,0x00,0x00,0x00,0x00,0x00,0x00,0x00,0x00,0x00,0x00,0x00,0x38,0x78,
    0x7f,0xf0,0xf2,0xde,0xc1,0xdd,0xd3,0xf1,0x0d,0x0c,0x0e,0x1f,0x1f,0x04,0x84,0x84,0xc5,0x0f,0xef,0x7c,0x69,0x11,0x13,0x7c,0xff,0xff,0xff,0xff,0xff,0xff,0xff,0xff,
    0x00,0x00,0x00,0x00,0x00,0x00,0x00,0x00,0x00,0x00,0x00,0x00,0x20,0xd0,0x48,0x77,0x4e,0x43,0x83,0xff,0xc7,0xbf,0xaf,0xcc,0x4b,0x4f,0x87,0x83,0x81,0x00,0x00,0x00,
    0x00,0x00,0x00,0x00,0x00,0x00,0x00,0x00,0x00,0x00,0x00,0x00,0x00,0x00,0x00,0x00,0x00,0x00,0x00,0x00,0x00,0x00,0x00,0x00,0x00,0x00,0x00,0x00,0x00,0x00,0x00,0x00,
    0x00,0x00,0x00,0x00,0x00,0x00,0x00,0x00,0x00,0x00,0x00,0x00,0x00,0x00,0x00,0x00,0x00,0x40,0xc0,0x80,0x00,0x00,0x00,0x00,0x00,0x00,0x00,0x00,0x00,0x00,0x00,0x00,
    0x00,0x00,0x00,0x01,0x01,0x1d,0x65,0xc7,0xd8,0x98,0x38,0x7c,0x7c,0x10,0x10,0x10,0xd1,0xf8,0x7b,0x9f,0xcb,0xc4,0x64,0x3f,0xff,0xff,0xff,0xff,0xff,0xff,0xff,0xff,
    0x00,0x00,0x00,0x00,0x00,0x00,0x00,0x00,0x00,0x00,0x00,0x00,0x00,0x00,0x05,0x00,0x00,0x00,0x00,0x00,0x00,0x00,0x00,0x00,0x00,0x00,0x00,0x00,0x00,0x01,0x01,0x00,
    0x00,0x00,0x00,0x00,0x00,0x00,0x00,0x00,0x00,0x00,0x08,0x00,0x00,0x00,0x00,0x00,0x00,0x00,0x00,0x00,0x00,0x00,0x00,0x00,0x00,0x00,0x00,0x00,0xa1,0xf0,0xfd,0xff,
    0xea,0x40,0x00,0x00,0x00,0x00,0x00,0x00,0x00,0x00,0x00,0x00,0x00,0x00,0x00,0x28,0x7c,0xff,0xff,0xba,0x10,0x00,0x00,0x00,0x00,0x00,0x00,0x00,0x00,0x00,0x00,0x00,
    0x00,0x00,0x00,0x00,0x00,0x00,0x00,0x01,0x02,0x04,0x05,0x09,0x09,0x09,0x11,0x09,0x09,0x09,0x05,0x04,0x02,0x41,0x40,0x42,0x22,0xe7,0xff,0xff,0xff,0xff,0xff,0xff
  },
  { // 14
    0x00,0x00,0x00,0x00,0x00,0x20,0x70,0x20,0x00,0x00,0x00,0x00,0x00,0x00,0x80,0x40,0x00,0x00,0x00,0x80,0x80,0x80,0x80,0x80,0x80,0x00,0x00,0x80,0x80,0x80,0x40,0x40,
    0x00,0x00,0x00,0x00,0x00,0x00,0x00,0x00,0x00,0x00,0x00,0x00,0x00,0x08,0x1c,0x08,0x00,0x00,0x00,0x00,0x00,0x00,0x00,0x00,0x00,0x00,0x00,0x00,0x00,0x00,0x00,0x00,
    0x00,0x00,0x00,0x00,0x00,0x00,0x00,0x00,0x00,0x00,0x00,0x00,0x00,0x00,0x00,0x00,0x00,0x00,0x00,0x00,0x00,0x00,0x00,0x00,0x00,0x00,0x00,0x00,0x00,0x00,0x00,0x00,
    0x00,0xc0,0x40,0x40,0x80,0x00,0x00,0xc0,0xa0,0x90,0x50,0x48,0x48,0x48,0x44,0x48,0xc8,0xc8,0x58,0x98,0xac,0xd4,0x12,0x1f,0xff,0xff,0xff,0xff,0xff,0xff,0xff,0xff,
    0x80,0x80,0x80,0x80,0x80,0x80,0x80,0x80,0x80,0x80,0x80,0x80,0x80,0x82,0x85,0x89,0xf7,0xb9,0xe1,0xe0,0xff,0xf1,0xfe,0x7a,0x19,0x69,0x79,0x70,0x60,0xc0,0x00,0x00,
    0x00,0x00,0x00,0x00,0x00,0x00,0x00,0x00,0x00,0x00,0x00,0x00,0x00,0x00,0x00,0x00,0x00,0x00,0x00,0x00,0x00,0x00,0x00,0x00,0x00,0x00,0x00,0x00,0x00,0x00,0x00,0x00,
    0x00,0x00,0x00,0x00,0x00,0x00,0x00,0x00,0x00,0x00,0x00,0x00,0x00,0x00,0x00,0x00,0x00,0x00,0x00,0x00,0x00,0x00,0x00,0x00,0x00,0x00,0x00,0x00,0x00,0x00,0x38,0x78,
    0x7f,0xf0,0xf2,0xde,0xc1,0xdd,0xd3,0xf1,0x0d,0x0c,0x0e,0x1f,0x1f,0x04,0x84,0x84,0xc5,0x0f,0xef,0x7c,0x69,0x11,0x13,0x7c,0xff,0xff,0xff,0xff,0xff,0xff,0xff,0xff,
    0x00,0x00,0x00,0x00,0x00,0x00,0x00,0x00,0x00,0x00,0x00,0x00,0x00,0x20,0xd0,0x48,0x77,0x4e,0x43,0x83,0xff,0xc7,0xbf,0xaf,0xcc,0x4b,0x4f,0x87,0x83,0x81,0x00,0x00,
    0x00,0x00,0x00,0x00,0x00,0x00,0x00,0x00,0x00,0x00,0x00,0x00,0x00,0x00,0x00,0x00,0x00,0x00,0x00,0x00,0x00,0x00,0x00,0x00,0x00,0x00,0x00,0x00,0x00,0x00,0x00,0x00,
    0x00,0x00,0x00,0x00,0x00,0x00,0x00,0x00,0x00,0x00,0x00,0x00,0x00,0x00,0x00,0x80,0xc0,0xc0,0x80,0x00,0x00,0x00,0x00,0x00,0x00,0x00,0x00,0x00,0x00,0x00,0x00,0x00,
    0x00,0x00,0x00,0x01,0x01,0x1d,0x65,0xc7,0xd8,0x98,0x38,0x7c,0x7c,0x10,0x10,0x10,0xd1,0xf8,0x7b,0x9f,0xcb,0xc4,0x64,0x3f,0xff,0xff,0xff,0xff,0xff,0xff,0xff,0xff,
    0x00,0x00,0x00,0x00,0x00,0x00,0x00,0x00,0x00,0x00,0x00,0x00,0x00,0x04,0x0e,0x05,0x00,0x00,0x00,0x00,0x00,0x00,0x00,0x00,0x00,0x00,0x00,0x00,0x00,0x00,0x01,0x01,
    0x00,0x00,0x00,0x00,0x00,0x00,0x00,0x00,0x00,0x00,0x08,0x00,0x00,0x00,0x00,0x00,0x00,0x00,0x00,0x00,0x00,0x00,0x00,0x00,0x00,0x00,0x00,0x00,0xa1,0xf0,0xf8,0xfc,
    0xee,0xa3,0x01,0x00,0x00,0x00,0x00,0x00,0x00,0x00,0x00,0x00,0x00,0x00,0x00,0x00,0x00,0x29,0xbb,0xff,0x7c,0x28,0x00,0x00,0x00,0x00,0x00,0x00,0x00,0x00,0x00,0x00,
    0x00,0x00,0x00,0x00,0x00,0x00,0x00,0x01,0x02,0x04,0x05,0x09,0x09,0x09,0x11,0x09,0x09,0x09,0x05,0x04,0x02,0x41,0x40,0x42,0x22,0xe7,0xff,0xff,0xff,0xff,0xff,0xff
  },
  { // 15
    0x00,0x00,0x00,0x00,0x00,0x20,0x70,0x20,0x00,0x00,0x00,0x00,0x00,0x00,0x80,0x40,0x00,0x00,0x00,0x80,0x80,0x80,0x80,0x80,0x80,0x00,0x00,0x80,0x80,0x80,0x40,0x40,
    0x00,0x00,0x00,0x00,0x00,0x00,0x00,0x00,0x00,0x00,0x00,0x00,0x00,0x08,0x1c,0x08,0x00,0x00,0x00,0x00,0x00,0x00,0x00,0x00,0x00,0x00,0x00,0x00,0x00,0x00,0x00,0x00,
    0x00,0x00,0x00,0x00,0x00,0x00,0x00,0x00,0x00,0x00,0x00,0x00,0x00,0x00,0x00,0x00,0x00,0x00,0x00,0x00,0x00,0x00,0x00,0x00,0x00,0x00,0x00,0x00,0x00,0x00,0x00,0x00,
    0x00,0xc0,0x40,0x40,0x80,0x00,0x00,0xc0,0xa0,0x90,0x50,0x48,0x48,0x48,0x44,0x48,0xc8,0xc8,0x58,0x98,0xac,0xd4,0x12,0x1f,0xff,0xff,0xff,0xff,0xff,0xff,0xff,0xff,
    0x80,0x80,0x80,0x80,0x80,0x80,0x80,0x80,0x80,0x80,0x80,0x80,0x80,0x82,0x85,0x89,0xf7,0xb9,0xe1,0xe0,0xff,0xf1,0xfe,0x7a,0x19,0x69,0x79,0x70,0x60,0xc0,0x00,0x00,
    0x00,0x00,0x00,0x00,0x00,0x00,0x00,0x00,0x00,0x00,0x00,0x00,0x00,0x00,0x00,0x00,0x00,0x00,0x00,0x00,0x00,0x00,0x00,0x00,0x00,0x00,0x00,0x00,0x00,0x00,0x00,0x00,
    0x00,0x00,0x00,0x00,0x00,0x00,0x00,0x00,0x00,0x00,0x00,0x00,0x00,0x00,0x00,0x00,0x00,0x00,0x00,0x00,0x00,0x00,0x00,0x00,0x00,0x00,0x00,0x00,0x00,0x00,0x38,0x78,
    0x7f,0xf0,0xf2,0xde,0xc1,0xdd,0xd3,0xf1,0x0d,0x0c,0x0e,0x1f,0x1f,0x04,0x84,0x84,0xc5,0x0f,0xef,0x7c,0x69,0x11,0x13,0x7c,0xff,0xff,0xff,0xff,0xff,0xff,0xff,0xff,
    0x00,0x00,0x00,0x00,0x00,0x00,0x00,0x00,0x00,0x00,0x00,0x00,0x00,0x20,0xd0,0x48,0x77,0x4e,0x43,0x83,0xff,0xc7,0xbf,0xaf,0xcc,0x4b,0x4f,0x87,0x83,0x81,0x00,0x00,
    0x00,0x00,0x00,0x00,0x00,0x00,0x00,0x00,0x00,0x00,0x00,0x00,0x00,0x00,0x00,0x00,0x00,0x00,0x00,0x00,0x00,0x00,0x00,0x00,0x00,0x00,0x00,0x00,0x00,0x00,0x00,0x00,
    0x80,0x80,0x00,0x00,0x00,0x00,0x00,0x00,0x00,0x00,0x00,0x00,0x00,0x00,0x00,0x00,0x80,0x80,0x00,0x00,0x00,0x00,0x00,0x00,0x00,0x00,0x00,0x00,0x00,0x00,0x00,0x00,
    0x00,0x00,0x00,0x01,0x01,0x1d,0x65,0xc7,0xd8,0x98,0x38,0x7c,0x7c,0x10,0x10,0x10,0xd1,0xf8,0x7b,0x9f,0xcb,0xc4,0x64,0x3f,0xff,0xff,0xff,0xff,0xff,0xff,0xff,0xff,
    0x00,0x00,0x00,0x00,0x00,0x00,0x00,0x00,0x00,0x00,0x00,0x00,0x00,0x04,0x0e,0x05,0x00,0x00,0x00,0x00,0x00,0x00,0x00,0x00,0x00,0x00,0x00,0x00,0x00,0x00,0x01,0x01,
    0x00,0x00,0x00,0x00,0x00,0x00,0x00,0x00,0x00,0x08,0x1c,0x08,0x00,0x00,0x00,0x00,0x00,0x00,0x00,0x00,0x00,0x00,0x00,0x00,0x00,0x00,0x00,0x50,0xf8,0xfc,0xfe,0x77,
    0x51,0x00,0x00,0x00,0x00,0x00,0x00,0x00,0x00,0x00,0x00,0x00,0x00,0x00,0x00,0x01,0x01,0x53,0x77,0xfe,0xf8,0x50,0x10,0x00,0x00,0x00,0x00,0x00,0x00,0x00,0x00,0x00,
    0x00,0x00,0x00,0x00,0x00,0x00,0x00,0x01,0x02,0x04,0x05,0x09,0x09,0x09,0x11,0x09,0x09,0x09,0x05,0x04,0x02,0x41,0x40,0x42,0x22,0xe7,0xff,0xff,0xff,0xff,0xff,0xff
  },
  { // 16
    0x00,0x00,0x00,0x00,0x00,0x20,0x70,0x20,0x00,0x00,0x00,0x00,0x00,0x00,0x00,0x80,0x40,0x00,0x00,0x00,0x80,0x80,0x80,0x80,0x80,0x80,0x00,0x00,0x80,0x80,0x80,0x40,
    0x40,0x00,0x00,0x00,0x00,0x00,0x00,0x00,0x00,0x00,0x00,0x00,0x00,0x00,0x08,0x00,0x00,0x00,0x00,0x00,0x00,0x00,0x00,0x00,0x00,0x00,0x00,0x00,0x00,0x00,0x00,0x00,
    0x00,0x00,0x00,0x00,0x00,0x00,0x00,0x00,0x00,0x00,0x00,0x00,0x00,0x00,0x00,0x00,0x00,0x00,0x00,0x00,0x00,0x00,0x00,0x00,0x00,0x00,0x00,0x00,0x00,0x00,0x00,0x00,
    0x00,0xc0,0x40,0x40,0x80,0x00,0x00,0xc0,0xa0,0x90,0x50,0x48,0x48,0x48,0x44,0x48,0xc8,0xc8,0x58,0x98,0xac,0xd4,0x12,0x1f,0xff,0xff,0xff,0xff,0xff,0xff,0xff,0xff,
    0x80,0x80,0x80,0x80,0x80,0x80,0x80,0x80,0x80,0x80,0x80,0x80,0x80,0x80,0x82,0x85,0x89,0xf7,0xb9,0xe1,0xe0,0xff,0xf1,0xfe,0x7a,0x19,0x69,0x79,0x70,0x60,0xc0,0x00,
    0x00,0x00,0x00,0x00,0x00,0x00,0x00,0x00,0x00,0x00,0x00,0x00,0x00,0x00,0x00,0x00,0x00,0x00,0x00,0x00,0x00,0x00,0x00,0x00,0x00,0x00,0x00,0x00,0x00,0x00,0x00,0x00,
    0x00,0x00,0x00,0x00,0x00,0x00,0x00,0x00,0x00,0x00,0x00,0x00,0x00,0x00,0x00,0x00,0x00,0x00,0x00,0x00,0x00,0x00,0x00,0x00,0x00,0x00,0x00,0x00,0x00,0x00,0x38,0x78,
    0x7f,0xf0,0xf2,0xde,0xc1,0xdd,0xd3,0xf1,0x0d,0x0c,0x0e,0x1f,0x1f,0x04,0x84,0x84,0xc5,0x0f,0xef,0x7c,0x69,0x11,0x13,0x7c,0xff,0xff,0xff,0xff,0xff,0xff,0xff,0xff,
    0x00,0x00,0x00,0x00,0x00,0x00,0x00,0x00,0x00,0x00,0x00,0x00,0x00,0x00,0x20,0xd0,0x48,0x77,0x4e,0x43,0x83,0xff,0xc7,0xbf,0xaf,0xcc,0x4b,0x4f,0x87,0x83,0x81,0x00,
    0x00,0x00,0x00,0x00,0x00,0x00,0x00,0x00,0x00,0x00,0x00,0x00,0x00,0x00,0x00,0x00,0x00,0x00,0x00,0x00,0x00,0x00,0x00,0x00,0x00,0x00,0x00,0x00,0x00,0x40,0xc0,0x80,
    0x00,0x00,0x00,0x00,0x00,0x00,0x00,0x00,0x00,0x00,0x00,0x00,0x00,0x00,0x00,0x00,0x00,0x00,0x00,0x00,0x00,0x00,0x00,0x00,0x00,0x00,0x00,0x00,0x00,0x00,0x00,0x00,
    0x00,0x00,0x00,0x01,0x01,0x1d,0x65,0xc7,0xd8,0x98,0x38,0x7c,0x7c,0x10,0x10,0x10,0xd1,0xf8,0x7b,0x9f,0xcb,0xc4,0x64,0x3f,0xff,0xff,0xff,0xff,0xff,0xff,0xff,0xff,
    0x00,0x00,0x00,0x00,0x00,0x00,0x00,0x00,0x00,0x00,0x00,0x00,0x00,0x04,0x0e,0x04,0x01,0x00,0x00,0x00,0x00,0x00,0x00,0x00,0x00,0x00,0x00,0x00,0x00,0x00,0x00,0x01,
    0x01,0x00,0x00,0x00,0x00,0x00,0x00,0x00,0x00,0x08,0x1c,0x08,0x00,0x00,0x00,0x00,0x00,0x00,0x00,0x00,0x00,0x00,0x00,0x00,0x00,0x00,0x00,0x28,0x7c,0xff,0xff,0xba,
    0x10,0x00,0x00,0x00,0x00,0x00,0x00,0x00,0x00,0x00,0x00,0x00,0x00,0x00,0xa0,0xf0,0xfd,0xff,0xea,0x40,0x00,0x00,0x10,0x00,0x00,0x00,0x00,0x00,0x00,0x00,0x00,0x00,
    0x00,0x00,0x00,0x00,0x00,0x00,0x00,0x01,0x02,0x04,0x05,0x09,0x09,0x09,0x11,0x09,0x09,0x09,0x05,0x04,0x02,0x41,0x40,0x42,0x22,0xe7,0xff,0xff,0xff,0xff,0xff,0xff
  },
  { // 17
    0x00,0x00,0x00,0x00,0x00,0x20,0x70,0x20,0x00,0x00,0x00,0x00,0x00,0x00,0x00,0x80,0x80,0x40,0x00,0x00,0x80,0x80,0x80,0x80,0x80,0x80,0x80,0x00,0x80,0x80,0x40,0x40,
    0x00,0x00,0x00,0x00,0x00,0x00,0x00,0x00,0x00,0x00,0x00,0x00,0x00,0x00,0x08,0x00,0x00,0x00,0x00,0x00,0x00,0x00,0x00,0x00,0x00,0x00,0x00,0x00,0x00,0x00,0x00,0x00,
    0x00,0x00,0x00,0x00,0x00,0x00,0x00,0x00,0x00,0x00,0x00,0x00,0x00,0x00,0x00,0x00,0x00,0x00,0x00,0x00,0x00,0x00,0x00,0x00,0x00,0x00,0x00,0x00,0x00,0x00,0x00,0x00,
    0x00,0xc0,0x40,0x40,0x80,0x00,0x00,0xc0,0xa0,0x90,0x50,0x48,0x48,0x48,0x44,0x48,0xc8,0xc8,0x58,0x98,0xac,0xd4,0x12,0x1f,0xff,0xff,0xff,0xff,0xff,0xff,0xff,0xff,
    0x80,0x80,0x80,0x80,0x80,0x80,0x80,0x80,0x80,0x80,0x80,0x80,0x80,0x82,0x85,0x88,0x88,0xf3,0xad,0xf1,0xe7,0xf9,0xf1,0xf8,0x7e,0x1a,0x69,0x79,0x70,0x60,0xc0,0x00,
    0x00,0x00,0x00,0x00,0x00,0x00,0x00,0x00,0x00,0x00,0x00,0x00,0x00,0x00,0x00,0x00,0x00,0x00,0x00,0x00,0x00,0x00,0x00,0x00,0x00,0x00,0x00,0x00,0x00,0x00,0x00,0x00,
    0x00,0x00,0x00,0x00,0x00,0x00,0x00,0x00,0x00,0x00,0x00,0x00,0x00,0x00,0x00,0x00,0x00,0x00,0x00,0x00,0x00,0x00,0x00,0x00,0x00,0x00,0x00,0x00,0x00,0x00,0x38,0x78,
    0x7f,0xf0,0xf2,0xde,0xc1,0xdd,0xd3,0xf1,0x0d,0x0c,0x0e,0x1f,0x1f,0x04,0x84,0x84,0xc5,0x0f,0xef,0x7c,0x69,0x11,0x13,0x7c,0xff,0xff,0xff,0xff,0xff,0xff,0xff,0xff,
    0x00,0x00,0x00,0x00,0x00,0x00,0x00,0x00,0x00,0x00,0x00,0x00,0x00,0x20,0x50,0x88,0x88,0x67,0x5a,0x47,0xf3,0xcf,0xc7,0x8f,0xbf,0xac,0xcb,0x4f,0x87,0x83,0x01,0x00,
    0x00,0x00,0x00,0x00,0x00,0x00,0x00,0x00,0x00,0x00,0x00,0x00,0x00,0x00,0x00,0x00,0x00,0x00,0x00,0x00,0x00,0x00,0x00,0x00,0x00,0x00,0x00,0x00,0x00,0x40,0xc0,0x80,
    0x00,0x00,0x00,0x00,0x00,0x00,0x00,0x00,0x00,0x00,0x00,0x00,0x00,0x00,0x00,0x00,0x00,0x00,0x00,0x00,0x00,0x00,0x00,0x00,0x00,0x00,0x00,0x00,0x00,0x00,0x00,0x00,
    0x00,0x00,0x00,0x01,0x01,0x1d,0x65,0xc7,0xd8,0x98,0x38,0x7c,0x7c,0x10,0x10,0x10,0xd1,0xf8,0x7b,0x9f,0xcb,0xc4,0x64,0x3f,0xff,0xff,0xff,0xff,0xff,0xff,0xff,0xff,
    0x00,0x00,0x00,0x00,0x00,0x00,0x00,0x00,0x00,0x00,0x00,0x00,0x00,0x04,0x0e,0x04,0x00,0x01,0x00,0x00,0x00,0x00,0x00,0x00,0x00,0x00,0x00,0x00,0x00,0x00,0x01,0x01,
    0x00,0x00,0x00,0x00,0x00,0x00,0x00,0x00,0x00,0x08,0x1c,0x08,0x00,0x00,0x00,0x00,0x00,0x00,0x00,0x00,0x00,0x00,0x00,0x00,0x00,0x00,0x00,0x28,0x7c,0xff,0xff,0xba,
    0x10,0x00,0x00,0x00,0x00,0x00,0x00,0x00,0x00,0x00,0x00,0x00,0x00,0x00,0xa0,0xf0,0xfd,0xff,0xea,0x40,0x00,0x00,0x10,0x00,0x00,0x00,0x00,0x00,0x00,0x00,0x00,0x00,
    0x00,0x00,0x00,0x00,0x00,0x00,0x00,0x01,0x02,0x04,0x05,0x09,0x09,0x09,0x11,0x09,0x09,0x09,0x05,0x04,0x02,0x41,0x40,0x42,0x22,0xe7,0xff,0xff,0xff,0xff,0xff,0xff
  },
  { // 18
    0x00,0x00,0x00,0x00,0x00,0x20,0x70,0x20,0x00,0x00,0x00,0x00,0x00,0x00,0x00,0x00,0x80,0x80,0x40,0x00,0x00,0x80,0x80,0x80,0x80,0x80,0x80,0x80,0x00,0x80,0x80,0x40,
    0x40,0x00,0x00,0x00,0x00,0x00,0x00,0x00,0x00,0x00,0x00,0x00,0x00,0x00,0x08,0x00,0x00,0x00,0x00,0x00,0x00,0x00,0x00,0x00,0x00,0x00,0x00,0x00,0x00,0x00,0x00,0x00,
    0x00,0x00,0x00,0x00,0x00,0x00,0x00,0x00,0x00,0x00,0x00,0x00,0x00,0x00,0x00,0x00,0x00,0x00,0x00,0x00,0x00,0x00,0x00,0x00,0x00,0x00,0x00,0x00,0x00,0x00,0x00,0x00,
    0x00,0xc0,0x40,0x40,0x80,0x00,0x00,0xc0,0xa0,0x90,0x50,0x48,0x48,0x48,0x44,0x48,0xc8,0xc8,0x58,0x98,0xac,0xd4,0x12,0x1f,0xff,0xff,0xff,0xff,0xff,0xff,0xff,0xff,
    0x80,0x80,0x80,0x80,0x80,0x80,0x80,0x80,0x80,0x80,0x80,0x80,0x80,0x80,0x82,0x85,0x88,0x88,0xf3,0xad,0xf1,0xe7,0xf9,0xf1,0xf8,0x7e,0x1a,0x69,0x79,0x70,0x60,0xc0,
    0x00,0x00,0x00,0x00,0x00,0x00,0x00,0x00,0x00,0x00,0x00,0x00,0x00,0x00,0x00,0x00,0x00,0x00,0x00,0x00,0x00,0x00,0x00,0x00,0x00,0x00,0x00,0x00,0x00,0x00,0x00,0x00,
    0x00,0x00,0x00,0x00,0x00,0x00,0x00,0x00,0x00,0x00,0x00,0x00,0x00,0x00,0x00,0x00,0x00,0x00,0x00,0x00,0x00,0x00,0x00,0x00,0x00,0x00,0x00,0x00,0x00,0x00,0x38,0x78,
    0x7f,0xf0,0xf2,0xde,0xc1,0xdd,0xd3,0xf1,0x0d,0x0c,0x0e,0x1f,0x1f,0x04,0x84,0x84,0xc5,0x0f,0xef,0x7c,0x69,0x11,0x13,0x7c,0xff,0xff,0xff,0xff,0xff,0xff,0xff,0xff,
    0x00,0x00,0x00,0x00,0x00,0x00,0x00,0x00,0x00,0x00,0x00,0x00,0x00,0x00,0x20,0x50,0x88,0x88,0x67,0x5a,0x47,0xf3,0xcf,0xc7,0x8f,0xbf,0xac,0xcb,0x4f,0x87,0x83,0x01,
    0x00,0x00,0x00,0x00,0x00,0x00,0x00,0x00,0x00,0x00,0x00,0x00,0x00,0x00,0x00,0x00,0x00,0x00,0x00,0x00,0x00,0x00,0x00,0x00,0x00,0x00,0x40,0x60,0xe0,0xc0,0x80,0x00,
    0x00,0x00,0x00,0x00,0x00,0x00,0x00,0x00,0x00,0x00,0x00,0x00,0x00,0x00,0x00,0x00,0x00,0x00,0x00,0x00,0x00,0x00,0x00,0x00,0x00,0x00,0x00,0x00,0x00,0x00,0x00,0x00,
    0x00,0x00,0x00,0x01,0x01,0x1d,0x65,0xc7,0xd8,0x98,0x38,0x7c,0x7c,0x10,0x10,0x10,0xd1,0xf8,0x7b,0x9f,0xcb,0xc4,0x64,0x3f,0xff,0xff,0xff,0xff,0xff,0xff,0xff,0xff,
    0x00,0x00,0x00,0x00,0x00,0x00,0x00,0x00,0x00,0x00,0x00,0x00,0x00,0x04,0x0e,0x04,0x00,0x00,0x01,0x00,0x00,0x00,0x00,0x00,0x00,0x00,0x00,0x00,0x00,0x00,0x00,0x01,
    0x01,0x00,0x00,0x00,0x00,0x00,0x00,0x00,0x00,0x08,0x1c,0x08,0x00,0x00,0x00,0x00,0x00,0x00,0x00,0x00,0x00,0x00,0x00,0x00,0x00,0x00,0x00,0x00,0x94,0xdd,0xff,0x3e,
    0x14,0x00,0x00,0x00,0x00,0x00,0x00,0x00,0x00,0x00,0x00,0x00,0x00,0x40,0xe0,0xf0,0xf8,0xdc,0x46,0x02,0x00,0x00,0x10,0x00,0x00,0x00,0x00,0x00,0x00,0x00,0x00,0x00,
    0x00,0x00,0x00,0x00,0x00,0x00,0x00,0x01,0x02,0x04,0x05,0x09,0x09,0x09,0x11,0x09,0x09,0x09,0x05,0x04,0x02,0x41,0x40,0x42,0x22,0xe7,0xff,0xff,0xff,0xff,0xff,0xff
  },
  { // 19
    0x00,0x00,0x00,0x00,0x00,0x20,0x70,0x20,0x00,0x00,0x00,0x00,0x00,0x00,0x00,0x00,0x80,0x80,0x40,0x00,0x00,0x80,0x80,0x80,0x80,0x80,0x80,0x80,0x00,0x80,0x80,0x40,
    0x40,0x00,0x00,0x00,0x00,0x00,0x00,0x00,0x00,0x00,0x00,0x00,0x00,0x00,0x08,0x00,0x00,0x00,0x00,0x00,0x00,0x00,0x00,0x00,0x00,0x00,0x00,0x00,0x00,0x00,0x00,0x00,
    0x00,0x00,0x00,0x00,0x00,0x00,0x00,0x00,0x00,0x00,0x00,0x00,0x00,0x00,0x00,0x00,0x00,0x00,0x00,0x00,0x00,0x00,0x00,0x00,0x00,0x00,0x00,0x00,0x00,0x00,0x00,0x00,
    0x00,0xc0,0x40,0x40,0x80,0x00,0x00,0xc0,0xa0,0x90,0x50,0x48,0x48,0x48,0x44,0x48,0xc8,0xc8,0x58,0x98,0xac,0xd4,0x12,0x1f,0xff,0xff,0xff,0xff,0xff,0xff,0xff,0xff,
    0x80,0x80,0x80,0x80,0x80,0x80,0x80,0x80,0x80,0x80,0x80,0x80,0x80,0x80,0x82,0x85,0x88,0x88,0xf3,0xad,0xf1,0xe7,0xf9,0xf1,0xf8,0x7e,0x1a,0x69,0x79,0x70,0x60,0xc0,
    0x00,0x00,0x00,0x00,0x00,0x00,0x00,0x00,0x00,0x00,0x00,0x00,0x00,0x00,0x00,0x00,0x00,0x00,0x00,0x00,0x00,0x00,0x00,0x00,0x00,0x00,0x00,0x00,0x00,0x00,0x00,0x00,
    0x00,0x00,0x00,0x00,0x00,0x00,0x00,0x00,0x00,0x00,0x00,0x00,0x00,0x00,0x00,0x00,0x00,0x00,0x00,0x00,0x00,0x00,0x00,0x00,0x00,0x00,0x00,0x00,0x00,0x00,0x38,0x78,
    0x7f,0xf0,0xf2,0xde,0xc1,0xdd,0xd3,0xf1,0x0d,0x0c,0x0a,0x11,0x1f,0x04,0x84,0x84,0xc5,0x0e,0xef,0x5c,0x69,0x11,0x13,0x7c,0xff,0xff,0xff,0xff,0xff,0xff,0xff,0xff,
    0x00,0x00,0x00,0x00,0x00,0x00,0x00,0x00,0x00,0x00,0x00,0x00,0x00,0x00,0x20,0x50,0x88,0x88,0x67,0x5a,0x47,0xf3,0xcf,0xc7,0x8f,0xbf,0xac,0xcb,0x4f,0x87,0x83,0x01,
    0x00,0x00,0x00,0x00,0x00,0x00,0x00,0x00,0x00,0x00,0x00,0x00,0x00,0x00,0x00,0x00,0x00,0x00,0x00,0x00,0x00,0x00,0x00,0x00,0x00,0x00,0x20,0x30,0x70,0xe0,0xc0,0x00,
    0x00,0x00,0x00,0x00,0x00,0x00,0x00,0x00,0x00,0x00,0x00,0x00,0x00,0x00,0x00,0x00,0x00,0x00,0x00,0x00,0x00,0x00,0x00,0x00,0x00,0x00,0x00,0x00,0x00,0x00,0x00,0x00,
    0x00,0x00,0x00,0x01,0x01,0x1d,0x65,0xc7,0xd8,0x98,0x28,0x44,0x7c,0x10,0x10,0x10,0xd1,0xb8,0x7b,0x9d,0xcb,0xc4,0x64,0x3f,0xff,0xff,0xff,0xff,0xff,0xff,0xff,0xff,
    0x00,0x00,0x00,0x00,0x00,0x00,0x00,0x00,0x00,0x00,0x00,0x00,0x00,0x04,0x0e,0x04,0x00,0x00,0x01,0x00,0x00,0x00,0x00,0x00,0x00,0x00,0x00,0x00,0x00,0x00,0x00,0x01,
    0x01,0x00,0x00,0x00,0x00,0x00,0x00,0x00,0x00,0x08,0x1c,0x08,0x00,0x00,0x00,0x00,0x00,0x00,0x00,0x00,0x00,0x00,0x00,0x00,0x00,0x00,0x80,0x80,0xca,0xee,0x7f,0x1f,
    0x0a,0x00,0x00,0x00,0x00,0x00,0x00,0x00,0x00,0x00,0x00,0x00,0x80,0xc0,0xe0,0xf0,0xb8,0x8c,0x04,0x00,0x00,0x00,0x10,0x00,0x00,0x00,0x00,0x00,0x00,0x00,0x00,0x00,
    0x00,0x00,0x00,0x00,0x00,0x00,0x00,0x01,0x02,0x04,0x05,0x09,0x09,0x09,0x11,0x09,0x09,0x09,0x05,0x04,0x02,0x41,0x40,0x42,0x22,0xe7,0xff,0xff,0xff,0xff,0xff,0xff
  },
  { // 20
    0x00,0x00,0x00,0x00,0x00,0x20,0x70,0x20,0x00,0x00,0x00,0x00,0x00,0x00,0x00,0x00,0x00,0x80,0x80,0x40,0x40,0x00,0x80,0x80,0x00,0x80,0x80,0x80,0x80,0x80,0x80,0x80,
    0x40,0x00,0x00,0x00,0x00,0x00,0x00,0x00,0x00,0x00,0x00,0x00,0x00,0x00,0x08,0x00,0x00,0x00,0x00,0x00,0x00,0x00,0x00,0x00,0x00,0x00,0x00,0x00,0x00,0x00,0x00,0x00,
    0x00,0x00,0x00,0x00,0x00,0x00,0x00,0x00,0x00,0x00,0x00,0x00,0x00,0x00,0x00,0x00,0x00,0x00,0x00,0x00,0x00,0x00,0x00,0x00,0x00,0x00,0x00,0x00,0x00,0x00,0x00,0x00,
    0x00,0xc0,0x40,0x40,0x80,0x00,0x00,0xc0,0xa0,0x90,0x50,0x48,0x48,0x48,0x44,0x48,0xc8,0xc8,0x58,0x98,0xac,0xd4,0x12,0x1f,0xff,0xff,0xff,0xff,0xff,0xff,0xff,0xff,
    0x80,0x80,0x80,0x80,0x80,0x80,0x80,0x80,0x80,0x80,0x80,0x80,0x80,0x80,0x82,0x85,0x85,0x88,0x90,0xf0,0xa7,0xfb,0xed,0xf1,0xf1,0xf8,0x7c,0x1a,0x69,0x79,0x70,0x60,
    0xc0,0x00,0x00,0x00,0x00,0x00,0x00,0x00,0x00,0x00,0x00,0x00,0x00,0x00,0x00,0x00,0x00,0x00,0x00,0x00,0x00,0x00,0x00,0x00,0x00,0x00,0x00,0x00,0x00,0x00,0x00,0x00,
    0x00,0x00,0x00,0x00,0x00,0x00,0x00,0x00,0x00,0x00,0x00,0x00,0x00,0x00,0x00,0x00,0x00,0x00,0x00,0x00,0x00,0x00,0x00,0x00,0x00,0x00,0x00,0x00,0x00,0x00,0x38,0x78,
    0x7f,0xf0,0xf2,0xde,0xc1,0xdd,0xd3,0xf1,0x0d,0x0c,0x0a,0x11,0x1f,0x04,0x84,0x84,0xc5,0x0e,0xef,0x5c,0x69,0x11,0x13,0x7c,0xff,0xff,0xff,0xff,0xff,0xff,0xff,0xff,
    0x00,0x00,0x00,0x00,0x00,0x00,0x00,0x00,0x00,0x00,0x00,0x00,0x00,0x00,0x20,0x50,0x50,0x88,0x84,0x07,0x72,0x6f,0xdb,0xc7,0x47,0x8f,0x9f,0xac,0xcb,0xcf,0x87,0x83,
    0x01,0x00,0x00,0x00,0x00,0x00,0x00,0x00,0x00,0x00,0x00,0x00,0x00,0x00,0x00,0x00,0x00,0x00,0x00,0x00,0x00,0x00,0x00,0x00,0x00,0x20,0x30,0x70,0xe0,0xc0,0x00,0x00,
    0x00,0x00,0x00,0x00,0x00,0x00,0x00,0x00,0x00,0x00,0x00,0x00,0x00,0x00,0x00,0x00,0x00,0x00,0x00,0x00,0x00,0x00,0x00,0x00,0x00,0x00,0x00,0x00,0x00,0x00,0x00,0x00,
    0x00,0x00,0x00,0x01,0x01,0x1d,0x65,0xc7,0xd8,0x98,0x28,0x44,0x7c,0x10,0x10,0x10,0xd1,0xb8,0x7b,0x9d,0xcb,0xc4,0x64,0x3f,0xff,0xff,0xff,0xff,0xff,0xff,0xff,0xff,
    0x00,0x00,0x00,0x00,0x00,0x00,0x00,0x00,0x00,0x00,0x00,0x00,0x00,0x04,0x0e,0x04,0x00,0x00,0x00,0x01,0x01,0x00,0x00,0x00,0x00,0x00,0x00,0x00,0x00,0x00,0x00,0x00,
    0x01,0x00,0x00,0x00,0x00,0x00,0x00,0x00,0x00,0x08,0x1c,0x08,0x00,0x00,0x00,0x00,0x00,0x00,0x00,0x00,0x00,0x00,0x00,0x00,0x00,0x80,0x80,0xca,0xee,0x7f,0x1f,0x0a,
    0x00,0x00,0x00,0x00,0x00,0x00,0x00,0x00,0x00,0x00,0x00,0x00,0x80,0xc0,0xe0,0xf0,0xb8,0x8c,0x04,0x00,0x00,0x00,0x10,0x00,0x00,0x00,0x00,0x00,0x00,0x00,0x00,0x00,
    0x00,0x00,0x00,0x00,0x00,0x00,0x00,0x01,0x02,0x04,0x05,0x09,0x09,0x09,0x11,0x09,0x09,0x09,0x05,0x04,0x02,0x41,0x40,0x42,0x22,0xe7,0xff,0xff,0xff,0xff,0xff,0xff
  },
  { // 21
    0x00,0x00,0x00,0x00,0x00,0x20,0x70,0x20,0x00,0x00,0x00,0x00,0x00,0x00,0x00,0x00,0x00,0x00,0x80,0x80,0x40,0x40,0x00,0x80,0x80,0x00,0x80,0x80,0x80,0x80,0x80,0x80,
    0x80,0x40,0x00,0x00,0x00,0x00,0x00,0x00,0x00,0x00,0x00,0x00,0x00,0x00,0x08,0x00,0x00,0x00,0x00,0x00,0x00,0x00,0x00,0x00,0x00,0x00,0x00,0x00,0x00,0x00,0x00,0x00,
    0x00,0x00,0x00,0x00,0x00,0x00,0x00,0x00,0x00,0x00,0x00,0x00,0x00,0x00,0x00,0x00,0x00,0x00,0x00,0x00,0x00,0x00,0x00,0x00,0x00,0x00,0x00,0x00,0x00,0x00,0x00,0x00,
    0x00,0xc0,0x40,0x40,0x80,0x00,0x00,0xc0,0xa0,0x90,0x50,0x48,0x48,0x48,0x44,0x48,0x48,0x48,0x58,0x98,0xac,0xd4,0x12,0x1f,0xff,0xff,0xff,0xff,0xff,0xff,0xff,0xff,
    0x80,0x80,0x80,0x80,0x80,0x80,0x80,0x80,0x80,0x80,0x80,0x80,0x80,0x80,0x80,0x82,0x85,0x85,0x88,0x90,0xf0,0xa7,0xfb,0xed,0xf1,0xf1,0xf8,0x7c,0x1a,0x69,0x79,0x70,
    0x60,0xc0,0x00,0x00,0x00,0x00,0x00,0x00,0x00,0x00,0x00,0x00,0x00,0x00,0x00,0x00,0x00,0x00,0x00,0x00,0x00,0x00,0x00,0x00,0x00,0x00,0x00,0x00,0x00,0x00,0x00,0x00,
    0x00,0x00,0x00,0x00,0x00,0x00,0x00,0x00,0x00,0x00,0x00,0x00,0x00,0x00,0x00,0x00,0x00,0x00,0x00,0x00,0x00,0x00,0x00,0x00,0x00,0x00,0x00,0x00,0x00,0x00,0x38,0x78,
    0x7f,0xf0,0xf2,0xde,0xc1,0xdd,0xd3,0xf1,0x09,0x08,0x00,0x00,0x00,0x04,0x04,0x04,0x04,0x08,0x08,0x00,0x09,0x11,0x13,0x7c,0xff,0xff,0xff,0xff,0xff,0xff,0xff,0xff,
    0x00,0x00,0x00,0x00,0x00,0x00,0x00,0x00,0x00,0x00,0x00,0x00,0x00,0x00,0x00,0x20,0x50,0x50,0x88,0x84,0x07,0x72,0x6f,0xdb,0xc7,0x47,0x8f,0x9f,0xac,0xcb,0xcf,0x87,
    0x83,0x01,0x00,0x00,0x00,0x00,0x00,0x00,0x00,0x00,0x00,0x00,0x00,0x00,0x00,0x00,0x00,0x00,0x00,0x00,0x00,0x00,0x00,0x00,0x00,0x00,0x80,0xe8,0xf8,0x50,0x00,0x00,
    0x00,0x00,0x00,0x00,0x00,0x00,0x00,0x00,0x00,0x00,0x00,0x00,0x00,0x00,0x00,0x00,0x00,0x00,0x00,0x00,0x00,0x00,0x00,0x00,0x00,0x00,0x00,0x00,0x00,0x00,0x00,0x00,
    0x00,0x00,0x00,0x01,0x01,0x1d,0x65,0xc7,0xc8,0x88,0x00,0x00,0x00,0x10,0x10,0x10,0x10,0x08,0x08,0x80,0xc8,0xc4,0x64,0x3f,0xff,0xff,0xff,0xff,0xff,0xff,0xff,0xff,
    0x00,0x00,0x00,0x00,0x00,0x00,0x00,0x00,0x00,0x00,0x00,0x00,0x00,0x04,0x0e,0x04,0x00,0x00,0x00,0x00,0x01,0x01,0x00,0x00,0x00,0x00,0x00,0x00,0x00,0x00,0x00,0x00,
    0x00,0x01,0x00,0x00,0x00,0x00,0x00,0x00,0x00,0x08,0x1c,0x08,0x00,0x00,0x00,0x00,0x00,0x00,0x00,0x00,0x00,0x00,0x00,0x00,0x00,0x05,0x0f,0xbf,0xff,0x57,0x02,0x00,
    0x00,0x00,0x00,0x00,0x00,0x00,0x00,0x00,0x00,0x00,0x00,0x00,0x80,0xe8,0xf8,0x50,0x00,0x00,0x00,0x00,0x00,0x00,0x10,0x00,0x00,0x00,0x00,0x00,0x00,0x00,0x00,0x00,
    0x00,0x00,0x00,0x00,0x00,0x00,0x00,0x01,0x02,0x04,0x05,0x09,0x09,0x09,0x11,0x09,0x09,0x09,0x05,0x04,0x02,0x41,0x40,0x42,0x22,0xe7,0xff,0xff,0xff,0xff,0xff,0xff
  },
  { // 22
    0x00,0x00,0x00,0x00,0x00,0x20,0x70,0x20,0x00,0x00,0x00,0x00,0x00,0x00,0x00,0x00,0x00,0x00,0x00,0x80,0x80,0x40,0x40,0x00,0x80,0x80,0x00,0x80,0x80,0x80,0x80,0x80,
    0x80,0x80,0x40,0x00,0x00,0x00,0x00,0x00,0x00,0x00,0x00,0x00,0x00,0x00,0x08,0x00,0x00,0x00,0x00,0x00,0x00,0x00,0x00,0x00,0x00,0x00,0x00,0x00,0x00,0x00,0x00,0x00,
    0x00,0x00,0x00,0x00,0x00,0x00,0x00,0x00,0x20,0x00,0x00,0x00,0x00,0x00,0x00,0x00,0x00,0x00,0x00,0x00,0x00,0x00,0x00,0x00,0x00,0x00,0x00,0x00,0x00,0x00,0x00,0x00,
    0x00,0xc0,0x40,0x40,0x80,0x00,0x00,0xc0,0xa0,0x90,0x50,0x48,0x48,0x48,0x44,0x48,0x48,0x48,0x58,0x98,0xac,0xd4,0x12,0x1f,0xff,0xff,0xff,0xff,0xff,0xff,0xff,0xff,
    0x80,0x80,0x80,0x80,0x80,0x80,0x80,0x80,0x80,0x80,0x80,0x80,0x80,0x80,0x80,0x80,0x82,0x85,0x85,0x88,0x90,0xf0,0xa7,0xfb,0xed,0xf1,0xf1,0xf8,0x7c,0x1a,0x69,0x79,
    0x70,0x60,0xc0,0x00,0x00,0x00,0x00,0x00,0x00,0x00,0x00,0x00,0x00,0x00,0x00,0x00,0x00,0x00,0x00,0x00,0x00,0x00,0x00,0x00,0x00,0x00,0x00,0x00,0x00,0x00,0x00,0x00,
    0x00,0x00,0x00,0x00,0x00,0x00,0x00,0x00,0x00,0x00,0x00,0x00,0x00,0x00,0x00,0x00,0x00,0x00,0x00,0x00,0x00,0x00,0x00,0x00,0x00,0x00,0x00,0x00,0x00,0x00,0x38,0x78,
    0x7f,0xf0,0xf2,0xde,0xc1,0xdd,0xd3,0xf1,0x09,0x08,0x00,0x00,0x00,0x04,0x04,0x04,0x04,0x08,0x08,0x00,0x09,0x11,0x13,0x7c,0xff,0xff,0xff,0xff,0xff,0xff,0xff,0xff,
    0x00,0x00,0x00,0x00,0x00,0x00,0x00,0x00,0x00,0x00,0x00,0x00,0x00,0x00,0x00,0x00,0x20,0x50,0x50,0x88,0x84,0x07,0x72,0x6f,0xdb,0xc7,0x47,0x8f,0x9f,0xac,0xcb,0xcf,
    0x87,0x83,0x01,0x00,0x00,0x00,0x00,0x00,0x00,0x00,0x00,0x00,0x00,0x00,0x00,0x00,0x00,0x00,0x00,0x00,0x00,0x00,0x00,0x00,0x80,0xc0,0xf4,0xfc,0xa8,0x00,0x00,0x00,
    0x00,0x00,0x00,0x00,0x00,0x00,0x00,0x00,0x00,0x00,0x00,0x00,0x00,0x00,0x00,0x00,0x00,0x00,0x00,0x00,0x00,0x00,0x00,0x00,0x00,0x00,0x00,0x00,0x00,0x00,0x00,0x00,
    0x00,0x00,0x00,0x01,0x01,0x1d,0x65,0xc7,0xc8,0x88,0x00,0x00,0x00,0x10,0x10,0x10,0x10,0x08,0x08,0x80,0xc8,0xc4,0x64,0x3f,0xff,0xff,0xff,0xff,0xff,0xff,0xff,0xff,
    0x00,0x00,0x00,0x00,0x00,0x00,0x00,0x00,0x00,0x00,0x00,0x00,0x00,0x04,0x0e,0x04,0x00,0x00,0x00,0x00,0x00,0x01,0x01,0x00,0x00,0x00,0x00,0x00,0x00,0x00,0x00,0x00,
    0x00,0x00,0x01,0x00,0x00,0x00,0x00,0x00,0x00,0x08,0x1c,0x08,0x00,0x00,0x00,0x00,0x00,0x00,0x00,0x00,0x00,0x00,0x00,0x00,0x02,0x07,0x5f,0x7f,0x2b,0x01,0x00,0x00,
    0x00,0x00,0x00,0x00,0x00,0x00,0x00,0x00,0x00,0x00,0x00,0x00,0x00,0xd0,0xf0,0xa0,0x00,0x00,0x00,0x00,0x00,0x10,0x38,0x10,0x00,0x00,0x00,0x00,0x00,0x00,0x00,0x00,
    0x00,0x00,0x00,0x00,0x00,0x00,0x00,0x01,0x02,0x04,0x05,0x09,0x09,0x09,0x11,0x09,0x09,0x09,0x05,0x04,0x02,0x41,0x40,0x42,0x22,0xe7,0xff,0xff,0xff,0xff,0xff,0xff
  },
  { // 23
    0x00,0x00,0x00,0x00,0x00,0x00,0x20,0x00,0x00,0x00,0x00,0x00,0x00,0x00,0x00,0x00,0x00,0x00,0x00,0x80,0x80,0x40,0x40,0x00,0x80,0x80,0x00,0x80,0x80,0x80,0x80,0x80,
    0x80,0x80,0x40,0x00,0x00,0x00,0x00,0x00,0x00,0x00,0x00,0x00,0x00,0x00,0x00,0x00,0x00,0x00,0x00,0x00,0x00,0x00,0x00,0x00,0x00,0x00,0x00,0x00,0x00,0x00,0x00,0x00,
    0x00,0x00,0x00,0x00,0x00,0x00,0x00,0x00,0x20,0x00,0x00,0x00,0x00,0x00,0x00,0x00,0x00,0x00,0x00,0x00,0x00,0x00,0x00,0x00,0x00,0x00,0x00,0x00,0x00,0x00,0x00,0x00,
    0x00,0xc0,0x40,0x40,0x80,0x00,0x00,0xc0,0xa0,0x90,0x50,0x48,0x48,0x48,0x44,0x48,0xc8,0xc8,0x58,0x98,0xac,0xd4,0x12,0x1f,0xff,0xff,0xff,0xff,0xff,0xff,0xff,0xff,
    0x80,0x80,0x80,0x80,0x80,0x80,0x80,0x80,0x80,0x80,0x80,0x80,0x80,0x80,0x80,0x80,0x82,0x85,0x85,0x88,0x90,0xf0,0xa7,0xfb,0xed,0xf1,0xf1,0xf8,0x7c,0x1a,0x69,0x79,
    0x70,0x60,0xc0,0x00,0x00,0x00,0x00,0x00,0x00,0x00,0x00,0x00,0x00,0x00,0x00,0x00,0x00,0x00,0x00,0x00,0x00,0x00,0x00,0x00,0x00,0x00,0x00,0x00,0x00,0x00,0x00,0x00,
    0x00,0x00,0x00,0x00,0x00,0x00,0x00,0x00,0x00,0x00,0x00,0x00,0x00,0x00,0x00,0x00,0x00,0x00,0x00,0x00,0x00,0x00,0x00,0x00,0x00,0x00,0x00,0x00,0x00,0x00,0x38,0x78,
    0x7f,0xf0,0xf2,0xde,0xc1,0xdd,0xd3,0xf1,0x0d,0x0c,0x0e,0x1f,0x1f,0x04,0x84,0x84,0xc5,0x0f,0xef,0x7c,0x69,0x11,0x13,0x7c,0xff,0xff,0xff,0xff,0xff,0xff,0xff,0xff,
    0x00,0x00,0x00,0x00,0x00,0x00,0x00,0x00,0x00,0x00,0x00,0x00,0x00,0x00,0x00,0x00,0x20,0x50,0x50,0x88,0x84,0x07,0x72,0x6f,0xdb,0xc7,0x47,0x8f,0x9f,0xac,0xcb,0xcf,
    0x87,0x83,0x01,0x00,0x00,0x00,0x00,0x00,0x00,0x00,0x00,0x00,0x00,0x00,0x00,0x00,0x00,0x00,0x00,0x00,0x00,0x00,0x00,0x00,0x80,0xc0,0xe0,0xf0,0xb8,0x8c,0x04,0x00,
    0x00,0x00,0x00,0x00,0x00,0x00,0x00,0x00,0x00,0x00,0x00,0x00,0x00,0x00,0x00,0x00,0x00,0x00,0x00,0x00,0x00,0x00,0x00,0x00,0x00,0x00,0x00,0x00,0x00,0x00,0x00,0x00,
    0x00,0x00,0x00,0x01,0x01,0x1d,0x65,0xc7,0xd8,0x98,0x38,0x7c,0x7c,0x10,0x10,0x10,0xd1,0xf8,0x7b,0x9f,0xcb,0xc4,0x64,0x3f,0xff,0xff,0xff,0xff,0xff,0xff,0xff,0xff,
    0x00,0x00,0x00,0x00,0x00,0x00,0x00,0x00,0x00,0x00,0x00,0x00,0x00,0x04,0x0e,0x04,0x00,0x00,0x00,0x00,0x00,0x01,0x01,0x00,0x00,0x00,0x00,0x00,0x00,0x00,0x00,0x00,
    0x00,0x00,0x01,0x00,0x00,0x00,0x00,0x00,0x00,0x08,0x1c,0x08,0x00,0x00,0x00,0x00,0x00,0x00,0x00,0x00,0x00,0x00,0x00,0x00,0x02,0x07,0x0f,0x1f,0x3b,0x62,0x40,0x00,
    0x00,0x00,0x00,0x00,0x00,0x00,0x00,0x00,0x00,0x00,0x20,0x30,0x70,0xe0,0xc0,0x00,0x00,0x00,0x00,0x00,0x00,0x10,0x38,0x10,0x00,0x00,0x00,0x00,0x00,0x00,0x00,0x00,
    0x00,0x00,0x00,0x00,0x00,0x00,0x00,0x01,0x02,0x04,0x05,0x09,0x09,0x09,0x11,0x09,0x09,0x09,0x05,0x04,0x02,0x41,0x40,0x42,0x22,0xe7,0xff,0xff,0xff,0xff,0xff,0xff
  },
  { // 24
    0x00,0x00,0x00,0x00,0x00,0x00,0x20,0x00,0x00,0x00,0x00,0x00,0x00,0x00,0x00,0x00,0x00,0x00,0x00,0x00,0x80,0x80,0x40,0x40,0x00,0x80,0x80,0x00,0x80,0x80,0x80,0x80,
    0x80,0x80,0x80,0x40,0x00,0x00,0x00,0x00,0x00,0x00,0x00,0x00,0x00,0x00,0x00,0x00,0x00,0x00,0x00,0x00,0x00,0x00,0x00,0x00,0x00,0x00,0x00,0x00,0x00,0x00,0x00,0x00,
    0x00,0x00,0x00,0x00,0x00,0x00,0x00,0x00,0x20,0x00,0x00,0x00,0x00,0x00,0x00,0x00,0x00,0x00,0x00,0x00,0x00,0x00,0x00,0x00,0x00,0x00,0x00,0x00,0x00,0x00,0x00,0x00,
    0x00,0xc0,0x40,0x40,0x80,0x00,0x00,0xc0,0xa0,0x90,0x50,0x48,0x48,0x48,0x44,0x48,0xc8,0xc8,0x58,0x98,0xac,0xd4,0x12,0x1f,0xff,0xff,0xff,0xff,0xff,0xff,0xff,0xff,
    0x80,0x80,0x80,0x80,0x80,0x80,0x80,0x80,0x80,0x80,0x80,0x80,0x80,0x80,0x80,0x80,0x80,0x82,0x85,0x85,0x88,0x90,0xf0,0xa7,0xfb,0xed,0xf1,0xf1,0xf8,0x7c,0x1a,0x69,
    0x79,0x70,0x60,0xc0,0x00,0x00,0x00,0x00,0x00,0x00,0x00,0x00,0x00,0x00,0x00,0x00,0x00,0x00,0x00,0x00,0x00,0x00,0x00,0x00,0x00,0x00,0x00,0x00,0x00,0x00,0x00,0x00,
    0x00,0x00,0x00,0x00,0x00,0x00,0x00,0x00,0x00,0x00,0x00,0x00,0x00,0x00,0x00,0x00,0x00,0x00,0x00,0x00,0x00,0x00,0x00,0x00,0x00,0x00,0x00,0x00,0x00,0x00,0x38,0x78,
    0x7f,0xf0,0xf2,0xde,0xc1,0xdd,0xd3,0xf1,0x0d,0x0c,0x0e,0x1f,0x1f,0x04,0x84,0x84,0xc5,0x0f,0xef,0x7c,0x69,0x11,0x13,0x7c,0xff,0xff,0xff,0xff,0xff,0xff,0xff,0xff,
    0x00,0x00,0x00,0x00,0x00,0x00,0x00,0x00,0x00,0x00,0x00,0x00,0x00,0x00,0x00,0x00,0x00,0x20,0x50,0x50,0x88,0x84,0x07,0x72,0x6f,0xdb,0xc7,0x47,0x8f,0x9f,0xac,0xcb,
    0xcf,0x87,0x83,0x01,0x00,0x00,0x00,0x00,0x00,0x00,0x00,0x00,0x00,0x00,0x00,0x00,0x00,0x00,0x00,0x00,0x00,0x00,0x00,0x40,0xe0,0xf0,0xf8,0xdc,0x46,0x02,0x00,0x00,
    0x00,0x00,0x00,0x00,0x00,0x00,0x00,0x00,0x00,0x00,0x00,0x00,0x00,0x00,0x00,0x00,0x00,0x00,0x00,0x00,0x00,0x00,0x00,0x00,0x00,0x00,0x00,0x00,0x00,0x00,0x00,0x00,
    0x00,0x00,0x00,0x01,0x01,0x1d,0x65,0xc7,0xd8,0x98,0x38,0x7c,0x7c,0x10,0x10,0x10,0xd1,0xf8,0x7b,0x9f,0xcb,0xc4,0x64,0x3f,0xff,0xff,0xff,0xff,0xff,0xff,0xff,0xff,
    0x00,0x00,0x00,0x00,0x00,0x00,0x00,0x00,0x00,0x00,0x00,0x00,0x00,0x04,0x0e,0x04,0x00,0x00,0x00,0x00,0x00,0x00,0x01,0x01,0x00,0x00,0x00,0x00,0x00,0x00,0x00,0x00,
    0x00,0x00,0x00,0x01,0x00,0x00,0x00,0x00,0x00,0x08,0x1c,0x08,0x00,0x00,0x00,0x00,0x00,0x00,0x00,0x00,0x00,0x00,0x00,0x01,0x03,0x07,0x0f,0x1d,0x31,0x20,0x00,0x00,
    0x00,0x00,0x00,0x00,0x00,0x00,0x00,0x00,0x00,0x00,0x40,0x60,0xe0,0xc0,0x80,0x00,0x00,0x00,0x00,0x00,0x00,0x10,0x38,0x10,0x00,0x00,0x00,0x00,0x00,0x00,0x00,0x00,
    0x00,0x00,0x00,0x00,0x00,0x00,0x00,0x01,0x02,0x04,0x05,0x09,0x09,0x09,0x11,0x09,0x09,0x09,0x05,0x04,0x02,0x41,0x40,0x42,0x22,0xe7,0xff,0xff,0xff,0xff,0xff,0xff
  },
  { // 25
    0x00,0x00,0x00,0x00,0x00,0x00,0x20,0x00,0x00,0x00,0x00,0x00,0x00,0x00,0x00,0x00,0x00,0x00,0x00,0x00,0x00,0x80,0x80,0x40,0x40,0x00,0x80,0x80,0x00,0x80,0x80,0x80,
    0x80,0x80,0x80,0x80,0x40,0x00,0x00,0x00,0x00,0x00,0x00,0x00,0x00,0x00,0x00,0x00,0x00,0x00,0x00,0x00,0x00,0x00,0x00,0x00,0x00,0x00,0x00,0x00,0x00,0x00,0x00,0x00,
    0x00,0x00,0x00,0x00,0x00,0x00,0x00,0x00,0x20,0x00,0x00,0x00,0x00,0x00,0x00,0x00,0x00,0x00,0x00,0x00,0x00,0x00,0x00,0x00,0x00,0x00,0x00,0x00,0x00,0x00,0x00,0x00,
    0x00,0xc0,0x40,0x40,0x80,0x00,0x00,0xc0,0xa0,0x90,0x50,0x48,0x48,0x48,0x44,0x48,0xc8,0xc8,0x58,0x98,0xac,0xd4,0x12,0x1f,0xff,0xff,0xff,0xff,0xff,0xff,0xff,0xff,
    0x80,0x80,0x80,0x80,0x80,0x80,0x80,0x80,0x80,0x80,0x80,0x80,0x80,0x80,0x80,0x80,0x80,0x80,0x82,0x85,0x85,0x88,0x90,0xf0,0xa7,0xfb,0xed,0xf1,0xf1,0xf8,0x7c,0x1a,
    0x69,0x79,0x70,0x60,0xc0,0x00,0x00,0x00,0x00,0x00,0x00,0x00,0x00,0x00,0x00,0x00,0x00,0x00,0x00,0x00,0x00,0x00,0x00,0x00,0x00,0x00,0x00,0x00,0x00,0x00,0x00,0x00,
    0x00,0x00,0x00,0x00,0x00,0x00,0x00,0x00,0x00,0x00,0x00,0x00,0x00,0x00,0x00,0x00,0x00,0x00,0x00,0x00,0x00,0x00,0x00,0x00,0x00,0x00,0x00,0x00,0x00,0x00,0x38,0x78,
    0x7f,0xf0,0xf2,0xde,0xc1,0xdd,0xd3,0xf1,0x0d,0x0c,0x0e,0x1f,0x1f,0x04,0x84,0x84,0xc5,0x0f,0xef,0x7c,0x69,0x11,0x13,0x7c,0xff,0xff,0xff,0xff,0xff,0xff,0xff,0xff,
    0x00,0x00,0x00,0x00,0x00,0x00,0x00,0x00,0x00,0x00,0x00,0x00,0x00,0x00,0x00,0x00,0x00,0x00,0x20,0x50,0x50,0x88,0x84,0x07,0x72,0x6f,0xdb,0xc7,0x47,0x8f,0x9f,0xac,
    0xcb,0xcf,0x87,0x83,0x01,0x00,0x00,0x00,0x00,0x00,0x00,0x00,0x00,0x00,0x00,0x00,0x00,0x00,0x00,0x00,0x00,0x00,0x00,0xa0,0xf0,0xfd,0xff,0xea,0x40,0x00,0x00,0x00,
    0x00,0x00,0x00,0x00,0x00,0x00,0x00,0x00,0x00,0x00,0x00,0x00,0x00,0x00,0x00,0x00,0x00,0x00,0x00,0x00,0x00,0x00,0x00,0x00,0x00,0x00,0x00,0x00,0x00,0x00,0x00,0x00,
    0x00,0x00,0x00,0x01,0x01,0x1d,0x65,0xc7,0xd8,0x98,0x38,0x7c,0x7c,0x10,0x10,0x10,0xd1,0xf8,0x7b,0x9f,0xcb,0xc4,0x64,0x3f,0xff,0xff,0xff,0xff,0xff,0xff,0xff,0xff,
    0x00,0x00,0x00,0x00,0x00,0x00,0x00,0x00,0x00,0x00,0x00,0x00,0x00,0x04,0x0e,0x04,0x00,0x00,0x00,0x00,0x00,0x00,0x00,0x01,0x01,0x00,0x00,0x00,0x00,0x00,0x00,0x00,
    0x00,0x00,0x00,0x00,0x01,0x00,0x00,0x00,0x00,0x08,0x1c,0x08,0x00,0x00,0x00,0x00,0x00,0x00,0x00,0x00,0x00,0x00,0x00,0x00,0x01,0x17,0x1f,0x0a,0x00,0x00,0x00,0x00,
    0x00,0x00,0x00,0x00,0x00,0x00,0x00,0x00,0x00,0x00,0x00,0x40,0xc0,0x80,0x00,0x00,0x00,0x00,0x00,0x00,0x00,0x10,0x38,0x10,0x00,0x00,0x00,0x00,0x00,0x00,0x00,0x00,
    0x00,0x00,0x00,0x00,0x00,0x00,0x00,0x01,0x02,0x04,0x05,0x09,0x09,0x09,0x11,0x09,0x09,0x09,0x05,0x04,0x02,0x41,0x40,0x42,0x22,0xe7,0xff,0xff,0xff,0xff,0xff,0xff
  },
  { // 26
    0x00,0x00,0x00,0x00,0x00,0x00,0x20,0x00,0x00,0x00,0x00,0x00,0x00,0x00,0x00,0x00,0x00,0x00,0x00,0x00,0x00,0x00,0x80,0x80,0x40,0x00,0x00,0x80,0x80,0x80,0x80,0x80,
    0x80,0x80,0x00,0x80,0x80,0x40,0x40,0x00,0x00,0x00,0x00,0x00,0x00,0x00,0x00,0x00,0x00,0x00,0x00,0x00,0x00,0x00,0x00,0x00,0x00,0x00,0x00,0x00,0x00,0x00,0x00,0x00,
    0x00,0x00,0x00,0x00,0x00,0x00,0x00,0x00,0x20,0x00,0x00,0x00,0x00,0x00,0x00,0x00,0x00,0x00,0x00,0x00,0x00,0x00,0x00,0x00,0x00,0x00,0x00,0x00,0x00,0x00,0x00,0x00,
    0x00,0xc0,0x40,0x40,0x80,0x00,0x00,0xc0,0xa0,0x90,0x50,0x48,0x48,0x48,0x44,0x48,0xc8,0xc8,0x58,0x98,0xac,0xd4,0x12,0x1f,0xff,0xff,0xff,0xff,0xff,0xff,0xff,0xff,
    0x80,0x80,0x80,0x80,0x80,0x80,0x80,0x80,0x80,0x80,0x80,0x80,0x80,0x80,0x80,0x80,0x80,0x80,0x80,0x80,0x82,0x85,0x88,0x88,0xf3,0xad,0xf1,0xe7,0xf9,0xf1,0xf8,0x7e,
    0x1a,0x69,0x79,0x70,0x60,0xc0,0x00,0x00,0x00,0x00,0x00,0x00,0x00,0x00,0x00,0x00,0x00,0x00,0x00,0x00,0x00,0x00,0x00,0x00,0x00,0x00,0x00,0x00,0x00,0x00,0x00,0x00,
    0x00,0x00,0x00,0x00,0x00,0x00,0x00,0x00,0x00,0x00,0x00,0x00,0x00,0x00,0x00,0x00,0x00,0x00,0x00,0x00,0x00,0x00,0x00,0x00,0x00,0x00,0x00,0x00,0x00,0x00,0x38,0x78,
    0x7f,0xf0,0xf2,0xde,0xc1,0xdd,0xd3,0xf1,0x0d,0x0c,0x0e,0x1f,0x1f,0x04,0x84,0x84,0xc5,0x0f,0xef,0x7c,0x69,0x11,0x13,0x7c,0xff,0xff,0xff,0xff,0xff,0xff,0xff,0xff,
    0x00,0x00,0x00,0x00,0x00,0x00,0x00,0x00,0x00,0x00,0x00,0x00,0x00,0x00,0x00,0x00,0x00,0x00,0x00,0x00,0x20,0x50,0x88,0x88,0x67,0x5a,0x47,0xf3,0xcf,0xc7,0x8f,0xbf,
    0xac,0xcb,0x4f,0x87,0x83,0x01,0x00,0x00,0x00,0x00,0x00,0x00,0x00,0x00,0x00,0x00,0x00,0x00,0x00,0x00,0x00,0x00,0xa0,0xf0,0xfd,0xff,0xea,0x40,0x00,0x00,0x00,0x00,
    0x00,0x00,0x00,0x00,0x00,0x00,0x00,0x00,0x00,0x00,0x00,0x00,0x00,0x00,0x00,0x00,0x00,0x00,0x00,0x00,0x00,0x00,0x00,0x00,0x00,0x00,0x00,0x00,0x00,0x00,0x00,0x00,
    0x00,0x00,0x00,0x01,0x01,0x1d,0x65,0xc7,0xd8,0x98,0x38,0x7c,0x7c,0x10,0x10,0x10,0xd1,0xf8,0x7b,0x9f,0xcb,0xc4,0x64,0x3f,0xff,0xff,0xff,0xff,0xff,0xff,0xff,0xff,
    0x00,0x00,0x00,0x00,0x00,0x00,0x00,0x00,0x00,0x00,0x00,0x00,0x00,0x04,0x0e,0x04,0x00,0x00,0x00,0x00,0x00,0x00,0x00,0x00,0x01,0x00,0x00,0x00,0x00,0x00,0x00,0x00,
    0x00,0x00,0x00,0x00,0x00,0x01,0x01,0x00,0x00,0x08,0x1c,0x08,0x00,0x00,0x00,0x00,0x00,0x00,0x00,0x00,0x00,0x00,0x00,0x01,0x17,0x1f,0x0a,0x00,0x00,0x00,0x00,0x00,
    0x00,0x00,0x00,0x00,0x00,0x00,0x00,0x00,0x00,0x00,0x00,0x40,0xc0,0x80,0x00,0x00,0x00,0x00,0x00,0x00,0x00,0x10,0x38,0x10,0x00,0x00,0x00,0x00,0x00,0x00,0x00,0x00,
    0x00,0x00,0x00,0x00,0x00,0x00,0x00,0x01,0x02,0x04,0x05,0x09,0x09,0x09,0x11,0x09,0x09,0x09,0x05,0x04,0x02,0x41,0x40,0x42,0x22,0xe7,0xff,0xff,0xff,0xff,0xff,0xff
  },
  { // 27
    0x00,0x00,0x00,0x00,0x00,0x00,0x20,0x00,0x00,0x00,0x00,0x00,0x00,0x00,0x00,0x00,0x00,0x00,0x00,0x00,0x00,0x00,0x00,0x80,0x80,0x40,0x00,0x00,0x80,0x80,0x80,0x80,
    0x80,0x80,0x80,0x00,0x80,0x80,0x40,0x40,0x00,0x00,0x00,0x00,0x00,0x00,0x00,0x00,0x00,0x00,0x00,0x00,0x00,0x00,0x00,0x00,0x00,0x00,0x00,0x00,0x00,0x00,0x00,0x00,
    0x00,0x00,0x00,0x00,0x00,0x00,0x00,0x00,0x20,0x00,0x00,0x00,0x00,0x00,0x00,0x00,0x00,0x00,0x00,0x00,0x00,0x00,0x00,0x00,0x00,0x00,0x00,0x00,0x00,0x00,0x00,0x00,
    0x00,0xc0,0x40,0x40,0x80,0x00,0x00,0xc0,0xa0,0x90,0x50,0x48,0x48,0x48,0x44,0x48,0xc8,0xc8,0x58,0x98,0xac,0xd4,0x12,0x1f,0xff,0xff,0xff,0xff,0xff,0xff,0xff,0xff,
    0x80,0x80,0x80,0x80,0x80,0x80,0x80,0x80,0x80,0x80,0x80,0x80,0x80,0x80,0x80,0x80,0x80,0x80,0x80,0x80,0x80,0x82,0x85,0x88,0x88,0xf3,0xad,0xf1,0xe7,0xf9,0xf1,0xf8,
    0x7e,0x1a,0x69,0x79,0x70,0x60,0xc0,0x00,0x00,0x00,0x00,0x00,0x00,0x00,0x00,0x00,0x00,0x00,0x00,0x00,0x00,0x00,0x00,0x80,0x80,0x00,0x00,0x00,0x00,0x00,0x00,0x00,
    0x00,0x00,0x00,0x00,0x00,0x00,0x00,0x00,0x00,0x00,0x00,0x00,0x00,0x00,0x00,0x00,0x00,0x00,0x00,0x00,0x00,0x00,0x00,0x00,0x00,0x00,0x00,0x00,0x00,0x00,0x38,0x78,
    0x7f,0xf0,0xf2,0xde,0xc1,0xdd,0xd3,0xf1,0x0d,0x0c,0x0e,0x1f,0x1f,0x04,0x84,0x84,0xc5,0x0f,0xef,0x7c,0x69,0x11,0x13,0x7c,0xff,0xff,0xff,0xff,0xff,0xff,0xff,0xff,
    0x00,0x00,0x00,0x00,0x00,0x00,0x00,0x00,0x00,0x00,0x00,0x00,0x00,0x00,0x00,0x00,0x00,0x00,0x00,0x00,0x00,0x20,0x50,0x88,0x88,0x67,0x5a,0x47,0xf3,0xcf,0xc7,0x8f,
    0xbf,0xac,0xcb,0x4f,0x87,0x83,0x01,0x00,0x00,0x00,0x00,0x00,0x00,0x00,0x00,0x00,0x00,0x00,0x00,0x00,0x00,0x00,0x01,0x01,0x53,0x77,0xfe,0xf8,0x50,0x00,0x00,0x00,
    0x00,0x00,0x00,0x00,0x00,0x00,0x00,0x00,0x00,0x00,0x00,0x00,0x00,0x00,0x00,0x00,0x00,0x00,0x00,0x00,0x00,0x00,0x00,0x00,0x00,0x00,0x00,0x00,0x00,0x00,0x00,0x00,
    0x00,0x00,0x00,0x01,0x01,0x1d,0x65,0xc7,0xd8,0x98,0x38,0x7c,0x7c,0x10,0x10,0x10,0xd1,0xf8,0x7b,0x9f,0xcb,0xc4,0x64,0x3f,0xff,0xff,0xff,0xff,0xff,0xff,0xff,0xff,
    0x00,0x00,0x00,0x00,0x00,0x00,0x00,0x00,0x00,0x00,0x00,0x00,0x00,0x04,0x0e,0x04,0x00,0x00,0x00,0x00,0x00,0x00,0x00,0x00,0x00,0x01,0x00,0x00,0x00,0x00,0x00,0x00,
    0x00,0x00,0x00,0x00,0x00,0x00,0x01,0x01,0x00,0x08,0x1c,0x08,0x00,0x00,0x00,0x00,0x00,0x00,0x00,0x00,0x00,0x00,0x04,0x0c,0x0e,0x07,0x03,0x00,0x00,0x00,0x00,0x00,
    0x00,0x00,0x00,0x00,0x00,0x00,0x00,0x00,0x00,0x00,0x00,0x00,0x00,0x00,0x80,0x80,0x00,0x00,0x00,0x00,0x00,0x10,0x38,0x10,0x00,0x00,0x00,0x00,0x00,0x00,0x00,0x00,
    0x00,0x00,0x00,0x00,0x00,0x00,0x00,0x01,0x02,0x04,0x05,0x09,0x09,0x09,0x11,0x09,0x09,0x09,0x05,0x04,0x02,0x41,0x40,0x42,0x22,0xe7,0xff,0xff,0xff,0xff,0xff,0xff
  },
  { // 28
    0x00,0x00,0x00,0x00,0x00,0x00,0x20,0x00,0x00,0x00,0x00,0x00,0x00,0x00,0x00,0x00,0x00,0x00,0x00,0x00,0x00,0x00,0x00,0x80,0x80,0x40,0x00,0x00,0x80,0x80,0x80,0x80,
    0x80,0x80,0x80,0x00,0x80,0x80,0x40,0x40,0x00,0x00,0x00,0x00,0x00,0x00,0x00,0x00,0x00,0x00,0x00,0x00,0x00,0x00,0x00,0x00,0x00,0x00,0x00,0x00,0x00,0x00,0x00,0x00,
    0x00,0x00,0x00,0x00,0x00,0x00,0x00,0x00,0x20,0x00,0x00,0x00,0x00,0x00,0x00,0x00,0x00,0x00,0x00,0x00,0x00,0x00,0x00,0x00,0x00,0x00,0x00,0x00,0x00,0x00,0x00,0x00,
    0x00,0xc0,0x40,0x40,0x80,0x00,0x00,0xc0,0xa0,0x90,0x50,0x48,0x48,0x48,0x44,0x48,0xc8,0xc8,0x58,0x98,0xac,0xd4,0x12,0x1f,0xff,0xff,0xff,0xff,0xff,0xff,0xff,0xff,
    0x80,0x80,0x80,0x80,0x80,0x80,0x80,0x80,0x80,0x80,0x80,0x80,0x80,0x80,0x80,0x80,0x80,0x80,0x80,0x80,0x80,0x82,0x85,0x88,0x88,0xf3,0xad,0xf1,0xe7,0xf9,0xf1,0xf8,
    0x7e,0x1a,0x69,0x79,0x70,0x60,0xc0,0x00,0x00,0x00,0x00,0x00,0x00,0x00,0x00,0x00,0x00,0x00,0x00,0x00,0x00,0x80,0xc0,0xc0,0x80,0x00,0x00,0x00,0x00,0x00,0x00,0x00,
    0x00,0x00,0x00,0x00,0x00,0x00,0x00,0x00,0x00,0x00,0x00,0x00,0x00,0x00,0x00,0x00,0x00,0x00,0x00,0x00,0x00,0x00,0x00,0x00,0x00,0x00,0x00,0x00,0x00,0x00,0x38,0x78,
    0x7f,0xf0,0xf2,0xde,0xc1,0xdd,0xd3,0xf1,0x0d,0x0c,0x0e,0x1f,0x1f,0x04,0x84,0x84,0xc5,0x0f,0xef,0x7c,0x69,0x11,0x13,0x7c,0xff,0xff,0xff,0xff,0xff,0xff,0xff,0xff,
    0x00,0x00,0x00,0x00,0x00,0x00,0x00,0x00,0x00,0x00,0x00,0x00,0x00,0x00,0x00,0x00,0x00,0x00,0x00,0x00,0x00,0x20,0x50,0x88,0x88,0x67,0x5a,0x47,0xf3,0xcf,0xc7,0x8f,
    0xbf,0xac,0xcb,0x4f,0x87,0x83,0x01,0x00,0x00,0x00,0x00,0x00,0x00,0x00,0x00,0x00,0x00,0x00,0x00,0x00,0x00,0x00,0x00,0x29,0xbb,0xff,0x7c,0x28,0x00,0x00,0x00,0x00,
    0x00,0x00,0x00,0x00,0x00,0x00,0x00,0x00,0x00,0x00,0x00,0x00,0x00,0x00,0x00,0x00,0x00,0x00,0x00,0x00,0x00,0x00,0x00,0x00,0x00,0x00,0x00,0x00,0x00,0x00,0x00,0x00,
    0x00,0x00,0x00,0x01,0x01,0x1d,0x65,0xc7,0xd8,0x98,0x38,0x7c,0x7c,0x10,0x10,0x10,0xd1,0xf8,0x7b,0x9f,0xcb,0xc4,0x64,0x3f,0xff,0xff,0xff,0xff,0xff,0xff,0xff,0xff,
    0x00,0x00,0x00,0x00,0x00,0x00,0x00,0x00,0x00,0x00,0x00,0x00,0x00,0x04,0x0e,0x04,0x00,0x00,0x00,0x00,0x00,0x00,0x00,0x00,0x00,0x01,0x00,0x00,0x00,0x00,0x00,0x00,
    0x00,0x00,0x00,0x00,0x00,0x00,0x01,0x01,0x00,0x08,0x1c,0x08,0x00,0x00,0x00,0x00,0x00,0x00,0x00,0x00,0x00,0x02,0x06,0x07,0x03,0x01,0x00,0x00,0x00,0x00,0x00,0x00,
    0x00,0x00,0x00,0x00,0x00,0x00,0x00,0x00,0x00,0x00,0x00,0x00,0x00,0x00,0x00,0x00,0x00,0x00,0x00,0x00,0x00,0x10,0x38,0x10,0x00,0x00,0x00,0x00,0x00,0x00,0x00,0x00,
    0x00,0x00,0x00,0x00,0x00,0x00,0x00,0x01,0x02,0x04,0x05,0x09,0x09,0x09,0x11,0x09,0x09,0x09,0x05,0x04,0x02,0x41,0x40,0x42,0x22,0xe7,0xff,0xff,0xff,0xff,0xff,0xff
  },
  { // 29
    0x00,0x00,0x00,0x00,0x00,0x00,0x20,0x00,0x00,0x00,0x00,0x00,0x00,0x00,0x00,0x00,0x00,0x00,0x00,0x00,0x00,0x00,0x00,0x00,0x80,0x40,0x00,0x00,0x00,0x80,0x80,0x80,
    0x80,0x80,0x80,0x00,0x00,0x80,0x80,0x80,0x40,0x40,0x00,0x00,0x00,0x00,0x00,0x00,0x00,0x00,0x00,0x00,0x00,0x00,0x00,0x00,0x00,0x00,0x00,0x00,0x00,0x00,0x00,0x00,
    0x00,0x00,0x00,0x00,0x00,0x00,0x00,0x20,0x70,0x20,0x00,0x00,0x00,0x00,0x00,0x00,0x00,0x00,0x00,0x00,0x00,0x00,0x00,0x00,0x00,0x00,0x00,0x00,0x00,0x00,0x00,0x00,
    0x00,0xc0,0x40,0x40,0x80,0x00,0x00,0xc0,0xa0,0x90,0x50,0x48,0x48,0x48,0x44,0x48,0xc8,0xc8,0x58,0x98,0xac,0xd4,0x12,0x1f,0xff,0xff,0xff,0xff,0xff,0xff,0xff,0xff,
    0x80,0x80,0x80,0x80,0x80,0x80,0x80,0x80,0x80,0x80,0x80,0x80,0x80,0x80,0x80,0x80,0x80,0x80,0x80,0x80,0x80,0x80,0x80,0x82,0x85,0x89,0xf7,0xb9,0xe1,0xe0,0xff,0xf1,
    0xfe,0x7a,0x19,0x69,0x79,0x70,0x60,0xc0,0x00,0x00,0x00,0x00,0x00,0x00,0x00,0x00,0x00,0x00,0x00,0x00,0x00,0x80,0xc0,0xc0,0x80,0x00,0x00,0x00,0x00,0x00,0x00,0x00,
    0x00,0x00,0x00,0x00,0x00,0x00,0x00,0x00,0x00,0x00,0x00,0x00,0x00,0x00,0x00,0x00,0x00,0x00,0x00,0x00,0x00,0x00,0x00,0x00,0x00,0x00,0x00,0x00,0x00,0x00,0x38,0x78,
    0x7f,0xf0,0xf2,0xde,0xc1,0xdd,0xd3,0xf1,0x0d,0x0c,0x0e,0x1f,0x1f,0x04,0x84,0x84,0xc5,0x0f,0xef,0x7c,0x69,0x11,0x13,0x7c,0xff,0xff,0xff,0xff,0xff,0xff,0xff,0xff,
    0x00,0x00,0x00,0x00,0x00,0x00,0x00,0x00,0x00,0x00,0x00,0x00,0x00,0x00,0x00,0x00,0x00,0x00,0x00,0x00,0x00,0x00,0x00,0x20,0xd0,0x48,0x77,0x4e,0x43,0x83,0xff,0xc7,
    0xbf,0xaf,0xcc,0x4b,0x4f,0x87,0x83,0x81,0x00,0x00,0x00,0x00,0x00,0x00,0x00,0x00,0x00,0x00,0x00,0x00,0x00,0x00,0x00,0x29,0xbb,0xff,0x7c,0x28,0x00,0x00,0x00,0x00,
    0x00,0x00,0x00,0x00,0x00,0x00,0x00,0x00,0x00,0x00,0x00,0x00,0x00,0x00,0x00,0x00,0x00,0x00,0x00,0x00,0x00,0x00,0x00,0x00,0x00,0x00,0x00,0x00,0x00,0x00,0x00,0x00,
    0x00,0x00,0x00,0x01,0x01,0x1d,0x65,0xc7,0xd8,0x98,0x38,0x7c,0x7c,0x10,0x10,0x10,0xd1,0xf8,0x7b,0x9f,0xcb,0xc4,0x64,0x3f,0xff,0xff,0xff,0xff,0xff,0xff,0xff,0xff,
    0x00,0x00,0x00,0x00,0x00,0x00,0x00,0x00,0x00,0x00,0x00,0x00,0x00,0x04,0x0e,0x04,0x00,0x00,0x00,0x00,0x00,0x00,0x00,0x00,0x00,0x01,0x00,0x00,0x00,0x00,0x00,0x00,
    0x00,0x00,0x00,0x00,0x00,0x00,0x00,0x00,0x01,0x09,0x1c,0x08,0x00,0x00,0x00,0x00,0x00,0x00,0x00,0x00,0x00,0x02,0x06,0x07,0x03,0x01,0x00,0x00,0x00,0x00,0x00,0x00,
    0x00,0x00,0x00,0x00,0x00,0x00,0x00,0x00,0x00,0x00,0x00,0x00,0x00,0x00,0x00,0x00,0x00,0x00,0x00,0x00,0x00,0x10,0x38,0x10,0x00,0x00,0x00,0x00,0x00,0x00,0x00,0x00,
    0x00,0x00,0x00,0x00,0x00,0x00,0x00,0x01,0x02,0x04,0x05,0x09,0x09,0x09,0x11,0x09,0x09,0x09,0x05,0x04,0x02,0x41,0x40,0x42,0x22,0xe7,0xff,0xff,0xff,0xff,0xff,0xff
  },
  { // 30
    0x00,0x00,0x00,0x00,0x00,0x00,0x00,0x00,0x00,0x00,0x00,0x00,0x00,0x00,0x00,0x00,0x00,0x00,0x00,0x00,0x00,0x00,0x00,0x00,0x80,0x40,0x00,0x00,0x00,0x80,0x80,0x80,
    0x80,0x80,0x80,0x00,0x00,0x80,0x80,0x80,0x40,0x40,0x00,0x00,0x00,0x00,0x00,0x00,0x00,0x00,0x00,0x00,0x00,0x00,0x00,0x00,0x00,0x00,0x00,0x00,0x00,0x00,0x00,0x00,
    0x00,0x00,0x00,0x00,0x00,0x00,0x00,0x20,0x70,0x20,0x00,0x00,0x00,0x00,0x00,0x00,0x00,0x00,0x00,0x00,0x00,0x00,0x00,0x00,0x00,0x00,0x00,0x00,0x00,0x00,0x00,0x00,
    0x00,0xc0,0x40,0x40,0x80,0x00,0x00,0xc0,0xa0,0x90,0x50,0x48,0x48,0x48,0x44,0x48,0xc8,0xc8,0x58,0x98,0xac,0xd4,0x12,0x1f,0xff,0xff,0xff,0xff,0xff,0xff,0xff,0xff,
    0x80,0x80,0x80,0x80,0x80,0x80,0x80,0x80,0x80,0x80,0x80,0x80,0x80,0x80,0x80,0x80,0x80,0x80,0x80,0x80,0x80,0x80,0x80,0x82,0x85,0x89,0xf7,0xb9,0xe1,0xe0,0xff,0xf1,
    0xfe,0x7a,0x19,0x69,0x79,0x70,0x60,0xc0,0x00,0x00,0x00,0x00,0x00,0x00,0x00,0x00,0x00,0x00,0x00,0x00,0x00,0x00,0x00,0xa0,0xe0,0x40,0x00,0x00,0x00,0x00,0x00,0x00,
    0x00,0x00,0x00,0x00,0x00,0x00,0x00,0x00,0x00,0x00,0x00,0x00,0x00,0x00,0x00,0x00,0x00,0x00,0x00,0x00,0x00,0x00,0x00,0x00,0x00,0x00,0x00,0x00,0x00,0x00,0x38,0x78,
    0x7f,0xf0,0xf2,0xde,0xc1,0xdd,0xd3,0xf1,0x0d,0x0c,0x0e,0x1f,0x1f,0x04,0x84,0x84,0xc5,0x0f,0xef,0x7c,0x69,0x11,0x13,0x7c,0xff,0xff,0xff,0xff,0xff,0xff,0xff,0xff,
    0x00,0x00,0x00,0x00,0x00,0x00,0x00,0x00,0x00,0x00,0x00,0x00,0x00,0x00,0x00,0x00,0x00,0x00,0x00,0x00,0x00,0x00,0x00,0x20,0xd0,0x48,0x77,0x4e,0x43,0x83,0xff,0xc7,
    0xbf,0xaf,0xcc,0x4b,0x4f,0x87,0x83,0x81,0x00,0x00,0x00,0x00,0x00,0x00,0x00,0x00,0x00,0x00,0x00,0x00,0x00,0x14,0x3e,0xff,0xff,0x5d,0x08,0x00,0x00,0x00,0x00,0x00,
    0x00,0x00,0x00,0x00,0x00,0x00,0x00,0x00,0x00,0x00,0x00,0x00,0x00,0x00,0x00,0x00,0x00,0x00,0x00,0x00,0x00,0x00,0x00,0x00,0x00,0x00,0x00,0x00,0x00,0x00,0x00,0x00,
    0x00,0x00,0x00,0x01,0x01,0x1d,0x65,0xc7,0xd8,0x98,0x38,0x7c,0x7c,0x10,0x10,0x10,0xd1,0xf8,0x7b,0x9f,0xcb,0xc4,0x64,0x3f,0xff,0xff,0xff,0xff,0xff,0xff,0xff,0xff,
    0x00,0x00,0x00,0x00,0x00,0x00,0x00,0x00,0x00,0x00,0x00,0x00,0x00,0x00,0x04,0x00,0x00,0x00,0x00,0x00,0x00,0x00,0x00,0x00,0x00,0x01,0x00,0x00,0x00,0x00,0x00,0x00,
    0x00,0x00,0x00,0x00,0x00,0x00,0x00,0x00,0x01,0x09,0x1c,0x08,0x00,0x00,0x00,0x00,0x00,0x00,0x00,0x00,0x00,0x00,0x00,0x02,0x03,0x01,0x00,0x00,0x01,0x00,0x00,0x00,
    0x00,0x00,0x00,0x00,0x00,0x00,0x00,0x00,0x00,0x00,0x00,0x00,0x00,0x00,0x00,0x00,0x00,0x00,0x00,0x00,0x00,0x10,0x38,0x10,0x00,0x00,0x00,0x00,0x00,0x00,0x00,0x00,
    0x00,0x00,0x00,0x00,0x00,0x00,0x00,0x01,0x02,0x04,0x05,0x09,0x09,0x09,0x11,0x09,0x09,0x09,0x05,0x04,0x02,0x41,0x40,0x42,0x22,0xe7,0xff,0xff,0xff,0xff,0xff,0xff
  },
  { // 31
    0x00,0x00,0x00,0x00,0x00,0x00,0x00,0x00,0x00,0x00,0x00,0x00,0x00,0x00,0x00,0x00,0x00,0x00,0x00,0x00,0x00,0x00,0x00,0x00,0x00,0x80,0x40,0x00,0x00,0x00,0x80,0x80,
    0x80,0x80,0x80,0x80,0x00,0x00,0x80,0x80,0x80,0x40,0x40,0x00,0x00,0x00,0x00,0x00,0x00,0x00,0x00,0x00,0x00,0x00,0x00,0x00,0x00,0x00,0x00,0x00,0x00,0x00,0x00,0x00,
    0x00,0x00,0x00,0x00,0x00,0x00,0x00,0x20,0x70,0x20,0x00,0x00,0x00,0x00,0x00,0x00,0x00,0x00,0x00,0x00,0x00,0x00,0x00,0x00,0x00,0x00,0x00,0x00,0x00,0x00,0x00,0x00,
    0x00,0xc0,0x40,0x40,0x80,0x00,0x00,0xc0,0xa0,0x90,0x50,0x48,0x48,0x48,0x44,0x48,0xc8,0xc8,0x58,0x98,0xac,0xd4,0x12,0x1f,0xff,0xff,0xff,0xff,0xff,0xff,0xff,0xff,
    0x80,0x80,0x80,0x80,0x80,0x80,0x80,0x80,0x80,0x80,0x80,0x80,0x80,0x80,0x80,0x80,0x80,0x80,0x80,0x80,0x80,0x80,0x80,0x80,0x82,0x85,0x89,0xf7,0xb9,0xe1,0xe0,0xff,
    0xf1,0xfe,0x7a,0x19,0x69,0x79,0x70,0x60,0xc0,0x00,0x00,0x00,0x00,0x00,0x00,0x00,0x00,0x00,0x00,0x00,0x00,0x00,0xd0,0xf0,0xa0,0x00,0x00,0x00,0x00,0x00,0x00,0x00,
    0x00,0x00,0x00,0x00,0x00,0x00,0x00,0x00,0x00,0x00,0x00,0x00,0x00,0x00,0x00,0x00,0x00,0x00,0x00,0x00,0x00,0x00,0x00,0x00,0x00,0x00,0x00,0x00,0x00,0x00,0x38,0x78,
    0x7f,0xf0,0xf2,0xde,0xc1,0xdd,0xd3,0xf1,0x0d,0x0c,0x0e,0x1f,0x1f,0x04,0x84,0x84,0xc5,0x0f,0xef,0x7c,0x69,0x11,0x13,0x7c,0xff,0xff,0xff,0xff,0xff,0xff,0xff,0xff,
    0x00,0x00,0x00,0x00,0x00,0x00,0x00,0x00,0x00,0x00,0x00,0x00,0x00,0x00,0x00,0x00,0x00,0x00,0x00,0x00,0x00,0x00,0x00,0x00,0x20,0xd0,0x48,0x77,0x4e,0x43,0x83,0xff,
    0xc7,0xbf,0xaf,0xcc,0x4b,0x4f,0x87,0x83,0x81,0x00,0x00,0x00,0x00,0x00,0x00,0x00,0x00,0x00,0x00,0x00,0x0a,0x1f,0x7f,0xff,0xae,0x04,0x00,0x00,0x00,0x00,0x00,0x00,
    0x00,0x00,0x00,0x00,0x00,0x00,0x00,0x00,0x00,0x00,0x00,0x00,0x00,0x00,0x00,0x00,0x00,0x00,0x00,0x00,0x00,0x00,0x00,0x00,0x00,0x00,0x00,0x00,0x00,0x00,0x00,0x00,
    0x00,0x00,0x00,0x01,0x01,0x1d,0x65,0xc7,0xd8,0x98,0x38,0x7c,0x7c,0x10,0x10,0x10,0xd1,0xf8,0x7b,0x9f,0xcb,0xc4,0x64,0x3f,0xff,0xff,0xff,0xff,0xff,0xff,0xff,0xff,
    0x00,0x00,0x00,0x00,0x00,0x00,0x00,0x00,0x00,0x00,0x00,0x00,0x00,0x00,0x04,0x00,0x00,0x00,0x00,0x00,0x00,0x00,0x00,0x00,0x00,0x00,0x01,0x00,0x00,0x00,0x00,0x00,
    0x00,0x00,0x00,0x00,0x00,0x00,0x00,0x00,0x00,0x01,0x09,0x00,0x00,0x00,0x00,0x00,0x00,0x00,0x00,0x00,0x00,0x00,0x01,0x01,0x00,0x00,0x00,0x00,0x01,0x00,0x00,0x00,
    0x00,0x00,0x00,0x00,0x00,0x00,0x00,0x00,0x00,0x00,0x00,0x00,0x00,0x00,0x00,0x00,0x00,0x00,0x00,0x00,0x00,0x10,0x38,0x10,0x00,0x00,0x00,0x00,0x00,0x00,0x00,0x00,
    0x00,0x00,0x00,0x00,0x00,0x00,0x00,0x01,0x02,0x04,0x05,0x09,0x09,0x09,0x11,0x09,0x09,0x09,0x05,0x04,0x02,0x41,0x40,0x42,0x22,0xe7,0xff,0xff,0xff,0xff,0xff,0xff
  },
  { // 32
    0x00,0x00,0x00,0x00,0x00,0x00,0x00,0x00,0x00,0x00,0x00,0x00,0x00,0x00,0x00,0x00,0x00,0x00,0x00,0x00,0x00,0x00,0x00,0x00,0x00,0x80,0x40,0x00,0x00,0x00,0x80,0x80,
    0x80,0x80,0x80,0x80,0x00,0x00,0x80,0x80,0x80,0x40,0x40,0x00,0x00,0x00,0x00,0x00,0x00,0x00,0x00,0x00,0x00,0x00,0x00,0x00,0x00,0x00,0x00,0x00,0x00,0x00,0x00,0x00,
    0x00,0x00,0x00,0x00,0x00,0x00,0x00,0x20,0x70,0x20,0x00,0x00,0x00,0x00,0x00,0x00,0x00,0x00,0x00,0x00,0x00,0x00,0x00,0x00,0x00,0x00,0x00,0x00,0x00,0x00,0x00,0x00,
    0x00,0xc0,0x40,0x40,0x80,0x00,0x00,0xc0,0xa0,0x90,0x50,0x48,0x48,0x48,0x44,0x48,0xc8,0xc8,0x58,0x98,0xac,0xd4,0x12,0x1f,0xff,0xff,0xff,0xff,0xff,0xff,0xff,0xff,
    0x80,0x80,0x80,0x80,0x80,0x80,0x80,0x80,0x80,0x80,0x80,0x80,0x80,0x80,0x80,0x80,0x80,0x80,0x80,0x80,0x80,0x80,0x80,0x80,0x82,0x85,0x89,0xf7,0xb9,0xe1,0xe0,0xff,
    0xf1,0xfe,0x7a,0x19,0x69,0x79,0x70,0x60,0xc0,0x00,0x00,0x00,0x00,0x00,0x00,0x00,0x00,0x00,0x00,0x00,0x00,0x00,0x80,0xc0,0xe0,0x30,0x10,0x00,0x00,0x00,0x00,0x00,
    0x00,0x00,0x00,0x00,0x00,0x00,0x00,0x00,0x00,0x00,0x00,0x00,0x00,0x00,0x00,0x00,0x00,0x00,0x00,0x00,0x00,0x00,0x00,0x00,0x00,0x00,0x00,0x00,0x00,0x00,0x38,0x78,
    0x7f,0xf0,0xf2,0xde,0xc1,0xdd,0xd3,0xf1,0x0d,0x0c,0x0e,0x1f,0x1f,0x04,0x84,0x84,0xc5,0x0f,0xef,0x7c,0x69,0x11,0x13,0x7c,0xff,0xff,0xff,0xff,0xff,0xff,0xff,0xff,
    0x00,0x00,0x00,0x00,0x00,0x00,0x00,0x00,0x00,0x00,0x00,0x00,0x00,0x00,0x00,0x00,0x00,0x00,0x00,0x00,0x00,0x00,0x00,0x00,0x20,0xd0,0x48,0x77,0x4e,0x43,0x83,0xff,
    0xc7,0xbf,0xaf,0xcc,0x4b,0x4f,0x87,0x83,0x81,0x00,0x00,0x00,0x00,0x00,0x00,0x00,0x00,0x00,0x00,0x00,0x0a,0x1f,0x3f,0x7f,0xee,0x8a,0x00,0x00,0x00,0x00,0x00,0x00,
    0x00,0x00,0x00,0x00,0x00,0x00,0x00,0x00,0x00,0x00,0x00,0x00,0x00,0x00,0x00,0x00,0x00,0x00,0x00,0x00,0x00,0x00,0x00,0x00,0x00,0x00,0x00,0x00,0x00,0x00,0x00,0x00,
    0x00,0x00,0x00,0x01,0x01,0x1d,0x65,0xc7,0xd8,0x98,0x38,0x7c,0x7c,0x10,0x10,0x10,0xd1,0xf8,0x7b,0x9f,0xcb,0xc4,0x64,0x3f,0xff,0xff,0xff,0xff,0xff,0xff,0xff,0xff,
    0x00,0x00,0x00,0x00,0x00,0x00,0x00,0x00,0x00,0x00,0x00,0x00,0x00,0x00,0x04,0x00,0x00,0x00,0x00,0x00,0x00,0x00,0x00,0x00,0x00,0x00,0x01,0x00,0x00,0x00,0x00,0x00,
    0x00,0x00,0x00,0x00,0x00,0x00,0x00,0x00,0x00,0x01,0x09,0x00,0x00,0x00,0x00,0x00,0x00,0x00,0x00,0x00,0x00,0x00,0x00,0x00,0x00,0x01,0x01,0x00,0x01,0x00,0x00,0x00,
    0x00,0x00,0x00,0x00,0x00,0x00,0x00,0x00,0x00,0x00,0x00,0x00,0x00,0x00,0x00,0x00,0x00,0x00,0x00,0x00,0x00,0x10,0x38,0x10,0x00,0x00,0x00,0x00,0x00,0x00,0x00,0x00,
    0x00,0x00,0x00,0x00,0x00,0x00,0x00,0x01,0x02,0x04,0x05,0x09,0x09,0x09,0x11,0x09,0x09,0x09,0x05,0x04,0x02,0x41,0x40,0x42,0x22,0xe7,0xff,0xff,0xff,0xff,0xff,0xff
  },
  { // 33
    0x00,0x00,0x00,0x00,0x00,0x00,0x00,0x00,0x00,0x00,0x00,0x00,0x00,0x00,0x00,0x00,0x00,0x00,0x00,0x00,0x00,0x00,0x00,0x00,0x00,0x80,0x40,0x00,0x00,0x00,0x80,0x80,
    0x80,0x80,0x80,0x80,0x00,0x00,0x80,0x80,0x80,0x40,0x40,0x00,0x00,0x00,0x00,0x00,0x00,0x00,0x00,0x00,0x00,0x00,0x00,0x00,0x00,0x00,0x00,0x00,0x00,0x00,0x00,0x00,
    0x00,0x00,0x00,0x00,0x00,0x00,0x00,0x20,0x70,0x20,0x00,0x00,0x00,0x00,0x00,0x00,0x00,0x00,0x00,0x00,0x00,0x00,0x00,0x00,0x00,0x00,0x00,0x00,0x00,0x00,0x00,0x00,
    0x00,0xc0,0x40,0x40,0x80,0x00,0x00,0xc0,0xa0,0x90,0x50,0x48,0x48,0x48,0x44,0x48,0xc8,0xc8,0x58,0x98,0xac,0xd4,0x12,0x1f,0xff,0xff,0xff,0xff,0xff,0xff,0xff,0xff,
    0x80,0x80,0x80,0x80,0x80,0x80,0x80,0x80,0x80,0x80,0x80,0x80,0x80,0x80,0x80,0x80,0x80,0x80,0x80,0x80,0x80,0x80,0x80,0x80,0x82,0x85,0x89,0xf7,0xb9,0xe1,0xe0,0xff,
    0xf1,0xfe,0x7a,0x19,0x69,0x79,0x70,0x60,0xc0,0x00,0x00,0x00,0x00,0x00,0x00,0x00,0x00,0x00,0x00,0x00,0x00,0x80,0xc0,0xe0,0x70,0x18,0x08,0x00,0x00,0x00,0x00,0x00,
    0x00,0x00,0x00,0x00,0x00,0x00,0x00,0x00,0x00,0x00,0x00,0x00,0x00,0x00,0x00,0x00,0x00,0x00,0x00,0x00,0x00,0x00,0x00,0x00,0x00,0x00,0x00,0x00,0x00,0x00,0x38,0x78,
    0x7f,0xf0,0xf2,0xde,0xc1,0xdd,0xd3,0xf1,0x0d,0x0c,0x0e,0x1f,0x1f,0x04,0x84,0x84,0xc5,0x0f,0xef,0x7c,0x69,0x11,0x13,0x7c,0xff,0xff,0xff,0xff,0xff,0xff,0xff,0xff,
    0x00,0x00,0x00,0x00,0x00,0x00,0x00,0x00,0x00,0x00,0x00,0x00,0x00,0x00,0x00,0x00,0x00,0x00,0x00,0x00,0x00,0x00,0x00,0x00,0x20,0xd0,0x48,0x77,0x4e,0x43,0x83,0xff,
    0xc7,0xbf,0xaf,0xcc,0x4b,0x4f,0x87,0x83,0x81,0x00,0x00,0x00,0x00,0x00,0x00,0x00,0x00,0x00,0x00,0x00,0x05,0x0f,0x1f,0x3f,0x77,0xc5,0x80,0x00,0x00,0x00,0x00,0x00,
    0x00,0x00,0x00,0x00,0x00,0x00,0x00,0x00,0x00,0x00,0x00,0x00,0x00,0x00,0x00,0x00,0x00,0x00,0x00,0x00,0x00,0x00,0x00,0x00,0x00,0x00,0x00,0x00,0x00,0x00,0x00,0x00,
    0x00,0x00,0x00,0x01,0x01,0x1d,0x65,0xc7,0xd8,0x98,0x38,0x7c,0x7c,0x10,0x10,0x10,0xd1,0xf8,0x7b,0x9f,0xcb,0xc4,0x64,0x3f,0xff,0xff,0xff,0xff,0xff,0xff,0xff,0xff,
    0x00,0x00,0x00,0x00,0x00,0x00,0x00,0x00,0x00,0x00,0x00,0x00,0x00,0x00,0x04,0x00,0x00,0x00,0x00,0x00,0x00,0x00,0x00,0x00,0x00,0x00,0x01,0x00,0x00,0x00,0x00,0x00,
    0x00,0x00,0x00,0x00,0x00,0x00,0x00,0x00,0x00,0x01,0x09,0x00,0x00,0x00,0x00,0x00,0x00,0x00,0x00,0x00,0x00,0x00,0x00,0x00,0x00,0x00,0x00,0x00,0x01,0x00,0x00,0x00,
    0x00,0x00,0x00,0x00,0x00,0x00,0x00,0x00,0x00,0x00,0x00,0x00,0x00,0x00,0x00,0x00,0x00,0x00,0x00,0x00,0x00,0x10,0x38,0x10,0x00,0x00,0x00,0x00,0x00,0x00,0x00,0x00,
    0x00,0x00,0x00,0x00,0x00,0x00,0x00,0x01,0x02,0x04,0x05,0x09,0x09,0x09,0x11,0x09,0x09,0x09,0x05,0x04,0x02,0x41,0x40,0x42,0x22,0xe7,0xff,0xff,0xff,0xff,0xff,0xff
  },
  { // 34
    0x00,0x00,0x00,0x00,0x00,0x00,0x00,0x00,0x00,0x00,0x00,0x00,0x00,0x00,0x00,0x00,0x00,0x00,0x00,0x00,0x00,0x00,0x00,0x00,0x00,0x80,0x40,0x00,0x00,0x00,0x80,0x80,
    0x80,0x80,0x80,0x80,0x00,0x00,0x80,0x80,0x80,0x40,0x40,0x00,0x00,0x00,0x00,0x00,0x00,0x00,0x00,0x00,0x00,0x00,0x00,0x00,0x00,0x00,0x00,0x00,0x00,0x00,0x00,0x00,
    0x00,0x00,0x00,0x00,0x00,0x00,0x00,0x20,0x70,0x20,0x00,0x00,0x00,0x00,0x00,0x00,0x00,0x00,0x00,0x00,0x00,0x00,0x00,0x00,0x00,0x00,0x00,0x00,0x00,0x00,0x00,0x00,
    0x00,0xc0,0x40,0x40,0x80,0x00,0x00,0xc0,0xa0,0x90,0x50,0x48,0x48,0x48,0x44,0x48,0xc8,0xc8,0x58,0x98,0xac,0xd4,0x12,0x1f,0xff,0xff,0xff,0xff,0xff,0xff,0xff,0xff,
    0x80,0x80,0x80,0x80,0x80,0x80,0x80,0x80,0x80,0x80,0x80,0x80,0x80,0x80,0x80,0x80,0x80,0x80,0x80,0x80,0x80,0x80,0x80,0x80,0x82,0x85,0x89,0xf7,0xb9,0xe1,0xe0,0xff,
    0xf1,0xfe,0x7a,0x19,0x69,0x79,0x70,0x60,0xc0,0x00,0x00,0x00,0x00,0x00,0x00,0x00,0x00,0x00,0x00,0x00,0x80,0xc0,0xf4,0xfc,0xa8,0x00,0x00,0x00,0x00,0x00,0x00,0x00,
    0x00,0x00,0x00,0x00,0x00,0x00,0x00,0x00,0x00,0x00,0x00,0x00,0x00,0x00,0x00,0x00,0x00,0x00,0x00,0x00,0x00,0x00,0x00,0x00,0x00,0x00,0x00,0x00,0x00,0x00,0x38,0x78,
    0x7f,0xf0,0xf2,0xde,0xc1,0xdd,0xd3,0xf1,0x0d,0x0c,0x0e,0x1f,0x1f,0x04,0x84,0x84,0xc5,0x0f,0xef,0x7c,0x69,0x11,0x13,0x7c,0xff,0xff,0xff,0xff,0xff,0xff,0xff,0xff,
    0x00,0x00,0x00,0x00,0x00,0x00,0x00,0x00,0x00,0x00,0x00,0x00,0x00,0x00,0x00,0x00,0x00,0x00,0x00,0x00,0x00,0x00,0x00,0x00,0x20,0xd0,0x48,0x77,0x4e,0x43,0x83,0xff,
    0xc7,0xbf,0xaf,0xcc,0x4b,0x4f,0x87,0x83,0x81,0x00,0x00,0x00,0x00,0x00,0x00,0x00,0x00,0x00,0x00,0x00,0x02,0x07,0x5f,0x7f,0x2b,0x01,0x00,0x00,0x00,0x00,0x00,0x00,
    0x00,0x00,0x00,0x00,0x00,0x00,0x00,0x00,0x00,0x00,0x00,0x00,0x00,0x00,0x00,0x00,0x00,0x00,0x00,0x00,0x00,0x00,0x00,0x00,0x00,0x00,0x00,0x00,0x00,0x00,0x00,0x00,
    0x00,0x00,0x00,0x01,0x01,0x1d,0x65,0xc7,0xd8,0x98,0x38,0x7c,0x7c,0x10,0x10,0x10,0xd1,0xf8,0x7b,0x9f,0xcb,0xc4,0x64,0x3f,0xff,0xff,0xff,0xff,0xff,0xff,0xff,0xff,
    0x00,0x00,0x00,0x00,0x00,0x00,0x00,0x00,0x00,0x00,0x00,0x00,0x00,0x00,0x04,0x00,0x00,0x00,0x00,0x00,0x00,0x00,0x00,0x00,0x00,0x00,0x01,0x00,0x00,0x00,0x00,0x00,
    0x00,0x00,0x00,0x00,0x00,0x00,0x00,0x00,0x00,0x01,0x09,0x00,0x00,0x00,0x00,0x00,0x00,0x00,0x00,0x00,0x00,0x00,0x00,0x00,0x00,0x00,0x00,0x00,0x01,0x00,0x00,0x00,
    0x00,0x00,0x00,0x00,0x00,0x00,0x00,0x00,0x00,0x00,0x00,0x00,0x00,0x00,0x00,0x00,0x00,0x00,0x00,0x00,0x00,0x10,0x38,0x10,0x00,0x00,0x00,0x00,0x00,0x00,0x00,0x00,
    0x00,0x00,0x00,0x00,0x00,0x00,0x00,0x01,0x02,0x04,0x05,0x09,0x09,0x09,0x11,0x09,0x09,0x09,0x05,0x04,0x02,0x41,0x40,0x42,0x22,0xe7,0xff,0xff,0xff,0xff,0xff,0xff
  },
  { // 35
    0x00,0x00,0x00,0x00,0x00,0x00,0x00,0x00,0x00,0x00,0x00,0x00,0x00,0x00,0x00,0x00,0x00,0x00,0x00,0x00,0x00,0x00,0x00,0x00,0x00,0x00,0x80,0x80,0x40,0x00,0x00,0x80,
    0x80,0x80,0x80,0x80,0x80,0x80,0x00,0x80,0x80,0x40,0x40,0x00,0x00,0x00,0x00,0x00,0x00,0x00,0x00,0x00,0x00,0x00,0x00,0x00,0x00,0x00,0x00,0x00,0x00,0x00,0x00,0x00,
    0x00,0x00,0x00,0x00,0x00,0x00,0x00,0x20,0x70,0x20,0x00,0x00,0x00,0x00,0x00,0x00,0x00,0x00,0x00,0x00,0x00,0x00,0x00,0x00,0x00,0x00,0x00,0x00,0x00,0x00,0x00,0x00,
    0x00,0xc0,0x40,0x40,0x80,0x00,0x00,0xc0,0xa0,0x90,0x50,0x48,0x48,0x48,0x44,0x48,0xc8,0xc8,0x58,0x98,0xac,0xd4,0x12,0x1f,0xff,0xff,0xff,0xff,0xff,0xff,0xff,0xff,
    0x80,0x80,0x80,0x80,0x80,0x80,0x80,0x80,0x80,0x80,0x80,0x80,0x80,0x80,0x80,0x80,0x80,0x80,0x80,0x80,0x80,0x80,0x80,0x80,0x82,0x85,0x88,0x88,0xf3,0xad,0xf1,0xe7,
    0xf9,0xf1,0xf8,0x7e,0x1a,0x69,0x79,0x70,0x60,0xc0,0x00,0x00,0x00,0x00,0x00,0x00,0x00,0x00,0x00,0x00,0x80,0xc0,0xf4,0xfc,0xa8,0x00,0x00,0x00,0x00,0x00,0x00,0x00,
    0x00,0x00,0x00,0x00,0x00,0x00,0x00,0x00,0x00,0x00,0x00,0x00,0x00,0x00,0x00,0x00,0x00,0x00,0x00,0x00,0x00,0x00,0x00,0x00,0x00,0x00,0x00,0x00,0x00,0x00,0x38,0x78,
    0x7f,0xf0,0xf2,0xde,0xc1,0xdd,0xd3,0xf1,0x0d,0x0c,0x0e,0x1f,0x1f,0x04,0x84,0x84,0xc5,0x0f,0xef,0x7c,0x69,0x11,0x13,0x7c,0xff,0xff,0xff,0xff,0xff,0xff,0xff,0xff,
    0x00,0x00,0x00,0x00,0x00,0x00,0x00,0x00,0x00,0x00,0x00,0x00,0x00,0x00,0x00,0x00,0x00,0x00,0x00,0x00,0x00,0x00,0x00,0x00,0x20,0x50,0x88,0x88,0x67,0x5a,0x47,0xf3,
    0xcf,0xc7,0x8f,0xbf,0xac,0xcb,0x4f,0x87,0x83,0x01,0x00,0x00,0x00,0x00,0x00,0x00,0x00,0x00,0x00,0x00,0x02,0x07,0x5f,0x7f,0x2b,0x01,0x00,0x00,0x00,0x00,0x00,0x00,
    0x00,0x00,0x00,0x00,0x00,0x00,0x00,0x00,0x00,0x00,0x00,0x00,0x00,0x00,0x00,0x00,0x00,0x00,0x00,0x00,0x00,0x00,0x00,0x00,0x00,0x00,0x00,0x00,0x00,0x00,0x00,0x00,
    0x00,0x00,0x00,0x01,0x01,0x1d,0x65,0xc7,0xd8,0x98,0x38,0x7c,0x7c,0x10,0x10,0x10,0xd1,0xf8,0x7b,0x9f,0xcb,0xc4,0x64,0x3f,0xff,0xff,0xff,0xff,0xff,0xff,0xff,0xff,
    0x00,0x00,0x00,0x00,0x00,0x00,0x00,0x00,0x00,0x00,0x00,0x00,0x00,0x00,0x04,0x00,0x00,0x00,0x00,0x00,0x00,0x00,0x00,0x00,0x00,0x00,0x00,0x00,0x01,0x00,0x00,0x00,
    0x00,0x00,0x00,0x00,0x00,0x00,0x00,0x00,0x00,0x01,0x09,0x00,0x00,0x00,0x00,0x00,0x00,0x00,0x00,0x00,0x00,0x00,0x00,0x00,0x00,0x00,0x00,0x00,0x01,0x00,0x00,0x00,
    0x00,0x00,0x00,0x00,0x00,0x00,0x00,0x00,0x00,0x00,0x00,0x00,0x00,0x00,0x00,0x00,0x00,0x00,0x00,0x00,0x00,0x10,0x38,0x10,0x00,0x00,0x00,0x00,0x00,0x00,0x00,0x00,
    0x00,0x00,0x00,0x00,0x00,0x00,0x00,0x01,0x02,0x04,0x05,0x09,0x09,0x09,0x11,0x09,0x09,0x09,0x05,0x04,0x02,0x41,0x40,0x42,0x22,0xe7,0xff,0xff,0xff,0xff,0xff,0xff
  },
  { // 36
    0x00,0x00,0x00,0x00,0x00,0x00,0x00,0x00,0x00,0x00,0x00,0x00,0x00,0x00,0x00,0x00,0x00,0x00,0x00,0x00,0x00,0x00,0x00,0x00,0x00,0x00,0x80,0x80,0x40,0x00,0x00,0x80,
    0x80,0x80,0x80,0x80,0x80,0x80,0x00,0x80,0x80,0x40,0x40,0x00,0x00,0x00,0x00,0x00,0x00,0x00,0x00,0x00,0x00,0x00,0x00,0x00,0x00,0x00,0x00,0x00,0x00,0x00,0x00,0x00,
    0x00,0x00,0x00,0x00,0x00,0x00,0x00,0x20,0x70,0x20,0x00,0x00,0x00,0x00,0x00,0x00,0x00,0x00,0x00,0x00,0x00,0x00,0x00,0x00,0x00,0x00,0x00,0x00,0x00,0x00,0x00,0x00,
    0x00,0xc0,0x40,0x40,0x80,0x00,0x00,0xc0,0xa0,0x90,0x50,0x48,0x48,0x48,0x44,0x48,0xc8,0xc8,0x58,0x98,0xac,0xd4,0x12,0x1f,0xff,0xff,0xff,0xff,0xff,0xff,0xff,0xff,
    0x80,0x80,0x80,0x80,0x80,0x80,0x80,0x80,0x80,0x80,0x80,0x80,0x80,0x80,0x80,0x80,0x80,0x80,0x80,0x80,0x80,0x80,0x80,0x80,0x82,0x85,0x88,0x88,0xf3,0xad,0xf1,0xe7,
    0xf9,0xf1,0xf8,0x7e,0x1a,0x69,0x79,0x70,0x60,0xc0,0x00,0x00,0x00,0x00,0x00,0x00,0x00,0x00,0x00,0x00,0x04,0x06,0x4e,0xdc,0xf8,0xe0,0x40,0x00,0x00,0x00,0x00,0x00,
    0x00,0x00,0x00,0x00,0x00,0x00,0x00,0x00,0x00,0x00,0x00,0x00,0x00,0x00,0x00,0x00,0x00,0x00,0x00,0x00,0x00,0x00,0x00,0x00,0x00,0x00,0x00,0x00,0x00,0x00,0x38,0x78,
    0x7f,0xf0,0xf2,0xde,0xc1,0xdd,0xd3,0xf1,0x0d,0x0c,0x0e,0x1f,0x1f,0x04,0x84,0x84,0xc5,0x0f,0xef,0x7c,0x69,0x11,0x13,0x7c,0xff,0xff,0xff,0xff,0xff,0xff,0xff,0xff,
    0x00,0x00,0x00,0x00,0x00,0x00,0x00,0x00,0x00,0x00,0x00,0x00,0x00,0x00,0x00,0x00,0x00,0x00,0x00,0x00,0x00,0x00,0x00,0x00,0x20,0x50,0x88,0x88,0x67,0x5a,0x47,0xf3,
    0xcf,0xc7,0x8f,0xbf,0xac,0xcb,0x4f,0x87,0x83,0x01,0x00,0x00,0x00,0x00,0x00,0x00,0x00,0x00,0x00,0x00,0x10,0x30,0x39,0x1d,0x0f,0x03,0x01,0x00,0x00,0x00,0x00,0x00,
    0x00,0x00,0x00,0x00,0x00,0x00,0x00,0x00,0x00,0x00,0x00,0x00,0x00,0x00,0x00,0x00,0x00,0x00,0x00,0x00,0x00,0x00,0x00,0x00,0x00,0x00,0x00,0x00,0x00,0x00,0x00,0x00,
    0x00,0x00,0x00,0x01,0x01,0x1d,0x65,0xc7,0xd8,0x98,0x38,0x7c,0x7c,0x10,0x10,0x10,0xd1,0xf8,0x7b,0x9f,0xcb,0xc4,0x64,0x3f,0xff,0xff,0xff,0xff,0xff,0xff,0xff,0xff,
    0x00,0x00,0x00,0x00,0x00,0x00,0x00,0x00,0x00,0x00,0x00,0x00,0x00,0x00,0x04,0x00,0x00,0x00,0x00,0x00,0x00,0x00,0x00,0x00,0x00,0x00,0x00,0x00,0x01,0x00,0x00,0x00,
    0x00,0x00,0x00,0x00,0x00,0x00,0x00,0x00,0x00,0x01,0x09,0x00,0x00,0x00,0x00,0x00,0x00,0x00,0x00,0x00,0x00,0x00,0x00,0x00,0x00,0x00,0x00,0x00,0x01,0x00,0x00,0x00,
    0x00,0x00,0x00,0x00,0x00,0x00,0x00,0x00,0x00,0x00,0x00,0x00,0x00,0x00,0x00,0x00,0x00,0x00,0x00,0x00,0x00,0x10,0x38,0x10,0x00,0x00,0x00,0x00,0x00,0x00,0x00,0x00,
    0x00,0x00,0x00,0x00,0x00,0x00,0x00,0x01,0x02,0x04,0x05,0x09,0x09,0x09,0x11,0x09,0x09,0x09,0x05,0x04,0x02,0x41,0x40,0x42,0x22,0xe7,0xff,0xff,0xff,0xff,0xff,0xff
  },
  { // 37
    0x00,0x00,0x00,0x00,0x00,0x00,0x00,0x00,0x00,0x00,0x00,0x00,0x00,0x00,0x00,0x00,0x00,0x00,0x00,0x00,0x00,0x00,0x00,0x00,0x00,0x00,0x80,0x80,0x40,0x00,0x00,0x80,
    0x80,0x80,0x80,0x80,0x80,0x80,0x00,0x80,0x80,0x40,0x40,0x00,0x00,0x00,0x00,0x00,0x00,0x00,0x00,0x00,0x00,0x00,0x00,0x00,0x00,0x00,0x00,0x00,0x00,0x00,0x00,0x00,
    0x00,0x00,0x00,0x00,0x00,0x00,0x00,0x20,0x70,0x20,0x00,0x00,0x00,0x00,0x00,0x00,0x00,0x00,0x00,0x00,0x00,0x00,0x00,0x00,0x00,0x00,0x00,0x00,0x00,0x00,0x00,0x00,
    0x00,0xc0,0x40,0x40,0x80,0x00,0x00,0xc0,0xa0,0x90,0x50,0x48,0x48,0x48,0x44,0x48,0xc8,0xc8,0x58,0x98,0xac,0xd4,0x12,0x1f,0xff,0xff,0xff,0xff,0xff,0xff,0xff,0xff,
    0x80,0x80,0x80,0x80,0x80,0x80,0x80,0x80,0x80,0x80,0x80,0x80,0x80,0x80,0x80,0x80,0x80,0x80,0x80,0x80,0x80,0x80,0x80,0x80,0x82,0x85,0x88,0x88,0xf3,0xad,0xf1,0xe7,
    0xf9,0xf1,0xf8,0x7e,0x1a,0x69,0x79,0x70,0x60,0xc0,0x00,0x00,0x00,0x00,0x00,0x00,0x00,0x00,0x00,0x00,0x02,0x03,0xa7,0xee,0xfc,0xf0,0xa0,0x00,0x00,0x00,0x00,0x00,
    0x00,0x00,0x00,0x00,0x00,0x00,0x00,0x00,0x00,0x00,0x00,0x00,0x00,0x00,0x00,0x00,0x00,0x00,0x00,0x00,0x00,0x00,0x00,0x00,0x00,0x00,0x00,0x00,0x00,0x00,0x38,0x78,
    0x7f,0xf0,0xf2,0xde,0xc1,0xdd,0xd3,0xf1,0x0d,0x0c,0x0e,0x1f,0x1f,0x04,0x84,0x84,0xc5,0x0f,0xef,0x7c,0x69,0x11,0x13,0x7c,0xff,0xff,0xff,0xff,0xff,0xff,0xff,0xff,
    0x00,0x00,0x00,0x00,0x00,0x00,0x00,0x00,0x00,0x00,0x00,0x00,0x00,0x00,0x00,0x00,0x00,0x00,0x00,0x00,0x00,0x00,0x00,0x00,0x20,0x50,0x88,0x88,0x67,0x5a,0x47,0xf3,
    0xcf,0xc7,0x8f,0xbf,0xac,0xcb,0x4f,0x87,0x83,0x01,0x00,0x00,0x00,0x00,0x00,0x00,0x00,0x00,0x00,0x00,0x08,0x18,0x1c,0x0e,0x07,0x01,0x00,0x00,0x80,0x00,0x00,0x00,
    0x00,0x00,0x00,0x00,0x00,0x00,0x00,0x00,0x00,0x00,0x00,0x00,0x00,0x00,0x00,0x00,0x00,0x00,0x00,0x00,0x00,0x00,0x00,0x00,0x00,0x00,0x00,0x00,0x00,0x00,0x00,0x00,
    0x00,0x00,0x00,0x01,0x01,0x1d,0x65,0xc7,0xd8,0x98,0x38,0x7c,0x7c,0x10,0x10,0x10,0xd1,0xf8,0x7b,0x9f,0xcb,0xc4,0x64,0x3f,0xff,0xff,0xff,0xff,0xff,0xff,0xff,0xff,
    0x00,0x00,0x00,0x00,0x00,0x00,0x00,0x00,0x00,0x00,0x00,0x00,0x00,0x00,0x00,0x00,0x00,0x00,0x00,0x00,0x00,0x00,0x00,0x00,0x00,0x00,0x00,0x00,0x01,0x00,0x00,0x00,
    0x00,0x00,0x00,0x00,0x00,0x00,0x00,0x00,0x00,0x01,0x09,0x00,0x00,0x00,0x00,0x00,0x00,0x00,0x00,0x00,0x00,0x00,0x00,0x00,0x00,0x00,0x00,0x01,0x03,0x01,0x00,0x00,
    0x00,0x00,0x00,0x00,0x00,0x00,0x00,0x00,0x00,0x00,0x00,0x00,0x00,0x00,0x00,0x00,0x00,0x00,0x00,0x00,0x00,0x10,0x38,0x10,0x00,0x00,0x00,0x00,0x00,0x00,0x00,0x00,
    0x00,0x00,0x00,0x00,0x00,0x00,0x00,0x01,0x02,0x04,0x05,0x09,0x09,0x09,0x11,0x09,0x09,0x09,0x05,0x04,0x02,0x41,0x40,0x42,0x22,0xe7,0xff,0xff,0xff,0xff,0xff,0xff
  },
  { // 38
    0x00,0x00,0x00,0x00,0x00,0x00,0x00,0x00,0x00,0x00,0x00,0x00,0x00,0x00,0x00,0x00,0x00,0x00,0x00,0x00,0x00,0x00,0x00,0x00,0x00,0x00,0x80,0x80,0x40,0x40,0x00,0x80,
    0x80,0x00,0x80,0x80,0x80,0x80,0x80,0x80,0x80,0x40,0x00,0x00,0x00,0x00,0x08,0x00,0x00,0x00,0x00,0x00,0x00,0x00,0x00,0x00,0x00,0x00,0x00,0x00,0x00,0x00,0x00,0x00,
    0x00,0x00,0x00,0x00,0x00,0x00,0x00,0x20,0x70,0x20,0x00,0x00,0x00,0x00,0x00,0x00,0x00,0x00,0x00,0x00,0x00,0x00,0x00,0x00,0x00,0x00,0x00,0x00,0x00,0x00,0x00,0x00,
    0x00,0xc0,0x40,0x40,0x80,0x00,0x00,0xc0,0xa0,0x90,0x50,0x48,0x48,0x48,0x44,0x48,0xc8,0xc8,0x58,0x98,0xac,0xd4,0x12,0x1f,0xff,0xff,0xff,0xff,0xff,0xff,0xff,0xff,
    0x80,0x80,0x80,0x80,0x80,0x80,0x80,0x80,0x80,0x80,0x80,0x80,0x80,0x80,0x80,0x80,0x80,0x80,0x80,0x80,0x80,0x80,0x80,0x82,0x85,0x85,0x88,0x90,0xf0,0xa7,0xfb,0xed,
    0xf1,0xf1,0xf8,0x7c,0x1a,0x69,0x79,0x70,0x60,0xc0,0x00,0x00,0x00,0x00,0x00,0x00,0x00,0x00,0x00,0x00,0x00,0x02,0x03,0xa7,0xee,0xfc,0xf0,0xa0,0x00,0x00,0x00,0x00,
    0x00,0x00,0x00,0x00,0x00,0x00,0x00,0x00,0x00,0x00,0x00,0x00,0x00,0x00,0x00,0x00,0x00,0x00,0x00,0x00,0x00,0x00,0x00,0x00,0x00,0x00,0x00,0x00,0x00,0x00,0x38,0x78,
    0x7f,0xf0,0xf2,0xde,0xc1,0xdd,0xd3,0xf1,0x0d,0x0c,0x0e,0x1f,0x1f,0x04,0x84,0x84,0xc5,0x0f,0xef,0x7c,0x69,0x11,0x13,0x7c,0xff,0xff,0xff,0xff,0xff,0xff,0xff,0xff,
    0x00,0x00,0x00,0x00,0x00,0x00,0x00,0x00,0x00,0x00,0x00,0x00,0x00,0x00,0x00,0x00,0x00,0x00,0x00,0x00,0x00,0x00,0x00,0x20,0x50,0x50,0x88,0x84,0x07,0x72,0x6f,0xdb,
    0xc7,0x47,0x8f,0x9f,0xac,0xcb,0xcf,0x87,0x83,0x01,0x00,0x00,0x00,0x00,0x00,0x00,0x00,0x00,0x00,0x00,0x00,0x08,0x18,0x1c,0x0e,0x07,0x01,0x00,0x80,0x00,0x00,0x00,
    0x00,0x00,0x00,0x00,0x00,0x00,0x00,0x00,0x00,0x00,0x00,0x00,0x00,0x00,0x00,0x00,0x00,0x00,0x00,0x00,0x00,0x00,0x00,0x00,0x00,0x00,0x00,0x00,0x00,0x00,0x00,0x00,
    0x00,0x00,0x00,0x01,0x01,0x1d,0x65,0xc7,0xd8,0x98,0x38,0x7c,0x7c,0x10,0x10,0x10,0xd1,0xf8,0x7b,0x9f,0xcb,0xc4,0x64,0x3f,0xff,0xff,0xff,0xff,0xff,0xff,0xff,0xff,
    0x00,0x00,0x00,0x00,0x00,0x00,0x00,0x00,0x00,0x00,0x00,0x00,0x00,0x00,0x00,0x00,0x00,0x00,0x00,0x00,0x00,0x00,0x00,0x00,0x00,0x00,0x00,0x00,0x01,0x01,0x00,0x00,
    0x00,0x00,0x00,0x00,0x00,0x00,0x00,0x00,0x00,0x01,0x00,0x00,0x00,0x00,0x00,0x00,0x00,0x00,0x00,0x00,0x00,0x00,0x00,0x00,0x00,0x00,0x00,0x01,0x03,0x01,0x00,0x00,
    0x00,0x00,0x00,0x00,0x00,0x00,0x00,0x00,0x00,0x00,0x00,0x00,0x00,0x00,0x00,0x00,0x00,0x00,0x00,0x00,0x00,0x00,0x10,0x00,0x00,0x00,0x00,0x00,0x00,0x00,0x00,0x00,
    0x00,0x00,0x00,0x00,0x00,0x00,0x00,0x01,0x02,0x04,0x05,0x09,0x09,0x09,0x11,0x09,0x09,0x09,0x05,0x04,0x02,0x41,0x40,0x42,0x22,0xe7,0xff,0xff,0xff,0xff,0xff,0xff
  },
  { // 39
    0x00,0x00,0x00,0x00,0x00,0x00,0x00,0x00,0x00,0x00,0x00,0x00,0x00,0x00,0x00,0x00,0x00,0x00,0x00,0x00,0x00,0x00,0x00,0x00,0x00,0x00,0x80,0x80,0x40,0x40,0x00,0x80,
    0x80,0x00,0x80,0x80,0x80,0x80,0x80,0x80,0x80,0x40,0x00,0x00,0x00,0x00,0x08,0x00,0x00,0x00,0x00,0x00,0x00,0x00,0x00,0x80,0x80,0x00,0x00,0x00,0x00,0x00,0x00,0x00,
    0x00,0x00,0x00,0x00,0x00,0x00,0x00,0x20,0x70,0x20,0x00,0x00,0x00,0x00,0x00,0x00,0x00,0x00,0x00,0x00,0x00,0x00,0x00,0x00,0x00,0x00,0x00,0x00,0x00,0x00,0x00,0x00,
    0x00,0xc0,0x40,0x40,0x80,0x00,0x00,0xc0,0xa0,0x90,0x50,0x48,0x48,0x48,0x44,0x48,0xc8,0xc8,0x58,0x98,0xac,0xd4,0x12,0x1f,0xff,0xff,0xff,0xff,0xff,0xff,0xff,0xff,
    0x80,0x80,0x80,0x80,0x80,0x80,0x80,0x80,0x80,0x80,0x80,0x80,0x80,0x80,0x80,0x80,0x80,0x80,0x80,0x80,0x80,0x80,0x80,0x82,0x85,0x85,0x88,0x90,0xf0,0xa7,0xfb,0xed,
    0xf1,0xf1,0xf8,0x7c,0x1a,0x69,0x79,0x70,0x60,0xc0,0x00,0x00,0x00,0x00,0x00,0x00,0x00,0x00,0x00,0x00,0x00,0x50,0xf8,0xfe,0xff,0x75,0x20,0x00,0x00,0x00,0x00,0x00,
    0x00,0x00,0x00,0x00,0x00,0x00,0x00,0x00,0x00,0x00,0x00,0x00,0x00,0x00,0x00,0x00,0x00,0x00,0x00,0x00,0x00,0x00,0x00,0x00,0x00,0x00,0x00,0x00,0x00,0x00,0x38,0x78,
    0x7f,0xf0,0xf2,0xde,0xc1,0xdd,0xd3,0xf1,0x0d,0x0c,0x0e,0x1f,0x1f,0x04,0x84,0x84,0xc5,0x0f,0xef,0x7c,0x69,0x11,0x13,0x7c,0xff,0xff,0xff,0xff,0xff,0xff,0xff,0xff,
    0x00,0x00,0x00,0x00,0x00,0x00,0x00,0x00,0x00,0x00,0x00,0x00,0x00,0x00,0x00,0x00,0x00,0x00,0x00,0x00,0x00,0x00,0x00,0x20,0x50,0x50,0x88,0x84,0x07,0x72,0x6f,0xdb,
    0xc7,0x47,0x8f,0x9f,0xac,0xcb,0xcf,0x87,0x83,0x01,0x00,0x00,0x00,0x00,0x00,0x00,0x00,0x00,0x00,0x00,0x00,0x00,0x00,0x0b,0x0f,0x05,0x00,0x00,0x80,0x00,0x00,0x00,
    0x00,0x00,0x00,0x00,0x00,0x00,0x00,0x00,0x00,0x00,0x00,0x00,0x00,0x00,0x00,0x00,0x00,0x00,0x00,0x00,0x00,0x00,0x00,0x00,0x00,0x00,0x00,0x00,0x00,0x00,0x00,0x00,
    0x00,0x00,0x00,0x01,0x01,0x1d,0x65,0xc7,0xd8,0x98,0x38,0x7c,0x7c,0x10,0x10,0x10,0xd1,0xf8,0x7b,0x9f,0xcb,0xc4,0x64,0x3f,0xff,0xff,0xff,0xff,0xff,0xff,0xff,0xff,
    0x00,0x00,0x00,0x00,0x00,0x00,0x00,0x00,0x00,0x00,0x00,0x00,0x00,0x00,0x00,0x00,0x00,0x00,0x00,0x00,0x00,0x00,0x00,0x00,0x00,0x00,0x00,0x00,0x01,0x01,0x00,0x00,
    0x00,0x00,0x00,0x00,0x00,0x00,0x00,0x00,0x00,0x01,0x00,0x00,0x00,0x00,0x00,0x00,0x00,0x00,0x00,0x00,0x00,0x00,0x00,0x00,0x00,0x00,0x00,0x01,0x03,0x01,0x00,0x00,
    0x00,0x00,0x00,0x00,0x00,0x00,0x00,0x00,0x00,0x00,0x00,0x00,0x00,0x00,0x00,0x00,0x00,0x00,0x00,0x00,0x00,0x00,0x10,0x00,0x00,0x00,0x00,0x00,0x00,0x00,0x00,0x00,
    0x00,0x00,0x00,0x00,0x00,0x00,0x00,0x01,0x02,0x04,0x05,0x09,0x09,0x09,0x11,0x09,0x09,0x09,0x05,0x04,0x02,0x41,0x40,0x42,0x22,0xe7,0xff,0xff,0xff,0xff,0xff,0xff
  },
  { // 40
    0x00,0x00,0x00,0x00,0x00,0x00,0x00,0x00,0x00,0x00,0x00,0x00,0x00,0x00,0x00,0x00,0x00,0x00,0x00,0x00,0x00,0x00,0x00,0x00,0x00,0x00,0x80,0x80,0x40,0x40,0x00,0x80,
    0x80,0x00,0x80,0x80,0x80,0x80,0x80,0x80,0x80,0x40,0x00,0x00,0x00,0x00,0x08,0x00,0x00,0x00,0x00,0x00,0x00,0x00,0x00,0x40,0xc0,0x80,0x00,0x00,0x00,0x00,0x00,0x00,
    0x00,0x00,0x00,0x00,0x00,0x00,0x00,0x20,0x70,0x20,0x00,0x00,0x00,0x00,0x00,0x00,0x00,0x00,0x00,0x00,0x00,0x00,0x00,0x00,0x00,0x00,0x00,0x00,0x00,0x00,0x00,0x00,
    0x00,0xc0,0x40,0x40,0x80,0x00,0x00,0xc0,0xa0,0x90,0x50,0x48,0x48,0x48,0x44,0x48,0xc8,0xc8,0x58,0x98,0xac,0xd4,0x12,0x1f,0xff,0xff,0xff,0xff,0xff,0xff,0xff,0xff,
    0x80,0x80,0x80,0x80,0x80,0x80,0x80,0x80,0x80,0x80,0x80,0x80,0x80,0x80,0x80,0x80,0x80,0x80,0x80,0x80,0x80,0x80,0x80,0x82,0x85,0x85,0x88,0x90,0xf0,0xa7,0xfb,0xed,
    0xf1,0xf1,0xf8,0x7c,0x1a,0x69,0x79,0x70,0x60,0xc0,0x00,0x00,0x00,0x00,0x00,0x00,0x00,0x00,0x00,0x00,0x00,0x28,0x7c,0xff,0xff,0xba,0x10,0x00,0x00,0x00,0x00,0x00,
    0x00,0x00,0x00,0x00,0x00,0x00,0x00,0x00,0x00,0x00,0x00,0x00,0x00,0x00,0x00,0x00,0x00,0x00,0x00,0x00,0x00,0x00,0x00,0x00,0x00,0x00,0x00,0x00,0x00,0x00,0x38,0x78,
    0x7f,0xf0,0xf2,0xde,0xc1,0xdd,0xd3,0xf1,0x0d,0x0c,0x0e,0x1f,0x1f,0x04,0x84,0x84,0xc5,0x0f,0xef,0x7c,0x69,0x11,0x13,0x7c,0xff,0xff,0xff,0xff,0xff,0xff,0xff,0xff,
    0x00,0x00,0x00,0x00,0x00,0x00,0x00,0x00,0x00,0x00,0x00,0x00,0x00,0x00,0x00,0x00,0x00,0x00,0x00,0x00,0x00,0x00,0x00,0x20,0x50,0x50,0x88,0x84,0x07,0x72,0x6f,0xdb,
    0xc7,0x47,0x8f,0x9f,0xac,0xcb,0xcf,0x87,0x83,0x01,0x00,0x00,0x00,0x00,0x00,0x00,0x00,0x00,0x00,0x00,0x00,0x00,0x00,0x05,0x07,0x02,0x00,0x00,0x80,0x00,0x00,0x00,
    0x00,0x00,0x00,0x00,0x00,0x00,0x00,0x00,0x00,0x00,0x00,0x00,0x00,0x00,0x00,0x00,0x00,0x00,0x00,0x00,0x00,0x00,0x00,0x00,0x00,0x00,0x00,0x00,0x00,0x00,0x00,0x00,
    0x00,0x00,0x00,0x01,0x01,0x1d,0x65,0xc7,0xd8,0x98,0x38,0x7c,0x7c,0x10,0x10,0x10,0xd1,0xf8,0x7b,0x9f,0xcb,0xc4,0x64,0x3f,0xff,0xff,0xff,0xff,0xff,0xff,0xff,0xff,
    0x00,0x00,0x00,0x00,0x00,0x00,0x00,0x00,0x00,0x00,0x00,0x00,0x00,0x00,0x00,0x00,0x00,0x00,0x00,0x00,0x00,0x00,0x00,0x00,0x00,0x00,0x00,0x00,0x01,0x01,0x00,0x00,
    0x00,0x00,0x00,0x00,0x00,0x00,0x00,0x00,0x00,0x01,0x00,0x00,0x00,0x00,0x00,0x00,0x00,0x00,0x00,0x00,0x00,0x00,0x00,0x00,0x00,0x00,0x00,0x01,0x03,0x01,0x00,0x00,
    0x00,0x00,0x00,0x00,0x00,0x00,0x00,0x00,0x00,0x00,0x00,0x00,0x00,0x00,0x00,0x00,0x00,0x00,0x00,0x00,0x00,0x00,0x10,0x00,0x00,0x00,0x00,0x00,0x00,0x00,0x00,0x00,
    0x00,0x00,0x00,0x00,0x00,0x00,0x00,0x01,0x02,0x04,0x05,0x09,0x09,0x09,0x11,0x09,0x09,0x09,0x05,0x04,0x02,0x41,0x40,0x42,0x22,0xe7,0xff,0xff,0xff,0xff,0xff,0xff
  },
  { // 41
    0x00,0x00,0x00,0x00,0x00,0x00,0x00,0x00,0x00,0x00,0x00,0x00,0x00,0x00,0x00,0x00,0x00,0x00,0x00,0x00,0x00,0x00,0x00,0x00,0x00,0x00,0x00,0x80,0x80,0x40,0x40,0x00,
    0x80,0x80,0x00,0x80,0x80,0x80,0x80,0x80,0x80,0x80,0x40,0x00,0x00,0x00,0x08,0x00,0x00,0x00,0x00,0x00,0x00,0x00,0x00,0x00,0x00,0x00,0x80,0xc0,0x40,0x00,0x00,0x00,
    0x00,0x00,0x00,0x00,0x00,0x00,0x00,0x20,0x70,0x20,0x00,0x00,0x00,0x00,0x00,0x00,0x00,0x00,0x00,0x00,0x00,0x00,0x00,0x00,0x00,0x00,0x00,0x00,0x00,0x00,0x00,0x00,
    0x00,0xc0,0x40,0x40,0x80,0x00,0x00,0xc0,0xa0,0x90,0x50,0x48,0x48,0x48,0x44,0x48,0xc8,0xc8,0x58,0x98,0xac,0xd4,0x12,0x1f,0xff,0xff,0xff,0xff,0xff,0xff,0xff,0xff,
    0x80,0x80,0x80,0x80,0x80,0x80,0x80,0x80,0x80,0x80,0x80,0x80,0x80,0x80,0x80,0x80,0x80,0x80,0x80,0x80,0x80,0x80,0x80,0x80,0x82,0x85,0x85,0x88,0x90,0xf0,0xa7,0xfb,
    0xed,0xf1,0xf1,0xf8,0x7c,0x1a,0x69,0x79,0x70,0x60,0xc0,0x00,0x00,0x00,0x00,0x00,0x00,0x00,0x00,0x00,0x00,0x00,0x28,0x7c,0xfe,0xff,0xbb,0x28,0x00,0x00,0x00,0x00,
    0x00,0x00,0x00,0x00,0x00,0x00,0x00,0x00,0x00,0x00,0x00,0x00,0x00,0x00,0x00,0x00,0x00,0x00,0x00,0x00,0x00,0x00,0x00,0x00,0x00,0x00,0x00,0x00,0x00,0x00,0x38,0x78,
    0x7f,0xf0,0xf2,0xde,0xc1,0xdd,0xd3,0xf1,0x0d,0x0c,0x0a,0x11,0x1f,0x04,0x84,0x84,0xc5,0x0e,0xef,0x5c,0x69,0x11,0x13,0x7c,0xff,0xff,0xff,0xff,0xff,0xff,0xff,0xff,
    0x00,0x00,0x00,0x00,0x00,0x00,0x00,0x00,0x00,0x00,0x00,0x00,0x00,0x00,0x00,0x00,0x00,0x00,0x00,0x00,0x00,0x00,0x00,0x00,0x20,0x50,0x50,0x88,0x84,0x07,0x72,0x6f,
    0xdb,0xc7,0x47,0x8f,0x9f,0xac,0xcb,0xcf,0x87,0x83,0x01,0x00,0x00,0x00,0x00,0x00,0x00,0x00,0x00,0x00,0x00,0x00,0x00,0x00,0x00,0x01,0x03,0x06,0x84,0x00,0x00,0x00,
    0x00,0x00,0x00,0x00,0x00,0x00,0x00,0x00,0x00,0x00,0x00,0x00,0x00,0x00,0x00,0x00,0x00,0x00,0x00,0x00,0x00,0x00,0x00,0x00,0x00,0x00,0x00,0x00,0x00,0x00,0x00,0x00,
    0x00,0x00,0x00,0x01,0x01,0x1d,0x65,0xc7,0xd8,0x98,0x28,0x44,0x7c,0x10,0x10,0x10,0xd1,0xb8,0x7b,0x9d,0xcb,0xc4,0x64,0x3f,0xff,0xff,0xff,0xff,0xff,0xff,0xff,0xff,
    0x00,0x00,0x00,0x00,0x00,0x00,0x00,0x00,0x00,0x00,0x00,0x00,0x00,0x00,0x00,0x00,0x00,0x00,0x00,0x00,0x00,0x00,0x00,0x00,0x00,0x00,0x00,0x00,0x00,0x01,0x01,0x00,
    0x00,0x00,0x00,0x00,0x00,0x00,0x00,0x00,0x00,0x00,0x01,0x00,0x00,0x00,0x00,0x00,0x00,0x00,0x00,0x00,0x00,0x00,0x00,0x00,0x00,0x00,0x00,0x01,0x03,0x01,0x00,0x00,
    0x00,0x00,0x00,0x00,0x00,0x00,0x00,0x00,0x00,0x00,0x00,0x00,0x00,0x00,0x00,0x00,0x00,0x00,0x00,0x00,0x00,0x00,0x10,0x00,0x00,0x00,0x00,0x00,0x00,0x00,0x00,0x00,
    0x00,0x00,0x00,0x00,0x00,0x00,0x00,0x01,0x02,0x04,0x05,0x09,0x09,0x09,0x11,0x09,0x09,0x09,0x05,0x04,0x02,0x41,0x40,0x42,0x22,0xe7,0xff,0xff,0xff,0xff,0xff,0xff
  },
  { // 42
    0x00,0x00,0x00,0x00,0x00,0x00,0x00,0x00,0x00,0x00,0x00,0x00,0x00,0x00,0x00,0x00,0x00,0x00,0x00,0x00,0x00,0x00,0x00,0x00,0x00,0x00,0x00,0x80,0x80,0x40,0x40,0x00,
    0x80,0x80,0x00,0x80,0x80,0x80,0x80,0x80,0x80,0x80,0x40,0x00,0x00,0x00,0x08,0x00,0x00,0x00,0x00,0x00,0x00,0x00,0x00,0x00,0x00,0x80,0xc0,0x60,0x20,0x00,0x00,0x00,
    0x00,0x00,0x00,0x00,0x00,0x00,0x00,0x20,0x70,0x20,0x00,0x00,0x00,0x00,0x00,0x00,0x00,0x00,0x00,0x00,0x00,0x00,0x00,0x00,0x00,0x00,0x00,0x00,0x00,0x00,0x00,0x00,
    0x00,0xc0,0x40,0x40,0x80,0x00,0x00,0xc0,0xa0,0x90,0x50,0x48,0x48,0x48,0x44,0x48,0xc8,0xc8,0x58,0x98,0xac,0xd4,0x12,0x1f,0xff,0xff,0xff,0xff,0xff,0xff,0xff,0xff,
    0x80,0x80,0x80,0x80,0x80,0x80,0x80,0x80,0x80,0x80,0x80,0x80,0x80,0x80,0x80,0x80,0x80,0x80,0x80,0x80,0x80,0x80,0x80,0x80,0x82,0x85,0x85,0x88,0x90,0xf0,0xa7,0xfb,
    0xed,0xf1,0xf1,0xf8,0x7c,0x1a,0x69,0x79,0x70,0x60,0xc0,0x00,0x00,0x00,0x00,0x00,0x00,0x00,0x00,0x00,0x00,0x00,0x14,0x3e,0x7f,0xff,0xdd,0x14,0x00,0x00,0x00,0x00,
    0x00,0x00,0x00,0x00,0x00,0x00,0x00,0x00,0x00,0x00,0x00,0x00,0x00,0x00,0x00,0x00,0x00,0x00,0x00,0x00,0x00,0x00,0x00,0x00,0x00,0x00,0x00,0x00,0x00,0x00,0x38,0x78,
    0x7f,0xf0,0xf2,0xde,0xc1,0xdd,0xd3,0xf1,0x0d,0x0c,0x0a,0x11,0x1f,0x04,0x84,0x84,0xc5,0x0e,0xef,0x5c,0x69,0x11,0x13,0x7c,0xff,0xff,0xff,0xff,0xff,0xff,0xff,0xff,
    0x00,0x00,0x00,0x00,0x00,0x00,0x00,0x00,0x00,0x00,0x00,0x00,0x00,0x00,0x00,0x00,0x00,0x00,0x00,0x00,0x00,0x00,0x00,0x00,0x20,0x50,0x50,0x88,0x84,0x07,0x72,0x6f,
    0xdb,0xc7,0x47,0x8f,0x9f,0xac,0xcb,0xcf,0x87,0x83,0x01,0x00,0x00,0x00,0x00,0x00,0x00,0x00,0x00,0x00,0x00,0x00,0x00,0x00,0x00,0x00,0x01,0x03,0x82,0x00,0x00,0x00,
    0x00,0x00,0x00,0x00,0x00,0x00,0x00,0x00,0x00,0x00,0x00,0x00,0x00,0x00,0x00,0x00,0x00,0x00,0x00,0x00,0x00,0x00,0x00,0x00,0x00,0x00,0x00,0x00,0x00,0x00,0x00,0x00,
    0x00,0x00,0x00,0x01,0x01,0x1d,0x65,0xc7,0xd8,0x98,0x28,0x44,0x7c,0x10,0x10,0x10,0xd1,0xb8,0x7b,0x9d,0xcb,0xc4,0x64,0x3f,0xff,0xff,0xff,0xff,0xff,0xff,0xff,0xff,
    0x00,0x00,0x00,0x00,0x00,0x00,0x00,0x00,0x00,0x00,0x00,0x00,0x00,0x00,0x00,0x00,0x00,0x00,0x00,0x00,0x00,0x00,0x00,0x00,0x00,0x00,0x00,0x00,0x00,0x01,0x01,0x00,
    0x00,0x00,0x00,0x00,0x00,0x00,0x00,0x00,0x00,0x00,0x01,0x00,0x00,0x00,0x00,0x00,0x00,0x00,0x00,0x00,0x00,0x00,0x00,0x00,0x00,0x00,0x00,0x01,0x03,0x01,0x00,0x00,
    0x00,0x00,0x00,0x00,0x00,0x00,0x00,0x00,0x00,0x00,0x00,0x00,0x00,0x00,0x00,0x00,0x00,0x00,0x00,0x00,0x00,0x00,0x10,0x00,0x00,0x00,0x00,0x00,0x00,0x00,0x00,0x00,
    0x00,0x00,0x00,0x00,0x00,0x00,0x00,0x01,0x02,0x04,0x05,0x09,0x09,0x09,0x11,0x09,0x09,0x09,0x05,0x04,0x02,0x41,0x40,0x42,0x22,0xe7,0xff,0xff,0xff,0xff,0xff,0xff
  },
  { // 43
    0x00,0x00,0x00,0x00,0x00,0x00,0x00,0x00,0x00,0x00,0x00,0x00,0x00,0x00,0x00,0x00,0x00,0x00,0x00,0x00,0x00,0x00,0x00,0x00,0x00,0x00,0x00,0x80,0x80,0x40,0x40,0x00,
    0x80,0x80,0x00,0x80,0x80,0x80,0x80,0x80,0x80,0x80,0x40,0x00,0x00,0x00,0x08,0x00,0x00,0x00,0x00,0x00,0x00,0x00,0x00,0x00,0x00,0xd0,0xf0,0xa0,0x00,0x00,0x00,0x00,
    0x00,0x00,0x00,0x00,0x00,0x00,0x00,0x20,0x70,0x20,0x00,0x00,0x00,0x00,0x00,0x00,0x00,0x00,0x00,0x00,0x00,0x00,0x00,0x00,0x00,0x00,0x00,0x00,0x00,0x00,0x00,0x00,
    0x00,0xc0,0x40,0x40,0x80,0x00,0x00,0xc0,0xa0,0x90,0x50,0x48,0x48,0x48,0x44,0x48,0x48,0x48,0x58,0x98,0xac,0xd4,0x12,0x1f,0xff,0xff,0xff,0xff,0xff,0xff,0xff,0xff,
    0x80,0x80,0x80,0x80,0x80,0x80,0x80,0x80,0x80,0x80,0x80,0x80,0x80,0x80,0x80,0x80,0x80,0x80,0x80,0x80,0x80,0x80,0x80,0x80,0x82,0x85,0x85,0x88,0x90,0xf0,0xa7,0xfb,
    0xed,0xf1,0xf1,0xf8,0x7c,0x1a,0x69,0x79,0x70,0x60,0xc0,0x00,0x00,0x00,0x00,0x00,0x00,0x00,0x00,0x00,0x00,0x00,0x00,0x0a,0x1f,0x7f,0xff,0xae,0x04,0x00,0x00,0x00,
    0x00,0x00,0x00,0x00,0x00,0x00,0x00,0x00,0x00,0x00,0x00,0x00,0x00,0x00,0x00,0x00,0x00,0x00,0x00,0x00,0x00,0x00,0x00,0x00,0x00,0x00,0x00,0x00,0x00,0x00,0x38,0x78,
    0x7f,0xf0,0xf2,0xde,0xc1,0xdd,0xd3,0xf1,0x09,0x08,0x00,0x00,0x00,0x04,0x04,0x04,0x04,0x08,0x08,0x00,0x09,0x11,0x13,0x7c,0xff,0xff,0xff,0xff,0xff,0xff,0xff,0xff,
    0x00,0x00,0x00,0x00,0x00,0x00,0x00,0x00,0x00,0x00,0x00,0x00,0x00,0x00,0x00,0x00,0x00,0x00,0x00,0x00,0x00,0x00,0x00,0x00,0x20,0x50,0x50,0x88,0x84,0x07,0x72,0x6f,
    0xdb,0xc7,0x47,0x8f,0x9f,0xac,0xcb,0xcf,0x87,0x83,0x01,0x00,0x00,0x00,0x00,0x00,0x00,0x00,0x00,0x00,0x00,0x00,0x00,0x00,0x00,0x01,0x01,0x00,0x80,0x00,0x00,0x00,
    0x00,0x00,0x00,0x00,0x00,0x00,0x00,0x00,0x00,0x00,0x00,0x00,0x00,0x00,0x00,0x00,0x00,0x00,0x00,0x00,0x00,0x00,0x00,0x00,0x00,0x00,0x00,0x00,0x00,0x00,0x00,0x00,
    0x00,0x00,0x00,0x01,0x01,0x1d,0x65,0xc7,0xc8,0x88,0x00,0x00,0x00,0x10,0x10,0x10,0x10,0x08,0x08,0x80,0xc8,0xc4,0x64,0x3f,0xff,0xff,0xff,0xff,0xff,0xff,0xff,0xff,
    0x00,0x00,0x00,0x00,0x00,0x00,0x00,0x00,0x00,0x00,0x00,0x00,0x00,0x00,0x00,0x00,0x00,0x00,0x00,0x00,0x00,0x00,0x00,0x00,0x00,0x00,0x00,0x00,0x00,0x01,0x01,0x00,
    0x00,0x00,0x00,0x00,0x00,0x00,0x00,0x00,0x00,0x00,0x01,0x00,0x00,0x00,0x00,0x00,0x00,0x00,0x00,0x00,0x00,0x00,0x00,0x00,0x00,0x00,0x00,0x01,0x03,0x01,0x00,0x00,
    0x00,0x00,0x00,0x00,0x00,0x00,0x00,0x00,0x00,0x00,0x00,0x00,0x00,0x00,0x00,0x00,0x00,0x00,0x00,0x00,0x00,0x00,0x10,0x00,0x00,0x00,0x00,0x00,0x00,0x00,0x00,0x00,
    0x00,0x00,0x00,0x00,0x00,0x00,0x00,0x01,0x02,0x04,0x05,0x09,0x09,0x09,0x11,0x09,0x09,0x09,0x05,0x04,0x02,0x41,0x40,0x42,0x22,0xe7,0xff,0xff,0xff,0xff,0xff,0xff
  },
  { // 44
    0x00,0x00,0x00,0x00,0x00,0x00,0x00,0x00,0x00,0x00,0x00,0x00,0x00,0x00,0x00,0x00,0x00,0x00,0x00,0x00,0x00,0x00,0x00,0x00,0x00,0x00,0x00,0x00,0x80,0x80,0x40,0x00,
    0x00,0x80,0x80,0x80,0x80,0x80,0x80,0x80,0x00,0x80,0x80,0x40,0x40,0x00,0x08,0x00,0x00,0x00,0x00,0x00,0x00,0x00,0x00,0x00,0x00,0xd0,0xf0,0xa0,0x00,0x00,0x00,0x00,
    0x00,0x00,0x00,0x00,0x00,0x00,0x00,0x20,0x70,0x20,0x00,0x00,0x00,0x00,0x00,0x00,0x00,0x00,0x00,0x00,0x00,0x00,0x00,0x00,0x00,0x00,0x00,0x00,0x00,0x00,0x00,0x00,
    0x00,0xc0,0x40,0x40,0x80,0x00,0x00,0xc0,0xa0,0x90,0x50,0x48,0x48,0x48,0x44,0x48,0x48,0x48,0x58,0x98,0xac,0xd4,0x12,0x1f,0xff,0xff,0xff,0xff,0xff,0xff,0xff,0xff,
    0x80,0x80,0x80,0x80,0x80,0x80,0x80,0x80,0x80,0x80,0x80,0x80,0x80,0x80,0x80,0x80,0x80,0x80,0x80,0x80,0x80,0x80,0x80,0x80,0x80,0x80,0x82,0x85,0x88,0x88,0xf3,0xad,
    0xf1,0xe7,0xf9,0xf1,0xf8,0x7e,0x1a,0x69,0x79,0x70,0x60,0xc0,0x00,0x00,0x00,0x00,0x00,0x00,0x00,0x00,0x00,0x00,0x00,0x0a,0x1f,0x7f,0xff,0xae,0x04,0x00,0x00,0x00,
    0x00,0x00,0x00,0x00,0x00,0x00,0x00,0x00,0x00,0x00,0x00,0x00,0x00,0x00,0x00,0x00,0x00,0x00,0x00,0x00,0x00,0x00,0x00,0x00,0x00,0x00,0x00,0x00,0x00,0x00,0x38,0x78,
    0x7f,0xf0,0xf2,0xde,0xc1,0xdd,0xd3,0xf1,0x09,0x08,0x00,0x00,0x00,0x04,0x04,0x04,0x04,0x08,0x08,0x00,0x09,0x11,0x13,0x7c,0xff,0xff,0xff,0xff,0xff,0xff,0xff,0xff,
    0x00,0x00,0x00,0x00,0x00,0x00,0x00,0x00,0x00,0x00,0x00,0x00,0x00,0x00,0x00,0x00,0x00,0x00,0x00,0x00,0x00,0x00,0x00,0x00,0x00,0x00,0x20,0x50,0x88,0x88,0x67,0x5a,
    0x47,0xf3,0xcf,0xc7,0x8f,0xbf,0xac,0xcb,0x4f,0x87,0x83,0x01,0x00,0x00,0x00,0x00,0x00,0x00,0x00,0x00,0x00,0x00,0x00,0x00,0x00,0x01,0x01,0x00,0x80,0x00,0x00,0x00,
    0x00,0x00,0x00,0x00,0x00,0x00,0x00,0x00,0x00,0x00,0x00,0x00,0x00,0x00,0x00,0x00,0x00,0x00,0x00,0x00,0x00,0x00,0x00,0x00,0x00,0x00,0x00,0x00,0x00,0x00,0x00,0x00,
    0x00,0x00,0x00,0x01,0x01,0x1d,0x65,0xc7,0xc8,0x88,0x00,0x00,0x00,0x10,0x10,0x10,0x10,0x08,0x08,0x80,0xc8,0xc4,0x64,0x3f,0xff,0xff,0xff,0xff,0xff,0xff,0xff,0xff,
    0x00,0x00,0x00,0x00,0x00,0x00,0x00,0x00,0x00,0x00,0x00,0x00,0x00,0x00,0x00,0x00,0x00,0x00,0x00,0x00,0x00,0x00,0x00,0x00,0x00,0x00,0x00,0x00,0x00,0x00,0x01,0x00,
    0x00,0x00,0x00,0x00,0x00,0x00,0x00,0x00,0x00,0x00,0x00,0x01,0x01,0x00,0x00,0x00,0x00,0x00,0x00,0x00,0x00,0x00,0x00,0x00,0x00,0x00,0x00,0x01,0x03,0x01,0x00,0x00,
    0x00,0x00,0x00,0x00,0x00,0x00,0x00,0x00,0x00,0x00,0x00,0x00,0x00,0x00,0x00,0x00,0x00,0x00,0x00,0x00,0x00,0x00,0x10,0x00,0x00,0x00,0x00,0x00,0x00,0x00,0x00,0x00,
    0x00,0x00,0x00,0x00,0x00,0x00,0x00,0x01,0x02,0x04,0x05,0x09,0x09,0x09,0x11,0x09,0x09,0x09,0x05,0x04,0x02,0x41,0x40,0x42,0x22,0xe7,0xff,0xff,0xff,0xff,0xff,0xff
  },
  { // 45
    0x00,0x00,0x00,0x00,0x00,0x00,0x20,0x00,0x00,0x00,0x00,0x00,0x00,0x00,0x00,0x00,0x00,0x00,0x00,0x00,0x00,0x00,0x00,0x00,0x00,0x00,0x00,0x00,0x80,0x80,0x40,0x00,
    0x00,0x80,0x80,0x80,0x80,0x80,0x80,0x80,0x00,0x80,0x80,0x40,0x40,0x08,0x1c,0x08,0x00,0x00,0x00,0x00,0x00,0x00,0x00,0x00,0x10,0x18,0x38,0x70,0xe0,0x80,0x00,0x00,
    0x00,0x00,0x00,0x00,0x00,0x00,0x00,0x00,0x20,0x00,0x00,0x00,0x00,0x00,0x00,0x00,0x00,0x00,0x00,0x00,0x00,0x00,0x00,0x00,0x00,0x00,0x00,0x00,0x00,0x00,0x00,0x00,
    0x00,0xc0,0x40,0x40,0x80,0x00,0x00,0xc0,0xa0,0x90,0x50,0x48,0x48,0x48,0x44,0x48,0xc8,0xc8,0x58,0x98,0xac,0xd4,0x12,0x1f,0xff,0xff,0xff,0xff,0xff,0xff,0xff,0xff,
    0x80,0x80,0x80,0x80,0x80,0x80,0x80,0x80,0x80,0x80,0x80,0x80,0x80,0x80,0x80,0x80,0x80,0x80,0x80,0x80,0x80,0x80,0x80,0x80,0x80,0x80,0x82,0x85,0x88,0x88,0xf3,0xad,
    0xf1,0xe7,0xf9,0xf1,0xf8,0x7e,0x1a,0x69,0x79,0x70,0x60,0xc0,0x00,0x00,0x00,0x00,0x00,0x00,0x00,0x00,0x00,0x00,0x00,0x00,0x40,0xc0,0xe5,0x77,0x3f,0x0f,0x05,0x00,
    0x00,0x00,0x00,0x00,0x00,0x00,0x00,0x00,0x00,0x00,0x00,0x00,0x00,0x00,0x00,0x00,0x00,0x00,0x00,0x00,0x00,0x00,0x00,0x00,0x00,0x00,0x00,0x00,0x00,0x00,0x38,0x78,
    0x7f,0xf0,0xf2,0xde,0xc1,0xdd,0xd3,0xf1,0x0d,0x0c,0x0e,0x1f,0x1f,0x04,0x84,0x84,0xc5,0x0f,0xef,0x7c,0x69,0x11,0x13,0x7c,0xff,0xff,0xff,0xff,0xff,0xff,0xff,0xff,
    0x00,0x00,0x00,0x00,0x00,0x00,0x00,0x00,0x00,0x00,0x00,0x00,0x00,0x00,0x00,0x00,0x00,0x00,0x00,0x00,0x00,0x00,0x00,0x00,0x00,0x00,0x20,0x50,0x88,0x88,0x67,0x5a,
    0x47,0xf3,0xcf,0xc7,0x8f,0xbf,0xac,0xcb,0x4f,0x87,0x83,0x01,0x00,0x00,0x00,0x00,0x00,0x00,0x00,0x00,0x00,0x00,0x00,0x00,0x00,0x00,0x00,0x00,0x80,0x00,0x00,0x00,
    0x00,0x00,0x00,0x00,0x00,0x00,0x00,0x00,0x00,0x00,0x00,0x00,0x00,0x00,0x00,0x00,0x00,0x00,0x00,0x00,0x00,0x00,0x00,0x00,0x00,0x00,0x00,0x00,0x00,0x00,0x00,0x00,
    0x00,0x00,0x00,0x01,0x01,0x1d,0x65,0xc7,0xd8,0x98,0x38,0x7c,0x7c,0x10,0x10,0x10,0xd1,0xf8,0x7b,0x9f,0xcb,0xc4,0x64,0x3f,0xff,0xff,0xff,0xff,0xff,0xff,0xff,0xff,
    0x00,0x00,0x00,0x00,0x00,0x00,0x00,0x00,0x00,0x00,0x00,0x00,0x00,0x00,0x00,0x00,0x00,0x00,0x00,0x00,0x00,0x00,0x00,0x00,0x00,0x00,0x00,0x00,0x00,0x00,0x01,0x00,
    0x00,0x00,0x00,0x00,0x00,0x00,0x00,0x00,0x00,0x00,0x00,0x01,0x01,0x00,0x00,0x00,0x00,0x00,0x00,0x00,0x00,0x00,0x00,0x00,0x00,0x00,0x00,0x01,0x03,0x01,0x00,0x00,
    0x00,0x00,0x00,0x00,0x00,0x00,0x00,0x00,0x00,0x00,0x00,0x00,0x00,0x00,0x00,0x00,0x00,0x00,0x00,0x00,0x00,0x00,0x00,0x00,0x00,0x00,0x00,0x00,0x00,0x00,0x00,0x00,
    0x00,0x00,0x00,0x00,0x00,0x00,0x00,0x01,0x02,0x04,0x05,0x09,0x09,0x09,0x11,0x09,0x09,0x09,0x05,0x04,0x02,0x41,0x40,0x42,0x22,0xe7,0xff,0xff,0xff,0xff,0xff,0xff
  },
  { // 46
    0x00,0x00,0x00,0x00,0x00,0x00,0x20,0x00,0x00,0x00,0x00,0x00,0x00,0x00,0x00,0x00,0x00,0x00,0x00,0x00,0x00,0x00,0x00,0x00,0x00,0x00,0x00,0x00,0x80,0x80,0x40,0x00,
    0x00,0x80,0x80,0x80,0x80,0x80,0x80,0x80,0x00,0x80,0x80,0x40,0x40,0x08,0x1c,0x08,0x00,0x00,0x00,0x00,0x00,0x00,0x00,0x00,0x00,0x08,0x0c,0x9c,0xb8,0xf0,0xc0,0x80,
    0x00,0x00,0x00,0x00,0x00,0x00,0x00,0x00,0x20,0x00,0x00,0x00,0x00,0x00,0x00,0x00,0x00,0x00,0x00,0x00,0x00,0x00,0x00,0x00,0x00,0x00,0x00,0x00,0x00,0x00,0x00,0x00,
    0x00,0xc0,0x40,0x40,0x80,0x00,0x00,0xc0,0xa0,0x90,0x50,0x48,0x48,0x48,0x44,0x48,0xc8,0xc8,0x58,0x98,0xac,0xd4,0x12,0x1f,0xff,0xff,0xff,0xff,0xff,0xff,0xff,0xff,
    0x80,0x80,0x80,0x80,0x80,0x80,0x80,0x80,0x80,0x80,0x80,0x80,0x80,0x80,0x80,0x80,0x80,0x80,0x80,0x80,0x80,0x80,0x80,0x80,0x80,0x80,0x82,0x85,0x88,0x88,0xf3,0xad,
    0xf1,0xe7,0xf9,0xf1,0xf8,0x7e,0x1a,0x69,0x79,0x70,0x60,0xc0,0x00,0x00,0x00,0x00,0x00,0x00,0x00,0x00,0x00,0x00,0x00,0x00,0x00,0x20,0x60,0x72,0x3b,0x1f,0x07,0x02,
    0x00,0x00,0x00,0x00,0x00,0x00,0x00,0x00,0x00,0x00,0x00,0x00,0x00,0x00,0x00,0x00,0x00,0x00,0x00,0x00,0x00,0x00,0x00,0x00,0x00,0x00,0x00,0x00,0x00,0x00,0x38,0x78,
    0x7f,0xf0,0xf2,0xde,0xc1,0xdd,0xd3,0xf1,0x0d,0x0c,0x0e,0x1f,0x1f,0x04,0x84,0x84,0xc5,0x0f,0xef,0x7c,0x69,0x11,0x13,0x7c,0xff,0xff,0xff,0xff,0xff,0xff,0xff,0xff,
    0x00,0x00,0x00,0x00,0x00,0x00,0x00,0x00,0x00,0x00,0x00,0x00,0x00,0x00,0x00,0x00,0x00,0x00,0x00,0x00,0x00,0x00,0x00,0x00,0x00,0x00,0x20,0x50,0x88,0x88,0x67,0x5a,
    0x47,0xf3,0xcf,0xc7,0x8f,0xbf,0xac,0xcb,0x4f,0x87,0x83,0x01,0x00,0x00,0x00,0x00,0x00,0x00,0x00,0x00,0x00,0x00,0x00,0x00,0x00,0x00,0x00,0x00,0x80,0x00,0x00,0x00,
    0x00,0x00,0x00,0x00,0x00,0x00,0x00,0x00,0x00,0x00,0x00,0x00,0x00,0x00,0x00,0x00,0x00,0x00,0x00,0x00,0x00,0x00,0x00,0x00,0x00,0x00,0x00,0x00,0x00,0x00,0x00,0x00,
    0x00,0x00,0x00,0x01,0x01,0x1d,0x65,0xc7,0xd8,0x98,0x38,0x7c,0x7c,0x10,0x10,0x10,0xd1,0xf8,0x7b,0x9f,0xcb,0xc4,0x64,0x3f,0xff,0xff,0xff,0xff,0xff,0xff,0xff,0xff,
    0x00,0x00,0x00,0x00,0x00,0x00,0x00,0x00,0x00,0x00,0x00,0x00,0x00,0x00,0x00,0x00,0x00,0x00,0x00,0x00,0x00,0x00,0x00,0x00,0x00,0x00,0x00,0x00,0x00,0x00,0x01,0x00,
    0x00,0x00,0x00,0x00,0x00,0x00,0x00,0x00,0x00,0x00,0x00,0x01,0x01,0x00,0x00,0x00,0x00,0x00,0x00,0x00,0x00,0x00,0x00,0x00,0x00,0x00,0x00,0x01,0x03,0x01,0x00,0x00,
    0x00,0x00,0x00,0x00,0x00,0x00,0x00,0x00,0x00,0x00,0x00,0x00,0x00,0x00,0x00,0x00,0x00,0x00,0x00,0x00,0x00,0x00,0x00,0x00,0x00,0x00,0x00,0x00,0x00,0x00,0x00,0x00,
    0x00,0x00,0x00,0x00,0x00,0x00,0x00,0x01,0x02,0x04,0x05,0x09,0x09,0x09,0x11,0x09,0x09,0x09,0x05,0x04,0x02,0x41,0x40,0x42,0x22,0xe7,0xff,0xff,0xff,0xff,0xff,0xff
  },
  { // 47
    0x00,0x00,0x00,0x00,0x00,0x00,0x20,0x00,0x00,0x00,0x00,0x00,0x00,0x00,0x00,0x00,0x00,0x00,0x00,0x00,0x00,0x00,0x00,0x00,0x00,0x00,0x00,0x00,0x00,0x80,0x40,0x00,
    0x00,0x00,0x80,0x80,0x80,0x80,0x80,0x80,0x00,0x00,0x80,0x80,0x80,0x48,0x5c,0x08,0x00,0x00,0x00,0x00,0x00,0x00,0x00,0x00,0x00,0x08,0x0c,0x9c,0xb8,0xf0,0xc0,0x80,
    0x00,0x00,0x00,0x00,0x00,0x00,0x00,0x00,0x20,0x00,0x00,0x00,0x00,0x00,0x00,0x00,0x00,0x00,0x00,0x00,0x00,0x00,0x00,0x00,0x00,0x00,0x00,0x00,0x00,0x00,0x00,0x00,
    0x00,0xc0,0x40,0x40,0x80,0x00,0x00,0xc0,0xa0,0x90,0x50,0x48,0x48,0x48,0x44,0x48,0xc8,0xc8,0x58,0x98,0xac,0xd4,0x12,0x1f,0xff,0xff,0xff,0xff,0xff,0xff,0xff,0xff,
    0x80,0x80,0x80,0x80,0x80,0x80,0x80,0x80,0x80,0x80,0x80,0x80,0x80,0x80,0x80,0x80,0x80,0x80,0x80,0x80,0x80,0x80,0x80,0x80,0x80,0x80,0x80,0x80,0x82,0x85,0x89,0xf7,
    0xb9,0xe1,0xe0,0xff,0xf1,0xfe,0x7a,0x19,0x69,0x79,0x70,0x60,0xc0,0x00,0x00,0x00,0x00,0x00,0x00,0x00,0x00,0x00,0x00,0x00,0x00,0x20,0x60,0x72,0x3b,0x1f,0x07,0x02,
    0x00,0x00,0x00,0x00,0x00,0x00,0x00,0x00,0x00,0x00,0x00,0x00,0x00,0x00,0x00,0x00,0x00,0x00,0x00,0x00,0x00,0x00,0x00,0x00,0x00,0x00,0x00,0x00,0x00,0x00,0x38,0x78,
    0x7f,0xf0,0xf2,0xde,0xc1,0xdd,0xd3,0xf1,0x0d,0x0c,0x0e,0x1f,0x1f,0x04,0x84,0x84,0xc5,0x0f,0xef,0x7c,0x69,0x11,0x13,0x7c,0xff,0xff,0xff,0xff,0xff,0xff,0xff,0xff,
    0x00,0x00,0x00,0x00,0x00,0x00,0x00,0x00,0x00,0x00,0x00,0x00,0x00,0x00,0x00,0x00,0x00,0x00,0x00,0x00,0x00,0x00,0x00,0x00,0x00,0x00,0x00,0x00,0x20,0xd0,0x48,0x77,
    0x4e,0x43,0x83,0xff,0xc7,0xbf,0xaf,0xcc,0x4b,0x4f,0x87,0x83,0x81,0x00,0x00,0x00,0x00,0x00,0x00,0x00,0x00,0x00,0x00,0x00,0x00,0x00,0x00,0x00,0x80,0x00,0x00,0x00,
    0x00,0x00,0x00,0x00,0x00,0x00,0x00,0x00,0x00,0x00,0x00,0x00,0x00,0x00,0x00,0x00,0x00,0x00,0x00,0x00,0x00,0x00,0x00,0x00,0x00,0x00,0x00,0x00,0x00,0x00,0x00,0x00,
    0x00,0x00,0x00,0x01,0x01,0x1d,0x65,0xc7,0xd8,0x98,0x38,0x7c,0x7c,0x10,0x10,0x10,0xd1,0xf8,0x7b,0x9f,0xcb,0xc4,0x64,0x3f,0xff,0xff,0xff,0xff,0xff,0xff,0xff,0xff,
    0x00,0x00,0x00,0x00,0x00,0x00,0x00,0x00,0x00,0x00,0x00,0x00,0x00,0x00,0x00,0x00,0x00,0x00,0x00,0x00,0x00,0x00,0x00,0x00,0x00,0x00,0x00,0x00,0x00,0x00,0x01,0x00,
    0x00,0x00,0x00,0x00,0x00,0x00,0x00,0x00,0x00,0x00,0x00,0x00,0x00,0x01,0x01,0x00,0x00,0x00,0x00,0x00,0x00,0x00,0x00,0x00,0x00,0x00,0x00,0x01,0x03,0x01,0x00,0x00,
    0x00,0x00,0x00,0x00,0x00,0x00,0x00,0x00,0x00,0x00,0x00,0x00,0x00,0x00,0x00,0x00,0x00,0x00,0x00,0x00,0x00,0x00,0x00,0x00,0x00,0x00,0x00,0x00,0x00,0x00,0x00,0x00,
    0x00,0x00,0x00,0x00,0x00,0x00,0x00,0x01,0x02,0x04,0x05,0x09,0x09,0x09,0x11,0x09,0x09,0x09,0x05,0x04,0x02,0x41,0x40,0x42,0x22,0xe7,0xff,0xff,0xff,0xff,0xff,0xff
  },
  { // 48
    0x00,0x00,0x00,0x00,0x00,0x00,0x20,0x00,0x00,0x00,0x00,0x00,0x00,0x00,0x00,0x00,0x00,0x00,0x00,0x00,0x00,0x00,0x00,0x00,0x00,0x00,0x00,0x00,0x00,0x80,0x40,0x00,
    0x00,0x00,0x80,0x80,0x80,0x80,0x80,0x80,0x00,0x00,0x80,0x80,0x80,0x48,0x5c,0x08,0x00,0x00,0x00,0x00,0x00,0x00,0x00,0x00,0x00,0x00,0x40,0xe0,0xfa,0xfe,0xd4,0x80,
    0x00,0x00,0x00,0x00,0x00,0x00,0x00,0x00,0x20,0x00,0x00,0x00,0x00,0x00,0x00,0x00,0x00,0x00,0x00,0x00,0x00,0x00,0x00,0x00,0x00,0x00,0x00,0x00,0x00,0x00,0x00,0x00,
    0x00,0xc0,0x40,0x40,0x80,0x00,0x00,0xc0,0xa0,0x90,0x50,0x48,0x48,0x48,0x44,0x48,0xc8,0xc8,0x58,0x98,0xac,0xd4,0x12,0x1f,0xff,0xff,0xff,0xff,0xff,0xff,0xff,0xff,
    0x80,0x80,0x80,0x80,0x80,0x80,0x80,0x80,0x80,0x80,0x80,0x80,0x80,0x80,0x80,0x80,0x80,0x80,0x80,0x80,0x80,0x80,0x80,0x80,0x80,0x80,0x80,0x80,0x82,0x85,0x89,0xf7,
    0xb9,0xe1,0xe0,0xff,0xf1,0xfe,0x7a,0x19,0x69,0x79,0x70,0x60,0xc0,0x00,0x00,0x00,0x00,0x00,0x00,0x00,0x00,0x00,0x00,0x00,0x00,0x00,0x01,0x03,0x2f,0x3f,0x15,0x00,
    0x00,0x00,0x00,0x00,0x00,0x00,0x00,0x00,0x00,0x00,0x00,0x00,0x00,0x00,0x00,0x00,0x00,0x00,0x00,0x00,0x00,0x00,0x00,0x00,0x00,0x00,0x00,0x00,0x00,0x00,0x38,0x78,
    0x7f,0xf0,0xf2,0xde,0xc1,0xdd,0xd3,0xf1,0x0d,0x0c,0x0e,0x1f,0x1f,0x04,0x84,0x84,0xc5,0x0f,0xef,0x7c,0x69,0x11,0x13,0x7c,0xff,0xff,0xff,0xff,0xff,0xff,0xff,0xff,
    0x00,0x00,0x00,0x00,0x00,0x00,0x00,0x00,0x00,0x00,0x00,0x00,0x00,0x00,0x00,0x00,0x00,0x00,0x00,0x00,0x00,0x00,0x00,0x00,0x00,0x00,0x00,0x00,0x20,0xd0,0x48,0x77,
    0x4e,0x43,0x83,0xff,0xc7,0xbf,0xaf,0xcc,0x4b,0x4f,0x87,0x83,0x81,0x00,0x00,0x00,0x00,0x00,0x00,0x00,0x00,0x00,0x00,0x00,0x00,0x00,0x00,0x00,0x80,0x00,0x00,0x00,
    0x00,0x00,0x00,0x00,0x00,0x00,0x00,0x00,0x00,0x00,0x00,0x00,0x00,0x00,0x00,0x00,0x00,0x00,0x00,0x00,0x00,0x00,0x00,0x00,0x00,0x00,0x00,0x00,0x00,0x00,0x00,0x00,
    0x00,0x00,0x00,0x01,0x01,0x1d,0x65,0xc7,0xd8,0x98,0x38,0x7c,0x7c,0x10,0x10,0x10,0xd1,0xf8,0x7b,0x9f,0xcb,0xc4,0x64,0x3f,0xff,0xff,0xff,0xff,0xff,0xff,0xff,0xff,
    0x00,0x00,0x00,0x00,0x00,0x00,0x00,0x00,0x00,0x00,0x00,0x00,0x00,0x00,0x00,0x00,0x00,0x00,0x00,0x00,0x00,0x00,0x00,0x00,0x00,0x00,0x00,0x00,0x00,0x00,0x01,0x00,
    0x00,0x00,0x00,0x00,0x00,0x00,0x00,0x00,0x00,0x00,0x00,0x00,0x00,0x01,0x01,0x00,0x00,0x00,0x00,0x00,0x00,0x00,0x00,0x00,0x00,0x00,0x00,0x01,0x03,0x01,0x00,0x00,
    0x00,0x00,0x00,0x00,0x00,0x00,0x00,0x00,0x00,0x00,0x00,0x00,0x00,0x00,0x00,0x00,0x00,0x00,0x00,0x00,0x00,0x00,0x00,0x00,0x00,0x00,0x00,0x00,0x00,0x00,0x00,0x00,
    0x00,0x00,0x00,0x00,0x00,0x00,0x00,0x01,0x02,0x04,0x05,0x09,0x09,0x09,0x11,0x09,0x09,0x09,0x05,0x04,0x02,0x41,0x40,0x42,0x22,0xe7,0xff,0xff,0xff,0xff,0xff,0xff
  },
  { // 49
    0x00,0x00,0x00,0x00,0x00,0x00,0x20,0x00,0x00,0x00,0x00,0x00,0x00,0x00,0x00,0x00,0x00,0x00,0x00,0x00,0x00,0x00,0x00,0x00,0x00,0x00,0x00,0x00,0x00,0x80,0x40,0x00,
    0x00,0x00,0x80,0x80,0x80,0x80,0x80,0x80,0x00,0x00,0x80,0x80,0x80,0x48,0x5c,0x08,0x00,0x00,0x00,0x00,0x00,0x00,0x00,0x00,0x00,0x00,0xa0,0xf0,0xfd,0xff,0xea,0x40,
    0x00,0x00,0x00,0x00,0x00,0x00,0x00,0x00,0x20,0x00,0x00,0x00,0x00,0x00,0x00,0x00,0x00,0x00,0x00,0x00,0x00,0x00,0x00,0x00,0x00,0x00,0x00,0x00,0x00,0x00,0x00,0x00,
    0x00,0xc0,0x40,0x40,0x80,0x00,0x00,0xc0,0xa0,0x90,0x50,0x48,0x48,0x48,0x44,0x48,0xc8,0xc8,0x58,0x98,0xac,0xd4,0x12,0x1f,0xff,0xff,0xff,0xff,0xff,0xff,0xff,0xff,
    0x80,0x80,0x80,0x80,0x80,0x80,0x80,0x80,0x80,0x80,0x80,0x80,0x80,0x80,0x80,0x80,0x80,0x80,0x80,0x80,0x80,0x80,0x80,0x80,0x80,0x80,0x80,0x80,0x82,0x85,0x89,0xf7,
    0xb9,0xe1,0xe0,0xff,0xf1,0xfe,0x7a,0x19,0x69,0x79,0x70,0x60,0xc0,0x00,0x00,0x00,0x00,0x00,0x00,0x00,0x00,0x00,0x00,0x00,0x00,0x00,0x00,0x01,0x17,0x1f,0x0a,0x00,
    0x00,0x00,0x00,0x00,0x00,0x00,0x00,0x00,0x00,0x00,0x00,0x00,0x00,0x00,0x00,0x00,0x00,0x00,0x00,0x00,0x00,0x00,0x00,0x00,0x00,0x00,0x00,0x00,0x00,0x00,0x38,0x78,
    0x7f,0xf0,0xf2,0xde,0xc1,0xdd,0xd3,0xf1,0x0d,0x0c,0x0e,0x1f,0x1f,0x04,0x84,0x84,0xc5,0x0f,0xef,0x7c,0x69,0x11,0x13,0x7c,0xff,0xff,0xff,0xff,0xff,0xff,0xff,0xff,
    0x00,0x00,0x00,0x00,0x00,0x00,0x00,0x00,0x00,0x00,0x00,0x00,0x00,0x00,0x00,0x00,0x00,0x00,0x00,0x00,0x00,0x00,0x00,0x00,0x00,0x00,0x00,0x00,0x20,0xd0,0x48,0x77,
    0x4e,0x43,0x83,0xff,0xc7,0xbf,0xaf,0xcc,0x4b,0x4f,0x87,0x83,0x81,0x00,0x00,0x00,0x00,0x00,0x00,0x00,0x00,0x00,0x00,0x00,0x00,0x00,0x00,0x00,0x80,0x00,0x00,0x00,
    0x00,0x00,0x00,0x00,0x00,0x00,0x00,0x00,0x00,0x00,0x00,0x00,0x00,0x00,0x00,0x00,0x00,0x00,0x00,0x00,0x00,0x00,0x00,0x00,0x00,0x00,0x00,0x00,0x00,0x00,0x00,0x00,
    0x00,0x00,0x00,0x01,0x01,0x1d,0x65,0xc7,0xd8,0x98,0x38,0x7c,0x7c,0x10,0x10,0x10,0xd1,0xf8,0x7b,0x9f,0xcb,0xc4,0x64,0x3f,0xff,0xff,0xff,0xff,0xff,0xff,0xff,0xff,
    0x00,0x00,0x00,0x00,0x00,0x00,0x00,0x00,0x00,0x00,0x00,0x00,0x00,0x00,0x00,0x00,0x00,0x00,0x00,0x00,0x00,0x00,0x00,0x00,0x00,0x00,0x00,0x00,0x00,0x00,0x01,0x00,
    0x00,0x00,0x00,0x00,0x00,0x00,0x00,0x00,0x00,0x00,0x00,0x00,0x00,0x01,0x01,0x00,0x00,0x00,0x00,0x00,0x00,0x00,0x00,0x00,0x00,0x00,0x00,0x01,0x03,0x01,0x00,0x00,
    0x00,0x00,0x00,0x00,0x00,0x00,0x00,0x00,0x00,0x00,0x00,0x00,0x00,0x00,0x00,0x00,0x00,0x00,0x00,0x00,0x00,0x00,0x00,0x00,0x00,0x00,0x00,0x00,0x00,0x00,0x00,0x00,
    0x00,0x00,0x00,0x00,0x00,0x00,0x00,0x01,0x02,0x04,0x05,0x09,0x09,0x09,0x11,0x09,0x09,0x09,0x05,0x04,0x02,0x41,0x40,0x42,0x22,0xe7,0xff,0xff,0xff,0xff,0xff,0xff
  },
  { // 50
    0x00,0x00,0x00,0x00,0x00,0x00,0x20,0x00,0x00,0x00,0x00,0x00,0x00,0x00,0x00,0x00,0x00,0x00,0x00,0x00,0x00,0x00,0x00,0x00,0x00,0x00,0x00,0x00,0x00,0x80,0x40,0x00,
    0x00,0x00,0x80,0x80,0x80,0x80,0x80,0x80,0x00,0x00,0x80,0x80,0x80,0x48,0x5c,0x08,0x00,0x00,0x00,0x00,0x00,0x00,0x00,0x00,0x00,0x00,0x00,0xa0,0xf0,0xf8,0xfc,0xee,
    0xa3,0x01,0x00,0x00,0x00,0x00,0x00,0x00,0x20,0x00,0x00,0x00,0x00,0x00,0x00,0x00,0x00,0x00,0x00,0x00,0x00,0x00,0x00,0x00,0x00,0x00,0x00,0x00,0x00,0x00,0x00,0x00,
    0x00,0xc0,0x40,0x40,0x80,0x00,0x00,0xc0,0xa0,0x90,0x50,0x48,0x48,0x48,0x44,0x48,0xc8,0xc8,0x58,0x98,0xac,0xd4,0x12,0x1f,0xff,0xff,0xff,0xff,0xff,0xff,0xff,0xff,
    0x80,0x80,0x80,0x80,0x80,0x80,0x80,0x80,0x80,0x80,0x80,0x80,0x80,0x80,0x80,0x80,0x80,0x80,0x80,0x80,0x80,0x80,0x80,0x80,0x80,0x80,0x80,0x80,0x82,0x85,0x89,0xf7,
    0xb9,0xe1,0xe0,0xff,0xf1,0xfe,0x7a,0x19,0x69,0x79,0x70,0x60,0xc0,0x00,0x00,0x00,0x00,0x00,0x00,0x00,0x00,0x00,0x00,0x00,0x00,0x00,0x00,0x00,0x01,0x03,0x07,0x0e,
    0x18,0x10,0x00,0x00,0x00,0x00,0x00,0x00,0x00,0x00,0x00,0x00,0x00,0x00,0x00,0x00,0x00,0x00,0x00,0x00,0x00,0x00,0x00,0x00,0x00,0x00,0x00,0x00,0x00,0x00,0x38,0x78,
    0x7f,0xf0,0xf2,0xde,0xc1,0xdd,0xd3,0xf1,0x0d,0x0c,0x0e,0x1f,0x1f,0x04,0x84,0x84,0xc5,0x0f,0xef,0x7c,0x69,0x11,0x13,0x7c,0xff,0xff,0xff,0xff,0xff,0xff,0xff,0xff,
    0x00,0x00,0x00,0x00,0x00,0x00,0x00,0x00,0x00,0x00,0x00,0x00,0x00,0x00,0x00,0x00,0x00,0x00,0x00,0x00,0x00,0x00,0x00,0x00,0x00,0x00,0x00,0x00,0x20,0xd0,0x48,0x77,
    0x4e,0x43,0x83,0xff,0xc7,0xbf,0xaf,0xcc,0x4b,0x4f,0x87,0x83,0x81,0x00,0x00,0x00,0x00,0x00,0x00,0x00,0x00,0x00,0x00,0x00,0x00,0x00,0x00,0x00,0x80,0x00,0x00,0x00,
    0x00,0x00,0x00,0x00,0x00,0x00,0x00,0x00,0x00,0x00,0x00,0x00,0x00,0x00,0x00,0x00,0x00,0x00,0x00,0x00,0x00,0x00,0x00,0x00,0x00,0x00,0x00,0x00,0x00,0x00,0x00,0x00,
    0x00,0x00,0x00,0x01,0x01,0x1d,0x65,0xc7,0xd8,0x98,0x38,0x7c,0x7c,0x10,0x10,0x10,0xd1,0xf8,0x7b,0x9f,0xcb,0xc4,0x64,0x3f,0xff,0xff,0xff,0xff,0xff,0xff,0xff,0xff,
    0x00,0x00,0x00,0x00,0x00,0x00,0x00,0x00,0x00,0x00,0x00,0x00,0x00,0x00,0x00,0x00,0x00,0x00,0x00,0x00,0x00,0x00,0x00,0x00,0x00,0x00,0x00,0x00,0x00,0x00,0x01,0x00,
    0x00,0x00,0x00,0x00,0x00,0x00,0x00,0x00,0x00,0x00,0x00,0x00,0x00,0x01,0x01,0x00,0x00,0x00,0x00,0x00,0x00,0x00,0x00,0x00,0x00,0x00,0x00,0x01,0x03,0x01,0x00,0x00,
    0x00,0x00,0x00,0x00,0x00,0x00,0x00,0x00,0x00,0x00,0x00,0x00,0x00,0x00,0x00,0x00,0x00,0x00,0x00,0x00,0x00,0x00,0x00,0x00,0x00,0x00,0x00,0x00,0x00,0x00,0x00,0x00,
    0x00,0x00,0x00,0x00,0x00,0x00,0x00,0x01,0x02,0x04,0x05,0x09,0x09,0x09,0x11,0x09,0x09,0x09,0x05,0x04,0x02,0x41,0x40,0x42,0x22,0xe7,0xff,0xff,0xff,0xff,0xff,0xff
  },
  { // 51
    0x00,0x00,0x00,0x00,0x00,0x00,0x20,0x00,0x00,0x00,0x00,0x00,0x00,0x00,0x00,0x00,0x00,0x00,0x00,0x00,0x00,0x00,0x00,0x00,0x00,0x00,0x00,0x00,0x80,0x40,0x00,0x00,
    0x00,0x80,0x80,0x80,0x80,0x80,0x80,0x00,0x00,0x80,0x80,0x80,0x40,0x48,0x1c,0x08,0x00,0x00,0x00,0x00,0x00,0x00,0x00,0x00,0x00,0x00,0x00,0x50,0xf8,0xfc,0xfe,0x77,
    0x51,0x00,0x00,0x00,0x00,0x00,0x00,0x00,0x20,0x00,0x00,0x00,0x00,0x00,0x00,0x00,0x00,0x00,0x00,0x00,0x00,0x00,0x00,0x00,0x00,0x00,0x00,0x00,0x00,0x00,0x00,0x00,
    0x00,0xc0,0x40,0x40,0x80,0x00,0x00,0xc0,0xa0,0x90,0x50,0x48,0x48,0x48,0x44,0x48,0xc8,0xc8,0x58,0x98,0xac,0xd4,0x12,0x1f,0xff,0xff,0xff,0xff,0xff,0xff,0xff,0xff,
    0x80,0x80,0x80,0x80,0x80,0x80,0x80,0x80,0x80,0x80,0x80,0x80,0x80,0x80,0x80,0x80,0x80,0x80,0x80,0x80,0x80,0x80,0x80,0x80,0x80,0x80,0x80,0x82,0x85,0x89,0xf7,0xb9,
    0xe1,0xe0,0xff,0xf1,0xfe,0x7a,0x19,0x69,0x79,0x70,0x60,0xc0,0x00,0x00,0x00,0x00,0x00,0x00,0x00,0x00,0x00,0x00,0x00,0x00,0x00,0x00,0x00,0x00,0x00,0x01,0x03,0x07,
    0x0c,0x08,0x00,0x00,0x00,0x00,0x00,0x00,0x00,0x00,0x00,0x00,0x00,0x00,0x00,0x00,0x00,0x00,0x00,0x00,0x00,0x00,0x00,0x00,0x00,0x00,0x00,0x00,0x00,0x00,0x38,0x78,
    0x7f,0xf0,0xf2,0xde,0xc1,0xdd,0xd3,0xf1,0x0d,0x0c,0x0e,0x1f,0x1f,0x04,0x84,0x84,0xc5,0x0f,0xef,0x7c,0x69,0x11,0x13,0x7c,0xff,0xff,0xff,0xff,0xff,0xff,0xff,0xff,
    0x00,0x00,0x00,0x00,0x00,0x00,0x00,0x00,0x00,0x00,0x00,0x00,0x00,0x00,0x00,0x00,0x00,0x00,0x00,0x00,0x00,0x00,0x00,0x00,0x00,0x00,0x00,0x20,0xd0,0x48,0x77,0x4e,
    0x43,0x83,0xff,0xc7,0xbf,0xaf,0xcc,0x4b,0x4f,0x87,0x83,0x81,0x00,0x00,0x00,0x00,0x00,0x00,0x00,0x00,0x00,0x00,0x00,0x00,0x00,0x00,0x00,0x00,0x80,0x00,0x00,0x00,
    0x00,0x00,0x00,0x00,0x00,0x00,0x00,0x00,0x00,0x00,0x00,0x00,0x00,0x00,0x00,0x00,0x00,0x00,0x00,0x00,0x00,0x00,0x00,0x00,0x00,0x00,0x00,0x00,0x00,0x00,0x00,0x00,
    0x00,0x00,0x00,0x01,0x01,0x1d,0x65,0xc7,0xd8,0x98,0x38,0x7c,0x7c,0x10,0x10,0x10,0xd1,0xf8,0x7b,0x9f,0xcb,0xc4,0x64,0x3f,0xff,0xff,0xff,0xff,0xff,0xff,0xff,0xff,
    0x00,0x00,0x00,0x00,0x00,0x00,0x00,0x00,0x00,0x00,0x00,0x00,0x00,0x00,0x00,0x00,0x00,0x00,0x00,0x00,0x00,0x00,0x00,0x00,0x00,0x00,0x00,0x00,0x00,0x01,0x00,0x00,
    0x00,0x00,0x00,0x00,0x00,0x00,0x00,0x00,0x00,0x00,0x00,0x00,0x01,0x01,0x00,0x00,0x00,0x00,0x00,0x00,0x00,0x00,0x00,0x00,0x00,0x00,0x00,0x01,0x03,0x01,0x00,0x00,
    0x00,0x00,0x00,0x00,0x00,0x00,0x00,0x00,0x00,0x00,0x00,0x00,0x00,0x00,0x00,0x00,0x00,0x00,0x00,0x00,0x00,0x00,0x00,0x00,0x00,0x00,0x00,0x00,0x00,0x00,0x00,0x00,
    0x00,0x00,0x00,0x00,0x00,0x00,0x00,0x01,0x02,0x04,0x05,0x09,0x09,0x09,0x11,0x09,0x09,0x09,0x05,0x04,0x02,0x41,0x40,0x42,0x22,0xe7,0xff,0xff,0xff,0xff,0xff,0xff
  },
  { // 52
    0x00,0x00,0x00,0x00,0x00,0x20,0x70,0x20,0x00,0x00,0x00,0x00,0x00,0x00,0x00,0x00,0x00,0x00,0x00,0x00,0x00,0x00,0x00,0x00,0x00,0x00,0x00,0x00,0x80,0x40,0x00,0x00,
    0x00,0x80,0x80,0x80,0x80,0x80,0x80,0x00,0x00,0x80,0x80,0x80,0x40,0x48,0x1c,0x08,0x00,0x00,0x00,0x00,0x00,0x00,0x00,0x00,0x00,0x00,0x00,0x28,0x7c,0xff,0xff,0xba,
    0x10,0x00,0x00,0x00,0x00,0x00,0x00,0x00,0x00,0x00,0x00,0x00,0x00,0x00,0x00,0x00,0x00,0x00,0x01,0x01,0x00,0x00,0x00,0x00,0x00,0x00,0x00,0x00,0x00,0x00,0x00,0x00,
    0x00,0xc0,0x40,0x40,0x80,0x00,0x00,0xc0,0xa0,0x90,0x50,0x48,0x48,0x48,0x44,0x48,0xc8,0xc8,0x58,0x98,0xac,0xd4,0x12,0x1f,0xff,0xff,0xff,0xff,0xff,0xff,0xff,0xff,
    0x80,0x80,0x80,0x80,0x80,0x80,0x80,0x80,0x80,0x80,0x80,0x80,0x80,0x80,0x80,0x80,0x80,0x80,0x80,0x80,0x80,0x80,0x80,0x80,0x80,0x80,0x80,0x82,0x85,0x89,0xf7,0xb9,
    0xe1,0xe0,0xff,0xf1,0xfe,0x7a,0x19,0x69,0x79,0x70,0x60,0xc0,0x00,0x00,0x00,0x00,0x00,0x00,0x00,0x00,0x00,0x00,0x00,0x00,0x00,0x00,0x00,0x00,0x00,0x05,0x07,0x02,
    0x00,0x00,0x00,0x00,0x00,0x00,0x00,0x00,0x00,0x00,0x00,0x00,0x00,0x00,0x00,0x00,0x00,0x00,0x00,0x00,0x00,0x00,0x00,0x00,0x00,0x00,0x00,0x00,0x00,0x00,0x38,0x78,
    0x7f,0xf0,0xf2,0xde,0xc1,0xdd,0xd3,0xf1,0x0d,0x0c,0x0e,0x1f,0x1f,0x04,0x84,0x84,0xc5,0x0f,0xef,0x7c,0x69,0x11,0x13,0x7c,0xff,0xff,0xff,0xff,0xff,0xff,0xff,0xff,
    0x00,0x00,0x00,0x00,0x00,0x00,0x00,0x00,0x00,0x00,0x00,0x00,0x00,0x00,0x00,0x00,0x00,0x00,0x00,0x00,0x00,0x00,0x00,0x00,0x00,0x00,0x00,0x20,0xd0,0x48,0x77,0x4e,
    0x43,0x83,0xff,0xc7,0xbf,0xaf,0xcc,0x4b,0x4f,0x87,0x83,0x81,0x00,0x00,0x00,0x00,0x00,0x00,0x00,0x00,0x00,0x00,0x00,0x00,0x00,0x00,0x00,0x00,0x80,0x00,0x00,0x00,
    0x00,0x00,0x00,0x00,0x00,0x00,0x00,0x00,0x00,0x00,0x00,0x00,0x00,0x00,0x00,0x00,0x00,0x00,0x00,0x00,0x00,0x00,0x00,0x00,0x00,0x00,0x00,0x00,0x00,0x00,0x00,0x00,
    0x00,0x00,0x00,0x01,0x01,0x1d,0x65,0xc7,0xd8,0x98,0x38,0x7c,0x7c,0x10,0x10,0x10,0xd1,0xf8,0x7b,0x9f,0xcb,0xc4,0x64,0x3f,0xff,0xff,0xff,0xff,0xff,0xff,0xff,0xff,
    0x00,0x00,0x00,0x00,0x00,0x00,0x00,0x00,0x00,0x00,0x00,0x00,0x00,0x00,0x04,0x00,0x00,0x00,0x00,0x00,0x00,0x00,0x00,0x00,0x00,0x00,0x00,0x00,0x00,0x01,0x00,0x00,
    0x00,0x00,0x00,0x00,0x00,0x00,0x00,0x00,0x00,0x00,0x00,0x00,0x01,0x01,0x00,0x00,0x00,0x00,0x00,0x00,0x00,0x00,0x00,0x00,0x00,0x00,0x00,0x01,0x03,0x01,0x00,0x00,
    0x00,0x00,0x00,0x00,0x00,0x00,0x00,0x00,0x00,0x00,0x00,0x00,0x00,0x00,0x00,0x00,0x00,0x00,0x00,0x00,0x00,0x00,0x00,0x00,0x00,0x00,0x00,0x00,0x00,0x00,0x00,0x00,
    0x00,0x00,0x00,0x00,0x00,0x00,0x00,0x01,0x02,0x04,0x05,0x09,0x09,0x09,0x11,0x09,0x09,0x09,0x05,0x04,0x02,0x41,0x40,0x42,0x22,0xe7,0xff,0xff,0xff,0xff,0xff,0xff
  },
  { // 53
    0x00,0x00,0x00,0x00,0x00,0x20,0x70,0x20,0x00,0x00,0x00,0x00,0x00,0x00,0x00,0x00,0x00,0x00,0x00,0x00,0x00,0x00,0x00,0x00,0x00,0x00,0x00,0x00,0x80,0x80,0x40,0x00,
    0x00,0x80,0x80,0x80,0x80,0x80,0x80,0x80,0x00,0x80,0x80,0x40,0x40,0x08,0x1c,0x08,0x00,0x00,0x00,0x00,0x00,0x00,0x00,0x00,0x00,0x00,0x00,0x00,0x28,0x7c,0xff,0xff,
    0xba,0x10,0x00,0x00,0x00,0x00,0x00,0x00,0x00,0x00,0x00,0x00,0x00,0x00,0x00,0x00,0x00,0x00,0x01,0x01,0x00,0x00,0x00,0x00,0x00,0x00,0x00,0x00,0x00,0x00,0x00,0x00,
    0x00,0xc0,0x40,0x40,0x80,0x00,0x00,0xc0,0xa0,0x90,0x50,0x48,0x48,0x48,0x44,0x48,0xc8,0xc8,0x58,0x98,0xac,0xd4,0x12,0x1f,0xff,0xff,0xff,0xff,0xff,0xff,0xff,0xff,
    0x80,0x80,0x80,0x80,0x80,0x80,0x80,0x80,0x80,0x80,0x80,0x80,0x80,0x80,0x80,0x80,0x80,0x80,0x80,0x80,0x80,0x80,0x80,0x80,0x80,0x80,0x82,0x85,0x88,0x88,0xf3,0xad,
    0xf1,0xe7,0xf9,0xf1,0xf8,0x7e,0x1a,0x69,0x79,0x70,0x60,0xc0,0x00,0x00,0x00,0x00,0x00,0x00,0x00,0x00,0x00,0x00,0x00,0x00,0x00,0x00,0x00,0x00,0x00,0x00,0x05,0x07,
    0x02,0x00,0x00,0x00,0x00,0x00,0x00,0x00,0x00,0x00,0x00,0x00,0x00,0x00,0x00,0x00,0x00,0x00,0x00,0x00,0x00,0x00,0x00,0x00,0x00,0x00,0x00,0x00,0x00,0x00,0x38,0x78,
    0x7f,0xf0,0xf2,0xde,0xc1,0xdd,0xd3,0xf1,0x0d,0x0c,0x0e,0x1f,0x1f,0x04,0x84,0x84,0xc5,0x0f,0xef,0x7c,0x69,0x11,0x13,0x7c,0xff,0xff,0xff,0xff,0xff,0xff,0xff,0xff,
    0x00,0x00,0x00,0x00,0x00,0x00,0x00,0x00,0x00,0x00,0x00,0x00,0x00,0x00,0x00,0x00,0x00,0x00,0x00,0x00,0x00,0x00,0x00,0x00,0x00,0x00,0x20,0x50,0x88,0x88,0x67,0x5a,
    0x47,0xf3,0xcf,0xc7,0x8f,0xbf,0xac,0xcb,0x4f,0x87,0x83,0x01,0x00,0x00,0x00,0x00,0x00,0x00,0x00,0x00,0x00,0x00,0x00,0x00,0x00,0x00,0x00,0x00,0x00,0x00,0x00,0x00,
    0x00,0x00,0x00,0x00,0x00,0x00,0x00,0x00,0x00,0x00,0x00,0x00,0x00,0x00,0x00,0x00,0x00,0x00,0x00,0x00,0x00,0x00,0x00,0x00,0x00,0x00,0x00,0x00,0x00,0x00,0x00,0x00,
    0x00,0x00,0x00,0x01,0x01,0x1d,0x65,0xc7,0xd8,0x98,0x38,0x7c,0x7c,0x10,0x10,0x10,0xd1,0xf8,0x7b,0x9f,0xcb,0xc4,0x64,0x3f,0xff,0xff,0xff,0xff,0xff,0xff,0xff,0xff,
    0x00,0x00,0x00,0x00,0x00,0x00,0x00,0x00,0x00,0x00,0x00,0x00,0x00,0x00,0x04,0x00,0x00,0x00,0x00,0x00,0x00,0x00,0x00,0x00,0x00,0x00,0x00,0x00,0x00,0x00,0x01,0x00,
    0x00,0x00,0x00,0x00,0x00,0x00,0x00,0x00,0x00,0x00,0x08,0x01,0x01,0x00,0x00,0x00,0x00,0x00,0x00,0x00,0x00,0x00,0x00,0x00,0x00,0x00,0x00,0x00,0x01,0x00,0x00,0x00,
    0x00,0x00,0x00,0x00,0x00,0x00,0x00,0x00,0x00,0x00,0x00,0x00,0x00,0x00,0x00,0x00,0x00,0x00,0x00,0x00,0x00,0x00,0x00,0x00,0x00,0x00,0x00,0x00,0x00,0x00,0x00,0x00,
    0x00,0x00,0x00,0x00,0x00,0x00,0x00,0x01,0x02,0x04,0x05,0x09,0x09,0x09,0x11,0x09,0x09,0x09,0x05,0x04,0x02,0x41,0x40,0x42,0x22,0xe7,0xff,0xff,0xff,0xff,0xff,0xff
  },
  { // 54
    0x00,0x00,0x00,0x00,0x00,0x20,0x70,0x20,0x00,0x00,0x00,0x00,0x00,0x00,0x00,0x00,0x00,0x00,0x00,0x00,0x00,0x00,0x00,0x00,0x00,0x00,0x00,0x80,0x80,0x40,0x00,0x00,
    0x80,0x80,0x80,0x80,0x80,0x80,0x80,0x00,0x80,0x80,0x40,0x40,0x00,0x08,0x1c,0x08,0x00,0x00,0x00,0x00,0x00,0x00,0x00,0x00,0x00,0x00,0x00,0x00,0x00,0x00,0x94,0xdd,
    0xff,0x3e,0x14,0x00,0x00,0x00,0x00,0x00,0x00,0x00,0x00,0x00,0x00,0x00,0x00,0x00,0x00,0x00,0x00,0x00,0x01,0x03,0x02,0x00,0x00,0x00,0x00,0x00,0x00,0x00,0x00,0x00,
    0x00,0xc0,0x40,0x40,0x80,0x00,0x00,0xc0,0xa0,0x90,0x50,0x48,0x48,0x48,0x44,0x48,0xc8,0xc8,0x58,0x98,0xac,0xd4,0x12,0x1f,0xff,0xff,0xff,0xff,0xff,0xff,0xff,0xff,
    0x80,0x80,0x80,0x80,0x80,0x80,0x80,0x80,0x80,0x80,0x80,0x80,0x80,0x80,0x80,0x80,0x80,0x80,0x80,0x80,0x80,0x80,0x80,0x80,0x80,0x82,0x85,0x88,0x88,0xf3,0xad,0xf1,
    0xe7,0xf9,0xf1,0xf8,0x7e,0x1a,0x69,0x79,0x70,0x60,0xc0,0x00,0x00,0x00,0x00,0x00,0x00,0x00,0x00,0x00,0x00,0x00,0x00,0x00,0x00,0x00,0x00,0x00,0x01,0x03,0x03,0x01,
    0x00,0x00,0x00,0x00,0x00,0x00,0x00,0x00,0x00,0x00,0x00,0x00,0x00,0x00,0x00,0x00,0x00,0x00,0x00,0x00,0x00,0x00,0x00,0x00,0x00,0x00,0x00,0x00,0x00,0x00,0x38,0x78,
    0x7f,0xf0,0xf2,0xde,0xc1,0xdd,0xd3,0xf1,0x0d,0x0c,0x0e,0x1f,0x1f,0x04,0x84,0x84,0xc5,0x0f,0xef,0x7c,0x69,0x11,0x13,0x7c,0xff,0xff,0xff,0xff,0xff,0xff,0xff,0xff,
    0x00,0x00,0x00,0x00,0x00,0x00,0x00,0x00,0x00,0x00,0x00,0x00,0x00,0x00,0x00,0x00,0x00,0x00,0x00,0x00,0x00,0x00,0x00,0x00,0x00,0x20,0x50,0x88,0x88,0x67,0x5a,0x47,
    0xf3,0xcf,0xc7,0x8f,0xbf,0xac,0xcb,0x4f,0x87,0x83,0x01,0x00,0x00,0x00,0x00,0x00,0x00,0x00,0x00,0x00,0x00,0x00,0x00,0x00,0x00,0x00,0x00,0x00,0x00,0x00,0x00,0x00,
    0x00,0x00,0x00,0x00,0x00,0x00,0x00,0x00,0x00,0x00,0x00,0x00,0x00,0x00,0x00,0x00,0x00,0x00,0x00,0x00,0x00,0x00,0x00,0x00,0x00,0x00,0x00,0x00,0x00,0x00,0x00,0x00,
    0x00,0x00,0x00,0x01,0x01,0x1d,0x65,0xc7,0xd8,0x98,0x38,0x7c,0x7c,0x10,0x10,0x10,0xd1,0xf8,0x7b,0x9f,0xcb,0xc4,0x64,0x3f,0xff,0xff,0xff,0xff,0xff,0xff,0xff,0xff,
    0x00,0x00,0x00,0x00,0x00,0x00,0x00,0x00,0x00,0x00,0x00,0x00,0x00,0x00,0x04,0x00,0x00,0x00,0x00,0x00,0x00,0x00,0x00,0x00,0x00,0x00,0x00,0x00,0x00,0x01,0x00,0x00,
    0x00,0x00,0x00,0x00,0x00,0x00,0x00,0x00,0x00,0x00,0x09,0x01,0x00,0x00,0x00,0x00,0x00,0x00,0x00,0x00,0x00,0x00,0x00,0x00,0x00,0x00,0x00,0x00,0x01,0x00,0x00,0x00,
    0x00,0x00,0x00,0x00,0x00,0x00,0x00,0x00,0x00,0x00,0x00,0x00,0x00,0x00,0x00,0x00,0x00,0x00,0x00,0x00,0x00,0x00,0x00,0x00,0x00,0x00,0x00,0x00,0x00,0x00,0x00,0x00,
    0x00,0x00,0x00,0x00,0x00,0x00,0x00,0x01,0x02,0x04,0x05,0x09,0x09,0x09,0x11,0x09,0x09,0x09,0x05,0x04,0x02,0x41,0x40,0x42,0x22,0xe7,0xff,0xff,0xff,0xff,0xff,0xff
  },
  { // 55
    0x00,0x00,0x00,0x00,0x00,0x20,0x70,0x20,0x00,0x00,0x00,0x00,0x00,0x00,0x00,0x00,0x00,0x00,0x00,0x00,0x00,0x00,0x00,0x00,0x00,0x00,0x80,0x80,0x40,0x00,0x00,0x80,
    0x80,0x80,0x80,0x80,0x80,0x80,0x00,0x80,0x80,0x40,0x40,0x00,0x00,0x08,0x1c,0x08,0x00,0x00,0x00,0x00,0x00,0x00,0x00,0x00,0x00,0x00,0x00,0x00,0x80,0x80,0xca,0xee,
    0x7f,0x1f,0x0a,0x00,0x00,0x00,0x00,0x00,0x00,0x00,0x00,0x00,0x00,0x00,0x00,0x00,0x00,0x00,0x00,0x01,0x03,0x06,0x04,0x00,0x00,0x00,0x00,0x00,0x00,0x00,0x00,0x00,
    0x00,0xc0,0x40,0x40,0x80,0x00,0x00,0xc0,0xa0,0x90,0x50,0x48,0x48,0x48,0x44,0x48,0xc8,0xc8,0x58,0x98,0xac,0xd4,0x12,0x1f,0xff,0xff,0xff,0xff,0xff,0xff,0xff,0xff,
    0x80,0x80,0x80,0x80,0x80,0x80,0x80,0x80,0x80,0x80,0x80,0x80,0x80,0x80,0x80,0x80,0x80,0x80,0x80,0x80,0x80,0x80,0x80,0x80,0x82,0x85,0x88,0x88,0xf3,0xad,0xf1,0xe7,
    0xf9,0xf1,0xf8,0x7e,0x1a,0x69,0x79,0x70,0x60,0xc0,0x00,0x00,0x00,0x00,0x00,0x00,0x00,0x00,0x00,0x00,0x00,0x00,0x00,0x00,0x00,0x00,0x00,0x00,0x00,0x01,0x01,0x00,
    0x00,0x00,0x00,0x00,0x00,0x00,0x00,0x00,0x00,0x00,0x00,0x00,0x00,0x00,0x00,0x00,0x00,0x00,0x00,0x00,0x00,0x00,0x00,0x00,0x00,0x00,0x00,0x00,0x00,0x00,0x38,0x78,
    0x7f,0xf0,0xf2,0xde,0xc1,0xdd,0xd3,0xf1,0x0d,0x0c,0x0e,0x1f,0x1f,0x04,0x84,0x84,0xc5,0x0f,0xef,0x7c,0x69,0x11,0x13,0x7c,0xff,0xff,0xff,0xff,0xff,0xff,0xff,0xff,
    0x00,0x00,0x00,0x00,0x00,0x00,0x00,0x00,0x00,0x00,0x00,0x00,0x00,0x00,0x00,0x00,0x00,0x00,0x00,0x00,0x00,0x00,0x00,0x00,0x20,0x50,0x88,0x88,0x67,0x5a,0x47,0xf3,
    0xcf,0xc7,0x8f,0xbf,0xac,0xcb,0x4f,0x87,0x83,0x01,0x00,0x00,0x00,0x00,0x00,0x00,0x00,0x00,0x00,0x00,0x00,0x00,0x00,0x00,0x00,0x00,0x00,0x00,0x00,0x00,0x00,0x00,
    0x00,0x00,0x00,0x00,0x00,0x00,0x00,0x00,0x00,0x00,0x00,0x00,0x00,0x00,0x00,0x00,0x00,0x00,0x00,0x00,0x00,0x00,0x00,0x00,0x00,0x00,0x00,0x00,0x00,0x00,0x00,0x00,
    0x00,0x00,0x00,0x01,0x01,0x1d,0x65,0xc7,0xd8,0x98,0x38,0x7c,0x7c,0x10,0x10,0x10,0xd1,0xf8,0x7b,0x9f,0xcb,0xc4,0x64,0x3f,0xff,0xff,0xff,0xff,0xff,0xff,0xff,0xff,
    0x00,0x00,0x00,0x00,0x00,0x00,0x00,0x00,0x00,0x00,0x00,0x00,0x00,0x00,0x04,0x00,0x00,0x00,0x00,0x00,0x00,0x00,0x00,0x00,0x00,0x00,0x00,0x00,0x01,0x00,0x00,0x00,
    0x00,0x00,0x00,0x00,0x00,0x00,0x00,0x00,0x00,0x01,0x09,0x00,0x00,0x00,0x00,0x00,0x00,0x00,0x00,0x00,0x00,0x00,0x00,0x00,0x00,0x00,0x00,0x00,0x01,0x00,0x00,0x00,
    0x00,0x00,0x00,0x00,0x00,0x00,0x00,0x00,0x00,0x00,0x00,0x00,0x00,0x00,0x00,0x00,0x00,0x00,0x00,0x00,0x00,0x00,0x00,0x00,0x00,0x00,0x00,0x00,0x00,0x00,0x00,0x00,
    0x00,0x00,0x00,0x00,0x00,0x00,0x00,0x01,0x02,0x04,0x05,0x09,0x09,0x09,0x11,0x09,0x09,0x09,0x05,0x04,0x02,0x41,0x40,0x42,0x22,0xe7,0xff,0xff,0xff,0xff,0xff,0xff
  },
  { // 56
    0x00,0x00,0x00,0x00,0x00,0x20,0x70,0x20,0x00,0x00,0x00,0x00,0x00,0x00,0x00,0x00,0x00,0x00,0x00,0x00,0x00,0x00,0x00,0x00,0x00,0x00,0x80,0x80,0x40,0x40,0x00,0x80,
    0x80,0x00,0x80,0x80,0x80,0x80,0x80,0x80,0x80,0x40,0x00,0x00,0x00,0x08,0x1c,0x08,0x00,0x00,0x00,0x00,0x00,0x00,0x00,0x00,0x00,0x00,0x00,0x00,0x80,0x80,0xca,0xee,
    0x7f,0x1f,0x0a,0x00,0x00,0x00,0x00,0x00,0x00,0x00,0x00,0x00,0x00,0x00,0x00,0x00,0x00,0x00,0x00,0x01,0x03,0x06,0x04,0x00,0x00,0x00,0x00,0x00,0x00,0x00,0x00,0x00,
    0x00,0xc0,0x40,0x40,0x80,0x00,0x00,0xc0,0xa0,0x90,0x50,0x48,0x48,0x48,0x44,0x48,0xc8,0xc8,0x58,0x98,0xac,0xd4,0x12,0x1f,0xff,0xff,0xff,0xff,0xff,0xff,0xff,0xff,
    0x80,0x80,0x80,0x80,0x80,0x80,0x80,0x80,0x80,0x80,0x80,0x80,0x80,0x80,0x80,0x80,0x80,0x80,0x80,0x80,0x80,0x80,0x80,0x82,0x85,0x85,0x88,0x90,0xf0,0xa7,0xfb,0xed,
    0xf1,0xf1,0xf8,0x7c,0x1a,0x69,0x79,0x70,0x60,0xc0,0x00,0x00,0x00,0x00,0x00,0x00,0x00,0x00,0x00,0x00,0x00,0x00,0x00,0x00,0x00,0x00,0x00,0x00,0x00,0x01,0x01,0x00,
    0x00,0x00,0x00,0x00,0x00,0x00,0x00,0x00,0x00,0x00,0x00,0x00,0x00,0x00,0x00,0x00,0x00,0x00,0x00,0x00,0x00,0x00,0x00,0x00,0x00,0x00,0x00,0x00,0x00,0x00,0x38,0x78,
    0x7f,0xf0,0xf2,0xde,0xc1,0xdd,0xd3,0xf1,0x0d,0x0c,0x0e,0x1f,0x1f,0x04,0x84,0x84,0xc5,0x0f,0xef,0x7c,0x69,0x11,0x13,0x7c,0xff,0xff,0xff,0xff,0xff,0xff,0xff,0xff,
    0x00,0x00,0x00,0x00,0x00,0x00,0x00,0x00,0x00,0x00,0x00,0x00,0x00,0x00,0x00,0x00,0x00,0x00,0x00,0x00,0x00,0x00,0x00,0x20,0x50,0x50,0x88,0x84,0x07,0x72,0x6f,0xdb,
    0xc7,0x47,0x8f,0x9f,0xac,0xcb,0xcf,0x87,0x83,0x01,0x00,0x00,0x00,0x00,0x00,0x00,0x00,0x00,0x00,0x00,0x00,0x00,0x00,0x00,0x00,0x00,0x00,0x00,0x00,0x00,0x00,0x00,
    0x00,0x00,0x00,0x00,0x00,0x00,0x00,0x00,0x00,0x00,0x00,0x00,0x00,0x00,0x00,0x00,0x00,0x00,0x00,0x00,0x00,0x00,0x00,0x00,0x00,0x00,0x00,0x00,0x00,0x00,0x00,0x00,
    0x00,0x00,0x00,0x01,0x01,0x1d,0x65,0xc7,0xd8,0x98,0x38,0x7c,0x7c,0x10,0x10,0x10,0xd1,0xf8,0x7b,0x9f,0xcb,0xc4,0x64,0x3f,0xff,0xff,0xff,0xff,0xff,0xff,0xff,0xff,
    0x00,0x00,0x00,0x00,0x00,0x00,0x00,0x00,0x00,0x00,0x00,0x00,0x00,0x00,0x04,0x00,0x00,0x00,0x00,0x00,0x00,0x00,0x00,0x00,0x00,0x00,0x00,0x00,0x01,0x01,0x00,0x00,
    0x00,0x00,0x00,0x00,0x00,0x00,0x00,0x00,0x00,0x01,0x08,0x00,0x00,0x00,0x00,0x00,0x00,0x00,0x00,0x00,0x00,0x00,0x00,0x00,0x00,0x00,0x00,0x00,0x01,0x00,0x00,0x00,
    0x00,0x00,0x00,0x00,0x00,0x00,0x00,0x00,0x00,0x00,0x00,0x00,0x00,0x00,0x00,0x00,0x00,0x00,0x00,0x00,0x00,0x00,0x00,0x00,0x00,0x00,0x00,0x00,0x00,0x00,0x00,0x00,
    0x00,0x00,0x00,0x00,0x00,0x00,0x00,0x01,0x02,0x04,0x05,0x09,0x09,0x09,0x11,0x09,0x09,0x09,0x05,0x04,0x02,0x41,0x40,0x42,0x22,0xe7,0xff,0xff,0xff,0xff,0xff,0xff
  },
  { // 57
    0x00,0x00,0x00,0x00,0x00,0x20,0x70,0x20,0x00,0x00,0x00,0x00,0x00,0x00,0x00,0x00,0x00,0x00,0x00,0x00,0x00,0x00,0x00,0x00,0x00,0x80,0x80,0x40,0x40,0x00,0x80,0x80,
    0x00,0x80,0x80,0x80,0x80,0x80,0x80,0x80,0x40,0x00,0x00,0x00,0x00,0x08,0x1c,0x08,0x00,0x00,0x00,0x00,0x00,0x00,0x00,0x00,0x00,0x00,0x00,0x00,0x05,0x0f,0xbf,0xff,
    0x57,0x02,0x00,0x00,0x00,0x00,0x00,0x00,0x00,0x00,0x00,0x00,0x00,0x00,0x00,0x00,0x00,0x00,0x0b,0x0f,0x05,0x00,0x00,0x00,0x00,0x00,0x00,0x00,0x00,0x00,0x00,0x00,
    0x00,0xc0,0x40,0x40,0x80,0x00,0x00,0xc0,0xa0,0x90,0x50,0x48,0x48,0x48,0x44,0x48,0xc8,0xc8,0x58,0x98,0xac,0xd4,0x12,0x1f,0xff,0xff,0xff,0xff,0xff,0xff,0xff,0xff,
    0x80,0x80,0x80,0x80,0x80,0x80,0x80,0x80,0x80,0x80,0x80,0x80,0x80,0x80,0x80,0x80,0x80,0x80,0x80,0x80,0x80,0x80,0x82,0x85,0x85,0x88,0x90,0xf0,0xa7,0xfb,0xed,0xf1,
    0xf1,0xf8,0x7c,0x1a,0x69,0x79,0x70,0x60,0xc0,0x00,0x00,0x00,0x00,0x00,0x00,0x00,0x00,0x00,0x00,0x00,0x00,0x00,0x00,0x00,0x00,0x00,0x00,0x00,0x00,0x00,0x00,0x00,
    0x00,0x00,0x00,0x00,0x00,0x00,0x00,0x00,0x00,0x00,0x00,0x00,0x00,0x00,0x00,0x00,0x00,0x00,0x00,0x00,0x00,0x00,0x00,0x00,0x00,0x00,0x00,0x00,0x00,0x00,0x38,0x78,
    0x7f,0xf0,0xf2,0xde,0xc1,0xdd,0xd3,0xf1,0x0d,0x0c,0x0e,0x1f,0x1f,0x04,0x84,0x84,0xc5,0x0f,0xef,0x7c,0x69,0x11,0x13,0x7c,0xff,0xff,0xff,0xff,0xff,0xff,0xff,0xff,
    0x00,0x00,0x00,0x00,0x00,0x00,0x00,0x00,0x00,0x00,0x00,0x00,0x00,0x00,0x00,0x00,0x00,0x00,0x00,0x00,0x00,0x00,0x20,0x50,0x50,0x88,0x84,0x07,0x72,0x6f,0xdb,0xc7,
    0x47,0x8f,0x9f,0xac,0xcb,0xcf,0x87,0x83,0x01,0x00,0x00,0x00,0x00,0x00,0x00,0x00,0x00,0x00,0x00,0x00,0x00,0x00,0x00,0x00,0x00,0x00,0x00,0x00,0x00,0x00,0x00,0x00,
    0x00,0x00,0x00,0x00,0x00,0x00,0x00,0x00,0x00,0x00,0x00,0x00,0x00,0x00,0x00,0x00,0x00,0x00,0x00,0x00,0x00,0x00,0x00,0x00,0x00,0x00,0x00,0x00,0x00,0x00,0x00,0x00,
    0x00,0x00,0x00,0x01,0x01,0x1d,0x65,0xc7,0xd8,0x98,0x38,0x7c,0x7c,0x10,0x10,0x10,0xd1,0xf8,0x7b,0x9f,0xcb,0xc4,0x64,0x3f,0xff,0xff,0xff,0xff,0xff,0xff,0xff,0xff,
    0x00,0x00,0x00,0x00,0x00,0x00,0x00,0x00,0x00,0x00,0x00,0x00,0x00,0x00,0x04,0x00,0x00,0x00,0x00,0x00,0x00,0x00,0x00,0x00,0x00,0x00,0x00,0x01,0x01,0x00,0x00,0x00,
    0x00,0x00,0x00,0x00,0x00,0x00,0x00,0x00,0x01,0x00,0x08,0x00,0x00,0x00,0x00,0x00,0x00,0x00,0x00,0x00,0x00,0x00,0x00,0x00,0x00,0x00,0x00,0x00,0x01,0x00,0x00,0x00,
    0x00,0x00,0x00,0x00,0x00,0x00,0x00,0x00,0x00,0x00,0x00,0x00,0x00,0x00,0x00,0x00,0x00,0x00,0x00,0x00,0x00,0x00,0x00,0x00,0x00,0x00,0x00,0x00,0x00,0x00,0x00,0x00,
    0x00,0x00,0x00,0x00,0x00,0x00,0x00,0x01,0x02,0x04,0x05,0x09,0x09,0x09,0x11,0x09,0x09,0x09,0x05,0x04,0x02,0x41,0x40,0x42,0x22,0xe7,0xff,0xff,0xff,0xff,0xff,0xff
  },
  { // 58
    0x00,0x00,0x00,0x00,0x00,0x20,0x70,0x20,0x00,0x00,0x00,0x00,0x00,0x00,0x00,0x00,0x00,0x00,0x00,0x00,0x00,0x00,0x00,0x00,0x80,0x80,0x40,0x40,0x00,0x80,0x80,0x00,
    0x80,0x80,0x80,0x80,0x80,0x80,0x80,0x40,0x00,0x00,0x00,0x00,0x00,0x08,0x1c,0x08,0x00,0x00,0x00,0x00,0x00,0x00,0x00,0x00,0x00,0x00,0x00,0x00,0x02,0x07,0x5f,0x7f,
    0x2b,0x01,0x00,0x00,0x00,0x00,0x00,0x00,0x00,0x00,0x00,0x00,0x00,0x00,0x00,0x00,0x01,0x17,0x1f,0x0a,0x00,0x00,0x00,0x00,0x00,0x00,0x00,0x00,0x00,0x00,0x00,0x00,
    0x00,0xc0,0x40,0x40,0x80,0x00,0x00,0xc0,0xa0,0x90,0x50,0x48,0x48,0x48,0x44,0x48,0xc8,0xc8,0x58,0x98,0xac,0xd4,0x12,0x1f,0xff,0xff,0xff,0xff,0xff,0xff,0xff,0xff,
    0x80,0x80,0x80,0x80,0x80,0x80,0x80,0x80,0x80,0x80,0x80,0x80,0x80,0x80,0x80,0x80,0x80,0x80,0x80,0x80,0x80,0x82,0x85,0x85,0x88,0x90,0xf0,0xa7,0xfb,0xed,0xf1,0xf1,
    0xf8,0x7c,0x1a,0x69,0x79,0x70,0x60,0xc0,0x00,0x00,0x00,0x00,0x00,0x00,0x00,0x00,0x00,0x00,0x00,0x00,0x00,0x00,0x00,0x00,0x00,0x00,0x00,0x00,0x00,0x00,0x00,0x00,
    0x00,0x00,0x00,0x00,0x00,0x00,0x00,0x00,0x00,0x00,0x00,0x00,0x00,0x00,0x00,0x00,0x00,0x00,0x00,0x00,0x00,0x00,0x00,0x00,0x00,0x00,0x00,0x00,0x00,0x00,0x38,0x78,
    0x7f,0xf0,0xf2,0xde,0xc1,0xdd,0xd3,0xf1,0x0d,0x0c,0x0e,0x1f,0x1f,0x04,0x84,0x84,0xc5,0x0f,0xef,0x7c,0x69,0x11,0x13,0x7c,0xff,0xff,0xff,0xff,0xff,0xff,0xff,0xff,
    0x00,0x00,0x00,0x00,0x00,0x00,0x00,0x00,0x00,0x00,0x00,0x00,0x00,0x00,0x00,0x00,0x00,0x00,0x00,0x00,0x00,0x20,0x50,0x50,0x88,0x84,0x07,0x72,0x6f,0xdb,0xc7,0x47,
    0x8f,0x9f,0xac,0xcb,0xcf,0x87,0x83,0x01,0x00,0x00,0x00,0x00,0x00,0x00,0x00,0x00,0x00,0x00,0x00,0x00,0x00,0x00,0x00,0x00,0x00,0x00,0x00,0x00,0x00,0x00,0x00,0x00,
    0x00,0x00,0x00,0x00,0x00,0x00,0x00,0x00,0x00,0x00,0x00,0x00,0x00,0x00,0x00,0x00,0x00,0x00,0x00,0x00,0x00,0x00,0x00,0x00,0x00,0x00,0x00,0x00,0x00,0x00,0x00,0x00,
    0x00,0x00,0x00,0x01,0x01,0x1d,0x65,0xc7,0xd8,0x98,0x38,0x7c,0x7c,0x10,0x10,0x10,0xd1,0xf8,0x7b,0x9f,0xcb,0xc4,0x64,0x3f,0xff,0xff,0xff,0xff,0xff,0xff,0xff,0xff,
    0x00,0x00,0x00,0x00,0x00,0x00,0x00,0x00,0x00,0x00,0x00,0x00,0x00,0x00,0x04,0x00,0x00,0x00,0x00,0x00,0x00,0x00,0x00,0x00,0x00,0x00,0x01,0x01,0x00,0x00,0x00,0x00,
    0x00,0x00,0x00,0x00,0x00,0x00,0x00,0x01,0x00,0x00,0x08,0x00,0x00,0x00,0x00,0x00,0x00,0x00,0x00,0x00,0x00,0x00,0x00,0x00,0x00,0x00,0x00,0x00,0x01,0x00,0x00,0x00,
    0x00,0x00,0x00,0x00,0x00,0x00,0x00,0x00,0x00,0x00,0x00,0x00,0x00,0x00,0x00,0x00,0x00,0x00,0x00,0x00,0x00,0x00,0x00,0x00,0x00,0x00,0x00,0x00,0x00,0x00,0x00,0x00,
    0x00,0x00,0x00,0x00,0x00,0x00,0x00,0x01,0x02,0x04,0x05,0x09,0x09,0x09,0x11,0x09,0x09,0x09,0x05,0x04,0x02,0x41,0x40,0x42,0x22,0xe7,0xff,0xff,0xff,0xff,0xff,0xff
  },
  { // 59
    0x00,0x00,0x00,0x00,0x00,0x20,0x70,0x20,0x00,0x00,0x00,0x00,0x00,0x00,0x00,0x00,0x00,0x00,0x00,0x00,0x00,0x00,0x00,0x80,0x80,0x40,0x40,0x00,0x80,0x80,0x00,0x80,
    0x80,0x80,0x80,0x80,0x80,0x80,0x40,0x00,0x00,0x00,0x00,0x00,0x00,0x08,0x1c,0x08,0x00,0x00,0x00,0x00,0x00,0x00,0x00,0x00,0x00,0x00,0x00,0x00,0x02,0x07,0x0f,0x1f,
    0x3b,0x62,0x40,0x00,0x00,0x00,0x00,0x00,0x00,0x00,0x00,0x00,0x00,0x00,0x00,0x08,0x18,0x1c,0x0e,0x07,0x01,0x00,0x00,0x00,0x00,0x00,0x00,0x00,0x00,0x00,0x00,0x00,
    0x00,0xc0,0x40,0x40,0x80,0x00,0x00,0xc0,0xa0,0x90,0x50,0x48,0x48,0x48,0x44,0x48,0xc8,0xc8,0x58,0x98,0xac,0xd4,0x12,0x1f,0xff,0xff,0xff,0xff,0xff,0xff,0xff,0xff,
    0x80,0x80,0x80,0x80,0x80,0x80,0x80,0x80,0x80,0x80,0x80,0x80,0x80,0x80,0x80,0x80,0x80,0x80,0x80,0x80,0x82,0x85,0x85,0x88,0x90,0xf0,0xa7,0xfb,0xed,0xf1,0xf1,0xf8,
    0x7c,0x1a,0x69,0x79,0x70,0x60,0xc0,0x00,0x00,0x00,0x00,0x00,0x00,0x00,0x00,0x00,0x00,0x00,0x00,0x00,0x00,0x00,0x00,0x00,0x00,0x00,0x00,0x00,0x00,0x00,0x00,0x00,
    0x00,0x00,0x00,0x00,0x00,0x00,0x00,0x00,0x00,0x00,0x00,0x00,0x00,0x00,0x00,0x00,0x00,0x00,0x00,0x00,0x00,0x00,0x00,0x00,0x00,0x00,0x00,0x00,0x00,0x00,0x38,0x78,
    0x7f,0xf0,0xf2,0xde,0xc1,0xdd,0xd3,0xf1,0x0d,0x0c,0x0e,0x1f,0x1f,0x04,0x84,0x84,0xc5,0x0f,0xef,0x7c,0x69,0x11,0x13,0x7c,0xff,0xff,0xff,0xff,0xff,0xff,0xff,0xff,
    0x00,0x00,0x00,0x00,0x00,0x00,0x00,0x00,0x00,0x00,0x00,0x00,0x00,0x00,0x00,0x00,0x00,0x00,0x00,0x00,0x20,0x50,0x50,0x88,0x84,0x07,0x72,0x6f,0xdb,0xc7,0x47,0x8f,
    0x9f,0xac,0xcb,0xcf,0x87,0x83,0x01,0x00,0x00,0x00,0x00,0x00,0x00,0x00,0x00,0x00,0x00,0x00,0x00,0x00,0x00,0x00,0x00,0x00,0x00,0x00,0x00,0x00,0x00,0x00,0x00,0x00,
    0x00,0x00,0x00,0x00,0x00,0x00,0x00,0x00,0x00,0x00,0x00,0x00,0x00,0x00,0x00,0x00,0x00,0x00,0x00,0x00,0x00,0x00,0x00,0x00,0x00,0x00,0x00,0x00,0x00,0x00,0x00,0x00,
    0x00,0x00,0x00,0x01,0x01,0x1d,0x65,0xc7,0xd8,0x98,0x38,0x7c,0x7c,0x10,0x10,0x10,0xd1,0xf8,0x7b,0x9f,0xcb,0xc4,0x64,0x3f,0xff,0xff,0xff,0xff,0xff,0xff,0xff,0xff,
    0x00,0x00,0x00,0x00,0x00,0x00,0x00,0x00,0x00,0x00,0x00,0x00,0x00,0x04,0x0e,0x04,0x00,0x00,0x00,0x00,0x00,0x00,0x00,0x00,0x00,0x01,0x01,0x00,0x00,0x00,0x00,0x00,
    0x00,0x00,0x00,0x00,0x00,0x00,0x01,0x00,0x00,0x00,0x08,0x00,0x00,0x00,0x00,0x00,0x00,0x00,0x00,0x00,0x00,0x00,0x00,0x00,0x00,0x00,0x00,0x00,0x01,0x00,0x00,0x00,
    0x00,0x00,0x00,0x00,0x00,0x00,0x00,0x00,0x00,0x00,0x00,0x00,0x00,0x00,0x00,0x00,0x00,0x00,0x00,0x00,0x00,0x00,0x00,0x00,0x00,0x00,0x00,0x00,0x00,0x00,0x00,0x00,
    0x00,0x00,0x00,0x00,0x00,0x00,0x00,0x01,0x02,0x04,0x05,0x09,0x09,0x09,0x11,0x09,0x09,0x09,0x05,0x04,0x02,0x41,0x40,0x42,0x22,0xe7,0xff,0xff,0xff,0xff,0xff,0xff
  },
  { // 60
    0x00,0x00,0x00,0x00,0x00,0x20,0x70,0x20,0x00,0x00,0x00,0x00,0x00,0x00,0x00,0x00,0x00,0x00,0x00,0x00,0x00,0x00,0x00,0x80,0x80,0x40,0x40,0x00,0x80,0x80,0x00,0x80,
    0x80,0x80,0x80,0x80,0x80,0x80,0x40,0x00,0x00,0x00,0x00,0x00,0x00,0x08,0x1c,0x08,0x00,0x00,0x00,0x00,0x00,0x00,0x00,0x00,0x00,0x00,0x00,0x01,0x03,0x07,0x0f,0x1d,
    0x31,0x20,0x00,0x00,0x00,0x00,0x00,0x00,0x00,0x00,0x00,0x00,0x00,0x00,0x00,0x10,0x30,0x39,0x1d,0x0f,0x03,0x01,0x00,0x00,0x00,0x00,0x00,0x00,0x00,0x00,0x00,0x00,
    0x00,0xc0,0x40,0x40,0x80,0x00,0x00,0xc0,0xa0,0x90,0x50,0x48,0x48,0x48,0x44,0x48,0xc8,0xc8,0x58,0x98,0xac,0xd4,0x12,0x1f,0xff,0xff,0xff,0xff,0xff,0xff,0xff,0xff,
    0x80,0x80,0x80,0x80,0x80,0x80,0x80,0x80,0x80,0x80,0x80,0x80,0x80,0x80,0x80,0x80,0x80,0x80,0x80,0x80,0x82,0x85,0x85,0x88,0x90,0xf0,0xa7,0xfb,0xed,0xf1,0xf1,0xf8,
    0x7c,0x1a,0x69,0x79,0x70,0x60,0xc0,0x00,0x00,0x00,0x00,0x00,0x00,0x00,0x00,0x00,0x00,0x00,0x00,0x00,0x00,0x00,0x00,0x00,0x00,0x00,0x00,0x00,0x00,0x00,0x00,0x00,
    0x00,0x00,0x00,0x00,0x00,0x00,0x00,0x00,0x00,0x00,0x00,0x00,0x00,0x00,0x00,0x00,0x00,0x00,0x00,0x00,0x00,0x00,0x00,0x00,0x00,0x00,0x00,0x00,0x00,0x00,0x38,0x78,
    0x7f,0xf0,0xf2,0xde,0xc1,0xdd,0xd3,0xf1,0x0d,0x0c,0x0e,0x1f,0x1f,0x04,0x84,0x84,0xc5,0x0f,0xef,0x7c,0x69,0x11,0x13,0x7c,0xff,0xff,0xff,0xff,0xff,0xff,0xff,0xff,
    0x00,0x00,0x00,0x00,0x00,0x00,0x00,0x00,0x00,0x00,0x00,0x00,0x00,0x00,0x00,0x00,0x00,0x00,0x00,0x00,0x20,0x50,0x50,0x88,0x84,0x07,0x72,0x6f,0xdb,0xc7,0x47,0x8f,
    0x9f,0xac,0xcb,0xcf,0x87,0x83,0x01,0x00,0x00,0x00,0x00,0x00,0x00,0x00,0x00,0x00,0x00,0x00,0x00,0x00,0x00,0x00,0x00,0x00,0x00,0x00,0x00,0x00,0x00,0x00,0x00,0x00,
    0x00,0x00,0x00,0x00,0x00,0x00,0x00,0x00,0x00,0x00,0x00,0x00,0x00,0x00,0x00,0x00,0x00,0x00,0x00,0x00,0x00,0x00,0x00,0x00,0x00,0x00,0x00,0x00,0x00,0x00,0x00,0x00,
    0x00,0x00,0x00,0x01,0x01,0x1d,0x65,0xc7,0xd8,0x98,0x38,0x7c,0x7c,0x10,0x10,0x10,0xd1,0xf8,0x7b,0x9f,0xcb,0xc4,0x64,0x3f,0xff,0xff,0xff,0xff,0xff,0xff,0xff,0xff,
    0x00,0x00,0x00,0x00,0x00,0x00,0x00,0x00,0x00,0x00,0x00,0x00,0x00,0x04,0x0e,0x04,0x00,0x00,0x00,0x00,0x00,0x00,0x00,0x00,0x00,0x01,0x01,0x00,0x00,0x00,0x00,0x00,
    0x00,0x00,0x00,0x00,0x00,0x00,0x01,0x00,0x00,0x08,0x1c,0x08,0x00,0x00,0x00,0x00,0x00,0x00,0x00,0x00,0x00,0x00,0x00,0x00,0x00,0x00,0x00,0x00,0x00,0x00,0x00,0x00,
    0x00,0x00,0x00,0x00,0x00,0x00,0x00,0x00,0x00,0x00,0x00,0x00,0x00,0x00,0x00,0x00,0x00,0x00,0x00,0x00,0x00,0x00,0x10,0x00,0x00,0x00,0x00,0x00,0x00,0x00,0x00,0x00,
    0x00,0x00,0x00,0x00,0x00,0x00,0x00,0x01,0x02,0x04,0x05,0x09,0x09,0x09,0x11,0x09,0x09,0x09,0x05,0x04,0x02,0x41,0x40,0x42,0x22,0xe7,0xff,0xff,0xff,0xff,0xff,0xff
  },
  { // 61
    0x00,0x00,0x00,0x00,0x00,0x20,0x70,0x20,0x00,0x00,0x00,0x00,0x00,0x00,0x00,0x00,0x00,0x00,0x00,0x00,0x00,0x00,0x80,0x80,0x40,0x40,0x00,0x80,0x80,0x00,0x80,0x80,
    0x80,0x80,0x80,0x80,0x80,0x40,0x00,0x00,0x00,0x00,0x00,0x00,0x00,0x00,0x08,0x00,0x00,0x00,0x00,0x00,0x00,0x00,0x00,0x00,0x00,0x00,0x00,0x00,0x01,0x17,0x1f,0x0a,
    0x00,0x00,0x00,0x00,0x00,0x00,0x00,0x00,0x00,0x00,0x00,0x00,0x00,0x00,0x02,0x07,0x5f,0x7f,0x2b,0x01,0x00,0x00,0x00,0x00,0x00,0x00,0x00,0x00,0x00,0x00,0x00,0x00,
    0x00,0xc0,0x40,0x40,0x80,0x00,0x00,0xc0,0xa0,0x90,0x50,0x48,0x48,0x48,0x44,0x48,0xc8,0xc8,0x58,0x98,0xac,0xd4,0x12,0x1f,0xff,0xff,0xff,0xff,0xff,0xff,0xff,0xff,
    0x80,0x80,0x80,0x80,0x80,0x80,0x80,0x80,0x80,0x80,0x80,0x80,0x80,0x80,0x80,0x80,0x80,0x80,0x80,0x82,0x85,0x85,0x88,0x90,0xf0,0xa7,0xfb,0xed,0xf1,0xf1,0xf8,0x7c,
    0x1a,0x69,0x79,0x70,0x60,0xc0,0x00,0x00,0x00,0x00,0x00,0x00,0x00,0x00,0x00,0x00,0x00,0x00,0x00,0x00,0x00,0x00,0x00,0x00,0x00,0x00,0x00,0x00,0x00,0x00,0x00,0x00,
    0x00,0x00,0x00,0x00,0x00,0x00,0x00,0x00,0x00,0x00,0x00,0x00,0x00,0x00,0x00,0x00,0x00,0x00,0x00,0x00,0x00,0x00,0x00,0x00,0x00,0x00,0x00,0x00,0x00,0x00,0x38,0x78,
    0x7f,0xf0,0xf2,0xde,0xc1,0xdd,0xd3,0xf1,0x0d,0x0c,0x0e,0x1f,0x1f,0x04,0x84,0x84,0xc5,0x0f,0xef,0x7c,0x69,0x11,0x13,0x7c,0xff,0xff,0xff,0xff,0xff,0xff,0xff,0xff,
    0x00,0x00,0x00,0x00,0x00,0x00,0x00,0x00,0x00,0x00,0x00,0x00,0x00,0x00,0x00,0x00,0x00,0x00,0x00,0x20,0x50,0x50,0x88,0x84,0x07,0x72,0x6f,0xdb,0xc7,0x47,0x8f,0x9f,
    0xac,0xcb,0xcf,0x87,0x83,0x01,0x00,0x00,0x00,0x00,0x00,0x00,0x00,0x00,0x00,0x00,0x00,0x00,0x00,0x00,0x00,0x00,0x00,0x00,0x00,0x00,0x00,0x00,0x00,0x00,0x00,0x00,
    0x00,0x00,0x00,0x00,0x00,0x00,0x00,0x00,0x00,0x00,0x00,0x00,0x00,0x00,0x00,0x00,0x00,0x00,0x00,0x00,0x00,0x00,0x00,0x00,0x00,0x00,0x00,0x00,0x00,0x00,0x00,0x00,
    0x00,0x00,0x00,0x01,0x01,0x1d,0x65,0xc7,0xd8,0x98,0x38,0x7c,0x7c,0x10,0x10,0x10,0xd1,0xf8,0x7b,0x9f,0xcb,0xc4,0x64,0x3f,0xff,0xff,0xff,0xff,0xff,0xff,0xff,0xff,
    0x00,0x00,0x00,0x00,0x00,0x00,0x00,0x00,0x00,0x00,0x00,0x00,0x00,0x04,0x0e,0x04,0x00,0x00,0x00,0x00,0x00,0x00,0x00,0x00,0x01,0x01,0x00,0x00,0x00,0x00,0x00,0x00,
    0x00,0x00,0x00,0x00,0x00,0x01,0x00,0x00,0x00,0x08,0x1c,0x08,0x00,0x00,0x00,0x00,0x00,0x00,0x00,0x00,0x00,0x00,0x00,0x00,0x00,0x00,0x00,0x00,0x00,0x00,0x00,0x00,
    0x00,0x00,0x00,0x00,0x00,0x00,0x00,0x00,0x00,0x00,0x00,0x00,0x00,0x00,0x00,0x00,0x00,0x00,0x00,0x00,0x00,0x00,0x10,0x00,0x00,0x00,0x00,0x00,0x00,0x00,0x00,0x00,
    0x00,0x00,0x00,0x00,0x00,0x00,0x00,0x01,0x02,0x04,0x05,0x09,0x09,0x09,0x11,0x09,0x09,0x09,0x05,0x04,0x02,0x41,0x40,0x42,0x22,0xe7,0xff,0xff,0xff,0xff,0xff,0xff
  },
  { // 62
    0x00,0x00,0x00,0x00,0x00,0x20,0x70,0x20,0x00,0x00,0x00,0x00,0x00,0x00,0x00,0x00,0x00,0x00,0x00,0x00,0x00,0x00,0x80,0x80,0x40,0x00,0x00,0x80,0x80,0x80,0x80,0x80,
    0x80,0x80,0x00,0x80,0x80,0x40,0x40,0x00,0x00,0x00,0x00,0x00,0x00,0x00,0x08,0x00,0x00,0x00,0x00,0x00,0x00,0x00,0x00,0x00,0x00,0x00,0x00,0x00,0x01,0x17,0x1f,0x0a,
    0x00,0x00,0x00,0x00,0x00,0x00,0x00,0x00,0x00,0x00,0x00,0x00,0x00,0x00,0x02,0x07,0x5f,0x7f,0x2b,0x01,0x00,0x00,0x00,0x00,0x00,0x00,0x00,0x00,0x00,0x00,0x00,0x00,
    0x00,0xc0,0x40,0x40,0x80,0x00,0x00,0xc0,0xa0,0x90,0x50,0x48,0x48,0x48,0x44,0x48,0xc8,0xc8,0x58,0x98,0xac,0xd4,0x12,0x1f,0xff,0xff,0xff,0xff,0xff,0xff,0xff,0xff,
    0x80,0x80,0x80,0x80,0x80,0x80,0x80,0x80,0x80,0x80,0x80,0x80,0x80,0x80,0x80,0x80,0x80,0x80,0x80,0x80,0x82,0x85,0x88,0x88,0xf3,0xad,0xf1,0xe7,0xf9,0xf1,0xf8,0x7e,
    0x1a,0x69,0x79,0x70,0x60,0xc0,0x00,0x00,0x00,0x00,0x00,0x00,0x00,0x00,0x00,0x00,0x00,0x00,0x00,0x00,0x00,0x00,0x00,0x00,0x00,0x00,0x00,0x00,0x00,0x00,0x00,0x00,
    0x00,0x00,0x00,0x00,0x00,0x00,0x00,0x00,0x00,0x00,0x00,0x00,0x00,0x00,0x00,0x00,0x00,0x00,0x00,0x00,0x00,0x00,0x00,0x00,0x00,0x00,0x00,0x00,0x00,0x00,0x38,0x78,
    0x7f,0xf0,0xf2,0xde,0xc1,0xdd,0xd3,0xf1,0x0d,0x0c,0x0e,0x1f,0x1f,0x04,0x84,0x84,0xc5,0x0f,0xef,0x7c,0x69,0x11,0x13,0x7c,0xff,0xff,0xff,0xff,0xff,0xff,0xff,0xff,
    0x00,0x00,0x00,0x00,0x00,0x00,0x00,0x00,0x00,0x00,0x00,0x00,0x00,0x00,0x00,0x00,0x00,0x00,0x00,0x00,0x20,0x50,0x88,0x88,0x67,0x5a,0x47,0xf3,0xcf,0xc7,0x8f,0xbf,
    0xac,0xcb,0x4f,0x87,0x83,0x01,0x00,0x00,0x00,0x00,0x00,0x00,0x00,0x00,0x00,0x00,0x00,0x00,0x00,0x00,0x00,0x00,0x00,0x00,0x00,0x00,0x00,0x00,0x00,0x00,0x00,0x00,
    0x00,0x00,0x00,0x00,0x00,0x00,0x00,0x00,0x00,0x00,0x00,0x00,0x00,0x00,0x00,0x00,0x00,0x00,0x00,0x00,0x00,0x00,0x00,0x00,0x00,0x00,0x00,0x00,0x00,0x00,0x00,0x00,
    0x00,0x00,0x00,0x01,0x01,0x1d,0x65,0xc7,0xd8,0x98,0x38,0x7c,0x7c,0x10,0x10,0x10,0xd1,0xf8,0x7b,0x9f,0xcb,0xc4,0x64,0x3f,0xff,0xff,0xff,0xff,0xff,0xff,0xff,0xff,
    0x00,0x00,0x00,0x00,0x00,0x00,0x00,0x00,0x00,0x00,0x00,0x00,0x00,0x04,0x0e,0x04,0x00,0x00,0x00,0x00,0x00,0x00,0x00,0x00,0x01,0x00,0x00,0x00,0x00,0x00,0x00,0x00,
    0x00,0x00,0x00,0x00,0x00,0x01,0x01,0x00,0x00,0x08,0x1c,0x08,0x00,0x00,0x00,0x00,0x00,0x00,0x00,0x00,0x00,0x00,0x00,0x00,0x00,0x00,0x00,0x00,0x00,0x00,0x00,0x00,
    0x00,0x00,0x00,0x00,0x00,0x00,0x00,0x00,0x00,0x00,0x00,0x00,0x00,0x00,0x00,0x00,0x00,0x00,0x00,0x00,0x00,0x00,0x10,0x00,0x00,0x00,0x00,0x00,0x00,0x00,0x00,0x00,
    0x00,0x00,0x00,0x00,0x00,0x00,0x00,0x01,0x02,0x04,0x05,0x09,0x09,0x09,0x11,0x09,0x09,0x09,0x05,0x04,0x02,0x41,0x40,0x42,0x22,0xe7,0xff,0xff,0xff,0xff,0xff,0xff
  },
  { // 63
    0x00,0x00,0x00,0x00,0x00,0x20,0x70,0x20,0x00,0x00,0x00,0x00,0x00,0x00,0x00,0x00,0x00,0x00,0x00,0x00,0x00,0x80,0x80,0x40,0x00,0x00,0x80,0x80,0x80,0x80,0x80,0x80,
    0x80,0x00,0x80,0x80,0x40,0x40,0x00,0x00,0x00,0x00,0x00,0x00,0x00,0x00,0x08,0x00,0x00,0x00,0x00,0x00,0x00,0x00,0x00,0x00,0x00,0x00,0x04,0x0c,0x0e,0x07,0x03,0x00,
    0x00,0x00,0x00,0x00,0x00,0x00,0x00,0x00,0x00,0x00,0x00,0x00,0x00,0x05,0x0f,0x1f,0x3f,0x77,0xc5,0x80,0x00,0x00,0x00,0x00,0x00,0x00,0x00,0x00,0x00,0x00,0x00,0x00,
    0x00,0xc0,0x40,0x40,0x80,0x00,0x00,0xc0,0xa0,0x90,0x50,0x48,0x48,0x48,0x44,0x48,0xc8,0xc8,0x58,0x98,0xac,0xd4,0x12,0x1f,0xff,0xff,0xff,0xff,0xff,0xff,0xff,0xff,
    0x80,0x80,0x80,0x80,0x80,0x80,0x80,0x80,0x80,0x80,0x80,0x80,0x80,0x80,0x80,0x80,0x80,0x80,0x80,0x82,0x85,0x88,0x88,0xf3,0xad,0xf1,0xe7,0xf9,0xf1,0xf8,0x7e,0x1a,
    0x69,0x79,0x70,0x60,0xc0,0x00,0x00,0x00,0x00,0x00,0x00,0x00,0x00,0x00,0x00,0x00,0x00,0x00,0x00,0x00,0x00,0x00,0x00,0x00,0x00,0x00,0x00,0x00,0x00,0x00,0x00,0x00,
    0x00,0x00,0x00,0x00,0x00,0x00,0x00,0x00,0x00,0x00,0x00,0x00,0x00,0x00,0x00,0x00,0x00,0x00,0x00,0x00,0x00,0x00,0x00,0x00,0x00,0x00,0x00,0x00,0x00,0x00,0x38,0x78,
    0x7f,0xf0,0xf2,0xde,0xc1,0xdd,0xd3,0xf1,0x0d,0x0c,0x0e,0x1f,0x1f,0x04,0x84,0x84,0xc5,0x0f,0xef,0x7c,0x69,0x11,0x13,0x7c,0xff,0xff,0xff,0xff,0xff,0xff,0xff,0xff,
    0x00,0x00,0x00,0x00,0x00,0x00,0x00,0x00,0x00,0x00,0x00,0x00,0x00,0x00,0x00,0x00,0x00,0x00,0x00,0x20,0x50,0x88,0x88,0x67,0x5a,0x47,0xf3,0xcf,0xc7,0x8f,0xbf,0xac,
    0xcb,0x4f,0x87,0x83,0x01,0x00,0x00,0x00,0x00,0x00,0x00,0x00,0x00,0x00,0x00,0x00,0x00,0x00,0x00,0x00,0x00,0x00,0x00,0x00,0x00,0x00,0x00,0x00,0x00,0x00,0x00,0x00,
    0x00,0x00,0x00,0x00,0x00,0x00,0x00,0x00,0x00,0x00,0x00,0x00,0x00,0x00,0x00,0x00,0x00,0x00,0x00,0x00,0x00,0x00,0x00,0x00,0x00,0x00,0x00,0x00,0x00,0x00,0x00,0x00,
    0x00,0x00,0x00,0x01,0x01,0x1d,0x65,0xc7,0xd8,0x98,0x38,0x7c,0x7c,0x10,0x10,0x10,0xd1,0xf8,0x7b,0x9f,0xcb,0xc4,0x64,0x3f,0xff,0xff,0xff,0xff,0xff,0xff,0xff,0xff,
    0x00,0x00,0x00,0x00,0x00,0x00,0x00,0x00,0x00,0x00,0x00,0x00,0x00,0x04,0x0e,0x04,0x00,0x00,0x00,0x00,0x00,0x00,0x00,0x01,0x00,0x00,0x00,0x00,0x00,0x00,0x00,0x00,
    0x00,0x00,0x00,0x00,0x01,0x01,0x00,0x00,0x00,0x08,0x1c,0x08,0x00,0x00,0x00,0x00,0x00,0x00,0x00,0x00,0x00,0x00,0x00,0x00,0x00,0x00,0x00,0x00,0x00,0x00,0x00,0x00,
    0x00,0x00,0x00,0x00,0x00,0x00,0x00,0x00,0x00,0x00,0x00,0x00,0x00,0x00,0x00,0x00,0x00,0x00,0x00,0x00,0x00,0x00,0x10,0x00,0x00,0x00,0x00,0x00,0x00,0x00,0x00,0x00,
    0x00,0x00,0x00,0x00,0x00,0x00,0x00,0x01,0x02,0x04,0x05,0x09,0x09,0x09,0x11,0x09,0x09,0x09,0x05,0x04,0x02,0x41,0x40,0x42,0x22,0xe7,0xff,0xff,0xff,0xff,0xff,0xff
  },
  { // 64
    0x00,0x00,0x00,0x00,0x00,0x20,0x70,0x20,0x00,0x00,0x00,0x00,0x00,0x00,0x00,0x00,0x00,0x00,0x00,0x00,0x00,0x80,0x80,0x40,0x00,0x00,0x80,0x80,0x80,0x80,0x80,0x80,
    0x80,0x00,0x80,0x80,0x40,0x40,0x00,0x00,0x00,0x00,0x00,0x00,0x00,0x00,0x08,0x00,0x00,0x00,0x00,0x00,0x00,0x00,0x00,0x00,0x00,0x00,0x02,0x06,0x07,0x03,0x01,0x00,
    0x00,0x00,0x00,0x00,0x00,0x00,0x00,0x00,0x00,0x00,0x00,0x00,0x0a,0x1f,0x3f,0x7f,0xee,0x8a,0x00,0x00,0x00,0x00,0x00,0x00,0x00,0x00,0x00,0x00,0x00,0x00,0x00,0x00,
    0x00,0xc0,0x40,0x40,0x80,0x00,0x00,0xc0,0xa0,0x90,0x50,0x48,0x48,0x48,0x44,0x48,0xc8,0xc8,0x58,0x98,0xac,0xd4,0x12,0x1f,0xff,0xff,0xff,0xff,0xff,0xff,0xff,0xff,
    0x80,0x80,0x80,0x80,0x80,0x80,0x80,0x80,0x80,0x80,0x80,0x80,0x80,0x80,0x80,0x80,0x80,0x80,0x80,0x82,0x85,0x88,0x88,0xf3,0xad,0xf1,0xe7,0xf9,0xf1,0xf8,0x7e,0x1a,
    0x69,0x79,0x70,0x60,0xc0,0x00,0x00,0x00,0x00,0x00,0x00,0x00,0x00,0x00,0x00,0x00,0x00,0x00,0x00,0x00,0x00,0x00,0x00,0x00,0x00,0x00,0x00,0x00,0x00,0x00,0x00,0x00,
    0x00,0x00,0x00,0x00,0x00,0x00,0x00,0x00,0x00,0x00,0x00,0x00,0x00,0x00,0x00,0x00,0x00,0x01,0x01,0x00,0x00,0x00,0x00,0x00,0x00,0x00,0x00,0x00,0x00,0x00,0x38,0x78,
    0x7f,0xf0,0xf2,0xde,0xc1,0xdd,0xd3,0xf1,0x0d,0x0c,0x0a,0x11,0x1f,0x04,0x84,0x84,0xc5,0x0e,0xef,0x5c,0x69,0x11,0x13,0x7c,0xff,0xff,0xff,0xff,0xff,0xff,0xff,0xff,
    0x00,0x00,0x00,0x00,0x00,0x00,0x00,0x00,0x00,0x00,0x00,0x00,0x00,0x00,0x00,0x00,0x00,0x00,0x00,0x20,0x50,0x88,0x88,0x67,0x5a,0x47,0xf3,0xcf,0xc7,0x8f,0xbf,0xac,
    0xcb,0x4f,0x87,0x83,0x01,0x00,0x00,0x00,0x00,0x00,0x00,0x00,0x00,0x00,0x00,0x00,0x00,0x00,0x00,0x00,0x00,0x00,0x00,0x00,0x00,0x00,0x00,0x00,0x00,0x00,0x00,0x00,
    0x00,0x00,0x00,0x00,0x00,0x00,0x00,0x00,0x00,0x00,0x00,0x00,0x00,0x00,0x00,0x00,0x00,0x00,0x00,0x00,0x00,0x00,0x00,0x00,0x00,0x00,0x00,0x00,0x00,0x00,0x00,0x00,
    0x00,0x00,0x00,0x01,0x01,0x1d,0x65,0xc7,0xd8,0x98,0x28,0x44,0x7c,0x10,0x10,0x10,0xd1,0xb8,0x7b,0x9d,0xcb,0xc4,0x64,0x3f,0xff,0xff,0xff,0xff,0xff,0xff,0xff,0xff,
    0x00,0x00,0x00,0x00,0x00,0x00,0x00,0x00,0x00,0x00,0x00,0x00,0x00,0x04,0x0e,0x04,0x00,0x00,0x00,0x00,0x00,0x00,0x00,0x01,0x00,0x00,0x00,0x00,0x00,0x00,0x00,0x00,
    0x00,0x00,0x00,0x00,0x01,0x01,0x00,0x00,0x00,0x08,0x1c,0x08,0x00,0x00,0x00,0x00,0x00,0x00,0x00,0x00,0x00,0x00,0x00,0x00,0x00,0x00,0x00,0x00,0x00,0x00,0x00,0x00,
    0x00,0x00,0x00,0x00,0x00,0x00,0x00,0x00,0x00,0x00,0x00,0x00,0x00,0x00,0x00,0x00,0x00,0x00,0x00,0x00,0x00,0x00,0x10,0x00,0x00,0x00,0x00,0x00,0x00,0x00,0x00,0x00,
    0x00,0x00,0x00,0x00,0x00,0x00,0x00,0x01,0x02,0x04,0x05,0x09,0x09,0x09,0x11,0x09,0x09,0x09,0x05,0x04,0x02,0x41,0x40,0x42,0x22,0xe7,0xff,0xff,0xff,0xff,0xff,0xff
  },
  { // 65
    0x00,0x00,0x00,0x00,0x00,0x20,0x70,0x20,0x00,0x00,0x00,0x00,0x00,0x00,0x00,0x00,0x00,0x00,0x00,0x00,0x80,0x40,0x00,0x00,0x00,0x80,0x80,0x80,0x80,0x80,0x80,0x00,
    0x00,0x80,0x80,0x80,0x40,0x40,0x00,0x00,0x00,0x00,0x00,0x00,0x00,0x00,0x08,0x00,0x00,0x00,0x00,0x00,0x00,0x00,0x00,0x00,0x00,0x02,0x06,0x07,0x03,0x01,0x00,0x00,
    0x00,0x00,0x00,0x00,0x00,0x00,0x00,0x00,0x00,0x00,0x00,0x00,0x0a,0x1f,0x3f,0x7f,0xee,0x8a,0x00,0x00,0x00,0x00,0x00,0x00,0x00,0x00,0x00,0x00,0x00,0x00,0x00,0x00,
    0x00,0xc0,0x40,0x40,0x80,0x00,0x00,0xc0,0xa0,0x90,0x50,0x48,0x48,0x48,0x44,0x48,0xc8,0xc8,0x58,0x98,0xac,0xd4,0x12,0x1f,0xff,0xff,0xff,0xff,0xff,0xff,0xff,0xff,
    0x80,0x80,0x80,0x80,0x80,0x80,0x80,0x80,0x80,0x80,0x80,0x80,0x80,0x80,0x80,0x80,0x80,0x80,0x80,0x82,0x85,0x89,0xf7,0xb9,0xe1,0xe0,0xff,0xf1,0xfe,0x7a,0x19,0x69,
    0x79,0x70,0x60,0xc0,0x00,0x00,0x00,0x00,0x00,0x00,0x00,0x00,0x00,0x00,0x00,0x00,0x00,0x00,0x00,0x00,0x00,0x00,0x00,0x00,0x00,0x00,0x00,0x00,0x00,0x00,0x00,0x00,
    0x00,0x00,0x00,0x00,0x00,0x00,0x00,0x00,0x00,0x00,0x00,0x00,0x00,0x00,0x00,0x00,0x00,0x01,0x01,0x00,0x00,0x00,0x00,0x00,0x00,0x00,0x00,0x00,0x00,0x00,0x38,0x78,
    0x7f,0xf0,0xf2,0xde,0xc1,0xdd,0xd3,0xf1,0x0d,0x0c,0x0a,0x11,0x1f,0x04,0x84,0x84,0xc5,0x0e,0xef,0x5c,0x69,0x11,0x13,0x7c,0xff,0xff,0xff,0xff,0xff,0xff,0xff,0xff,
    0x00,0x00,0x00,0x00,0x00,0x00,0x00,0x00,0x00,0x00,0x00,0x00,0x00,0x00,0x00,0x00,0x00,0x00,0x00,0x20,0xd0,0x48,0x77,0x4e,0x43,0x83,0xff,0xc7,0xbf,0xaf,0xcc,0x4b,
    0x4f,0x87,0x83,0x81,0x00,0x00,0x00,0x00,0x00,0x00,0x00,0x00,0x00,0x00,0x00,0x00,0x00,0x00,0x00,0x00,0x00,0x00,0x00,0x00,0x00,0x00,0x00,0x00,0x00,0x00,0x00,0x00,
    0x00,0x00,0x00,0x00,0x00,0x00,0x00,0x00,0x00,0x00,0x00,0x00,0x00,0x00,0x00,0x00,0x00,0x00,0x00,0x00,0x00,0x00,0x00,0x00,0x00,0x00,0x00,0x00,0x00,0x00,0x00,0x00,
    0x00,0x00,0x00,0x01,0x01,0x1d,0x65,0xc7,0xd8,0x98,0x28,0x44,0x7c,0x10,0x10,0x10,0xd1,0xb8,0x7b,0x9d,0xcb,0xc4,0x64,0x3f,0xff,0xff,0xff,0xff,0xff,0xff,0xff,0xff,
    0x00,0x00,0x00,0x00,0x00,0x00,0x00,0x00,0x00,0x00,0x00,0x00,0x00,0x04,0x0e,0x04,0x00,0x00,0x00,0x00,0x00,0x01,0x00,0x00,0x00,0x00,0x00,0x00,0x00,0x00,0x00,0x00,
    0x00,0x00,0x00,0x00,0x01,0x01,0x00,0x00,0x00,0x08,0x1c,0x08,0x00,0x00,0x00,0x00,0x00,0x00,0x00,0x00,0x00,0x00,0x00,0x00,0x00,0x00,0x00,0x00,0x00,0x00,0x00,0x00,
    0x00,0x00,0x00,0x00,0x00,0x00,0x00,0x00,0x00,0x00,0x00,0x00,0x00,0x00,0x00,0x00,0x00,0x00,0x00,0x00,0x00,0x00,0x10,0x00,0x00,0x00,0x00,0x00,0x00,0x00,0x00,0x00,
    0x00,0x00,0x00,0x00,0x00,0x00,0x00,0x01,0x02,0x04,0x05,0x09,0x09,0x09,0x11,0x09,0x09,0x09,0x05,0x04,0x02,0x41,0x40,0x42,0x22,0xe7,0xff,0xff,0xff,0xff,0xff,0xff
  },
  { // 66
    0x00,0x00,0x00,0x00,0x00,0x20,0x70,0x20,0x00,0x00,0x00,0x00,0x00,0x00,0x00,0x00,0x00,0x00,0x00,0x00,0x80,0x40,0x00,0x00,0x00,0x80,0x80,0x80,0x80,0x80,0x80,0x00,
    0x00,0x80,0x80,0x80,0x40,0x40,0x00,0x00,0x00,0x00,0x00,0x00,0x00,0x00,0x08,0x00,0x00,0x00,0x00,0x00,0x00,0x00,0x00,0x00,0x00,0x00,0x00,0x02,0x03,0x01,0x00,0x00,
    0x00,0x00,0x00,0x00,0x00,0x00,0x00,0x00,0x00,0x00,0x00,0x14,0x3e,0xff,0xff,0x5d,0x08,0x00,0x00,0x00,0x00,0x00,0x00,0x00,0x00,0x00,0x00,0x00,0x00,0x00,0x00,0x00,
    0x00,0xc0,0x40,0x40,0x80,0x00,0x00,0xc0,0xa0,0x90,0x50,0x48,0x48,0x48,0x44,0x48,0x48,0x48,0x58,0x98,0xac,0xd4,0x12,0x1f,0xff,0xff,0xff,0xff,0xff,0xff,0xff,0xff,
    0x80,0x80,0x80,0x80,0x80,0x80,0x80,0x80,0x80,0x80,0x80,0x80,0x80,0x80,0x80,0x80,0x80,0x80,0x80,0x82,0x85,0x89,0xf7,0xb9,0xe1,0xe0,0xff,0xf1,0xfe,0x7a,0x19,0x69,
    0x79,0x70,0x60,0xc0,0x00,0x00,0x00,0x00,0x00,0x00,0x00,0x00,0x00,0x00,0x00,0x00,0x00,0x00,0x00,0x00,0x00,0x00,0x00,0x00,0x00,0x00,0x00,0x00,0x00,0x00,0x00,0x00,
    0x00,0x00,0x00,0x00,0x00,0x00,0x00,0x00,0x00,0x00,0x00,0x00,0x00,0x02,0x03,0x01,0x00,0x00,0x00,0x00,0x00,0x00,0x00,0x00,0x00,0x00,0x00,0x00,0x00,0x00,0x38,0x78,
    0x7f,0xf0,0xf2,0xde,0xc1,0xdd,0xd3,0xf1,0x09,0x08,0x00,0x00,0x00,0x04,0x04,0x04,0x04,0x08,0x08,0x00,0x09,0x11,0x13,0x7c,0xff,0xff,0xff,0xff,0xff,0xff,0xff,0xff,
    0x00,0x00,0x00,0x00,0x00,0x00,0x00,0x00,0x00,0x00,0x00,0x00,0x00,0x00,0x00,0x00,0x00,0x00,0x00,0x20,0xd0,0x48,0x77,0x4e,0x43,0x83,0xff,0xc7,0xbf,0xaf,0xcc,0x4b,
    0x4f,0x87,0x83,0x81,0x00,0x00,0x00,0x00,0x00,0x00,0x00,0x00,0x00,0x00,0x00,0x00,0x00,0x00,0x00,0x00,0x00,0x00,0x00,0x00,0x00,0x00,0x00,0x00,0x00,0x00,0x00,0x00,
    0x00,0x00,0x00,0x00,0x00,0x00,0x00,0x00,0x00,0x00,0x00,0x00,0x00,0x00,0x00,0x00,0x00,0x00,0x00,0x00,0x00,0x00,0x00,0x00,0x00,0x00,0x00,0x00,0x00,0x00,0x00,0x00,
    0x00,0x00,0x00,0x01,0x01,0x1d,0x65,0xc7,0xc8,0x88,0x00,0x00,0x00,0x10,0x10,0x10,0x10,0x08,0x08,0x80,0xc8,0xc4,0x64,0x3f,0xff,0xff,0xff,0xff,0xff,0xff,0xff,0xff,
    0x00,0x00,0x00,0x00,0x00,0x00,0x00,0x00,0x00,0x00,0x00,0x00,0x00,0x04,0x0e,0x04,0x00,0x00,0x00,0x00,0x00,0x01,0x00,0x00,0x00,0x00,0x00,0x00,0x00,0x00,0x00,0x00,
    0x00,0x00,0x00,0x00,0x01,0x01,0x00,0x00,0x00,0x08,0x1c,0x08,0x00,0x00,0x00,0x00,0x00,0x00,0x00,0x00,0x00,0x00,0x00,0x00,0x00,0x00,0x00,0x00,0x00,0x00,0x00,0x00,
    0x00,0x00,0x00,0x00,0x00,0x00,0x00,0x00,0x00,0x00,0x00,0x00,0x00,0x00,0x00,0x00,0x00,0x00,0x00,0x00,0x00,0x00,0x10,0x00,0x00,0x00,0x00,0x00,0x00,0x00,0x00,0x00,
    0x00,0x00,0x00,0x00,0x00,0x00,0x00,0x01,0x02,0x04,0x05,0x09,0x09,0x09,0x11,0x09,0x09,0x09,0x05,0x04,0x02,0x41,0x40,0x42,0x22,0xe7,0xff,0xff,0xff,0xff,0xff,0xff
  },
  { // 67
    0x00,0x00,0x00,0x00,0x00,0x20,0x70,0x20,0x00,0x00,0x00,0x00,0x00,0x00,0x00,0x00,0x00,0x00,0x00,0x80,0x40,0x00,0x00,0x00,0x80,0x80,0x80,0x80,0x80,0x80,0x00,0x00,
    0x80,0x80,0x80,0x40,0x40,0x00,0x00,0x00,0x00,0x00,0x00,0x00,0x00,0x00,0x08,0x00,0x00,0x00,0x00,0x00,0x00,0x00,0x00,0x00,0x00,0x00,0x01,0x01,0x00,0x00,0x00,0x00,
    0x00,0x00,0x00,0x00,0x00,0x00,0x00,0x00,0x20,0x00,0x00,0x28,0x7c,0xff,0xff,0xba,0x10,0x00,0x00,0x00,0x00,0x00,0x00,0x00,0x00,0x00,0x00,0x00,0x00,0x00,0x00,0x00,
    0x00,0xc0,0x40,0x40,0x80,0x00,0x00,0xc0,0xa0,0x90,0x50,0x48,0x48,0x48,0x44,0x48,0x48,0x48,0x58,0x98,0xac,0xd4,0x12,0x1f,0xff,0xff,0xff,0xff,0xff,0xff,0xff,0xff,
    0x80,0x80,0x80,0x80,0x80,0x80,0x80,0x80,0x80,0x80,0x80,0x80,0x80,0x80,0x80,0x80,0x80,0x80,0x82,0x85,0x89,0xf7,0xb9,0xe1,0xe0,0xff,0xf1,0xfe,0x7a,0x19,0x69,0x79,
    0x70,0x60,0xc0,0x00,0x00,0x00,0x00,0x00,0x00,0x00,0x00,0x00,0x00,0x00,0x00,0x00,0x00,0x00,0x00,0x00,0x00,0x00,0x00,0x00,0x00,0x00,0x00,0x00,0x00,0x00,0x00,0x00,
    0x00,0x00,0x00,0x00,0x00,0x00,0x00,0x00,0x00,0x00,0x00,0x00,0x00,0x05,0x07,0x02,0x00,0x00,0x00,0x00,0x00,0x00,0x00,0x00,0x00,0x00,0x00,0x00,0x00,0x00,0x38,0x78,
    0x7f,0xf0,0xf2,0xde,0xc1,0xdd,0xd3,0xf1,0x09,0x08,0x00,0x00,0x00,0x04,0x04,0x04,0x04,0x08,0x08,0x00,0x09,0x11,0x13,0x7c,0xff,0xff,0xff,0xff,0xff,0xff,0xff,0xff,
    0x00,0x00,0x00,0x00,0x00,0x00,0x00,0x00,0x00,0x00,0x00,0x00,0x00,0x00,0x00,0x00,0x00,0x00,0x20,0xd0,0x48,0x77,0x4e,0x43,0x83,0xff,0xc7,0xbf,0xaf,0xcc,0x4b,0x4f,
    0x87,0x83,0x81,0x00,0x00,0x00,0x00,0x00,0x00,0x00,0x00,0x00,0x00,0x00,0x00,0x00,0x00,0x00,0x00,0x00,0x00,0x00,0x00,0x00,0x00,0x00,0x00,0x00,0x00,0x00,0x00,0x00,
    0x00,0x00,0x00,0x00,0x00,0x00,0x00,0x00,0x00,0x00,0x00,0x00,0x00,0x00,0x00,0x00,0x00,0x00,0x00,0x00,0x00,0x00,0x00,0x00,0x00,0x00,0x00,0x00,0x00,0x00,0x00,0x00,
    0x00,0x00,0x00,0x01,0x01,0x1d,0x65,0xc7,0xc8,0x88,0x00,0x00,0x00,0x10,0x10,0x10,0x10,0x08,0x08,0x80,0xc8,0xc4,0x64,0x3f,0xff,0xff,0xff,0xff,0xff,0xff,0xff,0xff,
    0x00,0x00,0x00,0x00,0x00,0x00,0x00,0x00,0x00,0x00,0x00,0x00,0x00,0x04,0x0e,0x04,0x00,0x00,0x00,0x00,0x01,0x00,0x00,0x00,0x00,0x00,0x00,0x00,0x00,0x00,0x00,0x00,
    0x00,0x00,0x00,0x01,0x01,0x00,0x00,0x00,0x00,0x08,0x1c,0x08,0x00,0x00,0x00,0x00,0x00,0x00,0x00,0x00,0x00,0x00,0x00,0x00,0x00,0x00,0x00,0x00,0x00,0x00,0x00,0x00,
    0x00,0x00,0x00,0x00,0x00,0x00,0x00,0x00,0x00,0x00,0x00,0x00,0x00,0x00,0x00,0x00,0x00,0x00,0x00,0x00,0x00,0x10,0x38,0x10,0x00,0x00,0x00,0x00,0x00,0x00,0x00,0x00,
    0x00,0x00,0x00,0x00,0x00,0x00,0x00,0x01,0x02,0x04,0x05,0x09,0x09,0x09,0x11,0x09,0x09,0x09,0x05,0x04,0x02,0x41,0x40,0x42,0x22,0xe7,0xff,0xff,0xff,0xff,0xff,0xff
  },
  { // 68
    0x00,0x00,0x00,0x00,0x00,0x00,0x20,0x00,0x00,0x00,0x00,0x00,0x00,0x00,0x00,0x00,0x00,0x00,0x00,0x80,0x40,0x00,0x00,0x00,0x80,0x80,0x80,0x80,0x80,0x80,0x00,0x00,
    0x80,0x80,0x80,0x40,0x40,0x00,0x00,0x00,0x00,0x00,0x00,0x00,0x00,0x00,0x00,0x00,0x00,0x00,0x00,0x00,0x00,0x00,0x00,0x00,0x00,0x00,0x00,0x00,0x00,0x01,0x01,0x00,
    0x00,0x00,0x00,0x00,0x00,0x00,0x00,0x00,0x20,0x00,0x00,0x00,0x29,0xbb,0xff,0x7c,0x28,0x00,0x00,0x00,0x00,0x00,0x00,0x00,0x00,0x00,0x00,0x00,0x00,0x00,0x00,0x00,
    0x00,0xc0,0x40,0x40,0x80,0x00,0x00,0xc0,0xa0,0x90,0x50,0x48,0x48,0x48,0x44,0x48,0xc8,0xc8,0x58,0x98,0xac,0xd4,0x12,0x1f,0xff,0xff,0xff,0xff,0xff,0xff,0xff,0xff,
    0x80,0x80,0x80,0x80,0x80,0x80,0x80,0x80,0x80,0x80,0x80,0x80,0x80,0x80,0x80,0x80,0x80,0x80,0x82,0x85,0x89,0xf7,0xb9,0xe1,0xe0,0xff,0xf1,0xfe,0x7a,0x19,0x69,0x79,
    0x70,0x60,0xc0,0x00,0x00,0x00,0x00,0x00,0x00,0x00,0x00,0x00,0x00,0x00,0x00,0x00,0x00,0x00,0x00,0x00,0x00,0x00,0x00,0x00,0x00,0x00,0x00,0x00,0x00,0x00,0x00,0x00,
    0x00,0x00,0x00,0x00,0x00,0x00,0x00,0x00,0x00,0x00,0x02,0x06,0x07,0x03,0x01,0x00,0x00,0x00,0x00,0x00,0x00,0x00,0x00,0x00,0x00,0x00,0x00,0x00,0x00,0x00,0x38,0x78,
    0x7f,0xf0,0xf2,0xde,0xc1,0xdd,0xd3,0xf1,0x0d,0x0c,0x0e,0x1f,0x1f,0x04,0x84,0x84,0xc5,0x0f,0xef,0x7c,0x69,0x11,0x13,0x7c,0xff,0xff,0xff,0xff,0xff,0xff,0xff,0xff,
    0x00,0x00,0x00,0x00,0x00,0x00,0x00,0x00,0x00,0x00,0x00,0x00,0x00,0x00,0x00,0x00,0x00,0x00,0x20,0xd0,0x48,0x77,0x4e,0x43,0x83,0xff,0xc7,0xbf,0xaf,0xcc,0x4b,0x4f,
    0x87,0x83,0x81,0x00,0x00,0x00,0x00,0x00,0x00,0x00,0x00,0x00,0x00,0x00,0x00,0x00,0x00,0x00,0x00,0x00,0x00,0x00,0x00,0x00,0x00,0x00,0x00,0x00,0x00,0x00,0x00,0x00,
    0x00,0x00,0x00,0x00,0x00,0x00,0x00,0x00,0x00,0x00,0x00,0x00,0x00,0x00,0x00,0x00,0x00,0x00,0x00,0x00,0x00,0x00,0x00,0x00,0x00,0x00,0x00,0x00,0x00,0x00,0x00,0x00,
    0x00,0x00,0x00,0x01,0x01,0x1d,0x65,0xc7,0xd8,0x98,0x38,0x7c,0x7c,0x10,0x10,0x10,0xd1,0xf8,0x7b,0x9f,0xcb,0xc4,0x64,0x3f,0xff,0xff,0xff,0xff,0xff,0xff,0xff,0xff,
    0x00,0x00,0x00,0x00,0x00,0x00,0x00,0x00,0x00,0x00,0x00,0x00,0x00,0x04,0x0e,0x04,0x00,0x00,0x00,0x00,0x01,0x00,0x00,0x00,0x00,0x00,0x00,0x00,0x00,0x00,0x00,0x00,
    0x00,0x00,0x00,0x01,0x01,0x00,0x00,0x00,0x00,0x08,0x1c,0x08,0x00,0x00,0x00,0x00,0x00,0x00,0x00,0x00,0x00,0x00,0x00,0x00,0x00,0x00,0x00,0x00,0x00,0x00,0x00,0x00,
    0x00,0x00,0x00,0x00,0x00,0x00,0x00,0x00,0x00,0x00,0x00,0x00,0x00,0x00,0x00,0x00,0x00,0x00,0x00,0x00,0x00,0x10,0x38,0x10,0x00,0x00,0x00,0x00,0x00,0x00,0x00,0x00,
    0x00,0x00,0x00,0x00,0x00,0x00,0x00,0x01,0x02,0x04,0x05,0x09,0x09,0x09,0x11,0x09,0x09,0x09,0x05,0x04,0x02,0x41,0x40,0x42,0x22,0xe7,0xff,0xff,0xff,0xff,0xff,0xff
  },
  { // 69
    0x00,0x00,0x00,0x00,0x00,0x00,0x20,0x00,0x00,0x00,0x00,0x00,0x00,0x00,0x00,0x00,0x00,0x00,0x80,0x40,0x00,0x00,0x00,0x80,0x80,0x80,0x80,0x80,0x80,0x00,0x00,0x80,
    0x80,0x80,0x40,0x40,0x00,0x00,0x00,0x00,0x00,0x00,0x00,0x00,0x00,0x00,0x00,0x00,0x00,0x00,0x00,0x00,0x00,0x00,0x00,0x00,0x00,0x00,0x00,0x00,0x00,0x00,0x00,0x00,
    0x00,0x00,0x00,0x00,0x00,0x00,0x00,0x00,0x20,0x00,0x01,0x01,0x53,0x77,0xfe,0xf8,0x50,0x00,0x00,0x00,0x00,0x00,0x00,0x00,0x00,0x00,0x00,0x00,0x00,0x00,0x00,0x00,
    0x00,0xc0,0x40,0x40,0x80,0x00,0x00,0xc0,0xa0,0x90,0x50,0x48,0x48,0x48,0x44,0x48,0xc8,0xc8,0x58,0x98,0xac,0xd4,0x12,0x1f,0xff,0xff,0xff,0xff,0xff,0xff,0xff,0xff,
    0x80,0x80,0x80,0x80,0x80,0x80,0x80,0x80,0x80,0x80,0x80,0x80,0x80,0x80,0x80,0x80,0x80,0x82,0x85,0x89,0xf7,0xb9,0xe1,0xe0,0xff,0xf1,0xfe,0x7a,0x19,0x69,0x79,0x70,
    0x60,0xc0,0x00,0x00,0x00,0x00,0x00,0x00,0x00,0x00,0x00,0x00,0x00,0x00,0x00,0x00,0x00,0x00,0x00,0x00,0x00,0x00,0x00,0x00,0x00,0x00,0x00,0x00,0x00,0x00,0x00,0x00,
    0x00,0x00,0x00,0x00,0x00,0x00,0x00,0x00,0x00,0x00,0x04,0x0c,0x0e,0x07,0x03,0x00,0x00,0x00,0x00,0x00,0x00,0x00,0x00,0x00,0x00,0x00,0x00,0x00,0x00,0x00,0x38,0x78,
    0x7f,0xf0,0xf2,0xde,0xc1,0xdd,0xd3,0xf1,0x0d,0x0c,0x0e,0x1f,0x1f,0x04,0x84,0x84,0xc5,0x0f,0xef,0x7c,0x69,0x11,0x13,0x7c,0xff,0xff,0xff,0xff,0xff,0xff,0xff,0xff,
    0x00,0x00,0x00,0x00,0x00,0x00,0x00,0x00,0x00,0x00,0x00,0x00,0x00,0x00,0x00,0x00,0x00,0x20,0xd0,0x48,0x77,0x4e,0x43,0x83,0xff,0xc7,0xbf,0xaf,0xcc,0x4b,0x4f,0x87,
    0x83,0x81,0x00,0x00,0x00,0x00,0x00,0x00,0x00,0x00,0x00,0x00,0x00,0x00,0x00,0x00,0x00,0x00,0x00,0x00,0x00,0x00,0x00,0x00,0x00,0x00,0x00,0x00,0x00,0x00,0x00,0x00,
    0x00,0x00,0x00,0x00,0x00,0x00,0x00,0x00,0x00,0x00,0x00,0x00,0x00,0x00,0x00,0x00,0x00,0x00,0x00,0x00,0x00,0x00,0x00,0x00,0x00,0x00,0x00,0x00,0x00,0x00,0x00,0x00,
    0x00,0x00,0x00,0x01,0x01,0x1d,0x65,0xc7,0xd8,0x98,0x38,0x7c,0x7c,0x10,0x10,0x10,0xd1,0xf8,0x7b,0x9f,0xcb,0xc4,0x64,0x3f,0xff,0xff,0xff,0xff,0xff,0xff,0xff,0xff,
    0x00,0x00,0x00,0x00,0x00,0x00,0x00,0x00,0x00,0x00,0x00,0x00,0x00,0x04,0x0e,0x04,0x00,0x00,0x00,0x01,0x00,0x00,0x00,0x00,0x00,0x00,0x00,0x00,0x00,0x00,0x00,0x00,
    0x00,0x00,0x01,0x01,0x00,0x00,0x00,0x00,0x00,0x08,0x1c,0x08,0x00,0x00,0x00,0x00,0x00,0x00,0x00,0x00,0x00,0x00,0x00,0x00,0x00,0x00,0x00,0x00,0x00,0x00,0x00,0x00,
    0x00,0x00,0x00,0x00,0x00,0x00,0x00,0x00,0x00,0x00,0x00,0x00,0x00,0x00,0x00,0x00,0x00,0x00,0x00,0x00,0x00,0x10,0x38,0x10,0x00,0x00,0x00,0x00,0x00,0x00,0x00,0x00,
    0x00,0x00,0x00,0x00,0x00,0x00,0x00,0x01,0x02,0x04,0x05,0x09,0x09,0x09,0x11,0x09,0x09,0x09,0x05,0x04,0x02,0x41,0x40,0x42,0x22,0xe7,0xff,0xff,0xff,0xff,0xff,0xff
  },
  { // 70
    0x00,0x00,0x00,0x00,0x00,0x00,0x20,0x00,0x00,0x00,0x00,0x00,0x00,0x00,0x00,0x00,0x00,0x00,0x80,0x40,0x00,0x00,0x00,0x80,0x80,0x80,0x80,0x80,0x80,0x00,0x00,0x80,
    0x80,0x80,0x40,0x40,0x00,0x00,0x00,0x00,0x00,0x00,0x00,0x00,0x00,0x00,0x00,0x00,0x00,0x00,0x00,0x00,0x00,0x00,0x00,0x00,0x00,0x00,0x00,0x00,0x00,0x00,0x00,0x00,
    0x00,0x00,0x00,0x00,0x00,0x00,0x00,0x00,0x20,0xa0,0xf0,0xfd,0xff,0xea,0x40,0x00,0x00,0x00,0x00,0x00,0x00,0x00,0x00,0x00,0x00,0x00,0x00,0x00,0x00,0x00,0x00,0x00,
    0x00,0xc0,0x40,0x40,0x80,0x00,0x00,0xc0,0xa0,0x90,0x50,0x48,0x48,0x48,0x44,0x48,0xc8,0xc8,0x58,0x98,0xac,0xd4,0x12,0x1f,0xff,0xff,0xff,0xff,0xff,0xff,0xff,0xff,
    0x80,0x80,0x80,0x80,0x80,0x80,0x80,0x80,0x80,0x80,0x80,0x80,0x80,0x80,0x80,0x80,0x80,0x82,0x85,0x89,0xf7,0xb9,0xe1,0xe0,0xff,0xf1,0xfe,0x7a,0x19,0x69,0x79,0x70,
    0x60,0xc0,0x00,0x00,0x00,0x00,0x00,0x00,0x00,0x00,0x00,0x00,0x00,0x00,0x00,0x00,0x00,0x00,0x00,0x00,0x00,0x00,0x00,0x00,0x00,0x00,0x00,0x00,0x00,0x00,0x00,0x00,
    0x00,0x00,0x00,0x00,0x00,0x00,0x00,0x00,0x00,0x00,0x01,0x17,0x1f,0x0a,0x00,0x00,0x00,0x00,0x00,0x00,0x00,0x00,0x00,0x00,0x00,0x00,0x00,0x00,0x00,0x00,0x38,0x78,
    0x7f,0xf0,0xf2,0xde,0xc1,0xdd,0xd3,0xf1,0x0d,0x0c,0x0e,0x1f,0x1f,0x04,0x84,0x84,0xc5,0x0f,0xef,0x7c,0x69,0x11,0x13,0x7c,0xff,0xff,0xff,0xff,0xff,0xff,0xff,0xff,
    0x00,0x00,0x00,0x00,0x00,0x00,0x00,0x00,0x00,0x00,0x00,0x00,0x00,0x00,0x00,0x00,0x00,0x20,0xd0,0x48,0x77,0x4e,0x43,0x83,0xff,0xc7,0xbf,0xaf,0xcc,0x4b,0x4f,0x87,
    0x83,0x81,0x00,0x00,0x00,0x00,0x00,0x00,0x00,0x00,0x00,0x00,0x00,0x00,0x00,0x00,0x00,0x00,0x00,0x00,0x00,0x00,0x00,0x00,0x00,0x00,0x00,0x00,0x00,0x00,0x00,0x00,
    0x00,0x00,0x00,0x00,0x00,0x00,0x00,0x00,0x00,0x00,0x00,0x00,0x00,0x00,0x00,0x00,0x00,0x00,0x00,0x00,0x00,0x00,0x00,0x00,0x00,0x00,0x00,0x00,0x00,0x00,0x00,0x00,
    0x00,0x00,0x00,0x01,0x01,0x1d,0x65,0xc7,0xd8,0x98,0x38,0x7c,0x7c,0x10,0x10,0x10,0xd1,0xf8,0x7b,0x9f,0xcb,0xc4,0x64,0x3f,0xff,0xff,0xff,0xff,0xff,0xff,0xff,0xff,
    0x00,0x00,0x00,0x00,0x00,0x00,0x00,0x00,0x00,0x00,0x00,0x00,0x00,0x04,0x0e,0x04,0x00,0x00,0x00,0x01,0x00,0x00,0x00,0x00,0x00,0x00,0x00,0x00,0x00,0x00,0x00,0x00,
    0x00,0x00,0x01,0x01,0x00,0x00,0x00,0x00,0x00,0x08,0x1c,0x08,0x00,0x00,0x00,0x00,0x00,0x00,0x00,0x00,0x00,0x00,0x00,0x00,0x00,0x00,0x00,0x00,0x00,0x00,0x00,0x00,
    0x00,0x00,0x00,0x00,0x00,0x00,0x00,0x00,0x00,0x00,0x00,0x00,0x00,0x00,0x00,0x00,0x00,0x00,0x00,0x00,0x00,0x10,0x38,0x10,0x00,0x00,0x00,0x00,0x00,0x00,0x00,0x00,
    0x00,0x00,0x00,0x00,0x00,0x00,0x00,0x01,0x02,0x04,0x05,0x09,0x09,0x09,0x11,0x09,0x09,0x09,0x05,0x04,0x02,0x41,0x40,0x42,0x22,0xe7,0xff,0xff,0xff,0xff,0xff,0xff
  },
  { // 71
    0x00,0x00,0x00,0x00,0x00,0x00,0x20,0x00,0x00,0x00,0x00,0x00,0x00,0x00,0x00,0x00,0x00,0x80,0x80,0x40,0x00,0x00,0x80,0x80,0x80,0x80,0x80,0x80,0x80,0x00,0x80,0x80,
    0x40,0x40,0x00,0x00,0x00,0x00,0x00,0x00,0x00,0x00,0x00,0x00,0x00,0x00,0x00,0x00,0x00,0x00,0x00,0x00,0x00,0x00,0x00,0x00,0x00,0x00,0x00,0x00,0x00,0x00,0x00,0x00,
    0x00,0x00,0x00,0x00,0x00,0x00,0x00,0x00,0x20,0xa0,0xf0,0xfd,0xff,0xea,0x40,0x00,0x00,0x00,0x00,0x00,0x00,0x00,0x00,0x00,0x00,0x00,0x00,0x00,0x00,0x00,0x00,0x00,
    0x00,0xc0,0x40,0x40,0x80,0x00,0x00,0xc0,0xa0,0x90,0x50,0x48,0x48,0x48,0x44,0x48,0xc8,0xc8,0x58,0x98,0xac,0xd4,0x12,0x1f,0xff,0xff,0xff,0xff,0xff,0xff,0xff,0xff,
    0x80,0x80,0x80,0x80,0x80,0x80,0x80,0x80,0x80,0x80,0x80,0x80,0x80,0x80,0x80,0x82,0x85,0x88,0x88,0xf3,0xad,0xf1,0xe7,0xf9,0xf1,0xf8,0x7e,0x1a,0x69,0x79,0x70,0x60,
    0xc0,0x00,0x00,0x00,0x00,0x00,0x00,0x00,0x00,0x00,0x00,0x00,0x00,0x00,0x00,0x00,0x00,0x00,0x00,0x00,0x00,0x00,0x00,0x00,0x00,0x00,0x00,0x00,0x00,0x00,0x00,0x00,
    0x00,0x00,0x00,0x00,0x00,0x00,0x00,0x00,0x00,0x00,0x01,0x17,0x1f,0x0a,0x00,0x00,0x00,0x00,0x00,0x00,0x00,0x00,0x00,0x00,0x00,0x00,0x00,0x00,0x00,0x00,0x38,0x78,
    0x7f,0xf0,0xf2,0xde,0xc1,0xdd,0xd3,0xf1,0x0d,0x0c,0x0e,0x1f,0x1f,0x04,0x84,0x84,0xc5,0x0f,0xef,0x7c,0x69,0x11,0x13,0x7c,0xff,0xff,0xff,0xff,0xff,0xff,0xff,0xff,
    0x00,0x00,0x00,0x00,0x00,0x00,0x00,0x00,0x00,0x00,0x00,0x00,0x00,0x00,0x00,0x20,0x50,0x88,0x88,0x67,0x5a,0x47,0xf3,0xcf,0xc7,0x8f,0xbf,0xac,0xcb,0x4f,0x87,0x83,
    0x01,0x00,0x00,0x00,0x00,0x00,0x00,0x00,0x00,0x00,0x00,0x00,0x00,0x00,0x00,0x00,0x00,0x00,0x00,0x00,0x00,0x00,0x00,0x00,0x00,0x00,0x00,0x00,0x00,0x00,0x00,0x00,
    0x00,0x00,0x00,0x00,0x00,0x00,0x00,0x00,0x00,0x00,0x00,0x00,0x00,0x00,0x00,0x00,0x00,0x00,0x00,0x00,0x00,0x00,0x00,0x00,0x00,0x00,0x00,0x00,0x00,0x00,0x00,0x00,
    0x00,0x00,0x00,0x01,0x01,0x1d,0x65,0xc7,0xd8,0x98,0x38,0x7c,0x7c,0x10,0x10,0x10,0xd1,0xf8,0x7b,0x9f,0xcb,0xc4,0x64,0x3f,0xff,0xff,0xff,0xff,0xff,0xff,0xff,0xff,
    0x00,0x00,0x00,0x00,0x00,0x00,0x00,0x00,0x00,0x00,0x00,0x00,0x00,0x04,0x0e,0x04,0x00,0x00,0x00,0x01,0x00,0x00,0x00,0x00,0x00,0x00,0x00,0x00,0x00,0x00,0x00,0x00,
    0x01,0x01,0x00,0x00,0x00,0x00,0x00,0x00,0x00,0x08,0x1c,0x08,0x00,0x00,0x00,0x00,0x00,0x00,0x00,0x00,0x00,0x00,0x00,0x00,0x00,0x00,0x00,0x00,0x00,0x00,0x00,0x00,
    0x00,0x00,0x00,0x00,0x00,0x00,0x00,0x00,0x00,0x00,0x00,0x00,0x00,0x00,0x00,0x00,0x00,0x00,0x00,0x00,0x00,0x10,0x38,0x10,0x00,0x00,0x00,0x00,0x00,0x00,0x00,0x00,
    0x00,0x00,0x00,0x00,0x00,0x00,0x00,0x01,0x02,0x04,0x05,0x09,0x09,0x09,0x11,0x09,0x09,0x09,0x05,0x04,0x02,0x41,0x40,0x42,0x22,0xe7,0xff,0xff,0xff,0xff,0xff,0xff
  },
  { // 72
    0x00,0x00,0x00,0x00,0x00,0x00,0x20,0x00,0x00,0x00,0x00,0x00,0x00,0x00,0x00,0x00,0x00,0x80,0x80,0x40,0x00,0x00,0x80,0x80,0x80,0x80,0x80,0x80,0x80,0x00,0x80,0x80,
    0x40,0x40,0x00,0x00,0x00,0x00,0x00,0x00,0x00,0x00,0x00,0x00,0x00,0x00,0x00,0x00,0x00,0x00,0x00,0x00,0x00,0x00,0x00,0x00,0x00,0x00,0x00,0x00,0x00,0x00,0x00,0x00,
    0x00,0x00,0x00,0x00,0x00,0x00,0x00,0x00,0x20,0x40,0xe0,0xf0,0xf8,0xdc,0x46,0x02,0x00,0x00,0x00,0x00,0x00,0x00,0x00,0x00,0x00,0x00,0x00,0x00,0x00,0x00,0x00,0x00,
    0x00,0xc0,0x40,0x40,0x80,0x00,0x00,0xc0,0xa0,0x90,0x50,0x48,0x48,0x48,0x44,0x48,0xc8,0xc8,0x58,0x98,0xac,0xd4,0x12,0x1f,0xff,0xff,0xff,0xff,0xff,0xff,0xff,0xff,
    0x80,0x80,0x80,0x80,0x80,0x80,0x80,0x80,0x80,0x80,0x80,0x80,0x80,0x80,0x80,0x82,0x85,0x88,0x88,0xf3,0xad,0xf1,0xe7,0xf9,0xf1,0xf8,0x7e,0x1a,0x69,0x79,0x70,0x60,
    0xc0,0x00,0x00,0x00,0x00,0x00,0x00,0x00,0x00,0x00,0x00,0x00,0x00,0x00,0x00,0x00,0x00,0x00,0x00,0x00,0x00,0x00,0x00,0x00,0x00,0x00,0x00,0x00,0x00,0x00,0x00,0x00,
    0x00,0x00,0x00,0x00,0x00,0x00,0x00,0x00,0x00,0x01,0x03,0x07,0x0f,0x1d,0x31,0x20,0x00,0x00,0x00,0x00,0x00,0x00,0x00,0x00,0x00,0x00,0x00,0x00,0x00,0x00,0x38,0x78,
    0x7f,0xf0,0xf2,0xde,0xc1,0xdd,0xd3,0xf1,0x0d,0x0c,0x0e,0x1f,0x1f,0x04,0x84,0x84,0xc5,0x0f,0xef,0x7c,0x69,0x11,0x13,0x7c,0xff,0xff,0xff,0xff,0xff,0xff,0xff,0xff,
    0x00,0x00,0x00,0x00,0x00,0x00,0x00,0x00,0x00,0x00,0x00,0x00,0x00,0x00,0x00,0x20,0x50,0x88,0x88,0x67,0x5a,0x47,0xf3,0xcf,0xc7,0x8f,0xbf,0xac,0xcb,0x4f,0x87,0x83,
    0x01,0x00,0x00,0x00,0x00,0x00,0x00,0x00,0x00,0x00,0x00,0x00,0x00,0x00,0x00,0x00,0x00,0x00,0x00,0x00,0x00,0x00,0x00,0x00,0x00,0x00,0x00,0x00,0x00,0x00,0x00,0x00,
    0x00,0x00,0x00,0x00,0x00,0x00,0x00,0x00,0x00,0x00,0x00,0x00,0x00,0x00,0x00,0x00,0x00,0x00,0x00,0x00,0x00,0x00,0x00,0x00,0x00,0x00,0x00,0x00,0x00,0x00,0x00,0x00,
    0x00,0x00,0x00,0x01,0x01,0x1d,0x65,0xc7,0xd8,0x98,0x38,0x7c,0x7c,0x10,0x10,0x10,0xd1,0xf8,0x7b,0x9f,0xcb,0xc4,0x64,0x3f,0xff,0xff,0xff,0xff,0xff,0xff,0xff,0xff,
    0x00,0x00,0x00,0x00,0x00,0x00,0x00,0x00,0x00,0x00,0x00,0x00,0x00,0x04,0x0e,0x04,0x00,0x00,0x00,0x01,0x00,0x00,0x00,0x00,0x00,0x00,0x00,0x00,0x00,0x00,0x00,0x00,
    0x01,0x01,0x00,0x00,0x00,0x00,0x00,0x00,0x00,0x08,0x1c,0x08,0x00,0x00,0x00,0x00,0x00,0x00,0x00,0x00,0x00,0x00,0x00,0x00,0x00,0x00,0x00,0x00,0x00,0x00,0x00,0x00,
    0x00,0x00,0x00,0x00,0x00,0x00,0x00,0x00,0x00,0x00,0x00,0x00,0x00,0x00,0x00,0x00,0x00,0x00,0x00,0x00,0x00,0x10,0x38,0x10,0x00,0x00,0x00,0x00,0x00,0x00,0x00,0x00,
    0x00,0x00,0x00,0x00,0x00,0x00,0x00,0x01,0x02,0x04,0x05,0x09,0x09,0x09,0x11,0x09,0x09,0x09,0x05,0x04,0x02,0x41,0x40,0x42,0x22,0xe7,0xff,0xff,0xff,0xff,0xff,0xff
  },
  { // 73
    0x00,0x00,0x00,0x00,0x00,0x00,0x20,0x00,0x00,0x00,0x00,0x00,0x00,0x00,0x00,0x00,0x80,0x80,0x40,0x00,0x00,0x80,0x80,0x80,0x80,0x80,0x80,0x80,0x00,0x80,0x80,0x40,
    0x40,0x00,0x00,0x00,0x00,0x00,0x00,0x00,0x00,0x00,0x00,0x00,0x00,0x00,0x00,0x00,0x00,0x00,0x00,0x00,0x00,0x00,0x00,0x00,0x00,0x00,0x00,0x00,0x00,0x00,0x00,0x00,
    0x00,0x00,0x00,0x00,0x00,0x00,0x00,0x00,0xa0,0xc0,0xe0,0xf0,0xb8,0x8c,0x04,0x00,0x00,0x00,0x00,0x00,0x00,0x00,0x00,0x00,0x00,0x00,0x00,0x00,0x00,0x00,0x00,0x00,
    0x00,0xc0,0x40,0x40,0x80,0x00,0x00,0xc0,0xa0,0x90,0x50,0x48,0x48,0x48,0x44,0x48,0xc8,0xc8,0x58,0x98,0xac,0xd4,0x12,0x1f,0xff,0xff,0xff,0xff,0xff,0xff,0xff,0xff,
    0x80,0x80,0x80,0x80,0x80,0x80,0x80,0x80,0x80,0x80,0x80,0x80,0x80,0x80,0x82,0x85,0x88,0x88,0xf3,0xad,0xf1,0xe7,0xf9,0xf1,0xf8,0x7e,0x1a,0x69,0x79,0x70,0x60,0xc0,
    0x00,0x00,0x00,0x00,0x00,0x00,0x00,0x00,0x00,0x00,0x00,0x00,0x00,0x00,0x00,0x00,0x00,0x00,0x00,0x00,0x00,0x00,0x00,0x00,0x00,0x00,0x00,0x00,0x00,0x00,0x00,0x00,
    0x00,0x00,0x00,0x00,0x00,0x00,0x00,0x00,0x02,0x07,0x0f,0x1f,0x3b,0x62,0x40,0x00,0x00,0x00,0x00,0x00,0x00,0x00,0x00,0x00,0x00,0x00,0x00,0x00,0x00,0x00,0x38,0x78,
    0x7f,0xf0,0xf2,0xde,0xc1,0xdd,0xd3,0xf1,0x0d,0x0c,0x0e,0x1f,0x1f,0x04,0x84,0x84,0xc5,0x0f,0xef,0x7c,0x69,0x11,0x13,0x7c,0xff,0xff,0xff,0xff,0xff,0xff,0xff,0xff,
    0x00,0x00,0x00,0x00,0x00,0x00,0x00,0x00,0x00,0x00,0x00,0x00,0x00,0x00,0x20,0x50,0x88,0x88,0x67,0x5a,0x47,0xf3,0xcf,0xc7,0x8f,0xbf,0xac,0xcb,0x4f,0x87,0x83,0x01,
    0x00,0x00,0x00,0x00,0x00,0x00,0x00,0x00,0x00,0x00,0x00,0x00,0x00,0x00,0x00,0x00,0x00,0x00,0x00,0x00,0x00,0x00,0x00,0x00,0x00,0x00,0x00,0x00,0x00,0x00,0x00,0x00,
    0x00,0x00,0x00,0x00,0x00,0x00,0x00,0x00,0x00,0x00,0x00,0x00,0x00,0x00,0x00,0x00,0x00,0x00,0x00,0x00,0x00,0x00,0x00,0x00,0x00,0x00,0x00,0x00,0x00,0x00,0x00,0x00,
    0x00,0x00,0x00,0x01,0x01,0x1d,0x65,0xc7,0xd8,0x98,0x38,0x7c,0x7c,0x10,0x10,0x10,0xd1,0xf8,0x7b,0x9f,0xcb,0xc4,0x64,0x3f,0xff,0xff,0xff,0xff,0xff,0xff,0xff,0xff,
    0x00,0x00,0x00,0x00,0x00,0x00,0x00,0x00,0x00,0x00,0x00,0x00,0x00,0x04,0x0e,0x04,0x00,0x00,0x01,0x00,0x00,0x00,0x00,0x00,0x00,0x00,0x00,0x00,0x00,0x00,0x00,0x01,
    0x01,0x00,0x00,0x00,0x00,0x00,0x00,0x00,0x00,0x08,0x1c,0x08,0x00,0x00,0x00,0x00,0x00,0x00,0x00,0x00,0x00,0x00,0x00,0x00,0x00,0x00,0x00,0x00,0x00,0x00,0x00,0x00,
    0x00,0x00,0x00,0x00,0x00,0x00,0x00,0x00,0x00,0x00,0x00,0x00,0x00,0x00,0x00,0x00,0x00,0x00,0x00,0x00,0x00,0x10,0x38,0x10,0x00,0x00,0x00,0x00,0x00,0x00,0x00,0x00,
    0x00,0x00,0x00,0x00,0x00,0x00,0x00,0x01,0x02,0x04,0x05,0x09,0x09,0x09,0x11,0x09,0x09,0x09,0x05,0x04,0x02,0x41,0x40,0x42,0x22,0xe7,0xff,0xff,0xff,0xff,0xff,0xff
  },
  { // 74
    0x00,0x00,0x00,0x00,0x00,0x00,0x20,0x00,0x00,0x00,0x00,0x00,0x00,0x00,0x00,0x80,0x80,0x40,0x40,0x00,0x80,0x80,0x00,0x80,0x80,0x80,0x80,0x80,0x80,0x80,0x40,0x00,
    0x00,0x00,0x00,0x00,0x00,0x00,0x00,0x00,0x00,0x00,0x00,0x00,0x00,0x00,0x00,0x00,0x00,0x00,0x00,0x00,0x00,0x00,0x00,0x00,0x00,0x00,0x00,0x00,0x00,0x00,0x00,0x00,
    0x00,0x00,0x00,0x00,0x00,0x00,0x00,0x20,0xf0,0xe0,0xe0,0xf0,0xb8,0x8c,0x04,0x00,0x00,0x00,0x00,0x00,0x00,0x00,0x00,0x00,0x00,0x00,0x00,0x00,0x00,0x00,0x00,0x00,
    0x00,0xc0,0x40,0x40,0x80,0x00,0x00,0xc0,0xa0,0x90,0x50,0x48,0x48,0x48,0x44,0x48,0xc8,0xc8,0x58,0x98,0xac,0xd4,0x12,0x1f,0xff,0xff,0xff,0xff,0xff,0xff,0xff,0xff,
    0x80,0x80,0x80,0x80,0x80,0x80,0x80,0x80,0x80,0x80,0x80,0x80,0x82,0x85,0x85,0x88,0x90,0xf0,0xa7,0xfb,0xed,0xf1,0xf1,0xf8,0x7c,0x1a,0x69,0x79,0x70,0x60,0xc0,0x00,
    0x00,0x00,0x00,0x00,0x00,0x00,0x00,0x00,0x00,0x00,0x00,0x00,0x00,0x00,0x00,0x00,0x00,0x00,0x00,0x00,0x00,0x00,0x00,0x00,0x00,0x00,0x00,0x00,0x00,0x00,0x00,0x00,
    0x00,0x00,0x00,0x00,0x00,0x00,0x00,0x00,0x02,0x07,0x0f,0x1f,0x3b,0x62,0x40,0x00,0x00,0x00,0x00,0x00,0x00,0x00,0x00,0x00,0x00,0x00,0x00,0x00,0x00,0x00,0x38,0x78,
    0x7f,0xf0,0xf2,0xde,0xc1,0xdd,0xd3,0xf1,0x0d,0x0c,0x0e,0x1f,0x1f,0x04,0x84,0x84,0xc5,0x0f,0xef,0x7c,0x69,0x11,0x13,0x7c,0xff,0xff,0xff,0xff,0xff,0xff,0xff,0xff,
    0x00,0x00,0x00,0x00,0x00,0x00,0x00,0x00,0x00,0x00,0x00,0x00,0x20,0x50,0x50,0x88,0x84,0x07,0x72,0x6f,0xdb,0xc7,0x47,0x8f,0x9f,0xac,0xcb,0xcf,0x87,0x83,0x01,0x00,
    0x00,0x00,0x00,0x00,0x00,0x00,0x00,0x00,0x00,0x00,0x00,0x00,0x00,0x00,0x00,0x00,0x00,0x00,0x00,0x00,0x00,0x00,0x00,0x00,0x00,0x00,0x00,0x00,0x00,0x00,0x00,0x00,
    0x00,0x00,0x00,0x00,0x00,0x00,0x00,0x00,0x00,0x00,0x00,0x00,0x00,0x00,0x00,0x00,0x00,0x00,0x00,0x00,0x00,0x00,0x00,0x00,0x00,0x00,0x00,0x00,0x00,0x00,0x00,0x00,
    0x00,0x00,0x00,0x01,0x01,0x1d,0x65,0xc7,0xd8,0x98,0x38,0x7c,0x7c,0x10,0x10,0x10,0xd1,0xf8,0x7b,0x9f,0xcb,0xc4,0x64,0x3f,0xff,0xff,0xff,0xff,0xff,0xff,0xff,0xff,
    0x00,0x00,0x00,0x00,0x00,0x00,0x00,0x00,0x00,0x00,0x00,0x00,0x00,0x04,0x0e,0x04,0x00,0x01,0x01,0x00,0x00,0x00,0x00,0x00,0x00,0x00,0x00,0x00,0x00,0x00,0x01,0x00,
    0x00,0x00,0x00,0x00,0x00,0x00,0x00,0x00,0x00,0x08,0x1c,0x08,0x00,0x00,0x00,0x00,0x00,0x00,0x00,0x00,0x00,0x00,0x00,0x00,0x00,0x00,0x00,0x00,0x00,0x00,0x00,0x00,
    0x00,0x00,0x00,0x00,0x00,0x00,0x00,0x00,0x00,0x00,0x00,0x00,0x00,0x00,0x00,0x00,0x00,0x00,0x00,0x00,0x00,0x10,0x38,0x10,0x00,0x00,0x00,0x00,0x00,0x00,0x00,0x00,
    0x00,0x00,0x00,0x00,0x00,0x00,0x00,0x01,0x02,0x04,0x05,0x09,0x09,0x09,0x11,0x09,0x09,0x09,0x05,0x04,0x02,0x41,0x40,0x42,0x22,0xe7,0xff,0xff,0xff,0xff,0xff,0xff
  },
  { // 75
    0x00,0x00,0x00,0x00,0x00,0x00,0x00,0x00,0x00,0x00,0x00,0x00,0x00,0x00,0x00,0x80,0x80,0x40,0x40,0x00,0x80,0x80,0x00,0x80,0x80,0x80,0x80,0x80,0x80,0x80,0x40,0x00,
    0x00,0x00,0x00,0x00,0x00,0x00,0x00,0x00,0x00,0x00,0x00,0x00,0x00,0x00,0x00,0x00,0x00,0x00,0x00,0x00,0x00,0x00,0x00,0x00,0x00,0x00,0x00,0x00,0x00,0x00,0x00,0x00,
    0x00,0x00,0x00,0x00,0x00,0x00,0x00,0x20,0x70,0xa0,0xe8,0xf8,0x50,0x00,0x00,0x00,0x00,0x00,0x00,0x00,0x00,0x00,0x00,0x00,0x00,0x00,0x00,0x00,0x00,0x00,0x00,0x00,
    0x00,0xc0,0x40,0x40,0x80,0x00,0x00,0xc0,0xa0,0x90,0x50,0x48,0x48,0x48,0x44,0x48,0xc8,0xc8,0x58,0x98,0xac,0xd4,0x12,0x1f,0xff,0xff,0xff,0xff,0xff,0xff,0xff,0xff,
    0x80,0x80,0x80,0x80,0x80,0x80,0x80,0x80,0x80,0x80,0x80,0x80,0x82,0x85,0x85,0x88,0x90,0xf0,0xa7,0xfb,0xed,0xf1,0xf1,0xf8,0x7c,0x1a,0x69,0x79,0x70,0x60,0xc0,0x00,
    0x00,0x00,0x00,0x00,0x00,0x00,0x00,0x00,0x00,0x00,0x00,0x00,0x00,0x00,0x00,0x00,0x00,0x00,0x00,0x00,0x00,0x00,0x00,0x00,0x00,0x00,0x00,0x00,0x00,0x00,0x00,0x00,
    0x00,0x00,0x00,0x00,0x00,0x00,0x00,0x00,0x05,0x0f,0xbf,0xff,0x57,0x02,0x00,0x00,0x00,0x00,0x00,0x00,0x00,0x00,0x00,0x00,0x00,0x00,0x00,0x00,0x00,0x00,0x38,0x78,
    0x7f,0xf0,0xf2,0xde,0xc1,0xdd,0xd3,0xf1,0x0d,0x0c,0x0e,0x1f,0x1f,0x04,0x84,0x84,0xc5,0x0f,0xef,0x7c,0x69,0x11,0x13,0x7c,0xff,0xff,0xff,0xff,0xff,0xff,0xff,0xff,
    0x00,0x00,0x00,0x00,0x00,0x00,0x00,0x00,0x00,0x00,0x00,0x00,0x20,0x50,0x50,0x88,0x84,0x07,0x72,0x6f,0xdb,0xc7,0x47,0x8f,0x9f,0xac,0xcb,0xcf,0x87,0x83,0x01,0x00,
    0x00,0x00,0x00,0x00,0x00,0x00,0x00,0x00,0x00,0x00,0x00,0x00,0x00,0x00,0x00,0x00,0x00,0x00,0x00,0x00,0x00,0x00,0x00,0x00,0x00,0x00,0x00,0x00,0x00,0x00,0x00,0x00,
    0x00,0x00,0x00,0x00,0x00,0x00,0x00,0x00,0x00,0x00,0x00,0x00,0x00,0x00,0x00,0x00,0x00,0x00,0x00,0x00,0x00,0x00,0x00,0x00,0x00,0x00,0x00,0x00,0x00,0x00,0x00,0x00,
    0x00,0x00,0x00,0x01,0x01,0x1d,0x65,0xc7,0xd8,0x98,0x38,0x7c,0x7c,0x10,0x10,0x10,0xd1,0xf8,0x7b,0x9f,0xcb,0xc4,0x64,0x3f,0xff,0xff,0xff,0xff,0xff,0xff,0xff,0xff,
    0x00,0x00,0x00,0x00,0x00,0x00,0x00,0x00,0x00,0x00,0x00,0x00,0x00,0x00,0x04,0x00,0x00,0x01,0x01,0x00,0x00,0x00,0x00,0x00,0x00,0x00,0x00,0x00,0x00,0x00,0x01,0x00,
    0x00,0x00,0x00,0x00,0x00,0x00,0x00,0x00,0x00,0x08,0x1c,0x08,0x00,0x00,0x00,0x00,0x00,0x00,0x00,0x00,0x00,0x00,0x00,0x00,0x00,0x00,0x00,0x00,0x01,0x00,0x00,0x00,
    0x00,0x00,0x00,0x00,0x00,0x00,0x00,0x00,0x00,0x00,0x00,0x00,0x00,0x00,0x00,0x00,0x00,0x00,0x00,0x00,0x00,0x10,0x38,0x10,0x00,0x00,0x00,0x00,0x00,0x00,0x00,0x00,
    0x00,0x00,0x00,0x00,0x00,0x00,0x00,0x01,0x02,0x04,0x05,0x09,0x09,0x09,0x11,0x09,0x09,0x09,0x05,0x04,0x02,0x41,0x40,0x42,0x22,0xe7,0xff,0xff,0xff,0xff,0xff,0xff
  },
  { // 76
    0x00,0x00,0x00,0x00,0x00,0x00,0x00,0x00,0x00,0x00,0x00,0x00,0x00,0x00,0x80,0x80,0x40,0x40,0x00,0x80,0x80,0x00,0x80,0x80,0x80,0x80,0x80,0x80,0x80,0x40,0x00,0x00,
    0x00,0x00,0x00,0x00,0x00,0x00,0x00,0x00,0x00,0x00,0x00,0x00,0x00,0x00,0x00,0x00,0x00,0x00,0x00,0x00,0x00,0x00,0x00,0x00,0x00,0x00,0x00,0x00,0x00,0x00,0x00,0x00,
    0x00,0x00,0x00,0x00,0x00,0x00,0x00,0x20,0x70,0x20,0xd0,0xf0,0xa0,0x00,0x00,0x00,0x00,0x00,0x00,0x00,0x00,0x00,0x00,0x00,0x00,0x00,0x00,0x00,0x00,0x00,0x00,0x00,
    0x00,0xc0,0x40,0x40,0x80,0x00,0x00,0xc0,0xa0,0x90,0x50,0x48,0x48,0x48,0x44,0x48,0xc8,0xc8,0x58,0x98,0xac,0xd4,0x12,0x1f,0xff,0xff,0xff,0xff,0xff,0xff,0xff,0xff,
    0x80,0x80,0x80,0x80,0x80,0x80,0x80,0x80,0x80,0x80,0x80,0x82,0x85,0x85,0x88,0x90,0xf0,0xa7,0xfb,0xed,0xf1,0xf1,0xf8,0x7c,0x1a,0x69,0x79,0x70,0x60,0xc0,0x00,0x00,
    0x00,0x00,0x00,0x00,0x00,0x00,0x00,0x00,0x00,0x00,0x00,0x00,0x00,0x00,0x00,0x00,0x00,0x00,0x00,0x00,0x00,0x00,0x00,0x00,0x00,0x00,0x00,0x00,0x00,0x00,0x00,0x00,
    0x00,0x00,0x00,0x00,0x00,0x00,0x00,0x00,0x0a,0x1f,0x7f,0xff,0xae,0x04,0x00,0x00,0x00,0x00,0x00,0x00,0x00,0x00,0x00,0x00,0x00,0x00,0x00,0x00,0x00,0x00,0x38,0x78,
    0x7f,0xf0,0xf2,0xde,0xc1,0xdd,0xd3,0xf1,0x0d,0x0c,0x0e,0x1f,0x1f,0x04,0x84,0x84,0xc5,0x0f,0xef,0x7c,0x69,0x11,0x13,0x7c,0xff,0xff,0xff,0xff,0xff,0xff,0xff,0xff,
    0x00,0x00,0x00,0x00,0x00,0x00,0x00,0x00,0x00,0x00,0x00,0x20,0x50,0x50,0x88,0x84,0x07,0x72,0x6f,0xdb,0xc7,0x47,0x8f,0x9f,0xac,0xcb,0xcf,0x87,0x83,0x01,0x00,0x00,
    0x00,0x00,0x00,0x00,0x00,0x00,0x00,0x00,0x00,0x00,0x00,0x00,0x00,0x00,0x00,0x00,0x00,0x00,0x00,0x00,0x00,0x00,0x00,0x00,0x00,0x00,0x00,0x00,0x00,0x00,0x00,0x00,
    0x00,0x00,0x00,0x00,0x00,0x00,0x00,0x00,0x00,0x00,0x01,0x01,0x00,0x00,0x00,0x00,0x00,0x00,0x00,0x00,0x00,0x00,0x00,0x00,0x00,0x00,0x00,0x00,0x00,0x00,0x00,0x00,
    0x00,0x00,0x00,0x01,0x01,0x1d,0x65,0xc7,0xd8,0x98,0x38,0x7c,0x7c,0x10,0x10,0x10,0xd1,0xf8,0x7b,0x9f,0xcb,0xc4,0x64,0x3f,0xff,0xff,0xff,0xff,0xff,0xff,0xff,0xff,
    0x00,0x00,0x00,0x00,0x00,0x00,0x00,0x00,0x00,0x00,0x00,0x00,0x00,0x00,0x04,0x00,0x01,0x01,0x00,0x00,0x00,0x00,0x00,0x00,0x00,0x00,0x00,0x00,0x00,0x01,0x00,0x00,
    0x00,0x00,0x00,0x00,0x00,0x00,0x00,0x00,0x00,0x00,0x08,0x00,0x00,0x00,0x00,0x00,0x00,0x00,0x00,0x00,0x00,0x00,0x00,0x00,0x00,0x00,0x00,0x00,0x01,0x00,0x00,0x00,
    0x00,0x00,0x00,0x00,0x00,0x00,0x00,0x00,0x00,0x00,0x00,0x00,0x00,0x00,0x00,0x00,0x00,0x00,0x00,0x00,0x00,0x10,0x38,0x10,0x00,0x00,0x00,0x00,0x00,0x00,0x00,0x00,
    0x00,0x00,0x00,0x00,0x00,0x00,0x00,0x01,0x02,0x04,0x05,0x09,0x09,0x09,0x11,0x09,0x09,0x09,0x05,0x04,0x02,0x41,0x40,0x42,0x22,0xe7,0xff,0xff,0xff,0xff,0xff,0xff
  },
  { // 77
    0x00,0x00,0x00,0x00,0x00,0x00,0x00,0x00,0x00,0x00,0x00,0x00,0x00,0x00,0x80,0x80,0x40,0x40,0x00,0x80,0x80,0x00,0x80,0x80,0x80,0x80,0x80,0x80,0x80,0x40,0x00,0x00,
    0x00,0x00,0x00,0x00,0x00,0x00,0x00,0x00,0x00,0x00,0x00,0x00,0x00,0x00,0x00,0x00,0x00,0x00,0x00,0x00,0x00,0x00,0x00,0x00,0x00,0x00,0x00,0x00,0x00,0x00,0x00,0x00,
    0x00,0x00,0x00,0x00,0x00,0x00,0x00,0x20,0x70,0x30,0x70,0xe0,0xc0,0x00,0x00,0x00,0x00,0x00,0x00,0x00,0x00,0x00,0x00,0x00,0x00,0x00,0x00,0x00,0x00,0x00,0x00,0x00,
    0x00,0xc0,0x40,0x40,0x80,0x00,0x00,0xc0,0xa0,0x90,0x50,0x48,0x48,0x48,0x44,0x48,0xc8,0xc8,0x58,0x98,0xac,0xd4,0x12,0x1f,0xff,0xff,0xff,0xff,0xff,0xff,0xff,0xff,
    0x80,0x80,0x80,0x80,0x80,0x80,0x80,0x80,0x80,0x80,0x80,0x82,0x85,0x85,0x88,0x90,0xf0,0xa7,0xfb,0xed,0xf1,0xf1,0xf8,0x7c,0x1a,0x69,0x79,0x70,0x60,0xc0,0x00,0x00,
    0x00,0x00,0x00,0x00,0x00,0x00,0x00,0x00,0x00,0x00,0x00,0x00,0x00,0x00,0x00,0x00,0x00,0x00,0x00,0x00,0x00,0x00,0x00,0x00,0x00,0x00,0x00,0x00,0x00,0x00,0x00,0x00,
    0x00,0x00,0x00,0x00,0x00,0x00,0x00,0x00,0x80,0x80,0xca,0xee,0x7f,0x1f,0x0a,0x00,0x00,0x00,0x00,0x00,0x00,0x00,0x00,0x00,0x00,0x00,0x00,0x00,0x00,0x00,0x38,0x78,
    0x7f,0xf0,0xf2,0xde,0xc1,0xdd,0xd3,0xf1,0x0d,0x0c,0x0e,0x1f,0x1f,0x04,0x84,0x84,0xc5,0x0f,0xef,0x7c,0x69,0x11,0x13,0x7c,0xff,0xff,0xff,0xff,0xff,0xff,0xff,0xff,
    0x00,0x00,0x00,0x00,0x00,0x00,0x00,0x00,0x00,0x00,0x00,0x20,0x50,0x50,0x88,0x84,0x07,0x72,0x6f,0xdb,0xc7,0x47,0x8f,0x9f,0xac,0xcb,0xcf,0x87,0x83,0x01,0x00,0x00,
    0x00,0x00,0x00,0x00,0x00,0x00,0x00,0x00,0x00,0x00,0x00,0x00,0x00,0x00,0x00,0x00,0x00,0x00,0x00,0x00,0x00,0x00,0x00,0x00,0x00,0x00,0x00,0x00,0x00,0x00,0x00,0x00,
    0x00,0x00,0x00,0x00,0x00,0x00,0x00,0x00,0x00,0x01,0x01,0x00,0x00,0x00,0x00,0x00,0x00,0x00,0x00,0x00,0x00,0x00,0x00,0x00,0x00,0x00,0x00,0x00,0x00,0x00,0x00,0x00,
    0x00,0x00,0x00,0x01,0x01,0x1d,0x65,0xc7,0xd8,0x98,0x38,0x7c,0x7c,0x10,0x10,0x10,0xd1,0xf8,0x7b,0x9f,0xcb,0xc4,0x64,0x3f,0xff,0xff,0xff,0xff,0xff,0xff,0xff,0xff,
    0x00,0x00,0x00,0x00,0x00,0x00,0x00,0x00,0x00,0x00,0x00,0x00,0x00,0x00,0x04,0x00,0x01,0x01,0x00,0x00,0x00,0x00,0x00,0x00,0x00,0x00,0x00,0x00,0x00,0x01,0x00,0x00,
    0x00,0x00,0x00,0x00,0x00,0x00,0x00,0x00,0x00,0x00,0x08,0x00,0x00,0x00,0x00,0x00,0x00,0x00,0x00,0x00,0x00,0x00,0x00,0x00,0x00,0x00,0x00,0x00,0x01,0x00,0x00,0x00,
    0x00,0x00,0x00,0x00,0x00,0x00,0x00,0x00,0x00,0x00,0x00,0x00,0x00,0x00,0x00,0x00,0x00,0x00,0x00,0x00,0x00,0x10,0x38,0x10,0x00,0x00,0x00,0x00,0x00,0x00,0x00,0x00,
    0x00,0x00,0x00,0x00,0x00,0x00,0x00,0x01,0x02,0x04,0x05,0x09,0x09,0x09,0x11,0x09,0x09,0x09,0x05,0x04,0x02,0x41,0x40,0x42,0x22,0xe7,0xff,0xff,0xff,0xff,0xff,0xff
  },
  { // 78
    0x00,0x00,0x00,0x00,0x00,0x00,0x00,0x00,0x00,0x00,0x00,0x00,0x00,0x80,0x80,0x40,0x40,0x00,0x80,0x80,0x00,0x80,0x80,0x80,0x80,0x80,0x80,0x80,0x40,0x00,0x00,0x00,
    0x00,0x00,0x00,0x00,0x00,0x00,0x00,0x00,0x00,0x00,0x00,0x00,0x00,0x00,0x00,0x00,0x00,0x00,0x00,0x00,0x00,0x00,0x00,0x00,0x00,0x00,0x00,0x00,0x00,0x00,0x00,0x00,
    0x00,0x00,0x00,0x00,0x00,0x00,0x00,0x20,0x70,0x60,0xe0,0xc0,0x80,0x00,0x00,0x00,0x00,0x00,0x00,0x00,0x00,0x00,0x00,0x00,0x00,0x00,0x00,0x00,0x00,0x00,0x00,0x00,
    0x00,0xc0,0x40,0x40,0x80,0x00,0x00,0xc0,0xa0,0x90,0x50,0x48,0x48,0x48,0x44,0x48,0xc8,0xc8,0x58,0x98,0xac,0xd4,0x12,0x1f,0xff,0xff,0xff,0xff,0xff,0xff,0xff,0xff,
    0x80,0x80,0x80,0x80,0x80,0x80,0x80,0x80,0x80,0x80,0x82,0x85,0x85,0x88,0x90,0xf0,0xa7,0xfb,0xed,0xf1,0xf1,0xf8,0x7c,0x1a,0x69,0x79,0x70,0x60,0xc0,0x00,0x00,0x00,
    0x00,0x00,0x00,0x00,0x00,0x00,0x00,0x00,0x00,0x00,0x00,0x00,0x00,0x00,0x00,0x00,0x00,0x00,0x00,0x00,0x00,0x00,0x00,0x00,0x00,0x00,0x00,0x00,0x00,0x00,0x00,0x00,
    0x00,0x00,0x00,0x00,0x00,0x00,0x00,0x00,0x00,0x00,0x94,0xdd,0xff,0x3e,0x14,0x00,0x00,0x00,0x00,0x00,0x00,0x00,0x00,0x00,0x00,0x00,0x00,0x00,0x00,0x00,0x38,0x78,
    0x7f,0xf0,0xf2,0xde,0xc1,0xdd,0xd3,0xf1,0x0d,0x0c,0x0e,0x1f,0x1f,0x04,0x84,0x84,0xc5,0x0f,0xef,0x7c,0x69,0x11,0x13,0x7c,0xff,0xff,0xff,0xff,0xff,0xff,0xff,0xff,
    0x00,0x00,0x00,0x00,0x00,0x00,0x00,0x00,0x00,0x00,0x20,0x50,0x50,0x88,0x84,0x07,0x72,0x6f,0xdb,0xc7,0x47,0x8f,0x9f,0xac,0xcb,0xcf,0x87,0x83,0x01,0x00,0x00,0x00,
    0x00,0x00,0x00,0x00,0x00,0x00,0x00,0x00,0x00,0x00,0x00,0x00,0x00,0x00,0x00,0x00,0x00,0x00,0x00,0x00,0x00,0x00,0x00,0x00,0x00,0x00,0x00,0x00,0x00,0x00,0x00,0x00,
    0x00,0x00,0x00,0x00,0x00,0x00,0x00,0x00,0x01,0x03,0x03,0x01,0x00,0x00,0x00,0x00,0x00,0x00,0x00,0x00,0x00,0x00,0x00,0x00,0x00,0x00,0x00,0x00,0x00,0x00,0x00,0x00,
    0x00,0x00,0x00,0x01,0x01,0x1d,0x65,0xc7,0xd8,0x98,0x38,0x7c,0x7c,0x10,0x10,0x10,0xd1,0xf8,0x7b,0x9f,0xcb,0xc4,0x64,0x3f,0xff,0xff,0xff,0xff,0xff,0xff,0xff,0xff,
    0x00,0x00,0x00,0x00,0x00,0x00,0x00,0x00,0x00,0x00,0x00,0x00,0x00,0x00,0x04,0x01,0x01,0x00,0x00,0x00,0x00,0x00,0x00,0x00,0x00,0x00,0x00,0x00,0x01,0x00,0x00,0x00,
    0x00,0x00,0x00,0x00,0x00,0x00,0x00,0x00,0x00,0x00,0x08,0x00,0x00,0x00,0x00,0x00,0x00,0x00,0x00,0x00,0x00,0x00,0x00,0x00,0x00,0x00,0x00,0x00,0x01,0x00,0x00,0x00,
    0x00,0x00,0x00,0x00,0x00,0x00,0x00,0x00,0x00,0x00,0x00,0x00,0x00,0x00,0x00,0x00,0x00,0x00,0x00,0x00,0x00,0x10,0x38,0x10,0x00,0x00,0x00,0x00,0x00,0x00,0x00,0x00,
    0x00,0x00,0x00,0x00,0x00,0x00,0x00,0x01,0x02,0x04,0x05,0x09,0x09,0x09,0x11,0x09,0x09,0x09,0x05,0x04,0x02,0x41,0x40,0x42,0x22,0xe7,0xff,0xff,0xff,0xff,0xff,0xff
  },
  { // 79
    0x00,0x00,0x00,0x00,0x00,0x00,0x00,0x00,0x00,0x00,0x00,0x00,0x00,0x80,0x80,0x40,0x40,0x00,0x80,0x80,0x00,0x80,0x80,0x80,0x80,0x80,0x80,0x80,0x40,0x00,0x00,0x00,
    0x00,0x00,0x00,0x00,0x00,0x00,0x00,0x00,0x00,0x00,0x00,0x00,0x00,0x00,0x00,0x00,0x00,0x00,0x00,0x00,0x00,0x00,0x00,0x00,0x00,0x00,0x00,0x00,0x00,0x00,0x00,0x00,
    0x00,0x00,0x00,0x00,0x00,0x00,0x00,0x20,0x70,0x20,0x40,0xc0,0x80,0x00,0x00,0x00,0x00,0x00,0x00,0x00,0x00,0x00,0x00,0x00,0x00,0x00,0x00,0x00,0x00,0x00,0x00,0x00,
    0x00,0xc0,0x40,0x40,0x80,0x00,0x00,0xc0,0xa0,0x90,0x50,0x48,0x48,0x48,0x44,0x48,0xc8,0xc8,0x58,0x98,0xac,0xd4,0x12,0x1f,0xff,0xff,0xff,0xff,0xff,0xff,0xff,0xff,
    0x80,0x80,0x80,0x80,0x80,0x80,0x80,0x80,0x80,0x80,0x82,0x85,0x85,0x88,0x90,0xf0,0xa7,0xfb,0xed,0xf1,0xf1,0xf8,0x7c,0x1a,0x69,0x79,0x70,0x60,0xc0,0x00,0x00,0x00,
    0x00,0x00,0x00,0x00,0x00,0x00,0x00,0x00,0x00,0x00,0x00,0x00,0x00,0x00,0x00,0x00,0x00,0x00,0x00,0x00,0x00,0x00,0x00,0x00,0x00,0x00,0x00,0x00,0x00,0x00,0x00,0x00,
    0x00,0x00,0x00,0x00,0x00,0x00,0x00,0x00,0x28,0x7c,0xff,0xff,0xba,0x10,0x00,0x00,0x00,0x00,0x00,0x00,0x00,0x00,0x00,0x00,0x00,0x00,0x00,0x00,0x00,0x00,0x38,0x78,
    0x7f,0xf0,0xf2,0xde,0xc1,0xdd,0xd3,0xf1,0x0d,0x0c,0x0e,0x1f,0x1f,0x04,0x84,0x84,0xc5,0x0f,0xef,0x7c,0x69,0x11,0x13,0x7c,0xff,0xff,0xff,0xff,0xff,0xff,0xff,0xff,
    0x00,0x00,0x00,0x00,0x00,0x00,0x00,0x00,0x00,0x00,0x20,0x50,0x50,0x88,0x84,0x07,0x72,0x6f,0xdb,0xc7,0x47,0x8f,0x9f,0xac,0xcb,0xcf,0x87,0x83,0x01,0x00,0x00,0x00,
    0x00,0x00,0x00,0x00,0x00,0x00,0x00,0x00,0x00,0x00,0x00,0x00,0x00,0x00,0x00,0x00,0x00,0x00,0x00,0x00,0x00,0x00,0x00,0x00,0x00,0x00,0x00,0x00,0x00,0x00,0x00,0x00,
    0x00,0x00,0x00,0x00,0x00,0x00,0x00,0x00,0x00,0x00,0x05,0x07,0x02,0x00,0x00,0x00,0x00,0x00,0x00,0x00,0x00,0x00,0x00,0x00,0x00,0x00,0x00,0x00,0x00,0x00,0x00,0x00,
    0x00,0x00,0x00,0x01,0x01,0x1d,0x65,0xc7,0xd8,0x98,0x38,0x7c,0x7c,0x10,0x10,0x10,0xd1,0xf8,0x7b,0x9f,0xcb,0xc4,0x64,0x3f,0xff,0xff,0xff,0xff,0xff,0xff,0xff,0xff,
    0x00,0x00,0x00,0x00,0x00,0x00,0x00,0x00,0x00,0x00,0x00,0x00,0x00,0x00,0x04,0x01,0x01,0x00,0x00,0x00,0x00,0x00,0x00,0x00,0x00,0x00,0x00,0x00,0x01,0x00,0x00,0x00,
    0x00,0x00,0x00,0x00,0x00,0x00,0x00,0x00,0x00,0x00,0x08,0x00,0x00,0x00,0x00,0x00,0x00,0x00,0x00,0x00,0x00,0x00,0x00,0x00,0x00,0x00,0x00,0x00,0x01,0x00,0x00,0x00,
    0x00,0x00,0x00,0x00,0x00,0x00,0x00,0x00,0x00,0x00,0x00,0x00,0x00,0x00,0x00,0x00,0x00,0x00,0x00,0x00,0x00,0x10,0x38,0x10,0x00,0x00,0x00,0x00,0x00,0x00,0x00,0x00,
    0x00,0x00,0x00,0x00,0x00,0x00,0x00,0x01,0x02,0x04,0x05,0x09,0x09,0x09,0x11,0x09,0x09,0x09,0x05,0x04,0x02,0x41,0x40,0x42,0x22,0xe7,0xff,0xff,0xff,0xff,0xff,0xff
  },
  { // 80
    0x00,0x00,0x00,0x00,0x00,0x00,0x00,0x00,0x00,0x00,0x00,0x00,0x80,0x80,0x40,0x00,0x00,0x80,0x80,0x80,0x80,0x80,0x80,0x80,0x00,0x80,0x80,0x40,0x40,0x00,0x00,0x00,
    0x00,0x00,0x00,0x00,0x00,0x00,0x00,0x00,0x00,0x00,0x00,0x00,0x00,0x00,0x00,0x00,0x00,0x00,0x00,0x00,0x00,0x00,0x00,0x00,0x00,0x00,0x00,0x00,0x00,0x00,0x00,0x00,
    0x00,0x00,0x00,0x00,0x00,0x00,0x00,0x20,0x70,0x20,0x00,0x40,0xc0,0x80,0x00,0x00,0x00,0x00,0x00,0x00,0x00,0x00,0x00,0x00,0x00,0x00,0x00,0x00,0x00,0x00,0x00,0x00,
    0x00,0xc0,0x40,0x40,0x80,0x00,0x00,0xc0,0xa0,0x90,0x50,0x48,0x48,0x48,0x44,0x48,0xc8,0xc8,0x58,0x98,0xac,0xd4,0x12,0x1f,0xff,0xff,0xff,0xff,0xff,0xff,0xff,0xff,
    0x80,0x80,0x80,0x80,0x80,0x80,0x80,0x80,0x80,0x80,0x82,0x85,0x88,0x88,0xf3,0xad,0xf1,0xe7,0xf9,0xf1,0xf8,0x7e,0x1a,0x69,0x79,0x70,0x60,0xc0,0x00,0x00,0x00,0x00,
    0x00,0x00,0x00,0x00,0x00,0x00,0x00,0x00,0x00,0x00,0x00,0x00,0x00,0x00,0x00,0x00,0x00,0x00,0x00,0x00,0x00,0x00,0x00,0x00,0x00,0x00,0x00,0x00,0x00,0x00,0x00,0x00,
    0x00,0x00,0x00,0x00,0x00,0x00,0x00,0x00,0x00,0x28,0x7c,0xff,0xff,0xba,0x10,0x00,0x00,0x00,0x00,0x00,0x00,0x00,0x00,0x00,0x00,0x00,0x00,0x00,0x00,0x00,0x38,0x78,
    0x7f,0xf0,0xf2,0xde,0xc1,0xdd,0xd3,0xf1,0x0d,0x0c,0x0e,0x1f,0x1f,0x04,0x84,0x84,0xc5,0x0f,0xef,0x7c,0x69,0x11,0x13,0x7c,0xff,0xff,0xff,0xff,0xff,0xff,0xff,0xff,
    0x00,0x00,0x00,0x00,0x00,0x00,0x00,0x00,0x00,0x00,0x20,0x50,0x88,0x88,0x67,0x5a,0x47,0xf3,0xcf,0xc7,0x8f,0xbf,0xac,0xcb,0x4f,0x87,0x83,0x01,0x00,0x00,0x00,0x00,
    0x00,0x00,0x00,0x00,0x00,0x00,0x00,0x00,0x00,0x00,0x00,0x00,0x00,0x00,0x00,0x00,0x00,0x00,0x00,0x00,0x00,0x00,0x00,0x00,0x00,0x00,0x00,0x00,0x00,0x00,0x00,0x00,
    0x00,0x00,0x00,0x00,0x00,0x00,0x00,0x00,0x00,0x00,0x00,0x05,0x07,0x02,0x00,0x00,0x00,0x00,0x00,0x00,0x00,0x00,0x00,0x00,0x00,0x00,0x00,0x00,0x00,0x00,0x00,0x00,
    0x00,0x00,0x00,0x01,0x01,0x1d,0x65,0xc7,0xd8,0x98,0x38,0x7c,0x7c,0x10,0x10,0x10,0xd1,0xf8,0x7b,0x9f,0xcb,0xc4,0x64,0x3f,0xff,0xff,0xff,0xff,0xff,0xff,0xff,0xff,
    0x00,0x00,0x00,0x00,0x00,0x00,0x00,0x00,0x00,0x00,0x00,0x00,0x00,0x00,0x05,0x00,0x00,0x00,0x00,0x00,0x00,0x00,0x00,0x00,0x00,0x00,0x00,0x01,0x01,0x00,0x00,0x00,
    0x00,0x00,0x00,0x00,0x00,0x00,0x00,0x00,0x00,0x00,0x08,0x00,0x00,0x00,0x00,0x00,0x00,0x00,0x00,0x00,0x00,0x00,0x00,0x00,0x00,0x00,0x00,0x00,0x01,0x00,0x00,0x00,
    0x00,0x00,0x00,0x00,0x00,0x00,0x00,0x00,0x00,0x00,0x00,0x00,0x00,0x00,0x00,0x00,0x00,0x00,0x00,0x00,0x00,0x10,0x38,0x10,0x00,0x00,0x00,0x00,0x00,0x00,0x00,0x00,
    0x00,0x00,0x00,0x00,0x00,0x00,0x00,0x01,0x02,0x04,0x05,0x09,0x09,0x09,0x11,0x09,0x09,0x09,0x05,0x04,0x02,0x41,0x40,0x42,0x22,0xe7,0xff,0xff,0xff,0xff,0xff,0xff
  },
  { // 81
    0x00,0x00,0x00,0x00,0x00,0x00,0x00,0x00,0x00,0x00,0x00,0x00,0x80,0x80,0x40,0x00,0x00,0x80,0x80,0x80,0x80,0x80,0x80,0x80,0x00,0x80,0x80,0x40,0x40,0x00,0x00,0x00,
    0x00,0x00,0x00,0x00,0x00,0x00,0x00,0x00,0x00,0x00,0x00,0x00,0x00,0x00,0x00,0x00,0x00,0x00,0x00,0x00,0x00,0x00,0x00,0x00,0x00,0x00,0x00,0x00,0x00,0x00,0x00,0x00,
    0x00,0x00,0x00,0x00,0x00,0x00,0x00,0x20,0x70,0x20,0x00,0x00,0x00,0x00,0x80,0x80,0x00,0x00,0x00,0x00,0x00,0x00,0x00,0x00,0x00,0x00,0x00,0x00,0x00,0x00,0x00,0x00,
    0x00,0xc0,0x40,0x40,0x80,0x00,0x00,0xc0,0xa0,0x90,0x50,0x48,0x48,0x48,0x44,0x48,0xc8,0xc8,0x58,0x98,0xac,0xd4,0x12,0x1f,0xff,0xff,0xff,0xff,0xff,0xff,0xff,0xff,
    0x80,0x80,0x80,0x80,0x80,0x80,0x80,0x80,0x80,0x80,0x82,0x85,0x88,0x88,0xf3,0xad,0xf1,0xe7,0xf9,0xf1,0xf8,0x7e,0x1a,0x69,0x79,0x70,0x60,0xc0,0x00,0x00,0x00,0x00,
    0x00,0x00,0x00,0x00,0x00,0x00,0x00,0x00,0x00,0x00,0x00,0x00,0x00,0x00,0x00,0x00,0x00,0x00,0x00,0x00,0x00,0x00,0x00,0x00,0x00,0x00,0x00,0x00,0x00,0x00,0x00,0x00,
    0x00,0x00,0x00,0x00,0x00,0x00,0x00,0x00,0x00,0x50,0xf8,0xfc,0xfe,0x77,0x51,0x00,0x00,0x00,0x00,0x00,0x00,0x00,0x00,0x00,0x00,0x00,0x00,0x00,0x00,0x00,0x38,0x78,
    0x7f,0xf0,0xf2,0xde,0xc1,0xdd,0xd3,0xf1,0x0d,0x0c,0x0e,0x1f,0x1f,0x04,0x84,0x84,0xc5,0x0f,0xef,0x7c,0x69,0x11,0x13,0x7c,0xff,0xff,0xff,0xff,0xff,0xff,0xff,0xff,
    0x00,0x00,0x00,0x00,0x00,0x00,0x00,0x00,0x00,0x00,0x20,0x50,0x88,0x88,0x67,0x5a,0x47,0xf3,0xcf,0xc7,0x8f,0xbf,0xac,0xcb,0x4f,0x87,0x83,0x01,0x00,0x00,0x00,0x00,
    0x00,0x00,0x00,0x00,0x00,0x00,0x00,0x00,0x00,0x00,0x00,0x00,0x00,0x00,0x00,0x00,0x00,0x00,0x00,0x00,0x00,0x00,0x00,0x00,0x00,0x00,0x00,0x00,0x00,0x00,0x00,0x00,
    0x00,0x00,0x00,0x00,0x00,0x00,0x00,0x00,0x00,0x00,0x00,0x01,0x03,0x07,0x0c,0x08,0x00,0x00,0x00,0x00,0x00,0x00,0x00,0x00,0x00,0x00,0x00,0x00,0x00,0x00,0x00,0x00,
    0x00,0x00,0x00,0x01,0x01,0x1d,0x65,0xc7,0xd8,0x98,0x38,0x7c,0x7c,0x10,0x10,0x10,0xd1,0xf8,0x7b,0x9f,0xcb,0xc4,0x64,0x3f,0xff,0xff,0xff,0xff,0xff,0xff,0xff,0xff,
    0x00,0x00,0x00,0x00,0x00,0x00,0x00,0x00,0x00,0x00,0x00,0x00,0x00,0x00,0x05,0x00,0x00,0x00,0x00,0x00,0x00,0x00,0x00,0x00,0x00,0x00,0x00,0x01,0x01,0x00,0x00,0x00,
    0x00,0x00,0x00,0x00,0x00,0x00,0x00,0x00,0x00,0x00,0x08,0x00,0x00,0x00,0x00,0x00,0x00,0x00,0x00,0x00,0x00,0x00,0x00,0x00,0x00,0x00,0x00,0x00,0x01,0x00,0x00,0x00,
    0x00,0x00,0x00,0x00,0x00,0x00,0x00,0x00,0x00,0x00,0x00,0x00,0x00,0x00,0x00,0x00,0x00,0x00,0x00,0x00,0x00,0x10,0x38,0x10,0x00,0x00,0x00,0x00,0x00,0x00,0x00,0x00,
    0x00,0x00,0x00,0x00,0x00,0x00,0x00,0x01,0x02,0x04,0x05,0x09,0x09,0x09,0x11,0x09,0x09,0x09,0x05,0x04,0x02,0x41,0x40,0x42,0x22,0xe7,0xff,0xff,0xff,0xff,0xff,0xff
  },
  { // 82
    0x00,0x00,0x00,0x00,0x00,0x00,0x00,0x00,0x00,0x00,0x00,0x80,0x80,0x40,0x00,0x00,0x80,0x80,0x80,0x80,0x80,0x80,0x80,0x00,0x80,0x80,0x40,0x40,0x00,0x00,0x00,0x00,
    0x00,0x00,0x00,0x00,0x00,0x00,0x00,0x00,0x00,0x00,0x00,0x00,0x00,0x00,0x00,0x00,0x00,0x00,0x00,0x00,0x00,0x00,0x00,0x00,0x00,0x00,0x00,0x00,0x00,0x00,0x00,0x00,
    0x00,0x00,0x00,0x00,0x00,0x00,0x00,0x20,0x70,0x20,0x00,0x00,0x00,0x00,0x00,0x00,0x00,0x00,0x00,0x00,0x00,0x00,0x00,0x00,0x00,0x00,0x00,0x00,0x00,0x00,0x00,0x00,
    0x00,0xc0,0x40,0x40,0x80,0x00,0x00,0xc0,0xa0,0x90,0x50,0x48,0x48,0x48,0x44,0x48,0xc8,0xc8,0x58,0x98,0xac,0xd4,0x12,0x1f,0xff,0xff,0xff,0xff,0xff,0xff,0xff,0xff,
    0x80,0x80,0x80,0x80,0x80,0x80,0x80,0x80,0x80,0x82,0x85,0x88,0x88,0xf3,0xad,0xf1,0xe7,0xf9,0xf1,0xf8,0x7e,0x1a,0x69,0x79,0x70,0x60,0xc0,0x00,0x00,0x00,0x00,0x00,
    0x00,0x00,0x00,0x00,0x00,0x00,0x00,0x00,0x00,0x00,0x00,0x00,0x00,0x00,0x00,0x00,0x00,0x00,0x00,0x00,0x00,0x00,0x00,0x00,0x00,0x00,0x00,0x00,0x00,0x00,0x00,0x00,
    0x00,0x00,0x00,0x00,0x00,0x00,0x00,0x00,0x00,0xa0,0xf0,0xf8,0xfc,0xee,0xa3,0x01,0x00,0x00,0x00,0x00,0x00,0x00,0x00,0x00,0x00,0x00,0x00,0x00,0x00,0x00,0x38,0x78,
    0x7f,0xf0,0xf2,0xde,0xc1,0xdd,0xd3,0xf1,0x0d,0x0c,0x0e,0x1f,0x1f,0x04,0x84,0x84,0xc5,0x0f,0xef,0x7c,0x69,0x11,0x13,0x7c,0xff,0xff,0xff,0xff,0xff,0xff,0xff,0xff,
    0x00,0x00,0x00,0x00,0x00,0x00,0x00,0x00,0x00,0x20,0x50,0x88,0x88,0x67,0x5a,0x47,0xf3,0xcf,0xc7,0x8f,0xbf,0xac,0xcb,0x4f,0x87,0x83,0x01,0x00,0x00,0x00,0x00,0x00,
    0x00,0x00,0x00,0x00,0x00,0x00,0x00,0x00,0x00,0x00,0x00,0x00,0x00,0x00,0x00,0x00,0x00,0x00,0x00,0x00,0x00,0x00,0x00,0x00,0x00,0x00,0x00,0x00,0x80,0x00,0x00,0x00,
    0x00,0x00,0x00,0x00,0x00,0x00,0x00,0x00,0x00,0x00,0x01,0x03,0x07,0x0e,0x18,0x10,0x00,0x00,0x00,0x00,0x00,0x00,0x00,0x00,0x00,0x00,0x00,0x00,0x00,0x00,0x00,0x00,
    0x00,0x00,0x00,0x01,0x01,0x1d,0x65,0xc7,0xd8,0x98,0x38,0x7c,0x7c,0x10,0x10,0x10,0xd1,0xf8,0x7b,0x9f,0xcb,0xc4,0x64,0x3f,0xff,0xff,0xff,0xff,0xff,0xff,0xff,0xff,
    0x00,0x00,0x00,0x00,0x00,0x00,0x00,0x00,0x00,0x00,0x00,0x00,0x00,0x01,0x00,0x00,0x00,0x00,0x00,0x00,0x00,0x00,0x00,0x00,0x00,0x00,0x01,0x01,0x00,0x00,0x00,0x00,
    0x00,0x00,0x00,0x00,0x00,0x00,0x00,0x00,0x00,0x00,0x08,0x00,0x00,0x00,0x00,0x00,0x00,0x00,0x00,0x00,0x00,0x00,0x00,0x00,0x00,0x00,0x00,0x01,0x03,0x01,0x00,0x00,
    0x00,0x00,0x00,0x00,0x00,0x00,0x00,0x00,0x00,0x00,0x00,0x00,0x00,0x00,0x00,0x00,0x00,0x00,0x00,0x00,0x00,0x10,0x38,0x10,0x00,0x00,0x00,0x00,0x00,0x00,0x00,0x00,
    0x00,0x00,0x00,0x00,0x00,0x00,0x00,0x01,0x02,0x04,0x05,0x09,0x09,0x09,0x11,0x09,0x09,0x09,0x05,0x04,0x02,0x41,0x40,0x42,0x22,0xe7,0xff,0xff,0xff,0xff,0xff,0xff
  },
  { // 83
    0x00,0x00,0x00,0x00,0x00,0x00,0x00,0x00,0x00,0x00,0x00,0x80,0x40,0x00,0x00,0x00,0x80,0x80,0x80,0x80,0x80,0x80,0x00,0x00,0x80,0x80,0x80,0x40,0x40,0x00,0x00,0x00,
    0x00,0x00,0x00,0x00,0x00,0x00,0x00,0x00,0x00,0x00,0x00,0x00,0x00,0x00,0x08,0x00,0x00,0x00,0x00,0x00,0x00,0x00,0x00,0x00,0x00,0x00,0x00,0x00,0x00,0x00,0x00,0x00,
    0x00,0x00,0x00,0x00,0x00,0x00,0x00,0x20,0x70,0x20,0x00,0x00,0x00,0x00,0x00,0x00,0x00,0x00,0x00,0x00,0x00,0x00,0x00,0x00,0x00,0x00,0x00,0x00,0x00,0x00,0x00,0x00,
    0x00,0xc0,0x40,0x40,0x80,0x00,0x00,0xc0,0xa0,0x90,0x50,0x48,0x48,0x48,0x44,0x48,0xc8,0xc8,0x58,0x98,0xac,0xd4,0x12,0x1f,0xff,0xff,0xff,0xff,0xff,0xff,0xff,0xff,
    0x80,0x80,0x80,0x80,0x80,0x80,0x80,0x80,0x80,0x80,0x82,0x85,0x89,0xf7,0xb9,0xe1,0xe0,0xff,0xf1,0xfe,0x7a,0x19,0x69,0x79,0x70,0x60,0xc0,0x00,0x00,0x00,0x00,0x00,
    0x00,0x00,0x00,0x00,0x00,0x00,0x00,0x00,0x00,0x00,0x00,0x00,0x00,0x00,0x00,0x00,0x00,0x00,0x00,0x00,0x00,0x00,0x00,0x00,0x00,0x00,0x00,0x00,0x00,0x00,0x00,0x00,
    0x00,0x00,0x00,0x00,0x00,0x00,0x00,0x00,0x00,0x00,0xa0,0xf0,0xf8,0xfc,0xee,0xa3,0x01,0x00,0x00,0x00,0x00,0x00,0x00,0x00,0x00,0x00,0x00,0x00,0x00,0x00,0x38,0x78,
    0x7f,0xf0,0xf2,0xde,0xc1,0xdd,0xd3,0xf1,0x0d,0x0c,0x0e,0x1f,0x1f,0x04,0x84,0x84,0xc5,0x0f,0xef,0x7c,0x69,0x11,0x13,0x7c,0xff,0xff,0xff,0xff,0xff,0xff,0xff,0xff,
    0x00,0x00,0x00,0x00,0x00,0x00,0x00,0x00,0x00,0x00,0x20,0xd0,0x48,0x77,0x4e,0x43,0x83,0xff,0xc7,0xbf,0xaf,0xcc,0x4b,0x4f,0x87,0x83,0x81,0x00,0x00,0x00,0x00,0x00,
    0x00,0x00,0x00,0x00,0x00,0x00,0x00,0x00,0x00,0x00,0x00,0x00,0x00,0x00,0x00,0x00,0x00,0x00,0x00,0x00,0x00,0x00,0x00,0x00,0x00,0x00,0x00,0x00,0x80,0x00,0x00,0x00,
    0x00,0x00,0x00,0x00,0x00,0x00,0x00,0x00,0x00,0x00,0x00,0x01,0x03,0x07,0x0e,0x18,0x10,0x00,0x00,0x00,0x00,0x00,0x00,0x00,0x00,0x00,0x00,0x00,0x00,0x00,0x00,0x00,
    0x00,0x00,0x00,0x01,0x01,0x1d,0x65,0xc7,0xd8,0x98,0x38,0x7c,0x7c,0x10,0x10,0x10,0xd1,0xf8,0x7b,0x9f,0xcb,0xc4,0x64,0x3f,0xff,0xff,0xff,0xff,0xff,0xff,0xff,0xff,
    0x00,0x00,0x00,0x00,0x00,0x00,0x00,0x00,0x00,0x00,0x00,0x00,0x01,0x00,0x00,0x00,0x00,0x00,0x00,0x00,0x00,0x00,0x00,0x00,0x00,0x00,0x00,0x01,0x01,0x00,0x00,0x00,
    0x00,0x00,0x00,0x00,0x00,0x00,0x00,0x00,0x00,0x00,0x00,0x00,0x00,0x00,0x00,0x00,0x00,0x00,0x00,0x00,0x00,0x00,0x00,0x00,0x00,0x00,0x00,0x01,0x03,0x01,0x00,0x00,
    0x00,0x00,0x00,0x00,0x00,0x00,0x00,0x00,0x00,0x00,0x00,0x00,0x00,0x00,0x00,0x00,0x00,0x00,0x00,0x00,0x00,0x00,0x10,0x00,0x00,0x00,0x00,0x00,0x00,0x00,0x00,0x00,
    0x00,0x00,0x00,0x00,0x00,0x00,0x00,0x01,0x02,0x04,0x05,0x09,0x09,0x09,0x11,0x09,0x09,0x09,0x05,0x04,0x02,0x41,0x40,0x42,0x22,0xe7,0xff,0xff,0xff,0xff,0xff,0xff
  },
  { // 84
    0x00,0x00,0x00,0x00,0x00,0x00,0x00,0x00,0x00,0x00,0x00,0x80,0x40,0x00,0x00,0x00,0x80,0x80,0x80,0x80,0x80,0x80,0x00,0x00,0x80,0x80,0x80,0x40,0x40,0x00,0x00,0x00,
    0x00,0x00,0x00,0x00,0x00,0x00,0x00,0x00,0x00,0x00,0x00,0x00,0x00,0x00,0x08,0x00,0x00,0x00,0x00,0x00,0x00,0x00,0x00,0x00,0x00,0x00,0x00,0x00,0x00,0x00,0x00,0x00,
    0x00,0x00,0x00,0x00,0x00,0x00,0x00,0x20,0x70,0x20,0x00,0x00,0x00,0x00,0x00,0x00,0x00,0x00,0x00,0x00,0x00,0x00,0x00,0x00,0x00,0x00,0x00,0x00,0x00,0x00,0x00,0x00,
    0x00,0xc0,0x40,0x40,0x80,0x00,0x00,0xc0,0xa0,0x90,0x50,0x48,0x48,0x48,0x44,0x48,0xc8,0xc8,0x58,0x98,0xac,0xd4,0x12,0x1f,0xff,0xff,0xff,0xff,0xff,0xff,0xff,0xff,
    0x80,0x80,0x80,0x80,0x80,0x80,0x80,0x80,0x80,0x80,0x82,0x85,0x89,0xf7,0xb9,0xe1,0xe0,0xff,0xf1,0xfe,0x7a,0x19,0x69,0x79,0x70,0x60,0xc0,0x00,0x00,0x00,0x00,0x00,
    0x00,0x00,0x00,0x00,0x00,0x00,0x00,0x00,0x00,0x00,0x00,0x00,0x00,0x00,0x00,0x00,0x00,0x00,0x00,0x00,0x00,0x00,0x00,0x00,0x00,0x00,0x00,0x00,0x00,0x00,0x00,0x00,
    0x00,0x00,0x00,0x00,0x00,0x00,0x00,0x00,0x00,0x00,0x40,0xe0,0xfa,0xfe,0xd4,0x80,0x00,0x00,0x00,0x00,0x00,0x00,0x00,0x00,0x00,0x00,0x00,0x00,0x00,0x00,0x38,0x78,
    0x7f,0xf0,0xf2,0xde,0xc1,0xdd,0xd3,0xf1,0x0d,0x0c,0x0e,0x1f,0x1f,0x04,0x84,0x84,0xc5,0x0f,0xef,0x7c,0x69,0x11,0x13,0x7c,0xff,0xff,0xff,0xff,0xff,0xff,0xff,0xff,
    0x00,0x00,0x00,0x00,0x00,0x00,0x00,0x00,0x00,0x00,0x20,0xd0,0x48,0x77,0x4e,0x43,0x83,0xff,0xc7,0xbf,0xaf,0xcc,0x4b,0x4f,0x87,0x83,0x81,0x00,0x00,0x00,0x00,0x00,
    0x00,0x00,0x00,0x00,0x00,0x00,0x00,0x00,0x00,0x00,0x00,0x00,0x00,0x00,0x00,0x00,0x00,0x00,0x00,0x00,0x00,0x00,0x00,0x00,0x00,0x00,0x00,0x00,0x80,0x00,0x00,0x00,
    0x00,0x00,0x00,0x00,0x00,0x00,0x00,0x00,0x00,0x00,0x01,0x03,0x2f,0x3f,0x15,0x00,0x00,0x00,0x00,0x00,0x00,0x00,0x00,0x00,0x00,0x00,0x00,0x00,0x00,0x00,0x00,0x00,
    0x00,0x00,0x00,0x01,0x01,0x1d,0x65,0xc7,0xd8,0x98,0x38,0x7c,0x7c,0x10,0x10,0x10,0xd1,0xf8,0x7b,0x9f,0xcb,0xc4,0x64,0x3f,0xff,0xff,0xff,0xff,0xff,0xff,0xff,0xff,
    0x00,0x00,0x00,0x00,0x00,0x00,0x00,0x00,0x00,0x00,0x00,0x00,0x01,0x00,0x00,0x00,0x00,0x00,0x00,0x00,0x00,0x00,0x00,0x00,0x00,0x00,0x00,0x01,0x01,0x00,0x00,0x00,
    0x00,0x00,0x00,0x00,0x00,0x00,0x00,0x00,0x00,0x00,0x00,0x00,0x00,0x00,0x00,0x00,0x00,0x00,0x00,0x00,0x00,0x00,0x00,0x00,0x00,0x00,0x00,0x01,0x03,0x01,0x00,0x00,
    0x00,0x00,0x00,0x00,0x00,0x00,0x00,0x00,0x00,0x00,0x00,0x00,0x00,0x00,0x00,0x00,0x00,0x00,0x00,0x00,0x00,0x00,0x10,0x00,0x00,0x00,0x00,0x00,0x00,0x00,0x00,0x00,
    0x00,0x00,0x00,0x00,0x00,0x00,0x00,0x01,0x02,0x04,0x05,0x09,0x09,0x09,0x11,0x09,0x09,0x09,0x05,0x04,0x02,0x41,0x40,0x42,0x22,0xe7,0xff,0xff,0xff,0xff,0xff,0xff
  },
  { // 85
    0x00,0x00,0x00,0x00,0x00,0x00,0x00,0x00,0x00,0x00,0x00,0x80,0x40,0x00,0x00,0x00,0x80,0x80,0x80,0x80,0x80,0x80,0x00,0x00,0x80,0x80,0x80,0x40,0x40,0x00,0x00,0x00,
    0x00,0x00,0x00,0x00,0x00,0x00,0x00,0x00,0x00,0x00,0x00,0x00,0x00,0x00,0x08,0x00,0x00,0x00,0x00,0x00,0x00,0x00,0x00,0x00,0x00,0x00,0x00,0x00,0x00,0x00,0x00,0x00,
    0x00,0x00,0x00,0x00,0x00,0x00,0x00,0x20,0x70,0x20,0x00,0x00,0x00,0x00,0x00,0x00,0x00,0x00,0x00,0x00,0x00,0x00,0x00,0x00,0x00,0x00,0x00,0x00,0x00,0x00,0x00,0x00,
    0x00,0xc0,0x40,0x40,0x80,0x00,0x00,0xc0,0xa0,0x90,0x50,0x48,0x48,0x48,0x44,0x48,0xc8,0xc8,0x58,0x98,0xac,0xd4,0x12,0x1f,0xff,0xff,0xff,0xff,0xff,0xff,0xff,0xff,
    0x80,0x80,0x80,0x80,0x80,0x80,0x80,0x80,0x80,0x80,0x82,0x85,0x89,0xf7,0xb9,0xe1,0xe0,0xff,0xf1,0xfe,0x7a,0x19,0x69,0x79,0x70,0x60,0xc0,0x00,0x00,0x00,0x00,0x00,
    0x00,0x00,0x00,0x00,0x00,0x00,0x00,0x00,0x00,0x00,0x00,0x00,0x00,0x00,0x00,0x00,0x00,0x00,0x00,0x00,0x00,0x00,0x00,0x00,0x00,0x00,0x00,0x00,0x00,0x00,0x00,0x00,
    0x00,0x00,0x00,0x00,0x00,0x00,0x00,0x00,0x00,0x00,0x00,0x80,0xc0,0xf4,0xfc,0xa8,0x00,0x00,0x00,0x00,0x00,0x00,0x00,0x00,0x00,0x00,0x00,0x00,0x00,0x00,0x38,0x78,
    0x7f,0xf0,0xf2,0xde,0xc1,0xdd,0xd3,0xf1,0x0d,0x0c,0x0e,0x1f,0x1f,0x04,0x84,0x84,0xc5,0x0f,0xef,0x7c,0x69,0x11,0x13,0x7c,0xff,0xff,0xff,0xff,0xff,0xff,0xff,0xff,
    0x00,0x00,0x00,0x00,0x00,0x00,0x00,0x00,0x00,0x00,0x20,0xd0,0x48,0x77,0x4e,0x43,0x83,0xff,0xc7,0xbf,0xaf,0xcc,0x4b,0x4f,0x87,0x83,0x81,0x00,0x00,0x00,0x00,0x00,
    0x00,0x00,0x00,0x00,0x00,0x00,0x00,0x00,0x00,0x00,0x00,0x00,0x00,0x00,0x00,0x00,0x00,0x00,0x00,0x00,0x00,0x00,0x00,0x00,0x00,0x00,0x00,0x00,0x80,0x00,0x00,0x00,
    0x00,0x00,0x00,0x00,0x00,0x00,0x00,0x00,0x00,0x00,0x00,0x02,0x07,0x5f,0x7f,0x2b,0x01,0x00,0x00,0x00,0x00,0x00,0x00,0x00,0x00,0x00,0x00,0x00,0x00,0x00,0x00,0x00,
    0x00,0x00,0x00,0x01,0x01,0x1d,0x65,0xc7,0xd8,0x98,0x38,0x7c,0x7c,0x10,0x10,0x10,0xd1,0xf8,0x7b,0x9f,0xcb,0xc4,0x64,0x3f,0xff,0xff,0xff,0xff,0xff,0xff,0xff,0xff,
    0x00,0x00,0x00,0x00,0x00,0x00,0x00,0x00,0x00,0x00,0x00,0x00,0x01,0x00,0x00,0x00,0x00,0x00,0x00,0x00,0x00,0x00,0x00,0x00,0x00,0x00,0x00,0x01,0x01,0x00,0x00,0x00,
    0x00,0x00,0x00,0x00,0x00,0x00,0x00,0x00,0x00,0x00,0x00,0x00,0x00,0x00,0x00,0x00,0x00,0x00,0x00,0x00,0x00,0x00,0x00,0x00,0x00,0x00,0x00,0x01,0x03,0x01,0x00,0x00,
    0x00,0x00,0x00,0x00,0x00,0x00,0x00,0x00,0x00,0x00,0x00,0x00,0x00,0x00,0x00,0x00,0x00,0x00,0x00,0x00,0x00,0x00,0x10,0x00,0x00,0x00,0x00,0x00,0x00,0x00,0x00,0x00,
    0x00,0x00,0x00,0x00,0x00,0x00,0x00,0x01,0x02,0x04,0x05,0x09,0x09,0x09,0x11,0x09,0x09,0x09,0x05,0x04,0x02,0x41,0x40,0x42,0x22,0xe7,0xff,0xff,0xff,0xff,0xff,0xff
  },
  { // 86
    0x00,0x00,0x00,0x00,0x00,0x00,0x00,0x00,0x00,0x00,0x80,0x40,0x00,0x00,0x00,0x80,0x80,0x80,0x80,0x80,0x80,0x00,0x00,0x80,0x80,0x80,0x40,0x40,0x00,0x00,0x00,0x00,
    0x00,0x00,0x00,0x00,0x00,0x00,0x00,0x00,0x00,0x00,0x00,0x00,0x00,0x00,0x08,0x00,0x00,0x00,0x00,0x00,0x00,0x00,0x00,0x00,0x00,0x00,0x00,0x00,0x00,0x00,0x00,0x00,
    0x00,0x00,0x00,0x00,0x00,0x00,0x00,0x20,0x70,0x20,0x00,0x00,0x00,0x00,0x00,0x00,0x00,0x00,0x00,0x00,0x00,0x00,0x00,0x00,0x00,0x00,0x00,0x00,0x00,0x00,0x00,0x00,
    0x00,0xc0,0x40,0x40,0x80,0x00,0x00,0xc0,0xa0,0x90,0x50,0x48,0x48,0x48,0x44,0x48,0xc8,0xc8,0x58,0x98,0xac,0xd4,0x12,0x1f,0xff,0xff,0xff,0xff,0xff,0xff,0xff,0xff,
    0x80,0x80,0x80,0x80,0x80,0x80,0x80,0x80,0x80,0x82,0x85,0x89,0xf7,0xb9,0xe1,0xe0,0xff,0xf1,0xfe,0x7a,0x19,0x69,0x79,0x70,0x60,0xc0,0x00,0x00,0x00,0x00,0x00,0x00,
    0x00,0x00,0x00,0x00,0x00,0x00,0x00,0x00,0x00,0x00,0x00,0x00,0x00,0x00,0x00,0x00,0x00,0x00,0x00,0x00,0x00,0x00,0x00,0x00,0x00,0x00,0x00,0x00,0x00,0x00,0x00,0x00,
    0x00,0x00,0x00,0x00,0x00,0x00,0x00,0x00,0x00,0x00,0x00,0x08,0x0c,0x9c,0xb8,0xf0,0xc0,0x80,0x00,0x00,0x00,0x00,0x00,0x00,0x00,0x00,0x00,0x00,0x00,0x00,0x38,0x78,
    0x7f,0xf0,0xf2,0xde,0xc1,0xdd,0xd3,0xf1,0x0d,0x0c,0x0a,0x11,0x1f,0x04,0x84,0x84,0xc5,0x0e,0xef,0x5c,0x69,0x11,0x13,0x7c,0xff,0xff,0xff,0xff,0xff,0xff,0xff,0xff,
    0x00,0x00,0x00,0x00,0x00,0x00,0x00,0x00,0x00,0x20,0xd0,0x48,0x77,0x4e,0x43,0x83,0xff,0xc7,0xbf,0xaf,0xcc,0x4b,0x4f,0x87,0x83,0x81,0x00,0x00,0x00,0x00,0x00,0x00,
    0x00,0x00,0x00,0x00,0x00,0x00,0x00,0x00,0x00,0x00,0x00,0x00,0x00,0x00,0x00,0x00,0x00,0x00,0x00,0x00,0x00,0x00,0x00,0x00,0x00,0x00,0x00,0x00,0x80,0x00,0x00,0x00,
    0x00,0x00,0x00,0x00,0x00,0x00,0x00,0x00,0x00,0x00,0x00,0x20,0x60,0x72,0x3b,0x1f,0x07,0x02,0x00,0x00,0x00,0x00,0x00,0x00,0x00,0x00,0x00,0x00,0x00,0x00,0x00,0x00,
    0x00,0x00,0x00,0x01,0x01,0x1d,0x65,0xc7,0xd8,0x98,0x28,0x44,0x7c,0x10,0x10,0x10,0xd1,0xb8,0x7b,0x9d,0xcb,0xc4,0x64,0x3f,0xff,0xff,0xff,0xff,0xff,0xff,0xff,0xff,
    0x00,0x00,0x00,0x00,0x00,0x00,0x00,0x00,0x00,0x00,0x00,0x01,0x00,0x00,0x00,0x00,0x00,0x00,0x00,0x00,0x00,0x00,0x00,0x00,0x00,0x00,0x01,0x01,0x00,0x00,0x00,0x00,
    0x00,0x00,0x00,0x00,0x00,0x00,0x00,0x00,0x00,0x00,0x00,0x00,0x00,0x00,0x00,0x00,0x00,0x00,0x00,0x00,0x00,0x00,0x00,0x00,0x00,0x00,0x00,0x01,0x03,0x01,0x00,0x00,
    0x00,0x00,0x00,0x00,0x00,0x00,0x00,0x00,0x00,0x00,0x00,0x00,0x00,0x00,0x00,0x00,0x00,0x00,0x00,0x00,0x00,0x00,0x10,0x00,0x00,0x00,0x00,0x00,0x00,0x00,0x00,0x00,
    0x00,0x00,0x00,0x00,0x00,0x00,0x00,0x01,0x02,0x04,0x05,0x09,0x09,0x09,0x11,0x09,0x09,0x09,0x05,0x04,0x02,0x41,0x40,0x42,0x22,0xe7,0xff,0xff,0xff,0xff,0xff,0xff
  },
  { // 87
    0x00,0x00,0x00,0x00,0x00,0x00,0x00,0x00,0x00,0x00,0x80,0x40,0x00,0x00,0x00,0x80,0x80,0x80,0x80,0x80,0x80,0x00,0x00,0x80,0x80,0x80,0x40,0x40,0x00,0x00,0x00,0x00,
    0x00,0x00,0x00,0x00,0x00,0x00,0x00,0x00,0x00,0x00,0x00,0x00,0x00,0x00,0x08,0x00,0x00,0x00,0x00,0x00,0x00,0x00,0x00,0x00,0x00,0x00,0x00,0x00,0x00,0x00,0x00,0x00,
    0x00,0x00,0x00,0x00,0x00,0x00,0x00,0x20,0x70,0x20,0x00,0x00,0x00,0x00,0x00,0x00,0x00,0x00,0x00,0x00,0x00,0x00,0x00,0x00,0x00,0x00,0x00,0x00,0x00,0x00,0x00,0x00,
    0x00,0xc0,0x40,0x40,0x80,0x00,0x00,0xc0,0xa0,0x90,0x50,0x48,0x48,0x48,0x44,0x48,0xc8,0xc8,0x58,0x98,0xac,0xd4,0x12,0x1f,0xff,0xff,0xff,0xff,0xff,0xff,0xff,0xff,
    0x80,0x80,0x80,0x80,0x80,0x80,0x80,0x80,0x80,0x82,0x85,0x89,0xf7,0xb9,0xe1,0xe0,0xff,0xf1,0xfe,0x7a,0x19,0x69,0x79,0x70,0x60,0xc0,0x00,0x00,0x00,0x00,0x00,0x00,
    0x00,0x00,0x00,0x00,0x00,0x00,0x00,0x00,0x00,0x00,0x00,0x00,0x00,0x00,0x00,0x00,0x00,0x00,0x00,0x00,0x00,0x00,0x00,0x00,0x00,0x00,0x00,0x00,0x00,0x00,0x00,0x00,
    0x00,0x00,0x00,0x00,0x00,0x00,0x00,0x00,0x00,0x00,0x00,0x00,0x10,0x18,0x38,0x70,0xe0,0x80,0x00,0x00,0x00,0x00,0x00,0x00,0x00,0x00,0x00,0x00,0x00,0x00,0x38,0x78,
    0x7f,0xf0,0xf2,0xde,0xc1,0xdd,0xd3,0xf1,0x0d,0x0c,0x0a,0x11,0x1f,0x04,0x84,0x84,0xc5,0x0e,0xef,0x5c,0x69,0x11,0x13,0x7c,0xff,0xff,0xff,0xff,0xff,0xff,0xff,0xff,
    0x00,0x00,0x00,0x00,0x00,0x00,0x00,0x00,0x00,0x20,0xd0,0x48,0x77,0x4e,0x43,0x83,0xff,0xc7,0xbf,0xaf,0xcc,0x4b,0x4f,0x87,0x83,0x81,0x00,0x00,0x00,0x00,0x00,0x00,
    0x00,0x00,0x00,0x00,0x00,0x00,0x00,0x00,0x00,0x00,0x00,0x00,0x00,0x00,0x00,0x00,0x00,0x00,0x00,0x00,0x00,0x00,0x00,0x00,0x00,0x00,0x00,0x00,0x80,0x00,0x00,0x00,
    0x00,0x00,0x00,0x00,0x00,0x00,0x00,0x00,0x00,0x00,0x00,0x00,0x40,0xc0,0xe5,0x77,0x3f,0x0f,0x05,0x00,0x00,0x00,0x00,0x00,0x00,0x00,0x00,0x00,0x00,0x00,0x00,0x00,
    0x00,0x00,0x00,0x01,0x01,0x1d,0x65,0xc7,0xd8,0x98,0x28,0x44,0x7c,0x10,0x10,0x10,0xd1,0xb8,0x7b,0x9d,0xcb,0xc4,0x64,0x3f,0xff,0xff,0xff,0xff,0xff,0xff,0xff,0xff,
    0x00,0x00,0x00,0x00,0x00,0x00,0x00,0x00,0x00,0x00,0x00,0x01,0x00,0x00,0x00,0x00,0x00,0x00,0x00,0x00,0x00,0x00,0x00,0x00,0x00,0x00,0x01,0x01,0x00,0x00,0x00,0x00,
    0x00,0x00,0x00,0x00,0x00,0x00,0x00,0x00,0x00,0x00,0x00,0x00,0x00,0x00,0x00,0x00,0x00,0x00,0x00,0x00,0x00,0x00,0x00,0x00,0x00,0x00,0x00,0x01,0x03,0x01,0x00,0x00,
    0x00,0x00,0x00,0x00,0x00,0x00,0x00,0x00,0x00,0x00,0x00,0x00,0x00,0x00,0x00,0x00,0x00,0x00,0x00,0x00,0x00,0x00,0x10,0x00,0x00,0x00,0x00,0x00,0x00,0x00,0x00,0x00,
    0x00,0x00,0x00,0x00,0x00,0x00,0x00,0x01,0x02,0x04,0x05,0x09,0x09,0x09,0x11,0x09,0x09,0x09,0x05,0x04,0x02,0x41,0x40,0x42,0x22,0xe7,0xff,0xff,0xff,0xff,0xff,0xff
  },
  { // 88
    0x00,0x00,0x00,0x00,0x00,0x00,0x00,0x00,0x00,0x00,0x80,0x40,0x00,0x00,0x00,0x80,0x80,0x80,0x80,0x80,0x80,0x00,0x00,0x80,0x80,0x80,0x40,0x40,0x00,0x00,0x00,0x00,
    0x00,0x00,0x00,0x00,0x00,0x00,0x00,0x00,0x00,0x00,0x00,0x00,0x00,0x00,0x08,0x00,0x00,0x00,0x00,0x00,0x00,0x00,0x00,0x00,0x00,0x00,0x00,0x00,0x00,0x00,0x00,0x00,
    0x00,0x00,0x00,0x00,0x00,0x00,0x00,0x20,0x70,0x20,0x00,0x00,0x00,0x00,0x00,0x00,0x00,0x00,0x00,0x00,0x00,0x00,0x00,0x00,0x00,0x00,0x00,0x00,0x00,0x00,0x00,0x00,
    0x00,0xc0,0x40,0x40,0x80,0x00,0x00,0xc0,0xa0,0x90,0x50,0x48,0x48,0x48,0x44,0x48,0x48,0x48,0x58,0x98,0xac,0xd4,0x12,0x1f,0xff,0xff,0xff,0xff,0xff,0xff,0xff,0xff,
    0x80,0x80,0x80,0x80,0x80,0x80,0x80,0x80,0x80,0x82,0x85,0x89,0xf7,0xb9,0xe1,0xe0,0xff,0xf1,0xfe,0x7a,0x19,0x69,0x79,0x70,0x60,0xc0,0x00,0x00,0x00,0x00,0x00,0x00,
    0x00,0x00,0x00,0x00,0x00,0x00,0x00,0x00,0x00,0x00,0x00,0x00,0x00,0x00,0x00,0x00,0x00,0x00,0x00,0x00,0x00,0x00,0x00,0x00,0x00,0x00,0x00,0x00,0x00,0x00,0x00,0x00,
    0x00,0x00,0x00,0x00,0x00,0x00,0x00,0x00,0x00,0x00,0x00,0x00,0x00,0x00,0xd0,0xf0,0xa0,0x00,0x00,0x00,0x00,0x00,0x00,0x00,0x00,0x00,0x00,0x00,0x00,0x00,0x38,0x78,
    0x7f,0xf0,0xf2,0xde,0xc1,0xdd,0xd3,0xf1,0x09,0x08,0x00,0x00,0x00,0x04,0x04,0x04,0x04,0x08,0x08,0x00,0x09,0x11,0x13,0x7c,0xff,0xff,0xff,0xff,0xff,0xff,0xff,0xff,
    0x00,0x00,0x00,0x00,0x00,0x00,0x00,0x00,0x00,0x20,0xd0,0x48,0x77,0x4e,0x43,0x83,0xff,0xc7,0xbf,0xaf,0xcc,0x4b,0x4f,0x87,0x83,0x81,0x00,0x00,0x00,0x00,0x00,0x00,
    0x00,0x00,0x00,0x00,0x00,0x00,0x00,0x00,0x00,0x00,0x00,0x00,0x00,0x00,0x00,0x00,0x00,0x00,0x00,0x00,0x00,0x00,0x00,0x00,0x00,0x00,0x00,0x00,0x80,0x00,0x00,0x00,
    0x00,0x00,0x00,0x00,0x00,0x00,0x00,0x00,0x00,0x00,0x00,0x00,0x0a,0x1f,0x7f,0xff,0xae,0x04,0x00,0x00,0x00,0x00,0x00,0x00,0x00,0x00,0x00,0x00,0x00,0x00,0x00,0x00,
    0x00,0x00,0x00,0x01,0x01,0x1d,0x65,0xc7,0xc8,0x88,0x00,0x00,0x00,0x10,0x10,0x10,0x10,0x08,0x08,0x80,0xc8,0xc4,0x64,0x3f,0xff,0xff,0xff,0xff,0xff,0xff,0xff,0xff,
    0x00,0x00,0x00,0x00,0x00,0x00,0x00,0x00,0x00,0x00,0x00,0x01,0x00,0x00,0x00,0x00,0x00,0x00,0x00,0x00,0x00,0x00,0x00,0x00,0x00,0x00,0x01,0x01,0x00,0x00,0x00,0x00,
    0x00,0x00,0x00,0x00,0x00,0x00,0x00,0x00,0x00,0x00,0x00,0x00,0x00,0x00,0x00,0x00,0x00,0x00,0x00,0x00,0x00,0x00,0x00,0x00,0x00,0x00,0x00,0x01,0x03,0x01,0x00,0x00,
    0x00,0x00,0x00,0x00,0x00,0x00,0x00,0x00,0x00,0x00,0x00,0x00,0x00,0x00,0x01,0x01,0x00,0x00,0x00,0x00,0x00,0x00,0x10,0x00,0x00,0x00,0x00,0x00,0x00,0x00,0x00,0x00,
    0x00,0x00,0x00,0x00,0x00,0x00,0x00,0x01,0x02,0x04,0x05,0x09,0x09,0x09,0x11,0x09,0x09,0x09,0x05,0x04,0x02,0x41,0x40,0x42,0x22,0xe7,0xff,0xff,0xff,0xff,0xff,0xff
  },
  { // 89
    0x00,0x00,0x00,0x00,0x00,0x00,0x00,0x00,0x00,0x00,0x80,0x80,0x40,0x00,0x00,0x80,0x80,0x80,0x80,0x80,0x80,0x80,0x00,0x80,0x80,0x40,0x40,0x00,0x00,0x00,0x00,0x00,
    0x00,0x00,0x00,0x00,0x00,0x00,0x00,0x00,0x00,0x00,0x00,0x00,0x00,0x00,0x08,0x00,0x00,0x00,0x00,0x00,0x00,0x00,0x00,0x00,0x00,0x00,0x00,0x00,0x00,0x00,0x00,0x00,
    0x00,0x00,0x00,0x00,0x00,0x00,0x00,0x20,0x70,0x20,0x00,0x00,0x00,0x00,0x00,0x00,0x00,0x00,0x00,0x00,0x00,0x00,0x00,0x00,0x00,0x00,0x00,0x00,0x00,0x00,0x00,0x00,
    0x00,0xc0,0x40,0x40,0x80,0x00,0x00,0xc0,0xa0,0x90,0x50,0x48,0x48,0x48,0x44,0x48,0x48,0x48,0x58,0x98,0xac,0xd4,0x12,0x1f,0xff,0xff,0xff,0xff,0xff,0xff,0xff,0xff,
    0x80,0x80,0x80,0x80,0x80,0x80,0x80,0x80,0x82,0x85,0x88,0x88,0xf3,0xad,0xf1,0xe7,0xf9,0xf1,0xf8,0x7e,0x1a,0x69,0x79,0x70,0x60,0xc0,0x00,0x00,0x00,0x00,0x00,0x00,
    0x00,0x00,0x00,0x00,0x00,0x00,0x00,0x00,0x00,0x00,0x00,0x00,0x00,0x00,0x00,0x00,0x00,0x00,0x00,0x00,0x00,0x00,0x00,0x00,0x00,0x00,0x00,0x00,0x00,0x00,0x00,0x00,
    0x00,0x00,0x00,0x00,0x00,0x00,0x00,0x00,0x00,0x00,0x00,0x00,0x00,0x00,0x00,0xd0,0xf0,0xa0,0x00,0x00,0x00,0x00,0x00,0x00,0x00,0x00,0x00,0x00,0x00,0x00,0x38,0x78,
    0x7f,0xf0,0xf2,0xde,0xc1,0xdd,0xd3,0xf1,0x09,0x08,0x00,0x00,0x00,0x04,0x04,0x04,0x04,0x08,0x08,0x00,0x09,0x11,0x13,0x7c,0xff,0xff,0xff,0xff,0xff,0xff,0xff,0xff,
    0x00,0x00,0x00,0x00,0x00,0x00,0x00,0x00,0x20,0x50,0x88,0x88,0x67,0x5a,0x47,0xf3,0xcf,0xc7,0x8f,0xbf,0xac,0xcb,0x4f,0x87,0x83,0x01,0x00,0x00,0x00,0x00,0x00,0x00,
    0x00,0x00,0x00,0x00,0x00,0x00,0x00,0x00,0x00,0x00,0x00,0x00,0x00,0x00,0x00,0x00,0x00,0x00,0x00,0x00,0x00,0x00,0x00,0x00,0x00,0x00,0x00,0x00,0x80,0x00,0x00,0x00,
    0x00,0x00,0x00,0x00,0x00,0x00,0x00,0x00,0x00,0x00,0x00,0x00,0x00,0x0a,0x1f,0x7f,0xff,0xae,0x04,0x00,0x00,0x00,0x00,0x00,0x00,0x00,0x00,0x00,0x00,0x00,0x00,0x00,
    0x00,0x00,0x00,0x01,0x01,0x1d,0x65,0xc7,0xc8,0x88,0x00,0x00,0x00,0x10,0x10,0x10,0x10,0x08,0x08,0x80,0xc8,0xc4,0x64,0x3f,0xff,0xff,0xff,0xff,0xff,0xff,0xff,0xff,
    0x00,0x00,0x00,0x00,0x00,0x00,0x00,0x00,0x00,0x00,0x00,0x00,0x01,0x00,0x00,0x00,0x00,0x00,0x00,0x00,0x00,0x00,0x00,0x00,0x00,0x01,0x01,0x00,0x00,0x00,0x00,0x00,
    0x00,0x00,0x00,0x00,0x00,0x00,0x00,0x00,0x00,0x00,0x00,0x00,0x00,0x00,0x00,0x00,0x00,0x00,0x00,0x00,0x00,0x00,0x00,0x00,0x00,0x00,0x00,0x01,0x03,0x01,0x00,0x00,
    0x00,0x00,0x00,0x00,0x00,0x00,0x00,0x00,0x00,0x00,0x00,0x00,0x00,0x00,0x00,0x01,0x01,0x00,0x00,0x00,0x00,0x00,0x10,0x00,0x00,0x00,0x00,0x00,0x00,0x00,0x00,0x00,
    0x00,0x00,0x00,0x00,0x00,0x00,0x00,0x01,0x02,0x04,0x05,0x09,0x09,0x09,0x11,0x09,0x09,0x09,0x05,0x04,0x02,0x41,0x40,0x42,0x22,0xe7,0xff,0xff,0xff,0xff,0xff,0xff
  }
};
