// タイピングヒートマップ (32x128) 360 frames @ 15fps — デモ打鍵のループを焼き込んだ版
#pragma once
#define ANIM_HEATMAP_FRAMES 360
const uint8_t PROGMEM anim_heatmap[ANIM_HEATMAP_FRAMES][512] = {
  { // 0
    0x00,0x00,0x00,0x00,0x00,0x00,0x00,0x00,0x00,0x00,0x00,0x00,0x00,0x00,0x00,0x00,0x00,0x00,0x00,0x00,0x00,0x00,0x00,0x00,0x00,0x00,0x00,0x00,0x00,0x00,0x00,0x00,
    0x00,0x00,0x00,0x00,0x00,0x00,0x00,0x00,0x00,0x00,0x00,0x00,0x00,0x00,0x00,0x00,0x00,0x00,0x00,0x00,0x00,0x00,0x00,0x00,0x00,0x00,0x00,0x00,0x00,0x00,0x00,0x00,
    0x00,0x00,0x00,0x00,0x00,0x00,0x00,0x00,0x00,0x00,0x00,0x00,0x00,0x00,0x00,0x00,0x00,0x00,0x00,0x00,0x00,0x00,0x00,0x00,0x00,0x00,0x00,0x00,0x00,0x00,0x00,0x00,
    0x00,0x00,0x00,0x00,0x00,0x00,0x00,0x00,0x00,0x00,0x00,0x00,0x00,0x00,0x00,0x00,0x00,0x00,0x00,0x00,0x00,0x00,0x00,0x00,0x00,0x00,0x00,0x00,0x00,0x00,0x02,0x67,
    0x00,0x00,0x00,0x00,0x00,0x00,0x00,0x00,0x00,0x00,0x00,0x00,0x00,0x00,0x00,0x00,0x00,0x00,0x00,0x00,0x00,0x00,0x00,0x00,0x00,0x00,0x00,0x00,0x00,0x00,0x00,0x00,
    0x00,0x00,0x00,0x00,0x00,0x00,0x00,0x00,0x00,0x00,0x00,0x00,0x00,0x00,0x00,0x00,0x00,0x00,0x00,0x00,0x00,0x00,0x00,0x00,0x00,0x00,0x00,0x00,0x00,0x00,0x00,0x00,
    0x00,0x00,0x00,0x00,0x00,0x00,0x00,0x00,0x00,0x00,0x00,0x00,0x00,0x00,0x00,0x00,0x00,0x00,0x00,0x00,0x00,0x00,0x00,0x00,0x00,0x00,0x00,0x00,0x00,0x00,0x00,0x00,
    0x00,0x00,0x00,0x00,0x00,0x00,0x00,0x00,0x00,0x10,0x00,0x00,0x00,0x00,0x20,0x40,0x20,0x40,0x28,0x50,0xe8,0x50,0xe8,0x50,0xe8,0xc0,0x80,0x10,0xa2,0xd1,0xa3,0x77,
    0x00,0x00,0x00,0x00,0x00,0x00,0x00,0x00,0x00,0x00,0x00,0x00,0x00,0x00,0x00,0x00,0x00,0x00,0x00,0x00,0x00,0x00,0x00,0x00,0x00,0x00,0x00,0x00,0x00,0x00,0x00,0x00,
    0x00,0x00,0x00,0x00,0x00,0x00,0x00,0x00,0x00,0x00,0x00,0x00,0x00,0x00,0x00,0x00,0x00,0x00,0x00,0x00,0x00,0x00,0x00,0x00,0x00,0x00,0x00,0x00,0x00,0x00,0x00,0x00,
    0x00,0x00,0x00,0x00,0x00,0x00,0x00,0x00,0x00,0x00,0x00,0x00,0x00,0x00,0x00,0x00,0x00,0x00,0x00,0x00,0x00,0x00,0x00,0x00,0x00,0x00,0x00,0x00,0x00,0x00,0x00,0x00,
    0x20,0x00,0x00,0x00,0x00,0x00,0x00,0x00,0x00,0x00,0x00,0x00,0x00,0x00,0x00,0x00,0x00,0x00,0x20,0x00,0x20,0x04,0x20,0x00,0x08,0x41,0x09,0x01,0x8b,0x95,0x9b,0x17,
    0x00,0x00,0x00,0x00,0x00,0x00,0x00,0x00,0x00,0x00,0x00,0x00,0x00,0x00,0x00,0x00,0x00,0x00,0x00,0x00,0x00,0x00,0x00,0x00,0x00,0x00,0x00,0x00,0x00,0x00,0x00,0x00,
    0x00,0x00,0x00,0x00,0x00,0x00,0x00,0x00,0x00,0x00,0x00,0x00,0x00,0x00,0x00,0x00,0x00,0x00,0x00,0x00,0x00,0x00,0x00,0x00,0x00,0x00,0x00,0x00,0x00,0x00,0x00,0x00,
    0x00,0x00,0x00,0x00,0x00,0x00,0x00,0x00,0x00,0x00,0x00,0x00,0x00,0x00,0x00,0x00,0x00,0x00,0x00,0x00,0x00,0x00,0x00,0x00,0x00,0x00,0x00,0x00,0x00,0x00,0x00,0x00,
    0x80,0x00,0x00,0x00,0x00,0x00,0x00,0x00,0x00,0x00,0x00,0x00,0x00,0x00,0x04,0x00,0x00,0x00,0x00,0x00,0x00,0x00,0x00,0x00,0x00,0x00,0x00,0x00,0x00,0x00,0x80,0x17
  },
  { // 1
    0x00,0x00,0x00,0x00,0x00,0x00,0x00,0x00,0x00,0x00,0x00,0x00,0x00,0x00,0x00,0x00,0x00,0x00,0x00,0x00,0x00,0x00,0x00,0x00,0x00,0x00,0x00,0x00,0x00,0x00,0x00,0x00,
    0x00,0x00,0x00,0x00,0x00,0x00,0x00,0x00,0x00,0x00,0x00,0x00,0x00,0x00,0x00,0x00,0x00,0x00,0x00,0x00,0x00,0x00,0x00,0x00,0x00,0x00,0x00,0x00,0x00,0x00,0x00,0x00,
    0x00,0x00,0x00,0x00,0x00,0x00,0x00,0x00,0x00,0x00,0x00,0x00,0x00,0x00,0x00,0x00,0x00,0x00,0x00,0x00,0x00,0x00,0x00,0x00,0x00,0x00,0x00,0x00,0x00,0x00,0x00,0x00,
    0x20,0x00,0x00,0x00,0x00,0x00,0x00,0x00,0x00,0x00,0x00,0x00,0x80,0x00,0x00,0x00,0x00,0x00,0x00,0x00,0x00,0x00,0x00,0x00,0x00,0x00,0x00,0x00,0x00,0x00,0x03,0x77,
    0x00,0x00,0x00,0x00,0x00,0x00,0x00,0x00,0x00,0x00,0x00,0x00,0x00,0x00,0x00,0x00,0x00,0x00,0x00,0x00,0x00,0x00,0x00,0x00,0x00,0x00,0x00,0x00,0x00,0x00,0x00,0x00,
    0x00,0x00,0x00,0x00,0x00,0x00,0x00,0x00,0x00,0x00,0x00,0x00,0x00,0x00,0x00,0x00,0x00,0x00,0x00,0x00,0x00,0x00,0x00,0x00,0x00,0x00,0x00,0x00,0x00,0x00,0x00,0x00,
    0x00,0x00,0x00,0x00,0x00,0x00,0x00,0x00,0x00,0x00,0x00,0x00,0x00,0x00,0x00,0x00,0x00,0x00,0x00,0x00,0x00,0x00,0x00,0x00,0x00,0x00,0x00,0x00,0x00,0x00,0x00,0x00,
    0x00,0x00,0x00,0x00,0x00,0x00,0x00,0x00,0x00,0x10,0x00,0x00,0x20,0x00,0x20,0x40,0x20,0x40,0x60,0x60,0xe8,0x40,0xe8,0x40,0xc8,0xc0,0x80,0x00,0x8a,0x91,0xbb,0x17,
    0x00,0x00,0x00,0x00,0x00,0x00,0x00,0x00,0x00,0x00,0x00,0x00,0x00,0x00,0x00,0x00,0x00,0x00,0x00,0x00,0x00,0x00,0x00,0x00,0x00,0x00,0x00,0x00,0x00,0x00,0x00,0x00,
    0x00,0x00,0x00,0x00,0x00,0x00,0x00,0x00,0x00,0x00,0x00,0x00,0x00,0x00,0x00,0x00,0x00,0x00,0x00,0x00,0x00,0x00,0x00,0x00,0x00,0x00,0x00,0x00,0x00,0x00,0x00,0x00,
    0x00,0x00,0x00,0x00,0x00,0x00,0x00,0x00,0x00,0x00,0x00,0x00,0x00,0x00,0x00,0x00,0x00,0x00,0x00,0x00,0x00,0x00,0x00,0x00,0x00,0x00,0x00,0x00,0x00,0x00,0x00,0x20,
    0x00,0x00,0x00,0x00,0x00,0x00,0x00,0x00,0x00,0x00,0x00,0x00,0x00,0x00,0x00,0x00,0x00,0x00,0x20,0x00,0x20,0x00,0x20,0x00,0x00,0x05,0x0b,0x01,0x8f,0x9d,0x9f,0x17,
    0x00,0x00,0x00,0x00,0x00,0x00,0x00,0x00,0x00,0x00,0x00,0x00,0x00,0x00,0x00,0x00,0x00,0x00,0x00,0x00,0x00,0x00,0x00,0x00,0x00,0x00,0x00,0x00,0x00,0x00,0x00,0x00,
    0x00,0x00,0x00,0x00,0x00,0x00,0x00,0x00,0x00,0x00,0x00,0x00,0x00,0x00,0x00,0x00,0x00,0x00,0x00,0x00,0x00,0x00,0x00,0x00,0x00,0x00,0x80,0x00,0x00,0x00,0x00,0x00,
    0x00,0x00,0x00,0x00,0x00,0x00,0x00,0x00,0x00,0x00,0x00,0x00,0x00,0x00,0x00,0x00,0x00,0x00,0x00,0x10,0x00,0x00,0x00,0x00,0x00,0x00,0x00,0x00,0x00,0x00,0x00,0x00,
    0x00,0x00,0x00,0x00,0x00,0x00,0x00,0x00,0x00,0x00,0x00,0x00,0x00,0x04,0x04,0x00,0x00,0x00,0x00,0x00,0x00,0x00,0x00,0x00,0x00,0x00,0x00,0x00,0x00,0x00,0x80,0x57
  },
  { // 2
    0x00,0x00,0x00,0x00,0x00,0x00,0x00,0x00,0x00,0x00,0x00,0x00,0x00,0x00,0x00,0x00,0x00,0x00,0x00,0x00,0x00,0x00,0x00,0x00,0x00,0x00,0x00,0x00,0x00,0x00,0x00,0x00,
    0x00,0x00,0x00,0x00,0x00,0x00,0x00,0x00,0x00,0x00,0x00,0x00,0x00,0x00,0x00,0x00,0x00,0x00,0x00,0x00,0x00,0x00,0x00,0x00,0x00,0x00,0x00,0x00,0x00,0x00,0x00,0x00,
    0x00,0x00,0x00,0x00,0x00,0x80,0x00,0x00,0x00,0x00,0x00,0x00,0x00,0x00,0x00,0x00,0x00,0x00,0x00,0x04,0x00,0x00,0x00,0x00,0x00,0x00,0x00,0x00,0x00,0x00,0x00,0x00,
    0x00,0x00,0x00,0x00,0x00,0x00,0x00,0x00,0x00,0x00,0x00,0x00,0x00,0x00,0x00,0x00,0x00,0x00,0x00,0x00,0x00,0x00,0x00,0x00,0x00,0x00,0x00,0x00,0x00,0x00,0x03,0xff,
    0x00,0x00,0x00,0x00,0x00,0x00,0x00,0x00,0x00,0x00,0x00,0x00,0x00,0x00,0x00,0x00,0x00,0x00,0x00,0x00,0x00,0x00,0x00,0x00,0x00,0x00,0x00,0x00,0x00,0x00,0x00,0x00,
    0x00,0x00,0x00,0x00,0x00,0x00,0x00,0x00,0x00,0x00,0x00,0x00,0x00,0x00,0x00,0x00,0x00,0x00,0x00,0x00,0x00,0x00,0x00,0x00,0x00,0x00,0x00,0x00,0x00,0x00,0x00,0x00,
    0x00,0x00,0x00,0x00,0x00,0x00,0x00,0x00,0x00,0x00,0x00,0x00,0x00,0x00,0x00,0x00,0x00,0x00,0x00,0x00,0x00,0x00,0x00,0x00,0x00,0x00,0x00,0x00,0x00,0x00,0x00,0x00,
    0x00,0x00,0x00,0x00,0x00,0x00,0x00,0x00,0x00,0x10,0x00,0x00,0x00,0x20,0x10,0x20,0x40,0x20,0x60,0xe0,0x40,0xe0,0x40,0xc0,0xc0,0x80,0x40,0x8a,0xd0,0x9b,0x17,0xbf,
    0x00,0x00,0x00,0x00,0x00,0x00,0x00,0x00,0x00,0x00,0x00,0x00,0x00,0x00,0x00,0x00,0x00,0x00,0x00,0x00,0x00,0x00,0x00,0x00,0x00,0x00,0x00,0x00,0x00,0x00,0x00,0x00,
    0x00,0x00,0x00,0x00,0x00,0x00,0x00,0x00,0x00,0x00,0x00,0x00,0x00,0x00,0x00,0x00,0x00,0x00,0x00,0x00,0x00,0x00,0x00,0x00,0x00,0x00,0x00,0x00,0x00,0x00,0x00,0x00,
    0x00,0x00,0x00,0x00,0x00,0x00,0x00,0x00,0x00,0x00,0x00,0x00,0x00,0x00,0x00,0x00,0x00,0x00,0x00,0x00,0x00,0x00,0x00,0x00,0x00,0x00,0x00,0x00,0x00,0x00,0x00,0x00,
    0x00,0x00,0x00,0x00,0x00,0x00,0x00,0x00,0x00,0x00,0x00,0x00,0x00,0x01,0x00,0x00,0x00,0x00,0x00,0x20,0x00,0x20,0x00,0x00,0x05,0x02,0x05,0x8f,0x4d,0x9f,0x17,0x9f,
    0x00,0x00,0x00,0x00,0x00,0x00,0x00,0x00,0x00,0x00,0x00,0x00,0x00,0x00,0x00,0x00,0x00,0x00,0x00,0x00,0x00,0x00,0x00,0x00,0x00,0x00,0x00,0x00,0x00,0x00,0x00,0x00,
    0x00,0x00,0x00,0x00,0x00,0x00,0x00,0x00,0x00,0x00,0x00,0x00,0x00,0x00,0x00,0x00,0x00,0x00,0x00,0x00,0x00,0x00,0x00,0x00,0x00,0x80,0x00,0x80,0x00,0x00,0x00,0x00,
    0x00,0x00,0x00,0x00,0x00,0x00,0x00,0x04,0x00,0x00,0x00,0x00,0x00,0x00,0x00,0x00,0x00,0x00,0x10,0x10,0x00,0x00,0x00,0x00,0x00,0x00,0x00,0x00,0x00,0x00,0x00,0x00,
    0x00,0x00,0x00,0x00,0x00,0x00,0x00,0x00,0x00,0x00,0x00,0x00,0x00,0x00,0x00,0x00,0x00,0x00,0x00,0x00,0x00,0x00,0x00,0x00,0x00,0x00,0x00,0x00,0x00,0x00,0x00,0xff
  },
  { // 3
    0x00,0x00,0x00,0x00,0x00,0x00,0x00,0x00,0x00,0x00,0x00,0x00,0x00,0x00,0x00,0x00,0x00,0x00,0x00,0x00,0x00,0x00,0x00,0x00,0x00,0x00,0x00,0x00,0x00,0x00,0x00,0x00,
    0x00,0x00,0x00,0x00,0x00,0x00,0x00,0x00,0x00,0x00,0x00,0x00,0x00,0x00,0x00,0x00,0x00,0x00,0x00,0x00,0x00,0x00,0x00,0x00,0x00,0x00,0x00,0x00,0x00,0x00,0x00,0x00,
    0x00,0x00,0x00,0x00,0x00,0x00,0x80,0x00,0x00,0x00,0x00,0x00,0x00,0x00,0x00,0x00,0x00,0x00,0x04,0x04,0x00,0x00,0x00,0x00,0x00,0x00,0x00,0x00,0x00,0x00,0x00,0x00,
    0x00,0x00,0x00,0x00,0x00,0x00,0x00,0x00,0x00,0x00,0x00,0x00,0x00,0x00,0x00,0x00,0x00,0x00,0x00,0x00,0x00,0x00,0x00,0x00,0x00,0x00,0x00,0x00,0x00,0x00,0x03,0xd5,
    0x00,0x00,0x00,0x00,0x00,0x00,0x00,0x00,0x00,0x00,0x00,0x00,0x00,0x00,0x00,0x00,0x00,0x00,0x00,0x00,0x00,0x00,0x00,0x00,0x00,0x00,0x00,0x00,0x00,0x00,0x00,0x00,
    0x00,0x00,0x00,0x00,0x00,0x00,0x00,0x00,0x00,0x00,0x00,0x00,0x00,0x00,0x00,0x00,0x00,0x00,0x00,0x00,0x00,0x00,0x00,0x00,0x00,0x00,0x00,0x00,0x00,0x00,0x00,0x00,
    0x00,0x00,0x00,0x00,0x00,0x00,0x00,0x00,0x00,0x00,0x00,0x00,0x00,0x00,0x00,0x00,0x00,0x00,0x00,0x00,0x00,0x00,0x00,0x00,0x00,0x00,0x00,0x00,0x00,0x00,0x00,0x00,
    0x00,0x00,0x00,0x00,0x00,0x00,0x00,0x00,0x10,0x00,0x00,0x00,0x20,0x10,0x20,0x50,0x20,0x70,0xe0,0x40,0xe0,0x40,0xe0,0x40,0xc0,0x40,0xc8,0xcc,0x8a,0x17,0x9f,0x9d,
    0x00,0x00,0x00,0x00,0x00,0x00,0x00,0x00,0x00,0x00,0x00,0x00,0x00,0x00,0x00,0x00,0x00,0x00,0x00,0x00,0x00,0x00,0x00,0x00,0x00,0x00,0x00,0x00,0x00,0x00,0x00,0x00,
    0x00,0x00,0x00,0x00,0x00,0x00,0x00,0x00,0x00,0x00,0x00,0x00,0x00,0x00,0x00,0x00,0x00,0x00,0x00,0x00,0x00,0x00,0x00,0x00,0x00,0x00,0x00,0x00,0x00,0x00,0x00,0x00,
    0x00,0x00,0x00,0x00,0x00,0x00,0x00,0x00,0x00,0x00,0x00,0x00,0x00,0x00,0x00,0x00,0x00,0x00,0x00,0x00,0x00,0x00,0x00,0x00,0x00,0x00,0x00,0x00,0x00,0x00,0x00,0x00,
    0x00,0x00,0x00,0x00,0x00,0x00,0x00,0x00,0x00,0x00,0x00,0x00,0x00,0x01,0x00,0x00,0x00,0x00,0x00,0x00,0x00,0x00,0x00,0x01,0x02,0x05,0x0e,0x4d,0x8f,0x57,0x9f,0xdd,
    0x00,0x00,0x00,0x00,0x00,0x00,0x00,0x00,0x00,0x00,0x00,0x00,0x00,0x00,0x00,0x00,0x00,0x00,0x00,0x00,0x00,0x00,0x00,0x00,0x00,0x00,0x00,0x00,0x00,0x00,0x00,0x00,
    0x00,0x00,0x00,0x00,0x00,0x00,0x00,0x00,0x00,0x00,0x00,0x00,0x00,0x00,0x00,0x00,0x00,0x00,0x00,0x00,0x00,0x00,0x00,0x00,0x00,0x00,0x00,0x00,0x00,0x00,0x00,0x00,
    0x00,0x00,0x00,0x00,0x02,0x02,0x00,0x00,0x00,0x00,0x00,0x00,0x00,0x00,0x00,0x00,0x00,0x00,0x00,0x00,0x00,0x00,0x00,0x00,0x00,0x00,0x00,0x00,0x00,0x00,0x00,0x00,
    0x00,0x00,0x00,0x00,0x00,0x00,0x00,0x00,0x00,0x00,0x00,0x00,0x00,0x00,0x00,0x00,0x00,0x00,0x00,0x00,0x00,0x00,0x00,0x00,0x00,0x00,0x00,0x00,0x00,0x00,0x80,0x5d
  },
  { // 4
    0x00,0x00,0x00,0x00,0x00,0x00,0x00,0x00,0x00,0x00,0x00,0x00,0x00,0x00,0x00,0x00,0x00,0x00,0x00,0x00,0x00,0x00,0x00,0x00,0x00,0x00,0x00,0x00,0x00,0x00,0x00,0x00,
    0x00,0x00,0x00,0x00,0x00,0x00,0x00,0x00,0x00,0x00,0x00,0x00,0x00,0x00,0x00,0x00,0x00,0x00,0x00,0x00,0x00,0x00,0x00,0x10,0x10,0x00,0x00,0x00,0x00,0x00,0x00,0x00,
    0x00,0x00,0x00,0x00,0x00,0x00,0x00,0x00,0x00,0x00,0x00,0x00,0x00,0x00,0x00,0x00,0x00,0x00,0x00,0x00,0x00,0x00,0x00,0x00,0x00,0x00,0x00,0x00,0x00,0x00,0x00,0x00,
    0x00,0x00,0x00,0x00,0x00,0x00,0x00,0x00,0x00,0x00,0x00,0x00,0x00,0x00,0x00,0x00,0x00,0x00,0x00,0x00,0x00,0x00,0x00,0x00,0x00,0x00,0x00,0x00,0x00,0x00,0x01,0xbf,
    0x00,0x00,0x00,0x00,0x00,0x00,0x00,0x00,0x00,0x00,0x00,0x00,0x00,0x00,0x00,0x00,0x00,0x00,0x00,0x00,0x00,0x00,0x00,0x00,0x00,0x00,0x00,0x00,0x00,0x00,0x00,0x00,
    0x00,0x00,0x00,0x00,0x00,0x00,0x00,0x00,0x00,0x00,0x00,0x00,0x00,0x00,0x00,0x00,0x00,0x00,0x00,0x00,0x00,0x00,0x00,0x00,0x00,0x00,0x00,0x00,0x00,0x00,0x00,0x00,
    0x00,0x00,0x00,0x00,0x00,0x00,0x00,0x00,0x00,0x00,0x00,0x00,0x00,0x00,0x00,0x00,0x00,0x00,0x00,0x00,0x00,0x00,0x00,0x00,0x00,0x00,0x00,0x00,0x00,0x00,0x00,0x00,
    0x00,0x00,0x00,0x00,0x00,0x00,0x00,0x00,0x00,0x00,0x00,0x00,0x80,0x20,0x10,0x20,0x70,0xe0,0x40,0xa0,0x40,0xe0,0x40,0x80,0x40,0xc8,0xc4,0xce,0x54,0x9e,0x9d,0x9f,
    0x00,0x00,0x00,0x00,0x00,0x00,0x00,0x00,0x00,0x00,0x00,0x00,0x00,0x00,0x00,0x00,0x00,0x00,0x00,0x00,0x00,0x00,0x00,0x00,0x00,0x00,0x00,0x00,0x00,0x00,0x00,0x00,
    0x00,0x00,0x00,0x00,0x00,0x00,0x00,0x00,0x00,0x00,0x00,0x00,0x00,0x00,0x00,0x00,0x00,0x00,0x00,0x00,0x00,0x00,0x00,0x00,0x00,0x00,0x00,0x00,0x00,0x00,0x00,0x00,
    0x00,0x00,0x00,0x00,0x00,0x00,0x00,0x00,0x00,0x00,0x00,0x00,0x00,0x00,0x00,0x00,0x00,0x00,0x00,0x00,0x00,0x00,0x00,0x00,0x00,0x00,0x00,0x00,0x00,0x00,0x00,0x00,
    0x00,0x00,0x00,0x00,0x00,0x00,0x00,0x00,0x00,0x00,0x00,0x00,0x00,0x00,0x00,0x00,0x00,0x00,0x00,0x00,0x00,0x00,0x01,0x02,0x00,0x0e,0x05,0x2f,0x57,0xff,0x5d,0xbf,
    0x00,0x00,0x00,0x00,0x00,0x00,0x00,0x00,0x00,0x00,0x00,0x00,0x00,0x00,0x00,0x00,0x00,0x00,0x00,0x00,0x00,0x00,0x00,0x00,0x00,0x00,0x00,0x00,0x00,0x00,0x00,0x00,
    0x00,0x00,0x00,0x00,0x00,0x00,0x00,0x00,0x00,0x00,0x00,0x00,0x00,0x00,0x00,0x00,0x00,0x00,0x00,0x00,0x00,0x00,0x00,0x00,0x00,0x00,0x00,0x00,0x00,0x00,0x00,0x00,
    0x00,0x00,0x00,0x02,0x02,0x00,0x00,0x00,0x00,0x00,0x00,0x00,0x00,0x00,0x00,0x00,0x00,0x00,0x00,0x00,0x00,0x00,0x00,0x00,0x00,0x00,0x00,0x00,0x00,0x00,0x00,0x00,
    0x00,0x00,0x00,0x00,0x00,0x00,0x00,0x00,0x00,0x00,0x00,0x00,0x00,0x00,0x00,0x00,0x00,0x00,0x00,0x00,0x00,0x00,0x00,0x00,0x00,0x00,0x00,0x00,0x00,0x00,0x00,0xfe
  },
  { // 5
    0x00,0x00,0x00,0x00,0x00,0x00,0x00,0x00,0x00,0x00,0x00,0x00,0x00,0x00,0x00,0x00,0x00,0x00,0x00,0x00,0x00,0x00,0x00,0x00,0x00,0x00,0x00,0x00,0x00,0x00,0x00,0x00,
    0x00,0x00,0x00,0x00,0x00,0x00,0x00,0x00,0x00,0x00,0x00,0x00,0x00,0x00,0x00,0x00,0x00,0x00,0x00,0x00,0x00,0x00,0x00,0x00,0x00,0x00,0x00,0x00,0x00,0x00,0x00,0x00,
    0x00,0x00,0x00,0x00,0x00,0x00,0x00,0x00,0x00,0x00,0x00,0x00,0x00,0x00,0x00,0x00,0x00,0x00,0x00,0x00,0x00,0x00,0x00,0x00,0x00,0x00,0x00,0x00,0x00,0x00,0x00,0x00,
    0x00,0x00,0x00,0x00,0x00,0x00,0x00,0x00,0x00,0x00,0x00,0x00,0x00,0x00,0x00,0x00,0x00,0x00,0x00,0x00,0x00,0x00,0x00,0x00,0x00,0x00,0x00,0x00,0x00,0x8a,0x17,0x9f,
    0x00,0x00,0x00,0x00,0x00,0x00,0x00,0x00,0x00,0x00,0x00,0x00,0x00,0x00,0x00,0x00,0x00,0x00,0x00,0x00,0x00,0x00,0x00,0x00,0x00,0x00,0x00,0x00,0x00,0x00,0x00,0x00,
    0x00,0x00,0x00,0x00,0x00,0x00,0x00,0x00,0x00,0x00,0x00,0x00,0x00,0x00,0x00,0x00,0x00,0x00,0x00,0x00,0x00,0x00,0x00,0x00,0x00,0x00,0x00,0x00,0x00,0x00,0x00,0x00,
    0x00,0x00,0x00,0x00,0x00,0x00,0x00,0x00,0x00,0x00,0x00,0x00,0x00,0x00,0x00,0x00,0x00,0x00,0x00,0x00,0x00,0x00,0x00,0x00,0x00,0x00,0x00,0x00,0x00,0x20,0x18,0x20,
    0x10,0x30,0x70,0xe8,0x50,0x60,0x40,0xe8,0x40,0xe8,0x50,0xe8,0xd0,0xf8,0x50,0xf8,0xd0,0xa0,0x10,0xa0,0x00,0xa2,0x04,0xee,0x44,0xee,0x56,0xee,0x5d,0xff,0x57,0x9f,
    0x00,0x00,0x00,0x00,0x00,0x00,0x00,0x00,0x00,0x00,0x00,0x00,0x00,0x00,0x00,0x00,0x00,0x00,0x00,0x00,0x00,0x00,0x00,0x00,0x00,0x00,0x00,0x00,0x00,0x00,0x00,0x00,
    0x00,0x00,0x00,0x00,0x00,0x00,0x00,0x00,0x00,0x00,0x00,0x00,0x00,0x00,0x00,0x00,0x00,0x00,0x00,0x00,0x00,0x00,0x00,0x00,0x00,0x00,0x00,0x00,0x00,0x00,0x00,0x00,
    0x00,0x00,0x00,0x00,0x00,0x00,0x00,0x00,0x00,0x00,0x00,0x00,0x00,0x00,0x00,0x00,0x00,0x00,0x00,0x00,0x08,0x00,0x00,0x00,0x00,0x00,0x01,0x00,0x00,0x00,0x00,0x00,
    0x00,0x00,0x00,0x00,0x00,0x20,0x00,0x10,0x00,0x20,0x00,0x40,0x40,0x81,0x41,0x89,0x01,0x83,0x01,0x83,0x01,0x03,0x13,0x2f,0x15,0x3f,0x77,0x7f,0x5d,0x7e,0x74,0xfe,
    0x00,0x00,0x00,0x00,0x00,0x00,0x00,0x00,0x00,0x00,0x00,0x00,0x00,0x00,0x00,0x00,0x00,0x00,0x00,0x00,0x00,0x00,0x00,0x00,0x00,0x00,0x00,0x00,0x00,0x00,0x00,0x00,
    0x00,0x00,0x00,0x00,0x00,0x00,0x00,0x00,0x00,0x00,0x00,0x00,0x00,0x00,0x00,0x00,0x00,0x00,0x00,0x00,0x00,0x00,0x00,0x00,0x00,0x00,0x00,0x00,0x00,0x00,0x00,0x00,
    0x00,0x00,0x00,0x00,0x00,0x00,0x00,0x00,0x00,0x00,0x00,0x00,0x00,0x00,0x00,0x00,0x00,0x00,0x00,0x00,0x00,0x00,0x00,0x00,0x00,0x00,0x00,0x00,0x00,0x00,0x00,0x00,
    0x00,0x00,0x00,0x00,0x00,0x00,0x00,0x00,0x00,0x00,0x00,0x00,0x00,0x00,0x00,0x00,0x00,0x00,0x00,0x00,0x00,0x00,0x00,0x00,0x01,0x01,0x01,0x02,0x00,0x02,0x40,0xfe
  },
  { // 6
    0x00,0x00,0x00,0x00,0x00,0x00,0x00,0x00,0x00,0x00,0x00,0x00,0x00,0x00,0x00,0x00,0x00,0x00,0x00,0x00,0x00,0x00,0x00,0x00,0x00,0x00,0x00,0x00,0x00,0x00,0x00,0x00,
    0x00,0x00,0x00,0x00,0x00,0x00,0x00,0x00,0x00,0x00,0x00,0x00,0x00,0x00,0x00,0x00,0x00,0x00,0x00,0x00,0x00,0x00,0x00,0x00,0x00,0x00,0x00,0x00,0x00,0x00,0x00,0x00,
    0x00,0x00,0x00,0x00,0x00,0x00,0x00,0x00,0x00,0x00,0x00,0x00,0x00,0x00,0x00,0x00,0x00,0x00,0x00,0x00,0x00,0x00,0x00,0x00,0x00,0x00,0x00,0x00,0x00,0x00,0x00,0x00,
    0x00,0x00,0x00,0x00,0x00,0x00,0x00,0x00,0x00,0x00,0x00,0x00,0x00,0x00,0x00,0x00,0x00,0x00,0x00,0x00,0x00,0x00,0x00,0x00,0x00,0x00,0x00,0x00,0x00,0x04,0x8f,0x1d,
    0x00,0x00,0x00,0x00,0x00,0x00,0x00,0x00,0x00,0x00,0x00,0x00,0x00,0x00,0x00,0x00,0x00,0x00,0x00,0x00,0x00,0x00,0x00,0x00,0x00,0x00,0x00,0x00,0x00,0x00,0x00,0x00,
    0x00,0x00,0x00,0x00,0x00,0x00,0x00,0x00,0x00,0x00,0x00,0x00,0x00,0x00,0x00,0x00,0x00,0x00,0x00,0x00,0x00,0x00,0x00,0x00,0x00,0x00,0x00,0x00,0x00,0x00,0x00,0x00,
    0x00,0x00,0x00,0x00,0x00,0x00,0x00,0x00,0x00,0x00,0x00,0x00,0x00,0x00,0x00,0x00,0x00,0x00,0x00,0x00,0x00,0x00,0x00,0x00,0x00,0x00,0x00,0x00,0x00,0x18,0x20,0x10,
    0x30,0x30,0xa0,0x50,0x20,0x60,0xe0,0x40,0xe0,0x40,0xe8,0xc0,0xe8,0x50,0xe8,0xd0,0x80,0x00,0x80,0x00,0xa0,0x10,0xae,0x54,0xbe,0x76,0xee,0x5c,0x6e,0x54,0xfe,0x5d,
    0x00,0x00,0x00,0x00,0x00,0x00,0x00,0x00,0x00,0x00,0x00,0x00,0x00,0x00,0x00,0x00,0x00,0x00,0x00,0x00,0x00,0x00,0x00,0x00,0x00,0x00,0x00,0x00,0x00,0x00,0x00,0x00,
    0x00,0x00,0x00,0x00,0x00,0x00,0x00,0x00,0x00,0x00,0x00,0x00,0x00,0x00,0x00,0x00,0x00,0x00,0x00,0x00,0x00,0x00,0x00,0x00,0x00,0x00,0x00,0x00,0x00,0x00,0x00,0x00,
    0x00,0x00,0x00,0x00,0x00,0x00,0x00,0x00,0x00,0x00,0x00,0x00,0x00,0x00,0x00,0x00,0x00,0x00,0x10,0x00,0x00,0x00,0x00,0x00,0x00,0x01,0x00,0x00,0x00,0x00,0x00,0x00,
    0x00,0x00,0x00,0x00,0x00,0x00,0x00,0x10,0x00,0x00,0x00,0x40,0x00,0x41,0x81,0x41,0x81,0x01,0x8b,0x01,0x0b,0x13,0xbb,0x15,0x3f,0x37,0xbf,0x5d,0x7e,0x76,0x7e,0x5c,
    0x00,0x00,0x00,0x00,0x00,0x00,0x00,0x00,0x00,0x00,0x00,0x00,0x00,0x00,0x00,0x00,0x00,0x00,0x00,0x00,0x00,0x00,0x00,0x00,0x00,0x00,0x00,0x00,0x00,0x00,0x00,0x00,
    0x00,0x00,0x00,0x00,0x00,0x00,0x00,0x00,0x00,0x00,0x00,0x00,0x00,0x00,0x00,0x00,0x00,0x00,0x00,0x00,0x00,0x00,0x00,0x00,0x00,0x00,0x00,0x00,0x00,0x00,0x00,0x00,
    0x00,0x00,0x00,0x00,0x00,0x00,0x00,0x00,0x00,0x00,0x00,0x00,0x00,0x00,0x00,0x00,0x00,0x00,0x00,0x00,0x00,0x00,0x00,0x00,0x00,0x00,0x00,0x00,0x00,0x00,0x00,0x00,
    0x00,0x00,0x00,0x00,0x00,0x00,0x00,0x00,0x00,0x00,0x00,0x00,0x00,0x00,0x00,0x00,0x00,0x00,0x00,0x00,0x00,0x00,0x00,0x01,0x00,0x01,0x00,0x00,0x02,0x00,0x22,0x54
  },
  { // 7
    0x00,0x00,0x00,0x00,0x00,0x00,0x00,0x00,0x00,0x00,0x00,0x00,0x00,0x00,0x00,0x00,0x00,0x00,0x00,0x00,0x00,0x00,0x00,0x00,0x00,0x00,0x00,0x00,0x00,0x00,0x00,0x00,
    0x00,0x00,0x00,0x00,0x00,0x00,0x00,0x00,0x00,0x00,0x00,0x00,0x00,0x00,0x00,0x00,0x00,0x00,0x00,0x00,0x00,0x00,0x00,0x00,0x00,0x00,0x00,0x00,0x00,0x00,0x00,0x00,
    0x00,0x00,0x00,0x00,0x00,0x00,0x00,0x00,0x00,0x00,0x00,0x00,0x00,0x00,0x00,0x00,0x00,0x00,0x00,0x00,0x00,0x00,0x00,0x00,0x00,0x00,0x00,0x00,0x00,0x00,0x00,0x00,
    0x00,0x00,0x00,0x00,0x00,0x00,0x00,0x00,0x00,0x00,0x00,0x00,0x00,0x00,0x00,0x00,0x00,0x00,0x00,0x00,0x00,0x00,0x00,0x00,0x00,0x00,0x00,0x00,0x00,0x0c,0x0c,0x9f,
    0x00,0x00,0x00,0x00,0x00,0x00,0x00,0x00,0x00,0x00,0x00,0x00,0x00,0x00,0x00,0x00,0x00,0x00,0x00,0x00,0x00,0x00,0x00,0x00,0x00,0x00,0x00,0x00,0x00,0x00,0x00,0x00,
    0x00,0x00,0x00,0x00,0x00,0x00,0x00,0x00,0x00,0x00,0x00,0x00,0x00,0x00,0x00,0x00,0x00,0x00,0x00,0x00,0x00,0x00,0x00,0x00,0x00,0x00,0x00,0x00,0x00,0x00,0x00,0x00,
    0x00,0x00,0x00,0x00,0x00,0x00,0x00,0x00,0x00,0x00,0x00,0x00,0x00,0x00,0x00,0x00,0x00,0x00,0x00,0x00,0x00,0x00,0x00,0x00,0x00,0x00,0x00,0x00,0x00,0xa4,0x10,0x30,
    0x10,0xb0,0xd0,0x20,0x60,0xe0,0x40,0xe0,0x60,0xe0,0xc0,0xe0,0x40,0xe8,0xc0,0x80,0x00,0x88,0x80,0x80,0x10,0xb8,0x14,0xbe,0x36,0x3e,0x5c,0x3e,0x76,0x7e,0x5c,0x7e,
    0x00,0x00,0x00,0x00,0x00,0x00,0x00,0x00,0x00,0x00,0x00,0x00,0x00,0x00,0x00,0x00,0x00,0x00,0x00,0x00,0x00,0x00,0x00,0x00,0x00,0x00,0x00,0x00,0x00,0x00,0x00,0x00,
    0x00,0x00,0x00,0x00,0x00,0x00,0x00,0x00,0x00,0x00,0x00,0x00,0x00,0x00,0x00,0x00,0x00,0x00,0x00,0x00,0x00,0x00,0x00,0x00,0x00,0x00,0x00,0x00,0x00,0x00,0x00,0x00,
    0x00,0x00,0x00,0x00,0x00,0x00,0x00,0x00,0x00,0x00,0x00,0x00,0x00,0x00,0x00,0x00,0x00,0x00,0x00,0x00,0x00,0x00,0x00,0x00,0x02,0x00,0x00,0x00,0x00,0x00,0x00,0x00,
    0x00,0x00,0x00,0x00,0x02,0x00,0x00,0x00,0x00,0x00,0x02,0x00,0x03,0x00,0x03,0x01,0x01,0x81,0x21,0x0b,0x31,0x9b,0x3d,0xbf,0x37,0xbf,0x1d,0x3e,0x76,0x7e,0x5c,0x7e,
    0x00,0x00,0x00,0x00,0x00,0x00,0x00,0x00,0x00,0x00,0x00,0x00,0x00,0x00,0x00,0x00,0x00,0x00,0x00,0x00,0x00,0x00,0x00,0x00,0x00,0x00,0x00,0x00,0x00,0x00,0x00,0x00,
    0x00,0x00,0x00,0x00,0x00,0x00,0x00,0x00,0x00,0x00,0x00,0x00,0x00,0x00,0x00,0x00,0x00,0x00,0x00,0x00,0x00,0x00,0x00,0x00,0x00,0x00,0x00,0x00,0x00,0x00,0x00,0x00,
    0x00,0x00,0x00,0x00,0x00,0x00,0x00,0x00,0x00,0x00,0x00,0x00,0x00,0x00,0x00,0x00,0x00,0x00,0x00,0x00,0x00,0x00,0x00,0x00,0x00,0x00,0x00,0x00,0x00,0x00,0x00,0x00,
    0x00,0x00,0x00,0x00,0x00,0x00,0x00,0x00,0x00,0x00,0x00,0x00,0x00,0x00,0x00,0x00,0x00,0x00,0x00,0x00,0x00,0x00,0x00,0x00,0x01,0x00,0x01,0x00,0x00,0x02,0x40,0xfa
  },
  { // 8
    0x00,0x00,0x00,0x00,0x00,0x00,0x00,0x00,0x00,0x00,0x00,0x00,0x00,0x00,0x00,0x00,0x00,0x00,0x00,0x00,0x00,0x00,0x00,0x00,0x00,0x00,0x00,0x00,0x00,0x00,0x00,0x00,
    0x00,0x00,0x00,0x00,0x00,0x00,0x00,0x00,0x00,0x00,0x00,0x00,0x00,0x00,0x00,0x00,0x00,0x00,0x00,0x00,0x00,0x00,0x00,0x00,0x00,0x00,0x00,0x00,0x00,0x00,0x00,0x00,
    0x00,0x00,0x00,0x00,0x00,0x00,0x00,0x00,0x00,0x00,0x00,0x00,0x00,0x00,0x00,0x00,0x00,0x00,0x00,0x00,0x00,0x00,0x00,0x00,0x00,0x00,0x00,0x00,0x00,0x00,0x00,0x00,
    0x00,0x00,0x00,0x00,0x00,0x00,0x00,0x00,0x00,0x00,0x80,0x00,0x00,0x00,0x00,0x00,0x00,0x00,0x00,0x00,0x00,0x00,0x00,0x00,0x00,0x20,0x00,0x20,0x44,0x7e,0x74,0xfe,
    0x00,0x00,0x00,0x00,0x00,0x00,0x00,0x00,0x00,0x00,0x00,0x00,0x00,0x00,0x00,0x00,0x00,0x00,0x00,0x00,0x00,0x00,0x00,0x00,0x00,0x00,0x00,0x00,0x00,0x00,0x00,0x00,
    0x00,0x00,0x00,0x00,0x00,0x00,0x00,0x00,0x00,0x00,0x00,0x00,0x00,0x00,0x00,0x00,0x00,0x00,0x00,0x00,0x00,0x00,0x00,0x00,0x00,0x00,0x00,0x00,0x00,0x00,0x00,0x20,
    0x00,0x20,0x00,0xa0,0x40,0x00,0x00,0x80,0x00,0x00,0x00,0x80,0x00,0x80,0x00,0x80,0x00,0x20,0x00,0x22,0x00,0x20,0x00,0x30,0x50,0x60,0x70,0xf8,0xd0,0xf8,0x50,0xf8,
    0xd8,0xf8,0x50,0xf0,0xd0,0xf0,0x70,0xe0,0xd0,0xe0,0x60,0xe0,0x40,0xe0,0x40,0xcc,0xcc,0x8c,0x54,0xfe,0xdc,0xbe,0x14,0xbe,0x1c,0x3e,0x36,0x3e,0x5c,0x7e,0x76,0xfe,
    0x00,0x00,0x00,0x00,0x00,0x00,0x00,0x00,0x00,0x00,0x00,0x00,0x00,0x00,0x00,0x00,0x00,0x00,0x00,0x00,0x00,0x00,0x00,0x00,0x00,0x00,0x00,0x00,0x00,0x00,0x00,0x00,
    0x00,0x00,0x00,0x00,0x00,0x00,0x00,0x00,0x00,0x00,0x00,0x00,0x00,0x00,0x00,0x00,0x00,0x00,0x00,0x00,0x00,0x00,0x00,0x00,0x00,0x00,0x00,0x00,0x00,0x00,0x00,0x00,
    0x00,0x00,0x00,0x00,0x00,0x00,0x00,0x00,0x00,0x00,0x00,0x00,0x02,0x00,0x00,0x00,0x00,0x00,0x00,0x00,0x00,0x00,0x00,0x00,0x00,0x02,0x0a,0x00,0x00,0x00,0x00,0x00,
    0x40,0x00,0x05,0x81,0x05,0x81,0x01,0x83,0x01,0xa3,0x03,0xa3,0x21,0x23,0x21,0x0a,0x65,0x2f,0x5d,0xff,0x5d,0xff,0x55,0xff,0xfd,0xbb,0x71,0xfa,0xf9,0xfa,0x77,0xfe,
    0x00,0x00,0x00,0x00,0x00,0x00,0x00,0x00,0x00,0x00,0x00,0x00,0x00,0x00,0x00,0x00,0x00,0x00,0x00,0x00,0x00,0x00,0x00,0x00,0x00,0x00,0x00,0x00,0x00,0x00,0x00,0x00,
    0x00,0x00,0x00,0x00,0x00,0x00,0x00,0x00,0x00,0x00,0x00,0x00,0x00,0x00,0x00,0x00,0x00,0x00,0x00,0x00,0x00,0x00,0x00,0x00,0x00,0x00,0x00,0x00,0x00,0x00,0x00,0x00,
    0x00,0x00,0x00,0x00,0x00,0x00,0x00,0x00,0x00,0x00,0x00,0x00,0x00,0x00,0x00,0x00,0x00,0x00,0x00,0x00,0x00,0x00,0x00,0x00,0x00,0x00,0x00,0x00,0x00,0x00,0x00,0x00,
    0x00,0x00,0x00,0x00,0x00,0x00,0x00,0x00,0x00,0x00,0x01,0x00,0x00,0x00,0x00,0x00,0x00,0x00,0x00,0x02,0x00,0x02,0x00,0x00,0x00,0x00,0x01,0x01,0x01,0x83,0x51,0xfb
  },
  { // 9
    0x00,0x00,0x00,0x00,0x00,0x00,0x00,0x00,0x00,0x00,0x00,0x00,0x00,0x00,0x00,0x00,0x00,0x00,0x00,0x00,0x00,0x00,0x00,0x00,0x00,0x00,0x00,0x00,0x00,0x00,0x00,0x00,
    0x00,0x00,0x00,0x00,0x00,0x00,0x00,0x00,0x00,0x00,0x00,0x00,0x00,0x00,0x00,0x00,0x00,0x00,0x00,0x00,0x00,0x00,0x00,0x00,0x00,0x00,0x00,0x00,0x00,0x00,0x00,0x00,
    0x00,0x00,0x00,0x00,0x00,0x00,0x00,0x00,0x00,0x00,0x00,0x00,0x00,0x00,0x00,0x00,0x00,0x00,0x00,0x00,0x00,0x00,0x00,0x00,0x00,0x00,0x00,0x00,0x00,0x00,0x00,0x00,
    0x00,0x00,0x00,0x00,0x00,0x00,0x00,0x00,0x80,0x00,0x00,0x00,0x00,0x00,0x00,0x00,0x00,0x00,0x00,0x00,0x00,0x00,0x00,0x00,0x00,0x00,0x20,0x00,0x28,0x74,0xfe,0xdc,
    0x00,0x00,0x00,0x00,0x00,0x00,0x00,0x00,0x00,0x00,0x00,0x00,0x00,0x00,0x00,0x00,0x00,0x00,0x00,0x00,0x00,0x00,0x00,0x00,0x00,0x00,0x00,0x00,0x00,0x00,0x00,0x00,
    0x00,0x00,0x00,0x00,0x00,0x00,0x00,0x00,0x00,0x00,0x00,0x00,0x00,0x00,0x00,0x00,0x00,0x00,0x00,0x00,0x00,0x00,0x00,0x00,0x00,0x00,0x00,0x00,0x00,0x00,0x00,0x00,
    0x20,0x00,0x00,0x00,0x00,0x00,0x00,0x00,0x00,0x00,0x80,0x00,0x80,0x00,0x80,0x00,0x00,0x00,0x20,0x00,0x20,0x10,0x20,0x50,0x60,0x70,0xe0,0x50,0xe0,0x50,0xe8,0xc8,
    0xe8,0x50,0xe0,0xd0,0xf0,0x70,0xf0,0xd0,0xe0,0x60,0xa0,0x40,0x20,0x00,0xec,0x44,0xec,0x54,0xfc,0xdc,0xfe,0x54,0xbe,0x1c,0xba,0x34,0xba,0x5c,0xfe,0x76,0xfe,0xdd,
    0x00,0x00,0x00,0x00,0x00,0x00,0x00,0x00,0x00,0x00,0x00,0x00,0x00,0x00,0x00,0x00,0x00,0x00,0x00,0x00,0x00,0x00,0x00,0x00,0x00,0x00,0x00,0x00,0x00,0x00,0x00,0x00,
    0x00,0x00,0x00,0x00,0x00,0x00,0x00,0x00,0x00,0x00,0x00,0x00,0x00,0x00,0x00,0x00,0x00,0x00,0x00,0x00,0x00,0x00,0x00,0x00,0x00,0x00,0x00,0x00,0x00,0x00,0x00,0x00,
    0x00,0x00,0x00,0x00,0x00,0x00,0x00,0x00,0x00,0x00,0x02,0x00,0x00,0x00,0x00,0x00,0x00,0x00,0x00,0x00,0x00,0x00,0x00,0x01,0x01,0x00,0x00,0x00,0x00,0x00,0x00,0x00,
    0x04,0x04,0x80,0x01,0x81,0x01,0x83,0x01,0xc3,0x01,0xc3,0x01,0x63,0x03,0x22,0x05,0x2e,0x77,0xfe,0x5d,0xfe,0x75,0xfc,0xdd,0xf8,0x71,0xf8,0xd9,0xfb,0x71,0xfb,0xd5,
    0x00,0x00,0x00,0x00,0x00,0x00,0x00,0x00,0x00,0x00,0x00,0x00,0x00,0x00,0x00,0x00,0x00,0x00,0x00,0x00,0x00,0x00,0x00,0x00,0x00,0x00,0x00,0x00,0x00,0x00,0x00,0x00,
    0x00,0x00,0x00,0x00,0x00,0x00,0x00,0x00,0x00,0x00,0x00,0x00,0x00,0x00,0x00,0x00,0x00,0x00,0x00,0x00,0x00,0x00,0x00,0x00,0x00,0x00,0x00,0x00,0x00,0x00,0x00,0x00,
    0x00,0x00,0x00,0x00,0x00,0x00,0x00,0x00,0x00,0x00,0x00,0x00,0x00,0x00,0x00,0x00,0x00,0x00,0x00,0x00,0x00,0x00,0x00,0x00,0x00,0x00,0x00,0x00,0x00,0x00,0x00,0x00,
    0x00,0x00,0x00,0x00,0x00,0x01,0x00,0x00,0x00,0x00,0x00,0x00,0x00,0x00,0x00,0x00,0x00,0x00,0x00,0x00,0x02,0x00,0x00,0x00,0x00,0x00,0x00,0x01,0x01,0x01,0xeb,0xd9
  },
  { // 10
    0x00,0x00,0x00,0x00,0x00,0x00,0x00,0x00,0x00,0x00,0x00,0x00,0x00,0x00,0x00,0x00,0x00,0x00,0x00,0x00,0x00,0x00,0x00,0x00,0x00,0x00,0x00,0x00,0x00,0x00,0x00,0x00,
    0x00,0x00,0x00,0x00,0x00,0x00,0x00,0x00,0x00,0x00,0x00,0x00,0x00,0x00,0x00,0x00,0x00,0x00,0x00,0x00,0x00,0x00,0x00,0x00,0x00,0x00,0x00,0x00,0x00,0x00,0x00,0x00,
    0x00,0x00,0x00,0x00,0x00,0x00,0x00,0x00,0x00,0x00,0x00,0x00,0x00,0x00,0x00,0x00,0x00,0x00,0x00,0x00,0x00,0x00,0x00,0x00,0x00,0x00,0x00,0x00,0x00,0x00,0x00,0x00,
    0x80,0x00,0x80,0x00,0x00,0x00,0x00,0x00,0x00,0x00,0x00,0x00,0x00,0x00,0x00,0x00,0x00,0x00,0x00,0x00,0x00,0x00,0x10,0xb0,0x50,0xb8,0x70,0xf8,0xdc,0xfa,0x77,0xfe,
    0x00,0x00,0x00,0x00,0x00,0x00,0x00,0x00,0x00,0x00,0x00,0x00,0x00,0x00,0x00,0x00,0x00,0x00,0x00,0x00,0x00,0x00,0x00,0x00,0x00,0x00,0x00,0x00,0x00,0x00,0x00,0x00,
    0x00,0x00,0x00,0x00,0x00,0x00,0x00,0x00,0x00,0x00,0x00,0x00,0x00,0x00,0x00,0x20,0x00,0x20,0x00,0x20,0x40,0x20,0x00,0x00,0x40,0x00,0x40,0xc0,0x40,0x80,0x00,0x80,
    0x00,0x80,0x00,0x00,0x00,0x00,0x00,0x20,0x01,0x20,0x40,0x28,0x40,0x30,0x10,0x88,0x10,0xb8,0x10,0xb8,0x50,0xf8,0x7a,0xf8,0xd0,0xf0,0x70,0xe0,0xc0,0xe0,0x60,0xe0,
    0xc0,0xe8,0x40,0xe8,0xd8,0xc8,0x50,0x88,0x90,0x98,0x10,0xbc,0x14,0x3e,0x74,0xfe,0x5c,0x7e,0x74,0xfe,0x5c,0xfc,0x74,0xfc,0xdc,0xf8,0x75,0xfb,0xdd,0xfb,0x73,0xfb,
    0x00,0x00,0x00,0x00,0x00,0x00,0x00,0x00,0x00,0x00,0x00,0x00,0x00,0x00,0x00,0x00,0x00,0x00,0x00,0x00,0x00,0x00,0x00,0x00,0x00,0x00,0x00,0x00,0x00,0x00,0x00,0x00,
    0x00,0x00,0x00,0x00,0x00,0x00,0x00,0x00,0x00,0x00,0x00,0x00,0x00,0x00,0x00,0x00,0x00,0x00,0x00,0x00,0x00,0x00,0x00,0x00,0x00,0x00,0x00,0x00,0x00,0x00,0x04,0x00,
    0x00,0x00,0x00,0x00,0x00,0x00,0x00,0x00,0x00,0x00,0x00,0x10,0x00,0x01,0x00,0x00,0x00,0x00,0x00,0x00,0x00,0xc0,0x41,0xa0,0x45,0xa0,0x01,0xa0,0x00,0x20,0x01,0xa0,
    0x41,0xa3,0x41,0xc3,0x41,0x8b,0x01,0x8b,0x01,0x8b,0x11,0xbb,0x11,0xbb,0x77,0xff,0x5d,0xfe,0x76,0xfe,0x54,0xfe,0x74,0xfc,0xdc,0xf9,0x75,0xff,0xdd,0xfb,0x73,0xfb,
    0x00,0x00,0x00,0x00,0x00,0x00,0x00,0x00,0x00,0x00,0x00,0x00,0x00,0x00,0x00,0x00,0x00,0x00,0x00,0x00,0x00,0x00,0x00,0x00,0x00,0x00,0x00,0x00,0x00,0x00,0x00,0x00,
    0x00,0x00,0x00,0x00,0x00,0x00,0x00,0x00,0x00,0x00,0x00,0x00,0x00,0x00,0x00,0x00,0x00,0x00,0x00,0x00,0x00,0x00,0x00,0x00,0x00,0x00,0x00,0x00,0x00,0x00,0x00,0x00,
    0x00,0x00,0x00,0x00,0x00,0x00,0x00,0x00,0x00,0x00,0x00,0x00,0x00,0x00,0x00,0x00,0x00,0x00,0x00,0x00,0x00,0x00,0x00,0x00,0x00,0x00,0x00,0x00,0x00,0x00,0x02,0x00,
    0x00,0x00,0x00,0x00,0x00,0x00,0x00,0x00,0x00,0x00,0x00,0x00,0x01,0x01,0x03,0x03,0x01,0x03,0x01,0x02,0x00,0x02,0x00,0x02,0x04,0x03,0x05,0x0f,0x05,0x8f,0x47,0xef
  },
  { // 11
    0x00,0x00,0x00,0x00,0x00,0x00,0x00,0x00,0x00,0x00,0x00,0x00,0x00,0x00,0x00,0x00,0x00,0x00,0x00,0x00,0x00,0x00,0x00,0x00,0x00,0x00,0x00,0x00,0x00,0x00,0x00,0x00,
    0x00,0x00,0x00,0x00,0x00,0x00,0x00,0x00,0x00,0x00,0x00,0x00,0x00,0x00,0x00,0x00,0x00,0x00,0x00,0x00,0x00,0x00,0x00,0x00,0x00,0x00,0x00,0x00,0x00,0x00,0x00,0x00,
    0x00,0x00,0x00,0x00,0x00,0x00,0x00,0x00,0x00,0x00,0x00,0x00,0x00,0x00,0x00,0x00,0x00,0x00,0x00,0x00,0x00,0x00,0x00,0x00,0x00,0x00,0x00,0x00,0x00,0x00,0x00,0x80,
    0x00,0x00,0x00,0x00,0x00,0x00,0x00,0x00,0x00,0x00,0x00,0x00,0x00,0x00,0x00,0x00,0x00,0x00,0x00,0x80,0x00,0x80,0xa0,0xd0,0xf0,0x70,0xf8,0xd8,0xfa,0x71,0xfb,0xd1,
    0x00,0x00,0x00,0x00,0x00,0x00,0x00,0x00,0x00,0x00,0x00,0x00,0x00,0x00,0x00,0x00,0x00,0x00,0x00,0x00,0x00,0x00,0x00,0x00,0x00,0x00,0x00,0x00,0x00,0x00,0x00,0x00,
    0x00,0x00,0x00,0x00,0x00,0x00,0x00,0x00,0x00,0x00,0x00,0x00,0x00,0x00,0x00,0x00,0x20,0x00,0x20,0x00,0x20,0x00,0x20,0x40,0x20,0x40,0xc0,0x40,0x80,0x00,0x80,0x00,
    0x00,0x00,0x00,0x00,0x00,0x00,0x20,0x00,0x21,0x00,0x20,0x60,0x20,0x00,0x28,0x40,0x28,0x50,0xf8,0xd4,0xfc,0x70,0xf8,0xd0,0xf0,0x70,0xe0,0x40,0xe0,0x60,0xe1,0xc0,
    0xe0,0x40,0xe8,0xc4,0xc8,0x40,0x88,0x9c,0x98,0x10,0xb8,0x1c,0xbe,0x34,0xbe,0x5c,0x7e,0x74,0x7e,0x5c,0x7c,0x74,0xfc,0xdc,0xfc,0x75,0xff,0xdd,0xfb,0x71,0xfb,0xd1,
    0x00,0x00,0x00,0x00,0x00,0x00,0x00,0x00,0x00,0x00,0x00,0x00,0x00,0x00,0x00,0x00,0x00,0x00,0x00,0x00,0x00,0x00,0x00,0x00,0x00,0x00,0x00,0x00,0x00,0x00,0x00,0x00,
    0x00,0x00,0x00,0x00,0x00,0x00,0x00,0x00,0x00,0x00,0x00,0x00,0x00,0x00,0x00,0x00,0x00,0x00,0x00,0x00,0x00,0x00,0x00,0x00,0x00,0x00,0x00,0x00,0x02,0x00,0x00,0x00,
    0x00,0x00,0x00,0x00,0x00,0x00,0x00,0x00,0x00,0x10,0x00,0x01,0x00,0x00,0x00,0x00,0x00,0x00,0x00,0x40,0x00,0x44,0xc0,0x41,0x80,0x01,0x80,0x01,0x81,0x01,0xa1,0x01,
    0xa3,0x01,0xa3,0x49,0x23,0x01,0x8a,0x01,0x0a,0x91,0xbb,0xd9,0xbb,0xf1,0xfb,0xdd,0xfb,0x71,0xfa,0x50,0xf2,0x70,0xfe,0xd4,0xfe,0x75,0xff,0xdd,0xff,0x55,0xff,0xdd,
    0x00,0x00,0x00,0x00,0x00,0x00,0x00,0x00,0x00,0x00,0x00,0x00,0x00,0x00,0x00,0x00,0x00,0x00,0x00,0x00,0x00,0x00,0x00,0x00,0x00,0x00,0x00,0x00,0x00,0x00,0x00,0x00,
    0x00,0x00,0x00,0x00,0x00,0x00,0x00,0x00,0x00,0x00,0x00,0x00,0x00,0x00,0x00,0x00,0x00,0x00,0x00,0x00,0x00,0x00,0x00,0x00,0x00,0x00,0x00,0x00,0x00,0x00,0x00,0x00,
    0x00,0x00,0x00,0x00,0x00,0x00,0x00,0x00,0x00,0x00,0x00,0x00,0x00,0x00,0x00,0x00,0x00,0x00,0x00,0x00,0x00,0x00,0x00,0x00,0x00,0x00,0x00,0x00,0x01,0x04,0x01,0x00,
    0x01,0x00,0x00,0x00,0x00,0x00,0x00,0x00,0x00,0x00,0x00,0x00,0x02,0x01,0x01,0x01,0x01,0x01,0x01,0x01,0x02,0x01,0x03,0x01,0x03,0x07,0x07,0x05,0x8f,0x47,0xcf,0xcd
  },
  { // 12
    0x00,0x00,0x00,0x00,0x00,0x00,0x00,0x00,0x00,0x00,0x00,0x00,0x00,0x00,0x00,0x00,0x00,0x00,0x00,0x00,0x00,0x00,0x00,0x00,0x00,0x00,0x00,0x00,0x00,0x00,0x00,0x00,
    0x00,0x00,0x00,0x00,0x00,0x00,0x00,0x00,0x00,0x00,0x00,0x00,0x00,0x00,0x00,0x00,0x00,0x00,0x00,0x00,0x00,0x00,0x00,0x00,0x00,0x00,0x00,0x00,0x00,0x00,0x00,0x00,
    0x00,0x00,0x00,0x00,0x00,0x00,0x00,0x00,0x00,0x00,0x00,0x00,0x00,0x00,0x00,0x00,0x00,0x00,0x00,0x00,0x00,0x00,0x80,0x00,0x00,0x00,0x00,0x00,0x00,0x00,0x00,0x00,
    0x00,0x00,0x00,0x00,0x00,0x00,0x00,0x00,0x00,0x00,0x00,0x00,0x00,0x00,0x00,0x20,0x10,0x20,0x10,0x38,0x50,0xf8,0x70,0xf8,0xd8,0xf8,0x70,0xf8,0xd9,0xf9,0x51,0xfb,
    0x00,0x00,0x00,0x00,0x00,0x00,0x00,0x00,0x00,0x00,0x00,0x00,0x00,0x00,0x00,0x00,0x00,0x00,0x00,0x00,0x00,0x00,0x00,0x00,0x00,0x00,0x00,0x00,0x00,0x00,0x00,0x00,
    0x00,0x00,0x00,0x00,0x00,0x00,0x00,0x00,0x00,0x20,0x00,0x20,0x00,0x20,0x00,0x00,0x00,0x00,0x00,0x00,0x00,0x20,0x00,0x20,0x00,0x20,0x00,0x00,0x00,0x00,0x00,0x08,
    0x10,0x08,0x10,0x18,0x18,0x38,0x10,0x38,0x10,0x38,0x34,0x38,0x50,0x78,0x70,0xf8,0x70,0xf8,0x70,0xe8,0xd0,0xe8,0x41,0xe8,0xc0,0xa0,0x50,0xb8,0xd0,0xb8,0x74,0xbe,
    0x54,0x2e,0x04,0x2f,0x4c,0x2e,0x54,0xfe,0x5c,0xfe,0x74,0xfe,0xdc,0xfe,0x75,0xfa,0xd9,0xfa,0x71,0xfa,0xd4,0xfe,0x77,0xfe,0xdd,0xff,0x65,0xef,0xcd,0xef,0x47,0xcf,
    0x00,0x00,0x00,0x00,0x00,0x00,0x00,0x00,0x00,0x00,0x00,0x00,0x00,0x00,0x00,0x00,0x00,0x00,0x00,0x00,0x00,0x00,0x00,0x00,0x00,0x00,0x00,0x00,0x00,0x00,0x00,0x00,
    0x00,0x00,0x00,0x00,0x00,0x00,0x00,0x00,0x00,0x00,0x00,0x00,0x00,0x00,0x00,0x00,0x00,0x00,0x00,0x00,0x00,0x00,0x00,0x00,0x00,0x00,0x00,0x10,0x00,0x00,0x00,0x01,
    0x00,0x00,0x00,0x04,0x00,0x00,0x00,0x00,0x00,0x20,0x01,0x20,0x00,0x20,0x00,0xe0,0x40,0xe0,0x60,0xe0,0x40,0xe0,0x40,0xc0,0x40,0x80,0x01,0x89,0x91,0xb9,0x11,0xbd,
    0x15,0x3b,0x11,0x3a,0x14,0x3a,0x74,0x7e,0x5c,0xff,0x74,0xfc,0xdd,0xf8,0x71,0xf8,0xd9,0xf9,0x71,0xfb,0xd1,0xfb,0x77,0xff,0xd5,0xf7,0x67,0xef,0xc5,0xef,0x47,0xcf,
    0x00,0x00,0x00,0x00,0x00,0x00,0x00,0x00,0x00,0x00,0x00,0x00,0x00,0x00,0x00,0x00,0x00,0x00,0x00,0x00,0x00,0x00,0x00,0x00,0x00,0x00,0x00,0x00,0x00,0x00,0x00,0x00,
    0x00,0x00,0x00,0x00,0x00,0x00,0x00,0x00,0x00,0x00,0x00,0x00,0x00,0x00,0x00,0x00,0x00,0x00,0x00,0x00,0x00,0x00,0x00,0x00,0x00,0x00,0x00,0x00,0x00,0x00,0x00,0x00,
    0x00,0x00,0x00,0x00,0x00,0x00,0x00,0x00,0x00,0x00,0x00,0x00,0x00,0x00,0x00,0x00,0x00,0x00,0x00,0x00,0x00,0x09,0x00,0x01,0x00,0x01,0x00,0x00,0x00,0x00,0x01,0x00,
    0x01,0x00,0x00,0x01,0x08,0x01,0x00,0x09,0x00,0x00,0x00,0x00,0x00,0x00,0x02,0x00,0x01,0x01,0x01,0x03,0x01,0x03,0x03,0x03,0x05,0x07,0x07,0x0f,0x05,0x2f,0x07,0xef
  },
  { // 13
    0x00,0x00,0x00,0x00,0x00,0x00,0x00,0x00,0x00,0x00,0x00,0x00,0x00,0x00,0x00,0x00,0x00,0x00,0x00,0x00,0x00,0x00,0x00,0x00,0x00,0x00,0x00,0x00,0x00,0x00,0x00,0x00,
    0x00,0x00,0x00,0x00,0x00,0x00,0x00,0x00,0x00,0x00,0x00,0x00,0x00,0x00,0x00,0x00,0x00,0x00,0x00,0x00,0x00,0x00,0x00,0x00,0x00,0x00,0x00,0x00,0x00,0x00,0x00,0x00,
    0x00,0x00,0x00,0x00,0x00,0x00,0x00,0x00,0x00,0x00,0x00,0x00,0x00,0x00,0x00,0x00,0x00,0x00,0x00,0x00,0x80,0x00,0x00,0x00,0x00,0x00,0x00,0x00,0x00,0x00,0x00,0x00,
    0x00,0x00,0x00,0x00,0x00,0x00,0x00,0x00,0x00,0x00,0x00,0x00,0x00,0x00,0x00,0x00,0x00,0x10,0x20,0x10,0xb0,0x70,0xf8,0xd0,0xe8,0x60,0xe8,0xc0,0xe8,0x41,0xff,0xdd,
    0x00,0x00,0x00,0x00,0x00,0x00,0x00,0x00,0x00,0x00,0x00,0x00,0x00,0x00,0x00,0x00,0x00,0x00,0x00,0x00,0x00,0x00,0x00,0x00,0x00,0x00,0x00,0x00,0x00,0x00,0x00,0x00,
    0x00,0x00,0x00,0x00,0x00,0x00,0x00,0x00,0x20,0x00,0x20,0x00,0x00,0x00,0x00,0x00,0x00,0x00,0x00,0x00,0x00,0x00,0x00,0x00,0x20,0x00,0x00,0x00,0x00,0x00,0x08,0x10,
    0x08,0x00,0x28,0x18,0x38,0x10,0x38,0x10,0x38,0x10,0x38,0x10,0x30,0x70,0xf8,0x50,0xf0,0x70,0xe8,0x42,0xe0,0x40,0xc8,0x40,0xc8,0x40,0xc8,0xdc,0xba,0x14,0xbe,0x14,
    0x3f,0x14,0x3e,0x14,0x3e,0x74,0x7e,0x5c,0xfe,0x75,0xfe,0xdd,0xfc,0x75,0xf8,0xd8,0xf8,0x71,0xfa,0xd1,0xfb,0xf7,0xff,0xd5,0xf7,0xe7,0xef,0xc5,0xef,0x47,0xef,0xdd,
    0x00,0x00,0x00,0x00,0x00,0x00,0x00,0x00,0x00,0x00,0x00,0x00,0x00,0x00,0x00,0x00,0x00,0x00,0x00,0x00,0x00,0x00,0x00,0x00,0x00,0x00,0x00,0x00,0x00,0x00,0x00,0x00,
    0x00,0x00,0x00,0x00,0x00,0x00,0x00,0x00,0x00,0x00,0x00,0x00,0x00,0x00,0x00,0x00,0x00,0x00,0x00,0x00,0x00,0x00,0x00,0x00,0x08,0x00,0x00,0x00,0x02,0x00,0x00,0x02,
    0x20,0x00,0x20,0x00,0x20,0x00,0x20,0x01,0x20,0x00,0x20,0x00,0x20,0x10,0xa0,0x50,0xa0,0x40,0xe0,0x40,0xa0,0x40,0x80,0x40,0x80,0x40,0x88,0x40,0x9c,0x15,0x98,0x19,
    0x38,0x10,0x38,0x10,0x3a,0x74,0x7e,0x5d,0xfe,0x74,0xfc,0xdc,0xf8,0x70,0xf8,0xd9,0xf9,0x71,0xfb,0xd9,0xfb,0x73,0xff,0xd5,0xf7,0x77,0xe7,0x45,0xef,0x47,0xef,0xdd,
    0x00,0x00,0x00,0x00,0x00,0x00,0x00,0x00,0x00,0x00,0x00,0x00,0x00,0x00,0x00,0x00,0x00,0x00,0x00,0x00,0x00,0x00,0x00,0x00,0x00,0x00,0x00,0x00,0x00,0x00,0x00,0x00,
    0x00,0x00,0x00,0x00,0x00,0x00,0x00,0x00,0x00,0x00,0x00,0x00,0x00,0x00,0x00,0x00,0x00,0x00,0x00,0x00,0x00,0x00,0x00,0x00,0x00,0x00,0x00,0x00,0x00,0x00,0x00,0x00,
    0x00,0x00,0x00,0x00,0x00,0x00,0x00,0x00,0x00,0x00,0x00,0x00,0x00,0x00,0x00,0x00,0x00,0x00,0x00,0x00,0x08,0x00,0x00,0x00,0x00,0x00,0x00,0x00,0x00,0x00,0x01,0x00,
    0x01,0x00,0x09,0x00,0x00,0x04,0x00,0x00,0x00,0x00,0x01,0x00,0x00,0x00,0x00,0x00,0x01,0x01,0x03,0x01,0x03,0x03,0x03,0x01,0x03,0x07,0x0f,0x05,0x0f,0x17,0x3f,0x5d
  },
  { // 14
    0x00,0x00,0x00,0x00,0x00,0x00,0x00,0x00,0x00,0x00,0x00,0x00,0x00,0x00,0x00,0x00,0x00,0x00,0x00,0x00,0x00,0x00,0x00,0x00,0x00,0x00,0x00,0x00,0x00,0x00,0x00,0x00,
    0x00,0x00,0x00,0x00,0x00,0x00,0x00,0x00,0x00,0x00,0x00,0x00,0x00,0x00,0x04,0x00,0x00,0x00,0x80,0x00,0x40,0x00,0x00,0x00,0x00,0x00,0x00,0x00,0x00,0x00,0x80,0x00,
    0x00,0x00,0x00,0x00,0x00,0x00,0x00,0x00,0x00,0x00,0x00,0x00,0x00,0x00,0x00,0x00,0x00,0x00,0x00,0x00,0x00,0x00,0x00,0x00,0x00,0x00,0x00,0x00,0x00,0x00,0x00,0x00,
    0x00,0x00,0x00,0x00,0x00,0x00,0x00,0x00,0x00,0x00,0x04,0x00,0x00,0x80,0x00,0x88,0x80,0x88,0x10,0xa8,0xd0,0xa0,0x50,0xe0,0xc4,0xe2,0x64,0xef,0xcd,0xef,0x77,0xff,
    0x00,0x00,0x00,0x00,0x00,0x00,0x00,0x00,0x00,0x00,0x00,0x00,0x00,0x00,0x00,0x00,0x00,0x00,0x00,0x00,0x00,0x00,0x00,0x00,0x00,0x00,0x00,0x00,0x00,0x00,0x00,0x00,
    0x00,0x00,0x00,0x00,0x00,0x00,0x00,0x00,0x00,0x00,0x00,0x00,0x00,0x00,0x00,0x00,0x00,0x00,0x80,0x08,0x00,0x88,0x00,0x08,0x00,0x08,0x10,0x08,0x14,0x38,0x14,0x3c,
    0x14,0x38,0x14,0x2c,0x14,0x28,0x10,0x28,0x58,0x38,0x12,0xb8,0x50,0x38,0x10,0x32,0x10,0x22,0x00,0x22,0x04,0x26,0x46,0x6e,0x4c,0x2e,0x56,0x8e,0x1c,0x1e,0x14,0x9e,
    0x1c,0x3e,0x37,0xbe,0x5d,0xfe,0x77,0xfe,0x5c,0xfe,0x74,0xfc,0xdc,0xfc,0x75,0xff,0xdd,0xff,0x77,0xff,0xdd,0xfb,0x53,0xbb,0x95,0xbf,0x37,0xff,0xdd,0xff,0x77,0xff,
    0x00,0x00,0x00,0x00,0x00,0x00,0x00,0x00,0x00,0x00,0x00,0x00,0x00,0x00,0x00,0x00,0x00,0x00,0x00,0x00,0x00,0x00,0x00,0x00,0x00,0x00,0x00,0x00,0x00,0x00,0x00,0x00,
    0x00,0x00,0x00,0x00,0x00,0x00,0x00,0x00,0x00,0x00,0x00,0x00,0x00,0x00,0x00,0x00,0x04,0x00,0x00,0x00,0x00,0x00,0x00,0x08,0x00,0x08,0x10,0x08,0x10,0x39,0x10,0x38,
    0x10,0x30,0x30,0x20,0x40,0x20,0x40,0x68,0x40,0x68,0x40,0xe8,0x50,0x68,0x10,0x88,0x10,0x00,0x10,0x20,0x1c,0x2a,0x14,0x3e,0x5e,0x3e,0x74,0x7e,0x5c,0x3c,0x54,0xfd,
    0x5c,0xf8,0x74,0xfe,0xdd,0xfa,0x71,0xfa,0xd0,0xf2,0x70,0xf2,0xd4,0xe6,0x65,0xef,0xcd,0xef,0x77,0xef,0xdd,0xdf,0x57,0x9f,0x9d,0xbf,0x97,0xbf,0x5d,0xbf,0x77,0xff,
    0x00,0x00,0x00,0x00,0x00,0x00,0x00,0x00,0x00,0x00,0x00,0x00,0x00,0x00,0x00,0x00,0x00,0x00,0x00,0x00,0x00,0x00,0x00,0x00,0x00,0x00,0x00,0x00,0x00,0x00,0x00,0x00,
    0x00,0x00,0x00,0x00,0x00,0x00,0x00,0x00,0x00,0x00,0x00,0x00,0x00,0x00,0x00,0x00,0x00,0x00,0x00,0x00,0x00,0x00,0x00,0x00,0x00,0x00,0x00,0x00,0x00,0x00,0x00,0x00,
    0x00,0x01,0x00,0x00,0x00,0x01,0x00,0x00,0x00,0x00,0x00,0x00,0x00,0x00,0x00,0x00,0x00,0x00,0x00,0x00,0x00,0x00,0x00,0x01,0x00,0x11,0x00,0x01,0x00,0x00,0x00,0x00,
    0x00,0x00,0x00,0x00,0x00,0x00,0x01,0x00,0x01,0x01,0x01,0x01,0x01,0x01,0x01,0x03,0x01,0x03,0x03,0x03,0x05,0x0b,0x05,0x0f,0x1d,0x1f,0x17,0xbf,0x1d,0xbf,0x77,0xff
  },
  { // 15
    0x00,0x00,0x00,0x00,0x00,0x00,0x00,0x00,0x00,0x00,0x00,0x00,0x00,0x00,0x00,0x00,0x00,0x00,0x00,0x00,0x00,0x00,0x00,0x00,0x00,0x00,0x00,0x00,0x00,0x00,0x00,0x00,
    0x00,0x00,0x00,0x00,0x00,0x04,0x00,0x00,0x00,0x00,0x00,0x20,0x00,0x00,0x00,0x00,0x00,0x00,0x00,0x00,0x00,0x00,0x00,0x00,0x00,0x00,0x00,0x00,0x00,0x00,0x00,0x00,
    0x20,0x00,0x00,0x00,0x00,0x00,0x00,0x00,0x00,0x00,0x00,0x00,0x00,0x00,0x00,0x00,0x00,0x00,0x00,0x00,0x00,0x00,0x00,0x00,0x00,0x00,0x00,0x00,0x00,0x00,0x00,0x00,
    0x80,0x00,0x84,0x00,0x80,0x00,0x00,0x00,0x80,0x00,0x80,0x00,0xc0,0xc0,0xc0,0xc0,0xc0,0xc0,0xc0,0x40,0x88,0xc0,0x8a,0x16,0xbe,0xdd,0xbf,0x77,0xff,0x5d,0x7f,0x77,
    0x00,0x00,0x00,0x00,0x00,0x00,0x00,0x00,0x00,0x00,0x00,0x00,0x00,0x00,0x00,0x00,0x00,0x00,0x00,0x00,0x00,0x00,0x00,0x00,0x00,0x00,0x00,0x00,0x00,0x00,0x00,0x00,
    0x00,0x00,0x00,0x00,0x00,0x40,0x00,0x00,0x00,0x01,0x20,0x00,0x00,0x00,0x02,0x00,0x4e,0x04,0x0a,0x84,0x0c,0x0c,0x08,0x04,0x0c,0x3c,0x18,0x14,0x18,0x1c,0x1a,0x14,
    0x19,0x10,0x20,0x10,0x20,0x04,0x22,0x04,0x2e,0x04,0x2a,0x04,0x0a,0x05,0x0a,0x01,0x0b,0x15,0x1f,0x17,0x3f,0x1d,0x3f,0x17,0x3e,0x1c,0x3e,0x16,0x3f,0x5c,0x3f,0x74,
    0xff,0x5d,0xff,0x75,0xfb,0xd9,0xfb,0x71,0xfb,0xd1,0xf3,0xf7,0xff,0xd5,0xff,0x77,0xef,0xcd,0xef,0x47,0xcf,0xdd,0x9f,0x57,0xbf,0xdd,0xbf,0x77,0xff,0x5d,0xbf,0x77,
    0x00,0x00,0x00,0x00,0x00,0x00,0x00,0x00,0x00,0x00,0x00,0x00,0x00,0x00,0x00,0x00,0x00,0x00,0x00,0x00,0x00,0x00,0x00,0x00,0x00,0x00,0x00,0x00,0x00,0x00,0x00,0x00,
    0x00,0x00,0x00,0x00,0x10,0x00,0x00,0x00,0x00,0x00,0x01,0x00,0x08,0x00,0x08,0x10,0x08,0x14,0x28,0x14,0x2c,0x04,0x28,0x14,0x2c,0x1c,0x38,0x10,0x38,0x18,0x38,0x10,
    0x38,0x50,0x30,0x50,0x21,0x50,0x22,0x34,0x2e,0x44,0x2e,0x14,0x1e,0x04,0x0e,0x04,0x8e,0x1c,0x9e,0x17,0xbe,0x1d,0x3e,0x37,0x3e,0x1c,0x3e,0x34,0x7e,0x5c,0x7e,0x74,
    0xfe,0x5c,0xfe,0x75,0xfd,0xd9,0xf9,0x51,0xfb,0xd1,0xfb,0x77,0xff,0xd5,0xff,0x77,0xff,0x5d,0xef,0x47,0xef,0x5d,0xff,0xd7,0xff,0xdd,0xff,0x77,0xff,0xdd,0xff,0x77,
    0x00,0x00,0x00,0x00,0x00,0x00,0x00,0x00,0x00,0x00,0x00,0x00,0x00,0x00,0x00,0x00,0x00,0x00,0x00,0x00,0x00,0x00,0x00,0x00,0x00,0x00,0x00,0x00,0x00,0x00,0x00,0x00,
    0x00,0x00,0x00,0x00,0x00,0x00,0x00,0x00,0x00,0x00,0x00,0x00,0x00,0x00,0x00,0x00,0x00,0x00,0x00,0x00,0x00,0x00,0x00,0x00,0x01,0x00,0x00,0x00,0x00,0x00,0x01,0x00,
    0x00,0x00,0x00,0x00,0x10,0x00,0x00,0x00,0x00,0x00,0x00,0x00,0x00,0x00,0x00,0x00,0x00,0x10,0x00,0x00,0x00,0x00,0x04,0x00,0x00,0x00,0x00,0x00,0x00,0x00,0x00,0x00,
    0x00,0x00,0x00,0x00,0x00,0x00,0x00,0x00,0x00,0x01,0x01,0x01,0x01,0x01,0x0b,0x11,0x3b,0x15,0x3b,0x17,0x2e,0x1c,0x3e,0x76,0x7e,0x5d,0xff,0x75,0xff,0xdd,0xff,0x71
  },
  { // 16
    0x00,0x00,0x00,0x00,0x00,0x00,0x00,0x00,0x00,0x00,0x00,0x00,0x00,0x00,0x00,0x00,0x00,0x00,0x00,0x00,0x00,0x00,0x00,0x00,0x00,0x00,0x00,0x00,0x00,0x00,0x00,0x00,
    0x00,0x00,0x00,0x00,0x00,0x00,0x00,0x00,0x00,0x00,0x20,0x00,0x00,0x00,0x00,0x00,0x00,0x00,0x00,0x00,0x00,0x00,0x00,0x00,0x00,0x00,0x00,0x00,0x00,0x10,0x00,0x00,
    0x00,0x00,0x00,0x00,0x00,0x00,0x00,0x00,0x00,0x00,0x00,0x00,0x00,0x00,0x00,0x00,0x00,0x00,0x00,0x00,0x00,0x00,0x80,0x00,0x80,0x00,0x80,0x00,0x00,0x00,0x00,0x84,
    0x00,0x80,0x00,0x80,0x80,0x80,0x00,0x80,0x80,0x80,0x40,0xc0,0xc0,0xc0,0x40,0xc0,0xc0,0xc0,0x40,0xc0,0xc0,0x88,0x44,0xce,0xdc,0xbe,0x37,0xbf,0x1d,0x3f,0x37,0x7e,
    0x00,0x00,0x00,0x00,0x00,0x00,0x00,0x00,0x00,0x00,0x00,0x00,0x00,0x00,0x00,0x00,0x00,0x00,0x00,0x00,0x00,0x00,0x00,0x00,0x00,0x00,0x00,0x00,0x00,0x00,0x00,0x00,
    0x00,0x00,0x00,0x00,0x00,0x00,0x00,0x02,0x40,0x00,0x00,0x00,0x80,0x02,0x00,0x02,0x84,0x02,0x04,0x08,0x04,0x08,0x44,0x0c,0x04,0x08,0x04,0x08,0x08,0x09,0x00,0x08,
    0x00,0x00,0x00,0x02,0x00,0x02,0x04,0x06,0x04,0x06,0x04,0x0e,0x04,0x0e,0x05,0x0f,0x0d,0x0f,0x17,0x1f,0x1d,0x3f,0x17,0x3e,0x1c,0x3e,0x16,0x3e,0x1c,0x3e,0x74,0xfe,
    0x5c,0xfe,0x75,0xfc,0xd9,0xf9,0x51,0xfb,0xd1,0xfb,0x73,0xff,0xd5,0xff,0x77,0xef,0x45,0xef,0x47,0xef,0x4d,0xff,0x57,0xff,0xdd,0xff,0x77,0xff,0xdd,0xbf,0x77,0xff,
    0x00,0x00,0x00,0x00,0x00,0x00,0x00,0x00,0x00,0x00,0x00,0x00,0x00,0x00,0x00,0x00,0x00,0x00,0x00,0x08,0x00,0x00,0x00,0x08,0x00,0x00,0x00,0x00,0x00,0x00,0x00,0x00,
    0x00,0x00,0x00,0x00,0x00,0x00,0x00,0x08,0x01,0x08,0x00,0x08,0x0c,0x08,0x10,0x18,0x14,0x18,0x10,0x08,0x14,0x28,0x14,0x2c,0x14,0x3c,0x14,0x2c,0x3c,0xa8,0x30,0x08,
    0x30,0x08,0x11,0x2a,0x10,0x32,0x16,0x2e,0x14,0x36,0x06,0x6e,0x04,0x4e,0x04,0x4e,0x1c,0x3e,0x17,0x3e,0x1d,0x3f,0x15,0x3e,0x1c,0x3a,0x34,0x3e,0x5c,0x7e,0x76,0xfe,
    0x5c,0xfe,0x75,0xee,0x4d,0xe9,0x41,0xeb,0xdd,0xfb,0x57,0xff,0xdd,0xbf,0x37,0xbf,0x1d,0x3f,0x37,0x3f,0x5d,0xff,0xf7,0xff,0xdd,0xff,0x77,0xff,0xdd,0xff,0x75,0xfb,
    0x00,0x00,0x00,0x00,0x00,0x00,0x00,0x00,0x00,0x00,0x00,0x00,0x00,0x00,0x00,0x00,0x00,0x00,0x00,0x00,0x00,0x00,0x00,0x00,0x00,0x00,0x00,0x00,0x00,0x00,0x00,0x00,
    0x00,0x00,0x00,0x00,0x00,0x00,0x00,0x00,0x00,0x00,0x00,0x00,0x00,0x00,0x00,0x00,0x00,0x00,0x00,0x00,0x00,0x01,0x00,0x00,0x00,0x00,0x00,0x00,0x00,0x00,0x00,0x00,
    0x00,0x00,0x10,0x00,0x00,0x00,0x00,0x00,0x00,0x00,0x00,0x00,0x00,0x08,0x00,0x00,0x00,0x00,0x00,0x00,0x02,0x00,0x00,0x00,0x00,0x00,0x00,0x00,0x00,0x00,0x00,0x00,
    0x00,0x00,0x00,0x00,0x00,0x00,0x00,0x00,0x00,0x00,0x00,0x08,0x01,0x19,0x11,0x1b,0x15,0x3b,0x15,0x3e,0x1c,0x3e,0x76,0x7e,0x5c,0x7e,0x75,0xfe,0xdd,0xfd,0x75,0xf9
  },
  { // 17
    0x00,0x00,0x00,0x00,0x00,0x00,0x00,0x00,0x00,0x00,0x00,0x00,0x00,0x00,0x00,0x00,0x00,0x00,0x00,0x00,0x00,0x00,0x00,0x00,0x00,0x00,0x00,0x00,0x00,0x00,0x00,0x00,
    0x00,0x00,0x20,0x00,0x00,0x00,0x20,0x00,0x00,0x00,0x00,0x00,0x00,0x00,0x00,0x00,0x00,0x00,0x00,0x04,0x40,0x00,0x00,0x00,0x00,0x00,0x00,0x00,0x00,0x00,0x00,0x00,
    0x00,0x00,0x00,0x00,0x80,0x00,0x00,0x00,0x00,0x00,0x00,0x00,0x80,0x00,0x80,0x40,0x80,0x40,0x80,0x40,0x80,0x00,0x08,0x00,0x00,0x00,0x00,0x00,0x80,0x40,0x80,0x40,
    0xc0,0xc0,0xc0,0x40,0xc0,0xc0,0xc0,0x40,0xc0,0xc0,0xc0,0x40,0x80,0xc0,0xa0,0x00,0xa0,0x40,0xe2,0x44,0xee,0xc4,0xee,0x54,0xfe,0xdd,0xff,0x75,0xff,0xdd,0xff,0x77,
    0x00,0x00,0x00,0x00,0x00,0x00,0x00,0x00,0x00,0x00,0x00,0x00,0x00,0x00,0x00,0x00,0x00,0x00,0x00,0x00,0x00,0x00,0x00,0x00,0x00,0x00,0x00,0x00,0x00,0x80,0x82,0x00,
    0x00,0x00,0x00,0x00,0x00,0x40,0x00,0x00,0x02,0x04,0x02,0x00,0x00,0x00,0x00,0x00,0x00,0x10,0x02,0x00,0x02,0x04,0x02,0x04,0x0a,0x04,0x08,0x00,0x00,0x00,0x00,0x00,
    0x08,0x01,0x0b,0x01,0x0b,0x01,0x03,0x03,0x03,0x05,0x07,0x07,0x0e,0x15,0x0f,0x07,0x0f,0x0d,0x0f,0x15,0x8e,0x1d,0x9a,0x15,0xbb,0x1d,0xbb,0x17,0xbf,0xd5,0xbe,0x77,
    0xee,0xc4,0xe6,0x45,0xef,0xcf,0xef,0x57,0xff,0xdf,0xff,0x17,0x9f,0x9d,0xbf,0x17,0xbf,0x1d,0x3f,0x77,0xff,0x5d,0xff,0x77,0xfe,0xdd,0xfe,0x75,0xfd,0xdd,0xff,0x75,
    0x00,0x00,0x00,0x00,0x00,0x00,0x00,0x00,0x08,0x00,0x00,0x00,0x00,0x00,0x00,0x00,0x00,0x00,0x00,0x00,0x00,0x00,0x00,0x00,0x00,0x00,0x00,0x00,0x08,0x00,0x02,0x00,
    0x03,0x00,0x02,0x00,0x02,0x04,0x0e,0x04,0x0e,0x0c,0x0e,0x04,0x0e,0x0c,0x08,0x14,0x08,0x18,0x18,0x10,0x3a,0x10,0xba,0x10,0x3a,0x14,0x22,0x02,0x02,0x04,0x02,0x45,
    0x0e,0x1d,0x0f,0x37,0x0f,0x3f,0x1f,0x77,0x1f,0x1d,0x3f,0x17,0x3f,0x1d,0x3e,0x37,0x3e,0x1c,0x3e,0x34,0x3c,0x5c,0x3c,0x14,0x38,0x5d,0x3b,0x71,0x7b,0x5d,0x3b,0x73,
    0x73,0x55,0x2f,0x67,0x6f,0x45,0x6f,0x57,0xef,0x5d,0xff,0x57,0x9f,0x1d,0xbf,0x17,0xbf,0x5d,0xff,0x77,0xff,0x5d,0xff,0x77,0xfe,0xdc,0xfe,0x74,0xfc,0xdd,0xff,0x75,
    0x00,0x00,0x00,0x00,0x00,0x00,0x00,0x00,0x00,0x00,0x00,0x00,0x00,0x00,0x00,0x00,0x00,0x00,0x00,0x00,0x00,0x00,0x00,0x00,0x00,0x00,0x00,0x00,0x00,0x00,0x00,0x00,
    0x00,0x00,0x00,0x00,0x00,0x00,0x00,0x00,0x00,0x00,0x00,0x00,0x01,0x00,0x00,0x00,0x00,0x00,0x00,0x00,0x00,0x00,0x00,0x00,0x00,0x00,0x00,0x08,0x00,0x00,0x00,0x00,
    0x00,0x00,0x00,0x00,0x08,0x00,0x00,0x00,0x00,0x00,0x00,0x00,0x01,0x00,0x00,0x00,0x00,0x00,0x00,0x00,0x00,0x00,0x00,0x00,0x00,0x00,0x00,0x00,0x00,0x00,0x00,0x00,
    0x00,0x00,0x00,0x00,0x00,0x04,0x08,0x04,0x2e,0x1c,0x2e,0x14,0x2e,0x1c,0x3e,0x14,0x3e,0x1d,0x3f,0x75,0x7f,0x5d,0x7f,0x77,0xfe,0x55,0xfe,0x74,0xfe,0xd5,0xff,0x77
  },
  { // 18
    0x00,0x00,0x00,0x00,0x00,0x00,0x00,0x00,0x00,0x00,0x00,0x00,0x00,0x00,0x00,0x00,0x00,0x00,0x00,0x00,0x00,0x00,0x00,0x00,0x00,0x00,0x00,0x00,0x00,0x00,0x00,0x00,
    0x40,0x00,0x00,0x40,0x00,0x00,0x00,0x00,0x00,0x00,0x00,0x00,0x00,0x00,0x00,0x00,0x04,0x20,0x00,0x00,0x00,0x00,0x00,0x00,0x00,0x00,0x00,0x00,0x00,0x00,0x00,0x00,
    0x00,0x00,0x80,0x00,0x00,0x00,0x00,0x00,0x00,0x00,0x00,0x00,0x00,0x00,0x80,0x00,0x00,0x00,0x80,0x10,0x00,0x00,0x80,0x80,0x80,0x80,0x80,0x80,0x80,0x00,0xc0,0x40,
    0xc0,0x40,0xc0,0xc0,0xc0,0x40,0xc0,0xc0,0xc0,0x40,0x80,0x80,0x80,0x00,0x80,0x00,0xa0,0x00,0xe0,0x40,0xe2,0x74,0xee,0x5c,0xfe,0x74,0xfc,0xdc,0xff,0x75,0xff,0xdd,
    0x00,0x00,0x00,0x00,0x00,0x00,0x00,0x00,0x00,0x00,0x00,0x00,0x00,0x00,0x00,0x00,0x00,0x00,0x00,0x00,0x00,0x00,0x00,0x00,0x00,0x00,0x00,0x00,0x00,0x00,0x00,0x00,
    0x00,0x00,0x40,0x00,0x00,0x00,0x02,0x00,0x02,0x00,0x00,0x00,0x00,0x10,0x00,0x00,0x00,0x00,0x00,0x00,0x02,0x00,0x12,0x00,0x02,0x00,0x00,0x00,0x00,0x00,0x00,0x05,
    0x03,0x01,0x8b,0x05,0x03,0x01,0x0b,0x07,0x03,0x27,0x0f,0x05,0x0f,0x07,0x0e,0x0c,0x0e,0x04,0x0e,0x0c,0x0c,0x14,0x8c,0x9d,0x9b,0x11,0xbb,0xf9,0xbb,0x13,0xb3,0xd1,
    0xe3,0x47,0xe7,0xc5,0xef,0x47,0xef,0xcd,0xef,0x57,0xcf,0xdd,0x9f,0x17,0x9f,0x9d,0xbf,0x37,0xff,0x5d,0xff,0x77,0xfe,0x5c,0xfe,0x74,0xfe,0xdc,0xff,0x75,0xff,0xdd,
    0x00,0x00,0x00,0x00,0x00,0x00,0x00,0x00,0x00,0x00,0x00,0x00,0x00,0x00,0x00,0x00,0x00,0x00,0x00,0x00,0x00,0x00,0x00,0x00,0x00,0x00,0x08,0x04,0x0a,0x00,0x0a,0x00,
    0x02,0x00,0x0a,0x04,0x0a,0x06,0x0e,0x04,0x0e,0x04,0x0e,0x04,0x0e,0x04,0x0c,0x0c,0x08,0x10,0x08,0x18,0x9a,0x11,0x1a,0x11,0x02,0x02,0x02,0x00,0x42,0x07,0x3e,0x05,
    0x2f,0x07,0xaf,0x0d,0x0f,0x07,0x0f,0x1d,0x1f,0x17,0x5f,0x1d,0x7f,0x37,0x7e,0x1c,0x3e,0x36,0x3e,0x1c,0x3e,0x34,0x3c,0x5d,0x3f,0x75,0x7f,0x5d,0x3b,0x13,0x3b,0x19,
    0x33,0x17,0x2f,0x15,0x3f,0x77,0x7f,0x5d,0x7f,0x57,0x7f,0x5d,0x3f,0x57,0xbf,0x5d,0xff,0x77,0xff,0xdd,0xff,0x77,0xff,0xdd,0xfe,0x76,0xfe,0xd4,0xff,0x77,0xff,0xdd,
    0x00,0x00,0x00,0x00,0x00,0x00,0x00,0x00,0x00,0x00,0x00,0x00,0x00,0x00,0x00,0x00,0x00,0x00,0x00,0x00,0x00,0x00,0x00,0x00,0x00,0x00,0x00,0x00,0x00,0x00,0x00,0x00,
    0x00,0x00,0x00,0x00,0x00,0x00,0x00,0x00,0x00,0x02,0x00,0x00,0x00,0x00,0x00,0x00,0x00,0x00,0x00,0x00,0x00,0x00,0x00,0x00,0x08,0x00,0x00,0x00,0x00,0x00,0x00,0x00,
    0x04,0x00,0x00,0x00,0x00,0x00,0x00,0x00,0x00,0x00,0x01,0x00,0x00,0x00,0x00,0x00,0x00,0x00,0x00,0x00,0x00,0x00,0x00,0x00,0x00,0x00,0x00,0x00,0x00,0x00,0x00,0x00,
    0x00,0x00,0x08,0x00,0x08,0x14,0x1e,0x14,0x3e,0x14,0x2e,0x1c,0x3e,0x14,0x3c,0x1c,0x3c,0x35,0x7e,0x5d,0x7b,0x71,0x7b,0x59,0x7b,0x73,0xf3,0x55,0xf7,0x77,0xff,0xdd
  },
  { // 19
    0x00,0x00,0x00,0x00,0x00,0x00,0x00,0x00,0x00,0x00,0x00,0x00,0x00,0x00,0x00,0x00,0x00,0x00,0x00,0x00,0x00,0x00,0x00,0x00,0x00,0x00,0x00,0x00,0x00,0x00,0x00,0x00,
    0x00,0x00,0x00,0x00,0x00,0x00,0x00,0x10,0x00,0x00,0x00,0x00,0x00,0x00,0x00,0x00,0x00,0x00,0x00,0x00,0x00,0x00,0x00,0x00,0x00,0x00,0x00,0x00,0x00,0x00,0x00,0x80,
    0x00,0x80,0x00,0x80,0x00,0x80,0x00,0x80,0x00,0x80,0x20,0x80,0x00,0x00,0x00,0x00,0x40,0x00,0x40,0x80,0x40,0x80,0x40,0xc0,0xc0,0x80,0x40,0x80,0xc0,0x80,0x00,0xc0,
    0xc0,0xc0,0x40,0xc0,0xc0,0xc0,0x40,0xc0,0xc0,0x80,0x40,0x80,0xc0,0xa0,0x40,0xe0,0xd0,0xb0,0x70,0xfa,0x50,0xfa,0x74,0xfe,0xd4,0xfe,0x74,0xfe,0xdd,0xff,0x75,0xff,
    0x00,0x00,0x00,0x00,0x00,0x00,0x00,0x00,0x00,0x00,0x00,0x00,0x00,0x00,0x00,0x00,0x00,0x00,0x00,0x00,0x00,0x00,0x00,0x00,0x00,0x00,0x00,0x00,0x00,0x00,0x00,0x00,
    0x00,0x00,0x08,0x02,0x00,0x02,0x00,0x02,0x00,0x02,0x10,0x00,0x00,0x00,0x00,0x00,0x00,0x00,0x00,0x00,0x00,0x00,0x00,0x00,0x01,0x02,0x01,0x83,0x05,0x07,0x4f,0x07,
    0x05,0x06,0x05,0x0e,0x05,0x0f,0x05,0x8f,0x0d,0x8f,0x07,0x8f,0x0d,0x0e,0x06,0x0e,0x04,0x0a,0x04,0x8e,0x44,0x8e,0x45,0xcf,0xcd,0xeb,0x41,0xeb,0xc1,0xab,0x03,0xcb,
    0x95,0xbf,0x17,0xbf,0xdf,0xbf,0x17,0xaf,0x4f,0x2f,0x57,0xff,0x5d,0xff,0x77,0xff,0xdd,0xff,0x77,0xff,0xdd,0xfb,0x73,0xfb,0xd5,0xff,0x77,0xff,0xdd,0xff,0x77,0xef,
    0x00,0x00,0x00,0x00,0x00,0x00,0x00,0x00,0x00,0x00,0x00,0x08,0x00,0x00,0x00,0x00,0x00,0x00,0x00,0x00,0x00,0x02,0x00,0x02,0x04,0x06,0x04,0x0e,0x04,0x0e,0x06,0x0e,
    0x0c,0x0e,0x04,0x0e,0x1c,0x0a,0x14,0x0a,0x14,0x0a,0x10,0x0a,0x04,0x4a,0x04,0x0e,0x04,0x0e,0x84,0x0c,0x0d,0x09,0x21,0x0b,0x21,0x0b,0x33,0x0f,0x15,0x1f,0x17,0x0f,
    0x15,0x0f,0x07,0x2e,0x0c,0x2e,0x16,0x3e,0x1d,0x3f,0x15,0x3f,0x1d,0x3b,0x11,0x3a,0x11,0x3a,0x33,0x3b,0x15,0x3f,0x37,0x3f,0x55,0x2f,0x07,0x2f,0x4d,0x0f,0x07,0x0f,
    0x1d,0x3f,0x17,0x3f,0x1d,0x3f,0x37,0x3f,0x1d,0x3e,0x76,0x7e,0x5c,0x7e,0x77,0xff,0xdd,0xff,0x75,0xff,0xdd,0xfb,0x71,0xfb,0xd1,0xfb,0x77,0xff,0xd7,0xff,0x77,0xef,
    0x00,0x00,0x00,0x00,0x00,0x00,0x00,0x00,0x00,0x00,0x00,0x00,0x00,0x00,0x00,0x00,0x00,0x00,0x00,0x00,0x00,0x00,0x00,0x00,0x00,0x00,0x00,0x00,0x00,0x00,0x00,0x00,
    0x04,0x00,0x00,0x00,0x00,0x00,0x00,0x00,0x00,0x00,0x00,0x00,0x00,0x00,0x00,0x00,0x00,0x04,0x00,0x00,0x00,0x00,0x00,0x02,0x00,0x00,0x00,0x00,0x00,0x00,0x00,0x00,
    0x00,0x00,0x01,0x00,0x00,0x00,0x00,0x00,0x00,0x00,0x00,0x00,0x00,0x00,0x00,0x00,0x00,0x00,0x00,0x00,0x00,0x00,0x00,0x00,0x00,0x00,0x00,0x00,0x00,0x00,0x00,0x0c,
    0x0c,0x0c,0x14,0x1e,0x1c,0x3e,0x14,0x3e,0x1c,0x3a,0x34,0x3e,0x1c,0x3e,0x74,0x7e,0x5c,0x7e,0x75,0x7c,0x5d,0x79,0x51,0xfb,0xdd,0xfb,0x77,0xff,0xdd,0xff,0x77,0xff
  },
  { // 20
    0x00,0x00,0x00,0x00,0x00,0x00,0x00,0x00,0x00,0x00,0x00,0x00,0x00,0x00,0x00,0x00,0x00,0x00,0x00,0x00,0x00,0x00,0x00,0x00,0x00,0x00,0x00,0x00,0x00,0x00,0x00,0x00,
    0x00,0x00,0x02,0x08,0x00,0x00,0x00,0x00,0x00,0x00,0x00,0x00,0x00,0x00,0x00,0x00,0x00,0x00,0x00,0x00,0x00,0x00,0x00,0x00,0x00,0x00,0x00,0x00,0x00,0x00,0x00,0x00,
    0x00,0x00,0x00,0x00,0x00,0x00,0xc0,0x00,0x80,0x00,0x80,0x20,0x00,0x20,0x00,0x20,0x00,0x00,0x80,0x40,0x80,0x40,0xc0,0xc0,0x80,0x40,0xc0,0xc0,0x80,0x00,0x80,0xc0,
    0x80,0x00,0x80,0xc0,0x80,0x00,0x80,0x40,0x00,0x40,0xc0,0xc0,0xe0,0x40,0xe0,0xc0,0xe0,0x70,0xf0,0xd0,0xf0,0x70,0xfa,0xd4,0xfa,0x77,0xfe,0xdd,0xff,0x77,0xef,0xcd,
    0x00,0x00,0x00,0x00,0x00,0x00,0x00,0x00,0x00,0x00,0x00,0x00,0x00,0x00,0x00,0x00,0x00,0x00,0x00,0x00,0x00,0x00,0x00,0x00,0x00,0x00,0x00,0x00,0x00,0x00,0x04,0x00,
    0x00,0x00,0x00,0x00,0x00,0x08,0x00,0x00,0x00,0x00,0x00,0x00,0x00,0x00,0x00,0x00,0x00,0x00,0x00,0x00,0x00,0x00,0x00,0x01,0x03,0x85,0x0b,0x01,0x03,0x07,0x07,0x05,
    0x06,0x06,0x0e,0x04,0x0e,0x05,0x0e,0x0d,0x8f,0x05,0x8e,0x0d,0x8a,0x01,0x8a,0x00,0x8a,0x11,0x8a,0xb5,0x8f,0x27,0x8f,0xe5,0x8f,0x45,0xaf,0xc5,0x8f,0x07,0x8f,0xdd,
    0x9f,0x17,0x9f,0x9d,0xbf,0x17,0x3f,0x1d,0x3f,0x37,0x7e,0x5d,0xff,0x77,0xff,0xdd,0xff,0x75,0xff,0xdd,0xfb,0x71,0xfb,0xd9,0xfb,0x77,0xff,0xd5,0xff,0x77,0xef,0xc5,
    0x00,0x00,0x00,0x00,0x00,0x00,0x00,0x00,0x00,0x00,0x00,0x00,0x00,0x00,0x00,0x00,0x00,0x00,0x00,0x00,0x02,0x00,0x0a,0x04,0x02,0x04,0x06,0x04,0x06,0x04,0x0e,0x04,
    0x0e,0x04,0x0e,0x0c,0x0a,0x10,0x08,0x00,0x08,0x10,0x08,0x10,0x42,0x10,0x0a,0x84,0x0a,0x24,0x0e,0x24,0x02,0x25,0x0e,0x05,0x0f,0x07,0x0f,0x1d,0x1f,0x37,0x1f,0x3d,
    0x1f,0x37,0x1e,0x1c,0x3e,0x16,0x3e,0x1c,0x3e,0x14,0x3e,0x1c,0x38,0x11,0x38,0x19,0x3b,0x11,0x3b,0x1d,0x3b,0x37,0x3f,0x15,0x27,0x07,0x2f,0x05,0x2f,0x07,0x0f,0x5d,
    0x3f,0x17,0x3f,0x1d,0x3f,0x17,0x3f,0x1d,0x3f,0x37,0x7e,0x5d,0xfe,0x77,0xfe,0xdd,0xfe,0x75,0xfd,0xdd,0xf9,0x71,0xff,0xdd,0xfb,0x77,0xff,0xdd,0xff,0x77,0xff,0xd5,
    0x00,0x00,0x00,0x00,0x00,0x00,0x00,0x00,0x00,0x00,0x00,0x00,0x00,0x00,0x00,0x00,0x00,0x00,0x00,0x00,0x00,0x00,0x00,0x00,0x00,0x00,0x00,0x00,0x00,0x04,0x00,0x00,
    0x00,0x00,0x00,0x00,0x00,0x00,0x00,0x00,0x00,0x00,0x00,0x00,0x00,0x00,0x04,0x00,0x00,0x00,0x00,0x02,0x00,0x00,0x00,0x00,0x00,0x00,0x00,0x00,0x00,0x00,0x00,0x01,
    0x00,0x00,0x00,0x00,0x00,0x00,0x00,0x00,0x00,0x00,0x00,0x00,0x00,0x00,0x00,0x00,0x00,0x00,0x00,0x00,0x00,0x00,0x00,0x00,0x00,0x00,0x00,0x00,0x00,0x00,0x0c,0x0c,
    0x0c,0x14,0x1c,0x1c,0x18,0x14,0x38,0x18,0x38,0x10,0x3a,0x1c,0x3a,0x34,0x7e,0x54,0x7e,0x74,0x6e,0x45,0x6f,0x45,0xef,0x5d,0xff,0x57,0xff,0xdd,0xff,0x17,0xbf,0x9d
  },
  { // 21
    0x00,0x00,0x00,0x00,0x00,0x00,0x00,0x00,0x00,0x00,0x00,0x00,0x00,0x00,0x00,0x00,0x00,0x00,0x00,0x00,0x00,0x00,0x00,0x02,0x00,0x00,0x08,0x00,0x00,0x00,0x00,0x00,
    0x00,0x00,0x00,0x00,0x00,0x00,0x00,0x00,0x00,0x00,0x00,0x00,0x00,0x00,0x00,0x00,0x00,0x00,0x00,0x00,0x00,0x00,0x00,0x00,0x00,0x00,0x00,0x00,0x00,0x40,0x00,0x00,
    0x00,0x00,0x00,0x00,0x00,0x00,0x00,0x00,0x00,0x00,0x00,0x80,0x00,0xc0,0x00,0xc0,0x80,0xc0,0x00,0x80,0x80,0x80,0x00,0x80,0xc0,0x80,0x40,0xc0,0xc0,0x80,0x40,0x80,
    0x80,0x80,0x00,0x80,0x00,0x80,0x00,0xa0,0x40,0xe0,0x60,0xe0,0x40,0xe0,0x60,0xe0,0xc0,0xe0,0x70,0xf8,0xd1,0xfb,0x71,0xfb,0xd1,0xfb,0x73,0xf7,0xd5,0xe7,0x77,0xef,
    0x00,0x00,0x00,0x00,0x00,0x00,0x00,0x00,0x00,0x00,0x00,0x00,0x00,0x00,0x00,0x00,0x00,0x00,0x00,0x00,0x00,0x00,0x00,0x00,0x00,0x04,0x00,0x02,0x00,0x02,0x00,0x00,
    0x04,0x00,0x00,0x00,0x00,0x00,0x00,0x00,0x00,0x00,0x00,0x02,0x00,0x02,0x00,0x12,0x00,0x12,0x00,0x82,0x04,0x02,0x05,0x0f,0x05,0x0f,0x07,0x0f,0x05,0x0b,0x07,0x0e,
    0x05,0x0e,0x07,0x0e,0x1c,0x0e,0x16,0x0e,0x0c,0x0c,0x04,0x8c,0x8c,0x88,0x11,0x9b,0x99,0x9b,0x13,0x9b,0x91,0x83,0x03,0x87,0x25,0xa7,0x27,0xaf,0x6d,0xaf,0x57,0xbf,
    0x5d,0x9f,0x17,0x9f,0x1d,0xbf,0x37,0xbf,0xdd,0xff,0x77,0xff,0xdd,0xfe,0x76,0xfe,0xdc,0xfe,0x75,0xff,0xdd,0xff,0x77,0xff,0xdd,0xff,0x57,0xff,0xd5,0xbf,0x37,0xff,
    0x00,0x00,0x00,0x00,0x00,0x00,0x00,0x00,0x00,0x00,0x00,0x00,0x00,0x00,0x00,0x00,0x04,0x0a,0x04,0x0e,0x04,0x0a,0x00,0x0a,0x04,0x0a,0x00,0x0a,0x14,0x0e,0x14,0x0e,
    0x14,0x0e,0x04,0x0c,0x04,0xaa,0x00,0x08,0x00,0x08,0x10,0x0a,0x10,0x0a,0x11,0x02,0x00,0x02,0x06,0x06,0x14,0x0e,0x27,0x0e,0x2d,0x0e,0x37,0x0e,0x1c,0x1e,0x15,0x1e,
    0x1d,0x3e,0x17,0x3e,0x5d,0x3e,0x76,0x3e,0x55,0x3e,0x34,0x2e,0x44,0x2e,0x55,0x2f,0x5d,0x3f,0x17,0x3f,0x1d,0x1b,0x17,0x3f,0x15,0x3f,0x37,0x3f,0x5d,0x3f,0x77,0x7f,
    0x5d,0x7e,0x77,0x7e,0x5d,0xff,0x75,0xff,0xdd,0xff,0x77,0xff,0xdf,0xfb,0x7f,0xff,0xd7,0xf7,0x77,0xef,0xdd,0xef,0x77,0xff,0xdd,0xff,0x57,0xdf,0xdd,0xbf,0x17,0xbf,
    0x00,0x00,0x00,0x00,0x00,0x00,0x00,0x00,0x00,0x00,0x00,0x00,0x00,0x00,0x00,0x00,0x00,0x00,0x00,0x00,0x00,0x00,0x00,0x00,0x00,0x00,0x00,0x00,0x00,0x00,0x00,0x00,
    0x00,0x00,0x00,0x00,0x00,0x00,0x00,0x02,0x00,0x02,0x00,0x00,0x00,0x00,0x00,0x00,0x00,0x00,0x00,0x00,0x00,0x00,0x00,0x01,0x00,0x00,0x00,0x00,0x00,0x00,0x00,0x00,
    0x00,0x00,0x00,0x00,0x00,0x00,0x00,0x00,0x00,0x00,0x00,0x00,0x00,0x00,0x00,0x00,0x00,0x00,0x00,0x00,0x00,0x00,0x00,0x08,0x00,0x00,0x10,0x08,0x10,0x38,0x10,0x38,
    0x14,0x38,0x10,0x28,0x14,0x38,0x10,0x38,0x5c,0x38,0x71,0x7a,0x59,0x3b,0x71,0x33,0x51,0x33,0x77,0xef,0x55,0xff,0x77,0xff,0xdd,0xff,0x57,0xff,0xdd,0xff,0x57,0xff
  },
  { // 22
    0x00,0x00,0x00,0x00,0x00,0x00,0x00,0x00,0x00,0x00,0x00,0x00,0x00,0x00,0x00,0x00,0x00,0x00,0x00,0x00,0x00,0x00,0x00,0x00,0x00,0x00,0x00,0x00,0x00,0x00,0x00,0x00,
    0x00,0x00,0x00,0x00,0x00,0x00,0x00,0x00,0x00,0x00,0x00,0x00,0x00,0x00,0x00,0x00,0x00,0x00,0x00,0x00,0x00,0x00,0x00,0x00,0x00,0x00,0x00,0x00,0x00,0x00,0x00,0x00,
    0x00,0x00,0x00,0x00,0x00,0x00,0x00,0x20,0x00,0x20,0x80,0x20,0x80,0x00,0x80,0x80,0x80,0x00,0x80,0x80,0x80,0x00,0x80,0x10,0x80,0x00,0x80,0x00,0x80,0x00,0x80,0x00,
    0x80,0x00,0x80,0x00,0x80,0x00,0x80,0xc0,0x80,0x40,0xe0,0x40,0xe0,0x40,0xe0,0xc0,0xe0,0x60,0xe8,0xc5,0xeb,0x75,0xfb,0xdd,0xfb,0x53,0xfb,0xd5,0xbf,0x77,0xff,0xdd,
    0x00,0x00,0x00,0x00,0x00,0x00,0x00,0x00,0x00,0x00,0x00,0x00,0x00,0x00,0x00,0x00,0x00,0x00,0x00,0x00,0x00,0x00,0x00,0x00,0x00,0x00,0x00,0x00,0x02,0x00,0x00,0x04,
    0x00,0x00,0x00,0x00,0x00,0x00,0x08,0x00,0x00,0x00,0x28,0x00,0x02,0x20,0x02,0x00,0x02,0x00,0x02,0x04,0x06,0x06,0x0e,0x04,0x0e,0x04,0x0e,0x0c,0x0e,0x05,0x0e,0x1d,
    0x1e,0x17,0x1e,0x1c,0x1e,0x14,0x1e,0x14,0x0a,0x44,0x0c,0x04,0x2e,0x05,0x8f,0x1d,0x8b,0x15,0xab,0x11,0xab,0x13,0xaf,0x15,0xbf,0x17,0xbf,0x1d,0x3f,0x17,0x3f,0x5d,
    0x3e,0x97,0xbe,0x5d,0xff,0x75,0xff,0xdd,0xff,0x77,0xff,0xdd,0xfb,0x73,0xfb,0xd5,0xf7,0x77,0xff,0xdf,0xff,0xf7,0xff,0xdd,0xff,0x57,0xdf,0xdd,0xbf,0x17,0xbf,0xdd,
    0x00,0x00,0x00,0x00,0x00,0x00,0x00,0x00,0x00,0x00,0x00,0x00,0x00,0x00,0x00,0x04,0x08,0x04,0x0c,0x04,0x08,0x00,0x08,0x04,0x08,0x10,0x08,0x1c,0x18,0x10,0x18,0x10,
    0x00,0x52,0x00,0x20,0x00,0x00,0x08,0x0c,0x08,0x00,0x08,0x04,0x0a,0x00,0x0a,0x00,0x2a,0x12,0x2e,0x14,0x3e,0x16,0x3e,0x1c,0x3e,0x14,0x2e,0x1c,0x3e,0x14,0x3c,0x1c,
    0x3e,0x34,0x3e,0x1d,0x3a,0x31,0x3a,0x10,0x32,0x30,0x22,0x54,0x2e,0x67,0x6f,0x4d,0x6f,0x47,0x0f,0x0d,0x0f,0x17,0x1f,0x1d,0x3f,0x17,0x3f,0x1d,0x3f,0x37,0x7e,0x5c,
    0x7e,0x76,0x7e,0x5c,0xfe,0x75,0xff,0xdd,0xff,0x75,0xfb,0xd9,0xfb,0x73,0xfb,0xd1,0xf3,0x77,0xff,0xd5,0xff,0x77,0xef,0xdd,0xef,0x57,0xdf,0xdd,0xff,0x57,0xff,0xdd,
    0x00,0x00,0x00,0x00,0x00,0x00,0x00,0x00,0x00,0x00,0x00,0x00,0x00,0x00,0x00,0x00,0x00,0x00,0x00,0x00,0x00,0x00,0x00,0x00,0x00,0x00,0x00,0x00,0x00,0x00,0x00,0x00,
    0x08,0x00,0x00,0x00,0x00,0x00,0x02,0x00,0x00,0x00,0x00,0x00,0x00,0x00,0x00,0x00,0x00,0x00,0x00,0x00,0x02,0x00,0x00,0x00,0x00,0x00,0x00,0x00,0x00,0x00,0x00,0x00,
    0x00,0x00,0x00,0x00,0x00,0x00,0x00,0x00,0x00,0x00,0x00,0x00,0x00,0x00,0x00,0x00,0x00,0x00,0x00,0x00,0x00,0x00,0x00,0x00,0x00,0x00,0x08,0x10,0x18,0x10,0x38,0x10,
    0x30,0x10,0x20,0x10,0x20,0x30,0x28,0x54,0x78,0x50,0x68,0x51,0x29,0x11,0x0b,0x11,0x3b,0x17,0xbf,0x5d,0xbf,0x77,0xff,0x5d,0x7f,0x77,0x7f,0x5d,0xff,0x77,0xff,0xdd
  },
  { // 23
    0x00,0x00,0x00,0x00,0x00,0x00,0x00,0x00,0x00,0x00,0x00,0x00,0x00,0x00,0x00,0x00,0x00,0x00,0x00,0x00,0x00,0x00,0x00,0x00,0x00,0x00,0x00,0x00,0x00,0x00,0x00,0x00,
    0x00,0x00,0x00,0x00,0x00,0x00,0x00,0x00,0x00,0x00,0x00,0x00,0x00,0x00,0x00,0x00,0x00,0x00,0x00,0x00,0x00,0x00,0x00,0x00,0x00,0x00,0x00,0x00,0x00,0x00,0x00,0x00,
    0x00,0x00,0x00,0x00,0x00,0x00,0x00,0x00,0x00,0x00,0x00,0x40,0x00,0x40,0x00,0xc0,0x00,0x88,0x00,0x80,0x00,0x80,0x00,0x80,0x00,0x00,0x00,0x00,0x00,0x00,0x00,0x00,
    0x00,0x00,0x00,0x80,0xc0,0x80,0x40,0x88,0xc0,0x80,0x40,0xc0,0xc0,0xe2,0x50,0xe2,0xd5,0xe7,0x67,0xef,0xc5,0xef,0x47,0xcf,0xcd,0xcf,0x77,0xff,0xdd,0xff,0x77,0xff,
    0x00,0x00,0x00,0x00,0x00,0x00,0x00,0x00,0x00,0x00,0x00,0x00,0x00,0x00,0x00,0x00,0x00,0x00,0x00,0x08,0x04,0x08,0x00,0x88,0x04,0x08,0x00,0x08,0x00,0x08,0x00,0x00,
    0x40,0x00,0x00,0x00,0x44,0x00,0x00,0x08,0x04,0x00,0x00,0x08,0x00,0x8a,0x00,0x0a,0x14,0x0e,0x16,0x1e,0x14,0x1e,0x16,0x0e,0x14,0x2e,0x14,0x3e,0x1c,0x3e,0x14,0x3e,
    0x1c,0x78,0x10,0x38,0x10,0x3a,0x10,0x3a,0x11,0x33,0x37,0x3f,0x55,0x2f,0x07,0x2f,0x05,0x0f,0x07,0x8f,0x1d,0x9f,0x37,0xbf,0x3d,0xbf,0x77,0xbf,0x1d,0x3e,0x36,0x3f,
    0x5c,0x7f,0x76,0xff,0xdd,0xff,0x75,0xff,0xdd,0xf9,0x71,0xfb,0xd9,0xfb,0x77,0xff,0xdd,0xff,0x77,0xff,0xdd,0xff,0x67,0xef,0x4d,0xff,0x77,0xff,0xdd,0xff,0x77,0xff,
    0x00,0x00,0x00,0x00,0x00,0x00,0x00,0x00,0x00,0x00,0x00,0x08,0x00,0x00,0x00,0x08,0x00,0x00,0x00,0x08,0x00,0x08,0x00,0x28,0x30,0x38,0x10,0x28,0x10,0x38,0x10,0x08,
    0x10,0x28,0x10,0x20,0x10,0x20,0x00,0x20,0x04,0x20,0x04,0x0c,0x04,0x08,0x04,0x0c,0x1c,0x3e,0x14,0x3e,0x1c,0x3a,0x14,0x3e,0x14,0x3a,0x34,0x3c,0x5d,0x7e,0x74,0x7d,
    0x7c,0x78,0x70,0x78,0x70,0x38,0x50,0xfa,0x50,0x3a,0x77,0xfe,0x55,0x3e,0x37,0x2e,0x44,0x2e,0x06,0x6e,0x5c,0x7e,0x77,0xff,0x5d,0xff,0x77,0xff,0x5d,0xba,0x74,0xfe,
    0x5c,0xfe,0x77,0xfe,0xdd,0xff,0x77,0xff,0xdd,0xef,0x45,0xef,0xdd,0xff,0x57,0xff,0xdd,0xff,0x77,0xff,0xdd,0xbf,0x37,0x3f,0x5d,0x7f,0x77,0xff,0xdd,0xff,0x77,0xff,
    0x00,0x00,0x00,0x00,0x00,0x00,0x00,0x00,0x00,0x00,0x00,0x00,0x00,0x00,0x00,0x00,0x00,0x00,0x00,0x00,0x08,0x00,0x00,0x00,0x00,0x00,0x00,0x00,0x04,0x00,0x00,0x00,
    0x00,0x00,0x00,0x00,0x00,0x00,0x00,0x00,0x00,0x00,0x00,0x00,0x04,0x00,0x00,0x00,0x00,0x00,0x00,0x00,0x00,0x00,0x00,0x00,0x00,0x00,0x00,0x00,0x00,0x00,0x00,0x00,
    0x00,0x00,0x00,0x00,0x00,0x00,0x00,0x00,0x00,0x00,0x00,0x00,0x00,0x00,0x00,0x00,0x00,0x00,0x00,0x00,0x00,0x00,0x00,0x00,0x00,0x00,0x00,0x00,0x00,0x00,0x00,0x20,
    0x00,0x20,0x10,0x20,0x51,0x20,0x61,0x60,0x41,0x20,0x41,0x49,0x45,0x4b,0x55,0xff,0x5d,0xbf,0x57,0xbf,0x1d,0xbf,0x37,0xbf,0x5d,0x7f,0x77,0xfe,0xdd,0xff,0x77,0xff
  },
  { // 24
    0x00,0x00,0x00,0x00,0x00,0x00,0x00,0x00,0x00,0x00,0x00,0x00,0x00,0x00,0x00,0x00,0x00,0x00,0x00,0x00,0x00,0x00,0x00,0x00,0x00,0x00,0x00,0x00,0x00,0x00,0x00,0x00,
    0x00,0x00,0x00,0x00,0x00,0x00,0x00,0x00,0x00,0x00,0x00,0x00,0x10,0x00,0x00,0x00,0x00,0x00,0x00,0x00,0x00,0x00,0x00,0x00,0x00,0x00,0x00,0x00,0x00,0x00,0x00,0x00,
    0x00,0x00,0x00,0x00,0x00,0x20,0x00,0x20,0x00,0x20,0x00,0x00,0x00,0x00,0x00,0x08,0x00,0x00,0x00,0x00,0x00,0x00,0x00,0x00,0x00,0x00,0x00,0x00,0x00,0x00,0x00,0x00,
    0x00,0x88,0x04,0x88,0x00,0x88,0x80,0x88,0x00,0x88,0xc0,0x88,0x50,0xfa,0xd5,0xfb,0x57,0xef,0xc5,0xa7,0x57,0xff,0x4d,0xef,0x57,0xff,0xdf,0xff,0x77,0xff,0xdd,0xff,
    0x00,0x00,0x00,0x00,0x00,0x00,0x00,0x00,0x00,0x00,0x00,0x00,0x00,0x00,0x00,0x00,0x00,0x08,0x00,0x08,0x00,0x08,0x04,0x08,0x00,0x08,0x00,0x48,0x10,0x08,0x10,0x00,
    0x90,0x00,0x10,0x20,0x00,0x00,0x04,0x80,0x00,0x00,0x04,0x88,0x04,0x0c,0x0c,0x0e,0x14,0x1e,0x1c,0x1e,0x14,0x3e,0x1c,0x3e,0x14,0xbe,0x1c,0xbe,0x34,0x3e,0x5c,0x3c,
    0x34,0x38,0x58,0x38,0x10,0x38,0x50,0x3a,0x33,0x3b,0x55,0x3f,0x37,0x2e,0x05,0x2e,0x07,0x2e,0x4d,0x3f,0x57,0xff,0xdd,0xbf,0x57,0xbf,0x5d,0xbf,0x37,0xbf,0x5d,0xfe,
    0x77,0xfe,0xdd,0xfe,0x77,0xfe,0xdd,0xfe,0x75,0xef,0xdd,0xff,0x57,0xff,0xdd,0xff,0x77,0xff,0xdf,0xbf,0x37,0xbf,0x5d,0x7f,0x77,0xff,0xdd,0xff,0x77,0xff,0xdd,0xff,
    0x00,0x00,0x00,0x00,0x00,0x00,0x00,0x00,0x00,0x00,0x00,0x00,0x00,0x00,0x00,0x00,0x00,0x00,0x00,0x20,0x10,0x20,0x10,0x20,0x00,0x28,0x00,0x30,0x00,0x00,0x00,0x00,
    0x00,0x08,0x10,0x20,0x10,0x20,0x00,0x20,0x00,0x00,0x00,0x28,0x00,0x28,0x1c,0x38,0x14,0x3c,0x1c,0x38,0x10,0x38,0x18,0x38,0x30,0x38,0x70,0x78,0x70,0x78,0x74,0x78,
    0x70,0xe8,0x40,0xe8,0x40,0xe8,0x5c,0xfa,0x54,0xfe,0x5c,0xbe,0x16,0xbe,0x14,0x3e,0x36,0x3e,0x5c,0x7e,0x76,0xfe,0x5c,0xfe,0x74,0xfe,0xdc,0xf8,0x78,0xf8,0xf9,0xfb,
    0x71,0xfb,0xdd,0xff,0x77,0xff,0xd5,0xe7,0x67,0xef,0xc5,0xef,0x57,0xff,0xdd,0xff,0x57,0xff,0xdd,0xbf,0x37,0xbf,0x1d,0xbf,0x77,0xff,0x5d,0xff,0x77,0xfe,0xdd,0xfe,
    0x00,0x00,0x00,0x00,0x00,0x00,0x00,0x00,0x00,0x00,0x00,0x00,0x00,0x00,0x00,0x00,0x00,0x00,0x00,0x00,0x00,0x00,0x00,0x00,0x08,0x00,0x00,0x00,0x00,0x01,0x00,0x00,
    0x00,0x00,0x00,0x00,0x00,0x00,0x00,0x00,0x00,0x04,0x00,0x00,0x00,0x00,0x00,0x00,0x00,0x00,0x00,0x00,0x00,0x00,0x00,0x00,0x00,0x00,0x00,0x00,0x00,0x00,0x00,0x00,
    0x00,0x00,0x00,0x00,0x00,0x00,0x00,0x00,0x00,0x00,0x00,0x00,0x00,0x00,0x00,0x00,0x00,0x00,0x00,0x00,0x00,0x00,0x00,0x00,0x00,0x00,0x00,0x00,0x00,0x00,0x00,0x00,
    0x01,0x01,0x01,0x21,0x01,0x21,0x01,0x23,0x01,0x23,0x01,0x23,0x43,0x6f,0x5d,0xff,0x57,0xff,0x5d,0xbf,0x15,0xbf,0x5d,0xbf,0x77,0xff,0xdd,0xff,0x77,0xff,0xdd,0xfe
  },
  { // 25
    0x00,0x00,0x00,0x00,0x00,0x00,0x00,0x00,0x00,0x00,0x00,0x00,0x00,0x00,0x00,0x00,0x00,0x00,0x00,0x00,0x00,0x00,0x00,0x00,0x00,0x00,0x00,0x00,0x00,0x00,0x00,0x00,
    0x00,0x00,0x08,0x00,0x00,0x00,0x00,0x00,0x00,0x00,0x00,0x00,0x00,0x00,0x00,0x00,0x00,0x00,0x00,0x00,0x00,0x00,0x00,0x00,0x00,0x00,0x00,0x00,0x00,0x00,0x40,0x00,
    0x40,0x00,0x40,0x00,0x00,0x00,0x00,0x00,0x00,0x04,0x00,0x00,0x00,0x00,0x00,0x00,0x00,0x00,0x00,0x00,0x00,0x00,0x08,0x00,0x08,0x00,0x08,0x00,0x08,0x10,0x18,0x10,
    0x18,0x10,0x28,0x10,0x20,0x00,0xa0,0x04,0xae,0x44,0xee,0xdc,0xef,0x77,0xbf,0x9d,0x9f,0x17,0xbf,0x1d,0xbf,0x37,0xff,0x5d,0xff,0x77,0xff,0x5d,0xfe,0x76,0xfe,0xdd,
    0x00,0x00,0x00,0x00,0x00,0x00,0x08,0x00,0x08,0x00,0x08,0x00,0x08,0x10,0x08,0x10,0x78,0x10,0x38,0x10,0x38,0x30,0x28,0x10,0x20,0x00,0x28,0x00,0x20,0x00,0x28,0x10,
    0xa8,0x10,0x08,0x10,0x00,0x00,0x00,0x00,0x20,0x14,0x2c,0x1c,0x3c,0x14,0x3c,0x5c,0x3c,0x14,0x3c,0x7c,0x38,0x10,0x78,0x58,0x78,0x70,0xf8,0x50,0x78,0x70,0xf0,0x50,
    0x60,0x64,0xec,0x44,0xee,0x54,0xee,0xdc,0xfe,0x14,0xbe,0x1c,0xbe,0x16,0xbe,0x1c,0x3e,0x76,0xfe,0x5d,0x7e,0x77,0xfe,0x5d,0xfc,0x74,0xfc,0xdc,0xfe,0x75,0xff,0xdd,
    0xfb,0x73,0xfb,0xd1,0xf3,0x77,0xe7,0xd5,0xef,0x77,0xef,0xdd,0xff,0x57,0xff,0xdd,0xdf,0x57,0xbf,0x9d,0xbf,0x7f,0xff,0xdd,0xff,0x77,0xff,0xdd,0xfe,0x76,0xfe,0xdc,
    0x00,0x00,0x00,0x00,0x00,0x00,0x00,0x00,0x00,0x00,0x00,0x00,0x00,0x00,0x00,0x00,0x00,0x00,0x20,0x00,0x30,0x00,0x20,0x01,0x28,0x00,0x20,0x00,0x20,0x00,0x00,0x40,
    0x00,0x00,0x00,0x00,0x00,0x00,0x00,0x00,0x00,0x10,0x78,0x10,0x70,0x30,0x78,0x50,0x38,0x70,0x68,0x50,0x78,0x70,0xf8,0x50,0xf8,0x70,0xf8,0xd0,0xf0,0x70,0xe0,0x40,
    0xa0,0x60,0xe0,0x40,0xe8,0x64,0xec,0x4c,0xe8,0x54,0x8c,0x1e,0x9a,0x10,0xb8,0x1c,0xba,0x74,0xfe,0x5c,0xfe,0x74,0xfc,0x5c,0xf8,0x74,0xfc,0xdc,0xf8,0x75,0xfd,0xdd,
    0xfb,0x71,0xfb,0xd1,0xfb,0x53,0xbf,0xd5,0xff,0x77,0xff,0xdd,0xff,0x77,0xff,0x5d,0xff,0x77,0xff,0xdd,0xff,0x77,0xff,0xdd,0xff,0x77,0xff,0xdd,0xff,0x77,0xfe,0xd5,
    0x00,0x00,0x00,0x00,0x00,0x00,0x00,0x00,0x00,0x00,0x00,0x00,0x00,0x00,0x00,0x00,0x00,0x01,0x00,0x02,0x00,0x00,0x00,0x00,0x00,0x00,0x00,0x00,0x00,0x00,0x00,0x00,
    0x00,0x00,0x00,0x00,0x00,0x00,0x00,0x00,0x00,0x00,0x00,0x00,0x00,0x00,0x00,0x00,0x00,0x00,0x00,0x00,0x00,0x00,0x00,0x00,0x00,0x00,0x00,0x00,0x00,0x00,0x00,0x00,
    0x00,0x00,0x00,0x00,0x00,0x00,0x00,0x00,0x00,0x00,0x00,0x00,0x00,0x00,0x00,0x00,0x00,0x01,0x00,0x01,0x00,0x01,0x00,0x00,0x00,0x00,0x00,0x01,0x01,0x01,0x01,0x01,
    0x03,0x01,0x03,0x01,0x03,0x01,0x03,0x01,0x03,0x03,0x23,0x05,0x27,0x37,0x6f,0x55,0x6e,0x74,0xfe,0x5c,0xfe,0x75,0xff,0xdd,0xff,0x77,0xfb,0xd9,0xfb,0x73,0xfb,0xd5
  },
  { // 26
    0x00,0x00,0x00,0x00,0x00,0x00,0x00,0x00,0x00,0x00,0x00,0x00,0x00,0x00,0x00,0x00,0x00,0x00,0x00,0x00,0x00,0x00,0x00,0x00,0x00,0x00,0x00,0x00,0x00,0x00,0x04,0x00,
    0x00,0x00,0x00,0x00,0x00,0x00,0x00,0x00,0x00,0x00,0x00,0x00,0x00,0x00,0x00,0x00,0x00,0x00,0x00,0x00,0x00,0x00,0x00,0x00,0x00,0x00,0x00,0x00,0x00,0x00,0x00,0x00,
    0x00,0x00,0x00,0x00,0x20,0x00,0x20,0x02,0x20,0x00,0x00,0x00,0x00,0x00,0x00,0x00,0x00,0x08,0x00,0x00,0x00,0x08,0x00,0x08,0x00,0x08,0x18,0x18,0x10,0x38,0x18,0x38,
    0x10,0x38,0x10,0x20,0x10,0x22,0x04,0xa6,0x64,0xee,0x4c,0xee,0x46,0xce,0x4c,0x8e,0x17,0x9f,0x9d,0xbf,0x37,0xbf,0xdd,0xff,0x77,0xfe,0x5c,0xfe,0x76,0xfe,0xdc,0xfe,
    0x00,0x00,0x00,0x00,0x00,0x20,0x00,0x20,0x00,0x08,0x00,0x00,0x00,0x08,0x10,0x38,0x10,0x38,0x10,0x30,0x30,0x30,0x10,0x20,0x00,0x20,0x40,0x20,0x40,0x68,0x40,0x28,
    0x40,0x08,0x00,0x08,0x00,0x08,0x10,0x38,0x10,0x38,0x1c,0x38,0x34,0x38,0x5c,0x78,0x70,0x78,0xdc,0x78,0x70,0xf8,0x58,0xf8,0x70,0xf8,0xd0,0xf8,0x70,0xf0,0x50,0xe0,
    0x70,0xec,0x54,0xee,0x64,0xee,0x4c,0xee,0x44,0x8c,0x5c,0xbe,0x14,0xbe,0x5c,0xbe,0x76,0xfe,0x5c,0xfe,0x74,0xfe,0x5c,0xfe,0x74,0xfd,0xdc,0xff,0x74,0xff,0xdc,0xfa,
    0x71,0xfa,0xd1,0xfb,0x73,0xff,0xd5,0xff,0x77,0xff,0xdd,0xff,0x77,0xff,0x5d,0xff,0x57,0xff,0xdd,0xff,0x77,0xff,0xdf,0xff,0x77,0xff,0xdd,0xff,0x77,0xfe,0xdd,0xff,
    0x00,0x00,0x00,0x00,0x00,0x00,0x00,0x00,0x00,0x00,0x00,0x00,0x00,0x00,0x00,0x00,0x00,0x00,0x10,0x01,0x00,0x00,0x08,0x00,0x00,0x00,0x00,0x20,0x00,0x00,0x01,0x00,
    0x00,0x00,0x00,0x00,0x00,0x00,0x00,0x00,0x10,0x20,0x10,0x30,0x30,0x30,0x50,0x20,0x70,0x60,0x40,0xe0,0x60,0xe0,0xc0,0xe0,0x50,0xe0,0xc0,0xe0,0x40,0xc0,0x80,0xa0,
    0x10,0xa0,0x50,0xa0,0x70,0xec,0x44,0x28,0x40,0x68,0x58,0xf8,0x50,0xf8,0xd8,0xf8,0x71,0xf8,0xd9,0xf8,0x78,0xf8,0xd0,0xf0,0x70,0xf8,0xd4,0xfa,0x75,0xff,0xdd,0xef,
    0x55,0xeb,0xdd,0xcb,0x57,0xbf,0xdd,0xbf,0x77,0xff,0xdd,0xff,0x77,0xff,0x5f,0x7e,0x76,0xfe,0xdd,0xff,0x75,0xff,0xfd,0xff,0x75,0xff,0xd9,0xfb,0x73,0xfb,0xd5,0xff,
    0x00,0x00,0x00,0x00,0x00,0x00,0x00,0x00,0x00,0x00,0x00,0x00,0x00,0x00,0x00,0x00,0x02,0x00,0x00,0x00,0x00,0x00,0x00,0x00,0x00,0x00,0x00,0x00,0x00,0x00,0x00,0x00,
    0x00,0x00,0x00,0x00,0x00,0x00,0x00,0x00,0x00,0x00,0x00,0x00,0x00,0x00,0x00,0x00,0x00,0x00,0x00,0x00,0x00,0x00,0x00,0x00,0x00,0x00,0x00,0x00,0x00,0x00,0x00,0x00,
    0x01,0x00,0x01,0x01,0x01,0x00,0x00,0x00,0x00,0x00,0x00,0x00,0x00,0x00,0x00,0x00,0x01,0x00,0x01,0x01,0x01,0x01,0x01,0x01,0x01,0x03,0x01,0x03,0x01,0x03,0x01,0x03,
    0x01,0x03,0x01,0x03,0x01,0x03,0x01,0x03,0x07,0x07,0x05,0x27,0x07,0x27,0x05,0x26,0x76,0x6e,0x54,0xfe,0x77,0xff,0xdf,0xff,0x75,0xff,0xdd,0xfb,0x73,0xfb,0xd5,0xff
  },
  { // 27
    0x00,0x00,0x00,0x00,0x00,0x00,0x00,0x00,0x00,0x00,0x00,0x00,0x00,0x00,0x00,0x00,0x00,0x00,0x00,0x00,0x00,0x02,0x00,0x00,0x00,0x00,0x00,0x00,0x00,0x00,0x00,0x00,
    0x00,0x00,0x00,0x00,0x00,0x00,0x00,0x00,0x00,0x00,0x00,0x00,0x00,0x00,0x00,0x00,0x00,0x00,0x00,0x00,0x00,0x00,0x00,0x00,0x00,0x00,0x00,0x00,0x00,0x00,0x00,0x00,
    0x00,0x02,0x00,0x00,0x00,0x00,0x20,0x00,0x20,0x00,0x28,0x00,0x08,0x10,0x08,0x10,0x18,0x10,0x38,0x10,0x30,0x10,0x38,0x10,0x38,0x30,0x38,0x54,0x28,0x40,0x28,0x40,
    0x28,0x90,0xb8,0x50,0xba,0x14,0xbe,0x54,0xbe,0x36,0x3e,0x1c,0x2e,0x76,0x7e,0x5d,0xfe,0x76,0xfe,0xdd,0xff,0x77,0xff,0xdd,0xfb,0x77,0xff,0xdd,0xff,0x77,0xff,0xdd,
    0x00,0x10,0x20,0x10,0x20,0x10,0x20,0x00,0x20,0x00,0x20,0x40,0x60,0x70,0xe0,0x50,0xe0,0x50,0xe0,0x40,0xa0,0x00,0xa0,0x50,0xa0,0x50,0xa0,0x40,0xa0,0x00,0x20,0x40,
    0x20,0x00,0x08,0x40,0xb8,0x50,0xf8,0x58,0xb8,0x30,0xb8,0x50,0x38,0x30,0xf8,0x50,0xf8,0x70,0xf8,0xd0,0xf8,0x70,0xe8,0xc0,0xe8,0x40,0xe8,0xc0,0xf8,0x50,0xf8,0xd0,
    0xb8,0x70,0xb8,0x54,0x38,0x34,0x2c,0x5c,0x7c,0x74,0xfc,0xdc,0xfc,0x74,0xfc,0xde,0xfa,0x70,0xf8,0xd8,0xf8,0x70,0xf8,0xd4,0xfa,0x74,0xfe,0xd4,0xee,0x65,0xee,0xc5,
    0xee,0x45,0xee,0xdd,0xff,0x57,0xff,0xdd,0xbf,0x37,0xbf,0x1d,0x3e,0x76,0xfe,0x5c,0xfe,0x77,0xfe,0xdd,0xff,0x75,0xfd,0xdd,0xfd,0x71,0xff,0xd9,0xff,0x77,0xff,0xdd,
    0x00,0x00,0x00,0x00,0x00,0x00,0x00,0x00,0x00,0x00,0x00,0x00,0x00,0x00,0x00,0x04,0x00,0x00,0x00,0x00,0x00,0x00,0x00,0x02,0x00,0x00,0x80,0x00,0x01,0x00,0x00,0x00,
    0x00,0x00,0x00,0x01,0x20,0x00,0xe0,0x40,0xa0,0x40,0xe1,0x40,0xa0,0x00,0xe0,0x40,0xa0,0x60,0xe0,0xe0,0xe0,0x60,0xe0,0x40,0xe0,0x40,0xc8,0xc9,0x81,0x61,0xc1,0xe1,
    0xa1,0x31,0xb1,0x11,0x31,0x11,0x30,0x10,0x30,0x70,0xf8,0x50,0xf8,0x70,0xf8,0xd0,0xf8,0x79,0xf8,0xd1,0xf9,0x71,0xfb,0xd1,0xf3,0x73,0xfb,0xd5,0xe3,0x67,0xef,0xc5,
    0xef,0x47,0xef,0xdd,0xff,0x57,0xff,0xdd,0xff,0x77,0xbf,0xdd,0xbf,0x77,0xff,0xdd,0xff,0x77,0xff,0xdd,0xff,0x75,0xff,0xdd,0xff,0x75,0xff,0xdd,0xff,0x77,0xff,0xdd,
    0x00,0x00,0x00,0x00,0x00,0x00,0x00,0x00,0x00,0x00,0x00,0x00,0x00,0x00,0x00,0x00,0x00,0x00,0x00,0x00,0x00,0x00,0x20,0x00,0x00,0x00,0x00,0x00,0x00,0x00,0x00,0x00,
    0x00,0x00,0x00,0x00,0x00,0x00,0x00,0x00,0x00,0x00,0x00,0x00,0x00,0x00,0x00,0x00,0x00,0x01,0x00,0x01,0x00,0x01,0x00,0x00,0x00,0x00,0x00,0x00,0x00,0x01,0x00,0x01,
    0x01,0x01,0x01,0x01,0x00,0x01,0x00,0x00,0x00,0x00,0x02,0x00,0x02,0x00,0x00,0x00,0x00,0x01,0x00,0x01,0x01,0x01,0x03,0x01,0x03,0x03,0x03,0x01,0x03,0x03,0x03,0x05,
    0x03,0x07,0x07,0x05,0x07,0x07,0x07,0x05,0x07,0x05,0x0f,0x05,0x0b,0x01,0x8b,0x45,0xaf,0x77,0xff,0xd5,0xff,0x77,0xef,0xc5,0xef,0x67,0xef,0xcd,0xff,0x57,0xff,0xdd
  },
  { // 28
    0x00,0x00,0x00,0x00,0x00,0x00,0x00,0x00,0x00,0x00,0x00,0x00,0x00,0x00,0x00,0x00,0x00,0x01,0x00,0x00,0x00,0x00,0x00,0x00,0x00,0x00,0x00,0x00,0x00,0x00,0x00,0x00,
    0x00,0x00,0x00,0x00,0x00,0x00,0x00,0x00,0x00,0x00,0x00,0x00,0x00,0x00,0x00,0x00,0x00,0x00,0x00,0x00,0x00,0x00,0x00,0x00,0x00,0x00,0x00,0x00,0x00,0x00,0x00,0x02,
    0x40,0x00,0x40,0x00,0x40,0x00,0x00,0x00,0x00,0x00,0x08,0x00,0x08,0x10,0x08,0x10,0x18,0x10,0x38,0x10,0x38,0x10,0x38,0x30,0x38,0x50,0x20,0x60,0x60,0x40,0x20,0x40,
    0xe8,0x4c,0xb8,0x54,0xbe,0x5c,0xbe,0x14,0xbe,0x1c,0x3e,0x36,0x3f,0x5c,0x7e,0x76,0xfe,0x5c,0xfe,0x74,0xfe,0xdc,0xfc,0x75,0xf9,0xdd,0xfb,0x77,0xff,0xdd,0xff,0x77,
    0x00,0x00,0x20,0x00,0x20,0x00,0x20,0x10,0x20,0x50,0x20,0x70,0xe0,0x40,0xe0,0x40,0xe0,0x40,0xe0,0x40,0xc0,0xc0,0xa0,0x40,0xa0,0xd0,0xa0,0x10,0xa0,0x00,0x20,0x00,
    0x28,0x40,0xa8,0x70,0xf8,0x50,0xf8,0x70,0xf8,0x50,0xf8,0x70,0xf8,0xd0,0xf8,0x70,0xf8,0xd0,0xf0,0x70,0xe0,0xc0,0xe0,0x40,0xe0,0xc0,0xe8,0x40,0xe8,0xd8,0xf8,0xd0,
    0xb8,0x98,0xb8,0x10,0xb8,0x1c,0x38,0x74,0xfc,0x5c,0xfc,0x75,0xfd,0xdc,0xf8,0x70,0xf8,0xd8,0xf8,0x70,0xf8,0xd8,0xf8,0x71,0xfa,0xd5,0xf2,0x75,0xe7,0xc5,0xee,0x65,
    0xee,0xdc,0xfe,0x77,0xfe,0xdd,0xff,0x57,0xbe,0x9d,0xbe,0x37,0xfe,0xdd,0xfe,0x77,0xfe,0xdc,0xfe,0x76,0xfe,0xdc,0xfe,0x75,0xfd,0xdd,0xff,0x77,0xff,0xdd,0xff,0x77,
    0x00,0x00,0x00,0x00,0x00,0x00,0x00,0x00,0x00,0x00,0x00,0x00,0x00,0x00,0x00,0x00,0x00,0x00,0x00,0x00,0x02,0x00,0x00,0x00,0x00,0x00,0x00,0x00,0x00,0x00,0x01,0x00,
    0x00,0x00,0x00,0x00,0x20,0x40,0x22,0x40,0xc0,0x40,0x80,0x40,0xc0,0xc0,0xa0,0x41,0xe0,0xc1,0xa1,0x41,0xa0,0x41,0xa8,0x41,0x80,0x41,0xa0,0x41,0xc1,0x41,0xe1,0x41,
    0x81,0x41,0xa1,0x11,0xa0,0x11,0xb0,0x71,0xf0,0x51,0xf2,0x70,0xf0,0xd8,0xe8,0x60,0xe0,0xc0,0xe1,0x41,0xe9,0xd1,0xfb,0x51,0xfb,0xd1,0xb3,0x13,0xa3,0x15,0xa3,0x37,
    0xef,0x5d,0xff,0x77,0xff,0xdd,0xff,0x77,0xff,0xdd,0xff,0x7d,0xff,0xdd,0xfb,0x77,0xff,0xdd,0xff,0x77,0xff,0xd5,0xef,0x67,0xef,0xcd,0xff,0x77,0xff,0xdd,0xff,0x57,
    0x00,0x00,0x00,0x00,0x00,0x00,0x00,0x00,0x00,0x00,0x00,0x00,0x00,0x00,0x00,0x00,0x00,0x00,0x40,0x00,0x00,0x00,0x00,0x00,0x00,0x00,0x00,0x00,0x00,0x00,0x00,0x00,
    0x00,0x00,0x00,0x00,0x00,0x00,0x00,0x00,0x00,0x00,0x00,0x00,0x00,0x00,0x00,0x00,0x00,0x01,0x01,0x01,0x01,0x01,0x01,0x01,0x00,0x01,0x00,0x01,0x00,0x00,0x00,0x00,
    0x00,0x00,0x00,0x00,0x00,0x00,0x00,0x01,0x01,0x01,0x03,0x01,0x03,0x01,0x02,0x01,0x02,0x01,0x03,0x01,0x03,0x01,0x03,0x03,0x03,0x01,0x03,0x03,0x03,0x01,0x03,0x07,
    0x07,0x05,0x07,0x07,0x07,0x05,0x06,0x04,0x0e,0x04,0x0c,0x05,0x09,0x05,0x8b,0x03,0xcb,0xd5,0xab,0x53,0xe3,0xc5,0xe7,0x67,0xef,0xc5,0xef,0x77,0xff,0xdd,0xff,0x57
  },
  { // 29
    0x00,0x00,0x00,0x00,0x00,0x00,0x00,0x00,0x00,0x00,0x00,0x00,0x00,0x00,0x00,0x00,0x00,0x00,0x00,0x00,0x00,0x00,0x00,0x00,0x00,0x00,0x00,0x00,0x00,0x00,0x00,0x00,
    0x00,0x00,0x00,0x00,0x00,0x00,0x00,0x00,0x00,0x00,0x00,0x00,0x00,0x00,0x00,0x00,0x00,0x00,0x00,0x00,0x00,0x00,0x00,0x00,0x00,0x01,0x00,0x00,0x00,0x00,0x00,0x00,
    0x00,0x00,0x00,0x00,0x00,0x30,0x28,0x30,0x20,0x30,0x28,0x00,0x20,0x00,0x28,0x00,0x28,0x10,0x38,0x50,0x38,0x50,0x38,0x10,0x30,0x10,0x20,0x00,0x20,0x04,0x6c,0x54,
    0x6c,0x54,0xec,0x5c,0x3c,0x14,0xbc,0x5c,0xbf,0x34,0xfe,0xdc,0xfe,0x76,0xfe,0xdc,0xfe,0x74,0xfe,0xdc,0xfe,0x74,0xfe,0xdd,0xff,0x77,0xff,0xdd,0xff,0x57,0xff,0xdd,
    0x20,0x40,0x60,0x40,0xa0,0x40,0xe0,0x50,0xe0,0x50,0xe0,0x40,0xa0,0x40,0xa0,0x40,0xa0,0x40,0xe0,0xc0,0xe0,0x40,0xc0,0x40,0x88,0x00,0x80,0x10,0x10,0x10,0xb8,0x10,
    0xb0,0x70,0xf8,0x50,0x70,0x70,0xf8,0x50,0xe0,0x70,0xe8,0xd0,0xf8,0x70,0xf8,0xd0,0xf0,0x50,0xf0,0xd0,0xa0,0x10,0xa0,0x40,0xe0,0x70,0xe8,0x58,0xe8,0x50,0xf8,0x58,
    0xb8,0x50,0xf8,0xd8,0xf8,0x70,0xf8,0xd8,0xf8,0x70,0xf8,0xd0,0xf8,0x70,0xf8,0xd0,0xf8,0x74,0xfc,0xfc,0xf8,0x76,0xfa,0xdc,0xf8,0x50,0xba,0x94,0xbe,0x36,0xfe,0xdc,
    0xfe,0x77,0xfe,0x5d,0xfe,0x75,0xfe,0xdc,0xfe,0x74,0xfe,0xdd,0xff,0x75,0xff,0xdd,0xfb,0x7b,0xfb,0xd5,0xf7,0x77,0xff,0xdd,0xff,0x77,0xff,0xdd,0xff,0x57,0xdf,0xdd,
    0x00,0x00,0x00,0x00,0x00,0x00,0x00,0x00,0x00,0x00,0x00,0x00,0x00,0x00,0x04,0x00,0x00,0x00,0x00,0x00,0x01,0x00,0x00,0x00,0x00,0x00,0x01,0x00,0x00,0x00,0x84,0x00,
    0x00,0x00,0x80,0x00,0x00,0x00,0x80,0x40,0x00,0x40,0xc0,0x44,0xc0,0x41,0xc1,0xc1,0xa1,0x01,0xa1,0x01,0xa1,0x01,0x81,0x01,0xa1,0x23,0xa1,0x61,0x20,0x60,0x60,0x40,
    0x60,0x48,0xe0,0xc0,0xe0,0x71,0xf1,0xd1,0xf1,0x71,0xf1,0xd1,0xe3,0x61,0xe3,0xc1,0xe3,0x61,0xe7,0xc1,0xe3,0x43,0xeb,0xc5,0xcb,0x41,0x8b,0x95,0xbb,0x17,0xbf,0xdd,
    0xff,0x77,0xff,0x5d,0xfe,0x76,0xfe,0x5c,0xfe,0x74,0xff,0xdf,0xff,0x77,0xff,0xdf,0xfb,0xf3,0xfb,0xd1,0xf3,0x77,0xff,0xd5,0xff,0x77,0xff,0xdd,0xff,0x77,0xff,0xdd,
    0x00,0x00,0x00,0x00,0x00,0x00,0x00,0x00,0x00,0x00,0x00,0x40,0x00,0x00,0x00,0x00,0x00,0x00,0x00,0x00,0x00,0x00,0x00,0x00,0x00,0x00,0x00,0x00,0x00,0x00,0x00,0x00,
    0x00,0x00,0x00,0x00,0x00,0x00,0x00,0x00,0x00,0x00,0x00,0x00,0x00,0x00,0x00,0x01,0x00,0x01,0x00,0x01,0x00,0x01,0x01,0x01,0x01,0x01,0x03,0x01,0x02,0x00,0x00,0x00,
    0x00,0x00,0x00,0x00,0x02,0x01,0x01,0x01,0x01,0x01,0x01,0x01,0x03,0x01,0x03,0x01,0x03,0x03,0x03,0x05,0x03,0x07,0x07,0x05,0x07,0x07,0x07,0x05,0x07,0x07,0x07,0x05,
    0x07,0x07,0x07,0x05,0x03,0x13,0x02,0x04,0x02,0x05,0x0f,0x05,0x0f,0x07,0x8f,0xcd,0x8f,0x07,0x8f,0x85,0x8b,0x17,0xbf,0xdd,0xbf,0x77,0xff,0x5d,0xff,0x77,0xff,0x5d
  },
  { // 30
    0x00,0x00,0x00,0x00,0x00,0x00,0x00,0x00,0x00,0x00,0x00,0x00,0x00,0x00,0x00,0x00,0x00,0x00,0x00,0x00,0x00,0x00,0x00,0x00,0x00,0x00,0x00,0x00,0x00,0x00,0x00,0x00,
    0x00,0x00,0x00,0x00,0x00,0x00,0x00,0x00,0x00,0x00,0x00,0x00,0x00,0x00,0x00,0x00,0x00,0x00,0x00,0x00,0x00,0x00,0x02,0x00,0x00,0x00,0x00,0x00,0x00,0x00,0x00,0x40,
    0x00,0x40,0x00,0x40,0x00,0x10,0x00,0x10,0x20,0x10,0x20,0x10,0x20,0x00,0x60,0x00,0x68,0x40,0x28,0x00,0x28,0x00,0x08,0x00,0x08,0x10,0x38,0x10,0x38,0x1c,0x3c,0x34,
    0x3c,0x5c,0x3c,0x54,0x7c,0x5d,0x7c,0x74,0xfc,0xdc,0xfe,0x74,0xfe,0xdc,0xfa,0x70,0xfa,0xd0,0xfa,0x76,0xfe,0xd5,0xff,0x77,0xff,0xdd,0xef,0x57,0xef,0xdd,0xdf,0x57,
    0x20,0x40,0x60,0x40,0xe0,0x40,0xe0,0x40,0xe0,0x40,0xa0,0x00,0x80,0x00,0xa0,0x80,0xa0,0x40,0x20,0x40,0xe4,0x40,0x20,0x00,0x00,0x40,0x00,0x10,0xb8,0x50,0xb8,0x70,
    0xf8,0x50,0xf0,0x70,0xf0,0x50,0xf0,0x70,0xe0,0xd0,0xe0,0x70,0xe8,0xc0,0xe8,0x40,0xc8,0xc0,0x80,0x10,0xa8,0x90,0xb8,0x30,0xb8,0x50,0xb8,0x70,0x78,0x58,0x78,0x70,
    0xf8,0x58,0xf8,0x70,0xf8,0xd8,0xf8,0x70,0xf8,0xd0,0xf8,0x70,0xf0,0xf0,0xf0,0x70,0xfe,0xd6,0xfc,0x74,0xec,0xcc,0xec,0x44,0xcc,0xdc,0xbe,0x55,0xbe,0xdd,0xbe,0x77,
    0xfe,0x5c,0x7e,0x74,0x7e,0x5c,0xfe,0x74,0xfe,0xdc,0xfe,0x75,0xff,0xdd,0xfb,0x71,0xfb,0xd1,0xfb,0x73,0xff,0xd7,0xff,0x77,0xff,0xdd,0xef,0x77,0xef,0xdd,0xff,0x57,
    0x00,0x00,0x00,0x00,0x00,0x00,0x00,0x00,0x00,0x00,0x00,0x00,0x00,0x00,0x00,0x00,0x00,0x00,0x00,0x00,0x00,0x02,0x00,0x00,0x00,0x00,0x00,0x00,0x00,0x00,0x80,0x00,
    0x80,0x40,0x80,0x00,0x80,0x00,0x80,0x00,0x80,0xc0,0xe0,0x41,0xc0,0x41,0xc0,0x41,0x80,0x01,0x81,0x43,0x81,0x41,0x81,0x41,0xa1,0x01,0xa1,0x01,0x24,0x40,0x20,0x60,
    0xe0,0x40,0xe0,0x60,0xe0,0xc1,0xf1,0x71,0xe1,0xc1,0xe1,0x41,0xe1,0xc1,0xe3,0x73,0xe3,0xc1,0xe3,0x63,0xe3,0x47,0xe3,0x47,0xef,0x45,0xfb,0x57,0xff,0xdd,0xff,0x77,
    0xff,0xdd,0xfb,0x73,0xfa,0x55,0xfa,0x77,0xfe,0xdd,0xff,0x77,0xff,0xdd,0xff,0x75,0xfb,0xdd,0xfb,0x57,0xff,0xdd,0xff,0x77,0xff,0xdd,0xff,0x77,0xff,0x5d,0xff,0x77,
    0x00,0x00,0x00,0x00,0x00,0x00,0x00,0x00,0x00,0x00,0x00,0x00,0x00,0x00,0x00,0x00,0x00,0x00,0x00,0x00,0x00,0x00,0x00,0x00,0x00,0x00,0x00,0x00,0x00,0x00,0x00,0x00,
    0x00,0x00,0x00,0x00,0x00,0x00,0x00,0x00,0x00,0x00,0x00,0x01,0x00,0x00,0x00,0x00,0x00,0x00,0x00,0x00,0x00,0x00,0x00,0x01,0x00,0x01,0x00,0x01,0x00,0x00,0x00,0x00,
    0x01,0x00,0x00,0x00,0x00,0x01,0x01,0x01,0x01,0x03,0x01,0x01,0x03,0x01,0x03,0x03,0x03,0x01,0x03,0x03,0x03,0x05,0x03,0x07,0x06,0x04,0x06,0x07,0x07,0x05,0x07,0x05,
    0x03,0x25,0x03,0x01,0x03,0x01,0x03,0x03,0x03,0x05,0x07,0x07,0x0f,0x05,0x8f,0x07,0x8f,0x45,0x8f,0x07,0x8f,0xdd,0xbf,0x17,0xbf,0xdd,0xbf,0x37,0xbf,0x5d,0x7f,0x77
  },
  { // 31
    0x00,0x00,0x00,0x00,0x00,0x00,0x00,0x00,0x00,0x00,0x00,0x00,0x00,0x00,0x00,0x00,0x00,0x00,0x00,0x00,0x00,0x00,0x00,0x00,0x00,0x00,0x00,0x00,0x00,0x00,0x00,0x00,
    0x00,0x00,0x00,0x00,0x00,0x00,0x00,0x00,0x00,0x00,0x00,0x00,0x00,0x00,0x00,0x00,0x00,0x00,0x00,0x00,0x02,0x00,0x00,0x00,0x00,0x00,0x00,0x00,0x00,0x00,0x00,0x00,
    0x00,0x00,0x00,0x00,0x00,0x20,0x00,0x20,0x80,0x20,0x00,0x40,0x20,0x00,0x20,0x00,0x20,0x00,0x20,0x00,0x00,0x00,0x08,0x00,0x38,0x10,0x18,0x1c,0x38,0x14,0x3c,0x1c,
    0x3c,0x34,0x3c,0x5e,0x3e,0x74,0xfc,0x5c,0xfe,0x74,0xfc,0xdc,0xf8,0x70,0xf8,0xd8,0xfa,0x70,0xfa,0xd5,0xff,0x77,0xff,0xd5,0xef,0x67,0xef,0xcd,0xef,0x57,0xff,0xdd,
    0x20,0x40,0x60,0x40,0x60,0x40,0xe0,0x40,0x80,0x40,0x80,0x00,0x80,0x00,0xc0,0x00,0xa8,0x10,0x20,0x00,0x20,0x00,0x20,0x00,0x20,0x50,0xe8,0x50,0xf8,0x70,0xf8,0xd0,
    0xf8,0x70,0xf8,0x50,0xf0,0x70,0xf0,0xd0,0xf0,0x70,0xe0,0xc0,0xe0,0x40,0xe8,0xc0,0xc8,0x40,0xc8,0xd8,0xb8,0x10,0xb8,0x98,0xb8,0x30,0xb8,0x10,0x38,0x70,0x78,0x5c,
    0xf8,0x70,0xf8,0xdc,0xf8,0x70,0xf8,0xd8,0xf8,0x70,0xf8,0xd0,0xfc,0x7c,0xf8,0xd4,0xf8,0x74,0xec,0xc4,0xec,0x64,0xec,0xec,0xfe,0x74,0xfe,0xde,0xfe,0x74,0xfe,0xdd,
    0xbe,0x75,0xfe,0x5d,0xfe,0x76,0xfe,0xdc,0xfe,0x74,0xfe,0xdc,0xfe,0x75,0xf9,0xdd,0xfb,0x77,0xff,0xdd,0xff,0x77,0xff,0xdd,0xff,0x77,0xff,0x5d,0xff,0x77,0xff,0xdd,
    0x00,0x00,0x00,0x00,0x00,0x00,0x00,0x00,0x00,0x00,0x00,0x00,0x00,0x00,0x00,0x00,0x00,0x04,0x00,0x00,0x00,0x00,0x00,0x00,0x00,0x00,0x00,0x40,0x00,0x40,0xc0,0x40,
    0x80,0x00,0x80,0x40,0x80,0x00,0x80,0x00,0x80,0x00,0xa0,0x40,0xa0,0x20,0x00,0x23,0x00,0x20,0x80,0x40,0x80,0x41,0xa2,0x41,0xa0,0x21,0xa0,0x20,0xa0,0x30,0xe0,0x40,
    0xe0,0x70,0xe0,0xc0,0xf0,0x71,0xe0,0xc1,0xe1,0x41,0xc1,0xc1,0xe3,0x51,0xe3,0xd1,0xb3,0x13,0xb3,0x11,0x23,0x13,0x2b,0x55,0x7f,0x77,0xff,0xdf,0xff,0x75,0xff,0xdd,
    0xfb,0x71,0xfb,0xd9,0xfb,0x73,0xfb,0xd5,0xff,0x77,0xff,0xd5,0xef,0x67,0xef,0xc7,0xef,0x57,0xff,0xdd,0xff,0x77,0xff,0xdd,0xbf,0x37,0xbf,0x1d,0x3f,0x77,0xff,0x5d,
    0x00,0x00,0x00,0x00,0x00,0x00,0x00,0x00,0x00,0x00,0x00,0x00,0x00,0x00,0x00,0x00,0x00,0x00,0x00,0x00,0x00,0x00,0x00,0x00,0x00,0x00,0x00,0x00,0x00,0x00,0x00,0x00,
    0x00,0x00,0x00,0x00,0x00,0x00,0x00,0x00,0x00,0x01,0x00,0x00,0x00,0x00,0x00,0x00,0x00,0x00,0x00,0x00,0x00,0x00,0x00,0x00,0x00,0x00,0x00,0x00,0x00,0x00,0x00,0x01,
    0x00,0x01,0x01,0x01,0x03,0x05,0x02,0x01,0x03,0x01,0x03,0x01,0x03,0x01,0x03,0x01,0x03,0x03,0x03,0x01,0x03,0x03,0x02,0x01,0x02,0x02,0x06,0x04,0x02,0x45,0x06,0x05,
    0x01,0x01,0x01,0x01,0x03,0x01,0x03,0x01,0x03,0x07,0x07,0x0d,0x07,0x07,0x07,0x05,0x0f,0x07,0xcf,0x4d,0xef,0x57,0xff,0xdd,0xbf,0x17,0xbf,0xdd,0xbf,0x77,0xff,0xdd
  },
  { // 32
    0x00,0x00,0x00,0x00,0x00,0x00,0x00,0x00,0x00,0x00,0x00,0x00,0x00,0x00,0x00,0x00,0x00,0x00,0x00,0x00,0x00,0x00,0x00,0x00,0x00,0x00,0x00,0x00,0x00,0x00,0x00,0x00,
    0x00,0x00,0x00,0x00,0x00,0x00,0x00,0x00,0x00,0x00,0x00,0x00,0x00,0x00,0x02,0x00,0x00,0x00,0x00,0x00,0x00,0x10,0x00,0x00,0x00,0x00,0x00,0x00,0x00,0x00,0x00,0x00,
    0x00,0x00,0x00,0x00,0x00,0x00,0x00,0x00,0x00,0x00,0x00,0x00,0x00,0x00,0x40,0x00,0x60,0x20,0x40,0x00,0x08,0x04,0x0c,0x14,0x0c,0x1c,0x3c,0x14,0x1c,0x1c,0x3a,0x10,
    0x38,0x1c,0x3a,0x34,0xfe,0x5c,0xfe,0x74,0xfe,0x54,0xfe,0x74,0xec,0xcc,0xee,0x75,0xff,0xdd,0xff,0x57,0xff,0xdd,0xbf,0x17,0xbf,0x1d,0xbf,0x77,0xff,0xdd,0xff,0x77,
    0x20,0x00,0x20,0x00,0x20,0x00,0x20,0x00,0x00,0x00,0x00,0x00,0x08,0x00,0x08,0x10,0x18,0x10,0x38,0x10,0x78,0x10,0x38,0x30,0x78,0x50,0x78,0x70,0xf8,0x50,0x68,0x60,
    0xe8,0x40,0xe8,0x50,0xf8,0xd0,0xf8,0x50,0xf8,0x50,0xa0,0x10,0xa0,0x80,0x28,0x40,0xec,0x5c,0xfc,0x74,0xfc,0x5c,0xf8,0x50,0xf8,0x58,0xb8,0x70,0xf8,0xd8,0xf8,0x70,
    0xf8,0xd4,0xf8,0x70,0xea,0xc6,0xec,0x64,0xe8,0xdc,0xf8,0x54,0xfe,0xdc,0xfe,0x14,0xbe,0x9c,0xbe,0x36,0xbe,0x5d,0xfe,0x76,0xfe,0x5c,0xfe,0x74,0xfe,0xdc,0xfc,0x74,
    0xfc,0xdc,0xfa,0x75,0xfe,0xdd,0xfb,0x77,0xff,0xd5,0xf7,0x77,0xef,0xc5,0xef,0x77,0xff,0xdd,0xff,0x57,0xff,0xdd,0xbf,0x17,0xbf,0x9d,0xbf,0x77,0xff,0xdd,0xff,0x77,
    0x00,0x00,0x00,0x00,0x00,0x00,0x00,0x00,0x00,0x00,0x00,0x00,0x00,0x00,0x08,0x00,0x00,0x00,0x00,0x00,0x00,0x00,0x20,0x00,0xa0,0x60,0x20,0x40,0xe0,0x40,0x20,0x40,
    0xc0,0x40,0x80,0x40,0xc0,0x40,0x82,0x00,0x80,0x00,0x80,0x00,0x00,0x00,0x20,0x00,0x20,0x40,0x20,0x70,0xe0,0x50,0xe0,0x50,0xe0,0x50,0xf0,0x50,0xf0,0xd0,0xf0,0x71,
    0xf0,0xd1,0xf0,0x71,0xe0,0xc0,0xe0,0x41,0xe0,0xc1,0xe9,0x41,0xe9,0xd9,0xfb,0x51,0x9b,0x99,0xbb,0x11,0xbb,0x5d,0xfb,0x75,0xfe,0xdd,0xfe,0x74,0xfe,0xdc,0xf8,0x70,
    0xf8,0xdd,0xf9,0x71,0xfb,0xdd,0xfb,0x73,0xfb,0xd5,0xf3,0x77,0xef,0xd5,0xff,0x77,0xff,0xdd,0xff,0x77,0xff,0xdd,0xff,0x57,0xff,0xdd,0xff,0x77,0xff,0xdd,0xff,0x77,
    0x00,0x00,0x00,0x00,0x00,0x00,0x00,0x00,0x00,0x00,0x00,0x00,0x00,0x00,0x00,0x00,0x00,0x00,0x00,0x00,0x00,0x00,0x00,0x00,0x00,0x00,0x00,0x00,0x00,0x00,0x00,0x00,
    0x00,0x00,0x00,0x00,0x00,0x00,0x00,0x00,0x00,0x00,0x00,0x00,0x00,0x00,0x00,0x00,0x00,0x00,0x00,0x00,0x00,0x00,0x00,0x00,0x00,0x00,0x00,0x00,0x00,0x09,0x01,0x01,
    0x01,0x01,0x01,0x01,0x01,0x01,0x03,0x01,0x03,0x01,0x03,0x01,0x03,0x01,0x03,0x01,0x03,0x01,0x01,0x01,0x03,0x01,0x83,0x01,0x03,0x01,0x03,0x01,0x02,0x00,0x02,0x00,
    0x02,0x01,0x03,0x01,0x23,0x05,0x03,0x03,0x83,0x05,0x83,0x07,0x87,0x05,0x2f,0x07,0xaf,0x5d,0xff,0x77,0xff,0x5d,0xfe,0x75,0xfe,0xdd,0xff,0x75,0xff,0xdd,0xff,0x77
  },
  { // 33
    0x00,0x00,0x00,0x00,0x00,0x00,0x00,0x00,0x00,0x00,0x00,0x00,0x00,0x00,0x00,0x00,0x00,0x00,0x00,0x00,0x00,0x00,0x00,0x00,0x00,0x00,0x00,0x00,0x00,0x00,0x00,0x00,
    0x00,0x00,0x00,0x00,0x00,0x00,0x00,0x00,0x00,0x04,0x00,0x00,0x00,0x10,0x00,0x00,0x00,0x00,0x00,0x00,0x00,0x00,0x00,0x00,0x00,0x00,0x00,0x00,0x00,0x00,0x00,0x00,
    0x00,0x00,0x00,0x00,0x00,0x00,0x00,0x20,0x20,0x20,0x20,0x20,0x00,0x00,0x00,0x00,0x00,0x08,0x00,0x08,0x04,0x0c,0x04,0x0e,0x14,0x0c,0x4c,0x4c,0x14,0x0c,0x1c,0x38,
    0x14,0xbc,0x1c,0xba,0x10,0xba,0x10,0xb2,0x32,0xa2,0x55,0xe7,0x77,0xef,0xdd,0xef,0x57,0xef,0xdd,0xdf,0x57,0x9f,0xdd,0xbf,0x77,0xff,0xdd,0xff,0x77,0xff,0xdd,0xfe,
    0x00,0x00,0x00,0x00,0x00,0x00,0x00,0x20,0x10,0x28,0x50,0x28,0x10,0x28,0x00,0x28,0x10,0x28,0x18,0x38,0x10,0x38,0x18,0x38,0x30,0x38,0x10,0x30,0x30,0x20,0x40,0x20,
    0x40,0x68,0x44,0x68,0x44,0x08,0x4c,0x08,0x10,0x08,0x1c,0x38,0x14,0x3c,0x1c,0x3c,0x34,0x3c,0x5c,0x3c,0x74,0x7c,0x5c,0x7c,0x74,0xfc,0x5c,0xf8,0x71,0xf9,0xd8,0xf8,
    0x70,0xfa,0x50,0xf2,0x70,0xee,0x54,0xee,0x76,0xee,0x5c,0xee,0x56,0xce,0x5c,0x9e,0x15,0xbe,0xfc,0xbe,0x76,0xfe,0x7c,0xfe,0x76,0xfe,0x5c,0xfe,0x74,0xfe,0xdc,0xfe,
    0x75,0xff,0xdd,0xff,0x75,0xfb,0xdd,0xfb,0x53,0xff,0xd5,0xff,0x77,0xff,0xdd,0xff,0x77,0xff,0x5d,0xff,0x77,0xff,0xdd,0xff,0x77,0xff,0xdd,0xff,0x77,0xff,0xdd,0xff,
    0x00,0x00,0x00,0x00,0x00,0x00,0x00,0x00,0x00,0x20,0x00,0x20,0x00,0x20,0x00,0x28,0x00,0x20,0x40,0x20,0x40,0x60,0x40,0x20,0x40,0xa0,0x00,0x20,0x00,0x24,0x00,0x20,
    0x00,0x20,0x40,0x20,0x40,0x20,0x40,0x00,0x00,0x08,0x10,0x38,0x10,0xb8,0x50,0xb8,0x70,0xf8,0x50,0x30,0x70,0xf8,0x50,0xf0,0x78,0xe8,0xd0,0xf8,0x70,0xf8,0xd0,0xf8,
    0xd0,0xe8,0xd0,0xb0,0x10,0xb8,0xd0,0xb8,0x74,0xfc,0x5c,0x7e,0x74,0xfc,0x7c,0xfc,0x74,0xfc,0xdc,0xfc,0x75,0xfe,0xdd,0xfb,0x71,0xfa,0xd0,0xfa,0x70,0xfa,0xd5,0xff,
    0x75,0xff,0xdd,0xff,0x77,0xef,0xdd,0xcf,0x57,0xdf,0xdd,0xbf,0x77,0xff,0xdd,0xff,0x77,0xff,0x5f,0x7e,0x76,0xfe,0xdc,0xfe,0x77,0xff,0xdd,0xff,0x77,0xff,0xdd,0xfb,
    0x00,0x00,0x00,0x00,0x00,0x00,0x00,0x00,0x00,0x00,0x00,0x00,0x00,0x00,0x00,0x00,0x00,0x00,0x00,0x00,0x00,0x00,0x00,0x00,0x00,0x00,0x00,0x00,0x00,0x00,0x00,0x00,
    0x00,0x00,0x00,0x00,0x00,0x00,0x00,0x00,0x00,0x00,0x00,0x00,0x00,0x00,0x00,0x00,0x00,0x00,0x00,0x00,0x00,0x08,0x00,0x00,0x00,0x00,0x00,0x00,0x00,0x00,0x00,0x00,
    0x01,0x00,0x01,0x01,0x01,0x01,0x01,0x01,0x01,0x01,0x01,0x00,0x00,0x00,0x00,0x00,0x00,0x00,0x00,0x00,0x01,0x01,0x01,0x01,0x01,0x01,0x01,0x01,0x41,0x03,0x01,0x03,
    0x03,0x03,0x41,0x03,0x03,0x83,0x45,0x03,0x07,0x87,0x05,0x8f,0x17,0xbf,0xdd,0xbf,0x77,0xff,0x5d,0xff,0x76,0xfe,0x5c,0xfe,0x77,0xff,0xdd,0xff,0x77,0xff,0xdd,0xfb
  },
  { // 34
    0x00,0x00,0x00,0x00,0x00,0x00,0x00,0x00,0x00,0x00,0x00,0x00,0x00,0x00,0x00,0x00,0x00,0x00,0x00,0x00,0x00,0x00,0x00,0x00,0x00,0x00,0x00,0x00,0x00,0x00,0x00,0x00,
    0x00,0x00,0x00,0x00,0x00,0x00,0x04,0x00,0x00,0x10,0x00,0x00,0x00,0x00,0x00,0x00,0x00,0x00,0x00,0x00,0x00,0x00,0x00,0x00,0x00,0x00,0x00,0x00,0x00,0x00,0x00,0x00,
    0x00,0x00,0x00,0x20,0x00,0x40,0x00,0x00,0x00,0x00,0x00,0x40,0x80,0x40,0x00,0x40,0x00,0x00,0x00,0x88,0x80,0x08,0x00,0x08,0x00,0x00,0x00,0x08,0x04,0x08,0x04,0x8c,
    0x0c,0x88,0x00,0x88,0x80,0x8a,0x11,0x8b,0x91,0xbb,0x17,0xbf,0xd5,0xbf,0x57,0xaf,0x4d,0xaf,0x57,0xff,0x5d,0xff,0x77,0xff,0xdd,0xff,0x77,0xff,0xdd,0xff,0x77,0xff,
    0x00,0x00,0x00,0x08,0x00,0x08,0x10,0x08,0x10,0x18,0x10,0x08,0x10,0x28,0x00,0x28,0x10,0x28,0x10,0x38,0x18,0x38,0x10,0x38,0x10,0x20,0x10,0x20,0x10,0x20,0x10,0x20,
    0x04,0x2c,0x04,0x2c,0x04,0x0c,0x04,0x0c,0x0c,0x1c,0x14,0x3e,0x1c,0x3e,0x34,0x3e,0x1c,0x3a,0x34,0x3c,0x54,0x38,0x74,0x7c,0x5d,0x7c,0x74,0xfc,0x5c,0x78,0x50,0xe8,
    0x50,0xba,0x10,0xba,0x54,0xbe,0x36,0xbe,0x5c,0x3e,0x36,0x2e,0x5c,0x3e,0x56,0xfe,0x7c,0xfe,0x77,0xfe,0xdd,0xfe,0x75,0xfe,0x5c,0xfa,0x70,0xfe,0xd4,0xfe,0x77,0xff,
    0xdd,0xff,0x77,0xef,0xcd,0xef,0x57,0xdf,0xdd,0xff,0x57,0xff,0xdd,0xbf,0x77,0xbf,0x5d,0x3f,0x77,0x7e,0x5d,0xfe,0x77,0xff,0xdd,0xff,0x77,0xff,0xdd,0xfb,0x71,0xfb,
    0x00,0x00,0x00,0x00,0x00,0x00,0x00,0x00,0x10,0x28,0x10,0x20,0x10,0x20,0x00,0x20,0x00,0x20,0x00,0x20,0x40,0x20,0x40,0x20,0x48,0x00,0x00,0x00,0x00,0x00,0x10,0x20,
    0x10,0x20,0x10,0x28,0x00,0x28,0x00,0x28,0x00,0x28,0x50,0x78,0x58,0x78,0x70,0xf8,0x58,0x38,0x70,0xfc,0x50,0xf0,0x70,0xf8,0x50,0xf8,0x70,0xe8,0x44,0xe8,0x40,0xc8,
    0xc0,0xc8,0x50,0xd8,0xdc,0xfe,0x14,0xbe,0x1c,0x3e,0x34,0x3e,0x5c,0x7e,0x74,0xfe,0x5c,0xfe,0x74,0xfc,0xdc,0xfc,0x70,0xf8,0xd9,0xf8,0x71,0xfb,0xd1,0xfb,0x77,0xff,
    0xd5,0xff,0x77,0xef,0xcd,0xef,0x47,0xef,0xdd,0xff,0x57,0xff,0xdd,0xff,0x77,0xff,0x5d,0xbf,0x77,0xfe,0x5c,0xfe,0x77,0xfe,0xdd,0xff,0x77,0xff,0xdd,0xff,0x75,0xfb,
    0x00,0x00,0x00,0x00,0x00,0x00,0x00,0x00,0x00,0x00,0x00,0x00,0x00,0x00,0x00,0x00,0x00,0x00,0x00,0x00,0x00,0x00,0x00,0x00,0x00,0x00,0x00,0x00,0x00,0x00,0x00,0x00,
    0x00,0x00,0x00,0x00,0x00,0x00,0x00,0x00,0x00,0x00,0x00,0x00,0x00,0x00,0x00,0x00,0x00,0x04,0x00,0x00,0x00,0x00,0x00,0x00,0x00,0x00,0x00,0x00,0x00,0x00,0x00,0x00,
    0x00,0x00,0x00,0x00,0x00,0x00,0x00,0x00,0x00,0x00,0x00,0x00,0x00,0x00,0x00,0x00,0x00,0x00,0x00,0x00,0x00,0x00,0x00,0x80,0x01,0x01,0x01,0x01,0x01,0x03,0x01,0x03,
    0x01,0x23,0x03,0x23,0x01,0x23,0x03,0x23,0x45,0x6b,0x57,0xff,0xdd,0xff,0x77,0xff,0xdd,0xfb,0x71,0xfb,0xdd,0xfb,0x77,0xff,0xdd,0xff,0x77,0xff,0xdd,0xef,0x67,0xef
  },
  { // 35
    0x00,0x00,0x00,0x00,0x00,0x00,0x00,0x00,0x00,0x00,0x00,0x00,0x00,0x00,0x00,0x00,0x00,0x00,0x00,0x00,0x00,0x00,0x00,0x00,0x00,0x00,0x00,0x00,0x00,0x00,0x00,0x00,
    0x00,0x00,0x00,0x00,0x00,0x20,0x00,0x00,0x00,0x00,0x00,0x00,0x00,0x00,0x00,0x00,0x00,0x00,0x00,0x80,0x00,0x00,0x00,0x00,0x00,0x00,0x00,0x00,0x00,0x00,0x20,0x00,
    0x00,0x80,0x00,0x00,0x00,0x20,0x80,0x20,0x00,0x60,0x00,0x00,0x00,0x00,0x00,0x00,0x00,0x00,0x00,0x00,0x00,0x08,0x00,0x00,0x00,0x80,0x80,0x00,0x82,0x00,0x82,0x84,
    0x82,0x00,0x88,0x84,0x82,0x01,0x8b,0x85,0x8f,0x17,0x9f,0x9d,0xbf,0x17,0xbf,0x1d,0x3f,0x37,0x7e,0x5d,0xff,0x77,0xff,0xdd,0xff,0x75,0xff,0xdd,0xfb,0x71,0xfb,0xdd,
    0x00,0x00,0x08,0x00,0x08,0x00,0x08,0x00,0x08,0x10,0x08,0x00,0x00,0x00,0x08,0x00,0x08,0x00,0x08,0x00,0x08,0x00,0x08,0x00,0x80,0x00,0x08,0x00,0x0a,0x10,0x0a,0x14,
    0x0a,0x04,0x0e,0x04,0x0e,0x04,0x0e,0x0c,0x2e,0x14,0x3e,0x1c,0x3e,0x14,0x3c,0x1c,0x38,0x10,0x38,0x10,0x3a,0x30,0x3e,0x14,0x3e,0x34,0x2e,0x44,0x2e,0x04,0x0e,0x0c,
    0x0e,0x17,0x1f,0x1d,0x3f,0x17,0x3f,0x1d,0x3f,0x17,0x3e,0x1c,0x3e,0x77,0x7f,0x5c,0x7e,0x76,0xfe,0x7c,0xfe,0x75,0xf8,0xf9,0xfb,0x71,0xfb,0xdd,0xff,0x77,0xff,0xd5,
    0xff,0x77,0xef,0xc7,0xef,0x47,0xef,0xdf,0xff,0x57,0xff,0xdd,0xbf,0x37,0xbf,0x1d,0xbf,0x77,0xff,0x5d,0xff,0x77,0xff,0xdd,0xff,0x75,0xff,0xdd,0xfd,0x75,0xfb,0xdd,
    0x00,0x00,0x08,0x00,0x08,0x10,0x08,0x10,0x08,0x10,0x08,0x10,0x20,0x10,0x20,0x10,0x20,0x10,0x20,0x00,0x20,0x00,0x24,0x00,0x00,0x00,0x08,0x00,0x08,0x10,0x18,0x10,
    0x38,0x10,0x38,0x10,0x38,0x10,0x38,0x14,0x38,0x74,0x7c,0x5c,0x78,0x70,0x78,0x5a,0x38,0x50,0x78,0x50,0x38,0x70,0xf8,0x50,0x72,0x74,0xee,0x64,0x26,0x64,0x6e,0x64,
    0x2e,0x5c,0xfe,0x5c,0xbe,0x54,0xbe,0x1c,0x3e,0x34,0x3e,0x1c,0x3e,0x74,0xfe,0x5c,0xfe,0x74,0xfe,0xdc,0xfc,0x74,0xf8,0xdc,0xf8,0x71,0xfb,0xdd,0xfb,0x77,0xff,0xdd,
    0xff,0x77,0xff,0x55,0xef,0x77,0xff,0x5d,0xff,0x77,0xff,0xdd,0xff,0x77,0xff,0xdf,0xff,0x77,0xff,0xdf,0xff,0x77,0xff,0xdd,0xff,0x77,0xff,0xdd,0xef,0x75,0xef,0xdd,
    0x00,0x00,0x00,0x00,0x00,0x00,0x00,0x00,0x00,0x00,0x00,0x00,0x00,0x00,0x00,0x00,0x00,0x00,0x00,0x00,0x00,0x00,0x00,0x00,0x00,0x00,0x00,0x00,0x00,0x00,0x00,0x00,
    0x00,0x00,0x00,0x00,0x00,0x00,0x00,0x00,0x00,0x00,0x00,0x00,0x04,0x00,0x00,0x00,0x00,0x00,0x00,0x02,0x00,0x00,0x00,0x00,0x00,0x00,0x00,0x00,0x00,0x00,0x00,0x00,
    0x00,0x00,0x00,0x00,0x00,0x00,0x00,0x40,0x00,0x00,0x00,0x00,0x00,0x00,0x00,0x00,0x00,0x00,0x80,0x00,0x00,0x00,0x00,0x00,0x00,0x01,0x01,0x01,0x01,0x01,0x01,0x01,
    0x01,0x01,0x21,0x11,0x23,0x11,0x3a,0x51,0x7b,0x75,0xfe,0x5d,0xfe,0x75,0xfc,0xdd,0xf9,0x71,0xf9,0xd9,0xfb,0x73,0xff,0xdd,0xff,0x77,0xff,0xd5,0xe7,0x67,0xef,0xcd
  },
  { // 36
    0x00,0x00,0x00,0x00,0x00,0x00,0x00,0x00,0x00,0x00,0x00,0x00,0x00,0x00,0x00,0x00,0x00,0x00,0x00,0x00,0x00,0x00,0x00,0x00,0x00,0x00,0x00,0x00,0x00,0x20,0x00,0x00,
    0x00,0x00,0x00,0x00,0x00,0x00,0x00,0x00,0x00,0x00,0x00,0x20,0x00,0x00,0x00,0x00,0x00,0x00,0x00,0x00,0x00,0x00,0x10,0x00,0x00,0x00,0x00,0x00,0x00,0x00,0x80,0x80,
    0x00,0x80,0x00,0xa0,0x00,0x00,0x00,0x00,0x00,0x00,0x00,0x00,0x00,0x40,0x00,0xc0,0x10,0xc0,0x00,0x80,0x80,0x80,0x00,0x80,0x80,0x80,0x00,0x80,0x80,0x82,0x00,0x82,
    0x81,0x82,0x40,0xc6,0xc5,0xc7,0x47,0xcf,0xc5,0x8f,0x07,0x8f,0x9d,0xbf,0x17,0xbf,0xdd,0xff,0x77,0xff,0xdd,0xfe,0x76,0xfe,0xdc,0xfe,0x75,0xff,0xdd,0xff,0x77,0xff,
    0x04,0x00,0x00,0x08,0x04,0x00,0x00,0x08,0x00,0x00,0x00,0x08,0x00,0x00,0x00,0x00,0x00,0x02,0x00,0x00,0x00,0x00,0x00,0x02,0x04,0x0a,0x04,0x0e,0x0c,0x0a,0x04,0x0e,
    0x04,0x0a,0x04,0x0e,0x04,0x0e,0x16,0x0e,0x1c,0x0e,0x14,0x0c,0x0c,0x08,0x10,0x08,0x18,0x18,0x11,0x1b,0x11,0x1b,0x13,0x0b,0x05,0x03,0x07,0x06,0x05,0x0f,0x07,0x0f,
    0x0d,0x0f,0x17,0x1f,0x1d,0x1f,0x17,0x1f,0x1d,0x3f,0x17,0x3f,0x1d,0x3f,0x37,0xbe,0x5c,0x3e,0x74,0xfe,0x5d,0xfe,0x75,0xff,0xdd,0xff,0x57,0xff,0xdd,0xff,0x17,0xff,
    0x15,0xff,0x37,0xbf,0x5d,0xff,0x77,0xff,0x5d,0xff,0x77,0xff,0xdd,0xff,0x75,0xff,0xdd,0xff,0x77,0xff,0xdd,0xff,0xf7,0xff,0xd5,0xff,0x77,0xff,0xdd,0xff,0x77,0xff,
    0x10,0x08,0x10,0x08,0x00,0x08,0x00,0x08,0x00,0x08,0x00,0x08,0x00,0x08,0x13,0x08,0x10,0x00,0x00,0x00,0x00,0x00,0x00,0x0c,0x04,0x0e,0x04,0x0e,0x1c,0x1e,0x14,0x1c,
    0x1c,0x18,0x14,0x38,0x1c,0x3a,0x35,0x3e,0x1c,0x3a,0x34,0x3c,0x14,0x28,0x20,0x28,0x44,0x28,0x54,0x3e,0x7c,0x3a,0x34,0x3a,0x34,0x3a,0x17,0x3e,0x14,0x3e,0x36,0x3e,
    0x7c,0x3e,0x76,0x7e,0x5c,0x3e,0x54,0x7c,0x5c,0x7e,0x75,0xfe,0x5d,0xff,0x77,0xff,0x55,0xfa,0x77,0xf6,0x55,0xe6,0x67,0xef,0xdd,0xff,0x77,0xff,0xdd,0xff,0x17,0x9f,
    0x1d,0xbf,0x37,0xbf,0x5d,0xff,0x77,0xff,0x5d,0xfe,0x76,0xfe,0x5c,0xfe,0x75,0xff,0xfd,0xff,0x77,0xff,0xdd,0xfb,0x73,0xfb,0xd5,0xff,0x77,0xff,0xd5,0xff,0x77,0xff,
    0x00,0x00,0x00,0x00,0x00,0x00,0x00,0x00,0x00,0x00,0x00,0x00,0x00,0x00,0x00,0x00,0x00,0x00,0x00,0x00,0x00,0x00,0x00,0x00,0x00,0x00,0x00,0x00,0x00,0x00,0x00,0x00,
    0x00,0x00,0x00,0x00,0x02,0x00,0x00,0x00,0x08,0x00,0x00,0x00,0x00,0x00,0x00,0x00,0x00,0x00,0x01,0x00,0x00,0x00,0x00,0x00,0x00,0x00,0x00,0x00,0x00,0x00,0x00,0x00,
    0x40,0x00,0x00,0x00,0x00,0x00,0x00,0x00,0x00,0x00,0x80,0x00,0x00,0x00,0x00,0x00,0x00,0x00,0x00,0x00,0x00,0x20,0x00,0x20,0x00,0x20,0x00,0x28,0x40,0x08,0x10,0x08,
    0x18,0x38,0x10,0x38,0x5d,0x3a,0x75,0xfe,0x5c,0x7a,0x74,0xfe,0x54,0xf8,0x74,0xfc,0xdd,0xff,0x75,0xff,0xdd,0xff,0x77,0xfb,0xdd,0xbb,0x77,0xff,0xdd,0xff,0x77,0xff
  },
  { // 37
    0x00,0x00,0x00,0x00,0x00,0x00,0x00,0x00,0x00,0x00,0x00,0x00,0x00,0x00,0x00,0x00,0x00,0x00,0x00,0x00,0x00,0x00,0x00,0x00,0x00,0x40,0x00,0x00,0x00,0x00,0x00,0x00,
    0x00,0x00,0x00,0x00,0x00,0x00,0x00,0x20,0x00,0x00,0x00,0x00,0x00,0x00,0x00,0x00,0x00,0x88,0x00,0x00,0x00,0x80,0x00,0x00,0x00,0x00,0x00,0x80,0x80,0x80,0x00,0x80,
    0x20,0x80,0x00,0x00,0x00,0x80,0x00,0xa0,0x00,0xa0,0x00,0xa0,0x00,0x90,0x00,0x80,0x00,0x80,0x40,0x80,0x40,0xc0,0xc0,0xc0,0x40,0xc0,0xc0,0x81,0x00,0x80,0x80,0x80,
    0x00,0x82,0xc0,0x82,0x42,0xe6,0x44,0xe6,0x44,0xce,0x44,0xee,0x45,0xee,0xdd,0xff,0x77,0xff,0xdd,0xfb,0x77,0xff,0xd5,0xf2,0x77,0xff,0xd5,0xff,0x77,0xff,0xdd,0xff,
    0x00,0x00,0x00,0x00,0x00,0x00,0x00,0x00,0x00,0x00,0x00,0x00,0x00,0x00,0x00,0x00,0x00,0x00,0x00,0x02,0x00,0x02,0x04,0x02,0x04,0x0e,0x04,0x0e,0x04,0x0e,0x04,0x0a,
    0x04,0x0a,0x04,0x0a,0x04,0x0e,0x04,0x0a,0x04,0x2a,0x04,0x02,0x00,0x08,0x0c,0x0a,0x05,0x0e,0x05,0x0b,0x01,0x0b,0x03,0x43,0x03,0x0b,0x05,0x0f,0x07,0x0f,0x1d,0x0f,
    0x17,0x0e,0x0d,0x0e,0x1c,0x0e,0x1c,0x1e,0x15,0xbf,0x1d,0xbf,0x17,0xbf,0x1d,0xbb,0xb3,0xba,0x55,0xa7,0x77,0xef,0xfd,0xef,0x77,0xef,0xed,0x8f,0x17,0x8f,0x9d,0x9f,
    0x97,0xbf,0x9f,0xbf,0x37,0xff,0x5f,0x7f,0x77,0xfe,0x5c,0xfe,0x74,0xfe,0xdd,0xff,0x7d,0xff,0xdd,0xfb,0x73,0xfb,0xd1,0xfb,0x77,0xff,0xd5,0xff,0x77,0xff,0xdd,0xff,
    0x10,0x08,0x00,0x00,0x00,0x00,0x00,0x00,0x00,0x08,0x00,0x08,0x00,0x08,0x00,0x08,0x00,0x08,0x00,0x02,0x00,0x0a,0x04,0x0e,0x16,0x0e,0x1c,0x0e,0x14,0x0e,0x1c,0x0c,
    0x14,0x1c,0x1c,0x38,0x14,0x3a,0x1c,0x3a,0x10,0x3a,0x10,0x32,0x10,0x22,0x24,0x26,0x34,0x2e,0x2d,0x2e,0x07,0x0f,0x4d,0x0f,0x37,0x1f,0x3d,0x3f,0x37,0x3f,0x1d,0x3f,
    0x37,0x3e,0x1c,0x3e,0x34,0x3e,0x5c,0x7e,0x74,0x7e,0x5d,0x7f,0x75,0x7b,0x59,0x7b,0x73,0x7b,0x51,0x33,0x77,0xff,0x55,0x7f,0x77,0xef,0x5d,0x6f,0x57,0xcf,0x5d,0xbf,
    0x17,0xbf,0x5f,0xbf,0x77,0xff,0x5d,0xff,0x77,0xfe,0x5c,0xfe,0x76,0xfe,0xdd,0xff,0x77,0xff,0xdd,0xff,0x77,0xff,0xdd,0xff,0x77,0xff,0xdd,0xff,0x77,0xff,0xdd,0xff,
    0x00,0x00,0x00,0x00,0x00,0x00,0x00,0x00,0x00,0x00,0x00,0x00,0x00,0x00,0x00,0x00,0x00,0x00,0x00,0x00,0x00,0x00,0x00,0x00,0x00,0x00,0x00,0x00,0x00,0x00,0x00,0x00,
    0x01,0x00,0x00,0x00,0x00,0x00,0x00,0x00,0x00,0x00,0x00,0x00,0x00,0x00,0x00,0x01,0x00,0x00,0x00,0x00,0x00,0x00,0x00,0x00,0x00,0x00,0x00,0x00,0x00,0x00,0x00,0x00,
    0x00,0x00,0x00,0x00,0x00,0x00,0x00,0x00,0x00,0x00,0x00,0x00,0x00,0x00,0x00,0x00,0x00,0x00,0x00,0x00,0x00,0x00,0x10,0x20,0x10,0x28,0x14,0x28,0x04,0x2c,0x1c,0x38,
    0x14,0x7c,0x5c,0x7c,0x74,0xfc,0x5c,0xfa,0x70,0xfa,0x50,0xfa,0x70,0xfe,0xd5,0xff,0x77,0xff,0xdd,0xef,0x77,0xef,0xdd,0xdf,0x57,0xff,0xdd,0xbf,0x77,0xff,0xdd,0xff
  },
  { // 38
    0x00,0x00,0x00,0x00,0x00,0x00,0x00,0x00,0x00,0x00,0x00,0x00,0x00,0x00,0x00,0x00,0x00,0x00,0x00,0x00,0x00,0x20,0x00,0x00,0x00,0x00,0x00,0x00,0x00,0x00,0x00,0x10,
    0x00,0x00,0x00,0x00,0x00,0x00,0x00,0x00,0x00,0x02,0x00,0x00,0x00,0x00,0x00,0x80,0x00,0x80,0x80,0x80,0x00,0x80,0x00,0x80,0x00,0x80,0x00,0x80,0x00,0x00,0x00,0x00,
    0x40,0x00,0x40,0x00,0x40,0x80,0x00,0x80,0xc0,0xa0,0x00,0x80,0x80,0x80,0x00,0x80,0xc0,0x80,0x40,0xc2,0xc0,0xc0,0x40,0xc0,0xc0,0xc0,0x40,0xc0,0xc0,0x80,0x00,0x80,
    0xc0,0xa0,0x00,0xa2,0x00,0x22,0x20,0x62,0x40,0xe2,0x60,0xee,0xd4,0xfe,0x75,0xfc,0xdd,0xf9,0x71,0xf9,0xd1,0xfb,0x73,0xfb,0xd5,0xff,0x77,0xff,0xdd,0xff,0x77,0xef,
    0x00,0x00,0x00,0x00,0x00,0x00,0x00,0x00,0x00,0x00,0x00,0x02,0x00,0x00,0x00,0x00,0x00,0x03,0x00,0x02,0x00,0x02,0x00,0x02,0x04,0x02,0x04,0x06,0x04,0x02,0x04,0x0e,
    0x04,0x4a,0x04,0x08,0x00,0x00,0x00,0x08,0x00,0x02,0x01,0x02,0x01,0x43,0x07,0x07,0x05,0x07,0x07,0x0f,0x05,0x0f,0x05,0x8f,0x0d,0x0f,0x07,0x8f,0x0d,0x0f,0x17,0x0f,
    0x05,0x0e,0x16,0x0e,0x1c,0x0e,0x14,0x8e,0xbd,0x9f,0x15,0x8d,0x9b,0x89,0x11,0x8b,0xb1,0xbb,0x37,0xbf,0xf5,0xbf,0x17,0xaf,0x45,0xaf,0x07,0x8f,0x4d,0xbf,0x57,0xff,
    0xdd,0xff,0x77,0xff,0xdd,0xbf,0x77,0xff,0x5d,0xfe,0x77,0xff,0xdd,0xff,0x77,0xff,0xdd,0xff,0x75,0xff,0xdd,0xff,0x57,0xff,0xdd,0xff,0x77,0xff,0xdd,0xff,0x77,0xff,
    0x00,0x00,0x00,0x00,0x00,0x02,0x00,0x02,0x04,0x02,0x04,0x0e,0x04,0x06,0x04,0x0e,0x04,0x2e,0x04,0x0e,0x1c,0x1e,0x16,0x1e,0x5c,0x1e,0x14,0x1e,0x14,0x1e,0x14,0x1e,
    0x1c,0x3e,0x14,0x0c,0x1c,0x08,0x10,0x48,0x11,0x4b,0x11,0x4b,0x15,0x3b,0x17,0x3f,0x15,0x6f,0x07,0x4e,0x0d,0x4e,0x07,0x0e,0x1d,0x3f,0x37,0x3f,0x1d,0x3f,0x17,0x3f,
    0x1d,0x3a,0x36,0x3e,0x1c,0x3e,0x37,0x3e,0x5d,0x3f,0x75,0x6f,0x4d,0x2f,0x05,0x0f,0x5d,0x3f,0x17,0x3f,0x1d,0x3f,0x37,0x3f,0x1f,0x3f,0x37,0x3f,0x5d,0x7f,0x77,0x7f,
    0x5d,0xff,0x77,0xff,0xdd,0xff,0x75,0xfb,0xd9,0xff,0x77,0xff,0xdd,0xff,0x77,0xff,0xf5,0xef,0x6f,0xef,0xcd,0xef,0x57,0xff,0xdd,0xff,0x77,0xff,0xdd,0xbf,0x37,0xbf,
    0x00,0x00,0x00,0x00,0x00,0x00,0x00,0x00,0x00,0x00,0x00,0x00,0x00,0x00,0x00,0x00,0x00,0x00,0x00,0x00,0x00,0x00,0x00,0x10,0x00,0x00,0x00,0x00,0x00,0x00,0x00,0x00,
    0x00,0x00,0x00,0x00,0x00,0x00,0x00,0x00,0x00,0x00,0x01,0x00,0x00,0x00,0x00,0x00,0x00,0x00,0x00,0x00,0x00,0x10,0x00,0x00,0x00,0x00,0x00,0x00,0x00,0x20,0x00,0x00,
    0x00,0x00,0x00,0x00,0x00,0x00,0x00,0x00,0x00,0x00,0x00,0x00,0x00,0x00,0x00,0x08,0x00,0x08,0x00,0x08,0x1c,0x18,0x10,0x38,0x1c,0x38,0x14,0x3c,0x1c,0x3e,0x34,0x7e,
    0x5c,0x7e,0x74,0x7c,0x5c,0x78,0x70,0xf8,0x59,0xfb,0x71,0xfb,0xdd,0xff,0x77,0xff,0xd5,0xff,0x77,0xef,0x4d,0xef,0x77,0xff,0xdd,0xff,0x77,0xff,0xdd,0xff,0x77,0xff
  },
  { // 39
    0x00,0x00,0x00,0x00,0x00,0x00,0x00,0x00,0x00,0x00,0x00,0x00,0x00,0x00,0x00,0x00,0x20,0x00,0x00,0x00,0x00,0x00,0x00,0x10,0x00,0x00,0x00,0x00,0x00,0x00,0x00,0x00,
    0x01,0x00,0x00,0x00,0x80,0x00,0x00,0x00,0x80,0x00,0xc0,0x00,0x80,0x00,0x80,0x00,0x80,0x00,0x00,0x00,0x80,0x00,0x80,0x00,0x80,0x00,0x80,0x00,0x80,0x00,0x00,0x00,
    0x00,0x00,0x80,0x00,0xa0,0x40,0xc0,0x40,0xc0,0xc0,0xc0,0x44,0xc0,0xc0,0xc0,0x40,0xc0,0xc0,0x80,0x40,0x80,0x80,0x80,0x00,0x80,0x40,0x80,0x40,0xc0,0xc0,0xe0,0x40,
    0xe0,0xc0,0xe0,0x40,0xe0,0xc0,0xe0,0x70,0xe2,0xd0,0xf2,0x70,0xe2,0xd0,0xe2,0x60,0xe2,0xc5,0xeb,0x65,0xef,0xdd,0xff,0x77,0xff,0xdd,0xbf,0x37,0xbf,0x9d,0xbf,0x77,
    0x00,0x00,0x00,0x00,0x00,0x00,0x00,0x00,0x00,0x00,0x02,0x00,0x00,0x00,0x02,0x00,0x02,0x00,0x02,0x00,0x02,0x00,0x02,0x00,0x02,0x80,0x02,0x00,0x02,0x04,0x02,0x00,
    0x0a,0x04,0x00,0x20,0x00,0x00,0x00,0x05,0x81,0x01,0x03,0x03,0x87,0x05,0x03,0x03,0x07,0x05,0x07,0x07,0x0e,0x05,0x0f,0x07,0x8f,0x0d,0x8f,0x05,0x8e,0x0d,0x8a,0x01,
    0x9b,0x05,0x8b,0x17,0x8f,0x95,0x8f,0x07,0x8e,0x85,0x86,0x05,0x8f,0xc5,0x8f,0x07,0x8f,0xdd,0x9f,0x17,0x9f,0xbd,0x9f,0x37,0xbf,0x3d,0x3f,0x37,0xff,0x5d,0xff,0x77,
    0xff,0xdd,0xfe,0x75,0xfd,0xdd,0xfb,0x75,0xff,0xdd,0xff,0x77,0xff,0xd5,0xf7,0x77,0xef,0xc5,0xef,0x67,0xef,0xdd,0xff,0x57,0xff,0xdd,0xff,0x17,0xbf,0x9d,0xbf,0x77,
    0x08,0x00,0x00,0x00,0x0a,0x00,0x0a,0x00,0x0a,0x44,0x02,0x06,0x0e,0x04,0x0e,0x06,0x4e,0x0c,0x0e,0x04,0x0e,0x1c,0x0e,0x14,0x08,0x18,0x1a,0x10,0x1a,0x14,0x1a,0x16,
    0x1e,0x14,0x02,0x04,0x06,0x04,0x0e,0x05,0x0f,0x0d,0x2f,0x17,0x2f,0x1d,0x3f,0x17,0x1f,0x1d,0x1f,0x97,0x3f,0x1d,0x3e,0x17,0x3e,0x3c,0x3e,0x34,0x3e,0x3c,0x3c,0x15,
    0x39,0x1d,0x3b,0x33,0x3b,0x1d,0x3b,0x37,0x3f,0x15,0x27,0x07,0x2f,0x05,0x2f,0x17,0x3f,0x5d,0x3f,0x17,0x3f,0x1d,0x3f,0x17,0x3f,0x1d,0x3f,0x37,0x7f,0x5d,0x7f,0x77,
    0xfe,0x5c,0xfe,0x74,0xfc,0xdd,0xff,0x7d,0xff,0xdd,0xff,0x7f,0xff,0xdd,0xff,0x77,0xff,0xd5,0xff,0x77,0xff,0xdd,0xff,0x77,0xff,0xdd,0xff,0x77,0xff,0xdd,0xff,0x77,
    0x00,0x00,0x00,0x00,0x00,0x00,0x00,0x00,0x00,0x00,0x00,0x00,0x10,0x00,0x00,0x00,0x00,0x00,0x00,0x00,0x00,0x00,0x00,0x00,0x00,0x00,0x00,0x00,0x00,0x00,0x00,0x00,
    0x00,0x00,0x00,0x00,0x00,0x00,0x02,0x00,0x00,0x00,0x00,0x00,0x00,0x00,0x08,0x00,0x00,0x00,0x00,0x00,0x00,0x08,0x00,0x00,0x00,0x00,0x00,0x00,0x00,0x00,0x00,0x00,
    0x00,0x00,0x00,0x00,0x08,0x00,0x00,0x00,0x00,0x00,0x00,0x00,0x00,0x00,0x08,0x04,0x2c,0x1c,0x2c,0x14,0x3c,0x1c,0x38,0x1c,0x38,0x1c,0x38,0x30,0x7a,0x5c,0x3a,0x74,
    0x7e,0x54,0x7a,0x74,0x6e,0x44,0x6e,0x75,0xef,0x5d,0xff,0x57,0xff,0xdd,0xbf,0x17,0xbf,0x1d,0xbf,0x37,0xff,0x5d,0xff,0x77,0xff,0x5d,0xff,0x77,0xfe,0xdd,0xff,0x75
  },
  { // 40
    0x00,0x00,0x00,0x00,0x00,0x00,0x00,0x00,0x00,0x00,0x00,0x00,0x00,0x40,0x00,0x00,0x00,0x00,0x10,0x00,0x00,0x00,0x00,0x00,0x00,0x00,0x00,0x01,0x00,0x00,0x00,0x00,
    0x00,0x04,0x00,0x00,0x00,0x20,0x80,0x00,0x80,0x00,0x80,0x00,0x80,0x00,0x80,0x00,0x00,0x08,0x00,0x00,0x00,0x00,0x80,0x00,0x00,0x00,0x80,0x00,0x80,0x00,0x80,0x00,
    0x80,0x00,0xa0,0x80,0x80,0x00,0x80,0x40,0x80,0x40,0xc0,0xc0,0xc0,0x40,0xc0,0xc0,0x80,0x40,0x80,0xc0,0x80,0x00,0x80,0x00,0x80,0x00,0xe0,0x40,0xe0,0x40,0xe0,0x40,
    0xe0,0x40,0xe0,0xc0,0xe0,0x60,0xe0,0xc0,0xe2,0x71,0xe2,0xd1,0xe2,0x61,0xe2,0xc1,0xe3,0x67,0xef,0xc5,0xef,0x77,0xff,0xdd,0xff,0x57,0x9f,0x9d,0xbf,0x37,0xff,0xdd,
    0x00,0x00,0x00,0x00,0x00,0x02,0x01,0x00,0x00,0x00,0x02,0x00,0x02,0x00,0x02,0x00,0x02,0x00,0x02,0x00,0x00,0x00,0x00,0x00,0x00,0x00,0x00,0x00,0x12,0x00,0x02,0x00,
    0x02,0x00,0x00,0x04,0x02,0x00,0x0a,0x05,0x03,0x05,0x8b,0x05,0x03,0x03,0x0b,0x05,0x03,0x07,0x0f,0x05,0x0f,0x07,0x0e,0x04,0x0e,0x04,0x0e,0x0c,0x0c,0x04,0x8c,0x8d,
    0x8b,0x01,0x8b,0x91,0x8b,0x03,0x83,0x81,0x83,0x07,0x87,0x85,0x8f,0x07,0x8f,0xcd,0x8f,0x07,0x8f,0x9d,0x8f,0x17,0x9f,0x1d,0xbf,0x17,0xbf,0x5d,0xff,0x7f,0xfe,0x5c,
    0xfe,0x74,0xfe,0xdc,0xff,0x75,0xff,0xdd,0xff,0x77,0xff,0xdd,0xff,0x73,0xff,0xd5,0xff,0x77,0xff,0xdd,0xff,0x77,0xff,0xdd,0xff,0x57,0xff,0xdd,0xff,0x77,0xff,0xdd,
    0x02,0x04,0x0e,0x04,0x0a,0x84,0x0a,0x04,0x0a,0x00,0x0a,0x04,0x0e,0x06,0x0e,0x0c,0x0e,0x16,0x0e,0x0c,0x0e,0x04,0x0c,0x0c,0x08,0x10,0x08,0x19,0x1a,0x11,0x1b,0x11,
    0x02,0x01,0x02,0x05,0x02,0x17,0x0f,0x05,0x0f,0x07,0x0f,0x0d,0x0f,0x17,0x0f,0x1d,0x1f,0x17,0x1f,0x3d,0x3f,0x37,0x3e,0x3d,0x3e,0x36,0x3e,0x1c,0x3e,0x14,0x3c,0x1d,
    0x3f,0x15,0x3f,0x5d,0x3b,0x53,0x3b,0x55,0x33,0x17,0x3f,0x15,0x3f,0x37,0x3f,0x1d,0x3f,0x17,0x3f,0x1d,0x3f,0x17,0x3f,0x5d,0x3f,0x77,0x7f,0x5d,0x7f,0x7f,0xff,0x5d,
    0x7e,0x7f,0xfe,0x55,0xff,0x77,0xff,0xdd,0xff,0x77,0xff,0xdd,0xff,0x57,0xbf,0x9d,0xbf,0x37,0xbf,0xdd,0xff,0x77,0xff,0x5d,0xff,0x77,0xfe,0xdd,0xff,0x75,0xff,0xdd,
    0x00,0x00,0x00,0x00,0x00,0x00,0x08,0x00,0x00,0x00,0x00,0x00,0x00,0x00,0x00,0x00,0x00,0x00,0x00,0x00,0x02,0x00,0x00,0x00,0x00,0x00,0x00,0x00,0x00,0x00,0x00,0x00,
    0x00,0x00,0x00,0x00,0x00,0x00,0x00,0x00,0x00,0x00,0x00,0x00,0x00,0x00,0x00,0x00,0x04,0x00,0x00,0x00,0x00,0x00,0x00,0x00,0x00,0x00,0x00,0x00,0x00,0x00,0x00,0x00,
    0x00,0x00,0x00,0x00,0x00,0x00,0x08,0x00,0x00,0x00,0x08,0x00,0x08,0x10,0x38,0x14,0x38,0x14,0x2c,0x1c,0x28,0x14,0x3c,0x1c,0x38,0x34,0x38,0x5c,0x38,0x30,0x38,0x50,
    0x32,0x30,0x32,0x54,0x66,0x77,0x6e,0x5d,0x6f,0x77,0xef,0x5d,0xcf,0x57,0x9f,0x1d,0xbf,0x17,0xbf,0xdd,0xff,0x77,0xff,0x5d,0xfe,0x76,0xfe,0x5c,0xfe,0x75,0xff,0xdd
  },
  { // 41
    0x00,0x00,0x00,0x00,0x00,0x00,0x00,0x00,0x00,0x00,0x40,0x00,0x00,0x20,0x00,0x00,0x00,0x00,0x00,0x00,0x00,0x00,0x01,0x00,0x00,0x00,0x04,0x00,0x00,0x00,0x00,0x00,
    0x00,0x10,0x00,0x00,0x00,0x80,0x00,0x00,0x00,0x80,0x00,0x00,0x00,0x80,0x08,0x00,0x00,0x00,0x00,0x00,0x00,0x00,0x00,0x00,0x00,0x00,0x00,0x00,0x00,0x80,0x80,0xa0,
    0x00,0x80,0x80,0x80,0x00,0x80,0x80,0x80,0x40,0x80,0xc0,0x80,0x40,0xc0,0xc0,0x80,0x00,0x80,0x80,0x80,0x00,0x80,0x80,0x80,0x00,0x80,0x40,0xa0,0x40,0xe0,0x40,0xe0,
    0x40,0xe0,0xc0,0xe0,0x60,0xe0,0xc0,0xe0,0x61,0xe1,0xc1,0xe3,0x41,0xe3,0xc1,0xe3,0x77,0xef,0xd5,0xef,0x77,0xef,0xdd,0xef,0x57,0xff,0xdd,0xff,0x77,0xff,0xdd,0xff,
    0x00,0x00,0x00,0x00,0x00,0x00,0x00,0x00,0x00,0x00,0x00,0x02,0x00,0x02,0x00,0x02,0x00,0x02,0x00,0x00,0x00,0x00,0x00,0x00,0x20,0x00,0x08,0x00,0x00,0x00,0x00,0x06,
    0x20,0x02,0x00,0x02,0x01,0x06,0x05,0x07,0x07,0x0f,0x05,0x0f,0x05,0x0f,0x05,0x0f,0x07,0x0f,0x05,0x0f,0x07,0x0e,0x0c,0x0e,0x04,0x0e,0x04,0x0e,0x04,0x8e,0x0d,0x8f,
    0x05,0x8f,0x87,0x8b,0x01,0x8b,0x81,0x83,0x03,0x8f,0x05,0x8f,0x07,0x8f,0x0d,0x8f,0x07,0x8f,0x0d,0x8f,0x17,0x9f,0x9d,0xbf,0x17,0xff,0xdd,0xff,0x77,0xff,0xdd,0xfe,
    0x76,0xfe,0xdd,0xff,0x77,0xff,0xdf,0xff,0x77,0xff,0xdd,0xff,0x57,0xff,0xdd,0xbf,0x77,0xff,0xdd,0xff,0x77,0xff,0x5d,0x7f,0x77,0xff,0xdd,0xff,0x77,0xff,0xdd,0xff,
    0x04,0x0e,0x04,0x0e,0x04,0x0e,0x04,0x0a,0x04,0x0e,0x0c,0x0a,0x14,0x0e,0x1c,0x1e,0x14,0x0e,0x14,0x0a,0x04,0x0c,0x04,0x08,0x04,0x0c,0x0c,0x0a,0x11,0x0a,0x01,0x0b,
    0x09,0x0b,0x01,0x03,0x17,0x0f,0x15,0x0f,0x17,0x0e,0x0d,0x0e,0x26,0x0e,0x3c,0x1e,0x35,0x3f,0x1d,0x3f,0x17,0x3f,0x1d,0x3a,0x30,0x3a,0x14,0x3a,0x34,0x3e,0x35,0x3f,
    0x37,0x3f,0x1d,0x2f,0x07,0x0f,0x1d,0x1f,0x17,0x3f,0x1d,0x3f,0x37,0x3f,0x1d,0x3f,0x37,0x3e,0x1c,0x3e,0x76,0x7e,0x5d,0x7f,0x75,0xff,0x5d,0xff,0x75,0xfb,0x59,0xfb,
    0x73,0xfb,0x55,0xff,0x77,0xff,0xdd,0xff,0x77,0xef,0xcd,0xcf,0x57,0xdf,0xdd,0xbf,0x77,0xff,0xdd,0xff,0x77,0xff,0x5d,0x7f,0x77,0xfe,0x5c,0xfe,0x77,0xff,0xdd,0xff,
    0x00,0x00,0x00,0x00,0x00,0x00,0x00,0x00,0x00,0x00,0x00,0x00,0x00,0x02,0x00,0x00,0x00,0x00,0x00,0x00,0x00,0x00,0x00,0x00,0x00,0x00,0x00,0x00,0x00,0x00,0x00,0x00,
    0x00,0x00,0x00,0x00,0x00,0x00,0x00,0x00,0x00,0x00,0x00,0x04,0x00,0x00,0x00,0x00,0x00,0x00,0x00,0x00,0x00,0x00,0x00,0x00,0x00,0x00,0x00,0x00,0x00,0x00,0x00,0x00,
    0x00,0x00,0x00,0x00,0x00,0x00,0x00,0x00,0x00,0x08,0x10,0x18,0x10,0x18,0x10,0x38,0x30,0x38,0x10,0x38,0x10,0x38,0x14,0x38,0x34,0x38,0x5c,0x38,0x50,0x38,0x50,0x38,
    0x10,0x3a,0x50,0x3a,0x77,0x7f,0x55,0x7f,0x77,0x6f,0x4d,0x2f,0x57,0xff,0x5d,0xff,0x77,0xff,0xdd,0xff,0x77,0xff,0xdd,0xff,0x77,0xfe,0xdd,0xff,0x77,0xff,0xdd,0xff
  },
  { // 42
    0x00,0x00,0x00,0x00,0x00,0x20,0x00,0x00,0x00,0x00,0x00,0x00,0x00,0x00,0x01,0x00,0x00,0x00,0x00,0x00,0x00,0x00,0x00,0x00,0x00,0x08,0x00,0x00,0x00,0x00,0x00,0x00,
    0x00,0x00,0x00,0x00,0x00,0x00,0x00,0x00,0x08,0x00,0x00,0x80,0x00,0x00,0x00,0x00,0x00,0x00,0x00,0x00,0x00,0x00,0x00,0x00,0x00,0x00,0xa0,0x00,0x80,0x00,0x80,0x80,
    0x80,0x00,0xa0,0x80,0xa0,0x00,0xa0,0x80,0x80,0x00,0x80,0x00,0x80,0x00,0x00,0x00,0x00,0x00,0x80,0x00,0x80,0x40,0x80,0xc0,0x80,0x00,0x80,0xc0,0x80,0x40,0xc0,0xc0,
    0xe0,0x40,0xe2,0xc0,0xe2,0x40,0xe2,0xc1,0xc3,0x41,0xc3,0xc5,0xcb,0x57,0xef,0xdd,0xbf,0x37,0xbf,0x1d,0x3f,0x77,0x7f,0x5d,0xff,0x77,0xff,0xdd,0xff,0x77,0xff,0xdd,
    0x00,0x00,0x00,0x00,0x00,0x00,0x00,0x00,0x00,0x00,0x00,0x00,0x02,0x00,0x00,0x00,0x00,0x40,0x00,0x00,0x02,0x00,0x00,0x44,0x02,0x00,0x00,0x00,0x00,0x00,0x00,0x01,
    0x03,0x01,0x0b,0x05,0x07,0x07,0x0e,0x05,0x06,0x06,0x0e,0x04,0x0e,0x04,0x0e,0x0d,0x0e,0x15,0x0e,0x1d,0x1a,0x11,0x0a,0x10,0x1a,0x11,0x0a,0x15,0x0f,0x17,0x8f,0x05,
    0x0f,0x05,0x8f,0x05,0x8f,0x07,0x8f,0x1d,0x9f,0x17,0x9f,0x1d,0x3f,0x17,0x3f,0x1d,0x3e,0x17,0x3e,0x7c,0xbe,0x77,0xff,0xfd,0xff,0x75,0xfd,0xdd,0xfb,0x71,0xfb,0xd9,
    0xfb,0x77,0xff,0xd5,0xff,0x77,0xef,0xc5,0xef,0x47,0xef,0xdd,0xff,0x57,0xff,0xdd,0xff,0x77,0xbf,0xdd,0xbf,0x77,0xff,0x5d,0xff,0x77,0xff,0xdd,0xff,0x77,0xff,0xdd,
    0x02,0x04,0x0e,0x04,0x0e,0x04,0x0c,0x0c,0x0c,0x14,0x0c,0x1c,0x18,0x10,0x18,0x11,0x18,0x10,0x18,0x10,0x32,0x30,0x2a,0x14,0x22,0x04,0x0e,0x04,0x0a,0x04,0x0e,0x0c,
    0x0e,0x14,0x1e,0x1d,0x1e,0x17,0x7e,0x1c,0x7e,0x16,0x7e,0x1c,0x3e,0x34,0x3e,0x1c,0x3e,0x34,0x3c,0x1c,0x38,0x10,0x78,0x19,0x3b,0x11,0x3b,0x15,0x3f,0x37,0x3f,0x15,
    0x2f,0x07,0x2f,0x0d,0x2f,0x07,0x2f,0x5d,0x3f,0x17,0x3f,0x1d,0x3f,0x37,0x3f,0x1d,0x3e,0x3f,0x7e,0x5c,0x7e,0x77,0xfe,0x5d,0xfe,0x75,0xfd,0x5d,0xff,0x71,0xfb,0xdd,
    0xff,0x77,0xff,0xdd,0xff,0x77,0xff,0x7d,0x3f,0x77,0xff,0x5d,0xff,0x77,0xff,0xdd,0xff,0x77,0xff,0xdd,0xff,0x77,0xff,0xdd,0xff,0x77,0xff,0xdd,0xff,0x77,0xff,0xdd,
    0x00,0x00,0x00,0x00,0x00,0x00,0x00,0x00,0x00,0x00,0x00,0x00,0x00,0x00,0x00,0x00,0x00,0x00,0x00,0x00,0x00,0x00,0x00,0x00,0x00,0x00,0x00,0x00,0x00,0x00,0x04,0x00,
    0x00,0x00,0x02,0x00,0x00,0x00,0x00,0x00,0x00,0x00,0x00,0x00,0x00,0x00,0x00,0x00,0x00,0x00,0x00,0x00,0x00,0x00,0x00,0x00,0x00,0x00,0x00,0x00,0x00,0x00,0x00,0x00,
    0x00,0x00,0x00,0x00,0x00,0x00,0x00,0x00,0x00,0x00,0x08,0x50,0x08,0x10,0x18,0x10,0x38,0x10,0x38,0x10,0x30,0x30,0x38,0x50,0x20,0x60,0x60,0x40,0x20,0x40,0x68,0x4c,
    0x28,0x55,0xff,0x5d,0xbf,0x17,0xbf,0x1d,0x3f,0x37,0x3e,0x5c,0x7e,0x77,0xfe,0x5d,0xfe,0x75,0xfe,0xdd,0xfd,0x75,0xf9,0xdd,0xfb,0x77,0xff,0xdd,0xff,0x77,0xff,0xd5
  },
  { // 43
    0x00,0x00,0x00,0x00,0x00,0x00,0x00,0x00,0x00,0x12,0x00,0x00,0x00,0x00,0x00,0x00,0x00,0x00,0x00,0x00,0x04,0x00,0x00,0x00,0x00,0x00,0x00,0x00,0x00,0x00,0x00,0x00,
    0x00,0x00,0x00,0x00,0x00,0x00,0x00,0x80,0x00,0x00,0x00,0x00,0x00,0x00,0x00,0x00,0x00,0x00,0x00,0x00,0x20,0x00,0x00,0x00,0x20,0x00,0x00,0x00,0x80,0x00,0x00,0x00,
    0x80,0x00,0x80,0x00,0x80,0x00,0x80,0x00,0x80,0x00,0x80,0x00,0x40,0x00,0x40,0x00,0x40,0x00,0x00,0x00,0x80,0x00,0x80,0x00,0x80,0xc0,0x80,0x00,0x80,0xc0,0x80,0x40,
    0xc2,0xc0,0xc2,0x41,0xc2,0xc4,0xc2,0x45,0xc7,0xc5,0xcf,0x47,0xcf,0xcd,0xff,0x57,0xbf,0x9d,0xbf,0x37,0xbf,0x5d,0xff,0x77,0xff,0xdd,0xff,0x77,0xfe,0xdd,0xff,0x75,
    0x00,0x00,0x00,0x00,0x00,0x04,0x00,0x06,0x2c,0x04,0x08,0x00,0x08,0x80,0x08,0x00,0x08,0x40,0x00,0x01,0x02,0x00,0x02,0x00,0x02,0x04,0x00,0x00,0x08,0x04,0x0a,0x04,
    0x0e,0x0d,0x0e,0x07,0x0e,0x04,0x0e,0x06,0x0e,0x04,0x0e,0x16,0x0e,0x1c,0x1e,0x14,0x0e,0x1c,0x1c,0x10,0x08,0x18,0x18,0x11,0x1b,0x11,0x3b,0x17,0x3f,0x15,0x27,0x07,
    0x07,0x05,0x0f,0x07,0x0f,0x0d,0x1f,0x17,0x9f,0x1d,0x1f,0x17,0x3f,0x5d,0x3f,0x37,0x3f,0x1d,0x3f,0x77,0xfe,0x5c,0xfe,0x74,0xfe,0xfc,0xfd,0x75,0xff,0xdd,0xfb,0x77,
    0xff,0xdd,0xff,0x77,0xff,0xd5,0xbf,0x37,0xef,0x5d,0xff,0x77,0xff,0xdd,0xff,0x77,0xff,0xdd,0xff,0x77,0xff,0xdd,0xff,0x77,0xff,0xdd,0xff,0x77,0xff,0xdd,0xff,0x77,
    0x08,0x00,0x08,0x10,0x08,0x14,0x08,0x14,0x0c,0x1c,0x28,0x10,0x08,0x00,0x08,0x10,0x08,0x10,0x38,0x10,0x38,0x10,0x22,0x10,0x22,0x04,0x02,0x04,0x0e,0x04,0x0e,0x04,
    0x0e,0x1c,0x1e,0x14,0x1e,0x1c,0x3e,0x14,0x3e,0x1c,0x3e,0x34,0x3e,0x1c,0x3e,0x34,0x7e,0x7c,0x3c,0x74,0x68,0x5c,0x28,0x50,0x7a,0x5d,0x3b,0x37,0x3f,0x35,0x3f,0x37,
    0x2e,0x15,0x2e,0x37,0x3e,0x5d,0x7e,0x77,0x7e,0x5d,0x7e,0x75,0x7e,0x5d,0x3e,0x75,0xff,0x5d,0xff,0x77,0xff,0x5d,0xfe,0x77,0xfe,0x75,0xff,0x65,0xef,0xdd,0xff,0x77,
    0xff,0xdd,0xff,0x57,0xbf,0x9d,0xbf,0x37,0xbf,0x5d,0xff,0x77,0xff,0x5d,0xff,0x77,0xfe,0xdd,0xfe,0x75,0xff,0xdd,0xff,0x77,0xff,0xdd,0xff,0x77,0xff,0xd5,0xf7,0x77,
    0x00,0x00,0x00,0x00,0x00,0x00,0x00,0x00,0x00,0x00,0x00,0x00,0x00,0x00,0x00,0x00,0x00,0x00,0x00,0x00,0x00,0x00,0x00,0x00,0x00,0x00,0x05,0x00,0x00,0x00,0x00,0x00,
    0x00,0x00,0x00,0x00,0x00,0x00,0x00,0x00,0x00,0x00,0x00,0x00,0x00,0x00,0x00,0x00,0x00,0x00,0x00,0x00,0x00,0x00,0x00,0x00,0x00,0x00,0x00,0x00,0x00,0x00,0x00,0x00,
    0x00,0x00,0x00,0x00,0x00,0x00,0x00,0x40,0x00,0x00,0x00,0x00,0x00,0x00,0x00,0x00,0x20,0x10,0x30,0x10,0x30,0x10,0x20,0x10,0x20,0x00,0x20,0x00,0x20,0x40,0x68,0x40,
    0xec,0x5d,0x39,0x15,0x9d,0x1d,0x3b,0x15,0xbf,0x1d,0xbf,0x77,0xff,0x5d,0xfe,0x76,0xfe,0xdc,0xfe,0x74,0xfc,0xdd,0xff,0x75,0xff,0xdd,0xff,0x77,0xff,0xdd,0xff,0x77
  },
  { // 44
    0x00,0x00,0x00,0x00,0x00,0x00,0x00,0x00,0x00,0x00,0x00,0x00,0x80,0x02,0x00,0x00,0x00,0x00,0x00,0x00,0x00,0x00,0x00,0x00,0x00,0x00,0x00,0x00,0x00,0x00,0x00,0x00,
    0x00,0x80,0x00,0x00,0x00,0x00,0x00,0x00,0x00,0x00,0x00,0x00,0x20,0x00,0x00,0x00,0x00,0x00,0x00,0x10,0x00,0x00,0x00,0x00,0x00,0x00,0x00,0x00,0x00,0x00,0x00,0x00,
    0x00,0x00,0x00,0x00,0x00,0x00,0x20,0x00,0x20,0x00,0x20,0x00,0x00,0x00,0x00,0x00,0x00,0x00,0x80,0x00,0x00,0x00,0x80,0x00,0x80,0x00,0x80,0x80,0x80,0x01,0x8a,0x81,
    0x83,0x01,0x83,0x81,0x83,0x07,0x8f,0x05,0xaf,0x57,0xef,0x5d,0xff,0x57,0xfe,0x5d,0xff,0x55,0xff,0xdd,0xff,0x77,0xff,0xfd,0xff,0x77,0xff,0xd5,0xff,0x77,0xff,0xdd,
    0x08,0x00,0x08,0x04,0x08,0x00,0x08,0x04,0x48,0x00,0x08,0x00,0x08,0x00,0x08,0x00,0x08,0x10,0x08,0x10,0x00,0x00,0x00,0x00,0x02,0x00,0x06,0x04,0x0e,0x04,0x0e,0x0c,
    0x0e,0x04,0x2e,0x1c,0x1e,0x14,0x1e,0x1c,0x3e,0x54,0x3e,0x1c,0x3e,0x34,0x3e,0x14,0x3a,0x14,0x2c,0x04,0x2e,0x14,0x2f,0x1d,0x3f,0x15,0x1b,0x15,0x1b,0x17,0x1f,0x15,
    0x3f,0x17,0x3f,0x1d,0x3f,0x37,0xbe,0x5c,0x3e,0x14,0x3e,0x5c,0x3e,0x75,0xff,0x5d,0xff,0x77,0xff,0xdd,0xfb,0x73,0xfe,0x55,0xf7,0x77,0xef,0xdd,0xff,0x77,0xff,0xfd,
    0xff,0x57,0x9f,0x9d,0xbf,0x17,0xbf,0xdd,0xbf,0x77,0xff,0x5d,0xff,0x77,0xfe,0x5c,0xfe,0x74,0xfe,0xdd,0xff,0x77,0xff,0xdd,0xfb,0x77,0xfb,0xd5,0xf3,0x77,0xff,0xd5,
    0x08,0x10,0x18,0x10,0x38,0x10,0x39,0x10,0x30,0x18,0x20,0x00,0x20,0x00,0x28,0x00,0x28,0x00,0x08,0x00,0x08,0x00,0x08,0x00,0x00,0x10,0x28,0x14,0x38,0x14,0x3c,0x1c,
    0x3c,0x14,0x3c,0x1c,0x38,0x10,0x78,0x5c,0x38,0x70,0x78,0x78,0x38,0x70,0x78,0x50,0x30,0x70,0x60,0x44,0x62,0x64,0xee,0x4c,0xee,0x5c,0xce,0x5c,0x1e,0x14,0x9e,0x1c,
    0x3e,0x36,0xbe,0x5c,0x3e,0x76,0x7e,0x5c,0x7e,0x74,0xfc,0x5c,0xfc,0x74,0xfc,0xdc,0xff,0x75,0xfb,0xd9,0xfb,0x71,0xfb,0xd5,0xf3,0x77,0xff,0xdd,0xff,0x77,0xff,0xdd,
    0xff,0x57,0xff,0xdd,0xbf,0x57,0xff,0xdf,0xff,0x77,0xff,0xdd,0xff,0x77,0xfe,0xdc,0xfe,0x74,0xfe,0xdd,0xff,0x77,0xff,0xdd,0xff,0x77,0xff,0xdd,0xfb,0x77,0xff,0xdd,
    0x00,0x00,0x00,0x00,0x00,0x00,0x00,0x00,0x00,0x00,0x00,0x00,0x00,0x00,0x00,0x00,0x00,0x00,0x00,0x08,0x00,0x01,0x00,0x00,0x00,0x00,0x00,0x00,0x00,0x00,0x00,0x00,
    0x00,0x00,0x00,0x00,0x00,0x00,0x00,0x00,0x00,0x00,0x00,0x00,0x00,0x00,0x00,0x00,0x00,0x00,0x00,0x00,0x00,0x00,0x00,0x00,0x00,0x00,0x00,0x00,0x00,0x00,0x00,0x00,
    0x00,0x00,0x80,0x00,0x00,0x00,0x00,0x00,0x00,0x00,0x00,0x00,0x00,0x00,0x00,0x00,0x00,0x00,0x00,0x00,0x00,0x01,0x00,0x01,0x01,0x01,0x21,0x01,0x21,0x11,0x21,0x41,
    0x20,0x41,0x68,0x50,0x78,0x51,0xf9,0xdd,0xfb,0x71,0xfb,0xd9,0xfb,0x71,0xfb,0xd1,0xf3,0x73,0xff,0xd5,0xff,0x77,0xff,0xdd,0xff,0x77,0xef,0xdd,0xdf,0x57,0xff,0xdd
  },
  { // 45
    0x00,0x00,0x00,0x00,0x00,0x00,0x00,0x00,0x40,0x00,0x00,0x00,0x00,0x00,0x00,0x00,0x00,0x00,0x00,0x00,0x00,0x00,0x00,0x00,0x00,0x00,0x00,0x00,0x00,0x00,0x00,0x00,
    0x00,0x00,0x00,0x00,0x00,0x00,0x00,0x10,0x00,0x00,0x00,0x00,0x00,0x00,0x00,0x00,0x10,0x00,0x00,0x80,0x00,0x00,0x00,0x00,0x00,0x00,0x00,0x00,0x00,0x00,0x00,0x00,
    0x00,0x00,0x00,0x00,0x00,0x00,0x00,0x00,0x00,0x00,0x40,0x00,0x40,0x00,0x40,0x00,0x00,0x00,0x00,0x00,0x00,0x00,0x00,0x00,0x82,0x04,0x82,0x04,0x8e,0x04,0x8a,0x04,
    0x8e,0x05,0x8b,0x17,0x9f,0x1d,0xbf,0x17,0xbf,0x1d,0x3f,0x37,0x3e,0x5c,0x7e,0x76,0xfe,0xdd,0xff,0x75,0xff,0xdd,0xff,0x71,0xfb,0xd9,0xfb,0x73,0xff,0xd5,0xff,0x77,
    0x08,0x10,0x18,0x10,0x98,0x10,0x30,0x10,0x20,0x00,0x20,0x00,0x28,0x00,0x28,0x00,0x08,0x00,0x08,0x00,0x08,0x00,0x00,0x00,0x08,0x14,0x3a,0x14,0x3e,0x1d,0x3e,0x14,
    0x2c,0x1c,0x2c,0x94,0x3c,0x1c,0x3c,0x14,0x3c,0x1c,0x38,0x30,0x38,0x10,0x30,0x30,0x32,0x54,0x32,0x74,0x6e,0x44,0x6e,0x44,0x6e,0x4c,0x0e,0x14,0x0e,0x1c,0x3e,0x16,
    0x3e,0x1c,0x3e,0x36,0x3e,0x5c,0x3e,0x76,0x7e,0x5c,0x7e,0x74,0xfe,0xdc,0xfe,0x75,0xfe,0xdd,0xfb,0x71,0xfb,0xf1,0xf3,0x77,0xff,0xf5,0xff,0x77,0xff,0xdd,0xef,0x47,
    0xef,0xdd,0xff,0x57,0xff,0xdf,0xff,0x77,0xff,0xdd,0xff,0x77,0xfe,0x5c,0xfe,0x76,0xfe,0xdd,0xff,0x77,0xff,0xdd,0xff,0x75,0xff,0xdd,0xfb,0x73,0xff,0xdd,0xff,0x77,
    0x00,0x00,0x20,0x10,0x24,0x10,0x20,0x10,0x20,0x00,0x20,0x00,0x20,0x00,0x20,0x00,0x60,0x00,0x80,0x00,0x08,0x00,0x08,0x00,0x08,0x10,0x38,0x10,0x38,0x10,0x38,0x30,
    0x38,0x10,0x38,0x70,0x78,0x50,0x78,0x70,0xf8,0x58,0xf8,0x70,0xf8,0x50,0xb0,0x50,0xb0,0x50,0xb8,0x70,0xe8,0x54,0xec,0x64,0xec,0x4c,0x2c,0x44,0x8c,0x5c,0xbc,0x54,
    0xfe,0x5c,0xbe,0x74,0xfe,0x5c,0x7a,0x74,0xfc,0x54,0xfc,0x74,0xfd,0xdc,0xfe,0x74,0xfc,0xdc,0xf8,0x51,0xfb,0xd1,0xfb,0x57,0xff,0xdd,0xff,0x77,0xff,0x5d,0xff,0x77,
    0xfe,0x5d,0xfe,0x77,0xff,0xdd,0xff,0x77,0xff,0xdd,0xff,0x77,0xff,0xdd,0xfb,0x77,0xff,0xdd,0xff,0x77,0xff,0xdd,0xff,0xf7,0xef,0xcd,0xef,0x57,0xff,0xdd,0xff,0x77,
    0x00,0x00,0x00,0x00,0x00,0x00,0x00,0x00,0x00,0x00,0x00,0x00,0x00,0x00,0x00,0x08,0x08,0x00,0x00,0x00,0x00,0x00,0x00,0x00,0x00,0x00,0x00,0x00,0x00,0x00,0x00,0x00,
    0x00,0x00,0x00,0x00,0x00,0x00,0x00,0x00,0x00,0x00,0x00,0x00,0x00,0x00,0x00,0x00,0x00,0x00,0x00,0x00,0x00,0x00,0x00,0x00,0x00,0x00,0x00,0x00,0x00,0x00,0x82,0x00,
    0x00,0x00,0x00,0x00,0x00,0x00,0x00,0x00,0x00,0x00,0x00,0x00,0x00,0x00,0x00,0x01,0x00,0x01,0x00,0x01,0x01,0x01,0x01,0x01,0x01,0x01,0x01,0x01,0x23,0x01,0x23,0x01,
    0x22,0x00,0x22,0x70,0xe2,0x50,0xfa,0x71,0xfb,0xd1,0xf9,0x71,0xf9,0xd1,0xfb,0x71,0xfb,0xd1,0xfb,0x77,0xff,0xd5,0xff,0x67,0xef,0xcd,0xef,0x57,0xff,0xdd,0xff,0x77
  },
  { // 46
    0x00,0x00,0x00,0x00,0x00,0x00,0x00,0x00,0x00,0x00,0x00,0x00,0x00,0x00,0x00,0x00,0x00,0x00,0x00,0x00,0x00,0x00,0x00,0x00,0x00,0x00,0x00,0x00,0x00,0x00,0x00,0x08,
    0x00,0x00,0x00,0x00,0x00,0x00,0x00,0x00,0x00,0x00,0x00,0x00,0x08,0x00,0x40,0x00,0x00,0x00,0x00,0x00,0x00,0x00,0x00,0x00,0x00,0x00,0x00,0x00,0x00,0x00,0x00,0x00,
    0x00,0x00,0x00,0x20,0x00,0x20,0x00,0x20,0x00,0x00,0x08,0x04,0x08,0x00,0x08,0x00,0x08,0x00,0x08,0x00,0x00,0x10,0x0a,0x14,0x22,0x14,0x0e,0x04,0x06,0x06,0x0e,0x0c,
    0x0e,0x16,0xbe,0x1d,0xbe,0x17,0xbe,0x1d,0xbe,0x37,0xbe,0x5c,0xbe,0xf6,0xfe,0xdc,0xfe,0x77,0xfe,0xdd,0xff,0x75,0xff,0xdd,0xff,0x77,0xff,0xdd,0xff,0x77,0xff,0xdd,
    0x38,0x10,0x38,0x10,0x38,0x10,0x30,0x10,0x30,0x10,0x20,0x10,0x20,0x00,0x20,0x40,0x20,0x00,0x08,0x00,0x08,0x00,0x08,0x1e,0x38,0x10,0x38,0x18,0x38,0x10,0x38,0x10,
    0x38,0x30,0x7c,0x5c,0x78,0x74,0xfc,0x5c,0xf8,0x70,0xf8,0x50,0xf8,0x50,0xf8,0x50,0xf8,0x70,0xf8,0x54,0xbe,0x74,0xae,0x44,0x2e,0x44,0xee,0x5c,0xfe,0x54,0xfe,0x5c,
    0xfe,0x74,0xfe,0x5c,0xba,0x74,0xfe,0x5c,0xfe,0x74,0xfe,0xdc,0xfe,0x74,0xfe,0xdc,0xe8,0x74,0xee,0xdc,0xfe,0x57,0xff,0xdd,0xff,0x77,0xbf,0xdd,0xbf,0x37,0x3e,0x5d,
    0x7e,0x77,0xfe,0xdd,0xff,0x77,0xff,0xdd,0xff,0x75,0xff,0xdd,0xfb,0x77,0xff,0xdd,0xff,0x77,0xff,0xd5,0xff,0x77,0xef,0xcd,0xff,0x57,0xff,0xdd,0xff,0x77,0xff,0xdd,
    0x20,0x00,0x00,0x00,0x00,0x00,0x00,0x00,0x10,0x00,0x00,0x00,0x20,0x00,0xa0,0x00,0x20,0x00,0x00,0x00,0x10,0x00,0x00,0x40,0x20,0x10,0xa1,0x50,0x30,0x10,0x30,0x10,
    0x30,0x70,0xf0,0x50,0xf0,0x70,0xe0,0x40,0xe4,0x40,0xe0,0x40,0xe0,0x40,0xc8,0xc0,0xa8,0x50,0xb8,0x90,0xb8,0x10,0xb8,0x10,0x38,0x31,0x78,0x70,0x78,0x70,0xf8,0xd8,
    0xf8,0x70,0xf8,0xd8,0xf8,0x70,0xf8,0xd0,0xf8,0x71,0xf8,0xd1,0xfa,0xf1,0xe8,0xc4,0xe2,0x45,0xee,0xcd,0xef,0x55,0xff,0xdd,0xff,0x57,0xbf,0x9d,0xbf,0x37,0xbf,0x5d,
    0xfe,0x77,0xfe,0xdd,0xfe,0x77,0xfe,0xdc,0xfc,0x75,0xfb,0xfd,0xfb,0x71,0xfb,0xdd,0xff,0x77,0xff,0xd5,0xff,0x77,0xef,0xc5,0xef,0x77,0xff,0xdd,0xff,0x77,0xff,0xdd,
    0x00,0x00,0x00,0x00,0x00,0x00,0x00,0x00,0x20,0x00,0x00,0x00,0x00,0x00,0x00,0x00,0x00,0x00,0x00,0x00,0x00,0x00,0x00,0x00,0x00,0x00,0x00,0x00,0x00,0x00,0x00,0x00,
    0x00,0x00,0x00,0x00,0x00,0x00,0x00,0x00,0x00,0x00,0x00,0x00,0x00,0x00,0x00,0x00,0x00,0x00,0x01,0x00,0x00,0x00,0x00,0x00,0x02,0x80,0x00,0x00,0x00,0x00,0x00,0x00,
    0x00,0x00,0x00,0x00,0x00,0x00,0x00,0x01,0x01,0x01,0x01,0x01,0x01,0x01,0x03,0x01,0x03,0x01,0x03,0x01,0x03,0x01,0x03,0x01,0x03,0x01,0x03,0x01,0x07,0x01,0x03,0x01,
    0x23,0x03,0xa3,0x41,0xe3,0x63,0xe2,0x45,0xe2,0x41,0xe3,0xc5,0xe3,0x41,0xef,0xd5,0xff,0x57,0xff,0xdd,0xbf,0x17,0xbf,0x15,0xbf,0x77,0xff,0x5d,0xff,0x77,0xff,0xdd
  },
  { // 47
    0x00,0x00,0x00,0x00,0x00,0x00,0x00,0x00,0x00,0x00,0x00,0x00,0x00,0x00,0x00,0x00,0x00,0x80,0x00,0x00,0x00,0x00,0x00,0x02,0x00,0x00,0x00,0x00,0x00,0x00,0x00,0x00,
    0x00,0x00,0x00,0x00,0x00,0x00,0x00,0x00,0x00,0x20,0x00,0x00,0x00,0x00,0x00,0x00,0x00,0x00,0x00,0x00,0x00,0x00,0x00,0x00,0x00,0x00,0x00,0x08,0x00,0x08,0x00,0x08,
    0x00,0x08,0x00,0x08,0x10,0x18,0x10,0x58,0x10,0x70,0x10,0x60,0x00,0x20,0x00,0x08,0x00,0x08,0x00,0x08,0x1c,0x18,0x14,0x1a,0x14,0x1a,0x14,0xbe,0x14,0x3e,0x36,0x3e,
    0x5c,0x3e,0x76,0x7e,0x5c,0x7e,0x74,0xfc,0x5c,0xfc,0x74,0xfe,0xdd,0xff,0x77,0xff,0xd5,0xff,0x77,0xf7,0xd5,0xef,0x67,0xef,0xdd,0xff,0x7f,0xff,0xdd,0xff,0x57,0xbf,
    0x40,0x60,0x40,0x60,0x40,0x60,0x40,0xe8,0x50,0xa0,0x10,0xa0,0x10,0x20,0x00,0x20,0x00,0x20,0x02,0x28,0x50,0x78,0x50,0xf8,0x58,0x38,0x50,0xb8,0x58,0xb8,0x70,0xf8,
    0x50,0xf8,0x70,0xf8,0x50,0xf0,0x70,0xe0,0x40,0xe0,0x60,0xe8,0xc0,0xe8,0x50,0xf8,0xd8,0xb8,0x10,0xb8,0x10,0xb8,0x14,0xbc,0x5c,0x7c,0x74,0xfc,0x5c,0xfc,0x74,0xfc,
    0x5c,0xf8,0x70,0xf8,0xd8,0xf8,0x70,0xf8,0xd8,0xfa,0x70,0xfa,0xd4,0xf2,0x74,0xee,0xc4,0xee,0x74,0xee,0xdc,0xfe,0x76,0xfe,0xfc,0xbe,0x36,0xbe,0x9c,0xbe,0x76,0xfe,
    0xdc,0xfe,0x76,0xfe,0xdc,0xff,0x75,0xfe,0xdc,0xfc,0x75,0xff,0xdd,0xff,0x77,0xff,0xdd,0xfb,0x77,0xff,0xd5,0xff,0x77,0xff,0xdd,0xff,0x77,0xff,0xdd,0xff,0x77,0xff,
    0x00,0x00,0x00,0x00,0x00,0x00,0x00,0x00,0x00,0x40,0x04,0x80,0x00,0x01,0x00,0x00,0x00,0x01,0x00,0x20,0x00,0x20,0x00,0x60,0x40,0x20,0x40,0xe0,0x40,0xe0,0x40,0xe2,
    0xc0,0xe0,0x40,0xe0,0xc0,0xa0,0x40,0xe0,0x40,0xa0,0x40,0xe0,0x40,0xe0,0x40,0xe0,0xc0,0x80,0x20,0x81,0x30,0xb0,0x30,0xb0,0x50,0xb0,0x70,0xf8,0x70,0xf0,0x70,0xf8,
    0x70,0xe0,0x78,0xf8,0xd0,0xf9,0x71,0xf9,0xd1,0xf9,0x71,0xfb,0xd1,0xa3,0x11,0xa3,0xd1,0xeb,0x77,0xff,0xdd,0xff,0x77,0xff,0xdd,0xff,0x55,0xff,0xdd,0xfb,0x75,0xff,
    0xdd,0xff,0x77,0xff,0xdd,0xfa,0x74,0xfe,0xd5,0xff,0x75,0xff,0xdd,0xff,0x77,0xff,0xdd,0xff,0x57,0xbf,0x9d,0xbf,0x37,0xff,0xdd,0xff,0x77,0xff,0xdd,0xff,0x77,0xff,
    0x00,0x00,0x00,0x00,0x00,0x00,0x00,0x00,0x00,0x00,0x00,0x00,0x00,0x00,0x00,0x00,0x00,0x00,0x00,0x00,0x00,0x00,0x00,0x00,0x00,0x00,0x00,0x00,0x00,0x00,0x00,0x00,
    0x00,0x00,0x00,0x00,0x00,0x00,0x01,0x00,0x00,0x01,0x00,0x00,0x00,0x00,0x00,0x00,0x00,0x00,0x02,0x40,0x00,0x00,0x00,0x00,0x01,0x00,0x01,0x00,0x01,0x00,0x00,0x00,
    0x00,0x00,0x00,0x00,0x01,0x01,0x01,0x03,0x01,0x03,0x01,0x03,0x01,0x03,0x03,0x03,0x01,0x03,0x03,0x03,0x01,0x03,0x03,0x02,0x04,0x02,0x00,0x00,0x01,0x01,0x01,0x83,
    0x01,0x83,0x03,0x83,0x01,0x83,0x03,0x83,0x45,0xa7,0x47,0xef,0xc5,0xef,0x47,0xef,0xcd,0xcf,0x57,0x9f,0x9d,0xbf,0x17,0xbf,0xdd,0xff,0x77,0xff,0xdd,0xff,0x77,0xfe
  },
  { // 48
    0x00,0x00,0x00,0x00,0x00,0x00,0x00,0x00,0x00,0x00,0x00,0x00,0x00,0x00,0x00,0x00,0x00,0x00,0x01,0x00,0x00,0x00,0x00,0x00,0x00,0x00,0x00,0x00,0x00,0x00,0x00,0x00,
    0x00,0x00,0x00,0x00,0x00,0x02,0x20,0x00,0x00,0x00,0x00,0x00,0x00,0x00,0x00,0x00,0x00,0x00,0x00,0x00,0x00,0x00,0x00,0x00,0x00,0x00,0x00,0x00,0x00,0x08,0x00,0x08,
    0x80,0x28,0x10,0x38,0x10,0x38,0x10,0x38,0x10,0x20,0x10,0x20,0x00,0x20,0x00,0x20,0x04,0x2c,0x04,0x2c,0x04,0x4c,0x0c,0x08,0x14,0x1c,0x1c,0x3e,0x34,0x3e,0x1c,0x3e,
    0x76,0x7e,0x5c,0x7e,0x74,0xfc,0x5c,0xfc,0x74,0xfc,0xdc,0xfe,0x75,0xfb,0xd9,0xfb,0x73,0xfb,0xd5,0xff,0x77,0xff,0xdd,0xff,0x77,0xff,0xdd,0xff,0x57,0xff,0xdd,0xff,
    0x40,0xe0,0x40,0xe0,0x40,0xe0,0x40,0xe0,0x40,0x80,0x00,0x80,0x00,0x81,0x14,0x30,0x10,0x38,0x10,0x38,0x70,0x78,0x50,0x78,0xf0,0xf8,0x50,0xf8,0x70,0xf8,0xd0,0xf8,
    0x70,0xf8,0xd0,0xf0,0x70,0xe0,0xd0,0xe0,0x60,0xe0,0xc0,0xe8,0x60,0xe8,0xc8,0xe8,0x50,0x88,0x18,0x98,0x10,0xb8,0x58,0xb8,0x70,0xf8,0x5c,0xf8,0x74,0xf8,0x5c,0xf8,
    0x70,0xf8,0xdc,0xf8,0x70,0xf8,0xd8,0xf8,0x70,0xf8,0xd0,0xf0,0x70,0xf8,0xd4,0xfe,0x74,0xfe,0xdc,0xfe,0x74,0xfe,0x5c,0xfe,0x54,0xfe,0xdc,0xfe,0x74,0xff,0xdc,0xff,
    0x76,0xff,0xdc,0xfe,0x74,0xfe,0xd4,0xfe,0x74,0xfe,0xdd,0xff,0x77,0xff,0xdd,0xff,0x57,0xff,0xdd,0xbf,0x77,0xff,0xdf,0xff,0xf7,0xff,0x5d,0xff,0x77,0xff,0x5d,0xff,
    0x00,0x00,0x00,0x00,0x00,0x00,0x00,0x20,0x01,0x00,0x01,0x00,0x00,0x00,0x00,0x00,0x00,0x00,0x00,0x00,0x00,0x20,0x00,0x20,0x00,0x20,0x40,0xe0,0x40,0xe0,0xc0,0xe0,
    0x40,0xc0,0xc0,0x80,0x00,0x80,0x00,0x80,0x01,0xa0,0x41,0xa0,0x41,0xe0,0x40,0x20,0x40,0x80,0x40,0xa0,0x40,0xe0,0xf1,0xf0,0x71,0xf0,0xf1,0xf0,0x70,0xf8,0x50,0xe0,
    0x60,0xe0,0xc0,0xe0,0x69,0xe1,0xc1,0xe1,0x41,0xc9,0xc1,0x83,0x11,0x8b,0x91,0xbb,0x33,0xfb,0x55,0xfb,0x77,0xff,0x5d,0x7e,0x74,0xfe,0xdc,0xff,0x75,0xff,0xdd,0xfb,
    0x71,0xfb,0xd9,0xfb,0x71,0xf3,0xd1,0xf3,0x77,0xff,0xd7,0xff,0x77,0xef,0xcf,0xef,0x57,0xdf,0xdd,0xff,0x57,0xff,0xdd,0xff,0x77,0xff,0xdd,0xff,0x77,0xfe,0x5c,0xfe,
    0x00,0x00,0x00,0x00,0x00,0x00,0x00,0x00,0x00,0x00,0x00,0x00,0x00,0x00,0x00,0x00,0x00,0x00,0x00,0x00,0x00,0x00,0x00,0x00,0x00,0x00,0x00,0x00,0x00,0x00,0x00,0x00,
    0x00,0x00,0x01,0x00,0x01,0x00,0x01,0x00,0x01,0x01,0x01,0x01,0x01,0x00,0x02,0x00,0x40,0x00,0x00,0x00,0x00,0x00,0x00,0x00,0x01,0x01,0x01,0x01,0x01,0x01,0x01,0x01,
    0x01,0x03,0x01,0x03,0x01,0x03,0x01,0x03,0x01,0x03,0x01,0x03,0x01,0x03,0x01,0x03,0x03,0x03,0x01,0x03,0x03,0x03,0x04,0x02,0x00,0x02,0x04,0x02,0x05,0x07,0x05,0x03,
    0x01,0x03,0x01,0x83,0x01,0x83,0x01,0x83,0x07,0x87,0x05,0x8f,0x47,0xef,0x4d,0xaf,0x47,0xcf,0x4d,0xff,0x57,0xff,0xdd,0xff,0x77,0xff,0xdd,0xff,0x77,0xff,0xdd,0xff
  },
  { // 49
    0x00,0x00,0x00,0x00,0x00,0x00,0x00,0x00,0x00,0x00,0x00,0x00,0x00,0x01,0x00,0x00,0x00,0x00,0x00,0x00,0x00,0x00,0x00,0x00,0x00,0x00,0x00,0x00,0x00,0x00,0x00,0x00,
    0x00,0x00,0x02,0x10,0x00,0x00,0x00,0x00,0x00,0x00,0x00,0x00,0x00,0x00,0x00,0x00,0x00,0x00,0x00,0x00,0x00,0x00,0x00,0x00,0x00,0x00,0x40,0x00,0x40,0x00,0x60,0x00,
    0x28,0x00,0x28,0x10,0x28,0x10,0x28,0x10,0x00,0x00,0x20,0x10,0x20,0x10,0x20,0x50,0x2c,0x04,0x2c,0x04,0x2c,0x0c,0x0c,0x14,0x3c,0x5c,0x3c,0x74,0xfc,0x5c,0xbe,0x74,
    0xfe,0x5c,0x7a,0x74,0xfe,0x54,0xfe,0x74,0xfe,0xdc,0xfe,0x74,0xff,0xdd,0xfb,0x55,0xff,0xdd,0xff,0x77,0xff,0xdd,0xff,0x77,0xff,0x5d,0x7f,0x77,0xff,0x5d,0xff,0x77,
    0xa0,0x40,0xa0,0x40,0xe0,0x40,0xe0,0x40,0x80,0x40,0x09,0x00,0x80,0x10,0xb0,0x10,0xb8,0x50,0xb0,0x30,0x30,0x50,0x30,0x70,0xf0,0x50,0xf0,0x70,0xf8,0xd0,0xf8,0x70,
    0xf8,0xd0,0xe0,0x50,0xe0,0xd0,0xb0,0x70,0xf8,0xd0,0xf8,0x70,0xe8,0x40,0x68,0x40,0xe8,0x58,0xf8,0x50,0xf8,0xd8,0xf8,0x70,0xf8,0xd9,0xf8,0x70,0xf8,0xd0,0xf8,0x70,
    0xf8,0xd0,0xf8,0x70,0xf8,0xdc,0xe8,0x50,0xe8,0xf0,0xd8,0x70,0xfc,0xfc,0xbc,0x74,0xfe,0xdc,0xbe,0x74,0x7e,0x5c,0x7f,0x74,0xff,0xdc,0xff,0x76,0xfe,0xdc,0xfe,0x74,
    0xf8,0xd8,0xfa,0x70,0xfa,0xd5,0xfe,0x77,0xff,0xdd,0xff,0x77,0xef,0xcd,0xef,0x47,0xcf,0xdd,0xff,0xd7,0xff,0xdd,0xff,0x77,0xff,0x5d,0xff,0x77,0xfe,0x5c,0xfe,0x77,
    0x00,0x00,0x00,0x02,0x20,0x00,0x00,0x00,0x00,0x00,0x00,0x00,0x00,0x00,0x00,0x00,0x80,0x00,0x00,0x00,0x80,0x00,0x00,0x00,0x80,0x40,0x80,0x40,0xc0,0x40,0xc0,0x40,
    0xc0,0x40,0x80,0x01,0x80,0x41,0x81,0x41,0x81,0x41,0xa1,0x01,0xa0,0x00,0x20,0x00,0x60,0x40,0x60,0x40,0xe0,0xc0,0xe4,0x61,0xe0,0xc1,0xe1,0x51,0xe0,0xc1,0xe1,0x61,
    0xe1,0xc9,0xe3,0x61,0xe3,0xc1,0xe3,0x41,0xc3,0xc1,0xc3,0x41,0xcb,0xd1,0xbb,0x53,0xfb,0xd1,0xbb,0x33,0xbb,0x55,0x7a,0x74,0xfe,0xdc,0xfe,0x75,0xff,0xdd,0xfb,0x71,
    0xf9,0xd9,0xfb,0x71,0xfb,0xd1,0xfb,0x77,0xff,0xd5,0xff,0x77,0xef,0xcd,0xef,0x57,0xef,0xdd,0xff,0x77,0xff,0xdd,0xff,0x77,0xff,0xdd,0xff,0x77,0xff,0xdd,0xff,0x77,
    0x00,0x00,0x00,0x00,0x00,0x00,0x00,0x00,0x00,0x00,0x00,0x00,0x00,0x00,0x00,0x00,0x00,0x00,0x00,0x00,0x00,0x00,0x00,0x00,0x00,0x00,0x00,0x00,0x00,0x00,0x00,0x00,
    0x00,0x00,0x00,0x00,0x00,0x00,0x00,0x01,0x01,0x05,0x01,0x01,0x20,0x00,0x00,0x00,0x00,0x00,0x00,0x00,0x00,0x00,0x00,0x00,0x00,0x01,0x01,0x01,0x01,0x01,0x01,0x01,
    0x03,0x01,0x03,0x03,0x03,0x01,0x03,0x03,0x03,0x01,0x03,0x01,0x03,0x01,0x03,0x03,0x03,0x05,0x03,0x01,0x03,0x01,0x02,0x01,0x02,0x05,0x03,0x07,0x07,0x05,0x07,0x05,
    0x07,0x05,0x03,0x01,0x0b,0x05,0x8f,0x07,0x8f,0x05,0x8f,0x07,0x8f,0x05,0x2f,0x07,0x2f,0x5d,0xff,0x77,0xff,0xdd,0xff,0x77,0xff,0xdd,0xff,0x71,0xfb,0xdd,0xfb,0x77
  },
  { // 50
    0x00,0x00,0x00,0x00,0x00,0x00,0x00,0x00,0x00,0x00,0x00,0x00,0x00,0x00,0x00,0x00,0x00,0x00,0x00,0x00,0x00,0x00,0x00,0x00,0x00,0x00,0x00,0x00,0x00,0x01,0x00,0x10,
    0x00,0x00,0x00,0x00,0x00,0x00,0x00,0x00,0x00,0x00,0x00,0x00,0x00,0x00,0x00,0x00,0x00,0x00,0x00,0x00,0x00,0x00,0x00,0x00,0x00,0x00,0x00,0x00,0x10,0x20,0x10,0x20,
    0x00,0x20,0x20,0x20,0x20,0x00,0x20,0x40,0x00,0x08,0x00,0x08,0x10,0x18,0x10,0x38,0x10,0x38,0x14,0x38,0x74,0x7c,0x5c,0x7c,0x74,0x7c,0x5c,0xfc,0xf4,0xfc,0x58,0xf8,
    0x70,0xf8,0xd8,0xfa,0x70,0xfe,0xd4,0xfe,0x76,0xee,0xc4,0xee,0x66,0xee,0xcd,0xff,0x57,0xff,0xdd,0xff,0x77,0xff,0xdd,0xbf,0x37,0xbf,0x5d,0xff,0x77,0xff,0xdd,0xff,
    0x00,0xa0,0x00,0xa0,0x12,0x20,0x00,0x60,0x00,0x20,0x40,0x60,0x50,0xf8,0x50,0xf0,0x50,0xf8,0x50,0xb0,0x70,0xf0,0x50,0xf0,0x70,0xf0,0xd0,0xf0,0x70,0xe0,0xc0,0xe0,
    0x40,0xe0,0xc0,0xc8,0x50,0xf8,0xd0,0xb8,0x10,0xb8,0x10,0xb8,0x30,0x38,0x50,0x3c,0x70,0xf8,0x58,0xf8,0x70,0xf8,0xd8,0xf8,0x70,0xf8,0xd0,0xf8,0xf0,0xf8,0xd0,0xf8,
    0x70,0xf8,0xd0,0xe0,0x60,0xe8,0xc4,0xe8,0x44,0xec,0xdc,0xfc,0x54,0xfc,0xdc,0xbc,0x34,0xbc,0x3c,0xbc,0x74,0xfe,0x5c,0xfe,0x74,0xfe,0xdc,0xfc,0x74,0xfd,0xdc,0xf9,
    0x70,0xf9,0xdd,0xfb,0x77,0xff,0xdd,0xff,0x77,0xff,0xd5,0xff,0x77,0xff,0xdd,0xff,0x77,0xff,0xdd,0xff,0x77,0xff,0xdd,0xff,0x77,0xff,0xdd,0xff,0x77,0xff,0xdd,0xff,
    0x00,0x00,0x00,0x00,0x00,0x00,0x00,0x00,0x00,0x00,0x00,0x00,0x00,0x00,0x00,0x00,0x00,0x80,0x00,0x80,0x00,0x80,0x00,0x80,0x00,0x80,0x40,0x80,0x01,0x80,0x00,0x00,
    0x00,0x80,0x00,0x80,0x01,0x80,0x41,0x81,0x01,0xa1,0x01,0xa0,0x01,0xa0,0x01,0x20,0x60,0xe0,0x40,0xe0,0x60,0xe0,0xc0,0xe0,0x40,0xe0,0xc1,0xe1,0x41,0xe1,0xc1,0xe3,
    0x41,0xe3,0xc1,0xa3,0x01,0xa3,0x01,0x33,0x43,0xe3,0x41,0xeb,0x73,0xfb,0xd5,0xfb,0x71,0xfb,0xd1,0xfb,0x71,0xff,0xd1,0xfb,0x73,0xfb,0xd5,0xfb,0x77,0xef,0xc5,0xe3,
    0x65,0xef,0xcd,0xff,0x57,0xff,0xdd,0xff,0x57,0xbf,0x9d,0xbf,0x37,0xbf,0x5d,0xff,0x77,0xff,0xdd,0xff,0x77,0xff,0xdd,0xff,0x75,0xff,0xdd,0xfb,0x77,0xff,0xdd,0xff,
    0x00,0x00,0x00,0x00,0x00,0x00,0x00,0x00,0x00,0x00,0x00,0x00,0x00,0x00,0x00,0x00,0x00,0x00,0x00,0x00,0x00,0x00,0x00,0x00,0x01,0x00,0x01,0x00,0x01,0x00,0x00,0x00,
    0x00,0x00,0x00,0x00,0x00,0x00,0x00,0x10,0x00,0x00,0x00,0x00,0x00,0x00,0x00,0x00,0x01,0x00,0x01,0x00,0x01,0x00,0x00,0x00,0x00,0x00,0x01,0x01,0x01,0x03,0x01,0x03,
    0x03,0x03,0x01,0x03,0x03,0x03,0x01,0x03,0x03,0x03,0x01,0x03,0x03,0x02,0x05,0x02,0x00,0x00,0x01,0x01,0x01,0x03,0x01,0x03,0x03,0x03,0x01,0x03,0x03,0x03,0x05,0x07,
    0x07,0x07,0x05,0x0f,0x07,0x0f,0x0d,0x0f,0x07,0x8f,0x0d,0x0f,0x17,0x8f,0x1d,0xbf,0x77,0xff,0x5d,0xff,0x77,0xfe,0xdc,0xfe,0x75,0xfd,0xdd,0xff,0x77,0xff,0xdd,0xff
  },
  { // 51
    0x00,0x00,0x00,0x00,0x00,0x00,0x00,0x00,0x00,0x00,0x00,0x00,0x00,0x00,0x00,0x00,0x00,0x00,0x00,0x00,0x00,0x00,0x00,0x00,0x00,0x00,0x00,0x01,0x08,0x00,0x00,0x00,
    0x00,0x00,0x00,0x00,0x00,0x00,0x00,0x00,0x00,0x00,0x00,0x00,0x00,0x00,0x00,0x00,0x00,0x00,0x00,0x00,0x00,0x00,0x00,0x00,0x00,0x00,0x00,0x00,0x00,0x00,0x10,0x00,
    0x00,0x60,0x00,0x00,0x00,0x00,0x00,0x08,0x00,0x48,0x00,0x48,0x1c,0xd8,0x90,0x18,0x18,0x38,0x10,0x38,0x1c,0x3c,0x74,0x7c,0x5c,0x7c,0x74,0x7c,0x5c,0xf8,0x70,0xf8,
    0xdc,0xf8,0x70,0xfa,0xdc,0xfa,0x76,0xfe,0xd4,0xb6,0x76,0xee,0x7c,0xfe,0x77,0xff,0xdd,0xff,0x77,0xff,0xdd,0xff,0x77,0xff,0xdd,0xff,0x77,0xff,0xdd,0xff,0x77,0xff,
    0x00,0x92,0x00,0x80,0x00,0x20,0x10,0x20,0x10,0x30,0x70,0x70,0x50,0x70,0x70,0xe8,0x50,0xe0,0x50,0xf0,0xd0,0xf0,0x70,0xf0,0xd0,0xf0,0x70,0xe0,0x40,0xe0,0x40,0xe0,
    0x40,0xe0,0x40,0xe8,0xd0,0xf8,0x50,0xf8,0x58,0xb8,0x90,0xb8,0x18,0xb8,0x70,0xf8,0x58,0xf8,0x70,0xf8,0xd0,0xf8,0x70,0xf8,0xd0,0xf8,0x70,0xf8,0xd8,0xf8,0x70,0xf8,
    0xd0,0xf8,0x70,0xb8,0x54,0xa8,0x74,0xfc,0x5c,0xfc,0x74,0xfc,0xdc,0xfc,0x74,0xfc,0xdc,0xf8,0x74,0xfe,0xdc,0xfa,0x74,0xff,0xdd,0xfe,0x74,0xfe,0xd4,0xfe,0x74,0xee,
    0xfc,0xff,0x75,0xff,0xdd,0xff,0xd7,0xff,0xdd,0xbf,0x37,0xbf,0xdd,0xff,0x77,0xff,0xdd,0xff,0x77,0xfe,0xdd,0xfe,0x75,0xff,0xdd,0xff,0x77,0xff,0xdd,0xff,0x77,0xff,
    0x00,0x00,0x00,0x00,0x00,0x00,0x00,0x00,0x00,0x00,0x00,0x00,0x00,0x00,0x00,0x00,0x40,0x00,0x00,0x80,0x40,0x80,0x00,0x80,0xc0,0x80,0x01,0x80,0x00,0x00,0x00,0x00,
    0x00,0x00,0x00,0x00,0x40,0x20,0x40,0xc0,0x40,0x80,0x00,0x80,0x40,0xa0,0x41,0xe0,0xc1,0xe0,0x61,0xe0,0xc0,0xe0,0x60,0xe0,0xc0,0xe0,0x41,0xe1,0xe1,0xe1,0x61,0xc1,
    0xe9,0x83,0x01,0x83,0x11,0xa3,0x11,0xb3,0x51,0xf3,0x73,0xfb,0x51,0xfa,0x70,0xf8,0xd0,0xf8,0x71,0xf9,0xd1,0xfb,0x71,0xff,0xd1,0xfb,0x73,0xf3,0xd1,0xe3,0x67,0xe7,
    0xc5,0xef,0x77,0xef,0xdd,0xff,0x57,0xff,0xdd,0xbf,0x17,0xbf,0xdd,0xff,0x77,0xff,0xdd,0xff,0x77,0xfe,0xdc,0xfe,0x74,0xfe,0xdd,0xff,0x75,0xff,0xdd,0xff,0x77,0xff,
    0x00,0x00,0x00,0x00,0x00,0x00,0x00,0x00,0x00,0x00,0x00,0x00,0x00,0x00,0x00,0x00,0x00,0x00,0x00,0x01,0x00,0x00,0x00,0x00,0x00,0x00,0x00,0x00,0x00,0x00,0x00,0x00,
    0x00,0x00,0x00,0x10,0x00,0x00,0x00,0x00,0x00,0x00,0x00,0x00,0x00,0x00,0x00,0x00,0x01,0x01,0x01,0x01,0x01,0x01,0x01,0x02,0x01,0x03,0x01,0x03,0x03,0x03,0x01,0x03,
    0x01,0x03,0x01,0x03,0x01,0x03,0x01,0x03,0x01,0x03,0x03,0x03,0x01,0x02,0x00,0x02,0x02,0x00,0x00,0x01,0x01,0x03,0x01,0x03,0x01,0x03,0x03,0x03,0x01,0x03,0x07,0x07,
    0x05,0x07,0x07,0x0f,0x05,0x0f,0x07,0x0f,0x0d,0x0f,0x07,0x8f,0x1d,0xbf,0x57,0xff,0xdd,0xff,0x77,0xff,0xd5,0xff,0x77,0xff,0xd5,0xff,0x77,0xff,0xdd,0xff,0x77,0xff
  },
  { // 52
    0x00,0x00,0x00,0x00,0x00,0x00,0x00,0x00,0x00,0x00,0x00,0x00,0x00,0x00,0x00,0x00,0x00,0x00,0x00,0x00,0x00,0x00,0x00,0x08,0x00,0x00,0x00,0x00,0x00,0x00,0x00,0x00,
    0x00,0x00,0x00,0x00,0x00,0x00,0x00,0x00,0x00,0x00,0x00,0x00,0x00,0x00,0x00,0x00,0x00,0x00,0x00,0x00,0x00,0x00,0x00,0x00,0x00,0x00,0x00,0x00,0x00,0x00,0x00,0x00,
    0x00,0x00,0x00,0x20,0x00,0x28,0x00,0x28,0x04,0x0c,0x04,0x08,0x04,0x0c,0x1c,0x38,0x14,0x38,0x1c,0x38,0x30,0x38,0x18,0x38,0x30,0x38,0x50,0x30,0x74,0xee,0x54,0xee,
    0x74,0xee,0x5c,0xee,0x54,0x8e,0x9c,0x9e,0x37,0xbf,0x1d,0xbf,0x77,0xff,0x5d,0x7f,0x77,0x7e,0x5c,0xfe,0x74,0xfe,0xdd,0xff,0x75,0xff,0xdd,0xff,0x77,0xfb,0xd9,0xfb,
    0x00,0x08,0x00,0x00,0x10,0x38,0x10,0x38,0x30,0xb8,0x50,0x30,0x70,0x70,0x50,0x60,0x60,0xe0,0x40,0xe0,0x70,0xe8,0xd0,0xe8,0x50,0x88,0x00,0x80,0x10,0xa8,0x18,0xb8,
    0x30,0xf8,0x50,0x78,0x70,0x78,0x58,0x78,0x50,0xf8,0x58,0xf8,0x70,0xf8,0xd8,0xf8,0x70,0xf8,0xd0,0xf0,0x70,0xf0,0xd0,0xe0,0x71,0xe8,0xd4,0xe8,0x74,0xec,0xcc,0xc8,
    0x50,0x98,0x9c,0xb9,0x15,0xbc,0xdc,0xbe,0x74,0xff,0x5d,0x7e,0x74,0xfc,0x5c,0xfc,0x76,0xfe,0xfc,0xfc,0x74,0xf8,0xd8,0xfa,0x70,0xfa,0xd1,0xf2,0x77,0xfe,0xd5,0xfe,
    0x77,0xfe,0xdd,0xef,0x57,0xef,0xdd,0xff,0x57,0xff,0xdd,0xff,0x77,0xff,0xdd,0xff,0x77,0xfe,0x5c,0xfe,0x76,0xfe,0xdd,0xff,0x77,0xff,0xfd,0xff,0x77,0xff,0xdd,0xff,
    0x00,0x00,0x00,0x08,0x00,0x00,0x00,0x00,0x00,0x80,0x80,0x00,0x00,0x80,0x00,0x00,0x00,0x80,0x40,0xa0,0x41,0xc0,0x40,0x80,0x00,0x80,0x00,0x80,0x00,0x80,0x00,0x20,
    0x00,0xa2,0x00,0x21,0x00,0x20,0x40,0x60,0x40,0xe0,0x40,0xe0,0x60,0xe0,0xc0,0xe0,0x50,0xe0,0xc0,0xe1,0x41,0xe0,0xc9,0xe1,0x61,0xe1,0xc1,0xe1,0x41,0xe1,0x41,0xe1,
    0x41,0x89,0x51,0xb9,0x51,0xf9,0xd1,0xfb,0x71,0xfb,0x51,0xfa,0x70,0xf8,0x50,0xf8,0x72,0xf8,0xd1,0xfb,0x71,0xf9,0xd9,0xfb,0x51,0xfb,0xd1,0xfb,0x53,0xfb,0xd5,0xff,
    0x77,0xff,0xdd,0xff,0x77,0xff,0x5d,0xff,0x77,0xff,0xdd,0xff,0x77,0xff,0xdf,0xff,0x77,0xff,0xdd,0xfb,0x77,0xff,0xd5,0xff,0x77,0xff,0xdd,0xff,0x77,0xef,0xdd,0xff,
    0x00,0x00,0x00,0x00,0x00,0x00,0x00,0x00,0x00,0x00,0x00,0x00,0x00,0x00,0x00,0x00,0x00,0x00,0x00,0x00,0x00,0x00,0x00,0x00,0x00,0x10,0x00,0x00,0x00,0x00,0x08,0x00,
    0x00,0x00,0x00,0x00,0x00,0x00,0x00,0x00,0x00,0x04,0x00,0x00,0x00,0x00,0x00,0x00,0x01,0x01,0x01,0x01,0x01,0x01,0x01,0x01,0x05,0x07,0x01,0x03,0x01,0x03,0x01,0x02,
    0x00,0x00,0x00,0x00,0x01,0x01,0x01,0x03,0x01,0x07,0x01,0x03,0x01,0x02,0x01,0x03,0x01,0x03,0x01,0x03,0x03,0x03,0x01,0x03,0x01,0x03,0x01,0x03,0x03,0x03,0x05,0x07,
    0x07,0x07,0x05,0x07,0x07,0x06,0x04,0x0e,0x06,0xee,0x4d,0xef,0x55,0xef,0xdd,0xff,0x71,0xfb,0xd5,0xfb,0x73,0xfb,0xd5,0xff,0x77,0xff,0xdd,0xff,0x77,0xef,0xcd,0xef
  },
  { // 53
    0x00,0x00,0x00,0x00,0x00,0x00,0x00,0x00,0x00,0x00,0x00,0x00,0x00,0x00,0x00,0x00,0x00,0x00,0x00,0x00,0x08,0x00,0x00,0x00,0x00,0x00,0x00,0x00,0x00,0x00,0x00,0x00,
    0x00,0x00,0x00,0x00,0x00,0x00,0x00,0x00,0x00,0x00,0x00,0x00,0x00,0x00,0x00,0x00,0x00,0x00,0x00,0x00,0x00,0x00,0x00,0x00,0x00,0x00,0x00,0x80,0x00,0x00,0x00,0x00,
    0x00,0x00,0x00,0x08,0x00,0x88,0x80,0x08,0x04,0x08,0x40,0x08,0x44,0x08,0x54,0x2c,0x1c,0x38,0x14,0x38,0x18,0x38,0x10,0x38,0x10,0x32,0x10,0x3a,0x14,0x3e,0x36,0x2e,
    0x44,0x2e,0x06,0x8e,0x4c,0xce,0x17,0x9f,0x5d,0xbf,0x37,0xbf,0x5d,0xbf,0x37,0xbe,0x5c,0x7e,0x76,0xfe,0xdc,0xfe,0x77,0xff,0xdd,0xff,0x75,0xff,0xdd,0xfb,0x73,0xfb,
    0x00,0x28,0x10,0x38,0x50,0x38,0x50,0x38,0x50,0x38,0x30,0x30,0x50,0x30,0x70,0x60,0x50,0x60,0x60,0xe8,0x40,0x68,0x40,0xc8,0x40,0x08,0x00,0x88,0x18,0xb8,0x10,0xb8,
    0x18,0x38,0x30,0x38,0x54,0x38,0x70,0x78,0x5c,0xf8,0x74,0xf8,0xdc,0xf8,0x70,0xf8,0xd0,0xf8,0x72,0xf8,0xd0,0xf0,0x70,0xfc,0xd4,0xfc,0x74,0xec,0x44,0xec,0x44,0xcc,
    0x5c,0xfc,0x54,0xfe,0xdc,0xfe,0x74,0xfe,0x5c,0xbe,0x74,0xfe,0x5c,0xfe,0x74,0xfe,0xdc,0xfe,0x7c,0xfc,0xfc,0xf8,0x70,0xf8,0xf8,0xfa,0x73,0xff,0xdd,0xff,0xf7,0xff,
    0xdd,0xff,0x77,0xfe,0x5d,0xfe,0x77,0xff,0xdd,0xff,0x77,0xff,0xdd,0xff,0x77,0xff,0xdd,0xfb,0x77,0xff,0xdd,0xff,0x77,0xff,0xdd,0xff,0x77,0xef,0xcd,0xef,0x57,0xff,
    0x00,0x00,0x00,0x00,0x40,0x60,0x40,0x00,0x40,0x00,0x00,0x80,0x00,0x00,0x00,0x82,0x00,0x20,0x00,0xa0,0x40,0x20,0x00,0x00,0x00,0x00,0x00,0x80,0x00,0xa0,0x02,0xa0,
    0x10,0xb0,0x10,0xa0,0x10,0x20,0x70,0xe0,0x50,0xe0,0x70,0xe0,0xc0,0xe0,0x60,0xf0,0xc1,0xe1,0x40,0xe0,0xc0,0xa0,0x51,0xb0,0xd1,0xb0,0x31,0xa8,0x70,0x20,0x60,0x68,
    0x70,0xf8,0x70,0xf8,0xd8,0xf8,0x71,0xf8,0xd9,0xf8,0x71,0xf8,0xd0,0xf8,0x71,0xfa,0xd1,0xfb,0x71,0xeb,0xc5,0xeb,0x41,0xeb,0xcd,0xeb,0x55,0xff,0xdd,0xff,0x77,0xff,
    0xdd,0xbf,0x37,0xbf,0x5d,0x7e,0x77,0xfe,0xfd,0xff,0x77,0xff,0xdd,0xff,0x75,0xf9,0xd9,0xfb,0x71,0xfb,0xdd,0xff,0x77,0xff,0xdd,0xff,0x77,0xef,0xcf,0xef,0x47,0xef,
    0x00,0x00,0x00,0x00,0x00,0x00,0x00,0x00,0x00,0x00,0x00,0x00,0x00,0x00,0x00,0x00,0x00,0x00,0x00,0x00,0x20,0x00,0x00,0x00,0x00,0x00,0x04,0x00,0x00,0x00,0x00,0x00,
    0x00,0x00,0x10,0x00,0x00,0x00,0x00,0x00,0x00,0x00,0x00,0x00,0x00,0x00,0x00,0x00,0x00,0x00,0x01,0x00,0x01,0x01,0x05,0x01,0x01,0x01,0x01,0x01,0x01,0x00,0x00,0x00,
    0x00,0x00,0x00,0x00,0x02,0x00,0x01,0x04,0x01,0x00,0x01,0x01,0x01,0x01,0x01,0x03,0x01,0x03,0x03,0x03,0x01,0x03,0x03,0x03,0x01,0x03,0x03,0x03,0x05,0x03,0x07,0x83,
    0x05,0x03,0x03,0x03,0x05,0x23,0x07,0xe6,0x45,0xe7,0x67,0xef,0xc5,0xef,0x65,0xed,0xc5,0xeb,0x51,0xfb,0xdd,0xff,0x77,0xff,0xdd,0xff,0x77,0xff,0x5d,0xff,0x77,0xff
  },
  { // 54
    0x00,0x00,0x00,0x00,0x00,0x00,0x00,0x00,0x00,0x00,0x00,0x00,0x00,0x00,0x00,0x00,0x00,0x08,0x00,0x00,0x00,0x00,0x00,0x00,0x00,0x00,0x00,0x00,0x00,0x00,0x00,0x00,
    0x00,0x00,0x00,0x00,0x00,0x00,0x00,0x00,0x00,0x00,0x00,0x00,0x00,0x00,0x00,0x00,0x00,0x00,0x00,0x80,0x00,0x00,0x00,0x00,0x00,0x00,0x00,0x00,0x00,0x00,0x00,0x00,
    0x80,0x80,0x00,0x20,0x00,0x28,0x00,0x20,0x00,0x08,0x00,0x00,0x20,0x08,0x04,0x08,0x04,0x08,0x04,0x08,0x00,0x08,0x00,0x08,0x10,0x0a,0x14,0x1a,0x16,0x3e,0x14,0x2e,
    0x06,0x2e,0x04,0x2e,0x16,0xbe,0x5d,0xbf,0x57,0xff,0xdd,0xbf,0x75,0xff,0xdd,0xbf,0x77,0xff,0xdd,0xff,0x77,0xff,0xdd,0xff,0x77,0xff,0xdd,0xef,0x77,0xff,0xdd,0xff,
    0x10,0x28,0x10,0x38,0x10,0x38,0x10,0x28,0x10,0x28,0x10,0x20,0x10,0x38,0x10,0x30,0x10,0x20,0x00,0x20,0x00,0x28,0x04,0x08,0x00,0x0c,0x1c,0x38,0x14,0x3c,0x1c,0x38,
    0x10,0x38,0x18,0x38,0x30,0x38,0x54,0x78,0x74,0x7c,0x5c,0x78,0x74,0xe8,0x50,0xe8,0x50,0xe8,0x50,0xf8,0x50,0xfa,0x5c,0xbe,0x34,0xbe,0x14,0x2e,0x34,0x2e,0x5c,0x7e,
    0x74,0xfe,0x5c,0xfe,0x74,0xfe,0xdc,0xfe,0x74,0xfa,0xdc,0xfa,0x76,0xfe,0xdc,0xfe,0x76,0xfe,0xd4,0xee,0x64,0xee,0xcc,0xef,0x57,0xff,0xdd,0xff,0x57,0xff,0xdd,0xbf,
    0x37,0xbf,0x1d,0x3f,0x77,0xfe,0x5d,0xfe,0x77,0xfe,0xdd,0xfe,0x75,0xfd,0xdd,0xfb,0x71,0xfb,0xdd,0xff,0xf7,0xff,0xdd,0xff,0x77,0xff,0xc5,0xef,0x67,0xef,0xdd,0xff,
    0x00,0x20,0x00,0x20,0x00,0x20,0x40,0x20,0x00,0x00,0x44,0x00,0x00,0x00,0x00,0x00,0x00,0x00,0x00,0x20,0x00,0x20,0x00,0x20,0x00,0x20,0x44,0x20,0x50,0xe8,0x50,0x30,
    0x50,0xb8,0x50,0xb0,0x70,0xf0,0x50,0xf0,0x70,0xf0,0x70,0xe0,0x60,0xe0,0x42,0xe0,0x40,0xe8,0xc0,0xe8,0x50,0xf8,0xf8,0xb8,0x30,0xb8,0x30,0x38,0x30,0x38,0x50,0x78,
    0x70,0xfc,0x5c,0xf8,0x74,0xf8,0xd8,0xf8,0x70,0xf8,0xd8,0xf8,0x71,0xf9,0xd1,0xfb,0x71,0xfb,0xd5,0xe3,0x65,0xee,0xc5,0xef,0x45,0xef,0xdd,0xff,0x57,0xff,0xdd,0xbf,
    0x37,0xbf,0x5d,0xbf,0x77,0xff,0xdd,0xff,0x77,0xfe,0xdc,0xfe,0x75,0xfc,0xdf,0xfd,0x77,0xff,0xdf,0xff,0x77,0xff,0xdd,0xff,0x77,0xff,0xd5,0xff,0x77,0xff,0xdd,0xff,
    0x00,0x00,0x00,0x00,0x00,0x00,0x00,0x00,0x00,0x00,0x00,0x00,0x00,0x00,0x00,0x00,0x40,0x00,0x00,0x00,0x00,0x00,0x00,0x04,0x00,0x00,0x00,0x10,0x00,0x00,0x00,0x00,
    0x00,0x00,0x00,0x00,0x00,0x00,0x00,0x00,0x00,0x00,0x00,0x00,0x00,0x00,0x00,0x00,0x00,0x00,0x00,0x04,0x00,0x00,0x00,0x00,0x00,0x00,0x00,0x00,0x00,0x00,0x00,0x00,
    0x02,0x00,0x04,0x00,0x00,0x00,0x00,0x00,0x00,0x00,0x01,0x01,0x01,0x01,0x01,0x01,0x01,0x03,0x01,0x03,0x01,0x03,0x01,0x03,0x03,0x03,0x01,0x03,0x03,0x03,0x01,0x03,
    0x01,0xc3,0x01,0xa3,0x01,0xe3,0xd1,0xe3,0x73,0xe3,0xd5,0xe3,0x67,0xe7,0xc5,0xe7,0x67,0xef,0xcd,0xff,0x57,0xff,0xdd,0xff,0x57,0xbf,0x9d,0xbf,0x37,0xff,0x5d,0xff
  },
  { // 55
    0x00,0x00,0x00,0x00,0x00,0x00,0x00,0x00,0x00,0x00,0x00,0x00,0x10,0x00,0x00,0x00,0x00,0x00,0x00,0x00,0x00,0x00,0x00,0x00,0x00,0x00,0x00,0x00,0x00,0x00,0x00,0x00,
    0x00,0x00,0x00,0x00,0x00,0x00,0x00,0x00,0x00,0x80,0x00,0x00,0x00,0x00,0x00,0x00,0x00,0x00,0x00,0x00,0x00,0x00,0x00,0x00,0x00,0x20,0x20,0x00,0x00,0x00,0x00,0x00,
    0x00,0x00,0x00,0x00,0x00,0x00,0x40,0x00,0x40,0x00,0x40,0x00,0x00,0x00,0x00,0x00,0x00,0x00,0x00,0x00,0x04,0x0a,0x04,0x8e,0x04,0x8e,0x15,0x8e,0x05,0xaa,0x07,0x8e,
    0x1d,0x1e,0x17,0xbe,0x1d,0xbe,0x16,0xfe,0x5c,0xfe,0x54,0xfc,0xdc,0xfc,0x75,0xff,0xdd,0xfb,0x77,0xff,0xdd,0xfb,0x77,0xf7,0xd5,0xe7,0x77,0xef,0xdd,0xff,0x77,0xff,
    0x10,0x30,0x10,0x00,0x00,0x00,0x05,0x00,0x00,0x00,0x00,0x08,0x00,0x08,0x10,0x08,0x00,0x08,0x10,0x08,0x04,0x28,0x14,0x2e,0x1c,0x3e,0x14,0x3c,0x1c,0x3c,0x14,0x3c,
    0x1c,0x38,0x10,0x38,0x18,0x3a,0x30,0x3a,0x90,0x32,0x30,0x22,0x04,0x22,0x04,0x2e,0x44,0x2e,0x54,0x6e,0x5c,0x1e,0x16,0x1e,0x1c,0x3e,0x16,0x3e,0x1c,0x3e,0x36,0x7e,
    0x5c,0x7e,0x75,0x7f,0x5c,0x7c,0x74,0xfc,0x5c,0xfa,0x75,0xff,0xdd,0xfb,0x73,0xfb,0xd5,0xf3,0x77,0xef,0x75,0xef,0x77,0xff,0xdd,0xff,0x77,0xff,0xdd,0xbf,0x17,0xbf,
    0x5d,0xbf,0xf7,0xff,0xdd,0xff,0x77,0xff,0xdc,0xfe,0x76,0xfe,0xdc,0xff,0x75,0xff,0xdd,0xff,0x77,0xff,0xdd,0xff,0x77,0xff,0xd5,0xbf,0x77,0xff,0xdd,0xff,0x77,0xff,
    0x10,0x20,0x10,0x28,0x00,0x20,0x00,0x20,0x00,0x20,0x00,0x00,0x00,0x18,0x00,0x08,0x00,0x08,0x10,0x08,0x10,0x38,0x10,0x38,0x10,0x38,0x30,0x38,0x50,0x38,0xf0,0x68,
    0x50,0x68,0x50,0xf8,0x50,0xf8,0x70,0xf8,0x54,0xb0,0x10,0xa0,0x00,0x20,0x00,0x28,0x44,0x6c,0x74,0xec,0x5c,0x7c,0x54,0xbc,0x5c,0x38,0x14,0xbc,0x5c,0xb8,0x74,0xfe,
    0x5c,0xfe,0x74,0xfc,0x54,0xf8,0x74,0xfc,0xdc,0xfc,0x74,0xfe,0xdd,0xfb,0x55,0xfb,0xdd,0xbf,0x17,0xbf,0x15,0xbf,0x77,0xff,0x5d,0xff,0x7f,0xfe,0x5c,0xfe,0x74,0xfe,
    0xdd,0xff,0x75,0xff,0xdd,0xff,0x77,0xff,0xdd,0xfb,0x77,0xff,0xd5,0xff,0x77,0xff,0xdd,0xff,0x77,0xff,0xdd,0xff,0x57,0xdf,0xdd,0xbf,0x37,0xbf,0xdd,0xff,0x77,0xff,
    0x00,0x00,0x00,0x00,0x00,0x00,0x00,0x00,0x00,0x00,0x00,0x00,0x00,0x00,0x00,0x00,0x00,0x22,0x00,0x00,0x00,0x00,0x00,0x00,0x00,0x00,0x00,0x00,0x00,0x00,0x00,0x00,
    0x00,0x00,0x00,0x00,0x00,0x00,0x00,0x00,0x00,0x00,0x00,0x00,0x00,0x00,0x00,0x02,0x00,0x00,0x00,0x00,0x00,0x00,0x00,0x00,0x00,0x01,0x00,0x08,0x00,0x00,0x00,0x00,
    0x00,0x00,0x00,0x00,0x00,0x00,0x00,0x00,0x00,0x00,0x00,0x00,0x01,0x01,0x01,0x01,0x01,0x01,0x01,0x01,0x01,0x01,0x01,0x21,0x01,0x21,0x81,0x20,0x40,0x20,0x40,0xe0,
    0x40,0xe0,0x71,0xf9,0xd1,0xfb,0x71,0xfb,0xd1,0xf3,0x73,0xf3,0xd1,0xe3,0x77,0xef,0xd5,0xff,0x77,0xef,0xdd,0xff,0x57,0xff,0xdd,0xff,0x77,0xff,0xdd,0xff,0x77,0xff
  },
  { // 56
    0x00,0x00,0x00,0x00,0x00,0x00,0x00,0x00,0x10,0x00,0x00,0x00,0x00,0x00,0x00,0x00,0x00,0x00,0x00,0x00,0x00,0x00,0x00,0x00,0x00,0x00,0x00,0x00,0x00,0x00,0x00,0x00,
    0x00,0x00,0x00,0x00,0x00,0x00,0x00,0x00,0x00,0x00,0x00,0x00,0x00,0x00,0x00,0x00,0x00,0x00,0x00,0x00,0x10,0x00,0x00,0x00,0x00,0x00,0x00,0x00,0x00,0x00,0x00,0x00,
    0x20,0x00,0x20,0x00,0x20,0x00,0x00,0x00,0x80,0x00,0x80,0x00,0x80,0x80,0x90,0x00,0x80,0x00,0x82,0x00,0x92,0x04,0x82,0x04,0x96,0x04,0x82,0x04,0x8e,0x04,0x8e,0x05,
    0x8f,0x8d,0x8f,0x17,0x8e,0xd4,0xaa,0x54,0xee,0xd4,0xef,0x74,0xee,0xdd,0xff,0x77,0xff,0xdd,0xff,0x57,0xfb,0xdd,0xff,0x57,0xff,0xdd,0xff,0x77,0xff,0xdd,0xff,0x77,
    0x00,0x00,0x00,0x00,0x00,0x00,0x00,0x00,0x00,0x04,0x02,0x04,0x0e,0x04,0x0a,0x04,0x08,0x04,0x0a,0x14,0x0e,0x1c,0x1e,0x14,0x1e,0x14,0x1e,0x14,0x0c,0x04,0x08,0x16,
    0x0c,0x1c,0x08,0x94,0x08,0x18,0x0a,0x10,0x0a,0x00,0x42,0x13,0x0e,0x15,0x2e,0x17,0x2e,0x0d,0x2e,0x06,0x0e,0x0c,0x1e,0x15,0x1f,0x1d,0x3f,0x17,0x3f,0x1d,0x3e,0x37,
    0x3e,0x14,0x3a,0x34,0x3e,0x54,0x7e,0x77,0xff,0x5d,0xff,0x55,0xef,0x5d,0x9b,0x17,0x9f,0x3d,0xbf,0x37,0xbf,0x3d,0xbf,0x37,0x3f,0x5d,0x7e,0x77,0x7e,0x5d,0xff,0x77,
    0xff,0xdd,0xff,0x77,0xff,0xdd,0xfb,0x73,0xfb,0xd5,0xff,0x77,0xff,0xdd,0xff,0x77,0xff,0xdd,0xef,0x57,0xcf,0xdd,0xdf,0x57,0xff,0xdd,0xff,0x77,0xff,0xdd,0xff,0x77,
    0x08,0x00,0x00,0x00,0x40,0x00,0x00,0x00,0x08,0x04,0x28,0x04,0x2c,0x04,0x08,0x04,0x08,0x1c,0x18,0x10,0x38,0x1c,0x38,0x10,0x38,0x18,0x38,0x30,0x38,0x10,0x30,0x30,
    0x28,0x5c,0x28,0x74,0x6c,0x44,0x28,0x00,0x28,0x00,0x2a,0x10,0x3e,0x1c,0x3e,0x36,0x3e,0x1c,0xbe,0x34,0x3e,0x5c,0x3e,0x74,0x7c,0x5c,0x7e,0x74,0xfe,0x5c,0xfa,0x70,
    0xfa,0x50,0xfa,0x70,0xfa,0x54,0xfe,0x77,0xfe,0x5d,0xef,0x67,0xef,0x4d,0xcf,0x57,0xdf,0x5d,0xbf,0x17,0xbf,0x5d,0xbf,0x77,0xff,0x5d,0x7e,0x76,0xfe,0x5c,0xfe,0x74,
    0xfe,0xdf,0xff,0x75,0xff,0xdd,0xfb,0x71,0xfb,0xd1,0xfb,0x77,0xff,0xdd,0xff,0x77,0xff,0xdd,0xff,0x77,0xef,0xdd,0xff,0x57,0xff,0xdd,0xff,0x77,0xff,0xdd,0xff,0x77,
    0x00,0x00,0x00,0x00,0x00,0x00,0x00,0x10,0x00,0x00,0x00,0x00,0x02,0x00,0x00,0x00,0x00,0x00,0x00,0x00,0x02,0x00,0x00,0x00,0x00,0x00,0x00,0x00,0x00,0x00,0x00,0x00,
    0x00,0x00,0x00,0x00,0x00,0x00,0x00,0x00,0x00,0x00,0x00,0x02,0x00,0x00,0x00,0x00,0x00,0x00,0x00,0x00,0x08,0x00,0x00,0x00,0x00,0x00,0x00,0x00,0x00,0x00,0x00,0x00,
    0x00,0x00,0x00,0x00,0x00,0x00,0x00,0x00,0x00,0x00,0x00,0x00,0x00,0x00,0x00,0x00,0x00,0x00,0x80,0x10,0x20,0x10,0x30,0x10,0x38,0x10,0x30,0x30,0x70,0x50,0x70,0x70,
    0xf8,0x50,0xf8,0x71,0xe9,0xc1,0xe9,0x41,0xe9,0xd1,0xfb,0x53,0xff,0xdd,0xff,0x77,0xff,0x5d,0xbf,0x77,0x7f,0x5d,0xff,0x77,0xff,0xdd,0xff,0x77,0xff,0xdd,0xff,0x77
  },
  { // 57
    0x00,0x00,0x00,0x00,0x00,0x21,0x00,0x00,0x00,0x00,0x00,0x00,0x00,0x00,0x00,0x00,0x00,0x00,0x00,0x00,0x00,0x00,0x00,0x00,0x00,0x00,0x00,0x04,0x00,0x00,0x00,0x00,
    0x00,0x00,0x00,0x00,0x00,0x00,0x00,0x00,0x00,0x00,0x00,0x00,0x00,0x00,0x00,0x10,0x00,0x00,0x00,0x80,0x00,0x00,0x00,0x00,0x10,0x00,0x00,0x80,0x00,0x00,0x00,0x00,
    0x00,0x00,0x00,0x80,0x00,0x80,0x00,0x80,0x80,0xa0,0x00,0xc0,0x80,0xc0,0x00,0xd0,0x80,0x80,0x00,0x80,0x80,0x92,0x00,0x02,0x00,0x02,0x00,0x82,0x44,0xc2,0x44,0xc2,
    0xc4,0xc2,0x41,0xc8,0xc1,0xe2,0x41,0xe2,0xc1,0xe3,0x77,0xef,0xc5,0xef,0x67,0xef,0xc5,0xef,0x47,0xcf,0xcd,0xff,0x57,0xff,0xdd,0xff,0x77,0xff,0xdd,0xbf,0x77,0xff,
    0x00,0x00,0x00,0x00,0x00,0x02,0x00,0x02,0x04,0x02,0x04,0x06,0x04,0x06,0x04,0x0e,0x04,0x0e,0x04,0x0e,0x0c,0x0a,0x00,0x0a,0x08,0x0a,0x00,0x0a,0x00,0x02,0x00,0x8e,
    0x04,0x0e,0x04,0x0e,0x04,0x0a,0x01,0x0a,0x05,0x0b,0x07,0x0f,0x1d,0x2f,0x17,0x0f,0x15,0x0e,0x16,0x0e,0x0e,0x0e,0x16,0x1e,0x1c,0x3e,0x15,0x3e,0x1d,0x3b,0x11,0x3a,
    0x11,0x3b,0x11,0x3b,0x15,0x3f,0x37,0xaf,0x1d,0xaf,0x07,0xaf,0x0d,0x8f,0x07,0x8f,0x1d,0xbf,0x17,0xbf,0x1d,0xbf,0x37,0x3f,0x1d,0x3e,0x77,0x7e,0x5c,0xfe,0x77,0xff,
    0xdd,0xff,0x75,0xff,0xdd,0xfb,0x71,0xfb,0xd9,0xff,0x77,0xff,0xdd,0xff,0x77,0xff,0xdf,0xef,0x67,0xef,0xdd,0xff,0x77,0xff,0xdd,0xff,0x77,0xff,0xdd,0xff,0x77,0xff,
    0x00,0x00,0x00,0x08,0x00,0x08,0x10,0x08,0x14,0x1a,0x14,0x0c,0x14,0x0c,0x14,0x2c,0x1c,0x3c,0x14,0x3c,0x1c,0x38,0x14,0x38,0x18,0x38,0x10,0x38,0x10,0x32,0x10,0x3a,
    0x14,0x2e,0x04,0x2e,0x04,0x2e,0x04,0x0e,0x0e,0x0e,0x14,0x1e,0x1c,0x7e,0x16,0x3e,0x3c,0x3e,0x36,0x3e,0x3c,0x3e,0x34,0x7e,0x5c,0x7e,0x74,0x7e,0x5c,0x7c,0x70,0x78,
    0x59,0x3b,0x51,0x7b,0x5d,0x3f,0x77,0x7f,0x55,0x3f,0x77,0x2f,0x4d,0x2f,0x57,0x7f,0x5d,0xff,0x77,0xff,0x5d,0xff,0x77,0xff,0x5d,0xbf,0x77,0xff,0x5d,0xfe,0x77,0xff,
    0xdd,0xff,0x77,0xff,0xdd,0xff,0x75,0xff,0xdd,0xff,0x77,0xff,0xdd,0xff,0x77,0xff,0x5d,0xbf,0x77,0xff,0x5d,0xff,0x77,0xff,0xdd,0xff,0x77,0xff,0xdd,0xff,0x75,0xff,
    0x00,0x00,0x00,0x00,0x00,0x00,0x00,0x00,0x00,0x00,0x00,0x00,0x02,0x00,0x00,0x00,0x00,0x00,0x00,0x00,0x00,0x00,0x00,0x00,0x00,0x00,0x00,0x00,0x00,0x00,0x00,0x00,
    0x00,0x00,0x00,0x00,0x00,0x00,0x00,0x00,0x02,0x00,0x00,0x00,0x00,0x00,0x00,0x08,0x00,0x00,0x00,0x00,0x00,0x00,0x00,0x00,0x00,0x00,0x00,0x00,0x00,0x00,0x00,0x00,
    0x00,0x00,0x00,0x00,0x00,0x00,0x00,0x00,0x00,0x00,0x00,0x00,0x00,0xa0,0x00,0x28,0x00,0x28,0x10,0x38,0x50,0x38,0x50,0xb8,0x50,0x38,0x70,0x78,0x50,0x78,0x70,0xf8,
    0x50,0xf0,0x71,0xe8,0x44,0xea,0x45,0xef,0xcd,0xef,0x57,0xff,0xdd,0xff,0x57,0xbf,0x1d,0xbf,0x37,0xbf,0x5d,0xff,0x77,0xff,0xdd,0xff,0x77,0xff,0xdd,0xff,0x75,0xfd
  },
  { // 58
    0x00,0x00,0x41,0x00,0x00,0x00,0x00,0x00,0x00,0x00,0x00,0x00,0x00,0x00,0x00,0x00,0x00,0x00,0x00,0x04,0x00,0x00,0x00,0x00,0x00,0x00,0x00,0x00,0x00,0x00,0x00,0x00,
    0x00,0x00,0x00,0x00,0x00,0x00,0x00,0x00,0x00,0x80,0x10,0x00,0x00,0x40,0x00,0x00,0x00,0x00,0x08,0x00,0x00,0x00,0x00,0x00,0x00,0x80,0x00,0x80,0x00,0x80,0x00,0x80,
    0x00,0x80,0x80,0x80,0x60,0x80,0xa0,0x80,0x20,0x80,0xa0,0x80,0x00,0x80,0x80,0x80,0x00,0x80,0x88,0x80,0x00,0x80,0x00,0x00,0x00,0x00,0x40,0xc0,0x40,0xe0,0xc0,0xe0,
    0x40,0xe0,0xc0,0xe0,0x40,0xe0,0xc1,0xe3,0x61,0xe3,0xc1,0xe3,0x67,0xe7,0xc5,0xe7,0x47,0xef,0xc5,0xef,0x57,0xff,0xdd,0xff,0x77,0xff,0xdd,0xbf,0x77,0xff,0xdd,0xff,
    0x00,0x00,0x00,0x00,0x00,0x02,0x00,0x02,0x00,0x02,0x00,0x02,0x00,0x06,0x04,0x06,0x14,0x0e,0x04,0x08,0x04,0x08,0x00,0x00,0x00,0x08,0x00,0x02,0x80,0x22,0x00,0x02,
    0x01,0x02,0x04,0x02,0x04,0x06,0x05,0x0f,0x07,0x0f,0x4d,0x1f,0x07,0x0f,0x0d,0x0f,0x07,0x0e,0x04,0x0e,0x16,0x0e,0x1c,0x1e,0x14,0x0e,0x1c,0x0c,0x14,0x88,0x09,0x89,
    0x11,0x9b,0x11,0x9b,0x17,0x9f,0x15,0xa7,0x07,0x8f,0x05,0x0f,0x07,0x8f,0x0d,0xbf,0x17,0xbf,0x1d,0xbf,0xb7,0xbf,0x3d,0xbf,0x37,0xbf,0x5d,0xff,0x77,0xff,0xdd,0xff,
    0x77,0xfe,0xdd,0xef,0x75,0xef,0xdd,0xff,0x77,0xff,0xdd,0xff,0x77,0xbf,0xdd,0xbf,0x37,0xbf,0x5d,0xff,0x77,0xff,0xdd,0xff,0x77,0xff,0xdd,0xff,0x75,0xff,0xdd,0xff,
    0x04,0x0c,0x04,0x0e,0x04,0x0e,0x1c,0x0e,0x14,0x0e,0x1c,0x1a,0x14,0x1e,0x14,0x1e,0x14,0x3e,0x1c,0x3e,0x14,0x0c,0x04,0x08,0x00,0x08,0x10,0x1a,0x10,0x1a,0x1c,0x3a,
    0x17,0x2e,0x04,0x27,0x06,0x0e,0x04,0x2e,0x36,0x2e,0x1d,0x3e,0x17,0x3e,0x1d,0x3e,0x14,0x3e,0x1c,0x7a,0x36,0x7e,0x1c,0x7e,0x36,0x3e,0x54,0x3e,0x74,0x3e,0x45,0x2f,
    0x55,0x2f,0x5d,0x3f,0x17,0x3f,0x1d,0x3f,0x17,0x3f,0x1d,0x3f,0x37,0x3f,0x5d,0x7f,0x77,0x7f,0x5d,0x7f,0x75,0xfe,0x5d,0xff,0x75,0xff,0x5d,0xff,0x77,0xff,0xdd,0xff,
    0x77,0xff,0xd5,0xef,0x67,0xef,0xcd,0xef,0x77,0xff,0xdd,0xff,0x57,0xbf,0x9f,0xbf,0x37,0xbf,0x5f,0xff,0x77,0xff,0xdd,0xff,0x77,0xfe,0xdd,0xfe,0x75,0xfd,0xdd,0xff,
    0x00,0x00,0x00,0x00,0x04,0x00,0x00,0x00,0x00,0x00,0x00,0x00,0x00,0x00,0x00,0x00,0x00,0x00,0x00,0x00,0x00,0x00,0x00,0x00,0x00,0x00,0x00,0x00,0x00,0x00,0x00,0x00,
    0x00,0x00,0x00,0x00,0x00,0x01,0x00,0x00,0x00,0x00,0x04,0x00,0x00,0x00,0x00,0x00,0x00,0x00,0x00,0x00,0x00,0x00,0x00,0x00,0x00,0x00,0x00,0x00,0x00,0x00,0x00,0x00,
    0x00,0x00,0x00,0x00,0x00,0x08,0x00,0x80,0x00,0x08,0x10,0x00,0x10,0x38,0x10,0x38,0x30,0x38,0x90,0x38,0x30,0x78,0x50,0x38,0x50,0x78,0x58,0x78,0x70,0x78,0x50,0x7a,
    0x70,0xf2,0x54,0x22,0x65,0xee,0x45,0xef,0x77,0xff,0x5d,0xff,0x57,0xff,0x5d,0xbf,0x77,0xff,0xdd,0xff,0x77,0xff,0xdd,0xff,0x77,0xfe,0xdd,0xfe,0x75,0xff,0xdd,0xff
  },
  { // 59
    0x00,0x00,0x00,0x00,0x00,0x00,0x00,0x00,0x00,0x08,0x00,0x00,0x00,0x00,0x00,0x00,0x00,0x00,0x00,0x00,0x00,0x00,0x00,0x00,0x00,0x00,0x00,0x00,0x00,0x00,0x00,0x00,
    0x00,0x00,0x00,0x10,0x00,0x00,0xa0,0x00,0x80,0x00,0x80,0x04,0x00,0x00,0x00,0x00,0x00,0x00,0x00,0x00,0x00,0x00,0x80,0x00,0x80,0x00,0x80,0x00,0x80,0x80,0x80,0x80,
    0x80,0x00,0x80,0x80,0xc0,0x00,0x80,0x00,0x80,0x00,0x80,0x40,0x80,0x48,0xc0,0x40,0x80,0x40,0x80,0x40,0x80,0x00,0x80,0xc1,0xe0,0x40,0xe0,0xc0,0xe0,0x60,0xe0,0xc0,
    0xe0,0x40,0xe0,0xc0,0xe0,0x41,0xe3,0xc1,0xe3,0x41,0xe3,0xc1,0xa3,0x13,0xaf,0x95,0xbf,0x77,0xff,0xdd,0xff,0x77,0xff,0xdd,0xff,0x75,0xff,0xdd,0xff,0x77,0xff,0xdd,
    0x00,0x00,0x00,0x00,0x02,0x00,0x12,0x00,0x00,0x00,0x02,0x00,0x02,0x00,0x02,0x00,0x02,0x00,0x00,0x00,0x08,0x00,0x00,0x80,0x00,0x01,0x00,0x81,0x03,0x01,0x03,0x01,
    0x03,0x03,0x03,0x25,0x07,0x87,0x0f,0x05,0x0f,0x07,0x0e,0x05,0x0e,0x05,0x0e,0x0d,0x0a,0x05,0x8f,0x0d,0x0b,0x07,0x8e,0x05,0x02,0x00,0x82,0x04,0x82,0x05,0x8f,0x85,
    0x8f,0x07,0x8f,0x8d,0x8f,0x07,0x8f,0x05,0x8f,0x17,0x8f,0x1d,0x3f,0x17,0xbf,0x9d,0x3f,0x17,0xbe,0x5c,0xbe,0x55,0xff,0xdd,0xff,0x77,0xff,0xdd,0xfb,0x73,0xfb,0xd5,
    0xf3,0x77,0xef,0xc5,0xef,0x77,0xef,0xdd,0xff,0x57,0xdf,0xdd,0x9f,0x17,0xbf,0x9d,0xbf,0x7f,0xff,0xdd,0xff,0x77,0xff,0xdc,0xfe,0x76,0xfe,0xdd,0xff,0x75,0xff,0xdd,
    0x0e,0x06,0x0e,0x0c,0x0e,0x04,0x0e,0x0c,0x08,0x14,0x08,0x1c,0x1a,0x10,0x1a,0x14,0x1e,0x10,0x0a,0x00,0x02,0x00,0x02,0x04,0x0e,0x05,0x1e,0x0d,0x0f,0x07,0x0f,0x0d,
    0x0b,0x97,0x1f,0x1d,0x1f,0x17,0x3f,0x1d,0x3e,0x16,0x3e,0x1c,0x3e,0x14,0x3c,0x3c,0x3c,0x15,0x3f,0x5d,0x3b,0x11,0x3b,0x11,0x3b,0x13,0x23,0x15,0x27,0x07,0x6f,0x0d,
    0x6f,0x17,0x7f,0x1d,0x1f,0x17,0x1f,0x1d,0x1f,0x17,0x3f,0x1f,0x3f,0x37,0x3f,0x5d,0x3e,0x76,0x7e,0x5c,0x7e,0x74,0x7e,0x5d,0xff,0x75,0xff,0x5d,0xfb,0x73,0xfb,0x55,
    0xbb,0x77,0xff,0x55,0xff,0x77,0xff,0xdd,0xff,0x77,0xff,0x5d,0xff,0x57,0xff,0xdd,0xff,0x77,0xff,0xdd,0xff,0x77,0xff,0xdd,0xff,0x7f,0xfe,0xdd,0xff,0x7f,0xff,0xdd,
    0x00,0x00,0x00,0x00,0x00,0x00,0x00,0x00,0x00,0x00,0x00,0x00,0x00,0x00,0x00,0x00,0x00,0x00,0x00,0x00,0x00,0x00,0x00,0x00,0x00,0x00,0x00,0x00,0x00,0x00,0x00,0x00,
    0x00,0x00,0x00,0x02,0x00,0x00,0x00,0x00,0x00,0x00,0x00,0x00,0x00,0x00,0x00,0x00,0x00,0x00,0x00,0x00,0x00,0x00,0x00,0x00,0x00,0x00,0x00,0x00,0x00,0x00,0x00,0x00,
    0x40,0x00,0x08,0x00,0x08,0x00,0x08,0x00,0x08,0x10,0x18,0x18,0x38,0x10,0x38,0x10,0x38,0x30,0x38,0x10,0x30,0x30,0x28,0x54,0x68,0x74,0x6c,0x5c,0x6a,0x54,0x0a,0x1c,
    0x1a,0x15,0x3f,0x1d,0x3f,0x37,0x3f,0x5d,0x7f,0x77,0x7e,0x5c,0x7e,0x74,0xfe,0x5c,0xff,0x75,0xff,0xdd,0xff,0x77,0xff,0xdd,0xfb,0x73,0xff,0xd5,0xff,0x77,0xff,0xdd
  },
  { // 60
    0x80,0x00,0x10,0x00,0x00,0x00,0x00,0x00,0x00,0x00,0x00,0x00,0x00,0x00,0x00,0x00,0x00,0x00,0x00,0x00,0x00,0x00,0x00,0x00,0x00,0x80,0x00,0x00,0x00,0x80,0x00,0x10,
    0x00,0x10,0x00,0x00,0x00,0x00,0x00,0x00,0x00,0x00,0x00,0x00,0x00,0x80,0x00,0x80,0x00,0x80,0x00,0x80,0x00,0x80,0x00,0x80,0x80,0x80,0x00,0x80,0x00,0x80,0xc0,0x80,
    0x00,0x80,0x80,0x80,0x00,0x80,0x80,0xc0,0x00,0xc0,0x04,0xc0,0x00,0x80,0x40,0x00,0x40,0xc0,0x41,0xc0,0x40,0xc0,0xc0,0xe0,0x40,0xe0,0xc0,0xe0,0x40,0xe0,0xc0,0xe0,
    0x60,0xe0,0xc0,0xe2,0x61,0xe2,0xc1,0xe3,0x41,0xc3,0xc1,0x83,0x13,0xbf,0xd5,0xbf,0x77,0xff,0xdd,0xff,0x77,0xfe,0x5c,0xfe,0x76,0xfe,0xdd,0xff,0x75,0xff,0xdd,0xff,
    0x00,0x02,0x00,0x00,0x00,0x00,0x00,0x00,0x00,0x00,0x00,0x00,0x00,0x04,0x00,0x00,0x00,0x00,0x00,0x00,0x00,0x00,0x40,0x02,0x00,0x02,0x01,0x03,0x01,0x03,0x01,0x03,
    0x01,0x03,0x85,0x03,0x07,0x0f,0x05,0x06,0x06,0x0e,0x04,0x0e,0x04,0x0c,0x04,0x0e,0x05,0x8f,0x05,0x8b,0x01,0x8b,0x01,0x83,0x01,0x87,0x05,0x83,0x07,0xcf,0x05,0x8f,
    0x07,0x8f,0x0d,0x8f,0x07,0x8f,0x0d,0x8f,0x17,0xdf,0x1d,0x9f,0x17,0xbf,0x1d,0x3e,0x16,0xbe,0x5c,0xfe,0x54,0xfe,0xdd,0xff,0x55,0xff,0xdd,0xfb,0x51,0xfb,0xd1,0xbb,
    0x57,0xff,0xd5,0xff,0x77,0xff,0xdd,0xef,0x57,0xef,0xdd,0xff,0x57,0xff,0xdd,0xff,0x77,0xff,0xdd,0xff,0x77,0xff,0xdd,0xfe,0x77,0xfe,0xdd,0xff,0x77,0xff,0xdd,0xff,
    0x06,0x0e,0x04,0x0e,0x04,0x0e,0x04,0x0c,0x04,0x0c,0x0c,0x08,0x14,0x08,0x18,0x0a,0x10,0x0a,0x00,0x03,0x00,0x02,0x15,0x06,0x07,0x0e,0x05,0x0f,0x07,0x1e,0x8d,0x0f,
    0x07,0x0f,0x1d,0x1f,0x17,0x1f,0x5d,0x3f,0x57,0x3e,0x5c,0x3e,0x54,0x3e,0x1c,0x3e,0x14,0x3e,0x1d,0x3f,0x55,0x3b,0x19,0x3b,0x13,0x3b,0x15,0x3f,0x17,0x3f,0x1d,0x3f,
    0x17,0x2f,0x1d,0x2f,0x17,0x2f,0x1d,0x3f,0x17,0x3f,0x1d,0x3f,0x37,0x3f,0x1d,0x3f,0x37,0x3e,0x54,0x7e,0x77,0x7f,0x5d,0x7f,0x77,0xff,0x5d,0xff,0x57,0xef,0x5d,0xbf,
    0x17,0xff,0x5d,0xbf,0x37,0xbf,0x5d,0x3f,0x77,0x7f,0x5d,0x7f,0x77,0xff,0xdd,0xff,0x77,0xff,0xdd,0xff,0x77,0xff,0xd9,0xff,0x73,0xff,0xd5,0xff,0x77,0xff,0xdd,0xff,
    0x00,0x00,0x00,0x00,0x00,0x00,0x00,0x00,0x00,0x00,0x00,0x00,0x00,0x00,0x00,0x00,0x00,0x00,0x00,0x00,0x00,0x00,0x00,0x00,0x00,0x00,0x00,0x00,0x00,0x00,0x01,0x00,
    0x00,0x00,0x00,0x00,0x00,0x00,0x00,0x00,0x00,0x00,0x00,0x00,0x00,0x00,0x00,0x00,0x00,0x00,0x00,0x00,0x00,0x00,0x00,0x00,0x00,0x00,0x20,0x00,0x00,0x00,0x00,0x00,
    0x00,0x08,0x00,0x00,0x00,0x08,0x00,0xa8,0x10,0x38,0x18,0x38,0x10,0x38,0x18,0x38,0x10,0x38,0x10,0x30,0x30,0x30,0x14,0x2a,0x74,0x2e,0x44,0x2e,0x04,0x0e,0x0c,0x0e,
    0x15,0x1e,0x1d,0x3f,0x37,0x3f,0x1d,0x3f,0x37,0x3e,0x5c,0x7e,0x76,0xfe,0x5c,0xfe,0x75,0xff,0xdd,0xff,0x75,0xfb,0xd9,0xfb,0x73,0xfb,0xdd,0xff,0x77,0xff,0xdd,0xff
  },
  { // 61
    0x00,0x00,0x00,0x00,0x00,0x00,0x00,0x00,0x00,0x00,0x00,0x00,0x00,0x00,0x00,0x00,0x00,0x00,0x00,0x00,0x00,0x00,0x00,0x00,0x20,0x08,0x00,0x00,0x00,0x00,0x00,0x00,
    0x00,0x00,0x80,0x00,0x00,0x00,0x00,0x00,0x00,0x00,0x00,0x00,0x00,0x00,0x80,0x00,0x80,0x80,0x80,0x80,0x80,0x00,0x80,0x80,0x80,0x00,0x80,0x80,0x80,0x00,0x80,0x00,
    0x80,0x00,0x80,0x00,0x80,0x02,0x80,0x80,0x80,0x00,0x80,0x04,0x80,0x00,0x80,0x40,0x80,0x40,0xc0,0xc0,0xe0,0x40,0xe0,0xc0,0xe0,0x40,0xc0,0xc0,0xc0,0x40,0xe0,0xc0,
    0xe0,0x41,0xe2,0xc1,0xe3,0x41,0xe2,0x41,0xe2,0x45,0xef,0xd5,0xff,0x77,0xff,0xdd,0xff,0x77,0xff,0xdd,0xfb,0x77,0xff,0xdd,0xff,0x77,0xff,0xdd,0xff,0x77,0xff,0xdd,
    0x02,0x00,0x00,0x00,0x02,0x00,0x00,0x00,0x00,0x00,0x00,0x00,0x00,0x00,0x40,0x00,0x00,0x00,0x02,0x00,0x02,0x01,0x02,0x05,0x02,0x01,0x02,0x04,0x02,0x05,0x06,0x05,
    0x07,0x05,0x0f,0x05,0x0b,0x07,0x0a,0x04,0x02,0x00,0x0a,0x04,0x06,0x04,0x8e,0x04,0x8e,0x05,0x88,0x01,0x89,0x01,0xab,0x81,0x8b,0x03,0x8f,0x05,0x8f,0x07,0x8f,0x05,
    0x0f,0x07,0x1f,0x0d,0x0f,0x07,0x8f,0x1d,0x9f,0x17,0x9f,0x9d,0x9f,0x15,0xbb,0x9d,0xbb,0x57,0xff,0xd5,0xff,0x77,0xff,0xd5,0xef,0x47,0xef,0xcd,0xcf,0x57,0xdf,0xdd,
    0xbf,0x57,0xbf,0x9d,0xbf,0x37,0xbf,0x1d,0x3f,0x77,0xff,0x5d,0xff,0x77,0xff,0xdd,0xff,0x75,0xff,0xdd,0xfb,0x71,0xfb,0xdd,0xff,0x77,0xff,0xdd,0xff,0x77,0xff,0xc5,
    0x0a,0x00,0x0a,0x00,0x0a,0x01,0x0e,0x04,0x0e,0x04,0x0e,0x04,0x08,0x00,0x0a,0x00,0x08,0x01,0x1b,0x05,0x0b,0x17,0x1f,0x95,0x0f,0x07,0x4e,0x04,0x0e,0x07,0x0e,0x1c,
    0x1e,0x17,0x5e,0x1d,0x1e,0x15,0x1e,0x1c,0x3a,0x10,0x3a,0x15,0x3a,0x97,0x3e,0x15,0x3f,0x37,0x2f,0x25,0x0f,0x25,0x0f,0x0d,0x0f,0x17,0x1f,0x1d,0x3f,0x17,0x3f,0x1d,
    0x7f,0x17,0x7e,0x1d,0x7e,0x37,0x3e,0x1d,0x3f,0x77,0x7f,0x5d,0x3f,0x75,0x39,0x59,0x3b,0x73,0x7b,0x5d,0x7f,0x77,0x7f,0x55,0x6f,0x67,0x6f,0x4d,0x6f,0x47,0xff,0x5d,
    0xff,0x57,0xff,0x5d,0xbf,0x37,0xbf,0x1d,0x3f,0x77,0xff,0x5f,0xff,0x77,0xff,0xdd,0xff,0x75,0xff,0xdd,0xff,0x75,0xff,0xdd,0xff,0x77,0xff,0xdd,0xff,0x7f,0xff,0xdd,
    0x00,0x00,0x00,0x00,0x00,0x00,0x00,0x00,0x00,0x00,0x00,0x00,0x00,0x00,0x00,0x00,0x00,0x00,0x00,0x00,0x00,0x00,0x00,0x00,0x00,0x00,0x00,0x00,0x00,0x00,0x00,0x00,
    0x00,0x00,0x00,0x00,0x00,0x00,0x00,0x00,0x00,0x00,0x00,0x00,0x00,0x00,0x00,0x00,0x00,0x00,0x10,0x00,0x00,0x00,0x00,0x00,0x00,0x00,0x08,0x00,0x08,0x00,0x08,0x00,
    0x08,0x90,0x08,0x10,0x30,0x10,0x38,0x10,0x38,0x10,0x28,0x00,0x28,0x00,0x28,0x00,0x28,0x10,0x38,0x10,0x38,0x10,0x3a,0x14,0x3a,0x14,0x2e,0x04,0x2e,0x14,0x3e,0x5c,
    0x7e,0x76,0x7e,0x5c,0x7e,0x75,0xfe,0x5c,0xba,0x75,0xfe,0x5d,0xff,0x77,0xff,0xdd,0xff,0x77,0xff,0xd5,0xef,0x67,0xef,0xdd,0xff,0x77,0xff,0xdd,0xff,0x77,0xbf,0x9d
  },
  { // 62
    0x00,0x00,0x00,0x00,0x00,0x00,0x00,0x00,0x00,0x00,0x00,0x00,0x00,0x00,0x00,0x00,0x00,0x00,0x00,0x00,0x10,0x00,0x00,0x00,0x00,0x00,0x00,0x00,0x00,0x00,0x00,0x00,
    0x00,0x00,0x00,0x00,0x00,0x00,0x00,0x00,0x00,0x00,0x00,0x40,0x80,0x00,0x80,0x00,0x80,0x00,0x80,0x00,0x80,0x80,0x80,0x00,0x80,0x80,0x80,0x00,0x80,0x00,0x00,0x00,
    0x00,0x00,0x02,0x00,0x80,0x08,0x80,0x00,0xc0,0x80,0xc0,0x00,0xc0,0x80,0x80,0x40,0xc0,0xc0,0xc0,0x40,0xc0,0xc0,0xc0,0x40,0xc0,0xc0,0xc0,0x40,0xc0,0xc0,0xc0,0x41,
    0xc3,0xc1,0xa3,0x01,0xa3,0x01,0x22,0x23,0xe6,0x45,0xee,0x77,0xfe,0xdd,0xfe,0x75,0xfc,0xdd,0xf9,0x71,0xfb,0xdd,0xfb,0x77,0xff,0xdd,0xff,0x77,0xff,0xd5,0xef,0x67,
    0x00,0x00,0x00,0x00,0x00,0x00,0x00,0x00,0x00,0x80,0x00,0x00,0x00,0x00,0x00,0x00,0x00,0x41,0x02,0x01,0x03,0x01,0x02,0x03,0x02,0x04,0x02,0x06,0x06,0x04,0x0e,0x04,
    0x0e,0x04,0x0e,0x04,0x08,0x04,0x08,0x00,0x0a,0x00,0x0a,0x01,0x0a,0x05,0x12,0x0d,0x06,0x04,0x02,0x05,0x8f,0x05,0x8f,0x07,0x8f,0x0d,0x8f,0x07,0x8f,0x15,0x0f,0x07,
    0x0f,0x0d,0x0f,0x17,0x0e,0x1d,0x9e,0x17,0x9e,0x1c,0x9e,0x15,0x9c,0x9d,0xbb,0x11,0xbb,0xdd,0xbb,0x77,0xff,0xd5,0xa7,0x47,0xe7,0xc5,0xef,0x47,0xef,0xdf,0xff,0x57,
    0xff,0xdd,0xbf,0x17,0xbf,0x1d,0xbf,0x37,0xff,0x5d,0xff,0x77,0xff,0xdd,0xfe,0x77,0xfe,0xdd,0xfd,0x75,0xff,0xdd,0xff,0x77,0xff,0xdd,0xff,0x77,0xff,0xd5,0xff,0x77,
    0x08,0x00,0x08,0x10,0x0a,0x10,0x0a,0x10,0x0a,0x04,0x02,0x00,0x02,0x04,0x02,0x14,0x0e,0x15,0x0e,0x07,0x0e,0x1d,0x0f,0x57,0x0e,0x14,0x1f,0x16,0x1e,0x1c,0x3e,0x16,
    0x3e,0x1c,0x3e,0x14,0x3c,0x1c,0x38,0x10,0x38,0x19,0x3b,0x11,0x3b,0x15,0x3b,0x17,0x27,0x05,0x27,0x0f,0x2f,0x05,0x2f,0x07,0x2f,0x1d,0x3f,0x17,0x3f,0x1d,0x3f,0x17,
    0x3f,0x1d,0x3f,0x37,0x3f,0x1d,0x3e,0x76,0x7e,0x5c,0x7e,0x74,0x7c,0x5d,0x7b,0x75,0x7f,0x5d,0x7f,0x77,0x7f,0x5d,0x3f,0x37,0x3f,0x15,0x3f,0x77,0x7f,0x5d,0x7f,0x77,
    0xff,0x5d,0xff,0x77,0xff,0x5d,0xff,0x77,0xff,0xfd,0xff,0x77,0xff,0xdd,0xff,0x77,0xff,0xd5,0xff,0x77,0xff,0xdd,0xff,0x77,0xff,0xdd,0xff,0x57,0xff,0xdd,0xbf,0x37,
    0x00,0x00,0x00,0x00,0x00,0x00,0x00,0x00,0x00,0x00,0x00,0x00,0x00,0x00,0x00,0x00,0x00,0x00,0x00,0x00,0x00,0x00,0x00,0x00,0x00,0x00,0x00,0x00,0x00,0x00,0x00,0x00,
    0x00,0x00,0x00,0x00,0x00,0x00,0x00,0x00,0x00,0x00,0x00,0x00,0x00,0x08,0x00,0x00,0x00,0x00,0x00,0x00,0x00,0x00,0x00,0x00,0x00,0x00,0x00,0x00,0x40,0x00,0x00,0x00,
    0x08,0x10,0x00,0x10,0x38,0x10,0x30,0x10,0x20,0x00,0x20,0x00,0x20,0x00,0x20,0x00,0x28,0x00,0x28,0x10,0x08,0x1c,0x18,0x10,0x18,0x14,0x3e,0x14,0x3e,0x1c,0x3e,0x74,
    0x7e,0x5c,0x7e,0x74,0x7c,0x5c,0xfc,0x74,0xfc,0xdd,0xfb,0x77,0xff,0xdd,0xfb,0x77,0xf7,0xd5,0xe7,0x77,0xef,0xdd,0xff,0x77,0xff,0xdd,0xff,0x57,0xff,0xdd,0xbf,0x37
  },
  { // 63
    0x00,0x00,0x00,0x00,0x00,0x00,0x00,0x00,0x00,0x00,0x00,0x00,0x00,0x00,0x80,0x10,0x00,0x00,0x00,0x00,0x00,0x00,0x00,0x00,0x00,0x00,0x00,0x00,0x00,0x00,0x00,0x00,
    0x00,0x00,0x00,0x00,0x00,0x00,0x00,0x00,0x00,0x00,0x00,0x00,0x00,0x00,0x80,0x00,0x00,0x00,0x80,0x00,0x80,0x00,0x80,0x80,0x80,0x00,0x80,0x00,0x80,0x00,0x80,0x10,
    0x00,0x00,0x00,0x00,0x00,0x00,0x80,0x00,0x80,0x00,0x80,0x80,0x80,0x00,0xc0,0xc0,0xc0,0x40,0xc0,0xc0,0x80,0x40,0xc0,0xc0,0xc0,0x40,0xc0,0xc0,0xc2,0x40,0xc2,0xc1,
    0x83,0x01,0x83,0x81,0x83,0x03,0xa3,0xc5,0xe7,0x77,0xee,0xd4,0xfe,0x74,0xee,0xd4,0xfc,0x75,0xfd,0xdd,0xff,0x77,0xff,0xdd,0xfb,0x77,0xff,0xd5,0xf7,0x77,0xff,0xdd,
    0x00,0x00,0x00,0x80,0x00,0x00,0x00,0x00,0x00,0x00,0x40,0x00,0x00,0x00,0x00,0x04,0x02,0x00,0x0a,0x05,0x02,0x01,0x0a,0x04,0x02,0x06,0x0e,0x04,0x0e,0x06,0x0e,0x04,
    0x0e,0x04,0x0c,0x04,0x08,0x00,0x08,0x00,0x4a,0x01,0x1b,0x01,0x03,0x13,0x03,0x03,0x03,0x07,0x07,0x05,0x0f,0x07,0x0f,0x0d,0x0f,0x07,0x0f,0x0d,0x0f,0x17,0x1f,0x1d,
    0x1f,0x17,0x1f,0x1d,0x3f,0x17,0x3e,0x1c,0x3e,0x14,0xac,0x5c,0xbd,0x55,0xff,0xdd,0xbf,0x57,0xbb,0xd5,0xbb,0x17,0xaf,0x15,0xaf,0x17,0xbf,0x5d,0xff,0x77,0xff,0xdd,
    0xff,0xd7,0xff,0xdd,0xbf,0x77,0xff,0xdd,0xff,0x77,0xff,0xdd,0xff,0x77,0xfe,0xd5,0xfe,0x77,0xff,0xdd,0xff,0x77,0xff,0xdd,0xff,0x57,0xff,0xdd,0xbf,0x37,0xbf,0xdd,
    0x08,0x00,0x08,0x10,0x08,0x10,0x08,0x00,0x06,0x00,0x02,0x00,0x0a,0x64,0x0e,0x04,0x0e,0x04,0x0e,0x0c,0x1e,0x14,0x0e,0x1d,0x1e,0x14,0x1e,0x1c,0x3e,0x16,0x3e,0x1c,
    0x3e,0x14,0x3e,0x94,0x28,0x14,0x2c,0x1c,0x3a,0x15,0x3f,0x1d,0x3b,0x13,0x1b,0x15,0x23,0x17,0x2f,0x35,0x3f,0x37,0x3f,0x3d,0x3f,0x17,0x3e,0x1d,0x3e,0x95,0x3e,0x1d,
    0x3f,0x37,0x7f,0x5d,0x7f,0x77,0x7e,0x55,0x7e,0x74,0x7e,0x54,0x6f,0x7f,0x6f,0x5d,0x7f,0x57,0xff,0x5d,0x9f,0x17,0x9f,0x1d,0x3f,0x37,0xbf,0x5d,0x3f,0x77,0x7f,0x5d,
    0x7e,0x76,0xfe,0x7c,0xfe,0x75,0xff,0xdd,0xff,0x77,0xff,0xdd,0xfb,0x73,0xfb,0xd5,0xf7,0x77,0xff,0xdd,0xff,0x77,0xff,0xdd,0xff,0x57,0xff,0xdd,0xbf,0x57,0xbf,0xdd,
    0x00,0x00,0x00,0x00,0x00,0x00,0x00,0x00,0x00,0x00,0x00,0x00,0x00,0x00,0x00,0x00,0x00,0x00,0x00,0x00,0x00,0x00,0x00,0x00,0x00,0x00,0x00,0x00,0x00,0x00,0x00,0x00,
    0x00,0x00,0x00,0x00,0x00,0x00,0x00,0x00,0x04,0x00,0x00,0x01,0x00,0x00,0x00,0x00,0x00,0x00,0x00,0x00,0x00,0x00,0x00,0x00,0x00,0x00,0x00,0x00,0x00,0x00,0x00,0x00,
    0x00,0x00,0x00,0x00,0x00,0x10,0x00,0x00,0x20,0x00,0x20,0x00,0x20,0x00,0x20,0x00,0x28,0x00,0x08,0x00,0x08,0x00,0x08,0x18,0x18,0x10,0x3c,0x1c,0x3e,0x34,0x3e,0x5c,
    0x7e,0x74,0x7c,0x5c,0x7c,0x74,0xfc,0xdc,0xff,0x75,0xff,0xdd,0xfb,0x71,0xfb,0xd1,0xfb,0x77,0xff,0xdd,0xff,0x77,0xff,0xdd,0xff,0x77,0xff,0xdd,0xff,0x77,0xff,0xdd
  },
  { // 64
    0x00,0x00,0x00,0x00,0x00,0x00,0x00,0x00,0x20,0x00,0x00,0x01,0x00,0x00,0x00,0x00,0x00,0x00,0x00,0x00,0x00,0x00,0x00,0x00,0x00,0x00,0x00,0x00,0x00,0x00,0x00,0x00,
    0x00,0x00,0x00,0x00,0x00,0x00,0x00,0x00,0x00,0x00,0x00,0x00,0x00,0x00,0x00,0x00,0x00,0x00,0x00,0x00,0x00,0x00,0x00,0x00,0x20,0x00,0x00,0x00,0x00,0x00,0x00,0x00,
    0x80,0x00,0x00,0x00,0x00,0x00,0x00,0x40,0xc0,0x40,0x80,0x40,0x80,0x80,0x80,0x00,0x80,0x80,0x80,0x00,0x80,0x80,0x82,0x00,0x82,0x80,0x82,0x06,0x86,0x04,0x06,0x04,
    0x8e,0x44,0x8e,0x45,0xcf,0xcd,0xef,0x57,0xff,0xdd,0xfb,0x71,0xfe,0xd4,0xf2,0x77,0xff,0xd5,0xff,0x77,0xef,0xdd,0xef,0x57,0xcf,0xdd,0xff,0x57,0xff,0xdd,0xff,0x77,
    0x08,0x00,0x20,0x00,0x00,0x00,0x00,0x00,0x01,0x00,0x02,0x00,0x02,0x04,0x06,0x04,0x0e,0x04,0x0e,0x04,0x0e,0x04,0x0e,0x04,0x0e,0x1c,0x0e,0x14,0x0e,0x14,0x0a,0x90,
    0x0a,0x04,0x0a,0x04,0x2e,0x04,0x0e,0x0c,0x0e,0x05,0x0b,0x01,0x0b,0x01,0x0b,0x03,0x0f,0x15,0x1f,0x17,0x0f,0x1d,0x2f,0x17,0x0e,0x0c,0x0e,0x14,0x1e,0x1d,0x3f,0x15,
    0x3f,0x1d,0x3f,0x35,0x3b,0x19,0x3a,0x33,0xba,0x55,0xbf,0x77,0xff,0x5d,0xef,0x47,0xef,0x6d,0x8f,0x17,0x9f,0x9d,0xbf,0x17,0xbf,0x5d,0xbf,0x77,0xbf,0x5d,0x3f,0x76,
    0x7e,0x5c,0xfe,0x77,0xff,0xdd,0xff,0x77,0xff,0xdf,0xfb,0x73,0xfb,0xd1,0xfb,0x7f,0xff,0xd5,0xff,0x77,0xff,0xdd,0xef,0x47,0xef,0xdd,0xff,0x77,0xff,0xdd,0xff,0x77,
    0x08,0x00,0x08,0x00,0x08,0x40,0x48,0x08,0x08,0x00,0x0c,0x10,0x08,0x14,0x3f,0x14,0x2e,0x14,0x2d,0x04,0x0c,0x1c,0x3c,0x14,0x3c,0x1c,0x38,0x54,0x38,0x18,0x38,0x10,
    0x38,0x10,0x32,0x30,0x2a,0x14,0x2e,0x34,0x2e,0x44,0x2e,0x04,0x2e,0x0c,0x2e,0x14,0x3e,0x1c,0x3e,0x16,0x3e,0x1c,0x3e,0x36,0x3e,0x1c,0x3e,0x74,0x7e,0x7c,0x7e,0x74,
    0x7e,0x5c,0x7e,0x71,0xfa,0x59,0x7f,0x71,0xfb,0x55,0xff,0x77,0xff,0x55,0xff,0x77,0xef,0x4d,0xef,0x47,0xdf,0x5d,0xbf,0x57,0xff,0xdd,0xff,0x77,0xff,0x5d,0xff,0x76,
    0xfe,0x5c,0xfe,0x76,0xfe,0xdd,0xff,0x75,0xff,0xdd,0xff,0x71,0xfb,0xdd,0xfb,0x77,0xff,0xdd,0xff,0x77,0xff,0xdd,0xff,0x77,0xff,0x5d,0xff,0x77,0xff,0xdd,0xff,0x77,
    0x00,0x00,0x00,0x00,0x00,0x00,0x00,0x00,0x00,0x00,0x00,0x00,0x00,0x00,0x00,0x00,0x00,0x00,0x00,0x00,0x00,0x00,0x00,0x00,0x00,0x00,0x00,0x00,0x00,0x00,0x00,0x00,
    0x04,0x00,0x00,0x00,0x01,0x00,0x00,0x00,0x00,0x00,0x00,0x00,0x00,0x00,0x00,0x00,0x00,0x00,0x00,0x00,0x01,0x00,0x00,0x00,0x00,0x00,0x00,0x00,0x00,0x00,0x00,0x00,
    0x00,0x00,0x00,0x00,0x00,0x00,0x00,0x00,0x00,0x00,0x00,0x00,0x00,0x00,0x20,0x00,0x20,0x00,0x21,0x00,0x28,0x00,0x28,0x50,0x78,0x58,0x78,0x70,0xf8,0x58,0x39,0x70,
    0xf8,0x50,0xf8,0x70,0xfa,0xd5,0xfb,0x75,0xef,0xc5,0xef,0x45,0xef,0xcd,0xdf,0x57,0xff,0xdd,0xff,0x77,0xff,0xdd,0xbf,0x77,0x7f,0x5d,0x7f,0x77,0xff,0xdd,0xff,0x77
  },
  { // 65
    0x00,0x00,0x00,0x00,0x00,0x01,0x00,0x00,0x00,0x00,0x00,0x00,0x00,0x00,0x00,0x00,0x00,0x00,0x00,0x00,0x00,0x00,0x00,0x00,0x00,0x00,0x08,0x00,0x00,0x00,0x00,0x00,
    0x00,0x00,0x00,0x00,0x00,0x00,0x00,0x00,0x00,0x00,0x00,0x00,0x00,0x00,0x00,0x00,0x00,0x00,0x00,0x20,0x00,0x00,0x00,0x01,0x00,0x00,0x00,0x00,0x00,0x00,0x00,0x00,
    0x20,0x40,0x20,0x00,0x20,0x00,0x00,0x00,0x00,0x00,0x80,0x00,0x80,0x00,0x80,0x00,0x80,0x00,0x80,0x80,0x82,0x00,0x82,0x84,0x82,0x06,0x86,0x04,0x06,0x06,0x0e,0x04,
    0x0e,0x44,0xce,0xcc,0xce,0x5d,0xee,0xdd,0xf9,0x51,0xfb,0xd1,0xfb,0x73,0xff,0xd5,0xff,0x77,0xff,0xc5,0xef,0x47,0xef,0xcd,0xef,0x57,0xff,0xdd,0xff,0x77,0xff,0xdd,
    0x00,0x00,0x08,0x02,0x00,0x00,0x08,0x00,0x80,0x00,0x0a,0x04,0x0a,0x04,0x0e,0x84,0x0e,0x04,0x0e,0x04,0x0e,0x04,0x0c,0x1c,0x1c,0x14,0x1c,0x1c,0x18,0x10,0x18,0x50,
    0x32,0x10,0x3a,0x14,0x2e,0x14,0x2e,0x04,0x2e,0x04,0x0e,0x0c,0x0e,0x05,0x0e,0x1d,0x1f,0x17,0x3f,0x1d,0x3e,0x17,0x3e,0x1c,0x3e,0x36,0x3e,0x1c,0x3e,0x34,0x7e,0x5c,
    0x3e,0x75,0x38,0x59,0x3b,0x31,0xbb,0x51,0xbb,0x77,0xff,0x55,0xff,0x77,0xef,0x45,0x2f,0x47,0xef,0x5d,0xbf,0x57,0xff,0xdd,0xbf,0x37,0xbf,0x1d,0x3f,0x37,0xfe,0x5c,
    0xfe,0x77,0xfe,0xdd,0xff,0x77,0xff,0xdd,0xff,0x75,0xfb,0xdd,0xfb,0x77,0xff,0xdd,0xff,0x77,0xff,0xdd,0xff,0x77,0xff,0x5d,0xff,0x77,0xff,0xdd,0xff,0x77,0xff,0xdd,
    0x20,0x80,0x00,0x02,0x04,0x00,0x08,0x00,0x08,0x00,0x08,0x18,0x18,0x10,0x38,0x10,0x38,0x10,0x38,0x14,0x38,0x34,0x3c,0x1c,0x38,0x31,0x38,0x58,0x39,0x10,0x38,0x10,
    0x38,0x10,0x38,0x50,0x30,0x30,0x6c,0x44,0x66,0x04,0x6c,0x04,0x0e,0x04,0x0e,0x5c,0x3e,0x14,0x3e,0x1c,0x3e,0x34,0x3e,0x3c,0x3a,0x74,0x7e,0x5c,0x7e,0x74,0xfe,0x5c,
    0xfe,0x74,0xfc,0x5c,0xf8,0x50,0xfa,0xdd,0xfb,0x77,0xff,0xdd,0xbf,0x77,0xbf,0x5d,0x3e,0x77,0x7e,0x5d,0xfe,0x77,0xff,0xdd,0xff,0x77,0xff,0xdd,0xff,0x75,0xfe,0xdd,
    0xff,0x77,0xff,0xdd,0xff,0x77,0xff,0xdd,0xef,0x67,0xef,0xcd,0xff,0x57,0xff,0xdd,0xff,0x77,0xff,0xdd,0xbf,0x37,0xbf,0x5d,0x7f,0x77,0xff,0xdd,0xff,0x77,0xff,0xdd,
    0x00,0x00,0x00,0x00,0x00,0x00,0x00,0x00,0x00,0x00,0x00,0x00,0x00,0x00,0x00,0x00,0x00,0x00,0x00,0x00,0x00,0x00,0x00,0x00,0x00,0x00,0x00,0x00,0x00,0x00,0x01,0x00,
    0x00,0x00,0x00,0x00,0x00,0x00,0x00,0x00,0x00,0x00,0x00,0x00,0x00,0x01,0x00,0x00,0x00,0x00,0x00,0x00,0x00,0x00,0x00,0x00,0x00,0x00,0x00,0x00,0x00,0x00,0x00,0x00,
    0x00,0x00,0x00,0x00,0x00,0x00,0x00,0x00,0x00,0x00,0x00,0x00,0x00,0x00,0x00,0x00,0x00,0x00,0x20,0x00,0x20,0x30,0x60,0x50,0x70,0x70,0xf8,0x50,0xf0,0x50,0xf8,0x51,
    0xf1,0x71,0xf9,0xd1,0xf3,0x71,0xf3,0xd1,0xe3,0x65,0xef,0xc5,0xef,0x57,0xff,0xdd,0xff,0x57,0xff,0xdd,0xbf,0x37,0xbf,0x5d,0xff,0x77,0xff,0xdd,0xff,0x77,0xff,0xdd
  },
  { // 66
    0x00,0x00,0x00,0x00,0x00,0x00,0x00,0x00,0x00,0x00,0x00,0x00,0x00,0x00,0x00,0x00,0x00,0x00,0x00,0x04,0x00,0x00,0x00,0x00,0x00,0x00,0x00,0x00,0x00,0x00,0x00,0x00,
    0x00,0x00,0x00,0x00,0x00,0x00,0x00,0x00,0x00,0x00,0x00,0x20,0x00,0x00,0x00,0x00,0x00,0x00,0x00,0x00,0x00,0x00,0x00,0x00,0x00,0x00,0x00,0x00,0x00,0x00,0x00,0x00,
    0x00,0x00,0x00,0x00,0x00,0x00,0x00,0x00,0x00,0x00,0x00,0x40,0x00,0x40,0x02,0x40,0x06,0x04,0x0e,0x04,0x0e,0x0c,0x0e,0x04,0x0e,0x0c,0x0a,0x34,0x3e,0x1c,0x1e,0x16,
    0xbe,0x1c,0xbe,0x14,0xfe,0xdc,0xec,0x54,0xec,0xdd,0xfb,0x57,0xff,0xdd,0xff,0x57,0xff,0xd5,0xbf,0x37,0xbf,0x5d,0xff,0x77,0xff,0xdd,0xff,0x77,0xff,0xdd,0xff,0x77,
    0x80,0x00,0x00,0x00,0x08,0x00,0x08,0x00,0x08,0x1c,0x88,0x10,0x18,0x10,0x18,0x10,0x38,0x14,0x38,0x14,0x3c,0x1c,0x3c,0x34,0x3c,0x1c,0x38,0x10,0x28,0x14,0x38,0x10,
    0x38,0x10,0x3a,0x10,0x3a,0x14,0x22,0x04,0x2e,0x04,0x2e,0x04,0x2e,0x5c,0x3e,0x14,0x3e,0x1c,0x3e,0x14,0x3e,0x1c,0x3a,0x34,0x3f,0x5c,0x7e,0x74,0x7e,0x5c,0x7e,0x74,
    0xec,0x54,0xe8,0x74,0xfe,0xdd,0xff,0x57,0xff,0xdd,0xbf,0x17,0xbf,0x15,0x3f,0x37,0x3f,0x5d,0x7f,0x77,0xff,0x5d,0xfe,0x77,0xfe,0xdd,0xfe,0x75,0xff,0xdd,0xff,0x77,
    0xff,0xdd,0xff,0x77,0xff,0xd5,0xff,0x77,0xef,0xcd,0xef,0x77,0xff,0xdd,0xff,0x57,0xff,0xdd,0xbf,0x17,0xbf,0x1d,0xbf,0x77,0xff,0xdd,0xff,0x77,0xff,0xdd,0xfe,0x75,
    0x00,0x00,0x00,0x00,0x00,0x00,0x00,0x00,0x18,0x00,0x28,0x10,0x08,0x10,0x38,0x10,0x39,0x10,0x30,0x30,0x38,0x50,0x30,0x70,0x60,0x40,0x60,0x40,0x60,0x40,0x60,0x40,
    0xe8,0x50,0xb8,0x10,0xb8,0x10,0x38,0x10,0x28,0x10,0x38,0x30,0x3c,0x5c,0x7c,0x74,0xfc,0x5c,0x78,0x70,0xf8,0x58,0xf8,0x70,0xf8,0xd8,0xf8,0x70,0xf8,0xd0,0xf0,0x70,
    0xe0,0x44,0xe0,0x64,0xec,0xdc,0xee,0x54,0xfe,0xdd,0xfe,0x15,0xbe,0x3d,0xbe,0x37,0xbe,0x5c,0xfe,0x76,0xfe,0x5c,0xfe,0x74,0xfe,0xdc,0xfc,0x74,0xfc,0xdd,0xfb,0x75,
    0xff,0xdd,0xfb,0x77,0xff,0xd5,0xf7,0x77,0xef,0xd5,0xef,0x77,0xff,0xdd,0xff,0x77,0xff,0xdd,0xff,0x57,0xff,0xdd,0xff,0x77,0xff,0xdd,0xff,0x77,0xff,0xdd,0xfe,0x76,
    0x00,0x00,0x00,0x00,0x00,0x00,0x00,0x00,0x00,0x00,0x00,0x00,0x00,0x00,0x00,0x00,0x00,0x00,0x00,0x08,0x00,0x00,0x00,0x01,0x00,0x00,0x00,0x00,0x00,0x00,0x00,0x00,
    0x00,0x00,0x00,0x00,0x00,0x00,0x04,0x00,0x00,0x00,0x00,0x00,0x00,0x00,0x00,0x00,0x00,0x00,0x00,0x00,0x00,0x00,0x00,0x00,0x00,0x00,0x00,0x00,0x00,0x00,0x00,0x00,
    0x00,0x00,0x00,0x00,0x00,0x00,0x00,0x01,0x00,0x01,0x00,0x01,0x00,0x01,0x00,0x01,0x00,0x01,0x00,0x01,0x20,0x00,0x20,0x40,0x60,0x40,0x60,0x40,0xe0,0x41,0xe1,0x41,
    0xe3,0xc1,0xe3,0x41,0xa3,0x81,0xa3,0x13,0xa3,0x15,0xbf,0x77,0xff,0x5d,0xff,0x77,0xff,0x5d,0xff,0x75,0xff,0xdd,0xff,0x77,0xff,0xdd,0xff,0x77,0xff,0xdd,0xff,0x77
  },
  { // 67
    0x00,0x00,0x00,0x00,0x00,0x00,0x00,0x00,0x00,0x00,0x00,0x00,0x00,0x00,0x02,0x00,0x00,0x00,0x00,0x00,0x00,0x00,0x00,0x00,0x00,0x00,0x00,0x00,0x00,0x00,0x00,0x00,
    0x00,0x00,0x00,0x00,0x00,0x10,0x00,0x00,0x00,0x00,0x00,0x00,0x00,0x00,0x00,0x00,0x00,0x00,0x00,0x00,0x00,0x00,0x00,0x00,0x00,0x00,0x00,0x00,0x00,0x00,0x00,0x00,
    0x00,0x00,0x00,0x00,0x00,0x20,0x00,0x20,0x00,0x20,0x00,0x00,0x00,0x00,0x0e,0x04,0x0e,0x04,0x0e,0x4c,0x4e,0x04,0x0e,0x1c,0x1c,0x14,0x1c,0x1c,0x3a,0x14,0xbe,0x1c,
    0xba,0x34,0xba,0x54,0xb2,0x74,0xee,0xc5,0xef,0x77,0xef,0xdd,0xff,0x5f,0xdf,0xdd,0x9f,0x17,0xbf,0x9d,0xbf,0x37,0xff,0x5d,0xff,0x77,0xff,0x5d,0xfe,0x76,0xfe,0xdd,
    0x00,0x00,0x00,0x00,0x28,0x00,0x28,0x40,0x28,0x10,0x08,0x18,0x18,0x10,0x38,0x18,0x38,0x30,0x38,0x10,0x38,0x30,0x38,0x50,0x32,0x60,0x68,0x40,0x68,0x50,0x68,0x58,
    0x78,0x50,0x38,0x10,0x18,0x10,0x38,0x14,0x3c,0x34,0x3e,0x5c,0x3e,0x74,0x7c,0x5c,0x7c,0x76,0x7c,0x5c,0xf8,0x74,0xfc,0x5c,0xfa,0x70,0xfa,0x50,0xfa,0x70,0xf2,0x54,
    0xe2,0x64,0xee,0xcc,0xee,0x74,0xfe,0xdc,0xfe,0x56,0x9e,0x9c,0xbe,0x56,0xbe,0x1c,0xbe,0x76,0xfe,0x7c,0xfe,0x76,0xfe,0x7c,0xfe,0x74,0xfc,0xdc,0xfe,0x75,0xff,0xdd,
    0xfb,0x73,0xfb,0xd3,0xf3,0x77,0xff,0xd7,0xff,0x77,0xff,0xdd,0xff,0x77,0xff,0xdd,0xff,0x57,0xff,0xdd,0xff,0x77,0xff,0xdd,0xff,0x77,0xff,0xdd,0xfe,0x76,0xfe,0xdc,
    0x00,0x00,0x00,0x00,0x20,0x00,0x30,0x00,0x20,0x01,0x20,0x00,0x20,0x00,0x20,0x40,0x20,0x50,0xf0,0x50,0x30,0x70,0xa0,0x40,0x20,0x40,0xe0,0x40,0x60,0x40,0xe0,0x40,
    0xe0,0x40,0xc8,0x40,0x80,0x10,0x88,0x10,0x38,0x10,0xb8,0x50,0x38,0x70,0x78,0x50,0x78,0x70,0xf8,0x50,0xf8,0x70,0xf8,0xd8,0xf8,0x70,0xf8,0xd0,0xf0,0x70,0xf8,0xd0,
    0xe0,0x70,0xe8,0xd4,0xec,0x74,0xfc,0xdc,0xec,0x54,0xfc,0x5c,0xbc,0x55,0xfe,0xdd,0xff,0x75,0xfe,0xdd,0xfe,0x74,0xfe,0x5c,0xfe,0x74,0xfc,0xdc,0xff,0x7d,0xff,0xdd,
    0xff,0x75,0xfb,0xdd,0xfb,0x57,0xff,0xdd,0xff,0x77,0xff,0xdd,0xff,0x77,0xff,0x5d,0xff,0x77,0xff,0xdd,0xff,0x77,0xff,0xdd,0xff,0x77,0xff,0xdd,0xff,0x77,0xff,0xd5,
    0x00,0x00,0x00,0x00,0x00,0x00,0x00,0x00,0x00,0x00,0x00,0x00,0x00,0x10,0x00,0x00,0x00,0x00,0x00,0x00,0x00,0x00,0x00,0x00,0x00,0x00,0x00,0x00,0x00,0x00,0x00,0x00,
    0x00,0x00,0x04,0x00,0x00,0x00,0x00,0x00,0x00,0x00,0x00,0x00,0x00,0x00,0x00,0x00,0x00,0x00,0x00,0x00,0x00,0x00,0x00,0x00,0x00,0x01,0x00,0x01,0x01,0x01,0x01,0x01,
    0x01,0x01,0x01,0x01,0x01,0x01,0x01,0x01,0x00,0x00,0x00,0x00,0x00,0x00,0x00,0x01,0x01,0x01,0x01,0x01,0x01,0x01,0x01,0x01,0x02,0x01,0x43,0x41,0x83,0x41,0xc3,0x41,
    0xc3,0x43,0xc3,0xc1,0x83,0x03,0x83,0x05,0xa3,0x17,0xbf,0x55,0xbf,0x77,0xff,0x5d,0x7e,0x76,0xfe,0xdc,0xff,0x75,0xff,0xdd,0xff,0x77,0xff,0xd9,0xfb,0x73,0xfb,0xd5
  },
  { // 68
    0x00,0x00,0x00,0x00,0x00,0x00,0x02,0x00,0x00,0x00,0x00,0x00,0x00,0x00,0x00,0x00,0x00,0x00,0x00,0x00,0x00,0x00,0x00,0x00,0x00,0x00,0x00,0x00,0x00,0x00,0x08,0x00,
    0x00,0x00,0x00,0x00,0x00,0x00,0x00,0x00,0x00,0x00,0x01,0x00,0x00,0x00,0x00,0x00,0x00,0x00,0x00,0x00,0x00,0x00,0x00,0x00,0x00,0x00,0x00,0x00,0x00,0x00,0x00,0x00,
    0x00,0x00,0x20,0x00,0x08,0x00,0x08,0x00,0x08,0x00,0x08,0x10,0x08,0x5c,0x18,0x54,0x3e,0x5c,0x3e,0x14,0x3c,0x1c,0x3c,0x34,0x3c,0x5c,0x3c,0x74,0x7c,0x5c,0xf8,0x50,
    0xf8,0x50,0xba,0x72,0xfa,0x55,0xff,0x77,0xff,0x5d,0xef,0x77,0xef,0x4d,0xef,0x57,0xff,0xdd,0xff,0x77,0xff,0xdd,0xff,0x77,0xff,0xdd,0xfe,0x77,0xfe,0xdd,0xff,0x77,
    0x08,0x90,0x70,0x10,0x38,0x10,0x38,0x10,0x28,0x50,0x28,0x50,0x78,0x50,0x78,0x70,0xf8,0x50,0xf8,0x70,0xf8,0x50,0xf0,0x70,0xe0,0x50,0xe0,0x70,0xe8,0x40,0xe8,0x40,
    0xe8,0x40,0x88,0x00,0x88,0x18,0xb8,0x10,0xb8,0x5c,0xb8,0x34,0x38,0x5c,0x78,0x74,0x78,0x5c,0xf8,0x74,0xfc,0xdc,0xf8,0x70,0xf8,0xd8,0xf8,0x70,0xf8,0xd0,0xf4,0x70,
    0xfe,0xd4,0xfe,0x74,0xfe,0x5c,0xee,0x54,0xee,0x5c,0xfe,0x54,0xfe,0xdc,0xfe,0x74,0xfe,0xdc,0xfe,0x74,0xfe,0x5c,0xfe,0x74,0xfe,0xdc,0xfe,0x74,0xff,0xdc,0xfe,0x75,
    0xff,0xdd,0xfb,0x57,0xff,0xdd,0xff,0x77,0xff,0xdd,0xff,0x77,0xff,0x5d,0x7e,0x77,0xff,0xdd,0xff,0x77,0xff,0xdd,0xff,0xf7,0xff,0xdd,0xfb,0x73,0xff,0xdd,0xff,0x77,
    0x00,0x00,0x00,0x04,0x00,0x00,0x20,0x00,0x20,0x00,0x20,0x00,0x60,0x40,0x61,0x40,0xe0,0x40,0xe0,0x40,0xc0,0x40,0x80,0x00,0x80,0x00,0xa0,0x00,0xa0,0x40,0x20,0x00,
    0x20,0x40,0x00,0x00,0x80,0x40,0xa0,0x50,0xf0,0x50,0xb0,0x70,0xf0,0x70,0xb0,0x70,0xf0,0x70,0xe0,0x70,0xe0,0xd0,0xe4,0x60,0xe0,0xc0,0xe0,0x41,0xc0,0xc1,0xe5,0x55,
    0xf9,0xd5,0xf9,0x31,0xb9,0x51,0x38,0x70,0x78,0x58,0x78,0x70,0xf8,0xdd,0xf9,0x79,0xf9,0xd9,0xf9,0x71,0xf9,0xd1,0xfb,0x71,0xfb,0xd5,0xfb,0x77,0xff,0xd5,0xef,0x67,
    0xef,0xcd,0xcf,0x57,0xff,0xdd,0xff,0x77,0xff,0xdd,0xbf,0x77,0xff,0x5d,0x7e,0x77,0xfe,0xdc,0xfe,0x77,0xff,0xdd,0xff,0x75,0xff,0xdd,0xfb,0x7b,0xfb,0xdd,0xff,0x7f,
    0x00,0x00,0x00,0x00,0x00,0x00,0x20,0x00,0x00,0x00,0x00,0x00,0x00,0x00,0x00,0x00,0x00,0x00,0x00,0x00,0x00,0x00,0x00,0x00,0x00,0x00,0x00,0x04,0x00,0x00,0x00,0x00,
    0x00,0x00,0x00,0x00,0x00,0x00,0x00,0x00,0x00,0x00,0x00,0x00,0x00,0x00,0x00,0x00,0x00,0x00,0x00,0x01,0x00,0x01,0x01,0x01,0x00,0x01,0x01,0x01,0x01,0x01,0x01,0x01,
    0x01,0x01,0x03,0x01,0x03,0x01,0x03,0x01,0x02,0x00,0x02,0x00,0x02,0x00,0x02,0x01,0x01,0x01,0x01,0x01,0x21,0x01,0x03,0x01,0x03,0x01,0x03,0x03,0x03,0x05,0x03,0x07,
    0x07,0x05,0x07,0x07,0x87,0x45,0x8f,0x47,0x8f,0xcd,0xaf,0x17,0xbf,0x55,0xbf,0x77,0xff,0xd5,0xff,0x77,0xff,0xdd,0xff,0x77,0xff,0xdd,0xff,0x57,0xff,0xdd,0xff,0x77
  },
  { // 69
    0x00,0x02,0x00,0x00,0x00,0x00,0x00,0x00,0x00,0x00,0x00,0x00,0x00,0x00,0x00,0x00,0x00,0x00,0x00,0x00,0x00,0x00,0x00,0x00,0x04,0x00,0x00,0x00,0x00,0x00,0x00,0x00,
    0x00,0x00,0x00,0x00,0x00,0x00,0x00,0x02,0x00,0x00,0x00,0x00,0x00,0x00,0x00,0x00,0x00,0x00,0x00,0x00,0x00,0x00,0x00,0x00,0x00,0x00,0x00,0x00,0x00,0x00,0x10,0x00,
    0x00,0x00,0x00,0x00,0x00,0x00,0x48,0x04,0x48,0x04,0x4c,0x1c,0x38,0x14,0x38,0x1c,0x38,0x10,0x38,0x10,0x38,0x34,0x3c,0x5c,0x7c,0x74,0x7c,0x5c,0x78,0x74,0xe8,0x48,
    0xe8,0x50,0xfa,0xdc,0xbe,0x76,0xfe,0xdd,0xbe,0x37,0xbe,0x5c,0x3e,0x76,0xfe,0x5d,0xff,0x77,0xff,0xdd,0xff,0x77,0xff,0xdd,0xfb,0x77,0xff,0xdd,0xff,0x77,0xff,0xdd,
    0x30,0x10,0x38,0x10,0x30,0x10,0x30,0x10,0x30,0x70,0x78,0x50,0xf0,0x70,0xf8,0x50,0xf8,0xd0,0xe8,0xd0,0xe0,0x50,0xe0,0xd0,0xb0,0x70,0xf0,0x50,0xa0,0x40,0xa8,0x40,
    0x28,0x40,0xe8,0x58,0xf8,0x50,0xf8,0xd8,0xf8,0x70,0xf8,0x58,0xb8,0x70,0xf8,0x50,0xf8,0x70,0xf8,0xd0,0xf8,0x70,0xe8,0xc0,0xe8,0x40,0xec,0xd0,0xf8,0x50,0xf8,0xdc,
    0xf8,0x74,0xbc,0x5c,0xbc,0x34,0x3c,0x5c,0x7c,0x74,0xfc,0xdc,0xfc,0x74,0xfc,0xdc,0xf8,0x70,0xf8,0xd8,0xf8,0x72,0xfa,0xdc,0xfe,0x76,0xfe,0xd4,0xfe,0x64,0xee,0xcc,
    0xee,0x57,0xff,0xdf,0xff,0x77,0xff,0xdf,0xbf,0x77,0xff,0x5d,0x3f,0x77,0xfe,0x5d,0xfe,0x77,0xfe,0xdd,0xff,0x75,0xff,0xdd,0xf9,0x71,0xfb,0xdd,0xfb,0x77,0xff,0xdd,
    0x00,0x00,0x00,0x00,0x00,0x10,0x00,0x00,0x00,0x00,0x01,0x40,0x20,0x40,0xd0,0x40,0x80,0x40,0x80,0x40,0x80,0x00,0x80,0x00,0x80,0x00,0x80,0x00,0x80,0x00,0x00,0x00,
    0x20,0x00,0x20,0x40,0x60,0x40,0xe0,0x40,0xe0,0x40,0xe0,0xc0,0xe0,0x40,0xe0,0xc1,0xe0,0x71,0xe0,0xc1,0xe0,0x61,0xe0,0xc1,0xe2,0x43,0xe0,0xc1,0xe3,0x41,0xc1,0xd1,
    0xb1,0x11,0xb9,0x11,0xb3,0x31,0x3a,0x50,0x7a,0x70,0xfa,0xd8,0xfa,0x70,0xf8,0xd8,0xf8,0x71,0xf9,0xd1,0xf9,0x71,0xfb,0xd1,0xfb,0x73,0xfb,0xd5,0xf3,0x77,0xef,0xc5,
    0xef,0x67,0xef,0xdd,0xff,0x77,0xff,0xdd,0xff,0x77,0xff,0xdd,0xff,0x77,0xff,0xdd,0xff,0x77,0xff,0xdd,0xff,0x77,0xff,0xdd,0xff,0x75,0xff,0xdd,0xff,0x77,0xff,0xdd,
    0x40,0x00,0x00,0x00,0x00,0x00,0x00,0x00,0x00,0x00,0x00,0x00,0x00,0x00,0x00,0x00,0x00,0x00,0x00,0x00,0x00,0x00,0x04,0x00,0x00,0x00,0x00,0x00,0x00,0x00,0x00,0x00,
    0x00,0x00,0x00,0x00,0x00,0x00,0x00,0x00,0x00,0x00,0x00,0x00,0x00,0x00,0x00,0x01,0x01,0x01,0x01,0x01,0x01,0x01,0x03,0x01,0x03,0x01,0x02,0x01,0x03,0x01,0x03,0x01,
    0x03,0x01,0x03,0x01,0x03,0x01,0x02,0x01,0x02,0x01,0x02,0x01,0x03,0x01,0x02,0x21,0x02,0x01,0x01,0x01,0x03,0x01,0x03,0x01,0x03,0x03,0x03,0x05,0x03,0x07,0x07,0x05,
    0x07,0x07,0x07,0x05,0x0f,0x07,0x8f,0x4d,0x8f,0x45,0xcf,0xcd,0xab,0x51,0xfb,0xdd,0xfb,0x77,0xff,0xd5,0xff,0x77,0xef,0xc5,0xef,0x67,0xef,0xcd,0xff,0x77,0xff,0xdd
  },
  { // 70
    0x00,0x00,0x00,0x00,0x00,0x00,0x00,0x40,0x00,0x00,0x00,0x00,0x00,0x00,0x00,0x00,0x00,0x00,0x00,0x00,0x00,0x00,0x00,0x00,0x00,0x00,0x00,0x00,0x00,0x00,0x00,0x00,
    0x00,0x00,0x00,0x02,0x00,0x00,0x00,0x00,0x00,0x00,0x00,0x00,0x00,0x00,0x00,0x00,0x00,0x00,0x00,0x00,0x80,0x00,0x00,0x00,0x80,0x90,0x00,0x08,0x00,0x00,0x00,0x08,
    0x00,0x00,0x00,0x48,0x00,0x28,0x10,0x38,0x1c,0x38,0x14,0x3c,0x1c,0x38,0x10,0x38,0xd8,0x38,0xf0,0x78,0xd8,0x78,0x70,0xf8,0x50,0x70,0x70,0xe0,0x44,0xe6,0x44,0xee,
    0x4c,0xee,0x56,0xfe,0xdc,0xbe,0x16,0xbe,0x1c,0xbe,0x36,0xbe,0x5c,0xfe,0x76,0xfe,0xdc,0xfe,0x76,0xfe,0xdc,0xfc,0x75,0xfd,0xdd,0xff,0x77,0xff,0xdd,0xff,0x77,0xff,
    0x50,0x20,0x10,0xb0,0x50,0xb0,0x70,0xf0,0x50,0xf0,0x70,0xf0,0x50,0xe0,0x60,0xe0,0x40,0xe0,0x40,0xe0,0xc0,0xe0,0x58,0xe8,0xd0,0xb8,0x10,0xb8,0x10,0x30,0x10,0x38,
    0x50,0x38,0x70,0xf8,0x58,0xf8,0x70,0xf8,0xd8,0xf8,0x70,0xf8,0xd0,0xf8,0x70,0xf8,0xd0,0xf8,0x70,0xf0,0xd0,0xe0,0x60,0xe0,0xc0,0xe8,0x40,0xe8,0xdc,0xf8,0x54,0xfc,
    0xdc,0xb8,0x10,0xb8,0x1c,0xb8,0x74,0xfc,0x5c,0xfc,0x74,0xfc,0xdc,0xfc,0x74,0xfc,0xdc,0xf8,0x70,0xf8,0xdc,0xf8,0x70,0xfa,0xdc,0xfa,0x74,0xfe,0xd4,0xfe,0x76,0xfe,
    0xdd,0xfe,0xf7,0xff,0xdd,0xff,0x77,0xff,0xdd,0xff,0x77,0xff,0xdd,0xff,0x77,0xff,0xdd,0xff,0x77,0xfe,0xdc,0xfe,0x75,0xff,0xdd,0xff,0x77,0xff,0xdd,0xff,0x77,0xff,
    0x00,0x00,0x00,0x00,0x00,0x08,0x00,0x80,0x00,0x80,0x01,0x80,0x00,0x80,0x00,0x80,0x00,0x00,0x00,0x80,0x00,0x80,0x00,0x80,0x00,0x80,0x00,0x80,0x00,0x00,0x00,0x00,
    0x00,0x20,0x00,0xe0,0x40,0xe0,0x40,0xe0,0x40,0xe0,0x60,0xe0,0xc0,0xe0,0x41,0xe1,0xc1,0xe1,0x41,0xe1,0xc1,0xa1,0x01,0xa1,0x41,0xa3,0x41,0xe3,0x41,0xe3,0x41,0xe1,
    0x41,0xe1,0x51,0xf1,0xd1,0xf1,0x71,0xfb,0xd1,0xf3,0x71,0xf3,0xd1,0xf2,0x70,0xe2,0xc1,0xe3,0x61,0xeb,0xd5,0xfb,0x53,0xfb,0xd5,0xfb,0x53,0xbb,0x95,0xbf,0x37,0xbf,
    0x5d,0xff,0x77,0xff,0x5d,0xff,0x77,0xfe,0xdd,0xff,0x77,0xff,0xdd,0xff,0x77,0xff,0xdd,0xfb,0x77,0xff,0xd5,0xf7,0x77,0xef,0xdd,0xff,0x77,0xff,0xdd,0xff,0x57,0xff,
    0x00,0x00,0x00,0x00,0x00,0x00,0x00,0x00,0x00,0x00,0x00,0x00,0x00,0x00,0x00,0x00,0x00,0x00,0x00,0x00,0x00,0x00,0x00,0x00,0x00,0x00,0x00,0x00,0x01,0x00,0x00,0x00,
    0x00,0x00,0x00,0x00,0x00,0x00,0x00,0x00,0x00,0x00,0x00,0x00,0x00,0x00,0x01,0x01,0x01,0x01,0x01,0x03,0x01,0x03,0x01,0x03,0x01,0x03,0x03,0x03,0x01,0x03,0x01,0x02,
    0x00,0x02,0x00,0x00,0x00,0x00,0x01,0x01,0x01,0x13,0x01,0x03,0x01,0x03,0x03,0x03,0x01,0x03,0x03,0x07,0x05,0x07,0x07,0x07,0x05,0x07,0x07,0x07,0x0d,0x07,0x07,0x0f,
    0x05,0x0f,0x07,0x0f,0x05,0x0e,0x06,0x0e,0x44,0x8e,0x45,0xcf,0xcd,0xef,0x57,0xff,0xdd,0xfb,0x53,0xfb,0xd5,0xb7,0x77,0xff,0xd5,0xff,0x77,0xff,0xdd,0xff,0x77,0xff
  },
  { // 71
    0x00,0x00,0x20,0x00,0x00,0x00,0x00,0x00,0x00,0x00,0x00,0x00,0x00,0x00,0x00,0x00,0x00,0x00,0x00,0x00,0x00,0x00,0x00,0x00,0x00,0x00,0x00,0x00,0x00,0x00,0x00,0x04,
    0x00,0x00,0x00,0x00,0x00,0x00,0x00,0x00,0x00,0x00,0x00,0x00,0x00,0x80,0x00,0x00,0x00,0x00,0x40,0x00,0x00,0x00,0x00,0x00,0x00,0x00,0x00,0x00,0x00,0x80,0x08,0x00,
    0x08,0x10,0x08,0x10,0x38,0x10,0x38,0x10,0x38,0x70,0x38,0x50,0x38,0x70,0x68,0x58,0x78,0x70,0x78,0x58,0x78,0x70,0xf8,0x50,0xb0,0x10,0xa0,0x54,0x26,0x74,0xee,0x5c,
    0xfe,0x77,0xfe,0x5c,0xfe,0x54,0xfe,0x5c,0xbe,0x76,0xfe,0xdc,0xfe,0xf7,0xfe,0xdc,0xfe,0x76,0xfe,0xdc,0xfe,0x75,0xff,0xdd,0xff,0x77,0xff,0xdd,0xff,0x77,0xff,0xdd,
    0x60,0x40,0xe0,0x40,0xe0,0x50,0xf0,0xd0,0xf0,0x70,0xf0,0xd0,0xe0,0x60,0xe0,0x44,0xe0,0x40,0xe0,0x40,0xe0,0x40,0xe8,0xc0,0x88,0x10,0x88,0x10,0xb8,0x10,0xb8,0x50,
    0xf8,0x70,0xf8,0x50,0xf8,0x70,0xf8,0x50,0xf8,0x70,0xf8,0xd0,0xf8,0x70,0xf8,0xd0,0xf8,0x71,0xf8,0xd0,0xb0,0x70,0xe0,0xd0,0xf8,0x70,0xf8,0xdc,0xf8,0x74,0xfc,0x5c,
    0xf8,0x50,0xf8,0xdc,0xf8,0x78,0xf8,0xdc,0xf8,0x70,0xf8,0xd0,0xf8,0x70,0xf8,0xd4,0xf8,0x74,0xfc,0xdc,0xfc,0x74,0xfc,0xdc,0xfa,0xd4,0xbe,0xfc,0xbe,0x77,0xfe,0xdd,
    0xfe,0x77,0xfe,0x5c,0xfe,0x74,0xfe,0xde,0xfe,0x77,0xff,0xdf,0xff,0x77,0xff,0xdd,0xfb,0x73,0xfb,0xd5,0xf7,0x77,0xff,0xdd,0xff,0x77,0xff,0xdd,0xff,0x57,0xdf,0xdd,
    0x00,0x00,0x00,0x00,0x02,0x00,0x80,0x00,0x80,0x00,0x80,0x00,0x80,0x00,0x80,0x00,0x00,0x00,0x00,0x00,0x00,0x00,0x00,0x00,0x00,0x00,0x00,0x00,0x00,0x00,0x80,0x40,
    0xa0,0x40,0xe0,0x40,0xa0,0x40,0xe0,0x40,0xe0,0x40,0xe0,0xe1,0xe0,0x61,0xe1,0xe1,0xc1,0x41,0x81,0x81,0x81,0x01,0x81,0x01,0xa3,0x21,0xa3,0x61,0x63,0x61,0x62,0x40,
    0x60,0x60,0xe0,0xd0,0xf1,0x71,0xf1,0xd1,0xf3,0x71,0xf3,0xd1,0xf3,0x71,0xe3,0xc1,0xe3,0x63,0xe3,0xc5,0xeb,0x67,0xef,0xc5,0xcb,0x57,0x9f,0xdd,0xbf,0x37,0xff,0xfd,
    0xff,0x77,0xff,0x5d,0xfe,0x76,0xfe,0xdc,0xfe,0x75,0xff,0xdd,0xff,0x75,0xff,0xdd,0xfb,0x73,0xfb,0xd1,0xfb,0x77,0xff,0xdd,0xff,0x77,0xff,0xdd,0xff,0x77,0xff,0xdd,
    0x00,0x00,0x00,0x00,0x00,0x00,0x00,0x00,0x00,0x00,0x00,0x10,0x00,0x00,0x00,0x00,0x00,0x00,0x00,0x00,0x00,0x00,0x01,0x20,0x00,0x00,0x00,0x00,0x00,0x00,0x00,0x00,
    0x00,0x00,0x00,0x00,0x00,0x01,0x00,0x00,0x00,0x01,0x00,0x01,0x01,0x01,0x03,0x01,0x03,0x01,0x01,0x01,0x03,0x01,0x03,0x01,0x03,0x01,0x03,0x01,0x03,0x01,0x02,0x00,
    0x02,0x00,0x00,0x00,0x00,0x09,0x01,0x01,0x03,0x01,0x03,0x01,0x03,0x01,0x03,0x01,0x03,0x03,0x07,0x05,0x07,0x07,0x07,0x05,0x0f,0x07,0x07,0x05,0x07,0x07,0x0f,0x05,
    0x0f,0x07,0x0f,0x05,0x0b,0x07,0x0e,0x04,0x06,0x07,0xcf,0xc5,0xef,0x47,0xef,0xcd,0xcf,0x47,0xcf,0xdd,0x9f,0x17,0xbf,0xdd,0xff,0x77,0xff,0xdd,0xff,0x77,0xff,0x5d
  },
  { // 72
    0x00,0x00,0x00,0x00,0x00,0x00,0x00,0x00,0x00,0x00,0x00,0x00,0x00,0x00,0x00,0x00,0x00,0x00,0x00,0x00,0x00,0x00,0x00,0x00,0x00,0x00,0x00,0x08,0x00,0x00,0x00,0x00,
    0x00,0x00,0x00,0x00,0x00,0x00,0x00,0x00,0x10,0x00,0x00,0x80,0x00,0x00,0x00,0x00,0x00,0x00,0x00,0x00,0x00,0x00,0x00,0x00,0x00,0x00,0x00,0x00,0x00,0x00,0x00,0x08,
    0x00,0x08,0x30,0x38,0x38,0x38,0x30,0x38,0x10,0x38,0x30,0x38,0x10,0x30,0x70,0x68,0x54,0x68,0x64,0x68,0x44,0x08,0x00,0x88,0x1c,0x1a,0x14,0xbe,0x1c,0xbf,0x36,0x3e,
    0x1c,0x3e,0x36,0x7e,0x5d,0x7e,0x74,0xfe,0xdc,0xfe,0x74,0xfe,0xdc,0xfa,0x71,0xfa,0xd9,0xfb,0x73,0xff,0xd5,0xff,0x77,0xff,0xdd,0xef,0x67,0xef,0xdd,0xff,0x57,0xff,
    0x40,0x60,0x60,0xe0,0x40,0xe1,0x40,0xe0,0xc0,0xe0,0x40,0x80,0xc0,0xa0,0x10,0xa0,0x50,0xb0,0x30,0xa0,0x50,0x20,0x40,0x28,0x40,0x68,0x50,0xf8,0x58,0xf8,0x70,0xf8,
    0xd0,0xf8,0x70,0xf9,0x50,0xf0,0x70,0xf0,0xd0,0xf0,0x70,0xe8,0xc0,0xe8,0x40,0xe8,0xc0,0xc8,0x50,0xd8,0xd8,0xb9,0x30,0xb8,0xdc,0xb8,0x34,0x38,0x7c,0x78,0x74,0xfc,
    0x5c,0xfc,0x74,0xfc,0xdc,0xf8,0x70,0xf8,0xd8,0xf8,0x70,0xf8,0xd0,0xf8,0x70,0xfc,0xd4,0xfe,0x74,0xee,0xcc,0xee,0x44,0xce,0xdc,0xfe,0x54,0xfe,0xdc,0xfe,0x77,0xfe,
    0xdd,0xfe,0x77,0xfe,0x5d,0xfe,0x77,0xff,0xdc,0xfe,0x75,0xff,0xdd,0xff,0xf5,0xfb,0xd9,0xfb,0x73,0xff,0xdd,0xff,0x77,0xff,0xdd,0xff,0x77,0xff,0xdd,0xff,0x77,0xff,
    0x00,0x00,0x00,0x00,0x00,0x00,0x00,0x80,0x00,0x00,0x00,0x80,0x00,0x00,0x00,0x80,0x00,0x00,0x00,0x00,0x00,0x00,0x00,0x00,0x00,0x00,0x40,0xe0,0x40,0xe0,0x40,0xe0,
    0xc0,0xe0,0x40,0xc1,0xc0,0xa0,0x41,0xe0,0xc1,0xe1,0x41,0xe1,0xc1,0xe1,0x41,0xc0,0x41,0x81,0x41,0x81,0xc1,0xa1,0x41,0xa1,0xd1,0xb1,0x31,0xb0,0x50,0x30,0x70,0xe0,
    0x50,0xf0,0x70,0xe0,0xd1,0xe1,0x71,0xe1,0xc1,0xe1,0x51,0xe1,0xd1,0xf3,0x73,0xfb,0xd1,0xf3,0x73,0xef,0x57,0xef,0x47,0xff,0x5d,0xff,0x77,0xff,0xdd,0xff,0x77,0xff,
    0xdd,0xfb,0x71,0xfb,0xdd,0xfb,0x77,0xff,0xdd,0xff,0x77,0xff,0xdd,0xef,0x77,0xef,0xdf,0xff,0x57,0xff,0xdd,0xff,0x77,0xff,0xdd,0xbf,0x77,0xff,0x5d,0x7f,0x77,0xff,
    0x00,0x00,0x00,0x00,0x00,0x20,0x00,0x00,0x00,0x00,0x00,0x00,0x00,0x20,0x01,0x00,0x00,0x00,0x00,0x00,0x00,0x00,0x00,0x00,0x00,0x01,0x00,0x00,0x00,0x00,0x00,0x00,
    0x00,0x00,0x00,0x00,0x01,0x00,0x01,0x01,0x01,0x01,0x01,0x01,0x01,0x03,0x01,0x02,0x00,0x02,0x00,0x00,0x00,0x02,0x01,0x01,0x01,0x01,0x01,0x00,0x01,0x00,0x01,0x06,
    0x01,0x02,0x01,0x03,0x01,0x03,0x01,0x03,0x01,0x03,0x01,0x03,0x01,0x03,0x03,0x03,0x05,0x03,0x07,0x17,0x05,0x03,0x07,0x06,0x05,0x06,0x07,0x06,0x05,0x07,0x05,0x0f,
    0x05,0x0b,0x01,0x8b,0x01,0x83,0x03,0x8b,0xc5,0x87,0x47,0xef,0xc5,0xe7,0x47,0xcf,0xc5,0xcf,0x47,0xcf,0xdd,0xff,0x57,0xff,0xdd,0xbf,0x37,0xbf,0x5d,0xff,0x77,0xff
  },
  { // 73
    0x00,0x00,0x00,0x00,0x00,0x00,0x00,0x00,0x00,0x00,0x00,0x00,0x00,0x00,0x00,0x00,0x00,0x00,0x00,0x00,0x00,0x00,0x00,0x00,0x00,0x00,0x00,0x00,0x00,0x00,0x00,0x00,
    0x00,0x04,0x00,0x00,0x00,0x00,0x00,0x80,0x00,0x00,0x00,0x00,0x00,0x08,0x00,0x00,0x00,0x00,0x00,0x00,0x00,0x00,0x00,0x00,0x00,0x00,0x00,0x00,0x00,0x08,0x00,0x08,
    0x10,0x08,0x18,0x38,0x10,0x18,0x10,0x38,0x10,0x78,0x10,0x70,0x10,0x78,0x10,0x20,0x10,0x28,0x04,0x20,0x04,0x0c,0x0c,0x8e,0x14,0x1e,0x1c,0x3e,0x14,0x7e,0x5c,0x3e,
    0x36,0x3e,0x5c,0x3e,0x76,0xfe,0x5c,0xfe,0x74,0xfe,0xdc,0xfc,0x74,0xf8,0xd9,0xfb,0x73,0xfb,0xdd,0xff,0x77,0xff,0xdd,0xff,0x77,0xef,0xdd,0xef,0x77,0xff,0xdd,0xff,
    0x70,0xe0,0x50,0xe0,0x60,0xe0,0x40,0xe0,0x40,0xc0,0x40,0x80,0x00,0x88,0x50,0xb8,0x10,0xb8,0x10,0x38,0x10,0x38,0x10,0x38,0x70,0x78,0x50,0xfc,0x70,0xf8,0xd8,0xf8,
    0x70,0xf8,0xd0,0xf8,0x70,0xf8,0xd0,0xf0,0x70,0xf8,0xd0,0xe0,0x60,0xe8,0x42,0xe8,0x40,0xe8,0xdc,0xf8,0x54,0xfc,0xdc,0xb8,0x30,0xb8,0x1c,0x38,0x70,0xf8,0x5c,0xfc,
    0x74,0xfc,0xdc,0xfc,0x74,0xf8,0xd8,0xf8,0x70,0xf8,0xd8,0xf8,0x70,0xfe,0xdc,0xfe,0x74,0xfe,0xd4,0xfe,0x74,0xee,0x5c,0xfe,0x76,0xfe,0xdc,0xfe,0x74,0xfe,0xdc,0xfe,
    0x74,0xfe,0xde,0xfe,0x76,0xfe,0xdc,0xfe,0x77,0xfe,0xdd,0xfe,0x75,0xef,0xdd,0xff,0x77,0xff,0xdd,0xff,0x77,0xff,0xdd,0xbf,0x37,0xbf,0x5d,0xbf,0x77,0xff,0xdd,0xff,
    0x00,0x00,0x00,0x00,0x00,0x00,0x00,0x00,0x80,0x00,0x00,0x00,0x00,0x80,0x00,0x00,0x00,0x80,0x00,0x00,0x00,0x00,0x00,0x20,0x00,0xa0,0x40,0xe0,0x40,0xe2,0x40,0xe0,
    0x40,0xe0,0xc0,0xc0,0x40,0xc0,0xc1,0xa0,0x41,0xa1,0xc1,0xa0,0x21,0xa0,0x20,0x20,0x20,0xe0,0x40,0xe0,0x51,0xe0,0xd1,0xf0,0x51,0xf0,0xd0,0xb0,0x70,0xf0,0xf1,0xf0,
    0x71,0xf0,0xd1,0xf0,0x71,0xe0,0xc1,0xe1,0x41,0xe9,0xc1,0xeb,0x51,0xfb,0xd1,0xfb,0x57,0xbb,0x91,0xbb,0x37,0x3f,0x55,0x7f,0x77,0xff,0xdd,0xff,0x75,0xff,0xdd,0xf9,
    0xf1,0xf9,0xd9,0xfb,0x71,0xfb,0xdd,0xfb,0x77,0xff,0xd5,0xf7,0x77,0xef,0xc5,0xef,0x67,0xff,0xdd,0xff,0x77,0xff,0xdd,0xbf,0x37,0xbf,0x9d,0xbf,0xf7,0xff,0xdd,0xff,
    0x40,0x00,0x00,0x00,0x00,0x00,0x10,0x00,0x00,0x00,0x00,0x00,0x00,0x00,0x00,0x00,0x00,0x00,0x02,0x00,0x00,0x00,0x00,0x00,0x00,0x00,0x00,0x00,0x00,0x00,0x00,0x00,
    0x00,0x00,0x00,0x00,0x00,0x00,0x01,0x01,0x01,0x01,0x01,0x01,0x01,0x00,0x01,0x00,0x00,0x00,0x00,0x00,0x00,0x00,0x00,0x00,0x00,0x00,0x02,0x00,0x01,0x01,0x01,0x01,
    0x01,0x03,0x01,0x03,0x01,0x03,0x01,0x03,0x01,0x03,0x01,0x03,0x03,0x03,0x01,0x23,0x03,0x03,0x01,0x03,0x03,0x03,0x01,0x03,0x07,0x07,0x05,0x06,0x07,0x06,0x04,0x02,
    0x01,0x81,0x01,0x83,0x01,0x8b,0xc5,0x83,0x07,0x8f,0x85,0x87,0x07,0xa7,0x05,0xaf,0x47,0xef,0xdd,0xff,0x77,0xff,0xdd,0xff,0x77,0xff,0xdd,0xff,0x77,0xff,0xdd,0xff
  },
  { // 74
    0x00,0x00,0x00,0x00,0x00,0x00,0x00,0x00,0x00,0x00,0x00,0x00,0x00,0x00,0x00,0x00,0x00,0x00,0x00,0x00,0x00,0x00,0x00,0x04,0x00,0x00,0x00,0x00,0x00,0x00,0x00,0x00,
    0x00,0x00,0x80,0x00,0x00,0x00,0x00,0x00,0x08,0x00,0x00,0x00,0x00,0x00,0x00,0x00,0x00,0x00,0x00,0x00,0x00,0x00,0x00,0x00,0x00,0x00,0x00,0x00,0x00,0x00,0x00,0x08,
    0x00,0x00,0x20,0x08,0x20,0x00,0x20,0x08,0x00,0x08,0x00,0x08,0x10,0x08,0x10,0x08,0x00,0x02,0x04,0x0e,0x04,0x2e,0x14,0x3e,0x1c,0x3e,0x14,0x3e,0x1c,0x3e,0x14,0x3e,
    0x1c,0xbe,0x74,0xfe,0x5c,0xfe,0x76,0xfe,0x54,0xfe,0x74,0xee,0xc5,0xef,0x77,0xff,0xdd,0xff,0x57,0xff,0xdd,0xbf,0x17,0xbf,0x9d,0xbf,0x77,0xff,0xdd,0xff,0x77,0xff,
    0x50,0x20,0x10,0x20,0x00,0x20,0x00,0x20,0x00,0x20,0x00,0x28,0x58,0x28,0x10,0x38,0x18,0x38,0x10,0x38,0x10,0x38,0x30,0x78,0x50,0x78,0x70,0xf8,0xd0,0x78,0x70,0xe8,
    0x40,0xe8,0x50,0xf8,0xd8,0xf8,0x58,0xf8,0xd0,0xb8,0x10,0xb8,0x14,0x78,0x34,0x7c,0x5c,0x7c,0x74,0xfc,0x5c,0xfc,0x74,0xfc,0x5c,0xf8,0x70,0xf8,0xdc,0xf8,0x70,0xf8,
    0xdc,0xf8,0x70,0xf8,0xd4,0xe2,0x66,0xec,0xcc,0xee,0x74,0xfe,0xdc,0xfe,0x56,0xbe,0x9c,0xbe,0x17,0xbe,0x5c,0xbe,0x77,0xff,0x5c,0xfe,0x76,0xfe,0xde,0xfe,0x74,0xfc,
    0xdc,0xfe,0x75,0xff,0xdd,0xfb,0x77,0xfb,0xd5,0xf3,0x77,0xf7,0xd5,0xef,0x77,0xff,0xdd,0xff,0x77,0xff,0xdd,0xff,0x57,0xbf,0xdd,0xbf,0x77,0xff,0xdd,0xff,0x77,0xff,
    0x40,0x00,0x00,0x00,0x00,0x00,0x00,0x00,0x00,0x01,0x00,0x20,0x00,0x20,0x00,0x20,0x40,0x20,0x00,0xa0,0x40,0xa8,0x40,0xe0,0x40,0xe0,0x60,0xe0,0x40,0xe0,0x40,0xe0,
    0x40,0xe0,0x40,0xe0,0xc0,0xe0,0x40,0xc0,0xc0,0xc0,0x10,0x80,0x10,0x30,0x10,0xb0,0x50,0x70,0x70,0xf8,0x50,0xf8,0x70,0xf8,0x50,0xf8,0x70,0xf8,0xd0,0xf8,0x71,0xf9,
    0xd1,0xf1,0x71,0xf8,0xd1,0xe0,0x61,0xe1,0xc9,0xeb,0x75,0xef,0xdd,0xfb,0x55,0xff,0xdd,0xbb,0x11,0xbb,0xdd,0xfb,0x77,0xff,0xdd,0xfe,0x74,0xfe,0xdc,0xfe,0x74,0xfc,
    0xdd,0xff,0x75,0xff,0xdd,0xfb,0x77,0xfb,0xdd,0xfb,0x77,0xff,0xd7,0xff,0x77,0xff,0xdf,0xff,0x77,0xff,0xdd,0xff,0x77,0xff,0xdd,0xff,0xf7,0xff,0xdd,0xff,0x77,0xff,
    0x00,0x00,0x00,0x00,0x00,0x00,0x00,0x00,0x02,0x00,0x00,0x00,0x00,0x00,0x00,0x00,0x00,0x00,0x00,0x00,0x00,0x00,0x00,0x00,0x00,0x00,0x00,0x00,0x00,0x00,0x00,0x00,
    0x00,0x00,0x00,0x00,0x00,0x00,0x00,0x00,0x00,0x00,0x00,0x00,0x00,0x00,0x00,0x00,0x00,0x00,0x00,0x00,0x00,0x02,0x00,0x00,0x00,0x00,0x00,0x00,0x01,0x01,0x01,0x01,
    0x01,0x01,0x01,0x01,0x01,0x03,0x01,0x03,0x01,0x03,0x43,0x03,0x01,0x03,0x01,0x02,0x01,0x02,0x01,0x01,0x01,0x03,0x01,0x03,0x01,0x03,0x01,0x03,0x01,0x03,0x01,0x83,
    0x41,0x83,0x47,0xc7,0xc5,0xc7,0x47,0xcf,0xc5,0x83,0x07,0x8f,0x95,0xbf,0x17,0xbf,0x5d,0xff,0x77,0xff,0x5d,0xfe,0x76,0xfe,0xdd,0xff,0x75,0xff,0xdd,0xff,0x77,0xff
  },
  { // 75
    0x00,0x00,0x00,0x00,0x00,0x00,0x00,0x00,0x00,0x00,0x00,0x00,0x00,0x00,0x24,0x00,0x00,0x00,0x00,0x00,0x00,0x00,0x00,0x00,0x00,0x00,0x00,0x00,0x00,0x80,0x00,0x00,
    0x00,0x00,0x00,0x08,0x00,0x00,0x00,0x00,0x00,0x00,0x00,0x00,0x00,0x00,0x00,0x00,0x00,0x00,0x00,0x00,0x00,0x00,0x00,0x00,0x00,0x00,0x00,0x00,0x00,0x00,0x00,0x00,
    0x00,0x00,0x00,0x00,0x00,0x00,0x00,0x00,0x00,0x08,0x04,0x08,0x40,0x08,0x40,0x0a,0x50,0x0e,0x14,0x1e,0x16,0x1e,0x1c,0x1e,0x14,0x0e,0x1c,0x3e,0x14,0x3c,0x1c,0xbe,
    0x14,0xbe,0xdd,0xbb,0x51,0xbb,0xd1,0xb3,0x33,0xf7,0xd5,0xff,0x77,0xff,0xdd,0xef,0x77,0xef,0xdd,0xff,0x57,0xff,0xdd,0xff,0x77,0xff,0xdd,0xff,0x77,0xff,0xdd,0xff,
    0x00,0x08,0x00,0x00,0x00,0x08,0x10,0x38,0x10,0x38,0x14,0x38,0x14,0x28,0x1c,0x28,0x10,0x38,0x18,0x38,0x30,0x38,0x58,0x38,0x30,0x38,0x50,0x30,0x30,0x30,0x40,0x20,
    0x64,0x6c,0x44,0x6c,0x44,0x4c,0x4c,0x08,0x14,0x1c,0x1c,0x3e,0x14,0x3e,0x1c,0x7e,0x34,0x3e,0x5c,0x7e,0x74,0x7c,0x5c,0x7c,0x74,0xfc,0xdc,0xfc,0x75,0xf9,0xd8,0xfa,
    0x70,0xfa,0xd0,0xf2,0x76,0xfe,0xd4,0xfe,0x76,0xfe,0x5c,0xee,0x56,0xee,0x5c,0xbe,0x57,0xfe,0xdd,0xff,0x77,0xff,0xdf,0xfe,0x76,0xfe,0x5c,0xfe,0x74,0xfe,0xdc,0xfe,
    0x75,0xff,0xdd,0xff,0x77,0xff,0xdf,0xfb,0x57,0xff,0xdf,0xff,0x77,0xff,0xdd,0xff,0x77,0xff,0x5d,0xff,0x77,0xff,0xdd,0xff,0x77,0xff,0xdd,0xff,0x77,0xff,0xdd,0xff,
    0x00,0x00,0x00,0x00,0x00,0x00,0x00,0x20,0x10,0x20,0x10,0x20,0x10,0x30,0x40,0x20,0x40,0x60,0x40,0x60,0x50,0xe0,0x50,0xe0,0x50,0xe0,0x40,0xa0,0x00,0xa0,0x00,0x20,
    0x00,0xe0,0x40,0x20,0x40,0xe8,0x40,0x28,0x00,0x88,0x58,0xb8,0x50,0xf8,0x78,0xb8,0x70,0xf8,0x70,0xf8,0x70,0xf8,0x50,0xf8,0x70,0xf8,0xf0,0xf8,0x70,0xf8,0xf0,0xe8,
    0x70,0xf8,0xd0,0xb8,0x11,0xb8,0xdd,0xbe,0x75,0xfe,0x5c,0x7e,0x74,0x7e,0x5c,0xfe,0x75,0xfc,0xdc,0xfe,0x75,0xff,0xdd,0xfb,0x71,0xfa,0xd1,0xfa,0x71,0xfe,0xd5,0xff,
    0x77,0xff,0xdd,0xff,0x77,0xef,0xdd,0xcf,0x57,0xdf,0xdd,0xff,0x77,0xff,0xdd,0xff,0x77,0xff,0x5d,0x7e,0x76,0xff,0xdc,0xfe,0x77,0xff,0xdd,0xff,0x77,0xff,0xdd,0xfb,
    0x00,0x00,0x00,0x00,0x00,0x00,0x00,0x00,0x00,0x00,0x00,0x00,0x00,0x00,0x00,0x00,0x00,0x00,0x00,0x00,0x00,0x00,0x00,0x00,0x00,0x00,0x00,0x00,0x00,0x00,0x00,0x00,
    0x00,0x00,0x00,0x00,0x00,0x00,0x00,0x00,0x00,0x00,0x00,0x00,0x00,0x00,0x00,0x02,0x00,0x00,0x00,0x00,0x00,0x00,0x00,0x00,0x00,0x00,0x00,0x00,0x01,0x00,0x01,0x00,
    0x01,0x01,0x01,0x01,0x01,0x81,0x01,0x01,0x01,0x01,0x01,0x00,0x00,0x00,0x00,0x00,0x01,0x00,0x00,0x02,0x01,0x81,0x41,0x81,0x01,0x81,0x01,0x83,0x01,0x83,0x41,0xa3,
    0x43,0xe3,0x41,0xe3,0x47,0xe7,0x45,0x87,0x47,0xcf,0xdd,0xff,0x57,0xff,0xdd,0xff,0x77,0xff,0x5d,0xff,0x77,0xfe,0xdc,0xfe,0x77,0xff,0xdd,0xff,0x77,0xff,0xdd,0xff
  },
  { // 76
    0x00,0x00,0x00,0x00,0x00,0x00,0x08,0x00,0x00,0x00,0x00,0x20,0x00,0x00,0x00,0x00,0x00,0x00,0x00,0x00,0x00,0x00,0x00,0x00,0x00,0x00,0x00,0x00,0x00,0x00,0x00,0x00,
    0x00,0x00,0x00,0x00,0x00,0x00,0x00,0x00,0x00,0x00,0x00,0x00,0x00,0x00,0x00,0x00,0x00,0x00,0x00,0x00,0x00,0x00,0x00,0x00,0x00,0x00,0x00,0x00,0x00,0x00,0x00,0x00,
    0x00,0x00,0x00,0x00,0x00,0x00,0x40,0x00,0x40,0x00,0x50,0x00,0x04,0x00,0x04,0x0c,0x04,0x0a,0x04,0x0e,0x04,0x0a,0x04,0x0a,0x04,0x0a,0x04,0x8e,0x04,0x8e,0x14,0x8e,
    0xdc,0x8e,0x05,0x89,0xc3,0x8b,0x11,0x8b,0xd5,0xbf,0x17,0xbf,0xdd,0xbf,0x77,0xbf,0x5d,0x3f,0x77,0xff,0xdd,0xff,0x77,0xff,0xdd,0xff,0x77,0xff,0xdd,0xff,0x77,0xff,
    0x10,0x08,0x00,0x08,0x10,0x18,0x10,0x18,0x1c,0x38,0x10,0x38,0x14,0x38,0x10,0x28,0x14,0x38,0x14,0x38,0x1c,0x38,0x10,0x38,0x10,0x39,0x10,0x28,0x10,0x32,0x10,0x2e,
    0x14,0x2e,0x04,0x2e,0x04,0x0e,0x04,0x0e,0x1c,0x3e,0x94,0x3e,0x1c,0x3e,0x34,0x3e,0x1c,0x3a,0x34,0x3e,0x54,0x3e,0x74,0x7e,0x5c,0x7e,0x74,0xfe,0x5c,0xea,0x50,0xea,
    0x59,0xbb,0x17,0xbf,0x5d,0xbf,0x37,0xbf,0x5d,0x3f,0x37,0x3e,0x5c,0x7e,0x76,0xfe,0x5f,0xff,0x77,0xff,0xfd,0xff,0x75,0xfb,0xfd,0xfb,0x73,0xff,0xdd,0xff,0x77,0xff,
    0xdd,0xff,0x77,0xef,0xcd,0xef,0x57,0xff,0xdd,0xff,0x77,0xff,0xdd,0xbf,0x37,0xbf,0x5d,0x3f,0xff,0xfe,0x5d,0xff,0x77,0xff,0xdd,0xff,0x75,0xff,0xdd,0xfb,0x71,0xfb,
    0x00,0x00,0x00,0x08,0x00,0x28,0x10,0x38,0x10,0x38,0x10,0x38,0x10,0x30,0x30,0x20,0x52,0x20,0x70,0x68,0x40,0x60,0x40,0x68,0x40,0x00,0x00,0x08,0x00,0x28,0x10,0x38,
    0x10,0x38,0x10,0x38,0x10,0x28,0x10,0x28,0x7c,0x78,0x74,0xfc,0x7c,0xf8,0x70,0xf8,0x58,0xf8,0x70,0xf8,0xd0,0xf8,0x70,0xf8,0xd4,0xf8,0x74,0xec,0xd4,0xec,0x44,0xec,
    0xcc,0xce,0x54,0xfe,0xdc,0xbe,0x36,0xbe,0x1c,0xbe,0x36,0x3e,0x5c,0x7e,0x75,0xff,0x5c,0xfe,0x74,0xfe,0xdc,0xfc,0x75,0xf8,0xd9,0xfb,0x71,0xfb,0xd5,0xff,0x7f,0xff,
    0xd5,0xff,0x77,0xef,0xcd,0xef,0x67,0xff,0xdd,0xff,0x77,0xff,0xdd,0xff,0x77,0xff,0xdd,0xff,0x77,0xff,0xdd,0xff,0x77,0xff,0xdd,0xff,0x77,0xff,0xdd,0xff,0x75,0xff,
    0x00,0x00,0x00,0x00,0x00,0x00,0x00,0x00,0x00,0x00,0x00,0x00,0x00,0x00,0x00,0x00,0x00,0x00,0x00,0x00,0x00,0x00,0x00,0x00,0x00,0x00,0x00,0x00,0x00,0x00,0x00,0x00,
    0x00,0x00,0x00,0x00,0x00,0x00,0x00,0x00,0x00,0x00,0x02,0x00,0x00,0x00,0x00,0x00,0x00,0x00,0x00,0x00,0x00,0x00,0x00,0x00,0x00,0x00,0x00,0x00,0x00,0x00,0x00,0x00,
    0x00,0x00,0x80,0x00,0x00,0x00,0x00,0x00,0x00,0x00,0x00,0x00,0x00,0x00,0x00,0x00,0x00,0x20,0x40,0x60,0x40,0x60,0x41,0xc0,0x41,0x81,0x41,0xc1,0xc1,0xa3,0x41,0xa3,
    0x41,0xa3,0x03,0xa3,0x01,0x23,0x47,0x6f,0x5d,0xff,0x77,0xff,0xdd,0xff,0x75,0xff,0xdd,0xfb,0x71,0xfb,0xdd,0xfb,0x77,0xff,0xdd,0xff,0x77,0xff,0xdd,0xef,0x67,0xef
  },
  { // 77
    0x00,0x00,0x00,0x00,0x00,0x00,0x00,0x20,0x00,0x00,0x00,0x00,0x00,0x00,0x00,0x00,0x00,0x00,0x00,0x00,0x00,0x00,0x00,0x00,0x00,0x00,0x00,0x00,0x00,0x00,0x00,0x00,
    0x00,0x00,0x00,0x00,0x00,0x00,0x00,0x00,0x00,0x00,0x00,0x00,0x00,0x00,0x00,0x00,0x00,0x00,0x00,0x00,0x00,0x00,0x00,0x00,0x00,0x00,0x00,0x00,0x00,0x00,0x00,0x00,
    0x00,0x80,0x00,0x20,0x00,0x80,0x00,0x00,0x00,0x00,0x00,0x10,0x00,0x40,0x00,0x40,0x00,0xc0,0x00,0x80,0x00,0x80,0x80,0x80,0x00,0x82,0x80,0x82,0x01,0x86,0xc4,0x82,
    0x45,0xc6,0xc5,0xc7,0x45,0xcf,0xcd,0xcf,0x57,0xcf,0xdd,0x9f,0x17,0xbf,0x1d,0xbf,0x37,0xff,0x5d,0xff,0x77,0xff,0xdd,0xff,0x75,0xff,0xdd,0xfd,0x75,0xff,0xdd,0xff,
    0x04,0x0c,0x04,0x0c,0x04,0x0c,0x0c,0x08,0x10,0x08,0x10,0x08,0x10,0x08,0x10,0x0a,0x10,0x0e,0x04,0x02,0x00,0x08,0x00,0x08,0x00,0x08,0x04,0x0a,0x14,0x0e,0x1c,0x1e,
    0x16,0x0e,0x14,0x0e,0x16,0x0e,0x1c,0x3e,0x16,0x3e,0x1c,0x3e,0x14,0x3c,0x1c,0x38,0x10,0x38,0x18,0x3a,0x31,0xba,0x15,0x3e,0x37,0x2e,0x05,0x26,0x07,0x2e,0x0d,0x2f,
    0x17,0x1f,0x1d,0x3f,0x17,0x3f,0x1d,0x3f,0x17,0x3f,0x1d,0x3f,0x37,0x7e,0x5d,0x7e,0x76,0xfe,0x5c,0xfe,0x74,0xfc,0xdd,0xf9,0x71,0xfb,0xdd,0xfb,0x77,0xff,0xd5,0xff,
    0x77,0xef,0x47,0xef,0x77,0xef,0xdf,0xff,0x77,0xff,0xdd,0xff,0x77,0xff,0xdd,0xbf,0x77,0xff,0xdd,0xff,0x77,0xff,0xdd,0xff,0x77,0xfe,0xdd,0xff,0x75,0xff,0xdd,0xff,
    0x10,0x28,0x10,0x38,0x10,0x38,0x18,0x38,0x10,0x3c,0x10,0x38,0x10,0x38,0x10,0x38,0x10,0x38,0x10,0x20,0x00,0x20,0x04,0x20,0x04,0x0c,0x0c,0x0c,0x14,0x1c,0x1c,0x3c,
    0x14,0x3c,0x1c,0x39,0x14,0x3c,0x1c,0x3e,0x74,0xfe,0x5c,0x7c,0x74,0x7c,0x7c,0x78,0x70,0x78,0x78,0x78,0x78,0xfa,0x5c,0x7a,0x76,0xbe,0x54,0x26,0x06,0x2e,0x44,0x6e,
    0x76,0xfe,0x5c,0xfe,0x77,0xfe,0x5e,0xbe,0x34,0xbe,0x5c,0xbe,0x76,0xfe,0x5c,0xfe,0x76,0xfe,0xdc,0xfe,0x74,0xee,0xdd,0xff,0x75,0xff,0xdd,0xff,0x77,0xff,0xdd,0xbf,
    0x37,0xbf,0x1d,0xbf,0x77,0xff,0x5d,0xff,0x77,0xff,0xdd,0xff,0x77,0xff,0xdf,0xff,0x77,0xff,0xdd,0xff,0x77,0xff,0xdd,0xff,0x77,0xff,0xd5,0xef,0x77,0xef,0xdd,0xff,
    0x00,0x00,0x00,0x00,0x00,0x00,0x00,0x00,0x00,0x00,0x00,0x00,0x00,0x00,0x00,0x00,0x00,0x00,0x00,0x00,0x00,0x00,0x00,0x00,0x00,0x00,0x00,0x00,0x00,0x00,0x00,0x00,
    0x00,0x00,0x00,0x00,0x04,0x00,0x00,0x00,0x00,0x00,0x00,0x00,0x00,0x00,0x00,0x00,0x01,0x00,0x00,0x00,0x00,0x00,0x00,0x00,0x00,0x00,0x00,0x00,0x00,0x80,0x00,0x00,
    0x00,0x00,0x00,0x00,0x00,0x00,0x00,0x00,0x00,0x00,0x00,0x20,0x00,0x20,0x00,0x20,0x10,0x20,0x40,0x20,0x40,0x60,0x40,0x60,0xc0,0xe0,0x41,0xe9,0x51,0xc9,0x51,0x99,
    0x11,0xb9,0x11,0x3b,0x31,0xbf,0x5d,0xff,0x77,0xfe,0x5c,0xfe,0x74,0xfc,0xdc,0xfc,0x75,0xfd,0xdd,0xfb,0x77,0xff,0xdd,0xfb,0x77,0xff,0xd5,0xf7,0x77,0xff,0xdd,0xff
  },
  { // 78
    0x00,0x00,0x00,0x20,0x00,0x00,0x00,0x00,0x00,0x00,0x00,0x00,0x00,0x00,0x00,0x00,0x00,0x00,0x00,0x00,0x00,0x00,0x20,0x00,0x00,0x00,0x00,0x00,0x00,0x00,0x00,0x00,
    0x00,0x00,0x00,0x00,0x00,0x00,0x00,0x00,0x00,0x00,0x00,0x00,0x00,0x00,0x00,0x00,0x00,0x00,0x00,0x80,0x00,0x00,0x00,0x80,0x00,0x00,0x00,0x80,0x00,0xa0,0x00,0x80,
    0x00,0x80,0x00,0x80,0x80,0x80,0x00,0xc0,0x10,0x40,0x00,0xc0,0x00,0x00,0x00,0x80,0x00,0x80,0x00,0x80,0xc0,0x80,0x40,0xc0,0xc0,0xc0,0x41,0xc2,0xc1,0x83,0x01,0x82,
    0xc1,0x83,0x47,0xc7,0xc5,0xef,0x47,0xcf,0xcd,0xcf,0x47,0x8f,0xdd,0xbf,0x17,0xff,0xdd,0xff,0x77,0xff,0xdd,0xff,0x77,0xfe,0xdc,0xfe,0x75,0xff,0xdd,0xff,0x77,0xff,
    0x04,0x02,0x04,0x0c,0x04,0x08,0x00,0x08,0x00,0x08,0x00,0x08,0x04,0x0a,0x04,0x02,0x00,0x02,0x00,0x02,0x00,0x02,0x04,0x0e,0x04,0x0e,0x04,0x0e,0x0d,0x0e,0x05,0x0e,
    0x0c,0x0a,0x16,0x0e,0x1c,0x1e,0x16,0x1e,0x1c,0x1e,0x14,0x0e,0x0c,0x0c,0x14,0x08,0x1c,0x1b,0x11,0x1b,0x1d,0x1b,0x13,0x1b,0x15,0x03,0x07,0x07,0x05,0x2f,0x07,0x2f,
    0x1d,0x3f,0x17,0x1f,0x1d,0x1f,0x17,0x1f,0x1d,0x3f,0x37,0xbf,0x1d,0xbf,0x77,0xfe,0x5c,0xfe,0x74,0xfe,0x7c,0xff,0x75,0xff,0xdd,0xff,0x57,0xff,0xdd,0xbf,0x17,0xbf,
    0x9d,0xbf,0x37,0xbf,0x5d,0xff,0x77,0xff,0x5d,0xff,0xf7,0xff,0xdd,0xff,0x75,0xff,0xdd,0xff,0x77,0xff,0xdf,0xff,0x77,0xff,0xd7,0xff,0x77,0xff,0xdd,0xff,0x77,0xff,
    0x14,0x38,0x14,0x38,0x14,0x28,0x00,0x08,0x00,0x08,0x00,0x08,0x10,0x38,0x10,0x18,0x10,0x02,0x10,0x02,0x00,0x02,0x04,0x2e,0x04,0x2e,0x14,0x2e,0x1c,0x3e,0x16,0x1e,
    0x1c,0x3c,0x54,0x3e,0x1c,0x3a,0x34,0x3e,0x3c,0x3e,0x34,0x3e,0x74,0x2a,0x74,0x6d,0x44,0x6e,0x54,0x7e,0x5d,0x3f,0x17,0x1f,0x1d,0x3b,0x17,0x3f,0x1d,0x3f,0x3f,0x3e,
    0x5d,0x3e,0x76,0x7e,0x5c,0x7e,0x74,0x7e,0x5c,0x7e,0x75,0xff,0x5d,0xff,0x77,0xff,0x55,0xfb,0x77,0xf7,0x55,0xef,0x77,0xef,0xdd,0xff,0x77,0xff,0xdd,0xff,0x57,0x9f,
    0x9d,0xbf,0x37,0xbf,0x5d,0xff,0x77,0xff,0x5d,0xff,0x76,0xfe,0xdc,0xfe,0x75,0xff,0xdd,0xff,0x77,0xff,0xdd,0xfb,0x73,0xfb,0xd5,0xf7,0x77,0xff,0xdd,0xff,0x77,0xff,
    0x00,0x00,0x00,0x00,0x00,0x00,0x00,0x00,0x00,0x00,0x00,0x00,0x00,0x00,0x00,0x00,0x00,0x00,0x00,0x00,0x00,0x00,0x00,0x00,0x00,0x00,0x00,0x00,0x00,0x00,0x00,0x00,
    0x08,0x00,0x00,0x00,0x00,0x00,0x00,0x00,0x00,0x00,0x02,0x00,0x00,0x01,0x00,0x00,0x00,0x00,0x00,0x00,0x00,0x00,0x00,0x00,0x00,0x80,0x00,0x00,0x00,0x00,0x00,0x08,
    0x00,0x00,0x00,0x22,0x00,0x20,0x00,0x20,0x00,0x20,0x00,0x20,0x50,0x20,0x10,0x20,0x10,0x20,0x00,0x20,0x00,0x20,0x00,0x20,0x40,0x28,0x50,0x68,0x4c,0x28,0x14,0x9c,
    0x5c,0x38,0x15,0xfe,0x5d,0xff,0x75,0xff,0x5d,0xfe,0x74,0xfe,0x54,0xfe,0x74,0xfe,0xdd,0xff,0x75,0xff,0xdd,0xff,0x77,0xff,0xdd,0xff,0x77,0xff,0xdd,0xff,0x77,0xff
  },
  { // 79
    0x20,0x00,0x00,0x00,0x00,0x00,0x00,0x00,0x00,0x00,0x00,0x00,0x00,0x00,0x00,0x00,0x00,0x00,0x40,0x00,0x00,0x00,0x00,0x00,0x00,0x00,0x00,0x00,0x00,0x00,0x00,0x00,
    0x00,0x00,0x00,0x00,0x00,0x00,0x00,0x00,0x00,0x00,0x00,0x00,0x00,0x80,0x00,0x80,0x00,0x80,0x00,0x80,0x00,0x80,0x00,0x80,0x10,0x80,0x00,0x80,0x00,0x80,0x00,0x80,
    0x80,0x80,0x00,0x80,0x00,0x90,0x00,0x80,0x00,0x80,0x80,0x80,0x40,0x80,0x40,0x80,0x40,0xc0,0xc0,0xc0,0x40,0xc0,0xc0,0xc0,0x40,0xc0,0xc0,0xc0,0x41,0x82,0x81,0x83,
    0x03,0x83,0xc5,0xe3,0x47,0xe7,0x45,0xe6,0x47,0xee,0x44,0xee,0x55,0xff,0xdd,0xff,0x77,0xff,0xdd,0xfb,0x73,0xfb,0xd5,0xf3,0x77,0xff,0xd5,0xff,0x77,0xff,0xdd,0xff,
    0x00,0x02,0x00,0x00,0x00,0x00,0x04,0x02,0x00,0x00,0x00,0x00,0x00,0x00,0x00,0x02,0x00,0x02,0x00,0x02,0x00,0x02,0x04,0x06,0x07,0x0e,0x04,0x0e,0x04,0x0e,0x04,0x0e,
    0x04,0x0e,0x0d,0x0e,0x05,0x0e,0x04,0x0a,0x04,0x0a,0x04,0x02,0x04,0x0e,0x04,0x0e,0x05,0x1f,0x0d,0x0f,0x05,0x0b,0x05,0x0b,0x03,0x0f,0x05,0x0f,0x1f,0x1f,0x1d,0x1f,
    0x17,0x0e,0x1d,0x0e,0x14,0x1e,0x1d,0xbf,0x15,0xbf,0x9d,0xbf,0x17,0xbb,0x9d,0xbb,0x33,0xbb,0xd5,0xb7,0x77,0xef,0xdd,0xef,0x57,0xef,0xcd,0x8f,0x57,0x8f,0x9d,0x9f,
    0x97,0xbf,0x9d,0xbf,0x77,0xff,0x5d,0x7f,0x77,0xfe,0x5c,0xfe,0x76,0xff,0xdd,0xff,0x77,0xff,0xdd,0xfb,0x73,0xff,0xd1,0xfb,0x77,0xff,0xd5,0xff,0x77,0xff,0xdd,0xff,
    0x10,0x18,0x10,0x00,0x10,0x00,0x00,0x00,0x00,0x08,0x04,0x0a,0x04,0x0e,0x04,0x0a,0x00,0x0a,0x00,0x0a,0x16,0x0e,0x1c,0x3e,0x16,0x3e,0x3c,0x3e,0x14,0x2e,0x1c,0x3e,
    0x14,0x3c,0x1c,0x3e,0x14,0x3e,0x1c,0x3a,0x10,0x3a,0x12,0x32,0x10,0x22,0x14,0x2e,0x37,0x2f,0x2d,0x2f,0x27,0x0f,0x3d,0x0f,0x17,0x1f,0x1d,0x3f,0x17,0x3f,0x1d,0x3f,
    0x77,0x3e,0x5c,0x3e,0x76,0x7e,0x5c,0x7e,0x75,0x7e,0x5d,0x7f,0x75,0x7b,0x59,0x7b,0x73,0xfb,0x55,0x3f,0x7f,0xff,0x5d,0xff,0x77,0xff,0x5d,0x6f,0x57,0xff,0x5d,0xff,
    0x57,0xff,0xdd,0xff,0x77,0xff,0xdd,0xff,0x77,0xfe,0x5c,0xfe,0x76,0xfe,0xdf,0xff,0x77,0xff,0xdf,0xff,0x77,0xff,0xdd,0xfb,0x77,0xff,0xdd,0xff,0x77,0xff,0xdd,0xff,
    0x00,0x00,0x00,0x00,0x00,0x00,0x00,0x00,0x00,0x00,0x00,0x00,0x00,0x00,0x00,0x00,0x00,0x00,0x00,0x00,0x00,0x00,0x00,0x00,0x00,0x00,0x00,0x10,0x00,0x00,0x00,0x00,
    0x00,0x00,0x00,0x04,0x00,0x00,0x00,0x00,0x00,0x00,0x01,0x00,0x00,0x00,0x00,0x00,0x00,0x00,0x00,0x00,0x00,0x80,0x00,0x00,0x00,0x00,0x08,0x00,0x00,0x00,0x02,0x00,
    0x10,0x00,0x00,0x20,0x00,0x20,0x00,0x20,0x00,0x20,0x00,0x20,0x00,0x28,0x00,0x00,0x00,0x08,0x00,0x08,0x10,0x38,0x14,0x38,0x34,0x3c,0x1c,0x3c,0x34,0x3c,0x5c,0x7c,
    0x74,0xfc,0x5c,0xfe,0x75,0xfe,0xdd,0xfa,0x71,0xfa,0xd1,0xfa,0x73,0xff,0xd5,0xff,0x77,0xff,0xdd,0xef,0x67,0xef,0xcd,0xdf,0x57,0xff,0xdd,0xff,0x77,0xff,0xdd,0xff
  },
  { // 80
    0x00,0x00,0x00,0x00,0x00,0x00,0x00,0x00,0x00,0x00,0x00,0x00,0x00,0x00,0x00,0x00,0x00,0x00,0x00,0x00,0x00,0x00,0x00,0x00,0x00,0x00,0x00,0x00,0x00,0x00,0x00,0x00,
    0x00,0x00,0x00,0x80,0x00,0x00,0x00,0x00,0x00,0x00,0x00,0x80,0x00,0x80,0x00,0x80,0x88,0x80,0x80,0x80,0x80,0x80,0x00,0x80,0x80,0xa0,0x20,0x80,0x00,0x80,0x00,0x00,
    0x00,0x20,0x00,0x00,0x40,0xa0,0x40,0xe0,0xc0,0xe0,0x40,0xe0,0xc0,0x80,0x40,0xc0,0xc0,0xc0,0x40,0xc0,0xc0,0xc0,0x40,0xc0,0xc0,0xc0,0x40,0xc0,0xc0,0xa0,0x41,0xc2,
    0xc1,0xa3,0x01,0xa3,0x01,0xa2,0x60,0xe2,0x44,0xe2,0x74,0xfe,0xd4,0xfe,0x75,0xff,0xdd,0xfd,0x75,0xfb,0xd1,0xfb,0x73,0xff,0xd5,0xff,0x77,0xff,0xdd,0xff,0x77,0xef,
    0x08,0x00,0x00,0x00,0x00,0x00,0x08,0x00,0x00,0x02,0x00,0x00,0x00,0x00,0x00,0x00,0x01,0x02,0x01,0x03,0x05,0x03,0x07,0x06,0x04,0x02,0x24,0x06,0x04,0x06,0x04,0x0e,
    0x04,0x0e,0x04,0x0c,0x04,0x08,0x01,0x08,0x01,0x02,0x01,0x03,0x05,0x03,0x07,0x87,0x05,0x07,0x07,0x8f,0x0d,0x0f,0x07,0x8f,0x0d,0x8f,0x07,0x8f,0x1d,0x1f,0x17,0x0f,
    0x1d,0x0e,0x16,0x0e,0x1c,0x9e,0x16,0xbe,0xdd,0xbf,0x55,0x8d,0xdd,0x8b,0x31,0x9b,0xf1,0xbb,0x37,0xbf,0xd5,0xbf,0x17,0xaf,0x45,0xaf,0x47,0xef,0x5d,0xbf,0x57,0xff,
    0xdd,0xff,0x77,0xff,0xdd,0xbf,0x77,0xff,0xdd,0xff,0x77,0xff,0xdd,0xff,0x77,0xff,0xdd,0xff,0x75,0xff,0xdd,0xff,0x57,0xff,0xdd,0xff,0x77,0xff,0xdd,0xff,0x77,0xff,
    0x00,0x08,0x00,0x00,0x00,0x02,0x00,0x02,0x04,0x06,0x06,0x0e,0x04,0x0e,0x04,0x0e,0x0c,0x1e,0x05,0x0e,0x1d,0x1e,0x17,0x1e,0x1c,0x1e,0x16,0x1e,0x14,0x3e,0x14,0x3e,
    0x1c,0x3e,0x15,0x3e,0x1c,0x38,0x11,0x08,0x11,0x0b,0x11,0x3b,0x15,0x3f,0x17,0x3f,0x15,0x2f,0x07,0x2f,0x0d,0x2f,0x17,0x2f,0x1d,0x3f,0x17,0x3f,0x1d,0x3f,0x17,0x3f,
    0x1d,0x3a,0x37,0x3e,0x1d,0x3e,0x77,0x7f,0x5d,0x7f,0x77,0x6f,0x4d,0x6f,0x55,0x6f,0x5d,0x3f,0x17,0x3f,0x5d,0x3f,0x37,0x3f,0x1d,0x3f,0x37,0x3f,0x5d,0x7f,0x77,0xff,
    0x5d,0xff,0x77,0xff,0xdd,0xff,0x75,0xfb,0xdd,0xfb,0x77,0xff,0xdd,0xff,0x77,0xff,0xd5,0xef,0x67,0xef,0xcd,0xef,0x57,0xff,0xdd,0xff,0x77,0xff,0xdd,0xbf,0x37,0xbf,
    0x00,0x00,0x00,0x00,0x00,0x00,0x00,0x00,0x00,0x00,0x00,0x00,0x00,0x00,0x00,0x00,0x00,0x00,0x00,0x00,0x00,0x00,0x00,0x00,0x00,0x00,0x00,0x00,0x00,0x00,0x00,0x00,
    0x00,0x00,0x00,0x00,0x00,0x00,0x02,0x00,0x00,0x00,0x00,0x00,0x00,0x00,0x00,0x00,0x00,0x00,0x00,0x10,0x00,0x00,0x00,0x01,0x00,0x00,0x00,0x08,0x00,0x00,0x00,0x08,
    0x00,0x00,0x10,0x00,0x10,0x20,0x90,0x20,0x10,0x20,0x00,0x20,0x00,0x00,0x00,0x08,0x04,0x08,0x14,0x1c,0x1c,0x3c,0x14,0x3e,0x1c,0x3a,0x34,0x3e,0x1c,0x3e,0x74,0x7e,
    0x5c,0x7e,0x74,0xfe,0x5c,0xf8,0x70,0xf8,0xd9,0xfb,0x71,0xfb,0xdd,0xff,0x77,0xff,0xd5,0xff,0x77,0xef,0x4d,0xef,0x77,0xff,0xdd,0xff,0x77,0xff,0xdd,0xff,0x77,0xff
  },
  { // 81
    0x00,0x00,0x00,0x00,0x00,0x00,0x00,0x00,0x00,0x00,0x00,0x00,0x00,0x00,0x00,0x00,0x00,0x00,0x00,0x00,0x00,0x00,0x00,0x00,0x00,0x00,0x00,0x00,0x00,0x00,0x00,0x00,
    0x00,0x80,0x00,0x80,0x00,0x80,0x00,0x80,0x00,0x80,0x00,0x84,0x40,0x80,0x00,0x80,0x00,0x80,0x00,0x80,0x10,0x90,0x80,0x80,0x00,0x80,0x00,0x80,0x00,0x80,0x60,0x00,
    0x40,0x00,0x40,0x80,0x40,0xc0,0xc0,0xc0,0x40,0xc0,0xc0,0xc0,0x40,0xc0,0xc0,0xc0,0x40,0xc0,0xc0,0xc0,0x40,0xc0,0xc0,0x80,0x50,0xc0,0x40,0xc0,0x40,0xe0,0xc0,0xe0,
    0x40,0xe0,0xc0,0xa0,0x40,0xe2,0xd0,0xf2,0x70,0xf2,0xd4,0xf6,0x75,0xfe,0xd4,0xea,0x65,0xe9,0xc5,0xeb,0x77,0xff,0xdd,0xff,0x77,0xff,0xdd,0xbf,0x77,0xbf,0x5d,0xff,
    0x00,0x00,0x00,0x00,0x00,0x00,0x00,0x02,0x00,0x02,0x00,0x02,0x00,0x02,0x00,0x02,0x01,0x02,0x05,0x43,0x01,0x02,0x01,0x02,0x00,0x02,0x00,0x02,0x80,0x06,0x04,0x02,
    0x04,0x06,0x04,0x00,0x20,0x00,0x01,0x01,0x01,0x83,0x01,0x83,0x03,0x93,0x05,0x03,0x07,0x07,0x05,0x07,0x07,0x0f,0x0d,0x0f,0x07,0x8f,0x0d,0x8f,0x07,0x8f,0x0d,0x8b,
    0x15,0x8f,0x1d,0x9f,0x17,0x8f,0xd5,0x8f,0x25,0x8e,0xe5,0x8f,0x65,0xcf,0xcd,0x8f,0x57,0x9f,0xdd,0x9f,0x17,0x9f,0x1d,0xbf,0x17,0xbf,0x1d,0x3f,0x77,0xff,0xfd,0xff,
    0x77,0xff,0xdd,0xff,0x75,0xff,0xdd,0xfb,0x77,0xff,0xdd,0xff,0x77,0xff,0xd5,0xff,0x77,0xef,0xcd,0xef,0x77,0xff,0xdd,0xff,0x57,0xff,0xdd,0xbf,0x37,0xbf,0x9d,0xbf,
    0x00,0x08,0x00,0x0a,0x00,0x0a,0x05,0x0a,0x07,0x0e,0x04,0x06,0x06,0x0e,0x04,0x0e,0x06,0x0e,0x0c,0x0e,0x14,0x1e,0x1c,0x1e,0x14,0x1a,0x1c,0x1a,0x10,0x1e,0x14,0x3e,
    0x16,0x3e,0x14,0x0e,0x04,0x4e,0x05,0x4f,0x05,0x5f,0x1d,0x1f,0x17,0x1f,0x1d,0x1f,0x17,0x1f,0x9d,0x7f,0x17,0x7e,0x1d,0x7e,0x37,0x3e,0x1d,0x3e,0x15,0x3e,0x5d,0x39,
    0x11,0x3b,0x1d,0x3b,0x37,0x3f,0x1d,0x3f,0x37,0x2f,0x15,0x27,0x07,0x2f,0x4d,0x2f,0x57,0x3f,0x5d,0x3f,0x17,0x3f,0x1d,0x3f,0x37,0x3f,0x1d,0x3f,0x77,0x7f,0x5d,0x7f,
    0x77,0xfe,0x5d,0xfe,0x77,0xfd,0xdd,0xff,0x77,0xff,0xdd,0xff,0x77,0xff,0xd5,0xff,0x77,0xef,0xdd,0xef,0x77,0xff,0xdd,0xff,0x77,0xff,0xdd,0xff,0x77,0xff,0xdd,0xff,
    0x00,0x00,0x00,0x00,0x00,0x00,0x00,0x00,0x00,0x00,0x00,0x00,0x00,0x00,0x00,0x00,0x00,0x40,0x00,0x00,0x00,0x00,0x00,0x00,0x00,0x00,0x00,0x00,0x00,0x00,0x00,0x00,
    0x00,0x00,0x00,0x00,0x00,0x00,0x00,0x00,0x00,0x00,0x00,0x00,0x40,0x00,0x00,0x00,0x00,0x00,0x00,0x00,0x00,0x00,0x00,0x00,0x00,0x00,0x00,0x00,0x00,0x00,0x00,0x00,
    0x40,0x08,0x00,0x00,0x10,0x08,0x10,0x20,0x10,0x00,0x00,0x00,0x00,0x28,0x04,0x2c,0x15,0x2c,0x1c,0x3c,0x14,0x3c,0x1c,0x38,0x14,0x38,0x1c,0x3a,0x34,0x7e,0x5c,0x7e,
    0x74,0x7e,0x74,0x7e,0x74,0xec,0x5c,0xef,0x75,0xff,0xdd,0xff,0x77,0xff,0xdd,0xbf,0x17,0xbf,0x1d,0xbf,0x77,0xff,0x5d,0xff,0x77,0xff,0xdd,0xff,0x77,0xff,0xdd,0xff
  },
  { // 82
    0x00,0x00,0x00,0x00,0x00,0x00,0x00,0x00,0x00,0x00,0x00,0x00,0x00,0x00,0x00,0x00,0x00,0x00,0x00,0x00,0x00,0x00,0x00,0x00,0x00,0x00,0x00,0x00,0x00,0x00,0x00,0x00,
    0x00,0x00,0x80,0x02,0x80,0x20,0x80,0x80,0x80,0x00,0x80,0x80,0x80,0x00,0x80,0x10,0x00,0x00,0x80,0x00,0x00,0x00,0x80,0x00,0x80,0x00,0xa0,0x00,0x80,0x00,0x80,0x80,
    0xc0,0x20,0x80,0xe0,0x80,0x60,0xc0,0xc0,0xc0,0x40,0xc0,0xc0,0xc0,0x40,0xc0,0xc0,0xc0,0x40,0x91,0x80,0x80,0x00,0x80,0x00,0xa0,0x00,0xe0,0x40,0xe0,0x40,0xe0,0x40,
    0xe8,0x48,0xe0,0xc0,0xe0,0x71,0xe0,0xd1,0xf3,0x71,0xf3,0xd1,0xf3,0x73,0xe3,0xc5,0xe7,0x67,0xef,0xcd,0xef,0x77,0xff,0xdd,0xff,0x57,0xbf,0x9d,0xbf,0x37,0xff,0xdd,
    0x00,0x00,0x00,0x00,0x00,0x00,0x02,0x00,0x02,0x00,0x02,0x40,0x02,0x00,0x02,0x04,0x02,0x04,0x06,0x04,0x02,0x40,0x00,0x00,0x00,0x00,0x02,0x00,0x02,0x41,0x02,0x00,
    0x02,0x00,0x02,0x00,0x02,0x41,0x82,0x05,0x83,0x05,0x8f,0x05,0x8b,0x07,0x8b,0x05,0x03,0x07,0x0f,0x05,0x0f,0x07,0x0e,0x0d,0x0e,0x04,0x8e,0x0c,0x8c,0x04,0x8c,0x8d,
    0x8b,0x11,0x8b,0x9d,0x9b,0x13,0x83,0x85,0x83,0x07,0x87,0xe5,0x8f,0x67,0xcf,0xed,0x8f,0x07,0x8f,0x9d,0x9f,0x17,0x9f,0x1d,0xbf,0x37,0xbf,0x5d,0xff,0x77,0xff,0x5c,
    0xfe,0x74,0xfe,0xdc,0xff,0x75,0xff,0xdd,0xff,0x77,0xff,0xdd,0xfb,0x77,0xff,0xd5,0xff,0x77,0xff,0xdd,0xff,0x77,0xff,0xdd,0xff,0x57,0xff,0xdd,0xff,0x77,0xff,0xdd,
    0x02,0x04,0x0e,0x04,0x0e,0x05,0x0e,0x05,0x0a,0x05,0x0e,0x04,0x0e,0x16,0x0e,0x1c,0x1e,0x16,0x0e,0x1c,0x0e,0x14,0x0c,0x1c,0x08,0x14,0x18,0x1d,0x1b,0x11,0x1b,0x11,
    0x13,0x13,0x02,0x05,0x07,0x07,0x0f,0x05,0x0f,0x07,0x0f,0x0d,0x6f,0x17,0x3f,0x1d,0x3f,0x17,0x3f,0x1d,0x3f,0x37,0x3f,0x1d,0x3e,0x36,0x3e,0x3c,0x3e,0x34,0x3c,0x1d,
    0x3f,0x35,0x3f,0x1d,0x3b,0x13,0xbb,0x15,0x3b,0x17,0x3f,0x15,0x3f,0x37,0x3f,0x5d,0x3f,0x37,0x3f,0x5d,0x3f,0x17,0x3f,0x7d,0x3f,0x77,0xff,0x5d,0xff,0x77,0xff,0x5d,
    0xfe,0x77,0xfe,0x55,0xff,0x77,0xff,0xdd,0xff,0x77,0xff,0xdd,0xff,0x57,0xbf,0x9d,0xbf,0x37,0xff,0xdd,0xff,0x77,0xff,0x5d,0xff,0x77,0xfe,0xdd,0xff,0x77,0xff,0xdd,
    0x00,0x00,0x00,0x00,0x00,0x00,0x00,0x00,0x00,0x00,0x00,0x40,0x00,0x00,0x00,0x00,0x00,0x00,0x00,0x00,0x00,0x00,0x00,0x00,0x00,0x00,0x00,0x00,0x00,0x00,0x00,0x00,
    0x00,0x00,0x00,0x00,0x00,0x00,0x00,0x20,0x00,0x00,0x00,0x00,0x00,0x00,0x00,0x00,0x00,0x00,0x00,0x00,0x00,0x01,0x00,0x00,0x00,0x20,0x00,0x00,0x00,0x00,0x00,0x00,
    0x00,0x00,0x08,0x00,0x08,0x00,0x08,0x00,0x08,0x00,0x08,0x10,0x38,0x14,0x3c,0x1c,0x3c,0x34,0x3c,0x1c,0x3c,0x14,0x3c,0x5c,0x3c,0x74,0x7c,0x5c,0x7a,0x70,0x7a,0x50,
    0x7a,0x70,0x72,0x54,0x76,0x77,0xef,0x5d,0xef,0x77,0xef,0xdd,0xff,0x57,0x9f,0xdd,0xbf,0x37,0xff,0xdd,0xff,0x77,0xff,0x5d,0xff,0x76,0xfe,0xdc,0xfe,0x75,0xff,0xdd
  },
  { // 83
    0x00,0x00,0x00,0x00,0x00,0x00,0x00,0x00,0x00,0x00,0x00,0x00,0x00,0x00,0x00,0x00,0x00,0x00,0x00,0x00,0x00,0x00,0x00,0x00,0x00,0x00,0x00,0x00,0x00,0x00,0x00,0x00,
    0x00,0x00,0x00,0x00,0x80,0x00,0x80,0x00,0x80,0x00,0x80,0x00,0x80,0x00,0x80,0x00,0x80,0x00,0x00,0x00,0x00,0x00,0x10,0x00,0x80,0x00,0x40,0x00,0xc0,0x80,0xc0,0x00,
    0x80,0x80,0x80,0x00,0x80,0x80,0x80,0x00,0x80,0xc0,0x80,0x40,0xd0,0xc0,0x80,0x40,0x80,0xc0,0x80,0x00,0x80,0x80,0x80,0x00,0x80,0xc0,0xa0,0x40,0xe0,0x40,0xe0,0x60,
    0xe0,0xc0,0xe0,0x60,0xe0,0xc1,0xe1,0x61,0xe1,0xc1,0xe3,0x41,0xe3,0xd1,0xf3,0x77,0xff,0xd5,0xff,0x77,0xff,0xdd,0xef,0x77,0xff,0xdd,0xff,0x77,0xff,0xdd,0xff,0x77,
    0x00,0x00,0x00,0x20,0x00,0x00,0x02,0x00,0x02,0x00,0x02,0x00,0x02,0x04,0x42,0x04,0x02,0x04,0x02,0x00,0x00,0x84,0x80,0x00,0x08,0x00,0x00,0x01,0x00,0x01,0x02,0x01,
    0x02,0x01,0x03,0x03,0x07,0x05,0x07,0x07,0x0f,0x05,0x0f,0x07,0x0f,0x0d,0x0f,0x07,0x0f,0x0d,0x0f,0x07,0x0f,0x0d,0x0e,0x07,0x0e,0x04,0x0e,0x04,0x8e,0x0c,0x8f,0x05,
    0x8f,0x8d,0x8b,0x01,0xab,0xa1,0xab,0x13,0xaf,0x95,0x9f,0x1f,0xef,0x1d,0xaf,0x17,0x8f,0x0d,0x0f,0x17,0xbf,0xdd,0xbf,0x57,0xff,0xdd,0xff,0x77,0xff,0xdd,0xfb,0x77,
    0xff,0xd5,0xff,0x77,0xff,0xdd,0xff,0x77,0xef,0xdd,0xef,0x57,0xdf,0xdd,0xbf,0x57,0xff,0xdd,0xff,0x77,0xff,0x5d,0x7f,0x77,0xfe,0x5d,0xff,0x77,0xff,0xdd,0xff,0x77,
    0x0e,0x0c,0x0e,0x04,0x4e,0x04,0x0e,0x04,0x0e,0x0c,0x0e,0x14,0x1e,0x1c,0x1e,0x14,0x1e,0x1c,0x1a,0x14,0x0e,0x14,0x0e,0x14,0x0e,0x1c,0x0e,0x15,0x0a,0x05,0x0b,0x01,
    0x0b,0x11,0x0b,0x17,0x1f,0x3d,0x7f,0x17,0x7f,0x1d,0x6e,0x16,0x0e,0x1c,0x3e,0x15,0x3e,0x5d,0x3f,0x55,0x3f,0x5d,0x3b,0x31,0x3a,0x30,0x3a,0x37,0x3e,0x95,0x3f,0x37,
    0x2f,0x4d,0x2f,0x07,0x0f,0x0d,0x0f,0x17,0x3f,0x1d,0x3f,0x37,0x3f,0x1d,0x3f,0x37,0x3f,0x5d,0x3e,0x76,0x7e,0x5c,0x7f,0x77,0xff,0x5d,0xff,0x75,0xfb,0xd9,0xfb,0x73,
    0xfb,0xd5,0xff,0x77,0xff,0xdd,0xff,0x77,0xef,0xcd,0xef,0x47,0xdf,0xdd,0xff,0x57,0xff,0xdd,0xff,0x77,0xff,0xdd,0xff,0x77,0xfe,0x5c,0xfe,0xf7,0xff,0xdd,0xff,0xf7,
    0x00,0x00,0x00,0x00,0x00,0x80,0x00,0x00,0x00,0x00,0x00,0x00,0x00,0x00,0x00,0x00,0x00,0x00,0x00,0x00,0x00,0x00,0x00,0x00,0x00,0x00,0x00,0x02,0x00,0x00,0x00,0x00,
    0x02,0x00,0x00,0x00,0x00,0x00,0x00,0x00,0x00,0x00,0x00,0x00,0x00,0x01,0x00,0x00,0x00,0x10,0x00,0x00,0x00,0x00,0x00,0x00,0x00,0x00,0x00,0x00,0x00,0x00,0x00,0x00,
    0x00,0x00,0x00,0x00,0x08,0x00,0x08,0x00,0x08,0x18,0x18,0x10,0x38,0x18,0x38,0x10,0x38,0x10,0x38,0x30,0x38,0x54,0xf8,0x74,0x7c,0x5c,0x78,0x70,0x78,0x58,0x78,0x50,
    0xfa,0x51,0xbb,0x77,0xff,0x5d,0xff,0x77,0xff,0x5d,0x3f,0x77,0xfe,0x5d,0xff,0x77,0xff,0xdd,0xff,0x77,0xff,0xdd,0xff,0x77,0xff,0xdd,0xff,0x77,0xff,0xdd,0xff,0x77
  },
  { // 84
    0x00,0x00,0x00,0x00,0x00,0x00,0x00,0x00,0x00,0x00,0x00,0x00,0x00,0x00,0x00,0x00,0x00,0x00,0x00,0x00,0x00,0x00,0x00,0x00,0x00,0x00,0x00,0x00,0x00,0x00,0x00,0x00,
    0x00,0x00,0x00,0x00,0x00,0x00,0x00,0x00,0x00,0x00,0x00,0x00,0x00,0x00,0x80,0x00,0x00,0x00,0x80,0x90,0x00,0x00,0x00,0x00,0x00,0x00,0x80,0x00,0x80,0x00,0xc0,0x80,
    0xc0,0x00,0xc0,0x80,0x80,0x00,0x80,0xa0,0x80,0x00,0x80,0x00,0x80,0x00,0x80,0x00,0x00,0x00,0x80,0x40,0x80,0x40,0xc0,0xc0,0x80,0x40,0x80,0xc0,0x80,0x40,0xe0,0xc0,
    0xe2,0x60,0xe2,0xc5,0xe2,0x41,0xe3,0xc5,0xe3,0x41,0xcb,0xc5,0xef,0x57,0xff,0xdd,0xbf,0x77,0xbf,0x5d,0xbf,0x77,0x7f,0x5d,0xff,0x77,0xff,0xdd,0xff,0x77,0xff,0xdd,
    0x02,0x00,0x02,0x04,0x02,0x00,0x00,0x04,0x42,0x04,0x0a,0x04,0x0a,0x40,0x0a,0x00,0x02,0x00,0x02,0x04,0x02,0x04,0x0e,0x04,0x02,0x00,0x08,0x00,0x00,0x01,0x0a,0x01,
    0x03,0x03,0x0b,0x05,0x0f,0x07,0x0f,0x05,0x0e,0x06,0x0e,0x04,0x0e,0x07,0x0e,0x0d,0x0f,0x15,0x1f,0x1d,0x1a,0x11,0x1a,0x10,0x1a,0x13,0x1e,0x15,0x0f,0x17,0x8f,0x15,
    0x8f,0x05,0x8f,0x05,0x8f,0x07,0x8f,0x1d,0x9f,0x57,0x9f,0x1d,0xbf,0x37,0x3f,0x3d,0x3e,0x37,0x3e,0x5d,0xfe,0x77,0xff,0xdd,0xff,0x75,0xff,0xdd,0xfb,0x71,0xfb,0xdd,
    0xfb,0x77,0xff,0xd5,0xff,0x77,0xef,0xc5,0xef,0x47,0xef,0xdd,0xff,0x57,0xff,0xdd,0xff,0x77,0xbf,0xdd,0xbf,0x77,0xff,0x5d,0xff,0x77,0xff,0xdd,0xff,0x77,0xff,0xdd,
    0x0e,0x04,0x0e,0x04,0x0e,0x04,0x0e,0x0c,0x0e,0x14,0x1c,0x1c,0x1c,0x14,0x18,0x18,0x19,0x10,0x38,0x10,0x32,0x10,0x3e,0x14,0x2e,0x04,0x2e,0x04,0x0e,0x04,0x0e,0x0c,
    0x1e,0x17,0x1e,0x1d,0x3f,0x17,0x3e,0x1c,0x3e,0x16,0x3e,0x1c,0x3e,0x36,0x3e,0x1c,0x3e,0x34,0x3e,0x1c,0x78,0x11,0x38,0x19,0x3b,0x31,0x3b,0x55,0x3f,0x37,0x3f,0x55,
    0x2f,0x07,0x2f,0x4d,0x2f,0x07,0x3f,0x5d,0x3f,0x17,0x3f,0x1d,0x3f,0x37,0x3f,0x1d,0x3e,0x77,0x7e,0x5c,0x7e,0x77,0xfe,0x7d,0xff,0x75,0xff,0xdd,0xfb,0x71,0xfb,0xdd,
    0xff,0x77,0xff,0xdd,0xff,0x77,0xff,0x5d,0xbf,0x77,0xff,0x5f,0xff,0x77,0xff,0xdd,0xff,0x77,0xff,0xdd,0xff,0x77,0xff,0xdd,0xff,0x77,0xff,0xdd,0xff,0x77,0xff,0xdd,
    0x00,0x80,0x00,0x00,0x00,0x00,0x00,0x00,0x00,0x00,0x00,0x00,0x00,0x00,0x00,0x00,0x00,0x00,0x00,0x00,0x00,0x00,0x00,0x00,0x02,0x00,0x00,0x01,0x00,0x00,0x00,0x00,
    0x00,0x00,0x00,0x00,0x00,0x00,0x01,0x00,0x00,0x00,0x00,0x00,0x08,0x00,0x00,0x00,0x00,0x00,0x00,0x00,0x00,0x01,0x00,0x00,0x00,0x00,0x00,0x00,0x00,0x00,0x00,0x00,
    0x00,0x00,0x00,0x00,0x00,0x00,0x08,0x00,0x28,0x10,0x38,0x18,0x38,0x10,0x38,0x10,0x38,0x30,0x38,0x50,0x38,0x70,0x78,0x50,0x70,0x70,0x68,0x40,0x68,0x40,0xe8,0x4c,
    0xfa,0x55,0xff,0x5d,0xbf,0x17,0xbf,0x1d,0x3f,0x37,0x3e,0x5d,0x7e,0x77,0xfe,0xdd,0xff,0x75,0xfe,0xdd,0xfd,0x75,0xfb,0xdd,0xfb,0x77,0xff,0xdd,0xff,0x77,0xff,0xd5
  },
  { // 85
    0x00,0x00,0x00,0x00,0x00,0x00,0x00,0x00,0x00,0x00,0x00,0x00,0x00,0x00,0x00,0x00,0x00,0x00,0x00,0x08,0x00,0x00,0x00,0x00,0x00,0x00,0x00,0x00,0x00,0x00,0x10,0x00,
    0x00,0x00,0x00,0x00,0x00,0x00,0x00,0x00,0x00,0x00,0x40,0x00,0x00,0x00,0x40,0x00,0x00,0x00,0x00,0x00,0x00,0x00,0x00,0x40,0x80,0x40,0x80,0x40,0x80,0x00,0x80,0x10,
    0x80,0x00,0xc0,0x00,0x80,0x80,0x80,0x00,0x80,0x80,0x80,0x00,0x80,0x00,0x00,0x00,0x00,0x00,0x80,0x00,0x80,0xc0,0x80,0x40,0xc0,0xc0,0x80,0x40,0xc0,0xc1,0xc2,0x41,
    0xc3,0xc1,0xe3,0x43,0xe3,0xc5,0xe7,0x47,0xcf,0xc5,0xef,0x47,0xef,0xdd,0xff,0x57,0xbf,0x9d,0xbf,0x37,0xbf,0x5d,0xff,0x7f,0xff,0xdd,0xff,0x77,0xfe,0xdd,0xff,0x75,
    0x02,0x04,0x02,0x04,0x0e,0x04,0x0e,0x04,0x0e,0x04,0x08,0x00,0x08,0x00,0x08,0x00,0x08,0x00,0x02,0x00,0x0a,0x04,0x02,0x00,0x02,0x04,0x02,0x04,0x0a,0x04,0x0e,0x05,
    0x0f,0x0d,0x0f,0x17,0x0f,0x15,0x0e,0x17,0x0e,0x14,0x0e,0x16,0x1e,0x1c,0x1e,0x14,0x1e,0x1c,0x1c,0x14,0x18,0x19,0x19,0x11,0x3b,0x15,0x3b,0x17,0x3f,0x15,0x27,0x07,
    0x2f,0x05,0x0f,0x07,0x0f,0x5d,0x3f,0x17,0xbf,0x1d,0x3f,0x17,0x3f,0x1d,0x3f,0x37,0x3f,0x5d,0x3f,0x77,0xfe,0x5d,0xfe,0x75,0xfe,0xdd,0xfd,0x75,0xff,0xdd,0xff,0x77,
    0xff,0xdd,0xff,0x77,0xff,0xd7,0xbf,0x77,0xff,0x5d,0xff,0x77,0xff,0xdf,0xff,0x77,0xff,0xdf,0xff,0x77,0xff,0xdd,0xff,0x77,0xff,0xdd,0xff,0x77,0xff,0xdd,0xff,0x77,
    0x08,0x10,0x08,0x10,0x0c,0x14,0x3c,0x16,0x3c,0x1c,0x3a,0x14,0x28,0x18,0x29,0x11,0x18,0x10,0x38,0x10,0x3a,0x10,0xb2,0x10,0x22,0x04,0x22,0x04,0x0e,0x04,0x2e,0x04,
    0x0e,0x1c,0x3e,0x14,0x5e,0x1c,0x7e,0x14,0x7e,0x1c,0xbe,0x34,0x3e,0x5c,0xbe,0x74,0x7e,0x5c,0x7c,0x74,0x6c,0x5c,0x78,0x51,0x7a,0x5d,0x3b,0x57,0x3f,0x15,0x3f,0x17,
    0x3f,0x15,0x3f,0x37,0x3e,0x5d,0x7f,0x77,0x7f,0x5d,0x7f,0x75,0xfe,0x5d,0x3f,0x75,0xff,0x5d,0xff,0x77,0xff,0x7d,0xff,0x77,0xfe,0xd5,0xef,0x65,0xef,0xdd,0xff,0x77,
    0xff,0xdd,0xff,0x57,0xbf,0x9d,0xbf,0x37,0xbf,0x5d,0xff,0x77,0xff,0x5d,0xff,0x77,0xff,0xdd,0xff,0x75,0xff,0xdd,0xff,0x77,0xff,0xdd,0xff,0x77,0xff,0xd5,0xf7,0x77,
    0x00,0x00,0x00,0x00,0x00,0x00,0x00,0x00,0x00,0x00,0x00,0x00,0x00,0x00,0x00,0x00,0x00,0x00,0x00,0x00,0x00,0x02,0x00,0x00,0x00,0x00,0x00,0x00,0x00,0x00,0x00,0x01,
    0x00,0x00,0x00,0x00,0x00,0x00,0x04,0x00,0x00,0x00,0x00,0x00,0x00,0x00,0x02,0x00,0x00,0x00,0x00,0x00,0x00,0x00,0x00,0x00,0x00,0x00,0x00,0x00,0x00,0x00,0x00,0x00,
    0x00,0x00,0x00,0x00,0x00,0x00,0x20,0x00,0x20,0x00,0x20,0x00,0x20,0x00,0x20,0x10,0x38,0x50,0x30,0x70,0x78,0x50,0x30,0x70,0x20,0x40,0x20,0x40,0xe8,0x44,0xe8,0x55,
    0xed,0x5d,0xff,0x55,0xbf,0x1d,0xbf,0x15,0xbf,0x5d,0xbf,0x77,0xff,0x5d,0xfe,0x76,0xfe,0xdc,0xfe,0x74,0xfc,0xdd,0xff,0x75,0xff,0xdd,0xff,0x77,0xff,0xdd,0xff,0x77
  },
  { // 86
    0x00,0x00,0x00,0x00,0x00,0x00,0x00,0x00,0x00,0x00,0x00,0x00,0x00,0x00,0x00,0x00,0x00,0x00,0x00,0x00,0x00,0x00,0x00,0x00,0x20,0x00,0x00,0x00,0x00,0x00,0x00,0x00,
    0x00,0x00,0x00,0x00,0x00,0x00,0x20,0x20,0x00,0x00,0x00,0x00,0x08,0x00,0x00,0x00,0x00,0x00,0x00,0x00,0x00,0x00,0x00,0x80,0x10,0x00,0x00,0x00,0x00,0x00,0x00,0x20,
    0x00,0x20,0x00,0x20,0x00,0x00,0x00,0x00,0x00,0x00,0x00,0x00,0x00,0x00,0x80,0x00,0x02,0x00,0x82,0x00,0x02,0x00,0x80,0x00,0x80,0x00,0x88,0x84,0x8b,0x81,0x8b,0xc1,
    0x8b,0x03,0x8b,0x85,0x83,0x07,0x8f,0xc5,0xaf,0x57,0xef,0xdd,0xff,0x57,0xff,0xdd,0xff,0x57,0xff,0xdd,0xff,0x77,0xff,0xdd,0xff,0x77,0xff,0xd5,0xff,0x77,0xff,0xdd,
    0x08,0x00,0x08,0x04,0x08,0x14,0x0c,0x04,0x08,0x04,0x08,0x04,0x08,0x00,0x08,0x10,0x08,0x10,0x08,0x10,0x02,0x10,0x02,0x00,0x02,0x00,0x06,0x04,0x0e,0x06,0x0e,0x0c,
    0x0e,0x14,0x0e,0x1c,0x1e,0x14,0x1e,0x1c,0x3e,0x16,0x3e,0x1c,0x3e,0x34,0x3e,0x14,0x3e,0x34,0x2c,0x14,0x2e,0x14,0x3e,0x5d,0x3f,0x17,0x3f,0x1d,0x3b,0x17,0x3f,0x15,
    0xbf,0x57,0x3f,0x1d,0x3f,0x37,0x3e,0x5d,0x3e,0x55,0x3e,0x5d,0x3e,0x75,0xff,0x5d,0xff,0x77,0xff,0x5d,0xfb,0x77,0xfe,0x55,0xff,0x77,0xef,0xdd,0xff,0x77,0xff,0xdd,
    0xff,0x57,0x9f,0x9d,0xbf,0x17,0xbf,0xdd,0xbf,0x77,0xff,0x5d,0xff,0x77,0xfe,0x5c,0xfe,0x75,0xff,0xdd,0xff,0x77,0xff,0xdd,0xff,0x77,0xff,0xd5,0xfb,0x77,0xff,0xd5,
    0x18,0x11,0x38,0x10,0x38,0x10,0x39,0x10,0x30,0x10,0x20,0x00,0x20,0x00,0x28,0x00,0x28,0x10,0x28,0x10,0x08,0x10,0x48,0x10,0x00,0x10,0x28,0x14,0x3c,0x14,0x3c,0x1c,
    0x3c,0x14,0x3c,0xdc,0x3c,0x14,0x3c,0x7c,0x38,0x70,0x78,0x78,0x78,0x70,0x78,0x50,0x70,0x70,0x60,0x44,0x6e,0x66,0xee,0x5c,0xee,0x54,0xee,0x5c,0x9e,0x14,0x9e,0x1c,
    0x3e,0x36,0xbe,0x5c,0x3e,0x76,0x7e,0x5c,0x7e,0x74,0xfe,0x5c,0xfc,0x74,0xfc,0xfd,0xff,0x75,0xfb,0xd9,0xfb,0x73,0xfb,0xd5,0xf3,0x77,0xff,0xdd,0xff,0x77,0xff,0xdd,
    0xff,0x57,0xff,0xdd,0xbf,0x57,0xff,0xdd,0xff,0x77,0xff,0xdd,0xff,0x7f,0xfe,0xdc,0xfe,0x74,0xfe,0xdd,0xff,0x77,0xff,0xdd,0xff,0x77,0xff,0xdd,0xfb,0x77,0xff,0xdd,
    0x00,0x00,0x00,0x00,0x00,0x00,0x00,0x00,0x00,0x00,0x00,0x00,0x00,0x00,0x00,0x00,0x00,0x01,0x00,0x00,0x00,0x00,0x00,0x00,0x00,0x00,0x00,0x00,0x00,0x00,0x00,0x04,
    0x00,0x00,0x00,0x00,0x00,0x00,0x00,0x00,0x00,0x00,0x00,0x00,0x00,0x00,0x00,0x00,0x00,0x00,0x00,0x00,0x00,0x00,0x00,0x00,0x00,0x00,0x00,0x00,0x00,0x00,0x00,0x00,
    0x00,0x00,0x00,0x00,0x00,0x00,0x00,0x00,0x20,0x00,0x20,0x00,0x20,0x00,0x20,0x40,0x20,0x40,0x60,0x41,0x00,0x01,0x81,0x01,0x01,0x01,0xa1,0x11,0x21,0x71,0xe9,0x51,
    0x2b,0x51,0x68,0x5c,0x78,0x51,0xf9,0xdd,0xfb,0x75,0xff,0xdd,0xfb,0x71,0xfb,0xd1,0xfb,0x77,0xff,0xd5,0xff,0x77,0xff,0xdd,0xff,0x77,0xff,0xdd,0xdf,0x57,0xff,0xdd
  },
  { // 87
    0x00,0x00,0x00,0x00,0x00,0x00,0x00,0x00,0x00,0x00,0x00,0x00,0x00,0x00,0x00,0x00,0x00,0x00,0x00,0x40,0x00,0x00,0x00,0x00,0x00,0x00,0x00,0x00,0x00,0x00,0x00,0x00,
    0x00,0x10,0x10,0x00,0x00,0x00,0x00,0x00,0x00,0x04,0x00,0x00,0x00,0x00,0x00,0x00,0x80,0x00,0x20,0x00,0x00,0x00,0x00,0x00,0x00,0x00,0x00,0x00,0x00,0x00,0x00,0x00,
    0x00,0x00,0x00,0x00,0x00,0x00,0x00,0x40,0x00,0x40,0x00,0x40,0x08,0x00,0x08,0x00,0x08,0x00,0x00,0x00,0x00,0x00,0x42,0x00,0x86,0x04,0x8e,0x04,0x8e,0x85,0x8f,0x05,
    0x8f,0x8d,0x8f,0x17,0x9f,0x9d,0xbf,0x17,0xbf,0x1d,0x3f,0x37,0x7e,0x5c,0x7e,0x76,0xfe,0xdd,0xff,0x75,0xff,0xdd,0xff,0x77,0xfb,0xd9,0xfb,0x73,0xff,0xd5,0xff,0x77,
    0x98,0x18,0x18,0x10,0x38,0x10,0x38,0x10,0x28,0x10,0x20,0x00,0x28,0x04,0x28,0x00,0x28,0x00,0x08,0x00,0x08,0x00,0x08,0x10,0x0a,0x14,0x3e,0x14,0x3e,0x1c,0x3e,0x14,
    0x2e,0x1c,0x3c,0x14,0x3c,0x1c,0x3c,0x34,0x3c,0x5c,0x3a,0x30,0x3a,0x10,0x3a,0x30,0x32,0x54,0x7e,0x74,0x6e,0x5c,0x6e,0x44,0x6e,0x4c,0x0e,0x54,0x1e,0x1d,0x7e,0x17,
    0xbe,0x1d,0x3e,0x37,0x3e,0x5c,0x3e,0x76,0x7e,0x5c,0x7e,0x74,0xfe,0xdc,0xfe,0x75,0xff,0xdd,0xfb,0x71,0xfb,0xf1,0xf3,0x77,0xff,0xf5,0xff,0x77,0xff,0xdd,0xef,0x47,
    0xef,0xdd,0xff,0x57,0xff,0xdd,0xff,0x77,0xff,0xdd,0xff,0x77,0xfe,0x5c,0xfe,0x76,0xfe,0xdd,0xff,0x77,0xff,0xdd,0xff,0x75,0xff,0xdd,0xfb,0x73,0xff,0xdd,0xff,0x77,
    0x28,0x10,0x30,0x10,0x38,0x10,0x30,0x10,0x20,0x00,0x20,0x00,0x20,0x40,0x20,0x60,0x38,0x40,0x20,0x00,0x08,0x00,0x08,0x10,0x08,0x10,0x38,0x10,0x38,0x10,0xb8,0x30,
    0x38,0x50,0x38,0x70,0x78,0x58,0x78,0x70,0xf8,0x58,0xf8,0x70,0xf8,0x50,0xb0,0x70,0xf0,0x51,0xf0,0x70,0xfc,0x54,0xec,0x64,0xec,0x6c,0xac,0x64,0xcc,0x7c,0xbc,0x54,
    0xfe,0xdc,0xfe,0x74,0xfe,0x5c,0xfe,0x74,0xfe,0x7c,0xfe,0x74,0xfe,0xdc,0xfe,0x74,0xfc,0xdd,0xfb,0x51,0xfb,0xd9,0xfb,0x77,0xff,0xdd,0xff,0x77,0xff,0x5d,0xff,0x77,
    0xfe,0x5d,0xff,0x77,0xff,0xdd,0xff,0x77,0xff,0xdd,0xff,0x77,0xff,0xdd,0xfb,0x77,0xff,0xdd,0xff,0x77,0xff,0xdd,0xff,0x77,0xef,0xdd,0xff,0x57,0xff,0xdd,0xff,0x77,
    0x00,0x00,0x00,0x00,0x00,0x00,0x00,0x00,0x00,0x00,0x00,0x00,0x00,0x00,0x01,0x00,0x00,0x00,0x00,0x00,0x00,0x00,0x00,0x00,0x00,0x04,0x00,0x00,0x00,0x00,0x00,0x00,
    0x00,0x00,0x00,0x00,0x00,0x00,0x00,0x00,0x00,0x00,0x00,0x00,0x00,0x00,0x00,0x00,0x00,0x00,0x00,0x00,0x00,0x00,0x00,0x00,0x00,0x00,0x00,0x00,0x00,0x00,0x00,0x00,
    0x00,0x00,0x80,0x00,0x00,0x00,0x00,0x00,0x00,0x00,0x00,0x00,0x00,0x00,0x00,0x01,0x00,0x41,0x01,0x01,0x01,0x01,0x01,0x01,0x81,0x01,0xa3,0x01,0xa3,0x11,0x23,0x11,
    0x22,0x50,0x22,0x70,0xfa,0x55,0xfb,0x75,0xfb,0xdd,0xfb,0x71,0xf9,0xd1,0xfb,0x73,0xfb,0xd5,0xff,0x77,0xff,0xd5,0xff,0x77,0xef,0xcd,0xef,0x57,0xff,0xdd,0xff,0x77
  },
  { // 88
    0x40,0x00,0x00,0x00,0x00,0x00,0x00,0x00,0x00,0x00,0x00,0x00,0x00,0x80,0x00,0x00,0x00,0x00,0x00,0x00,0x00,0x00,0x00,0x00,0x00,0x00,0x00,0x08,0x00,0x00,0x10,0x00,
    0x00,0x00,0x00,0x00,0x00,0x04,0x80,0x00,0x00,0x00,0x00,0x00,0x00,0x00,0x20,0x00,0x00,0x00,0x00,0x00,0x00,0x00,0x00,0x00,0x00,0x00,0x00,0x00,0x00,0x00,0x00,0x00,
    0x00,0x20,0x08,0x20,0x00,0x20,0x08,0x04,0x08,0x04,0x0c,0x04,0x08,0x00,0x48,0x00,0x08,0x10,0x08,0x10,0x02,0x10,0x0a,0x14,0x26,0x16,0x2e,0x04,0x2e,0x06,0x0e,0x0c,
    0x0e,0x17,0x9f,0x1d,0xbf,0x17,0xbf,0x1d,0xbf,0x37,0xbe,0x5c,0xbe,0x76,0xfe,0xdd,0xfe,0x77,0xff,0xdd,0xff,0x75,0xff,0xdd,0xfb,0x77,0xff,0xdd,0xff,0x77,0xff,0xdd,
    0x38,0x10,0x38,0x10,0x38,0x10,0x38,0x10,0x30,0x30,0x30,0x50,0x20,0x30,0x2c,0x40,0x20,0x00,0x08,0x00,0x08,0x00,0x08,0x1c,0x38,0x14,0x3c,0x1c,0x38,0x34,0x38,0x14,
    0x38,0x34,0x7c,0x5c,0x7c,0x74,0xfc,0x5c,0xf8,0x70,0xf8,0x58,0xf8,0xd0,0xf8,0x50,0xfa,0x70,0xfe,0x54,0xfe,0x74,0xee,0x44,0x2e,0x44,0xee,0x5c,0xfe,0x54,0xfe,0x5c,
    0xfe,0x74,0xfe,0x5c,0xbe,0x74,0xfe,0x5c,0xfe,0x74,0xfe,0xdc,0xfe,0x74,0xfe,0xfc,0xfc,0x74,0xfa,0xfd,0xfb,0x77,0xff,0xdd,0xff,0x77,0xff,0xdd,0xbf,0x77,0xff,0x5d,
    0x7e,0x77,0xff,0xdd,0xff,0x77,0xff,0xdd,0xff,0x75,0xff,0xdd,0xfb,0x77,0xff,0xdd,0xff,0x77,0xff,0xdd,0xff,0x77,0xef,0xcd,0xef,0x57,0xff,0xdd,0xff,0x77,0xff,0xdd,
    0x20,0x40,0x20,0x40,0x20,0x00,0x10,0x00,0x00,0x20,0x20,0x80,0x20,0x00,0x20,0x00,0x20,0x00,0x00,0x00,0x00,0x00,0x00,0x40,0x20,0x10,0xb8,0x50,0x30,0x10,0xb0,0x10,
    0x30,0x70,0xf0,0x50,0xf0,0x70,0xf8,0x50,0xe0,0x60,0xe0,0xc0,0xe0,0x40,0xf8,0xd2,0xf8,0x50,0xf8,0xd0,0xf8,0x10,0xf8,0x10,0x38,0x30,0x78,0x5c,0xf8,0x74,0xfc,0xdc,
    0xf8,0x78,0xf8,0xd8,0xf8,0x70,0xf8,0xd0,0xf8,0xf0,0xf8,0xd5,0xfa,0x75,0xfe,0xc5,0xea,0x65,0xef,0xcd,0xef,0x55,0xff,0xdd,0xff,0x77,0xbf,0x9d,0xbf,0x37,0xbf,0x5d,
    0x7e,0x77,0xfe,0xdd,0xfe,0x77,0xfe,0xdd,0xff,0x77,0xfd,0xdf,0xfb,0x73,0xfb,0xdd,0xff,0x77,0xff,0xd5,0xff,0x77,0xef,0xc5,0xef,0x77,0xff,0xdf,0xff,0x77,0xff,0xdd,
    0x00,0x00,0x00,0x00,0x00,0x00,0x00,0x00,0x00,0x00,0x00,0x00,0x00,0x00,0x00,0x00,0x00,0x00,0x00,0x00,0x00,0x00,0x00,0x00,0x00,0x00,0x01,0x00,0x00,0x00,0x00,0x00,
    0x00,0x00,0x00,0x00,0x00,0x00,0x00,0x00,0x00,0x00,0x00,0x00,0x00,0x00,0x00,0x00,0x00,0x01,0x00,0x01,0x00,0x01,0x00,0x00,0x00,0x00,0x00,0x40,0x00,0x00,0x00,0x00,
    0x00,0x00,0x00,0x00,0x00,0x01,0x00,0x01,0x01,0x01,0x01,0x01,0x03,0x01,0x03,0x01,0x03,0x01,0x03,0x01,0x03,0x01,0x03,0x01,0x03,0x01,0x83,0x01,0x03,0x01,0x83,0x01,
    0x23,0x03,0xe3,0x45,0xe3,0x67,0xe6,0xc5,0xe3,0x61,0xe9,0xc5,0xeb,0x51,0xeb,0xd5,0xff,0x77,0xff,0xdd,0xff,0x77,0xbf,0x55,0xbf,0x77,0xff,0xdd,0xff,0x77,0xff,0xdd
  },
  { // 89
    0x00,0x00,0x00,0x00,0x00,0x00,0x00,0x00,0x00,0x00,0x00,0x00,0x00,0x00,0x00,0x00,0x00,0x00,0x00,0x00,0x00,0x04,0x00,0x00,0x00,0x00,0x00,0x08,0x00,0x00,0x00,0x00,
    0x00,0x02,0x00,0x00,0x00,0x00,0x00,0x08,0x00,0x00,0x00,0x00,0x00,0x00,0x00,0x00,0x00,0x00,0x00,0x00,0x00,0x00,0x00,0x00,0x00,0x00,0x00,0x00,0x08,0x00,0x08,0x00,
    0x08,0x00,0x08,0x10,0x08,0x10,0x18,0x10,0x58,0x14,0x68,0x10,0x68,0x00,0x28,0x00,0x08,0x00,0x08,0x10,0x1a,0x1c,0x3a,0x14,0x3e,0x14,0x3e,0x16,0x2e,0x14,0x3e,0x16,
    0x3e,0x5c,0x7e,0x76,0xfe,0x5c,0xfe,0x74,0xfe,0x5c,0xfa,0x77,0xff,0xdd,0xff,0x77,0xff,0xdd,0xff,0x77,0xef,0xe5,0xef,0x77,0xff,0xdd,0xff,0x77,0xff,0xdd,0xff,0x77,
    0x68,0x50,0x20,0x40,0x68,0x50,0x22,0x50,0xf9,0x50,0x30,0x10,0x20,0x00,0x20,0x00,0x20,0x00,0x28,0x00,0x68,0x58,0x38,0x50,0xf8,0x58,0x38,0x10,0xb8,0x18,0x3a,0x30,
    0xf8,0x50,0xf8,0x70,0xf8,0x50,0xf8,0x70,0xe8,0xc0,0xe8,0x50,0xe8,0xd8,0xf8,0x50,0xf8,0xdc,0xb8,0x10,0xbc,0x14,0xbc,0x34,0x3c,0x5c,0x7c,0x74,0xfc,0x5c,0xfc,0x74,
    0xfc,0xdc,0xf8,0x70,0xf8,0xd8,0xfa,0x78,0xfa,0xdc,0xfa,0x74,0xfe,0xd4,0xe6,0x64,0xee,0xcc,0xee,0x74,0xfe,0xfc,0xfe,0x77,0xfe,0xdd,0xbf,0x37,0xbe,0x1d,0xbe,0x77,
    0xfe,0x5c,0xfe,0x76,0xfe,0xde,0xfe,0x76,0xfc,0xdd,0xfd,0x75,0xff,0xdd,0xff,0x77,0xff,0xd5,0xff,0xf7,0xff,0xd5,0xef,0x77,0xef,0xdd,0xff,0x77,0xff,0xdd,0xff,0x57,
    0x20,0x40,0x00,0x00,0x40,0x40,0x00,0x00,0xc0,0x00,0x80,0x00,0x80,0x00,0x00,0x00,0x00,0x00,0x20,0x00,0x20,0xc0,0x20,0x40,0xe0,0x40,0x60,0x40,0xe0,0x40,0xa0,0x50,
    0xe0,0xd0,0xf0,0x70,0xe0,0xc0,0xe0,0x60,0xe0,0x40,0xe0,0x40,0xe0,0xc0,0xe0,0x40,0xe8,0xd0,0xb0,0x10,0x98,0x10,0x30,0x10,0xb8,0x50,0x7c,0x74,0xf8,0x50,0xf8,0x70,
    0xf8,0xd0,0xf8,0x70,0xf8,0xd1,0xf9,0x71,0xf9,0xd1,0xfb,0x71,0xf3,0xd1,0xe3,0x61,0xe3,0xd5,0xef,0x77,0xff,0xdd,0xff,0x57,0xff,0xdd,0xbf,0x55,0xbf,0xdd,0xff,0x77,
    0xff,0xdd,0xff,0x77,0xfe,0xdc,0xfe,0x74,0xfe,0xdd,0xff,0x75,0xff,0xdd,0xff,0x77,0xff,0xdd,0xff,0x77,0xff,0xd5,0xbf,0x77,0xff,0xdd,0xff,0x77,0xff,0xdd,0xff,0x77,
    0x00,0x00,0x00,0x00,0x00,0x00,0x00,0x00,0x00,0x00,0x00,0x00,0x00,0x00,0x00,0x00,0x00,0x00,0x00,0x00,0x00,0x00,0x01,0x00,0x00,0x00,0x00,0x00,0x00,0x00,0x00,0x00,
    0x00,0x00,0x00,0x00,0x00,0x00,0x00,0x00,0x00,0x00,0x00,0x00,0x00,0x00,0x00,0x01,0x00,0x01,0x00,0x01,0x00,0x00,0x00,0x21,0x00,0x01,0x00,0x01,0x00,0x00,0x00,0x00,
    0x00,0x00,0x00,0x00,0x00,0x01,0x01,0x01,0x01,0x01,0x03,0x01,0x03,0x01,0x03,0x03,0x03,0x01,0x03,0x03,0x03,0x01,0x03,0x03,0x03,0x01,0x03,0x01,0x03,0x01,0x83,0x01,
    0x83,0x41,0xa3,0x43,0xe3,0xc1,0xe3,0x43,0xe3,0xc5,0xe7,0x47,0xef,0xc5,0xef,0x47,0xef,0xdd,0xdf,0x17,0x9f,0x9d,0xbf,0x37,0xbf,0xdd,0xff,0x77,0xff,0xdd,0xff,0x77
  },
  { // 90
    0x00,0x00,0x00,0x00,0x00,0x00,0x00,0x00,0x00,0x00,0x00,0x00,0x00,0x00,0x00,0x02,0x00,0x00,0x00,0x00,0x00,0x00,0x00,0x08,0x00,0x00,0x00,0x00,0x00,0x01,0x08,0x00,
    0x00,0x00,0x00,0x00,0x00,0x00,0x00,0x00,0x00,0x00,0x00,0x00,0x00,0x00,0x00,0x00,0x00,0x00,0x00,0x00,0x00,0x00,0x00,0x00,0x00,0x00,0x08,0x00,0x08,0x00,0x08,0x00,
    0x48,0x30,0x08,0x30,0x38,0x30,0x38,0x10,0x38,0x10,0x20,0x10,0x20,0x00,0x20,0x04,0x28,0x04,0x2c,0x4c,0x2c,0x14,0x0e,0x1c,0x1e,0x14,0x3e,0x1c,0x3e,0x36,0x3e,0x5c,
    0x3e,0x76,0x7e,0x7c,0x7e,0x74,0xfc,0xdc,0xfc,0x74,0xfe,0xdd,0xff,0x77,0xfb,0xd9,0xfb,0x73,0xff,0xd5,0xff,0x77,0xff,0xdd,0xff,0x77,0xff,0xdd,0xff,0x57,0xff,0xdd,
    0x60,0x62,0xe0,0x40,0xe0,0x40,0xe0,0x40,0xe0,0x40,0x88,0x00,0x80,0x10,0x80,0x10,0x30,0x30,0x38,0x50,0x78,0x70,0x78,0x50,0x78,0x70,0xf8,0x58,0xf8,0x70,0xf8,0xd8,
    0xf8,0x70,0xf8,0xd0,0xf0,0x74,0xe0,0x40,0xe0,0x60,0xe8,0xc0,0xe8,0x50,0xe8,0xdc,0xd8,0x50,0x98,0x18,0xb8,0x10,0xb8,0x5c,0xb8,0x74,0xfc,0x5c,0xfc,0x74,0xfc,0x5c,
    0xf8,0x74,0xf8,0xdc,0xf8,0x70,0xf8,0xd8,0xf8,0x70,0xf8,0xd0,0xf2,0x70,0xfe,0xd4,0xfe,0x76,0xfe,0xdc,0xfe,0x74,0xfe,0xdc,0xfe,0x54,0xfe,0xdc,0xff,0x76,0xff,0xdc,
    0xff,0x76,0xfe,0xdc,0xfe,0x74,0xfe,0xdc,0xfe,0x75,0xff,0xdd,0xff,0x77,0xff,0xdd,0xff,0x57,0xff,0xdd,0xbf,0x77,0xff,0xdd,0xff,0x77,0xff,0xdd,0xff,0x77,0xff,0xdd,
    0x00,0x00,0x00,0x00,0x00,0x00,0x00,0x00,0x00,0x00,0x80,0x10,0x00,0x00,0x40,0x00,0x00,0x00,0x20,0x00,0x20,0x00,0x20,0x40,0x20,0x40,0xe0,0x40,0xe0,0x40,0xe0,0xc0,
    0xe0,0x40,0xe0,0xc0,0xa0,0x40,0xa0,0x40,0xa0,0x41,0xa0,0x41,0xe0,0x41,0xe0,0x40,0xa0,0x40,0x81,0x40,0xa2,0x51,0xf0,0xd1,0xf1,0x71,0xf0,0xd1,0xf0,0x70,0xf0,0x50,
    0xe0,0x70,0xe0,0xc1,0xe1,0x71,0xe9,0xd1,0xeb,0x51,0xeb,0xd5,0xa3,0x11,0xbb,0xd1,0xbb,0x77,0xff,0x5d,0xff,0x77,0xff,0x5d,0xfe,0x75,0xfe,0xdd,0xff,0x75,0xff,0xfd,
    0xfb,0x71,0xfb,0xd1,0xfb,0x73,0xf3,0xd5,0xff,0x77,0xff,0xdd,0xff,0x77,0xef,0xdf,0xff,0x57,0xdf,0xdd,0xbf,0x77,0xff,0xdd,0xff,0x77,0xff,0x5d,0xff,0x77,0xfe,0xdc,
    0x00,0x00,0x00,0x00,0x04,0x20,0x00,0x00,0x00,0x00,0x00,0x00,0x00,0x02,0x00,0x00,0x00,0x00,0x00,0x00,0x00,0x00,0x00,0x00,0x00,0x00,0x00,0x00,0x00,0x00,0x00,0x00,
    0x00,0x01,0x00,0x01,0x01,0x01,0x01,0x01,0x01,0x01,0x01,0x01,0x01,0x01,0x00,0x00,0x10,0x00,0x00,0x00,0x00,0x00,0x00,0x01,0x01,0x01,0x01,0x01,0x01,0x01,0x01,0x01,
    0x03,0x01,0x03,0x03,0x03,0x01,0x03,0x01,0x03,0x01,0x03,0x01,0x03,0x03,0x03,0x01,0x03,0x03,0x03,0x05,0x03,0x07,0x06,0x04,0x02,0x04,0x06,0x04,0x02,0x05,0x87,0x05,
    0x83,0x01,0x83,0x01,0x83,0x03,0x83,0x85,0x87,0x07,0xef,0xc5,0xef,0x47,0xef,0x4d,0xef,0x47,0xcf,0xdd,0xff,0x57,0xff,0xdd,0xff,0x77,0xff,0xdd,0xff,0x77,0xfe,0xdc
  },
  { // 91
    0x00,0x00,0x00,0x00,0x00,0x00,0x00,0x00,0x00,0x02,0x00,0x00,0x00,0x00,0x00,0x00,0x00,0x00,0x00,0x00,0x00,0x00,0x00,0x00,0x04,0x00,0x01,0x00,0x00,0x00,0x00,0x00,
    0x00,0x00,0x00,0x00,0x00,0x00,0x00,0x00,0x00,0x00,0x00,0x00,0x00,0x00,0x00,0x00,0x00,0x00,0x00,0x00,0x00,0x00,0x00,0x10,0x08,0x10,0x00,0x10,0x28,0x00,0x20,0x00,
    0x28,0x10,0x38,0x10,0x38,0x10,0x78,0x10,0x68,0x10,0x60,0x10,0x20,0x10,0x20,0x14,0x2c,0x44,0x2c,0x04,0x2c,0x0c,0x0c,0x14,0x1c,0x5c,0x3e,0x34,0xbe,0x5c,0xbe,0x74,
    0xfe,0x5c,0x7e,0x74,0xfe,0x5c,0xfe,0x74,0xfe,0xdc,0xfe,0x75,0xff,0xdd,0xfb,0x53,0xfb,0xdd,0xff,0x77,0xff,0xdd,0xff,0x77,0xff,0x5d,0xff,0x77,0xff,0x5d,0xff,0x77,
    0xe0,0x40,0xe0,0x60,0xe0,0x40,0xe0,0x40,0xc0,0x40,0x80,0x00,0x88,0x10,0xb0,0x10,0xb8,0x50,0xb8,0x30,0xf8,0x50,0x70,0x70,0xf8,0x50,0xf8,0x70,0xf8,0xd0,0xf8,0x70,
    0xf8,0xd0,0xf0,0x50,0xf0,0xd0,0xb8,0x70,0xf0,0xd0,0xf8,0x70,0xe8,0x40,0xe8,0x40,0xe8,0x58,0xf8,0x50,0xf8,0xd8,0xf8,0x70,0xf8,0xd8,0xf8,0x70,0xf8,0x50,0xf8,0x70,
    0xf8,0xd4,0xf8,0x74,0xfc,0xdc,0xf8,0x70,0xe8,0xd8,0xf8,0x50,0xf8,0xdc,0xfe,0x74,0xfe,0xdc,0xfe,0x74,0xfe,0x7c,0x7e,0x74,0xfe,0xfc,0xfe,0x74,0xfe,0xdc,0xfe,0x74,
    0xfa,0xd8,0xfa,0x70,0xfa,0xd4,0xfe,0x77,0xff,0xdf,0xff,0x77,0xef,0xcd,0xef,0x57,0xdf,0xdd,0xff,0x57,0xff,0xdd,0xff,0x77,0xff,0x5d,0xff,0x77,0xfe,0x5c,0xfe,0x77,
    0x00,0x20,0x00,0x00,0x00,0x08,0x00,0x00,0x20,0x00,0x00,0x00,0x00,0x00,0x00,0x00,0x80,0x00,0x80,0x00,0x80,0x00,0x20,0x00,0xa0,0x40,0xa0,0x40,0xe0,0xc0,0xe0,0x40,
    0xc0,0xc1,0x80,0x01,0x81,0x81,0x81,0x01,0x81,0x01,0xa1,0x01,0xa1,0x21,0x20,0x21,0x20,0x60,0x60,0x40,0xe0,0xc0,0xe0,0x71,0xe1,0xd1,0xf1,0x71,0xe0,0xf1,0xe1,0x71,
    0xe1,0xc1,0xe3,0x61,0xeb,0xc5,0xe3,0x41,0xe3,0xc1,0xc3,0x41,0xcb,0xd1,0xbb,0x53,0xfb,0xdd,0xbb,0x77,0xff,0x55,0x7a,0x76,0xfe,0xdc,0xfe,0x75,0xff,0xdd,0xfb,0x75,
    0xf9,0xd9,0xfb,0x71,0xfb,0xd1,0xfb,0x77,0xff,0xd5,0xff,0x77,0xef,0xcd,0xef,0x47,0xef,0xdd,0xff,0x7f,0xff,0xdd,0xff,0x77,0xff,0xdd,0xff,0x77,0xff,0xdd,0xff,0x77,
    0x00,0x00,0x00,0x00,0x00,0x02,0x00,0x00,0x00,0x00,0x00,0x00,0x00,0x00,0x00,0x00,0x00,0x00,0x00,0x00,0x00,0x00,0x00,0x00,0x00,0x00,0x01,0x00,0x00,0x00,0x00,0x00,
    0x00,0x00,0x00,0x01,0x00,0x01,0x01,0x01,0x01,0x01,0x01,0x01,0x09,0x01,0x00,0x00,0x00,0x00,0x00,0x00,0x00,0x00,0x00,0x01,0x00,0x01,0x01,0x01,0x01,0x01,0x03,0x03,
    0x03,0x01,0x03,0x03,0x03,0x01,0x03,0x03,0x03,0x01,0x03,0x03,0x03,0x05,0x03,0x07,0x03,0x05,0x03,0x03,0x03,0x01,0x02,0x03,0x02,0x05,0x02,0x07,0x07,0x05,0x07,0x05,
    0x07,0x05,0x83,0x01,0x8b,0x05,0x8b,0x07,0x8f,0x85,0x8f,0x07,0xcf,0x05,0x2f,0x07,0x2f,0x5d,0xff,0x77,0xff,0xdd,0xff,0x77,0xff,0xdd,0xff,0x77,0xfb,0xdd,0xfb,0x77
  },
  { // 92
    0x00,0x00,0x02,0x00,0x00,0x00,0x00,0x00,0x00,0x00,0x00,0x00,0x00,0x00,0x00,0x00,0x00,0x02,0x00,0x00,0x00,0x00,0x00,0x00,0x00,0x00,0x00,0x00,0x00,0x00,0x00,0x00,
    0x00,0x00,0x00,0x00,0x00,0x00,0x00,0x00,0x00,0x00,0x00,0x00,0x00,0x00,0x00,0x00,0x00,0x00,0x00,0x00,0x00,0x10,0x08,0x10,0x00,0x10,0x00,0x10,0x30,0x10,0x20,0x30,
    0x20,0x30,0x28,0x20,0x20,0x00,0x08,0x00,0x08,0x00,0x08,0x10,0x38,0x10,0x38,0x14,0x38,0x14,0x3c,0x14,0x3c,0x34,0x3c,0x5c,0x7c,0x74,0xfc,0x5c,0xfc,0x74,0xf8,0x58,
    0xf8,0x70,0xfa,0xd8,0xfa,0x76,0xfe,0xd4,0xfe,0x76,0xee,0xc4,0xee,0x47,0xef,0xdd,0xff,0x57,0xff,0xdd,0xff,0x7f,0xbf,0x9d,0xbf,0x37,0xff,0x5d,0xff,0x77,0xff,0xdd,
    0xa0,0x00,0xa0,0x50,0x20,0x00,0x20,0x00,0x20,0x00,0x60,0x40,0xe0,0x50,0xf8,0x50,0xf8,0x70,0xf8,0x50,0xb0,0x70,0xf0,0x50,0xf0,0x70,0xf0,0xd0,0xe0,0x60,0xe0,0xc0,
    0xe8,0x40,0xc8,0xc0,0xe8,0x50,0xf8,0xd0,0xb8,0x10,0xb8,0x10,0x38,0x30,0x38,0x50,0x78,0x70,0xf8,0xd8,0xf8,0x70,0xf8,0xd8,0xf8,0x70,0xf8,0xd0,0xf8,0x70,0xf8,0xd0,
    0xf8,0x70,0xf8,0xd4,0xe0,0x64,0xec,0xc4,0xec,0x44,0xfc,0xdc,0xfc,0x54,0xfc,0xfc,0xbe,0x3c,0xbe,0x7c,0x3e,0x74,0xfe,0x5c,0xfe,0x74,0xfe,0xdc,0xfc,0x74,0xfc,0xdc,
    0xf9,0x71,0xfb,0xd9,0xfb,0x77,0xff,0xdd,0xff,0x77,0xff,0xd5,0xef,0x77,0xef,0xdd,0xff,0x77,0xff,0xdd,0xff,0x77,0xff,0xdd,0xff,0x77,0xff,0xdd,0xff,0x77,0xff,0xdd,
    0x00,0x10,0x00,0x00,0x00,0x00,0x00,0x00,0x00,0x00,0x00,0x00,0x00,0x01,0x80,0x40,0x80,0x00,0x80,0x40,0x80,0x00,0x80,0x40,0x80,0x01,0x80,0x41,0xa0,0x41,0x80,0x40,
    0x80,0x00,0x80,0x41,0x81,0x01,0xa1,0xc1,0xa1,0x01,0xa3,0x01,0x20,0x01,0x20,0x00,0x20,0x60,0xe0,0x40,0xe0,0x60,0xe0,0xc0,0xe0,0x41,0xe0,0xe1,0xe1,0x41,0xe3,0xc1,
    0xe3,0x71,0xe3,0xc1,0xa3,0x43,0xe3,0x41,0xe3,0x43,0xeb,0xd5,0xfb,0x73,0xfb,0xdd,0xfb,0x71,0xfb,0xd1,0xfb,0x71,0xfb,0xd5,0xfb,0x77,0xff,0xd5,0xfb,0x75,0xef,0xc5,
    0xeb,0x65,0xef,0xdd,0xff,0x77,0xff,0xdd,0xff,0x77,0xbf,0x9d,0xbf,0x37,0xff,0x5d,0xff,0x77,0xff,0xdd,0xff,0x77,0xff,0xdd,0xff,0x75,0xff,0xdd,0xff,0x77,0xff,0xdd,
    0x00,0x00,0x00,0x00,0x00,0x00,0x00,0x00,0x00,0x00,0x00,0x00,0x00,0x00,0x00,0x00,0x00,0x00,0x01,0x00,0x00,0x00,0x00,0x00,0x00,0x01,0x00,0x01,0x01,0x01,0x00,0x00,
    0x00,0x00,0x00,0x00,0x00,0x04,0x00,0x01,0x00,0x01,0x00,0x00,0x00,0x00,0x00,0x00,0x00,0x01,0x00,0x01,0x02,0x01,0x02,0x00,0x00,0x01,0x00,0x05,0x07,0x01,0x03,0x01,
    0x03,0x03,0x03,0x01,0x03,0x03,0x03,0x01,0x03,0x03,0x03,0x05,0x07,0x07,0x07,0x05,0x03,0x01,0x00,0x01,0x01,0x01,0x03,0x01,0x03,0x03,0x03,0x05,0x03,0x07,0x07,0x05,
    0x07,0x07,0x0f,0x05,0x8f,0x07,0x8f,0x0d,0x8f,0x07,0x8f,0x0d,0x0f,0x17,0xbf,0x1d,0xbf,0x77,0xff,0xdd,0xff,0x77,0xfe,0xdd,0xff,0x75,0xfd,0xdd,0xff,0x77,0xff,0xdd
  },
  { // 93
    0x00,0x00,0x00,0x00,0x08,0x00,0x00,0x00,0x00,0x00,0x00,0x01,0x00,0x00,0x00,0x00,0x00,0x00,0x00,0x00,0x00,0x00,0x00,0x00,0x00,0x00,0x00,0x00,0x00,0x00,0x00,0x00,
    0x00,0x00,0x00,0x00,0x00,0x00,0x00,0x00,0x00,0x00,0x00,0x00,0x00,0x00,0x00,0x00,0x00,0x00,0x00,0x00,0x08,0x00,0x00,0x00,0x08,0x00,0x00,0x10,0x28,0x10,0x30,0x10,
    0x20,0x00,0x20,0x00,0x20,0x00,0x00,0x00,0x48,0x0c,0x48,0x14,0x58,0x1c,0x18,0x10,0x38,0x1c,0x38,0x34,0x3c,0x5c,0x3c,0x74,0x7c,0x5c,0x7c,0x74,0xfc,0x5c,0xf8,0x70,
    0xf8,0xd8,0xfa,0x70,0xfa,0xdc,0xfa,0x76,0xfe,0xd4,0xe6,0x77,0xee,0xdd,0xff,0x7f,0xff,0xdd,0xff,0x77,0xff,0xdd,0xff,0x77,0xff,0xdd,0xff,0x77,0xff,0xdd,0xff,0x77,
    0x80,0x10,0xa0,0x10,0x20,0x10,0x20,0x10,0x20,0x50,0x70,0x70,0xf8,0x50,0xf8,0x70,0xf8,0x50,0xf0,0x50,0xf8,0xd2,0xf0,0x70,0xf0,0xd0,0xf0,0x70,0xe0,0x40,0xe0,0x40,
    0xe0,0xc0,0xe8,0x40,0xe8,0xd8,0xf8,0x50,0xf8,0x18,0xb8,0x14,0xb8,0x10,0xb8,0x70,0xf8,0x58,0xf8,0x70,0xf8,0xd8,0xf8,0x70,0xf8,0xd8,0xf8,0x70,0xf8,0xd8,0xf8,0x70,
    0xf8,0xd0,0xf0,0x70,0xe8,0x44,0xec,0x74,0xfc,0xde,0xfe,0x74,0xfc,0xdc,0xfc,0x74,0xfc,0xdc,0xf8,0xf4,0xfc,0xdc,0xfe,0x74,0xfe,0xfc,0xfe,0x74,0xfc,0xd4,0xfc,0x74,
    0xfe,0xdd,0xff,0x77,0xff,0xdd,0xff,0x77,0xff,0xdd,0xbf,0x37,0xbf,0x5d,0xff,0x77,0xff,0xdd,0xff,0x77,0xff,0xdd,0xff,0x75,0xff,0xdd,0xff,0x77,0xff,0xdd,0xff,0x77,
    0x00,0x00,0x00,0x00,0x00,0x00,0x00,0x01,0x00,0x00,0x00,0x01,0x00,0x40,0x00,0x40,0x80,0x40,0x80,0x40,0xc0,0x40,0x80,0x41,0x80,0xc1,0x80,0x01,0x80,0x01,0x00,0x00,
    0x00,0x00,0x00,0x01,0xe0,0x41,0xa0,0x41,0xc0,0x40,0x80,0x00,0xa0,0x40,0xa0,0x61,0xe0,0xc1,0xe0,0x61,0xe0,0xc0,0xe0,0x60,0xe1,0xe1,0xe1,0x61,0xe1,0xe1,0xe3,0x41,
    0xe3,0xc1,0xa3,0x11,0xa3,0x11,0xa3,0x33,0xf3,0x51,0xfb,0x73,0xfb,0x55,0xfa,0x71,0xf8,0xd1,0xf9,0x71,0xfb,0xd9,0xfb,0x73,0xfb,0xd5,0xf3,0x73,0xf3,0xd5,0xe3,0x67,
    0xef,0xc5,0xef,0x77,0xff,0xdd,0xff,0x57,0xff,0xdd,0xbf,0x37,0xbf,0xdd,0xff,0x77,0xff,0xdd,0xff,0x77,0xfe,0xdc,0xfe,0x75,0xfd,0xdd,0xff,0x77,0xff,0xdd,0xff,0x77,
    0x00,0x00,0x00,0x00,0x00,0x00,0x00,0x00,0x00,0x00,0x00,0x00,0x01,0x00,0x00,0x00,0x00,0x00,0x00,0x00,0x00,0x00,0x00,0x00,0x00,0x01,0x00,0x01,0x00,0x01,0x00,0x01,
    0x00,0x04,0x00,0x00,0x00,0x00,0x00,0x00,0x00,0x00,0x00,0x00,0x00,0x00,0x00,0x01,0x01,0x01,0x01,0x01,0x03,0x01,0x03,0x01,0x06,0x05,0x03,0x01,0x03,0x01,0x03,0x01,
    0x03,0x01,0x03,0x01,0x03,0x01,0x03,0x03,0x03,0x01,0x03,0x03,0x02,0x04,0x02,0x00,0x00,0x00,0x00,0x01,0x01,0x01,0x03,0x01,0x03,0x01,0x03,0x03,0x03,0x05,0x03,0x07,
    0x07,0x05,0x87,0x07,0x0f,0x0d,0x0f,0x07,0x8f,0x0d,0x8f,0x17,0x8f,0x5d,0xbf,0x77,0xff,0xdd,0xff,0x77,0xff,0xdd,0xfe,0x77,0xff,0xdd,0xff,0x77,0xff,0xdd,0xff,0x77
  },
  { // 94
    0x00,0x00,0x00,0x00,0x00,0x00,0x00,0x00,0x00,0x00,0x00,0x00,0x00,0x00,0x00,0x00,0x00,0x00,0x00,0x00,0x00,0x00,0x00,0x00,0x00,0x00,0x00,0x00,0x00,0x00,0x00,0x00,
    0x00,0x00,0x00,0x00,0x00,0x00,0x00,0x00,0x00,0x00,0x00,0x00,0x00,0x00,0x00,0x00,0x00,0x00,0x00,0x00,0x00,0x00,0x00,0x00,0x00,0x00,0x08,0x00,0x00,0x00,0x00,0x00,
    0x00,0x00,0x20,0x00,0x20,0x00,0x28,0x04,0x28,0x04,0x0c,0x0c,0x0c,0x14,0x1c,0x1c,0x38,0x14,0x38,0x1c,0x38,0x34,0x3c,0x5c,0x3a,0x74,0x7c,0x54,0x78,0x74,0xec,0x5c,
    0xfe,0x74,0xfe,0xdc,0xfe,0x56,0xbf,0x9d,0xbe,0x17,0xbf,0x5d,0xbf,0x77,0xff,0x5d,0xff,0x77,0xfe,0x5c,0xfe,0x75,0xff,0xdd,0xff,0x77,0xff,0xdd,0xff,0x77,0xff,0xdd,
    0x00,0x00,0x80,0x10,0x30,0x10,0x38,0x10,0x30,0x70,0xf8,0x50,0x70,0x70,0xe0,0x50,0xe1,0x70,0xe8,0xd0,0xf8,0x70,0xf8,0xd0,0xf0,0x50,0xa0,0xd0,0xa0,0x00,0xa0,0x40,
    0xa8,0x70,0xe8,0x58,0xf8,0x50,0xf8,0x58,0xb8,0x50,0xf8,0x58,0xf8,0x70,0xf8,0xd8,0xf8,0x70,0xf8,0xd0,0xf0,0x70,0xe8,0xd0,0xe8,0x70,0xe8,0xdc,0xf8,0x50,0xf8,0xd8,
    0xf8,0x10,0xb9,0x95,0xb8,0x34,0xfc,0x5c,0xfc,0x74,0xfc,0x5c,0xfc,0x74,0xfc,0xdc,0xfc,0x74,0xfc,0xfc,0xf8,0x74,0xfa,0xfc,0xfa,0x70,0xfa,0xd4,0xf2,0x74,0xfe,0xdc,
    0xff,0x77,0xff,0xdf,0xff,0x57,0xdf,0xdd,0xbf,0x17,0xbf,0xdd,0xff,0x77,0xff,0xdd,0xff,0x77,0xfe,0x5c,0xfe,0x74,0xfe,0xdd,0xff,0x75,0xff,0xdd,0xff,0x77,0xfb,0xdd,
    0x00,0x02,0x00,0x00,0x02,0x00,0x80,0x00,0x00,0x00,0x80,0x00,0x00,0x00,0x80,0x40,0x00,0x41,0xc0,0x40,0xc0,0x41,0xc0,0xc0,0x80,0x00,0x80,0x00,0x80,0x00,0x80,0x00,
    0x20,0x00,0xa0,0x40,0x20,0x40,0x60,0x60,0x60,0x60,0xe0,0x60,0xe0,0x40,0xe0,0xd1,0xe1,0x71,0xe0,0xc1,0xe0,0x61,0xe0,0xc1,0xe1,0x61,0xe1,0xc1,0xe1,0x41,0xe1,0xc1,
    0x81,0x01,0x89,0x91,0xb3,0x11,0xbb,0xd1,0xfb,0x71,0xfb,0x51,0xfb,0x71,0xf8,0x50,0xf8,0x70,0xf8,0xd9,0xff,0x71,0xfb,0xd1,0xfb,0x71,0xfb,0xd1,0xf3,0x73,0xff,0xd5,
    0xff,0x77,0xff,0xdd,0xff,0x77,0xff,0xdd,0xff,0x57,0xff,0xdd,0xff,0x77,0xff,0xdd,0xff,0x77,0xff,0xdd,0xfe,0x76,0xfe,0xdd,0xff,0x77,0xff,0xdd,0xff,0x77,0xff,0xdd,
    0x00,0x00,0x00,0x00,0x00,0x00,0x00,0x00,0x00,0x00,0x00,0x00,0x00,0x00,0x00,0x00,0x00,0x00,0x00,0x00,0x00,0x00,0x00,0x00,0x00,0x00,0x00,0x00,0x04,0x00,0x00,0x00,
    0x00,0x00,0x00,0x00,0x00,0x00,0x00,0x00,0x00,0x00,0x00,0x00,0x00,0x00,0x00,0x01,0x01,0x01,0x01,0x01,0x01,0x05,0x07,0x01,0x03,0x01,0x03,0x01,0x03,0x01,0x03,0x01,
    0x03,0x01,0x03,0x01,0x03,0x01,0x03,0x01,0x03,0x01,0x03,0x01,0x02,0x00,0x02,0x00,0x02,0x01,0x03,0x01,0x03,0x01,0x03,0x05,0x03,0x03,0x03,0x01,0x03,0x83,0x07,0x05,
    0x07,0x07,0x0f,0x05,0x0f,0x07,0x0f,0x05,0x0e,0x47,0xcf,0xcd,0xff,0x57,0xff,0xdd,0xff,0x77,0xfb,0xd1,0xfb,0x73,0xff,0xd5,0xff,0x77,0xff,0xdd,0xff,0x77,0xef,0xdd
  },
  { // 95
    0x00,0x00,0x00,0x00,0x10,0x00,0x00,0x00,0x00,0x00,0x80,0x00,0x00,0x00,0x00,0x00,0x00,0x00,0x00,0x00,0x00,0x00,0x00,0x00,0x00,0x00,0x00,0x00,0x00,0x00,0x00,0x00,
    0x00,0x00,0x00,0x00,0x00,0x00,0x00,0x00,0x00,0x00,0x00,0x00,0x00,0x00,0x00,0x00,0x00,0x00,0x00,0x00,0x00,0x00,0x00,0x00,0x00,0x00,0x00,0x00,0x00,0x00,0x00,0x00,
    0x08,0x00,0x00,0x00,0x08,0x14,0x08,0x14,0x0c,0x14,0x0c,0x14,0x4c,0x1c,0x7c,0x14,0x7c,0x1c,0x38,0x10,0x38,0x18,0x38,0x10,0x38,0x10,0x32,0x30,0x3e,0x54,0x7e,0x76,
    0xee,0x4c,0xee,0x46,0xce,0x4d,0x9f,0x17,0xbf,0xdd,0xbf,0x37,0xbf,0x5d,0xbf,0x77,0xfe,0x5c,0x7e,0x76,0xfe,0xfc,0xff,0x77,0xff,0xdd,0xff,0x75,0xfb,0xd9,0xfb,0x73,
    0x28,0x00,0x28,0x10,0x38,0x50,0x38,0x70,0xf8,0x50,0x30,0x70,0x30,0x50,0x70,0x70,0xe0,0x40,0xe0,0x60,0xe8,0x40,0xe8,0x40,0xc8,0x40,0x88,0x10,0x98,0x10,0xb8,0x30,
    0xb8,0x1c,0x38,0x30,0x38,0x5c,0x78,0x70,0xf8,0x5c,0xf8,0x70,0xf8,0xd8,0xf8,0x70,0xf8,0xd0,0xf8,0x70,0xf0,0xd0,0xf0,0x74,0xfc,0xd4,0xec,0x64,0xec,0xcc,0xec,0x44,
    0xcc,0xdc,0xbe,0x54,0xfe,0xdc,0xbe,0x74,0xfe,0x5c,0x7e,0x74,0xfe,0x5c,0xfe,0x74,0xfe,0xdc,0xfe,0x74,0xfc,0xdc,0xf8,0x70,0xfa,0xd0,0xfa,0x77,0xff,0xdd,0xff,0x77,
    0xff,0xdd,0xff,0x77,0xee,0x5d,0xff,0x77,0xff,0xdd,0xff,0x77,0xff,0xdd,0xff,0x77,0xff,0xdd,0xfe,0x77,0xfe,0xdd,0xff,0x77,0xff,0xdd,0xff,0x77,0xff,0xdd,0xff,0x57,
    0x00,0x00,0x00,0x00,0x00,0x40,0x20,0x40,0xc0,0x40,0x80,0x01,0x80,0x00,0xa0,0x00,0xa1,0x40,0xa8,0x40,0xe0,0x40,0x00,0x00,0x80,0x00,0x00,0x00,0x80,0x00,0xa0,0x10,
    0xa8,0x10,0xf0,0x30,0x20,0x50,0x20,0x70,0xe0,0x40,0xe0,0x70,0xe0,0xe0,0xe0,0x60,0xe0,0xc0,0xe0,0x40,0xe0,0xd1,0xa1,0x71,0xe1,0xd1,0xe1,0x71,0xe8,0x60,0x28,0x60,
    0xe8,0x50,0xf8,0x75,0xfd,0xd9,0xf9,0x71,0xf9,0xd9,0xf8,0x70,0xf8,0xd0,0xfb,0x71,0xfa,0xd5,0xfb,0x75,0xeb,0xd5,0xeb,0x41,0xeb,0xdd,0xfb,0x57,0xff,0xdd,0xff,0x77,
    0xff,0xdd,0xbf,0x77,0x7f,0x5d,0x7e,0x77,0xff,0xdd,0xff,0x77,0xff,0xdd,0xff,0x75,0xfb,0xd9,0xfb,0x73,0xfb,0xdd,0xff,0x77,0xff,0xdd,0xff,0x77,0xef,0xcd,0xef,0x57,
    0x00,0x00,0x00,0x00,0x00,0x00,0x00,0x00,0x00,0x00,0x00,0x00,0x00,0x00,0x00,0x00,0x00,0x00,0x00,0x00,0x00,0x00,0x04,0x00,0x00,0x00,0x00,0x00,0x00,0x00,0x00,0x00,
    0x00,0x00,0x00,0x00,0x00,0x00,0x00,0x00,0x00,0x00,0x00,0x00,0x00,0x00,0x00,0x01,0x00,0x01,0x05,0x01,0x01,0x01,0x01,0x01,0x01,0x01,0x03,0x01,0x03,0x01,0x02,0x00,
    0x00,0x00,0x00,0x00,0x00,0x01,0x01,0x01,0x01,0x01,0x01,0x01,0x01,0x01,0x03,0x01,0x03,0x01,0x03,0x03,0x03,0x01,0x03,0x43,0x03,0x01,0x03,0x07,0x87,0x05,0x87,0x07,
    0x87,0x05,0x07,0x07,0x07,0x05,0x26,0x47,0xfe,0x45,0xef,0x77,0xef,0xdd,0xef,0x75,0xeb,0xd1,0xfb,0x73,0xfb,0xdd,0xff,0x77,0xff,0xdd,0xff,0x77,0xff,0xdd,0xef,0x77
  },
  { // 96
    0x00,0x20,0x00,0x00,0x00,0x00,0x00,0x00,0x00,0x00,0x00,0x00,0x00,0x00,0x00,0x00,0x00,0x00,0x00,0x00,0x00,0x00,0x00,0x00,0x00,0x00,0x00,0x00,0x00,0x00,0x00,0x00,
    0x00,0x00,0x00,0x00,0x00,0x00,0x00,0x00,0x00,0x00,0x00,0x00,0x00,0x00,0x00,0x00,0x00,0x00,0x00,0x00,0x00,0x00,0x00,0x00,0x00,0x00,0x00,0x00,0x00,0x00,0x00,0x00,
    0x00,0x00,0x08,0x00,0x08,0x00,0x48,0x00,0x48,0x00,0x48,0x04,0x08,0x14,0x0c,0x1c,0x0c,0x14,0x08,0x1c,0x08,0x10,0x08,0x10,0x1a,0x14,0x3a,0x94,0x3e,0x57,0xfe,0x14,
    0x2e,0x06,0x2e,0x0c,0x2e,0x17,0xff,0x5d,0xff,0x77,0xff,0xdd,0xbf,0x77,0xbf,0x5d,0xff,0x77,0xff,0xdd,0xff,0x77,0xff,0xdd,0xff,0x77,0xff,0xdd,0xff,0x77,0xff,0xdd,
    0x28,0x10,0x38,0x50,0x38,0x70,0xb8,0x50,0x38,0x10,0x38,0x10,0x70,0x10,0x30,0x50,0x30,0x70,0x28,0x40,0x20,0x00,0x28,0x44,0x08,0x00,0x08,0x5c,0x38,0x14,0x3c,0x1c,
    0x38,0x30,0x38,0x1c,0x38,0x70,0x7c,0x5c,0x7c,0x74,0xfc,0x5c,0xf8,0x70,0xf8,0xd8,0xf8,0x50,0xf8,0xd0,0xfb,0x71,0xfe,0xd4,0xbe,0x74,0xbe,0x54,0x2e,0x54,0x6e,0x5c,
    0xfe,0x74,0xfe,0xdc,0xfe,0x74,0xfe,0xdc,0xfa,0xf4,0xfa,0xdc,0xfa,0x74,0xfe,0xdc,0xfe,0x74,0xfe,0xdc,0xee,0x64,0xee,0xdd,0xff,0x57,0xff,0xdd,0xff,0x77,0xff,0xdd,
    0xbf,0x37,0xbf,0x5f,0x7e,0x77,0xfe,0xdd,0xff,0x77,0xff,0xdd,0xff,0x75,0xff,0xdd,0xfb,0x7b,0xff,0xdd,0xff,0x77,0xff,0xdd,0xff,0x77,0xef,0xcd,0xef,0x67,0xef,0xdd,
    0x20,0x00,0x20,0x40,0x20,0x40,0x60,0x40,0x20,0x40,0x00,0x50,0x02,0x00,0x80,0x00,0x20,0x00,0xa0,0x00,0x20,0x00,0x20,0x00,0x20,0x00,0x20,0x40,0x30,0x50,0xf8,0x50,
    0xb0,0x50,0xb0,0x50,0xb0,0x70,0xf0,0x50,0xf0,0x70,0xf0,0xd0,0xe0,0x60,0xe0,0xc0,0xe0,0x40,0xc8,0xc0,0xe8,0x50,0xf8,0xd0,0xb8,0x10,0xb8,0x18,0x38,0x30,0x38,0x5c,
    0x78,0x74,0xfc,0xdc,0xf8,0x70,0xf8,0xd8,0xf8,0x70,0xf8,0xd9,0xf8,0x71,0xfb,0xd1,0xfb,0x75,0xff,0xd7,0xe7,0x65,0xef,0xcd,0xef,0x57,0xff,0xdd,0xff,0x57,0xff,0xdd,
    0xbf,0x37,0xbf,0x5d,0xff,0x77,0xfe,0xdd,0xfe,0x77,0xfe,0xdd,0xfe,0x75,0xfd,0xdd,0xff,0x71,0xff,0xdd,0xff,0x77,0xff,0xdd,0xff,0x77,0xff,0xd5,0xef,0x77,0xff,0xdd,
    0x00,0x00,0x00,0x00,0x00,0x00,0x00,0x00,0x00,0x00,0x00,0x00,0x00,0x00,0x00,0x00,0x00,0x08,0x00,0x00,0x00,0x00,0x00,0x00,0x00,0x00,0x00,0x00,0x00,0x00,0x00,0x00,
    0x00,0x00,0x00,0x00,0x00,0x00,0x00,0x00,0x00,0x00,0x00,0x00,0x00,0x00,0x00,0x04,0x00,0x00,0x00,0x00,0x01,0x01,0x01,0x01,0x01,0x01,0x00,0x01,0x00,0x00,0x00,0x00,
    0x00,0x00,0x00,0x00,0x00,0x00,0x00,0x00,0x00,0x01,0x01,0x01,0x01,0x01,0x03,0x01,0x03,0x01,0x03,0x01,0x03,0x03,0x03,0x01,0x03,0x03,0x03,0x01,0x03,0x03,0x83,0x01,
    0x8b,0x01,0xa3,0x01,0xa3,0x63,0xe3,0xd5,0xf3,0x77,0xff,0xd5,0xe7,0x65,0xef,0xc5,0xef,0x47,0xef,0xdd,0xff,0x77,0xff,0xdd,0xff,0x3f,0xbf,0x9d,0xbf,0x77,0xff,0x5d
  },
  { // 97
    0x00,0x00,0x00,0x00,0x00,0x00,0x00,0x00,0x00,0x00,0x00,0x00,0x00,0x00,0x00,0x00,0x00,0x00,0x00,0x00,0x00,0x00,0x00,0x00,0x00,0x00,0x00,0x00,0x00,0x00,0x00,0x00,
    0x00,0x00,0x00,0x00,0x00,0x00,0x00,0x00,0x00,0x00,0x00,0x00,0x00,0x00,0x00,0x00,0x00,0x00,0x00,0x00,0x00,0x00,0x00,0x00,0x00,0x00,0x00,0x00,0x00,0x00,0x00,0x00,
    0x00,0x00,0x00,0x00,0x00,0x00,0x00,0x00,0x00,0x04,0x00,0x08,0x00,0x42,0x00,0x40,0x00,0x40,0x48,0x00,0x04,0x02,0x04,0x8e,0x84,0x8e,0x07,0x8f,0x0d,0x8f,0x17,0x8f,
    0x15,0x1f,0x17,0x3e,0x1d,0x3e,0x77,0xfe,0x5c,0xfe,0x74,0xfe,0xdc,0xfd,0x75,0xff,0xdd,0xff,0x77,0xff,0xdd,0xff,0x77,0xff,0xd5,0xe7,0x67,0xef,0xdd,0xff,0x77,0xff,
    0x90,0x38,0x10,0x28,0x00,0x20,0x80,0x28,0x00,0x0a,0x00,0x08,0x10,0x08,0x14,0x08,0x10,0x08,0x10,0x08,0x04,0x28,0x14,0x2c,0x1c,0x3c,0x14,0x3c,0x1c,0x3c,0x14,0x3c,
    0x5c,0xb8,0x10,0x38,0x18,0x3a,0x30,0x7a,0x54,0x3a,0x74,0x6a,0x44,0x62,0x44,0x6e,0x4c,0x6e,0x54,0x7e,0x5c,0x3e,0x16,0x3e,0x1c,0x3e,0x16,0x3e,0x1c,0x3e,0x76,0x7e,
    0x5c,0x7e,0x76,0xfe,0x5c,0xfc,0x74,0xfc,0xdc,0xfa,0x71,0xfb,0xdd,0xfb,0x77,0xff,0xf5,0xf7,0x77,0xe7,0x45,0xef,0x67,0xef,0xdd,0xff,0x57,0xff,0xdd,0xbf,0x57,0xbf,
    0x1d,0xbf,0x77,0xff,0xdd,0xff,0x77,0xfe,0xdc,0xfe,0x74,0xfe,0xdc,0xfe,0x75,0xff,0xdd,0xff,0x77,0xff,0xdd,0xff,0x77,0xff,0xd5,0xff,0x77,0xff,0xdd,0xff,0x77,0xff,
    0x10,0x20,0x10,0x20,0x40,0x20,0x00,0x20,0x04,0x20,0x00,0x00,0x40,0x00,0x00,0x08,0x00,0x18,0x10,0x08,0x10,0x30,0x10,0x38,0x10,0x38,0x70,0x78,0x50,0x78,0x70,0x78,
    0x50,0x78,0x50,0xf8,0x50,0xf8,0x70,0xf8,0x50,0xf0,0x70,0xe0,0x40,0x20,0x60,0xe8,0x64,0xe8,0x74,0xec,0x5c,0xfc,0x54,0xbc,0x1c,0xb8,0x10,0xb8,0x1c,0xb8,0x74,0xfc,
    0x5c,0xfe,0x74,0xfc,0x5c,0xf8,0x74,0xf8,0xdc,0xf8,0x74,0xfa,0xdd,0xfb,0x71,0xfb,0xd5,0xbb,0x37,0xbf,0x55,0xbf,0x77,0xff,0x5d,0xff,0x77,0xff,0xdd,0xff,0x75,0xfe,
    0xdd,0xff,0x75,0xff,0xdd,0xff,0x77,0xff,0xdd,0xff,0x77,0xfe,0xd5,0xff,0x77,0xff,0xfd,0xff,0xf7,0xff,0xdd,0xff,0x57,0xff,0xdd,0xbf,0x37,0xbf,0xdd,0xff,0x77,0xff,
    0x00,0x00,0x00,0x00,0x00,0x00,0x00,0x00,0x00,0x00,0x00,0x10,0x00,0x00,0x00,0x00,0x00,0x00,0x00,0x00,0x00,0x00,0x00,0x00,0x00,0x00,0x00,0x00,0x00,0x00,0x00,0x00,
    0x00,0x00,0x00,0x00,0x00,0x00,0x00,0x00,0x00,0x00,0x00,0x02,0x02,0x00,0x00,0x00,0x00,0x00,0x00,0x00,0x00,0x00,0x00,0x00,0x00,0x00,0x00,0x00,0x00,0x00,0x00,0x00,
    0x00,0x00,0x00,0x00,0x00,0x00,0x00,0x00,0x00,0x00,0x01,0x01,0x01,0x01,0x01,0x01,0x01,0x01,0x01,0x01,0x01,0x01,0x01,0x23,0x01,0x23,0x01,0x62,0x40,0x62,0x40,0xe0,
    0x40,0xe2,0x71,0xf9,0xd1,0xfb,0x71,0xfb,0xd1,0xf3,0x73,0xf3,0xd1,0xe3,0x67,0xef,0xc5,0xef,0x77,0xff,0xdd,0xff,0x57,0xff,0xdd,0xbf,0x37,0xff,0xdd,0xff,0x77,0xff
  },
  { // 98
    0x00,0x00,0x00,0x00,0x00,0x00,0x00,0x00,0x00,0x00,0x00,0x00,0x00,0x00,0x00,0x00,0x00,0x00,0x00,0x00,0x00,0x00,0x00,0x00,0x00,0x00,0x00,0x00,0x00,0x00,0x00,0x00,
    0x00,0x00,0x00,0x00,0x00,0x00,0x00,0x00,0x00,0x00,0x00,0x00,0x00,0x00,0x00,0x00,0x00,0x00,0x00,0x00,0x00,0x00,0x00,0x00,0x00,0x00,0x00,0x00,0x00,0x00,0x00,0x00,
    0x00,0x00,0x00,0x00,0x00,0x02,0x00,0x40,0x00,0x40,0x80,0x60,0x80,0x00,0x80,0x00,0x82,0x00,0x82,0x00,0x82,0x04,0x86,0x04,0x8e,0x05,0x8e,0x05,0x8f,0x05,0x8f,0x0d,
    0x8f,0x17,0x9f,0x1d,0xbf,0x17,0xfe,0x5c,0xfe,0x74,0xfe,0xdc,0xfe,0x75,0xff,0xdd,0xff,0x77,0xff,0xdd,0xfb,0x73,0xff,0xd5,0xff,0x77,0xff,0xdd,0xff,0x77,0xff,0xdd,
    0x08,0x10,0x00,0x00,0x00,0x00,0x00,0x02,0x00,0x00,0x0c,0x04,0x08,0x04,0x08,0x04,0x0a,0x00,0x0a,0x14,0x1a,0x14,0x1e,0x1c,0x3e,0x14,0x3e,0x9c,0x3e,0x94,0x2c,0x1c,
    0x38,0x14,0x38,0x1c,0x38,0x10,0x3e,0x10,0x3a,0x10,0x22,0x00,0x22,0x06,0x2e,0x04,0x2e,0x06,0x2e,0x0c,0x0e,0x17,0x1e,0x1c,0x1e,0x17,0x3e,0x1d,0x3e,0x37,0x3e,0x5c,
    0x3e,0x76,0x7e,0x5c,0x7e,0x74,0xfe,0x5c,0xfe,0x75,0xff,0xfd,0xfb,0x77,0xfb,0xd5,0xbb,0x17,0xbf,0x55,0xbf,0x77,0xff,0x5d,0xff,0x77,0xff,0x5d,0xff,0x57,0xff,0xdd,
    0xff,0x77,0xff,0xdf,0xff,0x77,0xff,0xdf,0xff,0x77,0xfe,0xd5,0xff,0x77,0xff,0xdd,0xff,0x77,0xff,0xdd,0xff,0x57,0xff,0xdd,0xbf,0x77,0xff,0xdd,0xff,0x77,0xff,0x5d,
    0x20,0x11,0x20,0x00,0x20,0x00,0x20,0x00,0x20,0x00,0x28,0x00,0x28,0x00,0x08,0x00,0x08,0x10,0x08,0x18,0x38,0x10,0x38,0x18,0x38,0x30,0x38,0x50,0x38,0x70,0x78,0x50,
    0x68,0x70,0x68,0x58,0x78,0x50,0x78,0x70,0x38,0x30,0x28,0x30,0x30,0x14,0x3e,0x14,0x3e,0x74,0x7e,0x5c,0x3e,0x54,0x7c,0x5c,0x3c,0x54,0xfc,0x5c,0xfe,0x74,0xfe,0x5c,
    0xfa,0x70,0xfa,0x54,0xf2,0x74,0xfe,0xd4,0xfe,0x74,0xfe,0xdd,0xff,0x55,0xff,0xdd,0x9f,0x17,0xbf,0x9d,0xbf,0x37,0xff,0xdd,0xff,0x77,0xfe,0x5c,0x7e,0x74,0xfe,0xdc,
    0xfe,0x75,0xff,0xdd,0xff,0x77,0xfb,0xd9,0xfb,0x73,0xfb,0xd5,0xff,0x77,0xff,0xdf,0xff,0x77,0xff,0xdf,0xff,0x57,0xdf,0xdd,0xff,0x77,0xff,0xdd,0xff,0x77,0xff,0xdd,
    0x00,0x00,0x00,0x00,0x00,0x00,0x00,0x00,0x00,0x00,0x00,0x00,0x00,0x00,0x00,0x00,0x00,0x00,0x00,0x00,0x00,0x00,0x00,0x00,0x00,0x00,0x00,0x00,0x00,0x00,0x00,0x00,
    0x00,0x00,0x00,0x00,0x00,0x04,0x00,0x00,0x00,0x00,0x00,0x00,0x00,0x00,0x00,0x00,0x00,0x00,0x00,0x00,0x00,0x00,0x00,0x00,0x00,0x00,0x00,0x00,0x00,0x00,0x00,0x00,
    0x00,0x00,0x00,0x00,0x00,0x00,0x00,0x00,0x00,0x10,0x00,0x00,0x00,0x00,0x00,0x01,0x00,0x00,0x00,0x01,0x01,0x11,0x21,0x11,0x31,0x31,0x30,0x50,0x30,0x70,0xe0,0x50,
    0xf0,0x70,0xf8,0xd1,0xf9,0x71,0xf9,0xd1,0xfb,0x51,0xfb,0xd1,0xfb,0x77,0xff,0xdd,0xff,0x77,0xff,0x5d,0xff,0x77,0xff,0xdd,0xff,0x77,0xff,0xdd,0xff,0x77,0xff,0xdd
  },
  { // 99
    0x00,0x00,0x00,0x00,0x00,0x00,0x00,0x00,0x00,0x00,0x00,0x00,0x00,0x00,0x00,0x00,0x00,0x00,0x00,0x00,0x00,0x00,0x00,0x00,0x00,0x00,0x00,0x00,0x00,0x00,0x00,0x00,
    0x00,0x00,0x00,0x00,0x00,0x00,0x00,0x00,0x00,0x00,0x00,0x00,0x00,0x00,0x00,0x00,0x00,0x00,0x00,0x00,0x00,0x00,0x00,0x00,0x00,0x00,0x00,0x00,0x00,0x00,0x00,0x00,
    0x00,0x01,0x40,0x80,0x00,0xa0,0x00,0x80,0x80,0x80,0x00,0x80,0x80,0xc0,0x00,0xc0,0x80,0xc2,0x00,0x82,0x80,0x82,0x00,0x82,0x04,0x02,0x04,0x86,0x44,0x86,0x45,0xde,
    0xd5,0xcf,0x45,0xcb,0xc5,0xea,0x41,0xea,0xd2,0xe2,0x77,0xef,0xd5,0xef,0x77,0xef,0xcd,0xef,0x47,0xcf,0xdf,0xdf,0x57,0xff,0xdd,0xff,0x77,0xff,0xdd,0xff,0x77,0xff,
    0x00,0x00,0x00,0x00,0x00,0x02,0x00,0x02,0x04,0x06,0x04,0x0e,0x04,0x0e,0x04,0x0e,0x04,0x0e,0x04,0x0e,0x1c,0x0e,0x14,0x0e,0x14,0x0a,0x10,0x0a,0x04,0x0a,0x14,0x0e,
    0x24,0x0e,0x04,0x0e,0x04,0x0a,0x01,0x0a,0x01,0x0b,0x03,0x0f,0x15,0x1f,0x17,0x1f,0x1d,0x0e,0x17,0x0e,0x0c,0x0e,0x16,0x3e,0x1d,0x3e,0x15,0x3f,0x1d,0x3f,0x15,0x7a,
    0x19,0x3a,0x31,0x3a,0x15,0x3f,0x37,0xff,0x5d,0xaf,0x47,0xef,0x4d,0x8f,0x07,0x8f,0x1d,0xbf,0x17,0xbf,0x1d,0xbf,0x37,0x3f,0x1d,0x3f,0x37,0x7e,0x5c,0xfe,0x77,0xff,
    0xdd,0xff,0x75,0xff,0xdd,0xfb,0x71,0xfb,0xd9,0xff,0x77,0xff,0xdd,0xff,0x77,0xff,0xdd,0xef,0x47,0xef,0xdd,0xff,0x57,0xff,0xdd,0xff,0x77,0xff,0xdd,0xff,0x77,0xff,
    0x00,0x02,0x00,0x08,0x00,0x08,0x10,0x08,0x14,0x38,0x14,0x2c,0x14,0x2c,0x04,0x2c,0x1c,0x3c,0x14,0x3c,0x1c,0x38,0x14,0x38,0x18,0x39,0x10,0x38,0x10,0x30,0x30,0x3a,
    0x14,0x2e,0x34,0x2e,0x04,0x2e,0x04,0x0e,0x0c,0x0e,0x14,0x1e,0x1c,0x3e,0x16,0x3e,0x1c,0x3e,0x36,0x3e,0x3c,0x3e,0x74,0x7e,0x5c,0x7e,0x74,0x7e,0x5c,0x7c,0x78,0xf8,
    0x58,0x7a,0x71,0xfb,0x55,0xfb,0x77,0xff,0x55,0xff,0x77,0xef,0x4d,0x6f,0x47,0xef,0x5d,0xff,0x57,0xff,0x5d,0xff,0x77,0xff,0x5d,0x3f,0x77,0xfe,0x5c,0xfe,0x76,0xfe,
    0xdd,0xff,0x75,0xff,0xdd,0xff,0x75,0xfb,0xdd,0xfb,0x77,0xff,0xdd,0xff,0x77,0xff,0xdd,0xff,0x77,0xff,0x5d,0xff,0x77,0xff,0xdd,0xff,0x77,0xff,0xdd,0xff,0x77,0xff,
    0x40,0x00,0x00,0x00,0x00,0x00,0x00,0x00,0x00,0x00,0x00,0x00,0x00,0x00,0x00,0x00,0x00,0x00,0x00,0x00,0x00,0x00,0x00,0x00,0x00,0x00,0x00,0x00,0x00,0x04,0x00,0x00,
    0x00,0x00,0x00,0x00,0x01,0x00,0x00,0x00,0x00,0x00,0x00,0x00,0x00,0x00,0x00,0x00,0x00,0x00,0x00,0x00,0x00,0x00,0x00,0x00,0x00,0x00,0x00,0x00,0x00,0x00,0x00,0x00,
    0x00,0x00,0x00,0x00,0x00,0x00,0x00,0x00,0x00,0x20,0x00,0x00,0x00,0x20,0x00,0x20,0x00,0x28,0x10,0x78,0x50,0x38,0x50,0x78,0x50,0x38,0x71,0xf8,0x50,0xf0,0x70,0xf8,
    0x50,0xf8,0x71,0xe8,0xc5,0xe9,0x45,0xef,0xcd,0xef,0x57,0xff,0xdf,0xff,0x77,0xbf,0x9d,0xbf,0x37,0x3f,0x5f,0x7f,0x77,0xff,0xdd,0xff,0x77,0xff,0xdd,0xff,0x75,0xff
  },
  { // 100
    0x00,0x00,0x00,0x00,0x00,0x00,0x00,0x00,0x00,0x00,0x00,0x00,0x00,0x00,0x00,0x00,0x00,0x00,0x00,0x00,0x00,0x00,0x00,0x00,0x00,0x00,0x00,0x00,0x00,0x00,0x00,0x00,
    0x00,0x00,0x00,0x00,0x00,0x00,0x00,0x00,0x00,0x80,0x00,0x00,0x00,0x00,0x00,0x00,0x00,0x00,0x00,0x00,0x00,0x00,0x00,0x00,0x00,0x80,0x80,0x80,0x00,0x80,0x01,0xa0,
    0x00,0x80,0x00,0x80,0x00,0x80,0x80,0xc0,0x00,0xc0,0x80,0xc0,0x00,0x80,0x80,0x80,0x00,0x80,0x80,0x80,0x00,0x80,0x00,0x02,0x20,0x22,0x40,0xc2,0x40,0xc2,0xc4,0xe2,
    0x40,0xe0,0xc2,0xe0,0x41,0xe0,0xc1,0xe3,0x63,0xeb,0xd5,0xe3,0x77,0xe7,0xc5,0xe7,0x47,0xef,0xcd,0xef,0x57,0xff,0xdd,0xff,0x77,0xff,0xdd,0xbf,0x37,0xbf,0x5d,0xff,
    0x00,0x00,0x00,0x02,0x00,0x02,0x00,0x02,0x00,0x02,0x04,0x02,0x04,0x0e,0x04,0x0e,0x04,0x0e,0x04,0x0e,0x04,0x08,0x00,0x28,0x00,0x08,0x00,0x12,0x00,0x02,0x04,0x02,
    0x04,0x06,0x04,0x02,0x05,0x0e,0x05,0x0f,0x05,0x0f,0x0d,0x0f,0x17,0x1f,0x1d,0x0f,0x17,0x0e,0x14,0x0e,0x16,0x0e,0x1c,0x1e,0x16,0x3e,0x1c,0x1e,0x15,0x98,0x19,0x99,
    0x11,0x9b,0x11,0xbb,0x17,0xbf,0x15,0xaf,0x07,0xaf,0x05,0x2f,0x07,0x8f,0x0d,0x9f,0x17,0xbf,0x9d,0xbf,0x17,0xbf,0x1d,0xbf,0x37,0xbf,0x5d,0xff,0x77,0xff,0xdd,0xff,
    0x77,0xff,0xdf,0xff,0x77,0xff,0xdf,0xfb,0x77,0xff,0xdd,0xff,0x77,0xff,0xdd,0xbf,0x77,0xff,0x5d,0xff,0x77,0xff,0xdd,0xff,0x77,0xff,0xdd,0xff,0x77,0xff,0xdd,0xff,
    0x00,0x08,0x04,0x0a,0x04,0x0e,0x1c,0x1e,0x14,0x1e,0x1c,0x1a,0x14,0x1e,0x14,0x3e,0x14,0x3e,0x1c,0x3e,0x14,0x3c,0x1d,0x38,0x10,0x18,0x10,0x38,0x10,0x3a,0x14,0x3a,
    0x16,0x2e,0x04,0x26,0x06,0x0e,0x04,0x0e,0x06,0x0e,0x1d,0x3e,0x17,0x3e,0x1d,0x3e,0x17,0x3e,0x1c,0x3e,0x36,0x3e,0x1c,0x3e,0x76,0x7e,0xfc,0x7e,0x74,0x6c,0x7d,0x69,
    0x51,0x7b,0x5d,0x3f,0x57,0x3f,0x5d,0x3f,0x37,0x3f,0x15,0x3f,0x37,0x3f,0x5d,0x7f,0x77,0x7f,0x5d,0x7f,0x77,0xff,0x5d,0xff,0x75,0xff,0x5d,0xff,0x77,0xff,0xdd,0xff,
    0x77,0xff,0xd5,0xef,0x67,0xef,0xcd,0xff,0x57,0xff,0xdd,0xff,0x77,0xff,0xdd,0xbf,0x37,0xbf,0x5d,0x7f,0x77,0xff,0xdd,0xff,0x77,0xff,0xdd,0xff,0x75,0xfd,0xdd,0xff,
    0x00,0x00,0x00,0x00,0x00,0x00,0x00,0x00,0x00,0x00,0x00,0x00,0x00,0x00,0x00,0x00,0x00,0x00,0x00,0x00,0x00,0x00,0x02,0x00,0x00,0x00,0x00,0x00,0x00,0x00,0x00,0x00,
    0x00,0x01,0x00,0x00,0x00,0x00,0x00,0x00,0x00,0x00,0x00,0x00,0x00,0x00,0x00,0x00,0x00,0x00,0x00,0x00,0x00,0x00,0x00,0x00,0x00,0x00,0x00,0x00,0x00,0x00,0x00,0x00,
    0x00,0x00,0x00,0x00,0x00,0x00,0x00,0x00,0x10,0x08,0x10,0x20,0x10,0x38,0x10,0x38,0x30,0x38,0x58,0x38,0x70,0x7a,0x58,0x78,0x50,0x78,0x58,0x78,0x70,0xf8,0x50,0xfa,
    0x71,0xfa,0x55,0xe2,0x65,0xee,0x45,0xef,0x57,0xff,0xdd,0xff,0x57,0xff,0xdd,0xbf,0x37,0xbf,0x5d,0xff,0x77,0xff,0xdd,0xff,0x77,0xfe,0xdd,0xfe,0x75,0xff,0xdd,0xff
  },
  { // 101
    0x00,0x00,0x00,0x00,0x00,0x00,0x00,0x00,0x00,0x00,0x00,0x00,0x00,0x00,0x00,0x00,0x00,0x00,0x00,0x00,0x00,0x00,0x00,0x00,0x00,0x00,0x00,0x00,0x00,0x00,0x00,0x00,
    0x00,0x00,0x00,0x00,0x00,0x00,0x00,0x80,0x00,0x80,0x00,0x80,0x00,0x00,0x00,0x00,0x00,0x00,0x00,0x00,0x00,0x00,0x00,0x80,0x10,0x81,0x00,0x80,0x80,0x80,0x00,0x80,
    0xa0,0x80,0x20,0x80,0xa0,0x80,0x00,0x80,0x00,0x80,0x00,0x80,0xc0,0x80,0xc0,0xc0,0xc0,0x80,0x00,0x80,0x80,0x80,0x00,0x80,0xc0,0xe0,0x40,0xe4,0xc0,0xe0,0x60,0xe0,
    0xc0,0xe0,0x40,0xe0,0xc1,0xe1,0x41,0xe3,0xc1,0xe3,0x53,0xe3,0xc5,0xa3,0x17,0xaf,0xd5,0xff,0x77,0xff,0xdd,0xff,0x77,0xff,0xdd,0xff,0x77,0xff,0xdd,0xff,0x77,0xff,
    0x00,0x02,0x00,0x02,0x00,0x02,0x00,0x02,0x00,0x02,0x00,0x02,0x00,0x02,0x04,0x06,0x04,0x02,0x04,0x80,0x08,0x00,0x00,0x00,0x00,0x00,0x01,0x03,0x01,0x03,0x03,0x03,
    0x01,0x03,0x03,0x06,0x05,0x47,0x07,0x0f,0x05,0x0f,0x07,0x0f,0x4d,0x0f,0x05,0x0f,0x0d,0x0b,0x17,0x0f,0x1f,0x0e,0x17,0x8e,0x04,0x4e,0x04,0x8e,0x04,0x8a,0x07,0x8f,
    0x8d,0x8f,0x17,0x8f,0x9d,0x8f,0x17,0x8f,0x05,0x0f,0x17,0x8f,0x1d,0x3f,0x17,0xbf,0x5d,0xbf,0x17,0xbf,0x5d,0xbf,0x55,0xff,0xdd,0xff,0x77,0xff,0xdd,0xff,0x77,0xff,
    0xd5,0xe7,0x67,0xef,0xcd,0xef,0x77,0xff,0xdd,0xff,0x57,0xff,0xdd,0xbf,0x17,0xbf,0x9d,0xbf,0x77,0xff,0xdd,0xff,0x77,0xff,0xdd,0xfe,0xf5,0xfe,0xdd,0xff,0x75,0xff,
    0x04,0x0e,0x04,0x0e,0x0c,0x0e,0x04,0x0e,0x1c,0x0a,0x10,0x1a,0x1c,0x1a,0x14,0x1e,0x14,0x1b,0x14,0x0e,0x04,0x02,0x04,0x08,0x04,0x0a,0x05,0x0f,0x1d,0x8f,0x17,0x0f,
    0x15,0x0b,0x17,0x0f,0x55,0x3f,0x57,0x3e,0x5d,0x3e,0x16,0x3e,0x1c,0x3e,0x14,0x3c,0x3c,0x3e,0x15,0x7f,0x1d,0x7b,0x37,0x7f,0x15,0x33,0x37,0x26,0x05,0x27,0x07,0x2f,
    0x4d,0x2f,0x17,0x3f,0x1d,0x1f,0x17,0x1f,0x1d,0x3f,0x17,0x3f,0x1d,0x3f,0x37,0x7f,0x5d,0x7e,0x76,0x7e,0x5c,0x7e,0x75,0xfd,0x5d,0xff,0x77,0xff,0xdd,0xfb,0x77,0xff,
    0x55,0xf7,0x77,0xff,0x57,0xff,0x77,0xff,0xdd,0xff,0x77,0xff,0xdf,0xbf,0x57,0xbf,0xdd,0xff,0x77,0xff,0xdd,0xff,0x77,0xff,0xdd,0xfe,0x76,0xfe,0xdd,0xff,0x77,0xff,
    0x00,0x00,0x00,0x00,0x00,0x00,0x00,0x00,0x00,0x00,0x00,0x00,0x00,0x00,0x00,0x00,0x00,0x00,0x00,0x00,0x00,0x00,0x00,0x00,0x00,0x00,0x00,0x00,0x00,0x00,0x00,0x00,
    0x00,0x00,0x00,0x00,0x00,0x00,0x00,0x00,0x00,0x00,0x00,0x00,0x00,0x00,0x00,0x00,0x00,0x01,0x00,0x00,0x00,0x00,0x00,0x00,0x00,0x02,0x00,0x00,0x00,0x00,0x00,0x00,
    0x00,0x00,0x00,0x08,0x04,0x08,0x00,0x08,0x10,0x18,0x10,0x38,0x18,0x38,0x30,0x3a,0x10,0x38,0x30,0x38,0x50,0x28,0x70,0x68,0x54,0x78,0x74,0x7c,0x5c,0x7a,0x51,0xba,
    0x15,0x3b,0x17,0xbf,0x1d,0x3f,0x77,0xff,0x5d,0x7f,0x77,0xfe,0x5d,0xff,0x75,0xfe,0xdd,0xff,0x77,0xff,0xdd,0xff,0x77,0xff,0xdd,0xff,0x77,0xff,0xd5,0xff,0x77,0xff
  },
  { // 102
    0x00,0x00,0x00,0x00,0x00,0x00,0x00,0x00,0x00,0x00,0x00,0x00,0x00,0x00,0x00,0x00,0x00,0x00,0x00,0x00,0x00,0x00,0x00,0x00,0x00,0x80,0x00,0x80,0x00,0x80,0x00,0x00,
    0x00,0x00,0x00,0x00,0x00,0x80,0x00,0x00,0x00,0x80,0x00,0x00,0x00,0x80,0x00,0x80,0x00,0x80,0x08,0x80,0x00,0x80,0x00,0x80,0x00,0x80,0x00,0x80,0x00,0x90,0xc0,0x80,
    0x40,0x80,0xc0,0x80,0x00,0x80,0x80,0x80,0xc0,0x80,0x40,0x80,0x40,0x80,0x40,0x80,0x40,0xc0,0x40,0xc0,0x40,0xc0,0xc8,0xe0,0x40,0xe0,0xc0,0xe0,0x60,0xe0,0xc0,0xe0,
    0x60,0xe0,0xc0,0xe2,0x61,0xe3,0xc1,0xe3,0x41,0xc3,0xc1,0x83,0x13,0xbf,0x95,0xbf,0x77,0xff,0xdd,0xff,0x77,0xff,0x5c,0xfe,0x76,0xfe,0xdd,0xff,0x75,0xff,0xdd,0xff,
    0x00,0x02,0x00,0x02,0x00,0x00,0x00,0x00,0x00,0x00,0x00,0x42,0x00,0x02,0x80,0x06,0x00,0x02,0x00,0x00,0x00,0x00,0x00,0x00,0x01,0x02,0x01,0x03,0x01,0x03,0x81,0x03,
    0x03,0x03,0x05,0x03,0x07,0x0f,0x05,0x8f,0x07,0x0e,0x04,0x0e,0x14,0x0e,0x04,0x0e,0x05,0x8f,0x0d,0x8b,0x81,0x8b,0x01,0x83,0x01,0x83,0x05,0x83,0x07,0x8f,0x85,0x8f,
    0x07,0x8f,0x8d,0x8f,0x07,0x8f,0x0d,0x8f,0x17,0x9f,0x1d,0xbf,0x17,0xbf,0x1f,0x3f,0x16,0xbe,0x5c,0xfe,0x54,0xfe,0xdd,0xff,0x75,0xff,0xdd,0xfb,0x73,0xfb,0xd1,0xf3,
    0x77,0xff,0xd5,0xff,0x77,0xff,0xdd,0xef,0x57,0xef,0xdd,0xdf,0x57,0xff,0xdd,0xff,0x77,0xff,0xdd,0xff,0xf7,0xff,0xdd,0xfe,0x76,0xfe,0xdc,0xff,0x77,0xff,0xdd,0xff,
    0x06,0x0e,0x04,0x0e,0x04,0x0e,0x0c,0x0c,0x04,0x0c,0x1c,0x18,0x14,0x1a,0x18,0x1a,0x10,0x0a,0x00,0x02,0x00,0x02,0x04,0x06,0x07,0x0e,0x8d,0x0f,0x07,0x0f,0x0d,0x0f,
    0x17,0x0f,0x1d,0x1f,0x17,0x1f,0x1d,0x3f,0x17,0x3e,0x3c,0x3e,0x34,0x3e,0x3c,0x3e,0x34,0x3e,0x1d,0x3f,0x15,0x3b,0x19,0x3b,0x13,0x3b,0x15,0x33,0x17,0x2f,0x15,0x3f,
    0x17,0x2f,0x1d,0x2f,0x17,0x0f,0x1d,0x1f,0x17,0x3f,0x1d,0x3f,0x37,0x3f,0x1d,0x3f,0x37,0x7e,0x5c,0x7e,0x76,0x7e,0x5d,0x7f,0x7f,0xff,0x5d,0xff,0x57,0xff,0x5f,0xbb,
    0x17,0xbf,0x5d,0xbf,0x77,0xff,0x5d,0xff,0x77,0xff,0xdd,0xff,0x77,0xff,0xdd,0xff,0x77,0xff,0xdd,0xff,0x77,0xff,0xdd,0xfb,0x77,0xff,0xd5,0xff,0x77,0xff,0xdd,0xff,
    0x00,0x00,0x00,0x00,0x00,0x00,0x00,0x00,0x00,0x00,0x00,0x00,0x00,0x00,0x00,0x00,0x00,0x00,0x00,0x00,0x00,0x00,0x00,0x00,0x00,0x00,0x00,0x00,0x00,0x00,0x00,0x00,
    0x00,0x00,0x00,0x00,0x00,0x00,0x00,0x00,0x00,0x00,0x02,0x00,0x00,0x00,0x00,0x00,0x00,0x00,0x00,0x00,0x02,0x00,0x00,0x00,0x00,0x00,0x00,0x00,0x00,0x00,0x00,0x08,
    0x00,0x08,0x00,0x08,0x00,0x08,0x00,0x88,0x10,0x38,0x1c,0x38,0x10,0x38,0x18,0x38,0x30,0x38,0x10,0x30,0x30,0x30,0x54,0x6e,0x74,0x6e,0x4c,0x6e,0x44,0x4e,0x4c,0x0e,
    0x15,0x1f,0x1d,0x3f,0x37,0xbf,0x5d,0x3f,0x77,0x7e,0x5c,0x7e,0x76,0xfe,0x5c,0xfe,0x75,0xff,0xdd,0xff,0x75,0xff,0xd9,0xfb,0x73,0xfb,0xd5,0xff,0x77,0xff,0xdd,0xff
  },
  { // 103
    0x00,0x00,0x00,0x00,0x00,0x00,0x00,0x00,0x00,0x00,0x00,0x00,0x00,0x00,0x00,0x00,0x00,0x00,0x00,0x00,0x00,0x00,0x00,0x80,0x00,0x00,0x00,0x80,0x00,0x00,0x00,0x80,
    0x00,0x00,0x00,0x80,0x00,0x00,0x00,0x00,0x00,0x00,0x00,0x84,0x00,0x00,0x00,0x80,0x80,0x80,0x80,0x80,0x80,0x80,0x00,0x80,0x88,0x80,0x00,0x80,0xc0,0x80,0xc0,0x80,
    0xc0,0xa0,0x00,0xa0,0x80,0xa0,0x00,0x80,0x80,0x80,0x00,0x80,0x00,0x00,0x00,0x10,0x40,0xc0,0x40,0xe0,0xc0,0xe0,0x40,0xe0,0xc0,0xe0,0x40,0xe0,0xc0,0xe0,0x40,0xe0,
    0xc1,0xe3,0x61,0xe3,0xc1,0xe3,0x41,0xe3,0xc5,0xe3,0x45,0xef,0xdd,0xff,0x77,0xff,0xdd,0xff,0x77,0xff,0xdd,0xfe,0x7f,0xfe,0xdd,0xff,0x77,0xff,0xdd,0xff,0x77,0xff,
    0x00,0x02,0x00,0x00,0x00,0x00,0x00,0x00,0x00,0x00,0x00,0x00,0x00,0x00,0x00,0x00,0x00,0x00,0x00,0x02,0x00,0x02,0x01,0x02,0x05,0x02,0x05,0x02,0x05,0x03,0x05,0x03,
    0x05,0x03,0x07,0x0f,0x05,0x1f,0x07,0x0e,0x04,0x06,0x04,0x0e,0x04,0x0e,0x04,0x8e,0x05,0x8f,0x05,0x89,0x81,0x8b,0x01,0x8b,0x81,0x83,0x03,0x8f,0x05,0x8f,0x07,0x8f,
    0x05,0x0f,0x07,0x8f,0x0d,0x8f,0x07,0x8f,0x9d,0x9f,0x17,0x9f,0x9d,0xbf,0x37,0xbe,0x7c,0xbe,0x77,0xfe,0xdd,0xff,0x77,0xff,0xdd,0xef,0x45,0xef,0xcd,0xcb,0x57,0xff,
    0xdd,0xbf,0x77,0xff,0xdd,0xbf,0x37,0xbf,0x5d,0x7f,0x77,0xff,0xdd,0xff,0x77,0xff,0xdd,0xff,0x77,0xff,0xdd,0xfb,0x73,0xff,0xdd,0xff,0x77,0xff,0xdd,0xff,0x77,0xef,
    0x0c,0x0e,0x04,0x0e,0x04,0x0a,0x04,0x0e,0x04,0x0e,0x04,0x0c,0x0c,0x08,0x00,0x08,0x01,0x02,0x01,0x0b,0x05,0x0b,0x17,0x0f,0x05,0x0f,0x07,0x0e,0x04,0x0e,0x06,0x0e,
    0x1d,0x1f,0x17,0x1f,0x1d,0x1f,0x57,0x3e,0x5c,0x3a,0x50,0x3e,0x14,0x3e,0x17,0x3e,0x1d,0x3f,0x15,0x6f,0x0d,0x4f,0x05,0x4f,0x1d,0x1f,0x17,0x3f,0x1d,0x3f,0x17,0x3f,
    0x1d,0x3f,0x17,0x3e,0x1d,0x3e,0x37,0x3f,0x5d,0x3f,0x77,0x3f,0x5d,0x3f,0x31,0x3b,0x59,0x3b,0x73,0x7f,0x55,0x7f,0x77,0x7f,0x5d,0x6f,0x67,0xef,0x4d,0xef,0x57,0xff,
    0x5d,0xbf,0x77,0xbf,0x5d,0xbf,0x37,0x3f,0x7d,0x3f,0x77,0xfe,0x5d,0xff,0x77,0xff,0xdd,0xff,0x75,0xff,0xdd,0xfb,0x71,0xfb,0xdd,0xff,0x77,0xff,0xdd,0xff,0x77,0xff,
    0x00,0x00,0x00,0x00,0x00,0x00,0x00,0x00,0x00,0x00,0x00,0x00,0x00,0x00,0x00,0x00,0x00,0x00,0x00,0x00,0x00,0x00,0x00,0x00,0x00,0x00,0x00,0x00,0x00,0x00,0x00,0x00,
    0x00,0x01,0x00,0x00,0x08,0x00,0x00,0x00,0x00,0x00,0x00,0x00,0x00,0x00,0x02,0x00,0x00,0x00,0x00,0x00,0x00,0x00,0x00,0x00,0x08,0x00,0x00,0x08,0x00,0x08,0x10,0x08,
    0x90,0x08,0x10,0x0c,0x10,0x38,0x10,0x38,0x14,0x38,0x10,0x38,0x18,0x38,0x10,0x28,0x10,0x38,0x10,0x38,0x10,0x3a,0x34,0x3e,0x14,0x2e,0x0c,0x2e,0x04,0x2e,0x14,0x7e,
    0x5c,0x7e,0x77,0xff,0x5d,0x3f,0x37,0xbe,0x5d,0x3e,0x76,0xfe,0x5c,0xfe,0x77,0xfe,0xdd,0xff,0x75,0xff,0xdd,0xff,0x75,0xff,0xdd,0xff,0x77,0xff,0xdd,0xff,0x77,0xff
  },
  { // 104
    0x00,0x00,0x00,0x00,0x00,0x00,0x00,0x00,0x00,0x00,0x00,0x00,0x00,0x00,0x00,0x00,0x00,0x00,0x00,0x00,0x00,0x00,0x00,0x00,0x00,0x00,0x00,0x00,0x00,0x00,0x00,0x00,
    0x00,0x80,0x00,0x00,0x00,0x00,0x00,0x80,0x00,0x00,0x00,0x00,0x80,0x80,0x01,0x80,0x00,0x80,0x80,0x80,0x08,0x80,0x80,0x80,0x00,0x80,0x80,0x80,0x00,0x80,0x00,0x80,
    0x00,0x80,0x80,0x80,0x00,0x80,0xc0,0x80,0x40,0x80,0xe0,0x80,0x40,0x80,0x00,0x80,0x40,0xc0,0xc0,0xe0,0x41,0xe0,0xc0,0xe0,0x40,0xc0,0xc0,0xc0,0x40,0xc0,0xc1,0xe3,
    0x41,0xe3,0xc1,0xa3,0x03,0xa3,0x41,0x22,0x67,0xee,0x55,0xff,0x77,0xff,0xdd,0xff,0x75,0xff,0xdd,0xfb,0x71,0xfb,0xdd,0xff,0x77,0xff,0xdd,0xff,0x77,0xff,0xd5,0xef,
    0x00,0x00,0x00,0x04,0x00,0x00,0x40,0x00,0x00,0x00,0x00,0x00,0x00,0x00,0x00,0x00,0x00,0x00,0x01,0x03,0x01,0x03,0x01,0x03,0x43,0x0e,0x04,0x06,0x04,0x06,0x05,0x2e,
    0x05,0x0f,0x05,0x0f,0x05,0x0a,0x04,0x0a,0x00,0x0a,0x04,0x02,0x06,0x8e,0x04,0x06,0x05,0x8e,0x05,0x83,0x01,0x8b,0x05,0x8b,0x07,0x8f,0x85,0x8f,0x07,0x8f,0x05,0x0f,
    0x07,0x0f,0x0d,0x0f,0x17,0x8f,0x1d,0x9f,0x17,0x9f,0x9d,0x9f,0x15,0x9b,0x99,0xbb,0x53,0xfb,0xdd,0xff,0x77,0xff,0xf5,0xef,0x67,0xef,0xe5,0xef,0x47,0xcf,0xdd,0xff,
    0x57,0xff,0xdd,0xbf,0x17,0xbf,0x1d,0x3f,0x77,0xff,0x5d,0xff,0x77,0xff,0xdd,0xff,0x75,0xff,0xdd,0xfd,0x75,0xfb,0xdd,0xfb,0x77,0xff,0xdd,0xff,0x77,0xff,0xd5,0xef,
    0x10,0x08,0x10,0x0a,0x10,0x0a,0x14,0x0a,0x04,0x0e,0x04,0x02,0x04,0x08,0x04,0x0b,0x01,0x0a,0x0d,0x2f,0x17,0x0f,0x1d,0x0f,0x17,0x0e,0x14,0x0e,0x16,0x0e,0x1c,0x1e,
    0x16,0x3e,0x1c,0x3e,0x14,0x1c,0x1c,0x38,0x11,0x3a,0x19,0x3b,0x33,0x3f,0x35,0x3f,0x37,0x2f,0x05,0x27,0x07,0x0f,0x0d,0x0f,0x17,0x1f,0x1d,0x3f,0x17,0x3f,0x1d,0x3f,
    0x17,0x3f,0x1d,0x3f,0x37,0x3e,0x5d,0x3e,0x77,0x7e,0x5c,0x7c,0x75,0x7d,0x5d,0x7b,0x79,0x7b,0x5d,0x7f,0x77,0x7f,0x55,0x3f,0x77,0x2f,0x45,0x2f,0x77,0xff,0x5d,0xff,
    0x77,0xff,0x5d,0xff,0x77,0xbf,0x5d,0xbf,0x77,0xff,0xdd,0xff,0x77,0xff,0xdd,0xff,0x77,0xff,0xdd,0xff,0x75,0xff,0xdd,0xff,0x77,0xff,0xdd,0xff,0x77,0xff,0xdd,0xbf,
    0x00,0x00,0x00,0x00,0x00,0x00,0x00,0x00,0x00,0x00,0x00,0x00,0x00,0x00,0x00,0x00,0x00,0x00,0x00,0x00,0x00,0x00,0x00,0x00,0x00,0x00,0x00,0x00,0x10,0x00,0x00,0x00,
    0x00,0x00,0x00,0x00,0x00,0x00,0x00,0x00,0x00,0x00,0x00,0x00,0x00,0x00,0x00,0x00,0x00,0x00,0x00,0x00,0x00,0x00,0x00,0x00,0x00,0x08,0x40,0x08,0x00,0x08,0x00,0x08,
    0x10,0x08,0x10,0x38,0x10,0x38,0x10,0x38,0x30,0x28,0x00,0x20,0x00,0x28,0x00,0x28,0x00,0x28,0x18,0x38,0x10,0x3a,0x14,0x3a,0x14,0x3e,0x14,0x3e,0x36,0x3e,0x5c,0x7e,
    0x76,0x7e,0x5c,0x7e,0x74,0xfc,0x5c,0xf8,0x75,0xff,0xdd,0xfb,0x77,0xff,0xdd,0xff,0x77,0xff,0xd5,0xef,0x67,0xef,0xdd,0xff,0x77,0xff,0xdd,0xff,0x57,0xff,0x9d,0xbf
  },
  { // 105
    0x00,0x00,0x00,0x00,0x00,0x00,0x00,0x00,0x00,0x00,0x00,0x00,0x00,0x00,0x00,0x00,0x00,0x00,0x00,0x00,0x00,0x00,0x00,0x00,0x00,0x00,0x00,0x00,0x00,0x00,0x00,0x00,
    0x00,0x00,0x80,0x00,0x00,0x00,0x00,0x00,0x00,0x00,0x00,0x81,0x00,0x00,0x00,0x80,0x08,0x80,0x00,0x80,0x80,0x80,0x00,0x80,0x80,0x80,0x00,0x80,0x40,0xc0,0x00,0x00,
    0x00,0x20,0x00,0xa0,0x40,0xa0,0x00,0x80,0x40,0x80,0x00,0x80,0xc0,0x80,0x42,0xc0,0xc0,0xc0,0x40,0xc0,0xc0,0xc0,0x40,0xc0,0xc0,0xc0,0x40,0xc0,0xc0,0xc2,0x41,0xc3,
    0xc1,0x83,0x01,0x83,0x81,0xa3,0x07,0xa7,0x55,0xff,0x77,0xfe,0xdc,0xfe,0x74,0xfe,0xdc,0xfc,0x75,0xff,0xdd,0xfb,0x77,0xff,0xdd,0xfb,0x77,0xff,0xd5,0xf7,0x77,0xef,
    0x00,0x00,0x00,0x40,0x00,0x02,0x00,0x00,0x00,0x00,0x00,0x00,0x00,0x00,0x00,0x00,0x00,0x0a,0x41,0x03,0x01,0x03,0x03,0x02,0x05,0x02,0x46,0x0e,0x04,0x0e,0x06,0x0e,
    0x04,0x0e,0x04,0x0c,0x05,0x08,0x00,0x08,0x01,0x0b,0x01,0x0b,0x01,0x03,0x03,0x02,0x05,0x02,0x07,0x07,0x05,0x0f,0x07,0x8f,0x0d,0x8f,0x07,0x8f,0x0d,0x0f,0x17,0x1f,
    0x1d,0x1f,0x17,0x1f,0x1d,0x3e,0x16,0xbe,0x1c,0xbe,0x14,0xbc,0xdd,0xb9,0x55,0xff,0xdd,0xbb,0x57,0xbf,0xd5,0xb3,0x17,0xa7,0x45,0xaf,0x47,0xef,0xdd,0xff,0x57,0xff,
    0xdd,0xbf,0x17,0xbf,0x9f,0xbf,0x37,0xff,0xdd,0xff,0x77,0xff,0xdd,0xff,0x77,0xfe,0xdc,0xff,0x75,0xff,0xdd,0xff,0x77,0xff,0xdd,0xff,0x77,0xff,0xdd,0xbf,0x77,0xff,
    0x00,0x08,0x10,0x08,0x10,0x1a,0x10,0x0a,0x01,0x02,0x00,0x02,0x04,0x02,0x04,0x0e,0x24,0x0e,0x04,0x0e,0x1c,0x0e,0x14,0x1e,0x1c,0x1e,0x16,0x1e,0x1c,0x3e,0x16,0x3e,
    0x1c,0x3e,0x14,0x3c,0x1c,0x38,0x54,0x38,0x5d,0x3b,0x51,0x3b,0x1d,0x3b,0x13,0x3b,0x15,0x27,0x07,0x2f,0x25,0x2f,0x37,0x2f,0x3d,0x3f,0x17,0x3f,0x1d,0x3f,0x17,0x3f,
    0x1d,0x3f,0x37,0x3f,0x5d,0x3f,0x77,0x7e,0x5c,0x7e,0x7c,0x7e,0x5d,0x7f,0x75,0x7f,0x5d,0x7f,0x57,0xff,0x5d,0x3f,0x17,0xbf,0x1d,0x3f,0x37,0x7f,0x5d,0x7f,0x77,0xff,
    0x7d,0x7f,0x77,0xff,0x5d,0xff,0x75,0xff,0xdd,0xff,0x77,0xff,0xdf,0xff,0x77,0xff,0xd7,0xff,0x77,0xef,0xdd,0xff,0x77,0xff,0xdd,0xff,0x57,0xff,0xdd,0xbf,0x37,0xbf,
    0x00,0x00,0x00,0x00,0x00,0x00,0x00,0x00,0x00,0x00,0x00,0x00,0x00,0x00,0x00,0x00,0x00,0x00,0x00,0x00,0x00,0x20,0x00,0x00,0x00,0x00,0x00,0x00,0x00,0x00,0x00,0x00,
    0x00,0x00,0x00,0x00,0x00,0x00,0x00,0x00,0x00,0x00,0x00,0x00,0x00,0x00,0x00,0x00,0x00,0x00,0x00,0x00,0x00,0x10,0x00,0x00,0x00,0x00,0x00,0x00,0x00,0x00,0x00,0x08,
    0x00,0x00,0x10,0x38,0x10,0x30,0x10,0x20,0x10,0x20,0x00,0x20,0x00,0x20,0x00,0x28,0x44,0x28,0x10,0x08,0x1c,0x08,0x10,0x18,0x1c,0x3a,0x14,0x3e,0x1c,0x3e,0x74,0x7e,
    0x5c,0x7e,0x74,0x7c,0x5c,0xfc,0x74,0xfc,0xdd,0xff,0x75,0xfb,0xdd,0xfb,0x73,0xfb,0xd5,0xf7,0x77,0xff,0xdd,0xff,0x77,0xff,0xdd,0xff,0x77,0xff,0xdd,0xff,0x77,0xff
  },
  { // 106
    0x00,0x00,0x00,0x00,0x00,0x00,0x00,0x00,0x00,0x00,0x00,0x00,0x00,0x00,0x00,0x00,0x00,0x00,0x00,0x00,0x00,0x00,0x00,0x00,0x00,0x00,0x00,0x00,0x00,0x80,0x00,0x00,
    0x00,0x00,0x00,0x00,0x00,0x00,0x0a,0x00,0x00,0x00,0x00,0x08,0x00,0x00,0x00,0x00,0x00,0x00,0x00,0x00,0x00,0x80,0x20,0xa0,0x00,0x80,0x00,0x00,0x00,0x80,0x80,0x00,
    0x00,0x80,0x00,0x00,0x00,0x00,0x00,0x00,0x00,0xc0,0x80,0xc0,0x00,0xc0,0xc0,0x80,0x00,0x80,0x80,0x80,0x00,0x80,0x80,0x82,0x00,0x82,0xc0,0x82,0xd5,0xc6,0xc5,0x82,
    0x05,0x86,0xc5,0x8b,0x45,0xef,0xcd,0xef,0x77,0xff,0xd5,0xfe,0x76,0xfe,0xd4,0xfe,0x75,0xff,0xdd,0xff,0x77,0xff,0xdd,0xff,0x57,0xff,0xdd,0xff,0x77,0xff,0xdd,0xff,
    0x80,0x08,0x00,0x00,0x00,0x00,0x00,0x00,0x02,0x02,0x00,0x42,0x00,0x06,0x04,0x06,0x04,0x0e,0x04,0x0e,0x04,0x0e,0x04,0x0a,0x04,0x0e,0x0c,0x0e,0x06,0x0e,0x04,0x0e,
    0x04,0x0e,0x04,0x08,0x04,0x0c,0x0c,0x0a,0x05,0x0b,0x01,0x0b,0x01,0x0b,0x01,0x03,0x03,0x0f,0x05,0x0f,0x07,0x0f,0x0d,0x0f,0x07,0x0f,0x0d,0x0f,0x15,0x1f,0x1d,0x3f,
    0x17,0x3f,0x1d,0x3f,0x37,0x3e,0x14,0x3e,0x34,0xbe,0x54,0xbf,0x77,0xff,0xdd,0xff,0x57,0xef,0xdd,0x9f,0x17,0x9f,0x9d,0xbf,0x17,0xff,0x1d,0xff,0x77,0xff,0xdd,0xff,
    0x77,0xfe,0x5d,0xff,0x77,0xff,0xdf,0xff,0x77,0xff,0xdf,0xfb,0x73,0xfb,0xd5,0xff,0x77,0xff,0xdd,0xff,0x77,0xff,0xdd,0xef,0x57,0xdf,0xdd,0xdf,0x57,0xff,0xdd,0xff,
    0x00,0x08,0x00,0x08,0x10,0x08,0x00,0x00,0x00,0x00,0x00,0x12,0x04,0x0e,0x04,0x2f,0x14,0x0e,0x0c,0x0e,0x04,0x0c,0x1c,0x1c,0x14,0x3e,0x1c,0x3e,0x14,0x3e,0x1c,0x3a,
    0x30,0x3a,0x14,0x32,0x34,0x2e,0x14,0x2e,0x14,0x2e,0x0c,0x2e,0x15,0x0e,0x3d,0x1a,0x37,0x3f,0x3d,0xbf,0x37,0x3e,0x1d,0x3e,0x36,0x3e,0x7c,0x3e,0x74,0x7e,0x7c,0x7e,
    0x75,0x7f,0x5d,0x7b,0x71,0x7b,0x51,0x7b,0x73,0x7b,0x55,0x7f,0x77,0xff,0x5d,0xef,0x77,0xef,0x4d,0xcf,0x57,0xdf,0x5d,0xbf,0x37,0xbf,0x5d,0xbf,0x77,0xff,0x5d,0x7e,
    0x76,0xfe,0x5c,0xfe,0x75,0xff,0xdd,0xff,0x75,0xff,0xdd,0xfb,0x73,0xfb,0xd1,0xfb,0x77,0xff,0xdd,0xff,0x77,0xff,0xdd,0xff,0x77,0xff,0xdf,0xff,0x77,0xff,0xdd,0xff,
    0x00,0x00,0x00,0x00,0x00,0x00,0x00,0x00,0x00,0x00,0x00,0x20,0x00,0x00,0x00,0x00,0x00,0x00,0x00,0x00,0x01,0x00,0x00,0x00,0x00,0x00,0x00,0x00,0x00,0x00,0x00,0x08,
    0x00,0x00,0x00,0x00,0x00,0x00,0x00,0x04,0x00,0x00,0x00,0x00,0x00,0x08,0x00,0x00,0x00,0x00,0x00,0x00,0x00,0x00,0x00,0x00,0x00,0x00,0x00,0x00,0x00,0x00,0x00,0x00,
    0x00,0x00,0x00,0x00,0x00,0x00,0x00,0x00,0x00,0x00,0x00,0x20,0x00,0x20,0x00,0x20,0x00,0x28,0x00,0x28,0x00,0x08,0x18,0x38,0x10,0x38,0x5c,0x38,0x70,0xf8,0x58,0x38,
    0x70,0xf8,0x54,0xf8,0x74,0xfe,0xdc,0xff,0x75,0xff,0xdd,0xfb,0x55,0xfb,0xdd,0xfb,0x57,0xff,0xdd,0xff,0x77,0xff,0x5d,0xff,0x77,0xff,0x5d,0xff,0x77,0xff,0xdd,0xff
  },
  { // 107
    0x00,0x00,0x00,0x00,0x00,0x00,0x00,0x00,0x00,0x00,0x00,0x00,0x00,0x00,0x00,0x00,0x00,0x00,0x00,0x00,0x00,0x00,0x00,0x00,0x00,0x00,0x00,0x00,0x00,0x00,0x04,0x00,
    0x00,0x00,0x00,0x02,0x00,0x00,0x00,0x08,0x00,0x00,0x00,0x00,0x00,0x00,0x00,0x00,0x00,0x00,0x10,0x00,0x00,0x00,0x00,0x00,0x80,0x00,0x00,0x00,0x00,0x00,0x00,0x00,
    0x00,0x00,0x20,0x00,0x20,0x00,0x20,0x80,0x00,0x80,0x00,0x80,0x80,0x80,0x00,0x80,0x80,0x80,0x00,0x80,0x80,0xc2,0x01,0x92,0x85,0x82,0x07,0x86,0x04,0x06,0x06,0x0e,
    0x44,0x8e,0x44,0xce,0xcd,0xef,0x55,0xff,0xdd,0xfb,0x51,0xfb,0xd1,0xfb,0x77,0xff,0xd5,0xff,0x77,0xef,0xcd,0xef,0x47,0xef,0xcd,0xdf,0x57,0xff,0xdd,0xff,0x77,0xff,
    0x01,0x08,0x00,0x08,0x00,0x80,0x00,0x00,0x00,0x82,0x00,0x02,0x04,0x06,0x04,0x0e,0x04,0x0e,0x04,0x0e,0x0c,0x0e,0x04,0x0e,0x1c,0x1f,0x14,0x1e,0x1c,0x1a,0x10,0x1a,
    0x10,0x12,0x10,0x0e,0x14,0x2e,0x04,0x0e,0x04,0x0e,0x05,0x0a,0x05,0x0b,0x17,0x0f,0x1d,0x1f,0x17,0x3f,0x1d,0x3f,0x17,0x3e,0x1c,0x3e,0x16,0x3e,0x1c,0x3e,0x35,0x3e,
    0x1d,0x3f,0x35,0x3b,0x19,0x3b,0x31,0xbb,0x55,0xbf,0x77,0xff,0x55,0xef,0x67,0xef,0x4d,0xaf,0x47,0xaf,0x5d,0xbf,0x17,0xbf,0xdd,0xff,0x77,0xbf,0x1d,0x3f,0x77,0x7f,
    0x5c,0xff,0x76,0xff,0xdd,0xff,0x75,0xff,0xdd,0xfb,0x71,0xfb,0xd9,0xfb,0x77,0xff,0xdd,0xff,0xf7,0xff,0xfd,0xff,0x77,0xef,0xdd,0xff,0x77,0xff,0xdd,0xff,0x77,0xff,
    0x00,0x20,0x00,0x08,0x08,0x08,0x00,0x08,0x00,0x08,0x10,0x18,0x1c,0x38,0x14,0x3c,0x14,0x38,0x14,0x2c,0x1c,0x3c,0x14,0x3c,0x1c,0x3c,0x34,0x38,0x18,0x38,0x10,0x38,
    0x10,0x30,0x30,0x3a,0x54,0x32,0x74,0x2e,0x44,0x2e,0x04,0x2e,0x0c,0x0e,0x54,0x1e,0x1c,0x3e,0x16,0x3e,0x7c,0x7e,0x36,0x3e,0x3c,0x3e,0x74,0x7e,0x5c,0x7e,0x74,0xfe,
    0x5c,0xfe,0x74,0xf8,0x58,0xfa,0x51,0xfb,0xd1,0xfb,0x77,0xff,0x5d,0xff,0x77,0xef,0x5d,0x6f,0x57,0xef,0x5d,0xff,0x77,0xff,0xdd,0xff,0x77,0xff,0xdd,0xff,0x77,0xfe,
    0x5d,0xff,0x77,0xff,0xdd,0xff,0x77,0xff,0xdd,0xff,0x75,0xff,0xdd,0xff,0x57,0xff,0xdd,0xff,0x77,0xff,0xdd,0xbf,0x77,0xff,0x5d,0xff,0x77,0xff,0xdd,0xff,0x77,0xff,
    0x00,0x00,0x00,0x00,0x10,0x00,0x00,0x00,0x00,0x00,0x00,0x00,0x02,0x00,0x00,0x00,0x00,0x00,0x00,0x00,0x00,0x00,0x00,0x00,0x00,0x00,0x00,0x10,0x00,0x00,0x00,0x00,
    0x00,0x00,0x04,0x00,0x00,0x00,0x00,0x00,0x04,0x00,0x00,0x00,0x00,0x00,0x00,0x00,0x00,0x00,0x00,0x00,0x00,0x00,0x00,0x00,0x00,0x00,0x00,0x00,0x00,0x00,0x00,0x00,
    0x00,0x00,0x00,0x00,0x00,0x00,0x00,0x00,0x00,0x00,0x00,0x00,0x00,0x20,0x00,0x20,0x00,0x20,0x00,0x20,0x00,0x20,0x70,0x78,0x50,0x78,0x70,0xf8,0x50,0xf8,0x70,0xf8,
    0xd1,0xf8,0x71,0xfb,0xd1,0xfb,0x75,0xef,0xc5,0xef,0x45,0xef,0xcd,0xef,0x57,0xff,0xdd,0xff,0x77,0xff,0xdd,0xbf,0x37,0xbf,0x5d,0xff,0x77,0xff,0xdd,0xff,0x77,0xff
  },
  { // 108
    0x00,0x00,0x00,0x00,0x00,0x00,0x00,0x00,0x00,0x00,0x00,0x00,0x00,0x00,0x00,0x00,0x00,0x00,0x00,0x00,0x00,0x02,0x00,0x00,0x00,0x00,0x00,0x00,0x00,0x00,0x04,0x00,
    0x00,0x00,0x00,0x00,0x00,0x00,0x00,0x00,0x00,0x00,0x00,0x00,0x00,0x00,0x00,0x00,0x00,0x00,0x00,0x00,0x00,0x00,0x00,0x00,0x00,0x00,0x10,0x00,0x00,0x00,0x00,0x00,
    0x00,0x00,0x00,0x00,0x00,0x00,0x00,0x00,0x00,0x00,0x00,0x00,0x40,0x00,0x40,0x02,0x40,0x92,0x04,0x8e,0x04,0x8e,0x0c,0x8e,0x07,0x8e,0x04,0x0e,0x06,0x0e,0x1c,0x1e,
    0x16,0xbe,0x5c,0xfe,0x54,0xfe,0xdc,0xf8,0x51,0xf9,0xd9,0xfb,0x53,0xff,0xdd,0xff,0x77,0xff,0xd5,0xef,0x77,0xef,0xcd,0xff,0x77,0xff,0xdd,0xff,0x77,0xff,0xdd,0xff,
    0x00,0x80,0x00,0x00,0x00,0x08,0x00,0x08,0x00,0x08,0x1c,0x18,0x14,0x08,0x14,0x0a,0x14,0x2c,0x14,0x3e,0x15,0x3c,0x1c,0x3c,0x14,0x3c,0x1c,0x38,0x10,0x38,0x10,0x38,
    0x10,0x3a,0x10,0x3a,0x34,0x2e,0x04,0x26,0x04,0x2e,0x04,0x0e,0x04,0x0e,0x1c,0x3e,0x16,0x3e,0x1c,0x3e,0x16,0x3e,0x1c,0x3e,0x3e,0x3e,0x5c,0x7e,0x76,0x7e,0x5c,0x7e,
    0x74,0xfc,0x5c,0xf8,0x51,0xfb,0x5d,0xfb,0x77,0xff,0x5d,0xbf,0x37,0xbf,0x55,0x2f,0x77,0xef,0x5d,0xff,0x77,0xff,0x5d,0xff,0x77,0xff,0x5d,0xff,0x77,0xff,0xdd,0xff,
    0x77,0xff,0xdd,0xff,0x77,0xff,0xdd,0xff,0x75,0xef,0xdd,0xff,0x77,0xff,0xdd,0xff,0x77,0xff,0xdd,0xbf,0x37,0xbf,0x5d,0xff,0x77,0xff,0xdd,0xff,0x77,0xff,0xdd,0xff,
    0x00,0x20,0x00,0x00,0x00,0x08,0x04,0x08,0x00,0x08,0x10,0x18,0x10,0x38,0x10,0x38,0x10,0x38,0x10,0x38,0x30,0x38,0x50,0x78,0x70,0x68,0x50,0x68,0x40,0x68,0x40,0x28,
    0x50,0x78,0x50,0x38,0x10,0x38,0x10,0x20,0x10,0x2c,0x04,0x2d,0x14,0xfc,0xdc,0x7c,0x74,0xfc,0x5c,0x7c,0x74,0xf8,0x58,0xb8,0x70,0xf8,0x5c,0xfa,0x74,0xfe,0x54,0xfa,
    0x74,0xec,0xc4,0xe8,0x44,0xee,0xdc,0xfe,0x55,0xff,0xdd,0xbf,0x17,0xbf,0x1d,0x3e,0x37,0x3e,0x5c,0x7e,0x76,0xfe,0x5c,0xfe,0x74,0xfe,0xdc,0xfd,0x75,0xf9,0xdd,0xfb,
    0x77,0xff,0xdd,0xff,0x77,0xff,0xd5,0xe7,0x67,0xef,0xcf,0xef,0x77,0xff,0xdd,0xff,0x57,0xff,0xdd,0xbf,0x37,0xbf,0xdd,0xff,0x77,0xff,0xdd,0xff,0x77,0xff,0xdd,0xfe,
    0x00,0x00,0x00,0x02,0x00,0x00,0x00,0x00,0x00,0x00,0x00,0x00,0x00,0x00,0x00,0x00,0x00,0x00,0x00,0x00,0x00,0x20,0x00,0x00,0x00,0x00,0x00,0x00,0x00,0x00,0x00,0x00,
    0x00,0x04,0x00,0x00,0x00,0x00,0x00,0x00,0x00,0x00,0x00,0x00,0x00,0x00,0x00,0x00,0x00,0x00,0x00,0x00,0x00,0x00,0x00,0x00,0x00,0x00,0x00,0x00,0x00,0x00,0x00,0x00,
    0x00,0x00,0x00,0x00,0x00,0x00,0x00,0x00,0x00,0x00,0x01,0x00,0x01,0x00,0x00,0x00,0x00,0x20,0x00,0x20,0x00,0x60,0x40,0x60,0x60,0xe0,0x40,0xe0,0x40,0xe0,0xc1,0xe1,
    0x51,0xfb,0xd1,0xf3,0x71,0xf3,0xd1,0xa3,0x03,0xe7,0x45,0xef,0x77,0xff,0xdd,0xff,0x77,0xff,0xdd,0xff,0x77,0xff,0xdd,0xff,0x77,0xff,0xdd,0xff,0x77,0xff,0xdd,0xff
  },
  { // 109
    0x00,0x00,0x00,0x00,0x00,0x00,0x00,0x00,0x00,0x00,0x00,0x00,0x00,0x00,0x00,0x00,0x00,0x00,0x00,0x00,0x00,0x00,0x00,0x00,0x00,0x00,0x00,0x08,0x00,0x00,0x10,0x00,
    0x00,0x00,0x00,0x00,0x00,0x00,0x00,0x00,0x00,0x00,0x00,0x00,0x40,0x00,0x00,0x00,0x00,0x00,0x00,0x00,0x00,0x00,0x00,0x00,0x00,0x00,0x00,0x00,0x00,0x00,0x00,0x00,
    0x00,0x00,0x00,0x00,0x00,0x00,0x40,0x40,0x40,0x00,0x40,0x00,0x10,0x02,0x04,0x0e,0x04,0x0e,0x04,0x0e,0x0c,0x0e,0x04,0x0e,0x1c,0x1e,0x14,0x1e,0x1c,0x3e,0x16,0xbe,
    0x3c,0xbe,0x36,0xbe,0x54,0xee,0x74,0xee,0xcd,0xef,0x57,0xff,0xdd,0xff,0x57,0xff,0xdd,0xbf,0x17,0xbf,0x1d,0xbf,0x77,0xff,0xdd,0xff,0x77,0xff,0xdd,0xff,0x77,0xff,
    0x00,0x10,0x00,0x00,0x00,0x08,0x00,0x08,0x0c,0x08,0x10,0x18,0x18,0x18,0x10,0x38,0x1a,0x38,0x30,0x38,0x1c,0x38,0x34,0x38,0x54,0x28,0x50,0x68,0x50,0x28,0x50,0x78,
    0x58,0x38,0x10,0x38,0x10,0xb2,0x10,0x2e,0x04,0x2e,0x14,0x3e,0x5c,0x3e,0x74,0x7e,0x5c,0x3e,0x14,0x3c,0x5c,0x3a,0x74,0xfe,0x5c,0xfe,0x74,0xfe,0x7c,0xfe,0x74,0xfe,
    0x54,0xee,0x64,0xee,0xdc,0xfe,0x57,0xfe,0xdd,0xff,0x17,0xbf,0x1d,0xbf,0x37,0xbe,0x5d,0x7e,0x77,0xfe,0x7c,0xfe,0x76,0xfe,0x5c,0xfe,0x74,0xfe,0xdd,0xff,0x77,0xff,
    0xdd,0xfb,0x77,0xff,0xd7,0xf7,0x77,0xef,0xd5,0xef,0x77,0xff,0xdd,0xff,0x57,0xff,0xdd,0xbf,0x17,0xbf,0x9d,0xbf,0x7f,0xff,0xdd,0xff,0x77,0xff,0xdd,0xfe,0x76,0xfe,
    0x0c,0x00,0x10,0x00,0x00,0x20,0x00,0x20,0x00,0x20,0x00,0x24,0x00,0x20,0x10,0x38,0x10,0x30,0x30,0x38,0x50,0x30,0xf0,0x60,0x40,0x60,0x60,0x60,0x40,0xe0,0x40,0xe8,
    0x40,0xe8,0x50,0x88,0x10,0x98,0x10,0x38,0x10,0xb8,0x30,0x38,0x58,0x78,0x70,0x78,0x58,0x78,0x70,0xf8,0x58,0xf8,0x70,0xf8,0xd8,0xf8,0x70,0xf8,0xd0,0xf0,0x70,0xe8,
    0xc8,0xe0,0x64,0xec,0xc4,0xee,0x74,0xfe,0xdc,0xfe,0x55,0x9e,0x9d,0xbe,0x15,0xbe,0x5d,0xfe,0x77,0xfe,0x5c,0xfe,0x76,0xfe,0xdc,0xfc,0x74,0xfc,0xdd,0xff,0x75,0xff,
    0xdd,0xfb,0x73,0xfb,0xd5,0xfb,0x77,0xff,0xd5,0xff,0x77,0xff,0xdd,0xff,0x77,0xff,0xdd,0xff,0x77,0xff,0xdd,0xff,0x77,0xff,0xdd,0xff,0x77,0xff,0xdd,0xff,0x77,0xfe,
    0x00,0x00,0x00,0x00,0x00,0x00,0x00,0x00,0x00,0x00,0x00,0x00,0x00,0x00,0x00,0x00,0x40,0x00,0x00,0x00,0x00,0x00,0x00,0x00,0x00,0x00,0x00,0x04,0x00,0x00,0x00,0x00,
    0x00,0x00,0x00,0x00,0x00,0x00,0x00,0x00,0x00,0x00,0x00,0x00,0x00,0x00,0x00,0x00,0x00,0x00,0x00,0x00,0x00,0x00,0x00,0x00,0x00,0x00,0x00,0x00,0x01,0x00,0x01,0x00,
    0x01,0x80,0x01,0x00,0x01,0x01,0x01,0x00,0x01,0x00,0x01,0x00,0x00,0x00,0x01,0x00,0x01,0x01,0x01,0x01,0x01,0x21,0x01,0x20,0x40,0xa0,0x40,0xe0,0x41,0xe3,0x41,0xe3,
    0xc1,0xe3,0x41,0xc3,0xc1,0x83,0x03,0xa3,0x15,0xbf,0x37,0xff,0x5d,0xff,0x77,0xff,0x5d,0xfe,0x75,0xfe,0xdd,0xff,0x75,0xff,0xdd,0xff,0x77,0xff,0xdd,0xfb,0x77,0xff
  },
  { // 110
    0x00,0x00,0x00,0x00,0x00,0x00,0x00,0x00,0x00,0x00,0x00,0x00,0x00,0x00,0x00,0x00,0x00,0x00,0x00,0x00,0x00,0x00,0x00,0x08,0x00,0x10,0x00,0x00,0x00,0x00,0x00,0x00,
    0x00,0x00,0x00,0x00,0x00,0x20,0x00,0x00,0x00,0x00,0x00,0x00,0x00,0x00,0x00,0x00,0x00,0x00,0x00,0x00,0x00,0x00,0x00,0x00,0x00,0x00,0x00,0x00,0x00,0x00,0x00,0x40,
    0x00,0x00,0x00,0x00,0x00,0x08,0x20,0x08,0x00,0x08,0x00,0x48,0x10,0x4e,0x14,0x5e,0x14,0x3e,0x1c,0x3e,0x14,0x2e,0x1c,0x3c,0x14,0x3c,0x1c,0x3c,0x74,0xbe,0x5c,0xba,
    0x30,0xba,0x50,0xb2,0x73,0xf6,0x55,0xff,0x77,0xef,0xdd,0xef,0x57,0xef,0xdd,0x9f,0x17,0xbf,0xdd,0xbf,0x77,0xff,0xdd,0xff,0x77,0xff,0x5d,0xfe,0x76,0xfe,0xdc,0xff,
    0x00,0x20,0x10,0x20,0x10,0x28,0x10,0x28,0x10,0x28,0x10,0x3c,0x10,0x38,0x58,0x38,0x70,0x78,0x58,0x38,0x70,0x78,0x50,0x30,0x70,0x60,0x40,0x60,0x60,0xe8,0x44,0xe8,
    0x40,0xc8,0x48,0x88,0x10,0x98,0x1c,0x38,0x34,0xbc,0x5c,0x3c,0x74,0x7c,0x5c,0x7c,0x74,0xfc,0x5c,0xfc,0x74,0xfc,0xdc,0xf8,0x70,0xf8,0xd8,0xf8,0x70,0xf0,0xd0,0xf2,
    0x74,0xfe,0xd4,0xfe,0x76,0xee,0xdc,0xee,0x54,0xde,0xdc,0xbe,0x54,0xfe,0xdc,0xfe,0x76,0xfe,0x5c,0xfe,0x76,0xfe,0x5c,0xfe,0x74,0xfe,0xdc,0xfe,0x75,0xfe,0xdd,0xff,
    0x71,0xfb,0xd9,0xfb,0x77,0xff,0xdd,0xff,0x77,0xff,0xdd,0xff,0x77,0xff,0x5d,0xff,0x77,0xff,0xdd,0xff,0x77,0xff,0xdd,0xff,0x77,0xff,0xdd,0xff,0x77,0xff,0xdd,0xff,
    0x00,0x00,0x00,0x00,0x00,0x22,0x00,0x20,0x00,0x20,0x40,0x20,0x40,0x60,0x40,0xe0,0x40,0xe0,0x40,0xe0,0x40,0xa0,0x40,0xa0,0x00,0xa0,0x40,0xa0,0x50,0xe0,0x40,0xe0,
    0x40,0xc0,0xc0,0x00,0x00,0x80,0x10,0xb0,0x10,0xb8,0x50,0xb0,0x70,0xf8,0x70,0x70,0x70,0xf0,0x70,0xf0,0x70,0xf8,0xd0,0xf8,0x74,0xfc,0xd0,0xe0,0x51,0xe8,0xd1,0xf1,
    0x51,0xf9,0xd1,0xf9,0x71,0xf8,0x5d,0xf8,0x74,0xec,0x5c,0xf8,0x75,0xfc,0xdd,0xfb,0x77,0xfb,0xdd,0xfb,0x71,0xfa,0xd0,0xfa,0x71,0xfe,0xd5,0xff,0x75,0xff,0xdd,0xff,
    0x55,0xef,0xdd,0xdf,0x57,0xff,0xdd,0xbf,0x77,0xff,0xdd,0xff,0x77,0xff,0x5d,0x7e,0x77,0xff,0xdd,0xff,0x77,0xff,0xdd,0xff,0x77,0xff,0xdd,0xfb,0x73,0xfb,0xd5,0xff,
    0x00,0x00,0x00,0x00,0x00,0x00,0x00,0x00,0x00,0x00,0x00,0x40,0x00,0x00,0x00,0x00,0x00,0x00,0x00,0x00,0x08,0x00,0x00,0x00,0x00,0x00,0x00,0x00,0x00,0x00,0x00,0x00,
    0x00,0x00,0x00,0x00,0x00,0x00,0x00,0x00,0x00,0x00,0x00,0x00,0x00,0x00,0x00,0x00,0x00,0x00,0x00,0x00,0x00,0x00,0x00,0x00,0x01,0x01,0x01,0x01,0x81,0x01,0x01,0x01,
    0x01,0x01,0x01,0x03,0x01,0x03,0x01,0x02,0x00,0x02,0x00,0x00,0x00,0x00,0x01,0x01,0x01,0x01,0x01,0x01,0x01,0x01,0x01,0x03,0x01,0x83,0x01,0x83,0x03,0x83,0x45,0x83,
    0x07,0x87,0x45,0x87,0x07,0x87,0xc5,0x8f,0x17,0xbf,0xdd,0xbf,0x37,0xbf,0x55,0x7e,0x76,0xfe,0xdc,0xfe,0x77,0xff,0xdd,0xff,0x75,0xff,0xdd,0xfb,0x73,0xfb,0xdd,0xff
  },
  { // 111
    0x00,0x00,0x20,0x00,0x00,0x00,0x00,0x00,0x00,0x00,0x00,0x00,0x00,0x00,0x00,0x00,0x00,0x00,0x00,0x10,0x00,0x00,0x20,0x00,0x00,0x00,0x00,0x10,0x00,0x00,0x00,0x00,
    0x10,0x00,0x00,0x00,0x00,0x00,0x00,0x00,0x10,0x00,0x00,0x00,0x00,0x00,0x00,0x00,0x00,0x00,0x00,0x00,0x00,0x00,0x00,0x00,0x80,0x00,0x00,0x00,0x00,0x00,0x00,0x00,
    0x00,0x40,0x00,0x00,0x00,0x20,0x00,0x28,0x04,0x28,0x14,0x1c,0x1c,0x3c,0x14,0x3c,0x1c,0x38,0x14,0x3c,0x14,0x3c,0x34,0x3c,0x5c,0x7c,0x74,0xfc,0x5c,0xf8,0x50,0xf8,
    0x58,0xba,0x50,0xfa,0xd5,0xff,0x77,0xff,0x5d,0xff,0x77,0xef,0x5d,0x6f,0x57,0xff,0xdd,0xff,0x77,0xff,0xdd,0xff,0x77,0xff,0xdd,0xff,0x77,0xff,0xdd,0xff,0x77,0xff,
    0x10,0x38,0x10,0x38,0x10,0x30,0x30,0x38,0x50,0x38,0x70,0x78,0x50,0xf8,0x70,0xf8,0x50,0xf8,0x70,0xf8,0x50,0xb0,0x70,0xf0,0x50,0xf0,0x70,0xe8,0x40,0xe0,0x40,0xe8,
    0x40,0x88,0x40,0x88,0x58,0xb8,0x58,0xf8,0x5c,0xb8,0x70,0xb8,0x58,0x38,0x70,0xf8,0x54,0xf8,0x74,0xfc,0xdc,0xf8,0x70,0xf8,0xd8,0xf8,0x50,0xf8,0xd0,0xf8,0x70,0xf8,
    0xd4,0xfe,0x74,0xfe,0x5c,0xfe,0x74,0xee,0x5c,0xfe,0x74,0xfe,0xdc,0xfe,0x74,0xfe,0xdc,0xfe,0xf4,0xfa,0xdc,0xfa,0x74,0xfe,0xdc,0xfe,0x76,0xfe,0xdc,0xfe,0x74,0xee,
    0xcd,0xef,0x57,0xff,0xdd,0xff,0x77,0xff,0xdd,0xbf,0x77,0xff,0x5d,0x7e,0x77,0xfe,0xdd,0xff,0x77,0xff,0xdd,0xff,0x75,0xff,0xdd,0xfb,0x73,0xfb,0xdd,0xff,0x77,0xff,
    0x01,0x00,0x00,0x00,0x00,0x00,0x00,0x00,0x00,0x20,0x40,0x20,0x40,0x60,0x40,0xe0,0x40,0xe0,0x40,0xc0,0x40,0x80,0x00,0x90,0x00,0x80,0x00,0xa0,0x80,0x20,0x00,0x20,
    0x00,0xa0,0x00,0x20,0x40,0xe0,0x40,0xe0,0xd0,0xf0,0x50,0xf0,0xd0,0xf0,0x70,0xe0,0xd0,0xf0,0x70,0xe0,0xd0,0xe0,0x60,0xe0,0xe0,0xe0,0x61,0xc1,0xe1,0xc1,0x51,0xf9,
    0xd1,0xb9,0x31,0xbb,0x11,0x3b,0x31,0x3a,0x50,0x7a,0x70,0xf8,0xdc,0xf8,0x71,0xf8,0xd9,0xf9,0x71,0xf9,0xd1,0xfb,0x71,0xfb,0xd1,0xfb,0x77,0xff,0xd5,0xef,0x6f,0xef,
    0xc5,0xef,0x47,0xff,0xdd,0xff,0x77,0xff,0xdd,0xff,0x77,0xbf,0x5d,0xff,0x77,0xfe,0xdd,0xff,0x77,0xff,0xdd,0xff,0x75,0xff,0xdd,0xfb,0x71,0xfb,0xdd,0xff,0x77,0xff,
    0x00,0x00,0x00,0x00,0x00,0x00,0x80,0x00,0x00,0x00,0x00,0x00,0x00,0x00,0x08,0x00,0x00,0x00,0x00,0x00,0x00,0x00,0x00,0x00,0x00,0x00,0x00,0x00,0x00,0x00,0x00,0x00,
    0x00,0x00,0x00,0x00,0x00,0x00,0x00,0x00,0x00,0x00,0x00,0x00,0x00,0x00,0x00,0x00,0x01,0x01,0x01,0x01,0x01,0x01,0x01,0x01,0x81,0x01,0x01,0x01,0x01,0x03,0x01,0x03,
    0x01,0x03,0x01,0x03,0x01,0x03,0x01,0x02,0x00,0x02,0x00,0x02,0x00,0x02,0x01,0x02,0x01,0x01,0x01,0x01,0x01,0x03,0x01,0x03,0x01,0x03,0x03,0x03,0x05,0x03,0x07,0x07,
    0x05,0x07,0x07,0x07,0x05,0x8f,0x47,0xcf,0xcd,0xaf,0x57,0xaf,0xdd,0xbb,0x77,0xff,0xdd,0xff,0x77,0xff,0xdd,0xff,0x77,0xef,0xcd,0xef,0x67,0xef,0xdd,0xff,0x77,0xff
  },
  { // 112
    0x00,0x00,0x00,0x00,0x00,0x00,0x00,0x00,0x00,0x00,0x00,0x00,0x00,0x00,0x00,0x00,0x20,0x00,0x40,0x00,0x00,0x00,0x20,0x00,0x00,0x00,0x00,0x08,0x00,0x00,0x00,0x00,
    0x00,0x00,0x10,0x00,0x00,0x00,0x00,0x00,0x00,0x00,0x00,0x00,0x00,0x00,0x00,0x00,0x00,0x00,0x00,0x00,0x00,0x00,0x00,0x00,0x00,0x00,0x00,0x00,0x80,0x00,0x00,0x00,
    0x00,0x00,0x00,0x00,0x00,0x08,0x04,0x08,0x04,0x2c,0x1c,0x3c,0x14,0x3c,0x5c,0x38,0x50,0x38,0x58,0x38,0x30,0x38,0xd4,0x7a,0x74,0xfe,0x54,0x6c,0x64,0xec,0x44,0xea,
    0x54,0xff,0xdc,0xfe,0x56,0xfe,0xdd,0xbe,0x37,0xbe,0x1d,0x3e,0x76,0x7e,0x5c,0xfe,0x77,0xfe,0xdd,0xff,0x75,0xff,0xdd,0xff,0x75,0xfb,0xdd,0xff,0x77,0xff,0xdd,0xff,
    0x10,0xb8,0x10,0x30,0x10,0x30,0x10,0x30,0x70,0xf0,0x50,0xf0,0x70,0xf8,0x50,0xe0,0x60,0xe0,0xc0,0xe0,0x40,0xe8,0xd0,0xf0,0x50,0xf8,0xd0,0xb0,0x10,0xa8,0x00,0x20,
    0x10,0x68,0x50,0xf8,0x70,0xf8,0xd8,0xf8,0x70,0xf8,0xd8,0xf8,0x70,0xf8,0xd0,0xf8,0x70,0xf8,0xd2,0xf8,0x70,0xe8,0xc0,0xe8,0x40,0xe8,0xc0,0xe8,0x50,0xf8,0xdc,0xf8,
    0x54,0xbc,0x9c,0xbc,0x34,0x3c,0x5c,0x7c,0x74,0xfc,0x5c,0xfc,0x74,0xfc,0xdc,0xfc,0x74,0xf8,0xd8,0xf8,0x70,0xfa,0xdc,0xfa,0x74,0xfe,0xd4,0xfe,0x76,0xee,0xc4,0xee,
    0xe7,0xee,0xdd,0xff,0x77,0xff,0xdd,0xff,0x77,0xbf,0x9d,0xbf,0x77,0xff,0xdd,0xff,0x77,0xfe,0xdd,0xfe,0x75,0xfe,0xdd,0xfd,0x75,0xff,0xdd,0xff,0x77,0xff,0xdd,0xff,
    0x00,0x00,0x00,0x00,0x40,0x00,0x00,0x00,0x00,0x80,0x00,0x80,0x00,0x80,0x40,0x80,0x40,0x80,0x50,0x80,0x00,0x80,0x40,0xc0,0x00,0x80,0x00,0x80,0x00,0x80,0x00,0x20,
    0x00,0x20,0x40,0x20,0x40,0xe0,0x40,0xe0,0x40,0xe0,0xc0,0xe0,0x40,0xe0,0xc1,0xe1,0x61,0xe1,0xe1,0xe1,0x61,0xe1,0xe1,0xe1,0x41,0xe0,0x41,0xe1,0x41,0xe1,0xc1,0xe3,
    0x51,0xfb,0xd1,0xb3,0x11,0xbb,0x51,0xb2,0x71,0xfa,0xd9,0xfb,0x70,0xfa,0xd0,0xf8,0x70,0xe8,0xd1,0xf9,0x71,0xfb,0xd1,0xfb,0x73,0xfb,0xd5,0xf3,0x77,0xef,0x55,0xef,
    0x77,0xff,0xdd,0xff,0x77,0xff,0xdd,0xff,0x77,0xff,0xdd,0xff,0x77,0xff,0xdd,0xff,0x77,0xff,0xdd,0xff,0x77,0xff,0xdd,0xff,0x77,0xef,0xdd,0xff,0x77,0xff,0xdd,0xff,
    0x00,0x80,0x00,0x00,0x00,0x00,0x00,0x00,0x20,0x00,0x00,0x00,0x00,0x00,0x00,0x00,0x00,0x00,0x00,0x00,0x00,0x00,0x00,0x00,0x00,0x00,0x00,0x01,0x00,0x00,0x00,0x00,
    0x00,0x00,0x00,0x00,0x00,0x00,0x00,0x00,0x00,0x00,0x00,0x00,0x00,0x00,0x01,0x01,0x01,0x01,0x01,0x03,0x81,0x03,0x01,0x03,0x01,0x03,0x01,0x03,0x01,0x03,0x01,0x03,
    0x01,0x03,0x01,0x03,0x01,0x01,0x01,0x03,0x01,0x03,0x01,0x03,0x03,0x03,0x01,0x03,0x01,0x03,0x01,0x03,0x01,0x03,0x05,0x03,0x07,0x07,0x05,0x03,0x07,0x07,0x05,0x07,
    0x07,0x07,0x05,0x0f,0x07,0x0f,0x4d,0x8f,0x45,0xde,0x4d,0xed,0x55,0xff,0xdd,0xfb,0x77,0xff,0xd7,0xff,0x77,0xff,0xd5,0xe7,0x67,0xef,0xcd,0xef,0x77,0xff,0xdd,0xff
  },
  { // 113
    0x00,0x00,0x00,0x00,0x00,0x00,0x00,0x00,0x00,0x00,0x00,0x00,0x00,0x80,0x00,0x00,0x40,0x00,0x00,0x00,0x04,0x00,0x00,0x00,0x00,0x00,0x00,0x04,0x00,0x00,0x00,0x00,
    0x00,0x00,0x00,0x00,0x00,0x00,0x00,0x00,0x00,0x00,0x00,0x00,0x00,0x00,0x00,0x00,0x00,0x00,0x00,0x00,0x00,0x00,0x00,0x00,0x00,0x00,0x00,0x08,0x00,0x08,0x00,0x08,
    0x00,0x08,0x10,0x08,0x10,0x38,0x10,0x38,0x5c,0x38,0x74,0x3c,0x5c,0x38,0x50,0x78,0x58,0x78,0x70,0xf8,0x58,0xf8,0x70,0xf8,0x50,0xb2,0x70,0xe2,0x44,0xe7,0xe4,0xee,
    0x5c,0xfe,0x56,0xfe,0xdc,0xbe,0x16,0xbe,0x1c,0xbe,0x36,0xfe,0x5d,0xfe,0x77,0xfe,0xdc,0xfe,0x76,0xfe,0xdc,0xfe,0x75,0xff,0xdd,0xff,0x77,0xff,0xdd,0xff,0x77,0xff,
    0x50,0x60,0x50,0xe0,0x50,0xf0,0x70,0xf0,0xd0,0xf0,0x70,0xf0,0x50,0xe0,0x60,0xe0,0x40,0xe0,0x40,0xe0,0xc0,0xe0,0x40,0xe8,0xd0,0xb8,0x10,0x98,0x10,0x38,0x10,0xb8,
    0x50,0x78,0x70,0xf8,0x50,0xf8,0x70,0xf8,0xd0,0xf8,0x70,0xf8,0xd8,0xf8,0x70,0xf8,0xd0,0xf8,0x70,0xf0,0xd0,0xe0,0x61,0xe0,0xc0,0xec,0x74,0xec,0xdc,0xf8,0x54,0xfc,
    0xdc,0xb8,0x10,0xb8,0xdc,0xb8,0x74,0xfe,0xde,0xfc,0x74,0xfc,0xdc,0xf8,0x74,0xfc,0xdc,0xf9,0x74,0xfc,0xdc,0xf8,0x74,0xfa,0xdc,0xfa,0x70,0xfe,0xd4,0xfe,0x7f,0xfe,
    0xdd,0xfe,0x77,0xfe,0xdd,0xfe,0x75,0xfe,0xdd,0xff,0x75,0xff,0xdd,0xff,0x77,0xff,0xdd,0xff,0x77,0xfe,0xd5,0xff,0x77,0xff,0xdd,0xff,0x77,0xff,0xdd,0xff,0x57,0xff,
    0x00,0x00,0x00,0x00,0x00,0x00,0x00,0x81,0x00,0x80,0x00,0xa0,0x00,0x80,0x00,0x80,0x20,0x00,0x00,0x80,0x00,0x00,0x00,0x80,0x00,0x00,0x00,0x80,0x40,0x00,0x00,0x80,
    0x00,0xa0,0x40,0xe0,0x40,0xe1,0x40,0xe0,0x40,0xe0,0x40,0xe0,0xc1,0xe1,0x41,0xe1,0xc1,0xe1,0x41,0x81,0x81,0x81,0x01,0xa3,0x01,0xa3,0x41,0xe3,0x41,0xe3,0x41,0xe2,
    0x41,0xe4,0x55,0xf0,0xd1,0xf1,0x71,0xfb,0xd1,0xf3,0x71,0xf3,0xd1,0xf3,0x71,0xe2,0xd1,0xe3,0x61,0xeb,0xc5,0xeb,0x57,0xef,0xdd,0xdb,0x13,0x9b,0x9d,0xbf,0x37,0xff,
    0xdd,0xff,0x77,0xff,0x5d,0xfe,0x76,0xfe,0xdc,0xfe,0x75,0xff,0xdd,0xff,0x77,0xff,0xdd,0xfb,0x73,0xfb,0xd5,0xf7,0x77,0xff,0xdd,0xff,0x77,0xff,0xdd,0xff,0x57,0xff,
    0x00,0x40,0x00,0x00,0x00,0x00,0x00,0x00,0x00,0x00,0x00,0x00,0x00,0x00,0x00,0x00,0x00,0x00,0x00,0x01,0x00,0x00,0x00,0x00,0x00,0x00,0x00,0x00,0x00,0x00,0x00,0x00,
    0x00,0x00,0x01,0x00,0x00,0x00,0x00,0x00,0x00,0x00,0x00,0x00,0x01,0x01,0x01,0x41,0x01,0x03,0x01,0x03,0x01,0x03,0x01,0x03,0x01,0x03,0x03,0x03,0x01,0x02,0x00,0x02,
    0x00,0x00,0x00,0x80,0x00,0x00,0x01,0x01,0x01,0x03,0x01,0x03,0x01,0x03,0x03,0x03,0x01,0x03,0x07,0x07,0x05,0x07,0x07,0x07,0x05,0x07,0x07,0x07,0x05,0x07,0x07,0x0f,
    0x05,0x0f,0x07,0x0f,0x05,0x0e,0x06,0x0e,0x46,0x8e,0x45,0xef,0xcd,0xef,0x57,0xef,0xdd,0xfb,0x53,0xfb,0xd5,0xbf,0x57,0xff,0xdd,0xff,0x77,0xff,0xdd,0xff,0x77,0xff
  },
  { // 114
    0x00,0x00,0x00,0x00,0x00,0x00,0x00,0x00,0x20,0x00,0x00,0x80,0x00,0x00,0x02,0x00,0x00,0x00,0x00,0x00,0x00,0x02,0x00,0x00,0x00,0x00,0x00,0x00,0x00,0x00,0x00,0x00,
    0x00,0x00,0x00,0x00,0x00,0x00,0x00,0x00,0x00,0x00,0x00,0x00,0x00,0x00,0x00,0x00,0x00,0x00,0x00,0x00,0x00,0x00,0x00,0x00,0x00,0x00,0x00,0x00,0x00,0x08,0x00,0x08,
    0x00,0x28,0x10,0x38,0x10,0x38,0x18,0x38,0x30,0x38,0x10,0x38,0x30,0x78,0x50,0x78,0x70,0x78,0x5c,0x78,0x50,0xf8,0x50,0xb8,0x10,0xb8,0x14,0xba,0x34,0xbe,0x5c,0xfe,
    0x76,0xfe,0x5c,0x7e,0x54,0xfe,0x5c,0xfe,0x74,0xfe,0xdc,0xfe,0x77,0xfe,0xdd,0xfe,0x76,0xfe,0xd4,0xfe,0x77,0xff,0xdd,0xff,0x77,0xff,0xdd,0xff,0x57,0xff,0xdd,0xff,
    0x60,0xe0,0x40,0xe0,0x70,0xe0,0xd0,0xf0,0x70,0xf1,0xd0,0xa0,0x50,0xa0,0x40,0xa0,0x40,0xe0,0x40,0xe0,0xc0,0xe8,0x50,0xe8,0x40,0x88,0x50,0xb8,0x10,0xb8,0x50,0xb8,
    0x70,0xf8,0x50,0xf8,0x70,0xf8,0x50,0xf0,0x70,0xf8,0xd0,0xf8,0x70,0xf8,0xd0,0xf8,0x50,0xfa,0xd0,0xb0,0x14,0xbc,0xd0,0xb8,0x70,0xf8,0x5c,0xf8,0x74,0xfc,0x5c,0xf8,
    0x74,0xfd,0xdd,0xf8,0x74,0xf8,0xdc,0xf8,0x70,0xf8,0xd0,0xf8,0x70,0xf8,0xd4,0xf8,0x74,0xfc,0xdc,0xfc,0x74,0xec,0xdc,0xfe,0x54,0xde,0xdc,0xbe,0x37,0xfe,0xdd,0xfe,
    0x77,0xfe,0x5d,0x7e,0x76,0xfe,0x5c,0xfe,0x74,0xfe,0xdd,0xff,0x75,0xff,0xdd,0xfb,0xf3,0xfb,0xd1,0xfb,0x77,0xff,0xd5,0xff,0x77,0xff,0xdd,0xff,0x77,0xef,0xdd,0xff,
    0x04,0x00,0x00,0x00,0x00,0x80,0x40,0x80,0x00,0xa0,0x00,0x90,0x00,0x80,0x00,0x00,0x00,0x80,0x00,0x00,0x20,0x00,0x00,0x00,0x00,0x00,0x00,0x00,0x00,0x80,0x40,0xa0,
    0x41,0xe0,0xc0,0xa0,0x40,0xe0,0x40,0xe0,0x40,0xe0,0xc0,0xe0,0x41,0xe1,0xc1,0xc1,0x41,0xc1,0xc1,0xc1,0x01,0xc1,0x81,0xa3,0x01,0xa3,0x59,0xab,0x71,0x62,0x40,0x60,
    0x60,0xe0,0xd0,0xf0,0x71,0xf1,0xd1,0xf1,0x71,0xf1,0xd9,0xf3,0x71,0xe3,0xd1,0xe3,0x73,0xe3,0xf5,0xe3,0x67,0xef,0xc5,0xef,0x47,0xcf,0xdd,0xff,0x57,0xff,0xdd,0xff,
    0x77,0xff,0xdd,0xff,0x77,0xfe,0xdc,0xfe,0x7e,0xff,0xdd,0xff,0x75,0xff,0xdd,0xfb,0x73,0xfb,0xd9,0xfb,0x77,0xff,0xdd,0xff,0x77,0xff,0xdd,0xff,0x77,0xff,0x5d,0xff,
    0x00,0x00,0x00,0x00,0x00,0x00,0x00,0x00,0x00,0x00,0x00,0x00,0x00,0x01,0x00,0x00,0x00,0x00,0x00,0x00,0x00,0x00,0x00,0x00,0x00,0x00,0x00,0x00,0x00,0x00,0x00,0x00,
    0x00,0x00,0x00,0x00,0x01,0x00,0x01,0x00,0x01,0x01,0x01,0x43,0x01,0x03,0x01,0x03,0x01,0x03,0x01,0x03,0x01,0x03,0x01,0x03,0x01,0x03,0x01,0x03,0x01,0x02,0x80,0x02,
    0x00,0x02,0x00,0x02,0x01,0x03,0x01,0x03,0x01,0x03,0x01,0x03,0x01,0x03,0x01,0x03,0x03,0x03,0x05,0x07,0x07,0x07,0x05,0x07,0x07,0x07,0x05,0x07,0x07,0x0f,0x05,0x0f,
    0x07,0x0f,0x05,0x0b,0x03,0x8b,0x05,0x83,0x07,0xcf,0xc5,0xef,0x47,0xef,0xcd,0xef,0x47,0xcf,0xcd,0x8f,0x57,0xff,0xdd,0xbf,0x77,0xff,0xdd,0xff,0x77,0xff,0x5d,0xff
  },
  { // 115
    0x00,0x00,0x00,0x00,0x20,0x00,0x00,0x00,0x02,0x00,0x00,0x00,0x00,0x00,0x01,0x00,0x00,0x00,0x00,0x00,0x00,0x00,0x00,0x00,0x00,0x00,0x00,0x00,0x00,0x00,0x00,0x00,
    0x00,0x00,0x00,0x00,0x00,0x00,0x00,0x00,0x00,0x00,0x00,0x00,0x00,0x00,0x00,0x00,0x00,0x00,0x00,0x00,0x00,0x00,0x00,0x00,0x00,0x00,0x00,0x08,0x00,0x08,0x00,0x08,
    0x18,0x38,0x10,0x38,0x18,0x38,0x10,0x38,0x10,0x38,0x50,0x38,0x50,0x30,0x70,0x78,0x54,0x28,0x44,0x6c,0x44,0x08,0x04,0x0c,0x1c,0x1e,0x14,0xbe,0x1c,0x3e,0x36,0x3e,
    0x1c,0x3e,0x36,0x7e,0x5c,0x7e,0x74,0xfe,0xdc,0xfe,0x74,0xfe,0xdc,0xf8,0x71,0xfb,0xd9,0xfb,0x77,0xff,0xdd,0xff,0x77,0xff,0xdd,0xef,0x67,0xef,0xcd,0xff,0x57,0xff,
    0x50,0xe0,0x70,0xe0,0x41,0xe0,0x40,0xe0,0xc0,0xc0,0x40,0x80,0xc0,0x80,0x14,0xb8,0x10,0xb0,0x30,0xb8,0x10,0x20,0x10,0x28,0x50,0x78,0x70,0xf8,0xd8,0xf8,0x70,0xf8,
    0xd8,0xf8,0x70,0xf8,0xd0,0xf0,0x70,0xf0,0xd0,0xf0,0x74,0xe8,0xc0,0xe8,0x40,0xe8,0xc0,0xc8,0x50,0xd8,0xd8,0xb8,0x70,0xb8,0xdc,0xb9,0x35,0x38,0x5c,0x78,0x74,0xfc,
    0x5c,0xfc,0x74,0xfc,0xdc,0xf8,0x70,0xf8,0xd8,0xf8,0x70,0xf8,0xd8,0xf8,0x74,0xfe,0xd4,0xfe,0x74,0xee,0xcc,0xee,0x44,0xee,0xdc,0xfe,0x74,0xfe,0xdc,0xfe,0x77,0xfe,
    0xdc,0xfe,0xf6,0xfe,0xdc,0xfe,0x76,0xfe,0xdc,0xfe,0x75,0xfe,0xdd,0xff,0x75,0xfb,0xdd,0xfb,0x77,0xff,0xdd,0xff,0x77,0xff,0xdd,0xff,0x77,0xff,0x5d,0xff,0x77,0xff,
    0x80,0x00,0x10,0x80,0x08,0x80,0x00,0x80,0x00,0x00,0x00,0x88,0x01,0x00,0x00,0x80,0x00,0x00,0x00,0x00,0x00,0x00,0x00,0x20,0x00,0x20,0x40,0xe0,0x40,0xe0,0x40,0xe0,
    0xc0,0xe0,0x40,0xc0,0xc0,0xa0,0x41,0xe1,0xc1,0xa1,0x61,0xe1,0x61,0xa1,0x61,0x80,0x41,0x88,0x41,0xc1,0xc1,0xe1,0xd1,0xf1,0xd1,0xb1,0x31,0xb0,0x70,0xb0,0x70,0xf0,
    0xd0,0xf0,0x71,0xf0,0xd5,0xe1,0x61,0xe1,0xc1,0xe1,0x41,0xeb,0xd1,0xf3,0x53,0xfb,0xd1,0xbb,0x73,0xbb,0x55,0x2f,0x77,0xff,0x5d,0xff,0x77,0xff,0xdd,0xff,0x75,0xff,
    0xdd,0xfb,0x71,0xfb,0xd9,0xfb,0x77,0xff,0xd5,0xff,0x77,0xff,0xd5,0xef,0x6f,0xef,0xcd,0xff,0x57,0xff,0xdd,0xff,0x77,0xff,0xdd,0xbf,0x3f,0xbf,0x5d,0x7f,0x77,0xff,
    0x00,0x00,0x00,0x00,0x00,0x00,0x00,0x00,0x00,0x00,0x00,0x00,0x00,0x00,0x00,0x00,0x00,0x00,0x00,0x00,0x00,0x00,0x00,0x00,0x00,0x00,0x00,0x00,0x00,0x00,0x00,0x00,
    0x00,0x00,0x00,0x00,0x01,0x01,0x21,0x01,0x01,0x01,0x01,0x01,0x01,0x03,0x01,0x02,0x00,0x02,0x00,0x00,0x00,0x02,0x01,0x00,0x41,0x00,0x01,0x00,0x01,0x00,0x01,0x03,
    0x01,0x03,0x01,0x03,0x01,0x03,0x01,0x03,0x01,0x03,0x01,0x03,0x01,0x03,0x03,0x03,0x05,0x03,0x03,0x03,0x05,0x03,0x07,0x07,0x05,0x06,0x07,0x06,0x05,0x07,0x05,0x0f,
    0x05,0x01,0x01,0x89,0x01,0x83,0x03,0x8b,0xc5,0x87,0x47,0xef,0xc5,0xa7,0x47,0xef,0x4d,0xef,0x47,0xef,0xdd,0xff,0x57,0xff,0xdd,0xbf,0x77,0xff,0xdd,0xff,0x77,0xff
  },
  { // 116
    0x20,0x00,0x00,0x00,0x00,0x00,0x00,0x00,0x00,0x00,0x00,0x00,0x00,0x00,0x00,0x00,0x00,0x00,0x00,0x00,0x00,0x00,0x00,0x00,0x00,0x00,0x00,0x00,0x00,0x00,0x00,0x00,
    0x00,0x00,0x00,0x00,0x00,0x00,0x00,0x00,0x00,0x00,0x00,0x00,0x00,0x00,0x00,0x00,0x00,0x00,0x00,0x00,0x00,0x00,0x00,0x00,0x00,0x00,0x00,0x00,0x00,0x08,0x00,0x08,
    0x10,0x08,0x10,0x08,0x30,0x48,0x30,0x08,0x30,0x38,0x10,0x38,0x10,0x38,0x10,0x20,0x00,0x24,0x04,0x26,0x04,0x0e,0x0c,0x2e,0x14,0x3e,0x5c,0x3e,0x14,0x3e,0x1c,0x3e,
    0x3c,0x3e,0x5c,0x7e,0x76,0xfe,0x5c,0xfe,0x74,0xfe,0xdc,0xfc,0x74,0xfc,0xdd,0xfb,0x77,0xff,0xdd,0xff,0x77,0xff,0xdd,0xff,0x77,0xff,0x5d,0xff,0x77,0xff,0xdd,0xff,
    0x70,0xe0,0x50,0x60,0x60,0xe0,0x40,0x22,0x40,0xc0,0x40,0x88,0x40,0x88,0x50,0xb8,0x10,0xb8,0x10,0x38,0x10,0x38,0x10,0x38,0x70,0xf8,0x58,0xf8,0x70,0xf8,0xd8,0xf8,
    0x70,0xf8,0xd0,0xf8,0x70,0xf8,0xd4,0xf8,0x70,0xf8,0xd0,0xe0,0x60,0xe8,0x44,0xe8,0x44,0xec,0xdc,0xfc,0x54,0xfc,0xdc,0xb8,0x74,0xb8,0x5c,0xb8,0x70,0xf8,0xdc,0xfc,
    0x74,0xfc,0xdc,0xfc,0x74,0xf8,0xdc,0xea,0x70,0xf8,0xdc,0xfa,0x74,0xfe,0xdc,0xfe,0x76,0xbe,0x54,0xbe,0x76,0xfe,0x5c,0xfe,0x76,0xfe,0xdc,0xfe,0xf4,0xfe,0xdc,0xfe,
    0x74,0xfe,0xde,0xfe,0x77,0xff,0xdf,0xff,0xf7,0xfe,0xd5,0xff,0x77,0xef,0xcd,0xef,0x77,0xff,0xdd,0xff,0x77,0xff,0xdd,0xbf,0x37,0xbf,0x1d,0xbf,0x77,0xff,0xdd,0xff,
    0x00,0x80,0x00,0x04,0x00,0x00,0x00,0x01,0x00,0x00,0x00,0x00,0x00,0x00,0x00,0x00,0x08,0x80,0x00,0x00,0x00,0x20,0x00,0x20,0x00,0xe0,0x40,0xe0,0x60,0xe0,0x40,0xe0,
    0x40,0xe0,0xc0,0xc0,0x40,0xc0,0xc0,0xa0,0x41,0xa0,0x89,0xa0,0x00,0xa0,0x00,0x20,0x00,0x60,0x40,0xe0,0x70,0xf0,0x70,0xf0,0x70,0xf0,0xd0,0xf0,0x71,0xf0,0xd3,0xf1,
    0x71,0xf1,0xd1,0xf1,0x71,0xe0,0xc1,0xe1,0x41,0xe9,0xc1,0xeb,0x51,0xfb,0xd9,0xfb,0x13,0xbb,0x9d,0xbb,0x37,0xbf,0x5d,0xff,0x77,0xff,0xdd,0xfe,0x75,0xfe,0xdc,0xf8,
    0x71,0xfd,0xd9,0xff,0x71,0xfb,0xdd,0xfb,0x77,0xff,0xd5,0xf7,0x77,0xef,0xc5,0xef,0x77,0xff,0xdd,0xff,0x77,0xff,0xdd,0xff,0x77,0xbf,0xdd,0xff,0x77,0xff,0xdd,0xff,
    0x00,0x00,0x00,0x00,0x00,0x00,0x00,0x00,0x00,0x00,0x00,0x00,0x00,0x00,0x00,0x00,0x00,0x00,0x00,0x00,0x00,0x00,0x00,0x00,0x00,0x00,0x00,0x00,0x00,0x00,0x00,0x00,
    0x00,0x00,0x10,0x00,0x01,0x00,0x01,0x01,0x01,0x01,0x01,0x01,0x01,0x00,0x01,0x02,0x00,0x00,0x00,0x20,0x00,0x00,0x00,0x00,0x00,0x00,0x00,0x00,0x01,0x01,0x01,0x01,
    0x01,0x03,0x01,0x03,0x01,0x03,0x01,0x03,0x03,0x03,0x01,0x03,0x03,0x03,0x01,0x03,0x03,0x03,0x01,0x03,0x03,0x03,0x01,0x03,0x03,0x03,0x05,0x03,0x07,0x06,0x04,0x02,
    0x01,0x81,0x45,0x83,0x47,0xcf,0xc5,0x8b,0x07,0x8f,0x85,0x87,0x07,0xaf,0x05,0xaf,0x77,0xff,0x5d,0xff,0x77,0xff,0xdd,0xff,0x77,0xff,0xdd,0xff,0x77,0xff,0xdd,0xff
  },
  { // 117
    0x00,0x00,0x00,0x00,0x00,0x00,0x00,0x00,0x00,0x00,0x00,0x00,0x00,0x00,0x00,0x00,0x00,0x00,0x00,0x00,0x00,0x00,0x00,0x00,0x00,0x00,0x00,0x00,0x00,0x00,0x00,0x00,
    0x00,0x00,0x00,0x00,0x00,0x00,0x00,0x00,0x00,0x00,0x00,0x00,0x00,0x00,0x00,0x00,0x00,0x00,0x00,0x00,0x00,0x00,0x00,0x00,0x00,0x00,0x00,0x00,0x80,0x00,0x08,0x00,
    0x00,0x00,0x00,0x00,0x00,0x00,0x08,0x00,0x08,0x00,0x48,0x00,0x48,0x00,0x48,0x08,0x02,0x04,0x0e,0x14,0x2e,0x16,0x3e,0x3c,0x3e,0x14,0x3e,0x1c,0x3e,0x14,0x3c,0x1c,
    0xbe,0x75,0xfe,0x5d,0xfa,0x77,0xfe,0x54,0xf2,0x76,0xee,0xd5,0xef,0x77,0xef,0xdd,0xff,0x57,0xff,0xdd,0xbf,0x17,0xbf,0x9d,0xbf,0x37,0xff,0xdd,0xff,0x77,0xff,0xdd,
    0x20,0x10,0x20,0x00,0x20,0x00,0x20,0x00,0x20,0x00,0x28,0x50,0x28,0x10,0x38,0x18,0x38,0x10,0x38,0x18,0x38,0x30,0x38,0x58,0x78,0x70,0x78,0x50,0x70,0x70,0xe8,0x44,
    0xe8,0x60,0xe8,0xd8,0xf8,0x50,0xf8,0xd8,0xb8,0x10,0xb8,0x14,0x38,0x34,0x3c,0x5c,0x7c,0x74,0xfc,0x5c,0x7c,0x74,0xfc,0x5c,0xf8,0x74,0xf8,0xdc,0xf8,0x70,0xf8,0xdc,
    0xfa,0x70,0xfa,0xd6,0xe2,0x74,0xee,0xc4,0xee,0x74,0xfe,0xdc,0xfe,0x56,0xde,0xdc,0xbe,0x16,0xbe,0x1c,0xbe,0x76,0xfe,0x5c,0xfe,0x76,0xfe,0x5c,0xfe,0x74,0xfc,0xdc,
    0xfe,0x75,0xff,0xdd,0xff,0x77,0xfb,0xd5,0xfb,0x77,0xff,0xd5,0xff,0x77,0xff,0xdd,0xff,0x77,0xff,0xdd,0xff,0x57,0xff,0xdd,0xff,0x77,0xff,0xdd,0xff,0x77,0xff,0xdd,
    0x02,0x00,0x00,0x00,0x00,0x00,0x00,0x00,0x20,0x20,0x20,0x00,0x20,0x00,0x20,0x40,0x20,0x40,0x60,0x40,0xa0,0x50,0xe0,0x50,0xe0,0x70,0xe0,0x40,0xa0,0x40,0xe0,0x40,
    0xe0,0x44,0xe0,0x40,0xe0,0x40,0xc0,0x40,0x80,0x00,0x88,0x10,0xb0,0x30,0xb8,0x70,0xb8,0x70,0xf8,0x50,0x78,0x70,0xf8,0x50,0xf9,0x70,0xf8,0xd0,0xf8,0x70,0xf8,0xd1,
    0xf8,0x71,0xf0,0xd1,0xa0,0x71,0xf1,0xd5,0xeb,0x75,0xef,0xdd,0xff,0x55,0xff,0xdd,0xff,0x55,0xff,0xdd,0xff,0x75,0xff,0xdd,0xff,0x75,0xfe,0xdc,0xfe,0x74,0xfe,0xdc,
    0xff,0x75,0xff,0xdd,0xff,0x77,0xff,0xdd,0xfb,0x57,0xff,0xdd,0xbf,0x77,0xff,0xdd,0xff,0x77,0xff,0x5d,0xff,0xf7,0xff,0xdd,0xff,0x7f,0xff,0xdd,0xff,0x77,0xff,0xdd,
    0x00,0x00,0x00,0x00,0x00,0x00,0x00,0x00,0x00,0x00,0x00,0x00,0x00,0x00,0x00,0x00,0x00,0x00,0x00,0x00,0x00,0x00,0x00,0x00,0x00,0x00,0x00,0x00,0x00,0x08,0x00,0x00,
    0x00,0x00,0x00,0x00,0x00,0x00,0x00,0x04,0x00,0x00,0x00,0x00,0x00,0x10,0x00,0x00,0x00,0x00,0x00,0x00,0x00,0x00,0x00,0x00,0x00,0x00,0x00,0x00,0x01,0x01,0x01,0x01,
    0x01,0x01,0x01,0x01,0x01,0x01,0x03,0x01,0x03,0x01,0x03,0x01,0x03,0x01,0x02,0x00,0x02,0x00,0x00,0x01,0x03,0x01,0x03,0x01,0x03,0x01,0x83,0x01,0x03,0x01,0x83,0x41,
    0x83,0x43,0xe7,0xc5,0xe7,0x47,0xc7,0xc5,0x87,0x07,0x8f,0x85,0xbf,0x17,0xbf,0xdd,0xff,0x77,0xff,0x5d,0xfe,0x76,0xfe,0xdc,0xfe,0x75,0xff,0xdd,0xff,0x77,0xff,0xdd
  },
  { // 118
    0x00,0x00,0x00,0x00,0x00,0x00,0x00,0x00,0x00,0x00,0x00,0x00,0x00,0x00,0x00,0x00,0x00,0x00,0x00,0x00,0x00,0x00,0x00,0x00,0x00,0x00,0x00,0x00,0x00,0x00,0x00,0x00,
    0x00,0x00,0x00,0x00,0x00,0x00,0x00,0x00,0x00,0x00,0x00,0x00,0x00,0x00,0x00,0x00,0x00,0x00,0x00,0x00,0x00,0x00,0x00,0x00,0x00,0x00,0x00,0x00,0x00,0x00,0x00,0x00,
    0x00,0x00,0x00,0x00,0x20,0x00,0x20,0x00,0x20,0x08,0x04,0x08,0x00,0x08,0x04,0x4a,0x44,0x0e,0x1c,0x1e,0x16,0x1e,0x1c,0x1e,0x14,0x0e,0x1c,0x3e,0x14,0xbc,0x1c,0xbe,
    0x14,0xbe,0xdd,0xbb,0x51,0xbb,0xf1,0xb3,0x33,0xbf,0xd5,0xff,0x77,0xff,0xdd,0xff,0x77,0xef,0xdd,0xff,0x57,0xff,0xdd,0xff,0x77,0xff,0xdd,0xff,0x77,0xff,0xdd,0xff,
    0x00,0x08,0x00,0x00,0x10,0x08,0x12,0x38,0x10,0x38,0x14,0x38,0x14,0x28,0x1c,0x28,0x10,0x38,0x1c,0x38,0x30,0x38,0x58,0x38,0x30,0x38,0x10,0x30,0x30,0x20,0x40,0x20,
    0x64,0x6c,0x44,0x6c,0x4c,0x4c,0x4c,0x0c,0x14,0x1c,0x1c,0x3e,0x14,0x3e,0x1c,0x3e,0x34,0x3e,0x5c,0x3e,0x74,0x7d,0x5c,0x7c,0x74,0xfc,0xdc,0xfc,0x74,0xf8,0xd8,0xfa,
    0x70,0xfa,0xd0,0xf2,0x76,0xfe,0xd4,0xfe,0x76,0xfe,0x5c,0xee,0x56,0xee,0x5c,0xfe,0x57,0xfe,0xdd,0xff,0x77,0xff,0xdd,0xfe,0x76,0xfe,0x5c,0xfe,0x74,0xfe,0xdc,0xfe,
    0x77,0xff,0xdd,0xff,0x77,0xff,0xdf,0xfb,0x57,0xff,0xdd,0xff,0x77,0xff,0xdd,0xff,0x77,0xff,0xdd,0xff,0x77,0xff,0xdd,0xff,0x77,0xff,0xdd,0xff,0x77,0xff,0xdd,0xfb,
    0x00,0x00,0x00,0x00,0x00,0x00,0x00,0x20,0x10,0x30,0x10,0x30,0x30,0x20,0x40,0x20,0x60,0x60,0x40,0x60,0x70,0xe8,0x50,0xe0,0x50,0xe0,0x41,0xa0,0x00,0xa0,0x00,0x20,
    0x10,0xe0,0x40,0x20,0x40,0x68,0x40,0x28,0x00,0xa8,0x58,0xb8,0x50,0xf8,0x58,0xf8,0x70,0xf8,0x50,0xf8,0x70,0xf8,0x50,0xf8,0x70,0xf8,0xd0,0xf8,0x70,0xe8,0xd8,0xe8,
    0x50,0xc8,0xd0,0xb8,0x10,0xba,0xdd,0xbe,0x75,0xfe,0x5c,0x7e,0x74,0x7e,0x5d,0xfe,0x74,0xfc,0xdc,0xfe,0x75,0xff,0xdd,0xfb,0x71,0xfb,0xd1,0xfa,0x71,0xff,0xdd,0xff,
    0x77,0xff,0xdd,0xef,0x77,0xef,0xcd,0xcf,0x57,0xdf,0xdd,0xff,0x77,0xff,0xdd,0xff,0x77,0xff,0x7d,0x7e,0x76,0xfe,0xdc,0xfe,0x77,0xff,0xdd,0xff,0x75,0xff,0xdd,0xfb,
    0x00,0x00,0x00,0x00,0x00,0x00,0x00,0x00,0x00,0x00,0x00,0x00,0x00,0x00,0x00,0x00,0x00,0x00,0x00,0x00,0x00,0x00,0x00,0x00,0x00,0x08,0x00,0x00,0x00,0x00,0x00,0x00,
    0x00,0x04,0x00,0x00,0x00,0x00,0x00,0x00,0x08,0x00,0x00,0x00,0x00,0x00,0x00,0x00,0x00,0x00,0x00,0x00,0x00,0x00,0x01,0x00,0x00,0x00,0x00,0x00,0x00,0x00,0x01,0x00,
    0x01,0x00,0x01,0x01,0x01,0x01,0x01,0x01,0x01,0x01,0x01,0x00,0x00,0x00,0x00,0x00,0x00,0x00,0x00,0x00,0x01,0x81,0x41,0x81,0x01,0x81,0x41,0x83,0x01,0xa3,0x41,0xa3,
    0x43,0xe3,0x41,0xe3,0x47,0xe7,0x45,0x87,0x47,0xcf,0xdd,0xff,0x57,0xff,0xdd,0xff,0x77,0xff,0xdd,0xff,0x77,0xfe,0xdd,0xff,0x77,0xff,0xdd,0xff,0x77,0xff,0xdd,0xff
  },
  { // 119
    0x00,0x00,0x00,0x00,0x00,0x00,0x00,0x00,0x00,0x00,0x00,0x00,0x00,0x00,0x00,0x00,0x00,0x00,0x00,0x00,0x00,0x00,0x00,0x00,0x00,0x00,0x00,0x00,0x00,0x00,0x00,0x00,
    0x00,0x00,0x00,0x00,0x00,0x00,0x00,0x00,0x00,0x00,0x00,0x00,0x00,0x00,0x00,0x00,0x00,0x00,0x00,0x00,0x00,0x00,0x00,0x00,0x00,0x00,0x80,0x00,0x00,0x00,0x00,0x00,
    0x00,0x00,0x00,0x00,0x00,0x00,0x80,0x80,0x10,0x00,0x00,0x04,0x00,0x04,0x4c,0x04,0x4a,0x04,0xce,0x04,0x0a,0x00,0x8a,0x00,0x0a,0x00,0x8a,0x04,0x8e,0x04,0x8e,0xc4,
    0xce,0x45,0xce,0xc5,0x8b,0x01,0x8b,0xdd,0x9f,0x17,0xbf,0xdd,0xbf,0x17,0xbf,0x1d,0x3f,0x77,0xff,0x5d,0xff,0x77,0xff,0xdd,0xff,0x77,0xff,0xdd,0xff,0x77,0xfb,0xdd,
    0x08,0x00,0x08,0x0c,0x08,0x14,0x18,0x1c,0x18,0x10,0x18,0x14,0x38,0x10,0x38,0x14,0x38,0x94,0x3c,0x1c,0x2a,0x10,0x28,0x00,0x08,0x10,0x88,0x10,0x3a,0x10,0x3e,0x14,
    0x3e,0x1e,0x2e,0x04,0x2e,0x04,0x0e,0x0c,0x3e,0x14,0x3e,0x5c,0x3e,0x14,0x3e,0x1c,0x3a,0x30,0x3a,0x14,0x3a,0x74,0x7e,0x5c,0x7e,0x74,0x7e,0x5c,0x6e,0x44,0xee,0x4d,
    0x0b,0x57,0xbf,0x5d,0xbf,0x37,0xbf,0x1d,0x3f,0x37,0x3e,0x1c,0x3e,0x76,0x7e,0x5c,0xfe,0x77,0xff,0xdd,0xff,0x75,0xff,0xdd,0xfb,0x71,0xfb,0xdd,0xff,0x77,0xff,0xd5,
    0xff,0x77,0xef,0xcd,0xef,0x47,0xef,0xdd,0xff,0x57,0xff,0xdd,0xff,0x77,0xbf,0x1d,0xbf,0x77,0xff,0x5d,0xff,0x77,0xff,0xdd,0xff,0x77,0xff,0xdd,0xff,0x75,0xfb,0xdd,
    0x00,0x00,0x08,0x00,0x28,0x10,0x38,0x10,0x38,0x10,0x38,0x10,0x30,0x10,0x30,0x10,0x30,0x70,0x68,0x50,0x60,0x40,0x68,0x40,0x00,0x00,0x08,0x00,0x08,0x10,0x38,0x18,
    0x38,0x10,0x38,0x14,0x38,0x34,0x3c,0x5c,0x3c,0x74,0x7c,0x5c,0x7c,0x74,0xf8,0x58,0xf8,0x70,0xf8,0x50,0xf8,0x78,0xf8,0x54,0xfa,0x74,0xfe,0x45,0xee,0x44,0xee,0x4c,
    0xee,0x54,0xfe,0xdc,0xfe,0x56,0xbe,0x5c,0xbe,0x36,0xbe,0x5c,0x3e,0x76,0xfe,0x5e,0xfe,0x74,0xfe,0xdc,0xfe,0x74,0xfc,0xdd,0xfd,0x71,0xfb,0xdd,0xfb,0x77,0xff,0xdd,
    0xff,0x77,0xff,0xd5,0xef,0x77,0xef,0xdd,0xff,0x77,0xff,0xdd,0xff,0x77,0xff,0xfd,0xff,0x77,0xff,0xdd,0xff,0x77,0xff,0xdd,0xff,0x77,0xff,0xdd,0xff,0x75,0xff,0xdd,
    0x00,0x00,0x00,0x00,0x00,0x00,0x00,0x00,0x00,0x00,0x00,0x00,0x00,0x00,0x00,0x00,0x00,0x00,0x00,0x00,0x00,0x00,0x00,0x00,0x02,0x00,0x00,0x00,0x00,0x00,0x00,0x00,
    0x00,0x00,0x00,0x00,0x00,0x00,0x00,0x00,0x00,0x00,0x00,0x00,0x00,0x02,0x00,0x00,0x00,0x00,0x00,0x00,0x00,0x00,0x01,0x00,0x00,0x00,0x00,0x00,0x00,0x00,0x00,0x00,
    0x00,0x00,0x00,0x00,0x00,0x00,0x00,0x00,0x00,0x00,0x00,0x00,0x00,0x00,0x20,0x00,0x20,0x40,0x60,0x40,0x60,0x40,0xe0,0x41,0xe1,0x41,0xc1,0xc1,0xe1,0x51,0xe3,0xd1,
    0xb3,0x13,0xa3,0x11,0x23,0x33,0x3f,0x55,0xff,0x77,0xff,0xdd,0xff,0x75,0xff,0xdd,0xfb,0x71,0xfb,0xd9,0xfb,0x77,0xff,0xdd,0xff,0x77,0xff,0xd5,0xef,0x67,0xef,0xcd
  },
  { // 120
    0x00,0x00,0x00,0x00,0x00,0x00,0x00,0x00,0x00,0x00,0x00,0x00,0x00,0x00,0x00,0x00,0x00,0x00,0x00,0x00,0x00,0x00,0x00,0x00,0x00,0x00,0x00,0x00,0x00,0x00,0x00,0x00,
    0x00,0x00,0x00,0x00,0x00,0x00,0x00,0x00,0x00,0x00,0x00,0x00,0x00,0x00,0x00,0x00,0x00,0x00,0x80,0x00,0x00,0x00,0x00,0x00,0x00,0x00,0x00,0x00,0x00,0x00,0x80,0x80,
    0x80,0x00,0x80,0x00,0x80,0x10,0x00,0x00,0x40,0x00,0x40,0x00,0x40,0x00,0x10,0x00,0x80,0x00,0x80,0x00,0x80,0x80,0x80,0x00,0x80,0x80,0x82,0x01,0x82,0xc5,0x82,0x45,
    0xc6,0xc5,0xc6,0x45,0xcf,0xc5,0xcf,0x47,0xcf,0xdd,0x9f,0x17,0x9f,0x9d,0xbf,0x17,0xbf,0x5d,0xff,0x77,0xff,0xdd,0xff,0x77,0xfe,0xdd,0xfd,0x75,0xfd,0xdd,0xfb,0x77,
    0x0c,0x04,0x0c,0x04,0x0c,0x0c,0x08,0x00,0x08,0x00,0x48,0x10,0x08,0x10,0x0a,0x11,0x0a,0x04,0x02,0x00,0x08,0x84,0x20,0x00,0x08,0x04,0x0a,0x04,0x0e,0x1c,0x0e,0x16,
    0x0e,0x14,0x0e,0x16,0x0e,0x1c,0x7e,0x36,0x3e,0x1c,0x3e,0x14,0x3e,0x1c,0x38,0x10,0x38,0x18,0x3a,0x11,0x3a,0x15,0x3b,0x37,0x3e,0x15,0x26,0x07,0x2e,0x05,0x2f,0x07,
    0x0f,0x1d,0x3f,0x17,0x3f,0x1d,0x3f,0x17,0x3f,0x1d,0x3f,0x37,0x3e,0x5d,0x7e,0x77,0xfe,0x5c,0xfe,0x74,0xfc,0xdd,0xf9,0x75,0xfb,0xfd,0xfb,0x77,0xff,0xdd,0xff,0x77,
    0xff,0x55,0xef,0x77,0xef,0xdd,0xff,0x77,0xff,0xdd,0xff,0x77,0xff,0xdd,0xbf,0x77,0xff,0xdd,0xff,0x77,0xff,0xdd,0xff,0x77,0xff,0xdd,0xff,0x75,0xff,0xdd,0xff,0x77,
    0x28,0x10,0x38,0x10,0x38,0x1c,0x38,0x10,0x38,0x10,0x38,0x10,0x38,0x10,0x38,0x10,0x38,0x10,0x20,0x10,0x20,0x00,0x20,0x00,0x0c,0x04,0x0c,0x04,0x0c,0x1c,0x3c,0x14,
    0x1c,0x1c,0x38,0x14,0x3c,0x1c,0x3e,0x34,0x3e,0x7c,0x7e,0x74,0x7c,0x7c,0x78,0x70,0x78,0x58,0x78,0x70,0xfa,0x5c,0x7b,0x76,0xfe,0x54,0x36,0x16,0x2e,0x44,0x2e,0x76,
    0x7e,0x5c,0x7e,0x77,0xfe,0x5c,0xbe,0x54,0xbe,0x5d,0xbe,0x77,0xfe,0x5d,0xfe,0x77,0xfe,0xdc,0xfe,0x76,0xfe,0xd4,0xee,0x75,0xff,0xdd,0xff,0x77,0xff,0xdd,0xff,0x57,
    0xbf,0x9d,0xbf,0x37,0xff,0x5d,0xff,0x77,0xff,0xdd,0xff,0x77,0xff,0xdd,0xff,0x77,0xff,0xdf,0xff,0xf7,0xff,0xdd,0xff,0x77,0xff,0xd5,0xff,0x77,0xef,0xcd,0xef,0x77,
    0x00,0x00,0x00,0x00,0x00,0x00,0x00,0x00,0x00,0x00,0x00,0x00,0x00,0x00,0x00,0x00,0x00,0x00,0x01,0x00,0x00,0x00,0x00,0x00,0x00,0x00,0x00,0x00,0x00,0x00,0x00,0x00,
    0x00,0x00,0x00,0x00,0x00,0x08,0x00,0x00,0x00,0x00,0x00,0x00,0x00,0x00,0x00,0x01,0x00,0x00,0x00,0x00,0x00,0x00,0x00,0x00,0x00,0x00,0x00,0x00,0x00,0x00,0x00,0x00,
    0x00,0x00,0x00,0x00,0x00,0x00,0x00,0x00,0x00,0x00,0x00,0x00,0x20,0x00,0x20,0x10,0x20,0x40,0x20,0x40,0x20,0x40,0x20,0x40,0xe0,0x41,0xe9,0x41,0xe9,0x51,0x99,0x11,
    0x99,0x19,0xbb,0x31,0xbb,0x5d,0xbf,0x77,0xff,0x5d,0xfe,0x74,0xfe,0xdc,0xfc,0x75,0xfd,0xdd,0xfb,0x75,0xff,0xdd,0xfb,0x77,0xff,0xd5,0xf7,0x77,0xff,0xdd,0xff,0x77
  },
  { // 121
    0x00,0x00,0x00,0x00,0x00,0x00,0x00,0x00,0x00,0x80,0x00,0x00,0x00,0x00,0x00,0x00,0x00,0x00,0x00,0x00,0x00,0x00,0x00,0x00,0x00,0x00,0x00,0x00,0x00,0x00,0x00,0x00,
    0x00,0x00,0x00,0x00,0x00,0x00,0x00,0x00,0x80,0x00,0x00,0x00,0x00,0x00,0x00,0x00,0x00,0x00,0x80,0x00,0x80,0x40,0xc0,0x00,0x00,0x00,0x80,0x00,0x80,0x00,0x80,0x00,
    0x80,0x20,0x80,0x20,0x80,0x20,0x80,0x20,0x80,0x00,0x80,0x00,0x80,0x00,0x80,0x00,0x80,0x00,0x80,0xc0,0xc0,0x40,0xc0,0xc0,0xc0,0x41,0xc0,0xc1,0x83,0x01,0x83,0xc1,
    0x83,0x43,0xc7,0xc5,0xe7,0x47,0xef,0xc5,0xef,0x47,0xcf,0xdd,0xbf,0x57,0xff,0xdd,0xff,0x77,0xff,0xdd,0xff,0x77,0xfe,0xd4,0xfe,0x77,0xff,0xdd,0xff,0x77,0xff,0xdd,
    0x02,0x44,0x0e,0x04,0x00,0x00,0x08,0x00,0x00,0x00,0x08,0x00,0x08,0x00,0x4a,0x00,0x02,0x00,0x02,0x00,0x02,0x00,0x16,0x04,0x0e,0x06,0x0e,0x0d,0x0e,0x05,0x0e,0x8d,
    0x0e,0x05,0x0e,0x1c,0x1e,0x17,0x1e,0x1c,0x1e,0x14,0x0e,0x04,0x0c,0x04,0x0c,0x0c,0x08,0x15,0x0f,0x1d,0x1b,0x13,0x0b,0x11,0x03,0x07,0x0f,0x05,0x0f,0x17,0x2f,0x1d,
    0x2f,0x17,0x0f,0x1d,0x1f,0x17,0x1f,0x1d,0x3f,0x17,0xbf,0x1d,0xbf,0x37,0xbf,0x5d,0xbe,0x76,0xff,0x55,0xee,0x77,0xef,0xdd,0xff,0x57,0xff,0xdd,0xbf,0x17,0x9f,0x9d,
    0xbf,0x17,0xbf,0x5d,0xbf,0x77,0xff,0x5d,0xff,0x77,0xfe,0x5d,0xfe,0x75,0xff,0xdd,0xff,0x77,0xff,0xdd,0xff,0x77,0xfb,0xd5,0xf7,0x77,0xff,0xd5,0xff,0x77,0xff,0xdd,
    0x18,0x14,0x38,0x14,0x28,0x10,0x08,0x00,0x08,0x80,0x08,0x00,0x08,0x10,0x08,0x11,0x0a,0x10,0x0a,0x00,0x02,0x04,0x0e,0x14,0x2e,0x16,0x2e,0x1c,0x3e,0x14,0x3e,0x1c,
    0x3e,0x14,0x3c,0x5c,0x7e,0x74,0x3e,0x5c,0x3a,0x34,0x3a,0x14,0x32,0x34,0x2e,0x44,0x6e,0x74,0x6e,0x5d,0x7f,0x17,0x1f,0x1d,0x1f,0x17,0x1f,0x1d,0x3f,0x37,0x3f,0x1d,
    0x3f,0x77,0x7e,0x5c,0x7e,0x74,0x7e,0x5c,0x7e,0x75,0xff,0x5d,0xff,0x77,0xfb,0x5d,0xfb,0x73,0xf3,0x55,0xf7,0x77,0xff,0xdd,0xff,0x77,0xff,0xdd,0xff,0x57,0xdf,0x5d,
    0xbf,0x17,0xbf,0xdd,0xff,0x77,0xff,0x5d,0xff,0x77,0xff,0x5c,0xff,0x74,0xfe,0xfd,0xff,0x77,0xff,0xdd,0xff,0x77,0xfb,0xd5,0xfb,0x77,0xff,0xd5,0xff,0x77,0xff,0xdd,
    0x00,0x00,0x00,0x00,0x00,0x00,0x00,0x00,0x00,0x00,0x00,0x00,0x02,0x00,0x00,0x00,0x00,0x00,0x00,0x00,0x00,0x00,0x00,0x04,0x00,0x00,0x00,0x00,0x10,0x00,0x00,0x00,
    0x00,0x00,0x00,0x00,0x00,0x00,0x02,0x00,0x00,0x00,0x00,0x00,0x00,0x00,0x00,0x00,0x00,0x00,0x00,0x00,0x00,0x00,0x00,0x00,0x00,0x00,0x00,0x00,0x00,0x00,0x00,0x00,
    0x20,0x00,0x20,0x00,0x20,0x00,0x20,0x00,0x20,0x00,0x20,0x40,0x20,0x10,0x28,0x10,0x20,0x10,0x20,0x00,0x20,0x10,0x28,0x50,0x28,0x74,0x6c,0x5c,0xac,0x54,0x2c,0x5c,
    0x3c,0x54,0xfc,0x5d,0xff,0x75,0xff,0xdd,0xfa,0x75,0xfa,0x55,0xfa,0x74,0xfe,0xdd,0xff,0x77,0xff,0xdd,0xff,0x77,0xff,0xdd,0xff,0x57,0xff,0xdd,0xff,0x77,0xff,0xdd
  },
  { // 122
    0x00,0x00,0x00,0x00,0x40,0x00,0x00,0x00,0x00,0x00,0x00,0x00,0x00,0x00,0x00,0x00,0x00,0x00,0x00,0x00,0x00,0x00,0x00,0x00,0x00,0x00,0x00,0x00,0x00,0x00,0x00,0x00,
    0x00,0x00,0x00,0x00,0x00,0x00,0x00,0x00,0x00,0x00,0x00,0x00,0x00,0x00,0xa0,0x00,0x80,0x80,0x80,0x00,0x80,0x80,0x80,0x00,0x80,0x00,0x80,0x00,0x80,0x00,0x80,0x00,
    0x80,0x20,0x00,0x00,0x80,0x00,0x80,0x00,0x80,0xc0,0x80,0x40,0x80,0xc0,0x80,0x40,0xc0,0xc0,0xc0,0x40,0xc0,0xc0,0xc0,0x40,0xc0,0xc0,0xc0,0x41,0x80,0xc1,0x83,0x01,
    0x83,0xc1,0xa3,0x47,0xe7,0x45,0xe6,0x66,0xee,0x44,0xee,0x74,0xfe,0xdf,0xff,0x75,0xff,0xdf,0xfb,0x73,0xfb,0xf1,0xfb,0x77,0xff,0xd5,0xff,0x77,0xff,0xdd,0xff,0x77,
    0x02,0x00,0x00,0x00,0x00,0x00,0x00,0x40,0x00,0x00,0x00,0x00,0x00,0x00,0x00,0x00,0x02,0x00,0x22,0x09,0x02,0x05,0x06,0x07,0x0e,0x04,0x0e,0x04,0x0e,0x04,0x0e,0x04,
    0x0f,0x0c,0x0e,0x05,0x0e,0x0d,0x0a,0x00,0x0a,0x00,0x02,0x00,0x02,0x04,0x06,0x05,0x0f,0x05,0x0f,0x05,0x8f,0x05,0x0b,0x07,0x8f,0x05,0x0f,0x17,0x1f,0x1d,0x1f,0x17,
    0x1f,0x1d,0x0e,0x16,0x0e,0x1c,0xbe,0x95,0xbf,0x9d,0xbf,0x15,0xbf,0x9b,0xbb,0x13,0xbb,0xd9,0xb3,0x77,0xff,0xd5,0xef,0x77,0xef,0xcd,0xef,0x47,0x8f,0xdd,0x9f,0x17,
    0xbf,0xdd,0xbf,0x37,0xbf,0x5d,0xbf,0x77,0xfe,0x5c,0xfe,0x76,0xfe,0xdd,0xff,0x77,0xff,0xdd,0xff,0x75,0xfb,0xd9,0xfb,0x73,0xff,0xdd,0xff,0x77,0xff,0xdd,0xff,0x77,
    0x18,0x10,0x18,0x50,0x00,0x00,0x02,0x00,0x0a,0x04,0x0f,0x04,0x0e,0x04,0x0a,0x04,0x0a,0x04,0x0a,0x14,0x0e,0x1c,0x1e,0x16,0x1f,0x1c,0x3e,0x16,0xbe,0x1c,0x3e,0x14,
    0x3e,0x1c,0x3e,0x14,0x3e,0x1c,0x3a,0x11,0x3a,0x31,0x32,0x31,0x32,0x35,0x37,0x37,0x2f,0x05,0x2f,0x27,0x0f,0x0d,0x0f,0x17,0x1f,0x1d,0x3f,0x17,0x3f,0x1d,0x3f,0x37,
    0x3f,0x1c,0x3e,0x36,0x3e,0x5c,0x7e,0x74,0x7e,0x5d,0x7f,0x75,0x7f,0x5d,0x7b,0x51,0x7b,0x51,0x3b,0x77,0xff,0x5d,0x7f,0x77,0xff,0x5d,0x7f,0x77,0x6f,0x5d,0x7f,0x77,
    0xff,0xdd,0xff,0x77,0xff,0xfd,0xff,0x77,0xff,0x5d,0xfe,0x77,0xff,0xdd,0xff,0x77,0xff,0xdd,0xff,0x77,0xff,0xdd,0xff,0x57,0xff,0xdd,0xff,0x77,0xff,0xdd,0xff,0x77,
    0x00,0x00,0x00,0x00,0x00,0x00,0x00,0x00,0x02,0x00,0x00,0x00,0x00,0x00,0x00,0x00,0x00,0x00,0x00,0x08,0x20,0x00,0x00,0x00,0x00,0x00,0x00,0x00,0x00,0x00,0x00,0x01,
    0x00,0x00,0x00,0x00,0x00,0x00,0x00,0x00,0x00,0x00,0x00,0x00,0x00,0x00,0x00,0x00,0x00,0x00,0x00,0x00,0x00,0x00,0x00,0x00,0x00,0x00,0x00,0x00,0x00,0x00,0x00,0x10,
    0x00,0x10,0x20,0x10,0x20,0x00,0x20,0x10,0x20,0x00,0x20,0x00,0x28,0x00,0x08,0x00,0x08,0x00,0x08,0x10,0x38,0x1c,0xb8,0x14,0x3c,0x1c,0x3e,0x34,0x3e,0xdc,0x3e,0x74,
    0x7e,0x5c,0xfe,0x74,0xfc,0xdd,0xf8,0x71,0xf8,0xd9,0xfb,0x71,0xfb,0xd5,0xff,0x77,0xff,0xdd,0xef,0x67,0xef,0xcd,0xef,0x57,0xff,0xdd,0xff,0x77,0xff,0xdd,0xff,0x77
  },
  { // 123
    0x00,0x00,0x00,0x00,0x00,0x00,0x00,0x00,0x00,0x00,0x00,0x00,0x00,0x00,0x00,0x00,0x00,0x00,0x00,0x00,0x00,0x00,0x00,0x00,0x00,0x00,0x00,0x00,0x00,0x00,0x00,0x00,
    0x00,0x00,0x80,0x00,0x00,0x00,0x80,0x08,0x00,0x00,0x80,0x00,0x80,0x40,0x80,0x00,0x80,0x00,0x80,0x80,0x80,0x00,0x80,0x80,0x80,0x00,0x80,0x20,0x80,0x00,0x00,0x00,
    0x00,0x00,0x00,0x00,0x80,0x40,0xc0,0xc0,0xc0,0x40,0xc0,0xc0,0x80,0x40,0xc0,0xc0,0xc0,0x40,0xc0,0xc0,0xc0,0x40,0xc0,0xc0,0xc0,0x40,0xc0,0xc0,0xc0,0x41,0xc0,0xc1,
    0xa3,0x41,0xa3,0xc1,0xa2,0x21,0xa2,0x44,0xe2,0x74,0xfe,0xd5,0xfe,0x75,0xfe,0xdd,0xfb,0x71,0xf9,0xd9,0xfb,0x73,0xfb,0xd5,0xff,0x77,0xff,0xdd,0xff,0x77,0xef,0xcd,
    0x00,0x20,0x00,0x00,0x00,0x00,0x00,0x00,0x02,0x00,0x00,0x00,0x04,0x40,0x00,0x00,0x02,0x01,0x03,0x01,0x03,0x07,0x07,0x05,0x02,0x06,0x06,0x04,0x06,0x04,0x0e,0x04,
    0x0e,0x04,0x0e,0x04,0x08,0x41,0x08,0x01,0x02,0x01,0x03,0x01,0x03,0x07,0x87,0x05,0x07,0x07,0x8f,0x05,0x0f,0x07,0x9f,0x0d,0x8f,0x07,0x8f,0x1d,0x8f,0x17,0x8f,0x1d,
    0x1e,0x16,0x4e,0x1c,0x1e,0x16,0x9e,0xdd,0xbf,0x55,0xcf,0xdd,0x89,0x15,0x8b,0xd1,0xbb,0x13,0xbf,0xd5,0xbf,0x17,0xaf,0xd5,0xaf,0x07,0xaf,0x4d,0xaf,0x57,0xff,0xdd,
    0xff,0x77,0xff,0xdd,0xbf,0x77,0xff,0xdd,0xff,0x77,0xff,0xdd,0xff,0x77,0xff,0xdd,0xff,0x77,0xef,0xdd,0xff,0x57,0xff,0xdd,0xff,0x77,0xff,0xdd,0xff,0x77,0xff,0x5d,
    0x08,0x00,0x08,0x00,0x02,0x00,0x02,0x04,0x02,0x06,0x0e,0x04,0x06,0x04,0x0e,0x04,0x0e,0x05,0x0e,0x1d,0x1e,0x17,0x1e,0x1d,0x9e,0x16,0x1e,0x1c,0x3e,0x14,0x3e,0x1c,
    0x3e,0x14,0x3e,0x1c,0x3e,0x15,0x08,0x11,0x0b,0x11,0x1b,0x15,0x3b,0x37,0x3f,0x15,0x3f,0x17,0x2f,0x05,0x2f,0x07,0x2e,0x1d,0x3f,0x17,0x3f,0x1d,0x3f,0x17,0x3f,0x1d,
    0x3b,0x37,0x3e,0x5d,0x3e,0x77,0x7f,0x5d,0x7f,0x77,0x7f,0x5d,0x6f,0x45,0x6f,0x5d,0x3f,0x57,0x3f,0x5d,0x3f,0x37,0x3f,0x1d,0x3f,0x37,0x3f,0x5d,0x3f,0x77,0x7f,0x5d,
    0xff,0x77,0xff,0xdd,0xff,0x75,0xff,0xdd,0xfb,0x73,0xff,0xdd,0xff,0x77,0xff,0xdd,0xff,0x77,0xef,0xcd,0xef,0x47,0xff,0xdd,0xff,0x77,0xff,0xdd,0xff,0x77,0xbf,0x5d,
    0x00,0x00,0x00,0x00,0x04,0x00,0x00,0x00,0x00,0x00,0x00,0x00,0x00,0x20,0x08,0x00,0x00,0x00,0x00,0x00,0x01,0x00,0x00,0x00,0x00,0x00,0x00,0x00,0x00,0x00,0x00,0x00,
    0x00,0x00,0x00,0x00,0x00,0x02,0x00,0x00,0x00,0x00,0x00,0x00,0x00,0x00,0x00,0x00,0x00,0x00,0x00,0x00,0x00,0x00,0x00,0x00,0x00,0x00,0x08,0x00,0x08,0x00,0x08,0x00,
    0x00,0x10,0x08,0x10,0x20,0x10,0x20,0x10,0x20,0x00,0x20,0x00,0x20,0x00,0x08,0x04,0x08,0x04,0x0d,0x1c,0x3c,0x14,0x3e,0x1c,0x7e,0x14,0x3e,0x1c,0x3e,0x74,0x7e,0x5c,
    0x7e,0x74,0xfe,0x5c,0xfc,0x74,0xf8,0xd9,0xf9,0x71,0xfb,0xdd,0xff,0x77,0xff,0xd5,0xff,0x77,0xef,0x5d,0xef,0x77,0xff,0xdd,0xff,0x77,0xff,0xdd,0xff,0x77,0xff,0xdd
  },
  { // 124
    0x00,0x00,0x00,0x00,0x00,0x00,0x00,0x00,0x00,0x00,0x00,0x00,0x00,0x00,0x00,0x00,0x00,0x00,0x00,0x00,0x00,0x00,0x00,0x00,0x00,0x00,0x00,0x00,0x00,0x04,0x00,0x00,
    0x80,0x00,0x00,0x00,0x80,0x00,0x80,0x00,0x80,0xa0,0x80,0x00,0x80,0x00,0x80,0x00,0x80,0x00,0x80,0x00,0x90,0x00,0x80,0x00,0x80,0x80,0x80,0x00,0x80,0x00,0x00,0x00,
    0x80,0x00,0x80,0x40,0xc0,0xc0,0xc0,0x40,0xc0,0xc0,0xc0,0x40,0xc0,0xc0,0xc0,0x40,0xc0,0xc0,0xc0,0x40,0x80,0xc0,0x80,0x00,0x80,0x40,0xe0,0x40,0xe0,0xc0,0xe0,0x40,
    0xe0,0xc0,0xe0,0x40,0xe0,0xd0,0xf2,0x71,0xf2,0xd1,0xf3,0x73,0xfa,0xd5,0xe2,0x65,0xee,0xd5,0xef,0x75,0xff,0xdd,0xff,0x77,0xff,0xdd,0xff,0x37,0xbf,0x9d,0xbf,0x77,
    0x00,0x00,0x01,0x00,0x00,0x00,0x02,0x00,0x02,0x00,0x02,0x00,0x02,0x00,0x02,0x10,0x02,0x05,0x02,0x05,0x02,0x05,0x02,0x00,0x02,0x00,0x02,0x00,0x02,0x04,0x22,0x04,
    0x06,0x04,0x00,0x00,0x00,0x00,0x00,0x01,0x8b,0x01,0x83,0x03,0x8b,0x05,0x83,0x17,0x07,0x05,0x07,0x07,0x0f,0x05,0x0f,0x07,0x8f,0x0d,0x8f,0x05,0xcf,0x0d,0x8b,0x15,
    0x8b,0x1f,0xdb,0x17,0xbf,0x95,0x8f,0x17,0x8e,0xc5,0x87,0x45,0xcf,0xc5,0x8f,0x47,0xcf,0xdd,0x9f,0x17,0xbf,0x9d,0xbf,0x17,0xbf,0x1d,0x3f,0x77,0xff,0x5d,0xff,0x77,
    0xff,0xdd,0xff,0x75,0xfd,0xdd,0xfb,0x77,0xff,0xdd,0xff,0x77,0xff,0xd5,0xf7,0x77,0xef,0xc5,0xef,0x67,0xef,0xdd,0xff,0x77,0xff,0xdd,0xff,0x57,0xbf,0x9d,0xbf,0x77,
    0x08,0x00,0x08,0x00,0x0a,0x05,0x0b,0x07,0x0a,0x05,0x02,0x06,0x0e,0x04,0x0e,0x06,0x2e,0x0c,0x0e,0x14,0x0e,0x1c,0x1e,0x14,0x18,0x1c,0x1a,0x10,0x1a,0x1d,0x1a,0x17,
    0x1e,0x14,0x26,0x04,0x0e,0x04,0x0e,0x07,0x0f,0x0d,0x0f,0x17,0x1f,0x3d,0x1f,0x37,0x1f,0x3d,0x3f,0x17,0x3f,0x1d,0x3f,0x37,0x3e,0x1c,0x3e,0x34,0x3e,0x1c,0x3c,0x15,
    0x39,0x1d,0x3b,0x37,0x3f,0x1d,0x3b,0x37,0x3f,0x15,0x27,0x07,0x2f,0x4d,0x2f,0x57,0x7f,0x5d,0x3f,0x17,0x3f,0x1d,0x3f,0x37,0x3f,0x1d,0x3f,0x77,0xff,0x5d,0x7f,0x77,
    0xfe,0x5c,0xfe,0x74,0xfe,0xdd,0xff,0x75,0xff,0xdd,0xff,0x77,0xff,0xdd,0xff,0x77,0xff,0xd5,0xff,0x77,0xff,0xdd,0xff,0x77,0xff,0xdd,0xff,0x77,0xff,0xdd,0xff,0x77,
    0x00,0x00,0x00,0x00,0x00,0x00,0x00,0x00,0x10,0x00,0x00,0x02,0x00,0x00,0x00,0x00,0x00,0x00,0x00,0x00,0x00,0x00,0x00,0x00,0x00,0x00,0x00,0x00,0x00,0x00,0x00,0x00,
    0x00,0x02,0x00,0x00,0x00,0x00,0x00,0x00,0x00,0x00,0x00,0x00,0x00,0x00,0x00,0x00,0x00,0x00,0x00,0x00,0x00,0x00,0x00,0x00,0x00,0x00,0x00,0x00,0x00,0x00,0x00,0x00,
    0x08,0x00,0x08,0x00,0x08,0x10,0x08,0x10,0x00,0x00,0x00,0x00,0x2a,0x04,0x2c,0x14,0x2c,0x1c,0x3c,0x54,0x3c,0x1c,0x3c,0x14,0x3c,0x1c,0x3a,0x74,0x7e,0x5c,0x7e,0x74,
    0x7e,0x54,0x7a,0x74,0xee,0x44,0xee,0x75,0xff,0xdd,0xff,0x57,0xff,0xdd,0xbf,0x17,0xbf,0x1d,0xbf,0x37,0xff,0x5d,0xff,0x77,0xff,0x5d,0xff,0x77,0xfe,0xdd,0xff,0x75
  },
  { // 125
    0x00,0x00,0x00,0x00,0x00,0x00,0x00,0x00,0x00,0x00,0x00,0x00,0x00,0x00,0x00,0x00,0x00,0x00,0x00,0x00,0x02,0x00,0x00,0x00,0x00,0x00,0x00,0x00,0x00,0x00,0x00,0x00,
    0x00,0x00,0x80,0x00,0x80,0x20,0x80,0x80,0x80,0x00,0x80,0x80,0x80,0x08,0x80,0x00,0x00,0x00,0x80,0x00,0x00,0x00,0x80,0x00,0x00,0x00,0x80,0x00,0x80,0x00,0x80,0x80,
    0x80,0x00,0xa0,0xc0,0xa0,0x40,0xe0,0xc0,0xc0,0x40,0xc0,0xc0,0xc0,0x40,0xc0,0xc0,0xc0,0x40,0x80,0x80,0x80,0x00,0x80,0x00,0xa0,0x00,0xe0,0x40,0xe0,0x60,0xe0,0x40,
    0xe0,0x40,0xe0,0xc0,0xe0,0x61,0xe1,0xd1,0xf3,0x71,0xf3,0xd1,0xf3,0x73,0xe3,0xc5,0xe7,0x67,0xef,0xdd,0xef,0x77,0xff,0xdd,0xff,0x57,0xff,0xdd,0xbf,0x77,0xff,0xdd,
    0x00,0x00,0x00,0x00,0x00,0x10,0x02,0x00,0x02,0x00,0x02,0x00,0x02,0x00,0x06,0x04,0x02,0x04,0x06,0x04,0x00,0x00,0x00,0x00,0x08,0x00,0x02,0x01,0x02,0x01,0x02,0x00,
    0x02,0x00,0x02,0x00,0x02,0x05,0x07,0x05,0x1f,0x07,0x8f,0x05,0x0b,0x07,0x8f,0x05,0x0f,0x07,0x0f,0x05,0x0f,0x07,0x4e,0x0c,0x0e,0x04,0x0f,0x0d,0x8c,0x04,0xcc,0x8d,
    0x8b,0x15,0x8b,0x99,0x8b,0x17,0x83,0x81,0x83,0x07,0x87,0x85,0x8f,0x47,0xaf,0xcf,0xaf,0x07,0xaf,0x9d,0x9f,0x37,0x9f,0x9d,0xbf,0x37,0xff,0xdd,0xff,0x77,0xfe,0x5d,
    0xfe,0x75,0xfe,0xdd,0xff,0x75,0xff,0xdd,0xff,0x77,0xff,0xdd,0xfb,0x57,0xff,0xd5,0xff,0x77,0xff,0xdd,0xff,0x77,0xff,0xdd,0xff,0x77,0xff,0xdd,0xff,0x77,0xff,0xdd,
    0x06,0x04,0x0e,0x04,0x0e,0x04,0x0e,0x14,0x0a,0x04,0x0e,0x1c,0x0e,0x16,0x1e,0x1c,0x1e,0x16,0x0e,0x1c,0x0e,0x14,0x0c,0x1c,0x08,0x14,0x1c,0x1d,0x1b,0x11,0x1b,0x11,
    0x03,0x13,0x03,0x05,0x07,0x07,0x2f,0x0d,0x2f,0x07,0x2f,0x0d,0x0f,0x17,0x1f,0x1d,0x1f,0x17,0x3f,0x1d,0x3f,0x37,0x3f,0x3d,0x3e,0x36,0x3e,0x14,0x3e,0x3c,0x3e,0x1d,
    0x3f,0x35,0x3f,0x1d,0x3f,0x17,0x3f,0x15,0x3b,0x17,0x3f,0x1d,0x3f,0x37,0x3f,0x5d,0x3f,0x37,0x3f,0x5d,0x3f,0x57,0x7f,0x5f,0x7f,0x77,0xff,0x5d,0xff,0x77,0xff,0x5d,
    0xff,0x77,0xff,0x55,0xff,0x77,0xff,0xdd,0xff,0x77,0xff,0xdd,0xdf,0x57,0x9f,0xdf,0xbf,0x37,0xff,0xdf,0xff,0x77,0xff,0x5d,0xff,0x77,0xfe,0xdd,0xff,0x77,0xff,0xdd,
    0x00,0x22,0x00,0x00,0x00,0x00,0x00,0x00,0x00,0x00,0x00,0x00,0x00,0x00,0x00,0x00,0x00,0x00,0x00,0x00,0x00,0x00,0x00,0x00,0x00,0x00,0x00,0x00,0x00,0x02,0x00,0x00,
    0x00,0x00,0x00,0x00,0x00,0x00,0x00,0x00,0x00,0x00,0x00,0x00,0x00,0x00,0x00,0x00,0x00,0x00,0x00,0x00,0x00,0x00,0x00,0x00,0x00,0x00,0x00,0x00,0x00,0x00,0x00,0x00,
    0x00,0x00,0x88,0x00,0x08,0x04,0x08,0x00,0x08,0x10,0x08,0x14,0x38,0x34,0x3c,0x1c,0x3c,0x34,0x3c,0x1c,0x3c,0x34,0x3e,0x5c,0x7c,0x74,0x7c,0x5c,0x78,0x70,0x78,0x50,
    0x3a,0x71,0xf2,0x55,0xf7,0x77,0xff,0x5d,0xff,0x77,0xef,0x5d,0xef,0x57,0xdf,0xdd,0xbf,0x77,0xff,0xdd,0xff,0x77,0xff,0x5d,0xff,0x76,0xfe,0xdc,0xfe,0x77,0xff,0xdd
  },
  { // 126
    0x00,0x00,0x00,0x00,0x00,0x00,0x00,0x00,0x00,0x00,0x00,0x00,0x04,0x00,0x00,0x00,0x00,0x00,0x00,0x00,0x00,0x00,0x00,0x00,0x00,0x00,0x00,0x00,0x00,0x00,0x00,0x00,
    0x00,0x10,0x00,0x00,0x80,0x00,0x80,0x02,0x80,0x00,0x80,0x00,0x80,0x00,0x80,0x00,0x80,0x00,0x00,0x00,0x00,0x00,0x00,0x00,0x00,0x00,0x00,0x00,0x80,0x80,0x80,0x00,
    0x80,0x80,0x80,0x00,0x80,0x80,0x80,0x40,0x80,0xc0,0x80,0x40,0xc0,0xc0,0x80,0x40,0x80,0xc0,0x80,0x00,0x80,0x88,0x80,0x00,0x80,0xc0,0xa0,0xc0,0xe0,0x40,0xe0,0x60,
    0xe0,0xc0,0xe0,0x60,0xe0,0xc1,0xe1,0x61,0xe1,0xc1,0xe3,0x41,0xe3,0xd1,0xf3,0x77,0xff,0xd5,0xff,0x77,0xff,0xdd,0xff,0x77,0xff,0xdd,0xff,0x77,0xff,0xdd,0xff,0x77,
    0x00,0x00,0x02,0x00,0x00,0x00,0x02,0x00,0x02,0x00,0x02,0x00,0x02,0x04,0x02,0x04,0x02,0x04,0x02,0x08,0x00,0x04,0x00,0x00,0x08,0x04,0x00,0x81,0x08,0x01,0x02,0x01,
    0x82,0x01,0x03,0x03,0x07,0x05,0x07,0x07,0x0f,0x05,0x0f,0x07,0x0f,0x0d,0x0f,0x07,0x0f,0x4d,0x0f,0x17,0x0f,0x1d,0x0e,0x16,0x4e,0x04,0x0e,0x44,0x8e,0x0d,0x8f,0x05,
    0x8f,0x8d,0x8b,0x01,0x8b,0x81,0x8b,0x13,0x8f,0x95,0x9f,0x17,0xbf,0x1d,0xaf,0x17,0x2f,0x2d,0x2f,0x17,0xbf,0xdf,0xbf,0x57,0xff,0xdd,0xff,0x77,0xff,0xdd,0xfb,0x77,
    0xff,0xd5,0xff,0x77,0xff,0xdd,0xff,0x77,0xef,0xcd,0xef,0x57,0xdf,0xdd,0xbf,0x57,0xff,0xdd,0xff,0x77,0xff,0x5d,0x7f,0x77,0xfe,0x5d,0xff,0x77,0xff,0xdd,0xff,0x77,
    0x0e,0x04,0x0e,0x04,0x0e,0x04,0x0e,0x04,0x0e,0x1c,0x1e,0x14,0x1e,0x1c,0x1e,0x14,0x1e,0x14,0x1a,0x14,0x0e,0x14,0x0e,0x14,0x0e,0x1c,0x0e,0x15,0x0e,0x05,0x0b,0x01,
    0x0b,0x15,0x0b,0x17,0x1f,0x1d,0x3f,0x17,0x3f,0x1d,0x2e,0x16,0x2e,0x1c,0x3e,0x35,0x3e,0x3d,0x3f,0x35,0x3f,0x1d,0x3f,0x31,0x3a,0x11,0x3a,0x37,0x3f,0x15,0x3f,0x37,
    0x2f,0x4d,0x2f,0x07,0x0f,0x0d,0x0f,0x17,0x1f,0x1d,0x3f,0x37,0x3f,0x1d,0x3f,0x37,0x3f,0x5c,0x3e,0x76,0x7e,0x5c,0x7f,0x77,0xff,0x5d,0xff,0x75,0xfb,0xd9,0xfb,0x73,
    0xfb,0xd5,0xff,0x77,0xff,0xdd,0xff,0x77,0xef,0xcd,0xef,0x57,0xff,0xdd,0xff,0x77,0xff,0xdd,0xff,0x77,0xff,0xdd,0xff,0x77,0xfe,0x5c,0xfe,0x77,0xff,0xdd,0xff,0x77,
    0x00,0x00,0x00,0x00,0x00,0x00,0x00,0x00,0x00,0x00,0x00,0x00,0x00,0x00,0x00,0x00,0x00,0x00,0x00,0x00,0x00,0x00,0x00,0x00,0x00,0x00,0x02,0x00,0x00,0x00,0x00,0x00,
    0x00,0x00,0x00,0x00,0x00,0x00,0x00,0x00,0x00,0x00,0x00,0x00,0x00,0x00,0x00,0x00,0x00,0x00,0x00,0x00,0x00,0x00,0x00,0x00,0x00,0x00,0x00,0x00,0x00,0x00,0x00,0x00,
    0x08,0x00,0x00,0x00,0x08,0x00,0x08,0x00,0x18,0x18,0x18,0x10,0x38,0x18,0x38,0x10,0x38,0x10,0x38,0x30,0x38,0x54,0x78,0x74,0x7c,0x5c,0x78,0x70,0x78,0x58,0x78,0x50,
    0xfa,0x51,0xbb,0x77,0xff,0x5d,0xbf,0x77,0xff,0x5d,0x3f,0x77,0xfe,0x5d,0xff,0x77,0xff,0xdd,0xff,0x77,0xff,0xdd,0xff,0x77,0xff,0xdd,0xff,0x77,0xff,0xdd,0xff,0x77
  },
  { // 127
    0x00,0x00,0x00,0x08,0x00,0x00,0x00,0x00,0x00,0x00,0x00,0x00,0x00,0x00,0x00,0x00,0x00,0x00,0x00,0x00,0x00,0x00,0x00,0x00,0x00,0x00,0x00,0x00,0x00,0x10,0x00,0x00,
    0x01,0x00,0x00,0x00,0x00,0x00,0x00,0x00,0x00,0x00,0x00,0x00,0x00,0x00,0x40,0x00,0x00,0x00,0x80,0x00,0x00,0x00,0x00,0x00,0x00,0x00,0x80,0x00,0x80,0x00,0x80,0x80,
    0xa0,0x00,0xa0,0x80,0xa0,0x00,0x80,0x80,0x80,0x00,0x80,0x00,0x80,0x00,0x10,0x00,0x00,0x00,0x80,0x40,0x80,0x40,0xc0,0xc0,0x80,0x40,0xc0,0xc0,0x80,0x40,0xe2,0xc0,
    0xe2,0x41,0xe2,0xc5,0xe3,0x45,0xe3,0xc5,0xe3,0x45,0xcf,0xc5,0xef,0x57,0xff,0xdd,0xbf,0x37,0xbf,0x1d,0xbf,0x77,0xff,0x5d,0xff,0x77,0xff,0xdd,0xff,0x77,0xff,0xdd,
    0x02,0x00,0x02,0x04,0x02,0x04,0x0e,0x04,0x0a,0x04,0x0e,0x04,0x0e,0x00,0x0a,0x00,0x02,0x00,0x02,0x40,0x02,0x04,0x0e,0x04,0x02,0x00,0x08,0x00,0x80,0x01,0x0a,0x01,
    0x0b,0x07,0x0f,0x05,0x0f,0x07,0x0f,0x05,0x0e,0x06,0x0e,0x4c,0x0e,0x06,0x0e,0x1d,0x1e,0x15,0x1e,0x1d,0x1a,0x11,0x1a,0x91,0x1b,0x13,0x1f,0x15,0x3f,0x17,0xaf,0x05,
    0x1f,0x07,0x8f,0x05,0x8f,0x07,0x8f,0x1d,0x9f,0x17,0x9f,0x1d,0x3f,0x17,0x3f,0x1f,0xbf,0x37,0x3e,0x5d,0xfe,0x77,0xff,0xdd,0xff,0x75,0xfd,0xdd,0xfb,0x71,0xfb,0xdd,
    0xfb,0x77,0xff,0xd5,0xff,0x77,0xef,0xc5,0xef,0x47,0xef,0xdd,0xff,0x57,0xff,0xdd,0xff,0x77,0xff,0xdd,0xbf,0x77,0xff,0xdf,0xff,0x77,0xff,0xdd,0xff,0x77,0xff,0xdd,
    0x0a,0x04,0x0e,0x04,0x0e,0x04,0x0e,0x1c,0x1e,0x14,0x1c,0x1c,0x18,0x10,0x18,0x18,0x18,0x10,0x38,0x10,0x3a,0x10,0x3a,0x14,0x26,0x04,0x2e,0x04,0x0e,0x04,0x0e,0x0c,
    0x0e,0x17,0x1e,0x1d,0x3e,0x17,0x3e,0x1c,0x3e,0x16,0x3e,0x1c,0x3e,0x36,0x3f,0x1c,0x3e,0x34,0x3d,0x5c,0x38,0x30,0x38,0x79,0x3b,0x31,0x3b,0x55,0x3f,0x37,0x3f,0x55,
    0x2f,0x07,0x2f,0x4d,0x2f,0x57,0x7f,0x5d,0x3f,0x57,0x7f,0x5d,0x3f,0x37,0x3f,0x1d,0x3f,0x77,0x7e,0x5d,0x7e,0x77,0xfe,0x5d,0xfe,0x75,0xff,0xdd,0xff,0x75,0xff,0xdd,
    0xff,0x77,0xff,0xdd,0xff,0x77,0xbf,0x5d,0x3f,0x77,0xff,0x5d,0xff,0x77,0xff,0xdd,0xff,0x77,0xff,0xdd,0xff,0x77,0xff,0xdd,0xff,0x77,0xff,0xdd,0xff,0x77,0xff,0xdd,
    0x00,0x00,0x00,0x00,0x00,0x00,0x00,0x00,0x00,0x00,0x00,0x00,0x00,0x00,0x00,0x00,0x00,0x00,0x00,0x00,0x00,0x00,0x02,0x00,0x00,0x00,0x00,0x00,0x00,0x00,0x00,0x00,
    0x00,0x00,0x00,0x00,0x00,0x00,0x00,0x00,0x00,0x00,0x00,0x00,0x00,0x00,0x00,0x00,0x00,0x00,0x00,0x00,0x00,0x00,0x00,0x00,0x00,0x08,0x00,0x00,0x00,0x00,0x00,0x00,
    0x00,0x00,0x00,0x08,0x00,0x00,0x28,0x00,0x28,0x10,0x28,0x10,0x38,0x10,0x38,0x10,0x38,0x30,0x38,0x50,0x38,0x70,0x78,0x50,0x70,0x60,0x60,0x40,0x60,0x44,0xec,0x4d,
    0xff,0x55,0xff,0xdd,0xbf,0x17,0xbf,0x1d,0x3f,0x37,0x3e,0x5d,0x7e,0x77,0xfe,0xdd,0xfe,0x75,0xfe,0xdd,0xfd,0x75,0xfd,0xdd,0xfb,0x77,0xff,0xdd,0xff,0x77,0xff,0xd5
  },
  { // 128
    0x00,0x00,0x00,0x00,0x00,0x00,0x00,0x00,0x00,0x00,0x00,0x00,0x00,0x00,0x00,0x00,0x00,0x00,0x00,0x00,0x00,0x00,0x00,0x00,0x00,0x00,0x08,0x00,0x00,0x00,0x00,0x00,
    0x00,0x00,0x00,0x00,0x00,0x00,0x00,0x00,0x00,0x00,0x00,0x00,0x00,0x00,0x00,0x00,0x00,0x00,0x00,0x00,0x00,0x00,0x00,0x00,0x80,0x00,0x00,0x00,0x80,0x00,0x00,0x00,
    0x80,0x00,0x80,0x00,0x80,0x80,0x80,0x00,0x80,0x00,0x80,0x00,0xc0,0x00,0x40,0x00,0x40,0x00,0x82,0x00,0x80,0x40,0x80,0x00,0x80,0xc0,0x80,0x40,0xc0,0xc1,0xc3,0x41,
    0xc3,0xc1,0xc3,0x43,0xc3,0xc5,0xe7,0x47,0xef,0xc5,0xef,0x47,0xef,0xdd,0xff,0x57,0xbf,0xdd,0xbf,0x37,0xff,0xdd,0xff,0x77,0xff,0xdd,0xff,0x77,0xfe,0xdd,0xfe,0x75,
    0x02,0x04,0x02,0x04,0x0e,0x04,0x0e,0x04,0x0c,0x0c,0x08,0x00,0x08,0x00,0x08,0x00,0x08,0x00,0x0a,0x00,0x0a,0x80,0x02,0x00,0x82,0x04,0x02,0x04,0x0e,0x04,0x0e,0x05,
    0x0e,0x0d,0x0f,0x17,0x0e,0x1d,0x9e,0x16,0x9e,0x1c,0x1e,0x16,0x3e,0x1c,0x3e,0x14,0x3e,0x1c,0x3c,0x14,0x18,0x19,0x3b,0x11,0x3b,0x1d,0x3b,0x17,0x3f,0x15,0x27,0x07,
    0x2f,0x05,0x2f,0x07,0x2f,0x1d,0x3f,0x17,0xbf,0x1d,0x7f,0x17,0x3f,0x1d,0x3f,0x37,0xbf,0x5d,0xff,0x77,0xfe,0x5c,0xfe,0x74,0xfe,0xdd,0xff,0x75,0xff,0xdd,0xff,0x77,
    0xff,0xdd,0xff,0x77,0xbf,0x97,0xbf,0x37,0xff,0x5f,0xff,0x77,0xff,0xdd,0xff,0x77,0xff,0xdd,0xff,0x77,0xff,0xdd,0xff,0x77,0xff,0xdd,0xff,0x77,0xff,0xd5,0xff,0x77,
    0x08,0x10,0x18,0x10,0x38,0x14,0x38,0x14,0x3c,0x1c,0x38,0x10,0x28,0x10,0x28,0x10,0x28,0x10,0x38,0x10,0x38,0x10,0x32,0x10,0x22,0x04,0x22,0x04,0x2e,0x04,0x2e,0x14,
    0x2e,0x1c,0x3e,0x14,0x3e,0x1c,0x3e,0x14,0x3e,0x1c,0x3e,0x34,0x3e,0x5e,0x7e,0x74,0x7e,0x74,0x7c,0x75,0x6c,0x5c,0x6a,0x54,0x7e,0x5d,0x7f,0x57,0x3f,0x1d,0x3f,0x17,
    0x3f,0x15,0x3e,0x37,0x7e,0x5d,0x7e,0x77,0x7e,0x5c,0x7e,0x74,0xfe,0x5c,0xfe,0x75,0xff,0xdd,0xff,0x77,0xff,0xdd,0xff,0x77,0xfe,0xd5,0xef,0x67,0xef,0xdd,0xff,0x77,
    0xff,0xdd,0xff,0x57,0xbf,0x9d,0xbf,0x37,0xbf,0x5d,0xff,0x77,0xff,0x5d,0xff,0x77,0xfe,0xdc,0xfe,0x75,0xff,0xdd,0xff,0x77,0xff,0xdd,0xff,0x77,0xff,0xd5,0xf7,0x77,
    0x00,0x00,0x00,0x00,0x00,0x00,0x00,0x00,0x00,0x00,0x00,0x00,0x00,0x00,0x00,0x00,0x00,0x00,0x00,0x01,0x00,0x00,0x00,0x00,0x00,0x00,0x00,0x00,0x00,0x00,0x00,0x00,
    0x00,0x00,0x00,0x00,0x00,0x00,0x00,0x00,0x00,0x00,0x00,0x00,0x00,0x00,0x00,0x00,0x10,0x00,0x00,0x00,0x10,0x00,0x00,0x00,0x00,0x00,0x00,0x00,0x00,0x00,0x04,0x00,
    0x00,0x00,0x00,0x00,0x00,0x04,0x20,0x00,0x20,0x00,0x20,0x00,0x20,0x40,0x20,0x50,0x68,0x50,0x30,0x70,0x78,0x50,0x30,0x10,0x20,0x40,0x20,0x40,0xe8,0x45,0xe8,0x55,
    0xed,0x5d,0xff,0x55,0xbf,0x5d,0xbb,0x15,0xbf,0x5d,0xff,0x77,0xff,0xdd,0xfe,0x76,0xfe,0xfc,0xfe,0x74,0xff,0xdd,0xff,0x77,0xff,0xdd,0xff,0x77,0xff,0xdd,0xff,0x77
  },
  { // 129
    0x00,0x00,0x00,0x00,0x00,0x00,0x00,0x00,0x00,0x00,0x00,0x00,0x00,0x00,0x00,0x00,0x00,0x00,0x00,0x00,0x00,0x00,0x08,0x00,0x00,0x00,0x00,0x00,0x00,0x00,0x00,0x00,
    0x00,0x00,0x10,0x00,0x00,0x00,0x00,0x00,0x00,0x00,0x00,0x00,0x00,0x00,0x00,0x00,0x00,0x00,0x00,0x00,0x00,0x00,0x00,0x00,0x00,0x00,0x00,0x00,0x00,0x00,0x00,0x00,
    0x00,0x00,0x40,0x00,0x40,0x20,0x00,0x20,0x00,0x20,0x00,0x00,0x00,0x00,0x80,0x00,0x02,0x00,0x82,0x00,0x02,0x00,0x80,0x04,0x80,0x00,0x88,0x85,0x8b,0x25,0x8b,0x85,
    0x8b,0x03,0x8b,0x85,0x8f,0x17,0x8f,0x9d,0xbf,0x57,0xff,0x5d,0xff,0x57,0xfe,0x5d,0xff,0x75,0xff,0xdd,0xff,0x77,0xff,0xdd,0xff,0x77,0xff,0xd5,0xff,0x77,0xff,0xdd,
    0x0c,0x10,0x08,0x94,0x18,0x14,0x0c,0x54,0x08,0x00,0x08,0x00,0x08,0x00,0x08,0x10,0x08,0x10,0x08,0x10,0x0a,0x10,0x02,0x00,0x02,0x04,0x0e,0x04,0x2e,0x06,0x2e,0x0c,
    0x0e,0x14,0x0e,0x1c,0x1e,0x14,0x3e,0x1c,0x3e,0x34,0x3e,0x1c,0x3e,0x34,0x3e,0x14,0x7a,0x34,0x2e,0x54,0x2e,0x74,0x7e,0x5d,0x3f,0x15,0x1f,0x1d,0x1b,0x17,0x3f,0x1d,
    0x3f,0x37,0x3f,0x5d,0x3f,0x77,0x7e,0x5c,0x3e,0x74,0x7e,0x5c,0xfe,0x75,0xff,0xdd,0xff,0x77,0xff,0xdd,0xfb,0x73,0xfb,0x75,0xf7,0x77,0xff,0xdd,0xff,0x77,0xff,0xdd,
    0xff,0x57,0xdf,0xdd,0xbf,0x17,0xbf,0xdf,0xbf,0x77,0xff,0x5d,0xff,0x77,0xfe,0x5c,0xfe,0x74,0xff,0xdd,0xff,0x77,0xff,0xdd,0xff,0x77,0xfb,0xdd,0xfb,0x77,0xff,0xd5,
    0x18,0x10,0x38,0x10,0x38,0x10,0x38,0x10,0x30,0x10,0x20,0x00,0x20,0x00,0x29,0x40,0x28,0x00,0x28,0x00,0x09,0x00,0x08,0x10,0x08,0x10,0x38,0x14,0x38,0x34,0x3c,0x1d,
    0x3c,0x34,0x3c,0x5c,0x38,0xd4,0x7c,0x5c,0x78,0x70,0xf8,0x58,0x78,0x70,0xf8,0x50,0x70,0x70,0xe0,0x54,0xee,0x74,0xee,0x4c,0xee,0x74,0xee,0x5c,0x9e,0x14,0x9e,0x1c,
    0xbe,0x36,0xbe,0x5c,0x3e,0x76,0x7e,0x5c,0x7e,0x74,0xfe,0xdc,0xfc,0x74,0xfd,0xdd,0xff,0x75,0xfb,0xd9,0xfb,0x73,0xfb,0xd5,0xf7,0x77,0xff,0xdd,0xff,0x77,0xff,0xdd,
    0xff,0x57,0xff,0xdd,0xff,0x77,0xff,0xdd,0xff,0x77,0xff,0xdd,0xff,0x77,0xfe,0xdc,0xfe,0x76,0xff,0xdd,0xff,0x77,0xff,0xdd,0xff,0x77,0xff,0xdd,0xff,0x77,0xff,0xdd,
    0x00,0x00,0x00,0x00,0x00,0x00,0x00,0x00,0x00,0x00,0x00,0x00,0x00,0x00,0x00,0x00,0x01,0x00,0x00,0x00,0x00,0x00,0x00,0x00,0x00,0x00,0x00,0x00,0x00,0x00,0x00,0x00,
    0x00,0x00,0x00,0x00,0x00,0x00,0x00,0x00,0x00,0x04,0x00,0x00,0x00,0x08,0x00,0x00,0x00,0x00,0x00,0x00,0x00,0x00,0x00,0x00,0x00,0x02,0x00,0x00,0x00,0x00,0x00,0x00,
    0x00,0x00,0x00,0x00,0x00,0x00,0x00,0x00,0x00,0x00,0x21,0x01,0x20,0x00,0x60,0x40,0x60,0x41,0xc0,0x41,0x01,0x01,0x81,0x01,0x81,0x01,0xa1,0x11,0x33,0x31,0xab,0x51,
    0x2b,0x71,0x6a,0x58,0xfa,0x71,0xfb,0xdd,0xfb,0x75,0xfb,0xdd,0xfb,0x71,0xfb,0xd1,0xf3,0x73,0xff,0xd5,0xff,0x77,0xff,0xdd,0xff,0x77,0xef,0xdd,0xdf,0x57,0xff,0xdd
  },
  { // 130
    0x00,0x00,0x00,0x00,0x00,0x00,0x00,0x00,0x00,0x00,0x00,0x00,0x00,0x00,0x00,0x00,0x00,0x00,0x00,0x08,0x00,0x00,0x00,0x00,0x00,0x00,0x00,0x00,0x10,0x00,0x00,0x00,
    0x00,0x00,0x00,0x00,0x00,0x00,0x00,0x00,0x00,0x00,0x00,0x00,0x00,0x00,0x00,0x00,0x00,0x00,0x00,0x00,0x00,0x00,0x00,0x00,0x00,0x00,0x00,0x00,0x00,0x80,0x40,0x00,
    0x00,0x00,0x00,0x00,0x00,0x00,0x00,0x00,0x08,0x04,0x08,0x00,0x08,0x04,0x48,0x00,0x48,0x00,0x40,0x00,0x00,0x00,0x02,0x00,0x8e,0x04,0xae,0x07,0x8e,0x05,0x8f,0x05,
    0x8f,0x8d,0x8f,0x17,0x9f,0x9d,0xbf,0x57,0xbf,0x1d,0x3f,0x37,0x3e,0x5c,0x7e,0x76,0xfe,0xdd,0xff,0x75,0xff,0xdd,0xff,0x71,0xfb,0xdd,0xff,0x73,0xff,0xd5,0xff,0x77,
    0x18,0x98,0x38,0x10,0x38,0x10,0x38,0x10,0x20,0x10,0x20,0x10,0x28,0x04,0x28,0x00,0x28,0x00,0x08,0x00,0x08,0x00,0x08,0x10,0x18,0x14,0x3e,0x14,0x3e,0x1c,0x3e,0x14,
    0x3e,0x1c,0x3c,0x14,0x3c,0x5c,0x3c,0x74,0x7c,0x5c,0x38,0x70,0x38,0x50,0x32,0x70,0x72,0x54,0x7e,0x74,0x6e,0x54,0x6e,0x44,0xee,0x4c,0x0e,0x14,0x9e,0x1c,0xbe,0x17,
    0xbe,0x1d,0x3e,0x36,0x3e,0x5c,0x3e,0x76,0x7e,0x5c,0xfe,0x74,0xfe,0xdc,0xfe,0x75,0xff,0xdd,0xfb,0x71,0xfb,0xd1,0xfb,0x77,0xff,0xd5,0xff,0x77,0xff,0xdd,0xef,0x47,
    0xef,0xdd,0xff,0x57,0xff,0xdd,0xff,0x77,0xff,0xdd,0xff,0x77,0xfe,0x5c,0xfe,0x76,0xfe,0xdd,0xff,0x77,0xff,0xdd,0xff,0x75,0xff,0xdd,0xfb,0x77,0xff,0xdd,0xff,0x77,
    0x20,0x10,0x30,0x10,0x20,0x10,0x20,0x10,0x20,0x02,0x20,0x00,0x20,0xc0,0x20,0x40,0x21,0x40,0x00,0x00,0x08,0x00,0x08,0x10,0x18,0x10,0x3a,0x10,0x38,0x50,0x38,0x30,
    0x38,0x54,0x38,0x70,0x78,0x50,0xf8,0x70,0xf8,0x58,0xf8,0x70,0xf8,0xf0,0xf0,0x70,0xf8,0x70,0xf0,0x70,0xf8,0x54,0xec,0x74,0xec,0x6c,0x2c,0x54,0xec,0x5c,0xfc,0x74,
    0xfc,0xdc,0xfe,0x74,0xfc,0x5c,0xfa,0x72,0xfa,0x54,0xfe,0x74,0xfe,0xdc,0xfe,0x74,0xfc,0xdd,0xfb,0x51,0xfb,0xdd,0xfb,0x57,0xff,0xdd,0xff,0x77,0xff,0x5d,0xff,0x77,
    0x7e,0x5d,0xfe,0x77,0xff,0xdd,0xff,0x77,0xff,0xdd,0xff,0x75,0xfb,0xdd,0xfb,0x77,0xff,0xdd,0xff,0x77,0xff,0xdd,0xff,0x77,0xef,0xcd,0xef,0x57,0xff,0xdd,0xff,0x77,
    0x00,0x00,0x00,0x00,0x00,0x00,0x00,0x00,0x00,0x00,0x00,0x00,0x00,0x00,0x00,0x00,0x00,0x00,0x00,0x00,0x00,0x00,0x00,0x00,0x00,0x00,0x00,0x00,0x00,0x00,0x00,0x00,
    0x00,0x00,0x00,0x04,0x00,0x00,0x00,0x00,0x08,0x00,0x00,0x00,0x00,0x00,0x00,0x00,0x00,0x00,0x00,0x00,0x02,0x00,0x00,0x00,0x00,0x00,0x00,0x00,0x00,0x00,0x00,0x00,
    0x00,0x00,0x00,0x00,0x00,0x00,0x00,0x00,0x01,0x01,0x00,0x01,0x00,0x01,0x01,0x01,0x01,0x01,0x01,0x01,0x01,0x01,0x01,0x01,0x83,0x01,0x83,0x01,0xa3,0x01,0x23,0x11,
    0x2a,0x50,0x62,0x70,0xfa,0x55,0xfb,0x77,0xfb,0xdd,0xf9,0x71,0xf9,0xd1,0xfb,0x73,0xfb,0xd5,0xff,0x77,0xff,0xd5,0xff,0x77,0xef,0xcd,0xef,0x57,0xff,0xdd,0xff,0x77
  },
  { // 131
    0x00,0x00,0x00,0x00,0x00,0x00,0x00,0x00,0x00,0x00,0x00,0x00,0x00,0x00,0x08,0x00,0x00,0x00,0x00,0x00,0x00,0x08,0x00,0x00,0x00,0x00,0x00,0x00,0x00,0x00,0x00,0x00,
    0x00,0x00,0x00,0x00,0x00,0x00,0x00,0x00,0x00,0x00,0x00,0x00,0x00,0x00,0x00,0x00,0x00,0x00,0x00,0x00,0x00,0x00,0x20,0x00,0x00,0x00,0x00,0x00,0x00,0x08,0x00,0x08,
    0x00,0x08,0x00,0x00,0x00,0x08,0x04,0x08,0x44,0x0c,0x44,0x08,0x54,0x88,0x00,0x08,0x00,0x08,0x10,0x08,0x10,0x1a,0x14,0x7a,0x16,0x2e,0x04,0x26,0x06,0x2e,0x0c,0x2e,
    0x16,0xbe,0x5d,0xbf,0x17,0xbf,0x5d,0xbf,0x37,0xbf,0x5d,0xbe,0x77,0xfe,0xdd,0xff,0x77,0xff,0xdd,0xff,0x75,0xff,0xdd,0xff,0x77,0xff,0xdd,0xff,0x77,0xff,0xdd,0xff,
    0x10,0x38,0x50,0x38,0x10,0x38,0x10,0x30,0x10,0x30,0x50,0x30,0x70,0x20,0x40,0x20,0x80,0x28,0x40,0x08,0x00,0x08,0x1c,0x38,0x14,0x38,0x1c,0x38,0x10,0x38,0x1c,0x38,
    0x30,0x7c,0x5c,0x7c,0x74,0xfc,0x5c,0xf8,0x70,0xf8,0x58,0xf8,0x50,0xf8,0xf0,0xf8,0x70,0xfa,0xd4,0xfe,0x74,0xee,0x45,0x2e,0x44,0x6e,0x5c,0xfe,0x74,0xfe,0xdc,0xfe,
    0x74,0xfe,0x5c,0xbe,0x74,0xfe,0x5c,0xfe,0x74,0xfe,0xdc,0xfe,0x74,0xfe,0xdc,0xee,0x74,0xee,0xdc,0xfe,0x5f,0xff,0xdd,0xff,0x77,0xff,0xdd,0xbf,0x37,0xbf,0x5d,0x7e,
    0x77,0xfe,0xdd,0xff,0x77,0xff,0xdd,0xff,0x75,0xff,0xdd,0xfb,0x77,0xff,0xdd,0xff,0x77,0xff,0xdd,0xff,0x77,0xef,0xc5,0xef,0x67,0xef,0xdd,0xff,0x77,0xff,0xdd,0xff,
    0x40,0x64,0x40,0x20,0x00,0x00,0x40,0x00,0x00,0x80,0x00,0x22,0x00,0x20,0x00,0x20,0x00,0x20,0x00,0x20,0x20,0x20,0x40,0x20,0x50,0xe0,0x50,0xb8,0x10,0xb0,0x10,0x30,
    0x30,0xf0,0x50,0xf0,0x70,0xf0,0x50,0xe0,0x64,0xe0,0xc0,0xe0,0x40,0xc8,0xc0,0xe8,0x50,0xf8,0xd0,0xb8,0x90,0xba,0x12,0x38,0x30,0x38,0x70,0x78,0x70,0xf8,0x5c,0xf8,
    0x70,0xf8,0xd8,0xf8,0x70,0xf8,0xd8,0xf8,0x71,0xf8,0xd1,0xfb,0x71,0xfa,0xd5,0xe2,0x65,0xee,0xc5,0xef,0x55,0xff,0xdd,0xff,0x57,0xff,0xdd,0xbf,0x37,0xbf,0x1d,0xbf,
    0x77,0xfe,0xdd,0xfe,0x77,0xfe,0xdc,0xfe,0x75,0xfd,0xdd,0xf9,0x73,0xfb,0xdf,0xfb,0x77,0xff,0xdd,0xff,0x77,0xff,0xd5,0xef,0x77,0xff,0xdd,0xff,0x77,0xff,0xdd,0xff,
    0x00,0x00,0x00,0x00,0x00,0x00,0x00,0x00,0x00,0x00,0x00,0x00,0x00,0x00,0x00,0x00,0x00,0x00,0x00,0x00,0x00,0x00,0x00,0x00,0x00,0x00,0x00,0x00,0x00,0x00,0x00,0x00,
    0x00,0x02,0x00,0x00,0x00,0x00,0x00,0x00,0x00,0x00,0x00,0x00,0x00,0x01,0x02,0x00,0x01,0x00,0x01,0x01,0x01,0x00,0x00,0x00,0x00,0x00,0x00,0x00,0x00,0x00,0x00,0x00,
    0x00,0x00,0x00,0x00,0x01,0x01,0x01,0x01,0x01,0x01,0x01,0x03,0x01,0x03,0x01,0x03,0x01,0x03,0x01,0x03,0x03,0x03,0x01,0x03,0x03,0x83,0x01,0x03,0x01,0x83,0x01,0xa3,
    0x03,0xa3,0x41,0xe3,0x63,0xe3,0xc5,0xe3,0x65,0xe3,0xc5,0xe3,0x45,0xef,0xd5,0xff,0x5f,0xff,0xdd,0xff,0x17,0xbf,0x9d,0xbf,0x77,0xff,0x5d,0xff,0x77,0xff,0xdd,0xff
  },
  { // 132
    0x02,0x00,0x00,0x00,0x00,0x00,0x00,0x00,0x00,0x00,0x00,0x00,0x00,0x00,0x00,0x00,0x00,0x00,0x00,0x00,0x00,0x00,0x00,0x00,0x00,0x00,0x01,0x00,0x00,0x00,0x00,0x00,
    0x00,0x00,0x00,0x00,0x00,0x00,0x00,0x00,0x00,0x00,0x00,0x00,0x00,0x00,0x00,0x00,0x80,0x20,0x00,0x00,0x00,0x00,0x00,0x00,0x00,0x00,0x00,0x00,0x08,0x00,0x08,0x00,
    0x08,0x00,0x08,0x10,0x18,0x10,0x18,0x10,0x38,0x14,0xb8,0x50,0x28,0x40,0x20,0x40,0x08,0x04,0x28,0x10,0x3a,0x1c,0x3a,0x14,0x3e,0x14,0x3e,0x16,0x3e,0x1c,0x3e,0x36,
    0x3e,0x5c,0x7e,0x76,0xfe,0x5c,0xfe,0x74,0xfc,0xdc,0xfe,0x75,0xff,0xdd,0xff,0x77,0xff,0xd5,0xff,0x77,0xef,0xc5,0xef,0x77,0xff,0xdd,0xff,0x77,0xff,0xdd,0xff,0x17,
    0x68,0x40,0x60,0x40,0x68,0x40,0x60,0x50,0xf8,0x50,0xb0,0x10,0xa0,0x00,0x20,0x00,0x20,0x00,0x28,0x40,0x68,0x58,0x78,0x50,0xf8,0x58,0x38,0x10,0xb8,0x58,0xb8,0x70,
    0xf8,0x50,0xf8,0x70,0xf8,0x50,0xf0,0x70,0xe8,0xc0,0xe8,0x40,0xe8,0xd8,0xf8,0x52,0xf8,0xdc,0xb8,0x10,0xb8,0x16,0x3c,0x34,0x3c,0x5c,0x7c,0x74,0xfc,0x5c,0xfc,0x74,
    0xfc,0xdc,0xf8,0x70,0xf8,0xd8,0xf8,0x70,0xfa,0xdc,0xfa,0x74,0xfe,0xd4,0xe6,0x64,0xee,0xcc,0xee,0x76,0xfe,0xdc,0xfe,0x57,0xfe,0xdd,0xbe,0x57,0xbe,0x5d,0xbe,0x77,
    0xfe,0xdc,0xfe,0xf6,0xfe,0xdc,0xfe,0x74,0xfe,0xdd,0xff,0x75,0xff,0xdd,0xff,0x77,0xff,0xd5,0xff,0x77,0xff,0xd5,0xff,0x77,0xff,0xdd,0xff,0x77,0xff,0xdd,0xff,0x57,
    0x00,0x40,0x00,0x00,0x00,0x40,0x40,0x00,0x84,0x00,0x80,0x00,0x88,0x00,0x00,0x08,0x00,0x00,0x20,0x00,0x20,0x48,0x20,0x40,0xe0,0x40,0x60,0x40,0xe0,0x40,0xe0,0x50,
    0xe0,0xd0,0xe0,0x70,0xe0,0xc0,0xe0,0x60,0xe0,0x40,0xe0,0x40,0xe0,0xc0,0xe0,0x40,0xe1,0xf0,0x80,0x31,0x98,0x30,0xb8,0x18,0xb8,0x50,0xf8,0x70,0xf8,0x50,0xf8,0x70,
    0xf8,0xd0,0xf8,0x70,0xf8,0xd1,0xf9,0x71,0xf9,0xd1,0xfb,0x71,0xf3,0xd1,0xe3,0x71,0xeb,0xc5,0xef,0x77,0xff,0xdd,0xff,0x77,0xff,0xdd,0xff,0x55,0xff,0xdd,0xff,0x77,
    0xff,0xdd,0xff,0x77,0xfe,0xdc,0xfe,0x74,0xfe,0xdd,0xff,0x75,0xff,0xdf,0xff,0x77,0xff,0xdd,0xff,0x57,0xbf,0xdd,0xbf,0x77,0xff,0xdd,0xff,0x77,0xff,0xdd,0xff,0x77,
    0x00,0x00,0x00,0x00,0x00,0x00,0x00,0x00,0x00,0x00,0x00,0x00,0x00,0x00,0x00,0x00,0x00,0x00,0x00,0x00,0x00,0x00,0x04,0x00,0x00,0x00,0x00,0x00,0x01,0x00,0x00,0x00,
    0x00,0x00,0x00,0x01,0x00,0x01,0x00,0x01,0x00,0x00,0x02,0x01,0x00,0x01,0x00,0x01,0x00,0x01,0x00,0x01,0x00,0x00,0x00,0x01,0x00,0x01,0x01,0x01,0x00,0x01,0x00,0x00,
    0x00,0x00,0x00,0x00,0x00,0x01,0x01,0x01,0x03,0x01,0x03,0x01,0x03,0x01,0x03,0x03,0x03,0x01,0x03,0x03,0x03,0x01,0x03,0x03,0x02,0x05,0x02,0x01,0x00,0x01,0x83,0x01,
    0x83,0xc1,0x83,0x43,0xe3,0xc1,0xa3,0x43,0xe3,0xc5,0xe7,0x57,0xef,0xc5,0xef,0x47,0xef,0xdd,0x9f,0x17,0x9f,0x9d,0xbf,0x37,0xff,0xdd,0xff,0x77,0xff,0xdd,0xfe,0x76
  },
  { // 133
    0x00,0x00,0x00,0x00,0x00,0x00,0x00,0x00,0x00,0x00,0x00,0x00,0x00,0x00,0x00,0x00,0x00,0x00,0x00,0x00,0x00,0x00,0x00,0x00,0x00,0x00,0x00,0x00,0x00,0x00,0x00,0x00,
    0x00,0x00,0x00,0x00,0x00,0x00,0x00,0x00,0x00,0x00,0x60,0x00,0x00,0x00,0x00,0x00,0x00,0x00,0x00,0x00,0x00,0x00,0x00,0x00,0x00,0x08,0x00,0x08,0x00,0x08,0x00,0x08,
    0x10,0x08,0x10,0x38,0x30,0x78,0x30,0x38,0x30,0x38,0x10,0x20,0x00,0x20,0x0c,0x20,0x04,0x2c,0x4c,0x2c,0x04,0x0c,0x1c,0x1e,0x14,0x1e,0x1c,0x3e,0x36,0x3e,0x5c,0x3e,
    0x76,0x7e,0x5c,0x7e,0x74,0xfe,0x5c,0xfc,0x74,0xfe,0xdd,0xff,0x75,0xff,0xdd,0xfb,0x73,0xfb,0xd5,0xff,0x77,0xff,0xdd,0xff,0x77,0xff,0xdd,0xff,0x77,0xff,0xdd,0xff,
    0x60,0xe0,0x40,0xe0,0x40,0xe0,0x40,0xe0,0x40,0xc8,0x40,0x80,0x10,0x88,0x10,0x30,0x10,0xb8,0x50,0x38,0x70,0x78,0x50,0x78,0x70,0xf8,0x50,0xf8,0x70,0xf8,0xd8,0xf8,
    0x70,0xf8,0xd0,0xf0,0x70,0xf0,0xd0,0xe4,0x60,0xe0,0xc0,0xe8,0x60,0xe8,0xcc,0xe8,0x51,0xd8,0xd8,0x98,0x10,0xb8,0xdc,0xb8,0x74,0xfc,0x5c,0xf8,0x74,0xfc,0x5c,0xf8,
    0x74,0xf8,0xdc,0xf8,0x76,0xfa,0xdc,0xf8,0x70,0xf8,0xd0,0xf8,0x70,0xfa,0xd4,0xfe,0x7c,0xfe,0xdc,0xfe,0x76,0xfe,0xfc,0xfe,0x74,0xfe,0xdc,0xfe,0x74,0xfe,0xdc,0xff,
    0x76,0xff,0xdc,0xff,0x74,0xfe,0xd4,0xfe,0x75,0xff,0xdd,0xff,0x77,0xff,0xdd,0xff,0x57,0xff,0xdd,0xbf,0x77,0xff,0xdd,0xff,0x77,0xff,0x5d,0xff,0x77,0xff,0x5d,0xff,
    0x00,0x00,0x20,0x0c,0x00,0x00,0x00,0x00,0x00,0x08,0x00,0x00,0x00,0x00,0x00,0x04,0x00,0x80,0x00,0x20,0x00,0xa0,0x40,0x20,0x40,0xe0,0x40,0xe0,0x40,0xe0,0xc0,0xe0,
    0x40,0xe0,0xc0,0x80,0x01,0x80,0x81,0xa0,0x21,0xa0,0x61,0xa1,0x61,0xe0,0x69,0x20,0x40,0xe0,0x40,0xa0,0x50,0xe0,0xd1,0xf1,0x71,0xf1,0xf1,0xf0,0x71,0xf0,0xf0,0xe0,
    0x70,0xe0,0xc1,0xe1,0x61,0xe9,0xc1,0xe3,0x41,0xeb,0xc1,0x83,0x11,0xbb,0x91,0xbb,0x33,0xff,0xdd,0xff,0x77,0xff,0x5d,0x7e,0x74,0xfe,0xdc,0xff,0x75,0xff,0xdd,0xfb,
    0x71,0xfb,0xd9,0xfb,0x73,0xfb,0xd5,0xf3,0x77,0xff,0xdd,0xff,0x77,0xef,0xdf,0xef,0x57,0xdf,0xdf,0xff,0x57,0xff,0xdd,0xff,0x77,0xff,0xdd,0xff,0x77,0xfe,0x5c,0xfe,
    0x00,0x00,0x00,0x00,0x00,0x00,0x00,0x00,0x00,0x00,0x00,0x00,0x00,0x00,0x00,0x08,0x00,0x00,0x00,0x00,0x00,0x00,0x00,0x00,0x00,0x01,0x00,0x00,0x00,0x00,0x00,0x00,
    0x01,0x00,0x01,0x01,0x05,0x01,0x01,0x01,0x01,0x01,0x01,0x01,0x01,0x00,0x01,0x00,0x10,0x00,0x00,0x00,0x00,0x00,0x00,0x00,0x01,0x01,0x01,0x01,0x01,0x01,0x01,0x03,
    0x01,0x03,0x01,0x03,0x03,0x03,0x01,0x03,0x03,0x03,0x01,0x03,0x01,0x03,0x01,0x03,0x03,0x03,0x05,0x03,0x07,0x03,0x05,0x02,0x04,0x06,0x04,0x06,0x05,0x07,0x05,0x83,
    0x05,0x83,0x01,0x83,0x03,0xa3,0x81,0x83,0x07,0x8f,0xc5,0xaf,0x47,0xef,0x4d,0xef,0x47,0xef,0x5d,0xff,0x57,0xff,0xdd,0xff,0x77,0xff,0xdd,0xff,0x77,0xff,0xdd,0xff
  },
  { // 134
    0x00,0x00,0x00,0x20,0x10,0x00,0x00,0x00,0x00,0x00,0x00,0x00,0x00,0x00,0x00,0x00,0x00,0x00,0x00,0x00,0x00,0x00,0x00,0x00,0x00,0x00,0x00,0x00,0x00,0x00,0x00,0x00,
    0x00,0x00,0x00,0x00,0x30,0x00,0x00,0x00,0x00,0x00,0x00,0x00,0x80,0x00,0x00,0x00,0x00,0x00,0x00,0x00,0x00,0x00,0x10,0x08,0x10,0x20,0x10,0x28,0x00,0x60,0x90,0x68,
    0x10,0x68,0x10,0x28,0x10,0x38,0x10,0x28,0x10,0x20,0x14,0x20,0x10,0x30,0x10,0x3c,0x14,0x3c,0x14,0x2c,0x0c,0x2c,0x14,0x3c,0x7c,0x3e,0x54,0xfe,0x5c,0xfe,0x74,0xfe,
    0x5c,0xfa,0x74,0xfe,0x54,0xfe,0x74,0xfe,0xdc,0xfe,0x74,0xfe,0xdd,0xff,0x55,0xff,0xdd,0xff,0x77,0xff,0xdd,0xff,0x77,0xff,0x5d,0xff,0x77,0xff,0x5d,0xff,0x77,0xff,
    0x40,0xa0,0x60,0xe0,0x40,0xe0,0x40,0xe0,0x40,0x80,0x04,0x88,0x00,0x90,0x10,0xb8,0x50,0xb8,0x30,0xb8,0x50,0x30,0x70,0xf0,0x50,0xf0,0x70,0xf8,0xd0,0xf8,0x70,0xf8,
    0xd0,0xf8,0x50,0xe8,0xd0,0xb8,0x50,0xf8,0xd0,0xf8,0x70,0xf8,0x50,0xe8,0x50,0xe8,0x58,0xf8,0x50,0xf8,0xd8,0xf8,0x70,0xf8,0xd8,0xf8,0x70,0xf8,0xd0,0xf8,0x71,0xf9,
    0xd0,0xf8,0x74,0xfc,0xdc,0xf8,0x70,0xe8,0xca,0xe8,0x50,0xf8,0xdc,0xfc,0x74,0xfe,0xdc,0xfe,0x74,0xfe,0x5c,0x7e,0x74,0xfe,0x5d,0xfe,0x75,0xfe,0xdd,0xfe,0x74,0xfc,
    0xdc,0xfa,0x70,0xfa,0xd1,0xfb,0x77,0xff,0xdd,0xff,0x77,0xef,0xcd,0xef,0x47,0xef,0xdd,0xff,0x57,0xff,0xdf,0xff,0x77,0xff,0xdd,0xff,0x77,0xff,0x5d,0xfe,0x77,0xff,
    0x00,0x00,0x00,0x00,0x08,0x00,0x00,0x00,0x00,0x00,0x04,0x00,0x00,0x00,0x00,0x80,0x40,0x80,0x00,0x80,0x00,0x80,0x00,0x80,0x40,0xa0,0x40,0xe0,0x40,0xe8,0x40,0xc0,
    0xc0,0xc0,0x41,0xa0,0xc1,0x81,0x41,0x89,0xc1,0xa1,0x01,0xa1,0x01,0x20,0x00,0x20,0x40,0x20,0x40,0xe0,0x60,0xe0,0x71,0xe0,0xf1,0xe1,0x71,0xe1,0xd1,0xe1,0xf1,0xe1,
    0xd1,0xe3,0x61,0xe3,0xd1,0xe3,0x41,0xe3,0xc1,0xc3,0x41,0xcb,0xd1,0xfb,0x53,0xfb,0xdd,0xbb,0x73,0xbb,0x55,0x3a,0x76,0xfe,0x54,0xfe,0x75,0xfe,0xdd,0xff,0x75,0xf9,
    0xd9,0xfb,0x71,0xfb,0xd1,0xfb,0x77,0xff,0xd5,0xff,0x77,0xff,0xdd,0xef,0x77,0xef,0xdd,0xff,0x77,0xff,0xdd,0xff,0x77,0xff,0xdd,0xff,0x77,0xff,0xdd,0xff,0x77,0xff,
    0x00,0x00,0x00,0x00,0x00,0x00,0x00,0x00,0x00,0x10,0x00,0x00,0x00,0x00,0x00,0x00,0x00,0x00,0x00,0x00,0x00,0x00,0x00,0x00,0x00,0x00,0x00,0x01,0x00,0x00,0x01,0x00,
    0x00,0x00,0x00,0x00,0x01,0x00,0x01,0x01,0x01,0x01,0x01,0x01,0x01,0x00,0x00,0x00,0x00,0x00,0x00,0x00,0x00,0x00,0x00,0x00,0x01,0x01,0x01,0x01,0x01,0x01,0x01,0x03,
    0x01,0x03,0x03,0x03,0x01,0x03,0x03,0x03,0x01,0x03,0x03,0x03,0x05,0x03,0x07,0x07,0x05,0x03,0x03,0x03,0x01,0x03,0x01,0x02,0x01,0x03,0x07,0x07,0x05,0x07,0x07,0x07,
    0x45,0x03,0x05,0x8f,0x05,0x8f,0x07,0x8f,0x8d,0x8f,0x07,0x8f,0x0d,0x2f,0x17,0x2f,0x5d,0x7f,0x77,0xff,0xdd,0xff,0x77,0xff,0xdd,0xff,0x75,0xfb,0xdd,0xfb,0x77,0xff
  },
  { // 135
    0x20,0x00,0x00,0x00,0x00,0x00,0x00,0x00,0x00,0x00,0x00,0x00,0x00,0x00,0x00,0x00,0x00,0x00,0x00,0x00,0x00,0x00,0x00,0x00,0x00,0x00,0x00,0x00,0x00,0x08,0x10,0x00,
    0x00,0x00,0x00,0x00,0x00,0x00,0x00,0x80,0x00,0x00,0x00,0x00,0x00,0x00,0x00,0x00,0x00,0x00,0x00,0x00,0x00,0x08,0x10,0x08,0x10,0x08,0x10,0x30,0x10,0x30,0x90,0x30,
    0x10,0x28,0x00,0x20,0x00,0x28,0x02,0x48,0x00,0x48,0x10,0x58,0x10,0xb8,0x9c,0x38,0x14,0x3c,0x14,0x3c,0x34,0x3c,0x5c,0x7c,0x74,0xfc,0x5c,0xfc,0x74,0xfc,0x5c,0xf8,
    0x70,0xf8,0xd8,0xfa,0x72,0xfe,0xd4,0xfe,0x76,0xfe,0xc4,0xee,0x67,0xee,0xcd,0xff,0x57,0xff,0xdd,0xff,0x77,0xff,0xdd,0xbf,0x37,0xbf,0x5d,0xff,0x77,0xff,0xdd,0xff,
    0x10,0xa0,0x02,0xa0,0x00,0x20,0x00,0x20,0x00,0x20,0x40,0x60,0x50,0xf8,0x50,0xf8,0x70,0xf8,0x50,0xb0,0x70,0xf0,0xd0,0xf0,0x70,0xf8,0xd0,0xf0,0x70,0xe0,0xe0,0xe0,
    0x40,0xe8,0xc0,0xc8,0x50,0xf8,0xd0,0xb8,0x10,0xb8,0x10,0xb8,0x30,0x38,0x50,0x78,0x70,0xf8,0x58,0xf8,0x70,0xf9,0xd9,0xf9,0x70,0xf8,0xd8,0xf8,0x70,0xf8,0xd0,0xf8,
    0x70,0xf8,0xd0,0xf0,0x60,0xec,0xc4,0xec,0x44,0xec,0xdc,0xfc,0x54,0xfc,0xdc,0xfc,0x34,0xbc,0x3c,0xbe,0x74,0xfe,0x7c,0xfe,0x74,0xfe,0xdc,0xfe,0x74,0xfc,0xdc,0xf8,
    0x70,0xfa,0xdd,0xfb,0x77,0xff,0xdd,0xff,0x77,0xff,0xd5,0xff,0x77,0xef,0xdd,0xff,0x77,0xff,0xdd,0xff,0x77,0xff,0xdd,0xff,0x77,0xff,0xdd,0xff,0x77,0xff,0xdd,0xff,
    0x00,0x00,0x00,0x02,0x00,0x00,0x00,0x00,0x00,0x40,0x00,0x00,0x00,0x00,0x40,0x00,0x40,0x80,0x40,0x80,0x00,0x80,0x40,0x80,0x11,0x80,0xc1,0xa2,0x01,0x90,0x42,0x80,
    0x00,0x80,0x40,0x80,0x41,0x81,0x41,0x81,0x01,0x81,0x01,0xa1,0x01,0xa0,0x00,0x20,0x60,0xe0,0x40,0xe0,0x60,0xe0,0xc0,0xe0,0x40,0xe0,0xc1,0xe9,0x41,0xe1,0xc1,0xe3,
    0x51,0xe3,0xc1,0xa3,0x03,0xa3,0x41,0x23,0x43,0xeb,0x51,0xfb,0x73,0xfb,0xdd,0xfb,0x71,0xfb,0xd9,0xfb,0x71,0xfb,0xd1,0xfb,0x73,0xfb,0xd5,0xfb,0x77,0xef,0xc5,0xeb,
    0x65,0xef,0xdd,0xff,0x57,0xff,0xdd,0xff,0x77,0xbf,0x9d,0xbf,0x37,0xbf,0x5d,0xff,0x77,0xff,0xdd,0xff,0x77,0xff,0xdd,0xff,0x75,0xff,0xdd,0xff,0x77,0xff,0xdd,0xff,
    0x00,0x00,0x40,0x00,0x00,0x00,0x00,0x00,0x00,0x00,0x00,0x00,0x00,0x00,0x00,0x00,0x00,0x00,0x00,0x00,0x01,0x00,0x00,0x00,0x01,0x00,0x01,0x01,0x01,0x00,0x01,0x00,
    0x00,0x00,0x08,0x00,0x00,0x00,0x00,0x00,0x01,0x00,0x00,0x00,0x00,0x00,0x00,0x00,0x01,0x01,0x01,0x03,0x01,0x03,0x01,0x02,0x01,0x00,0x01,0x03,0x01,0x03,0x01,0x03,
    0x03,0x03,0x01,0x03,0x03,0x03,0x01,0x03,0x03,0x03,0x05,0x03,0x07,0x06,0x05,0x02,0x05,0x00,0x01,0x01,0x01,0x03,0x01,0x03,0x03,0x03,0x81,0x03,0x03,0x07,0x05,0x07,
    0x07,0x07,0x05,0x0f,0x07,0x8f,0x0d,0x8f,0x07,0x8f,0x0d,0x8f,0x17,0xbf,0x1d,0xbf,0x77,0xff,0xdd,0xff,0x77,0xfe,0xdd,0xfe,0x75,0xfd,0xdd,0xff,0x77,0xff,0xdd,0xff
  },
  { // 136
    0x00,0x00,0x00,0x00,0x00,0x00,0x00,0x00,0x00,0x00,0x00,0x00,0x00,0x00,0x00,0x00,0x00,0x00,0x00,0x00,0x00,0x00,0x00,0x04,0x08,0x00,0x00,0x00,0x00,0x10,0x00,0x00,
    0x00,0x00,0x00,0x00,0x00,0x00,0x00,0x00,0x00,0x00,0x00,0x00,0x00,0x00,0x00,0x00,0x00,0x00,0x00,0x08,0x00,0x00,0x80,0x08,0x10,0x00,0x10,0x08,0x10,0x30,0x10,0x20,
    0x20,0x20,0x22,0x20,0x20,0x20,0xa0,0x88,0x04,0x28,0x14,0x0c,0x1c,0x18,0x14,0x18,0x1c,0x38,0x14,0x3c,0x1c,0x3c,0x74,0x7e,0x5c,0x7c,0x74,0xfc,0x5c,0xf8,0x74,0xf8,
    0xdc,0xfa,0x74,0xfa,0xdc,0xfa,0x76,0xfe,0xd4,0xb6,0x77,0xee,0x5d,0xff,0x77,0xff,0xdd,0xff,0x77,0xff,0xdd,0xff,0x77,0xff,0xdd,0xff,0x77,0xff,0xdd,0xff,0x77,0xff,
    0x40,0x80,0x10,0x80,0x10,0x20,0x10,0x30,0x10,0x30,0x70,0xf8,0x50,0xf0,0x70,0xf8,0x50,0xf0,0x50,0xf8,0xd0,0xf0,0x70,0xf8,0xd0,0xf0,0x70,0xe0,0xc0,0xe0,0x40,0xe0,
    0x40,0xe0,0x40,0xe8,0xd8,0xf8,0x50,0xf8,0xd8,0xb8,0x10,0xb8,0x18,0xb8,0x74,0xf8,0x58,0xf8,0x70,0xf8,0xd0,0xf8,0x70,0xf8,0xd0,0xf8,0x70,0xf8,0xd8,0xf8,0x70,0xf8,
    0xd0,0xf8,0x70,0xb8,0xd4,0xb8,0x74,0xfc,0x5c,0xfc,0x74,0xfc,0xdc,0xfc,0x74,0xfc,0xdc,0xfc,0x74,0xfc,0xdc,0xfe,0x74,0xfe,0xdc,0xfe,0x75,0xfe,0xd5,0xfe,0x75,0xee,
    0xdc,0xff,0x75,0xff,0xdd,0xff,0x57,0xff,0xdd,0xbf,0x77,0xbf,0xdd,0xff,0x77,0xff,0xdd,0xff,0x77,0xfe,0xdd,0xfe,0x75,0xff,0xdd,0xff,0x77,0xff,0xdd,0xff,0x77,0xff,
    0x00,0x00,0x00,0x00,0x40,0x80,0x00,0x00,0x00,0x00,0x00,0x00,0x40,0x00,0x00,0x80,0x40,0x80,0x40,0xc0,0x48,0x90,0x40,0xc1,0xd1,0x80,0x01,0x81,0x01,0x80,0x01,0x80,
    0x00,0x20,0x00,0xa0,0x40,0xa0,0x40,0xe0,0x40,0xa0,0x40,0xa0,0x40,0xa0,0x41,0xe0,0xc1,0xe0,0x61,0xe8,0xc0,0xe0,0x60,0xe0,0xc0,0xe0,0x41,0xe1,0xc1,0xe1,0x41,0xe3,
    0xc1,0x83,0x51,0x83,0x11,0xb3,0x13,0xb3,0x51,0xfb,0x73,0xfb,0x55,0xfa,0x70,0xf8,0xd0,0xf8,0x71,0xf9,0xd9,0xfb,0x71,0xfb,0xd1,0xfb,0x73,0xf3,0xd1,0xe3,0x67,0xef,
    0xc5,0xef,0x77,0xef,0xdd,0xff,0x57,0xff,0xdd,0xbf,0x17,0xbf,0xdd,0xff,0x77,0xff,0xdd,0xff,0x77,0xfe,0xdc,0xfe,0x74,0xfe,0xdd,0xff,0x75,0xff,0xdd,0xff,0x77,0xff,
    0x00,0x00,0x00,0x00,0x00,0x00,0x00,0x00,0x00,0x00,0x00,0x00,0x00,0x00,0x00,0x00,0x00,0x00,0x00,0x00,0x00,0x20,0x00,0x00,0x01,0x00,0x01,0x00,0x05,0x00,0x01,0x00,
    0x00,0x00,0x00,0x00,0x00,0x00,0x00,0x00,0x00,0x00,0x02,0x00,0x00,0x00,0x01,0x01,0x01,0x01,0x01,0x01,0x05,0x07,0x01,0x03,0x01,0x03,0x01,0x03,0x01,0x03,0x01,0x03,
    0x01,0x03,0x01,0x03,0x01,0x03,0x03,0x03,0x01,0x03,0x03,0x03,0x01,0x02,0x00,0x02,0x00,0x00,0x00,0x01,0x01,0x83,0x01,0x03,0x01,0x03,0x0b,0x03,0x01,0x03,0x07,0x07,
    0x05,0x07,0x07,0x0f,0x05,0x0f,0x07,0x8f,0x0d,0x8f,0x07,0x8f,0x5d,0xbf,0x57,0xff,0xdd,0xff,0x77,0xff,0xd5,0xff,0x77,0xff,0xdd,0xff,0x77,0xff,0xdd,0xff,0x77,0xff
  },
  { // 137
    0x00,0x00,0x00,0x00,0x00,0x00,0x00,0x00,0x00,0x00,0x00,0x00,0x00,0x00,0x00,0x00,0x00,0x00,0x04,0x00,0x00,0x00,0x00,0x20,0x00,0x00,0x00,0x00,0x00,0x00,0x00,0x00,
    0x00,0x00,0x00,0x00,0x00,0x00,0x00,0x00,0x00,0x00,0x00,0x00,0x00,0x00,0x00,0x00,0x00,0x00,0x00,0x08,0x00,0x00,0x00,0x00,0x00,0x08,0x00,0x00,0x80,0x88,0x01,0x00,
    0x00,0x00,0x00,0x00,0x20,0x08,0x24,0x28,0x34,0x2c,0x0c,0x2c,0x14,0x0c,0x1c,0x38,0x14,0x3c,0x1c,0x38,0x34,0x38,0x5c,0x3a,0x30,0x78,0x54,0x72,0x74,0xee,0x54,0xfe,
    0x74,0xfe,0xdc,0xfe,0x57,0xde,0xdd,0x9f,0x17,0xbf,0x1d,0xbf,0x77,0xff,0x5d,0xff,0x77,0xfe,0x5c,0xfe,0x76,0xfe,0xdd,0xff,0x77,0xff,0xdd,0xff,0x77,0xfb,0xdd,0xfb,
    0x00,0x08,0x10,0x18,0x10,0xb8,0x10,0x38,0x70,0xf8,0x50,0x70,0x70,0xf0,0x50,0x60,0x70,0xe8,0x40,0xe8,0x70,0xe8,0xd0,0xe8,0x50,0xe8,0xd0,0xa0,0x10,0xa8,0x10,0xb8,
    0x70,0xf8,0x58,0x78,0x70,0xf8,0x58,0x78,0x50,0xf8,0x58,0xf8,0x70,0xf8,0xd8,0xf8,0x70,0xf8,0xd0,0xf0,0x70,0xf0,0xd8,0xf0,0x70,0xec,0xdc,0xec,0x74,0xec,0xdc,0xd8,
    0x50,0x98,0x9c,0xb8,0x34,0xbc,0xdc,0xfe,0x74,0xfe,0x5c,0x7e,0x74,0xfc,0x5c,0xfc,0x74,0xfc,0xdc,0xfc,0x74,0xfc,0xdc,0xfa,0x70,0xfa,0xd0,0xf2,0x76,0xfe,0xd5,0xfe,
    0x77,0xff,0xdd,0xff,0x57,0xff,0xdd,0xff,0x57,0xff,0xdd,0xff,0x77,0xff,0xdd,0xff,0x77,0xfe,0x5c,0xfe,0x76,0xfe,0xdc,0xff,0x77,0xff,0xdd,0xff,0x77,0xff,0xdd,0xff,
    0x00,0x00,0x00,0x00,0x00,0x00,0x00,0x20,0x00,0x80,0x40,0xa0,0x00,0x90,0x20,0x20,0x00,0xf0,0x50,0xe0,0x40,0xc0,0x40,0x81,0x00,0x80,0x00,0x80,0x00,0x80,0x00,0xa0,
    0x00,0xa0,0x00,0x20,0x20,0x60,0x40,0x60,0x40,0xe0,0x50,0xe0,0x60,0xe0,0xd0,0xe0,0x71,0xe0,0xd1,0xe0,0x41,0xe0,0xc1,0xe1,0x61,0xe1,0xc1,0xe1,0x41,0xe1,0xc1,0xe1,
    0x41,0xc9,0xd1,0xb9,0x51,0xfb,0xd1,0xfb,0x71,0xfb,0x51,0xfa,0x70,0xfa,0x50,0xf8,0x70,0xfa,0xdd,0xfb,0x71,0xfb,0xd9,0xfb,0x51,0xfb,0xd1,0xfb,0x73,0xff,0xd5,0xff,
    0x77,0xff,0xdd,0xff,0x77,0xff,0x5d,0xff,0x77,0xff,0xdf,0xff,0x77,0xff,0xdf,0xff,0x77,0xff,0xdd,0xfb,0x77,0xff,0xdd,0xff,0x77,0xff,0xdd,0xff,0x77,0xff,0xdd,0xff,
    0x00,0x00,0x00,0x00,0x00,0x00,0x00,0x00,0x00,0x00,0x00,0x00,0x00,0x00,0x00,0x40,0x00,0x00,0x00,0x00,0x00,0x01,0x00,0x00,0x00,0x00,0x00,0x00,0x00,0x00,0x00,0x00,
    0x00,0x00,0x00,0x00,0x08,0x00,0x00,0x00,0x00,0x00,0x00,0x00,0x00,0x00,0x01,0x01,0x01,0x05,0x01,0x01,0x01,0x01,0x01,0x03,0x01,0x03,0x01,0x03,0x01,0x03,0x01,0x02,
    0x01,0x02,0x00,0x02,0x01,0x03,0x01,0x03,0x01,0x03,0x01,0x03,0x01,0x02,0x01,0x02,0x01,0x03,0x01,0x03,0x03,0x13,0x05,0x03,0x01,0x03,0x01,0x03,0x03,0x07,0x05,0x07,
    0x07,0x07,0x05,0x07,0x07,0x0f,0x05,0x0e,0x46,0xee,0x4d,0xef,0x57,0xff,0xdd,0xff,0x75,0xfb,0xd9,0xfb,0x73,0xfb,0xd5,0xff,0x77,0xff,0xdd,0xff,0x77,0xef,0xcd,0xef
  },
  { // 138
    0x00,0x00,0x00,0x00,0x00,0x00,0x00,0x00,0x00,0x00,0x00,0x00,0x02,0x00,0x00,0x00,0x00,0x00,0x40,0x00,0x00,0x00,0x00,0x00,0x00,0x00,0x00,0x00,0x00,0x00,0x00,0x00,
    0x00,0x00,0x00,0x00,0x00,0x00,0x00,0x00,0x00,0x00,0x00,0x00,0x00,0x00,0x00,0x08,0x00,0x00,0x00,0x00,0x00,0x40,0x40,0x00,0x00,0x00,0x00,0x01,0x00,0x00,0x40,0x08,
    0x40,0x08,0x40,0x08,0x00,0x08,0x14,0x0c,0x14,0x08,0x14,0x0c,0x14,0x2c,0x14,0x3c,0x1c,0x3c,0x14,0x38,0x18,0x38,0x10,0x38,0x10,0x32,0x30,0x3a,0x54,0x3e,0x76,0xee,
    0x44,0xae,0x46,0xee,0x4d,0x8f,0x17,0x9f,0xdd,0xbf,0x77,0xbf,0xdd,0xbf,0x77,0xfe,0x5c,0x7e,0x76,0xfe,0xdc,0xfe,0x77,0xff,0xdd,0xff,0x7d,0xff,0xdd,0xfb,0x73,0xfb,
    0x00,0x28,0x10,0x38,0x58,0x38,0x70,0x78,0x50,0x38,0x30,0x38,0x50,0x30,0x70,0xe0,0x50,0x60,0x70,0xe8,0x40,0xe8,0x40,0xc8,0x40,0x88,0x10,0x88,0x18,0xb8,0x10,0xb8,
    0x1c,0x38,0x30,0x38,0x5c,0x38,0x74,0x7c,0x5c,0xf8,0x74,0xfc,0xdc,0xf8,0x70,0xf8,0xd8,0xf8,0x70,0xf8,0xd0,0xf0,0x70,0xfc,0xd4,0xfc,0x74,0xec,0x4c,0xec,0x44,0xcc,
    0xdc,0xfe,0x54,0xfe,0xdc,0xfe,0x74,0xfe,0x5c,0xfe,0x74,0xfe,0x5c,0xfe,0x74,0xfe,0xdc,0xfe,0x74,0xfe,0xdc,0xf8,0x70,0xfb,0xd8,0xfb,0x73,0xff,0xdd,0xff,0x77,0xff,
    0xdd,0xff,0x77,0xfe,0x5d,0xfe,0x77,0xff,0xdd,0xff,0x77,0xff,0xdd,0xff,0x77,0xff,0xdd,0xff,0x77,0xff,0xdd,0xff,0x77,0xff,0xdd,0xff,0x77,0xff,0xdd,0xef,0x57,0xff,
    0x00,0x20,0x10,0x20,0x40,0x20,0x60,0xe0,0x40,0xb0,0x00,0x81,0x20,0x80,0x90,0xa0,0x40,0xa0,0x00,0xa1,0x40,0x20,0x00,0x00,0x00,0x00,0x00,0x80,0x40,0xa0,0x10,0xa0,
    0x50,0xb0,0x70,0xf0,0x50,0x70,0x70,0xe0,0x50,0xe0,0x70,0xe0,0xd0,0xe0,0x60,0xe0,0xc0,0xe0,0x40,0xe0,0xd0,0xe0,0x51,0xf0,0xd1,0xb1,0x71,0xa8,0x50,0x20,0x40,0x68,
    0x50,0xf8,0x70,0xf8,0xd9,0xf9,0x71,0xf8,0xd9,0xf8,0x71,0xf8,0xd2,0xf8,0x71,0xfa,0xd5,0xfb,0x75,0xff,0xd5,0xeb,0x45,0xeb,0xcd,0xeb,0x55,0xff,0xdd,0xff,0x77,0xff,
    0xdd,0xbf,0x37,0xbf,0x5d,0x7e,0x77,0xfe,0xdd,0xff,0x7f,0xff,0xdd,0xff,0x75,0xff,0xd9,0xfb,0x73,0xfb,0xdd,0xff,0x77,0xff,0xdd,0xff,0x77,0xef,0xcd,0xef,0x47,0xef,
    0x00,0x00,0x00,0x00,0x00,0x00,0x00,0x00,0x00,0x00,0x00,0x40,0x00,0x00,0x00,0x00,0x00,0x00,0x00,0x00,0x00,0x00,0x00,0x00,0x00,0x00,0x00,0x00,0x10,0x00,0x00,0x00,
    0x00,0x00,0x00,0x00,0x00,0x00,0x00,0x00,0x00,0x00,0x00,0x00,0x00,0x00,0x04,0x00,0x00,0x00,0x01,0x01,0x01,0x01,0x01,0x01,0x01,0x01,0x01,0x01,0x01,0x00,0x00,0x00,
    0x00,0x00,0x00,0x00,0x00,0x00,0x01,0x00,0x01,0x01,0x01,0x01,0x01,0x03,0x01,0x03,0x01,0x23,0x03,0x03,0x01,0x03,0x03,0x03,0x01,0x03,0x03,0x03,0x05,0x83,0x07,0x87,
    0x05,0x83,0x07,0x07,0x05,0x23,0x07,0xee,0x45,0xef,0x77,0xef,0xd5,0xef,0x75,0xef,0xd5,0xeb,0x51,0xfb,0xdd,0xff,0x77,0xff,0xdd,0xff,0x77,0xff,0xdd,0xff,0x77,0xff
  },
  { // 139
    0x00,0x00,0x00,0x00,0x00,0x00,0x00,0x02,0x00,0x00,0x00,0x00,0x00,0x80,0x00,0x00,0x00,0x00,0x00,0x00,0x00,0x00,0x00,0x00,0x00,0x00,0x00,0x00,0x00,0x00,0x00,0x00,
    0x00,0x00,0x00,0x00,0x00,0x00,0x00,0x00,0x00,0x00,0x00,0x08,0x00,0x00,0x00,0x00,0x00,0x00,0x00,0x00,0x00,0x00,0x00,0x00,0x00,0x00,0x00,0x00,0x00,0x00,0x00,0x00,
    0x00,0x08,0x00,0x08,0x00,0x08,0x40,0x08,0x40,0x08,0x40,0x08,0x14,0x0c,0x14,0x0c,0x14,0x0c,0x04,0x08,0x00,0x08,0x00,0x08,0x10,0x1a,0x14,0x3a,0x17,0xbe,0x15,0x2e,
    0x17,0x2e,0x04,0x2e,0x17,0xbe,0x5d,0xff,0x77,0xff,0xdd,0xff,0x77,0xff,0xdd,0xff,0x77,0xff,0xdd,0xff,0x7f,0xff,0xdd,0xff,0x77,0xff,0xdd,0xef,0x77,0xff,0xdd,0xff,
    0x10,0x38,0x10,0x38,0x30,0x38,0x50,0x38,0x10,0x28,0x10,0x30,0x10,0x38,0x10,0x30,0xb0,0x28,0x40,0x20,0x00,0x29,0x0c,0x28,0x04,0x0c,0x5c,0x3c,0x14,0x3e,0x1c,0x38,
    0x14,0x38,0x1c,0x38,0x30,0x38,0x5c,0x78,0x74,0xfc,0x5c,0xfc,0x74,0xf8,0x58,0xe8,0x50,0xf8,0xd8,0xfa,0x50,0xff,0xdc,0xbe,0x36,0xbe,0x14,0x3e,0x34,0x2e,0x5c,0x7e,
    0x74,0xfe,0x5c,0xfe,0x74,0xfe,0xdc,0xfe,0x74,0xfa,0xdc,0xfa,0x74,0xfe,0xdc,0xfe,0x76,0xfe,0xd4,0xee,0x64,0xee,0xcd,0xff,0x57,0xff,0xdd,0xff,0x77,0xff,0xdd,0xbf,
    0x37,0xbf,0x1d,0x3f,0x77,0xfe,0x5d,0xff,0x77,0xff,0xdd,0xff,0x75,0xff,0xdd,0xfb,0x71,0xfb,0xdd,0xff,0x7f,0xff,0xdd,0xff,0x77,0xff,0xc5,0xef,0x67,0xef,0xdd,0xff,
    0x40,0x20,0x40,0x28,0x40,0x60,0x40,0x20,0x40,0x00,0x48,0x00,0x00,0x80,0x00,0x20,0x00,0xa0,0x00,0x20,0x00,0x20,0x00,0x20,0x00,0x20,0x40,0x20,0x50,0xf8,0x50,0xf8,
    0x50,0xf8,0x50,0xb0,0x70,0xf0,0x50,0xf0,0x70,0xf0,0xd0,0xe0,0x60,0xe0,0x60,0xe0,0x60,0xe8,0xc0,0xe8,0x50,0xf8,0xd8,0xb8,0x10,0xb8,0x10,0x38,0x30,0x38,0x5c,0x78,
    0x74,0xfc,0x5c,0xfc,0x74,0xf8,0xdc,0xf9,0x70,0xf8,0xd8,0xf8,0x71,0xf9,0xd1,0xfb,0x71,0xfb,0xd5,0xe3,0x65,0xef,0xc5,0xef,0x47,0xff,0xdd,0xff,0x57,0xff,0xdd,0xbf,
    0x37,0xbf,0x5f,0xbf,0x77,0xff,0xdd,0xff,0x77,0xfe,0xdd,0xfe,0x75,0xfc,0xdf,0xfd,0x77,0xff,0xdf,0xff,0x77,0xff,0xdd,0xff,0x77,0xff,0xd5,0xff,0x77,0xff,0xdd,0xff,
    0x00,0x00,0x00,0x00,0x00,0x00,0x80,0x00,0x00,0x00,0x00,0x00,0x00,0x00,0x00,0x00,0x00,0x00,0x00,0x00,0x00,0x20,0x00,0x00,0x00,0x00,0x00,0x00,0x00,0x00,0x00,0x00,
    0x00,0x00,0x00,0x00,0x00,0x00,0x00,0x00,0x00,0x00,0x00,0x02,0x00,0x00,0x00,0x00,0x00,0x00,0x00,0x00,0x00,0x00,0x01,0x00,0x01,0x00,0x01,0x00,0x00,0x00,0x00,0x00,
    0x00,0x00,0x00,0x00,0x00,0x00,0x00,0x00,0x00,0x00,0x01,0x01,0x01,0x21,0x01,0x03,0x01,0x03,0x01,0x03,0x03,0x03,0x01,0x03,0x03,0x03,0x01,0x03,0x03,0x83,0x41,0x83,
    0x01,0xa3,0x41,0xa3,0x51,0xe3,0xd1,0xf3,0x73,0xff,0xd5,0xf3,0x77,0xe7,0xc5,0xe7,0x67,0xef,0xdd,0xff,0x57,0xff,0xdd,0xff,0x57,0xbf,0x9d,0xbf,0x37,0xff,0x5d,0xff
  },
  { // 140
    0x02,0x00,0x00,0x00,0x00,0x00,0x00,0x00,0x00,0x00,0x00,0x00,0x00,0x00,0x00,0x00,0x00,0x00,0x00,0x00,0x00,0x00,0x00,0x00,0x00,0x00,0x00,0x00,0x00,0x00,0x00,0x00,
    0x00,0x00,0x00,0x00,0x00,0x00,0x00,0x08,0x00,0x00,0x00,0x00,0x00,0x00,0x00,0x00,0x00,0x00,0x00,0x00,0x00,0x00,0x00,0x00,0x00,0x00,0x00,0x00,0x00,0x00,0x00,0x00,
    0x20,0x00,0x20,0x00,0x20,0x00,0x00,0x00,0x00,0x00,0x00,0x00,0x00,0x02,0x00,0x00,0x00,0x00,0x00,0x00,0x04,0x02,0x04,0x8e,0x05,0x8f,0x07,0x8f,0x0d,0x8f,0x17,0x8f,
    0x1d,0x1f,0x17,0xbf,0x1d,0xbe,0x77,0xfe,0x5c,0xfe,0x74,0xfc,0xdc,0xfd,0x75,0xff,0xdd,0xff,0x77,0xff,0xdd,0xfb,0x77,0xf7,0xd5,0xe7,0x77,0xef,0xdd,0xff,0x77,0xff,
    0x10,0x38,0x10,0x28,0x00,0x20,0x00,0x09,0x00,0x08,0x00,0x88,0x04,0x08,0x10,0x08,0x12,0x08,0x10,0x08,0x0c,0x2e,0x14,0x2e,0x1c,0x3e,0x14,0x3c,0x1c,0x3c,0x14,0x3c,
    0x9c,0x38,0x10,0x38,0x18,0x3a,0x30,0x3a,0x54,0x3a,0x30,0x22,0x44,0x22,0x44,0x6e,0x4c,0x6e,0x54,0x7e,0x5c,0x3e,0x16,0x1e,0x1c,0x3e,0x16,0x3e,0x1c,0x3e,0x76,0x7e,
    0x5c,0xfe,0x76,0x7e,0x5c,0x7c,0x74,0xfc,0xdc,0xfa,0x75,0xff,0xfd,0xfb,0x73,0xfb,0xf5,0xf3,0x77,0xe7,0x45,0xef,0x77,0xff,0xdd,0xff,0x77,0xff,0xdd,0xbf,0x17,0xbf,
    0xdd,0xbf,0x77,0xff,0xdd,0xff,0x77,0xff,0xdd,0xfe,0x76,0xfe,0xdc,0xff,0x75,0xff,0xdd,0xff,0x77,0xff,0xdd,0xff,0xf7,0xff,0xd5,0xff,0x77,0xff,0xdd,0xff,0x77,0xff,
    0x10,0xf0,0x10,0x20,0x00,0x20,0x08,0x20,0x00,0x20,0x00,0x08,0x40,0x08,0x00,0x08,0x00,0x08,0x10,0x08,0x10,0x38,0x10,0x38,0x10,0x38,0x70,0x78,0x50,0x78,0x70,0x78,
    0x50,0x78,0x70,0xf8,0x50,0xf8,0x70,0xf8,0x50,0xf0,0x70,0xa0,0x40,0x20,0x40,0xe8,0x44,0xec,0x74,0xec,0x5c,0xfc,0x54,0xbc,0x5c,0xb8,0x14,0xbc,0x5c,0xba,0x74,0xfe,
    0x5c,0xfe,0x74,0xfc,0x54,0xf8,0x74,0xfc,0xdc,0xfa,0x74,0xfe,0xdd,0xfb,0x75,0xfb,0xdd,0xbb,0x17,0xbf,0x55,0xbf,0x77,0xff,0x5d,0xff,0x77,0xfe,0x5d,0xfe,0x75,0xfe,
    0xdd,0xff,0x75,0xff,0xdd,0xff,0x77,0xff,0xdd,0xff,0x77,0xff,0xd5,0xff,0x77,0xff,0xdd,0xff,0x7f,0xff,0xdd,0xff,0x57,0xff,0xdd,0xbf,0x37,0xbf,0xdd,0xff,0x77,0xff,
    0x80,0x00,0x00,0x00,0x00,0x00,0x00,0x00,0x00,0x00,0x00,0x20,0x00,0x00,0x00,0x00,0x00,0x00,0x00,0x00,0x00,0x00,0x00,0x00,0x00,0x00,0x00,0x00,0x00,0x00,0x00,0x00,
    0x00,0x00,0x00,0x01,0x00,0x00,0x00,0x02,0x00,0x00,0x00,0x00,0x00,0x00,0x00,0x00,0x00,0x00,0x00,0x00,0x00,0x00,0x00,0x00,0x00,0x00,0x00,0x00,0x00,0x00,0x00,0x00,
    0x80,0x00,0x00,0x00,0x00,0x00,0x00,0x00,0x40,0x00,0x01,0x00,0x01,0x01,0x01,0x01,0x01,0x01,0x01,0x01,0x01,0x01,0x01,0x23,0x01,0x23,0x61,0x62,0x40,0x60,0x60,0xe0,
    0x40,0xe0,0x71,0xf9,0xd1,0xfb,0x71,0xfb,0xd1,0xf3,0x73,0xf3,0xd1,0xe3,0x77,0xef,0xd5,0xff,0x7f,0xff,0xdd,0xff,0x57,0xff,0xdd,0xbf,0x77,0xff,0xdd,0xff,0x77,0xff
  },
  { // 141
    0x00,0x00,0x00,0x00,0x00,0x00,0x00,0x00,0x00,0x00,0x00,0x00,0x00,0x00,0x00,0x00,0x00,0x00,0x00,0x00,0x00,0x00,0x00,0x00,0x00,0x00,0x00,0x00,0x00,0x04,0x00,0x00,
    0x00,0x00,0x00,0x08,0x00,0x00,0x00,0x00,0x00,0x00,0x00,0x00,0x00,0x00,0x00,0x01,0x00,0x00,0x00,0x00,0x00,0x00,0x00,0x00,0x00,0x00,0x00,0x00,0x00,0x00,0x00,0x00,
    0x00,0x00,0x00,0x20,0x00,0x20,0x00,0x20,0x00,0x80,0x00,0x80,0x00,0x80,0x00,0x80,0x00,0x82,0x00,0x82,0x00,0x86,0x04,0x86,0x07,0x8e,0x05,0x8e,0x05,0x8e,0x0d,0x8f,
    0x17,0x8f,0x9d,0xbf,0x17,0xbe,0x5c,0xfe,0x74,0xfe,0xdc,0xfe,0x75,0xff,0xdd,0xff,0x77,0xff,0xdd,0xfb,0x53,0xfb,0xd5,0xff,0x77,0xff,0xdd,0xff,0x77,0xff,0xdd,0xff,
    0x10,0x00,0x02,0x00,0x00,0x02,0x00,0x00,0x80,0x0c,0x04,0x0e,0x14,0x0c,0x04,0x0a,0x00,0x0a,0x04,0x0a,0x14,0x1e,0x1c,0x3e,0x14,0x3e,0x1c,0x3e,0x14,0x2c,0x1c,0x2c,
    0x14,0x3c,0x1c,0x38,0x10,0x3a,0x18,0x3a,0x10,0x22,0x14,0x22,0x06,0x2e,0x04,0x2e,0x17,0x2e,0x0d,0x2e,0x17,0x0e,0x1c,0x1e,0x15,0x3e,0x1d,0x3f,0x37,0x7e,0x1d,0x3e,
    0x36,0x3e,0x5c,0x3e,0x74,0x7e,0x5c,0xfe,0x75,0xff,0xdd,0xff,0x57,0xff,0xdd,0xbb,0x37,0xbf,0x35,0xbf,0x37,0xff,0x5d,0xff,0x77,0xff,0x5d,0x7f,0x77,0xff,0x5d,0xff,
    0x77,0xff,0xdd,0xff,0x77,0xff,0xdd,0xff,0x77,0xff,0xd5,0xff,0x77,0xff,0xdd,0xff,0x77,0xff,0xdd,0xff,0x57,0xdf,0xdd,0xbf,0x57,0xff,0xdd,0xff,0x77,0xff,0xdd,0xff,
    0x10,0x08,0x00,0x04,0x00,0x40,0x00,0x20,0x00,0x28,0x00,0x28,0x00,0x08,0x04,0x08,0x00,0x08,0x18,0x18,0x10,0x38,0x18,0x38,0x30,0x39,0x10,0x38,0xb0,0x38,0x50,0x28,
    0x70,0x68,0x54,0x78,0x70,0x78,0x58,0x38,0x10,0x08,0x30,0x3a,0x30,0x3e,0x34,0x3e,0x34,0x3e,0x5c,0x3e,0x74,0x7e,0x5c,0x3c,0x74,0xfc,0x5c,0xfe,0x74,0xfe,0x5c,0xfa,
    0x70,0xfa,0x50,0xfa,0x70,0xfe,0x54,0xfe,0x76,0xfe,0xdd,0xef,0x57,0xef,0xdd,0xdf,0x57,0x9f,0x9f,0xbf,0x37,0xbf,0x5d,0xff,0x77,0xfe,0x5c,0x7e,0x76,0xfe,0x5c,0xfe,
    0x75,0xff,0xdd,0xff,0x75,0xff,0xdd,0xfb,0x73,0xfb,0xd5,0xff,0x77,0xff,0xdd,0xff,0x77,0xff,0xdd,0xef,0x57,0xff,0xdd,0xff,0x57,0xff,0xdd,0xff,0x77,0xff,0xdd,0xff,
    0x00,0x00,0x00,0x00,0x10,0x00,0x00,0x00,0x00,0x02,0x00,0x00,0x00,0x00,0x00,0x00,0x00,0x00,0x00,0x00,0x00,0x00,0x00,0x00,0x00,0x00,0x00,0x00,0x00,0x00,0x00,0x00,
    0x00,0x00,0x00,0x00,0x01,0x00,0x00,0x00,0x00,0x00,0x00,0x00,0x00,0x00,0x00,0x00,0x00,0x00,0x00,0x00,0x00,0x00,0x00,0x00,0x00,0x00,0x00,0x40,0x00,0x00,0x00,0x00,
    0x00,0x00,0x00,0x00,0x80,0x00,0x00,0x00,0x00,0x00,0x00,0x00,0x00,0x00,0x00,0x00,0x00,0x00,0x00,0x00,0x11,0x30,0x11,0x30,0x31,0x30,0x50,0x30,0x70,0x70,0x50,0xf0,
    0x70,0xf8,0xd1,0xf9,0x71,0xf9,0xd1,0xf9,0x51,0xfb,0xd1,0xfb,0x73,0xff,0xdd,0xff,0x77,0xff,0x5d,0xff,0x77,0xff,0x5f,0xff,0x77,0xff,0xdd,0xff,0x77,0xff,0xdd,0xff
  },
  { // 142
    0x00,0x00,0x00,0x00,0x00,0x00,0x00,0x00,0x00,0x00,0x00,0x00,0x00,0x00,0x00,0x00,0x00,0x00,0x00,0x00,0x00,0x00,0x00,0x00,0x00,0x00,0x00,0x00,0x00,0x00,0x00,0x00,
    0x00,0x00,0x00,0x00,0x00,0x00,0x00,0x00,0x00,0x00,0x00,0x01,0x00,0x00,0x00,0x00,0x00,0x00,0x00,0x00,0x00,0x00,0x00,0x00,0x00,0x00,0x00,0x80,0x00,0x40,0x00,0x40,
    0x00,0x40,0x00,0x80,0x00,0x80,0x00,0x80,0x80,0x80,0x00,0x80,0x80,0x80,0x00,0x80,0x80,0x80,0x00,0x82,0x80,0x82,0x00,0x82,0x04,0x02,0x04,0x86,0x44,0x86,0x44,0xce,
    0xc5,0xeb,0x65,0xeb,0xc1,0xea,0x41,0xea,0xd1,0xe3,0x77,0xef,0xd5,0xef,0x67,0xef,0xc5,0xef,0x47,0xcf,0xcd,0xff,0x57,0xff,0xdd,0xff,0x77,0xff,0xdd,0xbf,0x77,0xff,
    0x00,0x00,0x10,0x00,0x40,0x02,0x00,0x0a,0x04,0x06,0x04,0x0e,0x04,0x0e,0x04,0x0e,0x04,0x0e,0x04,0x0e,0x0c,0x0e,0x14,0x0a,0x14,0x0a,0x10,0x0a,0x04,0x02,0x04,0x0e,
    0x04,0x0e,0x04,0x0e,0x04,0x0a,0x01,0x0a,0x01,0x0b,0x07,0x0f,0x15,0x1f,0x1f,0x1f,0x1d,0x0f,0x17,0x0e,0x0c,0x0e,0x16,0x3e,0x1c,0x3e,0x15,0x3f,0x1d,0x3f,0x11,0x3a,
    0x19,0x3b,0x33,0x3b,0x15,0x3f,0x37,0xbf,0x55,0xaf,0x07,0xaf,0x4d,0xaf,0x07,0x8f,0x1d,0xbf,0x17,0xbf,0x1d,0xbf,0x37,0x3f,0x1d,0x3f,0x37,0x7e,0x5d,0xfe,0x77,0xff,
    0xdd,0xff,0x75,0xff,0xdd,0xfb,0x71,0xfb,0xd9,0xfb,0x77,0xff,0xdd,0xff,0x77,0xff,0xdd,0xef,0x67,0xef,0xdd,0xff,0x5f,0xff,0xdd,0xff,0x77,0xff,0xdd,0xff,0x77,0xff,
    0x00,0x08,0x00,0x08,0x00,0x08,0x10,0x08,0x14,0x3e,0x14,0x2e,0x14,0x2c,0x14,0x2c,0x1c,0x3d,0x14,0x7c,0x1c,0x3c,0x14,0x38,0x18,0x38,0x10,0x38,0x10,0x32,0x30,0x3a,
    0x14,0x3e,0x34,0x6e,0x04,0x6e,0x04,0x4e,0x0c,0x0e,0x14,0x1e,0x1c,0x3e,0x16,0x3e,0x1c,0x3e,0x76,0x3e,0x5c,0x3e,0x74,0x7e,0x5c,0x7e,0x74,0x7e,0x5c,0x7c,0x70,0x78,
    0x59,0x7b,0x71,0xfb,0x55,0xff,0x77,0xff,0x55,0x7f,0x77,0x6f,0x4d,0x6f,0x57,0xff,0x5d,0xff,0x77,0xff,0x5d,0xff,0x77,0xff,0x5d,0xbf,0x77,0xfe,0x5c,0xfe,0x77,0xfe,
    0xdd,0xff,0x77,0xff,0xdd,0xff,0x75,0xff,0xdd,0xff,0x77,0xff,0xdf,0xff,0x77,0xff,0xdd,0xff,0x77,0xff,0x5d,0xff,0x77,0xff,0xdd,0xff,0x77,0xff,0xdd,0xff,0x77,0xff,
    0x02,0x00,0x00,0x00,0x00,0x00,0x00,0x00,0x00,0x00,0x00,0x00,0x00,0x00,0x00,0x00,0x00,0x00,0x00,0x00,0x00,0x00,0x00,0x00,0x00,0x00,0x00,0x00,0x00,0x00,0x00,0x00,
    0x01,0x00,0x00,0x00,0x00,0x00,0x00,0x00,0x00,0x00,0x00,0x00,0x00,0x00,0x00,0x00,0x00,0x00,0x00,0x00,0x00,0x20,0x00,0x00,0x00,0x00,0x00,0x00,0x00,0x00,0x00,0x80,
    0x00,0x00,0x00,0x00,0x00,0x00,0x00,0x00,0x00,0x20,0x00,0x20,0x00,0x20,0x00,0x28,0x00,0x28,0x50,0x78,0x58,0x78,0x70,0x78,0x50,0x38,0x70,0xf8,0x50,0xf8,0x70,0xf8,
    0xd0,0xfa,0x75,0xee,0xc5,0xeb,0x45,0xef,0xcd,0xef,0x57,0xff,0xdd,0xff,0x77,0xbf,0x9d,0xbf,0x37,0x3f,0x5d,0x7f,0x77,0xff,0xdd,0xff,0x77,0xff,0xdd,0xff,0x75,0xff
  },
  { // 143
    0x00,0x00,0x00,0x00,0x00,0x00,0x00,0x00,0x00,0x00,0x00,0x00,0x00,0x00,0x00,0x00,0x00,0x00,0x00,0x00,0x00,0x00,0x00,0x00,0x00,0x00,0x00,0x00,0x00,0x00,0x00,0x00,
    0x00,0x00,0x00,0x00,0x00,0x00,0x00,0x00,0x01,0x80,0x00,0x00,0x00,0x80,0x00,0x00,0x00,0x00,0x00,0x00,0x00,0x00,0x00,0x00,0x00,0x80,0x00,0x80,0x00,0x80,0x00,0x80,
    0x00,0x80,0x80,0xa0,0x00,0xa0,0x80,0xa0,0x00,0x80,0x80,0x80,0x00,0x80,0x80,0x80,0x00,0x80,0x80,0x80,0x00,0x80,0x00,0x00,0x00,0x02,0x40,0xc2,0xc0,0xe2,0xc0,0xe0,
    0x40,0xe0,0xc0,0xe0,0x41,0xe1,0xc1,0xe3,0x63,0xeb,0xd5,0xe3,0x77,0xe7,0xc5,0xe7,0x47,0xef,0xcd,0xef,0x57,0xff,0xdd,0xff,0x77,0xff,0xdd,0xbf,0x77,0xff,0xdd,0xff,
    0x20,0x00,0x00,0x0a,0x00,0x02,0x00,0x02,0x00,0x02,0x04,0x02,0x04,0x06,0x04,0x0e,0x04,0x0e,0x04,0x0e,0x04,0x08,0x00,0x08,0x00,0x08,0x00,0x02,0x00,0x02,0x05,0x06,
    0x07,0x06,0x04,0x02,0x05,0x0e,0x05,0x0f,0x07,0x1f,0x0d,0x0f,0x07,0x0f,0x1d,0x0f,0x17,0x0e,0x14,0x0e,0x16,0x1e,0x1c,0x1e,0x16,0x1e,0x1c,0x1e,0x15,0x88,0x19,0x99,
    0x11,0x9b,0x11,0xbb,0x17,0xbf,0x15,0xaf,0x07,0xaf,0x05,0x0f,0x07,0x8f,0x0d,0xbf,0x17,0xbf,0x9d,0xbf,0x17,0xbf,0x1d,0xbf,0x37,0xbf,0x5d,0xff,0x77,0xff,0xdd,0xff,
    0x77,0xff,0xdd,0xff,0x75,0xff,0xdd,0xff,0x77,0xff,0xdd,0xff,0x77,0xff,0xdd,0xbf,0x3f,0xff,0x5d,0xff,0x77,0xff,0xdd,0xff,0x77,0xff,0xdd,0xff,0x77,0xff,0xdd,0xff,
    0x04,0x0c,0x04,0x0e,0x04,0x0e,0x1c,0x1e,0x14,0x1e,0x1d,0x1a,0x34,0x1e,0x14,0x3e,0x14,0x3e,0x1c,0x3e,0x14,0x3c,0x1c,0x28,0x10,0x08,0x10,0x3a,0x10,0xba,0x14,0x3a,
    0x17,0x2e,0x04,0x26,0x06,0x0e,0x04,0x2e,0x06,0x2e,0x1d,0x3e,0x37,0x3e,0x3d,0x3e,0x35,0x3e,0x1c,0x3e,0x36,0x3e,0x3c,0x3e,0x76,0x7e,0x7c,0x7e,0x74,0x6e,0x5d,0x6b,
    0x5d,0x7f,0x5d,0x3f,0x57,0x3f,0x1d,0x3f,0x17,0x3f,0x1d,0x3f,0x37,0x3f,0x5d,0x7f,0x77,0x7f,0x5d,0x7f,0x77,0xff,0x5d,0xff,0x75,0xff,0x5d,0xff,0x77,0xff,0xdd,0xff,
    0x77,0xff,0xdd,0xef,0x67,0xef,0xcd,0xef,0x77,0xff,0xdf,0xff,0x57,0xff,0x9d,0xbf,0x37,0xbf,0x5d,0xff,0x7f,0xff,0xdd,0xff,0x77,0xff,0xdd,0xff,0x75,0xfd,0xdd,0xff,
    0x00,0x00,0x00,0x00,0x00,0x00,0x00,0x00,0x00,0x00,0x00,0x00,0x00,0x00,0x00,0x00,0x00,0x00,0x00,0x00,0x00,0x00,0x00,0x00,0x00,0x00,0x00,0x00,0x00,0x00,0x00,0x00,
    0x00,0x00,0x00,0x00,0x00,0x00,0x00,0x00,0x00,0x00,0x00,0x00,0x00,0x00,0x00,0x00,0x10,0x00,0x00,0x00,0x00,0x00,0x00,0x00,0x00,0x00,0x00,0x80,0x00,0x00,0x00,0x00,
    0x00,0x00,0x00,0x00,0x00,0x08,0x00,0x08,0x10,0x08,0x10,0x38,0x10,0x38,0x10,0x38,0x30,0x38,0x58,0x38,0x70,0x78,0x58,0x78,0x70,0x78,0x58,0xf8,0x70,0xf8,0x50,0xfa,
    0x71,0xfa,0x55,0xe2,0x65,0xee,0x45,0xef,0x77,0xff,0xdd,0xff,0x57,0xff,0xdd,0xbf,0x37,0xbf,0xdd,0xff,0x77,0xff,0xdd,0xff,0x77,0xfe,0xdd,0xfe,0x75,0xff,0xdd,0xff
  },
  { // 144
    0x00,0x00,0x08,0x00,0x00,0x00,0x00,0x00,0x00,0x00,0x00,0x00,0x00,0x00,0x00,0x00,0x00,0x00,0x00,0x00,0x00,0x20,0x00,0x00,0x00,0x00,0x00,0x80,0x00,0x00,0x00,0x00,
    0x00,0x00,0x00,0x02,0x00,0x00,0x00,0x80,0x00,0x80,0x00,0x80,0x00,0x00,0x00,0x00,0x00,0x00,0x00,0x00,0x00,0x00,0x00,0x80,0x00,0x80,0x00,0x80,0xc0,0x80,0x40,0x80,
    0xc0,0x80,0x20,0x80,0x80,0x80,0x00,0x80,0x00,0x80,0x00,0x80,0xc0,0x80,0x40,0xc0,0xc0,0x80,0x00,0x80,0x80,0x80,0x00,0x80,0xc0,0xe0,0x40,0xe0,0xc0,0xe0,0x60,0xe0,
    0xc0,0xe0,0x40,0xe0,0xc1,0xe3,0x41,0xe3,0xc1,0xe3,0x43,0xe3,0xc5,0xa3,0x1f,0xaf,0xd5,0xff,0x77,0xff,0xdd,0xff,0x77,0xff,0xdd,0xff,0x75,0xff,0xdd,0xff,0x77,0xff,
    0x00,0x02,0x80,0x02,0x00,0x02,0x00,0x02,0x00,0x02,0x00,0x02,0x00,0x02,0x00,0x02,0x04,0x02,0x00,0x00,0x00,0x00,0x00,0x00,0x00,0x00,0x01,0x03,0x01,0x03,0x01,0x03,
    0x01,0x03,0x03,0x27,0x45,0x07,0x07,0x0f,0x05,0x0f,0x07,0x0f,0x1d,0x0f,0x05,0x0e,0x0d,0x0b,0x07,0x8f,0x0d,0x0f,0x17,0x8e,0x04,0x06,0x04,0x8e,0x04,0x8f,0x45,0x8f,
    0x8d,0x8f,0x07,0x8f,0x8d,0x8f,0x17,0x8f,0x15,0x8f,0x17,0x9f,0x1d,0x3f,0x17,0xbf,0x5d,0xbf,0x57,0xfe,0x5d,0xbf,0x55,0xff,0xdd,0xff,0x77,0xff,0xdd,0xff,0x77,0xff,
    0xd5,0xe7,0x77,0xef,0xcd,0xef,0x77,0xff,0xdf,0xff,0x57,0xdf,0xdd,0xbf,0x17,0xbf,0x9d,0xbf,0x77,0xff,0xdd,0xff,0x77,0xfe,0xdc,0xfe,0x74,0xfe,0xdd,0xff,0x75,0xff,
    0x04,0x0e,0x04,0x0e,0x0c,0x0e,0x04,0x0e,0x0c,0x08,0x14,0x1a,0x1c,0x1a,0x14,0x1e,0x14,0x1a,0x14,0x0a,0x04,0x02,0x04,0x0e,0x04,0x0e,0x05,0x0f,0x0d,0x0f,0x17,0x0f,
    0x15,0x0b,0x17,0x1f,0x1d,0x7f,0x17,0x7e,0x1d,0x7e,0x16,0x3e,0x1c,0x3e,0x14,0x3c,0x5c,0x3e,0x55,0x3f,0x5d,0x3b,0x37,0x3b,0x15,0x33,0x37,0x27,0x05,0x27,0x07,0x2f,
    0x0d,0x2f,0x17,0x3f,0x1d,0x1f,0x17,0x1f,0x1d,0x3f,0x17,0x3f,0x1d,0x3f,0x37,0x7f,0x5d,0x7e,0x76,0x7e,0x5c,0x7e,0x75,0xff,0x5d,0xff,0x77,0xff,0xdd,0xfb,0x73,0xfb,
    0x55,0xf7,0x77,0xff,0x5d,0xff,0x77,0xff,0xdd,0xff,0x77,0xff,0xdd,0xff,0x57,0xff,0xdd,0xff,0x77,0xff,0xdd,0xff,0x77,0xff,0xdd,0xfe,0x76,0xfe,0xdd,0xff,0x77,0xff,
    0x00,0x00,0x00,0x00,0x00,0x00,0x00,0x00,0x00,0x00,0x00,0x00,0x00,0x00,0x00,0x00,0x00,0x00,0x00,0x00,0x00,0x00,0x00,0x00,0x00,0x00,0x00,0x00,0x00,0x00,0x00,0x00,
    0x00,0x00,0x00,0x00,0x00,0x00,0x00,0x00,0x00,0x00,0x08,0x00,0x00,0x00,0x00,0x00,0x00,0x00,0x00,0x00,0x00,0x00,0x00,0x80,0x00,0x00,0x00,0x00,0x00,0x00,0x00,0x00,
    0x00,0x00,0x00,0x08,0x00,0x08,0x00,0x08,0x18,0x18,0x10,0x38,0x18,0x38,0x30,0x38,0x10,0x38,0x30,0x38,0x50,0x20,0x70,0x68,0xd4,0x78,0x74,0x7c,0x5c,0x7a,0x51,0x9a,
    0x15,0x3b,0x17,0xbf,0x1d,0x3f,0x77,0xff,0x5d,0x7f,0x77,0xfe,0x5c,0xfe,0x74,0xfe,0xdd,0xff,0x77,0xff,0xdd,0xff,0x77,0xff,0xdd,0xfb,0x77,0xff,0xd5,0xff,0x77,0xff
  },
  { // 145
    0x00,0x00,0x00,0x00,0x00,0x00,0x00,0x00,0x00,0x00,0x00,0x00,0x00,0x00,0x00,0x00,0x00,0x40,0x00,0x00,0x00,0x00,0x00,0x00,0x00,0x80,0x00,0x80,0x00,0x80,0x00,0x00,
    0x04,0x00,0x00,0x00,0x00,0x80,0x00,0x00,0x00,0x80,0x00,0x00,0x00,0x80,0x00,0x80,0x00,0x80,0x00,0x80,0x00,0x80,0x00,0x80,0x00,0x80,0x00,0x80,0x60,0xc0,0xc0,0x80,
    0x40,0x80,0xc0,0x80,0x00,0x80,0xc0,0x80,0x40,0x80,0x40,0x80,0x00,0x80,0x40,0x00,0x40,0xc0,0x40,0xc0,0x40,0xc0,0xc0,0xe0,0x40,0xe0,0xc0,0xe0,0x60,0xe0,0xc0,0xe0,
    0x60,0xe0,0xc0,0xe2,0x61,0xe3,0xc1,0xe3,0x41,0xc3,0xc5,0x8b,0x17,0xbf,0xd5,0xbf,0x77,0xff,0xdd,0xff,0x77,0xfe,0x5c,0xfe,0x76,0xfe,0xdd,0xff,0x75,0xff,0xdd,0xff,
    0x00,0x02,0x00,0x02,0x00,0x00,0x00,0x00,0x00,0x00,0x00,0x02,0x00,0x02,0x00,0x02,0x00,0x00,0x00,0x00,0x00,0x00,0x00,0x02,0x01,0x02,0x05,0x03,0x01,0x03,0x41,0x43,
    0x03,0x03,0x05,0x03,0x07,0x0f,0x05,0x0f,0x07,0x0e,0x04,0x0e,0x04,0x0e,0x04,0x0e,0x05,0x8f,0x0d,0x8b,0x01,0x8b,0x01,0x83,0x21,0x83,0x05,0x83,0x07,0x8f,0x85,0x8f,
    0x07,0x8f,0x8d,0x8f,0x07,0x8f,0x0d,0x8f,0x17,0x9f,0x1d,0xbf,0x17,0xbf,0x1d,0x3e,0x16,0xbe,0x5c,0xfe,0x54,0xfe,0xfd,0xff,0x75,0xff,0xfd,0xfb,0x53,0xfb,0xd1,0xf3,
    0x77,0xff,0xd5,0xff,0x77,0xff,0xdf,0xef,0x57,0xef,0xdf,0xff,0x57,0xff,0xdd,0xff,0x77,0xff,0xdd,0xff,0x77,0xff,0xdd,0xfe,0x76,0xfe,0xdd,0xff,0x77,0xff,0xdd,0xff,
    0x06,0x0e,0x04,0x0e,0x04,0x0e,0x0c,0x0c,0x04,0x0c,0x1c,0x08,0x14,0x1a,0x18,0x1a,0x10,0x0a,0x00,0x02,0x00,0x02,0x04,0x06,0x07,0x0f,0x05,0x0f,0x07,0x0f,0x0d,0x0f,
    0x17,0x0f,0x1d,0x1f,0x17,0x1f,0x1d,0x3f,0x17,0x3e,0x1c,0x3e,0x14,0x3e,0x1c,0x3e,0x54,0x3e,0x1d,0x3f,0x15,0x3b,0x19,0x3b,0x13,0x3b,0x15,0x37,0x17,0x3f,0x1d,0x3f,
    0x17,0x2f,0x1d,0x2f,0x17,0x1f,0x1d,0x3f,0x17,0x3f,0x1d,0x3f,0x37,0x3f,0x5d,0x3f,0x37,0x3e,0x5c,0x7e,0x76,0x7e,0x5d,0x7f,0x77,0xff,0x5d,0xff,0x57,0xff,0x5d,0xbf,
    0x17,0xbf,0x5d,0xbf,0x77,0xff,0x7d,0x7f,0x77,0xff,0xdd,0x7f,0x77,0xff,0xdd,0xff,0x77,0xff,0xdd,0xff,0x77,0xff,0xdd,0xfb,0x77,0xff,0xd5,0xff,0x77,0xff,0xdd,0xff,
    0x00,0x00,0x00,0x00,0x00,0x00,0x00,0x00,0x00,0x00,0x00,0x00,0x00,0x00,0x00,0x00,0x00,0x00,0x00,0x00,0x00,0x00,0x00,0x00,0x00,0x00,0x00,0x00,0x00,0x00,0x00,0x00,
    0x00,0x00,0x00,0x00,0x00,0x04,0x00,0x00,0x00,0x00,0x00,0x00,0x00,0x00,0x00,0x00,0x00,0x00,0x00,0x80,0x00,0x00,0x00,0x00,0x00,0x00,0x00,0x00,0x00,0x00,0x00,0x00,
    0x10,0x08,0x00,0x08,0x00,0x08,0x00,0x28,0x10,0x38,0x1c,0x38,0x10,0x38,0x18,0x38,0x10,0x38,0x10,0x30,0x30,0x30,0x54,0x3e,0x74,0x6e,0x44,0x6e,0x44,0x4e,0x4c,0x0e,
    0x15,0x1f,0x1d,0x3f,0x37,0xbf,0x5d,0x3f,0x37,0x7e,0x5c,0x7e,0x76,0xfe,0x5c,0xfe,0x75,0xff,0xdd,0xff,0x75,0xff,0xd9,0xfb,0x73,0xfb,0xd5,0xff,0x77,0xff,0xdd,0xff
  },
  { // 146
    0x00,0x00,0x00,0x00,0x00,0x00,0x00,0x00,0x00,0x00,0x00,0x00,0x00,0x00,0x00,0x00,0x00,0x00,0x00,0x00,0x00,0x00,0x00,0x80,0x00,0x00,0x00,0x80,0x04,0x00,0x00,0x80,
    0x00,0x00,0x00,0x80,0x00,0x00,0x00,0x00,0x00,0x00,0x00,0x00,0x00,0x80,0x00,0x80,0x80,0x80,0x00,0x80,0x80,0x90,0x00,0x80,0x80,0x80,0x00,0x80,0xc0,0x80,0x00,0x80,
    0xc0,0x80,0x00,0x80,0x80,0x80,0x00,0x80,0x80,0x80,0x00,0x80,0x00,0x00,0x00,0x80,0x40,0xe0,0x40,0xe0,0xc0,0xe0,0x40,0xe0,0xc0,0xe0,0x40,0xe0,0xc0,0xe0,0x40,0xe0,
    0xc1,0xe3,0x61,0xe3,0xc1,0xe3,0x43,0xf2,0x45,0xe3,0x47,0xef,0xdd,0xff,0x77,0xff,0xdd,0xff,0x77,0xff,0xdd,0xff,0x77,0xfe,0xdd,0xff,0x77,0xff,0xdd,0xff,0x77,0xff,
    0x00,0x02,0x00,0x00,0x00,0x00,0x00,0x00,0x00,0x00,0x00,0x00,0x00,0x00,0x01,0x00,0x00,0x00,0x00,0x02,0x01,0x02,0x01,0x02,0x85,0x02,0x05,0x06,0x05,0x02,0x05,0x0f,
    0x05,0x0f,0x0f,0x0f,0x05,0x0f,0x07,0x0e,0x04,0x02,0x04,0x0e,0x04,0x8e,0x04,0x8e,0x05,0x8e,0x05,0x89,0x81,0x8b,0x01,0x8b,0x81,0x83,0x07,0x8f,0x25,0x8f,0x07,0x8f,
    0x05,0x0f,0x07,0x8f,0x0d,0x8f,0x17,0x8f,0x9f,0x9f,0x17,0x9f,0x9d,0xbf,0x17,0xbe,0x5d,0xbe,0x77,0xff,0xdd,0xff,0x77,0xef,0xdd,0xef,0x45,0xcf,0xcd,0xcf,0x57,0xff,
    0xdd,0xbf,0x57,0xbf,0xdd,0xbf,0x37,0xbf,0x5d,0x7f,0x77,0xff,0xdd,0xff,0x77,0xff,0xdd,0xff,0x75,0xff,0xdd,0xfb,0x73,0xff,0xdd,0xff,0x77,0xff,0xdd,0xff,0x77,0xef,
    0x0c,0x0a,0x04,0x0a,0x04,0x0a,0x04,0x0e,0x04,0x0e,0x04,0x0c,0x04,0x08,0x00,0x08,0x01,0x0a,0x21,0x0b,0x05,0x0b,0x17,0x0f,0x05,0x0f,0x07,0x0e,0x04,0x0e,0x06,0x0e,
    0x1d,0x1e,0x17,0x1f,0x1d,0x1f,0x15,0x3e,0x1c,0x3a,0x14,0x3a,0x14,0x3e,0x37,0x3e,0x15,0x2f,0x17,0x2f,0x05,0x0f,0x05,0x0f,0x1d,0x1f,0x17,0x3f,0x1d,0x3f,0x17,0x7f,
    0x1d,0x7f,0x17,0x7e,0x1d,0x3e,0x37,0x3f,0x5d,0x3f,0x75,0x7f,0x5d,0x3b,0x31,0x3b,0x5b,0x3b,0x73,0x7f,0x55,0x7f,0x77,0xff,0x55,0x6f,0x67,0xef,0x4d,0xef,0x57,0xff,
    0x5d,0xff,0x77,0xbf,0x5d,0xff,0x77,0xbf,0x5d,0x3f,0x77,0xfe,0x5d,0xff,0x77,0xff,0xdd,0xff,0x75,0xfd,0xdd,0xfb,0x71,0xfb,0xdd,0xff,0x77,0xff,0xdd,0xff,0x77,0xff,
    0x00,0x00,0x00,0x00,0x00,0x00,0x00,0x00,0x00,0x00,0x00,0x00,0x00,0x00,0x00,0x00,0x00,0x00,0x00,0x00,0x00,0x00,0x00,0x00,0x00,0x00,0x00,0x00,0x00,0x00,0x00,0x04,
    0x00,0x00,0x00,0x00,0x00,0x00,0x00,0x00,0x00,0x00,0x00,0x00,0x00,0x00,0x40,0x00,0x00,0x00,0x00,0x00,0x00,0x00,0x00,0x00,0x00,0x00,0x00,0x08,0x00,0x08,0x10,0x08,
    0x10,0x18,0x10,0x38,0x10,0x38,0x10,0x38,0x14,0x38,0x10,0x38,0x10,0x28,0x10,0x28,0x10,0x38,0x10,0x38,0x10,0x3a,0x34,0x3e,0x14,0x2e,0x04,0x2e,0x04,0x2e,0x56,0x7e,
    0x5c,0x7e,0x77,0xff,0x5d,0x3f,0x75,0xbe,0x5d,0xfe,0x77,0xfe,0x5d,0xff,0x77,0xff,0xdd,0xff,0x75,0xff,0xdd,0xef,0x75,0xff,0xdd,0xff,0x77,0xff,0xdd,0xff,0x77,0xff
  },
  { // 147
    0x00,0x00,0x00,0x00,0x00,0x00,0x00,0x00,0x00,0x00,0x00,0x00,0x00,0x00,0x00,0x00,0x00,0x00,0x00,0x00,0x00,0x00,0x00,0x00,0x00,0x00,0x00,0x00,0x00,0x00,0x00,0x00,
    0x00,0x80,0x00,0x00,0x00,0x00,0x00,0x00,0x00,0x00,0x00,0x00,0x00,0x80,0x00,0x80,0x08,0x80,0x80,0x80,0x00,0x80,0x80,0x80,0x00,0x80,0x80,0x80,0x00,0x80,0x00,0x00,
    0x00,0x80,0x00,0x80,0x00,0x80,0xc0,0x80,0x40,0x80,0xc0,0x80,0x40,0x80,0x40,0x80,0x40,0xc0,0xc0,0xe0,0x40,0xe0,0xc0,0xe0,0x40,0xc0,0xc0,0xc0,0x40,0xc0,0xc1,0xe3,
    0x41,0xe3,0xc1,0xa3,0x03,0xa3,0x07,0x22,0x67,0xee,0x55,0xff,0x77,0xff,0xdd,0xff,0x75,0xff,0xdd,0xfb,0x71,0xfb,0xdd,0xff,0x77,0xff,0xdd,0xff,0x77,0xff,0xc5,0xef,
    0x00,0x00,0x00,0x00,0x00,0x00,0x00,0x00,0x01,0x00,0x00,0x00,0x00,0x00,0x00,0x00,0x01,0x02,0x01,0x03,0x03,0x03,0x05,0x03,0x03,0x06,0x04,0x06,0x06,0x0e,0x04,0x0e,
    0x05,0x0e,0x05,0x0e,0x05,0x0a,0x00,0x0a,0x40,0x0a,0x04,0x02,0x07,0x8e,0x05,0x06,0x05,0x8e,0x05,0x83,0x05,0xcf,0x05,0x8f,0x07,0x8f,0x8d,0x8f,0x07,0x8f,0x05,0x0f,
    0x07,0x0f,0x0f,0x0f,0x17,0x8f,0x1d,0x9f,0x17,0x9f,0x9d,0x9f,0x15,0xb9,0xd9,0xbb,0x53,0xfb,0xdd,0xff,0x77,0xff,0xd5,0xe7,0x47,0xef,0xc5,0xef,0x47,0xef,0xdd,0xff,
    0x57,0xff,0xdd,0xbf,0x17,0xbf,0x1d,0xbf,0x77,0xff,0x5d,0xff,0x77,0xff,0xdd,0xfe,0x75,0xfd,0xdd,0xfd,0x75,0xff,0xdd,0xff,0x77,0xff,0xdd,0xff,0xf7,0xff,0xd5,0xef,
    0x10,0x08,0x10,0x0a,0x10,0x0a,0x14,0x0a,0x14,0x0e,0x04,0x02,0x04,0x08,0x04,0x2a,0x05,0x0e,0x0d,0x0f,0x17,0x0f,0x1d,0x1f,0x17,0x0e,0x14,0x0e,0x16,0x1e,0x1c,0x7e,
    0x16,0x3e,0x1c,0x3e,0x14,0x3c,0x1c,0x38,0x31,0x3a,0x39,0x3b,0x33,0x3f,0x15,0x3f,0x17,0x27,0x05,0x27,0x07,0x0f,0x0d,0x0f,0x17,0x3f,0x1d,0x3f,0x17,0x3f,0x1d,0x3f,
    0x17,0x3f,0x1d,0x3f,0x37,0x3e,0x5d,0x3e,0x76,0x7e,0x5c,0x7d,0x75,0x7d,0x5d,0x7b,0x75,0x7f,0x5d,0x7f,0x77,0x7f,0x55,0x3f,0x37,0x2f,0x4d,0x2f,0x77,0xff,0x5d,0xff,
    0x77,0xff,0x5d,0xff,0x77,0xff,0x5d,0xbf,0xf7,0xff,0xdd,0xff,0x77,0xff,0xdd,0xff,0x77,0xff,0xdd,0xff,0x75,0xff,0xdd,0xff,0x77,0xff,0xdd,0xff,0x77,0xff,0xdd,0xbf,
    0x00,0x00,0x00,0x00,0x00,0x00,0x00,0x00,0x00,0x00,0x00,0x00,0x00,0x00,0x00,0x00,0x00,0x00,0x00,0x00,0x00,0x00,0x00,0x00,0x00,0x00,0x00,0x00,0x00,0x00,0x00,0x00,
    0x00,0x00,0x00,0x00,0x00,0x00,0x00,0x00,0x00,0x00,0x40,0x00,0x00,0x00,0x00,0x00,0x00,0x00,0x00,0x00,0x00,0x00,0x00,0x00,0x00,0x08,0x00,0x08,0x00,0x08,0x00,0x08,
    0x10,0x08,0x10,0x38,0x10,0xb8,0x10,0x38,0x30,0x28,0x00,0x20,0x00,0x28,0x00,0x28,0x00,0x28,0x1c,0x38,0x10,0x38,0x1c,0x3a,0x14,0x3e,0x14,0x3e,0x36,0x3e,0x5c,0x7e,
    0x7e,0x7e,0x5c,0x7e,0x74,0xfc,0x5c,0xf8,0x75,0xff,0xdd,0xfb,0x77,0xff,0xdd,0xff,0x77,0xff,0xd5,0xef,0x67,0xef,0xdd,0xff,0x77,0xff,0xdd,0xff,0x57,0xff,0x9d,0xbf
  },
  { // 148
    0x00,0x00,0x00,0x00,0x00,0x00,0x00,0x00,0x00,0x00,0x00,0x00,0x00,0x00,0x00,0x00,0x00,0x00,0x00,0x00,0x00,0x00,0x00,0x00,0x00,0x00,0x00,0x00,0x00,0x00,0x00,0x00,
    0x00,0x00,0x00,0x00,0x00,0x00,0x00,0x00,0x04,0x00,0x00,0x80,0x00,0x00,0x00,0x80,0x00,0x80,0x00,0x80,0x00,0x80,0x00,0x80,0x80,0x80,0x00,0x80,0x00,0x80,0x00,0x00,
    0x00,0x00,0x00,0x80,0x00,0x00,0x00,0x80,0x00,0x80,0x00,0x80,0xc0,0x80,0x40,0xc0,0xc0,0xc0,0xc0,0xc0,0xc0,0x80,0xc0,0xc0,0xc0,0xc0,0x40,0xc2,0xc1,0xc3,0x41,0xc3,
    0xc1,0x83,0x01,0x83,0x85,0xa3,0x07,0xef,0xd5,0xff,0x77,0xfe,0xd4,0xfe,0x74,0xfe,0xdc,0xfc,0x75,0xff,0xdd,0xff,0x77,0xff,0xdd,0xfb,0x77,0xff,0xd5,0xff,0x77,0xff,
    0x00,0x00,0x00,0x00,0x01,0x02,0x00,0x02,0x00,0x00,0x00,0x00,0x00,0x02,0x00,0x02,0x04,0x02,0x05,0x0a,0x05,0x02,0x01,0x0a,0x05,0x02,0x06,0x0e,0x04,0x0e,0x06,0x0e,
    0x04,0x2e,0x04,0x8c,0x04,0x08,0x00,0x08,0x01,0x0b,0x01,0x0b,0x01,0x43,0x03,0x03,0x05,0x03,0x07,0x0f,0x05,0x0f,0x07,0x0f,0x0d,0x0f,0x07,0x0f,0x1f,0x1f,0x17,0x1f,
    0x1d,0x1f,0x17,0xbf,0x1d,0xbe,0x16,0xbe,0x3c,0xbe,0x14,0xac,0xdd,0xbf,0x55,0xff,0xdd,0xbb,0x57,0xbb,0x95,0xbb,0x17,0xaf,0x15,0xbf,0x77,0xff,0xdd,0xff,0xf7,0xff,
    0xdd,0xff,0xd7,0xff,0xdd,0xff,0x77,0xff,0xdd,0xff,0x77,0xff,0xdd,0xff,0x77,0xfe,0xd5,0xff,0x77,0xff,0xdd,0xff,0x77,0xff,0xdd,0xff,0x57,0xff,0xdd,0xbf,0x37,0xff,
    0x00,0x08,0x10,0x08,0x10,0x1a,0x10,0x0a,0x00,0x02,0x00,0x12,0x06,0x06,0x05,0x0e,0x0c,0x0e,0x06,0x0e,0x0c,0x0e,0x34,0x1e,0x1c,0x1e,0x14,0x3e,0x1c,0x3e,0x16,0x3e,
    0x1c,0x3e,0x14,0x3c,0x14,0x28,0x14,0x2c,0x1c,0x3b,0x15,0x3f,0x1d,0x3b,0x13,0x3b,0x15,0x27,0x37,0x2f,0x3d,0x3f,0x37,0x3f,0x1d,0x3f,0x17,0x3e,0x1d,0x3e,0x15,0x3f,
    0x1d,0x3f,0x77,0x3f,0x5d,0x3f,0x77,0x7e,0x54,0x7e,0x74,0x7e,0x55,0x7f,0x77,0xff,0x5d,0xff,0x5f,0xff,0x5d,0x9f,0x17,0xbf,0x1d,0x7f,0x77,0xbf,0x5f,0x7f,0x77,0x7f,
    0x7d,0x7e,0x76,0xfe,0x5d,0xff,0x75,0xff,0xdd,0xff,0x77,0xff,0xdd,0xfb,0x73,0xff,0xd5,0xf7,0x77,0xff,0xdd,0xff,0x77,0xff,0xdd,0xff,0x57,0xdf,0xdd,0xbf,0x77,0xff,
    0x00,0x00,0x00,0x00,0x00,0x00,0x00,0x00,0x00,0x00,0x00,0x00,0x00,0x00,0x00,0x00,0x00,0x00,0x00,0x00,0x00,0x00,0x00,0x00,0x00,0x00,0x00,0x00,0x00,0x00,0x00,0x00,
    0x00,0x00,0x00,0x00,0x00,0x20,0x00,0x00,0x00,0x00,0x00,0x00,0x00,0x00,0x00,0x00,0x00,0x00,0x00,0x00,0x00,0x00,0x00,0x00,0x00,0x00,0x00,0x00,0x00,0x00,0x40,0x00,
    0x00,0x20,0x10,0x28,0x10,0x30,0x10,0x20,0x00,0x20,0x00,0x20,0x00,0x20,0x00,0x28,0x40,0x28,0x00,0x08,0x0c,0x08,0x10,0x1c,0x1c,0x38,0x14,0x3e,0x5c,0x3e,0x74,0x7e,
    0x5c,0x7e,0x74,0xfc,0x5c,0xfc,0x74,0xfc,0xdd,0xff,0x75,0xff,0xdd,0xfb,0x73,0xfb,0xd5,0xff,0x77,0xff,0xdd,0xff,0x77,0xff,0xdd,0xff,0x77,0xff,0xdd,0xff,0x77,0xff
  },
  { // 149
    0x00,0x00,0x00,0x00,0x00,0x00,0x00,0x00,0x00,0x00,0x00,0x00,0x00,0x00,0x00,0x00,0x00,0x00,0x00,0x00,0x00,0x00,0x00,0x00,0x00,0x00,0x00,0x00,0x00,0x00,0x00,0x00,
    0x00,0x00,0x00,0x02,0x00,0x00,0x00,0x00,0x00,0x00,0x00,0x00,0x00,0x00,0x00,0x00,0x00,0x00,0x00,0x00,0x00,0x80,0x00,0x00,0x00,0x80,0x00,0x00,0x00,0x80,0x00,0x00,
    0x00,0x80,0x00,0x00,0x00,0x00,0x00,0x00,0x00,0x80,0x80,0xc0,0x00,0xc0,0x80,0xc0,0x00,0x80,0xc0,0x80,0x01,0x80,0x80,0x82,0x01,0x82,0xc5,0x82,0x47,0xc6,0x44,0x86,
    0x45,0x8e,0xc5,0x8f,0x45,0xef,0xdd,0xff,0x77,0xff,0xd5,0xfa,0x76,0xfe,0xd4,0xfe,0x77,0xff,0xdd,0xff,0x77,0xff,0xdd,0xff,0x57,0xff,0xdd,0xff,0x77,0xff,0xdd,0xff,
    0x01,0x08,0x00,0x00,0x00,0x00,0x00,0x00,0x00,0x02,0x00,0x02,0x00,0x06,0x04,0x0e,0x04,0x0e,0x24,0x0e,0x04,0x0e,0x04,0x4a,0x04,0x0e,0x0c,0x0e,0x56,0x0e,0x14,0x2e,
    0x04,0x0e,0x04,0x08,0x04,0x0c,0x4c,0x0e,0x05,0x0b,0x05,0x0b,0x01,0x0b,0x01,0x03,0x07,0x0f,0x05,0x0f,0x17,0x0f,0x0d,0x0f,0x07,0x0e,0x0d,0x0e,0x15,0x1f,0x1d,0x3f,
    0x57,0x3f,0x1d,0x3f,0x37,0x3e,0x14,0x3a,0x36,0xbe,0x55,0xbf,0x77,0xff,0xdd,0xff,0x57,0xef,0xdd,0x8f,0x17,0x9f,0x9d,0xff,0x17,0xff,0x1d,0xff,0x37,0xff,0x5d,0x7e,
    0x77,0xfe,0x7d,0xff,0x77,0xff,0xdd,0xff,0x77,0xff,0xdd,0xfb,0x73,0xfb,0xd5,0xff,0x77,0xff,0xdd,0xff,0x77,0xff,0xdd,0xef,0x57,0xdf,0xdd,0xff,0x57,0xff,0xdd,0xff,
    0x00,0x08,0x00,0x08,0x00,0x08,0x00,0x04,0x00,0x09,0x00,0x02,0x15,0x0e,0x1c,0x2e,0x14,0x2e,0x0c,0x0e,0x14,0x0c,0x1c,0x3c,0x14,0x3c,0x1c,0x3a,0x14,0x3a,0x1c,0x3a,
    0x30,0x3a,0x10,0x32,0x34,0x2e,0x14,0x2e,0x14,0x2e,0x0c,0x2e,0x24,0x0e,0x3c,0x1e,0x37,0x3e,0x1d,0x3f,0x37,0x3e,0x1c,0x3e,0x36,0x3e,0x5c,0x3e,0x74,0x7e,0x5c,0x7e,
    0x75,0x7e,0x5d,0x7b,0x71,0x7b,0x51,0x7b,0x73,0xfb,0x75,0xff,0x7f,0xff,0x5d,0xef,0x77,0xef,0x4d,0xcf,0xd7,0x9f,0x5f,0xbf,0x77,0xff,0x5d,0xbf,0x77,0xff,0xdd,0x7e,
    0x76,0xfe,0x5c,0xfe,0x77,0xff,0xdd,0xff,0x75,0xff,0xdd,0xfb,0x73,0xfb,0xd5,0xfb,0x77,0xff,0xdd,0xff,0x77,0xff,0xdd,0xff,0x77,0xff,0xdd,0xff,0x77,0xff,0xdd,0xff,
    0x00,0x00,0x00,0x00,0x00,0x00,0x00,0x00,0x00,0x00,0x00,0x00,0x00,0x00,0x00,0x08,0x00,0x00,0x00,0x00,0x00,0x00,0x00,0x00,0x00,0x00,0x00,0x00,0x00,0x00,0x00,0x00,
    0x00,0x00,0x00,0x00,0x00,0x00,0x00,0x00,0x00,0x00,0x00,0x00,0x00,0x00,0x00,0x00,0x00,0x00,0x00,0x00,0x00,0x00,0x00,0x00,0x20,0x00,0x00,0x00,0x00,0x00,0x00,0x00,
    0x00,0x00,0x00,0x00,0x00,0x00,0x04,0x00,0x00,0x00,0x00,0x20,0x00,0x20,0x00,0x20,0x00,0x28,0x00,0x28,0x00,0x28,0x58,0x38,0x50,0x78,0x58,0x78,0x70,0xf8,0x58,0x38,
    0x70,0xf8,0xd0,0xfa,0x74,0xfe,0xdd,0xff,0x75,0xff,0xdd,0xef,0x55,0xef,0xdd,0xff,0x57,0xff,0xdd,0xff,0x77,0xff,0x5d,0xff,0x77,0x7f,0x5d,0xff,0x77,0xff,0xdd,0xff
  },
  { // 150
    0x00,0x00,0x00,0x00,0x00,0x00,0x00,0x00,0x00,0x00,0x00,0x00,0x00,0x00,0x00,0x00,0x00,0x00,0x00,0x00,0x00,0x00,0x00,0x00,0x00,0x00,0x00,0x00,0x00,0x00,0x00,0x00,
    0x00,0x00,0x00,0x00,0x00,0x00,0x00,0x00,0x00,0x00,0x00,0x00,0x00,0x00,0x00,0x00,0x80,0x00,0x00,0x00,0x00,0x00,0x00,0x00,0x00,0x00,0x00,0x00,0x00,0x00,0x00,0x00,
    0x00,0x00,0x00,0x00,0x00,0x20,0x00,0x20,0x00,0x20,0x80,0x00,0x80,0x02,0x80,0x00,0x80,0x00,0x80,0x80,0x82,0x01,0x82,0x85,0x83,0x07,0x8e,0x04,0x06,0x06,0x1e,0x14,
    0x0e,0x44,0xce,0xcc,0xee,0x55,0xff,0xdd,0xfb,0x51,0xfb,0xd1,0xfb,0x73,0xff,0xd5,0xff,0x77,0xff,0xd5,0xef,0x67,0xef,0xcd,0xef,0x57,0xff,0xdd,0xff,0x77,0xff,0xdd,
    0x08,0x00,0x08,0x80,0x00,0x80,0x08,0x00,0x00,0x00,0x0a,0x04,0x4a,0x04,0x0e,0x04,0x4e,0x04,0x0e,0x0c,0x4e,0x14,0x0e,0x1c,0x9e,0x14,0x1c,0x1c,0x18,0x30,0x18,0x10,
    0x3a,0x10,0x3a,0x14,0x3e,0x14,0x2e,0x04,0x2e,0x04,0x0e,0x04,0x0e,0x05,0x0f,0x1d,0x1f,0x17,0x3f,0x1d,0x3f,0x17,0x3e,0x1c,0x3e,0x36,0x7e,0x1c,0x3e,0x74,0x7e,0x5c,
    0x3e,0x75,0x78,0x59,0x3b,0x31,0xbb,0x51,0xbb,0x77,0xff,0x55,0xff,0x77,0xef,0x45,0xaf,0x67,0xcf,0x7d,0xbf,0x77,0xff,0xdd,0xbf,0x37,0xbf,0x1d,0x3f,0x37,0xff,0x5c,
    0xff,0x77,0xff,0xdd,0xff,0x77,0xff,0xdd,0xff,0x75,0xfb,0xdd,0xfb,0x77,0xff,0xdd,0xff,0x77,0xff,0xdd,0xff,0x77,0xff,0x5d,0xff,0x77,0xff,0xdd,0xff,0x77,0xff,0xdd,
    0x28,0x00,0x00,0x00,0x00,0x04,0x08,0x00,0x08,0x10,0x08,0x18,0x38,0x10,0x38,0x14,0x38,0x10,0x38,0x14,0x38,0x34,0x3c,0x5c,0x38,0x74,0x38,0x58,0x38,0x10,0x38,0x10,
    0x38,0x10,0x38,0x50,0x32,0x74,0x3e,0x54,0x2e,0x44,0x2e,0x44,0x0e,0x04,0x0e,0x5c,0x3e,0x14,0x3e,0x1c,0x3e,0x34,0x3e,0x1c,0x3e,0x74,0x7e,0x5c,0x7e,0x74,0xfe,0x5c,
    0xfe,0x7c,0xfc,0xdc,0xf8,0x59,0xfa,0xdd,0xfb,0x77,0xff,0xfd,0xff,0x77,0xff,0x5d,0x3f,0x77,0x7e,0x5d,0xff,0x77,0xff,0xdd,0xff,0x77,0xff,0xdd,0xff,0x75,0xff,0xdd,
    0xff,0x77,0xff,0xdd,0xff,0x7f,0xff,0xdd,0xef,0x67,0xef,0xcf,0xff,0x57,0xff,0xdd,0xff,0x77,0xff,0xdd,0xbf,0x37,0xbf,0x5d,0x7f,0x77,0xff,0xdd,0xff,0x77,0xff,0xdd,
    0x00,0x00,0x00,0x00,0x00,0x00,0x00,0x00,0x00,0x10,0x00,0x00,0x00,0x00,0x00,0x00,0x00,0x00,0x00,0x00,0x00,0x00,0x00,0x00,0x00,0x00,0x00,0x00,0x00,0x00,0x00,0x00,
    0x00,0x00,0x00,0x00,0x00,0x00,0x00,0x00,0x00,0x00,0x00,0x00,0x00,0x00,0x00,0x00,0x00,0x10,0x00,0x00,0x00,0x00,0x00,0x00,0x00,0x00,0x00,0x00,0x00,0x00,0x00,0x08,
    0x00,0x00,0x00,0x00,0x00,0x00,0x00,0x00,0x00,0x00,0x00,0x00,0x01,0x01,0x00,0x00,0x20,0x00,0x20,0x00,0x20,0x70,0x68,0x50,0x79,0x70,0xf8,0x50,0xf8,0xf0,0xf8,0xd1,
    0xf9,0x71,0xf9,0xd1,0xf3,0x71,0xfb,0xd5,0xe3,0x67,0xef,0xc5,0xef,0x57,0xff,0xdd,0xff,0x77,0xff,0xdd,0xbf,0x37,0xbf,0x5d,0xff,0x77,0xff,0xdd,0xff,0x77,0xff,0xdd
  },
  { // 151
    0x00,0x00,0x00,0x00,0x00,0x00,0x00,0x00,0x00,0x00,0x00,0x00,0x00,0x00,0x00,0x00,0x00,0x00,0x00,0x00,0x00,0x00,0x00,0x00,0x00,0x00,0x00,0x00,0x00,0x00,0x00,0x00,
    0x00,0x00,0x00,0x00,0x00,0x00,0x00,0x00,0x00,0x00,0x00,0x40,0x00,0x00,0x00,0x00,0x00,0x00,0x00,0x00,0x00,0x00,0x00,0x00,0x00,0x00,0x00,0x00,0x00,0x00,0x00,0x00,
    0x00,0x40,0x00,0x00,0x00,0x00,0x00,0x04,0x00,0x00,0x40,0x02,0x40,0x02,0x40,0x02,0x04,0x0e,0x04,0x0e,0x04,0x8e,0x2c,0xae,0x07,0x8e,0x0c,0x0e,0x16,0x0e,0x1c,0x1e,
    0x16,0xbe,0x5c,0xfe,0x54,0xfe,0xdc,0xe8,0x51,0xf9,0xdd,0xfb,0x57,0xff,0xdd,0xff,0x77,0xff,0xd5,0xbf,0x77,0xef,0xdd,0xff,0x77,0xff,0xdd,0xff,0x77,0xff,0xdd,0xff,
    0x00,0x00,0x00,0x00,0x00,0x08,0x04,0x08,0x00,0x08,0x5c,0x18,0x14,0x98,0x14,0x18,0x14,0x3c,0x14,0x3c,0x14,0x3c,0x1c,0x3c,0x14,0x3c,0x1c,0x38,0x10,0x38,0x10,0x38,
    0x10,0x3a,0x10,0x3a,0x34,0x2e,0x04,0x26,0x04,0x2e,0x04,0x2e,0x04,0x2e,0x1c,0x3e,0x16,0x3e,0x1c,0x3e,0x14,0x3f,0x1c,0xbe,0x36,0x3e,0x5c,0x7e,0x76,0x7e,0x5c,0x7e,
    0x74,0xfc,0x5c,0xf8,0x51,0xfb,0xdd,0xfb,0x77,0xff,0xdd,0xbf,0x37,0xbf,0x15,0x3f,0x77,0xff,0x5d,0xff,0x77,0xff,0x5d,0xff,0x77,0xff,0xdd,0xff,0x77,0xff,0xdd,0xff,
    0x77,0xff,0xdd,0xff,0x77,0xff,0xd5,0xef,0x75,0xef,0xdd,0xff,0x77,0xff,0xdf,0xff,0x77,0xff,0xdd,0xbf,0x37,0xbf,0x5d,0xff,0x77,0xff,0xdd,0xff,0x77,0xff,0xdd,0xff,
    0x00,0x10,0x00,0x00,0x00,0x00,0x00,0x08,0x00,0x08,0x10,0x38,0x10,0x38,0x10,0x38,0x10,0x38,0x10,0x38,0x30,0x78,0x50,0x78,0x70,0x68,0x40,0x68,0x40,0x68,0x40,0x68,
    0x50,0xf8,0x50,0x38,0x10,0xb8,0x10,0x20,0x10,0x28,0x14,0x2c,0x74,0x7c,0x7c,0x7c,0x74,0xfc,0x7c,0xf8,0x70,0xf8,0x58,0xf8,0x70,0xf8,0x5c,0xfc,0x74,0xfe,0xd4,0xfa,
    0x74,0xec,0xc4,0xf8,0x44,0xee,0xdc,0xfe,0x55,0xff,0xdd,0xbf,0x17,0xbe,0x1d,0x3e,0x37,0xbe,0x5c,0xfe,0x76,0xfe,0x5c,0xfe,0x74,0xfe,0xdc,0xfc,0x75,0xf9,0xdd,0xfb,
    0x77,0xff,0xdd,0xff,0x77,0xff,0xd5,0xe7,0x67,0xef,0xcd,0xef,0x77,0xff,0xdd,0xff,0x57,0xff,0xdd,0xbf,0x37,0xbf,0xdd,0xff,0x77,0xff,0xdd,0xff,0x77,0xfe,0xdd,0xfe,
    0x00,0x00,0x00,0x00,0x20,0x00,0x00,0x00,0x00,0x00,0x00,0x00,0x00,0x00,0x00,0x00,0x00,0x00,0x00,0x00,0x00,0x00,0x00,0x00,0x00,0x00,0x00,0x00,0x00,0x00,0x00,0x00,
    0x00,0x00,0x00,0x00,0x00,0x00,0x00,0x00,0x00,0x00,0x00,0x00,0x00,0x00,0x00,0x00,0x00,0x00,0x00,0x00,0x00,0x00,0x00,0x00,0x00,0x00,0x00,0x00,0x00,0x00,0x00,0x00,
    0x00,0x00,0x00,0x00,0x00,0x00,0x00,0x00,0x01,0x00,0x01,0x00,0x01,0x00,0x01,0x00,0x01,0x00,0x00,0x20,0x00,0x60,0x40,0x60,0x60,0xe0,0x40,0xe0,0x40,0xe0,0xc1,0xe1,
    0x51,0xf3,0xd1,0xf3,0x53,0xe3,0xd1,0xa3,0x13,0xaf,0x55,0xff,0x77,0xff,0xdd,0xff,0x77,0xff,0xdd,0xff,0x77,0xff,0xdd,0xff,0x77,0xff,0xdd,0xff,0x77,0xff,0xdd,0xff
  },
  { // 152
    0x00,0x00,0x00,0x00,0x20,0x00,0x00,0x00,0x00,0x00,0x00,0x00,0x00,0x00,0x00,0x00,0x00,0x00,0x00,0x00,0x00,0x00,0x00,0x00,0x00,0x00,0x00,0x00,0x00,0x00,0x00,0x00,
    0x00,0x00,0x00,0x00,0x10,0x00,0x00,0x00,0x00,0x00,0x00,0x00,0x00,0x00,0x00,0x00,0x00,0x00,0x00,0x00,0x00,0x00,0x00,0x00,0x00,0x00,0x00,0x80,0x00,0x00,0x00,0x00,
    0x08,0x00,0x00,0x20,0x00,0x20,0x08,0x20,0x00,0x00,0x00,0x00,0x02,0x80,0x8e,0x04,0x0e,0x04,0x0e,0x0c,0x0e,0x14,0x0e,0x1c,0x1e,0x14,0x1e,0x1c,0x3e,0x14,0xbe,0x1c,
    0xbe,0x36,0xbe,0x54,0xb2,0x74,0xee,0xc5,0xef,0x77,0xef,0xdd,0xff,0x57,0xff,0xdd,0x9f,0x17,0xbf,0x9d,0xbf,0x77,0xff,0xdd,0xff,0x77,0xff,0x5d,0xfe,0x77,0xfe,0xdd,
    0x20,0x00,0x20,0x80,0x28,0x00,0x28,0x0c,0x28,0x10,0x08,0x18,0x18,0x10,0x3c,0x18,0x38,0x30,0x38,0x58,0x38,0x70,0x78,0x50,0x38,0x70,0x68,0x40,0x68,0x50,0x68,0x5c,
    0x78,0x50,0x38,0x10,0x38,0x10,0x38,0x14,0x3e,0x34,0x3e,0x5c,0x3e,0x76,0x7e,0x5c,0x7c,0x54,0x7c,0x5c,0xfc,0x74,0xfc,0x5c,0xfb,0x74,0xfa,0x5c,0xfa,0x70,0xfa,0x54,
    0xe2,0x64,0xee,0xfc,0xee,0x76,0xfe,0xdc,0xfe,0x57,0x9e,0x9d,0xbe,0x17,0xbe,0x1d,0xbe,0x77,0xfe,0x7e,0xfe,0x76,0xfe,0x5c,0xfe,0x74,0xfc,0xdc,0xff,0x75,0xff,0xdd,
    0xfb,0x73,0xfb,0xd5,0xf3,0x77,0xff,0xd5,0xff,0x77,0xff,0xdd,0xff,0xf7,0xff,0xdd,0xff,0x57,0xff,0xdd,0xbf,0x77,0xff,0xdd,0xff,0x77,0xff,0xdd,0xfe,0x76,0xfe,0xdc,
    0x00,0x00,0x00,0x00,0x20,0x00,0x20,0x00,0x20,0x00,0x20,0x02,0x20,0x00,0x20,0x50,0x30,0x50,0xf0,0x50,0x30,0x70,0xe0,0x50,0x20,0x60,0xe0,0x40,0xe0,0x40,0xe0,0x40,
    0xe0,0x40,0xc8,0x40,0x88,0x10,0xc8,0x30,0x38,0x30,0xb8,0x70,0x38,0x70,0x78,0x50,0x78,0x71,0xf8,0x50,0xfa,0x72,0xf8,0xf8,0xf8,0x70,0xf8,0xf0,0xf8,0x70,0xf0,0xd0,
    0xe0,0x70,0xe8,0xd4,0xec,0x74,0xee,0xdc,0xfe,0x55,0xfc,0xdd,0xbe,0x15,0xbe,0xdd,0xff,0x7d,0xfe,0xdd,0xfe,0x7c,0xfe,0x5c,0xfe,0x74,0xfc,0xdc,0xff,0x75,0xff,0xdd,
    0xff,0x75,0xfb,0xdd,0xfb,0x77,0xff,0xd5,0xff,0x7f,0xff,0xdf,0xff,0x77,0xff,0xdf,0xff,0x77,0xff,0xdd,0xff,0x77,0xff,0xdd,0xff,0x77,0xff,0xdd,0xff,0x77,0xff,0xd5,
    0x00,0x00,0x00,0x00,0x00,0x00,0x00,0x00,0x00,0x00,0x00,0x00,0x00,0x00,0x00,0x00,0x00,0x00,0x00,0x04,0x00,0x00,0x00,0x00,0x00,0x00,0x00,0x00,0x00,0x00,0x00,0x00,
    0x00,0x00,0x00,0x00,0x04,0x00,0x00,0x00,0x00,0x00,0x00,0x00,0x00,0x00,0x00,0x00,0x00,0x00,0x00,0x10,0x00,0x01,0x00,0x00,0x00,0x01,0x00,0x01,0x01,0x01,0x05,0x05,
    0x01,0x01,0x01,0x01,0x01,0x01,0x01,0x01,0x00,0x01,0x00,0x00,0x04,0x01,0x00,0x01,0x01,0x01,0x41,0x01,0x03,0x01,0x03,0x01,0x02,0x01,0xe2,0x41,0xe3,0x41,0xe3,0xc1,
    0xe3,0x43,0xc3,0xc1,0x83,0x03,0x83,0x95,0xbb,0x17,0xbf,0x55,0xff,0x77,0xff,0x5d,0x7e,0x76,0xfe,0xdc,0xff,0x75,0xff,0xdd,0xff,0x77,0xff,0xdd,0xfb,0x73,0xfb,0xd5
  },
  { // 153
    0x00,0x20,0x00,0x00,0x00,0x00,0x00,0x00,0x00,0x00,0x00,0x00,0x00,0x00,0x00,0x00,0x00,0x00,0x00,0x00,0x00,0x00,0x00,0x00,0x00,0x00,0x00,0x00,0x00,0x00,0x10,0x00,
    0x00,0x00,0x00,0x00,0x00,0x00,0x00,0x00,0x00,0x00,0x00,0x00,0x00,0x00,0x00,0x00,0x00,0x00,0x00,0x80,0x00,0x00,0x00,0x00,0x00,0x00,0x10,0x00,0x00,0x00,0x00,0x00,
    0x00,0x00,0x00,0x00,0x08,0x80,0x88,0x00,0x08,0x00,0x48,0x00,0x48,0x14,0x5e,0x14,0x3e,0x1c,0x3e,0x14,0x3e,0x1c,0x3e,0x14,0x3c,0x1c,0x3c,0x34,0xbc,0x5c,0xba,0x70,
    0xba,0x51,0xb2,0x73,0xf2,0x55,0xff,0x77,0xff,0xdd,0xef,0x77,0xef,0xcd,0xcf,0x57,0xdf,0xdd,0xbf,0x77,0xff,0xdd,0xff,0x77,0xff,0x5d,0xfe,0x76,0xfe,0xdc,0xfe,0x77,
    0x00,0x10,0x20,0x10,0x28,0x10,0x28,0x12,0x28,0x10,0x28,0x10,0x38,0x58,0x38,0x70,0xf8,0x58,0x78,0x70,0xf8,0x50,0x30,0x70,0xe0,0x50,0x60,0x60,0xe8,0x44,0xe8,0x40,
    0xe8,0x48,0x88,0x10,0x88,0x18,0xb8,0x14,0xbc,0x9c,0x3c,0x74,0x7c,0x5c,0x7c,0x74,0x7c,0x5e,0xfc,0x74,0xfc,0xdc,0xf8,0x70,0xf8,0xd8,0xf8,0x70,0xf8,0xd0,0xf2,0x70,
    0xfe,0xd4,0xfe,0x76,0xee,0xdc,0xee,0x54,0xee,0xdc,0xbe,0x54,0xfe,0xdf,0xfe,0x76,0xfe,0xdc,0xfe,0x76,0xfe,0x7c,0xfe,0x74,0xfe,0xfc,0xfe,0x74,0xfe,0xdd,0xff,0x75,
    0xfb,0xdd,0xfb,0x73,0xff,0xdd,0xff,0x77,0xff,0xdd,0xff,0x77,0xff,0x5d,0xff,0x77,0xff,0xdd,0xff,0x77,0xff,0xdd,0xff,0x77,0xff,0xdd,0xff,0x77,0xff,0xdd,0xff,0x77,
    0x00,0x00,0x00,0x00,0x20,0x04,0x20,0x00,0x20,0x00,0x20,0x00,0x60,0x40,0x60,0x40,0xe0,0x40,0xe0,0x40,0xe0,0x40,0xa0,0x00,0xa0,0x40,0xa0,0x40,0xe0,0x40,0xe0,0x40,
    0xe0,0x40,0x00,0x00,0x80,0x00,0xa0,0x10,0xb8,0x50,0xb0,0x70,0xfa,0x50,0xf1,0x70,0xf0,0x70,0xf8,0x70,0xe8,0xf0,0xf8,0x70,0xe8,0xd0,0xe8,0x51,0xe8,0xd1,0xb1,0x51,
    0xb9,0xd9,0xb9,0x71,0xf9,0x55,0xf8,0x74,0xec,0x5c,0xf8,0x74,0xfc,0xdd,0xf9,0x7d,0xf9,0xdd,0xfb,0x71,0xfa,0xd1,0xfa,0x71,0xfa,0xd5,0xff,0x75,0xff,0xdd,0xff,0x75,
    0xef,0xcd,0xcf,0x57,0xdf,0xdd,0xff,0x77,0xff,0xdd,0xff,0x77,0xff,0x5d,0x7f,0x77,0xfe,0xde,0xff,0x77,0xff,0xdd,0xff,0x75,0xff,0xdd,0xfb,0x73,0xfb,0xd5,0xff,0x77,
    0x00,0x00,0x00,0x00,0x00,0x00,0x00,0x00,0x00,0x00,0x00,0x00,0x00,0x00,0x00,0x00,0x04,0x00,0x00,0x00,0x00,0x00,0x00,0x00,0x00,0x00,0x00,0x00,0x00,0x00,0x04,0x00,
    0x00,0x00,0x00,0x00,0x00,0x00,0x00,0x00,0x00,0x00,0x00,0x00,0x00,0x00,0x0a,0x00,0x00,0x00,0x00,0x00,0x00,0x00,0x00,0x01,0x08,0x09,0x01,0x01,0x01,0x01,0x01,0x01,
    0x01,0x01,0x03,0x01,0x03,0x01,0x03,0x05,0x02,0x00,0x02,0x00,0x00,0x00,0x20,0x01,0x01,0x01,0x01,0x01,0x01,0x01,0x03,0x01,0x83,0x01,0x03,0x03,0x83,0x05,0x83,0x07,
    0x87,0x45,0x87,0x07,0x87,0x45,0x8f,0x07,0xaf,0xdd,0xbf,0x37,0xbf,0x55,0xbf,0x77,0xfe,0x5c,0xfe,0x77,0xff,0xdd,0xff,0x77,0xff,0xdd,0xfb,0x71,0xfb,0xdd,0xff,0x77
  },
  { // 154
    0x00,0x00,0x01,0x00,0x00,0x00,0x00,0x00,0x00,0x00,0x00,0x00,0x00,0x00,0x00,0x00,0x00,0x00,0x00,0x00,0x00,0x00,0x00,0x08,0x00,0x00,0x00,0x00,0x00,0x00,0x00,0x00,
    0x00,0x00,0x00,0x00,0x00,0x00,0x00,0x00,0x00,0x00,0x80,0x00,0x00,0x00,0x00,0x00,0x00,0x00,0x00,0x20,0x00,0x00,0x08,0x00,0x00,0x00,0x00,0x00,0x80,0x80,0x00,0x00,
    0x00,0x00,0x00,0x00,0x20,0x00,0x28,0x04,0x28,0x04,0x0c,0x1c,0x3c,0x14,0x3c,0x1c,0x38,0x10,0x38,0x1c,0x38,0x34,0x3c,0x5c,0x7e,0x74,0xfc,0x5c,0xfc,0x75,0xe8,0x58,
    0xfa,0x50,0xfa,0xdc,0xfe,0x77,0xff,0xdd,0xbf,0x77,0xbf,0x5d,0x3e,0x77,0xfe,0x5d,0xff,0x77,0xff,0xdd,0xff,0x77,0xff,0xdd,0xff,0x77,0xff,0xdd,0xff,0x77,0xff,0xdd,
    0x38,0x10,0xb8,0x10,0x30,0x30,0x38,0x10,0x30,0x70,0x78,0x50,0xf8,0x70,0xf8,0x50,0xf8,0x70,0xf8,0xd0,0xf0,0x50,0xf0,0xd0,0xf0,0x70,0xf8,0x50,0xe0,0x60,0xe8,0x40,
    0x28,0x40,0xe8,0x58,0xf8,0x50,0xf8,0xd8,0xf8,0x70,0xf8,0x58,0xb8,0x70,0xf8,0x50,0xf8,0x70,0xf8,0xdc,0xf8,0x70,0xf8,0xd0,0xe8,0x50,0xe8,0xd1,0xf9,0x50,0xf8,0xdc,
    0xfc,0x74,0xfc,0x5c,0xbc,0x74,0x7d,0x5d,0x7e,0x76,0xfc,0xdc,0xfe,0x74,0xfc,0xfc,0xfc,0x74,0xf8,0xf8,0xfa,0x70,0xfa,0xdc,0xfe,0x76,0xfe,0xd4,0xfe,0x74,0xef,0xcc,
    0xef,0x57,0xff,0xdd,0xff,0x77,0xff,0xdd,0xbf,0x37,0xbf,0x5d,0x3f,0x77,0xfe,0x5d,0xfe,0x77,0xff,0xdd,0xff,0x75,0xff,0xdd,0xfb,0x71,0xff,0xdd,0xff,0x77,0xff,0xdd,
    0x00,0x00,0x00,0x00,0x00,0x00,0x00,0x00,0x00,0x00,0x20,0x40,0x20,0x40,0xe0,0x40,0xe0,0x40,0xc0,0x40,0x80,0x00,0x80,0x00,0x80,0x00,0x80,0x00,0xa0,0x00,0x20,0x00,
    0x20,0x00,0x20,0x41,0x60,0x44,0xe0,0x41,0xe0,0x70,0xe0,0xd0,0xe0,0xd0,0xe0,0xd0,0xe0,0x70,0xe0,0xd1,0xe0,0x61,0xe0,0xc1,0xe0,0x41,0xe1,0xc1,0xc1,0x45,0xc9,0xd1,
    0xb9,0x51,0xbb,0x91,0xbb,0x31,0x3a,0x50,0x7a,0x70,0xfa,0xd8,0xfa,0x71,0xf8,0xd9,0xf8,0x71,0xf9,0xd1,0xf9,0x71,0xfb,0xd1,0xfb,0x73,0xfb,0xd5,0xf7,0x77,0xef,0xc5,
    0xef,0x47,0xef,0xdd,0xff,0x77,0xff,0xdd,0xff,0x77,0xff,0xdd,0xbf,0x77,0xff,0xdd,0xff,0x77,0xff,0xdd,0xff,0x77,0xff,0xdd,0xff,0x75,0xff,0xdd,0xff,0x77,0xff,0xdd,
    0x00,0x00,0x00,0x00,0x00,0x00,0x00,0x00,0x00,0x00,0x00,0x02,0x00,0x00,0x00,0x00,0x00,0x00,0x00,0x00,0x00,0x00,0x00,0x04,0x00,0x00,0x00,0x00,0x00,0x00,0x00,0x00,
    0x00,0x00,0x00,0x00,0x08,0x00,0x00,0x00,0x00,0x00,0x00,0x00,0x00,0x00,0x00,0x01,0x01,0x01,0x01,0x01,0x03,0x01,0x03,0x01,0x03,0x01,0x03,0x01,0x03,0x01,0x03,0x01,
    0x03,0x01,0x03,0x01,0x03,0x01,0x03,0x01,0x12,0x01,0x02,0x01,0x02,0x01,0x02,0x01,0x02,0x01,0x01,0x01,0x03,0x01,0x03,0x01,0x03,0x03,0x03,0x05,0x03,0x07,0x07,0x05,
    0x07,0x07,0x07,0x05,0x0f,0x07,0xcf,0x4d,0xcf,0x47,0xef,0xdd,0xbb,0x51,0xfb,0xdd,0xff,0x77,0xff,0xd5,0xff,0x77,0xef,0xc5,0xef,0x67,0xef,0xdd,0xff,0x77,0xff,0xdd
  },
  { // 155
    0x00,0x00,0x00,0x00,0x00,0x00,0x00,0x00,0x00,0x00,0x00,0x00,0x00,0x00,0x00,0x00,0x00,0x00,0x08,0x00,0x00,0x00,0x00,0x00,0x00,0x00,0x00,0x00,0x00,0x00,0x00,0x00,
    0x00,0x00,0x00,0x00,0x00,0x00,0x00,0x00,0x00,0x00,0x00,0x00,0x00,0x20,0x00,0x00,0x00,0x00,0x00,0x00,0x40,0x40,0x00,0x00,0x00,0x00,0x00,0x00,0x08,0x40,0x00,0x50,
    0x08,0xc0,0x80,0x00,0x08,0x00,0x28,0x14,0x2c,0x1c,0x3c,0x14,0x3c,0x1c,0x38,0x10,0x38,0x18,0x38,0x30,0x38,0x58,0x78,0x74,0xfe,0x54,0x7a,0x74,0xec,0x44,0xee,0x44,
    0xee,0xdc,0xfe,0x56,0xfe,0xdc,0xbe,0x17,0xbe,0x1d,0x3e,0x37,0xfe,0x5c,0xfe,0x77,0xfe,0xdc,0xfe,0x74,0xfe,0xfd,0xfd,0x75,0xff,0xdd,0xfb,0x77,0xff,0xdd,0xff,0x77,
    0xb0,0x50,0xb0,0x10,0xb0,0x10,0x30,0x30,0xf0,0x50,0xf0,0x70,0xf0,0x50,0xe0,0x60,0xe0,0xc0,0xe0,0x40,0xe8,0xc0,0xe0,0x50,0xf8,0xd0,0xb0,0x10,0xb8,0x10,0x20,0x10,
    0x28,0x50,0x79,0x70,0xf8,0x58,0xf8,0x70,0xf8,0xd8,0xf8,0x70,0xf8,0xd0,0xf8,0x70,0xf8,0xd8,0xf8,0x70,0xf8,0xd1,0xe1,0x60,0xe8,0xc0,0xe8,0x50,0xfc,0xdc,0xf8,0x54,
    0xfc,0x9c,0xb8,0x34,0xbc,0x1c,0x3e,0x74,0xfc,0x5c,0xfc,0x74,0xfc,0xdc,0xfc,0x74,0xf8,0xd8,0xf8,0x70,0xf8,0xd8,0xfa,0x71,0xfa,0xd5,0xfe,0x77,0xee,0xc4,0xee,0x66,
    0xee,0xdd,0xff,0x77,0xff,0xdd,0xff,0x77,0xff,0xdd,0xbf,0x77,0xff,0xdd,0xff,0x77,0xff,0xdd,0xfe,0x76,0xfe,0xdc,0xfe,0xf5,0xff,0xdd,0xff,0x77,0xff,0xdd,0xff,0x77,
    0x00,0x00,0x00,0x00,0x00,0x00,0x00,0x00,0x80,0x00,0x80,0x00,0x80,0x40,0x80,0x00,0x80,0x40,0x00,0x00,0x80,0x40,0x80,0x00,0x80,0x00,0x80,0x01,0x80,0x00,0x02,0x00,
    0x2a,0x40,0x20,0x40,0xe0,0x40,0xe0,0x40,0xe0,0x40,0xe0,0x40,0xe0,0xc1,0xe1,0x41,0xe1,0xc1,0xe1,0x41,0xe1,0xc1,0xa1,0x41,0xe1,0x45,0xe1,0x41,0xe1,0xc1,0xe3,0x51,
    0xe3,0xd1,0xb3,0x11,0xb9,0x51,0xb3,0x71,0xfb,0xd1,0xfb,0x71,0xfa,0xd0,0xf2,0x70,0xe8,0xc1,0xe9,0x71,0xfb,0xd1,0xfb,0x73,0xfb,0xd5,0xfb,0x53,0xbf,0x95,0xbf,0x77,
    0xff,0x5d,0xff,0x77,0xff,0xdd,0xff,0x77,0xff,0xdd,0xff,0x7d,0xff,0xdd,0xff,0x77,0xff,0xdd,0xff,0x77,0xff,0xd5,0xff,0x77,0xef,0xdd,0xff,0x77,0xff,0xdd,0xff,0x57,
    0x00,0x00,0x00,0x00,0x00,0x00,0x00,0x02,0x00,0x00,0x00,0x00,0x00,0x00,0x00,0x00,0x00,0x08,0x00,0x00,0x00,0x00,0x00,0x00,0x00,0x00,0x00,0x00,0x00,0x10,0x00,0x00,
    0x00,0x00,0x00,0x00,0x00,0x00,0x00,0x00,0x01,0x00,0x00,0x00,0x00,0x01,0x01,0x01,0x01,0x01,0x03,0x01,0x03,0x01,0x03,0x01,0x03,0x01,0x03,0x03,0x03,0x01,0x03,0x01,
    0x02,0x01,0x00,0x09,0x00,0x01,0x01,0x01,0x03,0x01,0x03,0x03,0x03,0x01,0x03,0x01,0x03,0x01,0x03,0x03,0x07,0x05,0x07,0x07,0x07,0x05,0x07,0x07,0x07,0x05,0x07,0x07,
    0x0f,0x05,0x0f,0x07,0x0f,0x05,0x0e,0x06,0xce,0x4c,0xcc,0x45,0xef,0xdd,0xfb,0x77,0xff,0xdd,0xfb,0x77,0xff,0xd5,0xe7,0x77,0xef,0xcd,0xef,0x77,0xff,0xdd,0xff,0x77
  },
  { // 156
    0x00,0x00,0x00,0x00,0x00,0x00,0x00,0x00,0x00,0x00,0x00,0x10,0x00,0x00,0x00,0x00,0x00,0x00,0x00,0x00,0x00,0x00,0x00,0x00,0x00,0x00,0x00,0x00,0x00,0x00,0x00,0x00,
    0x00,0x00,0x00,0x00,0x00,0x00,0x10,0x00,0x00,0x00,0x00,0x00,0x20,0x00,0x00,0x80,0x00,0x00,0x00,0x00,0x00,0x00,0x00,0x00,0x00,0x00,0x08,0x00,0x08,0x00,0x08,0x00,
    0x08,0x30,0x08,0x30,0x38,0x30,0x38,0x1c,0x38,0x34,0x38,0x5c,0x38,0x70,0x78,0x58,0x78,0x70,0x78,0x58,0xf8,0x70,0xf8,0x50,0xb0,0x70,0xa2,0x54,0xa6,0x74,0xee,0x5c,
    0xfe,0x76,0xfe,0x5c,0xfe,0x54,0xfe,0x5c,0xbe,0x76,0xfe,0xdd,0xfe,0x77,0xfe,0xdc,0xfe,0x76,0xfe,0xdc,0xfe,0x74,0xff,0xdd,0xff,0x77,0xff,0xdd,0xff,0x77,0xff,0xdd,
    0x60,0x50,0xe0,0x50,0xf0,0x50,0xf0,0xd0,0xf0,0x70,0xf0,0xd0,0xe0,0x60,0xe0,0x40,0xe8,0x40,0xe0,0xc0,0xe0,0x40,0xe8,0xc8,0x88,0x14,0x98,0x10,0xb8,0x10,0xb8,0x50,
    0xb8,0x70,0xf8,0x50,0xf8,0x70,0xf8,0x50,0xf8,0x70,0xf8,0xd0,0xf8,0x70,0xfa,0xd0,0xf8,0x70,0xf8,0xd0,0xb0,0x70,0xe0,0xd8,0xe8,0x70,0xfc,0xdc,0xfc,0x74,0xfc,0xdc,
    0xf8,0x54,0xfa,0xdc,0xf8,0x74,0xfc,0xdc,0xf8,0x74,0xfc,0xdc,0xf8,0x70,0xf8,0xd4,0xf8,0x74,0xfc,0xdc,0xfc,0x74,0xfe,0xdc,0xfa,0x50,0xbe,0xd5,0xbe,0x77,0xfe,0xdd,
    0xfe,0x77,0xfe,0x5c,0xfe,0x76,0xfe,0xdc,0xfe,0x75,0xff,0xdd,0xff,0x77,0xff,0xdd,0xff,0x77,0xff,0xd5,0xff,0x77,0xff,0xdd,0xff,0xf7,0xff,0xdd,0xff,0x57,0xff,0xdd,
    0x00,0x00,0x00,0x00,0x00,0x00,0x80,0x00,0x80,0x00,0x80,0x00,0x80,0x00,0x80,0x00,0x00,0x00,0x00,0x00,0x00,0x00,0x80,0x00,0x00,0x04,0x80,0x00,0x00,0x00,0x80,0x00,
    0xa0,0x41,0xe0,0x40,0xe0,0x40,0xe0,0x40,0xe0,0x60,0xe0,0xe0,0xe0,0x61,0xe1,0xc1,0xe1,0x41,0x81,0x81,0x83,0x01,0xa1,0x01,0xa3,0x01,0xe3,0x41,0xe3,0x61,0xe2,0x40,
    0xe0,0x50,0xe0,0xd1,0xf1,0x71,0xf9,0xd1,0xf3,0x71,0xf3,0xd1,0xf3,0x71,0xe3,0xc1,0xe3,0x63,0xeb,0xc5,0xeb,0x67,0xef,0xc5,0xcb,0x57,0x9f,0x9d,0xbf,0x37,0xbf,0xdd,
    0xff,0x77,0xff,0x5d,0xfe,0x76,0xfe,0xdc,0xfe,0x75,0xff,0xdd,0xff,0x77,0xff,0xdf,0xfb,0x73,0xfb,0xd1,0xf3,0x77,0xff,0xd5,0xff,0x77,0xff,0xdd,0xff,0x77,0xff,0xdd,
    0x00,0x00,0x04,0x00,0x00,0x00,0x00,0x00,0x00,0x00,0x10,0x01,0x00,0x00,0x00,0x00,0x00,0x00,0x00,0x20,0x00,0x00,0x00,0x00,0x01,0x00,0x00,0x01,0x00,0x00,0x00,0x00,
    0x00,0x01,0x00,0x01,0x08,0x05,0x00,0x00,0x00,0x00,0x00,0x01,0x03,0x01,0x03,0x01,0x03,0x01,0x03,0x01,0x03,0x01,0x03,0x01,0x03,0x03,0x03,0x01,0x03,0x01,0x02,0x00,
    0x02,0x00,0x00,0x00,0x00,0x01,0x01,0x01,0x03,0x01,0x03,0x01,0x03,0x03,0x03,0x01,0x03,0x03,0x07,0x05,0x07,0x07,0x07,0x05,0x07,0x07,0x07,0x05,0x07,0x07,0x0f,0x05,
    0x0f,0x07,0x0f,0x05,0x0f,0x07,0x0e,0x04,0x8e,0x47,0xcf,0xcd,0xef,0x47,0xef,0xcd,0xef,0x57,0xcf,0xdd,0xbf,0x17,0xbf,0xdd,0xff,0x77,0xff,0xdd,0xff,0x77,0xff,0x5d
  },
  { // 157
    0x00,0x00,0x00,0x00,0x00,0x20,0x00,0x00,0x00,0x00,0x00,0x00,0x00,0x00,0x00,0x00,0x00,0x00,0x00,0x00,0x00,0x00,0x00,0x00,0x00,0x00,0x00,0x00,0x00,0x00,0x00,0x00,
    0x08,0x00,0x00,0x00,0x08,0x00,0x00,0x00,0x00,0x00,0x00,0x00,0x00,0x00,0x00,0x00,0x00,0x00,0x00,0x00,0x00,0x00,0x00,0x00,0x00,0x00,0x00,0x00,0x08,0x00,0x08,0x00,
    0x08,0x18,0x18,0x10,0x38,0x18,0x38,0x30,0x38,0x10,0x78,0x30,0x78,0x50,0x78,0x70,0x78,0x5c,0x78,0x74,0xe8,0x58,0xa8,0x10,0x98,0x10,0xba,0x14,0xbe,0x5c,0xbe,0x76,
    0xfe,0x7c,0x7e,0x76,0x7e,0x5c,0xfe,0x74,0xfe,0xdc,0xfe,0x77,0xfe,0xdd,0xfa,0x73,0xfa,0xd5,0xfa,0x77,0xff,0xdd,0xff,0x77,0xff,0xdd,0xff,0x77,0xef,0xdd,0xdf,0x57,
    0x60,0x40,0xe0,0x70,0xe0,0xd0,0xe0,0x50,0xe0,0xd0,0xe4,0x50,0xa0,0x40,0xa0,0x04,0xa0,0x48,0xe0,0x60,0xe8,0x40,0xe8,0x40,0xe8,0x50,0xb8,0x50,0xf8,0xd8,0xf8,0x70,
    0xf8,0xd0,0xf8,0x70,0xf8,0x50,0xf0,0x70,0xf8,0xd0,0xf8,0x70,0xf8,0xd0,0xe8,0x50,0xf8,0xd0,0x88,0x10,0xb8,0xd0,0xb8,0x70,0xf8,0x5c,0xf8,0x74,0xfc,0x5c,0x7a,0x74,
    0xfc,0xdc,0xf8,0x74,0xfc,0xdc,0xf8,0x70,0xf8,0xd8,0xf8,0x70,0xf8,0xd0,0xf0,0x74,0xfc,0xd4,0xfe,0x74,0xee,0xec,0xee,0x74,0xde,0xfc,0xbe,0x56,0xfe,0xdd,0xfe,0x77,
    0xfe,0x5c,0xfe,0x76,0xfe,0x5c,0xfe,0x74,0xfe,0xdc,0xff,0x75,0xff,0xdd,0xfb,0x71,0xfb,0xd9,0xfb,0x77,0xff,0xd5,0xff,0x77,0xff,0xdd,0xff,0x77,0xef,0xdd,0xff,0x57,
    0x00,0x00,0x00,0x00,0x80,0x00,0x80,0x00,0x80,0x00,0x80,0x00,0x80,0x00,0x00,0x00,0x80,0x00,0x08,0x08,0x08,0x00,0x80,0x00,0x00,0x00,0x00,0x40,0xc0,0x40,0xe0,0x40,
    0xe0,0xc0,0xa0,0x40,0xe0,0xc0,0xa0,0x40,0xe0,0xc1,0xe1,0x41,0xe1,0xc1,0xe1,0x41,0xe1,0xc1,0xa1,0x01,0xa1,0x81,0xa1,0x11,0xa3,0x51,0xb3,0x31,0xa2,0x70,0x62,0x70,
    0xf0,0x50,0xe0,0x70,0xf0,0xd1,0xf1,0x71,0xf1,0xd1,0xf1,0x51,0xe3,0xd1,0xf3,0x73,0xf3,0xd5,0xe3,0x77,0xef,0xc5,0xef,0x47,0xef,0xdd,0xff,0x57,0xff,0xdd,0xff,0x77,
    0xff,0xdd,0xff,0x77,0xfe,0xdc,0xfe,0x77,0xff,0xdd,0xff,0x77,0xff,0xdd,0xff,0x75,0xfb,0xdd,0xff,0x77,0xff,0xdd,0xff,0x77,0xff,0xdd,0xff,0x77,0xff,0x5d,0xff,0x77,
    0x00,0x00,0x00,0x00,0x00,0x00,0x00,0x00,0x00,0x00,0x00,0x00,0x20,0x00,0x00,0x00,0x02,0x00,0x00,0x00,0x00,0x00,0x00,0x00,0x00,0x00,0x00,0x01,0x00,0x00,0x04,0x00,
    0x00,0x00,0x00,0x01,0x00,0x01,0x01,0x01,0x01,0x01,0x03,0x01,0x03,0x01,0x03,0x01,0x02,0x01,0x02,0x01,0x02,0x01,0x03,0x01,0x03,0x01,0x03,0x01,0x02,0x01,0x02,0x00,
    0x02,0x00,0x02,0x01,0x02,0x01,0x03,0x01,0x03,0x01,0x03,0x01,0x03,0x01,0x03,0x03,0x03,0x05,0x03,0x07,0x07,0x05,0x07,0x07,0x06,0x05,0x07,0x07,0x0f,0x05,0x0f,0x07,
    0x0f,0x05,0x0b,0x01,0x8b,0x01,0x83,0x03,0x8f,0xc5,0xef,0x47,0xef,0xc5,0xef,0x47,0xcf,0xcd,0xcf,0x57,0xdf,0xdd,0xff,0x77,0xff,0xdd,0xbf,0x77,0xff,0x5d,0x7f,0x77
  },
  { // 158
    0x00,0x00,0x00,0x00,0x00,0x00,0x00,0x00,0x00,0x00,0x00,0x00,0x00,0x00,0x00,0x00,0x00,0x00,0x00,0x00,0x00,0x00,0x00,0x00,0x00,0x04,0x00,0x04,0x00,0x00,0x00,0x00,
    0x00,0x00,0x00,0x00,0x00,0x00,0x00,0x00,0x00,0x00,0x00,0x00,0x00,0x00,0x00,0x00,0x00,0x00,0x00,0x00,0x00,0x00,0x00,0x00,0x00,0x00,0x00,0x00,0x00,0x00,0x08,0x00,
    0x28,0x10,0x38,0x38,0x38,0x30,0x38,0x30,0x38,0x10,0x38,0x10,0x30,0x30,0x38,0x5c,0x20,0x24,0x2c,0x44,0x2c,0x04,0x0c,0x4c,0x1e,0x14,0xbe,0x1c,0x3e,0x16,0xbe,0x1c,
    0x3e,0x36,0x3e,0x5c,0x7e,0x76,0xfe,0x5c,0xfe,0x74,0xfe,0xdc,0xfc,0x71,0xf9,0xd9,0xfb,0x73,0xff,0xdd,0xff,0x77,0xff,0xd5,0xff,0x77,0xef,0xcd,0xef,0x77,0xff,0xdd,
    0x60,0x70,0xe1,0x40,0xe0,0x60,0xe2,0x50,0xe0,0x40,0xc0,0x40,0x80,0x10,0xb8,0x10,0xb8,0x10,0xb8,0x10,0x30,0x30,0x38,0x50,0x78,0x70,0xf8,0x58,0xf8,0x70,0xf8,0xd8,
    0xf8,0x70,0xf8,0xd0,0xf0,0x70,0xf8,0xd0,0xf0,0x70,0xf8,0xd0,0xe0,0x60,0xe8,0xc0,0xe8,0x40,0xc8,0xdc,0xf8,0x54,0xf8,0xdc,0xb8,0x30,0xb9,0x5c,0x38,0x74,0xfc,0x5c,
    0xfc,0x74,0xfc,0xdc,0xfc,0x74,0xf8,0xd8,0xf8,0x70,0xf8,0xd8,0xf8,0x70,0xfe,0xd4,0xfe,0x74,0xfe,0xd4,0xee,0x64,0xee,0xdc,0xfe,0x76,0xfe,0xdc,0xfe,0x76,0xfe,0xdc,
    0xff,0x74,0xff,0xdc,0xff,0x76,0xfe,0xdc,0xff,0x77,0xfe,0xdd,0xff,0x75,0xff,0xdd,0xff,0x77,0xff,0xdd,0xff,0x77,0xff,0xdd,0xbf,0x77,0xff,0x5d,0xff,0x77,0xff,0xdd,
    0x00,0x00,0x80,0x00,0x00,0x00,0x00,0x00,0x00,0x00,0x00,0x10,0x00,0x08,0x84,0x00,0xc0,0x00,0x80,0x00,0x00,0x00,0x20,0x00,0x20,0x40,0xe0,0x40,0xe0,0x40,0xe0,0xc0,
    0xe0,0x40,0xc0,0xc0,0xc0,0x41,0xe0,0xc1,0xa1,0x61,0xe1,0x61,0xa1,0x21,0xa0,0x40,0x20,0x41,0xe0,0x41,0xe1,0x51,0xe1,0xd1,0xf1,0x51,0xf0,0x51,0xb0,0x70,0xf0,0xd0,
    0xf0,0x71,0xf0,0xd1,0xe0,0x61,0xe0,0xc1,0xe1,0x41,0xe9,0xc1,0xfb,0x51,0xfb,0xd1,0xbb,0x33,0xbb,0x15,0xbb,0x37,0x7f,0x5d,0xff,0x77,0xff,0xdd,0xff,0x75,0xff,0xdd,
    0xfb,0x71,0xfb,0xd9,0xfb,0x73,0xfb,0xdd,0xff,0x77,0xff,0xd7,0xef,0x67,0xef,0xcf,0xef,0x57,0xff,0xdd,0xff,0x77,0xff,0xdd,0xff,0x37,0xbf,0x5d,0xff,0x77,0xff,0xdd,
    0x00,0x00,0x10,0x00,0x00,0x00,0x00,0x02,0x00,0x00,0x00,0x00,0x00,0x00,0x00,0x00,0x00,0x00,0x00,0x00,0x01,0x00,0x01,0x00,0x00,0x00,0x00,0x00,0x00,0x00,0x00,0x00,
    0x00,0x00,0x00,0x00,0x00,0x01,0x01,0x03,0x01,0x01,0x01,0x01,0x01,0x01,0x00,0x00,0x02,0x00,0x00,0x00,0x02,0x00,0x00,0x00,0x00,0x00,0x00,0x01,0x00,0x01,0x01,0x01,
    0x03,0x01,0x03,0x01,0x03,0x01,0x03,0x01,0x03,0x01,0x03,0x01,0x03,0x03,0x03,0x05,0x03,0x03,0x03,0x05,0x03,0x03,0x03,0x05,0x07,0x07,0x06,0x05,0x06,0x05,0x06,0x05,
    0x01,0x01,0x89,0x01,0x83,0x03,0x8b,0xc5,0x8b,0x47,0xaf,0xc5,0xa7,0x0f,0xaf,0x45,0xef,0x47,0xef,0xdd,0xff,0x77,0xff,0xdd,0xff,0x77,0xff,0xdd,0xff,0x77,0xff,0xdd
  },
  { // 159
    0x00,0x00,0x00,0x00,0x00,0x00,0x00,0x00,0x00,0x00,0x00,0x00,0x00,0x00,0x00,0x00,0x00,0x00,0x00,0x02,0x00,0x00,0x00,0x00,0x00,0x00,0x00,0x00,0x00,0x10,0x00,0x00,
    0x00,0x00,0x00,0x00,0x00,0x00,0x00,0x00,0x00,0x00,0x00,0x00,0x00,0x00,0x00,0x00,0x00,0x00,0x00,0x00,0x00,0x00,0x00,0x00,0x00,0x00,0x00,0x00,0x48,0x00,0x48,0x10,
    0x48,0x00,0x08,0x00,0x08,0x00,0x08,0x00,0x08,0x10,0x38,0x10,0x38,0x10,0x30,0x10,0x22,0x04,0x22,0x04,0x2e,0x04,0x3e,0x14,0x3e,0x1c,0x3e,0x14,0x3e,0x1c,0x3e,0x14,
    0x3e,0x1c,0x3e,0x76,0xfe,0x5c,0xfe,0x76,0xfe,0xdc,0xfe,0x74,0xee,0xdd,0xff,0x77,0xff,0xdd,0xff,0x77,0xff,0xdd,0xbf,0x37,0xbf,0x5d,0xff,0x77,0xff,0xdd,0xff,0x77,
    0xf0,0x50,0x20,0x60,0x60,0x40,0x20,0x40,0x20,0x40,0x28,0x40,0xc8,0x50,0xb8,0x10,0xb8,0x10,0x38,0x10,0x38,0x10,0x38,0x70,0x78,0x50,0xf8,0x70,0xf8,0x50,0xf8,0x70,
    0xe8,0xd0,0xf8,0x50,0xf8,0xd0,0xf8,0x70,0xf8,0xd0,0xb0,0x30,0xa8,0x44,0x28,0x44,0xec,0x5c,0xfc,0x74,0xfc,0xdc,0xfc,0x75,0xf8,0x5c,0xb8,0x70,0xf8,0xdc,0xf8,0x74,
    0xfc,0xdc,0xfc,0x74,0xfc,0xd4,0xe8,0x74,0xec,0xfc,0xfe,0x74,0xfe,0xdc,0xfe,0x56,0xbe,0x9c,0xbe,0x36,0xbe,0x5c,0xfe,0x76,0xfe,0xdd,0xfe,0x75,0xfe,0xdd,0xfe,0x74,
    0xfc,0xdc,0xfa,0xf5,0xff,0xdd,0xff,0x77,0xff,0xd5,0xf7,0x77,0xef,0xc5,0xef,0x77,0xff,0xdd,0xff,0x77,0xff,0xdd,0xbf,0x17,0xbf,0x9d,0xbf,0x77,0xff,0xdd,0xff,0x77,
    0x80,0x00,0x00,0x00,0x00,0x00,0x00,0x00,0x08,0x04,0x00,0x00,0x00,0x40,0x00,0x00,0x80,0x00,0x00,0x00,0xa0,0x00,0xa0,0x00,0xe0,0x40,0xe0,0x60,0xe0,0x40,0xe0,0x40,
    0xe0,0x40,0xe0,0x40,0xc0,0xe0,0xe0,0x40,0x80,0x80,0xa0,0x00,0xa0,0x40,0x20,0x50,0x20,0x50,0x70,0x70,0xf0,0x50,0xf0,0x70,0xf8,0xf0,0xf0,0x70,0xf8,0xd1,0xf1,0x71,
    0xf9,0xd1,0xf1,0x71,0xe0,0xc1,0xe0,0x61,0xe9,0xc1,0xef,0x51,0xfb,0xdd,0xfb,0x51,0xbb,0x9d,0xbb,0x31,0xbb,0x5d,0xff,0x77,0xff,0xdd,0xfe,0x74,0xfe,0xdc,0xfc,0x74,
    0xf8,0xdd,0xfb,0x71,0xfb,0xdd,0xfb,0x73,0xfb,0xd5,0xf3,0x77,0xff,0xd5,0xff,0x77,0xff,0xdd,0xff,0x77,0xff,0xdd,0xff,0x77,0xff,0xdd,0xff,0x77,0xff,0xdd,0xff,0x77,
    0x00,0x00,0x00,0x00,0x00,0x00,0x00,0x00,0x00,0x00,0x00,0x00,0x00,0x00,0x00,0x01,0x00,0x00,0x00,0x00,0x00,0x00,0x00,0x00,0x00,0x00,0x00,0x00,0x00,0x00,0x00,0x00,
    0x01,0x00,0x00,0x00,0x00,0x01,0x00,0x01,0x01,0x01,0x01,0x01,0x00,0x01,0x00,0x01,0x00,0x00,0x00,0x00,0x00,0x00,0x00,0x00,0x00,0x00,0x00,0x00,0x00,0x01,0x01,0x01,
    0x03,0x01,0x03,0x01,0x03,0x01,0x03,0x03,0x03,0x01,0x03,0x03,0x03,0x01,0x03,0x01,0x03,0x01,0x03,0x01,0x03,0x01,0x03,0x03,0x03,0x01,0x03,0x03,0x02,0x00,0x02,0x01,
    0x82,0x45,0x83,0x45,0xc7,0xc5,0xc7,0x47,0x9f,0x85,0x83,0x07,0x8f,0x05,0xaf,0x37,0xff,0x5d,0xff,0x77,0xff,0x5d,0xff,0x77,0xff,0xdd,0xff,0x77,0xff,0xdd,0xff,0x77
  },
  { // 160
    0x00,0x00,0x00,0x00,0x00,0x00,0x00,0x00,0x00,0x00,0x04,0x00,0x00,0x00,0x00,0x00,0x00,0x00,0x00,0x00,0x00,0x00,0x00,0x08,0x00,0x00,0x00,0x00,0x00,0x00,0x00,0x00,
    0x00,0x00,0x00,0x00,0x00,0x00,0x00,0x00,0x00,0x00,0x00,0x00,0x00,0x00,0x00,0x00,0x00,0x00,0x00,0x80,0x00,0x00,0x00,0x00,0x00,0x00,0x00,0x00,0x00,0x00,0x00,0x00,
    0x00,0x20,0x00,0x20,0x00,0x20,0x00,0x00,0x18,0x00,0x08,0x04,0x08,0x00,0x0a,0x00,0x1a,0x14,0x0e,0x14,0x3e,0x16,0x3e,0x1c,0x3e,0x14,0x3e,0x1c,0x3e,0x14,0x3c,0x5c,
    0xbe,0x75,0xfe,0xdd,0xfb,0x73,0xfb,0xd5,0xf2,0x77,0xe7,0xd5,0xef,0x77,0xef,0xdd,0xff,0x57,0xff,0xdd,0x9f,0x17,0xbf,0x9d,0xbf,0x77,0xff,0xdd,0xff,0x77,0xff,0xdd,
    0x20,0x10,0x00,0x00,0x00,0x00,0x20,0x00,0x28,0x10,0x28,0x1c,0x28,0x10,0x28,0x18,0x38,0x90,0x38,0x58,0x38,0x70,0x78,0x58,0x78,0x70,0x78,0x50,0x70,0x70,0x60,0x40,
    0x68,0x60,0xe8,0x5c,0xe8,0x54,0xe8,0x5c,0x98,0x10,0x98,0x1c,0x38,0x34,0x3e,0x5c,0x3e,0x74,0x7e,0x5c,0x7c,0x74,0xfc,0x5c,0xfc,0x74,0xfc,0xdc,0xf8,0x70,0xfa,0xd8,
    0xfa,0x70,0xf2,0xd4,0xf2,0x74,0xee,0xd4,0xee,0x76,0xee,0xdc,0xfe,0x56,0xde,0xdc,0xbe,0x16,0xbe,0xdd,0xbe,0x77,0xfe,0x5c,0xfe,0x76,0xfe,0x5c,0xfe,0x74,0xff,0xdc,
    0xff,0x75,0xff,0xdd,0xff,0x77,0xfb,0xd9,0xfb,0x77,0xff,0xd5,0xff,0x77,0xff,0xdd,0xff,0x77,0xff,0xdd,0xff,0x57,0xff,0xdd,0xff,0x77,0xff,0xdd,0xff,0x77,0xff,0xdd,
    0x00,0x00,0x09,0x00,0x00,0x00,0x00,0x40,0x20,0x40,0x20,0x00,0x20,0x00,0x20,0x40,0x20,0x40,0x60,0x40,0xe0,0x50,0xe0,0xd0,0xf0,0x51,0xe0,0x40,0xa0,0x40,0xa0,0x50,
    0xe0,0x40,0xe0,0x40,0xe0,0x40,0xe8,0x60,0x88,0x30,0x88,0x30,0xb8,0x10,0xb8,0x50,0xb8,0x70,0xf8,0x50,0x78,0x70,0xf8,0x50,0xf8,0x70,0xf8,0xd0,0xf8,0x70,0xf8,0xd0,
    0xf8,0x59,0xf8,0xd1,0xb0,0x71,0xf9,0xd5,0xff,0x75,0xff,0x5d,0xfe,0x75,0xfe,0x5d,0xfe,0x55,0xff,0xdd,0xff,0x75,0xff,0xdd,0xfb,0x75,0xfa,0xd4,0xfa,0x74,0xfe,0xd5,
    0xff,0x75,0xff,0xdd,0xff,0x77,0xff,0xdf,0xff,0x57,0xbf,0xdf,0xbf,0x77,0xff,0xdd,0xff,0x77,0xff,0x5d,0xff,0x77,0xfe,0xdd,0xff,0x77,0xff,0xdd,0xff,0x77,0xff,0xdd,
    0x00,0x00,0x00,0x00,0x00,0x00,0x00,0x00,0x00,0x00,0x00,0x00,0x00,0x00,0x00,0x00,0x00,0x00,0x00,0x00,0x00,0x00,0x00,0x00,0x00,0x00,0x00,0x00,0x00,0x00,0x00,0x00,
    0x00,0x00,0x00,0x00,0x00,0x00,0x00,0x00,0x00,0x00,0x00,0x00,0x00,0x00,0x00,0x00,0x00,0x00,0x00,0x00,0x00,0x00,0x00,0x00,0x00,0x00,0x00,0x00,0x01,0x01,0x01,0x01,
    0x01,0x01,0x01,0x01,0x01,0x01,0x01,0x01,0x03,0x01,0x03,0x01,0x03,0x00,0x02,0x00,0x00,0x00,0x00,0x01,0x01,0x01,0x81,0x01,0x83,0x01,0x83,0x01,0x83,0x01,0x83,0x41,
    0xe3,0x43,0xe7,0xc5,0xe7,0x47,0xc7,0xc5,0x8f,0x07,0x8f,0x9d,0xbf,0x17,0xbf,0xdd,0xff,0x77,0xff,0x5d,0xfe,0x76,0xfe,0xdc,0xfe,0x77,0xff,0xdd,0xff,0x77,0xff,0xdd
  },
  { // 161
    0x00,0x00,0x08,0x00,0x00,0x00,0x00,0x00,0x00,0x00,0x00,0x00,0x00,0x00,0x00,0x00,0x00,0x04,0x00,0x00,0x00,0x00,0x00,0x00,0x00,0x00,0x00,0x00,0x00,0x00,0x00,0x00,
    0x10,0x00,0x00,0x00,0x00,0x00,0x00,0x00,0x00,0x00,0x00,0x00,0x00,0x00,0x00,0x00,0x00,0x00,0x00,0x00,0x00,0x00,0x00,0x00,0x00,0x00,0x00,0x00,0x00,0x00,0x00,0x00,
    0x00,0x00,0x00,0x00,0x00,0x10,0x00,0x00,0x00,0x04,0x00,0x10,0x48,0x04,0x4a,0x04,0x4e,0x0c,0x0e,0x16,0x0e,0x1c,0x1e,0x16,0x0e,0x14,0x0e,0x14,0x2e,0x1c,0xbe,0x14,
    0xbe,0xdd,0xbb,0x51,0xbb,0xd1,0xbb,0x13,0xbb,0xd5,0xbf,0x77,0xff,0xdd,0xff,0x77,0xef,0x5d,0xff,0x57,0xff,0xdd,0xff,0x77,0xff,0xdd,0xff,0x77,0xff,0xdd,0xff,0x77,
    0x08,0x00,0x08,0x00,0x08,0x10,0x38,0x10,0x38,0x14,0x78,0x14,0x3c,0x14,0x28,0x14,0x38,0x1c,0x38,0x10,0x38,0x58,0x38,0x10,0x38,0x10,0x30,0x10,0x20,0x10,0x20,0x34,
    0xae,0x44,0x2e,0x44,0x2e,0x4c,0x0e,0x04,0x0c,0x1c,0x1e,0x14,0x3e,0x1c,0x3e,0x34,0x3e,0x5c,0x3e,0x74,0x7e,0x5c,0x7e,0x74,0xfc,0x5c,0xfe,0x74,0xfc,0xdc,0xfa,0x50,
    0xfa,0xd0,0xba,0x76,0xfe,0x55,0xfe,0x77,0xfe,0x5d,0xfe,0x76,0xee,0x5c,0xfe,0x57,0xfe,0xdd,0xff,0x77,0xff,0xdd,0xff,0x77,0xfe,0x5d,0xfe,0x76,0xfe,0xdc,0xfe,0x77,
    0xff,0xdd,0xff,0x77,0xff,0xdf,0xff,0x57,0xff,0xdd,0xff,0x77,0xff,0xdd,0xff,0x77,0xff,0x5d,0x7f,0x77,0xff,0xdd,0xff,0x77,0xff,0xdd,0xff,0x77,0xff,0xdd,0xfb,0x73,
    0x00,0x00,0x50,0x00,0x00,0x00,0x20,0x10,0x30,0x10,0x30,0x11,0x30,0x10,0x20,0x30,0x60,0x40,0x61,0x70,0x68,0x50,0x60,0x50,0xe8,0x50,0xa0,0x00,0xa0,0x10,0x20,0x10,
    0xa8,0x50,0x28,0x10,0x28,0x40,0x28,0x00,0x28,0x58,0x38,0x50,0xf8,0x58,0xf8,0x70,0xf8,0x78,0xf8,0x70,0xf8,0x50,0xf0,0x70,0xf8,0xd4,0xf8,0x74,0xe8,0xc4,0xe8,0x40,
    0xc8,0xd8,0x98,0x50,0xbe,0xdc,0xbe,0x75,0xbe,0x5c,0x3e,0x76,0x7e,0x5c,0x7e,0x74,0xfe,0xdc,0xfe,0x75,0xfe,0xdd,0xfb,0x71,0xf8,0xd9,0xfb,0x71,0xfb,0xd5,0xff,0x77,
    0xff,0xdd,0xff,0x77,0xef,0xcd,0xef,0x57,0xdf,0xdd,0xff,0x77,0xff,0xfd,0xff,0x77,0xff,0x5d,0xff,0x77,0xfe,0x5c,0xfe,0x77,0xff,0xdd,0xff,0x75,0xff,0xdd,0xfb,0x71,
    0x00,0x00,0x00,0x00,0x00,0x00,0x00,0x00,0x00,0x00,0x00,0x00,0x00,0x00,0x00,0x00,0x00,0x00,0x00,0x00,0x00,0x00,0x00,0x00,0x00,0x00,0x00,0x00,0x00,0x00,0x00,0x00,
    0x00,0x00,0x00,0x00,0x00,0x04,0x00,0x00,0x00,0x00,0x00,0x00,0x00,0x00,0x00,0x00,0x00,0x00,0x00,0x00,0x00,0x00,0x00,0x00,0x00,0x00,0x00,0x00,0x00,0x00,0x00,0x00,
    0x00,0x00,0x00,0x01,0x01,0x01,0x01,0x01,0x01,0x01,0x00,0x01,0x00,0x00,0x00,0x00,0x00,0x00,0x00,0x40,0xc0,0x41,0xc1,0x41,0xc1,0x41,0x81,0x01,0x83,0xc1,0xa3,0x43,
    0xe3,0x41,0xa3,0x43,0xe3,0x45,0x23,0x47,0xef,0x5d,0xff,0x77,0xff,0xdd,0xff,0x77,0xff,0xdd,0xfb,0x77,0xff,0xdd,0xff,0x77,0xff,0xdd,0xff,0x77,0xff,0xdd,0xff,0x77
  },
  { // 162
    0x00,0x00,0x00,0x00,0x00,0x00,0x00,0x00,0x00,0x00,0x02,0x00,0x00,0x00,0x00,0x00,0x00,0x00,0x00,0x00,0x00,0x00,0x00,0x00,0x00,0x00,0x00,0x00,0x00,0x00,0x00,0x00,
    0x00,0x00,0x00,0x00,0x00,0x00,0x00,0x00,0x00,0x00,0x00,0x00,0x40,0x00,0x00,0x00,0x00,0x00,0x00,0x00,0x00,0x00,0x00,0x00,0x00,0x00,0x00,0x00,0x00,0x00,0x00,0x00,
    0x00,0x20,0x00,0x00,0x00,0x20,0x00,0x20,0x00,0x20,0x00,0x00,0x00,0x00,0x04,0x04,0x02,0x04,0x8e,0x04,0x8a,0x00,0x88,0x00,0x82,0x00,0x8a,0x84,0x8a,0x04,0x8e,0xc4,
    0x8e,0x45,0xce,0xc5,0x8b,0x45,0xcf,0xdd,0x9f,0x57,0xbf,0xdd,0xbf,0x17,0xbf,0x1d,0x3f,0x77,0xff,0x5d,0xff,0x7f,0xff,0xdd,0xff,0x77,0xff,0xdd,0xff,0x71,0xfb,0xdd,
    0x08,0x04,0x2c,0x0c,0x08,0x14,0x1c,0x1c,0x18,0x10,0x18,0x10,0x18,0x10,0x38,0x14,0x38,0x14,0x2c,0x14,0x28,0x00,0x08,0x00,0x08,0x00,0x08,0x10,0x9a,0x10,0x3e,0x14,
    0x3e,0x16,0x2e,0x04,0x2e,0x04,0x2e,0x1c,0x3e,0x14,0x3e,0x1c,0x3e,0x14,0x3e,0x1c,0x3a,0x30,0x3a,0x18,0x3a,0x34,0x3e,0x54,0x7e,0x76,0x6e,0x44,0x6e,0x45,0x6e,0x4d,
    0x0f,0x17,0xbf,0x5d,0x3f,0x17,0xbf,0x1d,0x3f,0x37,0x3e,0x1c,0x3e,0x76,0x7e,0x5c,0xfe,0x77,0xfe,0xdd,0xff,0x75,0xf9,0xd9,0xfb,0x71,0xfb,0xdd,0xff,0x77,0xff,0xd5,
    0xff,0x77,0xef,0xc5,0xef,0x47,0xef,0xdd,0xff,0x57,0xff,0xdd,0xff,0x77,0xbf,0x1d,0xbf,0x77,0xff,0x5d,0xff,0x7f,0xff,0xdd,0xff,0x77,0xff,0xdd,0xfd,0x75,0xff,0xdd,
    0x00,0x00,0x28,0x10,0x3a,0x10,0x38,0x18,0x38,0x10,0x39,0x10,0x38,0x10,0x38,0x10,0x30,0x30,0x28,0x50,0x20,0x40,0x28,0x40,0x00,0x00,0x08,0x00,0x08,0x10,0x38,0x1c,
    0x38,0x14,0x38,0x14,0x38,0x34,0x3c,0x5c,0x3c,0x74,0x7c,0x5c,0x7c,0x74,0xf8,0x58,0xf8,0x70,0xf8,0x70,0xf8,0x70,0xfa,0x74,0xfa,0x74,0xfe,0x44,0xe6,0x44,0xee,0x4c,
    0xee,0x54,0xfe,0xdc,0xfe,0x57,0xfe,0x5c,0xbe,0x36,0xbe,0x5c,0x3e,0x76,0xfe,0x5c,0xfe,0x76,0xfe,0xdc,0xfe,0x74,0xfc,0xdd,0xf9,0x71,0xff,0xdd,0xff,0x77,0xff,0xdd,
    0xff,0x77,0xff,0x5d,0xff,0x77,0xff,0xdd,0xff,0x77,0xff,0xdf,0xff,0x77,0xff,0xdd,0xff,0x77,0xff,0xdd,0xff,0x77,0xff,0xdd,0xff,0x77,0xff,0xdd,0xff,0x77,0xff,0xdd,
    0x00,0x00,0x00,0x00,0x00,0x00,0x00,0x00,0x00,0x00,0x00,0x00,0x00,0x00,0x00,0x00,0x00,0x00,0x00,0x00,0x00,0x00,0x00,0x00,0x00,0x00,0x00,0x00,0x00,0x00,0x00,0x08,
    0x00,0x00,0x00,0x00,0x00,0x00,0x00,0x00,0x00,0x00,0x00,0x00,0x00,0x00,0x00,0x00,0x00,0x00,0x00,0x00,0x00,0x00,0x00,0x00,0x00,0x00,0x00,0x00,0x00,0x00,0x00,0x00,
    0x00,0x00,0x00,0x00,0x00,0x00,0x00,0x00,0x00,0x00,0x00,0x00,0x20,0x00,0x20,0x40,0x20,0x60,0x60,0x40,0x60,0x40,0xe0,0xc0,0xe0,0x41,0xc1,0xc1,0xe1,0x51,0xeb,0xd1,
    0xbb,0x11,0xbb,0x11,0x3b,0x33,0x7f,0x5d,0xff,0x77,0xff,0xdd,0xff,0x75,0xfc,0xdd,0xf9,0x71,0xfb,0xd9,0xfb,0x77,0xff,0xdd,0xff,0x77,0xff,0xd5,0xef,0x67,0xef,0xcd
  },
  { // 163
    0x00,0x00,0x00,0x00,0x00,0x02,0x00,0x00,0x00,0x00,0x00,0x00,0x00,0x00,0x00,0x00,0x00,0x00,0x00,0x00,0x00,0x00,0x00,0x00,0x00,0x00,0x00,0x00,0x00,0x00,0x00,0x00,
    0x00,0x00,0x00,0x00,0x00,0x00,0x00,0x00,0x20,0x00,0x00,0x00,0x00,0x00,0x00,0x00,0x00,0x00,0x00,0x00,0x00,0x00,0x00,0x00,0x00,0x00,0x00,0x00,0x00,0x00,0xa0,0x00,
    0xc0,0x00,0x80,0x00,0x80,0x00,0x00,0x00,0x00,0x00,0x40,0x00,0x40,0x00,0x40,0x00,0x80,0x00,0x80,0x00,0x80,0x80,0x80,0x00,0x84,0xc0,0x82,0x41,0xc2,0xc1,0x82,0x43,
    0xc2,0xc5,0xc7,0x47,0xcf,0xc5,0xcf,0x47,0xcf,0xdd,0xbf,0x17,0x9f,0x9d,0xbf,0x3f,0xbf,0x5d,0xff,0x77,0xff,0xdd,0xfe,0x77,0xfe,0xdc,0xfd,0x75,0xff,0xdd,0xff,0x77,
    0x0c,0x04,0x0e,0x84,0x0c,0x0c,0x08,0x00,0x08,0x00,0x08,0x00,0x08,0x00,0x0a,0x10,0x0a,0x04,0x02,0x00,0x00,0x04,0x00,0x04,0x8e,0x04,0x0e,0x04,0x0e,0x0c,0x0e,0x17,
    0x0e,0x14,0x0e,0x16,0x0e,0x1c,0x1e,0x16,0x3e,0x1c,0x3e,0x14,0x3c,0x1c,0x38,0x10,0x38,0x18,0x3a,0x11,0x3b,0x15,0x3b,0x17,0x3f,0x15,0x27,0x07,0x2f,0x05,0x2f,0x07,
    0x6f,0x1d,0x3f,0x17,0x1f,0x1d,0x3f,0x17,0x3f,0x1d,0x3f,0x37,0x3f,0x5d,0x7e,0x77,0xfe,0x5c,0xff,0x74,0xfc,0xfd,0xfd,0x75,0xff,0xfd,0xff,0x77,0xff,0xdd,0xff,0x77,
    0xbf,0x55,0xbf,0x77,0xff,0x5d,0xff,0x77,0xff,0xdd,0xff,0x77,0xff,0xdd,0xff,0x77,0xff,0xdd,0xff,0x77,0xff,0xdd,0xff,0x77,0xff,0xdd,0xff,0x77,0xff,0xdd,0xff,0x77,
    0x38,0x1c,0x3c,0x14,0x38,0x1c,0x28,0x10,0x28,0x10,0x38,0x10,0x38,0x10,0x38,0x10,0x38,0x10,0x20,0x00,0x20,0x04,0x20,0x04,0x2c,0x04,0x2e,0x14,0x2e,0x1c,0x1e,0x14,
    0x1c,0x1c,0x3a,0x14,0x3e,0x1c,0x3e,0x34,0x3e,0x5c,0x7e,0x74,0x7c,0x7c,0x78,0x74,0x68,0x7c,0x78,0x50,0x7a,0x5c,0x3a,0x57,0x3e,0x14,0x3e,0x16,0x2e,0x14,0x7e,0x76,
    0x7e,0x5c,0x7e,0x77,0xfe,0x5c,0x7e,0x74,0xfe,0x5c,0xfe,0x75,0xfe,0x5d,0xff,0x77,0xfe,0x5c,0xfe,0x74,0xfe,0xd7,0xef,0x75,0xff,0xdd,0xff,0x77,0xff,0xdd,0xff,0x17,
    0xbf,0x1d,0xbf,0x37,0xbf,0x5d,0xff,0x77,0xff,0x5d,0xff,0x77,0xfe,0xdd,0xff,0x75,0xff,0xdd,0xff,0x77,0xff,0xdd,0xff,0x77,0xff,0xd5,0xf7,0x77,0xef,0xdd,0xff,0x77,
    0x00,0x00,0x00,0x00,0x00,0x00,0x00,0x00,0x00,0x00,0x00,0x00,0x00,0x00,0x00,0x00,0x00,0x00,0x00,0x00,0x00,0x00,0x00,0x00,0x00,0x00,0x10,0x00,0x00,0x00,0x00,0x00,
    0x00,0x00,0x00,0x00,0x00,0x00,0x00,0x00,0x00,0x00,0x00,0x00,0x00,0x01,0x00,0x00,0x00,0x00,0x00,0x00,0x00,0x00,0x00,0x00,0x00,0x00,0x00,0x00,0x00,0x00,0x00,0x00,
    0x00,0x00,0x00,0x00,0x00,0x00,0x20,0x00,0x00,0x00,0x20,0x00,0x20,0x50,0x30,0x10,0x20,0x50,0x20,0x00,0x20,0x40,0x20,0x40,0xe0,0x40,0xe8,0x41,0xe9,0x59,0x99,0x11,
    0x99,0x19,0xbb,0x11,0xbf,0x5d,0xff,0x77,0xfe,0x5d,0xfe,0x75,0xfe,0xdc,0xfc,0x75,0xfd,0xdd,0xff,0x75,0xff,0xdd,0xfb,0x77,0xff,0xd5,0xff,0x77,0xff,0xdd,0xff,0x77
  },
  { // 164
    0x00,0x00,0x00,0x00,0x00,0x00,0x00,0x00,0x00,0x00,0x00,0x00,0x00,0x00,0x00,0x40,0x00,0x00,0x00,0x00,0x00,0x00,0x00,0x00,0x00,0x00,0x00,0x00,0x00,0x00,0x00,0x00,
    0x00,0x00,0x00,0x00,0x20,0x00,0x00,0x00,0x00,0x00,0x00,0x00,0x00,0x00,0x80,0x00,0x80,0x00,0x80,0x00,0x80,0x00,0x80,0x00,0x80,0x00,0x80,0x00,0x80,0x00,0x80,0x00,
    0x80,0x00,0x80,0x20,0x80,0x20,0x80,0x20,0x80,0x00,0x80,0x00,0x80,0x00,0x80,0x40,0x80,0x48,0xc0,0xc0,0xc0,0x40,0xc0,0xc0,0xc0,0x41,0xc0,0xc1,0x83,0x01,0x83,0x81,
    0x83,0x03,0xe7,0xc5,0xe7,0x47,0xef,0xc5,0xef,0x57,0xff,0xdd,0xff,0x55,0xff,0xdd,0xff,0x77,0xff,0xdd,0xff,0x77,0xff,0xd5,0xff,0x77,0xff,0xdd,0xff,0x77,0xff,0xdd,
    0x02,0x04,0x02,0x04,0x00,0x00,0x00,0x00,0x00,0x00,0x08,0x00,0x00,0x00,0x02,0x00,0x02,0x00,0x02,0x00,0x02,0x04,0x06,0x04,0x0e,0x07,0x0e,0x05,0x0e,0x05,0x0e,0x0c,
    0x0e,0x05,0x0e,0x0d,0x0e,0x17,0x0e,0x1c,0x0e,0x14,0x0e,0x04,0x0a,0x04,0x0c,0x04,0x0f,0x05,0x0f,0x0d,0x0b,0x13,0x0b,0x01,0x0b,0x07,0x0f,0x55,0x0f,0x17,0x0f,0x1d,
    0x3f,0x17,0x0f,0x1d,0x1e,0x15,0x9e,0x1d,0xbf,0x17,0xbf,0x1d,0xbf,0x37,0xbf,0x7d,0xbb,0x77,0xfe,0xf5,0xff,0x77,0xef,0xdd,0xff,0x57,0xff,0xdd,0x9f,0x17,0x9f,0x9d,
    0xbf,0x17,0xbf,0xdd,0xbf,0x77,0xff,0x5d,0x7f,0x77,0xfe,0x5c,0xfe,0x75,0xff,0xdd,0xff,0x77,0xff,0xdd,0xfb,0x73,0xfb,0xd5,0xf3,0x77,0xff,0xd5,0xff,0x77,0xff,0xdd,
    0x18,0x10,0x18,0x14,0x08,0x10,0x08,0x00,0x28,0x00,0x08,0x04,0x08,0x00,0x08,0x00,0x0a,0x00,0x0a,0x00,0x0a,0x16,0x0e,0x14,0x3e,0x16,0x3e,0x1c,0x3e,0x14,0x2e,0x5c,
    0x3c,0x14,0x3c,0x1c,0x3e,0x34,0x3e,0x1c,0x3a,0x30,0x3a,0x10,0x32,0x34,0x2e,0x04,0x2e,0x37,0x2f,0x4d,0x2f,0x17,0x1f,0x1d,0x3f,0x17,0x3f,0x1d,0x3f,0x37,0x3f,0x1d,
    0x3f,0x37,0x3e,0x5c,0x3e,0x74,0x7e,0x5c,0x7e,0x75,0xff,0x5d,0xff,0x75,0xfb,0x59,0xfb,0x73,0xfb,0x55,0xf7,0x77,0xff,0x5d,0xff,0x77,0xef,0x5d,0xff,0x57,0xdf,0x5d,
    0xbf,0x77,0xff,0xdd,0xff,0x77,0xff,0x5d,0xff,0x77,0xfe,0x5c,0xfe,0x76,0xff,0xdd,0xff,0x7f,0xff,0xdd,0xff,0x77,0xfb,0xdd,0xfb,0x77,0xff,0xdf,0xff,0x77,0xff,0xdd,
    0x00,0x00,0x00,0x00,0x00,0x00,0x00,0x00,0x00,0x00,0x00,0x00,0x00,0x00,0x00,0x00,0x00,0x00,0x00,0x00,0x00,0x20,0x00,0x00,0x00,0x00,0x00,0x00,0x00,0x00,0x00,0x00,
    0x00,0x00,0x00,0x00,0x00,0x00,0x00,0x00,0x00,0x02,0x00,0x00,0x00,0x00,0x00,0x00,0x00,0x00,0x00,0x00,0x00,0x00,0x00,0x00,0x00,0x00,0x00,0x00,0x00,0x00,0x00,0x00,
    0x20,0x10,0x20,0x00,0x20,0x00,0x20,0x00,0x20,0x00,0x28,0x40,0x28,0x10,0x28,0x00,0x00,0x00,0x00,0x10,0x20,0x10,0x38,0x14,0x38,0x34,0x3c,0x5c,0x2c,0x54,0x7c,0x5c,
    0x7c,0x74,0xfc,0x5d,0xff,0x75,0xff,0xfd,0xfa,0x71,0xfa,0xd4,0xfa,0x75,0xff,0xdf,0xff,0x77,0xff,0xdd,0xff,0x57,0xff,0xdd,0xff,0x57,0xff,0xdd,0xff,0x77,0xff,0xdd
  },
  { // 165
    0x00,0x00,0x00,0x00,0x00,0x00,0x00,0x00,0x00,0x00,0x80,0x00,0x00,0x00,0x00,0x00,0x00,0x00,0x00,0x00,0x00,0x00,0x00,0x00,0x00,0x00,0x00,0x00,0x00,0x00,0x00,0x00,
    0x00,0x00,0x00,0x00,0x00,0x00,0x00,0x00,0x00,0x00,0x00,0x00,0x80,0x00,0x80,0x00,0x80,0x80,0x80,0x00,0x80,0x80,0x80,0x10,0x80,0x00,0x80,0x00,0x80,0x00,0x80,0x00,
    0x00,0x00,0x00,0x00,0x80,0x00,0x80,0x00,0xc0,0xc0,0xc0,0x10,0xc0,0xc0,0x80,0x40,0xc0,0xc0,0xc0,0x40,0xc0,0xc0,0xc0,0x40,0xc0,0xc0,0xc0,0x40,0xc0,0xc1,0x83,0x01,
    0x83,0xc1,0xa3,0x63,0xe3,0x45,0x66,0x66,0x6e,0x44,0xee,0x74,0xfe,0xdd,0xff,0x75,0xff,0xdd,0xfb,0x71,0xfb,0xd1,0xfb,0x73,0xff,0xd5,0xff,0x77,0xff,0xdd,0xef,0x77,
    0x00,0x00,0x00,0x00,0x00,0x00,0x00,0x00,0x00,0x00,0x00,0x00,0x00,0x00,0x00,0x01,0x02,0x01,0x02,0x01,0x02,0x05,0x07,0x07,0x0e,0x04,0x06,0x04,0x0e,0x04,0x0e,0x04,
    0x0e,0x0c,0x0e,0x05,0x0e,0x05,0x0a,0x01,0x0a,0x00,0x02,0x00,0x02,0x05,0x07,0x07,0x0f,0x05,0x0f,0x05,0x8f,0x05,0x0f,0x07,0x8f,0x0d,0x2f,0x17,0x9f,0x1d,0x1f,0x17,
    0x1f,0x1c,0x0e,0x16,0x0e,0x1c,0xbe,0x15,0xbf,0xdd,0xbf,0x15,0xbb,0xd9,0xbb,0x11,0xbb,0xd1,0xb3,0x77,0xff,0xf5,0xef,0x77,0xef,0xed,0xaf,0x57,0x8f,0xdd,0x9f,0x17,
    0xbf,0xdd,0xbf,0x77,0xbf,0xdf,0xbf,0x77,0xfe,0x5c,0xfe,0x76,0xfe,0xdd,0xff,0x77,0xff,0xdd,0xff,0x75,0xfb,0xd9,0xfb,0x77,0xff,0xdd,0xff,0x77,0xff,0xdd,0xff,0x77,
    0x08,0x10,0x08,0x10,0x00,0x00,0x02,0x00,0x06,0x04,0x0e,0x04,0x0e,0x04,0x0e,0x04,0x0f,0x0c,0x0e,0x17,0x1e,0x1d,0x1e,0x17,0x3e,0x1c,0x3e,0x16,0x3e,0x1c,0x3e,0x14,
    0x3e,0x1c,0x3e,0x14,0x3e,0x1d,0x3a,0x11,0x3a,0x11,0x3b,0x13,0x3b,0x15,0x3f,0x17,0x2f,0x35,0x2f,0x27,0x0f,0x2d,0x0f,0x17,0x1f,0x1d,0x3f,0x17,0x3f,0x5d,0x3f,0x77,
    0x3f,0x5d,0x3e,0x36,0x3e,0x5c,0x7e,0x77,0x7e,0x5d,0x7f,0x75,0x7f,0x5d,0x7b,0x51,0x7b,0x5d,0x3f,0x77,0xff,0x5d,0x3f,0x77,0x7f,0x5d,0x3f,0x77,0x7f,0x5d,0x7f,0x77,
    0xff,0x5d,0xff,0x77,0xff,0xdd,0xff,0x77,0xff,0xdd,0xff,0x77,0xff,0xdd,0xff,0x77,0xff,0xdd,0xff,0x77,0xef,0xdd,0xff,0x57,0xff,0xdd,0xff,0x77,0xff,0xdd,0xff,0x77,
    0x00,0x00,0x00,0x00,0x00,0x00,0x00,0x00,0x00,0x00,0x00,0x00,0x00,0x00,0x00,0x00,0x40,0x00,0x00,0x00,0x00,0x00,0x00,0x00,0x00,0x00,0x00,0x00,0x00,0x00,0x00,0x00,
    0x00,0x00,0x00,0x00,0x00,0x00,0x02,0x00,0x00,0x00,0x00,0x00,0x00,0x00,0x00,0x00,0x00,0x00,0x00,0x00,0x00,0x00,0x00,0x00,0x00,0x00,0x00,0x00,0x08,0x00,0x00,0x10,
    0x08,0x10,0x20,0x10,0x20,0x10,0x20,0x10,0x20,0x00,0x20,0x00,0x28,0x00,0x08,0x00,0x08,0x00,0x08,0x10,0x38,0x1c,0x38,0x14,0x3e,0x1c,0x3e,0x35,0x3e,0x5c,0x7e,0x74,
    0x7e,0x5c,0xfe,0x74,0xfc,0xdc,0xf8,0x71,0xf8,0xd9,0xfb,0x73,0xfb,0xd5,0xff,0x77,0xff,0xd5,0xef,0x67,0xef,0xcd,0xef,0x57,0xff,0xdd,0xff,0x77,0xff,0xdd,0xff,0x77
  },
  { // 166
    0x00,0x00,0x00,0x00,0x00,0x00,0x00,0x00,0x00,0x00,0x00,0x00,0x00,0x00,0x00,0x00,0x00,0x00,0x00,0x00,0x00,0x00,0x00,0x00,0x00,0x00,0x00,0x00,0x00,0x00,0x00,0x00,
    0x00,0x00,0x80,0x00,0x00,0x00,0x80,0x00,0x00,0x80,0x80,0x00,0x80,0x00,0x80,0x00,0x80,0x00,0x80,0x00,0x90,0x00,0x80,0x80,0x80,0x00,0x80,0x00,0x80,0x00,0x00,0x00,
    0x00,0x00,0x20,0x40,0xa0,0x60,0xe0,0xc0,0xc0,0x40,0xc0,0xc0,0xc0,0x40,0xc0,0xc0,0xc0,0x40,0xc0,0xc0,0xe0,0x40,0xc0,0xc0,0xc0,0x40,0xc0,0xc0,0xc0,0x40,0xc0,0xe1,
    0xe3,0x41,0xa3,0xc1,0xa2,0x21,0xa2,0x50,0xf6,0x74,0xfe,0xd4,0xfe,0x75,0xfe,0xdd,0xf9,0x71,0xf9,0xd1,0xfb,0x73,0xfb,0xdd,0xff,0x77,0xff,0xdd,0xff,0x77,0xff,0xdd,
    0x00,0x00,0x00,0x00,0x00,0x01,0x02,0x00,0x02,0x00,0x02,0x00,0x02,0x00,0x00,0x00,0x02,0x01,0x03,0x05,0x03,0x03,0x03,0x05,0x02,0x06,0x06,0x04,0x06,0x04,0x0e,0x04,
    0x0e,0x04,0x0c,0x04,0x08,0x01,0x08,0x01,0x03,0x01,0x83,0x01,0x83,0x07,0x87,0x05,0x07,0x87,0x0f,0x45,0x0f,0x87,0x8f,0x0d,0x8f,0x07,0x8f,0x0d,0x8f,0x17,0x8f,0x1d,
    0x1e,0x17,0xde,0x1c,0x9e,0x17,0x9e,0xdd,0xaf,0x55,0xcf,0xcd,0x89,0x41,0xab,0xd9,0xbb,0x17,0xbf,0xdd,0xbf,0x17,0xbf,0x15,0xaf,0x07,0xaf,0x5d,0xbf,0x57,0xff,0xdd,
    0xff,0x77,0xff,0xdd,0xff,0x77,0xff,0xdd,0xff,0x77,0xff,0xdd,0xff,0x77,0xff,0xdd,0xff,0x77,0xef,0xcd,0xef,0x77,0xff,0xdd,0xff,0x77,0xff,0xdd,0xbf,0x37,0xbf,0x5d,
    0x08,0x00,0x08,0x00,0x02,0x00,0x0a,0x04,0x02,0x06,0x0e,0x04,0x06,0x06,0x0e,0x04,0x1e,0x04,0x0e,0x1d,0x1f,0x17,0x1e,0x1d,0x1e,0x14,0x1e,0x1c,0x1e,0x14,0x3e,0x1c,
    0x3e,0x14,0x3e,0x1c,0x2e,0x05,0x08,0x01,0x0b,0x11,0x2b,0x3d,0x1f,0x37,0x3f,0x3d,0x3f,0x17,0x2f,0x05,0x2f,0x17,0x2e,0x1d,0x3f,0x17,0x3f,0x1d,0x3f,0x15,0x3f,0x1d,
    0x3b,0x31,0x3b,0x1d,0x3f,0x37,0x3f,0x5d,0x3f,0x77,0x6f,0x45,0x2f,0x47,0x6f,0x4d,0x3f,0x57,0x3f,0x5d,0xbf,0x17,0x3f,0x3d,0x3f,0x37,0x3f,0x5d,0x3f,0x77,0x7f,0x5d,
    0xff,0x77,0xff,0xdd,0xff,0x75,0xff,0xdd,0xfb,0x73,0xff,0xdd,0xff,0x77,0xff,0xd5,0xff,0xff,0xef,0xcd,0xef,0x77,0xff,0xdd,0xff,0x77,0xff,0xdd,0xff,0x77,0xbf,0xdd,
    0x00,0x00,0x00,0x00,0x00,0x00,0x00,0x00,0x00,0x00,0x00,0x40,0x00,0x00,0x00,0x00,0x00,0x00,0x00,0x00,0x00,0x00,0x00,0x00,0x00,0x00,0x00,0x00,0x00,0x00,0x00,0x00,
    0x00,0x00,0x00,0x02,0x00,0x00,0x00,0x00,0x00,0x00,0x00,0x00,0x00,0x00,0x00,0x00,0x00,0x00,0x00,0x00,0x00,0x00,0x00,0x00,0x00,0x00,0x08,0x00,0x08,0x00,0x08,0x00,
    0x00,0x10,0x88,0x10,0x30,0x10,0x38,0x10,0x20,0x00,0x20,0x00,0x20,0x00,0x08,0x04,0x0c,0x14,0x0c,0x1c,0x3c,0x14,0x3e,0x1c,0x3a,0x14,0x3e,0x9c,0x3e,0x74,0x7e,0x5c,
    0x7e,0x74,0xfe,0x5c,0xfc,0x74,0xf8,0xdf,0xfb,0x71,0xff,0xdd,0xff,0x77,0xff,0xdd,0xff,0x77,0xff,0x5d,0xff,0x77,0xff,0xdd,0xff,0x77,0xff,0xdd,0xff,0x77,0xff,0xdd
  },
  { // 167
    0x00,0x00,0x00,0x00,0x00,0x00,0x00,0x00,0x00,0x00,0x00,0x00,0x00,0x00,0x00,0x00,0x00,0x00,0x00,0x00,0x00,0x00,0x00,0x00,0x00,0x08,0x00,0x00,0x00,0x00,0x00,0x00,
    0x00,0x00,0x00,0x00,0x80,0x00,0x80,0x00,0x80,0x80,0x80,0x00,0x80,0x00,0x80,0x00,0x80,0x00,0x00,0x00,0x80,0x00,0x80,0x00,0x80,0x00,0x80,0x40,0x80,0x40,0xa0,0x40,
    0x80,0x20,0x80,0x40,0xc0,0xc0,0xc0,0x40,0xc0,0xc0,0xc0,0x40,0xe0,0xc0,0xc0,0x40,0xc0,0xc0,0x80,0x00,0x80,0x80,0x80,0x00,0x80,0x40,0xe0,0x60,0xe0,0xc0,0xf0,0x50,
    0xe0,0xc0,0xe0,0x40,0xe0,0xd0,0xf2,0x71,0xf3,0xd1,0xf3,0x73,0xf2,0xd5,0xe2,0x65,0xe7,0xc5,0xef,0x77,0xef,0xdd,0xff,0x57,0xff,0xdd,0xbf,0x17,0xbf,0x9d,0xbf,0x77,
    0x00,0x00,0x00,0x00,0x00,0x00,0x02,0x00,0x02,0x00,0x02,0x00,0x02,0x00,0x02,0x04,0x06,0x04,0x02,0x05,0x02,0x04,0x02,0x00,0x02,0x00,0x02,0x00,0x02,0x04,0x02,0x04,
    0x02,0x04,0x02,0x00,0x00,0x00,0x80,0x01,0x8b,0x05,0xc3,0x03,0x8b,0x05,0x83,0x07,0x07,0x05,0x07,0x07,0x1f,0x05,0x0f,0x07,0x8f,0x0d,0x8f,0x05,0x8e,0x0d,0x8b,0x15,
    0x8b,0x9d,0x9b,0x97,0x9f,0x95,0x8f,0x07,0xa7,0xc5,0xa7,0x47,0xef,0xcd,0x8f,0x47,0xcf,0xdd,0x9f,0x17,0x9f,0x9d,0x9f,0x17,0xbf,0x1d,0xbf,0x77,0xff,0x5d,0xff,0x77,
    0xfe,0xdc,0xfe,0x75,0xfd,0xdd,0xff,0x77,0xff,0xdd,0xff,0x77,0xff,0xd5,0xf7,0x77,0xef,0xc5,0xef,0x77,0xff,0xdd,0xff,0x77,0xff,0xdd,0xff,0x57,0xbf,0xdd,0xbf,0x77,
    0x08,0x04,0x0a,0x01,0x0a,0x05,0x0b,0x07,0x0e,0x05,0x0a,0x06,0x0e,0x04,0x0e,0x06,0x0e,0x1c,0x0e,0x14,0x0e,0x1c,0x1c,0x14,0x18,0x1c,0x1a,0x11,0x1a,0x1d,0x1b,0x17,
    0x1a,0x15,0x12,0x07,0x46,0x05,0x4f,0x07,0x4f,0x0d,0x0f,0x17,0x1f,0x1d,0x1f,0x57,0x1f,0x5d,0x3f,0x5f,0x3f,0x1d,0x3f,0x37,0x3e,0x1c,0x3e,0x3c,0x3e,0x1c,0x3c,0x15,
    0x3d,0x1d,0x3b,0x37,0x3f,0x1d,0x3b,0xb7,0x3f,0x15,0x27,0x07,0x2f,0x4d,0x2f,0x57,0x7f,0x5d,0x3f,0x17,0x3f,0x1d,0x3f,0x17,0x3f,0x3d,0x3f,0x77,0xff,0x5d,0x7f,0x77,
    0xfe,0x5c,0xfe,0x74,0xfe,0xdd,0xff,0x77,0xff,0xdd,0xff,0x7f,0xff,0xdd,0xff,0x77,0xbf,0xdd,0xff,0x77,0xff,0xdd,0xff,0x77,0xff,0xdd,0xff,0x77,0xff,0xdd,0xff,0x77,
    0x00,0x00,0x00,0x00,0x00,0x00,0x80,0x00,0x00,0x00,0x00,0x00,0x00,0x00,0x00,0x00,0x00,0x00,0x00,0x00,0x00,0x00,0x00,0x00,0x00,0x00,0x00,0x00,0x00,0x00,0x00,0x02,
    0x00,0x00,0x00,0x00,0x00,0x00,0x00,0x00,0x00,0x00,0x00,0x00,0x00,0x00,0x00,0x00,0x00,0x00,0x00,0x00,0x00,0x00,0x00,0x00,0x00,0x00,0x00,0x00,0x40,0x00,0x00,0x00,
    0x08,0x00,0x08,0x00,0x08,0x00,0x08,0x10,0x08,0x00,0x00,0x00,0x28,0x14,0x3c,0x14,0x3c,0x1c,0x3e,0x14,0x3c,0x1c,0x3c,0x14,0x3c,0x5c,0x38,0x74,0x7e,0x5c,0x7a,0x74,
    0x7a,0x54,0x72,0x74,0xee,0x44,0xef,0x77,0xef,0xdd,0xff,0x57,0xff,0xdd,0xbf,0x17,0xbf,0x1d,0xbf,0x37,0xff,0x5d,0xff,0x77,0xff,0x5d,0xfe,0x76,0xfe,0xdd,0xff,0x75
  },
  { // 168
    0x00,0x00,0x00,0x00,0x00,0x00,0x00,0x00,0x00,0x00,0x00,0x00,0x00,0x00,0x00,0x00,0x00,0x00,0x00,0x00,0x00,0x00,0x08,0x00,0x00,0x00,0x00,0x00,0x00,0x00,0x00,0x00,
    0x80,0x00,0x80,0x00,0x80,0x00,0x80,0x80,0x80,0x00,0x80,0x80,0x80,0x00,0x80,0x00,0x00,0x00,0x80,0x00,0x00,0x00,0x80,0x00,0x10,0x00,0x80,0x00,0x80,0x10,0x80,0x80,
    0x80,0x20,0x80,0xe0,0xc0,0x60,0xc0,0xc0,0xc0,0x40,0xc0,0xc0,0xc0,0x40,0xc0,0xc0,0xc0,0x40,0x80,0x80,0x80,0x00,0x80,0x30,0xa0,0x00,0xe0,0x40,0xe0,0x60,0xe0,0x40,
    0xe0,0x60,0xe0,0xc0,0xe0,0x61,0xe1,0xd1,0xf3,0x71,0xf3,0xd1,0xe3,0x73,0xe3,0xc5,0xe7,0x67,0xef,0xdd,0xef,0x77,0xff,0xdd,0xff,0x57,0xff,0xdd,0xbf,0x77,0xff,0xdd,
    0x00,0x00,0x00,0x00,0x02,0x00,0x02,0x00,0x02,0x00,0x02,0x00,0x02,0x00,0x06,0x04,0x02,0x04,0x06,0x04,0x00,0x00,0x00,0x00,0x00,0x00,0x02,0x01,0x02,0x01,0x02,0x00,
    0x42,0x00,0x02,0x40,0x06,0x45,0x07,0x05,0x0f,0x07,0x8f,0x05,0x0b,0x07,0x0f,0x05,0x1f,0x07,0x0f,0x05,0x0f,0x07,0x0e,0x0c,0x0e,0x04,0x0e,0x0c,0x8c,0x04,0x8c,0x8d,
    0x8b,0x15,0x8b,0x99,0x8b,0x13,0x83,0x81,0x83,0x07,0x87,0x85,0xaf,0x07,0x8f,0xed,0x8f,0x27,0x8f,0xbd,0x9f,0x17,0x9f,0x9d,0xbf,0x37,0xff,0xdd,0xff,0x77,0xfe,0x5c,
    0xfe,0x76,0xfe,0xdf,0xff,0x77,0xff,0xdd,0xff,0x77,0xff,0xdd,0xfb,0x57,0xff,0xd5,0xff,0x77,0xff,0xdd,0xff,0x77,0xff,0xdd,0xff,0x77,0xff,0xdd,0xff,0x77,0xff,0xdd,
    0x06,0x04,0x0e,0x04,0x0e,0x04,0x0e,0x0c,0x0a,0x04,0x0e,0x1c,0x1e,0x16,0x1e,0x1c,0x1e,0x16,0x0e,0x1c,0x0e,0x14,0x0c,0x1c,0x08,0x14,0x1c,0x1d,0x1b,0x11,0x1b,0x11,
    0x03,0x13,0x03,0x05,0x07,0x07,0x0f,0x0d,0x2f,0x27,0x0f,0x2d,0x0f,0x37,0x1f,0x1d,0x1f,0x17,0x3f,0x1d,0x3f,0x37,0x3f,0x1d,0x3e,0x36,0x3e,0x14,0x3e,0x34,0x3f,0x9d,
    0x3f,0x35,0x3f,0x1d,0x3f,0x17,0x3b,0x15,0x3b,0x17,0x3f,0x1d,0x3f,0x37,0x3f,0x5d,0x3f,0x37,0x3f,0x5d,0x3f,0x57,0x7f,0x7d,0x7f,0x77,0xff,0x5d,0xff,0x77,0xff,0x5d,
    0xfb,0x77,0xff,0x55,0xff,0x77,0xff,0xfd,0xff,0x77,0xff,0xdd,0xdf,0x57,0x9f,0xdd,0xbf,0x37,0xff,0xdd,0xff,0x77,0xff,0x5d,0x7f,0x77,0xfe,0xdc,0xff,0x77,0xff,0xdd,
    0x00,0x80,0x00,0x00,0x00,0x00,0x00,0x00,0x00,0x00,0x00,0x00,0x00,0x00,0x00,0x00,0x00,0x00,0x00,0x00,0x00,0x00,0x00,0x00,0x00,0x00,0x00,0x00,0x02,0x00,0x00,0x00,
    0x00,0x00,0x00,0x00,0x00,0x00,0x00,0x00,0x00,0x00,0x00,0x00,0x00,0x00,0x00,0x00,0x00,0x00,0x00,0x00,0x00,0x00,0x00,0x40,0x00,0x00,0x00,0x00,0x00,0x00,0x00,0x00,
    0x00,0x00,0x08,0x00,0x08,0x00,0x08,0x00,0x08,0x10,0x18,0x1c,0x38,0x14,0x3c,0x1c,0x3c,0x34,0x3c,0x1c,0x3c,0x34,0x7c,0x5c,0x7c,0x74,0x7c,0x5c,0x78,0x70,0x78,0x50,
    0x3a,0x71,0xf2,0x55,0xff,0x77,0xff,0x5d,0xff,0x77,0xef,0x5d,0xef,0x57,0xdf,0xdd,0xff,0x77,0xff,0xdd,0xff,0x77,0xff,0xdd,0xff,0x76,0xfe,0xdc,0xfe,0x77,0xff,0xdd
  },
  { // 169
    0x00,0x00,0x00,0x00,0x00,0x00,0x00,0x00,0x00,0x00,0x00,0x00,0x00,0x00,0x00,0x00,0x00,0x00,0x00,0x00,0x00,0x00,0x00,0x00,0x00,0x00,0x00,0x00,0x80,0x00,0x00,0x00,
    0x00,0x00,0x00,0x00,0x80,0x00,0x80,0x00,0x80,0x00,0x88,0x00,0x80,0x00,0x80,0x00,0x80,0x00,0x00,0x00,0x00,0x00,0x00,0x00,0x00,0x10,0x80,0x00,0x80,0x80,0x80,0x00,
    0x80,0xc0,0x80,0x00,0xc0,0x80,0x80,0x00,0x80,0xc0,0x80,0x40,0xc0,0xc0,0x80,0x40,0x80,0xc0,0x80,0x00,0x90,0x80,0x80,0x00,0x80,0xc0,0xa0,0x40,0xe0,0x40,0xe0,0x60,
    0xe0,0xc0,0xe0,0x60,0xe0,0xc1,0xe3,0x61,0xe3,0xc1,0xe3,0x41,0xe3,0xd1,0xf3,0x77,0xff,0xd5,0xff,0x77,0xff,0xdd,0xff,0x77,0xff,0xdd,0xff,0x77,0xff,0xdd,0xff,0x77,
    0x00,0x00,0x02,0x00,0x00,0x00,0x02,0x00,0x02,0x00,0x02,0x00,0x02,0x04,0x02,0x04,0x02,0x04,0x02,0x00,0x00,0x04,0x00,0x00,0x08,0x44,0x00,0x01,0x28,0x01,0x02,0x45,
    0x02,0x01,0x03,0x03,0x07,0x05,0x07,0x07,0x0f,0x05,0x0f,0x07,0x0f,0x2d,0x0f,0x07,0x0f,0x0d,0x0f,0x17,0x0f,0x1d,0x0e,0x16,0x0e,0x44,0x0e,0x04,0x8e,0x0d,0x8f,0x05,
    0x8f,0x8d,0x8b,0x01,0x8b,0x81,0x8b,0x13,0x8f,0x95,0x9f,0x17,0xbf,0x1d,0xaf,0x17,0x2f,0x0d,0x2f,0x17,0xbf,0xdd,0xbf,0x57,0xff,0xdd,0xff,0x77,0xff,0xdd,0xfb,0x77,
    0xff,0xd5,0xff,0x77,0xff,0xdd,0xff,0x77,0xef,0xcd,0xef,0x57,0xdf,0xdd,0xbf,0x57,0xff,0xdd,0xbf,0x77,0xff,0x5d,0x7f,0x77,0xfe,0x5d,0xff,0x77,0xff,0xdd,0xff,0x77,
    0x0e,0x04,0x0e,0x04,0x0e,0x04,0x0e,0x04,0x0e,0x1c,0x1e,0x14,0x1e,0x1c,0x1e,0x14,0x1e,0x14,0x1a,0x10,0x0e,0x14,0x2e,0x14,0x0e,0x1c,0x0e,0x05,0x0e,0x05,0x0b,0x01,
    0x0b,0x15,0x0b,0x17,0x1f,0x1d,0x3f,0x17,0x3f,0x1d,0x2e,0x16,0x2e,0x1c,0x3e,0x14,0x3e,0x1d,0x3f,0x35,0x3f,0x1d,0x3b,0x31,0x3b,0x11,0x3a,0x3f,0x3f,0x35,0x3f,0x37,
    0x2f,0x4d,0x2f,0x07,0x0f,0x0d,0x0f,0x17,0x1f,0x1d,0x3f,0x37,0x3f,0x1d,0x3f,0x77,0x7f,0x5c,0x3e,0x76,0x7e,0x5c,0x7f,0x77,0xff,0x5d,0xff,0x75,0xfb,0xd9,0xfb,0x73,
    0xfb,0xdd,0xff,0x77,0xff,0xdd,0xff,0x77,0xef,0xcd,0xef,0x57,0xff,0xdd,0xff,0x77,0xff,0xdd,0xff,0x77,0xff,0xdd,0xff,0x77,0xfe,0x5d,0xfe,0x77,0xff,0xdd,0xff,0x77,
    0x00,0x00,0x00,0x00,0x00,0x00,0x00,0x00,0x00,0x00,0x00,0x00,0x00,0x00,0x00,0x00,0x00,0x00,0x00,0x00,0x00,0x00,0x00,0x00,0x00,0x02,0x00,0x00,0x00,0x00,0x00,0x00,
    0x00,0x00,0x00,0x00,0x00,0x00,0x00,0x00,0x00,0x00,0x00,0x00,0x00,0x00,0x00,0x00,0x00,0x00,0x00,0x20,0x00,0x00,0x00,0x00,0x01,0x00,0x00,0x00,0x00,0x00,0x00,0x00,
    0x00,0x00,0x00,0x00,0x08,0x00,0x08,0x00,0x08,0x18,0x18,0x10,0x38,0x18,0x38,0x10,0x38,0x10,0x38,0x30,0x38,0x54,0x78,0x74,0x7c,0x5c,0x78,0x70,0x78,0x58,0x78,0x50,
    0xfa,0x51,0xbb,0x77,0xff,0x5d,0xbf,0x77,0xff,0x5d,0x3f,0x77,0x7e,0x5d,0xff,0x77,0xff,0xdd,0xff,0x77,0xff,0xdd,0xff,0x77,0xff,0xdd,0xff,0x77,0xff,0xdd,0xff,0x77
  },
  { // 170
    0x00,0x00,0x00,0x00,0x00,0x00,0x00,0x00,0x00,0x00,0x00,0x00,0x00,0x00,0x00,0x08,0x00,0x00,0x00,0x00,0x00,0x00,0x00,0x00,0x00,0x00,0x00,0x00,0x00,0x00,0x00,0x00,
    0x00,0x00,0x00,0x00,0x00,0x00,0x04,0x00,0x00,0x00,0x00,0x04,0x00,0x00,0x00,0x00,0x00,0x80,0x80,0x00,0x08,0x00,0x00,0x00,0x00,0x00,0x80,0x00,0x80,0x00,0x80,0x80,
    0x80,0x00,0xa0,0x80,0xa0,0x00,0xa0,0x80,0x80,0x00,0x80,0x00,0x80,0x00,0x00,0x00,0x00,0x00,0x80,0x40,0x80,0x40,0xc0,0xc0,0x80,0x40,0xc0,0xc0,0x80,0x40,0xe2,0xc0,
    0xe2,0x41,0xe2,0xc5,0xe3,0x45,0xe7,0xc5,0xe3,0x45,0xcf,0xc5,0xef,0x57,0xff,0xdd,0xbf,0x37,0xbf,0x1d,0xbf,0x77,0xff,0x5d,0xff,0x77,0xff,0xdd,0xff,0x77,0xff,0xdd,
    0x02,0x00,0x02,0x04,0x02,0x04,0x0e,0x04,0x0a,0x04,0x0e,0x04,0x0a,0x00,0x0a,0x00,0x02,0x80,0x02,0x08,0x02,0x04,0x0f,0x04,0x82,0x00,0x08,0x00,0x00,0x01,0x0a,0x01,
    0x0b,0x07,0x0f,0x05,0x0f,0x07,0x0f,0x05,0x1e,0x46,0x0e,0x0c,0x0e,0x06,0x0e,0x1d,0x1e,0x15,0x1e,0x3f,0x1a,0x11,0x1a,0x11,0x1b,0x13,0x3f,0x15,0x3f,0x17,0xaf,0x05,
    0x0f,0x07,0x8f,0x05,0x8f,0x07,0x8f,0x1d,0x9f,0x17,0x9f,0x1d,0x3f,0x17,0x3f,0x1d,0x3f,0x37,0x3e,0x7d,0xfe,0x77,0xfe,0xfd,0xff,0xf5,0xfd,0xdd,0xfb,0x71,0xfb,0xdd,
    0xfb,0x77,0xff,0xd5,0xff,0x77,0xef,0xc5,0xef,0x47,0xef,0xdd,0xff,0x77,0xff,0xdd,0xff,0x77,0xff,0xdd,0xbf,0x77,0xff,0xdd,0xff,0x77,0xff,0xdd,0xff,0x77,0xff,0xdd,
    0x0a,0x04,0x0e,0x04,0x0e,0x04,0x0e,0x1c,0x1e,0x14,0x1c,0x1c,0x18,0x10,0x18,0x19,0x38,0x10,0x38,0x10,0x3a,0x10,0x3a,0x14,0x26,0x04,0x2e,0x04,0x0e,0x04,0x0e,0x0c,
    0x0e,0x17,0x1e,0x1d,0x3e,0x17,0x3e,0x3c,0x3e,0x36,0x3e,0x3c,0x3e,0x36,0x3e,0x1c,0x3e,0x34,0x3d,0x5c,0x38,0x10,0x38,0x59,0x3b,0x31,0x3b,0x55,0x3f,0x37,0x3f,0x55,
    0x2f,0x07,0x2f,0x4d,0x2f,0x57,0x7f,0x5d,0x3f,0x57,0x7f,0x5d,0x3f,0x37,0x3f,0x5d,0x7f,0x77,0x7e,0x5d,0xff,0x77,0xfe,0x5d,0xfe,0x7d,0xff,0xdd,0xff,0x75,0xff,0xdd,
    0xff,0x77,0xff,0xdf,0xff,0x77,0xbf,0x5d,0x3f,0x77,0xff,0x5d,0xff,0x77,0xff,0xdd,0xff,0x77,0xff,0xdd,0xff,0x77,0xff,0xdd,0xff,0x77,0xff,0xdd,0xff,0x77,0xff,0xd5,
    0x00,0x00,0x00,0x00,0x00,0x00,0x00,0x00,0x00,0x00,0x00,0x00,0x00,0x00,0x00,0x00,0x00,0x00,0x00,0x00,0x00,0x02,0x00,0x00,0x00,0x00,0x00,0x00,0x00,0x00,0x00,0x00,
    0x00,0x00,0x00,0x00,0x00,0x00,0x00,0x00,0x00,0x00,0x00,0x00,0x08,0x00,0x02,0x00,0x00,0x00,0x00,0x00,0x00,0x00,0x00,0x00,0x00,0x00,0x00,0x00,0x00,0x00,0x00,0x00,
    0x00,0x00,0x00,0x00,0x00,0x00,0x28,0x00,0x28,0x10,0x28,0x10,0x38,0x10,0x38,0x10,0x38,0x30,0x38,0x50,0x38,0x70,0x78,0x50,0x70,0x60,0x60,0x40,0x60,0x44,0xec,0x4d,
    0xff,0x55,0xff,0xdd,0xbf,0x17,0xbf,0x1d,0x3f,0x37,0x3f,0x5d,0xfe,0x77,0xfe,0xdd,0xfe,0x75,0xfe,0xdd,0xfd,0x75,0xfd,0xdd,0xfb,0x77,0xff,0xdd,0xff,0x77,0xff,0xd5
  },
  { // 171
    0x00,0x00,0x00,0x00,0x00,0x00,0x00,0x00,0x00,0x00,0x00,0x08,0x00,0x00,0x00,0x00,0x00,0x00,0x00,0x00,0x00,0x00,0x00,0x00,0x00,0x00,0x00,0x00,0x00,0x00,0x00,0x00,
    0x00,0x00,0x00,0x02,0x00,0x00,0x02,0x00,0x00,0x80,0x00,0x00,0x00,0x00,0x00,0x00,0x08,0x00,0x00,0x00,0x00,0x00,0x00,0x00,0x80,0x00,0x00,0x00,0x80,0x00,0x80,0x80,
    0x80,0x00,0x80,0x00,0x80,0x80,0x80,0x00,0x80,0x00,0x80,0x00,0x80,0x40,0x00,0x40,0x00,0x40,0x82,0x00,0x80,0x40,0x80,0x00,0x80,0xc0,0x80,0x40,0xc0,0xc1,0xc3,0x41,
    0xc3,0xc1,0xc3,0x43,0xc3,0xc5,0xe7,0x47,0xef,0xc5,0xef,0x47,0xef,0xdd,0xff,0x57,0xbf,0xdd,0xbf,0x37,0xff,0xdd,0xff,0x77,0xff,0xdd,0xff,0x77,0xfe,0xdd,0xfe,0x75,
    0x02,0x04,0x02,0x04,0x0e,0x04,0x0e,0x04,0x0c,0x8c,0x08,0x00,0x0c,0x00,0x08,0x00,0x08,0x00,0x0a,0x00,0x0a,0x00,0x02,0x00,0x02,0x04,0x02,0x84,0x0e,0x04,0x0e,0x05,
    0x0e,0x0d,0x2f,0x37,0x0e,0x5d,0x1e,0x16,0x1e,0x1c,0x1e,0x16,0x3e,0x9c,0x3e,0x14,0x3e,0x1c,0x3c,0x14,0x18,0x19,0x3b,0x11,0x3b,0x1d,0x3b,0x17,0x3f,0x15,0x27,0x07,
    0x2f,0x05,0x2f,0x07,0x2f,0x1d,0x3f,0x17,0xbf,0x1d,0x3f,0x17,0x3f,0x1d,0x3f,0x37,0xbf,0x5d,0xff,0x77,0xfe,0x5c,0xfe,0x74,0xfe,0xdd,0xff,0x75,0xff,0xdd,0xff,0xf7,
    0xff,0xdd,0xff,0xf7,0xbf,0x95,0xbf,0x37,0xff,0x5d,0xff,0x77,0xff,0xdd,0xff,0x77,0xff,0xdd,0xff,0x7f,0xff,0xdd,0xff,0x77,0xff,0xdd,0xff,0x77,0xff,0xd5,0xff,0x77,
    0x08,0x10,0x18,0x10,0x38,0x14,0x38,0x14,0x3c,0x1c,0x39,0x10,0x28,0x10,0x28,0x10,0x28,0x10,0x38,0x11,0x38,0x10,0x32,0x10,0x22,0x04,0x22,0x04,0x2e,0x04,0x2e,0x14,
    0x2e,0x1c,0x3e,0x14,0x3e,0x1c,0x3e,0x14,0x3e,0x1c,0x3e,0x34,0x3e,0x7c,0x3e,0x74,0x7e,0x74,0x7c,0x74,0x6c,0x4c,0x6a,0x54,0x7e,0x5d,0x7f,0x77,0x3f,0x3d,0x3f,0x37,
    0x3f,0x15,0x3e,0x37,0x7e,0x5d,0x7e,0x77,0x7e,0x5c,0x7e,0x74,0xfe,0xdc,0xfe,0x75,0xff,0xdd,0xff,0xf7,0xff,0xdd,0xff,0x77,0xfe,0xd5,0xef,0x67,0xef,0xdf,0xff,0x77,
    0xff,0xdd,0xff,0x57,0xbf,0x9d,0xbf,0x37,0xbf,0x5d,0xff,0x77,0xff,0x5d,0xff,0x77,0xfe,0xdc,0xfe,0x75,0xff,0xdd,0xff,0x77,0xff,0xdd,0xff,0x77,0xff,0xd5,0xf7,0x77,
    0x00,0x00,0x00,0x00,0x00,0x00,0x00,0x00,0x00,0x00,0x00,0x00,0x00,0x00,0x00,0x00,0x00,0x00,0x00,0x01,0x00,0x00,0x00,0x00,0x00,0x00,0x00,0x00,0x00,0x00,0x00,0x00,
    0x00,0x00,0x00,0x00,0x00,0x00,0x00,0x04,0x08,0x00,0x00,0x00,0x00,0x00,0x00,0x00,0x00,0x00,0x00,0x00,0x00,0x00,0x00,0x00,0x00,0x00,0x00,0x00,0x00,0x00,0x00,0x00,
    0x00,0x00,0x00,0x00,0x00,0x00,0x20,0x00,0x20,0x00,0x20,0x00,0x20,0x40,0x20,0x50,0x68,0x70,0x70,0x50,0x78,0x50,0x30,0x10,0x20,0x40,0x20,0x40,0xe8,0x45,0xe8,0x55,
    0xed,0x5d,0xff,0x55,0xbf,0x5d,0xbb,0x15,0xbf,0x5d,0xff,0x77,0xff,0xdd,0xfe,0x76,0xfe,0xdc,0xfe,0x74,0xff,0xdd,0xff,0x77,0xff,0xdd,0xff,0x77,0xff,0xdd,0xff,0x77
  },
  { // 172
    0x00,0x00,0x00,0x00,0x00,0x00,0x00,0x10,0x00,0x00,0x00,0x00,0x00,0x00,0x00,0x00,0x00,0x00,0x00,0x00,0x00,0x00,0x00,0x00,0x00,0x00,0x00,0x00,0x00,0x00,0x01,0x00,
    0x00,0x00,0x00,0x00,0x00,0x00,0x00,0x00,0x00,0x00,0x00,0x08,0x00,0x00,0x00,0x00,0x00,0x00,0x00,0x00,0x00,0x40,0x40,0x00,0x00,0x00,0x00,0x00,0x00,0x00,0x00,0x00,
    0x00,0x00,0x00,0x00,0x00,0x00,0x40,0x00,0x40,0x00,0x40,0x00,0x00,0x00,0x80,0x00,0x03,0x00,0x82,0x00,0x02,0x00,0x80,0x04,0x80,0x04,0x8e,0x85,0x8b,0x05,0x8b,0x87,
    0x8b,0x03,0x8b,0x85,0x8f,0x17,0x8f,0x9d,0xbf,0x57,0xff,0x5d,0xff,0x57,0xfe,0x5d,0xff,0x75,0xff,0xdd,0xff,0x77,0xff,0xdd,0xff,0x77,0xff,0xd5,0xff,0x77,0xff,0xdd,
    0x08,0x10,0x08,0x14,0x1a,0x14,0x0c,0x14,0x08,0x00,0x08,0x00,0x08,0x00,0x08,0x10,0x08,0x10,0x08,0x90,0x4a,0x10,0x02,0x00,0x02,0x04,0x0e,0x44,0x2e,0x46,0x2e,0x0d,
    0x0e,0x94,0x0e,0x1c,0x1e,0x14,0x7e,0x1c,0x3e,0x3c,0x3e,0x1c,0x3e,0x34,0x3e,0x14,0x3a,0x34,0x2e,0x54,0x2e,0x74,0x7e,0x5d,0x3f,0x15,0x1f,0x1d,0x1b,0x17,0x3f,0x1d,
    0x3f,0x37,0x3f,0x5d,0x3f,0x77,0x7e,0x5c,0x3e,0x76,0x7e,0x5c,0xfe,0x75,0xff,0xdd,0xff,0x77,0xff,0xdd,0xfb,0x73,0xfb,0xd5,0xf7,0x77,0xff,0xdd,0xff,0x77,0xff,0xdd,
    0xff,0x57,0xdf,0xdd,0xbf,0x17,0xbf,0xdd,0xff,0x77,0xff,0x5d,0xff,0x77,0xfe,0x5c,0xfe,0x74,0xff,0xdd,0xff,0x77,0xff,0xdd,0xfb,0x73,0xfb,0xd1,0xfb,0x77,0xff,0xd5,
    0x18,0x10,0x3a,0x10,0x38,0x10,0x38,0x10,0x30,0x10,0x20,0x00,0x22,0x00,0x28,0x40,0x28,0x00,0x28,0x00,0x08,0x00,0x08,0x10,0x08,0x10,0x38,0x14,0x38,0x34,0x3c,0x1c,
    0x7c,0x34,0x3c,0x5c,0x38,0x54,0x78,0x7c,0x78,0x70,0xf8,0x78,0x78,0x70,0xf8,0x50,0x70,0x70,0xe0,0x54,0xee,0x74,0xee,0x6c,0xee,0x74,0xce,0x5c,0x9e,0x14,0x9e,0x1c,
    0xbe,0x36,0xbe,0x5c,0x3e,0x76,0x7e,0x5c,0x7e,0x74,0xfe,0x5c,0xfc,0x74,0xfc,0xdf,0xff,0x75,0xfb,0xd9,0xfb,0x73,0xfb,0xd5,0xf7,0x77,0xff,0xdd,0xff,0x77,0xff,0xdd,
    0xff,0x57,0xff,0xdd,0xff,0x77,0xff,0xdd,0xff,0x77,0xff,0xdd,0xff,0x7f,0xfe,0xdc,0xfe,0x76,0xfe,0xdd,0xff,0x77,0xff,0xdd,0xff,0x77,0xff,0xdd,0xff,0x77,0xff,0xdd,
    0x00,0x00,0x00,0x00,0x00,0x00,0x00,0x00,0x00,0x00,0x00,0x00,0x00,0x00,0x00,0x01,0x00,0x00,0x00,0x00,0x00,0x00,0x00,0x00,0x00,0x00,0x00,0x00,0x00,0x10,0x00,0x00,
    0x00,0x00,0x00,0x00,0x00,0x00,0x00,0x00,0x00,0x00,0x00,0x00,0x00,0x00,0x00,0x00,0x00,0x00,0x00,0x00,0x10,0x00,0x00,0x00,0x00,0x00,0x00,0x00,0x00,0x00,0x00,0x00,
    0x00,0x00,0x00,0x00,0x00,0x00,0x00,0x02,0x03,0x01,0x00,0x00,0x60,0x02,0x60,0x40,0x60,0x41,0xc0,0x41,0x81,0x01,0x81,0x01,0x81,0x01,0xa1,0x11,0xb3,0x31,0xab,0x51,
    0x2b,0x71,0x6a,0x50,0xfa,0x71,0xfb,0xdd,0xfb,0x75,0xfb,0xdd,0xfb,0x71,0xfb,0xd1,0xf3,0x73,0xff,0xd5,0xff,0x77,0xff,0xdd,0xef,0x77,0xef,0xdd,0xdf,0x57,0xff,0xdd
  },
  { // 173
    0x00,0x00,0x00,0x00,0x10,0x00,0x00,0x00,0x00,0x00,0x00,0x00,0x00,0x00,0x00,0x00,0x00,0x00,0x00,0x00,0x00,0x00,0x00,0x00,0x00,0x00,0x00,0x00,0x00,0x00,0x00,0x00,
    0x00,0x00,0x00,0x00,0x00,0x00,0x00,0x00,0x08,0x00,0x00,0x00,0x00,0x00,0x20,0x00,0x00,0x00,0x00,0x00,0x00,0x00,0x00,0x00,0x00,0x00,0x00,0x00,0x00,0x00,0x00,0x00,
    0x00,0x00,0x00,0x00,0x00,0x00,0x00,0x00,0x08,0x04,0x0a,0x00,0x08,0x04,0x08,0x00,0x08,0x00,0x80,0x00,0x82,0x00,0x82,0x00,0x8e,0x04,0x8e,0x07,0x8e,0x05,0x8f,0x05,
    0x8f,0x8d,0x8f,0x17,0x9f,0x9d,0xbf,0x17,0xbf,0x1d,0x3f,0x37,0x3e,0xdc,0xfe,0x76,0xfe,0xdd,0xff,0x75,0xff,0xdd,0xff,0x71,0xfb,0xd9,0xfb,0x73,0xff,0xd5,0xff,0x77,
    0x18,0x18,0x38,0x10,0x38,0x10,0x38,0x10,0x30,0x10,0x20,0x10,0x68,0x04,0x68,0x00,0x28,0x00,0x08,0x00,0x08,0x00,0x88,0x10,0x1c,0x94,0x3e,0x1c,0x3e,0x1c,0xbe,0x14,
    0x3e,0x3c,0x3c,0x14,0x3c,0x5c,0x3c,0x74,0x7c,0x5c,0x38,0x70,0x38,0x50,0x32,0x70,0x72,0x54,0x7e,0x74,0x6e,0x54,0x6e,0x44,0xee,0x4c,0x0e,0x14,0x9e,0x1c,0xbe,0x17,
    0xbe,0x1d,0x3e,0x37,0x3f,0x5c,0x3e,0x76,0x7e,0x7c,0xfe,0x74,0xfe,0xdc,0xfe,0x75,0xff,0xdd,0xfb,0x71,0xfb,0xd1,0xfb,0x77,0xff,0xd5,0xff,0x77,0xff,0xdd,0xef,0x47,
    0xef,0xdd,0xff,0x57,0xff,0xdd,0xff,0x77,0xff,0xdd,0xff,0x77,0xfe,0x5d,0xfe,0x77,0xfe,0xdd,0xff,0x77,0xff,0xdd,0xff,0x7d,0xff,0xdd,0xfb,0x77,0xff,0xdd,0xff,0x77,
    0x20,0x10,0x30,0x10,0x20,0x10,0x20,0x14,0x20,0x00,0x20,0x00,0xa0,0x40,0x20,0x40,0x60,0x40,0x00,0x00,0x08,0x00,0x08,0x10,0x18,0x10,0x38,0x10,0x38,0x10,0x38,0x30,
    0x38,0x50,0x38,0x70,0x78,0x50,0xf8,0x70,0xf8,0x58,0xf8,0x70,0xf8,0xd0,0xf0,0x50,0xf8,0xd0,0xf0,0x72,0xfa,0x54,0xec,0x74,0xec,0x4c,0x2c,0x54,0xfc,0x5c,0xfc,0x74,
    0xfc,0xdc,0xfe,0x74,0xfc,0x5c,0xfa,0x70,0xf8,0x54,0xff,0x74,0xfe,0xdc,0xfe,0x74,0xfc,0xdd,0xfb,0x51,0xfb,0xdd,0xfb,0x57,0xff,0xdd,0xff,0x77,0xff,0x5d,0xff,0x77,
    0x7e,0x5d,0xfe,0x77,0xff,0xdd,0xff,0x77,0xff,0xdd,0xff,0x75,0xfb,0xdd,0xfb,0x77,0xff,0xdd,0xff,0x77,0xff,0xdd,0xff,0x77,0xef,0xcd,0xef,0x57,0xff,0xdd,0xff,0x77,
    0x00,0x00,0x00,0x00,0x00,0x00,0x00,0x00,0x00,0x00,0x00,0x00,0x00,0x00,0x00,0x00,0x00,0x00,0x00,0x00,0x00,0x00,0x20,0x00,0x01,0x00,0x00,0x00,0x00,0x00,0x00,0x00,
    0x00,0x00,0x00,0x00,0x00,0x00,0x00,0x00,0x00,0x00,0x00,0x00,0x00,0x00,0x08,0x00,0x00,0x00,0x00,0x00,0x00,0x00,0x00,0x00,0x00,0x00,0x00,0x00,0x00,0x00,0x00,0x00,
    0x00,0x04,0x04,0x00,0x00,0x01,0x01,0x04,0x00,0x40,0x00,0x01,0x00,0x01,0x01,0x01,0x01,0x01,0x01,0x01,0x01,0x01,0x01,0x01,0x83,0x01,0x83,0x01,0xa3,0x01,0x23,0x11,
    0x22,0x50,0x62,0x70,0xfa,0x55,0xfb,0x75,0xfb,0xdd,0xf9,0x71,0xf9,0xd1,0xfb,0x73,0xfb,0xd5,0xff,0x77,0xff,0xd5,0xff,0x77,0xff,0xcd,0xef,0x57,0xff,0xdd,0xff,0x77
  },
  { // 174
    0x00,0x20,0x00,0x00,0x40,0x00,0x00,0x00,0x00,0x00,0x00,0x00,0x00,0x00,0x00,0x00,0x00,0x00,0x00,0x00,0x00,0x00,0x00,0x00,0x00,0x01,0x00,0x00,0x00,0x00,0x00,0x00,
    0x00,0x00,0x00,0x00,0x08,0x00,0x08,0x00,0x00,0x00,0x00,0x00,0x00,0x00,0x40,0x00,0x00,0x00,0x00,0x00,0x00,0x00,0x00,0x00,0x00,0x00,0x00,0x00,0x00,0x00,0x08,0x00,
    0x00,0x00,0x08,0x00,0x00,0x00,0x08,0x04,0x08,0x04,0x0c,0x4c,0x08,0x40,0x08,0x40,0x08,0x10,0x08,0x10,0x0a,0x10,0x1a,0x14,0x3e,0x16,0x2e,0x04,0x2e,0x06,0x0e,0x0c,
    0x0e,0x17,0xbf,0x1d,0xbf,0x17,0xbf,0x1d,0xbf,0x37,0xbe,0x5d,0xbe,0x76,0xfe,0xdd,0xfe,0x77,0xff,0xdd,0xff,0x75,0xff,0xdd,0xfb,0x77,0xff,0xdd,0xff,0x77,0xff,0xdd,
    0x38,0x10,0x38,0x10,0x38,0x58,0x38,0x10,0x30,0x70,0x30,0x50,0x20,0x70,0x28,0x40,0x20,0x00,0x08,0x00,0x08,0x00,0x08,0x1c,0x38,0x14,0x3c,0x1c,0x38,0x34,0x38,0x14,
    0x38,0x74,0x7c,0x5c,0x7c,0x74,0xfc,0x5c,0xf8,0x70,0xf8,0x58,0xf8,0x50,0xf8,0x50,0xfa,0x70,0xfe,0x54,0xfe,0x74,0xee,0x44,0x2e,0x44,0xee,0x5c,0xfe,0x54,0xfe,0xdc,
    0xfe,0x74,0xfe,0x7c,0xbe,0x74,0xfe,0x5c,0xfe,0x74,0xfe,0xdc,0xfe,0x74,0xfe,0xdc,0xfc,0x74,0xfa,0xdd,0xfb,0x77,0xff,0xdd,0xff,0x77,0xff,0xdd,0xbf,0x77,0xfe,0x5d,
    0x7e,0x77,0xff,0xdd,0xff,0x77,0xff,0xdd,0xff,0x75,0xff,0xdd,0xfb,0x77,0xff,0xdd,0xff,0x77,0xff,0xdd,0xff,0x77,0xef,0xcd,0xef,0x57,0xff,0xdd,0xff,0x77,0xff,0xdd,
    0x20,0x40,0x68,0x40,0x20,0x00,0x00,0x00,0x00,0x80,0x20,0x00,0x20,0x00,0x20,0x00,0x21,0x00,0x00,0x00,0x01,0x00,0x20,0x50,0x20,0x50,0xb9,0x50,0x30,0x10,0xb0,0x10,
    0x30,0x70,0xf0,0x50,0xf0,0x70,0xf0,0x50,0xe0,0x60,0xe0,0xc0,0xe0,0x40,0xe8,0xd0,0xf8,0x50,0xf8,0xd0,0xb8,0x10,0xb8,0x10,0x38,0x30,0x78,0x7c,0xf8,0x74,0xfc,0xdc,
    0xf8,0x70,0xf8,0xd8,0xf8,0x70,0xf8,0xd0,0xf8,0x71,0xf8,0xd5,0xfa,0x75,0xee,0xc5,0xea,0x65,0xef,0xcd,0xef,0x55,0xff,0xdd,0xff,0x57,0xbf,0x9d,0xbf,0x37,0xbf,0x5d,
    0x7e,0xf7,0xfe,0xdd,0xfe,0x77,0xfe,0xdd,0xff,0x75,0xfd,0xdd,0xfb,0x71,0xfb,0xdd,0xff,0x77,0xff,0xd5,0xff,0x77,0xef,0xc5,0xef,0x77,0xff,0xdd,0xff,0x77,0xff,0xdd,
    0x00,0x00,0x00,0x00,0x00,0x00,0x00,0x00,0x00,0x00,0x00,0x00,0x00,0x00,0x20,0x00,0x00,0x02,0x00,0x00,0x00,0x00,0x00,0x00,0x04,0x00,0x00,0x00,0x00,0x00,0x00,0x00,
    0x00,0x00,0x00,0x00,0x00,0x00,0x00,0x00,0x04,0x00,0x00,0x00,0x00,0x00,0x00,0x00,0x00,0x01,0x00,0x01,0x00,0x01,0x00,0x00,0x00,0x00,0x00,0x08,0x08,0x00,0x00,0x00,
    0x00,0x00,0x04,0x00,0x00,0x81,0x00,0x01,0x01,0x01,0x01,0x01,0x03,0x01,0x03,0x01,0x03,0x01,0x03,0x01,0x03,0x01,0x03,0x01,0x03,0x01,0x83,0x01,0x03,0x01,0x83,0x01,
    0x23,0x43,0xe3,0x45,0xe3,0x67,0xe7,0xc5,0xe3,0x61,0xe9,0xc5,0xeb,0x51,0xef,0xdd,0xff,0x77,0xff,0xfd,0xbf,0x37,0xbf,0x55,0xbf,0x77,0xff,0xdd,0xff,0x77,0xff,0xdd
  },
  { // 175
    0x00,0x00,0x00,0x00,0x00,0x00,0x00,0x00,0x00,0x00,0x00,0x00,0x00,0x00,0x00,0x00,0x00,0x00,0x00,0x00,0x00,0x00,0x00,0x00,0x00,0x00,0x00,0x00,0x00,0x04,0x00,0x10,
    0x00,0x00,0x00,0x00,0x00,0x00,0x00,0x20,0x00,0x00,0x00,0x00,0x00,0x00,0x00,0x00,0x00,0x00,0x00,0x00,0x00,0x00,0x00,0x00,0x00,0x00,0x00,0x00,0x08,0x10,0x08,0x00,
    0x08,0x00,0x08,0x10,0x18,0x10,0x38,0x10,0x38,0x14,0x38,0x10,0x28,0x10,0x20,0x00,0x28,0x04,0x28,0x14,0x3e,0x1c,0x3a,0x14,0x1e,0x14,0x3e,0x16,0x3e,0x1c,0x3e,0x36,
    0x7e,0x5c,0x7e,0x76,0xfe,0x5c,0xfe,0x74,0xfc,0xdc,0xfe,0x75,0xff,0xdd,0xff,0x77,0xff,0xd5,0xff,0x77,0xef,0xc5,0xef,0x77,0xff,0xdd,0xff,0x77,0xff,0xdd,0xff,0x17,
    0x78,0xc0,0x60,0x40,0xe8,0x40,0xf0,0x50,0xf8,0x50,0xb0,0x14,0xa0,0x00,0x20,0x00,0x20,0x00,0x28,0x40,0x68,0x58,0x78,0x50,0xf8,0x58,0x38,0x10,0xb8,0x58,0xb8,0x70,
    0xf8,0x50,0xf8,0x70,0xf8,0x50,0xf0,0x70,0xe8,0xc0,0xe8,0x40,0xe8,0xdc,0xf8,0x50,0xf8,0xdc,0xb8,0x10,0xb9,0x15,0x3c,0x34,0x3c,0x5c,0x7c,0x74,0xfc,0x5c,0xfc,0x74,
    0xfc,0xdc,0xf8,0x70,0xf8,0xd8,0xf8,0x70,0xfa,0xdc,0xfa,0x74,0xfe,0xd4,0xe6,0x64,0xee,0xcc,0xee,0x76,0xfe,0xdc,0xfe,0x57,0xfe,0xdd,0xbe,0x17,0xbe,0x5d,0xbe,0x77,
    0xfe,0xde,0xfe,0x76,0xfe,0xdc,0xfe,0x74,0xfc,0xdd,0xff,0x75,0xff,0xdd,0xff,0x77,0xff,0xd5,0xff,0x77,0xff,0xd5,0xff,0xf7,0xff,0xdd,0xff,0x77,0xff,0xdd,0xff,0x77,
    0x00,0x40,0x00,0x00,0x00,0x40,0x00,0x00,0x80,0x02,0x80,0x00,0x80,0x00,0x01,0x00,0x00,0x00,0x20,0x00,0x20,0x40,0x21,0x40,0xe0,0x40,0x60,0x40,0xe0,0x40,0xe0,0x40,
    0xe0,0xd0,0xe0,0x70,0xe0,0xc0,0xe0,0x40,0xe0,0x40,0xe0,0x40,0xe0,0xc0,0xe0,0x40,0xe0,0xc0,0xa0,0x11,0xb8,0x10,0xb0,0x10,0xb8,0x50,0xf8,0x70,0xf8,0x50,0xf8,0x70,
    0xf8,0xd0,0xf8,0x70,0xf8,0xd1,0xf9,0x71,0xf9,0xd1,0xfb,0x71,0xf3,0xd1,0xa3,0x71,0xeb,0xd5,0xef,0x77,0xff,0xdf,0xff,0x77,0xff,0xdd,0xff,0x55,0xff,0xdd,0xff,0x77,
    0xff,0xdd,0xff,0x77,0xfe,0xdd,0xfe,0x74,0xff,0xdd,0xff,0x75,0xff,0xdd,0xff,0x77,0xff,0xdd,0xff,0x57,0xbf,0xdd,0xbf,0x77,0xff,0xdd,0xff,0x77,0xff,0xdd,0xff,0x77,
    0x00,0x00,0x00,0x00,0x00,0x10,0x00,0x02,0x00,0x00,0x00,0x00,0x00,0x00,0x00,0x00,0x00,0x00,0x08,0x00,0x00,0x00,0x00,0x00,0x00,0x00,0x01,0x00,0x00,0x00,0x00,0x00,
    0x00,0x04,0x00,0x01,0x00,0x01,0x00,0x01,0x00,0x02,0x00,0x01,0x00,0x01,0x00,0x01,0x00,0x01,0x00,0x01,0x10,0x11,0x00,0x01,0x00,0x01,0x01,0x09,0x00,0x01,0x02,0x02,
    0x80,0x00,0x00,0x00,0x00,0x01,0x03,0x01,0x03,0x01,0x03,0x01,0x03,0x01,0x03,0x03,0x03,0x01,0x03,0x03,0x03,0x05,0x03,0x03,0x02,0x04,0x02,0x01,0x00,0x01,0x83,0x01,
    0x83,0xc1,0x83,0x43,0xe3,0xc1,0xa3,0x43,0xe3,0xc5,0xe7,0x47,0xef,0xc5,0xef,0x47,0xef,0xdd,0x9f,0x17,0x9f,0x9d,0xbf,0x37,0xff,0xdd,0xff,0x77,0xff,0xdd,0xfe,0x76
  },
  { // 176
    0x00,0x00,0x00,0x00,0x00,0x00,0x01,0x00,0x00,0x00,0x00,0x00,0x00,0x00,0x00,0x00,0x00,0x00,0x00,0x00,0x00,0x02,0x00,0x00,0x00,0x00,0x00,0x10,0x00,0x00,0x00,0x00,
    0x00,0x00,0x10,0x00,0x00,0x00,0x00,0x00,0x00,0x00,0x00,0x00,0x00,0x00,0x00,0x00,0x00,0x00,0x00,0x00,0x00,0x00,0x00,0x00,0x10,0x00,0x08,0x00,0x08,0x00,0x08,0x00,
    0x08,0x10,0x18,0x18,0x38,0x10,0x38,0x10,0x38,0x10,0x30,0x10,0x20,0x00,0x20,0x04,0xa8,0x04,0xac,0x4c,0xae,0x14,0x0e,0x1c,0x1e,0x14,0x3e,0x1c,0x3e,0x36,0x3e,0x5c,
    0x3e,0x76,0x7e,0x5c,0x7e,0x74,0xfc,0xdc,0xfc,0x74,0xfe,0xdd,0xff,0x77,0xfb,0xd9,0xfb,0x73,0xff,0xd5,0xff,0x77,0xff,0xdd,0xff,0x77,0xff,0xdd,0xff,0x57,0xff,0xdd,
    0x60,0x60,0xe0,0x41,0xe0,0x40,0xe0,0xc0,0xe0,0x40,0x88,0x00,0x80,0x10,0x80,0x10,0x34,0x30,0x38,0x50,0x78,0x70,0x78,0x50,0x78,0x70,0xf8,0x58,0xf8,0x70,0xf8,0xd8,
    0xf8,0x70,0xf8,0xd0,0xf0,0x70,0xe0,0xc0,0xe0,0x60,0xe8,0xc0,0xe8,0x50,0xe8,0xde,0xd8,0x50,0x98,0x18,0xb8,0x10,0xb8,0x5c,0xf8,0x74,0xfc,0x5c,0xfc,0x74,0xfc,0x5c,
    0xf8,0x74,0xf8,0xdc,0xf8,0x70,0xf8,0xd8,0xf8,0x70,0xf8,0xd0,0xf2,0x70,0xfe,0xd4,0xfe,0x76,0xfe,0xdc,0xfe,0x74,0xfe,0xdc,0xfe,0x54,0xfe,0xdc,0xfe,0x76,0xfe,0xdc,
    0xfe,0xf6,0xfe,0xdc,0xfe,0xf4,0xfe,0xdc,0xfe,0x75,0xff,0xdd,0xff,0x77,0xff,0xdd,0xff,0x5f,0xff,0xdd,0xbf,0x7f,0xff,0xdd,0xff,0x77,0xff,0x5d,0xff,0x77,0xff,0xdd,
    0x00,0x00,0x20,0x04,0x00,0x00,0x80,0x00,0x00,0x01,0x80,0x00,0x00,0x00,0x00,0x00,0x00,0x00,0x20,0x01,0x20,0x00,0x20,0x40,0x20,0x40,0xe0,0x40,0xe0,0x40,0xe0,0xc0,
    0xe0,0x40,0xe0,0xc0,0xa0,0x01,0x80,0x00,0xa0,0x01,0xa0,0x41,0xe0,0x41,0xe0,0x40,0xa0,0x40,0xc0,0x40,0xa0,0x51,0xf0,0xd1,0xf1,0x71,0xf0,0xd1,0xf0,0x70,0xf0,0x50,
    0xe0,0x70,0xe0,0xc1,0xe1,0x71,0xe9,0xd1,0xeb,0x51,0xeb,0xd1,0x83,0x11,0xbb,0xd1,0xbb,0x77,0xff,0x5d,0xff,0x77,0xff,0x5d,0xfe,0x75,0xfe,0xdd,0xff,0x75,0xff,0xdd,
    0xfb,0x71,0xfb,0xd1,0xfb,0x73,0xf3,0xd5,0xff,0x77,0xff,0xdd,0xff,0x77,0xef,0xdd,0xff,0x57,0xdf,0xdd,0xbf,0x77,0xff,0xdd,0xff,0x77,0xff,0x5d,0xff,0x77,0xfe,0xdc,
    0x02,0x00,0x00,0x00,0x00,0x00,0x00,0x00,0x00,0x00,0x00,0x00,0x00,0x08,0x00,0x00,0x00,0x00,0x00,0x00,0x01,0x00,0x00,0x00,0x00,0x00,0x00,0x04,0x00,0x00,0x00,0x00,
    0x00,0x01,0x00,0x05,0x01,0x01,0x01,0x01,0x01,0x01,0x01,0x01,0x01,0x01,0x11,0x00,0x00,0x00,0x00,0x00,0x00,0x00,0x10,0x01,0x01,0x01,0x01,0x05,0x85,0x01,0x01,0x01,
    0x03,0x01,0x03,0x01,0x03,0x03,0x03,0x01,0x03,0x01,0x03,0x01,0x03,0x03,0x03,0x01,0x03,0x03,0x03,0x05,0x03,0x07,0x06,0x04,0x02,0x04,0x06,0x04,0x06,0x05,0x87,0x05,
    0x83,0x01,0x83,0x81,0x83,0x03,0x83,0x85,0x87,0x87,0xef,0xc5,0xef,0x47,0xef,0x4d,0xef,0x47,0xcf,0xdd,0xff,0x57,0xff,0xdd,0xff,0x77,0xff,0xdd,0xff,0x77,0xfe,0xdd
  },
  { // 177
    0x00,0x00,0x00,0x00,0x00,0x00,0x00,0x00,0x00,0x00,0x00,0x00,0x04,0x00,0x00,0x00,0x00,0x00,0x00,0x00,0x00,0x00,0x20,0x00,0x00,0x00,0x00,0x08,0x00,0x00,0x00,0x00,
    0x00,0x00,0x00,0x00,0x00,0x00,0x00,0x00,0x00,0x00,0x00,0x00,0x00,0x00,0x00,0x00,0x00,0x20,0x00,0x08,0x00,0x00,0x10,0x08,0x10,0x20,0x10,0x28,0x10,0x20,0x10,0x28,
    0x10,0x68,0x10,0x28,0x10,0x38,0x10,0x28,0x10,0x60,0x10,0x60,0x10,0x70,0x10,0x3c,0x14,0x2c,0x14,0x2c,0x0c,0x2c,0x14,0x3c,0x5c,0x3e,0x54,0xfe,0x5c,0xfe,0x74,0xfe,
    0x5c,0xfa,0x74,0xfe,0x54,0xfe,0x74,0xfe,0xdc,0xfe,0x74,0xfe,0xdd,0xff,0x55,0xff,0xdd,0xff,0x77,0xff,0xdd,0xff,0x77,0xff,0x5d,0xff,0x77,0xff,0x5d,0xff,0x77,0xff,
    0x40,0xa0,0x60,0xe0,0x40,0xe0,0x40,0xe0,0x40,0x80,0x04,0x88,0x00,0xb0,0xb0,0xb8,0x50,0xb8,0x30,0xb8,0x50,0x30,0x70,0xf0,0x50,0xf0,0x70,0xf8,0xd0,0xf8,0x70,0xf8,
    0xd0,0xf8,0x50,0xe8,0xd0,0xb0,0x54,0xf8,0xd0,0xf8,0x70,0xf8,0x50,0xe8,0x50,0xe8,0x58,0xf8,0x50,0xf8,0xd8,0xf8,0x70,0xf8,0xd8,0xf8,0x70,0xf8,0xd0,0xf8,0x70,0xf8,
    0xd0,0xf8,0x74,0xfc,0xdc,0xf8,0x70,0xe8,0xc8,0xe8,0x50,0xf8,0xdc,0xfc,0x74,0xfe,0xdc,0xbe,0x74,0xfe,0x5c,0x7e,0x76,0xfe,0x5c,0xfe,0x74,0xfe,0xdc,0xfe,0x74,0xfc,
    0xdc,0xfa,0x70,0xfa,0xd1,0xfb,0x77,0xff,0xdd,0xff,0x77,0xef,0xcd,0xef,0xc7,0xef,0xdd,0xff,0x57,0xff,0xdd,0xff,0x77,0xff,0xdd,0xff,0x77,0xff,0x5d,0xfe,0x77,0xff,
    0x00,0x00,0x00,0x00,0x00,0x00,0x00,0x00,0x00,0x00,0x00,0x10,0x00,0x00,0x00,0x80,0x00,0x80,0x00,0x80,0x00,0x80,0x00,0x80,0x44,0xa0,0x40,0xe0,0x40,0xe0,0x40,0xc0,
    0xc0,0xc0,0x41,0x80,0xc1,0xc1,0x01,0xc1,0x81,0xe1,0x01,0xa1,0x01,0x20,0x00,0xa0,0x40,0x21,0x40,0xe0,0x40,0xe0,0x71,0xe0,0xd1,0xe1,0x71,0xe1,0xd1,0xe1,0x71,0xe1,
    0xd1,0xe3,0x71,0xe3,0xc9,0xe3,0x41,0xe3,0xc1,0xc3,0x41,0xcb,0xd1,0xfb,0x53,0xfb,0xdd,0xbb,0x73,0xbb,0x55,0x7a,0x76,0xfe,0x54,0xfe,0x75,0xfe,0xdd,0xff,0x75,0xf9,
    0xd9,0xfb,0x71,0xfb,0xd1,0xfb,0x77,0xff,0xd5,0xff,0x77,0xff,0xdd,0xef,0x77,0xef,0xdf,0xff,0x77,0xff,0xdd,0xff,0x77,0xff,0xdd,0xff,0x77,0xff,0xdd,0xff,0x77,0xff,
    0x00,0x00,0x00,0x00,0x00,0x00,0x00,0x10,0x00,0x00,0x00,0x00,0x01,0x00,0x00,0x00,0x00,0x00,0x00,0x00,0x04,0x00,0x00,0x00,0x00,0x00,0x00,0x04,0x00,0x00,0x01,0x00,
    0x00,0x00,0x00,0x00,0x01,0x00,0x01,0x01,0x01,0x01,0x01,0x01,0x01,0x00,0x00,0x08,0x00,0x00,0x00,0x00,0x00,0x00,0x00,0x84,0x05,0x01,0x01,0x01,0x01,0x01,0x01,0x03,
    0x01,0x03,0x03,0x03,0x01,0x03,0x03,0x03,0x01,0x03,0x03,0x03,0x05,0x03,0x07,0x07,0x05,0x03,0x03,0x03,0x01,0x03,0x01,0x03,0x01,0x03,0x07,0x07,0x05,0x07,0x07,0x07,
    0x05,0x03,0x05,0x8f,0x05,0x8f,0x07,0x8f,0x8d,0x8f,0x07,0x8f,0x0d,0x2f,0x17,0x2f,0x5d,0x7f,0x77,0xff,0xdd,0xff,0x77,0xff,0xdd,0xff,0x75,0xfb,0xdd,0xfb,0x77,0xff
  },
  { // 178
    0x00,0x00,0x08,0x00,0x00,0x00,0x00,0x00,0x00,0x00,0x00,0x00,0x00,0x00,0x00,0x00,0x00,0x40,0x00,0x00,0x08,0x00,0x00,0x00,0x00,0x00,0x00,0x00,0x00,0x00,0x00,0x00,
    0x00,0x00,0x00,0x00,0x00,0x00,0x00,0x00,0x00,0x20,0x00,0x00,0x00,0x00,0x00,0x00,0x00,0x00,0x00,0x00,0x00,0x08,0x10,0x08,0x10,0x08,0x90,0x30,0x10,0x30,0x10,0x30,
    0x10,0x20,0x00,0x20,0x00,0x28,0x00,0x08,0x00,0x08,0x10,0x18,0x10,0x38,0x1c,0x38,0x14,0x3c,0x14,0x3c,0xb4,0x3c,0xdc,0x7c,0xf4,0xfc,0x5c,0xfc,0x74,0xfc,0x5c,0xf8,
    0x70,0xf8,0xd8,0xfa,0x72,0xfe,0xd4,0xfe,0x76,0xfe,0xc4,0xee,0x67,0xee,0xcd,0xff,0x57,0xff,0xdd,0xff,0x77,0xff,0xdd,0xbf,0x37,0xbf,0x5d,0xff,0x77,0xff,0xdd,0xff,
    0x10,0xa0,0x00,0xa4,0x00,0x20,0x00,0x20,0x00,0x60,0xc0,0x60,0x70,0xf8,0x50,0xf8,0x70,0xf8,0x50,0xf0,0x70,0xf0,0xd0,0xf0,0x70,0xf0,0xd0,0xf0,0x70,0xe0,0xd0,0xe0,
    0x40,0xe8,0xc0,0xe8,0x50,0xf8,0xd0,0xb8,0x10,0xb8,0x10,0xb8,0x30,0x38,0x50,0x78,0x70,0xf8,0x58,0xf8,0x70,0xf8,0xd8,0xf8,0x70,0xf8,0xd8,0xf8,0x70,0xf8,0xd0,0xf8,
    0x70,0xf8,0xd0,0xf0,0x60,0xec,0xc4,0xec,0x44,0xec,0xdc,0xfc,0x54,0xfc,0xdc,0xfc,0x76,0xbe,0x1c,0xbe,0x74,0xfe,0xdc,0xfe,0x74,0xfe,0xdc,0xfe,0x74,0xfc,0xdc,0xf8,
    0x70,0xf8,0xdd,0xfb,0xf7,0xff,0xdd,0xff,0xf7,0xff,0xd5,0xff,0x77,0xff,0xdd,0xff,0x77,0xff,0xdd,0xff,0x77,0xff,0xdd,0xff,0xf7,0xff,0xdd,0xff,0x77,0xff,0xdd,0xff,
    0x00,0x00,0x00,0x00,0x00,0x80,0x00,0x08,0x00,0x00,0x00,0x00,0x00,0x00,0x40,0x00,0x40,0x88,0x40,0x80,0x00,0x80,0x40,0x80,0x01,0x80,0xc1,0xa0,0x01,0x80,0x40,0x80,
    0x00,0x80,0x40,0x80,0x41,0xc1,0x41,0x81,0x01,0x81,0x01,0xa3,0x01,0xa0,0x00,0x20,0x60,0xe0,0x40,0xe0,0x60,0xe0,0xc0,0xe0,0x40,0xe0,0xc1,0xf1,0x41,0xe1,0xc1,0xe3,
    0x51,0xe3,0xc1,0xe3,0x03,0xe3,0x41,0x63,0x43,0xeb,0x51,0xfb,0x73,0xfb,0xdd,0xfb,0x71,0xfb,0xd9,0xfb,0x71,0xfb,0xd1,0xfb,0x73,0xfb,0xd5,0xfb,0x77,0xef,0xc5,0xeb,
    0x65,0xef,0xcd,0xff,0x57,0xff,0xdd,0xff,0x57,0xbf,0x9d,0xbf,0x37,0xbf,0x5d,0xff,0x77,0xff,0xdd,0xff,0x77,0xff,0xdd,0xff,0x75,0xff,0xdd,0xff,0x77,0xff,0xdd,0xff,
    0x00,0x40,0x00,0x00,0x00,0x00,0x00,0x00,0x00,0x00,0x00,0x00,0x00,0x10,0x00,0x00,0x00,0x00,0x02,0x00,0x00,0x00,0x00,0x00,0x01,0x00,0x01,0x01,0x01,0x00,0x01,0x00,
    0x00,0x00,0x00,0x00,0x00,0x00,0x00,0x00,0x01,0x08,0x00,0x00,0x00,0x00,0x00,0x00,0x01,0x00,0x81,0x03,0x05,0x02,0x01,0x02,0x01,0x00,0x01,0x03,0x01,0x03,0x01,0x03,
    0x03,0x03,0x01,0x03,0x03,0x03,0x01,0x03,0x03,0x07,0x05,0x03,0x07,0x06,0x05,0x02,0x05,0x00,0x01,0x01,0x01,0x03,0x01,0x03,0x03,0x03,0x01,0x03,0x03,0x83,0x05,0x07,
    0x07,0x07,0x05,0x0f,0x07,0x8f,0x0d,0x8f,0x07,0x8f,0x0d,0x8f,0x17,0xbf,0x1d,0xbf,0x77,0xff,0xdd,0xff,0x77,0xfe,0xdc,0xfe,0x75,0xfd,0xdd,0xff,0x77,0xff,0xdd,0xff
  },
  { // 179
    0x00,0x00,0x00,0x00,0x00,0x00,0x00,0x00,0x00,0x00,0x00,0x00,0x00,0x80,0x10,0x00,0x00,0x00,0x00,0x00,0x00,0x00,0x00,0x00,0x00,0x00,0x00,0x00,0x00,0x00,0x00,0x00,
    0x00,0x00,0x00,0x00,0x10,0x00,0x00,0x00,0x00,0x00,0x00,0x00,0x00,0x01,0x00,0x00,0x00,0x00,0x00,0x08,0x00,0x80,0x00,0x08,0x00,0x00,0x10,0x08,0x10,0x30,0x10,0x20,
    0x00,0x20,0x00,0x20,0x00,0x20,0x00,0x08,0x04,0x28,0x14,0x0c,0x1c,0x58,0x14,0x58,0x1c,0x78,0x14,0x3c,0x1c,0x3e,0x74,0x7e,0x5c,0x7c,0x74,0xfc,0x5c,0xf8,0x74,0xf8,
    0xdc,0xfa,0x74,0xfe,0xdc,0xfa,0x76,0xfe,0xd4,0xb6,0x77,0xfe,0x5d,0xff,0x77,0xff,0xdd,0xff,0x77,0xff,0xdd,0xff,0x77,0xff,0xdd,0xff,0x77,0xff,0xdd,0xff,0x77,0xff,
    0x40,0x80,0x10,0x80,0x90,0x20,0x10,0x70,0x10,0x30,0x70,0xf8,0x50,0xf0,0x70,0xf8,0x50,0xf0,0x50,0xf8,0xd0,0xf0,0x70,0xf8,0xf0,0xf0,0x70,0xe0,0xc0,0xe0,0x40,0xe0,
    0x40,0xe8,0x40,0xe8,0xd8,0xf8,0x50,0xf8,0xd8,0xb8,0x10,0xb8,0x18,0xb8,0x70,0xf8,0x58,0xf8,0x70,0xf8,0xd0,0xf8,0x70,0xf8,0xd0,0xf8,0x70,0xf8,0xd8,0xf8,0x70,0xf8,
    0xd0,0xf8,0x70,0xb8,0xd4,0xb8,0x74,0xfc,0x5c,0xfc,0x74,0xfe,0xde,0xfc,0x74,0xfc,0xdc,0xfc,0x74,0xfc,0xdc,0xfe,0x74,0xfe,0xdc,0xfe,0x74,0xfe,0xd4,0xfe,0x75,0xee,
    0xdc,0xff,0xf7,0xff,0xdd,0xff,0x57,0xff,0xdd,0xbf,0x77,0xff,0xdd,0xff,0x77,0xff,0xdd,0xff,0x77,0xfe,0xdd,0xfe,0x75,0xff,0xdf,0xff,0x77,0xff,0xdd,0xff,0x77,0xff,
    0x00,0x00,0x00,0x00,0x08,0x00,0x00,0x00,0x00,0x00,0x10,0x00,0xc0,0x00,0x00,0x80,0x40,0x80,0x40,0xc0,0x40,0x80,0x40,0xc0,0xc1,0x80,0x01,0x80,0x01,0x80,0x01,0x80,
    0x00,0x20,0x00,0xa0,0x40,0xa0,0x44,0xe0,0x40,0xa0,0x60,0xa0,0x60,0xa0,0x61,0xe0,0xc1,0xe1,0x61,0xe0,0xc0,0xe0,0x60,0xe0,0xc0,0xe0,0x41,0xe1,0xe1,0xe1,0x61,0xe3,
    0xe1,0x83,0x11,0x83,0x11,0xb3,0x13,0xbb,0x51,0xfb,0x73,0xfb,0x55,0xfa,0x70,0xf8,0xd0,0xf8,0x71,0xf9,0xd9,0xfb,0x71,0xfb,0xd1,0xfb,0x73,0xf3,0xd1,0xe3,0x67,0xef,
    0xc5,0xef,0x77,0xef,0xdd,0xff,0x57,0xff,0xdd,0xbf,0x17,0xbf,0xdd,0xff,0x77,0xff,0xdd,0xff,0x77,0xfe,0xdc,0xfe,0x74,0xfe,0xdd,0xff,0x75,0xff,0xdd,0xff,0x77,0xff,
    0x00,0x00,0x00,0x00,0x00,0x00,0x00,0x20,0x00,0x00,0x00,0x00,0x00,0x00,0x00,0x00,0x00,0x00,0x00,0x00,0x00,0x00,0x00,0x00,0x01,0x02,0x01,0x00,0x01,0x00,0x01,0x00,
    0x00,0x00,0x01,0x04,0x00,0x00,0x00,0x00,0x00,0x00,0x00,0x00,0x00,0x00,0x01,0x01,0x01,0x01,0x01,0x01,0x01,0x03,0x01,0x03,0x01,0x03,0x01,0x03,0x01,0x03,0x01,0x03,
    0x01,0x03,0x01,0x03,0x05,0x03,0x03,0x03,0x01,0x03,0x03,0x03,0x01,0x02,0x00,0x02,0x00,0x00,0x01,0x01,0x01,0x03,0x01,0x03,0x01,0x43,0x03,0x03,0x01,0x03,0x07,0x07,
    0x05,0x07,0x07,0x0f,0x05,0x0f,0x07,0x8f,0x0d,0x8f,0x07,0x8f,0xdd,0xbf,0x57,0xff,0xdd,0xff,0x77,0xff,0xd5,0xff,0x77,0xff,0xd5,0xff,0x77,0xff,0xdd,0xff,0x77,0xff
  },
  { // 180
    0x00,0x00,0x00,0x00,0x00,0x00,0x00,0x10,0x00,0x00,0x00,0x00,0x00,0x00,0x00,0x00,0x00,0x00,0x00,0x00,0x00,0x00,0x00,0x00,0x00,0x00,0x00,0x00,0x00,0x08,0x00,0x00,
    0x00,0x00,0x00,0x00,0x00,0x00,0x00,0x00,0x00,0x01,0x00,0x00,0x00,0x00,0x00,0x00,0x00,0x00,0x00,0x00,0x00,0x00,0x00,0x00,0x00,0x08,0x00,0x00,0x00,0x08,0x00,0x00,
    0x00,0x00,0x00,0x00,0x00,0x08,0x44,0x2c,0x54,0x2c,0x4c,0x2c,0x14,0x0c,0x1c,0x38,0x14,0x3c,0x1c,0x38,0x34,0x38,0x5c,0x3a,0x30,0x38,0x54,0x72,0x74,0xee,0x54,0xfe,
    0x74,0xee,0xdc,0xfe,0x57,0xde,0xdd,0x9f,0x17,0xbf,0x9d,0xbf,0x77,0xff,0x5d,0xff,0x77,0xfe,0x5c,0xfe,0x76,0xfe,0xdd,0xff,0x77,0xff,0xdd,0xff,0x77,0xfb,0xd9,0xfb,
    0x00,0x08,0x10,0x18,0x10,0xb8,0x50,0x38,0x71,0xf8,0x50,0x70,0x70,0xf0,0x50,0x60,0x70,0xe8,0x40,0xe8,0x70,0xe8,0xd0,0xe8,0x50,0xe8,0xd0,0xa0,0x10,0xa8,0x10,0xb8,
    0x70,0xf8,0x58,0x78,0x70,0x78,0x58,0x78,0x50,0xf8,0x58,0xf8,0x70,0xf8,0xd8,0xf8,0x70,0xf8,0xd0,0xf0,0x70,0xf0,0xd0,0xf0,0x70,0xec,0xdc,0xec,0x74,0xec,0xdc,0xc8,
    0x54,0x98,0x9c,0xbc,0x35,0xbf,0xdc,0xfe,0x74,0xfe,0x5c,0x7e,0x74,0xfc,0x5c,0xfc,0x74,0xfc,0xdc,0xfc,0x74,0xfc,0xde,0xfa,0x70,0xfa,0xd0,0xf2,0x76,0xfe,0xd5,0xff,
    0x77,0xff,0xdf,0xff,0x57,0xff,0xdf,0xff,0x57,0xff,0xdd,0xff,0x77,0xff,0xdd,0xff,0x77,0xff,0x5c,0xfe,0x76,0xfe,0xdd,0xff,0xf7,0xff,0xdd,0xff,0x77,0xff,0xdd,0xfb,
    0x04,0x00,0x00,0x40,0x00,0x00,0x00,0x00,0x00,0x80,0x40,0xa0,0x00,0xa0,0x00,0x20,0x00,0xe0,0x40,0xe0,0x41,0xc0,0x40,0x80,0x00,0x80,0x00,0x80,0x00,0x80,0x00,0xa0,
    0x00,0xa0,0x01,0x60,0x20,0x60,0x40,0x60,0x60,0xe0,0xc0,0xe0,0x60,0xe0,0xd0,0xe0,0x71,0xe0,0xd1,0xe0,0x41,0xe0,0xc1,0xe1,0x61,0xe1,0xc1,0xe1,0x41,0xe1,0xc1,0xe1,
    0x41,0xc9,0xd1,0xb9,0x51,0xfb,0xd9,0xfb,0x71,0xfb,0x51,0xfa,0x70,0xfa,0x50,0xf8,0x70,0xf8,0xdd,0xfb,0x71,0xfb,0xd9,0xfb,0x51,0xfb,0xd1,0xfb,0x73,0xff,0xd5,0xff,
    0x77,0xff,0xdd,0xff,0x77,0xff,0x5d,0xff,0x77,0xff,0xdd,0xff,0x77,0xff,0xdd,0xff,0x77,0xff,0xdd,0xfb,0x77,0xff,0xdd,0xff,0x77,0xff,0xdd,0xff,0x77,0xff,0xdd,0xff,
    0x40,0x00,0x00,0x00,0x00,0x00,0x00,0x00,0x00,0x00,0x00,0x00,0x00,0x00,0x00,0x00,0x00,0x00,0x01,0x00,0x00,0x00,0x00,0x00,0x00,0x00,0x00,0x00,0x00,0x02,0x00,0x00,
    0x00,0x00,0x00,0x00,0x00,0x00,0x00,0x00,0x00,0x00,0x00,0x00,0x00,0x04,0x01,0x01,0x01,0x01,0x01,0x01,0x01,0x01,0x01,0x03,0x01,0x03,0x01,0x03,0x01,0x03,0x01,0x02,
    0x00,0x02,0x00,0x02,0x01,0x03,0x01,0x03,0x01,0x03,0x01,0x03,0x01,0x02,0x01,0x03,0x01,0x03,0x01,0x43,0x03,0x03,0x05,0x03,0x01,0x03,0x05,0x03,0x03,0x07,0x05,0x07,
    0x07,0x87,0x05,0x07,0x07,0x0f,0x04,0x0e,0x46,0xee,0x4d,0xef,0x77,0xff,0xdd,0xff,0x75,0xfb,0xd9,0xfb,0x73,0xfb,0xd5,0xff,0x77,0xff,0xdd,0xff,0x77,0xef,0xcd,0xef
  },
  { // 181
    0x00,0x00,0x20,0x00,0x00,0x00,0x00,0x00,0x00,0x00,0x00,0x00,0x00,0x00,0x00,0x00,0x00,0x00,0x00,0x00,0x00,0x00,0x00,0x04,0x00,0x00,0x00,0x00,0x00,0x00,0x00,0x00,
    0x00,0x00,0x00,0x00,0x00,0x02,0x00,0x00,0x00,0x00,0x00,0x00,0x00,0x00,0x00,0x00,0x00,0x00,0x00,0x00,0x00,0x00,0x00,0x00,0x00,0x00,0x00,0x00,0x00,0x00,0x00,0x88,
    0x80,0x08,0x00,0x08,0x04,0x08,0x14,0x0c,0x14,0x08,0x14,0x0c,0x14,0x2c,0x14,0x3c,0x9c,0x3c,0x94,0x38,0x98,0x38,0x10,0x38,0x10,0x32,0x30,0x3a,0x54,0x3e,0x76,0xee,
    0x44,0x2e,0x46,0xee,0x4d,0x8f,0x17,0xbf,0xdd,0xbf,0x77,0xbf,0xdd,0xbf,0x77,0xfe,0x5c,0x7e,0x76,0xfe,0xdc,0xfe,0x7f,0xff,0xdd,0xff,0x75,0xff,0xdd,0xfb,0x73,0xfb,
    0x00,0x28,0x10,0x38,0x58,0x39,0x70,0x78,0x50,0x78,0x30,0x38,0x50,0x30,0x70,0xe0,0x50,0x60,0x70,0xe8,0x40,0xe8,0x40,0xc8,0x40,0x88,0x10,0x88,0x18,0xb8,0x10,0xb8,
    0x1c,0x38,0x30,0x38,0x5c,0x38,0x74,0x7c,0x5c,0xf8,0x74,0xfc,0xdc,0xf8,0x70,0xf8,0xd8,0xf8,0x70,0xf8,0xd0,0xf0,0x70,0xfc,0xd4,0xfc,0x74,0xec,0x4c,0xec,0x44,0xcc,
    0x5c,0xfe,0x54,0xfe,0xdc,0xfe,0x74,0xfe,0x5c,0xfe,0x74,0xfe,0x5c,0xfe,0x76,0xfe,0xdc,0xfe,0x74,0xfe,0xdc,0xf8,0x70,0xfa,0xd8,0xfa,0x73,0xff,0xdd,0xff,0x77,0xff,
    0xdd,0xff,0x77,0xfe,0x5d,0xfe,0x77,0xff,0xdf,0xff,0x77,0xff,0xdd,0xff,0x77,0xff,0xdd,0xff,0x77,0xff,0xdd,0xff,0x77,0xff,0xdd,0xff,0x77,0xff,0xdd,0xef,0x57,0xff,
    0x00,0x20,0x00,0x20,0x40,0x20,0x50,0xe0,0x40,0xa0,0x00,0x80,0x80,0x81,0x00,0xa0,0x40,0xa0,0x00,0xa0,0x40,0x20,0x00,0x00,0x00,0x00,0x00,0x80,0x40,0xa2,0x10,0xa0,
    0x50,0xb0,0x30,0xb0,0x50,0x30,0x70,0xe0,0x50,0xe0,0x70,0xe0,0xd0,0xe0,0x60,0xe0,0xc0,0xe0,0x40,0xe0,0xd0,0xa0,0x51,0xf0,0xd1,0xb1,0x71,0xa8,0x50,0x20,0x40,0x68,
    0x50,0xf8,0x70,0xf8,0xd9,0xf8,0x71,0xf8,0xd9,0xf8,0x71,0xf8,0xd0,0xf8,0x71,0xfa,0xd5,0xfb,0x75,0xff,0xd5,0xeb,0x45,0xeb,0xcd,0xeb,0x55,0xff,0xdd,0xff,0x77,0xff,
    0xdd,0xbf,0x37,0xbf,0x5d,0x7e,0x77,0xfe,0xdd,0xff,0x77,0xff,0xdd,0xff,0x75,0xff,0xdd,0xfb,0x77,0xfb,0xdd,0xff,0x77,0xff,0xdd,0xff,0x77,0xef,0xcd,0xef,0x47,0xef,
    0x00,0x00,0x00,0x00,0x00,0x00,0x00,0x00,0x00,0x00,0x00,0x00,0x00,0x00,0x00,0x00,0x00,0x00,0x00,0x00,0x00,0x00,0x00,0x01,0x00,0x00,0x00,0x00,0x00,0x00,0x00,0x00,
    0x00,0x00,0x00,0x00,0x00,0x00,0x00,0x00,0x00,0x00,0x02,0x00,0x00,0x00,0x00,0x00,0x00,0x00,0x01,0x01,0x01,0x01,0x01,0x01,0x01,0x01,0x01,0x01,0x01,0x00,0x00,0x00,
    0x00,0x00,0x00,0x00,0x00,0x00,0x01,0x00,0x01,0x01,0x01,0x01,0x01,0x03,0x21,0x03,0x01,0x03,0x03,0x03,0x01,0x03,0x03,0x03,0x01,0x03,0x03,0x83,0x05,0x83,0x07,0x87,
    0x05,0x83,0x17,0x87,0x05,0x23,0x47,0xee,0x45,0xef,0x77,0xef,0xd5,0xef,0x75,0xef,0xd5,0xeb,0x51,0xfb,0xdd,0xff,0x77,0xff,0xdd,0xff,0x77,0xff,0xdd,0xff,0x77,0xff
  },
  { // 182
    0x00,0x00,0x00,0x00,0x00,0x00,0x00,0x00,0x00,0x00,0x00,0x00,0x00,0x00,0x00,0x00,0x01,0x00,0x00,0x00,0x00,0x00,0x00,0x00,0x00,0x00,0x00,0x00,0x00,0x00,0x00,0x00,
    0x00,0x00,0x20,0x00,0x00,0x00,0x00,0x00,0x00,0x00,0x00,0x00,0x00,0x00,0x00,0x00,0x00,0x00,0x00,0x00,0x00,0x00,0x00,0x00,0x00,0x20,0x20,0x00,0x00,0x00,0x00,0x00,
    0x00,0x08,0x00,0x08,0x00,0x08,0x00,0x08,0x00,0x48,0x00,0x48,0x00,0x4c,0x04,0x08,0x04,0x0c,0x04,0x08,0x00,0x08,0x00,0x0a,0x10,0x8a,0x1d,0x9b,0x17,0xbf,0x15,0xaf,
    0x17,0x2e,0x0d,0x2e,0x17,0xbe,0x5d,0xff,0x77,0xff,0xdd,0xff,0x75,0xff,0xdd,0xfb,0x77,0xff,0xdd,0xff,0x77,0xff,0xdd,0xff,0x77,0xef,0xcd,0xef,0x77,0xff,0xdd,0xff,
    0x11,0x38,0x10,0x38,0x30,0x38,0x10,0x28,0x10,0x28,0x10,0x38,0x10,0x38,0x10,0x30,0x10,0x28,0x10,0x20,0x00,0x28,0x04,0x68,0x04,0x2c,0x5c,0x3c,0x14,0x3c,0x1c,0x38,
    0x14,0x38,0x18,0x38,0x30,0x38,0x5c,0x78,0x74,0x7c,0x5c,0x7c,0x74,0xe8,0x44,0xe8,0x50,0xe8,0x5c,0xfa,0x54,0xfe,0x5c,0xbe,0x16,0xbe,0x14,0x3e,0x36,0x3e,0x5c,0x7e,
    0x76,0xfe,0x5c,0xfe,0x74,0xfe,0xdc,0xfc,0x74,0xfa,0xdc,0xfa,0x74,0xfe,0xdc,0xfe,0x76,0xfe,0xd4,0xee,0x64,0xee,0xcd,0xef,0x57,0xff,0xdd,0xff,0x57,0xff,0xdd,0xbf,
    0x37,0xbf,0x1d,0x3f,0xf7,0xff,0x5d,0xff,0x77,0xfe,0xdd,0xfe,0x75,0xfd,0xdd,0xfb,0x75,0xff,0xdd,0xff,0x7f,0xff,0xdd,0xff,0x77,0xff,0xc5,0xef,0x77,0xef,0xdd,0xff,
    0x00,0x20,0x40,0x20,0x40,0x61,0x40,0x20,0x40,0x00,0x40,0x00,0x00,0x80,0x40,0x80,0x00,0xa0,0x00,0x20,0x00,0x20,0x00,0x24,0x00,0x68,0x50,0x78,0x70,0xf8,0x50,0xf8,
    0x50,0xf8,0x50,0xb8,0x70,0xf8,0x50,0xf0,0x70,0xf0,0xf0,0xe0,0x60,0xe0,0x40,0xe0,0x40,0xe8,0xc0,0xe8,0x50,0xf8,0xd8,0xb8,0x10,0xb8,0x18,0x38,0x30,0x38,0x5c,0x78,
    0x74,0xfc,0x5c,0xfc,0x74,0xfc,0xdc,0xf8,0x70,0xf8,0xd8,0xf8,0x71,0xfb,0xd9,0xfb,0x71,0xfb,0xd5,0xe7,0x67,0xef,0xc5,0xef,0x77,0xff,0xdd,0xff,0x77,0xff,0xdd,0xff,
    0x7f,0xbf,0xdd,0xff,0x77,0xff,0xdd,0xff,0x77,0xfe,0xdf,0xfe,0x77,0xfe,0xdf,0xff,0x75,0xff,0xdd,0xff,0x77,0xff,0xdd,0xff,0x77,0xff,0xdd,0xff,0x77,0xff,0xdd,0xff,
    0x00,0x00,0x00,0x00,0x00,0x00,0x00,0x00,0x00,0x00,0x00,0x00,0x00,0x00,0x00,0x00,0x00,0x00,0x00,0x00,0x00,0x00,0x00,0x00,0x00,0x00,0x00,0x00,0x00,0x00,0x00,0x00,
    0x10,0x00,0x00,0x00,0x00,0x00,0x00,0x00,0x00,0x00,0x00,0x00,0x00,0x00,0x00,0x00,0x00,0x00,0x00,0x00,0x00,0x00,0x00,0x00,0x00,0x00,0x00,0x00,0x00,0x00,0x00,0x00,
    0x00,0x00,0x00,0x00,0x00,0x00,0x00,0x00,0x00,0x10,0x01,0x01,0x01,0x01,0x01,0x03,0x01,0x03,0x01,0x03,0x01,0x03,0x01,0x03,0x03,0x03,0x41,0x23,0x43,0xe3,0x41,0xa3,
    0x41,0xe1,0x41,0xe3,0x71,0xf3,0xd1,0xf3,0x73,0xf3,0xd5,0xf3,0x77,0xe7,0xc5,0xe7,0x67,0xef,0xdd,0xff,0x57,0xff,0xdd,0xff,0x57,0xbf,0x9d,0xbf,0x37,0xff,0xdd,0xff
  },
  { // 183
    0x00,0x00,0x00,0x00,0x00,0x00,0x00,0x00,0x00,0x00,0x00,0x00,0x00,0x00,0x00,0x00,0x00,0x00,0x00,0x00,0x00,0x00,0x00,0x00,0x00,0x00,0x00,0x00,0x00,0x10,0x00,0x00,
    0x00,0x00,0x00,0x00,0x00,0x00,0x00,0x00,0x00,0x00,0x00,0x00,0x00,0x00,0x00,0x00,0x00,0x00,0x00,0x00,0x10,0x10,0x00,0x00,0x00,0x00,0x00,0x00,0x00,0x00,0x00,0x00,
    0x00,0x00,0x00,0x00,0x00,0x00,0x00,0x00,0x00,0x00,0x00,0x00,0x00,0x02,0x00,0x40,0x00,0x42,0x00,0x40,0x04,0x82,0x04,0x8e,0x45,0x8f,0x07,0x8f,0x0d,0x8f,0x17,0x8f,
    0x1d,0x3f,0x17,0xbf,0x1d,0xbe,0x77,0xfe,0x5c,0xfe,0x74,0xfc,0xdc,0xfd,0x75,0xff,0xdd,0xff,0x77,0xff,0xdd,0xfb,0x77,0xf7,0xd5,0xe7,0x77,0xef,0xdd,0xff,0x77,0xff,
    0x10,0x38,0x10,0x28,0x00,0x20,0x00,0x08,0x00,0x08,0x00,0x08,0x00,0x08,0x10,0x08,0x10,0x88,0x10,0x08,0x14,0x2e,0x14,0x2e,0x1c,0x3e,0x14,0x3c,0x1c,0x3c,0x14,0x3c,
    0x1c,0x38,0x10,0x38,0x18,0x3a,0x30,0x3a,0x54,0x3a,0x30,0x22,0x44,0x22,0x44,0x6e,0x4c,0x6e,0x54,0x7e,0x5c,0x3e,0x16,0x1e,0x1c,0x3e,0x16,0x3e,0x1c,0x3e,0x76,0x7e,
    0x5c,0x7e,0x76,0x7e,0x5c,0x7c,0x74,0xfc,0xdc,0xfa,0x75,0xff,0xdd,0xfb,0x73,0xfb,0xd5,0xfb,0x77,0xef,0x45,0xef,0x77,0xff,0xdd,0xff,0x77,0xff,0xdd,0xff,0x17,0xbf,
    0xdd,0xbf,0x77,0xff,0xdd,0xff,0x77,0xff,0xdd,0xfe,0x76,0xfe,0xdc,0xff,0x75,0xff,0xdd,0xff,0x77,0xff,0xdd,0xff,0x7f,0xff,0xd5,0xff,0x77,0xff,0xdd,0xff,0x77,0xff,
    0x10,0x30,0x10,0x20,0x00,0x20,0x00,0x20,0x00,0x60,0x00,0x48,0x40,0x08,0x00,0x08,0x10,0x08,0x18,0x18,0x10,0x38,0x10,0x38,0x10,0xb8,0x70,0x78,0x50,0x78,0x70,0x78,
    0x50,0x78,0x70,0xf8,0x50,0xf8,0x70,0xf8,0x50,0xf0,0x70,0xa0,0x40,0x60,0x40,0xe8,0x44,0xec,0x74,0xec,0x5c,0xfc,0x54,0xbc,0x5c,0xb8,0x14,0xbc,0x5c,0xb8,0x74,0xfe,
    0x5c,0xfe,0x74,0xfc,0x54,0xf8,0x74,0xfc,0xdc,0xf9,0x75,0xfe,0xdd,0xfb,0x75,0xfb,0xdd,0xbb,0x17,0xbf,0x55,0xbf,0x77,0xff,0x5d,0xff,0x77,0xfe,0x5d,0xfe,0x75,0xfe,
    0xdd,0xff,0x75,0xff,0xdd,0xff,0x77,0xff,0xdd,0xff,0x77,0xff,0xd5,0xff,0x77,0xff,0xdd,0xff,0x77,0xff,0xdd,0xff,0x57,0xff,0xdd,0xbf,0x37,0xbf,0xdd,0xff,0x77,0xff,
    0x00,0x00,0x00,0x00,0x00,0x00,0x00,0x00,0x00,0x00,0x00,0x00,0x00,0x00,0x00,0x00,0x00,0x00,0x00,0x00,0x00,0x00,0x00,0x00,0x00,0x00,0x00,0x00,0x00,0x08,0x00,0x00,
    0x00,0x00,0x00,0x00,0x00,0x00,0x00,0x00,0x00,0x00,0x00,0x00,0x00,0x00,0x00,0x00,0x00,0x00,0x00,0x00,0x00,0x00,0x00,0x00,0x00,0x00,0x00,0x00,0x00,0x00,0x00,0x00,
    0x00,0x00,0x00,0x00,0x08,0x00,0x00,0x00,0x00,0x00,0x01,0x00,0x01,0x01,0x01,0x01,0x01,0x01,0x01,0x01,0x01,0x01,0x01,0x21,0x01,0x23,0x61,0x62,0x40,0x60,0x60,0xe0,
    0x40,0xe0,0x71,0xf9,0xd1,0xfb,0x71,0xfb,0xd1,0xf3,0x73,0xf3,0xd1,0xe3,0x77,0xef,0xd5,0xff,0x77,0xff,0xdd,0xff,0x57,0xff,0xdd,0xbf,0x77,0xff,0xdd,0xff,0x77,0xff
  },
  { // 184
    0x00,0x00,0x00,0x00,0x00,0x00,0x00,0x00,0x00,0x00,0x00,0x00,0x00,0x00,0x00,0x00,0x00,0x00,0x00,0x00,0x00,0x00,0x04,0x00,0x00,0x08,0x00,0x00,0x00,0x00,0x00,0x00,
    0x00,0x00,0x00,0x00,0x00,0x00,0x00,0x00,0x00,0x00,0x00,0x00,0x00,0x00,0x00,0x10,0x00,0x00,0x00,0x00,0x00,0x00,0x00,0x00,0x00,0x00,0x00,0x00,0x00,0x00,0x00,0x00,
    0x00,0x00,0x00,0x00,0x00,0x00,0x00,0x80,0x40,0x80,0xc0,0x80,0x40,0x80,0x20,0x80,0x00,0x82,0x00,0x82,0x00,0x86,0x04,0x86,0x07,0x8e,0x04,0x8e,0x05,0x8e,0x9d,0x9f,
    0x07,0x8f,0x9d,0xbf,0x57,0xfe,0x54,0xfe,0x74,0xee,0xd4,0xfe,0x75,0xff,0xdd,0xff,0x77,0xff,0xdd,0xfb,0x53,0xfb,0xdd,0xff,0x77,0xff,0xdd,0xff,0x77,0xff,0xdd,0xff,
    0x00,0x00,0x00,0x00,0x00,0x00,0x00,0x02,0x04,0x0e,0x04,0x0e,0x04,0x0e,0x04,0x0a,0x04,0x0e,0x0c,0x0a,0x14,0x1e,0x1c,0x1e,0x14,0x1e,0x1c,0x3e,0x14,0x2c,0x14,0x2c,
    0x14,0x3c,0x1c,0x38,0x10,0x3a,0x10,0x3a,0x10,0x0a,0x10,0x22,0x17,0x2e,0x15,0x2e,0x17,0x2e,0x0d,0x2e,0x17,0x0e,0x5c,0x1e,0x15,0x3e,0x1d,0x3f,0x37,0x3f,0x1d,0x3e,
    0x36,0x3e,0x54,0x3e,0x74,0x7e,0x5c,0xfe,0x75,0xff,0x5d,0xff,0x57,0xff,0x5d,0xbb,0x17,0xbf,0x1d,0xbf,0x37,0xbf,0x5d,0x3f,0x77,0x7f,0x5d,0x7e,0x77,0xfe,0x5d,0xff,
    0x77,0xff,0xdd,0xff,0x77,0xff,0xdf,0xfb,0x73,0xff,0xd5,0xff,0x77,0xff,0xdd,0xff,0x77,0xff,0xdd,0xef,0x57,0xdf,0xdd,0xff,0x57,0xff,0xdd,0xff,0x77,0xff,0x5d,0xff,
    0x10,0x08,0x00,0x00,0x00,0x00,0x00,0x20,0x02,0x2c,0x05,0x28,0x0c,0x2c,0x0c,0x08,0x04,0x08,0x1c,0x78,0x10,0x38,0x1c,0x38,0x30,0x38,0x10,0x38,0x30,0x38,0x50,0x30,
    0x70,0x68,0x54,0x68,0x54,0x6c,0x5c,0x28,0x10,0x08,0x10,0x1a,0x34,0x3e,0x3c,0x3e,0x36,0x3e,0x5c,0x3e,0x34,0x3e,0x5c,0x7e,0x74,0x7c,0x5c,0xfe,0x74,0xfe,0x7c,0xfa,
    0x70,0xfe,0x54,0xf2,0x70,0xfe,0x54,0xfe,0x77,0xfe,0xdd,0xef,0x47,0xef,0xcd,0xcf,0x57,0x9f,0xfd,0xbf,0x37,0xbf,0x5d,0xbf,0x77,0xfe,0x5c,0x7e,0x76,0xfe,0x5c,0xfe,
    0x75,0xff,0xdd,0xff,0x75,0xff,0xdd,0xfb,0x73,0xfb,0xd5,0xff,0x77,0xff,0xdd,0xff,0x77,0xff,0xdd,0xef,0x57,0xff,0xdd,0xff,0x77,0xff,0xdd,0xff,0x77,0xff,0xdd,0xff,
    0x00,0x00,0x00,0x00,0x00,0x00,0x00,0x00,0x00,0x00,0x00,0x00,0x00,0x00,0x00,0x00,0x00,0x00,0x00,0x00,0x00,0x00,0x00,0x00,0x04,0x00,0x00,0x00,0x00,0x00,0x00,0x01,
    0x00,0x00,0x00,0x00,0x00,0x00,0x00,0x00,0x00,0x00,0x00,0x00,0x00,0x00,0x00,0x00,0x00,0x00,0x00,0x00,0x00,0x00,0x00,0x00,0x00,0x00,0x00,0x00,0x00,0x00,0x00,0x04,
    0x00,0x00,0x00,0x00,0x00,0x00,0x00,0x00,0x00,0x00,0x00,0x00,0x00,0x00,0x00,0x00,0x00,0x00,0x00,0x20,0x10,0x38,0x51,0x30,0x30,0xb8,0x50,0x30,0x70,0xf0,0x50,0xf0,
    0x70,0xf8,0xd1,0xf9,0x71,0xe9,0xd1,0xe9,0x51,0xfb,0xd1,0xfb,0x77,0xff,0xdd,0xff,0x7f,0xff,0x5d,0xff,0x77,0xff,0x5f,0xff,0x77,0xff,0xdd,0xff,0x77,0xff,0xdd,0xff
  },
  { // 185
    0x00,0x00,0x00,0x00,0x00,0x00,0x00,0x00,0x00,0x00,0x00,0x00,0x00,0x00,0x00,0x00,0x00,0x00,0x00,0x00,0x00,0x00,0x08,0x00,0x00,0x00,0x00,0x00,0x00,0x00,0x00,0x00,
    0x00,0x00,0x00,0x00,0x00,0x00,0x00,0x00,0x00,0x00,0x08,0x00,0x00,0x00,0x00,0x00,0x00,0x00,0x00,0x00,0x00,0x00,0x00,0x00,0x00,0x00,0x00,0x80,0x00,0x00,0x00,0x00,
    0x00,0x20,0x00,0xa0,0x00,0xa0,0x00,0xc0,0x80,0x80,0x00,0x80,0x80,0x80,0x00,0x80,0x80,0x80,0x00,0x82,0x80,0x82,0x10,0xa2,0x24,0x02,0x04,0x86,0x44,0xc6,0x44,0xce,
    0xc5,0xcb,0x45,0xeb,0xc1,0xea,0x41,0xea,0xd1,0xe3,0x77,0xef,0xd5,0xef,0x67,0xef,0xc5,0xef,0x47,0xcf,0xcd,0xff,0x57,0xff,0xdd,0xff,0x77,0xff,0xdd,0xbf,0x77,0xff,
    0x00,0x00,0x00,0x00,0x00,0x02,0x00,0x02,0x04,0x06,0x04,0x0e,0x04,0x0e,0x04,0x0e,0x04,0x0e,0x04,0x0e,0x0c,0x0e,0x14,0x0a,0x14,0x0a,0x10,0x0a,0x04,0x02,0x04,0x0e,
    0x04,0x0e,0x04,0x0e,0x04,0x0a,0x01,0x0a,0x01,0x0b,0x07,0x0f,0x1d,0x1f,0x17,0x1f,0x1d,0x0f,0x17,0x0e,0x1c,0x0e,0x16,0x3e,0x1c,0x3e,0x15,0x3f,0x1d,0x3f,0x11,0x3b,
    0x19,0x3b,0x33,0x3b,0x15,0x3f,0x37,0xbf,0x55,0xaf,0x07,0xaf,0x6d,0x8f,0x27,0x8f,0x3d,0xbf,0x17,0xbf,0x1d,0xbf,0x37,0xbf,0x1d,0x3f,0x37,0x7e,0x5c,0xfe,0x77,0xff,
    0xdd,0xff,0x75,0xff,0xdd,0xfb,0x71,0xfb,0xd9,0xfb,0x77,0xff,0xdd,0xff,0x77,0xff,0xdd,0xef,0x67,0xef,0xdd,0xff,0x57,0xff,0xdd,0xff,0x77,0xff,0xdd,0xff,0x77,0xff,
    0x00,0x0a,0x00,0x08,0x00,0x09,0x10,0x18,0x14,0x3e,0x14,0x2e,0x14,0x2c,0x14,0x2c,0x1c,0x3c,0x14,0x3c,0x1c,0x3c,0x14,0x38,0x18,0x38,0x10,0x38,0x10,0x32,0x30,0x3a,
    0x14,0x3e,0x34,0x2e,0x04,0x6e,0x04,0x4e,0x0c,0x4e,0x14,0x1e,0x1c,0x3e,0x16,0x3e,0x1c,0x3e,0x36,0x3e,0x1c,0x3e,0x74,0x7e,0x7c,0x7e,0x74,0x7e,0x5c,0x7c,0x70,0x78,
    0xd9,0x7b,0x71,0xfb,0x55,0xff,0x77,0xff,0x55,0x7f,0x77,0x6f,0x4d,0x2f,0x77,0xff,0x5d,0xff,0x77,0xff,0x5d,0xff,0x77,0xff,0x5d,0xbf,0x77,0xfe,0x5c,0xfe,0x77,0xfe,
    0xdd,0xff,0x77,0xff,0xdd,0xff,0x75,0xff,0xdd,0xff,0x77,0xff,0xdd,0xff,0x77,0xff,0xdd,0xbf,0x77,0xff,0x5d,0xff,0x77,0xff,0xdd,0xff,0x77,0xff,0xdd,0xff,0x77,0xff,
    0x00,0x00,0x00,0x00,0x00,0x00,0x00,0x00,0x00,0x00,0x00,0x00,0x00,0x00,0x00,0x00,0x00,0x00,0x00,0x00,0x04,0x00,0x00,0x00,0x00,0x00,0x00,0x00,0x00,0x00,0x00,0x00,
    0x00,0x00,0x00,0x00,0x00,0x00,0x00,0x00,0x00,0x00,0x00,0x00,0x00,0x00,0x00,0x00,0x00,0x00,0x00,0x00,0x00,0x00,0x00,0x00,0x00,0x00,0x00,0x00,0x00,0x00,0x00,0x00,
    0x00,0x00,0x00,0x00,0x00,0x00,0x00,0x00,0x00,0x20,0x00,0x20,0x00,0x20,0x00,0x28,0x00,0x28,0x50,0x78,0x58,0x78,0x70,0x78,0x50,0x38,0x70,0xf8,0x50,0xf8,0x70,0xf8,
    0xd0,0xfa,0x75,0xee,0xc5,0xeb,0x45,0xef,0xcd,0xef,0x57,0xff,0xdd,0xff,0x77,0xbf,0x9d,0xbf,0x37,0xbf,0x5d,0x7f,0x77,0xff,0xdd,0xff,0x77,0xff,0xdd,0xff,0x75,0xff
  },
  { // 186
    0x00,0x00,0x00,0x00,0x00,0x00,0x00,0x00,0x00,0x00,0x00,0x00,0x00,0x00,0x00,0x00,0x00,0x00,0x10,0x00,0x00,0x00,0x00,0x00,0x00,0x00,0x00,0x00,0x00,0x00,0x00,0x00,
    0x00,0x00,0x00,0x08,0x00,0x80,0x00,0x80,0x00,0x80,0x00,0x80,0x00,0x80,0x00,0x00,0x00,0x00,0x00,0x00,0x00,0x00,0x80,0x80,0x00,0x80,0x00,0x80,0x00,0x80,0x80,0x80,
    0x00,0x80,0x80,0x80,0x00,0xc0,0x80,0xc0,0x00,0xc0,0x80,0x80,0x00,0x80,0xc0,0x80,0x10,0x80,0x80,0x80,0x08,0x80,0x00,0x40,0x00,0x80,0x40,0xe2,0x40,0xe2,0xc0,0xe0,
    0x40,0xe0,0xc0,0xe0,0x41,0xe1,0xc1,0xe3,0x63,0xeb,0xd5,0xe3,0x77,0xe7,0xc5,0xe7,0x67,0xef,0xcd,0xef,0x77,0xff,0xdd,0xff,0x77,0xff,0xdd,0xff,0x77,0xff,0xdd,0xff,
    0x00,0x00,0x00,0x02,0x00,0x02,0x00,0x02,0x00,0x02,0x04,0x02,0x04,0x06,0x04,0x06,0x04,0x0e,0x04,0x0e,0x04,0x08,0x00,0x08,0x00,0x08,0x00,0x02,0x01,0x02,0x01,0x02,
    0x03,0x06,0x05,0x02,0x05,0x0e,0x05,0x0f,0x07,0x0f,0x0d,0x0f,0x07,0x0f,0x0d,0x0f,0x17,0x0e,0x1d,0x0e,0x16,0x1e,0x1c,0x1e,0x16,0x0e,0x1c,0x0c,0x14,0x88,0x19,0x89,
    0x11,0x9b,0x9d,0x9b,0x17,0xbf,0x15,0xaf,0x07,0x8f,0x05,0x2f,0x07,0xaf,0x1d,0xbf,0x17,0xbf,0xdd,0xbf,0x17,0xbf,0x1d,0xbf,0x37,0xbf,0xdd,0xff,0x77,0xff,0xdd,0xff,
    0x77,0xfe,0xdd,0xef,0x75,0xef,0xdd,0xff,0x77,0xff,0xdd,0xff,0x77,0xbf,0xbd,0xbf,0x37,0xbf,0x5d,0xff,0x77,0xff,0xdd,0xff,0x77,0xff,0xdd,0xff,0x75,0xff,0xdd,0xff,
    0x04,0x0e,0x04,0x0e,0x04,0x0e,0x1c,0x1e,0x14,0x1e,0x1c,0x1a,0x14,0x1e,0x1c,0x3e,0x14,0x3e,0x1c,0x3e,0x14,0x2c,0x04,0x08,0x00,0x08,0x10,0x1a,0x11,0x3a,0x15,0x3b,
    0x17,0x2e,0x05,0x26,0x06,0x0e,0x04,0x2e,0x17,0x3e,0x1d,0x3e,0x17,0x3e,0x1d,0x3e,0x15,0x3e,0x3c,0x3a,0x37,0x3e,0x1d,0x3e,0x3f,0x3e,0x54,0x3e,0x74,0x6e,0x45,0x2f,
    0x55,0x7f,0x5d,0x3f,0x17,0x3f,0x1d,0x3f,0x1f,0x3f,0x1d,0x3f,0x37,0x3f,0x5d,0x7f,0x77,0x7f,0x5d,0x7f,0x75,0xfe,0x5d,0xff,0x75,0xff,0xdd,0xff,0x77,0xff,0xdd,0xff,
    0x77,0xff,0xd5,0xef,0x67,0xef,0xcd,0xff,0x77,0xff,0xdd,0xff,0x57,0xff,0x9d,0xbf,0x37,0xbf,0x5d,0xff,0x77,0xff,0xdd,0xff,0x77,0xfe,0xdd,0xff,0x75,0xfd,0xdd,0xff,
    0x00,0x00,0x00,0x00,0x00,0x00,0x00,0x00,0x00,0x00,0x00,0x00,0x00,0x00,0x00,0x04,0x00,0x00,0x00,0x00,0x00,0x00,0x00,0x00,0x00,0x00,0x00,0x00,0x00,0x00,0x00,0x00,
    0x00,0x00,0x00,0x00,0x00,0x00,0x00,0x00,0x00,0x00,0x00,0x00,0x00,0x00,0x00,0x00,0x00,0x00,0x00,0x00,0x00,0x00,0x01,0x00,0x00,0x00,0x00,0x00,0x00,0x00,0x00,0x00,
    0x00,0x00,0x00,0x00,0x00,0x08,0x00,0x08,0x10,0x08,0x10,0x38,0x10,0x38,0x10,0x38,0x30,0x38,0x5c,0x38,0x70,0x78,0x58,0x78,0x70,0x78,0x58,0x78,0x70,0xf8,0x50,0xfa,
    0x71,0xfa,0x55,0xa6,0x77,0xee,0x5d,0xff,0x77,0xff,0xdd,0xff,0x77,0xff,0xdd,0xbf,0x77,0xff,0xdd,0xff,0x77,0xff,0xdd,0xff,0x77,0xff,0xdd,0xfe,0x75,0xff,0xdd,0xff
  },
  { // 187
    0x00,0x00,0x00,0x00,0x00,0x02,0x00,0x00,0x00,0x00,0x00,0x00,0x00,0x00,0x20,0x00,0x00,0x00,0x00,0x00,0x00,0x00,0x00,0x00,0x00,0x00,0x00,0x80,0x00,0x00,0x00,0x00,
    0x00,0x00,0x00,0x00,0x00,0x00,0x00,0x80,0x00,0x80,0x00,0x80,0x00,0x00,0x00,0x00,0x00,0x00,0x00,0x00,0x00,0x00,0x00,0x80,0x00,0x80,0x00,0x80,0x80,0x80,0x00,0xa0,
    0xc0,0xa0,0x00,0xa0,0x80,0x80,0x80,0x80,0x00,0x80,0x00,0x80,0xc0,0x80,0x50,0xc0,0xc0,0xc0,0x00,0x80,0x80,0x80,0x00,0x80,0xc0,0xe0,0x40,0xe0,0xc0,0xe0,0x60,0xe0,
    0xc0,0xe0,0x40,0xe0,0xc1,0xe3,0x41,0xe3,0xc1,0xe3,0x43,0xeb,0xd5,0xb3,0x17,0xaf,0xd5,0xff,0x77,0xff,0xdd,0xff,0x77,0xff,0xdd,0xff,0x75,0xff,0xdd,0xff,0x77,0xff,
    0x00,0x02,0x00,0x02,0x00,0x02,0x00,0x02,0x00,0x02,0x00,0x02,0x00,0x02,0x00,0x02,0x04,0x02,0x00,0x00,0x00,0x00,0x00,0x00,0x00,0x00,0x01,0x03,0x01,0x03,0x01,0x03,
    0x41,0x03,0x03,0x87,0x05,0x07,0x07,0x0f,0x05,0x0f,0x07,0x0f,0x0d,0x0f,0x05,0x0e,0x0d,0x0b,0x07,0x8f,0x0d,0x0f,0x17,0x8e,0x04,0x02,0x04,0x8e,0x04,0x8f,0x05,0x8f,
    0x8d,0x8f,0x07,0x8f,0x8d,0x8f,0x17,0x8f,0x15,0xaf,0x17,0xbf,0x1d,0xbf,0x17,0xbf,0x5d,0xbf,0x57,0xfe,0x5d,0xbf,0x55,0xff,0xfd,0xff,0x77,0xff,0xdd,0xfb,0x77,0xff,
    0xd5,0xe7,0x77,0xef,0xcd,0xef,0x77,0xff,0xdd,0xff,0x57,0xdf,0xdd,0xbf,0x17,0xbf,0x9d,0xbf,0x77,0xff,0xdd,0xff,0x77,0xfe,0xdc,0xfe,0x74,0xfe,0xdd,0xff,0x75,0xff,
    0x04,0x0e,0x06,0x0e,0x0c,0x0e,0x04,0x0e,0x0c,0x08,0x14,0x1a,0x1c,0x1a,0x14,0x1e,0x14,0x1a,0x14,0x0a,0x04,0x42,0x04,0x0e,0x04,0x0e,0x05,0x0f,0x0d,0x0f,0x17,0x0f,
    0x1d,0x0f,0x17,0x1f,0x1d,0x3f,0x17,0x3e,0x3d,0x3e,0x3e,0x3e,0x3c,0x3e,0x14,0x3c,0x1c,0x3e,0x15,0x3f,0x3d,0x3b,0x37,0x3b,0x35,0x33,0x37,0x27,0x05,0x27,0x07,0x2f,
    0x0d,0x2f,0x17,0x3f,0x1d,0x1f,0x17,0x1f,0x1d,0x3f,0x17,0x3f,0x1d,0x3f,0x37,0x7f,0x5d,0x7e,0x76,0x7e,0x5c,0x7e,0x75,0xff,0x5d,0xff,0x77,0xff,0xdd,0xfb,0x73,0xfb,
    0x75,0xf7,0x77,0xff,0x5d,0xff,0x77,0xff,0xdd,0xff,0x77,0xff,0xdd,0xff,0x57,0xff,0xdd,0xff,0x77,0xff,0xdd,0xff,0x77,0xff,0xdd,0xfe,0x76,0xfe,0xdd,0xff,0x77,0xff,
    0x00,0x00,0x00,0x00,0x00,0x00,0x00,0x00,0x00,0x00,0x00,0x02,0x00,0x00,0x00,0x00,0x00,0x00,0x00,0x00,0x00,0x00,0x00,0x00,0x00,0x00,0x00,0x00,0x00,0x00,0x00,0x00,
    0x00,0x00,0x00,0x00,0x00,0x00,0x00,0x00,0x00,0x00,0x00,0x00,0x00,0x00,0x00,0x02,0x00,0x00,0x00,0x00,0x00,0x00,0x00,0x00,0x00,0x00,0x00,0x00,0x00,0x00,0x00,0x00,
    0x00,0x00,0x00,0x08,0x00,0x08,0x00,0x08,0x18,0x18,0x10,0x38,0x18,0x38,0x30,0x38,0x10,0x38,0x30,0x38,0x50,0x20,0x70,0x68,0x54,0x78,0x74,0x7c,0x5c,0x7a,0x51,0x9a,
    0x55,0x3b,0x17,0xbf,0x3d,0x3f,0x77,0xff,0x5d,0x7f,0x77,0x7e,0x5c,0xfe,0x74,0xfe,0xdd,0xff,0x77,0xff,0xdd,0xff,0x77,0xff,0xdd,0xfb,0x77,0xff,0xd5,0xff,0x77,0xff
  },
  { // 188
    0x00,0x00,0x00,0x00,0x00,0x00,0x00,0x00,0x00,0x00,0x00,0x20,0x00,0x00,0x00,0x00,0x00,0x00,0x00,0x00,0x00,0x00,0x00,0x00,0x00,0x80,0x00,0x80,0x00,0x80,0x00,0x00,
    0x00,0x00,0x00,0x00,0x00,0x80,0x00,0x00,0x00,0x80,0x00,0x00,0x00,0x80,0x00,0x80,0x00,0x80,0x00,0x80,0x00,0x80,0x00,0x80,0x00,0x80,0x00,0x80,0x40,0xc0,0xc0,0x80,
    0x40,0x80,0xe0,0x80,0x20,0x80,0xa0,0x80,0x20,0x80,0x20,0x80,0x00,0x80,0x40,0x00,0x40,0xc0,0x40,0xc0,0x40,0xc0,0xc0,0xe0,0x40,0xe0,0xc0,0xe0,0x60,0xe0,0xc0,0xe0,
    0x60,0xe0,0xc0,0xe2,0x61,0xe3,0xd1,0xf3,0x41,0xc3,0xc5,0x8b,0x17,0xbf,0xd5,0xbf,0x77,0xff,0xdd,0xff,0x77,0xfe,0x7c,0xfe,0x76,0xfe,0xdd,0xff,0x75,0xff,0xdd,0xff,
    0x00,0x02,0x00,0x02,0x00,0x00,0x00,0x00,0x00,0x00,0x00,0x02,0x00,0x02,0x00,0x02,0x00,0x00,0x00,0x00,0x00,0x00,0x00,0x02,0x01,0x12,0x05,0x03,0x01,0x43,0x01,0x03,
    0x03,0x03,0x05,0x03,0x07,0x0f,0x05,0x0f,0x07,0x0e,0x04,0x0e,0x04,0x0e,0x04,0x0e,0x05,0x8f,0x0d,0x8b,0x01,0x8b,0x01,0x83,0x01,0x83,0x05,0x83,0x07,0x8f,0x85,0x8f,
    0x07,0x8f,0x8d,0x8f,0x07,0x8f,0x8d,0x8f,0x17,0x9f,0x1d,0xbf,0x17,0xbf,0x1d,0x3e,0x36,0xbe,0x7c,0xfe,0x74,0xfe,0xdd,0xff,0x75,0xff,0xdd,0xfb,0x53,0xfb,0xd1,0xf3,
    0x77,0xff,0xd5,0xff,0x77,0xff,0xdd,0xef,0x57,0xef,0xdd,0xff,0x57,0xff,0xdd,0xff,0x77,0xff,0xdd,0xff,0x77,0xff,0xdd,0xfe,0x76,0xfe,0xdd,0xff,0x77,0xff,0xdd,0xff,
    0x06,0x0e,0x04,0x0e,0x04,0x0e,0x0c,0x0c,0x04,0x0c,0x1c,0x18,0x14,0x1a,0x18,0x1a,0x10,0x0a,0x20,0x02,0x00,0x02,0x04,0x06,0x07,0x0f,0x05,0x0f,0x07,0x0f,0x0d,0x0f,
    0x17,0x0f,0x1d,0x1f,0x17,0x1f,0x1d,0x3f,0x17,0x3e,0x1c,0x3e,0x14,0x3e,0x1c,0x3e,0x14,0x3e,0x1d,0x3f,0x15,0x3b,0x19,0x3b,0x33,0x3b,0x35,0x37,0x37,0x3f,0x1d,0x3f,
    0x17,0x2f,0x1d,0x2f,0x17,0x1f,0x1d,0x3f,0x17,0x3f,0x1d,0x3f,0x37,0x3f,0x5d,0x3f,0x37,0x3e,0x5c,0x7e,0x76,0x7e,0x5d,0x7f,0x77,0xff,0x5d,0xff,0x57,0xff,0x5d,0xbf,
    0x17,0xbf,0x5d,0xbf,0x77,0xff,0x5d,0x7f,0xf7,0xff,0x5d,0x7f,0xf7,0xff,0xdf,0xff,0x77,0xff,0xdf,0xff,0x77,0xff,0xdd,0xfb,0x77,0xff,0xd5,0xff,0x77,0xff,0xdd,0xff,
    0x00,0x00,0x00,0x00,0x00,0x00,0x00,0x02,0x00,0x00,0x00,0x00,0x00,0x00,0x00,0x00,0x00,0x00,0x00,0x00,0x00,0x00,0x00,0x00,0x00,0x00,0x00,0x00,0x00,0x00,0x00,0x00,
    0x00,0x00,0x00,0x00,0x00,0x00,0x00,0x04,0x00,0x00,0x00,0x00,0x00,0x00,0x00,0x00,0x00,0x00,0x00,0x00,0x00,0x00,0x00,0x00,0x00,0x00,0x00,0x00,0x00,0x08,0x00,0x00,
    0x10,0x08,0x00,0x08,0x00,0x08,0x00,0x28,0x10,0x38,0x1c,0x38,0x10,0x38,0x18,0x38,0x10,0x38,0x10,0x30,0x30,0x30,0x54,0x7e,0x74,0x6e,0x44,0xee,0x44,0x4e,0x4c,0x0e,
    0x15,0x1f,0x1d,0x3f,0x37,0xbf,0x5d,0x3f,0x37,0x7e,0x5c,0x7e,0x76,0xfe,0x5c,0xfe,0x75,0xff,0xdd,0xff,0x75,0xff,0xd9,0xfb,0x73,0xfb,0xd5,0xff,0x77,0xff,0xdd,0xff
  },
  { // 189
    0x00,0x00,0x00,0x00,0x00,0x00,0x00,0x00,0x00,0x00,0x00,0x00,0x00,0x00,0x00,0x00,0x00,0x00,0x00,0x40,0x00,0x00,0x00,0x80,0x00,0x00,0x00,0x80,0x00,0x00,0x00,0x80,
    0x00,0x00,0x00,0x80,0x00,0x00,0x00,0x00,0x00,0x00,0x00,0x00,0x00,0x80,0x00,0x80,0x80,0x80,0x00,0x80,0x80,0x80,0x00,0x80,0x80,0x80,0x00,0xc0,0xc0,0xc0,0x00,0xc0,
    0xc0,0x80,0x40,0x80,0x80,0x80,0x00,0x80,0x80,0x80,0x00,0x80,0x00,0x00,0x00,0x00,0x40,0xe0,0x40,0xe0,0xc0,0xe0,0x40,0xe0,0xc0,0xe0,0x40,0xe0,0xc0,0xe0,0x40,0xe0,
    0xc1,0xe3,0x61,0xe3,0xc1,0xe3,0x43,0xe2,0x45,0xe3,0x47,0xef,0xdd,0xff,0x77,0xff,0xdd,0xff,0x77,0xff,0xdd,0xff,0x77,0xfe,0xdd,0xff,0x77,0xff,0xdd,0xff,0x77,0xff,
    0x00,0x02,0x00,0x00,0x00,0x00,0x00,0x00,0x00,0x00,0x00,0x00,0x00,0x00,0x00,0x00,0x00,0x00,0x00,0x02,0x01,0x42,0x01,0x02,0x05,0x02,0x05,0x06,0x05,0x02,0x05,0x0f,
    0x05,0x0f,0x07,0x0f,0x05,0x0f,0x0f,0x0e,0x04,0x02,0x04,0x0e,0x04,0x0e,0x04,0x8e,0x05,0x8e,0x05,0x89,0x81,0x8b,0x01,0x8b,0x81,0x83,0x07,0x8f,0x05,0x8f,0x47,0x8f,
    0x05,0x0f,0x07,0x8f,0x0d,0x8f,0x17,0x8f,0x9d,0x9f,0x37,0x9f,0xbd,0xbf,0x37,0xbe,0x5d,0xbe,0x77,0xff,0xdd,0xff,0x77,0xef,0xdd,0xef,0x45,0xcf,0xcd,0xcf,0x77,0xff,
    0xdd,0xbf,0x57,0xbf,0xdd,0xbf,0x37,0xbf,0x5d,0x7f,0x77,0xff,0xdd,0xff,0x77,0xff,0xdd,0xff,0x75,0xff,0xdd,0xfb,0x73,0xff,0xdd,0xff,0x77,0xff,0xdd,0xff,0x77,0xef,
    0x0c,0x0a,0x04,0x0a,0x04,0x0a,0x04,0x0e,0x04,0x0e,0x04,0x0c,0x04,0x08,0x20,0x08,0x01,0x0a,0x01,0x0b,0x05,0x0b,0x17,0x0f,0x05,0x0f,0x07,0x0e,0x04,0x0e,0x0e,0x4e,
    0x1d,0x1e,0x17,0x1f,0x1d,0x1f,0x15,0x3e,0x1c,0x3a,0x10,0x3a,0x14,0x3e,0x37,0x3e,0x15,0x2f,0x57,0x2f,0x45,0x0f,0x45,0x1f,0x1d,0x1f,0x17,0x3f,0x1d,0x3f,0x1f,0x3f,
    0x1d,0x3f,0x17,0x3e,0x1d,0x3e,0x37,0x3f,0x5d,0x3f,0x7d,0x7f,0x5d,0x3b,0x31,0x3b,0x59,0x3b,0x73,0x7f,0x55,0x7f,0x77,0x7f,0x55,0x6f,0x67,0xef,0x4d,0xef,0x57,0xff,
    0x5d,0xff,0x77,0xbf,0x5d,0xff,0x37,0xbf,0x5d,0x3f,0x77,0xfe,0x5d,0xff,0x77,0xff,0xdd,0xff,0x75,0xfd,0xdd,0xfb,0x71,0xfb,0xdd,0xff,0x77,0xff,0xdd,0xff,0x77,0xff,
    0x00,0x00,0x00,0x00,0x00,0x00,0x00,0x00,0x00,0x00,0x00,0x00,0x00,0x00,0x00,0x00,0x00,0x00,0x00,0x00,0x00,0x00,0x00,0x00,0x00,0x00,0x00,0x00,0x00,0x00,0x10,0x00,
    0x00,0x00,0x00,0x00,0x00,0x04,0x00,0x00,0x00,0x00,0x00,0x00,0x00,0x00,0x00,0x00,0x00,0x00,0x00,0x00,0x00,0x00,0x00,0x00,0x00,0x00,0x00,0x08,0x00,0x08,0x10,0x08,
    0x10,0x18,0x10,0x38,0x10,0x38,0x10,0x38,0x14,0x38,0x10,0x38,0x10,0x28,0x10,0x28,0x10,0x38,0x10,0x38,0x10,0xba,0x34,0xbe,0x14,0x2e,0x04,0x2e,0x04,0x2e,0x56,0x7e,
    0x5c,0x7e,0x77,0xff,0x5d,0x3f,0x75,0xbe,0x5d,0xfe,0x77,0xfe,0x5d,0xff,0x77,0xff,0xdd,0xff,0x75,0xff,0xdd,0xef,0x77,0xff,0xdd,0xff,0x77,0xff,0xdd,0xff,0x77,0xff
  },
  { // 190
    0x00,0x00,0x20,0x00,0x00,0x00,0x00,0x00,0x00,0x00,0x00,0x00,0x00,0x80,0x00,0x00,0x00,0x00,0x00,0x00,0x00,0x00,0x00,0x00,0x00,0x00,0x00,0x00,0x00,0x00,0x00,0x00,
    0x80,0x00,0x00,0x00,0x00,0x00,0x00,0x00,0x00,0x00,0x00,0x00,0xa0,0x00,0x80,0x00,0x80,0x00,0x80,0x00,0x80,0x80,0x80,0x00,0x80,0x80,0x90,0x00,0x80,0x00,0x80,0x00,
    0x00,0x00,0x00,0x20,0x80,0x60,0x80,0x20,0x80,0xc0,0x80,0x00,0x80,0x80,0x80,0x40,0xc0,0xc0,0xc0,0x40,0xc0,0xc0,0xe0,0x40,0xc0,0xc0,0xc0,0x40,0xc0,0xc1,0xc3,0x41,
    0xc3,0xc1,0xa3,0x03,0xa3,0x01,0xa3,0x67,0xe6,0x55,0xff,0x77,0xff,0xdd,0xff,0x75,0xfe,0xdd,0xf9,0x71,0xfb,0xdd,0xfb,0x77,0xff,0xdd,0xff,0x77,0xff,0xd5,0xef,0x67,
    0x00,0x00,0x00,0x00,0x00,0x00,0x02,0x00,0x02,0x00,0x00,0x00,0x00,0x00,0x00,0x00,0x00,0x81,0x03,0x09,0x03,0x01,0x03,0x03,0x02,0x04,0x02,0x06,0x06,0x04,0x0e,0x07,
    0x0e,0x05,0x0e,0x05,0x0e,0x04,0x0a,0x00,0x0a,0x01,0x0a,0x03,0x0a,0x05,0x02,0x87,0x86,0x05,0x02,0x05,0x8f,0x05,0x8f,0x27,0x8f,0x0d,0x8f,0x07,0x8f,0x0d,0x0f,0x07,
    0x0f,0x1d,0x0f,0x17,0x1f,0x1d,0xbf,0x17,0xbe,0x1d,0xbe,0x1d,0x9d,0xdd,0xbb,0x51,0xfb,0xdd,0xfb,0x77,0xff,0xd5,0xe7,0x47,0xef,0xc5,0xef,0x47,0xef,0xdd,0xff,0x57,
    0xff,0xdf,0xbf,0x17,0xbf,0x1f,0xbf,0x37,0xff,0x5d,0xff,0x77,0xff,0xdd,0xfe,0x77,0xfe,0xdd,0xfd,0x75,0xff,0xdd,0xff,0x77,0xff,0xdd,0xff,0x77,0xff,0xd5,0xff,0x77,
    0x08,0x10,0x08,0x10,0x0a,0x10,0x0a,0x10,0x0a,0x04,0x02,0x14,0x02,0x04,0x02,0x04,0x0e,0x0d,0x0f,0x17,0x0f,0x1d,0x1f,0x17,0x1e,0x1d,0x1e,0x16,0x1e,0x1c,0x3e,0x16,
    0x3e,0x1c,0x3e,0x14,0x3c,0x1c,0x38,0x10,0x38,0x19,0x3b,0x33,0x3b,0x35,0x3b,0x37,0x2f,0x05,0x27,0x07,0x2f,0x25,0x2f,0x37,0x2f,0x3d,0x3f,0x17,0x1f,0x1d,0x3f,0x17,
    0x3f,0x1d,0x3f,0x37,0x3f,0x5d,0x3e,0x77,0x7e,0x5c,0x7e,0x74,0x7c,0x7d,0x7f,0x75,0x7f,0x5d,0x7f,0x77,0xff,0x5d,0x3f,0x37,0x3f,0x15,0x3f,0x77,0x7f,0x5d,0x7f,0x77,
    0xff,0x7d,0xff,0x77,0xff,0x5d,0xff,0x77,0xff,0xdd,0xff,0x77,0xff,0xdd,0xff,0x77,0xff,0xdd,0xff,0x77,0xff,0xdd,0xff,0x77,0xff,0xdd,0xff,0x77,0xff,0xdd,0xbf,0x37,
    0x00,0x00,0x00,0x00,0x00,0x00,0x00,0x00,0x00,0x00,0x00,0x00,0x00,0x00,0x00,0x00,0x00,0x00,0x00,0x00,0x20,0x00,0x01,0x00,0x00,0x00,0x00,0x00,0x00,0x00,0x00,0x00,
    0x00,0x00,0x00,0x00,0x00,0x00,0x00,0x00,0x00,0x00,0x00,0x00,0x00,0x00,0x00,0x00,0x00,0x00,0x00,0x00,0x00,0x00,0x00,0x00,0x00,0x00,0x00,0x00,0x08,0x00,0x08,0x10,
    0x08,0x10,0x38,0x10,0x38,0x10,0x38,0x30,0x38,0x10,0x20,0x00,0x20,0x00,0x20,0x00,0x28,0x4c,0x28,0x14,0x18,0x1c,0x1a,0x10,0x3e,0x14,0x3e,0x34,0x3e,0x5c,0x3e,0x76,
    0x7e,0x5c,0x7e,0x74,0xfc,0x5c,0xfc,0x74,0xfc,0xdd,0xfb,0x77,0xff,0xdd,0xfb,0x77,0xff,0xd5,0xe7,0x77,0xef,0xdd,0xff,0x77,0xff,0xdd,0xff,0x57,0xff,0xdd,0xbf,0x37
  },
  { // 191
    0x00,0x00,0x00,0x00,0x00,0x00,0x00,0x00,0x00,0x00,0x00,0x00,0x00,0x00,0x00,0x00,0x00,0x00,0x00,0x00,0x00,0x00,0x00,0x00,0x00,0x00,0x00,0x00,0x00,0x00,0x00,0x00,
    0x00,0x00,0x00,0x00,0x00,0x08,0x00,0x00,0x00,0x00,0x00,0x80,0x00,0x00,0x00,0x80,0x00,0x80,0x00,0x80,0x10,0x80,0x00,0x80,0x80,0x80,0x00,0x80,0x00,0xc0,0x00,0x40,
    0x00,0x40,0x00,0x80,0x00,0x00,0x00,0x80,0x00,0x80,0x00,0x80,0xc0,0x80,0x40,0xc0,0xc0,0xc0,0x40,0xc0,0xc0,0x80,0x40,0xc0,0xc0,0xc0,0x40,0xc2,0xc1,0xc3,0x41,0xc3,
    0xc1,0x83,0x01,0x83,0x85,0xa3,0x07,0xef,0xd5,0xff,0x77,0xfe,0xd4,0xfe,0x74,0xfe,0xdc,0xfc,0x75,0xff,0xdd,0xff,0x77,0xff,0xdd,0xfb,0x77,0xff,0xd5,0xff,0x77,0xff,
    0x00,0x02,0x00,0x00,0x00,0x02,0x00,0x02,0x01,0x40,0x00,0x10,0x00,0x02,0x00,0x02,0x04,0x02,0x05,0x0a,0x05,0x02,0x01,0x0a,0x05,0x02,0x07,0x0e,0x04,0x0e,0x06,0x0e,
    0x04,0x0e,0x04,0x0c,0x04,0x08,0x00,0x08,0x09,0x0b,0x41,0x0b,0x01,0x03,0x03,0x03,0x05,0x03,0x17,0x0f,0x05,0x0f,0x07,0x0f,0x0d,0x0f,0x07,0x0f,0x1d,0x1f,0x17,0x1f,
    0x1d,0x3f,0x17,0xbf,0x1d,0x3e,0x1e,0xbe,0x1c,0xbe,0x14,0xbc,0xdd,0xbf,0x55,0xff,0xdd,0xbb,0x57,0xbb,0x95,0xbb,0x17,0xaf,0x15,0xbf,0x77,0xff,0xdd,0xff,0x77,0xff,
    0x5d,0xff,0x57,0xff,0xdd,0xff,0x77,0xff,0xdd,0xff,0x77,0xff,0xdd,0xff,0x77,0xfe,0xd5,0xff,0x77,0xff,0xdd,0xff,0x77,0xff,0xdd,0xff,0x57,0xff,0xdd,0xbf,0x37,0xff,
    0x00,0x08,0x10,0x08,0x10,0x1a,0x10,0x1a,0x00,0x02,0x00,0x02,0x04,0x06,0x04,0x0e,0x0c,0x0e,0x04,0x0e,0x0c,0x0e,0x14,0x1e,0x1c,0x1e,0x14,0x3e,0x1c,0x3e,0x16,0x3e,
    0x1c,0x3e,0x14,0x3c,0x54,0x28,0x54,0x2c,0x5c,0x3b,0x15,0x3f,0x1d,0x3b,0x53,0x3b,0x55,0x27,0x57,0x2f,0x1d,0x3f,0x37,0x3f,0x1d,0x3f,0x17,0x3e,0x1d,0x3e,0x15,0x3f,
    0x1d,0x3f,0x37,0x7f,0x5d,0x3f,0x77,0x7e,0x54,0x7e,0x74,0x7e,0x55,0x7f,0x77,0xff,0x5d,0xff,0x57,0xff,0x5d,0x9f,0x17,0xbf,0x1d,0x3f,0x37,0xbf,0x5d,0x7f,0x77,0x7f,
    0x5d,0x7e,0x76,0xfe,0x5d,0xff,0x75,0xff,0xdd,0xff,0x77,0xff,0xdf,0xfb,0x73,0xff,0xdd,0xf7,0x77,0xff,0xdd,0xff,0x77,0xff,0xdd,0xff,0x57,0xdf,0xdd,0xbf,0x77,0xff,
    0x00,0x00,0x00,0x00,0x00,0x00,0x00,0x00,0x00,0x00,0x00,0x00,0x00,0x20,0x02,0x00,0x00,0x00,0x00,0x00,0x00,0x00,0x00,0x00,0x00,0x00,0x00,0x00,0x00,0x00,0x00,0x00,
    0x00,0x00,0x00,0x00,0x00,0x00,0x00,0x00,0x00,0x00,0x00,0x00,0x00,0x00,0x00,0x00,0x00,0x00,0x00,0x00,0x00,0x00,0x00,0x00,0x00,0x00,0x00,0x00,0x00,0x00,0x00,0x00,
    0x00,0x20,0x10,0x28,0x10,0x30,0x10,0x20,0x00,0x20,0x00,0x20,0x00,0x20,0x00,0x28,0x40,0x28,0x00,0x08,0x0c,0x08,0x10,0x18,0x1c,0x38,0x34,0x3e,0x5c,0x3e,0x74,0x7e,
    0x5c,0x7e,0x74,0xfc,0x5c,0xfc,0x74,0xfc,0xdd,0xff,0x75,0xff,0xdd,0xfb,0x73,0xfb,0xd5,0xff,0x77,0xff,0xdd,0xff,0x77,0xff,0xdd,0xff,0x77,0xff,0xdd,0xff,0x77,0xff
  },
  { // 192
    0x00,0x00,0x00,0x00,0x00,0x00,0x00,0x00,0x00,0x00,0x00,0x00,0x00,0x00,0x00,0x00,0x00,0x00,0x00,0x00,0x00,0x00,0x00,0x00,0x00,0x00,0x00,0x00,0x00,0x04,0x00,0x00,
    0x00,0x00,0x00,0x00,0x00,0x00,0x00,0x00,0x00,0x00,0x00,0x00,0x00,0x00,0x00,0x00,0x00,0x00,0x00,0x00,0x00,0x80,0x00,0x00,0x00,0x80,0x00,0x00,0x00,0x80,0x00,0x00,
    0x00,0x80,0x00,0x00,0x00,0x20,0x00,0x20,0x00,0xa0,0x80,0x80,0x00,0x80,0x80,0x80,0x00,0x80,0x80,0x80,0x00,0x80,0x80,0x82,0x01,0x82,0xc5,0x82,0x47,0xc6,0x45,0x86,
    0x45,0x8e,0xc5,0x8f,0x45,0xef,0xdd,0xff,0x77,0xff,0xd5,0xfa,0x76,0xfe,0xd4,0xfe,0x77,0xff,0xdd,0xff,0x77,0xff,0xdd,0xff,0x57,0xff,0xdd,0xff,0x77,0xff,0xdd,0xff,
    0x00,0x08,0x40,0x02,0x10,0x00,0x00,0x00,0x00,0x02,0x00,0x02,0x00,0x06,0x04,0x0e,0x04,0x0e,0x04,0x0e,0x04,0x0e,0x04,0x0a,0x04,0x0e,0x0c,0x0e,0x16,0x0e,0x14,0x0e,
    0x04,0x0e,0x04,0x08,0x04,0x4c,0x0c,0x0e,0x15,0x0b,0x05,0x0b,0x01,0x0b,0x01,0x03,0x07,0x0f,0x05,0x0f,0x17,0x0f,0x0d,0x0f,0x07,0x0e,0x0d,0x0e,0x15,0x1f,0x1d,0x3f,
    0x17,0x3f,0x9d,0x3f,0x37,0x3e,0x14,0x3a,0x36,0xbe,0x55,0xbf,0x77,0xff,0xdd,0xff,0x57,0xef,0xdd,0x8f,0x37,0x9f,0xbd,0xbf,0x37,0xbf,0x1d,0xbf,0x37,0xff,0x5d,0x7e,
    0x77,0xfe,0x5d,0xff,0x77,0xff,0xdf,0xff,0x77,0xff,0xdd,0xfb,0x73,0xfb,0xd5,0xff,0x77,0xff,0xdd,0xff,0x77,0xff,0xdd,0xef,0x57,0xdf,0xdd,0xff,0x57,0xff,0xdd,0xff,
    0x00,0x08,0x00,0x08,0x10,0x08,0x00,0x00,0x00,0x08,0x00,0x03,0x14,0x0e,0x14,0x2e,0x14,0x2e,0x0c,0x0e,0x14,0x0c,0x1c,0x3c,0x14,0x3c,0x1c,0x3a,0x14,0x3a,0x1c,0x3a,
    0x30,0x3a,0x10,0x32,0x34,0x2e,0x14,0x2e,0x14,0x2e,0x0c,0x2e,0x04,0x0e,0x1d,0x1a,0x17,0x3e,0x1d,0x3f,0x37,0x3e,0x3d,0x3e,0x36,0x3e,0x7c,0x3e,0x74,0x7e,0x5c,0x7e,
    0x7d,0x7e,0x5d,0x7b,0x71,0x7b,0x51,0x7b,0x73,0xfb,0x55,0xff,0x77,0xff,0x5d,0xef,0x77,0xef,0xcd,0xcf,0x57,0x9f,0x5d,0xbf,0x77,0xff,0x5d,0xbf,0x77,0xff,0x5d,0x7e,
    0x76,0xfe,0x5c,0xfe,0x77,0xff,0xdd,0xff,0x75,0xff,0xdd,0xfb,0x73,0xfb,0xd5,0xfb,0x77,0xff,0xdd,0xff,0x77,0xff,0xdd,0xff,0x77,0xff,0xdd,0xff,0x77,0xff,0xdd,0xff,
    0x00,0x00,0x00,0x00,0x00,0x00,0x02,0x00,0x00,0x00,0x00,0x00,0x00,0x00,0x00,0x00,0x00,0x00,0x00,0x00,0x00,0x00,0x20,0x00,0x00,0x00,0x00,0x00,0x00,0x00,0x00,0x00,
    0x00,0x00,0x00,0x00,0x00,0x00,0x00,0x00,0x00,0x00,0x00,0x00,0x00,0x00,0x00,0x00,0x00,0x00,0x00,0x00,0x00,0x00,0x00,0x00,0x00,0x00,0x00,0x00,0x00,0x00,0x00,0x00,
    0x00,0x00,0x00,0x00,0x00,0x00,0x00,0x00,0x00,0x00,0x00,0x20,0x00,0x20,0x00,0x20,0x00,0x28,0x00,0x28,0x00,0x28,0x58,0x38,0x50,0x78,0x58,0x78,0x70,0xf8,0x58,0x38,
    0x70,0xf8,0x50,0xfa,0x74,0xfe,0xdd,0xff,0x75,0xff,0xdd,0xef,0x55,0xef,0xdd,0xff,0x57,0xff,0xdd,0xff,0x77,0xff,0x5d,0xff,0x77,0x7f,0x5d,0xff,0x77,0xff,0xdd,0xff
  },
  { // 193
    0x00,0x00,0x00,0x00,0x00,0x00,0x00,0x00,0x00,0x00,0x00,0x00,0x00,0x00,0x00,0x00,0x00,0x00,0x00,0x02,0x00,0x00,0x00,0x00,0x00,0x00,0x00,0x00,0x00,0x00,0x00,0x00,
    0x00,0x00,0x00,0x00,0x00,0x00,0x00,0x00,0x00,0x00,0x00,0x00,0x00,0x00,0x00,0x00,0x00,0x00,0x00,0x00,0x00,0x00,0x00,0x00,0x00,0x00,0x00,0x00,0x00,0x00,0x00,0x00,
    0x00,0x00,0x00,0x00,0x00,0x00,0x00,0x00,0x00,0x00,0x80,0x00,0x80,0x40,0x80,0x40,0x80,0x40,0x80,0x80,0x82,0x01,0x82,0x85,0x83,0x07,0x8e,0x04,0x06,0x06,0x0e,0x04,
    0x0e,0x44,0xce,0xdc,0xee,0x55,0xff,0xdd,0xfb,0x51,0xfb,0xd1,0xfb,0x73,0xff,0xd5,0xff,0x77,0xff,0xd5,0xef,0x67,0xef,0xcd,0xef,0x57,0xff,0xdd,0xff,0x77,0xff,0xdd,
    0x08,0x00,0x08,0x80,0x01,0x00,0x08,0x00,0x00,0x00,0x0a,0x04,0x0a,0x04,0x0e,0x04,0x0e,0x04,0x0e,0x0c,0x0e,0x14,0x0e,0x1c,0x1e,0x14,0x1c,0x1c,0x18,0x10,0x58,0x10,
    0x3a,0x10,0x3a,0x14,0x3e,0x1c,0x2e,0x04,0x2e,0x04,0x0e,0x04,0x0e,0x05,0x0f,0x1d,0x1f,0x17,0x3f,0x1d,0x3f,0x17,0x3e,0x1c,0x3e,0x36,0x3e,0x1c,0x3e,0x74,0x7e,0x5c,
    0x3e,0x75,0x78,0x5d,0x3b,0x31,0xbb,0x51,0xbb,0x77,0xff,0x55,0xff,0x77,0xef,0x45,0xaf,0x47,0xef,0x5d,0xbf,0x57,0xff,0xdd,0xbf,0x37,0xbf,0x1d,0x3f,0x77,0xfe,0x5d,
    0xff,0x77,0xfe,0xdd,0xff,0x77,0xff,0xdd,0xff,0x75,0xff,0xdd,0xff,0x77,0xff,0xdd,0xff,0x77,0xff,0xdd,0xff,0x77,0xff,0x5d,0xff,0x77,0xff,0xdd,0xff,0x77,0xff,0xdd,
    0x20,0x10,0x00,0x00,0x00,0x00,0x08,0x00,0x08,0x10,0x08,0x18,0x38,0x10,0x38,0x14,0x38,0x10,0x38,0x14,0x38,0x34,0x3c,0x5c,0x38,0x74,0x78,0x58,0x38,0x10,0x38,0x10,
    0x38,0x10,0x38,0x50,0x3a,0x74,0x3e,0x54,0x2e,0x04,0x2e,0x44,0x2e,0x04,0x0e,0x7c,0x3e,0x34,0x3e,0x7c,0x3e,0x34,0x3e,0x1c,0x3e,0xf4,0x7e,0x5c,0x7f,0x74,0xfe,0x5c,
    0xfe,0x74,0xfc,0xdc,0xf8,0x51,0xfa,0xdd,0xfb,0x77,0xff,0xdd,0xff,0x77,0xff,0x5d,0x3f,0x77,0x7e,0x5d,0xff,0x77,0xff,0xdd,0xff,0x77,0xff,0xdd,0xff,0x75,0xff,0xdd,
    0xff,0x77,0xff,0xdd,0xff,0x77,0xff,0xdd,0xef,0x67,0xef,0xcd,0xff,0x57,0xff,0xdd,0xff,0x77,0xff,0xdd,0xbf,0x37,0xbf,0x5d,0x7f,0x77,0xff,0xdd,0xff,0x77,0xff,0xdd,
    0x00,0x00,0x00,0x00,0x00,0x00,0x00,0x00,0x00,0x00,0x00,0x00,0x00,0x00,0x00,0x00,0x00,0x40,0x00,0x00,0x00,0x00,0x00,0x00,0x00,0x00,0x00,0x00,0x00,0x00,0x00,0x00,
    0x00,0x00,0x00,0x00,0x00,0x00,0x00,0x00,0x00,0x00,0x00,0x00,0x00,0x00,0x00,0x00,0x00,0x00,0x00,0x01,0x00,0x00,0x00,0x00,0x00,0x00,0x00,0x00,0x00,0x00,0x00,0x80,
    0x00,0x00,0x00,0x00,0x00,0x00,0x00,0x00,0x00,0x01,0x01,0x00,0x00,0x00,0x00,0x00,0x20,0x00,0x20,0x00,0x20,0x70,0x68,0x50,0x78,0x70,0xf8,0x50,0xf8,0x70,0xf8,0xd1,
    0xf9,0x71,0xfb,0xd1,0xf3,0x71,0xfb,0xd5,0xe3,0x67,0xef,0xc5,0xef,0x57,0xff,0xdd,0xff,0x77,0xff,0xdd,0xbf,0x37,0xbf,0x5d,0xff,0x77,0xff,0xdd,0xff,0x77,0xff,0xdd
  },
  { // 194
    0x00,0x00,0x00,0x00,0x00,0x00,0x00,0x00,0x00,0x00,0x00,0x00,0x00,0x00,0x00,0x00,0x00,0x00,0x00,0x00,0x00,0x00,0x00,0x00,0x00,0x00,0x00,0x00,0x00,0x00,0x00,0x00,
    0x00,0x01,0x00,0x00,0x00,0x00,0x00,0x00,0x00,0x00,0x00,0x00,0x00,0x00,0x00,0x00,0x00,0x00,0x00,0x00,0x00,0x00,0x00,0x00,0x00,0x00,0x00,0x00,0x00,0x00,0x00,0x00,
    0x00,0x00,0x00,0x00,0x00,0x00,0x40,0x00,0x40,0x00,0x40,0x02,0x00,0x02,0x00,0x02,0x04,0x0e,0x04,0x0e,0x05,0x8e,0x0c,0x8e,0x07,0x8e,0x0c,0x0e,0x16,0x0e,0x1c,0x1e,
    0x16,0xbe,0x5c,0xfe,0x54,0xfe,0xdc,0xe8,0x51,0xf9,0xdd,0xfb,0x57,0xff,0xdd,0xff,0x77,0xff,0xd5,0xbf,0x77,0xef,0xdd,0xff,0x77,0xff,0xdd,0xff,0x77,0xff,0xdd,0xff,
    0x00,0x00,0x00,0x00,0x00,0x08,0x04,0x08,0x00,0x08,0x1c,0x18,0x14,0x18,0x14,0x18,0x14,0x3c,0x14,0x3c,0x14,0x3c,0x1c,0x3c,0x94,0xbc,0x1c,0x38,0x10,0x38,0x10,0x38,
    0x10,0x3a,0x10,0x3a,0x34,0x2e,0x04,0x26,0x04,0xae,0x04,0x2e,0x04,0x2e,0x1c,0x3e,0x16,0x3e,0x1c,0x3e,0x14,0x3e,0x1c,0x3e,0x36,0x3e,0x5d,0x7f,0x76,0x7e,0x5c,0x7e,
    0x74,0xfc,0x5c,0xf8,0x51,0xfb,0xdf,0xfb,0x77,0xff,0xdd,0xbf,0x37,0xbf,0x15,0x2f,0x77,0xff,0x5d,0xff,0x77,0xff,0x7d,0xff,0x77,0xff,0xfd,0xff,0x77,0xff,0xdd,0xff,
    0x77,0xff,0xdd,0xff,0x77,0xff,0xd5,0xef,0x75,0xef,0xdd,0xff,0x77,0xff,0xdd,0xff,0x77,0xff,0xdd,0xbf,0x37,0xbf,0x5d,0xff,0x77,0xff,0xfd,0xff,0x77,0xff,0xdd,0xff,
    0x00,0x20,0x00,0x00,0x00,0x00,0x00,0x08,0x00,0x08,0x10,0x38,0x10,0x38,0x10,0x38,0x10,0x38,0x10,0x38,0x30,0x78,0x50,0x78,0x70,0x68,0x40,0x68,0x40,0x68,0x40,0x68,
    0x50,0xf8,0x50,0x38,0x10,0xb8,0x10,0x20,0x10,0x28,0x14,0x2c,0x74,0x7c,0x5c,0x7c,0x74,0xfc,0x5c,0xfa,0x70,0xf8,0x58,0xf9,0x70,0xf8,0x5c,0xfa,0x74,0xfe,0xd4,0xfa,
    0x74,0xec,0xc4,0xe8,0x44,0xee,0xdc,0xfe,0x55,0xff,0xdd,0xbf,0x17,0xbe,0x1d,0x3e,0x37,0xbe,0x5c,0xfe,0x7e,0xfe,0x5c,0xfe,0x74,0xfe,0xdc,0xfc,0x77,0xf9,0xdd,0xfb,
    0x77,0xff,0xdd,0xff,0x77,0xff,0xd5,0xef,0x67,0xef,0xcd,0xef,0x77,0xff,0xdd,0xff,0x57,0xff,0xdd,0xbf,0x37,0xbf,0xdd,0xff,0x77,0xff,0xdd,0xff,0x77,0xff,0xdd,0xfe,
    0x00,0x00,0x00,0x00,0x00,0x00,0x00,0x00,0x00,0x00,0x00,0x00,0x40,0x00,0x00,0x00,0x00,0x00,0x00,0x00,0x00,0x00,0x00,0x00,0x00,0x00,0x00,0x00,0x00,0x00,0x00,0x00,
    0x00,0x00,0x00,0x00,0x00,0x00,0x00,0x00,0x00,0x00,0x00,0x00,0x00,0x02,0x00,0x00,0x00,0x00,0x01,0x00,0x00,0x00,0x00,0x00,0x00,0x00,0x00,0x00,0x00,0x00,0x00,0x00,
    0x00,0x00,0x00,0x00,0x00,0x00,0x00,0x00,0x01,0x00,0x01,0x00,0x01,0x00,0x01,0x00,0x01,0x00,0x00,0x20,0x00,0x60,0x40,0x60,0x60,0xe0,0x40,0xe0,0x40,0xe0,0xc1,0xe1,
    0x51,0xf3,0xd1,0xf3,0x53,0xe3,0xd1,0xa3,0x13,0xaf,0x55,0xff,0x77,0xff,0xdd,0xff,0x77,0xff,0xdd,0xff,0x77,0xff,0xdd,0xff,0x77,0xff,0xdd,0xff,0x77,0xff,0xdd,0xff
  },
  { // 195
    0x00,0x00,0x08,0x00,0x00,0x00,0x00,0x00,0x00,0x00,0x00,0x00,0x00,0x00,0x00,0x00,0x00,0x00,0x00,0x00,0x00,0x00,0x00,0x00,0x00,0x00,0x00,0x00,0x00,0x00,0x00,0x00,
    0x00,0x00,0x00,0x00,0x00,0x00,0x00,0x00,0x00,0x00,0x00,0x00,0x00,0x00,0x00,0x00,0x00,0x00,0x00,0x00,0x00,0x00,0x00,0x00,0x00,0x00,0x00,0x00,0x00,0x00,0x00,0x00,
    0x00,0x00,0x00,0x00,0x00,0x00,0x08,0x00,0x00,0x00,0x00,0x00,0x02,0x02,0x0e,0x04,0x8e,0x04,0x8e,0x0c,0x8e,0x14,0x0e,0x1c,0x1e,0x14,0x1e,0x1c,0x3e,0x14,0xbf,0x1c,
    0xba,0x36,0xbe,0x54,0xb2,0x74,0xee,0xc5,0xef,0x77,0xef,0xdd,0xff,0x57,0xff,0xdd,0x9f,0x17,0xbf,0x9d,0xbf,0x77,0xff,0xdd,0xff,0x77,0xff,0x5d,0xfe,0x77,0xfe,0xdd,
    0x20,0x00,0x20,0x00,0x28,0x00,0x28,0x0c,0x28,0x10,0x08,0x18,0x18,0x10,0x38,0x18,0x38,0x30,0x38,0x58,0x38,0x70,0x78,0x58,0xb8,0x70,0x68,0x40,0x68,0x50,0x68,0x5c,
    0x78,0x50,0x38,0x10,0x38,0x10,0x38,0x14,0x3e,0x34,0x3e,0x5c,0x3e,0x74,0x7e,0x5c,0x7c,0x54,0x7c,0x5d,0xfc,0x74,0xfc,0x5c,0xfa,0x74,0xfa,0x5e,0xfa,0x70,0xfa,0xd4,
    0xe2,0x74,0xee,0xdc,0xee,0x76,0xfe,0xdc,0xfe,0x56,0x9e,0x9d,0xbe,0x17,0xbe,0x1d,0xbe,0x77,0xfe,0x5c,0xfe,0x76,0xfe,0x5d,0xfe,0xf4,0xfc,0xdc,0xff,0x75,0xff,0xdd,
    0xfb,0x73,0xfb,0xd5,0xf3,0x77,0xff,0xd5,0xff,0x77,0xff,0xdd,0xff,0x77,0xff,0xdd,0xff,0x57,0xff,0xdd,0xbf,0x77,0xff,0xdd,0xff,0x77,0xff,0xdd,0xfe,0x76,0xfe,0xdc,
    0x00,0x00,0x00,0x00,0x20,0x00,0x20,0x00,0x20,0x00,0x20,0x40,0x20,0x00,0x20,0x50,0x30,0x50,0xf1,0x50,0xb0,0x70,0xe0,0x50,0x20,0x60,0xe0,0x40,0xe0,0x40,0xe0,0x40,
    0xe0,0x40,0xc8,0x40,0x88,0x10,0x88,0x10,0x38,0x10,0xb8,0x50,0x38,0x70,0x78,0x50,0x79,0x70,0xf8,0x70,0xf8,0x70,0xf8,0xd8,0xf8,0x70,0xf8,0xd0,0xf8,0x70,0xf0,0xd0,
    0xe0,0x70,0xe8,0xd4,0xec,0x74,0xee,0xdc,0xfe,0x55,0xfc,0xdd,0xbe,0x15,0xbe,0xdd,0xff,0x7d,0xfe,0xdd,0xfe,0x74,0xfe,0xdc,0xff,0x74,0xfc,0xdc,0xff,0x75,0xff,0xdd,
    0xff,0x75,0xfb,0xdd,0xfb,0x77,0xff,0xd5,0xff,0x77,0xff,0xdd,0xff,0x77,0xff,0xdd,0xff,0x77,0xff,0xdd,0xff,0x77,0xff,0xdd,0xff,0x77,0xff,0xdd,0xff,0x77,0xff,0xd5,
    0x00,0x00,0x00,0x00,0x00,0x00,0x80,0x00,0x00,0x00,0x00,0x00,0x00,0x00,0x00,0x00,0x00,0x00,0x00,0x00,0x00,0x00,0x00,0x00,0x00,0x00,0x00,0x00,0x00,0x00,0x00,0x00,
    0x00,0x00,0x00,0x00,0x04,0x00,0x00,0x00,0x00,0x00,0x00,0x00,0x00,0x00,0x00,0x00,0x10,0x00,0x00,0x00,0x20,0x00,0x00,0x00,0x00,0x01,0x00,0x09,0x09,0x01,0x01,0x01,
    0x01,0x01,0x01,0x01,0x01,0x01,0x01,0x01,0x00,0x01,0x00,0x00,0x00,0x01,0x00,0x01,0x01,0x01,0x01,0x01,0x03,0x01,0x03,0x01,0x02,0x01,0xe2,0x41,0xe3,0x41,0xe3,0xc1,
    0xe3,0x43,0xc3,0xc1,0x83,0x03,0x83,0x95,0xbf,0x17,0xbf,0x55,0xff,0x77,0xff,0x5d,0x7e,0x76,0xfe,0xdc,0xff,0x75,0xff,0xdd,0xff,0x77,0xff,0xdd,0xfb,0x73,0xfb,0xd5
  },
  { // 196
    0x00,0x00,0x00,0x00,0x00,0x00,0x00,0x00,0x00,0x00,0x00,0x00,0x00,0x00,0x00,0x00,0x00,0x00,0x00,0x00,0x00,0x00,0x00,0x00,0x00,0x00,0x00,0x00,0x00,0x00,0x00,0x00,
    0x00,0x00,0x00,0x00,0x00,0x00,0x00,0x00,0x00,0x00,0x00,0x00,0x00,0x00,0x00,0x00,0x00,0x00,0x00,0x00,0x00,0x00,0x00,0x00,0x00,0x00,0x00,0x00,0x00,0x00,0x00,0x00,
    0x00,0x00,0x00,0x00,0x00,0x08,0x00,0x0c,0x00,0x48,0x00,0x48,0x10,0x5e,0x1c,0x3e,0x14,0x3e,0x1c,0x3e,0x14,0x3e,0x1c,0x3c,0x14,0x3c,0x5c,0x3e,0x74,0xfe,0x5c,0xba,
    0x70,0xba,0x50,0xb2,0x73,0xfe,0x55,0xff,0x77,0xef,0xdd,0xef,0x57,0xef,0xdd,0x9f,0x57,0xff,0xdd,0xbf,0x77,0xff,0xdd,0xff,0x77,0xff,0x5d,0xfe,0x76,0xfe,0xdc,0xff,
    0x10,0x28,0x10,0x38,0x10,0x28,0x10,0x28,0x10,0x28,0x50,0x38,0x10,0x78,0x58,0x78,0x78,0xf8,0x58,0x78,0x70,0xf8,0x50,0x30,0x70,0xe0,0x42,0xe0,0x60,0xe8,0x44,0xe8,
    0x40,0xc8,0x48,0x88,0x10,0x98,0x1c,0xb8,0x34,0xbc,0x5c,0xbc,0x76,0x7c,0x5c,0x7c,0x74,0xfc,0x5c,0xfc,0x74,0xfd,0xdd,0xf8,0x70,0xf8,0xd8,0xf8,0x70,0xf8,0xd0,0xf2,
    0x74,0xfe,0xd4,0xfe,0x74,0xee,0xcc,0xee,0x54,0xde,0xdc,0xbe,0x54,0xfe,0xdc,0xfe,0x76,0xfe,0xdc,0xff,0x76,0xfe,0x7c,0xfe,0x74,0xfe,0xdc,0xfe,0x75,0xfe,0xdd,0xff,
    0x75,0xfb,0xd9,0xfb,0x77,0xff,0xdf,0xff,0x77,0xff,0xdf,0xff,0x77,0xff,0x5d,0xff,0x77,0xff,0xdd,0xff,0x77,0xff,0xdd,0xff,0x77,0xff,0xdd,0xff,0x7f,0xff,0xdd,0xff,
    0x00,0x00,0x00,0x00,0x00,0x20,0x00,0x20,0x00,0x20,0x40,0x20,0x42,0x60,0x40,0xe0,0x40,0xe0,0x41,0xe0,0x40,0xa0,0x40,0xa0,0x00,0xa0,0x40,0xa0,0x40,0xe0,0x40,0xa0,
    0x40,0xc0,0x40,0x00,0x00,0x80,0x50,0xb0,0x10,0xb8,0x70,0xb0,0x70,0xf0,0x70,0x70,0x70,0xf0,0x50,0xf0,0x70,0xf8,0xf0,0xf8,0x70,0xe8,0xd0,0xe0,0x51,0xe8,0xd1,0xb1,
    0x51,0xf9,0xd1,0xf9,0x71,0xf8,0x55,0x78,0x74,0xfc,0x5c,0xf8,0x75,0xfc,0xdd,0xfb,0x75,0xfb,0xd9,0xfb,0x71,0xfa,0xd1,0xfa,0x71,0xff,0xd5,0xff,0x77,0xff,0xdd,0xef,
    0x55,0xef,0xdd,0xdf,0x57,0xff,0xdd,0xff,0x77,0xff,0xdd,0xff,0x77,0xff,0x5d,0x7e,0x76,0xfe,0xdd,0xff,0x77,0xff,0xdd,0xff,0x75,0xff,0xd9,0xfb,0x73,0xfb,0xd5,0xff,
    0x00,0x00,0x80,0x00,0x00,0x00,0x00,0x00,0x00,0x00,0x00,0x00,0x00,0x00,0x00,0x00,0x00,0x00,0x00,0x00,0x00,0x00,0x00,0x00,0x00,0x00,0x01,0x00,0x00,0x00,0x04,0x00,
    0x00,0x00,0x00,0x00,0x00,0x00,0x00,0x00,0x00,0x00,0x08,0x00,0x00,0x00,0x00,0x10,0x00,0x00,0x00,0x00,0x00,0x08,0x09,0x00,0x01,0x01,0x01,0x01,0x01,0x01,0x01,0x01,
    0x01,0x01,0x01,0x03,0x01,0x03,0x01,0x02,0x00,0x02,0x00,0x02,0x00,0x00,0x01,0x01,0x01,0x01,0x01,0x01,0x01,0x01,0x01,0x03,0x01,0x83,0x01,0x83,0x03,0x83,0x45,0x83,
    0x07,0x87,0x05,0x87,0x07,0x8f,0xc5,0xaf,0x17,0xbf,0xdd,0xbf,0x37,0xbf,0x55,0xfe,0x76,0xfe,0xdd,0xff,0x77,0xff,0xdd,0xff,0x75,0xff,0xdd,0xfb,0x73,0xfb,0xdd,0xff
  },
  { // 197
    0x00,0x00,0x00,0x00,0x00,0x00,0x00,0x00,0x00,0x00,0x00,0x00,0x00,0x00,0x00,0x00,0x00,0x00,0x00,0x00,0x00,0x00,0x00,0x00,0x00,0x00,0x00,0x00,0x00,0x00,0x00,0x00,
    0x00,0x00,0x00,0x00,0x00,0x00,0x00,0x00,0x00,0x00,0x00,0x00,0x00,0x00,0x00,0x00,0x80,0x00,0x00,0x00,0x00,0x00,0x00,0x00,0x00,0x00,0x00,0x00,0x00,0x00,0x00,0x00,
    0x00,0x08,0x20,0x00,0x24,0x00,0x20,0x08,0x04,0x08,0x14,0x1c,0x1c,0x3c,0x14,0x3c,0x1c,0x38,0x34,0x3c,0x14,0x3c,0x34,0x7c,0x5e,0x7e,0x74,0xfc,0x5c,0xf8,0x50,0xf8,
    0x58,0xfa,0x50,0xfa,0xdd,0xff,0x77,0xff,0x5d,0xff,0x77,0xef,0x5d,0x7f,0x77,0xff,0xdd,0xff,0x77,0xff,0xdd,0xff,0x77,0xff,0xdd,0xff,0x77,0xff,0xdd,0xff,0x77,0xff,
    0x10,0x38,0x10,0x38,0x10,0xb0,0x30,0x38,0x50,0x30,0x74,0x78,0x50,0xf8,0x70,0xf8,0x50,0xf8,0x70,0xf8,0x50,0xb2,0x50,0xf0,0x50,0xf0,0x70,0xe8,0x50,0xe0,0xc0,0xe8,
    0x40,0xa8,0x40,0xc8,0x58,0xb8,0x54,0xf8,0xd8,0xb8,0x70,0xb8,0x58,0x38,0x70,0xf8,0x50,0xf8,0x70,0xf8,0xdc,0xf8,0x70,0xf8,0xd8,0xf8,0x50,0xf8,0xd2,0xf8,0x70,0xf8,
    0xdc,0xfe,0x74,0xfe,0x5c,0xbe,0x74,0xfe,0x5c,0xfe,0x74,0xfe,0xdc,0xfe,0x74,0xfe,0xfc,0xfa,0x78,0xfa,0xd8,0xfa,0x74,0xfe,0xdc,0xfe,0x76,0xfe,0xdc,0xfe,0x74,0xee,
    0xcd,0xef,0x57,0xff,0xdf,0xff,0x77,0xff,0xdd,0xbf,0x37,0xbf,0x5d,0x7e,0x77,0xfe,0xdd,0xff,0x77,0xff,0xdd,0xff,0x75,0xff,0xdd,0xfb,0x71,0xfb,0xdd,0xff,0x77,0xff,
    0x00,0x00,0x00,0x00,0x00,0x00,0x00,0x00,0x00,0x20,0x00,0x20,0x42,0x60,0x40,0xe0,0x40,0xe0,0x40,0xc0,0x40,0x80,0x00,0x80,0x00,0x80,0x00,0xa0,0x80,0x20,0x02,0x20,
    0x00,0x20,0x00,0x20,0x40,0xe0,0x40,0xe0,0xd0,0xe0,0x50,0xf0,0xd0,0xb0,0x70,0xe0,0xd0,0xf0,0x70,0xe0,0xc0,0xe0,0x61,0xe0,0xc1,0xe0,0x41,0xc1,0xc1,0xc1,0x51,0xf9,
    0xd1,0xb9,0x11,0xbb,0x11,0x3b,0x31,0x3a,0x50,0x7a,0x70,0xfa,0xdc,0xfa,0x71,0xf8,0xd9,0xf9,0x71,0xf9,0xd1,0xff,0x71,0xfb,0xd1,0xfb,0x77,0xff,0xd5,0xef,0x67,0xef,
    0xc5,0xef,0x57,0xff,0xdd,0xff,0x77,0xff,0xdd,0xff,0x77,0xbf,0x5d,0xff,0x77,0xff,0xdd,0xff,0x77,0xff,0xdd,0xff,0x75,0xff,0xdd,0xfb,0x75,0xfb,0xdd,0xff,0x77,0xff,
    0x00,0x00,0x00,0x00,0x00,0x00,0x00,0x00,0x00,0x00,0x00,0x00,0x00,0x00,0x00,0x00,0x00,0x00,0x00,0x00,0x01,0x00,0x00,0x02,0x00,0x00,0x00,0x00,0x00,0x00,0x00,0x00,
    0x00,0x00,0x00,0x00,0x04,0x00,0x00,0x00,0x00,0x00,0x08,0x00,0x00,0x00,0x01,0x00,0x11,0x01,0x01,0x01,0x01,0x01,0x01,0x01,0x01,0x03,0x01,0x01,0x01,0x03,0x01,0x03,
    0x01,0x03,0x01,0x03,0x01,0x03,0x01,0x02,0x00,0x02,0x00,0x02,0x00,0x02,0x01,0x02,0x01,0x01,0x01,0x01,0x01,0x03,0x01,0x03,0x01,0x03,0x03,0x03,0x05,0x03,0x07,0x07,
    0x05,0x07,0x07,0x0f,0x45,0x8f,0x47,0xcf,0xcd,0xaf,0x57,0xef,0xff,0xbb,0x77,0xff,0xdd,0xff,0x77,0xff,0xdd,0xff,0x77,0xef,0xc5,0xef,0x67,0xef,0xdd,0xff,0x77,0xff
  },
  { // 198
    0x00,0x00,0x00,0x00,0x00,0x00,0x00,0x00,0x00,0x00,0x00,0x00,0x00,0x00,0x00,0x00,0x00,0x00,0x00,0x00,0x00,0x00,0x00,0x00,0x00,0x00,0x00,0x00,0x00,0x00,0x00,0x00,
    0x00,0x00,0x00,0x00,0x00,0x00,0x80,0x00,0x00,0x20,0x00,0x00,0x00,0x00,0x00,0x00,0x00,0x00,0x00,0x00,0x00,0x00,0x00,0x00,0x00,0x00,0x10,0x00,0x08,0x00,0x00,0x10,
    0x08,0x00,0x00,0x00,0x08,0x00,0x28,0x54,0x2c,0x5c,0x3c,0x54,0x3c,0x1c,0x38,0x10,0x38,0x18,0x38,0x30,0x3c,0x58,0x78,0x74,0xfe,0x54,0x7a,0x74,0xec,0x44,0xee,0x44,
    0xee,0xdc,0xfe,0x56,0xfe,0xdc,0xbe,0x17,0xbe,0x1d,0x3e,0x37,0xfe,0x5c,0xfe,0x77,0xfe,0xdc,0xfe,0x74,0xfe,0xdd,0xfd,0x75,0xff,0xdd,0xff,0x77,0xff,0xdd,0xff,0x77,
    0xb0,0x50,0xb0,0x10,0xb0,0x10,0x30,0x30,0xf0,0x50,0xf0,0x70,0xf0,0x50,0xe1,0x60,0xe0,0xc0,0xe0,0x40,0xe8,0xc0,0xe0,0x50,0xf8,0xd0,0xb0,0x10,0xb8,0x10,0x30,0x30,
    0x28,0x50,0x78,0x70,0xf8,0x58,0xf8,0x70,0xf8,0xd8,0xf8,0x70,0xf8,0xd0,0xf8,0x70,0xf8,0xd0,0xf8,0x70,0xf8,0xd0,0xe0,0x60,0xe8,0xc0,0xe8,0x50,0xfc,0xdc,0xf8,0x54,
    0xfc,0x9c,0xb8,0x34,0xbc,0x1c,0x3c,0x74,0xfc,0x5c,0xfc,0x74,0xfc,0xdc,0xfc,0x74,0xf8,0xd8,0xf8,0x70,0xf8,0xd8,0xfa,0x70,0xfa,0xd4,0xfe,0x77,0xee,0xc4,0xee,0x76,
    0xee,0xdd,0xff,0x77,0xff,0xdd,0xff,0x77,0xff,0xdd,0xbf,0x77,0xff,0xdd,0xff,0x77,0xff,0xdd,0xfe,0x76,0xfe,0xdc,0xfe,0x75,0xff,0xdd,0xff,0x77,0xff,0xdd,0xff,0x77,
    0x08,0x00,0x00,0x00,0x00,0x04,0x00,0x00,0x80,0x00,0x80,0x00,0x80,0x40,0x80,0x00,0x80,0x40,0x00,0x40,0x80,0x40,0x80,0x04,0x80,0x00,0x80,0x01,0x80,0x00,0x00,0x00,
    0x20,0x00,0x20,0x40,0xe0,0xc0,0xe0,0x40,0xe0,0x40,0xe0,0x40,0xe0,0xc1,0xe1,0x41,0xe1,0xc1,0xe1,0x41,0xe1,0xc1,0xa1,0x41,0xe1,0x41,0xe1,0x61,0xe1,0xc1,0xe3,0x51,
    0xe3,0xd1,0xb3,0x11,0xbb,0x51,0xb3,0x71,0xfb,0xd1,0xfb,0x71,0xfa,0xd0,0xf2,0x74,0xe8,0xc1,0xe9,0x71,0xfb,0xd1,0xfb,0x73,0xfb,0xd5,0xfb,0x53,0xbf,0x95,0xbf,0x77,
    0xff,0x5d,0xff,0x77,0xff,0xdd,0xff,0x77,0xff,0xdd,0xff,0x75,0xff,0xdd,0xff,0x77,0xff,0xdd,0xff,0x77,0xff,0xd5,0xff,0x77,0xef,0xdd,0xff,0x77,0xff,0xdd,0xff,0x57,
    0x00,0x00,0x00,0x00,0x00,0x00,0x00,0x00,0x00,0x00,0x00,0x00,0x01,0x00,0x00,0x00,0x00,0x00,0x00,0x00,0x00,0x00,0x00,0x00,0x00,0x00,0x00,0x00,0x00,0x04,0x00,0x00,
    0x00,0x00,0x00,0x00,0x04,0x00,0x00,0x00,0x00,0x08,0x00,0x00,0x00,0x01,0x01,0x01,0x01,0x01,0x03,0x01,0x03,0x01,0x03,0x01,0x03,0x01,0x03,0x03,0x03,0x01,0x03,0x01,
    0x02,0x01,0x00,0x01,0x00,0x01,0x01,0x01,0x03,0x01,0x03,0x03,0x03,0x01,0x03,0x01,0x03,0x01,0x03,0x03,0x07,0x05,0x07,0x07,0x07,0x05,0x07,0x07,0x07,0x05,0x07,0x07,
    0x0f,0x05,0x1f,0x07,0x0f,0x05,0x0e,0x06,0xce,0x4c,0xcc,0x47,0xef,0xdd,0xfb,0x77,0xff,0xdd,0xfb,0x77,0xff,0xd5,0xe7,0x77,0xef,0xcd,0xef,0x77,0xff,0xdd,0xff,0x77
  },
  { // 199
    0x00,0x00,0x01,0x00,0x00,0x00,0x00,0x00,0x00,0x00,0x80,0x00,0x00,0x00,0x00,0x00,0x00,0x00,0x00,0x00,0x00,0x00,0x00,0x00,0x00,0x00,0x00,0x00,0x00,0x00,0x00,0x00,
    0x00,0x00,0x80,0x00,0x10,0x00,0x00,0x00,0x00,0x00,0x00,0x00,0x00,0x00,0x00,0x00,0x00,0x00,0x00,0x00,0x20,0x00,0x00,0x00,0x00,0x00,0x00,0x08,0x00,0x08,0x00,0x08,
    0x20,0x08,0x30,0x18,0x30,0x38,0x10,0x38,0x1c,0x38,0x34,0x3c,0x5c,0x38,0x50,0x78,0x58,0x7c,0x70,0xf8,0x58,0xf8,0x70,0xf8,0x50,0xb2,0x70,0xe2,0x44,0xee,0x64,0xee,
    0x5c,0xfe,0x56,0xfe,0xdc,0xbe,0x16,0xbe,0x1c,0xbe,0x36,0xfe,0xdd,0xfe,0x77,0xfe,0xdc,0xfe,0x76,0xfe,0xdc,0xfe,0x75,0xff,0xdd,0xff,0x77,0xff,0xdd,0xff,0x77,0xff,
    0x50,0x60,0x50,0xe0,0x50,0xf0,0x70,0xf0,0xd0,0xf0,0x70,0xf0,0xd0,0xe0,0x60,0xe0,0x40,0xe0,0x40,0xe0,0xc0,0xe0,0x40,0xe8,0xd0,0x98,0x10,0x98,0x10,0xb8,0x50,0xb8,
    0x50,0xf8,0x70,0xf8,0x50,0xf8,0x70,0xf8,0xd0,0xf8,0x70,0xf8,0xd8,0xf8,0x70,0xf8,0xd0,0xf8,0x70,0xf0,0xd0,0xe0,0x60,0xe0,0xc0,0xe8,0x74,0xec,0xdc,0xfc,0x54,0xfc,
    0xdc,0xb8,0x10,0xb8,0xdc,0xf8,0x74,0xfc,0xdc,0xfc,0x74,0xfc,0xdc,0xf8,0x74,0xfc,0xdc,0xf8,0x74,0xfc,0xde,0xfa,0x74,0xfa,0xdc,0xfa,0x54,0xbe,0xd4,0xbe,0x77,0xfe,
    0xdd,0xfe,0x77,0xfe,0xdc,0xfe,0x74,0xfe,0xdd,0xff,0x75,0xff,0xdd,0xff,0x77,0xff,0xdd,0xff,0x77,0xfe,0xd5,0xff,0x77,0xff,0xdd,0xff,0x77,0xff,0xdd,0xff,0x57,0xff,
    0x04,0x00,0x00,0x00,0x00,0x00,0x80,0x80,0x00,0x80,0x00,0x80,0x20,0x80,0x00,0x80,0x00,0x08,0x00,0x80,0x00,0x00,0x00,0x80,0x00,0x00,0x00,0x80,0x00,0x40,0x00,0x80,
    0x00,0xa0,0x40,0xe0,0x40,0xe0,0x40,0xe0,0x40,0xe0,0x40,0xe0,0xc1,0xe1,0x41,0xe1,0xc1,0xe1,0x41,0x81,0x81,0xe1,0x41,0xa3,0x01,0xa3,0x61,0xe3,0x41,0xe3,0x61,0xe2,
    0x40,0xe0,0x51,0xf0,0xd1,0xf1,0x71,0xfb,0xd1,0xf3,0x75,0xf3,0xd1,0xf3,0x71,0xe3,0xc1,0xe3,0x61,0xeb,0xc5,0xeb,0x57,0xef,0xdd,0xdb,0x17,0x9f,0x9d,0xbf,0x37,0xff,
    0xdd,0xff,0x77,0xff,0x5d,0xfe,0x76,0xfe,0xdc,0xfe,0x75,0xff,0xdd,0xff,0x77,0xff,0xdf,0xfb,0x73,0xfb,0xd7,0xf7,0x77,0xff,0xdd,0xff,0x77,0xff,0xdd,0xff,0x57,0xff,
    0x00,0x00,0x00,0x00,0x00,0x00,0x00,0x00,0x00,0x00,0x00,0x00,0x00,0x00,0x00,0x00,0x00,0x00,0x00,0x00,0x00,0x00,0x00,0x04,0x00,0x00,0x00,0x00,0x00,0x00,0x00,0x04,
    0x00,0x00,0x01,0x08,0x01,0x00,0x00,0x00,0x00,0x00,0x00,0x00,0x01,0x01,0x01,0x03,0x01,0x03,0x01,0x03,0x01,0x03,0x01,0x03,0x01,0x03,0x03,0x03,0x01,0x02,0x00,0x02,
    0x00,0x02,0x00,0x00,0x00,0x01,0x01,0x01,0x01,0x03,0x01,0x03,0x01,0x03,0x03,0x03,0x01,0x03,0x07,0x07,0x05,0x07,0x07,0x07,0x05,0x07,0x07,0x07,0x05,0x0f,0x07,0x0f,
    0x05,0x0f,0x07,0x0f,0x05,0x0e,0x06,0x8e,0x44,0x8e,0x45,0xef,0xcd,0xef,0x57,0xef,0xdd,0xfb,0x57,0xfb,0xd5,0xbf,0x57,0xff,0xdd,0xff,0x77,0xff,0xdd,0xff,0x77,0xff
  },
  { // 200
    0x00,0x00,0x00,0x00,0x00,0x40,0x00,0x00,0x00,0x00,0x00,0x00,0x00,0x00,0x00,0x00,0x00,0x00,0x00,0x00,0x00,0x00,0x00,0x00,0x00,0x00,0x00,0x00,0x00,0x00,0x90,0x00,
    0x00,0x00,0x00,0x00,0x00,0x00,0x00,0x00,0x00,0x00,0x00,0x00,0x00,0x00,0x00,0x20,0x00,0x80,0x00,0x00,0x00,0x00,0x00,0x00,0x00,0x00,0x00,0x00,0x00,0x08,0x00,0x08,
    0x10,0x08,0x18,0x38,0x10,0x38,0x18,0x38,0x30,0x38,0x10,0x38,0x70,0x78,0x54,0x78,0x70,0x78,0x5c,0x78,0x50,0xf8,0x50,0xb8,0x10,0xba,0x14,0xba,0xb4,0xbe,0x5c,0xfe,
    0x76,0xfe,0x5c,0x7e,0x54,0xfe,0x5c,0xfe,0x74,0xfe,0xdc,0xfe,0x77,0xfe,0xdd,0xfe,0x76,0xfe,0xd4,0xfe,0x77,0xff,0xdd,0xff,0x77,0xff,0xdd,0xff,0x57,0xff,0xdd,0xff,
    0x60,0xe0,0x40,0xe0,0x70,0xe0,0xd0,0xf0,0x70,0xf0,0xd0,0xa0,0x50,0xa0,0x40,0xa0,0x40,0xe0,0x40,0xe0,0x40,0xe8,0x40,0xe8,0x40,0x88,0x50,0xb8,0x10,0xb8,0xd8,0xf8,
    0x70,0xf8,0x50,0xf8,0x70,0xf8,0x50,0xf0,0x70,0xf8,0xd0,0xf8,0x70,0xf8,0xd0,0xf8,0x50,0xf8,0xd0,0xb0,0x10,0xb8,0xd0,0xb8,0x78,0xf8,0x5c,0xf8,0x74,0xfc,0x5c,0xf8,
    0x74,0xfc,0xdc,0xf8,0x74,0xf8,0xdc,0xfc,0x70,0xf8,0xd0,0xf8,0x70,0xfc,0xd4,0xf8,0x74,0xfc,0xdc,0xfe,0x74,0xec,0xdc,0xfe,0x54,0xde,0xdc,0xfe,0x77,0xfe,0xdd,0xfe,
    0x77,0xfe,0x5c,0x7e,0x76,0xfe,0xdd,0xff,0x74,0xfe,0xdd,0xff,0x75,0xff,0xdd,0xfb,0x71,0xfb,0xd1,0xfb,0x77,0xff,0xd5,0xff,0x77,0xff,0xdd,0xef,0x77,0xef,0xdd,0xff,
    0x40,0x00,0x20,0x00,0x00,0x88,0x00,0x80,0x00,0x80,0x10,0x80,0x00,0x80,0x00,0x00,0x01,0x80,0x01,0x00,0x00,0x00,0x20,0x00,0x00,0x00,0x00,0x00,0x00,0xc0,0x40,0xa0,
    0x41,0xe0,0xc0,0xa0,0x40,0xe0,0x40,0xa0,0x40,0xe0,0xc1,0xe1,0x41,0xe1,0xc1,0xe1,0x41,0xe1,0xc1,0xa1,0x01,0x81,0x81,0xa3,0x11,0xa3,0x71,0xa3,0x71,0x62,0x60,0x60,
    0x70,0xf0,0xd0,0xf0,0x79,0xf1,0xd1,0xf1,0x71,0xf1,0xd1,0xf3,0x71,0xe3,0xd1,0xe3,0x73,0xe3,0xd5,0xe3,0xe7,0xef,0xc5,0xef,0x47,0xcf,0xdd,0xff,0x57,0xff,0xdd,0xff,
    0x77,0xff,0xdd,0xff,0x77,0xfe,0xdc,0xfe,0x77,0xff,0xdd,0xff,0x75,0xff,0xdd,0xfb,0x73,0xfb,0xd9,0xfb,0x77,0xff,0xdd,0xff,0x77,0xff,0xdd,0xff,0x77,0xff,0x5d,0xff,
    0x00,0x00,0x00,0x00,0x00,0x00,0x00,0x00,0x00,0x00,0x00,0x00,0x00,0x00,0x00,0x00,0x00,0x00,0x00,0x00,0x00,0x00,0x00,0x00,0x00,0x00,0x00,0x00,0x00,0x04,0x00,0x00,
    0x00,0x00,0x01,0x00,0x01,0x00,0x01,0x01,0x01,0x01,0x01,0x03,0x01,0x03,0x01,0x03,0x01,0x03,0x01,0x03,0x01,0x03,0x01,0x03,0x11,0x03,0x01,0x03,0x01,0x02,0x00,0x02,
    0x00,0x02,0x00,0x02,0x01,0x03,0x01,0x03,0x01,0x03,0x01,0x03,0x01,0x03,0x01,0x03,0x03,0x03,0x05,0x07,0x07,0x07,0x05,0x07,0x07,0x07,0x05,0x07,0x07,0x0f,0x05,0x0f,
    0x07,0x0f,0x05,0x0f,0x03,0x8b,0x05,0x83,0x07,0xcf,0xc5,0xef,0x47,0xef,0xcd,0xef,0x47,0xcf,0xcd,0x8f,0x57,0xff,0xdd,0xbf,0x77,0xff,0xdd,0xff,0x77,0xff,0x5d,0xff
  },
  { // 201
    0x20,0x00,0x00,0x00,0x00,0x00,0x00,0x00,0x00,0x00,0x00,0x00,0x00,0x00,0x00,0x00,0x00,0x00,0x00,0x00,0x00,0x00,0x00,0x00,0x00,0x08,0x00,0x00,0x00,0x00,0x00,0x00,
    0x00,0x00,0x00,0x00,0x00,0x00,0x00,0x00,0x00,0x20,0x00,0x00,0x00,0x00,0x40,0x00,0x00,0x00,0x00,0x00,0x00,0x00,0x00,0x00,0x00,0x00,0x00,0x08,0x00,0x08,0x00,0x28,
    0x18,0x38,0x50,0x38,0x18,0x78,0x10,0x78,0x10,0x78,0x30,0x38,0x10,0x30,0x70,0x78,0x54,0x68,0x64,0x6c,0x44,0x48,0x00,0x88,0x1c,0x9a,0x14,0xbe,0x1c,0xbe,0x36,0x3e,
    0x1c,0x3e,0x3e,0x7e,0x5c,0x7e,0x74,0xfe,0xdc,0xfe,0x74,0xfe,0xdd,0xfa,0x71,0xfb,0xd9,0xfb,0x77,0xff,0xd5,0xff,0x77,0xff,0xdd,0xef,0x67,0xef,0xcd,0xff,0x57,0xff,
    0x50,0x60,0x70,0xe0,0x40,0xe0,0x40,0xe0,0xc0,0xe0,0x40,0x80,0xc0,0xa0,0x10,0xa0,0x54,0xb0,0x30,0xa8,0x50,0x20,0x10,0x28,0x50,0x78,0x71,0xf8,0xd8,0xf8,0x70,0xf8,
    0xd8,0xf8,0x70,0xf8,0xd0,0xf0,0x70,0xf0,0xd0,0xf0,0x70,0xe8,0xc0,0xe8,0x40,0xe8,0xc0,0xc8,0x50,0xd8,0xd8,0xb8,0x70,0xb8,0xdc,0xb8,0x34,0x3c,0x5c,0x78,0x74,0xfc,
    0x5c,0xfc,0x74,0xfc,0xdc,0xf8,0x70,0xf8,0xd8,0xf8,0x70,0xf8,0xd0,0xf8,0x70,0xfe,0xf4,0xfe,0x74,0xee,0xec,0xee,0x44,0xee,0xdc,0xfe,0x54,0xfe,0xdc,0xfe,0x77,0xfe,
    0xdc,0xfe,0x76,0xfe,0x5e,0xfe,0x76,0xfe,0xdc,0xfe,0x75,0xff,0xdd,0xff,0x75,0xfb,0xd9,0xfb,0x77,0xff,0xdd,0xff,0x77,0xff,0xdd,0xff,0x77,0xff,0x5d,0xff,0x77,0xff,
    0x00,0x00,0x00,0x00,0x20,0x00,0x00,0x80,0x00,0x00,0x01,0x80,0x00,0x00,0x02,0x90,0x00,0x00,0x00,0x00,0x00,0x00,0x00,0x00,0x00,0x20,0x40,0xe0,0x40,0xe0,0x40,0xe0,
    0xc0,0xe0,0x40,0xe0,0xc0,0xa0,0x41,0xe0,0xe1,0xe1,0x61,0xe1,0x61,0xe1,0x41,0xc0,0x41,0x80,0x41,0xc1,0xc1,0xe1,0x51,0xe1,0xd1,0xb1,0x31,0xb0,0x50,0xb0,0x70,0xf0,
    0x50,0xf0,0x70,0xf0,0xd1,0xe1,0x71,0xe1,0xc1,0xe1,0x41,0xe3,0xf1,0xf3,0x73,0xfb,0xd1,0xf3,0x73,0xff,0x55,0xaf,0x77,0xef,0x5d,0xff,0x77,0xff,0xdd,0xff,0x77,0xff,
    0xdd,0xfb,0x71,0xfb,0xd9,0xfb,0x77,0xff,0xdd,0xff,0x77,0xff,0xdd,0xef,0x67,0xef,0xcd,0xff,0x57,0xff,0xdd,0xff,0x77,0xff,0xdd,0xbf,0x37,0xbf,0x5d,0x7f,0x77,0xff,
    0x00,0x00,0x00,0x00,0x00,0x00,0x00,0x00,0x00,0x00,0x00,0x00,0x00,0x00,0x00,0x00,0x00,0x00,0x00,0x00,0x00,0x00,0x00,0x00,0x00,0x00,0x00,0x00,0x00,0x00,0x00,0x00,
    0x00,0x00,0x00,0x00,0x01,0x01,0x01,0x01,0x01,0x01,0x01,0x03,0x01,0x03,0x01,0x02,0x00,0x02,0x10,0x00,0x00,0x02,0x01,0x01,0x01,0x01,0x01,0x00,0x01,0x00,0x01,0x02,
    0x01,0x03,0x01,0x03,0x01,0x03,0x01,0x03,0x01,0x03,0x01,0x03,0x01,0x03,0x03,0x03,0x05,0x03,0x07,0x07,0x05,0x03,0x07,0x07,0x05,0x07,0x07,0x06,0x05,0x07,0x05,0x0f,
    0x05,0x09,0x01,0x8b,0x01,0x83,0x03,0x8b,0xc5,0x87,0x47,0xef,0xc5,0xe7,0x47,0xcf,0xcd,0xcf,0x47,0xef,0xdd,0xff,0x57,0xff,0xdd,0xbf,0x37,0xbf,0x5d,0xff,0x77,0xff
  },
  { // 202
    0x00,0x00,0x00,0x00,0x00,0x00,0x00,0x00,0x00,0x00,0x00,0x00,0x00,0x00,0x00,0x00,0x00,0x00,0x00,0x00,0x00,0x00,0x00,0x00,0x00,0x00,0x00,0x00,0x00,0x00,0x00,0x00,
    0x00,0x00,0x00,0x00,0x10,0x00,0x00,0x00,0x00,0x00,0x00,0x40,0x00,0x00,0x00,0x00,0x00,0x00,0x00,0x00,0x00,0x00,0x00,0x00,0x00,0x00,0x00,0x00,0x10,0x88,0x00,0x08,
    0x10,0x28,0x18,0x38,0x10,0x18,0x10,0x38,0x10,0x38,0x50,0x38,0x50,0x38,0x70,0x30,0x14,0x24,0x04,0x24,0x04,0x0c,0x0c,0x0e,0x14,0x3e,0x5c,0x3e,0x14,0xbe,0x1c,0x3e,
    0x36,0x3e,0x5c,0x3e,0x76,0xfe,0x5c,0xfe,0x74,0xfe,0xdc,0xfc,0x74,0xf8,0xdd,0xfb,0x73,0xff,0xdd,0xff,0x77,0xff,0xdd,0xff,0x77,0xff,0x5d,0xff,0x77,0xff,0xdd,0xff,
    0x70,0xe0,0x50,0xe0,0x60,0xe0,0x40,0xe0,0x40,0xc0,0x40,0x84,0x40,0x88,0x50,0xb8,0x10,0xb8,0x10,0x38,0x10,0x38,0x11,0x38,0x70,0xf8,0x58,0xf8,0x70,0xf8,0xd8,0xf8,
    0x70,0xf8,0xd0,0xf8,0x70,0xf8,0xd0,0xf0,0x70,0xf8,0xd0,0xe0,0x60,0xe8,0x40,0xe8,0x40,0xec,0xdc,0xf8,0x54,0xfc,0xdc,0xb8,0x34,0xb8,0x1c,0xf8,0x70,0xfc,0x5c,0xfc,
    0x74,0xfc,0xdc,0xfc,0x74,0xf8,0xdc,0xf8,0x70,0xf8,0xd8,0xf8,0x70,0xfe,0xdc,0xfe,0x76,0xfe,0xd4,0xbe,0x76,0xee,0x5c,0xfe,0x76,0xfe,0xdc,0xfe,0x76,0xfe,0xdc,0xfe,
    0x74,0xfe,0xdc,0xfe,0x77,0xfe,0xdd,0xfe,0x77,0xfe,0xdd,0xfe,0x75,0xef,0xcd,0xff,0x77,0xff,0xdd,0xff,0x77,0xff,0xdd,0xbf,0x37,0xbf,0x5d,0xbf,0x77,0xff,0xdd,0xff,
    0x00,0x80,0x00,0x00,0x00,0x00,0x00,0x04,0x00,0x00,0x00,0x02,0x00,0x80,0x00,0x00,0x00,0x80,0x00,0x00,0x00,0x20,0x00,0x20,0x00,0xe0,0x40,0xe0,0x60,0xe0,0x40,0xe0,
    0x40,0xe0,0xc0,0xc0,0x40,0xc0,0xc1,0xa1,0x41,0xa1,0xc1,0xa0,0x21,0xa0,0x20,0x20,0x20,0xe0,0x40,0xe0,0x51,0xe0,0xd1,0xf0,0x51,0xf0,0xf0,0xf0,0x71,0xf0,0xd1,0xf0,
    0x71,0xf0,0xd1,0xf0,0x75,0xf4,0xc1,0xe1,0x41,0xe9,0xc1,0xeb,0x51,0xfb,0xd9,0xfb,0x53,0xbb,0x95,0xbb,0x37,0xbf,0x5d,0x7f,0x77,0xff,0xdd,0xff,0x75,0xfe,0xdd,0xf9,
    0x71,0xf9,0xd9,0xfb,0x71,0xfb,0xdd,0xfb,0x77,0xff,0xd5,0xf7,0x77,0xef,0xc5,0xef,0x77,0xff,0xdd,0xff,0x77,0xff,0xdd,0xff,0x37,0xbf,0xdd,0xbf,0x77,0xff,0xdd,0xff,
    0x00,0x00,0x00,0x00,0x00,0x00,0x00,0x20,0x00,0x00,0x00,0x00,0x00,0x00,0x00,0x00,0x00,0x08,0x00,0x00,0x00,0x00,0x00,0x00,0x00,0x00,0x00,0x00,0x00,0x00,0x00,0x00,
    0x00,0x00,0x00,0x00,0x01,0x00,0x01,0x01,0x01,0x01,0x01,0x01,0x01,0x08,0x01,0x00,0x00,0x00,0x00,0x00,0x00,0x00,0x00,0x00,0x00,0x00,0x00,0x00,0x01,0x01,0x01,0x03,
    0x01,0x03,0x01,0x03,0x01,0x03,0x01,0x03,0x01,0x03,0x01,0x03,0x03,0x03,0x01,0x03,0x03,0x03,0x01,0x03,0x03,0x03,0x01,0x03,0x07,0x07,0x05,0x07,0x0f,0x06,0x04,0x02,
    0x01,0x81,0x01,0x83,0x01,0x8b,0xc5,0x8b,0x47,0x8f,0x85,0xa7,0x07,0xaf,0x05,0xaf,0x47,0xef,0xdd,0xff,0x77,0xff,0xdd,0xff,0x77,0xff,0xdd,0xff,0x77,0xff,0xdd,0xff
  },
  { // 203
    0x00,0x00,0x00,0x00,0x00,0x00,0x00,0x00,0x00,0x00,0x00,0x00,0x00,0x00,0x00,0x10,0x00,0x00,0x00,0x00,0x00,0x00,0x00,0x00,0x00,0x00,0x00,0x00,0x00,0x00,0x08,0x00,
    0x00,0x00,0x00,0x00,0x00,0x00,0x00,0x20,0x00,0x00,0x00,0x00,0x00,0x00,0x00,0x00,0x00,0x00,0x00,0x00,0x00,0x00,0x00,0x00,0x08,0x00,0x80,0x00,0x08,0x00,0x00,0x00,
    0x08,0x00,0x08,0x20,0x08,0x30,0x08,0x60,0x08,0x00,0x08,0x10,0x08,0x10,0x00,0x10,0x02,0x04,0x22,0x04,0x6e,0x4c,0x2e,0x14,0x3e,0x1c,0x3e,0x14,0x3e,0x1c,0x3e,0x14,
    0xbe,0x5c,0xbe,0x76,0xfe,0x5c,0xfe,0x76,0xfe,0xd4,0xfe,0x74,0xee,0xdd,0xff,0x77,0xff,0xdd,0xff,0x57,0xff,0xdd,0xbf,0x37,0xbf,0x5d,0xbf,0x77,0xff,0xdd,0xff,0x77,
    0x30,0x50,0x20,0x00,0x20,0x00,0x24,0x00,0x20,0x40,0x28,0x40,0x68,0x58,0x38,0x10,0x38,0x18,0x3a,0x10,0x38,0x10,0x38,0x70,0xf8,0x50,0x78,0x70,0xf8,0x50,0xe8,0x70,
    0xe8,0xd0,0xf8,0x50,0xf8,0xd0,0xf8,0x50,0xf8,0xd0,0xb0,0x10,0xa8,0x14,0x2c,0x74,0xfc,0x5c,0xfc,0x74,0xfc,0x5c,0xfc,0x74,0xfc,0x5c,0xf8,0x70,0xf8,0xdc,0xf8,0x74,
    0xfc,0xd4,0xf8,0x74,0xfc,0xc4,0xe8,0x64,0xec,0xdc,0xfe,0x74,0xfe,0xdc,0xfe,0x56,0xbe,0x9c,0xbe,0x36,0xbe,0xfc,0xfe,0x76,0xfe,0x7c,0xfe,0x74,0xfe,0xdc,0xfc,0x74,
    0xfc,0xdd,0xff,0x75,0xff,0xdd,0xff,0x77,0xff,0xd5,0xf7,0x77,0xef,0xc5,0xef,0x77,0xff,0xdd,0xff,0x57,0xff,0xdd,0xbf,0x17,0xbf,0xdd,0xbf,0x77,0xff,0xdd,0xff,0x77,
    0x82,0x00,0x00,0x00,0x00,0x00,0x00,0x00,0x00,0x00,0x00,0x00,0x20,0x40,0x20,0x00,0x00,0x40,0x00,0x00,0xa0,0x40,0xa0,0x40,0xe0,0x40,0xe0,0x60,0xe0,0x40,0xe0,0x40,
    0xe0,0x40,0xe0,0x40,0xe0,0xc0,0xe0,0x40,0xc0,0x80,0xc0,0x10,0xa0,0x10,0x30,0x31,0xb0,0x50,0x70,0x70,0xf8,0x50,0xf8,0x70,0xf8,0xd0,0xf8,0x70,0xf8,0xd9,0xf9,0x71,
    0xf9,0xd1,0xf1,0x71,0xe0,0xc1,0xe1,0x61,0xe9,0xc1,0xeb,0x55,0xff,0xdd,0xfb,0x55,0xbb,0x9d,0xbb,0x31,0xbf,0xdd,0xff,0x77,0xff,0xdd,0xfe,0x74,0xfe,0xdc,0xfc,0x74,
    0xfc,0xdd,0xfb,0x75,0xff,0xdd,0xfb,0x73,0xfb,0xd5,0xfb,0x77,0xff,0xd5,0xff,0x77,0xff,0xdd,0xff,0x77,0xff,0xdd,0xff,0x77,0xff,0xdd,0xff,0x77,0xff,0xdd,0xff,0x77,
    0x00,0x40,0x00,0x00,0x00,0x00,0x00,0x00,0x00,0x00,0x00,0x00,0x00,0x08,0x00,0x00,0x00,0x00,0x00,0x00,0x00,0x00,0x00,0x00,0x00,0x00,0x00,0x00,0x00,0x00,0x00,0x00,
    0x00,0x00,0x00,0x00,0x00,0x00,0x00,0x01,0x00,0x00,0x00,0x01,0x00,0x00,0x00,0x00,0x00,0x00,0x00,0x00,0x00,0x00,0x00,0x00,0x00,0x00,0x00,0x00,0x00,0x01,0x01,0x01,
    0x01,0x01,0x03,0x01,0x03,0x01,0x03,0x01,0x03,0x01,0x03,0x03,0x03,0x01,0x03,0x01,0x03,0x01,0x03,0x01,0x03,0x01,0x03,0x03,0x03,0x01,0x03,0x03,0x02,0x01,0x02,0x01,
    0x83,0x45,0xc3,0x47,0xc7,0xc5,0xc7,0x47,0x8f,0x85,0x8b,0x07,0x8f,0x15,0xbf,0x37,0xff,0x5d,0xff,0x77,0xff,0x5d,0xfe,0x77,0xfe,0xdd,0xff,0x75,0xff,0xdd,0xff,0x77
  },
  { // 204
    0x00,0x00,0x00,0x00,0x00,0x00,0x00,0x00,0x00,0x10,0x00,0x00,0x00,0x00,0x00,0x00,0x00,0x00,0x00,0x00,0x00,0x00,0x00,0x00,0x00,0x04,0x00,0x00,0x00,0x00,0x00,0x00,
    0x00,0x00,0x00,0x00,0x20,0x00,0x00,0x00,0x00,0x00,0x00,0x00,0x00,0x00,0x00,0x00,0x00,0x00,0x80,0x00,0x08,0x00,0x00,0x00,0x00,0x00,0x00,0x00,0x00,0x00,0x00,0x00,
    0x40,0x00,0x20,0x00,0x00,0x00,0x00,0x00,0x08,0x00,0x08,0x00,0x88,0x80,0x08,0x40,0x0a,0x44,0x0e,0x54,0x1e,0x16,0x3e,0x1c,0x3e,0x14,0x3e,0x1c,0x3c,0x14,0x3c,0x1c,
    0xbe,0x74,0xfe,0xdd,0xfb,0x73,0xfa,0xd1,0xf2,0x77,0xe7,0xd5,0xef,0x77,0xef,0xdd,0xff,0x57,0xff,0xdd,0x9f,0x17,0xbf,0x9d,0xbf,0x77,0xff,0xdd,0xff,0x77,0xff,0xdd,
    0x20,0x14,0x00,0x00,0x00,0x00,0x20,0x00,0x28,0x10,0x28,0x1c,0x28,0x10,0x2a,0x18,0x38,0x10,0x38,0x18,0x38,0x30,0x78,0x58,0x38,0x70,0x78,0x50,0x70,0x70,0x60,0x40,
    0x68,0x60,0xe8,0x5c,0xe8,0x54,0xe8,0x5c,0x98,0x10,0x98,0x1c,0x38,0x34,0x3c,0x5c,0x3e,0x74,0x7e,0x5c,0x7c,0x74,0xfc,0x5c,0xfc,0x74,0xfc,0xdc,0xf8,0x70,0xfa,0xd8,
    0xfa,0x70,0xf2,0xd0,0xf2,0x74,0xee,0xd4,0xee,0x76,0xee,0xdc,0xfe,0x56,0xde,0xdc,0xbe,0x16,0xbe,0xde,0xbe,0x77,0xfe,0x5c,0xfe,0x76,0xfe,0x5c,0xfe,0x74,0xfe,0xdc,
    0xfe,0x75,0xff,0xdd,0xff,0x77,0xfb,0xd9,0xfb,0x77,0xff,0xd5,0xff,0x77,0xff,0xdd,0xff,0x77,0xff,0xdd,0xff,0x57,0xff,0xdd,0xff,0x77,0xff,0xdd,0xff,0x77,0xff,0xdd,
    0x00,0x00,0x00,0x00,0x00,0x00,0x00,0x00,0x20,0x00,0x20,0x00,0x20,0x00,0x20,0x40,0x20,0x40,0x60,0x40,0xe0,0x50,0xe0,0x50,0xf0,0x50,0xe0,0x40,0xa0,0x00,0xa0,0x40,
    0xa0,0x40,0xe0,0x40,0xe0,0x40,0xe8,0x40,0x88,0x10,0x8a,0x10,0xb8,0x10,0xb8,0x50,0xb8,0x70,0xf8,0x50,0x78,0x70,0xf8,0x58,0xf8,0x70,0xf8,0xd0,0xf8,0x70,0xf8,0xd0,
    0xf8,0x51,0xf8,0xd1,0xb0,0x71,0xf8,0xd5,0xff,0x75,0xff,0x5d,0xfe,0x75,0xfe,0x5d,0xfc,0x55,0xff,0xdd,0xff,0x75,0xff,0xdd,0xfb,0x75,0xfa,0xd4,0xfa,0x74,0xfe,0xd5,
    0xff,0x75,0xff,0xdd,0xff,0x77,0xff,0xdd,0xff,0x57,0xbf,0xdd,0xbf,0x77,0xff,0xdd,0xff,0x77,0xff,0x5d,0xff,0x77,0xfe,0xdd,0xff,0x77,0xff,0xdd,0xff,0x77,0xff,0xdd,
    0x00,0x00,0x00,0x00,0x00,0x00,0x00,0x00,0x10,0x00,0x00,0x00,0x00,0x00,0x00,0x00,0x00,0x00,0x00,0x00,0x00,0x00,0x00,0x00,0x00,0x00,0x00,0x00,0x00,0x00,0x00,0x00,
    0x00,0x00,0x00,0x00,0x00,0x00,0x00,0x00,0x00,0x00,0x00,0x00,0x00,0x00,0x00,0x00,0x00,0x00,0x00,0x00,0x00,0x00,0x01,0x00,0x00,0x00,0x00,0x00,0x00,0x01,0x01,0x01,
    0x01,0x01,0x01,0x01,0x01,0x01,0x01,0x01,0x03,0x01,0x03,0x01,0x02,0x00,0x02,0x00,0x00,0x00,0x00,0x01,0x01,0x01,0x81,0x01,0x83,0x01,0x83,0x01,0x83,0x01,0x83,0x41,
    0xe3,0x43,0xe7,0xc5,0xe7,0x47,0xc7,0xc5,0x87,0x07,0x8f,0x95,0xbf,0x57,0xbf,0xdd,0xff,0x77,0xff,0x5d,0xfe,0x76,0xfe,0xdc,0xff,0x77,0xff,0xdd,0xff,0x77,0xff,0xdd
  },
  { // 205
    0x00,0x00,0x00,0x00,0x20,0x00,0x00,0x00,0x00,0x00,0x00,0x00,0x00,0x00,0x00,0x00,0x00,0x00,0x00,0x00,0x02,0x00,0x00,0x00,0x00,0x00,0x00,0x00,0x00,0x00,0x00,0x00,
    0x00,0x10,0x00,0x00,0x00,0x00,0x00,0x00,0x00,0x00,0x00,0x00,0x00,0x00,0x80,0x00,0x00,0x08,0x00,0x00,0x00,0x00,0x00,0x00,0x00,0x00,0x00,0x00,0x00,0x00,0x00,0x20,
    0x00,0x00,0x00,0x00,0x00,0x80,0x80,0x00,0x40,0x04,0x40,0x00,0x48,0x04,0x0a,0x00,0x0e,0x0c,0x0e,0x16,0x0e,0x1c,0x1e,0x14,0x0e,0x14,0x0e,0x14,0x2e,0x3c,0xbe,0x14,
    0xbe,0xdd,0xbb,0x11,0xbb,0xd1,0xbb,0x13,0xbb,0xd5,0xbf,0x77,0xff,0xdd,0xff,0x77,0xef,0xdd,0xef,0x57,0xff,0xdd,0xff,0x77,0xff,0xdd,0xff,0x77,0xff,0xdd,0xff,0x77,
    0x08,0x00,0x88,0x00,0x08,0x10,0x38,0x10,0x38,0x14,0x38,0x14,0x3c,0x14,0x28,0x10,0x38,0x1c,0x38,0x10,0x38,0x58,0x38,0x30,0x38,0x10,0x30,0x10,0x20,0x10,0x20,0x34,
    0x2c,0x44,0x2e,0x44,0x2c,0x4c,0x0c,0x04,0x0c,0x1c,0x1e,0x14,0x7e,0x5c,0x3e,0x34,0x3e,0x5c,0x3e,0x74,0x7e,0x5c,0xfc,0x7c,0xfc,0x5c,0xfc,0x74,0xfc,0xdc,0xfa,0x70,
    0xfa,0xd0,0xba,0x72,0xfe,0x54,0xfe,0x77,0xfe,0x5c,0xfe,0x76,0xee,0x5c,0xfe,0x57,0xfe,0xdd,0xff,0x77,0xff,0xdd,0xff,0x77,0xfe,0x5c,0xfe,0x76,0xfe,0xdc,0xfe,0x77,
    0xff,0xdd,0xff,0x77,0xff,0xdf,0xff,0x57,0xff,0xdd,0xff,0x77,0xff,0xdd,0xff,0x77,0xff,0x5d,0x7f,0x77,0xff,0xdd,0xff,0x77,0xff,0xdd,0xff,0x77,0xff,0xdd,0xfb,0x73,
    0x00,0x00,0x00,0x00,0x00,0x00,0x00,0x10,0x30,0x10,0x30,0x10,0x30,0x10,0x20,0x30,0x60,0x40,0x60,0x70,0x68,0x50,0x60,0x50,0xe8,0x40,0xa0,0x00,0xa0,0x00,0x20,0x10,
    0xa0,0x50,0x20,0x50,0x28,0x44,0x28,0x00,0x28,0x58,0x38,0xf0,0xf8,0x78,0xf8,0x70,0xf8,0x58,0xf8,0x70,0xf8,0x50,0xf4,0x70,0xf8,0xd4,0xf8,0x70,0xe8,0xd4,0xe8,0x40,
    0xc8,0xd0,0x98,0x50,0xba,0xdc,0xbe,0x75,0xfe,0x5e,0x3e,0x74,0x7e,0x5c,0x7e,0x74,0xfe,0xdc,0xfe,0x75,0xfe,0xdd,0xfb,0x71,0xfa,0xd9,0xfb,0x71,0xfb,0xd5,0xff,0x77,
    0xff,0xdd,0xff,0x77,0xef,0xcd,0xef,0x57,0xdf,0xdd,0xff,0x77,0xff,0xdd,0xff,0x77,0xff,0x5d,0xff,0x77,0xfe,0x5c,0xfe,0x77,0xff,0xdd,0xff,0x75,0xff,0xdd,0xfb,0x71,
    0x00,0x00,0x00,0x00,0x20,0x00,0x00,0x00,0x00,0x00,0x00,0x00,0x00,0x00,0x00,0x00,0x00,0x00,0x00,0x00,0x00,0x00,0x00,0x00,0x00,0x00,0x00,0x00,0x00,0x00,0x00,0x00,
    0x00,0x00,0x00,0x00,0x00,0x00,0x00,0x00,0x00,0x00,0x00,0x00,0x00,0x00,0x00,0x00,0x00,0x00,0x00,0x00,0x00,0x00,0x00,0x00,0x00,0x00,0x00,0x00,0x00,0x00,0x00,0x00,
    0x00,0x00,0x00,0x01,0x01,0x01,0x05,0x01,0x01,0x01,0x01,0x01,0x00,0x00,0x00,0x00,0x00,0x20,0x00,0x00,0x00,0x41,0x81,0x41,0x81,0x41,0x81,0x01,0x83,0xc1,0xa3,0x43,
    0xe3,0x41,0xa3,0x43,0xe3,0x45,0x23,0x47,0xef,0x55,0xff,0x57,0xff,0xdd,0xff,0x77,0xff,0xdd,0xff,0x77,0xff,0xdd,0xff,0x77,0xff,0xdd,0xff,0x77,0xff,0xdd,0xff,0x77
  },
  { // 206
    0x40,0x00,0x00,0x00,0x00,0x00,0x00,0x00,0x00,0x00,0x00,0x00,0x00,0x00,0x00,0x01,0x00,0x00,0x00,0x00,0x00,0x00,0x00,0x00,0x00,0x00,0x00,0x00,0x00,0x00,0x10,0x00,
    0x00,0x00,0x00,0x00,0x00,0x00,0x00,0x00,0x00,0x40,0x00,0x00,0x00,0x08,0x00,0x00,0x00,0x00,0x00,0x00,0x00,0x00,0x00,0x00,0x00,0x00,0x00,0x00,0x20,0x00,0x80,0x80,
    0x00,0x00,0x20,0x00,0x20,0x00,0x20,0x00,0x00,0x00,0x00,0x00,0x04,0x00,0x04,0x0e,0x04,0x0a,0x04,0x8e,0x04,0x0a,0x00,0x0a,0x04,0x0a,0x24,0x8e,0x04,0x8e,0x04,0x8e,
    0xc4,0x8e,0x45,0x8b,0xc5,0x8b,0x11,0x8f,0xdd,0xbf,0x17,0xbf,0xdd,0xbf,0x37,0xbf,0x5d,0x3f,0x77,0xff,0x5d,0xff,0x77,0xff,0xdd,0xff,0x77,0xff,0xdd,0xfb,0x77,0xff,
    0x00,0x08,0x00,0x08,0x1c,0x18,0x10,0x18,0x1c,0x18,0x10,0x38,0x54,0x38,0x10,0x2c,0x14,0x38,0x14,0x3c,0x1c,0x38,0x10,0x08,0x10,0x48,0x10,0x08,0x10,0x3a,0x14,0x3e,
    0x14,0x2e,0x04,0x2e,0x04,0x2e,0x44,0x0e,0x9c,0x3e,0x14,0x3e,0x1c,0x3e,0x34,0x3e,0x1c,0x3a,0x30,0x3a,0x54,0x3e,0x74,0x7e,0x5c,0x7e,0x74,0x6e,0x5c,0x6a,0x45,0xca,
    0x5d,0xbb,0x17,0xbf,0x5d,0xbf,0x37,0xbf,0x1d,0x3f,0x37,0x3e,0x5c,0x7e,0x76,0xfe,0x5d,0xff,0x77,0xff,0xdd,0xff,0x75,0xfb,0xd9,0xfb,0x73,0xff,0xdd,0xff,0x77,0xff,
    0xdd,0xff,0x67,0xef,0xcd,0xef,0x57,0xff,0xdd,0xff,0x77,0xff,0xdd,0xbf,0x37,0xbf,0x5d,0x3f,0x77,0xff,0x5d,0xff,0x77,0xff,0xdf,0xff,0x75,0xff,0xdd,0xfb,0x71,0xfb,
    0x00,0x00,0x00,0x08,0x10,0x38,0x10,0x38,0x10,0x38,0x10,0x38,0x10,0x30,0x30,0x30,0x50,0x30,0x70,0x68,0x40,0x60,0x40,0x68,0x40,0x00,0x00,0x08,0x10,0x38,0x10,0x38,
    0x18,0x38,0x10,0x38,0x54,0x38,0xf4,0x3c,0x7c,0x7c,0x7c,0x7c,0x5c,0xf8,0x70,0xf8,0x5a,0xf8,0x70,0xf9,0x50,0xf8,0x70,0xf8,0x54,0xfa,0x74,0xee,0x44,0xee,0x44,0xec,
    0x4c,0xce,0x54,0xfe,0xdc,0xbe,0x76,0xbe,0x1c,0xbe,0x36,0x3e,0x5c,0x7e,0x74,0xfe,0x5c,0xfe,0x74,0xfe,0xdc,0xfc,0x75,0xf8,0xd9,0xfb,0x71,0xfb,0xdd,0xff,0x77,0xff,
    0xd5,0xff,0x77,0xef,0x4d,0xef,0x77,0xff,0xdd,0xff,0x77,0xff,0xdd,0xff,0x77,0xff,0xdd,0xff,0x77,0xff,0xdd,0xff,0x77,0xff,0xdd,0xff,0x77,0xff,0xdd,0xff,0x75,0xff,
    0x00,0x00,0x00,0x00,0x00,0x00,0x00,0x00,0x00,0x00,0x00,0x00,0x00,0x00,0x00,0x00,0x00,0x00,0x00,0x00,0x00,0x00,0x00,0x00,0x00,0x00,0x00,0x00,0x00,0x00,0x00,0x00,
    0x00,0x00,0x00,0x00,0x00,0x00,0x00,0x00,0x00,0x00,0x00,0x00,0x00,0x00,0x00,0x00,0x00,0x00,0x00,0x00,0x00,0x00,0x00,0x00,0x00,0x00,0x00,0x00,0x00,0x00,0x00,0x00,
    0x00,0x02,0x00,0x00,0x00,0x00,0x00,0x00,0x00,0x00,0x00,0x00,0x00,0x20,0x00,0x20,0x40,0x20,0x40,0x60,0x40,0x60,0x40,0xe0,0x41,0xc1,0x41,0xc1,0xc1,0xa3,0x51,0xa3,
    0x11,0xa3,0x13,0xa3,0x91,0x23,0x77,0x7f,0x5d,0xff,0x77,0xff,0xdd,0xff,0x75,0xff,0xdd,0xfb,0x71,0xfb,0xdd,0xfb,0x77,0xff,0xdd,0xff,0x77,0xff,0xd5,0xef,0x67,0xef
  },
  { // 207
    0x00,0x00,0x00,0x00,0x00,0x00,0x00,0x00,0x00,0x00,0x00,0x00,0x00,0x00,0x00,0x00,0x00,0x00,0x00,0x00,0x00,0x00,0x00,0x00,0x00,0x00,0x00,0x00,0x08,0x00,0x00,0x00,
    0x00,0x00,0x00,0x00,0x00,0x00,0x00,0x00,0x00,0x00,0x08,0x00,0x00,0x00,0x00,0x00,0x00,0x00,0x00,0x00,0x00,0x00,0x00,0x00,0x00,0x00,0x00,0x00,0x00,0x00,0x00,0x00,
    0x00,0x00,0x00,0x00,0x00,0x00,0x00,0x00,0x00,0x00,0x00,0x00,0x00,0x00,0x00,0x00,0x00,0x80,0x00,0x80,0x00,0x80,0x00,0x80,0x00,0x82,0x80,0x82,0x00,0x82,0xc4,0x82,
    0x45,0xc6,0xc5,0xc7,0x45,0xcf,0xcd,0xcf,0x57,0xdf,0xdd,0xbf,0x17,0xbf,0x1d,0xbf,0x37,0xff,0x5d,0xff,0x77,0xff,0xdd,0xff,0x77,0xff,0xdd,0xfd,0x75,0xfb,0xdd,0xfb,
    0x04,0x0c,0x04,0x0c,0x04,0x0c,0x0c,0x08,0x10,0x08,0x10,0x08,0x10,0x08,0x10,0x0a,0x14,0x08,0x04,0x08,0x80,0x08,0x00,0x08,0x00,0x08,0x04,0x0a,0x14,0x0e,0x14,0x1e,
    0x36,0x0e,0x14,0x0e,0x16,0x0e,0x1c,0x3e,0x16,0x3e,0x1c,0x3e,0x14,0x3c,0x1c,0x38,0x10,0x38,0x18,0x3a,0x30,0x3a,0x15,0x3e,0x37,0x2e,0x04,0x26,0x05,0x2e,0x05,0x2f,
    0x17,0x1f,0x1d,0x3f,0x17,0x3f,0x1d,0x3f,0x17,0x3f,0x1d,0x3e,0x37,0x7e,0x5c,0x7e,0x76,0xfe,0x5c,0xfe,0x75,0xfc,0xdd,0xf9,0x71,0xfb,0xdd,0xfb,0x77,0xff,0xd5,0xff,
    0x77,0xef,0x45,0xef,0x67,0xef,0xdd,0xff,0x77,0xff,0xdd,0xff,0x77,0xff,0xdd,0xbf,0x77,0xff,0xdd,0xff,0x77,0xff,0xdd,0xff,0x77,0xff,0xdd,0xff,0x75,0xff,0xdd,0xff,
    0x00,0x28,0x10,0x28,0x10,0x38,0x18,0x38,0x10,0x38,0x10,0x38,0x10,0x78,0x10,0x30,0x30,0x38,0x10,0x20,0x00,0xa0,0x00,0x20,0x00,0x08,0x04,0x08,0x14,0x1c,0x1c,0x38,
    0x14,0x7c,0x1c,0x3c,0x15,0x3c,0x1c,0x3e,0x74,0x7c,0x5d,0x7c,0x74,0x7c,0x5c,0x78,0x71,0x78,0x58,0x78,0x70,0xfa,0x54,0xfa,0x76,0xfe,0x54,0x26,0x06,0x2e,0x44,0x6e,
    0x56,0xfe,0x5c,0xfe,0x57,0xfe,0x5c,0xbe,0x34,0xbe,0x5c,0xbe,0x76,0xfe,0x5c,0xfe,0x76,0xfe,0xdc,0xfe,0x74,0xfc,0xdc,0xff,0x75,0xff,0xdd,0xff,0x77,0xff,0xdd,0xff,
    0x77,0xbf,0x1d,0xbf,0x77,0xff,0x5d,0xff,0x77,0xff,0xdd,0xff,0x77,0xff,0xdd,0xff,0x7d,0xff,0xdd,0xff,0x77,0xff,0xdd,0xff,0x77,0xff,0xd5,0xff,0x77,0xef,0xdd,0xff,
    0x00,0x00,0x00,0x00,0x00,0x00,0x00,0x00,0x00,0x00,0x00,0x00,0x00,0x00,0x00,0x00,0x00,0x00,0x00,0x00,0x00,0x00,0x00,0x00,0x00,0x00,0x00,0x00,0x00,0x00,0x00,0x00,
    0x00,0x00,0x00,0x00,0x00,0x00,0x00,0x00,0x00,0x00,0x00,0x00,0x00,0x00,0x01,0x00,0x00,0x00,0x00,0x00,0x00,0x00,0x00,0x00,0x00,0x00,0x00,0x00,0x02,0x00,0x00,0x00,
    0x00,0x00,0x00,0x00,0x00,0x00,0x00,0x00,0x00,0x00,0x40,0x00,0x00,0x20,0x00,0x20,0x00,0x20,0x40,0x20,0x40,0x60,0x40,0x60,0x41,0xe0,0x41,0xe1,0x51,0xc9,0x51,0x99,
    0x91,0xbb,0x11,0x3b,0x31,0xbb,0x5d,0x7f,0x77,0xfe,0x5d,0xfe,0x74,0xfc,0xdc,0xf8,0x75,0xf9,0xdd,0xfb,0x77,0xff,0xdd,0xfb,0x77,0xff,0xd5,0xf7,0x77,0xef,0xdd,0xff
  },
  { // 208
    0x00,0x00,0x00,0x00,0x00,0x00,0x00,0x00,0x00,0x00,0x00,0x00,0x00,0x00,0x00,0x00,0x00,0x00,0x00,0x00,0x00,0x00,0x00,0x00,0x00,0x08,0x00,0x00,0x00,0x00,0x00,0x00,
    0x00,0x00,0x00,0x00,0x00,0x00,0x08,0x00,0x00,0x00,0x00,0x00,0x00,0x00,0x00,0x00,0x00,0x00,0x40,0x00,0x00,0x00,0x00,0x10,0x00,0x00,0x00,0x00,0x00,0x80,0x00,0x80,
    0x80,0x80,0x00,0x80,0x00,0x80,0x00,0x00,0x00,0x00,0x00,0x00,0x00,0x00,0x00,0x80,0x00,0x80,0x00,0x80,0xd0,0x80,0x00,0x80,0xc0,0x82,0x41,0xc2,0xc1,0x82,0x41,0x82,
    0xc1,0x82,0x47,0xc7,0xc5,0xcf,0x47,0xcf,0xcd,0xcf,0x57,0x8f,0x9d,0xbf,0x17,0xbf,0xdd,0xff,0x77,0xff,0xdd,0xff,0x77,0xfe,0xdc,0xfe,0x75,0xff,0xdd,0xff,0x77,0xff,
    0x04,0x0e,0x04,0x8c,0x04,0x08,0x00,0x08,0x00,0x08,0x00,0x08,0x00,0x0a,0x00,0x0a,0x00,0x02,0x00,0x02,0x00,0x02,0x04,0x0e,0x04,0x0e,0x04,0x0e,0x0c,0x0e,0x07,0x0e,
    0x0c,0x0a,0x16,0x0e,0x1c,0x1e,0x16,0x1e,0x1c,0x1e,0x14,0x0e,0x1c,0x0c,0x34,0x08,0x1c,0x18,0x11,0x3b,0x1d,0x3b,0x13,0x3b,0x15,0x23,0x07,0x27,0x05,0x2f,0x07,0x2f,
    0x1d,0x3f,0x17,0x1f,0x1d,0x1f,0x17,0x3f,0x1d,0x3f,0x37,0x3f,0x1d,0x3f,0x77,0xfe,0x5c,0xfe,0x74,0xfe,0x5c,0xfe,0x75,0xff,0xdd,0xff,0x77,0xff,0xdd,0xbf,0x17,0xbf,
    0x95,0xbf,0x37,0xbf,0x5d,0xff,0x77,0xff,0xdd,0xff,0x77,0xff,0xdd,0xff,0x77,0xff,0xdd,0xff,0x77,0xff,0xdd,0xff,0x77,0xff,0xd5,0xff,0x77,0xff,0xdd,0xff,0x77,0xff,
    0x14,0x38,0x14,0x3c,0x14,0x28,0x10,0x28,0x20,0x28,0x10,0x08,0x10,0x38,0x10,0x38,0x10,0x30,0x10,0x20,0x00,0x22,0x04,0x2e,0x04,0x2e,0x04,0xae,0x1c,0xbe,0x14,0x1e,
    0x1d,0x3e,0x14,0x3e,0x1c,0x3e,0x34,0x3e,0x1c,0x3e,0x34,0x3e,0x54,0x3a,0x74,0x6c,0x54,0x68,0x54,0x7e,0x7c,0x3a,0x77,0x3e,0x35,0x3a,0x17,0x3e,0x15,0x3e,0x37,0x3e,
    0x5d,0x7e,0x77,0x7e,0x5c,0x7e,0x74,0x7e,0x5c,0xfe,0x75,0xff,0x5d,0xff,0x77,0xff,0x5d,0xfe,0x77,0xfe,0x55,0xef,0x77,0xef,0xdf,0xff,0x77,0xff,0xdd,0xff,0x57,0xbf,
    0xbd,0xbf,0xb7,0xbf,0x5d,0xff,0x77,0xff,0x5d,0xff,0x77,0xfe,0xdc,0xfe,0x75,0xff,0xdd,0xff,0x77,0xff,0xdd,0xff,0x77,0xff,0xd5,0xf7,0x77,0xff,0xd5,0xff,0x77,0xff,
    0x00,0x00,0x00,0x00,0x00,0x00,0x00,0x00,0x00,0x00,0x00,0x00,0x00,0x00,0x00,0x00,0x00,0x00,0x00,0x00,0x00,0x00,0x00,0x00,0x00,0x00,0x00,0x10,0x00,0x00,0x00,0x00,
    0x00,0x00,0x00,0x00,0x00,0x00,0x00,0x00,0x00,0x00,0x00,0x01,0x00,0x00,0x00,0x00,0x00,0x00,0x00,0x00,0x00,0x00,0x00,0x00,0x01,0x00,0x00,0x00,0x00,0x00,0x00,0x00,
    0x00,0x00,0x00,0x00,0x00,0x20,0x40,0x00,0x00,0x20,0x00,0x20,0x10,0x20,0x10,0x20,0x10,0x20,0x00,0x20,0x00,0x20,0x00,0x20,0x40,0x68,0x40,0xe8,0xcc,0x28,0x11,0x98,
    0x1d,0xb9,0x11,0xbb,0x5d,0xbf,0x75,0xff,0x5d,0xfe,0x74,0xfe,0x5c,0xfe,0x74,0xfc,0xdd,0xff,0x75,0xff,0xdd,0xff,0x77,0xff,0xdd,0xff,0x77,0xff,0xdd,0xff,0x77,0xff
  },
  { // 209
    0x00,0x00,0x00,0x00,0x00,0x00,0x00,0x00,0x00,0x00,0x00,0x00,0x00,0x00,0x00,0x00,0x00,0x00,0x00,0x00,0x00,0x00,0x08,0x00,0x00,0x00,0x00,0x00,0x00,0x00,0x00,0x00,
    0x00,0x00,0x00,0x08,0x00,0x00,0x00,0x00,0x00,0x00,0x00,0x10,0x00,0x00,0x00,0x00,0x80,0x00,0x80,0x00,0x90,0x00,0x80,0x00,0x80,0x00,0x80,0x00,0xc0,0x40,0x80,0x00,
    0x80,0x00,0x80,0x00,0x80,0x00,0x80,0x00,0x80,0x00,0x80,0x00,0x80,0x00,0xc0,0x00,0x80,0x48,0xc0,0xc0,0xc0,0x40,0xc0,0xc0,0xc0,0x40,0xc0,0xc1,0x86,0x01,0x83,0x81,
    0x83,0x03,0xc7,0xc5,0xe7,0x47,0xef,0xc5,0xef,0x47,0xef,0xcd,0xff,0x55,0xff,0xdd,0xff,0x77,0xff,0xdd,0xff,0x77,0xfe,0xd5,0xfe,0x77,0xff,0xdd,0xff,0x77,0xff,0xdd,
    0x02,0x00,0x00,0x04,0x00,0x00,0x00,0x00,0x00,0x00,0x08,0x00,0x00,0x00,0x02,0x00,0x12,0x00,0x02,0x00,0x02,0x00,0x06,0x04,0x0e,0x06,0x0e,0x04,0x0e,0x04,0x0e,0x0c,
    0x0e,0x05,0x0e,0x0d,0x0e,0x17,0x0e,0x1c,0x0e,0x14,0x0e,0x24,0x0a,0x04,0x0c,0x04,0x0e,0x05,0x0f,0x0d,0x0b,0x13,0x0b,0x01,0x03,0x07,0x0f,0x05,0x0f,0x17,0x0f,0x1d,
    0x2f,0x17,0x0f,0x1d,0x1e,0x15,0x1e,0x1d,0xbf,0x17,0xbf,0x1d,0xbf,0x37,0xbf,0x5d,0xba,0x77,0xfe,0x55,0xef,0x77,0xef,0xdd,0xff,0x57,0xff,0xdd,0x9f,0x17,0x9f,0x9d,
    0xbf,0x17,0xbf,0x5d,0xbf,0x77,0xff,0x5d,0x7f,0x77,0xfe,0x5c,0xfe,0x75,0xff,0xdd,0xff,0x77,0xff,0xdd,0xfb,0x73,0xfb,0xd5,0xf3,0x77,0xff,0xd5,0xff,0x77,0xff,0xdd,
    0x18,0x10,0x18,0x14,0x08,0x00,0x08,0x00,0x08,0x00,0x08,0x04,0x08,0x00,0x08,0x00,0x0a,0x00,0x0a,0x08,0x02,0x14,0x0e,0x15,0x7e,0x16,0x3e,0x1e,0x3e,0x14,0x2e,0x1c,
    0x3c,0x14,0x3c,0x1c,0x3e,0x34,0x3e,0x1c,0x3a,0x30,0x3a,0x10,0x32,0x34,0x2e,0x04,0x2e,0x37,0x2e,0xdd,0x3f,0x17,0x0f,0x1d,0x1f,0x17,0x1f,0x1d,0x3f,0x37,0x3f,0x1d,
    0x3f,0x37,0x3e,0x5c,0x3e,0x74,0x7e,0x5c,0x7e,0x75,0x7f,0x5d,0xff,0x75,0xfb,0x59,0xfb,0x73,0xf3,0x55,0xf7,0x77,0xff,0x5d,0xff,0x77,0xff,0x5d,0xff,0x57,0xdf,0x5d,
    0xbf,0x17,0xff,0xdd,0xff,0x77,0xff,0x5d,0xff,0x77,0xfe,0x5c,0xfe,0x74,0xff,0xdd,0xff,0x77,0xff,0xdd,0xff,0x77,0xfb,0xdd,0xfb,0x77,0xff,0xdd,0xff,0x77,0xff,0xdd,
    0x00,0x00,0x00,0x00,0x00,0x00,0x00,0x00,0x00,0x00,0x00,0x00,0x00,0x00,0x00,0x00,0x00,0x00,0x00,0x00,0x21,0x00,0x00,0x00,0x00,0x00,0x00,0x00,0x00,0x00,0x00,0x00,
    0x00,0x00,0x00,0x00,0x00,0x00,0x00,0x00,0x00,0x02,0x00,0x00,0x00,0x00,0x00,0x00,0x00,0x00,0x00,0x00,0x00,0x00,0x00,0x00,0x00,0x00,0x00,0x00,0x00,0x00,0x00,0x00,
    0x00,0x00,0x20,0x80,0x20,0x00,0x20,0x00,0x20,0x00,0x28,0x00,0x20,0x10,0x28,0x00,0x00,0x00,0x00,0x00,0x20,0x10,0x28,0x14,0x78,0x34,0x2c,0x5c,0x2c,0x54,0x2c,0x5c,
    0x3c,0x54,0xfc,0x5d,0xfe,0x75,0xfe,0xdd,0xfa,0x71,0xfa,0xd4,0xfa,0x75,0xfe,0xdd,0xff,0x7f,0xff,0xdd,0xff,0x57,0xff,0xdd,0xff,0x57,0xff,0xdd,0xff,0x77,0xff,0xdd
  },
  { // 210
    0x00,0x00,0x00,0x00,0x00,0x00,0x00,0x00,0x00,0x00,0x00,0x00,0x00,0x00,0x00,0x00,0x00,0x00,0x00,0x08,0x00,0x00,0x00,0x04,0x00,0x00,0x00,0x00,0x00,0x00,0x00,0x00,
    0x10,0x00,0x00,0x00,0x00,0x08,0x00,0x00,0x00,0x00,0x00,0x00,0x00,0x00,0x80,0x00,0x80,0x80,0x80,0x00,0x80,0x80,0x80,0x20,0xa0,0x00,0x80,0x00,0x80,0x00,0x80,0x00,
    0x80,0x00,0x00,0x00,0x80,0x00,0x80,0x00,0x80,0xc0,0x80,0x00,0x80,0xc0,0x88,0x00,0xc0,0xc0,0xc0,0x40,0xc0,0xc0,0xc0,0x48,0xc0,0xc0,0xc0,0x40,0x80,0xc1,0x83,0x01,
    0x83,0xc1,0xa3,0x43,0xe7,0x45,0xe6,0x46,0xee,0x44,0xee,0x74,0xfe,0xdd,0xff,0x75,0xff,0xdd,0xfb,0x71,0xfb,0xd1,0xfb,0x73,0xff,0xd5,0xff,0x77,0xff,0xdd,0xff,0x77,
    0x00,0x00,0x00,0x00,0x00,0x00,0x00,0x00,0x00,0x00,0x00,0x00,0x00,0x00,0x00,0x00,0x02,0x80,0x02,0x01,0x02,0x05,0x06,0x07,0x0e,0x44,0x06,0x04,0x0e,0x04,0x0e,0x04,
    0x0e,0x0c,0x0e,0x05,0x0e,0x05,0x0a,0x00,0x4a,0x00,0x02,0x00,0x02,0x04,0x06,0x05,0x0f,0x05,0x0f,0x05,0x0f,0x05,0x0b,0x07,0x8f,0x05,0x0f,0x17,0x1f,0x1d,0x1f,0x17,
    0x0f,0x1d,0x0e,0x16,0x0e,0x1c,0xbe,0x15,0xbf,0x9d,0xbf,0x15,0xbb,0x99,0xbb,0x11,0xbb,0xd1,0xb3,0x77,0xff,0xd5,0xef,0x77,0xef,0xcd,0xef,0x47,0x8f,0xdd,0x9f,0x17,
    0xbf,0xdd,0xbf,0x77,0xff,0x5d,0xbf,0x77,0xfe,0x5c,0xfe,0x76,0xfe,0xdd,0xff,0x77,0xff,0xdd,0xff,0x75,0xfb,0xd9,0xfb,0x73,0xff,0xdd,0xff,0x77,0xff,0xdd,0xff,0x77,
    0x18,0x10,0x08,0x10,0x00,0x02,0x02,0x40,0x02,0x04,0x0e,0x04,0x0e,0x04,0x0e,0x04,0x0a,0x04,0x0a,0x34,0x0e,0x1c,0x1e,0x16,0x1e,0x1c,0x3e,0x16,0x3e,0x1c,0x3e,0x14,
    0x3e,0x1c,0x3e,0x14,0x3e,0x1c,0x3a,0x31,0x3e,0x31,0x32,0x31,0x32,0x15,0x37,0x57,0x2f,0x05,0x2f,0x07,0x0f,0x0d,0x0f,0x17,0x1f,0x1d,0x3f,0x17,0x3f,0x1d,0x3f,0x37,
    0x3f,0x1c,0x3e,0x36,0x3e,0x5c,0x7e,0x74,0x7e,0x5d,0x7f,0x75,0x7f,0x5d,0x7b,0x51,0x7b,0x51,0x3b,0x77,0xff,0x5f,0x7f,0x77,0xff,0x5d,0x7f,0x77,0x7f,0x5d,0x7f,0x77,
    0xff,0x5d,0xff,0x77,0xff,0xdd,0xff,0x77,0xff,0x5d,0xff,0x77,0xff,0xdd,0xff,0x77,0xff,0xdd,0xff,0x77,0xff,0xdd,0xff,0x57,0xff,0xdd,0xff,0x77,0xff,0xdd,0xff,0x77,
    0x00,0x00,0x00,0x00,0x00,0x00,0x00,0x00,0x00,0x00,0x00,0x00,0x00,0x00,0x22,0x00,0x00,0x00,0x00,0x00,0x00,0x00,0x00,0x00,0x00,0x00,0x00,0x00,0x00,0x00,0x00,0x00,
    0x00,0x00,0x00,0x00,0x00,0x00,0x02,0x00,0x00,0x00,0x00,0x00,0x00,0x00,0x00,0x00,0x00,0x00,0x00,0x00,0x00,0x00,0x00,0x00,0x00,0x00,0x00,0x00,0x00,0x00,0x00,0x10,
    0x80,0x10,0x20,0x10,0x20,0x00,0x20,0x00,0x20,0x00,0x20,0x00,0x28,0x00,0x00,0x00,0x08,0x00,0x08,0x10,0x38,0x1c,0x38,0x14,0x3c,0x1c,0x3e,0x34,0x3e,0x5c,0x3e,0x74,
    0x7c,0x5c,0xfe,0x74,0xfc,0xdc,0xf8,0x71,0xf8,0xd9,0xfb,0x71,0xfb,0xd5,0xff,0x77,0xff,0xdd,0xef,0x67,0xef,0xcd,0xef,0x57,0xff,0xdd,0xff,0x77,0xff,0xdd,0xff,0x77
  },
  { // 211
    0x00,0x00,0x00,0x00,0x00,0x00,0x00,0x00,0x00,0x00,0x00,0x00,0x00,0x00,0x00,0x00,0x00,0x08,0x04,0x00,0x00,0x00,0x00,0x00,0x00,0x00,0x00,0x00,0x00,0x10,0x00,0x04,
    0x00,0x00,0x00,0x80,0x00,0x00,0x00,0x00,0x00,0x00,0x00,0x80,0x00,0x80,0x00,0x80,0x00,0x80,0x00,0x80,0x90,0x80,0x00,0x80,0x80,0x80,0x00,0x80,0x00,0x80,0x00,0x00,
    0x00,0x00,0x00,0x40,0x00,0x80,0x40,0xc0,0xc0,0x80,0x40,0xc4,0xc0,0x80,0x40,0xc0,0xc0,0xc0,0x48,0xc0,0xc0,0xc0,0x40,0xc0,0xc0,0xc0,0x40,0xc0,0xc0,0x80,0x41,0xc2,
    0xc1,0xa3,0x01,0xa3,0x41,0xa2,0x60,0x62,0x44,0xe2,0x74,0xfe,0xd4,0xfe,0x75,0xff,0xdd,0xf9,0x71,0xfb,0xd1,0xfb,0x7b,0xfb,0xd5,0xff,0x77,0xff,0xdd,0xff,0x77,0xef,
    0x00,0x00,0x00,0x00,0x00,0x00,0x00,0x00,0x00,0x00,0x00,0x40,0x00,0x00,0x00,0x00,0x00,0x02,0x09,0x83,0x05,0x03,0x07,0x06,0x04,0x02,0x04,0x06,0x04,0x06,0x04,0x0e,
    0x04,0x0e,0x04,0x0c,0x04,0x88,0x01,0x08,0x01,0x02,0x01,0x03,0x05,0x03,0x07,0x87,0x05,0x07,0x07,0x8f,0x05,0x0f,0x07,0x8f,0x0d,0x8f,0x07,0x8f,0x1d,0x1f,0x17,0x0f,
    0x1d,0x0e,0x16,0x0e,0x1c,0x9e,0x16,0xbe,0xdd,0xbf,0x15,0x9d,0xdd,0x9b,0x11,0x9b,0x91,0xbb,0x17,0xbf,0xd5,0xbf,0x57,0xaf,0x45,0xaf,0x07,0x8f,0x4d,0xbf,0x77,0xff,
    0xdd,0xff,0x77,0xff,0xdd,0xbf,0x77,0xff,0xdd,0xff,0x77,0xff,0xdd,0xff,0x77,0xff,0xdd,0xff,0x75,0xff,0xdd,0xff,0x57,0xff,0xdd,0xff,0x77,0xff,0xdd,0xff,0x77,0xff,
    0x00,0x0a,0x00,0x40,0x00,0x02,0x00,0x02,0x04,0x06,0x06,0x0e,0x04,0x0e,0x04,0x1e,0x0c,0x0e,0x05,0x0e,0x1d,0x1e,0x17,0x1e,0x1c,0x1e,0x16,0x1e,0x14,0x3e,0x14,0x3e,
    0x1c,0x3e,0x14,0x3e,0x1c,0x3c,0x11,0x08,0x11,0x0b,0x11,0x5b,0x15,0x3f,0x17,0x3f,0x15,0x2f,0x07,0x2f,0x0d,0x2f,0x07,0x0f,0x1d,0x3f,0x17,0x3f,0x1d,0x3f,0x17,0x3f,
    0x1d,0x3a,0x37,0x3e,0x1d,0x3e,0x77,0x7f,0x5d,0x7f,0x77,0x6f,0x4d,0x6f,0x45,0x6f,0x5f,0x3f,0x17,0x3f,0x5d,0x3f,0x37,0x3f,0x1d,0x3f,0x37,0x7f,0x5d,0x7f,0x77,0xff,
    0x5d,0xff,0x77,0xff,0xdd,0xff,0x75,0xfb,0xdd,0xfb,0x77,0xff,0xdd,0xff,0x77,0xff,0xdd,0xef,0x67,0xef,0xcd,0xef,0x57,0xff,0xdd,0xff,0x77,0xff,0xdd,0xbf,0x37,0xbf,
    0x00,0x00,0x00,0x00,0x00,0x00,0x00,0x02,0x10,0x00,0x00,0x00,0x00,0x00,0x00,0x00,0x00,0x00,0x00,0x00,0x00,0x00,0x00,0x00,0x00,0x00,0x00,0x00,0x00,0x00,0x00,0x00,
    0x00,0x00,0x00,0x00,0x02,0x00,0x00,0x00,0x00,0x00,0x00,0x00,0x00,0x00,0x00,0x00,0x00,0x00,0x00,0x00,0x00,0x00,0x00,0x00,0x00,0x00,0x00,0x08,0x80,0x00,0x00,0x08,
    0x00,0x00,0x10,0x00,0x10,0x20,0x10,0x20,0x00,0x20,0x00,0x20,0x00,0x00,0x00,0x08,0x04,0x08,0x14,0x1c,0x1c,0x3c,0x14,0x3e,0x1c,0x3a,0x34,0x3e,0x1c,0x3e,0x74,0x7e,
    0x5c,0x7e,0x74,0xfc,0x5c,0xf8,0x70,0xf8,0xd9,0xfb,0x71,0xfb,0xdd,0xff,0x77,0xff,0xd5,0xff,0x77,0xef,0x4d,0xef,0x77,0xff,0xdd,0xff,0x77,0xff,0xdd,0xff,0x77,0xff
  },
  { // 212
    0x00,0x00,0x00,0x00,0x00,0x00,0x00,0x00,0x00,0x00,0x00,0x00,0x00,0x00,0x0a,0x00,0x00,0x00,0x00,0x00,0x00,0x00,0x00,0x00,0x00,0x04,0x00,0x00,0x00,0x00,0x00,0x00,
    0x00,0x80,0x00,0x00,0x00,0x80,0x00,0x80,0x00,0x80,0x00,0x80,0x00,0x80,0x00,0x80,0x10,0x80,0x00,0x80,0x00,0x80,0x80,0x80,0x00,0x80,0x80,0x80,0x00,0x80,0x80,0x00,
    0x00,0x00,0x00,0x00,0x40,0xc0,0xc0,0xc0,0x44,0xc0,0xc0,0xc0,0x40,0xd0,0xc0,0xc0,0x40,0xc0,0xc0,0xc0,0x40,0xc0,0xc0,0xc0,0x40,0xc0,0xc0,0xc0,0x40,0xc0,0xc0,0xe0,
    0x41,0xe0,0xc0,0xa2,0x00,0xa2,0x50,0xe2,0x70,0xf2,0xd4,0xf2,0x74,0xfe,0xd4,0xea,0x75,0xe9,0xdd,0xfb,0x71,0xff,0xdd,0xff,0x77,0xff,0xdd,0xff,0x77,0xff,0x5d,0xff,
    0x00,0x00,0x00,0x00,0x00,0x40,0x00,0x02,0x00,0x02,0x00,0x02,0x04,0x00,0x00,0x02,0x01,0x02,0x05,0x03,0x01,0x02,0x05,0x02,0x00,0x02,0x04,0x02,0x04,0x06,0x04,0x06,
    0x04,0x0e,0x04,0x80,0x00,0x08,0x00,0x00,0x01,0x83,0x01,0x83,0x03,0x83,0x05,0x07,0x07,0x07,0x05,0x07,0x07,0x0f,0x0d,0x0f,0x07,0x8f,0x0d,0x8f,0x07,0x8f,0x0d,0x0b,
    0x17,0x8e,0x15,0x9e,0x17,0x8e,0xdd,0x8e,0x45,0x8e,0xc5,0x8b,0x45,0x8b,0xcd,0x8b,0x17,0x9f,0xdd,0xbf,0x17,0xbf,0x95,0xbf,0x17,0xbf,0x1d,0x3f,0x57,0xff,0xdd,0xff,
    0x77,0xff,0xdd,0xff,0x75,0xff,0xdd,0xfb,0x77,0xff,0xdd,0xff,0x77,0xff,0xd5,0xff,0x77,0xef,0xcd,0xef,0x57,0xff,0xdd,0xff,0x77,0xff,0xdd,0xbf,0x37,0xbf,0x1d,0xbf,
    0x00,0x08,0x00,0x02,0x00,0x0a,0x02,0x02,0x07,0x0e,0x04,0x06,0x06,0x0e,0x04,0x0e,0x06,0x0e,0x0c,0x0e,0x15,0x1e,0x1c,0x1e,0x14,0x1a,0x1c,0x1a,0x14,0x1e,0x14,0x3e,
    0x16,0x3e,0x1c,0x2e,0x04,0x0c,0x05,0x2b,0x05,0x0f,0x1d,0x1f,0x17,0x1f,0x1d,0x1f,0x17,0x1f,0x15,0x3f,0x17,0x3e,0x1d,0x3f,0x17,0x3f,0x1d,0x3f,0x15,0x3e,0x1d,0x3b,
    0x11,0x3b,0x1d,0x3b,0x37,0x3f,0x15,0x3f,0x37,0x3f,0x55,0x2f,0x07,0x2f,0x4d,0x2f,0x57,0x3f,0x5d,0x3f,0x17,0x7f,0x5d,0x3f,0x37,0x3f,0x1d,0x3f,0x77,0x7f,0x5d,0x7f,
    0x77,0xfe,0x5d,0xfe,0x75,0xfd,0xdd,0xfb,0x75,0xff,0xdd,0xff,0x77,0xff,0xd5,0xff,0x77,0xef,0xc5,0xef,0x77,0xff,0xdd,0xff,0x77,0xff,0xdd,0xff,0x77,0xff,0xdd,0xbf,
    0x00,0x02,0x00,0x00,0x00,0x00,0x00,0x00,0x00,0x00,0x00,0x00,0x00,0x00,0x00,0x00,0x00,0x00,0x00,0x00,0x00,0x00,0x00,0x00,0x00,0x00,0x00,0x00,0x00,0x00,0x00,0x00,
    0x00,0x02,0x00,0x00,0x00,0x00,0x00,0x00,0x00,0x00,0x00,0x00,0x00,0x00,0x00,0x00,0x00,0x00,0x00,0x00,0x00,0x00,0x00,0x00,0x00,0x80,0x00,0x00,0x00,0x08,0x00,0x00,
    0x00,0x08,0x00,0x00,0x10,0x08,0x10,0x20,0x10,0x20,0x00,0x20,0x10,0x08,0x04,0x2c,0x04,0x2c,0x1c,0x3c,0x14,0x3c,0x1c,0x38,0x14,0x38,0x1c,0x3a,0x34,0x7e,0x5c,0x7e,
    0x74,0x7e,0x5c,0x7e,0x74,0xec,0x5c,0xfa,0x75,0xff,0xdd,0xff,0x77,0xff,0xdd,0xbf,0x37,0xbf,0x1d,0xbf,0x77,0xff,0x5d,0xff,0x77,0xff,0xdd,0xff,0x77,0xff,0xdd,0xff
  },
  { // 213
    0x00,0x00,0x00,0x00,0x00,0x00,0x00,0x00,0x00,0x00,0x00,0x00,0x10,0x00,0x00,0x00,0x00,0x00,0x00,0x00,0x00,0x00,0x00,0x20,0x00,0x00,0x00,0x00,0x00,0x00,0x00,0x00,
    0x00,0x00,0x00,0x00,0x80,0x00,0x80,0x00,0x80,0x00,0x88,0x00,0x90,0x00,0x80,0x00,0x80,0x00,0x00,0x00,0x80,0x00,0x80,0x00,0x80,0x80,0x80,0x00,0x80,0x00,0x80,0x00,
    0x80,0x00,0x80,0x40,0xc0,0xc2,0xc0,0x40,0xe0,0xc0,0xc0,0x40,0xc0,0xc0,0xc0,0x40,0xc0,0xc0,0x80,0x00,0x80,0x80,0x80,0x00,0x80,0x40,0xf0,0x40,0xe0,0xc0,0xe0,0x40,
    0xe0,0xc0,0xe0,0x40,0xe0,0xc0,0xe2,0x71,0xf2,0xd1,0xf3,0x71,0xf2,0xd5,0xe2,0x61,0xe2,0xc5,0xef,0x77,0xef,0xdd,0xff,0x77,0xff,0xdd,0xbf,0x1f,0xbf,0x9d,0xbf,0x77,
    0x00,0x00,0x00,0x00,0x00,0x00,0x02,0x00,0x02,0x00,0x02,0x00,0x02,0x00,0x02,0x00,0x02,0x04,0x02,0x01,0x02,0x00,0x02,0x00,0x02,0x00,0x02,0x00,0x02,0x04,0x02,0x00,
    0x82,0x04,0x00,0x00,0x00,0x00,0x00,0x01,0x83,0x01,0x83,0x03,0x8b,0x05,0x03,0x07,0x07,0x05,0x07,0x07,0x0f,0x05,0x0f,0x07,0x8f,0x0d,0x8f,0x05,0x8e,0x0d,0x8b,0x01,
    0x8b,0x9d,0x9b,0x17,0x8f,0x95,0x8f,0x87,0x87,0xc5,0x87,0x05,0x8f,0xc5,0x8f,0x47,0xcf,0xdd,0x9f,0x17,0x9f,0x9d,0x9f,0x17,0xbf,0x1d,0xbf,0x77,0xff,0x5d,0xff,0x77,
    0xfe,0xdc,0xfe,0x75,0xfd,0xdd,0xff,0x75,0xff,0xdd,0xff,0x77,0xff,0xd5,0xf7,0x77,0xef,0xc5,0xef,0x77,0xef,0xdd,0xff,0x77,0xff,0xdd,0xff,0x57,0xbf,0xdd,0xbf,0x77,
    0x08,0x00,0x0b,0x00,0x0a,0x05,0x0a,0x03,0x0a,0x05,0x02,0x0e,0x0e,0x04,0x0e,0x06,0x0e,0x0c,0x0e,0x14,0x0e,0x1c,0x0c,0x14,0x18,0x1c,0x1a,0x11,0x1a,0x1d,0x1a,0x17,
    0x1e,0x14,0x02,0x14,0x06,0x04,0x0e,0x07,0x0f,0x0d,0x0f,0x17,0x0f,0x1d,0x1f,0x17,0x1f,0x1d,0x1f,0x17,0x3f,0x1d,0x3f,0x37,0x3e,0x1c,0x3e,0x34,0x3e,0x1c,0x3c,0x15,
    0x3d,0x1d,0x3b,0x37,0x3b,0x1d,0x3b,0x3f,0x3f,0x15,0x27,0x07,0x2f,0x0d,0x2f,0x17,0x7f,0x5d,0x3f,0x17,0x3f,0x3d,0x3f,0x17,0x3f,0x1d,0x3f,0x77,0x7f,0x5d,0x7f,0x77,
    0xfe,0x5c,0xfe,0x74,0xfe,0xdd,0xff,0x75,0xff,0xdd,0xff,0x77,0xff,0xdd,0xff,0x77,0xbf,0xd5,0xff,0x77,0xff,0xdd,0xff,0x77,0xff,0xdd,0xff,0x77,0xff,0xdd,0xff,0x77,
    0x00,0x00,0x00,0x00,0x00,0x00,0x00,0x00,0x00,0x00,0x00,0x00,0x00,0x00,0x00,0x00,0x00,0x00,0x00,0x00,0x00,0x00,0x00,0x00,0x00,0x00,0x00,0x00,0x00,0x00,0x00,0x00,
    0x00,0x00,0x00,0x00,0x00,0x00,0x00,0x00,0x00,0x00,0x00,0x00,0x00,0x00,0x00,0x00,0x00,0x00,0x00,0x00,0x00,0x00,0x00,0x00,0x00,0x00,0x00,0x00,0x00,0x00,0x00,0x00,
    0x00,0x00,0x00,0x00,0x08,0x00,0x00,0x00,0x00,0x08,0x00,0x00,0x08,0x04,0x2c,0x14,0x2c,0x1c,0x3c,0x14,0x3c,0x1c,0x3c,0x14,0x3c,0x1c,0x38,0x34,0x7e,0x5c,0x7a,0x74,
    0x7a,0x54,0x72,0x74,0x6e,0x44,0xee,0x77,0xef,0xdd,0xff,0x57,0xff,0xdd,0xbf,0x17,0xbf,0x1d,0xbf,0x37,0xff,0x5d,0xff,0x77,0xff,0x5d,0xfe,0x76,0xfe,0xdd,0xff,0x75
  },
  { // 214
    0x00,0x80,0x00,0x00,0x00,0x00,0x00,0x00,0x00,0x10,0x00,0x00,0x00,0x00,0x00,0x00,0x00,0x00,0x00,0x00,0x40,0x00,0x00,0x00,0x00,0x00,0x00,0x00,0x00,0x00,0x00,0x00,
    0x00,0x00,0x00,0x00,0x80,0x00,0x80,0x00,0x94,0x00,0x80,0x00,0x80,0x00,0x80,0x00,0x00,0x00,0x00,0x00,0x00,0x00,0x80,0x00,0x80,0x00,0x80,0x00,0x80,0x00,0x80,0x80,
    0x80,0x00,0x80,0xc2,0xa0,0x40,0xc0,0xc0,0xc0,0x40,0xc0,0xc0,0xc0,0x40,0xc0,0xc0,0xc0,0x40,0x80,0x80,0x80,0x00,0x90,0x00,0xa0,0x00,0xe0,0x40,0xe0,0x40,0xe0,0x40,
    0xe0,0x40,0xe0,0xc0,0xe0,0x60,0xe0,0xd1,0xf3,0x71,0xf3,0xd1,0xf3,0x71,0xe3,0xc5,0xe7,0x67,0xef,0xcd,0xef,0x77,0xff,0xdd,0xff,0x57,0xbf,0x9d,0xbf,0x37,0xff,0xdd,
    0x00,0x00,0x00,0x00,0x00,0x00,0x02,0x00,0x02,0x00,0x02,0x00,0x02,0x00,0x02,0x04,0x02,0x04,0x02,0x04,0x00,0x00,0x00,0x00,0x00,0x00,0x02,0x00,0x02,0x00,0x02,0x00,
    0x02,0x00,0x02,0x00,0x02,0x01,0x02,0x05,0x03,0x05,0x8f,0x05,0x0b,0x07,0x8b,0x05,0x03,0x07,0x0f,0x05,0x0f,0x07,0x0e,0x0d,0x0e,0x04,0x0e,0x0c,0x8c,0x04,0x8c,0x8d,
    0x8b,0x11,0xcb,0x95,0x8b,0x13,0x83,0x81,0x83,0x07,0x87,0xc5,0x8f,0x47,0xcf,0xcd,0x8f,0x07,0x8f,0x9d,0x9f,0x17,0x9f,0x1d,0xbf,0x17,0xbf,0x5d,0xff,0x77,0xfe,0x5c,
    0xfe,0x74,0xfe,0xdc,0xff,0x75,0xff,0xdd,0xff,0x77,0xff,0xdd,0xfb,0x77,0xff,0xd5,0xff,0x77,0xff,0xdd,0xff,0x77,0xff,0xdd,0xff,0x57,0xff,0xdd,0xff,0x77,0xff,0xdd,
    0x02,0x04,0x0e,0x04,0x0e,0x04,0x0e,0x0c,0x0a,0x04,0x0e,0x04,0x0e,0x16,0x0e,0x1c,0x0e,0x16,0x0e,0x1c,0x0e,0x04,0x0c,0x1c,0x08,0x10,0x18,0x1d,0x1f,0x11,0x1b,0x11,
    0x03,0x13,0x02,0x05,0x07,0x07,0x0f,0x05,0x0f,0x07,0x0f,0x0d,0x0f,0x17,0x1f,0x1d,0x1f,0x17,0x3f,0x1d,0x3f,0x37,0x3f,0x1d,0x3e,0x36,0x3e,0x1c,0x3e,0x34,0x3c,0x5d,
    0x3f,0x15,0x3f,0x1d,0x3f,0x13,0x3b,0x15,0x3f,0x17,0x3f,0x15,0x3f,0x37,0x3f,0x5d,0x3f,0x37,0x7f,0x5d,0x3f,0x17,0x3f,0x5d,0x3f,0x77,0xff,0x5d,0xff,0x77,0xff,0x5d,
    0xfe,0x77,0xfe,0x55,0xff,0x77,0xff,0xdd,0xff,0x77,0xff,0xdd,0xff,0x57,0xbf,0x9d,0xbf,0x37,0xff,0xdd,0xff,0x77,0xff,0x5d,0xff,0x77,0xfe,0xdd,0xff,0x77,0xff,0xdd,
    0x00,0x00,0x00,0x00,0x00,0x00,0x00,0x00,0x00,0x00,0x00,0x00,0x00,0x00,0x00,0x00,0x00,0x00,0x00,0x00,0x00,0x00,0x00,0x00,0x00,0x00,0x00,0x00,0x00,0x00,0x00,0x00,
    0x00,0x00,0x00,0x00,0x00,0x00,0x00,0x00,0x00,0x00,0x00,0x00,0x00,0x00,0x00,0x00,0x00,0x00,0x00,0x00,0x00,0x00,0x00,0x00,0x00,0x00,0x00,0x00,0x00,0x00,0x00,0x00,
    0x00,0x00,0x08,0x00,0x08,0x08,0x08,0x00,0x08,0x00,0x08,0x10,0x38,0x14,0x3c,0x1c,0x3c,0x14,0x3c,0x1c,0x3c,0x14,0x3c,0x5c,0x3c,0xf4,0x7c,0x5c,0x78,0x70,0x7a,0x50,
    0x3a,0x70,0x72,0x54,0x76,0x77,0xef,0x5d,0xef,0x77,0xef,0x5d,0xff,0x57,0x9f,0xdd,0xbf,0x37,0xff,0xdd,0xff,0x77,0xff,0x5d,0xff,0x76,0xfe,0xdc,0xfe,0x75,0xff,0xdd
  },
  { // 215
    0x00,0x00,0x04,0x00,0x00,0x00,0x00,0x08,0x00,0x00,0x00,0x00,0x00,0x00,0x00,0x00,0x00,0x80,0x00,0x00,0x00,0x00,0x00,0x00,0x00,0x00,0x00,0x00,0x00,0x00,0x00,0x00,
    0x00,0x00,0x00,0x00,0x00,0x90,0x04,0x80,0x00,0x80,0x00,0x80,0x00,0x80,0x00,0x00,0x00,0x80,0x00,0x00,0x00,0x00,0x00,0x00,0x00,0x00,0x00,0x80,0x00,0x80,0x80,0x80,
    0x21,0x80,0x80,0x80,0x00,0x80,0xc0,0x80,0x40,0xc0,0xc0,0xc0,0x40,0xc0,0xc0,0xc0,0x40,0x80,0x80,0x90,0x00,0x80,0x80,0x80,0x00,0xa0,0x40,0xe0,0x40,0xe0,0x40,0xe0,
    0x60,0xe0,0xc0,0xe0,0x60,0xe0,0xc1,0xe1,0x71,0xe3,0xd1,0xe3,0x71,0xe3,0xc1,0xe3,0x77,0xef,0xd5,0xef,0x77,0xef,0xdd,0xff,0x57,0xff,0xdd,0xff,0x77,0xff,0xdd,0xff,
    0x00,0x00,0x00,0x00,0x00,0x00,0x00,0x02,0x00,0x02,0x00,0x02,0x00,0x02,0x04,0x02,0x04,0x02,0x04,0x00,0x00,0x00,0x00,0x00,0x00,0x00,0x00,0x02,0x01,0x02,0x00,0x02,
    0x00,0x02,0x00,0x02,0x07,0x06,0x05,0x07,0x07,0x0f,0x05,0x0f,0x05,0x0f,0x05,0x0f,0x07,0x0f,0x0d,0x0f,0x07,0x0f,0x05,0x0e,0x06,0x0e,0x04,0x0e,0x04,0x8c,0xad,0x8f,
    0x15,0x8f,0x9d,0x8b,0x11,0x8b,0x81,0x8b,0x03,0x8f,0x85,0x8f,0x07,0x8f,0x0d,0x8f,0x07,0x8f,0x0d,0x8f,0x17,0x9f,0x9d,0xbf,0x17,0xff,0xdd,0xbf,0x77,0xff,0xdd,0xfe,
    0x76,0xfe,0xdd,0xff,0x77,0xff,0xdd,0xff,0x77,0xff,0xdd,0xff,0x57,0xff,0xdd,0xbf,0x77,0xff,0xdd,0xff,0x77,0xff,0x5d,0xff,0x77,0xff,0xdd,0xff,0x77,0xff,0xdd,0xff,
    0x04,0x0e,0x04,0x0e,0x04,0x0e,0x04,0x0e,0x04,0x0e,0x0c,0x0e,0x16,0x1e,0x1c,0x1e,0x16,0x1e,0x14,0x0e,0x14,0x0c,0x04,0x0c,0x14,0x0c,0x1c,0x1b,0x11,0x0b,0x11,0x0b,
    0x11,0x03,0x01,0x03,0x17,0x0f,0x15,0x2f,0x17,0x0f,0x0d,0x0e,0x07,0x0e,0x1d,0x1f,0x15,0x3f,0x1d,0x3f,0x17,0x3f,0x1d,0x3e,0x36,0xbe,0x14,0x3e,0x34,0x3e,0x1f,0x3f,
    0x37,0x3f,0x1d,0x3f,0x17,0x0f,0x1d,0x1f,0x17,0x3f,0x1d,0x3f,0x37,0x3f,0x1d,0x3f,0x77,0x7f,0x5d,0x3e,0x77,0x7e,0x5d,0x7f,0x77,0xff,0x5d,0xff,0x77,0xfb,0x59,0xfb,
    0x73,0xff,0x55,0xff,0x77,0xff,0xdd,0xff,0x77,0xef,0xcd,0xef,0x57,0xdf,0xdd,0xbf,0x77,0xff,0xdd,0xff,0x77,0xff,0x5d,0x7f,0x77,0xfe,0x5c,0xfe,0x77,0xff,0xdd,0xff,
    0x00,0x00,0x00,0x00,0x00,0x00,0x00,0x00,0x00,0x00,0x00,0x00,0x00,0x00,0x00,0x00,0x00,0x00,0x00,0x00,0x00,0x00,0x00,0x00,0x00,0x00,0x00,0x02,0x00,0x00,0x00,0x00,
    0x00,0x00,0x00,0x00,0x00,0x00,0x00,0x00,0x00,0x00,0x00,0x00,0x00,0x00,0x00,0x00,0x00,0x00,0x00,0x00,0x00,0x00,0x00,0x00,0x00,0x00,0x00,0x00,0x00,0x00,0x00,0x00,
    0x00,0x00,0x04,0x00,0x00,0x08,0x00,0x08,0x00,0x08,0x10,0x18,0x10,0x38,0x1c,0x38,0x10,0x38,0x14,0x38,0x34,0xbc,0x5c,0x3c,0x74,0x7c,0x5c,0x78,0x70,0x78,0x50,0x38,
    0x50,0x3a,0x51,0x3b,0x77,0xff,0x55,0xff,0x77,0xff,0x4d,0x6f,0x57,0xff,0x5d,0xff,0x77,0xff,0xdd,0xff,0x77,0xff,0xdd,0xff,0x77,0xfe,0xdc,0xfe,0x77,0xff,0xdd,0xff
  },
  { // 216
    0x00,0x10,0x00,0x00,0x00,0x00,0x00,0x00,0x00,0x00,0x00,0x00,0x00,0x00,0x80,0x00,0x00,0x00,0x00,0x00,0x00,0x00,0x00,0x00,0x00,0x00,0x00,0x00,0x00,0x00,0x00,0x00,
    0x00,0x10,0x00,0x02,0x00,0x00,0x00,0x00,0x80,0x00,0x00,0x00,0x80,0x00,0x00,0x00,0x80,0x00,0x00,0x00,0x00,0x00,0x00,0x00,0x00,0x00,0x00,0x20,0x80,0x80,0x81,0x00,
    0x80,0x80,0x80,0x00,0x80,0x80,0x80,0x00,0x80,0x80,0x80,0x00,0x80,0xc0,0x80,0x10,0x80,0x00,0x80,0x00,0x80,0x80,0x80,0x00,0x80,0xc0,0xa0,0x40,0xe0,0x40,0xe0,0x40,
    0xe0,0xc0,0xe0,0x60,0xe0,0xc1,0xe1,0x41,0xe1,0xc1,0xe3,0x41,0xe3,0xd1,0xe3,0x77,0xff,0xd5,0xff,0x77,0xff,0x5d,0xff,0x77,0xff,0xdd,0xff,0x77,0xff,0xdd,0xff,0x77,
    0x00,0x00,0x00,0x00,0x00,0x00,0x00,0x00,0x02,0x00,0x02,0x00,0x02,0x04,0x02,0x00,0x02,0x04,0x02,0x00,0x00,0x04,0x00,0x00,0x08,0x00,0x00,0x01,0x00,0x01,0x02,0x01,
    0x02,0x01,0x03,0x03,0x07,0x05,0x07,0x07,0x0f,0x05,0x0e,0x05,0x0e,0x0d,0x0f,0x07,0x0f,0x0d,0x0f,0x17,0x0f,0x1d,0x0a,0x04,0x0e,0x04,0x2e,0x04,0x8e,0x05,0x8f,0x05,
    0x8f,0x8d,0x8f,0x01,0x8b,0x81,0x8b,0x17,0x8f,0x95,0x9f,0x17,0xbf,0x1d,0x2f,0x17,0x2f,0x1d,0x2f,0x17,0xbf,0x5d,0xbf,0x57,0xff,0xdd,0xff,0x7f,0xff,0xdd,0xfb,0x73,
    0xff,0xd5,0xff,0x77,0xff,0xdd,0xff,0x77,0xef,0xcd,0xcf,0x57,0xdf,0xdd,0xff,0x57,0xff,0xdd,0xbf,0x77,0xff,0x5d,0x7f,0x77,0xfe,0x5d,0xff,0x77,0xff,0xdd,0xff,0x77,
    0x0e,0x04,0x0e,0x04,0x0e,0x04,0x0e,0x04,0x0e,0x0c,0x0e,0x14,0x1e,0x1c,0x1a,0x14,0x1a,0x14,0x1a,0x12,0x0a,0x14,0x0a,0x14,0x1f,0x04,0x0e,0x04,0x0a,0x05,0x0a,0x01,
    0x0b,0x05,0x0b,0x17,0x1f,0x1d,0x3f,0x17,0x3e,0x1c,0x2e,0x16,0x2e,0x1c,0x3e,0x14,0x3e,0x1d,0x3f,0x1d,0x3f,0x1d,0x3a,0x31,0x3a,0x11,0x3b,0x37,0x3f,0x15,0x3f,0x37,
    0x2f,0x4d,0x2f,0x07,0x0f,0x0d,0x0f,0x17,0x1f,0x1d,0x3f,0x17,0x3f,0x1d,0xbf,0xb7,0x3e,0x1c,0x3e,0x76,0x7e,0x5c,0x7e,0x77,0xff,0x5d,0xff,0x75,0xfb,0xd9,0xfb,0x73,
    0xfb,0xd5,0xff,0x77,0xff,0xdd,0xff,0x77,0xef,0x4d,0xef,0x57,0xff,0xdd,0xff,0x77,0xff,0xdd,0xff,0x77,0xff,0xdd,0xff,0x77,0xfe,0xdd,0xfe,0x77,0xff,0xdd,0xff,0x77,
    0x00,0x00,0x00,0x00,0x00,0x00,0x00,0x00,0x00,0x00,0x00,0x00,0x00,0x00,0x00,0x00,0x00,0x00,0x00,0x00,0x00,0x00,0x00,0x00,0x00,0x02,0x00,0x00,0x00,0x00,0x00,0x00,
    0x00,0x00,0x00,0x00,0x00,0x00,0x00,0x00,0x00,0x00,0x00,0x00,0x00,0x00,0x00,0x00,0x00,0x00,0x00,0x00,0x01,0x00,0x00,0x00,0x00,0x00,0x00,0x00,0x00,0x00,0x04,0x00,
    0x00,0x00,0x00,0x00,0x00,0x00,0x00,0x00,0x08,0x10,0x18,0x10,0x38,0x18,0x38,0x10,0x38,0x10,0x38,0x30,0x38,0x54,0x38,0x74,0x7c,0x5c,0x78,0x70,0x68,0x50,0x68,0x50,
    0xfa,0x5d,0xbb,0x77,0xff,0x5d,0xbf,0x37,0x3f,0x5d,0x3e,0x77,0x7e,0x5d,0xff,0x77,0xff,0xdd,0xff,0x77,0xff,0xdd,0xff,0x77,0xff,0xdd,0xff,0x77,0xff,0xdd,0xff,0x77
  },
  { // 217
    0x00,0x00,0x00,0x00,0x00,0x00,0x00,0x00,0x00,0x00,0x00,0x00,0x00,0x00,0x00,0x00,0x00,0x00,0x00,0x00,0x00,0x00,0x00,0x00,0x00,0x00,0x00,0x00,0x00,0x10,0x00,0x00,
    0x00,0x02,0x00,0x00,0x00,0x00,0x00,0x00,0x00,0x00,0x00,0x00,0x00,0x00,0x00,0x80,0x00,0x00,0x00,0x00,0x00,0x00,0x00,0x10,0x00,0x00,0x00,0x80,0x00,0x80,0x00,0x80,
    0x80,0x80,0x00,0x80,0x80,0x80,0x00,0x80,0x80,0x80,0x00,0x80,0x00,0x80,0x00,0x80,0x00,0x00,0x00,0x80,0xc0,0x80,0x40,0xc0,0xc0,0x80,0x00,0x80,0xc0,0xa0,0x40,0xe0,
    0xc0,0xe2,0x60,0xe2,0xc0,0xe2,0x41,0xe3,0xc1,0xc3,0x41,0xcb,0xc5,0xef,0x57,0xff,0xdd,0xbf,0x77,0xbf,0x5d,0x3f,0x77,0xff,0x5d,0xff,0x77,0xff,0xdd,0xff,0x77,0xff,
    0x00,0x02,0x00,0x00,0x00,0x00,0x00,0x00,0x04,0x02,0x00,0x0b,0x04,0x02,0x00,0x02,0x00,0x02,0x00,0x00,0x04,0x02,0x04,0x08,0x04,0x00,0x00,0x08,0x00,0x00,0x01,0x02,
    0x01,0x03,0x03,0x0f,0x05,0x0f,0x07,0x0e,0x05,0x0e,0x06,0x0e,0x0c,0x0e,0x05,0x0e,0x1d,0x0f,0x15,0x1f,0x1d,0x1a,0x11,0x9a,0x10,0x1a,0x17,0x0e,0x15,0x0f,0x07,0x8f,
    0x05,0x8f,0x05,0x8f,0x0d,0x8f,0x17,0x8f,0x1d,0x9f,0x17,0xbf,0x1d,0x3f,0x17,0x3f,0x1d,0x3e,0x17,0xbe,0x5d,0xff,0x77,0xff,0xdd,0xff,0x75,0xfb,0xd9,0xfb,0x73,0xfb,
    0xd5,0xff,0x77,0xff,0xd5,0xff,0x77,0xef,0xcd,0xef,0x47,0xef,0xdd,0xff,0x57,0xff,0xdf,0xbf,0x77,0xbf,0x5d,0xbf,0x77,0xff,0x5d,0xff,0x77,0xff,0xdd,0xff,0x77,0xff,
    0x04,0x0e,0x04,0x0e,0x04,0x0e,0x04,0x0c,0x0c,0x0e,0x14,0x1c,0x1c,0x18,0x11,0x18,0x10,0x18,0x10,0x1a,0x10,0x32,0x15,0x2e,0x04,0x2e,0x04,0x0e,0x04,0x0a,0x04,0x0e,
    0x0c,0x0e,0x17,0x1f,0x1d,0x3f,0x17,0x3e,0x1c,0x3e,0x16,0x3e,0x1c,0x3e,0x34,0x3e,0x1c,0x3e,0x34,0x3c,0x1c,0x38,0x19,0x38,0x11,0x3b,0x33,0x3b,0x15,0x3f,0x37,0x2f,
    0x45,0x2f,0x07,0x2f,0x0d,0x0f,0x17,0x3f,0x5d,0x3f,0x17,0x3f,0x1d,0x3f,0x37,0x3f,0x1d,0x3e,0x76,0x7e,0x5c,0x7e,0x77,0xfe,0x5d,0xff,0x75,0xfd,0xdd,0xfb,0x71,0xfb,
    0xdd,0xff,0x77,0xff,0xdd,0xff,0x77,0xff,0x5d,0x6f,0x77,0xff,0x5d,0xff,0x77,0xff,0xdd,0xff,0x77,0xff,0xdd,0xff,0x77,0xff,0xdd,0xff,0x77,0xff,0xdd,0xff,0x77,0xff,
    0x00,0x00,0x00,0x00,0x00,0x00,0x00,0x00,0x00,0x00,0x00,0x00,0x00,0x00,0x00,0x00,0x00,0x00,0x00,0x00,0x00,0x00,0x00,0x00,0x00,0x00,0x00,0x00,0x00,0x00,0x00,0x00,
    0x00,0x00,0x00,0x00,0x00,0x00,0x00,0x00,0x00,0x00,0x00,0x20,0x00,0x00,0x00,0x00,0x00,0x00,0x00,0x00,0x00,0x00,0x00,0x00,0x00,0x00,0x00,0x02,0x00,0x00,0x00,0x00,
    0x00,0x00,0x00,0x00,0x00,0x00,0x00,0x08,0x00,0x28,0x10,0x38,0x90,0x38,0x10,0x38,0x10,0x38,0x30,0x38,0x50,0x38,0x70,0x78,0x50,0x60,0x60,0x68,0x40,0x68,0x40,0xe8,
    0x5d,0xff,0x55,0xbf,0x5d,0xbf,0x17,0xbf,0x1d,0x3e,0x37,0x7e,0x5d,0x7e,0x77,0xfe,0xdd,0xff,0x75,0xff,0xdd,0xf9,0x71,0xfb,0xdd,0xfb,0x77,0xff,0xdd,0xff,0x77,0xff
  },
  { // 218
    0x40,0x00,0x00,0x00,0x00,0x00,0x00,0x00,0x00,0x00,0x00,0x00,0x00,0x00,0x00,0x00,0x00,0x00,0x00,0x00,0x00,0x00,0x00,0x00,0x00,0x00,0x20,0x00,0x00,0x00,0x00,0x01,
    0x00,0x00,0x00,0x00,0x00,0x00,0x00,0x00,0x00,0x00,0x00,0x00,0x00,0x00,0x00,0x00,0x00,0x00,0x00,0x00,0x00,0x00,0x00,0x00,0x00,0x81,0x00,0x80,0x00,0x80,0x00,0x80,
    0x00,0x80,0x80,0x80,0x00,0x80,0x80,0x80,0x20,0x80,0x00,0x80,0x00,0x00,0x00,0x00,0x00,0x00,0x00,0x80,0x00,0xc0,0xc0,0x80,0x40,0x80,0xc0,0x80,0x40,0xc0,0xc0,0xc2,
    0x41,0xe2,0xc1,0xe2,0x41,0xe2,0xc5,0xe3,0x45,0xcf,0xc5,0xcf,0x47,0xef,0xdd,0xff,0x17,0xbf,0x9d,0xbf,0x37,0xbf,0x5d,0xff,0x77,0xff,0xdd,0xff,0x77,0xff,0xdd,0xff,
    0x00,0x02,0x04,0x02,0x00,0x04,0x04,0x0a,0x04,0x0d,0x84,0x08,0x00,0x08,0x00,0x00,0x00,0x00,0x00,0x02,0x00,0x02,0x04,0x02,0x00,0x00,0x04,0x00,0x00,0x08,0x04,0x0a,
    0x05,0x0f,0x05,0x0f,0x07,0x0f,0x05,0x0e,0x06,0x0e,0x04,0x0e,0x06,0x0e,0x1c,0x0e,0x14,0x1e,0x1c,0x98,0x10,0x18,0x19,0x1b,0x19,0x1b,0x15,0x3b,0x17,0x2f,0x05,0x27,
    0x07,0x0f,0x05,0x0f,0x07,0x8f,0x1d,0x9f,0x17,0x9f,0x1d,0x3f,0x17,0x3f,0x1d,0x3f,0x37,0x3e,0x5d,0x3e,0x77,0xfe,0x5d,0xff,0x75,0xfc,0xdd,0xf9,0x71,0xfb,0xdd,0xfb,
    0x77,0xff,0xdd,0xff,0x77,0xff,0xd5,0xff,0x67,0xef,0xdd,0xff,0x77,0xff,0xdd,0xff,0xf7,0xff,0xdd,0xbf,0x77,0xff,0xdd,0xff,0x7f,0xff,0xdd,0xff,0x77,0xff,0xdd,0xff,
    0x00,0x08,0x04,0x08,0x04,0x0c,0x14,0x0c,0x14,0x0c,0x1c,0x18,0x10,0x18,0x18,0x18,0x10,0x18,0x10,0x38,0x11,0x3a,0x14,0x22,0x04,0x26,0x04,0x06,0x04,0x0e,0x04,0x0e,
    0x14,0x0e,0x1c,0x1e,0x16,0x1e,0x1c,0x3e,0x14,0x3e,0x1c,0x3e,0x36,0x3e,0x1c,0x3e,0x34,0x3e,0x5c,0x3c,0x14,0x38,0x58,0x38,0x11,0x3f,0x5d,0x3b,0x37,0x3f,0x15,0x3f,
    0x17,0x2f,0x05,0x2f,0x17,0x7f,0x5d,0x7f,0x77,0x7f,0x5d,0x3f,0x37,0x3f,0x1d,0x3f,0x77,0xff,0x5d,0xff,0x77,0xfe,0x5d,0xfe,0x75,0xfe,0xdd,0xef,0x75,0xff,0xdd,0xff,
    0x77,0xff,0xdd,0xff,0x77,0xbf,0x1d,0xbf,0x37,0xff,0x5d,0xff,0x77,0xff,0xdd,0xff,0x77,0xff,0xdd,0xff,0xf5,0xff,0xdd,0xff,0x77,0xff,0xdd,0xff,0x7f,0xff,0xd5,0xff,
    0x00,0x00,0x00,0x00,0x00,0x00,0x00,0x00,0x00,0x00,0x00,0x00,0x00,0x00,0x00,0x00,0x00,0x00,0x00,0x00,0x00,0x01,0x00,0x00,0x00,0x00,0x00,0x00,0x00,0x00,0x00,0x00,
    0x00,0x00,0x00,0x00,0x00,0x00,0x00,0x00,0x20,0x00,0x00,0x00,0x00,0x00,0x00,0x00,0x00,0x00,0x00,0x00,0x00,0x00,0x00,0x00,0x00,0x00,0x00,0x00,0x00,0x00,0x00,0x00,
    0x00,0x00,0x00,0x00,0x00,0x00,0x00,0x20,0x80,0x20,0x00,0x20,0x10,0x28,0x10,0x30,0x10,0x38,0x10,0x30,0x30,0x38,0x50,0x30,0x70,0x60,0x40,0x60,0x40,0x68,0x44,0xe8,
    0x55,0xff,0x5d,0xbf,0x15,0xbf,0x1d,0x3f,0x37,0x3f,0x5d,0x7f,0x77,0xfe,0x5d,0xfe,0x74,0xfe,0xdc,0xfc,0x75,0xfd,0xdd,0xfb,0x77,0xff,0xdd,0xff,0x77,0xff,0xd5,0xff
  },
  { // 219
    0x00,0x00,0x00,0x00,0x00,0x00,0x00,0x00,0x00,0x00,0x00,0x00,0x00,0x00,0x00,0x00,0x00,0x00,0x00,0x00,0x00,0x00,0x00,0x40,0x00,0x00,0x00,0x00,0x00,0x01,0x00,0x00,
    0x00,0x00,0x00,0x00,0x00,0x00,0x00,0x00,0x00,0x00,0x00,0x00,0x00,0x00,0x00,0x00,0x00,0x00,0x00,0x00,0x00,0x00,0x00,0x01,0x00,0x00,0x00,0x00,0x80,0x00,0x00,0x00,
    0x80,0x00,0x80,0x00,0x80,0x40,0x80,0x00,0x80,0x00,0x80,0x00,0x00,0x00,0x00,0x00,0x00,0x00,0x00,0x00,0x80,0x00,0x80,0x00,0x80,0xc0,0x80,0x40,0xc0,0xc0,0xc2,0x41,
    0xc3,0xc1,0xc3,0x43,0xc3,0xc5,0xc7,0x47,0xcf,0xc5,0xef,0x47,0xef,0xdd,0xff,0x57,0xbf,0x9d,0xbf,0x37,0xbf,0xdd,0xff,0x77,0xff,0xdd,0xff,0x77,0xfe,0xdd,0xfe,0x75,
    0x00,0x00,0x02,0x00,0x0c,0x04,0x8f,0x04,0x0c,0x04,0x08,0x00,0x08,0x00,0x08,0x00,0x08,0x00,0x82,0x00,0x0a,0x00,0x02,0x00,0x02,0x04,0x02,0x04,0x0e,0x04,0x0e,0x04,
    0x0e,0x0d,0x0e,0x17,0x0e,0x1c,0x0e,0x16,0x0e,0x1c,0x1e,0x16,0x1e,0x1c,0x3e,0x54,0x1e,0x1c,0x1c,0x14,0x18,0x18,0x39,0x11,0x3b,0x1d,0x3b,0x17,0x3f,0x15,0x27,0x07,
    0x27,0x05,0x2f,0x07,0x2f,0x1d,0x3f,0x17,0xbf,0x1d,0x3f,0x17,0x3f,0x1d,0x3f,0x37,0xbf,0x5d,0xbf,0x77,0xff,0x5d,0xfe,0x74,0xfe,0xdc,0xfd,0x75,0xff,0xdd,0xff,0x77,
    0xff,0xdd,0xff,0x77,0xbf,0x95,0xbf,0x37,0xff,0x5d,0xff,0x77,0xff,0xdd,0xff,0x77,0xff,0xdd,0xff,0x77,0xff,0xdd,0xff,0x77,0xff,0xdd,0xff,0x77,0xff,0xd5,0xff,0x77,
    0x08,0x10,0x08,0x10,0x18,0x14,0x38,0x14,0x3c,0x14,0x28,0x10,0x28,0x20,0x28,0x10,0x08,0x10,0x38,0x10,0x38,0x10,0x32,0x10,0x22,0x04,0x22,0x04,0x0e,0x04,0x2e,0x04,
    0x2e,0x1c,0x3e,0x14,0x1e,0x1c,0x3a,0x16,0x3e,0x1c,0x3a,0x34,0x3e,0x7c,0x3e,0x74,0x7e,0x54,0x78,0x74,0x68,0x46,0x6a,0x54,0x7e,0x5d,0x3f,0x57,0x3f,0x1d,0x3f,0x17,
    0x3e,0x15,0x3e,0x37,0x3e,0x5d,0x7e,0x77,0x7e,0x5c,0x7e,0x74,0xfe,0x5c,0xfe,0x75,0xff,0x5d,0xff,0x77,0xff,0xdd,0xff,0x77,0xfe,0x55,0xef,0x67,0xef,0xdd,0xff,0x77,
    0xff,0xdd,0xff,0x57,0xbf,0x9d,0xbf,0x37,0xbf,0x5d,0xff,0x77,0xff,0x5d,0xff,0x77,0xfe,0xdc,0xfe,0x75,0xff,0xdd,0xff,0x77,0xff,0xdd,0xff,0x77,0xff,0xd5,0xf7,0x77,
    0x00,0x00,0x00,0x00,0x00,0x00,0x00,0x00,0x00,0x00,0x00,0x00,0x00,0x00,0x00,0x00,0x00,0x00,0x00,0x01,0x00,0x00,0x00,0x00,0x00,0x00,0x00,0x00,0x00,0x00,0x00,0x00,
    0x00,0x00,0x00,0x00,0x00,0x10,0x00,0x00,0x00,0x00,0x00,0x00,0x00,0x00,0x00,0x00,0x00,0x00,0x00,0x00,0x00,0x00,0x00,0x00,0x00,0x00,0x00,0x00,0x00,0x00,0x00,0x00,
    0x00,0x00,0x00,0x00,0x80,0x00,0x00,0x00,0x20,0x00,0x20,0x00,0x20,0x00,0x20,0x00,0x20,0x50,0x30,0x10,0x30,0x50,0x20,0x10,0x20,0x00,0x20,0x40,0x60,0x40,0x68,0x45,
    0xec,0x5d,0xfd,0x55,0x9d,0x1d,0xbb,0x15,0xbf,0x5d,0xff,0x77,0xff,0x5d,0xfe,0x76,0xfe,0xdc,0xfe,0x74,0xfc,0xdd,0xff,0x75,0xff,0xdd,0xff,0x77,0xff,0xdd,0xff,0x77
  },
  { // 220
    0x00,0x00,0x00,0x00,0x00,0x00,0x00,0x00,0x00,0x00,0x00,0x00,0x00,0x00,0x00,0x00,0x00,0x00,0x00,0x40,0x00,0x00,0x00,0x00,0x00,0x00,0x00,0x01,0x00,0x00,0x00,0x00,
    0x00,0x00,0x00,0x00,0x00,0x00,0x00,0x00,0x00,0x00,0x00,0x04,0x00,0x00,0x00,0x00,0x00,0x00,0x00,0x00,0x01,0x00,0x00,0x00,0x00,0x00,0x00,0x00,0x00,0x00,0x00,0x00,
    0x00,0x00,0x00,0x00,0x00,0x00,0x00,0x80,0x00,0x00,0x00,0x00,0x00,0x00,0x00,0x00,0x00,0x00,0x00,0x80,0x00,0x80,0x00,0x80,0x80,0x80,0x00,0x80,0xc0,0x82,0x01,0x8b,
    0xc1,0x83,0x03,0x83,0x85,0x83,0x07,0x8f,0xc5,0xef,0x47,0xef,0xdd,0xff,0x57,0xff,0xdd,0xbf,0x57,0xff,0xdd,0xff,0x77,0xff,0xdd,0xff,0x77,0xfe,0xdd,0xfe,0x77,0xff,
    0x00,0x00,0x80,0x08,0x06,0x08,0x04,0x0c,0x04,0x08,0x00,0x08,0x00,0x08,0x00,0x08,0x80,0x08,0x10,0x08,0x00,0x02,0x00,0x02,0x08,0x02,0x04,0x0e,0x04,0x0e,0x04,0x0e,
    0x0c,0x0e,0x14,0x0e,0x1c,0x1e,0x14,0x1e,0x1c,0x3e,0x16,0x3e,0x5c,0x3e,0x14,0x3e,0x1c,0x2c,0x14,0x2e,0x1c,0x38,0x15,0x3b,0x1d,0x3b,0x13,0x3b,0x15,0x33,0x17,0x2f,
    0x05,0x2f,0x17,0x3f,0x1d,0x3f,0x17,0x3f,0x1d,0x3f,0x15,0x3f,0x1d,0x7f,0x37,0xbf,0x5f,0xff,0x77,0xff,0x5d,0xfe,0x76,0xfe,0x74,0xee,0x75,0xef,0xdd,0xff,0x77,0xff,
    0xdd,0xff,0x57,0xbf,0x9d,0xbf,0xf7,0xff,0x5d,0xff,0x77,0xff,0x5d,0xff,0x77,0xfe,0xdd,0xff,0x75,0xff,0xdd,0xff,0x77,0xff,0xdd,0xff,0x77,0xff,0xd5,0xf7,0x77,0xff,
    0x10,0x18,0x10,0x38,0x10,0x38,0x10,0x38,0x10,0x28,0x10,0x28,0x00,0x20,0x00,0x28,0x00,0xa8,0x10,0x28,0x10,0x28,0x10,0x08,0x00,0x20,0x00,0x2c,0x04,0x2c,0x14,0x2c,
    0x1c,0x3c,0x14,0x3d,0x1c,0x38,0x14,0x38,0x5c,0x38,0x70,0x38,0x5c,0x3a,0x70,0x7a,0x54,0x70,0x71,0x68,0x44,0x6e,0x64,0x6e,0x5c,0x7e,0x54,0x9e,0x1c,0x1e,0x16,0x3e,
    0x1c,0x3e,0x36,0x3e,0x5c,0x7e,0x76,0x7e,0x5c,0x7e,0x74,0xfc,0x5c,0xfc,0x74,0xfe,0xdd,0xfb,0x77,0xfb,0xdd,0xfb,0x73,0xf3,0xd5,0xe7,0x77,0xef,0xdd,0xff,0x77,0xff,
    0xdd,0xff,0x57,0xdf,0xdd,0xbf,0x17,0xbf,0xdd,0xff,0x77,0xff,0x5d,0xff,0x76,0xfe,0xdc,0xfe,0x74,0xfe,0xdd,0xff,0x77,0xff,0xdd,0xff,0x77,0xfb,0xd5,0xfb,0x77,0xff,
    0x00,0x00,0x00,0x00,0x00,0x00,0x00,0x00,0x00,0x00,0x00,0x00,0x00,0x00,0x00,0x00,0x00,0x00,0x00,0x00,0x00,0x00,0x00,0x00,0x00,0x00,0x00,0x00,0x00,0x00,0x00,0x00,
    0x00,0x01,0x00,0x10,0x00,0x00,0x00,0x00,0x00,0x00,0x00,0x00,0x00,0x00,0x00,0x00,0x00,0x00,0x00,0x00,0x00,0x00,0x00,0x00,0x00,0x00,0x00,0x00,0x00,0x00,0x00,0x00,
    0x00,0x00,0x00,0x00,0x00,0x00,0x00,0x00,0x00,0x00,0x00,0x00,0x00,0x20,0x00,0x20,0x40,0x20,0x00,0x20,0x40,0x20,0x00,0x00,0x00,0x20,0x01,0x20,0x41,0x21,0x71,0x69,
    0x51,0x68,0x59,0xe8,0x5d,0xb9,0x51,0xfb,0xdd,0xfb,0x75,0xff,0xdd,0xfb,0x75,0xfe,0xd4,0xfa,0x75,0xfe,0xdd,0xff,0x77,0xff,0xdd,0xff,0x77,0xff,0xdd,0xff,0x57,0xbf
  },
  { // 221
    0x00,0x00,0x00,0x00,0x00,0x00,0x00,0x00,0x00,0x00,0x00,0x00,0x00,0x00,0x00,0x00,0x80,0x00,0x00,0x00,0x00,0x00,0x00,0x00,0x00,0x01,0x00,0x00,0x00,0x00,0x00,0x00,
    0x00,0x00,0x00,0x00,0x00,0x00,0x00,0x00,0x02,0x00,0x00,0x00,0x00,0x00,0x00,0x00,0x00,0x00,0x01,0x00,0x00,0x00,0x00,0x00,0x00,0x00,0x00,0x00,0x00,0x00,0x00,0x00,
    0x00,0x00,0x00,0x00,0x00,0x00,0x00,0x00,0x00,0x00,0x00,0x00,0x00,0x00,0x00,0x00,0x00,0x00,0x80,0x00,0x00,0x00,0x80,0x00,0x80,0x00,0x89,0x84,0x8a,0x01,0x8b,0x81,
    0x8b,0x01,0x8b,0x85,0x83,0x07,0x8f,0x05,0xaf,0x57,0xef,0x5d,0xff,0x57,0xfe,0x5d,0xff,0x55,0xff,0xdd,0xff,0x77,0xff,0xdd,0xff,0x77,0xff,0xd5,0xff,0x77,0xff,0xdd,
    0x08,0x00,0x0a,0x14,0x08,0x10,0x08,0x04,0x08,0x00,0x08,0x00,0x08,0x00,0x88,0x00,0x08,0x10,0x08,0x10,0x08,0x00,0x00,0x00,0x02,0x00,0x06,0x04,0x0e,0x04,0x0e,0x0c,
    0x8e,0x04,0x0e,0x1c,0x1e,0x14,0x1e,0x1c,0x7e,0x14,0x3e,0x3c,0x3e,0x34,0x3e,0x16,0x3a,0x34,0x2c,0x04,0x2e,0x14,0x2e,0x5d,0x3f,0x15,0x1f,0x1d,0x1b,0x17,0x1f,0x15,
    0x3f,0x17,0x3f,0x1d,0x3f,0x37,0x3e,0x5c,0x3e,0x54,0xfe,0x5c,0x7e,0x77,0xff,0x5d,0xff,0x77,0xff,0x5d,0xfb,0x73,0xfa,0x55,0xf7,0x77,0xef,0xdd,0xff,0x77,0xff,0xdd,
    0xff,0x57,0xdf,0x9d,0xbf,0x1f,0xbf,0xdd,0xbf,0x77,0xff,0x5d,0xff,0x77,0xfe,0x5c,0xfe,0x74,0xfe,0xdd,0xff,0x77,0xff,0xdd,0xfb,0x73,0xfb,0xd1,0xfb,0x77,0xff,0xd5,
    0x08,0x10,0x38,0x10,0x38,0x10,0x38,0x10,0x30,0x10,0x20,0x00,0x20,0x00,0x28,0x80,0x28,0x00,0x08,0x00,0x08,0x00,0x08,0x00,0x00,0x10,0x28,0x14,0x38,0x94,0x3c,0x1c,
    0x3c,0x14,0x3c,0x5c,0x38,0x10,0x78,0x5c,0x38,0x70,0x78,0x58,0x78,0x70,0x79,0x50,0x30,0x70,0x60,0x44,0x62,0x64,0xee,0x4c,0xee,0x44,0xce,0x5c,0x9e,0x14,0x9e,0x1c,
    0x3e,0x36,0xbe,0x5c,0x3e,0x76,0x7e,0x5c,0x7e,0x74,0xfc,0x5c,0xfc,0x74,0xfc,0xdc,0xfe,0x75,0xfb,0xd9,0xfb,0x71,0xfb,0xd5,0xf3,0x77,0xff,0xdd,0xff,0x7f,0xff,0xdd,
    0xff,0x57,0xff,0xdd,0xff,0x57,0xff,0xdd,0xff,0x77,0xff,0xdd,0xff,0x77,0xfe,0xdc,0xfe,0x7e,0xfe,0xdd,0xff,0x77,0xff,0xdd,0xff,0x77,0xff,0xdf,0xfb,0x77,0xff,0xdd,
    0x00,0x00,0x00,0x00,0x00,0x00,0x00,0x00,0x00,0x00,0x00,0x00,0x00,0x00,0x00,0x00,0x00,0x00,0x00,0x00,0x00,0x00,0x00,0x00,0x00,0x00,0x00,0x00,0x00,0x00,0x00,0x00,
    0x00,0x08,0x00,0x00,0x00,0x00,0x00,0x00,0x00,0x00,0x00,0x00,0x00,0x00,0x00,0x00,0x00,0x00,0x00,0x00,0x00,0x00,0x00,0x00,0x00,0x00,0x00,0x00,0x00,0x00,0x00,0x00,
    0x00,0x00,0x00,0x00,0x00,0x00,0x00,0x00,0x00,0x00,0x00,0x00,0x00,0x00,0x00,0x00,0x00,0x00,0x00,0x00,0x00,0x01,0x01,0x01,0x01,0x01,0x21,0x01,0x21,0x15,0x21,0x51,
    0x22,0x50,0x68,0x50,0x78,0x71,0xf9,0xdd,0xfb,0x71,0xfb,0xd9,0xfb,0x71,0xfb,0xd1,0xf3,0x73,0xff,0xd5,0xff,0x77,0xff,0xdd,0xef,0x77,0xef,0xdd,0xdf,0x57,0xff,0xdd
  },
  { // 222
    0x00,0x00,0x00,0x00,0x00,0x00,0x00,0x00,0x00,0x00,0x00,0x00,0x00,0x00,0x00,0x00,0x00,0x00,0x00,0x00,0x00,0x00,0x00,0x00,0x00,0x00,0x00,0x00,0x00,0x00,0x00,0x00,
    0x00,0x00,0x00,0x00,0x02,0x00,0x00,0x00,0x00,0x00,0x00,0x00,0x00,0x00,0x00,0x00,0x00,0x00,0x00,0x00,0x00,0x00,0x00,0x00,0x00,0x00,0x00,0x00,0x00,0x00,0x00,0x00,
    0x00,0x00,0x00,0x00,0x00,0x00,0x00,0x00,0x00,0x00,0x00,0x00,0x00,0x00,0x00,0x00,0x00,0x00,0x00,0x00,0x00,0x00,0x01,0x00,0x00,0x8a,0x04,0x8a,0x04,0x8e,0x85,0x8a,
    0x01,0x8b,0x85,0x8b,0x17,0x9f,0x1d,0xbf,0x17,0xbf,0x5d,0x3e,0x76,0x7e,0x5c,0xfe,0x74,0xfe,0xdd,0xff,0x77,0xff,0xdd,0xfb,0x73,0xfb,0xd1,0xfb,0x77,0xff,0xd5,0xff,
    0x10,0x08,0x10,0x18,0x10,0x18,0x10,0x20,0x10,0x08,0x00,0x20,0x00,0x09,0x00,0x28,0x00,0x08,0x00,0x08,0x00,0x08,0x00,0x00,0x00,0x0a,0x14,0x2e,0x94,0x2e,0x1c,0x2e,
    0x14,0x2c,0x1c,0x3c,0x14,0x7c,0x1c,0x3c,0x14,0x3e,0x1c,0x3a,0x30,0x3a,0x10,0x32,0x30,0x2a,0x54,0x2e,0x74,0x6e,0x4c,0x6e,0x44,0x0e,0x0c,0x0e,0x15,0x1e,0x1d,0x3e,
    0x17,0x3e,0x1d,0x3e,0x36,0x3e,0xdc,0x3e,0x74,0x7e,0x5e,0xfe,0x74,0xfe,0xdd,0xff,0x75,0xfb,0xd9,0xfb,0x71,0xfb,0xd1,0xf3,0x77,0xff,0xd5,0xff,0x77,0xef,0xcf,0xef,
    0x57,0xcf,0xdd,0xbf,0x57,0xff,0xdd,0xff,0x77,0xff,0x5d,0xff,0x77,0xfe,0x5c,0xfe,0x76,0xfe,0xdd,0xff,0x77,0xff,0xdd,0xff,0x77,0xfb,0xd9,0xfb,0x77,0xff,0xdd,0xff,
    0x10,0x28,0x10,0x30,0x90,0x30,0x10,0x20,0x10,0x20,0x00,0x20,0x08,0xa0,0x00,0x20,0x00,0x28,0x00,0x00,0x00,0x08,0x00,0x08,0x10,0x58,0x10,0x38,0x10,0x38,0x10,0x78,
    0x30,0x38,0xd0,0x38,0x70,0x78,0x58,0x78,0x70,0xf8,0x59,0xf8,0x70,0xf8,0x50,0xb0,0x70,0xf0,0x50,0xe0,0x74,0xec,0x44,0xec,0x44,0xec,0x4c,0x0c,0x14,0x9c,0x5c,0xbe,
    0x14,0xbe,0x5c,0xbe,0x74,0xfe,0x5c,0x7e,0x74,0xfe,0x5c,0xfe,0x74,0xfc,0xdc,0xfe,0x75,0xfc,0xdd,0xfb,0x51,0xfb,0xd1,0xfb,0xf7,0xff,0xdd,0xff,0x77,0xff,0x5d,0xff,
    0x77,0xfe,0x5d,0xff,0x77,0xff,0xfd,0xff,0x77,0xff,0xdd,0xff,0x77,0xff,0xdd,0xfe,0x77,0xff,0xdd,0xff,0x77,0xff,0xdd,0xff,0x77,0xff,0xdd,0xff,0x57,0xff,0xdd,0xff,
    0x00,0x00,0x00,0x00,0x00,0x00,0x00,0x00,0x00,0x00,0x00,0x00,0x00,0x00,0x00,0x00,0x00,0x00,0x00,0x00,0x00,0x00,0x00,0x00,0x00,0x00,0x00,0x00,0x00,0x00,0x00,0x00,
    0x00,0x00,0x00,0x00,0x00,0x00,0x00,0x00,0x00,0x00,0x00,0x00,0x00,0x00,0x00,0x00,0x00,0x00,0x00,0x00,0x00,0x00,0x00,0x00,0x00,0x20,0x00,0x00,0x00,0x00,0x00,0x00,
    0x00,0x00,0x02,0x02,0x00,0x00,0x00,0x00,0x00,0x00,0x00,0x00,0x00,0x00,0x00,0x00,0x01,0x00,0x81,0x01,0x01,0x01,0x01,0x01,0x01,0x03,0x01,0x21,0x01,0x23,0x01,0x23,
    0x01,0x22,0x40,0x62,0x70,0xfa,0x51,0xfb,0x71,0xfb,0xd9,0xfb,0x71,0xfb,0xd1,0xf3,0x73,0xfb,0xd5,0xff,0x77,0xff,0xdd,0xef,0x67,0xef,0xcd,0xef,0x57,0xff,0xdd,0xff
  },
  { // 223
    0x00,0x00,0x00,0x00,0x00,0x00,0x00,0x00,0x00,0x00,0x00,0x00,0x00,0x00,0x00,0x00,0x00,0x00,0x00,0x00,0x00,0x00,0x00,0x00,0x00,0x00,0x00,0x00,0x00,0x00,0x00,0x00,
    0x00,0x01,0x00,0x00,0x00,0x00,0x00,0x00,0x00,0x00,0x00,0x00,0x00,0x00,0x01,0x00,0x00,0x00,0x00,0x00,0x00,0x00,0x00,0x00,0x00,0x00,0x00,0x00,0x00,0x00,0x00,0x00,
    0x00,0x00,0x00,0x00,0x00,0x00,0x00,0x00,0x00,0x00,0x00,0x00,0x08,0x00,0x08,0x00,0x08,0x00,0x00,0x00,0x00,0x00,0x02,0x00,0x02,0x04,0x06,0x04,0x8e,0x04,0x8e,0x84,
    0x8e,0x0d,0x8f,0x17,0x9f,0x1d,0xbf,0x17,0xbf,0x1d,0x3f,0x36,0x3e,0x5c,0x7e,0x76,0xfe,0xdd,0xff,0x75,0xff,0xdd,0xff,0x71,0xfb,0xd9,0xfb,0x73,0xff,0xd5,0xff,0x77,
    0x18,0x18,0x38,0x10,0x38,0x10,0x30,0x10,0x20,0x10,0x60,0x01,0x28,0x00,0x28,0x00,0x28,0x00,0x08,0x00,0x08,0x00,0x08,0x10,0x18,0x54,0x38,0x14,0x3c,0x1c,0x3c,0x14,
    0x2c,0x1c,0x7c,0x94,0x3c,0x5c,0x3c,0x74,0x7c,0x5c,0x38,0x30,0x38,0x50,0x30,0x30,0x32,0x54,0x72,0x74,0x6e,0x44,0x6e,0x44,0x6f,0x4c,0x0e,0x14,0x9e,0x1c,0x3e,0x16,
    0xbe,0x1c,0x3e,0x36,0x3e,0x5c,0x3e,0x76,0x7e,0x5c,0xfe,0x74,0xfe,0xdc,0xfe,0x7d,0xfc,0xdd,0xfb,0x71,0xfb,0xd1,0xfb,0x77,0xff,0xd5,0xff,0x77,0xff,0x5d,0xef,0x47,
    0xff,0x5d,0xff,0x57,0xff,0xdd,0xff,0x77,0xff,0xdd,0xff,0x77,0xfe,0x5c,0xfe,0x76,0xfe,0xdd,0xff,0x77,0xff,0xdd,0xff,0x75,0xff,0xdd,0xfb,0x57,0xff,0xdd,0xff,0x77,
    0x20,0x00,0x20,0x10,0x20,0x00,0x20,0x00,0x20,0x00,0x28,0x00,0x20,0x00,0x20,0x00,0x20,0x00,0x00,0x00,0x00,0x20,0x00,0x00,0x08,0x10,0x38,0x10,0x38,0x10,0xb8,0x30,
    0x38,0x10,0x38,0x70,0x78,0x50,0x78,0x71,0xf8,0x50,0xf8,0x50,0xf8,0x50,0xb0,0x50,0xb0,0x50,0xb0,0x70,0xf8,0x54,0xe8,0x64,0xec,0x44,0x2c,0x44,0xec,0x5c,0xfc,0x54,
    0xfc,0xdc,0xf8,0x74,0xf8,0x5c,0xf8,0x70,0xf8,0x54,0xf8,0x74,0xfe,0xdc,0xfe,0x74,0xfc,0xdc,0xe8,0x51,0xeb,0xdd,0xfb,0x5f,0xff,0xdd,0xff,0x77,0xff,0x5d,0x3f,0x77,
    0x7e,0x5c,0xfe,0x77,0xff,0xdd,0xff,0x77,0xff,0xdd,0xff,0x75,0xfb,0xd9,0xfb,0x77,0xff,0xdd,0xff,0x77,0xff,0xdd,0xef,0x67,0xef,0xcd,0xef,0x57,0xff,0xdd,0xff,0x77,
    0x00,0x00,0x00,0x00,0x00,0x00,0x00,0x00,0x00,0x00,0x00,0x00,0x00,0x00,0x00,0x00,0x00,0x00,0x00,0x00,0x00,0x00,0x00,0x00,0x00,0x00,0x00,0x00,0x04,0x00,0x00,0x00,
    0x00,0x00,0x00,0x00,0x00,0x00,0x00,0x00,0x00,0x00,0x02,0x00,0x00,0x00,0x00,0x00,0x00,0x00,0x00,0x00,0x00,0x00,0x00,0x00,0x00,0x00,0x00,0x00,0x00,0x00,0x00,0x00,
    0x02,0x02,0x00,0x00,0x00,0x00,0x00,0x00,0x00,0x00,0x00,0x01,0x00,0x01,0x00,0x81,0x00,0x01,0x01,0x01,0x01,0x01,0x01,0x01,0x01,0x01,0x03,0x01,0x03,0x01,0x23,0x01,
    0x22,0x00,0x22,0x70,0xe2,0x50,0xf2,0x71,0xfb,0xd1,0xf9,0x71,0xf9,0xd1,0xfb,0x73,0xfb,0xd5,0xfb,0x77,0xff,0xd5,0xff,0x77,0xef,0xcd,0xef,0x57,0xff,0xdd,0xff,0x77
  },
  { // 224
    0x00,0x00,0x00,0x00,0x00,0x00,0x00,0x00,0x00,0x00,0x00,0x00,0x00,0x00,0x00,0x00,0x00,0x00,0x00,0x00,0x00,0x00,0x00,0x00,0x00,0x00,0x00,0x00,0x00,0x00,0x01,0x00,
    0x00,0x00,0x00,0x00,0x00,0x00,0x00,0x00,0x00,0x00,0x00,0x00,0x00,0x02,0x00,0x00,0x00,0x00,0x00,0x00,0x00,0x00,0x00,0x00,0x00,0x00,0x00,0x00,0x00,0x00,0x00,0x00,
    0x00,0x00,0x00,0x00,0x00,0x00,0x00,0x00,0x00,0x00,0x00,0x08,0x00,0x08,0x00,0x08,0x00,0x00,0x00,0x00,0x00,0x02,0x00,0x02,0x04,0x06,0x04,0x8e,0x04,0x0e,0x04,0x0e,
    0x0c,0x0e,0x17,0x9f,0x1d,0xbf,0x17,0xbf,0x1d,0x3f,0x37,0x3e,0x5c,0x7e,0x76,0xfe,0xdc,0xfe,0x77,0xff,0xdd,0xff,0x75,0xfb,0xd9,0xfb,0x73,0xff,0xdd,0xff,0x77,0xff,
    0x18,0x38,0x10,0x38,0x10,0x38,0x10,0x30,0x52,0x20,0x10,0x20,0x00,0x20,0x00,0x28,0x00,0x08,0x00,0x08,0x00,0x08,0x50,0x18,0x1c,0x38,0x14,0x3c,0x1c,0x38,0x14,0xbc,
    0x14,0x3c,0x34,0x7c,0x5c,0x7c,0x74,0x7c,0x5c,0x78,0x70,0x78,0x50,0x38,0x70,0xf8,0x50,0x72,0x74,0xfe,0x54,0x6e,0x64,0x6e,0x44,0x2e,0x44,0xce,0x5c,0xbe,0x54,0xfe,
    0x5c,0xbe,0x36,0xbe,0x5e,0x3e,0x74,0x7e,0x5c,0xfe,0x74,0xfe,0xdc,0xfe,0x74,0xfc,0xdc,0xf8,0x51,0xfa,0xd9,0xfb,0x77,0xff,0xdd,0xff,0x77,0xff,0x5d,0xff,0x77,0xee,
    0x5d,0xff,0x77,0xff,0xdd,0xff,0x77,0xff,0xdd,0xff,0x77,0xff,0xdd,0xff,0x77,0xff,0xdd,0xff,0x77,0xff,0xdd,0xff,0x77,0xef,0xdd,0xff,0x57,0xff,0xdd,0xff,0x77,0xff,
    0x00,0x20,0x00,0x20,0x00,0x00,0x00,0x00,0x04,0x20,0x00,0x20,0x00,0x20,0x00,0x20,0x00,0x30,0x00,0x00,0x00,0x00,0x10,0x00,0x10,0x30,0x10,0x38,0x10,0x30,0x10,0x30,
    0x10,0x30,0x70,0x72,0x50,0x70,0x70,0xe8,0x50,0xe0,0x40,0xe8,0x40,0xe0,0x50,0xe8,0xd0,0xb8,0x50,0xb8,0x50,0xb8,0x30,0x28,0x00,0x28,0x50,0x68,0x5c,0xf8,0x74,0xfc,
    0xdc,0xf8,0x70,0xf8,0xd8,0xf8,0x70,0xf8,0xd0,0xf8,0x70,0xf8,0xd4,0xfa,0x74,0xec,0xc4,0xe8,0x45,0xed,0xcd,0xff,0x55,0xff,0xdd,0xff,0x77,0xbf,0x1d,0xbf,0x37,0x7e,
    0x5c,0x7e,0x76,0xfe,0xdf,0xff,0x75,0xff,0xdf,0xfd,0x75,0xf9,0xd9,0xfb,0x73,0xfb,0xdd,0xff,0x77,0xff,0xd5,0xff,0x67,0xef,0xcd,0xef,0x57,0xff,0xdd,0xff,0x77,0xff,
    0x00,0x00,0x00,0x00,0x00,0x00,0x00,0x00,0x00,0x00,0x00,0x00,0x00,0x00,0x00,0x00,0x00,0x00,0x00,0x00,0x00,0x00,0x00,0x00,0x00,0x00,0x04,0x00,0x00,0x00,0x00,0x00,
    0x00,0x00,0x00,0x00,0x00,0x00,0x00,0x04,0x00,0x00,0x00,0x00,0x00,0x00,0x00,0x00,0x00,0x00,0x00,0x00,0x00,0x00,0x00,0x00,0x00,0x00,0x00,0x00,0x00,0x00,0x02,0x02,
    0x00,0x00,0x00,0x00,0x00,0x00,0x00,0x00,0x01,0x01,0x01,0x01,0x81,0x01,0x01,0x01,0x01,0x01,0x01,0x01,0x01,0x03,0x01,0x03,0x01,0x03,0x01,0x03,0x01,0x03,0x01,0x23,
    0x01,0x22,0x63,0xe2,0x41,0xe2,0x61,0xe2,0xc5,0xe1,0x61,0xe9,0xc1,0xeb,0x51,0xfb,0xd5,0xfb,0x77,0xff,0xd5,0xff,0x77,0xef,0x55,0xef,0x77,0xff,0xdd,0xff,0x77,0xff
  },
  { // 225
    0x00,0x00,0x00,0x00,0x00,0x00,0x00,0x00,0x00,0x00,0x00,0x00,0x00,0x00,0x00,0x00,0x00,0x00,0x00,0x00,0x00,0x00,0x00,0x00,0x00,0x00,0x00,0x01,0x00,0x00,0x00,0x00,
    0x00,0x00,0x00,0x00,0x00,0x00,0x00,0x00,0x00,0x00,0x00,0x02,0x00,0x00,0x00,0x00,0x00,0x00,0x00,0x00,0x00,0x00,0x00,0x00,0x00,0x00,0x00,0x00,0x00,0x00,0x00,0x00,
    0x00,0x00,0x00,0x00,0x00,0x00,0x00,0x00,0x00,0x00,0x08,0x00,0x0c,0x00,0x08,0x00,0x08,0x00,0x08,0x00,0x00,0x10,0x0a,0x54,0x02,0x04,0x0e,0x04,0x06,0x04,0x0e,0x0c,
    0x1e,0x16,0x9e,0x1c,0xbe,0x17,0xbe,0x1d,0xbe,0x37,0xbe,0x5c,0xbe,0x76,0xfe,0xdc,0xfe,0x77,0xfe,0xdd,0xff,0x75,0xff,0xdd,0xff,0x77,0xff,0xdd,0xff,0x77,0xff,0xdd,
    0x38,0x10,0x38,0x10,0x38,0x12,0x21,0x10,0x30,0x10,0x20,0x10,0x20,0x00,0x20,0x00,0x20,0x00,0x08,0x40,0x08,0x00,0x08,0x18,0x38,0x90,0x38,0x18,0x38,0x10,0x38,0x10,
    0x38,0x30,0x78,0x5c,0x78,0x74,0xfc,0x5c,0xf8,0x70,0xf8,0x50,0xf8,0x50,0xf8,0x50,0xf8,0x70,0xf8,0x54,0xbe,0x74,0xae,0x44,0x2e,0x44,0xee,0x5c,0xfe,0x54,0xfe,0x5c,
    0xfe,0x76,0xfe,0x5c,0xba,0x75,0xfe,0x5c,0xfe,0x74,0xfe,0xdc,0xfe,0x74,0xfe,0xdc,0xe8,0x74,0xee,0xdc,0xfa,0x57,0xff,0xdd,0xff,0x77,0xbf,0xdd,0xbf,0x37,0x3e,0x5c,
    0x7e,0x77,0xfe,0xdd,0xff,0x77,0xff,0xdd,0xff,0x75,0xff,0xdd,0xfb,0x77,0xff,0xdd,0xff,0x77,0xff,0xd5,0xff,0x77,0xef,0xcd,0xef,0x57,0xff,0xdd,0xff,0x77,0xff,0xdd,
    0x20,0x00,0x00,0x00,0x00,0x00,0x00,0x04,0x00,0x40,0x00,0x00,0x20,0x10,0x20,0x00,0x00,0x00,0x08,0x00,0x00,0x00,0x00,0x40,0x20,0x10,0x20,0x10,0x31,0x10,0x30,0x10,
    0x32,0x30,0xf0,0x50,0xf0,0x70,0xe0,0x40,0xe0,0x40,0xe0,0x40,0xe0,0x40,0xc8,0xc0,0xa8,0x50,0xb8,0x90,0xb8,0x10,0xb8,0x10,0x38,0x30,0x38,0x50,0x78,0x71,0xf8,0x58,
    0xf8,0x70,0xf8,0xd8,0xf8,0x70,0xf8,0xd0,0xf8,0x70,0xf8,0xd1,0xf0,0x71,0xe8,0xc4,0xe7,0x45,0xee,0xcd,0xef,0x55,0xff,0xdd,0xff,0x57,0xbf,0x9d,0xff,0x37,0xbf,0x5d,
    0x7e,0x77,0xfe,0xdd,0xfe,0x77,0xfe,0xdc,0xfc,0x75,0xf9,0xdd,0xfb,0x71,0xfb,0xdd,0xff,0x77,0xff,0xd5,0xff,0x77,0xef,0xc5,0xef,0x77,0xff,0xdd,0xff,0x77,0xff,0xdd,
    0x00,0x00,0x00,0x00,0x00,0x00,0x00,0x00,0x00,0x00,0x00,0x00,0x00,0x00,0x00,0x00,0x00,0x00,0x00,0x00,0x00,0x00,0x00,0x00,0x04,0x00,0x00,0x00,0x00,0x00,0x00,0x00,
    0x00,0x00,0x00,0x00,0x00,0x04,0x00,0x00,0x00,0x00,0x00,0x00,0x00,0x00,0x00,0x00,0x08,0x00,0x00,0x00,0x00,0x00,0x00,0x00,0x00,0x00,0x00,0x00,0x00,0x02,0x02,0x00,
    0x00,0x00,0x00,0x00,0x00,0x00,0x00,0x01,0x01,0x01,0x81,0x01,0x01,0x01,0x03,0x01,0x03,0x01,0x03,0x01,0x03,0x01,0x03,0x01,0x03,0x01,0x03,0x01,0x03,0x01,0x03,0x01,
    0x03,0x03,0xa3,0x41,0xe3,0x63,0xe2,0x45,0xe2,0x41,0xe1,0xc5,0xe3,0x41,0xef,0xd5,0xff,0x57,0xff,0xd5,0xbf,0x17,0xbf,0x15,0xbf,0x77,0xff,0x5d,0xff,0x77,0xff,0xdd
  },
  { // 226
    0x00,0x00,0x00,0x00,0x00,0x00,0x00,0x00,0x00,0x00,0x00,0x00,0x00,0x00,0x00,0x00,0x00,0x00,0x00,0x00,0x00,0x00,0x00,0x00,0x00,0x00,0x00,0x00,0x00,0x00,0x00,0x00,
    0x00,0x00,0x00,0x00,0x00,0x00,0x00,0x00,0x00,0x02,0x00,0x00,0x00,0x00,0x00,0x00,0x00,0x00,0x00,0x00,0x00,0x00,0x00,0x00,0x00,0x00,0x00,0x00,0x00,0x00,0x00,0x00,
    0x00,0x00,0x00,0x00,0x00,0x00,0x00,0x00,0x00,0x0c,0x00,0x08,0x00,0x08,0x00,0x08,0x00,0x08,0x00,0x48,0x10,0x08,0x10,0x3a,0x10,0x2e,0x04,0x26,0x24,0x2e,0x04,0x2e,
    0x16,0x3e,0x5c,0x3e,0x16,0xbe,0x5c,0xbe,0x34,0xbe,0x5c,0xbe,0x77,0xfe,0xdd,0xff,0x77,0xfe,0xdd,0xfe,0x75,0xef,0xcd,0xef,0x77,0xff,0xdd,0xff,0x77,0xff,0xdd,0xbf,
    0x10,0x28,0x50,0x22,0x10,0x28,0x10,0x20,0x10,0x30,0x10,0x20,0x10,0x20,0x00,0x20,0x40,0x00,0x00,0x08,0x00,0x08,0x58,0x38,0x10,0x38,0x18,0x38,0x10,0x38,0x10,0x38,
    0x30,0x78,0x50,0x78,0x70,0xf8,0x50,0xf8,0x70,0xe8,0x40,0xe8,0x50,0xf8,0xd0,0xf8,0x50,0xf8,0xd4,0xb8,0x14,0xac,0x14,0x2c,0x14,0x6c,0x5c,0x7c,0x74,0xfe,0x5e,0xfc,
    0x74,0xfd,0x5c,0xf8,0x70,0xf8,0xdc,0xfa,0x74,0xfe,0xdc,0xfe,0x74,0xfe,0xd4,0xee,0x64,0xee,0xcc,0xee,0x54,0xfe,0xdd,0xff,0x57,0xbf,0x9d,0xbe,0x37,0xbe,0x5c,0x7e,
    0x76,0xfe,0x5c,0xfe,0x76,0xfe,0xdc,0xfe,0x74,0xfc,0xdd,0xfb,0x71,0xff,0xdd,0xff,0x77,0xff,0xd5,0xff,0x77,0xef,0xc5,0xef,0x67,0xef,0xdd,0xff,0x77,0xff,0xdd,0xff,
    0x00,0x00,0x00,0x00,0x00,0x04,0x00,0x00,0x20,0x00,0x08,0x00,0x00,0x00,0x04,0x00,0x00,0x00,0x00,0x20,0x00,0x20,0x40,0x21,0x41,0x20,0x40,0x20,0x00,0xa4,0x50,0xa0,
    0x10,0xe0,0x50,0xf0,0x70,0xe0,0x40,0xe0,0x60,0xe0,0x40,0xe0,0x40,0xc0,0xc0,0xe0,0x50,0xc8,0xd0,0xb0,0x10,0xb8,0x10,0x30,0x30,0x38,0x50,0x79,0x70,0xf8,0x58,0xf8,
    0x70,0xf8,0xd8,0xf8,0x70,0xf8,0xd0,0xf8,0x71,0xf9,0xd1,0xf1,0x71,0xf9,0xc9,0xe2,0x61,0xef,0xc5,0xef,0x55,0xff,0xdd,0xff,0x55,0xff,0xdd,0xbf,0x35,0xbf,0x5d,0xff,
    0x77,0xff,0xdd,0xfe,0x77,0xfe,0xdc,0xfe,0x74,0xfc,0xdd,0xf9,0x75,0xff,0xdd,0xff,0x77,0xff,0xdd,0xff,0x77,0xff,0xd5,0xff,0x77,0xff,0xdd,0xff,0x77,0xff,0xdd,0xff,
    0x00,0x00,0x00,0x00,0x00,0x00,0x00,0x00,0x00,0x00,0x00,0x00,0x00,0x00,0x00,0x00,0x00,0x00,0x00,0x00,0x00,0x00,0x02,0x00,0x00,0x00,0x00,0x00,0x00,0x00,0x00,0x00,
    0x00,0x00,0x00,0x08,0x00,0x00,0x00,0x00,0x00,0x00,0x00,0x00,0x00,0x04,0x00,0x00,0x00,0x00,0x00,0x00,0x00,0x00,0x00,0x00,0x00,0x00,0x00,0x02,0x02,0x00,0x00,0x00,
    0x00,0x00,0x00,0x00,0x00,0x00,0x01,0x81,0x01,0x01,0x01,0x03,0x01,0x03,0x01,0x03,0x01,0x03,0x01,0x03,0x03,0x03,0x01,0x03,0x01,0x03,0x01,0x03,0x01,0x03,0x01,0x03,
    0x01,0x83,0x41,0xa3,0x43,0xe3,0x41,0xe3,0x41,0xe3,0xc5,0xe3,0x47,0xef,0xc5,0xef,0x57,0xef,0xdd,0xbf,0x17,0xbf,0x1d,0xbf,0x37,0xff,0x5d,0xff,0x77,0xff,0xdd,0xff
  },
  { // 227
    0x00,0x00,0x00,0x00,0x00,0x00,0x00,0x00,0x00,0x00,0x00,0x00,0x00,0x00,0x00,0x00,0x00,0x00,0x00,0x00,0x00,0x00,0x00,0x00,0x00,0x00,0x00,0x00,0x00,0x00,0x00,0x00,
    0x00,0x00,0x00,0x00,0x00,0x00,0x00,0x00,0x02,0x00,0x00,0x00,0x00,0x00,0x00,0x00,0x00,0x00,0x00,0x00,0x00,0x00,0x00,0x00,0x00,0x00,0x00,0x00,0x00,0x80,0x00,0x00,
    0x08,0x00,0x00,0x00,0x08,0x00,0x08,0x10,0x08,0x00,0x00,0x00,0x08,0x00,0x00,0x40,0x08,0x00,0x08,0x00,0x08,0x10,0x1a,0x10,0x4a,0x54,0x2a,0x14,0x2e,0x14,0x3e,0x16,
    0x3e,0x5c,0x3e,0x74,0xfe,0x5c,0xbe,0x74,0xfc,0x5c,0xfa,0x75,0xfe,0xdd,0xff,0x77,0xff,0xd5,0xff,0x77,0xef,0xc5,0xef,0x67,0xef,0xdd,0xff,0x77,0xff,0xdd,0xff,0x17,
    0x60,0x40,0x20,0x60,0x20,0x40,0x20,0x10,0x20,0x50,0x20,0x10,0x20,0x40,0x20,0x00,0x20,0x00,0x20,0x00,0x28,0x58,0x38,0x50,0x38,0x58,0x38,0x10,0x38,0x10,0x38,0x30,
    0xf8,0x50,0xf8,0x70,0xf8,0x50,0xf8,0x70,0xe8,0x40,0xe8,0x40,0xe8,0xd0,0xf8,0x50,0xf8,0xd8,0xb8,0x10,0xb8,0x14,0x38,0x34,0x3c,0x5c,0x7d,0x75,0xfc,0x5c,0xfc,0x74,
    0xfc,0xdc,0xf8,0x74,0xfc,0xd8,0xf8,0x70,0xfa,0xdc,0xfa,0x74,0xfe,0xd4,0xe2,0x64,0xee,0xc4,0xee,0x54,0xfe,0xdc,0xfe,0x76,0xfe,0xdc,0xbe,0x16,0xbe,0x1c,0xbe,0x76,
    0xfe,0x5c,0xfe,0x76,0xfe,0xdc,0xfe,0x74,0xfc,0xdc,0xfd,0x75,0xff,0xdd,0xfb,0x77,0xff,0xd5,0xff,0x77,0xf7,0xd5,0xef,0x77,0xff,0xdd,0xff,0x77,0xff,0xdd,0xff,0x57,
    0x00,0x00,0x00,0x00,0x02,0x00,0x20,0x00,0x00,0x00,0x00,0x04,0x00,0x00,0x00,0x00,0x00,0x00,0x00,0x00,0x21,0x01,0x20,0x41,0x60,0x40,0x24,0x40,0xa0,0x40,0xa0,0x40,
    0xe0,0x40,0xe0,0x60,0xe0,0x40,0xe0,0x40,0xe0,0x40,0xe0,0x40,0xe0,0xc0,0xe0,0x40,0xc0,0xc0,0x80,0x10,0x80,0x10,0x30,0x10,0xb1,0x50,0x30,0x70,0xf8,0x50,0xf8,0x70,
    0xf8,0xd0,0xf8,0x70,0xf8,0xd0,0xf9,0x71,0xf9,0xd3,0xfb,0x79,0xf1,0xd1,0xe3,0x61,0xe3,0xc5,0xeb,0x75,0xef,0xdd,0xff,0xd5,0xff,0xdd,0xbf,0x55,0xbf,0xdd,0xff,0x77,
    0xff,0xdd,0xff,0x77,0xfe,0xdc,0xfe,0x74,0xfe,0xdd,0xff,0x75,0xff,0xdd,0xff,0x77,0xff,0xdd,0xff,0x77,0xbf,0xdd,0xbf,0x77,0xff,0xdd,0xff,0x77,0xff,0xdd,0xff,0x77,
    0x00,0x00,0x00,0x00,0x00,0x00,0x00,0x00,0x00,0x00,0x00,0x00,0x00,0x00,0x00,0x00,0x00,0x00,0x00,0x00,0x02,0x00,0x00,0x00,0x00,0x00,0x00,0x00,0x00,0x00,0x00,0x00,
    0x08,0x00,0x00,0x00,0x00,0x00,0x00,0x00,0x00,0x00,0x04,0x00,0x00,0x00,0x00,0x00,0x00,0x00,0x00,0x00,0x00,0x00,0x00,0x00,0x00,0x00,0x00,0x00,0x00,0x00,0x00,0x00,
    0x00,0x00,0x00,0x00,0x00,0x81,0x01,0x01,0x01,0x01,0x03,0x01,0x03,0x01,0x03,0x01,0x03,0x01,0x03,0x03,0x03,0x01,0x03,0x03,0x02,0x01,0x02,0x01,0x00,0x01,0x03,0x01,
    0x03,0x01,0x83,0x03,0x83,0x41,0x83,0x43,0xe3,0x45,0xe7,0x47,0xef,0xc5,0xef,0x47,0xcf,0xcd,0x8f,0x17,0x9f,0x9d,0xbf,0x37,0xbf,0xdd,0xff,0x77,0xff,0xdd,0xff,0x76
  },
  { // 228
    0x00,0x00,0x00,0x00,0x00,0x00,0x00,0x00,0x00,0x00,0x00,0x00,0x00,0x00,0x00,0x00,0x00,0x00,0x00,0x01,0x00,0x00,0x00,0x00,0x00,0x00,0x00,0x00,0x00,0x00,0x00,0x00,
    0x00,0x00,0x00,0x00,0x00,0x00,0x04,0x00,0x00,0x00,0x00,0x00,0x00,0x00,0x00,0x00,0x00,0x00,0x00,0x00,0x00,0x00,0x00,0x00,0x00,0x80,0x00,0x00,0x00,0x00,0x00,0x08,
    0x00,0x00,0x00,0x18,0x00,0x00,0x10,0x08,0x10,0x00,0x10,0x40,0x00,0x20,0x00,0x00,0x00,0x08,0x00,0x08,0x0c,0x08,0x10,0x08,0x14,0x1a,0x14,0x3e,0x14,0x3e,0x36,0x3e,
    0x5c,0x3e,0x74,0x7e,0x5c,0x7e,0x74,0xfc,0x5c,0xf8,0x74,0xfe,0xdd,0xfb,0x77,0xff,0xd5,0xfb,0x77,0xf7,0xc5,0xef,0x67,0xef,0xdd,0xff,0x77,0xff,0xdd,0xff,0x57,0xbf,
    0x40,0x20,0x40,0x60,0x40,0x20,0x40,0xe0,0x50,0xa0,0x10,0xa0,0x00,0x20,0x00,0x20,0x00,0x20,0x00,0x28,0x50,0x28,0x50,0x78,0x58,0x38,0x50,0xb8,0x50,0xb8,0x70,0xf8,
    0x50,0xf8,0x70,0xf8,0x50,0xf0,0x70,0xe0,0x40,0xe0,0x40,0xe8,0xc0,0xe8,0x50,0xf8,0xd8,0xb8,0x10,0xb8,0x10,0xb8,0x10,0xbd,0x5d,0x3c,0x74,0xfc,0x5c,0xfc,0x74,0xfc,
    0x5c,0xfc,0x74,0xf8,0xd8,0xf8,0x70,0xf8,0xd8,0xf8,0x70,0xf8,0xd0,0xf2,0x64,0xe6,0xc4,0xee,0x74,0xee,0xdc,0xfe,0x54,0xfe,0xdc,0xbe,0x16,0xbe,0x9c,0xbe,0x76,0xfe,
    0xdc,0xfe,0x76,0xfe,0xdc,0xfe,0x74,0xfc,0xdc,0xfc,0x75,0xff,0xdd,0xff,0x77,0xff,0xdd,0xfb,0x77,0xff,0xd5,0xff,0x77,0xff,0xdd,0xff,0x77,0xff,0xdd,0xff,0x77,0xff,
    0x00,0x00,0x00,0x00,0x00,0x00,0x00,0x02,0x00,0x00,0x00,0x00,0x00,0x00,0x00,0x00,0x00,0x00,0x00,0x00,0x00,0x22,0x00,0x28,0x40,0x20,0x40,0xe0,0x40,0xa0,0x40,0xe0,
    0xc0,0xe0,0x40,0xe0,0xc0,0xa0,0x40,0xa0,0x40,0xa0,0x40,0xe0,0x40,0xe0,0x40,0xe0,0x40,0x80,0x00,0x80,0x10,0xa0,0x11,0xb0,0x10,0xb0,0x70,0xf0,0x50,0xf0,0x70,0xf8,
    0xd0,0xe0,0x70,0xe8,0xd0,0xfd,0x75,0xf9,0xd9,0xf9,0x71,0xf1,0xd1,0xa3,0x11,0xa3,0x53,0xeb,0x77,0xff,0xdd,0xff,0x7d,0xff,0xdd,0xff,0x55,0xff,0xdd,0xfb,0x75,0xff,
    0xdd,0xff,0x77,0xff,0xd5,0xfa,0x74,0xfe,0xdd,0xff,0x75,0xff,0xdd,0xff,0x77,0xff,0xdd,0xff,0x57,0xbf,0x9d,0xbf,0x37,0xff,0xdd,0xff,0x77,0xff,0x5d,0xff,0x77,0xfe,
    0x00,0x00,0x00,0x00,0x00,0x00,0x00,0x00,0x00,0x00,0x00,0x00,0x00,0x00,0x00,0x00,0x00,0x00,0x00,0x02,0x00,0x00,0x00,0x00,0x00,0x00,0x00,0x00,0x00,0x00,0x10,0x00,
    0x00,0x00,0x00,0x00,0x00,0x00,0x00,0x04,0x00,0x00,0x00,0x00,0x00,0x00,0x00,0x00,0x00,0x00,0x00,0x00,0x00,0x00,0x00,0x00,0x04,0x04,0x01,0x00,0x01,0x00,0x00,0x00,
    0x00,0x00,0x40,0x00,0x01,0x01,0x01,0x01,0x01,0x03,0x01,0x03,0x01,0x03,0x01,0x03,0x01,0x03,0x03,0x03,0x01,0x03,0x03,0x02,0x00,0x02,0x00,0x00,0x01,0x01,0x01,0x03,
    0x01,0x03,0x03,0x83,0x01,0x83,0x03,0x83,0x45,0x83,0x47,0xe7,0xc5,0xef,0x47,0xcf,0xcd,0xcf,0x47,0x8f,0x9d,0xbf,0x17,0xbf,0xdd,0xff,0x77,0xff,0xdd,0xff,0x76,0xfe
  },
  { // 229
    0x00,0x00,0x00,0x00,0x00,0x00,0x00,0x00,0x00,0x00,0x00,0x00,0x00,0x00,0x01,0x00,0x01,0x00,0x00,0x00,0x00,0x00,0x00,0x00,0x00,0x00,0x00,0x00,0x00,0x00,0x00,0x00,
    0x00,0x00,0x00,0x00,0x00,0x04,0x00,0x00,0x00,0x00,0x00,0x00,0x00,0x00,0x00,0x00,0x00,0x00,0x00,0x00,0x00,0x00,0x80,0x00,0x00,0x00,0x00,0x00,0x00,0x00,0x00,0x00,
    0x00,0x10,0x08,0x00,0x08,0x10,0x18,0x10,0x70,0x10,0x20,0x00,0x20,0x00,0x20,0x00,0x20,0x00,0x08,0x04,0x08,0x14,0x08,0x1c,0x18,0x10,0x1e,0x1c,0x3e,0x34,0x3e,0x1c,
    0x3e,0x74,0x7e,0x5c,0x7e,0x74,0xfc,0x5c,0xfc,0x74,0xfe,0xdc,0xfa,0x77,0xfb,0xdd,0xfb,0x73,0xf7,0xd5,0xf7,0x77,0xef,0xdd,0xff,0x77,0xff,0xfd,0xff,0x57,0xff,0xdd,
    0x20,0x40,0x60,0x40,0x60,0x40,0xe0,0x40,0xa0,0x40,0x80,0x00,0x00,0x00,0x00,0x00,0x20,0x10,0x28,0x50,0x78,0x70,0x78,0x50,0x78,0x50,0xf8,0x50,0xf8,0x70,0xf8,0xd0,
    0xf8,0x70,0xf8,0xd0,0xf0,0x70,0xe0,0x40,0xe0,0x60,0xe8,0xc0,0xe8,0x40,0xe8,0xd8,0xd8,0x10,0x98,0x98,0xb8,0x10,0xb8,0x1c,0xb8,0x74,0xfc,0x5c,0xfc,0x74,0xfc,0x5c,
    0xfc,0x70,0xf8,0xdc,0xf8,0x70,0xf8,0xd8,0xf8,0x70,0xf8,0xd0,0xf0,0x70,0xe6,0xd4,0xee,0x74,0xee,0xfc,0xfe,0x54,0xfe,0xdc,0xfe,0x54,0xbe,0xdc,0xbe,0x76,0xfe,0xdc,
    0xfe,0x76,0xfe,0xdc,0xfe,0x74,0xfe,0xdc,0xfe,0x75,0xff,0xdd,0xff,0x77,0xff,0xdd,0xfb,0x77,0xff,0xd5,0xbf,0x77,0xff,0xdd,0xff,0x77,0xff,0xdd,0xff,0x77,0xff,0xdd,
    0x00,0x00,0x00,0x00,0x00,0x00,0x00,0x00,0x00,0x00,0x00,0x00,0x00,0x00,0x00,0x00,0x00,0x00,0x02,0x00,0x30,0x00,0x20,0x40,0x20,0x40,0x60,0x40,0xa0,0x40,0xe0,0xc0,
    0xe0,0x40,0xe0,0xc0,0xa0,0x00,0xa0,0x00,0xa0,0x00,0xa0,0x40,0xa0,0x40,0xe0,0x40,0x80,0x00,0x80,0x00,0x80,0x10,0xa0,0x50,0xb0,0x71,0xf0,0x58,0xf0,0x70,0xf0,0x50,
    0xe0,0x60,0xe4,0xc4,0xe0,0x79,0xe9,0xd1,0xf1,0x51,0xe9,0xd1,0xa3,0x11,0xa3,0x91,0xb3,0x73,0xff,0x55,0xff,0x77,0xff,0x5d,0xfe,0x75,0xfe,0xdd,0xfb,0x75,0xff,0xdd,
    0xfb,0x73,0xfb,0xd1,0xfb,0x79,0xf3,0xd5,0xf7,0x77,0xff,0xdd,0xff,0x77,0xff,0xdd,0xff,0x57,0xdf,0xdd,0xbf,0x37,0xbf,0xdd,0xff,0x77,0xff,0x5d,0xff,0x77,0xfe,0xdc,
    0x00,0x00,0x00,0x00,0x00,0x00,0x00,0x00,0x00,0x00,0x00,0x00,0x00,0x00,0x00,0x00,0x00,0x02,0x00,0x00,0x00,0x00,0x00,0x00,0x00,0x00,0x00,0x00,0x10,0x00,0x00,0x00,
    0x00,0x00,0x00,0x00,0x00,0x02,0x00,0x00,0x00,0x01,0x00,0x00,0x00,0x00,0x00,0x00,0x00,0x00,0x00,0x00,0x00,0x00,0x00,0x04,0x04,0x01,0x00,0x01,0x00,0x01,0x00,0x00,
    0x40,0x00,0x00,0x01,0x03,0x01,0x03,0x01,0x03,0x01,0x03,0x01,0x03,0x01,0x03,0x01,0x03,0x03,0x03,0x01,0x03,0x03,0x02,0x00,0x02,0x00,0x02,0x04,0x00,0x01,0x03,0x01,
    0x03,0x01,0x03,0x01,0x03,0x03,0x83,0x01,0x83,0x07,0x87,0x45,0xef,0x47,0xcf,0x4d,0x8f,0x47,0x8f,0xdd,0x9f,0x17,0xff,0xdd,0xff,0x77,0xff,0xdd,0xff,0x77,0xfe,0xdc
  },
  { // 230
    0x00,0x00,0x00,0x00,0x00,0x00,0x00,0x00,0x00,0x00,0x00,0x00,0x00,0x01,0x00,0x00,0x00,0x00,0x00,0x00,0x00,0x00,0x00,0x00,0x00,0x00,0x00,0x00,0x00,0x00,0x00,0x00,
    0x00,0x00,0x00,0x08,0x00,0x00,0x00,0x00,0x00,0x00,0x00,0x00,0x00,0x00,0x00,0x00,0x00,0x00,0x00,0x00,0x80,0x00,0x00,0x00,0x00,0x00,0x00,0x00,0x00,0x00,0x20,0x00,
    0x00,0x00,0x08,0x00,0x08,0x90,0x18,0x10,0x30,0x10,0x20,0x00,0x20,0x00,0xa0,0x80,0x20,0x00,0x28,0x04,0x08,0x04,0x08,0x1c,0x18,0x14,0x1c,0x1c,0x3e,0x34,0x3e,0x5c,
    0x3e,0x74,0x7e,0x5c,0x7e,0x74,0xfc,0x5c,0xfc,0x74,0xfe,0xdc,0xfa,0x71,0xfb,0xd9,0xfb,0x73,0xf3,0xd5,0xff,0x77,0xff,0xdd,0xff,0x77,0xff,0xdd,0xff,0x57,0xff,0xdd,
    0x20,0x40,0x60,0x40,0xe0,0x40,0xe0,0x40,0x80,0x00,0x80,0x00,0x00,0x00,0x00,0x10,0x30,0x50,0x38,0x50,0x38,0x70,0x78,0x50,0x68,0x50,0xf8,0x50,0xf8,0x70,0xf8,0xd0,
    0xf8,0x70,0xf8,0xd0,0xf0,0x70,0xe0,0x40,0xe0,0x60,0xe8,0xc0,0xe8,0x40,0xe8,0xc8,0xc8,0x90,0x98,0x18,0xb8,0x10,0xb8,0x58,0xb8,0x70,0xf8,0x5c,0xf8,0x74,0xfc,0x5c,
    0xf8,0x70,0xf8,0xdc,0xf8,0x70,0xf8,0xd8,0xf8,0x70,0xf8,0xd0,0xf0,0x70,0xfc,0xd4,0xfe,0x74,0xfe,0xdc,0xfe,0x74,0xfe,0xdc,0xfe,0x54,0xfe,0xdc,0xfe,0x74,0xfe,0xdc,
    0xfe,0x76,0xfe,0xdc,0xfe,0x74,0xfe,0xdc,0xfe,0x75,0xff,0xdd,0xff,0x77,0xff,0xdd,0xff,0x57,0xff,0xdd,0xbf,0x77,0xff,0xdd,0xff,0x77,0xff,0x5d,0xff,0x77,0xff,0xdd,
    0x00,0x00,0x00,0x00,0x00,0x00,0x00,0x00,0x00,0x00,0x00,0x00,0x01,0x02,0x00,0x00,0x04,0x00,0x10,0x00,0x00,0x00,0x00,0x00,0x20,0x00,0x00,0x40,0xe0,0x40,0xe0,0xc0,
    0xe0,0x40,0xc0,0xc0,0x80,0x00,0x80,0x00,0x80,0x00,0xa0,0x40,0xa0,0x40,0xe0,0x40,0x20,0x00,0x80,0x40,0xa0,0x00,0xe0,0xd1,0xf8,0xf1,0xf0,0xd0,0xf0,0x70,0xe0,0x48,
    0xe8,0x60,0xe0,0xd1,0xf1,0x61,0xe1,0xc1,0xe1,0x41,0xc1,0xc1,0x83,0x11,0xbb,0x91,0xbb,0x73,0xfb,0x55,0xfb,0x77,0xfe,0x5c,0xfe,0x74,0xfe,0xdd,0xfb,0x75,0xff,0xdd,
    0xfb,0x71,0xfb,0xd9,0xf3,0x73,0xf3,0xd5,0xf7,0x77,0xff,0xdd,0xff,0x77,0xef,0xdd,0xcf,0x57,0xdf,0xdd,0xbf,0x77,0xff,0xdd,0xff,0x77,0xff,0x5d,0xff,0x76,0xfe,0xdc,
    0x00,0x00,0x00,0x00,0x00,0x00,0x00,0x00,0x00,0x00,0x00,0x00,0x00,0x00,0x00,0x00,0x02,0x00,0x00,0x00,0x00,0x00,0x00,0x00,0x00,0x00,0x00,0x10,0x00,0x00,0x00,0x00,
    0x00,0x00,0x02,0x00,0x00,0x00,0x00,0x00,0x00,0x01,0x00,0x01,0x00,0x00,0x00,0x00,0x00,0x00,0x00,0x00,0x00,0x00,0x00,0x00,0x00,0x01,0x00,0x01,0x01,0x01,0x20,0x01,
    0x00,0x01,0x03,0x01,0x03,0x01,0x03,0x01,0x03,0x01,0x03,0x01,0x03,0x01,0x03,0x01,0x03,0x03,0x03,0x01,0x03,0x03,0x02,0x00,0x02,0x00,0x02,0x04,0x02,0x05,0x03,0x05,
    0x03,0x01,0x03,0x01,0x03,0x03,0x83,0x01,0x83,0x07,0x87,0x05,0x8f,0x47,0x8f,0x4d,0x8f,0x47,0x8f,0x5d,0xbf,0x57,0xff,0xdd,0xff,0x77,0xff,0xdd,0xff,0x77,0xfe,0xdc
  },
  { // 231
    0x00,0x00,0x00,0x00,0x00,0x00,0x00,0x00,0x00,0x00,0x00,0x00,0x03,0x00,0x00,0x00,0x00,0x00,0x00,0x00,0x00,0x00,0x00,0x00,0x00,0x00,0x00,0x00,0x00,0x00,0x00,0x00,
    0x00,0x00,0x08,0x00,0x00,0x00,0x00,0x00,0x00,0x00,0x00,0x00,0x00,0x00,0x00,0x00,0x00,0x00,0x40,0x00,0x00,0x00,0x00,0x00,0x00,0x00,0x00,0x00,0x00,0x00,0x00,0x00,
    0x00,0x08,0x00,0x08,0x10,0x08,0x10,0x20,0x10,0x20,0x00,0x20,0x00,0x20,0x00,0x20,0x00,0x28,0x04,0x28,0x04,0x0c,0x0c,0x08,0x14,0x1c,0x1c,0x3c,0x14,0x3e,0x1c,0x3e,
    0x74,0x7e,0x5c,0x7e,0x74,0xfc,0x5c,0xfc,0x74,0xfc,0xdc,0xfe,0x74,0xfa,0xd9,0xfb,0x73,0xfb,0xd5,0xff,0x77,0xff,0xdd,0xff,0x77,0xff,0xdd,0xff,0x77,0xff,0xdd,0xff,
    0x40,0x60,0x40,0x60,0x40,0xe0,0x40,0xe0,0x40,0x80,0x00,0x80,0x00,0x80,0x10,0x70,0x10,0x30,0x10,0x30,0x70,0x78,0x50,0x70,0x70,0xe8,0x50,0xf8,0x70,0xf8,0xd0,0xf8,
    0x70,0xf8,0xd0,0xf0,0x70,0xe0,0x44,0xe0,0x60,0xe0,0xc0,0xe8,0x60,0xe8,0xc0,0xe8,0x40,0x88,0x58,0x98,0x10,0xb8,0xd8,0xb8,0x70,0xf8,0x58,0xfc,0x74,0xf8,0x50,0xf8,
    0x70,0xf8,0xdc,0xf8,0x70,0xf8,0xd8,0xf8,0x70,0xf8,0xd0,0xf9,0x51,0xf8,0xd4,0xfe,0x74,0xfe,0xdc,0xfe,0x74,0xfe,0x5c,0xfe,0x54,0xfc,0xdc,0xfe,0x74,0xfe,0xdc,0xfe,
    0x74,0xfe,0xdc,0xfa,0x74,0xfe,0xd4,0xfe,0x74,0xfe,0xdd,0xff,0x77,0xff,0xdd,0xff,0x57,0xdf,0xdd,0xbf,0x77,0xff,0xdd,0xff,0x77,0xff,0x5d,0xff,0x77,0xfe,0x5d,0xff,
    0x00,0x00,0x00,0x00,0x00,0x00,0x00,0x00,0x00,0x00,0x00,0x00,0x00,0x00,0x04,0x10,0x00,0x00,0x00,0x00,0x00,0x00,0x00,0x00,0x00,0x00,0x40,0x00,0x40,0xc0,0x40,0xc0,
    0x40,0xc0,0xc0,0x80,0x00,0x80,0x00,0x80,0x01,0x80,0x01,0xa0,0x01,0xa0,0x40,0x20,0x00,0x00,0x40,0x20,0x40,0xe8,0xc0,0xe0,0x71,0xf0,0xd1,0xf0,0x78,0xe8,0x40,0xe0,
    0x60,0xe0,0xc1,0xe1,0x61,0xe1,0xc1,0xe1,0x41,0xc1,0xc1,0x83,0x11,0x9b,0x91,0xbb,0x33,0xbb,0x55,0xbb,0x77,0x7e,0x54,0x7a,0x74,0xfe,0xdc,0xfe,0x75,0xff,0xdd,0xfb,
    0x71,0xfb,0xd1,0xfb,0x71,0xf3,0xd1,0xf3,0x77,0xff,0xd5,0xff,0x77,0xef,0xcd,0xef,0x57,0xdf,0xdd,0xff,0x57,0xff,0xdd,0xff,0x77,0xff,0xdd,0xff,0x77,0xfe,0x5c,0xfe,
    0x00,0x00,0x00,0x00,0x00,0x00,0x00,0x00,0x00,0x00,0x00,0x00,0x00,0x00,0x02,0x00,0x00,0x00,0x00,0x00,0x00,0x00,0x00,0x00,0x00,0x20,0x00,0x00,0x00,0x00,0x00,0x00,
    0x02,0x00,0x00,0x00,0x00,0x00,0x00,0x00,0x01,0x00,0x01,0x00,0x01,0x00,0x00,0x00,0x00,0x00,0x00,0x00,0x00,0x00,0x01,0x00,0x01,0x00,0x01,0x01,0x21,0x01,0x01,0x01,
    0x01,0x03,0x01,0x03,0x01,0x03,0x01,0x03,0x01,0x03,0x01,0x03,0x01,0x03,0x01,0x03,0x03,0x03,0x01,0x03,0x03,0x03,0x00,0x02,0x00,0x02,0x04,0x02,0x05,0x07,0x05,0x03,
    0x01,0x03,0x01,0x03,0x01,0x03,0x01,0x03,0x07,0x87,0x05,0x8f,0x07,0x8f,0x05,0x0f,0x07,0x8f,0x4d,0xff,0x57,0xff,0xdd,0xff,0x77,0xff,0xdd,0xff,0x77,0xff,0xdd,0xff
  },
  { // 232
    0x00,0x00,0x00,0x00,0x00,0x00,0x00,0x00,0x00,0x00,0x02,0x01,0x00,0x00,0x00,0x00,0x00,0x00,0x00,0x00,0x00,0x00,0x00,0x00,0x00,0x00,0x00,0x00,0x00,0x00,0x00,0x00,
    0x00,0x08,0x00,0x00,0x00,0x00,0x00,0x00,0x00,0x00,0x00,0x00,0x00,0x00,0x00,0x00,0x40,0x00,0x00,0x00,0x00,0x00,0x00,0x00,0x00,0x00,0x00,0x00,0x00,0x00,0x00,0x00,
    0x00,0x00,0x00,0x00,0x08,0x10,0x00,0x10,0x00,0x00,0x20,0x00,0x20,0x00,0x20,0x00,0x28,0x04,0x28,0x04,0x0c,0x0c,0x08,0x14,0x0c,0x1c,0x3c,0x14,0x3c,0x1c,0x3e,0x34,
    0x3e,0x5c,0x7e,0x74,0xfc,0x5c,0xfc,0x74,0xfc,0xdc,0xfe,0x74,0xfe,0xdc,0xfa,0x51,0xfb,0xd5,0xff,0x77,0xff,0xdd,0xff,0x77,0xff,0x5d,0xff,0x77,0xff,0x5d,0xff,0x77,
    0xa0,0x40,0x20,0x40,0xe0,0x40,0xe0,0x40,0xc0,0x40,0x80,0x00,0xc0,0x00,0x00,0x10,0xb0,0x10,0x30,0x30,0x30,0x50,0x30,0x70,0x60,0x50,0xe0,0x70,0xf8,0xd0,0xf8,0x70,
    0xf8,0xd0,0xf0,0x50,0xe4,0xd0,0xa0,0x70,0xe0,0xd0,0xe0,0x70,0xe8,0x40,0xe8,0x40,0xc8,0x58,0x98,0x50,0xf8,0xd8,0xf8,0x70,0xf8,0xdc,0xfc,0x70,0xf8,0x50,0xf8,0x70,
    0xf8,0xd0,0xf8,0x70,0xf8,0xf8,0xf8,0x70,0xf9,0xd1,0xf8,0x50,0xf8,0xd4,0xb8,0x74,0xfc,0xdc,0xfe,0x74,0xfe,0x5c,0x7e,0x74,0xfc,0xdc,0xfe,0x74,0xfe,0xdc,0xfe,0x74,
    0xfe,0xdc,0xfa,0x70,0xfa,0xd4,0xfe,0x76,0xfe,0xdd,0xff,0x77,0xef,0xdd,0xef,0x57,0xdf,0xdd,0xff,0x57,0xff,0xdd,0xff,0x77,0xff,0x5d,0xff,0x77,0x7e,0x5c,0xfe,0x77,
    0x00,0x00,0x00,0x00,0x00,0x00,0x00,0x00,0x00,0x00,0x00,0x00,0x04,0x20,0x00,0x00,0x00,0x00,0x00,0x00,0x00,0x00,0x00,0x00,0x00,0x00,0x00,0x40,0xc0,0x40,0xc0,0x40,
    0xc0,0xc0,0x80,0x00,0x80,0x00,0x80,0x01,0x80,0x01,0xa1,0x01,0xa0,0x00,0x20,0x00,0x20,0x40,0x30,0x40,0xe0,0x40,0xe0,0x41,0xe0,0xd9,0xe8,0x71,0xe0,0xc0,0xe0,0x61,
    0xe0,0xc1,0xe1,0x61,0xe1,0xc1,0xe3,0x41,0xc1,0xc1,0xd3,0x41,0x8b,0xd1,0xbb,0x13,0xbb,0xd1,0xbb,0x73,0xfb,0x55,0x7a,0x74,0xfe,0x5c,0xfe,0x75,0xff,0xdd,0xfb,0x79,
    0xfb,0xd9,0xfb,0x71,0xfb,0xd1,0xf3,0x77,0xff,0xd5,0xff,0x77,0xef,0xcd,0xef,0x47,0xef,0xdd,0xff,0x57,0xff,0xdd,0xff,0x77,0xff,0xdd,0xff,0x77,0xff,0x5c,0xfe,0x77,
    0x00,0x00,0x00,0x00,0x00,0x00,0x00,0x00,0x00,0x00,0x00,0x00,0x00,0x02,0x00,0x00,0x00,0x00,0x00,0x00,0x00,0x00,0x00,0x20,0x00,0x00,0x00,0x00,0x00,0x00,0x04,0x00,
    0x00,0x00,0x00,0x00,0x00,0x00,0x00,0x01,0x00,0x01,0x00,0x01,0x00,0x00,0x00,0x00,0x00,0x00,0x00,0x01,0x00,0x00,0x00,0x00,0x00,0x01,0x20,0x01,0x01,0x01,0x01,0x01,
    0x03,0x01,0x03,0x01,0x03,0x01,0x03,0x01,0x03,0x01,0x03,0x01,0x03,0x01,0x03,0x03,0x03,0x01,0x03,0x03,0x03,0x01,0x02,0x00,0x02,0x00,0x02,0x05,0x07,0x05,0x03,0x05,
    0x03,0x01,0x03,0x01,0x03,0x01,0x03,0x07,0x8f,0x05,0x0f,0x07,0x8f,0x05,0x0f,0x07,0x0f,0x4d,0x2f,0x57,0xff,0xdd,0xff,0x77,0xff,0xdd,0xff,0x77,0xff,0xdd,0xfb,0x77
  },
  { // 233
    0x00,0x00,0x00,0x00,0x00,0x00,0x00,0x00,0x02,0x00,0x01,0x00,0x00,0x00,0x00,0x00,0x00,0x00,0x00,0x00,0x00,0x00,0x00,0x00,0x00,0x00,0x00,0x00,0x00,0x00,0x00,0x00,
    0x08,0x00,0x00,0x00,0x00,0x00,0x00,0x00,0x00,0x00,0x00,0x00,0x00,0x00,0x40,0x00,0x00,0x00,0x00,0x00,0x00,0x00,0x00,0x00,0x00,0x00,0x00,0x00,0x00,0x00,0x00,0x00,
    0x00,0x00,0x00,0x00,0x08,0x00,0x00,0x00,0x00,0x00,0x00,0x00,0x20,0x00,0x20,0x00,0x28,0x04,0x28,0x04,0x0c,0x0c,0x08,0x1c,0x1c,0x1c,0x3c,0x14,0x3c,0x5c,0x3c,0x34,
    0x3c,0x5c,0x38,0x74,0xfc,0x54,0xfe,0x74,0xfe,0xdc,0xfe,0x74,0xfe,0xdc,0xfa,0x51,0xfb,0xdd,0xff,0x77,0xff,0xdd,0xff,0x77,0xff,0x5d,0x7f,0x77,0xff,0x5d,0xff,0x77,
    0xa0,0x40,0x20,0x40,0xe0,0x40,0xa0,0x40,0x80,0x40,0x40,0x00,0x80,0x00,0xa0,0x10,0xb0,0x10,0x30,0x30,0x30,0x50,0x30,0x70,0x60,0x50,0xe0,0x70,0xf8,0xd0,0xf8,0x70,
    0xf8,0xd0,0xe0,0x50,0xe0,0xd0,0xa0,0x50,0xe0,0xd0,0xe0,0x70,0xe8,0x40,0xe8,0x40,0xe8,0x58,0xb8,0x50,0xf8,0xd8,0xf8,0x70,0xf8,0xd8,0xf8,0x70,0xf8,0x50,0xf8,0x70,
    0xf8,0xd0,0xf8,0x70,0xf8,0xd9,0xe9,0xd0,0xe8,0xd0,0xd8,0x50,0xf8,0xfc,0xb8,0x74,0xfc,0xdc,0xfe,0x74,0xfe,0x5c,0x7e,0x74,0xfc,0xdc,0xfc,0x74,0xfc,0xdc,0xfe,0x74,
    0xf8,0xd8,0xfa,0x70,0xfa,0xd4,0xfe,0x77,0xff,0xdd,0xff,0x77,0xef,0xcd,0xef,0x47,0xcf,0xdd,0xff,0x57,0xff,0xdd,0xff,0x7f,0xff,0x5d,0xff,0x77,0xfe,0x5c,0xfe,0x77,
    0x00,0x00,0x00,0x00,0x00,0x00,0x00,0x04,0x00,0x00,0x00,0x28,0x00,0x00,0x00,0x00,0x00,0x00,0x00,0x00,0x00,0x00,0x00,0x00,0x00,0x00,0x00,0x40,0xc0,0x40,0xc0,0x40,
    0xc0,0x40,0x80,0x00,0x80,0x01,0x80,0x01,0x81,0x01,0xa1,0x01,0x20,0x00,0x20,0x10,0x20,0x40,0x20,0x40,0xe0,0x40,0xe0,0x49,0xe0,0xc1,0xe0,0x41,0xe0,0xe1,0xe0,0x61,
    0xe1,0xc1,0xe3,0x61,0xe3,0xc1,0xe3,0x41,0xd3,0xc1,0xc3,0x41,0x8b,0xd1,0xbb,0x13,0xbb,0xd1,0xbb,0x33,0xbb,0x55,0x7a,0x70,0xfe,0x54,0xfe,0x75,0xff,0xdd,0xfb,0x71,
    0xf9,0xd1,0xfb,0x71,0xfb,0xd1,0xfb,0x77,0xff,0xd5,0xff,0x77,0xef,0xcd,0xef,0x47,0xef,0xdd,0xff,0x77,0xff,0xdd,0xff,0x77,0xff,0xdd,0xff,0x77,0xff,0xdd,0xff,0x77,
    0x00,0x00,0x00,0x00,0x00,0x00,0x00,0x00,0x00,0x00,0x00,0x00,0x02,0x00,0x00,0x00,0x00,0x00,0x00,0x00,0x00,0x00,0x20,0x00,0x00,0x00,0x00,0x00,0x04,0x00,0x00,0x00,
    0x00,0x00,0x00,0x00,0x00,0x00,0x00,0x01,0x00,0x01,0x00,0x01,0x00,0x00,0x00,0x00,0x00,0x00,0x00,0x00,0x00,0x00,0x00,0x00,0x00,0x11,0x00,0x01,0x01,0x01,0x01,0x01,
    0x03,0x01,0x03,0x03,0x03,0x01,0x03,0x03,0x03,0x03,0x03,0x01,0x03,0x01,0x03,0x01,0x03,0x01,0x03,0x01,0x03,0x01,0x02,0x01,0x02,0x00,0x02,0x07,0x07,0x05,0x03,0x05,
    0x03,0x05,0x03,0x01,0x03,0x05,0x03,0x07,0x0f,0x05,0x0f,0x07,0x0f,0x05,0x0f,0x07,0x0f,0x4d,0x6f,0x57,0xff,0xdd,0xff,0x77,0xff,0xdd,0xff,0x75,0xfb,0xdd,0xfb,0x77
  },
  { // 234
    0x00,0x00,0x00,0x00,0x00,0x00,0x00,0x00,0x00,0x01,0x00,0x00,0x00,0x00,0x00,0x00,0x00,0x00,0x00,0x00,0x00,0x00,0x00,0x00,0x00,0x00,0x00,0x00,0x00,0x00,0x00,0x10,
    0x00,0x00,0x00,0x00,0x00,0x00,0x00,0x00,0x00,0x00,0x00,0x00,0x20,0x00,0x00,0x00,0x00,0x00,0x00,0x00,0x00,0x00,0x00,0x00,0x00,0x00,0x00,0x00,0x00,0x00,0x00,0x00,
    0x00,0x00,0x00,0x08,0x00,0x00,0x00,0x00,0x00,0x00,0x00,0x00,0x00,0x20,0x10,0x28,0x00,0x28,0x00,0x28,0x04,0x18,0x04,0x0c,0x1c,0x3c,0x14,0x3c,0x5c,0x38,0x74,0xb8,
    0x5c,0x38,0x70,0xf8,0x54,0xfe,0x74,0xfe,0xdc,0xfe,0x74,0xfe,0xdc,0xea,0x54,0xee,0xdd,0xff,0x57,0xff,0xdd,0xff,0x77,0xff,0x5d,0x7f,0x77,0x7f,0x5d,0xff,0x77,0xff,
    0x40,0x20,0x40,0xe0,0x40,0x20,0x40,0x80,0x60,0x00,0x00,0x80,0x00,0x80,0x10,0xb0,0x10,0xb0,0x30,0xb0,0x50,0x30,0x70,0x60,0x50,0xe0,0x70,0xe0,0xd0,0xe0,0x70,0xe8,
    0xd0,0xe0,0x40,0xe0,0xc0,0xa0,0x10,0xa0,0xd0,0xb0,0x70,0xe8,0x50,0x28,0x40,0x68,0x40,0x68,0x50,0xf8,0xd8,0xf8,0x70,0xf8,0xd8,0xf8,0x70,0xf8,0xd0,0xf0,0x70,0xf8,
    0xd0,0xf8,0x71,0xf9,0xd0,0xe8,0x60,0xe8,0xc0,0xc8,0x50,0xd8,0xdc,0xb8,0x74,0xfc,0xdc,0xbc,0x74,0xfc,0x5c,0x7c,0x74,0xfc,0x5c,0xfc,0x74,0xfc,0xdc,0xfc,0x74,0xf8,
    0xd8,0xf8,0x70,0xfa,0xd0,0xfa,0x77,0xff,0xd5,0xff,0x77,0xef,0xcd,0xef,0x47,0xef,0xdd,0xff,0x57,0xff,0xdd,0xff,0x77,0xff,0xdd,0xbf,0x77,0xff,0x5d,0xfe,0x77,0xfe,
    0x00,0x00,0x00,0x00,0x00,0x00,0x00,0x00,0x00,0x28,0x00,0x00,0x00,0x00,0x00,0x00,0x00,0x00,0x00,0x00,0x00,0x00,0x00,0x00,0x00,0x00,0x00,0x80,0x40,0x80,0x40,0xc0,
    0x40,0x80,0x00,0x80,0x00,0x80,0x01,0x81,0x01,0x81,0x01,0x80,0x01,0x20,0x00,0x20,0x00,0x20,0x40,0xe0,0x40,0xe8,0x40,0xe0,0xc1,0xe0,0x41,0xe0,0xe1,0xe1,0x41,0xe1,
    0xc1,0xe3,0x61,0xe3,0xc1,0xe3,0x51,0xe3,0xc1,0xc3,0x41,0xc3,0xc1,0xbb,0x51,0xfb,0xd1,0xbb,0x37,0xbb,0x51,0x3a,0x70,0xfa,0x54,0xfa,0x74,0xfe,0xdd,0xfb,0x75,0xf9,
    0xd1,0xf9,0x71,0xfb,0xd1,0xfb,0x73,0xff,0xd5,0xff,0x77,0xff,0xd5,0xef,0x67,0xef,0x5d,0xff,0x77,0xff,0xdd,0xff,0x77,0xff,0xdd,0xff,0x77,0xff,0xdd,0xff,0x77,0xff,
    0x00,0x00,0x00,0x00,0x00,0x00,0x00,0x00,0x00,0x00,0x00,0x02,0x00,0x00,0x00,0x00,0x00,0x00,0x00,0x00,0x00,0x20,0x00,0x00,0x00,0x00,0x04,0x00,0x00,0x00,0x00,0x00,
    0x00,0x00,0x00,0x00,0x00,0x00,0x00,0x00,0x01,0x00,0x01,0x00,0x00,0x00,0x00,0x00,0x00,0x00,0x00,0x00,0x00,0x00,0x00,0x10,0x00,0x00,0x01,0x00,0x01,0x01,0x01,0x01,
    0x01,0x03,0x01,0x03,0x01,0x03,0x03,0x07,0x01,0x03,0x01,0x03,0x01,0x03,0x01,0x03,0x01,0x03,0x01,0x03,0x01,0x03,0x01,0x02,0x01,0x03,0x03,0x03,0x05,0x03,0x05,0x07,
    0x05,0x03,0x01,0x03,0x05,0x03,0x07,0x0f,0x05,0x0f,0x07,0x0f,0x05,0x0f,0x07,0x0f,0x0d,0x2f,0x57,0xff,0xdd,0xff,0x77,0xff,0xdd,0xff,0x75,0xfb,0xd9,0xfb,0x77,0xff
  },
  { // 235
    0x00,0x00,0x00,0x00,0x00,0x00,0x00,0x00,0x00,0x02,0x00,0x00,0x00,0x00,0x00,0x00,0x00,0x00,0x00,0x00,0x00,0x00,0x00,0x00,0x00,0x00,0x00,0x00,0x00,0x00,0x10,0x00,
    0x00,0x00,0x00,0x00,0x00,0x00,0x00,0x00,0x00,0x00,0x20,0x00,0x00,0x00,0x00,0x00,0x00,0x00,0x00,0x00,0x20,0x00,0x00,0x00,0x00,0x00,0x00,0x00,0x00,0x00,0x00,0x00,
    0x00,0x00,0x00,0x00,0x00,0x00,0x00,0x00,0x00,0x00,0x00,0x00,0x00,0x20,0x10,0x28,0x00,0x28,0x00,0x38,0x04,0x28,0x04,0x2c,0x5c,0x3c,0x54,0x7c,0x5c,0x38,0x70,0xb8,
    0x58,0x38,0x70,0xf8,0x54,0xfa,0x74,0xfe,0xdc,0xfe,0x74,0xee,0xcc,0xee,0x44,0xde,0xdd,0xff,0x57,0xff,0xdd,0xbf,0x77,0xbf,0x7d,0x3f,0x77,0x7e,0x5d,0xff,0x77,0xff,
    0x00,0xa0,0x00,0xa0,0x40,0x20,0x00,0x00,0x00,0x00,0x00,0x80,0x00,0x80,0x10,0xb0,0x50,0xb0,0x30,0xb0,0x50,0x30,0x70,0xf0,0x50,0xe0,0x70,0xe0,0xd0,0xe0,0x70,0xe4,
    0xc0,0xe0,0x40,0xc0,0xc0,0xa0,0x10,0xb0,0xd0,0xb0,0x70,0xa8,0x50,0x28,0x00,0x68,0x50,0x78,0x70,0xf8,0xd8,0xf8,0x78,0xf8,0xd8,0xf8,0x70,0xf8,0xd0,0xf0,0x70,0xf8,
    0xd1,0xf9,0x70,0xf8,0xd0,0xe8,0x40,0xe8,0xc0,0xc8,0x50,0xd8,0xdc,0xb8,0x74,0xbc,0xdc,0xbc,0x34,0xbc,0x5c,0x7c,0x74,0xfc,0x5c,0xfc,0x74,0xfc,0xdc,0xfc,0x74,0xf8,
    0xd8,0xf8,0x70,0xfa,0xd0,0xfa,0x77,0xff,0xd5,0xff,0x77,0xef,0xcd,0xef,0x47,0xef,0xdd,0xff,0x5f,0xff,0xdd,0xff,0x77,0xff,0xdd,0xbf,0x77,0xff,0x5d,0xfe,0x77,0xff,
    0x00,0x00,0x00,0x00,0x00,0x00,0x00,0x00,0x00,0x00,0x00,0x00,0x00,0x00,0x00,0x00,0x00,0x00,0x00,0x00,0x00,0x00,0x00,0x00,0x00,0x00,0x00,0x80,0x40,0x80,0x40,0x80,
    0x40,0x80,0x00,0x80,0x00,0x80,0x01,0x81,0x01,0x81,0x21,0x80,0x01,0x20,0x00,0x20,0x00,0x20,0x40,0xe8,0x40,0xe0,0x40,0xe0,0xc0,0xe0,0x41,0xe0,0xc1,0xe1,0x41,0xe1,
    0xc1,0xe3,0x61,0xe3,0xc1,0xe3,0x41,0xe3,0x41,0xc3,0x41,0xc3,0xc1,0xfb,0x51,0xfb,0xd5,0xbb,0x31,0xbb,0x51,0xba,0x70,0xfa,0x54,0xfa,0x75,0xfe,0xd5,0xfb,0x71,0xf9,
    0xd1,0xf9,0x51,0xfb,0xd1,0xfb,0x77,0xff,0xd5,0xff,0x77,0xff,0x55,0xef,0x77,0xff,0x5d,0xff,0x77,0xff,0xdd,0xff,0x77,0xff,0xdd,0xff,0x77,0xff,0xdd,0xff,0x77,0xff,
    0x00,0x00,0x00,0x00,0x00,0x00,0x00,0x00,0x00,0x00,0x00,0x00,0x00,0x00,0x00,0x00,0x00,0x00,0x00,0x00,0x00,0x00,0x00,0x00,0x00,0x04,0x00,0x00,0x00,0x00,0x00,0x00,
    0x00,0x00,0x00,0x00,0x00,0x00,0x00,0x00,0x00,0x00,0x01,0x00,0x04,0x00,0x00,0x00,0x00,0x00,0x00,0x00,0x00,0x00,0x00,0x00,0x00,0x00,0x01,0x00,0x01,0x01,0x01,0x03,
    0x01,0x03,0x01,0x03,0x01,0x03,0x07,0x03,0x01,0x02,0x01,0x02,0x01,0x03,0x01,0x03,0x01,0x03,0x01,0x03,0x01,0x03,0x01,0x03,0x01,0x03,0x03,0x03,0x05,0x03,0x07,0x07,
    0x05,0x03,0x05,0x07,0x05,0x07,0x07,0x0f,0x05,0x0f,0x07,0x0f,0x05,0x0f,0x07,0x0f,0x0d,0x2f,0x57,0xff,0x5d,0xff,0x77,0xff,0xdd,0xff,0x75,0xfb,0xd9,0xfb,0x77,0xff
  },
  { // 236
    0x00,0x00,0x00,0x00,0x00,0x00,0x00,0x00,0x00,0x00,0x00,0x00,0x00,0x00,0x00,0x00,0x00,0x00,0x00,0x00,0x00,0x00,0x00,0x00,0x00,0x00,0x00,0x00,0x00,0x00,0x10,0x00,
    0x00,0x00,0x00,0x00,0x00,0x00,0x00,0x00,0x00,0x20,0x00,0x00,0x00,0x00,0x00,0x00,0x00,0x00,0x00,0x20,0x00,0x00,0x00,0x00,0x00,0x00,0x00,0x00,0x00,0x00,0x00,0x00,
    0x00,0x00,0x00,0x00,0x00,0x00,0x00,0x00,0x00,0x00,0x00,0x00,0x00,0x20,0x10,0x28,0x10,0x20,0x20,0x28,0x04,0x28,0x14,0x2c,0x5c,0x3c,0x74,0x7c,0x5c,0x38,0x70,0xf8,
    0x58,0xb8,0x70,0xf8,0x54,0xfa,0x74,0xfe,0xd4,0xfe,0x74,0xee,0xcc,0xee,0x44,0xce,0xdd,0xff,0x57,0xff,0xdd,0xbf,0x77,0xff,0x5d,0x3f,0x77,0x7e,0x5d,0xff,0x77,0xff,
    0x00,0xa0,0x00,0xa0,0x40,0x20,0x00,0x00,0x00,0x00,0x00,0x00,0x40,0xa0,0x10,0xb0,0x50,0xb0,0x10,0xb0,0x50,0x30,0x70,0xf0,0x50,0xf0,0x70,0xe0,0xd0,0xe0,0x62,0xe0,
    0xc0,0xe0,0x40,0xc0,0xc0,0xa0,0x10,0xb8,0xd0,0xb0,0x30,0xb8,0x10,0x20,0x10,0x28,0x50,0x78,0x70,0xf8,0xd8,0xfc,0x70,0xf8,0xd8,0xf8,0x70,0xf8,0xd0,0xf0,0x78,0xf8,
    0xd0,0xf0,0x70,0xe8,0xc0,0xe8,0x40,0xe8,0xc0,0xc8,0x50,0xd8,0xdc,0xf8,0x54,0xbc,0xdc,0xbc,0x34,0xbc,0x5c,0x7c,0x74,0xfc,0x5c,0xfc,0x74,0xfc,0xdc,0xfc,0x74,0xf8,
    0xd8,0xf8,0x70,0xfa,0xd1,0xfb,0x77,0xff,0xd5,0xff,0x77,0xef,0xc5,0xef,0x47,0xef,0xdd,0xff,0x77,0xff,0xdd,0xff,0x77,0xff,0xdd,0xbf,0x77,0xff,0xdd,0xff,0x77,0xff,
    0x00,0x00,0x00,0x00,0x00,0x00,0x00,0x00,0x00,0x00,0x00,0x00,0x00,0x00,0x00,0x00,0x00,0x00,0x00,0x00,0x00,0x00,0x00,0x80,0x00,0x00,0x00,0x80,0x40,0x80,0x00,0x80,
    0x00,0x00,0x00,0x80,0x00,0x80,0x01,0x81,0x41,0x81,0x01,0x80,0x00,0x20,0x00,0x20,0x00,0x28,0x40,0xe0,0x40,0xe0,0x40,0xe0,0xc0,0xe0,0x41,0xe0,0xc1,0xe1,0x41,0xe1,
    0xc1,0xe3,0x69,0xe3,0xc1,0xe3,0x41,0xe3,0x41,0xeb,0x41,0xe3,0xc1,0xfb,0x51,0xff,0xd1,0xbb,0x31,0xbb,0x51,0xba,0x71,0xfa,0xd4,0xfa,0x75,0xfe,0xd5,0xfb,0x71,0xe9,
    0xd1,0xe9,0x51,0xfb,0xd1,0xfb,0x77,0xff,0xdd,0xff,0x77,0xff,0x55,0xbf,0x77,0xff,0x5d,0xff,0x77,0xff,0xdd,0xff,0x77,0xff,0xdd,0xff,0x77,0xff,0xdd,0xff,0x77,0xff,
    0x00,0x00,0x00,0x00,0x00,0x00,0x00,0x00,0x00,0x00,0x00,0x00,0x00,0x00,0x00,0x00,0x00,0x00,0x40,0x00,0x00,0x00,0x00,0x08,0x00,0x00,0x00,0x00,0x00,0x00,0x00,0x00,
    0x00,0x00,0x00,0x00,0x00,0x00,0x00,0x00,0x00,0x00,0x04,0x00,0x00,0x00,0x00,0x00,0x00,0x00,0x02,0x00,0x00,0x00,0x00,0x00,0x00,0x00,0x00,0x00,0x01,0x01,0x01,0x03,
    0x01,0x03,0x01,0x03,0x05,0x03,0x03,0x03,0x01,0x02,0x01,0x02,0x01,0x03,0x01,0x03,0x01,0x03,0x01,0x01,0x01,0x03,0x01,0x03,0x01,0x03,0x03,0x03,0x05,0x03,0x07,0x03,
    0x05,0x03,0x07,0x07,0x05,0x07,0x07,0x0f,0x05,0x0f,0x07,0x0f,0x05,0x0f,0x07,0x0f,0x1d,0x3f,0x77,0xff,0x5d,0xff,0x77,0xff,0xdd,0xfd,0x75,0xfb,0xd9,0xfb,0x77,0xff
  },
  { // 237
    0x00,0x00,0x00,0x00,0x00,0x00,0x00,0x00,0x00,0x00,0x00,0x00,0x00,0x00,0x00,0x00,0x00,0x00,0x00,0x00,0x00,0x00,0x00,0x00,0x00,0x00,0x00,0x00,0x00,0x10,0x00,0x00,
    0x00,0x00,0x00,0x00,0x00,0x00,0x00,0x00,0x20,0x00,0x00,0x00,0x00,0x00,0x00,0x00,0x00,0x00,0x20,0x00,0x00,0x00,0x00,0x00,0x00,0x00,0x00,0x00,0x00,0x00,0x00,0x00,
    0x00,0x00,0x00,0x00,0x00,0x00,0x00,0x00,0x00,0x00,0x00,0x00,0x00,0x10,0x28,0x10,0x20,0x10,0x28,0x00,0x28,0x10,0x2c,0x5c,0x3c,0x74,0x7c,0x5c,0x78,0x70,0xf8,0x58,
    0xb8,0x70,0xf8,0x50,0xf8,0x74,0xfe,0xd4,0xfe,0x74,0xee,0xc4,0xee,0x44,0xee,0xdc,0xfe,0x57,0xff,0xdd,0xff,0x77,0xbf,0x1d,0xbf,0x37,0x7f,0x5d,0xfe,0x77,0xff,0xdd,
    0xa0,0x00,0xa0,0x00,0x20,0x00,0x20,0x00,0x00,0x00,0x00,0x40,0x20,0x50,0xe0,0x50,0xb0,0x10,0xb0,0x50,0x30,0x30,0xf0,0x50,0xf0,0x70,0xe0,0xd0,0xe0,0x62,0xe0,0xc0,
    0xe0,0x40,0xc0,0xc0,0x80,0x50,0xb8,0xd0,0xb0,0x10,0xb8,0x10,0x30,0x30,0x28,0x50,0x78,0x70,0xf8,0x5c,0xf8,0x70,0xf8,0xd8,0xf8,0x70,0xf8,0xd0,0xf8,0x78,0xf8,0xd0,
    0xf0,0x70,0xf8,0xd0,0xe0,0x60,0xe8,0xc0,0xe8,0x40,0xc8,0xdc,0xf8,0x54,0xfc,0xdc,0xbc,0x34,0xbc,0x1c,0x3c,0x74,0xfc,0x5c,0xfc,0x74,0xfc,0xdc,0xfc,0xf4,0xfc,0xd8,
    0xf8,0x70,0xf8,0xd8,0xfa,0x73,0xff,0xd5,0xff,0x77,0xff,0xc5,0xef,0x67,0xef,0xdd,0xff,0x77,0xff,0xdd,0xff,0x77,0xff,0xdd,0xbf,0x77,0xff,0xdd,0xff,0x77,0xff,0xdd,
    0x00,0x00,0x00,0x00,0x00,0x00,0x00,0x00,0x00,0x00,0x00,0x00,0x00,0x00,0x00,0x00,0x00,0x00,0x00,0x00,0x00,0x00,0x80,0x00,0x00,0x00,0x80,0x00,0x80,0x00,0x80,0x00,
    0x00,0x00,0x80,0x00,0x80,0x01,0xc0,0x01,0x81,0x01,0x80,0x01,0x00,0x00,0x20,0x08,0x20,0x40,0xe0,0x40,0xe0,0x40,0xe0,0xc0,0xe0,0x40,0xe0,0xc1,0xe1,0x41,0xe1,0xc1,
    0xeb,0x41,0xe3,0xc1,0xa3,0x41,0xe3,0x41,0xab,0x41,0xe3,0xc1,0xe3,0x55,0xfb,0xd1,0xfb,0x51,0xbb,0x51,0xbb,0x71,0xfa,0xd3,0xfa,0x73,0xfa,0xd5,0xfb,0x75,0xeb,0xc1,
    0xe9,0x41,0xeb,0xd1,0xfb,0x57,0xff,0xdd,0xff,0x77,0xbf,0xd5,0xbf,0x37,0xff,0x5d,0xff,0x77,0xff,0xdd,0xff,0x77,0xff,0xdd,0xff,0x75,0xff,0xdd,0xfb,0x77,0xff,0xdd,
    0x00,0x00,0x00,0x00,0x00,0x00,0x00,0x00,0x00,0x00,0x00,0x00,0x00,0x00,0x00,0x00,0x00,0x00,0x40,0x00,0x00,0x00,0x08,0x00,0x00,0x00,0x00,0x00,0x00,0x00,0x00,0x00,
    0x00,0x00,0x00,0x00,0x00,0x00,0x00,0x00,0x08,0x00,0x00,0x00,0x00,0x00,0x00,0x00,0x00,0x02,0x00,0x00,0x00,0x00,0x00,0x00,0x00,0x00,0x00,0x01,0x01,0x01,0x01,0x01,
    0x03,0x01,0x03,0x05,0x03,0x03,0x03,0x01,0x03,0x03,0x02,0x01,0x02,0x01,0x02,0x01,0x03,0x01,0x00,0x01,0x01,0x01,0x03,0x01,0x03,0x03,0x03,0x01,0x03,0x03,0x03,0x05,
    0x03,0x07,0x07,0x05,0x07,0x07,0x0f,0x05,0x0f,0x07,0x0f,0x05,0x0f,0x07,0x0f,0x0d,0x2f,0x17,0xff,0x5d,0xff,0x77,0xfe,0xdd,0xfd,0x75,0xfd,0xdd,0xfb,0x77,0xff,0xdd
  },
  { // 238
    0x00,0x00,0x00,0x00,0x00,0x00,0x00,0x00,0x00,0x00,0x00,0x00,0x00,0x00,0x00,0x00,0x00,0x00,0x00,0x00,0x00,0x00,0x00,0x00,0x00,0x00,0x00,0x00,0x00,0x00,0x00,0x00,
    0x00,0x00,0x00,0x00,0x00,0x00,0x00,0x10,0x00,0x00,0x00,0x00,0x00,0x00,0x00,0x00,0x20,0x00,0x00,0x00,0x00,0x00,0x00,0x00,0x00,0x00,0x00,0x00,0x00,0x00,0x00,0x00,
    0x00,0x00,0x00,0x00,0x00,0x00,0x00,0x00,0x00,0x00,0x00,0x00,0x00,0x10,0x08,0x10,0x20,0x10,0x28,0x00,0x28,0x10,0x28,0x5c,0x3c,0x74,0x7c,0x5c,0x78,0x70,0xf8,0x58,
    0xb8,0x70,0xf8,0x50,0xf8,0x70,0xfe,0xd4,0xfe,0x74,0xee,0xc4,0xfe,0x44,0xee,0xdc,0xfe,0x57,0xff,0xdd,0xff,0x77,0xbf,0x1d,0xbf,0x37,0x7f,0x5d,0xfe,0x77,0xff,0xdd,
    0xa0,0x00,0xa0,0x00,0x20,0x00,0x20,0x00,0x20,0x00,0x00,0x40,0x20,0x50,0xe0,0x50,0xb0,0x50,0xb0,0x50,0xb0,0x30,0xf0,0x50,0xf0,0x70,0xe0,0xd0,0xe0,0x60,0xe0,0xc0,
    0xe0,0x40,0xc0,0xc0,0x80,0x50,0xb8,0xd0,0xb8,0x10,0xb8,0x10,0x30,0x30,0x28,0x50,0x78,0x70,0xfc,0x58,0xf8,0x70,0xf8,0xd8,0xf8,0x70,0xf8,0xd0,0xf8,0x70,0xf8,0xd0,
    0xf0,0x70,0xf8,0xd0,0xe0,0x60,0xe8,0xc0,0xe8,0x40,0xe8,0xdc,0xf8,0x54,0xfc,0xdc,0xbc,0x34,0xbc,0x1c,0x3c,0x74,0xfc,0x5c,0xfc,0x74,0xfc,0xdc,0xfc,0x74,0xfc,0xd8,
    0xf8,0x70,0xf8,0xd8,0xfb,0x73,0xff,0xd5,0xff,0x77,0xff,0xd5,0xef,0x67,0xef,0xdd,0xff,0x77,0xff,0xdd,0xff,0x77,0xff,0xdd,0xff,0x77,0xff,0xdd,0xff,0x77,0xff,0xdd,
    0x00,0x00,0x00,0x00,0x00,0x00,0x00,0x00,0x00,0x00,0x00,0x00,0x00,0x00,0x00,0x00,0x00,0x00,0x00,0x00,0x00,0x00,0x80,0x00,0x00,0x00,0x80,0x00,0x00,0x00,0x80,0x00,
    0x00,0x00,0x80,0x00,0x80,0x41,0x80,0x01,0x81,0x01,0x80,0x01,0x00,0x04,0x20,0x00,0x20,0x40,0xe0,0x40,0xe0,0x40,0xe0,0xc0,0xe0,0x40,0xe0,0xc1,0xe1,0x41,0xe1,0xc5,
    0xe3,0x41,0xe3,0xc1,0xa3,0x01,0xa3,0x49,0x23,0x41,0xe3,0x41,0xe3,0x51,0xfb,0xd1,0xfb,0x51,0xbb,0xd1,0xbb,0x71,0xfb,0xd1,0xfb,0x73,0xfb,0xd5,0xfb,0x71,0xeb,0xc5,
    0xeb,0x41,0xeb,0xd5,0xfb,0x57,0xff,0xdd,0xff,0x77,0xbf,0xb5,0xbf,0x37,0xff,0x5d,0xff,0x77,0xff,0xdd,0xff,0x77,0xff,0xdd,0xff,0x75,0xff,0xdd,0xfb,0x77,0xff,0xdd,
    0x00,0x00,0x00,0x00,0x00,0x00,0x00,0x00,0x00,0x00,0x00,0x00,0x00,0x00,0x00,0x00,0x00,0x40,0x00,0x00,0x00,0x00,0x00,0x00,0x00,0x00,0x00,0x00,0x00,0x00,0x00,0x00,
    0x00,0x00,0x00,0x00,0x00,0x00,0x00,0x00,0x00,0x00,0x00,0x00,0x00,0x00,0x00,0x00,0x02,0x00,0x00,0x00,0x00,0x00,0x00,0x00,0x00,0x00,0x00,0x01,0x01,0x01,0x01,0x01,
    0x03,0x01,0x03,0x01,0x03,0x01,0x03,0x01,0x03,0x03,0x02,0x01,0x02,0x01,0x02,0x01,0x02,0x01,0x00,0x01,0x01,0x01,0x03,0x01,0x03,0x03,0x03,0x01,0x03,0x03,0x03,0x05,
    0x03,0x07,0x07,0x05,0x07,0x07,0x0f,0x05,0x0f,0x07,0x0f,0x05,0x0f,0x07,0x0f,0x0d,0x3f,0x17,0xff,0x5d,0xff,0x77,0xfe,0xdd,0xfd,0x75,0xfd,0xdd,0xfb,0x77,0xff,0xdd
  },
  { // 239
    0x00,0x00,0x00,0x00,0x00,0x00,0x00,0x00,0x00,0x00,0x00,0x00,0x00,0x00,0x00,0x00,0x00,0x00,0x00,0x00,0x00,0x00,0x00,0x00,0x00,0x00,0x00,0x00,0x00,0x00,0x00,0x00,
    0x00,0x00,0x00,0x00,0x00,0x00,0x10,0x00,0x00,0x00,0x00,0x00,0x00,0x00,0x00,0x20,0x00,0x00,0x00,0x00,0x00,0x00,0x00,0x00,0x00,0x00,0x00,0x00,0x00,0x00,0x00,0x00,
    0x00,0x00,0x00,0x00,0x00,0x00,0x00,0x00,0x00,0x00,0x08,0x00,0x00,0x10,0x08,0x10,0x20,0x10,0x28,0x00,0x28,0x10,0x28,0x5c,0x38,0x74,0x7c,0x5c,0x78,0x70,0xf8,0x58,
    0xb8,0x70,0xf8,0x50,0xf8,0x70,0xfe,0xd4,0xfe,0x74,0xee,0xd4,0xee,0x44,0xee,0xdc,0xfe,0x57,0xff,0xdd,0xff,0x37,0xbf,0x1d,0xbf,0x37,0xff,0x5d,0xff,0x77,0xff,0xdd,
    0xa0,0x00,0xa0,0x00,0x20,0x00,0x20,0x00,0x20,0x00,0x20,0x40,0x20,0x50,0xe0,0x50,0xb0,0x50,0xb0,0x50,0xb0,0x30,0xf0,0x50,0xf0,0x70,0xe0,0xd0,0xe0,0x60,0xe0,0xc0,
    0xe0,0x40,0xc0,0xc0,0x90,0x50,0xb8,0xd0,0xb8,0x10,0xb8,0x10,0x30,0x30,0x78,0x50,0x78,0x70,0xf8,0x58,0xf8,0x70,0xf8,0xd8,0xf8,0x70,0xf8,0xd0,0xf8,0x70,0xf8,0xd0,
    0xf0,0x70,0xf8,0xd0,0xe0,0x60,0xe8,0xc4,0xe8,0x44,0xec,0xdc,0xfc,0x54,0xfc,0xdc,0xb8,0x34,0xbc,0x1c,0x3c,0x74,0xfc,0x5c,0xfc,0x74,0xfc,0xdc,0xfc,0x74,0xf8,0xd8,
    0xf8,0x70,0xf8,0xd9,0xfb,0x77,0xff,0xdd,0xff,0x77,0xff,0xd5,0xef,0x67,0xef,0xdd,0xff,0x77,0xff,0xdd,0xff,0x77,0xff,0xdd,0xff,0x77,0xff,0xdd,0xff,0x77,0xff,0xdd,
    0x00,0x00,0x00,0x00,0x00,0x00,0x00,0x00,0x00,0x00,0x00,0x00,0x00,0x00,0x00,0x00,0x00,0x00,0x00,0x00,0x00,0x00,0x80,0x00,0x00,0x00,0x80,0x00,0x00,0x00,0x80,0x00,
    0x00,0x00,0x00,0x80,0x00,0x01,0x80,0x01,0x81,0x01,0x80,0x00,0x04,0x00,0x20,0x00,0x20,0x40,0xe0,0x40,0xe0,0x40,0xe0,0xc0,0xe0,0x40,0xe0,0xc1,0xe1,0x45,0xe1,0xc1,
    0xe3,0x41,0xe3,0xc1,0xa3,0x01,0xab,0x41,0x23,0x41,0xe3,0x41,0xe3,0x51,0xfb,0xd1,0xfb,0x51,0xfb,0xd1,0xbb,0x73,0xfb,0xd1,0xfb,0x73,0xfb,0xd5,0xf3,0x71,0xeb,0xc5,
    0xeb,0x41,0xeb,0xdd,0xfb,0x57,0xff,0xdd,0xff,0x37,0xbf,0x15,0xbf,0x37,0xff,0x5d,0xff,0x77,0xff,0xdd,0xff,0x77,0xff,0xdd,0xff,0x75,0xff,0xdd,0xfb,0x77,0xff,0xdd,
    0x00,0x00,0x00,0x00,0x00,0x00,0x00,0x00,0x00,0x00,0x00,0x00,0x00,0x00,0x00,0x00,0x40,0x00,0x00,0x00,0x00,0x00,0x00,0x00,0x00,0x00,0x00,0x00,0x00,0x00,0x00,0x00,
    0x00,0x00,0x00,0x00,0x00,0x00,0x00,0x00,0x00,0x00,0x00,0x00,0x00,0x00,0x00,0x00,0x02,0x00,0x00,0x00,0x00,0x00,0x00,0x00,0x00,0x00,0x00,0x01,0x01,0x01,0x01,0x01,
    0x03,0x01,0x03,0x01,0x03,0x01,0x03,0x01,0x03,0x03,0x02,0x01,0x02,0x01,0x02,0x00,0x02,0x01,0x00,0x01,0x01,0x01,0x03,0x01,0x03,0x03,0x03,0x01,0x03,0x03,0x03,0x05,
    0x03,0x07,0x07,0x05,0x07,0x07,0x0f,0x05,0x0f,0x07,0x0f,0x0d,0x0f,0x07,0x0f,0x0d,0x3f,0x17,0xff,0x5d,0xff,0x77,0xfe,0xdc,0xfc,0x75,0xfd,0xdd,0xfb,0x77,0xff,0xdd
  },
  { // 240
    0x00,0x00,0x00,0x00,0x00,0x00,0x00,0x00,0x00,0x00,0x00,0x00,0x00,0x00,0x00,0x00,0x00,0x00,0x00,0x00,0x00,0x00,0x00,0x00,0x00,0x00,0x00,0x00,0x20,0x00,0x00,0x00,
    0x00,0x00,0x00,0x00,0x00,0x10,0x00,0x00,0x00,0x00,0x00,0x00,0x00,0x00,0x20,0x00,0x00,0x00,0x00,0x00,0x00,0x00,0x00,0x00,0x00,0x00,0x00,0x00,0x00,0x00,0x00,0x00,
    0x00,0x00,0x00,0x00,0x00,0x00,0x00,0x00,0x00,0x00,0x00,0x00,0x10,0x08,0x10,0x08,0x10,0x28,0x10,0x28,0x10,0x28,0x1c,0x38,0x74,0x7c,0x5c,0x78,0x70,0xf8,0x58,0xb8,
    0x70,0xf8,0x50,0xf8,0x70,0xfa,0xd4,0xfe,0x74,0xee,0xc4,0xee,0x44,0xee,0xcc,0xee,0x56,0xfe,0xdd,0xff,0x77,0xbf,0x9d,0xbf,0x37,0xbf,0x5d,0xff,0x77,0xff,0xdd,0xff,
    0x00,0xa0,0x00,0x20,0x00,0x20,0x00,0x20,0x00,0x20,0x40,0x20,0x40,0xe0,0x50,0xb0,0x50,0xf0,0x50,0xb0,0x10,0xb0,0x50,0xf0,0x70,0xe0,0x50,0xe2,0x60,0xe0,0xc0,0xe0,
    0x40,0xc0,0xc0,0xc0,0x40,0xc8,0xd0,0xb8,0x10,0xb8,0x10,0x30,0x10,0x78,0x10,0x38,0x70,0xf8,0x58,0xf8,0x70,0xf8,0xd8,0xf8,0x70,0xf8,0xd8,0xf8,0x70,0xf8,0xd0,0xf0,
    0x70,0xf8,0xd0,0xe0,0x60,0xe0,0xc0,0xe8,0x40,0xe8,0xdc,0xfc,0x54,0xfc,0xdc,0xb8,0x34,0xbc,0x1c,0xb8,0x74,0xfc,0x5c,0xfc,0x74,0xfc,0xdc,0xfc,0x74,0xfc,0xdc,0xf8,
    0x70,0xf8,0xd8,0xfa,0x71,0xff,0xdd,0xff,0x77,0xff,0xd5,0xef,0x77,0xef,0x5d,0xff,0x77,0xff,0xdd,0xff,0x77,0xff,0xdd,0xff,0x77,0xff,0xdd,0xff,0xf7,0xff,0xdd,0xff,
    0x00,0x00,0x00,0x00,0x00,0x00,0x00,0x00,0x00,0x00,0x00,0x00,0x00,0x00,0x00,0x00,0x00,0x00,0x00,0x00,0x00,0x00,0x00,0x00,0x00,0x80,0x00,0x00,0x00,0x80,0x00,0x00,
    0x00,0x00,0x80,0x00,0x00,0x80,0x01,0x80,0x01,0x80,0x05,0x00,0x00,0x00,0x00,0x20,0x00,0xe0,0x40,0xe0,0xc0,0xe0,0x40,0xe0,0x40,0xe0,0xc0,0xe1,0x45,0xe1,0xc1,0xe1,
    0x41,0xe3,0xc1,0xa3,0x01,0xa3,0x09,0x23,0x01,0xe3,0x49,0xe3,0x51,0xeb,0xd1,0xfb,0x51,0xfb,0xd1,0xbb,0x73,0xfb,0xd1,0xfb,0x73,0xfb,0xd5,0xf3,0x71,0xea,0xc5,0xe3,
    0x61,0xeb,0xc5,0xeb,0x57,0xff,0xdd,0xff,0x77,0xbf,0x9d,0xbf,0x37,0xbf,0x5d,0xff,0x7f,0xff,0xdd,0xff,0x77,0xff,0xdd,0xff,0x75,0xff,0xdd,0xfb,0x77,0xff,0xdd,0xff,
    0x00,0x00,0x00,0x00,0x00,0x00,0x00,0x00,0x00,0x00,0x00,0x00,0x00,0x00,0x00,0x00,0x40,0x00,0x00,0x10,0x00,0x00,0x00,0x00,0x00,0x00,0x00,0x00,0x00,0x00,0x00,0x00,
    0x00,0x00,0x00,0x08,0x00,0x00,0x00,0x00,0x00,0x00,0x00,0x00,0x00,0x00,0x00,0x00,0x01,0x04,0x00,0x00,0x00,0x00,0x00,0x00,0x00,0x00,0x00,0x00,0x01,0x01,0x01,0x03,
    0x01,0x03,0x01,0x03,0x01,0x03,0x01,0x03,0x01,0x02,0x01,0x02,0x01,0x02,0x00,0x02,0x00,0x00,0x00,0x00,0x01,0x01,0x01,0x03,0x01,0x03,0x01,0x03,0x03,0x03,0x05,0x03,
    0x07,0x07,0x05,0x07,0x07,0x0f,0x05,0x0f,0x07,0x0f,0x0d,0x0f,0x07,0x0f,0x0d,0x0f,0x17,0xbf,0x5d,0xff,0x77,0xfe,0xdc,0xfe,0x75,0xfd,0xdd,0xff,0x75,0xff,0xdd,0xff
  },
  { // 241
    0x00,0x00,0x00,0x00,0x00,0x00,0x00,0x00,0x00,0x00,0x00,0x00,0x00,0x00,0x00,0x00,0x00,0x00,0x00,0x00,0x00,0x00,0x00,0x00,0x00,0x00,0x00,0x00,0x00,0x00,0x00,0x00,
    0x00,0x00,0x00,0x00,0x00,0x00,0x00,0x00,0x00,0x00,0x00,0x00,0x00,0x00,0x00,0x00,0x00,0x00,0x00,0x00,0x00,0x00,0x00,0x00,0x00,0x00,0x00,0x00,0x00,0x00,0x00,0x00,
    0x00,0x00,0x00,0x00,0x00,0x00,0x00,0x00,0x00,0x00,0x00,0x00,0x40,0x08,0x10,0x00,0x10,0x28,0x10,0x28,0x10,0x28,0x1c,0x38,0x74,0x7c,0x5c,0x78,0x70,0xf8,0x58,0xf8,
    0x70,0xf8,0x50,0xf8,0x70,0xf8,0xd4,0xfa,0x74,0xee,0x64,0xee,0x44,0xee,0xcc,0xee,0x56,0xfe,0xdd,0xff,0x57,0xbf,0x9d,0xbf,0x37,0xbf,0x5d,0xff,0x77,0xff,0xdd,0xff,
    0x00,0x80,0x00,0x20,0x00,0x20,0x00,0x20,0x00,0x20,0x40,0x20,0x40,0xe0,0x50,0xa0,0x50,0xf0,0x50,0xb0,0x10,0xb0,0x50,0xf0,0x70,0xe0,0x51,0xe0,0x60,0xe0,0x40,0xe0,
    0x40,0xc0,0xc0,0xd0,0x40,0xc8,0xd0,0xb8,0x10,0xb8,0x10,0x30,0x50,0x38,0x18,0x38,0x70,0xf8,0x58,0xf8,0x70,0xf8,0xd8,0xf8,0x70,0xf8,0xd0,0xf8,0x70,0xf8,0xd0,0xf0,
    0x70,0xf8,0xd0,0xe0,0x60,0xe0,0xc0,0xe8,0x60,0xec,0xdc,0xfc,0x54,0xfc,0xdc,0xb8,0x34,0xb8,0x1c,0xb8,0x74,0xfc,0x5c,0xfc,0x74,0xfc,0xdc,0xfc,0x74,0xfc,0xdc,0xf8,
    0x70,0xf8,0xd8,0xfa,0x71,0xff,0xdd,0xff,0x77,0xff,0xd5,0xff,0x77,0xef,0x5d,0xff,0x77,0xff,0xdd,0xff,0x77,0xff,0xdd,0xff,0x77,0xff,0xdd,0xff,0x77,0xff,0xdd,0xff,
    0x00,0x00,0x00,0x00,0x00,0x00,0x00,0x00,0x00,0x00,0x00,0x00,0x00,0x00,0x00,0x00,0x00,0x00,0x00,0x00,0x00,0x00,0x00,0x00,0x00,0x80,0x00,0x00,0x00,0x00,0x00,0x00,
    0x00,0x00,0x00,0x00,0x00,0x80,0x01,0x80,0x01,0x84,0x00,0x00,0x00,0x00,0x00,0x20,0x00,0xe0,0x40,0xe0,0x40,0xe0,0x40,0xe0,0x40,0xe0,0xc0,0xe3,0x41,0xe1,0xc1,0xe1,
    0x41,0xe3,0xc1,0xa3,0x01,0xab,0x01,0x23,0x01,0xeb,0x41,0xe3,0x51,0xeb,0xd1,0xfb,0x51,0xf9,0xd1,0xbb,0x71,0xfb,0xd1,0xfb,0x73,0xfb,0xd1,0xf3,0x71,0xe2,0xc5,0xe3,
    0x61,0xeb,0xc5,0xeb,0x57,0xff,0xdd,0xff,0x57,0xbf,0x9d,0xbf,0x37,0xbf,0x5d,0xff,0x77,0xff,0xdd,0xff,0x77,0xff,0xdd,0xff,0x75,0xfd,0xdd,0xfb,0x7f,0xff,0xdd,0xff,
    0x00,0x00,0x00,0x00,0x00,0x00,0x00,0x00,0x00,0x00,0x00,0x00,0x00,0x00,0x00,0x40,0x00,0x00,0x10,0x00,0x00,0x00,0x00,0x00,0x00,0x00,0x00,0x00,0x00,0x00,0x00,0x00,
    0x00,0x00,0x10,0x00,0x00,0x00,0x00,0x00,0x00,0x00,0x00,0x00,0x00,0x00,0x00,0x00,0x04,0x00,0x00,0x00,0x00,0x00,0x00,0x00,0x00,0x00,0x00,0x00,0x01,0x01,0x01,0x0b,
    0x01,0x03,0x01,0x03,0x01,0x03,0x01,0x03,0x01,0x02,0x01,0x02,0x01,0x02,0x00,0x02,0x00,0x00,0x00,0x00,0x01,0x01,0x01,0x03,0x01,0x03,0x01,0x03,0x03,0x03,0x05,0x03,
    0x07,0x07,0x05,0x07,0x07,0x0f,0x05,0x0f,0x07,0x0f,0x05,0x0f,0x07,0x0f,0x0d,0x0f,0x17,0xbf,0x5d,0xff,0x77,0xfe,0xdc,0xfe,0x75,0xfd,0xdd,0xff,0x75,0xff,0xdd,0xff
  },
  { // 242
    0x00,0x00,0x00,0x00,0x00,0x00,0x00,0x00,0x00,0x00,0x00,0x00,0x00,0x00,0x00,0x00,0x00,0x00,0x00,0x00,0x00,0x00,0x00,0x00,0x00,0x00,0x00,0x00,0x00,0x00,0x00,0x00,
    0x00,0x00,0x00,0x00,0x00,0x00,0x00,0x00,0x00,0x00,0x00,0x00,0x00,0x00,0x00,0x00,0x00,0x00,0x00,0x00,0x00,0x00,0x00,0x00,0x00,0x00,0x00,0x00,0x00,0x00,0x00,0x00,
    0x00,0x00,0x00,0x00,0x00,0x00,0x00,0x00,0x00,0x00,0x00,0x40,0x00,0x08,0x10,0x00,0x10,0x08,0x10,0x28,0x10,0x28,0x14,0x38,0x74,0x7c,0x5c,0x78,0x70,0x78,0x58,0xf8,
    0x70,0xf8,0x50,0xf8,0x70,0xf8,0xd4,0xfa,0x74,0xee,0x64,0xee,0x44,0xee,0xcc,0xee,0x56,0xfe,0xdd,0xff,0x57,0xbf,0x9d,0xbf,0x37,0xbf,0x5d,0xff,0x77,0xff,0xdd,0xff,
    0x00,0x80,0x00,0x20,0x00,0x20,0x00,0x20,0x00,0x20,0x40,0x20,0x40,0xe0,0x50,0xa0,0x50,0xe0,0x50,0xb0,0x10,0xb0,0x50,0xf0,0x70,0xe0,0x51,0xe0,0x60,0xe0,0x40,0xe0,
    0x40,0xc0,0xd0,0xc0,0x40,0xc8,0xd0,0xb8,0x10,0xb8,0x10,0x70,0x10,0x38,0x10,0x38,0x70,0xf8,0x50,0xf8,0x70,0xf8,0xd8,0xf8,0x78,0xf8,0xd0,0xf8,0x70,0xf8,0xd0,0xf0,
    0x70,0xf8,0xd0,0xe0,0x60,0xe0,0xc0,0xe8,0x40,0xec,0xdc,0xfc,0x54,0xfc,0xdc,0xb8,0x14,0xb8,0x1c,0xb8,0x74,0xfc,0x5c,0xfc,0x74,0xfc,0xdc,0xfc,0x74,0xfc,0xdc,0xf8,
    0x70,0xf8,0xd8,0xfa,0x71,0xff,0xdd,0xff,0x77,0xff,0xd5,0xff,0x77,0xef,0x5d,0xff,0x77,0xff,0xdd,0xff,0x77,0xff,0xdd,0xff,0x77,0xff,0xdd,0xff,0x77,0xff,0xdd,0xff,
    0x00,0x00,0x00,0x00,0x00,0x00,0x00,0x00,0x00,0x00,0x00,0x00,0x00,0x00,0x00,0x00,0x00,0x00,0x00,0x00,0x00,0x00,0x00,0x00,0x00,0x80,0x00,0x00,0x00,0x00,0x00,0x00,
    0x00,0x00,0x00,0x00,0x00,0x80,0x00,0x80,0x03,0x80,0x00,0x00,0x00,0x00,0x00,0x20,0x00,0xa0,0xc0,0xe0,0x40,0xe0,0x40,0xe0,0x40,0xe0,0xc2,0xe1,0x41,0xc1,0xc1,0xe1,
    0x41,0xe1,0xc1,0xa3,0x01,0xa7,0x01,0x23,0x09,0xe3,0x41,0xe3,0x51,0xeb,0xd1,0xfb,0x51,0xf9,0xd1,0xf9,0x71,0xfb,0xd1,0xfb,0x71,0xfb,0xd1,0xf3,0x71,0xe2,0xc1,0xe3,
    0x61,0xeb,0xc5,0xeb,0x57,0xff,0xdd,0xff,0x57,0xbf,0x9d,0xbf,0x37,0xbf,0x5d,0xff,0x77,0xff,0xdd,0xff,0x77,0xff,0xdd,0xff,0x75,0xfd,0xdd,0xfb,0x77,0xff,0xdd,0xff,
    0x00,0x00,0x00,0x00,0x00,0x00,0x00,0x00,0x00,0x00,0x00,0x00,0x00,0x00,0x00,0x40,0x00,0x00,0x10,0x00,0x00,0x00,0x00,0x00,0x00,0x00,0x00,0x00,0x00,0x00,0x00,0x00,
    0x00,0x10,0x00,0x00,0x00,0x00,0x00,0x00,0x00,0x00,0x00,0x00,0x00,0x00,0x00,0x00,0x04,0x00,0x00,0x00,0x00,0x00,0x00,0x00,0x00,0x00,0x00,0x00,0x01,0x01,0x09,0x03,
    0x01,0x03,0x01,0x03,0x01,0x03,0x01,0x03,0x01,0x02,0x01,0x02,0x01,0x02,0x00,0x02,0x00,0x00,0x00,0x00,0x01,0x01,0x01,0x03,0x01,0x03,0x01,0x03,0x03,0x03,0x01,0x03,
    0x07,0x07,0x05,0x07,0x07,0x0f,0x05,0x0f,0x07,0x0f,0x05,0x0f,0x07,0x0f,0x0d,0x0f,0x17,0xbf,0x5d,0xff,0x77,0xfe,0xdc,0xfe,0x75,0xfd,0xdd,0xff,0x75,0xff,0xdd,0xff
  },
  { // 243
    0x00,0x00,0x00,0x00,0x00,0x00,0x00,0x00,0x00,0x00,0x00,0x00,0x00,0x00,0x00,0x00,0x00,0x00,0x00,0x00,0x00,0x00,0x00,0x00,0x00,0x00,0x00,0x00,0x00,0x00,0x00,0x00,
    0x00,0x00,0x00,0x10,0x00,0x00,0x00,0x00,0x00,0x00,0x00,0x00,0x20,0x00,0x00,0x00,0x00,0x00,0x00,0x00,0x00,0x00,0x00,0x00,0x00,0x00,0x00,0x00,0x00,0x00,0x00,0x00,
    0x00,0x00,0x00,0x00,0x00,0x00,0x00,0x00,0x00,0x00,0x00,0x00,0x00,0x08,0x10,0x00,0x10,0x08,0x10,0x20,0x10,0x28,0x10,0x38,0x70,0x78,0x5c,0x78,0x70,0x78,0x58,0x38,
    0x70,0xf8,0x50,0xf8,0x70,0xf8,0xd4,0xf2,0x74,0xee,0x44,0xe6,0x44,0xee,0xcc,0xee,0x56,0xfe,0xdd,0xff,0x57,0xbf,0x9d,0xbf,0x37,0xbf,0x5d,0xff,0x77,0xff,0xdd,0xff,
    0x00,0x80,0x00,0x20,0x00,0x00,0x00,0x20,0x00,0x20,0x40,0x20,0x40,0xe0,0x50,0xa0,0x50,0xe0,0x50,0xb0,0x10,0xb0,0x50,0xf0,0x70,0xe1,0x50,0xe0,0x60,0xe0,0x40,0xe0,
    0x40,0xc0,0xd0,0xc0,0x40,0xc8,0xd0,0xb8,0x10,0xb8,0x10,0x70,0x10,0x38,0x10,0x38,0x70,0xf8,0x50,0xf8,0x70,0xf8,0xd8,0xf8,0x70,0xf8,0xd0,0xf8,0x70,0xf8,0xd0,0xf0,
    0x70,0xf0,0xd0,0xe0,0x60,0xe0,0xc0,0xe8,0x40,0xe8,0xdc,0xfc,0x54,0xfc,0xdc,0xb8,0x14,0xb8,0x1c,0xb8,0x74,0xfc,0x5c,0xfc,0x74,0xfc,0xdc,0xfc,0x74,0xfc,0xdc,0xf8,
    0x70,0xf8,0xd8,0xfa,0x71,0xff,0xdd,0xff,0x77,0xff,0xd5,0xff,0x77,0xef,0x5d,0xff,0x77,0xff,0xdd,0xff,0x77,0xff,0xdd,0xff,0x77,0xff,0xdd,0xff,0x77,0xff,0xdd,0xff,
    0x00,0x00,0x00,0x00,0x00,0x00,0x00,0x00,0x00,0x00,0x00,0x00,0x00,0x00,0x00,0x00,0x00,0x00,0x00,0x00,0x00,0x00,0x00,0x00,0x00,0x80,0x00,0x00,0x00,0x00,0x00,0x00,
    0x00,0x00,0x00,0x00,0x00,0x80,0x00,0x80,0x03,0x80,0x00,0x00,0x00,0x00,0x00,0x20,0x00,0xa0,0x40,0xe0,0x40,0xe0,0x40,0xe0,0x40,0xe2,0xc0,0xc1,0x41,0xc1,0xc1,0xe1,
    0x41,0xa1,0xc1,0xa3,0x05,0xa3,0x01,0x23,0x09,0xe3,0x41,0xe3,0x51,0xe3,0xd1,0xf3,0x51,0xf9,0xd1,0xf9,0x71,0xfb,0xd1,0xf3,0x71,0xfb,0xd1,0xf3,0x71,0xe2,0xc1,0xe3,
    0x61,0xeb,0xc5,0xeb,0x57,0xff,0xdd,0xff,0x57,0xbf,0x9d,0xbf,0x37,0xbf,0x5d,0xff,0x77,0xff,0xdd,0xff,0x77,0xff,0xdd,0xff,0x75,0xfd,0xdd,0xfb,0x77,0xff,0xdd,0xff,
    0x00,0x00,0x00,0x00,0x00,0x00,0x00,0x00,0x00,0x00,0x00,0x00,0x00,0x00,0x00,0x40,0x00,0x00,0x10,0x00,0x00,0x00,0x00,0x00,0x00,0x00,0x00,0x00,0x00,0x00,0x00,0x00,
    0x00,0x10,0x00,0x00,0x00,0x00,0x00,0x00,0x00,0x00,0x00,0x00,0x00,0x00,0x00,0x01,0x00,0x00,0x00,0x00,0x00,0x00,0x00,0x00,0x00,0x00,0x00,0x00,0x01,0x01,0x09,0x03,
    0x01,0x03,0x01,0x03,0x01,0x03,0x01,0x03,0x01,0x02,0x01,0x02,0x01,0x02,0x00,0x02,0x00,0x00,0x00,0x00,0x01,0x01,0x01,0x03,0x01,0x03,0x01,0x03,0x03,0x03,0x01,0x03,
    0x07,0x07,0x05,0x07,0x07,0x0f,0x05,0x0f,0x07,0x0f,0x05,0x0f,0x07,0x0f,0x0d,0x0f,0x17,0x3f,0x5d,0xff,0x77,0xfe,0xdc,0xfe,0x75,0xfd,0xdd,0xff,0x75,0xff,0xdd,0xff
  },
  { // 244
    0x00,0x00,0x00,0x00,0x00,0x00,0x00,0x00,0x00,0x00,0x00,0x00,0x00,0x00,0x00,0x00,0x00,0x00,0x00,0x00,0x00,0x00,0x00,0x00,0x00,0x00,0x00,0x00,0x00,0x00,0x00,0x00,
    0x00,0x00,0x00,0x10,0x00,0x00,0x00,0x00,0x00,0x00,0x00,0x00,0x20,0x00,0x00,0x00,0x00,0x00,0x00,0x00,0x00,0x00,0x00,0x00,0x00,0x00,0x00,0x00,0x00,0x00,0x00,0x00,
    0x00,0x00,0x00,0x00,0x00,0x00,0x00,0x00,0x00,0x00,0x00,0x00,0x00,0x08,0x00,0x00,0x10,0x08,0x10,0x20,0x10,0x28,0x10,0x38,0x30,0x78,0x5c,0x78,0x70,0x78,0x58,0x38,
    0x70,0xf8,0x50,0xf8,0x70,0xf8,0xd4,0xf2,0x74,0xee,0x44,0xe6,0x44,0xee,0xcc,0xee,0x56,0xfe,0xdc,0xff,0x57,0xbf,0x9d,0xbf,0x37,0xbf,0x5d,0xff,0x77,0xff,0xdd,0xff,
    0x00,0x80,0x00,0x20,0x00,0x00,0x00,0x20,0x00,0x20,0x40,0x20,0x40,0xe0,0x50,0xa0,0x50,0xa0,0x50,0xb0,0x10,0xa0,0x50,0xf0,0x70,0xe1,0x50,0xe0,0x60,0xe0,0x40,0xe0,
    0x40,0xc0,0xc8,0xc0,0x40,0xc8,0xd0,0xb8,0x10,0xb8,0x50,0x30,0x10,0x38,0x10,0x38,0x70,0xf8,0x50,0xf8,0x70,0xf8,0xd8,0xf8,0x70,0xf8,0xd0,0xf8,0x70,0xf8,0xd0,0xf0,
    0x70,0xf0,0xd0,0xe0,0x60,0xe0,0xc0,0xe8,0x40,0xe8,0xdc,0xf8,0x54,0xfc,0xdc,0xb8,0x14,0xb8,0x1c,0xb8,0x74,0xfc,0x5c,0xfc,0x74,0xfc,0xdc,0xfc,0x74,0xfc,0xdc,0xf8,
    0x70,0xf8,0xd8,0xfa,0x71,0xff,0xdf,0xff,0x77,0xff,0xd5,0xff,0x77,0xef,0x5d,0xff,0x77,0xff,0xdd,0xff,0x77,0xff,0xdd,0xff,0x77,0xff,0xdd,0xff,0x77,0xff,0xdd,0xff,
    0x00,0x00,0x00,0x00,0x00,0x00,0x00,0x00,0x00,0x00,0x00,0x00,0x00,0x00,0x00,0x00,0x00,0x00,0x00,0x00,0x00,0x00,0x00,0x00,0x00,0x80,0x00,0x00,0x00,0x00,0x00,0x00,
    0x00,0x00,0x00,0x00,0x00,0x80,0x00,0x82,0x01,0x80,0x00,0x00,0x00,0x00,0x00,0x20,0x00,0xa0,0x40,0xe0,0x40,0xe0,0x40,0xe0,0x40,0xe2,0xc0,0xc1,0x41,0xc1,0xc1,0xe1,
    0x41,0xa1,0xc1,0xa3,0x05,0xa3,0x01,0x2b,0x01,0xe3,0x41,0xe3,0x51,0xe3,0xd1,0xf3,0x51,0xf9,0xd1,0xb1,0x71,0xfb,0xd1,0xf3,0x71,0xfb,0xd1,0xf3,0x71,0xe2,0xc1,0xe3,
    0x61,0xeb,0xc5,0xeb,0x57,0xff,0xdd,0xff,0x57,0xbf,0x9d,0xbf,0x37,0xbf,0x5d,0xff,0x77,0xff,0xdd,0xff,0x77,0xff,0xdd,0xff,0x75,0xfd,0xdd,0xfb,0x77,0xff,0xdd,0xff,
    0x00,0x00,0x00,0x00,0x00,0x00,0x00,0x00,0x00,0x00,0x00,0x00,0x00,0x00,0x00,0x40,0x00,0x10,0x00,0x00,0x00,0x00,0x00,0x00,0x00,0x00,0x00,0x00,0x00,0x00,0x00,0x00,
    0x10,0x00,0x00,0x00,0x00,0x00,0x00,0x00,0x00,0x00,0x00,0x00,0x00,0x00,0x00,0x01,0x00,0x00,0x00,0x00,0x00,0x00,0x00,0x00,0x00,0x00,0x00,0x00,0x01,0x01,0x01,0x01,
    0x01,0x03,0x01,0x03,0x01,0x03,0x01,0x03,0x01,0x02,0x01,0x02,0x00,0x02,0x00,0x02,0x00,0x00,0x00,0x00,0x01,0x01,0x01,0x03,0x01,0x03,0x01,0x03,0x03,0x03,0x01,0x03,
    0x07,0x07,0x05,0x07,0x07,0x0f,0x05,0x0f,0x07,0x0f,0x05,0x0f,0x07,0x0f,0x0d,0x0f,0x17,0x3f,0x5d,0xff,0x77,0xfe,0x5c,0xfe,0x75,0xfd,0xdd,0xff,0x75,0xff,0xdd,0xff
  },
  { // 245
    0x00,0x00,0x00,0x00,0x00,0x00,0x00,0x00,0x00,0x00,0x00,0x00,0x00,0x00,0x00,0x00,0x00,0x00,0x00,0x00,0x00,0x00,0x00,0x00,0x00,0x00,0x00,0x20,0x00,0x00,0x00,0x00,
    0x00,0x00,0x10,0x00,0x00,0x00,0x00,0x00,0x00,0x00,0x00,0x00,0x00,0x00,0x00,0x00,0x00,0x00,0x00,0x00,0x00,0x00,0x00,0x00,0x00,0x00,0x00,0x00,0x00,0x00,0x00,0x00,
    0x00,0x00,0x00,0x00,0x00,0x00,0x00,0x00,0x00,0x00,0x00,0x00,0x00,0x08,0x00,0x00,0x10,0x08,0x00,0x20,0x10,0x28,0x10,0x38,0x30,0x78,0x5c,0x78,0x70,0x78,0x58,0x38,
    0x70,0xf8,0x50,0xf8,0x70,0xf8,0xd4,0xf2,0x74,0xee,0x44,0xe6,0x44,0xee,0xcc,0xee,0x56,0xfe,0xdc,0xfe,0x57,0xbf,0x9d,0xbf,0x37,0xbf,0x5d,0xff,0x77,0xff,0xdd,0xff,
    0x00,0x80,0x00,0x20,0x00,0x00,0x00,0x20,0x00,0x20,0x00,0x20,0x40,0xe0,0x40,0xa0,0x50,0xa0,0x50,0xa0,0x10,0xa0,0x50,0xf0,0x70,0xe1,0x50,0xe0,0x60,0xe0,0x40,0xe0,
    0x40,0xc8,0xc0,0xc0,0x40,0xc8,0xd0,0xb0,0x10,0xb8,0x10,0x30,0x10,0x38,0x10,0x38,0x70,0xf8,0x50,0xf8,0x70,0xf8,0xd8,0xf8,0x70,0xf8,0xd0,0xf8,0x70,0xf8,0xd0,0xf0,
    0x70,0xf0,0xd0,0xe0,0x60,0xe0,0xc0,0xe8,0x40,0xe8,0xdc,0xf8,0x54,0xfc,0xdc,0xb8,0x14,0xb8,0x1c,0xb8,0x74,0xfc,0x5c,0xfc,0x74,0xfc,0xdc,0xfc,0x74,0xfc,0xdc,0xf8,
    0x70,0xf8,0xd8,0xfa,0x71,0xff,0xdd,0xff,0x77,0xff,0xd5,0xff,0x77,0xef,0x5d,0xff,0x77,0xff,0xdd,0xff,0x77,0xff,0xdd,0xff,0x77,0xff,0xdd,0xff,0x77,0xff,0xdd,0xff,
    0x00,0x00,0x00,0x00,0x00,0x00,0x00,0x00,0x00,0x00,0x00,0x00,0x00,0x00,0x00,0x00,0x00,0x00,0x00,0x00,0x00,0x00,0x00,0x00,0x00,0x80,0x00,0x00,0x00,0x00,0x00,0x00,
    0x00,0x00,0x00,0x00,0x00,0x80,0x00,0x02,0x01,0x80,0x00,0x00,0x00,0x00,0x00,0x20,0x00,0xa0,0x40,0xe0,0x40,0xe0,0x40,0xe0,0x40,0xe0,0xc0,0xc0,0x41,0xc1,0xc1,0xe1,
    0x41,0xa1,0xc1,0xa3,0x05,0xa3,0x01,0x2b,0x01,0xe3,0x41,0xe3,0x51,0xe3,0xd1,0xf3,0x51,0xf9,0xd1,0xb1,0x71,0xfb,0xd1,0xf3,0x71,0xfb,0xd1,0xf3,0x71,0xe2,0xc1,0xe3,
    0x61,0xeb,0xc5,0xeb,0x57,0xff,0xdd,0xff,0x57,0xbf,0x9d,0xbf,0x37,0xbf,0x5d,0xff,0x77,0xff,0xdd,0xff,0x77,0xff,0xdd,0xff,0x75,0xfd,0xdd,0xfb,0x77,0xff,0xdd,0xff,
    0x00,0x00,0x00,0x00,0x00,0x00,0x00,0x00,0x00,0x00,0x00,0x00,0x00,0x00,0x00,0x00,0x00,0x10,0x00,0x00,0x00,0x00,0x00,0x00,0x00,0x00,0x00,0x00,0x00,0x00,0x00,0x00,
    0x10,0x00,0x00,0x00,0x00,0x00,0x00,0x00,0x00,0x00,0x00,0x00,0x00,0x00,0x00,0x00,0x00,0x00,0x00,0x00,0x00,0x00,0x00,0x00,0x00,0x00,0x00,0x00,0x01,0x01,0x01,0x01,
    0x01,0x03,0x01,0x03,0x01,0x03,0x01,0x03,0x01,0x02,0x01,0x02,0x00,0x02,0x00,0x02,0x00,0x00,0x00,0x00,0x01,0x01,0x01,0x03,0x01,0x03,0x01,0x03,0x03,0x03,0x01,0x03,
    0x07,0x07,0x05,0x07,0x07,0x07,0x05,0x0f,0x07,0x0f,0x05,0x0f,0x07,0x0f,0x0d,0x0f,0x17,0x2f,0x5d,0x7f,0x77,0xfe,0x5c,0xfe,0x75,0xfd,0xdd,0xff,0x75,0xff,0xdd,0xff
  },
  { // 246
    0x00,0x00,0x00,0x00,0x00,0x00,0x00,0x00,0x00,0x00,0x00,0x00,0x00,0x00,0x00,0x00,0x00,0x00,0x00,0x00,0x00,0x00,0x00,0x00,0x00,0x00,0x00,0x00,0x40,0x00,0x00,0x00,
    0x00,0x00,0x00,0x00,0x00,0x00,0x00,0x00,0x00,0x00,0x00,0x00,0x10,0x00,0x00,0x00,0x00,0x00,0x00,0x00,0x00,0x00,0x00,0x00,0x00,0x00,0x00,0x00,0x00,0x00,0x00,0x00,
    0x00,0x00,0x00,0x00,0x00,0x00,0x00,0x00,0x00,0x00,0x00,0x00,0x00,0x00,0x00,0x00,0x10,0x00,0x00,0x20,0x10,0x28,0x10,0x38,0x30,0x38,0x5c,0x38,0x70,0x78,0x58,0x38,
    0x70,0xf8,0x50,0xf8,0x70,0xf8,0xd4,0xf2,0x74,0xee,0x44,0xe6,0x44,0xee,0xcc,0xee,0x56,0xfe,0xdc,0xfe,0x57,0xbf,0x9d,0xbf,0x37,0xbf,0x5d,0xff,0x77,0xff,0xdd,0xff,
    0x00,0x80,0x00,0x20,0x00,0x00,0x00,0x00,0x00,0x00,0x00,0x20,0x40,0xe0,0x40,0xa0,0x50,0xa0,0x50,0xa0,0x10,0xa0,0x50,0xb0,0x70,0xe1,0x50,0xe0,0x60,0xe0,0x40,0xe0,
    0x40,0xc8,0xc0,0x80,0x40,0xc8,0xd0,0xb0,0x10,0xb8,0x10,0x30,0x10,0x38,0x10,0x38,0x70,0xf8,0x50,0xf8,0x70,0xf8,0xd8,0xf8,0x70,0xf8,0xd0,0xf8,0x70,0xf8,0xd0,0xf0,
    0x70,0xf0,0xd0,0xe0,0x60,0xe0,0xc0,0xe8,0x40,0xe8,0xdc,0xf8,0x54,0xfc,0xdc,0xb8,0x14,0xb8,0x1c,0xb8,0x34,0xfc,0x5c,0xfc,0x74,0xfc,0xdc,0xfc,0x74,0xfc,0xdc,0xf8,
    0x70,0xf8,0xd8,0xfa,0x71,0xfb,0xdd,0xff,0x77,0xff,0xd5,0xef,0x77,0xef,0x5d,0xff,0x77,0xff,0xdd,0xff,0x77,0xff,0xdd,0xff,0x77,0xff,0xdd,0xff,0x77,0xff,0xdd,0xff,
    0x00,0x00,0x00,0x00,0x00,0x00,0x00,0x00,0x00,0x00,0x00,0x00,0x00,0x00,0x00,0x00,0x00,0x00,0x00,0x00,0x00,0x00,0x00,0x00,0x00,0x00,0x00,0x00,0x00,0x00,0x00,0x00,
    0x00,0x00,0x00,0x00,0x00,0x80,0x00,0x02,0x01,0x80,0x00,0x00,0x00,0x00,0x00,0x20,0x00,0xa0,0x40,0xe0,0x40,0xe0,0x40,0xe0,0x40,0xe0,0xc0,0xc0,0x41,0xc1,0xc1,0xe1,
    0x41,0xa1,0xc1,0xa3,0x05,0xa3,0x01,0x23,0x01,0xe3,0x41,0xe3,0x41,0xe3,0xd1,0xf3,0x51,0xf9,0xd1,0xb1,0x71,0xfb,0xd1,0xf3,0x71,0xfb,0xd1,0xf3,0x71,0xe2,0xc1,0xe3,
    0x61,0xeb,0xc5,0xeb,0x57,0xff,0xdd,0xff,0x57,0xbf,0x9d,0xbf,0x37,0xbf,0x5d,0x7f,0x77,0xff,0xdd,0xff,0x77,0xff,0xdd,0xff,0x75,0xfd,0xdd,0xfb,0x77,0xff,0xdd,0xff,
    0x00,0x00,0x00,0x00,0x00,0x00,0x00,0x00,0x00,0x00,0x00,0x00,0x00,0x00,0x00,0x00,0x00,0x00,0x00,0x00,0x00,0x00,0x00,0x00,0x00,0x00,0x00,0x00,0x00,0x00,0x01,0x10,
    0x00,0x00,0x00,0x00,0x00,0x00,0x00,0x00,0x00,0x00,0x00,0x00,0x00,0x00,0x00,0x03,0x00,0x00,0x00,0x00,0x00,0x00,0x00,0x00,0x00,0x00,0x00,0x00,0x01,0x01,0x01,0x01,
    0x01,0x03,0x01,0x03,0x01,0x03,0x01,0x03,0x01,0x02,0x00,0x02,0x00,0x02,0x00,0x02,0x00,0x00,0x00,0x00,0x01,0x01,0x01,0x03,0x01,0x03,0x01,0x03,0x03,0x03,0x01,0x03,
    0x07,0x07,0x05,0x07,0x07,0x07,0x05,0x0f,0x07,0x0f,0x05,0x0f,0x07,0x0f,0x0d,0x0f,0x17,0x0f,0x5d,0x7f,0x77,0xfe,0x5c,0xfe,0x75,0xfd,0xdd,0xff,0x75,0xff,0xdd,0xff
  },
  { // 247
    0x00,0x00,0x00,0x00,0x00,0x00,0x00,0x00,0x00,0x00,0x00,0x00,0x00,0x00,0x00,0x00,0x00,0x00,0x00,0x00,0x00,0x00,0x00,0x00,0x00,0x00,0x00,0x00,0x40,0x00,0x00,0x00,
    0x00,0x00,0x00,0x00,0x00,0x00,0x00,0x00,0x00,0x00,0x00,0x00,0x10,0x00,0x00,0x00,0x00,0x00,0x00,0x00,0x00,0x00,0x00,0x00,0x00,0x00,0x00,0x00,0x00,0x00,0x00,0x00,
    0x00,0x00,0x00,0x00,0x00,0x00,0x00,0x00,0x00,0x00,0x00,0x00,0x00,0x00,0x00,0x00,0x00,0x00,0x00,0x00,0x20,0x10,0x28,0x18,0x38,0x70,0x78,0x58,0x38,0x50,0x78,0x58,
    0x38,0x70,0xf8,0x50,0xf8,0x70,0xf8,0xd4,0xf2,0x74,0xee,0x44,0xee,0x44,0xee,0xcc,0xfe,0x56,0xfe,0xdc,0xbe,0x37,0xbf,0x1d,0xbf,0x37,0xfe,0x5d,0xfe,0x77,0xff,0xdd,
    0x00,0x00,0x80,0x00,0x20,0x00,0x00,0x00,0x00,0x00,0x00,0x40,0x20,0x40,0xe0,0x50,0xa0,0x10,0xa0,0x50,0xa0,0x10,0xa0,0x50,0xe0,0x71,0xe0,0x40,0xe0,0x60,0xe0,0x40,
    0xe0,0x40,0xc8,0xc0,0x80,0x50,0x88,0xd0,0xb0,0x10,0xb8,0x10,0x30,0x10,0x28,0x70,0x78,0x70,0xf8,0x58,0xf8,0x70,0xf8,0xd8,0xf8,0x70,0xf8,0xd0,0xf8,0x70,0xf8,0xd0,
    0xf0,0x70,0xf0,0xc0,0xe0,0x60,0xe8,0xc0,0xe8,0x40,0xe8,0xdc,0xf8,0x54,0xfc,0xdc,0xb8,0x30,0xb8,0x1c,0x38,0x74,0xfc,0x5c,0xfc,0x74,0xfc,0xdc,0xfc,0x74,0xf8,0xd8,
    0xf8,0x70,0xf8,0xd8,0xfa,0x71,0xff,0xd5,0xff,0x77,0xff,0xd5,0xef,0x67,0xef,0xdd,0xff,0x77,0xff,0xdd,0xff,0x77,0xff,0xdd,0xff,0x77,0xff,0xdd,0xff,0x77,0xff,0xdd,
    0x00,0x00,0x00,0x00,0x00,0x00,0x00,0x00,0x00,0x00,0x00,0x00,0x00,0x00,0x00,0x00,0x00,0x00,0x00,0x00,0x00,0x00,0x00,0x00,0x00,0x00,0x00,0x00,0x00,0x00,0x00,0x00,
    0x00,0x00,0x00,0x00,0x00,0x00,0x80,0x01,0x00,0x01,0x80,0x00,0x00,0x00,0x00,0x00,0x20,0x80,0xe0,0x40,0xe0,0x40,0xe0,0x40,0xe0,0x40,0xc0,0xc1,0xc1,0x41,0xe1,0xc1,
    0xa1,0x41,0xa1,0xc1,0xa7,0x01,0xa3,0x01,0x23,0x41,0xe3,0x41,0xe3,0x51,0xe3,0xd1,0xf3,0x51,0xf9,0xd1,0xb3,0x71,0xfb,0xd1,0xf3,0x71,0xfb,0xd1,0xf3,0x71,0xe2,0xc1,
    0xe3,0x41,0xeb,0xd5,0xfb,0x57,0xff,0xdd,0xbf,0x17,0xbf,0x15,0xbf,0x37,0xbf,0x5d,0xff,0x77,0xff,0xdd,0xff,0x77,0xff,0xdd,0xff,0x75,0xff,0xdd,0xfb,0x77,0xff,0xdd,
    0x00,0x00,0x00,0x00,0x00,0x00,0x00,0x00,0x00,0x00,0x00,0x00,0x00,0x00,0x00,0x00,0x00,0x00,0x00,0x00,0x00,0x00,0x00,0x00,0x00,0x00,0x00,0x00,0x00,0x00,0x01,0x10,
    0x00,0x00,0x00,0x00,0x00,0x00,0x00,0x00,0x00,0x00,0x00,0x00,0x00,0x00,0x00,0x03,0x00,0x00,0x00,0x00,0x00,0x00,0x00,0x00,0x00,0x00,0x00,0x00,0x00,0x01,0x01,0x01,
    0x03,0x01,0x03,0x01,0x03,0x01,0x03,0x01,0x02,0x01,0x02,0x00,0x02,0x00,0x02,0x00,0x00,0x00,0x00,0x00,0x00,0x01,0x01,0x01,0x03,0x03,0x03,0x01,0x03,0x03,0x03,0x05,
    0x03,0x07,0x07,0x05,0x07,0x07,0x0f,0x05,0x0f,0x07,0x0f,0x05,0x0f,0x07,0x0f,0x0d,0x0f,0x17,0x3f,0x5d,0xfe,0x77,0xfe,0xdc,0xfc,0x75,0xfd,0xdd,0xfb,0x77,0xff,0xdd
  },
  { // 248
    0x00,0x00,0x00,0x00,0x00,0x00,0x00,0x00,0x00,0x00,0x00,0x00,0x00,0x00,0x00,0x00,0x00,0x00,0x00,0x00,0x00,0x00,0x00,0x00,0x00,0x00,0x00,0x00,0x40,0x00,0x00,0x00,
    0x00,0x00,0x00,0x10,0x00,0x00,0x00,0x00,0x00,0x00,0x00,0x00,0x00,0x00,0x00,0x00,0x00,0x00,0x00,0x00,0x00,0x00,0x00,0x00,0x00,0x00,0x00,0x00,0x00,0x00,0x00,0x00,
    0x00,0x00,0x00,0x00,0x00,0x00,0x00,0x00,0x00,0x00,0x80,0x00,0x00,0x00,0x00,0x00,0x00,0x00,0x00,0x00,0x20,0x00,0x28,0x10,0x38,0x10,0x38,0x58,0x38,0x50,0x38,0x58,
    0x38,0x70,0xf8,0x50,0xf8,0x70,0xf8,0xd4,0xf0,0x74,0xec,0xc4,0xee,0x44,0xee,0xcc,0xfe,0x56,0xfe,0xdc,0xbe,0x37,0xbf,0x1d,0xbf,0x37,0x7e,0x5d,0xfe,0x77,0xff,0xdd,
    0x00,0x00,0x80,0x00,0x20,0x00,0x00,0x00,0x00,0x00,0x00,0x40,0x20,0x00,0xa0,0x50,0xa0,0x10,0xa0,0x10,0x20,0x10,0xa0,0x50,0xe0,0x70,0xe1,0x40,0xe0,0x60,0xe0,0x40,
    0xe0,0x40,0xc0,0xc0,0x80,0x40,0x80,0xd0,0xb0,0x10,0xb0,0x10,0x30,0x10,0x28,0x70,0x38,0x70,0xf8,0x58,0xf8,0x70,0xf8,0xd8,0xf8,0x70,0xf8,0xd0,0xf0,0x70,0xf8,0xd0,
    0xf0,0x70,0xf0,0xc0,0xe0,0x60,0xe8,0xc0,0xe8,0x40,0xc8,0xdc,0xf8,0x54,0xfc,0xdc,0xb8,0x34,0xb8,0x1c,0x38,0x74,0xfc,0x5c,0xfc,0x74,0xfc,0xdc,0xfc,0x74,0xf8,0xd8,
    0xf8,0x70,0xf8,0xd8,0xfa,0x71,0xff,0xd5,0xff,0x77,0xff,0xc5,0xef,0x67,0xef,0xdd,0xff,0x77,0xff,0xdd,0xff,0x77,0xff,0xdd,0xff,0x77,0xff,0xdd,0xff,0x77,0xff,0xdd,
    0x00,0x00,0x00,0x00,0x00,0x00,0x00,0x00,0x00,0x00,0x00,0x00,0x00,0x00,0x00,0x00,0x00,0x00,0x00,0x00,0x00,0x00,0x00,0x00,0x00,0x00,0x00,0x00,0x00,0x00,0x00,0x00,
    0x00,0x00,0x00,0x00,0x00,0x00,0x80,0x00,0x00,0x01,0x80,0x00,0x00,0x00,0x00,0x00,0x20,0x80,0xe0,0x40,0xe0,0x40,0xe0,0x40,0xe1,0x40,0xc0,0xc1,0xc1,0x41,0xe1,0xc1,
    0xa1,0x41,0xa1,0xc1,0xa7,0x01,0xa3,0x01,0x23,0x41,0xe3,0x41,0xe3,0x51,0xe3,0xd1,0xb3,0x51,0xbb,0x51,0xb3,0x71,0xfa,0xd1,0xf3,0x71,0xfb,0xd1,0xf2,0x71,0xea,0xc1,
    0xe3,0x41,0xeb,0xd5,0xfb,0x57,0xff,0xdd,0xff,0x17,0xbf,0x15,0xbf,0x37,0x3f,0x5d,0xff,0x77,0xff,0xdd,0xff,0x77,0xff,0xdd,0xff,0x75,0xff,0xdd,0xfb,0x77,0xff,0xdd,
    0x00,0x00,0x00,0x00,0x00,0x00,0x00,0x00,0x00,0x00,0x00,0x00,0x00,0x00,0x00,0x00,0x00,0x00,0x00,0x00,0x00,0x00,0x00,0x00,0x00,0x00,0x00,0x00,0x00,0x00,0x01,0x10,
    0x00,0x00,0x00,0x00,0x00,0x00,0x00,0x00,0x00,0x00,0x00,0x00,0x00,0x00,0x00,0x02,0x01,0x00,0x00,0x00,0x00,0x00,0x00,0x00,0x00,0x00,0x00,0x00,0x00,0x01,0x01,0x01,
    0x01,0x01,0x03,0x01,0x03,0x01,0x03,0x01,0x02,0x01,0x02,0x00,0x02,0x01,0x02,0x00,0x00,0x00,0x00,0x00,0x00,0x01,0x01,0x01,0x03,0x03,0x03,0x01,0x03,0x03,0x03,0x05,
    0x03,0x07,0x07,0x05,0x07,0x07,0x0f,0x05,0x0f,0x07,0x0f,0x05,0x0f,0x07,0x0f,0x0d,0x0f,0x17,0x2f,0x5d,0xfe,0x77,0xfe,0xdc,0xfc,0x75,0xfd,0xdd,0xfb,0x77,0xff,0xdd
  },
  { // 249
    0x00,0x00,0x00,0x00,0x00,0x00,0x00,0x00,0x00,0x00,0x00,0x00,0x00,0x00,0x00,0x00,0x00,0x00,0x00,0x00,0x00,0x00,0x00,0x00,0x00,0x00,0x00,0x00,0x00,0x40,0x00,0x00,
    0x00,0x00,0x00,0x10,0x00,0x00,0x00,0x00,0x00,0x00,0x00,0x00,0x00,0x00,0x00,0x00,0x00,0x00,0x00,0x00,0x00,0x00,0x00,0x00,0x00,0x00,0x00,0x00,0x00,0x00,0x00,0x00,
    0x00,0x00,0x00,0x00,0x00,0x00,0x00,0x00,0x00,0x00,0x80,0x00,0x00,0x00,0x00,0x00,0x00,0x00,0x00,0x00,0x20,0x00,0x28,0x10,0x38,0x10,0x38,0x58,0x38,0x50,0x38,0x58,
    0x38,0x30,0xf8,0x50,0xf8,0x70,0xf8,0x54,0xf8,0x74,0xec,0xc4,0xee,0x44,0xce,0xcc,0xfe,0x56,0xfe,0xdc,0xbe,0x37,0xbf,0x1d,0xbf,0x37,0x7e,0x5d,0xfe,0x77,0xfe,0xdd,
    0x00,0x00,0x20,0x00,0x20,0x00,0x00,0x00,0x00,0x00,0x00,0x00,0x20,0x00,0xa0,0x50,0xa0,0x10,0xa0,0x10,0x20,0x10,0xa0,0x50,0xe0,0x70,0xe1,0x40,0xe0,0x60,0xe0,0xc0,
    0xe0,0x40,0xc0,0xc0,0x80,0x00,0x80,0xd0,0xb0,0x10,0xb0,0x10,0x20,0x10,0x28,0x50,0x28,0x70,0xf8,0x58,0xf8,0x70,0xf8,0xd8,0xf8,0x70,0xf8,0xd0,0xf0,0x70,0xf8,0xd0,
    0xf0,0x70,0xf0,0xc0,0xe0,0x60,0xe8,0xc0,0xe8,0x40,0xc8,0xdc,0xf8,0x54,0xf8,0xdc,0xb8,0x34,0xb8,0x1c,0x38,0x74,0xfc,0x5c,0xfc,0x74,0xfc,0xdc,0xfc,0x74,0xf8,0xd8,
    0xf8,0x70,0xf8,0xd8,0xfa,0x71,0xfe,0xd5,0xff,0x77,0xff,0xc5,0xef,0x67,0xef,0xdd,0xff,0x77,0xff,0xdd,0xff,0x77,0xff,0xdd,0xbf,0x77,0xff,0xfd,0xff,0x77,0xff,0xdd,
    0x00,0x00,0x00,0x00,0x00,0x00,0x00,0x00,0x00,0x00,0x00,0x00,0x00,0x00,0x00,0x00,0x00,0x00,0x00,0x00,0x00,0x00,0x00,0x00,0x00,0x00,0x00,0x00,0x00,0x00,0x00,0x00,
    0x00,0x00,0x00,0x00,0x00,0x00,0x80,0x00,0x00,0x01,0x80,0x00,0x00,0x00,0x00,0x00,0x20,0x00,0xa0,0x40,0xe0,0x40,0xe0,0x40,0xe1,0x40,0xc0,0xc1,0x81,0x41,0xe1,0xc1,
    0xa1,0x41,0xe1,0xc1,0xa7,0x01,0xa3,0x41,0x23,0x41,0xe3,0x41,0xe3,0x51,0xe3,0xd1,0xb3,0x51,0xbb,0x51,0xb3,0x71,0xfa,0xd1,0xf2,0x71,0xfa,0xd5,0xf2,0x71,0xe8,0xc1,
    0xe1,0x41,0xeb,0xd1,0xfb,0x57,0xff,0xdd,0xff,0x77,0xbf,0x15,0xbf,0x37,0x7f,0x5d,0xff,0x77,0xff,0xdd,0xff,0x77,0xff,0xdd,0xff,0x75,0xff,0xdd,0xfb,0x77,0xff,0xdd,
    0x00,0x00,0x00,0x00,0x00,0x00,0x00,0x00,0x00,0x00,0x00,0x00,0x00,0x00,0x00,0x00,0x00,0x00,0x00,0x00,0x00,0x00,0x00,0x00,0x00,0x00,0x00,0x00,0x00,0x00,0x01,0x00,
    0x10,0x00,0x00,0x00,0x00,0x00,0x00,0x00,0x00,0x00,0x00,0x00,0x00,0x00,0x00,0x02,0x01,0x00,0x00,0x00,0x00,0x00,0x00,0x00,0x00,0x00,0x00,0x00,0x00,0x01,0x01,0x01,
    0x01,0x01,0x03,0x01,0x03,0x01,0x03,0x01,0x02,0x00,0x02,0x00,0x02,0x01,0x02,0x01,0x00,0x01,0x00,0x01,0x00,0x01,0x01,0x01,0x03,0x03,0x03,0x01,0x03,0x03,0x03,0x01,
    0x03,0x07,0x07,0x05,0x07,0x07,0x07,0x05,0x0f,0x07,0x0f,0x05,0x0f,0x07,0x0f,0x05,0x0f,0x07,0x2f,0x5d,0x7f,0x77,0xfe,0xdd,0xfc,0x75,0xfd,0xdd,0xfb,0x73,0xff,0xdd
  },
  { // 250
    0x00,0x00,0x00,0x00,0x00,0x00,0x00,0x00,0x00,0x00,0x00,0x00,0x00,0x00,0x00,0x00,0x00,0x00,0x00,0x00,0x00,0x00,0x00,0x00,0x00,0x00,0x00,0x00,0x00,0x40,0x00,0x00,
    0x00,0x00,0x00,0x00,0x10,0x00,0x00,0x00,0x00,0x00,0x00,0x00,0x10,0x00,0x00,0x00,0x00,0x00,0x00,0x00,0x00,0x00,0x00,0x00,0x00,0x00,0x00,0x00,0x00,0x00,0x00,0x00,
    0x00,0x00,0x00,0x00,0x00,0x00,0x00,0x00,0x00,0x00,0x80,0x00,0x00,0x00,0x00,0x00,0x00,0x00,0x00,0x00,0x00,0x00,0x28,0x00,0x28,0x10,0x38,0x58,0x38,0x10,0x38,0x58,
    0x38,0x30,0xb8,0x50,0xf8,0x70,0xf8,0x54,0xf8,0x74,0xec,0xc4,0xec,0x44,0xce,0xcc,0xde,0x56,0xfe,0xdc,0xbe,0x37,0xbf,0x1d,0xbf,0x37,0x7e,0x5c,0x7e,0x77,0xfe,0xdd,
    0x00,0x00,0x20,0x00,0x20,0x00,0x00,0x00,0x00,0x00,0x00,0x00,0x00,0x00,0xa0,0x40,0x20,0x10,0xa0,0x10,0x20,0x10,0x20,0x50,0x60,0x70,0xe0,0x40,0xe0,0x60,0xe0,0xc0,
    0xe0,0x40,0xc0,0xc0,0x80,0x00,0xa0,0x90,0xb0,0x10,0xa0,0x10,0x20,0x10,0x28,0x40,0x28,0x70,0xf8,0x58,0xf8,0x70,0xf8,0xd8,0xf8,0x70,0xf8,0xd0,0xf0,0x70,0xf0,0xd0,
    0xf0,0x70,0xf8,0xd0,0xe0,0x60,0xe8,0xc0,0xc8,0x40,0xc8,0xd8,0xf8,0x50,0xf8,0xdc,0xb8,0x34,0xbc,0x1c,0x38,0x74,0x7c,0x5c,0xfc,0x74,0xfc,0xdc,0xfc,0x74,0xf8,0xd8,
    0xf8,0x70,0xf8,0xd0,0xfa,0x70,0xfe,0xd5,0xff,0x77,0xef,0xc5,0xef,0x47,0xef,0xcd,0xff,0x57,0xff,0xdd,0xff,0x77,0xff,0xdd,0xbf,0x77,0xff,0x7d,0xff,0x77,0xff,0xdd,
    0x00,0x00,0x00,0x00,0x00,0x00,0x00,0x00,0x00,0x00,0x00,0x00,0x00,0x00,0x00,0x00,0x00,0x00,0x00,0x00,0x00,0x00,0x00,0x00,0x00,0x00,0x00,0x00,0x00,0x00,0x00,0x00,
    0x00,0x00,0x00,0x00,0x00,0x00,0x80,0x00,0x00,0x01,0x00,0x00,0x00,0x00,0x00,0x00,0x00,0x00,0xa0,0x40,0xe0,0x40,0xe0,0x40,0xe0,0x41,0xc0,0xc1,0x80,0x41,0xe1,0xc1,
    0xa1,0x41,0xe1,0xc1,0xa3,0x45,0xa3,0x41,0x03,0x41,0xc3,0x41,0xe3,0x51,0xe3,0xd1,0xb3,0x11,0xbb,0x11,0xb2,0x71,0xf2,0x50,0xf2,0x71,0xfa,0xd5,0xfa,0x71,0xe8,0xc1,
    0xe9,0x41,0xeb,0xd1,0xfb,0x53,0xfb,0xd5,0xff,0x77,0xbf,0xd5,0xbf,0x37,0xff,0x5d,0xff,0x77,0xff,0xdd,0xff,0x77,0xff,0xdd,0xff,0x7d,0xff,0xdd,0xfb,0x77,0xff,0xdd,
    0x00,0x00,0x00,0x00,0x00,0x00,0x00,0x00,0x00,0x00,0x00,0x00,0x00,0x00,0x00,0x00,0x00,0x00,0x00,0x00,0x00,0x00,0x00,0x00,0x00,0x00,0x00,0x00,0x00,0x00,0x00,0x01,
    0x00,0x00,0x00,0x00,0x00,0x00,0x00,0x00,0x00,0x00,0x00,0x00,0x00,0x00,0x00,0x00,0x02,0x00,0x00,0x00,0x00,0x00,0x00,0x00,0x00,0x00,0x00,0x00,0x00,0x01,0x01,0x01,
    0x01,0x01,0x03,0x01,0x03,0x01,0x03,0x01,0x02,0x00,0x02,0x00,0x02,0x01,0x02,0x01,0x00,0x01,0x00,0x01,0x00,0x01,0x01,0x01,0x03,0x01,0x03,0x01,0x03,0x03,0x03,0x01,
    0x03,0x01,0x03,0x05,0x07,0x07,0x07,0x05,0x07,0x07,0x0f,0x05,0x0f,0x07,0x0f,0x05,0x0f,0x07,0x0f,0x5d,0x7f,0x57,0xfe,0xdd,0xfd,0x75,0xf9,0xdd,0xfb,0x73,0xfb,0xdd
  },
  { // 251
    0x00,0x00,0x00,0x00,0x00,0x00,0x00,0x00,0x00,0x00,0x00,0x00,0x00,0x00,0x00,0x00,0x00,0x00,0x00,0x00,0x00,0x00,0x00,0x00,0x00,0x00,0x00,0x00,0x00,0x00,0x40,0x00,
    0x00,0x00,0x00,0x00,0x20,0x00,0x00,0x00,0x00,0x00,0x00,0x00,0x00,0x20,0x00,0x00,0x00,0x00,0x00,0x00,0x00,0x00,0x00,0x00,0x00,0x00,0x00,0x00,0x00,0x00,0x00,0x00,
    0x00,0x00,0x00,0x00,0x00,0x00,0x00,0x00,0x00,0x00,0x80,0x00,0x00,0x00,0x00,0x00,0x00,0x00,0x00,0x00,0x00,0x00,0x00,0x08,0x18,0x38,0x10,0x38,0x58,0x38,0x10,0x38,
    0x10,0x38,0x30,0xf8,0x50,0xf8,0x70,0xfc,0xf4,0xec,0x64,0xec,0xc4,0xe8,0x44,0xce,0xdc,0xfe,0x56,0xfe,0xdc,0xbe,0x37,0xbf,0x1d,0x3e,0x77,0x7e,0x5e,0xfe,0x77,0xff,
    0x00,0x20,0x00,0x20,0x00,0x20,0x00,0x00,0x00,0x00,0x00,0x00,0x00,0x00,0x00,0xa0,0x10,0x20,0x10,0x20,0x10,0x20,0x30,0x20,0x40,0x60,0x60,0xe0,0x40,0xe0,0x40,0xe0,
    0xc0,0xc0,0x40,0x88,0xc0,0x80,0x10,0xa0,0x10,0xb0,0x10,0xa0,0x10,0x20,0x00,0x28,0x60,0x68,0x50,0xf8,0x58,0xf8,0x70,0xf8,0xd8,0xf8,0x70,0xf8,0xd0,0xf0,0x70,0xf0,
    0xd0,0xf0,0x70,0xe8,0xc0,0xe0,0x40,0xe8,0xc0,0xc8,0x40,0xd8,0xd8,0xb8,0x50,0xb8,0x9c,0xb8,0x34,0x3c,0x5c,0x3c,0x74,0xfc,0x5c,0xfc,0x74,0xfc,0xdc,0xfc,0x70,0xf8,
    0xd8,0xf8,0x70,0xf8,0xd2,0xfa,0x77,0xfe,0xd5,0xff,0x77,0xee,0xc5,0xef,0x47,0xef,0xdd,0xff,0x57,0xff,0xdd,0xff,0x77,0xff,0xdd,0xbf,0x77,0xff,0x7d,0xfe,0x77,0xff,
    0x00,0x00,0x00,0x00,0x00,0x00,0x00,0x00,0x00,0x00,0x00,0x00,0x00,0x00,0x00,0x00,0x00,0x00,0x00,0x00,0x00,0x00,0x00,0x00,0x00,0x00,0x00,0x00,0x00,0x00,0x00,0x00,
    0x00,0x00,0x00,0x00,0x00,0x00,0x00,0x80,0x01,0x00,0x01,0x00,0x00,0x00,0x00,0x00,0x00,0x20,0x80,0xe0,0x40,0xe0,0x40,0xe0,0xc0,0xe0,0x40,0xc0,0xc1,0xa1,0x41,0xe1,
    0xc1,0xe1,0x41,0xe1,0x41,0xa5,0x41,0x81,0x41,0x83,0x41,0xc3,0xc1,0xa3,0x51,0xf3,0xd1,0xb3,0x11,0xb3,0x11,0xb3,0x70,0xfa,0x50,0xf2,0x71,0xfa,0xd5,0xfa,0x71,0xe9,
    0xc1,0xe9,0x51,0xeb,0xd1,0xfb,0x73,0xff,0xdd,0xff,0x77,0xff,0x55,0xaf,0x77,0xef,0x5d,0xff,0x77,0xff,0xdd,0xff,0x77,0xff,0xdd,0xff,0x77,0xff,0xdd,0xff,0x77,0xff,
    0x00,0x00,0x00,0x00,0x00,0x00,0x00,0x00,0x00,0x00,0x00,0x00,0x00,0x00,0x00,0x00,0x00,0x00,0x00,0x00,0x00,0x00,0x00,0x00,0x00,0x00,0x00,0x00,0x00,0x00,0x00,0x00,
    0x00,0x08,0x00,0x00,0x00,0x00,0x00,0x00,0x00,0x00,0x00,0x00,0x00,0x00,0x00,0x00,0x02,0x01,0x00,0x00,0x00,0x00,0x00,0x00,0x00,0x00,0x00,0x00,0x00,0x00,0x01,0x01,
    0x01,0x01,0x01,0x03,0x01,0x03,0x01,0x02,0x00,0x02,0x00,0x02,0x01,0x02,0x01,0x02,0x01,0x01,0x01,0x00,0x01,0x00,0x01,0x03,0x01,0x03,0x03,0x03,0x01,0x03,0x01,0x03,
    0x01,0x03,0x01,0x03,0x05,0x07,0x07,0x07,0x05,0x07,0x07,0x0f,0x05,0x0f,0x07,0x0f,0x05,0x0f,0x07,0x2f,0x5d,0xff,0x75,0xff,0xdd,0xfd,0x71,0xf9,0xd9,0xfb,0x73,0xff
  },
  { // 252
    0x00,0x00,0x00,0x00,0x00,0x00,0x00,0x00,0x00,0x00,0x00,0x00,0x00,0x00,0x00,0x00,0x00,0x00,0x00,0x00,0x00,0x00,0x00,0x00,0x00,0x00,0x00,0x00,0x00,0x00,0x40,0x00,
    0x00,0x00,0x00,0x00,0x00,0x20,0x00,0x00,0x00,0x00,0x00,0x00,0x00,0x00,0x20,0x00,0x00,0x00,0x00,0x00,0x00,0x00,0x00,0x00,0x00,0x00,0x00,0x00,0x00,0x00,0x00,0x00,
    0x00,0x00,0x00,0x00,0x00,0x00,0x00,0x00,0x00,0x00,0x00,0x80,0x00,0x00,0x00,0x00,0x00,0x00,0x00,0x00,0x00,0x00,0x00,0x08,0x00,0x38,0x10,0x38,0x18,0x38,0x10,0x38,
    0x10,0x38,0x30,0x78,0x50,0xf8,0x70,0xfc,0xd4,0xfc,0x74,0xec,0xc4,0xe8,0x40,0xca,0xdc,0xfe,0x56,0xfe,0xdc,0xbe,0x77,0xbf,0x5d,0x3e,0x77,0x7e,0x5c,0xfe,0x77,0xff,
    0x00,0x20,0x00,0x20,0x00,0x20,0x00,0x00,0x00,0x00,0x00,0x00,0x00,0x00,0x00,0xa0,0x10,0x20,0x10,0x20,0x10,0x20,0x30,0x20,0x40,0x60,0x60,0xe0,0x40,0xe0,0x40,0xe0,
    0xc0,0xe0,0x40,0x80,0xc8,0xa0,0x00,0xa0,0x50,0xa0,0x10,0xa0,0x50,0x20,0x00,0x28,0x40,0x28,0x50,0xf8,0x58,0xf8,0x70,0xf8,0xd8,0xf8,0x70,0xf8,0x50,0xf0,0x70,0xf0,
    0xd0,0xf0,0x70,0xe8,0xc0,0xe8,0x40,0xe8,0xc0,0xc8,0x40,0xc8,0xd8,0xb8,0x10,0xb8,0xdc,0xb8,0x34,0x3c,0x5c,0x3c,0x74,0xfc,0x5c,0xfc,0x74,0xfc,0xdc,0xfc,0x74,0xf8,
    0xd8,0xf8,0x70,0xf8,0xd0,0xfa,0x74,0xfe,0xd5,0xfe,0x77,0xee,0xc5,0xef,0x47,0xef,0xdd,0xff,0x57,0xff,0xdd,0xff,0x77,0xff,0xdd,0xbf,0x77,0xfe,0x5c,0xfe,0x77,0xfe,
    0x00,0x00,0x00,0x00,0x00,0x00,0x00,0x00,0x00,0x00,0x00,0x00,0x00,0x00,0x00,0x00,0x00,0x00,0x00,0x00,0x00,0x00,0x00,0x00,0x00,0x00,0x00,0x00,0x00,0x00,0x00,0x00,
    0x00,0x00,0x00,0x00,0x00,0x00,0x00,0x80,0x00,0x01,0x00,0x00,0x00,0x00,0x00,0x00,0x00,0x80,0x00,0xe0,0x40,0xe0,0x40,0xe0,0xc0,0xe0,0x40,0xc0,0xc0,0xa0,0x41,0xe1,
    0xc1,0xe1,0x41,0xe1,0xc1,0xe5,0x41,0xc1,0x41,0x81,0x41,0x81,0xc1,0x83,0x51,0xb3,0xd1,0xb3,0x11,0xb3,0x11,0x32,0x71,0xfa,0x50,0xfa,0x70,0xfa,0xd5,0xfb,0x71,0xe9,
    0xd1,0xe9,0x51,0xfb,0xd1,0xfb,0x73,0xfb,0xd5,0xff,0x77,0xff,0x55,0xef,0x67,0xef,0x5d,0xff,0x77,0xff,0xdd,0xff,0x77,0xff,0xdd,0xff,0x77,0xff,0xdd,0xff,0x77,0xff,
    0x00,0x00,0x00,0x00,0x00,0x00,0x00,0x00,0x00,0x00,0x00,0x00,0x00,0x00,0x00,0x00,0x00,0x00,0x00,0x00,0x00,0x00,0x00,0x00,0x00,0x00,0x00,0x00,0x00,0x00,0x00,0x00,
    0x00,0x00,0x08,0x00,0x00,0x00,0x00,0x00,0x00,0x00,0x00,0x00,0x00,0x00,0x00,0x00,0x00,0x02,0x00,0x00,0x00,0x00,0x00,0x00,0x00,0x00,0x00,0x00,0x00,0x00,0x01,0x01,
    0x01,0x01,0x01,0x03,0x01,0x03,0x01,0x02,0x00,0x02,0x00,0x02,0x01,0x03,0x01,0x03,0x01,0x03,0x01,0x00,0x01,0x02,0x01,0x02,0x01,0x03,0x01,0x03,0x01,0x03,0x01,0x03,
    0x01,0x03,0x01,0x03,0x05,0x03,0x07,0x07,0x05,0x07,0x07,0x0f,0x05,0x07,0x07,0x0f,0x05,0x0f,0x07,0x0f,0x5d,0xff,0x57,0xff,0xdd,0xff,0x71,0xfb,0xd9,0xfb,0x73,0xff
  },
  { // 253
    0x00,0x00,0x00,0x00,0x00,0x00,0x00,0x00,0x00,0x00,0x00,0x00,0x00,0x00,0x00,0x00,0x00,0x00,0x00,0x00,0x00,0x00,0x00,0x00,0x00,0x00,0x00,0x00,0x00,0x00,0x00,0x00,
    0x00,0x00,0x00,0x00,0x00,0x00,0x20,0x00,0x00,0x00,0x00,0x00,0x00,0x00,0x00,0x00,0x00,0x00,0x00,0x00,0x00,0x00,0x00,0x00,0x00,0x00,0x00,0x00,0x00,0x00,0x00,0x00,
    0x00,0x00,0x00,0x00,0x00,0x00,0x00,0x00,0x00,0x00,0x00,0x80,0x00,0x00,0x00,0x00,0x00,0x00,0x00,0x00,0x00,0x00,0x08,0x00,0x08,0x18,0x38,0x10,0x38,0x18,0x38,0x30,
    0x38,0x10,0x38,0x70,0x78,0x50,0xf8,0x74,0xfc,0xfc,0xf8,0x74,0xe8,0xcc,0xe8,0x50,0xda,0xdc,0xbe,0x56,0xfe,0xdc,0xbe,0x77,0xff,0x5d,0x7e,0x77,0x7e,0x5d,0xff,0x77,
    0x00,0x00,0x20,0x00,0x20,0x40,0x00,0x00,0x00,0x00,0x00,0x00,0x00,0x00,0x00,0x00,0x20,0x10,0x20,0x10,0x20,0x00,0x20,0x20,0x60,0x40,0x60,0x60,0xe0,0x41,0xe0,0x40,
    0xe0,0xc0,0xa0,0x00,0x80,0x00,0xa0,0x00,0xa0,0x40,0xa0,0x40,0xa0,0x40,0x20,0x00,0x28,0x40,0xa8,0x50,0xf8,0xd8,0xf8,0x70,0xf8,0xd8,0xf8,0x70,0xf8,0x50,0xf0,0x70,
    0xf8,0xd0,0xf8,0x70,0xe8,0xc0,0xe8,0x40,0xc8,0xc0,0xc8,0x50,0xb8,0xd8,0xb8,0x34,0xbc,0x5c,0xbc,0x34,0x3c,0x5c,0x7c,0x74,0xfc,0xdc,0xfc,0x74,0xfc,0xdc,0xf8,0x70,
    0xf8,0xd8,0xf8,0x70,0xfa,0xd2,0xfa,0x76,0xfe,0xd5,0xfe,0x77,0xee,0xcd,0xef,0x47,0xcf,0xdd,0xff,0x57,0xff,0xdd,0xbf,0x77,0xbf,0x5d,0x3f,0x77,0xfe,0x5c,0xfe,0x77,
    0x00,0x00,0x00,0x00,0x00,0x00,0x00,0x00,0x00,0x00,0x00,0x00,0x00,0x00,0x00,0x00,0x00,0x00,0x00,0x00,0x00,0x00,0x00,0x00,0x00,0x00,0x00,0x00,0x00,0x00,0x00,0x00,
    0x00,0x00,0x00,0x00,0x00,0x00,0x00,0x00,0x80,0x01,0x00,0x00,0x00,0x00,0x00,0x00,0x00,0x00,0x80,0x00,0xe0,0x40,0xe0,0x40,0xe0,0xc0,0xa1,0x40,0xa0,0xc0,0xa0,0x41,
    0xe0,0xc1,0xe1,0x41,0xe1,0xc1,0xe5,0x41,0xc1,0x41,0x81,0x01,0x83,0xc1,0xa3,0x11,0xb3,0x11,0xb3,0x31,0xb2,0x50,0x33,0x70,0xfa,0x50,0xfa,0x70,0xfa,0xd5,0xf9,0x71,
    0xf9,0xd1,0xf9,0x51,0xfb,0xd1,0xfb,0x73,0xff,0xdd,0xff,0x77,0xef,0x45,0xef,0x47,0xef,0xdd,0xff,0x77,0xff,0xdd,0xff,0x77,0xff,0xdd,0xff,0x77,0xff,0xdd,0xff,0x77,
    0x00,0x00,0x00,0x00,0x00,0x00,0x00,0x00,0x00,0x00,0x00,0x00,0x00,0x00,0x00,0x00,0x00,0x00,0x00,0x00,0x00,0x00,0x00,0x00,0x00,0x00,0x00,0x00,0x00,0x00,0x00,0x00,
    0x00,0x00,0x00,0x00,0x00,0x00,0x00,0x00,0x00,0x00,0x00,0x00,0x00,0x00,0x00,0x00,0x00,0x00,0x00,0x00,0x00,0x00,0x00,0x00,0x00,0x00,0x00,0x00,0x00,0x01,0x00,0x01,
    0x01,0x01,0x01,0x01,0x03,0x01,0x03,0x01,0x02,0x00,0x02,0x01,0x02,0x01,0x03,0x01,0x03,0x01,0x03,0x01,0x02,0x00,0x02,0x00,0x02,0x00,0x02,0x01,0x03,0x01,0x03,0x01,
    0x03,0x01,0x03,0x01,0x03,0x01,0x03,0x07,0x07,0x05,0x07,0x07,0x0f,0x05,0x07,0x07,0x0f,0x0d,0x0f,0x07,0x2f,0x5d,0xff,0x55,0xff,0xdd,0xfb,0x71,0xfb,0xd9,0xfb,0x77
  },
  { // 254
    0x00,0x00,0x00,0x00,0x00,0x00,0x00,0x00,0x00,0x00,0x00,0x00,0x00,0x00,0x00,0x00,0x00,0x00,0x00,0x00,0x00,0x00,0x00,0x00,0x00,0x00,0x00,0x00,0x00,0x00,0x00,0x00,
    0x00,0x00,0x00,0x00,0x00,0x00,0x20,0x00,0x00,0x00,0x00,0x00,0x00,0x00,0x00,0x00,0x00,0x00,0x00,0x00,0x00,0x00,0x00,0x00,0x00,0x00,0x00,0x00,0x00,0x00,0x00,0x00,
    0x00,0x00,0x00,0x00,0x00,0x00,0x00,0x00,0x00,0x00,0x00,0x00,0x80,0x00,0x00,0x00,0x00,0x00,0x00,0x00,0x00,0x00,0x00,0x00,0x08,0x10,0x18,0x10,0x38,0x18,0x38,0x30,
    0x38,0x10,0x38,0x70,0x78,0x50,0x78,0x74,0xfc,0xfc,0xf8,0x74,0xf8,0xd8,0xf8,0x50,0xfa,0xd0,0xba,0x76,0xfe,0xdc,0xfe,0x77,0xff,0x5d,0x7f,0x77,0xfe,0x5d,0xff,0x77,
    0x00,0x00,0x20,0x00,0x20,0x40,0x00,0x00,0x00,0x00,0x00,0x00,0x00,0x00,0x00,0x00,0x20,0x10,0x20,0x10,0x20,0x00,0x20,0x00,0x60,0x40,0x60,0x60,0xe0,0x40,0xe1,0x50,
    0xe0,0xc0,0xa0,0x00,0xa0,0x00,0xa0,0x00,0xa0,0x40,0xa0,0x40,0xe0,0x40,0x20,0x00,0x88,0x40,0xa8,0x50,0xf8,0x58,0xb8,0x70,0xf8,0x50,0xb8,0x70,0xf8,0x50,0xf0,0x70,
    0xf8,0xd0,0xf8,0x70,0xe8,0xd0,0xe8,0x50,0xe8,0xc0,0x88,0x50,0xb8,0xd0,0xb8,0x74,0xfc,0x5c,0xbc,0x74,0x7c,0x5c,0x7c,0x74,0xfc,0x5c,0xfc,0x74,0xfc,0xdc,0xf8,0x70,
    0xf8,0xd8,0xf8,0x70,0xfa,0xd0,0xfa,0x74,0xfe,0xd4,0xfe,0x77,0xef,0xcd,0xef,0x45,0xcf,0xdd,0xff,0x57,0xff,0xdd,0xbf,0x77,0xff,0x5d,0x7f,0x77,0x7e,0x5c,0xfe,0x76,
    0x00,0x00,0x00,0x00,0x00,0x00,0x00,0x00,0x00,0x00,0x00,0x00,0x00,0x00,0x00,0x00,0x00,0x00,0x00,0x00,0x00,0x00,0x00,0x00,0x00,0x00,0x00,0x00,0x00,0x00,0x00,0x00,
    0x00,0x00,0x00,0x00,0x00,0x00,0x00,0x00,0x00,0x00,0x01,0x00,0x00,0x00,0x00,0x00,0x00,0x00,0x00,0x80,0x80,0x40,0xa0,0x40,0xe0,0x40,0xa0,0x41,0xa0,0x40,0xa0,0x40,
    0xe0,0xc1,0xe0,0x41,0xe1,0xc1,0xe1,0x45,0xc1,0xc1,0x81,0x01,0x81,0x81,0xa3,0x11,0xb3,0x11,0xb3,0x31,0x32,0x50,0x32,0x71,0xfa,0x50,0xfa,0x70,0xf8,0xdd,0xf9,0x71,
    0xf9,0xd1,0xf9,0x71,0xfb,0xd1,0xf3,0x73,0xff,0xd5,0xff,0x77,0xef,0xc5,0xef,0x47,0xef,0xdd,0xff,0x57,0xff,0xdd,0xff,0x77,0xff,0xdd,0xff,0x77,0xfe,0xdd,0xfe,0x77,
    0x00,0x00,0x00,0x00,0x00,0x00,0x00,0x00,0x00,0x00,0x00,0x00,0x00,0x00,0x00,0x00,0x00,0x00,0x00,0x00,0x00,0x00,0x00,0x00,0x00,0x00,0x00,0x00,0x00,0x00,0x00,0x00,
    0x00,0x00,0x00,0x00,0x00,0x00,0x00,0x00,0x00,0x00,0x00,0x00,0x00,0x00,0x00,0x00,0x00,0x00,0x00,0x00,0x00,0x00,0x00,0x00,0x00,0x00,0x00,0x00,0x00,0x00,0x00,0x01,
    0x01,0x01,0x01,0x01,0x01,0x01,0x03,0x01,0x00,0x00,0x00,0x01,0x00,0x01,0x03,0x01,0x03,0x01,0x03,0x01,0x02,0x00,0x02,0x00,0x02,0x00,0x02,0x01,0x02,0x01,0x03,0x01,
    0x03,0x01,0x03,0x01,0x03,0x01,0x03,0x03,0x07,0x05,0x07,0x07,0x07,0x05,0x07,0x07,0x0f,0x0d,0x0f,0x07,0x0f,0x5d,0xff,0x57,0xff,0xdd,0xfb,0x71,0xfb,0xd9,0xfb,0x77
  },
  { // 255
    0x00,0x00,0x00,0x00,0x00,0x00,0x00,0x00,0x00,0x00,0x00,0x00,0x00,0x00,0x00,0x00,0x00,0x00,0x00,0x00,0x00,0x00,0x00,0x00,0x00,0x00,0x00,0x00,0x00,0x00,0x00,0x00,
    0x00,0x40,0x00,0x00,0x00,0x00,0x00,0x20,0x00,0x00,0x00,0x00,0x00,0x00,0x00,0x00,0x20,0x00,0x00,0x00,0x00,0x00,0x00,0x00,0x00,0x00,0x00,0x00,0x00,0x00,0x00,0x00,
    0x00,0x00,0x00,0x00,0x00,0x00,0x00,0x00,0x00,0x00,0x00,0x00,0x00,0x80,0x00,0x00,0x00,0x00,0x00,0x00,0x00,0x00,0x00,0x08,0x00,0x08,0x10,0x38,0x10,0x38,0x18,0x38,
    0x30,0x38,0x10,0x38,0x70,0x78,0x54,0xf8,0x74,0xfc,0xfc,0xf8,0x70,0xf8,0xd0,0xf8,0x50,0xfa,0xd4,0xbe,0x76,0xfe,0xdc,0xfe,0x77,0xff,0x5d,0xff,0x77,0xff,0xdd,0xff,
    0x00,0x00,0x00,0x20,0x00,0x00,0x40,0x00,0x00,0x00,0x00,0x00,0x00,0x00,0x00,0x00,0x00,0x20,0x10,0x20,0x10,0x20,0x40,0x20,0x40,0x60,0x40,0x60,0x50,0xe0,0x50,0xe1,
    0x50,0xe0,0xd0,0xa0,0x00,0xa0,0x40,0xb0,0x40,0xe0,0x40,0xe0,0x40,0xe8,0x40,0x98,0x00,0x88,0x00,0xb8,0x10,0xb8,0x58,0xb8,0x70,0xf8,0x50,0xf8,0x70,0xf8,0x50,0xf0,
    0x70,0xf8,0xd0,0xf8,0x70,0xf8,0xd0,0xf8,0x50,0xe8,0xd0,0xb0,0x10,0xb8,0xd0,0xb8,0x74,0xfc,0x5c,0xfc,0x74,0xfc,0x5c,0x7c,0x54,0xfc,0xdc,0xfc,0x74,0xfc,0xdc,0xf8,
    0x70,0xf8,0xd8,0xfa,0x70,0xfa,0xd4,0xfe,0x74,0xfe,0xdc,0xff,0x75,0xef,0xcd,0xcf,0x57,0xdf,0xdd,0xbf,0x77,0xff,0xdd,0xff,0x77,0xff,0x5d,0x7f,0x77,0xfe,0x5c,0xfe,
    0x00,0x00,0x00,0x00,0x00,0x00,0x00,0x00,0x00,0x00,0x00,0x00,0x00,0x00,0x00,0x00,0x00,0x00,0x00,0x00,0x00,0x00,0x00,0x00,0x00,0x00,0x00,0x00,0x00,0x00,0x00,0x00,
    0x00,0x00,0x00,0x80,0x00,0x00,0x00,0x00,0x00,0x00,0x00,0x00,0x00,0x00,0x00,0x00,0x00,0x00,0x00,0x80,0x00,0x80,0x40,0xa0,0x40,0xe0,0x40,0xa0,0x02,0xa0,0x40,0xa0,
    0x40,0xe0,0xc0,0xe0,0x41,0xe1,0xc1,0xe5,0x41,0xc1,0xc1,0x81,0x01,0x81,0x91,0xb3,0x11,0xb3,0x11,0x33,0x31,0x3a,0x50,0x72,0x71,0xf8,0x50,0xf8,0x71,0xf9,0xd9,0xf9,
    0x71,0xf9,0xd1,0xf3,0x71,0xf3,0xf1,0xf3,0x77,0xff,0xdd,0xef,0x67,0xef,0xcd,0xef,0x47,0xcf,0xdd,0xff,0x57,0xff,0xdd,0xff,0x77,0xff,0xdd,0xff,0x77,0xfe,0x5c,0xfe,
    0x00,0x00,0x00,0x00,0x00,0x00,0x00,0x00,0x00,0x00,0x00,0x00,0x00,0x00,0x00,0x00,0x00,0x00,0x00,0x00,0x00,0x00,0x00,0x00,0x00,0x00,0x00,0x00,0x00,0x00,0x00,0x00,
    0x00,0x00,0x00,0x00,0x00,0x08,0x00,0x00,0x00,0x00,0x00,0x00,0x00,0x00,0x00,0x00,0x00,0x00,0x00,0x02,0x00,0x00,0x00,0x00,0x00,0x00,0x00,0x00,0x00,0x00,0x00,0x00,
    0x01,0x00,0x01,0x01,0x01,0x01,0x01,0x00,0x01,0x00,0x01,0x00,0x01,0x01,0x01,0x03,0x01,0x03,0x01,0x03,0x01,0x02,0x00,0x02,0x00,0x02,0x00,0x02,0x01,0x02,0x01,0x03,
    0x01,0x01,0x01,0x03,0x01,0x03,0x01,0x03,0x03,0x07,0x05,0x07,0x07,0x07,0x05,0x0f,0x07,0x0f,0x0d,0x0f,0x17,0xbf,0x5d,0xff,0x77,0xff,0xdd,0xfb,0x73,0xfb,0xdd,0xff
  },
  { // 256
    0x00,0x00,0x00,0x00,0x00,0x00,0x00,0x00,0x00,0x00,0x00,0x00,0x00,0x00,0x00,0x00,0x00,0x00,0x00,0x00,0x00,0x00,0x00,0x00,0x00,0x00,0x00,0x00,0x00,0x00,0x00,0x00,
    0x00,0x00,0x40,0x00,0x00,0x00,0x00,0x00,0x00,0x00,0x00,0x00,0x00,0x00,0x00,0x00,0x00,0x20,0x00,0x00,0x00,0x00,0x00,0x00,0x00,0x00,0x00,0x00,0x00,0x00,0x00,0x00,
    0x00,0x00,0x00,0x00,0x00,0x00,0x00,0x00,0x00,0x00,0x00,0x00,0x00,0x00,0x00,0x00,0x00,0x00,0x00,0x00,0x00,0x00,0x00,0x00,0x00,0x08,0x10,0x18,0x10,0x38,0x10,0x38,
    0x30,0x38,0x10,0x38,0x70,0x78,0x54,0x78,0x70,0xf8,0xfc,0xf8,0x70,0xf8,0xd0,0xfa,0x50,0xfa,0xd0,0xb2,0x76,0xfe,0xdc,0xfe,0x77,0xff,0xdd,0xff,0x57,0xff,0xdd,0xff,
    0x00,0x00,0x00,0x00,0x00,0x00,0x40,0x00,0x00,0x00,0x00,0x00,0x00,0x00,0x00,0x00,0x00,0x20,0x00,0x20,0x00,0x20,0x40,0x20,0x00,0x60,0x40,0x60,0x50,0xe0,0x50,0xf0,
    0x51,0xf0,0x50,0xa0,0x00,0xa0,0x40,0xa0,0x50,0xe0,0x40,0xe0,0x40,0xe8,0x40,0x88,0x40,0x88,0x00,0x98,0x30,0xb8,0x10,0xb8,0x30,0xf8,0x50,0x78,0x70,0xf8,0x50,0xf8,
    0x70,0xf8,0xd0,0xf8,0x70,0xf8,0xd8,0xf8,0x50,0xf8,0xd0,0xb0,0x10,0xb0,0xd0,0xb8,0x74,0xfc,0x5c,0xfc,0x74,0xec,0x5c,0xfc,0x54,0xfc,0xdc,0xfc,0x74,0xfc,0xdc,0xfe,
    0x74,0xfa,0xdc,0xfa,0x70,0xfa,0xd4,0xfe,0x74,0xfe,0xdc,0xfe,0x75,0xff,0xdd,0xff,0x57,0xdf,0xdd,0xbf,0x37,0xbf,0xdd,0xff,0x77,0xff,0x5d,0x7f,0x77,0xfe,0x5c,0xfe,
    0x00,0x00,0x00,0x00,0x00,0x00,0x00,0x00,0x00,0x00,0x00,0x00,0x00,0x00,0x00,0x00,0x00,0x00,0x00,0x00,0x00,0x00,0x00,0x00,0x00,0x00,0x00,0x00,0x00,0x00,0x00,0x00,
    0x00,0x00,0x00,0x00,0x00,0x00,0x00,0x00,0x00,0x00,0x00,0x00,0x00,0x02,0x00,0x00,0x00,0x00,0x00,0x00,0x80,0x80,0xc0,0xa0,0x00,0xa0,0x40,0xa0,0x00,0xa2,0x40,0xa0,
    0x40,0xe0,0x40,0xe0,0x41,0xe0,0xc1,0xe1,0x45,0xc1,0xc1,0x81,0x01,0x81,0x81,0xa3,0x11,0xb3,0x51,0x33,0x71,0x7a,0x50,0x6a,0x71,0xf8,0x50,0xf8,0x71,0xf9,0xd9,0xfb,
    0x71,0xfb,0xd1,0xf3,0x71,0xf3,0xd1,0xf3,0x77,0xff,0xd5,0xef,0x67,0xef,0xcd,0xef,0x47,0xcf,0xdd,0x9f,0x57,0xff,0xdd,0xff,0x77,0xff,0x5d,0xff,0x77,0xfe,0x5c,0xfe,
    0x00,0x00,0x00,0x00,0x00,0x00,0x00,0x00,0x00,0x00,0x00,0x00,0x00,0x00,0x00,0x00,0x00,0x00,0x00,0x00,0x00,0x00,0x00,0x00,0x08,0x00,0x00,0x00,0x00,0x00,0x00,0x00,
    0x00,0x00,0x00,0x00,0x00,0x00,0x08,0x00,0x00,0x00,0x00,0x00,0x00,0x00,0x00,0x00,0x00,0x00,0x00,0x00,0x02,0x00,0x00,0x00,0x00,0x00,0x00,0x00,0x00,0x00,0x00,0x00,
    0x00,0x00,0x00,0x00,0x01,0x00,0x01,0x01,0x01,0x00,0x01,0x01,0x01,0x01,0x01,0x03,0x01,0x03,0x01,0x03,0x01,0x02,0x00,0x02,0x00,0x02,0x00,0x02,0x00,0x00,0x01,0x01,
    0x01,0x01,0x01,0x03,0x01,0x03,0x01,0x03,0x03,0x07,0x05,0x07,0x07,0x07,0x05,0x07,0x07,0x0f,0x0d,0x0f,0x07,0x9f,0x5d,0xbf,0x77,0xff,0xdd,0xff,0x77,0xff,0xdd,0xfe
  },
  { // 257
    0x00,0x00,0x00,0x00,0x00,0x00,0x00,0x00,0x00,0x00,0x00,0x00,0x00,0x00,0x00,0x00,0x00,0x00,0x00,0x00,0x00,0x00,0x00,0x00,0x00,0x00,0x00,0x00,0x00,0x00,0x00,0x00,
    0x00,0x00,0x00,0x40,0x00,0x00,0x00,0x00,0x00,0x00,0x00,0x00,0x00,0x00,0x00,0x00,0x00,0x00,0x20,0x00,0x00,0x00,0x00,0x00,0x00,0x00,0x00,0x00,0x00,0x00,0x00,0x00,
    0x00,0x00,0x00,0x00,0x00,0x00,0x00,0x00,0x00,0x00,0x00,0x00,0x00,0x00,0x00,0x00,0x00,0x00,0x00,0x00,0x00,0x00,0x00,0x00,0x00,0x00,0x08,0x10,0x18,0x10,0x38,0x10,
    0x38,0x30,0x38,0x14,0x38,0x70,0x78,0x5c,0xf8,0x70,0xf8,0xf8,0xf8,0x70,0xf8,0xd0,0xf2,0x70,0xf2,0xd4,0xf6,0x76,0xee,0xdc,0xff,0x77,0xff,0xdd,0xff,0x57,0xff,0xdd,
    0x20,0x00,0x00,0x00,0x00,0x00,0x00,0x00,0x00,0x00,0x00,0x00,0x00,0x00,0x00,0x00,0x00,0x00,0x20,0x00,0x20,0x00,0x20,0x40,0x20,0x00,0x20,0x40,0x20,0x50,0xf0,0x50,
    0xf0,0x71,0xf0,0x50,0xa0,0x40,0xa0,0x40,0xa0,0x50,0xe0,0x40,0xe0,0x40,0xe8,0x40,0x88,0x40,0x88,0x10,0x98,0x30,0xb8,0x10,0x38,0x70,0xf8,0x50,0x78,0x70,0xf8,0x50,
    0xf8,0x70,0xf8,0xd8,0xf8,0x70,0xf8,0xd0,0xf8,0x70,0xf8,0xd0,0xb0,0x70,0xe0,0xd4,0xec,0x74,0xec,0xdc,0xec,0x54,0xec,0x5c,0xbc,0x54,0xfc,0xdc,0xfe,0x74,0xfe,0xdc,
    0xfe,0x74,0xfe,0xdc,0xfa,0x74,0xfc,0xd4,0xfe,0x74,0xfe,0xdd,0xff,0x75,0xff,0xdd,0xfb,0x53,0xbf,0xdd,0xbf,0x77,0xff,0xdd,0xff,0x77,0xff,0x5d,0xff,0x77,0xff,0xdd,
    0x00,0x00,0x00,0x00,0x00,0x00,0x00,0x00,0x00,0x00,0x00,0x00,0x00,0x00,0x00,0x00,0x00,0x00,0x00,0x00,0x00,0x00,0x00,0x00,0x00,0x00,0x00,0x00,0x00,0x00,0x00,0x00,
    0x00,0x00,0x00,0x00,0x00,0x00,0x00,0x00,0x00,0x00,0x00,0x00,0x00,0x00,0x02,0x00,0x00,0x00,0x00,0x00,0x00,0x00,0x80,0x00,0xa0,0x00,0xa0,0x40,0xa0,0x60,0xe2,0x40,
    0xe0,0x40,0xe0,0xc0,0xe0,0x41,0xe1,0xc1,0xe1,0x45,0x81,0x81,0x81,0x01,0x81,0x11,0xa3,0x31,0xbb,0x51,0x3b,0x71,0x6a,0x50,0x68,0x71,0xf8,0xd8,0xf9,0x71,0xfb,0xd9,
    0xfb,0x71,0xfb,0xd1,0xf3,0x71,0xf3,0xd1,0xf3,0x77,0xef,0xd5,0xef,0x67,0xef,0xcd,0xcf,0x57,0x9f,0xdd,0xbf,0x17,0xbf,0xdd,0xff,0x77,0xff,0x5d,0x7e,0x76,0xfe,0x5c,
    0x00,0x00,0x00,0x00,0x00,0x00,0x00,0x00,0x00,0x00,0x00,0x00,0x00,0x00,0x00,0x00,0x00,0x00,0x00,0x00,0x00,0x00,0x00,0x00,0x00,0x00,0x08,0x00,0x00,0x00,0x00,0x00,
    0x00,0x00,0x00,0x00,0x00,0x00,0x00,0x00,0x08,0x00,0x00,0x00,0x00,0x00,0x00,0x00,0x00,0x00,0x00,0x00,0x00,0x03,0x00,0x00,0x00,0x00,0x00,0x00,0x00,0x00,0x00,0x00,
    0x00,0x00,0x00,0x00,0x00,0x01,0x00,0x01,0x01,0x01,0x01,0x01,0x01,0x01,0x01,0x01,0x03,0x01,0x03,0x01,0x03,0x01,0x02,0x00,0x02,0x00,0x00,0x00,0x00,0x01,0x01,0x01,
    0x01,0x01,0x03,0x01,0x03,0x01,0x03,0x01,0x03,0x03,0x07,0x05,0x07,0x07,0x07,0x05,0x0f,0x07,0x0f,0x0d,0x0f,0x17,0xbf,0x5d,0xbf,0x77,0xff,0xdd,0xff,0x77,0xfe,0xdc
  },
  { // 258
    0x00,0x00,0x00,0x00,0x00,0x00,0x00,0x00,0x00,0x00,0x00,0x00,0x00,0x00,0x00,0x00,0x00,0x00,0x00,0x00,0x00,0x00,0x00,0x00,0x00,0x00,0x00,0x00,0x00,0x00,0x00,0x00,
    0x00,0x00,0x00,0x00,0x00,0x00,0x00,0x00,0x00,0x00,0x00,0x00,0x00,0x00,0x00,0x00,0x00,0x00,0x00,0x00,0x20,0x00,0x00,0x00,0x00,0x00,0x00,0x00,0x00,0x00,0x00,0x00,
    0x00,0x00,0x00,0x00,0x00,0x00,0x00,0x00,0x00,0x00,0x00,0x00,0x00,0x00,0x00,0x80,0x00,0x00,0x00,0x00,0x00,0x00,0x00,0x00,0x00,0x00,0x00,0x08,0x00,0x28,0x10,0x38,
    0x10,0x38,0x10,0x38,0x1c,0x38,0x10,0x78,0x58,0xf8,0x70,0xf8,0xd8,0xf8,0x70,0xfa,0xd0,0xf2,0x70,0xe2,0xc4,0xe6,0x66,0xee,0xdd,0xff,0x77,0xff,0xdd,0xff,0x57,0xbf,
    0x00,0x00,0x00,0x00,0x00,0x00,0x00,0x00,0x00,0x00,0x00,0x00,0x00,0x00,0x00,0x00,0x00,0x20,0x00,0x20,0x00,0x20,0x00,0x20,0x00,0x20,0x00,0x20,0x50,0x30,0x10,0xb0,
    0x50,0xb0,0x72,0xf0,0x50,0x20,0x60,0xe0,0x40,0xe0,0x50,0xe0,0x40,0xe8,0x40,0xc8,0x40,0x88,0x50,0x98,0x10,0x38,0x30,0x38,0x10,0x38,0x70,0x78,0x58,0x78,0x78,0xf8,
    0x58,0xf8,0x70,0xf8,0xd8,0xf8,0x70,0xf8,0xd0,0xf8,0x70,0xf0,0xd0,0xe0,0x60,0xe0,0xc4,0xec,0x64,0xec,0xdc,0xfc,0x54,0xdc,0xdc,0x9c,0x94,0xbe,0xdc,0xbe,0x74,0xfe,
    0xdc,0xfe,0x74,0xfe,0x5c,0xfe,0x74,0xfc,0xdc,0xfc,0x74,0xfe,0xdd,0xff,0x75,0xfb,0xdd,0xfb,0x53,0xbf,0xd5,0xbf,0x77,0xff,0xdd,0xff,0x77,0xff,0xdd,0xff,0x77,0xff,
    0x00,0x00,0x00,0x00,0x00,0x00,0x00,0x00,0x00,0x00,0x00,0x00,0x00,0x00,0x00,0x00,0x00,0x00,0x00,0x00,0x00,0x00,0x00,0x00,0x00,0x00,0x00,0x00,0x00,0x00,0x00,0x00,
    0x00,0x00,0x00,0x00,0x00,0x00,0x00,0x00,0x80,0x00,0x00,0x00,0x00,0x00,0x00,0x00,0x02,0x00,0x00,0x00,0x00,0x00,0x00,0xa0,0x00,0xa0,0x00,0xa0,0x40,0x20,0x60,0xe0,
    0x42,0xe0,0x40,0xe0,0xc0,0xe0,0x41,0xe1,0xc1,0xe5,0x41,0x81,0x81,0x81,0x01,0xa1,0x01,0xa3,0x71,0xeb,0x51,0xeb,0x71,0xea,0x50,0xf8,0x50,0xf8,0xd9,0xf9,0x71,0xfb,
    0xd9,0xfb,0x71,0xfb,0xd1,0xf2,0x71,0xe2,0xd5,0xeb,0x77,0xef,0xdd,0xef,0x57,0xef,0xdd,0xdf,0x17,0x9f,0x9d,0xbf,0x37,0xbf,0xdd,0xff,0x77,0xff,0x5d,0x7e,0x76,0xfe,
    0x00,0x00,0x00,0x00,0x00,0x00,0x00,0x00,0x00,0x00,0x00,0x00,0x00,0x00,0x00,0x00,0x00,0x00,0x00,0x00,0x00,0x00,0x00,0x00,0x00,0x00,0x00,0x08,0x00,0x00,0x00,0x00,
    0x00,0x00,0x00,0x00,0x00,0x00,0x00,0x00,0x00,0x00,0x00,0x00,0x00,0x00,0x00,0x00,0x00,0x00,0x00,0x00,0x00,0x00,0x03,0x00,0x00,0x00,0x00,0x00,0x00,0x00,0x00,0x00,
    0x00,0x00,0x00,0x00,0x00,0x00,0x01,0x00,0x01,0x01,0x01,0x01,0x01,0x01,0x01,0x01,0x01,0x03,0x01,0x03,0x01,0x02,0x00,0x02,0x00,0x00,0x00,0x00,0x00,0x00,0x01,0x01,
    0x01,0x03,0x01,0x03,0x01,0x03,0x01,0x03,0x01,0x03,0x07,0x07,0x05,0x07,0x07,0x0f,0x05,0x0f,0x07,0x0f,0x0d,0x0f,0x17,0xbf,0x5d,0xbf,0x77,0xff,0x5d,0xfe,0x76,0xfe
  },
  { // 259
    0x00,0x00,0x00,0x00,0x00,0x00,0x00,0x00,0x00,0x00,0x00,0x00,0x00,0x00,0x00,0x00,0x00,0x00,0x00,0x00,0x00,0x00,0x00,0x00,0x00,0x00,0x00,0x00,0x00,0x00,0x00,0x00,
    0x00,0x00,0x00,0x00,0x00,0x00,0x00,0x00,0x00,0x00,0x00,0x00,0x00,0x00,0x00,0x00,0x00,0x00,0x00,0x00,0x00,0x40,0x00,0x00,0x00,0x00,0x00,0x00,0x00,0x00,0x00,0x00,
    0x00,0x00,0x00,0x00,0x00,0x00,0x00,0x00,0x00,0x00,0x00,0x00,0x00,0x00,0x00,0x00,0x00,0x80,0x00,0x00,0x00,0x00,0x00,0x00,0x00,0x00,0x00,0x00,0x00,0x00,0x00,0x28,
    0x10,0x28,0x10,0x28,0x1c,0x38,0x10,0x38,0x58,0x38,0x70,0xf8,0x78,0xf8,0x70,0xfa,0xd0,0xf2,0x70,0xe6,0xc4,0xe6,0x66,0xee,0xcd,0xff,0x57,0xff,0xdd,0xff,0x57,0xbf,
    0x00,0x00,0x00,0x00,0x00,0x00,0x00,0x00,0x00,0x00,0x00,0x00,0x00,0x00,0x00,0x00,0x00,0x00,0x00,0x20,0x00,0x20,0x00,0x20,0x00,0x20,0x10,0x00,0x10,0x30,0x10,0x30,
    0x50,0x30,0x70,0x70,0x52,0x60,0x60,0x60,0x40,0x60,0x40,0xf0,0x40,0xe8,0x40,0xc8,0x50,0x88,0x10,0x88,0x50,0x38,0x10,0x38,0x30,0x38,0x70,0x78,0x5c,0x78,0x70,0xf8,
    0x58,0xf8,0x70,0xf8,0xf8,0xf8,0x70,0xf8,0xd0,0xf8,0x70,0xf0,0xd0,0xe0,0x60,0xe0,0xc4,0xec,0x44,0xec,0xdc,0xfe,0x54,0xdc,0xdc,0x9e,0x14,0xbe,0x9c,0xbe,0x34,0xfe,
    0x5c,0xfe,0x74,0xfe,0x5c,0xfe,0x74,0xfc,0xdc,0xfc,0x74,0xfc,0xdd,0xfb,0x77,0xfb,0xdd,0xfb,0x73,0xf7,0xd5,0xf7,0x77,0xff,0xdd,0xff,0x77,0xff,0xdd,0xff,0x57,0xff,
    0x00,0x00,0x00,0x00,0x00,0x00,0x00,0x00,0x00,0x00,0x00,0x00,0x00,0x00,0x00,0x00,0x00,0x00,0x00,0x00,0x00,0x00,0x00,0x00,0x00,0x00,0x00,0x00,0x00,0x00,0x00,0x00,
    0x00,0x00,0x00,0x00,0x00,0x00,0x00,0x00,0x00,0x80,0x00,0x00,0x00,0x00,0x00,0x80,0x00,0x02,0x00,0x00,0x00,0x00,0x00,0x20,0x00,0x20,0xb0,0x20,0x40,0x60,0x60,0xe0,
    0x40,0xe2,0x40,0xe0,0xc0,0xe0,0x40,0xe0,0xd1,0xe1,0x55,0xa1,0xc1,0xa1,0x01,0xa1,0x41,0xa1,0x41,0xeb,0x51,0xeb,0x51,0xe8,0x59,0xb8,0x51,0xf8,0xd9,0xfb,0x71,0xfb,
    0xdd,0xfb,0x71,0xfa,0xd4,0xfa,0x70,0xfa,0xd4,0xea,0x75,0xef,0xdd,0xff,0x77,0xff,0xdd,0xfb,0x57,0xbf,0x9d,0xbf,0x37,0xbf,0xdd,0xff,0x77,0xff,0x5d,0xff,0x77,0xfe,
    0x00,0x00,0x00,0x00,0x00,0x00,0x00,0x00,0x00,0x00,0x00,0x00,0x00,0x00,0x00,0x00,0x00,0x00,0x00,0x00,0x00,0x00,0x00,0x00,0x00,0x00,0x00,0x00,0x00,0x08,0x00,0x00,
    0x00,0x00,0x00,0x00,0x00,0x00,0x00,0x00,0x00,0x00,0x00,0x00,0x00,0x00,0x00,0x00,0x00,0x00,0x00,0x00,0x00,0x00,0x00,0x03,0x00,0x00,0x00,0x00,0x00,0x00,0x00,0x00,
    0x00,0x00,0x00,0x00,0x00,0x00,0x00,0x00,0x01,0x01,0x01,0x01,0x01,0x01,0x01,0x01,0x01,0x01,0x01,0x03,0x01,0x02,0x00,0x02,0x00,0x00,0x00,0x00,0x00,0x00,0x01,0x01,
    0x01,0x03,0x01,0x03,0x01,0x03,0x01,0x03,0x01,0x03,0x03,0x07,0x05,0x07,0x07,0x07,0x05,0x0f,0x07,0x0f,0x0d,0x0f,0x17,0xbf,0x1d,0xbf,0x77,0xff,0x5d,0xfe,0x76,0xfe
  },
  { // 260
    0x00,0x00,0x00,0x00,0x00,0x00,0x00,0x00,0x00,0x00,0x00,0x00,0x00,0x00,0x00,0x00,0x00,0x00,0x00,0x00,0x00,0x00,0x00,0x00,0x00,0x00,0x00,0x00,0x00,0x00,0x00,0x00,
    0x00,0x00,0x00,0x00,0x00,0x00,0x40,0x00,0x00,0x00,0x00,0x00,0x00,0x00,0x20,0x00,0x00,0x00,0x00,0x00,0x00,0x00,0x40,0x00,0x00,0x00,0x00,0x00,0x00,0x00,0x00,0x00,
    0x00,0x00,0x00,0x00,0x00,0x00,0x00,0x00,0x00,0x00,0x00,0x00,0x00,0x00,0x00,0x00,0x00,0x00,0x80,0x00,0x00,0x00,0x00,0x00,0x00,0x00,0x00,0x00,0x00,0x00,0x00,0x00,
    0x08,0x00,0x28,0x10,0x28,0x1c,0x38,0x10,0x38,0x18,0x38,0x30,0xb8,0x58,0xfa,0x70,0xfa,0xd4,0xf2,0x74,0xe6,0xc4,0xee,0x64,0xee,0xdd,0xff,0x57,0xff,0xdd,0xbf,0x17,
    0x00,0x00,0x00,0x00,0x00,0x00,0x00,0x00,0x00,0x00,0x00,0x00,0x00,0x00,0x00,0x00,0x00,0x00,0x00,0x00,0x00,0x00,0x00,0x00,0x08,0x00,0x00,0x10,0x08,0x10,0x30,0x10,
    0x30,0x50,0x30,0x70,0x60,0x52,0x60,0x40,0x60,0x40,0x60,0x40,0xe8,0x50,0xa8,0x50,0xa8,0x10,0xa8,0x10,0x28,0x10,0x20,0x10,0x28,0x54,0x38,0x74,0x7c,0x5c,0x78,0x70,
    0xf8,0x58,0xf8,0x70,0xf8,0xd8,0xf8,0x70,0xf8,0xd0,0xf8,0x70,0xf0,0xc0,0xe0,0x60,0xe8,0xc4,0xec,0x44,0xec,0xdc,0xfe,0x54,0x9e,0x9c,0xbe,0x14,0xbe,0x9c,0x3e,0x76,
    0xfe,0x5c,0xfe,0x74,0xfe,0xdc,0xfc,0x74,0xfc,0xdc,0xf8,0x75,0xfb,0xdd,0xfb,0x73,0xfb,0xd5,0xf3,0x77,0xe7,0xc5,0xef,0x67,0xef,0xdd,0xff,0x77,0xff,0xdd,0xff,0x57,
    0x00,0x00,0x00,0x00,0x00,0x00,0x00,0x00,0x00,0x00,0x00,0x00,0x00,0x00,0x00,0x00,0x00,0x00,0x00,0x00,0x00,0x00,0x00,0x00,0x00,0x00,0x00,0x00,0x00,0x00,0x00,0x00,
    0x00,0x00,0x00,0x00,0x00,0x00,0x00,0x00,0x00,0x00,0x00,0x80,0x00,0x00,0x00,0x00,0x80,0x00,0x00,0x02,0x00,0x00,0x00,0x00,0x20,0x00,0x20,0x70,0x60,0x50,0x60,0x60,
    0xe0,0x40,0xe0,0x42,0xe0,0xd0,0xe0,0x50,0xf0,0xd1,0xf0,0x55,0xe0,0x41,0xa0,0x01,0xa0,0x41,0xe0,0x41,0xe9,0xdd,0xe9,0x51,0xf9,0x5d,0xb9,0x11,0xb9,0x19,0xbb,0x71,
    0xfb,0xdd,0xfa,0x75,0xfe,0xd4,0xfa,0x74,0xe8,0xd4,0xf9,0x75,0xff,0xdd,0xfb,0x77,0xff,0xdd,0xfb,0x17,0xbf,0x95,0xbf,0x77,0xff,0x5d,0xff,0x77,0xff,0xdd,0xff,0x77,
    0x00,0x00,0x00,0x00,0x00,0x00,0x00,0x00,0x00,0x00,0x00,0x00,0x00,0x00,0x00,0x00,0x00,0x00,0x00,0x00,0x00,0x00,0x00,0x00,0x00,0x00,0x00,0x00,0x00,0x00,0x08,0x00,
    0x00,0x00,0x00,0x00,0x00,0x00,0x00,0x00,0x00,0x00,0x00,0x00,0x00,0x08,0x00,0x00,0x00,0x00,0x00,0x00,0x00,0x00,0x00,0x00,0x00,0x02,0x00,0x00,0x00,0x00,0x00,0x00,
    0x00,0x00,0x00,0x00,0x00,0x00,0x00,0x00,0x00,0x01,0x01,0x01,0x01,0x01,0x01,0x01,0x01,0x01,0x01,0x01,0x00,0x01,0x00,0x00,0x00,0x00,0x00,0x00,0x00,0x00,0x00,0x01,
    0x01,0x01,0x03,0x01,0x03,0x01,0x03,0x01,0x02,0x01,0x03,0x03,0x03,0x05,0x07,0x07,0x07,0x05,0x0f,0x07,0x0f,0x05,0x0f,0x17,0xbf,0x5d,0xff,0x77,0xff,0x5d,0xfe,0x76
  },
  { // 261
    0x00,0x00,0x00,0x00,0x00,0x00,0x00,0x00,0x00,0x00,0x00,0x00,0x00,0x00,0x00,0x00,0x00,0x00,0x00,0x00,0x00,0x00,0x00,0x00,0x00,0x00,0x00,0x00,0x00,0x00,0x00,0x00,
    0x00,0x00,0x00,0x00,0x00,0x00,0x00,0x00,0x00,0x00,0x00,0x00,0x00,0x00,0x00,0x00,0x00,0x00,0x00,0x00,0x00,0x00,0x00,0x00,0x40,0x00,0x00,0x00,0x00,0x00,0x00,0x00,
    0x00,0x00,0x00,0x00,0x00,0x00,0x00,0x00,0x00,0x00,0x00,0x00,0x00,0x00,0x00,0x00,0x00,0x00,0x00,0x40,0x00,0x00,0x00,0x00,0x00,0x00,0x00,0x00,0x00,0x00,0x00,0x00,
    0x00,0x08,0x00,0x08,0x10,0x18,0x18,0x18,0x10,0x38,0x18,0x38,0x30,0xb8,0x5c,0xfa,0x74,0xfe,0xd4,0xee,0x64,0xec,0xc4,0xee,0x55,0xff,0xdd,0xff,0x57,0xff,0xdd,0xbf,
    0x00,0x00,0x00,0x00,0x00,0x00,0x00,0x00,0x00,0x00,0x00,0x00,0x00,0x00,0x00,0x00,0x00,0x00,0x00,0x00,0x00,0x00,0x00,0x00,0x00,0x08,0x10,0x00,0x10,0x28,0x10,0x30,
    0x10,0x38,0x10,0x30,0x70,0x68,0x40,0x62,0x40,0x60,0x40,0x20,0x40,0x88,0x50,0x20,0x10,0xb8,0x10,0x20,0x10,0x20,0x00,0x60,0x08,0x28,0x4c,0x38,0x54,0xfc,0x5c,0xf8,
    0x50,0xf8,0x58,0xb8,0x30,0xf8,0x58,0xf8,0x70,0xf8,0xd4,0xf8,0x70,0xe8,0xc4,0xe0,0x40,0xe8,0xc4,0xe8,0x54,0xfe,0xdc,0xfe,0x14,0xbe,0x1c,0xbe,0x16,0x3e,0x9c,0x3e,
    0x76,0xfe,0x5c,0xfe,0x74,0xfe,0xdc,0xfc,0x74,0xf8,0xdc,0xf8,0x71,0xff,0xdd,0xfb,0x77,0xff,0xd5,0xf7,0x77,0xe7,0xc5,0xef,0x67,0xef,0xdd,0xff,0xd7,0xff,0xdd,0xbf,
    0x00,0x00,0x00,0x00,0x00,0x00,0x00,0x00,0x00,0x00,0x00,0x00,0x00,0x00,0x00,0x00,0x00,0x00,0x00,0x00,0x00,0x00,0x00,0x00,0x00,0x00,0x00,0x00,0x00,0x00,0x00,0x00,
    0x00,0x00,0x00,0x20,0x00,0x20,0x00,0x20,0x00,0x00,0x00,0x00,0x00,0x00,0x00,0x00,0x00,0x80,0x00,0x00,0x00,0x00,0x00,0x20,0x00,0x20,0x00,0x20,0x70,0x60,0x50,0x60,
    0x70,0xe0,0x50,0xe0,0x54,0xf0,0xd0,0xf0,0x70,0xf0,0xd0,0xf0,0x74,0xe0,0x40,0xe0,0x40,0xe0,0x40,0xe8,0x41,0xe9,0xdd,0xf9,0x51,0xb9,0x1d,0xbb,0x11,0xba,0x1d,0xba,
    0x75,0xfe,0x5c,0xfe,0x74,0xfe,0xdc,0xfc,0x74,0xf8,0xdd,0xf9,0x71,0xfb,0xdd,0xfb,0x77,0xff,0xdd,0xff,0x77,0xff,0xd5,0xef,0x77,0xff,0xdd,0xff,0x77,0xff,0xdd,0xff,
    0x00,0x00,0x00,0x00,0x00,0x00,0x00,0x00,0x00,0x00,0x00,0x00,0x00,0x00,0x00,0x00,0x00,0x00,0x00,0x00,0x00,0x00,0x00,0x00,0x00,0x00,0x00,0x00,0x00,0x00,0x00,0x00,
    0x00,0x00,0x00,0x00,0x00,0x00,0x00,0x00,0x00,0x00,0x00,0x00,0x00,0x00,0x04,0x00,0x00,0x00,0x00,0x00,0x00,0x00,0x00,0x00,0x00,0x01,0x02,0x00,0x00,0x00,0x00,0x00,
    0x00,0x00,0x00,0x00,0x00,0x00,0x00,0x00,0x00,0x00,0x01,0x01,0x01,0x00,0x01,0x00,0x01,0x00,0x00,0x00,0x01,0x00,0x01,0x00,0x01,0x00,0x00,0x00,0x01,0x00,0x01,0x01,
    0x01,0x03,0x01,0x03,0x01,0x02,0x01,0x02,0x00,0x02,0x01,0x03,0x01,0x03,0x05,0x03,0x07,0x07,0x05,0x03,0x07,0x0f,0x15,0x3f,0x17,0x3f,0x5d,0x7f,0x77,0xff,0x5d,0xfe
  },
  { // 262
    0x00,0x00,0x00,0x00,0x00,0x00,0x00,0x00,0x00,0x00,0x00,0x00,0x00,0x00,0x00,0x00,0x00,0x00,0x00,0x00,0x00,0x00,0x00,0x00,0x00,0x00,0x00,0x00,0x00,0x00,0x00,0x00,
    0x00,0x00,0x00,0x00,0x00,0x00,0x00,0x00,0x00,0x00,0x00,0x00,0x00,0x00,0x00,0x00,0x00,0x00,0x00,0x00,0x00,0x00,0x00,0x00,0x00,0x40,0x00,0x00,0x00,0x00,0x00,0x00,
    0x00,0x00,0x00,0x00,0x00,0x00,0x00,0x00,0x00,0x00,0x00,0x00,0x00,0x00,0x00,0x00,0x00,0x00,0x00,0x00,0x40,0x00,0x00,0x00,0x00,0x00,0x00,0x00,0x00,0x00,0x00,0x00,
    0x00,0x00,0x08,0x00,0x08,0x10,0x18,0x18,0x18,0x10,0x38,0x10,0x38,0x34,0xbc,0x5c,0xfe,0x74,0xfe,0xdc,0xfc,0x74,0xe8,0xdc,0xfa,0x51,0xff,0xdd,0xff,0x77,0xff,0xdd,
    0x00,0x00,0x00,0x00,0x00,0x00,0x00,0x00,0x00,0x00,0x00,0x00,0x00,0x00,0x00,0x00,0x00,0x00,0x00,0x00,0x00,0x00,0x08,0x00,0x00,0x10,0x08,0x10,0x00,0x10,0x20,0x10,
    0x20,0x10,0x28,0x10,0x28,0x30,0x28,0x50,0x2a,0x00,0x28,0x40,0x20,0x10,0x28,0x10,0x30,0x10,0x20,0x10,0x20,0x00,0x20,0x04,0x28,0x44,0x2c,0x4c,0x3c,0x54,0xbc,0x5c,
    0x38,0x10,0xb8,0x18,0x38,0x30,0x38,0x50,0xf8,0x74,0xfc,0x54,0xf8,0x74,0xe8,0xc4,0xe8,0x60,0xe8,0xc0,0xfa,0x54,0xfe,0xdc,0xbe,0x16,0xbe,0x14,0x3e,0x36,0x3e,0xdc,
    0x7e,0x76,0xfe,0x5c,0xfe,0x74,0xfe,0xdc,0xfe,0x74,0xf8,0xd8,0xfa,0x71,0xfb,0xdd,0xff,0x77,0xff,0xd5,0xef,0x67,0xef,0xc5,0xef,0x47,0xef,0xdd,0xff,0x57,0xff,0xdd,
    0x00,0x00,0x00,0x00,0x00,0x00,0x00,0x00,0x00,0x00,0x00,0x00,0x00,0x00,0x00,0x00,0x00,0x00,0x00,0x00,0x00,0x00,0x00,0x00,0x00,0x00,0x00,0x00,0x00,0x00,0x00,0x00,
    0x00,0x00,0x20,0x00,0x20,0x00,0x20,0x00,0x20,0x00,0x00,0x00,0x00,0x00,0x00,0x00,0x00,0x00,0x00,0x00,0x00,0x00,0x00,0x00,0x20,0x00,0x20,0x00,0x20,0x50,0x68,0x50,
    0x78,0x50,0xf8,0x50,0xb8,0x50,0xfc,0x50,0xf0,0x70,0xf0,0xd0,0xf0,0x78,0xe0,0x40,0xe0,0x40,0xe8,0xc0,0xe8,0x41,0xe9,0xdd,0xbb,0x15,0xbb,0x1d,0xbb,0x35,0x3e,0x1c,
    0x3e,0x74,0xfe,0x5c,0xfe,0x74,0xfe,0xdc,0xfc,0x70,0xf8,0xd9,0xf9,0x71,0xfb,0xd9,0xfb,0x77,0xff,0xd5,0xff,0x77,0xef,0xc5,0xef,0x67,0xef,0xdd,0xff,0x77,0xff,0xdd,
    0x00,0x00,0x00,0x00,0x00,0x00,0x00,0x00,0x00,0x00,0x00,0x00,0x00,0x00,0x00,0x00,0x00,0x00,0x00,0x00,0x00,0x00,0x00,0x00,0x00,0x00,0x00,0x00,0x00,0x00,0x00,0x00,
    0x00,0x00,0x00,0x00,0x00,0x00,0x00,0x00,0x00,0x00,0x00,0x00,0x00,0x00,0x00,0x00,0x04,0x00,0x00,0x00,0x00,0x00,0x00,0x00,0x00,0x00,0x01,0x02,0x00,0x00,0x00,0x00,
    0x00,0x00,0x00,0x00,0x00,0x00,0x00,0x00,0x00,0x00,0x00,0x00,0x00,0x00,0x00,0x00,0x00,0x00,0x00,0x00,0x00,0x01,0x00,0x01,0x01,0x01,0x01,0x01,0x00,0x01,0x00,0x00,
    0x00,0x01,0x02,0x01,0x02,0x00,0x02,0x00,0x00,0x00,0x00,0x01,0x01,0x01,0x03,0x01,0x03,0x03,0x03,0x05,0x03,0x07,0x2f,0x05,0x2f,0x37,0x7f,0x5d,0xff,0x77,0xff,0xdd
  },
  { // 263
    0x00,0x00,0x00,0x00,0x00,0x00,0x00,0x00,0x00,0x00,0x00,0x00,0x00,0x00,0x00,0x00,0x00,0x00,0x00,0x00,0x00,0x00,0x00,0x00,0x00,0x00,0x00,0x00,0x00,0x00,0x00,0x00,
    0x00,0x00,0x00,0x00,0x00,0x00,0x00,0x00,0x00,0x00,0x40,0x00,0x00,0x00,0x00,0x00,0x00,0x00,0x00,0x00,0x00,0x00,0x00,0x00,0x00,0x00,0x00,0x00,0x00,0x00,0x00,0x00,
    0x00,0x00,0x00,0x00,0x00,0x00,0x00,0x00,0x00,0x00,0x00,0x00,0x00,0x00,0x00,0x00,0x00,0x00,0x00,0x00,0x00,0x00,0x40,0x00,0x00,0x00,0x00,0x00,0x00,0x00,0x00,0x00,
    0x00,0x00,0x00,0x08,0x00,0x08,0x10,0x08,0x10,0x18,0x10,0x38,0x14,0x38,0x34,0xfc,0x5c,0xfe,0x74,0xfc,0xdc,0xf8,0x70,0xf8,0xd8,0xfb,0x73,0xfb,0xdd,0xff,0x77,0xff,
    0x00,0x00,0x00,0x00,0x00,0x00,0x00,0x00,0x00,0x00,0x00,0x00,0x00,0x00,0x00,0x00,0x00,0x00,0x00,0x00,0x00,0x00,0x00,0x00,0x00,0x00,0x10,0x08,0x10,0x00,0x00,0x20,
    0x00,0x20,0x00,0x28,0x10,0x28,0x10,0x28,0x10,0x38,0x14,0x28,0x10,0x20,0x10,0x20,0x10,0x20,0x10,0x20,0x00,0x20,0x00,0x28,0x04,0x08,0x04,0x4c,0x1c,0x1c,0x14,0x3c,
    0x1c,0x38,0x14,0x38,0x1c,0x38,0x30,0x38,0x54,0x7c,0x74,0xfc,0x5c,0xfc,0x74,0xf8,0xd8,0xe8,0x70,0xe8,0xd0,0xfa,0x50,0xfe,0xd4,0xbe,0x76,0xbe,0x54,0x2e,0x06,0x2e,
    0x5c,0xfe,0x76,0xfe,0xdd,0xfe,0x77,0xfe,0xdd,0xfe,0x75,0xfa,0xdc,0xfa,0x77,0xfe,0xdd,0xff,0x77,0xff,0xdd,0xef,0x65,0xef,0xcd,0xef,0x57,0xff,0xdd,0xff,0x77,0xff,
    0x00,0x00,0x00,0x00,0x00,0x00,0x00,0x00,0x00,0x00,0x00,0x00,0x00,0x00,0x00,0x00,0x00,0x00,0x00,0x00,0x00,0x00,0x00,0x00,0x00,0x00,0x00,0x00,0x00,0x00,0x00,0x00,
    0x00,0x20,0x00,0x20,0x00,0x20,0x00,0x20,0x40,0x20,0x00,0x00,0x00,0x00,0x00,0x00,0x00,0x40,0x00,0x20,0x00,0x20,0x00,0x20,0x00,0x24,0x00,0x28,0x40,0x28,0x50,0xf8,
    0x58,0x38,0x50,0xb8,0x50,0x38,0x30,0xf8,0x54,0xf0,0x70,0xf8,0x50,0xe0,0x68,0xe8,0xc0,0xe0,0x40,0xc8,0xc0,0xc8,0x51,0xfb,0xdd,0xbb,0x15,0xbf,0x1d,0x3e,0x34,0x3e,
    0x5c,0x7e,0x74,0xfe,0x5c,0xfe,0x74,0xfc,0xdc,0xf8,0x71,0xf8,0xd9,0xfb,0x71,0xfb,0xd5,0xff,0x77,0xff,0xd5,0xf7,0x67,0xef,0xc5,0xef,0x47,0xef,0xdd,0xff,0x57,0xff,
    0x00,0x00,0x00,0x00,0x00,0x00,0x00,0x00,0x00,0x00,0x00,0x00,0x00,0x00,0x00,0x00,0x00,0x00,0x00,0x00,0x00,0x00,0x00,0x00,0x00,0x00,0x00,0x00,0x00,0x00,0x00,0x00,
    0x10,0x00,0x00,0x00,0x00,0x00,0x00,0x00,0x00,0x00,0x00,0x00,0x00,0x00,0x00,0x00,0x00,0x00,0x00,0x00,0x00,0x00,0x00,0x00,0x00,0x00,0x00,0x00,0x00,0x00,0x00,0x00,
    0x00,0x00,0x00,0x00,0x00,0x00,0x00,0x00,0x00,0x00,0x00,0x00,0x00,0x00,0x00,0x00,0x00,0x00,0x00,0x00,0x00,0x00,0x01,0x00,0x01,0x01,0x01,0x01,0x01,0x00,0x00,0x00,
    0x00,0x00,0x00,0x00,0x00,0x00,0x00,0x00,0x00,0x00,0x01,0x01,0x01,0x01,0x01,0x03,0x01,0x23,0x03,0x23,0x05,0x27,0x07,0x2f,0x05,0x2f,0x77,0xff,0x5d,0xff,0x77,0xff
  },
  { // 264
    0x00,0x00,0x00,0x00,0x00,0x00,0x00,0x00,0x00,0x00,0x00,0x00,0x00,0x00,0x00,0x00,0x00,0x00,0x00,0x00,0x00,0x00,0x00,0x00,0x00,0x00,0x00,0x00,0x00,0x00,0x00,0x00,
    0x00,0x00,0x00,0x00,0x00,0x00,0x00,0x00,0x00,0x00,0x00,0x00,0x00,0x00,0x00,0x00,0x00,0x00,0x00,0x00,0x00,0x00,0x00,0x00,0x00,0x00,0x00,0x00,0x00,0x40,0x00,0x00,
    0x00,0x00,0x00,0x00,0x00,0x00,0x00,0x00,0x00,0x00,0x00,0x00,0x00,0x00,0x00,0x00,0x00,0x00,0x00,0x00,0x00,0x00,0x00,0x00,0x00,0x00,0x00,0x00,0x00,0x00,0x00,0x00,
    0x00,0x00,0x00,0x00,0x00,0x00,0x00,0x08,0x00,0x08,0x10,0x08,0x14,0x28,0x14,0xbc,0x5c,0xfc,0x74,0xfc,0xdc,0xf8,0x70,0xf8,0xd8,0xfa,0x71,0xfb,0xd5,0xff,0x77,0xff,
    0x00,0x00,0x00,0x00,0x00,0x00,0x00,0x00,0x00,0x00,0x00,0x00,0x00,0x00,0x00,0x00,0x00,0x00,0x00,0x00,0x00,0x00,0x00,0x00,0x00,0x00,0x00,0x08,0x00,0x00,0x00,0x08,
    0x00,0x00,0x00,0x08,0x00,0x28,0x10,0x38,0x10,0x38,0x10,0x3c,0x10,0x20,0x10,0x20,0x00,0x20,0x00,0x20,0x04,0x20,0x00,0x08,0x04,0x08,0x00,0x08,0x0c,0x48,0x14,0x3c,
    0x1c,0x3e,0x14,0x3e,0x1c,0x3e,0x34,0x3c,0x5c,0x7c,0x74,0x7c,0x5c,0xfc,0x74,0xf8,0x58,0xf8,0x50,0xf8,0x50,0xb2,0x70,0xfa,0xd4,0xfe,0x77,0xfe,0x54,0xee,0x46,0xee,
    0x4c,0xae,0xd7,0xff,0xdd,0xff,0x77,0xff,0xdd,0xff,0x77,0xfe,0x5c,0xfe,0x76,0xfe,0xdc,0xfe,0x77,0xff,0xdd,0xff,0x75,0xff,0xdd,0xfb,0x53,0xff,0xdd,0xff,0x77,0xff,
    0x00,0x00,0x00,0x00,0x00,0x00,0x00,0x00,0x00,0x00,0x00,0x00,0x00,0x00,0x00,0x00,0x00,0x00,0x00,0x00,0x00,0x00,0x00,0x00,0x00,0x00,0x00,0x00,0x00,0x00,0x00,0x00,
    0x00,0x20,0x00,0x20,0x00,0x20,0x00,0x20,0x00,0x20,0x00,0x00,0x00,0x00,0x00,0x00,0x00,0x20,0x00,0x20,0x00,0x20,0x00,0x20,0x00,0x00,0x00,0x08,0x00,0x08,0x10,0x38,
    0x58,0x38,0x50,0x38,0x10,0x38,0x30,0x38,0x50,0x74,0x70,0xf8,0x50,0xf8,0x70,0xe8,0xc8,0xe8,0x40,0xc8,0xc0,0x88,0x50,0xba,0xdd,0xbf,0x37,0xbe,0x1d,0x3e,0x36,0x3e,
    0x5c,0x7e,0x74,0xfe,0x5c,0xfe,0x75,0xfe,0xdd,0xff,0x71,0xf8,0xd9,0xfb,0x71,0xfb,0xd5,0xff,0x77,0xff,0xd5,0xef,0x67,0xff,0xcd,0xef,0x47,0xcf,0xdd,0xff,0x57,0xff,
    0x00,0x00,0x00,0x00,0x00,0x00,0x00,0x00,0x00,0x00,0x00,0x00,0x00,0x00,0x00,0x00,0x00,0x00,0x00,0x00,0x00,0x00,0x00,0x00,0x00,0x00,0x00,0x00,0x00,0x00,0x00,0x00,
    0x00,0x10,0x00,0x00,0x00,0x02,0x00,0x00,0x00,0x00,0x00,0x00,0x00,0x00,0x00,0x00,0x00,0x00,0x00,0x00,0x00,0x02,0x00,0x00,0x00,0x00,0x00,0x00,0x01,0x00,0x00,0x00,
    0x00,0x00,0x00,0x00,0x00,0x00,0x00,0x00,0x00,0x00,0x00,0x00,0x00,0x00,0x00,0x00,0x00,0x00,0x00,0x00,0x00,0x00,0x00,0x00,0x01,0x00,0x01,0x00,0x01,0x00,0x00,0x00,
    0x00,0x00,0x00,0x00,0x00,0x00,0x00,0x00,0x00,0x00,0x01,0x00,0x01,0x01,0x01,0x03,0x01,0x23,0x13,0x23,0x45,0x27,0x47,0x6f,0x45,0x2f,0x47,0xef,0x5d,0xff,0x77,0xff
  },
  { // 265
    0x00,0x00,0x00,0x00,0x00,0x00,0x00,0x00,0x00,0x00,0x00,0x00,0x00,0x00,0x00,0x00,0x00,0x00,0x00,0x00,0x00,0x00,0x00,0x00,0x00,0x00,0x00,0x00,0x00,0x00,0x00,0x00,
    0x00,0x00,0x00,0x00,0x00,0x00,0x00,0x00,0x00,0x00,0x00,0x00,0x00,0x00,0x00,0x00,0x00,0x00,0x00,0x00,0x00,0x00,0x00,0x00,0x00,0x00,0x00,0x00,0x00,0x00,0x00,0x40,
    0x00,0x00,0x00,0x00,0x00,0x00,0x00,0x00,0x00,0x00,0x00,0x00,0x00,0x00,0x00,0x00,0x00,0x00,0x00,0x00,0x00,0x00,0x00,0x00,0x00,0x00,0x00,0x00,0x00,0x00,0x00,0x00,
    0x00,0x00,0x00,0x00,0x00,0x00,0x00,0x00,0x00,0x00,0x00,0x00,0x0c,0x04,0x0c,0x04,0xac,0x5c,0xfc,0x54,0xfc,0xdc,0xfa,0x70,0xfa,0xd0,0xfa,0x73,0xf3,0xd5,0xff,0x77,
    0x00,0x00,0x00,0x00,0x00,0x00,0x00,0x00,0x00,0x00,0x00,0x00,0x00,0x00,0x00,0x00,0x00,0x00,0x00,0x00,0x00,0x00,0x00,0x00,0x00,0x00,0x00,0x00,0x00,0x00,0x00,0x00,
    0x08,0x00,0x08,0x00,0x08,0x00,0x08,0x10,0x18,0x10,0x38,0x10,0x38,0x14,0x20,0x00,0x20,0x00,0x20,0x00,0x28,0x04,0x28,0x00,0x08,0x04,0x08,0x00,0x08,0x04,0x1a,0x54,
    0x3e,0x1c,0x3e,0x14,0x3e,0x1c,0x3e,0x34,0x3c,0x5c,0x3c,0x74,0xfc,0x5c,0x7c,0x74,0xf8,0x58,0xb8,0x70,0xba,0x50,0xb2,0x72,0xf6,0x55,0xee,0x77,0xee,0x4d,0xef,0x47,
    0xcf,0x4d,0x8f,0x17,0xbf,0xdd,0xbf,0x77,0xbf,0x5d,0xbf,0x77,0xfe,0x5c,0x7e,0x74,0xfe,0xdc,0xfe,0x7d,0xff,0xdd,0xff,0x75,0xfb,0xd9,0xfb,0x73,0xfb,0xd5,0xff,0x77,
    0x00,0x00,0x00,0x00,0x00,0x00,0x00,0x00,0x00,0x00,0x00,0x00,0x00,0x00,0x00,0x00,0x00,0x00,0x00,0x00,0x00,0x00,0x00,0x00,0x00,0x00,0x00,0x00,0x00,0x00,0x00,0x00,
    0x00,0x00,0x00,0x00,0x00,0x00,0x20,0x00,0x28,0x00,0x20,0x10,0x00,0x00,0x20,0x00,0x20,0x00,0x20,0x00,0x20,0x00,0x20,0x00,0x08,0x00,0x08,0x00,0x08,0x00,0x18,0x10,
    0x38,0x18,0x38,0x30,0x38,0x10,0x38,0x30,0x38,0x50,0x78,0x78,0xf8,0x5c,0xf8,0x70,0xf8,0xd8,0xe8,0x50,0xe8,0xd0,0xba,0x10,0xba,0xd5,0xbe,0x77,0xfe,0x5d,0x3e,0x76,
    0x6e,0x5c,0x7e,0x54,0xfe,0xdd,0xff,0x75,0xff,0xdd,0xff,0x75,0xfa,0xd8,0xfa,0x70,0xfe,0xd5,0xff,0x77,0xff,0xdd,0xff,0x77,0xef,0xdd,0xcf,0x57,0xdf,0xdd,0xff,0x77,
    0x00,0x00,0x00,0x00,0x00,0x00,0x00,0x00,0x00,0x00,0x00,0x00,0x00,0x00,0x00,0x00,0x00,0x00,0x00,0x00,0x00,0x00,0x00,0x00,0x00,0x00,0x00,0x00,0x00,0x00,0x00,0x00,
    0x00,0x00,0x00,0x10,0x00,0x00,0x00,0x02,0x00,0x00,0x00,0x00,0x00,0x00,0x00,0x00,0x00,0x00,0x00,0x00,0x00,0x00,0x00,0x02,0x00,0x00,0x00,0x00,0x00,0x01,0x00,0x00,
    0x00,0x00,0x00,0x00,0x00,0x00,0x00,0x00,0x00,0x00,0x00,0x00,0x00,0x00,0x00,0x00,0x00,0x00,0x00,0x00,0x00,0x00,0x00,0x00,0x00,0x00,0x00,0x00,0x00,0x00,0x00,0x00,
    0x00,0x00,0x00,0x00,0x00,0x00,0x00,0x00,0x00,0x01,0x00,0x01,0x01,0x01,0x01,0x01,0x23,0x01,0x23,0x73,0x63,0x45,0x67,0x67,0x6f,0x45,0xcf,0x47,0xcf,0xdd,0xff,0x57
  },
  { // 266
    0x00,0x00,0x00,0x00,0x00,0x00,0x00,0x00,0x00,0x00,0x00,0x00,0x00,0x00,0x00,0x00,0x00,0x00,0x00,0x00,0x00,0x00,0x00,0x00,0x00,0x00,0x00,0x00,0x00,0x00,0x00,0x00,
    0x00,0x00,0x00,0x00,0x00,0x00,0x00,0x00,0x00,0x00,0x00,0x00,0x00,0x00,0x20,0x00,0x00,0x00,0x00,0x00,0x00,0x00,0x00,0x00,0x00,0x00,0x00,0x00,0x00,0x00,0x00,0x00,
    0x40,0x00,0x00,0x00,0x00,0x00,0x00,0x00,0x00,0x00,0x00,0x00,0x00,0x00,0x00,0x00,0x00,0x00,0x00,0x00,0x00,0x00,0x00,0x00,0x00,0x00,0x00,0x00,0x00,0x00,0x00,0x00,
    0x00,0x80,0x00,0x00,0x00,0x80,0x00,0x00,0x00,0x00,0x00,0x00,0x00,0x08,0x04,0x08,0x04,0xac,0xdc,0xf8,0xd4,0xfe,0xdc,0xfa,0x70,0xfa,0xd0,0xf2,0x73,0xf7,0xd5,0xff,
    0x00,0x00,0x00,0x00,0x00,0x00,0x00,0x00,0x00,0x00,0x00,0x00,0x00,0x00,0x00,0x00,0x00,0x00,0x00,0x00,0x00,0x00,0x00,0x00,0x00,0x00,0x00,0x00,0x00,0x00,0x00,0x00,
    0x00,0x08,0x00,0x08,0x00,0x08,0x00,0x08,0x10,0x08,0x10,0x18,0x10,0x08,0x00,0x00,0x00,0x00,0x00,0x00,0x00,0x08,0x04,0x08,0x00,0x08,0x00,0x08,0x00,0x0a,0x00,0x0a,
    0x14,0x7e,0x1c,0x3e,0x16,0x3e,0x1c,0x2e,0x14,0x2c,0x1c,0x3c,0x14,0x3c,0x5c,0x3a,0x70,0x3a,0x58,0x3a,0x30,0x32,0x50,0x22,0x74,0xee,0x45,0xef,0x67,0xef,0x4d,0xef,
    0x47,0x8f,0x1d,0x9f,0x17,0xbf,0x9d,0xbf,0x37,0xbf,0x5d,0x7f,0x76,0x7e,0x5c,0x7e,0x74,0xfe,0xdc,0xff,0x75,0xff,0xdd,0xfb,0x71,0xfb,0xd1,0xfb,0x73,0xf3,0xd5,0xff,
    0x00,0x00,0x00,0x00,0x00,0x00,0x00,0x00,0x00,0x00,0x00,0x00,0x00,0x00,0x00,0x00,0x00,0x00,0x00,0x00,0x00,0x00,0x00,0x00,0x00,0x00,0x00,0x00,0x00,0x00,0x00,0x00,
    0x00,0x00,0x00,0x00,0x00,0x08,0x00,0x08,0x10,0x28,0x10,0x38,0x10,0x20,0x10,0x20,0x00,0x20,0x00,0x20,0x00,0x20,0x00,0x28,0x10,0x08,0x00,0x08,0x00,0x08,0x10,0x18,
    0x10,0x38,0x1c,0x38,0x34,0x3c,0x1c,0x38,0x34,0x7c,0x54,0x78,0x74,0xfc,0x5c,0xf8,0x70,0xf8,0x58,0xf8,0x50,0xba,0x50,0xb2,0x30,0xfe,0x55,0xfe,0x77,0xee,0x5d,0xee,
    0x47,0xee,0x5d,0xbe,0x55,0xff,0xdd,0xff,0x77,0xff,0xdd,0xff,0x77,0xfe,0x5c,0xfe,0x74,0xfe,0xdc,0xfe,0x75,0xff,0xdd,0xff,0x75,0xff,0xdd,0xfb,0x57,0xff,0xdd,0xbf,
    0x00,0x00,0x00,0x00,0x00,0x00,0x00,0x00,0x00,0x00,0x00,0x00,0x00,0x00,0x00,0x00,0x00,0x00,0x00,0x00,0x00,0x00,0x00,0x00,0x00,0x00,0x00,0x00,0x00,0x00,0x00,0x00,
    0x00,0x00,0x00,0x00,0x00,0x10,0x00,0x00,0x00,0x02,0x00,0x00,0x00,0x00,0x00,0x00,0x00,0x00,0x00,0x00,0x00,0x00,0x00,0x00,0x00,0x02,0x00,0x00,0x00,0x00,0x00,0x00,
    0x00,0x00,0x00,0x00,0x00,0x00,0x00,0x00,0x00,0x00,0x00,0x00,0x00,0x00,0x00,0x00,0x00,0x00,0x00,0x00,0x00,0x00,0x00,0x00,0x00,0x00,0x00,0x00,0x00,0x00,0x00,0x00,
    0x00,0x00,0x00,0x00,0x00,0x00,0x00,0x00,0x01,0x00,0x01,0x01,0x01,0x20,0x01,0x20,0x11,0x23,0x51,0x23,0x77,0x6f,0x45,0x6f,0x47,0xef,0x4d,0xcf,0x57,0xdf,0xdd,0xbf
  },
  { // 267
    0x00,0x00,0x00,0x00,0x00,0x00,0x00,0x00,0x00,0x00,0x00,0x00,0x00,0x00,0x00,0x00,0x00,0x00,0x00,0x00,0x00,0x00,0x00,0x00,0x00,0x00,0x00,0x00,0x00,0x00,0x00,0x00,
    0x00,0x00,0x00,0x00,0x00,0x00,0x00,0x00,0x00,0x00,0x00,0x00,0x00,0x00,0x00,0x20,0x00,0x00,0x00,0x00,0x00,0x00,0x00,0x00,0x00,0x00,0x00,0x00,0x00,0x00,0x00,0x00,
    0x00,0x00,0x80,0x00,0x00,0x00,0x00,0x00,0x00,0x00,0x00,0x00,0x00,0x00,0x00,0x00,0x00,0x00,0x00,0x00,0x00,0x00,0x00,0x00,0x00,0x00,0x00,0x80,0x00,0x80,0x00,0x80,
    0x00,0x80,0x00,0x80,0x00,0x00,0x00,0x80,0x00,0x80,0x00,0x80,0x00,0x80,0x00,0x88,0x04,0x88,0x30,0xb8,0xdc,0xfa,0x74,0xfe,0xdc,0xfe,0x76,0xfe,0xd4,0xfe,0x75,0xff,
    0x00,0x00,0x00,0x00,0x00,0x00,0x00,0x00,0x00,0x00,0x00,0x00,0x00,0x00,0x00,0x00,0x00,0x00,0x00,0x00,0x00,0x00,0x00,0x00,0x00,0x00,0x00,0x00,0x00,0x00,0x00,0x08,
    0x00,0x00,0x00,0x08,0x00,0x08,0x00,0x08,0x00,0x08,0x00,0x08,0x00,0x00,0x00,0x08,0x00,0x00,0x00,0x08,0x00,0x08,0x00,0x08,0x00,0x08,0x00,0x0a,0x00,0x02,0x00,0x02,
    0x04,0x06,0x06,0x4e,0x0c,0x2e,0x14,0x0e,0x1c,0x0e,0x14,0x1c,0x1c,0x3a,0x14,0x3e,0x1c,0x3a,0x34,0x3a,0x54,0x32,0x30,0x22,0x64,0x62,0x64,0xee,0x4d,0xef,0x57,0xef,
    0xdd,0x9f,0x17,0x9f,0x1d,0xbf,0x17,0xbf,0x1d,0x3f,0x77,0xff,0x5d,0x7e,0x76,0xfe,0x5c,0xfe,0x75,0xff,0xdd,0xff,0x75,0xff,0xdd,0xfb,0x73,0xfb,0xd1,0xf3,0x77,0xe7,
    0x00,0x00,0x00,0x00,0x00,0x00,0x00,0x00,0x00,0x00,0x00,0x00,0x00,0x00,0x00,0x00,0x00,0x00,0x00,0x00,0x00,0x00,0x00,0x00,0x00,0x00,0x00,0x00,0x00,0x00,0x00,0x08,
    0x00,0x08,0x00,0x08,0x00,0x08,0x00,0x08,0x10,0x18,0x10,0x38,0x10,0x30,0x10,0x20,0x00,0x20,0x00,0x20,0x00,0x20,0x00,0x08,0x04,0x08,0x00,0x18,0x00,0x08,0x10,0x08,
    0x14,0x3a,0x14,0x3e,0x1c,0x3e,0x34,0x3e,0x5c,0x3c,0x74,0x7c,0x5c,0x78,0x74,0x78,0x5c,0x78,0x70,0xfa,0x50,0xb2,0x70,0xe2,0x50,0x62,0x67,0xee,0x45,0xef,0x47,0xef,
    0x4d,0x8f,0x17,0x9f,0x1d,0xbf,0x17,0xbf,0x5d,0xbf,0x77,0xff,0x5d,0xfe,0x76,0xfe,0x5c,0xfe,0x74,0xfe,0xdd,0xff,0x75,0xff,0xdd,0xfb,0x73,0xfb,0xd1,0xfb,0x77,0xff,
    0x00,0x00,0x00,0x00,0x00,0x00,0x00,0x00,0x00,0x00,0x00,0x00,0x00,0x00,0x00,0x00,0x00,0x00,0x00,0x00,0x00,0x00,0x00,0x00,0x00,0x00,0x00,0x00,0x00,0x00,0x00,0x00,
    0x00,0x00,0x00,0x00,0x00,0x00,0x00,0x10,0x00,0x00,0x00,0x02,0x00,0x00,0x00,0x00,0x00,0x00,0x00,0x00,0x00,0x00,0x00,0x00,0x00,0x00,0x00,0x00,0x01,0x00,0x00,0x00,
    0x00,0x00,0x00,0x00,0x00,0x00,0x00,0x00,0x00,0x00,0x00,0x00,0x00,0x00,0x00,0x00,0x00,0x00,0x00,0x00,0x00,0x00,0x00,0x00,0x00,0x00,0x00,0x00,0x00,0x00,0x00,0x00,
    0x00,0x00,0x00,0x00,0x00,0x00,0x00,0x00,0x00,0x00,0x11,0x20,0x10,0x30,0x10,0x20,0x10,0x20,0x30,0x62,0x45,0x6b,0x75,0x6f,0x5d,0xef,0x57,0xcf,0xdd,0x9f,0x17,0xbf
  },
  { // 268
    0x00,0x00,0x00,0x00,0x00,0x00,0x00,0x00,0x00,0x00,0x00,0x00,0x00,0x00,0x00,0x00,0x00,0x00,0x00,0x00,0x00,0x00,0x00,0x00,0x00,0x00,0x00,0x00,0x00,0x00,0x00,0x00,
    0x00,0x00,0x00,0x00,0x00,0x00,0x00,0x00,0x00,0x00,0x00,0x00,0x00,0x00,0x00,0x00,0x00,0x20,0x00,0x00,0x00,0x00,0x00,0x00,0x00,0x00,0x00,0x00,0x80,0x00,0x00,0x00,
    0x00,0x00,0x00,0x00,0x80,0x00,0x00,0x00,0x00,0x00,0x00,0x00,0x00,0x00,0x00,0x00,0x00,0x00,0x00,0x00,0x00,0x00,0x00,0x00,0x00,0x00,0x00,0x00,0x80,0x00,0xa0,0x00,
    0x80,0x80,0x80,0x00,0x80,0x00,0x80,0x00,0x80,0x00,0x80,0x00,0x80,0x80,0x80,0x00,0x88,0x00,0x88,0x30,0xb8,0xdc,0xfe,0x74,0xfe,0xdc,0xfe,0x74,0xfe,0xdc,0xfe,0x75,
    0x00,0x00,0x00,0x00,0x00,0x00,0x00,0x00,0x00,0x00,0x00,0x00,0x00,0x00,0x00,0x00,0x00,0x00,0x00,0x00,0x00,0x00,0x00,0x00,0x00,0x00,0x00,0x00,0x00,0x00,0x00,0x00,
    0x00,0x00,0x00,0x00,0x00,0x00,0x00,0x00,0x00,0x00,0x00,0x00,0x08,0x04,0x08,0x00,0x08,0x00,0x00,0x08,0x08,0x00,0x08,0x00,0x08,0x00,0x02,0x00,0x02,0x00,0x02,0x00,
    0x02,0x04,0x06,0x04,0x0e,0x4c,0x0e,0x04,0x0e,0x1c,0x1e,0x14,0x1e,0x1c,0x3a,0x14,0xbe,0x1c,0x3e,0x36,0x3e,0x14,0x3e,0x34,0x2c,0x44,0xe8,0x45,0xef,0xdd,0xff,0x57,
    0xff,0xdd,0xbb,0x17,0xbf,0x15,0x3f,0x17,0xbf,0xdd,0x3f,0x77,0xff,0x5d,0xff,0x77,0xfe,0x5d,0xff,0x75,0xff,0xdd,0xff,0x77,0xff,0xdd,0xff,0x77,0xff,0xd5,0xf7,0x77,
    0x00,0x00,0x00,0x00,0x00,0x00,0x00,0x00,0x00,0x00,0x00,0x00,0x00,0x00,0x00,0x00,0x00,0x00,0x00,0x00,0x00,0x00,0x00,0x00,0x00,0x00,0x00,0x00,0x00,0x00,0x00,0x00,
    0x08,0x00,0x08,0x00,0x08,0x00,0x08,0x10,0x08,0x10,0x18,0x10,0x38,0x10,0x30,0x10,0x20,0x00,0x20,0x00,0x00,0x00,0x08,0x00,0x08,0x00,0x08,0x10,0x0a,0x10,0x02,0x10,
    0x0a,0x14,0x2e,0x14,0x3e,0x1c,0x3e,0x14,0x3e,0x1c,0x3c,0x14,0x3c,0x1c,0x38,0x30,0x38,0x5c,0x3a,0x70,0x7a,0x50,0x72,0x70,0x62,0x44,0x66,0x65,0xee,0x4d,0xef,0x57,
    0xef,0x5d,0x9f,0x17,0x9f,0x1d,0x3f,0x17,0xbf,0x1d,0x3f,0x77,0xff,0x5d,0x7e,0x76,0xfe,0x5c,0xfc,0x74,0xfc,0xdd,0xff,0x75,0xff,0xdd,0xfb,0x73,0xfb,0xd5,0xf3,0x77,
    0x00,0x00,0x00,0x00,0x00,0x00,0x00,0x00,0x00,0x00,0x00,0x00,0x00,0x00,0x00,0x00,0x00,0x00,0x00,0x00,0x00,0x00,0x00,0x00,0x00,0x00,0x00,0x00,0x00,0x00,0x00,0x00,
    0x00,0x00,0x00,0x00,0x00,0x00,0x00,0x00,0x00,0x08,0x00,0x00,0x00,0x00,0x01,0x00,0x00,0x00,0x00,0x00,0x00,0x00,0x00,0x00,0x00,0x00,0x00,0x00,0x00,0x00,0x01,0x00,
    0x00,0x01,0x00,0x00,0x00,0x00,0x00,0x00,0x00,0x00,0x00,0x00,0x00,0x00,0x00,0x00,0x00,0x00,0x00,0x00,0x00,0x00,0x00,0x00,0x00,0x00,0x00,0x00,0x00,0x00,0x00,0x00,
    0x00,0x00,0x00,0x00,0x00,0x00,0x00,0x00,0x00,0x10,0x10,0x10,0x38,0x10,0x38,0x30,0x38,0x10,0x20,0x70,0x68,0x55,0x7b,0x75,0x7f,0x5d,0xfb,0x57,0xfb,0xd5,0xbb,0x17
  },
  { // 269
    0x00,0x00,0x00,0x00,0x00,0x00,0x00,0x00,0x00,0x00,0x00,0x00,0x00,0x00,0x00,0x00,0x00,0x00,0x00,0x00,0x00,0x00,0x00,0x00,0x00,0x00,0x00,0x00,0x00,0x00,0x00,0x00,
    0x00,0x00,0x00,0x00,0x00,0x00,0x00,0x00,0x00,0x00,0x00,0x00,0x00,0x00,0x00,0x00,0x00,0x00,0x20,0x00,0x00,0x00,0x00,0x00,0x00,0x00,0x00,0x00,0x00,0x00,0x80,0x00,
    0x00,0x00,0x00,0x00,0x00,0x00,0x00,0x00,0x00,0x00,0x00,0x00,0x00,0x00,0x00,0x00,0x00,0x00,0x00,0x00,0x00,0x00,0x00,0x00,0x00,0x80,0x00,0x80,0x00,0x80,0x80,0xa0,
    0x00,0x80,0x80,0x80,0x00,0x80,0x00,0x80,0x00,0x80,0xc0,0x80,0x00,0x80,0x80,0x80,0x00,0x80,0x00,0xa0,0x00,0xa8,0x54,0xfe,0x74,0xfe,0xdc,0xfe,0x74,0xfe,0xdc,0xfc,
    0x00,0x00,0x00,0x00,0x00,0x00,0x00,0x00,0x00,0x00,0x00,0x00,0x00,0x00,0x00,0x00,0x00,0x00,0x00,0x00,0x00,0x00,0x00,0x00,0x00,0x00,0x00,0x00,0x00,0x00,0x00,0x00,
    0x00,0x00,0x00,0x00,0x00,0x00,0x00,0x00,0x00,0x00,0x00,0x00,0x00,0x08,0x04,0x08,0x00,0x08,0x00,0x00,0x00,0x08,0x00,0x00,0x00,0x00,0x00,0x02,0x00,0x02,0x00,0x02,
    0x00,0x02,0x04,0x06,0x04,0x0e,0x0d,0x0e,0x07,0x0e,0x1f,0x1e,0x15,0x1e,0x1c,0x1e,0x36,0x3e,0x1c,0x3e,0x16,0x3e,0x1c,0x3e,0x14,0xa8,0x1c,0xe8,0x11,0xbb,0xd9,0xbb,
    0x13,0xbb,0xd5,0xbb,0x17,0xa7,0x05,0x2f,0x07,0xaf,0x5d,0xff,0x57,0xff,0xdd,0xff,0x57,0xff,0xdd,0xbf,0x77,0xff,0xdd,0xff,0x77,0xff,0xdd,0xff,0x77,0xfe,0xd5,0xef,
    0x00,0x00,0x00,0x00,0x00,0x00,0x00,0x00,0x00,0x00,0x00,0x00,0x00,0x00,0x00,0x00,0x00,0x00,0x00,0x00,0x00,0x00,0x00,0x00,0x00,0x00,0x00,0x00,0x00,0x00,0x00,0x00,
    0x00,0x08,0x04,0x08,0x00,0x08,0x00,0x08,0x10,0x08,0x10,0x08,0x10,0x08,0x14,0x28,0x10,0x08,0x00,0x08,0x00,0x08,0x00,0x08,0x00,0x08,0x10,0x0a,0x10,0x0a,0x04,0x02,
    0x0c,0x86,0x04,0x2e,0x06,0x2e,0x1c,0x3e,0x14,0x3e,0x1c,0x3e,0x14,0x3c,0x1c,0x3a,0x30,0x3a,0x5d,0x3a,0x7e,0x7e,0x5c,0x7e,0x74,0x6e,0x44,0x6a,0x45,0xef,0x5d,0xff,
    0x57,0xff,0x5d,0xbf,0x17,0xbf,0x1d,0x3f,0x37,0x3f,0x5d,0x7f,0x77,0xff,0x5d,0xfe,0x75,0xfe,0xdc,0xfc,0x75,0xfd,0xdd,0xfb,0x77,0xff,0xdd,0xfb,0x77,0xff,0xd5,0xe7,
    0x00,0x00,0x00,0x00,0x00,0x00,0x00,0x00,0x00,0x00,0x00,0x00,0x00,0x00,0x00,0x00,0x00,0x00,0x00,0x00,0x00,0x00,0x00,0x00,0x00,0x00,0x00,0x00,0x00,0x00,0x00,0x00,
    0x00,0x00,0x00,0x00,0x00,0x00,0x00,0x00,0x00,0x00,0x00,0x08,0x00,0x00,0x00,0x00,0x00,0x00,0x00,0x00,0x00,0x00,0x00,0x00,0x00,0x00,0x00,0x00,0x00,0x00,0x00,0x00,
    0x00,0x00,0x01,0x00,0x00,0x00,0x00,0x00,0x00,0x00,0x00,0x00,0x00,0x00,0x00,0x00,0x00,0x00,0x00,0x00,0x00,0x00,0x00,0x00,0x00,0x00,0x00,0x00,0x00,0x00,0x00,0x00,
    0x00,0x00,0x00,0x00,0x00,0x00,0x00,0x00,0x00,0x08,0x10,0x38,0x10,0x38,0x14,0x38,0x34,0x38,0x14,0x28,0x70,0x78,0x5d,0x7b,0x71,0xfb,0xdd,0xfb,0x73,0xfb,0xd5,0xf7
  },
  { // 270
    0x00,0x00,0x00,0x00,0x00,0x00,0x00,0x00,0x00,0x00,0x00,0x00,0x00,0x00,0x00,0x00,0x00,0x00,0x00,0x00,0x00,0x00,0x00,0x00,0x00,0x00,0x00,0x00,0x00,0x00,0x00,0x00,
    0x00,0x00,0x00,0x00,0x00,0x00,0x00,0x00,0x00,0x00,0x00,0x00,0x00,0x00,0x00,0x00,0x00,0x00,0x00,0x00,0x20,0x00,0x00,0x00,0x00,0x00,0x00,0x00,0x00,0x00,0x00,0x00,
    0x00,0x00,0x00,0x00,0x00,0x00,0x00,0x00,0x00,0x00,0x00,0x00,0x00,0x00,0x00,0x00,0x00,0x00,0x00,0x00,0x00,0x00,0x80,0x00,0x80,0x00,0x80,0x00,0x80,0x00,0x80,0x00,
    0x80,0x20,0x80,0x80,0x80,0x00,0x80,0xc0,0x80,0x00,0x80,0xc0,0x80,0x00,0x80,0x80,0x80,0x00,0x80,0x00,0x20,0x00,0x2c,0x54,0xfe,0x74,0xfe,0xdc,0xfe,0x75,0xff,0xdd,
    0x00,0x00,0x00,0x00,0x00,0x00,0x00,0x00,0x00,0x00,0x00,0x00,0x00,0x00,0x00,0x00,0x00,0x00,0x00,0x00,0x00,0x00,0x00,0x00,0x00,0x00,0x00,0x00,0x00,0x00,0x00,0x00,
    0x00,0x00,0x00,0x00,0x00,0x00,0x00,0x00,0x00,0x00,0x00,0x00,0x00,0x00,0x00,0x04,0x00,0x00,0x08,0x00,0x00,0x00,0x00,0x08,0x00,0x00,0x02,0x00,0x02,0x00,0x02,0x04,
    0x03,0x00,0x00,0x04,0x02,0x05,0x0e,0x05,0x0f,0x0f,0x0f,0x05,0x0f,0x17,0x0e,0x14,0x0e,0x16,0x2e,0x1c,0x3e,0x14,0xbe,0x1c,0xbc,0x14,0xb8,0x19,0xb9,0x51,0xbb,0x91,
    0xbb,0x33,0xbf,0xd5,0xa7,0x07,0xa7,0x45,0xaf,0x47,0xcf,0xcd,0xff,0x57,0xff,0xdd,0xbf,0x17,0xbf,0x1d,0xbf,0x37,0xbf,0x5d,0xff,0x77,0xfe,0xdd,0xfe,0x77,0xfe,0xdd,
    0x00,0x00,0x00,0x00,0x00,0x00,0x00,0x00,0x00,0x00,0x00,0x00,0x00,0x00,0x00,0x00,0x00,0x00,0x00,0x00,0x00,0x00,0x00,0x00,0x00,0x00,0x00,0x00,0x00,0x00,0x00,0x00,
    0x00,0x00,0x08,0x04,0x08,0x10,0x08,0x00,0x08,0x00,0x08,0x04,0x08,0x04,0x0c,0x04,0x08,0x14,0x08,0x00,0x08,0x00,0x08,0x00,0x08,0x10,0x0a,0x10,0x22,0x10,0x02,0x04,
    0x02,0x04,0x0e,0x84,0x0e,0x04,0x0e,0x1c,0x1e,0x17,0x1e,0x1d,0x3e,0x14,0x3e,0x1c,0x3a,0x34,0x3e,0x1c,0x3f,0x76,0x7e,0x5c,0x7e,0x74,0x6c,0x44,0x69,0x51,0x6b,0x5d,
    0x3b,0x57,0xbf,0x5d,0x3f,0x17,0x3f,0x15,0x2f,0x17,0x3f,0x5d,0x7f,0x77,0xff,0x5d,0xff,0x77,0xff,0xdd,0xff,0x75,0xfb,0xdd,0xfb,0x77,0xff,0xdd,0xff,0x77,0xff,0xd5,
    0x00,0x00,0x00,0x00,0x00,0x00,0x00,0x00,0x00,0x00,0x00,0x00,0x00,0x00,0x00,0x00,0x00,0x00,0x00,0x00,0x00,0x00,0x00,0x00,0x00,0x00,0x00,0x00,0x00,0x00,0x00,0x00,
    0x00,0x00,0x00,0x00,0x00,0x00,0x00,0x00,0x00,0x00,0x00,0x00,0x08,0x00,0x00,0x00,0x00,0x00,0x00,0x00,0x00,0x00,0x00,0x00,0x00,0x00,0x00,0x00,0x00,0x00,0x00,0x00,
    0x00,0x00,0x00,0x00,0x01,0x00,0x00,0x00,0x00,0x00,0x00,0x00,0x00,0x00,0x00,0x00,0x00,0x00,0x00,0x00,0x00,0x00,0x00,0x00,0x00,0x00,0x00,0x00,0x00,0x00,0x00,0x00,
    0x00,0x00,0x00,0x00,0x00,0x00,0x00,0x00,0x00,0x00,0x08,0x14,0x38,0x14,0x3c,0x1c,0x3c,0x34,0x3c,0x1c,0x38,0x10,0x78,0x59,0x7b,0x71,0xfb,0xdd,0xfb,0x77,0xff,0xd5
  },
  { // 271
    0x00,0x00,0x00,0x00,0x00,0x00,0x00,0x00,0x00,0x00,0x00,0x00,0x00,0x00,0x00,0x00,0x00,0x00,0x00,0x00,0x00,0x00,0x00,0x00,0x00,0x00,0x00,0x00,0x00,0x00,0x00,0x00,
    0x00,0x00,0x00,0x00,0x00,0x00,0x00,0x00,0x00,0x00,0x00,0x00,0x00,0x00,0x00,0x00,0x00,0x00,0x00,0x00,0x00,0x00,0x00,0x00,0x00,0x00,0x00,0x00,0x00,0x00,0x00,0x00,
    0x00,0x00,0x00,0x00,0x00,0x00,0x00,0x00,0x00,0x00,0x40,0x00,0x00,0x00,0x00,0x00,0x00,0x00,0x00,0x00,0x00,0x00,0x00,0x80,0x00,0x80,0x00,0x80,0x00,0x00,0x00,0x80,
    0x00,0x80,0x40,0xd0,0xc0,0xc0,0x40,0xc0,0xc0,0x80,0x00,0x80,0xc0,0x80,0x00,0x80,0x80,0xa0,0x00,0xa0,0x00,0x20,0x60,0x6c,0x44,0xfe,0x74,0xfe,0xdd,0xff,0x75,0xff,
    0x00,0x00,0x00,0x00,0x00,0x00,0x00,0x00,0x00,0x00,0x00,0x00,0x00,0x00,0x00,0x00,0x00,0x00,0x00,0x00,0x00,0x00,0x00,0x00,0x00,0x00,0x00,0x00,0x00,0x00,0x00,0x00,
    0x00,0x00,0x00,0x00,0x00,0x00,0x00,0x00,0x00,0x00,0x00,0x00,0x00,0x00,0x00,0x00,0x00,0x00,0x00,0x00,0x00,0x00,0x00,0x00,0x00,0x08,0x00,0x00,0x00,0x02,0x00,0x00,
    0x00,0x00,0x00,0x00,0x00,0x02,0x01,0x0b,0x05,0x0b,0x0f,0x0f,0x05,0x0e,0x07,0x0e,0x04,0x0e,0x04,0x0e,0x4c,0x0e,0x14,0x9e,0x1d,0x9a,0x11,0x98,0x11,0xba,0x11,0xfb,
    0xd1,0xb3,0x77,0xff,0xd5,0xef,0x47,0xef,0xc5,0x8f,0x47,0xcf,0xcd,0x9f,0x17,0xbf,0xdd,0xbf,0x37,0xbf,0x1d,0x3f,0x37,0x7e,0x5c,0xfe,0x76,0xfe,0xdd,0xff,0x75,0xff,
    0x00,0x00,0x00,0x00,0x00,0x00,0x00,0x00,0x00,0x00,0x00,0x00,0x00,0x00,0x00,0x00,0x00,0x00,0x00,0x00,0x00,0x00,0x00,0x00,0x00,0x00,0x00,0x00,0x00,0x00,0x00,0x00,
    0x00,0x00,0x00,0x0a,0x04,0x0a,0x80,0x0a,0x04,0x02,0x04,0x0e,0x04,0x0c,0x04,0x0c,0x0c,0x08,0x14,0x08,0x18,0x08,0x10,0x08,0x10,0x00,0x10,0x02,0x00,0x22,0x06,0x06,
    0x04,0x06,0x04,0x0e,0x04,0x0e,0x45,0x0f,0x1d,0x1f,0x17,0x1f,0x1d,0x3f,0x1f,0x3e,0x1c,0x3e,0x36,0x3e,0x1c,0x3e,0x34,0x3e,0x5c,0x3c,0x75,0x78,0x59,0x39,0x11,0x3b,
    0x51,0x3b,0x77,0x3f,0x55,0x3f,0x37,0x2f,0x45,0x2f,0x07,0x6f,0x5d,0xff,0x57,0xff,0x5d,0xff,0x77,0xff,0x5d,0xbf,0x77,0xfe,0x5d,0xfe,0x77,0xff,0xdd,0xff,0x77,0xff,
    0x00,0x00,0x00,0x00,0x00,0x00,0x00,0x00,0x00,0x00,0x00,0x00,0x00,0x00,0x00,0x00,0x00,0x00,0x00,0x00,0x00,0x00,0x00,0x00,0x00,0x00,0x00,0x00,0x00,0x00,0x00,0x00,
    0x00,0x00,0x00,0x00,0x00,0x00,0x00,0x00,0x00,0x00,0x00,0x00,0x00,0x00,0x04,0x00,0x00,0x00,0x00,0x00,0x01,0x00,0x00,0x00,0x00,0x00,0x00,0x00,0x00,0x00,0x00,0x00,
    0x00,0x00,0x00,0x00,0x00,0x00,0x00,0x00,0x00,0x00,0x00,0x00,0x00,0x00,0x00,0x00,0x00,0x00,0x00,0x00,0x00,0x00,0x00,0x00,0x00,0x00,0x00,0x00,0x00,0x00,0x00,0x00,
    0x00,0x00,0x00,0x00,0x00,0x00,0x00,0x00,0x00,0x00,0x00,0x0c,0x04,0x2e,0x14,0x3e,0x1c,0x3e,0x14,0x3c,0x1c,0x38,0x31,0x38,0x59,0x7b,0x73,0xff,0xd5,0xff,0x77,0xff
  },
  { // 272
    0x00,0x00,0x00,0x00,0x00,0x00,0x00,0x00,0x00,0x00,0x00,0x00,0x00,0x00,0x00,0x00,0x00,0x00,0x00,0x00,0x00,0x00,0x00,0x00,0x00,0x00,0x00,0x00,0x00,0x00,0x00,0x00,
    0x00,0x00,0x00,0x00,0x00,0x00,0x00,0x04,0x00,0x00,0x00,0x00,0x00,0x00,0x00,0x00,0x00,0x00,0x00,0x00,0x00,0x00,0x00,0x00,0x00,0x00,0x00,0x00,0x00,0x00,0x00,0x00,
    0x00,0x00,0x00,0x00,0x00,0x00,0x00,0x00,0x00,0x00,0x00,0x00,0x00,0x40,0x00,0x00,0x00,0x00,0x00,0x00,0x80,0x00,0x00,0x00,0x80,0x00,0x00,0x00,0x00,0x00,0x00,0x00,
    0x80,0x40,0x80,0x40,0xc0,0xd0,0xc0,0x40,0xc0,0xc0,0x80,0x00,0x80,0xc0,0x80,0x40,0xe0,0xc0,0xe0,0x40,0xe0,0x40,0xe0,0x60,0xec,0x5c,0xfe,0x75,0xff,0xdd,0xff,0x77,
    0x00,0x00,0x00,0x00,0x00,0x00,0x00,0x00,0x00,0x00,0x00,0x00,0x00,0x00,0x00,0x00,0x00,0x00,0x00,0x00,0x00,0x00,0x00,0x00,0x00,0x00,0x00,0x00,0x00,0x00,0x00,0x00,
    0x00,0x00,0x00,0x00,0x00,0x00,0x00,0x00,0x00,0x00,0x00,0x00,0x00,0x00,0x00,0x00,0x00,0x00,0x00,0x00,0x00,0x00,0x00,0x00,0x00,0x00,0x00,0x08,0x00,0x00,0x00,0x00,
    0x00,0x00,0x00,0x00,0x00,0x01,0x02,0x01,0x03,0x05,0x03,0x0f,0x0f,0x05,0x0e,0x07,0x0e,0x04,0x0e,0x04,0x0e,0x0d,0xcf,0x15,0x9f,0x1d,0x9b,0x11,0xba,0x10,0xba,0x10,
    0xba,0x54,0xee,0x77,0xef,0xc5,0xef,0x47,0xef,0xcd,0x8b,0x47,0x8f,0x9d,0x9f,0x17,0xbf,0x9d,0xbf,0x37,0xbf,0x5d,0x3f,0x77,0x7e,0x5c,0xfe,0x77,0xff,0xdd,0xff,0x75,
    0x00,0x00,0x00,0x00,0x00,0x00,0x00,0x00,0x00,0x00,0x00,0x00,0x00,0x00,0x00,0x00,0x00,0x00,0x00,0x00,0x00,0x00,0x00,0x00,0x00,0x00,0x00,0x00,0x00,0x00,0x00,0x00,
    0x00,0x00,0x02,0x00,0x02,0x04,0x02,0x04,0x8e,0x04,0x0e,0x04,0x0e,0x04,0x0c,0x04,0x0c,0x0c,0x08,0x10,0x08,0x10,0x18,0x10,0x08,0x00,0x02,0x00,0x02,0x04,0x02,0x04,
    0x0e,0x04,0x0e,0x05,0x0e,0x05,0x0b,0x05,0x0f,0x5d,0x1f,0x17,0x3f,0x1d,0x3f,0x17,0x3e,0x1c,0x3e,0x14,0x3e,0x1c,0x3e,0x34,0x3e,0x1d,0x3f,0x31,0x39,0x19,0x3b,0x31,
    0x3b,0x51,0x33,0x77,0x7f,0x55,0x6f,0x67,0x6f,0x4d,0x0f,0x47,0x8f,0x5d,0x9f,0x17,0xbf,0x5d,0xbf,0x37,0xbf,0x5d,0x3f,0x77,0x7e,0x5c,0xfe,0x76,0xfe,0xdd,0xff,0x75,
    0x00,0x00,0x00,0x00,0x00,0x00,0x00,0x00,0x00,0x00,0x00,0x00,0x00,0x00,0x00,0x00,0x00,0x00,0x00,0x00,0x00,0x00,0x00,0x00,0x00,0x00,0x00,0x00,0x00,0x00,0x00,0x00,
    0x00,0x00,0x00,0x00,0x00,0x00,0x00,0x00,0x00,0x00,0x00,0x00,0x00,0x00,0x00,0x00,0x04,0x00,0x00,0x00,0x00,0x00,0x00,0x01,0x00,0x00,0x00,0x00,0x00,0x00,0x00,0x00,
    0x00,0x00,0x00,0x00,0x00,0x00,0x00,0x00,0x00,0x00,0x00,0x00,0x00,0x00,0x00,0x00,0x00,0x00,0x00,0x00,0x00,0x00,0x00,0x00,0x00,0x00,0x00,0x00,0x00,0x00,0x00,0x00,
    0x00,0x00,0x00,0x00,0x00,0x00,0x00,0x00,0x00,0x04,0x00,0x04,0x0c,0x0c,0x0e,0x14,0x3e,0x1d,0x3e,0x15,0x3e,0x1d,0x3a,0x31,0x3a,0x54,0x7a,0x77,0xff,0xdd,0xff,0x77
  },
  { // 273
    0x00,0x00,0x00,0x00,0x00,0x00,0x00,0x00,0x00,0x00,0x00,0x00,0x00,0x00,0x00,0x00,0x00,0x00,0x00,0x00,0x00,0x00,0x00,0x00,0x00,0x00,0x00,0x00,0x00,0x00,0x00,0x00,
    0x00,0x00,0x00,0x00,0x00,0x00,0x00,0x00,0x00,0x04,0x00,0x00,0x00,0x00,0x00,0x00,0x00,0x00,0x00,0x00,0x00,0x00,0x00,0x00,0x00,0x00,0x00,0x00,0x00,0x00,0x00,0x00,
    0x00,0x00,0x00,0x00,0x00,0x00,0x00,0x00,0x00,0x00,0x00,0x00,0x00,0x80,0x00,0xc0,0x00,0x80,0x00,0x00,0x00,0x80,0x00,0x00,0x00,0x00,0x00,0x00,0x00,0x00,0x00,0x00,
    0x00,0x80,0x40,0x80,0x40,0xc0,0xd0,0xc0,0x40,0xc0,0xc0,0x80,0x40,0x80,0xc0,0xe0,0x40,0xe0,0xc0,0xe0,0x40,0xe0,0xc0,0xc0,0x60,0x88,0xdc,0xbe,0x17,0xff,0xdd,0xff,
    0x00,0x00,0x00,0x00,0x00,0x00,0x00,0x00,0x00,0x00,0x00,0x00,0x00,0x00,0x00,0x00,0x00,0x00,0x00,0x00,0x00,0x00,0x00,0x00,0x00,0x00,0x00,0x00,0x00,0x00,0x00,0x00,
    0x00,0x00,0x00,0x00,0x00,0x00,0x00,0x00,0x00,0x00,0x00,0x00,0x40,0x00,0x00,0x00,0x00,0x00,0x00,0x02,0x00,0x02,0x00,0x00,0x00,0x00,0x00,0x00,0x00,0x08,0x00,0x00,
    0x00,0x00,0x00,0x00,0x00,0x00,0x02,0x02,0x01,0x02,0x05,0x02,0x07,0x8f,0x0d,0x0f,0x07,0x0e,0x15,0x0e,0x05,0x8f,0x0d,0x8f,0x57,0x9f,0x1d,0x9f,0x17,0xbe,0x14,0x3a,
    0x14,0xee,0x44,0xee,0x55,0xef,0xdd,0xef,0x55,0xeb,0xdd,0x8b,0x13,0x8b,0x95,0xbf,0x17,0xbf,0xdd,0xff,0x77,0xff,0x5d,0x7f,0x77,0xfe,0x5d,0xff,0x77,0xff,0xdd,0xff,
    0x00,0x00,0x00,0x00,0x00,0x00,0x00,0x00,0x00,0x00,0x00,0x00,0x00,0x00,0x00,0x00,0x00,0x00,0x00,0x00,0x00,0x00,0x00,0x00,0x00,0x00,0x00,0x00,0x00,0x00,0x00,0x00,
    0x00,0x00,0x00,0x02,0x00,0x02,0x04,0x02,0x06,0x0e,0x84,0x0e,0x04,0x0c,0x04,0x0a,0x04,0x0a,0x0c,0x0a,0x14,0x0a,0x14,0x0a,0x10,0x0a,0x00,0x00,0x00,0x08,0x04,0x0a,
    0x05,0x0e,0x05,0x0b,0x01,0x0b,0x01,0x0b,0x03,0x0b,0x15,0x0f,0x57,0x3f,0x1d,0x3f,0x17,0x2e,0x1c,0x2e,0x14,0x3e,0x1c,0x3e,0x15,0x3f,0x1d,0x3b,0x31,0x3b,0x11,0x3a,
    0x31,0x32,0x55,0x37,0x77,0x6f,0x5d,0x6f,0x47,0xef,0x4d,0x8f,0x07,0x8f,0x1d,0x9f,0x17,0xbf,0x1d,0xbf,0x37,0xbf,0x5d,0x7e,0x76,0x7e,0x5c,0xfe,0x74,0xfe,0xdd,0xff,
    0x00,0x00,0x00,0x00,0x00,0x00,0x00,0x00,0x00,0x00,0x00,0x00,0x00,0x00,0x00,0x00,0x00,0x00,0x00,0x00,0x00,0x00,0x00,0x00,0x00,0x00,0x00,0x00,0x00,0x00,0x00,0x00,
    0x00,0x00,0x00,0x00,0x00,0x00,0x00,0x00,0x00,0x00,0x00,0x00,0x00,0x00,0x00,0x00,0x00,0x00,0x04,0x00,0x00,0x00,0x00,0x00,0x00,0x01,0x00,0x00,0x00,0x00,0x00,0x00,
    0x00,0x00,0x00,0x00,0x00,0x00,0x00,0x01,0x01,0x00,0x00,0x00,0x00,0x00,0x08,0x00,0x00,0x00,0x00,0x00,0x00,0x00,0x00,0x00,0x00,0x00,0x00,0x00,0x00,0x00,0x00,0x00,
    0x00,0x00,0x00,0x00,0x00,0x00,0x00,0x00,0x04,0x0c,0x04,0x0c,0x04,0x0c,0x0c,0x0e,0x15,0x1e,0x1d,0x3f,0x37,0x3f,0x1d,0x3e,0x36,0x3e,0x5c,0x7e,0x74,0xfe,0xdd,0xff
  },
  { // 274
    0x00,0x00,0x00,0x00,0x00,0x00,0x00,0x00,0x00,0x00,0x00,0x00,0x00,0x00,0x00,0x00,0x00,0x00,0x00,0x00,0x00,0x00,0x00,0x00,0x00,0x00,0x00,0x00,0x00,0x00,0x00,0x00,
    0x00,0x00,0x00,0x00,0x00,0x00,0x00,0x00,0x00,0x04,0x00,0x00,0x04,0x00,0x00,0x00,0x00,0x00,0x00,0x00,0x00,0x00,0x00,0x00,0x00,0x00,0x10,0x00,0x00,0x00,0x00,0x00,
    0x00,0x00,0x00,0x00,0x00,0x00,0x00,0x00,0x00,0x00,0x00,0x80,0x00,0x80,0x00,0x80,0x00,0xc0,0x00,0x80,0x00,0x00,0x00,0x00,0x00,0x00,0x00,0x00,0x00,0x00,0x00,0x80,
    0x00,0x80,0x00,0x80,0xc0,0x80,0x40,0xc0,0xc0,0xc0,0x40,0xc0,0xc0,0xe0,0x40,0xe0,0xc0,0xe0,0x40,0xe0,0xc0,0xe0,0x40,0xc0,0xc0,0xc8,0x10,0x9e,0x9d,0xbf,0x37,0xff,
    0x00,0x00,0x00,0x00,0x00,0x00,0x00,0x00,0x00,0x00,0x00,0x00,0x00,0x00,0x00,0x00,0x00,0x00,0x00,0x00,0x00,0x00,0x00,0x00,0x00,0x00,0x00,0x00,0x00,0x00,0x00,0x00,
    0x00,0x00,0x00,0x00,0x00,0x00,0x00,0x00,0x00,0x00,0x00,0x00,0x00,0x00,0x00,0x00,0x00,0x00,0x00,0x00,0x00,0x02,0x00,0x00,0x00,0x00,0x00,0x00,0x00,0x00,0x00,0x00,
    0x00,0x00,0x00,0x00,0x00,0x02,0x00,0x02,0x02,0x02,0x00,0x82,0x05,0x86,0x05,0x8f,0x0d,0x8f,0x05,0x8f,0x15,0x0b,0x07,0x8f,0x05,0x0f,0x97,0x9e,0x1d,0x3e,0x16,0xae,
    0x5c,0xac,0x44,0xec,0xdc,0xf9,0x55,0xfb,0xdd,0xfb,0x53,0xfb,0xd1,0xb3,0x13,0xa7,0xc5,0xa7,0x77,0xef,0xdd,0xff,0x77,0xff,0xdd,0xff,0x57,0xff,0xdd,0xbf,0x77,0xff,
    0x00,0x00,0x00,0x00,0x00,0x00,0x00,0x00,0x00,0x00,0x00,0x00,0x00,0x00,0x00,0x00,0x00,0x00,0x00,0x00,0x00,0x00,0x00,0x00,0x00,0x00,0x00,0x00,0x00,0x00,0x00,0x00,
    0x00,0x00,0x00,0x00,0x00,0x02,0x00,0x02,0x04,0x0e,0x04,0x0e,0x04,0x0b,0x00,0x0e,0x04,0x0a,0x00,0x0e,0x04,0x0e,0x14,0x0e,0x04,0x0e,0x04,0x0c,0x04,0x08,0x00,0x08,
    0x04,0x08,0x11,0x0b,0x11,0x0b,0x01,0x03,0x01,0x03,0x07,0x07,0x05,0x0f,0x27,0x0f,0x0d,0x0f,0x17,0x0e,0x1d,0x1e,0x15,0x1f,0x1d,0x3f,0x37,0x3f,0x1d,0x3f,0x37,0x3e,
    0x14,0x3a,0x34,0x6e,0x54,0x6f,0x75,0x6f,0x5d,0x7f,0x57,0xff,0x5d,0x9b,0x17,0x9f,0x1d,0xbf,0x37,0xbf,0x5f,0x7f,0x77,0xff,0x5d,0x7e,0x76,0xfe,0xdd,0xff,0x75,0xff,
    0x00,0x00,0x00,0x00,0x00,0x00,0x00,0x00,0x00,0x00,0x00,0x00,0x00,0x00,0x00,0x00,0x00,0x00,0x00,0x00,0x00,0x00,0x00,0x00,0x00,0x00,0x00,0x00,0x00,0x00,0x00,0x00,
    0x00,0x00,0x00,0x00,0x00,0x00,0x00,0x00,0x00,0x00,0x00,0x00,0x00,0x00,0x00,0x00,0x00,0x00,0x00,0x00,0x00,0x02,0x00,0x00,0x00,0x00,0x00,0x01,0x00,0x00,0x00,0x00,
    0x00,0x00,0x00,0x00,0x00,0x00,0x00,0x00,0x01,0x01,0x00,0x00,0x00,0x00,0x00,0x00,0x10,0x00,0x00,0x00,0x00,0x00,0x00,0x00,0x00,0x00,0x00,0x00,0x00,0x00,0x00,0x00,
    0x00,0x00,0x00,0x00,0x00,0x00,0x00,0x00,0x04,0x08,0x04,0x0c,0x04,0x0a,0x04,0x0e,0x1d,0x1f,0x17,0x3f,0x1d,0x3f,0x37,0x3e,0x1c,0x3e,0x74,0x7e,0x5c,0xfe,0x75,0xff
  },
  { // 275
    0x00,0x00,0x00,0x00,0x00,0x00,0x00,0x00,0x00,0x00,0x00,0x00,0x00,0x00,0x00,0x00,0x00,0x00,0x00,0x00,0x00,0x00,0x00,0x00,0x00,0x00,0x00,0x00,0x00,0x00,0x00,0x00,
    0x00,0x00,0x00,0x00,0x00,0x00,0x00,0x00,0x00,0x00,0x04,0x00,0x00,0x00,0x04,0x00,0x00,0x00,0x00,0x00,0x00,0x00,0x00,0x00,0x00,0x00,0x00,0x00,0x10,0x00,0x00,0x00,
    0x00,0x00,0x00,0x00,0x00,0x00,0x00,0x00,0x00,0x00,0x00,0x00,0x80,0x00,0x80,0x00,0x80,0x00,0x80,0x20,0x80,0x00,0x00,0x00,0x00,0x00,0x00,0x00,0x80,0x00,0x80,0x00,
    0x80,0x00,0x80,0x00,0x80,0x00,0x80,0x00,0xc0,0xc0,0xc0,0x40,0xe0,0xc0,0xe0,0x40,0xe0,0xc0,0xe0,0x40,0xe0,0xc0,0xe0,0x40,0xe0,0xd0,0xf8,0x11,0xbf,0x1d,0xbf,0x37,
    0x00,0x00,0x00,0x00,0x00,0x00,0x00,0x00,0x00,0x00,0x00,0x00,0x00,0x00,0x00,0x00,0x00,0x00,0x00,0x00,0x00,0x00,0x00,0x00,0x00,0x00,0x00,0x00,0x00,0x00,0x00,0x00,
    0x00,0x00,0x00,0x00,0x00,0x00,0x00,0x00,0x00,0x00,0x00,0x00,0x00,0x00,0x00,0x00,0x00,0x00,0x00,0x00,0x00,0x00,0x00,0x00,0x00,0x00,0x00,0x00,0x00,0x00,0x00,0x00,
    0x00,0x00,0x00,0x00,0x02,0x00,0x02,0x00,0x00,0x00,0x02,0x02,0x80,0x05,0x83,0x05,0x8f,0x0d,0x8b,0x07,0x8b,0x05,0x0b,0x0f,0x0f,0x05,0x0e,0x07,0x8e,0x1c,0x2e,0x16,
    0xae,0x5c,0xac,0x54,0xf8,0xdd,0xf9,0x51,0xfb,0xd9,0xfb,0x73,0xfb,0xd5,0xe3,0x67,0xe7,0xc5,0xef,0x47,0xef,0xcd,0xff,0x57,0xff,0xdd,0x9f,0x17,0xbf,0x9d,0xbf,0x37,
    0x00,0x00,0x00,0x00,0x00,0x00,0x00,0x00,0x00,0x00,0x00,0x00,0x00,0x00,0x00,0x00,0x00,0x00,0x00,0x00,0x00,0x00,0x00,0x00,0x00,0x00,0x00,0x00,0x00,0x00,0x00,0x00,
    0x00,0x00,0x00,0x00,0x00,0x00,0x00,0x00,0x00,0x04,0x0a,0x00,0x0a,0x04,0x0a,0x01,0x0a,0x04,0x06,0x04,0x0e,0x04,0x0e,0x04,0x0e,0x0c,0x0e,0x04,0x0c,0x04,0x08,0x00,
    0x08,0x10,0x1a,0x11,0x1b,0x11,0x03,0x03,0x03,0x05,0x02,0x07,0x06,0x05,0x0f,0x07,0x0f,0x2d,0x0f,0x17,0x1f,0x1d,0x1f,0x17,0x1f,0x1d,0x3f,0x37,0x3f,0x1d,0x3e,0x36,
    0x3e,0x5c,0x3e,0x74,0x6c,0x5d,0x79,0x75,0x7f,0x5d,0xfb,0x57,0xfb,0x55,0xbb,0x17,0xaf,0x15,0x2f,0x77,0xff,0x5d,0xff,0x77,0xff,0x5d,0xff,0x57,0xff,0xdd,0xff,0x77,
    0x00,0x00,0x00,0x00,0x00,0x00,0x00,0x00,0x00,0x00,0x00,0x00,0x00,0x00,0x00,0x00,0x00,0x00,0x00,0x00,0x00,0x00,0x00,0x00,0x00,0x00,0x00,0x00,0x00,0x00,0x00,0x00,
    0x00,0x00,0x00,0x00,0x00,0x00,0x00,0x00,0x00,0x00,0x00,0x00,0x00,0x00,0x00,0x00,0x00,0x00,0x00,0x00,0x00,0x00,0x00,0x02,0x00,0x00,0x00,0x00,0x00,0x00,0x01,0x00,
    0x00,0x00,0x00,0x00,0x00,0x00,0x00,0x00,0x00,0x00,0x01,0x01,0x00,0x00,0x00,0x00,0x00,0x00,0x10,0x00,0x00,0x00,0x00,0x00,0x00,0x00,0x00,0x00,0x00,0x00,0x00,0x00,
    0x00,0x00,0x00,0x00,0x00,0x00,0x00,0x00,0x08,0x00,0x08,0x00,0x0a,0x04,0x0a,0x01,0x0a,0x15,0x1f,0x17,0x3f,0x1d,0x3f,0x37,0x3e,0x1c,0x3e,0x74,0xfe,0x5c,0xfc,0x75
  },
  { // 276
    0x00,0x00,0x00,0x00,0x00,0x00,0x00,0x00,0x00,0x00,0x00,0x00,0x00,0x00,0x00,0x00,0x00,0x00,0x00,0x00,0x00,0x00,0x00,0x00,0x00,0x00,0x00,0x00,0x00,0x00,0x00,0x00,
    0x00,0x00,0x00,0x00,0x00,0x00,0x00,0x00,0x00,0x00,0x00,0x00,0x04,0x00,0x00,0x00,0x00,0x00,0x00,0x00,0x00,0x00,0x00,0x00,0x00,0x00,0x00,0x00,0x00,0x00,0x10,0x00,
    0x00,0x00,0x00,0x00,0x00,0x00,0x00,0x00,0x00,0x00,0x00,0x00,0x00,0x80,0x00,0x80,0x00,0x80,0x00,0x80,0x00,0xa0,0x00,0x00,0x00,0x00,0x00,0x00,0x00,0x80,0x00,0x80,
    0x00,0x80,0x00,0x80,0x00,0x80,0x00,0x00,0x00,0xc0,0x40,0xe0,0x50,0xe0,0xc0,0xe0,0x40,0xe0,0xc0,0xe0,0x40,0xe0,0xc0,0xe0,0x50,0xf0,0xd0,0xf3,0x37,0xaf,0x55,0x3f,
    0x00,0x00,0x00,0x00,0x00,0x00,0x00,0x00,0x00,0x00,0x00,0x00,0x00,0x00,0x00,0x00,0x00,0x00,0x00,0x00,0x00,0x00,0x00,0x00,0x00,0x00,0x00,0x00,0x00,0x00,0x00,0x00,
    0x00,0x00,0x00,0x00,0x00,0x00,0x00,0x00,0x00,0x00,0x00,0x00,0x00,0x00,0x00,0x00,0x00,0x00,0x00,0x00,0x00,0x00,0x00,0x00,0x00,0x00,0x00,0x00,0x00,0x00,0x00,0x00,
    0x00,0x00,0x00,0x0a,0x00,0x02,0x00,0x02,0x00,0x00,0x00,0x00,0x04,0x84,0x01,0x83,0x01,0x8b,0x05,0x83,0x07,0x8f,0x05,0x07,0x07,0x0e,0x05,0x0e,0x07,0x8e,0x8d,0x8f,
    0x15,0x9e,0x5d,0xbe,0x15,0xb8,0xd9,0xbb,0x71,0xfb,0xd5,0xff,0x77,0xff,0xd5,0xe7,0x67,0xef,0xc5,0xef,0x47,0xef,0xdd,0xff,0x57,0xff,0xdd,0xbf,0x17,0xbf,0x1d,0x3f,
    0x00,0x00,0x00,0x00,0x00,0x00,0x00,0x00,0x00,0x00,0x00,0x00,0x00,0x00,0x00,0x00,0x00,0x00,0x00,0x00,0x00,0x00,0x00,0x00,0x00,0x00,0x00,0x00,0x00,0x00,0x00,0x00,
    0x00,0x00,0x00,0x00,0x00,0x00,0x00,0x00,0x00,0x00,0x00,0x02,0x00,0x0a,0x00,0x02,0x80,0x03,0x05,0x02,0x06,0x0e,0x04,0x0e,0x04,0x0e,0x0c,0x0e,0x14,0x08,0x18,0x08,
    0x10,0x08,0x10,0x1a,0x11,0x1a,0x15,0x02,0x05,0x06,0x04,0x02,0x05,0x0e,0x05,0x0f,0x07,0x0f,0x1d,0x1f,0x37,0x1f,0x1d,0x1f,0x17,0x3f,0x1d,0x3e,0x37,0x3e,0x1d,0x3e,
    0x3e,0x3e,0x5c,0x3c,0x74,0x78,0x59,0x39,0x71,0x7b,0x59,0xfb,0x77,0xff,0x55,0xf7,0x67,0xe7,0x45,0xef,0x47,0xef,0xdd,0xff,0x57,0xff,0xdd,0xbf,0x17,0xbf,0x9d,0xbf,
    0x00,0x00,0x00,0x00,0x00,0x00,0x00,0x00,0x00,0x00,0x00,0x00,0x00,0x00,0x00,0x00,0x00,0x00,0x00,0x00,0x00,0x00,0x00,0x00,0x00,0x00,0x00,0x00,0x00,0x00,0x00,0x00,
    0x00,0x00,0x00,0x00,0x00,0x00,0x00,0x00,0x00,0x00,0x00,0x00,0x00,0x00,0x00,0x00,0x00,0x00,0x00,0x00,0x00,0x00,0x00,0x00,0x00,0x02,0x00,0x00,0x00,0x00,0x00,0x00,
    0x01,0x00,0x00,0x00,0x00,0x00,0x00,0x00,0x00,0x00,0x00,0x00,0x00,0x00,0x00,0x00,0x00,0x00,0x00,0x00,0x10,0x00,0x00,0x00,0x00,0x00,0x00,0x00,0x00,0x00,0x00,0x00,
    0x00,0x00,0x00,0x00,0x00,0x00,0x00,0x00,0x00,0x08,0x00,0x08,0x00,0x0a,0x00,0x02,0x03,0x0e,0x05,0x0e,0x17,0x2f,0x1d,0x3f,0x37,0x3f,0x5d,0x3f,0x75,0xff,0xdd,0xff
  },
  { // 277
    0x00,0x00,0x00,0x00,0x00,0x00,0x00,0x00,0x00,0x00,0x00,0x00,0x00,0x00,0x00,0x00,0x00,0x00,0x00,0x00,0x00,0x00,0x00,0x00,0x00,0x00,0x00,0x00,0x00,0x00,0x00,0x00,
    0x00,0x00,0x00,0x00,0x00,0x00,0x00,0x00,0x00,0x00,0x00,0x00,0x00,0x00,0x04,0x00,0x00,0x00,0x00,0x00,0x00,0x00,0x00,0x00,0x00,0x00,0x00,0x00,0x00,0x00,0x00,0x10,
    0x00,0x00,0x00,0x00,0x00,0x00,0x00,0x00,0x00,0x00,0x00,0x00,0x00,0x00,0x00,0x00,0x00,0x00,0x00,0x80,0x00,0x80,0x00,0x80,0x20,0x80,0x00,0x80,0x00,0x80,0x00,0x80,
    0x00,0x80,0x00,0x80,0x00,0x00,0x00,0x00,0x00,0x00,0x40,0xc0,0xc0,0xc0,0x50,0xe0,0xc0,0xe0,0x40,0xe0,0xc0,0xe0,0x40,0xe0,0xd0,0xf0,0x70,0xed,0xd5,0xef,0x67,0xef,
    0x00,0x00,0x00,0x00,0x00,0x00,0x00,0x00,0x00,0x00,0x00,0x00,0x00,0x00,0x00,0x00,0x00,0x00,0x00,0x00,0x00,0x00,0x00,0x00,0x00,0x00,0x00,0x00,0x00,0x00,0x00,0x00,
    0x00,0x00,0x00,0x00,0x00,0x00,0x00,0x00,0x00,0x00,0x00,0x00,0x00,0x00,0x00,0x00,0x00,0x00,0x00,0x00,0x80,0x00,0x00,0x00,0x00,0x00,0x00,0x02,0x00,0x02,0x00,0x02,
    0x00,0x02,0x00,0x00,0x04,0x04,0x00,0x08,0x04,0x00,0x00,0x88,0x00,0x00,0x05,0x84,0x01,0x83,0x03,0x83,0x05,0x87,0x07,0x87,0x05,0x06,0x07,0x0e,0x0d,0x0f,0x07,0x8f,
    0x1d,0x9f,0x17,0xbf,0x1d,0xbb,0x15,0xba,0x54,0xba,0x76,0xfe,0xdd,0xfe,0x77,0xff,0xdd,0xef,0x45,0xeb,0xcd,0xeb,0x57,0xff,0xdd,0xff,0x77,0xff,0xdd,0xbf,0x37,0x3f,
    0x00,0x00,0x00,0x00,0x00,0x00,0x00,0x00,0x00,0x00,0x00,0x00,0x00,0x00,0x00,0x00,0x00,0x00,0x00,0x00,0x00,0x00,0x00,0x00,0x00,0x00,0x00,0x00,0x00,0x00,0x00,0x00,
    0x00,0x00,0x00,0x08,0x00,0x00,0x00,0x00,0x00,0x00,0x00,0x00,0x04,0x02,0x00,0x02,0x04,0x02,0x84,0x06,0x05,0x0e,0x04,0x0e,0x0c,0x0e,0x04,0x0e,0x1c,0x1a,0x10,0x1a,
    0x10,0x1a,0x10,0x1a,0x14,0x1a,0x14,0x2e,0x04,0x2e,0x04,0x0c,0x04,0x08,0x01,0x0b,0x05,0x0b,0x17,0x1f,0x1d,0x3f,0x1f,0x3f,0x15,0x3f,0x17,0x2f,0x1c,0x3e,0x36,0x3e,
    0x5d,0x3f,0x75,0x3e,0x5d,0x39,0x33,0x39,0x59,0x3b,0x73,0xfb,0x55,0xff,0x77,0xff,0x45,0xef,0x67,0xef,0xcd,0xef,0x47,0xdf,0xdd,0xff,0x57,0xbf,0x9d,0xbf,0x37,0xbf,
    0x00,0x00,0x00,0x00,0x00,0x00,0x00,0x00,0x00,0x00,0x00,0x00,0x00,0x00,0x00,0x00,0x00,0x00,0x00,0x00,0x00,0x00,0x00,0x00,0x00,0x00,0x00,0x00,0x00,0x00,0x00,0x00,
    0x00,0x00,0x00,0x00,0x00,0x00,0x00,0x00,0x00,0x00,0x00,0x00,0x00,0x00,0x00,0x00,0x00,0x00,0x00,0x00,0x00,0x00,0x00,0x00,0x00,0x00,0x00,0x01,0x00,0x00,0x00,0x00,
    0x00,0x00,0x00,0x01,0x00,0x00,0x00,0x00,0x00,0x00,0x00,0x00,0x00,0x00,0x00,0x00,0x00,0x00,0x00,0x00,0x00,0x00,0x10,0x00,0x00,0x00,0x00,0x00,0x00,0x00,0x00,0x00,
    0x00,0x00,0x00,0x00,0x00,0x00,0x00,0x00,0x00,0x00,0x00,0x00,0x00,0x02,0x00,0x02,0x04,0x02,0x07,0x0e,0x05,0x0e,0x07,0x2f,0x1d,0x3f,0x17,0xbf,0x5d,0xbf,0x77,0xff
  },
  { // 278
    0x00,0x00,0x00,0x00,0x00,0x00,0x00,0x00,0x00,0x00,0x00,0x00,0x00,0x00,0x00,0x00,0x00,0x00,0x00,0x00,0x00,0x00,0x00,0x00,0x00,0x00,0x00,0x00,0x00,0x00,0x00,0x00,
    0x00,0x00,0x00,0x00,0x00,0x00,0x00,0x00,0x00,0x00,0x00,0x00,0x00,0x00,0x00,0x00,0x04,0x00,0x00,0x00,0x00,0x00,0x00,0x00,0x00,0x00,0x00,0x00,0x00,0x00,0x00,0x00,
    0x00,0x10,0x00,0x00,0x00,0x00,0x00,0x00,0x00,0x00,0x00,0x00,0x00,0x00,0x00,0x00,0x00,0x00,0x00,0x00,0x80,0x00,0x80,0x00,0x80,0x00,0x90,0x00,0x80,0x00,0x80,0x00,
    0x80,0x00,0x80,0x00,0x00,0x00,0x00,0x00,0x00,0x00,0x00,0x40,0xc0,0xc0,0xc0,0x40,0xd0,0xc0,0xe0,0x40,0xe0,0xc0,0xe0,0x60,0xe0,0xc0,0xe0,0x75,0xef,0xc5,0xef,0x47,
    0x00,0x00,0x00,0x00,0x00,0x00,0x00,0x00,0x00,0x00,0x00,0x00,0x00,0x00,0x00,0x00,0x00,0x00,0x00,0x00,0x00,0x00,0x00,0x00,0x00,0x00,0x00,0x00,0x00,0x00,0x00,0x00,
    0x00,0x00,0x00,0x00,0x00,0x00,0x00,0x00,0x00,0x00,0x00,0x00,0x00,0x00,0x00,0x00,0x40,0x00,0x00,0x00,0x00,0x80,0x00,0x80,0x00,0x00,0x02,0x00,0x02,0x00,0x02,0x00,
    0x02,0x04,0x02,0x00,0x08,0x04,0x08,0x04,0x08,0x04,0x08,0x00,0x08,0x00,0x00,0x00,0x06,0x04,0x02,0x01,0x82,0x05,0x87,0x17,0x9f,0x05,0x0f,0x05,0x8f,0x0d,0x8f,0x17,
    0x9f,0x1d,0xbf,0x17,0xbf,0x1d,0x3e,0x36,0x3e,0x5c,0x3e,0x74,0xfe,0xdc,0xfe,0x75,0xff,0xdd,0xfb,0x51,0xfb,0xd1,0xfb,0x53,0xfb,0xd5,0xff,0x77,0xff,0xdd,0xff,0x77,
    0x00,0x00,0x00,0x00,0x00,0x00,0x00,0x00,0x00,0x00,0x00,0x00,0x00,0x00,0x00,0x00,0x00,0x00,0x00,0x00,0x00,0x00,0x00,0x00,0x00,0x00,0x00,0x00,0x00,0x00,0x00,0x00,
    0x08,0x00,0x00,0x00,0x08,0x00,0x00,0x00,0x00,0x00,0x00,0x00,0x00,0x00,0x02,0x00,0x02,0x04,0x02,0x04,0x0e,0x04,0x0a,0x05,0x0e,0x0c,0x0e,0x14,0x1e,0x1c,0x1a,0x14,
    0x1e,0x14,0x1a,0x14,0x0e,0x14,0x2e,0x14,0x2c,0x1c,0x28,0x14,0x08,0x01,0x88,0x81,0x0b,0x01,0x03,0x13,0x3f,0x15,0x3f,0x17,0x2f,0x15,0x2f,0x07,0x0e,0x0d,0x3e,0x17,
    0x3f,0x1d,0x3f,0x37,0x3f,0x5d,0x3b,0x31,0x3a,0x54,0x7a,0x76,0xfe,0x55,0xff,0x77,0xff,0xdd,0xef,0x45,0xef,0xcd,0xcf,0x57,0xdf,0xdd,0xbf,0x77,0xbf,0xdd,0xbf,0x37,
    0x00,0x00,0x00,0x00,0x00,0x00,0x00,0x00,0x00,0x00,0x00,0x00,0x00,0x00,0x00,0x00,0x00,0x00,0x00,0x00,0x00,0x00,0x00,0x00,0x00,0x00,0x00,0x00,0x00,0x00,0x00,0x00,
    0x00,0x00,0x00,0x00,0x00,0x00,0x00,0x00,0x00,0x00,0x00,0x00,0x00,0x00,0x00,0x00,0x00,0x00,0x00,0x00,0x01,0x00,0x00,0x00,0x00,0x00,0x00,0x00,0x00,0x01,0x00,0x00,
    0x00,0x00,0x00,0x00,0x00,0x02,0x00,0x00,0x00,0x00,0x00,0x00,0x00,0x00,0x00,0x00,0x00,0x00,0x00,0x00,0x00,0x00,0x00,0x00,0x10,0x00,0x00,0x00,0x00,0x00,0x00,0x00,
    0x00,0x00,0x00,0x00,0x00,0x00,0x00,0x00,0x00,0x00,0x00,0x00,0x00,0x00,0x00,0x00,0x02,0x04,0x06,0x05,0x0e,0x05,0x0f,0x07,0x0f,0x1d,0x3f,0x17,0xbf,0x9d,0xbf,0x37
  },
  { // 279
    0x00,0x00,0x00,0x00,0x00,0x00,0x00,0x00,0x00,0x00,0x00,0x00,0x00,0x00,0x00,0x00,0x00,0x00,0x00,0x00,0x00,0x00,0x00,0x00,0x00,0x00,0x00,0x00,0x00,0x00,0x00,0x00,
    0x00,0x00,0x00,0x00,0x00,0x00,0x00,0x00,0x00,0x00,0x00,0x00,0x00,0x00,0x00,0x00,0x00,0x00,0x00,0x00,0x00,0x00,0x00,0x00,0x08,0x00,0x00,0x00,0x00,0x00,0x00,0x00,
    0x00,0x00,0x00,0x08,0x00,0x00,0x00,0x00,0x00,0x00,0x00,0x00,0x00,0x00,0x00,0x00,0x00,0x00,0x00,0x00,0x00,0x00,0x00,0x80,0x00,0x80,0x00,0x80,0x00,0x80,0x00,0x00,
    0x00,0x80,0x00,0x00,0x00,0x80,0x00,0x00,0x00,0x00,0x00,0x80,0x00,0x80,0xc0,0x80,0x40,0xc0,0xd0,0xe0,0x40,0xe0,0xc0,0xe0,0x60,0xe0,0xc0,0xe8,0x75,0xef,0xdd,0xff,
    0x00,0x00,0x00,0x00,0x00,0x00,0x00,0x00,0x00,0x00,0x00,0x00,0x00,0x00,0x00,0x00,0x00,0x00,0x00,0x00,0x00,0x00,0x00,0x00,0x00,0x00,0x00,0x00,0x00,0x00,0x00,0x00,
    0x00,0x00,0x00,0x00,0x00,0x00,0x00,0x00,0x00,0x00,0x00,0x00,0x00,0x00,0x00,0x00,0x00,0x00,0x00,0x00,0x00,0x00,0x00,0x40,0x00,0x00,0x80,0x02,0x00,0x02,0x04,0x02,
    0x04,0x0e,0x04,0x08,0x04,0x08,0x04,0x08,0x00,0x0c,0x08,0x0a,0x10,0x0a,0x00,0x02,0x00,0x02,0x00,0x06,0x04,0x06,0x05,0x0f,0x05,0x9f,0x15,0x8f,0x05,0x8f,0x05,0x8b,
    0x97,0x9f,0x1d,0x3f,0x17,0x3f,0x1d,0x3e,0x36,0x3e,0x5c,0x7e,0x74,0xfc,0xdd,0xff,0x75,0xff,0xdd,0xfb,0x71,0xfb,0xd1,0xf3,0x73,0xf7,0xd5,0xff,0x77,0xef,0xdd,0xef,
    0x00,0x00,0x00,0x00,0x00,0x00,0x00,0x00,0x00,0x00,0x00,0x00,0x00,0x00,0x00,0x00,0x00,0x00,0x00,0x00,0x00,0x00,0x00,0x00,0x00,0x00,0x00,0x00,0x00,0x00,0x00,0x00,
    0x00,0x08,0x00,0x08,0x00,0x08,0x00,0x00,0x00,0x00,0x00,0x00,0x00,0x00,0x00,0x00,0x00,0x00,0x04,0x08,0x00,0x08,0x00,0x08,0x00,0x0a,0x04,0x0a,0x14,0x0e,0x14,0x1e,
    0x14,0x0e,0x14,0x2e,0x14,0x2c,0x1c,0x28,0x14,0x3c,0x1c,0x38,0x10,0x38,0x10,0x3a,0x11,0x22,0x11,0x22,0x03,0x27,0x05,0x2f,0x07,0x2f,0x0d,0x0f,0x07,0x4f,0x0d,0x1f,
    0x17,0x3f,0x1d,0x3f,0x3f,0x3f,0x5d,0x3e,0x76,0x7e,0x5c,0x7f,0x74,0xfe,0x5c,0xff,0x75,0xff,0xdd,0xfb,0x71,0xfb,0xd1,0xfb,0x53,0xff,0xd5,0xff,0x77,0xff,0xdd,0xff,
    0x00,0x00,0x00,0x00,0x00,0x00,0x00,0x00,0x00,0x00,0x00,0x00,0x00,0x00,0x00,0x00,0x00,0x00,0x00,0x00,0x00,0x00,0x00,0x00,0x00,0x00,0x00,0x00,0x00,0x00,0x00,0x00,
    0x00,0x00,0x00,0x00,0x00,0x00,0x00,0x00,0x00,0x00,0x00,0x00,0x00,0x00,0x00,0x00,0x00,0x00,0x00,0x00,0x00,0x01,0x00,0x00,0x00,0x00,0x00,0x00,0x00,0x00,0x00,0x01,
    0x00,0x00,0x00,0x00,0x00,0x00,0x00,0x02,0x00,0x00,0x00,0x00,0x00,0x00,0x00,0x00,0x00,0x00,0x00,0x00,0x00,0x00,0x00,0x00,0x00,0x00,0x10,0x00,0x00,0x00,0x00,0x00,
    0x00,0x00,0x00,0x00,0x00,0x00,0x00,0x00,0x00,0x00,0x00,0x00,0x00,0x00,0x00,0x00,0x00,0x08,0x04,0x0a,0x05,0x0b,0x05,0x0b,0x17,0x1f,0x1d,0xbf,0x17,0xbf,0xdd,0xbf
  },
  { // 280
    0x00,0x00,0x00,0x00,0x00,0x00,0x00,0x00,0x00,0x00,0x00,0x00,0x00,0x00,0x00,0x00,0x00,0x00,0x00,0x00,0x00,0x00,0x00,0x00,0x00,0x00,0x00,0x00,0x00,0x00,0x00,0x00,
    0x00,0x00,0x00,0x00,0x00,0x00,0x00,0x00,0x00,0x00,0x00,0x00,0x00,0x00,0x00,0x00,0x00,0x00,0x00,0x00,0x00,0x00,0x00,0x00,0x00,0x00,0x00,0x08,0x00,0x00,0x00,0x00,
    0x00,0x00,0x00,0x00,0x00,0x08,0x00,0x00,0x00,0x00,0x00,0x00,0x00,0x00,0x00,0x00,0x00,0x00,0x00,0x00,0x00,0x00,0x00,0x00,0x00,0x00,0x00,0x80,0x00,0x00,0x00,0x00,
    0x00,0x00,0x00,0x80,0x00,0x80,0x00,0x80,0x00,0x80,0x00,0x80,0x00,0x80,0x00,0x80,0x00,0x80,0x40,0xc0,0x60,0xe0,0x60,0xe0,0xc0,0xe0,0x60,0xe8,0xdd,0xff,0x75,0xff,
    0x00,0x00,0x00,0x00,0x00,0x00,0x00,0x00,0x00,0x00,0x00,0x00,0x00,0x00,0x00,0x00,0x00,0x00,0x00,0x00,0x00,0x00,0x00,0x00,0x00,0x00,0x00,0x00,0x00,0x00,0x00,0x00,
    0x00,0x00,0x00,0x00,0x00,0x00,0x00,0x00,0x00,0x00,0x00,0x00,0x00,0x00,0x00,0x00,0x00,0x00,0x00,0x00,0x00,0x00,0x00,0x00,0x00,0x00,0x40,0x00,0x00,0x82,0x04,0x0e,
    0x04,0x0e,0x04,0x0c,0x04,0x08,0x00,0x08,0x00,0x0a,0x10,0x1a,0x14,0x1a,0x14,0x0a,0x14,0x02,0x00,0x08,0x04,0x08,0x08,0x08,0x05,0x0b,0x15,0x9b,0x15,0x8b,0x13,0x8b,
    0x05,0x0f,0x57,0x7f,0x1d,0x3f,0x37,0x3f,0x5d,0x3e,0x54,0xfe,0x5c,0xbe,0x55,0xff,0xdd,0xff,0x77,0xff,0xdd,0xfb,0x73,0xfb,0xd5,0xf3,0x77,0xef,0xc5,0xef,0x77,0xef,
    0x00,0x00,0x00,0x00,0x00,0x00,0x00,0x00,0x00,0x00,0x00,0x00,0x00,0x00,0x00,0x00,0x00,0x00,0x00,0x00,0x00,0x00,0x00,0x00,0x00,0x00,0x00,0x00,0x00,0x00,0x00,0x00,
    0x00,0x00,0x00,0x08,0x00,0x00,0x00,0x00,0x00,0x00,0x00,0x00,0x00,0x00,0x00,0x00,0x00,0x00,0x00,0x08,0x00,0x08,0x10,0x08,0x00,0x00,0x00,0x00,0x04,0x02,0x04,0x0e,
    0x14,0xae,0x14,0x0e,0x0c,0x0c,0x14,0x08,0x1c,0x38,0x10,0x38,0x18,0x3a,0x30,0x3a,0x10,0x32,0x10,0x22,0x04,0x22,0x04,0x2e,0x45,0x2f,0x47,0x0f,0x0d,0x0f,0x17,0x5f,
    0x1d,0x1f,0x17,0x3f,0x1d,0x3f,0x3f,0x7e,0x5c,0x7e,0x74,0x7e,0x5c,0xfd,0x74,0xfc,0xdd,0xff,0x75,0xfb,0xdd,0xfb,0x73,0xfb,0xd1,0xf3,0x77,0xe7,0xd5,0xef,0x77,0xef,
    0x00,0x00,0x00,0x00,0x00,0x00,0x00,0x00,0x00,0x00,0x00,0x00,0x00,0x00,0x00,0x00,0x00,0x00,0x00,0x00,0x00,0x00,0x00,0x00,0x00,0x00,0x00,0x00,0x00,0x00,0x00,0x00,
    0x00,0x00,0x00,0x00,0x00,0x00,0x00,0x00,0x00,0x00,0x00,0x00,0x00,0x00,0x00,0x00,0x00,0x00,0x00,0x00,0x00,0x00,0x00,0x01,0x00,0x00,0x00,0x00,0x00,0x00,0x00,0x00,
    0x00,0x00,0x00,0x00,0x00,0x00,0x00,0x00,0x00,0x00,0x02,0x00,0x00,0x00,0x00,0x00,0x00,0x00,0x00,0x00,0x00,0x00,0x00,0x00,0x00,0x00,0x00,0x00,0x00,0x00,0x00,0x00,
    0x00,0x00,0x00,0x00,0x00,0x00,0x00,0x00,0x00,0x00,0x00,0x00,0x00,0x00,0x00,0x00,0x00,0x00,0x01,0x09,0x01,0x0b,0x01,0x0b,0x11,0x0b,0x17,0xbf,0x15,0xbf,0x77,0xff
  },
  { // 281
    0x00,0x00,0x00,0x00,0x00,0x00,0x00,0x00,0x00,0x00,0x00,0x00,0x00,0x00,0x00,0x00,0x00,0x00,0x00,0x00,0x00,0x00,0x00,0x00,0x00,0x00,0x00,0x00,0x00,0x00,0x00,0x00,
    0x00,0x00,0x00,0x00,0x00,0x00,0x00,0x00,0x00,0x00,0x00,0x00,0x00,0x00,0x00,0x00,0x00,0x00,0x00,0x00,0x00,0x08,0x00,0x00,0x00,0x00,0x00,0x00,0x00,0x00,0x10,0x00,
    0x00,0x00,0x00,0x00,0x00,0x00,0x08,0x00,0x00,0x00,0x00,0x00,0x00,0x00,0x00,0x00,0x00,0x00,0x00,0x00,0x00,0x00,0x00,0x00,0x00,0x00,0x00,0x00,0x00,0x00,0x00,0x00,
    0x00,0x08,0x00,0x00,0x80,0x00,0x80,0x00,0x80,0x00,0x80,0x00,0x80,0x00,0x00,0x00,0x00,0x00,0x00,0x00,0xc0,0x40,0xe0,0x40,0xe8,0xd0,0xe8,0x70,0xf8,0xd9,0xfb,0x73,
    0x00,0x00,0x00,0x00,0x00,0x00,0x00,0x00,0x00,0x00,0x00,0x00,0x00,0x00,0x00,0x00,0x00,0x00,0x00,0x00,0x00,0x00,0x00,0x00,0x00,0x00,0x00,0x00,0x00,0x00,0x00,0x00,
    0x00,0x00,0x00,0x00,0x00,0x00,0x00,0x00,0x00,0x00,0x00,0x00,0x00,0x00,0x00,0x00,0x00,0x00,0x00,0x00,0x00,0x00,0x00,0x00,0x80,0x00,0x00,0x00,0x00,0x40,0x40,0x40,
    0x08,0x04,0x0a,0x04,0x0e,0x04,0x0a,0x10,0x0a,0x14,0x1a,0x14,0x3e,0x14,0x3e,0x14,0x3e,0x1c,0x28,0x14,0x28,0x00,0x28,0x10,0x38,0x11,0x3b,0x11,0xbb,0x31,0x33,0x13,
    0x27,0x05,0x27,0x07,0x2f,0x4d,0x6f,0x57,0xff,0x5d,0xbf,0x17,0xbf,0x1d,0xbf,0x35,0xbf,0x5d,0xff,0x77,0xff,0xdd,0xfe,0x76,0xfe,0xd4,0xee,0x75,0xef,0xdd,0xff,0x77,
    0x00,0x00,0x00,0x00,0x00,0x00,0x00,0x00,0x00,0x00,0x00,0x00,0x00,0x00,0x00,0x00,0x00,0x00,0x00,0x00,0x00,0x00,0x00,0x00,0x00,0x00,0x00,0x00,0x00,0x00,0x00,0x00,
    0x00,0x00,0x00,0x00,0x00,0x00,0x00,0x00,0x00,0x00,0x00,0x00,0x00,0x00,0x00,0x00,0x00,0x00,0x00,0x00,0x08,0x00,0x00,0x00,0x00,0x10,0x00,0x00,0x00,0x00,0x00,0x04,
    0x0c,0x04,0x0c,0x94,0x0c,0x1c,0x18,0x10,0x18,0x18,0x38,0x10,0x38,0x10,0x3a,0x30,0x3a,0x54,0xb0,0xe0,0x60,0x44,0x20,0x40,0x68,0x4c,0x6a,0x55,0x3f,0x5d,0x1b,0x17,
    0x1f,0x15,0xbf,0x17,0x3e,0x1d,0x3e,0x77,0x7f,0x5c,0x7e,0x74,0xfe,0x5c,0xfc,0x75,0xfd,0xdd,0xfb,0x77,0xfb,0xdd,0xfb,0x77,0xf3,0xd5,0xe7,0x67,0xef,0xc5,0xef,0x67,
    0x00,0x00,0x00,0x00,0x00,0x00,0x00,0x00,0x00,0x00,0x00,0x00,0x00,0x00,0x00,0x00,0x00,0x00,0x00,0x00,0x00,0x00,0x00,0x00,0x00,0x00,0x00,0x00,0x00,0x00,0x00,0x00,
    0x00,0x00,0x00,0x00,0x00,0x00,0x00,0x00,0x00,0x00,0x00,0x00,0x00,0x00,0x00,0x00,0x00,0x00,0x00,0x00,0x00,0x00,0x00,0x00,0x00,0x01,0x00,0x00,0x00,0x00,0x00,0x00,
    0x00,0x00,0x00,0x00,0x00,0x00,0x00,0x00,0x00,0x00,0x00,0x00,0x00,0x00,0x00,0x00,0x00,0x00,0x00,0x00,0x00,0x00,0x00,0x00,0x00,0x00,0x00,0x00,0x00,0x00,0x00,0x00,
    0x00,0x00,0x00,0x00,0x00,0x00,0x00,0x00,0x00,0x00,0x00,0x00,0x00,0x00,0x00,0x00,0x00,0x00,0x00,0x01,0x09,0x11,0x1b,0x11,0x23,0x11,0x23,0x07,0xa7,0x45,0xef,0x77
  },
  { // 282
    0x00,0x00,0x00,0x00,0x00,0x00,0x00,0x00,0x00,0x00,0x00,0x00,0x00,0x00,0x00,0x00,0x00,0x00,0x00,0x00,0x00,0x00,0x00,0x00,0x00,0x00,0x00,0x00,0x00,0x00,0x00,0x00,
    0x00,0x00,0x00,0x00,0x00,0x00,0x00,0x00,0x00,0x00,0x00,0x00,0x00,0x00,0x00,0x00,0x00,0x00,0x00,0x00,0x00,0x00,0x00,0x08,0x00,0x00,0x00,0x00,0x00,0x00,0x00,0x00,
    0x10,0x00,0x00,0x00,0x00,0x00,0x00,0x00,0x08,0x00,0x00,0x00,0x00,0x00,0x00,0x00,0x00,0x00,0x00,0x00,0x00,0x00,0x00,0x00,0x00,0x00,0x00,0x00,0x00,0x00,0x00,0x00,
    0x00,0x00,0x00,0x08,0x00,0x00,0x00,0x00,0x00,0x00,0x80,0x00,0x00,0x00,0x00,0x00,0x00,0x00,0x00,0x00,0x00,0x40,0xe8,0xd8,0xf8,0x50,0xf8,0xd8,0xf8,0x71,0xfb,0xd9,
    0x00,0x00,0x00,0x00,0x00,0x00,0x00,0x00,0x00,0x00,0x00,0x00,0x00,0x00,0x00,0x00,0x00,0x00,0x00,0x00,0x00,0x00,0x00,0x00,0x00,0x00,0x00,0x00,0x00,0x00,0x00,0x00,
    0x00,0x00,0x00,0x00,0x00,0x00,0x00,0x00,0x00,0x00,0x08,0x00,0x00,0x00,0x08,0x00,0x00,0x00,0x00,0x00,0x00,0x00,0x00,0x00,0x00,0x00,0x00,0x80,0x00,0x00,0x00,0x20,
    0x00,0x40,0x48,0x00,0x08,0x10,0x0a,0x14,0x0a,0x14,0x0e,0x14,0x2e,0x14,0x3e,0x1c,0x3e,0x14,0x3c,0x1c,0x38,0x10,0x38,0x10,0x38,0x10,0x3a,0x50,0x3a,0x72,0xfe,0x74,
    0x26,0x46,0xe6,0x44,0x2e,0x47,0xcf,0x4d,0xff,0x57,0xbf,0xdd,0xbf,0x17,0xbf,0x1d,0x3f,0x37,0xbe,0x5c,0xfe,0x76,0xfe,0xdc,0xfe,0x74,0xfc,0xdd,0xf9,0x71,0xf9,0xd9,
    0x00,0x00,0x00,0x00,0x00,0x00,0x00,0x00,0x00,0x00,0x00,0x00,0x00,0x00,0x00,0x00,0x00,0x00,0x00,0x00,0x00,0x00,0x00,0x00,0x00,0x00,0x00,0x00,0x00,0x00,0x00,0x00,
    0x00,0x00,0x00,0x00,0x00,0x00,0x00,0x00,0x00,0x00,0x00,0x00,0x00,0x00,0x00,0x00,0x00,0x00,0x00,0x00,0x00,0x00,0x00,0x00,0x20,0x00,0x00,0x00,0x00,0x10,0x00,0x00,
    0x00,0x00,0x08,0x0c,0x08,0x90,0x18,0x18,0x18,0x10,0x38,0x10,0x38,0x30,0x38,0x54,0x38,0x74,0x7c,0x54,0x68,0x50,0x68,0x40,0x68,0x50,0xf8,0x50,0xba,0x51,0xba,0x55,
    0xb2,0x17,0x2e,0x04,0x2e,0x06,0x6e,0x5d,0xfe,0x77,0xff,0x5d,0xff,0x55,0xfe,0x5d,0xba,0x75,0xfa,0xdd,0xff,0x77,0xff,0xdd,0xff,0x77,0xfe,0xc5,0xef,0x65,0xef,0xcd,
    0x00,0x00,0x00,0x00,0x00,0x00,0x00,0x00,0x00,0x00,0x00,0x00,0x00,0x00,0x00,0x00,0x00,0x00,0x00,0x00,0x00,0x00,0x00,0x00,0x00,0x00,0x00,0x00,0x00,0x00,0x00,0x00,
    0x00,0x00,0x00,0x00,0x00,0x00,0x00,0x00,0x00,0x00,0x00,0x00,0x00,0x00,0x00,0x00,0x00,0x00,0x00,0x00,0x00,0x00,0x00,0x00,0x00,0x00,0x00,0x01,0x00,0x00,0x00,0x00,
    0x00,0x00,0x00,0x00,0x00,0x00,0x00,0x00,0x00,0x00,0x00,0x00,0x00,0x00,0x00,0x00,0x00,0x00,0x00,0x00,0x00,0x00,0x00,0x00,0x00,0x00,0x00,0x00,0x00,0x00,0x00,0x00,
    0x00,0x00,0x00,0x00,0x00,0x01,0x00,0x00,0x00,0x00,0x00,0x00,0x00,0x00,0x00,0x00,0x00,0x00,0x00,0x01,0x01,0x11,0x03,0x11,0x33,0x13,0xa3,0x45,0xe7,0x47,0xef,0xcd
  },
  { // 283
    0x00,0x00,0x00,0x00,0x00,0x00,0x00,0x00,0x00,0x00,0x00,0x00,0x00,0x00,0x00,0x00,0x00,0x00,0x00,0x00,0x00,0x00,0x00,0x00,0x00,0x00,0x00,0x00,0x00,0x00,0x00,0x00,
    0x00,0x00,0x00,0x00,0x00,0x00,0x00,0x00,0x00,0x00,0x00,0x00,0x00,0x00,0x00,0x00,0x00,0x00,0x00,0x00,0x00,0x00,0x00,0x00,0x00,0x00,0x00,0x00,0x00,0x00,0x00,0x00,
    0x00,0x00,0x00,0x00,0x00,0x00,0x00,0x00,0x00,0x00,0x08,0x00,0x00,0x00,0x00,0x00,0x00,0x00,0x00,0x00,0x00,0x00,0x00,0x00,0x00,0x00,0x00,0x00,0x00,0x00,0x00,0x00,
    0x00,0x00,0x00,0x00,0x00,0x08,0x00,0x00,0x00,0x00,0x00,0x00,0x00,0x00,0x00,0x00,0x00,0x00,0x00,0x08,0x00,0x88,0x10,0xf8,0xdc,0xf8,0x74,0xfa,0xdd,0xfa,0x71,0xfa,
    0x00,0x00,0x00,0x00,0x00,0x00,0x00,0x00,0x00,0x00,0x00,0x00,0x00,0x00,0x00,0x00,0x00,0x00,0x00,0x00,0x00,0x00,0x00,0x00,0x00,0x00,0x00,0x00,0x00,0x00,0x00,0x00,
    0x00,0x00,0x00,0x00,0x00,0x00,0x00,0x00,0x00,0x00,0x00,0x08,0x00,0x00,0x00,0x08,0x00,0x00,0x00,0x00,0x00,0x00,0x00,0x20,0x00,0x20,0x00,0x08,0x00,0x80,0x00,0x00,
    0x00,0x00,0x20,0x48,0x00,0x20,0x10,0x28,0x04,0x28,0x04,0x0c,0x04,0x2c,0x04,0x2c,0x1c,0x3c,0x15,0x3c,0x5c,0x38,0x30,0x38,0x10,0x38,0x70,0xfa,0x54,0xf6,0x74,0xfe,
    0x54,0xee,0x44,0xee,0x44,0xca,0x45,0xcf,0xdd,0x9f,0x17,0xbf,0x9d,0xbf,0x37,0x3f,0x1d,0x3e,0x36,0x7e,0x5c,0xfe,0x76,0xfe,0xdd,0xff,0x75,0xfd,0xdd,0xf9,0x71,0xfb,
    0x00,0x00,0x00,0x00,0x00,0x00,0x00,0x00,0x00,0x00,0x00,0x00,0x00,0x00,0x00,0x00,0x00,0x00,0x00,0x00,0x00,0x00,0x00,0x00,0x00,0x00,0x00,0x00,0x00,0x00,0x00,0x00,
    0x00,0x00,0x00,0x00,0x00,0x00,0x00,0x00,0x00,0x00,0x00,0x00,0x00,0x00,0x00,0x00,0x00,0x20,0x00,0x00,0x00,0x00,0x00,0x20,0x00,0x20,0x00,0x00,0x00,0x00,0x00,0x00,
    0x20,0x00,0x00,0x08,0x00,0x08,0x10,0x19,0x10,0x38,0x10,0x28,0x10,0x28,0x10,0x38,0x5c,0x78,0x70,0x78,0x58,0x78,0x50,0xf8,0x50,0xb8,0x50,0xf8,0x50,0xf2,0x70,0xfa,
    0x54,0xe6,0x64,0xee,0x44,0xae,0x45,0xce,0x5d,0xbf,0x57,0xff,0xdd,0xbf,0x37,0xbf,0x1d,0x3e,0x36,0xfe,0x5c,0xfe,0x76,0xfe,0xdc,0xfe,0x75,0xff,0xdd,0xf9,0x71,0xfb,
    0x00,0x00,0x00,0x00,0x00,0x00,0x00,0x00,0x00,0x00,0x00,0x00,0x00,0x00,0x00,0x00,0x00,0x00,0x00,0x00,0x00,0x00,0x00,0x00,0x00,0x00,0x00,0x00,0x00,0x00,0x00,0x00,
    0x00,0x00,0x00,0x00,0x00,0x00,0x00,0x00,0x00,0x00,0x00,0x00,0x00,0x00,0x00,0x00,0x00,0x00,0x00,0x00,0x00,0x00,0x00,0x00,0x00,0x00,0x00,0x00,0x00,0x02,0x00,0x00,
    0x00,0x00,0x00,0x00,0x00,0x00,0x00,0x00,0x00,0x00,0x00,0x00,0x00,0x00,0x00,0x00,0x00,0x04,0x00,0x00,0x00,0x00,0x00,0x00,0x00,0x00,0x00,0x00,0x00,0x00,0x00,0x00,
    0x00,0x00,0x00,0x00,0x00,0x00,0x00,0x00,0x00,0x00,0x00,0x00,0x00,0x00,0x01,0x00,0x00,0x00,0x01,0x00,0x01,0x03,0x01,0x03,0x05,0x23,0x17,0xef,0xc5,0xef,0x45,0xef
  },
  { // 284
    0x00,0x00,0x00,0x00,0x00,0x00,0x00,0x00,0x00,0x00,0x00,0x00,0x00,0x00,0x00,0x00,0x00,0x00,0x00,0x00,0x00,0x00,0x00,0x00,0x00,0x00,0x00,0x00,0x00,0x00,0x00,0x00,
    0x00,0x00,0x00,0x00,0x00,0x00,0x00,0x00,0x00,0x00,0x00,0x00,0x00,0x00,0x00,0x00,0x00,0x00,0x00,0x00,0x00,0x00,0x00,0x00,0x00,0x00,0x00,0x00,0x00,0x00,0x00,0x00,
    0x00,0x00,0x00,0x00,0x00,0x20,0x00,0x00,0x00,0x00,0x00,0x08,0x00,0x00,0x00,0x00,0x00,0x00,0x00,0x00,0x00,0x00,0x00,0x00,0x00,0x00,0x00,0x00,0x00,0x00,0x00,0x00,
    0x00,0x00,0x00,0x00,0x00,0x00,0x00,0x00,0x00,0x00,0x00,0x00,0x00,0x00,0x00,0x00,0x00,0x00,0x00,0x00,0x00,0x88,0x18,0x98,0x10,0xbc,0xdc,0xbe,0x77,0xfe,0x5c,0xfe,
    0x00,0x00,0x00,0x00,0x00,0x00,0x00,0x00,0x00,0x00,0x00,0x00,0x00,0x00,0x00,0x00,0x00,0x00,0x00,0x00,0x00,0x00,0x00,0x00,0x00,0x00,0x00,0x00,0x00,0x00,0x00,0x00,
    0x00,0x00,0x00,0x00,0x00,0x00,0x00,0x00,0x00,0x00,0x00,0x00,0x00,0x00,0x00,0x00,0x10,0x20,0x00,0x20,0x00,0x20,0x00,0x20,0x00,0x28,0x00,0x28,0x10,0x28,0x10,0x20,
    0x00,0x00,0x00,0x20,0x20,0x60,0x00,0x20,0x20,0x2c,0x04,0x08,0x04,0x0c,0x0c,0x08,0x14,0x1c,0x1c,0x38,0x35,0xbc,0x5c,0x38,0x30,0x38,0x54,0x78,0x70,0xfc,0x54,0xfc,
    0x74,0xfc,0xdc,0xf8,0x50,0xe8,0xd0,0x8a,0x11,0xba,0x95,0xbf,0x37,0xff,0x5d,0xbf,0x77,0x7e,0x5c,0x7e,0x56,0xfe,0x5d,0xff,0x77,0xff,0xdd,0xff,0x77,0xff,0xdd,0xfb,
    0x00,0x00,0x00,0x00,0x00,0x00,0x00,0x00,0x00,0x00,0x00,0x00,0x00,0x00,0x00,0x00,0x00,0x00,0x00,0x00,0x00,0x00,0x00,0x00,0x00,0x00,0x00,0x00,0x00,0x00,0x00,0x00,
    0x00,0x00,0x00,0x00,0x00,0x00,0x00,0x00,0x00,0x00,0x00,0x00,0x00,0x00,0x00,0x00,0x00,0x00,0x04,0x00,0x00,0x00,0x00,0x00,0x00,0x00,0x00,0x00,0x00,0x00,0x00,0x00,
    0x01,0x00,0x00,0x20,0x00,0x00,0x00,0x20,0x00,0x20,0x81,0x20,0x00,0x28,0x00,0x28,0x10,0x28,0x58,0x38,0x50,0xf8,0x58,0xb8,0x70,0xf8,0x50,0xb0,0x70,0xe0,0x50,0xe0,
    0x70,0xec,0xc4,0xea,0x45,0xcc,0xc5,0x8b,0x05,0x8f,0xdd,0xbf,0x17,0xbf,0x1d,0xbf,0x37,0x3e,0x5c,0x7e,0x76,0x7e,0x5c,0xfe,0x74,0xfe,0xdd,0xff,0x75,0xfb,0xd9,0xfb,
    0x00,0x00,0x00,0x00,0x00,0x00,0x00,0x00,0x00,0x00,0x00,0x00,0x00,0x00,0x00,0x00,0x00,0x00,0x00,0x00,0x00,0x00,0x00,0x00,0x00,0x00,0x00,0x00,0x00,0x00,0x00,0x00,
    0x00,0x00,0x00,0x00,0x00,0x00,0x00,0x00,0x00,0x00,0x00,0x00,0x00,0x00,0x00,0x00,0x00,0x00,0x00,0x00,0x00,0x00,0x00,0x00,0x00,0x00,0x00,0x00,0x00,0x00,0x00,0x02,
    0x00,0x00,0x00,0x00,0x00,0x00,0x00,0x00,0x00,0x00,0x00,0x00,0x00,0x00,0x00,0x00,0x00,0x00,0x00,0x00,0x08,0x00,0x00,0x00,0x00,0x00,0x00,0x00,0x00,0x00,0x00,0x00,
    0x00,0x00,0x00,0x00,0x00,0x00,0x00,0x00,0x01,0x00,0x01,0x01,0x01,0x01,0x01,0x03,0x01,0x02,0x00,0x02,0x00,0x02,0x00,0x02,0x04,0x0e,0x05,0xef,0x75,0xef,0xdd,0xfb
  },
  { // 285
    0x00,0x00,0x00,0x00,0x00,0x00,0x00,0x00,0x00,0x00,0x00,0x00,0x00,0x00,0x00,0x00,0x00,0x00,0x00,0x00,0x00,0x00,0x00,0x00,0x00,0x00,0x00,0x00,0x00,0x00,0x00,0x00,
    0x00,0x00,0x00,0x00,0x00,0x00,0x00,0x00,0x00,0x00,0x00,0x00,0x00,0x00,0x00,0x00,0x00,0x00,0x00,0x00,0x00,0x00,0x00,0x00,0x00,0x00,0x00,0x00,0x00,0x00,0x00,0x00,
    0x00,0x00,0x00,0x00,0x00,0x00,0x00,0x00,0x40,0x00,0x00,0x00,0x00,0x08,0x00,0x00,0x00,0x00,0x00,0x00,0x00,0x00,0x00,0x00,0x00,0x00,0x00,0x00,0x00,0x00,0x00,0x00,
    0x00,0x00,0x00,0x00,0x00,0x00,0x00,0x00,0x00,0x00,0x00,0x00,0x00,0x00,0x00,0x00,0x00,0x00,0x88,0x00,0x88,0x00,0x88,0x10,0xb8,0x10,0xbe,0x5c,0xfe,0x77,0xfe,0x5c,
    0x00,0x00,0x00,0x00,0x00,0x00,0x00,0x00,0x00,0x00,0x00,0x00,0x00,0x00,0x00,0x00,0x00,0x00,0x00,0x00,0x00,0x00,0x00,0x00,0x00,0x00,0x00,0x00,0x00,0x00,0x00,0x00,
    0x00,0x00,0x00,0x00,0x00,0x00,0x00,0x00,0x00,0x00,0x00,0x00,0x00,0x00,0x00,0x00,0x20,0x00,0x20,0x00,0x20,0x00,0x08,0x00,0x20,0x10,0x28,0x10,0x38,0x10,0x38,0x50,
    0x30,0x10,0x20,0x00,0x20,0x00,0x60,0x60,0xe0,0x40,0xe8,0x50,0x88,0x00,0x88,0x00,0x08,0x10,0x18,0x1c,0x38,0x34,0x3d,0x5c,0x3c,0x74,0x7c,0x5c,0x78,0x74,0xf8,0xdc,
    0xfc,0x74,0xf8,0xd8,0xf8,0x70,0xfa,0xd0,0xb2,0x70,0xe2,0xd4,0xe6,0x76,0xee,0xdd,0xef,0x7f,0xef,0x5d,0xff,0x57,0x9f,0xdd,0xbf,0x77,0xff,0xdd,0xff,0x77,0xff,0xdd,
    0x00,0x00,0x00,0x00,0x00,0x00,0x00,0x00,0x00,0x00,0x00,0x00,0x00,0x00,0x00,0x00,0x00,0x00,0x00,0x00,0x00,0x00,0x00,0x00,0x00,0x00,0x00,0x00,0x00,0x00,0x00,0x00,
    0x00,0x00,0x00,0x00,0x00,0x00,0x00,0x00,0x00,0x00,0x00,0x00,0x00,0x00,0x00,0x00,0x00,0x00,0x00,0x00,0x08,0x00,0x00,0x00,0x00,0x00,0x00,0x00,0x00,0x00,0x00,0x00,
    0x00,0x00,0x01,0x00,0x00,0x00,0x20,0x00,0x20,0x00,0x20,0x00,0x41,0x01,0x00,0x00,0x00,0x10,0x08,0x10,0x38,0x10,0xb8,0x50,0xb8,0x70,0xf0,0x50,0x60,0x70,0xe0,0x40,
    0xe0,0x60,0xe8,0xd1,0xe9,0x51,0xc9,0xc1,0x8b,0x11,0x8b,0x95,0xbb,0xbf,0xbf,0x5d,0xff,0x77,0xff,0x5d,0x7e,0x74,0xfe,0x5c,0xfe,0x75,0xff,0xdd,0xff,0x77,0xff,0xdd,
    0x00,0x00,0x00,0x00,0x00,0x00,0x00,0x00,0x00,0x00,0x00,0x00,0x00,0x00,0x00,0x00,0x00,0x00,0x00,0x00,0x00,0x00,0x00,0x00,0x00,0x00,0x00,0x00,0x00,0x00,0x00,0x00,
    0x00,0x00,0x00,0x00,0x00,0x00,0x00,0x00,0x00,0x00,0x00,0x00,0x00,0x00,0x00,0x00,0x00,0x00,0x00,0x00,0x00,0x00,0x00,0x00,0x00,0x00,0x00,0x00,0x00,0x00,0x00,0x00,
    0x00,0x02,0x00,0x00,0x00,0x00,0x00,0x00,0x00,0x00,0x00,0x00,0x00,0x00,0x00,0x00,0x00,0x00,0x00,0x00,0x00,0x00,0x08,0x00,0x00,0x00,0x00,0x00,0x00,0x00,0x00,0x00,
    0x00,0x00,0x00,0x01,0x01,0x01,0x01,0x01,0x01,0x01,0x01,0x01,0x03,0x01,0x03,0x01,0x03,0x03,0x02,0x00,0x02,0x00,0x02,0x04,0x06,0x04,0x8e,0x5d,0xff,0x75,0xfb,0xd9
  },
  { // 286
    0x00,0x00,0x00,0x00,0x00,0x00,0x00,0x00,0x00,0x00,0x00,0x00,0x00,0x00,0x00,0x00,0x00,0x00,0x00,0x00,0x00,0x00,0x00,0x00,0x00,0x00,0x00,0x00,0x00,0x00,0x00,0x00,
    0x00,0x00,0x00,0x00,0x00,0x00,0x00,0x00,0x00,0x00,0x00,0x00,0x00,0x00,0x00,0x00,0x00,0x00,0x00,0x00,0x00,0x00,0x00,0x00,0x00,0x00,0x00,0x00,0x00,0x00,0x00,0x00,
    0x00,0x00,0x00,0x00,0x00,0x00,0x00,0x00,0x00,0x00,0x00,0x40,0x00,0x00,0x00,0x08,0x00,0x00,0x00,0x00,0x00,0x00,0x00,0x00,0x00,0x00,0x00,0x00,0x00,0x00,0x00,0x00,
    0x00,0x00,0x00,0x00,0x00,0x00,0x00,0x00,0x00,0x00,0x00,0x00,0x08,0x00,0x00,0x00,0x00,0x00,0x80,0x10,0x88,0x10,0x80,0x10,0xa8,0x10,0x3a,0x34,0xfe,0x5d,0xff,0x77,
    0x00,0x00,0x00,0x00,0x00,0x00,0x00,0x00,0x00,0x00,0x00,0x00,0x00,0x00,0x00,0x00,0x00,0x00,0x00,0x00,0x00,0x00,0x00,0x00,0x00,0x00,0x00,0x00,0x00,0x00,0x00,0x00,
    0x00,0x00,0x00,0x00,0x00,0x00,0x00,0x00,0x00,0x00,0x00,0x00,0x00,0x00,0x00,0x00,0x00,0x00,0x00,0x00,0x00,0x00,0x00,0x00,0x00,0x10,0x30,0x10,0x30,0x10,0x30,0x70,
    0xf0,0x50,0x60,0x60,0xe0,0x40,0xe0,0x40,0xe0,0x40,0xe8,0x40,0xc8,0xd0,0x98,0x10,0x88,0x10,0x20,0x10,0x38,0x14,0x38,0x74,0x7c,0x5d,0x7c,0x74,0xfc,0x5c,0xf8,0x70,
    0xf8,0xd8,0xf8,0x72,0xfa,0xd0,0xfa,0x70,0xf2,0xd0,0xe2,0x60,0xe6,0xc4,0xee,0x46,0xee,0xdd,0xff,0xd7,0xdf,0xdd,0x9f,0x17,0xbf,0x1d,0xbf,0x37,0xff,0x5d,0xff,0x77,
    0x00,0x00,0x00,0x00,0x00,0x00,0x00,0x00,0x00,0x00,0x00,0x00,0x00,0x00,0x00,0x00,0x00,0x00,0x00,0x00,0x00,0x00,0x00,0x00,0x00,0x00,0x00,0x00,0x00,0x00,0x00,0x00,
    0x00,0x00,0x00,0x00,0x00,0x00,0x00,0x00,0x00,0x00,0x00,0x00,0x00,0x00,0x00,0x00,0x00,0x00,0x00,0x00,0x00,0x00,0x48,0x00,0x00,0x00,0x00,0x00,0x00,0x00,0x00,0x00,
    0x00,0x00,0x00,0x00,0x00,0x02,0x00,0x00,0x00,0x00,0x10,0x00,0x80,0x00,0x00,0x00,0x00,0x00,0x00,0x10,0x20,0x10,0x30,0x30,0x30,0x70,0x70,0x70,0xe8,0x40,0xe0,0x60,
    0xe8,0xd0,0xf8,0x71,0xf9,0xd1,0xfb,0x51,0xf3,0xd1,0xa3,0x03,0xa3,0x45,0xbf,0x77,0xef,0x5d,0xff,0x57,0xff,0x5d,0xff,0x55,0xff,0xdd,0xff,0x77,0xff,0xdd,0xff,0x77,
    0x00,0x00,0x00,0x00,0x00,0x00,0x00,0x00,0x00,0x00,0x00,0x00,0x00,0x00,0x00,0x00,0x00,0x00,0x00,0x00,0x00,0x00,0x00,0x00,0x00,0x00,0x00,0x00,0x00,0x00,0x00,0x00,
    0x00,0x00,0x00,0x00,0x00,0x00,0x00,0x00,0x00,0x00,0x00,0x00,0x00,0x00,0x00,0x00,0x00,0x00,0x00,0x00,0x00,0x00,0x00,0x00,0x00,0x00,0x00,0x00,0x00,0x00,0x00,0x00,
    0x00,0x00,0x00,0x02,0x00,0x00,0x00,0x00,0x00,0x00,0x00,0x00,0x00,0x00,0x00,0x00,0x00,0x00,0x00,0x00,0x00,0x00,0x00,0x00,0x00,0x08,0x00,0x00,0x00,0x00,0x00,0x00,
    0x00,0x00,0x00,0x01,0x01,0x01,0x01,0x01,0x01,0x01,0x03,0x01,0x03,0x01,0x03,0x03,0x03,0x03,0x03,0x07,0x06,0x04,0x06,0x04,0x0c,0x04,0x0d,0x15,0x9f,0xdd,0xfb,0x77
  },
  { // 287
    0x00,0x00,0x00,0x00,0x00,0x00,0x00,0x00,0x00,0x00,0x00,0x00,0x00,0x00,0x00,0x00,0x00,0x00,0x00,0x00,0x00,0x00,0x00,0x00,0x00,0x00,0x00,0x00,0x00,0x00,0x00,0x00,
    0x00,0x00,0x00,0x00,0x00,0x00,0x00,0x00,0x00,0x00,0x00,0x00,0x00,0x00,0x00,0x00,0x00,0x00,0x00,0x00,0x00,0x00,0x00,0x00,0x00,0x00,0x00,0x00,0x00,0x00,0x00,0x00,
    0x00,0x00,0x00,0x00,0x00,0x00,0x00,0x00,0x00,0x00,0x00,0x00,0x00,0x80,0x00,0x00,0x10,0x00,0x00,0x00,0x00,0x00,0x00,0x00,0x00,0x00,0x00,0x80,0x00,0x00,0x00,0x00,
    0x00,0x00,0x00,0x00,0x00,0x00,0x00,0x00,0x00,0x00,0x00,0x00,0x00,0x00,0x08,0x00,0x00,0xa0,0x50,0xb0,0x10,0xa0,0x50,0xa0,0x00,0xa8,0x44,0x2e,0x46,0xfe,0xdd,0xff,
    0x00,0x00,0x00,0x00,0x00,0x00,0x00,0x00,0x00,0x00,0x00,0x00,0x00,0x00,0x00,0x00,0x00,0x00,0x00,0x00,0x00,0x00,0x00,0x00,0x00,0x00,0x00,0x00,0x00,0x00,0x00,0x00,
    0x00,0x00,0x00,0x00,0x00,0x00,0x00,0x00,0x00,0x00,0x00,0x00,0x00,0x00,0x00,0x00,0x00,0x00,0x00,0x00,0x00,0x00,0x00,0x00,0x10,0x00,0x10,0x20,0x10,0x20,0x50,0x30,
    0x70,0xe0,0x50,0xe0,0x60,0xe0,0x40,0xe0,0x40,0xe0,0xc0,0xe0,0x70,0xe8,0xd0,0xa0,0x10,0xb0,0x00,0x20,0x00,0x28,0x40,0x28,0x54,0xfc,0x5c,0xf8,0x54,0xf8,0x58,0xb8,
    0x70,0xb8,0x58,0xf8,0x70,0xfa,0xd6,0xf8,0xf4,0xfc,0xd4,0xe0,0x60,0xe8,0xc4,0xe8,0x44,0xee,0xdd,0xff,0x57,0xff,0x9d,0xbf,0x17,0xbf,0x1d,0x3f,0x77,0x7f,0x5d,0xff,
    0x00,0x00,0x00,0x00,0x00,0x00,0x00,0x00,0x00,0x00,0x00,0x00,0x00,0x00,0x00,0x00,0x00,0x00,0x00,0x00,0x00,0x00,0x00,0x00,0x00,0x00,0x00,0x00,0x00,0x00,0x00,0x00,
    0x00,0x00,0x00,0x00,0x00,0x00,0x00,0x00,0x00,0x00,0x00,0x00,0x00,0x00,0x00,0x00,0x00,0x00,0x00,0x00,0x00,0x00,0x00,0x00,0x48,0x00,0x00,0x00,0x00,0x00,0x00,0x00,
    0x00,0x00,0x00,0x00,0x00,0x00,0x00,0x00,0x02,0x00,0x00,0x00,0x00,0x90,0x01,0x00,0x01,0x00,0x00,0x00,0x00,0x20,0x00,0x20,0x00,0x60,0x40,0x60,0x70,0xe8,0x50,0xe0,
    0x50,0xe8,0xd0,0xf1,0x71,0xf9,0xd1,0xf3,0x71,0xf3,0xc1,0xe3,0x61,0xe3,0x45,0xef,0x57,0xff,0xdd,0xff,0x57,0xff,0xdd,0xbf,0x17,0xbf,0x1d,0xbf,0x37,0xff,0x5d,0xff,
    0x00,0x00,0x00,0x00,0x00,0x00,0x00,0x00,0x00,0x00,0x00,0x00,0x00,0x00,0x00,0x00,0x00,0x00,0x00,0x00,0x00,0x00,0x00,0x00,0x00,0x00,0x00,0x00,0x00,0x00,0x00,0x00,
    0x00,0x00,0x00,0x00,0x00,0x00,0x00,0x00,0x00,0x00,0x00,0x00,0x00,0x00,0x00,0x00,0x00,0x00,0x00,0x00,0x00,0x00,0x00,0x00,0x00,0x00,0x00,0x00,0x00,0x00,0x00,0x00,
    0x00,0x00,0x00,0x00,0x00,0x02,0x00,0x00,0x00,0x00,0x00,0x00,0x00,0x00,0x00,0x00,0x00,0x00,0x00,0x00,0x00,0x00,0x00,0x00,0x00,0x00,0x00,0x08,0x00,0x00,0x00,0x00,
    0x00,0x00,0x00,0x00,0x01,0x01,0x01,0x03,0x01,0x03,0x01,0x03,0x03,0x03,0x01,0x03,0x03,0x03,0x05,0x07,0x07,0x07,0x05,0x07,0x05,0x0f,0x0d,0x0b,0x17,0xbf,0xdd,0xff
  },
  { // 288
    0x00,0x00,0x00,0x00,0x00,0x00,0x00,0x00,0x00,0x00,0x00,0x00,0x00,0x00,0x00,0x00,0x00,0x00,0x00,0x00,0x00,0x00,0x00,0x00,0x00,0x00,0x00,0x00,0x00,0x00,0x00,0x00,
    0x00,0x00,0x00,0x00,0x00,0x00,0x00,0x00,0x00,0x00,0x00,0x00,0x00,0x00,0x00,0x00,0x00,0x00,0x00,0x00,0x00,0x00,0x00,0x00,0x00,0x00,0x00,0x00,0x00,0x00,0x00,0x00,
    0x00,0x00,0x00,0x00,0x00,0x00,0x00,0x00,0x00,0x00,0x00,0x00,0x00,0x00,0x00,0x00,0x80,0x00,0x00,0x00,0x00,0x00,0x00,0x00,0x00,0x00,0x00,0x00,0x00,0x80,0x00,0x00,
    0x00,0x00,0x00,0x00,0x00,0x00,0x00,0x00,0x00,0x00,0x00,0x00,0x00,0x20,0x00,0x20,0x10,0xa0,0x10,0xe0,0x50,0xe0,0x70,0xe0,0xc0,0xe0,0x40,0xc8,0xcc,0xcf,0x57,0xff,
    0x00,0x00,0x00,0x00,0x00,0x00,0x00,0x00,0x00,0x00,0x00,0x00,0x00,0x00,0x00,0x00,0x00,0x00,0x00,0x00,0x00,0x00,0x00,0x00,0x00,0x00,0x00,0x00,0x00,0x00,0x00,0x00,
    0x00,0x00,0x00,0x00,0x00,0x00,0x00,0x20,0x00,0x20,0x00,0x00,0x40,0x00,0x00,0x00,0x00,0x00,0x00,0x80,0x00,0x00,0x00,0x00,0x00,0x20,0x00,0x20,0x00,0x20,0x00,0x20,
    0x40,0x60,0x70,0xe0,0x50,0xe0,0x50,0xe0,0xd0,0xa0,0x50,0xe0,0xd0,0xa0,0x70,0xe0,0xc0,0xe0,0x40,0xe0,0x40,0x80,0x40,0x88,0x40,0x88,0x50,0xf8,0xd8,0xb8,0x10,0xb8,
    0x18,0x38,0x30,0x38,0x50,0xf8,0x74,0xfe,0xde,0xfc,0xf4,0xfc,0xdc,0xf8,0x50,0xe8,0xd0,0xfa,0x51,0xfb,0xf5,0xff,0x77,0xff,0xd5,0xbf,0x77,0x6f,0x4d,0x6f,0x77,0xff,
    0x00,0x00,0x00,0x00,0x00,0x00,0x00,0x00,0x00,0x00,0x00,0x00,0x00,0x00,0x00,0x00,0x00,0x00,0x00,0x00,0x00,0x00,0x00,0x00,0x00,0x00,0x00,0x00,0x00,0x00,0x00,0x00,
    0x00,0x00,0x00,0x00,0x00,0x00,0x00,0x00,0x00,0x00,0x00,0x00,0x00,0x00,0x00,0x00,0x00,0x00,0x00,0x00,0x00,0x00,0x00,0x00,0x00,0x00,0x48,0x00,0x00,0x00,0x00,0x00,
    0x00,0x00,0x00,0x00,0x00,0x00,0x00,0x00,0x00,0x00,0x02,0x80,0x01,0x00,0x01,0x81,0x09,0x01,0x81,0x00,0x00,0x00,0x00,0x00,0x00,0x20,0x40,0xe0,0x61,0xe0,0x51,0xf0,
    0x51,0xb0,0x10,0xb0,0x50,0xf2,0x71,0xf2,0xd1,0xf3,0x71,0xe3,0xc5,0xe3,0x41,0xcb,0xc5,0xcb,0x67,0xff,0xdd,0xbf,0x57,0xbf,0x9d,0xbf,0x37,0x3f,0x1d,0x3e,0x77,0xfe,
    0x00,0x00,0x00,0x00,0x00,0x00,0x00,0x00,0x00,0x00,0x00,0x00,0x00,0x00,0x00,0x00,0x00,0x00,0x00,0x00,0x00,0x00,0x00,0x00,0x00,0x00,0x00,0x00,0x00,0x00,0x00,0x00,
    0x00,0x00,0x00,0x00,0x00,0x00,0x00,0x00,0x00,0x00,0x00,0x00,0x00,0x00,0x00,0x00,0x00,0x00,0x00,0x00,0x00,0x00,0x00,0x00,0x00,0x00,0x00,0x00,0x00,0x00,0x00,0x00,
    0x00,0x00,0x00,0x00,0x00,0x00,0x00,0x00,0x00,0x00,0x00,0x00,0x00,0x00,0x00,0x00,0x00,0x00,0x00,0x00,0x00,0x00,0x00,0x00,0x00,0x00,0x00,0x00,0x00,0x08,0x00,0x00,
    0x00,0x00,0x00,0x00,0x01,0x01,0x01,0x03,0x01,0x03,0x01,0x03,0x01,0x03,0x01,0x03,0x01,0x03,0x07,0x07,0x05,0x07,0x07,0x0f,0x05,0x0f,0x07,0x0f,0x1d,0x1f,0x77,0xfe
  },
  { // 289
    0x00,0x00,0x00,0x00,0x00,0x00,0x00,0x00,0x00,0x00,0x00,0x00,0x00,0x00,0x00,0x00,0x00,0x00,0x00,0x00,0x00,0x00,0x00,0x00,0x00,0x00,0x00,0x00,0x00,0x00,0x00,0x00,
    0x00,0x00,0x00,0x00,0x00,0x00,0x00,0x00,0x00,0x00,0x00,0x00,0x00,0x00,0x00,0x00,0x00,0x00,0x00,0x00,0x00,0x00,0x00,0x00,0x00,0x00,0x00,0x00,0x00,0x00,0x00,0x00,
    0x00,0x00,0x00,0x00,0x00,0x00,0x00,0x00,0x00,0x00,0x00,0x00,0x00,0x00,0x00,0x00,0x00,0x00,0x80,0x00,0x10,0x00,0x00,0x00,0x00,0x00,0x00,0x00,0x00,0x00,0x00,0x80,
    0x00,0x00,0x00,0x00,0x00,0x00,0x00,0x00,0x00,0x00,0x00,0x00,0x20,0x00,0x20,0x10,0x20,0x50,0x20,0x70,0xe0,0x40,0xe0,0x60,0xe8,0xc0,0xe8,0x40,0xc8,0xcd,0x8f,0x17,
    0x00,0x00,0x00,0x00,0x00,0x00,0x00,0x00,0x00,0x00,0x00,0x00,0x00,0x00,0x00,0x00,0x00,0x00,0x00,0x00,0x00,0x00,0x00,0x00,0x00,0x00,0x00,0x00,0x00,0x00,0x00,0x00,
    0x00,0x00,0x00,0x00,0x00,0x00,0x20,0x00,0x00,0x40,0x20,0x40,0xc0,0x40,0x80,0x00,0x80,0x00,0x00,0x00,0x80,0x00,0x00,0x00,0x20,0x00,0x20,0x00,0x20,0x00,0x20,0x00,
    0x20,0x40,0x20,0x50,0xf0,0x50,0xf0,0x70,0xf0,0x50,0xb0,0x70,0xe0,0x40,0xe0,0x60,0xe0,0xe0,0xe0,0x40,0xe8,0xc0,0xc0,0x40,0x88,0x80,0x88,0x10,0xb8,0x18,0xb8,0x30,
    0xb8,0x5c,0x38,0x74,0x78,0x5c,0x78,0x74,0xfc,0xdc,0xf8,0x74,0xf8,0xd8,0xf8,0x70,0xf8,0xd0,0xf2,0x71,0xf2,0xd5,0xff,0x77,0xef,0xc5,0xef,0x47,0xef,0xcd,0xcf,0x57,
    0x00,0x00,0x00,0x00,0x00,0x00,0x00,0x00,0x00,0x00,0x00,0x00,0x00,0x00,0x00,0x00,0x00,0x00,0x00,0x00,0x00,0x00,0x00,0x00,0x00,0x00,0x00,0x00,0x00,0x00,0x00,0x00,
    0x00,0x00,0x00,0x00,0x00,0x00,0x00,0x00,0x00,0x00,0x00,0x00,0x00,0x00,0x00,0x00,0x00,0x00,0x00,0x00,0x00,0x00,0x00,0x00,0x00,0x00,0x00,0x00,0x00,0x00,0x00,0x00,
    0x00,0x00,0x00,0x00,0x00,0x00,0x00,0x00,0x00,0x00,0x00,0x00,0x00,0x04,0x00,0x01,0x80,0x01,0x01,0x01,0x80,0x01,0x00,0x01,0x00,0x01,0x01,0x01,0x81,0x01,0xa3,0x11,
    0xb3,0x11,0x32,0x30,0x32,0x50,0x62,0x70,0xe2,0xd0,0xea,0x71,0xe9,0xc1,0xe9,0x41,0xe9,0xc1,0xcb,0x53,0xfb,0xf5,0xbf,0x77,0xff,0xfd,0xbf,0x77,0x6f,0x5d,0x7f,0x77,
    0x00,0x00,0x00,0x00,0x00,0x00,0x00,0x00,0x00,0x00,0x00,0x00,0x00,0x00,0x00,0x00,0x00,0x00,0x00,0x00,0x00,0x00,0x00,0x00,0x00,0x00,0x00,0x00,0x00,0x00,0x00,0x00,
    0x00,0x00,0x00,0x00,0x00,0x00,0x00,0x00,0x00,0x00,0x00,0x00,0x00,0x00,0x00,0x00,0x00,0x00,0x00,0x00,0x00,0x00,0x00,0x00,0x00,0x00,0x00,0x00,0x00,0x00,0x00,0x00,
    0x00,0x00,0x00,0x00,0x00,0x00,0x00,0x00,0x00,0x04,0x00,0x00,0x00,0x00,0x00,0x00,0x00,0x00,0x00,0x00,0x00,0x00,0x00,0x00,0x00,0x00,0x00,0x00,0x00,0x00,0x00,0x00,
    0x08,0x00,0x00,0x00,0x00,0x00,0x00,0x00,0x02,0x01,0x03,0x01,0x03,0x01,0x03,0x01,0x03,0x01,0x03,0x03,0x03,0x05,0x07,0x07,0x0f,0x07,0x0f,0x07,0x0f,0x1d,0x3e,0x76
  },
  { // 290
    0x00,0x00,0x00,0x00,0x00,0x00,0x00,0x00,0x00,0x00,0x00,0x00,0x00,0x00,0x00,0x00,0x00,0x00,0x00,0x00,0x00,0x00,0x00,0x00,0x00,0x00,0x00,0x00,0x00,0x00,0x00,0x00,
    0x00,0x00,0x00,0x00,0x00,0x00,0x00,0x00,0x00,0x00,0x00,0x00,0x00,0x00,0x00,0x00,0x00,0x00,0x00,0x00,0x00,0x00,0x00,0x00,0x00,0x00,0x00,0x00,0x00,0x00,0x00,0x00,
    0x00,0x00,0x00,0x00,0x00,0x00,0x00,0x00,0x00,0x00,0x00,0x00,0x00,0x00,0x00,0x00,0x00,0x00,0x00,0x00,0x00,0x10,0x00,0x00,0x00,0x00,0x00,0x00,0x00,0x00,0x00,0x00,
    0x00,0x80,0x00,0x00,0x00,0x00,0x00,0x00,0x00,0x00,0x00,0x00,0x20,0x00,0x20,0x10,0x20,0x70,0x60,0x40,0xe0,0x60,0xe8,0xd0,0xe8,0x70,0xf8,0xd8,0xfa,0x51,0xfb,0xd5,
    0x00,0x00,0x00,0x00,0x00,0x00,0x00,0x00,0x00,0x00,0x00,0x00,0x00,0x00,0x00,0x00,0x00,0x00,0x00,0x00,0x00,0x00,0x00,0x00,0x00,0x00,0x00,0x00,0x00,0x00,0x00,0x00,
    0x00,0x00,0x00,0x00,0x00,0x00,0x00,0x00,0x00,0x00,0x00,0x40,0x00,0x00,0x80,0x40,0x80,0x00,0x80,0x00,0x00,0x00,0x00,0x00,0x20,0x00,0x20,0x40,0x00,0x00,0x00,0x00,
    0x00,0x00,0x80,0x10,0xb0,0x10,0xb0,0x50,0xb0,0x70,0xf0,0x50,0x60,0x60,0xe0,0x40,0xe0,0x60,0xe8,0xc0,0xe8,0x41,0xe8,0xc0,0x80,0x00,0x80,0x10,0xa0,0x10,0xb8,0x50,
    0xb8,0x74,0xfc,0x5c,0x7c,0x74,0xfc,0x5c,0xf8,0x74,0xf8,0xdc,0xf8,0x70,0xf8,0xd8,0xfa,0x70,0xf2,0xd0,0xf2,0x74,0xee,0xc5,0xef,0x77,0xef,0xcd,0xef,0x57,0xcf,0xdd,
    0x00,0x00,0x00,0x00,0x00,0x00,0x00,0x00,0x00,0x00,0x00,0x00,0x00,0x00,0x00,0x00,0x00,0x00,0x00,0x00,0x00,0x00,0x00,0x00,0x00,0x00,0x00,0x00,0x00,0x00,0x00,0x00,
    0x00,0x00,0x00,0x00,0x00,0x00,0x00,0x00,0x00,0x00,0x00,0x00,0x00,0x00,0x00,0x00,0x00,0x00,0x00,0x00,0x00,0x00,0x00,0x00,0x00,0x00,0x00,0x00,0x00,0x00,0x00,0x00,
    0x00,0x00,0x00,0x00,0x00,0x00,0x00,0x00,0x00,0x00,0x00,0x00,0x00,0x00,0x00,0x04,0x00,0x00,0x80,0x41,0x81,0x01,0x81,0x01,0x81,0x01,0x81,0x01,0x03,0x01,0xa3,0x11,
    0x23,0x31,0x22,0x50,0x22,0x70,0x60,0x40,0xe0,0x70,0xf8,0xd1,0xf9,0x71,0xf9,0xd1,0xfb,0x71,0xf3,0xd1,0xb3,0x73,0xe7,0xf5,0xef,0x77,0xef,0xcd,0xef,0x47,0xef,0xdd,
    0x00,0x00,0x00,0x00,0x00,0x00,0x00,0x00,0x00,0x00,0x00,0x00,0x00,0x00,0x00,0x00,0x00,0x00,0x00,0x00,0x00,0x00,0x00,0x00,0x00,0x00,0x00,0x00,0x00,0x00,0x00,0x00,
    0x00,0x00,0x00,0x00,0x00,0x00,0x00,0x00,0x00,0x00,0x00,0x00,0x00,0x00,0x00,0x00,0x00,0x00,0x00,0x00,0x00,0x00,0x00,0x00,0x00,0x00,0x00,0x00,0x00,0x00,0x00,0x00,
    0x00,0x00,0x00,0x00,0x00,0x00,0x00,0x00,0x00,0x00,0x00,0x04,0x00,0x00,0x00,0x00,0x00,0x00,0x00,0x00,0x00,0x00,0x00,0x00,0x00,0x00,0x00,0x00,0x00,0x00,0x00,0x00,
    0x00,0x01,0x08,0x00,0x00,0x00,0x00,0x00,0x00,0x00,0x00,0x00,0x01,0x01,0x03,0x01,0x03,0x01,0x03,0x01,0x03,0x03,0x03,0x05,0x07,0x07,0x0f,0x05,0x0f,0x17,0x2e,0x5c
  },
  { // 291
    0x00,0x00,0x00,0x00,0x00,0x00,0x00,0x00,0x00,0x00,0x00,0x00,0x00,0x00,0x00,0x00,0x00,0x00,0x00,0x00,0x00,0x00,0x00,0x00,0x00,0x00,0x00,0x00,0x00,0x00,0x00,0x00,
    0x00,0x00,0x00,0x00,0x00,0x00,0x00,0x00,0x00,0x00,0x00,0x00,0x00,0x00,0x00,0x00,0x00,0x00,0x00,0x00,0x00,0x00,0x00,0x00,0x00,0x00,0x00,0x00,0x00,0x00,0x00,0x00,
    0x00,0x00,0x00,0x00,0x00,0x00,0x00,0x00,0x00,0x00,0x00,0x00,0x00,0x00,0x00,0x00,0x00,0x00,0x00,0x00,0x00,0x00,0x00,0x10,0x00,0x00,0x00,0x00,0x00,0x00,0x00,0x00,
    0x00,0x00,0x00,0x80,0x00,0x00,0x00,0x00,0x00,0x00,0x00,0x00,0x00,0x00,0x20,0x00,0x20,0x40,0x60,0x70,0xe0,0x40,0xe0,0x70,0xf8,0xd0,0xf8,0x70,0xfa,0xd1,0xfb,0x73,
    0x00,0x00,0x00,0x00,0x00,0x00,0x00,0x00,0x00,0x00,0x00,0x00,0x00,0x00,0x00,0x00,0x00,0x00,0x00,0x00,0x00,0x00,0x00,0x00,0x00,0x00,0x00,0x00,0x00,0x00,0x00,0x00,
    0x00,0x00,0x00,0x00,0x00,0x00,0x00,0x00,0x00,0x00,0x00,0x00,0x00,0x00,0x20,0x00,0xa0,0x00,0x20,0x00,0x20,0x00,0x00,0x00,0x00,0x40,0x00,0x00,0x80,0x40,0x80,0x00,
    0x80,0x00,0x00,0x10,0x20,0x10,0x30,0x30,0x30,0x50,0x70,0x70,0xe0,0x40,0xe0,0x40,0xe8,0xc0,0xe0,0x50,0xf8,0xd0,0xf0,0x50,0xf0,0xd0,0xa0,0x00,0xa0,0x00,0xa0,0x40,
    0xe8,0x4c,0xec,0x54,0xfc,0x5c,0xb8,0x14,0xb8,0x1c,0xb8,0x70,0xf8,0xdc,0xfa,0x74,0xfe,0xdc,0xfa,0x74,0xfc,0xd4,0xe8,0x64,0xee,0xdd,0xff,0x77,0xff,0xdd,0xff,0x57,
    0x00,0x00,0x00,0x00,0x00,0x00,0x00,0x00,0x00,0x00,0x00,0x00,0x00,0x00,0x00,0x00,0x00,0x00,0x00,0x00,0x00,0x00,0x00,0x00,0x00,0x00,0x00,0x00,0x00,0x00,0x00,0x00,
    0x00,0x00,0x00,0x00,0x00,0x00,0x00,0x00,0x00,0x00,0x00,0x00,0x00,0x00,0x00,0x00,0x00,0x00,0x00,0x00,0x00,0x00,0x00,0x00,0x00,0x00,0x00,0x00,0x00,0x00,0x00,0x00,
    0x00,0x00,0x00,0x00,0x00,0x00,0x00,0x00,0x00,0x00,0x00,0x00,0x00,0x00,0x00,0x00,0x00,0x40,0x00,0x40,0xc0,0x41,0x83,0x01,0x81,0x05,0x81,0x09,0x89,0x01,0x03,0x01,
    0x23,0x01,0x23,0x71,0x6a,0x40,0x6a,0x50,0xe8,0x50,0xf8,0x71,0xf9,0xd9,0xfb,0x71,0xfb,0xd1,0xf3,0x73,0xe3,0xc1,0xe3,0x67,0xef,0xc5,0xef,0x67,0xef,0xdd,0xdf,0x57,
    0x00,0x00,0x00,0x00,0x00,0x00,0x00,0x00,0x00,0x00,0x00,0x00,0x00,0x00,0x00,0x00,0x00,0x00,0x00,0x00,0x00,0x00,0x00,0x00,0x00,0x00,0x00,0x00,0x00,0x00,0x00,0x00,
    0x00,0x00,0x00,0x00,0x00,0x00,0x00,0x00,0x00,0x00,0x00,0x00,0x00,0x00,0x00,0x00,0x00,0x00,0x00,0x00,0x00,0x00,0x00,0x00,0x00,0x00,0x00,0x00,0x00,0x00,0x00,0x00,
    0x00,0x00,0x00,0x00,0x00,0x00,0x00,0x00,0x00,0x00,0x00,0x00,0x00,0x04,0x00,0x00,0x00,0x00,0x00,0x00,0x00,0x00,0x00,0x00,0x00,0x00,0x00,0x00,0x00,0x00,0x00,0x00,
    0x00,0x00,0x00,0x00,0x00,0x08,0x00,0x00,0x00,0x00,0x00,0x00,0x00,0x01,0x01,0x01,0x03,0x01,0x03,0x01,0x03,0x01,0x03,0x07,0x07,0x05,0x07,0x07,0x0f,0x0d,0xef,0x57
  },
  { // 292
    0x00,0x00,0x00,0x00,0x00,0x00,0x00,0x00,0x00,0x00,0x00,0x00,0x00,0x00,0x00,0x00,0x00,0x00,0x00,0x00,0x00,0x00,0x00,0x00,0x00,0x00,0x00,0x00,0x00,0x00,0x00,0x00,
    0x00,0x00,0x00,0x00,0x00,0x00,0x00,0x00,0x00,0x00,0x00,0x00,0x00,0x00,0x00,0x00,0x00,0x00,0x00,0x00,0x00,0x00,0x00,0x00,0x00,0x00,0x00,0x00,0x00,0x00,0x00,0x00,
    0x00,0x00,0x00,0x00,0x00,0x00,0x00,0x00,0x00,0x00,0x00,0x00,0x00,0x00,0x00,0x00,0x00,0x00,0x00,0x00,0x00,0x00,0x00,0x00,0x00,0x20,0x00,0x00,0x00,0x00,0x00,0x00,
    0x00,0x00,0x00,0x00,0x00,0x80,0x00,0x00,0x00,0x00,0x00,0x00,0x00,0x00,0x00,0x20,0x00,0x20,0x40,0x20,0x50,0xf8,0x50,0xf8,0x70,0xf8,0xd0,0xf8,0x70,0xfb,0xd5,0xff,
    0x00,0x00,0x00,0x00,0x00,0x00,0x00,0x00,0x00,0x00,0x00,0x00,0x00,0x00,0x00,0x00,0x00,0x00,0x00,0x00,0x00,0x00,0x00,0x00,0x00,0x00,0x00,0x00,0x00,0x00,0x00,0x00,
    0x00,0x00,0x00,0x00,0x00,0x00,0x00,0x00,0x00,0x00,0x00,0x00,0x00,0x00,0x00,0x20,0x00,0x20,0x40,0x20,0x40,0x20,0x40,0x00,0x00,0x80,0x40,0x80,0x00,0x80,0x00,0x80,
    0x00,0x80,0x00,0x00,0x00,0x20,0x00,0x20,0x10,0x28,0x50,0x78,0x70,0xf8,0x50,0xf8,0x50,0xf8,0xd0,0xf0,0x70,0xf8,0xd0,0xf0,0x70,0xf0,0xd0,0xe0,0x60,0xe0,0x40,0xe0,
    0x40,0xc8,0xcc,0xe8,0x54,0xfc,0xdc,0xb8,0x14,0xb8,0x1c,0x3a,0x34,0x3e,0x5c,0xfe,0x74,0xfe,0xdc,0xfe,0x74,0xfc,0xdc,0xf8,0x71,0xf9,0xd9,0xfb,0x73,0xfb,0xdd,0xff,
    0x00,0x00,0x00,0x00,0x00,0x00,0x00,0x00,0x00,0x00,0x00,0x00,0x00,0x00,0x00,0x00,0x00,0x00,0x00,0x00,0x00,0x00,0x00,0x00,0x00,0x00,0x00,0x00,0x00,0x00,0x00,0x00,
    0x00,0x00,0x00,0x00,0x00,0x00,0x00,0x00,0x00,0x00,0x00,0x00,0x00,0x00,0x00,0x00,0x00,0x00,0x00,0x00,0x00,0x00,0x00,0x00,0x00,0x00,0x00,0x00,0x00,0x00,0x00,0x00,
    0x00,0x00,0x00,0x00,0x00,0x00,0x00,0x00,0x00,0x00,0x00,0x00,0x00,0x00,0x40,0x00,0x00,0x80,0x40,0x80,0x00,0x80,0x41,0x81,0x01,0x83,0x01,0xa1,0x03,0x00,0x09,0x2a,
    0x01,0x22,0x41,0x23,0x41,0xeb,0x51,0xbb,0x51,0xb8,0x11,0xb8,0x31,0xfa,0xd1,0xfb,0x73,0xfb,0xd5,0xfb,0x74,0xee,0xc4,0xe2,0x65,0xef,0xcd,0xef,0x57,0xff,0xdd,0xff,
    0x00,0x00,0x00,0x00,0x00,0x00,0x00,0x00,0x00,0x00,0x00,0x00,0x00,0x00,0x00,0x00,0x00,0x00,0x00,0x00,0x00,0x00,0x00,0x00,0x00,0x00,0x00,0x00,0x00,0x00,0x00,0x00,
    0x00,0x00,0x00,0x00,0x00,0x00,0x00,0x00,0x00,0x00,0x00,0x00,0x00,0x00,0x00,0x00,0x00,0x00,0x00,0x00,0x00,0x00,0x00,0x00,0x00,0x00,0x00,0x00,0x00,0x00,0x00,0x00,
    0x00,0x00,0x00,0x00,0x00,0x00,0x00,0x00,0x00,0x00,0x00,0x00,0x00,0x00,0x00,0x04,0x00,0x00,0x00,0x00,0x00,0x00,0x00,0x00,0x00,0x00,0x01,0x00,0x00,0x00,0x00,0x00,
    0x00,0x00,0x00,0x00,0x00,0x00,0x00,0x04,0x00,0x00,0x00,0x00,0x00,0x00,0x01,0x03,0x01,0x03,0x01,0x03,0x03,0x03,0x01,0x03,0x07,0x07,0x05,0x0f,0x07,0x8f,0xdd,0xff
  },
  { // 293
    0x00,0x00,0x00,0x00,0x00,0x00,0x00,0x00,0x00,0x00,0x00,0x00,0x00,0x00,0x00,0x00,0x00,0x00,0x00,0x00,0x00,0x00,0x00,0x00,0x00,0x00,0x00,0x00,0x00,0x00,0x00,0x00,
    0x00,0x00,0x00,0x00,0x00,0x00,0x00,0x00,0x00,0x00,0x00,0x00,0x00,0x00,0x00,0x00,0x00,0x00,0x00,0x00,0x00,0x00,0x00,0x00,0x00,0x00,0x00,0x00,0x00,0x00,0x00,0x00,
    0x00,0x00,0x00,0x00,0x00,0x00,0x00,0x00,0x00,0x00,0x00,0x00,0x00,0x00,0x00,0x00,0x00,0x00,0x00,0x00,0x00,0x00,0x00,0x00,0x00,0x00,0x20,0x00,0x00,0x00,0x00,0x00,
    0x00,0x00,0x00,0x00,0x00,0x00,0x00,0x00,0x00,0x00,0x00,0x00,0x00,0x00,0x00,0x00,0x00,0x00,0x80,0xa0,0x10,0xb0,0x10,0xb8,0x50,0xb8,0x70,0xf8,0xd0,0xfa,0x77,0xff,
    0x00,0x00,0x00,0x00,0x00,0x00,0x00,0x00,0x00,0x00,0x00,0x00,0x00,0x00,0x00,0x00,0x00,0x00,0x00,0x00,0x00,0x00,0x00,0x00,0x00,0x00,0x00,0x00,0x00,0x00,0x00,0x00,
    0x00,0x00,0x00,0x00,0x00,0x00,0x00,0x00,0x00,0x00,0x00,0x00,0x00,0x00,0x00,0x20,0x00,0x20,0x00,0x20,0x40,0x20,0x40,0x00,0x40,0x00,0x00,0x00,0x00,0x00,0x00,0x80,
    0x00,0x20,0x00,0x20,0x00,0x20,0x00,0x00,0x00,0x20,0x00,0x28,0x50,0xb8,0x50,0xf8,0x50,0xb8,0x10,0xb8,0x50,0xb0,0x70,0xf0,0x50,0xf0,0x70,0xe8,0xc0,0xe0,0x40,0xc8,
    0xc0,0xc8,0x40,0xc8,0xdc,0xb8,0x14,0xbe,0x9c,0xbe,0x34,0x3e,0x1c,0x3e,0x74,0x7e,0x5c,0xfe,0x74,0xfe,0xdc,0xfc,0x74,0xf8,0xd9,0xf8,0x71,0xfb,0xd1,0xfb,0x77,0xff,
    0x00,0x00,0x00,0x00,0x00,0x00,0x00,0x00,0x00,0x00,0x00,0x00,0x00,0x00,0x00,0x00,0x00,0x00,0x00,0x00,0x00,0x00,0x00,0x00,0x00,0x00,0x00,0x00,0x00,0x00,0x00,0x00,
    0x00,0x00,0x00,0x00,0x00,0x00,0x00,0x00,0x00,0x00,0x00,0x00,0x00,0x00,0x00,0x00,0x00,0x00,0x00,0x00,0x00,0x00,0x00,0x00,0x00,0x00,0x00,0x00,0x00,0x00,0x00,0x00,
    0x00,0x00,0x00,0x00,0x00,0x00,0x00,0x00,0x00,0x00,0x00,0x00,0x00,0x20,0x00,0x00,0x40,0x00,0x00,0x80,0x00,0xa0,0x00,0xa0,0x40,0xa0,0x41,0xe4,0x41,0xa0,0x40,0x82,
    0x40,0x10,0x11,0x99,0x51,0x8b,0x11,0xbb,0x19,0xbb,0x11,0xbb,0x11,0x3a,0x30,0xfe,0x5c,0xfe,0x74,0xfe,0xdd,0xff,0x75,0xf8,0xd9,0xf9,0x51,0xfb,0xd9,0xfb,0x77,0xff,
    0x00,0x00,0x00,0x00,0x00,0x00,0x00,0x00,0x00,0x00,0x00,0x00,0x00,0x00,0x00,0x00,0x00,0x00,0x00,0x00,0x00,0x00,0x00,0x00,0x00,0x00,0x00,0x00,0x00,0x00,0x00,0x00,
    0x00,0x00,0x00,0x00,0x00,0x00,0x00,0x00,0x00,0x00,0x00,0x00,0x00,0x00,0x00,0x00,0x00,0x00,0x00,0x00,0x00,0x00,0x00,0x00,0x00,0x00,0x00,0x00,0x00,0x00,0x00,0x00,
    0x00,0x00,0x00,0x00,0x00,0x00,0x00,0x00,0x00,0x00,0x00,0x00,0x00,0x00,0x00,0x00,0x00,0x04,0x00,0x00,0x00,0x00,0x00,0x00,0x00,0x00,0x00,0x00,0x01,0x00,0x00,0x00,
    0x00,0x00,0x00,0x00,0x00,0x00,0x00,0x00,0x01,0x04,0x01,0x00,0x00,0x00,0x00,0x00,0x01,0x02,0x01,0x02,0x01,0x02,0x01,0x02,0x01,0x03,0x01,0x8f,0x05,0x8f,0x57,0xff
  },
  { // 294
    0x00,0x00,0x00,0x00,0x00,0x00,0x00,0x00,0x00,0x00,0x00,0x00,0x00,0x00,0x00,0x00,0x00,0x00,0x00,0x00,0x00,0x00,0x00,0x00,0x00,0x00,0x00,0x00,0x00,0x00,0x00,0x00,
    0x00,0x00,0x00,0x00,0x00,0x00,0x00,0x00,0x00,0x00,0x00,0x00,0x00,0x00,0x00,0x00,0x00,0x00,0x00,0x00,0x00,0x00,0x00,0x00,0x00,0x00,0x00,0x00,0x00,0x00,0x00,0x00,
    0x00,0x00,0x00,0x00,0x00,0x00,0x00,0x00,0x00,0x00,0x00,0x00,0x00,0x00,0x00,0x00,0x00,0x00,0x00,0x00,0x00,0x00,0x00,0x00,0x00,0x00,0x00,0x00,0x00,0x00,0x80,0x00,
    0x00,0x00,0x00,0x00,0x00,0x00,0x00,0x00,0x00,0x00,0x00,0x00,0x00,0x00,0x00,0x00,0x00,0x00,0x00,0x00,0x80,0x90,0x30,0x30,0x38,0x50,0x38,0x70,0xf8,0x5c,0xfe,0x74,
    0x00,0x00,0x00,0x00,0x00,0x00,0x00,0x00,0x00,0x00,0x00,0x00,0x00,0x00,0x00,0x00,0x00,0x00,0x00,0x00,0x00,0x00,0x00,0x00,0x00,0x00,0x00,0x00,0x00,0x00,0x00,0x00,
    0x00,0x00,0x00,0x00,0x00,0x00,0x00,0x00,0x00,0x00,0x00,0x00,0x00,0x00,0x00,0x00,0x00,0x00,0x00,0x00,0x00,0x00,0x20,0x00,0x00,0x00,0x00,0x00,0x00,0x00,0x20,0x00,
    0x20,0x00,0x20,0x00,0x20,0x00,0x00,0x00,0x08,0x00,0x08,0x00,0x08,0x10,0x38,0x10,0xb8,0x10,0x38,0x30,0x38,0x50,0x30,0x70,0xe8,0x50,0xf8,0x70,0xf8,0xd0,0xe8,0x50,
    0xe8,0xc0,0x80,0x10,0xa8,0x90,0xba,0x34,0xbe,0x55,0xbe,0x76,0x6e,0x4c,0x2e,0x54,0xfe,0x5c,0xfe,0x74,0xfe,0xdd,0xff,0x75,0xfe,0xdd,0xfa,0x70,0xfa,0xd4,0xfe,0x77,
    0x00,0x00,0x00,0x00,0x00,0x00,0x00,0x00,0x00,0x00,0x00,0x00,0x00,0x00,0x00,0x00,0x00,0x00,0x00,0x00,0x00,0x00,0x00,0x00,0x00,0x00,0x00,0x00,0x00,0x00,0x00,0x00,
    0x00,0x00,0x00,0x00,0x00,0x00,0x00,0x00,0x00,0x00,0x00,0x00,0x00,0x00,0x00,0x00,0x00,0x00,0x00,0x00,0x00,0x00,0x00,0x00,0x00,0x00,0x00,0x00,0x00,0x00,0x00,0x00,
    0x00,0x00,0x00,0x00,0x04,0x00,0x00,0x00,0x00,0x00,0x00,0x00,0x00,0x00,0x00,0x00,0x20,0x00,0x20,0x10,0x20,0x00,0x20,0x00,0xa0,0x40,0xe0,0x60,0xe0,0x45,0xe0,0x40,
    0xc0,0x41,0x80,0x11,0x99,0x19,0x9b,0x11,0xbb,0x1d,0xbb,0x37,0x3e,0x14,0x3e,0x74,0x7e,0x5c,0xfe,0x74,0xfe,0xdd,0xff,0x75,0xf9,0xd9,0xf9,0x71,0xfb,0xd1,0xf3,0x77,
    0x00,0x00,0x00,0x00,0x00,0x00,0x00,0x00,0x00,0x00,0x00,0x00,0x00,0x00,0x00,0x00,0x00,0x00,0x00,0x00,0x00,0x00,0x00,0x00,0x00,0x00,0x00,0x00,0x00,0x00,0x00,0x00,
    0x00,0x00,0x00,0x00,0x00,0x00,0x00,0x00,0x00,0x00,0x00,0x00,0x00,0x00,0x00,0x00,0x00,0x00,0x00,0x00,0x00,0x00,0x00,0x00,0x00,0x00,0x00,0x00,0x00,0x00,0x00,0x00,
    0x00,0x00,0x00,0x00,0x00,0x00,0x00,0x00,0x00,0x00,0x00,0x00,0x00,0x00,0x00,0x00,0x00,0x00,0x00,0x00,0x00,0x00,0x00,0x00,0x00,0x00,0x00,0x00,0x00,0x00,0x01,0x00,
    0x00,0x00,0x00,0x00,0x00,0x00,0x00,0x01,0x01,0x01,0x01,0x05,0x00,0x00,0x00,0x00,0x00,0x00,0x02,0x00,0x02,0x00,0x02,0x01,0x01,0x01,0x01,0x01,0x8b,0xc1,0xfb,0x77
  },
  { // 295
    0x00,0x00,0x00,0x00,0x00,0x00,0x00,0x00,0x00,0x00,0x00,0x00,0x00,0x00,0x00,0x00,0x00,0x00,0x00,0x00,0x00,0x00,0x00,0x00,0x00,0x00,0x00,0x00,0x00,0x00,0x00,0x00,
    0x00,0x00,0x00,0x00,0x00,0x00,0x00,0x00,0x00,0x00,0x00,0x00,0x00,0x00,0x00,0x00,0x00,0x00,0x00,0x00,0x00,0x00,0x00,0x00,0x00,0x00,0x00,0x00,0x00,0x00,0x00,0x00,
    0x00,0x00,0x00,0x00,0x00,0x00,0x00,0x00,0x00,0x00,0x00,0x00,0x00,0x00,0x00,0x00,0x00,0x00,0x00,0x00,0x00,0x00,0x00,0x00,0x00,0x00,0x00,0x00,0x00,0x00,0x00,0x00,
    0x00,0x80,0x00,0x00,0x00,0x00,0x00,0x00,0x00,0x00,0x00,0x00,0x00,0x00,0x00,0x00,0x00,0x00,0x00,0x00,0x00,0x00,0xa0,0x90,0x30,0x30,0x78,0x54,0x7e,0x74,0xfc,0xdc,
    0x00,0x00,0x00,0x00,0x00,0x00,0x00,0x00,0x00,0x00,0x00,0x00,0x00,0x00,0x00,0x00,0x00,0x00,0x00,0x00,0x00,0x00,0x00,0x00,0x00,0x00,0x00,0x00,0x00,0x00,0x00,0x00,
    0x00,0x00,0x00,0x00,0x00,0x00,0x00,0x00,0x00,0x00,0x00,0x00,0x00,0x00,0x00,0x00,0x00,0x00,0x00,0x00,0x00,0x00,0x00,0x00,0x20,0x00,0x20,0x80,0x20,0x00,0x20,0x00,
    0x20,0x00,0x00,0x00,0x00,0x00,0x08,0x00,0x08,0x00,0x08,0x00,0x08,0x10,0x18,0x10,0x38,0x30,0x38,0x14,0x38,0x30,0x28,0x54,0x68,0x70,0xf8,0x58,0xf8,0x70,0xf8,0xd8,
    0xf8,0x70,0xf0,0xd0,0xa2,0x40,0xe2,0x44,0xe6,0x66,0xee,0xcd,0xee,0x46,0xce,0x4c,0x9e,0x15,0x9e,0x1d,0xbf,0x37,0xff,0xdd,0xff,0x77,0xfe,0xdc,0xfe,0x74,0xfe,0xdc,
    0x00,0x00,0x00,0x00,0x00,0x00,0x00,0x00,0x00,0x00,0x00,0x00,0x00,0x00,0x00,0x00,0x00,0x00,0x00,0x00,0x00,0x00,0x00,0x00,0x00,0x00,0x00,0x00,0x00,0x00,0x00,0x00,
    0x00,0x00,0x00,0x00,0x00,0x00,0x00,0x00,0x00,0x00,0x00,0x00,0x00,0x00,0x00,0x00,0x00,0x00,0x00,0x00,0x00,0x00,0x00,0x00,0x00,0x00,0x00,0x00,0x00,0x00,0x00,0x00,
    0x00,0x00,0x00,0x00,0x00,0x00,0x04,0x00,0x00,0x00,0x00,0x00,0x00,0x00,0x00,0x10,0x30,0x10,0x30,0x10,0x30,0x30,0x20,0x40,0x20,0x60,0x60,0x40,0xe0,0x40,0xe8,0xc4,
    0xe9,0x40,0x88,0x01,0x80,0x01,0x9b,0x19,0xbb,0x37,0xbf,0x5d,0x3f,0x77,0x6e,0x5c,0x7e,0x54,0xfe,0x5c,0xff,0x75,0xff,0xdd,0xff,0x75,0xfb,0xd9,0xfb,0x71,0xf2,0xd5,
    0x00,0x00,0x00,0x00,0x00,0x00,0x00,0x00,0x00,0x00,0x00,0x00,0x00,0x00,0x00,0x00,0x00,0x00,0x00,0x00,0x00,0x00,0x00,0x00,0x00,0x00,0x00,0x00,0x00,0x00,0x00,0x00,
    0x00,0x00,0x00,0x00,0x00,0x00,0x00,0x00,0x00,0x00,0x00,0x00,0x00,0x00,0x00,0x00,0x00,0x00,0x00,0x00,0x00,0x00,0x00,0x00,0x00,0x00,0x00,0x00,0x00,0x00,0x00,0x00,
    0x00,0x00,0x00,0x00,0x00,0x00,0x00,0x00,0x00,0x00,0x00,0x00,0x00,0x00,0x00,0x00,0x00,0x00,0x00,0x00,0x00,0x00,0x00,0x00,0x00,0x00,0x00,0x00,0x00,0x00,0x00,0x00,
    0x02,0x00,0x00,0x00,0x00,0x00,0x00,0x00,0x00,0x01,0x00,0x01,0x00,0x00,0x02,0x00,0x00,0x00,0x00,0x00,0x00,0x00,0x00,0x01,0x01,0x01,0x01,0x01,0x83,0x41,0xf3,0xd1
  },
  { // 296
    0x00,0x00,0x00,0x00,0x00,0x00,0x00,0x00,0x00,0x00,0x00,0x00,0x00,0x00,0x00,0x00,0x00,0x00,0x00,0x00,0x00,0x00,0x00,0x00,0x00,0x00,0x00,0x00,0x00,0x00,0x00,0x00,
    0x00,0x00,0x00,0x00,0x00,0x00,0x00,0x00,0x00,0x00,0x00,0x00,0x00,0x00,0x00,0x00,0x00,0x00,0x00,0x00,0x00,0x00,0x00,0x00,0x00,0x00,0x00,0x00,0x00,0x40,0x00,0x00,
    0x00,0x00,0x00,0x00,0x00,0x00,0x00,0x00,0x00,0x00,0x00,0x00,0x00,0x00,0x00,0x00,0x00,0x00,0x00,0x00,0x00,0x00,0x00,0x00,0x00,0x00,0x00,0x00,0x00,0x00,0x00,0x40,
    0x00,0x00,0x00,0x00,0x00,0x00,0x00,0x00,0x00,0x00,0x00,0x00,0x00,0x00,0x00,0x00,0x00,0x00,0x00,0x00,0x00,0x00,0x00,0x00,0x00,0x40,0xa8,0x54,0xfe,0x5c,0xfe,0x75,
    0x00,0x00,0x00,0x00,0x00,0x00,0x00,0x00,0x00,0x00,0x00,0x00,0x00,0x00,0x00,0x00,0x00,0x00,0x00,0x00,0x00,0x00,0x00,0x00,0x00,0x00,0x00,0x00,0x00,0x00,0x00,0x00,
    0x00,0x00,0x00,0x00,0x00,0x00,0x00,0x00,0x00,0x00,0x00,0x00,0x00,0x00,0x00,0x00,0x00,0x00,0x00,0x00,0x00,0x00,0x00,0x00,0x00,0x00,0x00,0x00,0x00,0x00,0x80,0x00,
    0x00,0x00,0x00,0x00,0x00,0x00,0x00,0x00,0x08,0x00,0x00,0x00,0x00,0x00,0x00,0x00,0x28,0x04,0x2c,0x14,0x2c,0x1c,0x3c,0x14,0x38,0x1c,0x38,0x10,0x38,0x58,0xb8,0x70,
    0xf8,0x50,0xf2,0x70,0xe2,0x40,0xe2,0x60,0xe6,0x44,0xee,0x45,0xee,0xdd,0xdf,0x57,0x9f,0x9d,0x9f,0x17,0xbf,0x1d,0x3f,0x37,0xff,0xdd,0xfe,0x76,0xfe,0x5c,0xfe,0x74,
    0x00,0x00,0x00,0x00,0x00,0x00,0x00,0x00,0x00,0x00,0x00,0x00,0x00,0x00,0x00,0x00,0x00,0x00,0x00,0x00,0x00,0x00,0x00,0x00,0x00,0x00,0x00,0x00,0x00,0x00,0x00,0x00,
    0x00,0x00,0x00,0x00,0x00,0x00,0x00,0x00,0x00,0x00,0x00,0x00,0x00,0x00,0x00,0x00,0x00,0x00,0x00,0x00,0x00,0x00,0x00,0x00,0x00,0x00,0x00,0x00,0x00,0x00,0x00,0x00,
    0x00,0x00,0x00,0x00,0x00,0x00,0x00,0x00,0x00,0x00,0x00,0x00,0x00,0x00,0x00,0x10,0x28,0x10,0x38,0x10,0x38,0x10,0x38,0x30,0x28,0x40,0x28,0x50,0xe8,0x50,0xfc,0x50,
    0xf8,0x50,0xb5,0x50,0xa0,0x00,0xa2,0x08,0xbb,0x54,0xee,0x47,0xef,0x5d,0xef,0x57,0xdf,0x5d,0x9f,0x15,0xbf,0x1d,0xbf,0x77,0xff,0xdd,0xff,0x77,0xfe,0xdc,0xfe,0x74,
    0x00,0x00,0x00,0x00,0x00,0x00,0x00,0x00,0x00,0x00,0x00,0x00,0x00,0x00,0x00,0x00,0x00,0x00,0x00,0x00,0x00,0x00,0x00,0x00,0x00,0x00,0x00,0x00,0x00,0x00,0x00,0x00,
    0x00,0x00,0x00,0x00,0x00,0x00,0x00,0x00,0x00,0x00,0x00,0x00,0x00,0x00,0x00,0x00,0x00,0x00,0x00,0x00,0x00,0x00,0x00,0x00,0x00,0x00,0x00,0x00,0x00,0x00,0x00,0x00,
    0x00,0x00,0x00,0x00,0x00,0x00,0x00,0x00,0x00,0x00,0x00,0x00,0x00,0x00,0x00,0x00,0x00,0x00,0x00,0x00,0x00,0x00,0x04,0x00,0x00,0x00,0x00,0x00,0x00,0x00,0x00,0x00,
    0x00,0x00,0x00,0x00,0x00,0x00,0x00,0x00,0x00,0x00,0x00,0x00,0x00,0x00,0x00,0x00,0x01,0x00,0x00,0x00,0x00,0x00,0x00,0x01,0x03,0x01,0x03,0x01,0xeb,0xd1,0xf3,0x73
  },
  { // 297
    0x00,0x00,0x00,0x00,0x00,0x00,0x00,0x00,0x00,0x00,0x00,0x00,0x00,0x00,0x00,0x00,0x00,0x00,0x00,0x00,0x00,0x00,0x00,0x00,0x00,0x00,0x00,0x00,0x00,0x00,0x00,0x00,
    0x00,0x00,0x00,0x00,0x00,0x00,0x00,0x00,0x00,0x00,0x00,0x00,0x00,0x00,0x00,0x00,0x00,0x00,0x00,0x00,0x00,0x00,0x00,0x00,0x00,0x00,0x00,0x00,0x00,0x00,0x00,0x40,
    0x00,0x00,0x00,0x00,0x00,0x00,0x00,0x00,0x00,0x00,0x00,0x00,0x00,0x00,0x00,0x00,0x00,0x00,0x00,0x00,0x00,0x00,0x00,0x00,0x00,0x00,0x00,0x00,0x00,0x00,0x00,0x00,
    0x40,0x00,0x00,0x00,0x00,0x40,0x00,0x00,0x00,0x00,0x00,0x00,0x00,0x00,0x00,0x00,0x00,0x80,0x00,0x00,0x00,0x00,0x00,0x00,0x00,0x80,0xc0,0xa2,0x55,0xff,0xdd,0xbf,
    0x00,0x00,0x00,0x00,0x00,0x00,0x00,0x00,0x00,0x00,0x00,0x00,0x00,0x00,0x00,0x00,0x00,0x00,0x00,0x00,0x00,0x00,0x00,0x00,0x00,0x00,0x00,0x00,0x00,0x00,0x00,0x00,
    0x00,0x00,0x00,0x00,0x00,0x00,0x00,0x00,0x00,0x00,0x00,0x00,0x00,0x00,0x00,0x00,0x00,0x00,0x00,0x00,0x00,0x00,0x00,0x00,0x00,0x00,0x00,0x00,0x00,0x00,0x00,0x00,
    0x10,0x80,0x00,0x00,0x00,0x00,0x00,0x00,0x00,0x00,0x00,0x00,0x00,0x00,0x00,0x00,0x00,0x08,0x04,0x0c,0x04,0x0c,0x1c,0x1c,0x14,0x18,0x1c,0x38,0x10,0x38,0x10,0x3a,
    0x30,0x7e,0x54,0x7e,0x74,0xec,0x44,0xe8,0x40,0xe8,0xc0,0xea,0x51,0xff,0xdd,0xbf,0x17,0xbf,0x15,0xbf,0x17,0x3f,0x15,0x3f,0x77,0xff,0x5d,0xff,0xf7,0xff,0xdd,0xff,
    0x00,0x00,0x00,0x00,0x00,0x00,0x00,0x00,0x00,0x00,0x00,0x00,0x00,0x00,0x00,0x00,0x00,0x00,0x00,0x00,0x00,0x00,0x00,0x00,0x00,0x00,0x00,0x00,0x00,0x00,0x00,0x00,
    0x00,0x00,0x00,0x00,0x00,0x00,0x00,0x00,0x00,0x00,0x00,0x00,0x00,0x00,0x00,0x00,0x00,0x00,0x00,0x00,0x00,0x00,0x00,0x00,0x00,0x00,0x00,0x00,0x00,0x00,0x00,0x00,
    0x00,0x00,0x00,0x00,0x00,0x00,0x00,0x00,0x00,0x08,0x02,0x00,0x00,0x00,0x00,0x00,0x00,0x08,0x04,0x28,0x14,0x2c,0x1c,0x38,0x14,0x38,0x18,0x38,0x10,0x38,0x50,0x38,
    0x70,0xf8,0x50,0x72,0x74,0xe2,0x44,0x62,0x4c,0xee,0x44,0xee,0x45,0xcf,0xdd,0xff,0x57,0x9f,0x1d,0xbf,0x17,0x3f,0x1d,0x3f,0x37,0xfe,0x5d,0xfe,0x76,0xfe,0xdc,0xfe,
    0x00,0x00,0x00,0x00,0x00,0x00,0x00,0x00,0x00,0x00,0x00,0x00,0x00,0x00,0x00,0x00,0x00,0x00,0x00,0x00,0x00,0x00,0x00,0x00,0x00,0x00,0x00,0x00,0x00,0x00,0x00,0x00,
    0x00,0x00,0x00,0x00,0x00,0x00,0x00,0x00,0x00,0x00,0x00,0x00,0x00,0x00,0x00,0x00,0x00,0x00,0x00,0x00,0x00,0x00,0x00,0x00,0x00,0x00,0x00,0x00,0x00,0x00,0x00,0x00,
    0x00,0x00,0x00,0x00,0x00,0x00,0x00,0x00,0x00,0x00,0x00,0x00,0x00,0x00,0x00,0x00,0x00,0x00,0x00,0x00,0x00,0x00,0x00,0x00,0x04,0x00,0x00,0x00,0x00,0x00,0x00,0x00,
    0x00,0x00,0x00,0x00,0x02,0x00,0x00,0x00,0x00,0x00,0x00,0x00,0x00,0x00,0x00,0x00,0x00,0x00,0x01,0x00,0x01,0x00,0x01,0x00,0x01,0x02,0x01,0x2b,0x77,0xfe,0xd4,0xfe
  },
  { // 298
    0x00,0x00,0x00,0x00,0x00,0x00,0x00,0x00,0x00,0x00,0x00,0x00,0x00,0x00,0x00,0x00,0x00,0x00,0x00,0x00,0x00,0x00,0x00,0x00,0x00,0x00,0x00,0x00,0x00,0x00,0x00,0x00,
    0x00,0x00,0x00,0x00,0x00,0x00,0x00,0x00,0x00,0x00,0x00,0x00,0x00,0x00,0x00,0x00,0x00,0x00,0x00,0x00,0x00,0x00,0x00,0x00,0x00,0x00,0x00,0x00,0x00,0x00,0x00,0x00,
    0x00,0x00,0x80,0x00,0x00,0x00,0x00,0x00,0x00,0x00,0x00,0x00,0x00,0x00,0x00,0x00,0x00,0x00,0x00,0x00,0x00,0x00,0x00,0x00,0x00,0x00,0x00,0x00,0x00,0x00,0x00,0x00,
    0x00,0x00,0x80,0x00,0x00,0x00,0x00,0x00,0x40,0x00,0x00,0x00,0x00,0x00,0x00,0x80,0x00,0x80,0x00,0x80,0x00,0x80,0x00,0x80,0x80,0x80,0x00,0x82,0xd1,0xbf,0x17,0xbf,
    0x00,0x00,0x00,0x00,0x00,0x00,0x00,0x00,0x00,0x00,0x00,0x00,0x00,0x00,0x00,0x00,0x00,0x00,0x00,0x00,0x00,0x00,0x00,0x00,0x00,0x00,0x00,0x00,0x00,0x00,0x00,0x00,
    0x00,0x00,0x00,0x00,0x00,0x00,0x00,0x00,0x00,0x00,0x00,0x00,0x00,0x00,0x00,0x00,0x00,0x00,0x00,0x00,0x00,0x00,0x00,0x00,0x00,0x00,0x00,0x00,0x00,0x00,0x00,0x80,
    0x00,0x00,0x00,0x00,0x90,0x00,0x00,0x00,0x00,0x00,0x00,0x00,0x00,0x00,0x00,0x00,0x00,0x00,0x00,0x08,0x04,0x0a,0x04,0x0e,0x1c,0x1a,0x14,0x1e,0x14,0x3a,0x14,0x3e,
    0x14,0x3e,0x34,0x3e,0x5c,0x7c,0x74,0xf8,0x58,0xb8,0x51,0xe8,0xd1,0xbb,0x53,0xfb,0xd5,0xbf,0x77,0xef,0x45,0xaf,0x47,0xaf,0x4d,0xef,0x57,0xff,0xdd,0xff,0x77,0xff,
    0x00,0x00,0x00,0x00,0x00,0x00,0x00,0x00,0x00,0x00,0x00,0x00,0x00,0x00,0x00,0x00,0x00,0x00,0x00,0x00,0x00,0x00,0x00,0x00,0x00,0x00,0x00,0x00,0x00,0x00,0x00,0x00,
    0x00,0x00,0x00,0x00,0x00,0x00,0x00,0x00,0x00,0x00,0x00,0x00,0x00,0x00,0x00,0x00,0x00,0x00,0x00,0x00,0x00,0x00,0x00,0x00,0x00,0x00,0x00,0x00,0x00,0x40,0x00,0x00,
    0x00,0x00,0x00,0x00,0x00,0x00,0x00,0x00,0x00,0x00,0x00,0x02,0x00,0x00,0x00,0x00,0x04,0x00,0x04,0x0c,0x0c,0x0c,0x14,0x1c,0x1c,0x3c,0x14,0x38,0x18,0x38,0x10,0x38,
    0x10,0x3a,0x70,0x7e,0x54,0x7e,0x74,0x6e,0x44,0x68,0x49,0xc8,0x45,0x8b,0x57,0xbf,0xdd,0xbf,0x17,0xbf,0x9d,0x3f,0x37,0x3e,0x1d,0x3e,0x77,0xfe,0x5d,0xff,0x77,0xff,
    0x00,0x00,0x00,0x00,0x00,0x00,0x00,0x00,0x00,0x00,0x00,0x00,0x00,0x00,0x00,0x00,0x00,0x00,0x00,0x00,0x00,0x00,0x00,0x00,0x00,0x00,0x00,0x00,0x00,0x00,0x00,0x00,
    0x00,0x00,0x00,0x00,0x00,0x00,0x00,0x00,0x00,0x00,0x00,0x00,0x00,0x00,0x00,0x00,0x00,0x00,0x00,0x00,0x00,0x00,0x00,0x00,0x00,0x00,0x00,0x00,0x00,0x00,0x02,0x00,
    0x00,0x00,0x00,0x00,0x00,0x00,0x00,0x00,0x00,0x00,0x00,0x00,0x00,0x00,0x00,0x00,0x00,0x00,0x00,0x00,0x00,0x00,0x00,0x00,0x00,0x00,0x04,0x00,0x00,0x00,0x00,0x00,
    0x00,0x00,0x00,0x00,0x00,0x00,0x02,0x00,0x00,0x00,0x00,0x00,0x00,0x00,0x00,0x00,0x00,0x00,0x00,0x00,0x01,0x00,0x00,0x00,0x00,0x02,0x04,0x2e,0x5c,0xfe,0x76,0xfe
  },
  { // 299
    0x00,0x00,0x00,0x00,0x00,0x00,0x00,0x00,0x00,0x00,0x00,0x00,0x00,0x00,0x00,0x00,0x00,0x00,0x00,0x00,0x00,0x00,0x00,0x00,0x00,0x00,0x00,0x00,0x00,0x00,0x00,0x00,
    0x00,0x00,0x00,0x00,0x00,0x00,0x00,0x00,0x00,0x00,0x00,0x00,0x00,0x00,0x00,0x00,0x00,0x00,0x00,0x00,0x00,0x00,0x00,0x00,0x00,0x00,0x00,0x00,0x00,0x00,0x00,0x00,
    0x00,0x80,0x00,0x00,0x80,0x00,0x00,0x00,0x00,0x00,0x00,0x00,0x00,0x00,0x00,0x00,0x00,0x00,0x00,0x00,0x00,0x00,0x00,0x00,0x00,0x00,0x00,0x00,0x00,0x00,0x00,0x00,
    0x00,0x00,0x00,0x80,0x00,0x00,0x00,0x00,0x00,0x00,0x40,0x00,0x00,0x00,0x00,0x80,0x00,0x80,0x80,0x80,0x00,0xc0,0xc0,0x80,0x00,0x80,0x80,0x80,0x01,0xa3,0x95,0xbf,
    0x00,0x00,0x00,0x00,0x00,0x00,0x00,0x00,0x00,0x00,0x00,0x00,0x00,0x00,0x00,0x00,0x00,0x00,0x00,0x00,0x00,0x00,0x00,0x00,0x00,0x00,0x00,0x00,0x00,0x00,0x00,0x00,
    0x00,0x00,0x00,0x00,0x00,0x00,0x00,0x00,0x00,0x00,0x00,0x00,0x00,0x00,0x00,0x00,0x00,0x00,0x00,0x00,0x00,0x00,0x00,0x00,0x00,0x00,0x00,0x00,0x00,0x00,0x00,0x00,
    0x20,0x00,0x00,0x00,0x00,0x00,0x00,0x10,0x00,0x00,0x00,0x00,0x00,0x00,0x00,0x00,0x00,0x00,0x00,0x00,0x00,0x08,0x00,0x0a,0x04,0x0e,0x04,0x0e,0x16,0x0e,0x04,0x0e,
    0x04,0x0c,0x1c,0x3c,0x14,0xbc,0x1c,0xb8,0x11,0xb8,0x51,0xba,0x11,0xb2,0x51,0xb3,0x73,0xe7,0xd5,0xef,0x67,0xef,0xcd,0xcf,0x47,0xcf,0xcd,0x9f,0x17,0xbf,0xdd,0xbf,
    0x00,0x00,0x00,0x00,0x00,0x00,0x00,0x00,0x00,0x00,0x00,0x00,0x00,0x00,0x00,0x00,0x00,0x00,0x00,0x00,0x00,0x00,0x00,0x00,0x00,0x00,0x00,0x00,0x00,0x00,0x00,0x00,
    0x00,0x00,0x00,0x00,0x00,0x00,0x00,0x00,0x00,0x00,0x00,0x00,0x00,0x00,0x00,0x00,0x00,0x00,0x00,0x00,0x00,0x00,0x00,0x00,0x00,0x00,0x00,0x00,0x00,0x08,0x00,0x0c,
    0x00,0x28,0x01,0x00,0x00,0x00,0x00,0x00,0x00,0x00,0x00,0x00,0x00,0x03,0x04,0x02,0x04,0x0e,0x04,0x0a,0x04,0x0e,0x0c,0x1e,0x14,0x1e,0x1c,0x3e,0x14,0x3e,0x14,0x3a,
    0x34,0x3e,0x14,0x3e,0x74,0x7c,0x5c,0x7c,0x75,0x7a,0x59,0x39,0x51,0xab,0x51,0xbb,0x1b,0xbf,0x55,0xbf,0x77,0xef,0x4d,0x2f,0x47,0x6f,0x5d,0xff,0x57,0xff,0xdd,0xff,
    0x00,0x00,0x00,0x00,0x00,0x00,0x00,0x00,0x00,0x00,0x00,0x00,0x00,0x00,0x00,0x00,0x00,0x00,0x00,0x00,0x00,0x00,0x00,0x00,0x00,0x00,0x00,0x00,0x00,0x00,0x00,0x00,
    0x00,0x00,0x00,0x00,0x00,0x00,0x00,0x00,0x00,0x00,0x00,0x00,0x00,0x00,0x00,0x00,0x00,0x00,0x00,0x00,0x00,0x00,0x00,0x00,0x00,0x00,0x00,0x00,0x00,0x00,0x00,0x00,
    0x00,0x01,0x00,0x00,0x00,0x00,0x00,0x00,0x00,0x00,0x00,0x00,0x00,0x00,0x00,0x00,0x00,0x00,0x00,0x00,0x00,0x00,0x00,0x00,0x00,0x00,0x00,0x04,0x00,0x00,0x00,0x00,
    0x00,0x00,0x00,0x00,0x00,0x00,0x00,0x00,0x00,0x00,0x00,0x00,0x00,0x00,0x00,0x00,0x00,0x00,0x00,0x00,0x00,0x00,0x00,0x02,0x00,0x0e,0x04,0x2e,0x44,0xfe,0xdd,0xff
  },
  { // 300
    0x00,0x00,0x00,0x00,0x00,0x00,0x00,0x00,0x00,0x00,0x00,0x00,0x00,0x00,0x00,0x00,0x00,0x00,0x00,0x00,0x00,0x00,0x00,0x00,0x00,0x00,0x00,0x00,0x00,0x00,0x00,0x00,
    0x00,0x00,0x00,0x00,0x00,0x00,0x00,0x00,0x00,0x00,0x00,0x00,0x00,0x00,0x00,0x00,0x00,0x00,0x00,0x00,0x00,0x00,0x00,0x00,0x00,0x00,0x00,0x00,0x00,0x00,0x00,0x00,
    0x00,0x00,0x00,0x80,0x00,0x00,0x00,0x00,0x00,0x00,0x00,0x00,0x00,0x00,0x00,0x00,0x00,0x00,0x00,0x00,0x00,0x00,0x00,0x00,0x00,0x00,0x00,0x00,0x00,0x00,0x00,0x00,
    0x00,0x00,0x00,0x00,0x00,0x80,0x00,0x00,0x00,0x00,0x00,0x00,0x20,0x00,0x00,0x00,0x80,0x00,0x80,0xc0,0xc0,0x40,0xc0,0xc0,0x80,0x40,0x80,0x80,0xa3,0x03,0xa7,0xd5,
    0x00,0x00,0x00,0x00,0x00,0x00,0x00,0x00,0x00,0x00,0x00,0x00,0x00,0x00,0x00,0x00,0x00,0x00,0x00,0x00,0x00,0x00,0x00,0x00,0x00,0x00,0x00,0x00,0x00,0x00,0x00,0x00,
    0x00,0x00,0x00,0x00,0x00,0x00,0x00,0x00,0x00,0x00,0x00,0x00,0x00,0x00,0x00,0x00,0x00,0x00,0x00,0x00,0x00,0x00,0x00,0x00,0x00,0x00,0x00,0x00,0x00,0x00,0x00,0x00,
    0x00,0x00,0x00,0x20,0x00,0x00,0x00,0x01,0x00,0x00,0x10,0x00,0x00,0x00,0x00,0x00,0x00,0x00,0x00,0x00,0x00,0x00,0x02,0x00,0x02,0x00,0x06,0x04,0x0e,0x06,0x0e,0x04,
    0x0e,0x04,0x0c,0x0c,0x08,0x14,0x9e,0x1d,0xba,0x15,0xba,0x14,0xba,0x30,0xe2,0x50,0xe2,0x64,0xee,0xc5,0xef,0x47,0xef,0xcd,0xcf,0x57,0x8f,0x9d,0x9f,0x17,0xbf,0x9d,
    0x00,0x00,0x00,0x00,0x00,0x00,0x00,0x00,0x00,0x00,0x00,0x00,0x00,0x00,0x00,0x00,0x00,0x00,0x00,0x00,0x00,0x00,0x00,0x00,0x00,0x00,0x00,0x00,0x00,0x00,0x00,0x00,
    0x00,0x00,0x00,0x00,0x00,0x00,0x00,0x00,0x00,0x00,0x00,0x00,0x00,0x00,0x00,0x00,0x00,0x00,0x00,0x00,0x00,0x00,0x00,0x00,0x00,0x00,0x00,0x00,0x00,0x00,0x08,0x00,
    0x08,0x00,0x0c,0x00,0x20,0x01,0x00,0x00,0x00,0x00,0x00,0x00,0x00,0x00,0x08,0x05,0x0a,0x04,0x0a,0x04,0x0a,0x01,0x0a,0x05,0x0a,0x17,0x1e,0x1d,0x3e,0x16,0x3e,0x1c,
    0x3e,0x14,0x2c,0x1c,0x3c,0x14,0x3c,0x5d,0x3b,0x71,0x7b,0x5b,0x3b,0x31,0x33,0x51,0x23,0x7f,0xef,0x45,0xef,0x67,0xef,0x4d,0xef,0x47,0x8f,0x5d,0x9f,0x17,0xbf,0x9d,
    0x00,0x00,0x00,0x00,0x00,0x00,0x00,0x00,0x00,0x00,0x00,0x00,0x00,0x00,0x00,0x00,0x00,0x00,0x00,0x00,0x00,0x00,0x00,0x00,0x00,0x00,0x00,0x00,0x00,0x00,0x00,0x00,
    0x00,0x00,0x00,0x00,0x00,0x00,0x00,0x00,0x00,0x00,0x00,0x00,0x00,0x00,0x00,0x00,0x00,0x00,0x00,0x00,0x00,0x00,0x00,0x00,0x00,0x00,0x00,0x00,0x00,0x00,0x00,0x00,
    0x00,0x00,0x00,0x00,0x01,0x00,0x00,0x00,0x00,0x00,0x00,0x00,0x00,0x00,0x00,0x00,0x00,0x00,0x00,0x00,0x00,0x00,0x00,0x00,0x00,0x00,0x00,0x00,0x00,0x04,0x00,0x00,
    0x00,0x00,0x00,0x00,0x00,0x00,0x00,0x00,0x00,0x00,0x00,0x00,0x00,0x00,0x00,0x00,0x00,0x00,0x00,0x00,0x00,0x00,0x00,0x04,0x06,0x04,0x0e,0x0c,0x0e,0x15,0xff,0xdd
  },
  { // 301
    0x00,0x00,0x00,0x00,0x00,0x00,0x00,0x00,0x00,0x00,0x00,0x00,0x00,0x00,0x00,0x00,0x00,0x00,0x00,0x00,0x00,0x00,0x00,0x00,0x00,0x00,0x00,0x00,0x00,0x00,0x00,0x00,
    0x00,0x00,0x00,0x00,0x00,0x00,0x00,0x00,0x00,0x00,0x00,0x00,0x00,0x00,0x00,0x00,0x00,0x00,0x00,0x00,0x00,0x00,0x00,0x00,0x00,0x00,0x00,0x00,0x00,0x00,0x00,0x00,
    0x00,0x00,0x00,0x00,0x00,0x00,0x00,0x00,0x00,0x00,0x00,0x00,0x00,0x00,0x00,0x00,0x00,0x00,0x00,0x00,0x00,0x00,0x00,0x00,0x00,0x00,0x00,0x00,0x00,0x00,0x00,0x00,
    0x00,0x00,0x00,0x00,0x00,0x00,0x00,0x00,0x00,0x00,0x00,0x00,0x00,0x00,0x20,0x00,0x80,0x00,0x80,0x00,0xc0,0xc0,0xc0,0x40,0xe0,0xc0,0xe0,0x40,0xe0,0xc1,0xe3,0x67,
    0x00,0x00,0x00,0x00,0x00,0x00,0x00,0x00,0x00,0x00,0x00,0x00,0x00,0x00,0x00,0x00,0x00,0x00,0x00,0x00,0x00,0x00,0x00,0x00,0x00,0x00,0x00,0x00,0x00,0x00,0x00,0x00,
    0x00,0x00,0x00,0x00,0x00,0x00,0x00,0x00,0x00,0x00,0x00,0x00,0x00,0x00,0x00,0x00,0x00,0x00,0x00,0x00,0x00,0x00,0x00,0x00,0x00,0x00,0x00,0x00,0x00,0x00,0x00,0x00,
    0x00,0x00,0x00,0x00,0x00,0x00,0x00,0x00,0x00,0x01,0x00,0x00,0x80,0x10,0x00,0x00,0x00,0x00,0x00,0x00,0x00,0x00,0x02,0x00,0x02,0x00,0x02,0x04,0x0e,0x04,0x0e,0x05,
    0x8e,0x0d,0x0a,0x05,0x0a,0x1c,0x1b,0x14,0xbe,0x1c,0x3e,0x36,0xbe,0x54,0xfe,0x74,0xec,0xc4,0xe8,0x51,0xe9,0xdd,0xff,0x53,0xfb,0xdd,0xfb,0x13,0xbb,0x95,0xa7,0x37,
    0x00,0x00,0x00,0x00,0x00,0x00,0x00,0x00,0x00,0x00,0x00,0x00,0x00,0x00,0x00,0x00,0x00,0x00,0x00,0x00,0x00,0x00,0x00,0x00,0x00,0x00,0x00,0x00,0x00,0x00,0x00,0x00,
    0x00,0x00,0x00,0x00,0x00,0x00,0x00,0x00,0x00,0x00,0x00,0x00,0x00,0x00,0x00,0x00,0x00,0x00,0x00,0x00,0x00,0x00,0x00,0x00,0x00,0x00,0x00,0x00,0x08,0x00,0x00,0x00,
    0x08,0x00,0x00,0x00,0x0c,0x00,0x02,0x00,0x02,0x00,0x00,0x00,0x00,0x00,0x00,0x00,0x09,0x01,0x0b,0x01,0x0b,0x01,0x03,0x03,0x02,0x05,0x06,0x07,0x0e,0x0d,0x2e,0x17,
    0x0e,0x1c,0x1e,0x14,0x1c,0x1c,0x38,0x11,0x3a,0x1d,0x3b,0x37,0x3f,0x57,0x36,0x70,0x62,0x44,0x62,0x65,0xef,0x4d,0xef,0x57,0xef,0xdd,0x9f,0x17,0x9f,0x9d,0xbf,0x17,
    0x00,0x00,0x00,0x00,0x00,0x00,0x00,0x00,0x00,0x00,0x00,0x00,0x00,0x00,0x00,0x00,0x00,0x00,0x00,0x00,0x00,0x00,0x00,0x00,0x00,0x00,0x00,0x00,0x00,0x00,0x00,0x00,
    0x00,0x00,0x00,0x00,0x00,0x00,0x00,0x00,0x00,0x00,0x00,0x00,0x00,0x00,0x00,0x00,0x00,0x00,0x00,0x00,0x00,0x00,0x00,0x00,0x00,0x00,0x00,0x00,0x00,0x00,0x00,0x00,
    0x00,0x00,0x00,0x00,0x00,0x00,0x00,0x01,0x00,0x00,0x00,0x00,0x00,0x00,0x00,0x00,0x00,0x00,0x00,0x00,0x00,0x00,0x00,0x00,0x00,0x00,0x00,0x00,0x00,0x00,0x00,0x00,
    0x00,0x00,0x00,0x00,0x00,0x00,0x00,0x00,0x00,0x00,0x00,0x04,0x00,0x00,0x00,0x00,0x00,0x00,0x00,0x00,0x00,0x00,0x02,0x05,0x0e,0x05,0x0f,0x05,0x0f,0x1d,0x9f,0x17
  },
  { // 302
    0x00,0x00,0x00,0x00,0x00,0x00,0x00,0x00,0x00,0x00,0x00,0x00,0x00,0x00,0x00,0x00,0x00,0x00,0x00,0x00,0x00,0x00,0x00,0x00,0x00,0x00,0x00,0x00,0x00,0x00,0x00,0x00,
    0x00,0x00,0x00,0x00,0x00,0x00,0x00,0x00,0x00,0x00,0x00,0x00,0x00,0x00,0x00,0x00,0x00,0x00,0x00,0x00,0x00,0x00,0x00,0x00,0x00,0x00,0x00,0x00,0x00,0x00,0x00,0x00,
    0x00,0x00,0x00,0x00,0x00,0x00,0x80,0x00,0x00,0x00,0x00,0x00,0x00,0x00,0x00,0x00,0x00,0x00,0x00,0x00,0x00,0x00,0x00,0x00,0x00,0x00,0x00,0x00,0x00,0x00,0x00,0x00,
    0x00,0x00,0x00,0x00,0x00,0x00,0x00,0x00,0x00,0x00,0x00,0x00,0x00,0x80,0x00,0x80,0x00,0x80,0x00,0x80,0x00,0x80,0xc0,0xe0,0x40,0xe0,0xc0,0xe0,0x60,0xe0,0xc5,0xef,
    0x00,0x00,0x00,0x00,0x00,0x00,0x00,0x00,0x00,0x00,0x00,0x00,0x00,0x00,0x00,0x00,0x00,0x00,0x00,0x00,0x00,0x00,0x00,0x00,0x00,0x00,0x00,0x00,0x00,0x00,0x00,0x00,
    0x00,0x00,0x00,0x00,0x00,0x00,0x00,0x00,0x00,0x00,0x00,0x00,0x00,0x00,0x00,0x00,0x00,0x00,0x00,0x00,0x00,0x00,0x00,0x00,0x00,0x00,0x00,0x00,0x00,0x00,0x00,0x00,
    0x00,0x00,0x00,0x00,0x00,0x00,0x00,0x00,0x00,0x40,0x00,0x00,0x00,0x00,0x00,0x00,0x00,0x00,0x00,0x00,0x00,0x00,0x00,0x00,0x00,0x00,0x00,0x00,0x00,0x82,0x05,0x8b,
    0x05,0x8f,0x05,0x0b,0x07,0x0e,0x04,0x0e,0x07,0x0e,0x1c,0xbe,0x56,0xfe,0x5c,0xfe,0x54,0xfc,0xd8,0xf8,0x51,0xf9,0xd1,0xfb,0x7b,0xfb,0xd5,0xf3,0x77,0xe7,0xc5,0xe7,
    0x00,0x00,0x00,0x00,0x00,0x00,0x00,0x00,0x00,0x00,0x00,0x00,0x00,0x00,0x00,0x00,0x00,0x00,0x00,0x00,0x00,0x00,0x00,0x00,0x00,0x00,0x00,0x00,0x00,0x00,0x00,0x00,
    0x00,0x00,0x00,0x00,0x00,0x00,0x00,0x00,0x00,0x00,0x00,0x00,0x00,0x00,0x00,0x00,0x00,0x00,0x00,0x00,0x00,0x00,0x00,0x00,0x00,0x00,0x00,0x00,0x00,0x00,0x00,0x02,
    0x00,0x02,0x00,0x02,0x00,0x0e,0x04,0x0e,0x04,0x08,0x04,0x0a,0x00,0x08,0x00,0x01,0x00,0x08,0x01,0x03,0x01,0x03,0x01,0x02,0x07,0x06,0x04,0x06,0x07,0x0e,0x0d,0x0f,
    0x17,0x0f,0x1d,0x1f,0x15,0x1f,0x1d,0x3a,0x17,0x3e,0x1c,0x3e,0x36,0x3e,0x5c,0x7e,0x74,0x6c,0x44,0x68,0x41,0xe9,0xdd,0xff,0x57,0xff,0xdd,0xbf,0x17,0xbf,0x15,0xaf,
    0x00,0x00,0x00,0x00,0x00,0x00,0x00,0x00,0x00,0x00,0x00,0x00,0x00,0x00,0x00,0x00,0x00,0x00,0x00,0x00,0x00,0x00,0x00,0x00,0x00,0x00,0x00,0x00,0x00,0x00,0x00,0x00,
    0x00,0x00,0x00,0x00,0x00,0x00,0x00,0x00,0x00,0x00,0x00,0x00,0x00,0x00,0x00,0x00,0x00,0x00,0x00,0x00,0x00,0x00,0x00,0x00,0x00,0x00,0x00,0x00,0x00,0x00,0x00,0x00,
    0x00,0x00,0x00,0x00,0x00,0x00,0x00,0x00,0x00,0x00,0x00,0x00,0x00,0x00,0x00,0x00,0x00,0x00,0x00,0x00,0x00,0x00,0x00,0x00,0x00,0x00,0x00,0x00,0x00,0x00,0x00,0x00,
    0x00,0x00,0x00,0x00,0x00,0x00,0x00,0x00,0x00,0x00,0x00,0x00,0x00,0x04,0x00,0x00,0x00,0x00,0x00,0x00,0x00,0x00,0x00,0x02,0x05,0x0f,0x0d,0x0f,0x07,0x9f,0x1d,0xbf
  },
  { // 303
    0x00,0x00,0x00,0x00,0x00,0x00,0x00,0x00,0x00,0x00,0x00,0x00,0x00,0x00,0x00,0x00,0x00,0x00,0x00,0x00,0x00,0x00,0x00,0x00,0x00,0x00,0x00,0x00,0x00,0x00,0x00,0x00,
    0x00,0x00,0x00,0x00,0x00,0x00,0x00,0x00,0x00,0x00,0x00,0x00,0x00,0x00,0x00,0x00,0x00,0x00,0x00,0x00,0x00,0x00,0x00,0x00,0x00,0x00,0x00,0x00,0x00,0x00,0x00,0x00,
    0x00,0x00,0x00,0x00,0x00,0x00,0x00,0x00,0x80,0x00,0x00,0x00,0x00,0x00,0x00,0x00,0x00,0x00,0x00,0x00,0x00,0x00,0x00,0x00,0x00,0x00,0x00,0x00,0x00,0x00,0x00,0x00,
    0x00,0x00,0x00,0x00,0x00,0x00,0x00,0x00,0x00,0x00,0x00,0x80,0x00,0x80,0x00,0x80,0x00,0x80,0x00,0x80,0x00,0x00,0x00,0xc0,0x40,0xe0,0x60,0xe0,0xc0,0xe0,0x71,0xfd,
    0x00,0x00,0x00,0x00,0x00,0x00,0x00,0x00,0x00,0x00,0x00,0x00,0x00,0x00,0x00,0x00,0x00,0x00,0x00,0x00,0x00,0x00,0x00,0x00,0x00,0x00,0x00,0x00,0x00,0x00,0x00,0x00,
    0x00,0x00,0x00,0x00,0x00,0x00,0x00,0x00,0x00,0x00,0x00,0x00,0x00,0x00,0x00,0x00,0x00,0x00,0x00,0x00,0x00,0x00,0x00,0x00,0x00,0x00,0x00,0x00,0x00,0x00,0x00,0x00,
    0x00,0x00,0x00,0x00,0x00,0x00,0x00,0x00,0x00,0x00,0x00,0x00,0x40,0x00,0x00,0x00,0x00,0x00,0x00,0x80,0x00,0x00,0x00,0x80,0x00,0x00,0x00,0x80,0x00,0x80,0x01,0x82,
    0x01,0x83,0x03,0x8f,0x05,0x06,0x07,0x0e,0x04,0x0f,0x04,0x0e,0x4c,0xbe,0xd5,0xfe,0xdd,0xff,0x55,0xf8,0xd9,0xba,0x71,0xfa,0xd1,0xfb,0x7f,0xff,0xd5,0xef,0x67,0xef,
    0x00,0x00,0x00,0x00,0x00,0x00,0x00,0x00,0x00,0x00,0x00,0x00,0x00,0x00,0x00,0x00,0x00,0x00,0x00,0x00,0x00,0x00,0x00,0x00,0x00,0x00,0x00,0x00,0x00,0x00,0x00,0x00,
    0x00,0x00,0x00,0x00,0x00,0x00,0x00,0x00,0x00,0x00,0x00,0x00,0x00,0x00,0x00,0x00,0x00,0x00,0x00,0x00,0x00,0x00,0x00,0x00,0x00,0x00,0x00,0x00,0x00,0x02,0x00,0x02,
    0x04,0x02,0x00,0x02,0x04,0x02,0x04,0x0c,0x04,0x0a,0x00,0x08,0x00,0x08,0x04,0x08,0x00,0x00,0x01,0x02,0x00,0x02,0x01,0x06,0x04,0x02,0x05,0x0e,0x05,0x0b,0x05,0x0f,
    0x0d,0x0f,0x17,0x1f,0x1d,0x1f,0x17,0x3e,0x14,0x3e,0x16,0x3e,0x1c,0x3e,0x74,0x7e,0x5c,0x7d,0x75,0x78,0x59,0xf9,0x51,0xfb,0xd3,0xfb,0x73,0xff,0xd5,0xf7,0x77,0xef,
    0x00,0x00,0x00,0x00,0x00,0x00,0x00,0x00,0x00,0x00,0x00,0x00,0x00,0x00,0x00,0x00,0x00,0x00,0x00,0x00,0x00,0x00,0x00,0x00,0x00,0x00,0x00,0x00,0x00,0x00,0x00,0x00,
    0x00,0x00,0x00,0x00,0x00,0x00,0x00,0x00,0x00,0x00,0x00,0x00,0x00,0x00,0x00,0x00,0x00,0x00,0x00,0x00,0x00,0x00,0x00,0x00,0x00,0x00,0x00,0x00,0x00,0x00,0x00,0x00,
    0x00,0x00,0x00,0x00,0x00,0x00,0x00,0x00,0x00,0x00,0x00,0x00,0x00,0x00,0x00,0x00,0x00,0x00,0x00,0x00,0x00,0x00,0x00,0x00,0x00,0x00,0x00,0x00,0x00,0x00,0x00,0x00,
    0x00,0x00,0x00,0x00,0x00,0x00,0x00,0x00,0x00,0x00,0x00,0x00,0x00,0x00,0x00,0x04,0x00,0x00,0x00,0x00,0x00,0x00,0x00,0x00,0x01,0x03,0x03,0x0f,0x15,0xbf,0x17,0xbf
  },
  { // 304
    0x00,0x00,0x00,0x00,0x00,0x00,0x00,0x00,0x00,0x00,0x00,0x00,0x00,0x00,0x00,0x00,0x00,0x00,0x00,0x00,0x00,0x00,0x00,0x00,0x00,0x00,0x00,0x00,0x00,0x00,0x00,0x00,
    0x00,0x00,0x00,0x00,0x00,0x00,0x00,0x00,0x00,0x00,0x00,0x00,0x00,0x00,0x00,0x00,0x00,0x00,0x00,0x00,0x00,0x00,0x00,0x00,0x00,0x00,0x00,0x00,0x00,0x00,0x00,0x00,
    0x00,0x00,0x00,0x00,0x00,0x00,0x00,0x00,0x00,0x00,0x00,0x00,0x00,0x00,0x00,0x00,0x00,0x00,0x00,0x00,0x00,0x00,0x00,0x00,0x00,0x00,0x00,0x00,0x00,0x00,0x00,0x00,
    0x00,0x00,0x00,0x00,0x00,0x00,0x00,0x00,0x00,0x80,0x00,0x00,0x00,0x80,0x00,0x80,0x00,0x80,0x00,0x00,0x00,0x00,0x40,0x00,0x40,0xe0,0xc0,0xe0,0x60,0xe0,0xd1,0xfb,
    0x00,0x00,0x00,0x00,0x00,0x00,0x00,0x00,0x00,0x00,0x00,0x00,0x00,0x00,0x00,0x00,0x00,0x00,0x00,0x00,0x00,0x00,0x00,0x00,0x00,0x00,0x00,0x00,0x00,0x00,0x00,0x00,
    0x00,0x00,0x00,0x00,0x00,0x00,0x00,0x00,0x00,0x00,0x00,0x00,0x00,0x00,0x00,0x00,0x00,0x00,0x00,0x00,0x00,0x00,0x00,0x00,0x00,0x00,0x00,0x00,0x00,0x00,0x00,0x00,
    0x00,0x00,0x00,0x00,0x00,0x00,0x00,0x00,0x00,0x00,0x01,0x00,0x00,0x00,0x00,0x80,0x02,0x00,0x00,0x00,0x00,0x80,0x00,0x00,0x00,0x80,0x00,0x80,0x00,0x80,0x00,0x82,
    0x00,0x82,0x01,0x82,0x07,0x8e,0x05,0x0e,0x07,0x0e,0x05,0x0e,0x05,0x8f,0x1d,0xbf,0x97,0xbf,0xdd,0xbf,0x37,0xbe,0x54,0xfa,0x74,0xfe,0xd4,0xfe,0x75,0xff,0xdd,0xff,
    0x00,0x00,0x00,0x00,0x00,0x00,0x00,0x00,0x00,0x00,0x00,0x00,0x00,0x00,0x00,0x00,0x00,0x00,0x00,0x00,0x00,0x00,0x00,0x00,0x00,0x00,0x00,0x00,0x00,0x00,0x00,0x00,
    0x00,0x00,0x00,0x00,0x00,0x00,0x00,0x00,0x00,0x00,0x00,0x00,0x00,0x00,0x00,0x00,0x00,0x00,0x00,0x00,0x00,0x00,0x00,0x00,0x00,0x00,0x00,0x00,0x00,0x02,0x00,0x02,
    0x00,0x02,0x04,0x22,0x00,0x08,0x04,0x08,0x00,0x08,0x04,0x0a,0x00,0x0a,0x00,0x02,0x40,0x04,0x00,0x00,0x02,0x00,0x04,0x0a,0x04,0x0a,0x05,0x0b,0x01,0x0b,0x01,0x0b,
    0x03,0x0b,0x15,0x1f,0x17,0x3f,0x1d,0x3f,0x17,0x2e,0x0c,0x2e,0x14,0x3e,0x1c,0x3e,0x75,0x7f,0x5d,0x3b,0x71,0xfb,0x51,0xbb,0x71,0xf3,0xd7,0xf7,0x77,0xff,0xd5,0xef,
    0x00,0x00,0x00,0x00,0x00,0x00,0x00,0x00,0x00,0x00,0x00,0x00,0x00,0x00,0x00,0x00,0x00,0x00,0x00,0x00,0x00,0x00,0x00,0x00,0x00,0x00,0x00,0x00,0x00,0x00,0x00,0x00,
    0x00,0x00,0x00,0x00,0x00,0x00,0x00,0x00,0x00,0x00,0x00,0x00,0x00,0x00,0x00,0x00,0x00,0x00,0x00,0x00,0x00,0x00,0x00,0x00,0x00,0x00,0x00,0x00,0x00,0x00,0x00,0x00,
    0x00,0x00,0x00,0x00,0x00,0x00,0x00,0x00,0x00,0x00,0x00,0x00,0x00,0x00,0x00,0x00,0x00,0x00,0x00,0x00,0x00,0x00,0x00,0x00,0x00,0x00,0x00,0x00,0x00,0x00,0x00,0x00,
    0x00,0x00,0x00,0x00,0x00,0x00,0x00,0x00,0x00,0x00,0x00,0x00,0x00,0x00,0x00,0x00,0x02,0x00,0x00,0x00,0x00,0x00,0x00,0x00,0x01,0x03,0x01,0x03,0x07,0xef,0xd5,0xff
  },
  { // 305
    0x00,0x00,0x00,0x00,0x00,0x00,0x00,0x00,0x00,0x00,0x00,0x00,0x00,0x00,0x00,0x00,0x00,0x00,0x00,0x00,0x00,0x00,0x00,0x00,0x00,0x00,0x00,0x00,0x00,0x00,0x00,0x00,
    0x00,0x00,0x00,0x00,0x00,0x00,0x00,0x00,0x00,0x00,0x00,0x00,0x00,0x00,0x00,0x00,0x00,0x00,0x00,0x00,0x00,0x00,0x00,0x00,0x00,0x00,0x00,0x00,0x00,0x00,0x00,0x00,
    0x00,0x00,0x00,0x00,0x00,0x00,0x00,0x00,0x00,0x00,0x00,0x00,0x00,0x00,0x00,0x00,0x00,0x00,0x00,0x00,0x00,0x00,0x00,0x00,0x00,0x00,0x00,0x00,0x00,0x00,0x00,0x00,
    0x00,0x00,0x00,0x00,0x00,0x00,0x80,0x00,0x80,0x00,0x80,0x00,0x00,0x00,0x00,0x00,0x00,0x00,0x00,0x00,0x00,0x00,0x00,0x40,0x00,0x40,0xc0,0xc0,0xe0,0x71,0xfb,0xdd,
    0x00,0x00,0x00,0x00,0x00,0x00,0x00,0x00,0x00,0x00,0x00,0x00,0x00,0x00,0x00,0x00,0x00,0x00,0x00,0x00,0x00,0x00,0x00,0x00,0x00,0x00,0x00,0x00,0x00,0x00,0x00,0x00,
    0x00,0x00,0x00,0x00,0x00,0x00,0x00,0x00,0x00,0x00,0x00,0x00,0x00,0x00,0x00,0x00,0x00,0x00,0x00,0x00,0x00,0x00,0x00,0x00,0x00,0x00,0x00,0x00,0x00,0x00,0x00,0x00,
    0x00,0x00,0x00,0x00,0x00,0x00,0x00,0x00,0x00,0x00,0x00,0x01,0x00,0x00,0x00,0x00,0x00,0x00,0x42,0x00,0x00,0x00,0x80,0x00,0x00,0x00,0x80,0x00,0x00,0x00,0x80,0x00,
    0x02,0x00,0x82,0x04,0x82,0x05,0x8e,0x05,0x8f,0x05,0x8f,0x0d,0x8b,0x07,0x8f,0x1d,0xbf,0x17,0xbf,0x1d,0x3f,0x76,0x7e,0x5c,0x7e,0x74,0xfc,0xdc,0xfc,0x75,0xfd,0xdd,
    0x00,0x00,0x00,0x00,0x00,0x00,0x00,0x00,0x00,0x00,0x00,0x00,0x00,0x00,0x00,0x00,0x00,0x00,0x00,0x00,0x00,0x00,0x00,0x00,0x00,0x00,0x00,0x00,0x00,0x00,0x00,0x00,
    0x00,0x00,0x00,0x00,0x00,0x00,0x00,0x00,0x00,0x00,0x00,0x00,0x00,0x00,0x00,0x00,0x00,0x00,0x00,0x00,0x00,0x00,0x00,0x00,0x00,0x00,0x00,0x00,0x00,0x00,0x00,0x00,
    0x00,0x00,0x00,0x04,0x00,0x00,0x28,0x00,0x0a,0x00,0x0a,0x04,0x0a,0x04,0x0e,0x04,0x0a,0x04,0x08,0x24,0x08,0x00,0x08,0x06,0x08,0x01,0x08,0x01,0x0b,0x01,0x03,0x01,
    0x03,0x03,0x03,0x05,0x27,0x07,0x2f,0x0d,0x2f,0x07,0x0f,0x0d,0x0f,0x15,0x1f,0x1d,0x3f,0x17,0x3f,0x5d,0x3f,0x77,0xfe,0x54,0x7a,0x74,0xfe,0x54,0xfe,0x75,0xff,0xdd,
    0x00,0x00,0x00,0x00,0x00,0x00,0x00,0x00,0x00,0x00,0x00,0x00,0x00,0x00,0x00,0x00,0x00,0x00,0x00,0x00,0x00,0x00,0x00,0x00,0x00,0x00,0x00,0x00,0x00,0x00,0x00,0x00,
    0x00,0x00,0x00,0x00,0x00,0x00,0x00,0x00,0x00,0x00,0x00,0x00,0x00,0x00,0x00,0x00,0x00,0x00,0x00,0x00,0x00,0x00,0x00,0x00,0x00,0x00,0x00,0x00,0x00,0x00,0x00,0x00,
    0x00,0x00,0x00,0x00,0x00,0x00,0x00,0x00,0x00,0x00,0x00,0x00,0x00,0x00,0x00,0x00,0x00,0x00,0x00,0x00,0x00,0x00,0x00,0x00,0x00,0x00,0x00,0x00,0x00,0x00,0x00,0x00,
    0x00,0x00,0x00,0x00,0x00,0x00,0x00,0x00,0x00,0x00,0x00,0x00,0x00,0x00,0x00,0x00,0x00,0x00,0x02,0x00,0x00,0x00,0x00,0x00,0x00,0x00,0x02,0x01,0x23,0x67,0xef,0xc5
  },
  { // 306
    0x00,0x00,0x00,0x00,0x00,0x00,0x00,0x00,0x00,0x00,0x00,0x00,0x00,0x00,0x00,0x00,0x00,0x00,0x00,0x00,0x00,0x00,0x00,0x00,0x00,0x00,0x00,0x00,0x00,0x00,0x00,0x00,
    0x00,0x00,0x00,0x00,0x00,0x00,0x00,0x00,0x00,0x00,0x00,0x00,0x00,0x00,0x00,0x00,0x00,0x00,0x00,0x00,0x00,0x00,0x00,0x00,0x00,0x00,0x00,0x00,0x00,0x00,0x00,0x00,
    0x00,0x00,0x00,0x00,0x00,0x00,0x40,0x00,0x00,0x00,0x00,0x00,0x00,0x00,0x00,0x00,0x00,0x00,0x00,0x00,0x00,0x00,0x00,0x00,0x00,0x00,0x00,0x00,0x00,0x00,0x00,0x00,
    0x00,0x00,0x00,0x00,0x00,0x00,0x00,0x00,0x80,0x00,0x80,0x00,0x80,0x00,0x00,0x00,0x00,0x00,0x00,0x00,0x80,0x00,0x80,0x00,0x80,0x00,0x80,0x00,0xa0,0xc0,0xbb,0x77,
    0x00,0x00,0x00,0x00,0x00,0x00,0x00,0x00,0x00,0x00,0x00,0x00,0x00,0x00,0x00,0x00,0x00,0x00,0x00,0x00,0x00,0x00,0x00,0x00,0x00,0x00,0x00,0x00,0x00,0x00,0x00,0x00,
    0x00,0x00,0x00,0x00,0x00,0x00,0x00,0x00,0x00,0x00,0x00,0x00,0x00,0x00,0x00,0x00,0x00,0x00,0x00,0x00,0x00,0x00,0x00,0x00,0x00,0x00,0x00,0x00,0x00,0x00,0x00,0x00,
    0x00,0x00,0x00,0x00,0x20,0x00,0x00,0x00,0x00,0x00,0x00,0x00,0x00,0x00,0x00,0x00,0x00,0x00,0x00,0x00,0x40,0x04,0x00,0x00,0x80,0x00,0x00,0x02,0x00,0x00,0x02,0x00,
    0x00,0x00,0x00,0x00,0x80,0x00,0x8a,0x01,0x8b,0x85,0x8b,0x07,0x8b,0x07,0x0b,0x17,0x0f,0x15,0x3f,0x37,0x7e,0x5d,0x7e,0xf6,0xfe,0x5c,0xfc,0x74,0xfc,0xdd,0xf9,0x71,
    0x00,0x00,0x00,0x00,0x00,0x00,0x00,0x00,0x00,0x00,0x00,0x00,0x00,0x00,0x00,0x00,0x00,0x00,0x00,0x00,0x00,0x00,0x00,0x00,0x00,0x00,0x00,0x00,0x00,0x00,0x00,0x00,
    0x00,0x00,0x00,0x00,0x00,0x00,0x00,0x00,0x00,0x00,0x00,0x00,0x00,0x00,0x00,0x00,0x00,0x00,0x00,0x00,0x00,0x00,0x00,0x00,0x00,0x00,0x00,0x00,0x00,0x00,0x00,0x00,
    0x00,0x00,0x00,0x00,0x00,0x00,0x00,0x00,0x22,0x00,0x02,0x00,0x0a,0x04,0x0e,0x04,0x0f,0x04,0x0c,0x04,0x08,0x04,0x2c,0x00,0x08,0x14,0x18,0x11,0x1a,0x11,0x32,0x11,
    0x22,0x00,0x22,0x00,0x06,0x05,0x0f,0x07,0x0f,0x0d,0x0f,0x17,0x0f,0x1d,0x1f,0x17,0x3f,0x1d,0x3f,0x3f,0x3f,0x5d,0x7e,0x76,0xfe,0x5c,0xfe,0x74,0xfc,0xdc,0xf9,0x75,
    0x00,0x00,0x00,0x00,0x00,0x00,0x00,0x00,0x00,0x00,0x00,0x00,0x00,0x00,0x00,0x00,0x00,0x00,0x00,0x00,0x00,0x00,0x00,0x00,0x00,0x00,0x00,0x00,0x00,0x00,0x00,0x00,
    0x00,0x00,0x00,0x00,0x00,0x00,0x00,0x00,0x00,0x00,0x00,0x00,0x00,0x00,0x00,0x00,0x00,0x00,0x00,0x00,0x00,0x00,0x00,0x00,0x00,0x00,0x00,0x00,0x00,0x00,0x00,0x00,
    0x00,0x00,0x00,0x00,0x00,0x00,0x00,0x00,0x00,0x00,0x00,0x00,0x00,0x00,0x00,0x00,0x00,0x00,0x00,0x00,0x00,0x00,0x00,0x00,0x00,0x00,0x00,0x00,0x00,0x00,0x00,0x00,
    0x00,0x00,0x00,0x00,0x00,0x00,0x00,0x01,0x00,0x00,0x00,0x00,0x00,0x00,0x00,0x00,0x00,0x00,0x00,0x00,0x02,0x00,0x00,0x00,0x00,0x00,0x00,0x00,0x60,0x44,0xef,0x65
  },
  { // 307
    0x00,0x00,0x00,0x00,0x00,0x00,0x00,0x00,0x00,0x00,0x00,0x00,0x00,0x00,0x00,0x00,0x00,0x00,0x00,0x00,0x00,0x00,0x00,0x00,0x00,0x00,0x00,0x00,0x00,0x00,0x00,0x00,
    0x00,0x00,0x00,0x00,0x00,0x00,0x00,0x00,0x00,0x00,0x00,0x00,0x00,0x00,0x00,0x00,0x00,0x00,0x00,0x00,0x00,0x00,0x00,0x00,0x00,0x00,0x00,0x00,0x00,0x00,0x00,0x00,
    0x00,0x00,0x00,0x00,0x00,0x00,0x00,0x00,0x00,0x80,0x00,0x00,0x00,0x00,0x00,0x00,0x00,0x00,0x00,0x00,0x00,0x00,0x00,0x00,0x00,0x00,0x00,0x00,0x00,0x00,0x00,0x00,
    0x00,0x00,0x00,0x00,0x00,0x00,0x00,0x00,0x00,0x00,0x00,0x00,0x00,0x00,0x80,0x00,0x00,0x00,0x80,0x00,0x80,0x00,0x80,0x80,0x80,0x00,0x80,0x00,0x22,0x01,0x3e,0x5c,
    0x00,0x00,0x00,0x00,0x00,0x00,0x00,0x00,0x00,0x00,0x00,0x00,0x00,0x00,0x00,0x00,0x00,0x00,0x00,0x00,0x00,0x00,0x00,0x00,0x00,0x00,0x00,0x00,0x00,0x00,0x00,0x00,
    0x00,0x00,0x00,0x00,0x00,0x00,0x00,0x00,0x00,0x00,0x00,0x00,0x00,0x00,0x00,0x00,0x00,0x00,0x00,0x00,0x00,0x00,0x00,0x00,0x00,0x00,0x00,0x00,0x00,0x00,0x00,0x00,
    0x00,0x00,0x00,0x00,0x00,0x00,0x20,0x00,0x00,0x00,0x00,0x00,0x00,0x00,0x01,0x00,0x00,0x00,0x08,0x00,0x00,0x00,0x08,0x44,0x00,0x80,0x08,0x00,0x00,0x00,0x0a,0x04,
    0x08,0x00,0x08,0x00,0x00,0x00,0x88,0x01,0x8b,0x11,0x8b,0x15,0xa3,0x17,0xa7,0x05,0x27,0x07,0x2e,0x0d,0x2f,0x57,0xff,0x5d,0xff,0xd7,0xff,0xdd,0xbf,0x75,0xfb,0xdd,
    0x00,0x00,0x00,0x00,0x00,0x00,0x00,0x00,0x00,0x00,0x00,0x00,0x00,0x00,0x00,0x00,0x00,0x00,0x00,0x00,0x00,0x00,0x00,0x00,0x00,0x00,0x00,0x00,0x00,0x00,0x00,0x00,
    0x00,0x00,0x00,0x00,0x00,0x00,0x00,0x00,0x00,0x00,0x00,0x00,0x00,0x00,0x00,0x00,0x00,0x00,0x00,0x00,0x00,0x00,0x00,0x00,0x00,0x00,0x00,0x00,0x00,0x00,0x00,0x00,
    0x00,0x00,0x00,0x00,0x00,0x00,0x00,0x00,0x00,0x00,0x20,0x00,0x02,0x04,0x0c,0x04,0x0e,0x04,0x0d,0x0c,0x08,0x10,0x08,0x10,0x18,0x14,0x18,0x10,0x3e,0x10,0x3a,0x14,
    0x22,0x00,0x22,0x04,0x20,0x00,0x08,0x05,0x0b,0x07,0x0f,0x1d,0x1f,0x17,0x1f,0x15,0x3f,0x17,0x3e,0x1d,0x3e,0x7f,0x7e,0x5c,0xfe,0x74,0xfe,0xdc,0xfc,0x75,0xf8,0xd9,
    0x00,0x00,0x00,0x00,0x00,0x00,0x00,0x00,0x00,0x00,0x00,0x00,0x00,0x00,0x00,0x00,0x00,0x00,0x00,0x00,0x00,0x00,0x00,0x00,0x00,0x00,0x00,0x00,0x00,0x00,0x00,0x00,
    0x00,0x00,0x00,0x00,0x00,0x00,0x00,0x00,0x00,0x00,0x00,0x00,0x00,0x00,0x00,0x00,0x00,0x00,0x00,0x00,0x00,0x00,0x00,0x00,0x00,0x00,0x00,0x00,0x00,0x00,0x00,0x00,
    0x00,0x00,0x00,0x00,0x00,0x00,0x00,0x00,0x00,0x00,0x00,0x00,0x00,0x00,0x00,0x00,0x00,0x00,0x00,0x00,0x00,0x00,0x00,0x00,0x00,0x00,0x00,0x00,0x00,0x00,0x00,0x00,
    0x00,0x00,0x00,0x00,0x00,0x00,0x00,0x00,0x00,0x00,0x00,0x00,0x00,0x00,0x00,0x00,0x00,0x00,0x00,0x00,0x00,0x02,0x00,0x00,0x00,0x00,0x00,0x04,0x68,0x40,0xe8,0xdd
  },
  { // 308
    0x00,0x00,0x00,0x00,0x00,0x00,0x00,0x00,0x00,0x00,0x00,0x00,0x00,0x00,0x00,0x00,0x00,0x00,0x00,0x00,0x00,0x00,0x00,0x00,0x00,0x00,0x00,0x00,0x00,0x00,0x00,0x00,
    0x00,0x00,0x00,0x00,0x00,0x00,0x00,0x00,0x00,0x00,0x00,0x00,0x00,0x00,0x00,0x00,0x00,0x00,0x00,0x00,0x00,0x00,0x00,0x00,0x00,0x00,0x00,0x00,0x00,0x00,0x00,0x00,
    0x00,0x00,0x00,0x00,0x00,0x00,0x00,0x00,0x00,0x00,0x00,0x80,0x00,0x00,0x00,0x00,0x00,0x00,0x00,0x00,0x00,0x00,0x00,0x00,0x00,0x00,0x00,0x00,0x00,0x00,0x00,0x00,
    0x00,0x00,0x00,0x00,0x00,0x00,0x00,0x00,0x00,0x00,0x00,0x00,0x00,0x00,0x00,0x80,0x00,0x80,0x00,0x80,0x00,0x80,0x00,0x80,0x80,0x80,0x00,0x80,0x01,0x22,0x37,0x3e,
    0x00,0x00,0x00,0x00,0x00,0x00,0x00,0x00,0x00,0x00,0x00,0x00,0x00,0x00,0x00,0x00,0x00,0x00,0x00,0x00,0x00,0x00,0x00,0x00,0x00,0x00,0x00,0x00,0x00,0x00,0x00,0x00,
    0x00,0x00,0x00,0x00,0x00,0x00,0x00,0x00,0x00,0x00,0x00,0x00,0x00,0x00,0x00,0x00,0x00,0x00,0x00,0x00,0x00,0x00,0x00,0x00,0x00,0x00,0x00,0x00,0x00,0x00,0x00,0x00,
    0x00,0x00,0x00,0x00,0x00,0x00,0x00,0x00,0x20,0x00,0x00,0x00,0x00,0x00,0x00,0x00,0x02,0x00,0x00,0x08,0x00,0x00,0x00,0x08,0x04,0x04,0x40,0x88,0x04,0x08,0x04,0x0c,
    0x1c,0x3a,0x10,0x18,0x10,0x38,0x10,0xa8,0x10,0xb2,0x11,0xa2,0x55,0xa7,0x47,0xef,0x45,0xaf,0x07,0x8f,0x4d,0x8f,0x17,0xdf,0xdd,0xbf,0x17,0xff,0x1d,0xbf,0x37,0x3e,
    0x00,0x00,0x00,0x00,0x00,0x00,0x00,0x00,0x00,0x00,0x00,0x00,0x00,0x00,0x00,0x00,0x00,0x00,0x00,0x00,0x00,0x00,0x00,0x00,0x00,0x00,0x00,0x00,0x00,0x00,0x00,0x00,
    0x00,0x00,0x00,0x00,0x00,0x00,0x00,0x00,0x00,0x00,0x00,0x00,0x00,0x00,0x00,0x00,0x00,0x00,0x00,0x00,0x00,0x00,0x00,0x00,0x00,0x00,0x00,0x00,0x00,0x00,0x00,0x00,
    0x00,0x00,0x00,0x00,0x00,0x00,0x00,0x00,0x00,0x00,0x00,0x00,0x00,0x20,0x00,0x08,0x04,0x08,0x00,0x08,0x1d,0x18,0x10,0x18,0x10,0x38,0x10,0x38,0x14,0x38,0x14,0x2c,
    0x14,0x28,0x14,0x28,0x00,0x28,0x00,0x08,0x01,0x0b,0x11,0x3b,0x15,0x3f,0x17,0x2f,0x15,0x2f,0x07,0x2e,0x0c,0x2e,0x5f,0xff,0x5d,0xff,0x77,0xff,0xdd,0xff,0x75,0xfb,
    0x00,0x00,0x00,0x00,0x00,0x00,0x00,0x00,0x00,0x00,0x00,0x00,0x00,0x00,0x00,0x00,0x00,0x00,0x00,0x00,0x00,0x00,0x00,0x00,0x00,0x00,0x00,0x00,0x00,0x00,0x00,0x00,
    0x00,0x00,0x00,0x00,0x00,0x00,0x00,0x00,0x00,0x00,0x00,0x00,0x00,0x00,0x00,0x00,0x00,0x00,0x00,0x00,0x00,0x00,0x00,0x00,0x00,0x00,0x00,0x00,0x00,0x00,0x00,0x00,
    0x00,0x00,0x00,0x00,0x00,0x00,0x00,0x00,0x00,0x00,0x00,0x00,0x00,0x00,0x00,0x00,0x00,0x00,0x00,0x00,0x00,0x00,0x00,0x00,0x00,0x00,0x00,0x00,0x00,0x00,0x00,0x00,
    0x00,0x00,0x00,0x00,0x00,0x00,0x00,0x00,0x00,0x00,0x00,0x00,0x00,0x00,0x00,0x00,0x00,0x00,0x00,0x00,0x00,0x00,0x00,0x01,0x00,0x00,0x00,0x00,0x44,0xf8,0x71,0xf9
  },
  { // 309
    0x00,0x00,0x00,0x00,0x00,0x00,0x00,0x00,0x00,0x00,0x00,0x00,0x00,0x00,0x00,0x00,0x00,0x00,0x00,0x00,0x00,0x00,0x00,0x00,0x00,0x00,0x00,0x00,0x00,0x00,0x00,0x00,
    0x00,0x00,0x00,0x00,0x00,0x00,0x00,0x00,0x00,0x00,0x00,0x00,0x00,0x00,0x00,0x00,0x00,0x00,0x00,0x00,0x00,0x00,0x00,0x00,0x00,0x00,0x00,0x00,0x00,0x00,0x00,0x00,
    0x00,0x00,0x00,0x00,0x00,0x00,0x00,0x00,0x00,0x00,0x00,0x00,0x00,0x00,0x00,0x00,0x00,0x00,0x00,0x00,0x00,0x00,0x00,0x00,0x00,0x00,0x00,0x00,0x00,0x00,0x00,0x00,
    0x00,0x00,0x00,0x00,0x00,0x00,0x00,0x00,0x00,0x00,0x00,0x00,0x00,0x00,0x00,0x00,0x00,0x80,0x00,0x80,0x00,0x80,0x00,0x80,0x00,0x80,0x00,0x82,0x03,0xef,0x4d,0x7f,
    0x00,0x00,0x00,0x00,0x00,0x00,0x00,0x00,0x00,0x00,0x00,0x00,0x00,0x00,0x00,0x00,0x00,0x00,0x00,0x00,0x00,0x00,0x00,0x00,0x00,0x00,0x00,0x00,0x00,0x00,0x00,0x00,
    0x00,0x00,0x00,0x00,0x00,0x00,0x00,0x00,0x00,0x00,0x00,0x00,0x00,0x00,0x00,0x00,0x00,0x00,0x00,0x00,0x00,0x00,0x00,0x00,0x00,0x00,0x00,0x00,0x00,0x00,0x00,0x00,
    0x00,0x00,0x00,0x00,0x00,0x01,0x00,0x00,0x00,0x00,0x20,0x00,0x00,0x00,0x00,0x00,0x00,0x02,0x00,0x00,0x00,0x00,0x04,0x00,0x04,0x0c,0x04,0x0c,0x64,0x0c,0x0c,0x08,
    0x14,0x38,0x1c,0x38,0x12,0x38,0x10,0x30,0x30,0x30,0x50,0x22,0x60,0xee,0x44,0xee,0x45,0xef,0xc5,0xcf,0x45,0x8f,0x8d,0x9f,0x17,0xbf,0x9d,0xbf,0x37,0xbf,0x5d,0x3f,
    0x00,0x00,0x00,0x00,0x00,0x00,0x00,0x00,0x00,0x00,0x00,0x00,0x00,0x00,0x00,0x00,0x00,0x00,0x00,0x00,0x00,0x00,0x00,0x00,0x00,0x00,0x00,0x00,0x00,0x00,0x00,0x00,
    0x00,0x00,0x00,0x00,0x00,0x00,0x00,0x00,0x00,0x00,0x00,0x00,0x00,0x00,0x00,0x00,0x00,0x00,0x00,0x00,0x00,0x00,0x00,0x00,0x00,0x00,0x00,0x00,0x00,0x00,0x00,0x00,
    0x00,0x00,0x00,0x00,0x00,0x00,0x00,0x00,0x00,0x00,0x00,0x00,0x00,0x00,0x00,0x00,0x00,0x08,0x00,0x08,0x10,0x08,0x10,0x38,0x10,0x28,0x14,0x28,0x00,0x28,0x14,0x2c,
    0x14,0x3c,0x5c,0x38,0x50,0x38,0x50,0x30,0x10,0x20,0x10,0xa2,0x33,0xe7,0x45,0x6f,0x67,0xef,0x45,0x2f,0x47,0x8f,0x4d,0x9f,0x17,0xbf,0xdd,0xbf,0x77,0xff,0x5d,0xbf,
    0x00,0x00,0x00,0x00,0x00,0x00,0x00,0x00,0x00,0x00,0x00,0x00,0x00,0x00,0x00,0x00,0x00,0x00,0x00,0x00,0x00,0x00,0x00,0x00,0x00,0x00,0x00,0x00,0x00,0x00,0x00,0x00,
    0x00,0x00,0x00,0x00,0x00,0x00,0x00,0x00,0x00,0x00,0x00,0x00,0x00,0x00,0x00,0x00,0x00,0x00,0x00,0x00,0x00,0x00,0x00,0x00,0x00,0x00,0x00,0x00,0x00,0x00,0x00,0x00,
    0x00,0x00,0x00,0x00,0x00,0x00,0x00,0x00,0x00,0x00,0x00,0x00,0x00,0x00,0x00,0x00,0x00,0x00,0x00,0x00,0x00,0x00,0x00,0x00,0x00,0x00,0x00,0x00,0x00,0x00,0x00,0x00,
    0x00,0x00,0x00,0x00,0x00,0x00,0x00,0x00,0x00,0x00,0x00,0x00,0x00,0x00,0x00,0x00,0x00,0x00,0x00,0x00,0x00,0x00,0x00,0x00,0x01,0x00,0x01,0x03,0x01,0xfb,0xdd,0xfb
  },
  { // 310
    0x00,0x00,0x00,0x00,0x00,0x00,0x00,0x00,0x00,0x00,0x00,0x00,0x00,0x00,0x00,0x00,0x00,0x00,0x00,0x00,0x00,0x00,0x00,0x00,0x00,0x00,0x00,0x00,0x00,0x00,0x00,0x00,
    0x00,0x00,0x00,0x00,0x00,0x00,0x00,0x00,0x00,0x00,0x00,0x00,0x00,0x00,0x00,0x00,0x00,0x00,0x00,0x00,0x00,0x00,0x00,0x00,0x00,0x00,0x00,0x00,0x00,0x00,0x00,0x00,
    0x00,0x00,0x00,0x00,0x00,0x00,0x00,0x00,0x00,0x00,0x00,0x00,0x00,0x00,0x00,0x00,0x00,0x00,0x00,0x00,0x00,0x00,0x00,0x00,0x00,0x00,0x00,0x00,0x00,0x00,0x00,0x00,
    0x00,0x00,0x00,0x00,0x00,0x00,0x00,0x00,0x00,0x00,0x00,0x00,0x00,0x00,0x00,0x00,0x00,0x00,0x00,0x00,0x00,0x00,0x00,0x80,0x00,0x80,0x00,0x80,0xc5,0xef,0x47,0xef,
    0x00,0x00,0x00,0x00,0x00,0x00,0x00,0x00,0x00,0x00,0x00,0x00,0x00,0x00,0x00,0x00,0x00,0x00,0x00,0x00,0x00,0x00,0x00,0x00,0x00,0x00,0x00,0x00,0x00,0x00,0x00,0x00,
    0x00,0x00,0x00,0x00,0x00,0x00,0x00,0x00,0x00,0x00,0x00,0x00,0x00,0x00,0x00,0x00,0x00,0x00,0x00,0x00,0x00,0x00,0x00,0x00,0x00,0x00,0x00,0x00,0x00,0x00,0x00,0x00,
    0x00,0x00,0x00,0x00,0x00,0x00,0x00,0x00,0x01,0x00,0x00,0x00,0x10,0x00,0x00,0x00,0x00,0x00,0x00,0x02,0x00,0x00,0x00,0x08,0x04,0x08,0x04,0x08,0x0c,0x0a,0x50,0x28,
    0x18,0x38,0x10,0x38,0x1c,0x3a,0x36,0x3a,0x54,0x30,0x70,0xe8,0x44,0xe8,0x64,0xec,0xdc,0xfb,0x53,0xfb,0xd1,0x9b,0x13,0x8b,0x95,0xbf,0x17,0xbf,0x5d,0xff,0x77,0xff,
    0x00,0x00,0x00,0x00,0x00,0x00,0x00,0x00,0x00,0x00,0x00,0x00,0x00,0x00,0x00,0x00,0x00,0x00,0x00,0x00,0x00,0x00,0x00,0x00,0x00,0x00,0x00,0x00,0x00,0x00,0x00,0x00,
    0x00,0x00,0x00,0x00,0x00,0x00,0x00,0x00,0x00,0x00,0x00,0x00,0x00,0x00,0x00,0x00,0x00,0x00,0x00,0x00,0x00,0x00,0x00,0x00,0x00,0x00,0x00,0x00,0x00,0x00,0x00,0x00,
    0x00,0x00,0x00,0x00,0x00,0x00,0x00,0x00,0x00,0x00,0x00,0x00,0x00,0x00,0x00,0x00,0x00,0x00,0x00,0x00,0x00,0x00,0x00,0x08,0x00,0x28,0x00,0x28,0x00,0x08,0x00,0x08,
    0x18,0x38,0x10,0x3c,0x58,0x38,0x30,0x38,0x50,0x30,0x70,0x60,0x40,0x62,0x64,0xee,0x45,0xef,0x45,0xcf,0xcd,0x8f,0x17,0x8f,0x1d,0x9f,0x17,0xbf,0x1d,0xbf,0x77,0xff,
    0x00,0x00,0x00,0x00,0x00,0x00,0x00,0x00,0x00,0x00,0x00,0x00,0x00,0x00,0x00,0x00,0x00,0x00,0x00,0x00,0x00,0x00,0x00,0x00,0x00,0x00,0x00,0x00,0x00,0x00,0x00,0x00,
    0x00,0x00,0x00,0x00,0x00,0x00,0x00,0x00,0x00,0x00,0x00,0x00,0x00,0x00,0x00,0x00,0x00,0x00,0x00,0x00,0x00,0x00,0x00,0x00,0x00,0x00,0x00,0x00,0x00,0x00,0x00,0x00,
    0x00,0x00,0x00,0x00,0x00,0x00,0x00,0x00,0x00,0x00,0x00,0x00,0x00,0x00,0x00,0x00,0x00,0x00,0x00,0x00,0x00,0x00,0x00,0x00,0x00,0x00,0x00,0x00,0x00,0x00,0x00,0x00,
    0x00,0x00,0x00,0x00,0x00,0x00,0x00,0x00,0x00,0x00,0x00,0x00,0x00,0x00,0x00,0x00,0x00,0x00,0x00,0x00,0x00,0x00,0x00,0x00,0x01,0x01,0x01,0x03,0x01,0xa3,0x77,0xff
  },
  { // 311
    0x00,0x00,0x00,0x00,0x00,0x00,0x00,0x00,0x00,0x00,0x00,0x00,0x00,0x00,0x00,0x00,0x00,0x00,0x00,0x00,0x00,0x00,0x00,0x00,0x00,0x00,0x00,0x00,0x00,0x00,0x00,0x00,
    0x00,0x00,0x00,0x00,0x00,0x00,0x00,0x00,0x00,0x00,0x00,0x00,0x00,0x00,0x00,0x00,0x00,0x00,0x00,0x00,0x00,0x00,0x00,0x00,0x00,0x00,0x00,0x00,0x00,0x00,0x00,0x00,
    0x00,0x00,0x00,0x00,0x00,0x00,0x00,0x00,0x00,0x00,0x00,0x00,0x00,0x00,0x00,0x00,0x00,0x00,0x00,0x00,0x00,0x00,0x00,0x00,0x00,0x00,0x00,0x00,0x00,0x00,0x00,0x00,
    0x00,0x00,0x00,0x00,0x00,0x00,0x00,0x00,0x00,0x00,0x00,0x00,0x00,0x00,0x00,0x00,0x00,0x00,0x00,0x00,0x00,0x00,0x00,0x00,0x80,0x00,0x80,0x00,0xc0,0xc5,0xef,0x57,
    0x00,0x00,0x00,0x00,0x00,0x00,0x00,0x00,0x00,0x00,0x00,0x00,0x00,0x00,0x00,0x00,0x00,0x00,0x00,0x00,0x00,0x00,0x00,0x00,0x00,0x00,0x00,0x00,0x00,0x00,0x00,0x00,
    0x00,0x00,0x00,0x00,0x00,0x00,0x00,0x00,0x00,0x00,0x00,0x00,0x00,0x00,0x00,0x00,0x00,0x00,0x00,0x00,0x00,0x00,0x00,0x00,0x00,0x00,0x00,0x00,0x00,0x00,0x00,0x00,
    0x00,0x00,0x00,0x00,0x00,0x00,0x00,0x80,0x00,0x00,0x01,0x00,0x00,0x00,0x30,0x00,0x20,0x00,0x21,0x00,0x04,0x00,0x00,0x00,0x08,0x00,0x88,0x00,0x08,0x10,0x08,0x12,
    0x18,0x10,0x38,0x14,0x3c,0x5c,0x3c,0x74,0x7c,0x5e,0x7c,0x74,0xe8,0x58,0xf8,0x50,0xf8,0xd8,0xfa,0x73,0xfb,0xd1,0xf3,0x73,0xe3,0x45,0xa7,0x47,0xef,0x4d,0xef,0x57,
    0x00,0x00,0x00,0x00,0x00,0x00,0x00,0x00,0x00,0x00,0x00,0x00,0x00,0x00,0x00,0x00,0x00,0x00,0x00,0x00,0x00,0x00,0x00,0x00,0x00,0x00,0x00,0x00,0x00,0x00,0x00,0x00,
    0x00,0x00,0x00,0x00,0x00,0x00,0x00,0x00,0x00,0x00,0x00,0x00,0x00,0x00,0x00,0x00,0x00,0x00,0x00,0x00,0x00,0x00,0x00,0x00,0x00,0x00,0x00,0x00,0x00,0x00,0x00,0x00,
    0x00,0x00,0x00,0x00,0x00,0x00,0x00,0x00,0x00,0x00,0x00,0x00,0x00,0x00,0x00,0x00,0x00,0x00,0x00,0x10,0x00,0x00,0x00,0x00,0x00,0x00,0x00,0x00,0x08,0x00,0x08,0x10,
    0x08,0x10,0x38,0x10,0x38,0x14,0x38,0x70,0x78,0x50,0x70,0x70,0xe0,0x40,0xe0,0x40,0xe8,0xc5,0xeb,0x51,0xfb,0xdd,0xbb,0x13,0x9b,0x15,0xbf,0x17,0xbf,0x5d,0x7f,0x77,
    0x00,0x00,0x00,0x00,0x00,0x00,0x00,0x00,0x00,0x00,0x00,0x00,0x00,0x00,0x00,0x00,0x00,0x00,0x00,0x00,0x00,0x00,0x00,0x00,0x00,0x00,0x00,0x00,0x00,0x00,0x00,0x00,
    0x00,0x00,0x00,0x00,0x00,0x00,0x00,0x00,0x00,0x00,0x00,0x00,0x00,0x00,0x00,0x00,0x00,0x00,0x00,0x00,0x00,0x00,0x00,0x00,0x00,0x00,0x00,0x00,0x00,0x00,0x00,0x00,
    0x00,0x00,0x00,0x00,0x00,0x00,0x00,0x00,0x00,0x00,0x00,0x00,0x00,0x00,0x00,0x00,0x00,0x00,0x00,0x00,0x00,0x00,0x00,0x00,0x00,0x00,0x00,0x00,0x00,0x00,0x00,0x00,
    0x00,0x00,0x00,0x00,0x00,0x00,0x00,0x00,0x00,0x00,0x00,0x00,0x00,0x00,0x00,0x00,0x00,0x00,0x00,0x01,0x01,0x01,0x01,0x01,0x01,0x01,0x03,0x03,0x03,0x05,0x3f,0x77
  },
  { // 312
    0x00,0x00,0x00,0x00,0x00,0x00,0x00,0x00,0x00,0x00,0x00,0x00,0x00,0x00,0x00,0x00,0x00,0x00,0x00,0x00,0x00,0x00,0x00,0x00,0x00,0x00,0x00,0x00,0x00,0x00,0x00,0x00,
    0x00,0x00,0x00,0x00,0x00,0x00,0x00,0x00,0x00,0x00,0x00,0x00,0x00,0x00,0x00,0x00,0x00,0x00,0x00,0x00,0x00,0x00,0x00,0x00,0x00,0x00,0x00,0x00,0x00,0x00,0x00,0x00,
    0x00,0x00,0x00,0x00,0x00,0x00,0x00,0x00,0x00,0x00,0x00,0x00,0x00,0x00,0x00,0x00,0x00,0x00,0x00,0x00,0x00,0x00,0x00,0x00,0x00,0x00,0x00,0x00,0x00,0x00,0x00,0x00,
    0x00,0x00,0x00,0x00,0x00,0x00,0x00,0x00,0x00,0x00,0x00,0x00,0x00,0x00,0x00,0x00,0x00,0x00,0x00,0x00,0x00,0x00,0x00,0x00,0x00,0x00,0x80,0xc0,0xc0,0x41,0xcb,0xdd,
    0x00,0x00,0x00,0x00,0x00,0x00,0x00,0x00,0x00,0x00,0x00,0x00,0x00,0x00,0x00,0x00,0x00,0x00,0x00,0x00,0x00,0x00,0x00,0x00,0x00,0x00,0x00,0x00,0x00,0x00,0x00,0x00,
    0x00,0x00,0x00,0x00,0x00,0x00,0x00,0x00,0x00,0x00,0x00,0x00,0x00,0x00,0x00,0x00,0x00,0x00,0x00,0x00,0x00,0x00,0x00,0x00,0x00,0x00,0x00,0x00,0x00,0x00,0x00,0x00,
    0x00,0x00,0x00,0x00,0x00,0x00,0x00,0x00,0x00,0x80,0x00,0x00,0x21,0x00,0x20,0x00,0x30,0x00,0x20,0x40,0x20,0x00,0x04,0x00,0x00,0x00,0x88,0x00,0xc8,0x10,0x88,0x10,
    0x20,0x12,0x28,0x04,0x38,0x14,0x7c,0x5c,0x7c,0x74,0xfc,0x5c,0xf8,0x50,0xf8,0xd8,0xf8,0x70,0xf8,0xd0,0xfa,0x72,0xfe,0xd4,0xe6,0x67,0xe6,0xc5,0xef,0x47,0xcf,0xcd,
    0x00,0x00,0x00,0x00,0x00,0x00,0x00,0x00,0x00,0x00,0x00,0x00,0x00,0x00,0x00,0x00,0x00,0x00,0x00,0x00,0x00,0x00,0x00,0x00,0x00,0x00,0x00,0x00,0x00,0x00,0x00,0x00,
    0x00,0x00,0x00,0x00,0x00,0x00,0x00,0x00,0x00,0x00,0x00,0x00,0x00,0x00,0x00,0x00,0x00,0x00,0x00,0x00,0x00,0x00,0x00,0x00,0x00,0x00,0x00,0x00,0x00,0x00,0x00,0x00,
    0x00,0x00,0x00,0x00,0x00,0x00,0x00,0x08,0x00,0x00,0x00,0x00,0x00,0x00,0x00,0x00,0x00,0x00,0x00,0x00,0x00,0x00,0x00,0x00,0x00,0x00,0x00,0x00,0x00,0x00,0x00,0x00,
    0x00,0x10,0x00,0x10,0x30,0x10,0x38,0x50,0x7c,0x70,0xf8,0x50,0xe8,0x50,0xe8,0xd0,0xe8,0x51,0xf9,0xd1,0xfb,0x73,0xfb,0xd5,0xb3,0x77,0xb7,0x45,0x27,0x47,0xef,0x4d,
    0x00,0x00,0x00,0x00,0x00,0x00,0x00,0x00,0x00,0x00,0x00,0x00,0x00,0x00,0x00,0x00,0x00,0x00,0x00,0x00,0x00,0x00,0x00,0x00,0x00,0x00,0x00,0x00,0x00,0x00,0x00,0x00,
    0x00,0x00,0x00,0x00,0x00,0x00,0x00,0x00,0x00,0x00,0x00,0x00,0x00,0x00,0x00,0x00,0x00,0x00,0x00,0x00,0x00,0x00,0x00,0x00,0x00,0x00,0x00,0x00,0x00,0x00,0x00,0x00,
    0x00,0x00,0x00,0x00,0x00,0x00,0x00,0x00,0x00,0x00,0x00,0x00,0x00,0x00,0x00,0x00,0x00,0x00,0x00,0x00,0x00,0x00,0x00,0x00,0x00,0x00,0x00,0x00,0x00,0x00,0x00,0x00,
    0x00,0x00,0x00,0x00,0x00,0x00,0x00,0x00,0x00,0x00,0x00,0x00,0x00,0x00,0x00,0x00,0x00,0x00,0x00,0x01,0x01,0x01,0x01,0x01,0x03,0x03,0x03,0x01,0x03,0x07,0x2f,0x5d
  },
  { // 313
    0x00,0x00,0x00,0x00,0x00,0x00,0x00,0x00,0x00,0x00,0x00,0x00,0x00,0x00,0x00,0x00,0x00,0x00,0x00,0x00,0x00,0x00,0x00,0x00,0x00,0x00,0x00,0x00,0x00,0x00,0x00,0x00,
    0x00,0x00,0x00,0x00,0x00,0x00,0x00,0x00,0x00,0x00,0x00,0x00,0x00,0x00,0x00,0x00,0x00,0x00,0x00,0x00,0x00,0x00,0x00,0x00,0x00,0x00,0x00,0x00,0x00,0x00,0x00,0x00,
    0x00,0x00,0x00,0x00,0x00,0x00,0x00,0x00,0x00,0x00,0x00,0x00,0x00,0x00,0x00,0x00,0x00,0x00,0x00,0x00,0x00,0x00,0x00,0x00,0x00,0x00,0x00,0x00,0x00,0x00,0x00,0x00,
    0x00,0x00,0x00,0x00,0x00,0x00,0x00,0x00,0x00,0x00,0x00,0x00,0x00,0x00,0x00,0x00,0x00,0x00,0x00,0x00,0x00,0x00,0x00,0x00,0x00,0x80,0x40,0xc0,0xc0,0xe0,0x51,0xfb,
    0x00,0x00,0x00,0x00,0x00,0x00,0x00,0x00,0x00,0x00,0x00,0x00,0x00,0x00,0x00,0x00,0x00,0x00,0x00,0x00,0x00,0x00,0x00,0x00,0x00,0x00,0x00,0x00,0x00,0x00,0x00,0x00,
    0x00,0x00,0x00,0x00,0x00,0x00,0x00,0x00,0x00,0x00,0x00,0x00,0x00,0x00,0x00,0x00,0x00,0x00,0x00,0x00,0x00,0x00,0x00,0x00,0x00,0x00,0x00,0x00,0x00,0x00,0x00,0x00,
    0x00,0x00,0x00,0x00,0x00,0x00,0x00,0x00,0x00,0x20,0x00,0xa0,0x00,0x20,0x01,0x20,0x40,0x60,0x60,0xe0,0x40,0xa0,0x40,0x84,0x00,0x80,0x00,0x80,0x00,0xa0,0x40,0xa0,
    0x00,0x20,0x00,0x2a,0x04,0x08,0x08,0x8c,0x5c,0xb8,0x54,0xfc,0xdc,0xbc,0x70,0xb8,0x50,0xb8,0x70,0xf8,0xd4,0xfb,0x74,0xfe,0xd4,0xee,0x65,0xef,0xc5,0xcb,0x41,0xcb,
    0x00,0x00,0x00,0x00,0x00,0x00,0x00,0x00,0x00,0x00,0x00,0x00,0x00,0x00,0x00,0x00,0x00,0x00,0x00,0x00,0x00,0x00,0x00,0x00,0x00,0x00,0x00,0x00,0x00,0x00,0x00,0x00,
    0x00,0x00,0x00,0x00,0x00,0x00,0x00,0x00,0x00,0x00,0x00,0x00,0x00,0x00,0x00,0x00,0x00,0x00,0x00,0x00,0x00,0x00,0x00,0x00,0x00,0x00,0x00,0x00,0x00,0x00,0x00,0x00,
    0x00,0x00,0x00,0x00,0x00,0x00,0x00,0x00,0x00,0x00,0x08,0x00,0x00,0x00,0x00,0x00,0x00,0x00,0x00,0x00,0x00,0x00,0x00,0x00,0x00,0x00,0x00,0x00,0x00,0x00,0x00,0x00,
    0x00,0x00,0x00,0x20,0x00,0x20,0x00,0x28,0x40,0x78,0x74,0xf8,0x58,0xf8,0x50,0xf8,0xd0,0xb8,0x71,0xf1,0xd1,0xf3,0x73,0xf3,0xd5,0xe7,0x77,0xff,0xc5,0xef,0x47,0xcf,
    0x00,0x00,0x00,0x00,0x00,0x00,0x00,0x00,0x00,0x00,0x00,0x00,0x00,0x00,0x00,0x00,0x00,0x00,0x00,0x00,0x00,0x00,0x00,0x00,0x00,0x00,0x00,0x00,0x00,0x00,0x00,0x00,
    0x00,0x00,0x00,0x00,0x00,0x00,0x00,0x00,0x00,0x00,0x00,0x00,0x00,0x00,0x00,0x00,0x00,0x00,0x00,0x00,0x00,0x00,0x00,0x00,0x00,0x00,0x00,0x00,0x00,0x00,0x00,0x00,
    0x00,0x00,0x00,0x00,0x00,0x00,0x00,0x00,0x00,0x00,0x00,0x00,0x00,0x00,0x00,0x00,0x00,0x00,0x00,0x00,0x00,0x00,0x00,0x00,0x00,0x00,0x00,0x00,0x00,0x00,0x00,0x00,
    0x00,0x00,0x00,0x00,0x00,0x00,0x00,0x00,0x00,0x00,0x00,0x00,0x00,0x00,0x00,0x00,0x00,0x00,0x01,0x01,0x01,0x01,0x01,0x03,0x01,0x03,0x03,0x03,0x05,0x07,0x07,0xef
  },
  { // 314
    0x00,0x00,0x00,0x00,0x00,0x00,0x00,0x00,0x00,0x00,0x00,0x00,0x00,0x00,0x00,0x00,0x00,0x00,0x00,0x00,0x00,0x00,0x00,0x00,0x00,0x00,0x00,0x00,0x00,0x00,0x00,0x00,
    0x00,0x00,0x00,0x00,0x00,0x00,0x00,0x00,0x00,0x00,0x00,0x00,0x00,0x00,0x00,0x00,0x00,0x00,0x00,0x00,0x00,0x00,0x00,0x00,0x00,0x00,0x00,0x00,0x00,0x00,0x00,0x00,
    0x00,0x00,0x00,0x00,0x00,0x00,0x00,0x00,0x00,0x00,0x00,0x00,0x00,0x00,0x00,0x00,0x00,0x00,0x00,0x00,0x00,0x00,0x00,0x00,0x00,0x00,0x00,0x00,0x00,0x00,0x00,0x00,
    0x00,0x00,0x00,0x00,0x00,0x00,0x00,0x00,0x00,0x00,0x00,0x00,0x00,0x00,0x00,0x00,0x00,0x00,0x00,0x00,0x00,0x00,0x00,0x00,0x00,0x80,0xc0,0xe0,0x60,0xf8,0xd1,0xf3,
    0x00,0x00,0x00,0x00,0x00,0x00,0x00,0x00,0x00,0x00,0x00,0x00,0x00,0x00,0x00,0x00,0x00,0x00,0x00,0x00,0x00,0x00,0x00,0x00,0x00,0x00,0x00,0x00,0x00,0x00,0x00,0x00,
    0x00,0x00,0x00,0x00,0x00,0x00,0x00,0x00,0x00,0x00,0x00,0x00,0x00,0x00,0x00,0x00,0x00,0x00,0x00,0x00,0x00,0x00,0x00,0x00,0x00,0x00,0x00,0x00,0x00,0x00,0x00,0x00,
    0x00,0x00,0x00,0x00,0x00,0x00,0x00,0x00,0x00,0x20,0x00,0x20,0x00,0x20,0x00,0x20,0x41,0xe0,0x40,0xe0,0x50,0xe0,0x50,0xa0,0x06,0xa0,0x00,0xa0,0x00,0xa0,0x40,0xe0,
    0x40,0xe8,0x40,0x88,0x40,0x89,0x00,0x88,0x18,0x98,0x18,0xb8,0x30,0xb8,0x5c,0x38,0x74,0x7c,0x54,0x78,0x74,0xfc,0xdd,0xfc,0x74,0xfc,0xdd,0xf9,0x71,0xfb,0xd1,0xfb,
    0x00,0x00,0x00,0x00,0x00,0x00,0x00,0x00,0x00,0x00,0x00,0x00,0x00,0x00,0x00,0x00,0x00,0x00,0x00,0x00,0x00,0x00,0x00,0x00,0x00,0x00,0x00,0x00,0x00,0x00,0x00,0x00,
    0x00,0x00,0x00,0x00,0x00,0x00,0x00,0x00,0x00,0x00,0x00,0x00,0x00,0x00,0x00,0x00,0x00,0x00,0x00,0x00,0x00,0x00,0x00,0x00,0x00,0x00,0x00,0x00,0x00,0x00,0x00,0x00,
    0x00,0x00,0x00,0x00,0x00,0x00,0x00,0x00,0x00,0x00,0x40,0x00,0x00,0x00,0x00,0x00,0x00,0x00,0x00,0x00,0x00,0x00,0x00,0x00,0x08,0x08,0x00,0x00,0x00,0x00,0x00,0x00,
    0x00,0x00,0x00,0x00,0x00,0x00,0x00,0x00,0x00,0x08,0x50,0xb8,0x53,0xf9,0x51,0xba,0x71,0xf8,0x50,0xf2,0x70,0xf2,0xd0,0xf2,0x75,0xef,0xc5,0xef,0x45,0xef,0xcd,0xcb,
    0x00,0x00,0x00,0x00,0x00,0x00,0x00,0x00,0x00,0x00,0x00,0x00,0x00,0x00,0x00,0x00,0x00,0x00,0x00,0x00,0x00,0x00,0x00,0x00,0x00,0x00,0x00,0x00,0x00,0x00,0x00,0x00,
    0x00,0x00,0x00,0x00,0x00,0x00,0x00,0x00,0x00,0x00,0x00,0x00,0x00,0x00,0x00,0x00,0x00,0x00,0x00,0x00,0x00,0x00,0x00,0x00,0x00,0x00,0x00,0x00,0x00,0x00,0x00,0x00,
    0x00,0x00,0x00,0x00,0x00,0x00,0x00,0x00,0x00,0x00,0x00,0x00,0x00,0x00,0x00,0x00,0x00,0x00,0x00,0x00,0x00,0x00,0x00,0x00,0x00,0x00,0x00,0x00,0x00,0x00,0x00,0x00,
    0x00,0x00,0x00,0x00,0x00,0x00,0x00,0x00,0x00,0x00,0x00,0x00,0x00,0x00,0x00,0x00,0x00,0x00,0x00,0x00,0x01,0x00,0x01,0x03,0x01,0x03,0x01,0x03,0x07,0x87,0x45,0xcf
  },
  { // 315
    0x00,0x00,0x00,0x00,0x00,0x00,0x00,0x00,0x00,0x00,0x00,0x00,0x00,0x00,0x00,0x00,0x00,0x00,0x00,0x00,0x00,0x00,0x00,0x00,0x00,0x00,0x00,0x00,0x00,0x00,0x00,0x00,
    0x00,0x00,0x00,0x00,0x00,0x00,0x00,0x00,0x00,0x00,0x00,0x00,0x00,0x00,0x00,0x00,0x00,0x00,0x00,0x00,0x00,0x00,0x00,0x00,0x00,0x00,0x00,0x00,0x00,0x00,0x00,0x00,
    0x00,0x00,0x00,0x00,0x00,0x00,0x00,0x00,0x00,0x00,0x00,0x00,0x00,0x00,0x00,0x00,0x00,0x00,0x00,0x00,0x00,0x00,0x00,0x00,0x00,0x00,0x00,0x00,0x00,0x00,0x00,0x00,
    0x00,0x00,0x00,0x00,0x00,0x00,0x00,0x00,0x00,0x00,0x00,0x00,0x00,0x00,0x00,0x00,0x00,0x00,0x00,0x00,0x00,0x00,0x00,0x00,0x00,0x00,0x00,0xe0,0xd0,0xfa,0x70,0xfa,
    0x00,0x00,0x00,0x00,0x00,0x00,0x00,0x00,0x00,0x00,0x00,0x00,0x00,0x00,0x00,0x00,0x00,0x00,0x00,0x00,0x00,0x00,0x00,0x00,0x00,0x00,0x00,0x00,0x00,0x00,0x00,0x00,
    0x00,0x00,0x00,0x00,0x00,0x00,0x00,0x00,0x00,0x00,0x00,0x00,0x00,0x00,0x00,0x00,0x00,0x00,0x00,0x00,0x00,0x00,0x00,0x00,0x00,0x00,0x00,0x00,0x00,0x00,0x00,0x00,
    0x00,0x00,0x00,0x00,0x00,0x00,0x00,0x00,0x00,0x00,0x00,0x00,0x00,0x00,0x00,0x00,0x00,0x00,0x02,0xa0,0x50,0xb0,0x70,0xf0,0x50,0xa0,0x69,0xe0,0x40,0xe0,0x40,0xe0,
    0xc0,0xe0,0x40,0xc8,0xc0,0x88,0x01,0x88,0x00,0x88,0x18,0xb8,0x10,0x38,0x34,0x7c,0x5c,0x7c,0x74,0x7c,0x5c,0xfc,0x74,0xfc,0xdc,0xf8,0x71,0xfb,0xd9,0xfb,0x71,0xfb,
    0x00,0x00,0x00,0x00,0x00,0x00,0x00,0x00,0x00,0x00,0x00,0x00,0x00,0x00,0x00,0x00,0x00,0x00,0x00,0x00,0x00,0x00,0x00,0x00,0x00,0x00,0x00,0x00,0x00,0x00,0x00,0x00,
    0x00,0x00,0x00,0x00,0x00,0x00,0x00,0x00,0x00,0x00,0x00,0x00,0x00,0x00,0x00,0x00,0x00,0x00,0x00,0x00,0x00,0x00,0x00,0x00,0x00,0x00,0x00,0x00,0x00,0x00,0x00,0x00,
    0x00,0x00,0x00,0x00,0x00,0x00,0x00,0x00,0x00,0x00,0x00,0x00,0x40,0x00,0x00,0x00,0x00,0x00,0x00,0x00,0x00,0x00,0x00,0x00,0x00,0x00,0x08,0x08,0x00,0x00,0x00,0x00,
    0x00,0x00,0x01,0x00,0x01,0x00,0x01,0x00,0x01,0x01,0x01,0x01,0x11,0x3b,0x33,0xbb,0x51,0x3a,0x70,0xfa,0x54,0xe0,0x70,0xe8,0xd4,0xf8,0x75,0xff,0xdd,0xfb,0x51,0xfb,
    0x00,0x00,0x00,0x00,0x00,0x00,0x00,0x00,0x00,0x00,0x00,0x00,0x00,0x00,0x00,0x00,0x00,0x00,0x00,0x00,0x00,0x00,0x00,0x00,0x00,0x00,0x00,0x00,0x00,0x00,0x00,0x00,
    0x00,0x00,0x00,0x00,0x00,0x00,0x00,0x00,0x00,0x00,0x00,0x00,0x00,0x00,0x00,0x00,0x00,0x00,0x00,0x00,0x00,0x00,0x00,0x00,0x00,0x00,0x00,0x00,0x00,0x00,0x00,0x00,
    0x00,0x00,0x00,0x00,0x00,0x00,0x00,0x00,0x00,0x00,0x00,0x00,0x00,0x00,0x00,0x00,0x00,0x00,0x00,0x00,0x00,0x00,0x00,0x00,0x00,0x00,0x00,0x00,0x00,0x00,0x00,0x00,
    0x00,0x00,0x00,0x00,0x00,0x00,0x00,0x00,0x00,0x00,0x00,0x00,0x00,0x00,0x00,0x00,0x00,0x00,0x00,0x00,0x00,0x00,0x00,0x00,0x00,0x03,0x01,0x03,0x05,0x87,0x47,0xcf
  },
  { // 316
    0x00,0x00,0x00,0x00,0x00,0x00,0x00,0x00,0x00,0x00,0x00,0x00,0x00,0x00,0x00,0x00,0x00,0x00,0x00,0x00,0x00,0x00,0x00,0x00,0x00,0x00,0x00,0x00,0x00,0x00,0x00,0x00,
    0x00,0x00,0x00,0x00,0x00,0x00,0x00,0x00,0x00,0x00,0x00,0x00,0x00,0x00,0x00,0x00,0x00,0x00,0x00,0x00,0x00,0x00,0x00,0x00,0x00,0x00,0x00,0x00,0x00,0x00,0x00,0x00,
    0x00,0x00,0x00,0x00,0x00,0x00,0x00,0x00,0x00,0x00,0x00,0x00,0x00,0x00,0x00,0x00,0x00,0x00,0x00,0x00,0x00,0x00,0x00,0x00,0x00,0x00,0x00,0x00,0x00,0x00,0x00,0x00,
    0x00,0x00,0x00,0x00,0x00,0x00,0x00,0x00,0x00,0x00,0x00,0x00,0x00,0x00,0x00,0x00,0x00,0x00,0x00,0x00,0x00,0x00,0x00,0x00,0x00,0x00,0x20,0x00,0xe8,0x54,0xfe,0x76,
    0x00,0x00,0x00,0x00,0x00,0x00,0x00,0x00,0x00,0x00,0x00,0x00,0x00,0x00,0x00,0x00,0x00,0x00,0x00,0x00,0x00,0x00,0x00,0x00,0x00,0x00,0x00,0x00,0x00,0x00,0x00,0x00,
    0x00,0x00,0x00,0x00,0x00,0x00,0x00,0x00,0x00,0x00,0x00,0x00,0x00,0x00,0x00,0x00,0x00,0x00,0x00,0x00,0x00,0x00,0x00,0x00,0x00,0x00,0x00,0x00,0x00,0x00,0x00,0x00,
    0x00,0x00,0x00,0x00,0x00,0x00,0x00,0x00,0x00,0x00,0x00,0x00,0x00,0x00,0x00,0x00,0x00,0x40,0x00,0x00,0x20,0x10,0x20,0x70,0xe0,0x50,0xe0,0x68,0xe1,0x40,0xe0,0x40,
    0xe0,0xc0,0xe0,0x40,0xe8,0xd0,0xa0,0x10,0x81,0x00,0x20,0x00,0x28,0x04,0x28,0x74,0xfc,0x5c,0xfc,0x74,0xfc,0x5c,0xf8,0x50,0xf8,0xd8,0xfa,0x71,0xfb,0xdd,0xfb,0x77,
    0x00,0x00,0x00,0x00,0x00,0x00,0x00,0x00,0x00,0x00,0x00,0x00,0x00,0x00,0x00,0x00,0x00,0x00,0x00,0x00,0x00,0x00,0x00,0x00,0x00,0x00,0x00,0x00,0x00,0x00,0x00,0x00,
    0x00,0x00,0x00,0x00,0x00,0x00,0x00,0x00,0x00,0x00,0x00,0x00,0x00,0x00,0x00,0x00,0x00,0x00,0x00,0x00,0x00,0x00,0x00,0x00,0x00,0x00,0x00,0x00,0x00,0x00,0x00,0x00,
    0x00,0x00,0x00,0x00,0x00,0x00,0x00,0x00,0x00,0x00,0x00,0x00,0x00,0x00,0x40,0x00,0x00,0x00,0x10,0x00,0x00,0x00,0x00,0x00,0x00,0x00,0x00,0x00,0x00,0x00,0x00,0x00,
    0x00,0x00,0x00,0x01,0x81,0x01,0x01,0x01,0x81,0x01,0x03,0x01,0x03,0x01,0x23,0x33,0xbb,0x54,0x7e,0x74,0xfe,0x54,0xf8,0x70,0xf8,0xd8,0xf9,0x71,0xfb,0xd9,0xfb,0x73,
    0x00,0x00,0x00,0x00,0x00,0x00,0x00,0x00,0x00,0x00,0x00,0x00,0x00,0x00,0x00,0x00,0x00,0x00,0x00,0x00,0x00,0x00,0x00,0x00,0x00,0x00,0x00,0x00,0x00,0x00,0x00,0x00,
    0x00,0x00,0x00,0x00,0x00,0x00,0x00,0x00,0x00,0x00,0x00,0x00,0x00,0x00,0x00,0x00,0x00,0x00,0x00,0x00,0x00,0x00,0x00,0x00,0x00,0x00,0x00,0x00,0x00,0x00,0x00,0x00,
    0x00,0x00,0x00,0x00,0x00,0x00,0x00,0x00,0x00,0x00,0x00,0x00,0x00,0x00,0x00,0x00,0x00,0x00,0x00,0x00,0x00,0x00,0x00,0x00,0x00,0x00,0x00,0x00,0x00,0x00,0x00,0x00,
    0x00,0x00,0x00,0x00,0x00,0x00,0x00,0x00,0x00,0x00,0x00,0x00,0x00,0x00,0x00,0x00,0x00,0x00,0x00,0x00,0x00,0x00,0x00,0x00,0x00,0x00,0x00,0x01,0x03,0x85,0xcb,0x57
  },
  { // 317
    0x00,0x00,0x00,0x00,0x00,0x00,0x00,0x00,0x00,0x00,0x00,0x00,0x00,0x00,0x00,0x00,0x00,0x00,0x00,0x00,0x00,0x00,0x00,0x00,0x00,0x00,0x00,0x00,0x00,0x00,0x00,0x00,
    0x00,0x00,0x00,0x00,0x00,0x00,0x00,0x00,0x00,0x00,0x00,0x00,0x00,0x00,0x00,0x00,0x00,0x00,0x00,0x00,0x00,0x00,0x00,0x00,0x00,0x00,0x00,0x00,0x00,0x00,0x00,0x00,
    0x00,0x00,0x00,0x00,0x00,0x00,0x00,0x00,0x00,0x00,0x00,0x00,0x00,0x00,0x00,0x00,0x00,0x00,0x00,0x00,0x00,0x00,0x00,0x00,0x00,0x00,0x00,0x00,0x00,0x00,0x00,0x00,
    0x00,0x00,0x00,0x00,0x00,0x00,0x00,0x00,0x00,0x00,0x80,0x00,0x00,0x00,0x00,0x00,0x00,0x00,0x00,0x00,0x00,0x00,0x00,0x00,0x00,0x00,0x00,0x00,0x20,0x74,0xfe,0xdc,
    0x00,0x00,0x00,0x00,0x00,0x00,0x00,0x00,0x00,0x00,0x00,0x00,0x00,0x00,0x00,0x00,0x00,0x00,0x00,0x00,0x00,0x00,0x00,0x00,0x00,0x00,0x00,0x00,0x00,0x00,0x00,0x00,
    0x00,0x00,0x00,0x00,0x00,0x00,0x00,0x00,0x00,0x00,0x00,0x00,0x00,0x00,0x00,0x00,0x00,0x00,0x00,0x00,0x00,0x00,0x00,0x00,0x00,0x00,0x00,0x00,0x00,0x00,0x00,0x00,
    0x00,0x00,0x00,0x00,0x00,0x00,0x00,0x00,0x00,0x00,0x00,0x00,0x00,0x00,0x80,0x00,0x00,0x00,0x00,0x40,0x20,0x00,0x24,0x40,0x20,0x70,0xe0,0x40,0xe8,0x40,0xe1,0xc0,
    0xe0,0x40,0xe0,0xd0,0xe0,0x50,0xe0,0xd0,0xa0,0x40,0xa0,0x40,0x20,0x00,0x88,0x4c,0xec,0x54,0xfc,0xdc,0xfc,0x54,0xbc,0x1c,0xba,0x30,0xba,0x5c,0xfe,0x76,0xfe,0xdc,
    0x00,0x00,0x00,0x00,0x00,0x00,0x00,0x00,0x00,0x00,0x00,0x00,0x00,0x00,0x00,0x00,0x00,0x00,0x00,0x00,0x00,0x00,0x00,0x00,0x00,0x00,0x00,0x00,0x00,0x00,0x00,0x00,
    0x00,0x00,0x00,0x00,0x00,0x00,0x00,0x00,0x00,0x00,0x00,0x00,0x00,0x00,0x00,0x00,0x00,0x00,0x00,0x00,0x00,0x00,0x00,0x00,0x00,0x00,0x00,0x00,0x00,0x00,0x00,0x00,
    0x00,0x00,0x00,0x00,0x00,0x00,0x00,0x00,0x00,0x00,0x00,0x00,0x00,0x00,0x01,0x00,0x40,0x00,0x00,0x00,0x00,0x00,0x00,0x00,0x00,0x00,0x00,0x00,0x00,0x00,0x00,0x04,
    0x00,0x00,0x00,0x01,0x01,0x01,0x81,0x01,0x03,0x01,0x03,0x01,0x03,0x01,0x22,0x04,0x22,0x57,0xef,0x5d,0xfe,0x75,0xfc,0x5c,0xf8,0x51,0xf8,0xd9,0xfb,0x71,0xfb,0xd5,
    0x00,0x00,0x00,0x00,0x00,0x00,0x00,0x00,0x00,0x00,0x00,0x00,0x00,0x00,0x00,0x00,0x00,0x00,0x00,0x00,0x00,0x00,0x00,0x00,0x00,0x00,0x00,0x00,0x00,0x00,0x00,0x00,
    0x00,0x00,0x00,0x00,0x00,0x00,0x00,0x00,0x00,0x00,0x00,0x00,0x00,0x00,0x00,0x00,0x00,0x00,0x00,0x00,0x00,0x00,0x00,0x00,0x00,0x00,0x00,0x00,0x00,0x00,0x00,0x00,
    0x00,0x00,0x00,0x00,0x00,0x00,0x00,0x00,0x00,0x00,0x00,0x00,0x00,0x00,0x00,0x00,0x00,0x00,0x00,0x00,0x00,0x00,0x00,0x00,0x00,0x00,0x00,0x00,0x00,0x00,0x00,0x00,
    0x00,0x00,0x00,0x00,0x00,0x00,0x00,0x00,0x00,0x00,0x00,0x00,0x00,0x00,0x00,0x00,0x00,0x00,0x00,0x00,0x00,0x00,0x00,0x00,0x00,0x00,0x00,0x01,0x01,0x01,0xcb,0xd9
  },
  { // 318
    0x00,0x00,0x00,0x00,0x00,0x00,0x00,0x00,0x00,0x00,0x00,0x00,0x00,0x00,0x00,0x00,0x00,0x00,0x00,0x00,0x00,0x00,0x00,0x00,0x00,0x00,0x00,0x00,0x00,0x00,0x00,0x00,
    0x00,0x00,0x00,0x00,0x00,0x00,0x00,0x00,0x00,0x00,0x00,0x00,0x00,0x00,0x00,0x00,0x00,0x00,0x00,0x00,0x00,0x00,0x00,0x00,0x00,0x00,0x00,0x00,0x00,0x00,0x00,0x00,
    0x00,0x00,0x00,0x00,0x00,0x00,0x00,0x00,0x00,0x00,0x00,0x00,0x00,0x00,0x00,0x00,0x00,0x00,0x00,0x00,0x00,0x00,0x00,0x00,0x00,0x00,0x00,0x00,0x00,0x00,0x00,0x00,
    0x00,0x00,0x00,0x00,0x00,0x00,0x00,0x00,0x00,0x00,0x00,0x00,0x80,0x00,0x00,0x00,0x00,0x00,0x00,0x00,0x00,0x00,0x00,0x00,0x00,0x00,0x00,0x00,0x44,0x2e,0x74,0xfe,
    0x00,0x00,0x00,0x00,0x00,0x00,0x00,0x00,0x00,0x00,0x00,0x00,0x00,0x00,0x00,0x00,0x00,0x00,0x00,0x00,0x00,0x00,0x00,0x00,0x00,0x00,0x00,0x00,0x00,0x00,0x00,0x00,
    0x00,0x00,0x00,0x00,0x00,0x00,0x00,0x00,0x00,0x00,0x00,0x00,0x00,0x00,0x00,0x00,0x00,0x00,0x00,0x00,0x00,0x00,0x00,0x00,0x00,0x00,0x00,0x00,0x00,0x00,0x00,0x00,
    0x00,0x00,0x00,0x00,0x00,0x00,0x00,0x00,0x00,0x00,0x00,0x80,0x00,0x00,0x00,0x00,0x00,0x20,0x00,0x20,0x20,0x20,0x00,0x20,0x44,0x20,0x50,0xe0,0x50,0xf0,0x58,0xf8,
    0xd1,0xb0,0x50,0xa0,0xd0,0xe0,0x70,0xe0,0xc0,0xe0,0x60,0xe0,0xc0,0xc0,0x40,0xc8,0xc0,0x88,0x14,0x9c,0x9c,0xbe,0x14,0xbe,0x1c,0x3e,0x36,0x3e,0x5c,0x7e,0x76,0xfe,
    0x00,0x00,0x00,0x00,0x00,0x00,0x00,0x00,0x00,0x00,0x00,0x00,0x00,0x00,0x00,0x00,0x00,0x00,0x00,0x00,0x00,0x00,0x00,0x00,0x00,0x00,0x00,0x00,0x00,0x00,0x00,0x00,
    0x00,0x00,0x00,0x00,0x00,0x00,0x00,0x00,0x00,0x00,0x00,0x00,0x00,0x00,0x00,0x00,0x00,0x00,0x00,0x00,0x00,0x00,0x00,0x00,0x00,0x00,0x00,0x00,0x00,0x00,0x00,0x00,
    0x00,0x00,0x00,0x00,0x00,0x00,0x00,0x00,0x00,0x00,0x00,0x00,0x00,0x00,0x00,0x00,0x01,0x00,0x40,0x00,0x00,0x00,0x00,0x00,0x00,0x00,0x00,0x00,0x00,0x00,0x00,0x00,
    0x00,0x04,0x00,0x00,0x01,0x01,0x01,0x81,0x01,0x23,0x01,0x23,0x01,0x02,0x01,0x02,0x05,0x0b,0x05,0xef,0xdd,0xbf,0x55,0xbf,0x5d,0xbb,0x31,0xba,0x50,0xfa,0x76,0xfe,
    0x00,0x00,0x00,0x00,0x00,0x00,0x00,0x00,0x00,0x00,0x00,0x00,0x00,0x00,0x00,0x00,0x00,0x00,0x00,0x00,0x00,0x00,0x00,0x00,0x00,0x00,0x00,0x00,0x00,0x00,0x00,0x00,
    0x00,0x00,0x00,0x00,0x00,0x00,0x00,0x00,0x00,0x00,0x00,0x00,0x00,0x00,0x00,0x00,0x00,0x00,0x00,0x00,0x00,0x00,0x00,0x00,0x00,0x00,0x00,0x00,0x00,0x00,0x00,0x00,
    0x00,0x00,0x00,0x00,0x00,0x00,0x00,0x00,0x00,0x00,0x00,0x00,0x00,0x00,0x00,0x00,0x00,0x00,0x00,0x00,0x00,0x00,0x00,0x00,0x00,0x00,0x00,0x00,0x00,0x00,0x00,0x00,
    0x00,0x00,0x00,0x00,0x00,0x00,0x00,0x00,0x00,0x00,0x00,0x00,0x00,0x00,0x00,0x00,0x00,0x00,0x00,0x00,0x00,0x00,0x00,0x00,0x00,0x00,0x01,0x00,0x01,0x83,0x41,0xfb
  },
  { // 319
    0x00,0x00,0x00,0x00,0x00,0x00,0x00,0x00,0x00,0x00,0x00,0x00,0x00,0x00,0x00,0x00,0x00,0x00,0x00,0x00,0x00,0x00,0x00,0x00,0x00,0x00,0x00,0x00,0x00,0x00,0x00,0x00,
    0x00,0x00,0x00,0x00,0x00,0x00,0x00,0x00,0x00,0x00,0x00,0x00,0x00,0x00,0x00,0x00,0x00,0x00,0x00,0x00,0x00,0x00,0x00,0x00,0x00,0x00,0x00,0x00,0x00,0x00,0x00,0x00,
    0x00,0x00,0x00,0x00,0x00,0x00,0x00,0x00,0x00,0x00,0x00,0x00,0x00,0x00,0x00,0x00,0x00,0x00,0x00,0x00,0x00,0x00,0x00,0x00,0x00,0x00,0x00,0x00,0x00,0x00,0x00,0x00,
    0x00,0x00,0x80,0x00,0x00,0x00,0x00,0x00,0x00,0x00,0x00,0x00,0x00,0x80,0x00,0x00,0x00,0x00,0x00,0x00,0x00,0x00,0x00,0x00,0x00,0x00,0x00,0x00,0x00,0x8c,0x5c,0xbf,
    0x00,0x00,0x00,0x00,0x00,0x00,0x00,0x00,0x00,0x00,0x00,0x00,0x00,0x00,0x00,0x00,0x00,0x00,0x00,0x00,0x00,0x00,0x00,0x00,0x00,0x00,0x00,0x00,0x00,0x00,0x00,0x00,
    0x00,0x00,0x00,0x00,0x00,0x00,0x00,0x00,0x00,0x00,0x00,0x00,0x00,0x00,0x00,0x00,0x00,0x00,0x00,0x00,0x00,0x00,0x00,0x00,0x00,0x00,0x00,0x00,0x00,0x00,0x00,0x00,
    0x00,0x00,0x00,0x00,0x00,0x00,0x00,0x00,0x00,0x00,0x00,0x00,0x00,0x00,0x00,0x00,0x00,0x00,0x00,0x20,0x00,0x00,0x20,0x00,0x00,0x00,0x04,0x20,0x50,0xb8,0x50,0xb8,
    0x30,0xb0,0x50,0xb0,0x70,0xe0,0x40,0xe0,0x60,0xe8,0xc0,0xe8,0x40,0xe8,0xc0,0x88,0x00,0x88,0x80,0x98,0x14,0xbe,0x1c,0xbe,0x36,0x3e,0x5c,0x3e,0x76,0x7e,0x5c,0xfe,
    0x00,0x00,0x00,0x00,0x00,0x00,0x00,0x00,0x00,0x00,0x00,0x00,0x00,0x00,0x00,0x00,0x00,0x00,0x00,0x00,0x00,0x00,0x00,0x00,0x00,0x00,0x00,0x00,0x00,0x00,0x00,0x00,
    0x00,0x00,0x00,0x00,0x00,0x00,0x00,0x00,0x00,0x00,0x00,0x00,0x00,0x00,0x00,0x00,0x00,0x00,0x00,0x00,0x00,0x00,0x00,0x00,0x00,0x00,0x00,0x00,0x00,0x00,0x00,0x00,
    0x00,0x00,0x00,0x00,0x00,0x00,0x00,0x00,0x00,0x00,0x00,0x00,0x00,0x00,0x00,0x00,0x00,0x00,0x01,0x00,0x00,0x00,0x00,0x00,0x00,0x00,0x08,0x00,0x00,0x00,0x00,0x00,
    0x00,0x00,0x00,0x04,0x00,0x00,0x00,0x20,0x01,0xa0,0x41,0xa3,0x41,0xc3,0x41,0x83,0x01,0x8b,0x01,0x8b,0x15,0xbf,0x9d,0xff,0x37,0xbf,0x1d,0x3e,0x76,0x7e,0x5c,0xfe,
    0x00,0x00,0x00,0x00,0x00,0x00,0x00,0x00,0x00,0x00,0x00,0x00,0x00,0x00,0x00,0x00,0x00,0x00,0x00,0x00,0x00,0x00,0x00,0x00,0x00,0x00,0x00,0x00,0x00,0x00,0x00,0x00,
    0x00,0x00,0x00,0x00,0x00,0x00,0x00,0x00,0x00,0x00,0x00,0x00,0x00,0x00,0x00,0x00,0x00,0x00,0x00,0x00,0x00,0x00,0x00,0x00,0x00,0x00,0x00,0x00,0x00,0x00,0x00,0x00,
    0x00,0x00,0x00,0x00,0x00,0x00,0x00,0x00,0x00,0x00,0x00,0x00,0x00,0x00,0x00,0x00,0x00,0x00,0x00,0x00,0x00,0x00,0x00,0x00,0x00,0x00,0x00,0x00,0x00,0x00,0x00,0x00,
    0x00,0x00,0x00,0x00,0x00,0x00,0x00,0x00,0x00,0x00,0x00,0x00,0x00,0x00,0x00,0x00,0x00,0x00,0x00,0x00,0x00,0x00,0x01,0x01,0x01,0x03,0x01,0x02,0x00,0x02,0x40,0xfa
  },
  { // 320
    0x00,0x00,0x00,0x00,0x00,0x00,0x00,0x00,0x00,0x00,0x00,0x00,0x00,0x00,0x00,0x00,0x00,0x00,0x00,0x00,0x00,0x00,0x00,0x00,0x00,0x00,0x00,0x00,0x00,0x00,0x00,0x00,
    0x00,0x00,0x00,0x00,0x00,0x00,0x00,0x00,0x00,0x00,0x00,0x00,0x00,0x00,0x00,0x00,0x00,0x00,0x00,0x00,0x00,0x00,0x00,0x00,0x00,0x00,0x00,0x00,0x00,0x00,0x00,0x00,
    0x00,0x00,0x00,0x00,0x00,0x00,0x00,0x00,0x00,0x00,0x00,0x00,0x00,0x00,0x00,0x00,0x00,0x00,0x00,0x00,0x00,0x00,0x00,0x00,0x00,0x00,0x00,0x00,0x00,0x00,0x00,0x00,
    0x00,0x00,0x00,0x00,0x80,0x00,0x00,0x00,0x00,0x00,0x00,0x00,0x00,0x00,0x00,0x80,0x00,0x00,0x00,0x00,0x00,0x00,0x00,0x00,0x00,0x00,0x00,0x80,0x00,0x8a,0x15,0x9f,
    0x00,0x00,0x00,0x00,0x00,0x00,0x00,0x00,0x00,0x00,0x00,0x00,0x00,0x00,0x00,0x00,0x00,0x00,0x00,0x00,0x00,0x00,0x00,0x00,0x00,0x00,0x00,0x00,0x00,0x00,0x00,0x00,
    0x00,0x00,0x00,0x00,0x00,0x00,0x00,0x00,0x00,0x00,0x00,0x00,0x00,0x00,0x00,0x00,0x00,0x00,0x00,0x00,0x00,0x00,0x00,0x00,0x00,0x00,0x00,0x00,0x00,0x00,0x00,0x00,
    0x00,0x00,0x00,0x00,0x00,0x00,0x00,0x00,0x00,0x00,0x00,0x00,0x00,0x00,0x00,0x00,0x00,0x00,0x00,0x00,0x00,0x00,0x00,0x00,0x20,0x00,0x00,0x00,0x18,0x30,0x50,0x38,
    0x58,0x30,0x70,0x78,0x50,0x60,0x60,0xe8,0x40,0xe8,0x70,0xe8,0xd0,0xf8,0x50,0xf8,0xd0,0xa0,0x10,0xa0,0x00,0xa2,0x16,0xee,0x5c,0xfe,0x77,0xee,0x5d,0xfe,0x55,0xfe,
    0x00,0x00,0x00,0x00,0x00,0x00,0x00,0x00,0x00,0x00,0x00,0x00,0x00,0x00,0x00,0x00,0x00,0x00,0x00,0x00,0x00,0x00,0x00,0x00,0x00,0x00,0x00,0x00,0x00,0x00,0x00,0x00,
    0x00,0x00,0x00,0x00,0x00,0x00,0x00,0x00,0x00,0x00,0x00,0x00,0x00,0x00,0x00,0x00,0x00,0x00,0x00,0x00,0x00,0x00,0x00,0x00,0x00,0x00,0x00,0x00,0x00,0x00,0x00,0x00,
    0x00,0x00,0x00,0x00,0x00,0x00,0x00,0x00,0x00,0x00,0x00,0x00,0x00,0x00,0x00,0x00,0x00,0x00,0x00,0x00,0x01,0x00,0x00,0x00,0x00,0x00,0x00,0x00,0x08,0x00,0x00,0x00,
    0x00,0x20,0x00,0x20,0x00,0x22,0x00,0x20,0x40,0x20,0x40,0xe0,0x41,0xe1,0x41,0xc9,0x41,0x83,0x01,0x8b,0x11,0x9b,0x17,0xbf,0x1d,0xff,0x77,0x7e,0x5c,0x7e,0x74,0xfe,
    0x00,0x00,0x00,0x00,0x00,0x00,0x00,0x00,0x00,0x00,0x00,0x00,0x00,0x00,0x00,0x00,0x00,0x00,0x00,0x00,0x00,0x00,0x00,0x00,0x00,0x00,0x00,0x00,0x00,0x00,0x00,0x00,
    0x00,0x00,0x00,0x00,0x00,0x00,0x00,0x00,0x00,0x00,0x00,0x00,0x00,0x00,0x00,0x00,0x00,0x00,0x00,0x00,0x00,0x00,0x00,0x00,0x00,0x00,0x00,0x00,0x00,0x00,0x00,0x00,
    0x00,0x00,0x00,0x00,0x00,0x00,0x00,0x00,0x00,0x00,0x00,0x00,0x00,0x00,0x00,0x00,0x00,0x00,0x00,0x00,0x00,0x00,0x00,0x00,0x00,0x00,0x00,0x00,0x00,0x00,0x00,0x00,
    0x00,0x00,0x00,0x00,0x00,0x00,0x00,0x00,0x00,0x00,0x00,0x00,0x00,0x00,0x00,0x00,0x00,0x00,0x00,0x00,0x01,0x01,0x01,0x01,0x01,0x03,0x01,0x02,0x00,0x02,0x44,0xfe
  },
  { // 321
    0x00,0x00,0x00,0x00,0x00,0x00,0x00,0x00,0x00,0x00,0x00,0x00,0x00,0x00,0x00,0x00,0x00,0x00,0x00,0x00,0x00,0x00,0x00,0x00,0x00,0x00,0x00,0x00,0x00,0x00,0x00,0x00,
    0x00,0x00,0x00,0x00,0x00,0x00,0x00,0x00,0x00,0x00,0x00,0x00,0x00,0x00,0x00,0x00,0x00,0x00,0x00,0x00,0x00,0x00,0x00,0x00,0x00,0x00,0x00,0x00,0x00,0x00,0x00,0x00,
    0x00,0x00,0x00,0x00,0x00,0x00,0x00,0x00,0x00,0x00,0x00,0x00,0x00,0x00,0x00,0x00,0x00,0x00,0x00,0x00,0x00,0x00,0x00,0x00,0x00,0x00,0x00,0x00,0x00,0x00,0x00,0x00,
    0x00,0x00,0x00,0x00,0x00,0x00,0x00,0x00,0x00,0x00,0x00,0x00,0x00,0x00,0x00,0x00,0x00,0x00,0x00,0x00,0x00,0x00,0x00,0x00,0x00,0x00,0x00,0x00,0x88,0x85,0x9f,0x17,
    0x00,0x00,0x00,0x00,0x00,0x00,0x00,0x00,0x00,0x00,0x00,0x00,0x00,0x00,0x00,0x00,0x00,0x00,0x00,0x00,0x00,0x00,0x00,0x00,0x00,0x00,0x00,0x00,0x00,0x00,0x00,0x00,
    0x00,0x00,0x00,0x00,0x00,0x00,0x00,0x00,0x00,0x00,0x00,0x00,0x00,0x00,0x00,0x00,0x00,0x00,0x00,0x00,0x00,0x00,0x00,0x00,0x00,0x00,0x00,0x00,0x00,0x00,0x00,0x00,
    0x00,0x00,0x00,0x00,0x00,0x00,0x00,0x00,0x00,0x00,0x20,0x00,0x00,0x80,0x00,0x00,0x00,0x00,0x00,0x00,0x00,0x00,0x00,0x00,0x00,0x20,0x00,0x00,0x00,0x00,0x28,0x90,
    0x38,0x58,0x38,0x70,0x78,0x50,0x68,0x50,0xe8,0x50,0xf8,0x50,0xf8,0xd0,0xf8,0x70,0xf8,0xd0,0xe2,0x60,0xe2,0x44,0xe6,0x44,0xee,0xcd,0xef,0x57,0xff,0xdd,0x9f,0x17,
    0x00,0x00,0x00,0x00,0x00,0x00,0x00,0x00,0x00,0x00,0x00,0x00,0x00,0x00,0x00,0x00,0x00,0x00,0x00,0x00,0x00,0x00,0x00,0x00,0x00,0x00,0x00,0x00,0x00,0x00,0x00,0x00,
    0x00,0x00,0x00,0x00,0x00,0x00,0x00,0x00,0x00,0x00,0x00,0x00,0x00,0x00,0x00,0x00,0x00,0x00,0x00,0x00,0x00,0x00,0x00,0x00,0x00,0x00,0x00,0x00,0x00,0x00,0x00,0x00,
    0x00,0x00,0x00,0x00,0x00,0x00,0x00,0x00,0x00,0x00,0x00,0x00,0x00,0x00,0x00,0x00,0x00,0x00,0x00,0x00,0x00,0x00,0x01,0x00,0x40,0x00,0x00,0x00,0x00,0x00,0x00,0x00,
    0x00,0x00,0x20,0x00,0x20,0x40,0x22,0x40,0x60,0x40,0x60,0x40,0xe8,0xc1,0xe9,0x51,0xeb,0xd1,0x83,0x01,0x83,0x01,0x23,0x07,0x2f,0x5d,0x7f,0xf7,0xff,0x5d,0xff,0x55,
    0x00,0x00,0x00,0x00,0x00,0x00,0x00,0x00,0x00,0x00,0x00,0x00,0x00,0x00,0x00,0x00,0x00,0x00,0x00,0x00,0x00,0x00,0x00,0x00,0x00,0x00,0x00,0x00,0x00,0x00,0x00,0x00,
    0x00,0x00,0x00,0x00,0x00,0x00,0x00,0x00,0x00,0x00,0x00,0x00,0x00,0x00,0x00,0x00,0x00,0x00,0x00,0x00,0x00,0x00,0x00,0x00,0x00,0x00,0x00,0x00,0x00,0x00,0x00,0x00,
    0x00,0x00,0x00,0x00,0x00,0x00,0x00,0x00,0x00,0x00,0x00,0x00,0x00,0x00,0x00,0x00,0x00,0x00,0x00,0x00,0x00,0x00,0x00,0x00,0x00,0x00,0x00,0x00,0x00,0x00,0x00,0x00,
    0x00,0x00,0x00,0x00,0x00,0x00,0x00,0x00,0x00,0x00,0x00,0x00,0x00,0x00,0x00,0x00,0x00,0x00,0x00,0x01,0x00,0x01,0x01,0x01,0x01,0x01,0x03,0x03,0x02,0x00,0x66,0x74
  },
  { // 322
    0x00,0x00,0x00,0x00,0x00,0x00,0x00,0x00,0x00,0x00,0x00,0x00,0x00,0x00,0x00,0x00,0x00,0x00,0x00,0x00,0x00,0x00,0x00,0x00,0x00,0x00,0x00,0x00,0x00,0x00,0x00,0x00,
    0x00,0x00,0x00,0x00,0x00,0x00,0x00,0x00,0x00,0x00,0x00,0x00,0x00,0x00,0x00,0x00,0x00,0x00,0x00,0x00,0x00,0x00,0x00,0x00,0x00,0x00,0x00,0x00,0x00,0x00,0x00,0x00,
    0x00,0x00,0x00,0x00,0x00,0x00,0x00,0x00,0x00,0x00,0x00,0x00,0x00,0x00,0x00,0x00,0x00,0x00,0x00,0x00,0x00,0x00,0x00,0x00,0x00,0x00,0x00,0x00,0x00,0x00,0x00,0x00,
    0x00,0x00,0x00,0x00,0x00,0x00,0x00,0x40,0x00,0x00,0x00,0x00,0x00,0x00,0x00,0x00,0x00,0x00,0x80,0x00,0x00,0x00,0x00,0x00,0x00,0x00,0x80,0x00,0x82,0x03,0xbf,0xd5,
    0x00,0x00,0x00,0x00,0x00,0x00,0x00,0x00,0x00,0x00,0x00,0x00,0x00,0x00,0x00,0x00,0x00,0x00,0x00,0x00,0x00,0x00,0x00,0x00,0x00,0x00,0x00,0x00,0x00,0x00,0x00,0x00,
    0x00,0x00,0x00,0x00,0x00,0x00,0x00,0x00,0x00,0x00,0x00,0x00,0x00,0x00,0x00,0x00,0x00,0x00,0x00,0x00,0x00,0x00,0x00,0x00,0x00,0x00,0x00,0x00,0x00,0x00,0x00,0x00,
    0x00,0x00,0x00,0x00,0x00,0x00,0x00,0x00,0x00,0x00,0x00,0x00,0x00,0x00,0x00,0x80,0x00,0x00,0x00,0x00,0x00,0x00,0x00,0x00,0x00,0x00,0x00,0x10,0x00,0x00,0x00,0x00,
    0x28,0x80,0x28,0x58,0x38,0x50,0xf8,0x58,0xb8,0x10,0xb8,0x50,0xb8,0xf0,0xf8,0xd0,0xf2,0x70,0xf2,0xc4,0xe2,0x64,0xe6,0xc4,0xce,0x45,0xcf,0xdd,0xdf,0x57,0xbf,0x9d,
    0x00,0x00,0x00,0x00,0x00,0x00,0x00,0x00,0x00,0x00,0x00,0x00,0x00,0x00,0x00,0x00,0x00,0x00,0x00,0x00,0x00,0x00,0x00,0x00,0x00,0x00,0x00,0x00,0x00,0x00,0x00,0x00,
    0x00,0x00,0x00,0x00,0x00,0x00,0x00,0x00,0x00,0x00,0x00,0x00,0x00,0x00,0x00,0x00,0x00,0x00,0x00,0x00,0x00,0x00,0x00,0x00,0x00,0x00,0x00,0x00,0x00,0x00,0x00,0x00,
    0x00,0x00,0x00,0x00,0x00,0x00,0x00,0x00,0x00,0x00,0x00,0x00,0x00,0x00,0x00,0x00,0x00,0x00,0x00,0x00,0x00,0x00,0x00,0x00,0x00,0x00,0x80,0x00,0x00,0x00,0x00,0x00,
    0x24,0x00,0x20,0x00,0x20,0x00,0x28,0x40,0x22,0x40,0x28,0x40,0xa0,0x50,0xf8,0x51,0xb3,0x71,0xe3,0x51,0xa3,0x03,0xa7,0x45,0x27,0x47,0xef,0x4d,0xff,0x57,0xff,0xdd,
    0x00,0x00,0x00,0x00,0x00,0x00,0x00,0x00,0x00,0x00,0x00,0x00,0x00,0x00,0x00,0x00,0x00,0x00,0x00,0x00,0x00,0x00,0x00,0x00,0x00,0x00,0x00,0x00,0x00,0x00,0x00,0x00,
    0x00,0x00,0x00,0x00,0x00,0x00,0x00,0x00,0x00,0x00,0x00,0x00,0x00,0x00,0x00,0x00,0x00,0x00,0x00,0x00,0x00,0x00,0x00,0x00,0x00,0x00,0x00,0x00,0x00,0x00,0x00,0x00,
    0x00,0x00,0x00,0x00,0x00,0x00,0x00,0x00,0x00,0x00,0x00,0x00,0x00,0x00,0x00,0x00,0x00,0x00,0x00,0x00,0x00,0x00,0x00,0x00,0x00,0x00,0x00,0x00,0x00,0x00,0x00,0x00,
    0x00,0x00,0x00,0x00,0x00,0x00,0x00,0x00,0x00,0x00,0x00,0x00,0x00,0x00,0x00,0x00,0x00,0x00,0x00,0x00,0x00,0x01,0x00,0x01,0x00,0x01,0x02,0x01,0x03,0x03,0xef,0x5d
  },
  { // 323
    0x00,0x00,0x00,0x00,0x00,0x00,0x00,0x00,0x00,0x00,0x00,0x00,0x00,0x00,0x00,0x00,0x00,0x00,0x00,0x00,0x00,0x00,0x00,0x00,0x00,0x00,0x00,0x00,0x00,0x00,0x00,0x00,
    0x00,0x00,0x00,0x00,0x00,0x00,0x00,0x00,0x00,0x00,0x00,0x00,0x00,0x00,0x00,0x00,0x00,0x00,0x00,0x00,0x00,0x00,0x00,0x00,0x00,0x00,0x00,0x00,0x00,0x00,0x00,0x00,
    0x00,0x00,0x00,0x00,0x00,0x00,0x00,0x00,0x00,0x00,0x00,0x00,0x00,0x00,0x00,0x00,0x00,0x00,0x00,0x00,0x00,0x00,0x00,0x00,0x00,0x00,0x00,0x00,0x00,0x00,0x00,0x00,
    0x00,0x00,0x00,0x00,0x00,0x00,0x00,0x00,0x00,0x40,0x00,0x00,0x00,0x00,0x00,0x00,0x00,0x00,0x00,0x80,0x00,0x00,0x00,0x00,0x00,0x00,0x00,0x80,0x80,0x83,0x57,0xff,
    0x00,0x00,0x00,0x00,0x00,0x00,0x00,0x00,0x00,0x00,0x00,0x00,0x00,0x00,0x00,0x00,0x00,0x00,0x00,0x00,0x00,0x00,0x00,0x00,0x00,0x00,0x00,0x00,0x00,0x00,0x00,0x00,
    0x00,0x00,0x00,0x00,0x00,0x00,0x00,0x00,0x00,0x00,0x00,0x00,0x00,0x00,0x00,0x00,0x00,0x00,0x00,0x00,0x00,0x00,0x00,0x00,0x00,0x00,0x00,0x00,0x00,0x00,0x00,0x00,
    0x00,0x00,0x00,0x00,0x00,0x00,0x00,0x00,0x00,0x00,0x00,0x00,0x00,0x00,0x00,0x00,0x00,0x40,0x00,0x00,0x00,0x00,0x00,0x00,0x00,0x00,0x00,0x00,0x00,0x10,0x00,0x00,
    0x00,0x08,0x80,0x08,0x1c,0x38,0x10,0x38,0x18,0x38,0x10,0x38,0x10,0x38,0xf0,0xf8,0x54,0xfa,0x74,0xfc,0xd4,0xe8,0x40,0xe8,0xc1,0xc9,0x41,0xcb,0xdd,0xbf,0x57,0xbf,
    0x00,0x00,0x00,0x00,0x00,0x00,0x00,0x00,0x00,0x00,0x00,0x00,0x00,0x00,0x00,0x00,0x00,0x00,0x00,0x00,0x00,0x00,0x00,0x00,0x00,0x00,0x00,0x00,0x00,0x00,0x00,0x00,
    0x00,0x00,0x00,0x00,0x00,0x00,0x00,0x00,0x00,0x00,0x00,0x00,0x00,0x00,0x00,0x00,0x00,0x00,0x00,0x00,0x00,0x00,0x00,0x00,0x00,0x00,0x00,0x00,0x00,0x00,0x00,0x00,
    0x00,0x00,0x00,0x00,0x00,0x00,0x00,0x00,0x00,0x00,0x00,0x00,0x00,0x00,0x00,0x00,0x00,0x00,0x00,0x00,0x00,0x00,0x00,0x00,0x00,0x00,0x00,0x00,0x80,0x00,0x00,0x00,
    0x00,0x00,0x00,0x2a,0x00,0x28,0x10,0x38,0x50,0x38,0x12,0x38,0x10,0x30,0x30,0xb0,0x50,0xf2,0x71,0xe2,0x45,0xe2,0x45,0xee,0x45,0xcf,0x45,0xcf,0xdd,0x9f,0x57,0xbf,
    0x00,0x00,0x00,0x00,0x00,0x00,0x00,0x00,0x00,0x00,0x00,0x00,0x00,0x00,0x00,0x00,0x00,0x00,0x00,0x00,0x00,0x00,0x00,0x00,0x00,0x00,0x00,0x00,0x00,0x00,0x00,0x00,
    0x00,0x00,0x00,0x00,0x00,0x00,0x00,0x00,0x00,0x00,0x00,0x00,0x00,0x00,0x00,0x00,0x00,0x00,0x00,0x00,0x00,0x00,0x00,0x00,0x00,0x00,0x00,0x00,0x00,0x00,0x00,0x00,
    0x00,0x00,0x00,0x00,0x00,0x00,0x00,0x00,0x00,0x00,0x00,0x00,0x00,0x00,0x00,0x00,0x00,0x00,0x00,0x00,0x00,0x00,0x00,0x00,0x00,0x00,0x00,0x00,0x00,0x00,0x00,0x00,
    0x00,0x00,0x00,0x00,0x00,0x00,0x00,0x00,0x00,0x00,0x00,0x00,0x00,0x00,0x00,0x00,0x00,0x00,0x00,0x00,0x00,0x00,0x00,0x00,0x00,0x00,0x01,0x00,0x01,0x03,0x57,0xff
  },
  { // 324
    0x00,0x00,0x00,0x00,0x00,0x00,0x00,0x00,0x00,0x00,0x00,0x00,0x00,0x00,0x00,0x00,0x00,0x00,0x00,0x00,0x00,0x00,0x00,0x00,0x00,0x00,0x00,0x00,0x00,0x00,0x00,0x00,
    0x00,0x00,0x00,0x00,0x00,0x00,0x00,0x00,0x00,0x00,0x00,0x00,0x00,0x00,0x00,0x00,0x00,0x00,0x00,0x00,0x00,0x00,0x00,0x00,0x00,0x00,0x00,0x00,0x00,0x00,0x00,0x00,
    0x00,0x00,0x00,0x00,0x00,0x00,0x00,0x00,0x00,0x00,0x00,0x00,0x00,0x00,0x00,0x00,0x00,0x00,0x00,0x00,0x00,0x00,0x00,0x00,0x00,0x00,0x00,0x00,0x00,0x00,0x00,0x00,
    0x00,0x00,0x00,0x00,0x00,0x00,0x00,0x00,0x00,0x00,0x00,0x40,0x00,0x00,0x00,0x00,0x00,0x00,0x00,0x00,0x00,0x80,0x00,0x00,0x00,0x80,0x00,0x80,0x00,0x82,0xc5,0xe7,
    0x00,0x00,0x00,0x00,0x00,0x00,0x00,0x00,0x00,0x00,0x00,0x00,0x00,0x00,0x00,0x00,0x00,0x00,0x00,0x00,0x00,0x00,0x00,0x00,0x00,0x00,0x00,0x00,0x00,0x00,0x00,0x00,
    0x00,0x00,0x00,0x00,0x00,0x00,0x00,0x00,0x00,0x00,0x00,0x00,0x00,0x00,0x00,0x00,0x00,0x00,0x00,0x00,0x00,0x00,0x00,0x00,0x00,0x00,0x00,0x00,0x00,0x00,0x00,0x00,
    0x00,0x00,0x00,0x00,0x00,0x00,0x00,0x00,0x00,0x00,0x00,0x00,0x00,0x00,0x00,0x00,0x80,0x00,0x00,0x00,0x00,0x00,0x00,0x00,0x00,0x00,0x00,0x00,0x00,0x00,0x00,0x00,
    0x00,0x08,0x00,0x08,0x88,0x08,0x1c,0x38,0x14,0x38,0x14,0x3a,0x34,0x38,0x54,0x38,0x74,0xfc,0x5c,0xfc,0x74,0xfc,0xdc,0xf8,0x51,0xf9,0xd1,0xb3,0x53,0xf3,0xd5,0xf7,
    0x00,0x00,0x00,0x00,0x00,0x00,0x00,0x00,0x00,0x00,0x00,0x00,0x00,0x00,0x00,0x00,0x00,0x00,0x00,0x00,0x00,0x00,0x00,0x00,0x00,0x00,0x00,0x00,0x00,0x00,0x00,0x00,
    0x00,0x00,0x00,0x00,0x00,0x00,0x00,0x00,0x00,0x00,0x00,0x00,0x00,0x00,0x00,0x00,0x00,0x00,0x00,0x00,0x00,0x00,0x00,0x00,0x00,0x00,0x00,0x00,0x00,0x00,0x00,0x00,
    0x00,0x00,0x00,0x00,0x00,0x00,0x00,0x00,0x00,0x00,0x00,0x00,0x00,0x00,0x00,0x00,0x00,0x00,0x00,0x00,0x00,0x00,0x00,0x00,0x00,0x00,0x00,0x00,0x01,0x00,0x80,0x00,
    0x00,0x08,0x00,0x08,0x00,0x0a,0x1c,0x38,0x10,0x38,0x18,0x3a,0x30,0x38,0x10,0x31,0x70,0x70,0x54,0xea,0x74,0xee,0xc5,0xeb,0x45,0xcb,0xc1,0x8b,0x13,0x9f,0x9d,0xbf,
    0x00,0x00,0x00,0x00,0x00,0x00,0x00,0x00,0x00,0x00,0x00,0x00,0x00,0x00,0x00,0x00,0x00,0x00,0x00,0x00,0x00,0x00,0x00,0x00,0x00,0x00,0x00,0x00,0x00,0x00,0x00,0x00,
    0x00,0x00,0x00,0x00,0x00,0x00,0x00,0x00,0x00,0x00,0x00,0x00,0x00,0x00,0x00,0x00,0x00,0x00,0x00,0x00,0x00,0x00,0x00,0x00,0x00,0x00,0x00,0x00,0x00,0x00,0x00,0x00,
    0x00,0x00,0x00,0x00,0x00,0x00,0x00,0x00,0x00,0x00,0x00,0x00,0x00,0x00,0x00,0x00,0x00,0x00,0x00,0x00,0x00,0x00,0x00,0x00,0x00,0x00,0x00,0x00,0x00,0x00,0x00,0x00,
    0x00,0x00,0x00,0x00,0x00,0x00,0x00,0x00,0x00,0x00,0x00,0x00,0x00,0x00,0x00,0x00,0x00,0x00,0x00,0x00,0x00,0x00,0x00,0x00,0x00,0x00,0x01,0x01,0x01,0x83,0x81,0xbf
  },
  { // 325
    0x00,0x00,0x00,0x00,0x00,0x00,0x00,0x00,0x00,0x00,0x00,0x00,0x00,0x00,0x00,0x00,0x00,0x00,0x00,0x00,0x00,0x00,0x00,0x00,0x00,0x00,0x00,0x00,0x00,0x00,0x00,0x00,
    0x00,0x00,0x00,0x00,0x00,0x00,0x00,0x00,0x00,0x00,0x00,0x00,0x00,0x00,0x00,0x00,0x00,0x00,0x00,0x00,0x00,0x00,0x00,0x00,0x00,0x00,0x00,0x00,0x00,0x00,0x00,0x00,
    0x00,0x00,0x00,0x00,0x00,0x00,0x00,0x00,0x00,0x00,0x00,0x00,0x00,0x00,0x00,0x00,0x00,0x00,0x00,0x00,0x00,0x00,0x00,0x00,0x00,0x00,0x00,0x00,0x00,0x00,0x00,0x00,
    0x00,0x00,0x00,0x00,0x00,0x00,0x00,0x00,0x00,0x00,0x00,0x00,0x40,0x00,0x00,0x00,0x00,0x00,0x00,0x00,0x00,0x00,0x80,0x00,0x00,0x00,0x80,0x00,0x80,0x40,0xc2,0xc5,
    0x00,0x00,0x00,0x00,0x00,0x00,0x00,0x00,0x00,0x00,0x00,0x00,0x00,0x00,0x00,0x00,0x00,0x00,0x00,0x00,0x00,0x00,0x00,0x00,0x00,0x00,0x00,0x00,0x00,0x00,0x00,0x00,
    0x00,0x00,0x00,0x00,0x00,0x00,0x00,0x00,0x00,0x00,0x00,0x00,0x00,0x00,0x00,0x00,0x00,0x00,0x00,0x00,0x00,0x00,0x00,0x00,0x00,0x00,0x00,0x00,0x00,0x00,0x00,0x00,
    0x00,0x00,0x00,0x00,0x00,0x00,0x00,0x00,0x00,0x00,0x00,0x00,0x00,0x00,0x00,0x00,0x00,0x00,0x80,0x00,0x00,0x00,0x00,0x00,0x00,0x00,0x00,0x00,0x00,0x00,0x00,0x00,
    0x00,0x00,0x08,0x00,0x00,0x08,0x08,0x14,0x3a,0x14,0x3e,0x14,0x3e,0x14,0x2c,0x5c,0x2c,0x54,0xfc,0x5c,0xf8,0x70,0xf8,0xd9,0xfb,0x71,0xfb,0xd1,0xf3,0x73,0xe3,0xc5,
    0x00,0x00,0x00,0x00,0x00,0x00,0x00,0x00,0x00,0x00,0x00,0x00,0x00,0x00,0x00,0x00,0x00,0x00,0x00,0x00,0x00,0x00,0x00,0x00,0x00,0x00,0x00,0x00,0x00,0x00,0x00,0x00,
    0x00,0x00,0x00,0x00,0x00,0x00,0x00,0x00,0x00,0x00,0x00,0x00,0x00,0x00,0x00,0x00,0x00,0x00,0x00,0x00,0x00,0x00,0x00,0x00,0x00,0x00,0x00,0x00,0x00,0x00,0x00,0x00,
    0x00,0x00,0x00,0x00,0x00,0x00,0x00,0x00,0x00,0x00,0x00,0x00,0x00,0x00,0x00,0x00,0x00,0x00,0x00,0x00,0x00,0x00,0x00,0x00,0x00,0x00,0x00,0x00,0x00,0x00,0x09,0x04,
    0x08,0x00,0x08,0x00,0x08,0x11,0x08,0x1d,0x3a,0x14,0x3e,0x1c,0x3a,0x36,0x3a,0x54,0x28,0x75,0x6c,0x54,0xf8,0x75,0xfd,0xdd,0xfb,0x51,0xfb,0xd1,0xa3,0x13,0xa3,0x95,
    0x00,0x00,0x00,0x00,0x00,0x00,0x00,0x00,0x00,0x00,0x00,0x00,0x00,0x00,0x00,0x00,0x00,0x00,0x00,0x00,0x00,0x00,0x00,0x00,0x00,0x00,0x00,0x00,0x00,0x00,0x00,0x00,
    0x00,0x00,0x00,0x00,0x00,0x00,0x00,0x00,0x00,0x00,0x00,0x00,0x00,0x00,0x00,0x00,0x00,0x00,0x00,0x00,0x00,0x00,0x00,0x00,0x00,0x00,0x00,0x00,0x00,0x00,0x00,0x00,
    0x00,0x00,0x00,0x00,0x00,0x00,0x00,0x00,0x00,0x00,0x00,0x00,0x00,0x00,0x00,0x00,0x00,0x00,0x00,0x00,0x00,0x00,0x00,0x00,0x00,0x00,0x00,0x00,0x00,0x00,0x00,0x01,
    0x00,0x00,0x00,0x00,0x00,0x00,0x00,0x00,0x00,0x00,0x00,0x00,0x00,0x00,0x00,0x00,0x00,0x00,0x00,0x00,0x00,0x00,0x00,0x00,0x00,0x00,0x00,0x01,0x01,0x01,0x8b,0x9d
  },
  { // 326
    0x00,0x00,0x00,0x00,0x00,0x00,0x00,0x00,0x00,0x00,0x00,0x00,0x00,0x00,0x00,0x00,0x00,0x00,0x00,0x00,0x00,0x00,0x00,0x00,0x00,0x00,0x00,0x00,0x00,0x00,0x00,0x00,
    0x00,0x00,0x00,0x00,0x00,0x00,0x00,0x00,0x00,0x00,0x00,0x00,0x00,0x00,0x00,0x00,0x00,0x00,0x00,0x00,0x00,0x00,0x00,0x00,0x00,0x00,0x00,0x00,0x00,0x00,0x00,0x00,
    0x00,0x00,0x00,0x00,0x00,0x00,0x00,0x00,0x00,0x00,0x00,0x00,0x00,0x00,0x00,0x00,0x00,0x00,0x00,0x00,0x00,0x00,0x00,0x00,0x00,0x00,0x00,0x00,0x00,0x00,0x00,0x00,
    0x00,0x00,0x00,0x00,0x00,0x00,0x00,0x00,0x00,0x00,0x00,0x00,0x00,0x00,0x00,0x00,0x00,0x00,0x00,0x00,0x00,0x00,0x00,0x00,0x00,0x00,0x00,0x00,0x80,0x40,0xc0,0x74,
    0x00,0x00,0x00,0x00,0x00,0x00,0x00,0x00,0x00,0x00,0x00,0x00,0x00,0x00,0x00,0x00,0x00,0x00,0x00,0x00,0x00,0x00,0x00,0x00,0x00,0x00,0x00,0x00,0x00,0x00,0x00,0x00,
    0x00,0x00,0x00,0x00,0x00,0x00,0x00,0x00,0x00,0x00,0x00,0x00,0x00,0x00,0x00,0x00,0x00,0x00,0x00,0x00,0x00,0x00,0x00,0x00,0x00,0x00,0x00,0x00,0x00,0x00,0x00,0x00,
    0x00,0x00,0x00,0x00,0x00,0x00,0x00,0x00,0x00,0x00,0x00,0x00,0x00,0x00,0x00,0x00,0x00,0x00,0x00,0x80,0x00,0x00,0x00,0x40,0x00,0x00,0x00,0x00,0x00,0x00,0x00,0x00,
    0x00,0x00,0x00,0x00,0x00,0x00,0x0a,0x00,0x06,0x04,0x0e,0x04,0x2e,0x0c,0x2e,0x14,0x0c,0x1c,0x38,0x10,0xb8,0x58,0xba,0x71,0xfa,0xd5,0xfa,0x71,0xf2,0xd4,0xe2,0x65,
    0x00,0x00,0x00,0x00,0x00,0x00,0x00,0x00,0x00,0x00,0x00,0x00,0x00,0x00,0x00,0x00,0x00,0x00,0x00,0x00,0x00,0x00,0x00,0x00,0x00,0x00,0x00,0x00,0x00,0x00,0x00,0x00,
    0x00,0x00,0x00,0x00,0x00,0x00,0x00,0x00,0x00,0x00,0x00,0x00,0x00,0x00,0x00,0x00,0x00,0x00,0x00,0x00,0x00,0x00,0x00,0x00,0x00,0x00,0x00,0x00,0x00,0x00,0x00,0x00,
    0x00,0x00,0x00,0x00,0x00,0x00,0x00,0x00,0x00,0x00,0x00,0x00,0x00,0x00,0x00,0x00,0x00,0x00,0x00,0x00,0x00,0x00,0x00,0x00,0x00,0x00,0x00,0x00,0x00,0x00,0x00,0x02,
    0x08,0x04,0x08,0x00,0x0a,0x00,0x0b,0x10,0x1e,0x15,0x3e,0x16,0x3e,0x1c,0x3e,0x34,0x2c,0x5c,0x39,0x50,0x78,0x58,0xf9,0x71,0xfb,0xd9,0xfb,0x73,0xf3,0xd1,0xa3,0x67,
    0x00,0x00,0x00,0x00,0x00,0x00,0x00,0x00,0x00,0x00,0x00,0x00,0x00,0x00,0x00,0x00,0x00,0x00,0x00,0x00,0x00,0x00,0x00,0x00,0x00,0x00,0x00,0x00,0x00,0x00,0x00,0x00,
    0x00,0x00,0x00,0x00,0x00,0x00,0x00,0x00,0x00,0x00,0x00,0x00,0x00,0x00,0x00,0x00,0x00,0x00,0x00,0x00,0x00,0x00,0x00,0x00,0x00,0x00,0x00,0x00,0x00,0x00,0x00,0x00,
    0x00,0x00,0x00,0x00,0x00,0x00,0x00,0x00,0x00,0x00,0x00,0x00,0x00,0x00,0x00,0x00,0x00,0x00,0x00,0x00,0x00,0x00,0x00,0x00,0x00,0x00,0x00,0x00,0x00,0x00,0x00,0x00,
    0x00,0x01,0x00,0x00,0x00,0x00,0x00,0x00,0x00,0x00,0x00,0x00,0x00,0x00,0x00,0x00,0x00,0x00,0x00,0x00,0x00,0x00,0x00,0x00,0x00,0x00,0x00,0x01,0x81,0x01,0x83,0x17
  },
  { // 327
    0x00,0x00,0x00,0x00,0x00,0x00,0x00,0x00,0x00,0x00,0x00,0x00,0x00,0x00,0x00,0x00,0x00,0x00,0x00,0x00,0x00,0x00,0x00,0x00,0x00,0x00,0x00,0x00,0x00,0x00,0x00,0x00,
    0x00,0x00,0x00,0x00,0x00,0x00,0x00,0x00,0x00,0x00,0x00,0x00,0x00,0x00,0x00,0x00,0x00,0x00,0x00,0x00,0x00,0x00,0x00,0x00,0x00,0x00,0x00,0x00,0x00,0x00,0x00,0x00,
    0x00,0x00,0x00,0x00,0x00,0x00,0x00,0x00,0x00,0x00,0x00,0x00,0x00,0x00,0x00,0x00,0x00,0x00,0x00,0x00,0x00,0x00,0x00,0x00,0x00,0x00,0x00,0x00,0x00,0x00,0x00,0x00,
    0x00,0x00,0x00,0x00,0x00,0x00,0x00,0x00,0x00,0x00,0x00,0x00,0x00,0x00,0x00,0x40,0x00,0x00,0x00,0x00,0x00,0x00,0x00,0x00,0x00,0x00,0x00,0x80,0x40,0xc0,0xc0,0xf8,
    0x00,0x00,0x00,0x00,0x00,0x00,0x00,0x00,0x00,0x00,0x00,0x00,0x00,0x00,0x00,0x00,0x00,0x00,0x00,0x00,0x00,0x00,0x00,0x00,0x00,0x00,0x00,0x00,0x00,0x00,0x00,0x00,
    0x00,0x00,0x00,0x00,0x00,0x00,0x00,0x00,0x00,0x00,0x00,0x00,0x00,0x00,0x00,0x00,0x00,0x00,0x00,0x00,0x00,0x00,0x00,0x00,0x00,0x00,0x00,0x00,0x00,0x00,0x00,0x00,
    0x00,0x00,0x00,0x00,0x00,0x00,0x00,0x00,0x00,0x00,0x00,0x00,0x00,0x00,0x00,0x00,0x00,0x00,0x00,0x00,0x00,0x00,0x00,0x00,0x20,0x00,0x00,0x00,0x00,0x00,0x00,0x00,
    0x00,0x00,0x00,0x00,0x00,0x00,0x00,0x0a,0x00,0x06,0x04,0x0e,0x04,0x0e,0x0c,0x0e,0x14,0x9e,0x1c,0x3a,0x10,0xba,0x1c,0xba,0x76,0xfe,0x5c,0xfe,0x74,0xfe,0xd4,0xe8,
    0x00,0x00,0x00,0x00,0x00,0x00,0x00,0x00,0x00,0x00,0x00,0x00,0x00,0x00,0x00,0x00,0x00,0x00,0x00,0x00,0x00,0x00,0x00,0x00,0x00,0x00,0x00,0x00,0x00,0x00,0x00,0x00,
    0x00,0x00,0x00,0x00,0x00,0x00,0x00,0x00,0x00,0x00,0x00,0x00,0x00,0x00,0x00,0x00,0x00,0x00,0x00,0x00,0x00,0x00,0x00,0x00,0x00,0x00,0x00,0x00,0x00,0x00,0x00,0x00,
    0x00,0x00,0x00,0x00,0x00,0x00,0x00,0x00,0x00,0x00,0x00,0x00,0x00,0x00,0x00,0x00,0x00,0x00,0x00,0x00,0x00,0x00,0x00,0x00,0x00,0x00,0x00,0x00,0x00,0x00,0x00,0x00,
    0x00,0x0a,0x00,0x02,0x00,0x02,0x04,0x02,0x07,0x0e,0x04,0x2e,0x16,0x2e,0x1c,0x3e,0x14,0x3c,0x1c,0x39,0x10,0x38,0x59,0x3b,0x71,0xfb,0xd5,0xfb,0x73,0xf3,0xc5,0xe3,
    0x00,0x00,0x00,0x00,0x00,0x00,0x00,0x00,0x00,0x00,0x00,0x00,0x00,0x00,0x00,0x00,0x00,0x00,0x00,0x00,0x00,0x00,0x00,0x00,0x00,0x00,0x00,0x00,0x00,0x00,0x00,0x00,
    0x00,0x00,0x00,0x00,0x00,0x00,0x00,0x00,0x00,0x00,0x00,0x00,0x00,0x00,0x00,0x00,0x00,0x00,0x00,0x00,0x00,0x00,0x00,0x00,0x00,0x00,0x00,0x00,0x00,0x00,0x00,0x00,
    0x00,0x00,0x00,0x00,0x00,0x00,0x00,0x00,0x00,0x00,0x00,0x00,0x00,0x00,0x00,0x00,0x00,0x00,0x00,0x00,0x00,0x00,0x00,0x00,0x00,0x00,0x00,0x00,0x00,0x00,0x00,0x00,
    0x00,0x00,0x00,0x01,0x00,0x00,0x00,0x00,0x00,0x00,0x00,0x00,0x00,0x00,0x00,0x00,0x00,0x00,0x00,0x00,0x00,0x00,0x00,0x00,0x00,0x00,0x00,0x00,0x01,0xa3,0xc1,0xa3
  },
  { // 328
    0x00,0x00,0x00,0x00,0x00,0x00,0x00,0x00,0x00,0x00,0x00,0x00,0x00,0x00,0x00,0x00,0x00,0x00,0x00,0x00,0x00,0x00,0x00,0x00,0x00,0x00,0x00,0x00,0x00,0x00,0x00,0x00,
    0x00,0x00,0x00,0x00,0x00,0x00,0x00,0x00,0x00,0x00,0x00,0x00,0x00,0x00,0x00,0x00,0x00,0x00,0x00,0x00,0x00,0x00,0x00,0x00,0x00,0x00,0x00,0x00,0x00,0x00,0x00,0x00,
    0x00,0x00,0x00,0x00,0x00,0x00,0x00,0x00,0x00,0x00,0x00,0x00,0x00,0x00,0x00,0x00,0x00,0x00,0x00,0x00,0x00,0x00,0x00,0x00,0x00,0x00,0x00,0x00,0x00,0x00,0x00,0x00,
    0x00,0x00,0x00,0x00,0x00,0x00,0x00,0x00,0x00,0x00,0x00,0x00,0x00,0x00,0x00,0x00,0x40,0x00,0x00,0x00,0x00,0x00,0x00,0x00,0x00,0x00,0x00,0x80,0xc0,0xc0,0x41,0xfd,
    0x00,0x00,0x00,0x00,0x00,0x00,0x00,0x00,0x00,0x00,0x00,0x00,0x00,0x00,0x00,0x00,0x00,0x00,0x00,0x00,0x00,0x00,0x00,0x00,0x00,0x00,0x00,0x00,0x00,0x00,0x00,0x00,
    0x00,0x00,0x00,0x00,0x00,0x00,0x00,0x00,0x00,0x00,0x00,0x00,0x00,0x00,0x00,0x00,0x00,0x00,0x00,0x00,0x00,0x00,0x00,0x00,0x00,0x00,0x00,0x00,0x00,0x00,0x00,0x00,
    0x00,0x00,0x00,0x00,0x00,0x00,0x00,0x00,0x00,0x00,0x00,0x00,0x00,0x00,0x00,0x00,0x00,0x00,0x00,0x00,0x00,0x00,0x00,0x00,0x00,0x00,0x20,0x00,0x00,0x00,0x00,0x00,
    0x00,0x00,0x00,0x00,0x00,0x00,0x00,0x00,0x08,0x00,0x00,0x08,0x04,0x0a,0x04,0x8e,0x1d,0x9e,0x17,0x1e,0x14,0x3e,0x16,0x3e,0x5c,0x7e,0x74,0xfe,0xdc,0xfe,0x74,0xfc,
    0x00,0x00,0x00,0x00,0x00,0x00,0x00,0x00,0x00,0x00,0x00,0x00,0x00,0x00,0x00,0x00,0x00,0x00,0x00,0x00,0x00,0x00,0x00,0x00,0x00,0x00,0x00,0x00,0x00,0x00,0x00,0x00,
    0x00,0x00,0x00,0x00,0x00,0x00,0x00,0x00,0x00,0x00,0x00,0x00,0x00,0x00,0x00,0x00,0x00,0x00,0x00,0x00,0x00,0x00,0x00,0x00,0x00,0x00,0x00,0x00,0x00,0x00,0x00,0x00,
    0x00,0x00,0x00,0x00,0x00,0x00,0x00,0x00,0x00,0x00,0x00,0x00,0x00,0x00,0x00,0x00,0x00,0x00,0x00,0x00,0x00,0x00,0x00,0x00,0x00,0x00,0x00,0x00,0x00,0x00,0x00,0x00,
    0x00,0x02,0x01,0x02,0x05,0x02,0x07,0x06,0x04,0x07,0x04,0x0e,0x0c,0x0e,0x15,0x1f,0x1d,0x3f,0x15,0x3e,0x1d,0x3a,0x30,0x3a,0x54,0x7a,0x76,0xfe,0xd4,0xfe,0x75,0xee,
    0x00,0x00,0x00,0x00,0x00,0x00,0x00,0x00,0x00,0x00,0x00,0x00,0x00,0x00,0x00,0x00,0x00,0x00,0x00,0x00,0x00,0x00,0x00,0x00,0x00,0x00,0x00,0x00,0x00,0x00,0x00,0x00,
    0x00,0x00,0x00,0x00,0x00,0x00,0x00,0x00,0x00,0x00,0x00,0x00,0x00,0x00,0x00,0x00,0x00,0x00,0x00,0x00,0x00,0x00,0x00,0x00,0x00,0x00,0x00,0x00,0x00,0x00,0x00,0x00,
    0x00,0x00,0x00,0x00,0x00,0x00,0x00,0x00,0x00,0x00,0x00,0x00,0x00,0x00,0x00,0x00,0x00,0x00,0x00,0x00,0x00,0x00,0x00,0x00,0x00,0x00,0x00,0x00,0x00,0x00,0x00,0x00,
    0x00,0x00,0x00,0x00,0x01,0x00,0x00,0x00,0x00,0x00,0x00,0x00,0x00,0x00,0x00,0x00,0x00,0x00,0x00,0x00,0x00,0x00,0x00,0x00,0x00,0x00,0x00,0x00,0x00,0xa3,0x73,0xe7
  },
  { // 329
    0x00,0x00,0x00,0x00,0x00,0x00,0x00,0x00,0x00,0x00,0x00,0x00,0x00,0x00,0x00,0x00,0x00,0x00,0x00,0x00,0x00,0x00,0x00,0x00,0x00,0x00,0x00,0x00,0x00,0x00,0x00,0x00,
    0x00,0x00,0x00,0x00,0x00,0x00,0x00,0x00,0x00,0x00,0x00,0x00,0x20,0x00,0x00,0x00,0x00,0x00,0x00,0x00,0x00,0x00,0x00,0x00,0x00,0x00,0x00,0x00,0x00,0x00,0x00,0x00,
    0x00,0x00,0x00,0x00,0x00,0x00,0x00,0x00,0x00,0x00,0x00,0x00,0x00,0x00,0x00,0x00,0x00,0x00,0x00,0x00,0x00,0x00,0x00,0x00,0x00,0x00,0x00,0x00,0x00,0x00,0x00,0x00,
    0x00,0x00,0x00,0x00,0x00,0x00,0x00,0x00,0x00,0x00,0x00,0x00,0x00,0x00,0x00,0x00,0x00,0x00,0x00,0x00,0x00,0x00,0x00,0x00,0x00,0x00,0x00,0x00,0x80,0xc0,0xe3,0x77,
    0x00,0x00,0x00,0x00,0x00,0x00,0x00,0x00,0x00,0x00,0x00,0x00,0x00,0x00,0x00,0x00,0x00,0x00,0x00,0x00,0x00,0x00,0x00,0x00,0x00,0x00,0x00,0x00,0x00,0x00,0x00,0x00,
    0x00,0x00,0x00,0x00,0x00,0x00,0x00,0x00,0x00,0x00,0x00,0x00,0x00,0x00,0x00,0x00,0x00,0x00,0x00,0x00,0x00,0x00,0x00,0x00,0x00,0x00,0x00,0x00,0x00,0x00,0x00,0x00,
    0x00,0x00,0x00,0x00,0x00,0x00,0x00,0x00,0x00,0x00,0x00,0x00,0x00,0x00,0x00,0x00,0x00,0x00,0x00,0x00,0x00,0x00,0x00,0x00,0x00,0x00,0x00,0x00,0x20,0x00,0x00,0x00,
    0x00,0x00,0x00,0x00,0x00,0x10,0x00,0x00,0x80,0x08,0x00,0x00,0x80,0x00,0x8a,0x01,0x8e,0x15,0x0f,0x17,0x2e,0x14,0x2e,0x16,0x2e,0x5c,0x7e,0x74,0xfe,0xdd,0xff,0x75,
    0x00,0x00,0x00,0x00,0x00,0x00,0x00,0x00,0x00,0x00,0x00,0x00,0x00,0x00,0x00,0x00,0x00,0x00,0x00,0x00,0x00,0x00,0x00,0x00,0x00,0x00,0x00,0x00,0x00,0x00,0x00,0x00,
    0x00,0x00,0x00,0x00,0x00,0x00,0x00,0x00,0x00,0x00,0x00,0x00,0x00,0x00,0x00,0x00,0x00,0x00,0x00,0x00,0x00,0x00,0x00,0x00,0x00,0x00,0x00,0x00,0x00,0x00,0x00,0x00,
    0x00,0x00,0x00,0x00,0x00,0x00,0x00,0x00,0x00,0x00,0x00,0x00,0x00,0x00,0x00,0x00,0x00,0x00,0x40,0x00,0x00,0x00,0x00,0x00,0x08,0x01,0x08,0x00,0x08,0x00,0x00,0x00,
    0x00,0x00,0x02,0x00,0x06,0x05,0x02,0x05,0x06,0x04,0x0f,0x05,0x0e,0x0d,0x0f,0x17,0x1f,0x1d,0x3f,0x17,0x3f,0x1d,0x3e,0x36,0x3e,0x54,0x7e,0x74,0xfe,0xdc,0xfe,0x75,
    0x00,0x00,0x00,0x00,0x00,0x00,0x00,0x00,0x00,0x00,0x00,0x00,0x00,0x00,0x00,0x00,0x00,0x00,0x00,0x00,0x00,0x00,0x00,0x00,0x00,0x00,0x00,0x00,0x00,0x00,0x00,0x00,
    0x00,0x00,0x00,0x00,0x00,0x00,0x00,0x00,0x00,0x00,0x00,0x00,0x00,0x00,0x00,0x00,0x00,0x00,0x00,0x00,0x00,0x00,0x00,0x00,0x00,0x04,0x00,0x00,0x00,0x00,0x00,0x00,
    0x00,0x00,0x00,0x00,0x00,0x00,0x00,0x00,0x00,0x00,0x00,0x00,0x00,0x00,0x00,0x00,0x00,0x00,0x00,0x00,0x00,0x00,0x00,0x00,0x00,0x00,0x00,0x00,0x00,0x00,0x00,0x00,
    0x00,0x00,0x00,0x00,0x00,0x00,0x01,0x00,0x00,0x00,0x00,0x00,0x00,0x00,0x00,0x00,0x00,0x00,0x00,0x00,0x00,0x00,0x00,0x00,0x00,0x00,0x00,0x00,0x20,0x40,0xe2,0x77
  },
  { // 330
    0x00,0x00,0x00,0x00,0x00,0x00,0x00,0x00,0x00,0x00,0x00,0x00,0x00,0x00,0x00,0x00,0x00,0x00,0x00,0x00,0x00,0x00,0x00,0x00,0x00,0x00,0x00,0x00,0x00,0x00,0x00,0x00,
    0x00,0x00,0x00,0x00,0x00,0x00,0x00,0x00,0x00,0x00,0x00,0x00,0x00,0x00,0x00,0x00,0x00,0x00,0x00,0x00,0x00,0x00,0x00,0x00,0x00,0x00,0x00,0x00,0x00,0x00,0x00,0x00,
    0x00,0x00,0x00,0x00,0x00,0x00,0x00,0x00,0x00,0x00,0x00,0x00,0x00,0x00,0x00,0x00,0x00,0x00,0x00,0x00,0x00,0x00,0x00,0x00,0x00,0x00,0x00,0x00,0x00,0x00,0x00,0x00,
    0x00,0x00,0x00,0x00,0x00,0x00,0x00,0x00,0x00,0x00,0x00,0x00,0x00,0x00,0x00,0x00,0x00,0x00,0x00,0x40,0x00,0x00,0x00,0x00,0x00,0x80,0x00,0x80,0x00,0x80,0x01,0xbf,
    0x00,0x00,0x00,0x00,0x00,0x00,0x00,0x00,0x00,0x00,0x00,0x00,0x00,0x00,0x00,0x00,0x00,0x00,0x00,0x00,0x00,0x00,0x00,0x00,0x00,0x00,0x00,0x00,0x00,0x00,0x00,0x00,
    0x00,0x00,0x00,0x00,0x00,0x00,0x00,0x00,0x00,0x00,0x00,0x00,0x00,0x00,0x00,0x00,0x00,0x00,0x00,0x00,0x00,0x00,0x00,0x00,0x00,0x00,0x00,0x00,0x00,0x00,0x00,0x00,
    0x00,0x00,0x00,0x00,0x00,0x00,0x00,0x00,0x00,0x00,0x00,0x00,0x00,0x00,0x00,0x00,0x00,0x00,0x00,0x00,0x00,0x00,0x00,0x00,0x00,0x00,0x00,0x00,0x00,0x20,0x00,0x00,
    0x00,0x00,0x00,0x00,0x00,0x80,0x00,0x80,0x00,0x80,0x08,0x80,0x00,0x82,0x00,0x82,0x03,0x86,0x05,0x2e,0x07,0x2e,0x0c,0x2e,0x04,0x0e,0x5c,0xbe,0x55,0xff,0xdd,0xff,
    0x00,0x00,0x00,0x00,0x00,0x00,0x00,0x00,0x00,0x00,0x00,0x00,0x00,0x00,0x00,0x00,0x00,0x00,0x00,0x00,0x00,0x00,0x00,0x00,0x00,0x00,0x00,0x00,0x00,0x00,0x00,0x00,
    0x00,0x00,0x00,0x00,0x00,0x00,0x00,0x00,0x00,0x00,0x00,0x00,0x00,0x00,0x00,0x00,0x00,0x00,0x00,0x00,0x00,0x00,0x00,0x00,0x00,0x00,0x00,0x00,0x00,0x00,0x00,0x00,
    0x00,0x00,0x00,0x00,0x00,0x00,0x00,0x00,0x00,0x00,0x00,0x00,0x00,0x00,0x00,0x00,0x00,0x00,0x00,0x00,0x40,0x00,0x00,0x00,0x00,0x08,0x00,0x08,0x00,0x00,0x00,0x00,
    0x00,0x00,0x00,0x02,0x00,0x02,0x04,0x02,0x05,0x0f,0x05,0x0b,0x01,0x0b,0x05,0x0b,0x17,0x1f,0x1d,0x3f,0x1f,0x3f,0x1c,0x3e,0x36,0x3e,0x5c,0x7e,0x74,0xfc,0xdd,0xfd,
    0x00,0x00,0x00,0x00,0x00,0x00,0x00,0x00,0x00,0x00,0x00,0x00,0x00,0x00,0x00,0x00,0x00,0x00,0x00,0x00,0x00,0x00,0x00,0x00,0x00,0x00,0x00,0x00,0x00,0x00,0x00,0x00,
    0x00,0x00,0x00,0x00,0x00,0x00,0x00,0x00,0x00,0x00,0x00,0x00,0x00,0x00,0x00,0x00,0x00,0x00,0x00,0x00,0x00,0x00,0x00,0x00,0x00,0x00,0x00,0x00,0x00,0x00,0x00,0x00,
    0x00,0x00,0x00,0x00,0x00,0x00,0x00,0x20,0x00,0x00,0x00,0x00,0x00,0x00,0x00,0x00,0x00,0x00,0x00,0x00,0x00,0x00,0x00,0x00,0x00,0x00,0x00,0x00,0x00,0x00,0x00,0x00,
    0x00,0x00,0x00,0x00,0x00,0x00,0x00,0x00,0x00,0x00,0x00,0x00,0x00,0x00,0x00,0x00,0x00,0x00,0x00,0x00,0x00,0x00,0x00,0x00,0x00,0x00,0x00,0x00,0x00,0x60,0xd4,0xff
  },
  { // 331
    0x00,0x00,0x00,0x00,0x00,0x00,0x00,0x00,0x00,0x00,0x00,0x00,0x00,0x00,0x00,0x00,0x00,0x00,0x00,0x00,0x00,0x00,0x00,0x00,0x00,0x00,0x00,0x00,0x00,0x00,0x00,0x00,
    0x00,0x00,0x00,0x00,0x00,0x00,0x00,0x00,0x00,0x00,0x00,0x00,0x00,0x00,0x00,0x00,0x00,0x00,0x00,0x00,0x00,0x00,0x00,0x00,0x00,0x00,0x00,0x00,0x00,0x00,0x00,0x00,
    0x00,0x00,0x00,0x00,0x00,0x00,0x00,0x00,0x00,0x00,0x00,0x00,0x00,0x00,0x00,0x00,0x00,0x00,0x00,0x00,0x00,0x00,0x00,0x00,0x00,0x00,0x00,0x00,0x00,0x00,0x00,0x00,
    0x00,0x00,0x00,0x00,0x00,0x00,0x00,0x00,0x00,0x00,0x00,0x00,0x00,0x00,0x00,0x00,0x00,0x00,0x00,0x00,0x00,0x40,0x00,0x80,0x00,0x80,0x00,0x80,0x00,0x00,0x03,0xbf,
    0x00,0x00,0x00,0x00,0x00,0x00,0x00,0x00,0x00,0x00,0x00,0x00,0x00,0x00,0x00,0x00,0x00,0x00,0x00,0x00,0x00,0x00,0x00,0x00,0x00,0x00,0x00,0x00,0x00,0x00,0x00,0x00,
    0x00,0x00,0x00,0x00,0x00,0x00,0x00,0x00,0x00,0x00,0x00,0x00,0x00,0x00,0x00,0x00,0x00,0x00,0x00,0x00,0x00,0x00,0x00,0x00,0x00,0x00,0x00,0x00,0x00,0x00,0x00,0x00,
    0x00,0x00,0x00,0x00,0x00,0x00,0x00,0x00,0x00,0x00,0x00,0x00,0x00,0x00,0x00,0x00,0x00,0x00,0x00,0x20,0x00,0x00,0x00,0x00,0x00,0x00,0x00,0x00,0x00,0x00,0x00,0x40,
    0x00,0x00,0x00,0x00,0x00,0x00,0x00,0x80,0x00,0x80,0x00,0x88,0x00,0x82,0x00,0x82,0x00,0x02,0x06,0x8e,0x45,0x8f,0x47,0x8f,0x4d,0x8f,0x15,0x9f,0x1d,0xbf,0x17,0xbf,
    0x00,0x00,0x00,0x00,0x00,0x00,0x00,0x00,0x00,0x00,0x00,0x00,0x00,0x00,0x00,0x00,0x00,0x00,0x00,0x00,0x00,0x00,0x00,0x00,0x00,0x00,0x00,0x00,0x00,0x00,0x00,0x00,
    0x00,0x00,0x00,0x00,0x00,0x00,0x00,0x00,0x00,0x00,0x00,0x00,0x00,0x00,0x00,0x00,0x00,0x00,0x00,0x00,0x00,0x00,0x00,0x00,0x00,0x00,0x00,0x00,0x00,0x00,0x00,0x00,
    0x00,0x00,0x00,0x00,0x00,0x00,0x00,0x00,0x00,0x00,0x00,0x00,0x00,0x00,0x00,0x00,0x00,0x00,0x00,0x00,0x00,0x40,0x00,0x08,0x00,0x00,0x00,0x0a,0x00,0x02,0x00,0x00,
    0x00,0x00,0x00,0x00,0x00,0x00,0x00,0x08,0x05,0x0b,0x01,0x0b,0x01,0x03,0x03,0x03,0x05,0x07,0x17,0x2f,0x1d,0x3f,0x17,0x3e,0x1e,0x3e,0x14,0x7e,0x5c,0xfc,0x75,0xff,
    0x00,0x00,0x00,0x00,0x00,0x00,0x00,0x00,0x00,0x00,0x00,0x00,0x00,0x00,0x00,0x00,0x00,0x00,0x00,0x00,0x00,0x00,0x00,0x00,0x00,0x00,0x00,0x00,0x00,0x00,0x00,0x00,
    0x00,0x00,0x00,0x00,0x00,0x00,0x00,0x00,0x00,0x00,0x00,0x00,0x00,0x00,0x00,0x00,0x00,0x00,0x00,0x00,0x00,0x00,0x00,0x00,0x00,0x00,0x00,0x00,0x00,0x00,0x00,0x00,
    0x00,0x00,0x00,0x00,0x00,0x00,0x00,0x00,0x00,0x00,0x00,0x00,0x00,0x00,0x00,0x00,0x00,0x00,0x00,0x00,0x00,0x00,0x00,0x00,0x00,0x00,0x00,0x00,0x00,0x00,0x00,0x00,
    0x00,0x00,0x00,0x00,0x00,0x00,0x00,0x00,0x00,0x00,0x00,0x00,0x00,0x00,0x00,0x00,0x00,0x00,0x00,0x00,0x00,0x00,0x00,0x00,0x00,0x00,0x00,0x00,0x00,0x28,0x70,0xfc
  },
  { // 332
    0x00,0x00,0x00,0x00,0x00,0x00,0x00,0x00,0x00,0x00,0x00,0x00,0x00,0x00,0x00,0x00,0x00,0x00,0x00,0x00,0x00,0x00,0x00,0x00,0x00,0x00,0x00,0x00,0x00,0x00,0x00,0x00,
    0x00,0x00,0x00,0x00,0x00,0x00,0x00,0x00,0x00,0x00,0x00,0x00,0x00,0x00,0x00,0x00,0x00,0x00,0x00,0x00,0x00,0x00,0x00,0x00,0x00,0x00,0x00,0x00,0x00,0x00,0x00,0x00,
    0x00,0x00,0x00,0x00,0x00,0x00,0x00,0x00,0x00,0x00,0x00,0x00,0x00,0x00,0x00,0x00,0x00,0x00,0x00,0x00,0x00,0x00,0x00,0x00,0x00,0x00,0x00,0x00,0x00,0x00,0x00,0x00,
    0x00,0x00,0x00,0x00,0x00,0x00,0x00,0x00,0x00,0x00,0x00,0x00,0x00,0x00,0x00,0x00,0x00,0x00,0x00,0x00,0x00,0x00,0x80,0x00,0x80,0x00,0x80,0x00,0x80,0x00,0x03,0x37,
    0x00,0x00,0x00,0x00,0x00,0x00,0x00,0x00,0x00,0x00,0x00,0x00,0x00,0x00,0x00,0x00,0x00,0x00,0x00,0x00,0x00,0x00,0x00,0x00,0x00,0x00,0x00,0x00,0x00,0x00,0x00,0x00,
    0x00,0x00,0x00,0x00,0x00,0x00,0x00,0x00,0x00,0x00,0x00,0x00,0x00,0x00,0x00,0x00,0x00,0x00,0x00,0x00,0x00,0x00,0x00,0x00,0x00,0x00,0x00,0x00,0x00,0x00,0x00,0x00,
    0x00,0x00,0x00,0x00,0x00,0x00,0x00,0x00,0x00,0x00,0x00,0x00,0x00,0x00,0x00,0x00,0x00,0x00,0x00,0x00,0x00,0x00,0x00,0x00,0x00,0x00,0x00,0x00,0x00,0x00,0x00,0x00,
    0x00,0x00,0x00,0x00,0x00,0x00,0x00,0x00,0x80,0x00,0x80,0x00,0x88,0x00,0x82,0x00,0x82,0x00,0x82,0x04,0x8e,0xc5,0x8f,0x47,0x8f,0x9d,0x9f,0x17,0x9f,0x1d,0x3f,0x37,
    0x00,0x00,0x00,0x00,0x00,0x00,0x00,0x00,0x00,0x00,0x00,0x00,0x00,0x00,0x00,0x00,0x00,0x00,0x00,0x00,0x00,0x00,0x00,0x00,0x00,0x00,0x00,0x00,0x00,0x00,0x00,0x00,
    0x00,0x00,0x00,0x00,0x00,0x00,0x00,0x00,0x00,0x00,0x00,0x00,0x00,0x00,0x00,0x00,0x00,0x00,0x00,0x00,0x00,0x00,0x00,0x00,0x00,0x00,0x00,0x00,0x00,0x00,0x00,0x00,
    0x00,0x00,0x00,0x00,0x00,0x00,0x00,0x00,0x00,0x00,0x00,0x00,0x00,0x00,0x00,0x00,0x00,0x00,0x00,0x00,0x00,0x00,0x00,0x00,0x00,0x00,0x02,0x00,0x0a,0x06,0x02,0x04,
    0x08,0x04,0x00,0x00,0x08,0x00,0x08,0x00,0x08,0x05,0x0b,0x01,0x0b,0x01,0x03,0x03,0x03,0x05,0x07,0x07,0x2f,0x0d,0x2f,0x17,0x2f,0x1f,0x3f,0x15,0x9f,0x1d,0xbf,0x35,
    0x00,0x00,0x00,0x00,0x00,0x00,0x00,0x00,0x00,0x00,0x00,0x00,0x00,0x00,0x00,0x00,0x00,0x00,0x00,0x00,0x00,0x00,0x00,0x00,0x00,0x00,0x00,0x00,0x00,0x00,0x00,0x00,
    0x00,0x00,0x00,0x00,0x00,0x00,0x00,0x00,0x00,0x00,0x00,0x00,0x00,0x00,0x00,0x00,0x00,0x00,0x00,0x00,0x00,0x00,0x00,0x00,0x00,0x00,0x00,0x00,0x00,0x00,0x00,0x00,
    0x00,0x00,0x00,0x00,0x00,0x00,0x00,0x00,0x00,0x00,0x00,0x00,0x00,0x00,0x00,0x00,0x00,0x00,0x00,0x00,0x00,0x00,0x00,0x00,0x00,0x00,0x00,0x00,0x00,0x00,0x00,0x00,
    0x00,0x00,0x00,0x00,0x00,0x00,0x00,0x00,0x00,0x00,0x00,0x00,0x00,0x00,0x00,0x00,0x00,0x00,0x00,0x00,0x00,0x00,0x00,0x00,0x00,0x00,0x00,0x00,0x00,0x00,0xf8,0x75
  },
  { // 333
    0x00,0x00,0x00,0x00,0x00,0x00,0x00,0x00,0x00,0x00,0x00,0x00,0x00,0x00,0x00,0x00,0x00,0x00,0x00,0x00,0x00,0x00,0x00,0x00,0x00,0x00,0x00,0x00,0x00,0x00,0x00,0x00,
    0x00,0x00,0x00,0x00,0x00,0x00,0x00,0x00,0x00,0x00,0x00,0x00,0x00,0x00,0x00,0x00,0x00,0x00,0x00,0x00,0x00,0x00,0x00,0x00,0x00,0x00,0x00,0x00,0x00,0x00,0x00,0x00,
    0x00,0x00,0x00,0x00,0x00,0x00,0x00,0x00,0x00,0x00,0x00,0x00,0x00,0x00,0x00,0x00,0x00,0x00,0x00,0x00,0x00,0x00,0x00,0x00,0x00,0x00,0x00,0x00,0x00,0x00,0x00,0x00,
    0x00,0x00,0x00,0x00,0x00,0x00,0x00,0x00,0x00,0x00,0x00,0x00,0x00,0x00,0x00,0x00,0x00,0x00,0x00,0x00,0x00,0x00,0x80,0x80,0x80,0x00,0x80,0x00,0x80,0x00,0x02,0x05,
    0x00,0x00,0x00,0x00,0x00,0x00,0x00,0x00,0x00,0x00,0x00,0x00,0x00,0x00,0x00,0x00,0x00,0x00,0x00,0x00,0x00,0x00,0x00,0x00,0x00,0x00,0x00,0x00,0x00,0x00,0x00,0x00,
    0x00,0x00,0x00,0x00,0x00,0x00,0x00,0x00,0x00,0x00,0x00,0x00,0x00,0x00,0x00,0x00,0x00,0x00,0x00,0x00,0x00,0x00,0x00,0x00,0x00,0x00,0x00,0x00,0x00,0x00,0x00,0x00,
    0x00,0x00,0x00,0x00,0x00,0x00,0x00,0x00,0x00,0x00,0x00,0x00,0x00,0x00,0x00,0x00,0x00,0x00,0x00,0x00,0x00,0x00,0x00,0x00,0x00,0x00,0x00,0x00,0x00,0x00,0x00,0x00,
    0x00,0x00,0x00,0x00,0x00,0x00,0x00,0x00,0x00,0x00,0x80,0x00,0x80,0x04,0x80,0x00,0x80,0x00,0x80,0xc0,0x80,0x01,0x8b,0xcd,0x8f,0x17,0x9f,0x9d,0xbf,0x17,0x3f,0x15,
    0x00,0x00,0x00,0x00,0x00,0x00,0x00,0x00,0x00,0x00,0x00,0x00,0x00,0x00,0x00,0x00,0x00,0x00,0x00,0x00,0x00,0x00,0x00,0x00,0x00,0x00,0x00,0x00,0x00,0x00,0x00,0x00,
    0x00,0x00,0x00,0x00,0x00,0x00,0x00,0x00,0x00,0x00,0x00,0x00,0x00,0x00,0x00,0x00,0x00,0x00,0x00,0x00,0x00,0x00,0x00,0x00,0x00,0x00,0x00,0x00,0x00,0x00,0x00,0x00,
    0x00,0x00,0x00,0x00,0x00,0x00,0x00,0x00,0x00,0x00,0x00,0x00,0x00,0x00,0x00,0x00,0x00,0x00,0x00,0x00,0x90,0x00,0x00,0x00,0x02,0x00,0x02,0x04,0x02,0x04,0x0e,0x06,
    0x08,0x04,0x08,0x00,0x08,0x00,0x08,0x00,0x00,0x11,0x0a,0x11,0x03,0x13,0x03,0x05,0x03,0x07,0x06,0x05,0x0f,0x07,0x0f,0x0d,0x0f,0x17,0x1f,0x1d,0x3f,0x17,0xbf,0x1d,
    0x00,0x00,0x00,0x00,0x00,0x00,0x00,0x00,0x00,0x00,0x00,0x00,0x00,0x00,0x00,0x00,0x00,0x00,0x00,0x00,0x00,0x00,0x00,0x00,0x00,0x00,0x00,0x00,0x00,0x00,0x00,0x00,
    0x00,0x00,0x00,0x00,0x00,0x00,0x00,0x00,0x00,0x00,0x00,0x00,0x00,0x00,0x00,0x00,0x00,0x00,0x00,0x00,0x00,0x00,0x00,0x00,0x00,0x00,0x00,0x00,0x00,0x00,0x00,0x00,
    0x00,0x00,0x00,0x00,0x00,0x00,0x00,0x00,0x00,0x00,0x00,0x00,0x00,0x00,0x00,0x00,0x00,0x00,0x00,0x00,0x00,0x00,0x00,0x00,0x00,0x00,0x00,0x00,0x00,0x00,0x00,0x00,
    0x00,0x00,0x00,0x00,0x00,0x00,0x00,0x00,0x00,0x00,0x00,0x00,0x00,0x00,0x00,0x00,0x00,0x00,0x00,0x00,0x00,0x00,0x00,0x00,0x00,0x00,0x00,0x00,0x00,0x10,0xb8,0xdd
  },
  { // 334
    0x00,0x00,0x00,0x00,0x00,0x00,0x00,0x00,0x00,0x00,0x00,0x00,0x00,0x00,0x00,0x00,0x00,0x00,0x00,0x00,0x00,0x00,0x00,0x00,0x00,0x00,0x00,0x00,0x00,0x00,0x00,0x00,
    0x00,0x00,0x00,0x00,0x00,0x00,0x00,0x00,0x00,0x00,0x00,0x00,0x00,0x00,0x00,0x00,0x00,0x00,0x00,0x00,0x00,0x00,0x00,0x00,0x00,0x00,0x00,0x00,0x00,0x00,0x00,0x00,
    0x00,0x00,0x00,0x00,0x00,0x00,0x00,0x00,0x00,0x00,0x00,0x00,0x00,0x00,0x00,0x00,0x00,0x00,0x00,0x00,0x00,0x00,0x00,0x00,0x00,0x00,0x00,0x00,0x00,0x00,0x00,0x00,
    0x00,0x00,0x00,0x00,0x00,0x00,0x00,0x00,0x00,0x00,0x00,0x00,0x00,0x00,0x00,0x00,0x00,0x00,0x00,0x00,0x00,0x00,0x00,0x80,0x00,0x80,0x00,0x80,0x00,0x80,0x41,0xef,
    0x00,0x00,0x00,0x00,0x00,0x00,0x00,0x00,0x00,0x00,0x00,0x00,0x00,0x00,0x00,0x00,0x00,0x00,0x00,0x00,0x00,0x00,0x00,0x00,0x00,0x00,0x00,0x00,0x00,0x00,0x00,0x00,
    0x00,0x00,0x00,0x00,0x00,0x00,0x00,0x00,0x00,0x00,0x00,0x00,0x00,0x00,0x00,0x00,0x00,0x00,0x00,0x00,0x00,0x00,0x00,0x00,0x00,0x00,0x00,0x00,0x00,0x00,0x00,0x00,
    0x00,0x00,0x00,0x00,0x00,0x00,0x00,0x00,0x00,0x00,0x00,0x00,0x00,0x00,0x00,0x00,0x00,0x00,0x00,0x00,0x00,0x00,0x00,0x00,0x00,0x00,0x00,0x00,0x00,0x00,0x00,0x00,
    0x00,0x00,0x00,0x40,0x00,0x00,0x00,0x00,0x00,0x00,0x00,0x00,0x00,0x00,0x00,0x88,0x00,0x80,0x00,0x88,0x80,0x80,0x01,0x8b,0x91,0xbb,0x17,0xbf,0x15,0xbf,0x17,0x2f,
    0x00,0x00,0x00,0x00,0x00,0x00,0x00,0x00,0x00,0x00,0x00,0x00,0x00,0x00,0x00,0x00,0x00,0x00,0x00,0x00,0x00,0x00,0x00,0x00,0x00,0x00,0x00,0x00,0x00,0x00,0x00,0x00,
    0x00,0x00,0x00,0x00,0x00,0x00,0x00,0x00,0x00,0x00,0x00,0x00,0x00,0x00,0x00,0x00,0x00,0x00,0x00,0x00,0x00,0x00,0x00,0x00,0x00,0x00,0x00,0x00,0x00,0x00,0x00,0x00,
    0x00,0x00,0x00,0x00,0x00,0x00,0x00,0x00,0x00,0x00,0x00,0x00,0x00,0x00,0x00,0x00,0x00,0x00,0x00,0x00,0x00,0x00,0x48,0x02,0x00,0x02,0x00,0x00,0x04,0x00,0x04,0x0c,
    0x06,0x08,0x04,0x08,0x00,0x08,0x00,0x08,0x10,0x00,0x10,0x02,0x10,0x22,0x05,0x26,0x05,0x22,0x05,0x0e,0x05,0x0b,0x05,0x0f,0x1d,0x1f,0x17,0xbf,0x1d,0xbf,0x17,0x3f,
    0x00,0x00,0x00,0x00,0x00,0x00,0x00,0x00,0x00,0x00,0x00,0x00,0x00,0x00,0x00,0x00,0x00,0x00,0x00,0x00,0x00,0x00,0x00,0x00,0x00,0x00,0x00,0x00,0x00,0x00,0x00,0x00,
    0x00,0x00,0x00,0x00,0x00,0x00,0x00,0x00,0x00,0x00,0x00,0x00,0x00,0x00,0x00,0x00,0x00,0x00,0x00,0x00,0x00,0x00,0x00,0x00,0x00,0x00,0x00,0x00,0x00,0x00,0x00,0x00,
    0x00,0x00,0x00,0x00,0x00,0x00,0x00,0x00,0x00,0x00,0x00,0x00,0x00,0x00,0x00,0x00,0x00,0x00,0x00,0x00,0x00,0x00,0x00,0x00,0x00,0x00,0x00,0x00,0x00,0x00,0x00,0x00,
    0x00,0x00,0x00,0x00,0x00,0x00,0x00,0x00,0x00,0x00,0x00,0x00,0x00,0x01,0x00,0x00,0x00,0x00,0x00,0x00,0x00,0x00,0x00,0x00,0x00,0x00,0x00,0x00,0x00,0x08,0x11,0xbf
  },
  { // 335
    0x00,0x00,0x00,0x00,0x00,0x00,0x00,0x00,0x00,0x00,0x00,0x00,0x00,0x00,0x00,0x00,0x00,0x00,0x00,0x00,0x00,0x00,0x00,0x00,0x00,0x00,0x00,0x00,0x00,0x00,0x00,0x00,
    0x00,0x00,0x00,0x00,0x00,0x00,0x00,0x00,0x00,0x00,0x01,0x00,0x00,0x00,0x00,0x00,0x00,0x00,0x00,0x00,0x00,0x00,0x00,0x00,0x00,0x00,0x00,0x00,0x00,0x00,0x00,0x00,
    0x00,0x00,0x00,0x00,0x00,0x00,0x00,0x00,0x00,0x00,0x00,0x00,0x00,0x00,0x00,0x00,0x00,0x00,0x00,0x00,0x00,0x00,0x00,0x00,0x00,0x00,0x00,0x00,0x00,0x00,0x00,0x00,
    0x00,0x00,0x00,0x00,0x00,0x00,0x00,0x00,0x00,0x00,0x00,0x00,0x00,0x00,0x00,0x00,0x00,0x00,0x00,0x00,0x00,0x00,0x00,0x00,0x00,0x00,0x80,0x00,0x80,0xc0,0xc3,0x47,
    0x00,0x00,0x00,0x00,0x00,0x00,0x00,0x00,0x00,0x00,0x00,0x00,0x00,0x00,0x00,0x00,0x00,0x00,0x00,0x00,0x00,0x00,0x00,0x00,0x00,0x00,0x00,0x00,0x00,0x00,0x00,0x00,
    0x00,0x00,0x00,0x00,0x00,0x00,0x00,0x00,0x00,0x00,0x00,0x00,0x00,0x00,0x00,0x00,0x00,0x00,0x00,0x00,0x00,0x00,0x00,0x00,0x00,0x00,0x00,0x00,0x00,0x00,0x00,0x00,
    0x00,0x00,0x00,0x00,0x00,0x00,0x00,0x00,0x00,0x00,0x00,0x00,0x00,0x00,0x00,0x00,0x00,0x00,0x00,0x00,0x00,0x00,0x00,0x00,0x00,0x00,0x00,0x20,0x00,0x00,0x00,0x00,
    0x00,0x00,0x00,0x00,0x40,0x00,0x00,0x00,0x00,0x00,0x00,0x00,0x48,0x04,0x0c,0x00,0x88,0x80,0x88,0x10,0x88,0x80,0x82,0x11,0xa3,0xd1,0xa3,0x77,0xef,0xc5,0xef,0x47,
    0x00,0x00,0x00,0x00,0x00,0x00,0x00,0x00,0x00,0x00,0x00,0x00,0x00,0x00,0x00,0x00,0x00,0x00,0x00,0x00,0x00,0x00,0x00,0x00,0x00,0x00,0x00,0x00,0x00,0x00,0x00,0x00,
    0x00,0x00,0x00,0x00,0x00,0x00,0x00,0x00,0x00,0x00,0x00,0x00,0x00,0x00,0x00,0x00,0x00,0x00,0x00,0x00,0x00,0x00,0x00,0x00,0x00,0x00,0x00,0x00,0x00,0x00,0x00,0x00,
    0x00,0x00,0x00,0x00,0x00,0x00,0x00,0x00,0x00,0x00,0x00,0x00,0x00,0x00,0x00,0x00,0x00,0x00,0x00,0x00,0x00,0x00,0x00,0x00,0x48,0x00,0x00,0x00,0x00,0x04,0x08,0x00,
    0x08,0x04,0x0a,0x00,0x0a,0x10,0x0a,0x10,0x08,0x10,0x00,0x10,0x20,0x0c,0x2a,0x04,0x2e,0x05,0x28,0x01,0x09,0x01,0x0b,0x01,0x0b,0x15,0x3f,0x17,0xbf,0x1d,0x3f,0x37,
    0x00,0x00,0x00,0x00,0x00,0x00,0x00,0x00,0x00,0x00,0x00,0x00,0x00,0x00,0x00,0x00,0x00,0x00,0x00,0x00,0x00,0x00,0x00,0x00,0x00,0x00,0x00,0x00,0x00,0x00,0x00,0x00,
    0x00,0x00,0x00,0x00,0x00,0x00,0x00,0x00,0x00,0x00,0x00,0x00,0x00,0x00,0x00,0x00,0x00,0x00,0x00,0x00,0x00,0x00,0x00,0x00,0x00,0x00,0x00,0x00,0x00,0x00,0x00,0x00,
    0x00,0x00,0x00,0x00,0x00,0x00,0x00,0x00,0x00,0x00,0x00,0x00,0x00,0x00,0x00,0x00,0x00,0x00,0x00,0x00,0x00,0x00,0x00,0x00,0x00,0x00,0x00,0x00,0x00,0x00,0x00,0x00,
    0x00,0x00,0x00,0x00,0x00,0x00,0x00,0x00,0x00,0x00,0x00,0x00,0x00,0x00,0x01,0x00,0x00,0x00,0x00,0x00,0x00,0x00,0x00,0x00,0x00,0x00,0x00,0x00,0x00,0x11,0x3b,0x37
  },
  { // 336
    0x00,0x00,0x00,0x00,0x00,0x00,0x00,0x00,0x00,0x00,0x00,0x00,0x00,0x00,0x00,0x00,0x00,0x00,0x00,0x00,0x00,0x00,0x00,0x00,0x00,0x00,0x00,0x00,0x00,0x00,0x00,0x00,
    0x00,0x00,0x00,0x00,0x00,0x00,0x00,0x00,0x00,0x00,0x00,0x00,0x00,0x00,0x00,0x00,0x00,0x00,0x00,0x00,0x00,0x00,0x00,0x00,0x08,0x00,0x00,0x00,0x00,0x00,0x00,0x00,
    0x00,0x00,0x00,0x00,0x00,0x00,0x00,0x00,0x00,0x00,0x00,0x00,0x00,0x00,0x00,0x00,0x00,0x00,0x00,0x00,0x00,0x00,0x00,0x00,0x00,0x00,0x00,0x00,0x00,0x00,0x00,0x00,
    0x00,0x00,0x00,0x00,0x00,0x00,0x00,0x00,0x00,0x00,0x00,0x00,0x00,0x00,0x00,0x00,0x00,0x00,0x00,0x00,0x00,0x00,0x00,0x00,0x00,0x00,0x80,0x00,0x80,0x00,0xc3,0xdd,
    0x00,0x00,0x00,0x00,0x00,0x00,0x00,0x00,0x00,0x00,0x00,0x00,0x00,0x00,0x00,0x00,0x00,0x00,0x00,0x00,0x00,0x00,0x00,0x00,0x00,0x00,0x00,0x00,0x00,0x00,0x00,0x00,
    0x00,0x00,0x00,0x00,0x00,0x00,0x00,0x00,0x00,0x00,0x00,0x00,0x00,0x00,0x00,0x00,0x00,0x00,0x00,0x00,0x00,0x00,0x00,0x00,0x00,0x00,0x00,0x00,0x00,0x00,0x00,0x00,
    0x00,0x00,0x00,0x00,0x00,0x00,0x00,0x00,0x00,0x00,0x00,0x00,0x00,0x00,0x00,0x00,0x00,0x00,0x00,0x00,0x00,0x80,0x00,0x00,0x00,0x00,0x00,0x00,0x10,0x00,0x00,0x00,
    0x00,0x00,0x00,0x00,0x00,0x00,0x80,0x00,0x00,0x00,0x08,0x00,0x08,0x40,0x08,0x1c,0xb8,0x10,0xb8,0x90,0xb8,0x10,0xa2,0x50,0xa2,0x61,0xe2,0xc5,0xe7,0x67,0xef,0xcd,
    0x00,0x00,0x00,0x00,0x00,0x00,0x00,0x00,0x00,0x00,0x00,0x00,0x00,0x00,0x00,0x00,0x00,0x00,0x00,0x00,0x00,0x00,0x00,0x00,0x00,0x00,0x00,0x00,0x00,0x00,0x00,0x00,
    0x00,0x00,0x00,0x00,0x00,0x00,0x00,0x00,0x00,0x00,0x00,0x00,0x00,0x00,0x00,0x00,0x00,0x00,0x00,0x00,0x00,0x00,0x00,0x00,0x00,0x00,0x00,0x00,0x00,0x00,0x00,0x00,
    0x00,0x00,0x00,0x00,0x00,0x00,0x00,0x00,0x00,0x00,0x00,0x00,0x00,0x00,0x00,0x00,0x00,0x00,0x00,0x00,0x00,0x00,0x00,0x00,0x00,0x40,0x04,0x00,0x00,0x00,0x08,0x00,
    0x08,0x00,0x0a,0x04,0x0a,0x10,0x0a,0x14,0x0a,0x10,0x08,0x04,0x28,0x00,0x28,0x04,0x28,0x11,0x28,0x11,0x29,0x11,0x0b,0x01,0x23,0x13,0xb3,0x15,0xaf,0x77,0xef,0x5d,
    0x00,0x00,0x00,0x00,0x00,0x00,0x00,0x00,0x00,0x00,0x00,0x00,0x00,0x00,0x00,0x00,0x00,0x00,0x00,0x00,0x00,0x00,0x00,0x00,0x00,0x00,0x00,0x00,0x00,0x00,0x00,0x00,
    0x00,0x00,0x00,0x00,0x00,0x00,0x00,0x00,0x00,0x00,0x00,0x00,0x00,0x00,0x00,0x00,0x00,0x00,0x00,0x00,0x00,0x00,0x00,0x00,0x00,0x00,0x00,0x00,0x00,0x00,0x00,0x00,
    0x00,0x00,0x00,0x00,0x00,0x00,0x00,0x00,0x00,0x00,0x00,0x00,0x00,0x00,0x00,0x00,0x00,0x00,0x00,0x00,0x00,0x00,0x00,0x00,0x00,0x00,0x00,0x00,0x00,0x00,0x00,0x00,
    0x00,0x00,0x00,0x00,0x00,0x00,0x00,0x00,0x00,0x00,0x00,0x00,0x00,0x00,0x00,0x01,0x00,0x00,0x00,0x00,0x00,0x00,0x00,0x00,0x00,0x00,0x00,0x00,0x00,0x01,0xbb,0x1d
  },
  { // 337
    0x00,0x00,0x00,0x00,0x00,0x00,0x00,0x00,0x00,0x00,0x00,0x00,0x00,0x00,0x00,0x00,0x00,0x00,0x00,0x00,0x00,0x00,0x00,0x00,0x00,0x00,0x00,0x00,0x00,0x00,0x00,0x00,
    0x00,0x00,0x00,0x00,0x00,0x00,0x00,0x00,0x00,0x00,0x00,0x00,0x00,0x00,0x00,0x00,0x00,0x00,0x00,0x00,0x00,0x00,0x00,0x00,0x00,0x00,0x00,0x00,0x00,0x00,0x00,0x00,
    0x00,0x00,0x00,0x00,0x00,0x00,0x00,0x40,0x00,0x00,0x00,0x00,0x00,0x00,0x00,0x00,0x00,0x00,0x00,0x00,0x00,0x00,0x00,0x00,0x00,0x00,0x00,0x00,0x00,0x00,0x00,0x00,
    0x00,0x00,0x00,0x00,0x00,0x00,0x00,0x00,0x00,0x00,0x00,0x00,0x00,0x00,0x00,0x00,0x00,0x00,0x00,0x00,0x00,0x00,0x00,0x00,0x00,0x00,0x00,0x80,0x80,0x80,0x41,0xfb,
    0x00,0x00,0x00,0x00,0x00,0x00,0x00,0x00,0x00,0x00,0x00,0x00,0x00,0x00,0x00,0x00,0x00,0x00,0x00,0x00,0x00,0x00,0x00,0x00,0x00,0x00,0x00,0x00,0x00,0x00,0x00,0x00,
    0x00,0x00,0x00,0x00,0x00,0x00,0x00,0x00,0x00,0x00,0x00,0x00,0x00,0x00,0x00,0x00,0x00,0x00,0x00,0x00,0x00,0x00,0x00,0x00,0x00,0x00,0x00,0x00,0x00,0x00,0x00,0x00,
    0x00,0x00,0x00,0x00,0x00,0x00,0x00,0x00,0x00,0x00,0x00,0x00,0x00,0x00,0x00,0x00,0x00,0x00,0x00,0x00,0x00,0x00,0x00,0x80,0x00,0x00,0x00,0x00,0x00,0x00,0x10,0x00,
    0x00,0x00,0x00,0x00,0x00,0x00,0x00,0x88,0x04,0x08,0x00,0x08,0x00,0x08,0x50,0x18,0x1c,0x38,0x10,0xba,0x50,0xba,0x70,0xf2,0x40,0xe2,0x60,0xe3,0xc5,0xef,0x47,0xef,
    0x00,0x00,0x00,0x00,0x00,0x00,0x00,0x00,0x00,0x00,0x00,0x00,0x00,0x00,0x00,0x00,0x00,0x00,0x00,0x00,0x00,0x00,0x00,0x00,0x00,0x00,0x00,0x00,0x00,0x00,0x00,0x00,
    0x00,0x00,0x00,0x00,0x00,0x00,0x00,0x00,0x00,0x00,0x00,0x00,0x00,0x00,0x00,0x00,0x00,0x00,0x00,0x00,0x00,0x00,0x00,0x00,0x00,0x00,0x00,0x00,0x00,0x00,0x00,0x00,
    0x00,0x00,0x00,0x00,0x00,0x00,0x00,0x00,0x00,0x00,0x00,0x00,0x00,0x00,0x00,0x00,0x00,0x00,0x00,0x00,0x00,0x00,0x00,0x00,0x00,0x00,0x00,0x20,0x00,0x20,0x00,0x00,
    0x00,0x00,0x00,0x08,0x04,0x0a,0x14,0x0e,0x04,0x0e,0x04,0x0c,0x04,0x28,0x10,0x28,0x98,0x38,0x11,0x39,0x51,0x3b,0x11,0x33,0x11,0x23,0x03,0xe7,0x55,0xe7,0x67,0xef,
    0x00,0x00,0x00,0x00,0x00,0x00,0x00,0x00,0x00,0x00,0x00,0x00,0x00,0x00,0x00,0x00,0x00,0x00,0x00,0x00,0x00,0x00,0x00,0x00,0x00,0x00,0x00,0x00,0x00,0x00,0x00,0x00,
    0x00,0x00,0x00,0x00,0x00,0x00,0x00,0x00,0x00,0x00,0x00,0x00,0x00,0x00,0x00,0x00,0x00,0x00,0x00,0x00,0x00,0x00,0x00,0x00,0x00,0x00,0x00,0x00,0x00,0x00,0x00,0x00,
    0x00,0x00,0x00,0x00,0x00,0x00,0x00,0x00,0x00,0x00,0x00,0x00,0x00,0x00,0x00,0x00,0x00,0x00,0x00,0x00,0x00,0x00,0x00,0x00,0x00,0x00,0x00,0x00,0x00,0x00,0x00,0x00,
    0x00,0x00,0x00,0x00,0x00,0x00,0x00,0x00,0x00,0x00,0x00,0x00,0x00,0x00,0x00,0x00,0x00,0x00,0x00,0x00,0x00,0x00,0x00,0x00,0x00,0x00,0x00,0x00,0x00,0x01,0x01,0xff
  },
  { // 338
    0x00,0x00,0x00,0x00,0x00,0x00,0x00,0x00,0x00,0x00,0x00,0x00,0x00,0x00,0x00,0x00,0x00,0x00,0x00,0x00,0x00,0x00,0x00,0x00,0x00,0x00,0x00,0x00,0x00,0x00,0x00,0x00,
    0x00,0x00,0x00,0x00,0x00,0x00,0x00,0x00,0x00,0x00,0x00,0x00,0x00,0x00,0x00,0x00,0x00,0x00,0x00,0x00,0x00,0x00,0x00,0x00,0x00,0x00,0x00,0x00,0x00,0x00,0x00,0x00,
    0x00,0x00,0x00,0x00,0x00,0x00,0x00,0x00,0x00,0x00,0x00,0x00,0x00,0x00,0x00,0x00,0x00,0x00,0x00,0x00,0x00,0x00,0x00,0x00,0x00,0x00,0x00,0x00,0x00,0x00,0x00,0x00,
    0x00,0x00,0x00,0x00,0x00,0x00,0x00,0x00,0x00,0x00,0x00,0x00,0x00,0x00,0x00,0x00,0x00,0x00,0x00,0x00,0x00,0x00,0x00,0x00,0x00,0x00,0x00,0x00,0x80,0x80,0x81,0x71,
    0x00,0x00,0x00,0x00,0x00,0x00,0x00,0x00,0x00,0x00,0x00,0x00,0x00,0x00,0x00,0x00,0x00,0x00,0x00,0x00,0x00,0x00,0x00,0x00,0x00,0x00,0x00,0x00,0x00,0x00,0x00,0x00,
    0x00,0x00,0x00,0x00,0x00,0x00,0x00,0x00,0x00,0x00,0x00,0x00,0x00,0x00,0x00,0x00,0x00,0x00,0x00,0x00,0x00,0x00,0x00,0x00,0x00,0x00,0x00,0x00,0x00,0x00,0x00,0x00,
    0x00,0x00,0x00,0x00,0x00,0x00,0x00,0x00,0x00,0x00,0x00,0x00,0x00,0x00,0x00,0x00,0x00,0x00,0x00,0x00,0x00,0x00,0x00,0x40,0x00,0x80,0x00,0x00,0x00,0x00,0x00,0x00,
    0x10,0x00,0x00,0x00,0x00,0x00,0x00,0x00,0x88,0x04,0x08,0x00,0x08,0x10,0x18,0x50,0x3c,0x10,0x3a,0x30,0xbe,0x54,0xfa,0x74,0xec,0x44,0xe0,0x60,0xe8,0xc5,0xeb,0x55,
    0x00,0x00,0x00,0x00,0x00,0x00,0x00,0x00,0x00,0x00,0x00,0x00,0x00,0x00,0x00,0x00,0x00,0x00,0x00,0x00,0x00,0x00,0x00,0x00,0x00,0x00,0x00,0x00,0x00,0x00,0x00,0x00,
    0x00,0x00,0x00,0x00,0x00,0x00,0x00,0x00,0x00,0x00,0x00,0x00,0x00,0x00,0x00,0x00,0x00,0x00,0x00,0x00,0x00,0x00,0x00,0x00,0x00,0x00,0x00,0x00,0x00,0x00,0x00,0x00,
    0x00,0x00,0x00,0x00,0x00,0x00,0x00,0x00,0x00,0x00,0x00,0x00,0x00,0x00,0x00,0x00,0x00,0x00,0x00,0x00,0x00,0x00,0x00,0x00,0x00,0x00,0x00,0x00,0x00,0x20,0x20,0x00,
    0x00,0x00,0x00,0x00,0x00,0x04,0x08,0x04,0x0c,0x04,0x0c,0x04,0x0c,0x1c,0x08,0x10,0x38,0x98,0x38,0x30,0x3a,0x51,0x32,0x71,0xe2,0x40,0xe2,0x60,0xe6,0xc5,0xef,0x47,
    0x00,0x00,0x00,0x00,0x00,0x00,0x00,0x00,0x00,0x00,0x00,0x00,0x00,0x00,0x00,0x00,0x00,0x00,0x00,0x00,0x00,0x00,0x00,0x00,0x00,0x00,0x00,0x00,0x00,0x00,0x00,0x00,
    0x00,0x00,0x00,0x00,0x00,0x00,0x00,0x00,0x00,0x00,0x00,0x00,0x00,0x00,0x00,0x00,0x00,0x00,0x00,0x00,0x00,0x00,0x00,0x00,0x00,0x00,0x00,0x00,0x00,0x00,0x00,0x00,
    0x00,0x00,0x00,0x00,0x00,0x00,0x00,0x00,0x00,0x00,0x00,0x00,0x00,0x00,0x00,0x00,0x00,0x00,0x00,0x00,0x00,0x00,0x00,0x00,0x00,0x00,0x00,0x00,0x00,0x00,0x00,0x00,
    0x00,0x00,0x00,0x00,0x00,0x00,0x00,0x00,0x00,0x00,0x00,0x00,0x00,0x00,0x00,0x00,0x00,0x00,0x00,0x00,0x00,0x00,0x00,0x00,0x00,0x00,0x00,0x00,0x00,0x01,0xa3,0x47
  },
  { // 339
    0x00,0x00,0x00,0x00,0x00,0x00,0x00,0x00,0x00,0x00,0x00,0x00,0x00,0x00,0x00,0x00,0x00,0x00,0x00,0x00,0x00,0x00,0x00,0x00,0x00,0x00,0x00,0x00,0x00,0x00,0x00,0x00,
    0x00,0x00,0x00,0x00,0x00,0x00,0x00,0x00,0x00,0x00,0x00,0x00,0x00,0x00,0x00,0x00,0x00,0x00,0x00,0x00,0x00,0x00,0x00,0x00,0x00,0x00,0x00,0x00,0x00,0x00,0x00,0x00,
    0x00,0x00,0x00,0x00,0x00,0x00,0x00,0x00,0x00,0x00,0x00,0x00,0x00,0x00,0x00,0x00,0x00,0x00,0x00,0x00,0x00,0x00,0x00,0x00,0x00,0x00,0x00,0x00,0x00,0x00,0x00,0x00,
    0x00,0x00,0x00,0x00,0x00,0x00,0x00,0x00,0x00,0x00,0x00,0x00,0x00,0x00,0x00,0x00,0x00,0x00,0x00,0x00,0x00,0x00,0x00,0x00,0x00,0x00,0x00,0x00,0x80,0x00,0x88,0xd1,
    0x00,0x00,0x00,0x00,0x00,0x00,0x00,0x00,0x00,0x00,0x00,0x00,0x00,0x00,0x00,0x00,0x00,0x00,0x00,0x00,0x00,0x00,0x00,0x00,0x00,0x00,0x00,0x00,0x00,0x00,0x00,0x00,
    0x00,0x00,0x00,0x00,0x00,0x00,0x00,0x00,0x00,0x00,0x00,0x00,0x00,0x00,0x00,0x00,0x00,0x00,0x00,0x00,0x00,0x00,0x00,0x00,0x00,0x00,0x00,0x00,0x00,0x00,0x00,0x00,
    0x00,0x00,0x00,0x00,0x00,0x00,0x00,0x00,0x00,0x00,0x00,0x00,0x00,0x00,0x00,0x00,0x00,0x00,0x00,0x00,0x00,0x00,0x00,0x00,0x00,0x40,0x80,0x00,0x00,0x00,0x00,0x00,
    0x00,0x00,0x00,0x00,0x00,0x00,0x00,0x00,0x08,0x00,0x08,0x10,0x18,0x10,0x18,0x10,0x38,0x14,0x3a,0x14,0x3e,0x74,0xfe,0x5c,0xfc,0x74,0xf8,0xd8,0xe8,0x51,0xf9,0xd1,
    0x00,0x00,0x00,0x00,0x00,0x00,0x00,0x00,0x00,0x00,0x00,0x00,0x00,0x00,0x00,0x00,0x00,0x00,0x00,0x00,0x00,0x00,0x00,0x00,0x00,0x00,0x00,0x00,0x00,0x00,0x00,0x00,
    0x00,0x00,0x00,0x00,0x00,0x00,0x00,0x00,0x00,0x00,0x00,0x00,0x00,0x00,0x00,0x00,0x00,0x00,0x00,0x00,0x00,0x00,0x00,0x00,0x00,0x00,0x00,0x00,0x00,0x00,0x00,0x00,
    0x00,0x00,0x00,0x00,0x00,0x00,0x00,0x00,0x00,0x00,0x00,0x00,0x00,0x00,0x00,0x00,0x00,0x00,0x00,0x00,0x00,0x00,0x00,0x00,0x00,0x00,0x00,0x00,0x00,0x00,0x10,0x10,
    0x00,0x00,0x00,0x00,0x00,0x00,0x00,0x04,0x08,0x04,0x0c,0x1c,0x08,0x10,0x18,0x18,0x38,0x10,0xb8,0x10,0x3a,0x70,0x7a,0x54,0x7a,0x74,0xea,0x44,0xe0,0x41,0xe9,0xc5,
    0x00,0x00,0x00,0x00,0x00,0x00,0x00,0x00,0x00,0x00,0x00,0x00,0x00,0x00,0x00,0x00,0x00,0x00,0x00,0x00,0x00,0x00,0x00,0x00,0x00,0x00,0x00,0x00,0x00,0x00,0x00,0x00,
    0x00,0x00,0x00,0x00,0x00,0x00,0x00,0x00,0x00,0x00,0x00,0x00,0x00,0x00,0x00,0x00,0x00,0x00,0x00,0x00,0x00,0x00,0x00,0x00,0x00,0x00,0x00,0x00,0x00,0x00,0x00,0x00,
    0x00,0x00,0x00,0x00,0x00,0x00,0x00,0x00,0x00,0x00,0x00,0x00,0x00,0x00,0x00,0x00,0x00,0x00,0x00,0x00,0x00,0x00,0x00,0x00,0x00,0x00,0x00,0x00,0x00,0x00,0x00,0x00,
    0x00,0x00,0x00,0x00,0x00,0x00,0x00,0x00,0x00,0x00,0x00,0x00,0x00,0x00,0x00,0x00,0x00,0x00,0x00,0x00,0x00,0x00,0x00,0x00,0x00,0x00,0x00,0x00,0x00,0x00,0xc1,0xc5
  },
  { // 340
    0x00,0x00,0x00,0x00,0x00,0x00,0x00,0x00,0x00,0x00,0x00,0x00,0x00,0x00,0x00,0x00,0x00,0x00,0x00,0x00,0x00,0x00,0x00,0x00,0x00,0x00,0x00,0x00,0x00,0x00,0x00,0x00,
    0x00,0x00,0x00,0x00,0x00,0x00,0x20,0x20,0x00,0x00,0x00,0x00,0x00,0x00,0x00,0x00,0x00,0x00,0x00,0x00,0x00,0x00,0x00,0x00,0x00,0x00,0x00,0x00,0x00,0x00,0x00,0x04,
    0x00,0x00,0x00,0x00,0x00,0x00,0x00,0x00,0x00,0x00,0x00,0x00,0x00,0x00,0x00,0x00,0x00,0x00,0x00,0x00,0x00,0x00,0x00,0x00,0x00,0x00,0x00,0x00,0x00,0x00,0x00,0x00,
    0x00,0x00,0x00,0x00,0x00,0x00,0x00,0x00,0x00,0x00,0x00,0x00,0x00,0x00,0x00,0x00,0x00,0x00,0x00,0x00,0x00,0x00,0x00,0x00,0x00,0x00,0x00,0x00,0x00,0x00,0x10,0xfa,
    0x00,0x00,0x00,0x00,0x00,0x00,0x00,0x00,0x00,0x00,0x00,0x00,0x00,0x00,0x00,0x00,0x00,0x00,0x00,0x00,0x00,0x00,0x00,0x00,0x00,0x00,0x00,0x00,0x00,0x00,0x00,0x00,
    0x00,0x00,0x00,0x00,0x00,0x00,0x00,0x00,0x00,0x00,0x00,0x00,0x00,0x00,0x00,0x00,0x00,0x00,0x00,0x00,0x00,0x00,0x00,0x00,0x00,0x00,0x00,0x00,0x00,0x00,0x00,0x00,
    0x00,0x00,0x00,0x00,0x00,0x00,0x00,0x00,0x00,0x00,0x00,0x00,0x00,0x00,0x00,0x00,0x00,0x00,0x00,0x00,0x00,0x00,0x00,0x00,0x00,0x00,0x40,0x00,0x80,0x00,0x00,0x00,
    0x00,0x00,0x00,0x00,0x00,0x00,0x00,0x00,0x00,0x08,0x00,0x08,0x10,0x38,0x10,0x28,0x14,0xa8,0x14,0x2c,0x5c,0x7e,0x74,0xfc,0x5c,0xfc,0x74,0xf8,0xd8,0xf8,0x71,0xf9,
    0x00,0x00,0x00,0x00,0x00,0x00,0x00,0x00,0x00,0x00,0x00,0x00,0x00,0x00,0x00,0x00,0x00,0x00,0x00,0x00,0x00,0x00,0x00,0x00,0x00,0x00,0x00,0x00,0x00,0x00,0x00,0x00,
    0x00,0x00,0x00,0x00,0x00,0x00,0x00,0x00,0x00,0x00,0x00,0x00,0x00,0x00,0x00,0x00,0x00,0x00,0x00,0x00,0x00,0x00,0x00,0x00,0x00,0x00,0x00,0x00,0x00,0x00,0x00,0x00,
    0x00,0x00,0x00,0x00,0x00,0x00,0x00,0x00,0x00,0x00,0x00,0x00,0x00,0x00,0x00,0x00,0x00,0x00,0x00,0x00,0x00,0x00,0x00,0x00,0x00,0x00,0x00,0x00,0x00,0x00,0x00,0x00,
    0x10,0x00,0x00,0x00,0x00,0x00,0x00,0x00,0x02,0x08,0x01,0x08,0x18,0x18,0x10,0x38,0x10,0x38,0x10,0x3c,0x54,0x3a,0x74,0xfe,0x5c,0xfe,0x74,0xe8,0xc0,0xe8,0x41,0xe9,
    0x00,0x00,0x00,0x00,0x00,0x00,0x00,0x00,0x00,0x00,0x00,0x00,0x00,0x00,0x00,0x00,0x00,0x00,0x00,0x00,0x00,0x00,0x00,0x00,0x00,0x00,0x00,0x00,0x00,0x00,0x00,0x00,
    0x00,0x00,0x00,0x00,0x00,0x00,0x00,0x00,0x00,0x00,0x00,0x00,0x00,0x00,0x00,0x00,0x00,0x00,0x00,0x00,0x00,0x00,0x00,0x00,0x00,0x00,0x00,0x00,0x00,0x00,0x00,0x00,
    0x00,0x00,0x00,0x00,0x00,0x00,0x00,0x00,0x00,0x00,0x00,0x00,0x00,0x00,0x00,0x00,0x00,0x00,0x00,0x00,0x00,0x00,0x00,0x00,0x00,0x00,0x00,0x00,0x00,0x00,0x00,0x00,
    0x00,0x00,0x00,0x00,0x00,0x00,0x00,0x00,0x00,0x00,0x00,0x00,0x00,0x00,0x00,0x00,0x00,0x00,0x00,0x00,0x00,0x00,0x00,0x00,0x00,0x00,0x00,0x00,0x00,0x80,0x41,0xcf
  },
  { // 341
    0x00,0x00,0x00,0x00,0x00,0x00,0x00,0x00,0x00,0x00,0x00,0x00,0x00,0x00,0x00,0x00,0x00,0x00,0x00,0x00,0x00,0x00,0x00,0x00,0x00,0x00,0x00,0x00,0x00,0x00,0x00,0x00,
    0x00,0x00,0x00,0x00,0x00,0x00,0x00,0x00,0x00,0x00,0x00,0x00,0x00,0x00,0x00,0x00,0x00,0x00,0x00,0x00,0x00,0x00,0x00,0x00,0x00,0x00,0x00,0x00,0x00,0x00,0x00,0x00,
    0x00,0x00,0x00,0x00,0x00,0x00,0x00,0x00,0x00,0x00,0x00,0x00,0x00,0x00,0x20,0x00,0x00,0x00,0x00,0x00,0x00,0x00,0x00,0x00,0x00,0x00,0x00,0x00,0x00,0x00,0x00,0x00,
    0x00,0x00,0x00,0x00,0x00,0x00,0x00,0x00,0x00,0x00,0x00,0x00,0x00,0x00,0x00,0x00,0x00,0x00,0x00,0x00,0x00,0x00,0x00,0x00,0x00,0x00,0x00,0x00,0x00,0x00,0x3a,0x74,
    0x00,0x00,0x00,0x00,0x00,0x00,0x00,0x00,0x00,0x00,0x00,0x00,0x00,0x00,0x00,0x00,0x00,0x00,0x00,0x00,0x00,0x00,0x00,0x00,0x00,0x00,0x00,0x00,0x00,0x00,0x00,0x00,
    0x00,0x00,0x00,0x00,0x00,0x00,0x00,0x00,0x00,0x00,0x00,0x00,0x00,0x00,0x00,0x00,0x00,0x00,0x00,0x00,0x00,0x00,0x00,0x00,0x00,0x00,0x00,0x00,0x00,0x00,0x00,0x00,
    0x00,0x00,0x00,0x00,0x00,0x00,0x00,0x00,0x00,0x00,0x00,0x00,0x00,0x00,0x00,0x00,0x00,0x00,0x00,0x00,0x00,0x00,0x00,0x00,0x00,0x00,0x00,0x00,0x40,0x80,0x00,0x00,
    0x00,0x00,0x00,0x00,0x00,0x00,0x00,0x00,0x00,0x00,0x00,0x00,0x28,0x10,0x28,0x14,0x2c,0x04,0xae,0x04,0x2c,0x5c,0x7c,0x54,0xfc,0xdc,0xfe,0x74,0xf8,0xd9,0xfa,0x71,
    0x00,0x00,0x00,0x00,0x00,0x00,0x00,0x00,0x00,0x00,0x00,0x00,0x00,0x00,0x00,0x00,0x00,0x00,0x00,0x00,0x00,0x00,0x00,0x00,0x00,0x00,0x00,0x00,0x00,0x00,0x00,0x00,
    0x00,0x00,0x00,0x00,0x00,0x00,0x00,0x00,0x00,0x00,0x00,0x00,0x00,0x00,0x00,0x00,0x00,0x00,0x00,0x00,0x00,0x00,0x00,0x00,0x00,0x00,0x00,0x00,0x00,0x00,0x00,0x00,
    0x00,0x00,0x00,0x00,0x00,0x00,0x00,0x00,0x00,0x00,0x00,0x00,0x00,0x00,0x00,0x00,0x00,0x00,0x00,0x00,0x00,0x00,0x00,0x00,0x00,0x00,0x00,0x00,0x00,0x00,0x00,0x00,
    0x00,0x10,0x00,0x00,0x00,0x00,0x00,0x00,0x00,0x02,0x00,0x00,0x09,0x10,0x38,0x10,0x38,0x10,0x38,0x10,0x2c,0x54,0x7c,0x74,0xfc,0x5c,0xfc,0x75,0xf8,0xd9,0xf9,0x51,
    0x00,0x00,0x00,0x00,0x00,0x00,0x00,0x00,0x00,0x00,0x00,0x00,0x00,0x00,0x00,0x00,0x00,0x00,0x00,0x00,0x00,0x00,0x00,0x00,0x00,0x00,0x00,0x00,0x00,0x00,0x00,0x00,
    0x00,0x00,0x00,0x00,0x00,0x00,0x00,0x00,0x00,0x00,0x00,0x00,0x00,0x00,0x00,0x00,0x00,0x00,0x00,0x00,0x04,0x00,0x00,0x00,0x00,0x00,0x00,0x00,0x00,0x00,0x00,0x00,
    0x00,0x00,0x00,0x00,0x00,0x00,0x00,0x00,0x00,0x00,0x00,0x00,0x00,0x00,0x00,0x00,0x00,0x00,0x00,0x00,0x00,0x00,0x00,0x00,0x00,0x00,0x00,0x00,0x00,0x00,0x00,0x00,
    0x00,0x00,0x00,0x00,0x00,0x00,0x00,0x00,0x00,0x00,0x00,0x00,0x00,0x00,0x00,0x00,0x00,0x00,0x00,0x00,0x00,0x00,0x00,0x00,0x00,0x00,0x00,0x00,0x00,0x01,0xc1,0x41
  },
  { // 342
    0x00,0x00,0x00,0x00,0x00,0x00,0x00,0x00,0x00,0x00,0x00,0x00,0x00,0x00,0x00,0x00,0x00,0x00,0x00,0x00,0x00,0x00,0x00,0x00,0x00,0x00,0x00,0x00,0x00,0x00,0x00,0x00,
    0x00,0x00,0x00,0x00,0x00,0x00,0x00,0x00,0x00,0x00,0x00,0x00,0x00,0x00,0x00,0x00,0x00,0x00,0x00,0x00,0x00,0x00,0x00,0x00,0x00,0x00,0x00,0x00,0x00,0x00,0x00,0x00,
    0x00,0x00,0x00,0x00,0x00,0x00,0x00,0x00,0x00,0x00,0x00,0x00,0x00,0x00,0x00,0x00,0x00,0x00,0x00,0x00,0x00,0x00,0x00,0x00,0x00,0x00,0x00,0x00,0x00,0x00,0x00,0x00,
    0x00,0x00,0x00,0x00,0x00,0x00,0x00,0x00,0x00,0x00,0x00,0x00,0x00,0x00,0x00,0x00,0x00,0x00,0x00,0x00,0x00,0x00,0x00,0x00,0x00,0x00,0x00,0x00,0x00,0x00,0x3e,0x5c,
    0x00,0x00,0x00,0x00,0x00,0x00,0x00,0x00,0x00,0x00,0x00,0x00,0x00,0x00,0x00,0x00,0x00,0x00,0x00,0x00,0x00,0x00,0x00,0x00,0x00,0x00,0x00,0x00,0x00,0x00,0x00,0x00,
    0x00,0x00,0x00,0x00,0x00,0x00,0x00,0x00,0x00,0x00,0x00,0x00,0x00,0x00,0x00,0x00,0x00,0x00,0x00,0x00,0x00,0x00,0x00,0x00,0x00,0x00,0x00,0x00,0x00,0x00,0x00,0x00,
    0x00,0x00,0x00,0x00,0x00,0x00,0x00,0x00,0x00,0x00,0x00,0x00,0x00,0x00,0x00,0x00,0x00,0x00,0x00,0x00,0x00,0x00,0x00,0x00,0x00,0x00,0x00,0x00,0x00,0x80,0x00,0x00,
    0x20,0x00,0x00,0x00,0x00,0x00,0x04,0x00,0x00,0x00,0x00,0x00,0x20,0x00,0x28,0x44,0x28,0x04,0x0c,0x8e,0x0c,0x04,0x8c,0x5c,0xbc,0x54,0xfe,0xdc,0xfe,0x75,0xfa,0x54,
    0x00,0x00,0x00,0x00,0x00,0x00,0x00,0x00,0x00,0x00,0x00,0x00,0x00,0x00,0x00,0x00,0x00,0x00,0x00,0x00,0x00,0x00,0x00,0x00,0x00,0x00,0x00,0x00,0x00,0x00,0x00,0x00,
    0x00,0x00,0x00,0x00,0x00,0x00,0x00,0x00,0x00,0x00,0x00,0x00,0x00,0x00,0x00,0x00,0x00,0x00,0x00,0x00,0x00,0x00,0x00,0x00,0x00,0x00,0x00,0x00,0x00,0x00,0x00,0x00,
    0x00,0x00,0x00,0x00,0x00,0x00,0x00,0x00,0x00,0x00,0x00,0x00,0x00,0x00,0x00,0x00,0x00,0x00,0x00,0x00,0x00,0x00,0x00,0x00,0x00,0x00,0x00,0x00,0x00,0x00,0x01,0x00,
    0x00,0x00,0x10,0x10,0x00,0x00,0x00,0x00,0x00,0x00,0x02,0x00,0x00,0x01,0x00,0x00,0x20,0x10,0x28,0x04,0x28,0x04,0x6c,0x5c,0x7c,0x74,0xfc,0xdd,0xf9,0x71,0xfb,0xd1,
    0x00,0x00,0x00,0x00,0x00,0x00,0x00,0x00,0x00,0x00,0x00,0x00,0x00,0x00,0x00,0x00,0x00,0x00,0x00,0x00,0x00,0x00,0x00,0x00,0x00,0x00,0x00,0x00,0x00,0x00,0x00,0x00,
    0x00,0x00,0x00,0x00,0x00,0x00,0x00,0x00,0x00,0x00,0x00,0x00,0x00,0x00,0x00,0x00,0x00,0x00,0x00,0x00,0x00,0x00,0x00,0x00,0x00,0x00,0x00,0x00,0x00,0x00,0x00,0x00,
    0x00,0x00,0x20,0x00,0x00,0x00,0x00,0x00,0x00,0x00,0x00,0x00,0x00,0x00,0x00,0x00,0x00,0x00,0x00,0x00,0x00,0x00,0x00,0x00,0x00,0x00,0x00,0x00,0x00,0x00,0x00,0x00,
    0x00,0x00,0x00,0x00,0x00,0x00,0x00,0x00,0x00,0x00,0x00,0x00,0x00,0x00,0x00,0x00,0x00,0x00,0x00,0x00,0x00,0x00,0x00,0x00,0x00,0x00,0x00,0x00,0x00,0x01,0xc1,0xd1
  },
  { // 343
    0x00,0x00,0x00,0x00,0x00,0x00,0x00,0x00,0x00,0x00,0x00,0x00,0x00,0x00,0x00,0x00,0x00,0x00,0x00,0x00,0x00,0x00,0x00,0x00,0x00,0x00,0x00,0x00,0x00,0x00,0x00,0x00,
    0x00,0x00,0x00,0x00,0x00,0x00,0x00,0x00,0x00,0x00,0x00,0x00,0x00,0x00,0x00,0x00,0x00,0x00,0x00,0x00,0x00,0x00,0x00,0x00,0x00,0x00,0x00,0x00,0x00,0x00,0x00,0x00,
    0x00,0x00,0x00,0x00,0x00,0x00,0x00,0x00,0x00,0x00,0x00,0x00,0x00,0x00,0x00,0x00,0x00,0x00,0x00,0x00,0x00,0x00,0x00,0x00,0x00,0x00,0x00,0x00,0x00,0x00,0x00,0x00,
    0x00,0x00,0x00,0x00,0x00,0x00,0x00,0x00,0x00,0x00,0x00,0x00,0x00,0x00,0x00,0x00,0x00,0x00,0x00,0x00,0x00,0x00,0x00,0x00,0x00,0x00,0x00,0x00,0x00,0x02,0x16,0x7e,
    0x00,0x00,0x00,0x00,0x00,0x00,0x00,0x00,0x00,0x00,0x00,0x00,0x00,0x00,0x00,0x00,0x00,0x00,0x00,0x00,0x00,0x00,0x00,0x00,0x00,0x00,0x00,0x00,0x00,0x00,0x00,0x00,
    0x00,0x00,0x00,0x00,0x00,0x00,0x00,0x00,0x00,0x00,0x00,0x00,0x00,0x00,0x00,0x00,0x00,0x00,0x00,0x00,0x00,0x00,0x00,0x00,0x00,0x00,0x00,0x00,0x00,0x00,0x00,0x00,
    0x00,0x00,0x00,0x00,0x00,0x00,0x00,0x00,0x00,0x00,0x00,0x00,0x00,0x00,0x00,0x00,0x00,0x00,0x00,0x00,0x00,0x00,0x00,0x00,0x00,0x00,0x00,0x00,0x00,0x00,0x00,0x80,
    0x00,0x20,0x00,0xa0,0x40,0xa0,0x00,0xa4,0x00,0x20,0x00,0xa0,0x00,0x20,0x40,0xe8,0x44,0xa8,0x44,0x8c,0x8e,0x88,0x10,0x98,0x5c,0xba,0x34,0xbe,0x5c,0xfe,0x76,0xfe,
    0x00,0x00,0x00,0x00,0x00,0x00,0x00,0x00,0x00,0x00,0x00,0x00,0x00,0x00,0x00,0x00,0x00,0x00,0x00,0x00,0x00,0x00,0x00,0x00,0x00,0x00,0x00,0x00,0x00,0x00,0x00,0x00,
    0x00,0x00,0x00,0x00,0x00,0x00,0x00,0x00,0x00,0x00,0x00,0x00,0x00,0x00,0x00,0x00,0x00,0x00,0x00,0x00,0x00,0x00,0x00,0x00,0x00,0x00,0x00,0x00,0x00,0x00,0x00,0x00,
    0x00,0x00,0x00,0x00,0x00,0x00,0x00,0x00,0x00,0x00,0x00,0x00,0x00,0x00,0x00,0x00,0x00,0x00,0x00,0x00,0x00,0x00,0x00,0x00,0x08,0x00,0x00,0x00,0x00,0x00,0x00,0x00,
    0x01,0x00,0x00,0x10,0x08,0x00,0x00,0x00,0x00,0x00,0x00,0x02,0x00,0x00,0x01,0x00,0x00,0x20,0x00,0x28,0x04,0x08,0x14,0x48,0x5c,0xb8,0x55,0xfb,0xdd,0xfb,0x71,0xfb,
    0x00,0x00,0x00,0x00,0x00,0x00,0x00,0x00,0x00,0x00,0x00,0x00,0x00,0x00,0x00,0x00,0x00,0x00,0x00,0x00,0x00,0x00,0x00,0x00,0x00,0x00,0x00,0x00,0x00,0x00,0x00,0x00,
    0x00,0x00,0x00,0x00,0x00,0x00,0x00,0x00,0x00,0x00,0x00,0x00,0x00,0x00,0x00,0x00,0x00,0x00,0x00,0x00,0x00,0x00,0x00,0x00,0x00,0x00,0x00,0x00,0x00,0x00,0x00,0x00,
    0x00,0x00,0x00,0x00,0x00,0x00,0x00,0x00,0x00,0x00,0x00,0x00,0x00,0x00,0x00,0x00,0x00,0x00,0x00,0x00,0x00,0x00,0x00,0x00,0x00,0x00,0x00,0x00,0x00,0x00,0x00,0x00,
    0x00,0x00,0x00,0x00,0x00,0x00,0x00,0x00,0x00,0x00,0x00,0x00,0x00,0x00,0x00,0x00,0x00,0x00,0x00,0x00,0x00,0x00,0x00,0x00,0x00,0x00,0x00,0x00,0x00,0x81,0x41,0xfb
  },
  { // 344
    0x00,0x00,0x00,0x00,0x00,0x00,0x00,0x00,0x00,0x00,0x00,0x00,0x00,0x00,0x00,0x00,0x00,0x00,0x00,0x00,0x00,0x00,0x00,0x00,0x00,0x00,0x00,0x00,0x00,0x00,0x00,0x00,
    0x00,0x00,0x00,0x00,0x00,0x00,0x00,0x00,0x00,0x00,0x00,0x00,0x00,0x10,0x00,0x00,0x00,0x00,0x00,0x00,0x00,0x00,0x00,0x00,0x00,0x00,0x00,0x00,0x00,0x00,0x00,0x00,
    0x00,0x00,0x00,0x00,0x00,0x00,0x02,0x00,0x00,0x00,0x00,0x00,0x00,0x00,0x00,0x00,0x00,0x00,0x00,0x00,0x00,0x00,0x00,0x00,0x00,0x00,0x00,0x00,0x00,0x00,0x00,0x00,
    0x00,0x00,0x00,0x00,0x00,0x00,0x00,0x00,0x00,0x00,0x00,0x00,0x00,0x00,0x00,0x00,0x00,0x00,0x00,0x00,0x00,0x00,0x00,0x00,0x00,0x00,0x00,0x00,0x00,0x04,0x2e,0x77,
    0x00,0x00,0x00,0x00,0x00,0x00,0x00,0x00,0x00,0x00,0x00,0x00,0x00,0x00,0x00,0x00,0x00,0x00,0x00,0x00,0x00,0x00,0x00,0x00,0x00,0x00,0x00,0x00,0x00,0x00,0x00,0x00,
    0x00,0x00,0x00,0x00,0x00,0x00,0x00,0x00,0x00,0x00,0x00,0x00,0x00,0x00,0x00,0x00,0x00,0x00,0x00,0x00,0x00,0x00,0x00,0x00,0x00,0x00,0x00,0x00,0x00,0x00,0x00,0x00,
    0x00,0x00,0x00,0x00,0x00,0x00,0x00,0x00,0x00,0x00,0x00,0x00,0x00,0x00,0x00,0x00,0x00,0x00,0x00,0x00,0x00,0x00,0x00,0x00,0x00,0x00,0x00,0x00,0x00,0x00,0x00,0x00,
    0x80,0x00,0x20,0x00,0xa0,0x50,0xa0,0x40,0xa4,0x40,0x20,0x40,0xe0,0x40,0xe0,0x40,0xc8,0xc0,0x88,0x40,0x8a,0x18,0x98,0x10,0x98,0x5c,0x3e,0x36,0x3e,0x5c,0x7e,0x76,
    0x00,0x00,0x00,0x00,0x00,0x00,0x00,0x00,0x00,0x00,0x00,0x00,0x00,0x00,0x00,0x00,0x00,0x00,0x00,0x00,0x00,0x00,0x00,0x00,0x00,0x00,0x00,0x00,0x00,0x00,0x00,0x00,
    0x00,0x00,0x00,0x00,0x00,0x00,0x00,0x00,0x00,0x00,0x00,0x00,0x00,0x00,0x00,0x00,0x00,0x00,0x00,0x00,0x00,0x00,0x00,0x00,0x00,0x00,0x00,0x00,0x00,0x00,0x00,0x00,
    0x00,0x00,0x00,0x00,0x00,0x00,0x00,0x00,0x00,0x00,0x00,0x00,0x00,0x00,0x00,0x00,0x00,0x00,0x00,0x00,0x00,0x00,0x00,0x00,0x00,0x08,0x00,0x00,0x00,0x00,0x00,0x00,
    0x00,0x01,0x00,0x00,0x10,0x00,0x08,0x00,0x00,0x00,0x00,0x00,0x02,0x00,0x00,0x01,0x00,0x01,0x00,0x01,0x08,0x05,0x0a,0x11,0x18,0x1d,0x3b,0x31,0xbf,0x5d,0xff,0x77,
    0x00,0x00,0x00,0x00,0x00,0x00,0x00,0x00,0x00,0x00,0x00,0x00,0x00,0x00,0x00,0x00,0x00,0x00,0x00,0x00,0x00,0x00,0x00,0x00,0x00,0x00,0x00,0x00,0x00,0x00,0x00,0x00,
    0x00,0x00,0x00,0x00,0x00,0x00,0x00,0x00,0x00,0x00,0x00,0x00,0x00,0x00,0x00,0x00,0x00,0x00,0x00,0x00,0x00,0x00,0x00,0x00,0x00,0x00,0x00,0x00,0x00,0x00,0x00,0x00,
    0x00,0x00,0x00,0x00,0x00,0x00,0x00,0x00,0x00,0x00,0x00,0x00,0x00,0x00,0x00,0x00,0x00,0x00,0x00,0x00,0x00,0x00,0x00,0x00,0x00,0x00,0x00,0x00,0x00,0x00,0x00,0x00,
    0x00,0x00,0x00,0x00,0x00,0x00,0x00,0x00,0x00,0x00,0x00,0x00,0x00,0x00,0x00,0x00,0x00,0x00,0x00,0x00,0x00,0x00,0x00,0x00,0x00,0x00,0x00,0x00,0x00,0x01,0xa1,0x71
  },
  { // 345
    0x00,0x00,0x00,0x00,0x00,0x00,0x00,0x00,0x00,0x00,0x00,0x00,0x00,0x00,0x00,0x00,0x00,0x00,0x00,0x00,0x00,0x00,0x00,0x00,0x00,0x00,0x00,0x00,0x00,0x00,0x00,0x00,
    0x00,0x00,0x00,0x00,0x00,0x00,0x00,0x00,0x00,0x00,0x00,0x00,0x00,0x00,0x00,0x00,0x00,0x00,0x00,0x00,0x00,0x00,0x00,0x00,0x00,0x00,0x00,0x80,0x00,0x00,0x00,0x00,
    0x00,0x00,0x00,0x00,0x00,0x00,0x00,0x00,0x00,0x00,0x00,0x00,0x00,0x00,0x00,0x00,0x00,0x00,0x00,0x00,0x10,0x00,0x00,0x00,0x00,0x00,0x00,0x00,0x00,0x00,0x00,0x00,
    0x00,0x00,0x00,0x00,0x00,0x00,0x00,0x00,0x00,0x00,0x00,0x00,0x00,0x00,0x00,0x00,0x00,0x00,0x00,0x00,0x00,0x00,0x00,0x00,0x00,0x00,0x00,0x00,0x00,0x08,0x0c,0xff,
    0x00,0x00,0x00,0x00,0x00,0x00,0x00,0x00,0x00,0x00,0x00,0x00,0x00,0x00,0x00,0x00,0x00,0x00,0x00,0x00,0x00,0x00,0x00,0x00,0x00,0x00,0x00,0x00,0x00,0x00,0x00,0x00,
    0x00,0x00,0x00,0x00,0x00,0x00,0x00,0x00,0x00,0x00,0x00,0x00,0x00,0x00,0x00,0x00,0x00,0x00,0x00,0x00,0x00,0x00,0x00,0x00,0x00,0x00,0x00,0x00,0x00,0x00,0x00,0x00,
    0x00,0x00,0x00,0x00,0x00,0x00,0x00,0x00,0x00,0x00,0x00,0x00,0x00,0x00,0x00,0x00,0x00,0x00,0x00,0x00,0x00,0x00,0x00,0x00,0x00,0x00,0x00,0x00,0x00,0x00,0x00,0x00,
    0x00,0x40,0x00,0x20,0x00,0xa0,0x40,0xe0,0x60,0xe0,0x40,0xe0,0x40,0xc0,0x40,0xc0,0x40,0xc8,0xc0,0x88,0x10,0x98,0x90,0x98,0x10,0x2e,0x34,0x3e,0x36,0x3e,0x5c,0x7e,
    0x00,0x00,0x00,0x00,0x00,0x00,0x00,0x00,0x00,0x00,0x00,0x00,0x00,0x00,0x00,0x00,0x00,0x00,0x00,0x00,0x00,0x00,0x00,0x00,0x00,0x00,0x00,0x00,0x00,0x00,0x00,0x00,
    0x00,0x00,0x00,0x00,0x00,0x00,0x00,0x00,0x00,0x00,0x00,0x00,0x00,0x00,0x00,0x00,0x00,0x00,0x00,0x00,0x00,0x00,0x00,0x00,0x00,0x00,0x00,0x00,0x00,0x00,0x00,0x00,
    0x00,0x00,0x00,0x00,0x00,0x00,0x00,0x00,0x00,0x00,0x00,0x00,0x00,0x00,0x00,0x00,0x00,0x00,0x00,0x00,0x00,0x00,0x00,0x00,0x00,0x00,0x00,0x00,0x00,0x00,0x00,0x00,
    0x00,0x00,0x01,0x00,0x00,0x20,0x00,0x00,0x00,0x00,0x00,0x00,0x00,0x00,0x00,0x00,0x01,0x00,0x01,0x03,0x01,0x0b,0x11,0x1b,0x11,0x1b,0x15,0x3a,0x37,0x3e,0x5c,0xfe,
    0x00,0x00,0x00,0x00,0x00,0x00,0x00,0x00,0x00,0x00,0x00,0x00,0x00,0x00,0x00,0x00,0x00,0x00,0x00,0x00,0x00,0x00,0x00,0x00,0x00,0x00,0x00,0x00,0x00,0x00,0x00,0x00,
    0x00,0x00,0x00,0x00,0x00,0x00,0x00,0x00,0x00,0x00,0x00,0x00,0x00,0x40,0x00,0x00,0x00,0x00,0x00,0x00,0x00,0x00,0x00,0x00,0x00,0x00,0x00,0x02,0x00,0x00,0x00,0x00,
    0x00,0x00,0x00,0x00,0x00,0x00,0x00,0x00,0x00,0x00,0x00,0x00,0x00,0x00,0x00,0x00,0x00,0x00,0x00,0x00,0x00,0x00,0x00,0x00,0x00,0x00,0x00,0x00,0x00,0x00,0x00,0x00,
    0x00,0x00,0x00,0x00,0x00,0x00,0x00,0x00,0x00,0x00,0x00,0x00,0x00,0x00,0x00,0x00,0x00,0x00,0x00,0x00,0x00,0x00,0x00,0x00,0x00,0x00,0x00,0x00,0x00,0x00,0x01,0xfb
  },
  { // 346
    0x00,0x00,0x00,0x00,0x00,0x00,0x00,0x00,0x00,0x00,0x00,0x00,0x00,0x00,0x00,0x00,0x00,0x00,0x00,0x00,0x00,0x00,0x00,0x00,0x00,0x00,0x00,0x00,0x00,0x00,0x00,0x00,
    0x00,0x00,0x00,0x00,0x00,0x00,0x00,0x00,0x00,0x00,0x00,0x00,0x00,0x00,0x00,0x00,0x00,0x00,0x00,0x00,0x00,0x00,0x00,0x00,0x00,0x00,0x00,0x00,0x00,0x00,0x00,0x00,
    0x00,0x00,0x00,0x00,0x00,0x00,0x00,0x00,0x00,0x00,0x00,0x00,0x00,0x00,0x00,0x00,0x00,0x00,0x00,0x00,0x00,0x00,0x00,0x00,0x00,0x00,0x00,0x00,0x00,0x00,0x00,0x00,
    0x00,0x00,0x00,0x00,0x00,0x00,0x00,0x00,0x00,0x00,0x00,0x00,0x00,0x00,0x00,0x00,0x00,0x00,0x00,0x00,0x00,0x00,0x00,0x00,0x00,0x00,0x00,0x00,0x00,0x00,0x8e,0xdd,
    0x00,0x00,0x00,0x00,0x00,0x00,0x00,0x00,0x00,0x00,0x00,0x00,0x00,0x00,0x00,0x00,0x00,0x00,0x00,0x00,0x00,0x00,0x00,0x00,0x00,0x00,0x00,0x00,0x00,0x00,0x00,0x00,
    0x00,0x00,0x00,0x00,0x00,0x00,0x00,0x00,0x00,0x00,0x00,0x00,0x00,0x00,0x00,0x00,0x00,0x00,0x00,0x00,0x00,0x00,0x00,0x00,0x00,0x00,0x00,0x00,0x00,0x00,0x00,0x00,
    0x00,0x00,0x00,0x00,0x00,0x00,0x00,0x00,0x00,0x00,0x00,0x00,0x00,0x00,0x00,0x00,0x00,0x00,0x00,0x00,0x00,0x00,0x00,0x00,0x00,0x00,0x00,0x00,0x00,0x00,0x00,0x00,
    0x00,0x00,0x60,0x00,0x20,0x00,0x60,0x40,0xe0,0x60,0xe0,0x40,0xe0,0x40,0xc0,0xc0,0x80,0x40,0x88,0xd0,0xb0,0x10,0xa8,0x10,0xa0,0x04,0x2e,0x04,0x2e,0x06,0x6e,0x5d,
    0x00,0x00,0x00,0x00,0x00,0x00,0x00,0x00,0x00,0x00,0x00,0x00,0x00,0x00,0x00,0x00,0x00,0x00,0x00,0x00,0x00,0x00,0x00,0x00,0x00,0x00,0x00,0x00,0x00,0x00,0x00,0x00,
    0x00,0x00,0x00,0x00,0x00,0x00,0x00,0x00,0x00,0x00,0x00,0x00,0x00,0x00,0x00,0x00,0x00,0x00,0x00,0x00,0x00,0x00,0x00,0x00,0x00,0x00,0x00,0x00,0x00,0x00,0x00,0x00,
    0x00,0x00,0x00,0x00,0x00,0x00,0x00,0x00,0x00,0x00,0x00,0x00,0x00,0x00,0x00,0x00,0x00,0x00,0x00,0x00,0x00,0x00,0x00,0x00,0x00,0x00,0x00,0x00,0x00,0x00,0x00,0x00,
    0x00,0x00,0x00,0x02,0x00,0x00,0x20,0x00,0x00,0x00,0x00,0x00,0x00,0x00,0x00,0x00,0x00,0x01,0x01,0x01,0x03,0x01,0x8b,0x11,0x1b,0x13,0x3f,0x15,0x3e,0x36,0x7e,0x5c,
    0x00,0x00,0x00,0x00,0x00,0x00,0x00,0x00,0x00,0x00,0x00,0x00,0x00,0x00,0x00,0x00,0x00,0x00,0x00,0x00,0x00,0x00,0x00,0x00,0x00,0x00,0x00,0x00,0x00,0x00,0x00,0x00,
    0x00,0x00,0x00,0x00,0x00,0x00,0x00,0x00,0x00,0x00,0x00,0x00,0x00,0x00,0x00,0x00,0x80,0x00,0x00,0x00,0x00,0x00,0x00,0x00,0x00,0x00,0x00,0x00,0x00,0x00,0x00,0x00,
    0x00,0x00,0x00,0x00,0x00,0x00,0x00,0x00,0x10,0x10,0x00,0x00,0x00,0x00,0x00,0x00,0x00,0x00,0x00,0x00,0x00,0x00,0x00,0x00,0x00,0x00,0x00,0x00,0x00,0x00,0x00,0x00,
    0x00,0x00,0x00,0x00,0x00,0x00,0x00,0x00,0x00,0x00,0x00,0x00,0x00,0x00,0x00,0x00,0x00,0x00,0x00,0x00,0x00,0x00,0x00,0x00,0x00,0x00,0x00,0x00,0x00,0x00,0x02,0x5c
  },
  { // 347
    0x00,0x00,0x00,0x00,0x00,0x00,0x00,0x00,0x00,0x00,0x00,0x00,0x00,0x00,0x00,0x00,0x00,0x00,0x00,0x00,0x00,0x00,0x00,0x00,0x00,0x00,0x00,0x00,0x00,0x00,0x00,0x00,
    0x00,0x00,0x00,0x00,0x00,0x00,0x00,0x00,0x00,0x00,0x00,0x00,0x00,0x00,0x00,0x00,0x00,0x00,0x00,0x00,0x00,0x00,0x00,0x00,0x00,0x00,0x00,0x00,0x00,0x00,0x00,0x00,
    0x00,0x00,0x00,0x00,0x00,0x00,0x00,0x00,0x00,0x00,0x00,0x00,0x00,0x00,0x00,0x00,0x00,0x00,0x00,0x00,0x00,0x00,0x00,0x00,0x00,0x00,0x00,0x00,0x00,0x00,0x00,0x00,
    0x00,0x00,0x00,0x00,0x00,0x00,0x00,0x00,0x00,0x00,0x00,0x00,0x00,0x00,0x00,0x00,0x00,0x00,0x00,0x00,0x00,0x00,0x00,0x00,0x00,0x00,0x00,0x00,0x00,0x00,0x8a,0x17,
    0x00,0x00,0x00,0x00,0x00,0x00,0x00,0x00,0x00,0x00,0x00,0x00,0x00,0x00,0x00,0x00,0x00,0x00,0x00,0x00,0x00,0x00,0x00,0x00,0x00,0x00,0x00,0x00,0x00,0x00,0x00,0x00,
    0x00,0x00,0x00,0x00,0x00,0x00,0x00,0x00,0x00,0x00,0x00,0x00,0x00,0x00,0x00,0x00,0x00,0x00,0x00,0x00,0x00,0x00,0x00,0x00,0x00,0x00,0x00,0x00,0x00,0x00,0x00,0x00,
    0x00,0x00,0x00,0x00,0x00,0x00,0x00,0x00,0x00,0x00,0x00,0x00,0x00,0x00,0x00,0x00,0x00,0x00,0x00,0x00,0x00,0x00,0x00,0x00,0x00,0x00,0x00,0x00,0x00,0x00,0x00,0x00,
    0x00,0x00,0x20,0x00,0x60,0x00,0x20,0x40,0xe0,0x40,0xe0,0x40,0xe4,0xc0,0xe0,0x40,0xc0,0xc0,0xa0,0x10,0xa0,0xd0,0xa0,0xf0,0xe0,0x44,0x26,0x24,0x0e,0x4c,0x0e,0x57,
    0x00,0x00,0x00,0x00,0x00,0x00,0x00,0x00,0x00,0x00,0x00,0x00,0x00,0x00,0x00,0x00,0x00,0x00,0x00,0x00,0x00,0x00,0x00,0x00,0x00,0x00,0x00,0x00,0x00,0x00,0x00,0x00,
    0x00,0x00,0x00,0x00,0x00,0x00,0x00,0x00,0x00,0x00,0x00,0x00,0x00,0x00,0x00,0x00,0x00,0x00,0x00,0x00,0x00,0x00,0x00,0x00,0x00,0x00,0x00,0x00,0x00,0x00,0x00,0x00,
    0x00,0x00,0x00,0x00,0x00,0x00,0x00,0x00,0x00,0x00,0x00,0x00,0x00,0x00,0x00,0x00,0x00,0x00,0x00,0x00,0x00,0x00,0x00,0x00,0x00,0x00,0x00,0x08,0x00,0x00,0x00,0x00,
    0x00,0x00,0x00,0x00,0x02,0x00,0x20,0x00,0x00,0x00,0x08,0x00,0x00,0x00,0x00,0x00,0x00,0x01,0x01,0x01,0x03,0x01,0x03,0x13,0xab,0x15,0x2f,0x17,0x2e,0x14,0x2e,0x76,
    0x00,0x00,0x00,0x00,0x00,0x00,0x00,0x00,0x00,0x00,0x00,0x00,0x00,0x00,0x00,0x00,0x00,0x00,0x00,0x00,0x00,0x00,0x00,0x00,0x00,0x00,0x00,0x00,0x00,0x00,0x00,0x00,
    0x00,0x00,0x00,0x00,0x00,0x00,0x00,0x00,0x00,0x00,0x00,0x00,0x00,0x00,0x00,0x00,0x00,0x00,0x00,0x00,0x00,0x00,0x00,0x00,0x00,0x00,0x00,0x00,0x00,0x00,0x00,0x00,
    0x00,0x00,0x00,0x00,0x00,0x00,0x00,0x00,0x00,0x00,0x00,0x00,0x00,0x00,0x00,0x00,0x00,0x00,0x00,0x00,0x00,0x00,0x00,0x00,0x00,0x00,0x00,0x00,0x00,0x00,0x00,0x00,
    0x00,0x00,0x00,0x00,0x00,0x00,0x00,0x00,0x00,0x00,0x00,0x00,0x00,0x00,0x00,0x10,0x00,0x00,0x00,0x00,0x00,0x00,0x00,0x00,0x00,0x00,0x00,0x00,0x00,0x00,0x02,0x76
  },
  { // 348
    0x00,0x00,0x00,0x00,0x00,0x00,0x00,0x00,0x00,0x00,0x00,0x00,0x00,0x00,0x00,0x00,0x00,0x00,0x00,0x00,0x00,0x00,0x00,0x00,0x00,0x00,0x00,0x00,0x00,0x00,0x00,0x00,
    0x00,0x00,0x00,0x00,0x00,0x00,0x00,0x00,0x00,0x00,0x00,0x00,0x00,0x00,0x00,0x00,0x00,0x00,0x00,0x00,0x00,0x00,0x00,0x00,0x00,0x00,0x00,0x00,0x00,0x00,0x00,0x00,
    0x00,0x00,0x00,0x00,0x00,0x00,0x00,0x00,0x00,0x00,0x00,0x00,0x00,0x00,0x00,0x00,0x00,0x00,0x00,0x00,0x00,0x00,0x00,0x00,0x00,0x00,0x00,0x00,0x00,0x00,0x00,0x00,
    0x00,0x00,0x00,0x00,0x00,0x00,0x00,0x00,0x00,0x00,0x00,0x00,0x00,0x00,0x00,0x00,0x00,0x00,0x00,0x00,0x00,0x00,0x00,0x00,0x00,0x00,0x00,0x00,0x00,0x00,0x01,0x8b,
    0x00,0x00,0x00,0x00,0x00,0x00,0x00,0x00,0x00,0x00,0x00,0x00,0x00,0x00,0x00,0x00,0x00,0x00,0x00,0x00,0x00,0x00,0x00,0x00,0x00,0x00,0x00,0x00,0x00,0x00,0x00,0x00,
    0x00,0x00,0x00,0x00,0x00,0x00,0x00,0x00,0x00,0x00,0x00,0x00,0x00,0x00,0x00,0x00,0x00,0x00,0x00,0x00,0x00,0x00,0x00,0x00,0x00,0x00,0x00,0x00,0x00,0x00,0x00,0x00,
    0x00,0x00,0x00,0x00,0x00,0x00,0x00,0x00,0x00,0x00,0x00,0x00,0x00,0x00,0x00,0x00,0x00,0x00,0x00,0x00,0x00,0x00,0x00,0x00,0x00,0x00,0x00,0x00,0x00,0x00,0x00,0x00,
    0x00,0x00,0x00,0x20,0x00,0x60,0x40,0x20,0x40,0xe0,0x40,0xe0,0x50,0xe4,0xd0,0xa0,0x50,0xa0,0xc0,0xa0,0x60,0xe0,0xc0,0xe0,0x64,0xec,0xc4,0xee,0x64,0x8e,0x4d,0x8f,
    0x00,0x00,0x00,0x00,0x00,0x00,0x00,0x00,0x00,0x00,0x00,0x00,0x00,0x00,0x00,0x00,0x00,0x00,0x00,0x00,0x00,0x00,0x00,0x00,0x00,0x00,0x00,0x00,0x00,0x00,0x00,0x00,
    0x00,0x00,0x00,0x00,0x00,0x00,0x00,0x00,0x00,0x00,0x00,0x00,0x00,0x00,0x00,0x00,0x00,0x00,0x00,0x00,0x00,0x00,0x00,0x00,0x00,0x00,0x00,0x00,0x00,0x00,0x00,0x00,
    0x00,0x00,0x00,0x00,0x00,0x00,0x00,0x00,0x00,0x00,0x00,0x00,0x00,0x00,0x00,0x00,0x00,0x00,0x00,0x00,0x00,0x00,0x00,0x00,0x00,0x00,0x00,0x00,0x10,0x00,0x00,0x00,
    0x00,0x00,0x00,0x00,0x00,0x00,0x02,0x20,0x00,0x00,0x00,0x08,0x00,0x00,0x00,0x00,0x01,0x01,0x01,0x01,0x01,0x03,0x01,0x23,0x07,0xaf,0x05,0x2f,0x07,0x2e,0x4c,0x2e,
    0x00,0x00,0x00,0x00,0x00,0x00,0x00,0x00,0x00,0x00,0x00,0x00,0x00,0x00,0x00,0x00,0x00,0x00,0x00,0x00,0x00,0x00,0x00,0x00,0x00,0x00,0x00,0x00,0x00,0x00,0x00,0x00,
    0x00,0x00,0x00,0x00,0x00,0x00,0x00,0x00,0x00,0x00,0x00,0x00,0x00,0x00,0x00,0x00,0x00,0x00,0x00,0x00,0x00,0x00,0x00,0x00,0x00,0x00,0x00,0x00,0x00,0x00,0x00,0x00,
    0x00,0x00,0x00,0x00,0x00,0x00,0x00,0x00,0x00,0x00,0x00,0x00,0x00,0x00,0x00,0x00,0x00,0x00,0x00,0x00,0x00,0x00,0x00,0x00,0x00,0x00,0x00,0x00,0x00,0x00,0x00,0x00,
    0x00,0x00,0x00,0x00,0x00,0x00,0x00,0x00,0x00,0x00,0x00,0x00,0x00,0x00,0x00,0x00,0x00,0x00,0x00,0x00,0x00,0x00,0x00,0x00,0x00,0x00,0x00,0x00,0x00,0x00,0x04,0x3e
  },
  { // 349
    0x00,0x00,0x00,0x00,0x00,0x00,0x00,0x00,0x00,0x00,0x00,0x00,0x00,0x00,0x00,0x00,0x00,0x00,0x00,0x00,0x00,0x00,0x00,0x00,0x00,0x00,0x00,0x00,0x00,0x00,0x00,0x00,
    0x00,0x00,0x00,0x00,0x00,0x00,0x00,0x00,0x00,0x00,0x00,0x00,0x00,0x00,0x00,0x00,0x00,0x00,0x00,0x00,0x08,0x00,0x00,0x00,0x00,0x00,0x00,0x00,0x00,0x00,0x00,0x00,
    0x00,0x00,0x00,0x00,0x00,0x00,0x00,0x00,0x00,0x00,0x00,0x00,0x00,0x00,0x00,0x00,0x00,0x00,0x00,0x00,0x00,0x00,0x00,0x00,0x00,0x00,0x00,0x00,0x00,0x00,0x00,0x00,
    0x00,0x00,0x00,0x00,0x00,0x00,0x00,0x00,0x00,0x00,0x00,0x00,0x00,0x00,0x00,0x00,0x00,0x00,0x00,0x00,0x00,0x00,0x00,0x00,0x00,0x00,0x00,0x00,0x00,0x00,0x82,0x91,
    0x00,0x00,0x00,0x00,0x00,0x00,0x00,0x00,0x00,0x00,0x00,0x00,0x00,0x00,0x00,0x00,0x00,0x00,0x00,0x00,0x00,0x00,0x00,0x00,0x00,0x00,0x00,0x00,0x00,0x00,0x00,0x00,
    0x00,0x00,0x00,0x00,0x00,0x00,0x00,0x00,0x00,0x00,0x00,0x00,0x00,0x00,0x00,0x00,0x00,0x00,0x00,0x00,0x00,0x00,0x00,0x00,0x00,0x00,0x00,0x00,0x00,0x00,0x00,0x00,
    0x00,0x00,0x00,0x00,0x00,0x00,0x00,0x00,0x00,0x00,0x00,0x00,0x00,0x00,0x00,0x00,0x00,0x00,0x00,0x00,0x00,0x00,0x00,0x00,0x00,0x00,0x00,0x00,0x00,0x00,0x00,0x00,
    0x00,0x00,0x00,0x00,0x00,0x00,0x00,0x00,0x00,0x00,0xa0,0x50,0xb0,0x50,0xf4,0xd0,0xb0,0x70,0xe0,0x40,0xe0,0x60,0xe0,0xc2,0xe0,0x44,0xec,0xc4,0xce,0x45,0x8f,0x8d,
    0x00,0x00,0x00,0x00,0x00,0x00,0x00,0x00,0x00,0x00,0x00,0x00,0x00,0x00,0x00,0x00,0x00,0x00,0x00,0x00,0x00,0x00,0x00,0x00,0x00,0x00,0x00,0x00,0x00,0x00,0x00,0x00,
    0x00,0x00,0x00,0x00,0x00,0x00,0x00,0x00,0x00,0x00,0x00,0x00,0x00,0x00,0x00,0x00,0x00,0x00,0x00,0x00,0x00,0x00,0x00,0x00,0x00,0x00,0x00,0x00,0x00,0x00,0x00,0x00,
    0x00,0x00,0x00,0x00,0x00,0x00,0x00,0x00,0x00,0x00,0x00,0x00,0x00,0x00,0x00,0x00,0x00,0x00,0x00,0x00,0x00,0x00,0x00,0x00,0x00,0x00,0x00,0x00,0x00,0x10,0x00,0x00,
    0x00,0x00,0x00,0x00,0x00,0x00,0x00,0x00,0x20,0x00,0x00,0x00,0x10,0x00,0x00,0x01,0x00,0x01,0x00,0x01,0x03,0x01,0x23,0x01,0x23,0x47,0xef,0x45,0xaf,0x47,0x8f,0x4d,
    0x00,0x00,0x00,0x00,0x00,0x00,0x00,0x00,0x00,0x00,0x00,0x00,0x00,0x00,0x00,0x00,0x00,0x00,0x00,0x00,0x00,0x00,0x00,0x00,0x00,0x00,0x00,0x00,0x00,0x00,0x00,0x00,
    0x00,0x00,0x00,0x00,0x00,0x00,0x00,0x00,0x00,0x00,0x00,0x00,0x00,0x00,0x00,0x00,0x00,0x00,0x00,0x00,0x20,0x00,0x00,0x00,0x00,0x00,0x00,0x00,0x00,0x00,0x00,0x00,
    0x00,0x01,0x00,0x00,0x00,0x00,0x00,0x00,0x00,0x00,0x00,0x00,0x00,0x00,0x00,0x00,0x00,0x00,0x00,0x00,0x00,0x00,0x00,0x00,0x00,0x00,0x00,0x00,0x00,0x00,0x00,0x00,
    0x00,0x00,0x00,0x00,0x00,0x00,0x00,0x00,0x00,0x00,0x00,0x00,0x00,0x00,0x00,0x00,0x00,0x00,0x00,0x00,0x00,0x00,0x00,0x00,0x00,0x00,0x00,0x00,0x00,0x00,0x06,0x5c
  },
  { // 350
    0x00,0x00,0x00,0x00,0x00,0x00,0x00,0x00,0x00,0x00,0x00,0x00,0x00,0x00,0x00,0x00,0x00,0x00,0x00,0x00,0x00,0x00,0x00,0x00,0x00,0x00,0x00,0x00,0x00,0x00,0x00,0x00,
    0x00,0x00,0x00,0x00,0x00,0x00,0x00,0x00,0x00,0x00,0x00,0x00,0x00,0x00,0x00,0x00,0x00,0x00,0x00,0x00,0x00,0x00,0x00,0x00,0x00,0x00,0x00,0x00,0x00,0x00,0x00,0x00,
    0x00,0x00,0x40,0x40,0x00,0x00,0x00,0x00,0x00,0x00,0x00,0x00,0x00,0x00,0x00,0x00,0x00,0x00,0x00,0x00,0x00,0x00,0x00,0x00,0x00,0x00,0x00,0x08,0x00,0x00,0x00,0x00,
    0x00,0x00,0x00,0x00,0x00,0x00,0x00,0x00,0x00,0x00,0x00,0x00,0x00,0x00,0x00,0x00,0x00,0x00,0x00,0x00,0x00,0x00,0x00,0x00,0x00,0x00,0x00,0x00,0x00,0x00,0x01,0xa3,
    0x00,0x00,0x00,0x00,0x00,0x00,0x00,0x00,0x00,0x00,0x00,0x00,0x00,0x00,0x00,0x00,0x00,0x00,0x00,0x00,0x00,0x00,0x00,0x00,0x00,0x00,0x00,0x00,0x00,0x00,0x00,0x00,
    0x00,0x00,0x00,0x00,0x00,0x00,0x00,0x00,0x00,0x00,0x00,0x00,0x00,0x00,0x00,0x00,0x00,0x00,0x00,0x00,0x00,0x00,0x00,0x00,0x00,0x00,0x00,0x00,0x00,0x00,0x00,0x00,
    0x00,0x00,0x00,0x00,0x00,0x00,0x00,0x00,0x00,0x00,0x00,0x00,0x00,0x00,0x00,0x00,0x00,0x00,0x00,0x00,0x00,0x00,0x00,0x00,0x00,0x00,0x00,0x00,0x00,0x00,0x00,0x00,
    0x00,0x00,0x00,0x00,0x00,0x00,0x00,0x40,0x00,0x00,0x10,0xa0,0x10,0xb0,0x70,0xf0,0x50,0xf0,0xf0,0xe0,0x40,0xe0,0x60,0xe2,0xc0,0xe8,0x40,0xe8,0xcc,0xcb,0x53,0x8b,
    0x00,0x00,0x00,0x00,0x00,0x00,0x00,0x00,0x00,0x00,0x00,0x00,0x00,0x00,0x00,0x00,0x00,0x00,0x00,0x00,0x00,0x00,0x00,0x00,0x00,0x00,0x00,0x00,0x00,0x00,0x00,0x00,
    0x00,0x00,0x00,0x00,0x00,0x00,0x00,0x00,0x00,0x00,0x00,0x00,0x00,0x00,0x00,0x00,0x00,0x00,0x00,0x00,0x00,0x00,0x00,0x00,0x00,0x00,0x00,0x00,0x00,0x00,0x00,0x00,
    0x00,0x00,0x00,0x00,0x00,0x00,0x00,0x00,0x00,0x00,0x00,0x00,0x00,0x00,0x00,0x00,0x00,0x00,0x00,0x00,0x00,0x00,0x00,0x00,0x00,0x00,0x00,0x20,0x00,0x00,0x10,0x00,
    0x00,0x00,0x00,0x00,0x00,0x00,0x00,0x00,0x00,0x00,0x00,0x00,0x00,0x10,0x00,0x00,0x01,0x00,0x01,0x00,0x01,0x22,0x01,0x22,0x41,0xe3,0x47,0xef,0xcd,0xcf,0x47,0x8f,
    0x00,0x00,0x00,0x00,0x00,0x00,0x00,0x00,0x00,0x00,0x00,0x00,0x00,0x00,0x00,0x00,0x00,0x00,0x00,0x00,0x00,0x00,0x00,0x00,0x00,0x00,0x00,0x00,0x00,0x00,0x00,0x00,
    0x00,0x00,0x00,0x00,0x00,0x00,0x00,0x00,0x00,0x00,0x00,0x00,0x00,0x00,0x00,0x00,0x00,0x00,0x00,0x00,0x00,0x00,0x00,0x40,0x00,0x00,0x00,0x00,0x00,0x00,0x00,0x00,
    0x00,0x00,0x00,0x00,0x00,0x00,0x00,0x00,0x00,0x00,0x00,0x00,0x00,0x00,0x00,0x08,0x00,0x00,0x00,0x00,0x00,0x00,0x00,0x00,0x00,0x00,0x00,0x00,0x00,0x00,0x00,0x00,
    0x00,0x00,0x00,0x00,0x00,0x00,0x00,0x00,0x00,0x00,0x00,0x00,0x00,0x00,0x00,0x00,0x00,0x00,0x00,0x00,0x00,0x00,0x00,0x00,0x00,0x00,0x00,0x00,0x00,0x00,0x05,0xee
  },
  { // 351
    0x00,0x00,0x00,0x00,0x00,0x00,0x00,0x00,0x00,0x00,0x00,0x00,0x00,0x00,0x00,0x00,0x00,0x00,0x00,0x00,0x00,0x00,0x00,0x00,0x00,0x00,0x00,0x00,0x00,0x00,0x00,0x00,
    0x00,0x00,0x00,0x00,0x00,0x00,0x00,0x00,0x00,0x00,0x00,0x00,0x00,0x00,0x00,0x00,0x00,0x00,0x00,0x00,0x00,0x00,0x00,0x00,0x00,0x00,0x00,0x00,0x00,0x00,0x00,0x00,
    0x00,0x00,0x00,0x00,0x00,0x00,0x00,0x00,0x00,0x00,0x00,0x00,0x00,0x00,0x00,0x00,0x00,0x00,0x00,0x00,0x00,0x00,0x00,0x00,0x00,0x00,0x00,0x00,0x00,0x00,0x00,0x00,
    0x00,0x00,0x00,0x00,0x00,0x00,0x00,0x00,0x00,0x40,0x00,0x00,0x00,0x00,0x00,0x00,0x00,0x00,0x00,0x00,0x00,0x00,0x00,0x00,0x00,0x00,0x00,0x00,0x00,0x00,0xa2,0x73,
    0x00,0x00,0x00,0x00,0x00,0x00,0x00,0x00,0x00,0x00,0x00,0x00,0x00,0x00,0x00,0x00,0x00,0x00,0x00,0x00,0x00,0x00,0x00,0x00,0x00,0x00,0x00,0x00,0x00,0x00,0x00,0x00,
    0x00,0x00,0x00,0x00,0x00,0x00,0x00,0x00,0x00,0x00,0x00,0x00,0x00,0x00,0x00,0x00,0x00,0x00,0x00,0x00,0x00,0x00,0x00,0x00,0x00,0x00,0x00,0x00,0x00,0x00,0x00,0x00,
    0x00,0x00,0x00,0x00,0x00,0x00,0x00,0x00,0x00,0x00,0x00,0x00,0x00,0x00,0x00,0x00,0x00,0x00,0x00,0x00,0x00,0x00,0x00,0x00,0x00,0x00,0x00,0x00,0x00,0x00,0x00,0x00,
    0x00,0x00,0x00,0x00,0x00,0x00,0x00,0x00,0x20,0x00,0x00,0x10,0x30,0x10,0x30,0x70,0xf8,0x50,0xf0,0x70,0xe0,0x40,0xe0,0x40,0xea,0xc0,0xe8,0x50,0xfa,0xd1,0xfb,0x13,
    0x00,0x00,0x00,0x00,0x00,0x00,0x00,0x00,0x00,0x00,0x00,0x00,0x00,0x00,0x00,0x00,0x00,0x00,0x00,0x00,0x00,0x00,0x00,0x00,0x00,0x00,0x00,0x00,0x00,0x00,0x00,0x00,
    0x00,0x00,0x00,0x00,0x00,0x00,0x00,0x00,0x00,0x00,0x00,0x00,0x00,0x00,0x00,0x00,0x00,0x00,0x00,0x00,0x00,0x00,0x00,0x00,0x00,0x00,0x00,0x00,0x00,0x00,0x00,0x00,
    0x00,0x00,0x00,0x00,0x00,0x00,0x00,0x00,0x00,0x00,0x00,0x00,0x00,0x00,0x00,0x00,0x00,0x00,0x00,0x00,0x00,0x00,0x00,0x00,0x00,0x00,0x00,0x00,0x20,0x00,0x10,0x00,
    0x00,0x00,0x00,0x00,0x00,0x00,0x00,0x00,0x00,0x00,0x00,0x00,0x00,0x00,0x10,0x00,0x00,0x00,0x20,0x00,0x20,0x01,0x20,0x40,0xe2,0x45,0xeb,0x45,0xcf,0xcd,0xcf,0x17,
    0x00,0x00,0x00,0x00,0x00,0x00,0x00,0x00,0x00,0x00,0x00,0x00,0x00,0x00,0x00,0x00,0x00,0x00,0x00,0x00,0x00,0x00,0x00,0x00,0x00,0x00,0x00,0x00,0x00,0x00,0x00,0x00,
    0x00,0x00,0x00,0x00,0x00,0x00,0x00,0x00,0x00,0x00,0x00,0x00,0x00,0x00,0x00,0x00,0x00,0x00,0x00,0x00,0x00,0x00,0x00,0x00,0x00,0x00,0x00,0x00,0x00,0x00,0x00,0x00,
    0x00,0x00,0x00,0x00,0x00,0x00,0x00,0x00,0x00,0x00,0x00,0x00,0x00,0x00,0x00,0x00,0x00,0x00,0x00,0x00,0x00,0x00,0x00,0x00,0x00,0x00,0x00,0x00,0x00,0x40,0x00,0x00,
    0x00,0x00,0x00,0x00,0x00,0x00,0x00,0x00,0x00,0x00,0x00,0x00,0x00,0x00,0x00,0x00,0x00,0x00,0x00,0x00,0x00,0x00,0x00,0x00,0x00,0x00,0x00,0x00,0x00,0x01,0x03,0x57
  },
  { // 352
    0x00,0x00,0x00,0x00,0x00,0x00,0x00,0x00,0x00,0x00,0x00,0x00,0x00,0x00,0x00,0x00,0x00,0x00,0x00,0x00,0x00,0x00,0x00,0x00,0x00,0x00,0x00,0x00,0x00,0x00,0x00,0x00,
    0x00,0x00,0x00,0x00,0x00,0x00,0x00,0x00,0x00,0x00,0x00,0x00,0x00,0x00,0x00,0x00,0x00,0x00,0x00,0x00,0x00,0x00,0x00,0x00,0x00,0x00,0x00,0x00,0x00,0x00,0x00,0x00,
    0x00,0x00,0x00,0x00,0x00,0x00,0x00,0x00,0x00,0x00,0x00,0x00,0x00,0x00,0x00,0x00,0x00,0x00,0x00,0x00,0x00,0x00,0x00,0x00,0x00,0x00,0x00,0x00,0x00,0x00,0x00,0x00,
    0x00,0x00,0x00,0x00,0x00,0x00,0x00,0x00,0x00,0x00,0x00,0x00,0x00,0x00,0x00,0x00,0x00,0x00,0x00,0x00,0x00,0x00,0x00,0x00,0x00,0x00,0x00,0x00,0x00,0x00,0x10,0xf3,
    0x00,0x00,0x00,0x00,0x00,0x00,0x00,0x00,0x00,0x00,0x00,0x00,0x00,0x00,0x00,0x00,0x00,0x00,0x00,0x00,0x00,0x00,0x00,0x00,0x00,0x00,0x00,0x00,0x00,0x00,0x00,0x00,
    0x00,0x00,0x00,0x00,0x00,0x00,0x00,0x00,0x00,0x00,0x00,0x00,0x00,0x00,0x00,0x00,0x00,0x00,0x00,0x00,0x00,0x00,0x00,0x00,0x00,0x00,0x00,0x00,0x00,0x00,0x00,0x00,
    0x00,0x00,0x00,0x00,0x00,0x00,0x00,0x00,0x00,0x00,0x00,0x00,0x00,0x00,0x00,0x00,0x00,0x00,0x00,0x00,0x00,0x00,0x00,0x00,0x00,0x00,0x00,0x00,0x00,0x00,0x00,0x00,
    0x00,0x00,0x00,0x00,0x00,0x80,0x00,0x00,0x00,0x00,0x00,0x20,0x10,0x20,0x10,0x30,0x70,0xf8,0x50,0xf8,0x70,0xe8,0xc0,0xe8,0x52,0xe8,0xd0,0xf8,0x70,0xfa,0xd1,0xf3,
    0x00,0x00,0x00,0x00,0x00,0x00,0x00,0x00,0x00,0x00,0x00,0x00,0x00,0x00,0x00,0x00,0x00,0x00,0x00,0x00,0x00,0x00,0x00,0x00,0x00,0x00,0x00,0x00,0x00,0x00,0x00,0x00,
    0x00,0x00,0x00,0x00,0x00,0x00,0x00,0x00,0x00,0x00,0x00,0x00,0x00,0x00,0x00,0x00,0x00,0x00,0x00,0x00,0x00,0x00,0x00,0x00,0x00,0x00,0x00,0x00,0x00,0x00,0x00,0x00,
    0x00,0x00,0x00,0x00,0x00,0x00,0x00,0x00,0x00,0x00,0x00,0x00,0x00,0x00,0x00,0x00,0x00,0x00,0x00,0x00,0x00,0x00,0x00,0x00,0x00,0x00,0x00,0x00,0x00,0x20,0x00,0x10,
    0x00,0x00,0x00,0x00,0x00,0x00,0x00,0x00,0x00,0x00,0x20,0x00,0x00,0x00,0x00,0x10,0x00,0x20,0x00,0x20,0x00,0x20,0x40,0x20,0x40,0xc0,0xc1,0xcb,0x41,0xcb,0xdd,0xbf,
    0x00,0x00,0x00,0x00,0x00,0x00,0x00,0x00,0x00,0x00,0x00,0x00,0x00,0x00,0x00,0x00,0x00,0x00,0x00,0x00,0x00,0x00,0x00,0x00,0x00,0x00,0x00,0x00,0x00,0x00,0x00,0x00,
    0x00,0x00,0x00,0x00,0x00,0x00,0x00,0x00,0x00,0x00,0x00,0x00,0x00,0x00,0x00,0x00,0x00,0x00,0x00,0x00,0x00,0x00,0x00,0x00,0x00,0x00,0x00,0x00,0x00,0x00,0x00,0x00,
    0x00,0x00,0x00,0x00,0x00,0x00,0x00,0x00,0x00,0x00,0x00,0x00,0x00,0x00,0x00,0x00,0x00,0x00,0x00,0x00,0x00,0x00,0x00,0x00,0x00,0x00,0x00,0x00,0x00,0x00,0x40,0x00,
    0x00,0x00,0x00,0x00,0x00,0x00,0x00,0x00,0x00,0x00,0x00,0x00,0x00,0x00,0x00,0x00,0x00,0x00,0x00,0x00,0x00,0x00,0x00,0x00,0x00,0x00,0x00,0x00,0x00,0x01,0x05,0x9f
  },
  { // 353
    0x00,0x00,0x00,0x00,0x00,0x00,0x00,0x00,0x00,0x00,0x00,0x00,0x00,0x00,0x00,0x00,0x00,0x00,0x00,0x00,0x00,0x00,0x00,0x00,0x00,0x00,0x00,0x00,0x00,0x00,0x00,0x00,
    0x00,0x00,0x00,0x00,0x00,0x00,0x00,0x00,0x00,0x00,0x00,0x00,0x00,0x00,0x00,0x00,0x00,0x00,0x00,0x00,0x00,0x00,0x00,0x00,0x00,0x00,0x04,0x04,0x00,0x00,0x00,0x00,
    0x00,0x00,0x00,0x00,0x00,0x00,0x00,0x00,0x00,0x00,0x00,0x00,0x00,0x00,0x00,0x00,0x00,0x00,0x00,0x00,0x00,0x00,0x00,0x00,0x00,0x00,0x00,0x00,0x00,0x00,0x00,0x00,
    0x00,0x00,0x00,0x00,0x00,0x00,0x00,0x00,0x00,0x00,0x00,0x00,0x00,0x00,0x00,0x00,0x00,0x00,0x00,0x00,0x00,0x00,0x00,0x00,0x00,0x00,0x00,0x00,0x00,0x00,0xa2,0xd5,
    0x00,0x00,0x00,0x00,0x00,0x00,0x00,0x00,0x00,0x00,0x00,0x00,0x00,0x00,0x00,0x00,0x00,0x00,0x00,0x00,0x00,0x00,0x00,0x00,0x00,0x00,0x00,0x00,0x00,0x00,0x00,0x00,
    0x00,0x00,0x00,0x00,0x00,0x00,0x00,0x00,0x00,0x00,0x00,0x00,0x00,0x00,0x00,0x00,0x00,0x00,0x00,0x00,0x00,0x00,0x00,0x00,0x00,0x00,0x00,0x00,0x00,0x00,0x00,0x00,
    0x00,0x00,0x00,0x00,0x00,0x00,0x00,0x00,0x00,0x00,0x00,0x00,0x00,0x00,0x00,0x00,0x00,0x00,0x00,0x00,0x00,0x00,0x00,0x00,0x00,0x00,0x00,0x00,0x00,0x00,0x00,0x00,
    0x00,0x00,0x00,0x00,0x00,0x00,0x80,0x00,0x00,0x00,0x00,0x00,0x20,0x00,0x20,0x40,0x28,0x70,0xf8,0x58,0xf8,0x70,0xf8,0xd0,0xf8,0x52,0xf8,0xd0,0xf2,0x70,0xfb,0xd5,
    0x00,0x00,0x00,0x00,0x00,0x00,0x00,0x00,0x00,0x00,0x00,0x00,0x00,0x00,0x00,0x00,0x00,0x00,0x00,0x00,0x00,0x00,0x00,0x00,0x00,0x00,0x00,0x00,0x00,0x00,0x00,0x00,
    0x00,0x00,0x00,0x00,0x00,0x00,0x00,0x00,0x00,0x00,0x00,0x00,0x00,0x00,0x00,0x00,0x00,0x00,0x00,0x00,0x00,0x00,0x00,0x00,0x00,0x00,0x00,0x00,0x00,0x00,0x00,0x00,
    0x00,0x00,0x00,0x00,0x00,0x00,0x00,0x00,0x00,0x00,0x00,0x00,0x00,0x00,0x00,0x00,0x00,0x00,0x00,0x00,0x00,0x00,0x00,0x00,0x00,0x00,0x00,0x00,0x00,0x00,0x20,0x00,
    0x10,0x00,0x00,0x00,0x00,0x00,0x00,0x00,0x00,0x00,0x00,0x20,0x00,0x00,0x00,0x00,0x10,0x00,0x20,0x00,0x20,0x40,0x60,0x40,0xe0,0x41,0xc9,0xc1,0xeb,0x51,0xfb,0xd5,
    0x00,0x00,0x00,0x00,0x00,0x00,0x00,0x00,0x00,0x00,0x00,0x00,0x00,0x00,0x00,0x00,0x00,0x00,0x00,0x00,0x00,0x00,0x00,0x00,0x00,0x00,0x00,0x00,0x00,0x00,0x00,0x00,
    0x00,0x00,0x00,0x00,0x00,0x00,0x00,0x00,0x00,0x00,0x00,0x00,0x00,0x00,0x00,0x00,0x00,0x00,0x00,0x00,0x00,0x00,0x00,0x00,0x00,0x00,0x00,0x00,0x00,0x00,0x00,0x00,
    0x00,0x00,0x00,0x00,0x00,0x00,0x00,0x00,0x00,0x00,0x00,0x00,0x00,0x00,0x00,0x00,0x00,0x00,0x00,0x00,0x00,0x00,0x00,0x00,0x00,0x00,0x00,0x00,0x00,0x00,0x00,0x00,
    0x00,0x00,0x00,0x00,0x00,0x00,0x00,0x00,0x00,0x00,0x00,0x00,0x00,0x00,0x00,0x00,0x00,0x00,0x00,0x00,0x00,0x00,0x00,0x00,0x00,0x00,0x00,0x00,0x00,0x01,0x83,0xdd
  },
  { // 354
    0x00,0x00,0x00,0x00,0x00,0x00,0x00,0x00,0x00,0x00,0x00,0x00,0x00,0x00,0x00,0x00,0x00,0x00,0x00,0x00,0x00,0x00,0x00,0x00,0x00,0x00,0x00,0x00,0x00,0x00,0x00,0x00,
    0x00,0x00,0x00,0x00,0x00,0x00,0x00,0x00,0x00,0x00,0x00,0x00,0x00,0x00,0x00,0x00,0x00,0x00,0x00,0x00,0x00,0x00,0x00,0x00,0x00,0x00,0x00,0x00,0x00,0x00,0x00,0x00,
    0x00,0x00,0x00,0x00,0x00,0x00,0x00,0x00,0x00,0x20,0x00,0x00,0x00,0x00,0x00,0x00,0x00,0x00,0x00,0x00,0x00,0x00,0x00,0x00,0x00,0x00,0x00,0x00,0x00,0x00,0x00,0x00,
    0x00,0x00,0x00,0x00,0x00,0x00,0x00,0x00,0x00,0x00,0x00,0x00,0x00,0x00,0x00,0x00,0x00,0x00,0x00,0x00,0x00,0x00,0x00,0x00,0x00,0x00,0x00,0x00,0x00,0x00,0x10,0xfe,
    0x00,0x00,0x00,0x00,0x00,0x00,0x00,0x00,0x00,0x00,0x00,0x00,0x00,0x00,0x00,0x00,0x00,0x00,0x00,0x00,0x00,0x00,0x00,0x00,0x00,0x00,0x00,0x00,0x00,0x00,0x00,0x00,
    0x00,0x00,0x00,0x00,0x00,0x00,0x00,0x00,0x00,0x00,0x00,0x00,0x00,0x00,0x00,0x00,0x00,0x00,0x00,0x00,0x00,0x00,0x00,0x00,0x00,0x00,0x00,0x00,0x00,0x00,0x00,0x00,
    0x00,0x00,0x00,0x00,0x00,0x00,0x00,0x00,0x00,0x00,0x00,0x00,0x00,0x00,0x00,0x00,0x00,0x00,0x00,0x00,0x00,0x00,0x00,0x00,0x00,0x00,0x00,0x00,0x00,0x00,0x00,0x00,
    0x00,0x00,0x00,0x00,0x00,0x00,0x00,0x00,0x00,0x00,0x00,0x20,0x00,0x20,0x00,0x28,0x40,0x28,0x50,0xf8,0x58,0xf8,0x70,0xf8,0xd0,0xb8,0x70,0xf8,0xd0,0xf2,0x73,0xf7,
    0x00,0x00,0x00,0x00,0x00,0x00,0x00,0x00,0x00,0x00,0x00,0x00,0x00,0x00,0x00,0x00,0x00,0x00,0x00,0x00,0x00,0x00,0x00,0x00,0x00,0x00,0x00,0x00,0x00,0x00,0x00,0x00,
    0x00,0x00,0x00,0x00,0x00,0x00,0x00,0x00,0x00,0x00,0x00,0x00,0x00,0x00,0x00,0x00,0x00,0x00,0x00,0x00,0x00,0x00,0x00,0x00,0x00,0x00,0x00,0x00,0x00,0x00,0x00,0x00,
    0x00,0x00,0x00,0x00,0x00,0x00,0x00,0x00,0x00,0x00,0x00,0x00,0x00,0x00,0x00,0x00,0x00,0x00,0x00,0x00,0x00,0x00,0x00,0x00,0x00,0x00,0x00,0x00,0x00,0x00,0x00,0x00,
    0x10,0x00,0x00,0x00,0x00,0x00,0x00,0x00,0x00,0x00,0x00,0x00,0x40,0x00,0x00,0x00,0x00,0x20,0x00,0x20,0x40,0x28,0x40,0x68,0x40,0xe8,0x51,0xe9,0xd1,0xf3,0x73,0xfb,
    0x00,0x00,0x00,0x00,0x00,0x00,0x00,0x00,0x00,0x00,0x00,0x00,0x00,0x00,0x00,0x00,0x00,0x00,0x00,0x00,0x00,0x00,0x00,0x00,0x00,0x00,0x00,0x00,0x00,0x00,0x00,0x00,
    0x00,0x00,0x00,0x00,0x00,0x00,0x00,0x00,0x00,0x00,0x00,0x00,0x00,0x00,0x00,0x04,0x04,0x00,0x00,0x00,0x00,0x00,0x00,0x00,0x00,0x00,0x10,0x00,0x00,0x00,0x00,0x00,
    0x00,0x00,0x00,0x00,0x00,0x00,0x00,0x00,0x00,0x00,0x00,0x00,0x00,0x00,0x00,0x00,0x00,0x00,0x00,0x00,0x00,0x00,0x00,0x00,0x00,0x00,0x00,0x00,0x00,0x00,0x00,0x00,
    0x00,0x00,0x00,0x00,0x00,0x00,0x00,0x00,0x00,0x00,0x00,0x00,0x00,0x00,0x00,0x00,0x00,0x00,0x00,0x00,0x00,0x00,0x00,0x00,0x00,0x00,0x00,0x00,0x00,0x01,0x01,0xff
  },
  { // 355
    0x00,0x00,0x00,0x00,0x00,0x00,0x00,0x00,0x00,0x00,0x00,0x00,0x00,0x00,0x00,0x00,0x00,0x00,0x00,0x00,0x00,0x00,0x00,0x00,0x00,0x00,0x00,0x00,0x00,0x00,0x00,0x00,
    0x00,0x00,0x00,0x00,0x00,0x00,0x00,0x00,0x00,0x00,0x00,0x00,0x00,0x00,0x00,0x00,0x00,0x00,0x00,0x00,0x00,0x00,0x00,0x00,0x00,0x00,0x00,0x00,0x00,0x00,0x00,0x00,
    0x00,0x00,0x00,0x00,0x00,0x00,0x00,0x00,0x20,0x00,0x00,0x00,0x00,0x00,0x00,0x00,0x00,0x00,0x00,0x00,0x00,0x00,0x00,0x00,0x00,0x00,0x00,0x00,0x00,0x00,0x00,0x00,
    0x00,0x00,0x00,0x00,0x00,0x00,0x00,0x00,0x00,0x00,0x00,0x00,0x00,0x00,0x00,0x00,0x00,0x00,0x00,0x00,0x00,0x00,0x00,0x00,0x00,0x00,0x00,0x00,0x00,0x00,0x28,0x74,
    0x00,0x00,0x00,0x00,0x00,0x00,0x00,0x00,0x00,0x00,0x00,0x00,0x00,0x00,0x00,0x00,0x00,0x00,0x00,0x00,0x00,0x00,0x00,0x00,0x00,0x00,0x00,0x00,0x00,0x00,0x00,0x00,
    0x00,0x00,0x00,0x00,0x00,0x00,0x00,0x00,0x00,0x00,0x00,0x00,0x00,0x00,0x00,0x00,0x00,0x00,0x00,0x00,0x00,0x00,0x00,0x00,0x00,0x00,0x00,0x00,0x00,0x00,0x00,0x00,
    0x00,0x00,0x00,0x00,0x00,0x00,0x00,0x00,0x00,0x00,0x00,0x00,0x00,0x00,0x00,0x00,0x00,0x00,0x00,0x00,0x00,0x00,0x00,0x00,0x00,0x00,0x00,0x00,0x00,0x00,0x00,0x00,
    0x00,0x00,0x00,0x00,0x00,0x00,0x00,0x00,0x00,0x00,0x20,0x00,0x20,0x00,0x00,0x00,0x08,0x00,0x28,0x50,0xf8,0xd8,0xb8,0x70,0xf8,0x52,0xb8,0xf0,0xf0,0x50,0xf2,0x74,
    0x00,0x00,0x00,0x00,0x00,0x00,0x00,0x00,0x00,0x00,0x00,0x00,0x00,0x00,0x00,0x00,0x00,0x00,0x00,0x00,0x00,0x00,0x00,0x00,0x00,0x00,0x00,0x00,0x00,0x00,0x00,0x00,
    0x00,0x00,0x00,0x00,0x00,0x00,0x00,0x00,0x00,0x00,0x00,0x00,0x00,0x00,0x00,0x00,0x00,0x00,0x00,0x00,0x00,0x00,0x00,0x00,0x00,0x00,0x00,0x00,0x00,0x00,0x00,0x00,
    0x00,0x00,0x00,0x00,0x00,0x00,0x00,0x00,0x00,0x00,0x00,0x00,0x00,0x00,0x00,0x00,0x00,0x00,0x00,0x00,0x00,0x00,0x00,0x00,0x00,0x00,0x00,0x00,0x00,0x00,0x00,0x00,
    0x00,0x00,0x00,0x00,0x00,0x00,0x00,0x00,0x00,0x00,0x00,0x00,0x40,0x00,0x00,0x00,0x00,0x00,0x20,0x00,0x28,0x50,0x38,0x50,0xf8,0x50,0xb8,0x51,0xf1,0xd1,0xf3,0x73,
    0x00,0x00,0x00,0x00,0x00,0x00,0x00,0x00,0x00,0x00,0x00,0x00,0x00,0x00,0x00,0x00,0x00,0x00,0x00,0x00,0x00,0x00,0x00,0x00,0x00,0x00,0x00,0x00,0x00,0x00,0x00,0x00,
    0x00,0x00,0x00,0x00,0x00,0x00,0x00,0x00,0x00,0x00,0x00,0x00,0x00,0x00,0x00,0x00,0x00,0x00,0x00,0x00,0x00,0x00,0x00,0x00,0x00,0x00,0x00,0x00,0x00,0x00,0x20,0x00,
    0x00,0x00,0x00,0x00,0x00,0x00,0x00,0x00,0x00,0x00,0x00,0x00,0x00,0x00,0x00,0x00,0x00,0x00,0x00,0x00,0x00,0x04,0x04,0x00,0x00,0x00,0x00,0x00,0x00,0x00,0x00,0x00,
    0x00,0x00,0x00,0x00,0x00,0x00,0x00,0x00,0x00,0x00,0x00,0x00,0x00,0x00,0x00,0x00,0x00,0x00,0x00,0x00,0x00,0x00,0x00,0x00,0x00,0x00,0x00,0x00,0x00,0x00,0x81,0x53
  },
  { // 356
    0x00,0x00,0x00,0x00,0x00,0x00,0x00,0x00,0x00,0x00,0x00,0x00,0x00,0x00,0x00,0x00,0x00,0x00,0x00,0x00,0x00,0x00,0x00,0x00,0x00,0x00,0x00,0x00,0x00,0x00,0x00,0x00,
    0x00,0x00,0x00,0x00,0x00,0x00,0x00,0x00,0x00,0x00,0x00,0x00,0x00,0x00,0x00,0x00,0x00,0x00,0x00,0x00,0x00,0x00,0x00,0x00,0x00,0x00,0x00,0x00,0x00,0x00,0x00,0x00,
    0x00,0x00,0x00,0x00,0x00,0x00,0x00,0x00,0x00,0x00,0x00,0x00,0x00,0x00,0x00,0x00,0x00,0x00,0x00,0x00,0x00,0x00,0x00,0x00,0x00,0x00,0x00,0x00,0x00,0x00,0x00,0x00,
    0x00,0x00,0x00,0x00,0x00,0x00,0x00,0x00,0x00,0x00,0x00,0x00,0x00,0x00,0x00,0x20,0x00,0x00,0x00,0x00,0x00,0x00,0x00,0x00,0x00,0x00,0x00,0x00,0x00,0x00,0x04,0xfc,
    0x00,0x00,0x00,0x00,0x00,0x00,0x00,0x00,0x00,0x00,0x00,0x00,0x00,0x00,0x00,0x00,0x00,0x00,0x00,0x00,0x00,0x00,0x00,0x00,0x00,0x00,0x00,0x00,0x00,0x00,0x00,0x00,
    0x00,0x00,0x00,0x00,0x00,0x00,0x00,0x00,0x00,0x00,0x00,0x00,0x00,0x00,0x00,0x00,0x00,0x00,0x00,0x00,0x00,0x00,0x00,0x00,0x00,0x00,0x00,0x00,0x00,0x00,0x00,0x00,
    0x00,0x00,0x00,0x00,0x00,0x00,0x00,0x00,0x00,0x00,0x00,0x00,0x00,0x00,0x00,0x00,0x00,0x00,0x00,0x00,0x00,0x00,0x00,0x00,0x00,0x00,0x00,0x00,0x00,0x00,0x00,0x00,
    0x00,0x00,0x00,0x00,0x00,0x00,0x00,0x00,0x00,0x00,0x00,0x00,0x00,0x10,0x00,0x08,0x00,0x08,0x10,0x18,0x10,0xb8,0x98,0xb8,0x30,0xb8,0x52,0x3a,0xf0,0xf8,0x54,0xfa,
    0x00,0x00,0x00,0x00,0x00,0x00,0x00,0x00,0x00,0x00,0x00,0x00,0x00,0x00,0x00,0x00,0x00,0x00,0x00,0x00,0x00,0x00,0x00,0x00,0x00,0x00,0x00,0x00,0x00,0x00,0x00,0x00,
    0x00,0x00,0x00,0x00,0x00,0x00,0x00,0x00,0x00,0x00,0x00,0x00,0x00,0x00,0x00,0x00,0x00,0x00,0x00,0x00,0x00,0x00,0x00,0x00,0x00,0x00,0x00,0x00,0x00,0x00,0x00,0x00,
    0x00,0x00,0x00,0x00,0x00,0x00,0x00,0x00,0x00,0x00,0x00,0x00,0x00,0x00,0x00,0x00,0x00,0x00,0x00,0x00,0x00,0x00,0x00,0x00,0x00,0x00,0x00,0x00,0x00,0x00,0x00,0x00,
    0x00,0x00,0x00,0x00,0x00,0x00,0x00,0x00,0x00,0x00,0x00,0x00,0x00,0x40,0x00,0x00,0x00,0x00,0x00,0x28,0x10,0x38,0x58,0x38,0x51,0xf8,0x50,0xb0,0x70,0xf2,0xd0,0xf2,
    0x00,0x00,0x00,0x00,0x00,0x00,0x00,0x00,0x00,0x00,0x00,0x00,0x00,0x00,0x00,0x00,0x00,0x00,0x00,0x00,0x00,0x00,0x00,0x00,0x00,0x00,0x00,0x00,0x00,0x00,0x00,0x00,
    0x00,0x00,0x00,0x00,0x00,0x00,0x00,0x00,0x00,0x00,0x00,0x00,0x00,0x00,0x00,0x00,0x00,0x00,0x00,0x00,0x00,0x00,0x00,0x00,0x00,0x00,0x00,0x00,0x00,0x00,0x00,0x00,
    0x00,0x00,0x00,0x00,0x00,0x00,0x00,0x00,0x00,0x00,0x00,0x00,0x00,0x00,0x00,0x00,0x00,0x00,0x00,0x00,0x00,0x00,0x00,0x00,0x00,0x00,0x00,0x00,0x00,0x00,0x00,0x00,
    0x00,0x00,0x00,0x20,0x20,0x00,0x00,0x00,0x00,0x00,0x00,0x00,0x00,0x00,0x00,0x00,0x00,0x00,0x00,0x00,0x00,0x00,0x00,0x00,0x00,0x00,0x00,0x00,0x00,0x00,0x01,0xb3
  },
  { // 357
    0x00,0x00,0x00,0x00,0x00,0x00,0x00,0x00,0x00,0x00,0x00,0x00,0x00,0x00,0x00,0x00,0x00,0x00,0x00,0x00,0x00,0x00,0x00,0x00,0x00,0x00,0x00,0x00,0x00,0x00,0x00,0x00,
    0x00,0x00,0x00,0x00,0x00,0x00,0x00,0x00,0x00,0x00,0x00,0x00,0x00,0x00,0x00,0x00,0x00,0x00,0x00,0x00,0x00,0x00,0x00,0x00,0x00,0x00,0x00,0x00,0x00,0x00,0x00,0x00,
    0x00,0x00,0x00,0x00,0x00,0x00,0x00,0x00,0x00,0x00,0x00,0x00,0x00,0x00,0x00,0x00,0x00,0x00,0x00,0x00,0x00,0x00,0x00,0x00,0x00,0x00,0x00,0x00,0x00,0x00,0x00,0x00,
    0x00,0x00,0x00,0x00,0x00,0x00,0x00,0x00,0x00,0x00,0x00,0x00,0x00,0x00,0x00,0x00,0x00,0x00,0x00,0x00,0x00,0x00,0x00,0x00,0x00,0x00,0x00,0x00,0x00,0x00,0x08,0x5c,
    0x00,0x00,0x00,0x00,0x00,0x00,0x00,0x00,0x00,0x00,0x00,0x00,0x00,0x00,0x00,0x00,0x00,0x00,0x00,0x00,0x00,0x00,0x00,0x00,0x00,0x00,0x00,0x00,0x00,0x00,0x00,0x00,
    0x00,0x00,0x00,0x00,0x00,0x00,0x00,0x00,0x00,0x00,0x00,0x00,0x00,0x00,0x00,0x00,0x00,0x00,0x00,0x00,0x00,0x00,0x00,0x00,0x00,0x00,0x00,0x00,0x00,0x00,0x00,0x00,
    0x00,0x00,0x00,0x00,0x00,0x00,0x00,0x00,0x00,0x00,0x00,0x00,0x00,0x00,0x00,0x00,0x00,0x00,0x00,0x00,0x00,0x00,0x00,0x00,0x00,0x00,0x00,0x00,0x00,0x00,0x00,0x00,
    0x00,0x00,0x00,0x00,0x00,0x00,0x00,0x00,0x00,0x00,0x00,0x00,0x00,0x00,0x18,0x00,0x08,0x00,0x08,0x10,0x18,0x10,0xb8,0x9c,0x3a,0xf4,0x7e,0x54,0x7e,0x74,0xfc,0x54,
    0x00,0x00,0x00,0x00,0x00,0x00,0x00,0x00,0x00,0x00,0x00,0x00,0x00,0x00,0x00,0x00,0x00,0x00,0x00,0x00,0x00,0x00,0x00,0x00,0x00,0x00,0x00,0x00,0x00,0x00,0x00,0x00,
    0x00,0x00,0x00,0x00,0x00,0x00,0x00,0x00,0x00,0x00,0x00,0x00,0x00,0x00,0x00,0x00,0x00,0x00,0x00,0x00,0x00,0x00,0x00,0x00,0x00,0x00,0x00,0x00,0x00,0x00,0x00,0x00,
    0x00,0x00,0x00,0x00,0x00,0x00,0x00,0x00,0x00,0x00,0x00,0x00,0x00,0x00,0x00,0x00,0x00,0x00,0x00,0x00,0x00,0x00,0x00,0x00,0x00,0x00,0x00,0x00,0x00,0x00,0x00,0x00,
    0x00,0x00,0x10,0x00,0x00,0x00,0x00,0x00,0x00,0x00,0x00,0x00,0x00,0x00,0x40,0x00,0x00,0x00,0x08,0x00,0x08,0x10,0x38,0x18,0x3a,0x30,0xba,0x50,0xf2,0x70,0xf2,0x50,
    0x00,0x00,0x00,0x00,0x00,0x00,0x00,0x00,0x00,0x00,0x00,0x00,0x00,0x00,0x00,0x00,0x00,0x00,0x00,0x00,0x00,0x00,0x00,0x00,0x00,0x00,0x00,0x00,0x00,0x00,0x00,0x00,
    0x00,0x00,0x00,0x00,0x00,0x00,0x00,0x00,0x00,0x00,0x00,0x00,0x00,0x00,0x00,0x00,0x00,0x00,0x00,0x00,0x00,0x00,0x00,0x00,0x00,0x00,0x00,0x00,0x00,0x00,0x00,0x00,
    0x00,0x00,0x00,0x00,0x00,0x00,0x00,0x00,0x00,0x00,0x00,0x00,0x00,0x00,0x00,0x00,0x00,0x00,0x00,0x00,0x00,0x00,0x00,0x00,0x00,0x00,0x00,0x00,0x00,0x00,0x00,0x00,
    0x00,0x00,0x00,0x00,0x20,0x00,0x00,0x00,0x00,0x00,0x00,0x00,0x00,0x00,0x00,0x00,0x00,0x00,0x00,0x00,0x00,0x00,0x00,0x00,0x00,0x00,0x00,0x00,0x00,0x00,0x80,0xd1
  },
  { // 358
    0x00,0x00,0x00,0x00,0x00,0x00,0x00,0x00,0x00,0x00,0x00,0x00,0x00,0x00,0x00,0x00,0x00,0x00,0x00,0x00,0x00,0x00,0x00,0x00,0x00,0x00,0x00,0x00,0x00,0x00,0x00,0x00,
    0x00,0x00,0x00,0x00,0x00,0x00,0x00,0x00,0x00,0x00,0x00,0x00,0x00,0x00,0x00,0x00,0x00,0x00,0x00,0x00,0x00,0x00,0x00,0x00,0x00,0x00,0x00,0x00,0x00,0x00,0x00,0x00,
    0x00,0x02,0x00,0x00,0x00,0x00,0x00,0x00,0x00,0x00,0x00,0x00,0x00,0x00,0x00,0x00,0x00,0x00,0x00,0x00,0x00,0x00,0x00,0x00,0x00,0x00,0x00,0x00,0x00,0x00,0x00,0x00,
    0x00,0x00,0x00,0x00,0x00,0x00,0x00,0x00,0x00,0x00,0x00,0x00,0x00,0x00,0x00,0x00,0x00,0x00,0x00,0x00,0x00,0x00,0x00,0x00,0x00,0x00,0x00,0x00,0x00,0x00,0x04,0xfc,
    0x00,0x00,0x00,0x00,0x00,0x00,0x00,0x00,0x00,0x00,0x00,0x00,0x00,0x00,0x00,0x00,0x00,0x00,0x00,0x00,0x00,0x00,0x00,0x00,0x00,0x00,0x00,0x00,0x00,0x00,0x00,0x00,
    0x00,0x00,0x00,0x00,0x00,0x00,0x00,0x00,0x00,0x00,0x00,0x00,0x00,0x00,0x00,0x00,0x00,0x00,0x00,0x00,0x00,0x00,0x00,0x00,0x00,0x00,0x00,0x00,0x00,0x00,0x00,0x00,
    0x00,0x00,0x00,0x00,0x00,0x00,0x00,0x00,0x00,0x00,0x00,0x00,0x00,0x00,0x00,0x00,0x00,0x00,0x00,0x00,0x00,0x00,0x00,0x00,0x00,0x00,0x00,0x00,0x00,0x00,0x00,0x00,
    0x00,0x00,0x00,0x00,0x00,0x00,0x00,0x00,0x00,0x00,0x00,0x00,0x00,0x00,0x10,0x08,0x00,0x08,0x00,0x08,0x10,0x38,0x14,0xbc,0x1c,0xbe,0x74,0x7e,0x5c,0x7c,0x74,0xfc,
    0x00,0x00,0x00,0x00,0x00,0x00,0x00,0x00,0x00,0x00,0x00,0x00,0x00,0x00,0x00,0x00,0x00,0x00,0x00,0x00,0x00,0x00,0x00,0x00,0x00,0x00,0x00,0x00,0x00,0x00,0x00,0x00,
    0x00,0x00,0x00,0x00,0x00,0x00,0x00,0x00,0x00,0x00,0x00,0x00,0x00,0x00,0x00,0x00,0x00,0x00,0x00,0x00,0x00,0x00,0x00,0x00,0x00,0x00,0x00,0x00,0x00,0x00,0x00,0x00,
    0x00,0x00,0x00,0x00,0x00,0x00,0x00,0x00,0x00,0x00,0x00,0x00,0x00,0x00,0x00,0x00,0x00,0x00,0x00,0x00,0x00,0x00,0x00,0x00,0x00,0x00,0x00,0x00,0x00,0x00,0x00,0x00,
    0x00,0x00,0x10,0x00,0x00,0x00,0x00,0x00,0x00,0x00,0x00,0x00,0x00,0x00,0x40,0x08,0x00,0x08,0x00,0x08,0x10,0x18,0x10,0x3a,0x1c,0x3a,0x74,0x7e,0x54,0x7a,0x70,0xe8,
    0x00,0x00,0x00,0x00,0x00,0x00,0x00,0x00,0x00,0x00,0x00,0x00,0x00,0x00,0x00,0x00,0x00,0x00,0x00,0x00,0x00,0x00,0x00,0x00,0x00,0x00,0x00,0x00,0x00,0x00,0x00,0x00,
    0x00,0x00,0x00,0x00,0x00,0x00,0x00,0x00,0x00,0x00,0x00,0x00,0x00,0x00,0x00,0x00,0x00,0x00,0x00,0x00,0x00,0x00,0x00,0x00,0x00,0x00,0x00,0x00,0x00,0x00,0x00,0x00,
    0x00,0x00,0x00,0x00,0x00,0x00,0x00,0x00,0x00,0x00,0x00,0x00,0x00,0x00,0x00,0x00,0x00,0x00,0x00,0x00,0x00,0x00,0x00,0x00,0x00,0x00,0x00,0x00,0x00,0x00,0x00,0x00,
    0x00,0x00,0x00,0x00,0x00,0x00,0x00,0x00,0x00,0x00,0x00,0x00,0x00,0x00,0x00,0x00,0x00,0x00,0x00,0x00,0x00,0x00,0x00,0x00,0x00,0x00,0x00,0x00,0x00,0x00,0x00,0xe2
  },
  { // 359
    0x00,0x00,0x00,0x00,0x00,0x00,0x00,0x00,0x00,0x00,0x00,0x00,0x00,0x00,0x00,0x00,0x00,0x00,0x00,0x00,0x00,0x00,0x00,0x00,0x00,0x00,0x00,0x00,0x00,0x00,0x00,0x00,
    0x00,0x00,0x00,0x00,0x00,0x00,0x00,0x00,0x00,0x00,0x00,0x00,0x00,0x00,0x00,0x00,0x00,0x00,0x00,0x00,0x40,0x00,0x00,0x00,0x00,0x00,0x00,0x00,0x00,0x00,0x00,0x00,
    0x00,0x00,0x00,0x00,0x00,0x00,0x00,0x00,0x00,0x00,0x00,0x00,0x00,0x00,0x00,0x10,0x00,0x00,0x00,0x00,0x00,0x00,0x00,0x00,0x00,0x00,0x00,0x00,0x00,0x00,0x00,0x00,
    0x00,0x00,0x00,0x00,0x00,0x00,0x00,0x00,0x00,0x00,0x00,0x00,0x00,0x00,0x00,0x00,0x00,0x00,0x00,0x00,0x00,0x00,0x00,0x00,0x00,0x00,0x00,0x00,0x00,0x00,0x08,0x15,
    0x00,0x00,0x00,0x00,0x00,0x00,0x00,0x00,0x00,0x00,0x00,0x00,0x00,0x00,0x00,0x00,0x00,0x00,0x00,0x00,0x00,0x00,0x00,0x00,0x00,0x00,0x00,0x00,0x00,0x00,0x00,0x00,
    0x00,0x00,0x00,0x00,0x00,0x00,0x00,0x00,0x00,0x00,0x00,0x00,0x00,0x00,0x00,0x00,0x00,0x00,0x00,0x00,0x00,0x00,0x00,0x00,0x00,0x00,0x00,0x00,0x00,0x00,0x00,0x00,
    0x00,0x00,0x00,0x00,0x00,0x00,0x00,0x00,0x00,0x00,0x00,0x00,0x00,0x00,0x00,0x00,0x00,0x00,0x00,0x00,0x00,0x00,0x00,0x00,0x00,0x00,0x00,0x00,0x00,0x00,0x00,0x00,
    0x00,0x00,0x00,0x00,0x00,0x00,0x00,0x00,0x00,0x00,0x00,0x00,0x00,0x00,0x00,0x10,0x08,0x00,0x00,0x00,0x08,0x00,0x28,0x34,0xbe,0x5c,0x7e,0x74,0xfe,0x5c,0xfc,0x74,
    0x00,0x00,0x00,0x00,0x00,0x00,0x00,0x00,0x00,0x00,0x00,0x00,0x00,0x00,0x00,0x00,0x00,0x00,0x00,0x00,0x00,0x00,0x00,0x00,0x00,0x00,0x00,0x00,0x00,0x00,0x00,0x00,
    0x00,0x00,0x00,0x00,0x00,0x00,0x00,0x00,0x00,0x00,0x00,0x00,0x00,0x00,0x00,0x00,0x00,0x00,0x00,0x00,0x00,0x00,0x00,0x00,0x00,0x00,0x00,0x00,0x00,0x00,0x00,0x00,
    0x00,0x00,0x00,0x00,0x00,0x00,0x00,0x00,0x00,0x00,0x00,0x00,0x00,0x00,0x00,0x00,0x00,0x00,0x00,0x00,0x00,0x00,0x00,0x00,0x00,0x00,0x00,0x00,0x00,0x00,0x00,0x00,
    0x00,0x00,0x00,0x10,0x00,0x00,0x00,0x00,0x00,0x00,0x00,0x00,0x00,0x00,0x00,0x40,0x08,0x00,0x08,0x00,0x08,0x30,0x3a,0x10,0x3e,0x1c,0x3e,0x74,0x7e,0x5c,0xfe,0x74,
    0x00,0x00,0x00,0x00,0x00,0x00,0x00,0x00,0x00,0x00,0x00,0x00,0x00,0x00,0x00,0x00,0x00,0x00,0x00,0x00,0x00,0x00,0x00,0x00,0x00,0x00,0x00,0x00,0x00,0x00,0x00,0x00,
    0x00,0x00,0x00,0x00,0x00,0x00,0x00,0x00,0x00,0x00,0x00,0x00,0x00,0x00,0x00,0x00,0x00,0x00,0x00,0x00,0x00,0x00,0x02,0x00,0x00,0x00,0x00,0x00,0x00,0x00,0x00,0x00,
    0x00,0x08,0x00,0x00,0x00,0x00,0x00,0x00,0x00,0x00,0x00,0x00,0x00,0x00,0x00,0x00,0x00,0x00,0x00,0x00,0x00,0x00,0x00,0x00,0x00,0x00,0x00,0x00,0x00,0x00,0x00,0x00,
    0x00,0x00,0x00,0x00,0x00,0x00,0x00,0x00,0x00,0x00,0x00,0x00,0x00,0x00,0x00,0x00,0x00,0x00,0x00,0x00,0x00,0x00,0x00,0x00,0x00,0x00,0x00,0x00,0x00,0x00,0xa0,0x70
  }
};
