// 万華鏡 (32x128) 90 frames @ 15fps — SSD1306 128x32 native page format
#pragma once
#define ANIM_KALEIDO_FRAMES 90
const uint8_t PROGMEM anim_kaleido[ANIM_KALEIDO_FRAMES][512] = {
  { // 0
    0x00,0x00,0x00,0x00,0x00,0x00,0x00,0x00,0x00,0x00,0x00,0x00,0x00,0x00,0x00,0x00,0x00,0x00,0x00,0x00,0x04,0x00,0x00,0x00,0x00,0x00,0x00,0x00,0x00,0x00,0x80,0x00,
    0x00,0x00,0x00,0x00,0x10,0x01,0x00,0x00,0x00,0x00,0x03,0x0c,0x18,0x30,0x60,0x40,0x80,0x80,0x00,0x00,0x01,0x01,0x02,0x04,0x18,0x60,0x80,0x07,0x0c,0x30,0x60,0x30,
    0x0c,0x07,0x80,0x60,0x18,0x04,0x02,0x01,0x01,0x00,0x00,0x80,0x80,0x40,0x60,0x30,0x18,0x0c,0x03,0x00,0x00,0x00,0x00,0x01,0x10,0x00,0x00,0x00,0x00,0x00,0x00,0x00,
    0x00,0x00,0x00,0x00,0x00,0x00,0x00,0x00,0x00,0x00,0x00,0x00,0x00,0x00,0x00,0x00,0x00,0x00,0x00,0x00,0x00,0x00,0x80,0x00,0x00,0x00,0x00,0x00,0x00,0x00,0x00,0x00,
    0x00,0x00,0x00,0x00,0x00,0x20,0x00,0x00,0x00,0x04,0x00,0x00,0xc0,0x30,0x1a,0x30,0xc0,0x00,0x00,0x04,0x00,0x00,0x00,0x20,0x00,0x00,0x00,0x00,0x00,0x01,0x03,0x01,
    0x00,0x00,0x00,0x11,0x00,0x00,0x00,0x00,0x00,0x00,0x00,0x00,0x00,0x80,0xc0,0x44,0x20,0x20,0x11,0x11,0x11,0x11,0x11,0x11,0x11,0xd1,0x31,0x11,0x00,0x84,0xce,0x84,
    0x00,0x11,0x31,0xd1,0x11,0x11,0x11,0x11,0x11,0x11,0x11,0x20,0x20,0x40,0xc4,0x80,0x00,0x00,0x00,0x00,0x00,0x00,0x00,0x00,0x00,0x11,0x00,0x00,0x00,0x00,0x00,0x00,
    0x00,0x00,0x00,0x00,0x00,0x00,0x00,0x20,0x00,0x00,0x00,0x00,0x08,0x00,0x00,0x00,0x04,0x80,0x40,0x20,0x60,0x89,0x03,0x01,0x00,0x20,0x00,0x00,0x00,0x00,0x00,0x00,
    0x00,0x00,0x40,0x02,0x00,0x0c,0x1e,0x32,0x22,0xa6,0x3c,0x1a,0x81,0x23,0x74,0x23,0x81,0x1a,0x3c,0xa6,0x22,0x32,0x1e,0x0c,0x00,0x02,0x40,0x00,0x00,0x00,0x00,0x00,
    0x00,0x00,0x00,0x00,0x01,0x10,0x00,0x00,0x40,0xe0,0x98,0x86,0x83,0x81,0xc0,0x40,0x40,0x40,0x40,0x20,0x30,0x10,0x88,0x04,0x03,0x00,0xe0,0x1c,0x06,0x01,0x00,0x01,
    0x06,0x1c,0xe0,0x00,0x03,0x04,0x88,0x10,0x30,0x20,0x40,0x40,0x40,0x40,0xc0,0x81,0x83,0x86,0x98,0xe0,0x40,0x80,0x00,0x10,0x01,0x00,0x00,0x00,0x00,0x00,0x00,0x00,
    0x00,0x00,0x10,0x00,0x01,0x04,0x1e,0x76,0x44,0xc4,0x84,0x88,0xb0,0xc0,0x04,0x00,0x1f,0x71,0x30,0x10,0x0c,0x07,0xa0,0x80,0x80,0x80,0x80,0x80,0x01,0x00,0x20,0x00,
    0x00,0x00,0x00,0x00,0x08,0x00,0x00,0x80,0x3c,0x26,0x31,0x19,0x0f,0x00,0x04,0x00,0x0f,0x19,0x31,0x26,0x3c,0x80,0x00,0x00,0x08,0x00,0x00,0x00,0x00,0x00,0x00,0x00,
    0x10,0x00,0x00,0x00,0x00,0x00,0x00,0x01,0x00,0x08,0x00,0x00,0x40,0x00,0x00,0x00,0x00,0x00,0x00,0x00,0x00,0x00,0x00,0x00,0x00,0x00,0x1f,0x60,0x80,0x00,0x00,0x00,
    0x80,0x60,0x1f,0x00,0x00,0x00,0x00,0x00,0x00,0x00,0x00,0x00,0x00,0x00,0x00,0x00,0x40,0x00,0x00,0x08,0x00,0x00,0x00,0x00,0x00,0x00,0x00,0x20,0x70,0x20,0x00,0x00,
    0x00,0x02,0x20,0x00,0x00,0x00,0xc0,0x60,0x30,0x12,0x08,0x88,0xe8,0x38,0x00,0x02,0x87,0xf2,0x20,0x60,0xc7,0x05,0x2d,0x08,0x08,0x08,0x08,0x05,0x07,0x02,0x40,0x02
  },
  { // 1
    0x00,0x00,0x00,0x00,0x00,0x00,0x00,0x00,0x00,0x00,0x00,0x00,0x00,0x00,0x00,0x00,0x00,0x00,0x00,0x00,0x04,0x00,0x00,0x00,0x00,0x00,0x00,0x00,0x00,0x00,0x80,0x00,
    0x00,0x00,0x00,0x00,0x10,0x01,0x00,0x00,0x00,0x00,0x03,0x0e,0x18,0x30,0x20,0x40,0xc0,0x80,0x80,0x00,0x00,0x01,0x03,0x04,0x18,0x20,0xc0,0x07,0x0c,0x38,0x60,0x30,
    0x0c,0x07,0x81,0x60,0x18,0x04,0x02,0x03,0x01,0x00,0x00,0x80,0x80,0x40,0x60,0x30,0x18,0x0c,0x02,0x01,0x00,0x00,0x00,0x01,0x10,0x00,0x00,0x00,0x00,0x00,0x00,0x00,
    0x00,0x00,0x00,0x00,0x00,0x00,0x00,0x00,0x00,0x00,0x00,0x00,0x00,0x00,0x00,0x00,0x00,0x00,0x00,0x00,0x00,0x00,0x80,0x00,0x00,0x00,0x00,0x00,0x00,0x00,0x00,0x00,
    0x00,0x00,0x00,0x00,0x00,0x20,0x00,0x00,0x00,0x04,0x00,0x00,0xe0,0x30,0x1a,0x70,0xc0,0x00,0x00,0x04,0x00,0x00,0x00,0x20,0x00,0x00,0x00,0x00,0x00,0x01,0x03,0x01,
    0x00,0x00,0x00,0x11,0x00,0x00,0x00,0x00,0x00,0x00,0x00,0x00,0x00,0x80,0xc0,0x44,0x20,0x30,0x10,0x11,0x11,0x11,0x11,0x11,0x11,0xd1,0x31,0x11,0x00,0x84,0xce,0x84,
    0x00,0x11,0x71,0x91,0x11,0x11,0x11,0x11,0x11,0x11,0x21,0x21,0x60,0x44,0x80,0x80,0x00,0x00,0x00,0x00,0x00,0x00,0x00,0x00,0x00,0x11,0x00,0x00,0x00,0x00,0x00,0x00,
    0x00,0x00,0x00,0x00,0x00,0x00,0x00,0x00,0x20,0x00,0x00,0x00,0x08,0x00,0x00,0x00,0x04,0x80,0x60,0x20,0xe0,0x89,0x03,0x01,0x00,0x20,0x00,0x00,0x00,0x00,0x00,0x00,
    0x00,0x00,0x40,0x02,0x00,0x0c,0x16,0x32,0x22,0xa4,0x2c,0x1a,0x81,0x27,0x74,0x23,0x80,0x1a,0x3c,0xa6,0x22,0x32,0x1a,0x0c,0x00,0x02,0x40,0x00,0x00,0x00,0x00,0x00,
    0x00,0x00,0x00,0x00,0x01,0x10,0x00,0x00,0x40,0x70,0x48,0x46,0x43,0x41,0x40,0x40,0x40,0x40,0x60,0x20,0x30,0x18,0x88,0x04,0x03,0x00,0xf0,0x1c,0x06,0x01,0x00,0x03,
    0x06,0x1c,0xe0,0x00,0x03,0x04,0x18,0x10,0x20,0x20,0x40,0x40,0x40,0x80,0x80,0x81,0x83,0x8e,0xb8,0xe0,0x00,0x00,0x80,0x10,0x01,0x00,0x00,0x00,0x00,0x00,0x00,0x00,
    0x00,0x00,0x10,0x00,0x01,0x04,0x3c,0x64,0x44,0xc4,0x84,0x88,0xb0,0xc0,0x04,0x00,0x1f,0x71,0x30,0x10,0x0c,0x03,0xa0,0x80,0x80,0x80,0x80,0x80,0x02,0x00,0x20,0x00,
    0x00,0x00,0x00,0x00,0x08,0x00,0x00,0x80,0x3c,0x26,0x33,0x11,0x0f,0x00,0x04,0x00,0x0f,0x19,0x11,0x26,0x3c,0x80,0x00,0x00,0x08,0x00,0x00,0x00,0x00,0x00,0x00,0x00,
    0x10,0x00,0x00,0x00,0x00,0x00,0x00,0x01,0x00,0x08,0x00,0x00,0x40,0x00,0x00,0x00,0x00,0x00,0x00,0x00,0x00,0x00,0x00,0x00,0x00,0x00,0x1f,0xe0,0x00,0x00,0x00,0x00,
    0xc0,0x60,0x1f,0x00,0x00,0x00,0x01,0x00,0x00,0x00,0x00,0x00,0x00,0x00,0x00,0x00,0x00,0x40,0x00,0x08,0x00,0x00,0x00,0x00,0x00,0x00,0x00,0x20,0x70,0x20,0x00,0x00,
    0x00,0x02,0x20,0x00,0x00,0x00,0x80,0x60,0x30,0x12,0x18,0x88,0xe8,0x38,0x00,0x02,0x07,0xf2,0x20,0x60,0xc3,0x85,0x2c,0x08,0x08,0x08,0x0c,0x05,0x07,0x03,0x40,0x02
  },
  { // 2
    0x00,0x00,0x00,0x00,0x00,0x00,0x00,0x00,0x00,0x00,0x00,0x00,0x00,0x00,0x00,0x00,0x00,0x00,0x00,0x00,0x04,0x00,0x00,0x00,0x00,0x00,0x00,0x00,0x00,0x00,0x80,0x00,
    0x00,0x00,0x00,0x00,0x20,0x02,0x00,0x00,0x00,0x00,0x01,0x06,0x0c,0x10,0x20,0x40,0xc0,0x80,0x80,0x80,0x00,0x01,0x03,0x06,0x08,0x30,0xc0,0x03,0x0c,0x38,0x60,0x30,
    0x1c,0x07,0x81,0x60,0x10,0x0c,0x06,0x03,0x01,0x00,0x00,0x80,0x80,0xc0,0x40,0x60,0x10,0x08,0x06,0x01,0x00,0x00,0x00,0x01,0x08,0x80,0x00,0x00,0x00,0x00,0x00,0x00,
    0x00,0x00,0x00,0x00,0x00,0x00,0x00,0x00,0x00,0x00,0x00,0x00,0x00,0x00,0x00,0x00,0x00,0x00,0x00,0x00,0x00,0x00,0x80,0x00,0x00,0x00,0x00,0x00,0x00,0x00,0x00,0x00,
    0x00,0x00,0x00,0x00,0x00,0x20,0x00,0x00,0x00,0x04,0x00,0x00,0xe0,0x30,0x1a,0xf0,0xc0,0x00,0x00,0x04,0x00,0x00,0x00,0x20,0x00,0x00,0x00,0x00,0x00,0x01,0x03,0x01,
    0x00,0x00,0x00,0x22,0x00,0x00,0x00,0x00,0x00,0x00,0x00,0x00,0x00,0xc0,0x40,0x64,0x20,0x30,0x10,0x11,0x11,0x11,0x11,0x11,0x11,0xd1,0x31,0x01,0x00,0x84,0xce,0x84,
    0x00,0x10,0x71,0x91,0x11,0x11,0x11,0x11,0x11,0x31,0x21,0x21,0x60,0x44,0x80,0x00,0x00,0x00,0x00,0x00,0x00,0x00,0x00,0x00,0x80,0x08,0x00,0x00,0x00,0x00,0x00,0x00,
    0x00,0x00,0x00,0x00,0x00,0x00,0x00,0x00,0x20,0x00,0x00,0x00,0x08,0x00,0x00,0x00,0x00,0xc4,0x60,0x20,0xe0,0x09,0x03,0x01,0x00,0x20,0x00,0x00,0x00,0x00,0x00,0x00,
    0x00,0x00,0x40,0x02,0x04,0x0c,0x14,0x32,0x26,0xa4,0x2c,0x1a,0x81,0x27,0x74,0x23,0x80,0x19,0x3c,0xa6,0x32,0x12,0x1a,0x0e,0x00,0x00,0x84,0x00,0x00,0x00,0x00,0x00,
    0x00,0x00,0x00,0x00,0x02,0x10,0x00,0x00,0x40,0x70,0x4c,0x42,0x41,0x40,0x40,0x40,0x40,0x40,0x20,0x20,0x10,0x18,0x8c,0x06,0x01,0x80,0xf0,0x1c,0x07,0x01,0x00,0x03,
    0x06,0x38,0xc0,0x01,0x02,0x0c,0x18,0x30,0x20,0x40,0x40,0x40,0x80,0x80,0x80,0x81,0x86,0x8c,0xb0,0xe0,0x00,0x00,0x80,0x08,0x00,0x00,0x00,0x00,0x00,0x00,0x00,0x00,
    0x00,0x00,0x10,0x00,0x01,0x0c,0x3c,0x64,0x44,0x84,0x8c,0x98,0xf0,0xc0,0x04,0x00,0x1f,0x20,0x30,0x18,0x0f,0x03,0xa0,0x80,0x40,0xc0,0x80,0x80,0x02,0x00,0x20,0x00,
    0x00,0x00,0x00,0x08,0x00,0x00,0x00,0x80,0x38,0x26,0x33,0x11,0x0f,0x00,0x04,0x00,0x0f,0x19,0x11,0x33,0x3e,0x80,0x00,0x00,0x08,0x00,0x00,0x00,0x00,0x00,0x00,0x00,
    0x10,0x00,0x00,0x00,0x00,0x00,0x00,0x01,0x00,0x08,0x00,0x00,0x40,0x00,0x00,0x00,0x00,0x00,0x00,0x00,0x00,0x00,0x00,0x00,0x00,0x07,0x38,0xc0,0x00,0x00,0x00,0x00,
    0xc0,0x78,0x0f,0x00,0x00,0x01,0x00,0x00,0x00,0x00,0x00,0x00,0x00,0x00,0x00,0x00,0x00,0x20,0x00,0x04,0x00,0x00,0x00,0x00,0x00,0x00,0x00,0x00,0x20,0x00,0x00,0x00,
    0x00,0x01,0x20,0x00,0x00,0x00,0x80,0xe0,0x30,0x12,0x18,0x88,0xc8,0x38,0x00,0x02,0x07,0xf2,0x20,0x60,0xc3,0x87,0x24,0x08,0x08,0x08,0x0c,0x04,0x07,0x03,0x40,0x04
  },
  { // 3
    0x00,0x00,0x00,0x00,0x00,0x00,0x00,0x00,0x00,0x00,0x00,0x00,0x00,0x00,0x00,0x00,0x00,0x00,0x00,0x00,0x04,0x00,0x00,0x00,0x00,0x00,0x00,0x00,0x00,0x00,0x80,0x00,
    0x00,0x00,0x00,0x20,0x00,0x02,0x00,0x00,0x00,0x00,0x01,0x03,0x0c,0x10,0x20,0x60,0x40,0x80,0x80,0x80,0x00,0x01,0x03,0x06,0x08,0x30,0xc0,0x03,0x0c,0x38,0x60,0x30,
    0x18,0x06,0x81,0x60,0x10,0x0c,0x06,0x03,0x01,0x00,0x00,0x00,0x80,0x80,0xc0,0x60,0x30,0x08,0x06,0x01,0x00,0x00,0x00,0x00,0x08,0x80,0x00,0x00,0x00,0x00,0x00,0x00,
    0x00,0x00,0x00,0x00,0x00,0x00,0x00,0x00,0x00,0x00,0x00,0x00,0x00,0x00,0x00,0x00,0x00,0x00,0x00,0x00,0x00,0x00,0x80,0x00,0x00,0x00,0x00,0x00,0x04,0x00,0x00,0x00,
    0x00,0x00,0x00,0x00,0x00,0x20,0x00,0x00,0x00,0x00,0x04,0x00,0xe0,0x38,0x18,0xf2,0x00,0x00,0x00,0x04,0x00,0x00,0x00,0x20,0x00,0x00,0x00,0x00,0x00,0x01,0x03,0x01,
    0x00,0x00,0x00,0x22,0x00,0x00,0x00,0x00,0x00,0x00,0x00,0x00,0x80,0xc0,0x60,0x22,0x20,0x10,0x10,0x10,0x11,0x11,0x11,0x11,0x11,0xd1,0x31,0x01,0x00,0x84,0xce,0x84,
    0x00,0x10,0x71,0x91,0x11,0x11,0x11,0x11,0x11,0x21,0x21,0x21,0x40,0xc8,0x80,0x00,0x00,0x00,0x00,0x00,0x00,0x00,0x00,0x00,0x00,0x88,0x00,0x00,0x00,0x00,0x00,0x00,
    0x00,0x00,0x00,0x00,0x00,0x00,0x00,0x00,0x10,0x00,0x00,0x00,0x04,0x00,0x00,0x00,0x80,0xc4,0x60,0x20,0xe0,0x09,0x03,0x01,0x00,0x20,0x00,0x00,0x00,0x00,0x00,0x00,
    0x00,0x00,0x40,0x02,0x04,0x1c,0x14,0x24,0x24,0xa4,0x2c,0x3a,0x81,0x27,0x76,0x23,0x80,0x99,0x1c,0x66,0x32,0x12,0x1a,0x0e,0x00,0x00,0x84,0x00,0x00,0x00,0x00,0x00,
    0x00,0x00,0x00,0x00,0x02,0x20,0x00,0x00,0x60,0x50,0x4c,0x42,0x41,0x40,0x40,0x40,0x40,0x60,0x20,0x20,0x10,0x18,0x8c,0x06,0x01,0x80,0x70,0x0c,0x03,0x01,0x00,0x03,
    0x06,0x78,0xc0,0x01,0x02,0x0c,0x18,0x30,0x20,0x40,0x40,0xc0,0x80,0x80,0x80,0x81,0x86,0x98,0xf0,0xc0,0x00,0x00,0x80,0x08,0x00,0x00,0x00,0x00,0x00,0x00,0x00,0x00,
    0x00,0x00,0x10,0x00,0x01,0x0c,0x3c,0x64,0xc4,0x84,0x8c,0x98,0xf0,0xc4,0x00,0x00,0x1f,0x20,0x30,0x18,0x0f,0x00,0x90,0xc0,0x40,0x40,0x80,0x80,0x80,0x02,0x00,0x20,
    0x00,0x00,0x00,0x08,0x00,0x00,0x00,0x40,0x38,0x2e,0x33,0x11,0x1f,0x00,0x04,0x00,0x0f,0x19,0x11,0x33,0x3e,0x80,0x00,0x00,0x08,0x00,0x00,0x00,0x00,0x00,0x00,0x00,
    0x10,0x00,0x00,0x00,0x00,0x00,0x00,0x01,0x00,0x10,0x00,0x00,0x40,0x00,0x00,0x00,0x00,0x00,0x00,0x00,0x00,0x00,0x00,0x00,0x00,0x07,0x78,0xc0,0x00,0x00,0x00,0x00,
    0xc0,0x38,0x07,0x00,0x00,0x01,0x00,0x00,0x00,0x00,0x00,0x00,0x00,0x00,0x00,0x00,0x00,0x20,0x00,0x00,0x04,0x00,0x00,0x00,0x00,0x00,0x00,0x00,0x20,0x00,0x00,0x00,
    0x00,0x21,0x00,0x00,0x00,0x00,0x80,0xe0,0x30,0x12,0x10,0x88,0xc8,0x78,0x00,0x02,0x07,0xf2,0x20,0x60,0xc3,0x87,0x24,0x0c,0x08,0x08,0x04,0x04,0x03,0x03,0x40,0x04
  },
  { // 4
    0x00,0x00,0x00,0x00,0x00,0x00,0x00,0x00,0x00,0x00,0x00,0x00,0x00,0x00,0x00,0x00,0x00,0x00,0x00,0x00,0x04,0x00,0x00,0x00,0x00,0x00,0x00,0x00,0x00,0x00,0x80,0x00,
    0x00,0x00,0x00,0x20,0x02,0x00,0x00,0x00,0x00,0x00,0x00,0x03,0x04,0x18,0x30,0x60,0x40,0x80,0x80,0x80,0x80,0x01,0x03,0x06,0x0c,0x30,0xc0,0x01,0x0e,0x38,0x60,0x30,
    0x18,0x06,0x81,0x60,0x10,0x08,0x04,0x03,0x01,0x01,0x00,0x00,0x80,0x80,0xc0,0x40,0x30,0x18,0x04,0x03,0x00,0x00,0x00,0x00,0x08,0x80,0x00,0x00,0x00,0x00,0x00,0x00,
    0x00,0x00,0x00,0x00,0x00,0x00,0x00,0x00,0x00,0x00,0x00,0x00,0x00,0x00,0x00,0x00,0x00,0x00,0x00,0x00,0x00,0x00,0x80,0x00,0x00,0x00,0x00,0x00,0x04,0x00,0x00,0x00,
    0x00,0x00,0x00,0x00,0x00,0x00,0x10,0x00,0x00,0x00,0x04,0x00,0xe0,0x18,0x18,0xe2,0x00,0x00,0x00,0x04,0x00,0x00,0x00,0x20,0x00,0x00,0x00,0x00,0x00,0x01,0x03,0x01,
    0x00,0x00,0x00,0x22,0x00,0x00,0x00,0x00,0x00,0x00,0x00,0x00,0x80,0x40,0x60,0x22,0x30,0x10,0x10,0x10,0x10,0x11,0x11,0x11,0x11,0xd1,0x31,0x01,0x00,0x84,0xce,0x84,
    0x00,0x10,0x71,0x91,0x11,0x11,0x11,0x11,0x21,0x21,0x21,0x21,0x41,0xc8,0x80,0x00,0x00,0x00,0x00,0x00,0x00,0x00,0x00,0x00,0x00,0x88,0x00,0x00,0x00,0x00,0x00,0x00,
    0x00,0x00,0x00,0x00,0x00,0x80,0x00,0x00,0x10,0x00,0x00,0x00,0x04,0x00,0x00,0x00,0x80,0xc4,0x60,0x30,0xe0,0x01,0x0b,0x01,0x00,0x00,0x40,0x00,0x00,0x00,0x00,0x00,
    0x00,0x00,0x40,0x02,0x0c,0x1c,0x34,0x24,0x24,0xa4,0x2c,0x3a,0x81,0x26,0x76,0x23,0x80,0x99,0x14,0x52,0x12,0x12,0x1a,0x0e,0x00,0x00,0x84,0x00,0x00,0x00,0x00,0x00,
    0x00,0x00,0x00,0x00,0x02,0x20,0x00,0x00,0x60,0x58,0x44,0x43,0x41,0x40,0x40,0x40,0x60,0x20,0x20,0x30,0x10,0x18,0x84,0x02,0x01,0xc0,0x30,0x0c,0x03,0x01,0x00,0x03,
    0x0e,0x70,0x80,0x01,0x06,0x0c,0x18,0x30,0x60,0x40,0xc0,0x80,0x80,0x80,0x81,0x83,0x84,0x98,0xe0,0x80,0x00,0x00,0x40,0x00,0x08,0x00,0x00,0x00,0x00,0x00,0x00,0x00,
    0x00,0x00,0x08,0x00,0x00,0x0c,0x34,0x64,0xc4,0x84,0x8c,0x98,0xf0,0xc4,0x00,0x00,0x3f,0x20,0x30,0x18,0x0f,0x90,0x80,0xc0,0x40,0x40,0xc0,0x80,0x80,0x02,0x00,0x20,
    0x00,0x00,0x00,0x04,0x00,0x00,0x40,0x00,0x00,0x3e,0x23,0x31,0x1d,0x07,0x04,0x00,0x0f,0x19,0x11,0x33,0x3e,0x80,0x00,0x00,0x10,0x00,0x00,0x00,0x00,0x00,0x00,0x00,
    0x10,0x00,0x00,0x00,0x00,0x00,0x00,0x02,0x00,0x00,0x10,0x00,0x00,0x80,0x00,0x00,0x00,0x00,0x00,0x00,0x00,0x00,0x00,0x00,0x00,0x1f,0x70,0x80,0x00,0x00,0x00,0x80,
    0x60,0x3c,0x03,0x00,0x00,0x01,0x00,0x00,0x00,0x00,0x00,0x00,0x00,0x00,0x00,0x00,0x00,0x20,0x00,0x00,0x04,0x00,0x00,0x00,0x00,0x00,0x00,0x00,0x20,0x00,0x00,0x00,
    0x00,0x21,0x00,0x00,0x00,0x00,0x00,0xc0,0x20,0x14,0x10,0x18,0xc8,0x78,0x00,0x02,0x07,0xf2,0x20,0x60,0xc3,0x87,0x24,0x0c,0x08,0x0c,0x04,0x06,0x03,0x01,0x80,0x04
  },
  { // 5
    0x00,0x00,0x00,0x00,0x00,0x00,0x00,0x00,0x00,0x00,0x00,0x00,0x00,0x00,0x00,0x00,0x00,0x00,0x00,0x00,0x04,0x00,0x00,0x00,0x00,0x00,0x00,0x00,0x00,0x00,0x80,0x00,
    0x00,0x00,0x00,0x40,0x04,0x00,0x00,0x00,0x00,0x00,0x00,0x03,0x04,0x18,0x30,0x20,0x40,0x40,0x80,0x80,0x80,0x80,0x01,0x02,0x0c,0x30,0xc0,0x01,0x0e,0x18,0x60,0x20,
    0x18,0x06,0x83,0x40,0x30,0x08,0x04,0x02,0x03,0x01,0x00,0x00,0x80,0x80,0x80,0x40,0x20,0x18,0x0c,0x07,0x01,0x00,0x00,0x00,0x04,0x40,0x00,0x00,0x00,0x00,0x00,0x00,
    0x00,0x00,0x00,0x00,0x00,0x00,0x00,0x00,0x00,0x00,0x00,0x00,0x00,0x00,0x00,0x00,0x00,0x00,0x00,0x00,0x00,0x00,0x80,0x00,0x00,0x00,0x00,0x00,0x04,0x00,0x00,0x00,
    0x00,0x00,0x00,0x00,0x00,0x00,0x10,0x00,0x00,0x00,0x04,0x00,0xf0,0x18,0x38,0xe2,0x00,0x00,0x00,0x00,0x04,0x00,0x00,0x40,0x00,0x00,0x00,0x00,0x00,0x01,0x03,0x01,
    0x00,0x00,0x00,0x44,0x00,0x00,0x00,0x00,0x00,0x00,0x00,0x00,0x80,0x40,0x20,0x22,0x30,0x10,0x10,0x10,0x08,0x08,0x09,0x19,0x91,0x51,0x31,0x01,0x00,0x84,0xce,0x04,
    0x00,0x10,0x71,0x91,0x11,0x13,0x12,0x22,0x22,0x21,0x21,0x41,0x41,0x88,0x80,0x00,0x00,0x00,0x00,0x00,0x00,0x00,0x00,0x00,0x00,0x44,0x00,0x00,0x00,0x00,0x00,0x00,
    0x00,0x00,0x00,0x00,0x00,0x80,0x00,0x00,0x10,0x00,0x00,0x00,0x00,0x04,0x00,0x00,0x80,0xc4,0x60,0x30,0xc0,0x01,0x0b,0x01,0x00,0x00,0x40,0x00,0x00,0x00,0x00,0x00,
    0x00,0x00,0x20,0x02,0x08,0x1c,0x34,0x24,0x24,0xa4,0x2e,0x30,0x81,0xa6,0x76,0x23,0x80,0x99,0x14,0x52,0x12,0x12,0x1a,0x06,0x00,0x00,0x84,0x00,0x00,0x00,0x00,0x00,
    0x00,0x00,0x00,0x00,0x04,0x20,0x00,0x00,0x30,0x3c,0x26,0x43,0x40,0x40,0x40,0x20,0x20,0x20,0x20,0x10,0x18,0x88,0x04,0x02,0x01,0xe0,0x38,0x0c,0x03,0x00,0x00,0x03,
    0x0e,0xf0,0x00,0x01,0x06,0x08,0x10,0x20,0x40,0x40,0xc0,0x80,0x80,0x80,0x81,0x03,0x04,0x18,0xe0,0x00,0x00,0x00,0x40,0x00,0x04,0x00,0x00,0x00,0x00,0x00,0x00,0x00,
    0x00,0x00,0x08,0x00,0x00,0x1c,0x34,0x44,0x84,0x8c,0x88,0x98,0xf0,0xc4,0x00,0x00,0x1f,0x20,0x30,0x18,0x0f,0x90,0x80,0xc0,0x40,0x40,0xc0,0x80,0x80,0x02,0x00,0x40,
    0x00,0x00,0x00,0x04,0x00,0x00,0x40,0x00,0x00,0x3e,0x23,0x31,0x1d,0x07,0x04,0x00,0x0f,0x09,0x11,0x13,0xbe,0x00,0x00,0x00,0x10,0x00,0x00,0x00,0x00,0x00,0x00,0x00,
    0x00,0x00,0x00,0x00,0x00,0x00,0x00,0x02,0x00,0x00,0x10,0x00,0x00,0x80,0x00,0x00,0x00,0x00,0x00,0x00,0x00,0x00,0x00,0x00,0x00,0x1f,0xe0,0x80,0x00,0x00,0x00,0x80,
    0xe0,0x1f,0x00,0x00,0x00,0x01,0x00,0x00,0x00,0x00,0x00,0x00,0x00,0x00,0x81,0x01,0x01,0x21,0x01,0x01,0x04,0x00,0x00,0x00,0x00,0x00,0x00,0x00,0x20,0x00,0x00,0x00,
    0x00,0x11,0x00,0x00,0x00,0x00,0x00,0xc0,0x20,0x14,0x10,0x10,0xd8,0x78,0x00,0x02,0x07,0xf2,0x20,0x60,0x43,0x87,0x24,0x04,0x0c,0x04,0x04,0x06,0x03,0x01,0x80,0x04
  },
  { // 6
    0x00,0x00,0x00,0x00,0x00,0x00,0x00,0x00,0x00,0x00,0x00,0x00,0x00,0x00,0x00,0x00,0x00,0x00,0x00,0x04,0x0e,0x04,0x00,0x00,0x00,0x00,0x00,0x00,0x00,0x00,0x80,0x00,
    0x00,0x00,0x00,0x40,0x04,0x00,0x00,0x00,0x00,0x00,0x00,0x01,0x06,0x08,0x30,0x20,0x40,0x40,0xc0,0x80,0x80,0x80,0x81,0x03,0x0c,0x30,0xc0,0x01,0x06,0x18,0x60,0x20,
    0x18,0x04,0x83,0x40,0x30,0x08,0x04,0x02,0x03,0x01,0x00,0x00,0x00,0x80,0x80,0x40,0x60,0x30,0x1c,0x06,0x03,0x00,0x00,0x00,0x04,0x40,0x00,0x00,0x00,0x00,0x00,0x00,
    0x00,0x00,0x00,0x00,0x00,0x00,0x00,0x00,0x00,0x00,0x00,0x00,0x00,0x00,0x00,0x00,0x00,0x00,0x00,0x00,0x00,0x00,0x80,0x00,0x00,0x00,0x00,0x00,0x04,0x00,0x00,0x00,
    0x00,0x00,0x00,0x00,0x00,0x00,0x10,0x00,0x00,0x00,0x04,0x00,0xf0,0x18,0x30,0xe2,0x00,0x00,0x00,0x00,0x04,0x00,0x00,0x00,0x40,0x00,0x00,0x00,0x00,0x01,0x03,0x01,
    0x00,0x00,0x00,0x44,0x00,0x00,0x00,0x00,0x00,0x00,0x00,0x80,0xc0,0x40,0x20,0x32,0x10,0x10,0x10,0x18,0x08,0x08,0x09,0x09,0x91,0x51,0x31,0x01,0x00,0x84,0xce,0x04,
    0x00,0x10,0x71,0x91,0x11,0x12,0x32,0x22,0x22,0x23,0x61,0x41,0x41,0x89,0x80,0x00,0x00,0x00,0x00,0x00,0x00,0x00,0x00,0x00,0x00,0x44,0x00,0x00,0x00,0x00,0x00,0x00,
    0x00,0x00,0x00,0x00,0x00,0x80,0x00,0x00,0x10,0x00,0x00,0x00,0x00,0x04,0x00,0x00,0x80,0x44,0x20,0x70,0xc0,0x01,0x0b,0x01,0x00,0x00,0x40,0x00,0x00,0x00,0x00,0x00,
    0x00,0x00,0x20,0x01,0x08,0x1c,0x34,0x24,0x24,0xac,0x2a,0x30,0x83,0xa6,0x76,0x23,0x80,0x99,0x16,0x52,0x12,0x12,0x0e,0x06,0x00,0x00,0x84,0x00,0x00,0x00,0x00,0x00,
    0x00,0x00,0x00,0x00,0x04,0x00,0x40,0x00,0x38,0x2c,0x27,0x21,0x20,0x20,0x20,0x20,0x20,0x20,0x20,0x10,0x18,0x88,0x04,0x02,0x01,0xe0,0x38,0x04,0x03,0x00,0x00,0x03,
    0x0c,0xf0,0x00,0x01,0x06,0x18,0x30,0x20,0x40,0x40,0x80,0x80,0x80,0x00,0x01,0x02,0x0c,0x30,0xc0,0x00,0x00,0x00,0x40,0x00,0x04,0x00,0x00,0x00,0x00,0x00,0x00,0x00,
    0x00,0x00,0x08,0x00,0x00,0x1c,0x34,0x44,0x84,0x8c,0x88,0x98,0xf0,0x84,0x00,0x00,0x3f,0x20,0x30,0x18,0x07,0x90,0x80,0x40,0x40,0x40,0x40,0x80,0x80,0x82,0x00,0x40,
    0x00,0x00,0x00,0x04,0x00,0x00,0x40,0x00,0x00,0x7e,0x23,0x31,0x19,0x07,0x04,0x00,0x07,0x0d,0x11,0x13,0xbe,0x10,0x00,0x00,0x10,0x00,0x00,0x00,0x00,0x00,0x00,0x00,
    0x00,0x00,0x00,0x00,0x00,0x00,0x00,0x00,0x02,0x00,0x10,0x00,0x00,0x80,0x00,0x00,0x00,0x00,0x00,0x00,0x00,0x00,0x00,0x00,0x00,0x3f,0xe0,0x00,0x00,0x00,0x00,0x80,
    0x70,0x0f,0x00,0x00,0x00,0x01,0x00,0x00,0x00,0x00,0x00,0x00,0x00,0x01,0x01,0x81,0x01,0x01,0x11,0x01,0x02,0x00,0x00,0x00,0x00,0x00,0x00,0x00,0x20,0x00,0x00,0x00,
    0x00,0x11,0x00,0x00,0x00,0x00,0x00,0xc0,0x60,0x34,0x10,0x10,0xd0,0x78,0x00,0x02,0x07,0xf2,0x20,0x60,0x43,0x87,0x24,0x04,0x04,0x04,0x04,0x06,0x03,0x01,0x80,0x04
  },
  { // 7
    0x00,0x00,0x00,0x00,0x00,0x00,0x00,0x00,0x00,0x00,0x00,0x00,0x00,0x00,0x00,0x00,0x00,0x00,0x00,0x04,0x0e,0x04,0x00,0x00,0x00,0x00,0x00,0x00,0x00,0x00,0x80,0x00,
    0x00,0x00,0x00,0x40,0x04,0x00,0x00,0x00,0x00,0x00,0x00,0x01,0x06,0x0c,0x18,0x30,0x20,0x40,0xc0,0x80,0x80,0x80,0x81,0x03,0x04,0x18,0xe0,0x00,0x07,0x18,0x60,0x20,
    0x10,0x0c,0x83,0x40,0x30,0x18,0x04,0x06,0x03,0x01,0x01,0x00,0x00,0x00,0x80,0xc0,0x60,0x30,0x18,0x06,0x03,0x00,0x00,0x00,0x04,0x40,0x00,0x00,0x00,0x00,0x00,0x00,
    0x00,0x00,0x00,0x00,0x00,0x00,0x00,0x00,0x00,0x00,0x00,0x00,0x00,0x00,0x00,0x00,0x00,0x00,0x00,0x00,0x00,0x00,0x80,0x00,0x00,0x00,0x00,0x00,0x04,0x00,0x00,0x00,
    0x00,0x00,0x00,0x00,0x00,0x00,0x10,0x00,0x00,0x00,0x04,0x00,0xf0,0x18,0x30,0xe2,0x00,0x00,0x00,0x00,0x08,0x00,0x00,0x00,0x40,0x00,0x00,0x00,0x00,0x01,0x03,0x01,
    0x00,0x00,0x00,0x44,0x00,0x00,0x00,0x00,0x00,0x00,0x00,0x80,0xc0,0x60,0x20,0x12,0x10,0x10,0x08,0x08,0x08,0x08,0x08,0x09,0x89,0x51,0x31,0x01,0x00,0x84,0xce,0x04,
    0x00,0x10,0xf1,0x11,0x12,0x12,0x22,0x22,0x22,0x22,0x62,0x41,0x81,0x89,0x00,0x00,0x00,0x00,0x00,0x00,0x00,0x00,0x00,0x00,0x00,0x44,0x00,0x00,0x00,0x00,0x00,0x00,
    0x00,0x00,0x00,0x00,0x00,0x80,0x00,0x00,0x00,0x10,0x00,0x00,0x00,0x04,0x00,0x00,0xc0,0x40,0x24,0x70,0x80,0x01,0x0b,0x01,0x00,0x00,0x40,0x00,0x00,0x00,0x00,0x00,
    0x00,0x00,0x20,0x01,0x08,0x1c,0x34,0x24,0x24,0xac,0x2a,0x30,0x03,0xa6,0x76,0x23,0x80,0x99,0x16,0x52,0x12,0x1a,0x0e,0x06,0x00,0x00,0x84,0x00,0x00,0x00,0x00,0x00,
    0x00,0x00,0x00,0x00,0x04,0x00,0x40,0x00,0x38,0x2c,0x23,0x21,0x20,0x20,0x20,0x20,0x20,0x20,0x10,0x10,0x18,0x8c,0x04,0x03,0x01,0xe0,0x18,0x06,0x01,0x00,0x00,0x03,
    0x1c,0xe0,0x00,0x03,0x04,0x18,0x30,0x20,0x40,0xc0,0x80,0x80,0x00,0x01,0x03,0x06,0x0c,0x30,0xc0,0x00,0x00,0x00,0x40,0x00,0x04,0x00,0x00,0x00,0x00,0x00,0x00,0x00,
    0x00,0x80,0x08,0x00,0x00,0x18,0x64,0xc4,0x84,0x88,0x88,0xb0,0xe0,0x84,0x00,0x06,0x3d,0x20,0x30,0x18,0x07,0x90,0xc0,0x40,0x40,0x40,0x40,0xc0,0x80,0x84,0x00,0x40,
    0x00,0x00,0x00,0x04,0x00,0x00,0x40,0x00,0x00,0x7e,0x23,0x31,0x19,0x0f,0x00,0x04,0x07,0x0c,0x19,0x13,0x9e,0x18,0x00,0x00,0x10,0x00,0x00,0x00,0x00,0x00,0x00,0x00,
    0x00,0x00,0x00,0x00,0x00,0x00,0x00,0x00,0x02,0x00,0x10,0x00,0x00,0x80,0x00,0x00,0x00,0x00,0x00,0x00,0x00,0x00,0x00,0x00,0x00,0x3f,0xc0,0x00,0x00,0x00,0x00,0xc0,
    0x38,0x0f,0x00,0x00,0x00,0x01,0x00,0x00,0x00,0x00,0x00,0x00,0x01,0x01,0x01,0x81,0x01,0x01,0x11,0x00,0x02,0x00,0x00,0x00,0x00,0x00,0x00,0x00,0x20,0x00,0x00,0x00,
    0x00,0x10,0x00,0x00,0x00,0x00,0x00,0xc0,0x60,0x34,0x10,0x10,0x90,0x78,0x00,0x02,0x07,0xe2,0x30,0x20,0x43,0xc7,0x24,0x04,0x04,0x04,0x04,0x06,0x03,0x01,0x80,0x08
  },
  { // 8
    0x00,0x00,0x00,0x00,0x00,0x00,0x00,0x00,0x00,0x00,0x00,0x00,0x00,0x00,0x00,0x00,0x00,0x00,0x00,0x04,0x0e,0x04,0x00,0x00,0x00,0x00,0x00,0x00,0x00,0x00,0x80,0x00,
    0x00,0x00,0x00,0x40,0x08,0x00,0x00,0x00,0x00,0x00,0x00,0x01,0x03,0x0c,0x18,0x30,0x20,0x40,0x40,0x80,0x80,0x80,0x81,0x83,0x06,0x18,0xe0,0x00,0x07,0x18,0x60,0x20,
    0x10,0x0c,0x83,0x40,0x20,0x18,0x0c,0x06,0x02,0x01,0x01,0x01,0x00,0x00,0x80,0xc0,0x60,0x30,0x18,0x0c,0x03,0x01,0x00,0x00,0x04,0x20,0x00,0x00,0x00,0x00,0x00,0x00,
    0x00,0x00,0x00,0x00,0x00,0x00,0x00,0x00,0x00,0x00,0x00,0x00,0x00,0x00,0x00,0x00,0x00,0x00,0x00,0x00,0x00,0x00,0x80,0x00,0x00,0x00,0x00,0x00,0x04,0x00,0x00,0x00,
    0x00,0x00,0x00,0x00,0x00,0x00,0x10,0x00,0x00,0x00,0x04,0x00,0xf0,0x18,0x30,0xe2,0x00,0x00,0x00,0x00,0x08,0x00,0x00,0x00,0x40,0x00,0x00,0x00,0x00,0x01,0x03,0x01,
    0x00,0x00,0x00,0x84,0x00,0x00,0x00,0x00,0x00,0x00,0x00,0x80,0xc0,0x60,0x20,0x12,0x10,0x18,0x08,0x08,0x08,0x08,0x08,0x08,0x89,0x49,0x31,0x01,0x00,0x84,0xce,0x04,
    0x00,0x10,0xf1,0x12,0x12,0x22,0x22,0x22,0x22,0x22,0x42,0x43,0x81,0x89,0x00,0x00,0x00,0x00,0x00,0x00,0x00,0x00,0x00,0x00,0x00,0x44,0x00,0x00,0x00,0x00,0x00,0x00,
    0x00,0x00,0x00,0x00,0x00,0x80,0x00,0x00,0x00,0x10,0x00,0x00,0x00,0x04,0x00,0x00,0xc0,0x60,0x34,0xe0,0x80,0x01,0x0b,0x01,0x00,0x00,0x40,0x00,0x00,0x00,0x00,0x00,
    0x00,0x00,0x20,0x01,0x08,0x1c,0x34,0x24,0x24,0xac,0x2a,0x30,0x03,0xa6,0x76,0x23,0x80,0x9d,0x96,0x52,0x12,0x1a,0x0e,0x06,0x00,0x00,0x08,0x00,0x00,0x00,0x00,0x00,
    0x00,0x00,0x00,0x00,0x04,0x00,0x40,0x10,0x38,0x26,0x23,0x21,0x20,0x20,0x20,0x20,0x20,0x30,0x10,0x10,0x08,0x8c,0x06,0x03,0x00,0xe0,0x18,0x06,0x01,0x00,0x00,0x03,
    0x3c,0xe0,0x00,0x03,0x0c,0x18,0x30,0x60,0x40,0x80,0x80,0x00,0x00,0x01,0x03,0x06,0x18,0x70,0x80,0x00,0x00,0x00,0x00,0x20,0x02,0x00,0x00,0x00,0x00,0x00,0x00,0x00,
    0x00,0x80,0x08,0x00,0x00,0x18,0x68,0xcc,0x88,0x88,0x88,0xb0,0xe0,0x88,0x00,0x07,0x39,0x20,0x10,0x1c,0x07,0x90,0xc0,0x40,0x40,0x40,0x40,0x40,0x80,0x84,0x00,0x40,
    0x00,0x00,0x00,0x04,0x00,0x00,0x40,0x00,0x00,0x7c,0x22,0x31,0x19,0x0f,0x00,0x04,0x07,0x0c,0x19,0x11,0x96,0x18,0x00,0x00,0x10,0x00,0x01,0x00,0x00,0x00,0x00,0x00,
    0x00,0x00,0x00,0x00,0x00,0x00,0x00,0x00,0x04,0x00,0x00,0x20,0x00,0x00,0x80,0x00,0x00,0x00,0x00,0x00,0x00,0x00,0x00,0x00,0x07,0x78,0x80,0x00,0x00,0x00,0x80,0xe0,
    0x38,0x07,0x00,0x00,0x01,0x00,0x00,0x00,0x00,0x00,0x00,0x01,0x01,0x01,0x01,0x81,0x01,0x01,0x11,0x00,0x00,0x02,0x00,0x00,0x00,0x00,0x00,0x00,0x20,0x00,0x00,0x00,
    0x00,0x10,0x00,0x00,0x00,0x00,0x00,0x80,0x60,0x34,0x10,0x10,0x90,0xf8,0x00,0x02,0x07,0xe2,0x30,0x20,0x63,0xc7,0x14,0x04,0x04,0x04,0x04,0x02,0x03,0x01,0x80,0x08
  },
  { // 9
    0x00,0x00,0x00,0x00,0x00,0x00,0x00,0x00,0x00,0x00,0x00,0x00,0x00,0x00,0x00,0x00,0x00,0x00,0x00,0x04,0x0e,0x04,0x00,0x00,0x00,0x00,0x00,0x00,0x00,0x00,0x00,0x00,
    0x00,0x00,0x00,0x80,0x08,0x00,0x00,0x00,0x00,0x00,0x00,0x00,0x03,0x0e,0x18,0x10,0x20,0x60,0x40,0x80,0x80,0x80,0x81,0x83,0x86,0x98,0xe0,0x00,0x03,0x1c,0x60,0x20,
    0x10,0x0c,0x83,0xc1,0x20,0x10,0x0c,0x04,0x02,0x03,0x01,0x01,0x01,0x00,0x80,0x80,0x40,0x20,0x10,0x0d,0x03,0x01,0x00,0x00,0x02,0x20,0x00,0x00,0x00,0x00,0x00,0x00,
    0x00,0x00,0x00,0x00,0x00,0x00,0x00,0x00,0x00,0x00,0x00,0x00,0x00,0x00,0x00,0x00,0x00,0x00,0x00,0x00,0x00,0x00,0x80,0x00,0x00,0x00,0x00,0x00,0x04,0x00,0x00,0x00,
    0x00,0x00,0x00,0x00,0x00,0x00,0x10,0x00,0x00,0x00,0x00,0xc4,0xf0,0x18,0x30,0xe0,0x02,0x00,0x00,0x00,0x08,0x00,0x00,0x00,0x40,0x00,0x00,0x00,0x00,0x00,0x01,0x00,
    0x00,0x00,0x00,0x88,0x00,0x00,0x00,0x00,0x00,0x00,0x00,0x80,0x40,0x20,0x30,0x11,0x10,0x08,0x08,0x08,0x08,0x08,0x08,0x08,0x88,0x69,0x31,0x01,0x00,0x84,0xce,0x04,
    0x00,0x10,0xf1,0x32,0x22,0x22,0x22,0x22,0x22,0x22,0x42,0xc2,0x81,0x11,0x01,0x00,0x00,0x00,0x00,0x00,0x00,0x00,0x00,0x00,0x00,0x22,0x00,0x00,0x00,0x00,0x00,0x00,
    0x00,0x00,0x00,0x00,0x00,0x80,0x00,0x00,0x00,0x10,0x00,0x00,0x00,0x04,0x00,0x00,0xc0,0x60,0x34,0xe0,0x80,0x01,0x03,0x11,0x00,0x00,0x40,0x00,0x00,0x00,0x00,0x00,
    0x00,0x00,0x20,0x01,0x08,0x18,0x34,0x24,0x64,0xac,0x3a,0x30,0x03,0xa6,0x76,0x21,0x80,0x9d,0x96,0x52,0x13,0x19,0x0f,0x06,0x00,0x00,0x08,0x00,0x00,0x00,0x00,0x00,
    0x00,0x00,0x00,0x00,0x08,0x00,0x40,0x10,0x18,0x16,0x21,0x20,0x20,0x20,0x20,0x20,0x30,0x10,0x10,0x18,0x08,0x84,0x06,0x01,0x80,0x70,0x18,0x06,0x01,0x00,0x00,0x07,
    0x38,0xc0,0x00,0x03,0x0c,0x18,0x30,0x40,0xc0,0x80,0x80,0x00,0x00,0x01,0x03,0x0e,0x18,0x60,0x80,0x00,0x00,0x00,0x00,0x20,0x02,0x00,0x00,0x00,0x00,0x00,0x00,0x00,
    0x00,0x80,0x00,0x04,0x00,0x38,0x68,0xc8,0x88,0x88,0x18,0xb0,0xe0,0x88,0x00,0x0f,0x39,0x20,0x10,0x0c,0x07,0x90,0xc0,0x40,0x40,0x40,0x40,0x40,0xc0,0x84,0x00,0x40,
    0x00,0x00,0x00,0x04,0x00,0x00,0x40,0x00,0x00,0x7c,0x62,0x33,0x19,0x0f,0x00,0x04,0x07,0x0c,0x19,0x11,0x17,0x1c,0x00,0x00,0x10,0x00,0x01,0x00,0x00,0x00,0x00,0x00,
    0x00,0x00,0x00,0x00,0x00,0x00,0x00,0x00,0x04,0x00,0x00,0x20,0x00,0x00,0x00,0x00,0x00,0x00,0x00,0x00,0x00,0x00,0x00,0x00,0x0f,0xf0,0x80,0x00,0x00,0x00,0x80,0xe0,
    0x3c,0x07,0x00,0x00,0x01,0x00,0x00,0x00,0x00,0x00,0x01,0x01,0x01,0x01,0x01,0x81,0x02,0x02,0x13,0x00,0x00,0x02,0x00,0x00,0x00,0x00,0x00,0x00,0x00,0x00,0x00,0x00,
    0x00,0x10,0x00,0x00,0x00,0x00,0x00,0x80,0x60,0x25,0x11,0x11,0x90,0xf0,0x00,0x02,0x07,0xe2,0x30,0x20,0x63,0xc3,0x94,0x04,0x04,0x04,0x06,0x02,0x01,0x01,0x00,0x08
  },
  { // 10
    0x00,0x00,0x00,0x00,0x00,0x20,0x00,0x00,0x00,0x00,0x00,0x00,0x00,0x00,0x00,0x00,0x00,0x00,0x00,0x04,0x0e,0x04,0x00,0x00,0x00,0x00,0x00,0x00,0x00,0x00,0x00,0x00,
    0x00,0x00,0x00,0x80,0x08,0x00,0x00,0x00,0x00,0x00,0x00,0x00,0x03,0x06,0x08,0x10,0x20,0x60,0x40,0x40,0x80,0x80,0x80,0x83,0x86,0x98,0x60,0x80,0x03,0x0c,0x70,0x20,
    0x10,0x08,0x06,0xc1,0x20,0x10,0x08,0x04,0x06,0x02,0x01,0x01,0x01,0x01,0x80,0x80,0x40,0x21,0x11,0x09,0x07,0x01,0x00,0x02,0x00,0x20,0x00,0x00,0x00,0x00,0x00,0x00,
    0x00,0x00,0x00,0x00,0x00,0x00,0x00,0x00,0x00,0x00,0x00,0x00,0x00,0x00,0x00,0x00,0x00,0x00,0x00,0x00,0x00,0x00,0x80,0x00,0x00,0x00,0x00,0x04,0x0e,0x04,0x00,0x00,
    0x00,0x00,0x00,0x00,0x00,0x00,0x10,0x00,0x00,0x00,0x00,0xc2,0xf8,0x18,0x30,0xc0,0x02,0x00,0x00,0x00,0x08,0x00,0x00,0x00,0x40,0x00,0x00,0x00,0x00,0x00,0x01,0x00,
    0x00,0x00,0x00,0x88,0x00,0x00,0x00,0x00,0x00,0x00,0x00,0x80,0x40,0x20,0x30,0x11,0x08,0x08,0x08,0x08,0x08,0x08,0x08,0x08,0x88,0x68,0x19,0x01,0x00,0x84,0xce,0x04,
    0x00,0x30,0xd3,0x22,0x22,0x22,0x22,0x22,0x22,0x42,0x42,0xc2,0x82,0x11,0x01,0x00,0x00,0x00,0x00,0x00,0x00,0x00,0x00,0x00,0x00,0x22,0x00,0x00,0x00,0x00,0x00,0x00,
    0x00,0x00,0x00,0x00,0x00,0x40,0x00,0x00,0x00,0x10,0x00,0x00,0x00,0x00,0x04,0x00,0xc0,0x60,0x34,0xe0,0x00,0x01,0x03,0x11,0x00,0x00,0x00,0x40,0x00,0x00,0x00,0x00,
    0x00,0x00,0x20,0x01,0x18,0x18,0x2c,0x64,0x44,0xec,0x3a,0x30,0x03,0xa6,0x76,0x21,0x80,0x9d,0x96,0x53,0x11,0x19,0x0f,0x02,0x00,0x00,0x08,0x00,0x00,0x00,0x00,0x00,
    0x00,0x00,0x00,0x00,0x00,0x08,0x80,0x10,0x1c,0x12,0x11,0x10,0x20,0x20,0x20,0x10,0x10,0x10,0x10,0x08,0x0c,0x44,0x02,0x01,0xc0,0x70,0x0c,0x02,0x01,0x00,0x01,0x06,
    0x78,0x80,0x00,0x03,0x0c,0x18,0x20,0x40,0x80,0x80,0x00,0x00,0x00,0x01,0x02,0x0c,0x38,0xe0,0x00,0x00,0x00,0x00,0x00,0x20,0x02,0x00,0x00,0x00,0x00,0x00,0x00,0x00,
    0x00,0x80,0x00,0x04,0x08,0x38,0x68,0xc8,0x88,0x08,0x18,0x30,0xe0,0x88,0x00,0x0f,0x38,0x20,0x18,0x0f,0x03,0x90,0xc0,0x40,0x40,0x60,0x40,0x40,0xc0,0x84,0x00,0x80,
    0x00,0x00,0x00,0x02,0x00,0x00,0x40,0x00,0x00,0x7c,0x66,0x23,0x31,0x0f,0x00,0x04,0x07,0x0c,0x19,0x11,0x17,0x1c,0x00,0x10,0x00,0x00,0x01,0x00,0x00,0x00,0x00,0x00,
    0x00,0x00,0x00,0x00,0x00,0x00,0x00,0x00,0x04,0x00,0x00,0x20,0x00,0x00,0x00,0x00,0x00,0x00,0x00,0x00,0x00,0x00,0x00,0x00,0x1f,0xe0,0x00,0x00,0x00,0x00,0x80,0x60,
    0x1c,0x03,0x00,0x00,0x01,0x00,0x00,0x00,0x00,0x00,0x01,0x01,0x01,0x01,0x02,0x02,0x42,0x02,0x03,0x10,0x00,0x01,0x00,0x00,0x00,0x00,0x00,0x00,0x00,0x00,0x00,0x00,
    0x00,0x08,0x00,0x00,0x00,0x00,0x00,0x80,0xe0,0x25,0x31,0x11,0x91,0xf0,0x00,0x02,0x07,0xe2,0x30,0x20,0x63,0xc2,0x96,0x04,0x04,0x04,0x06,0x02,0x01,0x00,0x00,0x08
  },
  { // 11
    0x00,0x00,0x00,0x00,0x00,0x20,0x00,0x00,0x00,0x00,0x00,0x00,0x00,0x00,0x00,0x00,0x00,0x00,0x00,0x04,0x0e,0x04,0x00,0x00,0x00,0x00,0x00,0x00,0x00,0x00,0x00,0x00,
    0x00,0x00,0x00,0x80,0x08,0x01,0x00,0x00,0x00,0x00,0x00,0x00,0x01,0x06,0x0c,0x10,0x30,0x20,0x40,0x40,0xc0,0x80,0x80,0x81,0x87,0x9c,0x60,0x80,0x03,0x0c,0x30,0x60,
    0x10,0x08,0x06,0xc1,0x20,0x10,0x08,0x04,0x06,0x02,0x01,0x01,0x01,0x01,0x01,0x81,0xc1,0x61,0x31,0x19,0x07,0x03,0x00,0x02,0x20,0x00,0x00,0x00,0x00,0x00,0x00,0x00,
    0x00,0x00,0x00,0x00,0x00,0x00,0x00,0x00,0x00,0x00,0x00,0x00,0x00,0x00,0x00,0x00,0x00,0x00,0x00,0x00,0x00,0x00,0x80,0x00,0x00,0x00,0x00,0x04,0x0e,0x04,0x00,0x00,
    0x00,0x00,0x00,0x00,0x00,0x00,0x10,0x00,0x00,0x00,0x00,0xe2,0x38,0x18,0x70,0xc0,0x02,0x00,0x00,0x00,0x00,0x08,0x00,0x00,0x40,0x00,0x00,0x00,0x00,0x00,0x01,0x00,
    0x00,0x00,0x00,0x08,0x80,0x00,0x00,0x00,0x00,0x00,0x80,0xc0,0x60,0x20,0x10,0x11,0x08,0x08,0x08,0x08,0x08,0x08,0x08,0x08,0x88,0x68,0x19,0x01,0x00,0xc4,0x8e,0x04,
    0x00,0x30,0xd3,0x22,0x22,0x22,0x22,0x22,0x62,0x42,0x42,0x82,0x82,0x11,0x01,0x00,0x00,0x00,0x00,0x00,0x00,0x00,0x00,0x00,0x00,0x22,0x00,0x00,0x00,0x00,0x00,0x00,
    0x00,0x00,0x00,0x00,0x00,0x00,0x40,0x00,0x00,0x10,0x00,0x00,0x00,0x00,0x04,0x80,0xc0,0x20,0x30,0xe4,0x00,0x01,0x03,0x11,0x00,0x00,0x00,0x80,0x00,0x00,0x00,0x00,
    0x00,0x00,0x10,0x01,0x18,0x38,0x2c,0x64,0x44,0xec,0x3a,0x30,0x03,0xa6,0x77,0x21,0x90,0x9d,0x96,0x53,0x11,0x19,0x0d,0x03,0x00,0x00,0x08,0x00,0x00,0x00,0x00,0x00,
    0x00,0x00,0x00,0x00,0x00,0x08,0x80,0x18,0x1c,0x13,0x11,0x10,0x10,0x10,0x10,0x10,0x10,0x10,0x10,0x08,0x0c,0x44,0x02,0x01,0xc0,0x30,0x0c,0x02,0x01,0x00,0x01,0x06,
    0xf8,0x00,0x00,0x07,0x1c,0x30,0x20,0x40,0x80,0x80,0x00,0x00,0x01,0x01,0x06,0x0c,0x30,0xc0,0x00,0x00,0x00,0x00,0x00,0x10,0x02,0x00,0x00,0x00,0x00,0x00,0x00,0x00,
    0x00,0x40,0x00,0x04,0x08,0x38,0x68,0x88,0x88,0x08,0x18,0x30,0xe0,0x88,0x00,0x0f,0x30,0x30,0x18,0x0f,0x00,0x90,0xc0,0x40,0x20,0x20,0x40,0x40,0xc0,0x84,0x00,0x80,
    0x00,0x00,0x00,0x02,0x00,0x00,0x40,0x00,0x00,0x7c,0x66,0x23,0x31,0x1f,0x00,0x04,0x03,0x0e,0x19,0x11,0x17,0x1c,0x00,0x20,0x00,0x00,0x01,0x00,0x00,0x00,0x00,0x00,
    0x00,0x00,0x00,0x00,0x00,0x00,0x00,0x00,0x00,0x04,0x00,0x20,0x00,0x00,0x00,0x00,0x00,0x00,0x00,0x00,0x00,0x00,0x00,0x00,0x3f,0xc0,0x00,0x00,0x00,0x00,0xc0,0x30,
    0x1f,0x00,0x00,0x00,0x01,0x00,0x00,0x00,0x00,0x01,0x01,0x01,0x01,0x02,0x02,0x02,0x42,0x03,0x03,0x08,0x00,0x01,0x00,0x00,0x00,0x00,0x00,0x00,0x00,0x00,0x00,0x00,
    0x00,0x08,0x00,0x00,0x00,0x00,0x00,0x00,0xc1,0x25,0x31,0x11,0x11,0xf0,0x00,0x02,0x07,0xc2,0x30,0x20,0x63,0xc2,0x96,0x04,0x04,0x04,0x02,0x03,0x01,0x00,0x00,0x10
  },
  { // 12
    0x00,0x00,0x00,0x00,0x00,0x20,0x00,0x00,0x00,0x00,0x00,0x00,0x00,0x00,0x00,0x00,0x00,0x00,0x00,0x04,0x0e,0x04,0x00,0x00,0x00,0x00,0x00,0x00,0x00,0x00,0x00,0x00,
    0x00,0x00,0x00,0x00,0x10,0x01,0x00,0x00,0x00,0x00,0x00,0x00,0x01,0x03,0x0c,0x18,0x30,0x20,0x40,0x40,0xc0,0x80,0x80,0x81,0x87,0x8c,0xf0,0x80,0x03,0x0e,0x30,0x60,
    0x30,0x08,0x06,0xc3,0x60,0x10,0x08,0x0c,0x06,0x02,0x02,0x01,0x01,0x01,0x01,0x81,0xc1,0x61,0x31,0x19,0x0d,0x02,0x00,0x01,0x10,0x00,0x00,0x00,0x00,0x00,0x00,0x00,
    0x00,0x00,0x00,0x00,0x00,0x00,0x00,0x00,0x00,0x00,0x00,0x00,0x00,0x00,0x00,0x00,0x00,0x00,0x00,0x00,0x00,0x00,0x80,0x00,0x00,0x00,0x00,0x04,0x0e,0x04,0x00,0x00,
    0x00,0x00,0x00,0x80,0x00,0x00,0x00,0x10,0x00,0x00,0x00,0xe2,0x38,0x18,0x70,0xc0,0x02,0x00,0x00,0x00,0x00,0x08,0x00,0x00,0x80,0x00,0x00,0x00,0x00,0x00,0x01,0x00,
    0x00,0x00,0x00,0x11,0x00,0x00,0x00,0x00,0x00,0x00,0x80,0xc0,0x60,0x30,0x10,0x19,0x08,0x08,0x08,0x08,0x08,0x08,0x08,0x08,0xc8,0x68,0x18,0x01,0x80,0xc4,0x8e,0x04,
    0x00,0x30,0xe3,0x22,0x22,0x22,0x22,0x22,0x62,0x42,0x42,0x82,0x82,0x13,0x01,0x01,0x00,0x00,0x00,0x00,0x00,0x00,0x00,0x00,0x00,0x11,0x00,0x00,0x00,0x00,0x00,0x00,
    0x00,0x00,0x00,0x00,0x00,0x00,0x40,0x00,0x00,0x00,0x08,0x00,0x00,0x00,0x04,0x80,0xe0,0x30,0x30,0xc4,0x00,0x01,0x03,0x11,0x00,0x00,0x00,0x80,0x00,0x00,0x00,0x00,
    0x00,0x00,0x10,0x00,0x18,0x38,0x28,0x64,0x4c,0x68,0x3a,0x31,0x03,0x26,0x77,0x21,0x91,0x9c,0x96,0xd3,0x11,0x19,0x0f,0x03,0x00,0x00,0x08,0x00,0x00,0x00,0x00,0x00,
    0x00,0x00,0x00,0x00,0x01,0x10,0x80,0x08,0x16,0x13,0x11,0x10,0x10,0x10,0x10,0x10,0x10,0x10,0x08,0x08,0x4c,0x06,0x02,0x01,0xc0,0x38,0x0c,0x02,0x01,0x00,0x01,0x0e,
    0xf8,0x00,0x01,0x06,0x1c,0x30,0x60,0xc0,0x80,0x80,0x00,0x00,0x01,0x03,0x06,0x18,0x70,0xc0,0x00,0x00,0x00,0x00,0x00,0x10,0x01,0x00,0x00,0x00,0x00,0x00,0x00,0x00,
    0x00,0x40,0x00,0x04,0x18,0x38,0xc8,0x88,0x88,0x08,0x18,0x30,0xe0,0x88,0x00,0x0f,0x30,0x30,0x18,0x0f,0x00,0x90,0x40,0x60,0x20,0x20,0x60,0x40,0xc0,0x80,0x08,0x80,
    0x00,0x00,0x00,0x02,0x00,0x20,0x00,0x00,0x00,0x7d,0x46,0x23,0x31,0x1f,0x00,0x04,0x03,0x0e,0x08,0x19,0x13,0x1e,0x00,0x20,0x00,0x00,0x01,0x00,0x00,0x00,0x00,0x00,
    0x00,0x00,0x00,0x00,0x00,0x00,0x00,0x00,0x00,0x08,0x00,0x40,0x00,0x00,0x00,0x00,0x00,0x00,0x00,0x00,0x00,0x00,0x00,0x00,0x7f,0xc0,0x00,0x00,0x00,0x80,0xc0,0x30,
    0x0f,0x00,0x00,0x00,0x01,0x00,0x00,0x00,0x00,0x01,0x01,0x01,0x02,0x02,0x02,0x02,0x42,0x03,0x02,0x08,0x00,0x01,0x00,0x00,0x00,0x00,0x00,0x00,0x00,0x00,0x00,0x00,
    0x00,0x08,0x80,0x00,0x00,0x00,0x00,0x00,0xc1,0x65,0x31,0x11,0x11,0xf0,0x00,0x02,0x07,0xc2,0x70,0x20,0x63,0xc2,0x96,0x04,0x04,0x06,0x02,0x03,0x01,0x00,0x00,0x10
  },
  { // 13
    0x00,0x00,0x00,0x00,0x00,0x20,0x00,0x00,0x00,0x00,0x00,0x00,0x00,0x00,0x00,0x00,0x00,0x00,0x00,0x04,0x0e,0x04,0x00,0x00,0x00,0x00,0x00,0x00,0x00,0x00,0x00,0x00,
    0x00,0x00,0x00,0x00,0x10,0x01,0x00,0x00,0x00,0x00,0x00,0x00,0x00,0x03,0x04,0x18,0x30,0x20,0x40,0x40,0x40,0x80,0x80,0x81,0x83,0x8c,0xf0,0x80,0x03,0x0e,0x30,0x60,
    0x30,0x18,0x04,0x83,0x60,0x30,0x18,0x0c,0x04,0x02,0x02,0x01,0x01,0x01,0x01,0x81,0x81,0xc1,0x21,0x19,0x0e,0x06,0x00,0x01,0x10,0x00,0x00,0x00,0x00,0x00,0x00,0x00,
    0x00,0x00,0x00,0x00,0x00,0x00,0x00,0x00,0x10,0x00,0x00,0x00,0x00,0x00,0x00,0x00,0x00,0x00,0x00,0x00,0x00,0x00,0x00,0x00,0x00,0x00,0x00,0x04,0x0e,0x04,0x00,0x00,
    0x00,0x00,0x00,0x80,0x00,0x00,0x00,0x08,0x00,0x00,0x00,0xe2,0x38,0x10,0x60,0xc0,0x02,0x00,0x00,0x00,0x00,0x08,0x00,0x00,0x80,0x00,0x00,0x00,0x00,0x00,0x01,0x00,
    0x00,0x00,0x00,0x11,0x00,0x00,0x00,0x00,0x00,0x00,0x80,0x60,0x20,0x30,0x10,0x09,0x08,0x08,0x08,0x08,0x08,0x08,0x08,0x88,0xc8,0x28,0x18,0x01,0x80,0xc4,0x8e,0x04,
    0x00,0x30,0xe3,0x22,0x22,0x22,0x22,0x22,0x42,0x42,0x42,0x82,0x82,0x12,0x01,0x01,0x00,0x00,0x00,0x00,0x00,0x00,0x00,0x00,0x00,0x11,0x00,0x00,0x00,0x00,0x00,0x00,
    0x00,0x00,0x00,0x00,0x00,0x00,0x40,0x00,0x00,0x00,0x08,0x00,0x00,0x00,0x04,0x80,0x60,0x30,0x70,0xc4,0x00,0x00,0x01,0x10,0x00,0x00,0x00,0x80,0x00,0x00,0x00,0x00,
    0x00,0x00,0x10,0x00,0x10,0x38,0x28,0x4c,0x4c,0x48,0x3a,0x31,0x03,0x26,0x77,0x21,0x91,0x9c,0x96,0xd3,0x11,0x09,0x0f,0x03,0x00,0x00,0x08,0x00,0x00,0x00,0x00,0x00,
    0x00,0x00,0x00,0x00,0x01,0x10,0x00,0x0c,0x0e,0x13,0x10,0x10,0x10,0x10,0x10,0x10,0x10,0x10,0x08,0x08,0x44,0x06,0x03,0x01,0xe0,0x18,0x04,0x03,0x01,0x00,0x01,0x0e,
    0xf8,0x00,0x01,0x06,0x18,0x30,0x40,0x80,0x80,0x00,0x00,0x00,0x01,0x03,0x04,0x18,0xe0,0x80,0x00,0x00,0x00,0x80,0x00,0x10,0x01,0x00,0x00,0x00,0x00,0x00,0x00,0x00,
    0x00,0x40,0x00,0x04,0x10,0x78,0xc8,0x88,0x08,0x08,0x10,0x30,0xc0,0x88,0x00,0x1f,0x30,0x30,0x18,0x0f,0x00,0xd0,0x40,0x60,0x20,0x20,0x20,0x40,0xc0,0xc0,0x08,0x80,
    0x00,0x00,0x00,0x02,0x00,0x20,0x00,0x00,0x00,0x39,0x6e,0x23,0x31,0x1f,0x00,0x04,0x03,0x0e,0x08,0x19,0x13,0x1e,0x00,0x20,0x00,0x00,0x01,0x00,0x00,0x00,0x00,0x00,
    0x00,0x00,0x00,0x00,0x00,0x00,0x00,0x01,0x00,0x08,0x00,0x00,0x40,0x00,0x00,0x00,0x00,0x00,0x00,0x00,0x00,0x00,0x00,0x02,0x7f,0x80,0x00,0x00,0x00,0x80,0xe0,0x38,
    0x07,0x00,0x00,0x00,0x01,0x00,0x00,0x00,0x01,0x01,0x01,0x02,0x02,0x02,0x02,0x02,0x42,0x07,0x00,0x08,0x00,0x00,0x00,0x00,0x00,0x00,0x00,0x00,0x00,0x00,0x00,0x00,
    0x00,0x08,0x80,0x00,0x00,0x00,0x00,0x00,0xc1,0x65,0x21,0x11,0x11,0xf0,0x10,0x02,0x07,0x02,0xf0,0x20,0x63,0x42,0x92,0x04,0x04,0x06,0x02,0x03,0x01,0x00,0x00,0x10
  },
  { // 14
    0x00,0x00,0x00,0x00,0x00,0x20,0x00,0x00,0x00,0x00,0x00,0x00,0x00,0x00,0x00,0x00,0x00,0x00,0x00,0x04,0x0e,0x04,0x00,0x00,0x00,0x00,0x00,0x00,0x00,0x00,0x00,0x00,
    0x00,0x00,0x00,0x00,0x10,0x01,0x00,0x00,0x00,0x00,0x00,0x00,0x00,0x03,0x04,0x98,0x10,0x20,0x20,0x40,0x40,0x80,0x80,0x81,0x83,0x8e,0xf0,0x80,0x01,0x0e,0x38,0x60,
    0x30,0x18,0x0c,0x83,0x60,0x30,0x18,0x0c,0x04,0x06,0x02,0x03,0x01,0x01,0x01,0x01,0x81,0xc1,0x63,0x32,0x0a,0x06,0x00,0x01,0x10,0x00,0x00,0x00,0x00,0x00,0x00,0x00,
    0x00,0x00,0x00,0x00,0x00,0x00,0x00,0x00,0x10,0x00,0x00,0x00,0x00,0x00,0x00,0x00,0x00,0x00,0x00,0x00,0x00,0x00,0x00,0x00,0x00,0x00,0x00,0x04,0x0e,0x04,0x00,0x00,
    0x00,0x00,0x00,0x00,0x80,0x00,0x00,0x08,0x00,0x00,0x00,0xf2,0x18,0x30,0xe0,0x00,0x02,0x00,0x00,0x00,0x00,0x08,0x00,0x00,0x80,0x00,0x00,0x00,0x00,0x00,0x01,0x00,
    0x00,0x00,0x00,0x11,0x00,0x00,0x00,0x00,0x00,0x80,0xc0,0x60,0x20,0x10,0x18,0x08,0x08,0x08,0x04,0x04,0x04,0x0c,0x08,0x88,0xc8,0x28,0x18,0x00,0x80,0xc4,0x8e,0x04,
    0x00,0x20,0xe3,0x22,0x22,0x22,0x22,0x26,0x44,0x44,0x84,0x82,0x02,0x22,0x03,0x01,0x00,0x00,0x00,0x00,0x00,0x00,0x00,0x00,0x00,0x11,0x00,0x00,0x00,0x00,0x00,0x00,
    0x00,0x00,0x00,0x00,0x00,0x00,0x40,0x00,0x00,0x00,0x08,0x00,0x00,0x00,0x04,0xc0,0x60,0x30,0x70,0xc4,0x00,0x00,0x01,0x00,0x10,0x00,0x00,0x80,0x00,0x00,0x00,0x00,
    0x00,0x00,0x10,0x00,0x10,0x38,0x68,0x48,0x48,0x48,0x7a,0x31,0x03,0x24,0x77,0x20,0x91,0x9c,0x96,0xd1,0x19,0x0d,0x07,0x01,0x00,0x00,0x10,0x00,0x00,0x00,0x00,0x00,
    0x00,0x00,0x00,0x00,0x01,0x10,0x00,0x0c,0x0a,0x09,0x18,0x10,0x10,0x10,0x10,0x10,0x10,0x18,0x08,0x0c,0x44,0x06,0x03,0x01,0xe0,0x18,0x06,0x03,0x01,0x00,0x03,0x0e,
    0xf0,0x00,0x01,0x0e,0x18,0x30,0x40,0x80,0x80,0x00,0x00,0x00,0x01,0x03,0x04,0x38,0xe0,0x80,0x00,0x00,0x00,0x00,0x80,0x10,0x01,0x00,0x00,0x00,0x00,0x00,0x00,0x00,
    0x00,0x40,0x00,0x02,0x10,0x78,0xc8,0x88,0x08,0x18,0x10,0x20,0xc8,0x80,0x00,0x1f,0x30,0x30,0x18,0x0f,0x80,0xd0,0x40,0x20,0x20,0x20,0x20,0x60,0xc0,0x40,0x08,0x80,
    0x00,0x00,0x00,0x02,0x00,0x20,0x00,0x00,0x00,0x19,0x7e,0x63,0x31,0x1f,0x00,0x04,0x03,0x06,0x08,0x19,0x13,0x1e,0x00,0x20,0x00,0x02,0x00,0x00,0x00,0x00,0x00,0x00,
    0x00,0x00,0x00,0x00,0x00,0x00,0x00,0x01,0x00,0x08,0x00,0x00,0x40,0x00,0x00,0x00,0x00,0x00,0x00,0x00,0x00,0x00,0x00,0x0f,0xf0,0x00,0x00,0x00,0x00,0x80,0x60,0x18,
    0x07,0x00,0x00,0x02,0x00,0x00,0x00,0x00,0x01,0x01,0x01,0x02,0x02,0x02,0x02,0x04,0x04,0x47,0x00,0x08,0x00,0x00,0x00,0x00,0x00,0x00,0x00,0x00,0x00,0x00,0x00,0x00,
    0x00,0x08,0x80,0x00,0x00,0x00,0x00,0x01,0xc1,0x65,0x21,0x11,0x11,0xf1,0x10,0x02,0x07,0x02,0xf0,0x20,0x23,0x42,0xc2,0x12,0x06,0x02,0x02,0x03,0x00,0x00,0x00,0x10
  },
  { // 15
    0x00,0x00,0x00,0x00,0x00,0x20,0x00,0x00,0x00,0x00,0x00,0x00,0x00,0x00,0x00,0x00,0x00,0x00,0x00,0x04,0x0e,0x04,0x00,0x00,0x00,0x00,0x00,0x00,0x00,0x00,0x00,0x00,
    0x00,0x00,0x00,0x00,0x20,0x02,0x00,0x00,0x00,0x00,0x00,0x00,0x00,0x01,0x06,0x8c,0x18,0x20,0x20,0x40,0x40,0x40,0x80,0x80,0x83,0x8e,0xf8,0x80,0x00,0x0f,0x38,0x40,
    0x30,0x18,0x0c,0x83,0x41,0x30,0x10,0x08,0x04,0x06,0x02,0x02,0x02,0x01,0x01,0x01,0x81,0x82,0x42,0x22,0x1a,0x06,0x00,0x01,0x08,0x80,0x00,0x00,0x00,0x00,0x00,0x00,
    0x00,0x00,0x00,0x00,0x00,0x00,0x00,0x00,0x10,0x00,0x00,0x00,0x00,0x00,0x00,0x00,0x00,0x00,0x00,0x00,0x00,0x00,0x00,0x00,0x00,0x00,0x00,0x04,0x0e,0x04,0x00,0x00,
    0x00,0x00,0x00,0x00,0x80,0x00,0x00,0x08,0x00,0x00,0x00,0xf0,0x1a,0x30,0xe0,0x00,0x02,0x00,0x00,0x00,0x00,0x08,0x00,0x00,0x80,0x00,0x00,0x00,0x00,0x00,0x01,0x00,
    0x00,0x00,0x00,0x22,0x00,0x00,0x00,0x00,0x00,0x80,0x40,0x20,0x30,0x10,0x18,0x08,0x08,0x0c,0x04,0x04,0x04,0x04,0x08,0x88,0x48,0x28,0x18,0x00,0x80,0x44,0x8e,0x04,
    0x00,0x20,0xe3,0x22,0x22,0x22,0x22,0x44,0x44,0x44,0x84,0x86,0x02,0x22,0x03,0x01,0x01,0x00,0x00,0x00,0x00,0x00,0x00,0x00,0x80,0x08,0x00,0x00,0x00,0x00,0x00,0x00,
    0x00,0x00,0x00,0x00,0x00,0x00,0x40,0x00,0x00,0x00,0x08,0x00,0x00,0x00,0x00,0xc4,0x60,0x30,0x60,0x84,0x00,0x00,0x01,0x00,0x10,0x00,0x00,0x80,0x00,0x00,0x00,0x00,
    0x00,0x00,0x10,0x00,0x10,0x38,0x68,0x48,0x48,0x48,0x7a,0x31,0x03,0x24,0x77,0x20,0x91,0x9c,0x92,0xd1,0x19,0x0d,0x07,0x01,0x00,0x00,0x10,0x00,0x00,0x00,0x00,0x00,
    0x00,0x00,0x00,0x00,0x02,0x10,0x00,0x0c,0x0b,0x08,0x08,0x08,0x10,0x10,0x10,0x10,0x08,0x08,0x08,0x0c,0x44,0x02,0x01,0x81,0xf0,0x18,0x06,0x03,0x01,0x00,0x03,0x1e,
    0xe0,0x00,0x03,0x0e,0x18,0x20,0x40,0x80,0x80,0x00,0x00,0x00,0x03,0x06,0x0c,0x30,0xc0,0x00,0x00,0x00,0x00,0x00,0x80,0x08,0x00,0x00,0x00,0x00,0x00,0x00,0x00,0x00,
    0x00,0x40,0x00,0x02,0x30,0x70,0xd8,0x88,0x08,0x18,0x10,0x60,0xc8,0x00,0x00,0x1f,0x30,0x30,0x18,0x07,0x80,0xd0,0x60,0x20,0x20,0x20,0x20,0xe0,0xc0,0x40,0x08,0x00,
    0x00,0x00,0x00,0x02,0x00,0x20,0x00,0x00,0x00,0x01,0x7e,0x62,0x31,0x1f,0x00,0x04,0x01,0x06,0x0c,0x09,0x1b,0x1e,0x00,0x20,0x00,0x02,0x00,0x00,0x00,0x00,0x00,0x00,
    0x00,0x00,0x00,0x00,0x00,0x00,0x00,0x01,0x00,0x08,0x00,0x00,0x40,0x00,0x00,0x00,0x00,0x00,0x00,0x00,0x00,0x00,0x00,0x1f,0xe0,0x00,0x00,0x00,0x00,0x80,0x60,0x1c,
    0x03,0x00,0x00,0x02,0x00,0x00,0x00,0x00,0x01,0x01,0x02,0x02,0x02,0x02,0x04,0x04,0x05,0x27,0x00,0x00,0x04,0x00,0x00,0x00,0x00,0x00,0x00,0x00,0x00,0x00,0x00,0x00,
    0x00,0x04,0x80,0x00,0x00,0x00,0x00,0x01,0xc1,0x69,0x21,0x31,0x11,0xf1,0x30,0x02,0x07,0x02,0xf0,0x30,0x21,0x62,0xc2,0x12,0x02,0x02,0x03,0x01,0x00,0x00,0x00,0x11
  },
  { // 16
    0x00,0x00,0x00,0x00,0x20,0x70,0x20,0x00,0x00,0x00,0x00,0x00,0x00,0x00,0x00,0x00,0x00,0x00,0x00,0x04,0x0e,0x04,0x00,0x00,0x00,0x00,0x00,0x00,0x00,0x00,0x00,0x00,
    0x00,0x00,0x00,0x20,0x00,0x02,0x00,0x00,0x00,0x00,0x00,0x00,0x00,0x01,0x06,0x8c,0x18,0x10,0x20,0x60,0x40,0x40,0x40,0x80,0x83,0x8e,0xb8,0xc0,0x00,0x0f,0x38,0x40,
    0x30,0x18,0x0c,0x86,0x41,0x20,0x10,0x08,0x0c,0x04,0x02,0x02,0x02,0x02,0x02,0x02,0x02,0x82,0x42,0x22,0x12,0x0e,0x00,0x00,0x08,0x80,0x00,0x00,0x00,0x00,0x00,0x00,
    0x00,0x00,0x00,0x00,0x00,0x00,0x00,0x00,0x10,0x00,0x00,0x00,0x00,0x00,0x00,0x00,0x00,0x00,0x00,0x00,0x00,0x00,0x00,0x00,0x00,0x00,0x00,0x04,0x0e,0x04,0x00,0x00,
    0x00,0x00,0x00,0x00,0x80,0x00,0x00,0x08,0x00,0x00,0x00,0xf0,0x1a,0x30,0xe0,0x00,0x00,0x02,0x00,0x00,0x00,0x08,0x00,0x00,0x80,0x00,0x00,0x00,0x00,0x00,0x00,0x00,
    0x00,0x00,0x00,0x22,0x00,0x00,0x00,0x00,0x00,0x80,0x40,0x20,0x10,0x10,0x08,0x08,0x04,0x04,0x04,0x04,0x04,0x04,0x04,0x88,0x48,0x38,0x18,0x00,0x80,0x44,0x8e,0x04,
    0x00,0x60,0xa3,0x23,0x22,0x22,0x44,0x44,0x44,0xc4,0x84,0x04,0x04,0x22,0x02,0x01,0x01,0x00,0x00,0x00,0x00,0x00,0x00,0x00,0x00,0x88,0x00,0x00,0x00,0x00,0x00,0x00,
    0x00,0x00,0x00,0x00,0x00,0x00,0x40,0x00,0x00,0x00,0x08,0x00,0x00,0x00,0x00,0xc4,0x60,0x30,0xe0,0x80,0x04,0x00,0x01,0x00,0x10,0x00,0x00,0x80,0x00,0x00,0x00,0x00,
    0x00,0x00,0x10,0x00,0x10,0x38,0x68,0x48,0x48,0x48,0x7a,0x31,0x03,0x24,0x77,0x20,0x91,0x9e,0x93,0xb1,0x19,0x0d,0x07,0x01,0x00,0x00,0x10,0x00,0x00,0x00,0x00,0x00,
    0x00,0x00,0x00,0x00,0x02,0x20,0x00,0x0e,0x09,0x08,0x08,0x08,0x08,0x08,0x08,0x08,0x08,0x08,0x08,0x04,0x46,0x02,0x01,0xc0,0x70,0x0c,0x06,0x03,0x01,0x00,0x03,0x3e,
    0xe0,0x00,0x03,0x0e,0x18,0x60,0xc0,0x80,0x00,0x00,0x00,0x01,0x03,0x06,0x0c,0x70,0x80,0x00,0x00,0x00,0x00,0x00,0x80,0x08,0x00,0x00,0x00,0x00,0x00,0x00,0x00,0x00,
    0x00,0x20,0x00,0x02,0x30,0x70,0xd0,0x88,0x18,0x10,0x10,0x60,0xc8,0x00,0x07,0x1d,0x30,0x30,0x1c,0x07,0x80,0xd0,0x60,0x20,0x20,0x20,0x20,0xa0,0xe0,0x40,0x08,0x00,
    0x00,0x00,0x00,0x02,0x00,0x20,0x00,0x00,0x00,0x01,0x7e,0x62,0x21,0x1f,0x00,0x04,0x01,0x06,0x0c,0x09,0x09,0x1e,0x08,0x20,0x00,0x02,0x00,0x00,0x00,0x00,0x00,0x00,
    0x00,0x00,0x00,0x00,0x00,0x00,0x00,0x01,0x00,0x00,0x10,0x00,0x40,0x00,0x00,0x00,0x00,0x00,0x00,0x00,0x00,0x00,0x00,0x3f,0xc0,0x00,0x00,0x00,0x80,0xc0,0x30,0x1e,
    0x03,0x00,0x00,0x02,0x00,0x00,0x00,0x01,0x01,0x01,0x02,0x02,0x06,0x04,0x04,0x04,0x07,0x26,0x00,0x00,0x04,0x00,0x00,0x00,0x00,0x00,0x00,0x00,0x00,0x00,0x00,0x00,
    0x00,0x04,0x80,0x00,0x00,0x00,0x00,0x01,0x81,0x69,0x21,0x31,0x11,0xf1,0x30,0x02,0x07,0x02,0xf0,0x30,0x21,0x62,0xc2,0x12,0x02,0x02,0x03,0x01,0x00,0x00,0x00,0x21
  },
  { // 17
    0x00,0x00,0x00,0x00,0x20,0x70,0x20,0x00,0x00,0x00,0x00,0x00,0x00,0x00,0x00,0x00,0x00,0x00,0x00,0x04,0x0e,0x04,0x00,0x00,0x00,0x00,0x00,0x00,0x00,0x00,0x00,0x00,
    0x00,0x00,0x00,0x20,0x02,0x00,0x00,0x00,0x00,0x00,0x00,0x00,0x00,0x01,0x07,0x8c,0x08,0x10,0x20,0x60,0x40,0x40,0x40,0x80,0x81,0x86,0xb8,0xc0,0x00,0x07,0x38,0x60,
    0x30,0x18,0x0c,0x86,0x41,0x20,0x10,0x08,0x0c,0x04,0x02,0x02,0x02,0x02,0x02,0x02,0x02,0x82,0xc2,0x62,0x14,0x0c,0x04,0x00,0x08,0x80,0x00,0x00,0x00,0x00,0x00,0x00,
    0x00,0x00,0x00,0x00,0x00,0x00,0x00,0x00,0x10,0x00,0x00,0x00,0x00,0x00,0x00,0x00,0x00,0x00,0x00,0x00,0x00,0x00,0x00,0x00,0x00,0x00,0x00,0x04,0x0e,0x04,0x00,0x00,
    0x00,0x00,0x00,0x00,0x80,0x00,0x00,0x08,0x00,0x00,0x00,0xf0,0x1a,0x30,0xe0,0x00,0x00,0x02,0x00,0x00,0x00,0x08,0x00,0x00,0x00,0x80,0x00,0x00,0x00,0x00,0x00,0x00,
    0x00,0x00,0x00,0x22,0x00,0x00,0x00,0x00,0x00,0xc0,0x60,0x20,0x10,0x08,0x08,0x0c,0x04,0x04,0x04,0x04,0x04,0x04,0x04,0x8c,0x48,0x38,0x18,0x00,0x80,0xc4,0x8e,0x04,
    0x00,0x60,0xa3,0x23,0x22,0x26,0x44,0x44,0x44,0xc4,0x84,0x04,0x04,0x26,0x02,0x02,0x01,0x00,0x00,0x00,0x00,0x00,0x00,0x00,0x00,0x88,0x00,0x00,0x00,0x00,0x00,0x00,
    0x00,0x00,0x00,0x00,0x00,0x00,0x20,0x00,0x00,0x00,0x08,0x00,0x00,0x00,0x00,0xc4,0x20,0x30,0xe0,0x80,0x04,0x00,0x01,0x00,0x10,0x00,0x00,0x00,0x80,0x00,0x00,0x00,
    0x00,0x00,0x08,0x00,0x10,0x38,0x68,0x48,0x48,0x48,0x7a,0x33,0x02,0x24,0x77,0x20,0x99,0x9e,0x93,0xb9,0x09,0x0d,0x07,0x00,0x00,0x00,0x10,0x00,0x00,0x00,0x00,0x00,
    0x00,0x00,0x00,0x00,0x02,0x20,0x04,0x06,0x05,0x08,0x08,0x08,0x08,0x08,0x08,0x08,0x08,0x08,0x08,0x04,0x46,0x02,0x01,0xc0,0x30,0x0c,0x06,0x03,0x01,0x00,0x03,0x7c,
    0x80,0x00,0x03,0x0c,0x30,0x60,0xc0,0x80,0x00,0x00,0x00,0x01,0x02,0x06,0x1c,0x70,0x80,0x00,0x00,0x00,0x00,0x00,0x40,0x00,0x08,0x00,0x00,0x00,0x00,0x00,0x00,0x00,
    0x00,0x20,0x00,0x02,0x30,0x70,0x90,0x10,0x10,0x10,0x30,0x60,0xc8,0x00,0x07,0x1c,0x30,0x30,0x1c,0x07,0x80,0xc8,0x60,0x20,0x20,0x20,0x20,0xa0,0xe0,0x40,0x08,0x00,
    0x00,0x00,0x01,0x00,0x00,0x20,0x00,0x00,0x00,0x01,0x7c,0x62,0x21,0x1f,0x00,0x04,0x01,0x07,0x0c,0x08,0x09,0x0e,0x08,0x20,0x00,0x02,0x00,0x00,0x00,0x00,0x00,0x00,
    0x00,0x00,0x00,0x00,0x00,0x00,0x00,0x02,0x00,0x00,0x10,0x00,0x00,0x80,0x00,0x00,0x00,0x00,0x00,0x00,0x00,0x00,0x00,0x3f,0xc0,0x00,0x00,0x00,0x80,0xe0,0x30,0x0f,
    0x00,0x00,0x00,0x02,0x00,0x00,0x00,0x01,0x01,0x02,0x02,0x02,0x06,0x04,0x04,0x04,0x07,0x24,0x00,0x00,0x04,0x00,0x00,0x00,0x00,0x00,0x00,0x00,0x00,0x00,0x00,0x00,
    0x00,0x04,0x80,0x00,0x00,0x00,0x00,0x01,0x81,0xc9,0x21,0x31,0x11,0xd1,0x70,0x02,0x07,0x02,0xf0,0x30,0x21,0x62,0xc2,0x92,0x02,0x02,0x03,0x01,0x00,0x00,0x00,0x21
  },
  { // 18
    0x00,0x00,0x00,0x00,0x20,0x70,0x20,0x00,0x00,0x00,0x00,0x00,0x00,0x00,0x00,0x00,0x00,0x00,0x00,0x04,0x0e,0x04,0x00,0x00,0x00,0x00,0x00,0x00,0x00,0x00,0x00,0x00,
    0x00,0x00,0x00,0x40,0x04,0x00,0x00,0x00,0x00,0x00,0x00,0x00,0x00,0x00,0x03,0x86,0x08,0x10,0x30,0x20,0x40,0x40,0x40,0xc0,0x81,0x86,0xb8,0xc0,0x00,0x07,0x38,0x60,
    0x30,0x18,0x0c,0x86,0x43,0x20,0x10,0x18,0x0c,0x04,0x04,0x02,0x02,0x02,0x02,0x02,0x02,0x82,0xc2,0x64,0x34,0x1c,0x04,0x00,0x04,0x40,0x00,0x00,0x00,0x00,0x00,0x00,
    0x00,0x00,0x00,0x00,0x00,0x00,0x00,0x00,0x10,0x00,0x00,0x00,0x00,0x00,0x00,0x00,0x00,0x00,0x00,0x00,0x00,0x00,0x00,0x00,0x00,0x00,0x00,0x04,0x0e,0x04,0x00,0x00,
    0x00,0x00,0x00,0x00,0x80,0x00,0x00,0x08,0x00,0x00,0x00,0xf8,0x1a,0x30,0xe0,0x00,0x00,0x02,0x00,0x00,0x00,0x10,0x00,0x00,0x00,0x80,0x00,0x00,0x00,0x00,0x00,0x00,
    0x00,0x00,0x00,0x44,0x00,0x00,0x00,0x00,0x80,0xc0,0x60,0x30,0x10,0x08,0x08,0x0c,0x04,0x04,0x04,0x04,0x04,0x04,0x04,0x8c,0x48,0x38,0x18,0x00,0x80,0xc4,0x8e,0x04,
    0x00,0x60,0xa3,0x23,0x22,0x66,0x44,0x44,0x44,0x84,0x84,0x04,0x04,0x26,0x02,0x02,0x01,0x01,0x00,0x00,0x00,0x00,0x00,0x00,0x00,0x44,0x00,0x00,0x00,0x00,0x00,0x00,
    0x00,0x00,0x00,0x00,0x00,0x00,0x00,0x20,0x00,0x00,0x00,0x08,0x00,0x00,0x80,0xe4,0x30,0x30,0xc0,0x00,0x08,0x00,0x01,0x00,0x10,0x00,0x00,0x00,0x00,0x00,0x00,0x00,
    0x00,0x00,0x08,0x00,0x30,0x30,0x48,0x48,0x48,0x48,0x72,0x33,0x06,0x24,0x77,0x20,0x89,0x9e,0x93,0xb9,0x89,0x0d,0x07,0x00,0x00,0x00,0x10,0x00,0x00,0x00,0x00,0x00,
    0x00,0x00,0x00,0x00,0x04,0x00,0x24,0x07,0x05,0x04,0x08,0x08,0x08,0x08,0x08,0x08,0x08,0x08,0x04,0x04,0x46,0x03,0x01,0xc0,0x38,0x0c,0x06,0x03,0x01,0x00,0x03,0xfc,
    0x00,0x00,0x03,0x0c,0x30,0x40,0x80,0x80,0x00,0x00,0x01,0x01,0x02,0x0c,0x18,0xe0,0x00,0x00,0x00,0x00,0x00,0x00,0x40,0x00,0x04,0x00,0x00,0x00,0x00,0x00,0x00,0x00,
    0x00,0x00,0x20,0x02,0x30,0xd0,0x90,0x10,0x10,0x10,0x30,0x60,0xc8,0x00,0x07,0x1c,0x30,0x30,0x0d,0x07,0x88,0xc0,0x60,0x20,0x20,0x20,0x20,0xa0,0xe1,0x00,0x10,0x00,
    0x00,0x00,0x01,0x00,0x00,0x20,0x00,0x00,0x00,0x01,0x7c,0x42,0x61,0x3f,0x00,0x04,0x01,0x07,0x0c,0x08,0x09,0x0f,0x08,0x20,0x00,0x02,0x00,0x00,0x00,0x00,0x00,0x00,
    0x00,0x00,0x00,0x00,0x00,0x00,0x00,0x02,0x00,0x00,0x10,0x00,0x00,0x80,0x00,0x00,0x00,0x00,0x00,0x00,0x00,0x00,0x00,0xff,0x80,0x00,0x00,0x00,0xc0,0x60,0x30,0x0f,
    0x00,0x00,0x00,0x02,0x00,0x00,0x00,0x01,0x01,0x02,0x02,0x06,0x04,0x04,0x04,0x84,0x0f,0x04,0x20,0x00,0x04,0x00,0x00,0x00,0x00,0x00,0x00,0x00,0x00,0x00,0x00,0x00,
    0x00,0x04,0x40,0x00,0x00,0x00,0x01,0x01,0x81,0xc9,0x61,0x21,0x11,0x91,0x70,0x02,0x07,0x02,0xf0,0x30,0x21,0x62,0xc2,0x92,0x02,0x02,0x01,0x01,0x00,0x00,0x20,0x01
  },
  { // 19
    0x00,0x00,0x00,0x00,0x20,0x70,0x20,0x00,0x00,0x00,0x00,0x00,0x00,0x00,0x00,0x00,0x00,0x00,0x00,0x00,0x04,0x00,0x00,0x00,0x00,0x00,0x00,0x00,0x00,0x00,0x00,0x00,
    0x00,0x00,0x00,0x40,0x04,0x00,0x00,0x00,0x00,0x00,0x00,0x00,0x00,0x00,0x03,0x86,0x08,0x10,0x30,0x20,0x40,0x40,0x40,0xc0,0x81,0x87,0xbc,0xc0,0x00,0x07,0x38,0x60,
    0x20,0x18,0x0c,0x86,0xc3,0x60,0x30,0x18,0x08,0x04,0x04,0x06,0x02,0x02,0x02,0x02,0x02,0x82,0x84,0x44,0x34,0x1c,0x0c,0x00,0x04,0x40,0x00,0x00,0x00,0x00,0x00,0x00,
    0x00,0x00,0x00,0x00,0x00,0x00,0x00,0x00,0x10,0x00,0x00,0x00,0x00,0x00,0x00,0x00,0x00,0x00,0x00,0x00,0x00,0x00,0x00,0x00,0x00,0x00,0x00,0x04,0x0e,0x04,0x00,0x00,
    0x00,0x00,0x00,0x00,0x40,0x00,0x00,0x08,0x00,0x00,0x00,0xf8,0x12,0x30,0xc0,0x00,0x00,0x02,0x00,0x00,0x80,0x80,0x90,0x00,0x00,0x00,0x00,0x00,0x00,0x00,0x00,0x00,
    0x00,0x00,0x00,0x44,0x00,0x00,0x00,0x00,0x80,0x40,0x20,0x30,0x18,0x08,0x08,0x04,0x04,0x04,0x04,0x04,0x04,0x04,0x84,0xc4,0x68,0x38,0x18,0x00,0x80,0xc4,0x8e,0x04,
    0x00,0x60,0xa3,0x23,0x22,0x64,0x44,0x44,0x44,0x84,0x84,0x04,0x04,0x24,0x02,0x02,0x03,0x01,0x00,0x00,0x00,0x00,0x00,0x00,0x00,0x44,0x00,0x00,0x00,0x00,0x00,0x00,
    0x00,0x00,0x00,0x00,0x00,0x00,0x00,0x20,0x00,0x00,0x00,0x08,0x00,0x00,0x80,0xe4,0x30,0x70,0xc0,0x00,0x08,0x00,0x00,0x00,0x20,0x00,0x00,0x00,0x00,0x00,0x00,0x00,
    0x00,0x00,0x08,0x00,0x30,0x70,0x58,0x48,0x48,0x48,0x74,0x33,0x06,0x24,0x77,0x20,0x89,0x9e,0x9b,0xa9,0x89,0x0c,0x07,0x00,0x00,0x01,0x10,0x00,0x00,0x00,0x00,0x00,
    0x00,0x00,0x00,0x00,0x04,0x00,0x46,0x07,0x05,0x04,0x04,0x08,0x08,0x08,0x08,0x08,0x08,0x0c,0x04,0x24,0x02,0x03,0x01,0xe0,0x18,0x0c,0x06,0x03,0x00,0x00,0x03,0xfc,
    0x00,0x00,0x07,0x1c,0x30,0xc0,0x80,0x00,0x00,0x00,0x01,0x01,0x02,0x0c,0x38,0xe0,0x00,0x00,0x00,0x00,0x00,0x00,0x40,0x00,0x04,0x00,0x00,0x00,0x00,0x00,0x00,0x00,
    0x00,0x00,0x20,0x00,0x72,0xd0,0x90,0x10,0x10,0x10,0x30,0x60,0xc8,0x00,0x07,0x18,0x30,0x30,0x0f,0x00,0x88,0xc0,0x60,0x20,0x10,0x10,0x20,0xa0,0xe1,0x00,0x10,0x00,
    0x00,0x00,0x01,0x00,0x00,0x20,0x00,0x00,0x00,0x01,0x7c,0x46,0x63,0x3f,0x0c,0x04,0x01,0x07,0x0c,0x08,0x09,0x0f,0x4c,0x00,0x00,0x02,0x00,0x00,0x00,0x00,0x00,0x00,
    0x00,0x00,0x00,0x00,0x00,0x00,0x00,0x00,0x02,0x00,0x10,0x00,0x00,0x80,0x00,0x00,0x00,0x00,0x00,0x00,0x00,0x00,0x0e,0xf9,0x00,0x00,0x00,0x00,0xc0,0x60,0x18,0x07,
    0x00,0x00,0x00,0x02,0x00,0x00,0x00,0x01,0x02,0x02,0x06,0x04,0x04,0x04,0x04,0x88,0x0f,0x00,0x10,0x00,0x02,0x00,0x00,0x00,0x00,0x00,0x00,0x00,0x00,0x00,0x00,0x00,
    0x00,0x04,0x40,0x00,0x00,0x00,0x01,0x01,0x01,0xc9,0x61,0x21,0x11,0x91,0xf0,0x02,0x07,0x02,0xf0,0x11,0x21,0x63,0xc2,0x8a,0x02,0x03,0x01,0x01,0x00,0x00,0x20,0x01
  },
  { // 20
    0x00,0x00,0x00,0x00,0x20,0x70,0x20,0x00,0x00,0x00,0x00,0x00,0x00,0x00,0x00,0x00,0x00,0x00,0x00,0x00,0x04,0x00,0x00,0x00,0x00,0x00,0x00,0x00,0x00,0x00,0x00,0x00,
    0x00,0x00,0x00,0x40,0x04,0x00,0x00,0x00,0x00,0x00,0x00,0x00,0x00,0x00,0x01,0x46,0x0c,0x18,0x30,0x20,0x20,0x40,0x40,0x40,0x80,0x87,0x9c,0xe0,0x00,0x03,0x3c,0x60,
    0x20,0x30,0x0c,0x86,0xc3,0x60,0x30,0x18,0x08,0x0c,0x04,0x04,0x02,0x02,0x02,0x02,0x02,0x04,0x84,0x44,0x24,0x18,0x08,0x00,0x04,0x40,0x00,0x00,0x00,0x00,0x00,0x00,
    0x00,0x00,0x00,0x00,0x00,0x00,0x00,0x10,0x38,0x10,0x00,0x00,0x00,0x00,0x00,0x00,0x00,0x00,0x00,0x00,0x00,0x00,0x00,0x00,0x00,0x00,0x00,0x04,0x0e,0x04,0x00,0x00,
    0x00,0x00,0x00,0x00,0x40,0x00,0x00,0x00,0x08,0x00,0xc0,0xf8,0x12,0x70,0xc0,0x00,0x00,0x02,0x00,0x00,0x80,0x80,0x90,0x00,0x00,0x00,0x00,0x00,0x00,0x00,0x00,0x00,
    0x00,0x00,0x00,0x44,0x00,0x00,0x00,0x00,0x80,0x40,0x20,0x10,0x18,0x08,0x0c,0x04,0x04,0x04,0x04,0x04,0x04,0x04,0x84,0xc4,0x68,0x38,0x18,0x80,0x80,0xc4,0x8e,0x04,
    0x00,0xe0,0x23,0x23,0x22,0x44,0x44,0x44,0x84,0x84,0x84,0x04,0x04,0x44,0x06,0x02,0x03,0x01,0x00,0x00,0x00,0x00,0x00,0x00,0x00,0x44,0x00,0x00,0x00,0x00,0x00,0x00,
    0x00,0x00,0x00,0x00,0x00,0x00,0x00,0x20,0x00,0x00,0x00,0x08,0x00,0x00,0x80,0xe0,0x34,0x70,0xc0,0x00,0x08,0x00,0x00,0x00,0x00,0x20,0x00,0x00,0x00,0x00,0x00,0x00,
    0x00,0x00,0x08,0x00,0x30,0x70,0x58,0x48,0x48,0x58,0x74,0x33,0x06,0x24,0x77,0x20,0x89,0x8e,0x8b,0xa9,0x88,0x0e,0x03,0x00,0x00,0x01,0x20,0x00,0x00,0x00,0x00,0x00,
    0x00,0x00,0x00,0x00,0x04,0x00,0x42,0x03,0x04,0x04,0x04,0x04,0x08,0x08,0x08,0x08,0x08,0x04,0x04,0x26,0x02,0x03,0x81,0xe0,0x18,0x0c,0x06,0x01,0x00,0x00,0x07,0xf8,
    0x00,0x00,0x07,0x1c,0x20,0xc0,0x80,0x00,0x00,0x00,0x01,0x03,0x06,0x0c,0x30,0xc0,0x00,0x00,0x00,0x00,0x00,0x00,0x40,0x00,0x04,0x00,0x00,0x00,0x00,0x00,0x00,0x00,
    0x00,0x00,0x20,0x00,0x71,0xd0,0x90,0x10,0x10,0x10,0x30,0x60,0xc8,0x00,0x0f,0x38,0x20,0x38,0x0f,0x00,0x88,0xc0,0x20,0x30,0x10,0x10,0x30,0xa0,0x61,0x00,0x10,0x00,
    0x00,0x00,0x01,0x00,0x00,0x10,0x00,0x00,0x00,0x01,0x7c,0x46,0x63,0x3b,0x0e,0x00,0x04,0x07,0x0c,0x08,0x09,0x0f,0x4c,0x00,0x00,0x02,0x00,0x00,0x00,0x00,0x00,0x00,
    0x00,0x00,0x00,0x00,0x00,0x00,0x00,0x00,0x02,0x00,0x20,0x00,0x00,0x80,0x00,0x00,0x00,0x00,0x00,0x00,0x00,0x00,0x1f,0xe0,0x00,0x00,0x00,0x80,0x40,0x20,0x1c,0x07,
    0x00,0x00,0x02,0x00,0x00,0x00,0x01,0x01,0x02,0x02,0x04,0x04,0x04,0x08,0x08,0x89,0x0e,0x00,0x10,0x00,0x02,0x00,0x00,0x00,0x00,0x00,0x00,0x00,0x00,0x00,0x00,0x00,
    0x00,0x02,0x40,0x00,0x00,0x00,0x01,0x01,0x03,0xca,0x63,0x21,0x31,0x11,0xf0,0x02,0x07,0x02,0xf0,0x11,0x21,0x23,0x42,0x8a,0x02,0x03,0x01,0x00,0x00,0x00,0x20,0x02
  },
  { // 21
    0x00,0x00,0x00,0x00,0x20,0x70,0x20,0x00,0x00,0x00,0x00,0x00,0x00,0x00,0x00,0x00,0x00,0x00,0x00,0x00,0x04,0x00,0x00,0x00,0x00,0x00,0x00,0x00,0x00,0x00,0x00,0x00,
    0x00,0x00,0x00,0x80,0x08,0x00,0x00,0x00,0x00,0x00,0x00,0x00,0x00,0x00,0x01,0x43,0x0c,0x18,0x10,0x20,0x20,0x40,0x40,0x40,0xc0,0x83,0x9c,0xe0,0x00,0x03,0x3e,0x60,
    0x60,0x30,0x18,0x86,0xc3,0x61,0x30,0x18,0x08,0x08,0x04,0x04,0x04,0x04,0x02,0x04,0x04,0x04,0x84,0xc4,0x2c,0x18,0x08,0x00,0x04,0x20,0x00,0x00,0x00,0x00,0x00,0x00,
    0x00,0x00,0x00,0x00,0x00,0x00,0x00,0x10,0x38,0x10,0x00,0x00,0x00,0x00,0x00,0x00,0x00,0x00,0x00,0x00,0x00,0x00,0x00,0x00,0x00,0x00,0x00,0x04,0x0e,0x04,0x00,0x00,
    0x00,0x00,0x00,0x00,0x40,0x00,0x00,0x00,0x08,0x00,0xe0,0xb8,0x12,0x60,0xc0,0x00,0x00,0x04,0x00,0x80,0x80,0x80,0x90,0x00,0x00,0x00,0x00,0x00,0x00,0x00,0x00,0x00,
    0x00,0x00,0x00,0x88,0x00,0x00,0x00,0x00,0x80,0x60,0x20,0x10,0x08,0x08,0x04,0x04,0x04,0x04,0x02,0x04,0x04,0x04,0x84,0xc4,0x64,0x38,0x18,0x80,0xc0,0xc4,0x8e,0x04,
    0x00,0xe0,0x23,0x23,0x64,0x44,0x44,0x44,0x84,0x84,0x08,0x04,0x04,0x44,0x04,0x02,0x02,0x01,0x00,0x00,0x00,0x00,0x00,0x00,0x00,0x22,0x00,0x00,0x00,0x00,0x00,0x00,
    0x00,0x00,0x00,0x00,0x00,0x00,0x00,0x20,0x00,0x00,0x00,0x08,0x00,0x00,0x80,0x60,0x34,0x60,0xc0,0x00,0x00,0x08,0x00,0x00,0x00,0x20,0x00,0x00,0x00,0x00,0x00,0x00,
    0x00,0x00,0x08,0x00,0x20,0x70,0x58,0xc8,0xc8,0x58,0x54,0x33,0x06,0x24,0x73,0x20,0x89,0x8e,0x8b,0xa9,0x88,0x06,0x03,0x00,0x00,0x01,0x20,0x00,0x00,0x00,0x00,0x00,
    0x00,0x00,0x00,0x00,0x04,0x00,0x42,0x03,0x06,0x04,0x04,0x04,0x04,0x04,0x08,0x04,0x04,0x04,0x04,0x22,0x02,0x03,0x81,0x70,0x18,0x0c,0x03,0x01,0x00,0x00,0x0f,0xf8,
    0x00,0x00,0x07,0x18,0x60,0xc0,0x80,0x00,0x00,0x00,0x01,0x03,0x06,0x18,0x70,0xc0,0x00,0x00,0x00,0x00,0x00,0x00,0x00,0x20,0x02,0x00,0x00,0x00,0x00,0x00,0x00,0x00,
    0x00,0x00,0x10,0x00,0x61,0xf0,0x90,0x10,0x10,0x30,0x20,0x60,0xc8,0x00,0x0f,0x38,0x20,0x38,0x0f,0x00,0x88,0xc0,0x20,0x30,0x10,0x10,0x90,0xe0,0x61,0x00,0x10,0x00,
    0x00,0x00,0x01,0x00,0x10,0x00,0x00,0x00,0x00,0x01,0x7c,0x46,0x63,0x33,0x0e,0x00,0x04,0x07,0x04,0x08,0x09,0x0b,0x4c,0x00,0x00,0x04,0x00,0x00,0x00,0x00,0x00,0x00,
    0x00,0x00,0x00,0x00,0x00,0x00,0x00,0x00,0x04,0x00,0x00,0x20,0x00,0x00,0x80,0x00,0x00,0x00,0x00,0x00,0x00,0x00,0x3f,0xc0,0x00,0x00,0x00,0x80,0x40,0x30,0x1c,0x03,
    0x00,0x00,0x02,0x00,0x00,0x00,0x01,0x01,0x02,0x06,0x04,0x04,0x08,0x08,0x08,0x8b,0x0c,0x00,0x10,0x00,0x00,0x02,0x00,0x00,0x00,0x00,0x00,0x00,0x00,0x00,0x00,0x00,
    0x00,0x02,0x40,0x00,0x00,0x00,0x01,0x01,0x02,0xca,0x62,0x21,0x31,0x11,0xf0,0x02,0x07,0x02,0xf0,0x11,0x21,0x23,0x42,0xca,0x02,0x03,0x01,0x00,0x00,0x00,0x40,0x02
  },
  { // 22
    0x00,0x00,0x00,0x00,0x20,0x70,0x20,0x00,0x00,0x00,0x00,0x00,0x00,0x00,0x00,0x00,0x00,0x00,0x00,0x00,0x04,0x00,0x00,0x00,0x00,0x00,0x00,0x00,0x00,0x00,0x00,0x00,
    0x00,0x00,0x00,0x80,0x08,0x00,0x00,0x00,0x00,0x00,0x00,0x00,0x00,0x00,0x01,0x43,0x04,0x18,0x10,0x30,0x20,0x20,0x40,0x40,0xc0,0x83,0x9c,0xe0,0x00,0x03,0x1e,0x60,
    0x60,0x30,0x18,0x8c,0xc3,0x61,0x30,0x10,0x18,0x08,0x04,0x04,0x04,0x04,0x04,0x04,0x04,0x04,0x84,0xc4,0x68,0x38,0x18,0x00,0x02,0x20,0x00,0x00,0x00,0x00,0x00,0x00,
    0x00,0x00,0x00,0x00,0x00,0x00,0x00,0x10,0x38,0x10,0x00,0x00,0x00,0x00,0x00,0x00,0x00,0x00,0x00,0x00,0x00,0x00,0x00,0x00,0x00,0x00,0x00,0x04,0x0e,0x04,0x00,0x00,
    0x00,0x00,0x00,0x00,0x40,0x00,0x00,0x00,0x08,0x00,0xe0,0x30,0x30,0x62,0xc0,0x00,0x00,0x00,0x04,0x80,0x80,0x80,0x90,0x00,0x00,0x00,0x00,0x00,0x00,0x00,0x00,0x00,
    0x00,0x00,0x00,0x88,0x00,0x00,0x00,0x80,0xc0,0x60,0x30,0x18,0x08,0x04,0x04,0x04,0x04,0x02,0x02,0x02,0x02,0x04,0x84,0xc4,0x64,0x38,0x18,0x80,0xc0,0xc4,0x0e,0x04,
    0x00,0xe0,0x23,0x23,0x64,0x44,0x44,0x84,0x88,0x88,0x08,0x08,0x04,0x44,0x04,0x04,0x02,0x03,0x01,0x00,0x00,0x00,0x00,0x00,0x00,0x22,0x00,0x00,0x00,0x00,0x00,0x00,
    0x00,0x00,0x00,0x00,0x00,0x00,0x00,0x20,0x00,0x00,0x00,0x08,0x00,0x00,0xc0,0x60,0x34,0x60,0x80,0x00,0x00,0x08,0x00,0x00,0x00,0x20,0x00,0x00,0x00,0x00,0x00,0x00,
    0x00,0x00,0x08,0x00,0x20,0x70,0x58,0x88,0x88,0xd8,0x55,0x23,0x06,0x26,0x73,0x20,0x89,0x8e,0x89,0xa9,0x8c,0x06,0x03,0x00,0x00,0x01,0x20,0x00,0x00,0x00,0x00,0x00,
    0x00,0x00,0x00,0x00,0x08,0x00,0x43,0x03,0x02,0x04,0x04,0x04,0x04,0x04,0x04,0x04,0x04,0x04,0x04,0x22,0x03,0x01,0x81,0x70,0x18,0x06,0x03,0x01,0x00,0x00,0x0f,0xf8,
    0x00,0x00,0x07,0x18,0x60,0xc0,0x00,0x00,0x00,0x01,0x01,0x03,0x04,0x18,0x70,0x80,0x00,0x00,0x00,0x00,0x00,0x00,0x00,0x20,0x02,0x00,0x00,0x00,0x00,0x00,0x00,0x00,
    0x00,0x00,0x10,0x00,0x61,0xe0,0x90,0x10,0x10,0x30,0x20,0xc0,0x88,0x00,0x0f,0x38,0x20,0x38,0x0f,0x00,0xc8,0x60,0x20,0x30,0x10,0x10,0x90,0xf0,0x61,0x00,0x10,0x00,
    0x00,0x00,0x01,0x00,0x10,0x00,0x00,0x00,0x80,0x00,0x3d,0x46,0x63,0x33,0x1e,0x00,0x04,0x03,0x04,0x0c,0x09,0x0b,0x4e,0x00,0x00,0x04,0x00,0x00,0x00,0x00,0x00,0x00,
    0x00,0x00,0x00,0x00,0x00,0x00,0x00,0x00,0x04,0x00,0x00,0x20,0x00,0x00,0x00,0x00,0x00,0x00,0x00,0x00,0x00,0x00,0x7f,0xc0,0x00,0x00,0x00,0xc0,0x60,0x30,0x0e,0x03,
    0x00,0x00,0x02,0x00,0x00,0x00,0x01,0x02,0x02,0x06,0x04,0x04,0x08,0x08,0x08,0x8f,0x18,0x00,0x10,0x00,0x00,0x01,0x00,0x00,0x00,0x00,0x00,0x00,0x00,0x00,0x00,0x00,
    0x00,0x02,0x40,0x00,0x00,0x00,0x01,0x03,0x02,0xca,0x42,0x23,0x21,0x11,0xf0,0x02,0x07,0x02,0xf0,0x11,0x31,0x21,0x62,0xca,0x02,0x01,0x01,0x00,0x00,0x00,0x40,0x02
  },
  { // 23
    0x00,0x00,0x00,0x00,0x20,0x70,0x20,0x00,0x00,0x00,0x00,0x00,0x00,0x00,0x00,0x00,0x00,0x00,0x00,0x00,0x04,0x00,0x00,0x00,0x00,0x00,0x00,0x00,0x00,0x00,0x00,0x00,
    0x00,0x00,0x00,0x80,0x08,0x00,0x00,0x00,0x00,0x00,0x00,0x00,0x00,0x00,0x00,0x43,0x04,0x08,0x18,0x10,0x20,0x20,0x40,0x40,0x40,0x83,0x9c,0xf0,0x00,0x01,0x1e,0x60,
    0x60,0x30,0x18,0x8c,0xc7,0x61,0x20,0x10,0x18,0x08,0x08,0x04,0x04,0x04,0x04,0x04,0x04,0x04,0x8c,0x88,0x68,0x28,0x10,0x02,0x20,0x00,0x00,0x00,0x00,0x00,0x00,0x00,
    0x00,0x00,0x00,0x00,0x00,0x00,0x00,0x10,0x38,0x10,0x00,0x00,0x00,0x00,0x00,0x00,0x00,0x00,0x00,0x00,0x00,0x00,0x00,0x00,0x00,0x00,0x00,0x00,0x04,0x00,0x00,0x00,
    0x00,0x00,0x00,0x00,0x40,0x00,0x00,0x00,0x08,0x00,0xe0,0x10,0x30,0x62,0xc0,0x00,0x00,0x00,0x04,0x80,0x80,0x80,0x90,0x00,0x00,0x00,0x00,0x00,0x00,0x00,0x00,0x00,
    0x00,0x00,0x00,0x08,0x80,0x00,0x00,0x80,0xc0,0x20,0x30,0x18,0x08,0x04,0x04,0x06,0x02,0x02,0x02,0x02,0x02,0x06,0x84,0xc4,0x64,0x38,0x18,0x80,0xc0,0xc4,0x0e,0x04,
    0x00,0xe0,0x23,0x23,0x44,0x44,0x44,0x8c,0x88,0x08,0x08,0x08,0x08,0x4c,0x04,0x04,0x02,0x03,0x01,0x00,0x00,0x00,0x00,0x00,0x00,0x22,0x00,0x00,0x00,0x00,0x00,0x00,
    0x00,0x00,0x00,0x00,0x00,0x00,0x00,0x20,0x00,0x00,0x00,0x00,0x08,0x00,0xc0,0x70,0x34,0xe0,0x80,0x00,0x00,0x08,0x00,0x00,0x00,0x20,0x00,0x00,0x00,0x00,0x00,0x00,
    0x00,0x00,0x84,0x00,0x20,0x70,0xd0,0x88,0x88,0xd8,0x55,0x23,0x06,0x26,0x73,0x20,0x89,0x8e,0x89,0xa9,0x8c,0x06,0x03,0x00,0x00,0x01,0x20,0x00,0x00,0x00,0x00,0x00,
    0x00,0x00,0x00,0x00,0x00,0x08,0x81,0x02,0x02,0x02,0x06,0x04,0x04,0x04,0x04,0x04,0x04,0x04,0x02,0x22,0x03,0x01,0xc0,0x30,0x1c,0x06,0x03,0x01,0x00,0x00,0x0f,0xf0,
    0x00,0x01,0x07,0x38,0xe0,0x80,0x00,0x00,0x00,0x01,0x03,0x02,0x04,0x38,0xe0,0x00,0x00,0x00,0x00,0x00,0x00,0x00,0x00,0x20,0x02,0x00,0x00,0x00,0x00,0x00,0x00,0x00,
    0x00,0x00,0x10,0x00,0x61,0xa0,0x30,0x10,0x10,0x30,0x20,0xc0,0x88,0x00,0x0f,0x38,0x20,0x38,0x0f,0x00,0xc8,0x60,0x30,0x10,0x10,0x10,0x90,0xd0,0x61,0x00,0x20,0x00,
    0x00,0x00,0x00,0x00,0x10,0x00,0x00,0x00,0x80,0x00,0x3d,0x66,0x63,0x33,0x1e,0x00,0x04,0x03,0x04,0x0c,0x09,0x0b,0x4e,0x00,0x00,0x04,0x00,0x00,0x00,0x00,0x00,0x00,
    0x00,0x00,0x00,0x00,0x00,0x00,0x00,0x00,0x04,0x00,0x00,0x20,0x00,0x00,0x00,0x00,0x00,0x00,0x00,0x00,0x00,0x00,0xff,0x00,0x00,0x00,0x80,0xc0,0x60,0x30,0x0f,0x00,
    0x00,0x00,0x02,0x00,0x00,0x00,0x01,0x02,0x06,0x04,0x04,0x08,0x08,0x08,0x08,0x1f,0x50,0x00,0x00,0x08,0x00,0x01,0x00,0x00,0x00,0x00,0x00,0x00,0x00,0x00,0x00,0x00,
    0x00,0x02,0x20,0x00,0x00,0x00,0x01,0x03,0x02,0x8a,0x42,0x23,0x21,0x11,0xf0,0x02,0x07,0x02,0xf0,0x11,0x31,0x21,0x63,0xca,0x03,0x01,0x01,0x00,0x00,0x00,0x40,0x02
  },
  { // 24
    0x00,0x00,0x00,0x00,0x20,0x70,0x20,0x00,0x00,0x00,0x00,0x00,0x00,0x00,0x00,0x00,0x00,0x00,0x00,0x00,0x04,0x00,0x00,0x00,0x00,0x00,0x00,0x00,0x00,0x00,0x00,0x00,
    0x00,0x00,0x00,0x80,0x08,0x01,0x00,0x00,0x00,0x00,0x00,0x00,0x00,0x00,0x00,0x41,0x06,0x0c,0x18,0x10,0x20,0x20,0x40,0x40,0x40,0x81,0x9e,0xf0,0x00,0x00,0x1f,0x60,
    0x60,0x30,0x18,0x8c,0xc6,0x43,0x20,0x30,0x18,0x08,0x08,0x04,0x04,0x04,0x04,0x04,0x04,0x04,0x08,0x88,0x48,0x78,0x30,0x02,0x20,0x00,0x00,0x00,0x00,0x00,0x00,0x00,
    0x00,0x00,0x00,0x00,0x00,0x00,0x00,0x10,0x38,0x10,0x00,0x00,0x00,0x00,0x00,0x00,0x00,0x00,0x00,0x00,0x00,0x00,0x00,0x00,0x00,0x00,0x00,0x00,0x04,0x00,0x00,0x00,
    0x00,0x00,0x00,0x00,0x40,0x00,0x00,0x00,0x04,0x00,0xf0,0x10,0x30,0x62,0x80,0x00,0x00,0x00,0x04,0x80,0x80,0x80,0x90,0x00,0x00,0x00,0x00,0x00,0x00,0x00,0x00,0x00,
    0x00,0x00,0x00,0x08,0x80,0x00,0x80,0xc0,0x40,0x20,0x10,0x08,0x0c,0x04,0x04,0x02,0x02,0x02,0x02,0x02,0x02,0x86,0x84,0x44,0x64,0x3c,0x18,0x80,0xc0,0xc4,0x0e,0x04,
    0x00,0xe0,0x23,0x27,0x44,0x44,0x44,0x8c,0x88,0x08,0x08,0x08,0x08,0x48,0x04,0x04,0x06,0x02,0x01,0x00,0x00,0x00,0x00,0x00,0x00,0x22,0x00,0x00,0x00,0x00,0x00,0x00,
    0x00,0x00,0x00,0x00,0x00,0x00,0x00,0x00,0x20,0x00,0x00,0x00,0x08,0x00,0xc0,0x70,0x30,0xe4,0x80,0x00,0x00,0x08,0x00,0x00,0x00,0x20,0x00,0x00,0x00,0x00,0x00,0x00,
    0x00,0x00,0x84,0x00,0x20,0x70,0xd0,0x98,0x98,0xd4,0x51,0x63,0x06,0x26,0x73,0x20,0x89,0x8f,0x89,0xa8,0x8c,0x06,0x01,0x00,0x00,0x01,0x20,0x00,0x00,0x00,0x00,0x00,
    0x00,0x00,0x00,0x00,0x00,0x08,0x81,0x03,0x02,0x02,0x02,0x04,0x04,0x04,0x04,0x04,0x04,0x04,0x02,0x22,0x03,0x01,0xc0,0x38,0x0c,0x06,0x03,0x01,0x00,0x00,0xbf,0x40,
    0x00,0x01,0x0f,0x30,0xc0,0x80,0x00,0x00,0x00,0x01,0x03,0x06,0x0c,0x30,0xe0,0x00,0x00,0x00,0x00,0x00,0x00,0x00,0x00,0x10,0x02,0x00,0x00,0x00,0x00,0x00,0x00,0x00,
    0x00,0x00,0x10,0x00,0xe1,0xa0,0x20,0x10,0x10,0x20,0x60,0xc0,0x88,0x02,0x0f,0x30,0x30,0x18,0x07,0x00,0xc8,0x60,0x30,0x10,0x10,0x10,0x90,0xd0,0x72,0x00,0x20,0x00,
    0x00,0x00,0x00,0x00,0x10,0x00,0x00,0x00,0x80,0x00,0x39,0xee,0x43,0x31,0x1e,0x00,0x04,0x03,0x06,0x0c,0x08,0x0b,0x4e,0x00,0x00,0x04,0x00,0x00,0x00,0x00,0x00,0x00,
    0x10,0x00,0x00,0x00,0x00,0x00,0x00,0x00,0x00,0x04,0x00,0x20,0x00,0x00,0x00,0x00,0x00,0x00,0x00,0x00,0x00,0x04,0xfb,0x00,0x00,0x00,0x80,0xc0,0x20,0x18,0x07,0x00,
    0x00,0x00,0x02,0x00,0x00,0x01,0x01,0x02,0x06,0x04,0x0c,0x08,0x08,0x08,0x10,0x1f,0x40,0x00,0x00,0x08,0x00,0x01,0x00,0x00,0x00,0x00,0x00,0x00,0x00,0x00,0x00,0x00,
    0x00,0x01,0x20,0x00,0x00,0x01,0x01,0x03,0x02,0x8a,0xc2,0x63,0x21,0x11,0xf0,0x02,0x07,0x02,0xf0,0x91,0x11,0x21,0x61,0xc9,0x01,0x01,0x01,0x00,0x00,0x00,0x40,0x04
  },
  { // 25
    0x00,0x00,0x00,0x00,0x20,0x70,0x20,0x00,0x00,0x00,0x00,0x00,0x00,0x00,0x00,0x00,0x00,0x00,0x00,0x00,0x04,0x00,0x00,0x00,0x00,0x00,0x00,0x00,0x00,0x00,0x00,0x00,
    0x00,0x00,0x00,0x00,0x10,0x01,0x00,0x00,0x00,0x00,0x00,0x00,0x00,0x00,0x00,0x41,0x06,0x0c,0x08,0x10,0x20,0x20,0x60,0x40,0x40,0x81,0x8e,0xf0,0x00,0x00,0x0f,0x70,
    0x60,0x30,0x18,0x8c,0x86,0x43,0x60,0x30,0x10,0x08,0x08,0x0c,0x04,0x04,0x04,0x04,0x04,0x08,0x08,0x88,0x88,0x70,0x30,0x01,0x10,0x00,0x00,0x00,0x00,0x00,0x00,0x00,
    0x00,0x00,0x00,0x00,0x00,0x00,0x00,0x10,0x38,0x10,0x00,0x00,0x00,0x00,0x00,0x00,0x00,0x00,0x00,0x00,0x00,0x00,0x00,0x00,0x00,0x00,0x00,0x00,0x04,0x00,0x00,0x00,
    0x00,0x00,0x00,0x00,0x00,0x40,0x00,0x00,0x04,0x00,0xf0,0x10,0x30,0xe2,0x80,0x00,0x00,0x00,0x84,0x80,0x80,0x80,0x90,0x00,0x00,0x00,0x00,0x00,0x00,0x00,0x00,0x00,
    0x00,0x00,0x00,0x11,0x00,0x00,0x80,0xc0,0x20,0x20,0x10,0x08,0x04,0x04,0x06,0x02,0x02,0x02,0x02,0x02,0x02,0x82,0xc4,0x44,0x24,0x3c,0x08,0x80,0xc0,0xc4,0x0e,0x04,
    0x00,0xe0,0x22,0x27,0x44,0x44,0xc4,0x88,0x88,0x08,0x08,0x08,0x08,0x48,0x0c,0x04,0x04,0x02,0x01,0x00,0x00,0x00,0x00,0x00,0x00,0x11,0x00,0x00,0x00,0x00,0x00,0x00,
    0x00,0x00,0x00,0x00,0x00,0x00,0x00,0x00,0x10,0x00,0x00,0x00,0x08,0x00,0xc0,0x30,0x30,0xc4,0x80,0x00,0x00,0x08,0x00,0x00,0x00,0x20,0x00,0x00,0x00,0x00,0x00,0x00,
    0x00,0x00,0x84,0x00,0x60,0x70,0xd0,0x90,0x90,0xd4,0x71,0x63,0x06,0x26,0x73,0x20,0x89,0x8f,0x89,0xa8,0x8c,0x87,0x01,0x00,0x00,0x02,0x20,0x00,0x00,0x00,0x00,0x00,
    0x00,0x00,0x00,0x00,0x01,0x10,0x01,0x81,0x02,0x02,0x02,0x02,0x04,0x04,0x04,0x04,0x04,0x06,0x02,0x22,0x01,0x01,0xe0,0x38,0x0c,0x06,0x03,0x01,0x00,0x01,0xfe,0x00,
    0x00,0x01,0x0e,0x70,0xc0,0x80,0x00,0x00,0x00,0x01,0x02,0x06,0x0c,0x30,0xc0,0x00,0x00,0x00,0x00,0x00,0x00,0x00,0x00,0x10,0x01,0x00,0x00,0x00,0x00,0x00,0x00,0x00,
    0x00,0x00,0x10,0x00,0xe1,0xa0,0x20,0x20,0x20,0x20,0x60,0xc0,0x88,0x07,0x0d,0x30,0x30,0x1c,0x07,0x00,0xc8,0x60,0x30,0x10,0x10,0x10,0x90,0xd0,0x30,0x02,0x20,0x00,
    0x00,0x00,0x00,0x00,0x10,0x00,0x00,0x00,0x80,0x00,0x19,0xfe,0x43,0x71,0x1f,0x00,0x04,0x03,0x06,0x04,0x08,0x0b,0x4e,0x00,0x00,0x04,0x00,0x00,0x00,0x00,0x00,0x00,
    0x10,0x00,0x00,0x00,0x00,0x00,0x00,0x00,0x00,0x08,0x00,0x40,0x00,0x00,0x00,0x00,0x00,0x00,0x00,0x00,0x00,0x1f,0xe0,0x00,0x00,0x00,0x80,0x40,0x30,0x1c,0x07,0x00,
    0x00,0x00,0x02,0x00,0x00,0x01,0x03,0x02,0x04,0x04,0x08,0x08,0x08,0x10,0x11,0x1e,0x40,0x00,0x00,0x08,0x00,0x01,0x00,0x00,0x00,0x00,0x00,0x00,0x00,0x00,0x00,0x00,
    0x00,0x01,0x20,0x00,0x00,0x01,0x01,0x02,0x02,0x92,0xc2,0x62,0x21,0x30,0xf0,0x02,0x07,0x02,0x70,0x91,0x11,0x21,0x61,0xc9,0x81,0x01,0x01,0x00,0x00,0x00,0x40,0x04
  },
  { // 26
    0x00,0x00,0x00,0x00,0x20,0x70,0x20,0x00,0x00,0x00,0x00,0x00,0x00,0x00,0x00,0x00,0x00,0x00,0x00,0x00,0x00,0x00,0x00,0x00,0x00,0x00,0x00,0x00,0x00,0x00,0x00,0x00,
    0x00,0x00,0x00,0x00,0x10,0x01,0x00,0x00,0x00,0x00,0x00,0x00,0x00,0x00,0x00,0x21,0x02,0x0c,0x08,0x10,0x30,0x20,0x60,0x40,0x40,0x40,0x8f,0xf8,0x00,0x00,0x0f,0x70,
    0x60,0x30,0x18,0x0c,0x86,0xc3,0x60,0x30,0x10,0x08,0x08,0x08,0x08,0x04,0x04,0x0c,0x08,0x08,0x08,0x08,0x90,0x50,0x30,0x01,0x10,0x00,0x00,0x00,0x00,0x00,0x00,0x00,
    0x00,0x00,0x00,0x00,0x00,0x00,0x00,0x10,0x38,0x10,0x00,0x00,0x00,0x00,0x00,0x00,0x00,0x00,0x00,0x00,0x00,0x00,0x00,0x00,0x00,0x00,0x00,0x00,0x04,0x00,0x00,0x00,
    0x00,0x00,0x00,0x00,0x00,0x20,0x00,0x00,0x00,0x04,0xf0,0x10,0x30,0xe2,0x80,0x00,0x00,0x00,0x84,0x80,0x80,0x80,0x90,0x00,0x00,0x00,0x00,0x00,0x00,0x00,0x00,0x00,
    0x00,0x00,0x00,0x11,0x00,0x00,0x80,0x40,0x20,0x10,0x18,0x08,0x04,0x04,0x02,0x02,0x02,0x02,0x02,0x02,0x02,0x82,0xc2,0x64,0x24,0x1c,0x08,0x80,0xc0,0xc4,0x0e,0x04,
    0x00,0xe0,0x22,0x47,0x44,0x44,0xc8,0x88,0x88,0x08,0x08,0x08,0x08,0x88,0x08,0x04,0x04,0x02,0x03,0x01,0x00,0x00,0x00,0x00,0x00,0x11,0x00,0x00,0x00,0x00,0x00,0x00,
    0x00,0x00,0x00,0x00,0x80,0x00,0x00,0x00,0x10,0x00,0x00,0x00,0x04,0x80,0xe0,0x30,0x20,0xc4,0x00,0x00,0x00,0x00,0x08,0x00,0x00,0x00,0x20,0x00,0x00,0x00,0x00,0x00,
    0x00,0x00,0x84,0x00,0x60,0x70,0xd0,0x90,0x90,0x94,0x71,0x63,0x06,0x27,0x71,0x21,0x8c,0xcf,0xc9,0xa8,0x8c,0x87,0x01,0x00,0x00,0x02,0x40,0x00,0x00,0x00,0x00,0x00,
    0x00,0x00,0x00,0x00,0x01,0x10,0x01,0x01,0x01,0x02,0x02,0x02,0x02,0x06,0x04,0x04,0x02,0x02,0x02,0x22,0x01,0x81,0xe0,0x18,0x0c,0x06,0x03,0x01,0x00,0x01,0xfe,0x00,
    0x00,0x03,0x1e,0x60,0xc0,0x00,0x00,0x00,0x01,0x01,0x02,0x06,0x08,0x70,0xc0,0x00,0x00,0x00,0x00,0x00,0x00,0x80,0x00,0x10,0x01,0x00,0x00,0x00,0x00,0x00,0x00,0x00,
    0x00,0x00,0x08,0x40,0xe0,0xa0,0x20,0x20,0x20,0x20,0x60,0xc8,0x80,0x07,0x1c,0x30,0x30,0x1c,0x07,0x00,0xc8,0x60,0x30,0x10,0x10,0x10,0x90,0x70,0x30,0x02,0x00,0x20,
    0x00,0x00,0x00,0x00,0x10,0x00,0x00,0x80,0x00,0x00,0x01,0xfe,0x43,0x61,0x1f,0x00,0x04,0x03,0x06,0x04,0x0c,0x09,0x4f,0x00,0x00,0x04,0x00,0x00,0x00,0x00,0x00,0x00,
    0x10,0x00,0x00,0x00,0x00,0x00,0x00,0x01,0x00,0x08,0x00,0x00,0x40,0x00,0x00,0x00,0x00,0x00,0x00,0x00,0x00,0x3f,0xc0,0x00,0x00,0x00,0x80,0x60,0x30,0x1c,0x03,0x00,
    0x00,0x02,0x00,0x00,0x00,0x01,0x02,0x06,0x04,0x0c,0x08,0x08,0x10,0x10,0x17,0x18,0x40,0x00,0x00,0x08,0x00,0x00,0x00,0x00,0x00,0x00,0x00,0x00,0x00,0x00,0x00,0x00,
    0x00,0x21,0x00,0x00,0x00,0x01,0x03,0x02,0x02,0x92,0xc2,0x62,0x21,0x30,0xf0,0x02,0x07,0x02,0x70,0xd1,0x11,0x31,0x21,0xc9,0x81,0x01,0x00,0x00,0x00,0x00,0x80,0x04
  },
  { // 27
    0x00,0x00,0x00,0x00,0x20,0x70,0x20,0x00,0x00,0x00,0x00,0x00,0x00,0x00,0x00,0x00,0x00,0x00,0x00,0x00,0x00,0x00,0x00,0x00,0x00,0x00,0x00,0x00,0x00,0x00,0x00,0x00,
    0x00,0x00,0x00,0x00,0x10,0x02,0x00,0x00,0x00,0x00,0x00,0x00,0x00,0x00,0x00,0x20,0x03,0x06,0x08,0x10,0x10,0x20,0x20,0x40,0x40,0x40,0x8f,0xf8,0x00,0x00,0x0f,0x78,
    0x60,0x20,0x10,0x08,0x86,0xc3,0x61,0x30,0x10,0x10,0x09,0x08,0x08,0x08,0x08,0x08,0x08,0x08,0x08,0x18,0x90,0xd0,0x30,0x01,0x10,0x00,0x00,0x00,0x00,0x00,0x00,0x00,
    0x00,0x00,0x00,0x00,0x00,0x00,0x00,0x10,0x38,0x10,0x00,0x00,0x00,0x00,0x00,0x00,0x00,0x00,0x00,0x00,0x00,0x00,0x00,0x00,0x00,0x00,0x00,0x00,0x04,0x00,0x00,0x00,
    0x00,0x00,0x00,0x00,0x00,0x20,0x00,0x00,0x00,0x04,0xf0,0x10,0x30,0xe2,0x00,0x00,0x00,0x00,0x84,0x80,0x80,0x80,0x80,0x20,0x00,0x00,0x00,0x00,0x00,0x00,0x00,0x00,
    0x00,0x00,0x00,0x11,0x00,0x00,0x80,0x60,0x30,0x10,0x18,0x0c,0x04,0x02,0x02,0x02,0x02,0x02,0x02,0x02,0x02,0x82,0xc2,0x64,0x34,0x1c,0x08,0x80,0xc0,0xc4,0x0e,0x04,
    0x00,0xe0,0x22,0x47,0x45,0x44,0x88,0x88,0x08,0x08,0x08,0x08,0x08,0x88,0x08,0x08,0x04,0x06,0x03,0x01,0x01,0x00,0x00,0x00,0x00,0x11,0x00,0x00,0x00,0x00,0x00,0x00,
    0x00,0x00,0x00,0x00,0x00,0x80,0x00,0x00,0x10,0x00,0x00,0x00,0x04,0x80,0xe0,0x30,0x60,0xc4,0x00,0x00,0x00,0x00,0x08,0x00,0x00,0x00,0x40,0x00,0x00,0x00,0x00,0x00,
    0x00,0x00,0x84,0x00,0x60,0x60,0x90,0x90,0x90,0x94,0x71,0x62,0x04,0x27,0x70,0x21,0x8c,0xcf,0x49,0xe8,0x8c,0x87,0x00,0x00,0x00,0x02,0x40,0x00,0x00,0x00,0x00,0x00,
    0x00,0x00,0x00,0x00,0x01,0x10,0x01,0x01,0x01,0x03,0x02,0x02,0x02,0x02,0x02,0x02,0x02,0x02,0x12,0x01,0x01,0x81,0x70,0x18,0x0c,0x02,0x01,0x00,0x00,0x03,0xfe,0x00,
    0x00,0x03,0x1e,0x60,0xc0,0x00,0x00,0x00,0x01,0x01,0x02,0x0c,0x18,0xe0,0x80,0x00,0x00,0x00,0x00,0x00,0x00,0x00,0x80,0x08,0x01,0x00,0x00,0x00,0x00,0x00,0x00,0x00,
    0x00,0x00,0x08,0x40,0xc0,0xa0,0x20,0x20,0x20,0x20,0x60,0xd0,0x80,0x07,0x1c,0x30,0x30,0x1d,0x07,0x00,0xc8,0x60,0x10,0x10,0x18,0x88,0xd0,0x70,0x30,0x02,0x00,0x20,
    0x00,0x00,0x00,0x00,0x08,0x00,0x00,0x80,0x00,0x00,0x02,0xfe,0xc3,0x61,0x3f,0x00,0x04,0x03,0x06,0x04,0x04,0x45,0x07,0x00,0x00,0x08,0x00,0x00,0x00,0x00,0x00,0x00,
    0x10,0x00,0x00,0x00,0x00,0x00,0x00,0x01,0x00,0x08,0x00,0x00,0x40,0x00,0x00,0x00,0x00,0x00,0x00,0x00,0x00,0x7f,0x80,0x00,0x00,0x80,0xc0,0x60,0x30,0x0e,0x03,0x00,
    0x00,0x02,0x00,0x00,0x00,0x01,0x02,0x06,0x04,0x08,0x08,0x08,0x10,0x10,0x3f,0x10,0x00,0x40,0x00,0x08,0x00,0x00,0x00,0x00,0x00,0x00,0x00,0x00,0x20,0x00,0x00,0x00,
    0x00,0x21,0x00,0x00,0x00,0x01,0x03,0x02,0x02,0x12,0xc2,0x62,0x21,0x30,0xf0,0x02,0x07,0x02,0x30,0xf1,0x11,0x31,0x21,0x69,0x81,0x01,0x00,0x00,0x00,0x00,0x80,0x04
  },
  { // 28
    0x00,0x00,0x00,0x00,0x20,0x70,0x20,0x00,0x00,0x00,0x00,0x00,0x00,0x00,0x00,0x00,0x00,0x00,0x00,0x00,0x00,0x00,0x00,0x00,0x00,0x00,0x00,0x00,0x00,0x00,0x00,0x00,
    0x00,0x00,0x00,0x00,0x20,0x02,0x00,0x00,0x00,0x00,0x00,0x00,0x00,0x00,0x00,0x20,0x03,0x06,0x0c,0x18,0x10,0x20,0x20,0x40,0x40,0x40,0x87,0xf8,0x00,0x00,0x0f,0x78,
    0x60,0x20,0x10,0x08,0x84,0xc3,0x61,0x20,0x10,0x10,0x09,0x08,0x08,0x08,0x08,0x08,0x08,0x08,0x10,0x10,0x90,0xd0,0x60,0x00,0x08,0x80,0x00,0x00,0x00,0x00,0x00,0x00,
    0x00,0x00,0x00,0x00,0x00,0x00,0x00,0x10,0x38,0x10,0x00,0x00,0x00,0x00,0x00,0x00,0x00,0x00,0x00,0x00,0x00,0x00,0x00,0x00,0x00,0x00,0x00,0x00,0x04,0x00,0x00,0x00,
    0x00,0x00,0x00,0x00,0x00,0x20,0x00,0x00,0x00,0x04,0xf0,0x30,0x20,0xc0,0x02,0x00,0x00,0x00,0x80,0x84,0x80,0x80,0x80,0x20,0x00,0x00,0x00,0x00,0x00,0x00,0x00,0x00,
    0x00,0x00,0x00,0x22,0x00,0x00,0xc0,0x60,0x30,0x18,0x08,0x0c,0x04,0x02,0x02,0x02,0x02,0x01,0x02,0x02,0x02,0x82,0xc2,0x64,0x34,0x1c,0x08,0x80,0xc0,0xc4,0x0e,0x04,
    0x00,0xe0,0x22,0x47,0x45,0x44,0x88,0x88,0x08,0x08,0x08,0x10,0x08,0x88,0x08,0x08,0x04,0x06,0x02,0x03,0x01,0x00,0x00,0x00,0x80,0x08,0x00,0x00,0x00,0x00,0x00,0x00,
    0x00,0x00,0x00,0x00,0x00,0x80,0x00,0x00,0x10,0x00,0x00,0x00,0x00,0x84,0x60,0x30,0x60,0xc4,0x00,0x00,0x00,0x00,0x08,0x00,0x00,0x00,0x40,0x00,0x00,0x00,0x00,0x00,
    0x00,0x00,0x84,0x00,0x40,0xe0,0xb0,0x90,0x90,0x94,0xf1,0x62,0x04,0x27,0x70,0x21,0xcc,0xcf,0x49,0xe8,0x84,0x83,0x00,0x00,0x00,0x02,0x40,0x00,0x00,0x00,0x00,0x00,
    0x00,0x00,0x00,0x00,0x02,0x20,0x00,0x01,0x01,0x01,0x01,0x02,0x02,0x02,0x02,0x02,0x02,0x02,0x12,0x01,0x01,0xc0,0x30,0x18,0x04,0x02,0x01,0x00,0x00,0x03,0xfe,0x00,
    0x00,0x03,0x3c,0x60,0x80,0x00,0x00,0x00,0x01,0x03,0x06,0x0c,0x18,0xe0,0x00,0x00,0x00,0x00,0x00,0x00,0x00,0x00,0x80,0x08,0x00,0x00,0x00,0x00,0x00,0x00,0x00,0x00,
    0x00,0x00,0x08,0x40,0xc0,0xe0,0x20,0x20,0x20,0x20,0x60,0xd0,0x80,0x07,0x18,0x30,0x30,0x1f,0x00,0x00,0xc8,0x60,0x10,0x18,0x08,0x88,0xd8,0x70,0x30,0x02,0x00,0x40,
    0x00,0x00,0x00,0x00,0x08,0x00,0x00,0x80,0x00,0x00,0x02,0x7e,0xc2,0x61,0x3f,0x00,0x04,0x03,0x06,0x04,0x04,0x85,0x07,0x00,0x00,0x08,0x00,0x00,0x00,0x00,0x00,0x00,
    0x10,0x00,0x00,0x00,0x00,0x00,0x00,0x01,0x00,0x08,0x00,0x00,0x40,0x00,0x00,0x00,0x00,0x00,0x00,0x00,0x00,0xff,0x00,0x00,0x00,0x80,0xc0,0x60,0x10,0x0e,0x03,0x00,
    0x00,0x02,0x00,0x00,0x00,0x03,0x06,0x04,0x0c,0x08,0x08,0x10,0x10,0x11,0x3f,0x00,0x00,0x20,0x00,0x00,0x04,0x00,0x00,0x00,0x00,0x00,0x00,0x00,0x20,0x00,0x00,0x00,
    0x00,0x11,0x00,0x00,0x00,0x01,0x03,0x02,0x02,0x12,0xc2,0x62,0x21,0x30,0xf0,0x02,0x07,0x02,0x30,0xf1,0x11,0x31,0x21,0x69,0xc1,0x01,0x00,0x00,0x00,0x00,0x80,0x04
  },
  { // 29
    0x00,0x00,0x00,0x00,0x20,0x70,0x20,0x00,0x00,0x00,0x00,0x00,0x00,0x00,0x00,0x00,0x00,0x00,0x00,0x00,0x00,0x00,0x00,0x00,0x00,0x00,0x00,0x00,0x00,0x00,0x00,0x00,
    0x00,0x00,0x00,0x20,0x00,0x02,0x00,0x00,0x00,0x00,0x00,0x00,0x00,0x00,0x00,0x20,0x03,0x06,0x0c,0x08,0x10,0x30,0x20,0x60,0x40,0x40,0x87,0xf8,0x00,0x00,0x07,0x78,
    0x60,0x20,0x10,0x08,0x84,0xc3,0x61,0x20,0x10,0x10,0x19,0x08,0x08,0x08,0x08,0x08,0x08,0x08,0x10,0x10,0x10,0xa0,0x60,0x00,0x08,0x80,0x00,0x00,0x00,0x00,0x00,0x00,
    0x00,0x00,0x00,0x00,0x00,0x00,0x00,0x10,0x38,0x10,0x00,0x00,0x00,0x00,0x00,0x00,0x00,0x00,0x00,0x00,0x00,0x00,0x00,0x00,0x00,0x00,0x00,0x00,0x04,0x00,0x00,0x00,
    0x00,0x00,0x00,0x00,0x00,0x20,0x00,0x00,0x00,0x04,0xf0,0x30,0x20,0xc0,0x02,0x00,0x00,0x00,0x80,0x84,0x80,0xc0,0x80,0x20,0x00,0x00,0x00,0x00,0x00,0x00,0x00,0x00,
    0x00,0x00,0x00,0x22,0x00,0x00,0xc0,0xa0,0x10,0x18,0x08,0x04,0x06,0x02,0x02,0x03,0x01,0x01,0x01,0x03,0x02,0x82,0xc2,0x66,0x34,0x14,0x08,0x80,0xc0,0xc4,0x0e,0x04,
    0x00,0xe0,0x22,0x45,0x45,0xcc,0x88,0x88,0x08,0x18,0x10,0x10,0x10,0x98,0x08,0x08,0x0c,0x04,0x02,0x03,0x01,0x00,0x00,0x00,0x00,0x88,0x00,0x00,0x00,0x00,0x00,0x00,
    0x00,0x00,0x00,0x00,0x00,0x80,0x00,0x00,0x00,0x10,0x00,0x00,0x00,0xc4,0x70,0x30,0x60,0xc0,0x04,0x00,0x00,0x00,0x08,0x00,0x00,0x00,0x40,0x00,0x00,0x00,0x00,0x00,
    0x00,0x00,0x40,0x02,0x40,0xe0,0xb0,0x90,0x90,0x94,0xf3,0x62,0x04,0x27,0x70,0x21,0x4c,0xcb,0x49,0x6c,0xc4,0x83,0x00,0x00,0x00,0x02,0x40,0x00,0x00,0x00,0x00,0x00,
    0x00,0x00,0x00,0x00,0x02,0x20,0x00,0x00,0x01,0x01,0x01,0x02,0x02,0x02,0x02,0x02,0x02,0x02,0x13,0x01,0x01,0xc0,0x30,0x18,0x04,0x02,0x01,0x00,0x00,0x03,0xfc,0x00,
    0x00,0x03,0x3c,0x60,0x80,0x00,0x00,0x01,0x01,0x02,0x06,0x0c,0x38,0xc0,0x00,0x00,0x00,0x00,0x00,0x00,0x00,0x00,0x80,0x08,0x00,0x00,0x00,0x00,0x00,0x00,0x00,0x00,
    0x00,0x80,0x08,0x40,0xc0,0x60,0x20,0x20,0x20,0x20,0x40,0xd0,0x80,0x0f,0x18,0x30,0x30,0x1f,0x00,0x80,0xc8,0x20,0x10,0x18,0x08,0x88,0xc8,0x78,0x10,0x04,0x00,0x40,
    0x00,0x00,0x00,0x00,0x08,0x00,0x00,0x80,0x00,0x00,0x02,0x7c,0xc6,0x61,0x3f,0x00,0x04,0x03,0x06,0x04,0x04,0x85,0x07,0x04,0x08,0x00,0x00,0x00,0x00,0x00,0x00,0x00,
    0x10,0x00,0x00,0x00,0x00,0x00,0x00,0x01,0x00,0x00,0x10,0x00,0x40,0x00,0x00,0x00,0x00,0x00,0x00,0x00,0x00,0xff,0x00,0x00,0x00,0x80,0x40,0x20,0x18,0x06,0x01,0x00,
    0x00,0x02,0x00,0x00,0x01,0x03,0x06,0x04,0x08,0x08,0x08,0x10,0x10,0x31,0x3f,0x00,0x00,0x20,0x00,0x00,0x04,0x00,0x00,0x00,0x00,0x00,0x00,0x00,0x20,0x00,0x00,0x00,
    0x00,0x10,0x00,0x00,0x00,0x03,0x02,0x02,0x06,0x16,0xc2,0x42,0x23,0x20,0xf0,0x02,0x07,0x02,0x10,0xf1,0x11,0x11,0x21,0x65,0xc1,0x01,0x00,0x00,0x00,0x00,0x80,0x08
  },
  { // 30
    0x00,0x00,0x00,0x00,0x00,0x20,0x00,0x00,0x00,0x00,0x00,0x00,0x00,0x00,0x00,0x00,0x00,0x00,0x00,0x00,0x00,0x00,0x00,0x00,0x00,0x00,0x00,0x00,0x00,0x00,0x00,0x00,
    0x00,0x00,0x00,0x20,0x02,0x00,0x00,0x00,0x00,0x00,0x00,0x00,0x00,0x00,0x00,0x20,0x01,0x03,0x04,0x08,0x10,0x30,0x20,0x60,0x40,0x40,0x43,0xfc,0x00,0x00,0x03,0x7c,
    0x40,0x20,0x10,0x08,0x8c,0xc2,0x41,0x20,0x30,0x10,0x11,0x18,0x08,0x08,0x08,0x08,0x08,0x10,0x10,0x10,0x30,0xa0,0x60,0x00,0x08,0x80,0x00,0x00,0x00,0x00,0x00,0x00,
    0x00,0x00,0x00,0x00,0x00,0x00,0x00,0x10,0x38,0x10,0x00,0x00,0x00,0x00,0x00,0x00,0x00,0x00,0x00,0x00,0x00,0x00,0x00,0x00,0x00,0x00,0x00,0x00,0x00,0x00,0x00,0x00,
    0x00,0x00,0x00,0x00,0x00,0x20,0x00,0x00,0x00,0x04,0xf0,0x30,0x60,0xc0,0x02,0x00,0x00,0x00,0x80,0x84,0xc0,0xc0,0x00,0x20,0x00,0x00,0x00,0x00,0x00,0x00,0x00,0x00,
    0x00,0x00,0x00,0x22,0x00,0x00,0xc0,0xa0,0x90,0x08,0x04,0x04,0x02,0x02,0x02,0x01,0x01,0x01,0x01,0x01,0x82,0x82,0x42,0x66,0x34,0x14,0x08,0x80,0x40,0xc4,0x0e,0x04,
    0x00,0xe0,0x42,0x45,0x45,0xcc,0x88,0x88,0x08,0x10,0x10,0x10,0x10,0x90,0x08,0x08,0x08,0x04,0x04,0x02,0x01,0x00,0x00,0x00,0x00,0x88,0x00,0x00,0x00,0x00,0x00,0x00,
    0x00,0x00,0x00,0x00,0x00,0x80,0x00,0x00,0x00,0x10,0x00,0x00,0x00,0xc4,0x70,0x30,0x60,0x80,0x04,0x00,0x00,0x00,0x08,0x00,0x00,0x00,0x40,0x00,0x00,0x00,0x00,0x00,
    0x00,0x00,0x40,0x02,0x40,0xe0,0xb0,0x90,0x90,0x94,0xf3,0x62,0x04,0x27,0x70,0x21,0x4c,0xcb,0x49,0x5c,0xc6,0x83,0x00,0x00,0x00,0x02,0x40,0x00,0x00,0x00,0x00,0x00,
    0x00,0x00,0x00,0x00,0x02,0x20,0x00,0x00,0x01,0x01,0x01,0x01,0x02,0x02,0x02,0x02,0x02,0x03,0x11,0x01,0x01,0xe0,0x30,0x08,0x06,0x02,0x01,0x00,0x00,0x87,0xf8,0x00,
    0x00,0x07,0x38,0xc0,0x00,0x00,0x00,0x01,0x01,0x02,0x04,0x18,0x30,0xc0,0x00,0x00,0x00,0x00,0x00,0x00,0x00,0x00,0x40,0x00,0x08,0x00,0x00,0x00,0x00,0x00,0x00,0x00,
    0x00,0x80,0x08,0xc0,0xc0,0x40,0x20,0x20,0x20,0x60,0x40,0xd0,0x00,0x0f,0x18,0x30,0x30,0x1f,0x00,0x88,0xc0,0x30,0x10,0x08,0x08,0x88,0xc8,0x78,0x10,0x04,0x00,0x40,
    0x00,0x00,0x00,0x00,0x08,0x00,0x00,0x80,0x00,0x00,0x02,0x7c,0xc6,0x61,0x3f,0x00,0x04,0x01,0x02,0x04,0x04,0x85,0x07,0x04,0x08,0x00,0x00,0x00,0x00,0x00,0x00,0x10,
    0x38,0x10,0x00,0x00,0x00,0x00,0x00,0x02,0x00,0x00,0x10,0x00,0x00,0x80,0x00,0x00,0x00,0x00,0x00,0x00,0x1e,0xe1,0x00,0x00,0x00,0x80,0x40,0x30,0x1c,0x07,0x00,0x00,
    0x00,0x02,0x00,0x00,0x01,0x03,0x06,0x04,0x08,0x08,0x10,0x10,0x30,0x23,0x3c,0x00,0x00,0x20,0x00,0x00,0x04,0x00,0x00,0x00,0x00,0x00,0x00,0x00,0x20,0x00,0x00,0x00,
    0x00,0x10,0x00,0x00,0x01,0x03,0x02,0x06,0x04,0x04,0x92,0x42,0x63,0x20,0xf0,0x02,0x07,0x02,0x10,0xf0,0x11,0x11,0x21,0x65,0xc1,0x00,0x00,0x00,0x00,0x00,0x80,0x08
  },
  { // 31
    0x00,0x00,0x00,0x00,0x00,0x20,0x00,0x00,0x00,0x00,0x00,0x00,0x00,0x00,0x00,0x00,0x00,0x00,0x00,0x00,0x00,0x00,0x00,0x00,0x00,0x00,0x00,0x00,0x00,0x00,0x00,0x00,
    0x00,0x00,0x00,0x40,0x04,0x00,0x00,0x00,0x00,0x00,0x00,0x00,0x00,0x00,0x00,0x20,0x01,0x03,0x04,0x08,0x18,0x30,0x20,0x20,0x40,0x40,0x41,0xfe,0x00,0x00,0x03,0x7e,
    0x40,0x20,0x10,0x18,0x8c,0xc6,0x43,0x20,0x20,0x10,0x11,0x10,0x08,0x08,0x08,0x08,0x10,0x10,0x10,0x10,0x20,0xa0,0xc0,0x00,0x04,0x40,0x00,0x00,0x00,0x00,0x00,0x00,
    0x00,0x00,0x00,0x00,0x00,0x00,0x00,0x10,0x38,0x10,0x00,0x00,0x00,0x00,0x00,0x00,0x00,0x00,0x00,0x00,0x00,0x00,0x00,0x00,0x00,0x00,0x00,0x00,0x00,0x00,0x00,0x00,
    0x00,0x00,0x00,0x00,0x00,0x20,0x00,0x00,0x00,0xc4,0xf0,0x30,0x60,0xc0,0x02,0x00,0x00,0x00,0x80,0xc4,0x40,0xc0,0x00,0x20,0x00,0x00,0x00,0x00,0x00,0x00,0x00,0x00,
    0x00,0x00,0x00,0x44,0x00,0x00,0x60,0xb0,0x98,0x08,0x04,0x04,0x02,0x02,0x01,0x01,0x01,0x01,0x01,0x01,0x81,0x82,0x42,0x66,0x34,0x1c,0x08,0x80,0x40,0xc4,0x0e,0x04,
    0x00,0xe0,0x42,0x47,0x45,0x8c,0x88,0x88,0x10,0x10,0x10,0x10,0x10,0x90,0x10,0x08,0x08,0x04,0x04,0x02,0x03,0x01,0x00,0x00,0x00,0x44,0x00,0x00,0x00,0x00,0x00,0x00,
    0x00,0x00,0x00,0x00,0x00,0x80,0x00,0x00,0x00,0x10,0x00,0x00,0x00,0xc4,0x30,0x30,0xe0,0x80,0x04,0x00,0x00,0x00,0x08,0x00,0x00,0x00,0x40,0x00,0x00,0x00,0x00,0x00,
    0x00,0x00,0x40,0x02,0x40,0xe0,0xb0,0x90,0x90,0x94,0xf3,0x66,0x04,0x27,0x70,0x21,0x4e,0xcb,0x48,0x5c,0xc6,0x83,0x00,0x00,0x00,0x02,0x40,0x00,0x00,0x00,0x00,0x00,
    0x00,0x00,0x00,0x00,0x04,0x00,0x20,0x00,0x00,0x01,0x01,0x01,0x01,0x02,0x02,0x02,0x02,0x01,0x11,0x01,0x80,0xe0,0x38,0x0c,0x06,0x03,0x01,0x00,0x00,0x8f,0x78,0x00,
    0x00,0x0f,0x30,0xc0,0x00,0x00,0x00,0x01,0x03,0x02,0x04,0x18,0x70,0x80,0x00,0x00,0x00,0x00,0x00,0x00,0x00,0x00,0x40,0x00,0x04,0x00,0x00,0x00,0x00,0x00,0x00,0x00,
    0x00,0x80,0x08,0x80,0xc0,0x40,0x60,0x20,0x20,0x60,0x40,0x90,0x00,0x0f,0x18,0x30,0x30,0x0f,0x00,0x88,0xe0,0x30,0x18,0x08,0x88,0x88,0xc8,0x38,0x18,0x04,0x00,0x40,
    0x00,0x00,0x00,0x00,0x08,0x00,0x00,0x80,0x00,0x00,0x02,0x7c,0xc6,0x61,0x3f,0x00,0x04,0x01,0x03,0x04,0x04,0x85,0x07,0x04,0x08,0x00,0x00,0x00,0x00,0x00,0x00,0x10,
    0x38,0x10,0x00,0x00,0x00,0x00,0x00,0x02,0x00,0x00,0x10,0x00,0x00,0x80,0x00,0x00,0x00,0x00,0x00,0x00,0x7f,0xc0,0x00,0x00,0x80,0xc0,0x60,0x30,0x0c,0x07,0x00,0x00,
    0x00,0x02,0x00,0x00,0x03,0x02,0x04,0x08,0x08,0x18,0x10,0x30,0x20,0x27,0x38,0x80,0x00,0x00,0x20,0x00,0x04,0x00,0x00,0x00,0x00,0x00,0x00,0x00,0x20,0x00,0x00,0x00,
    0x00,0x10,0x00,0x00,0x01,0x03,0x02,0x06,0x04,0x04,0x96,0xc2,0x63,0x20,0x70,0xc2,0x07,0x02,0x00,0xf0,0x11,0x11,0x31,0x65,0xc1,0x00,0x00,0x00,0x00,0x00,0x80,0x08
  },
  { // 32
    0x00,0x00,0x00,0x00,0x00,0x20,0x00,0x00,0x00,0x00,0x00,0x00,0x00,0x00,0x00,0x00,0x00,0x00,0x00,0x00,0x00,0x00,0x00,0x00,0x00,0x00,0x00,0x00,0x00,0x00,0x00,0x00,
    0x00,0x00,0x00,0x40,0x04,0x00,0x00,0x00,0x00,0x00,0x00,0x00,0x00,0x00,0x00,0x00,0x11,0x03,0x04,0x08,0x18,0x10,0x20,0x20,0x40,0x40,0x41,0xfe,0x80,0x00,0x00,0x7f,
    0x40,0x20,0x10,0x18,0x8c,0x86,0x43,0x20,0x20,0x10,0x11,0x10,0x10,0x18,0x10,0x10,0x10,0x10,0x10,0x20,0x20,0xc0,0xc0,0x40,0x04,0x40,0x00,0x00,0x00,0x00,0x00,0x00,
    0x00,0x00,0x00,0x00,0x00,0x00,0x00,0x10,0x38,0x10,0x00,0x00,0x00,0x00,0x00,0x00,0x00,0x00,0x00,0x00,0x00,0x00,0x00,0x00,0x00,0x00,0x00,0x00,0x00,0x00,0x00,0x00,
    0x00,0x00,0x00,0x00,0x00,0x20,0x00,0x00,0x00,0xe4,0xb0,0x20,0x60,0xc0,0x02,0x00,0x00,0x80,0x80,0xc4,0x40,0xc0,0x00,0x20,0x00,0x00,0x00,0x00,0x00,0x00,0x00,0x00,
    0x00,0x00,0x00,0x44,0x00,0x40,0x60,0x70,0x98,0x8c,0x04,0x06,0x02,0x02,0x01,0x01,0x01,0x01,0x01,0x01,0x81,0x83,0x42,0x22,0x34,0x1c,0x08,0x80,0x40,0xc4,0x0e,0x04,
    0x20,0xe0,0x42,0x47,0x45,0x88,0x88,0x18,0x10,0x10,0x10,0x10,0x10,0x10,0x10,0x08,0x08,0x0c,0x04,0x06,0x03,0x01,0x00,0x00,0x00,0x44,0x00,0x00,0x00,0x00,0x00,0x00,
    0x00,0x00,0x00,0x00,0x00,0x80,0x00,0x00,0x00,0x10,0x00,0x00,0x00,0xe0,0x34,0x20,0xc0,0x80,0x04,0x00,0x00,0x00,0x00,0x10,0x00,0x00,0x40,0x00,0x00,0x00,0x00,0x00,
    0x00,0x00,0x40,0x02,0x40,0xe0,0xa0,0x90,0x90,0x94,0xe3,0x66,0x04,0x27,0x70,0x21,0x4e,0xcb,0x48,0x5c,0x46,0x83,0x80,0x00,0x00,0x00,0x84,0x00,0x00,0x00,0x00,0x00,
    0x00,0x00,0x00,0x00,0x04,0x00,0x40,0x00,0x00,0x00,0x01,0x01,0x01,0x01,0x01,0x03,0x01,0x01,0x11,0x01,0x80,0x60,0x18,0x0c,0x06,0x03,0x01,0x00,0x00,0xff,0x00,0x00,
    0x00,0x0f,0x70,0x80,0x00,0x00,0x00,0x01,0x03,0x02,0x04,0x18,0x71,0x80,0x00,0x00,0x00,0x00,0x00,0x00,0x00,0x00,0x40,0x00,0x04,0x00,0x00,0x00,0x00,0x00,0x00,0x00,
    0x00,0x80,0x00,0x84,0xc0,0x40,0x40,0x20,0x20,0x40,0xc0,0x90,0x00,0x0f,0x18,0x20,0x30,0x0f,0x00,0x88,0xe0,0x30,0x18,0x08,0x88,0x88,0x68,0x38,0x08,0x04,0x00,0x80,
    0x00,0x00,0x00,0x08,0x00,0x00,0x00,0x81,0x01,0x00,0x02,0x3c,0xe6,0x43,0x37,0x1c,0x04,0x01,0x03,0x06,0x04,0x84,0x07,0x06,0x08,0x00,0x00,0x00,0x00,0x00,0x00,0x10,
    0x38,0x10,0x00,0x00,0x00,0x00,0x00,0x00,0x02,0x00,0x10,0x00,0x00,0x80,0x00,0x00,0x00,0x00,0x00,0x00,0xff,0x00,0x00,0x80,0x80,0x40,0x20,0x38,0x0c,0x03,0x00,0x00,
    0x02,0x00,0x00,0x01,0x03,0x02,0x04,0x08,0x08,0x10,0x10,0x30,0x20,0x3f,0x20,0x80,0x00,0x00,0x10,0x00,0x02,0x00,0x00,0x00,0x00,0x00,0x00,0x00,0x20,0x00,0x00,0x00,
    0x00,0x08,0x00,0x00,0x01,0x03,0x02,0x04,0x04,0x04,0x96,0xc2,0x63,0x20,0x30,0xc2,0x07,0x02,0x00,0xf0,0x11,0x11,0x31,0x25,0xc1,0x00,0x00,0x00,0x00,0x00,0x00,0x08
  },
  { // 33
    0x00,0x00,0x00,0x00,0x00,0x20,0x00,0x00,0x00,0x00,0x00,0x00,0x00,0x00,0x00,0x00,0x00,0x00,0x00,0x00,0x00,0x00,0x00,0x00,0x00,0x00,0x00,0x00,0x00,0x00,0x00,0x00,
    0x00,0x00,0x00,0x40,0x04,0x00,0x00,0x00,0x00,0x00,0x00,0x00,0x00,0x00,0x00,0x00,0x10,0x03,0x06,0x0c,0x18,0x10,0x30,0x20,0x40,0x40,0x41,0xff,0x80,0x00,0x00,0x7f,
    0x40,0x20,0x30,0x10,0x08,0x86,0x43,0x61,0x20,0x20,0x11,0x10,0x10,0x10,0x10,0x10,0x10,0x10,0x30,0x20,0x60,0x40,0xc0,0xc0,0x04,0x40,0x00,0x00,0x00,0x00,0x00,0x00,
    0x00,0x00,0x00,0x00,0x00,0x00,0x00,0x00,0x10,0x00,0x00,0x00,0x00,0x00,0x00,0x00,0x00,0x00,0x00,0x00,0x00,0x00,0x00,0x00,0x00,0x00,0x00,0x00,0x00,0x00,0x00,0x00,
    0x00,0x00,0x00,0x00,0x00,0x20,0x00,0x00,0x00,0xf0,0x14,0x20,0x60,0xc0,0x00,0x02,0x00,0x80,0x80,0xc4,0x40,0xc0,0x00,0x20,0x00,0x00,0x00,0x00,0x00,0x00,0x00,0x00,
    0x00,0x00,0x00,0x44,0x00,0x60,0x60,0x50,0xc8,0x8c,0x84,0x02,0x02,0x01,0x01,0x01,0x01,0x01,0x01,0x81,0x81,0xc3,0x42,0x22,0x14,0x1c,0x88,0x80,0x40,0xc4,0x0e,0x04,
    0x20,0xe0,0x42,0x47,0x45,0x88,0x88,0x18,0x10,0x10,0x10,0x10,0x10,0x10,0x10,0x10,0x08,0x08,0x04,0x06,0x02,0x01,0x00,0x00,0x00,0x44,0x00,0x00,0x00,0x00,0x00,0x00,
    0x00,0x00,0x00,0x00,0x00,0x40,0x00,0x00,0x00,0x10,0x00,0x00,0x00,0xe0,0x34,0x60,0xc0,0x00,0x04,0x00,0x00,0x00,0x00,0x10,0x00,0x00,0x00,0x40,0x00,0x00,0x00,0x00,
    0x00,0x00,0x40,0x02,0xc0,0xe0,0xa0,0x30,0x90,0xb5,0xe3,0x66,0x04,0x27,0x70,0x21,0x4e,0xcb,0x48,0x5c,0x46,0xc3,0x80,0x00,0x00,0x00,0x84,0x00,0x00,0x00,0x00,0x00,
    0x00,0x00,0x00,0x00,0x04,0x00,0x40,0x00,0x00,0x00,0x01,0x01,0x01,0x01,0x01,0x01,0x01,0x01,0x11,0x00,0x80,0x70,0x18,0x0c,0x02,0x01,0x01,0x00,0x00,0xff,0x00,0x00,
    0x00,0x1f,0x70,0x80,0x00,0x00,0x01,0x01,0x03,0x06,0x0c,0x38,0xe1,0x00,0x00,0x00,0x00,0x00,0x00,0x00,0x00,0x00,0x20,0x00,0x04,0x00,0x00,0x00,0x00,0x00,0x00,0x00,
    0x00,0x80,0x00,0x84,0xc0,0x40,0x40,0x60,0x40,0x40,0xc0,0x90,0x03,0x0f,0x18,0x20,0x38,0x0f,0x00,0x88,0xe0,0x30,0x18,0x08,0x88,0xc8,0x68,0x38,0x08,0x04,0x00,0x80,
    0x00,0x00,0x00,0x08,0x00,0x00,0x00,0x41,0x01,0x00,0x02,0x3c,0xe6,0xc3,0x77,0x1c,0x04,0x01,0x03,0x06,0x04,0x84,0x07,0x06,0x08,0x00,0x00,0x00,0x00,0x00,0x00,0x10,
    0x38,0x10,0x00,0x00,0x00,0x00,0x00,0x00,0x02,0x00,0x20,0x00,0x00,0x80,0x00,0x00,0x00,0x00,0x00,0x00,0xff,0x00,0x00,0x80,0xc0,0x60,0x30,0x18,0x0e,0x03,0x00,0x00,
    0x02,0x00,0x00,0x01,0x03,0x06,0x04,0x08,0x18,0x10,0x30,0x20,0x20,0x7f,0x00,0x80,0x00,0x00,0x10,0x00,0x02,0x00,0x00,0x00,0x00,0x00,0x00,0x00,0x20,0x00,0x00,0x00,
    0x00,0x08,0x00,0x00,0x01,0x02,0x06,0x04,0x04,0x04,0x96,0xc2,0x63,0x20,0x30,0xe2,0x07,0x02,0x00,0xf0,0x90,0x11,0x31,0x25,0xe0,0x80,0x00,0x00,0x00,0x00,0x00,0x08
  },
  { // 34
    0x00,0x00,0x00,0x00,0x00,0x20,0x00,0x00,0x00,0x00,0x00,0x00,0x00,0x00,0x00,0x00,0x00,0x00,0x00,0x00,0x00,0x00,0x00,0x00,0x00,0x00,0x00,0x00,0x00,0x00,0x00,0x00,
    0x00,0x00,0x00,0x80,0x08,0x00,0x00,0x00,0x00,0x00,0x00,0x00,0x00,0x00,0x00,0x00,0x10,0x01,0x02,0x0c,0x18,0x10,0x30,0x20,0x20,0x40,0x41,0xbf,0xc0,0x00,0x00,0x7f,
    0x40,0x20,0x20,0x10,0x08,0x84,0x43,0x41,0x20,0x20,0x12,0x10,0x10,0x10,0x10,0x10,0x10,0x10,0x20,0x20,0x20,0x40,0xc0,0x80,0x02,0x20,0x00,0x00,0x00,0x00,0x00,0x00,
    0x00,0x00,0x00,0x00,0x00,0x00,0x00,0x00,0x10,0x00,0x00,0x00,0x00,0x00,0x00,0x00,0x00,0x00,0x00,0x00,0x00,0x00,0x00,0x00,0x00,0x00,0x00,0x00,0x00,0x00,0x00,0x00,
    0x00,0x00,0x00,0x00,0x00,0x00,0x10,0x00,0x00,0xf0,0x34,0x20,0x60,0xc0,0x00,0x02,0x00,0x80,0xc0,0x44,0x40,0xc0,0x00,0x20,0x00,0x00,0x00,0x00,0x00,0x00,0x01,0x00,
    0x00,0x00,0x00,0x88,0x00,0x20,0x60,0x50,0x88,0x84,0x84,0x02,0x03,0x01,0x01,0x01,0x01,0x01,0x01,0x81,0x81,0x41,0x42,0x22,0x14,0x0c,0x88,0x80,0x40,0xc4,0x0e,0x04,
    0x60,0xa0,0x42,0x46,0x85,0x88,0x88,0x10,0x10,0x10,0x10,0x10,0x10,0x10,0x10,0x10,0x18,0x08,0x04,0x04,0x02,0x01,0x00,0x00,0x00,0x22,0x00,0x00,0x00,0x00,0x00,0x00,
    0x00,0x00,0x00,0x00,0x00,0x00,0x40,0x00,0x00,0x10,0x00,0x00,0x80,0xe0,0x34,0x60,0xc0,0x00,0x00,0x04,0x00,0x00,0x00,0x10,0x00,0x00,0x00,0x80,0x00,0x00,0x00,0x00,
    0x00,0x00,0x40,0x02,0xc0,0xe0,0xa0,0x30,0x10,0xb9,0xe3,0x66,0x04,0x2f,0x70,0x21,0x4e,0xcb,0x4c,0x54,0x47,0xc1,0x80,0x00,0x00,0x00,0x84,0x00,0x00,0x00,0x00,0x00,
    0x00,0x00,0x00,0x00,0x08,0x00,0x40,0x00,0x00,0x00,0x00,0x01,0x01,0x01,0x01,0x01,0x01,0x01,0x09,0x00,0xc0,0x30,0x18,0x04,0x02,0x01,0x00,0x00,0x00,0xff,0x00,0x00,
    0x00,0x1f,0x70,0x80,0x00,0x00,0x01,0x01,0x03,0x06,0x08,0x30,0xe1,0x00,0x00,0x00,0x00,0x00,0x00,0x00,0x00,0x00,0x00,0x20,0x02,0x00,0x00,0x00,0x00,0x00,0x00,0x00,
    0x00,0x40,0x00,0x84,0xc0,0x40,0x40,0x40,0x40,0x40,0xc0,0x90,0x07,0x0c,0x10,0x20,0x39,0x0f,0x00,0x88,0xe0,0xb0,0x18,0x88,0x88,0xc8,0x68,0x38,0x00,0x04,0x00,0x80,
    0x00,0x00,0x00,0x04,0x00,0x00,0x41,0x01,0x01,0x01,0x02,0x38,0xe6,0xc3,0x77,0x1c,0x00,0x05,0x03,0x06,0x04,0x84,0x05,0x06,0x10,0x00,0x00,0x00,0x00,0x00,0x00,0x10,
    0x38,0x10,0x00,0x00,0x00,0x00,0x00,0x00,0x04,0x00,0x00,0x20,0x00,0x00,0x80,0x00,0x00,0x00,0x00,0x00,0xff,0x00,0x00,0x80,0xc0,0x60,0x30,0x18,0x06,0x01,0x00,0x00,
    0x02,0x00,0x00,0x01,0x03,0x04,0x0c,0x08,0x10,0x10,0x20,0x20,0x61,0x7e,0x00,0x80,0x00,0x00,0x10,0x00,0x00,0x02,0x00,0x00,0x00,0x00,0x00,0x20,0x70,0x20,0x00,0x00,
    0x00,0x08,0x00,0x01,0x01,0x02,0x06,0x04,0x04,0x04,0x94,0xc3,0x63,0x20,0x30,0xe2,0x07,0x02,0x00,0xf0,0x90,0x11,0x11,0x25,0x60,0x80,0x00,0x00,0x00,0x00,0x00,0x10
  },
  { // 35
    0x00,0x00,0x00,0x00,0x00,0x20,0x00,0x00,0x00,0x00,0x00,0x00,0x00,0x00,0x00,0x00,0x00,0x00,0x00,0x00,0x00,0x00,0x00,0x00,0x00,0x00,0x00,0x00,0x00,0x00,0x00,0x00,
    0x00,0x00,0x00,0x80,0x08,0x00,0x00,0x00,0x00,0x00,0x00,0x00,0x00,0x00,0x00,0x80,0x90,0x81,0x02,0x04,0x08,0x18,0x10,0x20,0x20,0x40,0x40,0xbf,0xc0,0x00,0x00,0x7f,
    0x40,0x20,0x20,0x10,0x08,0x84,0x43,0x41,0x20,0x20,0x32,0x10,0x10,0x10,0x10,0x10,0x10,0x20,0x20,0x20,0x40,0x40,0x80,0x80,0x02,0x20,0x00,0x00,0x00,0x00,0x00,0x00,
    0x00,0x00,0x00,0x00,0x00,0x00,0x00,0x00,0x10,0x00,0x00,0x00,0x00,0x00,0x00,0x00,0x00,0x00,0x00,0x00,0x00,0x00,0x00,0x00,0x00,0x00,0x00,0x00,0x00,0x00,0x00,0x00,
    0x00,0x00,0x00,0x00,0x00,0x00,0x10,0x00,0x00,0xf0,0x34,0x20,0x60,0x80,0x00,0x02,0x00,0x80,0xc0,0x40,0x44,0xc0,0x00,0x40,0x00,0x00,0x00,0x00,0x00,0x00,0x01,0x00,
    0x00,0x00,0x00,0x88,0x00,0x20,0x30,0x58,0x4c,0x84,0x82,0x82,0x01,0x01,0x01,0x00,0x00,0x00,0x81,0x81,0x81,0x41,0x42,0x22,0x14,0x0c,0x84,0x80,0x40,0xc4,0x0e,0x04,
    0x60,0xa0,0x44,0x46,0x85,0x88,0x08,0x10,0x10,0x10,0x10,0x20,0x20,0x20,0x10,0x10,0x10,0x08,0x08,0x04,0x06,0x03,0x01,0x00,0x00,0x22,0x00,0x00,0x00,0x00,0x00,0x00,
    0x00,0x00,0x00,0x00,0x00,0x00,0x40,0x00,0x00,0x00,0x08,0x00,0x80,0xe0,0x34,0x60,0xc0,0x00,0x00,0x04,0x00,0x00,0x00,0x10,0x00,0x00,0x00,0x80,0x00,0x00,0x00,0x00,
    0x00,0x00,0x20,0x02,0xc0,0xc0,0xa0,0x30,0x10,0xb9,0xe3,0x66,0x04,0x2f,0x70,0x21,0x0f,0xc9,0x4c,0x54,0x47,0xc1,0x80,0x00,0x00,0x00,0x84,0x00,0x00,0x00,0x00,0x00,
    0x00,0x00,0x00,0x00,0x08,0x00,0x80,0x00,0x00,0x00,0x00,0x00,0x01,0x01,0x01,0x01,0x01,0x01,0x09,0x00,0xc0,0x30,0x18,0x04,0x02,0x01,0x00,0x00,0x00,0xff,0x00,0x00,
    0x00,0x1f,0xe0,0x80,0x00,0x00,0x01,0x03,0x02,0x04,0x08,0x30,0xc1,0x00,0x00,0x00,0x00,0x00,0x00,0x00,0x00,0x00,0x00,0x20,0x02,0x00,0x00,0x00,0x00,0x00,0x00,0x00,
    0x00,0x40,0x00,0x84,0x80,0xc0,0x40,0x40,0x40,0x40,0xc0,0x90,0x07,0x1c,0x10,0x20,0x39,0x07,0x00,0x88,0xe0,0xb0,0x88,0x88,0x88,0xcc,0x68,0x18,0x00,0x00,0x08,0x80,
    0x00,0x00,0x00,0x04,0x00,0x00,0x41,0x01,0x01,0x01,0x02,0x18,0xfe,0xc3,0x63,0x1c,0x00,0x05,0x03,0x06,0x84,0x04,0x07,0x02,0x10,0x00,0x00,0x00,0x00,0x00,0x00,0x10,
    0x38,0x10,0x00,0x00,0x00,0x00,0x00,0x00,0x04,0x00,0x00,0x20,0x00,0x00,0x00,0x00,0x00,0x00,0x00,0x1c,0xe3,0x00,0x00,0x80,0x40,0x20,0x10,0x0c,0x06,0x01,0x00,0x00,
    0x02,0x00,0x00,0x01,0x02,0x04,0x08,0x18,0x10,0x30,0x20,0x20,0x43,0x7c,0x00,0x00,0x80,0x00,0x10,0x00,0x00,0x01,0x00,0x00,0x00,0x00,0x00,0x20,0x70,0x20,0x00,0x00,
    0x00,0x08,0x80,0x01,0x03,0x02,0x04,0x04,0x04,0x04,0x14,0xc7,0x63,0x20,0x30,0xe2,0x07,0x02,0x00,0xf8,0x90,0x10,0x10,0x34,0x60,0x80,0x00,0x00,0x00,0x00,0x00,0x10
  },
  { // 36
    0x00,0x00,0x00,0x00,0x00,0x00,0x00,0x00,0x00,0x00,0x00,0x00,0x00,0x00,0x00,0x00,0x00,0x00,0x00,0x00,0x00,0x00,0x00,0x00,0x00,0x00,0x00,0x00,0x00,0x00,0x00,0x00,
    0x00,0x00,0x00,0x80,0x08,0x00,0x00,0x00,0x00,0x00,0x00,0x00,0x00,0x00,0x80,0x80,0x90,0x81,0x83,0x04,0x0c,0x18,0x10,0x20,0x20,0x40,0x40,0x7f,0xe0,0x00,0x00,0x3f,
    0x40,0x60,0x20,0x10,0x08,0x84,0x86,0x41,0x60,0x20,0x20,0x12,0x10,0x10,0x10,0x10,0x20,0x20,0x20,0x60,0x40,0xc0,0x80,0x82,0x20,0x00,0x00,0x00,0x00,0x00,0x00,0x00,
    0x00,0x00,0x00,0x00,0x00,0x00,0x00,0x00,0x10,0x00,0x00,0x00,0x00,0x00,0x00,0x00,0x00,0x00,0x00,0x00,0x00,0x00,0x00,0x00,0x00,0x00,0x00,0x00,0x00,0x00,0x00,0x00,
    0x00,0x00,0x00,0x00,0x00,0x00,0x10,0x00,0x00,0xf0,0x34,0x60,0xc0,0x80,0x00,0x02,0x00,0x80,0xc0,0x40,0x44,0xc0,0x00,0x00,0x40,0x00,0x00,0x00,0x00,0x00,0x01,0x00,
    0x00,0x00,0x00,0x08,0x80,0x30,0x30,0x78,0x4c,0xc6,0x82,0x83,0x81,0x01,0x01,0x00,0x00,0x00,0x80,0x81,0xc1,0x41,0x22,0x22,0x12,0x0c,0x84,0xc0,0x40,0x84,0x0e,0x04,
    0xe0,0xc0,0x44,0x46,0x89,0x88,0x08,0x10,0x10,0x10,0x20,0x20,0x20,0x20,0x30,0x10,0x10,0x18,0x08,0x0c,0x06,0x03,0x01,0x01,0x00,0x22,0x00,0x00,0x00,0x00,0x00,0x00,
    0x00,0x00,0x00,0x00,0x00,0x00,0x40,0x00,0x00,0x00,0x08,0x00,0x80,0x70,0x24,0x40,0xc0,0x00,0x00,0x04,0x00,0x00,0x00,0x10,0x00,0x00,0x00,0x80,0x00,0x00,0x00,0x00,
    0x00,0x00,0x20,0x01,0x80,0xc0,0x60,0x20,0x30,0xa9,0xe2,0x66,0x04,0x2f,0x70,0x21,0x0f,0xc9,0x4c,0x54,0x47,0xc1,0x80,0x00,0x00,0x00,0x84,0x00,0x00,0x00,0x00,0x00,
    0x00,0x00,0x00,0x00,0x00,0x08,0x80,0x00,0x00,0x00,0x00,0x00,0x00,0x01,0x01,0x01,0x01,0x09,0x00,0x00,0xe0,0x30,0x0c,0x04,0x02,0x01,0x00,0x00,0x00,0xff,0x00,0x00,
    0x00,0x3f,0xc0,0x80,0x00,0x00,0x01,0x03,0x06,0x04,0x18,0x70,0xc1,0x00,0x00,0x00,0x00,0x00,0x00,0x00,0x00,0x00,0x00,0x20,0x02,0x00,0x00,0x00,0x00,0x00,0x00,0x00,
    0x00,0x40,0x00,0x84,0x80,0xc0,0x40,0x40,0x40,0x40,0xc0,0x90,0x07,0x18,0x30,0x20,0x3d,0x06,0x00,0x84,0xe0,0xb0,0x88,0x88,0x84,0xc4,0x64,0x18,0x00,0x00,0x08,0x80,
    0x00,0x00,0x00,0x04,0x00,0x00,0x41,0x01,0x01,0x01,0x02,0x18,0x7e,0xc3,0x63,0x3c,0x00,0x05,0x03,0x02,0x86,0x04,0x07,0x03,0x10,0x00,0x00,0x00,0x00,0x00,0x00,0x10,
    0x38,0x10,0x00,0x00,0x00,0x00,0x00,0x00,0x04,0x00,0x00,0x20,0x00,0x00,0x00,0x00,0x00,0x00,0x00,0x7f,0x81,0x00,0x80,0x80,0x40,0x20,0x10,0x0c,0x07,0x00,0x00,0x00,
    0x02,0x00,0x00,0x01,0x06,0x0c,0x08,0x18,0x10,0x20,0x20,0x40,0x4f,0x70,0x00,0x00,0x40,0x00,0x00,0x08,0x00,0x01,0x00,0x00,0x00,0x00,0x00,0x20,0x70,0x20,0x00,0x00,
    0x00,0x08,0x80,0x01,0x03,0x06,0x04,0x04,0x04,0x04,0x24,0xc7,0x43,0x20,0x30,0xe2,0x07,0x02,0x00,0x78,0x90,0x10,0x10,0x34,0x60,0xc0,0x00,0x00,0x00,0x00,0x00,0x10
  },
  { // 37
    0x00,0x00,0x00,0x00,0x00,0x00,0x00,0x00,0x00,0x00,0x00,0x00,0x00,0x00,0x00,0x00,0x00,0x00,0x00,0x00,0x00,0x00,0x00,0x00,0x00,0x00,0x00,0x00,0x00,0x00,0x00,0x00,
    0x00,0x00,0x00,0x80,0x10,0x01,0x00,0x00,0x00,0x00,0x00,0x00,0x00,0x00,0x80,0x80,0x90,0x80,0x83,0x86,0x0c,0x18,0x10,0x20,0x20,0x40,0x40,0x4f,0xf0,0x00,0x00,0x3f,
    0x40,0x40,0x20,0x10,0x08,0x8c,0x86,0x43,0x40,0x20,0x20,0x22,0x10,0x10,0x10,0x20,0x20,0x20,0x20,0x40,0x40,0x80,0x80,0x02,0x10,0x00,0x00,0x00,0x00,0x00,0x00,0x00,
    0x00,0x00,0x00,0x00,0x00,0x00,0x00,0x00,0x10,0x00,0x00,0x00,0x00,0x00,0x00,0x00,0x00,0x00,0x00,0x00,0x00,0x00,0x00,0x00,0x00,0x00,0x00,0x00,0x00,0x00,0x00,0x00,
    0x00,0x00,0x00,0x00,0x00,0x00,0x10,0x00,0x00,0xf0,0x24,0x60,0xc0,0x80,0x00,0x02,0x00,0x80,0xc0,0x40,0x48,0xc0,0x00,0x00,0x40,0x00,0x00,0x00,0x00,0x00,0x01,0x00,
    0x00,0x00,0x00,0x10,0x00,0x10,0x38,0x28,0x44,0x46,0x82,0x83,0x81,0x81,0x00,0x00,0x00,0x80,0x80,0x81,0x41,0x41,0x21,0x22,0x12,0x0c,0x84,0x40,0x40,0x84,0x0e,0x04,
    0xe0,0x40,0x44,0x46,0x89,0x88,0x10,0x10,0x10,0x30,0x20,0x20,0x20,0x20,0x20,0x10,0x10,0x18,0x08,0x0c,0x04,0x02,0x03,0x01,0x00,0x21,0x00,0x00,0x00,0x00,0x00,0x00,
    0x00,0x00,0x00,0x00,0x00,0x00,0x40,0x00,0x00,0x00,0x08,0x00,0xc0,0x70,0x20,0x44,0x80,0x00,0x00,0x04,0x00,0x00,0x01,0x00,0x10,0x00,0x00,0x80,0x00,0x00,0x00,0x00,
    0x00,0x00,0x20,0x01,0x80,0xc0,0x60,0x20,0x20,0xa9,0xa2,0x64,0x04,0x2f,0x70,0x21,0x0f,0xc9,0x4c,0x54,0x43,0xc0,0x80,0x00,0x00,0x00,0x84,0x00,0x00,0x00,0x00,0x00,
    0x00,0x00,0x00,0x00,0x01,0x08,0x80,0x00,0x00,0x00,0x00,0x00,0x00,0x00,0x01,0x01,0x01,0x08,0x00,0x80,0xe0,0x18,0x0c,0x06,0x02,0x01,0x00,0x00,0x80,0xff,0x00,0x00,
    0x01,0x3e,0xc0,0x00,0x00,0x00,0x01,0x03,0x06,0x0c,0x18,0x60,0x81,0x00,0x00,0x00,0x00,0x00,0x00,0x00,0x00,0x00,0x00,0x10,0x01,0x00,0x00,0x00,0x00,0x00,0x00,0x00,
    0x00,0x40,0x00,0x82,0x80,0x80,0x40,0x40,0x40,0x40,0x80,0x90,0x07,0x18,0x30,0x20,0x3f,0x00,0x00,0x84,0xf0,0x98,0x88,0x8c,0x84,0x44,0x34,0x1c,0x00,0x00,0x08,0x00,
    0x00,0x00,0x00,0x04,0x00,0x01,0x41,0x01,0x01,0x01,0x02,0x00,0x7e,0xc3,0x63,0x3e,0x00,0x05,0x03,0x02,0x82,0x02,0x03,0x03,0x10,0x00,0x00,0x00,0x00,0x00,0x00,0x10,
    0x38,0x10,0x00,0x00,0x00,0x00,0x00,0x00,0x00,0x04,0x00,0x20,0x00,0x00,0x00,0x00,0x00,0x00,0x00,0xff,0x00,0x00,0x80,0xc0,0x60,0x30,0x18,0x0c,0x03,0x00,0x00,0x02,
    0x00,0x00,0x00,0x03,0x06,0x0c,0x08,0x10,0x30,0x20,0x20,0x40,0x7f,0x00,0x00,0x00,0x40,0x00,0x00,0x08,0x00,0x01,0x00,0x00,0x00,0x00,0x00,0x20,0x70,0x20,0x00,0x00,
    0x00,0x04,0x80,0x01,0x03,0x06,0x04,0x04,0x04,0x04,0x24,0x87,0x43,0x60,0x20,0xf2,0x07,0x02,0x00,0x78,0xd0,0x10,0x10,0x34,0x60,0xc0,0x00,0x00,0x00,0x00,0x00,0x11
  },
  { // 38
    0x00,0x00,0x00,0x00,0x00,0x00,0x00,0x00,0x00,0x00,0x00,0x00,0x00,0x00,0x00,0x00,0x00,0x00,0x00,0x00,0x00,0x00,0x00,0x00,0x00,0x00,0x00,0x00,0x00,0x00,0x00,0x00,
    0x00,0x00,0x00,0x00,0x10,0x01,0x00,0x00,0x00,0x00,0x00,0x00,0x00,0x80,0x80,0x80,0x88,0x80,0x81,0x86,0x0c,0x08,0x10,0x20,0x20,0x40,0x40,0x47,0xf8,0x00,0x00,0x1f,
    0x60,0x40,0x20,0x10,0x18,0x88,0x86,0x43,0x41,0x20,0x20,0x22,0x20,0x20,0x20,0x20,0x20,0x20,0x40,0x40,0x80,0x80,0x00,0x01,0x10,0x00,0x00,0x00,0x00,0x00,0x00,0x00,
    0x00,0x00,0x00,0x00,0x00,0x00,0x00,0x00,0x10,0x00,0x00,0x00,0x00,0x00,0x00,0x00,0x00,0x00,0x00,0x00,0x00,0x00,0x00,0x00,0x00,0x00,0x00,0x00,0x00,0x00,0x00,0x00,
    0x00,0x00,0x00,0x00,0x00,0x00,0x10,0x00,0x00,0xf0,0x24,0x60,0xc0,0x80,0x00,0x02,0x00,0x80,0xc0,0x40,0xc8,0xc0,0x00,0x00,0x40,0x00,0x00,0x00,0x00,0x00,0x01,0x00,
    0x00,0x00,0x00,0x11,0x00,0x10,0x18,0x28,0x24,0x42,0x42,0x81,0x81,0x81,0x80,0x80,0x80,0x80,0x80,0x80,0x41,0x41,0x21,0x22,0x12,0x0c,0x84,0x40,0xc0,0x04,0x0e,0x04,
    0xe0,0x40,0x44,0x46,0x89,0x88,0x10,0x10,0x10,0x20,0x20,0x20,0x20,0x20,0x20,0x30,0x10,0x10,0x08,0x08,0x04,0x02,0x03,0x01,0x00,0x11,0x00,0x00,0x00,0x00,0x00,0x00,
    0x00,0x00,0x00,0x00,0x00,0x00,0x40,0x00,0x00,0x00,0x08,0x00,0xc0,0x30,0x60,0xc4,0x80,0x00,0x00,0x04,0x00,0x00,0x01,0x00,0x10,0x00,0x00,0x80,0x00,0x00,0x00,0x00,
    0x00,0x00,0x20,0x01,0x80,0xc0,0x60,0x20,0x20,0xab,0xa6,0x64,0x04,0x2f,0x70,0x21,0x0f,0xc9,0x44,0x56,0x43,0xc0,0x80,0x00,0x00,0x00,0x08,0x00,0x00,0x00,0x00,0x00,
    0x00,0x00,0x00,0x00,0x01,0x10,0x00,0x80,0x00,0x00,0x00,0x00,0x00,0x00,0x00,0x00,0x00,0x08,0x00,0x80,0x70,0x18,0x0c,0x02,0x03,0x01,0x00,0x00,0x80,0x7f,0x00,0x00,
    0x03,0x7c,0xc0,0x00,0x00,0x00,0x01,0x02,0x06,0x0c,0x30,0xe0,0x02,0x00,0x00,0x00,0x00,0x00,0x00,0x00,0x00,0x00,0x00,0x10,0x01,0x00,0x00,0x00,0x00,0x00,0x00,0x00,
    0x00,0x40,0x00,0x02,0x80,0x80,0xc0,0x40,0x40,0xc0,0x80,0x90,0x0f,0x18,0x30,0x20,0x1f,0x00,0x00,0xc4,0xf0,0x98,0x88,0x8c,0x84,0x44,0x34,0x1c,0x00,0x00,0x08,0x00,
    0x00,0x00,0x00,0x04,0x00,0x01,0x41,0x01,0x01,0x01,0x02,0x00,0x7e,0xc3,0x63,0x3e,0x00,0x04,0x03,0x02,0x82,0x02,0x03,0x03,0x10,0x00,0x01,0x00,0x00,0x00,0x00,0x10,
    0x38,0x10,0x00,0x00,0x00,0x00,0x00,0x00,0x00,0x08,0x00,0x00,0x40,0x00,0x00,0x00,0x00,0x00,0x00,0xff,0x00,0x80,0x80,0x40,0x60,0x30,0x18,0x0c,0x03,0x00,0x00,0x02,
    0x00,0x00,0x00,0x03,0x06,0x0c,0x18,0x10,0x20,0x20,0x40,0x40,0x7f,0x00,0x00,0x00,0x40,0x00,0x00,0x08,0x00,0x01,0x00,0x00,0x00,0x00,0x00,0x20,0x70,0x20,0x00,0x00,
    0x00,0x04,0x80,0x01,0x03,0x06,0x04,0x04,0x08,0x04,0x24,0x87,0x43,0x60,0x20,0xf2,0x07,0x02,0x00,0x78,0xd8,0x10,0x10,0x14,0x20,0xc0,0x00,0x00,0x00,0x00,0x00,0x11
  },
  { // 39
    0x00,0x00,0x00,0x00,0x00,0x00,0x00,0x00,0x00,0x00,0x00,0x00,0x00,0x00,0x00,0x00,0x00,0x00,0x00,0x00,0x00,0x00,0x00,0x00,0x00,0x00,0x00,0x00,0x00,0x00,0x00,0x00,
    0x00,0x00,0x00,0x00,0x10,0x01,0x00,0x00,0x00,0x00,0x00,0x00,0x00,0x80,0x80,0x80,0x88,0x80,0x81,0x86,0x8c,0x08,0x10,0x10,0x20,0x20,0x40,0x47,0xfc,0x00,0x00,0x0f,
    0x70,0x40,0x20,0x10,0x10,0x08,0x84,0x43,0x41,0x60,0x20,0x22,0x20,0x20,0x20,0x20,0x20,0x60,0x40,0x40,0x80,0x80,0x00,0x01,0x10,0x00,0x00,0x00,0x00,0x00,0x00,0x00,
    0x00,0x00,0x00,0x00,0x00,0x00,0x00,0x00,0x10,0x00,0x00,0x00,0x00,0x00,0x00,0x00,0x00,0x00,0x00,0x00,0x00,0x00,0x00,0x00,0x00,0x00,0x00,0x00,0x00,0x00,0x00,0x00,
    0x00,0x00,0x00,0x00,0x00,0x00,0x10,0x00,0x00,0xf0,0x20,0x64,0xc0,0x00,0x00,0x00,0x02,0x80,0x40,0x40,0xe8,0x40,0x00,0x00,0x40,0x00,0x00,0x00,0x00,0x00,0x01,0x00,
    0x00,0x00,0x00,0x11,0x00,0x10,0x18,0x24,0x26,0x42,0x41,0xc1,0x81,0x80,0x80,0x80,0x80,0x80,0x80,0xc0,0x40,0x41,0x21,0x12,0x12,0x0c,0x84,0x40,0xc0,0x04,0x0e,0x04,
    0xe0,0x40,0x44,0x86,0x89,0x09,0x10,0x10,0x20,0x20,0x20,0x20,0x20,0x20,0x20,0x20,0x10,0x10,0x10,0x08,0x0c,0x04,0x03,0x01,0x00,0x11,0x00,0x00,0x00,0x00,0x00,0x00,
    0x00,0x00,0x00,0x00,0x00,0x00,0x40,0x00,0x00,0x00,0x08,0x00,0xe0,0x30,0x60,0xc4,0x80,0x00,0x00,0x00,0x04,0x00,0x01,0x00,0x10,0x00,0x00,0x80,0x00,0x00,0x00,0x00,
    0x00,0x00,0x20,0x01,0x80,0xc0,0x60,0x20,0x20,0xab,0xa6,0x64,0x0c,0x2f,0x71,0x20,0x0f,0xcd,0x44,0x56,0x43,0x40,0x80,0x00,0x00,0x00,0x08,0x00,0x00,0x00,0x00,0x00,
    0x00,0x00,0x00,0x00,0x01,0x10,0x00,0x00,0x00,0x00,0x00,0x00,0x00,0x00,0x00,0x00,0x00,0x08,0x00,0xc0,0x30,0x18,0x04,0x02,0x01,0x01,0x00,0x00,0xe1,0x3e,0x00,0x00,
    0x07,0x7c,0xc0,0x00,0x00,0x01,0x01,0x02,0x06,0x0c,0x30,0xc0,0x02,0x00,0x00,0x00,0x00,0x00,0x00,0x00,0x00,0x80,0x00,0x10,0x01,0x00,0x00,0x00,0x00,0x00,0x00,0x00,
    0x00,0x20,0x00,0x02,0x80,0x80,0xc0,0x40,0x40,0xc0,0x80,0x90,0x0f,0x18,0x30,0x20,0x3f,0x00,0x00,0xc4,0xf0,0x98,0x8c,0x84,0xc4,0x64,0x3c,0x0c,0x00,0x00,0x08,0x00,
    0x00,0x00,0x00,0x04,0x00,0x01,0x41,0x01,0x01,0x01,0x02,0x00,0x7e,0xc3,0x63,0x3e,0x00,0x04,0x03,0x02,0x02,0x02,0x03,0x03,0x10,0x00,0x01,0x00,0x00,0x00,0x00,0x10,
    0x38,0x10,0x00,0x00,0x00,0x00,0x00,0x01,0x00,0x08,0x00,0x00,0x40,0x00,0x00,0x00,0x00,0x00,0x00,0xff,0x00,0x80,0xc0,0x40,0x60,0x30,0x18,0x06,0x03,0x00,0x00,0x02,
    0x00,0x00,0x01,0x06,0x04,0x08,0x10,0x10,0x20,0x20,0x40,0x41,0xfe,0x00,0x00,0x00,0x40,0x00,0x00,0x08,0x00,0x00,0x00,0x00,0x00,0x00,0x00,0x20,0x70,0x20,0x00,0x00,
    0x00,0x04,0x80,0x01,0x03,0x06,0x04,0x0c,0x08,0x0c,0x24,0x87,0xc3,0x60,0x20,0xf2,0x07,0x02,0x00,0x78,0xc8,0x18,0x10,0x12,0x20,0xc0,0x00,0x00,0x00,0x00,0x00,0x21
  },
  { // 40
    0x00,0x00,0x00,0x00,0x00,0x00,0x00,0x00,0x00,0x00,0x00,0x00,0x00,0x00,0x00,0x00,0x00,0x00,0x00,0x00,0x00,0x00,0x00,0x00,0x00,0x00,0x00,0x00,0x00,0x00,0x00,0x00,
    0x00,0x00,0x00,0x00,0x10,0x02,0x00,0x00,0x00,0x00,0x00,0x00,0x80,0x80,0x80,0x80,0x88,0x80,0x81,0x82,0x84,0x08,0x10,0x10,0x20,0x20,0x40,0x43,0xfc,0x00,0x00,0x0f,
    0x78,0x40,0x20,0x10,0x10,0x08,0x84,0xc3,0x41,0x60,0x20,0x22,0x20,0x20,0x20,0x20,0x20,0x40,0x40,0xc0,0x80,0x80,0x00,0x01,0x10,0x00,0x00,0x00,0x00,0x00,0x00,0x00,
    0x00,0x00,0x00,0x00,0x00,0x00,0x00,0x00,0x00,0x00,0x00,0x00,0x00,0x00,0x00,0x00,0x00,0x00,0x00,0x00,0x00,0x00,0x00,0x00,0x00,0x00,0x00,0x00,0x00,0x00,0x00,0x00,
    0x00,0x00,0x00,0x00,0x00,0x00,0x10,0x00,0x00,0xe0,0x20,0x62,0xc0,0x00,0x00,0x00,0x82,0x80,0x40,0x40,0xe8,0x00,0x00,0x00,0x40,0x00,0x00,0x00,0x00,0x00,0x01,0x00,
    0x00,0x00,0x00,0x11,0x00,0x18,0x1c,0x34,0x26,0x63,0x41,0x41,0x80,0x80,0x80,0x80,0x80,0x80,0x80,0xc0,0x40,0x61,0x21,0x13,0x12,0x0c,0x84,0x40,0xc0,0x04,0x0e,0x04,
    0xe0,0x40,0x44,0x86,0x89,0x19,0x10,0x10,0x20,0x20,0x20,0x20,0x20,0x20,0x20,0x20,0x20,0x10,0x10,0x18,0x0c,0x05,0x07,0x03,0x00,0x11,0x00,0x00,0x00,0x00,0x00,0x00,
    0x00,0x00,0x00,0x00,0x00,0x00,0x00,0x20,0x00,0x00,0x00,0x08,0xe0,0x20,0x60,0xc4,0x80,0x00,0x00,0x00,0x04,0x00,0x01,0x00,0x10,0x00,0x00,0x00,0x00,0x00,0x00,0x00,
    0x00,0x00,0x20,0x01,0x80,0xc0,0x60,0x20,0x20,0x2b,0xa6,0x64,0x0d,0x2f,0x71,0x20,0x0f,0xcc,0x44,0x56,0x43,0x40,0xc0,0x00,0x00,0x00,0x08,0x00,0x00,0x00,0x00,0x00,
    0x00,0x00,0x00,0x00,0x01,0x10,0x00,0x00,0x00,0x00,0x00,0x00,0x00,0x00,0x00,0x00,0x00,0x08,0x00,0xc0,0x30,0x18,0x04,0x02,0x01,0x01,0x00,0x00,0xe3,0x1e,0x00,0x00,
    0x07,0x78,0x80,0x00,0x00,0x01,0x01,0x02,0x04,0x08,0x70,0xc0,0x02,0x00,0x00,0x00,0x00,0x00,0x00,0x00,0x00,0x00,0x80,0x08,0x01,0x00,0x00,0x00,0x00,0x00,0x00,0x00,
    0x00,0x20,0x00,0x02,0x80,0x80,0x80,0x40,0x40,0xc0,0x90,0x00,0x0f,0x18,0x30,0x20,0x1f,0x00,0x00,0xc4,0xf0,0x98,0x8c,0x84,0xc4,0x64,0x3c,0x0c,0x01,0x00,0x10,0x00,
    0x00,0x00,0x00,0x02,0x00,0x01,0x41,0x01,0x01,0x01,0x03,0x00,0x7c,0xc3,0xe3,0x3e,0x00,0x04,0x01,0x02,0x02,0x02,0x02,0x13,0x00,0x00,0x01,0x00,0x00,0x00,0x00,0x10,
    0x38,0x10,0x00,0x00,0x00,0x00,0x00,0x01,0x00,0x08,0x00,0x00,0x40,0x00,0x00,0x00,0x00,0x00,0x3c,0xc3,0x80,0x80,0xc0,0x60,0x20,0x10,0x08,0x07,0x01,0x00,0x00,0x02,
    0x00,0x00,0x01,0x06,0x0c,0x08,0x10,0x20,0x20,0x40,0x40,0x47,0xfc,0x00,0x00,0x00,0x00,0x20,0x00,0x04,0x00,0x00,0x00,0x00,0x00,0x00,0x00,0x20,0x70,0x20,0x00,0x00,
    0x00,0x04,0x40,0x03,0x03,0x04,0x04,0x08,0x08,0x0c,0x24,0x87,0xc3,0x60,0x20,0xf2,0x07,0x02,0x00,0x78,0xc8,0x88,0x10,0x12,0x30,0xe0,0x80,0x00,0x00,0x00,0x00,0x21
  },
  { // 41
    0x00,0x00,0x00,0x00,0x00,0x00,0x00,0x00,0x00,0x00,0x00,0x00,0x00,0x00,0x00,0x00,0x00,0x00,0x00,0x00,0x00,0x00,0x00,0x00,0x00,0x00,0x00,0x00,0x00,0x00,0x80,0x00,
    0x00,0x00,0x00,0x00,0x20,0x02,0x00,0x00,0x00,0x00,0x00,0x80,0x80,0x80,0x80,0x40,0x48,0x40,0x81,0x83,0x86,0x0c,0x18,0x10,0x20,0x20,0x40,0x41,0xfe,0x00,0x00,0x00,
    0x7f,0x40,0x20,0x20,0x10,0x08,0x84,0x82,0x43,0x40,0x20,0x24,0x20,0x20,0x20,0x20,0x60,0x40,0x40,0x80,0x80,0x00,0x00,0x00,0x08,0x80,0x00,0x00,0x00,0x00,0x00,0x00,
    0x00,0x00,0x00,0x00,0x00,0x00,0x00,0x00,0x00,0x00,0x00,0x00,0x00,0x00,0x00,0x00,0x00,0x00,0x00,0x00,0x00,0x00,0x00,0x00,0x00,0x00,0x00,0x00,0x00,0x00,0x00,0x00,
    0x00,0x00,0x00,0x00,0x00,0x00,0x10,0x00,0x00,0xe0,0x20,0x62,0xc0,0x00,0x00,0x00,0x82,0xc0,0x40,0x60,0xe0,0x08,0x00,0x00,0x40,0x00,0x00,0x00,0x00,0x01,0x03,0x01,
    0x00,0x00,0x00,0x22,0x00,0x08,0x1c,0x14,0x22,0x22,0x41,0x41,0xc0,0x80,0x80,0x80,0x80,0x80,0x80,0x40,0x40,0x21,0x21,0x13,0x1a,0x8e,0x84,0x40,0xc0,0x04,0x0e,0x04,
    0xe0,0x40,0x44,0x8e,0x8b,0x19,0x10,0x10,0x20,0x20,0x20,0x40,0x40,0x40,0x20,0x20,0x20,0x30,0x10,0x08,0x08,0x05,0x07,0x02,0x80,0x08,0x00,0x00,0x00,0x00,0x00,0x00,
    0x00,0x00,0x00,0x00,0x00,0x00,0x00,0x20,0x00,0x00,0x00,0x08,0xe0,0x20,0x60,0xc4,0x00,0x00,0x00,0x00,0x08,0x00,0x01,0x00,0x20,0x00,0x00,0x00,0x00,0x00,0x00,0x00,
    0x00,0x00,0x10,0x01,0x80,0xc0,0x60,0x20,0x20,0x2b,0xa6,0xe4,0x0d,0x27,0x71,0x20,0x0f,0xcc,0x44,0x56,0x43,0x40,0xc0,0x80,0x00,0x00,0x08,0x00,0x00,0x00,0x00,0x00,
    0x00,0x00,0x00,0x00,0x02,0x20,0x00,0x00,0x00,0x00,0x00,0x00,0x00,0x00,0x00,0x00,0x00,0x04,0x00,0xe0,0x38,0x08,0x04,0x02,0x01,0x00,0x00,0x00,0xff,0x00,0x00,0x00,
    0x0f,0xf0,0x00,0x00,0x00,0x01,0x03,0x06,0x0c,0x18,0x70,0xc0,0x02,0x00,0x00,0x00,0x00,0x00,0x00,0x00,0x00,0x00,0x80,0x08,0x00,0x00,0x00,0x00,0x00,0x00,0x00,0x00,
    0x00,0x00,0x20,0x00,0x02,0x80,0x80,0xc0,0x40,0x80,0xa0,0x03,0x0f,0x18,0x30,0x20,0x1f,0x00,0x04,0xc0,0xf0,0x98,0x8c,0x84,0x44,0x64,0x3c,0x0c,0x01,0x00,0x10,0x00,
    0x00,0x00,0x00,0x02,0x01,0x01,0x41,0x01,0x01,0x01,0x01,0x02,0x3c,0xc3,0xc3,0x3e,0x00,0x04,0x01,0x02,0x02,0x02,0x02,0x23,0x00,0x00,0x01,0x00,0x00,0x00,0x00,0x10,
    0x38,0x10,0x00,0x00,0x00,0x00,0x00,0x01,0x00,0x08,0x00,0x00,0x40,0x00,0x00,0x00,0x00,0x00,0xff,0x01,0x80,0x80,0x40,0x20,0x30,0x10,0x0c,0x07,0x01,0x00,0x00,0x02,
    0x00,0x00,0x03,0x06,0x0c,0x08,0x10,0x20,0x20,0x40,0x40,0xff,0x00,0x00,0x00,0x00,0x00,0x20,0x00,0x00,0x04,0x00,0x00,0x00,0x00,0x00,0x00,0x20,0x70,0x20,0x00,0x00,
    0x00,0x04,0x40,0x03,0x07,0x04,0x0c,0x08,0x08,0x08,0x24,0x87,0xc3,0x60,0x20,0xf2,0x07,0x02,0x00,0x38,0xc8,0x88,0x18,0x12,0x30,0xe0,0x80,0x00,0x00,0x00,0x20,0x01
  },
  { // 42
    0x00,0x00,0x00,0x00,0x00,0x00,0x00,0x00,0x00,0x00,0x00,0x00,0x00,0x00,0x00,0x00,0x00,0x00,0x00,0x00,0x00,0x00,0x00,0x00,0x00,0x00,0x00,0x00,0x00,0x00,0x80,0x00,
    0x00,0x00,0x00,0x20,0x02,0x00,0x00,0x00,0x00,0x00,0x00,0x80,0x80,0x80,0x40,0x40,0x48,0x40,0xc0,0x83,0x86,0x8c,0x08,0x10,0x20,0x20,0x40,0x40,0xff,0x00,0x00,0x00,
    0x7f,0x40,0x20,0x20,0x10,0x08,0x8c,0x86,0x43,0x40,0x40,0x24,0x20,0x20,0x20,0x40,0x40,0x40,0xc0,0x80,0x80,0x00,0x00,0x00,0x08,0x80,0x00,0x00,0x00,0x00,0x00,0x00,
    0x00,0x00,0x00,0x00,0x00,0x00,0x00,0x00,0x00,0x00,0x00,0x00,0x00,0x00,0x00,0x00,0x00,0x00,0x00,0x00,0x00,0x00,0x00,0x00,0x00,0x00,0x00,0x00,0x00,0x00,0x00,0x00,
    0x00,0x00,0x00,0x80,0x00,0x00,0x00,0x10,0xe0,0xa0,0x60,0x42,0xc0,0x00,0x00,0x00,0x82,0xc0,0x40,0x60,0xe0,0x08,0x00,0x00,0x80,0x00,0x00,0x00,0x00,0x01,0x03,0x01,
    0x00,0x00,0x00,0x22,0x00,0x08,0x0c,0x12,0x32,0x21,0x61,0x40,0x40,0x40,0x80,0x80,0x80,0x80,0x40,0x40,0x40,0x20,0x21,0x13,0x1a,0x8e,0x84,0x40,0xc0,0x04,0x0e,0x04,
    0xe0,0x40,0x44,0x8e,0x8b,0x19,0x10,0x20,0x20,0x20,0x60,0x40,0x40,0x40,0x40,0x20,0x20,0x20,0x10,0x10,0x09,0x09,0x06,0x02,0x00,0x88,0x00,0x00,0x00,0x00,0x00,0x00,
    0x00,0x00,0x00,0x00,0x00,0x00,0x00,0x20,0x00,0x00,0x00,0x88,0xe0,0x20,0x60,0x80,0x04,0x00,0x00,0x00,0x08,0x00,0x01,0x00,0x20,0x00,0x00,0x00,0x00,0x00,0x00,0x00,
    0x00,0x00,0x10,0x00,0x00,0xc0,0x40,0x20,0x20,0x2b,0xa6,0xe4,0x0f,0x20,0x71,0x20,0x0f,0xcc,0xc4,0x36,0x63,0x40,0xc0,0x80,0x00,0x00,0x08,0x00,0x00,0x00,0x00,0x00,
    0x00,0x00,0x00,0x00,0x02,0x20,0x00,0x00,0x00,0x00,0x00,0x00,0x00,0x00,0x00,0x00,0x00,0x04,0x80,0xe0,0x18,0x0c,0x06,0x02,0x01,0x00,0x00,0x00,0xff,0x00,0x00,0x00,
    0x1f,0xe0,0x00,0x00,0x00,0x01,0x02,0x06,0x0c,0x18,0xe0,0x80,0x02,0x00,0x00,0x00,0x00,0x00,0x00,0x00,0x00,0x00,0x80,0x00,0x08,0x00,0x00,0x00,0x00,0x00,0x00,0x00,
    0x00,0x00,0x20,0x00,0x02,0x80,0x80,0x80,0x80,0x80,0xa0,0x03,0x0c,0x10,0x30,0x71,0x1f,0x00,0x04,0xc0,0xb0,0x88,0x84,0xc4,0x44,0x64,0x3c,0x04,0x01,0x00,0x10,0x00,
    0x00,0x00,0x00,0x02,0x01,0x21,0x01,0x01,0x01,0x01,0x01,0x02,0x3c,0xe7,0xc3,0x7e,0x00,0x04,0x01,0x03,0x02,0x02,0x02,0x23,0x00,0x00,0x01,0x00,0x00,0x00,0x00,0x10,
    0x38,0x10,0x00,0x00,0x00,0x00,0x00,0x01,0x00,0x00,0x10,0x00,0x80,0x00,0x00,0x00,0x00,0x00,0xff,0x00,0x80,0x40,0x40,0x20,0x10,0x18,0x0c,0x07,0x00,0x00,0x00,0x02,
    0x00,0x00,0x03,0x06,0x08,0x10,0x10,0x20,0x60,0x40,0xc0,0xff,0x00,0x00,0x00,0x00,0x00,0x20,0x00,0x00,0x04,0x00,0x00,0x00,0x00,0x00,0x00,0x20,0x70,0x20,0x00,0x00,
    0x00,0x02,0x40,0x03,0x07,0x05,0x0c,0x08,0x08,0x08,0x2c,0x85,0xc3,0x60,0x20,0xf2,0x07,0x02,0x00,0x38,0xe8,0x88,0x18,0x12,0x30,0x60,0x80,0x00,0x00,0x00,0x20,0x02
  },
  { // 43
    0x00,0x00,0x00,0x00,0x00,0x00,0x00,0x00,0x00,0x00,0x00,0x00,0x00,0x00,0x00,0x00,0x00,0x00,0x00,0x00,0x00,0x00,0x00,0x00,0x00,0x00,0x00,0x00,0x00,0x00,0x80,0x00,
    0x00,0x00,0x00,0x20,0x02,0x00,0x00,0x00,0x00,0x00,0x80,0x80,0x80,0xc0,0x40,0x40,0x48,0x40,0x40,0x83,0x86,0x8c,0x08,0x10,0x20,0x20,0x40,0x40,0xff,0x00,0x00,0x00,
    0x7f,0x40,0x20,0x20,0x10,0x08,0x8c,0x86,0xc3,0x40,0x40,0x64,0x20,0x20,0x20,0x40,0x40,0x40,0x80,0x80,0x80,0x00,0x00,0x00,0x08,0x80,0x00,0x00,0x00,0x00,0x00,0x00,
    0x00,0x00,0x00,0x00,0x00,0x00,0x00,0x00,0x00,0x00,0x00,0x00,0x00,0x00,0x00,0x00,0x00,0x00,0x00,0x00,0x00,0x00,0x00,0x00,0x00,0x00,0x00,0x00,0x00,0x00,0x00,0x00,
    0x00,0x00,0x00,0x80,0x00,0x00,0x00,0x08,0xe0,0x20,0x60,0x42,0x80,0x00,0x00,0x00,0x82,0xc0,0x40,0x60,0xe0,0x08,0x00,0x00,0x80,0x00,0x00,0x00,0x00,0x01,0x03,0x01,
    0x00,0x00,0x00,0x22,0x00,0x0c,0x0c,0x12,0x33,0x21,0x21,0x40,0x40,0x40,0x80,0x80,0x80,0xc0,0x40,0x40,0x60,0x20,0x31,0x13,0x1a,0x8e,0x84,0x40,0xc0,0x04,0x0e,0x04,
    0xe0,0x40,0x44,0x8e,0x8b,0x19,0x11,0x20,0x20,0x20,0x40,0x40,0x40,0x40,0x40,0x60,0x20,0x20,0x30,0x10,0x19,0x09,0x06,0x06,0x00,0x88,0x00,0x00,0x00,0x00,0x00,0x00,
    0x00,0x00,0x00,0x00,0x00,0x00,0x00,0x20,0x00,0x00,0x00,0x88,0x60,0x20,0x40,0x80,0x04,0x00,0x00,0x00,0x08,0x00,0x01,0x00,0x00,0x20,0x00,0x00,0x00,0x00,0x00,0x00,
    0x00,0x00,0x10,0x00,0x00,0x80,0x40,0x60,0x20,0x2b,0xa6,0xc4,0x0f,0x20,0x71,0x20,0x0f,0xc4,0xe4,0x2e,0x63,0x40,0xc0,0x80,0x00,0x00,0x08,0x00,0x00,0x00,0x00,0x00,
    0x00,0x00,0x00,0x00,0x02,0x20,0x00,0x00,0x00,0x00,0x00,0x00,0x00,0x00,0x00,0x00,0x00,0x04,0x80,0x60,0x18,0x0c,0x06,0x02,0x01,0x00,0x00,0x80,0xff,0x00,0x00,0x00,
    0x3f,0xe0,0x00,0x00,0x00,0x01,0x02,0x06,0x0c,0x18,0xe0,0x00,0x02,0x00,0x00,0x00,0x00,0x00,0x00,0x00,0x00,0x00,0x40,0x00,0x08,0x00,0x00,0x00,0x00,0x00,0x00,0x00,
    0x00,0x00,0x20,0x00,0x01,0x80,0x80,0x80,0x80,0x80,0xa0,0x07,0x0c,0x10,0x30,0x71,0x1f,0x00,0x04,0xc0,0xb0,0x88,0x84,0xc4,0x44,0x72,0x1e,0x04,0x01,0x00,0x10,0x00,
    0x00,0x00,0x00,0x02,0x01,0x21,0x01,0x02,0x03,0x01,0x01,0x02,0x3c,0x67,0xc1,0x7e,0x18,0x04,0x01,0x03,0x02,0x02,0x02,0x23,0x00,0x00,0x01,0x00,0x00,0x00,0x00,0x10,
    0x38,0x10,0x00,0x00,0x00,0x00,0x00,0x02,0x00,0x00,0x10,0x00,0x00,0x80,0x00,0x00,0x00,0x00,0xff,0x80,0x80,0x40,0x40,0x20,0x10,0x08,0x0e,0x03,0x00,0x00,0x02,0x00,
    0x00,0x01,0x03,0x04,0x08,0x10,0x30,0x20,0x40,0xc0,0x80,0xff,0x00,0x00,0x80,0x00,0x00,0x20,0x00,0x00,0x04,0x00,0x00,0x00,0x00,0x00,0x00,0x20,0x70,0x20,0x00,0x00,
    0x00,0x02,0x40,0x02,0x07,0x05,0x08,0x08,0x08,0x08,0x2d,0x05,0xc7,0x60,0x20,0xf2,0x87,0x02,0x00,0x38,0xe8,0x88,0x08,0x12,0x30,0x60,0xc0,0x00,0x00,0x00,0x20,0x02
  },
  { // 44
    0x00,0x00,0x00,0x00,0x00,0x00,0x00,0x00,0x00,0x00,0x00,0x00,0x00,0x00,0x00,0x00,0x00,0x00,0x00,0x00,0x04,0x00,0x00,0x00,0x00,0x00,0x00,0x00,0x00,0x00,0x80,0x00,
    0x00,0x00,0x00,0x40,0x04,0x00,0x00,0x00,0x00,0x00,0x80,0x80,0x40,0x40,0x40,0x40,0x44,0x40,0x40,0x41,0x86,0x84,0x88,0x10,0x10,0x20,0x40,0x40,0xff,0x00,0x00,0x00,
    0xff,0x40,0x20,0x20,0x10,0x10,0x88,0x86,0xc3,0x41,0x40,0x44,0x40,0x40,0x40,0x40,0x40,0x80,0x80,0x80,0x00,0x00,0x00,0x00,0x04,0x40,0x00,0x00,0x00,0x00,0x00,0x00,
    0x00,0x00,0x00,0x00,0x00,0x00,0x00,0x00,0x00,0x00,0x00,0x00,0x00,0x00,0x00,0x00,0x00,0x00,0x00,0x00,0x00,0x00,0x80,0x00,0x00,0x00,0x00,0x00,0x00,0x00,0x00,0x00,
    0x00,0x00,0x00,0x00,0x80,0x00,0x00,0x08,0xe0,0x20,0x60,0x42,0x80,0x00,0x00,0x00,0x82,0xc0,0x40,0x20,0xe0,0x08,0x00,0x00,0x80,0x00,0x00,0x00,0x00,0x01,0x03,0x01,
    0x00,0x00,0x00,0x44,0x00,0x04,0x0e,0x12,0x13,0x21,0x21,0x20,0x40,0x40,0x40,0x40,0x40,0x40,0x40,0x40,0x60,0x20,0x31,0x13,0x0a,0x8e,0x84,0x40,0xe0,0x04,0x0e,0x04,
    0xe0,0x40,0x44,0x8e,0x0a,0x19,0x31,0x20,0x20,0x40,0x40,0x40,0x40,0x40,0x40,0x40,0x40,0x20,0x30,0x10,0x19,0x09,0x0e,0x04,0x00,0x44,0x00,0x00,0x00,0x00,0x00,0x00,
    0x00,0x00,0x00,0x00,0x00,0x00,0x00,0x20,0x00,0x00,0x00,0xc8,0x60,0x60,0xc0,0x80,0x04,0x00,0x00,0x00,0x00,0x09,0x03,0x01,0x00,0x20,0x00,0x00,0x00,0x00,0x00,0x00,
    0x00,0x00,0x10,0x00,0x00,0x80,0x40,0x60,0x21,0x2b,0xa6,0xc4,0x0f,0x20,0x71,0x20,0x0f,0xc4,0xe4,0x2b,0x21,0x60,0xc0,0x80,0x00,0x00,0x10,0x00,0x00,0x00,0x00,0x00,
    0x00,0x00,0x00,0x00,0x04,0x00,0x20,0x00,0x00,0x00,0x00,0x00,0x00,0x00,0x00,0x00,0x00,0x04,0xc0,0x70,0x18,0x0c,0x02,0x01,0x01,0x00,0x00,0x80,0xff,0x00,0x00,0x00,
    0x3f,0xc0,0x00,0x00,0x01,0x01,0x02,0x04,0x0c,0x30,0xc0,0x00,0x04,0x00,0x00,0x00,0x00,0x00,0x00,0x00,0x00,0x00,0x40,0x00,0x04,0x00,0x00,0x00,0x00,0x00,0x00,0x00,
    0x00,0x00,0x10,0x00,0x01,0x80,0x80,0x80,0x80,0x80,0xa0,0x07,0x0c,0x30,0x20,0x71,0x0e,0x00,0x04,0xe0,0xb8,0x8c,0x84,0xc4,0x42,0x32,0x1e,0x00,0x01,0x00,0x10,0x00,
    0x00,0x00,0x00,0x02,0x00,0x21,0x03,0x02,0x02,0x01,0x01,0x02,0x3c,0x67,0xc1,0x76,0x18,0x02,0x01,0x03,0x02,0x02,0x02,0x21,0x00,0x02,0x00,0x00,0x00,0x00,0x00,0x00,
    0x10,0x00,0x00,0x00,0x00,0x00,0x00,0x00,0x02,0x00,0x10,0x00,0x00,0x80,0x00,0x00,0x00,0x00,0xff,0x80,0x80,0x40,0x20,0x30,0x18,0x0c,0x06,0x01,0x00,0x00,0x02,0x00,
    0x00,0x01,0x03,0x0c,0x18,0x30,0x20,0x60,0x40,0xc0,0x81,0xfe,0x00,0x00,0x00,0x80,0x00,0x00,0x20,0x00,0x02,0x00,0x00,0x00,0x00,0x00,0x00,0x20,0x70,0x20,0x00,0x00,
    0x00,0x02,0x40,0x02,0x07,0x0d,0x08,0x08,0x08,0x08,0x2d,0x05,0x87,0x60,0x20,0x72,0x87,0x02,0x00,0x38,0xe8,0x88,0x08,0x1a,0x10,0x60,0xc0,0x00,0x00,0x00,0x40,0x02
  },
  { // 45
    0x00,0x00,0x00,0x00,0x00,0x00,0x00,0x00,0x00,0x00,0x00,0x00,0x00,0x00,0x00,0x00,0x00,0x00,0x00,0x00,0x04,0x00,0x00,0x00,0x00,0x00,0x00,0x00,0x00,0x00,0x80,0x00,
    0x00,0x00,0x00,0x40,0x04,0x00,0x00,0x00,0x00,0x00,0x80,0x80,0x40,0x40,0x40,0x40,0x40,0x44,0x40,0x41,0x83,0x84,0x88,0x10,0x10,0x20,0x20,0x40,0xff,0x00,0x00,0x00,
    0xff,0x40,0x20,0x20,0x10,0x10,0x88,0x84,0x83,0x41,0x40,0x44,0x40,0x40,0x40,0x40,0x40,0x80,0x80,0x00,0x00,0x00,0x00,0x00,0x04,0x40,0x00,0x00,0x00,0x00,0x00,0x00,
    0x00,0x00,0x00,0x00,0x00,0x00,0x00,0x00,0x00,0x00,0x00,0x00,0x00,0x00,0x00,0x00,0x00,0x00,0x00,0x00,0x00,0x00,0x80,0x00,0x00,0x00,0x00,0x00,0x00,0x00,0x00,0x00,
    0x00,0x00,0x00,0x00,0x80,0x00,0x00,0x08,0xe0,0x20,0x60,0xc0,0x82,0x00,0x80,0x00,0x82,0xc0,0x60,0x20,0xe0,0x08,0x00,0x00,0x80,0x00,0x00,0x00,0x00,0x01,0x03,0x01,
    0x00,0x00,0x00,0x44,0x00,0x04,0x0a,0x0a,0x11,0x11,0x20,0x20,0x40,0x40,0x40,0x40,0x40,0x40,0x40,0x40,0x20,0x20,0x31,0x11,0x0a,0x8e,0x84,0x40,0xe0,0x04,0x0e,0x04,
    0xe0,0x40,0x84,0x8e,0x0a,0x11,0x31,0x20,0x20,0x40,0x40,0x40,0x40,0x40,0x40,0x40,0x40,0x20,0x20,0x11,0x11,0x0a,0x0a,0x04,0x00,0x44,0x00,0x00,0x00,0x00,0x00,0x00,
    0x00,0x00,0x00,0x00,0x00,0x00,0x00,0x20,0x00,0x00,0x00,0xc0,0x28,0x60,0xc0,0x80,0x04,0x00,0x00,0x00,0x00,0x09,0x03,0x01,0x00,0x20,0x00,0x00,0x00,0x00,0x00,0x00,
    0x00,0x00,0x10,0x00,0x00,0x80,0xc0,0x60,0x21,0x2b,0xe4,0xc4,0x0f,0x20,0x70,0x20,0x0f,0xc4,0xe4,0x2b,0x21,0x60,0xc0,0x80,0x00,0x00,0x10,0x00,0x00,0x00,0x00,0x00,
    0x00,0x00,0x00,0x00,0x04,0x00,0x40,0x00,0x00,0x00,0x00,0x00,0x00,0x00,0x00,0x00,0x00,0x04,0xc0,0x30,0x18,0x04,0x02,0x01,0x01,0x00,0x00,0x80,0x7f,0x00,0x00,0x00,
    0x7f,0x80,0x00,0x00,0x01,0x01,0x02,0x04,0x18,0x30,0xc0,0x04,0x00,0x00,0x00,0x00,0x00,0x00,0x00,0x00,0x00,0x00,0x40,0x00,0x04,0x00,0x00,0x00,0x00,0x00,0x00,0x00,
    0x00,0x00,0x10,0x00,0x01,0x00,0x80,0x80,0x80,0x80,0xa0,0x07,0x18,0x30,0x20,0x7b,0x0e,0x00,0x04,0xe0,0xb8,0x8c,0x84,0x46,0x62,0x32,0x1e,0x00,0x01,0x00,0x20,0x00,
    0x00,0x00,0x00,0x02,0x00,0x21,0x03,0x02,0x02,0x03,0x01,0x02,0x1c,0x66,0xc1,0x66,0x1c,0x02,0x01,0x03,0x02,0x02,0x03,0x21,0x00,0x02,0x00,0x00,0x00,0x00,0x00,0x00,
    0x10,0x00,0x00,0x00,0x00,0x00,0x00,0x00,0x02,0x00,0x10,0x00,0x00,0x80,0x00,0x00,0x00,0xfc,0x87,0x80,0x40,0x40,0x20,0x30,0x18,0x0c,0x06,0x01,0x00,0x00,0x02,0x00,
    0x00,0x01,0x06,0x0c,0x18,0x30,0x20,0x40,0x40,0x80,0x87,0xfc,0x00,0x00,0x00,0x80,0x00,0x00,0x10,0x00,0x02,0x00,0x00,0x00,0x00,0x00,0x00,0x20,0x70,0x20,0x00,0x00,
    0x00,0x02,0x20,0x02,0x07,0x0d,0x08,0x08,0x08,0x08,0x2d,0x05,0x87,0x40,0x60,0x72,0xc7,0x02,0x00,0x18,0x68,0x88,0x08,0x1a,0x10,0x70,0xc0,0x00,0x00,0x00,0x40,0x02
  },
  { // 46
    0x00,0x00,0x00,0x00,0x00,0x00,0x00,0x00,0x00,0x00,0x00,0x00,0x00,0x00,0x00,0x00,0x00,0x00,0x00,0x00,0x04,0x00,0x00,0x00,0x00,0x00,0x00,0x00,0x00,0x00,0x80,0x00,
    0x00,0x00,0x00,0x40,0x04,0x00,0x00,0x00,0x00,0x80,0x80,0x80,0x40,0x40,0x40,0x40,0x40,0x44,0x40,0x41,0xc3,0x86,0x88,0x10,0x10,0x20,0x20,0x40,0xff,0x00,0x00,0x00,
    0xff,0x40,0x40,0x20,0x10,0x10,0x88,0x84,0x86,0x41,0x40,0x40,0x44,0x40,0x40,0x40,0x40,0x80,0x80,0x00,0x00,0x00,0x00,0x00,0x04,0x40,0x00,0x00,0x00,0x00,0x00,0x00,
    0x00,0x00,0x00,0x00,0x00,0x00,0x00,0x00,0x00,0x00,0x00,0x00,0x00,0x00,0x00,0x00,0x00,0x00,0x00,0x00,0x00,0x00,0x80,0x00,0x00,0x00,0x00,0x00,0x00,0x00,0x00,0x00,
    0x00,0x00,0x00,0x00,0x80,0x00,0x00,0x08,0xe0,0x20,0x40,0xc0,0x82,0x00,0x00,0x00,0x80,0x42,0x60,0x20,0xe0,0x08,0x00,0x00,0x80,0x00,0x00,0x00,0x00,0x01,0x03,0x01,
    0x00,0x00,0x00,0x44,0x00,0x04,0x0e,0x09,0x19,0x10,0x30,0x20,0x40,0x40,0x40,0x40,0x40,0x40,0x40,0x40,0x20,0x20,0x31,0x19,0x0a,0x8e,0x44,0x40,0xe0,0x04,0x0e,0x04,
    0xe0,0x40,0x84,0x8e,0x0a,0x13,0x31,0x20,0x60,0x40,0x40,0x40,0x40,0x40,0x40,0x40,0x40,0x20,0x21,0x21,0x13,0x12,0x0e,0x04,0x00,0x44,0x00,0x00,0x00,0x00,0x00,0x00,
    0x00,0x00,0x00,0x00,0x00,0x00,0x00,0x00,0x20,0x00,0x00,0xc0,0x28,0x60,0xc0,0x80,0x04,0x00,0x00,0x00,0x00,0x09,0x03,0x01,0x00,0x20,0x00,0x00,0x00,0x00,0x00,0x00,
    0x00,0x00,0x10,0x00,0x00,0x80,0xc0,0x60,0x21,0x2b,0xe4,0xc4,0x0f,0x20,0x71,0x20,0x0f,0xc4,0xa6,0x2b,0x21,0x60,0x40,0x80,0x00,0x00,0x10,0x00,0x00,0x00,0x00,0x00,
    0x00,0x00,0x00,0x00,0x04,0x00,0x40,0x00,0x00,0x00,0x00,0x00,0x00,0x00,0x00,0x00,0x04,0x00,0xc0,0x30,0x0c,0x04,0x02,0x01,0x01,0x00,0x00,0xc0,0x3f,0x00,0x00,0x00,
    0xff,0x80,0x00,0x00,0x01,0x01,0x02,0x0c,0x18,0x70,0xc0,0x04,0x00,0x00,0x00,0x00,0x00,0x00,0x00,0x00,0x00,0x00,0x20,0x00,0x04,0x00,0x00,0x00,0x00,0x00,0x00,0x00,
    0x00,0x00,0x10,0x00,0x01,0x00,0x80,0x80,0x80,0x80,0xa0,0x0f,0x18,0x30,0x20,0x7b,0x06,0x00,0x04,0xe0,0xb8,0x8c,0xc4,0x42,0x62,0x32,0x0e,0x00,0x02,0x00,0x20,0x00,
    0x00,0x00,0x00,0x02,0x00,0x21,0x02,0x02,0x02,0x03,0x01,0x02,0x18,0x76,0xc1,0x67,0x3c,0x02,0x01,0x01,0x02,0x02,0x03,0x21,0x00,0x02,0x00,0x00,0x00,0x00,0x00,0x00,
    0x10,0x00,0x00,0x00,0x00,0x00,0x00,0x00,0x02,0x00,0x20,0x00,0x00,0x80,0x00,0x00,0x00,0xfe,0x81,0xc0,0x40,0x60,0x20,0x30,0x18,0x0c,0x03,0x01,0x00,0x00,0x02,0x00,
    0x00,0x01,0x06,0x0c,0x18,0x30,0x20,0x40,0x80,0x80,0xff,0x00,0x00,0x00,0x00,0x80,0x00,0x00,0x10,0x00,0x02,0x00,0x00,0x00,0x00,0x00,0x00,0x20,0x70,0x20,0x00,0x00,
    0x00,0x02,0x20,0x06,0x07,0x0d,0x09,0x08,0x08,0x08,0x29,0x05,0x86,0x40,0x60,0x72,0xc7,0x02,0x00,0x18,0x68,0x88,0x08,0x1a,0x10,0x30,0xe0,0x00,0x00,0x00,0x40,0x02
  },
  { // 47
    0x00,0x00,0x00,0x00,0x00,0x00,0x00,0x00,0x00,0x00,0x00,0x00,0x00,0x00,0x00,0x00,0x00,0x00,0x00,0x00,0x04,0x00,0x00,0x00,0x00,0x00,0x00,0x00,0x00,0x00,0x80,0x00,
    0x00,0x00,0x00,0x80,0x08,0x00,0x00,0x00,0x80,0x80,0x80,0x40,0x40,0x40,0x20,0x20,0x20,0x64,0x40,0x40,0xc3,0x86,0x8c,0x08,0x10,0x20,0x20,0x40,0x7f,0x00,0x00,0x00,
    0xff,0x40,0x40,0x20,0x20,0x10,0x08,0x8c,0x86,0x83,0x40,0x40,0x48,0x40,0x40,0xc0,0x80,0x80,0x80,0x00,0x00,0x00,0x00,0x00,0x02,0x20,0x00,0x00,0x00,0x00,0x00,0x00,
    0x00,0x00,0x00,0x00,0x00,0x00,0x00,0x00,0x00,0x00,0x00,0x00,0x00,0x00,0x00,0x00,0x00,0x00,0x00,0x00,0x00,0x00,0x80,0x00,0x00,0x00,0x00,0x00,0x00,0x00,0x00,0x00,
    0x00,0x00,0x00,0x00,0x80,0x00,0x00,0x08,0xe0,0x60,0x40,0xc0,0x82,0x00,0x00,0x00,0x80,0x42,0x60,0x20,0xe0,0x08,0x00,0x00,0x00,0x80,0x00,0x00,0x00,0x01,0x03,0x01,
    0x00,0x00,0x00,0x88,0x00,0x06,0x06,0x09,0x19,0x10,0x30,0x20,0x20,0x60,0x40,0x40,0x40,0x40,0x40,0x20,0x20,0x20,0x11,0x19,0x8b,0x8e,0x44,0x40,0xe0,0x04,0x0e,0x04,
    0xc0,0x40,0x84,0x8e,0x1a,0x13,0x31,0x20,0x60,0x40,0x40,0xc0,0x80,0x80,0x80,0x40,0x40,0x40,0x21,0x21,0x33,0x12,0x0c,0x0c,0x00,0x22,0x00,0x00,0x00,0x00,0x00,0x00,
    0x00,0x00,0x00,0x00,0x00,0x00,0x00,0x00,0x20,0x00,0x00,0xe0,0x28,0x40,0xc0,0x80,0x00,0x04,0x00,0x00,0x00,0x09,0x03,0x01,0x00,0x20,0x00,0x00,0x00,0x00,0x00,0x00,
    0x00,0x00,0x08,0x00,0x00,0x80,0xc0,0x40,0x63,0x2e,0xe4,0xc4,0x0f,0x20,0x71,0x20,0x0f,0xc4,0xa6,0x2b,0x20,0x60,0x40,0x80,0x00,0x00,0x10,0x00,0x00,0x00,0x00,0x00,
    0x00,0x00,0x00,0x00,0x08,0x00,0x40,0x00,0x00,0x00,0x00,0x00,0x00,0x00,0x00,0x00,0x02,0x00,0xe0,0x18,0x0c,0x06,0x02,0x01,0x00,0x00,0x00,0xe0,0x3f,0x00,0x00,0x00,
    0xff,0x80,0x00,0x00,0x01,0x02,0x06,0x0c,0x18,0x60,0x80,0x04,0x00,0x00,0x00,0x00,0x00,0x00,0x00,0x00,0x00,0x00,0x00,0x20,0x02,0x00,0x00,0x00,0x00,0x00,0x00,0x00,
    0x00,0x00,0x10,0x00,0x01,0x00,0x80,0x80,0x80,0x80,0x20,0x0f,0x18,0x30,0x20,0x7f,0x00,0x00,0x04,0xe0,0x98,0x8c,0xc6,0x42,0x62,0x3a,0x0e,0x00,0x02,0x00,0x20,0x00,
    0x00,0x00,0x01,0x00,0x00,0x23,0x02,0x02,0x02,0x03,0x01,0x04,0x18,0x7e,0xc1,0x67,0x3c,0x02,0x01,0x01,0x03,0x02,0x01,0x21,0x01,0x02,0x00,0x00,0x00,0x00,0x00,0x00,
    0x10,0x00,0x00,0x00,0x00,0x00,0x00,0x00,0x04,0x00,0x00,0x20,0x00,0x00,0x80,0x00,0x00,0xff,0x80,0xc0,0x40,0x20,0x30,0x10,0x08,0x04,0x03,0x01,0x00,0x00,0x02,0x00,
    0x00,0x03,0x0e,0x08,0x10,0x20,0x40,0x40,0x80,0x80,0xff,0x00,0x00,0x00,0x00,0x80,0x00,0x00,0x10,0x00,0x00,0x02,0x00,0x00,0x00,0x00,0x00,0x00,0x20,0x00,0x00,0x00,
    0x00,0x01,0x20,0x06,0x07,0x09,0x09,0x18,0x10,0x08,0x29,0x07,0x86,0xc0,0x60,0x22,0xc7,0x02,0x00,0x18,0x78,0xc8,0x88,0x0a,0x10,0x30,0xe0,0x80,0x00,0x00,0x40,0x04
  },
  { // 48
    0x00,0x00,0x00,0x00,0x00,0x00,0x00,0x00,0x00,0x00,0x00,0x00,0x00,0x00,0x00,0x00,0x00,0x00,0x00,0x00,0x04,0x00,0x00,0x00,0x00,0x00,0x00,0x00,0x00,0x00,0x80,0x00,
    0x00,0x00,0x00,0x80,0x08,0x00,0x00,0x00,0x80,0x80,0xc0,0x40,0x40,0x40,0x20,0x20,0x20,0x24,0x40,0x40,0x43,0x86,0x8c,0x08,0x10,0x20,0x20,0x40,0x7f,0x00,0x00,0x00,
    0xff,0x40,0x40,0x20,0x20,0x10,0x08,0x8c,0x86,0x83,0xc0,0x40,0x48,0x40,0x40,0x80,0x80,0x80,0x00,0x00,0x00,0x00,0x00,0x00,0x02,0x20,0x00,0x00,0x00,0x00,0x00,0x00,
    0x00,0x00,0x00,0x00,0x00,0x00,0x00,0x00,0x00,0x00,0x00,0x00,0x00,0x00,0x00,0x00,0x00,0x00,0x00,0x00,0x00,0x00,0x80,0x00,0x00,0x00,0x00,0x00,0x04,0x00,0x00,0x00,
    0x00,0x00,0x00,0x00,0x80,0x00,0x00,0x08,0xe0,0x60,0x40,0xc0,0x82,0x00,0x00,0x00,0xc0,0x42,0x60,0xa0,0xe0,0x10,0x00,0x00,0x00,0x80,0x00,0x00,0x00,0x01,0x03,0x01,
    0x00,0x00,0x00,0x88,0x00,0x02,0x06,0x09,0x09,0x10,0x10,0x20,0x20,0x20,0x40,0x40,0x40,0x40,0x60,0x20,0x20,0x20,0x10,0x19,0x8b,0x8e,0x44,0x40,0xe0,0x04,0x0e,0x04,
    0xc0,0x40,0x84,0x8e,0x1a,0x13,0x21,0x20,0x40,0x40,0x40,0x80,0x80,0x80,0x80,0x40,0x40,0x40,0x61,0x21,0x32,0x12,0x0c,0x08,0x00,0x22,0x00,0x00,0x00,0x00,0x00,0x00,
    0x00,0x00,0x00,0x00,0x00,0x00,0x00,0x00,0x10,0x00,0x00,0xe0,0x64,0x40,0xc0,0x00,0x00,0x04,0x00,0x00,0x00,0x09,0x03,0x01,0x00,0x20,0x00,0x00,0x00,0x00,0x00,0x00,
    0x00,0x00,0x08,0x00,0x00,0x80,0xc0,0x40,0x63,0x36,0xc4,0xcc,0x0f,0x20,0x71,0x20,0x0f,0xe4,0xa6,0x2b,0x20,0x20,0x40,0xc0,0x00,0x00,0x10,0x00,0x00,0x00,0x00,0x00,
    0x00,0x00,0x00,0x00,0x08,0x00,0x80,0x00,0x00,0x00,0x00,0x00,0x00,0x00,0x00,0x00,0x02,0x80,0xe0,0x18,0x0c,0x06,0x02,0x01,0x00,0x00,0x00,0xe0,0x1f,0x00,0x00,0x00,
    0xff,0x00,0x00,0x00,0x01,0x02,0x06,0x0c,0x18,0xe0,0x80,0x04,0x00,0x00,0x00,0x00,0x00,0x00,0x00,0x00,0x00,0x00,0x00,0x20,0x02,0x00,0x00,0x00,0x00,0x00,0x00,0x00,
    0x00,0x00,0x10,0x00,0x01,0x00,0x00,0x80,0x80,0x80,0x20,0x0f,0x18,0x30,0x20,0x7f,0x00,0x00,0x04,0xf0,0x98,0x8c,0x46,0x42,0x62,0x3a,0x0e,0x00,0x00,0x02,0x00,0x20,
    0x00,0x00,0x01,0x00,0x00,0x23,0x02,0x02,0x02,0x03,0x01,0x04,0x00,0x7e,0xc3,0xe7,0x3c,0x02,0x01,0x01,0x01,0x01,0x01,0x21,0x01,0x02,0x00,0x00,0x00,0x00,0x00,0x00,
    0x10,0x00,0x00,0x00,0x00,0x00,0x00,0x00,0x04,0x00,0x00,0x20,0x00,0x00,0x00,0x00,0x00,0xff,0xc0,0x40,0x60,0x20,0x10,0x10,0x08,0x06,0x03,0x00,0x00,0x02,0x00,0x00,
    0x00,0x07,0x0c,0x18,0x10,0x20,0x40,0x40,0x80,0x00,0xff,0x00,0x00,0x00,0x00,0x00,0x80,0x00,0x10,0x00,0x00,0x01,0x00,0x00,0x00,0x00,0x00,0x00,0x20,0x00,0x00,0x00,
    0x00,0x21,0x00,0x06,0x0e,0x09,0x09,0x10,0x10,0x19,0x49,0x07,0x86,0xc0,0x60,0x22,0xc7,0x02,0x00,0x18,0x78,0xc8,0x88,0x0a,0x18,0x30,0xe0,0x80,0x00,0x00,0x40,0x04
  },
  { // 49
    0x00,0x00,0x00,0x00,0x00,0x00,0x00,0x00,0x00,0x00,0x00,0x00,0x00,0x00,0x00,0x00,0x00,0x00,0x00,0x00,0x04,0x00,0x00,0x00,0x00,0x00,0x00,0x00,0x00,0x00,0x80,0x00,
    0x00,0x00,0x00,0x80,0x08,0x00,0x00,0x00,0x80,0x80,0x40,0x40,0x60,0x20,0x20,0x20,0x20,0x24,0x20,0x40,0x43,0x82,0x84,0x08,0x10,0x20,0x20,0x40,0x7f,0x00,0x00,0x00,
    0xfe,0x41,0x40,0x20,0x20,0x10,0x18,0x0c,0x86,0x83,0x81,0x40,0x48,0x40,0x80,0x80,0x80,0x80,0x00,0x00,0x00,0x00,0x00,0x02,0x20,0x00,0x00,0x00,0x00,0x00,0x00,0x00,
    0x00,0x00,0x00,0x00,0x00,0x00,0x00,0x00,0x00,0x00,0x00,0x00,0x00,0x00,0x00,0x00,0x00,0x00,0x00,0x00,0x00,0x00,0x80,0x00,0x00,0x00,0x00,0x00,0x04,0x00,0x00,0x00,
    0x00,0x00,0x00,0x00,0x40,0x00,0x00,0x08,0xe0,0x60,0x40,0xc0,0x82,0x00,0x00,0x00,0xc0,0x62,0x20,0xe0,0x00,0x00,0x10,0x00,0x00,0x00,0x00,0x00,0x00,0x01,0x03,0x01,
    0x00,0x00,0x00,0x08,0x80,0x02,0x07,0x05,0x08,0x08,0x10,0x30,0x20,0x20,0x20,0x40,0x40,0x40,0x20,0x20,0x20,0x10,0x10,0x19,0x8b,0x8e,0x44,0x40,0xe0,0x04,0x0e,0x04,
    0xc0,0x40,0x84,0x8e,0x1a,0x13,0x21,0x21,0x40,0x40,0x80,0x80,0x80,0x80,0x80,0x80,0xc0,0x41,0x41,0x22,0x22,0x14,0x1c,0x08,0x00,0x22,0x00,0x00,0x00,0x00,0x00,0x00,
    0x00,0x00,0x00,0x00,0x00,0x80,0x00,0x00,0x10,0x00,0x00,0xe0,0x64,0xc0,0x80,0x00,0x00,0x04,0x00,0x00,0x00,0x01,0x0b,0x01,0x00,0x00,0x40,0x00,0x00,0x00,0x00,0x00,
    0x00,0x00,0x08,0x00,0x00,0x80,0xc0,0x40,0x43,0x56,0x44,0xcc,0x0f,0x20,0x71,0x27,0x0d,0xe4,0xa6,0x2b,0x20,0x20,0x60,0xc0,0x80,0x01,0x10,0x00,0x00,0x00,0x00,0x00,
    0x00,0x00,0x00,0x00,0x00,0x08,0x80,0x00,0x00,0x00,0x00,0x00,0x00,0x00,0x00,0x00,0x02,0xc0,0x70,0x18,0x0c,0x06,0x03,0x01,0x00,0x00,0x00,0xf0,0x0f,0x00,0x00,0x00,
    0xff,0x00,0x00,0x00,0x01,0x02,0x04,0x08,0x38,0xe0,0x00,0x04,0x00,0x00,0x00,0x00,0x00,0x00,0x00,0x00,0x00,0x00,0x00,0x20,0x02,0x00,0x00,0x00,0x00,0x00,0x00,0x00,
    0x00,0x00,0x08,0x00,0x00,0x00,0x00,0x80,0x80,0x80,0x20,0x0f,0x18,0x30,0x21,0x7f,0x00,0x00,0x04,0xf0,0x9c,0xc4,0x42,0x42,0x22,0x1e,0x06,0x00,0x00,0x02,0x00,0x20,
    0x00,0x00,0x01,0x00,0x00,0x23,0x02,0x02,0x02,0x02,0x01,0x04,0x00,0x3e,0xc3,0xc3,0x3c,0x02,0x01,0x01,0x01,0x01,0x41,0x01,0x01,0x02,0x00,0x00,0x00,0x00,0x00,0x00,
    0x10,0x00,0x00,0x00,0x00,0x00,0x00,0x00,0x04,0x00,0x00,0x20,0x00,0x00,0x00,0x00,0x00,0xff,0x40,0x40,0x20,0x20,0x10,0x08,0x0c,0x06,0x03,0x00,0x00,0x02,0x00,0x00,
    0x01,0x07,0x0c,0x10,0x30,0x20,0x40,0x80,0x80,0x01,0xff,0x00,0x00,0x00,0x00,0x00,0x40,0x00,0x00,0x08,0x00,0x01,0x00,0x00,0x00,0x00,0x00,0x00,0x20,0x00,0x00,0x00,
    0x00,0x21,0x00,0x04,0x0e,0x0b,0x19,0x11,0x10,0x19,0x09,0x4f,0x86,0xc0,0x60,0x22,0xe7,0x02,0x00,0x18,0x78,0xc8,0x88,0x09,0x18,0x30,0x60,0x80,0x00,0x00,0x80,0x04
  },
  { // 50
    0x00,0x00,0x00,0x00,0x00,0x00,0x00,0x00,0x00,0x00,0x00,0x00,0x00,0x00,0x00,0x00,0x00,0x00,0x00,0x00,0x04,0x00,0x00,0x00,0x00,0x00,0x00,0x00,0x00,0x00,0x80,0x00,
    0x00,0x00,0x00,0x00,0x10,0x01,0x00,0x80,0x80,0xc0,0x40,0x40,0x20,0x20,0x20,0x20,0x20,0x22,0x20,0x60,0x41,0xc3,0x84,0x08,0x10,0x10,0x20,0x40,0x78,0x0f,0x00,0x00,
    0xfc,0x43,0x40,0x20,0x20,0x10,0x10,0x08,0x84,0x82,0x81,0x80,0x88,0x80,0x80,0x80,0x80,0x00,0x00,0x00,0x00,0x00,0x00,0x02,0x10,0x00,0x00,0x00,0x00,0x00,0x00,0x00,
    0x00,0x00,0x00,0x00,0x00,0x00,0x00,0x00,0x00,0x00,0x00,0x00,0x00,0x00,0x00,0x00,0x00,0x00,0x00,0x00,0x00,0x00,0x80,0x00,0x00,0x00,0x00,0x00,0x04,0x00,0x00,0x00,
    0x00,0x00,0x00,0x00,0x40,0x00,0x00,0x00,0xe8,0x40,0x40,0x80,0x82,0x00,0x00,0x00,0xc0,0x62,0x20,0xe0,0x00,0x00,0x10,0x00,0x00,0x00,0x00,0x00,0x00,0x01,0x03,0x01,
    0x00,0x00,0x00,0x11,0x00,0x03,0x07,0x05,0x0c,0x18,0x10,0x10,0x20,0x20,0x20,0x20,0x20,0x20,0x20,0x20,0x20,0x10,0x10,0x19,0x89,0x86,0x44,0x40,0xe0,0x04,0x0e,0x04,
    0xc0,0x40,0x84,0x0c,0x12,0x13,0x21,0x61,0x40,0xc0,0x80,0x80,0x80,0x80,0x80,0x80,0x80,0x41,0x41,0x63,0x26,0x34,0x1c,0x18,0x00,0x11,0x00,0x00,0x00,0x00,0x00,0x00,
    0x00,0x00,0x00,0x00,0x00,0x80,0x00,0x00,0x10,0x00,0x80,0xe0,0x60,0xc4,0x80,0x00,0x00,0x04,0x00,0x00,0x00,0x01,0x0b,0x01,0x00,0x00,0x40,0x00,0x00,0x00,0x00,0x00,
    0x00,0x00,0x08,0x00,0x00,0x00,0xc0,0x40,0x43,0x56,0x44,0xcc,0x0f,0x20,0x71,0x2f,0x0d,0x64,0xa6,0x2b,0x20,0x20,0x60,0xc0,0x80,0x01,0x20,0x00,0x00,0x00,0x00,0x00,
    0x00,0x00,0x00,0x00,0x01,0x08,0x80,0x00,0x00,0x00,0x00,0x00,0x00,0x00,0x00,0x00,0x02,0xc0,0x70,0x08,0x04,0x02,0x01,0x01,0x00,0x00,0x80,0x78,0x07,0x00,0x00,0x1e,
    0xe3,0x00,0x00,0x01,0x01,0x02,0x04,0x18,0x30,0xc0,0x00,0x08,0x00,0x00,0x00,0x00,0x00,0x00,0x00,0x00,0x00,0x00,0x00,0x10,0x01,0x00,0x00,0x00,0x00,0x00,0x00,0x00,
    0x00,0x00,0x08,0x00,0x00,0x00,0x00,0x00,0x80,0x00,0x23,0x0c,0x10,0x30,0x21,0x7f,0x00,0x00,0x04,0xf0,0xdc,0x44,0x42,0x42,0x22,0x1e,0x06,0x00,0x00,0x02,0x00,0x40,
    0x00,0x00,0x01,0x00,0x00,0x13,0x02,0x02,0x02,0x02,0x01,0x04,0x00,0x3e,0xe3,0xc3,0x7c,0x00,0x03,0x01,0x01,0x01,0x41,0x01,0x00,0x02,0x00,0x00,0x00,0x00,0x00,0x00,
    0x00,0x00,0x00,0x00,0x00,0x00,0x00,0x00,0x00,0x04,0x00,0x20,0x00,0x00,0x00,0x00,0xfc,0x47,0x40,0x40,0x20,0x20,0x10,0x08,0x0c,0x06,0x01,0x00,0x00,0x02,0x00,0x00,
    0x01,0x07,0x08,0x10,0x20,0x60,0xc0,0x80,0x80,0xc3,0x3c,0x00,0x00,0x00,0x00,0x00,0x40,0x00,0x00,0x08,0x00,0x01,0x00,0x00,0x00,0x00,0x00,0x00,0x20,0x00,0x00,0x00,
    0x00,0x11,0x00,0x04,0x0e,0x0b,0x19,0x11,0x11,0x19,0x09,0x4f,0x86,0xc0,0x60,0x22,0xc7,0x02,0x00,0x18,0x78,0xc8,0x88,0x89,0x08,0x10,0x60,0xc0,0x00,0x00,0x80,0x04
  },
  { // 51
    0x00,0x00,0x00,0x00,0x00,0x00,0x00,0x00,0x00,0x00,0x00,0x00,0x00,0x00,0x00,0x00,0x00,0x00,0x00,0x04,0x0e,0x04,0x00,0x00,0x00,0x00,0x00,0x00,0x00,0x00,0x80,0x00,
    0x00,0x00,0x00,0x00,0x10,0x01,0x00,0x80,0x80,0x40,0x40,0x60,0x20,0x20,0x20,0x20,0x20,0x22,0x20,0x60,0x41,0x43,0x84,0x08,0x10,0x10,0x20,0x40,0x70,0x0f,0x00,0x00,
    0xfc,0x47,0x40,0x20,0x20,0x10,0x10,0x08,0x8c,0x86,0x81,0x80,0x88,0x80,0x80,0x80,0x00,0x00,0x00,0x00,0x00,0x00,0x00,0x01,0x10,0x00,0x00,0x00,0x00,0x00,0x00,0x00,
    0x00,0x00,0x00,0x00,0x00,0x00,0x00,0x00,0x00,0x00,0x00,0x00,0x00,0x00,0x00,0x00,0x00,0x00,0x00,0x00,0x00,0x00,0x80,0x00,0x00,0x00,0x00,0x00,0x04,0x00,0x00,0x00,
    0x00,0x00,0x00,0x00,0x40,0x00,0x00,0x40,0xe8,0x40,0x40,0x80,0x02,0x00,0x00,0x00,0xc0,0x64,0x20,0xf0,0x00,0x00,0x10,0x00,0x00,0x00,0x00,0x00,0x00,0x01,0x03,0x01,
    0x00,0x00,0x00,0x11,0x00,0x01,0x03,0x04,0x0c,0x08,0x10,0x10,0x10,0x20,0x20,0x20,0x20,0x20,0x20,0x20,0x20,0x10,0x10,0x09,0x89,0x86,0x44,0x40,0xe0,0x04,0x0e,0x04,
    0xc0,0x40,0x84,0x0c,0x12,0x12,0x21,0x41,0x40,0xc0,0x80,0x80,0x80,0x80,0x80,0x80,0x81,0xc1,0x41,0x42,0x26,0x24,0x18,0x10,0x00,0x11,0x00,0x00,0x00,0x00,0x00,0x00,
    0x00,0x00,0x00,0x00,0x00,0x80,0x00,0x00,0x10,0x00,0x80,0x60,0x40,0xc4,0x80,0x00,0x00,0x04,0x00,0x00,0x00,0x01,0x0b,0x01,0x00,0x00,0x40,0x00,0x00,0x00,0x00,0x00,
    0x00,0x00,0x08,0x00,0x00,0x00,0x80,0x40,0x43,0x56,0x44,0xcd,0x0f,0x20,0x71,0x2f,0x0c,0x64,0xa6,0xab,0x20,0x20,0x60,0xc0,0x80,0x01,0x20,0x00,0x00,0x00,0x00,0x00,
    0x00,0x00,0x00,0x00,0x01,0x10,0x00,0x80,0x00,0x00,0x00,0x00,0x00,0x00,0x00,0x00,0x02,0xc0,0x30,0x0c,0x06,0x02,0x01,0x01,0x00,0x00,0xc0,0x7c,0x07,0x00,0x00,0x3e,
    0xe1,0x00,0x00,0x01,0x01,0x02,0x04,0x18,0x30,0xc0,0x00,0x08,0x00,0x00,0x00,0x00,0x00,0x00,0x00,0x00,0x00,0x00,0x00,0x10,0x01,0x00,0x00,0x00,0x00,0x00,0x00,0x00,
    0x00,0x00,0x08,0x00,0x00,0x00,0x00,0x00,0x00,0x00,0x27,0x0c,0x10,0x30,0x21,0x7f,0x00,0x00,0x04,0xf0,0x5c,0x46,0x42,0x62,0x32,0x1f,0x03,0x00,0x00,0x02,0x00,0x40,
    0x00,0x00,0x01,0x00,0x10,0x03,0x03,0x02,0x02,0x02,0x03,0x04,0x00,0x3e,0x63,0xc3,0x7e,0x00,0x02,0x01,0x01,0x01,0x41,0x01,0x00,0x04,0x00,0x00,0x00,0x00,0x00,0x00,
    0x00,0x00,0x00,0x00,0x00,0x00,0x00,0x00,0x00,0x08,0x00,0x00,0x40,0x00,0x00,0x00,0xfe,0x41,0x40,0x20,0x20,0x10,0x10,0x08,0x04,0x06,0x01,0x00,0x00,0x02,0x00,0x00,
    0x03,0x06,0x18,0x30,0x60,0x40,0xc0,0x80,0x00,0xff,0x00,0x00,0x00,0x00,0x00,0x00,0x40,0x00,0x00,0x08,0x00,0x01,0x00,0x00,0x00,0x00,0x00,0x00,0x20,0x00,0x00,0x00,
    0x00,0x11,0x00,0x0c,0x0e,0x0b,0x11,0x11,0x11,0x11,0x09,0x4f,0x06,0xc0,0x60,0x22,0xe7,0x02,0x00,0x08,0x78,0xc8,0x88,0x89,0x08,0x10,0x60,0xc0,0x00,0x00,0x80,0x04
  },
  { // 52
    0x00,0x00,0x00,0x00,0x00,0x00,0x00,0x00,0x00,0x00,0x00,0x00,0x00,0x00,0x00,0x00,0x00,0x00,0x00,0x04,0x0e,0x04,0x00,0x00,0x00,0x00,0x00,0x00,0x00,0x00,0x80,0x00,
    0x00,0x00,0x00,0x00,0x10,0x01,0x00,0x80,0x80,0x40,0x40,0x20,0x20,0x20,0x20,0x20,0x20,0x22,0x20,0x20,0x41,0x43,0x86,0x88,0x18,0x10,0x20,0x40,0x60,0x1f,0x00,0x00,
    0xf8,0x47,0x40,0x40,0x20,0x20,0x10,0x08,0x0c,0x86,0x81,0x80,0x88,0x80,0x80,0x80,0x00,0x00,0x00,0x00,0x00,0x00,0x00,0x01,0x10,0x00,0x00,0x00,0x00,0x00,0x00,0x00,
    0x00,0x00,0x00,0x00,0x00,0x00,0x00,0x00,0x00,0x00,0x00,0x00,0x00,0x00,0x00,0x00,0x00,0x00,0x00,0x00,0x00,0x00,0x80,0x00,0x00,0x00,0x00,0x00,0x04,0x00,0x00,0x00,
    0x00,0x00,0x00,0x00,0x40,0x00,0x00,0xc0,0xc8,0x40,0xc0,0x80,0x00,0x02,0x00,0x80,0xc0,0x60,0x24,0xf0,0x00,0x00,0x10,0x00,0x00,0x00,0x00,0x00,0x00,0x01,0x03,0x01,
    0x00,0x00,0x00,0x11,0x00,0x01,0x03,0x02,0x04,0x08,0x08,0x10,0x10,0x30,0x20,0x20,0x20,0x20,0x20,0x20,0x10,0x10,0x10,0x88,0x89,0x46,0x44,0x40,0xe0,0x04,0x0e,0x04,
    0xc0,0x40,0x84,0x0c,0x12,0x22,0x21,0x41,0x41,0x80,0x80,0x80,0x80,0x80,0x80,0x81,0x81,0x81,0x42,0x42,0x24,0x28,0x18,0x10,0x00,0x11,0x00,0x00,0x00,0x00,0x00,0x00,
    0x00,0x00,0x00,0x00,0x00,0x80,0x00,0x00,0x00,0x10,0xc0,0x60,0x40,0xc4,0x80,0x00,0x00,0x00,0x04,0x00,0x00,0x01,0x0b,0x01,0x00,0x00,0x40,0x00,0x00,0x00,0x00,0x00,
    0x00,0x00,0x08,0x00,0x00,0x00,0x80,0xc0,0x43,0x56,0x44,0xc9,0x0f,0x21,0x70,0x2f,0x04,0x64,0xa6,0xab,0x20,0x20,0x60,0xc0,0x80,0x01,0x20,0x00,0x00,0x00,0x00,0x00,
    0x00,0x00,0x00,0x00,0x01,0x10,0x00,0x00,0x00,0x00,0x00,0x00,0x00,0x00,0x00,0x00,0x02,0xe0,0x30,0x0c,0x06,0x02,0x01,0x00,0x00,0x00,0xc0,0x7c,0x03,0x00,0x00,0x7f,
    0x80,0x00,0x00,0x01,0x03,0x02,0x0c,0x18,0x70,0x80,0x00,0x08,0x00,0x00,0x00,0x00,0x00,0x00,0x00,0x00,0x00,0x80,0x00,0x10,0x01,0x00,0x00,0x00,0x00,0x00,0x00,0x00,
    0x00,0x80,0x08,0x00,0x00,0x00,0x00,0x00,0x00,0x00,0x27,0x1c,0x10,0x20,0x61,0x3f,0x00,0x04,0x00,0xf0,0x4c,0x46,0x42,0x62,0x31,0x1f,0x03,0x00,0x00,0x04,0x00,0x40,
    0x00,0x00,0x01,0x00,0x10,0x03,0x03,0x02,0x82,0x02,0x03,0x04,0x00,0x3e,0x63,0xc3,0x7e,0x00,0x02,0x01,0x01,0x01,0x41,0x01,0x00,0x04,0x00,0x00,0x00,0x00,0x00,0x00,
    0x00,0x00,0x00,0x00,0x00,0x00,0x00,0x01,0x00,0x08,0x00,0x00,0x40,0x00,0x00,0x00,0x7f,0x40,0x40,0x20,0x20,0x10,0x18,0x0c,0x06,0x03,0x00,0x00,0x00,0x02,0x00,0x00,
    0x03,0x0c,0x18,0x30,0x60,0x40,0x80,0x80,0x00,0xff,0x00,0x00,0x00,0x00,0x00,0x00,0x40,0x00,0x00,0x08,0x00,0x00,0x00,0x00,0x00,0x00,0x00,0x00,0x20,0x00,0x00,0x00,
    0x00,0x10,0x00,0x0c,0x0e,0x1b,0x11,0x11,0x11,0x11,0x19,0x4f,0x06,0xc0,0x60,0x22,0xe7,0x02,0x00,0x08,0x38,0x68,0x88,0x89,0x08,0x18,0x30,0xc0,0x00,0x00,0x80,0x08
  },
  { // 53
    0x00,0x00,0x00,0x00,0x00,0x00,0x00,0x00,0x00,0x00,0x00,0x00,0x00,0x00,0x00,0x00,0x00,0x00,0x00,0x04,0x0e,0x04,0x00,0x00,0x00,0x00,0x00,0x00,0x00,0x00,0x80,0x00,
    0x00,0x00,0x00,0x00,0x10,0x02,0x80,0x80,0x40,0x40,0x20,0x20,0x20,0x20,0x10,0x10,0x10,0x22,0x20,0x20,0x40,0x43,0x86,0x8c,0x08,0x10,0x20,0x40,0x40,0x3f,0x00,0x00,
    0xf0,0x4f,0x40,0x40,0x20,0x20,0x10,0x18,0x0c,0x86,0x83,0x80,0x90,0x80,0x80,0x00,0x00,0x00,0x00,0x00,0x00,0x00,0x00,0x01,0x10,0x80,0x00,0x00,0x00,0x00,0x00,0x00,
    0x00,0x00,0x00,0x00,0x00,0x00,0x00,0x00,0x00,0x00,0x00,0x00,0x00,0x00,0x00,0x00,0x00,0x00,0x00,0x00,0x00,0x00,0x80,0x00,0x00,0x00,0x00,0x00,0x04,0x00,0x00,0x00,
    0x00,0x00,0x00,0x00,0x40,0x00,0x00,0xc0,0x48,0x40,0xc0,0x80,0x00,0x02,0x00,0x80,0xc0,0x60,0x24,0xf0,0x00,0x00,0x10,0x00,0x00,0x00,0x00,0x00,0x00,0x01,0x03,0x01,
    0x00,0x00,0x00,0x21,0x00,0x01,0x03,0x02,0x04,0x0c,0x08,0x18,0x10,0x10,0x20,0x20,0x20,0x20,0x20,0x30,0x10,0x10,0x10,0x88,0x89,0x46,0x44,0x40,0xe0,0x04,0x0e,0x84,
    0x40,0x40,0x84,0x0c,0x12,0x22,0x21,0x41,0x41,0x81,0x80,0x80,0x00,0x00,0x00,0x81,0x81,0x83,0x82,0x46,0x44,0x28,0x38,0x10,0x00,0x10,0x00,0x00,0x00,0x00,0x00,0x00,
    0x00,0x00,0x00,0x00,0x00,0x80,0x00,0x00,0x00,0x10,0xe0,0x60,0x40,0x84,0x80,0x00,0x00,0x00,0x04,0x00,0x00,0x01,0x0b,0x01,0x00,0x00,0x40,0x00,0x00,0x00,0x00,0x00,
    0x00,0x00,0x84,0x00,0x00,0x00,0x80,0xc0,0x43,0x54,0x4c,0xc9,0x0f,0x21,0x70,0x2f,0x04,0x64,0xa2,0xa9,0x20,0x20,0x60,0xc0,0x80,0x01,0x20,0x00,0x00,0x00,0x00,0x00,
    0x00,0x00,0x00,0x00,0x01,0x10,0x00,0x00,0x00,0x00,0x00,0x00,0x00,0x00,0x00,0x00,0x81,0x60,0x18,0x0c,0x06,0x03,0x01,0x00,0x00,0x00,0xc0,0x3e,0x01,0x00,0x00,0xff,
    0x80,0x00,0x00,0x01,0x02,0x06,0x0c,0x18,0xe0,0x80,0x00,0x08,0x01,0x01,0x01,0x00,0x00,0x00,0x00,0x00,0x00,0x00,0x80,0x08,0x01,0x00,0x00,0x00,0x00,0x00,0x00,0x00,
    0x00,0x80,0x08,0x00,0x00,0x00,0x00,0x00,0x00,0x00,0x47,0x18,0x30,0x20,0x61,0x3e,0x00,0x04,0x00,0xf8,0x4c,0x46,0x42,0x63,0x31,0x0f,0x00,0x00,0x00,0x04,0x00,0x40,
    0x00,0x00,0x00,0x00,0x10,0x03,0x03,0x02,0x82,0x02,0x03,0x05,0x00,0x3e,0x63,0xc3,0x7e,0x00,0x02,0x01,0x01,0x01,0x41,0x01,0x00,0x04,0x00,0x00,0x00,0x00,0x00,0x00,
    0x00,0x00,0x00,0x00,0x00,0x00,0x00,0x01,0x00,0x08,0x00,0x00,0x40,0x00,0x00,0x00,0x7f,0x40,0x20,0x20,0x30,0x10,0x08,0x0c,0x06,0x03,0x00,0x00,0x00,0x02,0x00,0x00,
    0x03,0x0c,0x18,0x30,0x60,0xc0,0x80,0x00,0x00,0xff,0x00,0x00,0x00,0x00,0x00,0x00,0x00,0x20,0x00,0x04,0x00,0x00,0x00,0x00,0x00,0x00,0x00,0x00,0x20,0x00,0x00,0x00,
    0x00,0x10,0x00,0x0c,0x0e,0x12,0x11,0x11,0x11,0x11,0x19,0x4f,0x06,0xc0,0x40,0x22,0xe7,0x02,0x00,0x88,0x38,0x68,0x88,0x89,0x88,0x98,0xb0,0xc0,0x00,0x00,0x80,0x08
  },
  { // 54
    0x00,0x00,0x00,0x00,0x00,0x00,0x00,0x00,0x00,0x00,0x00,0x00,0x00,0x00,0x00,0x00,0x00,0x00,0x00,0x04,0x0e,0x04,0x00,0x00,0x00,0x00,0x00,0x00,0x00,0x00,0x00,0x00,
    0x00,0x00,0x00,0x00,0x20,0x82,0x80,0xc0,0x40,0x60,0x20,0x20,0x20,0x10,0x10,0x10,0x10,0x12,0x20,0x20,0x60,0x41,0x86,0x84,0x08,0x10,0x20,0x60,0x40,0x3f,0x00,0x00,
    0xe0,0x7f,0x40,0x40,0x20,0x20,0x10,0x18,0x0c,0x04,0x83,0x81,0x90,0x80,0x80,0x00,0x00,0x00,0x00,0x00,0x00,0x00,0x00,0x00,0x08,0x80,0x00,0x00,0x00,0x00,0x00,0x00,
    0x00,0x00,0x00,0x00,0x00,0x00,0x00,0x00,0x00,0x00,0x00,0x00,0x00,0x00,0x00,0x00,0x00,0x00,0x00,0x00,0x00,0x00,0x80,0x00,0x00,0x00,0x00,0x00,0x04,0x00,0x00,0x00,
    0x00,0x00,0x00,0x00,0x40,0x00,0x00,0xc0,0x44,0x40,0xc0,0x80,0x00,0x02,0x00,0x80,0xc0,0x60,0x34,0xf0,0x00,0x00,0x10,0x00,0x00,0x00,0x00,0x00,0x00,0x00,0x01,0x00,
    0x00,0x00,0x00,0x22,0x00,0x01,0x01,0x03,0x06,0x0c,0x08,0x18,0x10,0x10,0x30,0x20,0x20,0x20,0x20,0x10,0x10,0x10,0x08,0x88,0x89,0x46,0x44,0xc0,0xe0,0x04,0x0e,0x84,
    0x40,0xc0,0x84,0x0c,0x12,0x22,0x22,0x41,0xc1,0x81,0x80,0x00,0x00,0x00,0x01,0x01,0x81,0x83,0x82,0xc6,0x4c,0x78,0x30,0x30,0x80,0x08,0x00,0x00,0x00,0x00,0x00,0x00,
    0x00,0x00,0x00,0x00,0x00,0x80,0x00,0x00,0x00,0x10,0xe0,0x40,0xc0,0x84,0x00,0x00,0x00,0x00,0x04,0x00,0x00,0x01,0x03,0x11,0x00,0x00,0x40,0x00,0x00,0x00,0x00,0x00,
    0x00,0x00,0x84,0x00,0x00,0x00,0x80,0xc1,0x47,0x54,0x4c,0xc9,0x0f,0x21,0x70,0x2f,0x04,0x66,0xe2,0xa9,0x30,0x20,0x60,0xc0,0x80,0x01,0x20,0x00,0x00,0x00,0x00,0x00,
    0x00,0x00,0x00,0x00,0x02,0x20,0x00,0x00,0x00,0x00,0x00,0x00,0x00,0x00,0x00,0x00,0xc1,0x70,0x18,0x04,0x06,0x03,0x01,0x00,0x00,0x80,0xc0,0x3f,0x00,0x00,0x00,0xff,
    0x00,0x00,0x00,0x01,0x02,0x04,0x0c,0x30,0xe0,0x00,0x00,0x09,0x01,0x01,0x01,0x01,0x00,0x00,0x00,0x00,0x00,0x00,0x80,0x08,0x00,0x00,0x00,0x00,0x00,0x00,0x00,0x00,
    0x00,0x80,0x00,0x04,0x00,0x00,0x00,0x00,0x00,0x00,0x4f,0x18,0x30,0x20,0x63,0x3e,0x00,0x04,0x00,0x78,0x4c,0x46,0x42,0x21,0x31,0x0f,0x00,0x00,0x00,0x04,0x00,0x40,
    0x00,0x00,0x00,0x00,0x10,0x03,0x07,0x04,0x86,0x02,0x03,0x05,0x00,0x3c,0x63,0xc3,0x7e,0x18,0x02,0x01,0x01,0x01,0x41,0x00,0x00,0x04,0x00,0x00,0x00,0x00,0x00,0x00,
    0x00,0x00,0x00,0x00,0x00,0x00,0x00,0x01,0x00,0x08,0x00,0x00,0x40,0x00,0x00,0x70,0x4f,0x40,0x20,0x20,0x10,0x18,0x08,0x0c,0x06,0x01,0x00,0x00,0x02,0x00,0x00,0x00,
    0x07,0x0c,0x10,0x20,0x40,0x80,0x80,0x00,0x81,0x7f,0x00,0x00,0x00,0x00,0x00,0x00,0x00,0x20,0x00,0x00,0x04,0x00,0x00,0x00,0x00,0x00,0x00,0x00,0x00,0x00,0x00,0x00,
    0x00,0x10,0x00,0x0c,0x1c,0x12,0x13,0x11,0x11,0x11,0x19,0x4e,0x06,0x80,0x40,0x22,0xe7,0x82,0x00,0x88,0x38,0x6c,0xc4,0x8d,0x88,0x98,0xb0,0xe0,0x00,0x00,0x00,0x08
  },
  { // 55
    0x00,0x00,0x00,0x00,0x00,0x20,0x00,0x00,0x00,0x00,0x00,0x00,0x00,0x00,0x00,0x00,0x00,0x00,0x00,0x04,0x0e,0x04,0x00,0x00,0x00,0x00,0x00,0x00,0x00,0x00,0x00,0x00,
    0x00,0x00,0x00,0x20,0x02,0x80,0x80,0x40,0x40,0x20,0x20,0x20,0x10,0x10,0x10,0x10,0x10,0x10,0x32,0x20,0x20,0x41,0x43,0x84,0x08,0x10,0x20,0x20,0x40,0x7f,0x00,0x00,
    0xc0,0xbf,0x40,0x40,0x20,0x20,0x10,0x18,0x08,0x04,0x02,0x81,0x90,0x80,0x00,0x00,0x00,0x00,0x00,0x00,0x00,0x00,0x00,0x00,0x08,0x80,0x00,0x00,0x00,0x00,0x00,0x00,
    0x00,0x00,0x00,0x00,0x00,0x00,0x00,0x00,0x00,0x00,0x00,0x00,0x00,0x00,0x00,0x00,0x00,0x00,0x00,0x00,0x00,0x00,0x80,0x00,0x00,0x00,0x00,0x04,0x0e,0x04,0x00,0x00,
    0x00,0x00,0x00,0x00,0x00,0x40,0x00,0xc0,0x44,0x40,0xc0,0x80,0x00,0x02,0x00,0x80,0x60,0x20,0x34,0xf0,0x00,0x00,0x10,0x00,0x00,0x00,0x00,0x00,0x00,0x00,0x01,0x00,
    0x00,0x00,0x00,0x22,0x00,0x00,0x01,0x03,0x06,0x04,0x08,0x08,0x10,0x10,0x10,0x20,0x20,0x20,0x10,0x10,0x10,0x10,0x08,0x88,0x85,0x46,0x44,0xa0,0x60,0x04,0x0e,0xc4,
    0x40,0x80,0x84,0x0c,0x14,0x22,0x42,0x41,0x81,0x81,0x81,0x00,0x00,0x00,0x01,0x01,0x01,0x82,0x82,0x84,0x4c,0x58,0x30,0x20,0x00,0x88,0x00,0x00,0x00,0x00,0x00,0x00,
    0x00,0x00,0x00,0x00,0x00,0x40,0x00,0x00,0x00,0x10,0xe0,0x40,0xc0,0x80,0x04,0x00,0x00,0x00,0x04,0x00,0x00,0x01,0x03,0x11,0x00,0x00,0x00,0x40,0x00,0x00,0x00,0x00,
    0x00,0x00,0x84,0x00,0x00,0x00,0x80,0xc1,0x47,0x54,0x4c,0xc9,0x0f,0x21,0x70,0x2f,0x04,0x66,0xe3,0xb9,0x10,0x30,0xa0,0xc0,0xc0,0x02,0x20,0x00,0x00,0x00,0x00,0x00,
    0x00,0x00,0x00,0x00,0x02,0x20,0x00,0x00,0x00,0x00,0x00,0x00,0x00,0x00,0x00,0x00,0xc1,0x30,0x08,0x04,0x02,0x03,0x01,0x00,0x00,0x80,0xe0,0x1f,0x00,0x00,0x00,0xff,
    0x00,0x00,0x00,0x01,0x02,0x04,0x18,0x30,0xc0,0x00,0x09,0x01,0x01,0x01,0x01,0x01,0x01,0x00,0x00,0x00,0x00,0x00,0x80,0x00,0x08,0x00,0x00,0x00,0x00,0x00,0x00,0x00,
    0x00,0x80,0x00,0x04,0x00,0x00,0x00,0x00,0x00,0x00,0x4f,0x18,0x30,0x20,0x63,0x3c,0x00,0x04,0x00,0x78,0x4c,0x42,0x63,0x21,0x39,0x0f,0x00,0x00,0x00,0x04,0x00,0x80,
    0x00,0x00,0x00,0x00,0x10,0x02,0x07,0x04,0x84,0x06,0x03,0x05,0x00,0x1c,0x63,0xc3,0xfe,0x18,0x02,0x01,0x01,0x01,0x41,0x00,0x00,0x04,0x00,0x00,0x00,0x00,0x00,0x00,
    0x00,0x00,0x00,0x00,0x00,0x00,0x00,0x01,0x00,0x00,0x10,0x00,0x80,0x00,0x00,0x7c,0x43,0x20,0x20,0x30,0x10,0x18,0x08,0x04,0x02,0x01,0x00,0x00,0x02,0x00,0x00,0x01,
    0x06,0x0c,0x10,0x20,0x40,0x80,0x00,0x00,0xe3,0x1c,0x00,0x00,0x00,0x00,0x00,0x00,0x00,0x20,0x00,0x00,0x04,0x00,0x00,0x00,0x00,0x00,0x00,0x00,0x00,0x00,0x00,0x00,
    0x00,0x08,0x00,0x08,0x1c,0x12,0x13,0x31,0x11,0x11,0x1b,0x4a,0x06,0x80,0xc0,0x22,0xe7,0x82,0x00,0x88,0x3c,0x64,0xc4,0x85,0x88,0x98,0xb0,0xe0,0x80,0x00,0x00,0x08
  },
  { // 56
    0x00,0x00,0x00,0x00,0x00,0x20,0x00,0x00,0x00,0x00,0x00,0x00,0x00,0x00,0x00,0x00,0x00,0x00,0x00,0x04,0x0e,0x04,0x00,0x00,0x00,0x00,0x00,0x00,0x00,0x00,0x00,0x00,
    0x00,0x00,0x00,0x20,0x02,0x80,0xc0,0x40,0x20,0x20,0x20,0x10,0x10,0x10,0x10,0x10,0x10,0x10,0x12,0x20,0x20,0x41,0x43,0x84,0x08,0x10,0x20,0x20,0x40,0x7f,0x00,0x00,
    0xc0,0xbf,0x41,0x40,0x20,0x20,0x30,0x10,0x18,0x0c,0x02,0x01,0x10,0x00,0x00,0x00,0x00,0x00,0x00,0x00,0x00,0x00,0x00,0x00,0x08,0x80,0x00,0x00,0x00,0x00,0x00,0x00,
    0x00,0x00,0x00,0x00,0x00,0x00,0x00,0x00,0x00,0x00,0x00,0x00,0x00,0x00,0x00,0x00,0x00,0x00,0x00,0x00,0x00,0x00,0x80,0x00,0x00,0x00,0x00,0x04,0x0e,0x04,0x00,0x00,
    0x00,0x00,0x00,0x00,0x00,0x20,0x00,0xc0,0x40,0x44,0xc0,0x80,0x00,0x02,0x00,0xc0,0x60,0x20,0x34,0xf0,0x00,0x00,0x10,0x00,0x00,0x00,0x00,0x00,0x00,0x00,0x01,0x00,
    0x00,0x00,0x00,0x22,0x00,0x00,0x00,0x01,0x02,0x04,0x04,0x08,0x18,0x10,0x10,0x10,0x10,0x10,0x10,0x10,0x10,0x10,0x88,0x88,0x85,0x46,0x42,0xa0,0x60,0x04,0x0e,0xc4,
    0x40,0x80,0x88,0x0c,0x14,0x22,0x42,0x41,0x81,0x81,0x01,0x01,0x01,0x01,0x01,0x01,0x03,0x02,0x84,0x84,0x88,0x50,0x60,0x20,0x00,0x88,0x00,0x00,0x00,0x00,0x00,0x00,
    0x00,0x00,0x00,0x00,0x00,0x00,0x40,0x00,0x00,0x10,0xc0,0x40,0xc0,0x80,0x04,0x00,0x00,0x00,0x00,0x04,0x00,0x01,0x03,0x11,0x00,0x00,0x00,0x80,0x00,0x00,0x00,0x00,
    0x00,0x00,0x84,0x00,0x00,0x00,0x80,0xc1,0x47,0x54,0x4c,0xcb,0x4e,0x21,0x70,0x2f,0x04,0x66,0xe3,0xb9,0x10,0x30,0xa0,0xe0,0xc0,0x02,0x40,0x00,0x00,0x00,0x00,0x00,
    0x00,0x00,0x00,0x00,0x02,0x20,0x00,0x00,0x00,0x00,0x00,0x00,0x00,0x00,0x00,0x00,0xe1,0x30,0x08,0x06,0x03,0x01,0x01,0x00,0x00,0x80,0x70,0x1f,0x00,0x00,0x00,0xff,
    0x00,0x00,0x00,0x01,0x02,0x04,0x18,0x30,0xc0,0x00,0x09,0x01,0x01,0x01,0x01,0x01,0x01,0x01,0x00,0x00,0x00,0x00,0x40,0x00,0x08,0x00,0x00,0x00,0x00,0x00,0x00,0x00,
    0x00,0x40,0x00,0x04,0x00,0x00,0x00,0x00,0x00,0x00,0x4f,0x18,0x30,0x21,0x67,0x1c,0x00,0x04,0x00,0x78,0x46,0x42,0x63,0x21,0x19,0x07,0x00,0x00,0x00,0x04,0x00,0x80,
    0x00,0x00,0x00,0x00,0x10,0x06,0x05,0x84,0x04,0x06,0x03,0x05,0x00,0x1c,0x77,0xc3,0xe6,0x38,0x02,0x01,0x01,0x01,0x41,0x00,0x00,0x04,0x00,0x00,0x00,0x00,0x00,0x00,
    0x00,0x00,0x00,0x00,0x00,0x00,0x00,0x02,0x00,0x00,0x10,0x00,0x00,0x80,0x00,0x7e,0x61,0x20,0x20,0x10,0x10,0x08,0x0c,0x04,0x03,0x01,0x00,0x00,0x02,0x00,0x00,0x01,
    0x06,0x18,0x30,0x60,0xc0,0x80,0x00,0x00,0xff,0x00,0x00,0x00,0x00,0x00,0x80,0x00,0x00,0x20,0x00,0x00,0x04,0x00,0x00,0x00,0x00,0x00,0x00,0x00,0x00,0x00,0x00,0x00,
    0x00,0x08,0x00,0x08,0x1c,0x16,0x12,0x21,0x21,0x11,0x1b,0x4a,0x06,0x80,0xc0,0x62,0x67,0x82,0x00,0x88,0x3c,0x64,0xc4,0x85,0x8c,0x88,0xb0,0xe0,0x80,0x00,0x00,0x10
  },
  { // 57
    0x00,0x00,0x00,0x00,0x00,0x20,0x00,0x00,0x00,0x00,0x00,0x00,0x00,0x00,0x00,0x00,0x00,0x00,0x00,0x04,0x0e,0x04,0x00,0x00,0x00,0x00,0x00,0x00,0x00,0x00,0x00,0x00,
    0x00,0x00,0x00,0x40,0x04,0xc0,0xc0,0x40,0x60,0x20,0x30,0x10,0x10,0x10,0x10,0x10,0x10,0x10,0x11,0x20,0x20,0x61,0x43,0x86,0x08,0x10,0x30,0x20,0x40,0x7f,0x00,0x00,
    0x80,0xff,0x41,0x40,0x40,0x20,0x30,0x10,0x18,0x0c,0x06,0x03,0x10,0x00,0x00,0x00,0x00,0x00,0x00,0x00,0x00,0x00,0x00,0x00,0x04,0x40,0x00,0x00,0x00,0x00,0x00,0x00,
    0x00,0x00,0x00,0x00,0x00,0x00,0x00,0x00,0x00,0x00,0x00,0x00,0x00,0x00,0x00,0x00,0x00,0x00,0x00,0x00,0x00,0x00,0x80,0x00,0x00,0x00,0x00,0x04,0x0e,0x04,0x00,0x00,
    0x00,0x00,0x00,0x00,0x00,0x20,0x00,0xc0,0x40,0xc4,0x80,0x80,0x00,0x02,0x00,0xc0,0x60,0x20,0x14,0xf0,0x00,0x00,0x00,0x20,0x00,0x00,0x00,0x00,0x00,0x00,0x01,0x00,
    0x00,0x00,0x00,0x44,0x00,0x00,0x00,0x01,0x02,0x06,0x04,0x08,0x08,0x10,0x10,0x10,0x10,0x10,0x10,0x10,0x10,0x18,0x88,0x88,0x45,0x47,0x42,0xe0,0x20,0x04,0x0e,0xc4,
    0x40,0x80,0x88,0x1c,0x14,0x22,0x42,0xc3,0x81,0x81,0x01,0x01,0x01,0x01,0x01,0x01,0x02,0x02,0x84,0x8c,0xc8,0x50,0x60,0x60,0x00,0x44,0x00,0x00,0x00,0x00,0x00,0x00,
    0x00,0x00,0x00,0x00,0x00,0x00,0x40,0x00,0x00,0x00,0xc8,0x40,0x80,0x80,0x04,0x00,0x00,0x00,0x00,0x04,0x00,0x01,0x03,0x11,0x00,0x00,0x00,0x80,0x00,0x00,0x00,0x00,
    0x00,0x00,0x84,0x00,0x00,0x00,0x80,0xc3,0x46,0x5c,0x48,0xcb,0x4e,0x21,0x70,0x27,0x04,0x66,0xe3,0xb5,0x90,0x30,0xa0,0xe0,0xc0,0x02,0x40,0x00,0x00,0x00,0x00,0x00,
    0x00,0x00,0x00,0x00,0x04,0x00,0x20,0x00,0x00,0x00,0x00,0x00,0x00,0x00,0x00,0x00,0xe1,0x38,0x0c,0x06,0x03,0x01,0x01,0x00,0x00,0x80,0x70,0x1f,0x00,0x00,0x00,0xff,
    0x00,0x00,0x01,0x01,0x02,0x0c,0x18,0x70,0x80,0x00,0x11,0x01,0x01,0x01,0x01,0x01,0x01,0x01,0x01,0x00,0x00,0x00,0x40,0x00,0x04,0x00,0x00,0x00,0x00,0x00,0x00,0x00,
    0x00,0x40,0x00,0x04,0x00,0x00,0x00,0x00,0x00,0x00,0x4f,0x18,0x30,0x21,0x77,0x1c,0x00,0x04,0x00,0x78,0x46,0x42,0x61,0x31,0x1d,0x07,0x00,0x00,0x00,0x00,0x08,0x80,
    0x00,0x00,0x00,0x00,0x08,0x06,0x07,0x84,0x04,0x06,0x03,0x01,0x04,0x1c,0x77,0xc3,0xe6,0x3c,0x02,0x00,0x01,0x41,0x00,0x00,0x00,0x08,0x00,0x00,0x00,0x00,0x00,0x00,
    0x00,0x00,0x00,0x00,0x00,0x00,0x00,0x00,0x02,0x00,0x10,0x00,0x00,0x80,0x00,0x7f,0x20,0x20,0x30,0x10,0x18,0x08,0x04,0x06,0x03,0x01,0x00,0x00,0x02,0x00,0x00,0x03,
    0x0e,0x18,0x30,0x60,0xc0,0x80,0x00,0x00,0xff,0x00,0x00,0x00,0x00,0x00,0x00,0x80,0x00,0x00,0x20,0x00,0x02,0x00,0x00,0x00,0x00,0x00,0x00,0x00,0x00,0x00,0x00,0x00,
    0x00,0x08,0x80,0x08,0x1c,0x16,0x32,0x23,0x21,0x31,0x13,0x4a,0x06,0x80,0xc0,0x62,0x67,0x82,0x00,0x88,0x3c,0x64,0xc4,0x85,0x8c,0x88,0x98,0xe0,0xc0,0x00,0x00,0x10
  },
  { // 58
    0x00,0x00,0x00,0x00,0x00,0x20,0x00,0x00,0x00,0x00,0x00,0x00,0x00,0x00,0x00,0x00,0x00,0x00,0x00,0x04,0x0e,0x04,0x00,0x00,0x00,0x00,0x00,0x00,0x00,0x00,0x00,0x00,
    0x00,0x00,0x00,0x40,0x04,0x40,0xc0,0xc0,0x20,0x20,0x10,0x10,0x10,0x10,0x10,0x18,0x10,0x10,0x11,0x10,0x20,0x20,0x43,0x86,0x8c,0x18,0x10,0x20,0x40,0x7f,0x00,0x00,
    0x80,0xfe,0x41,0x40,0x40,0x20,0x20,0x10,0x18,0x08,0x04,0x03,0x11,0x00,0x00,0x00,0x00,0x00,0x00,0x00,0x00,0x00,0x00,0x00,0x04,0x40,0x00,0x00,0x00,0x00,0x00,0x00,
    0x00,0x00,0x00,0x00,0x00,0x00,0x00,0x00,0x10,0x00,0x00,0x00,0x00,0x00,0x00,0x00,0x00,0x00,0x00,0x00,0x00,0x00,0x00,0x00,0x00,0x00,0x00,0x04,0x0e,0x04,0x00,0x00,
    0x00,0x00,0x00,0x00,0x00,0x20,0x00,0xc0,0x40,0xc4,0x80,0x80,0x00,0x00,0x02,0xc0,0x60,0x20,0xb0,0xe4,0x00,0x00,0x00,0x20,0x00,0x00,0x00,0x00,0x00,0x00,0x01,0x00,
    0x00,0x00,0x00,0x44,0x00,0x00,0x00,0x01,0x03,0x06,0x04,0x0c,0x08,0x08,0x10,0x10,0x10,0x10,0x10,0x10,0x10,0x18,0x88,0x88,0x45,0x47,0x42,0xe0,0x20,0x04,0x0e,0xc4,
    0x40,0x80,0x08,0x1c,0x34,0x22,0x42,0x83,0x81,0x01,0x01,0x01,0x01,0x01,0x01,0x02,0x02,0x06,0x04,0x8c,0x98,0x70,0x60,0x40,0x00,0x44,0x00,0x00,0x00,0x00,0x00,0x00,
    0x00,0x00,0x00,0x00,0x00,0x00,0x40,0x00,0x00,0x80,0xc8,0x40,0x80,0x80,0x04,0x00,0x00,0x00,0x00,0x04,0x00,0x00,0x01,0x10,0x00,0x80,0x00,0x80,0x00,0x00,0x00,0x00,
    0x00,0x00,0x84,0x00,0x00,0x00,0x80,0x83,0x46,0x5c,0x48,0xcb,0x4e,0x21,0x70,0x27,0x04,0x66,0xe3,0x94,0x90,0x90,0xa0,0xe0,0x40,0x02,0x40,0x00,0x00,0x00,0x00,0x00,
    0x00,0x00,0x00,0x00,0x04,0x00,0x40,0x00,0x00,0x00,0x00,0x00,0x00,0x00,0x00,0x80,0x71,0x18,0x04,0x02,0x03,0x01,0x00,0x00,0x00,0x80,0x70,0x0f,0x00,0x00,0x00,0xff,
    0x00,0x00,0x01,0x03,0x06,0x0c,0x18,0x60,0x80,0x01,0x11,0x01,0x01,0x03,0x01,0x01,0x01,0x01,0x01,0x00,0x00,0x00,0x40,0x00,0x04,0x00,0x00,0x00,0x00,0x00,0x00,0x00,
    0x00,0x40,0x00,0x04,0x00,0x00,0x00,0x00,0x00,0x03,0x4e,0x10,0x30,0x21,0x7f,0x00,0x00,0x04,0x40,0x7c,0x46,0x43,0x21,0x31,0x1d,0x07,0x00,0x00,0x00,0x00,0x08,0x80,
    0x00,0x00,0x00,0x00,0x08,0x06,0x07,0x84,0x04,0x06,0x03,0x01,0x04,0x1c,0x37,0x43,0xe6,0x3c,0x02,0x00,0x01,0x81,0x00,0x00,0x00,0x08,0x00,0x00,0x00,0x00,0x00,0x00,
    0x00,0x00,0x00,0x00,0x00,0x00,0x00,0x00,0x02,0x00,0x10,0x00,0x00,0x80,0x20,0x3f,0x20,0x30,0x10,0x10,0x08,0x08,0x04,0x02,0x03,0x01,0x00,0x00,0x02,0x00,0x00,0x03,
    0x0c,0x38,0x20,0x40,0x80,0x80,0x00,0x00,0xff,0x00,0x00,0x00,0x00,0x00,0x00,0x80,0x00,0x00,0x10,0x00,0x02,0x00,0x00,0x00,0x00,0x00,0x00,0x00,0x00,0x00,0x00,0x00,
    0x00,0x08,0x80,0x18,0x1c,0x16,0x22,0x23,0x21,0x31,0x12,0x5a,0x06,0x80,0xc0,0x62,0x67,0xc2,0x00,0x88,0x1c,0x64,0x44,0x85,0x84,0x88,0x98,0xf0,0x40,0x00,0x00,0x10
  },
  { // 59
    0x00,0x00,0x00,0x00,0x00,0x20,0x00,0x00,0x00,0x00,0x00,0x00,0x00,0x00,0x00,0x00,0x00,0x00,0x00,0x04,0x0e,0x04,0x00,0x00,0x00,0x00,0x00,0x00,0x00,0x00,0x00,0x00,
    0x00,0x00,0x00,0x40,0x04,0x00,0xc0,0xa0,0x20,0x10,0x10,0x10,0x10,0x08,0x08,0x08,0x08,0x10,0x11,0x10,0x20,0x20,0x43,0xc6,0x8c,0x18,0x10,0x20,0x40,0x7e,0x03,0x00,
    0x00,0xfe,0x41,0x40,0x40,0x20,0x20,0x30,0x18,0x08,0x04,0x03,0x01,0x20,0x00,0x00,0x00,0x00,0x00,0x00,0x00,0x00,0x00,0x00,0x04,0x40,0x00,0x00,0x00,0x00,0x00,0x00,
    0x00,0x00,0x00,0x00,0x00,0x00,0x00,0x00,0x10,0x00,0x00,0x00,0x00,0x00,0x00,0x00,0x00,0x00,0x00,0x00,0x00,0x00,0x00,0x00,0x00,0x00,0x00,0x04,0x0e,0x04,0x00,0x00,
    0x00,0x00,0x00,0x00,0x00,0x20,0x00,0xc0,0x40,0xc4,0x80,0x00,0x00,0x00,0x02,0xc0,0x60,0x30,0xf0,0xc4,0x00,0x00,0x00,0x20,0x00,0x00,0x00,0x00,0x00,0x00,0x01,0x00,
    0x00,0x00,0x00,0x44,0x00,0x00,0x00,0x01,0x03,0x02,0x04,0x04,0x08,0x08,0x10,0x90,0x10,0x10,0x10,0x10,0x10,0x88,0x88,0x8c,0x45,0x47,0x42,0xe0,0x00,0x04,0x0e,0xc4,
    0x40,0x80,0x08,0x1c,0x34,0x66,0x42,0x82,0x81,0x01,0x01,0x01,0x01,0x01,0x01,0x02,0x02,0x04,0x04,0x08,0x98,0xb0,0x60,0x00,0x00,0x44,0x00,0x00,0x00,0x00,0x00,0x00,
    0x00,0x00,0x00,0x00,0x00,0x00,0x40,0x00,0x00,0xc0,0x48,0xc0,0x80,0x80,0x04,0x00,0x00,0x00,0x00,0x04,0x00,0x00,0x01,0x00,0x90,0x80,0x00,0x80,0x00,0x00,0x00,0x00,
    0x00,0x00,0x40,0x02,0x00,0x00,0x00,0x83,0xc6,0x5c,0x48,0xcb,0x4e,0x21,0x70,0x27,0x04,0x66,0xf3,0x94,0x90,0x90,0xb0,0xe0,0x40,0x02,0x40,0x00,0x00,0x00,0x00,0x00,
    0x00,0x00,0x00,0x00,0x04,0x00,0x40,0x00,0x00,0x00,0x00,0x00,0x00,0x00,0x00,0x80,0x70,0x18,0x04,0x02,0x03,0x01,0x00,0x00,0x00,0xc0,0x30,0x0f,0x00,0x00,0x78,0x8f,
    0x00,0x00,0x01,0x03,0x06,0x0c,0x38,0xe0,0x80,0x01,0x11,0x01,0x02,0x02,0x02,0x02,0x01,0x01,0x01,0x01,0x00,0x00,0x20,0x00,0x04,0x00,0x00,0x00,0x00,0x00,0x00,0x00,
    0x00,0x40,0x00,0x02,0x00,0x00,0x00,0x00,0x00,0x47,0x1c,0x10,0x20,0x21,0x7f,0x00,0x00,0x04,0x40,0x7c,0x46,0x43,0x21,0x31,0x1f,0x03,0x00,0x00,0x00,0x00,0x08,0x80,
    0x00,0x00,0x00,0x00,0x08,0x04,0x07,0x85,0x04,0x04,0x03,0x01,0x04,0x00,0x3f,0x61,0xc6,0x7c,0x02,0x00,0x00,0x80,0x00,0x00,0x08,0x00,0x00,0x00,0x00,0x00,0x00,0x00,
    0x00,0x00,0x00,0x00,0x00,0x00,0x00,0x00,0x04,0x00,0x20,0x00,0x00,0x80,0x38,0x27,0x20,0x30,0x10,0x18,0x08,0x08,0x04,0x02,0x03,0x00,0x00,0x02,0x00,0x00,0x00,0x07,
    0x0c,0x30,0x60,0xc0,0x80,0x00,0x00,0xc0,0x7f,0x00,0x00,0x00,0x00,0x00,0x00,0x80,0x00,0x00,0x10,0x00,0x00,0x02,0x00,0x00,0x00,0x00,0x00,0x00,0x00,0x00,0x00,0x00,
    0x00,0x08,0x80,0x10,0x18,0x36,0x22,0x22,0x23,0x22,0x12,0x5a,0x0e,0x80,0xc0,0x62,0x67,0xc2,0x00,0x0c,0x9c,0x24,0x44,0xc5,0x84,0x8c,0x98,0xf0,0x40,0x00,0x00,0x10
  },
  { // 60
    0x00,0x00,0x00,0x00,0x00,0x20,0x00,0x00,0x00,0x00,0x00,0x00,0x00,0x00,0x00,0x00,0x00,0x00,0x00,0x04,0x0e,0x04,0x00,0x00,0x00,0x00,0x00,0x00,0x00,0x00,0x00,0x00,
    0x00,0x00,0x00,0x80,0x08,0x00,0x60,0xa0,0x30,0x10,0x10,0x10,0x08,0x08,0x08,0x08,0x08,0x18,0x11,0x10,0x30,0x20,0x41,0xc2,0x8c,0x08,0x10,0x20,0x40,0x7c,0x03,0x00,
    0x00,0xfc,0x43,0x40,0x40,0x60,0x20,0x30,0x10,0x08,0x04,0x03,0x01,0x20,0x00,0x00,0x00,0x00,0x00,0x00,0x00,0x00,0x00,0x00,0x02,0x20,0x00,0x00,0x00,0x00,0x00,0x00,
    0x00,0x00,0x00,0x00,0x00,0x00,0x00,0x00,0x10,0x00,0x00,0x00,0x00,0x00,0x00,0x00,0x00,0x00,0x00,0x00,0x00,0x00,0x00,0x00,0x00,0x00,0x00,0x04,0x0e,0x04,0x00,0x00,
    0x00,0x00,0x00,0x00,0x00,0x20,0x00,0xc0,0xc0,0x84,0x80,0x00,0x00,0x00,0x02,0xc0,0x60,0x30,0xf0,0x04,0x00,0x00,0x00,0x20,0x00,0x00,0x00,0x00,0x00,0x00,0x01,0x00,
    0x00,0x00,0x00,0x88,0x00,0x00,0x00,0x00,0x01,0x02,0x04,0x04,0x08,0x08,0x08,0x90,0x10,0x10,0x10,0x10,0x08,0x88,0x88,0xcc,0x45,0x45,0x42,0xe0,0x00,0x04,0x0e,0xc4,
    0x40,0x80,0x08,0x14,0x34,0x66,0x42,0x82,0x82,0x01,0x01,0x01,0x01,0x01,0x02,0x02,0x02,0x04,0x04,0x08,0x90,0xa0,0xc0,0x00,0x00,0x22,0x00,0x00,0x00,0x00,0x00,0x00,
    0x00,0x00,0x00,0x00,0x00,0x00,0x40,0x00,0x00,0xc0,0x48,0xc0,0x80,0x00,0x00,0x04,0x00,0x00,0x00,0x04,0x00,0x00,0x01,0x80,0x90,0x80,0x00,0x80,0x00,0x00,0x00,0x00,
    0x00,0x00,0x40,0x02,0x00,0x00,0x00,0x83,0xc6,0x5c,0x49,0xcb,0x4c,0x21,0x70,0x27,0x04,0x62,0xf3,0x94,0x90,0x90,0xb0,0xe0,0x40,0x02,0x40,0x00,0x00,0x00,0x00,0x00,
    0x00,0x00,0x00,0x00,0x08,0x00,0x40,0x00,0x00,0x00,0x00,0x00,0x00,0x00,0x00,0xc0,0x30,0x18,0x04,0x02,0x01,0x01,0x00,0x00,0x00,0xc0,0x38,0x07,0x00,0x00,0xf8,0x87,
    0x00,0x00,0x01,0x02,0x06,0x08,0x30,0xe0,0x01,0x01,0x11,0x03,0x02,0x02,0x02,0x02,0x02,0x01,0x01,0x01,0x01,0x00,0x00,0x20,0x02,0x00,0x00,0x00,0x00,0x00,0x00,0x00,
    0x00,0x40,0x00,0x02,0x00,0x00,0x00,0x00,0x00,0x47,0x1c,0x30,0x20,0x61,0x7e,0x00,0x00,0x04,0x60,0x7c,0x46,0x63,0x21,0xb1,0x1f,0x01,0x00,0x00,0x00,0x00,0x08,0x00,
    0x00,0x00,0x00,0x00,0x08,0x04,0x07,0x85,0x04,0x04,0x02,0x01,0x04,0x00,0x3f,0x61,0xc6,0x7c,0x02,0x00,0x00,0x80,0x00,0x00,0x08,0x00,0x00,0x00,0x00,0x00,0x00,0x00,
    0x00,0x00,0x00,0x00,0x00,0x00,0x00,0x00,0x04,0x00,0x00,0x20,0x00,0x00,0x3c,0x23,0x30,0x10,0x10,0x08,0x08,0x04,0x06,0x03,0x01,0x00,0x00,0x02,0x00,0x00,0x00,0x07,
    0x1c,0x30,0x40,0x80,0x00,0x00,0x00,0xe1,0x1e,0x00,0x00,0x00,0x00,0x00,0x00,0x80,0x00,0x00,0x10,0x00,0x00,0x02,0x00,0x00,0x00,0x00,0x00,0x00,0x00,0x00,0x00,0x00,
    0x00,0x04,0x80,0x10,0x18,0x3c,0x26,0x22,0x22,0x22,0x32,0x5a,0x0c,0x00,0xc0,0x62,0x67,0xc2,0x00,0x04,0x9c,0x34,0x44,0xc4,0x84,0x8c,0xd8,0x70,0x60,0x00,0x00,0x11
  },
  { // 61
    0x00,0x00,0x00,0x00,0x20,0x70,0x20,0x00,0x00,0x00,0x00,0x00,0x00,0x00,0x00,0x00,0x00,0x00,0x00,0x04,0x0e,0x04,0x00,0x00,0x00,0x00,0x00,0x00,0x00,0x00,0x00,0x00,
    0x00,0x00,0x00,0x80,0x08,0x00,0x60,0xa0,0x10,0x10,0x10,0x08,0x08,0x08,0x08,0x08,0x08,0x08,0x19,0x10,0x10,0x20,0x61,0xc3,0x84,0x08,0x10,0x20,0x60,0x78,0x07,0x00,
    0x00,0xf8,0x87,0x40,0x40,0x60,0x20,0x30,0x10,0x08,0x0c,0x06,0x03,0x20,0x00,0x00,0x00,0x00,0x00,0x00,0x00,0x00,0x00,0x02,0x00,0x20,0x00,0x00,0x00,0x00,0x00,0x00,
    0x00,0x00,0x00,0x00,0x00,0x00,0x00,0x00,0x10,0x00,0x00,0x00,0x00,0x00,0x00,0x00,0x00,0x00,0x00,0x00,0x00,0x00,0x00,0x00,0x00,0x00,0x00,0x04,0x0e,0x04,0x00,0x00,
    0x00,0x00,0x00,0x00,0x00,0x20,0x80,0xc0,0x80,0x84,0x80,0x00,0x00,0x00,0x02,0xc0,0x20,0x30,0xf0,0x04,0x00,0x00,0x00,0x20,0x00,0x00,0x00,0x00,0x00,0x00,0x00,0x00,
    0x00,0x00,0x00,0x88,0x00,0x00,0x00,0x00,0x01,0x03,0x02,0x04,0x0c,0x08,0x08,0x98,0x10,0x10,0x10,0x18,0x08,0x88,0x88,0xcc,0x45,0x45,0x22,0xe0,0x00,0x04,0x0e,0xc4,
    0xc0,0x80,0x08,0x14,0x34,0x66,0xc2,0x82,0x02,0x03,0x01,0x01,0x01,0x03,0x02,0x02,0x06,0x04,0x08,0x18,0x10,0xa0,0xc0,0x00,0x00,0x22,0x00,0x00,0x00,0x00,0x00,0x00,
    0x00,0x00,0x00,0x00,0x00,0x00,0x40,0x00,0x00,0xc0,0x48,0x80,0x80,0x00,0x00,0x04,0x00,0x00,0x00,0x00,0x04,0x00,0x01,0x80,0x90,0x00,0x00,0x80,0x00,0x00,0x00,0x00,
    0x00,0x00,0x40,0x02,0x00,0x00,0x00,0x83,0xc4,0x6c,0x49,0xcb,0x4c,0x21,0x70,0x27,0x04,0x62,0xf3,0x94,0x90,0x90,0xb0,0xe0,0x40,0x02,0x40,0x00,0x00,0x00,0x00,0x00,
    0x00,0x00,0x00,0x00,0x00,0x08,0x80,0x00,0x00,0x00,0x00,0x00,0x00,0x00,0x00,0xc0,0x38,0x0c,0x06,0x02,0x01,0x01,0x00,0x00,0x80,0x60,0x3c,0x03,0x00,0x00,0xfc,0x03,
    0x00,0x00,0x01,0x02,0x04,0x18,0x30,0xc0,0x01,0x01,0x13,0x02,0x02,0x02,0x02,0x02,0x02,0x02,0x01,0x01,0x01,0x00,0x00,0x20,0x02,0x00,0x00,0x00,0x00,0x00,0x00,0x00,
    0x00,0x20,0x00,0x02,0x00,0x00,0x00,0x00,0x00,0x47,0x18,0x30,0x20,0x63,0x7e,0x00,0x00,0x04,0x60,0x7c,0x42,0x61,0x21,0xb1,0x0f,0x00,0x00,0x00,0x00,0x00,0x08,0x00,
    0x00,0x00,0x00,0x00,0x08,0x04,0x07,0x85,0x04,0x04,0x06,0x03,0x04,0x00,0x3f,0x61,0xc6,0x7c,0x02,0x00,0x00,0x80,0x00,0x00,0x08,0x00,0x00,0x00,0x00,0x00,0x00,0x00,
    0x00,0x00,0x00,0x00,0x00,0x00,0x00,0x00,0x04,0x00,0x00,0x20,0x00,0x00,0x3f,0x31,0x10,0x10,0x08,0x08,0x08,0x04,0x06,0x03,0x01,0x00,0x00,0x02,0x00,0x00,0x01,0x06,
    0x18,0x20,0x40,0x80,0x00,0x00,0x00,0xff,0x00,0x00,0x00,0x00,0x00,0x00,0x00,0x00,0x40,0x00,0x10,0x00,0x00,0x01,0x00,0x00,0x00,0x00,0x00,0x00,0x00,0x00,0x00,0x00,
    0x00,0x04,0x80,0x10,0x38,0x2c,0x26,0x22,0x22,0x22,0x32,0x5a,0x0c,0x00,0xc0,0x62,0x67,0xc2,0x00,0x04,0x9c,0x34,0x44,0x44,0xc4,0x8c,0x58,0x70,0x60,0x00,0x00,0x21
  },
  { // 62
    0x00,0x00,0x00,0x00,0x20,0x70,0x20,0x00,0x00,0x00,0x00,0x00,0x00,0x00,0x00,0x00,0x00,0x00,0x00,0x04,0x0e,0x04,0x00,0x00,0x00,0x00,0x00,0x00,0x00,0x00,0x00,0x00,
    0x00,0x00,0x00,0x80,0x08,0x00,0x60,0xd0,0x90,0x10,0x10,0x08,0x08,0x08,0x08,0x08,0x08,0x08,0x09,0x10,0x10,0x20,0x61,0xc3,0x84,0x08,0x10,0x20,0x60,0x78,0x0f,0x00,
    0x00,0xf8,0x87,0x40,0x40,0x40,0x20,0x20,0x10,0x18,0x0c,0x06,0x03,0x20,0x00,0x00,0x00,0x00,0x00,0x00,0x00,0x00,0x00,0x02,0x20,0x00,0x00,0x00,0x00,0x00,0x00,0x00,
    0x00,0x00,0x00,0x00,0x00,0x00,0x00,0x00,0x10,0x00,0x00,0x00,0x00,0x00,0x00,0x00,0x00,0x00,0x00,0x00,0x00,0x00,0x00,0x00,0x00,0x00,0x00,0x04,0x0e,0x04,0x00,0x00,
    0x00,0x00,0x00,0x00,0x00,0x20,0x80,0x80,0x80,0x84,0x80,0x00,0x00,0x00,0x02,0xc0,0x20,0x30,0xf0,0x04,0x00,0x00,0x00,0x20,0x00,0x00,0x00,0x00,0x00,0x00,0x00,0x00,
    0x00,0x00,0x00,0x08,0x80,0x00,0x00,0x00,0x01,0x03,0x02,0x06,0x04,0x08,0x08,0x88,0x08,0x10,0x08,0x08,0x08,0x88,0x88,0x44,0x45,0x47,0x22,0xe0,0x00,0x04,0x0e,0xc4,
    0xc0,0x80,0x08,0x1c,0x34,0x64,0xc2,0x82,0x02,0x02,0x02,0x01,0x02,0x02,0x02,0x02,0x04,0x0c,0x08,0x18,0x30,0x60,0xc0,0x00,0x00,0x22,0x00,0x00,0x00,0x00,0x00,0x00,
    0x00,0x00,0x00,0x00,0x00,0x00,0x20,0x00,0x00,0xc0,0xc8,0x80,0x80,0x00,0x00,0x04,0x00,0x00,0x00,0x00,0x04,0x00,0x01,0x80,0x90,0x00,0x00,0x00,0x80,0x00,0x00,0x00,
    0x00,0x00,0x40,0x02,0x00,0x00,0x00,0x83,0x84,0xe8,0x49,0xcf,0xcc,0x21,0x70,0x27,0x04,0x62,0xf1,0x94,0x90,0x90,0xb0,0xe0,0x40,0x00,0x84,0x00,0x00,0x00,0x00,0x00,
    0x00,0x00,0x00,0x00,0x00,0x08,0x80,0x00,0x00,0x00,0x00,0x00,0x00,0x00,0x00,0xe0,0x18,0x0c,0x06,0x03,0x01,0x00,0x00,0x00,0x80,0x60,0x3c,0x03,0x00,0x00,0xfe,0x03,
    0x00,0x00,0x01,0x02,0x04,0x18,0x30,0xc0,0x01,0x01,0x12,0x02,0x02,0x02,0x02,0x02,0x02,0x02,0x01,0x01,0x01,0x01,0x00,0x20,0x02,0x00,0x00,0x00,0x00,0x00,0x00,0x00,
    0x00,0x20,0x00,0x02,0x00,0x00,0x00,0x00,0x00,0x4f,0x18,0x30,0x21,0x63,0x7e,0x00,0x04,0x00,0x70,0x5e,0x42,0x61,0x21,0x98,0x0f,0x00,0x00,0x00,0x00,0x00,0x08,0x00,
    0x00,0x00,0x00,0x08,0x00,0x00,0x07,0x85,0x04,0x04,0x06,0x03,0x04,0x00,0x3f,0x61,0xc2,0x7e,0x02,0x00,0x00,0x80,0x00,0x00,0x08,0x00,0x00,0x00,0x00,0x00,0x00,0x00,
    0x00,0x00,0x00,0x00,0x00,0x00,0x00,0x00,0x04,0x00,0x00,0x20,0x00,0x00,0x3f,0x11,0x10,0x10,0x08,0x08,0x0c,0x04,0x06,0x03,0x00,0x00,0x00,0x02,0x00,0x00,0x03,0x0e,
    0x10,0x60,0xc0,0x80,0x00,0x00,0x00,0xff,0x00,0x00,0x00,0x00,0x00,0x00,0x00,0x00,0x40,0x00,0x00,0x08,0x00,0x01,0x00,0x00,0x00,0x00,0x00,0x00,0x00,0x00,0x00,0x00,
    0x00,0x04,0x80,0x10,0x38,0x2c,0x26,0x22,0x22,0x22,0x32,0x9a,0x0c,0x00,0xc0,0x62,0x67,0xc2,0x00,0x04,0x9c,0x34,0x64,0x44,0x44,0x44,0x48,0x70,0x60,0x00,0x00,0x21
  },
  { // 63
    0x00,0x00,0x00,0x00,0x20,0x70,0x20,0x00,0x00,0x00,0x00,0x00,0x00,0x00,0x00,0x00,0x00,0x00,0x00,0x04,0x0e,0x04,0x00,0x00,0x00,0x00,0x00,0x00,0x00,0x00,0x00,0x00,
    0x00,0x00,0x00,0x00,0x10,0x01,0x30,0xd0,0x90,0x18,0x08,0x08,0x08,0x08,0x08,0x08,0x08,0x08,0x09,0x10,0x10,0x30,0x61,0xc3,0x86,0x08,0x10,0x20,0x60,0x78,0x0f,0x00,
    0x00,0xf8,0x8f,0x40,0x40,0x40,0x20,0x20,0x10,0x10,0x08,0x06,0x03,0x20,0x00,0x00,0x00,0x00,0x00,0x00,0x00,0x00,0x00,0x02,0x10,0x00,0x00,0x00,0x00,0x00,0x00,0x00,
    0x00,0x00,0x00,0x00,0x00,0x00,0x00,0x00,0x10,0x00,0x00,0x00,0x00,0x00,0x00,0x00,0x00,0x00,0x00,0x00,0x00,0x00,0x00,0x00,0x00,0x00,0x00,0x04,0x0e,0x04,0x00,0x00,
    0x00,0x00,0x00,0x00,0x00,0x20,0x80,0x80,0x80,0x80,0x84,0x00,0x00,0x00,0x00,0xe2,0x30,0x10,0xf0,0x04,0x00,0x00,0x00,0x20,0x00,0x00,0x00,0x00,0x00,0x00,0x00,0x00,
    0x00,0x00,0x00,0x11,0x00,0x00,0x00,0x00,0x01,0x01,0x03,0x06,0x04,0x08,0x08,0x88,0x08,0x08,0x08,0x08,0x08,0x88,0x88,0x44,0x45,0x47,0x22,0xe0,0x00,0x04,0x0e,0xc4,
    0xc0,0x80,0x08,0x1c,0x34,0x64,0xc2,0x82,0x02,0x02,0x02,0x02,0x02,0x02,0x02,0x02,0x04,0x0c,0x18,0x10,0x30,0x60,0x80,0x00,0x00,0x11,0x00,0x00,0x00,0x00,0x00,0x00,
    0x00,0x00,0x00,0x00,0x00,0x00,0x00,0x20,0x00,0xc0,0xc0,0x88,0x80,0x00,0x00,0x04,0x00,0x00,0x00,0x00,0x08,0x00,0x81,0x80,0x90,0x00,0x00,0x00,0x00,0x00,0x00,0x00,
    0x00,0x00,0x40,0x02,0x00,0x00,0x00,0x87,0x8c,0xe8,0x49,0xcf,0x8c,0x21,0x70,0x27,0x04,0x62,0x71,0x94,0x90,0x90,0x90,0x60,0x60,0x00,0x84,0x00,0x00,0x00,0x00,0x00,
    0x00,0x00,0x00,0x00,0x01,0x08,0x80,0x00,0x00,0x00,0x00,0x00,0x00,0x00,0x80,0xe0,0x18,0x0c,0x02,0x01,0x01,0x00,0x00,0x00,0xc0,0x60,0x1e,0x03,0x00,0x00,0xfe,0x03,
    0x00,0x00,0x01,0x02,0x0c,0x18,0x70,0x81,0x01,0x01,0x12,0x02,0x02,0x02,0x02,0x02,0x02,0x02,0x02,0x03,0x01,0x01,0x01,0x10,0x01,0x00,0x00,0x00,0x00,0x00,0x00,0x00,
    0x00,0x00,0x20,0x02,0x00,0x00,0x00,0x00,0x00,0x4f,0x18,0x30,0x21,0x63,0x7e,0x00,0x04,0x00,0x70,0x4e,0x43,0x21,0x31,0x98,0x0f,0x00,0x00,0x00,0x01,0x00,0x10,0x00,
    0x00,0x00,0x00,0x08,0x00,0x00,0x07,0x45,0x04,0x04,0x06,0x03,0x04,0x00,0x3f,0x61,0xc3,0xfe,0x02,0x00,0x00,0x80,0x00,0x00,0x08,0x00,0x00,0x00,0x00,0x00,0x00,0x00,
    0x00,0x00,0x00,0x00,0x00,0x00,0x00,0x00,0x00,0x08,0x00,0x40,0x00,0x10,0x3f,0x10,0x10,0x08,0x08,0x08,0x04,0x06,0x02,0x01,0x00,0x00,0x00,0x02,0x00,0x00,0x03,0x0e,
    0x30,0x60,0xc0,0x80,0x00,0x00,0x80,0x7f,0x00,0x00,0x00,0x00,0x00,0x00,0x00,0x00,0x40,0x00,0x00,0x08,0x00,0x01,0x00,0x00,0x00,0x00,0x00,0x00,0x00,0x00,0x00,0x00,
    0x00,0x04,0x40,0x00,0x38,0x2c,0x24,0x22,0x22,0x22,0x32,0x1a,0x8c,0x00,0x80,0x62,0x67,0xc2,0x00,0x04,0x9c,0x34,0x64,0x44,0x44,0x44,0x4c,0x58,0x60,0x00,0x20,0x01
  },
  { // 64
    0x00,0x00,0x00,0x00,0x20,0x70,0x20,0x00,0x00,0x00,0x00,0x00,0x00,0x00,0x00,0x00,0x00,0x00,0x00,0x00,0x04,0x00,0x00,0x00,0x00,0x00,0x00,0x00,0x00,0x00,0x00,0x00,
    0x00,0x00,0x00,0x00,0x10,0x01,0x30,0x50,0x90,0x08,0x08,0x08,0x08,0x0c,0x04,0x04,0x08,0x08,0x08,0x08,0x10,0x30,0x60,0xc3,0x86,0x0c,0x18,0x30,0x60,0x70,0x0f,0x00,
    0x00,0xf8,0x8f,0x40,0x40,0x40,0x60,0x20,0x30,0x10,0x08,0x0c,0x02,0x21,0x00,0x00,0x00,0x00,0x00,0x00,0x00,0x00,0x00,0x01,0x10,0x00,0x00,0x00,0x00,0x00,0x00,0x00,
    0x00,0x00,0x00,0x00,0x00,0x00,0x00,0x00,0x10,0x00,0x00,0x00,0x00,0x00,0x00,0x00,0x00,0x00,0x00,0x00,0x00,0x00,0x00,0x00,0x00,0x00,0x00,0x04,0x0e,0x04,0x00,0x00,
    0x00,0x00,0x00,0x00,0x00,0x00,0x90,0x80,0x80,0x80,0x84,0x00,0x00,0x00,0x80,0xe2,0x30,0x10,0xf0,0x04,0x00,0x00,0x00,0x20,0x00,0x00,0x00,0x00,0x00,0x00,0x00,0x00,
    0x00,0x00,0x00,0x11,0x00,0x00,0x00,0x00,0x00,0x01,0x03,0x02,0x04,0x04,0x08,0x88,0x08,0x08,0x08,0x08,0x88,0x88,0xc8,0x44,0x44,0x47,0x22,0xe0,0x00,0x04,0x0e,0xc4,
    0xc0,0x80,0x08,0x1c,0x24,0x64,0xc2,0x82,0x02,0x02,0x02,0x02,0x02,0x02,0x02,0x04,0x04,0x08,0x18,0x10,0x20,0x40,0x80,0x00,0x00,0x11,0x00,0x00,0x00,0x00,0x00,0x00,
    0x00,0x00,0x00,0x00,0x00,0x00,0x00,0x20,0x00,0xc0,0x80,0x88,0x80,0x00,0x00,0x04,0x00,0x00,0x00,0x00,0x08,0x00,0x80,0x80,0xa0,0x00,0x00,0x00,0x00,0x00,0x00,0x00,
    0x00,0x00,0x40,0x02,0x00,0x00,0x01,0x87,0x8c,0xa8,0xc9,0xcf,0x8c,0x21,0x71,0x27,0x06,0x63,0x71,0x94,0x90,0x90,0xd0,0x70,0x60,0x00,0x84,0x00,0x00,0x00,0x00,0x00,
    0x00,0x00,0x00,0x00,0x01,0x10,0x00,0x80,0x00,0x00,0x00,0x00,0x00,0x00,0xc0,0x70,0x08,0x06,0x02,0x01,0x01,0x00,0x00,0x00,0xc0,0x60,0x1e,0x03,0x00,0x00,0xfe,0x01,
    0x00,0x01,0x03,0x06,0x0c,0x18,0xe0,0x81,0x01,0x22,0x02,0x02,0x02,0x04,0x04,0x06,0x02,0x02,0x02,0x02,0x01,0x01,0x01,0x10,0x01,0x00,0x00,0x00,0x00,0x00,0x00,0x00,
    0x00,0x00,0x20,0x00,0x02,0x00,0x00,0x00,0x00,0x8f,0x18,0x30,0x21,0x43,0x7c,0x00,0x04,0x00,0x78,0x4e,0x43,0x21,0x31,0x98,0x07,0x00,0x00,0x00,0x01,0x00,0x10,0x00,
    0x00,0x00,0x00,0x04,0x00,0x00,0x4f,0x09,0x0c,0x04,0x06,0x03,0x04,0x00,0x1f,0x61,0x43,0xfe,0x01,0x00,0x00,0x80,0x00,0x00,0x10,0x00,0x00,0x00,0x00,0x00,0x00,0x00,
    0x00,0x00,0x00,0x00,0x00,0x00,0x00,0x00,0x00,0x08,0x00,0x00,0x40,0x18,0x17,0x10,0x10,0x08,0x08,0x0c,0x04,0x06,0x02,0x01,0x00,0x00,0x00,0x02,0x00,0x00,0x03,0x1c,
    0x30,0x60,0x80,0x00,0x00,0x00,0xc0,0x3f,0x00,0x00,0x00,0x00,0x00,0x00,0x00,0x00,0x40,0x00,0x00,0x08,0x00,0x01,0x00,0x00,0x00,0x00,0x00,0x00,0x00,0x00,0x00,0x00,
    0x00,0x04,0x40,0x00,0x38,0x2c,0x24,0x46,0x42,0x22,0x32,0x1e,0x8c,0x04,0x80,0x62,0x67,0xc2,0x00,0x04,0x9c,0x34,0x64,0x44,0x44,0x44,0x4c,0x58,0x70,0x00,0x20,0x01
  },
  { // 65
    0x00,0x00,0x00,0x00,0x20,0x70,0x20,0x00,0x00,0x00,0x00,0x00,0x00,0x00,0x00,0x00,0x00,0x00,0x00,0x00,0x04,0x00,0x00,0x00,0x00,0x00,0x00,0x00,0x00,0x00,0x00,0x00,
    0x00,0x00,0x00,0x00,0x10,0x01,0x30,0x70,0x88,0x88,0x08,0x08,0x04,0x04,0x04,0x04,0x04,0x0c,0x08,0x08,0x10,0x30,0x60,0x43,0x86,0x8c,0x18,0x30,0x60,0x70,0x0f,0x00,
    0x00,0xf0,0x8e,0x81,0x40,0x40,0x60,0x20,0x20,0x10,0x08,0x0c,0x06,0x41,0x00,0x00,0x00,0x00,0x00,0x00,0x00,0x00,0x00,0x01,0x10,0x00,0x00,0x00,0x00,0x00,0x00,0x00,
    0x00,0x00,0x00,0x00,0x00,0x00,0x00,0x10,0x38,0x10,0x00,0x00,0x00,0x00,0x00,0x00,0x00,0x00,0x00,0x00,0x00,0x00,0x00,0x00,0x00,0x00,0x00,0x04,0x0e,0x04,0x00,0x00,
    0x00,0x00,0x00,0x00,0x00,0x00,0x90,0x80,0x80,0x80,0x84,0x00,0x00,0x00,0x80,0xe2,0x30,0x10,0xf0,0x00,0x04,0x00,0x00,0x40,0x00,0x00,0x00,0x00,0x00,0x00,0x00,0x00,
    0x00,0x00,0x00,0x11,0x00,0x00,0x00,0x00,0x00,0x00,0x01,0x02,0x04,0x04,0x0c,0x48,0x08,0x08,0x08,0x08,0x88,0x88,0xc4,0x44,0x44,0x27,0x22,0xe0,0x00,0x04,0x0e,0xc4,
    0xc0,0x80,0x08,0x3c,0x24,0x44,0xc4,0x82,0x02,0x02,0x02,0x02,0x02,0x02,0x06,0x04,0x04,0x08,0x10,0x20,0x20,0xc0,0x80,0x00,0x00,0x11,0x00,0x00,0x00,0x00,0x00,0x00,
    0x00,0x00,0x00,0x00,0x00,0x00,0x00,0x20,0x00,0xc0,0x80,0x88,0x00,0x00,0x00,0x00,0x04,0x00,0x00,0x00,0x08,0x80,0x80,0x80,0x80,0x20,0x00,0x00,0x00,0x00,0x00,0x00,
    0x00,0x00,0x20,0x02,0x00,0x00,0x01,0x87,0x8c,0xa8,0x89,0x8f,0x89,0x20,0x73,0x26,0x06,0x63,0x71,0xd4,0x90,0x90,0xd0,0x70,0x60,0x00,0x84,0x00,0x00,0x00,0x00,0x00,
    0x00,0x00,0x00,0x00,0x01,0x10,0x00,0x00,0x00,0x00,0x00,0x00,0x00,0x00,0xc0,0x30,0x0c,0x06,0x02,0x01,0x00,0x00,0x00,0x80,0xc0,0x70,0x0e,0x01,0x00,0x00,0xfe,0x01,
    0x00,0x01,0x03,0x06,0x0c,0x38,0xe0,0x01,0x01,0x22,0x02,0x06,0x04,0x04,0x04,0x04,0x04,0x02,0x02,0x02,0x02,0x81,0x01,0x10,0x01,0x00,0x00,0x00,0x00,0x00,0x00,0x00,
    0x00,0x00,0x20,0x00,0x01,0x00,0x00,0x00,0x00,0x8f,0x10,0x21,0x21,0x47,0x7c,0x00,0x04,0x00,0x78,0x46,0x63,0x21,0x30,0x9c,0x07,0x00,0x00,0x00,0x01,0x00,0x10,0x00,
    0x00,0x00,0x00,0x04,0x00,0x00,0x4e,0x0b,0x08,0x04,0x06,0x03,0x04,0x00,0x1f,0x71,0x43,0xfe,0x19,0x00,0x80,0x00,0x00,0x00,0x10,0x00,0x00,0x00,0x00,0x00,0x00,0x00,
    0x00,0x00,0x00,0x00,0x00,0x00,0x00,0x01,0x00,0x08,0x00,0x00,0x40,0x1e,0x11,0x10,0x08,0x08,0x08,0x04,0x04,0x02,0x03,0x01,0x00,0x00,0x02,0x00,0x00,0x00,0x07,0x1c,
    0x30,0x40,0x80,0x00,0x00,0x00,0xe0,0x1f,0x00,0x00,0x00,0x00,0x00,0x00,0x00,0x00,0x00,0x40,0x00,0x08,0x00,0x00,0x00,0x00,0x00,0x00,0x00,0x00,0x00,0x00,0x00,0x00,
    0x00,0x02,0x40,0x00,0x30,0x28,0x64,0x46,0x42,0x62,0x22,0x1e,0x8c,0x04,0x80,0xe2,0x27,0xe2,0x80,0x04,0x9c,0x34,0x66,0x42,0x46,0x44,0x4c,0x58,0x70,0x00,0x20,0x02
  },
  { // 66
    0x00,0x00,0x00,0x00,0x20,0x70,0x20,0x00,0x00,0x00,0x00,0x00,0x00,0x00,0x00,0x00,0x00,0x00,0x00,0x00,0x04,0x00,0x00,0x00,0x00,0x00,0x00,0x00,0x00,0x00,0x00,0x00,
    0x00,0x00,0x00,0x00,0x20,0x02,0x30,0x78,0x48,0x88,0x08,0x04,0x04,0x04,0x04,0x04,0x04,0x04,0x08,0x08,0x18,0x30,0x20,0x43,0xc6,0x8c,0x18,0x30,0x60,0x60,0x1f,0x00,
    0x00,0xf0,0x9e,0x81,0x40,0x40,0x40,0x20,0x20,0x10,0x18,0x0c,0x06,0x41,0x00,0x00,0x00,0x00,0x00,0x00,0x00,0x00,0x00,0x01,0x08,0x80,0x00,0x00,0x00,0x00,0x00,0x00,
    0x00,0x00,0x00,0x00,0x00,0x00,0x00,0x10,0x38,0x10,0x00,0x00,0x00,0x00,0x00,0x00,0x00,0x00,0x00,0x00,0x00,0x00,0x00,0x00,0x00,0x00,0x00,0x04,0x0e,0x04,0x00,0x00,
    0x00,0x00,0x00,0x00,0x00,0x00,0x90,0x80,0x80,0x80,0x04,0x00,0x00,0x00,0x80,0x62,0x30,0x10,0xf0,0x00,0x04,0x00,0x00,0x00,0x40,0x00,0x00,0x00,0x00,0x00,0x00,0x00,
    0x00,0x00,0x00,0x22,0x00,0x00,0x00,0x00,0x00,0x00,0x01,0x02,0x06,0x04,0x04,0x48,0x08,0x08,0x08,0x08,0x88,0x8c,0x44,0x44,0x44,0x27,0x23,0xe0,0x00,0x04,0x0e,0xc4,
    0xc0,0x80,0x18,0x3c,0x64,0x44,0x84,0x86,0x02,0x02,0x02,0x02,0x02,0x02,0x04,0x04,0x0c,0x08,0x10,0x20,0x40,0xc0,0x80,0x00,0x80,0x08,0x00,0x00,0x00,0x00,0x00,0x00,
    0x00,0x00,0x00,0x00,0x00,0x00,0x00,0x20,0x80,0xc0,0x80,0x88,0x00,0x00,0x00,0x00,0x04,0x00,0x00,0x00,0x00,0x88,0x80,0x80,0x80,0x20,0x00,0x00,0x00,0x00,0x00,0x00,
    0x00,0x00,0x20,0x01,0x00,0x00,0x01,0x06,0x8c,0xa8,0x89,0x8f,0x89,0x20,0x73,0x26,0x06,0x63,0x51,0xd4,0x98,0x98,0xd0,0x70,0x20,0x00,0x84,0x00,0x00,0x00,0x00,0x00,
    0x00,0x00,0x00,0x00,0x02,0x10,0x00,0x00,0x00,0x00,0x00,0x00,0x00,0x00,0xe0,0x30,0x0c,0x06,0x03,0x01,0x00,0x00,0x00,0x80,0xc0,0x30,0x0f,0x01,0x00,0x40,0xbf,0x00,
    0x00,0x01,0x03,0x06,0x0c,0x38,0xc0,0x01,0x03,0x22,0x02,0x04,0x04,0x04,0x04,0x04,0x04,0x04,0x02,0x02,0x02,0x03,0x81,0x08,0x00,0x00,0x00,0x00,0x00,0x00,0x00,0x00,
    0x00,0x00,0x10,0x00,0x01,0x00,0x00,0x00,0x03,0x9e,0x10,0x21,0x21,0x47,0x7c,0x00,0x04,0x00,0x7c,0x46,0x61,0x21,0x30,0x9c,0x07,0x00,0x00,0x00,0x01,0x00,0x10,0x00,
    0x00,0x00,0x00,0x04,0x00,0x00,0x4e,0x0b,0x08,0x0c,0x06,0x03,0x04,0x00,0x1e,0x31,0x43,0xee,0x39,0x00,0x80,0x00,0x00,0x00,0x10,0x00,0x00,0x00,0x00,0x00,0x00,0x00,
    0x00,0x00,0x00,0x00,0x00,0x00,0x00,0x01,0x00,0x08,0x00,0x00,0x40,0x1f,0x10,0x08,0x08,0x08,0x0c,0x04,0x06,0x02,0x01,0x01,0x00,0x00,0x02,0x00,0x00,0x00,0x07,0x18,
    0x20,0xc0,0x80,0x00,0x00,0x00,0xfb,0x04,0x00,0x00,0x00,0x00,0x00,0x00,0x00,0x00,0x00,0x20,0x00,0x04,0x00,0x00,0x00,0x00,0x00,0x00,0x00,0x00,0x00,0x00,0x00,0x00,
    0x00,0x02,0x40,0x00,0x30,0x38,0x4c,0x46,0x42,0x62,0x22,0x1e,0x8c,0x04,0x80,0xe2,0x27,0xe2,0x80,0x04,0x9c,0x34,0x22,0x62,0x42,0x44,0x4c,0x78,0x30,0x00,0x40,0x02
  },
  { // 67
    0x00,0x00,0x00,0x00,0x20,0x70,0x20,0x00,0x00,0x00,0x00,0x00,0x00,0x00,0x00,0x00,0x00,0x00,0x00,0x00,0x04,0x00,0x00,0x00,0x00,0x00,0x00,0x00,0x00,0x00,0x00,0x00,
    0x00,0x00,0x00,0x00,0x20,0x02,0x10,0x28,0x68,0x88,0x8c,0x04,0x04,0x04,0x04,0x04,0x04,0x04,0x08,0x08,0x18,0x10,0x20,0x61,0xc7,0x8c,0x18,0x30,0x60,0x60,0x1e,0x01,
    0x00,0xf0,0x9c,0x83,0x40,0x40,0x40,0x20,0x20,0x10,0x18,0x08,0x04,0x43,0x00,0x00,0x00,0x00,0x00,0x00,0x00,0x00,0x00,0x00,0x08,0x80,0x00,0x00,0x00,0x00,0x00,0x00,
    0x00,0x00,0x00,0x00,0x00,0x00,0x00,0x10,0x38,0x10,0x00,0x00,0x00,0x00,0x00,0x00,0x00,0x00,0x00,0x00,0x00,0x00,0x00,0x00,0x00,0x00,0x00,0x04,0x0e,0x04,0x00,0x00,
    0x00,0x00,0x00,0x00,0x00,0x00,0x90,0x80,0x80,0x80,0x04,0x00,0x00,0x00,0xc0,0x62,0x30,0x10,0xe0,0x00,0x08,0x00,0x00,0x00,0x40,0x00,0x00,0x00,0x00,0x00,0x00,0x00,
    0x00,0x00,0x00,0x22,0x00,0x00,0x00,0x00,0x00,0x00,0x01,0x03,0x02,0x04,0x04,0x4c,0x08,0x08,0x08,0x08,0x88,0x8c,0x44,0x44,0x44,0x23,0x23,0xe0,0x00,0x04,0x0e,0xc4,
    0xc0,0x80,0x18,0x38,0x64,0xc4,0x84,0x06,0x02,0x02,0x02,0x02,0x02,0x06,0x04,0x04,0x08,0x18,0x30,0x20,0xc0,0x80,0x00,0x00,0x80,0x08,0x00,0x00,0x00,0x00,0x00,0x00,
    0x00,0x00,0x00,0x00,0x00,0x00,0x00,0x20,0x80,0x80,0x80,0x88,0x00,0x00,0x00,0x00,0x04,0x00,0x00,0x00,0x00,0x88,0x80,0xc0,0x80,0x20,0x00,0x00,0x00,0x00,0x00,0x00,
    0x00,0x00,0x20,0x01,0x00,0x00,0x03,0x06,0x8c,0xa9,0x89,0x8e,0x89,0x20,0x73,0x26,0x06,0x23,0x55,0xd8,0x88,0x88,0xd0,0x70,0x20,0x00,0x84,0x00,0x00,0x00,0x00,0x00,
    0x00,0x00,0x00,0x00,0x02,0x20,0x00,0x00,0x00,0x00,0x00,0x00,0x00,0x00,0xe0,0x38,0x04,0x02,0x03,0x01,0x00,0x00,0x00,0x80,0xe0,0x38,0x07,0x01,0x00,0xf0,0x0f,0x00,
    0x00,0x01,0x03,0x06,0x1c,0x30,0xc0,0x01,0x03,0x22,0x02,0x04,0x04,0x04,0x04,0x04,0x04,0x04,0x06,0x02,0x02,0x02,0x81,0x08,0x00,0x00,0x00,0x00,0x00,0x00,0x00,0x00,
    0x00,0x00,0x10,0x00,0x01,0x00,0x00,0x00,0x07,0x9c,0x30,0x21,0x61,0x46,0x7c,0x00,0x04,0x00,0x7c,0x47,0x21,0x21,0x10,0x9e,0x03,0x00,0x00,0x00,0x01,0x00,0x10,0x00,
    0x00,0x00,0x00,0x04,0x00,0x00,0x4e,0x0b,0x09,0x0c,0x04,0x03,0x04,0x00,0x1e,0x33,0x63,0x66,0x3d,0x00,0x80,0x00,0x00,0x00,0x10,0x00,0x00,0x00,0x00,0x00,0x00,0x00,
    0x00,0x00,0x00,0x00,0x00,0x00,0x00,0x01,0x00,0x08,0x00,0x00,0x50,0x1f,0x08,0x08,0x08,0x08,0x04,0x04,0x06,0x02,0x01,0x00,0x00,0x00,0x02,0x00,0x00,0x00,0x0f,0x30,
    0x60,0xc0,0x80,0x00,0x00,0x00,0xff,0x00,0x00,0x00,0x00,0x00,0x00,0x00,0x00,0x00,0x00,0x20,0x00,0x00,0x04,0x00,0x00,0x00,0x00,0x00,0x00,0x00,0x00,0x00,0x00,0x00,
    0x00,0x02,0x40,0x00,0x30,0x78,0x4c,0x44,0x42,0x62,0x22,0x34,0x9c,0x04,0x80,0xe2,0x27,0xe2,0x80,0x04,0x8c,0x1e,0x22,0x62,0x42,0x46,0x4c,0x38,0x30,0x00,0x40,0x02
  },
  { // 68
    0x00,0x00,0x00,0x00,0x20,0x70,0x20,0x00,0x00,0x00,0x00,0x00,0x00,0x00,0x00,0x00,0x00,0x00,0x00,0x00,0x04,0x00,0x00,0x00,0x00,0x00,0x00,0x00,0x00,0x00,0x00,0x00,
    0x00,0x00,0x00,0x20,0x02,0x00,0x18,0x38,0x68,0xc4,0x84,0x04,0x04,0x04,0x04,0x04,0x04,0x04,0x04,0x08,0x18,0x10,0x30,0x61,0xc3,0x8c,0x18,0x30,0x60,0x60,0x1e,0x03,
    0x00,0xe0,0x9c,0x83,0xc0,0x40,0x40,0x20,0x20,0x30,0x10,0x18,0x04,0x43,0x01,0x00,0x00,0x00,0x00,0x00,0x00,0x00,0x00,0x00,0x08,0x80,0x00,0x00,0x00,0x00,0x00,0x00,
    0x00,0x00,0x00,0x00,0x00,0x00,0x00,0x10,0x38,0x10,0x00,0x00,0x00,0x00,0x00,0x00,0x00,0x00,0x00,0x00,0x00,0x00,0x00,0x00,0x00,0x00,0x00,0x00,0x04,0x00,0x00,0x00,
    0x00,0x00,0x00,0x00,0x00,0x00,0x90,0x80,0x80,0x80,0x04,0x00,0x00,0x00,0xc0,0x62,0x30,0x30,0xe0,0x00,0x08,0x00,0x00,0x00,0x40,0x00,0x00,0x00,0x00,0x00,0x00,0x00,
    0x00,0x00,0x00,0x22,0x00,0x00,0x00,0x00,0x00,0x00,0x01,0x03,0x02,0x04,0x04,0x44,0x04,0x08,0x08,0x88,0x88,0x84,0x44,0x44,0x64,0x23,0x23,0xe0,0x00,0x04,0x0e,0xc4,
    0xc0,0x80,0x18,0x38,0x64,0xc4,0x84,0x04,0x02,0x02,0x02,0x02,0x04,0x04,0x04,0x04,0x08,0x18,0x30,0x60,0xc0,0x80,0x00,0x00,0x00,0x88,0x00,0x00,0x00,0x00,0x00,0x00,
    0x00,0x00,0x00,0x00,0x00,0x00,0x00,0x20,0x80,0x80,0x80,0x80,0x08,0x00,0x00,0x00,0x04,0x00,0x00,0x00,0x00,0x88,0x80,0xc0,0x00,0x20,0x00,0x00,0x00,0x00,0x00,0x00,
    0x00,0x00,0x20,0x01,0x00,0x00,0x03,0x06,0x8c,0xa9,0x89,0x8e,0x89,0x20,0x73,0x26,0x06,0x23,0x55,0xd8,0x88,0x88,0x58,0x70,0x20,0x00,0x08,0x00,0x00,0x00,0x00,0x00,
    0x00,0x00,0x00,0x00,0x02,0x20,0x00,0x00,0x00,0x00,0x00,0x00,0x00,0x80,0x70,0x18,0x04,0x03,0x01,0x01,0x00,0x00,0x00,0xc0,0x60,0x18,0x07,0x00,0x00,0xf8,0x0f,0x00,
    0x00,0x01,0x03,0x06,0x18,0x70,0x81,0x01,0x03,0x22,0x04,0x04,0x04,0x04,0x04,0x04,0x04,0x04,0x04,0x04,0x02,0x03,0x43,0x00,0x08,0x00,0x00,0x00,0x00,0x00,0x00,0x00,
    0x00,0x00,0x10,0x00,0x01,0x00,0x00,0x00,0x07,0x9c,0x30,0x21,0x63,0x46,0x78,0x00,0x04,0x00,0x7c,0x47,0x21,0x21,0x10,0x8f,0x00,0x00,0x00,0x00,0x01,0x00,0x20,0x00,
    0x00,0x00,0x00,0x04,0x00,0x00,0x4e,0x0b,0x09,0x0c,0x04,0x03,0x04,0x00,0x1e,0x33,0x63,0x46,0x3d,0x00,0x80,0x00,0x00,0x00,0x10,0x00,0x01,0x00,0x00,0x00,0x00,0x00,
    0x00,0x00,0x00,0x00,0x00,0x00,0x00,0x01,0x00,0x00,0x10,0x00,0x18,0x8f,0x08,0x08,0x08,0x04,0x04,0x06,0x02,0x02,0x01,0x00,0x00,0x00,0x02,0x00,0x00,0x03,0x0e,0x30,
    0x60,0xc0,0x00,0x00,0x00,0xc0,0x7f,0x00,0x00,0x00,0x00,0x00,0x00,0x00,0x00,0x00,0x00,0x20,0x00,0x00,0x04,0x00,0x00,0x00,0x00,0x00,0x00,0x00,0x00,0x00,0x00,0x00,
    0x00,0x02,0x20,0x00,0x30,0x58,0x4c,0x44,0x46,0x42,0x66,0x34,0x9c,0x04,0x80,0xe2,0x27,0xe2,0x80,0x04,0x8c,0x1e,0x22,0x62,0x42,0x46,0x64,0x28,0x30,0x00,0x40,0x02
  },
  { // 69
    0x00,0x00,0x00,0x00,0x20,0x70,0x20,0x00,0x00,0x00,0x00,0x00,0x00,0x00,0x00,0x00,0x00,0x00,0x00,0x00,0x04,0x00,0x00,0x00,0x00,0x00,0x00,0x00,0x00,0x00,0x00,0x00,
    0x00,0x00,0x00,0x20,0x04,0x00,0x08,0x18,0x2c,0xc4,0x84,0x04,0x04,0x04,0x02,0x04,0x04,0x04,0x04,0x08,0x08,0x18,0x30,0x61,0xc3,0x86,0x18,0x30,0x60,0x60,0x3e,0x03,
    0x00,0xe0,0x9c,0x83,0xc0,0x40,0x40,0x40,0x20,0x20,0x10,0x18,0x0c,0x43,0x01,0x00,0x00,0x00,0x00,0x00,0x00,0x00,0x00,0x00,0x08,0x80,0x00,0x00,0x00,0x00,0x00,0x00,
    0x00,0x00,0x00,0x00,0x00,0x00,0x00,0x10,0x38,0x10,0x00,0x00,0x00,0x00,0x00,0x00,0x00,0x00,0x00,0x00,0x00,0x00,0x00,0x00,0x00,0x00,0x00,0x00,0x04,0x00,0x00,0x00,
    0x00,0x00,0x00,0x00,0x00,0x00,0x90,0x80,0x80,0x80,0x00,0x04,0x00,0x00,0xc0,0x60,0x12,0xb8,0xe0,0x00,0x08,0x00,0x00,0x00,0x40,0x00,0x00,0x00,0x00,0x00,0x00,0x00,
    0x00,0x00,0x00,0x22,0x00,0x00,0x00,0x00,0x00,0x00,0x00,0x01,0x02,0x02,0x04,0x44,0x04,0x04,0x08,0x84,0x84,0x44,0x44,0x44,0x64,0x23,0x23,0xe0,0x00,0x04,0x8e,0xc4,
    0xc0,0x80,0x18,0x38,0x64,0xc4,0x84,0x04,0x04,0x04,0x02,0x04,0x04,0x04,0x04,0x08,0x08,0x10,0x20,0x60,0x80,0x00,0x00,0x00,0x00,0x88,0x00,0x00,0x00,0x00,0x00,0x00,
    0x00,0x00,0x00,0x00,0x00,0x00,0x00,0x00,0xa0,0x80,0x80,0x00,0x08,0x00,0x00,0x00,0x00,0x04,0x00,0x00,0x80,0x88,0x80,0xc0,0x00,0x20,0x00,0x00,0x00,0x00,0x00,0x00,
    0x00,0x00,0x20,0x01,0x00,0x00,0x03,0x06,0x88,0xa9,0x8b,0x8e,0x89,0x20,0x73,0x24,0x06,0x33,0x54,0x58,0xc8,0xc8,0x58,0x70,0x20,0x00,0x08,0x00,0x00,0x00,0x00,0x00,
    0x00,0x00,0x00,0x00,0x02,0x20,0x00,0x00,0x00,0x00,0x00,0x00,0x00,0xc0,0x70,0x18,0x06,0x03,0x01,0x00,0x00,0x00,0x80,0xc0,0x60,0x18,0x07,0x00,0x00,0xf8,0x0f,0x00,
    0x00,0x01,0x03,0x0c,0x18,0x70,0x81,0x03,0x02,0x22,0x04,0x04,0x04,0x04,0x08,0x04,0x04,0x04,0x04,0x04,0x06,0x03,0x42,0x00,0x04,0x00,0x00,0x00,0x00,0x00,0x00,0x00,
    0x00,0x00,0x10,0x00,0x01,0x00,0x00,0x00,0x07,0x98,0x31,0x21,0x43,0x4e,0x78,0x00,0x04,0x00,0x7c,0x43,0x21,0x30,0x18,0x8f,0x00,0x00,0x00,0x00,0x02,0x00,0x20,0x00,
    0x00,0x00,0x00,0x04,0x00,0x00,0x4c,0x0b,0x09,0x08,0x04,0x07,0x04,0x00,0x0e,0x33,0x63,0x46,0x7c,0x01,0x00,0x00,0x00,0x00,0x10,0x00,0x01,0x00,0x00,0x00,0x00,0x00,
    0x10,0x00,0x00,0x00,0x00,0x00,0x00,0x02,0x00,0x00,0x10,0x00,0x0c,0x8b,0x08,0x08,0x08,0x04,0x04,0x06,0x02,0x01,0x01,0x00,0x00,0x00,0x02,0x00,0x00,0x03,0x1c,0x30,
    0x40,0x80,0x00,0x00,0x00,0xc0,0x3f,0x00,0x00,0x00,0x00,0x00,0x00,0x00,0x80,0x00,0x00,0x20,0x00,0x00,0x04,0x00,0x00,0x00,0x00,0x00,0x00,0x00,0x00,0x00,0x00,0x00,
    0x00,0x01,0x20,0x00,0x70,0x58,0x4c,0x44,0x44,0x44,0x64,0x34,0x9c,0x04,0x00,0xc2,0x67,0x62,0x80,0x04,0x8c,0x1e,0x32,0x22,0x42,0x46,0x24,0x2c,0x38,0x00,0x40,0x04
  },
  { // 70
    0x00,0x00,0x00,0x00,0x20,0x70,0x20,0x00,0x00,0x00,0x00,0x00,0x00,0x00,0x00,0x00,0x00,0x00,0x00,0x00,0x04,0x00,0x00,0x00,0x00,0x00,0x00,0x00,0x00,0x00,0x00,0x00,
    0x00,0x00,0x00,0x40,0x04,0x00,0x08,0x18,0x24,0x44,0x84,0x04,0x02,0x02,0x02,0x02,0x02,0x04,0x04,0x0c,0x08,0x18,0x30,0x60,0xc3,0x86,0x0c,0x30,0x20,0x60,0x3c,0x03,
    0x00,0xe0,0x9c,0x87,0x80,0x40,0x40,0x40,0x20,0x20,0x30,0x18,0x0c,0x46,0x01,0x00,0x00,0x00,0x00,0x00,0x00,0x00,0x00,0x00,0x04,0x40,0x00,0x00,0x00,0x00,0x00,0x00,
    0x00,0x00,0x00,0x00,0x00,0x00,0x00,0x10,0x38,0x10,0x00,0x00,0x00,0x00,0x00,0x00,0x00,0x00,0x00,0x00,0x00,0x00,0x00,0x00,0x00,0x00,0x00,0x00,0x04,0x00,0x00,0x00,
    0x00,0x00,0x00,0x00,0x00,0x00,0x90,0x80,0x80,0x00,0x00,0x02,0x00,0x00,0xc0,0x70,0x12,0xf8,0xc0,0x00,0x08,0x00,0x00,0x00,0x40,0x00,0x00,0x00,0x00,0x00,0x00,0x00,
    0x00,0x00,0x00,0x44,0x00,0x00,0x00,0x00,0x00,0x00,0x00,0x01,0x03,0x02,0x06,0x44,0x04,0x04,0x84,0x84,0x84,0x44,0x44,0x44,0x22,0x23,0x23,0xe0,0x00,0x04,0x8e,0xc4,
    0x80,0x80,0x18,0x38,0x68,0xc4,0x84,0x04,0x04,0x04,0x04,0x04,0x04,0x04,0x0c,0x08,0x18,0x10,0x20,0x40,0x80,0x00,0x00,0x00,0x00,0x44,0x00,0x00,0x00,0x00,0x00,0x00,
    0x00,0x00,0x00,0x00,0x00,0x00,0x00,0x00,0x90,0x80,0x80,0x00,0x08,0x00,0x00,0x00,0x00,0x04,0x00,0x00,0x80,0x88,0xc0,0xc0,0x00,0x20,0x00,0x00,0x00,0x00,0x00,0x00,
    0x00,0x00,0x20,0x01,0x00,0x00,0x03,0x0e,0x88,0xa9,0x8b,0x8e,0x89,0x20,0x77,0x24,0x06,0x33,0x74,0x58,0x48,0x48,0x58,0x70,0x30,0x00,0x08,0x00,0x00,0x00,0x00,0x00,
    0x00,0x00,0x00,0x00,0x04,0x00,0x40,0x00,0x00,0x00,0x00,0x00,0x00,0xc0,0x30,0x0c,0x06,0x03,0x01,0x00,0x00,0x00,0x80,0xc0,0x20,0x1c,0x07,0x00,0x00,0xf8,0x07,0x00,
    0x00,0x01,0x06,0x0c,0x18,0xe0,0x81,0x03,0x02,0x26,0x04,0x04,0x08,0x08,0x08,0x08,0x08,0x04,0x04,0x04,0x04,0x03,0x42,0x00,0x04,0x00,0x00,0x00,0x00,0x00,0x00,0x00,
    0x00,0x00,0x10,0x00,0x01,0x00,0x00,0x00,0x0f,0x98,0x31,0x21,0x43,0x4e,0x70,0x00,0x04,0x00,0x7e,0x63,0x21,0x30,0x18,0x4f,0x00,0x00,0x00,0x00,0x00,0x02,0x20,0x00,
    0x00,0x00,0x00,0x02,0x00,0x00,0x4c,0x0f,0x09,0x08,0x0c,0x07,0x04,0x00,0x0e,0x3b,0x63,0x46,0x7c,0x01,0x00,0x00,0x00,0x10,0x00,0x00,0x01,0x00,0x00,0x00,0x00,0x00,
    0x10,0x00,0x00,0x00,0x00,0x00,0x00,0x00,0x02,0x00,0x10,0x00,0x0e,0x89,0x08,0x08,0x04,0x04,0x04,0x02,0x02,0x01,0x01,0x00,0x00,0x00,0x02,0x00,0x00,0x07,0x1c,0x20,
    0x40,0x80,0x00,0x00,0x00,0xe0,0x1f,0x00,0x00,0x00,0x00,0x00,0x00,0x00,0x00,0x80,0x00,0x00,0x20,0x00,0x02,0x00,0x00,0x00,0x00,0x00,0x00,0x00,0x00,0x00,0x00,0x00,
    0x00,0x01,0x20,0x00,0x60,0x58,0x4c,0x44,0x44,0x44,0x64,0x34,0x9c,0x04,0x00,0xc2,0x67,0x62,0x80,0x00,0x8c,0x1a,0x32,0x22,0x22,0x22,0x24,0x2c,0x38,0x00,0x40,0x04
  },
  { // 71
    0x00,0x00,0x00,0x00,0x20,0x70,0x20,0x00,0x00,0x00,0x00,0x00,0x00,0x00,0x00,0x00,0x00,0x00,0x00,0x00,0x00,0x00,0x00,0x00,0x00,0x00,0x00,0x00,0x00,0x00,0x00,0x00,
    0x00,0x00,0x00,0x40,0x04,0x00,0x0c,0x1c,0x34,0x44,0x84,0x82,0x02,0x02,0x02,0x02,0x02,0x06,0x04,0x04,0x08,0x18,0x30,0x60,0xc3,0x86,0x0c,0x18,0x20,0x60,0x38,0x07,
    0x00,0xc0,0xbc,0x87,0x81,0xc0,0x40,0x40,0x40,0x20,0x30,0x10,0x08,0x86,0x03,0x00,0x00,0x00,0x00,0x00,0x00,0x00,0x00,0x00,0x04,0x40,0x00,0x00,0x00,0x00,0x00,0x00,
    0x00,0x00,0x00,0x00,0x00,0x00,0x00,0x10,0x38,0x10,0x00,0x00,0x00,0x00,0x00,0x00,0x00,0x00,0x00,0x00,0x00,0x00,0x00,0x00,0x00,0x00,0x00,0x00,0x04,0x00,0x00,0x00,
    0x00,0x00,0x00,0x00,0x00,0x00,0x90,0x80,0x80,0x00,0x00,0x02,0x00,0x00,0xc0,0x30,0x12,0xf8,0x00,0x00,0x00,0x08,0x00,0x00,0x40,0x00,0x00,0x00,0x00,0x00,0x00,0x00,
    0x00,0x00,0x00,0x44,0x00,0x00,0x00,0x00,0x00,0x00,0x00,0x01,0x03,0x02,0x02,0x24,0x04,0x04,0x84,0x84,0x44,0x44,0x44,0x64,0x22,0x23,0xa3,0x60,0x00,0x04,0x8e,0xc4,
    0x80,0x00,0x18,0x38,0x68,0xc4,0x84,0x04,0x04,0x04,0x04,0x04,0x04,0x04,0x08,0x08,0x18,0x30,0x20,0x40,0x80,0x00,0x00,0x00,0x00,0x44,0x00,0x00,0x00,0x00,0x00,0x00,
    0x00,0x00,0x00,0x00,0x80,0x00,0x00,0x00,0x90,0x80,0x00,0x00,0x04,0x00,0x00,0x00,0x00,0x04,0x00,0x00,0x80,0x80,0xc8,0xc0,0x00,0x00,0x20,0x00,0x00,0x00,0x00,0x00,
    0x00,0x00,0x10,0x01,0x00,0x00,0x07,0x0c,0x89,0xa9,0x9b,0x9e,0x89,0x20,0x77,0x24,0x06,0x33,0x74,0x48,0x48,0x48,0x58,0x70,0x30,0x00,0x08,0x00,0x00,0x00,0x00,0x00,
    0x00,0x00,0x00,0x00,0x04,0x00,0x40,0x00,0x00,0x00,0x00,0x00,0x00,0xe0,0x38,0x0c,0x02,0x01,0x01,0x00,0x00,0x00,0x80,0xc0,0x30,0x1c,0x07,0x00,0x00,0xfc,0x03,0x00,
    0x00,0x03,0x06,0x0c,0x18,0xe0,0x01,0x03,0x02,0x24,0x04,0x0c,0x08,0x08,0x08,0x08,0x08,0x08,0x04,0x04,0x05,0x07,0x46,0x00,0x04,0x00,0x00,0x00,0x00,0x00,0x00,0x00,
    0x00,0x00,0x08,0x00,0x00,0x00,0x00,0x00,0x0f,0x98,0x21,0x61,0x42,0x5e,0x70,0x00,0x04,0x00,0x7e,0x63,0x21,0x30,0x18,0x4f,0x00,0x00,0x00,0x00,0x00,0x02,0x00,0x20,
    0x00,0x00,0x00,0x02,0x00,0x00,0x4c,0x0f,0x09,0x08,0x0c,0x07,0x01,0x04,0x0c,0x3f,0x63,0x46,0x7c,0x01,0x00,0x00,0x00,0x20,0x00,0x00,0x01,0x00,0x00,0x00,0x00,0x00,
    0x10,0x00,0x00,0x00,0x00,0x00,0x00,0x00,0x02,0x00,0x10,0x00,0x0f,0x88,0x04,0x04,0x04,0x04,0x06,0x02,0x02,0x01,0x00,0x00,0x00,0x02,0x00,0x00,0x00,0x07,0x18,0x60,
    0xc0,0x00,0x00,0x00,0x00,0xf9,0x0e,0x00,0x00,0x00,0x00,0x00,0x00,0x00,0x00,0x80,0x00,0x00,0x10,0x00,0x02,0x00,0x00,0x00,0x00,0x00,0x00,0x00,0x00,0x00,0x00,0x00,
    0x00,0x21,0x00,0x00,0x60,0x70,0x48,0x44,0x44,0x44,0x64,0x34,0x9c,0x04,0x00,0xc2,0x67,0x62,0xc0,0x00,0x0c,0x9a,0x32,0x22,0x22,0x22,0x26,0x2c,0x38,0x10,0x80,0x04
  },
  { // 72
    0x00,0x00,0x00,0x00,0x20,0x70,0x20,0x00,0x00,0x00,0x00,0x00,0x00,0x00,0x00,0x00,0x00,0x00,0x00,0x00,0x00,0x00,0x00,0x00,0x00,0x00,0x00,0x00,0x00,0x00,0x00,0x00,
    0x00,0x00,0x00,0x40,0x04,0x00,0x04,0x1c,0x34,0x64,0xc2,0x82,0x02,0x02,0x02,0x02,0x02,0x02,0x04,0x04,0x0c,0x18,0x10,0x20,0x43,0x86,0x0c,0x18,0x30,0x60,0x38,0x07,
    0x00,0xc0,0xb8,0x86,0x81,0xc0,0x40,0x40,0x40,0x20,0x30,0x10,0x08,0x86,0x03,0x00,0x00,0x00,0x00,0x00,0x00,0x00,0x00,0x00,0x04,0x40,0x00,0x00,0x00,0x00,0x00,0x00,
    0x00,0x00,0x00,0x00,0x00,0x00,0x00,0x10,0x38,0x10,0x00,0x00,0x00,0x00,0x00,0x00,0x00,0x00,0x00,0x00,0x00,0x00,0x00,0x00,0x00,0x00,0x00,0x00,0x04,0x00,0x00,0x00,
    0x00,0x00,0x00,0x80,0x00,0x00,0x00,0x10,0x00,0x00,0x00,0x02,0x00,0x00,0xe0,0x30,0x1a,0xf8,0x00,0x00,0x00,0x08,0x00,0x00,0x80,0x00,0x00,0x00,0x00,0x00,0x00,0x00,
    0x00,0x00,0x00,0x44,0x00,0x00,0x00,0x00,0x00,0x00,0x00,0x01,0x01,0x02,0x02,0x26,0x04,0x04,0x84,0x84,0x44,0x44,0x44,0x66,0x22,0x23,0xa3,0x60,0x00,0x04,0x8e,0xc4,
    0x80,0x00,0x18,0x38,0x48,0x8c,0x04,0x04,0x04,0x04,0x04,0x04,0x04,0x0c,0x08,0x08,0x10,0x30,0x60,0xc0,0x80,0x00,0x00,0x00,0x00,0x44,0x00,0x00,0x00,0x00,0x00,0x00,
    0x00,0x00,0x00,0x00,0x00,0x80,0x00,0x00,0x90,0x80,0x00,0x00,0x04,0x00,0x00,0x00,0x00,0x04,0x00,0x00,0x80,0x80,0x48,0xc0,0x00,0x00,0x40,0x00,0x00,0x00,0x00,0x00,
    0x00,0x00,0x10,0x00,0x00,0x00,0x07,0x0d,0x89,0xb9,0x93,0x9e,0x89,0x20,0x77,0x24,0x06,0x33,0x72,0x48,0x48,0x48,0x48,0x30,0x30,0x00,0x08,0x00,0x00,0x00,0x00,0x00,
    0x00,0x00,0x00,0x00,0x04,0x00,0x40,0x00,0x00,0x00,0x00,0x00,0x00,0xe0,0x18,0x0c,0x02,0x01,0x01,0x00,0x00,0x80,0x80,0x40,0x30,0x0c,0x03,0x00,0x00,0xfc,0x03,0x00,
    0x01,0x03,0x06,0x0c,0x38,0xc0,0x01,0x03,0x46,0x04,0x04,0x08,0x08,0x08,0x08,0x08,0x08,0x08,0x08,0x04,0x05,0x07,0x24,0x00,0x04,0x00,0x00,0x00,0x00,0x00,0x00,0x00,
    0x00,0x00,0x08,0x00,0x00,0x00,0x00,0x00,0x0f,0xb1,0x21,0x61,0x42,0x7c,0x60,0x04,0x00,0x00,0x7e,0x63,0x20,0x30,0x18,0x47,0x00,0x00,0x00,0x00,0x00,0x02,0x00,0x20,
    0x00,0x00,0x00,0x02,0x00,0x20,0x08,0x0f,0x09,0x08,0x0c,0x07,0x01,0x04,0x00,0x3f,0x61,0x42,0x7c,0x01,0x00,0x00,0x00,0x20,0x00,0x00,0x01,0x00,0x00,0x00,0x00,0x00,
    0x10,0x00,0x00,0x00,0x00,0x00,0x00,0x00,0x04,0x00,0x20,0x04,0x0f,0x84,0x04,0x04,0x04,0x06,0x02,0x02,0x01,0x01,0x00,0x00,0x00,0x02,0x00,0x00,0x00,0x0f,0x30,0x60,
    0xc0,0x00,0x00,0x00,0x80,0xff,0x00,0x00,0x00,0x00,0x00,0x00,0x00,0x00,0x00,0x80,0x00,0x00,0x10,0x00,0x00,0x02,0x00,0x00,0x00,0x00,0x00,0x00,0x20,0x00,0x00,0x00,
    0x00,0x21,0x00,0x00,0x60,0x70,0x58,0x8c,0xc4,0x44,0x44,0x34,0x9c,0x04,0x00,0xc2,0x67,0x62,0xc0,0x00,0x0c,0x5a,0x32,0x22,0x22,0x22,0x26,0x2c,0x18,0x10,0x80,0x04
  },
  { // 73
    0x00,0x00,0x00,0x00,0x20,0x70,0x20,0x00,0x00,0x00,0x00,0x00,0x00,0x00,0x00,0x00,0x00,0x00,0x00,0x00,0x00,0x00,0x00,0x00,0x00,0x00,0x00,0x00,0x00,0x00,0x00,0x00,
    0x00,0x00,0x00,0x80,0x08,0x00,0x04,0x0c,0x14,0x62,0xc2,0x82,0x02,0x02,0x02,0x02,0x02,0x02,0x02,0x04,0x0c,0x08,0x10,0x20,0x41,0x86,0x0c,0x18,0x30,0x60,0x38,0x07,
    0x00,0xc0,0xb8,0x86,0x81,0x80,0x40,0x40,0x40,0x60,0x20,0x10,0x08,0x8c,0x07,0x01,0x00,0x00,0x00,0x00,0x00,0x00,0x00,0x00,0x02,0x20,0x00,0x00,0x00,0x00,0x00,0x00,
    0x00,0x00,0x00,0x00,0x00,0x00,0x00,0x10,0x38,0x10,0x00,0x00,0x00,0x00,0x00,0x00,0x00,0x00,0x00,0x00,0x00,0x00,0x00,0x00,0x00,0x00,0x00,0x00,0x04,0x00,0x00,0x00,
    0x00,0x00,0x00,0x80,0x00,0x00,0x00,0x08,0x00,0x00,0x00,0x02,0x00,0x00,0xe0,0x30,0x1a,0xf0,0x00,0x00,0x00,0x08,0x00,0x00,0x80,0x00,0x00,0x00,0x00,0x00,0x00,0x00,
    0x00,0x00,0x00,0x88,0x00,0x00,0x00,0x00,0x00,0x00,0x00,0x00,0x01,0x02,0x02,0x26,0x04,0x04,0x84,0xc4,0x44,0x44,0x44,0x26,0x22,0x23,0xa3,0x60,0x00,0x04,0x8e,0xc4,
    0x80,0x00,0x18,0x38,0x48,0x8c,0x04,0x04,0x04,0x04,0x04,0x04,0x04,0x0c,0x08,0x08,0x10,0x20,0x60,0xc0,0x00,0x00,0x00,0x00,0x00,0x22,0x00,0x00,0x00,0x00,0x00,0x00,
    0x00,0x00,0x00,0x00,0x00,0x80,0x00,0x80,0x90,0x80,0x00,0x00,0x00,0x04,0x00,0x00,0x00,0x04,0x00,0x00,0x80,0xc0,0x48,0xc0,0x00,0x00,0x40,0x00,0x00,0x00,0x00,0x00,
    0x00,0x00,0x10,0x00,0x00,0x00,0x07,0x0d,0x09,0xb9,0x93,0x9e,0x99,0x20,0x77,0x24,0x02,0x33,0x7a,0x48,0x48,0x48,0x68,0x38,0x10,0x00,0x08,0x00,0x00,0x00,0x00,0x00,
    0x00,0x00,0x00,0x00,0x08,0x00,0x40,0x00,0x00,0x00,0x00,0x00,0x80,0x70,0x1c,0x06,0x02,0x01,0x00,0x00,0x00,0x80,0xc0,0x60,0x30,0x0c,0x03,0x00,0x80,0x7c,0x03,0x00,
    0x01,0x03,0x06,0x0c,0x30,0xc0,0x01,0x02,0x46,0x04,0x08,0x08,0x08,0x08,0x08,0x08,0x08,0x08,0x08,0x08,0x05,0x06,0x04,0x20,0x02,0x00,0x00,0x00,0x00,0x00,0x00,0x00,
    0x00,0x00,0x08,0x00,0x00,0x00,0x00,0x01,0x1f,0xb1,0x21,0x63,0x46,0x7c,0x60,0x04,0x00,0x00,0x7e,0x61,0x20,0x30,0x1c,0x47,0x00,0x00,0x00,0x00,0x00,0x02,0x00,0x40,
    0x00,0x00,0x00,0x02,0x00,0x20,0x08,0x0e,0x09,0x08,0x0c,0x07,0x01,0x04,0x00,0x1f,0x21,0x62,0x7c,0x01,0x00,0x00,0x00,0x20,0x00,0x00,0x01,0x00,0x00,0x00,0x00,0x00,
    0x10,0x00,0x00,0x00,0x00,0x00,0x00,0x00,0x04,0x00,0x00,0x24,0x07,0x04,0x04,0x04,0x06,0x02,0x02,0x02,0x01,0x01,0x00,0x00,0x00,0x02,0x00,0x00,0x00,0x0f,0x30,0xe0,
    0x80,0x00,0x00,0x00,0xc0,0x3f,0x00,0x00,0x00,0x00,0x00,0x00,0x00,0x00,0x00,0x80,0x00,0x00,0x10,0x00,0x00,0x02,0x00,0x00,0x00,0x00,0x00,0x00,0x20,0x00,0x00,0x00,
    0x00,0x11,0x00,0x00,0x60,0x70,0xd8,0x8c,0x84,0xc4,0x44,0x34,0x9c,0x04,0x00,0xc2,0x67,0x62,0xc0,0x00,0x0c,0x5a,0x32,0x22,0x22,0x22,0x26,0x3c,0x18,0x10,0x80,0x04
  },
  { // 74
    0x00,0x00,0x00,0x00,0x20,0x70,0x20,0x00,0x00,0x00,0x00,0x00,0x00,0x00,0x00,0x00,0x00,0x00,0x00,0x00,0x00,0x00,0x00,0x00,0x00,0x00,0x00,0x00,0x00,0x00,0x00,0x00,
    0x00,0x00,0x00,0x80,0x08,0x00,0x00,0x0e,0x12,0x22,0x42,0x82,0x02,0x02,0x02,0x02,0x02,0x02,0x02,0x04,0x0c,0x08,0x10,0x20,0x41,0x86,0x0c,0x18,0x30,0x40,0x38,0x0f,
    0x00,0xc0,0xb8,0x8e,0x83,0x80,0x40,0x40,0x40,0x60,0x20,0x10,0x18,0x8c,0x06,0x01,0x00,0x00,0x00,0x00,0x00,0x00,0x00,0x02,0x00,0x20,0x00,0x00,0x00,0x00,0x00,0x00,
    0x00,0x00,0x00,0x00,0x00,0x00,0x00,0x10,0x38,0x10,0x00,0x00,0x00,0x00,0x00,0x00,0x00,0x00,0x00,0x00,0x00,0x00,0x00,0x00,0x00,0x00,0x00,0x00,0x04,0x00,0x00,0x00,
    0x00,0x00,0x00,0x00,0x80,0x00,0x00,0x08,0x00,0x00,0x00,0x02,0x00,0x00,0xe0,0x30,0x1a,0xf0,0x00,0x00,0x00,0x08,0x00,0x00,0x80,0x00,0x00,0x00,0x00,0x00,0x00,0x00,
    0x00,0x00,0x00,0x88,0x00,0x00,0x00,0x00,0x00,0x00,0x00,0x00,0x01,0x01,0x02,0x22,0x04,0x04,0x84,0xc4,0x44,0x44,0x44,0x22,0x22,0x23,0xa3,0x60,0x00,0x04,0x8e,0x44,
    0x80,0x00,0x18,0x38,0x48,0x88,0x04,0x04,0x04,0x04,0x04,0x04,0x04,0x08,0x08,0x10,0x10,0x20,0x40,0x80,0x00,0x00,0x00,0x00,0x00,0x22,0x00,0x00,0x00,0x00,0x00,0x00,
    0x00,0x00,0x00,0x00,0x00,0x80,0x00,0x80,0x80,0x10,0x00,0x00,0x00,0x04,0x00,0x00,0x00,0x00,0x04,0x80,0x80,0xc0,0x48,0xc0,0x00,0x00,0x40,0x00,0x00,0x00,0x00,0x00,
    0x00,0x00,0x10,0x00,0x00,0x01,0x07,0x0d,0x19,0xb1,0x93,0x9e,0x91,0x20,0x77,0x24,0x03,0x31,0x7a,0x48,0x48,0x48,0x68,0x38,0x10,0x00,0x10,0x00,0x00,0x00,0x00,0x00,
    0x00,0x00,0x00,0x00,0x00,0x08,0x80,0x00,0x00,0x00,0x00,0x00,0x80,0x70,0x0c,0x06,0x03,0x01,0x00,0x00,0x00,0x80,0xc0,0x60,0x18,0x0e,0x03,0x00,0xe0,0x3e,0x03,0x00,
    0x01,0x03,0x06,0x0c,0x70,0xc0,0x01,0x02,0x46,0x04,0x08,0x08,0x08,0x08,0x08,0x08,0x08,0x08,0x08,0x08,0x09,0x0e,0x00,0x20,0x02,0x00,0x00,0x00,0x00,0x00,0x00,0x00,
    0x00,0x80,0x08,0x00,0x00,0x00,0x00,0x03,0x1f,0x31,0x21,0x43,0x46,0x7c,0x40,0x04,0x00,0x00,0x7f,0x21,0x20,0x10,0x1c,0x47,0x00,0x00,0x00,0x00,0x00,0x04,0x00,0x40,
    0x00,0x00,0x00,0x02,0x00,0x20,0x08,0x1e,0x09,0x09,0x0c,0x06,0x01,0x04,0x00,0x1f,0x21,0x62,0x7e,0x01,0x00,0x00,0x00,0x20,0x00,0x02,0x00,0x00,0x00,0x00,0x00,0x00,
    0x10,0x00,0x00,0x00,0x00,0x00,0x00,0x00,0x04,0x00,0x00,0x26,0x07,0x04,0x04,0x04,0x06,0x02,0x02,0x01,0x01,0x01,0x00,0x00,0x00,0x02,0x00,0x00,0x03,0x1e,0x30,0xc0,
    0x80,0x00,0x00,0x00,0xc0,0x3f,0x00,0x00,0x00,0x00,0x00,0x00,0x00,0x00,0x00,0x00,0x40,0x00,0x10,0x00,0x00,0x01,0x00,0x00,0x00,0x00,0x00,0x00,0x20,0x00,0x00,0x00,
    0x00,0x10,0x00,0x00,0x40,0xf0,0x98,0x8c,0x84,0xc5,0x44,0x24,0x9c,0x0c,0x00,0xc2,0x67,0x62,0xc0,0x80,0x0e,0x5a,0x12,0x23,0x23,0x22,0x22,0x36,0x18,0x10,0x80,0x08
  },
  { // 75
    0x00,0x00,0x00,0x00,0x00,0x20,0x00,0x00,0x00,0x00,0x00,0x00,0x00,0x00,0x00,0x00,0x00,0x00,0x00,0x00,0x00,0x00,0x00,0x00,0x00,0x00,0x00,0x00,0x00,0x00,0x00,0x00,
    0x00,0x00,0x00,0x80,0x08,0x01,0x00,0x06,0x1a,0x22,0x42,0x82,0x81,0x01,0x01,0x01,0x02,0x02,0x02,0x06,0x04,0x08,0x10,0x30,0x41,0x83,0x0c,0x18,0x30,0x40,0x38,0x0f,
    0x00,0x80,0xf8,0x8e,0x83,0x80,0x80,0x40,0x40,0x40,0x20,0x20,0x18,0x8c,0x06,0x01,0x00,0x00,0x00,0x00,0x00,0x00,0x00,0x02,0x20,0x00,0x00,0x00,0x00,0x00,0x00,0x00,
    0x00,0x00,0x00,0x00,0x00,0x00,0x00,0x10,0x38,0x10,0x00,0x00,0x00,0x00,0x00,0x00,0x00,0x00,0x00,0x00,0x00,0x00,0x00,0x00,0x00,0x00,0x00,0x00,0x00,0x00,0x00,0x00,
    0x00,0x00,0x00,0x00,0x80,0x00,0x00,0x08,0x00,0x00,0x00,0x00,0x02,0x00,0xe0,0x30,0x1a,0xf0,0x00,0x00,0x00,0x08,0x00,0x00,0x80,0x00,0x00,0x00,0x00,0x00,0x00,0x00,
    0x00,0x00,0x00,0x08,0x80,0x00,0x00,0x00,0x00,0x00,0x00,0x00,0x01,0x01,0x03,0x22,0x02,0x86,0x84,0x44,0x44,0x44,0x22,0x22,0x22,0x22,0xe3,0x20,0x00,0x04,0x8e,0x44,
    0x80,0x00,0x18,0x28,0x48,0x88,0x08,0x04,0x04,0x04,0x04,0x0c,0x08,0x08,0x18,0x10,0x30,0x20,0x40,0x80,0x00,0x00,0x00,0x00,0x00,0x22,0x00,0x00,0x00,0x00,0x00,0x00,
    0x00,0x00,0x00,0x00,0x00,0x80,0x00,0x80,0x00,0x10,0x00,0x00,0x00,0x04,0x00,0x00,0x00,0x00,0x04,0x80,0x80,0x40,0xc8,0x80,0x00,0x00,0x40,0x00,0x00,0x00,0x00,0x00,
    0x00,0x00,0x10,0x00,0x00,0x01,0x07,0x0d,0x19,0xd1,0x92,0x9c,0x91,0x20,0x77,0x24,0x03,0x31,0x7a,0x48,0x48,0x48,0x68,0x38,0x10,0x00,0x10,0x00,0x00,0x00,0x00,0x00,
    0x00,0x00,0x00,0x00,0x00,0x08,0x80,0x00,0x00,0x00,0x00,0x00,0xc0,0x30,0x0c,0x06,0x03,0x00,0x00,0x00,0x80,0x80,0x40,0x20,0x18,0x0e,0x03,0x00,0xe0,0x1e,0x03,0x00,
    0x01,0x03,0x06,0x18,0xf0,0x81,0x01,0x02,0x44,0x0c,0x08,0x08,0x08,0x10,0x10,0x10,0x10,0x08,0x08,0x08,0x0b,0x0c,0x00,0x10,0x02,0x00,0x00,0x00,0x00,0x00,0x00,0x00,
    0x00,0x80,0x08,0x00,0x00,0x00,0x00,0x07,0x1d,0x31,0x21,0x43,0x46,0x7c,0x40,0x04,0x00,0x00,0x7f,0x21,0x30,0x10,0x4e,0x03,0x00,0x00,0x00,0x00,0x00,0x04,0x00,0x40,
    0x00,0x00,0x00,0x02,0x00,0x20,0x00,0x1e,0x1b,0x09,0x0c,0x06,0x01,0x04,0x00,0x1f,0x31,0x62,0x7e,0x01,0x00,0x00,0x00,0x20,0x00,0x02,0x00,0x00,0x00,0x00,0x00,0x10,
    0x38,0x10,0x00,0x00,0x00,0x00,0x00,0x00,0x04,0x00,0x00,0x27,0x05,0x04,0x04,0x02,0x02,0x02,0x02,0x01,0x01,0x00,0x00,0x00,0x00,0x02,0x00,0x00,0x03,0x1c,0x60,0x80,
    0x00,0x00,0x00,0x00,0xe0,0x1f,0x00,0x00,0x00,0x00,0x00,0x00,0x00,0x00,0x00,0x00,0x40,0x00,0x00,0x08,0x00,0x01,0x00,0x00,0x00,0x00,0x00,0x00,0x20,0x00,0x00,0x00,
    0x00,0x10,0x00,0x00,0x40,0xf0,0x98,0x88,0x84,0x85,0x44,0x64,0x1c,0x88,0x00,0xc2,0x67,0x62,0xc0,0x80,0x06,0x5a,0x12,0x31,0x21,0x23,0x22,0x16,0x1c,0x18,0x80,0x08
  },
  { // 76
    0x00,0x00,0x00,0x00,0x00,0x20,0x00,0x00,0x00,0x00,0x00,0x00,0x00,0x00,0x00,0x00,0x00,0x00,0x00,0x00,0x00,0x00,0x00,0x00,0x00,0x00,0x00,0x00,0x00,0x00,0x00,0x00,
    0x00,0x00,0x00,0x00,0x10,0x01,0x00,0x06,0x0a,0x32,0x63,0xc1,0x81,0x01,0x01,0x01,0x01,0x03,0x02,0x06,0x04,0x0c,0x18,0x30,0x60,0x83,0x0c,0x18,0x30,0x60,0x38,0x0e,
    0x01,0x80,0xf0,0x8e,0x83,0x81,0x80,0x80,0x40,0x40,0x20,0x20,0x10,0x98,0x04,0x03,0x00,0x00,0x00,0x00,0x00,0x00,0x00,0x01,0x10,0x00,0x00,0x00,0x00,0x00,0x00,0x00,
    0x00,0x00,0x00,0x00,0x00,0x00,0x00,0x10,0x38,0x10,0x00,0x00,0x00,0x00,0x00,0x00,0x00,0x00,0x00,0x00,0x00,0x00,0x00,0x00,0x00,0x00,0x00,0x00,0x00,0x00,0x00,0x00,
    0x00,0x00,0x00,0x00,0x80,0x00,0x00,0x08,0x00,0x00,0x00,0x00,0x02,0x00,0xe0,0x30,0x18,0xf2,0x00,0x00,0x00,0x08,0x00,0x00,0x80,0x00,0x00,0x00,0x00,0x00,0x00,0x00,
    0x00,0x00,0x00,0x11,0x00,0x00,0x00,0x00,0x00,0x00,0x00,0x00,0x00,0x01,0x03,0x22,0x02,0x82,0x84,0x44,0x44,0x26,0x22,0x22,0x22,0x22,0xe3,0x20,0x00,0x04,0x8e,0xc4,
    0x80,0x00,0x18,0x28,0xc8,0x88,0x08,0x0c,0x04,0x04,0x04,0x08,0x08,0x08,0x18,0x10,0x20,0x60,0xc0,0x80,0x00,0x00,0x00,0x00,0x00,0x11,0x00,0x00,0x00,0x00,0x00,0x00,
    0x00,0x00,0x00,0x00,0x00,0x80,0x00,0x00,0x00,0x10,0x00,0x00,0x00,0x04,0x00,0x00,0x00,0x00,0x04,0x80,0x80,0x40,0xc8,0x00,0x00,0x00,0x40,0x00,0x00,0x00,0x00,0x00,
    0x00,0x00,0x10,0x00,0x00,0x01,0x07,0x0d,0x19,0xd1,0x96,0x9c,0x91,0x20,0x77,0x24,0x03,0x31,0x7a,0x48,0x48,0x48,0x68,0x38,0x10,0x00,0x10,0x00,0x00,0x00,0x00,0x00,
    0x00,0x00,0x00,0x00,0x01,0x10,0x80,0x00,0x00,0x00,0x00,0x80,0xe0,0x38,0x04,0x03,0x01,0x00,0x00,0x00,0x80,0x80,0x40,0x30,0x18,0x0e,0x01,0x00,0xf0,0x0e,0x03,0x00,
    0x01,0x03,0x06,0x18,0xe0,0x01,0x03,0x06,0x44,0x0c,0x08,0x18,0x10,0x10,0x10,0x10,0x10,0x10,0x18,0x09,0x0a,0x0c,0x00,0x10,0x01,0x00,0x00,0x00,0x00,0x00,0x00,0x00,
    0x00,0x80,0x08,0x00,0x00,0x00,0x00,0x07,0x1d,0x31,0x61,0x42,0x46,0x78,0x00,0x04,0x00,0x1c,0x77,0x21,0x30,0x18,0x4f,0x00,0x00,0x00,0x00,0x00,0x00,0x04,0x00,0x40,
    0x00,0x00,0x00,0x02,0x00,0x20,0x00,0x1e,0x13,0x19,0x08,0x06,0x03,0x04,0x00,0x1f,0x31,0x63,0x7e,0x19,0x00,0x00,0x00,0x20,0x00,0x02,0x00,0x00,0x00,0x00,0x00,0x10,
    0x38,0x10,0x00,0x00,0x00,0x00,0x00,0x00,0x00,0x08,0x00,0x47,0x04,0x04,0x02,0x02,0x02,0x02,0x01,0x01,0x01,0x00,0x00,0x00,0x00,0x02,0x00,0x00,0x07,0x18,0x60,0x80,
    0x00,0x00,0x00,0x00,0xf0,0x0f,0x00,0x00,0x00,0x00,0x00,0x00,0x00,0x00,0x00,0x00,0x40,0x00,0x00,0x08,0x00,0x01,0x00,0x00,0x00,0x00,0x00,0x00,0x20,0x00,0x00,0x00,
    0x00,0x10,0x00,0x00,0xc0,0xe0,0x98,0x88,0x8c,0x85,0xc4,0x64,0x3c,0x88,0x00,0x82,0x67,0x62,0xc0,0x80,0x06,0x4a,0x13,0x31,0x21,0x23,0x32,0x16,0x1c,0x08,0x80,0x08
  },
  { // 77
    0x00,0x00,0x00,0x00,0x00,0x20,0x00,0x00,0x00,0x00,0x00,0x00,0x00,0x00,0x00,0x00,0x00,0x00,0x00,0x00,0x00,0x00,0x00,0x00,0x00,0x00,0x00,0x00,0x00,0x00,0x00,0x00,
    0x00,0x00,0x00,0x00,0x10,0x01,0x00,0x06,0x0e,0x19,0x21,0xc1,0x81,0x81,0x01,0x01,0x01,0x01,0x02,0x02,0x04,0x0c,0x18,0x30,0x60,0x83,0x04,0x18,0x30,0x60,0x30,0x0e,
    0x03,0x80,0xf0,0x8c,0x83,0x81,0x80,0x80,0x40,0x40,0x40,0x20,0x30,0x18,0x04,0x03,0x00,0x00,0x00,0x00,0x00,0x00,0x00,0x01,0x10,0x00,0x00,0x00,0x00,0x00,0x00,0x00,
    0x00,0x00,0x00,0x00,0x00,0x00,0x00,0x10,0x38,0x10,0x00,0x00,0x00,0x00,0x00,0x00,0x00,0x00,0x00,0x00,0x00,0x00,0x00,0x00,0x00,0x00,0x00,0x00,0x00,0x00,0x00,0x00,
    0x00,0x00,0x00,0x00,0x80,0x00,0x00,0x08,0x00,0x00,0x00,0x00,0x02,0xc0,0x60,0x10,0x38,0xe2,0x00,0x00,0x00,0x08,0x00,0x00,0x00,0x80,0x00,0x00,0x00,0x00,0x00,0x00,
    0x00,0x00,0x00,0x11,0x00,0x00,0x00,0x00,0x00,0x00,0x00,0x00,0x00,0x01,0x01,0x12,0x82,0x82,0x42,0x42,0x42,0x22,0x22,0x22,0x22,0x22,0xe3,0x30,0x00,0x04,0x8e,0xc4,
    0x80,0x01,0x18,0x28,0xc8,0x88,0x08,0x08,0x08,0x08,0x08,0x08,0x08,0x09,0x10,0x30,0x20,0x60,0x80,0x00,0x00,0x00,0x00,0x00,0x00,0x11,0x00,0x00,0x00,0x00,0x00,0x00,
    0x00,0x00,0x00,0x00,0x00,0x80,0x00,0x00,0x00,0x10,0x00,0x00,0x00,0x00,0x04,0x00,0x00,0x00,0x04,0x80,0xc0,0x40,0xc0,0x10,0x00,0x00,0x40,0x00,0x00,0x00,0x00,0x00,
    0x00,0x00,0x08,0x00,0x00,0x03,0x0f,0x09,0x11,0xd3,0x96,0x9c,0x91,0x21,0x77,0x26,0x03,0x31,0x3a,0x48,0x4c,0x4c,0x28,0x38,0x10,0x00,0x10,0x00,0x00,0x00,0x00,0x00,
    0x00,0x00,0x00,0x00,0x01,0x10,0x00,0x80,0x00,0x00,0x00,0x80,0xe0,0x18,0x04,0x03,0x01,0x00,0x00,0x00,0x80,0x80,0x40,0x30,0x18,0x06,0x01,0x00,0xf8,0x0e,0x01,0x00,
    0x01,0x03,0x04,0x18,0xe0,0x01,0x03,0x06,0x44,0x08,0x08,0x10,0x10,0x10,0x10,0x10,0x10,0x10,0x10,0x13,0x0e,0x0c,0x00,0x10,0x01,0x00,0x00,0x00,0x00,0x00,0x00,0x00,
    0x00,0x80,0x00,0x04,0x00,0x00,0x00,0x07,0x19,0x21,0x63,0x42,0x46,0x78,0x00,0x04,0x00,0x1c,0x67,0x21,0x30,0x18,0x4f,0x00,0x00,0x00,0x00,0x00,0x00,0x04,0x00,0x80,
    0x00,0x00,0x01,0x00,0x00,0x20,0x00,0x1e,0x13,0x19,0x08,0x0e,0x03,0x04,0x00,0x1f,0x31,0x23,0x6e,0x39,0x00,0x00,0x00,0x20,0x00,0x02,0x00,0x00,0x00,0x00,0x00,0x10,
    0x38,0x10,0x00,0x00,0x00,0x00,0x00,0x00,0x00,0x08,0x00,0x07,0x42,0x02,0x02,0x02,0x02,0x02,0x01,0x01,0x01,0x00,0x00,0x00,0x01,0x00,0x00,0x00,0x07,0x38,0xe0,0x80,
    0x00,0x00,0x00,0x80,0x7f,0x02,0x00,0x00,0x00,0x00,0x00,0x00,0x00,0x00,0x00,0x00,0x40,0x00,0x00,0x08,0x00,0x01,0x00,0x00,0x00,0x00,0x00,0x00,0x20,0x00,0x00,0x00,
    0x00,0x08,0x00,0x00,0x80,0xe0,0xb0,0x88,0x8c,0x85,0xc4,0x64,0x3c,0x88,0x00,0x82,0x67,0x22,0xc0,0x80,0x06,0x4a,0x1b,0x11,0x21,0x21,0x12,0x16,0x1c,0x08,0x00,0x08
  },
  { // 78
    0x00,0x00,0x00,0x00,0x00,0x20,0x00,0x00,0x00,0x00,0x00,0x00,0x00,0x00,0x00,0x00,0x00,0x00,0x00,0x00,0x00,0x00,0x00,0x00,0x00,0x00,0x00,0x00,0x00,0x00,0x00,0x00,
    0x00,0x00,0x00,0x00,0x10,0x01,0x00,0x02,0x0d,0x19,0x31,0x61,0xc1,0x81,0x01,0x01,0x01,0x01,0x02,0x02,0x06,0x0c,0x08,0x10,0x60,0xc3,0x06,0x08,0x30,0x60,0x30,0x0e,
    0x03,0x80,0xf0,0x8c,0x87,0x81,0x80,0x80,0xc0,0x40,0x40,0x20,0x30,0x18,0x0c,0x03,0x01,0x00,0x00,0x00,0x00,0x00,0x00,0x01,0x10,0x00,0x00,0x00,0x00,0x00,0x00,0x00,
    0x00,0x00,0x00,0x00,0x00,0x00,0x00,0x00,0x10,0x00,0x00,0x00,0x00,0x00,0x00,0x00,0x00,0x00,0x00,0x00,0x00,0x00,0x00,0x00,0x00,0x00,0x00,0x00,0x00,0x00,0x00,0x00,
    0x00,0x00,0x00,0x00,0x80,0x00,0x00,0x08,0x00,0x00,0x00,0x00,0x02,0xc0,0x70,0x18,0x38,0xe2,0x00,0x00,0x00,0x10,0x00,0x00,0x00,0x80,0x00,0x00,0x00,0x00,0x00,0x00,
    0x00,0x00,0x00,0x11,0x00,0x00,0x00,0x00,0x00,0x00,0x00,0x00,0x00,0x01,0x01,0x13,0x82,0x82,0x42,0x42,0x62,0x22,0x22,0x22,0x22,0x22,0xe3,0x30,0x00,0x04,0x8e,0xc4,
    0x80,0x01,0x18,0x68,0xc8,0x08,0x08,0x08,0x08,0x08,0x08,0x08,0x08,0x19,0x10,0x30,0x60,0xc0,0x80,0x00,0x00,0x00,0x00,0x00,0x00,0x11,0x00,0x00,0x00,0x00,0x00,0x00,
    0x00,0x00,0x00,0x00,0x00,0x40,0x00,0x00,0x00,0x10,0x00,0x00,0x00,0x00,0x04,0x00,0x00,0x00,0x04,0x80,0xc0,0x40,0xe0,0x10,0x00,0x00,0x00,0x40,0x00,0x00,0x00,0x00,
    0x00,0x00,0x08,0x00,0x00,0x03,0x0f,0x19,0x11,0xd3,0x96,0x9c,0x91,0x21,0x77,0x26,0x03,0x31,0x3a,0x68,0x4c,0x64,0x28,0x38,0x18,0x00,0x10,0x00,0x00,0x00,0x00,0x00,
    0x00,0x00,0x00,0x00,0x01,0x10,0x00,0x00,0x00,0x00,0x00,0xc0,0x70,0x18,0x06,0x03,0x01,0x00,0x00,0x80,0x80,0xc0,0x60,0x30,0x1c,0x06,0x01,0x00,0xf8,0x0e,0x01,0x00,
    0x01,0x02,0x0c,0x38,0xc0,0x01,0x02,0x06,0x4c,0x08,0x08,0x10,0x10,0x10,0x10,0x10,0x10,0x10,0x11,0x13,0x16,0x08,0x80,0x10,0x01,0x00,0x00,0x00,0x00,0x00,0x00,0x00,
    0x00,0x80,0x00,0x04,0x00,0x00,0x00,0x0f,0x39,0x21,0x63,0x42,0x4c,0x78,0x00,0x04,0x00,0x3c,0x63,0x20,0x30,0x18,0x4f,0x00,0x00,0x00,0x00,0x00,0x00,0x04,0x00,0x80,
    0x00,0x00,0x01,0x00,0x00,0x20,0x00,0x1e,0x13,0x19,0x08,0x0e,0x03,0x04,0x00,0x1f,0x31,0x23,0x46,0x7d,0x00,0x00,0x00,0x20,0x00,0x02,0x00,0x00,0x00,0x00,0x00,0x10,
    0x38,0x10,0x00,0x00,0x00,0x00,0x00,0x01,0x00,0x08,0x02,0x03,0x42,0x02,0x02,0x02,0x02,0x01,0x01,0x01,0x00,0x00,0x00,0x00,0x01,0x00,0x00,0x00,0x0f,0x30,0xc0,0x80,
    0x00,0x00,0x00,0xc0,0x7f,0x00,0x00,0x00,0x00,0x00,0x00,0x00,0x00,0x00,0x00,0x00,0x00,0x40,0x00,0x08,0x00,0x00,0x00,0x00,0x00,0x00,0x00,0x00,0x20,0x00,0x00,0x00,
    0x00,0x08,0x00,0x00,0x80,0xe0,0xb0,0x98,0x88,0x85,0xc4,0x64,0x38,0x88,0x00,0x82,0xe7,0x22,0xc0,0x80,0x06,0x4a,0x1b,0x11,0x11,0x31,0x13,0x12,0x1c,0x08,0x00,0x08
  },
  { // 79
    0x00,0x00,0x00,0x00,0x00,0x20,0x00,0x00,0x00,0x00,0x00,0x00,0x00,0x00,0x00,0x00,0x00,0x00,0x00,0x00,0x00,0x00,0x00,0x00,0x00,0x00,0x00,0x00,0x00,0x00,0x00,0x00,
    0x00,0x00,0x00,0x00,0x20,0x02,0x00,0x03,0x07,0x19,0x31,0x61,0xc1,0x81,0x01,0x01,0x01,0x01,0x01,0x02,0x06,0x04,0x08,0x10,0x20,0xc1,0x06,0x08,0x10,0x60,0x30,0x0c,
    0x03,0x80,0x60,0x9c,0x87,0x81,0x80,0x80,0xc0,0x40,0x40,0x20,0x30,0x10,0x0c,0x06,0x01,0x00,0x00,0x00,0x00,0x00,0x00,0x01,0x08,0x80,0x00,0x00,0x00,0x00,0x00,0x00,
    0x00,0x00,0x00,0x00,0x00,0x00,0x00,0x00,0x10,0x00,0x00,0x00,0x00,0x00,0x00,0x00,0x00,0x00,0x00,0x00,0x00,0x00,0x00,0x00,0x00,0x00,0x00,0x00,0x00,0x00,0x00,0x00,
    0x00,0x00,0x00,0x00,0x40,0x00,0x00,0x08,0x00,0x00,0x00,0x00,0x02,0xc0,0x70,0x18,0x38,0xe2,0x00,0x00,0x00,0x00,0x10,0x00,0x00,0x00,0x00,0x00,0x00,0x00,0x01,0x00,
    0x00,0x00,0x00,0x22,0x00,0x00,0x00,0x00,0x00,0x00,0x00,0x00,0x00,0x00,0x01,0x11,0x82,0x82,0x42,0x42,0x62,0x22,0x22,0x22,0x22,0x22,0xd3,0x30,0x00,0x04,0x8e,0xc4,
    0x00,0x01,0x19,0x68,0x88,0x08,0x08,0x08,0x08,0x08,0x08,0x08,0x08,0x11,0x10,0x20,0x60,0xc0,0x80,0x00,0x00,0x00,0x00,0x00,0x80,0x08,0x00,0x00,0x00,0x00,0x00,0x00,
    0x00,0x00,0x00,0x00,0x00,0x00,0x40,0x00,0x00,0x10,0x00,0x00,0x00,0x00,0x04,0x00,0x00,0x00,0x00,0x84,0xc0,0x40,0xe0,0x10,0x00,0x00,0x00,0x80,0x00,0x00,0x00,0x00,
    0x00,0x00,0x08,0x00,0x00,0x03,0x0d,0x19,0x11,0x53,0x96,0x9d,0x90,0x21,0x77,0xa6,0x03,0x30,0x3a,0xec,0x44,0x64,0x2c,0x38,0x18,0x01,0x10,0x00,0x00,0x00,0x00,0x00,
    0x00,0x00,0x00,0x00,0x02,0x10,0x00,0x00,0x00,0x00,0x00,0xc0,0x30,0x0c,0x06,0x01,0x01,0x00,0x00,0x80,0x80,0x40,0x20,0x30,0x1c,0x07,0x00,0x00,0xf8,0x06,0x01,0x00,
    0x01,0x02,0x0c,0x30,0xc0,0x01,0x02,0x44,0x0c,0x08,0x10,0x10,0x10,0x10,0x10,0x10,0x10,0x10,0x11,0x13,0x1c,0x18,0x80,0x08,0x00,0x00,0x00,0x00,0x00,0x00,0x00,0x00,
    0x00,0x40,0x00,0x04,0x00,0x00,0x00,0x0f,0x31,0x21,0x42,0x46,0x4c,0x78,0x00,0x04,0x00,0x3e,0x63,0x20,0x30,0x18,0x4f,0x00,0x00,0x00,0x00,0x00,0x00,0x04,0x00,0x80,
    0x00,0x00,0x01,0x00,0x00,0x20,0x00,0x1c,0x17,0x11,0x19,0x0e,0x03,0x04,0x00,0x1f,0x31,0x23,0x66,0x7c,0x00,0x00,0x40,0x00,0x00,0x02,0x00,0x00,0x00,0x00,0x00,0x10,
    0x38,0x10,0x00,0x00,0x00,0x00,0x00,0x01,0x00,0x08,0x03,0x03,0x42,0x02,0x02,0x02,0x01,0x01,0x01,0x01,0x00,0x00,0x00,0x00,0x01,0x00,0x00,0x00,0x1f,0x30,0xc0,0x00,
    0x00,0x00,0x00,0xc0,0x3f,0x00,0x00,0x00,0x00,0x00,0x00,0x00,0x00,0x00,0x00,0x00,0x00,0x20,0x00,0x04,0x00,0x00,0x00,0x00,0x00,0x00,0x00,0x20,0x70,0x20,0x00,0x00,
    0x00,0x08,0x00,0x00,0x00,0xe0,0xb0,0x98,0x88,0x8d,0xc4,0x6c,0x38,0x88,0x00,0x82,0xe7,0x22,0x40,0x80,0x06,0x4e,0x19,0x11,0x11,0x11,0x13,0x12,0x1c,0x0c,0x00,0x10
  },
  { // 80
    0x00,0x00,0x00,0x00,0x00,0x20,0x00,0x00,0x00,0x00,0x00,0x00,0x00,0x00,0x00,0x00,0x00,0x00,0x00,0x00,0x00,0x00,0x00,0x00,0x00,0x00,0x00,0x00,0x00,0x00,0x00,0x00,
    0x00,0x00,0x00,0x20,0x00,0x02,0x00,0x01,0x07,0x09,0x11,0x21,0x40,0x80,0x80,0x01,0x01,0x01,0x01,0x02,0x06,0x04,0x08,0x10,0x20,0xc1,0x06,0x08,0x10,0x20,0x70,0x0c,
    0x03,0x80,0x60,0x98,0x86,0x83,0x80,0x80,0x80,0x40,0x40,0x60,0x20,0x10,0x08,0x06,0x03,0x00,0x00,0x00,0x00,0x00,0x00,0x00,0x08,0x80,0x00,0x00,0x00,0x00,0x00,0x00,
    0x00,0x00,0x00,0x00,0x00,0x00,0x00,0x00,0x10,0x00,0x00,0x00,0x00,0x00,0x00,0x00,0x00,0x00,0x00,0x00,0x00,0x00,0x00,0x00,0x00,0x00,0x00,0x00,0x00,0x00,0x00,0x00,
    0x00,0x00,0x00,0x00,0x40,0x00,0x00,0x00,0x08,0x00,0x00,0x00,0x02,0xc0,0x30,0x18,0xf8,0xc2,0x00,0x00,0x00,0x00,0x10,0x00,0x00,0x00,0x00,0x00,0x00,0x00,0x01,0x00,
    0x00,0x00,0x00,0x22,0x00,0x00,0x00,0x00,0x00,0x00,0x00,0x00,0x00,0x00,0x01,0x11,0x82,0xc2,0x42,0x42,0x22,0x22,0x22,0x22,0x22,0x22,0xd3,0x30,0x00,0x04,0xce,0x84,
    0x00,0x01,0x19,0x68,0x88,0x08,0x08,0x08,0x08,0x08,0x08,0x08,0x08,0x11,0x30,0x20,0x40,0x80,0x00,0x00,0x00,0x00,0x00,0x00,0x00,0x88,0x00,0x00,0x00,0x00,0x00,0x00,
    0x00,0x00,0x00,0x00,0x00,0x00,0x40,0x00,0x00,0x00,0x08,0x00,0x00,0x00,0x04,0x00,0x00,0x00,0x80,0x84,0x40,0x60,0xe0,0x10,0x00,0x00,0x00,0x80,0x00,0x00,0x00,0x00,
    0x00,0x00,0x08,0x00,0x00,0x02,0x0f,0x19,0x11,0x53,0x96,0x9d,0x80,0x21,0x76,0xa6,0x03,0x30,0x3a,0xec,0x44,0x64,0x2c,0x18,0x18,0x01,0x20,0x00,0x00,0x00,0x00,0x00,
    0x00,0x00,0x00,0x00,0x02,0x20,0x00,0x00,0x00,0x00,0x00,0xe0,0x38,0x0c,0x02,0x01,0x00,0x00,0x00,0x80,0x80,0x40,0x20,0x18,0x0c,0x03,0x00,0x80,0x78,0x06,0x01,0x00,
    0x01,0x02,0x0c,0x70,0xc0,0x01,0x02,0x44,0x0c,0x08,0x10,0x10,0x10,0x10,0x20,0x20,0x20,0x10,0x11,0x12,0x1c,0x10,0x80,0x08,0x00,0x00,0x00,0x00,0x00,0x00,0x00,0x00,
    0x00,0x40,0x00,0x04,0x00,0x00,0x00,0x0f,0x31,0x63,0x42,0x46,0x4c,0xf8,0x00,0x04,0x00,0x3e,0x61,0x20,0x30,0x18,0x47,0x00,0x00,0x00,0x00,0x00,0x00,0x00,0x08,0x80,
    0x00,0x00,0x01,0x00,0x00,0x10,0x00,0x1c,0x17,0x11,0x19,0x0c,0x07,0x04,0x00,0x0f,0x31,0x23,0x66,0x7c,0x00,0x00,0x40,0x00,0x00,0x02,0x00,0x00,0x00,0x00,0x00,0x10,
    0x38,0x10,0x00,0x00,0x00,0x00,0x00,0x01,0x00,0x10,0x03,0x02,0x42,0x02,0x02,0x01,0x01,0x01,0x01,0x00,0x00,0x00,0x00,0x00,0x01,0x00,0x00,0x03,0x1c,0x60,0x80,0x00,
    0x00,0x00,0x00,0xe0,0x1f,0x00,0x00,0x00,0x00,0x00,0x00,0x00,0x00,0x00,0x00,0x00,0x00,0x20,0x00,0x00,0x04,0x00,0x00,0x00,0x00,0x00,0x00,0x20,0x70,0x20,0x00,0x00,
    0x00,0x08,0x80,0x00,0x00,0xc0,0xb0,0x98,0x88,0x89,0x88,0x68,0x38,0x88,0x00,0x02,0xe7,0x22,0x40,0xc0,0x06,0x4f,0x19,0x11,0x11,0x11,0x11,0x1a,0x0e,0x0c,0x00,0x10
  },
  { // 81
    0x00,0x00,0x00,0x00,0x00,0x00,0x00,0x00,0x00,0x00,0x00,0x00,0x00,0x00,0x00,0x00,0x00,0x00,0x00,0x00,0x00,0x00,0x00,0x00,0x00,0x00,0x00,0x00,0x00,0x00,0x00,0x00,
    0x00,0x00,0x00,0x20,0x02,0x00,0x00,0x01,0x03,0x0d,0x10,0x20,0x40,0x80,0x80,0x00,0x01,0x01,0x01,0x03,0x02,0x04,0x0c,0x10,0x20,0xc1,0x83,0x0c,0x10,0x20,0x60,0x1c,
    0x03,0x00,0xe0,0x98,0x86,0x83,0x81,0x80,0x80,0x80,0x40,0x60,0x20,0x10,0x18,0x0e,0x03,0x00,0x00,0x00,0x00,0x00,0x00,0x00,0x08,0x80,0x00,0x00,0x00,0x00,0x00,0x00,
    0x00,0x00,0x00,0x00,0x00,0x00,0x00,0x00,0x10,0x00,0x00,0x00,0x00,0x00,0x00,0x00,0x00,0x00,0x00,0x00,0x00,0x00,0x00,0x00,0x00,0x00,0x00,0x00,0x00,0x00,0x00,0x00,
    0x00,0x00,0x00,0x00,0x40,0x00,0x00,0x00,0x08,0x00,0x00,0x00,0x02,0xe0,0x30,0x18,0xf0,0xc4,0x00,0x00,0x00,0x00,0x10,0x00,0x00,0x00,0x00,0x00,0x00,0x00,0x01,0x00,
    0x00,0x00,0x00,0x22,0x00,0x00,0x00,0x00,0x00,0x00,0x00,0x00,0x00,0x00,0x01,0x11,0x81,0xc2,0x42,0x22,0x22,0x22,0x22,0x22,0x22,0x32,0xf1,0x10,0x00,0x04,0xce,0x84,
    0x00,0x01,0x31,0x69,0x88,0x08,0x08,0x08,0x08,0x08,0x08,0x08,0x10,0x11,0x30,0x20,0x40,0x80,0x00,0x00,0x00,0x00,0x00,0x00,0x00,0x88,0x00,0x00,0x00,0x00,0x00,0x00,
    0x00,0x00,0x00,0x00,0x00,0x00,0x40,0x00,0x00,0x00,0x08,0x00,0x00,0x00,0x04,0x00,0x00,0x00,0x80,0xc4,0x40,0x60,0xc0,0x10,0x00,0x00,0x00,0x80,0x00,0x00,0x00,0x00,
    0x00,0x00,0x08,0x00,0x00,0x06,0x0f,0x19,0x13,0x52,0x96,0x9d,0x80,0x21,0x76,0xa6,0x03,0x30,0x3a,0xac,0x64,0x24,0x34,0x18,0x08,0x01,0x20,0x00,0x00,0x00,0x00,0x00,
    0x00,0x00,0x00,0x00,0x02,0x20,0x00,0x00,0x00,0x00,0x80,0x60,0x18,0x0e,0x03,0x01,0x00,0x00,0x80,0x80,0xc0,0x40,0x30,0x18,0x0c,0x03,0x00,0xc0,0x38,0x07,0x00,0x00,
    0x01,0x06,0x18,0x70,0x80,0x01,0x06,0x84,0x08,0x18,0x10,0x10,0x30,0x20,0x20,0x20,0x20,0x20,0x21,0x16,0x18,0x10,0x40,0x00,0x08,0x00,0x00,0x00,0x00,0x00,0x00,0x00,
    0x00,0x40,0x00,0x04,0x00,0x00,0x03,0x1f,0x31,0x62,0x42,0x46,0x4c,0xf0,0x00,0x04,0x00,0x3f,0x61,0x20,0x10,0x1c,0x27,0x00,0x00,0x00,0x00,0x00,0x00,0x00,0x08,0x80,
    0x00,0x00,0x01,0x00,0x10,0x00,0x00,0x1c,0x17,0x11,0x19,0x0c,0x07,0x04,0x00,0x0f,0x19,0x33,0x62,0x7c,0x00,0x00,0x40,0x00,0x00,0x04,0x00,0x00,0x00,0x00,0x00,0x10,
    0x38,0x10,0x00,0x00,0x00,0x00,0x00,0x02,0x00,0x00,0x13,0x02,0x02,0x81,0x01,0x01,0x01,0x01,0x01,0x00,0x00,0x00,0x00,0x00,0x01,0x00,0x00,0x07,0x3c,0xe0,0x80,0x00,
    0x00,0x00,0x80,0xf0,0x0f,0x00,0x00,0x00,0x00,0x00,0x00,0x00,0x00,0x00,0x00,0x00,0x00,0x20,0x00,0x00,0x04,0x00,0x00,0x00,0x00,0x00,0x00,0x20,0x70,0x20,0x00,0x00,
    0x00,0x08,0x80,0x00,0x00,0xc0,0x30,0x18,0x08,0x89,0x88,0x68,0x38,0x08,0x00,0x02,0xe7,0x22,0x60,0xc0,0x06,0x4f,0x19,0x11,0x11,0x11,0x11,0x1b,0x0e,0x0c,0x00,0x10
  },
  { // 82
    0x00,0x00,0x00,0x00,0x00,0x00,0x00,0x00,0x00,0x00,0x00,0x00,0x00,0x00,0x00,0x00,0x00,0x00,0x00,0x00,0x00,0x00,0x00,0x00,0x00,0x00,0x00,0x00,0x00,0x00,0x00,0x00,
    0x00,0x00,0x00,0x20,0x04,0x00,0x00,0x01,0x03,0x0c,0x18,0x30,0x60,0xc0,0x80,0x00,0x00,0x01,0x01,0x01,0x02,0x06,0x0c,0x18,0x20,0x40,0x83,0x0c,0x10,0x20,0x60,0x18,
    0x07,0x00,0xe0,0x18,0x06,0x83,0x81,0x80,0x80,0x80,0x40,0x40,0x20,0x30,0x18,0x0c,0x03,0x01,0x00,0x00,0x00,0x00,0x00,0x00,0x08,0x40,0x00,0x00,0x00,0x00,0x00,0x00,
    0x00,0x00,0x00,0x00,0x00,0x00,0x00,0x00,0x10,0x00,0x00,0x00,0x00,0x00,0x00,0x00,0x00,0x00,0x00,0x00,0x00,0x00,0x00,0x00,0x00,0x00,0x00,0x00,0x00,0x00,0x00,0x00,
    0x00,0x00,0x00,0x00,0x40,0x00,0x00,0x00,0x08,0x00,0x00,0x00,0x00,0xe2,0x30,0x18,0xf0,0x00,0x04,0x00,0x00,0x00,0x10,0x00,0x00,0x00,0x00,0x00,0x00,0x00,0x01,0x00,
    0x00,0x00,0x00,0x44,0x00,0x00,0x00,0x00,0x00,0x00,0x00,0x00,0x00,0x00,0x00,0x89,0x81,0x43,0x42,0x22,0x22,0x22,0x22,0x22,0x12,0x12,0xf1,0x10,0x00,0x04,0xce,0x84,
    0x00,0x01,0x31,0x49,0x89,0x08,0x08,0x08,0x08,0x08,0x08,0x18,0x10,0x12,0x20,0x60,0xc0,0x80,0x00,0x00,0x00,0x00,0x00,0x00,0x00,0x84,0x00,0x00,0x00,0x00,0x00,0x00,
    0x00,0x00,0x00,0x00,0x00,0x00,0x40,0x00,0x00,0x00,0x08,0x00,0x00,0x00,0x00,0x04,0x00,0x00,0x80,0xc4,0x60,0x60,0x81,0x00,0x10,0x00,0x00,0x80,0x00,0x00,0x00,0x00,
    0x00,0x00,0x08,0x00,0x00,0x06,0x0e,0x1a,0x12,0x52,0x96,0x9d,0x80,0x23,0x76,0xa6,0x03,0x30,0x2a,0xac,0x24,0x24,0x34,0x1c,0x08,0x01,0x20,0x00,0x00,0x00,0x00,0x00,
    0x00,0x00,0x00,0x00,0x02,0x20,0x00,0x00,0x00,0x00,0x80,0x70,0x18,0x06,0x03,0x01,0x00,0x00,0x80,0x80,0x40,0x60,0x30,0x18,0x0c,0x03,0x00,0xe0,0x3c,0x03,0x00,0x00,
    0x01,0x06,0x18,0xe0,0x00,0x03,0x06,0x8c,0x08,0x10,0x10,0x30,0x20,0x20,0x20,0x20,0x20,0x21,0x23,0x26,0x38,0x10,0x40,0x00,0x04,0x00,0x00,0x00,0x00,0x00,0x00,0x00,
    0x00,0x40,0x00,0x02,0x00,0x00,0x03,0x1d,0x32,0x62,0x42,0x46,0x5c,0xf0,0x04,0x00,0x00,0x7f,0x21,0x30,0x10,0x0c,0x27,0x00,0x00,0x00,0x00,0x00,0x00,0x00,0x08,0x00,
    0x00,0x00,0x01,0x00,0x10,0x00,0x00,0x18,0x96,0x11,0x19,0x0c,0x07,0x04,0x00,0x0f,0x19,0x31,0x22,0x7c,0x00,0x00,0x40,0x00,0x00,0x04,0x00,0x00,0x00,0x00,0x00,0x10,
    0x38,0x10,0x00,0x00,0x00,0x00,0x00,0x02,0x00,0x00,0x11,0x01,0x01,0x81,0x01,0x01,0x01,0x01,0x00,0x00,0x00,0x00,0x00,0x00,0x01,0x00,0x00,0x07,0x38,0xe0,0x80,0x00,
    0x00,0x00,0x80,0x78,0x07,0x00,0x00,0x00,0x00,0x00,0x00,0x00,0x00,0x00,0x80,0x00,0x00,0x20,0x00,0x00,0x04,0x00,0x00,0x00,0x00,0x00,0x00,0x20,0x70,0x20,0x00,0x00,
    0x00,0x04,0x80,0x00,0x00,0xc0,0x60,0x10,0x08,0x89,0x88,0xc8,0x78,0x08,0x00,0x02,0xe7,0x22,0x60,0xc0,0x06,0x4f,0x09,0x11,0x11,0x11,0x11,0x0b,0x0e,0x0c,0x00,0x11
  },
  { // 83
    0x00,0x00,0x00,0x00,0x00,0x00,0x00,0x00,0x00,0x00,0x00,0x00,0x00,0x00,0x00,0x00,0x00,0x00,0x00,0x00,0x00,0x00,0x00,0x00,0x00,0x00,0x00,0x00,0x00,0x00,0x00,0x00,
    0x00,0x00,0x00,0x40,0x04,0x00,0x00,0x00,0x03,0x06,0x18,0x30,0x60,0xc0,0x80,0x00,0x00,0x00,0x01,0x01,0x03,0x06,0x04,0x18,0x30,0x40,0x83,0x0c,0x10,0x20,0x60,0x18,
    0x07,0x00,0xe0,0x18,0x04,0x03,0x81,0x80,0x80,0x80,0xc0,0x40,0x20,0x30,0x18,0x0c,0x06,0x01,0x00,0x00,0x00,0x00,0x00,0x00,0x04,0x40,0x00,0x00,0x00,0x00,0x00,0x00,
    0x00,0x00,0x00,0x00,0x00,0x00,0x00,0x00,0x10,0x00,0x00,0x00,0x00,0x00,0x00,0x00,0x00,0x00,0x00,0x00,0x00,0x00,0x00,0x00,0x00,0x00,0x00,0x00,0x00,0x00,0x00,0x00,
    0x00,0x00,0x00,0x00,0x40,0x00,0x00,0x00,0x08,0x00,0x00,0x00,0x00,0xe2,0x30,0x18,0xf0,0x00,0x04,0x00,0x00,0x00,0x10,0x00,0x00,0x00,0x00,0x00,0x00,0x00,0x01,0x00,
    0x00,0x00,0x00,0x44,0x00,0x00,0x00,0x00,0x00,0x00,0x00,0x00,0x00,0x00,0x00,0x89,0x81,0x41,0x62,0x22,0x22,0x22,0x22,0x12,0x12,0x11,0xf1,0x10,0x00,0x04,0xce,0x84,
    0x00,0x01,0x31,0x51,0x89,0x09,0x08,0x08,0x08,0x08,0x08,0x10,0x10,0x12,0x20,0x60,0xc0,0x80,0x00,0x00,0x00,0x00,0x00,0x00,0x00,0x44,0x00,0x00,0x00,0x00,0x00,0x00,
    0x00,0x00,0x00,0x00,0x00,0x00,0x40,0x00,0x00,0x00,0x08,0x00,0x00,0x00,0x00,0x04,0x00,0x00,0x80,0xc4,0x60,0xe0,0x81,0x00,0x10,0x00,0x00,0x80,0x00,0x00,0x00,0x00,
    0x00,0x00,0x84,0x00,0x00,0x06,0x0e,0x1a,0x12,0x52,0x16,0x99,0x80,0x23,0x76,0xa6,0x03,0x30,0x2a,0xac,0x24,0x24,0x34,0x1c,0x08,0x01,0x20,0x00,0x00,0x00,0x00,0x00,
    0x00,0x00,0x00,0x00,0x04,0x00,0x40,0x00,0x00,0x00,0xc0,0x30,0x0c,0x06,0x03,0x01,0x00,0x80,0x80,0xc0,0x40,0x20,0x30,0x18,0x04,0x03,0x00,0xe0,0x1c,0x03,0x00,0x00,
    0x01,0x06,0x18,0xe0,0x01,0x03,0x04,0x8c,0x18,0x10,0x10,0x20,0x20,0x20,0x20,0x20,0x20,0x21,0x23,0x2c,0x38,0x00,0x40,0x00,0x04,0x00,0x00,0x00,0x00,0x00,0x00,0x00,
    0x00,0x40,0x00,0x02,0x00,0x00,0x06,0x1e,0x22,0x42,0x42,0x44,0xdc,0xf0,0x04,0x00,0x00,0x7f,0x21,0x30,0x10,0x0c,0x23,0x00,0x80,0x00,0x00,0x00,0x00,0x00,0x08,0x00,
    0x00,0x00,0x00,0x00,0x10,0x00,0x00,0x18,0x9e,0x13,0x19,0x0c,0x07,0x04,0x00,0x0f,0x19,0x31,0x23,0x7e,0x00,0x00,0x40,0x00,0x00,0x04,0x00,0x00,0x00,0x00,0x00,0x10,
    0x38,0x10,0x00,0x00,0x00,0x00,0x00,0x00,0x02,0x00,0x11,0x01,0x01,0x81,0x01,0x01,0x01,0x00,0x00,0x00,0x00,0x00,0x00,0x01,0x00,0x00,0x00,0x0f,0x38,0xc0,0x00,0x00,
    0x00,0x00,0xc0,0x3f,0x00,0x00,0x00,0x00,0x00,0x00,0x00,0x00,0x00,0x00,0x00,0x80,0x00,0x00,0x10,0x00,0x02,0x00,0x00,0x00,0x00,0x00,0x00,0x20,0x70,0x20,0x00,0x00,
    0x00,0x04,0x80,0x00,0x00,0xc0,0x60,0x10,0x08,0x89,0x88,0xc8,0x78,0x18,0x00,0x02,0xc7,0x22,0x60,0xc0,0x86,0x4f,0x09,0x19,0x10,0x11,0x19,0x0b,0x0e,0x04,0x00,0x11
  },
  { // 84
    0x00,0x00,0x00,0x00,0x00,0x00,0x00,0x00,0x00,0x00,0x00,0x00,0x00,0x00,0x00,0x00,0x00,0x00,0x00,0x00,0x00,0x00,0x00,0x00,0x00,0x00,0x00,0x00,0x00,0x00,0x00,0x00,
    0x00,0x00,0x00,0x40,0x04,0x00,0x00,0x00,0x03,0x06,0x1c,0x30,0x60,0x40,0x80,0x80,0x00,0x00,0x00,0x01,0x03,0x02,0x04,0x08,0x30,0x40,0x83,0x04,0x18,0x20,0x60,0x18,
    0x06,0x01,0xc0,0x30,0x0c,0x03,0x81,0x80,0x80,0x80,0xc0,0x40,0x40,0x20,0x30,0x08,0x06,0x01,0x00,0x00,0x00,0x00,0x00,0x00,0x04,0x40,0x00,0x00,0x00,0x00,0x00,0x00,
    0x00,0x00,0x00,0x00,0x00,0x00,0x00,0x00,0x10,0x00,0x00,0x00,0x00,0x00,0x00,0x00,0x00,0x00,0x00,0x00,0x00,0x00,0x00,0x00,0x00,0x00,0x00,0x00,0x00,0x00,0x00,0x00,
    0x00,0x00,0x00,0x00,0x40,0x00,0x00,0x00,0x04,0x00,0x00,0x00,0x00,0xe2,0x30,0x18,0xf0,0x00,0x04,0x00,0x00,0x00,0x10,0x00,0x00,0x00,0x00,0x00,0x00,0x00,0x01,0x00,
    0x00,0x00,0x00,0x44,0x00,0x00,0x00,0x00,0x00,0x00,0x00,0x00,0x00,0x00,0x80,0x89,0x41,0x41,0x61,0x23,0x22,0x22,0x32,0x12,0x11,0x91,0x71,0x10,0x00,0x04,0xce,0x84,
    0x00,0x01,0x31,0x51,0x91,0x09,0x09,0x08,0x08,0x18,0x10,0x10,0x10,0x32,0x20,0x40,0xc0,0x80,0x00,0x00,0x00,0x00,0x00,0x00,0x00,0x44,0x00,0x00,0x00,0x00,0x00,0x00,
    0x00,0x00,0x00,0x00,0x00,0x00,0x40,0x00,0x00,0x00,0x08,0x00,0x00,0x00,0x00,0x04,0x00,0x00,0x80,0xc0,0x64,0xe0,0x01,0x00,0x10,0x00,0x00,0x80,0x00,0x00,0x00,0x00,
    0x00,0x00,0x84,0x00,0x00,0x06,0x0e,0x12,0x12,0x52,0x16,0x99,0x80,0x23,0x76,0xa6,0x83,0x30,0x2a,0xac,0x24,0x24,0x34,0x1c,0x08,0x01,0x20,0x00,0x00,0x00,0x00,0x00,
    0x00,0x00,0x00,0x00,0x04,0x00,0x40,0x00,0x00,0x00,0xc0,0x30,0x0c,0x02,0x01,0x00,0x80,0x80,0x80,0x40,0x40,0x20,0x30,0x18,0x06,0x01,0x00,0xf0,0x0c,0x03,0x00,0x00,
    0x03,0x04,0x38,0xe0,0x01,0x02,0x04,0x88,0x18,0x10,0x20,0x20,0x20,0x20,0x20,0x20,0x20,0x21,0x27,0x2c,0x38,0x00,0x40,0x00,0x04,0x00,0x00,0x00,0x00,0x00,0x00,0x00,
    0x00,0x20,0x00,0x02,0x00,0x00,0x06,0x1e,0x22,0x42,0x42,0xc4,0x9c,0xf0,0x04,0x00,0x00,0x7f,0x21,0x30,0x18,0x0f,0x20,0x80,0x80,0x80,0x00,0x00,0x00,0x00,0x08,0x00,
    0x00,0x00,0x00,0x00,0x10,0x00,0x00,0x10,0xbe,0x13,0x11,0x0d,0x07,0x00,0x04,0x07,0x19,0x31,0x23,0x7e,0x00,0x00,0x40,0x00,0x00,0x04,0x00,0x00,0x00,0x00,0x00,0x10,
    0x38,0x10,0x00,0x00,0x00,0x00,0x00,0x00,0x02,0x01,0x11,0x01,0x01,0x81,0x01,0x01,0x00,0x00,0x00,0x00,0x00,0x00,0x00,0x01,0x00,0x00,0x00,0x0f,0x70,0x80,0x00,0x00,
    0x00,0x00,0xe0,0x3f,0x00,0x00,0x00,0x00,0x00,0x00,0x00,0x00,0x00,0x00,0x00,0x80,0x00,0x00,0x10,0x00,0x02,0x00,0x00,0x00,0x00,0x00,0x00,0x20,0x70,0x20,0x00,0x00,
    0x00,0x04,0x80,0x00,0x00,0x80,0xe0,0x30,0x18,0x0a,0x88,0xc8,0x78,0x18,0x00,0x02,0xe7,0x22,0x60,0xc0,0x86,0x4f,0x09,0x19,0x10,0x11,0x19,0x0b,0x0e,0x04,0x00,0x21
  },
  { // 85
    0x00,0x00,0x00,0x00,0x00,0x00,0x00,0x00,0x00,0x00,0x00,0x00,0x00,0x00,0x00,0x00,0x00,0x00,0x00,0x00,0x00,0x00,0x00,0x00,0x00,0x00,0x00,0x00,0x00,0x00,0x00,0x00,
    0x00,0x00,0x00,0x40,0x04,0x00,0x00,0x00,0x01,0x07,0x0c,0x18,0x20,0x40,0x80,0x80,0x80,0x00,0x00,0x01,0x03,0x02,0x04,0x08,0x30,0x40,0x83,0x06,0x18,0x20,0x60,0x18,
    0x0e,0x01,0xc0,0x30,0x0c,0x02,0x01,0x80,0x80,0x80,0x80,0x40,0x40,0x20,0x30,0x18,0x04,0x03,0x00,0x00,0x00,0x00,0x00,0x00,0x04,0x40,0x00,0x00,0x00,0x00,0x00,0x00,
    0x00,0x00,0x00,0x00,0x00,0x00,0x00,0x00,0x00,0x00,0x00,0x00,0x00,0x00,0x00,0x00,0x00,0x00,0x00,0x00,0x00,0x00,0x00,0x00,0x00,0x00,0x00,0x00,0x00,0x00,0x00,0x00,
    0x00,0x00,0x00,0x00,0x00,0x40,0x00,0x00,0x04,0x00,0x00,0x00,0x00,0xe2,0x38,0x18,0xf0,0x00,0x04,0x00,0x00,0x00,0x10,0x00,0x00,0x00,0x00,0x00,0x00,0x00,0x01,0x00,
    0x00,0x00,0x00,0x44,0x00,0x00,0x00,0x00,0x00,0x00,0x00,0x00,0x00,0x00,0x80,0x88,0x41,0x41,0x21,0x21,0x22,0x22,0x12,0x13,0x11,0x91,0x71,0x10,0x00,0x04,0xce,0x84,
    0x00,0x01,0x31,0x51,0x91,0x19,0x09,0x08,0x08,0x10,0x10,0x10,0x30,0x22,0x20,0x40,0x80,0x00,0x00,0x00,0x00,0x00,0x00,0x00,0x00,0x44,0x00,0x00,0x00,0x00,0x00,0x00,
    0x00,0x00,0x00,0x00,0x00,0x00,0x00,0x20,0x00,0x00,0x00,0x08,0x00,0x00,0x00,0x04,0x00,0x00,0xc0,0x40,0x64,0xe0,0x01,0x00,0x10,0x00,0x00,0x00,0x00,0x00,0x00,0x00,
    0x00,0x00,0x84,0x00,0x00,0x06,0x1a,0x12,0x12,0x52,0x14,0x99,0x80,0x23,0x76,0xa6,0x81,0x30,0x2e,0xa4,0x24,0x24,0x34,0x1c,0x08,0x02,0x20,0x00,0x00,0x00,0x00,0x00,
    0x00,0x00,0x00,0x00,0x04,0x00,0x40,0x00,0x00,0x00,0xe0,0x18,0x04,0x03,0x81,0x80,0x80,0x80,0xc0,0x40,0x40,0x20,0x10,0x08,0x06,0x01,0x00,0xf0,0x0e,0x03,0x00,0x00,
    0x03,0x0c,0x38,0xe0,0x01,0x02,0x04,0x88,0x18,0x10,0x20,0x20,0x20,0x20,0x40,0x40,0x40,0x43,0x26,0x3c,0x30,0x00,0x00,0x20,0x04,0x00,0x00,0x00,0x00,0x00,0x00,0x00,
    0x00,0x20,0x00,0x02,0x00,0x00,0x0e,0x3a,0x62,0x42,0x46,0x8c,0x98,0xf0,0x04,0x00,0x00,0x7f,0x20,0x30,0x18,0x0f,0x20,0x80,0x80,0x80,0x00,0x00,0x01,0x00,0x10,0x00,
    0x00,0x00,0x00,0x00,0x10,0x00,0x00,0x00,0xbe,0x13,0x11,0x09,0x0f,0x00,0x04,0x07,0x1d,0x31,0x23,0x3e,0x00,0x00,0x40,0x00,0x00,0x04,0x00,0x00,0x00,0x00,0x00,0x10,
    0x38,0x10,0x00,0x00,0x00,0x00,0x00,0x00,0x04,0x01,0x01,0x21,0x01,0x01,0x81,0x00,0x00,0x00,0x00,0x00,0x00,0x00,0x00,0x01,0x00,0x00,0x00,0x1f,0xe0,0x80,0x00,0x00,
    0x00,0x80,0xe0,0x1f,0x00,0x00,0x00,0x00,0x00,0x00,0x00,0x00,0x00,0x00,0x00,0x80,0x00,0x00,0x10,0x00,0x00,0x02,0x00,0x00,0x00,0x00,0x00,0x20,0x70,0x20,0x00,0x00,
    0x00,0x04,0x40,0x00,0x00,0x80,0xe0,0x30,0x18,0x0a,0x88,0xc8,0x78,0x18,0x00,0x02,0xc7,0x22,0x60,0xc0,0x86,0x07,0x49,0x19,0x10,0x10,0x09,0x09,0x0e,0x06,0x00,0x21
  },
  { // 86
    0x00,0x00,0x00,0x00,0x00,0x00,0x00,0x00,0x00,0x00,0x00,0x00,0x00,0x00,0x00,0x00,0x00,0x00,0x00,0x00,0x00,0x00,0x00,0x00,0x00,0x00,0x00,0x00,0x00,0x00,0x80,0x00,
    0x00,0x00,0x00,0x80,0x08,0x00,0x00,0x00,0x00,0x03,0x04,0x18,0x30,0x40,0xc0,0x80,0x80,0x00,0x00,0x01,0x01,0x03,0x04,0x08,0x10,0x60,0x81,0x06,0x18,0x30,0x60,0x38,
    0x0e,0x01,0xc0,0x30,0x0c,0x06,0x03,0x01,0x80,0x80,0x80,0x80,0x40,0x60,0x30,0x18,0x04,0x03,0x00,0x00,0x00,0x00,0x00,0x00,0x02,0x20,0x00,0x00,0x00,0x00,0x00,0x00,
    0x00,0x00,0x00,0x00,0x00,0x00,0x00,0x00,0x00,0x00,0x00,0x00,0x00,0x00,0x00,0x00,0x00,0x00,0x00,0x00,0x00,0x00,0x00,0x00,0x00,0x00,0x00,0x00,0x00,0x00,0x00,0x00,
    0x00,0x00,0x00,0x00,0x00,0x20,0x00,0x00,0x00,0x04,0x00,0x00,0x00,0xe2,0x18,0x18,0xe0,0x00,0x04,0x00,0x00,0x00,0x10,0x00,0x00,0x00,0x00,0x00,0x00,0x01,0x03,0x01,
    0x00,0x00,0x00,0x88,0x00,0x00,0x00,0x00,0x00,0x00,0x00,0x00,0x00,0x00,0x80,0xc8,0x41,0x21,0x21,0x21,0x21,0x11,0x11,0x11,0x11,0x91,0x71,0x10,0x00,0x84,0xce,0x84,
    0x00,0x01,0x31,0xd1,0x11,0x11,0x11,0x11,0x10,0x10,0x10,0x10,0x30,0x22,0x60,0x40,0x80,0x00,0x00,0x00,0x00,0x00,0x00,0x00,0x00,0x22,0x00,0x00,0x00,0x00,0x00,0x00,
    0x00,0x00,0x00,0x00,0x00,0x00,0x00,0x20,0x00,0x00,0x00,0x08,0x00,0x00,0x00,0x04,0x00,0x80,0xc0,0x40,0x28,0xe0,0x01,0x00,0x20,0x00,0x00,0x00,0x00,0x00,0x00,0x00,
    0x00,0x00,0x84,0x00,0x00,0x0e,0x1a,0x12,0x12,0x52,0x14,0x99,0x80,0x23,0x76,0x26,0x81,0x3a,0x2c,0xa4,0x24,0x24,0x34,0x1c,0x0c,0x02,0x40,0x00,0x00,0x00,0x00,0x00,
    0x00,0x00,0x00,0x00,0x08,0x00,0x40,0x00,0x00,0x80,0xe0,0x98,0x84,0x83,0x81,0x80,0x80,0x80,0xc0,0x40,0x60,0x30,0x18,0x0c,0x06,0x01,0x80,0x70,0x0e,0x03,0x00,0x01,
    0x03,0x0c,0x30,0xc0,0x01,0x02,0x84,0x18,0x10,0x30,0x20,0x20,0x60,0x40,0x40,0x40,0x41,0x43,0x44,0x58,0x60,0x00,0x00,0x20,0x02,0x00,0x00,0x00,0x00,0x00,0x00,0x00,
    0x00,0x00,0x20,0x00,0x02,0x00,0x0e,0x3a,0x62,0x42,0xc6,0x8c,0x98,0xe0,0x04,0x00,0x00,0x7f,0x20,0x30,0x18,0x0f,0x20,0x80,0x80,0x80,0x80,0x00,0x01,0x00,0x10,0x00,
    0x00,0x00,0x00,0x00,0x10,0x00,0x00,0x80,0x3e,0x33,0x11,0x19,0x0f,0x00,0x04,0x07,0x1d,0x31,0x23,0x3e,0x00,0x00,0x40,0x00,0x00,0x04,0x00,0x00,0x00,0x00,0x00,0x10,
    0x38,0x10,0x00,0x00,0x00,0x00,0x00,0x00,0x04,0x00,0x00,0x20,0x00,0x00,0x00,0x00,0x00,0x00,0x00,0x00,0x00,0x00,0x00,0x01,0x00,0x00,0x03,0x3c,0x60,0x80,0x00,0x00,
    0x00,0x80,0x70,0x1f,0x00,0x00,0x00,0x00,0x00,0x00,0x00,0x00,0x00,0x00,0x00,0x80,0x00,0x00,0x10,0x00,0x00,0x02,0x00,0x00,0x00,0x00,0x00,0x20,0x70,0x20,0x00,0x00,
    0x00,0x04,0x40,0x00,0x00,0x80,0xe0,0x30,0x10,0x0a,0x88,0xc8,0x78,0x18,0x00,0x02,0xc7,0x22,0x60,0xc0,0x86,0x07,0x29,0x08,0x10,0x18,0x09,0x09,0x07,0x06,0x20,0x01
  },
  { // 87
    0x00,0x00,0x00,0x00,0x00,0x00,0x00,0x00,0x00,0x00,0x00,0x00,0x00,0x00,0x00,0x00,0x00,0x00,0x00,0x00,0x00,0x00,0x00,0x00,0x00,0x00,0x00,0x00,0x00,0x00,0x80,0x00,
    0x00,0x00,0x00,0x80,0x08,0x00,0x00,0x00,0x00,0x01,0x06,0x08,0x30,0x60,0xc0,0x80,0x80,0x00,0x00,0x00,0x01,0x03,0x06,0x0c,0x10,0x60,0x81,0x06,0x18,0x30,0x60,0x38,
    0x0c,0x03,0xc0,0x30,0x08,0x06,0x03,0x01,0x00,0x80,0x80,0x80,0x40,0x60,0x20,0x10,0x0c,0x03,0x01,0x00,0x00,0x00,0x00,0x02,0x00,0x20,0x00,0x00,0x00,0x00,0x00,0x00,
    0x00,0x00,0x00,0x00,0x00,0x00,0x00,0x00,0x00,0x00,0x00,0x00,0x00,0x00,0x00,0x00,0x00,0x00,0x00,0x00,0x00,0x00,0x00,0x00,0x00,0x00,0x00,0x00,0x00,0x00,0x00,0x00,
    0x00,0x00,0x00,0x00,0x00,0x20,0x00,0x00,0x00,0x04,0x00,0x00,0x00,0xf2,0x18,0x38,0xe0,0x00,0x04,0x00,0x00,0x00,0x00,0x20,0x00,0x00,0x00,0x00,0x00,0x01,0x03,0x01,
    0x00,0x00,0x00,0x88,0x00,0x00,0x00,0x00,0x00,0x00,0x00,0x00,0x00,0x00,0x80,0xc8,0x40,0x21,0x21,0x21,0x11,0x11,0x11,0x11,0x11,0x91,0x71,0x10,0x00,0x84,0xce,0x84,
    0x00,0x01,0x31,0xd1,0x11,0x11,0x11,0x11,0x11,0x10,0x10,0x10,0x20,0x22,0x60,0xc0,0x80,0x00,0x00,0x00,0x00,0x00,0x00,0x00,0x00,0x22,0x00,0x00,0x00,0x00,0x00,0x00,
    0x00,0x00,0x00,0x00,0x00,0x00,0x00,0x20,0x00,0x00,0x00,0x08,0x00,0x00,0x00,0x00,0x04,0x80,0xc0,0x60,0x28,0xc0,0x01,0x00,0x20,0x00,0x00,0x00,0x00,0x00,0x00,0x00,
    0x00,0x00,0x84,0x00,0x00,0x0e,0x1a,0x12,0x32,0x66,0x1c,0x99,0x80,0x23,0x76,0x27,0x81,0x3a,0x2c,0xa4,0x24,0x24,0x14,0x1c,0x04,0x02,0x40,0x00,0x00,0x00,0x00,0x00,
    0x00,0x00,0x00,0x00,0x00,0x08,0x80,0x00,0x00,0xc0,0xf0,0x98,0x86,0x81,0x80,0x80,0x80,0xc0,0x40,0x40,0x20,0x30,0x18,0x0c,0x02,0x01,0xc0,0x78,0x06,0x03,0x00,0x01,
    0x03,0x0c,0x70,0x80,0x01,0x06,0x8c,0x18,0x10,0x20,0x20,0x60,0x40,0x40,0x40,0x40,0x41,0x42,0x4c,0x50,0x60,0x00,0x00,0x20,0x02,0x00,0x00,0x00,0x00,0x00,0x00,0x00,
    0x00,0x00,0x20,0x00,0x02,0x00,0x0e,0x32,0x62,0x42,0xc4,0x8c,0xb8,0xe0,0x04,0x00,0x06,0x7b,0x20,0x30,0x18,0x0f,0xa0,0x80,0x80,0x80,0x80,0x00,0x01,0x00,0x10,0x00,
    0x00,0x00,0x00,0x00,0x08,0x00,0x00,0x80,0x3e,0x33,0x11,0x19,0x0f,0x00,0x04,0x00,0x1f,0x11,0x33,0x2e,0x38,0x40,0x00,0x00,0x00,0x08,0x00,0x00,0x00,0x00,0x00,0x10,
    0x38,0x10,0x00,0x00,0x00,0x00,0x00,0x00,0x04,0x00,0x00,0x20,0x00,0x00,0x00,0x00,0x00,0x00,0x00,0x00,0x00,0x00,0x00,0x01,0x00,0x00,0x07,0x38,0xc0,0x00,0x00,0x00,
    0x00,0xc0,0x78,0x07,0x00,0x00,0x00,0x00,0x00,0x00,0x00,0x00,0x00,0x00,0x00,0x00,0x40,0x00,0x00,0x10,0x00,0x01,0x00,0x00,0x00,0x00,0x00,0x20,0x70,0x20,0x00,0x00,
    0x00,0x02,0x40,0x00,0x00,0x00,0xe0,0x30,0x10,0x1a,0x08,0x88,0x68,0x18,0x00,0x02,0xc7,0x72,0x60,0x40,0x86,0x05,0x29,0x08,0x08,0x08,0x09,0x0d,0x07,0x06,0x20,0x02
  },
  { // 88
    0x00,0x00,0x00,0x00,0x00,0x00,0x00,0x00,0x00,0x00,0x00,0x00,0x00,0x00,0x00,0x00,0x00,0x00,0x00,0x00,0x00,0x00,0x00,0x00,0x00,0x00,0x00,0x00,0x00,0x00,0x80,0x00,
    0x00,0x00,0x00,0x80,0x08,0x01,0x00,0x00,0x00,0x01,0x06,0x08,0x10,0x60,0x40,0xc0,0x80,0x80,0x00,0x00,0x01,0x03,0x06,0x0c,0x10,0x60,0x81,0x07,0x1c,0x30,0x60,0x38,
    0x0c,0x03,0xc0,0x30,0x08,0x06,0x03,0x01,0x00,0x80,0x80,0x80,0xc0,0x40,0x20,0x10,0x0c,0x06,0x01,0x00,0x00,0x00,0x00,0x02,0x20,0x00,0x00,0x00,0x00,0x00,0x00,0x00,
    0x00,0x00,0x00,0x00,0x00,0x00,0x00,0x00,0x00,0x00,0x00,0x00,0x00,0x00,0x00,0x00,0x00,0x00,0x00,0x00,0x00,0x00,0x00,0x00,0x00,0x00,0x00,0x00,0x00,0x00,0x00,0x00,
    0x00,0x00,0x00,0x00,0x00,0x20,0x00,0x00,0x00,0x04,0x00,0x00,0xc0,0xf0,0x1a,0x30,0xe0,0x00,0x00,0x04,0x00,0x00,0x00,0x20,0x00,0x00,0x00,0x00,0x00,0x01,0x03,0x01,
    0x00,0x00,0x00,0x08,0x80,0x00,0x00,0x00,0x00,0x00,0x00,0x00,0x00,0x00,0x80,0x44,0x60,0x21,0x21,0x31,0x11,0x11,0x11,0x11,0x11,0x91,0x71,0x10,0x00,0x84,0xce,0x84,
    0x00,0x01,0x31,0xd1,0x11,0x11,0x11,0x11,0x11,0x11,0x10,0x30,0x20,0x64,0x40,0xc0,0x00,0x00,0x00,0x00,0x00,0x00,0x00,0x00,0x00,0x22,0x00,0x00,0x00,0x00,0x00,0x00,
    0x00,0x00,0x00,0x00,0x00,0x00,0x00,0x20,0x00,0x00,0x00,0x08,0x00,0x00,0x00,0x00,0x04,0x80,0xc0,0x60,0x28,0xc0,0x01,0x00,0x00,0x20,0x00,0x00,0x00,0x00,0x00,0x00,
    0x00,0x00,0x84,0x00,0x00,0x0e,0x1a,0x12,0x32,0xa6,0x3c,0x19,0x80,0x23,0x74,0x27,0x81,0x1a,0x2c,0xa4,0x26,0x32,0x14,0x0c,0x04,0x02,0x40,0x00,0x00,0x00,0x00,0x00,
    0x00,0x00,0x00,0x00,0x00,0x08,0x80,0x00,0x00,0xe0,0xb0,0x8c,0x86,0x81,0x80,0x80,0x80,0x40,0x40,0x40,0x20,0x30,0x18,0x0c,0x02,0x01,0xc0,0x38,0x06,0x03,0x00,0x01,
    0x07,0x1c,0xf0,0x80,0x01,0x06,0x8c,0x18,0x10,0x20,0x20,0x40,0x40,0x40,0x40,0x40,0x41,0x42,0x4c,0x70,0x40,0x00,0x00,0x10,0x02,0x00,0x00,0x00,0x00,0x00,0x00,0x00,
    0x00,0x00,0x20,0x00,0x01,0x00,0x1e,0x32,0x62,0x46,0x84,0x8c,0xb8,0xe0,0x04,0x00,0x0e,0x7b,0x20,0x30,0x18,0x07,0xa0,0x80,0x80,0x80,0x80,0x00,0x01,0x00,0x10,0x00,
    0x00,0x00,0x00,0x00,0x08,0x00,0x00,0x80,0x3e,0x33,0x11,0x19,0x0f,0x00,0x04,0x00,0x0f,0x11,0x33,0x26,0x38,0x80,0x00,0x00,0x00,0x08,0x00,0x00,0x00,0x00,0x00,0x10,
    0x38,0x10,0x00,0x00,0x00,0x00,0x00,0x00,0x00,0x04,0x00,0x20,0x00,0x00,0x00,0x00,0x00,0x00,0x00,0x00,0x00,0x00,0x00,0x01,0x00,0x00,0x0f,0x78,0xc0,0x00,0x00,0x00,
    0x00,0xc0,0x38,0x07,0x00,0x00,0x00,0x00,0x00,0x00,0x00,0x00,0x00,0x00,0x00,0x00,0x40,0x00,0x00,0x08,0x00,0x01,0x00,0x00,0x00,0x00,0x00,0x20,0x70,0x20,0x00,0x00,
    0x00,0x02,0x40,0x00,0x00,0x00,0xc0,0x70,0x10,0x1a,0x08,0x88,0x68,0x18,0x00,0x02,0xc7,0x72,0x60,0x40,0x87,0x05,0x2d,0x08,0x08,0x08,0x08,0x0d,0x07,0x02,0x20,0x02
  },
  { // 89
    0x00,0x00,0x00,0x00,0x00,0x00,0x00,0x00,0x00,0x00,0x00,0x00,0x00,0x00,0x00,0x00,0x00,0x00,0x00,0x00,0x04,0x00,0x00,0x00,0x00,0x00,0x00,0x00,0x00,0x00,0x80,0x00,
    0x00,0x00,0x00,0x00,0x10,0x01,0x00,0x00,0x00,0x01,0x02,0x0c,0x18,0x30,0x60,0x40,0x80,0x80,0x00,0x00,0x01,0x03,0x02,0x04,0x18,0x60,0x81,0x07,0x0c,0x30,0x60,0x38,
    0x0c,0x07,0xc0,0x20,0x18,0x04,0x03,0x01,0x00,0x00,0x80,0x80,0xc0,0x40,0x20,0x30,0x18,0x0e,0x03,0x00,0x00,0x00,0x00,0x01,0x10,0x00,0x00,0x00,0x00,0x00,0x00,0x00,
    0x00,0x00,0x00,0x00,0x00,0x00,0x00,0x00,0x00,0x00,0x00,0x00,0x00,0x00,0x00,0x00,0x00,0x00,0x00,0x00,0x00,0x00,0x80,0x00,0x00,0x00,0x00,0x00,0x00,0x00,0x00,0x00,
    0x00,0x00,0x00,0x00,0x00,0x20,0x00,0x00,0x00,0x04,0x00,0x00,0xc0,0x70,0x1a,0x30,0xe0,0x00,0x00,0x04,0x00,0x00,0x00,0x20,0x00,0x00,0x00,0x00,0x00,0x01,0x03,0x01,
    0x00,0x00,0x00,0x11,0x00,0x00,0x00,0x00,0x00,0x00,0x00,0x00,0x00,0x80,0x80,0x44,0x60,0x21,0x21,0x11,0x11,0x11,0x11,0x11,0x11,0x91,0x71,0x11,0x00,0x84,0xce,0x84,
    0x00,0x11,0x31,0xd1,0x11,0x11,0x11,0x11,0x11,0x11,0x10,0x30,0x20,0x44,0xc0,0x80,0x00,0x00,0x00,0x00,0x00,0x00,0x00,0x00,0x00,0x11,0x00,0x00,0x00,0x00,0x00,0x00,
    0x00,0x00,0x00,0x00,0x00,0x00,0x00,0x20,0x00,0x00,0x00,0x08,0x00,0x00,0x00,0x00,0x04,0x80,0xc0,0x60,0x60,0xc9,0x03,0x01,0x00,0x20,0x00,0x00,0x00,0x00,0x00,0x00,
    0x00,0x00,0x40,0x02,0x00,0x0c,0x1a,0x32,0x22,0xa6,0x3c,0x1a,0x80,0x23,0x74,0x27,0x81,0x1a,0x2c,0xa4,0x22,0x32,0x16,0x0c,0x00,0x02,0x40,0x00,0x00,0x00,0x00,0x00,
    0x00,0x00,0x00,0x00,0x01,0x10,0x80,0x00,0x00,0xe0,0xb8,0x8e,0x83,0x81,0x80,0x80,0x40,0x40,0x40,0x20,0x20,0x10,0x18,0x04,0x03,0x00,0xe0,0x1c,0x06,0x03,0x00,0x01,
    0x06,0x1c,0xf0,0x00,0x03,0x04,0x88,0x18,0x30,0x20,0x60,0x40,0x40,0x40,0x40,0x41,0x43,0x46,0x48,0x70,0x40,0x00,0x00,0x10,0x01,0x00,0x00,0x00,0x00,0x00,0x00,0x00,
    0x00,0x00,0x10,0x00,0x01,0x00,0x1e,0x32,0x42,0xc4,0x84,0x8c,0xb8,0xe0,0x04,0x00,0x0f,0x71,0x20,0x30,0x0c,0x07,0xa0,0x80,0x80,0x80,0x80,0x80,0x01,0x00,0x10,0x00,
    0x00,0x00,0x00,0x00,0x08,0x00,0x00,0x80,0x3c,0x26,0x11,0x19,0x0f,0x00,0x04,0x00,0x0f,0x11,0x33,0x26,0x3c,0x80,0x00,0x00,0x08,0x00,0x00,0x00,0x00,0x00,0x00,0x00,
    0x10,0x00,0x00,0x00,0x00,0x00,0x00,0x00,0x00,0x08,0x00,0x40,0x00,0x00,0x00,0x00,0x00,0x00,0x00,0x00,0x00,0x00,0x01,0x00,0x00,0x00,0x1f,0x60,0xc0,0x00,0x00,0x00,
    0x00,0xe0,0x1f,0x00,0x00,0x00,0x00,0x00,0x00,0x00,0x00,0x00,0x00,0x00,0x00,0x00,0x40,0x00,0x00,0x08,0x00,0x01,0x00,0x00,0x00,0x00,0x00,0x20,0x70,0x20,0x00,0x00,
    0x00,0x02,0x40,0x00,0x00,0x00,0xc0,0x60,0x10,0x1a,0x08,0x88,0xe8,0x38,0x00,0x02,0x87,0x72,0x20,0x60,0x87,0x05,0x2d,0x08,0x08,0x08,0x08,0x0d,0x07,0x02,0x40,0x02
  }
};
