// レインボー (128x32) 90 frames @ 15fps — SSD1306 128x32 native page format
#pragma once
#define ANIM_RAINBOW_FRAMES 90
const uint8_t PROGMEM anim_rainbow[ANIM_RAINBOW_FRAMES][512] = {
  { // 0
    0x00,0x80,0x80,0x80,0x80,0xe0,0xe0,0xe0,0xf0,0xe0,0xe0,0x70,0xf0,0xf0,0xf0,0xf0,0xe0,0x80,0x80,0x80,0x00,0x00,0x00,0x00,0x00,0x00,0x00,0x10,0x00,0x00,0x00,0x00,
    0x00,0x00,0x00,0x00,0x00,0x00,0x00,0x00,0x00,0x00,0x00,0x80,0x80,0xc0,0xc0,0x40,0x60,0x60,0x20,0xb0,0xb0,0x90,0xd0,0xd0,0xd8,0x58,0x58,0x48,0x48,0x48,0x48,0x48,
    0x48,0x48,0x48,0x48,0x58,0x58,0xd8,0xd0,0xd0,0x90,0xb0,0xb0,0x20,0x60,0x60,0x48,0xdc,0xc8,0x80,0x80,0x00,0x00,0x00,0x00,0xc0,0x00,0x00,0x00,0x00,0x00,0x00,0x00,
    0x00,0x00,0x00,0x04,0x00,0x00,0x00,0x00,0x00,0x00,0x00,0x00,0x00,0x00,0xc0,0xc0,0xc0,0xe0,0xc0,0xc0,0xc0,0x80,0x88,0x80,0x80,0x00,0x00,0x00,0x00,0x00,0x00,0x00,
    0x00,0x01,0x01,0x01,0x01,0x01,0x00,0x01,0x81,0xc1,0xc1,0xc1,0xe1,0x71,0xf1,0xf1,0xe1,0xc1,0xc1,0xc1,0x80,0x00,0xc0,0x00,0x00,0x00,0x00,0x00,0x00,0x00,0x00,0x00,
    0x00,0x00,0x80,0xc2,0x67,0xb2,0xb8,0x9c,0x8e,0xa6,0x73,0x39,0x99,0xcc,0xe6,0x76,0x33,0x9b,0xd9,0xcd,0x6d,0x64,0x36,0x36,0x12,0x1a,0x1a,0x1b,0x0b,0x0b,0x0b,0x0b,
    0x0b,0x0b,0x0b,0x1b,0x1a,0x1a,0x12,0x36,0x36,0x64,0x6d,0xcd,0xd9,0x9b,0x33,0x76,0xe6,0xcc,0x99,0x39,0x73,0x67,0x8f,0x9d,0xbf,0xb1,0xa1,0x41,0x00,0x00,0x00,0x00,
    0x00,0x00,0x00,0x00,0x00,0x00,0x00,0x00,0x00,0x00,0x06,0x06,0x06,0x07,0x07,0x05,0x07,0x07,0x07,0x07,0x83,0xc7,0xc7,0xc7,0x87,0x07,0x06,0x06,0x06,0x01,0x00,0x00,
    0x20,0xa0,0xa0,0xa0,0xa0,0xa0,0x20,0x20,0x20,0x24,0x20,0x20,0x20,0x20,0x20,0x20,0x20,0x20,0x20,0x21,0x21,0x21,0x27,0x21,0x21,0x21,0x20,0x20,0x20,0x20,0x38,0x3c,
    0x3c,0xbc,0xbe,0xbc,0xbd,0xbd,0xbf,0x3f,0xbf,0xb7,0xb7,0xb6,0xbe,0xbe,0xbc,0xbc,0x3b,0xb7,0xb1,0x30,0x20,0x20,0x20,0x20,0x20,0x20,0x20,0x20,0x21,0x20,0x20,0x20,
    0x20,0x20,0x20,0x20,0x24,0x2e,0x24,0x20,0x20,0x20,0x20,0x20,0x31,0x37,0xb7,0xb8,0x3c,0xbd,0xbe,0xbe,0x36,0xb7,0xb7,0xbf,0xbf,0xbf,0xbd,0xbd,0xbc,0x3e,0xbc,0xbc,
    0x3d,0xba,0x20,0x20,0x20,0x20,0x20,0x20,0x20,0x20,0x20,0x20,0x20,0x20,0x20,0x20,0x22,0x23,0x23,0x23,0x23,0x21,0x23,0x23,0x23,0x23,0x2b,0x3f,0x2b,0x20,0x20,0x20,
    0x00,0x00,0x00,0x00,0x00,0x00,0x02,0x00,0x00,0x00,0x00,0x00,0x00,0x00,0x08,0x08,0x08,0x08,0x08,0x08,0x00,0x00,0x00,0x00,0x00,0x00,0x00,0x80,0x80,0x80,0x82,0x02,
    0x00,0x00,0x02,0x02,0x02,0x02,0x02,0x0a,0x0a,0x0a,0x00,0x02,0x00,0x02,0x0a,0x0a,0x08,0x20,0x20,0x20,0x22,0x0a,0x02,0x08,0x08,0x08,0x08,0x08,0x28,0x28,0x28,0x20,
    0x28,0x28,0x08,0x28,0x28,0x08,0x0a,0x0a,0x02,0x02,0x00,0x00,0x28,0x2a,0x28,0x2a,0x20,0x02,0x02,0x0a,0x0a,0x0a,0x02,0x00,0x02,0x02,0x02,0x02,0x00,0x02,0x02,0x02,
    0x00,0x00,0x00,0x00,0x00,0x08,0x08,0x08,0x08,0x08,0x08,0x00,0x00,0x00,0x02,0x00,0x00,0x00,0x80,0x80,0x80,0x80,0x80,0x00,0x00,0x00,0x20,0x70,0x20,0x00,0x00,0x00
  },
  { // 1
    0x00,0x00,0x80,0x80,0x80,0xc0,0xe0,0xe0,0xf0,0xf0,0xe0,0x70,0xf0,0xf0,0xf0,0xf0,0xe0,0x80,0x80,0x80,0x00,0x00,0x00,0x00,0x00,0x00,0x00,0x10,0x00,0x00,0x00,0x00,
    0x00,0x00,0x00,0x00,0x00,0x00,0x00,0x00,0x00,0x00,0x00,0x80,0x80,0xc0,0xc0,0x40,0x60,0x60,0x20,0xb0,0xb0,0x90,0xd0,0xd0,0xd8,0x58,0x58,0x48,0x48,0x48,0x48,0x48,
    0x48,0x48,0x48,0x48,0x58,0x58,0xd8,0xd0,0xd0,0x90,0xb0,0xb0,0x20,0x60,0x60,0x48,0xdc,0xc8,0x80,0x80,0x00,0x00,0x00,0x00,0x00,0x00,0x00,0x00,0x00,0x00,0x00,0x00,
    0x00,0x00,0x00,0x04,0x00,0x00,0x00,0x00,0x00,0x00,0x00,0x00,0x00,0x00,0xc0,0xc0,0xe0,0xe0,0xc0,0xc0,0x80,0x80,0x88,0x80,0x80,0x00,0x00,0x00,0x00,0x80,0x00,0x00,
    0x00,0x01,0x01,0x01,0x01,0x01,0x00,0x01,0x81,0xc1,0xc1,0xc1,0x61,0xf1,0xf1,0xf1,0xe1,0xc1,0xc1,0xc1,0x00,0x00,0xc0,0x00,0x00,0x00,0x00,0x00,0x00,0x00,0x00,0x00,
    0x00,0x00,0x40,0xc2,0x67,0xb2,0xb8,0x9c,0x8e,0xa6,0x73,0x39,0x99,0xcc,0xe6,0x76,0x33,0x9b,0xd9,0xcd,0x6d,0x64,0x36,0x36,0x12,0x1a,0x1a,0x1b,0x0b,0x0b,0x0b,0x0b,
    0x0b,0x0b,0x0b,0x1b,0x1a,0x1a,0x12,0x36,0x36,0x64,0x6d,0xcd,0xd9,0x9b,0x33,0x76,0xe6,0xcc,0x99,0x39,0x73,0x66,0x8e,0x9c,0xb9,0xb0,0xa0,0x40,0x00,0x00,0x00,0x00,
    0x00,0x00,0x00,0x00,0x00,0x00,0x00,0x00,0x00,0x00,0x06,0x06,0x06,0x07,0x07,0x05,0x07,0x07,0x07,0x07,0x83,0xc7,0xc7,0xc7,0x87,0x07,0x06,0x06,0x05,0x03,0x01,0x00,
    0x20,0xa0,0xa0,0xa0,0xa0,0xa0,0x20,0x20,0x20,0x24,0x20,0x20,0x20,0x20,0x20,0x20,0x20,0x20,0x20,0x21,0x21,0x21,0x27,0x21,0x21,0x21,0x20,0x20,0x20,0x20,0x38,0x3c,
    0x3c,0xbc,0xbe,0xbc,0xbd,0xbd,0xbf,0x3f,0xbf,0xb7,0xb7,0xb6,0xbe,0xbe,0xbc,0xbc,0x3b,0xb7,0xb1,0x30,0x20,0x20,0x20,0x20,0x20,0x20,0x20,0x20,0x21,0x20,0x20,0x20,
    0x20,0x20,0x20,0x20,0x24,0x2e,0x24,0x20,0x20,0x20,0x20,0x20,0x31,0x37,0xb7,0xb8,0x3c,0xbd,0xbe,0xbe,0x36,0xb7,0xb7,0xbf,0xbf,0xbf,0xbd,0xbd,0xbc,0x3e,0xbc,0xbc,
    0x3d,0xba,0x20,0x20,0x20,0x20,0x20,0x20,0x20,0x20,0x20,0x20,0x20,0x20,0x20,0x20,0x20,0x23,0x23,0x23,0x23,0x21,0x23,0x23,0x23,0x23,0x2b,0x3f,0x2b,0x20,0x20,0x20,
    0x00,0x00,0x00,0x00,0x00,0x00,0x02,0x00,0x00,0x00,0x00,0x00,0x00,0x00,0x08,0x08,0x08,0x08,0x08,0x08,0x00,0x00,0x00,0x00,0x00,0x00,0x80,0x80,0x80,0x80,0x02,0x02,
    0x00,0x00,0x02,0x02,0x02,0x02,0x02,0x0a,0x0a,0x0a,0x00,0x02,0x00,0x02,0x0a,0x0a,0x08,0x20,0x20,0x20,0x22,0x0a,0x02,0x08,0x08,0x08,0x08,0x08,0x28,0x28,0x28,0x20,
    0x28,0x28,0x08,0x28,0x28,0x08,0x0a,0x0a,0x02,0x02,0x00,0x00,0x28,0x2a,0x28,0x2a,0x20,0x02,0x02,0x0a,0x0a,0x0a,0x02,0x00,0x02,0x02,0x02,0x02,0x00,0x02,0x02,0x02,
    0x00,0x00,0x00,0x00,0x00,0x08,0x08,0x08,0x08,0x08,0x08,0x00,0x00,0x00,0x02,0x00,0x00,0x00,0x80,0x80,0x80,0x80,0x80,0x00,0x00,0x00,0x20,0x70,0x20,0x00,0x00,0x00
  },
  { // 2
    0x00,0x00,0x80,0x80,0x80,0xc0,0xe0,0xe0,0xf0,0xf0,0xe0,0xf0,0x70,0xf0,0xf0,0xf0,0xe0,0x80,0x80,0x80,0x00,0x00,0x00,0x00,0x00,0x00,0x00,0x10,0x00,0x00,0x00,0x00,
    0x00,0x00,0x00,0x00,0x00,0x00,0x00,0x00,0x00,0x00,0x00,0x80,0x80,0xc0,0xc0,0x40,0x60,0x60,0x20,0xb0,0xb0,0x90,0xd0,0xd0,0xd8,0x58,0x58,0x48,0x48,0x48,0x48,0x48,
    0x48,0x48,0x48,0x48,0x58,0x58,0xd8,0xd0,0xd0,0x90,0xb0,0xb0,0x20,0x60,0x60,0x48,0xdc,0xc8,0x80,0x80,0x00,0x00,0x00,0x00,0x00,0x00,0x00,0x00,0x00,0x00,0x00,0x00,
    0x00,0x00,0x00,0x00,0x00,0x00,0x00,0x00,0x00,0x00,0x00,0x00,0x00,0x80,0xc0,0xc0,0xe0,0xe0,0xc0,0xc0,0x80,0x80,0x88,0x80,0x80,0x00,0x00,0x00,0x00,0x80,0x00,0x00,
    0x00,0x01,0x01,0x01,0x01,0x01,0x00,0x01,0x81,0xc1,0xc1,0xc1,0x61,0xf1,0xf1,0xf1,0xe1,0xc1,0xc1,0xc1,0x00,0x00,0xc0,0x00,0x00,0x00,0x00,0x00,0x00,0x00,0x00,0x00,
    0x00,0x00,0x40,0xc2,0x67,0xb2,0xb8,0x9c,0x8e,0xa6,0x73,0x39,0x99,0xcc,0xe6,0x76,0x33,0x9b,0xd9,0xcd,0x6d,0x64,0x36,0x36,0x12,0x1a,0x1a,0x1b,0x0b,0x0b,0x0b,0x0b,
    0x0b,0x0b,0x0b,0x1b,0x1a,0x1a,0x12,0x36,0x36,0x64,0x6d,0xcd,0xd9,0x9b,0x33,0x76,0xe6,0xcc,0x99,0x39,0x73,0x66,0x8e,0x9c,0xb9,0xb0,0xa0,0x40,0x00,0x00,0x00,0x00,
    0x00,0x00,0x00,0x00,0x00,0x00,0x00,0x00,0x00,0x00,0x06,0x06,0x06,0x07,0x07,0x05,0x07,0x07,0x07,0x07,0x83,0xc7,0xc7,0xc7,0x87,0x06,0x06,0x06,0x05,0x03,0x01,0x00,
    0x20,0xa0,0xa0,0xa0,0xa0,0xa0,0x20,0x20,0x20,0x24,0x20,0x20,0x20,0x20,0x20,0x20,0x20,0x20,0x20,0x21,0x21,0x21,0x27,0x21,0x21,0x21,0x20,0x20,0x20,0x20,0x38,0x3c,
    0x3c,0xbc,0xbe,0xbc,0xbd,0xbd,0xbf,0x3f,0xbf,0xb7,0xb7,0xb6,0xbe,0xbe,0xbc,0xbc,0x3b,0xb7,0xb1,0x30,0x20,0x20,0x20,0x20,0x20,0x20,0x20,0x20,0x21,0x20,0x20,0x20,
    0x20,0x20,0x20,0x20,0x24,0x2e,0x24,0x20,0x20,0x20,0x20,0x20,0x31,0x37,0xb7,0xb8,0x3c,0xbd,0xbe,0xbe,0x36,0xb7,0xb7,0xbf,0xbf,0xbf,0xbd,0xbd,0xbc,0x3e,0xbc,0xbc,
    0x3d,0xba,0x20,0x20,0x20,0x20,0x20,0x20,0x20,0x20,0x20,0x20,0x20,0x20,0x20,0x20,0x20,0x23,0x23,0x23,0x23,0x21,0x23,0x23,0x23,0x23,0x2b,0x3f,0x2b,0x20,0x20,0x20,
    0x00,0x00,0x00,0x00,0x00,0x00,0x02,0x00,0x00,0x00,0x00,0x00,0x00,0x00,0x08,0x08,0x08,0x08,0x08,0x08,0x00,0x00,0x00,0x00,0x00,0x00,0x80,0x80,0x80,0x80,0x02,0x02,
    0x00,0x00,0x02,0x02,0x02,0x02,0x02,0x0a,0x0a,0x0a,0x00,0x02,0x00,0x02,0x0a,0x0a,0x08,0x20,0x20,0x20,0x22,0x0a,0x02,0x08,0x08,0x08,0x08,0x08,0x28,0x28,0x28,0x20,
    0x28,0x28,0x08,0x28,0x28,0x08,0x0a,0x0a,0x02,0x02,0x00,0x00,0x28,0x2a,0x28,0x2a,0x20,0x02,0x02,0x0a,0x0a,0x0a,0x02,0x00,0x02,0x02,0x02,0x02,0x00,0x02,0x02,0x02,
    0x00,0x00,0x00,0x00,0x00,0x08,0x08,0x08,0x08,0x08,0x08,0x00,0x00,0x00,0x02,0x00,0x00,0x00,0x80,0x80,0x80,0x80,0x80,0x00,0x00,0x00,0x20,0x70,0x20,0x00,0x00,0x00
  },
  { // 3
    0x00,0x00,0x80,0x80,0x80,0xc0,0xe0,0xe0,0xf0,0xf0,0xe0,0xe0,0x70,0xf0,0xf0,0xf0,0xe0,0x84,0x80,0x80,0x00,0x00,0x00,0x00,0x10,0x10,0x10,0x7c,0x10,0x10,0x10,0x00,
    0x00,0x00,0x00,0x00,0x00,0x00,0x00,0x00,0x00,0x00,0x00,0x80,0x80,0xc0,0xc0,0x40,0x60,0x60,0x20,0xb0,0xb0,0x90,0xd0,0xd0,0xd8,0x58,0x58,0x48,0x48,0x48,0x48,0x48,
    0x48,0x48,0x48,0x48,0x58,0x58,0xd8,0xd0,0xd0,0x90,0xb0,0xb0,0x20,0x60,0x60,0x48,0xdc,0xc8,0x80,0x80,0x00,0x00,0x00,0x00,0x00,0x00,0x00,0x00,0x00,0x00,0x00,0x00,
    0x00,0x00,0x00,0x00,0x00,0x00,0x00,0x00,0x00,0x00,0x00,0x00,0x00,0x80,0xc0,0xc0,0xe0,0xe0,0xc0,0xc0,0x80,0x80,0x88,0x80,0x00,0x00,0x00,0x00,0x00,0x80,0x00,0x00,
    0x00,0x01,0x01,0x01,0x01,0x01,0x00,0x01,0x81,0xc1,0xc1,0xe1,0x61,0xf1,0xf1,0xf1,0xe1,0xc1,0xc1,0xc1,0x00,0x00,0xc0,0x00,0x00,0x00,0x00,0x00,0x00,0x00,0x00,0x00,
    0x00,0x00,0x20,0xe2,0x67,0xba,0xb8,0xbc,0xae,0xa6,0x73,0x39,0x99,0xcc,0xe6,0x76,0x33,0x9b,0xd9,0xcd,0x6d,0x64,0x36,0x36,0x12,0x1a,0x1a,0x1b,0x0b,0x0b,0x0b,0x0b,
    0x0b,0x0b,0x0b,0x1b,0x1a,0x1a,0x12,0x36,0x36,0x64,0x6d,0xcd,0xd9,0x9b,0x33,0x76,0xe6,0xcc,0x99,0x39,0x73,0x66,0x8e,0x9c,0xb9,0xb0,0xa0,0x40,0x00,0x00,0x00,0x00,
    0x00,0x00,0x00,0x00,0x00,0x00,0x00,0x00,0x00,0x00,0x06,0x06,0x06,0x07,0x07,0x05,0x07,0x07,0x07,0x07,0x83,0xc7,0xc7,0xc7,0x87,0x86,0x06,0x06,0x05,0x03,0x01,0x00,
    0x20,0xa0,0xa0,0xa0,0xa0,0xa0,0x20,0x20,0x20,0x24,0x20,0x20,0x20,0x20,0x20,0x20,0x20,0x20,0x20,0x21,0x21,0x21,0x27,0x21,0x21,0x21,0x20,0x20,0x20,0x20,0x38,0x3c,
    0x3c,0xbc,0xbe,0xbc,0xbd,0xbd,0xbf,0x3f,0xbf,0xb7,0xb7,0xb6,0xbe,0xbe,0xbc,0xbc,0x3b,0xb7,0xb1,0x30,0x20,0x20,0x20,0x20,0x20,0x20,0x20,0x20,0x21,0x20,0x20,0x20,
    0x20,0x20,0x20,0x20,0x24,0x2e,0x24,0x20,0x20,0x20,0x20,0x20,0x31,0x37,0xb7,0xb8,0x3c,0xbd,0xbe,0xbe,0x36,0xb7,0xb7,0xbf,0xbf,0xbf,0xbd,0xbd,0xbc,0x3e,0xbc,0xbc,
    0x3d,0xba,0x20,0x20,0x20,0x20,0x20,0x20,0x20,0x20,0x20,0x20,0x20,0x20,0x20,0x20,0x20,0x23,0x23,0x23,0x23,0x21,0x23,0x23,0x23,0x23,0x23,0x2b,0x23,0x20,0x20,0x20,
    0x00,0x00,0x00,0x00,0x00,0x00,0x02,0x00,0x00,0x00,0x00,0x00,0x00,0x00,0x08,0x08,0x08,0x08,0x08,0x08,0x00,0x00,0x00,0x00,0x00,0x00,0x80,0x80,0x80,0x80,0x02,0x02,
    0x00,0x00,0x02,0x02,0x02,0x02,0x02,0x0a,0x0a,0x0a,0x00,0x02,0x00,0x02,0x0a,0x0a,0x08,0x20,0x20,0x20,0x22,0x0a,0x02,0x08,0x08,0x08,0x08,0x08,0x28,0x28,0x28,0x20,
    0x28,0x28,0x08,0x28,0x28,0x08,0x0a,0x0a,0x22,0x02,0x00,0x00,0x28,0x2a,0x28,0x2a,0x20,0x02,0x02,0x0a,0x0a,0x0a,0x02,0x00,0x02,0x02,0x02,0x02,0x00,0x02,0x02,0x02,
    0x00,0x00,0x00,0x00,0x00,0x08,0x08,0x08,0x08,0x08,0x08,0x00,0x00,0x00,0x02,0x00,0x00,0x00,0x80,0x80,0x80,0x80,0x80,0x00,0x00,0x00,0x20,0x70,0x20,0x00,0x00,0x00
  },
  { // 4
    0x00,0x00,0x80,0x80,0x80,0xc0,0xe0,0xe0,0xf0,0xf0,0xe0,0xe0,0x70,0xf0,0xf0,0xf0,0xe0,0xc4,0x80,0x80,0x00,0x00,0x00,0x00,0x10,0x10,0x10,0x7c,0x10,0x10,0x10,0x00,
    0x00,0x00,0x00,0x00,0x00,0x00,0x00,0x00,0x00,0x00,0x00,0x80,0x80,0xc0,0xc0,0x40,0x60,0x60,0x20,0xb0,0xb0,0x90,0xd0,0xd0,0xd8,0x58,0x58,0x48,0x48,0x48,0x48,0x48,
    0x48,0x48,0x48,0x48,0x58,0x58,0xd8,0xd0,0xd0,0x90,0xb0,0xb0,0x20,0x60,0x60,0x48,0xdc,0xc8,0x80,0x80,0x00,0x00,0x00,0x00,0x00,0x00,0x00,0x00,0x00,0x00,0x00,0x00,
    0x00,0x00,0x00,0x00,0x00,0x00,0x00,0x00,0x00,0x00,0x00,0x00,0x00,0x80,0xc0,0xc0,0xe0,0xe0,0xc0,0xc0,0x80,0x80,0x88,0x80,0x00,0x00,0x00,0x00,0x00,0x80,0x00,0x00,
    0x00,0x00,0x01,0x01,0x01,0x01,0x01,0x00,0xc1,0xc1,0xc1,0xe1,0x71,0xf1,0xf1,0xe1,0xe1,0xc1,0xc1,0x81,0x01,0x00,0xc0,0x00,0x00,0x00,0x00,0x00,0x00,0x00,0x00,0x00,
    0x00,0x00,0x00,0xe2,0x67,0xb2,0xb8,0xbc,0xae,0xa6,0x73,0x39,0x99,0xcc,0xe6,0x76,0x33,0x9b,0xd9,0xcd,0x6d,0x64,0x36,0x36,0x12,0x1a,0x1a,0x1b,0x0b,0x0b,0x0b,0x0b,
    0x0b,0x0b,0x0b,0x1b,0x1a,0x1a,0x12,0x36,0x36,0x64,0x6d,0xcd,0xd9,0x9b,0x33,0x76,0xe6,0xcc,0x99,0x39,0x73,0x66,0x8e,0x9c,0xb9,0xb0,0xa0,0x40,0x00,0x00,0x00,0x00,
    0x00,0x00,0x00,0x00,0x00,0x00,0x00,0x00,0x00,0x04,0x06,0x06,0x06,0x07,0x05,0x07,0x07,0x07,0x07,0x07,0x83,0x87,0xc7,0xc7,0xc7,0x86,0x06,0x06,0x01,0x03,0x01,0x00,
    0x20,0x20,0xa0,0xa0,0xa0,0xa0,0xa0,0x20,0x20,0x20,0x20,0x20,0x20,0x20,0x20,0x20,0x20,0x20,0x20,0x21,0x21,0x21,0x27,0x21,0x21,0x21,0x20,0x20,0x20,0x20,0x38,0x3c,
    0x3c,0xbc,0xbe,0x3c,0xbd,0xbd,0xbf,0xbf,0xbf,0xb7,0xb7,0xb6,0x3e,0xbe,0xbc,0xbc,0x3b,0xb7,0xb1,0x30,0x20,0x20,0x20,0x20,0x20,0x20,0x20,0x20,0x21,0x20,0x20,0x20,
    0x20,0x20,0x20,0x20,0x24,0x2e,0x24,0x20,0x20,0x20,0x20,0x20,0x31,0x37,0xb7,0xb8,0x3c,0xbd,0xbe,0xbe,0xb6,0xb7,0xb7,0xbf,0xbf,0x3f,0xbd,0xbd,0xbc,0xbe,0xbc,0xbc,
    0x3d,0xba,0x20,0x20,0x20,0x20,0x20,0x20,0x20,0x20,0x20,0x20,0x20,0x20,0x20,0x20,0x20,0x22,0x23,0x23,0x23,0x21,0x23,0x23,0x23,0x23,0x23,0x2b,0x23,0x22,0x20,0x20,
    0x00,0x00,0x00,0x00,0x00,0x00,0x00,0x00,0x00,0x00,0x00,0x00,0x00,0x00,0x08,0x08,0x08,0x08,0x08,0x08,0x00,0x00,0x00,0x00,0x00,0x00,0x80,0x80,0x80,0x80,0x02,0x02,
    0x00,0x02,0x02,0x02,0x02,0x02,0x00,0x02,0x0a,0x02,0x0a,0x02,0x00,0x02,0x0a,0x08,0x28,0x28,0x20,0x22,0x22,0x02,0x0a,0x08,0x08,0x08,0x08,0x00,0x28,0x28,0x08,0x28,
    0x28,0x28,0x28,0x28,0x20,0x08,0x0a,0x0a,0x2a,0x02,0x00,0x00,0x20,0x22,0x2a,0x2a,0x08,0x02,0x02,0x00,0x0a,0x0a,0x02,0x02,0x02,0x02,0x02,0x02,0x00,0x02,0x02,0x02,
    0x00,0x00,0x00,0x00,0x08,0x08,0x08,0x08,0x08,0x08,0x00,0x00,0x00,0x00,0x02,0x00,0x00,0x00,0x80,0x80,0x80,0x80,0x80,0x00,0x00,0x00,0x20,0x70,0x20,0x00,0x00,0x00
  },
  { // 5
    0x00,0x00,0x80,0x80,0x80,0xc0,0xe0,0xe0,0xf0,0xf0,0xe0,0xe0,0x70,0xf0,0xf0,0xf0,0xf0,0xc4,0x80,0x80,0x00,0x00,0x00,0x00,0x10,0x10,0x10,0x7c,0x10,0x10,0x10,0x00,
    0x00,0x00,0x00,0x00,0x00,0x00,0x00,0x00,0x00,0x00,0x00,0x80,0x80,0xc0,0xc0,0x40,0x60,0x60,0x20,0xb0,0xb0,0x90,0xd0,0xd0,0xd8,0x58,0x58,0x48,0x48,0x48,0x48,0x48,
    0x48,0x48,0x48,0x48,0x58,0x58,0xd8,0xd0,0xd0,0x90,0xb0,0xb0,0x20,0x60,0x60,0x40,0xc8,0xc0,0x80,0x80,0x00,0x00,0x00,0x00,0x00,0x00,0x00,0x00,0x00,0x00,0x00,0x00,
    0x00,0x00,0x00,0x00,0x00,0x00,0x00,0x00,0x00,0x00,0x00,0x00,0x00,0x80,0xc0,0xc0,0xe0,0xe0,0xc0,0xc0,0x80,0x80,0x88,0x80,0x00,0x00,0x00,0x00,0x00,0x80,0x00,0x00,
    0x00,0x00,0x01,0x01,0x01,0x01,0x01,0x00,0xc1,0xc1,0xc1,0xe1,0x71,0xf1,0xf1,0xe1,0xe1,0xc1,0xc1,0x81,0x01,0x00,0x00,0x00,0x00,0x00,0x00,0x00,0x00,0x00,0x00,0x00,
    0x00,0x00,0x00,0xe2,0x67,0xb2,0xb8,0xbc,0xae,0xa6,0x73,0x39,0x99,0xcc,0xe6,0x76,0x33,0x9b,0xd9,0xcd,0x6d,0x64,0x36,0x36,0x12,0x1a,0x1a,0x1b,0x0b,0x0b,0x0b,0x0b,
    0x0b,0x0b,0x0b,0x1b,0x1a,0x1a,0x12,0x36,0x36,0x64,0x6d,0xcd,0xd9,0x9b,0x33,0x76,0xe6,0xcc,0x99,0x39,0x73,0x66,0x8e,0x9c,0xb9,0xb0,0xa0,0x40,0x00,0x00,0x00,0x00,
    0x00,0x00,0x00,0x00,0x00,0x00,0x00,0x00,0x00,0x04,0x06,0x06,0x06,0x07,0x05,0x07,0x07,0x07,0x07,0x07,0x83,0x87,0xc7,0xc7,0xc7,0x86,0x06,0x06,0x01,0x03,0x01,0x00,
    0x20,0x20,0xa0,0xa0,0xa0,0xa0,0xa0,0x20,0x20,0x20,0x20,0x20,0x20,0x20,0x20,0x20,0x20,0x20,0x20,0x20,0x20,0x20,0x21,0x20,0x20,0x20,0x20,0x20,0x20,0x20,0x38,0x3c,
    0x3c,0xbc,0xbe,0x3c,0xbd,0xbd,0xbf,0xbf,0xbf,0xb7,0xb7,0xb6,0x3e,0xbe,0xbc,0xbc,0x3b,0xb7,0xb1,0x30,0x20,0x20,0x20,0x20,0x20,0x20,0x20,0x20,0x21,0x20,0x20,0x20,
    0x20,0x20,0x20,0x20,0x24,0x2e,0x24,0x20,0x20,0x20,0x20,0x20,0x31,0x37,0xb7,0xb8,0x3c,0xbd,0xbe,0xbe,0xb6,0xb7,0xb7,0xbf,0xbf,0x3f,0xbd,0xbd,0xbc,0xbe,0xbc,0xbc,
    0x3d,0xba,0x20,0x20,0x20,0x20,0x20,0x20,0x20,0x20,0x20,0x20,0x20,0x20,0x20,0x20,0x20,0x22,0x23,0x23,0x23,0x21,0x23,0x23,0x23,0x23,0x23,0x2b,0x23,0x22,0x20,0x20,
    0x00,0x00,0x00,0x00,0x00,0x00,0x00,0x00,0x00,0x00,0x00,0x00,0x00,0x00,0x08,0x08,0x08,0x08,0x08,0x08,0x00,0x00,0x00,0x00,0x00,0x00,0x80,0x80,0x80,0x80,0x02,0x02,
    0x00,0x02,0x02,0x02,0x02,0x02,0x00,0x02,0x0a,0x02,0x0a,0x02,0x00,0x02,0x0a,0x08,0x28,0x28,0x20,0x22,0x22,0x02,0x0a,0x08,0x08,0x08,0x08,0x00,0x28,0x28,0x08,0x28,
    0x28,0x28,0x28,0x28,0x20,0x08,0x0a,0x0a,0x2a,0x02,0x00,0x00,0x20,0x22,0x2a,0x2a,0x08,0x02,0x02,0x00,0x0a,0x0a,0x02,0x02,0x02,0x02,0x02,0x02,0x00,0x02,0x02,0x02,
    0x00,0x00,0x00,0x00,0x08,0x08,0x08,0x08,0x08,0x08,0x00,0x00,0x00,0x00,0x02,0x00,0x00,0x00,0x80,0x80,0x80,0x80,0x80,0x00,0x00,0x00,0x20,0x70,0x20,0x00,0x00,0x00
  },
  { // 6
    0x00,0x00,0x80,0x80,0x80,0x80,0xe0,0xe0,0xf0,0xf0,0xe0,0xe0,0x70,0xf0,0xf0,0xf0,0xf0,0xe4,0x80,0x80,0x00,0x00,0x00,0x00,0x10,0x10,0x10,0x7c,0x10,0x10,0x10,0x00,
    0x00,0x00,0x00,0x00,0x00,0x00,0x00,0x00,0x00,0x00,0x00,0x80,0x80,0xc0,0xc0,0x40,0x60,0x60,0x20,0xb0,0xb0,0x90,0xd0,0xd0,0xd8,0x58,0x58,0x48,0x48,0x48,0x48,0x48,
    0x48,0x48,0x48,0x48,0x58,0x58,0xd8,0xd0,0xd0,0x90,0xb0,0xb0,0x20,0x60,0x60,0x40,0xc8,0xc0,0x80,0x80,0x00,0x00,0x00,0x00,0x00,0x00,0x00,0x00,0x00,0x00,0x00,0x00,
    0x00,0x00,0x00,0x00,0x00,0x00,0x00,0x00,0x00,0x00,0x00,0x00,0x00,0x80,0xc0,0xc0,0xe0,0xe0,0xc0,0xc0,0x80,0x80,0x88,0x80,0x00,0x00,0x00,0x00,0x00,0x80,0x00,0x00,
    0x00,0x00,0x01,0x01,0x01,0x01,0x01,0x00,0xc1,0xc1,0xc1,0xe1,0x71,0xf1,0xf1,0xe1,0xc1,0xc1,0xc1,0x81,0x01,0x00,0x00,0x00,0x00,0x00,0x00,0x00,0x00,0x00,0x00,0x00,
    0x00,0x00,0x00,0xc2,0x77,0xb2,0xb8,0xbc,0x9e,0xb6,0x73,0x39,0x99,0xcc,0xe6,0x76,0x33,0x9b,0xd9,0xcd,0x6d,0x64,0x36,0x36,0x12,0x1a,0x1a,0x1b,0x0b,0x0b,0x0b,0x0b,
    0x0b,0x0b,0x0b,0x1b,0x1a,0x1a,0x12,0x36,0x36,0x64,0x6d,0xcd,0xd9,0x9b,0x33,0x76,0xe6,0xcc,0x99,0x39,0x73,0x66,0x8e,0x9c,0xb9,0xb0,0xa0,0x40,0x00,0x00,0x00,0x00,
    0x00,0x00,0x00,0x00,0x00,0x00,0x00,0x00,0x00,0x04,0x06,0x06,0x06,0x07,0x05,0x07,0x07,0x07,0x07,0x03,0x07,0x87,0xc7,0xc7,0xc7,0x86,0x06,0x06,0x01,0x03,0x01,0x00,
    0x20,0x20,0xa0,0xa0,0xa0,0xa0,0xa0,0x20,0x20,0x20,0x20,0x20,0x20,0x20,0x20,0x20,0x20,0x20,0x20,0x20,0x20,0x20,0x21,0x20,0x20,0x20,0x20,0x20,0x20,0x20,0x38,0x3c,
    0x3c,0xbc,0xbe,0x3c,0xbd,0xbd,0xbf,0xbf,0xbf,0xb7,0xb7,0xb6,0x3e,0xbe,0xbc,0xbc,0x3b,0xb7,0xb1,0x30,0x20,0x20,0x20,0x20,0x20,0x20,0x20,0x20,0x21,0x20,0x20,0x20,
    0x20,0x20,0x20,0x20,0x24,0x2e,0x24,0x20,0x20,0x20,0x20,0x20,0x31,0x37,0xb7,0xb8,0x3c,0xbd,0xbe,0xbe,0xb6,0xb7,0xb7,0xbf,0xbf,0x3f,0xbd,0xbd,0xbc,0xbe,0xbc,0xbc,
    0x3d,0xba,0x20,0x20,0x20,0x20,0x20,0x20,0x20,0x20,0x20,0x20,0x20,0x20,0x20,0x20,0x20,0x22,0x23,0x23,0x23,0x21,0x23,0x23,0x23,0x23,0x23,0x2b,0x23,0x22,0x20,0x20,
    0x00,0x00,0x00,0x00,0x00,0x00,0x00,0x00,0x00,0x00,0x00,0x00,0x00,0x08,0x08,0x08,0x08,0x08,0x08,0x00,0x00,0x00,0x00,0x00,0x00,0x00,0x80,0x80,0x80,0x80,0x02,0x02,
    0x00,0x02,0x02,0x02,0x02,0x02,0x00,0x02,0x0a,0x02,0x0a,0x02,0x00,0x02,0x0a,0x08,0x28,0x28,0x20,0x22,0x22,0x02,0x0a,0x08,0x08,0x08,0x08,0x00,0x28,0x28,0x08,0x28,
    0x28,0x28,0x28,0x28,0x20,0x08,0x0a,0x0a,0x2a,0x02,0x00,0x00,0x20,0x22,0x2a,0x2a,0x08,0x02,0x02,0x00,0x0a,0x0a,0x02,0x02,0x02,0x02,0x02,0x02,0x00,0x02,0x02,0x02,
    0x00,0x00,0x00,0x00,0x08,0x08,0x08,0x08,0x08,0x08,0x00,0x00,0x00,0x00,0x02,0x00,0x00,0x00,0x00,0x80,0x80,0x80,0x80,0x80,0x00,0x00,0x20,0x70,0x20,0x00,0x00,0x00
  },
  { // 7
    0x00,0x00,0x80,0x80,0x80,0x80,0xe0,0xe0,0xe0,0xf0,0xe0,0xe0,0x70,0xf0,0xf0,0xf0,0xf0,0xe4,0x80,0x80,0x80,0x00,0x00,0x00,0x10,0x10,0x10,0x7c,0x10,0x10,0x10,0x00,
    0x00,0x00,0x00,0x00,0x00,0x00,0x00,0x00,0x00,0x00,0x00,0x80,0x80,0xc0,0xc0,0x40,0x60,0x60,0x20,0xb0,0xb0,0x90,0xd0,0xd0,0xd8,0x58,0x58,0x48,0x48,0x48,0x48,0x48,
    0x48,0x48,0x48,0x48,0x58,0x58,0xd8,0xd0,0xd0,0x90,0xb0,0xb0,0x20,0x60,0x60,0x40,0xc8,0xc0,0x80,0x80,0x00,0x00,0x00,0x00,0x00,0x00,0x00,0x00,0x00,0x00,0x00,0x00,
    0x00,0x00,0x00,0x00,0x00,0x00,0x00,0x00,0x00,0x00,0x00,0x00,0x00,0x80,0xc0,0xc0,0xe0,0xc0,0xc0,0xc0,0x80,0x80,0x88,0x80,0x00,0x00,0x00,0x00,0x00,0x80,0x00,0x00,
    0x00,0x00,0x01,0x01,0x01,0x01,0x01,0x00,0xc1,0xc1,0xc1,0xe1,0x71,0xf1,0xf1,0xe1,0xc1,0xc1,0xc1,0x81,0x01,0x00,0x00,0x00,0x00,0x00,0x00,0x00,0x00,0x00,0x00,0x00,
    0x00,0x00,0x00,0xc2,0x77,0xb2,0xb8,0xbc,0x9e,0xb6,0x73,0x39,0x99,0xcc,0xe6,0x76,0x33,0x9b,0xd9,0xcd,0x6d,0x64,0x36,0x36,0x12,0x1a,0x1a,0x1b,0x0b,0x0b,0x0b,0x0b,
    0x0b,0x0b,0x0b,0x1b,0x1a,0x1a,0x12,0x36,0x36,0x64,0x6d,0xcd,0xd9,0x9b,0x33,0x76,0xe6,0xcc,0x99,0x39,0x73,0x66,0x8e,0x9c,0xb9,0xb0,0xa0,0x40,0x00,0x00,0x00,0x00,
    0x00,0x00,0x00,0x00,0x00,0x00,0x00,0x00,0x00,0x06,0x06,0x06,0x06,0x07,0x05,0x07,0x07,0x07,0x07,0x03,0x07,0x87,0xc7,0xc7,0xc7,0x86,0x06,0x06,0x01,0x03,0x01,0x00,
    0x20,0x20,0xa0,0xa0,0xa0,0xa0,0xa0,0x20,0x20,0x20,0x20,0x20,0x20,0x20,0x20,0x20,0x20,0x20,0x20,0x20,0x20,0x20,0x21,0x20,0x20,0x20,0x20,0x20,0x20,0x20,0x38,0x3c,
    0xbc,0xbc,0xbe,0x3c,0xbd,0xbd,0xbf,0xbf,0xbf,0xb7,0xb7,0xb6,0x3e,0xbe,0xbc,0x3c,0xbb,0xb7,0x31,0x30,0x20,0x20,0x20,0x20,0x20,0x20,0x20,0x20,0x21,0x20,0x20,0x20,
    0x20,0x20,0x20,0x20,0x24,0x2e,0x24,0x20,0x20,0x20,0x20,0x20,0x31,0xb7,0xb7,0x38,0x3c,0xbd,0xbe,0xbe,0xb6,0xb7,0xb7,0xbf,0xbf,0x3f,0xbd,0xbd,0xbc,0xbe,0xbc,0x3c,
    0xbd,0x3a,0x20,0x20,0x20,0x20,0x20,0x20,0x20,0x20,0x20,0x20,0x20,0x20,0x20,0x20,0x20,0x22,0x23,0x23,0x23,0x21,0x23,0x23,0x23,0x23,0x23,0x2b,0x23,0x23,0x20,0x20,
    0x00,0x00,0x00,0x00,0x00,0x00,0x00,0x00,0x00,0x00,0x00,0x00,0x00,0x08,0x08,0x08,0x08,0x08,0x08,0x00,0x00,0x00,0x00,0x00,0x00,0x00,0x80,0x80,0x80,0x80,0x02,0x02,
    0x00,0x02,0x02,0x02,0x02,0x02,0x00,0x02,0x0a,0x02,0x0a,0x02,0x00,0x02,0x0a,0x08,0x28,0x28,0x20,0x22,0x22,0x02,0x0a,0x08,0x08,0x08,0x08,0x00,0x28,0x28,0x08,0x28,
    0x28,0x28,0x28,0x28,0x20,0x08,0x0a,0x0a,0x2a,0x02,0x00,0x00,0x20,0x22,0x2a,0x2a,0x08,0x02,0x02,0x00,0x0a,0x0a,0x02,0x02,0x02,0x02,0x02,0x02,0x00,0x02,0x02,0x02,
    0x00,0x00,0x00,0x00,0x08,0x08,0x08,0x08,0x08,0x08,0x00,0x00,0x00,0x00,0x02,0x00,0x00,0x00,0x00,0x80,0x80,0x80,0x80,0x80,0x00,0x00,0x20,0x70,0x20,0x00,0x00,0x00
  },
  { // 8
    0x00,0x00,0x80,0x80,0x80,0x80,0xc0,0xe0,0xe0,0xf0,0xe0,0xe0,0x70,0xf0,0xf0,0xf0,0xf0,0xe4,0x80,0x80,0x80,0x00,0x00,0x00,0x10,0x10,0x10,0x7c,0x10,0x10,0x10,0x00,
    0x00,0x00,0x00,0x00,0x00,0x00,0x00,0x00,0x00,0x00,0x00,0x80,0x80,0xc0,0xc0,0x40,0x60,0x60,0x20,0xb0,0xb0,0x90,0xd0,0xd0,0xd8,0x58,0x58,0x48,0x48,0x48,0x48,0x48,
    0x48,0x48,0x48,0x48,0x58,0x58,0xd8,0xd0,0xd0,0x90,0xb0,0xb0,0x20,0x60,0x60,0x40,0xc8,0xc0,0x80,0x80,0x00,0x00,0x00,0x00,0x00,0x00,0x00,0x00,0x00,0x00,0x00,0x00,
    0x00,0x00,0x00,0x00,0x00,0x00,0x00,0x00,0x00,0x00,0x00,0x20,0x00,0xc0,0xc0,0xc0,0xe0,0xc0,0xc0,0x80,0x80,0x88,0x9c,0x88,0x00,0x00,0x00,0x00,0x00,0x80,0x00,0x00,
    0x00,0x00,0x01,0x01,0x01,0x01,0x01,0x80,0xc1,0xc1,0xc1,0x61,0xf1,0xf1,0xf1,0xe1,0xc1,0xc1,0xc1,0x01,0x01,0x00,0x00,0x00,0x00,0x00,0x00,0x00,0x00,0x00,0x00,0x00,
    0x00,0x00,0x00,0xc2,0xef,0x7a,0x38,0x3e,0x4e,0x6e,0x7b,0x39,0x99,0xcc,0xe6,0x76,0x33,0x9b,0xd9,0xcd,0x6d,0x64,0x36,0x36,0x12,0x1a,0x1a,0x1b,0x0b,0x0b,0x0b,0x0b,
    0x0b,0x0b,0x0b,0x1b,0x1a,0x1a,0x12,0x3e,0x36,0x64,0x6d,0xcd,0xd9,0x9b,0x33,0x76,0xe6,0xcc,0x19,0x39,0x73,0xa6,0xce,0xdc,0xd9,0xd0,0xc0,0x80,0x00,0x00,0x00,0x00,
    0x00,0x00,0x00,0x00,0x00,0x00,0x00,0x00,0x00,0x06,0x06,0x06,0x07,0x07,0x05,0x07,0x07,0x07,0x07,0x03,0x07,0x87,0xc7,0xc7,0xc7,0x86,0x06,0x06,0x01,0x03,0x01,0x00,
    0x20,0x20,0xa0,0xa0,0xa0,0xa0,0xa0,0x20,0x20,0x20,0x20,0x20,0x20,0x20,0x20,0x20,0x20,0x20,0x20,0x20,0x20,0x20,0x21,0x20,0x20,0x20,0x20,0x20,0x20,0x20,0x30,0x38,
    0xb8,0xb8,0xbd,0xb9,0xba,0xbb,0xbf,0xbf,0x3f,0xaf,0xae,0xad,0xbd,0xbd,0xb8,0x38,0xb7,0x27,0x21,0x20,0x20,0x20,0x20,0x20,0x20,0x20,0x20,0x20,0x21,0x20,0x20,0x20,
    0x20,0x20,0x20,0x20,0x24,0x2e,0x24,0x20,0x20,0x20,0x20,0x20,0x39,0xbb,0xbb,0x2c,0xae,0xae,0xbf,0xbf,0xbb,0x3b,0xbb,0xbf,0xbf,0xbf,0xbe,0xbe,0xbe,0xbf,0x3e,0x3e,
    0xbe,0x3c,0x30,0x20,0x20,0x20,0x20,0x20,0x20,0x20,0x20,0x20,0x20,0x20,0x20,0x20,0x20,0x20,0x23,0x23,0x23,0x23,0x21,0x23,0x23,0x23,0x23,0x2b,0x23,0x23,0x20,0x20,
    0x00,0x00,0x00,0x00,0x00,0x00,0x00,0x00,0x00,0x00,0x00,0x00,0x00,0x08,0x08,0x08,0x08,0x08,0x08,0x00,0x00,0x00,0x00,0x00,0x00,0x00,0x80,0x80,0x80,0x80,0x02,0x02,
    0x00,0x02,0x00,0x02,0x02,0x02,0x02,0x02,0x0a,0x0a,0x0a,0x00,0x00,0x02,0x02,0x0a,0x28,0x08,0x20,0x22,0x20,0x02,0x0a,0x00,0x08,0x08,0x08,0x08,0x28,0x28,0x28,0x28,
    0x20,0x28,0x28,0x08,0x28,0x08,0x08,0x2a,0x7a,0x22,0x00,0x00,0x00,0x2a,0x2a,0x28,0x28,0x02,0x02,0x02,0x0a,0x0a,0x0a,0x02,0x00,0x02,0x02,0x02,0x00,0x02,0x02,0x02,
    0x00,0x00,0x00,0x00,0x08,0x08,0x08,0x08,0x08,0x08,0x00,0x00,0x00,0x00,0x02,0x00,0x00,0x00,0x00,0x80,0x80,0x80,0x80,0x80,0x00,0x00,0x20,0x70,0x20,0x00,0x00,0x00
  },
  { // 9
    0x00,0x00,0x00,0x80,0x80,0x80,0xc0,0xe0,0xe0,0xf0,0xf0,0xe0,0x70,0xf0,0xf0,0xf0,0xf0,0xe4,0x80,0x80,0x80,0x00,0x00,0x00,0x10,0x10,0x10,0x7c,0x10,0x10,0x10,0x00,
    0x00,0x00,0x00,0x00,0x00,0x00,0x00,0x00,0x00,0x00,0x00,0x80,0x80,0xc0,0xc0,0x40,0x60,0x60,0x20,0xb0,0xb0,0x90,0xd0,0xd0,0xd8,0x58,0x58,0x48,0x48,0x48,0x48,0x48,
    0x48,0x48,0x48,0x48,0x58,0x58,0xd8,0xd0,0xd0,0x90,0xb0,0xb0,0x20,0x60,0x60,0x40,0xc8,0xc0,0x80,0x80,0x00,0x00,0x00,0x00,0x00,0x00,0x00,0x00,0x00,0x00,0x00,0x00,
    0x00,0x00,0x00,0x00,0x00,0x00,0x00,0x00,0x00,0x00,0x00,0x20,0x00,0xc0,0xc0,0xe0,0xe0,0xc0,0xc0,0x80,0x80,0x88,0x9c,0x88,0x00,0x00,0x00,0x00,0x00,0x80,0x00,0x00,
    0x00,0x00,0x01,0x01,0x01,0x01,0x01,0x80,0xc1,0xc1,0xc1,0x61,0xf1,0xf1,0xf1,0xe1,0xc1,0xc1,0xc1,0x01,0x01,0x00,0x00,0x00,0x00,0x00,0x00,0x00,0x00,0x00,0x00,0x00,
    0x00,0x00,0x00,0xc2,0xe7,0x7a,0x38,0x1c,0x7e,0x6e,0x7b,0x39,0x99,0xcc,0xe6,0x76,0x33,0x9b,0xd9,0xcd,0x6d,0x64,0x36,0x36,0x12,0x1a,0x1a,0x1b,0x0b,0x0b,0x0b,0x0b,
    0x0b,0x0b,0x0b,0x1b,0x1a,0x1a,0x12,0x3e,0x36,0x64,0x6d,0xcd,0xd9,0x9b,0x33,0x76,0xe6,0xcc,0x19,0x39,0x73,0xa6,0xce,0xdc,0xd9,0xd0,0xc0,0x80,0x00,0x00,0x00,0x00,
    0x00,0x00,0x00,0x00,0x00,0x00,0x00,0x00,0x00,0x06,0x06,0x06,0x07,0x07,0x05,0x07,0x07,0x07,0x07,0x03,0x07,0x87,0xc7,0xc7,0xc7,0x86,0x06,0x04,0x01,0x03,0x01,0x00,
    0x20,0x20,0xa0,0xa0,0xa0,0xa0,0xa0,0x20,0x20,0x20,0x20,0x20,0x20,0x20,0x20,0x20,0x20,0x20,0x20,0x20,0x20,0x20,0x21,0x20,0x20,0x20,0x20,0x20,0x20,0x20,0x30,0x38,
    0xb8,0xb8,0xbd,0xb9,0xba,0xbb,0xbf,0xbf,0x3f,0xaf,0xae,0xad,0xbd,0xbd,0xb8,0x38,0xb7,0x27,0x21,0x20,0x20,0x20,0x20,0x20,0x20,0x20,0x20,0x20,0x21,0x20,0x20,0x20,
    0x20,0x20,0x20,0x20,0x24,0x2e,0x24,0x20,0x20,0x20,0x20,0x20,0x39,0xbb,0xbb,0x2c,0xae,0xae,0xbf,0xbf,0xbb,0x3b,0xbb,0xbf,0xbf,0xbf,0xbe,0xbe,0xbe,0xbf,0x3e,0x3e,
    0xbe,0x3c,0x30,0x20,0x20,0x20,0x20,0x20,0x20,0x20,0x20,0x20,0x20,0x20,0x20,0x20,0x20,0x20,0x23,0x23,0x23,0x23,0x21,0x23,0x23,0x23,0x23,0x2b,0x23,0x23,0x20,0x20,
    0x00,0x00,0x00,0x00,0x00,0x00,0x00,0x00,0x00,0x00,0x00,0x00,0x00,0x08,0x08,0x08,0x08,0x08,0x08,0x00,0x00,0x00,0x00,0x00,0x00,0x80,0x80,0x80,0x80,0x00,0x02,0x02,
    0x00,0x02,0x00,0x02,0x02,0x02,0x02,0x02,0x02,0x0a,0x0a,0x08,0x00,0x02,0x02,0x0a,0x28,0x08,0x28,0x22,0x20,0x02,0x02,0x00,0x08,0x08,0x08,0x08,0x28,0x28,0x28,0x28,
    0x20,0x28,0x28,0x08,0x28,0x08,0x08,0x2a,0x7a,0x22,0x00,0x00,0x00,0x22,0x2a,0x28,0x28,0x0a,0x02,0x02,0x02,0x0a,0x0a,0x0a,0x00,0x02,0x02,0x02,0x00,0x02,0x02,0x02,
    0x00,0x00,0x00,0x00,0x08,0x08,0x08,0x08,0x08,0x08,0x00,0x00,0x00,0x00,0x02,0x00,0x00,0x00,0x00,0x80,0x80,0x80,0x80,0x80,0x00,0x00,0x20,0x70,0x20,0x00,0x00,0x00
  },
  { // 10
    0x00,0x00,0x00,0x80,0x80,0x80,0xc0,0xe0,0xe0,0xf0,0xf0,0xe0,0xf0,0x70,0xf0,0xf0,0xf4,0xee,0x84,0x80,0x80,0x00,0x00,0x00,0x10,0x10,0x10,0x7c,0x10,0x10,0x10,0x00,
    0x00,0x00,0x00,0x00,0x00,0x00,0x00,0x00,0x00,0x00,0x00,0x80,0x80,0xc0,0xc0,0x40,0x60,0x60,0x20,0xb0,0xb0,0x90,0xd0,0xd0,0xd8,0x58,0x58,0x48,0x48,0x48,0x48,0x48,
    0x48,0x48,0x48,0x48,0x58,0x58,0xd8,0xd0,0xd0,0x90,0xb0,0xb0,0x20,0x60,0x60,0x40,0xc0,0xc0,0x80,0x80,0x00,0x00,0x00,0x00,0x00,0x00,0x00,0x00,0x00,0x00,0x00,0x00,
    0x00,0x00,0x00,0x00,0x00,0x00,0x00,0x00,0x00,0x00,0x00,0x20,0x80,0xc0,0xc0,0xe0,0xe0,0xc0,0xc0,0x80,0x80,0x88,0x9c,0x88,0x00,0x00,0x00,0x00,0x00,0x00,0x00,0x00,
    0x00,0x00,0x01,0x01,0x01,0x01,0x01,0x80,0xc1,0xc1,0xc1,0x61,0xf1,0xf1,0xf1,0xe1,0xc1,0xc1,0xc1,0x01,0x01,0x00,0x00,0x00,0x00,0x00,0x00,0x00,0x00,0x00,0x00,0x00,
    0x00,0x00,0x00,0xc2,0xe7,0x7a,0x38,0x1c,0x7e,0x6e,0x7b,0x39,0x99,0xcc,0xe6,0x76,0x33,0x9b,0xd9,0xcd,0x6d,0x64,0x36,0x36,0x12,0x1a,0x1a,0x1b,0x0b,0x0b,0x0b,0x0b,
    0x0b,0x0b,0x0b,0x1b,0x1a,0x1a,0x12,0x3e,0x36,0x64,0x6d,0xcd,0xd9,0x9b,0x33,0x76,0xe6,0xcc,0x19,0x39,0x73,0xa6,0xce,0xdc,0xd9,0xd0,0xc0,0x80,0x00,0x00,0x00,0x00,
    0x00,0x00,0x00,0x00,0x00,0x00,0x00,0x00,0x00,0x06,0x06,0x06,0x07,0x07,0x05,0x07,0x07,0x07,0x07,0x03,0x07,0x87,0xc7,0xc7,0xc6,0x86,0x06,0x04,0x00,0x01,0x00,0x00,
    0x20,0x20,0xa0,0xa0,0xa0,0xa0,0xa0,0x20,0x20,0x20,0x20,0x20,0x20,0x20,0x20,0x20,0x20,0x20,0x20,0x20,0x20,0x20,0x21,0x20,0x20,0x20,0x20,0x20,0x20,0x20,0x30,0x38,
    0xb8,0xb8,0xbd,0xb9,0xba,0xbb,0xbf,0xbf,0x3f,0xaf,0xae,0xad,0xbd,0xbd,0xb8,0x38,0xb7,0x27,0x21,0x20,0x20,0x20,0x20,0x20,0x20,0x20,0x20,0x20,0x21,0x20,0x20,0x20,
    0x20,0x20,0x20,0x20,0x24,0x2e,0x24,0x20,0x20,0x20,0x20,0x20,0x39,0xbb,0xbb,0x2c,0xae,0xae,0xbf,0xbf,0xbb,0x3b,0xbb,0xbf,0xbf,0xbf,0xbe,0xbe,0xbe,0xbf,0x3e,0x3e,
    0xbe,0x3c,0x30,0x20,0x20,0x20,0x20,0x20,0x20,0x20,0x20,0x20,0x20,0x20,0x20,0x20,0x20,0x20,0x23,0x23,0x23,0x23,0x21,0x23,0x23,0x23,0x23,0x23,0x23,0x23,0x20,0x20,
    0x00,0x00,0x00,0x00,0x00,0x00,0x00,0x00,0x00,0x00,0x00,0x00,0x00,0x08,0x08,0x08,0x08,0x08,0x08,0x00,0x00,0x00,0x00,0x00,0x00,0x80,0x80,0x80,0x80,0x00,0x02,0x02,
    0x00,0x02,0x00,0x02,0x02,0x02,0x02,0x02,0x02,0x0a,0x0a,0x08,0x00,0x02,0x02,0x0a,0x28,0x08,0x28,0x22,0x20,0x02,0x02,0x00,0x08,0x08,0x08,0x08,0x28,0x28,0x28,0x28,
    0x20,0x28,0x28,0x08,0x28,0x08,0x08,0x2a,0x7a,0x22,0x00,0x00,0x00,0x22,0x2a,0x28,0x28,0x0a,0x02,0x02,0x02,0x0a,0x0a,0x0a,0x00,0x02,0x02,0x02,0x00,0x02,0x02,0x02,
    0x00,0x00,0x00,0x00,0x08,0x08,0x08,0x08,0x08,0x08,0x00,0x00,0x00,0x00,0x02,0x00,0x00,0x00,0x00,0x80,0x80,0x80,0x80,0x80,0x00,0x00,0x20,0x70,0x20,0x00,0x00,0x00
  },
  { // 11
    0x00,0x00,0x00,0x80,0x80,0x80,0xc0,0xe0,0xe0,0xf0,0xf0,0xe0,0xe0,0x70,0xf0,0xf0,0xf4,0xee,0x84,0x80,0x80,0x00,0x00,0x00,0x10,0x10,0x10,0x7c,0x10,0x10,0x10,0x00,
    0x00,0x00,0x00,0x00,0x00,0x00,0x00,0x00,0x00,0x00,0x00,0x80,0x80,0xc0,0xc0,0x40,0x60,0x60,0x20,0xb0,0xb0,0x90,0xd0,0xd0,0xd8,0x58,0x58,0x48,0x48,0x48,0x48,0x48,
    0x48,0x48,0x48,0x48,0x58,0x58,0xd8,0xd0,0xd0,0x90,0xb0,0xb0,0x20,0x60,0x60,0x40,0xc0,0xc0,0x80,0x80,0x00,0x00,0x00,0x00,0x00,0x00,0x00,0x00,0x00,0x00,0x00,0x00,
    0x00,0x00,0x00,0x00,0x00,0x00,0x00,0x00,0x00,0x00,0x00,0x20,0x80,0xc0,0xc0,0xe0,0xe0,0xc0,0xc0,0x80,0x80,0x88,0x9c,0x08,0x00,0x00,0x00,0x00,0x00,0x00,0x00,0x00,
    0x00,0x00,0x01,0x01,0x01,0x01,0x01,0x80,0xc1,0xc1,0xe1,0x61,0xf1,0xf1,0xf1,0xe1,0xc1,0xc1,0xc1,0x01,0x01,0x00,0x00,0x00,0x00,0x00,0x00,0x00,0x00,0x00,0x00,0x00,
    0x00,0x00,0x00,0xc2,0xe7,0x72,0x3c,0x1c,0x4e,0x7f,0x77,0x3d,0x9d,0xcc,0xe6,0x76,0x33,0x9b,0xd9,0xcd,0x6d,0x64,0x36,0x3e,0x12,0x1a,0x1a,0x1b,0xcb,0x0b,0x0b,0x0b,
    0x0b,0x0b,0x0b,0x1b,0x1a,0x1a,0x12,0x3e,0x36,0x64,0x6d,0xcd,0xd9,0x9b,0x33,0x76,0xe6,0xcc,0x19,0x39,0x73,0xa6,0xce,0xdc,0xd9,0xd0,0xc0,0x80,0x00,0x00,0x00,0x00,
    0x00,0x00,0x00,0x00,0x00,0x00,0x00,0x00,0x00,0x06,0x06,0x06,0x07,0x07,0x05,0x07,0x07,0x07,0x07,0x03,0x07,0x87,0xc7,0xc7,0xc6,0x86,0x86,0x04,0x00,0x01,0x00,0x00,
    0x20,0x20,0xa0,0xa0,0xa0,0xa0,0xa0,0x20,0x20,0x20,0x20,0x20,0x20,0x20,0x20,0x20,0x20,0x20,0x20,0x20,0x20,0x20,0x21,0x20,0x20,0x20,0x20,0x20,0x20,0x20,0x30,0x38,
    0xb8,0xb8,0xbd,0xb9,0xba,0xbb,0xbf,0xbf,0x3f,0xaf,0xae,0xad,0xbd,0xbd,0xb8,0x38,0xb7,0x27,0x21,0x20,0x20,0x20,0x20,0x20,0x20,0x21,0x21,0x21,0x27,0x21,0x21,0x21,
    0x20,0x20,0x20,0x20,0x24,0x2e,0x24,0x20,0x20,0x20,0x20,0x20,0x39,0xbb,0xbb,0x2c,0xae,0xae,0xbf,0xbf,0xbb,0x3b,0xbb,0xbf,0xbf,0xbf,0xbe,0xbe,0xbe,0xbf,0x3e,0x3e,
    0xbe,0x3c,0x30,0x20,0x20,0x20,0x20,0x20,0x20,0x20,0x20,0x20,0x20,0x20,0x20,0x20,0x20,0x20,0x23,0x23,0x23,0x23,0x21,0x23,0x23,0x23,0x23,0x23,0x23,0x23,0x20,0x20,
    0x00,0x00,0x00,0x00,0x00,0x00,0x00,0x00,0x00,0x00,0x00,0x00,0x00,0x08,0x08,0x08,0x08,0x08,0x08,0x00,0x00,0x00,0x00,0x00,0x00,0x80,0x80,0x80,0x80,0x00,0x02,0x02,
    0x00,0x02,0x00,0x02,0x02,0x02,0x02,0x02,0x02,0x0a,0x0a,0x08,0x00,0x02,0x02,0x0a,0x28,0x08,0x28,0x22,0x20,0x02,0x02,0x00,0x08,0x08,0x0c,0x08,0x28,0x28,0x28,0x28,
    0x20,0x28,0x28,0x08,0x28,0x08,0x08,0x2a,0x7a,0x22,0x00,0x00,0x00,0x22,0x2a,0x28,0x28,0x0a,0x02,0x02,0x02,0x0a,0x0a,0x0a,0x00,0x02,0x02,0x02,0x00,0x02,0x02,0x02,
    0x00,0x00,0x00,0x00,0x08,0x08,0x08,0x08,0x08,0x08,0x00,0x00,0x00,0x02,0x07,0x02,0x00,0x00,0x00,0x80,0x80,0x80,0x80,0x80,0x00,0x00,0x20,0x70,0x20,0x00,0x00,0x00
  },
  { // 12
    0x00,0x00,0x00,0x80,0x80,0x80,0xc0,0xe0,0xe0,0xf0,0xf0,0xe0,0xe0,0x70,0xf0,0xf0,0xf4,0xee,0x84,0x80,0x80,0x00,0x00,0x00,0x00,0x00,0x00,0x10,0x00,0x00,0x00,0x00,
    0x00,0x00,0x00,0x00,0x00,0x00,0x00,0x00,0x00,0x00,0x00,0x80,0x80,0xc0,0xc0,0x40,0x60,0x60,0x20,0xb0,0xb0,0x90,0xd0,0xd0,0xd8,0x58,0x58,0x48,0x48,0x48,0x48,0x48,
    0x48,0x48,0x48,0x48,0x58,0x58,0xd8,0xd0,0xd0,0x90,0xb0,0xb0,0x20,0x60,0x60,0x40,0xc0,0xc0,0x80,0x80,0x00,0x00,0x00,0x00,0x00,0x00,0x00,0x00,0x00,0x00,0x00,0x00,
    0x00,0x00,0x00,0x00,0x00,0x00,0x00,0x00,0x00,0x00,0x00,0x20,0x80,0xc0,0xc0,0xe0,0xe0,0xc0,0xc0,0x80,0x80,0x88,0x9c,0x08,0x00,0x00,0x00,0x00,0x00,0x00,0x00,0x00,
    0x00,0x00,0x01,0x01,0x01,0x01,0x01,0xc0,0xc1,0xc1,0xe1,0x61,0xf1,0xf1,0xf1,0xe1,0xc1,0xc1,0xc1,0x01,0x01,0x00,0x00,0x00,0x00,0x00,0x00,0x00,0x00,0x00,0x00,0x00,
    0x00,0x00,0x00,0xc2,0xe7,0x72,0x3c,0x1c,0x4e,0x7f,0x77,0x3d,0x9d,0xcc,0xe6,0x76,0x33,0x9b,0xd9,0xcd,0x6d,0x64,0x36,0x3e,0x12,0x1a,0x1a,0x1b,0xcb,0x0b,0x0b,0x0b,
    0x0b,0x0b,0x0b,0x1b,0x1a,0x1a,0x12,0x3e,0x36,0x64,0x6d,0xcd,0xd9,0x9b,0x33,0x76,0xe6,0xcc,0x19,0x39,0x73,0xa6,0xce,0xdc,0xd9,0xd0,0xc0,0x80,0x00,0x00,0x00,0x00,
    0x00,0x00,0x00,0x00,0x00,0x20,0x00,0x00,0x00,0x06,0x06,0x06,0x07,0x07,0x05,0x07,0x07,0x07,0x07,0x03,0x07,0x87,0xc7,0xc7,0xc6,0x86,0x86,0x04,0x00,0x01,0x00,0x00,
    0x20,0x20,0xa0,0xa0,0xa0,0xa0,0xa0,0x20,0x20,0x20,0x20,0x20,0x20,0x20,0x20,0x20,0x20,0x20,0x20,0x20,0x20,0x20,0x21,0x20,0x20,0x20,0x20,0x20,0x20,0x20,0x30,0xb8,
    0xb8,0xb8,0xbd,0xb9,0x3a,0xbb,0xbf,0xbf,0xbf,0xaf,0xae,0xad,0xbd,0x3d,0x38,0xb8,0xb7,0x27,0x21,0x20,0x20,0x20,0x20,0x20,0x20,0x21,0x21,0x21,0x27,0x21,0x21,0x21,
    0x20,0x20,0x20,0x20,0x24,0x2e,0x24,0x20,0x20,0x20,0x20,0x20,0xb9,0xbb,0x3b,0xac,0xae,0x2e,0xbf,0xbf,0xbb,0xbb,0xbb,0xbf,0xbf,0xbf,0x3e,0xbe,0xbe,0xbf,0x3e,0xbe,
    0x3e,0x3c,0x30,0x20,0x20,0x20,0x20,0x20,0x20,0x20,0x20,0x20,0x20,0x20,0x20,0x20,0x20,0x20,0x23,0x23,0x23,0x23,0x21,0x23,0x23,0x23,0x23,0x23,0x23,0x23,0x20,0x20,
    0x00,0x00,0x00,0x00,0x00,0x00,0x00,0x00,0x00,0x00,0x00,0x00,0x00,0x08,0x08,0x08,0x08,0x08,0x08,0x00,0x00,0x00,0x00,0x00,0x00,0x80,0x80,0x80,0x80,0x00,0x00,0x02,
    0x00,0x02,0x02,0x02,0x02,0x02,0x02,0x00,0x02,0x0a,0x02,0x0a,0x00,0x02,0x02,0x0a,0x28,0x28,0x28,0x22,0x22,0x02,0x02,0x08,0x08,0x08,0x0c,0x08,0x20,0x28,0x28,0x08,
    0x28,0x28,0x28,0x28,0x28,0x00,0x0a,0x2a,0x7a,0x2a,0x00,0x00,0x20,0x22,0x22,0x2a,0x28,0x0a,0x02,0x02,0x00,0x0a,0x0a,0x02,0x02,0x02,0x02,0x02,0x00,0x00,0x02,0x02,
    0x00,0x00,0x00,0x00,0x08,0x08,0x08,0x08,0x08,0x08,0x00,0x00,0x00,0x02,0x07,0x02,0x00,0x00,0x00,0x80,0x80,0x80,0x80,0x80,0x00,0x00,0x20,0x70,0x20,0x00,0x00,0x00
  },
  { // 13
    0x00,0x00,0x00,0x80,0x80,0x80,0xc0,0xe0,0xe0,0xf0,0xf0,0xe0,0xe0,0x70,0xf0,0xf0,0xf4,0xee,0xc4,0x80,0x80,0x00,0x00,0x00,0x00,0x00,0x00,0x10,0x00,0x00,0x00,0x00,
    0x00,0x00,0x00,0x00,0x00,0x00,0x00,0x00,0x00,0x00,0x00,0x80,0x80,0xc0,0xc0,0x40,0x60,0x60,0x20,0xb0,0xb0,0x90,0xd0,0xd0,0xd8,0x58,0x58,0x48,0x48,0x48,0x48,0x48,
    0x48,0x48,0x48,0x48,0x58,0x58,0xd8,0xd0,0xd0,0x90,0xb0,0xb0,0x20,0x60,0x60,0x40,0xc0,0xc0,0x80,0x80,0x00,0x00,0x00,0x00,0x00,0x00,0x00,0x00,0x00,0x00,0x00,0x00,
    0x00,0x00,0x00,0x00,0x00,0x00,0x00,0x00,0x00,0x00,0x00,0x20,0x80,0xc0,0xc0,0xe0,0xe0,0xc0,0xc0,0x80,0x80,0x88,0x9c,0x08,0x00,0x00,0x00,0x00,0x00,0x00,0x00,0x00,
    0x00,0x00,0x00,0x01,0x01,0x01,0x01,0xc1,0xc0,0xc1,0xe1,0x71,0xf1,0xf1,0xe1,0xe1,0xc1,0xc1,0x81,0x01,0x01,0x01,0x00,0x00,0x00,0x00,0x00,0x00,0x00,0x00,0x00,0x00,
    0x00,0x00,0x00,0xc2,0xe7,0x72,0x38,0x1c,0x4e,0x66,0x7f,0x3d,0x9d,0xcc,0xe6,0x76,0x33,0x9b,0xd9,0xcd,0x6d,0x64,0x36,0x3e,0x12,0x1a,0x1a,0x1b,0xcb,0x0b,0x0b,0x0b,
    0x0b,0x0b,0x0b,0x1b,0x1a,0x1a,0x12,0x3e,0x36,0x64,0x6d,0xcd,0xd9,0x9b,0x33,0x76,0xe6,0xcc,0x19,0x39,0x73,0xa6,0xce,0xdc,0xd9,0xd0,0xc0,0x80,0x00,0x00,0x00,0x00,
    0x00,0x00,0x00,0x00,0x00,0x20,0x00,0x00,0x04,0x06,0x06,0x06,0x07,0x05,0x07,0x07,0x07,0x07,0x07,0x03,0x07,0x87,0x87,0xc7,0xc6,0xc6,0x86,0x00,0x00,0x01,0x00,0x00,
    0x20,0x20,0x20,0xa0,0xa0,0xa0,0xa0,0xa0,0x20,0x20,0x20,0x20,0x20,0x20,0x20,0x20,0x20,0x20,0x20,0x20,0x20,0x20,0x20,0x20,0x20,0x20,0x20,0x20,0x20,0x20,0x30,0xb8,
    0xb8,0xb8,0xbd,0xb9,0x3a,0xbb,0xbf,0xbf,0xbf,0xaf,0xae,0xad,0xbd,0x3d,0x38,0xb8,0xb7,0x27,0x21,0x20,0x20,0x20,0x20,0x20,0x20,0x21,0x21,0x21,0x27,0x21,0x21,0x21,
    0x20,0x20,0x20,0x20,0x20,0x24,0x20,0x20,0x20,0x20,0x20,0x20,0xb9,0xbb,0x3b,0xac,0xae,0x2e,0xbf,0xbf,0xbb,0xbb,0xbb,0xbf,0xbf,0xbf,0x3e,0xbe,0xbe,0xbf,0x3e,0xbe,
    0x3e,0x3c,0x30,0x20,0x20,0x20,0x20,0x20,0x20,0x20,0x20,0x20,0x20,0x20,0x20,0x20,0x20,0x20,0x22,0x23,0x23,0x23,0x21,0x23,0x23,0x23,0x23,0x23,0x23,0x23,0x22,0x20,
    0x00,0x00,0x00,0x00,0x00,0x00,0x00,0x00,0x00,0x00,0x00,0x00,0x00,0x08,0x08,0x08,0x08,0x08,0x08,0x00,0x00,0x00,0x00,0x00,0x00,0x80,0x80,0x80,0x80,0x00,0x00,0x02,
    0x00,0x02,0x02,0x02,0x02,0x02,0x02,0x00,0x02,0x0a,0x02,0x0a,0x00,0x02,0x02,0x0a,0x28,0x28,0x28,0x22,0x22,0x02,0x02,0x08,0x08,0x08,0x0c,0x08,0x20,0x28,0x28,0x08,
    0x28,0x28,0x28,0x28,0x28,0x00,0x0a,0x2a,0x7a,0x2a,0x00,0x00,0x20,0x22,0x22,0x2a,0x28,0x0a,0x02,0x02,0x00,0x0a,0x0a,0x02,0x02,0x02,0x02,0x02,0x00,0x00,0x02,0x02,
    0x00,0x00,0x00,0x00,0x08,0x08,0x08,0x08,0x08,0x08,0x00,0x00,0x00,0x02,0x07,0x02,0x00,0x00,0x00,0x80,0x80,0x80,0x80,0x80,0x00,0x00,0x00,0x20,0x00,0x00,0x00,0x00
  },
  { // 14
    0x00,0x00,0x00,0x80,0x80,0x80,0xc0,0xe0,0xe0,0xf0,0xf0,0xe0,0xe0,0x70,0xf0,0xf0,0xf4,0xfe,0xc4,0x80,0x80,0x00,0x00,0x00,0x00,0x00,0x00,0x10,0x00,0x00,0x00,0x00,
    0x00,0x00,0x00,0x00,0x00,0x00,0x00,0x00,0x00,0x00,0x80,0x80,0x80,0xc0,0xc0,0x40,0x60,0x60,0x20,0xb0,0xb0,0x90,0xd0,0xd0,0xd8,0x58,0x58,0x48,0x48,0x48,0x48,0x48,
    0x48,0x48,0x48,0x48,0x58,0x58,0xd8,0xd0,0xd0,0x90,0xb0,0xb0,0x20,0x60,0x60,0x40,0xc0,0xc0,0x80,0x80,0x00,0x00,0x00,0x00,0x00,0x00,0x00,0x00,0x00,0x00,0x00,0x00,
    0x00,0x00,0x00,0x00,0x00,0x00,0x00,0x00,0x00,0x00,0x20,0x70,0xa0,0xc0,0xc0,0xe0,0xe0,0xc0,0xc0,0x80,0x80,0x88,0x9c,0x08,0x00,0x00,0x00,0x00,0x00,0x00,0x00,0x00,
    0x00,0x00,0x00,0x01,0x01,0x01,0x01,0xc1,0xc0,0xc1,0xe1,0x71,0xf1,0xf1,0xe1,0xe1,0xc1,0xc1,0x81,0x01,0x01,0x01,0x00,0x00,0x00,0x00,0x00,0x00,0x00,0x00,0x00,0x00,
    0x00,0x00,0x00,0xc2,0xe7,0x72,0x38,0x1e,0x4e,0x66,0x7f,0x3b,0x9b,0xce,0xe6,0x76,0x33,0x9b,0xd9,0xcd,0x6d,0x64,0x36,0x3e,0x12,0x1a,0x1a,0x1b,0xcb,0x0b,0x0b,0x0b,
    0x0b,0x0b,0x0b,0x1b,0x1a,0x1a,0x12,0x3e,0x36,0x64,0x6d,0xcd,0xd9,0x9b,0x33,0x76,0xe6,0xcc,0x19,0x39,0x73,0xa6,0xce,0xdc,0xd9,0xd0,0xc0,0x80,0x00,0x00,0x00,0x00,
    0x00,0x00,0x00,0x00,0x00,0x20,0x00,0x00,0x04,0x06,0x06,0x06,0x07,0x05,0x07,0x07,0x07,0x07,0x07,0x03,0x07,0x87,0x87,0xc7,0xc6,0xc6,0x86,0x00,0x00,0x01,0x00,0x00,
    0x20,0x20,0x20,0xa0,0xa0,0xa0,0xa0,0xa0,0x20,0x20,0x20,0x20,0x20,0x20,0x20,0x20,0x20,0x20,0x20,0x20,0x20,0x20,0x20,0x20,0x20,0x20,0x20,0x20,0x20,0x20,0x30,0xb8,
    0xb8,0xb8,0xbd,0xb9,0x3a,0xbb,0xbf,0xbf,0xbf,0xaf,0xae,0xad,0xbd,0x3d,0x38,0xb8,0xb7,0x27,0x21,0x20,0x20,0x20,0x20,0x20,0x20,0x21,0x21,0x21,0x27,0x21,0x21,0x21,
    0x20,0x20,0x20,0x20,0x20,0x24,0x20,0x20,0x20,0x20,0x20,0x20,0xb9,0xbb,0x3b,0xac,0xae,0x2e,0xbf,0xbf,0xbb,0xbb,0xbb,0xbf,0xbf,0xbf,0x3e,0xbe,0xbe,0xbf,0x3e,0xbe,
    0x3e,0x3c,0x30,0x20,0x20,0x20,0x20,0x20,0x20,0x20,0x20,0x20,0x20,0x20,0x20,0x20,0x20,0x20,0x22,0x23,0x23,0x23,0x21,0x23,0x23,0x23,0x23,0x23,0x23,0x23,0x22,0x20,
    0x00,0x00,0x00,0x00,0x00,0x00,0x00,0x00,0x00,0x00,0x00,0x00,0x00,0x08,0x08,0x08,0x08,0x08,0x08,0x00,0x00,0x00,0x00,0x00,0x00,0x80,0x80,0x80,0x80,0x00,0x00,0x02,
    0x00,0x02,0x02,0x02,0x02,0x02,0x02,0x00,0x02,0x0a,0x02,0x0a,0x00,0x02,0x02,0x2a,0x28,0x28,0x28,0x22,0x02,0x02,0x02,0x08,0x08,0x08,0x0c,0x28,0x20,0x28,0x28,0x08,
    0x28,0x28,0x28,0x28,0x08,0x00,0x0a,0x2a,0x7a,0x2a,0x00,0x20,0x20,0x22,0x22,0x2a,0x08,0x0a,0x02,0x02,0x00,0x0a,0x0a,0x02,0x02,0x02,0x02,0x02,0x00,0x00,0x02,0x02,
    0x00,0x00,0x00,0x00,0x08,0x08,0x08,0x08,0x08,0x08,0x00,0x00,0x00,0x02,0x07,0x02,0x00,0x00,0x00,0x80,0x80,0x80,0x80,0x80,0x00,0x00,0x00,0x20,0x00,0x00,0x00,0x00
  },
  { // 15
    0x00,0x00,0x00,0x80,0x80,0x80,0xc0,0xe0,0xe0,0xf0,0xf0,0xe0,0xe0,0x70,0xf0,0xf0,0xf4,0xfe,0xc4,0x80,0x80,0x00,0x00,0x00,0x00,0x00,0x00,0x10,0x00,0x00,0x00,0x00,
    0x00,0x00,0x00,0x00,0x00,0x00,0x00,0x00,0x00,0x00,0x00,0x80,0x80,0xc0,0xc0,0x40,0x60,0x60,0x20,0xb0,0xb0,0x90,0xd0,0xd0,0xd8,0x58,0x58,0x48,0x48,0x48,0x48,0x48,
    0x48,0x48,0x48,0x48,0x58,0x58,0xd8,0xd0,0xd0,0x90,0xb0,0xb0,0x20,0x60,0x60,0x40,0xc0,0xc0,0x80,0x80,0x00,0x00,0x00,0x00,0x00,0x00,0x00,0x00,0x00,0x00,0x00,0x00,
    0x00,0x00,0x00,0x00,0x00,0x00,0x00,0x00,0x00,0x00,0x20,0x70,0xa0,0xc0,0xc0,0xe0,0xe0,0xc0,0xc0,0x80,0x80,0x88,0x9c,0x08,0x00,0x00,0x00,0x00,0x00,0x00,0x00,0x00,
    0x00,0x00,0x00,0x01,0x01,0x01,0x01,0xc1,0xc0,0xc1,0xe1,0x71,0xf1,0xf1,0xe1,0xc1,0xc1,0xc1,0x81,0x01,0x01,0x01,0x00,0x00,0x00,0x00,0x00,0x00,0x00,0x00,0x00,0x00,
    0x00,0x00,0x00,0xc2,0xe7,0x72,0x38,0x1c,0x4e,0x66,0x73,0x3f,0x9b,0xce,0xe6,0x76,0x33,0x9b,0xd9,0xcd,0x6d,0x64,0x36,0x3e,0x12,0x1a,0x1a,0x1b,0xcb,0x0b,0x0b,0x0b,
    0x0b,0x0b,0x0b,0x1b,0x1a,0x1a,0x12,0x3e,0x36,0x64,0x6d,0xcd,0xd9,0x9b,0x33,0x76,0xe6,0xcc,0x19,0x39,0x73,0xa6,0xce,0xdc,0xd9,0xd0,0xc0,0x80,0x00,0x00,0x00,0x00,
    0x00,0x00,0x00,0x00,0x00,0x20,0x00,0x00,0x04,0x06,0x06,0x06,0x07,0x05,0x07,0x07,0x07,0x07,0x07,0x03,0x07,0x07,0x87,0xc7,0xc6,0xc6,0x86,0x00,0x00,0x00,0x00,0x00,
    0x20,0x20,0x20,0xa0,0xa0,0xa0,0xa0,0xa0,0x20,0x24,0x20,0x20,0x20,0x20,0x20,0x20,0x20,0x20,0x20,0x20,0x20,0x20,0x20,0x20,0x20,0x20,0x20,0x20,0x20,0x20,0x30,0xb8,
    0x38,0xb8,0xbd,0xb9,0xba,0xbb,0xbf,0xbf,0xbf,0x2f,0xae,0xad,0xbd,0xbd,0x38,0xb8,0xb7,0x27,0x21,0x20,0x20,0x20,0x20,0x20,0x20,0x21,0x21,0x21,0x27,0x21,0x21,0x21,
    0x20,0x20,0x20,0x20,0x20,0x24,0x20,0x20,0x20,0x20,0x20,0x20,0xb9,0x3b,0x3b,0xac,0xae,0xae,0xbf,0xbf,0xbb,0xbb,0x3b,0xbf,0xbf,0xbf,0xbe,0xbe,0xbe,0xbf,0x3e,0x3e,
    0x3e,0x3c,0x30,0x20,0x20,0x20,0x20,0x20,0x20,0x20,0x20,0x20,0x20,0x20,0x20,0x20,0x20,0x20,0x22,0x23,0x23,0x23,0x21,0x23,0x23,0x23,0x23,0x23,0x23,0x23,0x22,0x20,
    0x00,0x00,0x00,0x00,0x00,0x00,0x02,0x00,0x00,0x00,0x00,0x00,0x08,0x08,0x08,0x08,0x08,0x08,0x00,0x00,0x00,0x00,0x00,0x00,0x00,0x80,0x80,0x80,0x80,0x00,0x02,0x02,
    0x00,0x02,0x02,0x00,0x02,0x02,0x02,0x02,0x02,0x0a,0x0a,0x0a,0x00,0x02,0x02,0x22,0x28,0x28,0x08,0x22,0x02,0x00,0x02,0x08,0x00,0x08,0x0c,0x08,0x28,0x28,0x28,0x28,
    0x28,0x20,0x28,0x28,0x08,0x08,0x0a,0x28,0x7a,0x2a,0x00,0x20,0x20,0x02,0x2a,0x2a,0x08,0x0a,0x02,0x02,0x02,0x0a,0x0a,0x0a,0x02,0x00,0x02,0x02,0x00,0x02,0x02,0x02,
    0x00,0x00,0x00,0x00,0x08,0x08,0x08,0x08,0x08,0x08,0x00,0x00,0x00,0x02,0x07,0x02,0x00,0x00,0x00,0x00,0x80,0x80,0x80,0x80,0x80,0x00,0x00,0x20,0x00,0x00,0x00,0x00
  },
  { // 16
    0x00,0x00,0x00,0x80,0x80,0x80,0x80,0xe0,0xe0,0xf0,0xf0,0xe0,0xe0,0x70,0xf0,0xf0,0xf4,0xfe,0xe4,0x80,0x80,0x00,0x00,0x00,0x00,0x00,0x00,0x10,0x00,0x00,0x00,0x00,
    0x00,0x00,0x00,0x00,0x00,0x00,0x00,0x00,0x00,0x00,0x00,0x80,0x80,0xc0,0xc0,0x40,0x60,0x60,0x20,0xb0,0xb0,0x90,0xd0,0xd0,0xd8,0x58,0x58,0x48,0x48,0x48,0x48,0x48,
    0x48,0x48,0x48,0x48,0x58,0x58,0xd8,0xd0,0xd0,0x90,0xb0,0xb0,0x20,0x60,0x60,0x40,0xc0,0xc0,0x80,0x80,0x00,0x00,0x00,0x00,0x00,0x00,0x00,0x00,0x00,0x00,0x00,0x00,
    0x00,0x00,0x00,0x00,0x00,0x00,0x00,0x00,0x00,0x00,0x20,0x70,0xa0,0xc0,0xc0,0xe0,0xe0,0xc0,0xc0,0x80,0x80,0x88,0x9c,0x08,0x00,0x00,0x00,0x00,0x00,0x00,0x00,0x00,
    0x00,0x00,0x00,0x01,0x01,0x01,0x01,0xc1,0xc0,0xc1,0xe1,0x71,0xf1,0xf1,0xe1,0xc1,0xc1,0xc1,0x81,0x01,0x01,0x01,0x00,0x00,0x00,0x00,0x00,0x00,0x00,0x00,0x00,0x00,
    0x00,0x00,0x00,0xc2,0x67,0xb2,0xb8,0x9c,0x8e,0xa6,0x73,0x3f,0x9b,0xce,0xe6,0x76,0x33,0x9b,0xd9,0xcd,0x6d,0x64,0x36,0x3e,0x12,0x1a,0x1a,0x1b,0xcb,0x0b,0x0b,0x0b,
    0x0b,0x0b,0x0b,0x1b,0x1a,0x1a,0x12,0x3e,0x36,0x64,0x6d,0xcd,0xd9,0x9b,0x33,0x76,0xe6,0xcc,0x99,0x39,0x73,0x66,0x8e,0x9c,0xb8,0xb0,0xa0,0x40,0x00,0x00,0x00,0x00,
    0x00,0x00,0x00,0x00,0x00,0x20,0x00,0x00,0x04,0x06,0x06,0x06,0x07,0x05,0x07,0x07,0x07,0x07,0x03,0x07,0x07,0x07,0x87,0xc7,0xc6,0xc6,0x86,0x00,0x00,0x00,0x00,0x00,
    0x20,0x20,0x20,0xa0,0xa0,0xa0,0xa0,0xa0,0x20,0x24,0x20,0x20,0x20,0x20,0x20,0x20,0x20,0x20,0x20,0x20,0x20,0x20,0x20,0x20,0x20,0x20,0x20,0x20,0x20,0x20,0x38,0xbc,
    0x3c,0xbc,0xbe,0xbc,0xbd,0xbd,0xbf,0xbf,0xbf,0x37,0xb7,0xb6,0xbe,0xbe,0x3c,0xbc,0xbb,0x37,0x31,0x30,0x20,0x20,0x20,0x20,0x20,0x21,0x21,0x21,0x27,0x21,0x21,0x21,
    0x20,0x20,0x20,0x20,0x20,0x24,0x20,0x20,0x20,0x20,0x20,0x20,0xb1,0x37,0x37,0xb8,0xbc,0xbd,0xbe,0xbe,0xb6,0xb7,0x37,0xbf,0xbf,0xbf,0xbd,0xbd,0xbc,0xbe,0x3c,0x3c,
    0x3d,0x3a,0x20,0x20,0x20,0x20,0x20,0x20,0x20,0x20,0x20,0x20,0x20,0x20,0x20,0x20,0x20,0x20,0x22,0x23,0x23,0x23,0x21,0x23,0x23,0x23,0x23,0x23,0x23,0x23,0x22,0x20,
    0x00,0x00,0x00,0x00,0x00,0x00,0x02,0x00,0x00,0x00,0x00,0x00,0x08,0x08,0x08,0x08,0x08,0x08,0x00,0x00,0x00,0x00,0x00,0x00,0x00,0x80,0x80,0x80,0x80,0x00,0x02,0x02,
    0x00,0x02,0x02,0x00,0x02,0x02,0x02,0x02,0x02,0x0a,0x0a,0x0a,0x00,0x02,0x02,0x22,0x28,0x28,0x08,0x22,0x02,0x00,0x02,0x08,0x00,0x08,0x0c,0x08,0x28,0x28,0x28,0x28,
    0x28,0x20,0x28,0x28,0x08,0x08,0x0a,0x28,0x7a,0x2a,0x00,0x20,0x20,0x02,0x2a,0x2a,0x08,0x0a,0x02,0x02,0x02,0x0a,0x0a,0x0a,0x02,0x00,0x02,0x02,0x00,0x02,0x02,0x02,
    0x00,0x00,0x00,0x00,0x08,0x08,0x08,0x08,0x08,0x08,0x00,0x00,0x00,0x02,0x07,0x02,0x00,0x00,0x00,0x00,0x80,0x80,0x80,0x80,0x80,0x00,0x00,0x20,0x00,0x00,0x00,0x00
  },
  { // 17
    0x00,0x00,0x00,0x80,0x88,0x80,0x80,0xe0,0xe0,0xf0,0xf0,0xe0,0xe0,0x70,0xf0,0xf0,0xf4,0xfe,0xe4,0x80,0x80,0x00,0x00,0x00,0x00,0x00,0x00,0x00,0x00,0x00,0x00,0x00,
    0x00,0x00,0x00,0x00,0x00,0x00,0x00,0x00,0x00,0x00,0x00,0x80,0xc0,0xc0,0xc0,0x40,0x60,0x60,0x20,0xb0,0xb0,0x90,0xd0,0xd0,0xd8,0x58,0x58,0x48,0x48,0x48,0x48,0x48,
    0x48,0x48,0x48,0x48,0x58,0x58,0xd8,0xd0,0xd0,0x90,0xb0,0xb0,0x20,0x60,0x60,0x40,0xc0,0xc0,0x80,0x80,0x00,0x00,0x00,0x00,0x00,0x00,0x00,0x00,0x00,0x00,0x00,0x00,
    0x00,0x00,0x00,0x00,0x00,0x00,0x00,0x00,0x00,0x00,0x20,0x70,0xa0,0xc0,0xc0,0xe0,0xe0,0xc0,0xc0,0x80,0x80,0x88,0x9c,0x08,0x00,0x00,0x00,0x00,0x00,0x00,0x00,0x00,
    0x00,0x00,0x00,0x01,0x01,0x01,0x01,0xc1,0xc0,0xc1,0xe1,0x71,0xf1,0xf1,0xe1,0xc1,0xc1,0xc1,0x81,0x01,0x01,0x01,0x00,0x00,0x00,0x00,0x00,0x00,0x00,0x00,0x00,0x00,
    0x00,0x00,0x00,0xc2,0x67,0xb2,0xb8,0x9c,0x8e,0xa7,0x73,0x39,0x9f,0xcd,0xe7,0x77,0x33,0x9b,0xd9,0xcd,0x6d,0x64,0x36,0x3e,0x12,0x1a,0x1a,0x1b,0xcb,0x0b,0x0b,0x0b,
    0x0b,0x0b,0x0b,0x1b,0x1a,0x1a,0x12,0x36,0x36,0x64,0x6d,0xcd,0xd9,0x9b,0x33,0x76,0xe6,0xcc,0x99,0x39,0x73,0x66,0x8e,0x9c,0xb8,0xb0,0xa0,0x40,0x00,0x00,0x00,0x00,
    0x00,0x00,0x00,0x00,0x00,0x20,0x00,0x00,0x04,0x06,0x06,0x06,0x07,0x05,0x07,0x07,0x07,0x07,0x03,0x07,0x07,0x07,0x87,0xc7,0xc6,0xc6,0x86,0x00,0x00,0x00,0x00,0x00,
    0x20,0x20,0x20,0xa0,0xa0,0xa0,0xa0,0xa0,0x20,0x24,0x20,0x20,0x20,0x20,0x20,0x20,0x20,0x20,0x20,0x20,0x20,0x20,0x20,0x20,0x20,0x20,0x20,0x20,0x20,0x20,0x38,0xbc,
    0x3c,0xbc,0xbe,0xbc,0xbd,0xbd,0xbf,0xbf,0xbf,0x37,0xb7,0xb6,0xbe,0xbe,0x3c,0xbc,0xbb,0x37,0x31,0x30,0x20,0x20,0x20,0x20,0x20,0x21,0x21,0x21,0x27,0x21,0x21,0x21,
    0x20,0x20,0x20,0x20,0x20,0x24,0x20,0x20,0x20,0x20,0x20,0x20,0xb1,0x37,0x37,0xb8,0xbc,0xbd,0xbe,0xbe,0xb6,0xb7,0x37,0xbf,0xbf,0xbf,0xbd,0xbd,0xbc,0xbe,0x3c,0x3c,
    0x3c,0x38,0x20,0x20,0x20,0x20,0x20,0x20,0x20,0x20,0x20,0x20,0x20,0x20,0x20,0x20,0x20,0x20,0x22,0x23,0x23,0x23,0x21,0x23,0x23,0x23,0x23,0x23,0x23,0x23,0x22,0x20,
    0x00,0x00,0x00,0x00,0x00,0x00,0x02,0x00,0x00,0x00,0x00,0x00,0x08,0x08,0x08,0x08,0x08,0x08,0x00,0x00,0x00,0x00,0x00,0x00,0x80,0x80,0x80,0x80,0x00,0x00,0x00,0x02,
    0x02,0x00,0x02,0x00,0x02,0x02,0x02,0x02,0x02,0x0a,0x0a,0x0a,0x00,0x00,0x02,0x22,0x2a,0x28,0x08,0x20,0x02,0x00,0x02,0x0a,0x00,0x08,0x0c,0x08,0x28,0x28,0x28,0x28,
    0x28,0x20,0x28,0x28,0x08,0x08,0x08,0x08,0x2a,0x0a,0x02,0x20,0x20,0x00,0x2a,0x2a,0x08,0x08,0x02,0x02,0x02,0x0a,0x0a,0x0a,0x02,0x00,0x02,0x02,0x02,0x00,0x02,0x02,
    0x02,0x00,0x00,0x00,0x08,0x08,0x08,0x08,0x08,0x08,0x00,0x00,0x00,0x02,0x07,0x02,0x00,0x00,0x00,0x00,0x80,0x80,0x80,0x80,0x80,0x00,0x00,0x20,0x00,0x00,0x00,0x00
  },
  { // 18
    0x00,0x00,0x00,0x80,0x88,0x80,0x80,0xe0,0xe0,0xe0,0xf0,0xe0,0xe0,0x70,0xf0,0xf0,0xf4,0xfe,0xe4,0x80,0x80,0x80,0x00,0x00,0x00,0x00,0x00,0x00,0x00,0x00,0x00,0x00,
    0x00,0x00,0x00,0x00,0x00,0x00,0x00,0x00,0x00,0x00,0x00,0x80,0xc0,0xc0,0xc0,0x40,0x60,0x60,0x20,0xb0,0xb0,0x90,0xd0,0xd0,0xd8,0x58,0x58,0x48,0x48,0x48,0x48,0x48,
    0x48,0x48,0x48,0x48,0x58,0x58,0xd8,0xd0,0xd0,0x90,0xb0,0xb0,0x20,0x60,0x60,0x40,0xc0,0xc0,0x80,0x80,0x00,0x00,0x00,0x00,0x00,0x00,0x00,0x00,0x00,0x00,0x00,0x00,
    0x00,0x00,0x00,0x00,0x00,0x00,0x00,0x00,0x00,0x00,0x20,0x70,0xa0,0xc0,0xc0,0xe0,0xc0,0xc0,0xc0,0x80,0x80,0x88,0x9c,0x08,0x00,0x00,0x00,0x00,0x00,0x00,0x00,0x00,
    0x00,0x00,0x00,0x01,0x01,0x01,0x01,0xc1,0xc0,0xc1,0xe1,0x71,0xf1,0xf1,0xe1,0xc1,0xc1,0xc1,0x81,0x01,0x01,0x01,0x00,0x00,0x00,0x00,0x00,0x00,0x00,0x00,0x00,0x00,
    0x00,0x00,0x00,0xc2,0x67,0xb2,0xb8,0x9c,0x8e,0xa7,0x73,0x39,0x9f,0xcd,0xe7,0x77,0x33,0x9b,0xd9,0xcd,0x6d,0x64,0x3e,0x3e,0x1a,0x1a,0x1a,0x1b,0xcb,0x0b,0x0b,0x0b,
    0x0b,0x0b,0x0b,0x1b,0x1a,0x1a,0x12,0x36,0x36,0x64,0x6d,0xcd,0xd9,0x9b,0x33,0x76,0xe6,0xcc,0x99,0x39,0x73,0x66,0x8e,0x9c,0xb8,0xb0,0xa0,0x40,0x00,0x00,0x00,0x00,
    0x00,0x00,0x00,0x00,0x00,0x20,0x00,0x00,0x06,0x06,0x06,0x06,0x07,0x05,0x07,0x07,0x07,0x07,0x03,0x07,0x07,0x07,0x87,0xc7,0xc6,0xc6,0x86,0x00,0x00,0x00,0x00,0x00,
    0x20,0x20,0x20,0xa0,0xa0,0xa0,0xa0,0xa0,0x20,0x24,0x20,0x20,0x20,0x20,0x20,0x20,0x20,0x20,0x20,0x20,0x20,0x20,0x20,0x20,0x20,0x20,0x20,0x20,0x20,0x20,0x38,0xbc,
    0x3c,0xbc,0xbe,0xbc,0xbd,0xbd,0xbf,0xbf,0xbf,0x37,0xb7,0xb6,0xbe,0xbe,0x3c,0xbc,0xbb,0x37,0x31,0x30,0x20,0x20,0x20,0x20,0x20,0x21,0x21,0x21,0x27,0x21,0x21,0x21,
    0x20,0x20,0x20,0x20,0x20,0x24,0x20,0x20,0x20,0x20,0x20,0x20,0xb1,0x37,0x37,0xb8,0xbc,0xbd,0xbe,0xbe,0xb6,0xb7,0x37,0xbf,0xbf,0xbf,0xbd,0xbd,0xbc,0xbe,0x3c,0x3c,
    0x3c,0x38,0x20,0x20,0x20,0x20,0x20,0x20,0x20,0x20,0x20,0x20,0x20,0x20,0x20,0x20,0x20,0x20,0x22,0x23,0x23,0x23,0x21,0x23,0x23,0x23,0x23,0x23,0x23,0x23,0x23,0x20,
    0x00,0x00,0x00,0x00,0x00,0x00,0x02,0x00,0x00,0x00,0x00,0x00,0x08,0x08,0x08,0x08,0x08,0x08,0x00,0x00,0x00,0x00,0x00,0x00,0x80,0x80,0x80,0x80,0x00,0x00,0x00,0x02,
    0x02,0x00,0x02,0x00,0x02,0x02,0x02,0x02,0x02,0x0a,0x0a,0x0a,0x00,0x00,0x02,0x22,0x2a,0x28,0x08,0x20,0x02,0x00,0x02,0x0a,0x00,0x0c,0x0e,0x0c,0x28,0x28,0x28,0x28,
    0x28,0x20,0x28,0x28,0x08,0x08,0x08,0x08,0x2a,0x0a,0x02,0x20,0x20,0x00,0x2a,0x2a,0x08,0x08,0x02,0x02,0x02,0x0a,0x0a,0x0a,0x02,0x00,0x02,0x02,0x02,0x00,0x02,0x02,
    0x02,0x00,0x00,0x00,0x08,0x08,0x08,0x08,0x08,0x08,0x00,0x00,0x00,0x02,0x07,0x02,0x00,0x00,0x00,0x00,0x80,0x80,0x80,0x80,0x80,0x00,0x00,0x20,0x00,0x00,0x00,0x00
  },
  { // 19
    0x00,0x00,0x00,0x80,0x88,0x80,0x80,0xe0,0xe0,0xe0,0xf0,0xe0,0xe0,0x70,0xf0,0xf0,0xf4,0xfe,0xe4,0x80,0x80,0x80,0x00,0x00,0x00,0x00,0x00,0x00,0x00,0x00,0x00,0x00,
    0x00,0x00,0x00,0x00,0x00,0x00,0x00,0x00,0x00,0x00,0x00,0x80,0x80,0xc0,0xc0,0x40,0x60,0x60,0x20,0xb0,0xb0,0x90,0xd0,0xd0,0xd8,0x58,0x58,0x48,0x48,0x48,0x48,0x48,
    0x48,0x48,0x48,0x48,0x58,0x58,0xd8,0xd0,0xd0,0x90,0xb0,0xb0,0x20,0x60,0x60,0x40,0xc0,0xc0,0x80,0x80,0x00,0x00,0x00,0x00,0x00,0x00,0x00,0x00,0x00,0x00,0x00,0x00,
    0x00,0x00,0x00,0x04,0x00,0x00,0x00,0x00,0x00,0x00,0x20,0x70,0xa0,0xc0,0xc0,0xe0,0xc0,0xc0,0xc0,0x80,0x80,0x88,0x9c,0x08,0x00,0x00,0x00,0x00,0x00,0x00,0x00,0x00,
    0x00,0x00,0x00,0x01,0x01,0x01,0x01,0xc1,0xc0,0xc1,0xe1,0x71,0xf1,0xf1,0xe1,0xc1,0xc1,0xc1,0x81,0x01,0x01,0x01,0x00,0x00,0x00,0x00,0x00,0x00,0x00,0x00,0x00,0x00,
    0x00,0x00,0x00,0xc2,0x67,0xb2,0xb8,0x9c,0x8e,0xa6,0x73,0x39,0x99,0xcf,0xe7,0x77,0x33,0x9b,0xd9,0xcd,0x6d,0x64,0x3e,0x3e,0x1a,0x1a,0x1a,0x1b,0xcb,0x0b,0x0b,0x0b,
    0x0b,0x0b,0x0b,0x1b,0x1a,0x1a,0x12,0x36,0x36,0x64,0x6d,0xcd,0xd9,0x9b,0x33,0x76,0xe6,0xcc,0x99,0x39,0x73,0x66,0x8e,0x9c,0xb8,0xb0,0xa0,0x40,0x00,0x00,0x00,0x00,
    0x00,0x00,0x00,0x00,0x00,0x20,0x00,0x00,0x06,0x06,0x06,0x06,0x07,0x05,0x07,0x07,0x07,0x07,0x03,0x07,0x07,0x07,0x87,0xc7,0xc6,0xc6,0x86,0x00,0x00,0x00,0x00,0x00,
    0x20,0x20,0x20,0xa0,0xa0,0xa0,0xa0,0xa0,0x20,0x24,0x20,0x20,0x20,0x20,0x20,0x20,0x20,0x20,0x20,0x20,0x20,0x20,0x20,0x20,0x20,0x20,0x20,0x20,0x20,0x20,0x38,0xbc,
    0xbc,0xbc,0xbe,0xbc,0xbd,0x3d,0xbf,0xbf,0xbf,0xb7,0xb7,0xb6,0xbe,0xbe,0x3c,0xbc,0xbb,0x37,0x31,0x30,0x20,0x20,0x20,0x20,0x20,0x21,0x21,0x21,0x27,0x21,0x21,0x21,
    0x20,0x20,0x20,0x20,0x20,0x24,0x20,0x20,0x20,0x20,0x20,0x20,0xb1,0xb7,0x37,0xb8,0xbc,0xbd,0x3e,0xbe,0xb6,0xb7,0xb7,0xbf,0xbf,0xbf,0xbd,0x3d,0xbc,0xbe,0x3c,0xbc,
    0x3c,0x38,0x20,0x20,0x20,0x20,0x20,0x20,0x20,0x20,0x20,0x20,0x20,0x20,0x20,0x20,0x20,0x20,0x22,0x23,0x23,0x23,0x21,0x23,0x23,0x23,0x23,0x23,0x23,0x23,0x23,0x20,
    0x00,0x00,0x00,0x00,0x00,0x00,0x02,0x00,0x00,0x00,0x00,0x00,0x08,0x08,0x08,0x08,0x08,0x08,0x00,0x00,0x00,0x00,0x00,0x00,0x80,0x80,0x80,0x80,0x00,0x00,0x00,0x00,
    0x02,0x00,0x02,0x02,0x02,0x02,0x02,0x02,0x00,0x0a,0x0a,0x02,0x02,0x00,0x02,0x2a,0x2a,0x28,0x28,0x00,0x02,0x02,0x02,0x0a,0x08,0x0c,0x2e,0x2c,0x28,0x20,0x28,0x28,
    0x08,0x28,0x28,0x08,0x08,0x08,0x00,0x0a,0x2a,0x0a,0x22,0x20,0x20,0x20,0x2a,0x02,0x0a,0x08,0x02,0x02,0x02,0x08,0x0a,0x0a,0x02,0x02,0x02,0x02,0x02,0x00,0x00,0x02,
    0x02,0x00,0x00,0x00,0x08,0x08,0x08,0x08,0x08,0x08,0x00,0x00,0x00,0x02,0x07,0x02,0x00,0x00,0x00,0x00,0x80,0x80,0x80,0x80,0x80,0x00,0x00,0x20,0x00,0x00,0x00,0x00
  },
  { // 20
    0x00,0x00,0x00,0x80,0x88,0x80,0x80,0xe0,0xe0,0xe0,0xf0,0xe0,0xe0,0x70,0xf0,0xf0,0xf4,0xfe,0xe4,0x80,0x80,0x80,0x00,0x00,0x00,0x00,0x00,0x00,0x00,0x00,0x00,0x00,
    0x00,0x00,0x00,0x00,0x00,0x00,0x00,0x00,0x00,0x00,0x00,0x80,0x80,0xc0,0xe0,0xc0,0xe0,0xe0,0x20,0xb0,0xb0,0x90,0xd0,0xd0,0xd8,0x58,0x58,0x48,0x48,0x48,0x48,0x48,
    0x48,0x48,0x48,0x48,0x58,0x58,0xd8,0xd0,0xd0,0x90,0xb0,0xb0,0x20,0x60,0x60,0x40,0xc0,0xc0,0x80,0x80,0x00,0x00,0x00,0x00,0x00,0x00,0x00,0x00,0x00,0x00,0x00,0x00,
    0x00,0x00,0x00,0x04,0x00,0x00,0x00,0x00,0x00,0x00,0x20,0x70,0xe0,0xc0,0xc0,0xe0,0xc0,0xc0,0xc0,0x80,0x80,0x88,0x9c,0x08,0x00,0x00,0x00,0x00,0x00,0x00,0x00,0x00,
    0x00,0x00,0x00,0x01,0x01,0x01,0x01,0xc1,0xc0,0xc1,0xe1,0x71,0xf1,0xf1,0xe1,0xc1,0xc1,0xc1,0x81,0x01,0x01,0x01,0x00,0x00,0x00,0x00,0x00,0x00,0x00,0x00,0x00,0x00,
    0x00,0x00,0x00,0xc2,0x67,0xb2,0xb8,0x9c,0x8e,0xa6,0x73,0x39,0x99,0xcc,0xe7,0x76,0x33,0x9b,0xd9,0xcd,0x6d,0x64,0x3e,0x3e,0x1a,0x1a,0x1a,0x1b,0xcb,0x0b,0x0b,0x0b,
    0x0b,0x0b,0x0b,0x1b,0x1a,0x1a,0x12,0x36,0x36,0x64,0x6d,0xcd,0xd9,0x9b,0x33,0x76,0xe6,0xcc,0x99,0x39,0x73,0x66,0x8e,0x9c,0xb8,0xb0,0xa0,0x40,0x00,0x00,0x00,0x00,
    0x00,0x00,0x00,0x00,0x00,0x20,0x00,0x00,0x06,0x06,0x06,0x06,0x07,0x05,0x07,0x07,0x07,0x07,0x03,0x07,0x07,0x07,0x87,0xc7,0xc6,0xc6,0x86,0x00,0x00,0x00,0x00,0x00,
    0x20,0x20,0x20,0xa0,0xa0,0xa0,0xa0,0xa0,0x20,0x24,0x20,0x20,0x20,0x20,0x20,0x20,0x20,0x20,0x20,0x20,0x20,0x20,0x20,0x20,0x20,0x20,0x20,0x20,0x20,0x20,0x38,0xbc,
    0xbc,0xbc,0xbe,0xbc,0xbd,0x3d,0xbf,0xbf,0xbf,0xb7,0xb7,0xb6,0xbe,0xbe,0x3c,0xbc,0xbb,0x37,0x31,0x30,0x20,0x20,0x20,0x20,0x20,0x21,0x21,0x21,0x27,0x21,0x21,0x21,
    0x20,0x20,0x20,0x20,0x20,0x24,0x20,0x20,0x20,0x20,0x20,0x20,0xb1,0xb7,0x37,0xb8,0xbc,0xbd,0x3e,0xbe,0xb6,0xb7,0xb7,0xbf,0xbf,0xbf,0xbd,0x3d,0xbc,0xbe,0x3c,0xbc,
    0x3c,0x38,0x20,0x20,0x20,0x20,0x20,0x20,0x20,0x20,0x20,0x20,0x20,0x20,0x20,0x20,0x20,0x20,0x22,0x23,0x23,0x23,0x21,0x23,0x23,0x23,0x23,0x23,0x23,0x23,0x23,0x20,
    0x00,0x00,0x00,0x00,0x00,0x00,0x02,0x00,0x00,0x00,0x00,0x00,0x08,0x08,0x08,0x08,0x08,0x08,0x00,0x00,0x00,0x00,0x00,0x00,0x80,0x80,0x80,0x80,0x00,0x00,0x00,0x00,
    0x02,0x00,0x02,0x02,0x02,0x02,0x02,0x02,0x00,0x0a,0x0a,0x02,0x02,0x00,0x02,0x2a,0x2a,0x28,0x28,0x00,0x02,0x02,0x02,0x0a,0x08,0x0c,0x2e,0x2c,0x28,0x20,0x28,0x28,
    0x08,0x28,0x28,0x08,0x08,0x08,0x00,0x0a,0x2a,0x0a,0x22,0x20,0x20,0x20,0x2a,0x02,0x0a,0x08,0x02,0x02,0x02,0x08,0x0a,0x0a,0x02,0x02,0x02,0x02,0x02,0x00,0x00,0x02,
    0x02,0x00,0x00,0x00,0x08,0x08,0x08,0x08,0x08,0x08,0x00,0x00,0x00,0x02,0x07,0x02,0x00,0x00,0x00,0x00,0x80,0x80,0x80,0x80,0x80,0x00,0x00,0x20,0x00,0x00,0x00,0x00
  },
  { // 21
    0x00,0x00,0x00,0x80,0x88,0x80,0x80,0xe0,0xe0,0xe0,0xf0,0xe0,0xe0,0x70,0xf0,0xf0,0xf4,0xfe,0xe4,0x80,0x80,0x80,0x00,0x00,0x00,0x00,0x00,0x00,0x00,0x00,0x00,0x00,
    0x00,0x00,0x00,0x00,0x00,0x00,0x00,0x00,0x00,0x00,0x00,0x80,0x80,0xc0,0xe0,0xc0,0xe0,0xe0,0x20,0xb0,0xb0,0x90,0xd0,0xd0,0xd8,0x58,0x58,0x48,0x48,0x48,0x48,0x48,
    0x48,0x48,0x48,0x48,0x58,0x58,0xd8,0xd0,0xd0,0x90,0xb0,0xb0,0x20,0x60,0x60,0x40,0xc8,0xc0,0x80,0x80,0x00,0x00,0x00,0x00,0x00,0x00,0x00,0x00,0x00,0x00,0x00,0x00,
    0x00,0x00,0x00,0x04,0x00,0x00,0x00,0x00,0x00,0x00,0x20,0x70,0xe0,0xc0,0xc0,0xe0,0xc0,0xc0,0xc0,0x80,0x80,0x80,0x88,0x00,0x00,0x00,0x00,0x00,0x00,0x00,0x00,0x00,
    0x00,0x00,0x00,0x01,0x01,0x01,0x01,0xc1,0xc0,0xc1,0xe1,0x71,0xf1,0xf1,0xe1,0xc1,0xc1,0xc1,0x81,0x01,0x01,0x01,0x00,0x00,0x00,0x00,0x00,0x00,0x00,0x00,0x00,0x00,
    0x00,0x00,0x00,0xc2,0x67,0xb2,0xb8,0x9c,0x8e,0xa6,0x73,0x39,0x99,0xcc,0xe7,0x76,0x33,0x9b,0xd9,0xcd,0x6d,0x64,0x3e,0x3e,0x1a,0x1a,0x1a,0x1b,0xcb,0x0b,0x0b,0x0b,
    0x0b,0x0b,0x0b,0x1b,0x1a,0x1a,0x12,0x36,0x36,0x64,0x6d,0xcd,0xd9,0x9b,0x33,0x76,0xe6,0xcc,0x99,0x39,0x73,0x66,0x8e,0x9c,0xb8,0xb0,0xa0,0x40,0x00,0x00,0x00,0x00,
    0x00,0x00,0x00,0x00,0x00,0x20,0x00,0x00,0x06,0x06,0x06,0x06,0x07,0x05,0x07,0x07,0x07,0x07,0x03,0x07,0x07,0x07,0x87,0xc7,0xc6,0xc6,0x86,0x00,0x00,0x00,0x00,0x00,
    0x20,0x20,0x20,0xa0,0xa0,0xa0,0xa0,0xa0,0x24,0x2e,0x24,0x20,0x20,0x20,0x20,0x20,0x20,0x20,0x20,0x20,0x20,0x20,0x20,0x20,0x20,0x20,0x20,0x20,0x20,0x20,0x38,0xbc,
    0xbc,0xbc,0xbe,0xbc,0xbd,0x3d,0xbf,0xbf,0xbf,0xb7,0xb7,0xb6,0xbe,0xbe,0x3c,0xbc,0xbb,0x37,0x31,0x30,0x20,0x20,0x20,0x20,0x20,0x21,0x21,0x21,0x27,0x21,0x21,0x21,
    0x20,0x20,0x20,0x20,0x20,0x20,0x20,0x20,0x20,0x20,0x20,0x20,0xb1,0xb7,0x37,0xb8,0xbc,0xbd,0x3e,0xbe,0xb6,0xb7,0xb7,0xbf,0xbf,0xbf,0xbd,0x3d,0xbc,0xbe,0x3c,0xbc,
    0x3c,0x38,0x20,0x20,0x20,0x20,0x20,0x20,0x20,0x20,0x20,0x20,0x20,0x20,0x20,0x20,0x20,0x20,0x22,0x23,0x23,0x23,0x21,0x23,0x23,0x23,0x23,0x23,0x23,0x23,0x23,0x20,
    0x00,0x00,0x00,0x00,0x00,0x02,0x07,0x02,0x00,0x00,0x00,0x00,0x08,0x08,0x08,0x08,0x08,0x08,0x00,0x00,0x00,0x00,0x00,0x00,0x80,0x80,0x80,0x80,0x00,0x00,0x00,0x00,
    0x02,0x00,0x02,0x02,0x02,0x02,0x02,0x02,0x00,0x0a,0x0a,0x02,0x02,0x00,0x02,0x2a,0x2a,0x28,0x28,0x00,0x02,0x02,0x02,0x0a,0x08,0x0c,0x2e,0x2c,0x28,0x20,0x28,0x28,
    0x08,0x28,0x28,0x08,0x08,0x08,0x00,0x0a,0x2a,0x0a,0x22,0x20,0x20,0x20,0x2a,0x02,0x0a,0x08,0x02,0x02,0x02,0x08,0x0a,0x0a,0x02,0x02,0x02,0x02,0x02,0x00,0x00,0x02,
    0x02,0x00,0x00,0x00,0x08,0x08,0x08,0x08,0x08,0x08,0x00,0x00,0x00,0x02,0x07,0x02,0x00,0x00,0x00,0x00,0x80,0x80,0x80,0x80,0x80,0x00,0x00,0x00,0x00,0x00,0x00,0x00
  },
  { // 22
    0x00,0x00,0x00,0x80,0x88,0x80,0x80,0xe0,0xe0,0xe0,0xf0,0xe0,0xe0,0x70,0xf0,0xf0,0xf4,0xfe,0xe4,0x80,0x80,0x80,0x00,0x00,0x00,0x00,0x00,0x00,0x00,0x00,0x00,0x00,
    0x00,0x00,0x00,0x00,0x00,0x00,0x00,0x00,0x00,0x00,0x00,0x80,0x80,0xc0,0xc0,0xe0,0xe0,0xe0,0xa0,0xb0,0xb0,0x90,0xd0,0xd0,0xd8,0x58,0x58,0x48,0x48,0x48,0x48,0x48,
    0x48,0x48,0x48,0x48,0x58,0x58,0xd8,0xd0,0xd0,0x90,0xb0,0xb0,0x20,0x60,0x60,0x40,0xc8,0xc0,0x80,0x80,0x00,0x00,0x00,0x00,0x00,0x00,0x00,0x00,0x00,0x00,0x00,0x00,
    0x00,0x00,0x00,0x04,0x00,0x00,0x00,0x00,0x00,0x00,0x00,0x20,0xc0,0xc0,0xc0,0xe0,0xc0,0xc0,0xc0,0x80,0x80,0x80,0x88,0x00,0x00,0x00,0x00,0x00,0x00,0x00,0x00,0x00,
    0x00,0x00,0x00,0x01,0x01,0x01,0x01,0xc1,0xc0,0xc1,0xe1,0x71,0xf1,0xf1,0xe1,0xc1,0xc1,0xc1,0x81,0x01,0x01,0x01,0x00,0x00,0x00,0x00,0x00,0x00,0x00,0x00,0x00,0x00,
    0x00,0x00,0x00,0xc0,0x62,0xb0,0xb8,0x9c,0x8e,0xa6,0x73,0x39,0x99,0xcc,0xe6,0x77,0x33,0x9b,0xd9,0xcd,0x6d,0x64,0x3e,0x3e,0x1a,0x1a,0x1a,0x1b,0xcb,0x0b,0x0b,0x0b,
    0x0b,0x0b,0x0b,0x1b,0x1a,0x1a,0x12,0x36,0x36,0x64,0x6d,0xcd,0xd9,0x9b,0x33,0x76,0xe6,0xcc,0x99,0x39,0x73,0x66,0x8e,0x9c,0xb8,0xb0,0xa0,0x40,0x00,0x00,0x00,0x00,
    0x00,0x00,0x00,0x00,0x00,0x20,0x00,0x00,0x06,0x06,0x06,0x06,0x07,0x05,0x07,0x07,0x07,0x07,0x03,0x07,0x07,0x07,0x87,0xc7,0xc6,0xc6,0x86,0x00,0x00,0x00,0x00,0x00,
    0x20,0x20,0x20,0xa0,0xa0,0xa0,0xa0,0xa0,0x24,0x2e,0x24,0x20,0x20,0x20,0x20,0x20,0x20,0x20,0x20,0x20,0x20,0x20,0x20,0x20,0x20,0x20,0x20,0x20,0x20,0x20,0x38,0xbc,
    0xbc,0xbc,0xbe,0xbc,0xbd,0x3d,0xbf,0xbf,0xbf,0xb7,0xb7,0xb6,0xbe,0xbe,0x3c,0xbc,0xbb,0x37,0x31,0x30,0x20,0x20,0x20,0x20,0x20,0x21,0x21,0x21,0x27,0x21,0x21,0x21,
    0x20,0x20,0x20,0x20,0x20,0x20,0x20,0x20,0x20,0x20,0x20,0x20,0xb1,0xb7,0x37,0xb8,0xbc,0xbd,0x3e,0xbe,0xb6,0xb7,0xb7,0xbf,0xbf,0xbf,0xbd,0x3d,0xbc,0xbe,0x3c,0xbc,
    0x3c,0x38,0x20,0x20,0x20,0x20,0x20,0x20,0x20,0x20,0x20,0x20,0x20,0x20,0x20,0x20,0x20,0x20,0x22,0x23,0x23,0x23,0x21,0x23,0x23,0x23,0x23,0x23,0x23,0x23,0x23,0x20,
    0x00,0x00,0x00,0x00,0x00,0x02,0x07,0x02,0x00,0x00,0x00,0x08,0x08,0x08,0x08,0x08,0x08,0x00,0x00,0x00,0x00,0x00,0x00,0x00,0x80,0x80,0x80,0x80,0x00,0x00,0x00,0x00,
    0x02,0x02,0x00,0x02,0x02,0x02,0x02,0x02,0x00,0x0a,0x0a,0x02,0x02,0x02,0x00,0x2a,0x2a,0x28,0x28,0x00,0x00,0x02,0x02,0x0a,0x0a,0x0c,0x2e,0x2c,0x28,0x20,0x28,0x28,
    0x08,0x28,0x28,0x08,0x08,0x08,0x00,0x08,0x0a,0x0a,0x22,0x22,0x20,0x20,0x28,0x02,0x0a,0x0a,0x00,0x02,0x02,0x08,0x0a,0x0a,0x02,0x02,0x02,0x02,0x02,0x02,0x00,0x02,
    0x02,0x02,0x00,0x00,0x08,0x08,0x08,0x08,0x08,0x08,0x00,0x00,0x00,0x02,0x07,0x02,0x00,0x00,0x00,0x00,0x00,0x80,0x80,0x80,0x80,0x80,0x00,0x00,0x00,0x00,0x00,0x00
  },
  { // 23
    0x00,0x00,0x00,0x80,0x88,0x80,0x80,0xe0,0xe0,0xe0,0xf0,0xe0,0xe0,0x70,0xf0,0xf0,0xf0,0xf4,0xe0,0x80,0x80,0x80,0x00,0x00,0x00,0x00,0x00,0x00,0x00,0x00,0x00,0x00,
    0x00,0x00,0x00,0x00,0x00,0x00,0x00,0x00,0x00,0x00,0x00,0x80,0x80,0xc0,0xc0,0x40,0xf0,0x60,0x60,0xf0,0xb0,0x90,0xd0,0xd0,0xd8,0x58,0x58,0x48,0x48,0x48,0x48,0x48,
    0x48,0x48,0x48,0x48,0x58,0x58,0xd8,0xd0,0xd0,0x90,0xb0,0xb0,0x20,0x60,0x60,0x40,0xc8,0xc0,0x80,0x80,0x00,0x00,0x00,0x00,0x00,0x00,0x00,0x00,0x00,0x00,0x00,0x00,
    0x00,0x00,0x00,0x04,0x00,0x00,0x00,0x00,0x00,0x00,0x00,0x20,0xc0,0xc0,0xc0,0xe0,0xc0,0xc0,0xc0,0x80,0x80,0x80,0x88,0x00,0x00,0x00,0x00,0x00,0x00,0x00,0x00,0x00,
    0x00,0x00,0x00,0x01,0x01,0x01,0x01,0xc1,0xc0,0xc1,0xe1,0x71,0xf1,0xf1,0xe1,0xc1,0xc1,0xc1,0x81,0x01,0x01,0x01,0x00,0x00,0x00,0x00,0x00,0x00,0x00,0x00,0x00,0x00,
    0x00,0x00,0x00,0xc0,0x62,0xb0,0xb8,0x9c,0x8e,0xa6,0x73,0x39,0x99,0xcc,0xe6,0x76,0x33,0x9b,0xd9,0xcd,0x6d,0x64,0x3e,0x3e,0x1a,0x1a,0x1a,0x1b,0xcb,0x0b,0x0b,0x0b,
    0x0b,0x0b,0x0b,0x1b,0x1a,0x1a,0x12,0x36,0x36,0x64,0x6d,0xcd,0xd9,0x9b,0x33,0x76,0xe6,0xcc,0x99,0x39,0x73,0x66,0x8e,0x9c,0xb8,0xb0,0xa0,0x40,0x00,0x00,0x00,0x00,
    0x00,0x00,0x00,0x00,0x00,0x20,0x00,0x00,0x06,0x06,0x06,0x06,0x07,0x05,0x07,0x07,0x07,0x07,0x03,0x07,0x07,0x07,0x87,0xc7,0xc6,0xc6,0x86,0x00,0x00,0x00,0x00,0x00,
    0x20,0x20,0x20,0xa0,0xa0,0xa0,0xa0,0xa0,0x24,0x2e,0x24,0x20,0x20,0x20,0x20,0x20,0x20,0x20,0x20,0x20,0x20,0x20,0x20,0x20,0x20,0x20,0x20,0x20,0x20,0x20,0x38,0xbc,
    0xbc,0x3c,0xbe,0xbc,0xbd,0xbd,0xbf,0xbf,0xbf,0xb7,0x37,0xb6,0xbe,0xbe,0x3c,0xbc,0xbb,0x37,0x31,0x30,0x20,0x20,0x20,0x20,0x20,0x21,0x21,0x21,0x27,0x21,0x21,0x21,
    0x20,0x20,0x20,0x20,0x20,0x20,0x20,0x20,0x20,0x20,0x20,0x20,0xb1,0xb7,0x37,0xb8,0xbc,0xbd,0xbe,0xbe,0xb6,0xb7,0xb7,0x3f,0xbf,0xbf,0xbd,0xbd,0xbc,0xbe,0x3c,0xbc,
    0x3c,0x38,0x20,0x20,0x20,0x20,0x20,0x20,0x20,0x20,0x20,0x20,0x20,0x20,0x20,0x20,0x20,0x20,0x22,0x23,0x23,0x23,0x21,0x23,0x23,0x23,0x23,0x23,0x23,0x23,0x23,0x20,
    0x00,0x00,0x00,0x00,0x00,0x02,0x07,0x02,0x00,0x00,0x00,0x08,0x08,0x08,0x08,0x08,0x08,0x00,0x00,0x00,0x00,0x00,0x00,0x00,0x80,0x80,0x80,0x80,0x00,0x00,0x00,0x00,
    0x02,0x02,0x00,0x02,0x00,0x02,0x02,0x02,0x02,0x0a,0x0a,0x0a,0x02,0x00,0x20,0x2a,0x22,0x2a,0x28,0x00,0x00,0x02,0x00,0x0a,0x0a,0x04,0x2e,0x2c,0x08,0x28,0x28,0x28,
    0x28,0x28,0x20,0x08,0x08,0x08,0x08,0x08,0x08,0x0a,0x22,0x22,0x20,0x20,0x08,0x0a,0x0a,0x08,0x00,0x02,0x02,0x0a,0x0a,0x0a,0x02,0x02,0x00,0x02,0x02,0x02,0x00,0x02,
    0x02,0x02,0x00,0x00,0x08,0x08,0x08,0x08,0x08,0x08,0x00,0x00,0x00,0x02,0x07,0x02,0x00,0x00,0x00,0x00,0x00,0x80,0x80,0x80,0x80,0x80,0x00,0x00,0x00,0x00,0x00,0x00
  },
  { // 24
    0x00,0x00,0x00,0x80,0x88,0x80,0x80,0xe0,0xe0,0xe0,0xf0,0xe0,0xe0,0x70,0xf0,0xf0,0xf0,0xf4,0xe0,0x80,0x80,0x80,0x00,0x00,0x00,0x00,0x00,0x00,0x00,0x00,0x00,0x00,
    0x00,0x00,0x00,0x00,0x00,0x00,0x00,0x00,0x00,0x00,0x00,0x80,0x80,0xc0,0xc0,0x40,0xf0,0x60,0x60,0xf0,0xb0,0x90,0xd0,0xd0,0xd8,0x58,0x58,0x48,0x48,0x48,0x48,0x48,
    0x48,0x48,0x48,0x48,0x58,0x58,0xd8,0xd0,0xd0,0x90,0xb0,0xb0,0x20,0x60,0x60,0x40,0xc8,0xc0,0x80,0x80,0x00,0x00,0x00,0x00,0x00,0x00,0x00,0x00,0x00,0x00,0x00,0x00,
    0x00,0x00,0x00,0x04,0x00,0x00,0x00,0x00,0x00,0x00,0x00,0x20,0xc0,0xc0,0xc0,0xe0,0xc0,0xc0,0xc0,0x80,0x80,0x80,0x88,0x00,0x00,0x00,0x00,0x00,0x00,0x00,0x00,0x00,
    0x00,0x00,0x00,0x01,0x01,0x01,0x01,0xc1,0xc0,0xc1,0xe1,0x71,0xf1,0xf1,0xe1,0xc1,0xc1,0xc1,0x81,0x01,0x01,0x01,0x00,0x00,0x00,0x00,0x00,0x00,0x00,0x00,0x00,0x00,
    0x00,0x00,0x00,0xc0,0x62,0xb0,0xb8,0x9c,0x8e,0xa6,0x73,0x39,0x99,0xcc,0xe6,0x76,0x33,0x9b,0xd9,0xcd,0x6d,0x64,0x3e,0x3e,0x1a,0x1a,0x1a,0x1b,0xcb,0x0b,0x0b,0x0b,
    0x0b,0x0b,0x0b,0x1b,0x1a,0x1a,0x12,0x36,0x36,0x64,0x6d,0xcd,0xd9,0x9b,0x33,0x76,0xe6,0xcc,0x99,0x39,0x73,0x66,0x8e,0x9c,0xb8,0xb0,0xa0,0x40,0x00,0x00,0x00,0x00,
    0x00,0x00,0x00,0x00,0x00,0x20,0x00,0x00,0x06,0x06,0x06,0x06,0x07,0x05,0x07,0x07,0x07,0x07,0x03,0x07,0x07,0x07,0x87,0xc7,0xc6,0xc6,0x86,0x00,0x00,0x00,0x00,0x00,
    0x20,0x20,0x20,0xa0,0xa0,0xa0,0xa0,0xa0,0x24,0x2e,0x24,0x20,0x20,0x20,0x20,0x20,0x20,0x20,0x20,0x20,0x20,0x20,0x20,0x20,0x20,0x20,0x20,0x20,0x20,0x20,0x38,0xbc,
    0xbc,0x3c,0xbe,0xbc,0xbd,0xbd,0xbf,0xbf,0xbf,0xb7,0x37,0xb6,0xbe,0xbe,0x3c,0xbc,0xbb,0x37,0x31,0x30,0x20,0x20,0x20,0x20,0x20,0x21,0x21,0x21,0x27,0x21,0x21,0x21,
    0x20,0x20,0x20,0x20,0x20,0x20,0x20,0x20,0x20,0x20,0x20,0x20,0xb1,0xb7,0x37,0xb8,0xbc,0xbd,0xbe,0xbe,0xb6,0xb7,0xb7,0x3f,0xbf,0xbf,0xbd,0xbd,0xbc,0xbe,0x3c,0xbc,
    0x3c,0x38,0x20,0x20,0x20,0x20,0x20,0x20,0x20,0x20,0x20,0x20,0x20,0x20,0x20,0x20,0x20,0x20,0x22,0x23,0x23,0x23,0x21,0x23,0x23,0x23,0x23,0x23,0x23,0x23,0x23,0x20,
    0x00,0x00,0x00,0x00,0x00,0x02,0x07,0x02,0x00,0x00,0x00,0x08,0x08,0x08,0x08,0x08,0x08,0x00,0x00,0x00,0x00,0x00,0x00,0x00,0x80,0x80,0x80,0x80,0x00,0x00,0x00,0x00,
    0x02,0x02,0x00,0x02,0x00,0x02,0x02,0x02,0x02,0x0a,0x0a,0x0a,0x02,0x00,0x20,0x2a,0x22,0x2a,0x28,0x00,0x00,0x02,0x00,0x0a,0x0a,0x04,0x2e,0x2c,0x08,0x28,0x28,0x28,
    0x28,0x28,0x20,0x08,0x08,0x08,0x08,0x08,0x08,0x0a,0x22,0x22,0x20,0x20,0x08,0x0a,0x0a,0x08,0x00,0x02,0x02,0x0a,0x0a,0x0a,0x02,0x02,0x00,0x02,0x02,0x02,0x00,0x02,
    0x02,0x02,0x00,0x00,0x00,0x08,0x08,0x08,0x08,0x08,0x08,0x00,0x00,0x02,0x07,0x02,0x00,0x00,0x00,0x00,0x00,0x80,0x80,0x80,0x80,0x80,0x00,0x00,0x00,0x00,0x00,0x00
  },
  { // 25
    0x00,0x00,0x00,0x80,0x88,0x80,0x80,0xe0,0xe0,0xe0,0xf0,0xe0,0xe0,0x70,0xf0,0xf0,0xf0,0xf4,0xe0,0x80,0x80,0x80,0x00,0x00,0x00,0x00,0x00,0x00,0x00,0x00,0x00,0x00,
    0x00,0x00,0x00,0x00,0x00,0x00,0x00,0x00,0x00,0x00,0x00,0x80,0x80,0xc0,0xc0,0x40,0x60,0xf0,0x60,0xf0,0xf0,0x90,0xd0,0xd0,0xd8,0x58,0x58,0x48,0x48,0x48,0x48,0x48,
    0x48,0x48,0x48,0x48,0x58,0x58,0xd8,0xd0,0xd0,0x90,0xb0,0xb0,0x20,0x60,0x60,0x40,0xc8,0xc0,0x80,0x80,0x00,0x00,0x00,0x00,0x00,0x00,0x00,0x00,0x00,0x00,0x00,0x00,
    0x00,0x00,0x00,0x04,0x00,0x00,0x00,0x00,0x00,0x00,0x00,0x20,0xc0,0xc0,0xc0,0xe0,0xc0,0xc0,0xc0,0x80,0x80,0x80,0x88,0x00,0x00,0x00,0x00,0x00,0x00,0x00,0x00,0x00,
    0x00,0x00,0x00,0x01,0x01,0x01,0x01,0xc1,0xc0,0xc1,0xe1,0x71,0xf1,0xf1,0xe1,0xc1,0xc1,0xc1,0x81,0x01,0x01,0x01,0x00,0x00,0x00,0x00,0x00,0x00,0x00,0x00,0x00,0x00,
    0x00,0x00,0x00,0xc0,0x62,0xb0,0xb8,0x9c,0x8e,0xa6,0x73,0x39,0x99,0xcc,0xe6,0x76,0x33,0x9b,0xd9,0xcd,0x6d,0x64,0x3e,0x3e,0x1a,0x1a,0x1a,0x1b,0xcb,0x0b,0x0b,0x0b,
    0x0b,0x0b,0x0b,0x1b,0x1a,0x1a,0x12,0x36,0x36,0x64,0x6d,0xcd,0xd9,0x9b,0x33,0x76,0xe6,0xcc,0x99,0x39,0x73,0x66,0x8e,0x9c,0xb8,0xb0,0xa0,0x40,0x00,0x00,0x00,0x00,
    0x00,0x00,0x00,0x00,0x00,0x20,0x00,0x00,0x06,0x06,0x06,0x06,0x07,0x05,0x07,0x07,0x07,0x07,0x03,0x07,0x07,0x07,0x87,0xc7,0xc6,0xc6,0x86,0x00,0x00,0x00,0x00,0x00,
    0x20,0x20,0x20,0xa0,0xa0,0xa0,0xa0,0xa0,0x24,0x2e,0x24,0x20,0x20,0x20,0x20,0x20,0x20,0x20,0x20,0x20,0x20,0x20,0x20,0x20,0x20,0x20,0x20,0x20,0x20,0x20,0x38,0xbc,
    0xbc,0x3c,0xbe,0xbc,0xbd,0xbd,0xbf,0xbf,0xbf,0xb7,0x37,0xb6,0xbe,0xbe,0x3c,0xbc,0xbb,0x37,0x31,0x30,0x20,0x20,0x20,0x20,0x20,0x21,0x21,0x21,0x27,0x21,0x21,0x21,
    0x20,0x20,0x20,0x20,0x20,0x20,0x20,0x20,0x20,0x20,0x20,0x20,0xb1,0xb7,0x37,0xb8,0xbc,0xbd,0xbe,0xbe,0xb6,0xb7,0xb7,0x3f,0xbf,0xbf,0xbd,0xbd,0xbc,0xbe,0x3c,0xbc,
    0x3c,0x38,0x20,0x20,0x20,0x20,0x20,0x20,0x20,0x20,0x20,0x20,0x20,0x20,0x20,0x20,0x20,0x20,0x22,0x23,0x23,0x23,0x21,0x23,0x23,0x23,0x23,0x23,0x23,0x23,0x23,0x20,
    0x00,0x00,0x00,0x00,0x00,0x02,0x07,0x02,0x00,0x00,0x00,0x08,0x08,0x08,0x08,0x08,0x08,0x00,0x00,0x00,0x00,0x00,0x00,0x00,0x80,0x80,0x80,0x80,0x00,0x00,0x00,0x00,
    0x02,0x02,0x00,0x02,0x00,0x02,0x02,0x02,0x02,0x0a,0x0a,0x0a,0x02,0x00,0x20,0x2a,0x22,0x2a,0x28,0x00,0x00,0x02,0x00,0x0a,0x0a,0x04,0x2e,0x2c,0x08,0x28,0x28,0x28,
    0x28,0x28,0x20,0x08,0x08,0x08,0x08,0x08,0x08,0x0a,0x22,0x22,0x20,0x20,0x08,0x0a,0x0a,0x08,0x00,0x02,0x02,0x0a,0x0a,0x0a,0x02,0x02,0x00,0x02,0x02,0x02,0x00,0x02,
    0x02,0x02,0x00,0x00,0x00,0x08,0x08,0x08,0x08,0x08,0x08,0x00,0x00,0x02,0x07,0x02,0x00,0x00,0x00,0x00,0x00,0x80,0x80,0x80,0x80,0x80,0x00,0x00,0x00,0x00,0x00,0x00
  },
  { // 26
    0x00,0x00,0x00,0x80,0x88,0x80,0x80,0xe0,0xe0,0xe0,0xf0,0xe0,0xe0,0x70,0xf0,0xf0,0xf0,0xf4,0xe0,0x80,0x80,0x80,0x00,0x00,0x00,0x00,0x00,0x00,0x00,0x00,0x00,0x00,
    0x00,0x00,0x00,0x00,0x00,0x00,0x00,0x00,0x00,0x00,0x00,0x80,0x80,0xc0,0xc0,0x40,0x60,0xf0,0x60,0xf0,0xf0,0x90,0xd0,0xd0,0xd8,0x58,0x58,0x48,0x48,0x48,0x48,0x48,
    0x48,0x48,0x48,0x48,0x58,0x58,0xd8,0xd0,0xd0,0x90,0xb0,0xb0,0x20,0x60,0x60,0x48,0xdc,0xc8,0x80,0x80,0x00,0x00,0x00,0x00,0x00,0x00,0x00,0x00,0x00,0x00,0x00,0x00,
    0x00,0x00,0x04,0x0e,0x04,0x00,0x00,0x00,0x00,0x00,0x00,0x20,0x80,0xc0,0xc0,0xe0,0xc0,0xc0,0xc0,0x80,0x80,0x80,0x88,0x00,0x00,0x00,0x00,0x00,0x00,0x00,0x00,0x00,
    0x00,0x00,0x00,0x01,0x01,0x01,0x01,0xc1,0xc0,0xc1,0xe1,0x71,0xf1,0xf1,0xe1,0xc1,0xc1,0xc1,0x81,0x01,0x01,0x01,0x00,0x00,0x00,0x00,0x00,0x00,0x00,0x00,0x00,0x00,
    0x00,0x00,0x00,0xc0,0x62,0xb0,0xb8,0x9c,0x8e,0xa6,0x73,0x39,0x99,0xcc,0xe6,0x76,0x33,0x9b,0xd9,0xcd,0x6d,0x64,0x3e,0x3e,0x1a,0x1a,0x1a,0x1b,0xcb,0x0b,0x0b,0x0b,
    0x0b,0x0b,0x0b,0x1b,0x1a,0x1a,0x12,0x36,0x36,0x64,0x6d,0xcd,0xd9,0x9b,0x33,0x76,0xe6,0xcc,0x99,0x39,0x73,0x66,0x8e,0x9c,0xb8,0xb0,0xa0,0x40,0x00,0x00,0x00,0x00,
    0x00,0x00,0x00,0x00,0x00,0x20,0x00,0x00,0x06,0x06,0x06,0x06,0x07,0x05,0x07,0x07,0x07,0x07,0x03,0x07,0x07,0x07,0x87,0xc7,0xc6,0xc6,0x86,0x00,0x00,0x01,0x00,0x00,
    0x20,0x20,0x20,0xa0,0xa0,0xa0,0xa0,0xa0,0x24,0x2e,0x24,0x20,0x20,0x20,0x20,0x20,0x20,0x20,0x20,0x20,0x20,0x20,0x20,0x20,0x20,0x20,0x20,0x20,0x20,0x20,0x38,0xbc,
    0xbc,0x3c,0xbe,0xbc,0xbd,0xbd,0xbf,0xbf,0xbf,0xb7,0x37,0xb6,0xbe,0xbe,0x3c,0xbc,0xbb,0x37,0x31,0x30,0x20,0x20,0x20,0x20,0x20,0x21,0x21,0x21,0x27,0x21,0x21,0x21,
    0x20,0x20,0x20,0x20,0x20,0x20,0x20,0x20,0x20,0x20,0x20,0x20,0xb1,0xb7,0x37,0xb8,0xbc,0xbd,0xbe,0xbe,0xb6,0xb7,0xb7,0x3f,0xbf,0xbf,0xbd,0xbd,0xbc,0xbe,0x3c,0xbc,
    0x3c,0x38,0x20,0x20,0x20,0x20,0x20,0x20,0x20,0x20,0x20,0x20,0x20,0x20,0x20,0x20,0x20,0x20,0x22,0x23,0x23,0x23,0x21,0x23,0x23,0x23,0x23,0x23,0x23,0x23,0x23,0x20,
    0x00,0x00,0x00,0x00,0x00,0x02,0x07,0x02,0x00,0x00,0x00,0x08,0x08,0x08,0x08,0x08,0x08,0x00,0x00,0x00,0x00,0x00,0x00,0x00,0x80,0x80,0x80,0x80,0x00,0x00,0x00,0x00,
    0x02,0x02,0x00,0x02,0x00,0x02,0x02,0x02,0x02,0x0a,0x0a,0x0a,0x02,0x00,0x20,0x2a,0x22,0x2a,0x28,0x00,0x00,0x02,0x00,0x0a,0x0a,0x04,0x2e,0x2c,0x08,0x28,0x28,0x28,
    0x28,0x28,0x20,0x08,0x08,0x08,0x08,0x08,0x08,0x0a,0x22,0x22,0x20,0x20,0x08,0x0a,0x0a,0x08,0x00,0x02,0x02,0x0a,0x0a,0x0a,0x02,0x02,0x00,0x02,0x02,0x02,0x00,0x02,
    0x02,0x02,0x00,0x00,0x00,0x08,0x08,0x08,0x08,0x08,0x08,0x00,0x00,0x02,0x07,0x02,0x00,0x00,0x00,0x00,0x00,0x80,0x80,0x80,0x80,0x80,0x00,0x00,0x00,0x00,0x00,0x00
  },
  { // 27
    0x00,0x00,0x00,0x80,0x88,0x80,0x80,0xe0,0xe0,0xe0,0xf0,0xe0,0xe0,0x70,0xf0,0xf0,0xf0,0xf4,0xe0,0x80,0x80,0x80,0x00,0x00,0x00,0x00,0x00,0x00,0x00,0x00,0x00,0x00,
    0x00,0x00,0x00,0x00,0x00,0x00,0x00,0x00,0x00,0x00,0x00,0x80,0x80,0xc0,0xc0,0x40,0x60,0x60,0xf0,0xf0,0xf0,0xd0,0xd0,0xd0,0xd8,0x58,0x58,0x48,0x48,0x48,0x48,0x48,
    0x48,0x48,0x48,0x48,0x58,0x58,0xd8,0xd0,0xd0,0x90,0xb0,0xb0,0x20,0x60,0x60,0x48,0xdc,0xc8,0x80,0x80,0x00,0x00,0x00,0x00,0x00,0x00,0x00,0x00,0x00,0x00,0x00,0x00,
    0x00,0x00,0x04,0x0e,0x04,0x00,0x00,0x00,0x00,0x00,0x00,0x00,0x80,0xc0,0xc0,0xe0,0xc0,0xc0,0xc0,0x80,0x80,0x80,0x88,0x00,0x00,0x00,0x00,0x00,0x00,0x00,0x00,0x00,
    0x00,0x00,0x00,0x01,0x01,0x01,0x01,0xc1,0xc0,0xc1,0xe1,0x71,0xf1,0xf1,0xe1,0xc1,0xc1,0xc1,0x81,0x01,0x01,0x01,0x00,0x00,0x00,0x00,0x00,0x00,0x00,0x00,0x00,0x00,
    0x00,0x00,0x00,0xc0,0x62,0xb0,0xb8,0x9c,0x8e,0xa6,0x73,0x39,0x99,0xcc,0xe6,0x76,0x33,0x9b,0xd9,0xcd,0x6d,0x64,0x3e,0x3e,0x1a,0x1a,0x1a,0x1b,0xcb,0x0b,0x0b,0x0b,
    0x0b,0x0b,0x0b,0x1b,0x1a,0x1a,0x12,0x36,0x36,0x64,0x6d,0xcd,0xd9,0x9b,0x33,0x76,0xe6,0xcc,0x99,0x39,0x73,0x66,0x8e,0x9c,0xb8,0xb0,0xa0,0x40,0x00,0x00,0x00,0x00,
    0x00,0x00,0x20,0x20,0x20,0xf8,0x20,0x20,0x26,0x06,0x06,0x06,0x07,0x05,0x07,0x07,0x07,0x07,0x03,0x07,0x07,0x07,0x87,0xc7,0xc6,0xc6,0x86,0x00,0x00,0x01,0x00,0x00,
    0x20,0x20,0x20,0xa0,0xa0,0xa0,0xa0,0xa0,0x24,0x2e,0x24,0x20,0x20,0x20,0x20,0x20,0x20,0x20,0x20,0x20,0x20,0x20,0x20,0x20,0x20,0x20,0x20,0x20,0x20,0x20,0x38,0xbc,
    0xbc,0xbc,0xbe,0xbc,0xbd,0xbd,0x3f,0xbf,0xbf,0xb7,0xb7,0xb6,0xbe,0xbe,0x3c,0x3c,0xbb,0x37,0x31,0x30,0x20,0x20,0x20,0x20,0x20,0x21,0x21,0x21,0x27,0x21,0x21,0x21,
    0x20,0x20,0x20,0x20,0x20,0x20,0x20,0x20,0x20,0x20,0x20,0x20,0xb1,0xb7,0x37,0xb8,0xbc,0xbd,0xbe,0x3e,0xb6,0xb7,0xb7,0xbf,0xbf,0xbf,0xbd,0xbd,0x3c,0xbe,0x3c,0xbc,
    0x3c,0x38,0x20,0x20,0x20,0x20,0x20,0x20,0x20,0x20,0x20,0x20,0x20,0x20,0x20,0x20,0x20,0x20,0x22,0x23,0x23,0x23,0x21,0x23,0x23,0x23,0x23,0x2b,0x23,0x23,0x23,0x20,
    0x00,0x00,0x00,0x00,0x00,0x02,0x07,0x02,0x00,0x00,0x00,0x08,0x08,0x08,0x08,0x08,0x08,0x00,0x00,0x00,0x00,0x00,0x00,0x00,0x80,0x80,0x80,0x80,0x00,0x00,0x00,0x00,
    0x00,0x02,0x00,0x02,0x02,0x02,0x02,0x02,0x0a,0x08,0x0a,0x02,0x02,0x02,0x28,0x0a,0x2a,0x2a,0x20,0x00,0x00,0x02,0x0a,0x0a,0x0a,0x0c,0x2e,0x2c,0x28,0x28,0x20,0x28,
    0x28,0x08,0x28,0x08,0x08,0x08,0x08,0x00,0x0a,0x02,0x02,0x22,0x20,0x28,0x28,0x0a,0x02,0x02,0x00,0x02,0x0a,0x0a,0x08,0x02,0x02,0x02,0x02,0x02,0x02,0x02,0x00,0x00,
    0x02,0x02,0x00,0x00,0x00,0x08,0x08,0x08,0x08,0x08,0x08,0x00,0x00,0x02,0x07,0x02,0x00,0x00,0x00,0x00,0x00,0x80,0x80,0x80,0x80,0x80,0x00,0x00,0x00,0x00,0x00,0x00
  },
  { // 28
    0x00,0x00,0x00,0x80,0x88,0x80,0x80,0xe0,0xe0,0xf0,0xf0,0xe0,0xe0,0x70,0xf0,0xf0,0xf0,0xf4,0xe0,0x80,0x80,0x00,0x00,0x00,0x00,0x00,0x00,0x10,0x00,0x00,0x00,0x00,
    0x00,0x00,0x00,0x00,0x00,0x00,0x00,0x00,0x00,0x00,0x00,0x80,0x80,0xc0,0xc0,0x40,0x60,0x60,0x20,0xf8,0xb0,0xb0,0xf0,0xd0,0xd8,0x58,0x58,0x48,0x48,0x48,0x48,0x48,
    0x48,0x48,0x48,0x48,0x58,0x58,0xd8,0xd0,0xd0,0x90,0xb0,0xb0,0x20,0x60,0x60,0x48,0xdc,0xc8,0x80,0x80,0x00,0x00,0x00,0x00,0x00,0x00,0x00,0x00,0x00,0x00,0x00,0x00,
    0x00,0x00,0x04,0x0e,0x04,0x00,0x00,0x00,0x00,0x00,0x00,0x00,0x80,0xc0,0xc0,0xe0,0xe0,0xc0,0xc0,0x80,0x80,0x80,0x88,0x00,0x00,0x00,0x00,0x00,0x00,0x00,0x00,0x00,
    0x00,0x00,0x00,0x01,0x01,0x01,0x01,0xc1,0xc0,0xc1,0xe1,0x71,0xf1,0xf1,0xe1,0xc1,0xc1,0xc1,0x81,0x01,0x01,0x01,0x00,0x00,0x00,0x00,0x00,0x00,0x00,0x00,0x00,0x00,
    0x00,0x00,0x00,0xc0,0x62,0xb0,0xb8,0x9c,0x8e,0xa6,0x73,0x39,0x99,0xcc,0xe6,0x76,0x33,0x9b,0xd9,0xcd,0x6d,0x64,0x3e,0x3e,0x1a,0x1a,0x1a,0x1b,0xcb,0x0b,0x0b,0x0b,
    0x0b,0x0b,0x0b,0x1b,0x1a,0x1a,0x12,0x36,0x36,0x64,0x6d,0xcd,0xd9,0x9b,0x33,0x76,0xe6,0xcc,0x99,0x39,0x73,0x66,0x8e,0x9c,0xb8,0xb0,0xa0,0x40,0x00,0x00,0x00,0x00,
    0x00,0x00,0x20,0x20,0x20,0xf8,0x20,0x20,0x24,0x06,0x06,0x06,0x07,0x05,0x07,0x07,0x07,0x07,0x03,0x07,0x07,0x07,0x87,0xc7,0xc6,0xc6,0x86,0x00,0x00,0x01,0x00,0x00,
    0x20,0x20,0x20,0xa0,0xa0,0xa0,0xa0,0xa0,0x24,0x2e,0x24,0x20,0x20,0x20,0x20,0x20,0x20,0x20,0x20,0x20,0x20,0x20,0x20,0x20,0x20,0x20,0x20,0x20,0x20,0x20,0x38,0xbc,
    0xbc,0xbc,0xbe,0xbc,0xbd,0xbd,0x3f,0xbf,0xbf,0xb7,0xb7,0xb6,0xbe,0xbe,0x3c,0x3c,0xbb,0x37,0x31,0x30,0x20,0x20,0x20,0x20,0x20,0x21,0x21,0x21,0x27,0x21,0x21,0x21,
    0x20,0x20,0x20,0x20,0x20,0x20,0x20,0x20,0x20,0x20,0x20,0x20,0xb1,0xb7,0x37,0xb8,0xbc,0xbd,0xbe,0x3e,0xb6,0xb7,0xb7,0xbf,0xbf,0xbf,0xbd,0xbd,0x3c,0xbe,0x3c,0xbc,
    0x3c,0x38,0x20,0x20,0x20,0x20,0x20,0x20,0x20,0x20,0x20,0x20,0x20,0x20,0x20,0x20,0x20,0x20,0x22,0x23,0x23,0x23,0x21,0x23,0x23,0x23,0x23,0x2b,0x23,0x23,0x22,0x20,
    0x00,0x00,0x00,0x00,0x00,0x02,0x07,0x02,0x00,0x00,0x00,0x08,0x08,0x08,0x08,0x08,0x08,0x00,0x00,0x00,0x00,0x00,0x00,0x00,0x80,0x80,0x80,0x80,0x00,0x00,0x00,0x00,
    0x00,0x02,0x00,0x02,0x02,0x02,0x02,0x02,0x0a,0x08,0x0a,0x02,0x02,0x02,0x28,0x0a,0x2a,0x2a,0x20,0x00,0x00,0x02,0x0a,0x0a,0x0a,0x0c,0x2e,0x2c,0x28,0x28,0x20,0x28,
    0x28,0x08,0x28,0x08,0x08,0x08,0x08,0x00,0x0a,0x02,0x02,0x22,0x20,0x28,0x28,0x0a,0x02,0x02,0x00,0x02,0x0a,0x0a,0x08,0x02,0x02,0x02,0x02,0x02,0x02,0x02,0x00,0x00,
    0x02,0x02,0x00,0x00,0x00,0x08,0x08,0x08,0x08,0x08,0x08,0x00,0x00,0x02,0x07,0x02,0x00,0x00,0x00,0x00,0x00,0x80,0x80,0x80,0x80,0x80,0x00,0x00,0x00,0x00,0x00,0x00
  },
  { // 29
    0x00,0x00,0x00,0x80,0x88,0x80,0x80,0xe0,0xe0,0xf0,0xf0,0xe0,0xe0,0x70,0xf0,0xf0,0xf0,0xf4,0xe0,0x80,0x80,0x00,0x00,0x00,0x00,0x00,0x00,0x10,0x00,0x00,0x00,0x00,
    0x00,0x00,0x00,0x00,0x00,0x00,0x00,0x00,0x00,0x00,0x00,0x80,0x80,0xc0,0xc0,0x40,0x60,0x60,0x20,0xb0,0xf8,0xb0,0xf0,0xf0,0xd8,0x58,0x58,0x48,0x48,0x48,0x48,0x48,
    0x48,0x48,0x48,0x48,0x58,0x58,0xd8,0xd0,0xd0,0x90,0xb0,0xb0,0x20,0x60,0x60,0x48,0xdc,0xc8,0x80,0x80,0x00,0x00,0x00,0x00,0x00,0x00,0x00,0x00,0x00,0x00,0x00,0x00,
    0x00,0x00,0x04,0x0e,0x04,0x00,0x00,0x00,0x00,0x00,0x00,0x00,0x80,0xc0,0xc0,0xe0,0xe0,0xc0,0xc0,0x80,0x80,0x80,0x80,0x00,0x00,0x00,0x00,0x00,0x00,0x00,0x00,0x00,
    0x00,0x00,0x00,0x01,0x01,0x01,0x01,0xc1,0xc0,0xc1,0xe1,0x71,0xf1,0xf1,0xe1,0xc1,0xc1,0xc1,0x81,0x01,0x01,0x01,0x00,0x00,0x00,0x00,0x00,0x00,0x00,0x00,0x00,0x00,
    0x00,0x00,0x00,0xc0,0x62,0xb0,0xb8,0x9c,0x8e,0xa6,0x73,0x39,0x99,0xcc,0xe6,0x76,0x33,0x9b,0xd9,0xcd,0x6d,0x64,0x3e,0x3e,0x1a,0x1a,0x1a,0x1b,0xcb,0x0b,0x0b,0x0b,
    0x0b,0x0b,0x0b,0x1b,0x1a,0x1a,0x12,0x36,0x36,0x64,0x6d,0xcd,0xd9,0x9b,0x33,0x76,0xe6,0xcc,0x99,0x39,0x73,0x66,0x8e,0x9c,0xb8,0xb0,0xa0,0x40,0x00,0x00,0x00,0x00,
    0x00,0x00,0x20,0x20,0x20,0xf8,0x20,0x20,0x24,0x06,0x06,0x06,0x07,0x05,0x07,0x07,0x07,0x07,0x03,0x07,0x07,0x07,0x87,0xc7,0xc6,0xc6,0x86,0x00,0x00,0x01,0x00,0x00,
    0x20,0x20,0x20,0xa0,0xa0,0xa0,0xa0,0xa0,0x20,0x24,0x20,0x20,0x20,0x20,0x20,0x20,0x20,0x20,0x20,0x20,0x20,0x20,0x21,0x20,0x20,0x20,0x20,0x20,0x20,0x20,0x38,0xbc,
    0xbc,0xbc,0xbe,0xbc,0xbd,0xbd,0x3f,0xbf,0xbf,0xb7,0xb7,0xb6,0xbe,0xbe,0x3c,0x3c,0xbb,0x37,0x31,0x30,0x20,0x20,0x20,0x20,0x20,0x21,0x21,0x21,0x27,0x21,0x21,0x21,
    0x20,0x20,0x20,0x20,0x20,0x20,0x20,0x20,0x20,0x20,0x20,0x20,0xb1,0xb7,0x37,0xb8,0xbc,0xbd,0xbe,0x3e,0xb6,0xb7,0xb7,0xbf,0xbf,0xbf,0xbd,0xbd,0x3c,0xbe,0x3c,0xbc,
    0x3c,0x38,0x20,0x20,0x20,0x20,0x20,0x20,0x20,0x20,0x20,0x20,0x20,0x20,0x20,0x20,0x20,0x20,0x22,0x23,0x23,0x23,0x21,0x23,0x23,0x23,0x23,0x2b,0x23,0x23,0x22,0x20,
    0x00,0x00,0x00,0x00,0x00,0x00,0x02,0x00,0x00,0x00,0x00,0x08,0x08,0x08,0x08,0x08,0x08,0x00,0x00,0x00,0x00,0x00,0x00,0x00,0x80,0x80,0x80,0x80,0x00,0x00,0x00,0x00,
    0x00,0x02,0x00,0x02,0x02,0x02,0x02,0x02,0x0a,0x08,0x0a,0x02,0x02,0x02,0x28,0x0a,0x2a,0x2a,0x20,0x00,0x00,0x02,0x0a,0x0a,0x0a,0x0c,0x2e,0x2c,0x28,0x28,0x20,0x28,
    0x28,0x08,0x28,0x08,0x08,0x08,0x08,0x00,0x0a,0x02,0x02,0x22,0x20,0x28,0x28,0x0a,0x02,0x02,0x00,0x02,0x0a,0x0a,0x08,0x02,0x02,0x02,0x02,0x02,0x02,0x02,0x00,0x00,
    0x02,0x02,0x00,0x00,0x00,0x08,0x08,0x08,0x08,0x08,0x08,0x00,0x00,0x02,0x07,0x02,0x00,0x00,0x00,0x00,0x00,0x80,0x80,0x80,0x80,0x80,0x00,0x00,0x00,0x00,0x00,0x00
  },
  { // 30
    0x00,0x00,0x00,0x80,0x88,0x80,0xc0,0xe0,0xe0,0xf0,0xf0,0xe0,0xe0,0x70,0xf0,0xf0,0xf0,0xf4,0xc0,0x80,0x80,0x00,0x00,0x00,0x00,0x00,0x00,0x10,0x00,0x00,0x00,0x00,
    0x00,0x00,0x00,0x00,0x00,0x00,0x00,0x00,0x00,0x00,0x00,0x80,0x80,0xc0,0xc0,0x40,0x60,0x60,0x20,0xb0,0xf8,0xb0,0xf0,0xf0,0xd8,0x58,0x58,0x48,0x48,0x48,0x48,0x48,
    0x48,0x48,0x48,0x48,0x58,0x58,0xd8,0xd0,0xd0,0x90,0xb0,0xb0,0x20,0x60,0x60,0x48,0xdc,0xc8,0x80,0x80,0x00,0x00,0x00,0x00,0x00,0x00,0x00,0x00,0x00,0x00,0x00,0x00,
    0x00,0x00,0x04,0x0e,0x04,0x00,0x00,0x00,0x00,0x00,0x00,0x00,0x80,0xc0,0xc0,0xe0,0xe0,0xc0,0xc0,0x80,0x80,0x80,0x80,0x00,0x00,0x00,0x00,0x00,0x00,0x00,0x00,0x00,
    0x00,0x00,0x00,0x01,0x01,0x01,0x01,0xc1,0xc0,0xc1,0xe1,0x71,0xf1,0xf1,0xe1,0xc1,0xc1,0xc1,0x81,0x01,0x01,0x01,0x00,0x00,0x00,0x00,0x00,0x00,0x00,0x00,0x00,0x00,
    0x00,0x00,0x00,0x40,0xa2,0xd0,0xd8,0xdc,0xce,0xc6,0xb3,0x39,0x19,0x4c,0xe6,0x76,0x33,0x9b,0xd9,0xcd,0x6d,0x64,0x3e,0x3e,0x1a,0x1a,0x1a,0x1b,0xcb,0x0b,0x0b,0x0b,
    0x0b,0x0b,0x0b,0x1b,0x1a,0x1a,0x12,0x36,0x36,0x64,0x6d,0xcd,0xd9,0x9b,0x33,0x76,0xe6,0xcc,0x99,0x39,0x73,0xe6,0x4e,0x1c,0x38,0x70,0x60,0xc0,0x00,0x00,0x00,0x00,
    0x00,0x00,0x20,0x20,0x20,0xf8,0x20,0x20,0x24,0x06,0x06,0x06,0x07,0x05,0x07,0x07,0x07,0x07,0x07,0x03,0x07,0x07,0x87,0xc7,0xc6,0xc6,0x86,0x00,0x00,0x01,0x00,0x00,
    0x20,0x20,0x20,0xa0,0xa0,0xa0,0xa0,0xa0,0x20,0x24,0x20,0x20,0x20,0x20,0x20,0x20,0x20,0x20,0x20,0x20,0x20,0x20,0x21,0x20,0x20,0x20,0x20,0x20,0x20,0x30,0x3c,0x3e,
    0xbe,0xbe,0x3f,0xbe,0xbe,0xbe,0xbf,0xbf,0xbf,0xbb,0xbb,0x3b,0xbf,0xbf,0xae,0x2e,0xad,0xbb,0x39,0x38,0x20,0x20,0x20,0x20,0x20,0x21,0x21,0x21,0x27,0x21,0x21,0x21,
    0x20,0x20,0x20,0x20,0x20,0x20,0x20,0x20,0x20,0x20,0x20,0x20,0x21,0xa7,0xbf,0x34,0xb8,0xb9,0xbd,0xbd,0xac,0xae,0xaf,0xbf,0x3f,0xbf,0xbb,0xba,0xb9,0xbc,0xb8,0x38,
    0xba,0x30,0x20,0x20,0x20,0x20,0x20,0x20,0x20,0x20,0x20,0x20,0x20,0x20,0x20,0x20,0x20,0x20,0x22,0x23,0x23,0x23,0x21,0x23,0x23,0x23,0x23,0x2b,0x23,0x23,0x22,0x20,
    0x00,0x00,0x00,0x00,0x00,0x00,0x02,0x00,0x00,0x00,0x00,0x08,0x08,0x08,0x08,0x08,0x08,0x00,0x00,0x00,0x00,0x00,0x00,0x00,0x80,0x80,0x80,0x80,0x00,0x00,0x00,0x00,
    0x02,0x02,0x00,0x02,0x02,0x00,0x02,0x02,0x02,0x0a,0x0a,0x02,0x02,0x02,0x28,0x2a,0x2a,0x22,0x20,0x00,0x00,0x02,0x0a,0x08,0x0a,0x0c,0x2e,0x2c,0x28,0x08,0x28,0x28,
    0x28,0x28,0x28,0x00,0x08,0x08,0x08,0x08,0x0a,0x00,0x22,0x22,0x20,0x28,0x28,0x0a,0x0a,0x02,0x00,0x02,0x0a,0x02,0x0a,0x02,0x02,0x02,0x02,0x00,0x02,0x02,0x00,0x02,
    0x02,0x02,0x00,0x00,0x00,0x08,0x08,0x08,0x08,0x08,0x08,0x00,0x00,0x02,0x07,0x02,0x00,0x00,0x00,0x00,0x00,0x80,0x80,0x80,0x80,0x80,0x00,0x00,0x00,0x00,0x00,0x00
  },
  { // 31
    0x00,0x00,0x00,0x80,0x88,0x80,0xc0,0xe0,0xe0,0xf0,0xf0,0xe0,0xe0,0x70,0xf0,0xf0,0xf0,0xf0,0xc0,0x80,0x80,0x00,0x00,0x00,0x00,0x00,0x00,0x10,0x00,0x00,0x00,0x00,
    0x00,0x00,0x00,0x00,0x00,0x00,0x00,0x00,0x00,0x00,0x00,0x80,0x80,0xc0,0xc0,0x40,0x60,0x60,0x20,0xb0,0xb0,0xf8,0xf0,0xf0,0xf8,0x58,0x58,0x48,0x48,0x48,0x48,0x48,
    0x48,0x48,0x48,0x48,0x58,0x58,0xd8,0xd0,0xd0,0x90,0xb0,0xb0,0x20,0x60,0x60,0x48,0xdc,0xc8,0x80,0x80,0x00,0x00,0x00,0x00,0x00,0x00,0x00,0x00,0x00,0x00,0x00,0x00,
    0x00,0x00,0x04,0x0e,0x04,0x00,0x00,0x00,0x00,0x00,0x00,0x00,0x80,0xc0,0xc0,0xe0,0xe0,0xc0,0xc0,0x80,0x80,0x80,0x80,0x00,0x00,0x00,0x00,0x00,0x00,0x80,0x00,0x00,
    0x00,0x00,0x00,0x01,0x01,0x01,0x01,0xc1,0xc0,0xc1,0xe1,0x71,0xf1,0xf1,0xe1,0xe1,0xc1,0xc1,0x81,0x01,0x01,0x01,0x00,0x00,0x00,0x00,0x00,0x00,0x00,0x00,0x00,0x00,
    0x00,0x00,0x00,0x40,0xa2,0xd0,0xd8,0xdc,0xce,0xc6,0xb3,0x39,0x19,0x4c,0xe6,0x76,0x33,0x9b,0xd9,0xcd,0x6d,0x64,0x36,0x3e,0x12,0x1a,0x1a,0x1b,0xcb,0x0b,0x0b,0x0b,
    0x0b,0x0b,0x0b,0x1b,0x1a,0x1a,0x12,0x36,0x36,0x64,0x6d,0xcd,0xd9,0x9b,0x33,0x76,0xe6,0xcc,0x99,0x39,0x73,0xe6,0x4e,0x1c,0x38,0x70,0x60,0xc0,0x00,0x00,0x00,0x00,
    0x00,0x00,0x20,0x20,0x20,0xf8,0x20,0x20,0x24,0x06,0x06,0x06,0x07,0x05,0x07,0x07,0x07,0x07,0x07,0x03,0x07,0x87,0x87,0xc7,0xc6,0xc6,0x86,0x00,0x01,0x03,0x01,0x00,
    0x20,0x20,0x20,0xa0,0xa0,0xa0,0xa0,0xa0,0x20,0x24,0x20,0x20,0x20,0x20,0x20,0x20,0x20,0x20,0x20,0x20,0x20,0x20,0x21,0x20,0x20,0x20,0x20,0x20,0x20,0x30,0x3c,0x3e,
    0xbe,0xbe,0x3f,0xbe,0xbe,0xbe,0xbf,0xbf,0xbf,0xbb,0xbb,0x3b,0xbf,0xbf,0xae,0x2e,0xad,0xbb,0x39,0x38,0x20,0x20,0x20,0x20,0x20,0x21,0x21,0x21,0x27,0x21,0x21,0x21,
    0x20,0x20,0x20,0x20,0x20,0x20,0x20,0x20,0x20,0x20,0x20,0x20,0x21,0xa7,0xbf,0x34,0xb8,0xb9,0xbd,0xbd,0xac,0xae,0xaf,0xbf,0x3f,0xbf,0xbb,0xba,0xb9,0xbc,0xb8,0x38,
    0xba,0x30,0x20,0x20,0x20,0x20,0x20,0x20,0x20,0x20,0x20,0x20,0x20,0x20,0x20,0x20,0x20,0x20,0x22,0x23,0x23,0x23,0x21,0x23,0x23,0x23,0x23,0x2b,0x23,0x23,0x22,0x20,
    0x00,0x00,0x00,0x00,0x00,0x00,0x02,0x00,0x00,0x00,0x08,0x08,0x08,0x08,0x08,0x08,0x00,0x00,0x00,0x00,0x00,0x00,0x00,0x00,0x80,0x80,0x80,0x80,0x00,0x00,0x00,0x00,
    0x02,0x02,0x00,0x02,0x02,0x00,0x02,0x0a,0x02,0x0a,0x02,0x02,0x02,0x0a,0x28,0x2a,0x2a,0x22,0x20,0x00,0x00,0x0a,0x0a,0x08,0x0a,0x08,0x24,0x28,0x28,0x08,0x28,0x28,
    0x28,0x28,0x28,0x00,0x08,0x08,0x08,0x08,0x02,0x00,0x22,0x22,0x20,0x28,0x28,0x0a,0x02,0x02,0x00,0x0a,0x0a,0x02,0x02,0x02,0x02,0x02,0x02,0x00,0x02,0x02,0x00,0x02,
    0x02,0x02,0x00,0x00,0x00,0x08,0x08,0x08,0x08,0x08,0x08,0x00,0x00,0x02,0x07,0x02,0x00,0x00,0x00,0x00,0x00,0x00,0x80,0x80,0x80,0x80,0x80,0x00,0x00,0x00,0x00,0x00
  },
  { // 32
    0x00,0x00,0x00,0x88,0x9c,0x88,0xc0,0xe0,0xe0,0xf0,0xf0,0xe0,0xe0,0x70,0xf0,0xf0,0xf0,0xe0,0xc0,0x80,0x80,0x00,0x00,0x00,0x00,0x00,0x00,0x10,0x00,0x00,0x00,0x00,
    0x00,0x00,0x00,0x00,0x00,0x00,0x00,0x00,0x00,0x00,0x00,0x80,0x80,0xc0,0xc0,0x40,0x60,0x60,0x20,0xb0,0xb0,0xb0,0xf8,0xf0,0xf8,0x78,0x58,0x48,0x48,0x48,0x48,0x48,
    0x48,0x48,0x48,0x48,0x58,0x58,0xd8,0xd0,0xd0,0x90,0xb0,0xb0,0x20,0x60,0x60,0x48,0xdc,0xc8,0x80,0x80,0x00,0x00,0x00,0x00,0x00,0x00,0x00,0x00,0x00,0x00,0x00,0x00,
    0x00,0x00,0x04,0x0e,0x04,0x00,0x00,0x00,0x00,0x00,0x00,0x00,0x80,0xc0,0xc0,0xe0,0xe0,0xc0,0xc0,0x80,0x80,0x80,0x80,0x00,0x00,0x00,0x00,0x00,0x00,0x80,0x00,0x00,
    0x00,0x00,0x00,0x01,0x01,0x01,0x01,0xc1,0xc0,0xc1,0xe1,0x71,0xf1,0xf1,0xe1,0xe1,0xc1,0xc1,0x81,0x01,0x01,0x01,0x00,0x00,0x00,0x00,0x00,0x00,0x00,0x00,0x00,0x00,
    0x00,0x00,0x00,0x40,0xa2,0xd0,0xd8,0xdc,0xce,0xc6,0xb3,0x39,0x19,0x4c,0xe6,0x76,0x33,0x9b,0xd9,0xcd,0x6d,0x64,0x36,0x3e,0x12,0x1a,0x1a,0x1b,0xcb,0x0b,0x0b,0x0b,
    0x0b,0x0b,0x0b,0x1b,0x1a,0x1a,0x12,0x36,0x36,0x64,0x6d,0xcd,0xd9,0x9b,0x33,0x76,0xe6,0xcc,0x99,0x39,0x73,0xe6,0x4e,0x1c,0x38,0x70,0x60,0xc0,0x00,0x00,0x00,0x00,
    0x00,0x00,0x20,0x20,0x20,0xf8,0x20,0x20,0x24,0x06,0x06,0x06,0x07,0x05,0x07,0x07,0x07,0x07,0x07,0x03,0x07,0x87,0x87,0xc7,0xc6,0xc6,0x86,0x00,0x01,0x03,0x01,0x00,
    0x20,0x20,0x20,0xa0,0xa0,0xa0,0xa0,0xa0,0x20,0x24,0x20,0x20,0x20,0x20,0x20,0x20,0x20,0x20,0x20,0x20,0x20,0x20,0x21,0x20,0x20,0x20,0x20,0x20,0x20,0x30,0x3c,0x3e,
    0xbe,0xbe,0x3f,0xbe,0xbe,0xbe,0xbf,0xbf,0xbf,0xbb,0xbb,0x3b,0xbf,0xbf,0xae,0x2e,0xad,0xbb,0x39,0x38,0x20,0x20,0x20,0x20,0x20,0x21,0x21,0x21,0x27,0x21,0x21,0x21,
    0x20,0x20,0x20,0x20,0x20,0x20,0x20,0x20,0x20,0x20,0x20,0x20,0x21,0xa7,0xbf,0x34,0xb8,0xb9,0xbd,0xbd,0xac,0xae,0xaf,0xbf,0x3f,0xbf,0xbb,0xba,0xb9,0xbc,0xb8,0x38,
    0xb8,0x30,0x20,0x20,0x20,0x20,0x20,0x20,0x20,0x20,0x20,0x20,0x20,0x20,0x20,0x20,0x20,0x20,0x22,0x23,0x23,0x23,0x21,0x23,0x23,0x23,0x23,0x2b,0x23,0x23,0x22,0x20,
    0x00,0x00,0x00,0x00,0x00,0x00,0x02,0x00,0x00,0x00,0x08,0x08,0x08,0x08,0x08,0x08,0x00,0x00,0x00,0x00,0x00,0x00,0x00,0x00,0x80,0x80,0x80,0x80,0x00,0x00,0x00,0x00,
    0x02,0x02,0x00,0x02,0x02,0x00,0x02,0x0a,0x02,0x0a,0x02,0x02,0x02,0x0a,0x28,0x2a,0x2a,0x22,0x20,0x00,0x00,0x0a,0x0a,0x08,0x0a,0x08,0x24,0x28,0x28,0x08,0x28,0x28,
    0x28,0x28,0x28,0x00,0x08,0x08,0x08,0x08,0x02,0x00,0x22,0x22,0x20,0x28,0x28,0x0a,0x02,0x02,0x00,0x0a,0x0a,0x02,0x02,0x02,0x02,0x02,0x02,0x00,0x02,0x02,0x00,0x02,
    0x02,0x02,0x00,0x00,0x00,0x08,0x08,0x08,0x08,0x08,0x08,0x00,0x00,0x02,0x07,0x02,0x00,0x00,0x00,0x00,0x00,0x00,0x80,0x80,0x80,0x80,0x80,0x00,0x00,0x00,0x00,0x00
  },
  { // 33
    0x00,0x00,0x00,0x88,0x9c,0x88,0xc0,0xe0,0xe0,0xf0,0xf0,0xe0,0xe0,0x70,0xf0,0xf0,0xf0,0xe0,0x80,0x80,0x80,0x00,0x00,0x00,0x10,0x10,0x10,0x7c,0x10,0x10,0x10,0x00,
    0x00,0x00,0x00,0x00,0x00,0x00,0x00,0x00,0x00,0x00,0x00,0x80,0x80,0xc4,0xc0,0x40,0x60,0x60,0x20,0xb0,0xb0,0x90,0xfc,0xd0,0xd8,0x58,0x58,0x48,0x48,0x48,0x48,0x48,
    0x48,0x48,0x48,0x48,0x58,0x58,0xd8,0xd0,0xd0,0x90,0xb0,0xb0,0x20,0x60,0x60,0x48,0xdc,0xc8,0x80,0x80,0x00,0x00,0x00,0x00,0x00,0x00,0x00,0x00,0x00,0x00,0x00,0x00,
    0x00,0x00,0x04,0x0e,0x04,0x00,0x00,0x00,0x00,0x00,0x00,0x00,0x80,0xc0,0xc0,0xe0,0xe0,0xc0,0xc0,0x80,0x80,0x80,0x80,0x00,0x00,0x00,0x00,0x00,0x00,0x80,0x00,0x00,
    0x00,0x00,0x01,0x01,0x01,0x01,0x01,0xc0,0xc1,0xc1,0xe1,0x61,0xf1,0xf1,0xf1,0xe1,0xc1,0xc1,0xc1,0x01,0x01,0x00,0x00,0x00,0x00,0x00,0x00,0x00,0x00,0x00,0x00,0x00,
    0x00,0x00,0x00,0x40,0xa2,0xd0,0xd8,0xdc,0xce,0xc6,0xb3,0x39,0x19,0x4c,0xe6,0x76,0x33,0x9b,0xd9,0xcd,0x6d,0x64,0x36,0x3e,0x12,0x1a,0x1a,0x1b,0xcb,0x0b,0x0b,0x0b,
    0x0b,0x0b,0x0b,0x1b,0x1a,0x1a,0x12,0x36,0x36,0x64,0x6d,0xcd,0xd9,0x9b,0x33,0x76,0xe6,0xcc,0x99,0x39,0x73,0xe6,0x4e,0x1c,0x38,0x70,0x60,0xc0,0x00,0x00,0x00,0x00,
    0x00,0x00,0x20,0x20,0x20,0xf8,0x20,0x20,0x20,0x06,0x06,0x06,0x07,0x07,0x05,0x07,0x07,0x07,0x07,0x03,0x07,0x87,0xc7,0xc7,0xc6,0x86,0x86,0x04,0x01,0x03,0x01,0x00,
    0x20,0x20,0xa0,0xa0,0xa0,0xa0,0xa0,0x20,0x20,0x24,0x20,0x20,0x20,0x20,0x20,0x20,0x20,0x20,0x20,0x20,0x20,0x20,0x21,0x20,0x20,0x20,0x20,0x20,0x20,0x30,0x3c,0x3e,
    0xbe,0xbe,0x3f,0xbe,0xbe,0xbe,0xbf,0xbf,0xbf,0xbb,0xbb,0x3b,0xbf,0xbf,0xae,0x2e,0xad,0xbb,0x39,0x38,0x20,0x20,0x20,0x20,0x20,0x21,0x21,0x21,0x27,0x21,0x21,0x21,
    0x20,0x20,0x20,0x20,0x20,0x20,0x20,0x20,0x20,0x20,0x20,0x20,0x21,0xa7,0xbf,0x34,0xb8,0xb9,0xbd,0xbd,0xac,0xae,0xaf,0xbf,0x3f,0xbf,0xbb,0xba,0xb9,0xbc,0xb8,0x38,
    0xb8,0x30,0x20,0x20,0x20,0x20,0x20,0x20,0x20,0x20,0x20,0x20,0x20,0x20,0x20,0x20,0x20,0x20,0x23,0x23,0x23,0x23,0x21,0x23,0x23,0x23,0x23,0x2b,0x23,0x23,0x20,0x20,
    0x00,0x00,0x00,0x00,0x00,0x00,0x02,0x00,0x00,0x00,0x08,0x08,0x08,0x08,0x08,0x08,0x00,0x00,0x00,0x00,0x10,0x00,0x00,0x00,0x80,0x80,0x80,0x80,0x00,0x00,0x00,0x00,
    0x02,0x02,0x00,0x02,0x02,0x00,0x02,0x0a,0x02,0x0a,0x02,0x02,0x02,0x0a,0x28,0x2a,0x2a,0x22,0x20,0x00,0x00,0x0a,0x0a,0x08,0x0a,0x08,0x24,0x28,0x28,0x08,0x28,0x28,
    0x28,0x28,0x28,0x00,0x08,0x08,0x08,0x08,0x22,0x00,0x22,0x22,0x20,0x28,0x28,0x0a,0x02,0x02,0x00,0x0a,0x0a,0x02,0x02,0x02,0x02,0x02,0x02,0x00,0x02,0x02,0x00,0x02,
    0x02,0x02,0x00,0x00,0x00,0x00,0x08,0x08,0x08,0x08,0x08,0x08,0x00,0x02,0x07,0x02,0x00,0x00,0x00,0x00,0x00,0x00,0x80,0x80,0x80,0x80,0x80,0x00,0x00,0x00,0x00,0x00
  },
  { // 34
    0x00,0x00,0x00,0x88,0x9c,0x88,0xc0,0xe0,0xe0,0xf0,0xf0,0xe0,0xe0,0x70,0xf0,0xf0,0xf0,0xe0,0x80,0x80,0x80,0x00,0x00,0x00,0x10,0x10,0x10,0x7c,0x10,0x10,0x10,0x00,
    0x00,0x00,0x00,0x00,0x00,0x00,0x00,0x00,0x00,0x00,0x00,0x80,0x80,0xc4,0xc0,0x40,0x60,0x60,0x20,0xb0,0xb0,0x90,0xd0,0xfc,0xd8,0x58,0x58,0x48,0x48,0x48,0x48,0x48,
    0x48,0x48,0x48,0x48,0x58,0x58,0xd8,0xd0,0xd0,0x90,0xb0,0xb0,0x20,0x60,0x60,0x48,0xdc,0xc8,0x80,0x80,0x00,0x00,0x00,0x00,0x00,0x00,0x00,0x00,0x00,0x00,0x00,0x00,
    0x00,0x00,0x04,0x0e,0x04,0x00,0x00,0x00,0x00,0x00,0x00,0x00,0x80,0xc0,0xc0,0xe0,0xe0,0xc0,0xc0,0x80,0x80,0x80,0x80,0x00,0x00,0x00,0x00,0x00,0x00,0x80,0x00,0x00,
    0x00,0x00,0x01,0x01,0x01,0x01,0x01,0x80,0xc1,0xc1,0xe1,0x61,0xf1,0xf1,0xf1,0xe1,0xc1,0xc1,0xc1,0x01,0x01,0x00,0x00,0x00,0x00,0x00,0x00,0x00,0x00,0x00,0x00,0x00,
    0x00,0x00,0x00,0x40,0xa2,0xd0,0xd8,0xdc,0xce,0xc6,0xb3,0x39,0x19,0x4c,0xe6,0x76,0x33,0x9b,0xd9,0xcd,0x6d,0x64,0x36,0x3e,0x12,0x1a,0x1a,0x1b,0xcb,0x0b,0x0b,0x0b,
    0x0b,0x0b,0x0b,0x1b,0x1a,0x1a,0x12,0x36,0x36,0x64,0x6d,0xcd,0xd9,0x9b,0x33,0x76,0xe6,0xcc,0x99,0x39,0x73,0xe6,0x4e,0x1c,0x38,0x70,0x60,0xc0,0x00,0x00,0x00,0x00,
    0x00,0x00,0x20,0x20,0x20,0xf8,0x20,0x20,0x20,0x06,0x06,0x06,0x07,0x07,0x05,0x07,0x07,0x07,0x07,0x03,0x07,0x87,0xc7,0xc7,0xc6,0x86,0x86,0x04,0x01,0x03,0x01,0x00,
    0x20,0x20,0xa0,0xa0,0xa0,0xa0,0xa0,0x20,0x20,0x20,0x20,0x20,0x20,0x20,0x20,0x20,0x20,0x20,0x20,0x20,0x20,0x20,0x21,0x20,0x20,0x20,0x20,0x20,0x20,0x30,0x3c,0x3e,
    0xbe,0xbe,0xbf,0xbe,0xbe,0xbe,0xbf,0x3f,0xbf,0xbb,0xbb,0xbb,0xbf,0xbf,0xae,0x2e,0x2d,0xbb,0x39,0x38,0x20,0x20,0x20,0x20,0x20,0x21,0x21,0x21,0x27,0x21,0x21,0x21,
    0x20,0x20,0x20,0x20,0x20,0x20,0x20,0x20,0x20,0x20,0x20,0x20,0x21,0xa7,0xbf,0x34,0xb8,0xb9,0xbd,0xbd,0x2c,0xae,0xaf,0xbf,0xbf,0xbf,0xbb,0xba,0xb9,0x3c,0xb8,0x38,
    0xb8,0x30,0x20,0x20,0x20,0x20,0x20,0x20,0x20,0x20,0x20,0x20,0x20,0x20,0x20,0x20,0x20,0x20,0x23,0x23,0x23,0x23,0x21,0x23,0x23,0x23,0x2b,0x3f,0x2b,0x23,0x20,0x20,
    0x00,0x00,0x00,0x00,0x00,0x00,0x00,0x00,0x00,0x00,0x08,0x08,0x08,0x08,0x08,0x08,0x00,0x00,0x00,0x00,0x10,0x00,0x00,0x00,0x80,0x80,0x80,0x80,0x00,0x00,0x00,0x00,
    0x02,0x00,0x00,0x02,0x02,0x02,0x02,0x0a,0x0a,0x0a,0x00,0x02,0x02,0x02,0x28,0x2a,0x0a,0x22,0x20,0x00,0x00,0x0a,0x02,0x0a,0x0a,0x08,0x2c,0x28,0x28,0x28,0x28,0x20,
    0x28,0x28,0x08,0x08,0x08,0x08,0x08,0x08,0x22,0x02,0x22,0x02,0x28,0x28,0x28,0x0a,0x02,0x02,0x00,0x0a,0x0a,0x0a,0x02,0x00,0x02,0x02,0x02,0x02,0x02,0x02,0x00,0x02,
    0x00,0x02,0x00,0x00,0x00,0x00,0x08,0x08,0x08,0x08,0x08,0x08,0x00,0x02,0x07,0x02,0x00,0x00,0x00,0x00,0x00,0x00,0x80,0x80,0x80,0x80,0x80,0x00,0x00,0x00,0x00,0x00
  },
  { // 35
    0x00,0x00,0x00,0x88,0x9c,0x88,0xc0,0xe0,0xe0,0xf0,0xf0,0xe0,0xf0,0x70,0xf0,0xf0,0xf0,0xe0,0x80,0x80,0x80,0x00,0x00,0x00,0x10,0x10,0x10,0x7c,0x10,0x10,0x10,0x00,
    0x00,0x00,0x00,0x00,0x00,0x00,0x00,0x00,0x00,0x00,0x00,0x80,0x80,0xc4,0xc0,0x40,0x60,0x60,0x20,0xb0,0xb0,0x90,0xd0,0xd0,0xfc,0x58,0x58,0x58,0x48,0x48,0x48,0x48,
    0x48,0x48,0x48,0x48,0x58,0x58,0xd8,0xd0,0xd0,0x90,0xb0,0xb0,0x20,0x60,0x60,0x40,0xc8,0xc0,0x80,0x80,0x00,0x00,0x00,0x00,0x00,0x00,0x00,0x00,0x00,0x00,0x00,0x00,
    0x00,0x00,0x04,0x0e,0x04,0x00,0x00,0x00,0x00,0x00,0x00,0x00,0x80,0xc0,0xc0,0xe0,0xe0,0xc0,0xc0,0x80,0x80,0x80,0x80,0x80,0x00,0x00,0x00,0x00,0x00,0x80,0x00,0x00,
    0x00,0x00,0x01,0x01,0x01,0x01,0x01,0x80,0xc1,0xc1,0xc1,0x61,0xf1,0xf1,0xf1,0xe1,0xc1,0xc1,0xc1,0x01,0x01,0x00,0x00,0x00,0x00,0x00,0x00,0x00,0x00,0x00,0x00,0x00,
    0x00,0x00,0x00,0x40,0xa2,0xd0,0xd8,0xdc,0xce,0xc6,0xb3,0x39,0x19,0x4c,0xe6,0x76,0x33,0x9b,0xd9,0xcd,0x6d,0x64,0x36,0x3e,0x12,0x1a,0x1a,0x1b,0xcb,0x0b,0x0b,0x0b,
    0x0b,0x0b,0x0b,0x1b,0x1a,0x1a,0x12,0x36,0x36,0x64,0x6d,0xcd,0xd9,0x9b,0x33,0x76,0xe6,0xcc,0x99,0x39,0x73,0xe6,0x4e,0x1c,0x38,0x70,0x60,0xc0,0x00,0x00,0x00,0x00,
    0x00,0x00,0x20,0x20,0x20,0xf8,0x20,0x20,0x20,0x06,0x06,0x06,0x07,0x07,0x05,0x07,0x07,0x07,0x07,0x03,0x07,0x87,0xc7,0xc7,0xc6,0x86,0x06,0x04,0x01,0x03,0x01,0x00,
    0x20,0x20,0xa0,0xa0,0xa0,0xa0,0xa0,0x20,0x20,0x20,0x20,0x20,0x20,0x20,0x20,0x20,0x20,0x20,0x20,0x20,0x20,0x20,0x21,0x20,0x20,0x20,0x20,0x20,0x20,0x30,0x3c,0x3e,
    0x3e,0xbe,0xbf,0xbe,0xbe,0xbe,0xbf,0x3f,0xbf,0xbb,0xbb,0xbb,0xbf,0xbf,0xae,0xae,0x2d,0xbb,0xb9,0x38,0x20,0x20,0x20,0x20,0x20,0x21,0x21,0x21,0x27,0x21,0x21,0x21,
    0x20,0x20,0x20,0x20,0x20,0x20,0x20,0x20,0x20,0x20,0x20,0x20,0x21,0x27,0xbf,0xb4,0x38,0xb9,0xbd,0xbd,0x2c,0xae,0xaf,0xbf,0xbf,0xbf,0xbb,0xba,0xb9,0x3c,0xb8,0xb8,
    0x38,0xb0,0x20,0x20,0x20,0x20,0x20,0x20,0x20,0x20,0x20,0x20,0x20,0x20,0x20,0x20,0x20,0x20,0x23,0x23,0x23,0x23,0x21,0x23,0x23,0x23,0x2b,0x3f,0x2b,0x23,0x20,0x20,
    0x00,0x00,0x00,0x00,0x00,0x00,0x00,0x00,0x00,0x00,0x08,0x08,0x08,0x08,0x08,0x08,0x00,0x00,0x00,0x00,0x10,0x00,0x00,0x00,0x80,0x80,0x80,0x80,0x00,0x00,0x00,0x00,
    0x02,0x00,0x00,0x02,0x02,0x02,0x02,0x0a,0x0a,0x0a,0x00,0x02,0x02,0x02,0x28,0x2a,0x0a,0x22,0x20,0x00,0x00,0x0a,0x02,0x0a,0x0a,0x08,0x2c,0x28,0x28,0x28,0x28,0x20,
    0x28,0x28,0x08,0x08,0x08,0x08,0x08,0x08,0x22,0x02,0x22,0x02,0x28,0x28,0x28,0x0a,0x02,0x02,0x00,0x0a,0x0a,0x0a,0x02,0x00,0x02,0x02,0x02,0x02,0x02,0x02,0x00,0x02,
    0x00,0x02,0x00,0x00,0x00,0x00,0x08,0x08,0x08,0x08,0x08,0x08,0x00,0x02,0x07,0x02,0x00,0x00,0x00,0x00,0x00,0x00,0x80,0x80,0x80,0x80,0x80,0x00,0x00,0x00,0x00,0x00
  },
  { // 36
    0x00,0x00,0x00,0x88,0x9c,0x88,0xc0,0xe0,0xe0,0xf0,0xf0,0xe0,0x70,0xf0,0xf0,0xf0,0xf0,0xe0,0x80,0x80,0x80,0x00,0x00,0x00,0x10,0x10,0x10,0x7c,0x10,0x10,0x10,0x00,
    0x00,0x00,0x00,0x00,0x00,0x00,0x00,0x00,0x00,0x00,0x00,0x80,0x80,0xc4,0xc0,0x40,0x60,0x60,0x20,0xb0,0xb0,0x90,0xd0,0xd0,0xd8,0x7c,0x58,0x58,0x58,0x48,0x48,0x48,
    0x48,0x48,0x48,0x48,0x58,0x58,0xd8,0xd0,0xd0,0x90,0xb0,0xb0,0x20,0x60,0x60,0x40,0xc8,0xc0,0x80,0x80,0x00,0x00,0x00,0x00,0x00,0x00,0x00,0x00,0x00,0x00,0x00,0x00,
    0x00,0x00,0x04,0x0e,0x04,0x00,0x00,0x00,0x00,0x00,0x00,0x00,0x00,0xc0,0xc0,0xe0,0xe0,0xc0,0xc0,0x80,0x80,0x80,0x80,0x80,0x00,0x00,0x00,0x00,0x00,0x80,0x00,0x00,
    0x00,0x00,0x01,0x01,0x01,0x01,0x01,0x80,0xc1,0xc1,0xc1,0x61,0xf1,0xf1,0xf1,0xe1,0xc1,0xc1,0xc1,0x01,0x01,0x00,0x00,0x00,0x00,0x00,0x00,0x00,0x00,0x00,0x00,0x00,
    0x00,0x00,0x00,0x40,0xa2,0xd0,0xd8,0xdc,0xce,0xc6,0xb3,0x39,0x19,0x4c,0xe6,0x76,0x33,0x9b,0xd9,0xcd,0x6d,0x64,0x36,0x3e,0x12,0x1a,0x1a,0x1b,0xcb,0x0b,0x0b,0x0b,
    0x0b,0x0b,0x0b,0x1b,0x1a,0x1a,0x12,0x36,0x36,0x64,0x6d,0xcd,0xd9,0x9b,0x33,0x76,0xe6,0xcc,0x99,0x39,0x73,0xe6,0x4e,0x1c,0x38,0x70,0x60,0xc0,0x00,0x00,0x00,0x00,
    0x00,0x00,0x20,0x20,0x20,0xf8,0x20,0x20,0x20,0x06,0x06,0x06,0x07,0x07,0x05,0x07,0x07,0x07,0x07,0x03,0x07,0x87,0xc7,0xc7,0xc7,0x86,0x06,0x04,0x01,0x03,0x01,0x00,
    0x20,0x20,0xa0,0xa0,0xa0,0xa0,0xa0,0x20,0x20,0x20,0x20,0x20,0x20,0x20,0x20,0x20,0x20,0x20,0x20,0x20,0x20,0x20,0x21,0x20,0x20,0x20,0x20,0x20,0x20,0x30,0x3c,0x3e,
    0x3e,0xbe,0xbf,0xbe,0xbe,0xbe,0xbf,0x3f,0xbf,0xbb,0xbb,0xbb,0xbf,0xbf,0xae,0xae,0x2d,0xbb,0xb9,0x38,0x20,0x20,0x20,0x20,0x20,0x21,0x21,0x21,0x27,0x21,0x21,0x21,
    0x20,0x20,0x20,0x20,0x20,0x20,0x20,0x20,0x20,0x20,0x20,0x20,0x21,0x27,0xbf,0xb4,0x38,0xb9,0xbd,0xbd,0x2c,0xae,0xaf,0xbf,0xbf,0xbf,0xbb,0xba,0xb9,0x3c,0xb8,0xb8,
    0x38,0xb0,0x20,0x20,0x20,0x20,0x20,0x20,0x20,0x20,0x20,0x20,0x20,0x20,0x20,0x20,0x20,0x20,0x23,0x23,0x23,0x23,0x21,0x23,0x23,0x23,0x2b,0x3f,0x2b,0x23,0x20,0x20,
    0x00,0x00,0x00,0x00,0x00,0x00,0x00,0x00,0x00,0x00,0x08,0x08,0x08,0x08,0x08,0x08,0x00,0x00,0x00,0x00,0x10,0x00,0x00,0x00,0x80,0x80,0x80,0x80,0x00,0x00,0x00,0x00,
    0x02,0x00,0x00,0x02,0x02,0x02,0x02,0x0a,0x0a,0x0a,0x00,0x02,0x02,0x02,0x08,0x2a,0x0a,0x22,0x20,0x20,0x00,0x0a,0x02,0x0a,0x0a,0x08,0x0c,0x28,0x28,0x28,0x28,0x20,
    0x28,0x28,0x08,0x28,0x08,0x08,0x08,0x08,0x22,0x02,0x02,0x02,0x28,0x28,0x28,0x2a,0x02,0x02,0x00,0x0a,0x0a,0x0a,0x02,0x00,0x02,0x02,0x02,0x02,0x02,0x02,0x00,0x02,
    0x00,0x02,0x00,0x00,0x00,0x00,0x08,0x08,0x08,0x08,0x08,0x08,0x00,0x02,0x07,0x02,0x00,0x00,0x00,0x00,0x00,0x00,0x80,0x80,0x80,0x80,0x80,0x00,0x00,0x00,0x00,0x00
  },
  { // 37
    0x00,0x00,0x80,0x88,0x9c,0x88,0xc0,0xe0,0xe0,0xf0,0xe0,0xe0,0x70,0xf0,0xf0,0xf0,0xf0,0xe0,0x80,0x80,0x80,0x00,0x00,0x00,0x10,0x10,0x10,0x7c,0x10,0x10,0x10,0x00,
    0x00,0x00,0x00,0x00,0x00,0x00,0x00,0x00,0x00,0x00,0x00,0x80,0x80,0xc4,0xc0,0x40,0x60,0x60,0x20,0xb0,0xb0,0x90,0xd0,0xd0,0xd8,0x7c,0x58,0x58,0x58,0x48,0x48,0x48,
    0x48,0x48,0x48,0x48,0x58,0x58,0xd8,0xd0,0xd0,0x90,0xb0,0xb0,0x20,0x60,0x60,0x40,0xc8,0xc0,0x80,0x80,0x00,0x00,0x00,0x00,0x00,0x00,0x00,0x00,0x00,0x00,0x00,0x00,
    0x00,0x00,0x04,0x0e,0x04,0x00,0x00,0x00,0x00,0x00,0x00,0x00,0x00,0xc0,0xc0,0xc0,0xe0,0xc0,0xc0,0x80,0x80,0x80,0x80,0x80,0x00,0x00,0x00,0x00,0x00,0x80,0x00,0x00,
    0x00,0x00,0x01,0x01,0x01,0x01,0x01,0x80,0xc1,0xc1,0xc1,0x61,0xf1,0xf1,0xf1,0xe1,0xc1,0xc1,0xc1,0x01,0x01,0x00,0xc0,0x00,0x00,0x00,0x00,0x00,0x00,0x00,0x00,0x00,
    0x00,0x00,0x00,0x40,0xa0,0xd0,0xd8,0xdc,0xce,0xc6,0xb3,0x39,0x19,0x4c,0xe6,0x76,0x33,0x9b,0xd9,0xcd,0x6d,0x64,0x36,0x3e,0x12,0x1a,0x1a,0x1b,0xcb,0x0b,0x0b,0x0b,
    0x0b,0x0b,0x0b,0x1b,0x1a,0x1a,0x12,0x36,0x36,0x64,0x6d,0xcd,0xd9,0x9b,0x33,0x76,0xe6,0xcc,0x99,0x39,0x73,0xe6,0x4e,0x1c,0x38,0x70,0x60,0xc0,0x00,0x00,0x00,0x00,
    0x00,0x00,0x20,0x20,0x20,0xf8,0x20,0x20,0x20,0x06,0x06,0x06,0x07,0x07,0x05,0x07,0x07,0x07,0x07,0x03,0x07,0x87,0xc7,0xc7,0xc7,0x86,0x06,0x06,0x01,0x03,0x01,0x00,
    0x20,0x20,0xa0,0xa0,0xa0,0xa0,0xa0,0x20,0x20,0x20,0x20,0x20,0x20,0x20,0x20,0x20,0x20,0x20,0x20,0x21,0x21,0x21,0x27,0x21,0x21,0x21,0x20,0x20,0x20,0x30,0x3c,0x3e,
    0x3e,0xbe,0xbf,0xbe,0xbe,0xbe,0xbf,0x3f,0xbf,0xbb,0xbb,0xbb,0xbf,0xbf,0xae,0xae,0x2d,0xbb,0xb9,0x38,0x20,0x20,0x20,0x20,0x20,0x21,0x21,0x21,0x27,0x21,0x21,0x21,
    0x20,0x20,0x20,0x20,0x20,0x24,0x20,0x20,0x20,0x20,0x20,0x20,0x21,0x27,0xbf,0xb4,0x38,0xb9,0xbd,0xbd,0x2c,0xae,0xaf,0xbf,0xbf,0xbf,0xbb,0xba,0xb9,0x3c,0xb8,0xb8,
    0x38,0xb0,0x20,0x20,0x20,0x20,0x20,0x20,0x20,0x20,0x20,0x20,0x20,0x20,0x20,0x20,0x20,0x20,0x23,0x23,0x23,0x23,0x21,0x23,0x23,0x23,0x2b,0x3f,0x2b,0x23,0x20,0x20,
    0x00,0x00,0x00,0x00,0x00,0x00,0x00,0x00,0x00,0x00,0x08,0x08,0x08,0x08,0x08,0x08,0x00,0x00,0x00,0x00,0x10,0x00,0x00,0x00,0x80,0x80,0x80,0x80,0x00,0x00,0x00,0x00,
    0x02,0x00,0x00,0x02,0x02,0x02,0x02,0x0a,0x0a,0x0a,0x00,0x02,0x02,0x02,0x08,0x2a,0x0a,0x22,0x20,0x20,0x00,0x0a,0x02,0x0a,0x0a,0x08,0x0c,0x28,0x28,0x28,0x28,0x20,
    0x28,0x28,0x08,0x28,0x08,0x08,0x08,0x08,0x22,0x02,0x02,0x02,0x28,0x28,0x28,0x2a,0x02,0x02,0x00,0x0a,0x0a,0x0a,0x02,0x00,0x02,0x02,0x02,0x02,0x02,0x02,0x00,0x02,
    0x00,0x02,0x00,0x00,0x00,0x00,0x08,0x08,0x08,0x08,0x08,0x08,0x00,0x02,0x07,0x02,0x00,0x00,0x00,0x00,0x00,0x00,0x80,0x80,0x80,0x80,0x80,0x20,0x00,0x00,0x00,0x00
  },
  { // 38
    0x00,0x00,0x80,0x88,0x9c,0x88,0xe0,0xe0,0xe0,0xf0,0xe0,0xe0,0x70,0xf0,0xf0,0xf0,0xf0,0xe0,0x80,0x80,0x80,0x00,0x00,0x00,0x10,0x10,0x10,0x7c,0x10,0x10,0x10,0x00,
    0x00,0x00,0x00,0x00,0x00,0x00,0x00,0x00,0x00,0x00,0x00,0x80,0x80,0xc4,0xc0,0x40,0x60,0x60,0x20,0xb0,0xb0,0x90,0xd0,0xd0,0xd8,0x58,0x7c,0x58,0x58,0x58,0x48,0x48,
    0x48,0x48,0x48,0x48,0x58,0x58,0xd8,0xd0,0xd0,0x90,0xb0,0xb0,0x20,0x60,0x60,0x40,0xc8,0xc0,0x80,0x80,0x00,0x00,0x00,0x00,0x00,0x00,0x00,0x00,0x00,0x00,0x00,0x00,
    0x00,0x00,0x04,0x0e,0x04,0x00,0x00,0x00,0x00,0x00,0x00,0x20,0x00,0x80,0xc0,0xc0,0xe0,0xc0,0xc0,0xc0,0x80,0x80,0x80,0x80,0x00,0x00,0x00,0x00,0x00,0x80,0x00,0x00,
    0x00,0x00,0x01,0x01,0x01,0x01,0x01,0x00,0xc1,0xc1,0xc1,0xe1,0x71,0xf1,0xf1,0xe1,0xc1,0xc1,0xc1,0x81,0x01,0x00,0xc0,0x00,0x00,0x00,0x00,0x00,0x00,0x00,0x00,0x00,
    0x00,0x00,0x00,0xc0,0x60,0xb0,0xb8,0x9c,0x8e,0xa6,0x73,0x39,0x99,0xcc,0xe6,0x76,0x33,0x9b,0xd9,0xcd,0x6d,0x64,0x36,0x3e,0x12,0x1a,0x1a,0x1b,0x0b,0x0b,0x0b,0x0b,
    0x0b,0x0b,0x0b,0x1b,0x1a,0x1a,0x12,0x3e,0x36,0x64,0x6d,0xcd,0xd9,0x9b,0x33,0x76,0xe6,0xcc,0x99,0x39,0x73,0x66,0x8e,0x9c,0xb8,0xb0,0xa0,0x40,0x00,0x00,0x00,0x00,
    0x00,0x00,0x20,0x20,0x20,0xf8,0x20,0x20,0x20,0x06,0x06,0x06,0x06,0x07,0x05,0x07,0x07,0x07,0x07,0x03,0x07,0x87,0xc7,0xc7,0xc7,0x86,0x06,0x06,0x01,0x03,0x01,0x00,
    0x20,0x20,0xa0,0xa0,0xa0,0xa0,0xa0,0x20,0x20,0x20,0x20,0x20,0x20,0x20,0x20,0x20,0x20,0x20,0x20,0x21,0x21,0x21,0x27,0x21,0x21,0x21,0x20,0x20,0x20,0x20,0x38,0x3c,
    0x3c,0xbc,0xbe,0x3c,0xbd,0xbd,0xbf,0xbf,0xbf,0xb7,0xb7,0xb6,0x3e,0xbe,0xbc,0xbc,0x3b,0xb7,0xb1,0x30,0x20,0x20,0x20,0x20,0x20,0x20,0x20,0x20,0x21,0x20,0x20,0x20,
    0x20,0x20,0x20,0x20,0x20,0x24,0x20,0x20,0x20,0x20,0x20,0x20,0x31,0x37,0xb7,0xb8,0x3c,0xbd,0xbe,0xbe,0xb6,0xb7,0xb7,0xbf,0xbf,0x3f,0xbd,0xbd,0xbc,0xbe,0xbc,0xbc,
    0x3c,0xb8,0x20,0x20,0x20,0x20,0x20,0x20,0x20,0x20,0x20,0x20,0x20,0x20,0x20,0x20,0x20,0x22,0x23,0x23,0x23,0x21,0x23,0x23,0x23,0x23,0x2b,0x3f,0x2b,0x23,0x20,0x20,
    0x00,0x00,0x00,0x00,0x00,0x00,0x00,0x00,0x00,0x00,0x08,0x08,0x08,0x08,0x08,0x08,0x00,0x00,0x00,0x00,0x10,0x00,0x00,0x00,0x00,0x80,0x80,0x80,0x80,0x00,0x00,0x00,
    0x02,0x02,0x00,0x02,0x02,0x02,0x00,0x0a,0x0a,0x02,0x02,0x02,0x02,0x0a,0x08,0x28,0x2a,0x22,0x20,0x20,0x00,0x0a,0x0a,0x0a,0x08,0x08,0x0c,0x20,0x28,0x28,0x08,0x28,
    0x28,0x28,0x28,0x28,0x00,0x08,0x08,0x28,0x72,0x22,0x00,0x22,0x28,0x20,0x28,0x2a,0x02,0x02,0x00,0x08,0x0a,0x0a,0x02,0x02,0x02,0x02,0x02,0x02,0x00,0x02,0x00,0x02,
    0x02,0x02,0x00,0x00,0x00,0x00,0x08,0x08,0x08,0x08,0x08,0x08,0x00,0x00,0x02,0x00,0x00,0x00,0x00,0x00,0x00,0x00,0x80,0x80,0x80,0x80,0x80,0x20,0x00,0x00,0x00,0x00
  },
  { // 39
    0x00,0x00,0x80,0x88,0x9c,0x88,0xe0,0xe0,0xf0,0xf0,0xe0,0xe0,0x70,0xf0,0xf0,0xf0,0xf0,0xe0,0x80,0x80,0x00,0x00,0x00,0x00,0x10,0x10,0x10,0x7c,0x10,0x10,0x10,0x00,
    0x00,0x00,0x00,0x00,0x00,0x00,0x00,0x00,0x00,0x00,0x00,0x80,0x80,0xc4,0xc0,0x40,0x60,0x60,0x20,0xb0,0xb0,0x90,0xd0,0xd0,0xd8,0x58,0x58,0x7c,0x58,0x58,0x58,0x48,
    0x48,0x48,0x48,0x48,0x58,0x58,0xd8,0xd0,0xd0,0x90,0xb0,0xb0,0x20,0x60,0x60,0x40,0xc8,0xc0,0x80,0x80,0x00,0x00,0x00,0x00,0x00,0x00,0x00,0x00,0x00,0x00,0x00,0x00,
    0x00,0x00,0x00,0x04,0x00,0x00,0x00,0x00,0x00,0x00,0x00,0x20,0x00,0x80,0xc0,0xc0,0xe0,0xe0,0xc0,0xc0,0x80,0x80,0x80,0x80,0x00,0x00,0x00,0x00,0x00,0x80,0x00,0x00,
    0x00,0x00,0x01,0x01,0x01,0x01,0x01,0x00,0xc1,0xc1,0xc1,0xe1,0x71,0xf1,0xf1,0xe1,0xc1,0xc1,0xc1,0x81,0x01,0x00,0xc0,0x00,0x00,0x00,0x00,0x00,0x00,0x00,0x00,0x00,
    0x00,0x00,0x00,0xc0,0x60,0xb0,0xb8,0x9c,0x8e,0xa6,0x73,0x39,0x99,0xcc,0xe6,0x76,0x33,0x9b,0xd9,0xcd,0x6d,0x64,0x36,0x36,0x12,0x1a,0x1a,0x1b,0x0b,0x0b,0x0b,0x0b,
    0x0b,0x0b,0x0b,0x1b,0x1a,0x1a,0x12,0x3e,0x36,0x64,0x6d,0xcd,0xd9,0x9b,0x33,0x76,0xe6,0xcc,0x99,0x39,0x73,0x66,0x8e,0x9c,0xb8,0xb0,0xa0,0x40,0x00,0x00,0x00,0x00,
    0x00,0x00,0x20,0x20,0x20,0xf8,0x20,0x20,0x20,0x04,0x06,0x06,0x06,0x07,0x05,0x07,0x07,0x07,0x07,0x03,0x07,0x87,0xc7,0xc7,0xc7,0x86,0x06,0x06,0x01,0x03,0x01,0x00,
    0x20,0x20,0xa0,0xa0,0xa0,0xa0,0xa0,0x20,0x20,0x20,0x20,0x20,0x20,0x20,0x20,0x20,0x20,0x20,0x20,0x21,0x21,0x21,0x27,0x21,0x21,0x21,0x20,0x20,0x20,0x20,0x38,0x3c,
    0x3c,0xbc,0xbe,0x3c,0xbd,0xbd,0xbf,0xbf,0xbf,0xb7,0xb7,0xb6,0x3e,0xbe,0xbc,0xbc,0x3b,0xb7,0xb1,0x30,0x20,0x20,0x20,0x20,0x20,0x20,0x20,0x20,0x21,0x20,0x20,0x20,
    0x20,0x20,0x20,0x20,0x20,0x24,0x20,0x20,0x20,0x20,0x20,0x20,0x31,0x37,0xb7,0xb8,0x3c,0xbd,0xbe,0xbe,0xb6,0xb7,0xb7,0xbf,0xbf,0x3f,0xbd,0xbd,0xbc,0xbe,0xbc,0xbc,
    0x3c,0xb8,0x20,0x20,0x20,0x20,0x20,0x20,0x20,0x20,0x20,0x20,0x20,0x20,0x20,0x20,0x20,0x22,0x23,0x23,0x23,0x21,0x23,0x23,0x23,0x23,0x2b,0x3f,0x2b,0x22,0x20,0x20,
    0x00,0x00,0x00,0x00,0x00,0x00,0x00,0x00,0x00,0x00,0x08,0x08,0x08,0x08,0x08,0x08,0x00,0x00,0x00,0x00,0x10,0x00,0x00,0x00,0x00,0x80,0x80,0x80,0x80,0x00,0x00,0x02,
    0x02,0x00,0x02,0x02,0x02,0x02,0x00,0x0a,0x0a,0x02,0x02,0x02,0x02,0x08,0x0a,0x28,0x2a,0x20,0x20,0x20,0x02,0x0a,0x0a,0x0a,0x08,0x08,0x08,0x20,0x28,0x28,0x08,0x28,
    0x28,0x28,0x28,0x28,0x00,0x08,0x08,0x2a,0x72,0x22,0x00,0x20,0x28,0x20,0x2a,0x2a,0x02,0x00,0x02,0x08,0x0a,0x0a,0x02,0x02,0x02,0x02,0x02,0x02,0x00,0x00,0x02,0x02,
    0x02,0x00,0x00,0x00,0x00,0x00,0x08,0x08,0x08,0x08,0x08,0x08,0x00,0x00,0x02,0x00,0x00,0x00,0x00,0x00,0x00,0x00,0x80,0x80,0x80,0x80,0x80,0x20,0x00,0x00,0x00,0x00
  },
  { // 40
    0x00,0x00,0x80,0x88,0x9c,0xc8,0xe0,0xe0,0xf0,0xf0,0xe0,0xe0,0x70,0xf0,0xf0,0xf0,0xf0,0xc0,0x80,0x80,0x00,0x00,0x00,0x00,0x10,0x10,0x10,0x7c,0x10,0x10,0x10,0x00,
    0x00,0x00,0x00,0x00,0x00,0x00,0x00,0x00,0x00,0x00,0x00,0x80,0x80,0xc4,0xc0,0x40,0x60,0x60,0x20,0xb0,0xb0,0x90,0xd0,0xd0,0xd8,0x58,0x58,0x58,0x7c,0x58,0x58,0x58,
    0x48,0x48,0x48,0x48,0x58,0x58,0xd8,0xd0,0xd0,0x90,0xb0,0xb0,0x20,0x60,0x60,0x40,0xc0,0xc0,0x80,0x80,0x00,0x00,0x00,0x00,0x00,0x00,0x00,0x00,0x00,0x00,0x00,0x00,
    0x00,0x00,0x00,0x04,0x00,0x00,0x00,0x00,0x00,0x00,0x00,0x20,0x00,0x80,0xc0,0xc0,0xe0,0xe0,0xc0,0xc0,0x80,0x80,0x80,0x80,0x00,0x00,0x00,0x00,0x00,0x00,0x00,0x00,
    0x00,0x00,0x01,0x01,0x01,0x01,0x01,0x00,0xc1,0xc1,0xc1,0xe1,0x71,0xf1,0xf1,0xe1,0xe1,0xc1,0xc1,0x81,0x01,0x00,0xc0,0x00,0x00,0x00,0x00,0x00,0x00,0x00,0x00,0x00,
    0x00,0x00,0x00,0xc0,0x60,0xb0,0xb8,0x9c,0x8e,0xa6,0x73,0x39,0x99,0xcc,0xe6,0x76,0x33,0x9b,0xd9,0xcd,0x6d,0x64,0x36,0x36,0x12,0x1a,0x1a,0x1b,0x0b,0x0b,0x0b,0x0b,
    0x0b,0x0b,0x0b,0x1b,0x1a,0x1a,0x12,0x3e,0x36,0x64,0x6d,0xcd,0xd9,0x9b,0x33,0x76,0xe6,0xcc,0x99,0x39,0x73,0x66,0x8e,0x9c,0xb8,0xb0,0xa0,0x40,0x00,0x00,0x00,0x00,
    0x00,0x00,0x20,0x20,0x20,0xf8,0x20,0x20,0x20,0x04,0x06,0x06,0x06,0x07,0x05,0x07,0x07,0x07,0x07,0x07,0x83,0x87,0xc7,0xc7,0xc7,0x86,0x06,0x06,0x00,0x01,0x00,0x00,
    0x20,0x20,0xa0,0xa0,0xa0,0xa0,0xa0,0x20,0x20,0x20,0x20,0x20,0x20,0x20,0x20,0x20,0x20,0x20,0x20,0x21,0x21,0x21,0x27,0x21,0x21,0x21,0x20,0x20,0x20,0x20,0x38,0x3c,
    0x3c,0xbc,0xbe,0x3c,0xbd,0xbd,0xbf,0xbf,0xbf,0xb7,0xb7,0xb6,0x3e,0xbe,0xbc,0xbc,0x3b,0xb7,0xb1,0x30,0x20,0x20,0x20,0x20,0x20,0x20,0x20,0x20,0x21,0x20,0x20,0x20,
    0x20,0x20,0x20,0x20,0x20,0x24,0x20,0x20,0x20,0x20,0x20,0x20,0x31,0x37,0xb7,0xb8,0x3c,0xbd,0xbe,0xbe,0xb6,0xb7,0xb7,0xbf,0xbf,0x3f,0xbd,0xbd,0xbc,0xbe,0xbc,0xbc,
    0x3c,0xb8,0x20,0x20,0x20,0x20,0x20,0x20,0x20,0x20,0x20,0x20,0x20,0x20,0x20,0x20,0x20,0x22,0x23,0x23,0x23,0x21,0x23,0x23,0x23,0x23,0x2b,0x3f,0x2b,0x22,0x20,0x20,
    0x00,0x00,0x00,0x00,0x00,0x00,0x00,0x00,0x00,0x00,0x08,0x08,0x08,0x08,0x08,0x08,0x00,0x00,0x00,0x00,0x10,0x00,0x00,0x00,0x00,0x80,0x80,0x80,0x80,0x00,0x00,0x02,
    0x02,0x00,0x02,0x02,0x02,0x02,0x00,0x0a,0x0a,0x02,0x02,0x02,0x02,0x08,0x0a,0x28,0x2a,0x20,0x20,0x20,0x02,0x0a,0x0a,0x0a,0x08,0x08,0x08,0x20,0x28,0x28,0x08,0x28,
    0x28,0x28,0x28,0x28,0x00,0x08,0x08,0x2a,0x72,0x22,0x00,0x20,0x28,0x20,0x2a,0x2a,0x02,0x00,0x02,0x08,0x0a,0x0a,0x02,0x02,0x02,0x02,0x02,0x02,0x00,0x00,0x02,0x02,
    0x02,0x00,0x00,0x00,0x00,0x00,0x00,0x08,0x08,0x08,0x08,0x08,0x08,0x00,0x02,0x00,0x00,0x00,0x00,0x00,0x00,0x00,0x80,0x80,0x80,0x80,0x80,0x20,0x00,0x00,0x00,0x00
  },
  { // 41
    0x00,0x00,0x80,0x88,0x9c,0xc8,0xe0,0xe0,0xf0,0xf0,0xe0,0xe0,0x70,0xf0,0xf0,0xf0,0xe0,0xc0,0x80,0x80,0x00,0x00,0x00,0x00,0x10,0x10,0x10,0x7c,0x10,0x10,0x10,0x00,
    0x00,0x00,0x00,0x00,0x00,0x00,0x00,0x00,0x00,0x00,0x00,0x80,0x80,0xc4,0xc0,0x40,0x60,0x60,0x20,0xb0,0xb0,0x90,0xd0,0xd0,0xd8,0x58,0x58,0x58,0x7c,0x58,0x58,0x58,
    0x48,0x48,0x48,0x48,0x58,0x58,0xd8,0xd0,0xd0,0x90,0xb0,0xb0,0x20,0x60,0x60,0x40,0xc0,0xc0,0x80,0x80,0x00,0x00,0x00,0x00,0x00,0x00,0x00,0x00,0x00,0x00,0x00,0x00,
    0x00,0x00,0x00,0x04,0x00,0x00,0x00,0x00,0x00,0x00,0x00,0x20,0x00,0x80,0xc0,0xc0,0xe0,0xe0,0xc0,0xc0,0x80,0x80,0x80,0x80,0x00,0x00,0x00,0x00,0x00,0x00,0x00,0x00,
    0x00,0x00,0x01,0x01,0x01,0x01,0x01,0x00,0xc1,0xc1,0xc1,0xe1,0x71,0xf1,0xf1,0xe1,0xe1,0xc1,0xc1,0x81,0x01,0x00,0xc0,0x00,0x00,0x00,0x00,0x00,0x00,0x00,0x00,0x00,
    0x00,0x00,0x00,0xc0,0x60,0xb0,0xb8,0x9c,0x8e,0xa6,0x73,0x39,0x99,0xcc,0xe6,0x76,0x33,0x9b,0xd9,0xcd,0x6d,0x64,0x36,0x36,0x12,0x1a,0x1a,0x1b,0x0b,0x0b,0x0b,0x0b,
    0x0b,0x0b,0x0b,0x1b,0x1a,0x1a,0x12,0x3e,0x36,0x64,0x6d,0xcd,0xd9,0x9b,0x33,0x76,0xe6,0xcc,0x99,0x39,0x73,0x66,0x8e,0x9c,0xb8,0xb0,0xa0,0x40,0x00,0x00,0x00,0x00,
    0x00,0x00,0x20,0x20,0x20,0xf8,0x20,0x20,0x20,0x04,0x06,0x06,0x06,0x07,0x05,0x07,0x07,0x07,0x07,0x07,0x83,0x87,0xc7,0xc7,0xc7,0x86,0x06,0x06,0x00,0x01,0x00,0x00,
    0x20,0x20,0xa0,0xa0,0xa0,0xa0,0xa0,0x20,0x20,0x20,0x20,0x20,0x20,0x20,0x20,0x20,0x20,0x20,0x20,0x21,0x21,0x21,0x27,0x21,0x21,0x21,0x20,0x20,0x20,0x20,0x38,0x3c,
    0x3c,0xbc,0xbe,0x3c,0xbd,0xbd,0xbf,0xbf,0xbf,0xb7,0xb7,0xb6,0x3e,0xbe,0xbc,0xbc,0x3b,0xb7,0xb1,0x30,0x20,0x20,0x20,0x20,0x20,0x20,0x20,0x20,0x21,0x20,0x20,0x20,
    0x20,0x20,0x20,0x20,0x20,0x24,0x20,0x20,0x20,0x20,0x20,0x20,0x31,0x37,0xb7,0xb8,0x3c,0xbd,0xbe,0xbe,0xb6,0xb7,0xb7,0xbf,0xbf,0x3f,0xbd,0xbd,0xbc,0xbe,0xbc,0xbc,
    0x3c,0xb8,0x20,0x20,0x20,0x20,0x20,0x20,0x20,0x20,0x20,0x20,0x20,0x20,0x20,0x20,0x20,0x22,0x23,0x23,0x23,0x21,0x23,0x23,0x23,0x23,0x2b,0x3f,0x2b,0x22,0x20,0x20,
    0x00,0x00,0x00,0x00,0x00,0x00,0x00,0x00,0x00,0x00,0x08,0x08,0x08,0x08,0x08,0x08,0x00,0x00,0x00,0x00,0x10,0x00,0x00,0x00,0x00,0x80,0x80,0x80,0x80,0x00,0x00,0x02,
    0x02,0x00,0x02,0x02,0x02,0x02,0x00,0x0a,0x0a,0x02,0x02,0x02,0x02,0x08,0x0a,0x08,0x2a,0x20,0x20,0x20,0x22,0x0a,0x0a,0x0a,0x08,0x08,0x08,0x00,0x28,0x28,0x08,0x28,
    0x28,0x28,0x28,0x28,0x20,0x08,0x08,0x2a,0x72,0x22,0x00,0x00,0x28,0x20,0x2a,0x2a,0x02,0x00,0x02,0x08,0x0a,0x0a,0x02,0x02,0x02,0x02,0x02,0x02,0x00,0x00,0x02,0x02,
    0x02,0x00,0x00,0x00,0x00,0x00,0x00,0x08,0x08,0x08,0x08,0x08,0x08,0x00,0x02,0x00,0x00,0x00,0x00,0x00,0x00,0x00,0x80,0x80,0x80,0x80,0x80,0x20,0x00,0x00,0x00,0x00
  },
  { // 42
    0x00,0x00,0x80,0x88,0x9c,0xc8,0xe0,0xe0,0xf0,0xf0,0xe0,0xe0,0x70,0xf0,0xf0,0xf0,0xe0,0x80,0x80,0x80,0x00,0x00,0x00,0x00,0x00,0x00,0x00,0x10,0x00,0x00,0x00,0x00,
    0x00,0x00,0x00,0x00,0x00,0x00,0x00,0x00,0x00,0x00,0x00,0x80,0x80,0xc4,0xc0,0x40,0x60,0x60,0x20,0xb0,0xb0,0x90,0xd0,0xd0,0xd8,0x58,0x58,0x58,0x58,0x7c,0x58,0x58,
    0x58,0x48,0x48,0x48,0x58,0x58,0xd8,0xd0,0xd0,0x90,0xb0,0xb0,0x20,0x60,0x60,0x40,0xc0,0xc0,0x80,0x80,0x00,0x00,0x00,0x00,0x00,0x00,0x00,0x00,0x00,0x00,0x00,0x00,
    0x00,0x00,0x00,0x04,0x00,0x00,0x00,0x00,0x00,0x00,0x00,0x20,0x00,0x80,0xc0,0xc0,0xe0,0xe0,0xc0,0xc0,0x80,0x80,0x80,0x80,0x00,0x00,0x00,0x00,0x00,0x00,0x00,0x00,
    0x00,0x01,0x01,0x01,0x01,0x01,0x00,0x01,0x81,0xc1,0xc1,0xe1,0x61,0xf1,0xf1,0xf1,0xe1,0xc1,0xc1,0xc1,0x00,0x00,0xc0,0x00,0x00,0x00,0x00,0x00,0x00,0x00,0x00,0x00,
    0x00,0x00,0x00,0xc0,0x60,0xb0,0xb8,0x9c,0x8e,0xa6,0x73,0x39,0x99,0xcc,0xe6,0x76,0x33,0x9b,0xd9,0xcd,0x6d,0x64,0x36,0x36,0x12,0x1a,0x1a,0x1b,0x0b,0x0b,0x0b,0x0b,
    0x0b,0x0b,0x0b,0x1b,0x1a,0x1a,0x12,0x3e,0x36,0x64,0x6d,0xcd,0xd9,0x9b,0x33,0x76,0xe6,0xcc,0x99,0x39,0x73,0x66,0x8e,0x9c,0xb8,0xb0,0xa0,0x40,0x00,0x00,0x00,0x00,
    0x00,0x00,0x20,0x20,0x20,0xf8,0x20,0x20,0x20,0x00,0x06,0x06,0x06,0x07,0x07,0x05,0x07,0x07,0x07,0x07,0x83,0xc7,0xc7,0xc7,0x87,0x86,0x06,0x06,0x04,0x01,0x00,0x00,
    0x20,0xa0,0xa0,0xa0,0xa0,0xa0,0x20,0x20,0x20,0x20,0x20,0x20,0x20,0x20,0x20,0x20,0x20,0x20,0x20,0x21,0x21,0x21,0x27,0x21,0x21,0x21,0x20,0x20,0x20,0x20,0x38,0x3c,
    0x3c,0xbc,0xbe,0xbc,0xbd,0xbd,0xbf,0xbf,0x3f,0xb7,0xb7,0xb6,0xbe,0xbe,0xbc,0xbc,0x3b,0x37,0xb1,0x30,0x20,0x20,0x20,0x20,0x20,0x20,0x20,0x20,0x21,0x20,0x20,0x20,
    0x20,0x20,0x20,0x20,0x20,0x24,0x20,0x20,0x20,0x20,0x20,0x20,0x31,0x37,0xb7,0xb8,0x3c,0xbd,0xbe,0xbe,0xb6,0x37,0xb7,0xbf,0xbf,0xbf,0xbd,0xbd,0xbc,0xbe,0x3c,0xbc,
    0x3c,0xb8,0x20,0x20,0x20,0x20,0x20,0x20,0x20,0x20,0x20,0x20,0x20,0x20,0x20,0x20,0x20,0x23,0x23,0x23,0x23,0x21,0x23,0x23,0x23,0x23,0x2b,0x3f,0x2b,0x20,0x20,0x20,
    0x00,0x00,0x00,0x00,0x00,0x00,0x00,0x00,0x00,0x00,0x08,0x08,0x08,0x08,0x08,0x08,0x00,0x00,0x00,0x00,0x10,0x00,0x00,0x00,0x00,0x80,0x80,0x80,0x80,0x00,0x00,0x02,
    0x02,0x00,0x00,0x02,0x02,0x02,0x02,0x0a,0x0a,0x0a,0x02,0x00,0x02,0x08,0x02,0x0a,0x2a,0x00,0x20,0x20,0x20,0x0a,0x0a,0x02,0x08,0x08,0x08,0x08,0x28,0x28,0x28,0x28,
    0x20,0x28,0x28,0x08,0x28,0x08,0x08,0x2a,0x72,0x22,0x02,0x00,0x08,0x28,0x2a,0x28,0x22,0x00,0x02,0x0a,0x0a,0x0a,0x02,0x02,0x00,0x02,0x02,0x02,0x02,0x00,0x02,0x02,
    0x02,0x00,0x00,0x00,0x00,0x00,0x00,0x08,0x08,0x08,0x08,0x08,0x08,0x00,0x02,0x00,0x00,0x00,0x00,0x00,0x00,0x00,0x80,0x80,0x80,0x80,0x80,0x20,0x00,0x00,0x00,0x00
  },
  { // 43
    0x00,0x00,0x80,0x88,0x9c,0xc8,0xe0,0xe0,0xf0,0xf0,0xe0,0xf0,0x70,0xf0,0xf0,0xf0,0xe0,0x80,0x80,0x80,0x00,0x00,0x00,0x00,0x00,0x00,0x00,0x10,0x00,0x00,0x00,0x00,
    0x00,0x00,0x00,0x00,0x00,0x00,0x00,0x00,0x00,0x00,0x00,0x80,0x80,0xc4,0xc0,0x40,0x60,0x60,0x20,0xb0,0xb0,0x90,0xd0,0xd0,0xd8,0x58,0x58,0x58,0x58,0x58,0x7c,0x58,
    0x58,0x58,0x48,0x48,0x58,0x58,0xd8,0xd0,0xd0,0x90,0xb0,0xb0,0x20,0x60,0x60,0x40,0xc0,0xc0,0x80,0x80,0x00,0x00,0x00,0x00,0x00,0x00,0x00,0x00,0x00,0x00,0x00,0x00,
    0x00,0x00,0x00,0x04,0x00,0x00,0x00,0x00,0x00,0x00,0x00,0x20,0x00,0x80,0xc0,0xc0,0xe0,0xe0,0xc0,0xc0,0x80,0x80,0x80,0x80,0x80,0x00,0x00,0x00,0x00,0x00,0x00,0x00,
    0x00,0x01,0x01,0x01,0x01,0x01,0x00,0x01,0x81,0xc1,0xc1,0xc1,0x61,0xf1,0xf1,0xf1,0xe1,0xc1,0xc1,0xc1,0x00,0x00,0xc0,0x00,0x00,0x00,0x00,0x00,0x00,0x00,0x00,0x00,
    0x00,0x00,0x00,0xc0,0x60,0xb0,0xb8,0x9c,0x8e,0xa6,0x73,0x39,0x99,0xcc,0xe6,0x76,0x33,0x9b,0xd9,0xcd,0x6d,0x64,0x36,0x36,0x12,0x1a,0x1a,0x1b,0x0b,0x0b,0x0b,0x0b,
    0x0b,0x0b,0x0b,0x1b,0x1a,0x1a,0x12,0x3e,0x36,0x64,0x6d,0xcd,0xd9,0x9b,0x33,0x76,0xe6,0xcc,0x99,0x39,0x73,0x66,0x8e,0x9c,0xb8,0xb0,0xa0,0x40,0x00,0x00,0x00,0x00,
    0x00,0x00,0x20,0x20,0x20,0xf8,0x20,0x20,0x20,0x00,0x06,0x06,0x06,0x07,0x07,0x05,0x07,0x07,0x07,0x07,0x83,0xc7,0xc7,0xc7,0x87,0x06,0x06,0x06,0x04,0x01,0x00,0x00,
    0x20,0xa0,0xa0,0xa0,0xa0,0xa0,0x20,0x20,0x20,0x20,0x20,0x20,0x20,0x20,0x20,0x20,0x20,0x20,0x20,0x21,0x21,0x21,0x27,0x21,0x21,0x21,0x20,0x20,0x20,0x20,0x38,0x3c,
    0x3c,0xbc,0xbe,0xbc,0xbd,0xbd,0xbf,0xbf,0x3f,0xb7,0xb7,0xb6,0xbe,0xbe,0xbc,0xbc,0x3b,0x37,0xb1,0x30,0x20,0x20,0x20,0x20,0x20,0x20,0x20,0x20,0x21,0x20,0x20,0x20,
    0x20,0x20,0x20,0x20,0x20,0x24,0x20,0x20,0x20,0x20,0x20,0x20,0x31,0x37,0xb7,0xb8,0x3c,0xbd,0xbe,0xbe,0xb6,0x37,0xb7,0xbf,0xbf,0xbf,0xbd,0xbd,0xbc,0xbe,0x3c,0xbc,
    0x3c,0xb8,0x20,0x20,0x20,0x20,0x20,0x20,0x20,0x20,0x20,0x20,0x20,0x20,0x20,0x20,0x20,0x23,0x23,0x23,0x23,0x21,0x23,0x23,0x23,0x23,0x2b,0x3f,0x2b,0x20,0x20,0x20,
    0x00,0x00,0x00,0x00,0x00,0x00,0x00,0x00,0x00,0x00,0x08,0x08,0x08,0x08,0x08,0x08,0x00,0x00,0x00,0x00,0x10,0x00,0x00,0x00,0x00,0x80,0x80,0x80,0x80,0x00,0x00,0x02,
    0x02,0x00,0x00,0x02,0x02,0x02,0x02,0x0a,0x0a,0x0a,0x02,0x00,0x02,0x08,0x02,0x0a,0x2a,0x00,0x20,0x20,0x20,0x0a,0x0a,0x02,0x08,0x08,0x08,0x08,0x28,0x28,0x28,0x28,
    0x20,0x28,0x28,0x08,0x28,0x08,0x08,0x2a,0x72,0x22,0x02,0x00,0x08,0x28,0x2a,0x28,0x22,0x00,0x02,0x0a,0x0a,0x0a,0x02,0x02,0x00,0x02,0x02,0x02,0x02,0x00,0x02,0x02,
    0x02,0x00,0x00,0x00,0x00,0x00,0x00,0x08,0x08,0x08,0x08,0x08,0x08,0x00,0x02,0x00,0x00,0x00,0x00,0x00,0x00,0x00,0x80,0x80,0x80,0x80,0x80,0x20,0x00,0x00,0x00,0x00
  },
  { // 44
    0x00,0x00,0x80,0x88,0x9c,0xc8,0xe0,0xe0,0xf0,0xf0,0xe0,0x70,0xf0,0xf0,0xf0,0xf0,0xe0,0x80,0x80,0x80,0x00,0x00,0x00,0x00,0x00,0x00,0x00,0x10,0x00,0x00,0x00,0x00,
    0x00,0x00,0x00,0x00,0x00,0x00,0x00,0x00,0x00,0x00,0x00,0x80,0x80,0xc4,0xc0,0x40,0x60,0x60,0x20,0xb0,0xb0,0x90,0xd0,0xd0,0xd8,0x58,0x58,0x48,0x58,0x58,0x58,0x7c,
    0x58,0x58,0x58,0x48,0x58,0x58,0xd8,0xd0,0xd0,0x90,0xb0,0xb0,0x20,0x60,0x60,0x40,0xc0,0xc0,0x80,0x80,0x00,0x00,0x00,0x00,0x00,0x00,0x00,0x00,0x00,0x00,0x00,0x00,
    0x00,0x00,0x00,0x04,0x00,0x00,0x00,0x00,0x00,0x00,0x20,0x70,0x20,0x00,0xc0,0xc0,0xe0,0xe0,0xc0,0xc0,0x80,0x80,0x80,0x80,0x80,0x00,0x00,0x00,0x00,0x00,0x00,0x00,
    0x00,0x01,0x01,0x01,0x01,0x01,0x00,0x01,0x81,0xc1,0xc1,0xc1,0x61,0xf1,0xf1,0xf1,0xe1,0xc1,0xc1,0xc1,0x00,0x00,0xc0,0x00,0x00,0x00,0x00,0x00,0x00,0x00,0x00,0x00,
    0x00,0x00,0x00,0xc0,0x60,0xb0,0xb8,0x9c,0x8e,0xa6,0x73,0x39,0x99,0xcc,0xe6,0x76,0x33,0x9b,0xd9,0xcd,0x6d,0x64,0x36,0x36,0x12,0x1a,0x1a,0x1b,0x0b,0x0b,0x0b,0x0b,
    0x0b,0x0b,0x0b,0x1b,0x1a,0x1a,0x12,0x3e,0x36,0x64,0x6d,0xcd,0xd9,0x9b,0x33,0x76,0xe6,0xcc,0x99,0x39,0x73,0x66,0x8e,0x9c,0xb8,0xb0,0xa0,0x40,0x00,0x00,0x00,0x00,
    0x00,0x00,0x20,0x20,0x20,0xf8,0x20,0x20,0x20,0x00,0x06,0x06,0x06,0x07,0x07,0x05,0x07,0x07,0x07,0x07,0x83,0xc7,0xc7,0xc7,0x87,0x07,0x06,0x06,0x04,0x01,0x00,0x00,
    0x20,0xa0,0xa0,0xa0,0xa0,0xa0,0x20,0x20,0x20,0x20,0x20,0x20,0x20,0x20,0x20,0x20,0x20,0x20,0x20,0x21,0x21,0x21,0x27,0x21,0x21,0x21,0x20,0x20,0x20,0x20,0x38,0x3c,
    0x3c,0xbc,0xbe,0xbc,0xbd,0xbd,0xbf,0xbf,0x3f,0xb7,0xb7,0xb6,0xbe,0xbe,0xbc,0xbc,0x3b,0x37,0xb1,0x30,0x20,0x20,0x20,0x20,0x20,0x20,0x20,0x20,0x21,0x20,0x20,0x20,
    0x20,0x20,0x20,0x20,0x20,0x24,0x20,0x20,0x20,0x20,0x20,0x20,0x31,0x37,0xb7,0xb8,0x3c,0xbd,0xbe,0xbe,0xb6,0x37,0xb7,0xbf,0xbf,0xbf,0xbd,0xbd,0xbc,0xbe,0x3c,0xbc,
    0x3c,0xb8,0x20,0x20,0x20,0x20,0x20,0x20,0x20,0x20,0x20,0x20,0x20,0x20,0x20,0x20,0x20,0x23,0x23,0x23,0x23,0x21,0x23,0x23,0x23,0x23,0x2b,0x3f,0x2b,0x20,0x20,0x20,
    0x00,0x00,0x00,0x00,0x00,0x00,0x00,0x00,0x00,0x00,0x08,0x08,0x08,0x08,0x08,0x08,0x00,0x00,0x00,0x00,0x10,0x00,0x00,0x00,0x00,0x80,0x80,0x80,0x80,0x00,0x02,0x02,
    0x00,0x02,0x00,0x02,0x02,0x02,0x02,0x0a,0x0a,0x0a,0x02,0x00,0x00,0x0a,0x02,0x0a,0x28,0x00,0x20,0x22,0x20,0x0a,0x0a,0x00,0x08,0x08,0x08,0x08,0x28,0x28,0x28,0x28,
    0x20,0x28,0x28,0x08,0x28,0x08,0x08,0x2a,0x72,0x22,0x00,0x00,0x08,0x2a,0x2a,0x28,0x20,0x02,0x02,0x0a,0x0a,0x0a,0x02,0x02,0x00,0x02,0x02,0x02,0x00,0x02,0x02,0x02,
    0x00,0x00,0x00,0x00,0x00,0x00,0x00,0x08,0x08,0x08,0x08,0x08,0x08,0x00,0x02,0x00,0x00,0x00,0x00,0x00,0x00,0x00,0x80,0x80,0x80,0x80,0x80,0x20,0x00,0x00,0x00,0x00
  },
  { // 45
    0x00,0x80,0x80,0x88,0x9c,0xe8,0xe0,0xe0,0xf0,0xe0,0xe0,0x70,0xf0,0xf0,0xf0,0xf0,0xe0,0x80,0x80,0x80,0x00,0x00,0x00,0x00,0x00,0x00,0x00,0x10,0x00,0x00,0x00,0x00,
    0x00,0x00,0x00,0x00,0x00,0x00,0x00,0x00,0x00,0x00,0x00,0x80,0x80,0xc4,0xc0,0x40,0x60,0x60,0x20,0xb0,0xb0,0x90,0xd0,0xd0,0xd8,0x58,0x58,0x48,0x58,0x58,0x58,0x7c,
    0x58,0x58,0x58,0x48,0x58,0x58,0xd8,0xd0,0xd0,0x90,0xb0,0xb0,0x20,0x60,0x60,0x40,0xc0,0xc0,0x80,0x80,0x00,0x00,0x00,0x00,0x00,0x00,0x00,0x00,0x00,0x00,0x00,0x00,
    0x00,0x00,0x00,0x04,0x00,0x00,0x00,0x00,0x00,0x00,0x20,0x70,0x20,0x00,0xc0,0xc0,0xc0,0xe0,0xc0,0xc0,0xc0,0x80,0x88,0x80,0x80,0x00,0x00,0x00,0x00,0x00,0x00,0x00,
    0x00,0x01,0x01,0x01,0x01,0x01,0x00,0x01,0x81,0xc1,0xc1,0xc1,0xe1,0x71,0xf1,0xf1,0xe1,0xc1,0xc1,0xc1,0x80,0x00,0xc0,0x00,0x00,0x00,0x00,0x00,0x00,0x00,0x00,0x00,
    0x00,0x00,0x00,0xc0,0x60,0xb0,0xb8,0x9c,0x8e,0xa6,0x73,0x39,0x99,0xcc,0xe6,0x76,0x33,0x9b,0xd9,0xcd,0x6d,0x64,0x36,0x36,0x12,0x1a,0x1a,0x1b,0x0b,0x0b,0x0b,0x0b,
    0x0b,0x0b,0x0b,0x1b,0x1a,0x1a,0x12,0x3e,0x36,0x64,0x6d,0xcd,0xd9,0x9b,0x33,0x76,0xe6,0xcc,0x99,0x39,0x73,0x66,0x8e,0x9c,0xb8,0xb0,0xa0,0x40,0x00,0x00,0x00,0x00,
    0x00,0x00,0x20,0x20,0x20,0xf8,0x20,0x20,0x20,0x00,0x06,0x06,0x06,0x07,0x07,0x05,0x07,0x07,0x07,0x07,0x83,0xc7,0xc7,0xc7,0x87,0x07,0x06,0x06,0x06,0x00,0x00,0x00,
    0x20,0xa0,0xa0,0xa0,0xa0,0xa0,0x20,0x20,0x20,0x24,0x20,0x20,0x20,0x20,0x20,0x20,0x20,0x20,0x20,0x21,0x21,0x21,0x27,0x21,0x21,0x21,0x20,0x20,0x20,0x20,0x38,0x3c,
    0x3c,0xbc,0xbe,0xbc,0x3d,0xbd,0xbf,0xbf,0xbf,0xb7,0xb7,0xb6,0xbe,0x3e,0xbc,0xbc,0x3b,0xb7,0xb1,0x30,0x20,0x20,0x20,0x20,0x20,0x20,0x20,0x20,0x21,0x20,0x20,0x20,
    0x20,0x20,0x20,0x20,0x24,0x2e,0x24,0x20,0x20,0x20,0x20,0x20,0x31,0x37,0xb7,0xb8,0x3c,0x3d,0xbe,0xbe,0xb6,0xb7,0xb7,0xbf,0xbf,0xbf,0x3d,0xbd,0xbc,0xbe,0xbc,0xbc,
    0x3c,0xb8,0x20,0x20,0x20,0x20,0x20,0x20,0x20,0x20,0x20,0x20,0x20,0x20,0x20,0x20,0x22,0x23,0x23,0x23,0x23,0x21,0x23,0x23,0x23,0x23,0x2b,0x3f,0x2b,0x20,0x20,0x20,
    0x00,0x00,0x00,0x00,0x00,0x00,0x02,0x00,0x00,0x00,0x08,0x08,0x08,0x08,0x08,0x08,0x00,0x00,0x00,0x00,0x10,0x00,0x00,0x00,0x00,0x80,0x80,0x80,0x80,0x00,0x00,0x02,
    0x00,0x02,0x02,0x02,0x02,0x02,0x02,0x08,0x0a,0x0a,0x02,0x02,0x00,0x0a,0x0a,0x0a,0x28,0x20,0x20,0x22,0x22,0x0a,0x0a,0x08,0x08,0x08,0x08,0x08,0x20,0x28,0x28,0x08,
    0x28,0x28,0x28,0x28,0x28,0x00,0x0a,0x2a,0x72,0x22,0x00,0x00,0x28,0x2a,0x22,0x2a,0x20,0x02,0x02,0x0a,0x08,0x0a,0x02,0x02,0x02,0x02,0x02,0x02,0x00,0x00,0x02,0x02,
    0x00,0x00,0x00,0x00,0x00,0x00,0x00,0x08,0x08,0x08,0x08,0x08,0x08,0x00,0x02,0x00,0x00,0x00,0x00,0x00,0x00,0x00,0x80,0x80,0x80,0x80,0xa0,0x70,0x20,0x00,0x00,0x00
  },
  { // 46
    0x00,0x80,0x80,0x88,0x9c,0xe8,0xe0,0xf0,0xf0,0xe0,0xe0,0x70,0xf0,0xf0,0xf0,0xf0,0xe0,0x80,0x80,0x00,0x00,0x00,0x00,0x00,0x00,0x00,0x00,0x10,0x00,0x00,0x00,0x00,
    0x00,0x00,0x00,0x00,0x00,0x00,0x00,0x00,0x00,0x00,0x00,0x80,0x80,0xc4,0xc0,0x40,0x60,0x60,0x20,0xb0,0xb0,0x90,0xd0,0xd0,0xd8,0x58,0x58,0x48,0x48,0x58,0x58,0x58,
    0x7c,0x58,0x58,0x58,0x58,0x58,0xd8,0xd0,0xd0,0x90,0xb0,0xb0,0x20,0x60,0x60,0x40,0xc0,0xc0,0x80,0x80,0x00,0x00,0x00,0x00,0x00,0x00,0x00,0x00,0x00,0x00,0x00,0x00,
    0x00,0x00,0x00,0x04,0x00,0x00,0x00,0x00,0x00,0x00,0x20,0x70,0x20,0x00,0x80,0xc0,0xc0,0xe0,0xe0,0xc0,0xc0,0x80,0x88,0x80,0x80,0x00,0x00,0x00,0x00,0x00,0x00,0x00,
    0x00,0x01,0x01,0x01,0x01,0x01,0x00,0x01,0x01,0xc1,0xc1,0xc1,0xe1,0x71,0xf1,0xf1,0xe1,0xc1,0xc1,0xc1,0x80,0x00,0xc0,0x00,0x00,0x00,0x00,0x00,0x00,0x00,0x00,0x00,
    0x00,0x00,0x00,0xc0,0x60,0xb0,0xb8,0x9c,0x8e,0xa6,0x73,0x39,0x99,0xcc,0xe6,0x76,0x33,0x9b,0xd9,0xcd,0x6d,0x64,0x36,0x36,0x12,0x1a,0x1a,0x1b,0x0b,0x0b,0x0b,0x0b,
    0x0b,0x0b,0x0b,0x1b,0x1a,0x1a,0x12,0x3e,0x36,0x64,0x6d,0xcd,0xd9,0x9b,0x33,0x76,0xe6,0xcc,0x99,0x39,0x73,0x66,0x8e,0x9c,0xb8,0xb0,0xa0,0x40,0x00,0x00,0x00,0x00,
    0x00,0x00,0x20,0x20,0x20,0xf8,0x20,0x20,0x20,0x00,0x04,0x06,0x06,0x06,0x07,0x05,0x07,0x07,0x07,0x07,0x83,0xc7,0xc7,0xc7,0x87,0x07,0x06,0x06,0x06,0x00,0x00,0x00,
    0x20,0xa0,0xa0,0xa0,0xa0,0xa0,0x20,0x20,0x20,0x24,0x20,0x20,0x20,0x20,0x20,0x20,0x20,0x20,0x20,0x21,0x21,0x21,0x27,0x21,0x21,0x21,0x20,0x20,0x20,0x20,0x38,0x3c,
    0x3c,0xbc,0xbe,0xbc,0x3d,0xbd,0xbf,0xbf,0xbf,0xb7,0xb7,0xb6,0xbe,0x3e,0xbc,0xbc,0x3b,0xb7,0xb1,0x30,0x20,0x20,0x20,0x20,0x20,0x20,0x20,0x20,0x21,0x20,0x20,0x20,
    0x20,0x20,0x20,0x20,0x24,0x2e,0x24,0x20,0x20,0x20,0x20,0x20,0x31,0x37,0xb7,0xb8,0x3c,0x3d,0xbe,0xbe,0xb6,0xb7,0xb7,0xbf,0xbf,0xbf,0x3d,0xbd,0xbc,0xbe,0xbc,0xbc,
    0x3c,0xb8,0x20,0x20,0x20,0x20,0x20,0x20,0x20,0x20,0x20,0x20,0x20,0x20,0x20,0x20,0x22,0x23,0x23,0x23,0x21,0x23,0x23,0x23,0x23,0x23,0x2b,0x3f,0x2a,0x20,0x20,0x20,
    0x00,0x00,0x00,0x00,0x00,0x00,0x02,0x00,0x00,0x00,0x08,0x08,0x08,0x08,0x08,0x08,0x00,0x00,0x00,0x00,0x10,0x00,0x00,0x00,0x00,0x00,0x80,0x80,0x80,0x80,0x00,0x02,
    0x00,0x02,0x02,0x02,0x02,0x02,0x02,0x08,0x0a,0x0a,0x02,0x02,0x00,0x0a,0x0a,0x0a,0x28,0x20,0x20,0x22,0x22,0x0a,0x0a,0x08,0x08,0x08,0x08,0x08,0x20,0x28,0x28,0x08,
    0x28,0x28,0x28,0x28,0x28,0x00,0x0a,0x2a,0x72,0x22,0x00,0x00,0x28,0x2a,0x22,0x2a,0x20,0x02,0x02,0x0a,0x08,0x0a,0x02,0x02,0x02,0x02,0x02,0x02,0x00,0x00,0x02,0x02,
    0x00,0x00,0x00,0x00,0x00,0x00,0x00,0x08,0x08,0x08,0x08,0x08,0x08,0x00,0x02,0x00,0x00,0x00,0x00,0x00,0x00,0x00,0x80,0x80,0x80,0x80,0xa0,0x70,0x20,0x00,0x00,0x00
  },
  { // 47
    0x00,0x80,0x80,0x88,0xdc,0xe8,0xe0,0xf0,0xf0,0xe0,0xe0,0x70,0xf0,0xf0,0xf0,0xf0,0xc0,0x80,0x80,0x00,0x00,0x00,0x00,0x00,0x00,0x00,0x00,0x00,0x00,0x00,0x00,0x00,
    0x00,0x00,0x00,0x00,0x00,0x00,0x00,0x00,0x00,0x00,0x00,0x80,0x80,0xc4,0xc0,0x40,0x60,0x60,0x20,0xb0,0xb0,0x90,0xd0,0xd0,0xd8,0x58,0x58,0x48,0x48,0x48,0x58,0x58,
    0x58,0x7c,0x58,0x58,0x58,0x58,0xd8,0xd0,0xd0,0x90,0xb0,0xb0,0x20,0x60,0x60,0x40,0xc0,0xc0,0x80,0x80,0x00,0x00,0x00,0x00,0x00,0x00,0x00,0x00,0x00,0x00,0x00,0x00,
    0x00,0x00,0x00,0x00,0x00,0x00,0x00,0x00,0x00,0x00,0x20,0x70,0x20,0x00,0x80,0xc0,0xc0,0xe0,0xe0,0xc0,0xc0,0x80,0x88,0x80,0x80,0x00,0x00,0x00,0x00,0x00,0x00,0x00,
    0x00,0x01,0x01,0x01,0x01,0x01,0x00,0x01,0x01,0xc1,0xc1,0xc1,0xe1,0x71,0xf1,0xf1,0xe1,0xc1,0xc1,0xc1,0x80,0x00,0xc0,0x00,0x00,0x00,0x00,0x00,0x00,0x00,0x00,0x00,
    0x00,0x00,0x00,0xc0,0x60,0xb0,0xb8,0x9c,0x8e,0xa6,0x73,0x39,0x99,0xcc,0xe6,0x76,0x33,0x9b,0xd9,0xcd,0x6d,0x64,0x36,0x36,0x12,0x1a,0x1a,0x1b,0x0b,0x0b,0x0b,0x0b,
    0x0b,0x0b,0x0b,0x1b,0x1a,0x1a,0x12,0x36,0x36,0x64,0x6d,0xcd,0xd9,0x9b,0x33,0x76,0xe6,0xcc,0x99,0x39,0x73,0x66,0x8e,0x9c,0xb8,0xb0,0xa0,0x40,0x00,0x00,0x00,0x00,
    0x00,0x00,0x20,0x20,0x20,0xf8,0x20,0x20,0x20,0x00,0x04,0x06,0x06,0x06,0x07,0x05,0x07,0x07,0x07,0x07,0x87,0xc3,0xc7,0xc7,0x87,0x07,0x06,0x06,0x06,0x00,0x00,0x00,
    0x20,0xa0,0xa0,0xa0,0xa0,0xa0,0x20,0x20,0x20,0x24,0x20,0x20,0x20,0x20,0x20,0x20,0x20,0x20,0x20,0x21,0x21,0x21,0x27,0x21,0x21,0x21,0x20,0x20,0x20,0x20,0x38,0x3c,
    0x3c,0xbc,0xbe,0xbc,0x3d,0xbd,0xbf,0xbf,0xbf,0xb7,0xb7,0xb6,0xbe,0x3e,0xbc,0xbc,0x3b,0xb7,0xb1,0x30,0x20,0x20,0x20,0x20,0x20,0x20,0x20,0x20,0x21,0x20,0x20,0x20,
    0x20,0x20,0x20,0x20,0x24,0x2e,0x24,0x20,0x20,0x20,0x20,0x20,0x31,0x37,0xb7,0xb8,0x3c,0x3d,0xbe,0xbe,0xb6,0xb7,0xb7,0xbf,0xbf,0xbf,0x3d,0xbd,0xbc,0xbe,0xbc,0xbc,
    0x3c,0xb8,0x20,0x20,0x20,0x20,0x20,0x20,0x20,0x20,0x20,0x20,0x20,0x20,0x20,0x20,0x22,0x23,0x23,0x23,0x21,0x23,0x23,0x23,0x23,0x23,0x2b,0x3f,0x2a,0x20,0x20,0x20,
    0x00,0x00,0x00,0x00,0x00,0x00,0x02,0x00,0x00,0x00,0x08,0x08,0x08,0x08,0x08,0x08,0x00,0x00,0x00,0x00,0x10,0x00,0x00,0x00,0x00,0x00,0x80,0x80,0x80,0x80,0x00,0x02,
    0x00,0x02,0x02,0x02,0x02,0x02,0x02,0x08,0x0a,0x0a,0x02,0x02,0x00,0x0a,0x0a,0x0a,0x28,0x20,0x20,0x22,0x22,0x0a,0x0a,0x08,0x08,0x08,0x08,0x08,0x20,0x28,0x28,0x08,
    0x28,0x28,0x28,0x28,0x28,0x00,0x0a,0x0a,0x22,0x02,0x00,0x00,0x28,0x2a,0x22,0x2a,0x20,0x02,0x02,0x0a,0x08,0x0a,0x02,0x02,0x02,0x02,0x02,0x02,0x00,0x00,0x02,0x02,
    0x00,0x00,0x00,0x00,0x00,0x00,0x00,0x08,0x08,0x08,0x08,0x08,0x08,0x00,0x02,0x00,0x00,0x00,0x00,0x00,0x00,0x00,0x80,0x80,0x80,0x80,0xa0,0x70,0x20,0x00,0x00,0x00
  },
  { // 48
    0x00,0x80,0x80,0x88,0xdc,0xe8,0xe0,0xf0,0xf0,0xe0,0xe0,0x70,0xf0,0xf0,0xf0,0xe0,0xc0,0x84,0x80,0x00,0x00,0x00,0x00,0x00,0x00,0x00,0x00,0x00,0x00,0x00,0x00,0x00,
    0x00,0x00,0x00,0x00,0x00,0x00,0x00,0x00,0x00,0x00,0x00,0x80,0x84,0xce,0xc4,0x40,0x60,0x60,0x20,0xb0,0xb0,0x90,0xd0,0xd0,0xd8,0x58,0x58,0x48,0x48,0x48,0x48,0x58,
    0x58,0x58,0x7c,0x58,0x58,0x58,0xd8,0xd0,0xd0,0x90,0xb0,0xb0,0x20,0x60,0x60,0x40,0xc0,0xc0,0x80,0x80,0x00,0x00,0x00,0x00,0x00,0x00,0x00,0x00,0x00,0x00,0x00,0x00,
    0x00,0x00,0x00,0x00,0x00,0x00,0x00,0x00,0x00,0x00,0x20,0x70,0x20,0x00,0x80,0xc0,0xc0,0xe0,0xe0,0xc0,0xc0,0x80,0x88,0x80,0x80,0x00,0x00,0x00,0x00,0x00,0x00,0x00,
    0x00,0x01,0x01,0x01,0x01,0x01,0x00,0x01,0x01,0xc1,0xc1,0xc1,0xe1,0x71,0xf1,0xf1,0xe1,0xe1,0xc1,0xc1,0x80,0x00,0xc0,0x00,0x00,0x00,0x00,0x00,0x00,0x00,0x00,0x00,
    0x00,0x00,0x00,0xc0,0x60,0xb0,0xb8,0x9c,0x8e,0xa6,0x73,0x39,0x99,0xcc,0xe6,0x76,0x33,0x9b,0xd9,0xcd,0x6d,0x64,0x36,0x36,0x12,0x1a,0x1a,0x1b,0x0b,0x0b,0x0b,0x0b,
    0x0b,0x0b,0x0b,0x1b,0x1a,0x1a,0x12,0x36,0x36,0x64,0x6d,0xcd,0xd9,0x9b,0x33,0x76,0xe6,0xcc,0x99,0x39,0x73,0x66,0x8e,0x9c,0xb8,0xb0,0xa0,0x40,0x00,0x00,0x00,0x00,
    0x00,0x00,0x20,0x20,0x20,0xf8,0x20,0x20,0x20,0x00,0x04,0x06,0x06,0x06,0x07,0x05,0x07,0x07,0x07,0x87,0x87,0xc3,0xc7,0xc7,0x87,0x07,0x06,0x06,0x06,0x00,0x00,0x00,
    0x20,0xa0,0xa0,0xa0,0xa0,0xa0,0x20,0x20,0x20,0x24,0x20,0x20,0x20,0x20,0x20,0x20,0x20,0x20,0x20,0x21,0x21,0x21,0x27,0x21,0x21,0x21,0x20,0x20,0x20,0x20,0x38,0x3c,
    0x3c,0xbc,0xbe,0xbc,0x3d,0xbd,0xbf,0xbf,0xbf,0xb7,0xb7,0xb6,0xbe,0x3e,0xbc,0xbc,0x3b,0xb7,0xb1,0x30,0x20,0x20,0x20,0x20,0x20,0x20,0x20,0x20,0x21,0x20,0x20,0x20,
    0x20,0x20,0x20,0x20,0x24,0x2e,0x24,0x20,0x20,0x20,0x20,0x20,0x31,0x37,0xb7,0xb8,0x3c,0x3d,0xbe,0xbe,0xb6,0xb7,0xb7,0xbf,0xbf,0xbf,0x3d,0xbd,0xbc,0xbe,0xbc,0xbc,
    0x3c,0xb8,0x20,0x20,0x20,0x20,0x20,0x20,0x20,0x20,0x20,0x20,0x20,0x20,0x20,0x20,0x22,0x23,0x23,0x23,0x21,0x23,0x23,0x23,0x23,0x23,0x23,0x2b,0x22,0x20,0x20,0x20,
    0x00,0x00,0x00,0x00,0x00,0x00,0x02,0x00,0x00,0x00,0x08,0x08,0x08,0x08,0x08,0x08,0x00,0x00,0x00,0x10,0x38,0x10,0x00,0x00,0x00,0x00,0x80,0x80,0x80,0x80,0x00,0x02,
    0x00,0x02,0x02,0x02,0x02,0x02,0x02,0x08,0x0a,0x0a,0x02,0x02,0x00,0x0a,0x0a,0x0a,0x28,0x20,0x20,0x22,0x22,0x0a,0x0a,0x08,0x08,0x08,0x08,0x08,0x20,0x28,0x28,0x08,
    0x28,0x28,0x28,0x28,0x28,0x00,0x0a,0x0a,0x22,0x02,0x00,0x00,0x28,0x2a,0x22,0x2a,0x20,0x02,0x02,0x0a,0x08,0x0a,0x02,0x02,0x02,0x02,0x02,0x02,0x00,0x00,0x02,0x02,
    0x00,0x00,0x00,0x00,0x00,0x00,0x00,0x08,0x08,0x08,0x08,0x08,0x08,0x00,0x02,0x00,0x00,0x00,0x00,0x00,0x00,0x00,0x80,0x80,0x80,0x80,0xa0,0x70,0x20,0x00,0x00,0x00
  },
  { // 49
    0x00,0x80,0x80,0x88,0xdc,0xe8,0xe0,0xf0,0xf0,0xe0,0xe0,0x70,0xf0,0xf0,0xf0,0xe0,0x80,0x84,0x80,0x00,0x00,0x00,0x00,0x00,0x00,0x00,0x00,0x00,0x00,0x00,0x00,0x00,
    0x00,0x00,0x00,0x00,0x00,0x00,0x00,0x00,0x00,0x00,0x00,0x80,0x84,0xce,0xc4,0x40,0x60,0x60,0x20,0xb0,0xb0,0x90,0xd0,0xd0,0xd8,0x58,0x58,0x48,0x48,0x48,0x48,0x48,
    0x58,0x58,0x58,0x7c,0x58,0x58,0xd8,0xd0,0xd0,0x90,0xb0,0xb0,0x20,0x60,0x60,0x40,0xc0,0xc0,0x80,0x80,0x00,0x00,0x00,0x00,0x00,0x00,0x00,0x00,0x00,0x00,0x00,0x00,
    0x00,0x00,0x00,0x00,0x00,0x00,0x00,0x00,0x00,0x00,0x20,0x70,0x20,0x00,0x80,0xc0,0xc0,0xe0,0xe0,0xc0,0xc0,0x80,0x88,0x80,0x80,0x00,0x00,0x00,0x00,0x00,0x00,0x00,
    0x01,0x01,0x01,0x01,0x01,0x00,0x01,0x01,0x01,0x81,0xc1,0xc1,0xe1,0x61,0xf1,0xf1,0xf1,0xe1,0xc1,0xc0,0xc0,0x00,0xc0,0x00,0x00,0x00,0x00,0x00,0x00,0x00,0x00,0x00,
    0x00,0x00,0x00,0xc0,0x60,0xb0,0xb8,0x9c,0x8e,0xa6,0x73,0x39,0x99,0xcc,0xe6,0x76,0x33,0x9b,0xd9,0xcd,0x6d,0x64,0x36,0x36,0x12,0x1a,0x1a,0x1b,0x0b,0x0b,0x0b,0x0b,
    0x0b,0x0b,0x0b,0x1b,0x1a,0x1a,0x12,0x36,0x36,0x64,0x6d,0xcd,0xd9,0x9b,0x33,0x76,0xe6,0xcc,0x99,0x39,0x73,0x66,0x8e,0x9c,0xb9,0xb0,0xa0,0x40,0x00,0x00,0x00,0x00,
    0x00,0x00,0x20,0x20,0x20,0xf8,0x20,0x20,0x20,0x00,0x00,0x06,0x06,0x06,0x07,0x07,0x05,0x07,0x07,0x87,0xc7,0xc3,0xc7,0x87,0x87,0x07,0x06,0x06,0x06,0x04,0x00,0x00,
    0xa0,0xa0,0xa0,0xa0,0xa0,0x20,0x20,0x20,0x20,0x24,0x20,0x20,0x20,0x20,0x20,0x20,0x20,0x20,0x20,0x21,0x21,0x21,0x27,0x21,0x21,0x21,0x20,0x20,0x20,0x20,0x38,0x3c,
    0x3c,0xbc,0xbe,0xbc,0xbd,0xbd,0xbf,0xbf,0xbf,0x37,0xb7,0xb6,0xbe,0xbe,0xbc,0xbc,0x3b,0xb7,0x31,0x30,0x20,0x20,0x20,0x20,0x20,0x20,0x20,0x20,0x21,0x20,0x20,0x20,
    0x20,0x20,0x20,0x20,0x24,0x2e,0x24,0x20,0x20,0x20,0x20,0x20,0x31,0x37,0xb7,0xb8,0x3c,0xbd,0xbe,0xbe,0xb6,0xb7,0x37,0xbf,0xbf,0xbf,0xbd,0xbd,0xbc,0xbe,0xbc,0x3c,
    0x3c,0xb8,0x20,0x20,0x20,0x20,0x20,0x20,0x20,0x20,0x20,0x20,0x20,0x20,0x20,0x20,0x23,0x23,0x23,0x23,0x21,0x23,0x23,0x23,0x23,0x23,0x23,0x2b,0x20,0x20,0x20,0x20,
    0x00,0x00,0x00,0x00,0x00,0x00,0x02,0x00,0x00,0x00,0x08,0x08,0x08,0x08,0x08,0x08,0x00,0x00,0x00,0x10,0x38,0x10,0x00,0x00,0x00,0x00,0x80,0x80,0x80,0x80,0x02,0x02,
    0x00,0x02,0x02,0x00,0x02,0x02,0x02,0x02,0x0a,0x0a,0x0a,0x02,0x00,0x02,0x0a,0x02,0x28,0x28,0x00,0x22,0x22,0x00,0x0a,0x08,0x00,0x08,0x08,0x08,0x28,0x28,0x28,0x28,
    0x28,0x20,0x28,0x28,0x08,0x08,0x0a,0x08,0x2a,0x02,0x00,0x00,0x20,0x0a,0x2a,0x2a,0x28,0x02,0x02,0x02,0x0a,0x0a,0x0a,0x02,0x02,0x00,0x02,0x02,0x00,0x02,0x02,0x02,
    0x00,0x00,0x00,0x00,0x00,0x00,0x00,0x00,0x08,0x08,0x08,0x08,0x08,0x08,0x02,0x00,0x00,0x00,0x00,0x00,0x00,0x00,0x80,0x80,0x80,0x80,0xa0,0x70,0x20,0x00,0x00,0x00
  },
  { // 50
    0x00,0x80,0x80,0x88,0xdc,0xe8,0xe0,0xf0,0xf0,0xe0,0xf0,0x70,0xf0,0xf0,0xf0,0xe0,0x80,0x84,0x80,0x00,0x00,0x00,0x00,0x00,0x00,0x00,0x00,0x00,0x00,0x00,0x00,0x00,
    0x00,0x00,0x00,0x00,0x00,0x00,0x00,0x00,0x00,0x00,0x00,0x80,0x84,0xce,0xc4,0x40,0x60,0x60,0x20,0xb0,0xb0,0x90,0xd0,0xd0,0xd8,0x58,0x58,0x48,0x48,0x48,0x48,0x48,
    0x58,0x58,0x58,0x7c,0x58,0x58,0xd8,0xd0,0xd0,0x90,0xb0,0xb0,0x20,0x60,0x60,0x40,0xc0,0xc0,0x80,0x80,0x00,0x00,0x00,0x00,0x00,0x00,0x00,0x00,0x00,0x00,0x00,0x00,
    0x00,0x00,0x00,0x00,0x00,0x00,0x00,0x00,0x00,0x00,0x20,0x70,0x20,0x00,0x80,0xc0,0xc0,0xe0,0xe0,0xc0,0xc0,0x80,0x88,0x80,0x80,0x80,0x00,0x00,0x00,0x00,0x00,0x00,
    0x01,0x01,0x01,0x01,0x01,0x00,0x01,0x01,0x01,0x81,0xc1,0xc1,0xe1,0x61,0xf1,0xf1,0xf1,0xe1,0xc1,0xc0,0xc0,0x00,0x00,0x00,0x00,0x00,0x00,0x00,0x00,0x00,0x00,0x00,
    0x00,0x00,0x00,0xc0,0x60,0xb0,0xb8,0x9c,0x8e,0xa6,0x73,0x39,0x99,0xcc,0xe6,0x76,0x33,0x9b,0xd9,0xcd,0x6d,0x64,0x36,0x36,0x12,0x1a,0x1a,0x1b,0x0b,0x0b,0x0b,0x0b,
    0x0b,0x0b,0x0b,0x1b,0x1a,0x1a,0x12,0x36,0x36,0x64,0x6d,0xcd,0xd9,0x9b,0x33,0x76,0xe6,0xcc,0x99,0x39,0x73,0x66,0x8e,0x9c,0xb9,0xb0,0xa0,0x40,0x00,0x00,0x00,0x00,
    0x00,0x00,0x20,0x20,0x20,0xf8,0x20,0x20,0x20,0x00,0x00,0x06,0x06,0x06,0x07,0x07,0x05,0x07,0x07,0x87,0xc7,0xc3,0xc7,0x87,0x87,0x07,0x06,0x06,0x06,0x04,0x00,0x00,
    0xa0,0xa0,0xa0,0xa0,0xa0,0x20,0x20,0x20,0x20,0x24,0x20,0x20,0x20,0x20,0x20,0x20,0x20,0x20,0x20,0x20,0x20,0x20,0x21,0x20,0x20,0x20,0x20,0x20,0x20,0x20,0x38,0x3c,
    0x3c,0xbc,0xbe,0xbc,0xbd,0xbd,0xbf,0xbf,0xbf,0x37,0xb7,0xb6,0xbe,0xbe,0xbc,0xbc,0x3b,0xb7,0x31,0x30,0x20,0x20,0x20,0x20,0x20,0x20,0x20,0x20,0x21,0x20,0x20,0x20,
    0x20,0x20,0x20,0x20,0x24,0x2e,0x24,0x20,0x20,0x20,0x20,0x20,0x31,0x37,0xb7,0xb8,0x3c,0xbd,0xbe,0xbe,0xb6,0xb7,0x37,0xbf,0xbf,0xbf,0xbd,0xbd,0xbc,0xbe,0xbc,0x3c,
    0x3c,0xb8,0x20,0x20,0x20,0x20,0x20,0x20,0x20,0x20,0x20,0x20,0x20,0x20,0x20,0x20,0x23,0x23,0x23,0x23,0x21,0x23,0x23,0x23,0x23,0x23,0x23,0x2b,0x20,0x20,0x20,0x20,
    0x00,0x00,0x00,0x00,0x00,0x00,0x02,0x00,0x00,0x00,0x08,0x08,0x08,0x08,0x08,0x08,0x00,0x00,0x00,0x10,0x38,0x10,0x00,0x00,0x00,0x00,0x80,0x80,0x80,0x80,0x02,0x02,
    0x00,0x02,0x02,0x00,0x02,0x02,0x02,0x02,0x0a,0x0a,0x0a,0x02,0x00,0x02,0x0a,0x02,0x28,0x28,0x00,0x22,0x22,0x00,0x0a,0x08,0x00,0x08,0x08,0x08,0x28,0x28,0x28,0x28,
    0x28,0x20,0x28,0x28,0x08,0x08,0x0a,0x08,0x2a,0x02,0x00,0x00,0x20,0x0a,0x2a,0x2a,0x28,0x02,0x02,0x02,0x0a,0x0a,0x0a,0x02,0x02,0x00,0x02,0x02,0x00,0x02,0x02,0x02,
    0x00,0x00,0x00,0x00,0x00,0x00,0x00,0x00,0x08,0x08,0x08,0x08,0x08,0x08,0x02,0x00,0x00,0x00,0x00,0x00,0x00,0x00,0x80,0x80,0x80,0x80,0xa0,0x70,0x20,0x00,0x00,0x00
  },
  { // 51
    0x00,0x80,0x80,0x88,0xdc,0xe8,0xe0,0xf0,0xf0,0xe0,0x70,0xf0,0xf0,0xf0,0xf0,0xe0,0x80,0x84,0x80,0x00,0x00,0x00,0x00,0x00,0x00,0x00,0x00,0x00,0x00,0x00,0x00,0x00,
    0x00,0x00,0x00,0x00,0x00,0x00,0x00,0x00,0x00,0x00,0x00,0x80,0x84,0xce,0xc4,0x40,0x60,0x60,0x20,0xb0,0xb0,0x90,0xd0,0xd0,0xd8,0x58,0x58,0x48,0x48,0x48,0x48,0x48,
    0x48,0x58,0x58,0x58,0x7c,0x58,0xd8,0xd0,0xd0,0x90,0xb0,0xb0,0x20,0x60,0x60,0x40,0xc8,0xc0,0x80,0x80,0x00,0x00,0x00,0x00,0x00,0x00,0x00,0x00,0x00,0x00,0x00,0x00,
    0x00,0x00,0x00,0x00,0x00,0x00,0x00,0x00,0x00,0x00,0x20,0x70,0x20,0x00,0x00,0xc0,0xc0,0xe0,0xe0,0xc0,0xc0,0x80,0x88,0x80,0x80,0x80,0x00,0x00,0x00,0x00,0x00,0x00,
    0x01,0x01,0x01,0x01,0x01,0x00,0x01,0x01,0x01,0x81,0xc1,0xc1,0xc1,0x61,0xf1,0xf1,0xf1,0xe1,0xc1,0xc0,0xc0,0x00,0x00,0x00,0x00,0x00,0x00,0x00,0x00,0x00,0x00,0x00,
    0x00,0x00,0x00,0xc0,0x60,0xb0,0xb8,0x9c,0x8e,0xa6,0x73,0x39,0x99,0xcc,0xe6,0x76,0x33,0x9b,0xd9,0xcd,0x6d,0x64,0x36,0x36,0x12,0x1a,0x1a,0x1b,0x0b,0x0b,0x0b,0x0b,
    0x0b,0x0b,0x0b,0x1b,0x1a,0x1a,0x12,0x36,0x36,0x64,0x6d,0xcd,0xd9,0x9b,0x33,0x76,0xe6,0xcc,0x99,0x39,0x73,0x66,0x8e,0x9c,0xb9,0xb0,0xa0,0x40,0x00,0x00,0x00,0x00,
    0x00,0x00,0x20,0x20,0x20,0xf8,0x20,0x20,0x20,0x00,0x00,0x06,0x06,0x06,0x07,0x07,0x05,0x07,0x07,0x87,0xc7,0xc3,0xc7,0x87,0x07,0x07,0x07,0x06,0x06,0x04,0x00,0x00,
    0xa0,0xa0,0xa0,0xa0,0xa0,0x20,0x20,0x20,0x24,0x2e,0x24,0x20,0x20,0x20,0x20,0x20,0x20,0x20,0x20,0x20,0x20,0x20,0x21,0x20,0x20,0x20,0x20,0x20,0x20,0x20,0x38,0x3c,
    0x3c,0xbc,0xbe,0xbc,0xbd,0xbd,0xbf,0xbf,0xbf,0x37,0xb7,0xb6,0xbe,0xbe,0xbc,0xbc,0x3b,0xb7,0x31,0x30,0x20,0x20,0x20,0x20,0x20,0x20,0x20,0x20,0x21,0x20,0x20,0x20,
    0x20,0x20,0x20,0x20,0x24,0x2e,0x24,0x20,0x20,0x20,0x20,0x20,0x31,0x37,0xb7,0xb8,0x3c,0xbd,0xbe,0xbe,0xb6,0xb7,0x37,0xbf,0xbf,0xbf,0xbd,0xbd,0xbc,0xbe,0xbc,0x3c,
    0x3c,0xb8,0x20,0x20,0x20,0x20,0x20,0x20,0x20,0x20,0x20,0x20,0x20,0x20,0x20,0x20,0x23,0x23,0x23,0x23,0x21,0x23,0x23,0x23,0x23,0x23,0x23,0x2b,0x20,0x20,0x20,0x20,
    0x00,0x00,0x00,0x00,0x00,0x02,0x07,0x02,0x00,0x00,0x00,0x08,0x08,0x08,0x08,0x08,0x08,0x00,0x00,0x10,0x38,0x10,0x00,0x00,0x00,0x00,0x80,0x80,0x80,0x80,0x02,0x02,
    0x00,0x02,0x02,0x00,0x02,0x02,0x02,0x02,0x0a,0x0a,0x0a,0x02,0x00,0x02,0x0a,0x02,0x28,0x28,0x00,0x22,0x22,0x00,0x0a,0x08,0x00,0x08,0x08,0x08,0x28,0x28,0x28,0x28,
    0x28,0x20,0x28,0x28,0x08,0x08,0x0a,0x08,0x2a,0x02,0x00,0x00,0x20,0x0a,0x2a,0x2a,0x28,0x02,0x02,0x02,0x0a,0x0a,0x0a,0x02,0x02,0x00,0x02,0x02,0x00,0x02,0x02,0x02,
    0x00,0x00,0x00,0x00,0x00,0x00,0x00,0x00,0x08,0x08,0x08,0x08,0x08,0x08,0x02,0x00,0x00,0x00,0x00,0x00,0x00,0x80,0x80,0x80,0x80,0x80,0x20,0x70,0x20,0x00,0x00,0x00
  },
  { // 52
    0x80,0x80,0x80,0x88,0xdc,0xe8,0xe0,0xf0,0xe0,0xe0,0x70,0xf0,0xf0,0xf0,0xf0,0xe0,0x80,0x84,0x80,0x00,0x00,0x00,0x00,0x00,0x00,0x00,0x00,0x00,0x00,0x00,0x00,0x00,
    0x00,0x00,0x00,0x00,0x00,0x00,0x00,0x00,0x00,0x00,0x00,0x80,0x84,0xce,0xc4,0x40,0x60,0x60,0x20,0xb0,0xb0,0x90,0xd0,0xd0,0xd8,0x58,0x58,0x48,0x48,0x48,0x48,0x48,
    0x48,0x48,0x58,0x58,0x58,0x7c,0xd8,0xd0,0xd0,0x90,0xb0,0xb0,0x20,0x60,0x60,0x40,0xc8,0xc0,0x80,0x80,0x00,0x00,0x00,0x00,0x00,0x00,0x00,0x00,0x00,0x00,0x00,0x00,
    0x00,0x00,0x00,0x00,0x00,0x00,0x00,0x00,0x00,0x00,0x00,0x20,0x00,0x00,0x00,0xc0,0xc0,0xc0,0xe0,0xc0,0xc0,0x80,0x88,0x80,0x80,0x80,0x00,0x00,0x00,0x00,0x00,0x00,
    0x01,0x01,0x01,0x01,0x01,0x00,0x01,0x01,0x01,0x81,0xc1,0xc1,0xc1,0x61,0xf1,0xf1,0xf1,0xe1,0xc1,0xc0,0xc0,0x00,0x00,0x00,0x00,0x00,0x00,0x00,0x00,0x00,0x00,0x00,
    0x00,0x00,0x00,0xc0,0x60,0xb0,0xb8,0x9c,0x8e,0xa6,0x73,0x39,0x99,0xcc,0xe6,0x76,0x33,0x9b,0xd9,0xcd,0x6d,0x64,0x36,0x36,0x12,0x1a,0x1a,0x1b,0x0b,0x0b,0x0b,0x0b,
    0x0b,0x0b,0x0b,0x1b,0x1a,0x1a,0x12,0x36,0x36,0x64,0x6d,0xcd,0xd9,0x9b,0x33,0x76,0xe6,0xcc,0x99,0x39,0x73,0x66,0x8e,0x9c,0xb9,0xb0,0xa0,0x40,0x00,0x00,0x00,0x00,
    0x00,0x00,0x20,0x20,0x20,0xf8,0x20,0x20,0x20,0x00,0x00,0x06,0x06,0x06,0x07,0x07,0x05,0x07,0x07,0x87,0xc7,0xc3,0xc7,0x87,0x07,0x07,0x07,0x06,0x06,0x06,0x00,0x00,
    0xa0,0xa0,0xa0,0xa0,0xa0,0x20,0x20,0x20,0x24,0x2e,0x24,0x20,0x20,0x20,0x20,0x20,0x20,0x20,0x20,0x20,0x20,0x20,0x21,0x20,0x20,0x20,0x20,0x20,0x20,0x20,0x38,0x3c,
    0x3c,0xbc,0xbe,0xbc,0xbd,0xbd,0xbf,0xbf,0xbf,0x37,0xb7,0xb6,0xbe,0xbe,0xbc,0x3c,0xbb,0xb7,0x31,0x30,0x20,0x20,0x20,0x20,0x20,0x20,0x20,0x20,0x21,0x20,0x20,0x20,
    0x20,0x20,0x20,0x20,0x24,0x2e,0x24,0x20,0x20,0x20,0x20,0x20,0x31,0x37,0xb7,0x38,0xbc,0xbd,0xbe,0xbe,0xb6,0xb7,0x37,0xbf,0xbf,0xbf,0xbd,0xbd,0xbc,0xbe,0xbc,0x3c,
    0xbc,0x38,0x20,0x20,0x20,0x20,0x20,0x20,0x20,0x20,0x20,0x20,0x20,0x20,0x20,0x20,0x23,0x23,0x23,0x23,0x21,0x23,0x23,0x23,0x23,0x23,0x23,0x2b,0x20,0x20,0x20,0x20,
    0x00,0x00,0x00,0x00,0x00,0x02,0x07,0x02,0x00,0x00,0x00,0x08,0x08,0x08,0x08,0x08,0x08,0x00,0x00,0x10,0x38,0x10,0x00,0x00,0x00,0x00,0x80,0x80,0x80,0x80,0x02,0x02,
    0x00,0x02,0x02,0x00,0x02,0x02,0x02,0x02,0x0a,0x0a,0x0a,0x02,0x00,0x02,0x0a,0x02,0x28,0x28,0x00,0x22,0x22,0x00,0x0a,0x08,0x00,0x08,0x08,0x08,0x28,0x28,0x28,0x28,
    0x28,0x20,0x28,0x28,0x08,0x08,0x0a,0x08,0x0a,0x02,0x00,0x00,0x20,0x0a,0x2a,0x2a,0x28,0x02,0x02,0x02,0x0a,0x0a,0x0a,0x02,0x02,0x00,0x02,0x02,0x00,0x02,0x02,0x02,
    0x00,0x00,0x00,0x00,0x00,0x00,0x00,0x00,0x08,0x08,0x08,0x08,0x08,0x08,0x02,0x00,0x00,0x00,0x00,0x00,0x00,0x80,0x80,0x80,0x80,0x80,0x20,0x70,0x20,0x00,0x00,0x00
  },
  { // 53
    0x80,0x80,0x80,0x88,0xfc,0xe8,0xe0,0xf0,0xe0,0xe0,0x70,0xf0,0xf0,0xf0,0xf0,0xe0,0x80,0x84,0x80,0x00,0x00,0x00,0x00,0x00,0x00,0x00,0x00,0x00,0x00,0x00,0x00,0x00,
    0x00,0x00,0x00,0x00,0x00,0x00,0x00,0x00,0x00,0x00,0x00,0x80,0x84,0xce,0xc4,0x40,0x60,0x60,0x20,0xb0,0xb0,0x90,0xd0,0xd0,0xd8,0x58,0x58,0x48,0x48,0x48,0x48,0x48,
    0x48,0x48,0x48,0x58,0x58,0x58,0xfc,0xd0,0xd0,0x90,0xb0,0xb0,0x20,0x60,0x60,0x40,0xc8,0xc0,0x80,0x80,0x00,0x00,0x00,0x00,0x00,0x00,0x00,0x00,0x00,0x00,0x00,0x00,
    0x00,0x00,0x00,0x00,0x00,0x00,0x00,0x00,0x00,0x00,0x00,0x20,0x00,0x00,0x00,0x80,0xc0,0xc0,0xe0,0xc0,0xc0,0xc8,0x9c,0x88,0x80,0x80,0x00,0x00,0x00,0x00,0x00,0x00,
    0x01,0x01,0x01,0x01,0x01,0x00,0x01,0x01,0x01,0x01,0xc1,0xc1,0xc1,0xe1,0x71,0xf1,0xf1,0xe1,0xc1,0xc0,0xc0,0x80,0x00,0x00,0x00,0x00,0x00,0x00,0x00,0x00,0x00,0x00,
    0x00,0x00,0x00,0xc0,0xe0,0x70,0x38,0x1c,0x4e,0x66,0x73,0x39,0x99,0xcc,0xe6,0x76,0x33,0x9b,0xd9,0xcd,0x6d,0x64,0x36,0x36,0x12,0x1a,0x1a,0x1b,0x0b,0x0b,0x0b,0x0b,
    0x0b,0x0b,0x0b,0x1b,0x1a,0x1a,0x12,0x36,0x36,0x64,0x6d,0xcd,0xd9,0x9b,0x33,0x76,0xe6,0xcc,0x19,0x39,0x73,0xa6,0xce,0xdc,0xd9,0xd0,0xc0,0x80,0x00,0x00,0x00,0x00,
    0x00,0x00,0x20,0x20,0x20,0xf8,0x20,0x20,0x20,0x00,0x00,0x06,0x06,0x06,0x06,0x07,0x05,0x07,0x07,0x87,0xc7,0xc3,0xc7,0x87,0x07,0x07,0x07,0x06,0x06,0x06,0x00,0x00,
    0xa0,0xa0,0xa0,0xa0,0xa0,0x20,0x20,0x20,0x24,0x2e,0x24,0x20,0x20,0x20,0x20,0x20,0x20,0x20,0x20,0x20,0x20,0x20,0x21,0x20,0x20,0x20,0x20,0x20,0x20,0x20,0x30,0x38,
    0xb8,0xb8,0xbd,0xb9,0xba,0x3b,0xbf,0xbf,0xbf,0xaf,0xae,0xad,0xbd,0xbd,0x38,0x38,0xb7,0xa7,0x21,0x20,0x20,0x20,0x20,0x20,0x20,0x20,0x20,0x20,0x20,0x20,0x20,0x20,
    0x20,0x20,0x20,0x20,0x24,0x2e,0x24,0x20,0x20,0x20,0x20,0x20,0x39,0xbb,0xbb,0x2c,0xae,0xae,0x3f,0xbf,0xbb,0xbb,0xbb,0xbf,0xbf,0xbf,0xbe,0x3e,0xbe,0xbf,0xbe,0x3e,
    0xbe,0x3c,0x30,0x20,0x20,0x20,0x20,0x20,0x20,0x20,0x20,0x20,0x20,0x20,0x20,0x22,0x23,0x23,0x23,0x21,0x23,0x23,0x23,0x23,0x23,0x23,0x23,0x2b,0x20,0x20,0x20,0x20,
    0x00,0x00,0x00,0x00,0x00,0x02,0x07,0x02,0x00,0x00,0x00,0x08,0x08,0x08,0x08,0x08,0x08,0x00,0x00,0x10,0x38,0x10,0x00,0x00,0x00,0x00,0x80,0x80,0x80,0x80,0x02,0x00,
    0x00,0x02,0x02,0x02,0x02,0x02,0x02,0x02,0x08,0x0a,0x0a,0x02,0x00,0x02,0x0a,0x0a,0x28,0x28,0x20,0x22,0x22,0x02,0x0a,0x08,0x08,0x08,0x08,0x08,0x28,0x20,0x28,0x28,
    0x08,0x28,0x28,0x28,0x28,0x08,0x02,0x0a,0x0a,0x02,0x00,0x00,0x20,0x2a,0x2a,0x22,0x28,0x02,0x02,0x02,0x0a,0x08,0x0a,0x02,0x02,0x02,0x02,0x02,0x00,0x02,0x00,0x02,
    0x00,0x00,0x00,0x00,0x00,0x00,0x00,0x00,0x08,0x08,0x08,0x08,0x08,0x08,0x00,0x00,0x00,0x00,0x00,0x00,0x00,0x80,0x80,0x80,0x80,0x80,0x20,0x70,0x20,0x00,0x00,0x00
  },
  { // 54
    0x80,0x80,0x80,0x88,0xfc,0xe8,0xf0,0xf0,0xe0,0xe0,0x70,0xf0,0xf0,0xf0,0xf0,0xe0,0x80,0x84,0x00,0x00,0x00,0x00,0x00,0x00,0x00,0x00,0x00,0x00,0x00,0x00,0x00,0x00,
    0x00,0x00,0x00,0x00,0x00,0x00,0x00,0x00,0x00,0x00,0x00,0x80,0x84,0xce,0xc4,0x40,0x60,0x60,0x20,0xb0,0xb0,0x90,0xd0,0xd0,0xd8,0x58,0x58,0x48,0x48,0x48,0x48,0x48,
    0x48,0x48,0x48,0x58,0x58,0x58,0xfc,0xd0,0xd0,0x90,0xb0,0xb0,0x20,0x60,0x60,0x40,0xc8,0xc0,0x80,0x80,0x00,0x00,0x00,0x00,0x00,0x00,0x00,0x00,0x00,0x00,0x00,0x00,
    0x00,0x00,0x00,0x00,0x00,0x00,0x00,0x00,0x00,0x00,0x00,0x20,0x00,0x00,0x00,0x80,0xc0,0xc0,0xe0,0xe0,0xc0,0xc8,0x9c,0x88,0x80,0x80,0x00,0x00,0x00,0x00,0x00,0x00,
    0x01,0x01,0x01,0x01,0x01,0x00,0x01,0x01,0x01,0x01,0xc1,0xc1,0xc1,0xe1,0x71,0xf1,0xf1,0xe1,0xc1,0xc0,0xc0,0x80,0x00,0x00,0x00,0x00,0x00,0x00,0x00,0x00,0x00,0x00,
    0x00,0x00,0x00,0xc0,0xe0,0x70,0x38,0x1c,0x4e,0x66,0x73,0x39,0x99,0xcc,0xe6,0x76,0x33,0x9b,0xd9,0xcd,0x6d,0x64,0x36,0x36,0x12,0x1a,0x1a,0x1b,0x0b,0x0b,0x0b,0x0b,
    0x0b,0x0b,0x0b,0x1b,0x1a,0x1a,0x12,0x36,0x36,0x64,0x6d,0xcd,0xd9,0x9b,0x33,0x76,0xe6,0xcc,0x19,0x39,0x73,0xa6,0xce,0xdc,0xd9,0xd0,0xc0,0x80,0x00,0x00,0x00,0x00,
    0x00,0x00,0x00,0x00,0x00,0x20,0x00,0x00,0x00,0x00,0x00,0x04,0x06,0x06,0x06,0x07,0x05,0x07,0x07,0x87,0xc7,0xc3,0xc7,0x87,0x07,0x07,0x07,0x06,0x06,0x06,0x00,0x00,
    0xa0,0xa0,0xa0,0xa0,0xa0,0x20,0x20,0x20,0x24,0x2e,0x24,0x20,0x20,0x20,0x20,0x20,0x20,0x20,0x20,0x20,0x20,0x20,0x21,0x20,0x20,0x20,0x20,0x20,0x20,0x20,0x30,0x38,
    0xb8,0xb8,0xbd,0xb9,0xba,0x3b,0xbf,0xbf,0xbf,0xaf,0xae,0xad,0xbd,0xbd,0x38,0x38,0xb7,0xa7,0x21,0x20,0x20,0x20,0x20,0x20,0x20,0x20,0x20,0x20,0x20,0x20,0x20,0x20,
    0x20,0x20,0x20,0x20,0x24,0x2e,0x24,0x20,0x20,0x20,0x20,0x20,0x39,0xbb,0xbb,0x2c,0xae,0xae,0x3f,0xbf,0xbb,0xbb,0xbb,0xbf,0xbf,0xbf,0xbe,0x3e,0xbe,0xbf,0xbe,0x3e,
    0xbe,0x3c,0x30,0x20,0x20,0x20,0x20,0x20,0x20,0x20,0x20,0x20,0x20,0x20,0x20,0x22,0x23,0x23,0x23,0x21,0x23,0x23,0x23,0x23,0x23,0x23,0x23,0x2a,0x20,0x20,0x20,0x20,
    0x00,0x00,0x00,0x00,0x00,0x02,0x07,0x02,0x00,0x00,0x00,0x08,0x08,0x08,0x08,0x08,0x08,0x00,0x00,0x10,0x38,0x10,0x00,0x00,0x00,0x00,0x00,0x80,0x80,0x80,0x82,0x00,
    0x00,0x02,0x02,0x02,0x02,0x02,0x02,0x02,0x00,0x0a,0x0a,0x02,0x00,0x02,0x02,0x0a,0x28,0x28,0x28,0x22,0x22,0x02,0x02,0x08,0x08,0x08,0x08,0x08,0x28,0x20,0x28,0x28,
    0x08,0x28,0x28,0x28,0x28,0x08,0x02,0x0a,0x0a,0x0a,0x00,0x00,0x20,0x22,0x2a,0x22,0x28,0x0a,0x02,0x02,0x02,0x08,0x0a,0x0a,0x02,0x02,0x02,0x02,0x00,0x02,0x00,0x02,
    0x00,0x00,0x00,0x00,0x00,0x00,0x00,0x00,0x08,0x08,0x08,0x08,0x08,0x08,0x00,0x00,0x00,0x00,0x00,0x00,0x00,0x80,0x80,0x80,0x80,0x80,0x20,0x70,0x20,0x00,0x00,0x00
  },
  { // 55
    0x80,0x80,0x80,0xc8,0xfc,0xe8,0xf0,0xf0,0xe0,0xe0,0x70,0xf0,0xf0,0xf0,0xf0,0xc0,0x84,0x8e,0x04,0x00,0x00,0x00,0x00,0x00,0x00,0x00,0x00,0x00,0x00,0x00,0x00,0x00,
    0x00,0x00,0x00,0x00,0x00,0x00,0x00,0x00,0x00,0x00,0x00,0x80,0x84,0xce,0xc4,0x40,0x60,0x60,0x20,0xb0,0xb0,0x90,0xd0,0xd0,0xd8,0x58,0x58,0x48,0x48,0x48,0x48,0x48,
    0x48,0x48,0x48,0x48,0x58,0x58,0xd8,0xfc,0xd0,0x90,0xb0,0xb0,0x20,0x60,0x60,0x40,0xc8,0xc0,0x80,0x80,0x00,0x00,0x00,0x00,0x00,0x00,0x00,0x00,0x00,0x00,0x00,0x00,
    0x00,0x00,0x00,0x00,0x00,0x00,0x00,0x00,0x00,0x00,0x00,0x20,0x00,0x00,0x00,0x80,0xc0,0xc0,0xe0,0xe0,0xc0,0xc8,0x9c,0x88,0x80,0x80,0x00,0x00,0x00,0x00,0x00,0x00,
    0x01,0x01,0x01,0x01,0x01,0x00,0x01,0x01,0x01,0x01,0xc1,0xc1,0xc1,0xe1,0x71,0xf1,0xf1,0xe1,0xc1,0xc0,0xc0,0x80,0x00,0x00,0x00,0x00,0x00,0x00,0x00,0x00,0x00,0x00,
    0x00,0x00,0x00,0xc0,0xe0,0x70,0x38,0x1c,0x4e,0x66,0x73,0x39,0x99,0xcc,0xe6,0x76,0x33,0x9b,0xd9,0xcd,0x6d,0x64,0x36,0x36,0x12,0x1a,0x1a,0x1b,0x0b,0x0b,0x0b,0x0b,
    0x0b,0x0b,0x0b,0x1b,0x1a,0x1a,0x12,0x36,0x36,0x64,0x6d,0xcd,0xd9,0x9b,0x33,0x76,0xe6,0xcc,0x19,0x39,0x73,0xa6,0xce,0xdc,0xd9,0xd0,0xc0,0x80,0x00,0x00,0x00,0x00,
    0x00,0x00,0x00,0x00,0x00,0x20,0x00,0x00,0x00,0x00,0x00,0x04,0x06,0x06,0x06,0x07,0x05,0x07,0x07,0x87,0xc7,0xc7,0xc3,0x87,0x07,0x07,0x07,0x06,0x06,0x06,0x00,0x00,
    0xa0,0xa0,0xa0,0xa0,0xa0,0x20,0x20,0x20,0x24,0x2e,0x24,0x20,0x20,0x20,0x20,0x20,0x20,0x20,0x20,0x20,0x20,0x20,0x21,0x20,0x20,0x20,0x20,0x20,0x20,0x20,0x30,0x38,
    0xb8,0xb8,0xbd,0xb9,0xba,0x3b,0xbf,0xbf,0xbf,0xaf,0xae,0xad,0xbd,0xbd,0x38,0x38,0xb7,0xa7,0x21,0x20,0x20,0x20,0x20,0x20,0x20,0x20,0x20,0x20,0x20,0x20,0x20,0x20,
    0x20,0x20,0x20,0x20,0x24,0x2e,0x24,0x20,0x20,0x20,0x20,0x20,0x39,0xbb,0xbb,0x2c,0xae,0xae,0x3f,0xbf,0xbb,0xbb,0xbb,0xbf,0xbf,0xbf,0xbe,0x3e,0xbe,0xbf,0xbe,0x3e,
    0xbe,0x3c,0x30,0x20,0x20,0x20,0x20,0x20,0x20,0x20,0x20,0x20,0x20,0x20,0x20,0x22,0x23,0x23,0x23,0x21,0x23,0x23,0x23,0x23,0x23,0x23,0x23,0x22,0x20,0x20,0x20,0x20,
    0x00,0x00,0x00,0x00,0x00,0x02,0x07,0x02,0x00,0x00,0x00,0x08,0x08,0x08,0x08,0x08,0x08,0x00,0x00,0x10,0x38,0x10,0x00,0x00,0x00,0x00,0x00,0x80,0x80,0x80,0x82,0x00,
    0x00,0x02,0x02,0x02,0x02,0x02,0x02,0x02,0x00,0x0a,0x0a,0x02,0x00,0x02,0x02,0x0a,0x28,0x28,0x28,0x22,0x22,0x02,0x02,0x08,0x08,0x08,0x08,0x08,0x28,0x20,0x28,0x28,
    0x08,0x28,0x28,0x28,0x28,0x08,0x02,0x0a,0x0a,0x0a,0x00,0x00,0x20,0x22,0x2a,0x22,0x28,0x0a,0x02,0x02,0x02,0x08,0x0a,0x0a,0x02,0x02,0x02,0x02,0x00,0x02,0x00,0x02,
    0x00,0x00,0x00,0x00,0x00,0x00,0x00,0x00,0x08,0x08,0x08,0x08,0x08,0x08,0x00,0x00,0x00,0x00,0x00,0x00,0x00,0x80,0x80,0x80,0x80,0x80,0x20,0x70,0x20,0x00,0x00,0x00
  },
  { // 56
    0x80,0x80,0x80,0xc8,0xfc,0xe8,0xf0,0xf0,0xe0,0xe0,0x70,0xf0,0xf0,0xf0,0xe0,0xc0,0x84,0x8e,0x04,0x00,0x00,0x00,0x00,0x00,0x00,0x00,0x00,0x00,0x00,0x00,0x00,0x00,
    0x00,0x00,0x00,0x00,0x00,0x00,0x00,0x00,0x00,0x00,0x00,0x80,0x84,0xce,0xc4,0x40,0x60,0x60,0x20,0xb0,0xb0,0x90,0xd0,0xd0,0xd8,0x58,0x58,0x48,0x48,0x48,0x48,0x48,
    0x48,0x48,0x48,0x48,0x58,0x58,0xd8,0xd0,0xfc,0x90,0xb0,0xb0,0x20,0x60,0x60,0x48,0xdc,0xc8,0x80,0x80,0x00,0x00,0x00,0x00,0x00,0x00,0x00,0x00,0x00,0x00,0x00,0x00,
    0x00,0x00,0x00,0x00,0x00,0x00,0x00,0x00,0x00,0x00,0x00,0x20,0x00,0x00,0x00,0x80,0xc0,0xc0,0xe0,0xe0,0xc0,0xc8,0x9c,0x88,0x80,0x80,0x00,0x00,0x00,0x00,0x00,0x00,
    0x01,0x01,0x01,0x01,0x01,0x00,0x01,0x01,0x01,0x01,0xc1,0xc1,0xc1,0xe1,0x71,0xf1,0xf1,0xe1,0xe1,0xc0,0xc0,0x80,0x00,0x00,0x00,0x00,0x00,0x00,0x00,0x00,0x00,0x00,
    0x00,0x00,0x00,0xc0,0xe0,0x70,0x38,0x1c,0x4e,0x66,0x73,0x39,0x99,0xcc,0xe6,0x76,0x33,0x9b,0xd9,0xcd,0x6d,0x64,0x36,0x3e,0x12,0x1a,0x1a,0x1b,0x0b,0x0b,0x0b,0x0b,
    0x0b,0x0b,0x0b,0x1b,0x1a,0x1a,0x12,0x36,0x36,0x64,0x6d,0xcd,0xd9,0x9b,0x33,0x76,0xe6,0xcc,0x19,0x39,0x73,0xa6,0xce,0xdc,0xd9,0xd0,0xc0,0x80,0x00,0x00,0x00,0x00,
    0x00,0x00,0x00,0x00,0x00,0x20,0x00,0x00,0x00,0x00,0x00,0x04,0x06,0x06,0x06,0x07,0x05,0x07,0x87,0x87,0xc7,0xc7,0xc3,0x87,0x07,0x07,0x07,0x06,0x06,0x07,0x00,0x00,
    0xa0,0xa0,0xa0,0xa0,0xa0,0x20,0x20,0x20,0x24,0x2e,0x24,0x20,0x20,0x20,0x20,0x20,0x20,0x20,0x20,0x20,0x20,0x20,0x21,0x20,0x20,0x20,0x20,0x20,0x20,0x20,0x30,0x38,
    0xb8,0xb8,0xbd,0xb9,0xba,0x3b,0xbf,0xbf,0xbf,0xaf,0xae,0xad,0xbd,0xbd,0x38,0x38,0xb7,0xa7,0x21,0x20,0x20,0x20,0x20,0x20,0x20,0x20,0x20,0x20,0x20,0x20,0x20,0x20,
    0x20,0x20,0x20,0x20,0x24,0x2e,0x24,0x20,0x20,0x20,0x20,0x20,0x39,0xbb,0xbb,0x2c,0xae,0xae,0x3f,0xbf,0xbb,0xbb,0xbb,0xbf,0xbf,0xbf,0xbe,0x3e,0xbe,0xbf,0xbe,0x3e,
    0xbe,0x3c,0x30,0x20,0x20,0x20,0x20,0x20,0x20,0x20,0x20,0x20,0x20,0x20,0x20,0x22,0x23,0x23,0x23,0x21,0x23,0x23,0x23,0x23,0x23,0x23,0x23,0x22,0x20,0x20,0x20,0x20,
    0x00,0x00,0x00,0x00,0x00,0x02,0x07,0x02,0x00,0x00,0x00,0x08,0x08,0x08,0x08,0x08,0x08,0x00,0x00,0x10,0x38,0x10,0x00,0x00,0x00,0x00,0x00,0x80,0x80,0x80,0x82,0x00,
    0x00,0x02,0x02,0x02,0x02,0x02,0x02,0x02,0x00,0x0a,0x0a,0x02,0x00,0x02,0x02,0x0a,0x28,0x28,0x28,0x22,0x22,0x02,0x02,0x08,0x08,0x08,0x0c,0x08,0x28,0x20,0x28,0x28,
    0x08,0x28,0x28,0x28,0x28,0x08,0x02,0x0a,0x0a,0x0a,0x00,0x00,0x20,0x22,0x2a,0x22,0x28,0x0a,0x02,0x02,0x02,0x08,0x0a,0x0a,0x02,0x02,0x02,0x02,0x00,0x02,0x00,0x02,
    0x00,0x00,0x00,0x00,0x00,0x00,0x00,0x00,0x08,0x08,0x08,0x08,0x08,0x08,0x00,0x00,0x00,0x00,0x00,0x00,0x00,0x80,0x80,0x80,0x80,0x80,0x20,0x70,0x20,0x00,0x00,0x00
  },
  { // 57
    0x80,0x80,0x80,0xc8,0xfc,0xe8,0xf0,0xf0,0xe0,0xe0,0x70,0xf0,0xf0,0xf0,0xe0,0xc0,0x84,0x8e,0x04,0x00,0x00,0x00,0x00,0x00,0x00,0x00,0x00,0x00,0x00,0x00,0x00,0x00,
    0x00,0x00,0x00,0x00,0x00,0x00,0x00,0x00,0x00,0x00,0x00,0x80,0x84,0xce,0xc4,0x40,0x60,0x60,0x20,0xb0,0xb0,0x90,0xd0,0xd0,0xd8,0x58,0x58,0x48,0x48,0x48,0x48,0x48,
    0x48,0x48,0x48,0x48,0x58,0x58,0xd8,0xd0,0xd0,0xfc,0xb0,0xb0,0x30,0x60,0x60,0x48,0xdc,0xc8,0x80,0x80,0x00,0x00,0x00,0x00,0x00,0x00,0x00,0x00,0x00,0x00,0x00,0x00,
    0x00,0x00,0x00,0x00,0x00,0x00,0x00,0x00,0x00,0x00,0x00,0x00,0x00,0x00,0x00,0x80,0xc0,0xc0,0xe0,0xe0,0xc0,0xc8,0x9c,0x88,0x80,0x80,0x00,0x00,0x00,0x00,0x00,0x00,
    0x01,0x01,0x01,0x01,0x01,0x00,0x01,0x01,0x01,0x01,0xc1,0xc1,0xc1,0xe1,0x71,0xf1,0xf1,0xe1,0xe1,0xc0,0xc0,0xc0,0x00,0x00,0x00,0x00,0x00,0x00,0x00,0x00,0x00,0x00,
    0x00,0x00,0x00,0xc0,0xe0,0x70,0x38,0x1c,0x4e,0x66,0x73,0x39,0x99,0xcc,0xe6,0x76,0x33,0x9b,0xd9,0xcd,0x6d,0x64,0x36,0x3e,0x12,0x1a,0x1a,0x1b,0x0b,0x0b,0x0b,0x0b,
    0x0b,0x0b,0x0b,0x1b,0x1a,0x1a,0x12,0x36,0x36,0x64,0x6d,0xcd,0xd9,0x9b,0x33,0x76,0xe6,0xcc,0x19,0x39,0x73,0xa6,0xce,0xdc,0xd9,0xd0,0xc0,0x80,0x00,0x00,0x00,0x00,
    0x00,0x00,0x00,0x00,0x00,0x20,0x00,0x00,0x00,0x00,0x00,0x04,0x06,0x06,0x06,0x07,0x05,0x07,0x87,0x87,0xc7,0xc7,0xc3,0x87,0x07,0x07,0x07,0x06,0x06,0x07,0x00,0x00,
    0xa0,0xa0,0xa0,0xa0,0xa0,0x20,0x20,0x20,0x24,0x2e,0x24,0x20,0x20,0x20,0x20,0x20,0x20,0x20,0x20,0x20,0x20,0x20,0x21,0x20,0x20,0x20,0x20,0x20,0x20,0x20,0x30,0xb8,
    0xb8,0x38,0xbd,0xb9,0xba,0xbb,0xbf,0xbf,0xbf,0xaf,0x2e,0xad,0xbd,0xbd,0x38,0xb8,0xb7,0x27,0x21,0x20,0x20,0x20,0x20,0x20,0x20,0x20,0x20,0x20,0x20,0x20,0x20,0x20,
    0x20,0x20,0x20,0x20,0x24,0x2e,0x24,0x20,0x20,0x20,0x20,0x20,0xb9,0xbb,0x3b,0xac,0xae,0xae,0xbf,0xbf,0xbb,0xbb,0xbb,0x3f,0xbf,0xbf,0xbe,0xbe,0xbe,0xbf,0x3e,0xbe,
    0x3e,0x3c,0x30,0x20,0x20,0x20,0x20,0x20,0x20,0x20,0x20,0x20,0x20,0x20,0x20,0x23,0x23,0x23,0x23,0x21,0x23,0x23,0x23,0x23,0x23,0x23,0x23,0x22,0x20,0x20,0x20,0x20,
    0x00,0x00,0x00,0x00,0x00,0x02,0x07,0x02,0x00,0x00,0x00,0x08,0x08,0x08,0x08,0x08,0x08,0x00,0x00,0x10,0x38,0x10,0x00,0x00,0x00,0x00,0x00,0x80,0x80,0x80,0x82,0x02,
    0x00,0x02,0x02,0x02,0x00,0x02,0x02,0x02,0x02,0x0a,0x0a,0x0a,0x00,0x00,0x02,0x0a,0x20,0x28,0x28,0x02,0x22,0x02,0x00,0x08,0x08,0x00,0x0c,0x08,0x08,0x28,0x28,0x28,
    0x28,0x28,0x20,0x28,0x28,0x08,0x0a,0x0a,0x08,0x0a,0x00,0x00,0x20,0x22,0x0a,0x2a,0x28,0x08,0x02,0x02,0x02,0x0a,0x0a,0x0a,0x02,0x02,0x00,0x02,0x00,0x02,0x02,0x02,
    0x00,0x00,0x00,0x00,0x00,0x00,0x00,0x00,0x08,0x08,0x08,0x08,0x08,0x08,0x00,0x00,0x00,0x00,0x00,0x00,0x00,0x80,0x80,0x80,0x80,0x80,0x20,0x70,0x20,0x00,0x00,0x00
  },
  { // 58
    0x80,0x80,0x80,0xc8,0xfc,0xe8,0xf0,0xf0,0xe0,0xe0,0x70,0xf0,0xf0,0xf0,0xe0,0x80,0x84,0x8e,0x04,0x00,0x00,0x00,0x00,0x00,0x00,0x00,0x00,0x10,0x00,0x00,0x00,0x00,
    0x00,0x00,0x00,0x00,0x00,0x00,0x00,0x00,0x00,0x00,0x00,0x80,0x84,0xce,0xc4,0x40,0x60,0x60,0x20,0xb0,0xb0,0x90,0xd0,0xd0,0xd8,0x58,0x58,0x48,0x48,0x48,0x48,0x48,
    0x48,0x48,0x48,0x48,0x58,0x58,0xf8,0xf0,0xf0,0xf8,0xb0,0xb0,0x20,0x60,0x60,0x48,0xdc,0xc8,0x80,0x80,0x00,0x00,0x00,0x00,0x00,0x00,0x00,0x00,0x00,0x00,0x00,0x00,
    0x00,0x00,0x00,0x00,0x00,0x00,0x00,0x00,0x00,0x00,0x00,0x00,0x00,0x00,0x00,0x80,0xc0,0xc0,0xe0,0xe0,0xc0,0xc8,0x9c,0x88,0x80,0x80,0x00,0x00,0x00,0x00,0x00,0x00,
    0x01,0x01,0x01,0x01,0x00,0x01,0x01,0x01,0x01,0x01,0x81,0xc1,0xc1,0xe1,0x61,0xf1,0xf1,0xf1,0xe0,0xc0,0xc0,0xc0,0x00,0x00,0x00,0x00,0x00,0x00,0x00,0x00,0x00,0x00,
    0x00,0x00,0x00,0xc0,0xe0,0x70,0x38,0x1c,0x4e,0x66,0x73,0x39,0x99,0xcc,0xe6,0x76,0x33,0x9b,0xd9,0xcd,0x6d,0x64,0x36,0x3e,0x12,0x1a,0x1a,0x1b,0x0b,0x0b,0x0b,0x0b,
    0x0b,0x0b,0x0b,0x1b,0x1a,0x1a,0x12,0x36,0x36,0x64,0x6d,0xcd,0xd9,0x9b,0x33,0x76,0xe6,0xcc,0x19,0x39,0x73,0xa6,0xce,0xdc,0xd9,0xd0,0xc0,0x80,0x00,0x00,0x00,0x00,
    0x00,0x00,0x00,0x00,0x00,0x20,0x00,0x00,0x00,0x00,0x00,0x00,0x06,0x06,0x06,0x07,0x07,0x05,0x87,0xc7,0xc7,0xc7,0x83,0x87,0x07,0x07,0x07,0x06,0x06,0x07,0x04,0x00,
    0xa0,0xa0,0xa0,0xa0,0x20,0x20,0x20,0x20,0x24,0x2e,0x24,0x20,0x20,0x20,0x20,0x20,0x20,0x20,0x20,0x20,0x20,0x20,0x20,0x20,0x20,0x20,0x20,0x20,0x20,0x20,0x30,0xb8,
    0xb8,0x38,0xbd,0xb9,0xba,0xbb,0xbf,0xbf,0xbf,0xaf,0x2e,0xad,0xbd,0xbd,0x38,0xb8,0xb7,0x27,0x21,0x20,0x20,0x20,0x20,0x20,0x20,0x20,0x20,0x20,0x20,0x20,0x20,0x20,
    0x20,0x20,0x20,0x20,0x20,0x24,0x20,0x20,0x20,0x20,0x20,0x20,0xb9,0xbb,0x3b,0xac,0xae,0xae,0xbf,0xbf,0xbb,0xbb,0xbb,0x3f,0xbf,0xbf,0xbe,0xbe,0xbe,0xbf,0x3e,0xbe,
    0x3e,0x3c,0x30,0x20,0x20,0x20,0x20,0x20,0x20,0x20,0x20,0x20,0x20,0x20,0x20,0x23,0x23,0x23,0x23,0x21,0x23,0x23,0x23,0x23,0x23,0x23,0x23,0x20,0x20,0x20,0x20,0x20,
    0x00,0x00,0x00,0x00,0x00,0x02,0x07,0x02,0x00,0x00,0x00,0x08,0x08,0x08,0x08,0x08,0x08,0x00,0x00,0x10,0x38,0x10,0x00,0x00,0x00,0x00,0x00,0x80,0x80,0x80,0x82,0x02,
    0x00,0x02,0x02,0x02,0x00,0x02,0x02,0x02,0x02,0x0a,0x0a,0x0a,0x00,0x00,0x02,0x0a,0x20,0x28,0x28,0x02,0x22,0x02,0x00,0x08,0x08,0x00,0x0c,0x08,0x08,0x28,0x28,0x28,
    0x28,0x28,0x20,0x28,0x28,0x08,0x0a,0x0a,0x08,0x0a,0x00,0x00,0x20,0x22,0x0a,0x2a,0x28,0x08,0x02,0x02,0x02,0x0a,0x0a,0x0a,0x02,0x02,0x00,0x02,0x00,0x02,0x02,0x02,
    0x00,0x00,0x00,0x00,0x00,0x00,0x00,0x00,0x08,0x08,0x08,0x08,0x08,0x08,0x00,0x00,0x00,0x00,0x00,0x00,0x00,0x80,0x80,0x80,0x80,0x80,0x00,0x20,0x00,0x00,0x00,0x00
  },
  { // 59
    0x80,0x80,0x80,0xc0,0xe8,0xe0,0xf0,0xf0,0xe0,0xf0,0x70,0xf0,0xf0,0xf0,0xe0,0x80,0x84,0x8e,0x04,0x00,0x00,0x00,0x00,0x00,0x00,0x00,0x00,0x10,0x00,0x00,0x00,0x00,
    0x00,0x00,0x00,0x00,0x00,0x00,0x00,0x00,0x00,0x00,0x00,0x80,0x84,0xce,0xc4,0x40,0x60,0x60,0x20,0xb0,0xb0,0x90,0xd0,0xd0,0xd8,0x58,0x58,0x48,0x48,0x48,0x48,0x48,
    0x48,0x48,0x48,0x48,0x58,0x58,0xd8,0xf0,0xf0,0xb0,0xf8,0xb0,0x20,0x60,0x60,0x48,0xdc,0xc8,0x80,0x80,0x00,0x00,0x00,0x00,0x00,0x00,0x00,0x00,0x00,0x00,0x00,0x00,
    0x00,0x00,0x00,0x00,0x00,0x00,0x00,0x00,0x00,0x00,0x00,0x00,0x00,0x00,0x00,0x80,0xc0,0xc0,0xe0,0xe0,0xc0,0xc8,0x9c,0x88,0x80,0x80,0x80,0x00,0x00,0x00,0x00,0x00,
    0x01,0x01,0x01,0x01,0x00,0x01,0x01,0x01,0x01,0x01,0x81,0xc1,0xc1,0xe1,0x61,0xf1,0xf1,0xf1,0xe0,0xc0,0xc0,0xc0,0x00,0x00,0x00,0x00,0x00,0x00,0x00,0x00,0x00,0x00,
    0x00,0x00,0x00,0xc0,0xe0,0x70,0x38,0x1c,0x4e,0x66,0x73,0x39,0x99,0xcc,0xe6,0x76,0x33,0x9b,0xd9,0xcd,0x6d,0x64,0x36,0x3e,0x12,0x1a,0x1a,0x1b,0x0b,0x0b,0x0b,0x0b,
    0x0b,0x0b,0x0b,0x1b,0x1a,0x1a,0x12,0x36,0x36,0x64,0x6d,0xcd,0xd9,0x9b,0x33,0x76,0xe6,0xcc,0x19,0x39,0x73,0xa6,0xce,0xdc,0xd9,0xd0,0xc0,0x80,0x00,0x00,0x00,0x00,
    0x00,0x00,0x00,0x00,0x00,0x20,0x00,0x00,0x00,0x00,0x00,0x00,0x06,0x06,0x06,0x07,0x07,0x05,0x87,0xc7,0xc7,0xc7,0x83,0x87,0x07,0x07,0x07,0x06,0x06,0x07,0x04,0x00,
    0xa0,0xa0,0xa0,0xa0,0x20,0x20,0x20,0x20,0x20,0x24,0x20,0x20,0x20,0x20,0x20,0x20,0x20,0x20,0x20,0x20,0x20,0x20,0x20,0x20,0x20,0x20,0x20,0x20,0x20,0x20,0x30,0xb8,
    0xb8,0x38,0xbd,0xb9,0xba,0xbb,0xbf,0xbf,0xbf,0xaf,0x2e,0xad,0xbd,0xbd,0x38,0xb8,0xb7,0x27,0x21,0x20,0x20,0x20,0x20,0x20,0x20,0x20,0x20,0x20,0x20,0x20,0x20,0x20,
    0x20,0x20,0x20,0x20,0x20,0x24,0x20,0x20,0x20,0x20,0x20,0x20,0xb9,0xbb,0x3b,0xac,0xae,0xae,0xbf,0xbf,0xbb,0xbb,0xbb,0x3f,0xbf,0xbf,0xbe,0xbe,0xbe,0xbf,0x3e,0xbe,
    0x3e,0x3c,0x30,0x20,0x20,0x20,0x20,0x20,0x20,0x20,0x20,0x20,0x20,0x20,0x20,0x23,0x23,0x23,0x23,0x21,0x23,0x23,0x23,0x23,0x23,0x23,0x23,0x20,0x20,0x20,0x20,0x20,
    0x00,0x00,0x00,0x00,0x00,0x00,0x02,0x00,0x00,0x00,0x00,0x08,0x08,0x08,0x08,0x08,0x08,0x00,0x00,0x10,0x38,0x10,0x00,0x00,0x00,0x00,0x00,0x80,0x80,0x80,0x82,0x02,
    0x00,0x02,0x02,0x02,0x00,0x02,0x02,0x02,0x02,0x0a,0x0a,0x0a,0x00,0x00,0x02,0x2a,0x20,0x28,0x28,0x02,0x02,0x02,0x00,0x08,0x08,0x00,0x0c,0x28,0x08,0x28,0x28,0x28,
    0x28,0x28,0x20,0x28,0x08,0x08,0x0a,0x0a,0x08,0x0a,0x00,0x20,0x20,0x22,0x0a,0x2a,0x08,0x08,0x02,0x02,0x02,0x0a,0x0a,0x0a,0x02,0x02,0x00,0x02,0x00,0x02,0x02,0x02,
    0x00,0x00,0x00,0x00,0x00,0x00,0x00,0x00,0x08,0x08,0x08,0x08,0x08,0x08,0x00,0x00,0x00,0x00,0x00,0x00,0x00,0x80,0x80,0x80,0x80,0x80,0x00,0x20,0x00,0x00,0x00,0x00
  },
  { // 60
    0x80,0x80,0x80,0xc0,0xe8,0xe0,0xf0,0xf0,0xe0,0xf0,0x70,0xf0,0xf0,0xf0,0xe0,0x80,0x84,0x8e,0x04,0x00,0x00,0x00,0x00,0x00,0x00,0x00,0x00,0x10,0x00,0x00,0x00,0x00,
    0x00,0x00,0x00,0x00,0x00,0x00,0x00,0x00,0x00,0x00,0x00,0x80,0x84,0xce,0xc4,0x40,0x60,0x60,0x20,0xb0,0xb0,0x90,0xd0,0xd0,0xd8,0x58,0x58,0x48,0x48,0x48,0x48,0x48,
    0x48,0x48,0x48,0x48,0x58,0x58,0xd8,0xd0,0xf0,0xb0,0xb0,0xf8,0x20,0x60,0x60,0x48,0xdc,0xc8,0x80,0x80,0x00,0x00,0x00,0x00,0x00,0x00,0x00,0x00,0x00,0x00,0x00,0x00,
    0x00,0x00,0x00,0x00,0x00,0x00,0x00,0x00,0x00,0x00,0x00,0x00,0x00,0x00,0x00,0x80,0xc0,0xc0,0xe0,0xe0,0xc0,0xc8,0x9c,0x88,0x80,0x80,0x80,0x00,0x00,0x00,0x00,0x00,
    0x01,0x01,0x01,0x01,0x00,0x01,0x01,0x01,0x01,0x01,0x81,0xc1,0xc1,0xc1,0x61,0xf1,0xf1,0xf1,0xe0,0xc0,0xc0,0xc0,0x00,0x00,0x00,0x00,0x00,0x00,0x00,0x00,0x00,0x00,
    0x00,0x00,0x00,0xc0,0xe0,0x70,0x38,0x1c,0x4e,0x66,0x73,0x39,0x99,0xcc,0xe6,0x76,0x33,0x9b,0xd9,0xcd,0x6d,0x64,0x36,0x3e,0x12,0x1a,0x1a,0x1b,0x0b,0x0b,0x0b,0x0b,
    0x0b,0x0b,0x0b,0x1b,0x1a,0x1a,0x12,0x36,0x36,0x64,0x6d,0xcd,0xd9,0x9b,0x33,0x76,0xe6,0xcc,0x19,0x39,0x73,0xa6,0xce,0xdc,0xd9,0xd0,0xc0,0x80,0x00,0x00,0x00,0x00,
    0x00,0x00,0x00,0x00,0x00,0x20,0x00,0x00,0x00,0x00,0x00,0x00,0x06,0x06,0x06,0x07,0x07,0x05,0x87,0xc7,0xc7,0xc7,0x83,0x07,0x07,0x07,0x07,0x06,0x06,0x07,0x04,0x00,
    0xa0,0xa0,0xa0,0xa0,0x20,0x20,0x20,0x20,0x20,0x24,0x20,0x20,0x20,0x20,0x20,0x20,0x20,0x20,0x20,0x20,0x20,0x20,0x20,0x20,0x20,0x20,0x20,0x20,0x20,0x20,0x30,0xb8,
    0xb8,0xb8,0xbd,0xb9,0xba,0xbb,0x3f,0xbf,0xbf,0xaf,0xae,0xad,0xbd,0xbd,0x38,0x38,0xb7,0x27,0x21,0x20,0x20,0x20,0x20,0x20,0x20,0x20,0x20,0x20,0x20,0x20,0x20,0x20,
    0x20,0x20,0x20,0x20,0x20,0x24,0x20,0x20,0x20,0x20,0x20,0x20,0xb9,0xbb,0x3b,0xac,0xae,0xae,0xbf,0x3f,0xbb,0xbb,0xbb,0xbf,0xbf,0xbf,0xbe,0xbe,0x3e,0xbf,0x3e,0xbe,
    0x3e,0x3c,0x30,0x20,0x20,0x20,0x20,0x20,0x20,0x20,0x20,0x20,0x20,0x20,0x20,0x23,0x23,0x23,0x23,0x21,0x23,0x23,0x23,0x23,0x23,0x23,0x23,0x20,0x20,0x20,0x20,0x20,
    0x00,0x00,0x00,0x00,0x00,0x00,0x02,0x00,0x00,0x00,0x00,0x00,0x08,0x08,0x08,0x08,0x08,0x08,0x00,0x10,0x38,0x10,0x00,0x00,0x00,0x00,0x00,0x80,0x80,0x80,0x82,0x02,
    0x00,0x02,0x02,0x02,0x02,0x02,0x02,0x02,0x02,0x08,0x0a,0x0a,0x00,0x02,0x02,0x0a,0x28,0x28,0x28,0x22,0x02,0x02,0x02,0x08,0x08,0x08,0x0c,0x28,0x28,0x28,0x20,0x28,
    0x28,0x08,0x28,0x28,0x08,0x08,0x0a,0x02,0x0a,0x0a,0x00,0x20,0x20,0x20,0x2a,0x2a,0x00,0x0a,0x02,0x02,0x02,0x0a,0x08,0x0a,0x02,0x02,0x02,0x02,0x00,0x02,0x02,0x00,
    0x00,0x00,0x00,0x00,0x00,0x00,0x00,0x00,0x08,0x08,0x08,0x08,0x08,0x08,0x00,0x00,0x00,0x00,0x00,0x00,0x80,0x80,0x80,0x80,0x80,0x00,0x00,0x20,0x00,0x00,0x00,0x00
  },
  { // 61
    0x80,0x80,0x80,0xc0,0xe8,0xe0,0xf0,0xf0,0xe0,0x70,0xf0,0xf0,0xf0,0xf0,0xe0,0x80,0x84,0x8e,0x04,0x00,0x00,0x00,0x00,0x00,0x00,0x00,0x00,0x10,0x00,0x00,0x00,0x00,
    0x00,0x00,0x00,0x00,0x00,0x00,0x00,0x00,0x00,0x00,0x00,0x80,0x84,0xce,0xc4,0x40,0x60,0x60,0x20,0xb0,0xb0,0x90,0xd0,0xd0,0xd8,0x58,0x58,0x48,0x48,0x48,0x48,0x48,
    0x48,0x48,0x48,0x48,0x58,0x58,0xd8,0xd0,0xf0,0xb0,0xb0,0xf8,0x20,0x60,0x60,0x48,0xdc,0xc8,0x80,0x80,0x00,0x00,0x00,0x00,0x00,0x00,0x00,0x00,0x00,0x00,0x00,0x00,
    0x00,0x00,0x00,0x00,0x00,0x00,0x00,0x00,0x00,0x00,0x00,0x00,0x00,0x00,0x00,0x00,0xc0,0xc0,0xe0,0xe0,0xc0,0xc8,0x9c,0x88,0x80,0x80,0x80,0x00,0x00,0x80,0x00,0x00,
    0x01,0x01,0x01,0x01,0x00,0x01,0x01,0x01,0x01,0x01,0x81,0xc1,0xc1,0xc1,0x61,0xf1,0xf1,0xf1,0xe0,0xc0,0xc0,0xc0,0x00,0x00,0x00,0x00,0x00,0x00,0x00,0x00,0x00,0x00,
    0x00,0x00,0x00,0xc0,0x60,0xb0,0xb8,0x9c,0x8e,0xa6,0x73,0x39,0x99,0xcc,0xe6,0x76,0x33,0x9b,0xd9,0xcd,0x6d,0x64,0x36,0x3e,0x12,0x1a,0x1a,0x1b,0x0b,0x0b,0x0b,0x0b,
    0x0b,0x0b,0x0b,0x1b,0x1a,0x1a,0x12,0x36,0x36,0x64,0x6d,0xcd,0xd9,0x9b,0x33,0x76,0xe6,0xcc,0x99,0x39,0x73,0x66,0x8e,0x9c,0xb9,0xb0,0xa0,0x40,0x00,0x00,0x00,0x00,
    0x00,0x00,0x00,0x00,0x00,0x20,0x00,0x00,0x00,0x00,0x00,0x00,0x06,0x06,0x06,0x07,0x07,0x05,0x87,0xc7,0xc7,0xc7,0x83,0x07,0x07,0x07,0x07,0x07,0x07,0x07,0x05,0x00,
    0xa0,0xa0,0xa0,0xa0,0x20,0x20,0x20,0x20,0x20,0x24,0x20,0x20,0x20,0x20,0x20,0x20,0x20,0x20,0x20,0x20,0x20,0x20,0x20,0x20,0x20,0x20,0x20,0x20,0x20,0x20,0x38,0xbc,
    0xbc,0xbc,0xbe,0xbc,0xbd,0xbd,0x3f,0xbf,0xbf,0xb7,0xb7,0xb6,0xbe,0xbe,0x3c,0x3c,0xbb,0x37,0x31,0x30,0x20,0x20,0x20,0x20,0x20,0x20,0x20,0x20,0x20,0x20,0x20,0x20,
    0x20,0x20,0x20,0x20,0x20,0x24,0x20,0x20,0x20,0x20,0x20,0x20,0xb1,0xb7,0x37,0xb8,0xbc,0xbd,0xbe,0x3e,0xb6,0xb7,0xb7,0xbf,0xbf,0xbf,0xbd,0xbd,0x3c,0xbe,0x3c,0xbc,
    0x3c,0x38,0x20,0x20,0x20,0x20,0x20,0x20,0x20,0x20,0x20,0x20,0x20,0x20,0x20,0x23,0x23,0x23,0x23,0x21,0x23,0x23,0x23,0x23,0x23,0x23,0x23,0x20,0x20,0x20,0x20,0x20,
    0x00,0x00,0x00,0x00,0x00,0x00,0x02,0x00,0x00,0x00,0x00,0x00,0x08,0x08,0x08,0x08,0x08,0x08,0x00,0x10,0x38,0x10,0x00,0x00,0x00,0x00,0x00,0x80,0x80,0x80,0x82,0x02,
    0x00,0x02,0x02,0x02,0x02,0x02,0x02,0x02,0x02,0x08,0x0a,0x0a,0x00,0x02,0x02,0x0a,0x28,0x28,0x28,0x22,0x02,0x02,0x02,0x08,0x08,0x08,0x0c,0x28,0x28,0x28,0x20,0x28,
    0x28,0x08,0x28,0x28,0x08,0x08,0x0a,0x02,0x0a,0x0a,0x00,0x20,0x20,0x20,0x2a,0x2a,0x00,0x0a,0x02,0x02,0x02,0x0a,0x08,0x0a,0x02,0x02,0x02,0x02,0x00,0x02,0x02,0x00,
    0x00,0x00,0x00,0x00,0x00,0x00,0x00,0x00,0x08,0x08,0x08,0x08,0x08,0x08,0x00,0x00,0x00,0x00,0x00,0x00,0x80,0x80,0x80,0x80,0x80,0x00,0x00,0x20,0x00,0x00,0x00,0x00
  },
  { // 62
    0x80,0x80,0x80,0xc0,0xe8,0xe0,0xf0,0xf0,0xe0,0x70,0xf0,0xf0,0xf0,0xf0,0xe0,0x80,0x84,0x8e,0x04,0x00,0x00,0x00,0x00,0x00,0x00,0x00,0x00,0x10,0x00,0x00,0x00,0x00,
    0x00,0x00,0x00,0x00,0x00,0x00,0x00,0x00,0x00,0x00,0x00,0x80,0x84,0xce,0xc4,0x40,0x60,0x60,0x20,0xb0,0xb0,0x90,0xd0,0xd0,0xd8,0x58,0x58,0x48,0x48,0x48,0x48,0x48,
    0x48,0x48,0x48,0x48,0x58,0x58,0xd8,0xd0,0xd0,0xb0,0xb0,0xb0,0xf8,0x60,0x60,0x68,0xdc,0xc8,0x80,0x80,0x00,0x00,0x00,0x00,0x00,0x00,0x00,0x00,0x00,0x00,0x00,0x00,
    0x00,0x00,0x00,0x00,0x00,0x00,0x00,0x00,0x00,0x00,0x00,0x00,0x00,0x00,0x00,0x00,0xc0,0xc0,0xe0,0xe0,0xc0,0xc8,0x9c,0x88,0x80,0x80,0x80,0x00,0x00,0x80,0x00,0x00,
    0x01,0x01,0x01,0x01,0x00,0x01,0x01,0x01,0x01,0x01,0x81,0xc1,0xc1,0xc1,0x61,0xf1,0xf1,0xf1,0xe0,0xc0,0xc0,0xc0,0x00,0x00,0x00,0x00,0x00,0x00,0x00,0x00,0x00,0x00,
    0x00,0x00,0x00,0xc0,0x60,0xb0,0xb8,0x9c,0x8e,0xa6,0x73,0x39,0x99,0xcc,0xe6,0x76,0x33,0x9b,0xd9,0xcd,0x6d,0x64,0x36,0x3e,0x12,0x1a,0x1a,0x1b,0x0b,0x0b,0x0b,0x0b,
    0x0b,0x0b,0x0b,0x1b,0x1a,0x1a,0x12,0x36,0x36,0x64,0x6d,0xcd,0xd9,0x9b,0x33,0x76,0xe6,0xcc,0x99,0x39,0x73,0x66,0x8e,0x9c,0xb9,0xb0,0xa0,0x40,0x00,0x00,0x00,0x00,
    0x00,0x00,0x00,0x00,0x00,0x20,0x00,0x00,0x00,0x00,0x00,0x00,0x06,0x06,0x06,0x07,0x07,0x05,0x87,0xc7,0xc7,0xc7,0x83,0x07,0x07,0x07,0x07,0x07,0x07,0x07,0x05,0x00,
    0xa0,0xa0,0xa0,0xa0,0x20,0x20,0x20,0x20,0x20,0x24,0x20,0x20,0x20,0x20,0x20,0x20,0x20,0x20,0x20,0x20,0x20,0x20,0x20,0x20,0x20,0x20,0x20,0x20,0x20,0x20,0x38,0xbc,
    0xbc,0xbc,0xbe,0xbc,0xbd,0xbd,0x3f,0xbf,0xbf,0xb7,0xb7,0xb6,0xbe,0xbe,0x3c,0x3c,0xbb,0x37,0x31,0x30,0x20,0x20,0x20,0x20,0x20,0x20,0x20,0x20,0x20,0x20,0x20,0x20,
    0x20,0x20,0x20,0x20,0x20,0x24,0x20,0x20,0x20,0x20,0x20,0x20,0xb1,0xb7,0x37,0xb8,0xbc,0xbd,0xbe,0x3e,0xb6,0xb7,0xb7,0xbf,0xbf,0xbf,0xbd,0xbd,0x3c,0xbe,0x3c,0xbc,
    0x3c,0x38,0x20,0x20,0x20,0x20,0x20,0x20,0x20,0x20,0x20,0x20,0x20,0x20,0x20,0x23,0x23,0x23,0x23,0x21,0x23,0x23,0x23,0x23,0x23,0x23,0x23,0x20,0x20,0x20,0x20,0x20,
    0x00,0x00,0x00,0x00,0x00,0x00,0x02,0x00,0x00,0x00,0x00,0x00,0x08,0x08,0x08,0x08,0x08,0x08,0x00,0x10,0x38,0x10,0x00,0x00,0x00,0x00,0x00,0x00,0x80,0x80,0x80,0x82,
    0x00,0x00,0x02,0x02,0x02,0x02,0x02,0x02,0x02,0x08,0x0a,0x0a,0x02,0x00,0x02,0x0a,0x2a,0x28,0x28,0x20,0x02,0x02,0x02,0x0a,0x08,0x08,0x0c,0x28,0x28,0x28,0x20,0x28,
    0x28,0x08,0x28,0x28,0x08,0x08,0x08,0x02,0x0a,0x0a,0x02,0x20,0x20,0x20,0x2a,0x2a,0x02,0x08,0x02,0x02,0x02,0x0a,0x08,0x0a,0x02,0x02,0x02,0x02,0x02,0x00,0x02,0x00,
    0x02,0x00,0x00,0x00,0x00,0x00,0x00,0x00,0x08,0x08,0x08,0x08,0x08,0x08,0x00,0x00,0x00,0x00,0x00,0x00,0x80,0x80,0x80,0x80,0x80,0x00,0x00,0x20,0x00,0x00,0x00,0x00
  },
  { // 63
    0x80,0x80,0x80,0xc0,0xe8,0xe0,0xf0,0xe0,0xe0,0x70,0xf0,0xf0,0xf0,0xf0,0xe0,0x80,0x84,0x8e,0x04,0x00,0x00,0x00,0x00,0x00,0x10,0x10,0x10,0x7c,0x10,0x10,0x10,0x00,
    0x00,0x00,0x00,0x00,0x00,0x00,0x00,0x00,0x00,0x00,0x00,0x80,0x84,0xce,0xc4,0x40,0x60,0x60,0x20,0xb0,0xb0,0x90,0xd0,0xd0,0xd8,0x58,0x58,0x48,0x48,0x48,0x48,0x48,
    0x48,0x48,0x48,0x48,0x58,0x58,0xd8,0xd0,0xd0,0x90,0xf0,0xf0,0x60,0xf0,0x60,0x48,0xdc,0xc8,0x80,0x80,0x00,0x00,0x00,0x00,0x00,0x00,0x00,0x00,0x00,0x00,0x00,0x00,
    0x00,0x00,0x00,0x00,0x00,0x00,0x00,0x00,0x00,0x00,0x00,0x00,0x00,0x00,0x00,0x00,0xc0,0xc0,0xc0,0xe0,0xc0,0xc8,0x9c,0x88,0x80,0x80,0x80,0x00,0x00,0x80,0x00,0x00,
    0x01,0x01,0x01,0x01,0x00,0x01,0x01,0x01,0x01,0x01,0x81,0xc1,0xc1,0xc1,0x61,0xf1,0xf1,0xf1,0xe0,0xc0,0xc0,0xc0,0x00,0x00,0x00,0x00,0x00,0x00,0x00,0x00,0x00,0x00,
    0x00,0x00,0x00,0xc0,0x60,0xb0,0xb8,0x9c,0x8e,0xa6,0x73,0x39,0x99,0xcc,0xe6,0x76,0x33,0x9b,0xd9,0xcd,0x6d,0x64,0x3e,0x3e,0x1a,0x1a,0x1a,0x1b,0x0b,0x0b,0x0b,0x0b,
    0x0b,0x0b,0x0b,0x1b,0x1a,0x1a,0x12,0x36,0x36,0x64,0x6d,0xcd,0xd9,0x9b,0x33,0x76,0xe6,0xcc,0x99,0x39,0x73,0x66,0x8e,0x9c,0xb9,0xb0,0xa0,0x40,0x00,0x00,0x00,0x00,
    0x00,0x00,0x00,0x00,0x00,0x20,0x00,0x00,0x00,0x00,0x00,0x00,0x06,0x06,0x06,0x07,0x07,0x05,0x87,0xc7,0xc7,0xc7,0x83,0x07,0x07,0x07,0x07,0x07,0x07,0x07,0x07,0x00,
    0xa0,0xa0,0xa0,0xa0,0x20,0x20,0x20,0x20,0x20,0x24,0x20,0x20,0x20,0x20,0x20,0x20,0x20,0x20,0x20,0x20,0x20,0x20,0x20,0x20,0x20,0x20,0x20,0x20,0x20,0x20,0x38,0xbc,
    0xbc,0xbc,0xbe,0xbc,0xbd,0xbd,0x3f,0xbf,0xbf,0xb7,0xb7,0xb6,0xbe,0xbe,0x3c,0x3c,0xbb,0x37,0x31,0x30,0x20,0x20,0x20,0x20,0x20,0x20,0x20,0x20,0x20,0x20,0x20,0x20,
    0x20,0x20,0x20,0x20,0x20,0x24,0x20,0x20,0x20,0x20,0x20,0x20,0xb1,0xb7,0x37,0xb8,0xbc,0xbd,0xbe,0x3e,0xb6,0xb7,0xb7,0xbf,0xbf,0xbf,0xbd,0xbd,0x3c,0xbe,0x3c,0xbc,
    0x3c,0x38,0x20,0x20,0x20,0x20,0x20,0x20,0x20,0x20,0x20,0x20,0x20,0x20,0x20,0x23,0x23,0x23,0x23,0x21,0x23,0x23,0x23,0x23,0x23,0x23,0x23,0x20,0x20,0x20,0x20,0x20,
    0x00,0x00,0x00,0x00,0x00,0x00,0x02,0x00,0x00,0x00,0x00,0x00,0x08,0x08,0x08,0x08,0x08,0x08,0x00,0x10,0x38,0x10,0x00,0x00,0x00,0x00,0x00,0x00,0x80,0x80,0x80,0x82,
    0x00,0x00,0x02,0x02,0x02,0x02,0x02,0x02,0x02,0x08,0x0a,0x0a,0x02,0x00,0x02,0x0a,0x2a,0x28,0x28,0x20,0x02,0x02,0x02,0x0a,0x08,0x0c,0x0e,0x2c,0x28,0x28,0x20,0x28,
    0x28,0x08,0x28,0x28,0x08,0x08,0x08,0x02,0x2a,0x0a,0x02,0x20,0x20,0x20,0x2a,0x2a,0x02,0x08,0x02,0x02,0x02,0x0a,0x08,0x0a,0x02,0x02,0x02,0x02,0x02,0x00,0x02,0x00,
    0x02,0x00,0x00,0x00,0x00,0x00,0x00,0x00,0x08,0x08,0x08,0x08,0x08,0x08,0x00,0x00,0x00,0x00,0x00,0x00,0x80,0x80,0x80,0x80,0x80,0x00,0x00,0x20,0x00,0x00,0x00,0x00
  },
  { // 64
    0x80,0x80,0x80,0xc0,0xe8,0xe0,0xf0,0xe0,0xe0,0x70,0xf0,0xf0,0xf0,0xf0,0xe0,0x80,0x84,0x8e,0x04,0x00,0x00,0x00,0x00,0x00,0x10,0x10,0x10,0x7c,0x10,0x10,0x10,0x00,
    0x00,0x00,0x00,0x00,0x00,0x00,0x00,0x00,0x00,0x00,0x00,0x80,0x84,0xce,0xc4,0x40,0x60,0x60,0x20,0xb0,0xb0,0x90,0xd0,0xd0,0xd8,0x58,0x58,0x48,0x48,0x48,0x48,0x48,
    0x48,0x48,0x48,0x48,0x58,0x58,0xd8,0xd0,0xd0,0x90,0xb0,0xf0,0x60,0x60,0xf0,0x48,0xdc,0xc8,0x80,0x80,0x00,0x00,0x00,0x00,0xc0,0x00,0x00,0x00,0x00,0x00,0x00,0x00,
    0x00,0x00,0x00,0x04,0x00,0x00,0x00,0x00,0x00,0x00,0x00,0x00,0x00,0x00,0x00,0x00,0xc0,0xc0,0xc0,0xe0,0xc0,0xc8,0x9c,0x88,0x80,0x80,0x80,0x00,0x00,0x80,0x00,0x00,
    0x01,0x01,0x01,0x01,0x00,0x01,0x01,0x01,0x01,0x01,0x81,0xc1,0xc1,0xc1,0x61,0xf1,0xf1,0xf1,0xe0,0xc0,0xc0,0xc0,0x00,0x00,0x00,0x00,0x00,0x00,0x00,0x00,0x00,0x00,
    0x00,0x00,0x00,0xc0,0x60,0xb0,0xb8,0x9c,0x8e,0xa6,0x73,0x39,0x99,0xcc,0xe6,0x76,0x33,0x9b,0xd9,0xcd,0x6d,0x64,0x3e,0x3e,0x1a,0x1a,0x1a,0x1b,0x0b,0x0b,0x0b,0x0b,
    0x0b,0x0b,0x0b,0x1b,0x1a,0x1a,0x12,0x36,0x36,0x64,0x6d,0xcd,0xd9,0x9b,0x33,0x76,0xe6,0xcc,0x99,0x39,0x73,0x67,0x8f,0x9d,0xbf,0xb1,0xa1,0x41,0x00,0x00,0x00,0x00,
    0x00,0x00,0x00,0x00,0x00,0x20,0x00,0x00,0x00,0x00,0x00,0x00,0x06,0x06,0x06,0x07,0x07,0x05,0x87,0xc7,0xc7,0xc7,0x83,0x07,0x07,0x07,0x07,0x07,0x07,0x07,0x07,0x00,
    0xa0,0xa0,0xa0,0xa0,0x20,0x20,0x20,0x20,0x20,0x20,0x20,0x20,0x20,0x20,0x20,0x20,0x20,0x20,0x20,0x20,0x20,0x20,0x20,0x20,0x20,0x20,0x20,0x20,0x20,0x20,0x38,0xbc,
    0xbc,0xbc,0x3e,0xbc,0xbd,0xbd,0xbf,0xbf,0xbf,0xb7,0xb7,0x36,0xbe,0xbe,0x3c,0xbc,0xbb,0x37,0x31,0x30,0x20,0x20,0x20,0x20,0x20,0x20,0x20,0x20,0x20,0x20,0x20,0x20,
    0x20,0x20,0x20,0x20,0x20,0x24,0x20,0x20,0x20,0x20,0x20,0x20,0xb1,0xb7,0x37,0x38,0xbc,0xbd,0xbe,0xbe,0xb6,0xb7,0xb7,0xbf,0x3f,0xbf,0xbd,0xbd,0xbc,0xbe,0x3c,0xbc,
    0x3c,0x38,0x20,0x20,0x20,0x20,0x20,0x20,0x20,0x20,0x20,0x20,0x20,0x20,0x20,0x23,0x23,0x23,0x23,0x21,0x23,0x23,0x23,0x23,0x23,0x23,0x23,0x20,0x20,0x20,0x20,0x20,
    0x00,0x00,0x00,0x00,0x00,0x00,0x00,0x00,0x00,0x00,0x00,0x00,0x08,0x08,0x08,0x08,0x08,0x08,0x00,0x10,0x38,0x10,0x00,0x00,0x00,0x00,0x00,0x00,0x80,0x80,0x80,0x82,
    0x02,0x00,0x02,0x02,0x02,0x00,0x02,0x02,0x02,0x0a,0x0a,0x0a,0x02,0x00,0x20,0x2a,0x2a,0x20,0x28,0x00,0x02,0x02,0x02,0x08,0x08,0x0c,0x2e,0x2c,0x28,0x08,0x28,0x28,
    0x28,0x28,0x28,0x00,0x08,0x08,0x08,0x0a,0x2a,0x08,0x22,0x20,0x20,0x20,0x2a,0x0a,0x0a,0x08,0x00,0x02,0x02,0x02,0x0a,0x0a,0x02,0x02,0x02,0x00,0x02,0x00,0x02,0x02,
    0x02,0x00,0x00,0x00,0x00,0x00,0x00,0x00,0x08,0x08,0x08,0x08,0x08,0x08,0x00,0x00,0x00,0x00,0x00,0x00,0x80,0x80,0x80,0x80,0x80,0x00,0x00,0x20,0x00,0x00,0x00,0x00
  },
  { // 65
    0x80,0x80,0x80,0xe0,0xe8,0xe0,0xf0,0xe0,0xe0,0x70,0xf0,0xf0,0xf0,0xf0,0xe0,0x80,0x84,0x8e,0x04,0x00,0x00,0x00,0x00,0x00,0x10,0x10,0x10,0x7c,0x10,0x10,0x10,0x00,
    0x00,0x00,0x00,0x00,0x00,0x00,0x00,0x00,0x00,0x00,0x00,0x80,0x84,0xce,0xc4,0x40,0x60,0x60,0x20,0xb0,0xb0,0x90,0xd0,0xd0,0xd8,0x58,0x58,0x48,0x48,0x48,0x48,0x48,
    0x48,0x48,0x48,0x48,0x58,0x58,0xd8,0xd0,0xd0,0x90,0xb0,0xf0,0x60,0x60,0xf0,0x40,0xc8,0xc0,0x80,0x80,0x00,0x00,0x00,0x00,0xc0,0x00,0x00,0x00,0x00,0x00,0x00,0x00,
    0x00,0x00,0x00,0x04,0x00,0x00,0x00,0x00,0x00,0x00,0x00,0x00,0x00,0x00,0x00,0x00,0xc0,0xc0,0xc0,0xe0,0xc0,0xc8,0xdc,0x88,0x80,0x80,0x80,0x00,0x00,0x80,0x00,0x00,
    0x01,0x01,0x01,0x01,0x00,0x01,0x01,0x01,0x01,0x01,0x81,0xc1,0xc1,0xc1,0x61,0xf1,0xf1,0xf1,0xe0,0xc0,0xc0,0xc0,0x00,0x00,0x00,0x00,0x00,0x00,0x00,0x00,0x00,0x00,
    0x00,0x00,0x00,0xc0,0x60,0xb0,0xb8,0x9c,0x8e,0xa6,0x73,0x39,0x99,0xcc,0xe6,0x76,0x33,0x9b,0xd9,0xcd,0x6d,0x64,0x3e,0x3e,0x1a,0x1a,0x1a,0x1b,0x0b,0x0b,0x0b,0x0b,
    0x0b,0x0b,0x0b,0x1b,0x1a,0x1a,0x12,0x36,0x36,0x64,0x6d,0xcd,0xd9,0x9b,0x33,0x76,0xe6,0xcc,0x99,0x39,0x73,0x67,0x8f,0x9d,0xbf,0xb1,0xa1,0x41,0x00,0x00,0x00,0x00,
    0x00,0x00,0x00,0x00,0x00,0x20,0x00,0x00,0x00,0x00,0x00,0x00,0x06,0x06,0x06,0x07,0x07,0x05,0x87,0xc7,0xc7,0xc7,0x83,0x07,0x07,0x07,0x07,0x07,0x07,0x07,0x07,0x00,
    0xa0,0xa0,0xa0,0xa0,0x20,0x20,0x20,0x20,0x20,0x20,0x20,0x20,0x20,0x20,0x20,0x20,0x20,0x20,0x20,0x20,0x20,0x20,0x20,0x20,0x20,0x20,0x20,0x20,0x20,0x20,0x38,0xbc,
    0xbc,0xbc,0x3e,0xbc,0xbd,0xbd,0xbf,0xbf,0xbf,0xb7,0xb7,0x36,0xbe,0xbe,0x3c,0xbc,0xbb,0x37,0x31,0x30,0x20,0x20,0x20,0x20,0x20,0x20,0x20,0x20,0x20,0x20,0x20,0x20,
    0x20,0x20,0x20,0x20,0x20,0x24,0x20,0x20,0x20,0x20,0x20,0x20,0xb1,0xb7,0x37,0x38,0xbc,0xbd,0xbe,0xbe,0xb6,0xb7,0xb7,0xbf,0x3f,0xbf,0xbd,0xbd,0xbc,0xbe,0x3c,0xbc,
    0x3c,0x38,0x20,0x20,0x20,0x20,0x20,0x20,0x20,0x20,0x20,0x20,0x20,0x20,0x20,0x23,0x23,0x23,0x23,0x21,0x23,0x23,0x23,0x23,0x23,0x23,0x23,0x20,0x20,0x20,0x20,0x20,
    0x00,0x00,0x00,0x00,0x00,0x00,0x00,0x00,0x00,0x00,0x00,0x00,0x08,0x08,0x08,0x08,0x08,0x08,0x00,0x10,0x38,0x10,0x00,0x00,0x00,0x00,0x00,0x00,0x80,0x80,0x80,0x82,
    0x02,0x00,0x02,0x02,0x02,0x00,0x02,0x02,0x02,0x0a,0x0a,0x0a,0x02,0x00,0x20,0x2a,0x2a,0x20,0x28,0x00,0x02,0x02,0x02,0x08,0x08,0x0c,0x2e,0x2c,0x28,0x08,0x28,0x28,
    0x28,0x28,0x28,0x00,0x08,0x08,0x08,0x0a,0x2a,0x08,0x22,0x20,0x20,0x20,0x2a,0x0a,0x0a,0x08,0x00,0x02,0x02,0x02,0x0a,0x0a,0x02,0x02,0x02,0x00,0x02,0x00,0x02,0x02,
    0x02,0x00,0x00,0x00,0x00,0x00,0x00,0x00,0x08,0x08,0x08,0x08,0x08,0x08,0x00,0x00,0x00,0x00,0x00,0x00,0x80,0x80,0x80,0x80,0x80,0x00,0x00,0x20,0x00,0x00,0x00,0x00
  },
  { // 66
    0x80,0x80,0x80,0xe0,0xe8,0xe0,0xf0,0xe0,0xe0,0x70,0xf0,0xf0,0xf0,0xf0,0xe0,0x80,0x84,0x8e,0x04,0x00,0x00,0x00,0x00,0x00,0x10,0x10,0x10,0x7c,0x10,0x10,0x10,0x00,
    0x00,0x00,0x00,0x00,0x00,0x00,0x00,0x00,0x00,0x00,0x00,0x80,0x84,0xce,0xc4,0x40,0x60,0x60,0x20,0xb0,0xb0,0x90,0xd0,0xd0,0xd8,0x58,0x58,0x48,0x48,0x48,0x48,0x48,
    0x48,0x48,0x48,0x48,0x58,0x58,0xd8,0xd0,0xd0,0x90,0xb0,0xb0,0x60,0x60,0x60,0xf0,0xc8,0xc0,0xc0,0x80,0x00,0x00,0x00,0x00,0xc0,0x00,0x00,0x00,0x00,0x00,0x00,0x00,
    0x00,0x00,0x00,0x04,0x00,0x00,0x00,0x00,0x00,0x00,0x00,0x00,0x00,0x00,0x00,0x00,0xc0,0xc0,0xc0,0xe0,0xc0,0xc0,0xc8,0x80,0x80,0x80,0x80,0x00,0x00,0x80,0x00,0x00,
    0x01,0x01,0x01,0x01,0x00,0x01,0x01,0x01,0x01,0x01,0x81,0xc1,0xc1,0xc1,0x61,0xf1,0xf1,0xf1,0xe0,0xc0,0xc0,0xc0,0x00,0x00,0x00,0x00,0x00,0x00,0x00,0x00,0x00,0x00,
    0x00,0x00,0x00,0xc0,0x60,0xb0,0xb8,0x9c,0x8e,0xa6,0x73,0x39,0x99,0xcc,0xe6,0x76,0x33,0x9b,0xd9,0xcd,0x6d,0x64,0x3e,0x3e,0x1a,0x1a,0x1a,0x1b,0x0b,0x0b,0x0b,0x0b,
    0x0b,0x0b,0x0b,0x1b,0x1a,0x1a,0x12,0x36,0x36,0x64,0x6d,0xcd,0xd9,0x9b,0x33,0x77,0xe6,0xcc,0x99,0x39,0x73,0x67,0x8f,0x9d,0xbf,0xb1,0xa1,0x41,0x00,0x00,0x00,0x00,
    0x00,0x00,0x00,0x00,0x00,0x20,0x00,0x00,0x00,0x00,0x00,0x00,0x06,0x06,0x06,0x07,0x07,0x05,0x87,0xc7,0xc7,0xc7,0x83,0x07,0x07,0x07,0x07,0x07,0x07,0x07,0x07,0x00,
    0xa0,0xa0,0xa0,0xa0,0x20,0x20,0x20,0x20,0x20,0x20,0x20,0x20,0x20,0x20,0x20,0x20,0x20,0x20,0x20,0x20,0x20,0x20,0x20,0x20,0x20,0x20,0x20,0x20,0x20,0x20,0x38,0xbc,
    0xbc,0xbc,0x3e,0xbc,0xbd,0xbd,0xbf,0xbf,0xbf,0xb7,0xb7,0x36,0xbe,0xbe,0x3c,0xbc,0xbb,0x37,0x31,0x30,0x20,0x20,0x20,0x20,0x20,0x20,0x20,0x20,0x20,0x20,0x20,0x20,
    0x20,0x20,0x20,0x20,0x20,0x20,0x20,0x20,0x20,0x20,0x20,0x20,0xb1,0xb7,0x37,0x38,0xbc,0xbd,0xbe,0xbe,0xb6,0xb7,0xb7,0xbf,0x3f,0xbf,0xbd,0xbd,0xbc,0xbe,0x3c,0xbc,
    0x3c,0x38,0x20,0x20,0x20,0x20,0x20,0x20,0x20,0x20,0x20,0x20,0x20,0x20,0x20,0x23,0x23,0x23,0x23,0x21,0x23,0x23,0x23,0x23,0x23,0x23,0x23,0x20,0x20,0x20,0x20,0x20,
    0x00,0x00,0x00,0x00,0x00,0x00,0x00,0x00,0x00,0x00,0x00,0x00,0x08,0x08,0x08,0x08,0x08,0x08,0x00,0x10,0x38,0x10,0x00,0x00,0x00,0x00,0x00,0x00,0x80,0x80,0x80,0x82,
    0x02,0x00,0x02,0x02,0x02,0x00,0x02,0x02,0x02,0x0a,0x0a,0x0a,0x02,0x00,0x20,0x2a,0x2a,0x20,0x28,0x00,0x02,0x02,0x02,0x08,0x08,0x0c,0x2e,0x2c,0x28,0x08,0x28,0x28,
    0x28,0x28,0x28,0x00,0x08,0x08,0x08,0x0a,0x2a,0x08,0x22,0x20,0x20,0x20,0x2a,0x0a,0x0a,0x08,0x00,0x02,0x02,0x02,0x0a,0x0a,0x02,0x02,0x02,0x00,0x02,0x00,0x02,0x02,
    0x02,0x00,0x00,0x00,0x00,0x00,0x00,0x00,0x08,0x08,0x08,0x08,0x08,0x08,0x00,0x00,0x00,0x00,0x00,0x00,0x80,0x80,0x80,0x80,0x80,0x00,0x00,0x00,0x00,0x00,0x00,0x00
  },
  { // 67
    0x80,0x80,0x80,0xe0,0xe8,0xe0,0xf0,0xe0,0xe0,0x70,0xf0,0xf0,0xf0,0xf0,0xe0,0x80,0x84,0x8e,0x04,0x00,0x00,0x00,0x00,0x00,0x10,0x10,0x10,0x7c,0x10,0x10,0x10,0x00,
    0x00,0x00,0x00,0x00,0x00,0x00,0x00,0x00,0x00,0x00,0x00,0x80,0x84,0xce,0xc4,0x40,0x60,0x60,0x20,0xb0,0xb0,0x90,0xd0,0xd0,0xd8,0x58,0x58,0x48,0x48,0x48,0x48,0x48,
    0x48,0x48,0x48,0x48,0x58,0x58,0xd8,0xd0,0xd0,0x90,0xb0,0xb0,0x60,0x60,0x60,0xf0,0xc8,0xc0,0xc0,0x80,0x00,0x00,0x00,0x00,0xc0,0x00,0x00,0x00,0x00,0x00,0x00,0x00,
    0x00,0x00,0x00,0x04,0x00,0x00,0x00,0x00,0x00,0x00,0x00,0x00,0x00,0x00,0x00,0x00,0xc0,0xc0,0xc0,0xe0,0xc0,0xc0,0xc8,0x80,0x80,0x80,0x80,0x00,0x00,0x80,0x00,0x00,
    0x01,0x01,0x01,0x01,0x00,0x01,0x01,0x01,0x01,0x01,0x81,0xc1,0xc1,0xc1,0x61,0xf1,0xf1,0xf1,0xe0,0xc0,0xc0,0xc0,0x00,0x00,0x00,0x00,0x00,0x00,0x00,0x00,0x00,0x00,
    0x00,0x00,0x00,0xc0,0x60,0xb0,0xb8,0x9c,0x8e,0xa6,0x73,0x39,0x99,0xcc,0xe6,0x76,0x33,0x9b,0xd9,0xcd,0x6d,0x64,0x3e,0x3e,0x1a,0x1a,0x1a,0x1b,0x0b,0x0b,0x0b,0x0b,
    0x0b,0x0b,0x0b,0x1b,0x1a,0x1a,0x12,0x36,0x36,0x64,0x6d,0xcd,0xd9,0x9b,0x33,0x77,0xe6,0xcc,0x99,0x39,0x73,0x67,0x8f,0x9d,0xbf,0xb1,0xa1,0x41,0x00,0x00,0x00,0x00,
    0x00,0x00,0x00,0x00,0x00,0x20,0x00,0x00,0x00,0x00,0x00,0x00,0x06,0x06,0x06,0x07,0x07,0x05,0x87,0xc7,0xc7,0xc7,0x83,0x07,0x07,0x07,0x07,0x07,0x07,0x07,0x07,0x00,
    0xa0,0xa0,0xa0,0xa0,0x20,0x20,0x20,0x20,0x20,0x20,0x20,0x20,0x20,0x20,0x20,0x20,0x20,0x20,0x20,0x20,0x20,0x20,0x20,0x20,0x20,0x20,0x20,0x20,0x20,0x20,0x38,0xbc,
    0xbc,0xbc,0x3e,0xbc,0xbd,0xbd,0xbf,0xbf,0xbf,0xb7,0xb7,0x36,0xbe,0xbe,0x3c,0xbc,0xbb,0x37,0x31,0x30,0x20,0x20,0x20,0x20,0x20,0x20,0x20,0x20,0x20,0x20,0x20,0x20,
    0x20,0x20,0x20,0x20,0x20,0x20,0x20,0x20,0x20,0x20,0x20,0x20,0xb1,0xb7,0x37,0x38,0xbc,0xbd,0xbe,0xbe,0xb6,0xb7,0xb7,0xbf,0x3f,0xbf,0xbd,0xbd,0xbc,0xbe,0x3c,0xbc,
    0x3c,0x38,0x20,0x20,0x20,0x20,0x20,0x20,0x20,0x20,0x20,0x20,0x20,0x20,0x20,0x23,0x23,0x23,0x23,0x21,0x23,0x23,0x23,0x23,0x23,0x23,0x23,0x20,0x20,0x20,0x20,0x20,
    0x00,0x00,0x00,0x00,0x00,0x00,0x00,0x00,0x00,0x00,0x00,0x00,0x00,0x08,0x08,0x08,0x08,0x08,0x08,0x10,0x38,0x10,0x00,0x00,0x00,0x00,0x00,0x00,0x80,0x80,0x80,0x80,
    0x02,0x02,0x00,0x02,0x02,0x00,0x02,0x02,0x02,0x0a,0x0a,0x0a,0x02,0x02,0x20,0x2a,0x2a,0x22,0x28,0x00,0x00,0x02,0x02,0x08,0x0a,0x0c,0x2e,0x2c,0x28,0x08,0x28,0x28,
    0x28,0x28,0x28,0x00,0x08,0x08,0x08,0x08,0x2a,0x08,0x22,0x22,0x20,0x20,0x28,0x0a,0x0a,0x0a,0x00,0x02,0x02,0x02,0x0a,0x0a,0x02,0x02,0x02,0x00,0x02,0x02,0x00,0x02,
    0x02,0x02,0x00,0x00,0x00,0x00,0x00,0x00,0x08,0x08,0x08,0x08,0x08,0x08,0x00,0x00,0x00,0x00,0x00,0x80,0x80,0x80,0x80,0x80,0x00,0x00,0x00,0x00,0x00,0x00,0x00,0x00
  },
  { // 68
    0x80,0x80,0x80,0xe0,0xe8,0xe0,0xf0,0xe0,0xe0,0x70,0xf0,0xf0,0xf0,0xf0,0xe0,0x80,0x80,0x84,0x00,0x00,0x00,0x00,0x00,0x00,0x10,0x10,0x10,0x7c,0x10,0x10,0x10,0x00,
    0x00,0x00,0x00,0x00,0x00,0x00,0x00,0x00,0x00,0x00,0x00,0x80,0x84,0xce,0xc4,0x40,0x60,0x60,0x20,0xb0,0xb0,0x90,0xd0,0xd0,0xd8,0x58,0x58,0x48,0x48,0x48,0x48,0x48,
    0x48,0x48,0x48,0x48,0x58,0x58,0xd8,0xd0,0xd0,0x90,0xb0,0xb0,0x20,0xe0,0xe0,0xc0,0xe8,0xc0,0x80,0x80,0x00,0x00,0x00,0x00,0xc0,0x00,0x00,0x00,0x00,0x00,0x00,0x00,
    0x00,0x00,0x00,0x04,0x00,0x00,0x00,0x00,0x00,0x00,0x00,0x20,0x00,0x00,0x00,0x00,0xc0,0xc0,0xc0,0xe0,0xc0,0xc0,0xc8,0x80,0x80,0x80,0x80,0x00,0x00,0x80,0x00,0x00,
    0x01,0x01,0x01,0x01,0x00,0x01,0x01,0x01,0x01,0x01,0x81,0xc1,0xc1,0xc1,0x61,0xf1,0xf1,0xf1,0xe0,0xc0,0xc0,0xc0,0x00,0x00,0x00,0x00,0x00,0x00,0x00,0x00,0x00,0x00,
    0x00,0x00,0x00,0xc0,0x60,0xb0,0xb8,0x9c,0x8e,0xa6,0x73,0x39,0x99,0xcc,0xe6,0x76,0x33,0x9b,0xd9,0xcd,0x6d,0x64,0x3e,0x3e,0x1a,0x1a,0x1a,0x1b,0x0b,0x0b,0x0b,0x0b,
    0x0b,0x0b,0x0b,0x1b,0x1a,0x1a,0x12,0x3e,0x36,0x64,0x6d,0xcd,0xd9,0x9b,0x33,0x76,0xe7,0xcc,0x99,0x39,0x73,0x67,0x8f,0x9d,0xbf,0xb1,0xa1,0x41,0x00,0x00,0x00,0x00,
    0x00,0x00,0x00,0x00,0x00,0x20,0x00,0x00,0x00,0x00,0x00,0x00,0x06,0x06,0x06,0x07,0x07,0x05,0x87,0xc7,0xc7,0xc7,0x83,0x07,0x07,0x07,0x07,0x07,0x07,0x07,0x07,0x00,
    0xa0,0xa0,0xa0,0xa0,0x20,0x20,0x20,0x20,0x20,0x20,0x20,0x20,0x20,0x20,0x20,0x20,0x20,0x20,0x20,0x20,0x20,0x20,0x20,0x20,0x20,0x20,0x20,0x20,0x20,0x20,0x38,0xbc,
    0xbc,0xbc,0xbe,0xbc,0xbd,0xbd,0xbf,0x3f,0xbf,0xb7,0xb7,0xb6,0xbe,0xbe,0x3c,0xbc,0x3b,0x37,0x31,0x30,0x20,0x20,0x20,0x20,0x20,0x20,0x20,0x20,0x20,0x20,0x20,0x20,
    0x20,0x20,0x20,0x20,0x20,0x20,0x20,0x20,0x20,0x20,0x20,0x20,0xb1,0xb7,0x37,0xb8,0xbc,0xbd,0xbe,0xbe,0x36,0xb7,0xb7,0xbf,0xbf,0xbf,0xbd,0xbd,0xbc,0x3e,0x3c,0xbc,
    0x3c,0x38,0x20,0x20,0x20,0x20,0x20,0x20,0x20,0x20,0x20,0x20,0x20,0x20,0x20,0x23,0x23,0x23,0x23,0x21,0x23,0x23,0x23,0x23,0x23,0x23,0x23,0x20,0x20,0x20,0x20,0x20,
    0x00,0x00,0x00,0x00,0x00,0x00,0x00,0x00,0x00,0x00,0x00,0x00,0x00,0x08,0x08,0x08,0x08,0x08,0x08,0x10,0x38,0x10,0x00,0x00,0x00,0x00,0x00,0x00,0x80,0x80,0x80,0x80,
    0x02,0x00,0x00,0x02,0x02,0x02,0x02,0x02,0x02,0x0a,0x08,0x0a,0x02,0x02,0x20,0x2a,0x0a,0x2a,0x28,0x00,0x00,0x02,0x02,0x0a,0x0a,0x0c,0x2e,0x2c,0x28,0x28,0x28,0x20,
    0x28,0x28,0x08,0x08,0x08,0x08,0x08,0x28,0x72,0x2a,0x22,0x02,0x20,0x20,0x28,0x0a,0x0a,0x02,0x00,0x02,0x02,0x0a,0x0a,0x08,0x02,0x02,0x02,0x02,0x02,0x02,0x00,0x02,
    0x00,0x02,0x00,0x00,0x00,0x00,0x00,0x00,0x08,0x08,0x08,0x08,0x08,0x08,0x00,0x00,0x00,0x00,0x00,0x80,0x80,0x80,0x80,0x80,0x00,0x00,0x00,0x00,0x00,0x00,0x00,0x00
  },
  { // 69
    0x80,0x80,0x80,0xe0,0xe8,0xe0,0xf0,0xe0,0xe0,0x70,0xf0,0xf0,0xf0,0xf0,0xe0,0x80,0x80,0x84,0x00,0x00,0x00,0x00,0x00,0x00,0x10,0x10,0x10,0x7c,0x10,0x10,0x10,0x00,
    0x00,0x00,0x00,0x00,0x00,0x00,0x00,0x00,0x00,0x00,0x00,0x80,0x84,0xce,0xc4,0x40,0x60,0x60,0x20,0xb0,0xb0,0x90,0xd0,0xd0,0xd8,0x58,0x58,0x48,0x48,0x48,0x48,0x48,
    0x48,0x48,0x48,0x48,0x58,0x58,0xd8,0xd0,0xd0,0x90,0xb0,0xb0,0x20,0x60,0xe0,0xc0,0xc8,0xe0,0x80,0x80,0x80,0x00,0x00,0x00,0xc0,0x00,0x00,0x00,0x00,0x00,0x00,0x00,
    0x00,0x00,0x00,0x04,0x00,0x00,0x00,0x00,0x00,0x00,0x00,0x20,0x00,0x00,0x00,0x00,0xc0,0xc0,0xc0,0xe0,0xc0,0xc0,0xc8,0x80,0x80,0x80,0x80,0x00,0x00,0x80,0x00,0x00,
    0x01,0x01,0x01,0x01,0x00,0x01,0x01,0x01,0x01,0x01,0x81,0xc1,0xc1,0xc1,0x61,0xf1,0xf1,0xf1,0xe0,0xc0,0xc0,0xc0,0x00,0x00,0x00,0x00,0x00,0x00,0x00,0x00,0x00,0x00,
    0x00,0x00,0x00,0xc0,0x60,0xb0,0xb8,0x9c,0x8e,0xa6,0x73,0x39,0x99,0xcc,0xe6,0x76,0x33,0x9b,0xd9,0xcd,0x6d,0x64,0x3e,0x3e,0x1a,0x1a,0x1a,0x1b,0x0b,0x0b,0x0b,0x0b,
    0x0b,0x0b,0x0b,0x1b,0x1a,0x1a,0x12,0x3e,0x36,0x64,0x6d,0xcd,0xd9,0x9b,0x33,0x76,0xe6,0xcf,0x99,0x39,0x73,0x67,0x8f,0x9d,0xbf,0xb1,0xa1,0x41,0x00,0x00,0x00,0x00,
    0x00,0x00,0x00,0x00,0x00,0x00,0x00,0x00,0x00,0x00,0x00,0x00,0x06,0x06,0x06,0x07,0x07,0x05,0x87,0xc7,0xc7,0xc7,0x83,0x07,0x07,0x07,0x07,0x07,0x07,0x07,0x07,0x00,
    0xa0,0xa0,0xa0,0xa0,0x20,0x20,0x20,0x20,0x20,0x20,0x20,0x20,0x20,0x20,0x20,0x20,0x20,0x20,0x20,0x20,0x20,0x20,0x20,0x20,0x20,0x20,0x20,0x20,0x20,0x20,0x38,0xbc,
    0xbc,0xbc,0xbe,0xbc,0xbd,0xbd,0xbf,0x3f,0xbf,0xb7,0xb7,0xb6,0xbe,0xbe,0x3c,0xbc,0x3b,0x37,0x31,0x30,0x20,0x20,0x20,0x20,0x20,0x20,0x20,0x20,0x20,0x20,0x20,0x20,
    0x20,0x20,0x20,0x20,0x20,0x20,0x20,0x20,0x20,0x20,0x20,0x20,0xb1,0xb7,0x37,0xb8,0xbc,0xbd,0xbe,0xbe,0x36,0xb7,0xb7,0xbf,0xbf,0xbf,0xbd,0xbd,0xbc,0x3e,0x3c,0xbc,
    0x3c,0x38,0x20,0x20,0x20,0x20,0x20,0x20,0x20,0x20,0x20,0x20,0x20,0x20,0x20,0x23,0x23,0x23,0x23,0x21,0x23,0x23,0x23,0x23,0x23,0x23,0x23,0x20,0x20,0x20,0x20,0x20,
    0x00,0x00,0x00,0x00,0x00,0x00,0x00,0x00,0x00,0x00,0x00,0x00,0x00,0x08,0x08,0x08,0x08,0x08,0x08,0x10,0x38,0x10,0x00,0x00,0x00,0x00,0x00,0x00,0x80,0x80,0x80,0x80,
    0x02,0x00,0x00,0x02,0x02,0x02,0x02,0x02,0x02,0x0a,0x08,0x0a,0x02,0x02,0x20,0x2a,0x0a,0x2a,0x28,0x00,0x00,0x02,0x02,0x0a,0x0a,0x0c,0x2e,0x2c,0x28,0x28,0x28,0x20,
    0x28,0x28,0x08,0x08,0x08,0x08,0x08,0x28,0x72,0x2a,0x22,0x02,0x20,0x20,0x28,0x0a,0x0a,0x02,0x00,0x02,0x02,0x0a,0x0a,0x08,0x02,0x02,0x02,0x02,0x02,0x02,0x00,0x02,
    0x00,0x02,0x00,0x00,0x00,0x00,0x00,0x08,0x08,0x08,0x08,0x08,0x08,0x00,0x00,0x00,0x00,0x00,0x00,0x80,0x80,0x80,0x80,0x80,0x00,0x00,0x00,0x00,0x00,0x00,0x00,0x00
  },
  { // 70
    0x80,0x80,0x80,0xe0,0xe8,0xe0,0xf0,0xe0,0xe0,0x70,0xf0,0xf0,0xf0,0xf0,0xe0,0x80,0x80,0x84,0x00,0x00,0x00,0x00,0x00,0x00,0x10,0x10,0x10,0x7c,0x10,0x10,0x10,0x00,
    0x00,0x00,0x00,0x00,0x00,0x00,0x00,0x00,0x00,0x00,0x00,0x80,0x84,0xce,0xc4,0x40,0x60,0x60,0x20,0xb0,0xb0,0x90,0xd0,0xd0,0xd8,0x58,0x58,0x48,0x48,0x48,0x48,0x48,
    0x48,0x48,0x48,0x48,0x58,0x58,0xd8,0xd0,0xd0,0x90,0xb0,0xb0,0x20,0x60,0xe0,0xc0,0xc0,0xe0,0x80,0x80,0x80,0x00,0x00,0x00,0xc0,0x00,0x00,0x00,0x00,0x00,0x00,0x00,
    0x00,0x00,0x00,0x04,0x00,0x00,0x00,0x00,0x00,0x00,0x00,0x20,0x00,0x00,0x00,0x00,0xc0,0xc0,0xc0,0xe0,0xc0,0xc0,0xc8,0x80,0x80,0x80,0x80,0x00,0x00,0x00,0x00,0x00,
    0x01,0x01,0x01,0x01,0x00,0x01,0x01,0x01,0x01,0x01,0x81,0xc1,0xc1,0xc1,0x61,0xf1,0xf1,0xf1,0xe0,0xc0,0xc0,0xc0,0x00,0x00,0x00,0x00,0x00,0x00,0x00,0x00,0x00,0x00,
    0x00,0x00,0x00,0xc0,0x62,0xb0,0xb8,0x9c,0x8e,0xa6,0x73,0x39,0x99,0xcc,0xe6,0x76,0x33,0x9b,0xd9,0xcd,0x6d,0x64,0x3e,0x3e,0x1a,0x1a,0x1a,0x1b,0x0b,0x0b,0x0b,0x0b,
    0x0b,0x0b,0x0b,0x1b,0x1a,0x1a,0x12,0x3e,0x36,0x64,0x6d,0xcd,0xd9,0x9b,0x33,0x76,0xe6,0xcf,0x99,0x39,0x73,0x67,0x8f,0x9d,0xbf,0xb1,0xa1,0x41,0x00,0x00,0x00,0x00,
    0x00,0x00,0x00,0x00,0x00,0x00,0x00,0x00,0x00,0x00,0x00,0x00,0x06,0x06,0x06,0x07,0x07,0x05,0x87,0xc7,0xc7,0xc7,0x83,0x07,0x07,0x07,0x07,0x07,0x06,0x07,0x06,0x00,
    0xa0,0xa0,0xa0,0xa0,0x20,0x20,0x20,0x20,0x20,0x20,0x20,0x20,0x20,0x20,0x20,0x20,0x20,0x20,0x20,0x20,0x20,0x20,0x20,0x20,0x20,0x20,0x20,0x20,0x20,0x20,0x38,0xbc,
    0xbc,0xbc,0xbe,0xbc,0xbd,0xbd,0xbf,0x3f,0xbf,0xb7,0xb7,0xb6,0xbe,0xbe,0x3c,0xbc,0x3b,0x37,0x31,0x30,0x20,0x20,0x20,0x20,0x20,0x20,0x20,0x20,0x20,0x20,0x20,0x20,
    0x20,0x20,0x20,0x20,0x20,0x20,0x20,0x20,0x20,0x20,0x20,0x20,0xb1,0xb7,0x37,0xb8,0xbc,0xbd,0xbe,0xbe,0x36,0xb7,0xb7,0xbf,0xbf,0xbf,0xbd,0xbd,0xbc,0x3e,0x3c,0xbc,
    0x3c,0x38,0x20,0x20,0x20,0x20,0x20,0x20,0x20,0x20,0x20,0x20,0x20,0x20,0x20,0x23,0x23,0x23,0x23,0x21,0x23,0x23,0x23,0x23,0x23,0x23,0x23,0x20,0x20,0x20,0x20,0x20,
    0x00,0x00,0x00,0x00,0x00,0x00,0x00,0x00,0x00,0x00,0x00,0x00,0x00,0x08,0x08,0x08,0x08,0x08,0x08,0x10,0x38,0x10,0x00,0x00,0x00,0x00,0x00,0x00,0x80,0x80,0x80,0x80,
    0x02,0x00,0x00,0x02,0x02,0x02,0x02,0x02,0x02,0x0a,0x08,0x0a,0x02,0x02,0x20,0x2a,0x0a,0x2a,0x28,0x00,0x00,0x02,0x02,0x0a,0x0a,0x0c,0x2e,0x2c,0x28,0x28,0x28,0x20,
    0x28,0x28,0x08,0x08,0x08,0x08,0x08,0x28,0x72,0x2a,0x22,0x02,0x20,0x20,0x28,0x0a,0x0a,0x02,0x00,0x02,0x02,0x0a,0x0a,0x08,0x02,0x02,0x02,0x02,0x02,0x02,0x00,0x02,
    0x00,0x02,0x00,0x00,0x00,0x00,0x00,0x08,0x08,0x08,0x08,0x08,0x08,0x00,0x00,0x00,0x00,0x00,0x00,0x80,0x80,0x80,0x80,0x80,0x00,0x00,0x00,0x00,0x00,0x00,0x00,0x00
  },
  { // 71
    0x80,0x80,0x80,0xc0,0xe8,0xe0,0xf0,0xe0,0xe0,0x70,0xf0,0xf0,0xf0,0xf0,0xe0,0x80,0x80,0x84,0x00,0x00,0x00,0x00,0x00,0x00,0x10,0x10,0x10,0x7c,0x10,0x10,0x10,0x00,
    0x00,0x00,0x00,0x00,0x00,0x00,0x00,0x00,0x00,0x00,0x00,0x80,0x84,0xce,0xc4,0x40,0x60,0x60,0x20,0xb0,0xb0,0x90,0xd0,0xd0,0xd8,0x58,0x58,0x48,0x48,0x48,0x48,0x48,
    0x48,0x48,0x48,0x48,0x58,0x58,0xd8,0xd0,0xd0,0x90,0xb0,0xb0,0x20,0x60,0x60,0x40,0xc0,0xc0,0xc0,0x80,0x00,0x00,0x00,0x00,0xc0,0x00,0x00,0x00,0x00,0x00,0x00,0x00,
    0x00,0x00,0x04,0x0e,0x04,0x00,0x00,0x00,0x00,0x00,0x00,0x20,0x00,0x00,0x00,0x00,0xc0,0xc0,0xc0,0xe0,0xc0,0xc0,0x88,0x80,0x80,0x80,0x80,0x00,0x00,0x00,0x00,0x00,
    0x01,0x01,0x01,0x01,0x00,0x01,0x01,0x01,0x01,0x01,0x81,0xc1,0xc1,0xc1,0x61,0xf1,0xf1,0xf1,0xe0,0xc0,0xc0,0xc0,0x00,0x00,0x00,0x00,0x00,0x00,0x00,0x00,0x00,0x00,
    0x00,0x00,0x00,0xc0,0x62,0xb0,0xb8,0x9c,0x8e,0xa6,0x73,0x39,0x99,0xcc,0xe6,0x76,0x33,0x9b,0xd9,0xcd,0x6d,0x64,0x3e,0x3e,0x1a,0x1a,0x1a,0x1b,0x0b,0x0b,0x0b,0x0b,
    0x0b,0x0b,0x0b,0x1b,0x1a,0x1a,0x12,0x3e,0x36,0x64,0x6d,0xcd,0xd9,0x9b,0x33,0x77,0xe7,0xcd,0x9f,0x39,0x73,0x67,0x8f,0x9d,0xbf,0xb1,0xa1,0x41,0x00,0x00,0x00,0x00,
    0x00,0x00,0x00,0x00,0x00,0x00,0x00,0x00,0x00,0x00,0x00,0x00,0x06,0x06,0x06,0x07,0x07,0x05,0x87,0xc7,0xc7,0xc7,0x83,0x07,0x07,0x07,0x07,0x07,0x06,0x07,0x06,0x00,
    0xa0,0xa0,0xa0,0xa0,0x20,0x20,0x20,0x20,0x20,0x20,0x20,0x20,0x20,0x20,0x20,0x20,0x20,0x20,0x20,0x20,0x20,0x20,0x20,0x20,0x20,0x20,0x20,0x20,0x20,0x20,0x38,0xbc,
    0xbc,0xbc,0xbe,0xbc,0xbd,0xbd,0xbf,0x3f,0xbf,0xb7,0xb7,0xb6,0xbe,0xbe,0x3c,0xbc,0x3b,0x37,0x31,0x30,0x20,0x20,0x20,0x20,0x20,0x20,0x20,0x20,0x20,0x20,0x20,0x20,
    0x20,0x20,0x20,0x20,0x20,0x20,0x20,0x20,0x20,0x20,0x20,0x20,0xb1,0xb7,0x37,0xb8,0xbc,0xbd,0xbe,0xbe,0x36,0xb7,0xb7,0xbf,0xbf,0xbf,0xbd,0xbd,0xbc,0x3e,0x3c,0xbc,
    0x3c,0x38,0x20,0x20,0x20,0x20,0x20,0x20,0x20,0x20,0x20,0x20,0x20,0x20,0x20,0x23,0x23,0x23,0x23,0x21,0x23,0x23,0x23,0x23,0x23,0x23,0x23,0x20,0x20,0x20,0x20,0x20,
    0x00,0x00,0x00,0x00,0x00,0x00,0x00,0x00,0x00,0x00,0x00,0x00,0x00,0x08,0x08,0x08,0x08,0x08,0x08,0x10,0x38,0x10,0x00,0x00,0x00,0x00,0x00,0x00,0x80,0x80,0x80,0x80,
    0x02,0x00,0x00,0x02,0x02,0x02,0x02,0x02,0x02,0x0a,0x08,0x0a,0x02,0x02,0x20,0x2a,0x0a,0x2a,0x28,0x00,0x00,0x02,0x02,0x0a,0x0a,0x0c,0x2e,0x2c,0x28,0x28,0x28,0x20,
    0x28,0x28,0x08,0x08,0x08,0x08,0x08,0x28,0x72,0x2a,0x22,0x02,0x20,0x20,0x28,0x0a,0x0a,0x02,0x00,0x02,0x02,0x0a,0x0a,0x08,0x02,0x02,0x02,0x02,0x02,0x02,0x00,0x02,
    0x00,0x02,0x00,0x00,0x00,0x00,0x00,0x08,0x08,0x08,0x08,0x08,0x08,0x00,0x00,0x00,0x00,0x00,0x00,0x80,0x80,0x80,0x80,0x80,0x00,0x00,0x00,0x00,0x00,0x00,0x00,0x00
  },
  { // 72
    0x80,0x80,0x80,0xc0,0xe8,0xe0,0xf0,0xe0,0xe0,0x70,0xf0,0xf0,0xf0,0xf0,0xe0,0x80,0x80,0x84,0x00,0x00,0x00,0x00,0x00,0x00,0x00,0x00,0x00,0x10,0x00,0x00,0x00,0x00,
    0x00,0x00,0x00,0x00,0x00,0x00,0x00,0x00,0x00,0x00,0x00,0x80,0x84,0xce,0xc4,0x40,0x60,0x60,0x20,0xb0,0xb0,0x90,0xd0,0xd0,0xd8,0x58,0x58,0x48,0x48,0x48,0x48,0x48,
    0x48,0x48,0x48,0x48,0x58,0x58,0xd8,0xd0,0xd0,0x90,0xb0,0xb0,0x20,0x60,0x60,0x40,0xc0,0xc0,0x80,0xc0,0x00,0x00,0x00,0x00,0xc0,0x00,0x00,0x00,0x00,0x00,0x00,0x00,
    0x00,0x00,0x04,0x0e,0x04,0x00,0x00,0x00,0x00,0x00,0x00,0x20,0x00,0x00,0x00,0x00,0xc0,0xc0,0xc0,0xe0,0xc0,0xc0,0x88,0x80,0x80,0x80,0x80,0x00,0x00,0x00,0x00,0x00,
    0x01,0x01,0x01,0x01,0x00,0x01,0x01,0x01,0x01,0x01,0x81,0xc1,0xc1,0xc1,0x61,0xf1,0xf1,0xf1,0xe0,0xc0,0xc0,0xc0,0x00,0x00,0x00,0x00,0x00,0x00,0x00,0x00,0x00,0x00,
    0x00,0x00,0x00,0xc0,0x62,0xb0,0xb8,0x9c,0x8e,0xa6,0x73,0x39,0x99,0xcc,0xe6,0x76,0x33,0x9b,0xd9,0xcd,0x6d,0x64,0x3e,0x3e,0x1a,0x1a,0x1a,0x1b,0x0b,0x0b,0x0b,0x0b,
    0x0b,0x0b,0x0b,0x1b,0x1a,0x1a,0x12,0x3e,0x36,0x64,0x6d,0xcd,0xd9,0x9b,0x33,0x76,0xe7,0xcd,0x99,0x3f,0x73,0x67,0x8f,0x9d,0xbf,0xb1,0xa1,0x41,0x00,0x00,0x00,0x00,
    0x00,0x00,0x00,0x00,0x00,0x00,0x00,0x00,0x00,0x00,0x00,0x00,0x06,0x06,0x06,0x07,0x07,0x05,0x87,0xc7,0xc7,0xc7,0x83,0x07,0x07,0x07,0x07,0x07,0x06,0x07,0x06,0x00,
    0xa0,0xa0,0xa0,0xa0,0x20,0x20,0x20,0x20,0x20,0x20,0x20,0x20,0x20,0x20,0x20,0x20,0x20,0x20,0x20,0x20,0x20,0x20,0x20,0x20,0x20,0x20,0x20,0x20,0x20,0x20,0x38,0xbc,
    0xbc,0xbc,0xbe,0x3c,0xbd,0xbd,0xbf,0xbf,0xbf,0xb7,0xb7,0xb6,0x3e,0xbe,0x3c,0xbc,0xbb,0x37,0x31,0x30,0x20,0x20,0x20,0x20,0x20,0x20,0x20,0x20,0x20,0x20,0x20,0x20,
    0x20,0x20,0x20,0x20,0x20,0x20,0x20,0x20,0x20,0x20,0x20,0x20,0xb1,0xb7,0x37,0xb8,0x3c,0xbd,0xbe,0xbe,0xb6,0xb7,0xb7,0xbf,0xbf,0x3f,0xbd,0xbd,0xbc,0xbe,0x3c,0xbc,
    0x3c,0x38,0x20,0x20,0x20,0x20,0x20,0x20,0x20,0x20,0x20,0x20,0x20,0x20,0x20,0x23,0x23,0x23,0x23,0x21,0x23,0x23,0x23,0x23,0x23,0x23,0x23,0x28,0x20,0x20,0x20,0x20,
    0x00,0x00,0x00,0x00,0x00,0x00,0x00,0x00,0x00,0x00,0x00,0x00,0x00,0x08,0x08,0x08,0x08,0x08,0x08,0x10,0x38,0x10,0x00,0x00,0x00,0x00,0x00,0x00,0x80,0x80,0x80,0x80,
    0x02,0x02,0x00,0x02,0x02,0x02,0x00,0x02,0x0a,0x02,0x0a,0x02,0x02,0x02,0x28,0x28,0x2a,0x2a,0x20,0x00,0x00,0x02,0x0a,0x0a,0x08,0x0c,0x2e,0x24,0x28,0x28,0x08,0x28,
    0x28,0x28,0x28,0x08,0x00,0x08,0x08,0x28,0x7a,0x22,0x20,0x22,0x20,0x20,0x28,0x0a,0x0a,0x02,0x00,0x00,0x0a,0x0a,0x02,0x02,0x02,0x02,0x02,0x02,0x00,0x02,0x00,0x02,
    0x02,0x02,0x00,0x00,0x00,0x00,0x00,0x08,0x08,0x08,0x08,0x08,0x08,0x00,0x00,0x00,0x00,0x00,0x00,0x80,0x80,0x80,0x80,0x80,0x00,0x00,0x00,0x00,0x00,0x00,0x00,0x00
  },
  { // 73
    0x80,0x80,0x80,0xc0,0xe8,0xe0,0xf0,0xf0,0xe0,0x70,0xf0,0xf0,0xf0,0xf0,0xe0,0x80,0x80,0x84,0x00,0x00,0x00,0x00,0x00,0x00,0x00,0x00,0x00,0x10,0x00,0x00,0x00,0x00,
    0x00,0x00,0x00,0x00,0x00,0x00,0x00,0x00,0x00,0x00,0x00,0x80,0x84,0xce,0xc4,0x40,0x60,0x60,0x20,0xb0,0xb0,0x90,0xd0,0xd0,0xd8,0x58,0x58,0x48,0x48,0x48,0x48,0x48,
    0x48,0x48,0x48,0x48,0x58,0x58,0xd8,0xd0,0xd0,0x90,0xb0,0xb0,0x20,0x60,0x60,0x40,0xc0,0xc0,0x80,0xc0,0x00,0x00,0x00,0x00,0xc0,0x00,0x00,0x00,0x00,0x00,0x00,0x00,
    0x00,0x00,0x04,0x0e,0x04,0x00,0x00,0x00,0x00,0x00,0x00,0x20,0x00,0x00,0x00,0x00,0xc0,0xc0,0xe0,0xe0,0xc0,0xc0,0x88,0x80,0x80,0x80,0x80,0x00,0x00,0x00,0x00,0x00,
    0x01,0x01,0x01,0x01,0x00,0x01,0x01,0x01,0x01,0x01,0x81,0xc1,0xc1,0xc1,0x61,0xf1,0xf1,0xf1,0xe0,0xc0,0xc0,0xc0,0x00,0x00,0x00,0x00,0x00,0x00,0x00,0x00,0x00,0x00,
    0x00,0x00,0x00,0xc0,0x62,0xb0,0xb8,0x9c,0x8e,0xa6,0x73,0x39,0x99,0xcc,0xe6,0x76,0x33,0x9b,0xd9,0xcd,0x6d,0x64,0x3e,0x3e,0x1a,0x1a,0x1a,0x1b,0x0b,0x0b,0x0b,0x0b,
    0x0b,0x0b,0x0b,0x1b,0x1a,0x1a,0x12,0x3e,0x36,0x64,0x6d,0xcd,0xd9,0x9b,0x33,0x76,0xe7,0xcd,0x99,0x3f,0x73,0x67,0x8f,0x9d,0xbf,0xb1,0xa1,0x41,0x00,0x00,0x00,0x00,
    0x00,0x00,0x00,0x00,0x00,0x00,0x00,0x00,0x00,0x00,0x00,0x00,0x06,0x06,0x06,0x07,0x07,0x05,0x87,0xc7,0xc7,0xc7,0x83,0x07,0x07,0x07,0x07,0x07,0x06,0x07,0x04,0x00,
    0xa0,0xa0,0xa0,0xa0,0x20,0x20,0x20,0x20,0x20,0x20,0x20,0x20,0x20,0x20,0x20,0x20,0x20,0x20,0x20,0x20,0x20,0x20,0x20,0x20,0x20,0x20,0x20,0x20,0x20,0x20,0x38,0xbc,
    0xbc,0xbc,0xbe,0x3c,0xbd,0xbd,0xbf,0xbf,0xbf,0xb7,0xb7,0xb6,0x3e,0xbe,0x3c,0xbc,0xbb,0x37,0x31,0x30,0x20,0x20,0x20,0x20,0x20,0x20,0x20,0x20,0x20,0x20,0x20,0x20,
    0x20,0x20,0x20,0x20,0x20,0x20,0x20,0x20,0x20,0x20,0x20,0x20,0xb1,0xb7,0x37,0xb8,0x3c,0xbd,0xbe,0xbe,0xb6,0xb7,0xb7,0xbf,0xbf,0x3f,0xbd,0xbd,0xbc,0xbe,0x3c,0xbc,
    0x3c,0x38,0x20,0x20,0x20,0x20,0x20,0x20,0x20,0x20,0x20,0x20,0x20,0x20,0x20,0x23,0x23,0x23,0x23,0x21,0x23,0x23,0x23,0x23,0x23,0x23,0x23,0x28,0x20,0x20,0x20,0x20,
    0x00,0x00,0x00,0x00,0x00,0x00,0x00,0x00,0x00,0x00,0x00,0x00,0x00,0x08,0x08,0x08,0x08,0x08,0x08,0x10,0x38,0x10,0x00,0x00,0x00,0x00,0x00,0x00,0x80,0x80,0x80,0x80,
    0x02,0x02,0x00,0x02,0x02,0x02,0x00,0x02,0x0a,0x02,0x0a,0x02,0x02,0x02,0x28,0x28,0x2a,0x2a,0x20,0x00,0x00,0x02,0x0a,0x0a,0x08,0x0c,0x2e,0x24,0x28,0x28,0x08,0x28,
    0x28,0x28,0x28,0x08,0x00,0x08,0x08,0x28,0x7a,0x22,0x20,0x22,0x20,0x20,0x28,0x0a,0x0a,0x02,0x00,0x00,0x0a,0x0a,0x02,0x02,0x02,0x02,0x02,0x02,0x00,0x02,0x00,0x02,
    0x02,0x02,0x00,0x00,0x00,0x00,0x00,0x08,0x08,0x08,0x08,0x08,0x08,0x00,0x00,0x00,0x00,0x00,0x00,0x80,0x80,0x80,0x80,0x80,0x00,0x00,0x00,0x00,0x00,0x00,0x00,0x00
  },
  { // 74
    0x80,0x80,0x80,0xc0,0xe0,0xe0,0xf0,0xf0,0xe0,0x70,0xf0,0xf0,0xf0,0xf0,0xe0,0x80,0x80,0x84,0x00,0x00,0x00,0x00,0x00,0x00,0x00,0x00,0x00,0x10,0x00,0x00,0x00,0x00,
    0x00,0x00,0x00,0x00,0x00,0x00,0x00,0x00,0x00,0x00,0x00,0x80,0x84,0xce,0xc4,0x40,0x60,0x60,0x20,0xb0,0xb0,0x90,0xd0,0xd0,0xd8,0x58,0x58,0x48,0x48,0x48,0x48,0x48,
    0x48,0x48,0x48,0x48,0x58,0x58,0xd8,0xd0,0xd0,0x90,0xb0,0xb0,0x20,0x60,0x60,0x40,0xc0,0xc0,0x80,0x80,0x80,0x00,0x00,0x00,0xc0,0x00,0x00,0x00,0x00,0x00,0x00,0x00,
    0x00,0x00,0x04,0x0e,0x04,0x00,0x00,0x00,0x00,0x00,0x20,0x70,0x20,0x00,0x00,0x00,0xc0,0xc0,0xe0,0xe0,0xc0,0xc0,0x80,0x80,0x80,0x80,0x80,0x00,0x00,0x00,0x00,0x00,
    0x01,0x01,0x01,0x01,0x00,0x01,0x01,0x01,0x01,0x01,0x81,0xc1,0xc1,0xc1,0x61,0xf1,0xf1,0xf1,0xe0,0xc0,0xc0,0xc0,0x00,0x00,0x00,0x00,0x00,0x00,0x00,0x00,0x00,0x00,
    0x00,0x00,0x00,0xc0,0x62,0xb0,0xb8,0x9c,0x8e,0xa6,0x73,0x39,0x99,0xcc,0xe6,0x76,0x33,0x9b,0xd9,0xcd,0x6d,0x64,0x3e,0x3e,0x1a,0x1a,0x1a,0x1b,0x0b,0x0b,0x0b,0x0b,
    0x0b,0x0b,0x0b,0x1b,0x1a,0x1a,0x12,0x3e,0x36,0x64,0x6d,0xcd,0xd9,0x9b,0x33,0x76,0xe6,0xce,0x9b,0x3b,0x7f,0x67,0x8f,0x9f,0xbf,0xb1,0xa1,0x41,0x00,0x00,0x00,0x00,
    0x00,0x00,0x00,0x00,0x00,0x00,0x00,0x00,0x00,0x00,0x00,0x00,0x06,0x06,0x06,0x07,0x07,0x05,0x87,0xc7,0xc7,0xc7,0x83,0x07,0x07,0x07,0x07,0x07,0x06,0x07,0x04,0x00,
    0xa0,0xa0,0xa0,0xa0,0x20,0x20,0x20,0x20,0x20,0x20,0x20,0x20,0x20,0x20,0x20,0x20,0x20,0x20,0x20,0x20,0x20,0x20,0x21,0x20,0x20,0x20,0x20,0x20,0x20,0x20,0x38,0xbc,
    0xbc,0xbc,0xbe,0x3c,0xbd,0xbd,0xbf,0xbf,0xbf,0xb7,0xb7,0xb6,0x3e,0xbe,0x3c,0xbc,0xbb,0x37,0x31,0x30,0x20,0x20,0x20,0x20,0x20,0x20,0x20,0x20,0x20,0x20,0x20,0x20,
    0x20,0x20,0x20,0x20,0x20,0x20,0x20,0x20,0x20,0x20,0x20,0x20,0xb1,0xb7,0x37,0xb8,0x3c,0xbd,0xbe,0xbe,0xb6,0xb7,0xb7,0xbf,0xbf,0x3f,0xbd,0xbd,0xbc,0xbe,0x3c,0xbc,
    0x3c,0x38,0x20,0x20,0x20,0x20,0x20,0x20,0x20,0x20,0x20,0x20,0x20,0x20,0x20,0x23,0x23,0x23,0x23,0x21,0x23,0x23,0x23,0x23,0x23,0x23,0x23,0x28,0x20,0x20,0x20,0x20,
    0x00,0x00,0x00,0x00,0x00,0x00,0x00,0x00,0x00,0x00,0x00,0x00,0x00,0x08,0x08,0x08,0x08,0x08,0x08,0x10,0x38,0x10,0x00,0x00,0x00,0x00,0x00,0x00,0x80,0x80,0x80,0x80,
    0x02,0x02,0x00,0x02,0x02,0x02,0x00,0x02,0x0a,0x02,0x0a,0x02,0x02,0x02,0x28,0x28,0x2a,0x2a,0x20,0x00,0x00,0x02,0x0a,0x0a,0x08,0x0c,0x2e,0x24,0x28,0x28,0x08,0x28,
    0x28,0x28,0x28,0x08,0x00,0x08,0x08,0x28,0x7a,0x22,0x20,0x22,0x20,0x20,0x28,0x0a,0x0a,0x02,0x00,0x00,0x0a,0x0a,0x02,0x02,0x02,0x02,0x02,0x02,0x00,0x02,0x00,0x02,
    0x02,0x02,0x00,0x00,0x00,0x00,0x00,0x08,0x08,0x08,0x08,0x08,0x08,0x00,0x00,0x00,0x00,0x00,0x00,0x80,0x80,0x80,0x80,0x80,0x00,0x00,0x00,0x00,0x00,0x00,0x00,0x00
  },
  { // 75
    0x80,0x80,0x80,0xc0,0xe0,0xe0,0xf0,0xf0,0xe0,0xf0,0x70,0xf0,0xf0,0xf0,0xe0,0x80,0x80,0x84,0x00,0x00,0x00,0x00,0x00,0x00,0x00,0x00,0x00,0x10,0x00,0x00,0x00,0x00,
    0x00,0x00,0x00,0x00,0x00,0x00,0x00,0x00,0x00,0x00,0x00,0x80,0x80,0xc4,0xc0,0x40,0x60,0x60,0x20,0xb0,0xb0,0x90,0xd0,0xd0,0xd8,0x58,0x58,0x48,0x48,0x48,0x48,0x48,
    0x48,0x48,0x48,0x48,0x58,0x58,0xd8,0xd0,0xd0,0x90,0xb0,0xb0,0x20,0x60,0x60,0x40,0xc0,0xc0,0x80,0x80,0x80,0x00,0x00,0x00,0xc0,0x00,0x00,0x00,0x00,0x00,0x00,0x00,
    0x00,0x00,0x04,0x0e,0x04,0x00,0x00,0x00,0x00,0x00,0x20,0x70,0x20,0x00,0x00,0x80,0xc0,0xc0,0xe0,0xe0,0xc0,0xc0,0x80,0x80,0x80,0x80,0x80,0x00,0x00,0x00,0x00,0x00,
    0x01,0x01,0x01,0x01,0x00,0x01,0x01,0x01,0x01,0x01,0x81,0xc1,0xc1,0xc1,0x61,0xf1,0xf1,0xf1,0xe0,0xc0,0xc0,0xc0,0x00,0x00,0x00,0x00,0x00,0x00,0x00,0x00,0x00,0x00,
    0x00,0x00,0x00,0x40,0xa2,0xd0,0xd8,0xdc,0xce,0xc6,0xb3,0x39,0x19,0x4c,0xe6,0x76,0x33,0x9b,0xd9,0xcd,0x6d,0x64,0x3e,0x3e,0x1a,0x1a,0x1a,0x1b,0x0b,0x0b,0x0b,0x0b,
    0x0b,0x0b,0x0b,0x1b,0x1a,0x1a,0x12,0x3e,0x36,0x64,0x6d,0xcd,0xd9,0x9b,0x33,0x76,0xe6,0xce,0x9b,0x3b,0x7f,0xe7,0x4f,0x1f,0x3f,0x71,0x61,0xc1,0x00,0x00,0x00,0x00,
    0x00,0x00,0x00,0x00,0x00,0x00,0x00,0x00,0x00,0x00,0x00,0x00,0x06,0x06,0x06,0x07,0x07,0x05,0x87,0xc7,0xc7,0xc7,0x83,0x07,0x07,0x07,0x07,0x06,0x06,0x06,0x04,0x00,
    0xa0,0xa0,0xa0,0xa0,0x20,0x20,0x20,0x20,0x20,0x24,0x20,0x20,0x20,0x20,0x20,0x20,0x20,0x20,0x20,0x20,0x20,0x20,0x21,0x20,0x20,0x20,0x20,0x20,0x20,0x30,0x3c,0x3e,
    0xbe,0xbe,0xbf,0xbe,0xbe,0xbe,0xbf,0xbf,0x3f,0xbb,0xbb,0xbb,0xbf,0xbf,0xae,0x2e,0xad,0x3b,0x39,0x38,0x20,0x20,0x20,0x20,0x20,0x20,0x20,0x20,0x20,0x20,0x20,0x20,
    0x20,0x20,0x20,0x20,0x20,0x20,0x20,0x20,0x20,0x20,0x20,0x20,0x21,0xa7,0xbf,0x34,0xb8,0xb9,0xbd,0xbd,0xac,0x2e,0xaf,0xbf,0xbf,0xbf,0xbb,0xba,0xb9,0xbc,0x38,0x38,
    0xba,0x30,0x20,0x20,0x20,0x20,0x20,0x20,0x20,0x20,0x20,0x20,0x20,0x20,0x20,0x23,0x23,0x23,0x23,0x21,0x23,0x23,0x23,0x23,0x23,0x23,0x23,0x28,0x20,0x20,0x20,0x20,
    0x00,0x00,0x00,0x00,0x00,0x00,0x02,0x00,0x00,0x00,0x00,0x00,0x00,0x08,0x08,0x08,0x08,0x08,0x08,0x00,0x10,0x00,0x00,0x00,0x00,0x00,0x00,0x00,0x80,0x80,0x80,0x80,
    0x02,0x02,0x00,0x02,0x02,0x02,0x02,0x02,0x0a,0x0a,0x0a,0x00,0x02,0x02,0x20,0x2a,0x2a,0x0a,0x20,0x00,0x00,0x02,0x0a,0x02,0x0a,0x0c,0x0e,0x2c,0x28,0x28,0x28,0x28,
    0x20,0x28,0x28,0x08,0x08,0x08,0x08,0x28,0x7a,0x22,0x22,0x22,0x00,0x28,0x28,0x08,0x0a,0x02,0x00,0x02,0x0a,0x0a,0x0a,0x02,0x00,0x02,0x02,0x02,0x02,0x02,0x00,0x02,
    0x02,0x00,0x00,0x00,0x00,0x00,0x00,0x08,0x08,0x08,0x08,0x08,0x08,0x00,0x00,0x00,0x00,0x00,0x00,0x80,0x80,0x80,0x80,0x80,0x00,0x00,0x00,0x00,0x00,0x00,0x00,0x00
  },
  { // 76
    0x80,0x80,0x80,0xc0,0xe0,0xe0,0xf0,0xf0,0xe0,0xf0,0x70,0xf0,0xf0,0xf0,0xe0,0x80,0x80,0x80,0x00,0x00,0x00,0x00,0x00,0x00,0x00,0x00,0x00,0x10,0x00,0x00,0x00,0x00,
    0x00,0x00,0x00,0x00,0x00,0x00,0x00,0x00,0x00,0x00,0x00,0x80,0x80,0xc4,0xc0,0x40,0x60,0x60,0x20,0xb0,0xb0,0x90,0xd0,0xd0,0xd8,0x58,0x58,0x48,0x48,0x48,0x48,0x48,
    0x48,0x48,0x48,0x48,0x58,0x58,0xd8,0xd0,0xd0,0x90,0xb0,0xb0,0x20,0x60,0x60,0x40,0xc0,0xc0,0x80,0x80,0x00,0x80,0x00,0x00,0xc0,0x00,0x00,0x00,0x00,0x00,0x00,0x00,
    0x00,0x00,0x04,0x0e,0x04,0x00,0x00,0x00,0x00,0x00,0x20,0x70,0x20,0x00,0x00,0x80,0xc0,0xc0,0xe0,0xe0,0xc0,0xc0,0x80,0x80,0x80,0x80,0x80,0x00,0x00,0x00,0x00,0x00,
    0x01,0x01,0x01,0x01,0x00,0x01,0x01,0x01,0x01,0x01,0x81,0xc1,0xc1,0xe1,0x61,0xf1,0xf1,0xf1,0xe0,0xc0,0xc0,0xc0,0x00,0x00,0x00,0x00,0x00,0x00,0x00,0x00,0x00,0x00,
    0x00,0x00,0x00,0x40,0xa2,0xd0,0xd8,0xdc,0xce,0xc6,0xb3,0x39,0x19,0x4c,0xe6,0x76,0x33,0x9b,0xd9,0xcd,0x6d,0x64,0x36,0x3e,0x12,0x1a,0x1a,0x1b,0x0b,0x0b,0x0b,0x0b,
    0x0b,0x0b,0x0b,0x1b,0x1a,0x1a,0x12,0x3e,0x36,0x64,0x6d,0xcd,0xd9,0x9b,0x33,0x76,0xe6,0xcc,0x9b,0x3b,0x73,0xef,0x4f,0x1f,0x3f,0x71,0x61,0xc1,0x00,0x00,0x00,0x00,
    0x00,0x00,0x00,0x00,0x00,0x00,0x00,0x00,0x00,0x00,0x00,0x00,0x06,0x06,0x06,0x07,0x07,0x05,0x87,0xc7,0xc7,0xc7,0x83,0x87,0x07,0x07,0x07,0x06,0x06,0x06,0x04,0x00,
    0xa0,0xa0,0xa0,0xa0,0x20,0x20,0x20,0x20,0x20,0x24,0x20,0x20,0x20,0x20,0x20,0x20,0x20,0x20,0x20,0x20,0x20,0x20,0x21,0x20,0x20,0x20,0x20,0x20,0x20,0x30,0x3c,0x3e,
    0xbe,0xbe,0xbf,0xbe,0xbe,0xbe,0xbf,0xbf,0x3f,0xbb,0xbb,0xbb,0xbf,0xbf,0xae,0x2e,0xad,0x3b,0x39,0x38,0x20,0x20,0x20,0x20,0x20,0x20,0x20,0x20,0x20,0x20,0x20,0x20,
    0x20,0x20,0x20,0x20,0x20,0x20,0x20,0x20,0x20,0x20,0x20,0x20,0x21,0xa7,0xbf,0x34,0xb8,0xb9,0xbd,0xbd,0xac,0x2e,0xaf,0xbf,0xbf,0xbf,0xbb,0xba,0xb9,0xbc,0x38,0x38,
    0xba,0x30,0x20,0x20,0x20,0x20,0x20,0x20,0x20,0x20,0x20,0x20,0x20,0x20,0x20,0x23,0x23,0x23,0x23,0x21,0x23,0x23,0x23,0x23,0x23,0x23,0x23,0x28,0x20,0x20,0x20,0x20,
    0x00,0x00,0x00,0x00,0x00,0x00,0x02,0x00,0x00,0x00,0x00,0x00,0x00,0x00,0x08,0x08,0x08,0x08,0x08,0x08,0x10,0x00,0x00,0x00,0x00,0x00,0x00,0x00,0x80,0x80,0x80,0x80,
    0x02,0x02,0x00,0x02,0x02,0x02,0x02,0x0a,0x0a,0x0a,0x02,0x00,0x02,0x0a,0x20,0x2a,0x2a,0x02,0x20,0x00,0x00,0x0a,0x0a,0x02,0x0a,0x08,0x0c,0x28,0x28,0x28,0x28,0x28,
    0x20,0x28,0x28,0x08,0x08,0x08,0x08,0x28,0x72,0x22,0x22,0x22,0x08,0x28,0x28,0x08,0x02,0x02,0x00,0x0a,0x0a,0x0a,0x02,0x02,0x00,0x02,0x02,0x02,0x02,0x02,0x00,0x02,
    0x02,0x00,0x00,0x00,0x00,0x00,0x00,0x08,0x08,0x08,0x08,0x08,0x08,0x00,0x00,0x00,0x00,0x00,0x80,0x80,0x80,0x80,0x80,0x00,0x00,0x00,0x00,0x00,0x00,0x00,0x00,0x00
  },
  { // 77
    0x80,0x80,0x80,0xc0,0xe0,0xe0,0xf0,0xf0,0xe0,0xe0,0x70,0xf0,0xf0,0xf0,0xe0,0x80,0x80,0x80,0x00,0x00,0x00,0x00,0x00,0x00,0x00,0x00,0x00,0x00,0x00,0x00,0x00,0x00,
    0x00,0x00,0x00,0x00,0x00,0x00,0x00,0x00,0x00,0x00,0x00,0x80,0x80,0xc4,0xc0,0x40,0x60,0x60,0x20,0xb0,0xb0,0x90,0xd0,0xd0,0xd8,0x58,0x58,0x48,0x48,0x48,0x48,0x48,
    0x48,0x48,0x48,0x48,0x58,0x58,0xd8,0xd0,0xd0,0x90,0xb0,0xb0,0x20,0x60,0x60,0x40,0xc0,0xc0,0x80,0x80,0x00,0x00,0x00,0x00,0xc0,0x00,0x00,0x00,0x00,0x00,0x00,0x00,
    0x00,0x00,0x04,0x0e,0x04,0x00,0x00,0x00,0x00,0x00,0x20,0x70,0x20,0x00,0x00,0x80,0xc0,0xc0,0xe0,0xe0,0xc0,0xc0,0x80,0x80,0x80,0x80,0x00,0x00,0x00,0x00,0x00,0x00,
    0x01,0x01,0x01,0x01,0x00,0x01,0x01,0x01,0x01,0x01,0x81,0xc1,0xc1,0xe1,0x61,0xf1,0xf1,0xf1,0xe0,0xc0,0xc0,0xc0,0x00,0x00,0x00,0x00,0x00,0x00,0x00,0x00,0x00,0x00,
    0x00,0x00,0x00,0x40,0xa2,0xd0,0xd8,0xdc,0xce,0xc6,0xb3,0x39,0x19,0x4c,0xe6,0x76,0x33,0x9b,0xd9,0xcd,0x6d,0x64,0x36,0x3e,0x12,0x1a,0x1a,0x1b,0x0b,0x0b,0x0b,0x0b,
    0x0b,0x0b,0x0b,0x1b,0x1a,0x1a,0x12,0x36,0x36,0x64,0x6d,0xcd,0xd9,0x9b,0x33,0x76,0xe6,0xcc,0x9d,0x3d,0x77,0xff,0x4f,0x1d,0x3f,0x71,0x61,0xc1,0x00,0x00,0x00,0x00,
    0x00,0x00,0x00,0x00,0x00,0x00,0x00,0x00,0x00,0x00,0x00,0x00,0x06,0x06,0x06,0x07,0x07,0x05,0x87,0xc7,0xc7,0xc7,0x83,0x87,0x07,0x07,0x07,0x06,0x06,0x06,0x04,0x00,
    0xa0,0xa0,0xa0,0xa0,0x20,0x20,0x20,0x20,0x20,0x24,0x20,0x20,0x20,0x20,0x20,0x20,0x20,0x20,0x20,0x20,0x20,0x20,0x21,0x20,0x20,0x20,0x20,0x20,0x20,0x30,0x3c,0x3e,
    0xbe,0xbe,0xbf,0xbe,0xbe,0xbe,0xbf,0xbf,0x3f,0xbb,0xbb,0xbb,0xbf,0xbf,0xae,0x2e,0xad,0x3b,0x39,0x38,0x20,0x20,0x20,0x20,0x20,0x20,0x20,0x20,0x20,0x20,0x20,0x20,
    0x20,0x20,0x20,0x20,0x20,0x20,0x20,0x20,0x20,0x20,0x20,0x20,0x21,0xa7,0xbf,0x34,0xb8,0xb9,0xbd,0xbd,0xac,0x2e,0xaf,0xbf,0xbf,0xbf,0xbb,0xba,0xb9,0xbc,0x38,0x38,
    0xba,0x30,0x20,0x20,0x20,0x20,0x20,0x20,0x20,0x20,0x20,0x20,0x20,0x20,0x20,0x23,0x23,0x23,0x23,0x21,0x23,0x23,0x23,0x23,0x23,0x23,0x23,0x28,0x20,0x20,0x20,0x20,
    0x00,0x00,0x00,0x00,0x00,0x00,0x02,0x00,0x00,0x00,0x00,0x00,0x00,0x00,0x08,0x08,0x08,0x08,0x08,0x08,0x10,0x00,0x00,0x00,0x00,0x00,0x00,0x00,0x80,0x80,0x80,0x80,
    0x02,0x02,0x00,0x02,0x02,0x02,0x02,0x0a,0x0a,0x0a,0x02,0x00,0x02,0x0a,0x20,0x2a,0x2a,0x02,0x20,0x00,0x00,0x0a,0x0a,0x02,0x0a,0x08,0x0c,0x28,0x28,0x28,0x28,0x28,
    0x20,0x28,0x28,0x08,0x08,0x08,0x08,0x08,0x22,0x02,0x22,0x22,0x08,0x28,0x28,0x08,0x02,0x02,0x00,0x0a,0x0a,0x0a,0x02,0x02,0x00,0x02,0x02,0x02,0x02,0x02,0x00,0x02,
    0x02,0x00,0x00,0x00,0x00,0x00,0x00,0x08,0x08,0x08,0x08,0x08,0x08,0x00,0x00,0x00,0x00,0x00,0x80,0x80,0x80,0x80,0x80,0x00,0x00,0x00,0x00,0x00,0x00,0x00,0x00,0x00
  },
  { // 78
    0x80,0x80,0x80,0xc0,0xe0,0xe0,0xf0,0xf0,0xe0,0xe0,0x70,0xf0,0xf0,0xf0,0xe0,0xc0,0x80,0x80,0x00,0x00,0x00,0x00,0x00,0x00,0x00,0x00,0x00,0x00,0x00,0x00,0x00,0x00,
    0x00,0x00,0x00,0x00,0x00,0x00,0x00,0x00,0x00,0x00,0x00,0x80,0x80,0xc4,0xc0,0x40,0x60,0x60,0x20,0xb0,0xb0,0x90,0xd0,0xd0,0xd8,0x58,0x58,0x48,0x48,0x48,0x48,0x48,
    0x48,0x48,0x48,0x48,0x58,0x58,0xd8,0xd0,0xd0,0x90,0xb0,0xb0,0x20,0x60,0x60,0x40,0xc0,0xc0,0x80,0x80,0x00,0x00,0x00,0x00,0xc0,0x00,0x00,0x00,0x00,0x00,0x00,0x00,
    0x00,0x00,0x04,0x0e,0x04,0x00,0x00,0x00,0x00,0x00,0x20,0x70,0x20,0x00,0x00,0x80,0xc0,0xc0,0xe0,0xe0,0xc0,0xc0,0x80,0x80,0x80,0x80,0x00,0x00,0x00,0x00,0x00,0x00,
    0x01,0x01,0x01,0x01,0x01,0x00,0x01,0x01,0x01,0x01,0xc1,0xc1,0xc1,0xe1,0x71,0xf1,0xf1,0xe1,0xe1,0xc0,0xc0,0xc0,0x00,0x00,0x00,0x00,0x00,0x00,0x00,0x00,0x00,0x00,
    0x00,0x00,0x00,0x40,0xa2,0xd0,0xd8,0xdc,0xce,0xc6,0xb3,0x39,0x19,0x4c,0xe6,0x76,0x33,0x9b,0xd9,0xcd,0x6d,0x64,0x36,0x3e,0x12,0x1a,0x1a,0x1b,0x0b,0x0b,0x0b,0x0b,
    0x0b,0x0b,0x0b,0x1b,0x1a,0x1a,0x12,0x36,0x36,0x64,0x6d,0xcd,0xd9,0x9b,0x33,0x76,0xe6,0xcc,0x99,0x3d,0x77,0xe7,0x5f,0x1d,0x3f,0x75,0x61,0xc1,0x00,0x00,0x00,0x00,
    0x00,0x00,0x00,0x00,0x00,0x00,0x00,0x00,0x00,0x00,0x00,0x04,0x06,0x06,0x06,0x07,0x05,0x07,0x87,0x87,0xc7,0xc7,0xc3,0x87,0x07,0x07,0x07,0x06,0x06,0x06,0x00,0x00,
    0xa0,0xa0,0xa0,0xa0,0xa0,0x20,0x20,0x20,0x20,0x24,0x20,0x20,0x20,0x20,0x20,0x20,0x20,0x20,0x20,0x20,0x20,0x20,0x21,0x20,0x20,0x20,0x20,0x20,0x20,0x30,0x3c,0x3e,
    0xbe,0xbe,0xbf,0xbe,0xbe,0xbe,0xbf,0xbf,0x3f,0xbb,0xbb,0xbb,0xbf,0xbf,0xae,0x2e,0xad,0x3b,0x39,0x38,0x20,0x20,0x20,0x20,0x20,0x20,0x20,0x20,0x20,0x20,0x20,0x20,
    0x20,0x20,0x20,0x20,0x20,0x20,0x20,0x20,0x20,0x20,0x20,0x20,0x21,0xa7,0xbf,0x34,0xb8,0xb9,0xbd,0xbd,0xac,0x2e,0xaf,0xbf,0xbf,0xbf,0xbb,0xba,0xb9,0xbc,0x38,0x38,
    0xba,0x30,0x20,0x20,0x20,0x20,0x20,0x20,0x20,0x20,0x20,0x20,0x20,0x20,0x20,0x23,0x23,0x23,0x23,0x21,0x23,0x23,0x23,0x23,0x23,0x23,0x23,0x2a,0x20,0x20,0x20,0x20,
    0x00,0x00,0x00,0x00,0x00,0x00,0x02,0x00,0x00,0x00,0x00,0x00,0x00,0x00,0x08,0x08,0x08,0x08,0x08,0x08,0x10,0x00,0x00,0x00,0x00,0x00,0x00,0x00,0x80,0x80,0x80,0x80,
    0x02,0x02,0x00,0x02,0x02,0x02,0x02,0x0a,0x0a,0x0a,0x02,0x00,0x02,0x0a,0x20,0x2a,0x2a,0x02,0x20,0x00,0x00,0x0a,0x0a,0x02,0x0a,0x08,0x0c,0x28,0x28,0x28,0x28,0x28,
    0x20,0x28,0x28,0x08,0x08,0x08,0x08,0x08,0x22,0x02,0x22,0x22,0x08,0x28,0x28,0x08,0x02,0x02,0x00,0x0a,0x0a,0x0a,0x02,0x02,0x00,0x02,0x02,0x02,0x02,0x02,0x00,0x02,
    0x02,0x00,0x00,0x00,0x00,0x00,0x08,0x08,0x08,0x08,0x08,0x08,0x00,0x00,0x00,0x00,0x00,0x00,0x80,0x80,0x80,0x80,0x80,0x00,0x00,0x00,0x00,0x00,0x00,0x00,0x00,0x00
  },
  { // 79
    0x80,0x80,0x80,0xc0,0xe0,0xe0,0xf0,0xf0,0xe0,0xe0,0x70,0xf0,0xf0,0xf0,0xe0,0xc0,0x80,0x80,0x00,0x00,0x00,0x00,0x00,0x00,0x00,0x00,0x00,0x00,0x00,0x00,0x00,0x00,
    0x00,0x00,0x00,0x00,0x00,0x00,0x00,0x00,0x00,0x00,0x00,0x80,0x80,0xc4,0xc0,0x40,0x60,0x60,0x20,0xb0,0xb0,0x90,0xd0,0xd0,0xd8,0x58,0x58,0x48,0x48,0x48,0x48,0x48,
    0x48,0x48,0x48,0x48,0x58,0x58,0xd8,0xd0,0xd0,0x90,0xb0,0xb0,0x20,0x60,0x60,0x40,0xc0,0xc0,0x80,0x80,0x00,0x00,0x00,0x00,0xc0,0x00,0x00,0x00,0x00,0x00,0x00,0x00,
    0x00,0x00,0x04,0x0e,0x04,0x00,0x00,0x00,0x00,0x00,0x20,0x70,0x20,0x00,0x00,0x80,0xc0,0xc0,0xe0,0xe0,0xc0,0xc0,0x80,0x80,0x80,0x80,0x00,0x00,0x00,0x00,0x00,0x00,
    0x01,0x01,0x01,0x01,0x01,0x00,0x01,0x01,0x01,0x01,0xc1,0xc1,0xc1,0xe1,0x71,0xf1,0xf1,0xe1,0xe1,0xc0,0xc0,0x80,0x00,0x00,0x00,0x00,0x00,0x00,0x00,0x00,0x00,0x00,
    0x00,0x00,0x00,0x40,0xa2,0xd0,0xd8,0xdc,0xce,0xc6,0xb3,0x39,0x19,0x4c,0xe6,0x76,0x33,0x9b,0xd9,0xcd,0x6d,0x64,0x36,0x3e,0x12,0x1a,0x1a,0x1b,0x0b,0x0b,0x0b,0x0b,
    0x0b,0x0b,0x0b,0x1b,0x1a,0x1a,0x12,0x36,0x36,0x64,0x6d,0xcd,0xd9,0x9b,0x33,0x76,0xe6,0xcc,0x99,0x3d,0x77,0xe7,0x5f,0x1d,0x3f,0x75,0x61,0xc1,0x00,0x00,0x00,0x00,
    0x00,0x00,0x00,0x00,0x00,0x00,0x00,0x00,0x00,0x00,0x00,0x04,0x06,0x06,0x06,0x07,0x05,0x07,0x87,0x87,0xc7,0xc7,0xc3,0x87,0x07,0x07,0x07,0x06,0x06,0x06,0x00,0x00,
    0xa0,0xa0,0xa0,0xa0,0xa0,0x20,0x20,0x20,0x20,0x24,0x20,0x20,0x20,0x20,0x20,0x20,0x20,0x20,0x20,0x20,0x20,0x20,0x21,0x20,0x20,0x20,0x20,0x20,0x20,0x30,0x3c,0x3e,
    0xbe,0xbe,0xbf,0xbe,0x3e,0xbe,0xbf,0xbf,0xbf,0xbb,0xbb,0xbb,0xbf,0x3f,0xae,0x2e,0xad,0xbb,0x39,0x38,0x20,0x20,0x20,0x20,0x20,0x20,0x20,0x20,0x20,0x20,0x20,0x20,
    0x20,0x20,0x20,0x20,0x20,0x20,0x20,0x20,0x20,0x20,0x20,0x20,0x21,0xa7,0xbf,0x34,0xb8,0x39,0xbd,0xbd,0xac,0xae,0xaf,0xbf,0xbf,0xbf,0x3b,0xba,0xb9,0xbc,0xb8,0x38,
    0xba,0x30,0x20,0x20,0x20,0x20,0x20,0x20,0x20,0x20,0x20,0x20,0x20,0x20,0x20,0x22,0x23,0x23,0x23,0x21,0x23,0x23,0x23,0x23,0x23,0x23,0x2b,0x3e,0x28,0x20,0x20,0x20,
    0x00,0x00,0x00,0x00,0x00,0x00,0x02,0x00,0x00,0x00,0x00,0x00,0x00,0x00,0x08,0x08,0x08,0x08,0x08,0x08,0x10,0x00,0x00,0x00,0x00,0x00,0x00,0x00,0x80,0x80,0x80,0x80,
    0x02,0x02,0x00,0x02,0x02,0x02,0x02,0x08,0x0a,0x0a,0x02,0x02,0x02,0x0a,0x28,0x2a,0x28,0x22,0x20,0x00,0x00,0x0a,0x0a,0x0a,0x0a,0x08,0x2c,0x28,0x20,0x28,0x28,0x08,
    0x28,0x28,0x28,0x08,0x08,0x00,0x08,0x08,0x22,0x02,0x22,0x20,0x28,0x28,0x20,0x0a,0x02,0x02,0x00,0x0a,0x08,0x0a,0x02,0x02,0x02,0x02,0x02,0x02,0x02,0x00,0x00,0x02,
    0x02,0x02,0x00,0x00,0x00,0x00,0x08,0x08,0x08,0x08,0x08,0x08,0x00,0x00,0x00,0x00,0x00,0x00,0x80,0x80,0x80,0x80,0x80,0x00,0x00,0x00,0x00,0x00,0x00,0x00,0x00,0x00
  },
  { // 80
    0x80,0x80,0x80,0xc0,0xe0,0xe0,0xf0,0xf0,0xe0,0xe0,0x70,0xf0,0xf0,0xf0,0xf0,0xc0,0x80,0x80,0x00,0x00,0x00,0x00,0x00,0x00,0x00,0x00,0x00,0x00,0x00,0x00,0x00,0x00,
    0x00,0x00,0x00,0x00,0x00,0x00,0x00,0x00,0x00,0x00,0x00,0x80,0x80,0xc4,0xc0,0x40,0x60,0x60,0x20,0xb0,0xb0,0x90,0xd0,0xd0,0xd8,0x58,0x58,0x48,0x48,0x48,0x48,0x48,
    0x48,0x48,0x48,0x48,0x58,0x58,0xd8,0xd0,0xd0,0x90,0xb0,0xb0,0x20,0x60,0x60,0x40,0xc0,0xc0,0x80,0x80,0x00,0x00,0x00,0x00,0xc0,0x00,0x00,0x00,0x00,0x00,0x00,0x00,
    0x00,0x00,0x04,0x0e,0x04,0x00,0x00,0x00,0x00,0x00,0x20,0x70,0x20,0x00,0x00,0x80,0xc0,0xc0,0xe0,0xe0,0xc0,0xc0,0x80,0x80,0x80,0x80,0x00,0x00,0x00,0x00,0x00,0x00,
    0x01,0x01,0x01,0x01,0x01,0x00,0x01,0x01,0x01,0x01,0xc1,0xc1,0xc1,0xe1,0x71,0xf1,0xf1,0xe1,0xc1,0xc0,0xc0,0x80,0x00,0x00,0x00,0x00,0x00,0x00,0x00,0x00,0x00,0x00,
    0x00,0x00,0x00,0x40,0xa2,0xd0,0xd8,0xdc,0xce,0xc6,0xb3,0x39,0x19,0x4c,0xe6,0x76,0x33,0x9b,0xd9,0xcd,0x6d,0x64,0x36,0x3e,0x12,0x1a,0x1a,0x1b,0x0b,0x0b,0x0b,0x0b,
    0x0b,0x0b,0x0b,0x1b,0x1a,0x1a,0x12,0x36,0x36,0x64,0x6d,0xcd,0xd9,0x9b,0x33,0x76,0xe6,0xcc,0x99,0x39,0x7b,0xef,0x4f,0x3f,0x3f,0x79,0x69,0xc1,0x00,0x00,0x00,0x00,
    0x00,0x00,0x00,0x00,0x00,0x00,0x00,0x00,0x00,0x00,0x00,0x04,0x06,0x06,0x06,0x07,0x05,0x07,0x07,0x87,0xc7,0xc7,0xc3,0x87,0x07,0x07,0x07,0x06,0x06,0x06,0x00,0x00,
    0xa0,0xa0,0xa0,0xa0,0xa0,0x20,0x20,0x20,0x20,0x24,0x20,0x20,0x20,0x20,0x20,0x20,0x20,0x20,0x20,0x20,0x20,0x20,0x21,0x20,0x20,0x20,0x20,0x20,0x20,0x30,0x3c,0x3e,
    0x3e,0xbe,0xbf,0xbe,0x3e,0xbe,0xbf,0xbf,0xbf,0xbb,0xbb,0xbb,0xbf,0x3f,0xae,0xae,0x2d,0xbb,0xb9,0x38,0x20,0x20,0x20,0x20,0x20,0x20,0x20,0x20,0x20,0x20,0x20,0x20,
    0x20,0x20,0x20,0x20,0x20,0x20,0x20,0x20,0x20,0x20,0x20,0x20,0x21,0x27,0xbf,0xb4,0x38,0x39,0xbd,0xbd,0xac,0xae,0xaf,0xbf,0xbf,0xbf,0x3b,0xba,0xb9,0xbc,0xb8,0xba,
    0x3b,0xb2,0x20,0x20,0x20,0x20,0x20,0x20,0x20,0x20,0x20,0x20,0x20,0x20,0x20,0x22,0x23,0x23,0x23,0x21,0x23,0x23,0x23,0x23,0x23,0x23,0x2b,0x3e,0x28,0x20,0x20,0x20,
    0x00,0x00,0x00,0x00,0x00,0x00,0x02,0x00,0x00,0x00,0x00,0x00,0x00,0x00,0x08,0x08,0x08,0x08,0x08,0x08,0x10,0x00,0x00,0x00,0x00,0x00,0x00,0x00,0x80,0x80,0x80,0x80,
    0x02,0x02,0x00,0x02,0x02,0x02,0x02,0x08,0x0a,0x0a,0x02,0x02,0x02,0x0a,0x28,0x2a,0x28,0x22,0x20,0x00,0x00,0x0a,0x0a,0x0a,0x0a,0x08,0x2c,0x28,0x20,0x28,0x28,0x08,
    0x28,0x28,0x28,0x08,0x08,0x00,0x08,0x08,0x22,0x02,0x22,0x20,0x28,0x28,0x20,0x0a,0x02,0x02,0x00,0x0a,0x08,0x0a,0x02,0x02,0x02,0x02,0x02,0x02,0x02,0x00,0x00,0x02,
    0x02,0x02,0x00,0x00,0x00,0x00,0x08,0x08,0x08,0x08,0x08,0x08,0x00,0x00,0x00,0x00,0x00,0x00,0x80,0x80,0x80,0x80,0x80,0x00,0x00,0x00,0x00,0x00,0x00,0x00,0x00,0x00
  },
  { // 81
    0x80,0x80,0x80,0x80,0xe0,0xe0,0xf0,0xf0,0xe0,0xe0,0x70,0xf0,0xf0,0xf0,0xf0,0xe0,0x80,0x80,0x00,0x00,0x00,0x00,0x00,0x00,0x00,0x00,0x00,0x00,0x00,0x00,0x00,0x00,
    0x00,0x00,0x00,0x00,0x00,0x00,0x00,0x00,0x00,0x00,0x00,0x80,0x80,0xc4,0xc0,0x40,0x60,0x60,0x20,0xb0,0xb0,0x90,0xd0,0xd0,0xd8,0x58,0x58,0x48,0x48,0x48,0x48,0x48,
    0x48,0x48,0x48,0x48,0x58,0x58,0xd8,0xd0,0xd0,0x90,0xb0,0xb0,0x20,0x60,0x60,0x40,0xc8,0xc0,0x80,0x80,0x00,0x00,0x00,0x00,0xc0,0x00,0x00,0x00,0x00,0x00,0x00,0x00,
    0x00,0x00,0x04,0x0e,0x04,0x00,0x00,0x00,0x00,0x00,0x20,0x70,0x20,0x00,0x00,0x80,0xc0,0xc0,0xe0,0xe0,0xc0,0xc0,0x80,0x80,0x80,0x80,0x00,0x00,0x00,0x00,0x00,0x00,
    0x01,0x01,0x01,0x01,0x01,0x00,0x01,0x01,0x01,0x01,0xc1,0xc1,0xc1,0xe1,0x71,0xf1,0xf1,0xe1,0xc1,0xc0,0xc0,0x80,0x00,0x00,0x00,0x00,0x00,0x00,0x00,0x00,0x00,0x00,
    0x00,0x00,0x00,0x40,0xa2,0xd0,0xd8,0xdc,0xce,0xc6,0xb3,0x39,0x19,0x4c,0xe6,0x76,0x33,0x9b,0xd9,0xcd,0x6d,0x64,0x36,0x3e,0x12,0x1a,0x1a,0x1b,0x0b,0x0b,0x0b,0x0b,
    0x0b,0x0b,0x0b,0x1b,0x1a,0x1a,0x12,0x36,0x36,0x64,0x6d,0xcd,0xd9,0x9b,0x33,0x76,0xe6,0xcc,0x99,0x39,0x7b,0xef,0x4f,0x3f,0x3f,0x79,0x69,0xc1,0x00,0x00,0x00,0x00,
    0x00,0x00,0x00,0x00,0x00,0x00,0x00,0x00,0x00,0x00,0x00,0x04,0x06,0x06,0x06,0x07,0x05,0x07,0x07,0x87,0xc7,0xc3,0xc7,0x87,0x07,0x07,0x07,0x06,0x06,0x06,0x00,0x00,
    0xa0,0xa0,0xa0,0xa0,0xa0,0x20,0x20,0x20,0x24,0x2e,0x24,0x20,0x20,0x20,0x20,0x20,0x20,0x20,0x20,0x20,0x20,0x20,0x21,0x20,0x20,0x20,0x20,0x20,0x20,0x30,0x3c,0x3e,
    0x3e,0xbe,0xbf,0xbe,0x3e,0xbe,0xbf,0xbf,0xbf,0xbb,0xbb,0xbb,0xbf,0x3f,0xae,0xae,0x2d,0xbb,0xb9,0x38,0x20,0x20,0x20,0x20,0x20,0x20,0x20,0x20,0x20,0x20,0x20,0x20,
    0x20,0x20,0x20,0x20,0x20,0x20,0x20,0x20,0x20,0x20,0x20,0x20,0x21,0x27,0xbf,0xb4,0x38,0x39,0xbd,0xbd,0xac,0xae,0xaf,0xbf,0xbf,0xbf,0x3b,0xba,0xb9,0xbc,0xb8,0xba,
    0x3b,0xb2,0x20,0x20,0x20,0x20,0x20,0x20,0x20,0x20,0x20,0x20,0x20,0x20,0x20,0x22,0x23,0x23,0x23,0x21,0x23,0x23,0x23,0x23,0x23,0x23,0x2b,0x3e,0x28,0x20,0x20,0x20,
    0x00,0x00,0x00,0x00,0x00,0x02,0x07,0x02,0x00,0x00,0x00,0x00,0x00,0x00,0x08,0x08,0x08,0x08,0x08,0x08,0x10,0x00,0x00,0x00,0x00,0x00,0x00,0x00,0x80,0x80,0x80,0x80,
    0x02,0x02,0x00,0x02,0x02,0x02,0x02,0x08,0x0a,0x0a,0x02,0x02,0x02,0x0a,0x08,0x2a,0x28,0x22,0x20,0x20,0x00,0x0a,0x0a,0x0a,0x0a,0x08,0x0c,0x28,0x20,0x28,0x28,0x08,
    0x28,0x28,0x28,0x28,0x08,0x00,0x08,0x08,0x22,0x02,0x02,0x20,0x28,0x28,0x20,0x2a,0x02,0x02,0x00,0x0a,0x08,0x0a,0x02,0x02,0x02,0x02,0x02,0x02,0x02,0x00,0x00,0x02,
    0x02,0x02,0x00,0x00,0x00,0x00,0x08,0x08,0x08,0x08,0x08,0x08,0x00,0x00,0x00,0x00,0x00,0x00,0x80,0x80,0x80,0x80,0x80,0x00,0x00,0x00,0x00,0x00,0x00,0x00,0x00,0x00
  },
  { // 82
    0x80,0x80,0x80,0x80,0xe0,0xe0,0xe0,0xf0,0xe0,0xe0,0x70,0xf0,0xf0,0xf0,0xf0,0xe0,0x80,0x80,0x80,0x00,0x00,0x00,0x00,0x00,0x00,0x00,0x00,0x00,0x00,0x00,0x00,0x00,
    0x00,0x00,0x00,0x00,0x00,0x00,0x00,0x00,0x00,0x00,0x00,0x80,0x80,0xc4,0xc0,0x40,0x60,0x60,0x20,0xb0,0xb0,0x90,0xd0,0xd0,0xd8,0x58,0x58,0x48,0x48,0x48,0x48,0x48,
    0x48,0x48,0x48,0x48,0x58,0x58,0xd8,0xd0,0xd0,0x90,0xb0,0xb0,0x20,0x60,0x60,0x40,0xc8,0xc0,0x80,0x80,0x00,0x00,0x00,0x00,0xc0,0x00,0x00,0x00,0x00,0x00,0x00,0x00,
    0x00,0x00,0x04,0x0e,0x04,0x00,0x00,0x00,0x00,0x00,0x00,0x20,0x00,0x00,0x00,0x80,0xc0,0xc0,0xe0,0xc0,0xc0,0xc0,0x80,0x80,0x80,0x80,0x00,0x00,0x00,0x00,0x00,0x00,
    0x01,0x01,0x01,0x01,0x01,0x00,0x01,0x01,0x01,0x01,0xc1,0xc1,0xc1,0xe1,0x71,0xf1,0xf1,0xe1,0xc1,0xc0,0xc0,0x80,0xc0,0x00,0x00,0x00,0x00,0x00,0x00,0x00,0x00,0x00,
    0x00,0x00,0x00,0x40,0xa2,0xd0,0xd8,0xdc,0xce,0xc6,0xb3,0x39,0x19,0x4c,0xe6,0x76,0x33,0x9b,0xd9,0xcd,0x6d,0x64,0x36,0x3e,0x12,0x1a,0x1a,0x1b,0x0b,0x0b,0x0b,0x0b,
    0x0b,0x0b,0x0b,0x1b,0x1a,0x1a,0x12,0x36,0x36,0x64,0x6d,0xcd,0xd9,0x9b,0x33,0x76,0xe6,0xcc,0x99,0x39,0x73,0xef,0x4f,0x1d,0x3f,0x79,0x69,0xc9,0x00,0x00,0x00,0x00,
    0x00,0x00,0x00,0x00,0x00,0x00,0x00,0x00,0x00,0x00,0x00,0x06,0x06,0x06,0x06,0x07,0x05,0x07,0x07,0x87,0xc7,0xc3,0xc7,0x87,0x07,0x07,0x07,0x06,0x06,0x06,0x00,0x00,
    0xa0,0xa0,0xa0,0xa0,0xa0,0x20,0x20,0x20,0x24,0x2e,0x24,0x20,0x20,0x20,0x20,0x20,0x20,0x20,0x20,0x21,0x21,0x21,0x27,0x21,0x21,0x21,0x20,0x20,0x20,0x30,0x3c,0x3e,
    0x3e,0xbe,0xbf,0xbe,0x3e,0xbe,0xbf,0xbf,0xbf,0xbb,0xbb,0xbb,0xbf,0x3f,0xae,0xae,0x2d,0xbb,0xb9,0x38,0x20,0x20,0x20,0x20,0x20,0x20,0x20,0x20,0x20,0x20,0x20,0x20,
    0x20,0x20,0x20,0x20,0x20,0x24,0x20,0x20,0x20,0x20,0x20,0x20,0x21,0x27,0xbf,0xb4,0x38,0x39,0xbd,0xbd,0xac,0xae,0xaf,0xbf,0xbf,0xbf,0x3b,0xba,0xb9,0xbc,0xb8,0xba,
    0x3b,0xb2,0x20,0x20,0x20,0x20,0x20,0x20,0x20,0x20,0x20,0x20,0x20,0x20,0x20,0x22,0x23,0x23,0x23,0x21,0x23,0x23,0x23,0x23,0x23,0x23,0x2b,0x3f,0x28,0x20,0x20,0x20,
    0x00,0x00,0x00,0x00,0x00,0x02,0x07,0x02,0x00,0x00,0x00,0x00,0x00,0x00,0x08,0x08,0x08,0x08,0x08,0x08,0x10,0x00,0x00,0x00,0x00,0x00,0x00,0x00,0x80,0x80,0x80,0x80,
    0x02,0x02,0x00,0x02,0x02,0x02,0x02,0x08,0x0a,0x0a,0x02,0x02,0x02,0x0a,0x08,0x2a,0x28,0x22,0x20,0x20,0x00,0x0a,0x0a,0x0a,0x0a,0x08,0x0c,0x28,0x20,0x28,0x28,0x08,
    0x28,0x28,0x28,0x28,0x08,0x00,0x08,0x08,0x02,0x02,0x02,0x20,0x28,0x28,0x20,0x2a,0x02,0x02,0x00,0x0a,0x08,0x0a,0x02,0x02,0x02,0x02,0x02,0x02,0x02,0x00,0x00,0x02,
    0x02,0x02,0x00,0x00,0x00,0x00,0x08,0x08,0x08,0x08,0x08,0x08,0x00,0x00,0x00,0x00,0x00,0x00,0x80,0x80,0x80,0x80,0x80,0x00,0x00,0x00,0x00,0x20,0x00,0x00,0x00,0x00
  },
  { // 83
    0x80,0x80,0x80,0x80,0xc0,0xe0,0xe0,0xf0,0xe0,0xe0,0x70,0xf0,0xf0,0xf0,0xf0,0xe0,0x80,0x80,0x80,0x00,0x00,0x00,0x00,0x00,0x00,0x00,0x00,0x00,0x00,0x00,0x00,0x00,
    0x00,0x00,0x00,0x00,0x00,0x00,0x00,0x00,0x00,0x00,0x00,0x80,0x80,0xc4,0xc0,0x40,0x60,0x60,0x20,0xb0,0xb0,0x90,0xd0,0xd0,0xd8,0x58,0x58,0x48,0x48,0x48,0x48,0x48,
    0x48,0x48,0x48,0x48,0x58,0x58,0xd8,0xd0,0xd0,0x90,0xb0,0xb0,0x20,0x60,0x60,0x40,0xc8,0xc0,0x80,0x80,0x00,0x00,0x00,0x00,0xc0,0x00,0x00,0x00,0x00,0x00,0x00,0x00,
    0x00,0x00,0x04,0x0e,0x04,0x00,0x00,0x00,0x00,0x00,0x00,0x20,0x00,0x00,0x00,0xc0,0xc0,0xc0,0xe0,0xc0,0xc0,0x80,0x80,0x80,0x80,0x80,0x00,0x00,0x00,0x00,0x00,0x00,
    0x01,0x01,0x01,0x01,0x01,0x00,0x01,0x01,0x01,0x81,0xc1,0xc1,0xc1,0x61,0xf1,0xf1,0xf1,0xe1,0xc1,0xc0,0xc0,0x00,0xc0,0x00,0x00,0x00,0x00,0x00,0x00,0x00,0x00,0x00,
    0x00,0x00,0x00,0xc0,0x62,0xb0,0xb8,0x9c,0x8e,0xa6,0x73,0x39,0x99,0xcc,0xe6,0x76,0x33,0x9b,0xd9,0xcd,0x6d,0x64,0x36,0x3e,0x12,0x1a,0x1a,0x1b,0x0b,0x0b,0x0b,0x0b,
    0x0b,0x0b,0x0b,0x1b,0x1a,0x1a,0x12,0x36,0x36,0x64,0x6d,0xcd,0xd9,0x9b,0x33,0x76,0xe6,0xcc,0x99,0x39,0x73,0x77,0x9f,0x9d,0xbf,0xb1,0xb1,0x51,0x00,0x00,0x00,0x00,
    0x00,0x00,0x00,0x00,0x00,0x00,0x00,0x00,0x00,0x00,0x00,0x06,0x06,0x06,0x07,0x07,0x05,0x07,0x07,0x87,0xc7,0xc3,0xc7,0x87,0x07,0x07,0x07,0x06,0x06,0x06,0x00,0x00,
    0xa0,0xa0,0xa0,0xa0,0xa0,0x20,0x20,0x20,0x24,0x2e,0x24,0x20,0x20,0x20,0x20,0x20,0x20,0x20,0x20,0x21,0x21,0x21,0x27,0x21,0x21,0x21,0x20,0x20,0x20,0x20,0x38,0x3c,
    0x3c,0xbc,0xbe,0xbc,0xbd,0xbd,0xbf,0xbf,0xbf,0x37,0xb7,0xb6,0xbe,0xbe,0xbc,0xbc,0x3b,0xb7,0x31,0x30,0x20,0x20,0x20,0x20,0x20,0x20,0x20,0x20,0x20,0x20,0x20,0x20,
    0x20,0x20,0x20,0x20,0x20,0x24,0x20,0x20,0x20,0x20,0x20,0x20,0x31,0x37,0xb7,0xb8,0x3c,0xbd,0xbe,0xbe,0xb6,0xb7,0x37,0xbf,0xbf,0xbf,0xbd,0xbd,0xbc,0xbe,0xbc,0x3c,
    0x3d,0xba,0x20,0x20,0x20,0x20,0x20,0x20,0x20,0x20,0x20,0x20,0x20,0x20,0x20,0x20,0x23,0x23,0x23,0x23,0x21,0x23,0x23,0x23,0x23,0x23,0x2b,0x3f,0x28,0x20,0x20,0x20,
    0x00,0x00,0x00,0x00,0x00,0x02,0x07,0x02,0x00,0x00,0x00,0x00,0x00,0x00,0x08,0x08,0x08,0x08,0x08,0x08,0x10,0x00,0x00,0x00,0x00,0x00,0x00,0x80,0x80,0x80,0x80,0x00,
    0x02,0x02,0x00,0x00,0x02,0x02,0x02,0x0a,0x0a,0x0a,0x02,0x02,0x00,0x0a,0x08,0x22,0x2a,0x22,0x00,0x20,0x00,0x08,0x0a,0x0a,0x02,0x08,0x0c,0x08,0x28,0x28,0x28,0x28,
    0x28,0x20,0x28,0x28,0x08,0x08,0x08,0x08,0x02,0x02,0x02,0x22,0x28,0x08,0x28,0x2a,0x00,0x02,0x00,0x02,0x0a,0x0a,0x02,0x02,0x02,0x00,0x02,0x02,0x02,0x02,0x00,0x02,
    0x02,0x02,0x00,0x00,0x00,0x00,0x08,0x08,0x08,0x08,0x08,0x08,0x00,0x00,0x00,0x00,0x00,0x00,0x80,0x80,0x80,0x80,0x80,0x00,0x00,0x00,0x00,0x20,0x00,0x00,0x00,0x00
  },
  { // 84
    0x00,0x80,0x80,0x80,0xc0,0xe0,0xe0,0xf0,0xf0,0xe0,0x70,0xf0,0xf0,0xf0,0xf0,0xe0,0x80,0x80,0x80,0x00,0x00,0x00,0x00,0x00,0x00,0x00,0x00,0x00,0x00,0x00,0x00,0x00,
    0x00,0x00,0x00,0x00,0x00,0x00,0x00,0x00,0x00,0x00,0x00,0x80,0x80,0xc4,0xc0,0x40,0x60,0x60,0x20,0xb0,0xb0,0x90,0xd0,0xd0,0xd8,0x58,0x58,0x48,0x48,0x48,0x48,0x48,
    0x48,0x48,0x48,0x48,0x58,0x58,0xd8,0xd0,0xd0,0x90,0xb0,0xb0,0x20,0x60,0x60,0x40,0xc8,0xc0,0x80,0x80,0x00,0x00,0x00,0x00,0xc0,0x00,0x00,0x00,0x00,0x00,0x00,0x00,
    0x00,0x00,0x00,0x04,0x00,0x00,0x00,0x00,0x00,0x00,0x00,0x20,0x00,0x00,0x00,0xc0,0xc0,0xe0,0xe0,0xc0,0xc0,0x80,0x80,0x80,0x80,0x80,0x00,0x00,0x00,0x00,0x00,0x00,
    0x01,0x01,0x01,0x01,0x01,0x00,0x01,0x01,0x01,0x81,0xc1,0xc1,0xc1,0x61,0xf1,0xf1,0xf1,0xe1,0xc1,0xc0,0xc0,0x00,0xc0,0x00,0x00,0x00,0x00,0x00,0x00,0x00,0x00,0x00,
    0x00,0x00,0x00,0xc0,0x62,0xb0,0xb8,0x9c,0x8e,0xa6,0x73,0x39,0x99,0xcc,0xe6,0x76,0x33,0x9b,0xd9,0xcd,0x6d,0x64,0x36,0x36,0x12,0x1a,0x1a,0x1b,0x0b,0x0b,0x0b,0x0b,
    0x0b,0x0b,0x0b,0x1b,0x1a,0x1a,0x12,0x36,0x36,0x64,0x6d,0xcd,0xd9,0x9b,0x33,0x76,0xe6,0xcc,0x99,0x39,0x73,0x77,0x9f,0x9d,0xbf,0xb1,0xb1,0x51,0x00,0x00,0x00,0x00,
    0x00,0x00,0x00,0x00,0x00,0x00,0x00,0x00,0x00,0x00,0x00,0x06,0x06,0x06,0x07,0x07,0x05,0x07,0x07,0x87,0xc7,0xc3,0xc7,0x87,0x07,0x07,0x07,0x06,0x06,0x04,0x00,0x00,
    0xa0,0xa0,0xa0,0xa0,0xa0,0x20,0x20,0x20,0x24,0x2e,0x24,0x20,0x20,0x20,0x20,0x20,0x20,0x20,0x20,0x21,0x21,0x21,0x27,0x21,0x21,0x21,0x20,0x20,0x20,0x20,0x38,0x3c,
    0x3c,0xbc,0xbe,0xbc,0xbd,0xbd,0xbf,0xbf,0xbf,0x37,0xb7,0xb6,0xbe,0xbe,0xbc,0xbc,0x3b,0xb7,0x31,0x30,0x20,0x20,0x20,0x20,0x20,0x20,0x20,0x20,0x20,0x20,0x20,0x20,
    0x20,0x20,0x20,0x20,0x20,0x24,0x20,0x20,0x20,0x20,0x20,0x20,0x31,0x37,0xb7,0xb8,0x3c,0xbd,0xbe,0xbe,0xb6,0xb7,0x37,0xbf,0xbf,0xbf,0xbd,0xbd,0xbc,0xbe,0xbc,0x3c,
    0x3d,0xba,0x20,0x20,0x20,0x20,0x20,0x20,0x20,0x20,0x20,0x20,0x20,0x20,0x20,0x20,0x23,0x23,0x23,0x23,0x21,0x23,0x23,0x23,0x23,0x23,0x2b,0x3f,0x28,0x20,0x20,0x20,
    0x00,0x00,0x00,0x00,0x00,0x02,0x07,0x02,0x00,0x00,0x00,0x00,0x00,0x00,0x08,0x08,0x08,0x08,0x08,0x08,0x10,0x00,0x00,0x00,0x00,0x00,0x00,0x80,0x80,0x80,0x80,0x02,
    0x02,0x00,0x02,0x00,0x02,0x02,0x02,0x0a,0x0a,0x0a,0x02,0x02,0x00,0x08,0x0a,0x22,0x2a,0x20,0x00,0x20,0x02,0x08,0x0a,0x0a,0x00,0x08,0x08,0x08,0x28,0x28,0x28,0x28,
    0x28,0x20,0x28,0x28,0x08,0x08,0x08,0x08,0x02,0x02,0x02,0x20,0x28,0x08,0x2a,0x2a,0x00,0x00,0x02,0x02,0x0a,0x0a,0x02,0x02,0x02,0x00,0x02,0x02,0x02,0x00,0x02,0x02,
    0x02,0x00,0x00,0x00,0x00,0x00,0x08,0x08,0x08,0x08,0x08,0x08,0x00,0x00,0x00,0x00,0x00,0x00,0x80,0x80,0x80,0x80,0x80,0x00,0x00,0x00,0x00,0x20,0x00,0x00,0x00,0x00
  },
  { // 85
    0x00,0x80,0x80,0x80,0xc0,0xe0,0xe0,0xf0,0xf0,0xe0,0xf0,0x70,0xf0,0xf0,0xf0,0xe0,0x80,0x80,0x80,0x00,0x00,0x00,0x00,0x00,0x00,0x00,0x00,0x00,0x00,0x00,0x00,0x00,
    0x00,0x00,0x00,0x00,0x00,0x00,0x00,0x00,0x00,0x00,0x00,0x80,0x80,0xc4,0xc0,0x40,0x60,0x60,0x20,0xb0,0xb0,0x90,0xd0,0xd0,0xd8,0x58,0x58,0x48,0x48,0x48,0x48,0x48,
    0x48,0x48,0x48,0x48,0x58,0x58,0xd8,0xd0,0xd0,0x90,0xb0,0xb0,0x20,0x60,0x60,0x40,0xc8,0xc0,0x80,0x80,0x00,0x00,0x00,0x00,0xc0,0x00,0x00,0x00,0x00,0x00,0x00,0x00,
    0x00,0x00,0x00,0x04,0x00,0x00,0x00,0x00,0x00,0x00,0x00,0x20,0x00,0x00,0x80,0xc0,0xc0,0xe0,0xe0,0xc0,0xc0,0x80,0x80,0x80,0x80,0x80,0x00,0x00,0x00,0x00,0x00,0x00,
    0x01,0x01,0x01,0x01,0x01,0x00,0x01,0x01,0x01,0x81,0xc1,0xc1,0xe1,0x61,0xf1,0xf1,0xf1,0xe1,0xc1,0xc0,0xc0,0x00,0xc0,0x00,0x00,0x00,0x00,0x00,0x00,0x00,0x00,0x00,
    0x00,0x00,0x00,0xc2,0x67,0xb2,0xb8,0x9c,0x8e,0xa6,0x73,0x39,0x99,0xcc,0xe6,0x76,0x33,0x9b,0xd9,0xcd,0x6d,0x64,0x36,0x36,0x12,0x1a,0x1a,0x1b,0x0b,0x0b,0x0b,0x0b,
    0x0b,0x0b,0x0b,0x1b,0x1a,0x1a,0x12,0x36,0x36,0x64,0x6d,0xcd,0xd9,0x9b,0x33,0x76,0xe6,0xcc,0x99,0x39,0x73,0x67,0xaf,0xbd,0xbf,0xb9,0xa1,0x61,0x20,0x00,0x00,0x00,
    0x00,0x00,0x00,0x00,0x00,0x00,0x00,0x00,0x00,0x00,0x00,0x06,0x06,0x06,0x07,0x07,0x05,0x07,0x07,0x87,0xc7,0xc3,0xc7,0x87,0x87,0x07,0x06,0x06,0x06,0x04,0x00,0x00,
    0xa0,0xa0,0xa0,0xa0,0xa0,0x20,0x20,0x20,0x24,0x2e,0x24,0x20,0x20,0x20,0x20,0x20,0x20,0x20,0x20,0x21,0x21,0x21,0x27,0x21,0x21,0x21,0x20,0x20,0x20,0x20,0x38,0x3c,
    0x3c,0xbc,0xbe,0xbc,0xbd,0xbd,0xbf,0xbf,0xbf,0x37,0xb7,0xb6,0xbe,0xbe,0xbc,0xbc,0x3b,0xb7,0x31,0x30,0x20,0x20,0x20,0x20,0x20,0x20,0x20,0x20,0x20,0x20,0x20,0x20,
    0x20,0x20,0x20,0x20,0x20,0x24,0x20,0x20,0x20,0x20,0x20,0x20,0x31,0x37,0xb7,0xb8,0x3c,0xbd,0xbe,0xbe,0xb6,0xb7,0x37,0xbf,0xbf,0xbf,0xbd,0xbd,0xbc,0xbe,0xbc,0x3c,
    0x3d,0xba,0x20,0x20,0x20,0x20,0x20,0x20,0x20,0x20,0x20,0x20,0x20,0x20,0x20,0x20,0x23,0x23,0x23,0x23,0x21,0x23,0x23,0x23,0x23,0x23,0x2b,0x3f,0x28,0x20,0x20,0x20,
    0x00,0x00,0x00,0x00,0x00,0x02,0x07,0x02,0x00,0x00,0x00,0x00,0x00,0x00,0x08,0x08,0x08,0x08,0x08,0x08,0x10,0x00,0x00,0x00,0x00,0x00,0x00,0x80,0x80,0x80,0x80,0x02,
    0x02,0x00,0x02,0x00,0x02,0x02,0x02,0x0a,0x0a,0x0a,0x02,0x02,0x00,0x08,0x0a,0x22,0x2a,0x20,0x00,0x20,0x02,0x08,0x0a,0x0a,0x00,0x08,0x08,0x08,0x28,0x28,0x28,0x28,
    0x28,0x20,0x28,0x28,0x08,0x08,0x08,0x08,0x02,0x02,0x02,0x20,0x28,0x08,0x2a,0x2a,0x00,0x00,0x02,0x02,0x0a,0x0a,0x02,0x02,0x02,0x00,0x02,0x02,0x02,0x00,0x02,0x02,
    0x02,0x00,0x00,0x00,0x00,0x08,0x08,0x08,0x08,0x08,0x08,0x00,0x00,0x00,0x00,0x00,0x00,0x00,0x80,0x80,0x80,0x80,0x80,0x00,0x00,0x00,0x00,0x20,0x00,0x00,0x00,0x00
  },
  { // 86
    0x00,0x80,0x80,0x80,0xc0,0xe0,0xe0,0xf0,0xf0,0xe0,0xe0,0x70,0xf0,0xf0,0xf0,0xe0,0x80,0x80,0x80,0x00,0x00,0x00,0x00,0x00,0x00,0x00,0x00,0x00,0x00,0x00,0x00,0x00,
    0x00,0x00,0x00,0x00,0x00,0x00,0x00,0x00,0x00,0x00,0x00,0x80,0x80,0xc4,0xc0,0x40,0x60,0x60,0x20,0xb0,0xb0,0x90,0xd0,0xd0,0xd8,0x58,0x58,0x48,0x48,0x48,0x48,0x48,
    0x48,0x48,0x48,0x48,0x58,0x58,0xd8,0xd0,0xd0,0x90,0xb0,0xb0,0x20,0x60,0x60,0x48,0xdc,0xc8,0x80,0x80,0x00,0x00,0x00,0x00,0xc0,0x00,0x00,0x00,0x00,0x00,0x00,0x00,
    0x00,0x00,0x00,0x04,0x00,0x00,0x00,0x00,0x00,0x00,0x00,0x20,0x00,0x00,0x80,0xc0,0xc0,0xe0,0xe0,0xc0,0xc0,0x80,0x80,0x80,0x80,0x00,0x00,0x00,0x00,0x00,0x00,0x00,
    0x01,0x01,0x01,0x01,0x01,0x00,0x01,0x01,0x01,0x81,0xc1,0xc1,0xe1,0x61,0xf1,0xf1,0xf1,0xe1,0xc1,0xc0,0xc0,0x00,0xc0,0x00,0x00,0x00,0x00,0x00,0x00,0x00,0x00,0x00,
    0x00,0x00,0x00,0xc2,0x67,0xb2,0xb8,0x9c,0x8e,0xa6,0x73,0x39,0x99,0xcc,0xe6,0x76,0x33,0x9b,0xd9,0xcd,0x6d,0x64,0x36,0x36,0x12,0x1a,0x1a,0x1b,0x0b,0x0b,0x0b,0x0b,
    0x0b,0x0b,0x0b,0x1b,0x1a,0x1a,0x12,0x36,0x36,0x64,0x6d,0xcd,0xd9,0x9b,0x33,0x76,0xe6,0xcc,0x99,0x39,0x73,0x67,0xaf,0xbd,0xbf,0xb9,0xa1,0x61,0x20,0x00,0x00,0x00,
    0x00,0x00,0x00,0x00,0x00,0x00,0x00,0x00,0x00,0x00,0x00,0x06,0x06,0x06,0x07,0x07,0x05,0x07,0x07,0x87,0xc7,0xc3,0xc7,0x87,0x87,0x07,0x06,0x06,0x06,0x05,0x00,0x00,
    0xa0,0xa0,0xa0,0xa0,0xa0,0x20,0x20,0x20,0x24,0x2e,0x24,0x20,0x20,0x20,0x20,0x20,0x20,0x20,0x20,0x21,0x21,0x21,0x27,0x21,0x21,0x21,0x20,0x20,0x20,0x20,0x38,0x3c,
    0x3c,0xbc,0xbe,0xbc,0xbd,0xbd,0xbf,0xbf,0xbf,0x37,0xb7,0xb6,0xbe,0xbe,0xbc,0xbc,0x3b,0xb7,0x31,0x30,0x20,0x20,0x20,0x20,0x20,0x20,0x20,0x20,0x21,0x20,0x20,0x20,
    0x20,0x20,0x20,0x20,0x20,0x24,0x20,0x20,0x20,0x20,0x20,0x20,0x31,0x37,0xb7,0xb8,0x3c,0xbd,0xbe,0xbe,0xb6,0xb7,0x37,0xbf,0xbf,0xbf,0xbd,0xbd,0xbc,0xbe,0xbc,0x3c,
    0x3d,0xba,0x20,0x20,0x20,0x20,0x20,0x20,0x20,0x20,0x20,0x20,0x20,0x20,0x20,0x20,0x23,0x23,0x23,0x23,0x21,0x23,0x23,0x23,0x23,0x23,0x2b,0x3f,0x28,0x20,0x20,0x20,
    0x00,0x00,0x00,0x00,0x00,0x02,0x07,0x02,0x00,0x00,0x00,0x00,0x00,0x00,0x08,0x08,0x08,0x08,0x08,0x08,0x10,0x00,0x00,0x00,0x00,0x00,0x00,0x80,0x80,0x80,0x80,0x02,
    0x02,0x00,0x02,0x00,0x02,0x02,0x02,0x0a,0x0a,0x0a,0x02,0x02,0x00,0x08,0x0a,0x02,0x2a,0x20,0x00,0x20,0x22,0x08,0x0a,0x0a,0x00,0x08,0x08,0x08,0x28,0x28,0x28,0x28,
    0x28,0x20,0x28,0x28,0x08,0x08,0x08,0x08,0x02,0x02,0x02,0x00,0x28,0x08,0x2a,0x2a,0x20,0x00,0x02,0x02,0x0a,0x0a,0x02,0x02,0x02,0x00,0x02,0x02,0x02,0x00,0x02,0x02,
    0x02,0x00,0x00,0x00,0x00,0x08,0x08,0x08,0x08,0x08,0x08,0x00,0x00,0x00,0x02,0x00,0x00,0x00,0x80,0x80,0x80,0x80,0x80,0x00,0x00,0x00,0x00,0x20,0x00,0x00,0x00,0x00
  },
  { // 87
    0x00,0x80,0x80,0x80,0xc0,0xe0,0xe0,0xf0,0xf0,0xe0,0xe0,0x70,0xf0,0xf0,0xf0,0xe0,0xc0,0x80,0x80,0x00,0x00,0x00,0x00,0x00,0x00,0x00,0x00,0x00,0x00,0x00,0x00,0x00,
    0x00,0x00,0x00,0x00,0x00,0x00,0x00,0x00,0x00,0x00,0x00,0x80,0x80,0xc4,0xc0,0x40,0x60,0x60,0x20,0xb0,0xb0,0x90,0xd0,0xd0,0xd8,0x58,0x58,0x48,0x48,0x48,0x48,0x48,
    0x48,0x48,0x48,0x48,0x58,0x58,0xd8,0xd0,0xd0,0x90,0xb0,0xb0,0x20,0x60,0x60,0x48,0xdc,0xc8,0x80,0x80,0x00,0x00,0x00,0x00,0xc0,0x00,0x00,0x00,0x00,0x00,0x00,0x00,
    0x00,0x00,0x00,0x04,0x00,0x00,0x00,0x00,0x00,0x00,0x00,0x00,0x00,0x00,0x80,0xc0,0xc0,0xe0,0xe0,0xc0,0xc0,0x80,0x80,0x80,0x80,0x00,0x00,0x00,0x00,0x00,0x00,0x00,
    0x00,0x01,0x01,0x01,0x01,0x01,0x00,0x01,0x01,0xc1,0xc1,0xc1,0xe1,0x71,0xf1,0xf1,0xe1,0xe1,0xc1,0xc1,0x80,0x00,0xc0,0x00,0x00,0x00,0x00,0x00,0x00,0x00,0x00,0x00,
    0x00,0x00,0x00,0xc2,0x67,0xb2,0xb8,0x9c,0x8e,0xa6,0x73,0x39,0x99,0xcc,0xe6,0x76,0x33,0x9b,0xd9,0xcd,0x6d,0x64,0x36,0x36,0x12,0x1a,0x1a,0x1b,0x0b,0x0b,0x0b,0x0b,
    0x0b,0x0b,0x0b,0x1b,0x1a,0x1a,0x12,0x36,0x36,0x64,0x6d,0xcd,0xd9,0x9b,0x33,0x76,0xe6,0xcc,0x99,0x39,0x73,0x67,0x8f,0xbd,0xbf,0xb1,0xb9,0x61,0x20,0x20,0x00,0x00,
    0x00,0x00,0x00,0x00,0x00,0x00,0x00,0x00,0x00,0x00,0x04,0x06,0x06,0x06,0x07,0x05,0x07,0x07,0x07,0x87,0x87,0xc3,0xc7,0xc7,0x87,0x07,0x06,0x06,0x06,0x01,0x00,0x00,
    0x20,0xa0,0xa0,0xa0,0xa0,0xa0,0x20,0x20,0x24,0x2e,0x24,0x20,0x20,0x20,0x20,0x20,0x20,0x20,0x20,0x21,0x21,0x21,0x27,0x21,0x21,0x21,0x20,0x20,0x20,0x20,0x38,0x3c,
    0x3c,0xbc,0xbe,0xbc,0xbd,0x3d,0xbf,0xbf,0xbf,0xb7,0xb7,0xb6,0xbe,0xbe,0x3c,0xbc,0x3b,0xb7,0xb1,0x30,0x20,0x20,0x20,0x20,0x20,0x20,0x20,0x20,0x21,0x20,0x20,0x20,
    0x20,0x20,0x20,0x20,0x20,0x24,0x20,0x20,0x20,0x20,0x20,0x20,0x31,0x37,0xb7,0xb8,0x3c,0xbd,0x3e,0xbe,0xb6,0xb7,0xb7,0xbf,0xbf,0xbf,0xbd,0x3d,0xbc,0xbe,0xbc,0xbc,
    0x3d,0xba,0x20,0x20,0x20,0x20,0x20,0x20,0x20,0x20,0x20,0x20,0x20,0x20,0x20,0x20,0x22,0x23,0x23,0x23,0x21,0x23,0x23,0x23,0x23,0x23,0x2b,0x3f,0x2a,0x20,0x20,0x20,
    0x00,0x00,0x00,0x00,0x00,0x02,0x07,0x02,0x00,0x00,0x00,0x00,0x00,0x00,0x08,0x08,0x08,0x08,0x08,0x08,0x10,0x00,0x00,0x00,0x00,0x00,0x00,0x80,0x80,0x80,0x80,0x00,
    0x02,0x00,0x02,0x02,0x02,0x02,0x02,0x0a,0x08,0x0a,0x02,0x02,0x02,0x08,0x0a,0x0a,0x2a,0x20,0x20,0x20,0x22,0x0a,0x0a,0x0a,0x08,0x08,0x08,0x08,0x28,0x20,0x28,0x28,
    0x08,0x28,0x28,0x28,0x28,0x08,0x00,0x0a,0x02,0x02,0x02,0x00,0x28,0x28,0x2a,0x22,0x22,0x00,0x02,0x0a,0x0a,0x08,0x02,0x02,0x02,0x02,0x02,0x02,0x02,0x00,0x00,0x02,
    0x02,0x00,0x00,0x00,0x00,0x08,0x08,0x08,0x08,0x08,0x08,0x00,0x00,0x00,0x02,0x00,0x00,0x00,0x80,0x80,0x80,0x80,0x80,0x00,0x00,0x00,0x00,0x20,0x00,0x00,0x00,0x00
  },
  { // 88
    0x00,0x80,0x80,0x80,0xc0,0xe0,0xe0,0xf0,0xf0,0xe0,0xe0,0x70,0xf0,0xf0,0xf0,0xf0,0xc0,0x80,0x80,0x00,0x00,0x00,0x00,0x00,0x00,0x00,0x00,0x10,0x00,0x00,0x00,0x00,
    0x00,0x00,0x00,0x00,0x00,0x00,0x00,0x00,0x00,0x00,0x00,0x80,0x80,0xc4,0xc0,0x40,0x60,0x60,0x20,0xb0,0xb0,0x90,0xd0,0xd0,0xd8,0x58,0x58,0x48,0x48,0x48,0x48,0x48,
    0x48,0x48,0x48,0x48,0x58,0x58,0xd8,0xd0,0xd0,0x90,0xb0,0xb0,0x20,0x60,0x60,0x48,0xdc,0xc8,0x80,0x80,0x00,0x00,0x00,0x00,0xc0,0x00,0x00,0x00,0x00,0x00,0x00,0x00,
    0x00,0x00,0x00,0x04,0x00,0x00,0x00,0x00,0x00,0x00,0x00,0x00,0x00,0x00,0x80,0xc0,0xc0,0xe0,0xe0,0xc0,0xc0,0x80,0x80,0x80,0x80,0x00,0x00,0x00,0x00,0x00,0x00,0x00,
    0x00,0x01,0x01,0x01,0x01,0x01,0x00,0x01,0x01,0xc1,0xc1,0xc1,0xe1,0x71,0xf1,0xf1,0xe1,0xc1,0xc1,0xc1,0x80,0x00,0xc0,0x00,0x00,0x00,0x00,0x00,0x00,0x00,0x00,0x00,
    0x00,0x00,0x00,0xc2,0x67,0xb2,0xb8,0x9c,0x8e,0xa6,0x73,0x39,0x99,0xcc,0xe6,0x76,0x33,0x9b,0xd9,0xcd,0x6d,0x64,0x36,0x36,0x12,0x1a,0x1a,0x1b,0x0b,0x0b,0x0b,0x0b,
    0x0b,0x0b,0x0b,0x1b,0x1a,0x1a,0x12,0x36,0x36,0x64,0x6d,0xcd,0xd9,0x9b,0x33,0x76,0xe6,0xcc,0x99,0x39,0x73,0x67,0x8f,0x9d,0xbf,0xb1,0xb1,0x41,0x40,0x40,0x00,0x00,
    0x00,0x00,0x00,0x00,0x00,0x00,0x00,0x00,0x00,0x00,0x04,0x06,0x06,0x06,0x07,0x05,0x07,0x07,0x07,0x07,0x87,0xc3,0xc7,0xc7,0x87,0x07,0x06,0x06,0x06,0x01,0x00,0x00,
    0x20,0xa0,0xa0,0xa0,0xa0,0xa0,0x20,0x20,0x24,0x2e,0x24,0x20,0x20,0x20,0x20,0x20,0x20,0x20,0x20,0x21,0x21,0x21,0x27,0x21,0x21,0x21,0x20,0x20,0x20,0x20,0x38,0x3c,
    0x3c,0xbc,0xbe,0xbc,0xbd,0x3d,0xbf,0xbf,0xbf,0xb7,0xb7,0xb6,0xbe,0xbe,0x3c,0xbc,0x3b,0xb7,0xb1,0x30,0x20,0x20,0x20,0x20,0x20,0x20,0x20,0x20,0x21,0x20,0x20,0x20,
    0x20,0x20,0x20,0x20,0x20,0x24,0x20,0x20,0x20,0x20,0x20,0x20,0x31,0x37,0xb7,0xb8,0x3c,0xbd,0x3e,0xbe,0xb6,0xb7,0xb7,0xbf,0xbf,0xbf,0xbd,0x3d,0xbc,0xbe,0xbc,0xbc,
    0x3d,0xba,0x20,0x20,0x20,0x20,0x20,0x20,0x20,0x20,0x20,0x20,0x20,0x20,0x20,0x20,0x22,0x23,0x23,0x23,0x21,0x23,0x23,0x23,0x23,0x23,0x2b,0x3f,0x2a,0x20,0x20,0x20,
    0x00,0x00,0x00,0x00,0x00,0x02,0x07,0x02,0x00,0x00,0x00,0x00,0x00,0x00,0x08,0x08,0x08,0x08,0x08,0x08,0x10,0x00,0x00,0x00,0x00,0x00,0x00,0x80,0x80,0x80,0x80,0x00,
    0x02,0x00,0x02,0x02,0x02,0x02,0x02,0x0a,0x08,0x0a,0x02,0x02,0x02,0x08,0x0a,0x0a,0x2a,0x20,0x20,0x20,0x22,0x0a,0x0a,0x0a,0x08,0x08,0x08,0x08,0x28,0x20,0x28,0x28,
    0x08,0x28,0x28,0x28,0x28,0x08,0x00,0x0a,0x02,0x02,0x02,0x00,0x28,0x28,0x2a,0x22,0x22,0x00,0x02,0x0a,0x0a,0x08,0x02,0x02,0x02,0x02,0x02,0x02,0x02,0x00,0x00,0x02,
    0x02,0x00,0x00,0x00,0x00,0x08,0x08,0x08,0x08,0x08,0x08,0x00,0x00,0x00,0x02,0x00,0x00,0x00,0x80,0x80,0x80,0x80,0x80,0x00,0x00,0x00,0x00,0x20,0x00,0x00,0x00,0x00
  },
  { // 89
    0x00,0x80,0x80,0x80,0x80,0xe0,0xe0,0xf0,0xf0,0xe0,0xe0,0x70,0xf0,0xf0,0xf0,0xf0,0xe0,0x80,0x80,0x00,0x00,0x00,0x00,0x00,0x00,0x00,0x00,0x10,0x00,0x00,0x00,0x00,
    0x00,0x00,0x00,0x00,0x00,0x00,0x00,0x00,0x00,0x00,0x00,0x80,0x80,0xc4,0xc0,0x40,0x60,0x60,0x20,0xb0,0xb0,0x90,0xd0,0xd0,0xd8,0x58,0x58,0x48,0x48,0x48,0x48,0x48,
    0x48,0x48,0x48,0x48,0x58,0x58,0xd8,0xd0,0xd0,0x90,0xb0,0xb0,0x20,0x60,0x60,0x48,0xdc,0xc8,0x80,0x80,0x00,0x00,0x00,0x00,0xc0,0x00,0x00,0x00,0x00,0x00,0x00,0x00,
    0x00,0x00,0x00,0x04,0x00,0x00,0x00,0x00,0x00,0x00,0x00,0x00,0x00,0x00,0x80,0xc0,0xc0,0xe0,0xe0,0xc0,0xc0,0x80,0x80,0x80,0x80,0x00,0x00,0x00,0x00,0x00,0x00,0x00,
    0x00,0x01,0x01,0x01,0x01,0x01,0x00,0x01,0x01,0xc1,0xc1,0xc1,0xe1,0x71,0xf1,0xf1,0xe1,0xc1,0xc1,0xc1,0x80,0x00,0xc0,0x00,0x00,0x00,0x00,0x00,0x00,0x00,0x00,0x00,
    0x00,0x00,0x00,0xc2,0x67,0xb2,0xb8,0x9c,0x8e,0xa6,0x73,0x39,0x99,0xcc,0xe6,0x76,0x33,0x9b,0xd9,0xcd,0x6d,0x64,0x36,0x36,0x12,0x1a,0x1a,0x1b,0x0b,0x0b,0x0b,0x0b,
    0x0b,0x0b,0x0b,0x1b,0x1a,0x1a,0x12,0x36,0x36,0x64,0x6d,0xcd,0xd9,0x9b,0x33,0x76,0xe6,0xcc,0x99,0x39,0x73,0x67,0x8f,0x9d,0xbf,0xb1,0xb1,0x41,0x40,0x40,0x00,0x00,
    0x00,0x00,0x00,0x00,0x00,0x00,0x00,0x00,0x00,0x00,0x04,0x06,0x06,0x06,0x07,0x05,0x07,0x07,0x07,0x07,0x83,0xc7,0xc7,0xc7,0x87,0x07,0x06,0x06,0x06,0x01,0x00,0x00,
    0x20,0xa0,0xa0,0xa0,0xa0,0xa0,0x20,0x20,0x20,0x24,0x20,0x20,0x20,0x20,0x20,0x20,0x20,0x20,0x20,0x21,0x21,0x21,0x27,0x21,0x21,0x21,0x20,0x20,0x20,0x20,0x38,0x3c,
    0x3c,0xbc,0xbe,0xbc,0xbd,0x3d,0xbf,0xbf,0xbf,0xb7,0xb7,0xb6,0xbe,0xbe,0x3c,0xbc,0x3b,0xb7,0xb1,0x30,0x20,0x20,0x20,0x20,0x20,0x20,0x20,0x20,0x21,0x20,0x20,0x20,
    0x20,0x20,0x20,0x20,0x20,0x24,0x20,0x20,0x20,0x20,0x20,0x20,0x31,0x37,0xb7,0xb8,0x3c,0xbd,0x3e,0xbe,0xb6,0xb7,0xb7,0xbf,0xbf,0xbf,0xbd,0x3d,0xbc,0xbe,0xbc,0xbc,
    0x3d,0xba,0x20,0x20,0x20,0x20,0x20,0x20,0x20,0x20,0x20,0x20,0x20,0x20,0x20,0x20,0x22,0x23,0x23,0x23,0x21,0x23,0x23,0x23,0x23,0x23,0x2b,0x3f,0x2a,0x20,0x20,0x20,
    0x00,0x00,0x00,0x00,0x00,0x00,0x02,0x00,0x00,0x00,0x00,0x00,0x00,0x00,0x08,0x08,0x08,0x08,0x08,0x08,0x10,0x00,0x00,0x00,0x00,0x00,0x00,0x80,0x80,0x80,0x82,0x00,
    0x00,0x02,0x02,0x02,0x02,0x02,0x02,0x0a,0x08,0x0a,0x02,0x02,0x00,0x0a,0x0a,0x0a,0x28,0x20,0x20,0x22,0x22,0x0a,0x0a,0x08,0x08,0x08,0x08,0x08,0x28,0x20,0x28,0x28,
    0x08,0x28,0x28,0x28,0x28,0x08,0x02,0x0a,0x02,0x02,0x00,0x00,0x28,0x2a,0x2a,0x22,0x20,0x02,0x02,0x0a,0x0a,0x08,0x02,0x02,0x02,0x02,0x02,0x02,0x00,0x02,0x00,0x02,
    0x00,0x00,0x00,0x00,0x00,0x08,0x08,0x08,0x08,0x08,0x08,0x00,0x00,0x00,0x02,0x00,0x00,0x00,0x80,0x80,0x80,0x80,0x80,0x00,0x00,0x00,0x00,0x20,0x00,0x00,0x00,0x00
  }
};
