// ブリージング (32x128) 90 frames @ 15fps — SSD1306 128x32 native page format
#pragma once
#define ANIM_BREATH_FRAMES 90
const uint8_t PROGMEM anim_breath[ANIM_BREATH_FRAMES][512] = {
  { // 0
    0x02,0x00,0x00,0x20,0x00,0x04,0x00,0x00,0x00,0x18,0x24,0x18,0x00,0x00,0x00,0x00,0x00,0x00,0x00,0x00,0x00,0x00,0xc0,0x20,0xa0,0x10,0xe0,0x01,0x00,0x00,0x00,0x00,
    0x20,0x04,0x00,0x00,0x12,0x80,0x00,0x00,0x02,0x00,0xa8,0x88,0x00,0x00,0x00,0x00,0x00,0x00,0x00,0x00,0x00,0x00,0x00,0x00,0x00,0x00,0x00,0x00,0x00,0x00,0x00,0x00,
    0x00,0x00,0x00,0x00,0x00,0x00,0x00,0x00,0x00,0x00,0x00,0x00,0x88,0x00,0x00,0x00,0x88,0x01,0x2b,0x1f,0xf6,0xe1,0x80,0x64,0x0c,0x40,0x88,0x10,0x00,0x00,0x00,0x00,
    0x00,0x00,0x00,0x00,0x00,0x00,0x00,0x00,0x00,0x00,0x08,0x06,0x00,0x00,0x00,0x00,0x00,0x00,0x00,0x00,0x00,0x80,0x7a,0x00,0x00,0x00,0x00,0x00,0x00,0x00,0x00,0x00,
    0x00,0x20,0x00,0x00,0x00,0x00,0x80,0x50,0xc8,0x00,0x00,0x00,0x00,0x00,0x00,0x00,0x00,0x00,0x00,0x00,0x01,0x00,0x01,0x02,0x02,0x06,0x03,0x00,0x00,0x00,0x00,0x00,
    0x00,0x00,0x01,0x00,0x20,0x00,0x04,0x00,0x90,0xb8,0x04,0x03,0x00,0x00,0x00,0x00,0x00,0x00,0x00,0x00,0x00,0x00,0x00,0x00,0x00,0x00,0x00,0x00,0x00,0x00,0x00,0x00,
    0x00,0x00,0x00,0x00,0x00,0x00,0x00,0x00,0x00,0x00,0x00,0x00,0x88,0x00,0x20,0x00,0xa8,0x20,0xf2,0xdc,0x8c,0x16,0xa3,0x0d,0x03,0x02,0x06,0x40,0x00,0x80,0x00,0x00,
    0x00,0x00,0x00,0x00,0x00,0x00,0x00,0x00,0x1c,0x21,0x80,0x00,0x00,0x00,0x10,0x00,0x00,0x00,0x00,0x00,0x36,0xc1,0x00,0x00,0x00,0x00,0x48,0x00,0x00,0x00,0x00,0x10,
    0x04,0x00,0x00,0x00,0x00,0x00,0x01,0x02,0x01,0x02,0x00,0x80,0x00,0x01,0xe0,0x00,0x80,0x81,0x00,0x01,0x00,0x00,0x00,0x00,0x10,0x00,0x08,0x00,0x00,0x20,0x00,0x00,
    0x00,0x00,0x08,0x40,0x00,0x21,0x02,0x00,0xa8,0x20,0x00,0x00,0x00,0x00,0x00,0x00,0x00,0x00,0x00,0x00,0x00,0x00,0x00,0x00,0x00,0x00,0x00,0x00,0x00,0x00,0x00,0x00,
    0x00,0x00,0x00,0x00,0x00,0x00,0x00,0x00,0x08,0x00,0x00,0x00,0x88,0x00,0x02,0x00,0x9a,0x1f,0x37,0x20,0xe0,0xc4,0x04,0x21,0x00,0x01,0x40,0x00,0x00,0x00,0x02,0x00,
    0x00,0x00,0x00,0x00,0x00,0x00,0x00,0x00,0x00,0x08,0x03,0x00,0x00,0x00,0x00,0x00,0x00,0x00,0x00,0x00,0x00,0x00,0x0f,0x00,0x00,0x00,0x00,0x00,0x00,0x00,0x00,0x00,
    0x00,0x00,0x00,0x00,0x00,0x00,0x00,0x00,0x00,0x00,0x20,0x04,0x11,0x0d,0x03,0x03,0x84,0x0c,0x00,0x00,0x00,0x00,0x00,0x00,0x00,0x00,0x00,0x00,0x00,0x00,0x00,0x40,
    0x00,0x00,0x00,0x02,0x11,0x00,0x80,0x00,0x24,0x00,0x60,0x8e,0x00,0x00,0x00,0x00,0x00,0x00,0x00,0x00,0x00,0x00,0x00,0x00,0x00,0x00,0x00,0x00,0x00,0x00,0x00,0x00,
    0x00,0x00,0x00,0x00,0x00,0x00,0x00,0x00,0x00,0x00,0x00,0x00,0x88,0x00,0x00,0x00,0x88,0x00,0x22,0x0c,0xfc,0xff,0x13,0xa0,0x83,0x80,0x10,0x00,0x00,0x90,0x00,0x00,
    0x00,0x00,0x00,0x00,0x00,0x80,0x00,0x00,0x00,0x10,0x60,0x80,0x00,0x00,0x00,0x00,0x00,0x00,0x00,0x00,0x0e,0x41,0x80,0x00,0x00,0x00,0x00,0x40,0x00,0x00,0x00,0x00
  },
  { // 1
    0x02,0x00,0x00,0x20,0x00,0x04,0x00,0x00,0x00,0x18,0x24,0x18,0x00,0x00,0x00,0x00,0x00,0x00,0x00,0x00,0x00,0x00,0xc0,0x20,0xa0,0x10,0xe0,0x01,0x00,0x00,0x00,0x00,
    0x20,0x04,0x00,0x00,0x12,0x80,0x00,0x00,0x02,0x00,0xa8,0x88,0x00,0x00,0x00,0x00,0x00,0x00,0x00,0x00,0x00,0x00,0x00,0x00,0x00,0x00,0x00,0x00,0x00,0x00,0x00,0x00,
    0x00,0x00,0x00,0x00,0x00,0x00,0x00,0x00,0x08,0x00,0x00,0x00,0x88,0x00,0x22,0x09,0x9f,0x3e,0x66,0xe8,0x90,0x06,0x00,0x44,0x08,0x40,0x00,0x00,0x00,0x00,0x00,0x00,
    0x00,0x00,0x00,0x00,0x00,0x00,0x00,0x00,0x00,0x0c,0x02,0x00,0x00,0x00,0x00,0x00,0x00,0x00,0x00,0x00,0xc0,0x7b,0x00,0x00,0x00,0x00,0x00,0x00,0x00,0x00,0x00,0x00,
    0x00,0x20,0x00,0x00,0x00,0x00,0x80,0x50,0xc8,0x00,0x00,0x00,0x00,0x00,0x00,0x00,0x00,0x00,0x00,0x00,0x01,0x00,0x01,0x02,0x02,0x06,0x03,0x00,0x00,0x00,0x00,0x00,
    0x00,0x00,0x01,0x00,0x20,0x00,0x04,0x00,0x90,0xb8,0x04,0x03,0x00,0x00,0x00,0x00,0x00,0x00,0x00,0x00,0x00,0x00,0x00,0x00,0x00,0x00,0x00,0x00,0x00,0x00,0x00,0x00,
    0x00,0x00,0x00,0x00,0x00,0x00,0x00,0x00,0x88,0x00,0x00,0x00,0x88,0x00,0x20,0x70,0xf8,0xdc,0x0e,0xe2,0x0b,0x01,0xc0,0x0a,0x00,0x00,0x02,0x00,0x10,0xe0,0x00,0x00,
    0x00,0x00,0x00,0x00,0x00,0x00,0x00,0x0d,0x21,0xc0,0x00,0x00,0x00,0x10,0x00,0x00,0x00,0x00,0x00,0x36,0xc1,0x00,0x00,0x00,0x00,0x48,0x00,0x00,0x00,0x00,0x10,0x4c,
    0x04,0x00,0x00,0x00,0x00,0x00,0x01,0x02,0x01,0x02,0x00,0x80,0x00,0x01,0xe0,0x00,0x80,0x81,0x00,0x01,0x00,0x00,0x00,0x00,0x10,0x00,0x08,0x00,0x00,0x20,0x00,0x00,
    0x00,0x00,0x08,0x40,0x00,0x21,0x02,0x00,0xa8,0x20,0x00,0x00,0x00,0x00,0x00,0x00,0x00,0x00,0x00,0x00,0x00,0x00,0x00,0x00,0x00,0x00,0x00,0x00,0x00,0x00,0x00,0x00,
    0x00,0x00,0x00,0x00,0x08,0x00,0x00,0x00,0x88,0x00,0x00,0x00,0x88,0x08,0x3f,0x17,0xa1,0xf2,0xe0,0xc1,0x20,0x84,0xa4,0x20,0x00,0x00,0x40,0x18,0x04,0x02,0x00,0x00,
    0x00,0x00,0x00,0x00,0x00,0x00,0x00,0x00,0x08,0x03,0x00,0x00,0x00,0x00,0x00,0x00,0x00,0x00,0x00,0x00,0x00,0x0f,0x00,0x00,0x00,0x00,0x00,0x00,0x00,0x00,0x00,0x00,
    0x00,0x00,0x00,0x00,0x00,0x00,0x00,0x00,0x00,0x00,0x20,0x04,0x11,0x0d,0x03,0x03,0x84,0x0c,0x00,0x00,0x00,0x00,0x00,0x00,0x00,0x00,0x00,0x00,0x00,0x00,0x00,0x40,
    0x00,0x00,0x00,0x02,0x11,0x00,0x80,0x00,0x24,0x00,0x60,0x8e,0x00,0x00,0x00,0x00,0x00,0x00,0x00,0x00,0x00,0x00,0x00,0x00,0x00,0x00,0x00,0x00,0x00,0x00,0x00,0x00,
    0x00,0x00,0x00,0x00,0x00,0x00,0x00,0x00,0x08,0x00,0x00,0x00,0x88,0x00,0x00,0x00,0x88,0x0c,0xff,0xfb,0x13,0x88,0xc8,0xa1,0x82,0x80,0x80,0x00,0x00,0x90,0x00,0x00,
    0x00,0x00,0x00,0x00,0x80,0x00,0x00,0x00,0x10,0x60,0x80,0x00,0x00,0x00,0x00,0x00,0x00,0x00,0x00,0x0f,0x10,0x80,0x00,0x00,0x00,0x00,0x40,0x00,0x00,0x00,0x00,0x30
  },
  { // 2
    0x02,0x00,0x00,0x20,0x00,0x04,0x00,0x00,0x00,0x18,0x24,0x18,0x00,0x00,0x00,0x00,0x00,0x00,0x00,0x00,0x00,0x00,0xc0,0x20,0xa0,0x10,0xe0,0x01,0x00,0x00,0x00,0x00,
    0x20,0x04,0x00,0x00,0x12,0x80,0x00,0x00,0x02,0x00,0xa8,0x88,0x00,0x00,0x00,0x00,0x00,0x00,0x00,0x00,0x00,0x00,0x00,0x00,0x00,0x00,0x00,0x00,0x00,0x00,0x00,0x00,
    0x00,0x00,0x00,0x00,0x08,0x00,0x00,0x00,0x88,0x00,0x00,0x00,0x89,0x09,0x3f,0x76,0xe0,0xd0,0x82,0x00,0x00,0x04,0x00,0x04,0x00,0x40,0x00,0x00,0x00,0x00,0x00,0x00,
    0x00,0x00,0x00,0x00,0x00,0x00,0x00,0x00,0x0c,0x02,0x00,0x00,0x00,0x00,0x00,0x00,0x00,0x00,0x00,0xc0,0x7b,0x00,0x00,0x00,0x00,0x00,0x00,0x00,0x00,0x00,0x00,0x01,
    0x00,0x20,0x00,0x00,0x00,0x00,0x80,0x50,0xc8,0x00,0x00,0x00,0x00,0x00,0x00,0x00,0x00,0x00,0x00,0x00,0x01,0x00,0x01,0x02,0x02,0x06,0x03,0x00,0x00,0x00,0x00,0x00,
    0x00,0x00,0x01,0x00,0x20,0x00,0x04,0x00,0x90,0xb8,0x04,0x03,0x00,0x00,0x00,0x00,0x00,0x00,0x00,0x00,0x00,0x00,0x00,0x00,0x00,0x00,0x00,0x00,0x00,0x00,0x00,0x00,
    0x00,0x00,0x00,0x00,0x00,0x00,0x00,0x00,0x88,0x00,0x20,0x00,0xa8,0x70,0xfa,0xdc,0x0e,0x02,0x03,0xa9,0x08,0x02,0x82,0x20,0x00,0x00,0x00,0x08,0xe0,0x00,0x00,0x00,
    0x00,0x00,0x00,0x00,0x00,0x00,0x0c,0x31,0xc0,0x00,0x00,0x00,0x10,0x00,0x00,0x00,0x00,0x00,0x36,0x41,0x80,0x00,0x00,0x00,0x08,0x00,0x00,0x00,0x00,0x10,0x4c,0x82,
    0x04,0x00,0x00,0x00,0x00,0x00,0x01,0x02,0x01,0x02,0x00,0x80,0x00,0x01,0xe0,0x00,0x80,0x81,0x00,0x01,0x00,0x00,0x00,0x00,0x10,0x00,0x08,0x00,0x00,0x20,0x00,0x00,
    0x00,0x00,0x08,0x40,0x00,0x21,0x02,0x00,0xa8,0x20,0x00,0x00,0x00,0x00,0x00,0x00,0x00,0x00,0x00,0x00,0x00,0x00,0x00,0x00,0x00,0x00,0x00,0x00,0x00,0x00,0x00,0x00,
    0x00,0x00,0x00,0x00,0x08,0x00,0x00,0x00,0x88,0x00,0x02,0x1e,0x9f,0x17,0x21,0xe0,0xc2,0x20,0x20,0x20,0x40,0x00,0x20,0x00,0x00,0x00,0x18,0x06,0x00,0x00,0x00,0x00,
    0x00,0x00,0x00,0x00,0x00,0x00,0x00,0x08,0x03,0x00,0x00,0x00,0x00,0x00,0x00,0x00,0x00,0x00,0x00,0x00,0x0f,0x00,0x00,0x00,0x00,0x00,0x00,0x00,0x00,0x00,0x00,0x03,
    0x00,0x00,0x00,0x00,0x00,0x00,0x00,0x00,0x00,0x00,0x20,0x04,0x11,0x0d,0x03,0x03,0x84,0x0c,0x00,0x00,0x00,0x00,0x00,0x00,0x00,0x00,0x00,0x00,0x00,0x00,0x00,0x40,
    0x00,0x00,0x00,0x02,0x11,0x00,0x80,0x00,0x24,0x00,0x60,0x8e,0x00,0x00,0x00,0x00,0x00,0x00,0x00,0x00,0x00,0x00,0x00,0x00,0x00,0x00,0x00,0x00,0x00,0x00,0x00,0x00,
    0x00,0x00,0x00,0x00,0x00,0x00,0x00,0x00,0x88,0x00,0x00,0x00,0x88,0x00,0x26,0xcc,0xff,0xf3,0x10,0x8d,0x80,0x88,0xc8,0xa1,0x82,0x00,0x80,0x04,0x00,0xe0,0x00,0x00,
    0x00,0x00,0x00,0x80,0x00,0x00,0x00,0x00,0x60,0x80,0x00,0x00,0x00,0x00,0x00,0x00,0x00,0x00,0x0f,0x10,0xc0,0x00,0x00,0x00,0x00,0x40,0x00,0x00,0x00,0x00,0x30,0x40
  },
  { // 3
    0x02,0x00,0x00,0x20,0x00,0x04,0x00,0x00,0x00,0x18,0x24,0x18,0x00,0x00,0x00,0x00,0x00,0x00,0x00,0x00,0x00,0x00,0xc0,0x20,0xa0,0x10,0xe0,0x01,0x00,0x00,0x00,0x00,
    0x20,0x04,0x00,0x00,0x12,0x80,0x00,0x00,0x02,0x00,0xa8,0x88,0x00,0x00,0x00,0x00,0x00,0x00,0x00,0x00,0x00,0x00,0x00,0x00,0x00,0x00,0x00,0x00,0x00,0x00,0x00,0x00,
    0x00,0x00,0x00,0x00,0x08,0x00,0x00,0x00,0x88,0x00,0x2b,0x1f,0x9f,0x76,0xe0,0x86,0x80,0x10,0x02,0x00,0x00,0x00,0x00,0x04,0x00,0x50,0x00,0x00,0x00,0x00,0x00,0x00,
    0x00,0x00,0x00,0x00,0x00,0x00,0x00,0x0c,0x02,0x00,0x00,0x00,0x00,0x00,0x00,0x00,0x00,0x00,0xc0,0x7b,0x00,0x00,0x00,0x00,0x00,0x00,0x00,0x00,0x00,0x00,0x01,0xce,
    0x00,0x20,0x00,0x00,0x00,0x00,0x80,0x50,0xc8,0x00,0x00,0x00,0x00,0x00,0x00,0x00,0x00,0x00,0x00,0x00,0x01,0x00,0x01,0x02,0x02,0x06,0x03,0x00,0x00,0x00,0x00,0x00,
    0x00,0x00,0x01,0x00,0x20,0x00,0x04,0x00,0x90,0xb8,0x04,0x03,0x00,0x00,0x00,0x00,0x00,0x00,0x00,0x00,0x00,0x00,0x00,0x00,0x00,0x00,0x00,0x00,0x00,0x00,0x00,0x00,
    0x00,0x00,0x00,0x00,0x88,0x00,0x00,0x00,0x88,0x00,0x20,0x70,0xfc,0xdc,0x06,0xc3,0x01,0x01,0x00,0x20,0x01,0x02,0x02,0x00,0x00,0x00,0x0c,0x70,0x80,0x00,0x00,0x00,
    0x00,0x00,0x00,0x00,0x00,0x0c,0x31,0xc0,0x00,0x00,0x00,0x10,0x00,0x00,0x00,0x00,0x00,0x36,0x41,0x80,0x00,0x00,0x00,0x08,0x40,0x00,0x00,0x00,0x00,0x5c,0x82,0x01,
    0x04,0x00,0x00,0x00,0x00,0x00,0x01,0x02,0x01,0x02,0x00,0x80,0x00,0x01,0xe0,0x00,0x80,0x81,0x00,0x01,0x00,0x00,0x00,0x00,0x10,0x00,0x08,0x00,0x00,0x20,0x00,0x00,
    0x00,0x00,0x08,0x40,0x00,0x21,0x02,0x00,0xa8,0x20,0x00,0x00,0x00,0x00,0x00,0x00,0x00,0x00,0x00,0x00,0x00,0x00,0x00,0x00,0x00,0x00,0x00,0x00,0x00,0x00,0x00,0x00,
    0x08,0x00,0x00,0x00,0x88,0x00,0x02,0x00,0x88,0x1e,0x3f,0x11,0xa2,0xf0,0xc0,0x00,0x00,0x00,0x20,0x00,0x40,0x00,0x20,0x00,0x00,0xb8,0x06,0x00,0x00,0x00,0x00,0x00,
    0x00,0x00,0x00,0x00,0x00,0x00,0x08,0x03,0x00,0x00,0x00,0x00,0x00,0x00,0x00,0x00,0x00,0x00,0x00,0x0f,0x00,0x00,0x00,0x00,0x00,0x00,0x00,0x00,0x00,0x00,0x83,0x3c,
    0x00,0x00,0x00,0x00,0x00,0x00,0x00,0x00,0x00,0x00,0x20,0x04,0x11,0x0d,0x03,0x03,0x84,0x0c,0x00,0x00,0x00,0x00,0x00,0x00,0x00,0x00,0x00,0x00,0x00,0x00,0x00,0x40,
    0x00,0x00,0x00,0x02,0x11,0x00,0x80,0x00,0x24,0x00,0x60,0x8e,0x00,0x00,0x00,0x00,0x00,0x00,0x00,0x00,0x00,0x00,0x00,0x00,0x00,0x00,0x00,0x00,0x00,0x00,0x00,0x00,
    0x00,0x00,0x00,0x00,0x88,0x00,0x00,0x00,0x88,0x00,0x02,0x00,0x8c,0xcf,0xfb,0xf3,0x10,0x82,0x22,0x81,0x00,0x80,0xc8,0x80,0x00,0x00,0x04,0x18,0xe0,0x00,0x00,0x00,
    0x00,0x00,0x80,0x00,0x00,0x00,0x00,0x30,0x80,0x00,0x00,0x00,0x00,0x00,0x00,0x00,0x00,0x0f,0x10,0xc0,0x00,0x00,0x00,0x00,0x40,0x00,0x00,0x00,0x00,0x10,0x60,0x00
  },
  { // 4
    0x02,0x00,0x00,0x20,0x00,0x04,0x00,0x00,0x00,0x18,0x24,0x18,0x00,0x00,0x00,0x00,0x00,0x00,0x00,0x00,0x00,0x00,0xc0,0x20,0xa0,0x10,0xe0,0x01,0x00,0x00,0x00,0x00,
    0x20,0x04,0x00,0x00,0x12,0x80,0x00,0x00,0x02,0x00,0xa8,0x88,0x00,0x00,0x00,0x00,0x00,0x00,0x00,0x00,0x00,0x00,0x00,0x00,0x00,0x00,0x00,0x00,0x00,0x00,0x00,0x00,
    0x08,0x00,0x00,0x00,0x88,0x00,0x02,0x00,0x89,0x1f,0x36,0x68,0xe1,0x90,0x80,0x02,0x00,0x00,0x00,0x00,0x00,0x00,0x00,0x00,0x70,0x00,0x00,0x00,0x00,0x00,0x00,0x00,
    0x00,0x00,0x00,0x00,0x00,0x08,0x0c,0x02,0x00,0x00,0x00,0x00,0x00,0x00,0x00,0x00,0x00,0xc0,0x7b,0x00,0x00,0x00,0x00,0x00,0x00,0x00,0x00,0x00,0x00,0x01,0xce,0x20,
    0x00,0x20,0x00,0x00,0x00,0x00,0x80,0x50,0xc8,0x00,0x00,0x00,0x00,0x00,0x00,0x00,0x00,0x00,0x00,0x00,0x01,0x00,0x01,0x02,0x02,0x06,0x03,0x00,0x00,0x00,0x00,0x00,
    0x00,0x00,0x01,0x00,0x20,0x00,0x04,0x00,0x90,0xb8,0x04,0x03,0x00,0x00,0x00,0x00,0x00,0x00,0x00,0x00,0x00,0x00,0x00,0x00,0x00,0x00,0x00,0x00,0x00,0x00,0x00,0x00,
    0x80,0x00,0x00,0x00,0x88,0x00,0x20,0x00,0xa8,0x70,0xfe,0xdc,0x02,0x03,0x09,0x41,0x02,0x00,0x00,0x00,0x00,0x00,0x02,0x00,0x00,0x0e,0x30,0xc0,0x00,0x00,0x00,0x00,
    0x00,0x00,0x00,0x00,0x04,0x39,0xc0,0x00,0x00,0x00,0x00,0x10,0x00,0x00,0x00,0x00,0x16,0x61,0x80,0x00,0x00,0x00,0x08,0x40,0x00,0x00,0x00,0x00,0x1c,0x82,0x01,0x00,
    0x04,0x00,0x00,0x00,0x00,0x00,0x01,0x02,0x01,0x02,0x00,0x80,0x00,0x01,0xe0,0x00,0x80,0x81,0x00,0x01,0x00,0x00,0x00,0x00,0x10,0x00,0x08,0x00,0x00,0x20,0x00,0x00,
    0x00,0x00,0x08,0x40,0x00,0x21,0x02,0x00,0xa8,0x20,0x00,0x00,0x00,0x00,0x00,0x00,0x00,0x00,0x00,0x00,0x00,0x00,0x00,0x00,0x00,0x00,0x00,0x00,0x00,0x00,0x00,0x00,
    0x08,0x00,0x00,0x00,0x88,0x00,0x2a,0x1e,0x9f,0x21,0xe6,0xe0,0xc2,0x00,0x00,0x00,0x00,0x00,0x20,0x00,0x00,0x00,0x00,0x00,0xf8,0x06,0x00,0x00,0x00,0x00,0x00,0x00,
    0x00,0x00,0x00,0x00,0x00,0x08,0x03,0x00,0x00,0x00,0x00,0x00,0x00,0x00,0x00,0x00,0x00,0x00,0x0f,0x00,0x00,0x00,0x00,0x00,0x00,0x00,0x00,0x00,0x00,0x83,0x3c,0x00,
    0x00,0x00,0x00,0x00,0x00,0x00,0x00,0x00,0x00,0x00,0x20,0x04,0x11,0x0d,0x03,0x03,0x84,0x0c,0x00,0x00,0x00,0x00,0x00,0x00,0x00,0x00,0x00,0x00,0x00,0x00,0x00,0x40,
    0x00,0x00,0x00,0x02,0x11,0x00,0x80,0x00,0x24,0x00,0x60,0x8e,0x00,0x00,0x00,0x00,0x00,0x00,0x00,0x00,0x00,0x00,0x00,0x00,0x00,0x00,0x00,0x00,0x00,0x00,0x00,0x00,
    0x00,0x00,0x00,0x00,0x88,0x00,0x00,0x00,0x88,0x00,0x26,0xcf,0xfb,0x74,0x92,0x00,0xc0,0x90,0x02,0x00,0x00,0x00,0x48,0x00,0x01,0x04,0x08,0xf0,0x00,0x00,0x00,0x00,
    0x00,0x80,0x00,0x00,0x00,0x00,0x30,0xc0,0x00,0x00,0x00,0x00,0x00,0x00,0x00,0x00,0x0f,0x10,0xc0,0x00,0x00,0x00,0x00,0x40,0x00,0x00,0x00,0x00,0x10,0x60,0x00,0x00
  },
  { // 5
    0x02,0x00,0x00,0x20,0x00,0x04,0x00,0x00,0x00,0x18,0x24,0x18,0x00,0x00,0x00,0x00,0x00,0x00,0x00,0x00,0x00,0x00,0xc0,0x20,0xa0,0x10,0xe0,0x01,0x00,0x00,0x00,0x00,
    0x20,0x04,0x00,0x00,0x12,0x80,0x00,0x00,0x02,0x00,0xa8,0x88,0x00,0x00,0x00,0x00,0x00,0x00,0x00,0x00,0x00,0x00,0x00,0x00,0x00,0x00,0x00,0x00,0x08,0x00,0x00,0x00,
    0x08,0x00,0x00,0x00,0x88,0x08,0x2f,0x1f,0xb6,0x60,0xf8,0x90,0x01,0x30,0x00,0x02,0x00,0x00,0x00,0x00,0x00,0x00,0x00,0x70,0x00,0x00,0x00,0x00,0x00,0x00,0x00,0x00,
    0x00,0x00,0x00,0x00,0x08,0x04,0x02,0x00,0x00,0x00,0x00,0x00,0x00,0x00,0x00,0x00,0xc0,0x7b,0x00,0x00,0x00,0x00,0x00,0x00,0x00,0x00,0x00,0x00,0x01,0xce,0x20,0x00,
    0x00,0x20,0x00,0x00,0x00,0x00,0x80,0x50,0xc8,0x00,0x00,0x00,0x00,0x00,0x00,0x00,0x00,0x00,0x00,0x00,0x01,0x00,0x01,0x02,0x02,0x06,0x03,0x00,0x00,0x00,0x00,0x00,
    0x00,0x00,0x01,0x00,0x20,0x00,0x04,0x00,0x90,0xb8,0x04,0x03,0x00,0x00,0x00,0x00,0x00,0x00,0x00,0x00,0x00,0x00,0x00,0x00,0x00,0x00,0x00,0x00,0x00,0x00,0x00,0x00,
    0x88,0x00,0x00,0x00,0x88,0x00,0x22,0x20,0xfc,0xde,0x02,0x13,0x95,0x00,0x08,0x40,0x01,0x00,0x00,0x00,0x00,0x00,0x00,0x00,0x07,0x38,0xc0,0x00,0x00,0x00,0x00,0x00,
    0x00,0x00,0x00,0x04,0x19,0x60,0x80,0x00,0x00,0x00,0x10,0x00,0x00,0x00,0x00,0x16,0x21,0x80,0x00,0x00,0x00,0x08,0x40,0x00,0x00,0x00,0x00,0x1c,0xc2,0x01,0x00,0x00,
    0x04,0x00,0x00,0x00,0x00,0x00,0x01,0x02,0x01,0x02,0x00,0x80,0x00,0x01,0xe0,0x00,0x80,0x81,0x00,0x01,0x00,0x00,0x00,0x00,0x10,0x00,0x08,0x00,0x00,0x20,0x00,0x00,
    0x00,0x00,0x08,0x40,0x00,0x21,0x02,0x00,0xa8,0x20,0x00,0x00,0x00,0x00,0x00,0x00,0x00,0x00,0x00,0x00,0x00,0x00,0x00,0x00,0x00,0x00,0x00,0x00,0x08,0x00,0x00,0x00,
    0x88,0x00,0x02,0x00,0x8a,0x1f,0x37,0x21,0xe0,0xe0,0x43,0x00,0x02,0x00,0x00,0x00,0x00,0x00,0x00,0x00,0x00,0x00,0x00,0xf8,0x06,0x00,0x00,0x00,0x00,0x00,0x00,0x00,
    0x00,0x00,0x00,0x00,0x08,0x03,0x00,0x00,0x00,0x00,0x00,0x00,0x00,0x00,0x00,0x00,0x00,0x0f,0x00,0x00,0x00,0x00,0x00,0x00,0x00,0x00,0x00,0x00,0x81,0x3e,0x00,0x00,
    0x00,0x00,0x00,0x00,0x00,0x00,0x00,0x00,0x00,0x00,0x20,0x04,0x11,0x0d,0x03,0x03,0x84,0x0c,0x00,0x00,0x00,0x00,0x00,0x00,0x00,0x00,0x00,0x00,0x00,0x00,0x00,0x40,
    0x00,0x00,0x00,0x02,0x11,0x00,0x80,0x00,0x24,0x00,0x60,0x8e,0x00,0x00,0x00,0x00,0x00,0x00,0x00,0x00,0x00,0x00,0x00,0x00,0x00,0x00,0x00,0x00,0x00,0x00,0x00,0x00,
    0x88,0x00,0x00,0x00,0x88,0x00,0x02,0x00,0x8e,0xcf,0xfb,0x70,0x10,0x0e,0x02,0x10,0x80,0x90,0x00,0x00,0x00,0x00,0x00,0x01,0x04,0x08,0xf0,0x00,0x00,0x00,0x00,0x00,
    0x80,0x00,0x00,0x00,0x00,0x30,0xc0,0x00,0x00,0x00,0x00,0x00,0x00,0x00,0x00,0x0f,0x10,0xc0,0x00,0x00,0x00,0x00,0x00,0x40,0x00,0x00,0x00,0x00,0x70,0x00,0x00,0x00
  },
  { // 6
    0x02,0x00,0x00,0x20,0x00,0x04,0x00,0x00,0x00,0x18,0x24,0x18,0x00,0x00,0x00,0x00,0x00,0x00,0x00,0x00,0x00,0x00,0xc0,0x20,0xa0,0x10,0xe0,0x01,0x00,0x00,0x00,0x00,
    0x20,0x04,0x00,0x00,0x12,0x80,0x00,0x00,0x02,0x00,0xa8,0x88,0x00,0x00,0x00,0x00,0x00,0x00,0x00,0x00,0x00,0x00,0x00,0x00,0x00,0x00,0x00,0x00,0x08,0x00,0x00,0x00,
    0x88,0x00,0x02,0x08,0x8f,0x1f,0x32,0x60,0xe4,0x94,0x18,0x30,0x01,0x20,0x00,0x02,0x00,0x04,0x00,0x00,0x00,0x00,0x70,0x00,0x00,0x00,0x00,0x00,0x00,0x00,0x00,0x00,
    0x00,0x00,0x00,0x08,0x04,0x02,0x00,0x00,0x00,0x00,0x00,0x00,0x00,0x00,0x00,0xc0,0x79,0x00,0x00,0x00,0x00,0x00,0x00,0x00,0x00,0x00,0x00,0x01,0xce,0x20,0x00,0x00,
    0x00,0x20,0x00,0x00,0x00,0x00,0x80,0x50,0xc8,0x00,0x00,0x00,0x00,0x00,0x00,0x00,0x00,0x00,0x00,0x00,0x01,0x00,0x01,0x02,0x02,0x06,0x03,0x00,0x00,0x00,0x00,0x00,
    0x00,0x00,0x01,0x00,0x20,0x00,0x04,0x00,0x90,0xb8,0x04,0x03,0x00,0x00,0x00,0x00,0x00,0x00,0x00,0x00,0x00,0x00,0x00,0x00,0x00,0x00,0x00,0x00,0x80,0x00,0x00,0x00,
    0x88,0x00,0x20,0x00,0x88,0x20,0xfe,0xfe,0x0a,0xc7,0x01,0x10,0x91,0x00,0x00,0x40,0x00,0x00,0x00,0x00,0x00,0x00,0x00,0x07,0x38,0xc0,0x00,0x00,0x00,0x00,0x00,0x00,
    0x00,0x00,0x04,0x19,0x60,0x80,0x00,0x00,0x00,0x10,0x00,0x00,0x00,0x00,0x06,0x31,0xc0,0x00,0x00,0x00,0x08,0x40,0x00,0x00,0x00,0x00,0x1c,0xc2,0x01,0x00,0x00,0x00,
    0x04,0x00,0x00,0x00,0x00,0x00,0x01,0x02,0x01,0x02,0x00,0x80,0x00,0x01,0xe0,0x00,0x80,0x81,0x00,0x01,0x00,0x00,0x00,0x00,0x10,0x00,0x08,0x00,0x00,0x20,0x00,0x00,
    0x00,0x00,0x08,0x40,0x00,0x21,0x02,0x00,0xa8,0x20,0x00,0x00,0x00,0x00,0x00,0x00,0x00,0x00,0x00,0x00,0x00,0x00,0x00,0x00,0x00,0x00,0x00,0x00,0x88,0x00,0x00,0x00,
    0x88,0x00,0x2a,0x1f,0x9f,0x21,0xfa,0xe0,0x00,0x20,0x00,0x40,0x26,0x00,0x00,0x00,0x00,0x00,0x00,0x00,0x00,0x00,0xf8,0x06,0x00,0x00,0x00,0x00,0x00,0x00,0x00,0x00,
    0x00,0x00,0x00,0x08,0x03,0x00,0x00,0x00,0x00,0x00,0x00,0x00,0x00,0x00,0x00,0x00,0x0f,0x00,0x00,0x00,0x00,0x00,0x00,0x00,0x00,0x00,0x00,0x81,0x3e,0x00,0x00,0x00,
    0x00,0x00,0x00,0x00,0x00,0x00,0x00,0x00,0x00,0x00,0x20,0x04,0x11,0x0d,0x03,0x03,0x84,0x0c,0x00,0x00,0x00,0x00,0x00,0x00,0x00,0x00,0x00,0x00,0x00,0x00,0x00,0x40,
    0x00,0x00,0x00,0x02,0x11,0x00,0x80,0x00,0x24,0x00,0x60,0x8e,0x00,0x00,0x00,0x00,0x00,0x00,0x00,0x00,0x00,0x00,0x00,0x00,0x00,0x00,0x00,0x00,0x00,0x00,0x00,0x00,
    0x88,0x00,0x00,0x00,0x88,0x00,0x27,0xcf,0xeb,0x70,0x99,0x02,0x30,0x04,0x00,0x10,0x80,0x90,0x00,0x00,0x00,0x00,0x01,0x04,0x08,0xf0,0x00,0x00,0x00,0x00,0x00,0x80,
    0x00,0x00,0x00,0x00,0x10,0xe0,0x00,0x00,0x00,0x00,0x00,0x00,0x00,0x00,0x07,0x18,0x40,0x80,0x00,0x00,0x00,0x00,0x40,0x00,0x00,0x00,0x00,0x70,0x00,0x00,0x00,0x00
  },
  { // 7
    0x02,0x00,0x00,0x20,0x00,0x04,0x00,0x00,0x00,0x18,0x24,0x18,0x00,0x00,0x00,0x00,0x00,0x00,0x00,0x00,0x00,0x00,0xc0,0x20,0xa0,0x10,0xe0,0x01,0x00,0x00,0x00,0x00,
    0x20,0x04,0x00,0x00,0x12,0x80,0x00,0x00,0x02,0x00,0xa8,0x88,0x00,0x00,0x00,0x00,0x00,0x00,0x00,0x00,0x00,0x00,0x00,0x00,0x08,0x00,0x00,0x00,0x08,0x00,0x00,0x00,
    0x88,0x08,0x2f,0x17,0xba,0x60,0xe1,0x80,0x04,0x10,0x10,0x00,0x01,0x20,0x00,0x00,0x04,0x00,0x00,0x00,0x00,0x70,0x00,0x00,0x00,0x00,0x00,0x00,0x00,0x00,0x00,0x00,
    0x00,0x00,0x08,0x04,0x02,0x00,0x00,0x00,0x00,0x00,0x00,0x00,0x00,0x00,0x80,0x79,0x02,0x00,0x00,0x00,0x00,0x00,0x00,0x00,0x00,0x00,0x00,0xce,0x60,0x00,0x00,0x00,
    0x00,0x20,0x00,0x00,0x00,0x00,0x80,0x50,0xc8,0x00,0x00,0x00,0x00,0x00,0x00,0x00,0x00,0x00,0x00,0x00,0x01,0x00,0x01,0x02,0x02,0x06,0x03,0x00,0x00,0x00,0x00,0x00,
    0x00,0x00,0x01,0x00,0x20,0x00,0x04,0x00,0x90,0xb8,0x04,0x03,0x00,0x00,0x00,0x00,0x00,0x00,0x00,0x00,0x00,0x00,0x00,0x00,0x00,0x00,0x00,0x00,0x88,0x00,0x00,0x00,
    0x88,0x00,0x22,0x20,0xfc,0xfe,0x5a,0x03,0x41,0x40,0x01,0x91,0x10,0x00,0x00,0x40,0x00,0x00,0x00,0x00,0x00,0x00,0x07,0x18,0xe0,0x00,0x00,0x00,0x00,0x00,0x00,0x00,
    0x00,0x00,0x0d,0x30,0xc0,0x00,0x00,0x00,0x10,0x00,0x00,0x00,0x00,0x06,0x31,0xc0,0x00,0x00,0x00,0x08,0x00,0x00,0x00,0x00,0x00,0x1c,0x42,0x81,0x00,0x00,0x00,0x00,
    0x04,0x00,0x00,0x00,0x00,0x00,0x01,0x02,0x01,0x02,0x00,0x80,0x00,0x01,0xe0,0x00,0x80,0x81,0x00,0x01,0x00,0x00,0x00,0x00,0x10,0x00,0x08,0x00,0x00,0x20,0x00,0x00,
    0x00,0x00,0x08,0x40,0x00,0x21,0x02,0x00,0xa8,0x20,0x00,0x00,0x00,0x00,0x00,0x00,0x00,0x00,0x00,0x00,0x00,0x00,0x00,0x00,0x08,0x00,0x00,0x00,0x88,0x00,0x02,0x00,
    0x8a,0x1f,0x3f,0xb1,0xe0,0xe1,0x13,0x20,0x20,0x00,0x00,0x40,0x24,0x00,0x00,0x00,0x00,0x00,0x00,0x00,0x00,0xf8,0x06,0x00,0x00,0x00,0x00,0x00,0x00,0x00,0x00,0x00,
    0x00,0x00,0x08,0x03,0x00,0x00,0x00,0x00,0x00,0x00,0x00,0x00,0x00,0x00,0x00,0x0f,0x00,0x00,0x00,0x00,0x00,0x00,0x00,0x00,0x00,0x00,0x80,0x3f,0x00,0x00,0x00,0x00,
    0x00,0x00,0x00,0x00,0x00,0x00,0x00,0x00,0x00,0x00,0x20,0x04,0x11,0x0d,0x03,0x03,0x84,0x0c,0x00,0x00,0x00,0x00,0x00,0x00,0x00,0x00,0x00,0x00,0x00,0x00,0x00,0x40,
    0x00,0x00,0x00,0x02,0x11,0x00,0x80,0x00,0x24,0x00,0x60,0x8e,0x00,0x00,0x00,0x00,0x00,0x00,0x00,0x00,0x00,0x00,0x00,0x00,0x00,0x00,0x00,0x00,0x88,0x00,0x00,0x00,
    0x88,0x00,0x02,0x00,0x8f,0xcf,0xea,0x74,0xb0,0x02,0x99,0x02,0x30,0x04,0x00,0x00,0x80,0x00,0x00,0x00,0x00,0x00,0x04,0x08,0xf0,0x00,0x00,0x00,0x00,0x00,0x80,0x00,
    0x00,0x00,0x00,0x10,0xe0,0x00,0x00,0x00,0x00,0x00,0x00,0x00,0x00,0x07,0x08,0x50,0x80,0x00,0x00,0x00,0x00,0x40,0x00,0x00,0x00,0x00,0x30,0x40,0x00,0x00,0x00,0x00
  },
  { // 8
    0x02,0x00,0x00,0x20,0x00,0x04,0x00,0x00,0x00,0x18,0x24,0x18,0x00,0x00,0x00,0x00,0x00,0x00,0x00,0x00,0x00,0x00,0xc0,0x20,0xa0,0x10,0xe0,0x01,0x00,0x00,0x00,0x00,
    0x20,0x04,0x00,0x00,0x12,0x80,0x00,0x00,0x02,0x00,0xa8,0x88,0x00,0x00,0x00,0x00,0x00,0x00,0x00,0x00,0x00,0x00,0x00,0x00,0x08,0x00,0x00,0x00,0x88,0x00,0x02,0x08,
    0x8f,0x17,0x32,0x60,0xe1,0xc0,0x81,0x00,0x04,0x10,0x10,0x00,0x00,0x20,0x00,0x04,0x00,0x00,0x00,0x00,0x50,0x20,0x00,0x00,0x00,0x00,0x00,0x00,0x00,0x00,0x00,0x00,
    0x00,0x08,0x0c,0x02,0x00,0x00,0x00,0x00,0x00,0x00,0x00,0x00,0x00,0x80,0x79,0x02,0x00,0x00,0x00,0x00,0x00,0x00,0x00,0x00,0x00,0x00,0x8f,0x60,0x00,0x00,0x00,0x00,
    0x00,0x20,0x00,0x00,0x00,0x00,0x80,0x50,0xc8,0x00,0x00,0x00,0x00,0x00,0x00,0x00,0x00,0x00,0x00,0x00,0x01,0x00,0x01,0x02,0x02,0x06,0x03,0x00,0x00,0x00,0x00,0x00,
    0x00,0x00,0x01,0x00,0x20,0x00,0x04,0x00,0x90,0xb8,0x04,0x03,0x00,0x00,0x00,0x00,0x00,0x00,0x00,0x00,0x00,0x00,0x00,0x00,0x00,0x00,0x00,0x00,0x88,0x00,0x00,0x00,
    0x88,0x00,0xe6,0xfe,0x5a,0x03,0x19,0x12,0x40,0x41,0x00,0x01,0x00,0x40,0x00,0x00,0x00,0x00,0x00,0x00,0x00,0x03,0x08,0xf0,0x00,0x00,0x00,0x00,0x00,0x00,0x00,0x00,
    0x00,0x0d,0x30,0xc0,0x00,0x00,0x00,0x00,0x00,0x00,0x00,0x00,0x04,0x13,0x40,0x80,0x00,0x00,0x08,0x00,0x40,0x00,0x00,0x00,0x0c,0x42,0x81,0x00,0x00,0x00,0x00,0x00,
    0x04,0x00,0x00,0x00,0x00,0x00,0x01,0x02,0x01,0x02,0x00,0x80,0x00,0x01,0xe0,0x00,0x80,0x81,0x00,0x01,0x00,0x00,0x00,0x00,0x10,0x00,0x08,0x00,0x00,0x20,0x00,0x00,
    0x00,0x00,0x08,0x40,0x00,0x21,0x02,0x00,0xa8,0x20,0x00,0x00,0x00,0x00,0x00,0x00,0x00,0x00,0x00,0x00,0x00,0x00,0x00,0x00,0x88,0x00,0x00,0x00,0x88,0x00,0x2a,0x1e,
    0x9f,0x91,0xe0,0xf0,0x00,0x40,0x00,0x20,0x00,0x00,0x00,0x00,0x00,0x00,0x00,0x00,0x00,0x00,0x00,0x00,0xf8,0x06,0x02,0x00,0x00,0x00,0x00,0x00,0x00,0x00,0x00,0x00,
    0x00,0x08,0x02,0x01,0x00,0x00,0x00,0x00,0x00,0x00,0x00,0x00,0x00,0x00,0x0f,0x00,0x00,0x00,0x00,0x00,0x00,0x00,0x00,0x00,0x00,0x80,0x3f,0x20,0x00,0x00,0x00,0x00,
    0x00,0x00,0x00,0x00,0x00,0x00,0x00,0x00,0x00,0x00,0x20,0x04,0x11,0x0d,0x03,0x03,0x84,0x0c,0x00,0x00,0x00,0x00,0x00,0x00,0x00,0x00,0x00,0x00,0x00,0x00,0x00,0x40,
    0x00,0x00,0x00,0x02,0x11,0x00,0x80,0x00,0x24,0x00,0x60,0x8e,0x00,0x00,0x00,0x00,0x00,0x00,0x00,0x00,0x00,0x00,0x00,0x00,0x00,0x00,0x00,0x00,0x88,0x00,0x00,0x00,
    0x88,0x00,0x27,0x8f,0xea,0x78,0xb0,0x08,0x40,0x10,0x00,0x02,0x00,0x00,0x00,0x00,0x00,0x00,0x00,0x00,0x00,0x01,0x04,0x98,0x60,0x00,0x00,0x00,0x00,0x80,0x00,0x00,
    0x00,0x00,0x00,0xf0,0x00,0x00,0x00,0x00,0x00,0x00,0x00,0x00,0x07,0x08,0x10,0xc0,0x00,0x00,0x00,0x00,0x40,0x00,0x00,0x00,0x00,0x30,0x40,0x00,0x00,0x00,0x00,0x00
  },
  { // 9
    0x02,0x00,0x00,0x20,0x00,0x04,0x00,0x00,0x00,0x18,0x24,0x18,0x00,0x00,0x00,0x00,0x00,0x00,0x00,0x00,0x00,0x00,0xc0,0x20,0xa0,0x10,0xe0,0x01,0x00,0x00,0x00,0x00,
    0x20,0x04,0x00,0x00,0x12,0x80,0x00,0x00,0x02,0x00,0xa8,0x88,0x00,0x00,0x00,0x00,0x00,0x00,0x00,0x00,0x08,0x00,0x00,0x00,0x08,0x00,0x00,0x00,0x88,0x08,0x2f,0x1f,
    0x92,0x64,0xe0,0xc0,0x80,0x00,0x81,0x00,0x00,0x00,0x10,0x00,0x00,0x00,0x04,0x00,0x00,0x00,0x00,0x10,0x70,0x00,0x00,0x00,0x00,0x00,0x00,0x00,0x00,0x00,0x00,0x00,
    0x08,0x0c,0x02,0x00,0x00,0x00,0x00,0x00,0x00,0x00,0x00,0x00,0x80,0x78,0x02,0x00,0x00,0x00,0x00,0x00,0x00,0x00,0x00,0x00,0x00,0x83,0x6c,0x00,0x00,0x00,0x00,0x00,
    0x00,0x20,0x00,0x00,0x00,0x00,0x80,0x50,0xc8,0x00,0x00,0x00,0x00,0x00,0x00,0x00,0x00,0x00,0x00,0x00,0x01,0x00,0x01,0x02,0x02,0x06,0x03,0x00,0x00,0x00,0x00,0x00,
    0x00,0x00,0x01,0x00,0x20,0x00,0x04,0x00,0x90,0xb8,0x04,0x03,0x00,0x00,0x00,0x00,0x00,0x00,0x00,0x00,0x00,0x00,0x00,0x00,0x88,0x00,0x00,0x00,0x88,0x00,0x22,0x00,
    0xac,0xfe,0xfe,0x03,0x01,0x10,0x09,0x02,0x00,0x01,0x10,0x01,0x00,0x40,0x00,0x00,0x00,0x00,0x00,0x00,0x03,0x0c,0xf0,0x00,0x00,0x00,0x00,0x00,0x00,0x00,0x00,0x00,
    0x05,0x18,0xe0,0x00,0x00,0x00,0x00,0x10,0x00,0x00,0x00,0x04,0x13,0x60,0x80,0x00,0x00,0x00,0x08,0x40,0x00,0x00,0x00,0x04,0x1a,0xc1,0x00,0x00,0x00,0x00,0x00,0x00,
    0x04,0x00,0x00,0x00,0x00,0x00,0x01,0x02,0x01,0x02,0x00,0x80,0x00,0x01,0xe0,0x00,0x80,0x81,0x00,0x01,0x00,0x00,0x00,0x00,0x10,0x00,0x08,0x00,0x00,0x20,0x00,0x00,
    0x00,0x00,0x08,0x40,0x00,0x21,0x02,0x00,0xa8,0x20,0x00,0x00,0x00,0x00,0x00,0x00,0x00,0x00,0x00,0x00,0x08,0x00,0x00,0x00,0x88,0x00,0x02,0x00,0x88,0x0e,0x3f,0x95,
    0xe2,0xe5,0x01,0x20,0x00,0x00,0x00,0x20,0x00,0x00,0x00,0x00,0x00,0x40,0x00,0x00,0x00,0x00,0x00,0xf8,0x04,0x02,0x00,0x00,0x00,0x00,0x00,0x00,0x00,0x00,0x00,0x00,
    0x08,0x02,0x01,0x00,0x00,0x00,0x00,0x00,0x00,0x00,0x00,0x00,0x00,0x0e,0x01,0x00,0x00,0x00,0x00,0x00,0x00,0x00,0x00,0x00,0x80,0x1b,0x30,0x00,0x00,0x00,0x00,0x02,
    0x00,0x00,0x00,0x00,0x00,0x00,0x00,0x00,0x00,0x00,0x20,0x04,0x11,0x0d,0x03,0x03,0x84,0x0c,0x00,0x00,0x00,0x00,0x00,0x00,0x00,0x00,0x00,0x00,0x00,0x00,0x00,0x40,
    0x00,0x00,0x00,0x02,0x11,0x00,0x80,0x00,0x24,0x00,0x60,0x8e,0x00,0x00,0x00,0x00,0x00,0x00,0x00,0x00,0x00,0x00,0x00,0x00,0x80,0x00,0x00,0x00,0x88,0x00,0x02,0x00,
    0x8f,0x87,0xea,0xf8,0x36,0x12,0x00,0x00,0x40,0x10,0x00,0x00,0x00,0x00,0x00,0x00,0x00,0x00,0x00,0x00,0x01,0x04,0x88,0xf0,0x00,0x00,0x00,0x00,0x00,0x80,0x00,0x00,
    0x00,0x00,0x70,0x80,0x00,0x00,0x00,0x00,0x00,0x00,0x00,0x07,0x08,0x10,0xc0,0x00,0x00,0x00,0x00,0x40,0x00,0x00,0x00,0x00,0x10,0x60,0x00,0x00,0x00,0x00,0x00,0x00
  },
  { // 10
    0x02,0x00,0x00,0x20,0x00,0x04,0x00,0x00,0x00,0x18,0x24,0x18,0x00,0x00,0x00,0x00,0x00,0x00,0x00,0x00,0x00,0x00,0xc0,0x20,0xa0,0x10,0xe0,0x01,0x00,0x00,0x00,0x00,
    0x20,0x04,0x00,0x00,0x12,0x80,0x00,0x00,0x02,0x00,0xa8,0x88,0x00,0x00,0x00,0x00,0x00,0x00,0x00,0x00,0x08,0x00,0x00,0x00,0x88,0x00,0x02,0x08,0x8f,0x1f,0x32,0x30,
    0xe1,0xe4,0x80,0x00,0x40,0x00,0x81,0x00,0x00,0x00,0x00,0x00,0x00,0x04,0x00,0x00,0x00,0x00,0x00,0x70,0x00,0x00,0x00,0x00,0x00,0x00,0x00,0x00,0x00,0x00,0x00,0x00,
    0x0c,0x02,0x00,0x00,0x00,0x00,0x00,0x00,0x00,0x00,0x00,0x80,0x78,0x03,0x00,0x00,0x00,0x00,0x00,0x00,0x00,0x00,0x00,0x00,0x81,0x6e,0x00,0x00,0x00,0x00,0x00,0x00,
    0x00,0x20,0x00,0x00,0x00,0x00,0x80,0x50,0xc8,0x00,0x00,0x00,0x00,0x00,0x00,0x00,0x00,0x00,0x00,0x00,0x01,0x00,0x01,0x02,0x02,0x06,0x03,0x00,0x00,0x00,0x00,0x00,
    0x00,0x00,0x01,0x00,0x20,0x00,0x04,0x00,0x90,0xb8,0x04,0x03,0x00,0x00,0x00,0x00,0x00,0x00,0x00,0x00,0x00,0x00,0x00,0x00,0x88,0x00,0x00,0x00,0x88,0x00,0x22,0xe4,
    0xfe,0x5b,0x81,0x02,0x02,0x10,0x01,0x00,0x00,0x00,0x10,0x01,0x00,0x00,0x00,0x00,0x00,0x00,0x00,0x00,0x07,0xb8,0x40,0x00,0x00,0x00,0x00,0x00,0x00,0x00,0x00,0x05,
    0x08,0xe0,0x00,0x00,0x00,0x00,0x10,0x00,0x00,0x00,0x00,0x07,0x30,0xc0,0x00,0x00,0x00,0x08,0x40,0x00,0x00,0x00,0x00,0x1e,0xc1,0x00,0x00,0x00,0x00,0x00,0x00,0x00,
    0x04,0x00,0x00,0x00,0x00,0x00,0x01,0x02,0x01,0x02,0x00,0x80,0x00,0x01,0xe0,0x00,0x80,0x81,0x00,0x01,0x00,0x00,0x00,0x00,0x10,0x00,0x08,0x00,0x00,0x20,0x00,0x00,
    0x00,0x00,0x08,0x40,0x00,0x21,0x02,0x00,0xa8,0x20,0x00,0x00,0x00,0x00,0x00,0x00,0x00,0x00,0x00,0x00,0x88,0x00,0x00,0x00,0x88,0x00,0x02,0x0e,0x9f,0x9d,0xe0,0xe8,
    0x10,0x00,0x61,0x20,0x00,0x00,0x00,0x00,0x00,0x00,0x00,0x00,0x00,0x00,0x00,0x00,0x00,0x00,0xf8,0x0c,0x02,0x00,0x00,0x00,0x00,0x00,0x00,0x00,0x00,0x00,0x00,0x08,
    0x02,0x01,0x00,0x00,0x00,0x00,0x00,0x00,0x00,0x00,0x00,0x00,0x08,0x07,0x00,0x00,0x00,0x00,0x00,0x00,0x00,0x00,0x00,0x80,0x03,0x3c,0x00,0x00,0x00,0x00,0x02,0x00,
    0x00,0x00,0x00,0x00,0x00,0x00,0x00,0x00,0x00,0x00,0x20,0x04,0x11,0x0d,0x03,0x03,0x84,0x0c,0x00,0x00,0x00,0x00,0x00,0x00,0x00,0x00,0x00,0x00,0x00,0x00,0x00,0x40,
    0x00,0x00,0x00,0x02,0x11,0x00,0x80,0x00,0x24,0x00,0x60,0x8e,0x00,0x00,0x00,0x00,0x00,0x00,0x00,0x00,0x00,0x00,0x00,0x00,0x88,0x00,0x00,0x00,0x88,0x00,0x27,0x07,
    0xce,0xe8,0x31,0x18,0x02,0x00,0x00,0x00,0x40,0x00,0x00,0x00,0x00,0x00,0x00,0x00,0x00,0x00,0x00,0x01,0x04,0x08,0xf0,0x00,0x00,0x00,0x00,0x00,0x80,0x00,0x00,0x00,
    0x00,0x10,0xc0,0x00,0x00,0x00,0x00,0x00,0x00,0x00,0x03,0x0c,0x10,0xc0,0x00,0x00,0x00,0x00,0x00,0x40,0x00,0x00,0x00,0x00,0x70,0x00,0x00,0x00,0x00,0x00,0x00,0x00
  },
  { // 11
    0x02,0x00,0x00,0x20,0x00,0x04,0x00,0x00,0x00,0x18,0x24,0x18,0x00,0x00,0x00,0x00,0x00,0x00,0x00,0x00,0x00,0x00,0xc0,0x20,0xa0,0x10,0xe0,0x01,0x00,0x00,0x00,0x00,
    0x20,0x04,0x00,0x00,0x12,0x80,0x00,0x00,0x02,0x00,0xa8,0x88,0x00,0x00,0x00,0x00,0x08,0x00,0x00,0x00,0x08,0x00,0x00,0x00,0x88,0x00,0x0f,0x1f,0x93,0x1c,0x60,0xe0,
    0x80,0x00,0x00,0x00,0x40,0x00,0x85,0x01,0x00,0x00,0x00,0x00,0x04,0x00,0x00,0x00,0x00,0x00,0x70,0x00,0x00,0x00,0x00,0x00,0x00,0x00,0x00,0x00,0x00,0x00,0x00,0x0c,
    0x02,0x00,0x00,0x00,0x00,0x00,0x00,0x00,0x00,0x00,0x00,0xf8,0x3b,0x00,0x00,0x00,0x00,0x00,0x00,0x00,0x00,0x00,0x00,0x81,0x6e,0x00,0x00,0x00,0x00,0x00,0x00,0x00,
    0x00,0x20,0x00,0x00,0x00,0x00,0x80,0x50,0xc8,0x00,0x00,0x00,0x00,0x00,0x00,0x00,0x00,0x00,0x00,0x00,0x01,0x00,0x01,0x02,0x02,0x06,0x03,0x00,0x00,0x00,0x00,0x00,
    0x00,0x00,0x01,0x00,0x20,0x00,0x04,0x00,0x90,0xb8,0x04,0x03,0x00,0x00,0x00,0x00,0x00,0x00,0x00,0x00,0x80,0x00,0x00,0x00,0x88,0x00,0x00,0x00,0x88,0x84,0xfe,0x7b,
    0x15,0x01,0x80,0x00,0x00,0x10,0x00,0x00,0x00,0x00,0x10,0x00,0x00,0x00,0x00,0x00,0x00,0x00,0x00,0x07,0x08,0xf0,0x00,0x00,0x00,0x00,0x00,0x00,0x00,0x00,0x05,0x08,
    0x30,0xc0,0x00,0x00,0x00,0x10,0x00,0x00,0x00,0x00,0x07,0x30,0xc0,0x00,0x00,0x00,0x08,0x00,0x40,0x00,0x00,0x00,0x1e,0x41,0x00,0x00,0x00,0x00,0x00,0x00,0x00,0x00,
    0x04,0x00,0x00,0x00,0x00,0x00,0x01,0x02,0x01,0x02,0x00,0x80,0x00,0x01,0xe0,0x00,0x80,0x81,0x00,0x01,0x00,0x00,0x00,0x00,0x10,0x00,0x08,0x00,0x00,0x20,0x00,0x00,
    0x00,0x00,0x08,0x40,0x00,0x21,0x02,0x00,0xa8,0x20,0x00,0x00,0x00,0x00,0x00,0x00,0x00,0x00,0x00,0x00,0x88,0x00,0x02,0x00,0x88,0x02,0x3f,0x9f,0xf1,0xe4,0x64,0x00,
    0x30,0x00,0x61,0x00,0x00,0x00,0x00,0x00,0x00,0x00,0x00,0x00,0x40,0x00,0x00,0x00,0x00,0x10,0xec,0x02,0x00,0x00,0x00,0x00,0x00,0x00,0x00,0x00,0x00,0x00,0x00,0x08,
    0x03,0x00,0x00,0x00,0x00,0x00,0x00,0x00,0x00,0x00,0x00,0x08,0x07,0x00,0x00,0x00,0x00,0x00,0x00,0x00,0x00,0x00,0x80,0x01,0x3e,0x00,0x00,0x00,0x00,0x02,0x00,0x00,
    0x00,0x00,0x00,0x00,0x00,0x00,0x00,0x00,0x00,0x00,0x20,0x04,0x11,0x0d,0x03,0x03,0x84,0x0c,0x00,0x00,0x00,0x00,0x00,0x00,0x00,0x00,0x00,0x00,0x00,0x00,0x00,0x40,
    0x00,0x00,0x00,0x02,0x11,0x00,0x80,0x00,0x24,0x00,0x60,0x8e,0x00,0x00,0x00,0x00,0x00,0x00,0x00,0x00,0x00,0x00,0x00,0x00,0x88,0x00,0x02,0x00,0x8b,0x07,0xe6,0xe9,
    0x7a,0x30,0x91,0x20,0x00,0x00,0x00,0x00,0x40,0x00,0x00,0x00,0x00,0x00,0x00,0x00,0x00,0x00,0x01,0x04,0x08,0xf0,0x00,0x00,0x00,0x00,0x00,0x80,0x00,0x00,0x00,0x00,
    0x10,0xe0,0x00,0x00,0x00,0x00,0x00,0x00,0x00,0x01,0x07,0x08,0x50,0x80,0x00,0x00,0x00,0x00,0x40,0x00,0x00,0x00,0x00,0x70,0x00,0x00,0x00,0x00,0x00,0x00,0x00,0x00
  },
  { // 12
    0x02,0x00,0x00,0x20,0x00,0x04,0x00,0x00,0x00,0x18,0x24,0x18,0x00,0x00,0x00,0x00,0x00,0x00,0x00,0x00,0x00,0x00,0xc0,0x20,0xa0,0x10,0xe0,0x01,0x00,0x00,0x00,0x00,
    0x20,0x04,0x00,0x00,0x12,0x80,0x00,0x00,0x02,0x00,0xa8,0x88,0x00,0x00,0x00,0x00,0x08,0x00,0x00,0x00,0x88,0x00,0x02,0x00,0x8c,0x0f,0x37,0x10,0xe2,0xf0,0xc0,0x22,
    0x40,0x00,0x80,0x00,0x40,0x04,0x01,0x00,0x00,0x00,0x00,0x04,0x00,0x00,0x00,0x00,0x00,0x70,0x00,0x00,0x00,0x00,0x00,0x00,0x00,0x00,0x00,0x00,0x00,0x00,0x08,0x06,
    0x00,0x00,0x00,0x00,0x00,0x00,0x00,0x00,0x00,0x00,0xc0,0x3b,0x00,0x00,0x00,0x00,0x00,0x00,0x00,0x00,0x00,0x00,0x80,0xee,0x20,0x00,0x00,0x00,0x00,0x00,0x00,0x00,
    0x00,0x20,0x00,0x00,0x00,0x00,0x80,0x50,0xc8,0x00,0x00,0x00,0x00,0x00,0x00,0x00,0x00,0x00,0x00,0x00,0x01,0x00,0x01,0x02,0x02,0x06,0x03,0x00,0x00,0x00,0x00,0x00,
    0x00,0x00,0x01,0x00,0x20,0x00,0x04,0x00,0x90,0xb8,0x04,0x03,0x00,0x00,0x00,0x00,0x00,0x00,0x00,0x00,0x88,0x00,0x00,0x00,0x88,0x00,0x22,0x84,0xee,0xff,0x7b,0x01,
    0x48,0x81,0x81,0x00,0x00,0x00,0x00,0x00,0x00,0x00,0x00,0x00,0x00,0x00,0x00,0x00,0x00,0x00,0x03,0x08,0xf0,0x00,0x00,0x00,0x00,0x00,0x00,0x00,0x00,0x01,0x04,0x10,
    0xc0,0x00,0x00,0x00,0x00,0x10,0x00,0x00,0x00,0x07,0x11,0x60,0x00,0x00,0x00,0x00,0x00,0x40,0x00,0x00,0x00,0x0e,0x51,0x80,0x00,0x00,0x00,0x00,0x00,0x00,0x00,0x00,
    0x04,0x00,0x00,0x00,0x00,0x00,0x01,0x02,0x01,0x02,0x00,0x80,0x00,0x01,0xe0,0x00,0x80,0x81,0x00,0x01,0x00,0x00,0x00,0x00,0x10,0x00,0x08,0x00,0x00,0x20,0x00,0x00,
    0x00,0x00,0x08,0x40,0x00,0x21,0x02,0x00,0xa8,0x20,0x00,0x00,0x00,0x00,0x00,0x00,0x88,0x00,0x00,0x00,0x88,0x00,0x02,0x00,0x8a,0x9f,0xfd,0xe2,0x70,0x04,0x44,0x40,
    0x00,0x00,0x40,0x00,0x00,0x00,0x00,0x00,0x00,0x00,0x00,0x40,0x00,0x00,0x00,0x00,0x00,0xfc,0x06,0x00,0x00,0x00,0x00,0x00,0x00,0x00,0x00,0x00,0x00,0x00,0x08,0x03,
    0x00,0x00,0x00,0x00,0x00,0x00,0x00,0x00,0x00,0x00,0x00,0x0f,0x00,0x00,0x00,0x00,0x00,0x00,0x00,0x00,0x00,0x80,0x00,0x3f,0x00,0x00,0x00,0x00,0x00,0x02,0x00,0x00,
    0x00,0x00,0x00,0x00,0x00,0x00,0x00,0x00,0x00,0x00,0x20,0x04,0x11,0x0d,0x03,0x03,0x84,0x0c,0x00,0x00,0x00,0x00,0x00,0x00,0x00,0x00,0x00,0x00,0x00,0x00,0x00,0x40,
    0x00,0x00,0x00,0x02,0x11,0x00,0x80,0x00,0x24,0x00,0x60,0x8e,0x00,0x00,0x00,0x00,0x00,0x00,0x00,0x00,0x88,0x00,0x00,0x00,0x88,0x00,0x03,0x07,0x8f,0xcc,0xea,0x30,
    0x10,0x00,0x01,0x00,0x00,0x00,0x00,0x00,0x40,0x00,0x00,0x00,0x00,0x00,0x00,0x00,0x00,0x01,0x00,0x04,0xf8,0x00,0x00,0x00,0x00,0x00,0x80,0x00,0x00,0x00,0x00,0x00,
    0xf0,0x00,0x00,0x00,0x00,0x00,0x00,0x00,0x00,0x07,0x08,0x10,0x80,0x00,0x00,0x00,0x00,0x40,0x00,0x00,0x00,0x00,0x30,0x40,0x00,0x00,0x00,0x00,0x00,0x00,0x00,0x00
  },
  { // 13
    0x02,0x00,0x00,0x20,0x00,0x04,0x00,0x00,0x00,0x18,0x24,0x18,0x00,0x00,0x00,0x00,0x00,0x00,0x00,0x00,0x00,0x00,0xc0,0x20,0xa0,0x10,0xe0,0x01,0x00,0x00,0x00,0x00,
    0x20,0x04,0x00,0x00,0x12,0x80,0x00,0x00,0x02,0x00,0xa8,0x88,0x00,0x00,0x00,0x00,0x08,0x00,0x00,0x00,0x88,0x00,0x0a,0x0f,0x9f,0x13,0x3c,0xe0,0xe2,0x80,0x20,0x80,
    0x40,0x00,0x80,0x08,0x04,0x03,0x00,0x00,0x00,0x00,0x04,0x00,0x00,0x00,0x00,0x00,0x70,0x00,0x00,0x00,0x00,0x00,0x00,0x00,0x00,0x00,0x00,0x00,0x00,0x08,0x06,0x00,
    0x00,0x00,0x00,0x00,0x00,0x00,0x00,0x00,0x00,0xc0,0x3b,0x00,0x00,0x00,0x00,0x00,0x00,0x00,0x00,0x00,0x00,0x00,0xcf,0x20,0x00,0x00,0x00,0x00,0x00,0x00,0x00,0x00,
    0x00,0x20,0x00,0x00,0x00,0x00,0x80,0x50,0xc8,0x00,0x00,0x00,0x00,0x00,0x00,0x00,0x00,0x00,0x00,0x00,0x01,0x00,0x01,0x02,0x02,0x06,0x03,0x00,0x00,0x00,0x00,0x00,
    0x00,0x00,0x01,0x00,0x20,0x00,0x04,0x00,0x90,0xb8,0x04,0x03,0x00,0x00,0x00,0x00,0x00,0x00,0x00,0x00,0x88,0x00,0x00,0x00,0x88,0x00,0xa6,0xee,0x7b,0x99,0x40,0x0a,
    0x48,0x81,0x80,0x00,0x00,0x00,0x00,0x04,0x00,0x00,0x00,0x00,0x00,0x00,0x00,0x00,0x00,0x03,0x04,0xf8,0x00,0x00,0x00,0x00,0x00,0x00,0x00,0x00,0x00,0x05,0x08,0xe0,
    0x00,0x00,0x00,0x00,0x10,0x00,0x00,0x00,0x06,0x01,0x30,0xc0,0x00,0x00,0x00,0x08,0x40,0x00,0x00,0x00,0x06,0x19,0xc0,0x00,0x00,0x00,0x00,0x00,0x00,0x00,0x00,0x00,
    0x04,0x00,0x00,0x00,0x00,0x00,0x01,0x02,0x01,0x02,0x00,0x80,0x00,0x01,0xe0,0x00,0x80,0x81,0x00,0x01,0x00,0x00,0x00,0x00,0x10,0x00,0x08,0x00,0x00,0x20,0x00,0x00,
    0x00,0x00,0x08,0x40,0x00,0x21,0x02,0x00,0xa8,0x20,0x00,0x00,0x00,0x00,0x00,0x00,0x88,0x00,0x00,0x00,0x88,0x00,0x22,0x0f,0x9f,0xfd,0x60,0x06,0xb0,0x00,0x40,0x00,
    0x00,0x00,0x40,0x01,0x00,0x00,0x00,0x00,0x00,0x00,0x40,0x00,0x00,0x00,0x00,0x00,0xf8,0x06,0x00,0x00,0x00,0x00,0x00,0x00,0x00,0x00,0x00,0x00,0x00,0x08,0x03,0x00,
    0x00,0x00,0x00,0x00,0x00,0x00,0x00,0x00,0x00,0x00,0x0f,0x00,0x00,0x00,0x00,0x00,0x00,0x00,0x00,0x00,0x80,0x80,0x3f,0x00,0x00,0x00,0x00,0x00,0x02,0x00,0x00,0x00,
    0x00,0x00,0x00,0x00,0x00,0x00,0x00,0x00,0x00,0x00,0x20,0x04,0x11,0x0d,0x03,0x03,0x84,0x0c,0x00,0x00,0x00,0x00,0x00,0x00,0x00,0x00,0x00,0x00,0x00,0x00,0x00,0x40,
    0x00,0x00,0x00,0x02,0x11,0x00,0x80,0x00,0x24,0x00,0x60,0x8e,0x00,0x00,0x00,0x00,0x00,0x00,0x00,0x00,0x88,0x00,0x02,0x00,0x89,0x03,0x27,0xc6,0xe9,0x7e,0x32,0x50,
    0x00,0x00,0x00,0x08,0x00,0x01,0x02,0x04,0x00,0x00,0x00,0x00,0x00,0x00,0x00,0x00,0x00,0x00,0x04,0xc8,0x30,0x00,0x00,0x00,0x00,0x80,0x00,0x00,0x00,0x00,0x00,0xf0,
    0x00,0x00,0x00,0x00,0x00,0x00,0x00,0x00,0x07,0x08,0x10,0xc0,0x00,0x00,0x00,0x00,0x40,0x00,0x00,0x00,0x00,0x10,0x60,0x00,0x00,0x00,0x00,0x00,0x00,0x00,0x00,0x00
  },
  { // 14
    0x02,0x00,0x00,0x20,0x00,0x04,0x00,0x00,0x00,0x18,0x24,0x18,0x00,0x00,0x00,0x00,0x00,0x00,0x00,0x00,0x00,0x00,0xc0,0x20,0xa0,0x10,0xe0,0x01,0x00,0x00,0x00,0x00,
    0x20,0x04,0x00,0x00,0x12,0x80,0x00,0x00,0x02,0x00,0xa8,0x88,0x08,0x00,0x00,0x00,0x88,0x00,0x00,0x00,0x88,0x0c,0x2f,0x17,0x90,0xf0,0xec,0xe0,0x02,0x60,0x20,0x80,
    0x00,0x00,0x80,0x0c,0x03,0x00,0x00,0x00,0x00,0x04,0x00,0x00,0x00,0x00,0x00,0x10,0x60,0x00,0x00,0x00,0x00,0x00,0x00,0x00,0x00,0x00,0x00,0x00,0x08,0x06,0x00,0x00,
    0x00,0x00,0x00,0x00,0x00,0x00,0x00,0x00,0xc0,0x38,0x03,0x00,0x00,0x00,0x00,0x00,0x00,0x00,0x00,0x00,0x00,0xcb,0x2c,0x00,0x00,0x00,0x00,0x00,0x00,0x00,0x00,0x00,
    0x00,0x20,0x00,0x00,0x00,0x00,0x80,0x50,0xc8,0x00,0x00,0x00,0x00,0x00,0x00,0x00,0x00,0x00,0x00,0x00,0x01,0x00,0x01,0x02,0x02,0x06,0x03,0x00,0x00,0x00,0x00,0x00,
    0x00,0x00,0x01,0x00,0x20,0x00,0x04,0x00,0x90,0xb8,0x04,0x03,0x00,0x00,0x00,0x00,0x80,0x00,0x00,0x00,0x88,0x00,0x02,0x00,0x88,0x86,0xef,0x79,0x18,0x40,0x08,0x08,
    0x48,0x81,0x80,0x00,0x00,0x00,0x84,0x28,0x00,0x00,0x00,0x00,0x00,0x00,0x00,0x00,0x01,0x06,0x88,0x70,0x00,0x00,0x00,0x00,0x00,0x00,0x00,0x00,0x05,0x08,0xb0,0x00,
    0x00,0x00,0x00,0x10,0x00,0x00,0x00,0x00,0x07,0x30,0xc0,0x00,0x00,0x00,0x08,0x00,0x00,0x00,0x00,0x04,0x1b,0xc0,0x00,0x00,0x00,0x00,0x00,0x00,0x00,0x00,0x00,0x00,
    0x04,0x00,0x00,0x00,0x00,0x00,0x01,0x02,0x01,0x02,0x00,0x80,0x00,0x01,0xe0,0x00,0x80,0x81,0x00,0x01,0x00,0x00,0x00,0x00,0x10,0x00,0x08,0x00,0x00,0x20,0x00,0x00,
    0x00,0x00,0x08,0x40,0x00,0x21,0x02,0x00,0xa8,0x20,0x00,0x00,0x00,0x00,0x00,0x00,0x88,0x00,0x02,0x00,0x88,0x02,0xbf,0xdf,0x70,0x29,0x04,0x22,0xd8,0x00,0x40,0x00,
    0x00,0x00,0x40,0x10,0x40,0x00,0x00,0x00,0x00,0x40,0x00,0x00,0x00,0x00,0x00,0xf8,0x06,0x00,0x00,0x00,0x00,0x00,0x00,0x00,0x00,0x00,0x00,0x00,0x08,0x02,0x01,0x00,
    0x00,0x00,0x00,0x00,0x00,0x00,0x00,0x00,0x00,0x08,0x07,0x00,0x00,0x00,0x00,0x00,0x00,0x00,0x00,0x00,0x80,0x33,0x1c,0x00,0x00,0x00,0x00,0x02,0x00,0x00,0x00,0x00,
    0x00,0x00,0x00,0x00,0x00,0x00,0x00,0x00,0x00,0x00,0x20,0x04,0x11,0x0d,0x03,0x03,0x84,0x0c,0x00,0x00,0x00,0x00,0x00,0x00,0x00,0x00,0x00,0x00,0x00,0x00,0x00,0x40,
    0x00,0x00,0x00,0x02,0x11,0x00,0x80,0x00,0x24,0x00,0x60,0x8e,0x00,0x00,0x00,0x00,0x80,0x00,0x00,0x00,0x88,0x00,0x02,0x01,0x8f,0x06,0xec,0xea,0x3b,0x10,0x22,0x40,
    0x10,0x00,0x00,0x08,0x00,0x03,0x04,0x08,0x00,0x00,0x00,0x00,0x00,0x00,0x00,0x00,0x01,0x04,0x88,0x70,0x00,0x00,0x00,0x00,0x00,0x80,0x00,0x00,0x00,0x00,0x10,0xc0,
    0x00,0x00,0x00,0x00,0x00,0x00,0x00,0x03,0x04,0x18,0xc0,0x00,0x00,0x00,0x00,0x00,0x40,0x00,0x00,0x00,0x00,0x70,0x00,0x00,0x00,0x00,0x00,0x00,0x00,0x00,0x00,0x00
  },
  { // 15
    0x02,0x00,0x00,0x20,0x00,0x04,0x00,0x00,0x00,0x18,0x24,0x18,0x00,0x00,0x00,0x00,0x00,0x00,0x00,0x00,0x00,0x00,0xc0,0x20,0xa0,0x10,0xe0,0x01,0x00,0x00,0x00,0x00,
    0x20,0x04,0x00,0x00,0x12,0x80,0x00,0x00,0x02,0x00,0xa8,0x88,0x08,0x00,0x00,0x00,0x88,0x00,0x02,0x00,0x8f,0x0f,0x33,0x10,0xe0,0xe0,0x0c,0x20,0x20,0x20,0x20,0x80,
    0x30,0x00,0x0c,0x03,0x01,0x00,0x00,0x00,0x00,0x00,0x00,0x00,0x00,0x00,0x00,0x70,0x00,0x00,0x00,0x00,0x00,0x80,0x00,0x01,0x00,0x00,0x00,0x08,0x04,0x02,0x00,0x00,
    0x00,0x00,0x00,0x00,0x00,0x00,0x00,0xc0,0x78,0x03,0x00,0x00,0x00,0x00,0x00,0x08,0x00,0x00,0x00,0x00,0xc1,0x2e,0x00,0x00,0x00,0x00,0x00,0x00,0x00,0x00,0x00,0x00,
    0x00,0x20,0x00,0x00,0x00,0x00,0x80,0x50,0xc8,0x00,0x00,0x00,0x00,0x00,0x00,0x00,0x00,0x00,0x00,0x00,0x01,0x00,0x01,0x02,0x02,0x06,0x03,0x00,0x00,0x00,0x00,0x00,
    0x00,0x00,0x01,0x00,0x20,0x00,0x04,0x00,0x90,0xb8,0x04,0x03,0x00,0x00,0x00,0x00,0x88,0x00,0x00,0x00,0x88,0x00,0x22,0x84,0xef,0xef,0x79,0x18,0x00,0x48,0x08,0x08,
    0x48,0x00,0x80,0x00,0x00,0x86,0x28,0x00,0x00,0x00,0x00,0x80,0x00,0x00,0x00,0x00,0x07,0x88,0xf0,0x00,0x00,0x01,0x00,0x00,0x00,0x00,0x00,0x01,0x04,0x18,0xc0,0x00,
    0x00,0x00,0x00,0x00,0x00,0x00,0x00,0x07,0x10,0xe0,0x00,0x00,0x00,0x00,0x00,0x00,0x00,0x00,0x00,0x0f,0x51,0x80,0x00,0x00,0x00,0x04,0x00,0x00,0x00,0x00,0x00,0x3e,
    0x04,0x00,0x00,0x00,0x00,0x00,0x01,0x02,0x01,0x02,0x00,0x80,0x00,0x01,0xe0,0x00,0x80,0x81,0x00,0x01,0x00,0x00,0x00,0x00,0x10,0x00,0x08,0x00,0x00,0x20,0x00,0x00,
    0x00,0x00,0x08,0x40,0x00,0x21,0x02,0x00,0xa8,0x20,0x00,0x00,0x88,0x00,0x00,0x00,0x88,0x00,0x02,0x00,0x8a,0xdf,0xff,0x60,0x29,0x41,0x00,0x22,0xc8,0x00,0x40,0x00,
    0x00,0x00,0x10,0x60,0x00,0x00,0x00,0x00,0x00,0x00,0x00,0x00,0x00,0x00,0xf0,0x0c,0x02,0x00,0x00,0x00,0x00,0x00,0x00,0x00,0x00,0x00,0x00,0x08,0x0a,0x03,0x00,0x00,
    0x00,0x00,0x00,0x00,0x00,0x00,0x00,0x00,0x08,0x07,0x00,0x00,0x00,0x00,0x00,0x00,0x00,0x00,0x00,0x80,0x20,0x3f,0x00,0x00,0x00,0x00,0x00,0x00,0x00,0x00,0x00,0x00,
    0x00,0x00,0x00,0x00,0x00,0x00,0x00,0x00,0x00,0x00,0x20,0x04,0x11,0x0d,0x03,0x03,0x84,0x0c,0x00,0x00,0x00,0x00,0x00,0x00,0x00,0x00,0x00,0x00,0x00,0x00,0x00,0x40,
    0x00,0x00,0x00,0x02,0x11,0x00,0x80,0x00,0x24,0x00,0x60,0x8e,0x00,0x00,0x00,0x00,0x88,0x00,0x00,0x00,0x88,0x01,0x23,0x07,0xce,0xec,0xfa,0x32,0x93,0x00,0x20,0x40,
    0x10,0x00,0x00,0x08,0x01,0xc6,0x28,0x00,0x00,0x00,0x00,0x00,0x00,0x00,0x00,0x01,0x00,0x04,0xf0,0x00,0x00,0x00,0x00,0x00,0x00,0x00,0x00,0x00,0x00,0x00,0xf0,0x00,
    0x00,0x02,0x00,0x00,0x00,0x00,0x01,0x06,0x08,0x50,0x80,0x00,0x01,0x00,0x08,0x00,0x00,0x00,0x00,0x00,0x30,0x00,0x00,0x00,0x00,0x00,0x40,0x00,0x00,0x00,0x00,0x0e
  },
  { // 16
    0x02,0x00,0x00,0x20,0x00,0x04,0x00,0x00,0x00,0x18,0x24,0x18,0x00,0x00,0x00,0x00,0x00,0x00,0x00,0x00,0x00,0x00,0xc0,0x20,0xa0,0x10,0xe0,0x01,0x00,0x00,0x00,0x00,
    0x20,0x04,0x00,0x00,0x12,0x80,0x00,0x00,0x02,0x00,0xa8,0x88,0x08,0x00,0x00,0x00,0x88,0x00,0x02,0x0f,0x8f,0x10,0xf8,0xe1,0xe0,0x00,0xa0,0x20,0x20,0x20,0x20,0x80,
    0x30,0x0c,0x16,0x81,0x00,0x00,0x00,0x00,0x00,0x00,0x00,0x00,0x00,0x00,0x70,0x00,0x00,0x00,0x00,0x00,0x80,0x00,0x01,0x00,0x00,0x00,0x00,0x0c,0x02,0x00,0x00,0x00,
    0x00,0x00,0x00,0x00,0x00,0x00,0x80,0x70,0x1b,0x00,0x00,0x00,0x00,0x00,0x08,0x00,0x00,0x00,0x00,0x80,0x6f,0x00,0x00,0x00,0x00,0x00,0x00,0x00,0x00,0x00,0x00,0x03,
    0x00,0x20,0x00,0x00,0x00,0x00,0x80,0x50,0xc8,0x00,0x00,0x00,0x00,0x00,0x00,0x00,0x00,0x00,0x00,0x00,0x01,0x00,0x01,0x02,0x02,0x06,0x03,0x00,0x00,0x00,0x00,0x00,
    0x00,0x00,0x01,0x00,0x20,0x00,0x04,0x00,0x90,0xb8,0x04,0x03,0x00,0x00,0x00,0x00,0x88,0x00,0x00,0x00,0x88,0x00,0xa6,0xc7,0x7f,0x78,0x10,0x00,0x28,0x40,0x08,0x08,
    0x48,0x00,0x00,0x00,0x83,0x2c,0x10,0x00,0x00,0x00,0x80,0x00,0x00,0x00,0x00,0x03,0x04,0xf8,0x00,0x00,0x00,0x01,0x00,0x00,0x00,0x00,0x01,0x04,0x08,0xf0,0x00,0x00,
    0x00,0x00,0x00,0x00,0x00,0x00,0x07,0x00,0x30,0xc0,0x00,0x00,0x00,0x00,0x00,0x00,0x00,0x00,0x06,0x19,0xc0,0x00,0x00,0x00,0x04,0x00,0x00,0x00,0x00,0x00,0x04,0x7b,
    0x04,0x00,0x00,0x00,0x00,0x00,0x01,0x02,0x01,0x02,0x00,0x80,0x00,0x01,0xe0,0x00,0x80,0x81,0x00,0x01,0x00,0x00,0x00,0x00,0x10,0x00,0x08,0x00,0x00,0x20,0x00,0x00,
    0x00,0x00,0x08,0x40,0x00,0x21,0x02,0x00,0xa8,0x20,0x00,0x00,0x88,0x00,0x00,0x00,0x88,0x00,0x22,0x82,0xdf,0x7f,0x20,0x02,0x09,0x41,0x00,0x22,0xc4,0x00,0x40,0x00,
    0x00,0x10,0x60,0x00,0x00,0x00,0x00,0x00,0x00,0x00,0x00,0x00,0x00,0x00,0xfc,0x06,0x00,0x00,0x00,0x00,0x00,0x00,0x00,0x00,0x00,0x00,0x00,0x08,0x03,0x00,0x00,0x00,
    0x00,0x00,0x00,0x00,0x00,0x00,0x00,0x00,0x0f,0x00,0x00,0x00,0x00,0x00,0x00,0x00,0x00,0x00,0x80,0x00,0x3f,0x00,0x00,0x00,0x00,0x00,0x00,0x00,0x00,0x00,0x00,0x81,
    0x00,0x00,0x00,0x00,0x00,0x00,0x00,0x00,0x00,0x00,0x20,0x04,0x11,0x0d,0x03,0x03,0x84,0x0c,0x00,0x00,0x00,0x00,0x00,0x00,0x00,0x00,0x00,0x00,0x00,0x00,0x00,0x40,
    0x00,0x00,0x00,0x02,0x11,0x00,0x80,0x00,0x24,0x00,0x60,0x8e,0x00,0x00,0x00,0x00,0x88,0x00,0x02,0x00,0x89,0x03,0x26,0xc6,0xe8,0x3a,0x12,0x22,0xc3,0x10,0x80,0x40,
    0x10,0x00,0x00,0x09,0x82,0x6c,0x10,0x00,0x00,0x00,0x00,0x00,0x00,0x00,0x01,0x00,0x04,0xe8,0x00,0x00,0x00,0x00,0x00,0x00,0x00,0x00,0x00,0x00,0x00,0xf0,0x00,0x00,
    0x02,0x00,0x00,0x00,0x00,0x01,0x06,0x08,0x10,0xc0,0x00,0x00,0x01,0x08,0x00,0x00,0x00,0x00,0x00,0x10,0x40,0x00,0x00,0x00,0x00,0x40,0x00,0x00,0x00,0x00,0x0e,0x70
  },
  { // 17
    0x02,0x00,0x00,0x20,0x00,0x04,0x00,0x00,0x00,0x18,0x24,0x18,0x00,0x00,0x00,0x00,0x00,0x00,0x00,0x00,0x00,0x00,0xc0,0x20,0xa0,0x10,0xe0,0x01,0x00,0x00,0x00,0x00,
    0x20,0x04,0x00,0x00,0x12,0x80,0x00,0x00,0x02,0x00,0xa8,0x88,0x88,0x00,0x02,0x00,0x88,0x0c,0x2f,0x1f,0x90,0xf9,0xe0,0x21,0x00,0x20,0xa0,0x00,0x20,0x20,0x20,0x00,
    0x08,0x16,0xc1,0x00,0x00,0x00,0x00,0x00,0x00,0x00,0x00,0x00,0x00,0x70,0x00,0x00,0x00,0x00,0x00,0x80,0x00,0x01,0x00,0x00,0x00,0x00,0x08,0x06,0x00,0x00,0x00,0x00,
    0x00,0x00,0x00,0x00,0x00,0x80,0xc0,0x3b,0x00,0x00,0x00,0x00,0x00,0x08,0x00,0x00,0x00,0x00,0x80,0x4f,0x20,0x00,0x00,0x00,0x00,0x00,0x00,0x00,0x00,0x00,0x01,0x8e,
    0x00,0x20,0x00,0x00,0x00,0x00,0x80,0x50,0xc8,0x00,0x00,0x00,0x00,0x00,0x00,0x00,0x00,0x00,0x00,0x00,0x01,0x00,0x01,0x02,0x02,0x06,0x03,0x00,0x00,0x00,0x00,0x00,
    0x00,0x00,0x01,0x00,0x20,0x00,0x04,0x00,0x90,0xb8,0x04,0x03,0x80,0x00,0x00,0x00,0x88,0x00,0x02,0x00,0x88,0x86,0xe7,0x7d,0x38,0x10,0x08,0x10,0x28,0x40,0x08,0x08,
    0x48,0x00,0x00,0x83,0x04,0x38,0x00,0x00,0x00,0x00,0x80,0x00,0x00,0x00,0x01,0x06,0x88,0x70,0x00,0x00,0x01,0x00,0x00,0x00,0x00,0x00,0x05,0x08,0xf0,0x00,0x00,0x00,
    0x00,0x00,0x00,0x00,0x00,0x03,0x04,0x10,0xc0,0x00,0x00,0x00,0x00,0x00,0x00,0x00,0x00,0x06,0x19,0xc0,0x00,0x00,0x00,0x04,0x00,0x00,0x00,0x00,0x00,0x00,0x7e,0x01,
    0x04,0x00,0x00,0x00,0x00,0x00,0x01,0x02,0x01,0x02,0x00,0x80,0x00,0x01,0xe0,0x00,0x80,0x81,0x00,0x01,0x00,0x00,0x00,0x00,0x10,0x00,0x08,0x00,0x00,0x20,0x00,0x00,
    0x00,0x00,0x08,0x40,0x00,0x21,0x02,0x00,0xa8,0x20,0x00,0x00,0x88,0x00,0x00,0x00,0x88,0x80,0xa3,0xff,0x7f,0xa0,0x02,0x22,0x00,0x41,0x00,0x22,0x00,0x00,0x00,0x00,
    0x00,0x70,0x00,0x00,0x00,0x00,0x00,0x00,0x00,0x00,0x00,0x00,0x00,0xf8,0x06,0x00,0x00,0x00,0x00,0x00,0x00,0x00,0x00,0x00,0x00,0x00,0x08,0x02,0x01,0x00,0x00,0x00,
    0x00,0x00,0x00,0x00,0x00,0x00,0x00,0x08,0x07,0x00,0x00,0x00,0x00,0x00,0x00,0x00,0x00,0x80,0x00,0x31,0x0c,0x00,0x00,0x00,0x00,0x00,0x00,0x00,0x00,0x00,0x80,0x43,
    0x00,0x00,0x00,0x00,0x00,0x00,0x00,0x00,0x00,0x00,0x20,0x04,0x11,0x0d,0x03,0x03,0x84,0x0c,0x00,0x00,0x00,0x00,0x00,0x00,0x00,0x00,0x00,0x00,0x00,0x00,0x00,0x40,
    0x00,0x00,0x00,0x02,0x11,0x00,0x80,0x00,0x24,0x00,0x60,0x8e,0x00,0x00,0x00,0x00,0x88,0x00,0x02,0x01,0x8b,0x06,0xed,0xea,0x3e,0x12,0x02,0x22,0xc1,0x80,0x80,0x40,
    0x90,0x00,0x00,0x82,0x44,0x38,0x00,0x00,0x00,0x00,0x00,0x00,0x00,0x00,0x01,0x04,0xc8,0x30,0x00,0x00,0x00,0x00,0x00,0x00,0x00,0x00,0x00,0x00,0x70,0x80,0x00,0x02,
    0x00,0x00,0x00,0x00,0x00,0x03,0x04,0x18,0xc0,0x00,0x00,0x01,0x08,0x00,0x00,0x00,0x00,0x00,0x00,0x70,0x00,0x00,0x00,0x00,0x00,0x40,0x00,0x00,0x00,0x04,0x7a,0x80
  },
  { // 18
    0x02,0x00,0x00,0x20,0x00,0x04,0x00,0x00,0x00,0x18,0x24,0x18,0x00,0x00,0x00,0x00,0x00,0x00,0x00,0x00,0x00,0x00,0xc0,0x20,0xa0,0x10,0xe0,0x01,0x00,0x00,0x00,0x00,
    0x20,0x04,0x00,0x00,0x12,0x80,0x00,0x00,0x02,0x00,0xa8,0x88,0x88,0x00,0x02,0x00,0x8f,0x0f,0x3f,0x50,0xf4,0xe1,0x00,0x21,0x00,0x10,0xa0,0x00,0x00,0x20,0x00,0x00,
    0x1c,0x43,0x80,0x00,0x00,0x00,0x00,0x00,0x00,0x00,0x00,0x00,0x10,0x60,0x00,0x00,0x00,0x00,0x00,0x80,0x01,0x00,0x00,0x00,0x00,0x08,0x06,0x00,0x00,0x00,0x00,0x00,
    0x00,0x00,0x00,0x00,0x00,0xc0,0x38,0x03,0x00,0x00,0x00,0x00,0x08,0x00,0x00,0x00,0x00,0x80,0x41,0x2e,0x00,0x00,0x00,0x00,0x00,0x00,0x00,0x00,0x00,0x00,0x86,0x38,
    0x00,0x20,0x00,0x00,0x00,0x00,0x80,0x50,0xc8,0x00,0x00,0x00,0x00,0x00,0x00,0x00,0x00,0x00,0x00,0x00,0x01,0x00,0x01,0x02,0x02,0x06,0x03,0x00,0x00,0x00,0x00,0x00,
    0x00,0x00,0x01,0x00,0x20,0x00,0x04,0x00,0x90,0xb8,0x04,0x03,0x80,0x00,0x00,0x00,0x88,0x00,0x22,0x00,0x8f,0xe7,0x7d,0x38,0x50,0x00,0x10,0x10,0x08,0x40,0x08,0x08,
    0x00,0x00,0x01,0x86,0x38,0x00,0x00,0x00,0x00,0x80,0x00,0x00,0x00,0x00,0x02,0x84,0x78,0x00,0x00,0x01,0x00,0x00,0x00,0x00,0x00,0x01,0x04,0x18,0xe0,0x00,0x00,0x00,
    0x00,0x00,0x00,0x00,0x00,0x07,0x00,0xf0,0x00,0x00,0x00,0x00,0x00,0x00,0x00,0x00,0x00,0x0f,0x10,0x80,0x00,0x00,0x00,0x04,0x00,0x00,0x00,0x00,0x00,0x3e,0x41,0x00,
    0x04,0x00,0x00,0x00,0x00,0x00,0x01,0x02,0x01,0x02,0x00,0x80,0x00,0x01,0xe0,0x00,0x80,0x81,0x00,0x01,0x00,0x00,0x00,0x00,0x10,0x00,0x08,0x00,0x00,0x20,0x00,0x00,
    0x00,0x00,0x08,0x40,0x00,0x21,0x02,0x00,0xa8,0x20,0x00,0x00,0x88,0x00,0x02,0x00,0x88,0xc3,0xff,0x7f,0x24,0x80,0x02,0x00,0x00,0x41,0x00,0x20,0x00,0x00,0x00,0x00,
    0x10,0x60,0x00,0x00,0x00,0x00,0x00,0x00,0x00,0x00,0x00,0x00,0xf0,0x0c,0x02,0x00,0x00,0x00,0x00,0x00,0x00,0x00,0x00,0x00,0x00,0x08,0x02,0x01,0x00,0x00,0x00,0x00,
    0x00,0x00,0x00,0x00,0x00,0x00,0x08,0x07,0x00,0x00,0x00,0x00,0x00,0x00,0x00,0x00,0x80,0x00,0x20,0x1f,0x00,0x00,0x00,0x00,0x00,0x00,0x00,0x00,0x00,0x80,0x43,0x3c,
    0x00,0x00,0x00,0x00,0x00,0x00,0x00,0x00,0x00,0x00,0x20,0x04,0x11,0x0d,0x03,0x03,0x84,0x0c,0x00,0x00,0x00,0x00,0x00,0x00,0x00,0x00,0x00,0x00,0x00,0x00,0x00,0x40,
    0x00,0x00,0x00,0x02,0x11,0x00,0x80,0x00,0x24,0x00,0x60,0x8e,0x88,0x00,0x00,0x00,0x88,0x01,0x23,0x03,0xce,0xec,0xf8,0x3a,0x16,0x02,0x02,0x20,0xc0,0x80,0x80,0x40,
    0x90,0x00,0x01,0xc6,0x38,0x00,0x00,0x00,0x00,0x00,0x00,0x00,0x00,0x01,0x00,0x84,0x70,0x00,0x00,0x00,0x00,0x00,0x00,0x00,0x00,0x00,0x00,0x00,0xe0,0x00,0x00,0x02,
    0x00,0x00,0x00,0x00,0x01,0x06,0x08,0x50,0x80,0x00,0x01,0x00,0x08,0x00,0x00,0x00,0x00,0x00,0x30,0x00,0x00,0x00,0x00,0x00,0x40,0x00,0x00,0x00,0x00,0x3e,0xc0,0x00
  },
  { // 19
    0x02,0x00,0x00,0x20,0x00,0x04,0x00,0x00,0x00,0x18,0x24,0x18,0x00,0x00,0x00,0x00,0x00,0x00,0x00,0x00,0x00,0x00,0xc0,0x20,0xa0,0x10,0xe0,0x01,0x00,0x00,0x00,0x00,
    0x20,0x04,0x00,0x00,0x12,0x80,0x00,0x00,0x02,0x00,0xa8,0x80,0x88,0x00,0x02,0x0f,0x8f,0x1f,0xf0,0xf4,0xe4,0x01,0xa0,0x21,0x00,0x00,0x20,0x00,0x00,0x20,0x00,0x0c,
    0x53,0x81,0x00,0x00,0x00,0x00,0x00,0x00,0x00,0x00,0x00,0x00,0x70,0x00,0x00,0x00,0x00,0x00,0x80,0x00,0x01,0x00,0x00,0x00,0x08,0x0c,0x02,0x00,0x00,0x00,0x00,0x00,
    0x00,0x00,0x00,0x00,0xc0,0x38,0x03,0x00,0x00,0x00,0x00,0x00,0x08,0x00,0x00,0x00,0x00,0xc0,0x2f,0x00,0x00,0x00,0x00,0x00,0x00,0x00,0x00,0x00,0x00,0x03,0x8c,0x30,
    0x00,0x20,0x00,0x00,0x00,0x00,0x80,0x50,0xc8,0x00,0x00,0x00,0x00,0x00,0x00,0x00,0x00,0x00,0x00,0x00,0x01,0x00,0x01,0x02,0x02,0x06,0x03,0x00,0x00,0x00,0x00,0x00,
    0x00,0x00,0x01,0x00,0x20,0x00,0x04,0x00,0x90,0xb8,0x04,0x03,0x88,0x00,0x00,0x00,0x88,0x00,0x22,0x87,0xef,0x6c,0x38,0x18,0x40,0x10,0x10,0x00,0x00,0x40,0x08,0x00,
    0x00,0x00,0x83,0x2c,0x10,0x00,0x00,0x00,0x80,0x00,0x00,0x00,0x00,0x03,0x04,0xf8,0x00,0x00,0x00,0x00,0x00,0x00,0x00,0x00,0x01,0x04,0x08,0xf0,0x00,0x00,0x00,0x00,
    0x00,0x00,0x00,0x00,0x07,0x00,0x30,0xc0,0x00,0x00,0x00,0x00,0x00,0x00,0x00,0x00,0x07,0x18,0xc0,0x00,0x00,0x00,0x04,0x00,0x00,0x00,0x00,0x00,0x06,0x7b,0x00,0x00,
    0x04,0x00,0x00,0x00,0x00,0x00,0x01,0x02,0x01,0x02,0x00,0x80,0x00,0x01,0xe0,0x00,0x80,0x81,0x00,0x01,0x00,0x00,0x00,0x00,0x10,0x00,0x08,0x00,0x00,0x20,0x00,0x00,
    0x00,0x00,0x08,0x40,0x00,0x21,0x02,0x00,0xa8,0x20,0x00,0x00,0x88,0x00,0x22,0x80,0xca,0x7f,0x3f,0x04,0x08,0x20,0x02,0x00,0x00,0x01,0x00,0x20,0x00,0x00,0x00,0x00,
    0x60,0x00,0x00,0x00,0x00,0x00,0x00,0x00,0x00,0x00,0x00,0x40,0xb8,0x06,0x00,0x00,0x00,0x00,0x00,0x00,0x00,0x00,0x00,0x00,0x00,0x08,0x03,0x00,0x00,0x00,0x00,0x00,
    0x00,0x00,0x00,0x00,0x00,0x00,0x0f,0x00,0x00,0x00,0x00,0x00,0x00,0x00,0x00,0x00,0x80,0x20,0x1b,0x04,0x00,0x00,0x00,0x00,0x00,0x00,0x00,0x00,0x80,0xc1,0x36,0x08,
    0x00,0x00,0x00,0x00,0x00,0x00,0x00,0x00,0x00,0x00,0x20,0x04,0x11,0x0d,0x03,0x03,0x84,0x0c,0x00,0x00,0x00,0x00,0x00,0x00,0x00,0x00,0x00,0x00,0x00,0x00,0x00,0x40,
    0x00,0x00,0x00,0x02,0x11,0x00,0x80,0x00,0x24,0x00,0x60,0x8e,0x88,0x00,0x00,0x00,0x89,0x01,0x23,0x46,0xec,0xf8,0x18,0x12,0x06,0x02,0x00,0x00,0x40,0x00,0x80,0x00,
    0x80,0x01,0xc2,0x2c,0x10,0x00,0x00,0x00,0x00,0x00,0x00,0x00,0x01,0x00,0x04,0xf8,0x00,0x00,0x00,0x00,0x00,0x00,0x00,0x00,0x00,0x00,0x00,0xf0,0x00,0x00,0x02,0x00,
    0x00,0x00,0x00,0x01,0x06,0x08,0x10,0xc0,0x00,0x01,0x00,0x08,0x00,0x00,0x00,0x00,0x00,0x10,0x40,0x00,0x00,0x00,0x00,0x40,0x00,0x00,0x00,0x00,0x0e,0x70,0x80,0x00
  },
  { // 20
    0x02,0x00,0x00,0x20,0x00,0x04,0x00,0x00,0x00,0x18,0x24,0x18,0x00,0x00,0x00,0x00,0x00,0x00,0x00,0x00,0x00,0x00,0xc0,0x20,0xa0,0x10,0xe0,0x01,0x00,0x00,0x00,0x00,
    0x20,0x04,0x00,0x00,0x12,0x80,0x00,0x00,0x02,0x00,0xa8,0x80,0x88,0x00,0x07,0x0f,0x9f,0xd0,0xf0,0x20,0x00,0x40,0x20,0x20,0x00,0x00,0x20,0x00,0x00,0x20,0x00,0x1e,
    0xc1,0x00,0x00,0x00,0x00,0x00,0x00,0x00,0x00,0x00,0x00,0x70,0x00,0x00,0x00,0x00,0x00,0x80,0x00,0x01,0x00,0x00,0x00,0x00,0x0c,0x06,0x00,0x00,0x00,0x00,0x00,0x00,
    0x00,0x00,0x00,0x80,0x60,0x1b,0x00,0x00,0x00,0x00,0x00,0x08,0x00,0x00,0x00,0x00,0xc0,0x6f,0x00,0x00,0x00,0x00,0x00,0x00,0x00,0x00,0x00,0x00,0x01,0x8e,0x30,0x00,
    0x00,0x20,0x00,0x00,0x00,0x00,0x80,0x50,0xc8,0x00,0x00,0x00,0x00,0x00,0x00,0x00,0x00,0x00,0x00,0x00,0x01,0x00,0x01,0x02,0x02,0x06,0x03,0x00,0x00,0x00,0x00,0x00,
    0x00,0x00,0x01,0x00,0x20,0x00,0x04,0x00,0x90,0xb8,0x04,0x03,0x88,0x00,0x00,0x00,0x88,0x00,0xa7,0xe7,0x6c,0xb8,0x1a,0x01,0x30,0x10,0x10,0x00,0x00,0x40,0x09,0x00,
    0x00,0x81,0x04,0x38,0x00,0x00,0x00,0x00,0x80,0x00,0x00,0x00,0x01,0x06,0x88,0x70,0x00,0x00,0x01,0x00,0x00,0x00,0x00,0x00,0x01,0x04,0xb8,0x40,0x00,0x00,0x00,0x00,
    0x00,0x00,0x00,0x03,0x04,0x10,0xe0,0x00,0x00,0x00,0x00,0x00,0x00,0x00,0x00,0x06,0x09,0x50,0x80,0x00,0x00,0x04,0x00,0x00,0x00,0x00,0x00,0x00,0x7f,0x00,0x00,0x00,
    0x04,0x00,0x00,0x00,0x00,0x00,0x01,0x02,0x01,0x02,0x00,0x80,0x00,0x01,0xe0,0x00,0x80,0x81,0x00,0x01,0x00,0x00,0x00,0x00,0x10,0x00,0x08,0x00,0x00,0x20,0x00,0x00,
    0x00,0x00,0x08,0x40,0x00,0x21,0x02,0x00,0xa8,0x20,0x00,0x00,0x88,0x00,0xa2,0xc0,0x7b,0x3f,0x4c,0x01,0x0c,0x20,0x02,0x00,0x00,0x01,0x00,0x20,0x00,0x00,0x00,0x70,
    0x00,0x00,0x00,0x00,0x00,0x00,0x00,0x00,0x00,0x00,0x00,0xf8,0x06,0x00,0x00,0x00,0x00,0x00,0x00,0x00,0x00,0x00,0x00,0x00,0x08,0x02,0x01,0x00,0x00,0x00,0x00,0x00,
    0x00,0x00,0x00,0x00,0x00,0x08,0x07,0x00,0x00,0x00,0x00,0x00,0x00,0x00,0x00,0x80,0x00,0x30,0x0e,0x00,0x00,0x00,0x00,0x00,0x00,0x00,0x00,0x00,0x80,0x63,0x3c,0x00,
    0x00,0x00,0x00,0x00,0x00,0x00,0x00,0x00,0x00,0x00,0x20,0x04,0x11,0x0d,0x03,0x03,0x84,0x0c,0x00,0x00,0x00,0x00,0x00,0x00,0x00,0x00,0x00,0x00,0x00,0x00,0x00,0x40,
    0x00,0x00,0x00,0x02,0x11,0x00,0x80,0x00,0x24,0x00,0x60,0x8e,0x88,0x00,0x02,0x01,0x89,0x03,0x66,0xec,0xb8,0x18,0x02,0x02,0x14,0x20,0x00,0x00,0xc0,0x00,0x80,0x00,
    0x00,0x81,0x64,0x18,0x00,0x00,0x00,0x00,0x00,0x00,0x00,0x00,0x01,0x04,0xc8,0x30,0x00,0x00,0x00,0x00,0x00,0x00,0x00,0x00,0x00,0x00,0x70,0x80,0x00,0x00,0x02,0x00,
    0x00,0x00,0x00,0x03,0x04,0x18,0xc0,0x00,0x00,0x01,0x08,0x00,0x00,0x00,0x00,0x00,0x00,0x70,0x00,0x00,0x00,0x00,0x00,0x40,0x00,0x00,0x00,0x06,0x7a,0x80,0x00,0x00
  },
  { // 21
    0x02,0x00,0x00,0x20,0x00,0x04,0x00,0x00,0x00,0x18,0x24,0x18,0x00,0x00,0x00,0x00,0x00,0x00,0x00,0x00,0x00,0x00,0xc0,0x20,0xa0,0x10,0xe0,0x01,0x00,0x00,0x00,0x00,
    0x20,0x04,0x00,0x00,0x12,0x80,0x00,0x00,0x02,0x00,0xa2,0x80,0x88,0x01,0x2f,0x0f,0xd0,0xf2,0x20,0x00,0x01,0x50,0x20,0x00,0x00,0x00,0x00,0x00,0x00,0x00,0x1c,0x43,
    0x80,0x00,0x00,0x00,0x00,0x00,0x00,0x00,0x00,0x00,0x10,0x60,0x00,0x00,0x00,0x00,0x00,0x80,0x01,0x00,0x00,0x00,0x00,0x08,0x06,0x00,0x00,0x00,0x00,0x00,0x00,0x00,
    0x00,0x00,0x00,0xc0,0x38,0x03,0x00,0x00,0x00,0x00,0x08,0x08,0x00,0x00,0x00,0x80,0x41,0x2e,0x00,0x00,0x00,0x00,0x00,0x00,0x00,0x00,0x00,0x00,0x83,0x3c,0x00,0x00,
    0x00,0x20,0x00,0x00,0x00,0x00,0x80,0x50,0xc8,0x00,0x00,0x00,0x00,0x00,0x00,0x00,0x00,0x00,0x00,0x00,0x01,0x00,0x01,0x02,0x02,0x06,0x03,0x00,0x00,0x00,0x00,0x00,
    0x00,0x00,0x01,0x00,0x20,0x00,0x04,0x00,0x90,0xb8,0x04,0x03,0x88,0x00,0x02,0x00,0x88,0x87,0xe7,0x64,0x38,0xd8,0x00,0x01,0x20,0x12,0x10,0x00,0x40,0x00,0x00,0x00,
    0x81,0x82,0x38,0x00,0x00,0x00,0x00,0x80,0x00,0x00,0x00,0x00,0x03,0x84,0x78,0x00,0x00,0x01,0x00,0x00,0x00,0x00,0x00,0x01,0x04,0x08,0xf0,0x00,0x00,0x00,0x00,0x00,
    0x00,0x00,0x00,0x07,0x00,0x70,0x80,0x00,0x00,0x00,0x00,0x00,0x00,0x00,0x00,0x07,0x18,0xc0,0x00,0x00,0x00,0x04,0x00,0x00,0x00,0x00,0x00,0x0e,0x51,0x00,0x00,0x00,
    0x04,0x00,0x00,0x00,0x00,0x00,0x01,0x02,0x01,0x02,0x00,0x80,0x00,0x01,0xe0,0x00,0x80,0x81,0x00,0x01,0x00,0x00,0x00,0x00,0x10,0x00,0x08,0x00,0x00,0x20,0x00,0x00,
    0x00,0x00,0x08,0x40,0x00,0x21,0x02,0x00,0xa8,0x20,0x00,0x00,0x88,0x80,0xe2,0x7b,0x3f,0x0e,0x04,0x08,0x04,0x20,0x02,0x00,0x00,0x01,0x00,0x20,0x00,0x00,0x10,0x60,
    0x00,0x00,0x00,0x00,0x00,0x00,0x00,0x00,0x00,0x00,0xf0,0x0c,0x02,0x00,0x00,0x00,0x00,0x00,0x00,0x00,0x00,0x00,0x00,0x08,0x08,0x03,0x00,0x00,0x00,0x00,0x00,0x00,
    0x00,0x00,0x00,0x00,0x08,0x07,0x00,0x00,0x00,0x00,0x00,0x00,0x00,0x00,0x80,0x00,0x30,0x1f,0x04,0x00,0x00,0x00,0x00,0x00,0x00,0x00,0x00,0x80,0x41,0x3e,0x00,0x00,
    0x00,0x00,0x00,0x00,0x00,0x00,0x00,0x00,0x00,0x00,0x20,0x04,0x11,0x0d,0x03,0x03,0x84,0x0c,0x00,0x00,0x00,0x00,0x00,0x00,0x00,0x00,0x00,0x00,0x00,0x00,0x00,0x40,
    0x00,0x00,0x00,0x02,0x11,0x00,0x80,0x00,0x24,0x00,0x60,0x8e,0x88,0x00,0x03,0x01,0x8b,0x46,0xec,0xb8,0x54,0x20,0x02,0x00,0x00,0x00,0x00,0x00,0x40,0x00,0x80,0x00,
    0x01,0xc6,0x38,0x00,0x00,0x00,0x00,0x00,0x00,0x00,0x00,0x01,0x00,0x84,0xf8,0x00,0x00,0x00,0x00,0x00,0x00,0x00,0x00,0x00,0x00,0x00,0xf0,0x00,0x00,0x02,0x00,0x00,
    0x00,0x00,0x01,0x06,0x08,0x50,0x80,0x00,0x01,0x00,0x08,0x00,0x00,0x00,0x00,0x00,0x30,0x40,0x00,0x00,0x00,0x00,0x40,0x00,0x00,0x00,0x00,0x3e,0x40,0x80,0x00,0x00
  },
  { // 22
    0x02,0x00,0x00,0x20,0x00,0x04,0x00,0x00,0x00,0x18,0x24,0x18,0x00,0x00,0x00,0x00,0x00,0x00,0x00,0x00,0x00,0x00,0xc0,0x20,0xa0,0x10,0xe0,0x01,0x00,0x00,0x00,0x00,
    0x20,0x04,0x00,0x00,0x12,0x80,0x00,0x00,0x02,0x00,0xa2,0x00,0x88,0x0f,0x2f,0xd0,0xf9,0x22,0x00,0x00,0x01,0x50,0x20,0x00,0x00,0x00,0x00,0x00,0x00,0x08,0x57,0x80,
    0x00,0x00,0x00,0x00,0x00,0x00,0x00,0x00,0x00,0x00,0x70,0x00,0x00,0x00,0x00,0x00,0x80,0x00,0x01,0x00,0x00,0x00,0x00,0x0c,0x02,0x00,0x00,0x00,0x00,0x00,0x00,0x00,
    0x00,0x00,0xc0,0x38,0x0b,0x00,0x00,0x00,0x00,0x00,0x08,0x00,0x00,0x00,0x80,0x40,0x2f,0x00,0x00,0x00,0x00,0x00,0x00,0x00,0x00,0x00,0x00,0x81,0x0e,0x30,0x00,0x00,
    0x00,0x20,0x00,0x00,0x00,0x00,0x80,0x50,0xc8,0x00,0x00,0x00,0x00,0x00,0x00,0x00,0x00,0x00,0x00,0x00,0x01,0x00,0x01,0x02,0x02,0x06,0x03,0x00,0x00,0x00,0x00,0x00,
    0x00,0x00,0x01,0x00,0x20,0x00,0x04,0x00,0x90,0xb8,0x04,0x03,0x88,0x00,0x02,0x00,0x8b,0xc7,0xe4,0x78,0x1c,0x40,0x00,0x00,0x20,0x12,0x10,0x00,0x40,0x00,0x00,0x00,
    0x83,0x24,0x18,0x00,0x00,0x00,0x80,0x00,0x00,0x00,0x00,0x01,0x04,0xe8,0x10,0x00,0x00,0x01,0x00,0x00,0x00,0x00,0x01,0x04,0x00,0xf0,0x00,0x00,0x00,0x00,0x00,0x00,
    0x00,0x00,0x03,0x04,0x10,0xc0,0x00,0x00,0x00,0x00,0x00,0x00,0x00,0x00,0x07,0x08,0xc0,0x00,0x00,0x00,0x04,0x00,0x00,0x00,0x00,0x00,0x06,0x79,0x00,0x00,0x00,0x00,
    0x04,0x00,0x00,0x00,0x00,0x00,0x01,0x02,0x01,0x02,0x00,0x80,0x00,0x01,0xe0,0x00,0x80,0x81,0x00,0x01,0x00,0x00,0x00,0x00,0x10,0x00,0x08,0x00,0x00,0x20,0x00,0x00,
    0x00,0x00,0x08,0x40,0x00,0x21,0x02,0x00,0x28,0x20,0x00,0x00,0x88,0xc0,0x73,0x3b,0x4f,0x34,0x08,0x08,0x00,0x20,0x02,0x00,0x00,0x01,0x00,0x00,0x00,0x00,0x70,0x00,
    0x00,0x00,0x00,0x00,0x00,0x00,0x00,0x00,0x00,0x00,0xb8,0x06,0x00,0x00,0x00,0x00,0x00,0x00,0x00,0x00,0x00,0x00,0x00,0x08,0x03,0x00,0x00,0x00,0x00,0x00,0x00,0x00,
    0x00,0x00,0x00,0x00,0x08,0x07,0x00,0x00,0x00,0x00,0x00,0x00,0x00,0x00,0x80,0x20,0x11,0x0e,0x00,0x00,0x00,0x00,0x00,0x00,0x00,0x00,0x80,0x40,0x33,0x0c,0x00,0x00,
    0x00,0x00,0x00,0x00,0x00,0x00,0x00,0x00,0x00,0x00,0x20,0x04,0x11,0x0d,0x03,0x03,0x84,0x0c,0x00,0x00,0x00,0x00,0x00,0x00,0x00,0x00,0x00,0x00,0x00,0x00,0x00,0x40,
    0x00,0x00,0x00,0x02,0x11,0x00,0x80,0x00,0x24,0x00,0x60,0x8c,0x88,0x00,0x23,0x03,0xee,0xee,0xf8,0x90,0x48,0x30,0x02,0x10,0x00,0x00,0x00,0x00,0x40,0x00,0x00,0x01,
    0xc2,0x3c,0x10,0x00,0x00,0x00,0x00,0x00,0x00,0x00,0x00,0x01,0x04,0xf8,0x00,0x00,0x00,0x00,0x00,0x00,0x00,0x00,0x00,0x00,0x00,0xf0,0x00,0x00,0x02,0x00,0x00,0x00,
    0x00,0x00,0x02,0x0c,0x10,0xc0,0x00,0x01,0x00,0x08,0x00,0x00,0x00,0x00,0x00,0x10,0x60,0x00,0x00,0x00,0x00,0x00,0x40,0x00,0x00,0x00,0x0e,0x70,0x80,0x00,0x00,0x00
  },
  { // 23
    0x02,0x00,0x00,0x20,0x00,0x04,0x00,0x00,0x00,0x18,0x24,0x18,0x00,0x00,0x00,0x00,0x00,0x00,0x00,0x00,0x00,0x00,0xc0,0x20,0xa0,0x10,0xe0,0x01,0x00,0x00,0x00,0x00,
    0x20,0x04,0x00,0x00,0x12,0x80,0x00,0x00,0x00,0x00,0x22,0x00,0x8f,0x0f,0xfe,0xf1,0x21,0x00,0x20,0x00,0x01,0x10,0x20,0x00,0x00,0x00,0x00,0x00,0x00,0x1e,0xc1,0x00,
    0x00,0x00,0x00,0x00,0x00,0x00,0x00,0x00,0x00,0x70,0x00,0x00,0x00,0x00,0x00,0x80,0x00,0x01,0x00,0x00,0x00,0x00,0x08,0x06,0x00,0x00,0x00,0x00,0x00,0x00,0x00,0x00,
    0x00,0xc0,0x20,0x18,0x03,0x00,0x00,0x00,0x00,0x08,0x00,0x00,0x00,0x00,0xc0,0x21,0x0e,0x00,0x00,0x00,0x00,0x00,0x00,0x00,0x00,0x00,0x00,0x83,0x3c,0x00,0x00,0x00,
    0x00,0x20,0x00,0x00,0x00,0x00,0x80,0x50,0xc8,0x00,0x00,0x00,0x00,0x00,0x00,0x00,0x00,0x00,0x00,0x00,0x01,0x00,0x01,0x02,0x02,0x06,0x03,0x00,0x00,0x00,0x00,0x00,
    0x00,0x00,0x01,0x00,0x20,0x00,0x04,0x00,0x90,0xb8,0x04,0x00,0x88,0x00,0x22,0x83,0xcf,0xe4,0x7b,0x18,0x1c,0x40,0x00,0x00,0x20,0x07,0x10,0x00,0x00,0x00,0x00,0x81,
    0x06,0x38,0x00,0x00,0x00,0x00,0x80,0x00,0x00,0x00,0x01,0x02,0x84,0x78,0x00,0x00,0x01,0x00,0x00,0x00,0x00,0x00,0x01,0x04,0x08,0xe0,0x00,0x00,0x00,0x00,0x00,0x00,
    0x00,0x01,0x06,0x00,0xf0,0x00,0x00,0x00,0x00,0x00,0x00,0x00,0x00,0x02,0x05,0x10,0xc0,0x00,0x00,0x00,0x04,0x00,0x00,0x00,0x00,0x00,0x3f,0x40,0x00,0x00,0x00,0x00,
    0x04,0x00,0x00,0x00,0x00,0x00,0x01,0x02,0x01,0x02,0x00,0x80,0x00,0x01,0xe0,0x00,0x80,0x81,0x00,0x01,0x00,0x00,0x00,0x00,0x10,0x00,0x08,0x00,0x00,0x20,0x00,0x00,
    0x00,0x00,0x08,0x40,0x00,0x21,0x02,0x00,0x28,0x00,0x20,0x80,0xc8,0xf0,0x3b,0x3f,0x0e,0x34,0x08,0x08,0x00,0x20,0x00,0x00,0x00,0x01,0x00,0x00,0x00,0x30,0x40,0x00,
    0x00,0x00,0x00,0x00,0x00,0x00,0x00,0x00,0x00,0xf8,0x0c,0x02,0x00,0x00,0x00,0x00,0x00,0x00,0x00,0x00,0x00,0x00,0x08,0x02,0x03,0x00,0x00,0x00,0x00,0x00,0x00,0x00,
    0x00,0x00,0x00,0x08,0x07,0x00,0x00,0x00,0x00,0x00,0x00,0x00,0x00,0x80,0x00,0x30,0x0f,0x00,0x00,0x00,0x00,0x00,0x00,0x00,0x00,0x00,0x80,0x61,0x3e,0x00,0x00,0x00,
    0x00,0x00,0x00,0x00,0x00,0x00,0x00,0x00,0x00,0x00,0x20,0x04,0x11,0x0d,0x03,0x03,0x84,0x0c,0x00,0x00,0x00,0x00,0x00,0x00,0x00,0x00,0x00,0x00,0x00,0x00,0x00,0x40,
    0x00,0x00,0x00,0x02,0x11,0x00,0x80,0x00,0x24,0x00,0x60,0x88,0x88,0x01,0x23,0x46,0xef,0xf8,0x98,0x00,0x48,0x30,0x02,0x10,0x00,0x00,0x00,0x80,0x00,0x00,0x00,0x81,
    0x66,0x18,0x00,0x00,0x00,0x00,0x00,0x00,0x00,0x00,0x01,0x00,0xcc,0x30,0x00,0x00,0x00,0x00,0x00,0x00,0x00,0x00,0x00,0x00,0x70,0x80,0x00,0x00,0x02,0x00,0x00,0x00,
    0x00,0x01,0x06,0x08,0x50,0x80,0x00,0x01,0x08,0x00,0x00,0x00,0x00,0x00,0x00,0x70,0x00,0x00,0x00,0x00,0x00,0x40,0x00,0x00,0x00,0x04,0x3a,0x40,0x00,0x00,0x00,0x00
  },
  { // 24
    0x02,0x00,0x00,0x20,0x00,0x04,0x00,0x00,0x00,0x18,0x24,0x18,0x00,0x00,0x00,0x00,0x00,0x00,0x00,0x00,0x00,0x00,0xc0,0x20,0xa0,0x10,0xe0,0x01,0x00,0x00,0x00,0x00,
    0x20,0x04,0x00,0x00,0x12,0x80,0x00,0x00,0x00,0x00,0x02,0x01,0x8f,0xdf,0xf0,0x30,0x01,0x00,0x00,0x00,0x01,0x00,0x00,0x00,0x00,0x00,0x00,0x00,0x0c,0x53,0x80,0x00,
    0x00,0x00,0x00,0x00,0x00,0x00,0x00,0x00,0x00,0x70,0x00,0x00,0x00,0x00,0x00,0x80,0x00,0x01,0x00,0x00,0x00,0x08,0x04,0x02,0x00,0x00,0x00,0x00,0x00,0x00,0x00,0x00,
    0x80,0xc0,0x38,0x03,0x00,0x00,0x00,0x00,0x00,0x08,0x00,0x00,0x00,0x80,0x40,0x2f,0x00,0x00,0x00,0x00,0x00,0x00,0x00,0x00,0x00,0x00,0x81,0x3e,0x10,0x00,0x00,0x00,
    0x00,0x20,0x00,0x00,0x00,0x00,0x80,0x50,0xc8,0x00,0x00,0x00,0x00,0x00,0x00,0x00,0x00,0x00,0x00,0x00,0x01,0x00,0x01,0x02,0x02,0x06,0x03,0x00,0x00,0x00,0x00,0x00,
    0x00,0x00,0x01,0x00,0x20,0x00,0x04,0x00,0x90,0xb8,0x04,0x00,0x88,0x00,0x23,0x87,0xee,0x6c,0x99,0x38,0x04,0x40,0x00,0x00,0x00,0x05,0x00,0x00,0x00,0x00,0x00,0x83,
    0x24,0x18,0x00,0x00,0x00,0x80,0x00,0x00,0x00,0x00,0x03,0x84,0xe8,0x10,0x00,0x01,0x00,0x00,0x00,0x00,0x00,0x01,0x04,0x08,0xf0,0x00,0x00,0x00,0x00,0x00,0x00,0x00,
    0x00,0x03,0x04,0x30,0xc0,0x00,0x00,0x00,0x00,0x00,0x00,0x00,0x00,0x07,0x18,0xc0,0x00,0x00,0x00,0x04,0x00,0x00,0x00,0x00,0x00,0x06,0x79,0x00,0x00,0x00,0x00,0x00,
    0x04,0x00,0x00,0x00,0x00,0x00,0x01,0x02,0x01,0x02,0x00,0x80,0x00,0x01,0xe0,0x00,0x80,0x81,0x00,0x01,0x00,0x00,0x00,0x00,0x10,0x00,0x08,0x00,0x00,0x20,0x00,0x00,
    0x00,0x00,0x08,0x40,0x00,0x21,0x02,0x00,0x08,0x00,0xa0,0xc0,0xf8,0x71,0x3b,0x0f,0x24,0x28,0x08,0x08,0x02,0x20,0x00,0x00,0x00,0x01,0x00,0x00,0x00,0x70,0x00,0x00,
    0x00,0x00,0x00,0x00,0x00,0x00,0x00,0x00,0x70,0x88,0x06,0x00,0x00,0x00,0x00,0x00,0x00,0x00,0x00,0x00,0x00,0x00,0x08,0x03,0x00,0x00,0x00,0x00,0x00,0x00,0x00,0x00,
    0x00,0x00,0x00,0x0c,0x07,0x00,0x00,0x00,0x00,0x00,0x00,0x00,0x80,0x00,0x20,0x19,0x06,0x00,0x00,0x00,0x00,0x00,0x00,0x00,0x00,0x80,0x40,0x33,0x0c,0x00,0x00,0x00,
    0x00,0x00,0x00,0x00,0x00,0x00,0x00,0x00,0x00,0x00,0x20,0x04,0x11,0x0d,0x03,0x03,0x84,0x0c,0x00,0x00,0x00,0x00,0x00,0x00,0x00,0x00,0x00,0x00,0x00,0x00,0x00,0x40,
    0x00,0x00,0x00,0x02,0x11,0x00,0x80,0x00,0x24,0x00,0x60,0x80,0x89,0x01,0x27,0x6e,0xfd,0x9a,0x61,0x90,0x40,0x02,0x00,0x10,0x00,0x00,0x00,0x88,0x00,0x00,0x01,0xc2,
    0x3c,0x00,0x00,0x00,0x00,0x00,0x00,0x00,0x00,0x00,0x00,0x04,0xf8,0x00,0x00,0x00,0x00,0x00,0x00,0x00,0x00,0x00,0x00,0x00,0xf0,0x00,0x00,0x02,0x00,0x00,0x00,0x00,
    0x01,0x02,0x08,0x10,0xc0,0x00,0x01,0x00,0x08,0x00,0x00,0x00,0x00,0x00,0x30,0x40,0x00,0x00,0x00,0x00,0x00,0x00,0x00,0x00,0x00,0x0e,0x60,0x80,0x00,0x00,0x00,0x00
  },
  { // 25
    0x02,0x00,0x00,0x20,0x00,0x04,0x00,0x00,0x00,0x18,0x24,0x18,0x00,0x00,0x00,0x00,0x00,0x00,0x00,0x00,0x00,0x00,0xc0,0x20,0xa0,0x10,0xe0,0x01,0x00,0x00,0x00,0x00,
    0x20,0x04,0x00,0x00,0x12,0x80,0x00,0x00,0x00,0x00,0x02,0x0f,0xcf,0xfe,0x30,0xc0,0x00,0x00,0x00,0x00,0x01,0x00,0x20,0x00,0x00,0x00,0x00,0x00,0x1e,0xc1,0x00,0x00,
    0x00,0x00,0x00,0x00,0x00,0x00,0x00,0x00,0x70,0x00,0x00,0x00,0x00,0x00,0x80,0x00,0x01,0x00,0x00,0x00,0x00,0x0c,0x06,0x00,0x00,0x00,0x00,0x00,0x00,0x00,0x00,0x00,
    0xc0,0x30,0x08,0x03,0x00,0x00,0x00,0x00,0x08,0x00,0x00,0x00,0x80,0x40,0x29,0x0e,0x00,0x00,0x00,0x00,0x00,0x00,0x00,0x00,0x00,0x80,0x03,0x3c,0x00,0x00,0x00,0x00,
    0x00,0x20,0x00,0x00,0x00,0x00,0x80,0x50,0xc8,0x00,0x00,0x00,0x00,0x00,0x00,0x00,0x00,0x00,0x00,0x00,0x01,0x00,0x01,0x02,0x02,0x06,0x03,0x00,0x00,0x00,0x00,0x00,
    0x00,0x00,0x01,0x00,0x20,0x00,0x04,0x00,0x90,0xb8,0x04,0x00,0x88,0x01,0xa3,0xe7,0xec,0x3a,0x99,0x20,0x14,0x04,0x00,0x00,0x08,0x01,0x00,0x00,0x00,0x00,0x81,0x26,
    0x18,0x00,0x00,0x00,0x00,0x80,0x00,0x00,0x00,0x01,0x02,0xc4,0x38,0x00,0x00,0x01,0x00,0x00,0x00,0x00,0x00,0x01,0x04,0xb8,0x40,0x00,0x00,0x00,0x00,0x00,0x00,0x00,
    0x01,0x04,0x00,0xf0,0x00,0x00,0x00,0x00,0x00,0x00,0x00,0x00,0x03,0x0c,0x50,0x80,0x00,0x00,0x00,0x04,0x00,0x00,0x00,0x00,0x00,0x3f,0x40,0x00,0x00,0x00,0x00,0x01,
    0x04,0x00,0x00,0x00,0x00,0x00,0x01,0x02,0x01,0x02,0x00,0x80,0x00,0x01,0xe0,0x00,0x80,0x81,0x00,0x01,0x00,0x00,0x00,0x00,0x10,0x00,0x08,0x00,0x00,0x20,0x00,0x00,
    0x00,0x00,0x08,0x40,0x00,0x21,0x02,0x00,0x08,0x00,0xe2,0xc0,0x78,0x3b,0x0f,0x0e,0x25,0x20,0x00,0x00,0x02,0x20,0x00,0x40,0x00,0x01,0x00,0x00,0x30,0x00,0x00,0x00,
    0x00,0x00,0x00,0x00,0x00,0x00,0x00,0x00,0xf8,0x06,0x02,0x00,0x00,0x00,0x00,0x00,0x00,0x00,0x00,0x00,0x00,0x08,0x02,0x01,0x00,0x00,0x00,0x00,0x00,0x00,0x00,0x00,
    0x00,0x00,0x08,0x07,0x00,0x00,0x00,0x00,0x00,0x00,0x00,0x00,0x80,0x20,0x10,0x0f,0x00,0x00,0x00,0x00,0x00,0x00,0x00,0x00,0x80,0xc0,0x21,0x1e,0x00,0x00,0x00,0x00,
    0x00,0x00,0x00,0x00,0x00,0x00,0x00,0x00,0x00,0x00,0x20,0x04,0x11,0x0d,0x03,0x03,0x84,0x0c,0x00,0x00,0x00,0x00,0x00,0x00,0x00,0x00,0x00,0x00,0x00,0x00,0x00,0x40,
    0x00,0x00,0x00,0x02,0x11,0x00,0x80,0x00,0x24,0x00,0x00,0x00,0x89,0x07,0x6e,0xfe,0x99,0x86,0x71,0x80,0xc0,0x02,0x10,0x10,0x00,0x00,0x00,0x00,0x00,0x00,0xc1,0x2e,
    0x10,0x00,0x00,0x00,0x00,0x00,0x00,0x00,0x00,0x01,0x00,0xe8,0x10,0x00,0x00,0x00,0x00,0x00,0x00,0x00,0x00,0x00,0x00,0x70,0x80,0x00,0x00,0x02,0x00,0x00,0x00,0x00,
    0x03,0x04,0x18,0x40,0x80,0x00,0x01,0x08,0x00,0x00,0x00,0x00,0x00,0x00,0x70,0x00,0x00,0x00,0x00,0x00,0x40,0x00,0x00,0x00,0x06,0x38,0x40,0x00,0x00,0x00,0x00,0x00
  },
  { // 26
    0x02,0x00,0x00,0x20,0x00,0x04,0x00,0x00,0x00,0x18,0x24,0x18,0x00,0x00,0x00,0x00,0x00,0x00,0x00,0x00,0x00,0x00,0xc0,0x20,0xa0,0x10,0xe0,0x01,0x00,0x00,0x00,0x00,
    0x20,0x04,0x00,0x00,0x12,0x80,0x00,0x00,0x00,0x00,0x03,0xcf,0xff,0x34,0x23,0xd0,0x00,0x00,0x00,0x00,0x01,0x00,0x20,0x00,0x00,0x00,0x00,0x0c,0x53,0x80,0x00,0x00,
    0x00,0x00,0x00,0x00,0x00,0x00,0x00,0x50,0x30,0x00,0x00,0x00,0x00,0x00,0x80,0x01,0x00,0x00,0x00,0x00,0x08,0x06,0x02,0x00,0x00,0x00,0x00,0x00,0x00,0x00,0x00,0xc0,
    0x60,0x18,0x03,0x00,0x00,0x00,0x00,0x00,0x08,0x00,0x00,0x00,0xc0,0x20,0x0f,0x00,0x00,0x00,0x00,0x00,0x00,0x00,0x00,0x00,0x00,0x81,0x3e,0x00,0x00,0x00,0x00,0x00,
    0x00,0x20,0x00,0x00,0x00,0x00,0x80,0x50,0xc8,0x00,0x00,0x00,0x00,0x00,0x00,0x00,0x00,0x00,0x00,0x00,0x01,0x00,0x01,0x02,0x02,0x06,0x03,0x00,0x00,0x00,0x00,0x00,
    0x00,0x00,0x01,0x00,0x20,0x00,0x04,0x00,0x90,0xb8,0x00,0x00,0x89,0x03,0xe7,0xe6,0x7c,0x1a,0x19,0x22,0x14,0x04,0x00,0x00,0x08,0x00,0x00,0x00,0x00,0x80,0x82,0x34,
    0x08,0x00,0x00,0x00,0x80,0x00,0x00,0x00,0x00,0x03,0x84,0x78,0x00,0x00,0x01,0x00,0x00,0x00,0x00,0x00,0x01,0x04,0x08,0xf0,0x00,0x00,0x00,0x00,0x00,0x00,0x00,0x00,
    0x03,0x04,0x30,0xc0,0x00,0x00,0x00,0x00,0x00,0x00,0x00,0x00,0x07,0x18,0xc0,0x00,0x00,0x00,0x04,0x00,0x00,0x00,0x00,0x00,0x07,0x78,0x00,0x00,0x00,0x00,0x00,0x01,
    0x04,0x00,0x00,0x00,0x00,0x00,0x01,0x02,0x01,0x02,0x00,0x80,0x00,0x01,0xe0,0x00,0x80,0x81,0x00,0x01,0x00,0x00,0x00,0x00,0x10,0x00,0x08,0x00,0x00,0x20,0x00,0x00,
    0x00,0x00,0x08,0x40,0x00,0x21,0x02,0x00,0x08,0x80,0xe2,0xf0,0x38,0x1b,0x0f,0x26,0x09,0x20,0x00,0x00,0x02,0x00,0x00,0x00,0x00,0x01,0x00,0x10,0x60,0x00,0x00,0x00,
    0x00,0x00,0x00,0x00,0x00,0x00,0x00,0x70,0x88,0x06,0x00,0x00,0x00,0x00,0x00,0x00,0x00,0x00,0x00,0x00,0x00,0x08,0x03,0x00,0x00,0x00,0x00,0x00,0x00,0x00,0x00,0x00,
    0x00,0x08,0x0c,0x03,0x00,0x00,0x00,0x00,0x00,0x00,0x00,0x80,0x00,0x30,0x09,0x06,0x00,0x00,0x00,0x00,0x00,0x00,0x00,0x00,0x80,0x40,0x33,0x0c,0x00,0x00,0x00,0x00,
    0x00,0x00,0x00,0x00,0x00,0x00,0x00,0x00,0x00,0x00,0x20,0x04,0x11,0x0d,0x03,0x03,0x84,0x0c,0x00,0x00,0x00,0x00,0x00,0x00,0x00,0x00,0x00,0x00,0x00,0x00,0x00,0x40,
    0x00,0x00,0x00,0x02,0x11,0x00,0x80,0x00,0x24,0x00,0x00,0x01,0x89,0x67,0x7e,0xd8,0x90,0x04,0xe1,0x80,0xc0,0x02,0x00,0x00,0x00,0x00,0x00,0x00,0x00,0x01,0xe2,0x1c,
    0x00,0x00,0x00,0x00,0x00,0x00,0x00,0x00,0x00,0x01,0x04,0xf8,0x00,0x00,0x00,0x00,0x00,0x00,0x00,0x00,0x00,0x00,0x00,0xf0,0x00,0x00,0x02,0x00,0x00,0x00,0x00,0x01,
    0x06,0x08,0x10,0x80,0x00,0x01,0x00,0x08,0x00,0x00,0x00,0x00,0x00,0x30,0x40,0x00,0x00,0x00,0x00,0x40,0x00,0x00,0x00,0x00,0x1e,0x40,0x80,0x00,0x00,0x00,0x00,0x00
  },
  { // 27
    0x02,0x00,0x00,0x20,0x00,0x04,0x00,0x00,0x00,0x18,0x24,0x18,0x00,0x00,0x00,0x00,0x00,0x00,0x00,0x00,0x00,0x00,0xc0,0x20,0xa0,0x10,0xe0,0x01,0x00,0x00,0x00,0x00,
    0x20,0x04,0x00,0x00,0x12,0x80,0x00,0x00,0x00,0x00,0xc3,0xdf,0xfe,0x30,0x03,0x90,0x00,0x02,0x00,0x02,0x01,0x00,0x20,0x00,0x00,0x00,0x00,0x1f,0x81,0x00,0x00,0x00,
    0x00,0x00,0x00,0x00,0x00,0x00,0x00,0x70,0x00,0x00,0x00,0x00,0x00,0x80,0x00,0x01,0x00,0x00,0x00,0x00,0x0c,0x06,0x00,0x00,0x00,0x00,0x00,0x00,0x00,0x00,0x00,0xc0,
    0x30,0x08,0x03,0x00,0x00,0x00,0x00,0x08,0x00,0x00,0x00,0x80,0x40,0x29,0x06,0x00,0x00,0x00,0x00,0x00,0x00,0x00,0x00,0x00,0x80,0x23,0x3c,0x00,0x00,0x00,0x00,0x40,
    0x00,0x20,0x00,0x00,0x00,0x00,0x80,0x50,0xc8,0x00,0x00,0x00,0x00,0x00,0x00,0x00,0x00,0x00,0x00,0x00,0x01,0x00,0x01,0x02,0x02,0x06,0x03,0x00,0x00,0x00,0x00,0x00,
    0x00,0x00,0x01,0x00,0x20,0x00,0x04,0x00,0x90,0xb8,0x00,0x00,0x89,0x03,0xe6,0xe5,0x18,0x1e,0x01,0x22,0x14,0x00,0x00,0x40,0x08,0x00,0x00,0x00,0x00,0x81,0x26,0x18,
    0x00,0x00,0x00,0x80,0x80,0x00,0x00,0x00,0x01,0x02,0xc4,0x38,0x00,0x00,0x01,0x00,0x00,0x00,0x00,0x01,0x00,0x04,0xb8,0x00,0x00,0x00,0x00,0x00,0x00,0x00,0x00,0x03,
    0x04,0x00,0xf0,0x00,0x00,0x00,0x00,0x00,0x00,0x00,0x00,0x03,0x0c,0x50,0x80,0x00,0x00,0x00,0x04,0x00,0x00,0x00,0x00,0x00,0x3f,0x40,0x00,0x00,0x00,0x00,0x01,0x00,
    0x04,0x00,0x00,0x00,0x00,0x00,0x01,0x02,0x01,0x02,0x00,0x80,0x00,0x01,0xe0,0x00,0x80,0x81,0x00,0x01,0x00,0x00,0x00,0x00,0x10,0x00,0x08,0x00,0x00,0x20,0x00,0x00,
    0x00,0x00,0x08,0x40,0x00,0x21,0x02,0x00,0x00,0xc0,0xe2,0x70,0x39,0x0b,0x0f,0x24,0x09,0x20,0x00,0x00,0x02,0x00,0x40,0x00,0x00,0x00,0x00,0x70,0x00,0x00,0x00,0x00,
    0x00,0x00,0x00,0x00,0x00,0x00,0x00,0xf8,0x06,0x02,0x00,0x00,0x00,0x00,0x00,0x00,0x00,0x00,0x00,0x00,0x08,0x02,0x03,0x00,0x00,0x00,0x00,0x00,0x00,0x00,0x00,0x00,
    0x00,0x08,0x07,0x00,0x00,0x00,0x00,0x00,0x00,0x00,0x00,0x80,0x20,0x10,0x0f,0x00,0x00,0x00,0x00,0x00,0x00,0x00,0x00,0x80,0x40,0x21,0x1e,0x00,0x00,0x00,0x00,0x00,
    0x00,0x00,0x00,0x00,0x00,0x00,0x00,0x00,0x00,0x00,0x20,0x04,0x11,0x0d,0x03,0x03,0x84,0x0c,0x00,0x00,0x00,0x00,0x00,0x00,0x00,0x00,0x00,0x00,0x00,0x00,0x00,0x40,
    0x00,0x00,0x00,0x02,0x11,0x00,0x80,0x00,0x24,0x00,0x00,0x01,0xaf,0x7e,0x7e,0x90,0x80,0x14,0xc1,0x80,0xc0,0x00,0x00,0x00,0x00,0x00,0x00,0x00,0x00,0xc1,0x3e,0x00,
    0x00,0x00,0x00,0x00,0x00,0x00,0x00,0x00,0x01,0x04,0xf8,0x00,0x00,0x00,0x00,0x00,0x00,0x00,0x00,0x00,0x00,0x00,0x70,0x80,0x00,0x00,0x02,0x00,0x00,0x00,0x00,0x03,
    0x04,0x18,0x40,0x80,0x00,0x01,0x08,0x00,0x00,0x00,0x00,0x00,0x10,0x60,0x00,0x00,0x00,0x00,0x00,0x40,0x00,0x00,0x00,0x0e,0x30,0x40,0x80,0x00,0x00,0x00,0x00,0x00
  },
  { // 28
    0x02,0x00,0x00,0x20,0x00,0x04,0x00,0x00,0x00,0x18,0x24,0x18,0x00,0x00,0x00,0x00,0x00,0x00,0x00,0x00,0x00,0x00,0xc0,0x20,0xa0,0x10,0xe0,0x01,0x00,0x00,0x00,0x00,
    0x20,0x04,0x00,0x00,0x12,0x80,0x00,0x00,0x00,0x41,0xcb,0xff,0x3e,0x00,0x11,0x90,0x00,0x02,0x00,0x02,0x01,0x00,0x20,0x00,0x00,0x00,0x0c,0x53,0x80,0x00,0x00,0x00,
    0x00,0x00,0x00,0x00,0x00,0x00,0x70,0x00,0x00,0x00,0x00,0x00,0x80,0x00,0x01,0x00,0x00,0x00,0x00,0x08,0x06,0x02,0x00,0x00,0x00,0x00,0x00,0x00,0x00,0x00,0xc0,0x20,
    0x18,0x03,0x00,0x00,0x00,0x00,0x00,0x08,0x00,0x00,0x00,0xc0,0x20,0x0f,0x00,0x00,0x00,0x00,0x00,0x00,0x00,0x00,0x00,0x80,0x01,0x3e,0x00,0x00,0x00,0x00,0x40,0x00,
    0x00,0x20,0x00,0x00,0x00,0x00,0x80,0x50,0xc8,0x00,0x00,0x00,0x00,0x00,0x00,0x00,0x00,0x00,0x00,0x00,0x01,0x00,0x01,0x02,0x02,0x06,0x03,0x00,0x00,0x00,0x00,0x00,
    0x00,0x00,0x01,0x00,0x20,0x00,0x04,0x00,0x90,0x18,0x20,0x01,0x8b,0xe7,0xe6,0xfd,0x18,0x0e,0x50,0x32,0x14,0x00,0x00,0x00,0x08,0x00,0x00,0x00,0x80,0x82,0x3c,0x00,
    0x00,0x00,0x00,0x80,0x00,0x00,0x00,0x00,0x03,0x84,0x78,0x00,0x00,0x01,0x00,0x00,0x00,0x00,0x00,0x01,0x04,0x08,0xf0,0x00,0x00,0x00,0x00,0x00,0x00,0x00,0x00,0x03,
    0x04,0x30,0xc0,0x00,0x00,0x00,0x00,0x00,0x00,0x00,0x00,0x07,0x18,0xc0,0x00,0x00,0x00,0x04,0x00,0x00,0x00,0x00,0x00,0x0f,0x70,0x00,0x00,0x00,0x00,0x00,0x01,0x00,
    0x04,0x00,0x00,0x00,0x00,0x00,0x01,0x02,0x01,0x02,0x00,0x80,0x00,0x01,0xe0,0x00,0x80,0x81,0x00,0x01,0x00,0x00,0x00,0x00,0x10,0x00,0x08,0x00,0x00,0x20,0x00,0x00,
    0x00,0x00,0x08,0x40,0x00,0x21,0x02,0x00,0x80,0xc0,0xf2,0x30,0x19,0x0b,0x07,0xa4,0x09,0x20,0x00,0x00,0x02,0x00,0x00,0x00,0x00,0x00,0x10,0x60,0x00,0x00,0x00,0x00,
    0x00,0x00,0x00,0x00,0x00,0x00,0x70,0x88,0x06,0x00,0x00,0x00,0x00,0x00,0x00,0x00,0x00,0x00,0x00,0x08,0x08,0x03,0x00,0x00,0x00,0x00,0x00,0x00,0x00,0x00,0x00,0x00,
    0x08,0x04,0x03,0x00,0x00,0x00,0x00,0x00,0x00,0x00,0x80,0x00,0x30,0x08,0x07,0x00,0x00,0x00,0x00,0x00,0x00,0x00,0x00,0x80,0x60,0x31,0x0e,0x00,0x00,0x00,0x00,0x00,
    0x00,0x00,0x00,0x00,0x00,0x00,0x00,0x00,0x00,0x00,0x20,0x04,0x11,0x0d,0x03,0x03,0x84,0x0c,0x00,0x00,0x00,0x00,0x00,0x00,0x00,0x00,0x00,0x00,0x00,0x00,0x00,0x40,
    0x00,0x00,0x00,0x02,0x11,0x00,0x80,0x00,0x24,0x00,0x01,0x01,0xef,0x7e,0xd0,0x88,0x80,0x14,0xc1,0x80,0xc0,0x00,0x00,0x00,0x00,0x00,0x00,0x00,0x01,0xe6,0x18,0x00,
    0x00,0x00,0x00,0x00,0x00,0x00,0x00,0x00,0x01,0xcc,0xb0,0x00,0x00,0x00,0x00,0x00,0x00,0x00,0x00,0x00,0x00,0x10,0xe0,0x00,0x00,0x02,0x00,0x00,0x00,0x00,0x01,0x06,
    0x08,0x10,0x80,0x00,0x01,0x00,0x08,0x00,0x00,0x00,0x00,0x00,0x30,0x40,0x00,0x00,0x00,0x00,0x00,0x00,0x00,0x00,0x00,0x3e,0x40,0x80,0x00,0x00,0x00,0x00,0x00,0x00
  },
  { // 29
    0x02,0x00,0x00,0x20,0x00,0x04,0x00,0x00,0x00,0x18,0x24,0x18,0x00,0x00,0x00,0x00,0x00,0x00,0x00,0x00,0x00,0x00,0xc0,0x20,0xa0,0x10,0xe0,0x01,0x00,0x00,0x00,0x00,
    0x20,0x04,0x00,0x00,0x12,0x80,0x00,0x00,0x00,0xc1,0xfb,0xbf,0x76,0x00,0x11,0x10,0x00,0x02,0x00,0x02,0x00,0x00,0x20,0x00,0x00,0x00,0x5e,0x81,0x00,0x00,0x00,0x00,
    0x00,0x00,0x00,0x00,0x00,0x00,0x70,0x00,0x00,0x00,0x00,0x00,0x80,0x00,0x01,0x00,0x00,0x00,0x00,0x0c,0x06,0x00,0x00,0x00,0x00,0x00,0x00,0x00,0x00,0x00,0xe0,0x30,
    0x08,0x03,0x00,0x00,0x00,0x00,0x08,0x00,0x00,0x00,0xc0,0x20,0x09,0x06,0x00,0x00,0x00,0x00,0x00,0x00,0x00,0x00,0x00,0x80,0x23,0x1c,0x00,0x00,0x00,0x00,0x40,0x00,
    0x00,0x20,0x00,0x00,0x00,0x00,0x80,0x50,0xc8,0x00,0x00,0x00,0x00,0x00,0x00,0x00,0x00,0x00,0x00,0x00,0x01,0x00,0x01,0x02,0x02,0x06,0x03,0x00,0x00,0x00,0x00,0x00,
    0x00,0x00,0x01,0x00,0x20,0x00,0x04,0x00,0x90,0x18,0x20,0x01,0x8b,0xe6,0xf4,0x19,0x18,0x06,0x50,0x12,0x10,0x00,0x00,0x00,0x00,0x00,0x00,0x00,0x81,0x26,0x18,0x00,
    0x00,0x00,0x80,0x00,0x00,0x00,0x00,0x01,0x02,0xe4,0x18,0x00,0x00,0x01,0x00,0x00,0x00,0x00,0x00,0x00,0x04,0xf8,0x00,0x00,0x00,0x00,0x00,0x00,0x00,0x00,0x01,0x04,
    0x00,0xf0,0x00,0x00,0x00,0x00,0x00,0x00,0x00,0x00,0x03,0x0c,0x10,0x80,0x00,0x00,0x00,0x04,0x00,0x00,0x00,0x00,0x02,0x3f,0x40,0x00,0x00,0x00,0x00,0x01,0x00,0x00,
    0x04,0x00,0x00,0x00,0x00,0x00,0x01,0x02,0x01,0x02,0x00,0x80,0x00,0x01,0xe0,0x00,0x80,0x81,0x00,0x01,0x00,0x00,0x00,0x00,0x10,0x00,0x08,0x00,0x00,0x20,0x00,0x00,
    0x00,0x00,0x08,0x40,0x00,0x21,0x02,0x00,0x80,0xe0,0xf2,0x30,0x09,0x1f,0x07,0xa4,0x09,0x20,0x00,0x00,0x02,0x00,0x00,0x00,0x00,0x00,0x30,0x40,0x00,0x00,0x00,0x00,
    0x00,0x00,0x00,0x00,0x00,0x00,0xf8,0x04,0x02,0x00,0x00,0x00,0x00,0x00,0x00,0x00,0x00,0x00,0x00,0x08,0x00,0x03,0x00,0x00,0x00,0x00,0x00,0x00,0x00,0x00,0x00,0x00,
    0x08,0x07,0x00,0x00,0x00,0x00,0x00,0x00,0x00,0x00,0x80,0x20,0x10,0x0b,0x04,0x00,0x00,0x00,0x00,0x00,0x00,0x00,0x80,0x40,0x30,0x1b,0x04,0x00,0x00,0x00,0x00,0x04,
    0x00,0x00,0x00,0x00,0x00,0x00,0x00,0x00,0x00,0x00,0x20,0x04,0x11,0x0d,0x03,0x03,0x84,0x0c,0x00,0x00,0x00,0x00,0x00,0x00,0x00,0x00,0x00,0x00,0x00,0x00,0x00,0x40,
    0x00,0x00,0x00,0x02,0x11,0x00,0x80,0x00,0x24,0x00,0x01,0x2f,0xfe,0x7b,0x81,0x91,0x00,0x14,0x80,0x80,0xd0,0x00,0x00,0x00,0x00,0x00,0x00,0x00,0xe1,0x3e,0x00,0x00,
    0x00,0x00,0x00,0x00,0x00,0x00,0x00,0x01,0x04,0xf8,0x00,0x00,0x00,0x00,0x00,0x00,0x00,0x00,0x00,0x00,0x00,0x70,0x80,0x00,0x00,0x02,0x00,0x00,0x00,0x00,0x01,0x04,
    0x10,0x40,0x80,0x00,0x01,0x08,0x00,0x00,0x00,0x00,0x00,0x10,0x60,0x00,0x00,0x00,0x00,0x00,0x40,0x00,0x00,0x00,0x0e,0x30,0x40,0x80,0x00,0x00,0x00,0x00,0x00,0x00
  },
  { // 30
    0x02,0x00,0x00,0x20,0x00,0x04,0x00,0x00,0x00,0x18,0x24,0x18,0x00,0x00,0x00,0x00,0x00,0x00,0x00,0x00,0x00,0x00,0xc0,0x20,0xa0,0x10,0xe0,0x01,0x00,0x00,0x00,0x00,
    0x20,0x04,0x00,0x00,0x12,0x80,0x00,0x00,0x40,0xc1,0xff,0x3f,0x06,0x21,0x10,0x10,0x00,0x02,0x00,0x02,0x00,0x00,0x20,0x00,0x00,0x08,0x57,0x80,0x00,0x00,0x00,0x00,
    0x00,0x00,0x00,0x00,0x00,0x70,0x00,0x00,0x00,0x00,0x00,0x00,0x00,0x00,0x00,0x00,0x00,0x00,0x08,0x04,0x02,0x00,0x00,0x00,0x00,0x00,0x00,0x00,0x00,0xc0,0x20,0x18,
    0x03,0x00,0x00,0x00,0x00,0x00,0x00,0x00,0x00,0x80,0x40,0x20,0x0f,0x00,0x00,0x00,0x00,0x00,0x11,0x00,0x00,0x00,0x80,0x01,0x3e,0x00,0x00,0x00,0x00,0x00,0x00,0x00,
    0x00,0x20,0x00,0x00,0x00,0x00,0x80,0x50,0xc8,0x00,0x00,0x00,0x00,0x00,0x00,0x00,0x00,0x00,0x00,0x00,0x01,0x00,0x01,0x02,0x02,0x06,0x03,0x00,0x00,0x00,0x00,0x00,
    0x00,0x00,0x01,0x00,0x20,0x00,0x04,0x00,0x90,0x18,0x20,0x01,0xab,0xe6,0xfc,0x19,0x88,0x06,0x00,0x12,0x10,0x00,0x00,0x00,0x00,0x00,0x00,0x80,0x83,0x3c,0x00,0x00,
    0x00,0x00,0x00,0x00,0x00,0x00,0x00,0x01,0x86,0x78,0x00,0x00,0x00,0x00,0x00,0x20,0x00,0x00,0x01,0x00,0x08,0xf0,0x00,0x00,0x00,0x00,0x00,0x00,0x00,0x00,0x03,0x04,
    0x30,0xc0,0x00,0x00,0x00,0x00,0x00,0x00,0x00,0x00,0x07,0x18,0x40,0x80,0x00,0x00,0x00,0x00,0x00,0x00,0x00,0x00,0x0f,0x70,0x00,0x00,0x00,0x00,0x10,0x00,0x00,0x00,
    0x04,0x00,0x00,0x00,0x00,0x00,0x01,0x02,0x01,0x02,0x00,0x80,0x00,0x01,0xe0,0x00,0x80,0x81,0x00,0x01,0x00,0x00,0x00,0x00,0x10,0x00,0x08,0x00,0x00,0x20,0x00,0x00,
    0x00,0x00,0x08,0x40,0x00,0x21,0x02,0x00,0xc0,0xe0,0x72,0x38,0x09,0x1f,0x07,0x8c,0x08,0x20,0x00,0x00,0x02,0x00,0x00,0x00,0x00,0x00,0x60,0x00,0x00,0x00,0x00,0x00,
    0x00,0x00,0x00,0x00,0x00,0x70,0x88,0x06,0x00,0x00,0x00,0x30,0x00,0x00,0x00,0x00,0x00,0x00,0x08,0x08,0x03,0x01,0x00,0x00,0x00,0x00,0x00,0x00,0x00,0x00,0x00,0x08,
    0x04,0x07,0x00,0x00,0x00,0x00,0x00,0x01,0x00,0x80,0x20,0x30,0x08,0x07,0x00,0x80,0x00,0x00,0x00,0x00,0x00,0x00,0x80,0x60,0x11,0x0e,0x00,0x00,0x00,0x00,0x20,0x08,
    0x00,0x00,0x00,0x00,0x00,0x00,0x00,0x00,0x00,0x00,0x20,0x04,0x11,0x0d,0x03,0x03,0x84,0x0c,0x00,0x00,0x00,0x00,0x00,0x00,0x00,0x00,0x00,0x00,0x00,0x00,0x00,0x40,
    0x00,0x00,0x00,0x02,0x11,0x00,0x80,0x00,0x24,0x00,0x05,0x3f,0xfe,0x51,0xa1,0x91,0x02,0x1c,0x80,0x80,0xd0,0x00,0x00,0x00,0x00,0x00,0x00,0x00,0xe7,0x18,0x00,0x00,
    0x00,0x00,0x00,0x10,0x00,0x00,0x00,0x01,0xec,0xb0,0x00,0x00,0x00,0x00,0x00,0x00,0x00,0x00,0x00,0x00,0x30,0xc0,0x00,0x00,0x00,0x00,0x00,0x00,0x00,0x01,0x06,0x08,
    0x10,0xc0,0x00,0x00,0x00,0x00,0x00,0x00,0x00,0x00,0x00,0x30,0x40,0x00,0x00,0x00,0x00,0x00,0x00,0x00,0x00,0x04,0x3a,0x40,0x80,0x00,0x00,0x00,0x00,0x00,0x80,0x00
  },
  { // 31
    0x02,0x00,0x00,0x20,0x00,0x04,0x00,0x00,0x00,0x18,0x24,0x18,0x00,0x00,0x00,0x00,0x00,0x00,0x00,0x00,0x00,0x00,0xc0,0x20,0xa0,0x10,0xe0,0x01,0x00,0x00,0x00,0x00,
    0x20,0x04,0x00,0x00,0x12,0x80,0x00,0x00,0xc0,0xe1,0xbf,0x7f,0x06,0x21,0x30,0x10,0x00,0x02,0x00,0x02,0x00,0x00,0x00,0x00,0x00,0x1e,0x81,0x00,0x00,0x00,0x00,0x00,
    0x00,0x00,0x00,0x00,0x00,0x70,0x00,0x00,0x00,0x00,0x00,0x00,0x00,0x00,0x00,0x00,0x00,0x00,0x08,0x06,0x00,0x00,0x00,0x00,0x00,0x00,0x00,0x00,0x00,0xe0,0x10,0x08,
    0x03,0x00,0x00,0x00,0x00,0x00,0x00,0x00,0x00,0xc0,0x20,0x08,0x0f,0x00,0x00,0x00,0x00,0x11,0x00,0x00,0x00,0x00,0x80,0x21,0x1e,0x00,0x00,0x00,0x00,0x00,0x00,0x00,
    0x00,0x20,0x00,0x00,0x00,0x00,0x80,0x50,0xc8,0x00,0x00,0x00,0x00,0x00,0x00,0x00,0x00,0x00,0x00,0x00,0x01,0x00,0x01,0x02,0x02,0x06,0x03,0x00,0x00,0x00,0x00,0x00,
    0x00,0x00,0x01,0x00,0x20,0x00,0x04,0x00,0x90,0x08,0x21,0x03,0xef,0xf6,0xdc,0x18,0x80,0x06,0x00,0x02,0x10,0x08,0x00,0x00,0x10,0x00,0x00,0x81,0x26,0x18,0x00,0x00,
    0x00,0x00,0x00,0x00,0x00,0x00,0x01,0x02,0xe4,0x18,0x00,0x00,0x00,0x00,0x20,0x00,0x00,0x00,0x01,0x04,0x38,0xc0,0x00,0x00,0x00,0x00,0x00,0x00,0x00,0x01,0x06,0x00,
    0x70,0x80,0x00,0x00,0x00,0x00,0x00,0x00,0x00,0x03,0x0c,0x10,0xc0,0x00,0x00,0x00,0x00,0x00,0x00,0x00,0x00,0x02,0x3f,0x40,0x00,0x00,0x00,0x00,0x10,0x00,0x00,0x00,
    0x04,0x00,0x00,0x00,0x00,0x00,0x01,0x02,0x01,0x02,0x00,0x80,0x00,0x01,0xe0,0x00,0x80,0x81,0x00,0x01,0x00,0x00,0x00,0x00,0x10,0x00,0x08,0x00,0x00,0x20,0x00,0x00,
    0x00,0x00,0x08,0x40,0x00,0x21,0x02,0x00,0xc0,0xf0,0x72,0x18,0x09,0x07,0x27,0x08,0x08,0x00,0x00,0x00,0x02,0x00,0x00,0x00,0x00,0x30,0x40,0x00,0x00,0x00,0x00,0x00,
    0x00,0x00,0x00,0x00,0x00,0xf8,0x04,0x02,0x00,0x00,0x00,0x30,0x00,0x00,0x00,0x00,0x00,0x00,0x08,0x00,0x03,0x00,0x00,0x00,0x00,0x00,0x00,0x00,0x00,0x00,0x00,0x08,
    0x07,0x01,0x00,0x00,0x00,0x00,0x00,0x01,0x00,0x80,0x20,0x10,0x09,0x06,0x00,0x80,0x00,0x00,0x00,0x00,0x00,0x80,0x40,0x30,0x1b,0x04,0x00,0x00,0x00,0x20,0x08,0x00,
    0x00,0x00,0x00,0x00,0x00,0x00,0x00,0x00,0x00,0x00,0x20,0x04,0x11,0x0d,0x03,0x03,0x84,0x0c,0x00,0x00,0x00,0x00,0x00,0x00,0x00,0x00,0x00,0x00,0x00,0x00,0x00,0x40,
    0x00,0x00,0x00,0x02,0x11,0x00,0x80,0x00,0x24,0x00,0x2d,0x7f,0xfa,0x41,0xa9,0x91,0x02,0x04,0x80,0x80,0x50,0x00,0x00,0x00,0x00,0x00,0x00,0xe1,0x1e,0x00,0x00,0x00,
    0x00,0x00,0x10,0x00,0x00,0x00,0x01,0x04,0xf8,0x00,0x00,0x00,0x00,0x00,0x00,0x00,0x00,0x00,0x00,0x00,0x70,0x80,0x00,0x00,0x00,0x00,0x00,0x00,0x00,0x01,0x06,0x10,
    0x40,0x80,0x00,0x00,0x00,0x00,0x00,0x00,0x00,0x00,0x10,0x20,0x00,0x00,0x00,0x00,0x00,0x00,0x00,0x00,0x00,0x0e,0x30,0x40,0x80,0x00,0x00,0x00,0x00,0x80,0x00,0x00
  },
  { // 32
    0x02,0x00,0x00,0x20,0x00,0x04,0x00,0x00,0x00,0x18,0x24,0x18,0x00,0x00,0x00,0x00,0x00,0x00,0x00,0x00,0x00,0x00,0xc0,0x20,0xa0,0x10,0xe0,0x01,0x00,0x00,0x00,0x00,
    0x20,0x04,0x00,0x00,0x12,0x80,0x00,0x00,0xc0,0xf9,0x3f,0xdf,0x06,0x21,0x30,0x00,0x00,0x02,0x00,0x00,0x00,0x00,0x00,0x00,0x08,0x57,0x80,0x00,0x00,0x00,0x00,0x00,
    0x00,0x00,0x00,0x00,0x70,0x00,0x00,0x00,0x00,0x00,0x00,0x00,0x00,0x00,0x00,0x00,0x00,0x08,0x04,0x02,0x00,0x00,0x00,0x00,0x00,0x00,0x00,0x00,0xc0,0x20,0x18,0x03,
    0x00,0x00,0x00,0x00,0x00,0x00,0x00,0x00,0x80,0x40,0x20,0x09,0x06,0x00,0x00,0x00,0x00,0x11,0x00,0x00,0x00,0x80,0x00,0x3b,0x04,0x00,0x00,0x00,0x00,0x00,0x00,0x00,
    0x00,0x20,0x00,0x00,0x00,0x00,0x80,0x50,0xc8,0x00,0x00,0x00,0x00,0x00,0x00,0x00,0x00,0x00,0x00,0x00,0x01,0x00,0x01,0x02,0x02,0x06,0x03,0x00,0x00,0x00,0x00,0x00,
    0x00,0x00,0x01,0x00,0x20,0x00,0x04,0x00,0x90,0x00,0x21,0x03,0xef,0xfc,0x9a,0x08,0x80,0x06,0x00,0x02,0x10,0x08,0x00,0x00,0x10,0x00,0x00,0xa3,0x3c,0x00,0x00,0x00,
    0x00,0x00,0x00,0x00,0x00,0x00,0x01,0x86,0xf8,0x00,0x00,0x00,0x00,0x00,0x20,0x00,0x00,0x01,0x00,0x04,0xf0,0x00,0x00,0x00,0x00,0x00,0x00,0x00,0x00,0x03,0x04,0x30,
    0xc0,0x00,0x00,0x00,0x00,0x00,0x00,0x00,0x00,0x07,0x18,0x40,0x80,0x00,0x00,0x00,0x00,0x00,0x00,0x00,0x00,0x0f,0x70,0x00,0x00,0x00,0x00,0x10,0x00,0x00,0x00,0x00,
    0x04,0x00,0x00,0x00,0x00,0x00,0x01,0x02,0x01,0x02,0x00,0x80,0x00,0x01,0xe0,0x00,0x80,0x81,0x00,0x01,0x00,0x00,0x00,0x00,0x10,0x00,0x08,0x00,0x00,0x20,0x00,0x00,
    0x00,0x00,0x08,0x40,0x00,0x21,0x02,0x00,0xc0,0xf0,0x32,0x08,0x09,0x07,0x27,0x08,0x08,0x00,0x00,0x00,0x02,0x00,0x00,0x00,0x00,0x70,0x00,0x00,0x00,0x00,0x00,0x00,
    0x00,0x00,0x00,0x00,0x30,0xc8,0x06,0x00,0x00,0x00,0x30,0x00,0x00,0x00,0x00,0x00,0x00,0x08,0x08,0x02,0x01,0x00,0x00,0x00,0x00,0x00,0x00,0x00,0x00,0x00,0x08,0x00,
    0x07,0x00,0x00,0x00,0x00,0x00,0x01,0x00,0x80,0x00,0x30,0x08,0x07,0x00,0x00,0x80,0x00,0x00,0x00,0x00,0x00,0x80,0x60,0x31,0x0e,0x00,0x00,0x00,0x00,0x20,0x08,0x00,
    0x00,0x00,0x00,0x00,0x00,0x00,0x00,0x00,0x00,0x00,0x20,0x04,0x11,0x0d,0x03,0x03,0x84,0x0c,0x00,0x00,0x00,0x00,0x00,0x00,0x00,0x00,0x00,0x00,0x00,0x00,0x00,0x40,
    0x00,0x00,0x00,0x02,0x11,0x00,0x80,0x00,0x24,0x00,0x3f,0x7f,0xd2,0x80,0xa9,0x91,0x02,0x00,0x80,0x80,0x40,0x00,0x00,0x00,0x00,0x00,0x00,0xff,0x08,0x00,0x00,0x00,
    0x00,0x00,0x10,0x00,0x00,0x00,0x01,0x6c,0xb0,0x00,0x00,0x00,0x00,0x00,0x00,0x00,0x00,0x00,0x00,0x10,0xe0,0x00,0x00,0x00,0x00,0x00,0x00,0x00,0x00,0x07,0x08,0x10,
    0xc0,0x00,0x00,0x00,0x00,0x00,0x00,0x00,0x00,0x00,0x30,0x40,0x00,0x00,0x00,0x00,0x00,0x00,0x00,0x00,0x04,0x1a,0x40,0x80,0x00,0x00,0x00,0x00,0x00,0x80,0x00,0x00
  },
  { // 33
    0x02,0x00,0x00,0x20,0x00,0x04,0x00,0x00,0x00,0x18,0x24,0x18,0x00,0x00,0x00,0x00,0x00,0x00,0x00,0x00,0x00,0x00,0xc0,0x20,0xa0,0x10,0xe0,0x01,0x00,0x00,0x00,0x00,
    0x20,0x04,0x00,0x00,0x12,0x80,0x00,0x40,0xc0,0xf9,0x3f,0xdf,0x06,0x01,0x70,0x00,0x04,0x02,0x00,0x00,0x00,0x00,0x00,0x00,0x1c,0xc3,0x00,0x00,0x00,0x00,0x00,0x00,
    0x00,0x00,0x00,0x00,0x70,0x00,0x00,0x00,0x00,0x00,0x00,0x00,0x00,0x00,0x00,0x00,0x00,0x08,0x06,0x00,0x00,0x00,0x00,0x00,0x00,0x00,0x00,0x00,0xe0,0x10,0x08,0x03,
    0x00,0x00,0x00,0x00,0x00,0x00,0x00,0x00,0xc0,0x20,0x00,0x0f,0x00,0x00,0x00,0x00,0x10,0x01,0x00,0x00,0x00,0x80,0x21,0x1e,0x00,0x00,0x00,0x00,0x00,0x00,0x00,0x00,
    0x00,0x20,0x00,0x00,0x00,0x00,0x80,0x50,0xc8,0x00,0x00,0x00,0x00,0x00,0x00,0x00,0x00,0x00,0x00,0x00,0x01,0x00,0x01,0x02,0x02,0x06,0x03,0x00,0x00,0x00,0x00,0x00,
    0x00,0x00,0x01,0x00,0x20,0x00,0x04,0x00,0x90,0x00,0x21,0x23,0xee,0xfc,0x9a,0x00,0x80,0x06,0x00,0x02,0x10,0x08,0x00,0x00,0x10,0x10,0x81,0x26,0x18,0x00,0x00,0x00,
    0x00,0x00,0x00,0x00,0x00,0x00,0x02,0xe4,0x18,0x00,0x00,0x00,0x00,0x20,0x00,0x00,0x00,0x01,0x04,0x38,0xc0,0x00,0x00,0x00,0x00,0x00,0x00,0x00,0x01,0x06,0x00,0x70,
    0x80,0x00,0x00,0x00,0x00,0x00,0x00,0x00,0x03,0x0c,0x10,0xc0,0x00,0x00,0x00,0x00,0x00,0x00,0x00,0x00,0x00,0x3f,0x40,0x00,0x00,0x00,0x00,0x10,0x00,0x00,0x00,0x00,
    0x04,0x00,0x00,0x00,0x00,0x00,0x01,0x02,0x01,0x02,0x00,0x80,0x00,0x01,0xe0,0x00,0x80,0x81,0x00,0x01,0x00,0x00,0x00,0x00,0x10,0x00,0x08,0x00,0x00,0x20,0x00,0x00,
    0x00,0x00,0x08,0x40,0x00,0x21,0x02,0x00,0xc0,0xf0,0x32,0x08,0x09,0x07,0x27,0x48,0x08,0x00,0x00,0x00,0x02,0x00,0x00,0x00,0x10,0x60,0x00,0x00,0x00,0x00,0x00,0x00,
    0x00,0x00,0x00,0x00,0x78,0x84,0x02,0x00,0x00,0x00,0x30,0x00,0x00,0x00,0x00,0x00,0x00,0x08,0x00,0x03,0x00,0x00,0x00,0x00,0x00,0x00,0x00,0x00,0x00,0x00,0x08,0x04,
    0x03,0x00,0x00,0x00,0x00,0x00,0x01,0x00,0x80,0x20,0x10,0x08,0x07,0x00,0x80,0x00,0x00,0x00,0x00,0x00,0x00,0xc0,0x20,0x19,0x06,0x00,0x00,0x00,0x20,0x08,0x00,0x00,
    0x00,0x00,0x00,0x00,0x00,0x00,0x00,0x00,0x00,0x00,0x20,0x04,0x11,0x0d,0x03,0x03,0x84,0x0c,0x00,0x00,0x00,0x00,0x00,0x00,0x00,0x00,0x00,0x00,0x00,0x00,0x00,0x40,
    0x00,0x00,0x00,0x02,0x11,0x00,0x80,0x00,0x24,0x0c,0x3f,0x7f,0xc2,0x80,0xa9,0x91,0x02,0x00,0x80,0x80,0x40,0x00,0x00,0x00,0x00,0x00,0xe1,0x1e,0x00,0x00,0x00,0x00,
    0x00,0x10,0x00,0x00,0x00,0x00,0x01,0xf8,0x00,0x00,0x00,0x00,0x00,0x00,0x00,0x00,0x00,0x00,0x00,0x70,0x80,0x00,0x00,0x00,0x00,0x00,0x00,0x00,0x01,0x06,0x10,0x40,
    0x80,0x00,0x00,0x00,0x00,0x00,0x00,0x00,0x00,0x10,0x20,0x40,0x00,0x00,0x00,0x00,0x00,0x00,0x00,0x00,0x0e,0x30,0x40,0x80,0x00,0x00,0x00,0x00,0x00,0x80,0x00,0x00
  },
  { // 34
    0x02,0x00,0x00,0x20,0x00,0x04,0x00,0x00,0x00,0x18,0x24,0x18,0x00,0x00,0x00,0x00,0x00,0x00,0x00,0x00,0x00,0x00,0xc0,0x20,0xa0,0x10,0xe0,0x01,0x00,0x00,0x00,0x00,
    0x20,0x04,0x00,0x00,0x12,0x80,0x00,0x40,0xe0,0xb9,0x3b,0x8f,0x06,0x01,0x70,0x00,0x04,0x00,0x00,0x00,0x00,0x00,0x00,0x00,0x5f,0x80,0x00,0x00,0x00,0x00,0x00,0x00,
    0x00,0x00,0x00,0x60,0x10,0x00,0x00,0x00,0x00,0x00,0x00,0x00,0x00,0x00,0x00,0x00,0x08,0x04,0x02,0x00,0x00,0x00,0x00,0x00,0x00,0x00,0x00,0xc0,0x20,0x18,0x00,0x03,
    0x00,0x00,0x00,0x00,0x00,0x00,0x00,0x80,0xc0,0x20,0x08,0x06,0x00,0x00,0x00,0x00,0x11,0x00,0x00,0x00,0x80,0x00,0x31,0x0e,0x00,0x00,0x00,0x00,0x00,0x00,0x00,0x00,
    0x00,0x20,0x00,0x00,0x00,0x00,0x80,0x50,0xc8,0x00,0x00,0x00,0x00,0x00,0x00,0x00,0x00,0x00,0x00,0x00,0x01,0x00,0x01,0x02,0x02,0x06,0x03,0x00,0x00,0x00,0x00,0x00,
    0x00,0x00,0x01,0x00,0x20,0x00,0x04,0x00,0x80,0x00,0x21,0x27,0xfe,0xdc,0xba,0x00,0x80,0x04,0x00,0x02,0x00,0x08,0x00,0x00,0x10,0x00,0xa1,0x3e,0x00,0x00,0x00,0x00,
    0x00,0x00,0x00,0x00,0x00,0x01,0x02,0xf8,0x00,0x00,0x00,0x00,0x00,0x20,0x00,0x00,0x01,0x00,0x04,0xf8,0x00,0x00,0x00,0x00,0x00,0x00,0x00,0x00,0x03,0x04,0x30,0xc0,
    0x00,0x00,0x00,0x00,0x00,0x00,0x00,0x00,0x07,0x18,0x40,0x80,0x00,0x00,0x00,0x00,0x00,0x00,0x00,0x00,0x07,0x38,0x40,0x00,0x00,0x00,0x10,0x00,0x00,0x00,0x00,0x00,
    0x04,0x00,0x00,0x00,0x00,0x00,0x01,0x02,0x01,0x02,0x00,0x80,0x00,0x01,0xe0,0x00,0x80,0x81,0x00,0x01,0x00,0x00,0x00,0x00,0x10,0x00,0x08,0x00,0x00,0x20,0x00,0x00,
    0x00,0x00,0x08,0x40,0x00,0x21,0x02,0x00,0xc0,0xf0,0x72,0x08,0x09,0x07,0x27,0x48,0x08,0x20,0x00,0x00,0x02,0x00,0x00,0x00,0x30,0x40,0x00,0x00,0x00,0x00,0x00,0x00,
    0x00,0x00,0x00,0x10,0xe8,0x06,0x02,0x00,0x00,0x20,0x10,0x00,0x00,0x00,0x00,0x00,0x00,0x08,0x02,0x01,0x00,0x00,0x00,0x00,0x00,0x00,0x00,0x00,0x00,0x08,0x08,0x07,
    0x00,0x00,0x00,0x00,0x00,0x01,0x00,0x80,0x00,0x30,0x08,0x07,0x00,0x00,0x80,0x00,0x00,0x00,0x00,0x00,0x80,0x40,0x30,0x0f,0x00,0x00,0x00,0x00,0x20,0x08,0x00,0x00,
    0x00,0x00,0x00,0x00,0x00,0x00,0x00,0x00,0x00,0x00,0x20,0x04,0x11,0x0d,0x03,0x03,0x84,0x0c,0x00,0x00,0x00,0x00,0x00,0x00,0x00,0x00,0x00,0x00,0x00,0x00,0x00,0x40,
    0x00,0x00,0x00,0x02,0x11,0x00,0x80,0x00,0x24,0x0d,0x3f,0x73,0xc0,0x82,0xb9,0x90,0x02,0x80,0x00,0x80,0x40,0x00,0x00,0x00,0x00,0x00,0xfd,0x00,0x00,0x00,0x00,0x00,
    0x00,0x10,0x00,0x00,0x00,0x01,0x0c,0xf0,0x00,0x00,0x00,0x00,0x00,0x00,0x00,0x00,0x00,0x00,0x10,0xe0,0x00,0x00,0x00,0x00,0x00,0x00,0x00,0x00,0x03,0x08,0x10,0x40,
    0x80,0x00,0x00,0x00,0x00,0x00,0x00,0x00,0x00,0x10,0x40,0x00,0x00,0x00,0x00,0x00,0x00,0x00,0x00,0x00,0x1a,0x20,0x00,0x80,0x00,0x00,0x00,0x00,0x80,0x00,0x00,0x00
  },
  { // 35
    0x02,0x00,0x00,0x20,0x00,0x04,0x00,0x00,0x00,0x18,0x24,0x18,0x00,0x00,0x00,0x00,0x00,0x00,0x00,0x00,0x00,0x00,0xc0,0x20,0xa0,0x10,0xe0,0x01,0x00,0x00,0x00,0x00,
    0x20,0x04,0x00,0x00,0x12,0x80,0x00,0x40,0xe0,0xb8,0x3b,0x8f,0x06,0x01,0x68,0x00,0x24,0x00,0x40,0x00,0x00,0x00,0x00,0x18,0x47,0x00,0x00,0x00,0x00,0x00,0x00,0x00,
    0x00,0x00,0x00,0x70,0x00,0x00,0x00,0x00,0x00,0x00,0x00,0x00,0x00,0x00,0x00,0x00,0x08,0x04,0x02,0x00,0x00,0x00,0x00,0x00,0x00,0x00,0x00,0xe0,0x10,0x08,0x03,0x00,
    0x00,0x00,0x00,0x00,0x00,0x00,0x00,0xc0,0x20,0x00,0x0d,0x02,0x00,0x00,0x00,0x10,0x11,0x00,0x00,0x00,0x80,0x20,0x1b,0x00,0x00,0x00,0x00,0x00,0x00,0x00,0x00,0x00,
    0x00,0x20,0x00,0x00,0x00,0x00,0x80,0x50,0xc8,0x00,0x00,0x00,0x00,0x00,0x00,0x00,0x00,0x00,0x00,0x00,0x01,0x00,0x01,0x02,0x02,0x06,0x03,0x00,0x00,0x00,0x00,0x00,
    0x00,0x00,0x01,0x00,0x20,0x00,0x04,0x00,0x80,0x00,0x21,0x27,0xfe,0xdc,0xab,0x00,0x80,0x00,0x00,0x02,0x00,0x08,0x00,0x00,0x00,0x80,0x23,0x1c,0x00,0x00,0x00,0x00,
    0x00,0x00,0x00,0x00,0x00,0x01,0xc4,0x78,0x00,0x00,0x00,0x00,0x00,0x20,0x00,0x00,0x01,0x04,0x18,0xc0,0x00,0x00,0x00,0x00,0x00,0x00,0x00,0x01,0x02,0x00,0x30,0xc0,
    0x00,0x00,0x00,0x00,0x00,0x00,0x00,0x01,0x06,0x18,0x40,0x80,0x00,0x00,0x00,0x00,0x00,0x00,0x00,0x00,0x3f,0x40,0x00,0x00,0x00,0x00,0x10,0x00,0x00,0x00,0x00,0x00,
    0x04,0x00,0x00,0x00,0x00,0x00,0x01,0x02,0x01,0x02,0x00,0x80,0x00,0x01,0xe0,0x00,0x80,0x81,0x00,0x01,0x00,0x00,0x00,0x00,0x10,0x00,0x08,0x00,0x00,0x20,0x00,0x00,
    0x00,0x00,0x08,0x40,0x00,0x21,0x02,0x00,0xc0,0xf0,0xf2,0x08,0x18,0x07,0x07,0x48,0x08,0x20,0x00,0x00,0x02,0x00,0x00,0x10,0x60,0x00,0x00,0x00,0x00,0x00,0x00,0x00,
    0x00,0x00,0x00,0x30,0x88,0x06,0x00,0x00,0x00,0x30,0x00,0x00,0x00,0x00,0x00,0x00,0x08,0x00,0x03,0x01,0x00,0x00,0x00,0x00,0x00,0x00,0x00,0x00,0x00,0x08,0x04,0x03,
    0x00,0x00,0x00,0x00,0x00,0x01,0x00,0x80,0x20,0x10,0x08,0x07,0x00,0x80,0x00,0x00,0x00,0x00,0x00,0x00,0xc0,0x20,0x19,0x06,0x00,0x00,0x00,0x00,0x20,0x08,0x00,0x00,
    0x00,0x00,0x00,0x00,0x00,0x00,0x00,0x00,0x00,0x00,0x20,0x04,0x11,0x0d,0x03,0x03,0x84,0x0c,0x00,0x00,0x00,0x00,0x00,0x00,0x00,0x00,0x00,0x00,0x00,0x00,0x00,0x40,
    0x00,0x00,0x00,0x02,0x11,0x00,0x80,0x00,0x24,0x3c,0x3f,0x73,0xc0,0x82,0xb1,0x90,0x00,0x80,0x00,0x80,0x40,0x00,0x00,0x00,0x00,0x60,0x3f,0x00,0x00,0x00,0x00,0x00,
    0x10,0x00,0x00,0x00,0x00,0x01,0xfc,0x00,0x00,0x00,0x00,0x00,0x00,0x00,0x00,0x00,0x00,0x00,0x30,0xc0,0x00,0x00,0x00,0x00,0x00,0x00,0x00,0x01,0x06,0x18,0x40,0x80,
    0x00,0x00,0x00,0x00,0x00,0x00,0x00,0x00,0x00,0x20,0x40,0x00,0x00,0x00,0x00,0x00,0x00,0x00,0x00,0x0e,0x30,0x40,0x80,0x00,0x00,0x00,0x00,0x00,0x80,0x00,0x00,0x18
  },
  { // 36
    0x02,0x00,0x00,0x20,0x00,0x04,0x00,0x00,0x00,0x18,0x24,0x18,0x00,0x00,0x00,0x00,0x00,0x00,0x00,0x00,0x00,0x00,0xc0,0x20,0xa0,0x10,0xe0,0x01,0x00,0x00,0x00,0x00,
    0x20,0x04,0x00,0x00,0x12,0x80,0x00,0x40,0xe0,0xb8,0x5b,0x8f,0x06,0x41,0x68,0x00,0x24,0x00,0xc0,0x00,0x00,0x00,0x00,0x58,0x83,0x00,0x00,0x00,0x00,0x00,0x00,0x00,
    0x00,0x00,0x00,0x70,0x00,0x00,0x00,0x00,0x00,0x00,0x00,0x00,0x00,0x00,0x00,0x08,0x08,0x06,0x00,0x00,0x00,0x00,0x00,0x00,0x00,0x00,0xc0,0x20,0x18,0x00,0x03,0x00,
    0x00,0x00,0x00,0x00,0x00,0x00,0x00,0xc0,0x20,0x08,0x07,0x00,0x00,0x00,0x00,0x10,0x01,0x00,0x00,0x80,0x00,0x31,0x0e,0x00,0x00,0x00,0x00,0x00,0x00,0x00,0x00,0x00,
    0x00,0x20,0x00,0x00,0x00,0x00,0x80,0x50,0xc8,0x00,0x00,0x00,0x00,0x00,0x00,0x00,0x00,0x00,0x00,0x00,0x01,0x00,0x01,0x02,0x02,0x06,0x03,0x00,0x00,0x00,0x00,0x00,
    0x00,0x00,0x01,0x00,0x20,0x00,0x04,0x00,0x80,0x00,0x21,0x27,0xfe,0xd8,0xa7,0x00,0x88,0x00,0x00,0x02,0x00,0x08,0x00,0x00,0x00,0x01,0x3e,0x00,0x00,0x00,0x00,0x00,
    0x00,0x00,0x00,0x00,0x01,0x02,0xfc,0x00,0x00,0x00,0x00,0x00,0x20,0x00,0x00,0x00,0x01,0x04,0x78,0x80,0x00,0x00,0x00,0x00,0x00,0x00,0x00,0x01,0x06,0x10,0x60,0x80,
    0x00,0x00,0x00,0x00,0x00,0x00,0x00,0x07,0x08,0x00,0xc0,0x00,0x00,0x00,0x00,0x00,0x00,0x00,0x00,0x07,0x38,0x40,0x00,0x00,0x00,0x00,0x10,0x00,0x00,0x00,0x00,0x34,
    0x04,0x00,0x00,0x00,0x00,0x00,0x01,0x02,0x01,0x02,0x00,0x80,0x00,0x01,0xe0,0x00,0x80,0x81,0x00,0x01,0x00,0x00,0x00,0x00,0x10,0x00,0x08,0x00,0x00,0x20,0x00,0x00,
    0x00,0x00,0x08,0x40,0x00,0x21,0x02,0x00,0x80,0xf0,0xf2,0x08,0x18,0x07,0x07,0x48,0x08,0x20,0x00,0x00,0x02,0x00,0x00,0x10,0x40,0x00,0x00,0x00,0x00,0x00,0x00,0x00,
    0x00,0x00,0x00,0x78,0x84,0x02,0x00,0x00,0x00,0x30,0x00,0x00,0x00,0x00,0x00,0x00,0x08,0x00,0x03,0x00,0x00,0x00,0x00,0x00,0x00,0x00,0x00,0x00,0x00,0x08,0x06,0x01,
    0x00,0x00,0x00,0x00,0x00,0x01,0x00,0x80,0x30,0x10,0x08,0x07,0x00,0x80,0x00,0x00,0x00,0x00,0x00,0x80,0x40,0x30,0x09,0x06,0x00,0x00,0x00,0x20,0x08,0x00,0x00,0x00,
    0x00,0x00,0x00,0x00,0x00,0x00,0x00,0x00,0x00,0x00,0x20,0x04,0x11,0x0d,0x03,0x03,0x84,0x0c,0x00,0x00,0x00,0x00,0x00,0x00,0x00,0x00,0x00,0x00,0x00,0x00,0x00,0x40,
    0x00,0x00,0x00,0x02,0x11,0x00,0x80,0x00,0x2c,0x3c,0x3f,0x73,0xc0,0x82,0xf1,0x90,0x00,0x80,0x00,0x00,0x40,0x00,0x00,0x00,0x00,0x71,0x1e,0x00,0x00,0x00,0x00,0x00,
    0x10,0x00,0x00,0x00,0x01,0x0c,0xf0,0x00,0x00,0x00,0x00,0x00,0x00,0x00,0x00,0x00,0x00,0x00,0xf0,0x80,0x00,0x00,0x00,0x00,0x00,0x00,0x00,0x03,0x0c,0x10,0x40,0x80,
    0x00,0x00,0x00,0x00,0x00,0x00,0x00,0x00,0x10,0x20,0x00,0x00,0x00,0x00,0x00,0x00,0x00,0x00,0x00,0x1e,0x20,0x40,0x80,0x00,0x00,0x00,0x00,0x80,0x00,0x00,0x00,0x3a
  },
  { // 37
    0x02,0x00,0x00,0x20,0x00,0x04,0x00,0x00,0x00,0x18,0x24,0x18,0x00,0x00,0x00,0x00,0x00,0x00,0x00,0x00,0x00,0x00,0xc0,0x20,0xa0,0x10,0xe0,0x01,0x00,0x00,0x00,0x00,
    0x20,0x04,0x00,0x00,0x12,0x80,0x00,0x00,0x42,0xa0,0x1a,0xa9,0xa7,0x22,0x08,0x13,0x04,0x02,0x00,0x70,0x00,0x00,0x00,0x01,0x00,0x00,0x00,0x00,0x00,0x00,0x00,0x00,
    0x00,0x00,0x30,0x00,0x00,0x00,0x00,0x00,0x00,0x00,0x00,0x00,0x00,0x00,0x00,0x08,0x04,0x06,0x00,0x00,0x00,0x00,0x00,0x00,0x00,0x00,0xc0,0x30,0x18,0x00,0x03,0x00,
    0x00,0x00,0x00,0x00,0x00,0x00,0x80,0xc0,0x20,0x08,0x07,0x00,0x00,0x00,0x00,0x10,0x01,0x00,0x00,0x80,0x00,0x31,0x0e,0x00,0x00,0x00,0x00,0x00,0x00,0x00,0x00,0x00,
    0x00,0x20,0x00,0x00,0x00,0x00,0x80,0x50,0xc8,0x00,0x00,0x00,0x00,0x00,0x00,0x00,0x00,0x00,0x00,0x00,0x01,0x00,0x01,0x02,0x02,0x06,0x03,0x00,0x00,0x00,0x00,0x00,
    0x00,0x00,0x01,0x00,0x20,0x00,0x04,0x00,0x90,0xb8,0x24,0x03,0xbe,0x58,0xa4,0xfc,0x64,0x00,0x40,0x62,0x80,0x00,0x00,0x40,0x00,0x00,0x00,0x00,0x00,0x00,0x00,0x00,
    0x00,0x00,0x00,0x00,0x01,0x02,0xf8,0x00,0x00,0x00,0x00,0x00,0x20,0x00,0x00,0x01,0x00,0x04,0xf0,0x00,0x00,0x00,0x00,0x00,0x00,0x00,0x00,0x03,0x04,0x30,0x40,0x80,
    0x00,0x00,0x00,0x00,0x00,0x00,0x00,0x07,0x18,0x00,0x80,0x00,0x00,0x00,0x00,0x00,0x00,0x00,0x00,0x0f,0x30,0x40,0x00,0x00,0x00,0x10,0x00,0x00,0x00,0x00,0x00,0x3c,
    0x04,0x00,0x00,0x00,0x00,0x00,0x01,0x02,0x01,0x02,0x00,0x80,0x00,0x01,0xe0,0x00,0x80,0x81,0x00,0x01,0x00,0x00,0x00,0x00,0x10,0x00,0x08,0x00,0x00,0x20,0x00,0x00,
    0x00,0x00,0x08,0x40,0x00,0x21,0x02,0x00,0xa8,0x20,0xf0,0x00,0x88,0x00,0x17,0x40,0x02,0x0a,0x08,0x00,0x80,0x81,0x01,0x81,0x00,0x00,0x00,0x00,0x00,0x00,0x00,0x00,
    0x00,0x00,0x00,0x78,0x04,0x02,0x00,0x00,0x00,0x30,0x00,0x00,0x00,0x00,0x00,0x00,0x08,0x02,0x03,0x00,0x00,0x00,0x00,0x00,0x00,0x00,0x00,0x00,0x08,0x08,0x06,0x01,
    0x00,0x00,0x00,0x00,0x00,0x01,0x00,0x80,0x30,0x08,0x05,0x02,0x00,0x80,0x00,0x00,0x00,0x00,0x00,0x80,0x40,0x30,0x0b,0x04,0x00,0x00,0x00,0x20,0x08,0x00,0x00,0x00,
    0x00,0x00,0x00,0x00,0x00,0x00,0x00,0x00,0x00,0x00,0x20,0x04,0x11,0x0d,0x03,0x03,0x84,0x0c,0x00,0x00,0x00,0x00,0x00,0x00,0x00,0x00,0x00,0x00,0x00,0x00,0x00,0x40,
    0x00,0x00,0x00,0x02,0x11,0x00,0x80,0x00,0x24,0x0c,0x70,0xa3,0xc0,0x13,0xa0,0x01,0x00,0x00,0xa0,0x00,0x90,0x00,0x00,0x00,0x00,0x0c,0x00,0x00,0x00,0x00,0x00,0x00,
    0x10,0x00,0x00,0x00,0x01,0x0c,0xf0,0x00,0x00,0x00,0x00,0x00,0x00,0x00,0x00,0x00,0x00,0x10,0xe0,0x00,0x00,0x00,0x00,0x00,0x00,0x00,0x00,0x07,0x08,0x10,0x40,0x80,
    0x00,0x00,0x00,0x00,0x00,0x00,0x00,0x00,0x10,0x60,0x00,0x00,0x00,0x00,0x00,0x00,0x00,0x00,0x04,0x1a,0x20,0x40,0x80,0x00,0x00,0x00,0x00,0x80,0x00,0x00,0x08,0x32
  },
  { // 38
    0x02,0x00,0x00,0x20,0x00,0x04,0x00,0x00,0x00,0x18,0x24,0x18,0x00,0x00,0x00,0x00,0x00,0x00,0x00,0x00,0x00,0x00,0xc0,0x20,0xa0,0x10,0xe0,0x01,0x00,0x00,0x00,0x00,
    0x20,0x04,0x00,0x00,0x12,0x80,0x00,0x00,0x02,0x40,0xa8,0x18,0x08,0x25,0x0e,0x91,0x04,0x22,0x00,0xf4,0x00,0x00,0x00,0x01,0x00,0x00,0x00,0x00,0x00,0x00,0x00,0x00,
    0x00,0x00,0x70,0x00,0x00,0x00,0x00,0x00,0x00,0x00,0x00,0x00,0x00,0x00,0x00,0x08,0x04,0x02,0x00,0x00,0x00,0x00,0x00,0x00,0x00,0x00,0xc0,0x30,0x08,0x00,0x03,0x00,
    0x00,0x00,0x00,0x00,0x00,0x00,0x80,0x60,0x20,0x08,0x07,0x00,0x00,0x00,0x00,0x10,0x00,0x00,0x00,0x80,0x20,0x19,0x06,0x00,0x00,0x00,0x00,0x00,0x00,0x00,0x00,0x00,
    0x00,0x20,0x00,0x00,0x00,0x00,0x80,0x50,0xc8,0x00,0x00,0x00,0x00,0x00,0x00,0x00,0x00,0x00,0x00,0x00,0x01,0x00,0x01,0x02,0x02,0x06,0x03,0x00,0x00,0x00,0x00,0x00,
    0x00,0x00,0x01,0x00,0x20,0x00,0x04,0x00,0x90,0xb8,0x24,0x03,0xab,0x36,0x48,0xb7,0xe4,0x00,0x40,0x62,0x80,0x00,0x00,0x40,0x00,0x00,0x00,0x00,0x00,0x00,0x80,0x00,
    0x00,0x00,0x00,0x00,0x01,0x06,0xf8,0x00,0x00,0x00,0x00,0x00,0x20,0x00,0x00,0x01,0x00,0x08,0xf0,0x00,0x00,0x00,0x00,0x00,0x00,0x00,0x00,0x03,0x04,0x30,0x40,0x80,
    0x00,0x00,0x00,0x00,0x00,0x00,0x00,0x07,0x18,0x40,0x80,0x00,0x00,0x00,0x00,0x00,0x00,0x00,0x00,0x1f,0x20,0x40,0x00,0x00,0x00,0x10,0x00,0x00,0x00,0x00,0x00,0x3c,
    0x04,0x00,0x00,0x00,0x00,0x00,0x01,0x02,0x01,0x02,0x00,0x80,0x00,0x01,0xe0,0x00,0x80,0x81,0x00,0x01,0x00,0x00,0x00,0x00,0x10,0x00,0x08,0x00,0x00,0x20,0x00,0x00,
    0x00,0x00,0x08,0x40,0x00,0x21,0x02,0x00,0xa8,0x20,0x20,0xf0,0x28,0x08,0x32,0x47,0x02,0x09,0x08,0x08,0x80,0x80,0x01,0x01,0x00,0x00,0x00,0x00,0x00,0x00,0x00,0x00,
    0x00,0x00,0x10,0xe8,0x06,0x00,0x00,0x00,0x10,0x20,0x00,0x00,0x00,0x00,0x00,0x08,0x00,0x02,0x01,0x00,0x00,0x00,0x00,0x00,0x00,0x00,0x00,0x00,0x08,0x00,0x07,0x00,
    0x00,0x00,0x00,0x00,0x01,0x00,0x00,0x80,0x30,0x08,0x07,0x00,0x00,0x80,0x00,0x00,0x00,0x00,0x00,0x80,0x40,0x30,0x0f,0x00,0x00,0x00,0x00,0x20,0x08,0x00,0x00,0x00,
    0x00,0x00,0x00,0x00,0x00,0x00,0x00,0x00,0x00,0x00,0x20,0x04,0x11,0x0d,0x03,0x03,0x84,0x0c,0x00,0x00,0x00,0x00,0x00,0x00,0x00,0x00,0x00,0x00,0x00,0x00,0x00,0x40,
    0x00,0x00,0x00,0x02,0x11,0x00,0x80,0x00,0x24,0x00,0x6c,0xb2,0xa3,0x50,0x21,0x81,0x00,0x18,0xe0,0x02,0x90,0x00,0x00,0x00,0x00,0x00,0x00,0x00,0x00,0x00,0x00,0x10,
    0x00,0x00,0x00,0x00,0x01,0xfc,0x00,0x00,0x00,0x00,0x00,0x00,0x00,0x00,0x00,0x00,0x00,0x30,0xc0,0x00,0x00,0x00,0x00,0x00,0x00,0x00,0x00,0x07,0x08,0x10,0xc0,0x00,
    0x00,0x00,0x00,0x00,0x00,0x00,0x00,0x00,0x30,0x40,0x00,0x00,0x00,0x00,0x00,0x00,0x00,0x00,0x0c,0x12,0x20,0x00,0x80,0x00,0x00,0x00,0x00,0x80,0x00,0x00,0x08,0x22
  },
  { // 39
    0x02,0x00,0x00,0x20,0x00,0x04,0x00,0x00,0x00,0x18,0x24,0x18,0x00,0x00,0x00,0x00,0x00,0x00,0x00,0x00,0x00,0x00,0xc0,0x20,0xa0,0x10,0xe0,0x01,0x00,0x00,0x00,0x00,
    0x20,0x04,0x00,0x00,0x12,0x80,0x00,0x00,0x02,0x00,0xe8,0xb8,0x18,0x28,0x07,0x96,0x20,0x02,0x00,0xdc,0x00,0x00,0x00,0x01,0x00,0x00,0x00,0x00,0x00,0x00,0x00,0x00,
    0x00,0x00,0x70,0x00,0x00,0x00,0x00,0x00,0x00,0x00,0x00,0x00,0x00,0x00,0x00,0x08,0x04,0x02,0x00,0x00,0x00,0x00,0x00,0x00,0x00,0x00,0xe0,0x10,0x08,0x00,0x03,0x00,
    0x00,0x00,0x00,0x00,0x00,0x00,0xc0,0x20,0x00,0x08,0x07,0x00,0x00,0x00,0x10,0x11,0x00,0x00,0x00,0x80,0x20,0x19,0x06,0x00,0x00,0x00,0x00,0x00,0x00,0x00,0x00,0x00,
    0x00,0x20,0x00,0x00,0x00,0x00,0x80,0x50,0xc8,0x00,0x00,0x00,0x00,0x00,0x00,0x00,0x00,0x00,0x00,0x00,0x01,0x00,0x01,0x02,0x02,0x06,0x03,0x00,0x00,0x00,0x00,0x00,
    0x00,0x00,0x01,0x00,0x20,0x00,0x04,0x00,0x90,0xb8,0x24,0x03,0x88,0x27,0x3e,0x49,0xa4,0x80,0x40,0x63,0x80,0x00,0x00,0x40,0x00,0x00,0x80,0x00,0x00,0x00,0x00,0x00,
    0x00,0x00,0x00,0x00,0x01,0x06,0xf8,0x00,0x00,0x00,0x00,0x00,0x20,0x00,0x00,0x01,0x04,0x18,0xe0,0x00,0x00,0x00,0x00,0x00,0x00,0x00,0x00,0x03,0x00,0x30,0xc0,0x00,
    0x00,0x00,0x00,0x00,0x00,0x00,0x00,0x07,0x10,0x40,0x80,0x00,0x00,0x00,0x00,0x00,0x00,0x00,0x00,0x1f,0x40,0x00,0x00,0x00,0x00,0x10,0x00,0x00,0x00,0x00,0x00,0x3e,
    0x04,0x00,0x00,0x00,0x00,0x00,0x01,0x02,0x01,0x02,0x00,0x80,0x00,0x01,0xe0,0x00,0x80,0x81,0x00,0x01,0x00,0x00,0x00,0x00,0x10,0x00,0x08,0x00,0x00,0x20,0x00,0x00,
    0x00,0x00,0x08,0x40,0x00,0x21,0x02,0x00,0xa8,0x20,0x20,0x00,0xf8,0x60,0x1a,0xc0,0x87,0x0b,0x08,0x08,0x80,0x80,0x01,0x01,0x00,0x00,0x00,0x00,0x00,0x00,0x00,0x01,
    0x00,0x00,0x10,0xe8,0x06,0x00,0x00,0x00,0x30,0x00,0x00,0x00,0x00,0x00,0x00,0x08,0x00,0x02,0x01,0x00,0x00,0x00,0x00,0x00,0x00,0x00,0x00,0x00,0x08,0x04,0x03,0x00,
    0x00,0x00,0x00,0x00,0x01,0x00,0x80,0x00,0x30,0x08,0x07,0x00,0x00,0x80,0x00,0x00,0x00,0x00,0x00,0x80,0x60,0x30,0x0f,0x00,0x00,0x00,0x00,0x20,0x08,0x00,0x00,0x00,
    0x00,0x00,0x00,0x00,0x00,0x00,0x00,0x00,0x00,0x00,0x20,0x04,0x11,0x0d,0x03,0x03,0x84,0x0c,0x00,0x00,0x00,0x00,0x00,0x00,0x00,0x00,0x00,0x00,0x00,0x00,0x00,0x40,
    0x00,0x00,0x00,0x02,0x11,0x00,0x80,0x00,0x24,0x00,0x60,0x8e,0xb2,0x23,0x40,0x01,0x80,0x18,0x40,0x82,0x90,0x00,0x00,0x00,0x00,0x00,0x00,0x00,0x00,0x00,0x80,0x10,
    0x00,0x00,0x00,0x00,0x01,0xfc,0x00,0x00,0x00,0x00,0x00,0x00,0x00,0x00,0x00,0x00,0x00,0x30,0xc0,0x00,0x00,0x00,0x00,0x00,0x00,0x00,0x00,0x07,0x18,0x00,0xc0,0x00,
    0x00,0x00,0x00,0x00,0x00,0x00,0x00,0x00,0x30,0x40,0x00,0x00,0x00,0x00,0x00,0x00,0x00,0x00,0x0e,0x30,0x40,0x80,0x00,0x00,0x00,0x00,0x00,0x80,0x00,0x00,0x18,0x22
  },
  { // 40
    0x02,0x00,0x00,0x20,0x00,0x04,0x00,0x00,0x00,0x18,0x24,0x18,0x00,0x00,0x00,0x00,0x00,0x00,0x00,0x00,0x00,0x00,0xc0,0x20,0xa0,0x10,0xe0,0x01,0x00,0x00,0x00,0x00,
    0x20,0x04,0x00,0x00,0x12,0x80,0x00,0x00,0x02,0x00,0xa8,0xc8,0xb8,0x18,0x0a,0xe5,0x27,0x02,0x40,0xcc,0x00,0x00,0x00,0x00,0x00,0x00,0x00,0x00,0x00,0x00,0x00,0x00,
    0x00,0x00,0x70,0x00,0x00,0x00,0x00,0x00,0x00,0x00,0x00,0x00,0x00,0x00,0x00,0x08,0x04,0x02,0x00,0x00,0x00,0x00,0x00,0x00,0x00,0x00,0xe0,0x10,0x08,0x00,0x03,0x00,
    0x00,0x00,0x00,0x00,0x00,0x00,0xc0,0x20,0x00,0x08,0x07,0x00,0x00,0x00,0x10,0x01,0x00,0x00,0x00,0x80,0x20,0x19,0x06,0x00,0x00,0x00,0x00,0x00,0x00,0x00,0x00,0x00,
    0x00,0x20,0x00,0x00,0x00,0x00,0x80,0x50,0xc8,0x00,0x00,0x00,0x00,0x00,0x00,0x00,0x00,0x00,0x00,0x00,0x01,0x00,0x01,0x02,0x02,0x06,0x03,0x00,0x00,0x00,0x00,0x00,
    0x00,0x00,0x01,0x00,0x20,0x00,0x04,0x00,0x90,0xb8,0x04,0x0b,0x9c,0x08,0x27,0x3a,0xc4,0x20,0x80,0x63,0x81,0x10,0x00,0x40,0x00,0x00,0x80,0x00,0x00,0x00,0x00,0x00,
    0x00,0x80,0x00,0x00,0x03,0xac,0x50,0x00,0x00,0x00,0x00,0x20,0x00,0x00,0x00,0x01,0x04,0x38,0xc0,0x00,0x00,0x00,0x00,0x00,0x00,0x00,0x00,0x07,0x00,0x30,0xc0,0x00,
    0x00,0x00,0x00,0x00,0x00,0x00,0x03,0x0c,0x10,0x40,0x80,0x00,0x00,0x00,0x00,0x00,0x00,0x00,0x04,0x3b,0x40,0x00,0x00,0x00,0x00,0x10,0x00,0x00,0x00,0x00,0x00,0x3e,
    0x04,0x00,0x00,0x00,0x00,0x00,0x01,0x02,0x01,0x02,0x00,0x80,0x00,0x01,0xe0,0x00,0x80,0x81,0x00,0x01,0x00,0x00,0x00,0x00,0x10,0x00,0x08,0x00,0x00,0x20,0x00,0x00,
    0x00,0x00,0x08,0x40,0x00,0x21,0x02,0x00,0xa8,0x20,0x00,0x00,0x88,0x90,0xf2,0x08,0x80,0x0f,0x0b,0x08,0x84,0x80,0x01,0x21,0x00,0x00,0x08,0x00,0x00,0x00,0x00,0x01,
    0x00,0x00,0x10,0xec,0x06,0x00,0x00,0x00,0x30,0x00,0x00,0x00,0x00,0x00,0x00,0x08,0x00,0x02,0x01,0x00,0x00,0x00,0x00,0x00,0x00,0x00,0x00,0x00,0x08,0x04,0x03,0x00,
    0x00,0x00,0x00,0x00,0x01,0x00,0x80,0x20,0x30,0x08,0x07,0x00,0x00,0x80,0x00,0x00,0x00,0x00,0x00,0x80,0x60,0x18,0x07,0x00,0x00,0x00,0x00,0x20,0x08,0x00,0x00,0x00,
    0x00,0x00,0x00,0x00,0x00,0x00,0x00,0x00,0x00,0x00,0x20,0x04,0x11,0x0d,0x03,0x03,0x84,0x0c,0x00,0x00,0x00,0x00,0x00,0x00,0x00,0x00,0x00,0x00,0x00,0x00,0x00,0x40,
    0x00,0x00,0x00,0x02,0x11,0x00,0x80,0x00,0x24,0x00,0x60,0x8e,0x8c,0x32,0x23,0x40,0x80,0x98,0x00,0x82,0x80,0x00,0x80,0x10,0x00,0x00,0x40,0x00,0x01,0x00,0x80,0x10,
    0x00,0x00,0x00,0x00,0x05,0xf8,0x00,0x00,0x00,0x00,0x00,0x00,0x00,0x00,0x00,0x00,0x00,0x30,0xc0,0x00,0x00,0x00,0x00,0x00,0x00,0x00,0x00,0x0f,0x10,0x40,0x80,0x00,
    0x00,0x00,0x00,0x00,0x00,0x00,0x00,0x10,0x20,0x40,0x00,0x00,0x00,0x00,0x00,0x00,0x00,0x00,0x0e,0x30,0x40,0x80,0x00,0x00,0x00,0x00,0x00,0x80,0x00,0x00,0x18,0x63
  },
  { // 41
    0x02,0x00,0x00,0x20,0x00,0x04,0x00,0x00,0x00,0x18,0x24,0x18,0x00,0x00,0x00,0x00,0x00,0x00,0x00,0x00,0x00,0x00,0xc0,0x20,0xa0,0x10,0xe0,0x01,0x00,0x00,0x00,0x00,
    0x20,0x04,0x00,0x00,0x12,0x80,0x00,0x00,0x02,0x00,0xa8,0x88,0xc8,0xb0,0x1a,0x68,0x20,0x07,0x42,0xcc,0x00,0x00,0x00,0x0a,0x00,0x00,0x00,0x00,0x00,0x00,0x00,0x00,
    0x00,0x00,0x70,0x00,0x00,0x00,0x00,0x00,0x00,0x00,0x00,0x00,0x00,0x00,0x00,0x08,0x04,0x02,0x00,0x00,0x00,0x00,0x00,0x00,0x00,0x00,0xe0,0x10,0x08,0x00,0x03,0x00,
    0x00,0x00,0x00,0x00,0x00,0x00,0xc0,0x20,0x08,0x0c,0x06,0x00,0x00,0x00,0x10,0x01,0x00,0x00,0x00,0x80,0x20,0x19,0x06,0x00,0x00,0x00,0x00,0x00,0x00,0x00,0x00,0x00,
    0x00,0x20,0x00,0x00,0x00,0x00,0x80,0x50,0xc8,0x00,0x00,0x00,0x00,0x00,0x00,0x00,0x00,0x00,0x00,0x00,0x01,0x00,0x01,0x02,0x02,0x06,0x03,0x00,0x00,0x00,0x00,0x00,
    0x00,0x00,0x01,0x00,0x20,0x00,0x04,0x00,0x90,0xb8,0x04,0x03,0x88,0x14,0x2a,0x37,0xb8,0x42,0x40,0xa3,0x01,0x10,0x00,0xc0,0x00,0x00,0x80,0x00,0x00,0x00,0x00,0x00,
    0x00,0x80,0x00,0x00,0x03,0xfc,0x00,0x00,0x00,0x00,0x00,0x20,0x00,0x00,0x00,0x01,0x04,0x38,0xc0,0x00,0x00,0x00,0x00,0x00,0x00,0x00,0x01,0x06,0x10,0x20,0xc0,0x00,
    0x00,0x00,0x00,0x00,0x00,0x00,0x07,0x08,0x00,0x40,0x80,0x00,0x00,0x00,0x00,0x00,0x00,0x00,0x06,0x31,0x40,0x00,0x00,0x00,0x00,0x10,0x00,0x00,0x00,0x00,0x1c,0x62,
    0x04,0x00,0x00,0x00,0x00,0x00,0x01,0x02,0x01,0x02,0x00,0x80,0x00,0x01,0xe0,0x00,0x80,0x81,0x00,0x01,0x00,0x00,0x00,0x00,0x10,0x00,0x08,0x00,0x00,0x20,0x00,0x00,
    0x00,0x00,0x08,0x40,0x00,0x21,0x02,0x00,0xa8,0x20,0x00,0x00,0x88,0x00,0xb0,0xf0,0x08,0x00,0x5f,0x03,0x84,0x84,0x01,0x21,0x00,0x00,0x08,0x00,0x00,0x80,0x20,0x01,
    0x00,0x00,0x38,0xc4,0x02,0x00,0x00,0x00,0x30,0x00,0x00,0x00,0x00,0x00,0x00,0x08,0x00,0x03,0x01,0x00,0x00,0x00,0x00,0x00,0x00,0x00,0x00,0x00,0x08,0x04,0x03,0x00,
    0x00,0x00,0x00,0x00,0x01,0x00,0x80,0x20,0x10,0x08,0x07,0x00,0x80,0x80,0x00,0x00,0x00,0x00,0x00,0x80,0x60,0x18,0x07,0x00,0x00,0x00,0x00,0x28,0x00,0x00,0x00,0x00,
    0x00,0x00,0x00,0x00,0x00,0x00,0x00,0x00,0x00,0x00,0x20,0x04,0x11,0x0d,0x03,0x03,0x84,0x0c,0x00,0x00,0x00,0x00,0x00,0x00,0x00,0x00,0x00,0x00,0x00,0x00,0x00,0x40,
    0x00,0x00,0x00,0x02,0x11,0x00,0x80,0x00,0x24,0x00,0x60,0x8e,0x8c,0x0c,0x32,0x23,0xc0,0x18,0x80,0x01,0x80,0x00,0x80,0x10,0x00,0x00,0x40,0x00,0x01,0x00,0x80,0x10,
    0x00,0x00,0x00,0x00,0x05,0xf8,0x00,0x00,0x00,0x00,0x00,0x00,0x00,0x00,0x00,0x00,0x00,0x70,0x80,0x00,0x00,0x00,0x00,0x00,0x00,0x00,0x01,0x0e,0x10,0x40,0x80,0x00,
    0x00,0x00,0x00,0x00,0x00,0x00,0x00,0x10,0x20,0x40,0x00,0x00,0x00,0x00,0x00,0x00,0x00,0x00,0x0e,0x30,0x40,0x80,0x00,0x00,0x00,0x00,0x00,0x80,0x00,0x00,0x38,0x43
  },
  { // 42
    0x02,0x00,0x00,0x20,0x00,0x04,0x00,0x00,0x00,0x18,0x24,0x18,0x00,0x00,0x00,0x00,0x00,0x00,0x00,0x00,0x00,0x00,0xc0,0x20,0xa0,0x10,0xe0,0x01,0x00,0x00,0x00,0x00,
    0x20,0x04,0x00,0x00,0x12,0x80,0x00,0x00,0x02,0x00,0xa8,0x88,0x88,0x40,0xf0,0x98,0x28,0x00,0x47,0x4a,0x20,0x10,0x04,0x0a,0x00,0x00,0x00,0x10,0x00,0x00,0x04,0x00,
    0x00,0x00,0x70,0x00,0x00,0x00,0x00,0x00,0x00,0x00,0x00,0x00,0x00,0x00,0x00,0x08,0x04,0x02,0x00,0x00,0x00,0x00,0x00,0x00,0x00,0x40,0xe0,0x18,0x08,0x03,0x00,0x00,
    0x00,0x00,0x00,0x00,0x00,0x00,0xc0,0x20,0x08,0x05,0x02,0x00,0x00,0x00,0x10,0x01,0x00,0x00,0x00,0x80,0x30,0x0f,0x00,0x00,0x00,0x00,0x00,0x00,0x00,0x00,0x00,0x00,
    0x00,0x20,0x00,0x00,0x00,0x00,0x80,0x50,0xc8,0x00,0x00,0x00,0x00,0x00,0x00,0x00,0x00,0x00,0x00,0x00,0x01,0x00,0x01,0x02,0x02,0x06,0x03,0x00,0x00,0x00,0x00,0x00,
    0x00,0x00,0x01,0x00,0x20,0x00,0x04,0x00,0x90,0xb8,0x04,0x03,0x88,0x14,0x2a,0x00,0xbf,0x38,0x41,0x63,0x91,0x10,0x00,0xc0,0x00,0x00,0x80,0x00,0x00,0x00,0x00,0x00,
    0x00,0x00,0x00,0x00,0x03,0xf8,0x00,0x00,0x00,0x00,0x00,0x20,0x00,0x00,0x00,0x01,0x0c,0x30,0xc0,0x00,0x00,0x00,0x00,0x00,0x00,0x00,0x01,0x06,0x10,0x60,0x80,0x00,
    0x00,0x00,0x00,0x00,0x00,0x00,0x07,0x18,0x00,0x40,0x80,0x00,0x00,0x00,0x00,0x00,0x00,0x00,0x0e,0x31,0x40,0x00,0x00,0x00,0x10,0x00,0x00,0x00,0x00,0x00,0x3c,0x42,
    0x04,0x00,0x00,0x00,0x00,0x00,0x01,0x02,0x01,0x02,0x00,0x80,0x00,0x01,0xe0,0x00,0x80,0x81,0x00,0x01,0x00,0x00,0x00,0x00,0x10,0x00,0x08,0x00,0x00,0x20,0x00,0x00,
    0x00,0x00,0x08,0x40,0x00,0x21,0x02,0x00,0xa8,0x20,0x00,0x00,0x88,0x00,0x20,0x00,0xf8,0x68,0x12,0x47,0x83,0x84,0x01,0x21,0x00,0x00,0x08,0x00,0x00,0x80,0x00,0x01,
    0x00,0x00,0x38,0xc4,0x02,0x00,0x00,0x00,0x30,0x00,0x00,0x00,0x00,0x00,0x00,0x08,0x00,0x03,0x00,0x00,0x00,0x00,0x00,0x00,0x00,0x00,0x00,0x00,0x08,0x06,0x03,0x00,
    0x00,0x00,0x00,0x00,0x01,0x00,0x80,0x20,0x10,0x08,0x07,0x00,0x80,0x00,0x00,0x00,0x00,0x00,0x00,0x80,0x60,0x19,0x06,0x00,0x00,0x00,0x00,0x28,0x00,0x00,0x00,0x00,
    0x00,0x00,0x00,0x00,0x00,0x00,0x00,0x00,0x00,0x00,0x20,0x04,0x11,0x0d,0x03,0x03,0x84,0x0c,0x00,0x00,0x00,0x00,0x00,0x00,0x00,0x00,0x00,0x00,0x00,0x00,0x00,0x40,
    0x00,0x00,0x00,0x02,0x11,0x00,0x80,0x00,0x24,0x00,0x60,0xae,0xd8,0x2c,0x2e,0x32,0xa5,0x58,0x00,0x81,0x00,0x80,0x84,0x50,0x00,0x08,0xc0,0x00,0x01,0x00,0x80,0x10,
    0x00,0x00,0x00,0x00,0x0d,0xf0,0x00,0x00,0x00,0x00,0x00,0x00,0x00,0x00,0x00,0x00,0x00,0xf0,0x00,0x00,0x00,0x00,0x00,0x00,0x00,0x00,0x03,0x08,0x10,0x40,0x80,0x00,
    0x00,0x00,0x00,0x00,0x00,0x00,0x00,0x10,0x20,0x40,0x00,0x00,0x00,0x00,0x00,0x00,0x00,0x04,0x1a,0x20,0x40,0x80,0x00,0x00,0x00,0x00,0x00,0x00,0x00,0x08,0x32,0x41
  },
  { // 43
    0x02,0x00,0x00,0x20,0x00,0x04,0x00,0x00,0x00,0x18,0x24,0x18,0x00,0x00,0x00,0x00,0x00,0x00,0x00,0x00,0x00,0x00,0xc0,0x20,0xa0,0x10,0xe0,0x01,0x00,0x00,0x00,0x00,
    0x20,0x04,0x00,0x00,0x12,0x80,0x00,0x00,0x02,0x00,0xa8,0x88,0x88,0x00,0x60,0xf0,0x98,0x08,0x62,0x45,0x22,0x14,0x04,0x0a,0x90,0x02,0x00,0x10,0x02,0x00,0x04,0x01,
    0x00,0x00,0x70,0x00,0x00,0x00,0x00,0x00,0x00,0x00,0x00,0x00,0x00,0x00,0x08,0x00,0x04,0x02,0x00,0x00,0x00,0x00,0x00,0x00,0x00,0x40,0xb0,0x18,0x00,0x03,0x00,0x00,
    0x00,0x00,0x00,0x00,0x00,0x00,0xc0,0x20,0x08,0x05,0x02,0x00,0x00,0x00,0x10,0x01,0x00,0x00,0x80,0x80,0x30,0x0f,0x00,0x00,0x00,0x00,0x00,0x00,0x00,0x00,0x00,0x80,
    0x00,0x20,0x00,0x00,0x00,0x00,0x80,0x50,0xc8,0x00,0x00,0x00,0x00,0x00,0x00,0x00,0x00,0x00,0x00,0x00,0x01,0x00,0x01,0x02,0x02,0x06,0x03,0x00,0x00,0x00,0x00,0x00,
    0x00,0x00,0x01,0x00,0x20,0x00,0x04,0x00,0x90,0xb8,0x04,0x03,0x88,0x14,0x2a,0x00,0x8c,0x3f,0x00,0x73,0xd1,0x91,0x00,0xc4,0x00,0x00,0x80,0x00,0x00,0x00,0x20,0x00,
    0x00,0x00,0x00,0x01,0x06,0xf8,0x00,0x00,0x00,0x00,0x00,0x20,0x00,0x00,0x00,0x01,0x08,0x70,0x80,0x00,0x00,0x00,0x00,0x00,0x00,0x00,0x03,0x04,0x10,0x40,0x80,0x00,
    0x00,0x00,0x00,0x00,0x00,0x00,0x07,0x18,0x00,0x40,0x80,0x00,0x00,0x00,0x00,0x00,0x00,0x00,0x1f,0x20,0x40,0x00,0x00,0x00,0x10,0x00,0x00,0x00,0x00,0x00,0x3c,0x42,
    0x04,0x00,0x00,0x00,0x00,0x00,0x01,0x02,0x01,0x02,0x00,0x80,0x00,0x01,0xe0,0x00,0x80,0x81,0x00,0x01,0x00,0x00,0x00,0x00,0x10,0x00,0x08,0x00,0x00,0x20,0x00,0x00,
    0x00,0x00,0x08,0x40,0x00,0x21,0x02,0x00,0xa8,0x20,0x00,0x00,0x88,0x00,0x80,0x00,0x88,0x90,0x6a,0x00,0x87,0x81,0x00,0x21,0x20,0x00,0x08,0x00,0x00,0x00,0x00,0x05,
    0x00,0x00,0x38,0xc0,0x02,0x00,0x00,0x00,0x30,0x00,0x00,0x00,0x00,0x00,0x00,0x08,0x02,0x03,0x00,0x00,0x00,0x00,0x00,0x00,0x00,0x00,0x00,0x00,0x08,0x06,0x01,0x00,
    0x00,0x00,0x00,0x00,0x01,0x00,0x80,0x20,0x18,0x04,0x03,0x00,0x80,0x00,0x00,0x00,0x00,0x00,0x00,0xc0,0x70,0x09,0x06,0x00,0x00,0x00,0x00,0x28,0x00,0x00,0x00,0x00,
    0x00,0x00,0x00,0x00,0x00,0x00,0x00,0x00,0x00,0x00,0x20,0x04,0x11,0x0d,0x03,0x03,0x84,0x0c,0x00,0x00,0x00,0x00,0x00,0x00,0x00,0x00,0x00,0x00,0x00,0x00,0x00,0x40,
    0x00,0x00,0x00,0x02,0x11,0x00,0x80,0x00,0x24,0x00,0x60,0x8e,0xa8,0x51,0x2e,0x09,0xb6,0x29,0x44,0x81,0x80,0x00,0x87,0xd0,0x80,0x48,0x80,0x02,0x01,0x00,0x80,0x00,
    0x00,0x00,0x00,0x00,0x8d,0x70,0x00,0x00,0x00,0x00,0x00,0x00,0x00,0x00,0x00,0x00,0x10,0xe0,0x00,0x00,0x00,0x00,0x00,0x00,0x00,0x00,0x07,0x08,0x10,0x40,0x80,0x00,
    0x00,0x00,0x00,0x00,0x00,0x00,0x00,0x10,0x20,0x00,0x00,0x00,0x00,0x00,0x00,0x00,0x00,0x04,0x12,0x20,0x40,0x80,0x00,0x00,0x00,0x00,0x80,0x00,0x00,0x08,0x32,0x41
  },
  { // 44
    0x02,0x00,0x00,0x20,0x00,0x04,0x00,0x00,0x00,0x18,0x24,0x18,0x00,0x00,0x00,0x00,0x00,0x00,0x00,0x00,0x00,0x00,0xc0,0x20,0xa0,0x10,0xe0,0x01,0x00,0x00,0x00,0x00,
    0x20,0x04,0x00,0x00,0x12,0x80,0x00,0x00,0x02,0x00,0xa8,0x88,0x88,0x00,0x20,0x00,0xf8,0xb8,0x42,0xc0,0x25,0x13,0x14,0x0a,0x90,0x02,0x22,0x10,0x02,0x00,0x00,0x01,
    0x00,0x10,0x40,0x00,0x00,0x00,0x00,0x00,0x00,0x00,0x00,0x00,0x00,0x00,0x08,0x04,0x06,0x02,0x00,0x00,0x00,0x00,0x00,0x00,0x00,0xc0,0x30,0x08,0x00,0x03,0x00,0x00,
    0x00,0x00,0x00,0x00,0x00,0x00,0xc0,0x20,0x08,0x07,0x00,0x00,0x00,0x00,0x10,0x01,0x00,0x00,0x80,0x20,0x30,0x0f,0x00,0x00,0x00,0x00,0x00,0x00,0x00,0x00,0x00,0x80,
    0x00,0x20,0x00,0x00,0x00,0x00,0x80,0x50,0xc8,0x00,0x00,0x00,0x00,0x00,0x00,0x00,0x00,0x00,0x00,0x00,0x01,0x00,0x01,0x02,0x02,0x06,0x03,0x00,0x00,0x00,0x00,0x00,
    0x00,0x00,0x01,0x00,0x20,0x00,0x04,0x00,0x90,0xb8,0x04,0x03,0x08,0x08,0x14,0x08,0x88,0x04,0x3b,0x00,0xd1,0x51,0x80,0x44,0x00,0x00,0x80,0x00,0x00,0x00,0x20,0x00,
    0x00,0x00,0x00,0x01,0x06,0x78,0x00,0x00,0x00,0x00,0x00,0x20,0x00,0x00,0x00,0x04,0x18,0x60,0x80,0x00,0x00,0x00,0x00,0x00,0x00,0x00,0x03,0x00,0x30,0x40,0x80,0x00,
    0x00,0x00,0x00,0x00,0x00,0x00,0x0f,0x10,0x00,0xc0,0x00,0x00,0x00,0x00,0x00,0x00,0x00,0x00,0x1f,0x20,0x40,0x00,0x00,0x00,0x10,0x00,0x00,0x00,0x00,0x00,0x3e,0x40,
    0x04,0x00,0x00,0x00,0x00,0x00,0x01,0x02,0x01,0x02,0x00,0x80,0x00,0x01,0xe0,0x00,0x80,0x81,0x00,0x01,0x00,0x00,0x00,0x00,0x10,0x00,0x08,0x00,0x00,0x20,0x00,0x00,
    0x00,0x00,0x08,0x40,0x00,0x21,0x02,0x00,0xa8,0x20,0x00,0x00,0x88,0x00,0x00,0x80,0x88,0x00,0xb2,0x68,0x80,0x87,0x01,0x00,0x20,0x00,0x08,0x80,0x08,0x00,0x00,0x05,
    0x00,0x00,0x10,0xc2,0x00,0x00,0x00,0x00,0x30,0x00,0x00,0x00,0x00,0x00,0x08,0x08,0x02,0x01,0x00,0x00,0x00,0x00,0x00,0x00,0x00,0x00,0x00,0x08,0x04,0x06,0x01,0x00,
    0x00,0x00,0x00,0x00,0x01,0x00,0x80,0x30,0x18,0x04,0x03,0x00,0x80,0x00,0x00,0x00,0x00,0x00,0x80,0xc0,0x30,0x0f,0x00,0x00,0x00,0x00,0x20,0x28,0x00,0x00,0x00,0x80,
    0x00,0x00,0x00,0x00,0x00,0x00,0x00,0x00,0x00,0x00,0x20,0x04,0x11,0x0d,0x03,0x03,0x84,0x0c,0x00,0x00,0x00,0x00,0x00,0x00,0x00,0x00,0x00,0x00,0x00,0x00,0x00,0x40,
    0x00,0x00,0x00,0x02,0x11,0x00,0x80,0x00,0x24,0x00,0x60,0x8e,0xa8,0x50,0x23,0x0e,0x89,0x36,0x25,0x40,0x80,0x88,0x47,0x90,0x80,0x48,0x80,0x0a,0x00,0x00,0x80,0x00,
    0x00,0x00,0x00,0x01,0xfc,0x00,0x00,0x00,0x00,0x00,0x00,0x00,0x00,0x00,0x00,0x00,0x10,0xe0,0x00,0x00,0x00,0x00,0x00,0x00,0x00,0x00,0x07,0x08,0x10,0xc0,0x00,0x00,
    0x00,0x00,0x00,0x00,0x00,0x00,0x00,0x10,0x60,0x00,0x00,0x00,0x00,0x00,0x00,0x00,0x00,0x0c,0x12,0x20,0x40,0x00,0x00,0x00,0x00,0x00,0x80,0x00,0x00,0x08,0x32,0x41
  },
  { // 45
    0x02,0x00,0x00,0x20,0x00,0x04,0x00,0x00,0x00,0x18,0x24,0x18,0x00,0x00,0x00,0x00,0x00,0x00,0x00,0x00,0x00,0x00,0xc0,0x20,0xa0,0x10,0xe0,0x01,0x00,0x00,0x00,0x00,
    0x20,0x04,0x00,0x00,0x12,0x80,0x00,0x00,0x02,0x00,0xa8,0x88,0x88,0x00,0x20,0x00,0x88,0x70,0xb8,0x40,0x20,0x15,0x33,0x08,0x92,0x02,0x22,0x10,0x02,0x00,0x00,0x01,
    0x80,0x30,0x40,0x00,0x00,0x02,0x00,0x00,0x00,0x00,0x00,0x00,0x00,0x00,0x08,0x04,0x02,0x00,0x00,0x00,0x10,0x00,0x00,0x02,0x00,0xc0,0x30,0x08,0x00,0x03,0x00,0x00,
    0x00,0x00,0x00,0x00,0x00,0x80,0xe0,0x00,0x08,0x07,0x00,0x00,0x00,0x00,0x00,0x06,0x00,0x00,0x80,0x20,0x18,0x07,0x00,0x00,0x00,0x00,0x00,0x00,0x00,0x00,0x00,0xc0,
    0x00,0x20,0x00,0x00,0x00,0x00,0x80,0x50,0xc8,0x00,0x00,0x00,0x00,0x00,0x00,0x00,0x00,0x00,0x00,0x00,0x01,0x00,0x01,0x02,0x02,0x06,0x03,0x00,0x00,0x00,0x00,0x00,
    0x00,0x00,0x01,0x00,0x20,0x00,0x04,0x00,0x90,0xb8,0x04,0x03,0x08,0x08,0x14,0x08,0x88,0x00,0x2e,0x3b,0x80,0x41,0x41,0xa4,0x00,0x00,0x80,0x00,0x00,0x80,0x20,0x08,
    0x00,0x10,0x00,0x01,0x0e,0x70,0x00,0x00,0x00,0x00,0x00,0x00,0x00,0x00,0x01,0x04,0x18,0xe0,0x00,0x00,0x00,0x00,0x00,0x00,0x00,0x00,0x07,0x00,0x30,0x40,0x80,0x00,
    0x00,0x00,0x00,0x00,0x00,0x00,0x0f,0x10,0x00,0x80,0x00,0x00,0x00,0x20,0x00,0x00,0x00,0x04,0x1b,0x20,0x40,0x00,0x00,0x00,0x00,0x00,0x00,0x00,0x00,0x0c,0x3e,0x40,
    0x04,0x00,0x00,0x00,0x00,0x00,0x01,0x02,0x01,0x02,0x00,0x80,0x00,0x01,0xe0,0x00,0x80,0x81,0x00,0x01,0x00,0x00,0x00,0x00,0x10,0x00,0x08,0x00,0x00,0x20,0x00,0x00,
    0x00,0x00,0x08,0x40,0x00,0x21,0x02,0x00,0xa8,0x20,0x00,0x00,0x88,0x00,0x00,0x20,0xd8,0x20,0x20,0x90,0x68,0xa0,0x07,0x00,0x20,0x50,0x08,0x82,0x08,0x00,0x00,0x05,
    0x00,0x00,0x00,0x83,0x00,0x00,0x00,0x00,0x00,0x00,0x00,0x00,0x00,0x00,0x08,0x00,0x02,0x01,0x00,0x00,0x00,0x00,0x00,0x00,0x00,0x00,0x00,0x08,0x04,0x03,0x00,0x00,
    0x00,0x00,0x00,0x00,0x00,0x00,0x80,0x30,0x08,0x07,0x00,0x00,0x00,0x00,0x00,0x02,0x00,0x00,0x80,0x40,0x30,0x0f,0x00,0x00,0x00,0x00,0x00,0x00,0x00,0x00,0x00,0x80,
    0x00,0x00,0x00,0x00,0x00,0x00,0x00,0x00,0x00,0x00,0x20,0x04,0x11,0x0d,0x03,0x03,0x84,0x0c,0x00,0x00,0x00,0x00,0x00,0x00,0x00,0x00,0x00,0x00,0x00,0x00,0x00,0x40,
    0x00,0x00,0x00,0x02,0x11,0x00,0x80,0x00,0x24,0x00,0x60,0x8e,0x88,0x00,0x00,0x00,0x8c,0x08,0x32,0x69,0xc0,0x88,0x47,0x10,0x80,0x68,0x80,0x0a,0x00,0x00,0x02,0x00,
    0x00,0x00,0x00,0x01,0x78,0x00,0x00,0x00,0x00,0x04,0x00,0x00,0x00,0x00,0x00,0x00,0x30,0xc0,0x00,0x00,0x00,0x00,0x00,0x00,0x00,0x00,0x07,0x08,0x10,0xc0,0x00,0x00,
    0x00,0x00,0x20,0x00,0x00,0x00,0x00,0x30,0x40,0x00,0x00,0x00,0x00,0x00,0x00,0x00,0x00,0x0e,0x10,0x60,0x80,0x00,0x00,0x02,0x02,0x00,0x00,0x00,0x00,0x18,0x22,0x41
  },
  { // 46
    0x02,0x00,0x00,0x20,0x00,0x04,0x00,0x00,0x00,0x18,0x24,0x18,0x00,0x00,0x00,0x00,0x00,0x00,0x00,0x00,0x00,0x00,0xc0,0x20,0xa0,0x10,0xe0,0x01,0x00,0x00,0x00,0x00,
    0x20,0x04,0x00,0x00,0x12,0x80,0x00,0x00,0x02,0x00,0xa8,0x88,0x88,0x00,0x00,0x00,0x88,0x00,0x60,0xb8,0x00,0x08,0x3e,0x0b,0x10,0x02,0x02,0x11,0x02,0x00,0x00,0x01,
    0x80,0x00,0x80,0x00,0x00,0x06,0x00,0x00,0x00,0x00,0x00,0x00,0x00,0x00,0x08,0x04,0x02,0x00,0x00,0x00,0x10,0x00,0x00,0x02,0x00,0xe0,0x30,0x08,0x00,0x03,0x00,0x00,
    0x00,0x00,0x00,0x00,0x00,0x80,0x60,0x00,0x08,0x07,0x00,0x00,0x00,0x00,0x00,0x06,0x00,0x00,0x80,0x20,0x18,0x06,0x00,0x00,0x00,0x00,0x00,0x00,0x00,0x00,0x00,0xc0,
    0x00,0x20,0x00,0x00,0x00,0x00,0x80,0x50,0xc8,0x00,0x00,0x00,0x00,0x00,0x00,0x00,0x00,0x00,0x00,0x00,0x01,0x00,0x01,0x02,0x02,0x06,0x03,0x00,0x00,0x00,0x00,0x00,
    0x00,0x00,0x01,0x00,0x20,0x00,0x04,0x00,0x90,0xb8,0x04,0x03,0x08,0x08,0x14,0x08,0x88,0x00,0x26,0x0e,0xb1,0x00,0x41,0x64,0x88,0x00,0x80,0x20,0x00,0x80,0x20,0x08,
    0x00,0x10,0x00,0x02,0x3c,0x00,0x00,0x00,0x00,0x00,0x00,0x00,0x00,0x00,0x01,0x04,0x38,0xc0,0x00,0x00,0x00,0x00,0x00,0x00,0x00,0x00,0x07,0x10,0x20,0xc0,0x00,0x00,
    0x00,0x00,0x00,0x00,0x00,0x07,0x08,0x10,0x40,0x80,0x00,0x00,0x00,0x20,0x00,0x00,0x00,0x0e,0x31,0x00,0x00,0x00,0x00,0x00,0x00,0x00,0x00,0x00,0x00,0x1c,0x22,0x40,
    0x04,0x00,0x00,0x00,0x00,0x00,0x01,0x02,0x01,0x02,0x00,0x80,0x00,0x01,0xe0,0x00,0x80,0x81,0x00,0x01,0x00,0x00,0x00,0x00,0x10,0x00,0x08,0x00,0x00,0x20,0x00,0x00,
    0x00,0x00,0x08,0x40,0x00,0x21,0x02,0x00,0xa8,0x20,0x00,0x00,0x88,0x00,0x00,0x00,0xa8,0x50,0x20,0x00,0x99,0x58,0x66,0x07,0x20,0x51,0x0c,0x02,0x08,0x00,0x00,0x05,
    0x00,0x08,0x00,0x03,0x00,0x00,0x00,0x00,0x00,0x00,0x00,0x00,0x00,0x00,0x08,0x00,0x02,0x01,0x00,0x00,0x00,0x00,0x00,0x00,0x00,0x00,0x00,0x08,0x04,0x03,0x00,0x00,
    0x00,0x00,0x00,0x00,0x00,0x00,0x80,0x30,0x08,0x07,0x00,0x00,0x00,0x00,0x00,0x02,0x00,0x00,0x80,0x40,0x30,0x0f,0x00,0x00,0x00,0x00,0x00,0x00,0x00,0x00,0x00,0x80,
    0x00,0x00,0x00,0x00,0x00,0x00,0x00,0x00,0x00,0x00,0x20,0x04,0x11,0x0d,0x03,0x03,0x84,0x0c,0x00,0x00,0x00,0x00,0x00,0x00,0x00,0x00,0x00,0x00,0x00,0x00,0x00,0x40,
    0x00,0x00,0x00,0x02,0x11,0x00,0x80,0x00,0x24,0x00,0x60,0x8e,0x08,0x00,0x00,0x00,0x88,0x0c,0x2a,0x32,0xe9,0x48,0x97,0x52,0x80,0x28,0x80,0x0a,0x40,0x00,0x02,0x00,
    0x00,0x00,0x00,0x04,0x78,0x00,0x00,0x00,0x00,0x04,0x00,0x00,0x00,0x00,0x00,0x00,0x70,0x80,0x00,0x00,0x00,0x00,0x00,0x00,0x00,0x00,0x07,0x10,0x40,0x80,0x00,0x00,
    0x00,0x00,0x20,0x00,0x00,0x00,0x00,0x30,0x40,0x00,0x00,0x00,0x00,0x00,0x00,0x00,0x00,0x0e,0x30,0x40,0x80,0x00,0x00,0x02,0x00,0x00,0x00,0x00,0x00,0x18,0x63,0x81
  },
  { // 47
    0x02,0x00,0x00,0x20,0x00,0x04,0x00,0x00,0x00,0x18,0x24,0x18,0x00,0x00,0x00,0x00,0x00,0x00,0x00,0x00,0x00,0x00,0xc0,0x20,0xa0,0x10,0xe0,0x01,0x00,0x00,0x00,0x00,
    0x20,0x04,0x00,0x00,0x12,0x80,0x00,0x00,0x02,0x00,0xa8,0x88,0x88,0x00,0x00,0x00,0x88,0x00,0x20,0x40,0xb8,0x00,0x3a,0x0c,0x13,0x40,0x06,0x10,0x02,0xc0,0x00,0x01,
    0x80,0x00,0x00,0x00,0x02,0x02,0x00,0x00,0x00,0x00,0x00,0x00,0x00,0x00,0x08,0x04,0x02,0x00,0x00,0x10,0x00,0x00,0x02,0x00,0x00,0xe0,0x10,0x08,0x00,0x03,0x00,0x00,
    0x00,0x00,0x00,0x00,0x00,0xc0,0x60,0x08,0x08,0x07,0x00,0x00,0x00,0x00,0x00,0x06,0x00,0x00,0x80,0x20,0x19,0x06,0x00,0x00,0x00,0x00,0x00,0x00,0x00,0x00,0x00,0xc0,
    0x00,0x20,0x00,0x00,0x00,0x00,0x80,0x50,0xc8,0x00,0x00,0x00,0x00,0x00,0x00,0x00,0x00,0x00,0x00,0x00,0x01,0x00,0x01,0x02,0x02,0x06,0x03,0x00,0x00,0x00,0x00,0x00,
    0x00,0x00,0x01,0x00,0x20,0x00,0x04,0x00,0x90,0xb8,0x04,0x03,0x08,0x00,0x08,0x14,0x88,0x00,0x22,0x04,0x9a,0x31,0x08,0x64,0xc8,0x80,0x00,0x20,0x00,0x80,0x20,0x00,
    0x02,0x00,0x00,0x04,0x18,0x00,0x00,0x00,0x00,0x00,0x00,0x00,0x00,0x00,0x01,0x0c,0x30,0xc0,0x00,0x00,0x00,0x00,0x00,0x00,0x00,0x01,0x06,0x10,0x20,0xc0,0x00,0x00,
    0x00,0x00,0x00,0x00,0x00,0x07,0x18,0x00,0x40,0x80,0x00,0x00,0x00,0x20,0x00,0x00,0x00,0x0e,0x31,0x40,0x00,0x00,0x00,0x00,0x00,0x00,0x00,0x00,0x00,0x1c,0x22,0xc0,
    0x04,0x00,0x00,0x00,0x00,0x00,0x01,0x02,0x01,0x02,0x00,0x80,0x00,0x01,0xe0,0x00,0x80,0x81,0x00,0x01,0x00,0x00,0x00,0x00,0x10,0x00,0x08,0x00,0x00,0x20,0x00,0x00,
    0x00,0x00,0x08,0x40,0x00,0x21,0x02,0x00,0xa8,0x20,0x00,0x00,0x80,0x00,0x00,0x00,0xa8,0x50,0x20,0x00,0x88,0x81,0x7a,0x66,0x07,0x50,0x84,0x06,0x09,0x10,0x00,0x43,
    0x00,0x08,0x00,0x03,0x00,0x00,0x00,0x00,0x00,0x00,0x00,0x00,0x00,0x00,0x08,0x00,0x03,0x00,0x00,0x00,0x00,0x00,0x00,0x00,0x00,0x00,0x00,0x08,0x06,0x03,0x00,0x00,
    0x00,0x00,0x00,0x00,0x00,0x80,0x00,0x30,0x08,0x07,0x00,0x00,0x00,0x00,0x00,0x02,0x00,0x00,0x80,0x40,0x38,0x07,0x00,0x00,0x00,0x00,0x00,0x00,0x00,0x00,0x00,0x80,
    0x00,0x00,0x00,0x00,0x00,0x00,0x00,0x00,0x00,0x00,0x20,0x04,0x11,0x0d,0x03,0x03,0x84,0x0c,0x00,0x00,0x00,0x00,0x00,0x00,0x00,0x00,0x00,0x00,0x00,0x00,0x00,0x40,
    0x00,0x00,0x00,0x02,0x11,0x00,0x80,0x00,0x24,0x00,0x60,0x8e,0x08,0x00,0x00,0x00,0x88,0x00,0x2e,0x0a,0xb2,0x69,0x92,0xd2,0x00,0x28,0x90,0x0a,0x40,0x00,0x02,0x00,
    0x00,0x00,0x00,0x04,0x38,0x00,0x00,0x00,0x00,0x04,0x00,0x00,0x00,0x00,0x00,0x00,0xf0,0x00,0x00,0x00,0x00,0x00,0x00,0x00,0x00,0x00,0x0e,0x10,0x40,0x80,0x00,0x00,
    0x00,0x00,0x00,0x00,0x00,0x00,0x00,0x20,0x40,0x00,0x00,0x00,0x00,0x00,0x00,0x00,0x00,0x0e,0x30,0x40,0x80,0x00,0x00,0x02,0x00,0x00,0x00,0x00,0x00,0x1a,0x61,0x80
  },
  { // 48
    0x02,0x00,0x00,0x20,0x00,0x04,0x00,0x00,0x00,0x18,0x24,0x18,0x00,0x00,0x00,0x00,0x00,0x00,0x00,0x00,0x00,0x00,0xc0,0x20,0xa0,0x10,0xe0,0x01,0x00,0x00,0x00,0x00,
    0x20,0x04,0x00,0x00,0x12,0x80,0x00,0x00,0x02,0x00,0xa8,0x88,0x88,0x00,0x00,0x00,0x88,0x00,0x20,0x00,0xc8,0xf8,0x02,0x08,0x04,0x43,0x04,0x11,0x02,0xc6,0x02,0x01,
    0x80,0x02,0x00,0x00,0x02,0x02,0x00,0x00,0x00,0x00,0x00,0x00,0x00,0x00,0x08,0x04,0x02,0x00,0x00,0x10,0x00,0x00,0x02,0x00,0x00,0xe0,0x18,0x08,0x00,0x03,0x00,0x00,
    0x00,0x00,0x00,0x00,0x00,0xc0,0x20,0x08,0x04,0x03,0x00,0x00,0x00,0x00,0x00,0x06,0x00,0x00,0x80,0x30,0x19,0x06,0x00,0x00,0x00,0x00,0x00,0x00,0x00,0x00,0x00,0xc0,
    0x00,0x20,0x00,0x00,0x00,0x00,0x80,0x50,0xc8,0x00,0x00,0x00,0x00,0x00,0x00,0x00,0x00,0x00,0x00,0x00,0x01,0x00,0x01,0x02,0x02,0x06,0x03,0x00,0x00,0x00,0x00,0x00,
    0x00,0x00,0x01,0x00,0x20,0x00,0x04,0x00,0x90,0xb8,0x04,0x03,0x08,0x00,0x08,0x14,0x88,0x00,0x02,0x00,0x8c,0x1a,0x31,0x00,0xc8,0x00,0x80,0x20,0x00,0x80,0x20,0x01,
    0x02,0x00,0x00,0x00,0x00,0x00,0x00,0x00,0x00,0x00,0x00,0x00,0x00,0x00,0x01,0x08,0x30,0xc0,0x00,0x00,0x00,0x00,0x00,0x00,0x00,0x03,0x04,0x10,0x20,0xc0,0x00,0x00,
    0x00,0x00,0x00,0x00,0x00,0x07,0x18,0x00,0x40,0x80,0x00,0x00,0x00,0x20,0x00,0x00,0x00,0x0f,0x21,0x40,0x00,0x00,0x00,0x00,0x00,0x00,0x00,0x00,0x00,0x3e,0x40,0x80,
    0x04,0x00,0x00,0x00,0x00,0x00,0x01,0x02,0x01,0x02,0x00,0x80,0x00,0x01,0xe0,0x00,0x80,0x81,0x00,0x01,0x00,0x00,0x00,0x00,0x10,0x00,0x08,0x00,0x00,0x20,0x00,0x00,
    0x00,0x00,0x08,0x40,0x00,0x21,0x02,0x00,0xa8,0x20,0x00,0x00,0x00,0x00,0x00,0x00,0xa8,0x50,0x20,0x00,0x88,0x01,0xa2,0x18,0x66,0x17,0x80,0x02,0x09,0x10,0x00,0x43,
    0x00,0x08,0x01,0x03,0x00,0x00,0x08,0x00,0x00,0x00,0x00,0x00,0x00,0x00,0x08,0x02,0x03,0x00,0x00,0x00,0x00,0x00,0x00,0x00,0x00,0x00,0x00,0x08,0x06,0x01,0x00,0x00,
    0x00,0x00,0x00,0x00,0x00,0x80,0x00,0x30,0x0c,0x07,0x00,0x00,0x00,0x00,0x00,0x02,0x00,0x00,0x80,0x40,0x39,0x06,0x00,0x00,0x00,0x00,0x00,0x00,0x00,0x00,0x00,0x80,
    0x00,0x00,0x00,0x00,0x00,0x00,0x00,0x00,0x00,0x00,0x20,0x04,0x11,0x0d,0x03,0x03,0x84,0x0c,0x00,0x00,0x00,0x00,0x00,0x00,0x00,0x00,0x00,0x00,0x00,0x00,0x00,0x40,
    0x00,0x00,0x00,0x02,0x11,0x00,0x80,0x00,0x24,0x00,0x60,0x8e,0x08,0x00,0x00,0x00,0x88,0x00,0x22,0x0c,0x8a,0x32,0x61,0x92,0x22,0x28,0x10,0x0e,0x50,0x20,0x02,0x00,
    0x00,0x00,0x01,0x0c,0x00,0x00,0x00,0x00,0x00,0x04,0x00,0x00,0x00,0x00,0x00,0x00,0xf0,0x00,0x00,0x00,0x00,0x00,0x00,0x00,0x00,0x03,0x0c,0x10,0xc0,0x00,0x00,0x00,
    0x00,0x20,0x00,0x00,0x00,0x00,0x10,0x20,0x40,0x00,0x00,0x00,0x00,0x00,0x00,0x00,0x04,0x0a,0x30,0x40,0x80,0x00,0x00,0x02,0x00,0x00,0x00,0x00,0x08,0x32,0x41,0x80
  },
  { // 49
    0x02,0x00,0x00,0x20,0x00,0x04,0x00,0x00,0x00,0x18,0x24,0x18,0x00,0x00,0x00,0x00,0x00,0x00,0x00,0x00,0x00,0x00,0xc0,0x20,0xa0,0x10,0xe0,0x01,0x00,0x00,0x00,0x00,
    0x20,0x04,0x00,0x00,0x12,0x80,0x00,0x00,0x02,0x00,0xa8,0x88,0x00,0x00,0x00,0x00,0x88,0x00,0x00,0x08,0x88,0x40,0xf8,0x00,0x24,0x44,0x0b,0x10,0x82,0xe6,0x02,0x01,
    0x00,0x02,0x00,0x00,0x02,0x00,0x00,0x00,0x00,0x00,0x00,0x00,0x00,0x08,0x00,0x04,0x02,0x00,0x00,0x10,0x00,0x00,0x02,0x00,0x00,0xe0,0x18,0x00,0x02,0x01,0x00,0x00,
    0x00,0x00,0x00,0x00,0x00,0xc0,0x20,0x08,0x04,0x03,0x00,0x00,0x00,0x00,0x04,0x02,0x00,0x00,0x80,0x30,0x0d,0x02,0x00,0x00,0x00,0x00,0x00,0x00,0x00,0x00,0x00,0xc1,
    0x00,0x20,0x00,0x00,0x00,0x00,0x80,0x50,0xc8,0x00,0x00,0x00,0x00,0x00,0x00,0x00,0x00,0x00,0x00,0x00,0x01,0x00,0x01,0x02,0x02,0x06,0x03,0x00,0x00,0x00,0x00,0x00,
    0x00,0x00,0x01,0x00,0x20,0x00,0x04,0x00,0x90,0xb8,0x04,0x03,0x08,0x00,0x08,0x14,0x08,0x00,0x02,0x00,0x8c,0x0e,0x3a,0x21,0x88,0x40,0x84,0xa0,0x00,0x80,0xa0,0x01,
    0x02,0x00,0x00,0x00,0x00,0x00,0x01,0x00,0x00,0x00,0x00,0x00,0x00,0x00,0x05,0x08,0x30,0xc0,0x00,0x00,0x00,0x00,0x00,0x00,0x00,0x07,0x00,0x10,0x60,0x80,0x00,0x00,
    0x00,0x00,0x00,0x00,0x00,0x0f,0x10,0x00,0x40,0x80,0x00,0x00,0x20,0x00,0x00,0x00,0x04,0x1b,0x20,0x40,0x00,0x00,0x00,0x00,0x00,0x00,0x00,0x00,0x00,0x3e,0x40,0x80,
    0x04,0x00,0x00,0x00,0x00,0x00,0x01,0x02,0x01,0x02,0x00,0x80,0x00,0x01,0xe0,0x00,0x80,0x81,0x00,0x01,0x00,0x00,0x00,0x00,0x10,0x00,0x08,0x00,0x00,0x20,0x00,0x00,
    0x00,0x00,0x08,0x40,0x00,0x21,0x02,0x00,0xa8,0x20,0x00,0x00,0x00,0x00,0x00,0x00,0xa8,0x50,0x20,0x00,0x88,0x00,0x23,0x80,0x18,0x67,0xa1,0x02,0x89,0x10,0x00,0x43,
    0x40,0x08,0x05,0x03,0x00,0x00,0x08,0x00,0x00,0x00,0x00,0x00,0x00,0x00,0x08,0x02,0x01,0x00,0x00,0x00,0x00,0x00,0x00,0x00,0x00,0x00,0x00,0x08,0x06,0x01,0x00,0x00,
    0x00,0x00,0x00,0x00,0x00,0x80,0x00,0x30,0x0c,0x03,0x00,0x00,0x00,0x00,0x00,0x02,0x00,0x00,0x80,0x40,0x3b,0x04,0x00,0x00,0x00,0x00,0x00,0x00,0x00,0x00,0x00,0x81,
    0x00,0x00,0x00,0x00,0x00,0x00,0x00,0x00,0x00,0x00,0x20,0x04,0x11,0x0d,0x03,0x03,0x84,0x0c,0x00,0x00,0x00,0x00,0x00,0x00,0x00,0x00,0x00,0x00,0x00,0x00,0x00,0x40,
    0x00,0x00,0x00,0x02,0x11,0x00,0x80,0x00,0x24,0x00,0x60,0x8e,0x08,0x00,0x00,0x00,0x88,0x00,0x02,0x00,0x8c,0x0a,0x32,0x49,0xa2,0x28,0x10,0x0c,0x40,0x20,0x02,0x00,
    0x00,0x00,0x21,0x00,0x00,0x00,0x00,0x00,0x00,0x04,0x00,0x00,0x00,0x00,0x00,0x00,0xf0,0x00,0x00,0x00,0x00,0x00,0x00,0x00,0x00,0x07,0x08,0x10,0xc0,0x00,0x00,0x00,
    0x00,0x20,0x00,0x00,0x00,0x00,0x10,0x60,0x00,0x00,0x00,0x00,0x00,0x00,0x00,0x00,0x04,0x1a,0x20,0xc0,0x00,0x00,0x00,0x02,0x00,0x00,0x00,0x00,0x08,0x32,0x41,0x80
  },
  { // 50
    0x02,0x00,0x00,0x20,0x00,0x04,0x00,0x00,0x00,0x18,0x24,0x18,0x00,0x00,0x00,0x00,0x00,0x00,0x00,0x00,0x00,0x00,0xc0,0x20,0xa0,0x10,0xe0,0x01,0x00,0x00,0x00,0x00,
    0x20,0x04,0x00,0x00,0x12,0x80,0x00,0x00,0x02,0x00,0xa8,0x88,0x00,0x00,0x00,0x00,0x88,0x00,0x00,0x00,0x88,0x00,0x20,0xf8,0x20,0x44,0xae,0x93,0x80,0xe3,0x02,0x02,
    0x13,0x02,0x00,0x00,0x02,0x00,0x02,0x00,0x00,0x00,0x00,0x00,0x00,0x08,0x04,0x02,0x02,0x00,0x00,0x10,0x00,0x00,0x02,0x00,0x00,0xf0,0x08,0x00,0x02,0x01,0x00,0x00,
    0x00,0x00,0x00,0x00,0x00,0xc0,0x20,0x08,0x05,0x02,0x00,0x00,0x00,0x00,0x04,0x02,0x00,0x80,0x80,0x30,0x0f,0x00,0x00,0x00,0x00,0x00,0x00,0x00,0x00,0x00,0x80,0x61,
    0x00,0x20,0x00,0x00,0x00,0x00,0x80,0x50,0xc8,0x00,0x00,0x00,0x00,0x00,0x00,0x00,0x00,0x00,0x00,0x00,0x01,0x00,0x01,0x02,0x02,0x06,0x03,0x00,0x00,0x00,0x00,0x00,
    0x00,0x00,0x01,0x00,0x20,0x00,0x04,0x00,0x90,0xb8,0x04,0x03,0x00,0x00,0x00,0x08,0x1c,0x08,0x00,0x00,0x88,0x04,0x2a,0x18,0xa1,0x00,0x46,0xa0,0x00,0x80,0xa0,0x01,
    0x02,0x00,0x01,0x00,0x00,0x02,0x00,0x80,0x00,0x00,0x00,0x00,0x00,0x00,0x04,0x18,0xe0,0x00,0x00,0x00,0x00,0x00,0x00,0x00,0x00,0x07,0x00,0x30,0x40,0x80,0x00,0x00,
    0x00,0x00,0x00,0x00,0x02,0x0d,0x10,0x00,0xc0,0x00,0x00,0x00,0x20,0x00,0x00,0x00,0x06,0x19,0x20,0x40,0x00,0x00,0x00,0x00,0x00,0x00,0x00,0x00,0x0c,0x32,0x40,0x80,
    0x04,0x00,0x00,0x00,0x00,0x00,0x01,0x02,0x01,0x02,0x00,0x80,0x00,0x01,0xe0,0x00,0x80,0x81,0x00,0x01,0x00,0x00,0x00,0x00,0x10,0x00,0x08,0x00,0x00,0x20,0x00,0x00,
    0x00,0x00,0x08,0x40,0x00,0x21,0x02,0x00,0xa8,0x20,0x00,0x00,0x00,0x00,0x00,0x00,0x88,0x20,0x50,0x20,0x88,0x00,0x01,0x00,0x88,0x18,0xe7,0x20,0x89,0x90,0x00,0x41,
    0x40,0x08,0x25,0x01,0x00,0x00,0x08,0x00,0x00,0x00,0x00,0x00,0x00,0x00,0x08,0x02,0x01,0x00,0x00,0x00,0x00,0x00,0x00,0x00,0x00,0x00,0x08,0x0c,0x03,0x00,0x00,0x00,
    0x00,0x00,0x00,0x00,0x00,0x80,0x00,0x38,0x07,0x00,0x00,0x00,0x00,0x00,0x02,0x00,0x00,0x00,0x80,0x60,0x3f,0x00,0x00,0x00,0x00,0x00,0x00,0x00,0x00,0x00,0x00,0x81,
    0x00,0x00,0x00,0x00,0x00,0x00,0x00,0x00,0x00,0x00,0x20,0x04,0x11,0x0d,0x03,0x03,0x84,0x0c,0x00,0x00,0x00,0x00,0x00,0x00,0x00,0x00,0x00,0x00,0x00,0x00,0x00,0x40,
    0x00,0x00,0x00,0x02,0x11,0x00,0x80,0x00,0x24,0x00,0x60,0x8e,0x08,0x00,0x00,0x00,0x88,0x00,0x00,0x00,0x88,0x0c,0x2a,0x73,0xc1,0xa8,0x01,0x08,0x40,0x20,0x02,0x00,
    0x00,0x00,0x21,0x04,0x00,0x00,0x00,0x00,0x04,0x00,0x00,0x00,0x00,0x00,0x00,0x10,0xe0,0x00,0x00,0x00,0x00,0x00,0x00,0x00,0x00,0x07,0x08,0x10,0xc0,0x00,0x00,0x00,
    0x00,0x20,0x00,0x00,0x00,0x00,0x10,0x60,0x00,0x00,0x00,0x00,0x00,0x00,0x00,0x00,0x06,0x10,0x20,0x80,0x00,0x00,0x00,0x02,0x00,0x00,0x00,0x00,0x08,0x32,0xc1,0x00
  },
  { // 51
    0x02,0x00,0x00,0x20,0x00,0x04,0x00,0x00,0x00,0x18,0x24,0x18,0x00,0x00,0x00,0x00,0x00,0x00,0x00,0x00,0x00,0x00,0xc0,0x20,0xa0,0x10,0xe0,0x01,0x00,0x00,0x00,0x00,
    0x20,0x04,0x00,0x00,0x12,0x80,0x00,0x00,0x02,0x00,0xa8,0x88,0x00,0x00,0x00,0x00,0x88,0x00,0x00,0x00,0x88,0x00,0x20,0x00,0xf8,0x20,0xce,0x94,0x83,0x60,0x02,0x02,
    0x13,0x02,0x00,0x00,0x03,0x00,0x02,0x00,0x00,0x00,0x00,0x00,0x00,0x08,0x04,0x02,0x00,0x00,0x00,0x10,0x00,0x00,0x02,0x00,0xc0,0x70,0x08,0x00,0x03,0x00,0x00,0x00,
    0x00,0x00,0x00,0x00,0x00,0xc0,0x20,0x08,0x07,0x00,0x00,0x00,0x00,0x00,0x06,0x00,0x00,0x80,0x00,0x38,0x07,0x00,0x00,0x00,0x00,0x00,0x00,0x00,0x00,0x00,0x80,0x79,
    0x00,0x20,0x00,0x00,0x00,0x00,0x80,0x50,0xc8,0x00,0x00,0x00,0x00,0x00,0x00,0x00,0x00,0x00,0x00,0x00,0x01,0x00,0x01,0x02,0x02,0x06,0x03,0x00,0x00,0x00,0x00,0x00,
    0x00,0x00,0x01,0x00,0x20,0x00,0x04,0x00,0x90,0xb8,0x04,0x03,0x00,0x00,0x00,0x08,0x1c,0x08,0x00,0x00,0x8a,0x00,0x26,0x0a,0xb1,0x21,0x06,0x60,0x80,0x10,0xa8,0x01,
    0x02,0x00,0x01,0x00,0x00,0x02,0x00,0x80,0x00,0x00,0x00,0x00,0x00,0x01,0x04,0x18,0xe0,0x00,0x00,0x00,0x00,0x00,0x00,0x00,0x00,0x07,0x00,0x30,0xc0,0x00,0x00,0x00,
    0x00,0x00,0x00,0x00,0x06,0x09,0x10,0x00,0x80,0x00,0x00,0x00,0x20,0x00,0x00,0x00,0x0e,0x11,0x20,0x40,0x00,0x00,0x00,0x00,0x00,0x00,0x00,0x00,0x0c,0x32,0x40,0x80,
    0x04,0x00,0x00,0x00,0x00,0x00,0x01,0x02,0x01,0x02,0x00,0x80,0x00,0x01,0xe0,0x00,0x80,0x81,0x00,0x01,0x00,0x00,0x00,0x00,0x10,0x00,0x08,0x00,0x00,0x20,0x00,0x00,
    0x00,0x00,0x08,0x40,0x00,0x21,0x02,0x00,0xa8,0x20,0x00,0x00,0x00,0x00,0x00,0x00,0x80,0x20,0x50,0x20,0x88,0x00,0x00,0x01,0x88,0x80,0x3a,0x57,0xa8,0x90,0x48,0x41,
    0x40,0x08,0x35,0x01,0x00,0x00,0x08,0x00,0x00,0x00,0x00,0x00,0x00,0x08,0x08,0x03,0x00,0x00,0x00,0x00,0x00,0x00,0x00,0x00,0x00,0x00,0x08,0x04,0x03,0x00,0x00,0x00,
    0x00,0x00,0x00,0x00,0x00,0x80,0x20,0x18,0x07,0x00,0x00,0x00,0x00,0x00,0x02,0x00,0x00,0x80,0x00,0x60,0x1f,0x00,0x00,0x00,0x00,0x00,0x00,0x00,0x00,0x00,0x80,0x41,
    0x00,0x00,0x00,0x00,0x00,0x00,0x00,0x00,0x00,0x00,0x20,0x04,0x11,0x0d,0x03,0x03,0x84,0x0c,0x00,0x00,0x00,0x00,0x00,0x00,0x00,0x00,0x00,0x00,0x00,0x00,0x00,0x40,
    0x00,0x00,0x00,0x02,0x11,0x00,0x80,0x00,0x24,0x00,0x60,0x8e,0x00,0x00,0x00,0x00,0x88,0x00,0x00,0x00,0x88,0x00,0x2e,0x0a,0xf1,0x89,0x00,0x18,0x40,0x20,0x32,0x00,
    0x02,0x80,0x20,0x04,0x00,0x00,0x00,0x00,0x04,0x00,0x00,0x00,0x00,0x00,0x00,0xf0,0x00,0x00,0x00,0x00,0x00,0x00,0x00,0x00,0x00,0x07,0x08,0x50,0x80,0x00,0x00,0x00,
    0x00,0x20,0x00,0x00,0x00,0x00,0x10,0x40,0x00,0x00,0x00,0x00,0x00,0x00,0x00,0x00,0x0e,0x10,0x60,0x80,0x00,0x00,0x02,0x00,0x00,0x00,0x00,0x00,0x08,0x72,0x81,0x00
  },
  { // 52
    0x02,0x00,0x00,0x20,0x00,0x04,0x00,0x00,0x00,0x18,0x24,0x18,0x00,0x00,0x00,0x00,0x00,0x00,0x00,0x00,0x00,0x00,0xc0,0x20,0xa0,0x10,0xe0,0x01,0x00,0x00,0x00,0x00,
    0x20,0x04,0x00,0x00,0x12,0x80,0x00,0x00,0x02,0x00,0xa8,0x88,0x00,0x00,0x00,0x00,0x88,0x00,0x00,0x00,0x88,0x08,0x00,0x00,0x88,0xd8,0x22,0x94,0xc8,0x23,0x00,0x02,
    0x23,0x02,0x00,0x00,0x03,0x02,0x02,0x00,0x00,0x00,0x00,0x00,0x00,0x08,0x04,0x02,0x00,0x00,0x00,0x10,0x00,0x00,0x02,0x00,0xc0,0x30,0x08,0x00,0x03,0x00,0x00,0x00,
    0x00,0x00,0x00,0x00,0x80,0xc0,0x20,0x08,0x07,0x00,0x00,0x00,0x00,0x00,0x06,0x00,0x00,0x80,0x00,0x38,0x07,0x00,0x00,0x00,0x00,0x00,0x00,0x00,0x00,0x00,0x80,0x7b,
    0x00,0x20,0x00,0x00,0x00,0x00,0x80,0x50,0xc8,0x00,0x00,0x00,0x00,0x00,0x00,0x00,0x00,0x00,0x00,0x00,0x01,0x00,0x01,0x02,0x02,0x06,0x03,0x00,0x00,0x00,0x00,0x00,
    0x00,0x00,0x01,0x00,0x20,0x00,0x04,0x00,0x90,0xb8,0x04,0x03,0x00,0x00,0x00,0x00,0x08,0x00,0x00,0x00,0x88,0x00,0x22,0x04,0x8a,0x11,0x23,0x10,0xc0,0x90,0x28,0x01,
    0x02,0x00,0x01,0x00,0x00,0x03,0x00,0x80,0x10,0x00,0x00,0x00,0x00,0x01,0x0c,0x30,0xc0,0x00,0x00,0x00,0x00,0x00,0x00,0x00,0x00,0x07,0x10,0x20,0xc0,0x00,0x00,0x00,
    0x00,0x00,0x00,0x00,0x07,0x08,0x10,0x40,0x80,0x00,0x00,0x00,0x20,0x00,0x00,0x00,0x0e,0x11,0x00,0x40,0x00,0x00,0x00,0x00,0x00,0x00,0x00,0x00,0x1c,0x22,0x40,0x00,
    0x04,0x00,0x00,0x00,0x00,0x00,0x01,0x02,0x01,0x02,0x00,0x80,0x00,0x01,0xe0,0x00,0x80,0x81,0x00,0x01,0x00,0x00,0x00,0x00,0x10,0x00,0x08,0x00,0x00,0x20,0x00,0x00,
    0x00,0x00,0x08,0x40,0x00,0x21,0x02,0x00,0xa8,0x20,0x00,0x00,0x00,0x00,0x00,0x00,0x00,0x80,0x00,0x00,0x88,0x00,0x00,0x00,0x88,0x00,0xa2,0x1b,0xd7,0xa0,0x4c,0x49,
    0x40,0x00,0x35,0x21,0x80,0x00,0x08,0x00,0x08,0x00,0x00,0x00,0x00,0x08,0x02,0x03,0x00,0x00,0x00,0x00,0x00,0x00,0x00,0x00,0x00,0x00,0x08,0x06,0x01,0x00,0x00,0x00,
    0x00,0x00,0x00,0x00,0x00,0x80,0x20,0x18,0x07,0x00,0x00,0x00,0x00,0x00,0x02,0x00,0x00,0x80,0x40,0x30,0x0e,0x00,0x00,0x00,0x00,0x00,0x00,0x00,0x00,0x00,0x80,0x41,
    0x00,0x00,0x00,0x00,0x00,0x00,0x00,0x00,0x00,0x00,0x20,0x04,0x11,0x0d,0x03,0x03,0x84,0x0c,0x00,0x00,0x00,0x00,0x00,0x00,0x00,0x00,0x00,0x00,0x00,0x00,0x00,0x40,
    0x00,0x00,0x00,0x02,0x11,0x00,0x80,0x00,0x24,0x00,0x60,0x8e,0x00,0x00,0x00,0x00,0x89,0x02,0x01,0x00,0x88,0x00,0x22,0x0c,0x8a,0x71,0x81,0x18,0x20,0x20,0x30,0x00,
    0x02,0x80,0x00,0x04,0x00,0x00,0x00,0x40,0x04,0x00,0x00,0x00,0x00,0x00,0x00,0xf0,0x00,0x00,0x00,0x00,0x00,0x00,0x00,0x00,0x00,0x07,0x08,0xd0,0x00,0x00,0x00,0x00,
    0x00,0x20,0x00,0x00,0x00,0x00,0x30,0x40,0x00,0x00,0x00,0x00,0x00,0x00,0x00,0x00,0x0e,0x10,0x40,0x80,0x00,0x00,0x02,0x00,0x00,0x00,0x00,0x00,0x18,0x63,0x80,0x00
  },
  { // 53
    0x02,0x00,0x00,0x20,0x00,0x04,0x00,0x00,0x00,0x18,0x24,0x18,0x00,0x00,0x00,0x00,0x00,0x00,0x00,0x00,0x00,0x00,0xc0,0x20,0xa0,0x10,0xe0,0x01,0x00,0x00,0x00,0x00,
    0x20,0x04,0x00,0x00,0x12,0x80,0x00,0x00,0x02,0x00,0xa8,0x88,0x00,0x00,0x00,0x00,0x00,0x00,0x00,0x00,0x88,0x08,0x00,0x00,0x88,0x00,0xfa,0x30,0xcc,0x22,0x03,0x00,
    0xa3,0x82,0x40,0x00,0x02,0x02,0x02,0x00,0x00,0x00,0x00,0x00,0x00,0x08,0x04,0x02,0x00,0x00,0x00,0x10,0x00,0x02,0x00,0x00,0xc0,0x30,0x08,0x00,0x03,0x00,0x00,0x00,
    0x00,0x00,0x00,0x00,0x80,0x40,0x20,0x0c,0x07,0x00,0x00,0x00,0x00,0x00,0x06,0x00,0x00,0x80,0x20,0x38,0x06,0x00,0x00,0x00,0x00,0x00,0x00,0x00,0x00,0x00,0x80,0x7f,
    0x00,0x20,0x00,0x00,0x00,0x00,0x80,0x50,0xc8,0x00,0x00,0x00,0x00,0x00,0x00,0x00,0x00,0x00,0x00,0x00,0x01,0x00,0x01,0x02,0x02,0x06,0x03,0x00,0x00,0x00,0x00,0x00,
    0x00,0x00,0x01,0x00,0x20,0x00,0x04,0x00,0x90,0xb8,0x04,0x03,0x00,0x00,0x00,0x00,0x08,0x00,0x00,0x00,0x88,0x00,0x02,0x04,0x8e,0x0a,0x31,0x20,0xd0,0xd0,0xa8,0x01,
    0x02,0x00,0x01,0x00,0x00,0x03,0x00,0x80,0x10,0x00,0x00,0x00,0x00,0x05,0x08,0x30,0xc0,0x00,0x00,0x00,0x00,0x00,0x00,0x00,0x03,0x04,0x10,0x20,0xc0,0x00,0x00,0x00,
    0x00,0x00,0x00,0x00,0x07,0x18,0x00,0x40,0x80,0x00,0x00,0x00,0x20,0x00,0x00,0x00,0x0e,0x31,0x40,0x00,0x00,0x00,0x00,0x00,0x00,0x00,0x00,0x00,0x1e,0x20,0xc0,0x00,
    0x04,0x00,0x00,0x00,0x00,0x00,0x01,0x02,0x01,0x02,0x00,0x80,0x00,0x01,0xe0,0x00,0x80,0x81,0x00,0x01,0x00,0x00,0x00,0x00,0x10,0x00,0x08,0x00,0x00,0x20,0x00,0x00,
    0x00,0x00,0x08,0x40,0x00,0x21,0x02,0x00,0xa8,0x20,0x00,0x00,0x00,0x00,0x00,0x00,0x00,0x80,0x00,0x00,0x88,0x00,0x00,0x00,0x88,0x00,0x02,0x80,0x0b,0xdc,0x20,0x40,
    0x40,0x00,0x30,0x21,0x80,0x00,0x08,0x80,0x08,0x00,0x00,0x00,0x00,0x08,0x02,0x01,0x00,0x00,0x00,0x00,0x00,0x00,0x00,0x00,0x00,0x00,0x08,0x06,0x01,0x00,0x00,0x00,
    0x00,0x00,0x00,0x00,0x80,0x80,0x30,0x18,0x07,0x00,0x00,0x00,0x00,0x00,0x02,0x00,0x00,0x80,0x40,0x31,0x0e,0x00,0x00,0x00,0x00,0x00,0x00,0x00,0x00,0x00,0x80,0x41,
    0x00,0x00,0x00,0x00,0x00,0x00,0x00,0x00,0x00,0x00,0x20,0x04,0x11,0x0d,0x03,0x03,0x84,0x0c,0x00,0x00,0x00,0x00,0x00,0x00,0x00,0x00,0x00,0x00,0x00,0x00,0x00,0x40,
    0x00,0x00,0x00,0x02,0x11,0x00,0x80,0x00,0x24,0x00,0x60,0x8e,0x00,0x00,0x00,0x00,0x09,0x02,0x01,0x00,0x88,0x00,0x02,0x00,0x8c,0x0a,0xf1,0x08,0x20,0x20,0x10,0x04,
    0x02,0x80,0x00,0x04,0x00,0x00,0x00,0x40,0x04,0x11,0x00,0x00,0x00,0x00,0x00,0xf0,0x00,0x00,0x00,0x00,0x00,0x00,0x00,0x00,0x00,0x06,0x08,0xc0,0x00,0x00,0x00,0x00,
    0x00,0x00,0x00,0x00,0x00,0x00,0x30,0x40,0x00,0x00,0x00,0x00,0x00,0x00,0x00,0x00,0x0e,0x30,0x40,0x00,0x00,0x00,0x02,0x00,0x00,0x00,0x00,0x00,0x1a,0x61,0x80,0x00
  },
  { // 54
    0x02,0x00,0x00,0x20,0x00,0x04,0x00,0x00,0x00,0x18,0x24,0x18,0x00,0x00,0x00,0x00,0x00,0x00,0x00,0x00,0x00,0x00,0xc0,0x20,0xa0,0x10,0xe0,0x01,0x00,0x00,0x00,0x00,
    0x20,0x04,0x00,0x00,0x12,0x80,0x00,0x00,0x02,0x00,0xa8,0x88,0x00,0x00,0x00,0x00,0x00,0x00,0x00,0x00,0x88,0x00,0x08,0x00,0x88,0x00,0x20,0xd8,0x30,0x04,0x13,0x13,
    0xe0,0x82,0x42,0x00,0x02,0x02,0x02,0x00,0x20,0x00,0x00,0x00,0x00,0x08,0x04,0x02,0x00,0x00,0x00,0x10,0x00,0x02,0x00,0x00,0xc0,0x38,0x08,0x02,0x03,0x00,0x00,0x00,
    0x00,0x00,0x00,0x00,0x80,0x60,0x08,0x04,0x03,0x00,0x00,0x00,0x00,0x04,0x02,0x00,0x00,0x80,0x20,0x19,0x02,0x00,0x00,0x00,0x00,0x00,0x00,0x00,0x00,0x00,0xc0,0x3f,
    0x00,0x20,0x00,0x00,0x00,0x00,0x80,0x50,0xc8,0x00,0x00,0x00,0x00,0x00,0x00,0x00,0x00,0x00,0x00,0x00,0x01,0x00,0x01,0x02,0x02,0x06,0x03,0x00,0x00,0x00,0x00,0x00,
    0x00,0x00,0x01,0x00,0x20,0x00,0x04,0x00,0x90,0xb8,0x04,0x03,0x00,0x00,0x00,0x00,0x08,0x00,0x00,0x00,0x08,0x00,0x02,0x00,0x8c,0x02,0x28,0x31,0xa0,0x50,0xa5,0x01,
    0x22,0x20,0x01,0x00,0x40,0x00,0x00,0x80,0x10,0x00,0x10,0x00,0x00,0x05,0x08,0xb0,0x40,0x00,0x00,0x00,0x00,0x00,0x00,0x00,0x07,0x00,0x10,0x60,0x80,0x00,0x00,0x00,
    0x00,0x00,0x00,0x00,0x07,0x10,0x00,0x40,0x00,0x00,0x00,0x00,0x20,0x00,0x00,0x04,0x0b,0x20,0x40,0x00,0x00,0x00,0x00,0x00,0x00,0x00,0x00,0x04,0x3a,0x40,0x80,0x00,
    0x04,0x00,0x00,0x00,0x00,0x00,0x01,0x02,0x01,0x02,0x00,0x80,0x00,0x01,0xe0,0x00,0x80,0x81,0x00,0x01,0x00,0x00,0x00,0x00,0x10,0x00,0x08,0x00,0x00,0x20,0x00,0x00,
    0x00,0x00,0x08,0x40,0x00,0x21,0x02,0x00,0xa8,0x20,0x00,0x00,0x00,0x00,0x00,0x00,0x00,0x80,0x00,0x00,0x88,0x00,0x00,0x00,0x88,0x00,0x02,0x00,0x88,0x0b,0x7c,0x20,
    0x40,0x00,0x30,0x21,0x80,0x01,0x08,0x80,0x08,0x00,0x00,0x00,0x00,0x08,0x02,0x01,0x00,0x00,0x00,0x00,0x00,0x00,0x00,0x00,0x00,0x00,0x08,0x07,0x00,0x00,0x00,0x00,
    0x00,0x00,0x00,0x00,0x80,0x00,0x30,0x0f,0x00,0x00,0x00,0x00,0x00,0x02,0x00,0x00,0x00,0x80,0x40,0x3b,0x04,0x00,0x00,0x00,0x00,0x00,0x00,0x00,0x00,0x00,0x81,0x44,
    0x00,0x00,0x00,0x00,0x00,0x00,0x00,0x00,0x00,0x00,0x20,0x04,0x11,0x0d,0x03,0x03,0x84,0x0c,0x00,0x00,0x00,0x00,0x00,0x00,0x00,0x00,0x00,0x00,0x00,0x00,0x00,0x40,
    0x00,0x00,0x00,0x02,0x11,0x00,0x80,0x00,0x24,0x00,0x60,0x8e,0x00,0x00,0x00,0x00,0x01,0x02,0x01,0x00,0x88,0x00,0x00,0x00,0x88,0x04,0x6a,0xf1,0x00,0x20,0x90,0x04,
    0x02,0xc0,0x00,0x04,0x00,0x00,0x00,0x40,0x40,0x11,0x00,0x00,0x00,0x00,0x00,0xf0,0x00,0x00,0x00,0x00,0x00,0x00,0x00,0x00,0x01,0x04,0x10,0xc0,0x00,0x00,0x00,0x00,
    0x20,0x00,0x00,0x00,0x00,0x00,0x70,0x00,0x00,0x00,0x00,0x00,0x00,0x00,0x00,0x00,0x0e,0x30,0xc0,0x00,0x00,0x00,0x02,0x00,0x00,0x00,0x00,0x00,0x3a,0x41,0x00,0x00
  },
  { // 55
    0x02,0x00,0x00,0x20,0x00,0x04,0x00,0x00,0x00,0x18,0x24,0x18,0x00,0x00,0x00,0x00,0x00,0x00,0x00,0x00,0x00,0x00,0xc0,0x20,0xa0,0x10,0xe0,0x01,0x00,0x00,0x00,0x00,
    0x20,0x04,0x00,0x00,0x12,0x80,0x00,0x00,0x02,0x00,0xa8,0x88,0x00,0x00,0x00,0x00,0x00,0x00,0x00,0x00,0x88,0x00,0x08,0x00,0x88,0x00,0x20,0x00,0xc8,0x70,0x26,0x13,
    0xc4,0x82,0x42,0x07,0x02,0x02,0x02,0x20,0x20,0x00,0x02,0x01,0x08,0x00,0x04,0x02,0x00,0x00,0x10,0x00,0x00,0x02,0x00,0x00,0xc0,0x38,0x00,0x02,0x01,0x00,0x00,0x00,
    0x00,0x00,0x00,0x00,0xc0,0x60,0x08,0x04,0x03,0x00,0x00,0x00,0x00,0x04,0x02,0x00,0x00,0x80,0x20,0x1f,0x00,0x00,0x00,0x00,0x00,0x00,0x00,0x00,0x00,0x00,0xc1,0x3e,
    0x00,0x20,0x00,0x00,0x00,0x00,0x80,0x50,0xc8,0x00,0x00,0x00,0x00,0x00,0x00,0x00,0x00,0x00,0x00,0x00,0x01,0x00,0x01,0x02,0x02,0x06,0x03,0x00,0x00,0x00,0x00,0x00,
    0x00,0x00,0x01,0x00,0x20,0x00,0x04,0x00,0x90,0xb8,0x04,0x03,0x00,0x00,0x00,0x00,0x00,0x00,0x00,0x00,0x08,0x00,0x00,0x00,0x88,0x04,0x2a,0x18,0xb1,0x00,0x65,0x83,
    0x23,0x25,0x01,0x00,0x40,0x00,0x00,0x80,0x00,0x00,0x10,0x00,0x00,0x05,0x08,0xf0,0x00,0x00,0x00,0x00,0x00,0x00,0x00,0x00,0x07,0x00,0x10,0x60,0x80,0x00,0x00,0x00,
    0x00,0x00,0x00,0x02,0x0d,0x10,0x00,0xc0,0x00,0x00,0x00,0x20,0x00,0x00,0x00,0x06,0x19,0x20,0x40,0x00,0x00,0x00,0x00,0x00,0x00,0x00,0x00,0x0c,0x32,0x40,0x80,0x00,
    0x04,0x00,0x00,0x00,0x00,0x00,0x01,0x02,0x01,0x02,0x00,0x80,0x00,0x01,0xe0,0x00,0x80,0x81,0x00,0x01,0x00,0x00,0x00,0x00,0x10,0x00,0x08,0x00,0x00,0x20,0x00,0x00,
    0x00,0x00,0x08,0x40,0x00,0x21,0x02,0x00,0xa8,0x20,0x00,0x00,0x00,0x00,0x00,0x00,0x00,0x00,0x80,0x00,0x80,0x00,0x00,0x00,0x88,0x00,0x02,0x00,0x88,0x83,0x2f,0x5c,
    0x20,0x00,0x20,0x20,0x20,0x01,0x08,0x80,0x08,0x00,0x00,0x00,0x10,0x00,0x03,0x00,0x00,0x00,0x00,0x00,0x00,0x00,0x00,0x00,0x00,0x00,0x0c,0x03,0x00,0x00,0x00,0x00,
    0x00,0x00,0x00,0x00,0x80,0x00,0x30,0x0f,0x00,0x00,0x00,0x00,0x00,0x02,0x00,0x00,0x00,0x80,0x40,0x3f,0x00,0x00,0x00,0x00,0x00,0x00,0x00,0x00,0x00,0x00,0x81,0x4c,
    0x00,0x00,0x00,0x00,0x00,0x00,0x00,0x00,0x00,0x00,0x20,0x04,0x11,0x0d,0x03,0x03,0x84,0x0c,0x00,0x00,0x00,0x00,0x00,0x00,0x00,0x00,0x00,0x00,0x00,0x00,0x00,0x40,
    0x00,0x00,0x00,0x02,0x11,0x00,0x80,0x00,0x24,0x00,0x60,0x8e,0x00,0x00,0x00,0x00,0x00,0x01,0x02,0x01,0x88,0x00,0x00,0x00,0x88,0x00,0x26,0xea,0xb1,0x00,0xd9,0x04,
    0x02,0xc0,0x00,0x04,0x00,0x00,0x00,0x44,0x40,0x01,0x00,0x00,0x00,0x00,0xc0,0x30,0x00,0x00,0x00,0x00,0x00,0x00,0x00,0x00,0x03,0x0c,0x10,0xc0,0x00,0x00,0x00,0x00,
    0x20,0x00,0x00,0x00,0x00,0x10,0x60,0x00,0x00,0x00,0x00,0x00,0x00,0x00,0x00,0x04,0x0a,0x70,0x80,0x00,0x00,0x00,0x02,0x00,0x00,0x00,0x00,0x00,0x3a,0xc1,0x00,0x00
  },
  { // 56
    0x02,0x00,0x00,0x20,0x00,0x04,0x00,0x00,0x00,0x18,0x24,0x18,0x00,0x00,0x00,0x00,0x00,0x00,0x00,0x00,0x00,0x00,0xc0,0x20,0xa0,0x10,0xe0,0x01,0x00,0x00,0x00,0x00,
    0x20,0x04,0x00,0x00,0x12,0x80,0x00,0x00,0x02,0x00,0xa8,0x88,0x00,0x00,0x00,0x00,0x00,0x00,0x00,0x00,0x88,0x00,0x00,0x08,0x88,0x00,0x00,0x00,0x88,0xc8,0x72,0x24,
    0xc3,0x80,0x42,0x07,0x02,0x02,0x02,0x20,0x28,0x00,0x02,0x01,0x01,0x00,0x00,0x00,0x00,0x00,0x10,0x00,0x00,0x02,0x00,0x00,0xe0,0x18,0x00,0x03,0x00,0x00,0x00,0x00,
    0x00,0x00,0x00,0x00,0xc0,0x20,0x08,0x07,0x00,0x00,0x00,0x00,0x00,0x06,0x00,0x00,0x80,0x00,0x30,0x1f,0x00,0x00,0x00,0x00,0x00,0x00,0x00,0x00,0x00,0x80,0x41,0x3e,
    0x00,0x20,0x00,0x00,0x00,0x00,0x80,0x50,0xc8,0x00,0x00,0x00,0x00,0x00,0x00,0x00,0x00,0x00,0x00,0x00,0x01,0x00,0x01,0x02,0x02,0x06,0x03,0x00,0x00,0x00,0x00,0x00,
    0x00,0x00,0x01,0x00,0x20,0x00,0x04,0x00,0x90,0xb8,0x04,0x03,0x00,0x00,0x00,0x00,0x00,0x00,0x00,0x00,0x08,0x00,0x00,0x00,0x88,0x00,0x26,0x0a,0x99,0x31,0x04,0xe3,
    0x23,0x25,0x00,0x08,0x40,0x00,0x00,0x80,0x00,0x00,0x00,0x00,0x21,0x04,0x18,0xe0,0x00,0x00,0x00,0x00,0x00,0x00,0x00,0x00,0x07,0x00,0x30,0xc0,0x00,0x00,0x00,0x00,
    0x00,0x00,0x00,0x06,0x09,0x10,0x00,0x80,0x00,0x00,0x00,0x20,0x00,0x00,0x00,0x06,0x19,0x20,0x40,0x00,0x00,0x00,0x00,0x00,0x00,0x00,0x00,0x0c,0x32,0x40,0x80,0x00,
    0x04,0x00,0x00,0x00,0x00,0x00,0x01,0x02,0x01,0x02,0x00,0x80,0x00,0x01,0xe0,0x00,0x80,0x81,0x00,0x01,0x00,0x00,0x00,0x00,0x10,0x00,0x08,0x00,0x00,0x20,0x00,0x00,
    0x00,0x00,0x08,0x40,0x00,0x21,0x02,0x00,0xa8,0x20,0x00,0x00,0x00,0x00,0x00,0x00,0x00,0x00,0x80,0x00,0x80,0x00,0x00,0x00,0x88,0x00,0x00,0x00,0x88,0x00,0xa3,0x0c,
    0x5c,0x20,0x00,0x20,0x60,0x01,0x08,0x80,0x08,0x00,0x00,0x00,0x10,0x00,0x03,0x00,0x00,0x00,0x00,0x00,0x00,0x00,0x00,0x00,0x00,0x00,0x0e,0x01,0x00,0x00,0x00,0x00,
    0x00,0x00,0x00,0x00,0x80,0x00,0x38,0x0f,0x00,0x00,0x00,0x00,0x00,0x02,0x00,0x00,0x80,0x80,0x40,0x3f,0x00,0x00,0x00,0x00,0x00,0x00,0x00,0x00,0x00,0x80,0x01,0x7c,
    0x00,0x00,0x00,0x00,0x00,0x00,0x00,0x00,0x00,0x00,0x20,0x04,0x11,0x0d,0x03,0x03,0x84,0x0c,0x00,0x00,0x00,0x00,0x00,0x00,0x00,0x00,0x00,0x00,0x00,0x00,0x00,0x40,
    0x00,0x00,0x00,0x02,0x11,0x00,0x80,0x00,0x24,0x00,0x60,0x8e,0x00,0x00,0x00,0x00,0x00,0x01,0x02,0x01,0x88,0x00,0x00,0x00,0x88,0x00,0x22,0x04,0xea,0x11,0xca,0x04,
    0x02,0xc0,0x00,0x04,0x00,0x00,0x00,0x04,0x40,0x01,0x00,0x00,0x00,0x00,0xc0,0x30,0x00,0x00,0x00,0x00,0x00,0x00,0x00,0x00,0x03,0x08,0xd0,0x00,0x00,0x00,0x00,0x00,
    0x20,0x00,0x00,0x00,0x00,0x10,0x60,0x00,0x00,0x00,0x00,0x00,0x00,0x00,0x00,0x04,0x1a,0x60,0x80,0x00,0x00,0x00,0x02,0x00,0x00,0x00,0x00,0x08,0x72,0x81,0x00,0x00
  },
  { // 57
    0x02,0x00,0x00,0x20,0x00,0x04,0x00,0x00,0x00,0x18,0x24,0x18,0x00,0x00,0x00,0x00,0x00,0x00,0x00,0x00,0x00,0x00,0xc0,0x20,0xa0,0x10,0xe0,0x01,0x00,0x00,0x00,0x00,
    0x20,0x04,0x00,0x00,0x12,0x80,0x00,0x00,0x02,0x00,0xa8,0x88,0x00,0x00,0x00,0x00,0x00,0x00,0x00,0x00,0x00,0x00,0x00,0x08,0x88,0x00,0x00,0x00,0x88,0x00,0xea,0x50,
    0xa6,0x43,0x40,0x07,0x02,0x02,0x02,0x22,0x20,0x00,0x02,0x01,0x01,0x00,0x00,0x00,0x00,0x00,0x10,0x00,0x02,0x00,0x00,0x00,0x60,0x18,0x00,0x03,0x00,0x00,0x00,0x00,
    0x00,0x00,0x00,0x00,0xc0,0x20,0x08,0x07,0x00,0x00,0x00,0x00,0x00,0x06,0x00,0x00,0x80,0x00,0x30,0x0f,0x00,0x00,0x00,0x00,0x00,0x00,0x00,0x00,0x00,0x80,0x41,0x3c,
    0x00,0x20,0x00,0x00,0x00,0x00,0x80,0x50,0xc8,0x00,0x00,0x00,0x00,0x00,0x00,0x00,0x00,0x00,0x00,0x00,0x01,0x00,0x01,0x02,0x02,0x06,0x03,0x00,0x00,0x00,0x00,0x00,
    0x00,0x00,0x01,0x00,0x20,0x00,0x04,0x00,0x90,0xb8,0x04,0x03,0x00,0x00,0x00,0x00,0x00,0x00,0x00,0x00,0x08,0x00,0x00,0x00,0x88,0x00,0x02,0x06,0x8a,0x19,0x34,0x43,
    0xe3,0x25,0x01,0x49,0x40,0x02,0x00,0x80,0x00,0x00,0x00,0x00,0x30,0x04,0x18,0x40,0x00,0x00,0x00,0x00,0x00,0x00,0x00,0x00,0x07,0x00,0x30,0xc0,0x00,0x00,0x00,0x00,
    0x00,0x00,0x00,0x07,0x08,0x10,0x40,0x80,0x00,0x00,0x00,0x20,0x00,0x00,0x00,0x0e,0x11,0x20,0x00,0x00,0x00,0x00,0x00,0x00,0x00,0x00,0x00,0x0e,0x20,0xc0,0x00,0x00,
    0x04,0x00,0x00,0x00,0x00,0x00,0x01,0x02,0x01,0x02,0x00,0x80,0x00,0x01,0xe0,0x00,0x80,0x81,0x00,0x01,0x00,0x00,0x00,0x00,0x10,0x00,0x08,0x00,0x00,0x20,0x00,0x00,
    0x00,0x00,0x08,0x40,0x00,0x21,0x02,0x00,0xa8,0x20,0x00,0x00,0x00,0x00,0x00,0x00,0x00,0x00,0x80,0x00,0x00,0x00,0x00,0x00,0x88,0x00,0x00,0x00,0x88,0x00,0x83,0x83,
    0x0c,0xd8,0xa1,0x00,0x60,0x01,0x08,0x00,0x08,0x00,0x00,0x00,0x14,0x00,0x03,0x00,0x00,0x00,0x00,0x00,0x00,0x00,0x00,0x00,0x00,0x08,0x06,0x01,0x00,0x00,0x00,0x00,
    0x00,0x00,0x00,0x00,0x80,0x20,0x38,0x07,0x00,0x00,0x00,0x00,0x00,0x02,0x00,0x00,0x80,0x40,0x61,0x3e,0x00,0x00,0x00,0x00,0x00,0x00,0x00,0x00,0x00,0x80,0x41,0x3c,
    0x00,0x00,0x00,0x00,0x00,0x00,0x00,0x00,0x00,0x00,0x20,0x04,0x11,0x0d,0x03,0x03,0x84,0x0c,0x00,0x00,0x00,0x00,0x00,0x00,0x00,0x00,0x00,0x00,0x00,0x00,0x00,0x40,
    0x00,0x00,0x00,0x02,0x11,0x00,0x80,0x00,0x24,0x00,0x60,0x8e,0x00,0x00,0x00,0x00,0x00,0x01,0x02,0x01,0x88,0x00,0x00,0x00,0x88,0x00,0x22,0x00,0xcc,0xaa,0x51,0x04,
    0x02,0xc0,0x00,0x04,0x00,0x00,0x08,0x00,0x40,0x01,0x00,0x00,0x00,0x00,0xf0,0x00,0x00,0x00,0x00,0x00,0x00,0x00,0x00,0x00,0x07,0x08,0xd0,0x00,0x00,0x00,0x00,0x00,
    0x20,0x00,0x00,0x00,0x00,0x30,0x40,0x00,0x00,0x00,0x00,0x00,0x00,0x00,0x00,0x06,0x18,0x60,0x80,0x00,0x00,0x02,0x02,0x00,0x00,0x00,0x00,0x08,0x73,0x80,0x00,0x00
  },
  { // 58
    0x02,0x00,0x00,0x20,0x00,0x04,0x00,0x00,0x00,0x18,0x24,0x18,0x00,0x00,0x00,0x00,0x00,0x00,0x00,0x00,0x00,0x00,0xc0,0x20,0xa0,0x10,0xe0,0x01,0x00,0x00,0x00,0x00,
    0x20,0x04,0x00,0x00,0x12,0x80,0x00,0x00,0x02,0x00,0xa8,0x88,0x00,0x00,0x00,0x00,0x00,0x00,0x00,0x00,0x00,0x00,0x00,0x00,0x88,0x00,0x00,0x00,0x88,0x00,0xa2,0xc8,
    0x5c,0x27,0x43,0x2c,0x02,0x02,0x02,0x22,0x60,0x00,0x00,0x01,0x03,0x00,0x00,0x00,0x00,0x00,0x10,0x00,0x02,0x00,0x00,0x80,0x70,0x18,0x00,0x03,0x00,0x00,0x00,0x00,
    0x00,0x00,0x00,0x80,0x40,0x20,0x08,0x07,0x00,0x00,0x00,0x00,0x00,0x06,0x00,0x00,0x80,0x00,0x38,0x06,0x00,0x00,0x00,0x00,0x00,0x00,0x00,0x00,0x00,0x80,0x4b,0x30,
    0x00,0x20,0x00,0x00,0x00,0x00,0x80,0x50,0xc8,0x00,0x00,0x00,0x00,0x00,0x00,0x00,0x00,0x00,0x00,0x00,0x01,0x00,0x01,0x02,0x02,0x06,0x03,0x00,0x00,0x00,0x00,0x00,
    0x00,0x00,0x01,0x00,0x20,0x00,0x04,0x00,0x90,0xb8,0x04,0x03,0x00,0x00,0x00,0x00,0x00,0x00,0x00,0x00,0x08,0x00,0x00,0x02,0x88,0x00,0x02,0x04,0x8e,0x08,0x33,0x22,
    0xc3,0xa5,0x01,0x49,0x40,0x02,0x00,0x80,0x00,0x00,0x00,0x00,0x10,0x0c,0x10,0x00,0x00,0x00,0x00,0x00,0x00,0x00,0x00,0x03,0x04,0x10,0x20,0xc0,0x00,0x00,0x00,0x00,
    0x00,0x00,0x00,0x07,0x08,0x10,0x40,0x80,0x00,0x00,0x00,0x20,0x00,0x00,0x00,0x0f,0x30,0x40,0x00,0x00,0x00,0x00,0x00,0x00,0x00,0x00,0x00,0x1e,0x20,0x80,0x00,0x00,
    0x04,0x00,0x00,0x00,0x00,0x00,0x01,0x02,0x01,0x02,0x00,0x80,0x00,0x01,0xe0,0x00,0x80,0x81,0x00,0x01,0x00,0x00,0x00,0x00,0x10,0x00,0x08,0x00,0x00,0x20,0x00,0x00,
    0x00,0x00,0x08,0x40,0x00,0x21,0x02,0x00,0xa8,0x20,0x00,0x00,0x00,0x00,0x00,0x00,0x00,0x00,0x00,0x20,0x00,0x00,0x00,0x00,0x88,0x01,0x00,0x00,0x88,0x00,0x02,0x83,
    0x8a,0x4c,0xf9,0x21,0x42,0x01,0x08,0x00,0x0c,0x20,0x00,0x00,0x16,0x00,0x02,0x00,0x00,0x00,0x00,0x00,0x00,0x00,0x00,0x00,0x00,0x08,0x07,0x00,0x00,0x00,0x00,0x00,
    0x00,0x00,0x00,0x00,0x80,0x20,0x1b,0x06,0x00,0x00,0x00,0x00,0x00,0x02,0x00,0x00,0x80,0x40,0x23,0x1c,0x00,0x00,0x00,0x00,0x00,0x00,0x00,0x00,0x00,0x81,0x40,0x3c,
    0x00,0x00,0x00,0x00,0x00,0x00,0x00,0x00,0x00,0x00,0x20,0x04,0x11,0x0d,0x03,0x03,0x84,0x0c,0x00,0x00,0x00,0x00,0x00,0x00,0x00,0x00,0x00,0x00,0x00,0x00,0x00,0x40,
    0x00,0x00,0x00,0x02,0x11,0x00,0x80,0x00,0x24,0x00,0x60,0x8e,0x00,0x00,0x20,0x50,0x20,0x00,0x00,0x00,0x80,0x00,0x00,0x00,0x88,0x00,0x00,0x00,0x88,0xc4,0xae,0x11,
    0x06,0xcc,0x00,0x04,0x00,0x00,0x08,0x00,0x40,0x00,0x00,0x00,0x20,0x80,0xe0,0x00,0x00,0x00,0x00,0x00,0x00,0x00,0x00,0x00,0x07,0x08,0xd0,0x00,0x00,0x00,0x00,0x00,
    0x20,0x00,0x00,0x00,0x00,0x70,0x00,0x00,0x00,0x00,0x00,0x00,0x00,0x00,0x00,0x06,0x30,0xc0,0x00,0x00,0x00,0x02,0x00,0x00,0x00,0x00,0x00,0x08,0x73,0x80,0x00,0x00
  },
  { // 59
    0x02,0x00,0x00,0x20,0x00,0x04,0x00,0x00,0x00,0x18,0x24,0x18,0x00,0x00,0x00,0x00,0x00,0x00,0x00,0x00,0x00,0x00,0xc0,0x20,0xa0,0x10,0xe0,0x01,0x00,0x00,0x00,0x00,
    0x20,0x04,0x00,0x00,0x12,0x80,0x00,0x00,0x02,0x00,0xa8,0x88,0x00,0x00,0x00,0x00,0x00,0x00,0x00,0x00,0x00,0x00,0x00,0x00,0x88,0x00,0x00,0x00,0x88,0x00,0x00,0x80,
    0xc8,0x5c,0x27,0xc8,0x02,0x02,0x02,0x22,0x64,0x00,0x00,0x01,0x03,0x00,0x00,0x20,0x00,0x00,0x10,0x00,0x02,0x00,0x00,0xc0,0x30,0x08,0x02,0x01,0x00,0x00,0x00,0x00,
    0x00,0x00,0x00,0x80,0x40,0x20,0x0c,0x03,0x00,0x00,0x00,0x00,0x00,0x06,0x00,0x00,0x80,0x00,0x39,0x06,0x00,0x00,0x00,0x00,0x00,0x00,0x00,0x00,0x00,0x80,0x6e,0x30,
    0x00,0x20,0x00,0x00,0x00,0x00,0x80,0x50,0xc8,0x00,0x00,0x00,0x00,0x00,0x00,0x00,0x00,0x00,0x00,0x00,0x01,0x00,0x01,0x02,0x02,0x06,0x03,0x00,0x00,0x00,0x00,0x00,
    0x00,0x00,0x01,0x00,0x20,0x00,0x04,0x00,0x90,0xb8,0x04,0x03,0x00,0x00,0x00,0x00,0x00,0x00,0x00,0x00,0x00,0x00,0x00,0x00,0x8a,0x00,0x02,0x00,0x8c,0x06,0x28,0x33,
    0xe2,0xc5,0x01,0x49,0x50,0x02,0x00,0x80,0x00,0x00,0x00,0x00,0x14,0x00,0x00,0x00,0x00,0x00,0x00,0x00,0x00,0x00,0x00,0x03,0x04,0x10,0xe0,0x00,0x00,0x00,0x00,0x00,
    0x00,0x00,0x00,0x07,0x18,0x00,0xc0,0x00,0x00,0x00,0x00,0x20,0x00,0x00,0x04,0x0b,0x30,0x40,0x00,0x00,0x00,0x00,0x00,0x00,0x00,0x00,0x04,0x1a,0x40,0x80,0x00,0x00,
    0x04,0x00,0x00,0x00,0x00,0x00,0x01,0x02,0x01,0x02,0x00,0x80,0x00,0x01,0xe0,0x00,0x80,0x81,0x00,0x01,0x00,0x00,0x00,0x00,0x10,0x00,0x08,0x00,0x00,0x20,0x00,0x00,
    0x00,0x00,0x08,0x40,0x00,0x21,0x02,0x00,0xa8,0x20,0x00,0x00,0x00,0x00,0x00,0x00,0x00,0x00,0x00,0x00,0x20,0x00,0x00,0x00,0x80,0x00,0x01,0x00,0x88,0x00,0x02,0x00,
    0x8b,0x02,0xed,0xd9,0x22,0x11,0x80,0x00,0x04,0x20,0x00,0x00,0x16,0x00,0x02,0x00,0x00,0x00,0x00,0x00,0x00,0x00,0x00,0x00,0x00,0x08,0x07,0x00,0x00,0x00,0x00,0x00,
    0x00,0x00,0x00,0x80,0x00,0x20,0x1f,0x00,0x00,0x00,0x00,0x00,0x02,0x00,0x00,0x00,0x80,0x40,0x33,0x0c,0x00,0x00,0x00,0x00,0x00,0x00,0x00,0x00,0x00,0x81,0x40,0x3c,
    0x00,0x00,0x00,0x00,0x00,0x00,0x00,0x00,0x00,0x00,0x20,0x04,0x11,0x0d,0x03,0x03,0x84,0x0c,0x00,0x00,0x00,0x00,0x00,0x00,0x00,0x00,0x00,0x00,0x00,0x00,0x00,0x40,
    0x00,0x00,0x00,0x02,0x11,0x00,0x80,0x00,0x24,0x00,0x60,0x8e,0x00,0x00,0x20,0x50,0x20,0x00,0x00,0x00,0x00,0x00,0x00,0x00,0x88,0x00,0x00,0x00,0x88,0x40,0xe6,0x2e,
    0x13,0xcc,0x00,0x04,0x08,0x00,0x00,0x10,0x50,0x00,0x00,0x20,0x20,0x40,0x60,0x00,0x00,0x00,0x00,0x00,0x00,0x00,0x00,0x00,0x06,0x08,0xd0,0x00,0x00,0x00,0x00,0x20,
    0x00,0x00,0x00,0x00,0x00,0x70,0x00,0x00,0x00,0x00,0x00,0x00,0x00,0x00,0x00,0x0e,0x30,0x80,0x00,0x00,0x00,0x02,0x00,0x00,0x00,0x00,0x00,0x3a,0xc1,0x00,0x00,0x00
  },
  { // 60
    0x02,0x00,0x00,0x20,0x00,0x04,0x00,0x00,0x00,0x18,0x24,0x18,0x00,0x00,0x00,0x00,0x00,0x00,0x00,0x00,0x00,0x00,0xc0,0x20,0xa0,0x10,0xe0,0x01,0x00,0x00,0x00,0x00,
    0x20,0x04,0x00,0x00,0x12,0x80,0x00,0x00,0x02,0x00,0xa8,0x88,0x00,0x00,0x00,0x00,0x00,0x00,0x00,0x00,0x00,0x00,0x00,0x00,0x88,0x00,0x00,0x00,0x88,0x00,0x00,0x00,
    0x88,0x48,0x7e,0xb3,0x00,0x02,0x00,0x22,0x24,0x00,0x00,0x01,0x03,0x00,0x00,0x20,0x00,0x00,0x00,0x00,0x00,0x00,0x00,0xc0,0x30,0x08,0x03,0x00,0x00,0x00,0x00,0x00,
    0x00,0x00,0x00,0x80,0x40,0x28,0x0d,0x02,0x00,0x00,0x00,0x00,0x00,0x00,0x00,0x00,0x80,0x00,0x3f,0x00,0x00,0x00,0x80,0x00,0x00,0x00,0x00,0x00,0x00,0xc1,0x7e,0x00,
    0x00,0x20,0x00,0x00,0x00,0x00,0x80,0x50,0xc8,0x00,0x00,0x00,0x00,0x00,0x00,0x00,0x00,0x00,0x00,0x00,0x01,0x00,0x01,0x02,0x02,0x06,0x03,0x00,0x00,0x00,0x00,0x00,
    0x00,0x00,0x01,0x00,0x20,0x00,0x04,0x00,0x90,0xb8,0x04,0x03,0x00,0x00,0x00,0x00,0x00,0x00,0x00,0x00,0x00,0x00,0x00,0x00,0x8a,0x00,0x00,0x00,0x88,0x04,0x26,0x08,
    0xb3,0xc6,0x89,0x49,0x50,0x02,0x00,0x81,0x00,0x00,0x20,0x00,0x10,0x00,0x08,0x00,0x00,0x00,0x00,0x00,0x40,0x00,0x00,0x07,0x00,0x10,0xe0,0x00,0x00,0x00,0x00,0x00,
    0x00,0x00,0x02,0x05,0x10,0x00,0xc0,0x00,0x00,0x00,0x00,0x40,0x80,0x00,0x06,0x09,0x20,0x40,0x00,0x00,0x00,0x10,0x00,0x00,0x00,0x00,0x04,0x3a,0x40,0x80,0x00,0x00,
    0x04,0x00,0x00,0x00,0x00,0x00,0x01,0x02,0x01,0x02,0x00,0x80,0x00,0x01,0xe0,0x00,0x80,0x81,0x00,0x01,0x00,0x00,0x00,0x00,0x10,0x00,0x08,0x00,0x00,0x20,0x00,0x00,
    0x00,0x00,0x08,0x40,0x00,0x21,0x02,0x00,0xa8,0x20,0x00,0x00,0x00,0x00,0x00,0x00,0x00,0x00,0x00,0x00,0x20,0x00,0x00,0x00,0x80,0x00,0x01,0x00,0x88,0x00,0x02,0x00,
    0x89,0x83,0x20,0xcd,0x32,0x69,0x80,0x00,0x04,0x00,0x00,0x00,0x16,0x00,0x00,0x00,0x80,0x00,0x00,0x02,0x00,0x00,0x00,0x00,0x00,0x0e,0x03,0x00,0x00,0x00,0x00,0x00,
    0x00,0x00,0x00,0x80,0x00,0x30,0x0f,0x00,0x00,0x00,0x00,0x00,0x00,0x00,0x00,0x00,0x80,0x40,0x3b,0x0c,0x00,0x00,0x00,0x00,0x00,0x00,0x00,0x00,0x00,0x81,0x44,0x38,
    0x00,0x00,0x00,0x00,0x00,0x00,0x00,0x00,0x00,0x00,0x20,0x04,0x11,0x0d,0x03,0x03,0x84,0x0c,0x00,0x00,0x00,0x00,0x00,0x00,0x00,0x00,0x00,0x00,0x00,0x00,0x00,0x40,
    0x00,0x00,0x00,0x02,0x11,0x00,0x80,0x00,0x24,0x00,0x60,0x8e,0x00,0x00,0x20,0x50,0x20,0x00,0x00,0x00,0x00,0x00,0x00,0x00,0x88,0x00,0x00,0x00,0x88,0x00,0x62,0xa4,
    0x4e,0xd3,0x00,0x07,0x08,0x00,0x00,0x11,0x50,0x00,0x00,0x20,0x20,0x00,0x04,0x00,0x00,0x00,0x00,0x00,0x00,0x00,0x00,0x01,0x06,0xd8,0x00,0x00,0x00,0x00,0x00,0x00,
    0x00,0x00,0x00,0x00,0x00,0x70,0x00,0x00,0x00,0x04,0x00,0x40,0x00,0x00,0x00,0x0e,0x70,0x80,0x00,0x00,0x00,0x00,0x00,0x00,0x00,0x00,0x00,0x3a,0x81,0x00,0x00,0x00
  },
  { // 61
    0x02,0x00,0x00,0x20,0x00,0x04,0x00,0x00,0x00,0x18,0x24,0x18,0x00,0x00,0x00,0x00,0x00,0x00,0x00,0x00,0x00,0x00,0xc0,0x20,0xa0,0x10,0xe0,0x01,0x00,0x00,0x00,0x00,
    0x20,0x04,0x00,0x00,0x12,0x80,0x00,0x00,0x02,0x00,0xa8,0x88,0x00,0x00,0x00,0x00,0x00,0x00,0x00,0x00,0x00,0x00,0x00,0x00,0x80,0x00,0x00,0x00,0x88,0x00,0x00,0x00,
    0x88,0x80,0x6a,0xdf,0x33,0x00,0x00,0x22,0x24,0x00,0x00,0x80,0x03,0x00,0x00,0x22,0x84,0x00,0x00,0x00,0x00,0x00,0x00,0xc0,0x38,0x00,0x03,0x00,0x00,0x00,0x00,0x00,
    0x00,0x00,0x00,0xc0,0x60,0x28,0x07,0x00,0x00,0x00,0x00,0x00,0x00,0x00,0x00,0x80,0x00,0x20,0x3f,0x00,0x00,0x00,0x80,0x00,0x00,0x00,0x00,0x00,0x80,0x41,0x3e,0x00,
    0x00,0x20,0x00,0x00,0x00,0x00,0x80,0x50,0xc8,0x00,0x00,0x00,0x00,0x00,0x00,0x00,0x00,0x00,0x00,0x00,0x01,0x00,0x01,0x02,0x02,0x06,0x03,0x00,0x00,0x00,0x00,0x00,
    0x00,0x00,0x01,0x00,0x20,0x00,0x04,0x00,0x90,0xb8,0x04,0x03,0x00,0x00,0x00,0x00,0x00,0x00,0x00,0x00,0x00,0x00,0x00,0x00,0x08,0x02,0x00,0x00,0x88,0x00,0x26,0x02,
    0x89,0x33,0xc8,0x08,0x50,0x02,0x00,0x81,0x00,0x00,0x20,0x01,0x00,0x00,0x08,0x00,0x00,0x00,0x00,0x00,0x40,0x00,0x00,0x07,0x00,0x30,0xc0,0x00,0x00,0x00,0x00,0x00,
    0x00,0x00,0x02,0x09,0x10,0x40,0x80,0x00,0x00,0x00,0x00,0x40,0x00,0x00,0x06,0x19,0x20,0x40,0x00,0x00,0x00,0x10,0x00,0x00,0x00,0x00,0x0c,0x32,0xc0,0x00,0x00,0x00,
    0x04,0x00,0x00,0x00,0x00,0x00,0x01,0x02,0x01,0x02,0x00,0x80,0x00,0x01,0xe0,0x00,0x80,0x81,0x00,0x01,0x00,0x00,0x00,0x00,0x10,0x00,0x08,0x00,0x00,0x20,0x00,0x00,
    0x00,0x00,0x08,0x40,0x00,0x21,0x02,0x00,0xa8,0x20,0x00,0x00,0x00,0x00,0x00,0x00,0x00,0x00,0x00,0x00,0x20,0x00,0x00,0x00,0x00,0x00,0x00,0x01,0x88,0x00,0x00,0x00,
    0x88,0x01,0xa2,0x01,0x4e,0x31,0xa0,0x00,0x14,0x00,0x00,0x00,0x36,0x80,0x00,0x00,0xa0,0x00,0x00,0x02,0x00,0x00,0x00,0x00,0x00,0x0f,0x00,0x00,0x00,0x00,0x00,0x00,
    0x00,0x00,0x00,0x80,0x00,0x30,0x0f,0x00,0x00,0x00,0x00,0x00,0x00,0x00,0x00,0x80,0x80,0x41,0x3e,0x00,0x00,0x00,0x00,0x00,0x00,0x00,0x00,0x00,0x80,0x01,0x6c,0x10,
    0x00,0x00,0x00,0x00,0x00,0x00,0x00,0x00,0x00,0x00,0x20,0x04,0x11,0x0d,0x03,0x03,0x84,0x0c,0x00,0x00,0x00,0x00,0x00,0x00,0x00,0x00,0x00,0x00,0x00,0x00,0x00,0x40,
    0x00,0x00,0x00,0x02,0x11,0x00,0x80,0x00,0x24,0x00,0x60,0x8e,0x00,0x00,0x00,0x20,0x50,0x20,0x00,0x00,0x00,0x00,0x00,0x00,0x88,0x00,0x00,0x00,0x88,0x00,0x22,0xc0,
    0xa8,0x4e,0x13,0x44,0x08,0x00,0x04,0x11,0xf1,0x00,0x01,0x20,0x00,0x00,0x04,0x00,0x00,0x00,0x00,0x00,0x00,0x00,0x00,0x01,0x06,0xd8,0x00,0x00,0x00,0x00,0x00,0x00,
    0x00,0x00,0x00,0x00,0x10,0x60,0x00,0x00,0x00,0x04,0x40,0x00,0x00,0x00,0x00,0x0e,0x70,0x80,0x00,0x00,0x00,0x00,0x00,0x00,0x00,0x00,0x00,0x7a,0x81,0x00,0x00,0x00
  },
  { // 62
    0x02,0x00,0x00,0x20,0x00,0x04,0x00,0x00,0x00,0x18,0x24,0x18,0x00,0x00,0x00,0x00,0x00,0x00,0x00,0x00,0x00,0x00,0xc0,0x20,0xa0,0x10,0xe0,0x01,0x00,0x00,0x00,0x00,
    0x20,0x04,0x00,0x00,0x12,0x80,0x00,0x00,0x02,0x00,0xa8,0x88,0x00,0x00,0x00,0x00,0x00,0x00,0x00,0x00,0x00,0x00,0x00,0x00,0x00,0x00,0x00,0x00,0x88,0x00,0x00,0x00,
    0x88,0x00,0xa2,0x48,0x1f,0x30,0x00,0x22,0x24,0x02,0x00,0x00,0x03,0x00,0x00,0x22,0x84,0x00,0x00,0x00,0x00,0x00,0x00,0xc0,0x38,0x00,0x03,0x00,0x00,0x00,0x00,0x00,
    0x00,0x00,0x00,0xc0,0x20,0x08,0x07,0x00,0x00,0x00,0x00,0x00,0x00,0x00,0x00,0x80,0x00,0x20,0x1f,0x00,0x00,0x00,0x80,0x00,0x00,0x00,0x00,0x00,0x80,0x43,0x3c,0x00,
    0x00,0x20,0x00,0x00,0x00,0x00,0x80,0x50,0xc8,0x00,0x00,0x00,0x00,0x00,0x00,0x00,0x00,0x00,0x00,0x00,0x01,0x00,0x01,0x02,0x02,0x06,0x03,0x00,0x00,0x00,0x00,0x00,
    0x00,0x00,0x01,0x00,0x20,0x00,0x04,0x00,0x90,0xb8,0x04,0x03,0x00,0x00,0x00,0x00,0x00,0x00,0x00,0x00,0x00,0x00,0x00,0x00,0x08,0x02,0x00,0x00,0x88,0x00,0x22,0x04,
    0x8a,0x29,0xf0,0x88,0x12,0x22,0x00,0x13,0x00,0x00,0x20,0x01,0x00,0x00,0x08,0x00,0x00,0x00,0x00,0x00,0x40,0x00,0x00,0x07,0x00,0x30,0xc0,0x00,0x00,0x00,0x00,0x00,
    0x00,0x00,0x07,0x08,0x10,0xc0,0x00,0x00,0x00,0x00,0x00,0xc0,0x00,0x00,0x06,0x19,0x60,0x00,0x00,0x00,0x00,0x10,0x00,0x00,0x00,0x00,0x0e,0x30,0x80,0x00,0x00,0x00,
    0x04,0x00,0x00,0x00,0x00,0x00,0x01,0x02,0x01,0x02,0x00,0x80,0x00,0x01,0xe0,0x00,0x80,0x81,0x00,0x01,0x00,0x00,0x00,0x00,0x10,0x00,0x08,0x00,0x00,0x20,0x00,0x00,
    0x00,0x00,0x08,0x40,0x00,0x21,0x02,0x00,0xa8,0x20,0x00,0x00,0x00,0x00,0x00,0x00,0x00,0x00,0x00,0x00,0x20,0x00,0x00,0x00,0x00,0x00,0x00,0x01,0x88,0x00,0x00,0x00,
    0x88,0x01,0x03,0x82,0x0c,0x5d,0xb0,0x00,0x14,0x00,0x01,0x00,0x22,0x80,0x00,0x00,0xa0,0x00,0x00,0x02,0x00,0x00,0x00,0x00,0x08,0x0f,0x00,0x00,0x00,0x00,0x00,0x00,
    0x00,0x00,0x00,0x80,0x20,0x39,0x0e,0x00,0x00,0x00,0x00,0x00,0x00,0x00,0x00,0x80,0x40,0x21,0x1e,0x00,0x00,0x00,0x00,0x00,0x00,0x00,0x00,0x00,0x81,0x40,0x3c,0x00,
    0x00,0x00,0x00,0x00,0x00,0x00,0x00,0x00,0x00,0x00,0x20,0x04,0x11,0x0d,0x03,0x03,0x84,0x0c,0x00,0x00,0x00,0x00,0x00,0x00,0x00,0x00,0x00,0x00,0x00,0x00,0x00,0x40,
    0x00,0x00,0x00,0x02,0x11,0x00,0x80,0x00,0x24,0x00,0x60,0x8e,0x00,0x00,0x00,0x20,0x50,0x20,0x00,0x00,0x00,0x00,0x00,0x00,0x80,0x00,0x00,0x00,0x88,0x00,0x20,0x40,
    0xe8,0x20,0x5f,0x53,0x08,0x88,0x84,0x11,0xe1,0x81,0x01,0x20,0x00,0x00,0x04,0x00,0x00,0x00,0x00,0x00,0x00,0x00,0x00,0x01,0x04,0xd0,0x00,0x00,0x00,0x00,0x00,0x00,
    0x00,0x00,0x00,0x00,0x30,0x40,0x00,0x00,0x00,0x04,0x40,0x00,0x00,0x00,0x00,0x1e,0x60,0x00,0x00,0x00,0x00,0x00,0x00,0x00,0x00,0x00,0x00,0x7a,0x81,0x00,0x00,0x00
  },
  { // 63
    0x02,0x00,0x00,0x20,0x00,0x04,0x00,0x00,0x00,0x18,0x24,0x18,0x00,0x00,0x00,0x00,0x00,0x00,0x00,0x00,0x00,0x00,0xc0,0x20,0xa0,0x10,0xe0,0x01,0x00,0x00,0x00,0x00,
    0x20,0x04,0x00,0x00,0x12,0x80,0x00,0x00,0x02,0x00,0xa8,0x88,0x00,0x00,0x00,0x00,0x00,0x00,0x00,0x00,0x00,0x00,0x00,0x00,0x00,0x00,0x00,0x00,0x88,0x00,0x00,0x00,
    0x88,0x00,0x02,0x80,0x49,0x1f,0x30,0x80,0x04,0x12,0x00,0x10,0x01,0x00,0x00,0x20,0x84,0x00,0x00,0x00,0x00,0x00,0x80,0x60,0x18,0x02,0x01,0x00,0x00,0x00,0x00,0x00,
    0x00,0x00,0x80,0x40,0x20,0x08,0x07,0x00,0x00,0x00,0x00,0x00,0x00,0x00,0x00,0x80,0x00,0x21,0x1e,0x00,0x00,0x80,0x80,0x00,0x00,0x00,0x00,0x00,0x80,0x43,0x3c,0x00,
    0x00,0x20,0x00,0x00,0x00,0x00,0x80,0x50,0xc8,0x00,0x00,0x00,0x00,0x00,0x00,0x00,0x00,0x00,0x00,0x00,0x01,0x00,0x01,0x02,0x02,0x06,0x03,0x00,0x00,0x00,0x00,0x00,
    0x00,0x00,0x01,0x00,0x20,0x00,0x04,0x00,0x90,0xb8,0x04,0x03,0x00,0x00,0x00,0x00,0x00,0x00,0x00,0x00,0x00,0x00,0x00,0x00,0x00,0x00,0x02,0x00,0x88,0x00,0x02,0x00,
    0x8e,0x02,0x39,0xd0,0x02,0x22,0x00,0x13,0x00,0x20,0x20,0x01,0x00,0x00,0x08,0x00,0x00,0x00,0x00,0x40,0x00,0x00,0x01,0x04,0x00,0xf0,0x00,0x00,0x00,0x00,0x00,0x00,
    0x00,0x00,0x07,0x08,0x10,0xc0,0x00,0x00,0x00,0x00,0x00,0x80,0x00,0x00,0x0f,0x30,0x40,0x00,0x00,0x00,0x00,0x10,0x00,0x00,0x00,0x00,0x1e,0x60,0x80,0x00,0x00,0x00,
    0x04,0x00,0x00,0x00,0x00,0x00,0x01,0x02,0x01,0x02,0x00,0x80,0x00,0x01,0xe0,0x00,0x80,0x81,0x00,0x01,0x00,0x00,0x00,0x00,0x10,0x00,0x08,0x00,0x00,0x20,0x00,0x00,
    0x00,0x00,0x08,0x40,0x00,0x21,0x02,0x00,0xa8,0x20,0x00,0x00,0x00,0x00,0x00,0x00,0x00,0x00,0x00,0x00,0x20,0x00,0x00,0x00,0x00,0x00,0x00,0x01,0x80,0x00,0x00,0x00,
    0x88,0x00,0x03,0x82,0x88,0x45,0x7c,0x20,0xdc,0x00,0x01,0x00,0x60,0x00,0x00,0x00,0xa0,0x00,0x00,0x00,0x00,0x00,0x00,0x00,0x08,0x07,0x00,0x00,0x00,0x00,0x00,0x00,
    0x00,0x00,0x00,0x80,0x20,0x1b,0x04,0x00,0x00,0x00,0x00,0x00,0x00,0x00,0x00,0x80,0x40,0x23,0x1c,0x00,0x00,0x00,0x00,0x00,0x00,0x00,0x00,0x00,0x81,0x40,0x3c,0x00,
    0x00,0x00,0x00,0x00,0x00,0x00,0x00,0x00,0x00,0x00,0x20,0x04,0x11,0x0d,0x03,0x03,0x84,0x0c,0x00,0x00,0x00,0x00,0x00,0x00,0x00,0x00,0x00,0x00,0x00,0x00,0x00,0x40,
    0x00,0x00,0x00,0x02,0x11,0x00,0x80,0x00,0x24,0x00,0x60,0x8e,0x00,0x00,0x00,0x20,0x50,0x20,0x00,0x00,0x00,0x00,0x00,0x00,0x80,0x00,0x00,0x00,0x88,0x00,0x20,0x00,
    0xc8,0xa0,0x42,0x5d,0x03,0x88,0x94,0x91,0xf1,0x91,0x81,0x20,0x00,0x00,0x04,0x00,0x00,0x00,0x00,0x00,0x00,0x00,0x00,0x03,0x0c,0xd0,0x00,0x00,0x00,0x00,0x00,0x00,
    0x00,0x00,0x00,0x00,0x70,0x00,0x00,0x00,0x00,0x04,0x40,0x00,0x00,0x00,0x04,0x3a,0xc0,0x00,0x00,0x00,0x00,0x00,0x00,0x00,0x00,0x00,0x08,0x73,0x00,0x00,0x00,0x00
  },
  { // 64
    0x02,0x00,0x00,0x20,0x00,0x04,0x00,0x00,0x00,0x18,0x24,0x18,0x00,0x00,0x00,0x00,0x00,0x00,0x00,0x00,0x00,0x00,0xc0,0x20,0xa0,0x10,0xe0,0x01,0x00,0x00,0x00,0x00,
    0x20,0x04,0x00,0x00,0x12,0x80,0x00,0x00,0x02,0x00,0xa8,0x88,0x00,0x00,0x00,0x00,0x00,0x00,0x00,0x00,0x00,0x00,0x00,0x00,0x00,0x00,0x00,0x00,0x88,0x00,0x00,0x00,
    0x88,0x00,0x00,0x80,0x88,0x49,0x3e,0xb0,0x04,0x12,0x01,0x10,0x01,0x00,0x00,0x38,0x04,0x00,0x00,0x00,0x00,0x00,0xc0,0x60,0x18,0x03,0x00,0x00,0x00,0x00,0x00,0x00,
    0x00,0x00,0x80,0x40,0x20,0x0d,0x02,0x00,0x00,0x00,0x00,0x00,0x00,0x00,0x00,0x80,0x00,0x39,0x0e,0x00,0x00,0x80,0x00,0x00,0x00,0x00,0x00,0x00,0x81,0x46,0x38,0x00,
    0x00,0x20,0x00,0x00,0x00,0x00,0x80,0x50,0xc8,0x00,0x00,0x00,0x00,0x00,0x00,0x00,0x00,0x00,0x00,0x00,0x01,0x00,0x01,0x02,0x02,0x06,0x03,0x00,0x00,0x00,0x00,0x00,
    0x00,0x00,0x01,0x00,0x20,0x00,0x04,0x00,0x90,0xb8,0x04,0x03,0x00,0x00,0x00,0x00,0x00,0x00,0x00,0x00,0x00,0x00,0x00,0x00,0x00,0x00,0x00,0x02,0x88,0x00,0x02,0x00,
    0x88,0x06,0x22,0xf9,0x92,0x20,0x00,0x13,0x00,0x20,0x20,0x00,0x01,0x00,0x08,0x00,0x00,0x00,0x00,0x40,0x00,0x00,0x03,0x04,0x10,0xe0,0x00,0x00,0x00,0x00,0x00,0x00,
    0x00,0x00,0x07,0x08,0x10,0xc0,0x00,0x00,0x00,0x00,0x40,0x80,0x00,0x00,0x0f,0x30,0x40,0x00,0x00,0x00,0x10,0x00,0x00,0x00,0x00,0x00,0x3e,0x40,0x80,0x00,0x00,0x00,
    0x04,0x00,0x00,0x00,0x00,0x00,0x01,0x02,0x01,0x02,0x00,0x80,0x00,0x01,0xe0,0x00,0x80,0x81,0x00,0x01,0x00,0x00,0x00,0x00,0x10,0x00,0x08,0x00,0x00,0x20,0x00,0x00,
    0x00,0x00,0x08,0x40,0x00,0x21,0x02,0x00,0xa8,0x20,0x00,0x00,0x00,0x00,0x00,0x00,0x00,0x00,0x00,0x00,0x20,0x00,0x00,0x00,0x00,0x00,0x00,0x00,0x81,0x00,0x00,0x00,
    0x88,0x00,0x02,0x01,0x8a,0x01,0x64,0x38,0xe4,0x10,0x00,0x00,0x60,0x00,0x00,0x00,0x88,0x00,0x00,0x00,0x00,0x00,0x00,0x00,0x08,0x07,0x00,0x00,0x00,0x00,0x00,0x00,
    0x00,0x00,0x80,0x00,0x30,0x1f,0x00,0x00,0x00,0x00,0x00,0x00,0x00,0x00,0x00,0x80,0x40,0x33,0x0c,0x00,0x00,0x00,0x00,0x00,0x00,0x00,0x00,0x00,0x81,0x40,0x3c,0x00,
    0x00,0x00,0x00,0x00,0x00,0x00,0x00,0x00,0x00,0x00,0x20,0x04,0x11,0x0d,0x03,0x03,0x84,0x0c,0x00,0x00,0x00,0x00,0x00,0x00,0x00,0x00,0x00,0x00,0x00,0x00,0x00,0x40,
    0x00,0x00,0x00,0x02,0x11,0x00,0x80,0x00,0x24,0x00,0x60,0x8e,0x00,0x00,0x00,0x20,0x50,0x20,0x00,0x00,0x00,0x00,0x00,0x00,0x80,0x00,0x00,0x00,0x88,0x00,0x00,0x00,
    0x88,0xc0,0xa2,0x40,0x3f,0x83,0x94,0xb1,0xd1,0x91,0x81,0x00,0x08,0x00,0x00,0x00,0x00,0x00,0x00,0x00,0x00,0x00,0x00,0x03,0x4c,0x90,0x00,0x00,0x00,0x00,0x00,0x00,
    0x00,0x00,0x00,0x00,0x70,0x00,0x00,0x00,0x00,0x00,0x40,0x00,0x00,0x00,0x06,0x78,0x80,0x00,0x00,0x00,0x00,0x00,0x00,0x00,0x00,0x00,0x38,0xc3,0x00,0x00,0x00,0x00
  },
  { // 65
    0x02,0x00,0x00,0x20,0x00,0x04,0x00,0x00,0x00,0x18,0x24,0x18,0x00,0x00,0x00,0x00,0x00,0x00,0x00,0x00,0x00,0x00,0xc0,0x20,0xa0,0x10,0xe0,0x01,0x00,0x00,0x00,0x00,
    0x20,0x04,0x00,0x00,0x12,0x80,0x00,0x00,0x02,0x00,0xa8,0x88,0x00,0x00,0x00,0x00,0x00,0x00,0x00,0x00,0x00,0x00,0x00,0x00,0x00,0x00,0x08,0x14,0x88,0x00,0x00,0x00,
    0x88,0x00,0x00,0x00,0x88,0x00,0x6b,0x9e,0x30,0x02,0x01,0x10,0x01,0x00,0x01,0x38,0x04,0x00,0x00,0x80,0x00,0x00,0xc0,0x10,0x18,0x03,0x00,0x00,0x00,0x00,0x00,0x00,
    0x00,0x00,0x80,0x40,0x20,0x0f,0x00,0x00,0x00,0x00,0x00,0x00,0x00,0x00,0x00,0x80,0x00,0x3b,0x04,0x00,0x00,0x80,0x00,0x00,0x00,0x00,0x00,0x80,0xc1,0x4e,0x30,0x00,
    0x00,0x20,0x00,0x00,0x00,0x00,0x80,0x50,0xc8,0x00,0x00,0x00,0x00,0x00,0x00,0x00,0x00,0x00,0x00,0x00,0x01,0x00,0x01,0x02,0x02,0x06,0x03,0x00,0x00,0x00,0x00,0x00,
    0x00,0x00,0x01,0x00,0x20,0x00,0x04,0x00,0x90,0xb8,0x04,0x03,0x00,0x00,0x00,0x00,0x00,0x00,0x00,0x00,0x00,0x00,0x00,0x00,0x00,0x00,0x00,0x00,0x88,0x00,0x00,0x00,
    0x88,0x00,0x26,0x22,0xf9,0x00,0x20,0x13,0x00,0x20,0x20,0x01,0x09,0x00,0x09,0x00,0x00,0x00,0x00,0x00,0x00,0x00,0x03,0x04,0x30,0xc0,0x00,0x00,0x00,0x00,0x00,0x00,
    0x00,0x00,0x07,0x18,0x40,0x80,0x00,0x00,0x00,0x00,0xc0,0x00,0x00,0x06,0x09,0x30,0x40,0x00,0x00,0x00,0x10,0x00,0x00,0x00,0x00,0x04,0x3a,0xc0,0x00,0x00,0x00,0x00,
    0x04,0x00,0x00,0x00,0x00,0x00,0x01,0x02,0x01,0x02,0x00,0x80,0x00,0x01,0xe0,0x00,0x80,0x81,0x00,0x01,0x00,0x00,0x00,0x00,0x10,0x00,0x08,0x00,0x00,0x20,0x00,0x00,
    0x00,0x00,0x08,0x40,0x00,0x21,0x02,0x00,0xa8,0x20,0x00,0x00,0x00,0x00,0x00,0x00,0x00,0x00,0x00,0x00,0x20,0xd0,0x20,0x00,0x00,0x00,0x00,0x01,0x82,0x01,0x00,0x00,
    0x88,0x00,0x02,0x01,0x8a,0x83,0x20,0x4c,0xb8,0x00,0x00,0x20,0x20,0x00,0x04,0x00,0x88,0x00,0x00,0x00,0x00,0x00,0x00,0x00,0x0f,0x00,0x00,0x00,0x00,0x00,0x00,0x00,
    0x00,0x00,0x80,0x00,0x30,0x0f,0x00,0x00,0x00,0x00,0x00,0x00,0x00,0x00,0x00,0x80,0x41,0x32,0x0c,0x00,0x00,0x00,0x00,0x00,0x00,0x00,0x00,0x00,0x81,0x64,0x38,0x00,
    0x00,0x00,0x00,0x00,0x00,0x00,0x00,0x00,0x00,0x00,0x20,0x04,0x11,0x0d,0x03,0x03,0x84,0x0c,0x00,0x00,0x00,0x00,0x00,0x00,0x00,0x00,0x00,0x00,0x00,0x00,0x00,0x40,
    0x00,0x00,0x00,0x02,0x11,0x00,0x80,0x00,0x24,0x00,0x60,0x8e,0x00,0x00,0x00,0x00,0x20,0x00,0x00,0x00,0x01,0x02,0x01,0x00,0x00,0x00,0x00,0x00,0x88,0x00,0x00,0x00,
    0x88,0x40,0xe0,0x20,0x08,0x9d,0x83,0xb0,0xd1,0x91,0x81,0x00,0x08,0x00,0x00,0x00,0x00,0x00,0x00,0x00,0x00,0x00,0x00,0x07,0xc8,0x00,0x00,0x00,0x00,0x00,0x00,0x00,
    0x00,0x00,0x00,0x00,0x70,0x00,0x00,0x00,0x04,0x00,0x40,0x00,0x00,0x00,0x06,0x70,0x80,0x00,0x00,0x00,0x00,0x00,0x00,0x00,0x00,0x00,0x78,0x83,0x00,0x00,0x00,0x00
  },
  { // 66
    0x02,0x00,0x00,0x20,0x00,0x04,0x00,0x00,0x00,0x18,0x24,0x18,0x00,0x00,0x00,0x00,0x00,0x00,0x00,0x00,0x00,0x00,0xc0,0x20,0xa0,0x10,0xe0,0x01,0x00,0x00,0x00,0x00,
    0x20,0x04,0x00,0x00,0x12,0x80,0x00,0x00,0x02,0x00,0xa8,0x88,0x00,0x00,0x00,0x00,0x00,0x00,0x00,0x00,0x00,0x00,0x00,0x00,0x00,0x00,0x00,0x08,0x94,0x08,0x00,0x00,
    0x88,0x00,0x00,0x00,0x88,0x80,0x63,0xce,0x3c,0x32,0x01,0x31,0x01,0x00,0x01,0x38,0x04,0x00,0x00,0x80,0x00,0x00,0xc0,0x00,0x08,0x03,0x00,0x00,0x00,0x00,0x00,0x00,
    0x00,0x00,0xc0,0x40,0x20,0x0f,0x00,0x00,0x00,0x00,0x00,0x00,0x00,0x00,0x80,0x00,0x00,0x3f,0x00,0x00,0x00,0x80,0x00,0x00,0x00,0x00,0x00,0x80,0x41,0x2e,0x10,0x00,
    0x00,0x20,0x00,0x00,0x00,0x00,0x80,0x50,0xc8,0x00,0x00,0x00,0x00,0x00,0x00,0x00,0x00,0x00,0x00,0x00,0x01,0x00,0x01,0x02,0x02,0x06,0x03,0x00,0x00,0x00,0x00,0x00,
    0x00,0x00,0x01,0x00,0x20,0x00,0x04,0x00,0x90,0xb8,0x04,0x03,0x00,0x00,0x00,0x00,0x00,0x00,0x00,0x00,0x00,0x00,0x00,0x00,0x00,0x00,0x00,0x00,0x88,0x00,0x00,0x00,
    0x88,0x00,0x22,0x06,0xe9,0x99,0x20,0x13,0x00,0x20,0x20,0x01,0x09,0x00,0x0d,0x00,0x00,0x00,0x00,0x00,0x00,0x00,0x03,0x00,0x70,0x80,0x00,0x00,0x00,0x00,0x00,0x00,
    0x00,0x02,0x05,0x18,0xc0,0x00,0x00,0x00,0x00,0x00,0xc0,0x00,0x00,0x06,0x19,0x60,0x00,0x00,0x00,0x00,0x10,0x00,0x00,0x00,0x00,0x04,0x3a,0x80,0x00,0x00,0x00,0x00,
    0x04,0x00,0x00,0x00,0x00,0x00,0x01,0x02,0x01,0x02,0x00,0x80,0x00,0x01,0xe0,0x00,0x80,0x81,0x00,0x01,0x00,0x00,0x00,0x00,0x10,0x00,0x08,0x00,0x00,0x20,0x00,0x00,
    0x00,0x00,0x08,0x40,0x00,0x21,0x02,0x00,0xa8,0x20,0x00,0x00,0x00,0x00,0x00,0x00,0x00,0x00,0x00,0x00,0x20,0xd0,0x20,0x00,0x00,0x00,0x00,0x01,0x02,0x01,0x00,0x00,
    0x88,0x00,0x02,0x00,0x89,0x02,0xa2,0x40,0xdc,0x30,0x00,0x25,0x20,0x00,0x04,0x00,0x88,0x00,0x00,0x00,0x00,0x00,0x00,0x00,0x0f,0x00,0x00,0x00,0x00,0x00,0x00,0x00,
    0x00,0x00,0x80,0x20,0x31,0x0e,0x00,0x00,0x00,0x00,0x00,0x00,0x00,0x00,0x80,0x40,0x21,0x1e,0x00,0x00,0x00,0x00,0x00,0x00,0x00,0x00,0x00,0x80,0x40,0x34,0x00,0x00,
    0x00,0x00,0x00,0x00,0x00,0x00,0x00,0x00,0x00,0x00,0x20,0x04,0x11,0x0d,0x03,0x03,0x84,0x0c,0x00,0x00,0x00,0x00,0x00,0x00,0x00,0x00,0x00,0x00,0x00,0x00,0x00,0x40,
    0x00,0x00,0x00,0x02,0x11,0x00,0x80,0x00,0x24,0x00,0x60,0x8e,0x00,0x00,0x00,0x00,0x20,0x00,0x00,0x00,0x01,0x02,0x01,0x00,0x00,0x00,0x00,0x00,0x80,0x00,0x00,0x00,
    0x88,0x00,0x60,0xa0,0x28,0x90,0x9f,0xa3,0xd0,0x11,0x85,0x00,0x08,0x08,0x00,0x00,0x00,0x00,0x00,0x00,0x00,0x00,0x01,0x06,0xd8,0x00,0x00,0x00,0x00,0x00,0x00,0x00,
    0x00,0x00,0x00,0x00,0x40,0x00,0x00,0x00,0x04,0x40,0x00,0x00,0x00,0x00,0x0e,0x70,0x80,0x00,0x00,0x00,0x00,0x00,0x00,0x00,0x00,0x00,0x7a,0x83,0x00,0x00,0x00,0x00
  },
  { // 67
    0x02,0x00,0x00,0x20,0x00,0x04,0x00,0x00,0x00,0x18,0x24,0x18,0x00,0x00,0x00,0x00,0x00,0x00,0x00,0x00,0x00,0x00,0xc0,0x20,0xa0,0x10,0xe0,0x01,0x00,0x00,0x00,0x00,
    0x20,0x04,0x00,0x00,0x12,0x80,0x00,0x00,0x02,0x00,0xa8,0x88,0x00,0x00,0x00,0x00,0x00,0x00,0x00,0x00,0x00,0x00,0x00,0x00,0x00,0x00,0x00,0x08,0x14,0x08,0x00,0x00,
    0x88,0x00,0x00,0x00,0x88,0x00,0xa2,0x41,0x0e,0x3c,0x31,0x05,0x00,0x00,0x01,0x38,0x04,0x00,0x00,0x80,0x00,0x00,0x80,0x00,0x02,0x03,0x00,0x00,0x00,0x00,0x00,0x00,
    0x00,0x00,0xc0,0x20,0x08,0x07,0x00,0x00,0x00,0x00,0x00,0x00,0x00,0x00,0x80,0x00,0x21,0x1e,0x00,0x00,0x00,0x80,0x00,0x00,0x00,0x00,0x00,0x80,0x43,0x3c,0x00,0x00,
    0x00,0x20,0x00,0x00,0x00,0x00,0x80,0x50,0xc8,0x00,0x00,0x00,0x00,0x00,0x00,0x00,0x00,0x00,0x00,0x00,0x01,0x00,0x01,0x02,0x02,0x06,0x03,0x00,0x00,0x00,0x00,0x00,
    0x00,0x00,0x01,0x00,0x20,0x00,0x04,0x00,0x90,0xb8,0x04,0x03,0x00,0x00,0x00,0x00,0x00,0x00,0x00,0x00,0x00,0x00,0x00,0x00,0x00,0x00,0x00,0x00,0x88,0x80,0x00,0x00,
    0x88,0x00,0x22,0x00,0xae,0xe9,0x19,0x02,0x00,0x20,0x00,0x41,0x09,0x00,0x0d,0x40,0x00,0x00,0x00,0x00,0x00,0x00,0x07,0x00,0xf0,0x00,0x00,0x00,0x00,0x00,0x00,0x00,
    0x00,0x03,0x0c,0x10,0xc0,0x00,0x00,0x00,0x00,0x40,0x80,0x00,0x00,0x06,0x39,0x40,0x00,0x00,0x00,0x00,0x10,0x00,0x00,0x00,0x00,0x0e,0x72,0x80,0x00,0x00,0x00,0x00,
    0x04,0x00,0x00,0x00,0x00,0x00,0x01,0x02,0x01,0x02,0x00,0x80,0x00,0x01,0xe0,0x00,0x80,0x81,0x00,0x01,0x00,0x00,0x00,0x00,0x10,0x00,0x08,0x00,0x00,0x20,0x00,0x00,
    0x00,0x00,0x08,0x40,0x00,0x21,0x02,0x00,0xa8,0x20,0x00,0x00,0x00,0x00,0x00,0x00,0x00,0x00,0x00,0x00,0x20,0xd0,0x20,0x00,0x00,0x00,0x00,0x00,0x01,0x02,0x01,0x00,
    0x88,0x00,0x00,0x00,0x89,0x01,0x22,0x80,0x4c,0x3c,0x20,0xc5,0x00,0x00,0x04,0x08,0x88,0x00,0x00,0x00,0x00,0x00,0x00,0x00,0x07,0x00,0x00,0x00,0x00,0x00,0x00,0x00,
    0x00,0x00,0x80,0x20,0x1b,0x04,0x00,0x00,0x00,0x00,0x00,0x00,0x00,0x00,0x80,0x40,0x21,0x1e,0x00,0x00,0x00,0x00,0x00,0x00,0x00,0x00,0x00,0x81,0x40,0x3c,0x00,0x00,
    0x00,0x00,0x00,0x00,0x00,0x00,0x00,0x00,0x00,0x00,0x20,0x04,0x11,0x0d,0x03,0x03,0x84,0x0c,0x00,0x00,0x00,0x00,0x00,0x00,0x00,0x00,0x00,0x00,0x00,0x00,0x00,0x40,
    0x00,0x00,0x00,0x02,0x11,0x00,0x80,0x00,0x24,0x00,0x60,0x8e,0x00,0x00,0x00,0x00,0x20,0x00,0x00,0x00,0x01,0x02,0x01,0x00,0x00,0x00,0x00,0x00,0x80,0x00,0x00,0x00,
    0x88,0x00,0x20,0x40,0xa8,0x00,0xb2,0xbd,0xc3,0x10,0x95,0x00,0x00,0x09,0x00,0x00,0x00,0x10,0x02,0x20,0x00,0x00,0x00,0x04,0xd8,0x00,0x00,0x00,0x00,0x00,0x00,0x00,
    0x00,0x00,0x00,0x70,0x00,0x00,0x00,0x00,0x04,0x40,0x00,0x00,0x00,0x00,0x0e,0x40,0x00,0x00,0x00,0x00,0x00,0x00,0x00,0x00,0x00,0x00,0x7a,0x81,0x00,0x00,0x00,0x00
  },
  { // 68
    0x02,0x00,0x00,0x20,0x00,0x04,0x00,0x00,0x00,0x18,0x24,0x18,0x00,0x00,0x00,0x00,0x00,0x00,0x00,0x00,0x00,0x00,0xc0,0x20,0xa0,0x10,0xe0,0x01,0x00,0x00,0x00,0x00,
    0x20,0x04,0x00,0x00,0x12,0x80,0x00,0x00,0x02,0x00,0xa8,0x88,0x00,0x00,0x00,0x00,0x00,0x00,0x00,0x00,0x00,0x00,0x00,0x00,0x00,0x00,0x00,0x00,0x08,0x14,0x08,0x00,
    0x88,0x00,0x00,0x00,0x88,0x00,0x82,0x81,0x4a,0x0e,0x31,0x0d,0x10,0x10,0x11,0x3c,0x00,0x00,0x80,0x00,0x04,0x00,0x00,0x00,0x03,0x00,0x00,0x00,0x00,0x00,0x00,0x00,
    0x00,0x80,0x40,0x20,0x09,0x06,0x00,0x00,0x00,0x00,0x00,0x00,0x00,0x00,0x80,0x00,0x21,0x1e,0x00,0x00,0x80,0x00,0x00,0x00,0x00,0x00,0x00,0x81,0x42,0x3c,0x00,0x00,
    0x00,0x20,0x00,0x00,0x00,0x00,0x80,0x50,0xc8,0x00,0x00,0x00,0x00,0x00,0x00,0x00,0x00,0x00,0x00,0x00,0x01,0x00,0x01,0x02,0x02,0x06,0x03,0x00,0x00,0x00,0x00,0x00,
    0x00,0x00,0x01,0x00,0x20,0x00,0x04,0x00,0x90,0xb8,0x04,0x03,0x00,0x00,0x00,0x00,0x00,0x00,0x00,0x00,0x00,0x00,0x00,0x00,0x00,0x00,0x00,0x00,0x80,0x80,0x00,0x00,
    0x88,0x00,0x22,0x00,0x88,0xe6,0x99,0x1e,0x20,0x20,0x02,0x41,0x09,0x00,0x0d,0x40,0x00,0x20,0x00,0x00,0x00,0x00,0x06,0x00,0xf0,0x00,0x00,0x00,0x00,0x00,0x00,0x00,
    0x00,0x07,0x08,0x10,0xc0,0x00,0x00,0x00,0x00,0x40,0x80,0x00,0x00,0x07,0x38,0x40,0x00,0x00,0x00,0x00,0x10,0x00,0x00,0x00,0x00,0x3e,0x40,0x80,0x00,0x00,0x00,0x00,
    0x04,0x00,0x00,0x00,0x00,0x00,0x01,0x02,0x01,0x02,0x00,0x80,0x00,0x01,0xe0,0x00,0x80,0x81,0x00,0x01,0x00,0x00,0x00,0x00,0x10,0x00,0x08,0x00,0x00,0x20,0x00,0x00,
    0x00,0x00,0x08,0x40,0x00,0x21,0x02,0x00,0xa8,0x20,0x00,0x00,0x00,0x00,0x00,0x00,0x00,0x00,0x00,0x00,0x20,0xd0,0x20,0x00,0x00,0x00,0x00,0x00,0x01,0x02,0x01,0x00,
    0x88,0x00,0x00,0x00,0x88,0x01,0x02,0x83,0x88,0x5c,0x38,0xc5,0x00,0x10,0x04,0x08,0x88,0x00,0x00,0x00,0x00,0x00,0x00,0x00,0x07,0x00,0x00,0x00,0x00,0x00,0x00,0x00,
    0x00,0x00,0x80,0x30,0x0b,0x04,0x00,0x00,0x00,0x00,0x00,0x00,0x00,0x00,0x80,0x40,0x33,0x0c,0x00,0x00,0x00,0x00,0x00,0x00,0x00,0x00,0x00,0x81,0x40,0x3c,0x00,0x00,
    0x00,0x00,0x00,0x00,0x00,0x00,0x00,0x00,0x00,0x00,0x20,0x04,0x11,0x0d,0x03,0x03,0x84,0x0c,0x00,0x00,0x00,0x00,0x00,0x00,0x00,0x00,0x00,0x00,0x00,0x00,0x00,0x40,
    0x00,0x00,0x00,0x02,0x11,0x00,0x80,0x00,0x24,0x00,0x60,0x8e,0x00,0x00,0x00,0x00,0x20,0x00,0x00,0x00,0x01,0x02,0x01,0x00,0x00,0x00,0x00,0x00,0x80,0x00,0x00,0x00,
    0x88,0x00,0x20,0x00,0xe8,0xa0,0x02,0xb0,0xcd,0x13,0x94,0x00,0x00,0x09,0x20,0x00,0x00,0x91,0x02,0x20,0x00,0x00,0x00,0x00,0xd0,0x00,0x00,0x00,0x00,0x00,0x00,0x00,
    0x00,0x00,0x00,0x70,0x00,0x00,0x00,0x00,0x04,0x40,0x00,0x00,0x00,0x00,0x3e,0xc0,0x00,0x00,0x00,0x00,0x00,0x00,0x00,0x00,0x00,0x00,0x5b,0x81,0x00,0x00,0x00,0x00
  },
  { // 69
    0x02,0x00,0x00,0x20,0x00,0x04,0x00,0x00,0x00,0x18,0x24,0x18,0x00,0x00,0x00,0x00,0x00,0x00,0x00,0x00,0x00,0x00,0xc0,0x20,0xa0,0x10,0xe0,0x01,0x00,0x00,0x00,0x00,
    0x20,0x04,0x00,0x00,0x12,0x80,0x00,0x00,0x02,0x00,0xa8,0x88,0x00,0x00,0x00,0x00,0x00,0x00,0x00,0x00,0x00,0x00,0x00,0x00,0x00,0x00,0x00,0x00,0x08,0x14,0x08,0x00,
    0x80,0x00,0x00,0x00,0x88,0x00,0x02,0x80,0x09,0x42,0x2d,0x33,0x08,0x10,0x10,0x34,0x00,0x10,0x80,0x00,0x04,0x00,0x20,0x00,0x01,0x00,0x00,0x00,0x00,0x00,0x00,0x00,
    0x00,0x80,0x40,0x20,0x0f,0x00,0x00,0x00,0x00,0x00,0x00,0x00,0x00,0x00,0x80,0x00,0x33,0x1c,0x00,0x00,0x80,0x00,0x00,0x00,0x00,0x00,0x00,0x81,0x42,0x3c,0x00,0x00,
    0x00,0x20,0x00,0x00,0x00,0x00,0x80,0x50,0xc8,0x00,0x00,0x00,0x00,0x00,0x00,0x00,0x00,0x00,0x00,0x00,0x01,0x00,0x01,0x02,0x02,0x06,0x03,0x00,0x00,0x00,0x00,0x00,
    0x00,0x00,0x01,0x00,0x20,0x00,0x04,0x00,0x90,0xb8,0x04,0x03,0x00,0x00,0x00,0x00,0x00,0x00,0x00,0x00,0x00,0x00,0x00,0x00,0x00,0x00,0x00,0x00,0x00,0x00,0x80,0x00,
    0x88,0x00,0x20,0x00,0x88,0x00,0xe6,0x19,0x28,0x20,0x07,0x41,0x08,0x00,0x0c,0xc0,0x01,0x20,0x00,0x00,0x00,0x00,0x06,0x30,0xc0,0x00,0x00,0x00,0x00,0x00,0x00,0x00,
    0x00,0x07,0x08,0x50,0x80,0x00,0x00,0x00,0x00,0xc0,0x00,0x00,0x00,0x0f,0x30,0x40,0x00,0x00,0x00,0x10,0x00,0x00,0x00,0x00,0x00,0x3e,0xc0,0x00,0x00,0x00,0x00,0x00,
    0x04,0x00,0x00,0x00,0x00,0x00,0x01,0x02,0x01,0x02,0x00,0x80,0x00,0x01,0xe0,0x00,0x80,0x81,0x00,0x01,0x00,0x00,0x00,0x00,0x10,0x00,0x08,0x00,0x00,0x20,0x00,0x00,
    0x00,0x00,0x08,0x40,0x00,0x21,0x02,0x00,0xa8,0x20,0x00,0x00,0x00,0x00,0x00,0x00,0x00,0x00,0x00,0x00,0x20,0x50,0xa0,0x00,0x00,0x00,0x00,0x00,0x00,0x01,0x02,0x01,
    0x80,0x00,0x00,0x00,0x88,0x00,0x03,0x02,0x8a,0xc0,0x7e,0x21,0x00,0x10,0x04,0x10,0x88,0x04,0x00,0x00,0x00,0x00,0x00,0x03,0x04,0x00,0x00,0x00,0x00,0x00,0x00,0x00,
    0x00,0x80,0x00,0x30,0x0f,0x00,0x00,0x00,0x00,0x00,0x00,0x00,0x00,0x00,0x80,0x41,0x32,0x0c,0x00,0x00,0x00,0x00,0x00,0x00,0x00,0x00,0x00,0x81,0x60,0x1c,0x00,0x00,
    0x00,0x00,0x00,0x00,0x00,0x00,0x00,0x00,0x00,0x00,0x20,0x04,0x11,0x0d,0x03,0x03,0x84,0x0c,0x00,0x00,0x00,0x00,0x00,0x00,0x00,0x00,0x00,0x00,0x00,0x00,0x00,0x40,
    0x00,0x00,0x00,0x02,0x11,0x00,0x80,0x00,0x24,0x00,0x60,0x8e,0x00,0x00,0x00,0x00,0x00,0x20,0x00,0x00,0x00,0x01,0x02,0x01,0x00,0x00,0x00,0x00,0x80,0x00,0x00,0x00,
    0x88,0x00,0x20,0x00,0xc8,0xe0,0xa0,0x00,0x58,0x0d,0xf3,0x00,0x01,0x01,0x20,0x00,0x00,0x91,0x02,0x20,0x00,0x00,0x00,0x40,0x90,0x00,0x00,0x00,0x00,0x00,0x00,0x00,
    0x00,0x00,0x00,0x70,0x00,0x00,0x00,0x00,0x04,0x40,0x00,0x00,0x00,0x00,0x7e,0x80,0x00,0x00,0x00,0x00,0x00,0x00,0x00,0x00,0x00,0x38,0xc3,0x00,0x00,0x00,0x00,0x00
  },
  { // 70
    0x02,0x00,0x00,0x20,0x00,0x04,0x00,0x00,0x00,0x18,0x24,0x18,0x00,0x00,0x00,0x00,0x00,0x00,0x00,0x00,0x00,0x00,0xc0,0x20,0xa0,0x10,0xe0,0x01,0x00,0x00,0x00,0x00,
    0x20,0x04,0x00,0x00,0x12,0x80,0x00,0x00,0x02,0x00,0xa8,0x88,0x00,0x00,0x00,0x00,0x00,0x00,0x00,0x00,0x00,0x00,0x00,0x00,0x00,0x00,0x00,0x00,0x08,0x14,0x08,0x00,
    0x80,0x00,0x00,0x00,0x88,0x00,0x00,0x00,0x89,0x40,0x63,0x0d,0x30,0x00,0x10,0x14,0x00,0x10,0x80,0x00,0x04,0x00,0x20,0x00,0x01,0x00,0x00,0x00,0x00,0x00,0x00,0x00,
    0x00,0x80,0x40,0x20,0x0f,0x00,0x00,0x00,0x00,0x00,0x00,0x00,0x00,0x80,0x00,0x00,0x3b,0x04,0x00,0x00,0x80,0x00,0x00,0x00,0x00,0x00,0x80,0x41,0x26,0x18,0x00,0x00,
    0x00,0x20,0x00,0x00,0x00,0x00,0x80,0x50,0xc8,0x00,0x00,0x00,0x00,0x00,0x00,0x00,0x00,0x00,0x00,0x00,0x01,0x00,0x01,0x02,0x02,0x06,0x03,0x00,0x00,0x00,0x00,0x00,
    0x00,0x00,0x01,0x00,0x20,0x00,0x04,0x00,0x90,0xb8,0x04,0x03,0x00,0x00,0x00,0x00,0x00,0x00,0x00,0x00,0x00,0x00,0x00,0x00,0x00,0x00,0x00,0x00,0x00,0x00,0x80,0x00,
    0x88,0x00,0x00,0x00,0x88,0x00,0xe2,0x86,0x39,0x20,0x05,0x51,0x08,0x02,0x08,0xc0,0x01,0x20,0x08,0x00,0x00,0x00,0x00,0xe0,0x00,0x00,0x00,0x00,0x00,0x00,0x00,0x00,
    0x00,0x07,0x18,0xc0,0x00,0x00,0x00,0x00,0x00,0xc0,0x00,0x00,0x00,0x0f,0x70,0x00,0x00,0x00,0x00,0x10,0x00,0x00,0x00,0x00,0x00,0x7e,0x80,0x00,0x00,0x00,0x00,0x00,
    0x04,0x00,0x00,0x00,0x00,0x00,0x01,0x02,0x01,0x02,0x00,0x80,0x00,0x01,0xe0,0x00,0x80,0x81,0x00,0x01,0x00,0x00,0x00,0x00,0x10,0x00,0x08,0x00,0x00,0x20,0x00,0x00,
    0x00,0x00,0x08,0x40,0x00,0x21,0x02,0x00,0xa8,0x20,0x00,0x00,0x00,0x00,0x00,0x00,0x00,0x00,0x00,0x00,0x20,0x50,0xa0,0x00,0x00,0x00,0x00,0x00,0x00,0x01,0x02,0x01,
    0x80,0x00,0x00,0x00,0x88,0x00,0x03,0x01,0x8a,0x80,0x72,0x3d,0x00,0x12,0x04,0x10,0x88,0x04,0x00,0x40,0x00,0x00,0x00,0x01,0x04,0x00,0x00,0x00,0x00,0x00,0x00,0x00,
    0x00,0x80,0x20,0x11,0x0e,0x00,0x00,0x00,0x00,0x00,0x00,0x00,0x00,0x00,0xc0,0x21,0x1e,0x00,0x00,0x00,0x00,0x00,0x00,0x00,0x00,0x00,0x80,0xc1,0x34,0x08,0x00,0x00,
    0x00,0x00,0x00,0x00,0x00,0x00,0x00,0x00,0x00,0x00,0x20,0x04,0x11,0x0d,0x03,0x03,0x84,0x0c,0x00,0x00,0x00,0x00,0x00,0x00,0x00,0x00,0x00,0x00,0x00,0x00,0x00,0x40,
    0x00,0x00,0x00,0x02,0x11,0x00,0x80,0x00,0x24,0x00,0x60,0x8e,0x00,0x00,0x00,0x00,0x00,0x20,0x00,0x00,0x00,0x01,0x02,0x01,0x00,0x00,0x00,0x00,0x00,0x00,0x00,0x00,
    0x88,0x00,0x00,0x00,0x88,0x40,0xa0,0x80,0x58,0x18,0xe7,0x02,0x01,0x01,0x20,0x04,0x08,0x91,0x02,0x00,0x00,0x00,0x01,0xc0,0x00,0x00,0x00,0x00,0x00,0x00,0x00,0x00,
    0x00,0x00,0x00,0x70,0x00,0x00,0x00,0x00,0x04,0x40,0x00,0x00,0x00,0x04,0x7a,0x80,0x00,0x00,0x00,0x00,0x00,0x00,0x00,0x00,0x00,0x78,0x83,0x00,0x00,0x00,0x00,0x00
  },
  { // 71
    0x02,0x00,0x00,0x20,0x00,0x04,0x00,0x00,0x00,0x18,0x24,0x18,0x00,0x00,0x00,0x00,0x00,0x00,0x00,0x00,0x00,0x00,0xc0,0x20,0xa0,0x10,0xe0,0x01,0x00,0x00,0x00,0x00,
    0x20,0x04,0x00,0x00,0x12,0x80,0x00,0x00,0x02,0x00,0xa8,0x88,0x00,0x00,0x00,0x00,0x00,0x00,0x00,0x00,0x00,0x00,0x00,0x00,0x00,0x00,0x00,0x00,0x00,0x00,0x08,0x00,
    0x80,0x00,0x00,0x00,0x88,0x00,0x00,0x00,0x88,0x81,0x62,0x03,0x2c,0x30,0x00,0x14,0x10,0x80,0x80,0x00,0x06,0x00,0x20,0x00,0x00,0x00,0x00,0x00,0x00,0x00,0x00,0x00,
    0x00,0xc0,0x20,0x20,0x0f,0x00,0x00,0x00,0x00,0x00,0x00,0x00,0x00,0x80,0x00,0x21,0x1e,0x00,0x00,0x00,0x80,0x00,0x00,0x00,0x00,0x00,0x80,0x41,0x2c,0x10,0x00,0x00,
    0x00,0x20,0x00,0x00,0x00,0x00,0x80,0x50,0xc8,0x00,0x00,0x00,0x00,0x00,0x00,0x00,0x00,0x00,0x00,0x00,0x01,0x00,0x01,0x02,0x02,0x06,0x03,0x00,0x00,0x00,0x00,0x00,
    0x00,0x00,0x01,0x00,0x20,0x00,0x04,0x00,0x90,0xb8,0x04,0x03,0x00,0x00,0x00,0x00,0x00,0x00,0x00,0x00,0x00,0x00,0x00,0x08,0x14,0x08,0x00,0x00,0x00,0x00,0x02,0x05,
    0x8a,0x00,0x00,0x00,0x88,0x00,0x22,0xe0,0x1e,0x39,0x04,0xd9,0x08,0x82,0x0a,0xc0,0x01,0x20,0x08,0x00,0x00,0x00,0x00,0xe0,0x00,0x00,0x00,0x00,0x00,0x00,0x00,0x00,
    0x00,0x07,0x18,0xc0,0x00,0x00,0x00,0x00,0x40,0x80,0x00,0x00,0x02,0x39,0x40,0x00,0x00,0x00,0x00,0x10,0x00,0x00,0x00,0x00,0x04,0x7e,0x80,0x00,0x00,0x00,0x00,0x00,
    0x04,0x00,0x00,0x00,0x00,0x00,0x01,0x02,0x01,0x02,0x00,0x80,0x00,0x01,0xe0,0x00,0x80,0x81,0x00,0x01,0x00,0x00,0x00,0x00,0x10,0x00,0x08,0x00,0x00,0x20,0x00,0x00,
    0x00,0x00,0x08,0x40,0x00,0x21,0x02,0x00,0xa8,0x20,0x00,0x00,0x00,0x00,0x00,0x00,0x00,0x00,0x00,0x00,0x00,0x00,0x00,0x00,0x00,0x00,0x00,0x00,0x00,0x00,0x00,0x01,
    0x00,0x00,0x00,0x00,0x88,0x00,0x02,0x01,0x88,0x02,0xa0,0x7d,0x20,0x12,0x04,0x38,0x80,0x04,0x00,0x40,0x00,0x00,0x00,0x01,0x00,0x00,0x00,0x00,0x00,0x00,0x00,0x00,
    0x00,0x80,0x20,0x19,0x06,0x00,0x00,0x00,0x00,0x00,0x00,0x00,0x00,0x80,0x40,0x31,0x1e,0x00,0x00,0x00,0x00,0x00,0x00,0x00,0x00,0x00,0x81,0x40,0x3c,0x00,0x00,0x00,
    0x00,0x00,0x00,0x00,0x00,0x00,0x00,0x00,0x00,0x00,0x20,0x04,0x11,0x0d,0x03,0x03,0x84,0x0c,0x00,0x00,0x00,0x00,0x00,0x00,0x00,0x00,0x00,0x00,0x00,0x00,0x00,0x40,
    0x00,0x00,0x00,0x02,0x11,0x00,0x80,0x00,0x24,0x00,0x60,0x8e,0x00,0x00,0x00,0x00,0x20,0x50,0x20,0x00,0x00,0x00,0x00,0x00,0x00,0x00,0x00,0x00,0x00,0x00,0x00,0x00,
    0x80,0x00,0x00,0x00,0x88,0x00,0x60,0xa0,0x48,0x50,0xea,0x05,0x02,0x01,0x28,0x06,0x88,0x10,0x02,0x00,0x00,0x00,0x01,0xc0,0x00,0x00,0x00,0x00,0x00,0x00,0x00,0x00,
    0x00,0x00,0x20,0x40,0x00,0x00,0x00,0x04,0x40,0x00,0x00,0x00,0x00,0x0e,0x70,0x80,0x00,0x00,0x00,0x00,0x00,0x00,0x00,0x00,0x00,0x78,0x83,0x00,0x00,0x00,0x00,0x00
  },
  { // 72
    0x02,0x00,0x00,0x20,0x00,0x04,0x00,0x00,0x00,0x18,0x24,0x18,0x00,0x00,0x00,0x00,0x00,0x00,0x00,0x00,0x00,0x00,0xc0,0x20,0xa0,0x10,0xe0,0x01,0x00,0x00,0x00,0x00,
    0x20,0x04,0x00,0x00,0x12,0x80,0x00,0x00,0x02,0x00,0xa8,0x88,0x00,0x00,0x00,0x00,0x00,0x00,0x00,0x00,0x00,0x00,0x00,0x00,0x00,0x00,0x00,0x00,0x00,0x00,0x08,0x00,
    0x80,0x00,0x00,0x00,0x88,0x00,0x00,0x00,0x88,0x81,0xa3,0x42,0x0c,0x3c,0x00,0x1c,0x12,0x80,0x80,0x00,0x06,0x00,0x20,0x00,0x00,0x10,0x00,0x00,0x00,0x00,0x00,0x00,
    0x80,0xc0,0x20,0x09,0x06,0x00,0x00,0x00,0x00,0x00,0x00,0x00,0x00,0x80,0x00,0x21,0x1e,0x00,0x00,0x80,0x00,0x00,0x00,0x00,0x00,0x00,0x81,0x42,0x3c,0x00,0x00,0x00,
    0x00,0x20,0x00,0x00,0x00,0x00,0x80,0x50,0xc8,0x00,0x00,0x00,0x00,0x00,0x00,0x00,0x00,0x00,0x00,0x00,0x01,0x00,0x01,0x02,0x02,0x06,0x03,0x00,0x00,0x00,0x00,0x00,
    0x00,0x00,0x01,0x00,0x20,0x00,0x04,0x00,0x90,0xb8,0x04,0x03,0x00,0x00,0x00,0x00,0x00,0x00,0x00,0x00,0x00,0x00,0x00,0x08,0x14,0x08,0x00,0x00,0x00,0x00,0x02,0x05,
    0x82,0x00,0x00,0x00,0x88,0x00,0x22,0x60,0x88,0x36,0x09,0xb0,0x08,0x82,0x0a,0x40,0x01,0x20,0x08,0x00,0x00,0x00,0x00,0x60,0x00,0x00,0x00,0x00,0x00,0x00,0x00,0x00,
    0x00,0x04,0x18,0x80,0x00,0x00,0x00,0x00,0x40,0x80,0x00,0x00,0x06,0x39,0x40,0x00,0x00,0x00,0x00,0x10,0x00,0x00,0x00,0x00,0x34,0x42,0x80,0x00,0x00,0x00,0x00,0x00,
    0x04,0x00,0x00,0x00,0x00,0x00,0x01,0x02,0x01,0x02,0x00,0x80,0x00,0x01,0xe0,0x00,0x80,0x81,0x00,0x01,0x00,0x00,0x00,0x00,0x10,0x00,0x08,0x00,0x00,0x20,0x00,0x00,
    0x00,0x00,0x08,0x40,0x00,0x21,0x02,0x00,0xa8,0x20,0x00,0x00,0x00,0x00,0x00,0x00,0x00,0x00,0x00,0x00,0x00,0x00,0x00,0x00,0x00,0x00,0x00,0x00,0x00,0x00,0x00,0x01,
    0x00,0x00,0x00,0x00,0x88,0x00,0x02,0x00,0x89,0x00,0x22,0xd1,0x3c,0x02,0x04,0x28,0x80,0x04,0x00,0x40,0x00,0x00,0x00,0x80,0x00,0x00,0x00,0x00,0x00,0x00,0x00,0x00,
    0x00,0x80,0x30,0x0b,0x04,0x00,0x00,0x00,0x00,0x00,0x00,0x00,0x00,0x80,0x40,0x33,0x0c,0x00,0x00,0x00,0x00,0x00,0x00,0x00,0x00,0x00,0x81,0x40,0x3c,0x00,0x00,0x00,
    0x00,0x00,0x00,0x00,0x00,0x00,0x00,0x00,0x00,0x00,0x20,0x04,0x11,0x0d,0x03,0x03,0x84,0x0c,0x00,0x00,0x00,0x00,0x00,0x00,0x00,0x00,0x00,0x00,0x00,0x00,0x00,0x40,
    0x00,0x00,0x00,0x02,0x11,0x00,0x80,0x00,0x24,0x00,0x60,0x8e,0x00,0x00,0x00,0x00,0x20,0x50,0x20,0x00,0x00,0x00,0x00,0x00,0x00,0x00,0x00,0x00,0x00,0x00,0x00,0x00,
    0x80,0x00,0x00,0x00,0x88,0x00,0x20,0x60,0xa8,0x40,0xb2,0x8c,0x07,0x02,0x00,0x02,0x88,0x00,0x02,0x00,0x00,0x01,0x01,0x40,0x00,0x00,0x00,0x00,0x00,0x00,0x00,0x00,
    0x00,0x00,0x70,0x00,0x00,0x00,0x00,0x04,0x40,0x00,0x00,0x00,0x00,0x3e,0x40,0x80,0x00,0x00,0x00,0x00,0x00,0x00,0x00,0x00,0x00,0x7a,0x83,0x00,0x00,0x00,0x00,0x00
  },
  { // 73
    0x02,0x00,0x00,0x20,0x00,0x04,0x00,0x00,0x00,0x18,0x24,0x18,0x00,0x00,0x00,0x00,0x00,0x00,0x00,0x00,0x00,0x00,0xc0,0x20,0xa0,0x10,0xe0,0x01,0x00,0x00,0x00,0x00,
    0x20,0x04,0x00,0x00,0x12,0x80,0x00,0x00,0x02,0x00,0xa8,0x88,0x00,0x00,0x00,0x00,0x00,0x00,0x00,0x00,0x00,0x00,0x00,0x00,0x00,0x00,0x00,0x00,0x00,0x00,0x00,0x08,
    0x00,0x00,0x00,0x00,0x88,0x00,0x00,0x00,0x88,0x00,0xa3,0x40,0x0a,0x2c,0x32,0x0c,0x02,0x81,0x80,0x00,0x16,0x00,0x28,0x00,0x00,0x10,0x00,0x20,0x00,0x00,0x00,0x00,
    0x80,0x40,0x20,0x09,0x06,0x00,0x00,0x00,0x00,0x00,0x00,0x00,0x00,0x80,0x00,0x21,0x1e,0x00,0x00,0x80,0x00,0x00,0x00,0x00,0x00,0x00,0x81,0x42,0x3c,0x00,0x00,0x00,
    0x00,0x20,0x00,0x00,0x00,0x00,0x80,0x50,0xc8,0x00,0x00,0x00,0x00,0x00,0x00,0x00,0x00,0x00,0x00,0x00,0x01,0x00,0x01,0x02,0x02,0x06,0x03,0x00,0x00,0x00,0x00,0x00,
    0x00,0x00,0x01,0x00,0x20,0x00,0x04,0x00,0x90,0xb8,0x04,0x03,0x00,0x00,0x00,0x00,0x00,0x00,0x00,0x00,0x00,0x00,0x00,0x08,0x14,0x08,0x00,0x00,0x00,0x00,0x00,0x02,
    0x85,0x02,0x00,0x00,0x88,0x00,0x20,0x00,0xe8,0x90,0x1e,0x89,0x00,0x82,0x08,0x40,0x01,0x00,0x08,0x00,0x00,0x00,0x00,0x00,0x00,0x00,0x00,0x00,0x00,0x00,0x00,0x00,
    0x03,0x0c,0x50,0x80,0x00,0x00,0x00,0x00,0xc0,0x00,0x00,0x00,0x07,0x39,0x00,0x00,0x00,0x00,0x00,0x00,0x00,0x00,0x00,0x00,0x3e,0xc2,0x00,0x00,0x00,0x00,0x00,0x00,
    0x04,0x00,0x00,0x00,0x00,0x00,0x01,0x02,0x01,0x02,0x00,0x80,0x00,0x01,0xe0,0x00,0x80,0x81,0x00,0x01,0x00,0x00,0x00,0x00,0x10,0x00,0x08,0x00,0x00,0x20,0x00,0x00,
    0x00,0x00,0x08,0x40,0x00,0x21,0x02,0x00,0xa8,0x20,0x00,0x00,0x00,0x00,0x00,0x00,0x00,0x00,0x00,0x00,0x00,0x00,0x00,0x00,0x00,0x00,0x00,0x00,0x00,0x00,0x00,0x01,
    0x00,0x00,0x00,0x00,0x88,0x00,0x00,0x00,0x89,0x01,0x22,0x82,0xfc,0x26,0x00,0x28,0x80,0x04,0x00,0x40,0x00,0x00,0x01,0x80,0x00,0x00,0x00,0x00,0x00,0x00,0x00,0x00,
    0x00,0xa0,0x10,0x0f,0x00,0x00,0x00,0x00,0x00,0x00,0x00,0x00,0x00,0x80,0x60,0x1b,0x04,0x00,0x00,0x00,0x00,0x00,0x00,0x00,0x00,0x00,0x81,0x70,0x0c,0x00,0x00,0x00,
    0x00,0x00,0x00,0x00,0x00,0x00,0x00,0x00,0x00,0x00,0x20,0x04,0x11,0x0d,0x03,0x03,0x84,0x0c,0x00,0x00,0x00,0x00,0x00,0x00,0x00,0x00,0x00,0x00,0x00,0x00,0x00,0x40,
    0x00,0x00,0x00,0x02,0x11,0x00,0x80,0x00,0x24,0x00,0x60,0x8e,0x00,0x00,0x00,0x00,0x20,0x50,0x20,0x00,0x00,0x00,0x00,0x00,0x00,0x00,0x00,0x00,0x00,0x00,0x00,0x00,
    0x80,0x00,0x00,0x00,0x88,0x00,0x20,0x00,0xe8,0x80,0x12,0x98,0x0c,0x13,0x06,0x00,0x89,0x02,0x00,0x10,0x00,0x01,0x41,0x00,0x00,0x00,0x00,0x00,0x00,0x00,0x00,0x00,
    0x00,0x00,0x70,0x00,0x00,0x00,0x00,0x04,0x40,0x00,0x00,0x00,0x00,0x3e,0xc0,0x00,0x00,0x00,0x00,0x00,0x00,0x00,0x00,0x00,0x20,0x5a,0x81,0x00,0x00,0x00,0x00,0x00
  },
  { // 74
    0x02,0x00,0x00,0x20,0x00,0x04,0x00,0x00,0x00,0x18,0x24,0x18,0x00,0x00,0x00,0x00,0x00,0x00,0x00,0x00,0x00,0x00,0xc0,0x20,0xa0,0x10,0xe0,0x01,0x00,0x00,0x00,0x00,
    0x20,0x04,0x00,0x00,0x12,0x80,0x00,0x00,0x02,0x00,0xa8,0x88,0x00,0x00,0x00,0x00,0x00,0x00,0x00,0x00,0x00,0x00,0x00,0x00,0x00,0x00,0x00,0x00,0x00,0x00,0x00,0x08,
    0x00,0x00,0x00,0x00,0x80,0x00,0x00,0x00,0x88,0x00,0x03,0x81,0x4a,0x02,0x3d,0x10,0x02,0x81,0x80,0x00,0x16,0x20,0x2c,0x00,0x00,0x10,0x00,0x20,0x00,0x10,0x00,0x00,
    0x80,0x40,0x20,0x0f,0x00,0x00,0x00,0x00,0x00,0x00,0x00,0x00,0x00,0x80,0x00,0x33,0x0c,0x00,0x00,0x80,0x00,0x00,0x00,0x00,0x00,0x80,0x41,0x22,0x1c,0x00,0x00,0x01,
    0x00,0x20,0x00,0x00,0x00,0x00,0x80,0x50,0xc8,0x00,0x00,0x00,0x00,0x00,0x00,0x00,0x00,0x00,0x00,0x00,0x01,0x00,0x01,0x02,0x02,0x06,0x03,0x00,0x00,0x00,0x00,0x00,
    0x00,0x00,0x01,0x00,0x20,0x00,0x04,0x00,0x90,0xb8,0x04,0x03,0x00,0x00,0x00,0x00,0x00,0x00,0x00,0x00,0x00,0x00,0x00,0x00,0x08,0x14,0x08,0x00,0x00,0x00,0x00,0x00,
    0x82,0x05,0x02,0x00,0x88,0x00,0x20,0x00,0xe8,0xc0,0x12,0x8f,0x01,0x86,0x10,0x40,0x01,0x00,0x08,0x00,0x00,0x00,0x00,0x00,0x00,0x00,0x00,0x00,0x00,0x00,0x00,0x00,
    0x03,0x18,0xc0,0x00,0x00,0x00,0x00,0x00,0xc0,0x00,0x00,0x00,0x0f,0x70,0x00,0x00,0x00,0x00,0x10,0x00,0x00,0x00,0x00,0x00,0x7e,0x80,0x00,0x00,0x00,0x00,0x00,0x01,
    0x04,0x00,0x00,0x00,0x00,0x00,0x01,0x02,0x01,0x02,0x00,0x80,0x00,0x01,0xe0,0x00,0x80,0x81,0x00,0x01,0x00,0x00,0x00,0x00,0x10,0x00,0x08,0x00,0x00,0x20,0x00,0x00,
    0x00,0x00,0x08,0x40,0x00,0x21,0x02,0x00,0xa8,0x20,0x00,0x00,0x00,0x00,0x00,0x00,0x00,0x00,0x00,0x00,0x00,0x00,0x00,0x00,0x00,0x00,0x00,0x00,0x00,0x00,0x00,0x00,
    0x01,0x00,0x00,0x00,0x88,0x00,0x00,0x00,0x88,0x01,0x22,0x02,0xd8,0x6e,0x10,0x28,0x80,0x04,0x40,0x40,0x00,0x00,0x01,0xc0,0x00,0x00,0x00,0x00,0x00,0x00,0x00,0x00,
    0x80,0x20,0x18,0x07,0x00,0x00,0x00,0x00,0x00,0x00,0x00,0x00,0x00,0xc0,0x31,0x1e,0x00,0x00,0x00,0x00,0x00,0x00,0x00,0x00,0x00,0x00,0xc1,0x3c,0x00,0x00,0x00,0x00,
    0x00,0x00,0x00,0x00,0x00,0x00,0x00,0x00,0x00,0x00,0x20,0x04,0x11,0x0d,0x03,0x03,0x84,0x0c,0x00,0x00,0x00,0x00,0x00,0x00,0x00,0x00,0x00,0x00,0x00,0x00,0x00,0x40,
    0x00,0x00,0x00,0x02,0x11,0x00,0x80,0x00,0x24,0x00,0x60,0x8e,0x00,0x00,0x00,0x00,0x20,0x50,0x20,0x00,0x00,0x00,0x00,0x00,0x00,0x00,0x00,0x00,0x00,0x00,0x00,0x00,
    0x00,0x00,0x00,0x00,0x88,0x00,0x20,0x00,0xc8,0x60,0x80,0x10,0x08,0x14,0x43,0x02,0x8d,0x02,0x00,0x00,0x00,0x01,0x40,0x00,0x00,0x00,0x00,0x00,0x00,0x00,0x00,0x00,
    0x00,0x00,0x70,0x00,0x00,0x00,0x00,0x04,0x40,0x00,0x00,0x00,0x00,0x7e,0x80,0x00,0x00,0x00,0x00,0x00,0x00,0x00,0x00,0x00,0x38,0x43,0x00,0x00,0x00,0x00,0x00,0x00
  },
  { // 75
    0x02,0x00,0x00,0x20,0x00,0x04,0x00,0x00,0x00,0x18,0x24,0x18,0x00,0x00,0x00,0x00,0x00,0x00,0x00,0x00,0x00,0x00,0xc0,0x20,0xa0,0x10,0xe0,0x01,0x00,0x00,0x00,0x00,
    0x20,0x04,0x00,0x00,0x12,0x80,0x00,0x00,0x02,0x00,0xa8,0x88,0x00,0x00,0x00,0x00,0x00,0x00,0x00,0x00,0x00,0x00,0x00,0x00,0x00,0x00,0x00,0x00,0x00,0x00,0x00,0x08,
    0x00,0x00,0x00,0x00,0x80,0x00,0x00,0x00,0x88,0x00,0x02,0x01,0xc8,0x43,0x2d,0x7c,0x00,0x81,0x80,0x00,0x16,0x20,0x2c,0x00,0x00,0x10,0x00,0x20,0x00,0x11,0x00,0x00,
    0xc0,0x20,0x00,0x0f,0x00,0x00,0x00,0x00,0x00,0x00,0x00,0x00,0x80,0x00,0x21,0x1e,0x00,0x00,0x00,0x00,0x00,0x00,0x00,0x00,0x00,0x80,0x41,0x2e,0x10,0x00,0x00,0x00,
    0x00,0x20,0x00,0x00,0x00,0x00,0x80,0x50,0xc8,0x00,0x00,0x00,0x00,0x00,0x00,0x00,0x00,0x00,0x00,0x00,0x01,0x00,0x01,0x02,0x02,0x06,0x03,0x00,0x00,0x00,0x00,0x00,
    0x00,0x00,0x01,0x00,0x20,0x00,0x04,0x00,0x90,0xb8,0x04,0x03,0x00,0x00,0x00,0x00,0x00,0x00,0x00,0x00,0x00,0x00,0x00,0x00,0x08,0x14,0x08,0x00,0x00,0x00,0x00,0x00,
    0x82,0x05,0x02,0x00,0x88,0x00,0x20,0x00,0xa8,0xe0,0x82,0x14,0x0f,0x81,0x12,0x41,0x01,0x00,0x08,0x80,0x00,0x00,0x00,0x00,0x00,0x08,0x00,0x00,0x00,0x00,0x00,0x00,
    0x07,0x18,0xc0,0x00,0x00,0x00,0x00,0x00,0x00,0x00,0x00,0x00,0x3f,0x40,0x00,0x00,0x00,0x00,0x00,0x00,0x00,0x00,0x00,0x00,0x7e,0x80,0x00,0x00,0x00,0x20,0x0a,0x02,
    0x04,0x00,0x00,0x00,0x00,0x00,0x01,0x02,0x01,0x02,0x00,0x80,0x00,0x01,0xe0,0x00,0x80,0x81,0x00,0x01,0x00,0x00,0x00,0x00,0x10,0x00,0x08,0x00,0x00,0x20,0x00,0x00,
    0x00,0x00,0x08,0x40,0x00,0x21,0x02,0x00,0xa8,0x20,0x00,0x00,0x00,0x00,0x00,0x00,0x00,0x00,0x00,0x00,0x00,0x00,0x00,0x00,0x00,0x00,0x00,0x00,0x00,0x00,0x00,0x00,
    0x01,0x00,0x00,0x00,0x88,0x00,0x00,0x00,0x88,0x00,0x23,0x02,0x9a,0xfc,0x04,0x68,0x00,0x04,0x40,0x40,0x00,0x00,0x00,0x40,0x00,0x00,0x00,0x00,0x00,0x00,0x00,0x00,
    0x80,0x30,0x09,0x06,0x00,0x00,0x00,0x00,0x00,0x00,0x00,0x00,0x00,0xc0,0x31,0x0e,0x00,0x00,0x00,0x00,0x00,0x10,0x00,0x00,0x00,0x80,0x40,0x3c,0x00,0x00,0x00,0x00,
    0x00,0x00,0x00,0x00,0x00,0x00,0x00,0x00,0x00,0x00,0x20,0x04,0x11,0x0d,0x03,0x03,0x84,0x0c,0x00,0x00,0x00,0x00,0x00,0x00,0x00,0x00,0x00,0x00,0x00,0x00,0x00,0x40,
    0x00,0x00,0x00,0x02,0x11,0x00,0x80,0x00,0x24,0x00,0x60,0x8e,0x00,0x00,0x00,0x00,0x20,0x50,0x20,0x00,0x00,0x00,0x00,0x00,0x00,0x00,0x00,0x00,0x00,0x00,0x00,0x00,
    0x00,0x00,0x00,0x00,0x88,0x00,0x00,0x00,0x88,0x40,0x20,0x80,0x18,0x08,0x46,0x03,0x8c,0x62,0x00,0x04,0x40,0x01,0x42,0x01,0x00,0x00,0x00,0x00,0x00,0x00,0x00,0x00,
    0x00,0x00,0x70,0x00,0x00,0x00,0x00,0x18,0x00,0x00,0x00,0x00,0x04,0x72,0x80,0x00,0x00,0x00,0x00,0x02,0x00,0x00,0x00,0x00,0x78,0x83,0x00,0x00,0x00,0x00,0x00,0x00
  },
  { // 76
    0x02,0x00,0x00,0x20,0x00,0x04,0x00,0x00,0x00,0x18,0x24,0x18,0x00,0x00,0x00,0x00,0x00,0x00,0x00,0x00,0x00,0x00,0xc0,0x20,0xa0,0x10,0xe0,0x01,0x00,0x00,0x00,0x00,
    0x20,0x04,0x00,0x00,0x12,0x80,0x00,0x00,0x02,0x00,0xa8,0x88,0x00,0x00,0x00,0x00,0x00,0x00,0x00,0x00,0x00,0x00,0x00,0x00,0x00,0x00,0x00,0x00,0x00,0x00,0x00,0x08,
    0x00,0x00,0x00,0x00,0x80,0x00,0x00,0x00,0x88,0x00,0x00,0x01,0x89,0xc0,0x23,0x7c,0x10,0x80,0x80,0x00,0x12,0x20,0x2c,0x00,0x00,0x10,0x00,0x20,0x01,0x10,0x00,0x00,
    0xc0,0x20,0x09,0x06,0x00,0x00,0x00,0x00,0x00,0x00,0x00,0x00,0x80,0x00,0x21,0x1e,0x00,0x00,0x00,0x00,0x00,0x00,0x00,0x00,0x00,0x81,0x42,0x3c,0x00,0x00,0x00,0x00,
    0x00,0x20,0x00,0x00,0x00,0x00,0x80,0x50,0xc8,0x00,0x00,0x00,0x00,0x00,0x00,0x00,0x00,0x00,0x00,0x00,0x01,0x00,0x01,0x02,0x02,0x06,0x03,0x00,0x00,0x00,0x00,0x00,
    0x00,0x00,0x01,0x00,0x20,0x00,0x04,0x00,0x90,0xb8,0x04,0x03,0x00,0x00,0x00,0x00,0x00,0x00,0x00,0x00,0x00,0x00,0x00,0x00,0x08,0x14,0x08,0x00,0x00,0x00,0x00,0x00,
    0x00,0x02,0x05,0x02,0x88,0x00,0x20,0x00,0x88,0x60,0xc2,0x10,0x0c,0x8f,0x51,0x40,0x01,0x00,0x08,0x80,0x00,0x00,0x02,0x00,0x00,0x08,0x00,0x00,0x00,0x00,0x00,0x00,
    0x07,0x58,0x80,0x00,0x00,0x00,0x00,0x00,0x00,0x00,0x00,0x00,0x3f,0x40,0x00,0x00,0x00,0x00,0x00,0x00,0x00,0x00,0x00,0x20,0x4e,0x80,0x00,0x00,0x00,0x20,0x0a,0x00,
    0x04,0x00,0x00,0x00,0x00,0x00,0x01,0x02,0x01,0x02,0x00,0x80,0x00,0x01,0xe0,0x00,0x80,0x81,0x00,0x01,0x00,0x00,0x00,0x00,0x10,0x00,0x08,0x00,0x00,0x20,0x00,0x00,
    0x00,0x00,0x08,0x40,0x00,0x21,0x02,0x00,0xa8,0x20,0x00,0x00,0x00,0x00,0x00,0x00,0x00,0x00,0x00,0x00,0x00,0x00,0x00,0x00,0x00,0x00,0x00,0x00,0x00,0x00,0x00,0x00,
    0x00,0x01,0x00,0x00,0x08,0x00,0x00,0x00,0x88,0x00,0x03,0x01,0x8a,0x18,0xec,0x00,0x00,0x46,0x40,0x40,0x11,0x00,0x00,0x40,0x00,0x80,0x00,0x00,0x00,0x00,0x00,0x00,
    0xa0,0x30,0x0f,0x00,0x00,0x00,0x00,0x00,0x00,0x00,0x00,0x00,0x80,0x60,0x1b,0x04,0x00,0x00,0x00,0x00,0x10,0x00,0x00,0x00,0x00,0x81,0x70,0x1c,0x00,0x00,0x00,0x00,
    0x00,0x00,0x00,0x00,0x00,0x00,0x00,0x00,0x00,0x00,0x20,0x04,0x11,0x0d,0x03,0x03,0x84,0x0c,0x00,0x00,0x00,0x00,0x00,0x00,0x00,0x00,0x00,0x00,0x00,0x00,0x00,0x40,
    0x00,0x00,0x00,0x02,0x11,0x00,0x80,0x00,0x24,0x00,0x60,0x8e,0x00,0x00,0x00,0x00,0x00,0x20,0x50,0x20,0x00,0x00,0x00,0x00,0x00,0x00,0x00,0x00,0x00,0x00,0x00,0x00,
    0x00,0x00,0x00,0x00,0x88,0x00,0x00,0x00,0x88,0x00,0x60,0xa0,0x98,0x18,0x46,0x01,0x8f,0x60,0x00,0x0c,0x40,0x00,0x02,0x01,0x00,0x00,0x00,0x10,0x00,0x00,0x00,0x00,
    0x00,0x30,0x40,0x00,0x00,0x00,0x00,0x18,0x00,0x00,0x00,0x00,0x0e,0x70,0x80,0x00,0x00,0x00,0x02,0x00,0x00,0x00,0x00,0x00,0x78,0x83,0x00,0x00,0x00,0x00,0x00,0x00
  },
  { // 77
    0x02,0x00,0x00,0x20,0x00,0x04,0x00,0x00,0x00,0x18,0x24,0x18,0x00,0x00,0x00,0x00,0x00,0x00,0x00,0x00,0x00,0x00,0xc0,0x20,0xa0,0x10,0xe0,0x01,0x00,0x00,0x00,0x00,
    0x20,0x04,0x00,0x00,0x12,0x80,0x00,0x00,0x02,0x00,0xa8,0x88,0x00,0x00,0x00,0x00,0x00,0x00,0x00,0x00,0x00,0x00,0x00,0x00,0x00,0x00,0x00,0x00,0x00,0x00,0x00,0x00,
    0x08,0x00,0x00,0x00,0x80,0x00,0x00,0x00,0x88,0x00,0x00,0x00,0x89,0x80,0xe3,0x02,0x3c,0x80,0x80,0x00,0x12,0x20,0x0c,0x00,0x00,0x10,0x00,0x00,0x01,0x00,0x00,0x80,
    0x40,0x20,0x09,0x06,0x00,0x00,0x00,0x00,0x00,0x00,0x00,0x00,0x80,0x00,0x31,0x0e,0x00,0x00,0x00,0x00,0x00,0x00,0x00,0x00,0x00,0xc1,0x42,0x3c,0x00,0x00,0x00,0x00,
    0x00,0x20,0x00,0x00,0x00,0x00,0x80,0x50,0xc8,0x00,0x00,0x00,0x00,0x00,0x00,0x00,0x00,0x00,0x00,0x00,0x01,0x00,0x01,0x02,0x02,0x06,0x03,0x00,0x00,0x00,0x00,0x00,
    0x00,0x00,0x01,0x00,0x20,0x00,0x04,0x00,0x90,0xb8,0x04,0x03,0x00,0x00,0x00,0x00,0x00,0x00,0x00,0x00,0x00,0x00,0x00,0x00,0x00,0x08,0x14,0x08,0x00,0x00,0x00,0x00,
    0x00,0x02,0x05,0x02,0x88,0x00,0x00,0x00,0x88,0x00,0x60,0x80,0x18,0x8c,0x53,0x40,0x01,0x00,0x08,0x80,0x01,0x00,0x02,0x00,0x00,0x08,0x00,0x00,0x00,0x00,0x00,0x00,
    0x07,0x50,0x80,0x00,0x00,0x00,0x00,0x00,0x00,0x00,0x00,0x06,0x39,0x40,0x00,0x00,0x00,0x00,0x00,0x00,0x00,0x00,0x00,0x3c,0x42,0x00,0x00,0x00,0x00,0x28,0x02,0x00,
    0x04,0x00,0x00,0x00,0x00,0x00,0x01,0x02,0x01,0x02,0x00,0x80,0x00,0x01,0xe0,0x00,0x80,0x81,0x00,0x01,0x00,0x00,0x00,0x00,0x10,0x00,0x08,0x00,0x00,0x20,0x00,0x00,
    0x00,0x00,0x08,0x40,0x00,0x21,0x02,0x00,0xa8,0x20,0x00,0x00,0x00,0x00,0x00,0x00,0x00,0x00,0x00,0x00,0x00,0x00,0x00,0x00,0x00,0x00,0x00,0x00,0x00,0x00,0x00,0x00,
    0x00,0x01,0x00,0x00,0x08,0x00,0x00,0x00,0x88,0x00,0x02,0x01,0x8a,0x12,0xec,0x80,0x00,0x47,0x40,0x40,0x11,0x00,0x00,0x40,0x00,0x80,0x40,0x00,0x00,0x80,0x00,0x00,
    0xa0,0x18,0x07,0x00,0x00,0x00,0x00,0x00,0x00,0x00,0x00,0x00,0x80,0x70,0x1b,0x04,0x00,0x00,0x00,0x00,0x10,0x00,0x00,0x00,0x00,0xc1,0x78,0x04,0x00,0x00,0x00,0x00,
    0x00,0x00,0x00,0x00,0x00,0x00,0x00,0x00,0x00,0x00,0x20,0x04,0x11,0x0d,0x03,0x03,0x84,0x0c,0x00,0x00,0x00,0x00,0x00,0x00,0x00,0x00,0x00,0x00,0x00,0x00,0x00,0x40,
    0x00,0x00,0x00,0x02,0x11,0x00,0x80,0x00,0x24,0x00,0x60,0x8e,0x00,0x00,0x00,0x00,0x00,0x20,0x50,0x20,0x00,0x00,0x00,0x00,0x00,0x00,0x00,0x00,0x00,0x00,0x00,0x00,
    0x00,0x00,0x00,0x00,0x80,0x00,0x00,0x00,0x88,0x00,0x20,0x60,0x88,0xb0,0x4a,0x04,0x8b,0x62,0x00,0x0c,0x40,0x00,0x06,0x01,0x04,0x04,0x00,0x10,0x00,0x00,0x00,0x00,
    0x00,0x30,0x40,0x00,0x00,0x00,0x08,0x10,0x00,0x00,0x00,0x00,0x3e,0x40,0x80,0x00,0x00,0x00,0x02,0x00,0x00,0x00,0x00,0x00,0x7a,0x81,0x00,0x00,0x00,0x00,0x00,0x00
  },
  { // 78
    0x02,0x00,0x00,0x20,0x00,0x04,0x00,0x00,0x00,0x18,0x24,0x18,0x00,0x00,0x00,0x00,0x00,0x00,0x00,0x00,0x00,0x00,0xc0,0x20,0xa0,0x10,0xe0,0x01,0x00,0x00,0x00,0x00,
    0x20,0x04,0x00,0x00,0x12,0x80,0x00,0x00,0x02,0x00,0xa8,0x88,0x00,0x00,0x00,0x00,0x00,0x00,0x00,0x00,0x00,0x00,0x00,0x00,0x00,0x00,0x00,0x00,0x00,0x00,0x00,0x00,
    0x00,0x00,0x00,0x00,0x00,0x00,0x00,0x00,0x88,0x00,0x00,0x00,0x89,0x01,0xe2,0x03,0x3c,0x94,0x80,0x00,0x12,0x20,0x0c,0x00,0x00,0x10,0x00,0x00,0x01,0x00,0x00,0xc0,
    0x60,0x20,0x0f,0x00,0x00,0x00,0x00,0x00,0x00,0x00,0x00,0x00,0x80,0x20,0x1a,0x04,0x00,0x00,0x00,0x00,0x00,0x00,0x00,0x00,0x00,0xc1,0x22,0x1c,0x00,0x00,0x00,0x00,
    0x00,0x20,0x00,0x00,0x00,0x00,0x80,0x50,0xc8,0x00,0x00,0x00,0x00,0x00,0x00,0x00,0x00,0x00,0x00,0x00,0x01,0x00,0x01,0x02,0x02,0x06,0x03,0x00,0x00,0x00,0x00,0x00,
    0x00,0x00,0x01,0x00,0x20,0x00,0x04,0x00,0x90,0xb8,0x04,0x03,0x00,0x00,0x00,0x00,0x00,0x00,0x00,0x00,0x00,0x00,0x00,0x00,0x00,0x00,0x00,0x00,0x00,0x00,0x00,0x00,
    0x00,0x80,0x00,0x00,0x80,0x00,0x00,0x00,0x88,0x00,0x60,0xc0,0x98,0x00,0x5e,0x43,0x80,0x00,0x08,0x80,0x01,0x00,0x02,0x00,0x00,0x08,0x00,0x00,0x00,0x00,0x00,0x01,
    0x1e,0xc0,0x00,0x00,0x00,0x00,0x00,0x00,0x00,0x00,0x00,0x06,0x79,0x00,0x00,0x00,0x00,0x00,0x00,0x00,0x00,0x00,0x00,0x3c,0x82,0x00,0x00,0x00,0x00,0x28,0x02,0x00,
    0x04,0x00,0x00,0x00,0x00,0x00,0x01,0x02,0x01,0x02,0x00,0x80,0x00,0x01,0xe0,0x00,0x80,0x81,0x00,0x01,0x00,0x00,0x00,0x00,0x10,0x00,0x08,0x00,0x00,0x20,0x00,0x00,
    0x00,0x00,0x08,0x40,0x00,0x21,0x02,0x00,0xa8,0x20,0x00,0x00,0x00,0x00,0x00,0x00,0x00,0x00,0x00,0x00,0x00,0x00,0x20,0x00,0x00,0x00,0x00,0x00,0x00,0x00,0x00,0x00,
    0x01,0x02,0x01,0x00,0x00,0x00,0x00,0x00,0x88,0x00,0x02,0x00,0x89,0x12,0x38,0xe4,0x00,0x45,0x40,0x04,0x01,0x00,0x00,0x00,0x00,0x80,0x00,0x00,0x00,0x80,0x00,0x80,
    0x30,0x08,0x07,0x00,0x00,0x00,0x00,0x00,0x00,0x00,0x00,0x00,0xc0,0x31,0x0e,0x00,0x00,0x00,0x00,0x00,0x10,0x00,0x00,0x00,0x00,0xc1,0x3c,0x00,0x00,0x00,0x00,0x00,
    0x00,0x00,0x00,0x00,0x00,0x00,0x00,0x00,0x00,0x00,0x20,0x04,0x11,0x0d,0x03,0x03,0x84,0x0c,0x00,0x00,0x00,0x00,0x00,0x00,0x00,0x00,0x00,0x00,0x00,0x00,0x00,0x40,
    0x00,0x00,0x00,0x02,0x11,0x00,0x80,0x00,0x24,0x00,0x60,0x8e,0x00,0x00,0x00,0x00,0x00,0x00,0x20,0x00,0x00,0x00,0x00,0x00,0x00,0x00,0x00,0x00,0x00,0x00,0x00,0x00,
    0x00,0x00,0x00,0x00,0x80,0x00,0x00,0x00,0x88,0x00,0x20,0x00,0xe8,0x80,0x5a,0x0c,0x84,0x63,0x20,0x0c,0x40,0x00,0x06,0x01,0x04,0x04,0x00,0x00,0x00,0x00,0x00,0x00,
    0x00,0x70,0x00,0x00,0x00,0x00,0x08,0x00,0x00,0x00,0x00,0x00,0x3e,0x40,0x00,0x00,0x00,0x00,0x02,0x00,0x00,0x00,0x00,0x38,0x42,0x81,0x00,0x00,0x00,0x00,0x00,0x00
  },
  { // 79
    0x02,0x00,0x00,0x20,0x00,0x04,0x00,0x00,0x00,0x18,0x24,0x18,0x00,0x00,0x00,0x00,0x00,0x00,0x00,0x00,0x00,0x00,0xc0,0x20,0xa0,0x10,0xe0,0x01,0x00,0x00,0x00,0x00,
    0x20,0x04,0x00,0x00,0x12,0x80,0x00,0x00,0x02,0x00,0xa8,0x88,0x00,0x00,0x00,0x00,0x00,0x00,0x00,0x00,0x00,0x00,0x00,0x00,0x00,0x00,0x00,0x00,0x00,0x00,0x00,0x00,
    0x00,0x00,0x00,0x00,0x00,0x00,0x00,0x00,0x88,0x00,0x00,0x00,0x88,0x01,0x22,0xc3,0x2a,0xbc,0x80,0x00,0x12,0x40,0x0c,0x00,0x00,0x10,0x00,0x00,0x00,0x00,0x00,0xc0,
    0x20,0x08,0x07,0x00,0x00,0x00,0x00,0x00,0x00,0x00,0x00,0x80,0x00,0x21,0x1e,0x00,0x00,0x00,0x00,0x00,0x00,0x00,0x00,0x00,0x80,0x41,0x3e,0x00,0x00,0x00,0x00,0x00,
    0x00,0x20,0x00,0x00,0x00,0x00,0x80,0x50,0xc8,0x00,0x00,0x00,0x00,0x00,0x00,0x00,0x00,0x00,0x00,0x00,0x01,0x00,0x01,0x02,0x02,0x06,0x03,0x00,0x00,0x00,0x00,0x00,
    0x00,0x00,0x01,0x00,0x20,0x00,0x04,0x00,0x90,0xb8,0x04,0x03,0x00,0x00,0x00,0x00,0x00,0x00,0x00,0x00,0x00,0x00,0x00,0x00,0x00,0x00,0x00,0x00,0x00,0x00,0x00,0x00,
    0x00,0x00,0x80,0x00,0x80,0x00,0x00,0x00,0x88,0x00,0x20,0x60,0x88,0x10,0x4e,0x4e,0x83,0x04,0x08,0x80,0x01,0x00,0x02,0x00,0x09,0x08,0x00,0x00,0x00,0x00,0x00,0x02,
    0x1c,0xc0,0x00,0x00,0x00,0x00,0x00,0x00,0x00,0x00,0x00,0x3f,0x40,0x00,0x00,0x00,0x00,0x00,0x00,0x00,0x00,0x00,0x00,0x7e,0x80,0x00,0x00,0x00,0x20,0x08,0x02,0x00,
    0x04,0x00,0x00,0x00,0x00,0x00,0x01,0x02,0x01,0x02,0x00,0x80,0x00,0x01,0xe0,0x00,0x80,0x81,0x00,0x01,0x00,0x00,0x00,0x00,0x10,0x00,0x08,0x00,0x00,0x20,0x00,0x00,
    0x00,0x00,0x08,0x40,0x00,0x21,0x02,0x00,0xa8,0x20,0x00,0x00,0x00,0x00,0x00,0x00,0x00,0x00,0x00,0x00,0x00,0x00,0x20,0x00,0x00,0x00,0x00,0x00,0x00,0x00,0x00,0x00,
    0x00,0x01,0x02,0x01,0x00,0x00,0x00,0x00,0x88,0x00,0x00,0x00,0x89,0x01,0x3a,0x64,0xc0,0x05,0x40,0x04,0x21,0x00,0x00,0x00,0x00,0x80,0x00,0x00,0x00,0x80,0x00,0x00,
    0x30,0x0f,0x00,0x00,0x00,0x00,0x00,0x00,0x00,0x00,0x00,0x00,0xe0,0x39,0x06,0x00,0x00,0x00,0x00,0x10,0x00,0x00,0x00,0x00,0x80,0x71,0x1c,0x00,0x00,0x00,0x00,0x00,
    0x00,0x00,0x00,0x00,0x00,0x00,0x00,0x00,0x00,0x00,0x20,0x04,0x11,0x0d,0x03,0x03,0x84,0x0c,0x00,0x00,0x00,0x00,0x00,0x00,0x00,0x00,0x00,0x00,0x00,0x00,0x00,0x40,
    0x00,0x00,0x00,0x02,0x11,0x00,0x80,0x00,0x24,0x00,0x60,0x8e,0x00,0x00,0x00,0x00,0x00,0x00,0x20,0x00,0x00,0x00,0x00,0x00,0x00,0x00,0x00,0x00,0x00,0x00,0x00,0x00,
    0x00,0x00,0x00,0x00,0x00,0x00,0x00,0x00,0x88,0x00,0x20,0x00,0x88,0x60,0x90,0x18,0x84,0x60,0x23,0x0c,0x40,0x02,0x07,0x01,0x00,0x04,0x00,0x00,0x00,0x80,0x00,0x00,
    0x00,0x70,0x00,0x00,0x00,0x00,0x18,0x00,0x00,0x00,0x00,0x04,0x3a,0xc0,0x00,0x00,0x00,0x00,0x02,0x00,0x00,0x00,0x00,0x38,0x43,0x80,0x00,0x00,0x00,0x00,0x00,0x00
  },
  { // 80
    0x02,0x00,0x00,0x20,0x00,0x04,0x00,0x00,0x00,0x18,0x24,0x18,0x00,0x00,0x00,0x00,0x00,0x00,0x00,0x00,0x00,0x00,0xc0,0x20,0xa0,0x10,0xe0,0x01,0x00,0x00,0x00,0x00,
    0x20,0x04,0x00,0x00,0x12,0x80,0x00,0x00,0x02,0x00,0xa8,0x88,0x00,0x00,0x00,0x00,0x00,0x00,0x00,0x00,0x00,0x00,0x00,0x00,0x00,0x00,0x00,0x00,0x00,0x00,0x00,0x00,
    0x00,0x00,0x00,0x00,0x00,0x00,0x00,0x00,0x88,0x00,0x00,0x00,0x88,0x01,0x23,0xc0,0xca,0x3c,0x84,0x01,0x32,0x48,0x0c,0x00,0x00,0x10,0x00,0x00,0x00,0x00,0x00,0xc0,
    0x00,0x09,0x06,0x00,0x00,0x00,0x00,0x00,0x00,0x00,0x00,0x80,0x00,0x31,0x0e,0x00,0x00,0x00,0x00,0x00,0x00,0x00,0x00,0x00,0x81,0x42,0x3c,0x00,0x00,0x00,0x00,0x00,
    0x00,0x20,0x00,0x00,0x00,0x00,0x80,0x50,0xc8,0x00,0x00,0x00,0x00,0x00,0x00,0x00,0x00,0x00,0x00,0x00,0x01,0x00,0x01,0x02,0x02,0x06,0x03,0x00,0x00,0x00,0x00,0x00,
    0x00,0x00,0x01,0x00,0x20,0x00,0x04,0x00,0x90,0xb8,0x04,0x03,0x00,0x00,0x00,0x00,0x00,0x00,0x00,0x00,0x00,0x00,0x00,0x00,0x00,0x00,0x00,0x00,0x00,0x00,0x00,0x00,
    0x00,0x00,0x80,0x00,0x80,0x00,0x00,0x00,0x88,0x00,0x20,0x20,0xe8,0x90,0x42,0x4c,0x82,0x15,0x08,0x80,0x01,0x00,0x02,0x01,0x09,0x08,0x00,0x00,0x00,0x00,0x00,0x04,
    0x18,0x80,0x00,0x00,0x00,0x00,0x00,0x00,0x00,0x00,0x00,0x3f,0x40,0x00,0x00,0x00,0x00,0x00,0x00,0x00,0x00,0x00,0x30,0x4e,0x80,0x00,0x00,0x00,0x20,0x0a,0x02,0x00,
    0x04,0x00,0x00,0x00,0x00,0x00,0x01,0x02,0x01,0x02,0x00,0x80,0x00,0x01,0xe0,0x00,0x80,0x81,0x00,0x01,0x00,0x00,0x00,0x00,0x10,0x00,0x08,0x00,0x00,0x20,0x00,0x00,
    0x00,0x00,0x08,0x40,0x00,0x21,0x02,0x00,0xa8,0x20,0x00,0x00,0x00,0x00,0x00,0x00,0x00,0x00,0x00,0x00,0x00,0x00,0x20,0x00,0x00,0x00,0x00,0x00,0x00,0x00,0x00,0x00,
    0x00,0x01,0x02,0x01,0x00,0x00,0x00,0x00,0x88,0x00,0x00,0x00,0x88,0x01,0x3a,0x2c,0xe4,0x81,0x42,0x04,0xa1,0x00,0x00,0x00,0x00,0x80,0x00,0x00,0x80,0x80,0x00,0x30,
    0x18,0x07,0x00,0x00,0x00,0x00,0x00,0x00,0x00,0x00,0x00,0x80,0x70,0x0b,0x04,0x00,0x00,0x00,0x00,0x10,0x00,0x00,0x00,0x00,0x81,0x78,0x04,0x00,0x00,0x00,0x00,0x20,
    0x00,0x00,0x00,0x00,0x00,0x00,0x00,0x00,0x00,0x00,0x20,0x04,0x11,0x0d,0x03,0x03,0x84,0x0c,0x00,0x00,0x00,0x00,0x00,0x00,0x00,0x00,0x00,0x00,0x00,0x00,0x00,0x40,
    0x00,0x00,0x00,0x02,0x11,0x00,0x80,0x00,0x24,0x00,0x60,0x8e,0x00,0x00,0x00,0x00,0x00,0x00,0x20,0x00,0x00,0x00,0x00,0x00,0x00,0x00,0x00,0x00,0x00,0x00,0x00,0x00,
    0x00,0x00,0x00,0x00,0x00,0x00,0x00,0x00,0x88,0x00,0x20,0x00,0x88,0x60,0x60,0x98,0x0c,0x64,0x03,0x06,0x41,0x02,0x07,0x01,0x00,0x04,0x00,0x00,0x00,0x90,0x00,0x00,
    0x00,0x60,0x00,0x00,0x00,0x00,0x18,0x00,0x00,0x00,0x00,0x0e,0x70,0x80,0x00,0x00,0x00,0x02,0x00,0x00,0x00,0x00,0x00,0x38,0xc3,0x00,0x00,0x00,0x00,0x00,0x00,0x00
  },
  { // 81
    0x02,0x00,0x00,0x20,0x00,0x04,0x00,0x00,0x00,0x18,0x24,0x18,0x00,0x00,0x00,0x00,0x00,0x00,0x00,0x00,0x00,0x00,0xc0,0x20,0xa0,0x10,0xe0,0x01,0x00,0x00,0x00,0x00,
    0x20,0x04,0x00,0x00,0x12,0x80,0x00,0x00,0x02,0x00,0xa8,0x88,0x00,0x00,0x00,0x00,0x00,0x00,0x00,0x00,0x00,0x00,0x00,0x00,0x00,0x00,0x00,0x00,0x00,0x00,0x00,0x00,
    0x00,0x00,0x00,0x00,0x00,0x00,0x00,0x00,0x88,0x00,0x00,0x00,0x88,0x00,0x23,0x00,0xca,0x3a,0xb4,0x01,0x32,0x48,0x0c,0x00,0x00,0x10,0x00,0x00,0x00,0x00,0x00,0x00,
    0x00,0x0b,0x00,0x00,0x00,0x00,0x00,0x00,0x00,0x00,0x00,0x80,0x20,0x19,0x0e,0x00,0x00,0x00,0x00,0x00,0x00,0x00,0x00,0x00,0xc1,0x22,0x1c,0x00,0x00,0x00,0x00,0x00,
    0x00,0x20,0x00,0x00,0x00,0x00,0x80,0x50,0xc8,0x00,0x00,0x00,0x00,0x00,0x00,0x00,0x00,0x00,0x00,0x00,0x01,0x00,0x01,0x02,0x02,0x06,0x03,0x00,0x00,0x00,0x00,0x00,
    0x00,0x00,0x01,0x00,0x20,0x00,0x04,0x00,0x90,0xb8,0x04,0x03,0x00,0x00,0x00,0x00,0x00,0x00,0x00,0x00,0x00,0x00,0x00,0x00,0x00,0x00,0x00,0x00,0x00,0x00,0x00,0x00,
    0x00,0x00,0x00,0x80,0x80,0x00,0x00,0x00,0x88,0x00,0x20,0x00,0xe8,0xc0,0x92,0x48,0x8c,0x13,0x09,0x80,0x04,0x00,0x03,0x01,0x09,0x09,0x00,0x00,0x00,0x00,0x00,0x00,
    0x50,0x80,0x00,0x00,0x00,0x00,0x00,0x00,0x00,0x00,0x00,0x3f,0x40,0x00,0x00,0x00,0x00,0x00,0x00,0x00,0x00,0x00,0x3c,0x42,0x80,0x00,0x00,0x00,0x28,0x02,0x00,0x00,
    0x04,0x00,0x00,0x00,0x00,0x00,0x01,0x02,0x01,0x02,0x00,0x80,0x00,0x01,0xe0,0x00,0x80,0x81,0x00,0x01,0x00,0x00,0x00,0x00,0x10,0x00,0x08,0x00,0x00,0x20,0x00,0x00,
    0x00,0x00,0x08,0x40,0x00,0x21,0x02,0x00,0xa8,0x20,0x00,0x00,0x00,0x00,0x00,0x00,0x00,0x00,0x00,0x00,0x00,0x00,0x20,0x00,0x00,0x00,0x00,0x00,0x00,0x00,0x00,0x00,
    0x00,0x00,0x01,0x02,0x01,0x00,0x00,0x00,0x88,0x00,0x00,0x00,0x88,0x01,0x33,0x0e,0xe4,0xc1,0x02,0x04,0xa1,0x00,0x20,0x00,0x00,0x80,0x00,0x00,0x80,0x80,0x00,0x10,
    0x08,0x07,0x00,0x00,0x00,0x00,0x00,0x00,0x00,0x00,0x00,0xc0,0x30,0x0f,0x00,0x00,0x00,0x00,0x10,0x10,0x00,0x00,0x00,0x00,0xc1,0x3c,0x00,0x00,0x00,0x00,0x00,0x20,
    0x00,0x00,0x00,0x00,0x00,0x00,0x00,0x00,0x00,0x00,0x20,0x04,0x11,0x0d,0x03,0x03,0x84,0x0c,0x00,0x00,0x00,0x00,0x00,0x00,0x00,0x00,0x00,0x00,0x00,0x00,0x00,0x40,
    0x00,0x00,0x00,0x02,0x11,0x00,0x80,0x00,0x24,0x00,0x60,0x8e,0x00,0x00,0x00,0x00,0x00,0x00,0x20,0x00,0x00,0x00,0x00,0x00,0x00,0x00,0x00,0x00,0x00,0x00,0x00,0x00,
    0x00,0x00,0x00,0x00,0x00,0x00,0x00,0x00,0x88,0x00,0x00,0x00,0x88,0x00,0x60,0xe0,0x98,0x64,0x12,0x07,0x40,0x00,0x0f,0x01,0x00,0x04,0x80,0x00,0x00,0x91,0x00,0x00,
    0x34,0x40,0x00,0x00,0x00,0x08,0x10,0x00,0x00,0x00,0x00,0x1e,0x60,0x80,0x00,0x00,0x00,0x02,0x00,0x00,0x00,0x00,0x00,0x7a,0x81,0x00,0x00,0x00,0x00,0x00,0x00,0x00
  },
  { // 82
    0x02,0x00,0x00,0x20,0x00,0x04,0x00,0x00,0x00,0x18,0x24,0x18,0x00,0x00,0x00,0x00,0x00,0x00,0x00,0x00,0x00,0x00,0xc0,0x20,0xa0,0x10,0xe0,0x01,0x00,0x00,0x00,0x00,
    0x20,0x04,0x00,0x00,0x12,0x80,0x00,0x00,0x02,0x00,0xa8,0x88,0x00,0x00,0x00,0x00,0x00,0x00,0x00,0x00,0x00,0x00,0x00,0x00,0x00,0x00,0x00,0x00,0x00,0x00,0x00,0x00,
    0x00,0x00,0x00,0x00,0x00,0x00,0x00,0x00,0x88,0x00,0x00,0x00,0x88,0x00,0x03,0x01,0xc8,0xca,0x3c,0x81,0x32,0x48,0x08,0x00,0x00,0x10,0x00,0x00,0x00,0x00,0x00,0x00,
    0x00,0x23,0x00,0x00,0x00,0x00,0x00,0x00,0x00,0x00,0x00,0x80,0x21,0x1a,0x04,0x00,0x00,0x00,0x00,0x00,0x00,0x00,0x00,0x00,0xc1,0x3e,0x00,0x00,0x00,0x00,0x00,0x00,
    0x00,0x20,0x00,0x00,0x00,0x00,0x80,0x50,0xc8,0x00,0x00,0x00,0x00,0x00,0x00,0x00,0x00,0x00,0x00,0x00,0x01,0x00,0x01,0x02,0x02,0x06,0x03,0x00,0x00,0x00,0x00,0x00,
    0x00,0x00,0x01,0x00,0x20,0x00,0x04,0x00,0x90,0xb8,0x04,0x03,0x00,0x00,0x00,0x00,0x00,0x00,0x00,0x00,0x00,0x00,0x00,0x00,0x00,0x00,0x00,0x00,0x00,0x00,0x00,0x00,
    0x00,0x00,0x00,0x80,0x00,0x00,0x00,0x00,0x88,0x00,0x20,0x00,0xa8,0x60,0x92,0x40,0x8c,0x14,0x0b,0x80,0x04,0x08,0x01,0x09,0x08,0x09,0x00,0x00,0x00,0x00,0x00,0x10,
    0x40,0x80,0x00,0x00,0x00,0x00,0x00,0x00,0x00,0x00,0x06,0x79,0x00,0x00,0x00,0x00,0x00,0x00,0x00,0x00,0x00,0x00,0x3c,0xc2,0x00,0x00,0x00,0x00,0x28,0x02,0x00,0x00,
    0x04,0x00,0x00,0x00,0x00,0x00,0x01,0x02,0x01,0x02,0x00,0x80,0x00,0x01,0xe0,0x00,0x80,0x81,0x00,0x01,0x00,0x00,0x00,0x00,0x10,0x00,0x08,0x00,0x00,0x20,0x00,0x00,
    0x00,0x00,0x08,0x40,0x00,0x21,0x02,0x00,0xa8,0x20,0x00,0x00,0x00,0x00,0x00,0x00,0x00,0x00,0x00,0x00,0x00,0x00,0x20,0x00,0x00,0x00,0x00,0x00,0x00,0x00,0x00,0x00,
    0x00,0x00,0x01,0x02,0x01,0x00,0x00,0x00,0x88,0x00,0x00,0x00,0x88,0x00,0x33,0x1a,0xa4,0x41,0x82,0x0c,0xa0,0x00,0xe0,0x00,0x00,0x00,0x00,0x00,0x80,0x20,0x00,0x18,
    0x4c,0x03,0x00,0x00,0x00,0x00,0x00,0x00,0x00,0x00,0x00,0xe0,0x39,0x06,0x00,0x00,0x00,0x00,0x10,0x00,0x00,0x00,0x00,0x00,0xf1,0x0c,0x00,0x00,0x00,0x00,0x00,0x20,
    0x00,0x00,0x00,0x00,0x00,0x00,0x00,0x00,0x00,0x00,0x20,0x04,0x11,0x0d,0x03,0x03,0x84,0x0c,0x00,0x00,0x00,0x00,0x00,0x00,0x00,0x00,0x00,0x00,0x00,0x00,0x00,0x40,
    0x00,0x00,0x00,0x02,0x11,0x00,0x80,0x00,0x24,0x00,0x60,0x8e,0x00,0x00,0x00,0x00,0x00,0x00,0x20,0x00,0x00,0x00,0x00,0x00,0x00,0x00,0x00,0x00,0x00,0x00,0x00,0x00,
    0x00,0x00,0x00,0x00,0x00,0x00,0x00,0x00,0x88,0x00,0x00,0x00,0x88,0x00,0x20,0x60,0x98,0x6c,0x16,0x03,0x07,0x04,0x0f,0x01,0x00,0x04,0x80,0x00,0x00,0x81,0x00,0x00,
    0x34,0x40,0x00,0x00,0x00,0x08,0x10,0x00,0x00,0x00,0x00,0x1e,0x40,0x80,0x00,0x00,0x00,0x02,0x00,0x00,0x00,0x00,0x08,0x63,0x81,0x00,0x00,0x00,0x00,0x00,0x00,0x00
  },
  { // 83
    0x02,0x00,0x00,0x20,0x00,0x04,0x00,0x00,0x00,0x18,0x24,0x18,0x00,0x00,0x00,0x00,0x00,0x00,0x00,0x00,0x00,0x00,0xc0,0x20,0xa0,0x10,0xe0,0x01,0x00,0x00,0x00,0x00,
    0x20,0x04,0x00,0x00,0x12,0x80,0x00,0x00,0x02,0x00,0xa8,0x88,0x00,0x00,0x00,0x00,0x00,0x00,0x00,0x00,0x00,0x00,0x00,0x00,0x00,0x00,0x00,0x00,0x00,0x00,0x00,0x00,
    0x00,0x00,0x00,0x00,0x00,0x00,0x00,0x00,0x80,0x00,0x00,0x00,0x88,0x00,0x02,0x01,0x88,0x42,0xbe,0x45,0x32,0x08,0x08,0x10,0x10,0x10,0x00,0x10,0x00,0x00,0x00,0x00,
    0x01,0x32,0x00,0x00,0x00,0x00,0x00,0x00,0x00,0x00,0x80,0x80,0x31,0x0e,0x00,0x00,0x00,0x00,0x00,0x00,0x00,0x00,0x00,0x80,0x41,0x3e,0x00,0x00,0x00,0x00,0x00,0x00,
    0x00,0x20,0x00,0x00,0x00,0x00,0x80,0x50,0xc8,0x00,0x00,0x00,0x00,0x00,0x00,0x00,0x00,0x00,0x00,0x00,0x01,0x00,0x01,0x02,0x02,0x06,0x03,0x00,0x00,0x00,0x00,0x00,
    0x00,0x00,0x01,0x00,0x20,0x00,0x04,0x00,0x90,0xb8,0x04,0x03,0x00,0x00,0x00,0x00,0x00,0x00,0x00,0x00,0x00,0x00,0x00,0x00,0x00,0x00,0x00,0x00,0x00,0x00,0x00,0x00,
    0x00,0x00,0x00,0x80,0x00,0x00,0x00,0x00,0x88,0x00,0x20,0x00,0x88,0x20,0x40,0xb0,0x08,0x1c,0x02,0x81,0x86,0x0c,0x01,0x09,0x08,0x01,0x00,0x00,0x00,0x00,0x00,0x10,
    0xc0,0x00,0x00,0x00,0x00,0x00,0x00,0x00,0x00,0x00,0x3f,0x41,0x00,0x00,0x00,0x00,0x00,0x00,0x00,0x00,0x00,0x00,0x7e,0x80,0x00,0x00,0x00,0x20,0x08,0x02,0x00,0x00,
    0x04,0x00,0x00,0x00,0x00,0x00,0x01,0x02,0x01,0x02,0x00,0x80,0x00,0x01,0xe0,0x00,0x80,0x81,0x00,0x01,0x00,0x00,0x00,0x00,0x10,0x00,0x08,0x00,0x00,0x20,0x00,0x00,
    0x00,0x00,0x08,0x40,0x00,0x21,0x02,0x00,0xa8,0x20,0x00,0x00,0x00,0x00,0x00,0x00,0x00,0x00,0x00,0x00,0x00,0x00,0x20,0x00,0x00,0x00,0x00,0x00,0x00,0x00,0x00,0x00,
    0x00,0x00,0x01,0x02,0x01,0x00,0x00,0x00,0x08,0x00,0x00,0x00,0x88,0x00,0x22,0x1b,0xa6,0x61,0xc3,0x08,0x20,0x00,0xe1,0x00,0x00,0x00,0x00,0x04,0x80,0x20,0x00,0x08,
    0x47,0x00,0x00,0x00,0x00,0x00,0x00,0x00,0x00,0x00,0x00,0xf0,0x0b,0x04,0x00,0x00,0x00,0x00,0x10,0x00,0x00,0x00,0x00,0x80,0x79,0x04,0x00,0x00,0x00,0x00,0x20,0x00,
    0x00,0x00,0x00,0x00,0x00,0x00,0x00,0x00,0x00,0x00,0x20,0x04,0x11,0x0d,0x03,0x03,0x84,0x0c,0x00,0x00,0x00,0x00,0x00,0x00,0x00,0x00,0x00,0x00,0x00,0x00,0x00,0x40,
    0x00,0x00,0x00,0x02,0x11,0x00,0x80,0x00,0x24,0x00,0x60,0x8e,0x00,0x00,0x00,0x00,0x00,0x00,0x00,0x20,0x00,0x00,0x00,0x00,0x00,0x00,0x00,0x00,0x00,0x00,0x00,0x00,
    0x00,0x00,0x00,0x00,0x00,0x00,0x00,0x00,0x88,0x00,0x00,0x00,0x88,0x00,0x20,0x00,0xe8,0x98,0x46,0x08,0x07,0x04,0x2f,0x01,0x00,0x00,0x80,0x00,0x00,0x81,0x00,0x00,
    0x64,0x00,0x00,0x00,0x00,0x18,0x00,0x00,0x00,0x00,0x04,0x32,0x40,0x00,0x00,0x00,0x00,0x02,0x00,0x00,0x00,0x00,0x18,0x43,0x80,0x00,0x00,0x00,0x00,0x00,0x00,0x00
  },
  { // 84
    0x02,0x00,0x00,0x20,0x00,0x04,0x00,0x00,0x00,0x18,0x24,0x18,0x00,0x00,0x00,0x00,0x00,0x00,0x00,0x00,0x00,0x00,0xc0,0x20,0xa0,0x10,0xe0,0x01,0x00,0x00,0x00,0x00,
    0x20,0x04,0x00,0x00,0x12,0x80,0x00,0x00,0x02,0x00,0xa8,0x88,0x00,0x00,0x00,0x00,0x00,0x00,0x00,0x00,0x00,0x00,0x00,0x00,0x00,0x00,0x00,0x00,0x00,0x00,0x00,0x00,
    0x00,0x00,0x00,0x00,0x00,0x00,0x00,0x00,0x00,0x00,0x00,0x00,0x88,0x00,0x00,0x01,0x89,0x40,0xfa,0x25,0x12,0x08,0x08,0x10,0x10,0x00,0x00,0x10,0x00,0x00,0x00,0x00,
    0x01,0x30,0x00,0x00,0x00,0x00,0x00,0x00,0x00,0x00,0x80,0x20,0x19,0x06,0x00,0x00,0x00,0x00,0x00,0x00,0x00,0x00,0x00,0xc1,0x62,0x1c,0x00,0x00,0x00,0x00,0x00,0x00,
    0x00,0x20,0x00,0x00,0x00,0x00,0x80,0x50,0xc8,0x00,0x00,0x00,0x00,0x00,0x00,0x00,0x00,0x00,0x00,0x00,0x01,0x00,0x01,0x02,0x02,0x06,0x03,0x00,0x00,0x00,0x00,0x00,
    0x00,0x00,0x01,0x00,0x20,0x00,0x04,0x00,0x90,0xb8,0x04,0x03,0x00,0x00,0x00,0x00,0x00,0x00,0x00,0x00,0x00,0x00,0x00,0x00,0x00,0x00,0x00,0x08,0x00,0x00,0x00,0x00,
    0x00,0x00,0x00,0x00,0x00,0x00,0x02,0x00,0x88,0x00,0x20,0x00,0x88,0x20,0x60,0xd0,0x88,0x1c,0x06,0x82,0x85,0x0c,0x01,0x09,0x08,0x01,0x00,0x00,0x00,0x00,0x00,0x10,
    0xc0,0x00,0x00,0x00,0x00,0x00,0x00,0x00,0x00,0x00,0x3f,0x40,0x00,0x00,0x00,0x00,0x00,0x00,0x00,0x00,0x00,0x30,0x4e,0x80,0x00,0x00,0x00,0x28,0x00,0x02,0x00,0x00,
    0x04,0x00,0x00,0x00,0x00,0x00,0x01,0x02,0x01,0x02,0x00,0x80,0x00,0x01,0xe0,0x00,0x80,0x81,0x00,0x01,0x00,0x00,0x00,0x00,0x10,0x00,0x08,0x00,0x00,0x20,0x00,0x00,
    0x00,0x00,0x08,0x40,0x00,0x21,0x02,0x00,0xa8,0x20,0x00,0x00,0x00,0x00,0x00,0x00,0x00,0x00,0x00,0x00,0x00,0x20,0x50,0x20,0x00,0x00,0x00,0x00,0x00,0x00,0x00,0x00,
    0x00,0x00,0x00,0x00,0x01,0x00,0x00,0x00,0x08,0x00,0x00,0x00,0x88,0x00,0x22,0x19,0x86,0x21,0x41,0x88,0x20,0x00,0xe1,0x00,0x00,0x40,0x00,0x04,0x80,0x20,0x00,0x08,
    0x47,0x00,0x00,0x00,0x00,0x00,0x00,0x00,0x00,0x00,0x80,0x70,0x0f,0x00,0x00,0x00,0x00,0x10,0x00,0x00,0x00,0x00,0x00,0xc1,0x7c,0x00,0x00,0x00,0x00,0x00,0x20,0x00,
    0x00,0x00,0x00,0x00,0x00,0x00,0x00,0x00,0x00,0x00,0x20,0x04,0x11,0x0d,0x03,0x03,0x84,0x0c,0x00,0x00,0x00,0x00,0x00,0x00,0x00,0x00,0x00,0x00,0x00,0x00,0x00,0x40,
    0x00,0x00,0x00,0x02,0x11,0x00,0x80,0x00,0x24,0x00,0x60,0x8e,0x00,0x00,0x00,0x00,0x00,0x00,0x00,0x00,0x00,0x00,0x00,0x00,0x00,0x01,0x00,0x00,0x00,0x00,0x00,0x00,
    0x00,0x00,0x00,0x00,0x00,0x00,0x00,0x00,0x88,0x00,0x00,0x00,0x88,0x00,0x20,0x00,0xa8,0xf8,0x9e,0x00,0x07,0x04,0x6f,0x41,0x00,0x80,0xa0,0x00,0x80,0x81,0x00,0x00,
    0x20,0x00,0x00,0x00,0x00,0x18,0x00,0x00,0x00,0x00,0x0e,0x30,0xc0,0x00,0x00,0x00,0x02,0x00,0x00,0x00,0x00,0x00,0x3a,0x41,0x80,0x00,0x00,0x00,0x00,0x00,0x00,0x00
  },
  { // 85
    0x02,0x00,0x00,0x20,0x00,0x04,0x00,0x00,0x00,0x18,0x24,0x18,0x00,0x00,0x00,0x00,0x00,0x00,0x00,0x00,0x00,0x00,0xc0,0x20,0xa0,0x10,0xe0,0x01,0x00,0x00,0x00,0x00,
    0x20,0x04,0x00,0x00,0x12,0x80,0x00,0x00,0x02,0x00,0xa8,0x88,0x00,0x00,0x00,0x00,0x00,0x00,0x00,0x00,0x00,0x00,0x00,0x00,0x00,0x00,0x00,0x00,0x00,0x00,0x00,0x00,
    0x00,0x00,0x00,0x00,0x00,0x00,0x00,0x00,0x00,0x00,0x00,0x00,0x88,0x00,0x00,0x00,0x89,0x00,0x7a,0xb4,0x42,0x18,0x08,0x10,0x90,0x10,0x00,0x10,0x00,0x00,0x00,0x00,
    0x01,0x30,0x00,0x00,0x00,0x00,0x00,0x00,0x00,0x00,0x80,0x20,0x1b,0x04,0x00,0x00,0x00,0x00,0x00,0x00,0x00,0x00,0x00,0xc1,0x3a,0x00,0x00,0x00,0x00,0x00,0x00,0x00,
    0x00,0x20,0x00,0x00,0x00,0x00,0x80,0x50,0xc8,0x00,0x00,0x00,0x00,0x00,0x00,0x00,0x00,0x00,0x00,0x00,0x01,0x00,0x01,0x02,0x02,0x06,0x03,0x00,0x00,0x00,0x00,0x00,
    0x00,0x00,0x01,0x00,0x20,0x00,0x04,0x00,0x90,0xb8,0x04,0x03,0x00,0x00,0x00,0x00,0x00,0x00,0x00,0x00,0x00,0x00,0x00,0x00,0x00,0x00,0x00,0x08,0x00,0x00,0x00,0x00,
    0x00,0x00,0x00,0x00,0x00,0x00,0x02,0x00,0x88,0x00,0x00,0x00,0x88,0x00,0x20,0x40,0x98,0x08,0x0e,0xc2,0x87,0x0d,0x00,0x08,0x08,0x01,0x00,0x00,0x00,0x00,0x00,0x40,
    0x80,0x00,0x00,0x00,0x00,0x00,0x00,0x00,0x00,0x00,0x3b,0x40,0x00,0x00,0x00,0x00,0x00,0x00,0x00,0x00,0x00,0x3c,0x42,0x80,0x00,0x00,0x00,0x28,0x02,0x00,0x00,0x00,
    0x04,0x00,0x00,0x00,0x00,0x00,0x01,0x02,0x01,0x02,0x00,0x80,0x00,0x01,0xe0,0x00,0x80,0x81,0x00,0x01,0x00,0x00,0x00,0x00,0x10,0x00,0x08,0x00,0x00,0x20,0x00,0x00,
    0x00,0x00,0x08,0x40,0x00,0x21,0x02,0x00,0xa8,0x20,0x00,0x00,0x00,0x00,0x00,0x00,0x00,0x00,0x00,0x00,0x00,0x20,0x50,0x20,0x00,0x00,0x00,0x00,0x00,0x00,0x00,0x00,
    0x00,0x00,0x00,0x00,0x01,0x00,0x00,0x00,0x08,0x00,0x00,0x00,0x88,0x00,0x22,0x19,0x87,0x24,0x61,0xc9,0x20,0x00,0x81,0x00,0x00,0x40,0x00,0x04,0x80,0x20,0x00,0x00,
    0x43,0x00,0x00,0x00,0x00,0x00,0x00,0x00,0x00,0x00,0xe0,0x38,0x07,0x00,0x00,0x00,0x00,0x10,0x00,0x00,0x00,0x00,0x00,0xf1,0x0c,0x00,0x00,0x00,0x00,0x00,0x20,0x00,
    0x00,0x00,0x00,0x00,0x00,0x00,0x00,0x00,0x00,0x00,0x20,0x04,0x11,0x0d,0x03,0x03,0x84,0x0c,0x00,0x00,0x00,0x00,0x00,0x00,0x00,0x00,0x00,0x00,0x00,0x00,0x00,0x40,
    0x00,0x00,0x00,0x02,0x11,0x00,0x80,0x00,0x24,0x00,0x60,0x8e,0x00,0x00,0x00,0x00,0x00,0x00,0x00,0x00,0x00,0x00,0x00,0x00,0x00,0x01,0x00,0x00,0x00,0x00,0x00,0x00,
    0x00,0x00,0x00,0x00,0x00,0x00,0x00,0x00,0x00,0x00,0x00,0x00,0x88,0x00,0x20,0x00,0x88,0x60,0xde,0x04,0x03,0x27,0x4c,0x41,0x00,0x80,0xa0,0x00,0x80,0x81,0x00,0x00,
    0x00,0x00,0x00,0x00,0x08,0x10,0x00,0x00,0x00,0x00,0x0e,0x60,0x80,0x00,0x00,0x00,0x02,0x00,0x00,0x00,0x00,0x08,0x33,0xc1,0x00,0x00,0x00,0x00,0x00,0x00,0x00,0x00
  },
  { // 86
    0x02,0x00,0x00,0x20,0x00,0x04,0x00,0x00,0x00,0x18,0x24,0x18,0x00,0x00,0x00,0x00,0x00,0x00,0x00,0x00,0x00,0x00,0xc0,0x20,0xa0,0x10,0xe0,0x01,0x00,0x00,0x00,0x00,
    0x20,0x04,0x00,0x00,0x12,0x80,0x00,0x00,0x02,0x00,0xa8,0x88,0x00,0x00,0x00,0x00,0x00,0x00,0x00,0x00,0x00,0x00,0x00,0x00,0x00,0x00,0x00,0x00,0x00,0x00,0x00,0x00,
    0x00,0x00,0x00,0x00,0x00,0x00,0x00,0x00,0x00,0x00,0x00,0x00,0x88,0x00,0x00,0x00,0x89,0x00,0x7a,0xf6,0x80,0x18,0x08,0x10,0x90,0x10,0x00,0x10,0x00,0x00,0x00,0x00,
    0x01,0x30,0x00,0x00,0x00,0x00,0x00,0x00,0x00,0x00,0x80,0x31,0x0e,0x00,0x00,0x00,0x00,0x00,0x00,0x00,0x00,0x00,0x00,0xc1,0x3e,0x00,0x00,0x00,0x00,0x00,0x00,0x00,
    0x00,0x20,0x00,0x00,0x00,0x00,0x80,0x50,0xc8,0x00,0x00,0x00,0x00,0x00,0x00,0x00,0x00,0x00,0x00,0x00,0x01,0x00,0x01,0x02,0x02,0x06,0x03,0x00,0x00,0x00,0x00,0x00,
    0x00,0x00,0x01,0x00,0x20,0x00,0x04,0x00,0x90,0xb8,0x04,0x03,0x00,0x00,0x00,0x00,0x00,0x00,0x00,0x00,0x00,0x00,0x00,0x00,0x00,0x00,0x00,0x00,0x08,0x00,0x00,0x00,
    0x00,0x00,0x00,0x00,0x00,0x00,0x02,0x00,0x80,0x00,0x00,0x00,0x88,0x00,0x20,0x60,0xd8,0x80,0x0e,0xc4,0x82,0x2d,0x00,0x08,0x08,0x01,0x00,0x00,0x00,0x00,0x00,0x40,
    0x80,0x00,0x00,0x00,0x00,0x00,0x00,0x00,0x00,0x0e,0x21,0x00,0x00,0x00,0x00,0x00,0x00,0x00,0x00,0x00,0x00,0x3c,0xc2,0x00,0x00,0x00,0x00,0x28,0x02,0x00,0x00,0x00,
    0x04,0x00,0x00,0x00,0x00,0x00,0x01,0x02,0x01,0x02,0x00,0x80,0x00,0x01,0xe0,0x00,0x80,0x81,0x00,0x01,0x00,0x00,0x00,0x00,0x10,0x00,0x08,0x00,0x00,0x20,0x00,0x00,
    0x00,0x00,0x08,0x40,0x00,0x21,0x02,0x00,0xa8,0x20,0x00,0x00,0x00,0x00,0x00,0x00,0x00,0x00,0x00,0x00,0x00,0x00,0x20,0x50,0x20,0x00,0x00,0x00,0x00,0x00,0x00,0x00,
    0x00,0x00,0x00,0x00,0x01,0x00,0x00,0x00,0x08,0x00,0x00,0x00,0x88,0x00,0x22,0x18,0x9f,0x04,0x21,0xd1,0xa0,0x00,0x93,0x00,0x00,0x40,0x00,0x00,0x80,0x20,0x00,0x00,
    0x00,0x00,0x00,0x00,0x00,0x00,0x00,0x00,0x00,0x00,0xf0,0x0f,0x00,0x00,0x00,0x00,0x00,0x10,0x00,0x00,0x00,0x00,0x80,0x79,0x04,0x00,0x00,0x00,0x00,0x20,0x20,0x00,
    0x00,0x00,0x00,0x00,0x00,0x00,0x00,0x00,0x00,0x00,0x20,0x04,0x11,0x0d,0x03,0x03,0x84,0x0c,0x00,0x00,0x00,0x00,0x00,0x00,0x00,0x00,0x00,0x00,0x00,0x00,0x00,0x40,
    0x00,0x00,0x00,0x02,0x11,0x00,0x80,0x00,0x24,0x00,0x60,0x8e,0x00,0x00,0x00,0x00,0x00,0x00,0x00,0x00,0x00,0x00,0x00,0x00,0x00,0x01,0x00,0x00,0x00,0x00,0x00,0x00,
    0x00,0x00,0x00,0x00,0x00,0x00,0x00,0x00,0x00,0x00,0x00,0x00,0x88,0x00,0x00,0x00,0x88,0x00,0xea,0x94,0x02,0x27,0x4c,0x41,0x00,0x80,0xa0,0x00,0x80,0x81,0x00,0x00,
    0x00,0x00,0x00,0x00,0x08,0x10,0x00,0x00,0x00,0x04,0x1a,0x60,0x80,0x00,0x00,0x00,0x02,0x00,0x00,0x00,0x00,0x08,0x73,0x80,0x00,0x00,0x00,0x00,0x00,0x00,0x00,0x00
  },
  { // 87
    0x02,0x00,0x00,0x20,0x00,0x04,0x00,0x00,0x00,0x18,0x24,0x18,0x00,0x00,0x00,0x00,0x00,0x00,0x00,0x00,0x00,0x00,0xc0,0x20,0xa0,0x10,0xe0,0x01,0x00,0x00,0x00,0x00,
    0x20,0x04,0x00,0x00,0x12,0x80,0x00,0x00,0x02,0x00,0xa8,0x88,0x00,0x00,0x00,0x00,0x00,0x00,0x00,0x00,0x00,0x00,0x00,0x00,0x00,0x00,0x00,0x00,0x00,0x00,0x00,0x00,
    0x00,0x00,0x00,0x00,0x00,0x00,0x00,0x00,0x00,0x00,0x00,0x00,0x88,0x00,0x00,0x00,0x88,0x01,0x2a,0x76,0x80,0x18,0x08,0x10,0x90,0x10,0x00,0x00,0x00,0x00,0x00,0x00,
    0x00,0x38,0x00,0x00,0x00,0x00,0x00,0x00,0x00,0x80,0x20,0x19,0x06,0x00,0x00,0x00,0x00,0x00,0x00,0x00,0x00,0x00,0x81,0x62,0x1c,0x00,0x00,0x00,0x00,0x00,0x00,0x00,
    0x00,0x20,0x00,0x00,0x00,0x00,0x80,0x50,0xc8,0x00,0x00,0x00,0x00,0x00,0x00,0x00,0x00,0x00,0x00,0x00,0x01,0x00,0x01,0x02,0x02,0x06,0x03,0x00,0x00,0x00,0x00,0x00,
    0x00,0x00,0x01,0x00,0x20,0x00,0x04,0x00,0x90,0xb8,0x04,0x03,0x00,0x00,0x00,0x00,0x00,0x00,0x00,0x00,0x00,0x00,0x00,0x00,0x00,0x00,0x00,0x00,0x08,0x00,0x00,0x00,
    0x00,0x00,0x00,0x00,0x00,0x00,0x00,0x02,0x80,0x00,0x00,0x00,0x88,0x00,0x20,0x20,0xd8,0x90,0x0a,0xc4,0x82,0x2f,0x01,0x08,0x08,0x01,0x00,0x00,0x00,0x00,0x00,0x00,
    0x00,0x00,0x00,0x00,0x00,0x00,0x00,0x00,0x00,0x1f,0x40,0x00,0x00,0x00,0x00,0x00,0x00,0x00,0x00,0x00,0x00,0x7e,0x80,0x00,0x00,0x00,0x20,0x08,0x02,0x00,0x00,0x00,
    0x04,0x00,0x00,0x00,0x00,0x00,0x01,0x02,0x01,0x02,0x00,0x80,0x00,0x01,0xe0,0x00,0x80,0x81,0x00,0x01,0x00,0x00,0x00,0x00,0x10,0x00,0x08,0x00,0x00,0x20,0x00,0x00,
    0x00,0x00,0x08,0x40,0x00,0x21,0x02,0x00,0xa8,0x20,0x00,0x00,0x00,0x00,0x00,0x00,0x00,0x00,0x00,0x00,0x00,0x00,0x20,0x50,0x20,0x00,0x00,0x00,0x00,0x00,0x00,0x00,
    0x00,0x00,0x00,0x00,0x01,0x00,0x00,0x00,0x08,0x00,0x00,0x00,0x88,0x00,0x02,0x08,0x9b,0x07,0x20,0x51,0xa0,0x40,0x93,0x00,0x80,0x50,0x00,0x00,0x80,0x20,0x00,0x00,
    0x00,0x00,0x00,0x00,0x00,0x00,0x00,0x00,0x00,0x80,0x78,0x07,0x00,0x00,0x00,0x00,0x10,0x00,0x00,0x00,0x00,0x00,0xc0,0x7c,0x00,0x00,0x00,0x00,0x00,0x20,0x00,0x00,
    0x00,0x00,0x00,0x00,0x00,0x00,0x00,0x00,0x00,0x00,0x20,0x04,0x11,0x0d,0x03,0x03,0x84,0x0c,0x00,0x00,0x00,0x00,0x00,0x00,0x00,0x00,0x00,0x00,0x00,0x00,0x00,0x40,
    0x00,0x00,0x00,0x02,0x11,0x00,0x80,0x00,0x24,0x00,0x60,0x8e,0x00,0x00,0x00,0x00,0x00,0x00,0x00,0x00,0x00,0x00,0x00,0x00,0x00,0x01,0x00,0x00,0x00,0x00,0x00,0x00,
    0x00,0x00,0x00,0x00,0x00,0x00,0x00,0x00,0x00,0x00,0x00,0x00,0x88,0x00,0x00,0x00,0x88,0x00,0x62,0xfc,0x00,0x23,0x48,0x01,0x80,0x80,0xa0,0x00,0x80,0x81,0x00,0x00,
    0x00,0x00,0x00,0x00,0x18,0x00,0x00,0x00,0x00,0x0e,0x30,0x40,0x00,0x00,0x00,0x02,0x00,0x00,0x00,0x00,0x00,0x1a,0x61,0x80,0x00,0x00,0x00,0x00,0x00,0x00,0x00,0x00
  },
  { // 88
    0x02,0x00,0x00,0x20,0x00,0x04,0x00,0x00,0x00,0x18,0x24,0x18,0x00,0x00,0x00,0x00,0x00,0x00,0x00,0x00,0x00,0x00,0xc0,0x20,0xa0,0x10,0xe0,0x01,0x00,0x00,0x00,0x00,
    0x20,0x04,0x00,0x00,0x12,0x80,0x00,0x00,0x02,0x00,0xa8,0x88,0x00,0x00,0x00,0x00,0x00,0x00,0x00,0x00,0x00,0x00,0x00,0x00,0x00,0x00,0x00,0x00,0x00,0x00,0x00,0x00,
    0x00,0x00,0x00,0x00,0x00,0x00,0x00,0x00,0x00,0x00,0x00,0x00,0x88,0x00,0x00,0x00,0x88,0x01,0x2a,0x77,0xe0,0x8c,0x09,0x00,0x80,0x90,0x00,0x00,0x00,0x00,0x80,0x00,
    0x00,0x28,0x00,0x00,0x00,0x00,0x00,0x00,0x00,0x80,0x30,0x0f,0x00,0x00,0x00,0x00,0x00,0x00,0x00,0x00,0x00,0x00,0xc1,0x3e,0x00,0x00,0x00,0x00,0x00,0x00,0x00,0x00,
    0x00,0x20,0x00,0x00,0x00,0x00,0x80,0x50,0xc8,0x00,0x00,0x00,0x00,0x00,0x00,0x00,0x00,0x00,0x00,0x00,0x01,0x00,0x01,0x02,0x02,0x06,0x03,0x00,0x00,0x00,0x00,0x00,
    0x00,0x00,0x01,0x00,0x20,0x00,0x04,0x00,0x90,0xb8,0x04,0x03,0x00,0x00,0x00,0x00,0x00,0x00,0x00,0x00,0x00,0x00,0x00,0x00,0x00,0x00,0x00,0x00,0x08,0x00,0x00,0x00,
    0x00,0x00,0x00,0x00,0x00,0x00,0x00,0x02,0x80,0x00,0x00,0x00,0x88,0x00,0x20,0x00,0xa8,0xd0,0x8a,0x4c,0x82,0x8e,0x01,0x08,0x08,0x00,0x00,0x00,0x00,0x00,0x00,0x00,
    0x10,0x00,0x00,0x00,0x00,0x00,0x00,0x00,0x00,0x3f,0x40,0x00,0x00,0x00,0x00,0x00,0x00,0x00,0x00,0x00,0x3c,0x42,0x80,0x00,0x00,0x00,0x28,0x02,0x00,0x00,0x00,0x00,
    0x04,0x00,0x00,0x00,0x00,0x00,0x01,0x02,0x01,0x02,0x00,0x80,0x00,0x01,0xe0,0x00,0x80,0x81,0x00,0x01,0x00,0x00,0x00,0x00,0x10,0x00,0x08,0x00,0x00,0x20,0x00,0x00,
    0x00,0x00,0x08,0x40,0x00,0x21,0x02,0x00,0xa8,0x20,0x00,0x00,0x00,0x00,0x00,0x00,0x00,0x00,0x00,0x00,0x00,0x00,0x20,0x50,0x20,0x00,0x00,0x00,0x00,0x00,0x00,0x00,
    0x00,0x00,0x00,0x00,0x00,0x01,0x00,0x00,0x08,0x00,0x00,0x00,0x88,0x00,0x02,0x00,0x9a,0x07,0x20,0x50,0xe0,0x20,0x12,0x00,0x80,0x50,0x00,0x00,0x80,0x28,0x00,0x00,
    0x00,0x00,0x00,0x00,0x00,0x00,0x00,0x00,0x00,0xf0,0x38,0x07,0x00,0x00,0x00,0x00,0x10,0x00,0x00,0x00,0x00,0x00,0xf9,0x0c,0x00,0x00,0x00,0x00,0x00,0x20,0x00,0x00,
    0x00,0x00,0x00,0x00,0x00,0x00,0x00,0x00,0x00,0x00,0x20,0x04,0x11,0x0d,0x03,0x03,0x84,0x0c,0x00,0x00,0x00,0x00,0x00,0x00,0x00,0x00,0x00,0x00,0x00,0x00,0x00,0x40,
    0x00,0x00,0x00,0x02,0x11,0x00,0x80,0x00,0x24,0x00,0x60,0x8e,0x00,0x00,0x00,0x00,0x00,0x00,0x00,0x00,0x00,0x00,0x00,0x00,0x00,0x01,0x00,0x00,0x00,0x00,0x00,0x00,
    0x00,0x00,0x00,0x00,0x00,0x00,0x00,0x00,0x00,0x00,0x00,0x00,0x88,0x00,0x00,0x00,0x88,0x00,0x22,0xec,0x90,0x2f,0xc8,0x01,0x80,0x00,0xa4,0x00,0x80,0x81,0x00,0x00,
    0x00,0x02,0x00,0x00,0x10,0x00,0x00,0x00,0x00,0x0e,0x30,0xc0,0x00,0x00,0x00,0x02,0x00,0x00,0x00,0x00,0x00,0x3b,0x40,0x80,0x00,0x00,0x00,0x00,0x00,0x00,0x00,0x00
  },
  { // 89
    0x02,0x00,0x00,0x20,0x00,0x04,0x00,0x00,0x00,0x18,0x24,0x18,0x00,0x00,0x00,0x00,0x00,0x00,0x00,0x00,0x00,0x00,0xc0,0x20,0xa0,0x10,0xe0,0x01,0x00,0x00,0x00,0x00,
    0x20,0x04,0x00,0x00,0x12,0x80,0x00,0x00,0x02,0x00,0xa8,0x88,0x00,0x00,0x00,0x00,0x00,0x00,0x00,0x00,0x00,0x00,0x00,0x00,0x00,0x00,0x00,0x00,0x00,0x00,0x00,0x00,
    0x00,0x00,0x00,0x00,0x00,0x00,0x00,0x00,0x00,0x00,0x00,0x00,0x88,0x00,0x00,0x00,0x88,0x01,0x2a,0x17,0xe0,0x8c,0x01,0x00,0x80,0xd0,0x00,0x00,0x00,0x00,0x80,0x00,
    0x00,0x28,0x00,0x00,0x00,0x00,0x00,0x00,0x00,0x80,0x39,0x06,0x00,0x00,0x00,0x00,0x00,0x00,0x00,0x00,0x00,0x00,0xc1,0x3e,0x00,0x00,0x00,0x00,0x00,0x00,0x00,0x00,
    0x00,0x20,0x00,0x00,0x00,0x00,0x80,0x50,0xc8,0x00,0x00,0x00,0x00,0x00,0x00,0x00,0x00,0x00,0x00,0x00,0x01,0x00,0x01,0x02,0x02,0x06,0x03,0x00,0x00,0x00,0x00,0x00,
    0x00,0x00,0x01,0x00,0x20,0x00,0x04,0x00,0x90,0xb8,0x04,0x03,0x00,0x00,0x00,0x00,0x00,0x00,0x00,0x00,0x00,0x00,0x00,0x00,0x00,0x00,0x00,0x00,0x08,0x00,0x00,0x00,
    0x00,0x00,0x00,0x00,0x00,0x00,0x00,0x02,0x00,0x00,0x00,0x00,0x88,0x00,0x20,0x00,0xa8,0x50,0x92,0x4c,0x80,0x9e,0x01,0x08,0x08,0x00,0x04,0x00,0x00,0x00,0x00,0x00,
    0x00,0x00,0x00,0x00,0x00,0x00,0x00,0x00,0x04,0x33,0x40,0x00,0x00,0x00,0x00,0x00,0x00,0x00,0x00,0x00,0x3c,0x42,0x80,0x00,0x00,0x00,0x28,0x02,0x00,0x00,0x00,0x00,
    0x04,0x00,0x00,0x00,0x00,0x00,0x01,0x02,0x01,0x02,0x00,0x80,0x00,0x01,0xe0,0x00,0x80,0x81,0x00,0x01,0x00,0x00,0x00,0x00,0x10,0x00,0x08,0x00,0x00,0x20,0x00,0x00,
    0x00,0x00,0x08,0x40,0x00,0x21,0x02,0x00,0xa8,0x20,0x00,0x00,0x00,0x00,0x00,0x00,0x00,0x00,0x00,0x00,0x00,0x00,0x20,0x50,0x20,0x00,0x00,0x00,0x00,0x00,0x00,0x00,
    0x00,0x00,0x00,0x00,0x00,0x01,0x00,0x00,0x08,0x00,0x00,0x00,0x88,0x00,0x02,0x00,0x9a,0x07,0x28,0x30,0xc0,0x30,0x06,0x00,0x80,0x50,0x00,0x00,0x80,0x28,0x00,0x00,
    0x00,0x00,0x00,0x00,0x00,0x00,0x00,0x00,0x00,0xf0,0x0f,0x00,0x00,0x00,0x00,0x00,0x10,0x00,0x00,0x00,0x00,0x80,0x7d,0x00,0x00,0x00,0x00,0x00,0x20,0x00,0x00,0x00,
    0x00,0x00,0x00,0x00,0x00,0x00,0x00,0x00,0x00,0x00,0x20,0x04,0x11,0x0d,0x03,0x03,0x84,0x0c,0x00,0x00,0x00,0x00,0x00,0x00,0x00,0x00,0x00,0x00,0x00,0x00,0x00,0x40,
    0x00,0x00,0x00,0x02,0x11,0x00,0x80,0x00,0x24,0x00,0x60,0x8e,0x00,0x00,0x00,0x00,0x00,0x00,0x00,0x00,0x00,0x00,0x00,0x00,0x00,0x01,0x00,0x00,0x00,0x00,0x00,0x00,
    0x00,0x00,0x00,0x00,0x00,0x00,0x00,0x00,0x00,0x00,0x00,0x00,0x88,0x00,0x00,0x00,0x88,0x00,0x22,0x0c,0xf8,0x07,0xc8,0x01,0x80,0x00,0x85,0x08,0x80,0x81,0x00,0x00,
    0x00,0x02,0x00,0x08,0x10,0x00,0x00,0x00,0x04,0x0a,0x60,0x80,0x00,0x00,0x02,0x00,0x00,0x00,0x00,0x00,0x08,0x33,0xc0,0x00,0x00,0x00,0x00,0x00,0x00,0x00,0x00,0x00
  }
};
